250, 48384, 1, 0, 0
350, 49280, 1, 0, 0
450, 49920, 1, 0, 0
550, 51840, 1, 0, 0
650, 49920, 1, 0, 0
749, 49131, 1, 0, 0
849, 49920, 1, 0, 0
949, 49920, 1, 0, 0
1049, 49280, 1, 0, 0
1149, 47360, 1, 0, 0
1249, 48000, 1, 0, 0
1349, 51200, 1, 0, 0
1449, 50560, 1, 0, 0
1550, 51200, 1, 0, 0
1650, 51200, 1, 0, 0
1749, 49131, 1, 0, 0
1849, 51200, 1, 0, 0
1949, 50560, 1, 0, 0
2049, 53760, 1, 0, 0
2149, 49280, 1, 0, 0
2249, 50560, 1, 0, 0
2349, 53120, 1, 0, 0
2449, 53120, 1, 0, 0
2549, 52480, 1, 0, 0
2649, 53760, 1, 0, 0
2750, 51840, 1, 0, 0
2850, 48000, 1, 0, 0
2950, 50560, 1, 0, 0
3050, 51840, 1, 0, 0
3150, 50560, 1, 0, 0
3249, 47838, 1, 0, 0
3349, 51200, 1, 0, 0
3449, 51840, 1, 0, 0
3549, 51200, 1, 0, 0
3649, 52480, 1, 0, 0
3749, 49920, 1, 0, 0
3849, 49280, 1, 0, 0
3949, 49280, 1, 0, 0
4049, 49920, 1, 0, 0
4149, 50560, 1, 0, 0
4250, 49280, 1, 0, 0
4350, 50560, 1, 0, 0
4450, 50560, 1, 0, 0
4550, 50560, 1, 0, 0
4650, 55680, 1, 0, 0
4749, 50424, 1, 0, 0
4849, 54400, 1, 0, 0
4949, 51840, 1, 0, 0
5049, 53120, 1, 0, 0
5149, 51840, 1, 0, 0
5249, 50560, 1, 0, 0
5349, 49920, 1, 0, 0
5449, 51200, 1, 0, 0
5550, 51200, 1, 0, 0
5650, 51200, 1, 0, 0
5749, 53010, 1, 0, 0
5849, 50560, 1, 0, 0
5949, 49920, 1, 0, 0
6049, 50560, 1, 0, 0
6149, 55040, 1, 0, 0
6249, 48640, 1, 0, 0
6349, 53760, 1, 0, 0
6449, 51840, 1, 0, 0
6549, 53120, 1, 0, 0
6649, 51200, 1, 0, 0
6749, 52480, 1, 0, 0
6849, 51200, 1, 0, 0
6950, 48640, 1, 0, 0
7050, 51840, 1, 0, 0
7150, 49920, 1, 0, 0
7249, 52363, 1, 0, 0
7349, 53120, 1, 0, 0
7449, 51200, 1, 0, 0
7549, 51840, 1, 0, 0
7649, 52480, 1, 0, 0
7749, 53760, 1, 0, 0
7849, 49280, 1, 0, 0
7949, 55040, 1, 0, 0
8049, 53760, 1, 0, 0
8149, 49280, 1, 0, 0
8250, 48000, 1, 0, 0
8350, 51840, 1, 0, 0
8450, 49920, 1, 0, 0
8550, 50560, 1, 0, 0
8650, 51200, 1, 0, 0
8749, 51717, 1, 0, 0
8849, 51840, 1, 0, 0
8949, 49920, 1, 0, 0
9049, 51200, 1, 0, 0
9149, 53760, 1, 0, 0
9249, 51200, 1, 0, 0
9349, 51840, 1, 0, 0
9449, 51200, 1, 0, 0
9550, 54400, 1, 0, 0
9650, 50560, 1, 0, 0
9749, 54949, 1, 0, 0
9849, 51840, 1, 0, 0
9949, 52480, 1, 0, 0
10049, 54400, 1, 0, 0
10149, 49920, 1, 0, 0
10249, 51200, 1, 0, 0
10349, 54400, 1, 0, 0
10449, 51200, 1, 0, 0
10549, 51200, 1, 0, 0
10649, 53120, 1, 0, 0
10749, 53760, 1, 0, 0
10849, 56960, 1, 0, 0
10949, 51200, 1, 0, 0
11050, 50560, 1, 0, 0
11150, 52480, 1, 0, 0
11249, 49777, 1, 0, 0
11349, 53120, 1, 0, 0
11449, 52480, 1, 0, 0
11549, 52480, 1, 0, 0
11649, 52480, 1, 0, 0
11749, 51200, 1, 0, 0
11849, 51840, 1, 0, 0
11949, 53120, 1, 0, 0
12049, 54400, 1, 0, 0
12149, 51840, 1, 0, 0
12250, 55040, 1, 0, 0
12350, 55040, 1, 0, 0
12450, 53760, 1, 0, 0
12550, 51840, 1, 0, 0
12650, 54400, 1, 0, 0
12749, 53010, 1, 0, 0
12849, 51840, 1, 0, 0
12949, 51200, 1, 0, 0
13049, 55680, 1, 0, 0
13149, 52480, 1, 0, 0
13249, 53760, 1, 0, 0
13349, 53760, 1, 0, 0
13449, 54400, 1, 0, 0
13549, 55680, 1, 0, 0
13649, 55040, 1, 0, 0
13750, 50560, 1, 0, 0
13850, 53120, 1, 0, 0
13950, 54400, 1, 0, 0
14050, 52480, 1, 0, 0
14150, 54400, 1, 0, 0
14249, 53010, 1, 0, 0
14349, 54400, 1, 0, 0
14449, 55680, 1, 0, 0
14549, 53120, 1, 0, 0
14649, 54400, 1, 0, 0
14749, 51200, 1, 0, 0
14849, 55680, 1, 0, 0
14949, 55040, 1, 0, 0
15050, 54400, 1, 0, 0
15150, 55040, 1, 0, 0
15249, 55595, 1, 0, 0
15349, 53120, 1, 0, 0
15449, 53760, 1, 0, 0
15549, 56320, 1, 0, 0
15649, 55680, 1, 0, 0
15749, 56960, 1, 0, 0
15849, 55040, 1, 0, 0
15949, 54400, 1, 0, 0
16049, 53120, 1, 0, 0
16149, 54400, 1, 0, 0
16249, 55680, 1, 0, 0
16349, 55040, 1, 0, 0
16449, 52480, 1, 0, 0
16550, 57600, 1, 0, 0
16650, 53760, 1, 0, 0
16749, 54303, 1, 0, 0
16849, 53760, 1, 0, 0
16949, 50560, 1, 0, 0
17049, 51840, 1, 0, 0
17149, 53120, 1, 0, 0
17249, 53760, 1, 0, 0
17349, 53120, 1, 0, 0
17449, 55040, 1, 0, 0
17549, 53760, 1, 0, 0
17649, 54400, 1, 0, 0
17749, 54400, 1, 0, 0
17850, 54400, 1, 0, 0
17950, 56960, 1, 0, 0
18050, 56320, 1, 0, 0
18150, 55040, 1, 0, 0
18249, 54303, 1, 0, 0
18349, 55680, 1, 0, 0
18449, 56320, 1, 0, 0
18549, 57600, 1, 0, 0
18649, 56960, 1, 0, 0
18749, 55040, 1, 0, 0
18849, 55680, 1, 0, 0
18949, 55680, 1, 0, 0
19049, 56320, 1, 0, 0
19149, 55680, 1, 0, 0
19250, 56320, 1, 0, 0
19350, 55680, 1, 0, 0
19450, 53760, 1, 0, 0
19550, 51840, 1, 0, 0
19650, 52480, 1, 0, 0
19749, 51070, 1, 0, 0
19849, 54400, 1, 0, 0
19949, 55680, 1, 0, 0
20049, 51200, 1, 0, 0
20149, 53120, 1, 0, 0
20249, 53760, 1, 0, 0
20349, 55680, 1, 0, 0
20449, 57600, 1, 0, 0
20549, 51840, 1, 0, 0
20650, 52480, 1, 0, 0
20749, 56242, 1, 0, 0
20849, 54400, 1, 0, 0
20949, 55680, 1, 0, 0
21049, 53760, 1, 0, 0
21149, 55680, 1, 0, 0
21249, 55680, 1, 0, 0
21349, 57600, 1, 0, 0
21449, 58240, 1, 0, 0
21549, 56960, 1, 0, 0
21649, 57600, 1, 0, 0
21749, 55040, 1, 0, 0
21849, 57600, 1, 0, 0
21949, 55040, 1, 0, 0
22050, 54400, 1, 0, 0
22150, 55040, 1, 0, 0
22249, 54949, 1, 0, 0
22349, 56960, 1, 0, 0
22449, 53760, 1, 0, 0
22549, 55040, 1, 0, 0
22649, 56320, 1, 0, 0
22749, 52480, 1, 0, 0
22849, 54400, 1, 0, 0
22949, 56960, 1, 0, 0
23049, 52480, 1, 0, 0
23149, 55040, 1, 0, 0
23249, 57600, 1, 0, 0
23349, 51200, 1, 0, 0
23449, 53120, 1, 0, 0
23550, 53760, 1, 0, 0
23650, 55680, 1, 0, 0
23749, 53010, 1, 0, 0
23849, 59520, 1, 0, 0
23949, 53760, 1, 0, 0
24049, 56960, 1, 0, 0
24149, 57600, 1, 0, 0
24249, 55680, 1, 0, 0
24349, 55680, 1, 0, 0
24449, 55680, 1, 0, 0
24549, 55040, 1, 0, 0
24649, 53120, 1, 0, 0
24750, 53760, 1, 0, 0
24850, 53760, 1, 0, 0
24950, 53760, 1, 0, 0
25050, 54400, 1, 0, 0
25150, 56320, 1, 0, 0
25249, 54949, 1, 0, 0
25349, 55680, 1, 0, 0
25449, 53120, 1, 0, 0
25549, 53760, 1, 0, 0
25649, 54400, 1, 0, 0
25749, 55040, 1, 0, 0
25849, 55040, 1, 0, 0
25949, 53120, 1, 0, 0
26049, 55680, 1, 0, 0
26150, 55040, 1, 0, 0
26249, 54303, 1, 0, 0
26349, 53760, 1, 0, 0
26449, 53760, 1, 0, 0
26549, 55040, 1, 0, 0
26649, 55680, 1, 0, 0
26749, 55680, 1, 0, 0
26849, 50560, 1, 0, 0
26949, 55680, 1, 0, 0
27049, 55040, 1, 0, 0
27149, 51200, 1, 0, 0
27249, 55680, 1, 0, 0
27349, 55680, 1, 0, 0
27449, 58880, 1, 0, 0
27550, 56960, 1, 0, 0
27650, 54400, 1, 0, 0
27749, 56888, 1, 0, 0
27849, 58880, 1, 0, 0
27949, 55040, 1, 0, 0
28049, 54400, 1, 0, 0
28149, 55680, 1, 0, 0
28249, 54400, 1, 0, 0
28349, 50560, 1, 0, 0
28449, 55680, 1, 0, 0
28549, 56320, 1, 0, 0
28649, 55040, 1, 0, 0
28749, 56320, 1, 0, 0
28849, 58240, 1, 0, 0
28950, 55680, 1, 0, 0
29050, 54400, 1, 0, 0
29150, 58880, 1, 0, 0
29249, 57535, 1, 0, 0
29349, 57600, 1, 0, 0
29449, 56320, 1, 0, 0
29549, 56320, 1, 0, 0
29649, 56960, 1, 0, 0
29749, 55680, 1, 0, 0
29849, 57600, 1, 0, 0
29949, 58880, 1, 0, 0
30049, 55680, 1, 0, 0
30149, 55040, 1, 0, 0
30250, 55680, 1, 0, 0
30350, 58240, 1, 0, 0
30450, 58240, 1, 0, 0
30550, 59520, 1, 0, 0
30650, 58880, 1, 0, 0
30749, 55595, 1, 0, 0
30849, 57600, 1, 0, 0
30949, 55040, 1, 0, 0
31049, 56320, 1, 0, 0
31149, 58240, 1, 0, 0
31249, 55680, 1, 0, 0
31349, 56320, 1, 0, 0
31449, 56960, 1, 0, 0
31549, 55680, 1, 0, 0
31650, 54400, 1, 0, 0
31750, 55680, 1, 0, 0
31850, 56320, 1, 0, 0
31950, 56320, 1, 0, 0
32050, 58880, 1, 0, 0
32150, 55680, 1, 0, 0
32249, 58181, 1, 0, 0
32349, 58240, 1, 0, 0
32449, 56960, 1, 0, 0
32549, 56960, 1, 0, 0
32649, 57600, 1, 0, 0
32749, 58880, 1, 0, 0
32849, 54400, 1, 0, 0
32949, 57600, 1, 0, 0
33050, 56960, 1, 0, 0
33150, 59520, 1, 0, 0
33249, 58828, 1, 0, 0
33349, 59520, 1, 0, 0
33449, 56320, 1, 0, 0
33549, 60160, 1, 0, 0
33649, 57600, 1, 0, 0
33749, 56960, 1, 0, 0
33849, 60160, 1, 0, 0
33949, 57600, 1, 0, 0
34049, 55680, 1, 0, 0
34149, 56320, 1, 0, 0
34249, 55680, 1, 0, 0
34349, 53760, 1, 0, 0
34450, 57600, 1, 0, 0
34550, 55040, 1, 0, 0
34650, 55040, 1, 0, 0
34749, 59474, 1, 0, 0
34849, 58240, 1, 0, 0
34949, 58240, 1, 0, 0
35049, 56320, 1, 0, 0
35149, 57600, 1, 0, 0
35249, 56320, 1, 0, 0
35349, 55680, 1, 0, 0
35449, 53760, 1, 0, 0
35549, 56320, 1, 0, 0
35649, 55680, 1, 0, 0
35750, 56960, 1, 0, 0
35850, 59520, 1, 0, 0
35950, 58880, 1, 0, 0
36050, 53760, 1, 0, 0
36150, 58880, 1, 0, 0
36249, 58181, 1, 0, 0
36349, 58240, 1, 0, 0
36449, 56960, 1, 0, 0
36549, 60160, 1, 0, 0
36649, 57600, 1, 0, 0
36749, 58880, 1, 0, 0
36849, 58240, 1, 0, 0
36949, 55680, 1, 0, 0
37049, 56320, 1, 0, 0
37150, 56960, 1, 0, 0
37249, 60121, 1, 0, 0
37349, 56320, 1, 0, 0
37449, 56320, 1, 0, 0
37549, 58880, 1, 0, 0
37649, 55040, 1, 0, 0
37749, 55680, 1, 0, 0
37849, 60160, 1, 0, 0
37949, 56320, 1, 0, 0
38049, 54400, 1, 0, 0
38149, 56960, 1, 0, 0
38249, 57600, 1, 0, 0
38349, 55040, 1, 0, 0
38449, 58240, 1, 0, 0
38550, 56960, 1, 0, 0
38650, 56320, 1, 0, 0
38749, 57535, 1, 0, 0
38849, 60160, 1, 0, 0
38949, 56320, 1, 0, 0
39049, 55680, 1, 0, 0
39149, 55680, 1, 0, 0
39249, 55680, 1, 0, 0
39349, 55040, 1, 0, 0
39449, 55680, 1, 0, 0
39549, 57600, 1, 0, 0
39649, 55040, 1, 0, 0
39749, 52480, 1, 0, 0
39849, 53120, 1, 0, 0
39949, 58240, 1, 0, 0
40050, 56960, 1, 0, 0
40150, 55040, 1, 0, 0
40249, 56888, 1, 0, 0
40349, 55680, 1, 0, 0
40449, 55680, 1, 0, 0
40549, 57600, 1, 0, 0
40649, 57600, 1, 0, 0
40749, 56320, 1, 0, 0
40849, 56320, 1, 0, 0
40949, 56960, 1, 0, 0
41049, 58880, 1, 0, 0
41149, 55680, 1, 0, 0
41249, 58880, 1, 0, 0
41349, 56320, 1, 0, 0
41450, 57600, 1, 0, 0
41550, 55680, 1, 0, 0
41650, 58240, 1, 0, 0
41749, 56888, 1, 0, 0
41849, 58240, 1, 0, 0
41949, 57600, 1, 0, 0
42049, 59520, 1, 0, 0
42149, 54400, 1, 0, 0
42249, 56320, 1, 0, 0
42349, 58880, 1, 0, 0
42449, 55680, 1, 0, 0
42549, 59520, 1, 0, 0
42649, 55680, 1, 0, 0
42750, 58240, 1, 0, 0
42850, 53120, 1, 0, 0
42950, 56960, 1, 0, 0
43050, 58880, 1, 0, 0
43150, 55680, 1, 0, 0
43249, 57535, 1, 0, 0
43349, 56960, 1, 0, 0
43449, 56960, 1, 0, 0
43549, 58880, 1, 0, 0
43649, 60160, 1, 0, 0
43749, 56320, 1, 0, 0
43849, 58240, 1, 0, 0
43949, 57600, 1, 0, 0
44049, 58240, 1, 0, 0
44150, 60160, 1, 0, 0
44249, 54949, 1, 0, 0
44349, 58240, 1, 0, 0
44449, 57600, 1, 0, 0
44549, 58880, 1, 0, 0
44649, 55040, 1, 0, 0
44749, 58240, 1, 0, 0
44849, 56960, 1, 0, 0
44949, 61440, 1, 0, 0
45049, 55040, 1, 0, 0
45149, 57600, 1, 0, 0
45249, 57600, 1, 0, 0
45349, 57600, 1, 0, 0
45449, 57600, 1, 0, 0
45550, 56320, 1, 0, 0
45650, 58240, 1, 0, 0
45749, 56242, 1, 0, 0
45849, 56320, 1, 0, 0
45949, 60160, 1, 0, 0
46049, 57600, 1, 0, 0
46149, 57600, 1, 0, 0
46249, 58880, 1, 0, 0
46349, 53760, 1, 0, 0
46449, 56960, 1, 0, 0
46549, 60160, 1, 0, 0
46649, 53760, 1, 0, 0
46749, 56320, 1, 0, 0
46850, 54400, 1, 0, 0
46950, 56320, 1, 0, 0
47050, 53120, 1, 0, 0
47150, 56960, 1, 0, 0
47249, 56888, 1, 0, 0
47349, 58880, 1, 0, 0
47449, 55040, 1, 0, 0
47549, 55680, 1, 0, 0
47649, 53120, 1, 0, 0
47749, 57600, 1, 0, 0
47849, 57600, 1, 0, 0
47949, 56960, 1, 0, 0
48049, 58880, 1, 0, 0
48149, 55040, 1, 0, 0
48250, 56960, 1, 0, 0
48350, 53760, 1, 0, 0
48450, 58240, 1, 0, 0
48550, 56960, 1, 0, 0
48650, 57600, 1, 0, 0
48749, 54303, 1, 0, 0
48849, 55040, 1, 0, 0
48949, 55040, 1, 0, 0
49049, 58880, 1, 0, 0
49149, 56320, 1, 0, 0
49249, 58240, 1, 0, 0
49349, 62080, 1, 0, 0
49449, 58240, 1, 0, 0
49549, 56960, 1, 0, 0
49649, 56960, 1, 0, 0
49750, 56960, 1, 0, 0
49850, 58880, 1, 0, 0
49950, 55040, 1, 0, 0
50050, 59520, 1, 0, 0
50150, 60160, 1, 0, 0
50249, 57535, 1, 0, 0
50349, 56960, 1, 0, 0
50449, 58240, 1, 0, 0
50549, 58240, 1, 0, 0
50649, 57600, 1, 0, 0
50749, 58240, 1, 0, 0
50849, 58880, 1, 0, 0
50949, 58240, 1, 0, 0
51050, 57600, 1, 0, 0
51150, 55680, 1, 0, 0
51249, 61414, 1, 0, 0
51349, 61440, 1, 0, 0
51449, 58880, 1, 0, 0
51549, 58880, 1, 0, 0
51649, 57600, 1, 0, 0
51749, 58240, 1, 0, 0
51849, 58880, 1, 0, 0
51949, 58240, 1, 0, 0
52049, 58880, 1, 0, 0
52149, 57600, 1, 0, 0
52249, 61440, 1, 0, 0
52349, 58240, 1, 0, 0
52449, 58880, 1, 0, 0
52550, 58880, 1, 0, 0
52650, 58880, 1, 0, 0
52749, 59474, 1, 0, 0
52849, 58880, 1, 0, 0
52949, 56960, 1, 0, 0
53049, 53760, 1, 0, 0
53149, 55040, 1, 0, 0
53249, 59520, 1, 0, 0
53349, 58880, 1, 0, 0
53449, 60160, 1, 0, 0
53549, 58240, 1, 0, 0
53649, 55680, 1, 0, 0
53749, 58880, 1, 0, 0
53850, 56960, 1, 0, 0
53950, 56320, 1, 0, 0
54050, 60800, 1, 0, 0
54150, 59520, 1, 0, 0
54249, 56888, 1, 0, 0
54349, 56960, 1, 0, 0
54449, 58880, 1, 0, 0
54549, 59520, 1, 0, 0
54649, 58240, 1, 0, 0
54749, 56960, 1, 0, 0
54849, 59520, 1, 0, 0
54949, 61440, 1, 0, 0
55049, 55040, 1, 0, 0
55149, 60160, 1, 0, 0
55250, 59520, 1, 0, 0
55350, 56320, 1, 0, 0
55450, 60160, 1, 0, 0
55550, 56960, 1, 0, 0
55650, 56960, 1, 0, 0
55749, 58828, 1, 0, 0
55849, 56960, 1, 0, 0
55949, 57600, 1, 0, 0
56049, 53120, 1, 0, 0
56149, 56320, 1, 0, 0
56249, 60800, 1, 0, 0
56349, 62080, 1, 0, 0
56449, 56960, 1, 0, 0
56549, 59520, 1, 0, 0
56649, 60800, 1, 0, 0
56750, 58880, 1, 0, 0
56850, 60160, 1, 0, 0
56950, 57600, 1, 0, 0
57050, 59520, 1, 0, 0
57150, 58880, 1, 0, 0
57249, 58181, 1, 0, 0
57349, 59520, 1, 0, 0
57449, 59520, 1, 0, 0
57549, 58880, 1, 0, 0
57649, 58240, 1, 0, 0
57749, 55040, 1, 0, 0
57849, 58240, 1, 0, 0
57949, 58880, 1, 0, 0
58050, 59520, 1, 0, 0
58150, 58880, 1, 0, 0
58249, 58828, 1, 0, 0
58349, 55680, 1, 0, 0
58449, 55040, 1, 0, 0
58549, 55680, 1, 0, 0
58649, 57600, 1, 0, 0
58749, 57600, 1, 0, 0
58849, 57600, 1, 0, 0
58949, 56960, 1, 0, 0
59049, 55680, 1, 0, 0
59149, 58880, 1, 0, 0
59249, 55040, 1, 0, 0
59350, 55680, 1, 0, 0
59450, 56320, 1, 0, 0
59550, 58240, 1, 0, 0
59650, 59520, 1, 0, 0
59749, 55595, 1, 0, 0
59849, 53760, 1, 0, 0
59949, 60160, 1, 0, 0
60049, 58240, 1, 0, 0
60149, 60800, 1, 0, 0
60249, 58240, 1, 0, 0
60349, 58240, 1, 0, 0
60449, 55040, 1, 0, 0
60549, 55680, 1, 0, 0
60649, 55040, 1, 0, 0
60750, 57600, 1, 0, 0
60850, 56960, 1, 0, 0
60950, 58240, 1, 0, 0
61050, 57600, 1, 0, 0
61150, 57600, 1, 0, 0
61249, 58181, 1, 0, 0
61349, 56320, 1, 0, 0
61449, 57600, 1, 0, 0
61549, 59520, 1, 0, 0
61649, 58240, 1, 0, 0
61749, 58880, 1, 0, 0
61849, 58880, 1, 0, 0
61949, 57600, 1, 0, 0
62049, 58240, 1, 0, 0
62149, 58880, 1, 0, 0
62250, 60800, 1, 0, 0
62350, 57600, 1, 0, 0
62450, 60160, 1, 0, 0
62550, 60800, 1, 0, 0
62650, 55040, 1, 0, 0
62749, 60121, 1, 0, 0
62849, 57600, 1, 0, 0
62949, 59520, 1, 0, 0
63049, 59520, 1, 0, 0
63149, 55680, 1, 0, 0
63249, 56960, 1, 0, 0
63349, 58240, 1, 0, 0
63449, 55680, 1, 0, 0
63550, 58880, 1, 0, 0
63650, 58240, 1, 0, 0
63749, 58828, 1, 0, 0
63849, 58880, 1, 0, 0
63949, 59520, 1, 0, 0
64049, 59520, 1, 0, 0
64149, 59520, 1, 0, 0
64249, 55680, 1, 0, 0
64349, 58240, 1, 0, 0
64449, 59520, 1, 0, 0
64549, 57600, 1, 0, 0
64649, 56960, 1, 0, 0
64749, 57600, 1, 0, 0
64849, 51840, 1, 0, 0
64950, 56960, 1, 0, 0
65050, 53760, 1, 0, 0
65150, 59520, 1, 0, 0
65249, 56242, 1, 0, 0
65349, 56320, 1, 0, 0
65449, 56960, 1, 0, 0
65549, 57600, 1, 0, 0
65649, 58880, 1, 0, 0
65749, 55040, 1, 0, 0
65849, 55680, 1, 0, 0
65949, 55680, 1, 0, 0
66049, 58240, 1, 0, 0
66149, 57600, 1, 0, 0
66250, 56960, 1, 0, 0
66350, 56320, 1, 0, 0
66450, 57600, 1, 0, 0
66550, 60160, 1, 0, 0
66650, 61440, 1, 0, 0
66749, 63353, 1, 0, 0
66849, 58880, 1, 0, 0
66949, 56320, 1, 0, 0
67049, 58240, 1, 0, 0
67149, 58240, 1, 0, 0
67249, 58880, 1, 0, 0
67349, 58240, 1, 0, 0
67449, 56320, 1, 0, 0
67550, 58880, 1, 0, 0
67650, 58880, 1, 0, 0
67749, 57535, 1, 0, 0
67849, 56960, 1, 0, 0
67949, 60800, 1, 0, 0
68049, 60160, 1, 0, 0
68149, 58240, 1, 0, 0
68249, 56960, 1, 0, 0
68349, 58880, 1, 0, 0
68449, 59520, 1, 0, 0
68549, 62080, 1, 0, 0
68649, 61440, 1, 0, 0
68749, 58880, 1, 0, 0
68849, 58880, 1, 0, 0
68949, 56960, 1, 0, 0
69050, 60800, 1, 0, 0
69150, 58880, 1, 0, 0
69249, 62060, 1, 0, 0
69349, 58880, 1, 0, 0
69449, 58880, 1, 0, 0
69549, 60800, 1, 0, 0
69649, 60800, 1, 0, 0
69749, 62720, 1, 0, 0
69849, 60800, 1, 0, 0
69949, 58880, 1, 0, 0
70049, 60160, 1, 0, 0
70149, 58240, 1, 0, 0
70250, 59520, 1, 0, 0
70350, 63360, 1, 0, 0
70450, 57600, 1, 0, 0
70550, 57600, 1, 0, 0
70650, 62720, 1, 0, 0
70749, 58828, 1, 0, 0
70849, 58880, 1, 0, 0
70949, 60800, 1, 0, 0
71049, 61440, 1, 0, 0
71149, 59520, 1, 0, 0
71249, 60160, 1, 0, 0
71349, 62720, 1, 0, 0
71449, 57600, 1, 0, 0
71549, 58240, 1, 0, 0
71649, 59520, 1, 0, 0
71750, 59520, 1, 0, 0
71850, 60160, 1, 0, 0
71950, 57600, 1, 0, 0
72050, 58240, 1, 0, 0
72150, 60800, 1, 0, 0
72249, 63353, 1, 0, 0
72349, 59520, 1, 0, 0
72449, 57600, 1, 0, 0
72549, 60800, 1, 0, 0
72649, 55040, 1, 0, 0
72749, 55040, 1, 0, 0
72849, 57600, 1, 0, 0
72949, 61440, 1, 0, 0
73049, 60800, 1, 0, 0
73150, 56960, 1, 0, 0
73249, 61414, 1, 0, 0
73349, 60800, 1, 0, 0
73449, 58880, 1, 0, 0
73549, 62080, 1, 0, 0
73649, 60800, 1, 0, 0
73749, 61440, 1, 0, 0
73849, 59520, 1, 0, 0
73949, 58880, 1, 0, 0
74049, 58240, 1, 0, 0
74149, 59520, 1, 0, 0
74249, 59520, 1, 0, 0
74349, 58240, 1, 0, 0
74449, 60800, 1, 0, 0
74550, 64000, 1, 0, 0
74650, 62720, 1, 0, 0
74749, 60121, 1, 0, 0
74849, 64000, 1, 0, 0
74949, 61440, 1, 0, 0
75049, 60160, 1, 0, 0
75149, 61440, 1, 0, 0
75249, 62720, 1, 0, 0
75349, 62080, 1, 0, 0
75449, 62720, 1, 0, 0
75549, 60800, 1, 0, 0
75649, 60800, 1, 0, 0
75749, 62080, 1, 0, 0
75850, 61440, 1, 0, 0
75950, 60800, 1, 0, 0
76050, 58240, 1, 0, 0
76150, 61440, 1, 0, 0
76249, 61414, 1, 0, 0
76349, 63360, 1, 0, 0
76449, 60800, 1, 0, 0
76549, 58880, 1, 0, 0
76649, 58240, 1, 0, 0
76749, 62080, 1, 0, 0
76849, 62080, 1, 0, 0
76949, 60800, 1, 0, 0
77049, 60800, 1, 0, 0
77149, 62720, 1, 0, 0
77250, 59520, 1, 0, 0
77350, 60160, 1, 0, 0
77450, 62080, 1, 0, 0
77550, 60160, 1, 0, 0
77650, 63360, 1, 0, 0
77749, 63353, 1, 0, 0
77849, 60800, 1, 0, 0
77949, 60160, 1, 0, 0
78049, 60160, 1, 0, 0
78149, 59520, 1, 0, 0
78249, 59520, 1, 0, 0
78349, 56960, 1, 0, 0
78449, 60160, 1, 0, 0
78549, 59520, 1, 0, 0
78649, 59520, 1, 0, 0
78750, 57600, 1, 0, 0
78850, 60160, 1, 0, 0
78950, 60160, 1, 0, 0
79050, 56320, 1, 0, 0
79150, 58880, 1, 0, 0
79249, 61414, 1, 0, 0
79349, 62720, 1, 0, 0
79449, 60800, 1, 0, 0
79549, 58240, 1, 0, 0
79649, 60800, 1, 0, 0
79749, 60800, 1, 0, 0
79849, 62080, 1, 0, 0
79949, 61440, 1, 0, 0
80050, 58880, 1, 0, 0
80150, 62720, 1, 0, 0
80249, 59474, 1, 0, 0
80349, 60160, 1, 0, 0
80449, 61440, 1, 0, 0
80549, 60160, 1, 0, 0
80649, 57600, 1, 0, 0
80749, 60800, 1, 0, 0
80849, 60160, 1, 0, 0
80949, 55680, 1, 0, 0
81049, 56320, 1, 0, 0
81149, 60160, 1, 0, 0
81249, 60160, 1, 0, 0
81349, 59520, 1, 0, 0
81450, 56960, 1, 0, 0
81550, 57600, 1, 0, 0
81650, 58240, 1, 0, 0
81749, 58828, 1, 0, 0
81849, 60160, 1, 0, 0
81949, 59520, 1, 0, 0
82049, 59520, 1, 0, 0
82149, 58240, 1, 0, 0
82249, 59520, 1, 0, 0
82349, 60800, 1, 0, 0
82449, 56960, 1, 0, 0
82549, 60800, 1, 0, 0
82649, 56960, 1, 0, 0
82750, 57600, 1, 0, 0
82850, 59520, 1, 0, 0
82950, 58880, 1, 0, 0
83050, 58240, 1, 0, 0
83150, 59520, 1, 0, 0
83249, 55595, 1, 0, 0
83349, 59520, 1, 0, 0
83449, 55040, 1, 0, 0
83549, 57600, 1, 0, 0
83649, 57600, 1, 0, 0
83749, 60800, 1, 0, 0
83849, 60800, 1, 0, 0
83949, 58880, 1, 0, 0
84050, 56960, 1, 0, 0
84150, 56960, 1, 0, 0
84249, 60767, 1, 0, 0
84349, 56960, 1, 0, 0
84449, 59520, 1, 0, 0
84549, 60800, 1, 0, 0
84649, 57600, 1, 0, 0
84749, 59520, 1, 0, 0
84849, 59520, 1, 0, 0
84949, 57600, 1, 0, 0
85049, 58240, 1, 0, 0
85149, 61440, 1, 0, 0
85249, 59520, 1, 0, 0
85349, 60160, 1, 0, 0
85450, 60160, 1, 0, 0
85550, 60160, 1, 0, 0
85650, 58880, 1, 0, 0
85749, 61414, 1, 0, 0
85849, 56320, 1, 0, 0
85949, 57600, 1, 0, 0
86049, 58240, 1, 0, 0
86149, 58880, 1, 0, 0
86249, 60800, 1, 0, 0
86349, 59520, 1, 0, 0
86449, 60160, 1, 0, 0
86549, 58880, 1, 0, 0
86649, 59520, 1, 0, 0
86750, 60800, 1, 0, 0
86850, 56320, 1, 0, 0
86950, 56320, 1, 0, 0
87050, 58880, 1, 0, 0
87150, 58880, 1, 0, 0
87249, 59474, 1, 0, 0
87349, 58240, 1, 0, 0
87449, 57600, 1, 0, 0
87549, 56320, 1, 0, 0
87649, 58240, 1, 0, 0
87749, 58240, 1, 0, 0
87849, 55040, 1, 0, 0
87949, 56960, 1, 0, 0
88049, 58880, 1, 0, 0
88149, 58880, 1, 0, 0
88250, 59520, 1, 0, 0
88350, 57600, 1, 0, 0
88450, 58240, 1, 0, 0
88550, 58880, 1, 0, 0
88650, 57600, 1, 0, 0
88749, 55595, 1, 0, 0
88849, 56960, 1, 0, 0
88949, 57600, 1, 0, 0
89049, 58240, 1, 0, 0
89149, 59520, 1, 0, 0
89249, 56960, 1, 0, 0
89349, 57600, 1, 0, 0
89449, 59520, 1, 0, 0
89550, 60800, 1, 0, 0
89650, 62080, 1, 0, 0
89749, 58828, 1, 0, 0
89849, 60160, 1, 0, 0
89949, 58240, 1, 0, 0
90049, 60160, 1, 0, 0
90149, 61440, 1, 0, 0
90249, 59520, 1, 0, 0
90349, 56960, 1, 0, 0
90449, 57600, 1, 0, 0
90549, 58880, 1, 0, 0
90649, 60160, 1, 0, 0
90749, 59520, 1, 0, 0
90849, 58240, 1, 0, 0
90950, 62080, 1, 0, 0
91050, 58240, 1, 0, 0
91150, 60160, 1, 0, 0
91249, 58181, 1, 0, 0
91349, 56960, 1, 0, 0
91449, 58240, 1, 0, 0
91549, 60160, 1, 0, 0
91649, 57600, 1, 0, 0
91749, 60160, 1, 0, 0
91849, 60160, 1, 0, 0
91949, 60160, 1, 0, 0
92049, 56960, 1, 0, 0
92149, 60800, 1, 0, 0
92250, 58240, 1, 0, 0
92350, 58880, 1, 0, 0
92450, 62720, 1, 0, 0
92550, 62720, 1, 0, 0
92650, 61440, 1, 0, 0
92749, 61414, 1, 0, 0
92849, 57600, 1, 0, 0
92949, 56960, 1, 0, 0
93049, 55680, 1, 0, 0
93149, 56960, 1, 0, 0
93249, 56960, 1, 0, 0
93349, 58880, 1, 0, 0
93449, 56960, 1, 0, 0
93550, 60800, 1, 0, 0
93650, 62080, 1, 0, 0
93749, 62060, 1, 0, 0
93849, 59520, 1, 0, 0
93949, 60800, 1, 0, 0
94049, 60160, 1, 0, 0
94149, 60800, 1, 0, 0
94249, 60800, 1, 0, 0
94349, 58880, 1, 0, 0
94449, 57600, 1, 0, 0
94549, 62080, 1, 0, 0
94649, 58880, 1, 0, 0
94749, 57600, 1, 0, 0
94849, 56960, 1, 0, 0
94949, 57600, 1, 0, 0
95050, 59520, 1, 0, 0
95150, 61440, 1, 0, 0
95249, 59474, 1, 0, 0
95349, 58880, 1, 0, 0
95449, 56960, 1, 0, 0
95549, 58240, 1, 0, 0
95649, 60160, 1, 0, 0
95749, 58880, 1, 0, 0
95849, 59520, 1, 0, 0
95949, 58880, 1, 0, 0
96049, 61440, 1, 0, 0
96149, 61440, 1, 0, 0
96249, 61440, 1, 0, 0
96350, 60160, 1, 0, 0
96450, 58880, 1, 0, 0
96550, 58880, 1, 0, 0
96650, 60160, 1, 0, 0
96749, 57535, 1, 0, 0
96849, 60800, 1, 0, 0
96949, 58880, 1, 0, 0
97049, 60800, 1, 0, 0
97149, 60800, 1, 0, 0
97249, 64640, 1, 0, 0
97349, 60160, 1, 0, 0
97449, 62080, 1, 0, 0
97549, 58880, 1, 0, 0
97649, 58240, 1, 0, 0
97750, 62080, 1, 0, 0
97850, 62720, 1, 0, 0
97950, 62720, 1, 0, 0
98050, 60800, 1, 0, 0
98150, 61440, 1, 0, 0
98249, 60767, 1, 0, 0
98349, 59520, 1, 0, 0
98449, 58880, 1, 0, 0
98549, 59520, 1, 0, 0
98649, 58240, 1, 0, 0
98749, 59520, 1, 0, 0
98849, 60800, 1, 0, 0
98949, 60160, 1, 0, 0
99049, 61440, 1, 0, 0
99150, 59520, 1, 0, 0
99249, 62060, 1, 0, 0
99349, 61440, 1, 0, 0
99449, 60800, 1, 0, 0
99549, 60800, 1, 0, 0
99649, 60800, 1, 0, 0
99749, 60800, 1, 0, 0
99849, 60160, 1, 0, 0
99949, 61440, 1, 0, 0
100049, 60160, 1, 0, 0
100149, 58880, 1, 0, 0
100249, 62080, 1, 0, 0
100349, 63360, 1, 0, 0
100449, 59520, 1, 0, 0
100550, 61440, 1, 0, 0
100650, 59520, 1, 0, 0
100749, 60121, 1, 0, 0
100849, 61440, 1, 0, 0
100949, 59520, 1, 0, 0
101049, 58240, 1, 0, 0
101149, 60160, 1, 0, 0
101249, 58240, 1, 0, 0
101349, 59520, 1, 0, 0
101449, 57600, 1, 0, 0
101549, 58880, 1, 0, 0
101649, 62080, 1, 0, 0
101749, 59520, 1, 0, 0
101849, 58880, 1, 0, 0
101950, 58880, 1, 0, 0
102050, 58880, 1, 0, 0
102150, 59520, 1, 0, 0
102249, 59474, 1, 0, 0
102349, 58240, 1, 0, 0
102449, 56320, 1, 0, 0
102549, 58240, 1, 0, 0
102649, 62080, 1, 0, 0
102749, 62080, 1, 0, 0
102849, 56960, 1, 0, 0
102949, 56960, 1, 0, 0
103049, 58240, 1, 0, 0
103150, 56960, 1, 0, 0
103249, 60767, 1, 0, 0
103349, 61440, 1, 0, 0
103449, 60800, 1, 0, 0
103549, 58240, 1, 0, 0
103649, 57600, 1, 0, 0
103749, 59520, 1, 0, 0
103849, 60160, 1, 0, 0
103949, 60160, 1, 0, 0
104049, 62080, 1, 0, 0
104149, 61440, 1, 0, 0
104249, 58880, 1, 0, 0
104349, 57600, 1, 0, 0
104449, 62720, 1, 0, 0
104550, 60160, 1, 0, 0
104650, 58880, 1, 0, 0
104749, 60121, 1, 0, 0
104849, 60160, 1, 0, 0
104949, 61440, 1, 0, 0
105049, 58880, 1, 0, 0
105149, 59520, 1, 0, 0
105249, 61440, 1, 0, 0
105349, 62720, 1, 0, 0
105449, 58880, 1, 0, 0
105549, 60800, 1, 0, 0
105649, 60160, 1, 0, 0
105749, 60160, 1, 0, 0
105849, 59520, 1, 0, 0
105950, 62720, 1, 0, 0
106050, 58240, 1, 0, 0
106150, 62720, 1, 0, 0
106249, 61414, 1, 0, 0
106349, 59520, 1, 0, 0
106449, 58240, 1, 0, 0
106549, 57600, 1, 0, 0
106649, 62080, 1, 0, 0
106749, 62080, 1, 0, 0
106849, 60800, 1, 0, 0
106949, 60800, 1, 0, 0
107049, 60160, 1, 0, 0
107149, 56960, 1, 0, 0
107250, 60160, 1, 0, 0
107350, 58880, 1, 0, 0
107450, 60160, 1, 0, 0
107550, 58240, 1, 0, 0
107650, 60160, 1, 0, 0
107749, 61414, 1, 0, 0
107849, 59520, 1, 0, 0
107949, 58880, 1, 0, 0
108049, 58240, 1, 0, 0
108149, 61440, 1, 0, 0
108249, 61440, 1, 0, 0
108349, 60160, 1, 0, 0
108449, 61440, 1, 0, 0
108549, 62720, 1, 0, 0
108649, 57600, 1, 0, 0
108750, 58880, 1, 0, 0
108850, 61440, 1, 0, 0
108950, 59520, 1, 0, 0
109050, 61440, 1, 0, 0
109150, 60160, 1, 0, 0
109249, 62060, 1, 0, 0
109349, 56960, 1, 0, 0
109449, 60800, 1, 0, 0
109549, 60160, 1, 0, 0
109649, 58880, 1, 0, 0
109749, 58880, 1, 0, 0
109849, 61440, 1, 0, 0
109949, 63360, 1, 0, 0
110050, 60800, 1, 0, 0
110150, 59520, 1, 0, 0
110249, 60767, 1, 0, 0
110349, 61440, 1, 0, 0
110449, 58240, 1, 0, 0
110549, 54400, 1, 0, 0
110649, 58880, 1, 0, 0
110749, 55680, 1, 0, 0
110849, 59520, 1, 0, 0
110949, 58880, 1, 0, 0
111049, 62080, 1, 0, 0
111149, 59520, 1, 0, 0
111249, 62080, 1, 0, 0
111349, 58240, 1, 0, 0
111449, 63360, 1, 0, 0
111550, 59520, 1, 0, 0
111650, 61440, 1, 0, 0
111749, 56242, 1, 0, 0
111849, 61440, 1, 0, 0
111949, 60160, 1, 0, 0
112049, 60800, 1, 0, 0
112149, 60800, 1, 0, 0
112249, 58240, 1, 0, 0
112349, 61440, 1, 0, 0
112449, 61440, 1, 0, 0
112549, 62080, 1, 0, 0
112649, 61440, 1, 0, 0
112749, 60160, 1, 0, 0
112849, 62080, 1, 0, 0
112950, 60160, 1, 0, 0
113050, 59520, 1, 0, 0
113150, 60800, 1, 0, 0
113249, 60121, 1, 0, 0
113349, 59520, 1, 0, 0
113449, 63360, 1, 0, 0
113549, 62720, 1, 0, 0
113649, 62720, 1, 0, 0
113749, 61440, 1, 0, 0
113849, 60800, 1, 0, 0
113949, 62720, 1, 0, 0
114049, 60800, 1, 0, 0
114149, 57600, 1, 0, 0
114250, 55040, 1, 0, 0
114350, 61440, 1, 0, 0
114450, 60160, 1, 0, 0
114550, 62080, 1, 0, 0
114650, 61440, 1, 0, 0
114749, 62707, 1, 0, 0
114849, 59520, 1, 0, 0
114949, 60800, 1, 0, 0
115049, 59520, 1, 0, 0
115149, 60160, 1, 0, 0
115249, 60800, 1, 0, 0
115349, 62720, 1, 0, 0
115449, 61440, 1, 0, 0
115549, 59520, 1, 0, 0
115650, 60800, 1, 0, 0
115749, 65292, 1, 0, 0
115849, 57600, 1, 0, 0
115949, 58880, 1, 0, 0
116049, 58880, 1, 0, 0
116149, 60800, 1, 0, 0
116249, 60160, 1, 0, 0
116349, 60160, 1, 0, 0
116449, 64000, 1, 0, 0
116549, 60800, 1, 0, 0
116649, 62720, 1, 0, 0
116749, 61440, 1, 0, 0
116849, 62080, 1, 0, 0
116949, 62720, 1, 0, 0
117050, 60800, 1, 0, 0
117150, 64000, 1, 0, 0
117249, 60767, 1, 0, 0
117349, 58240, 1, 0, 0
117449, 59520, 1, 0, 0
117549, 60800, 1, 0, 0
117649, 61440, 1, 0, 0
117749, 61440, 1, 0, 0
117849, 64000, 1, 0, 0
117949, 62720, 1, 0, 0
118049, 62080, 1, 0, 0
118149, 60800, 1, 0, 0
118249, 64640, 1, 0, 0
118349, 62080, 1, 0, 0
118449, 60160, 1, 0, 0
118550, 61440, 1, 0, 0
118650, 60160, 1, 0, 0
118749, 60767, 1, 0, 0
118849, 61440, 1, 0, 0
118949, 59520, 1, 0, 0
119049, 61440, 1, 0, 0
119149, 61440, 1, 0, 0
119249, 64000, 1, 0, 0
119349, 58240, 1, 0, 0
119449, 61440, 1, 0, 0
119549, 63360, 1, 0, 0
119649, 62720, 1, 0, 0
119749, 62720, 1, 0, 0
119850, 63360, 1, 0, 0
119950, 62080, 1, 0, 0
120050, 62720, 1, 0, 0
120150, 63360, 1, 0, 0
120249, 59474, 1, 0, 0
120349, 58880, 1, 0, 0
120449, 62080, 1, 0, 0
120549, 60800, 1, 0, 0
120649, 60160, 1, 0, 0
120749, 61440, 1, 0, 0
120849, 61440, 1, 0, 0
120949, 62080, 1, 0, 0
121049, 60800, 1, 0, 0
121149, 62080, 1, 0, 0
121250, 60800, 1, 0, 0
121350, 61440, 1, 0, 0
121450, 60160, 1, 0, 0
121550, 62720, 1, 0, 0
121650, 62720, 1, 0, 0
121749, 60767, 1, 0, 0
121849, 61440, 1, 0, 0
121949, 57600, 1, 0, 0
122049, 60160, 1, 0, 0
122149, 61440, 1, 0, 0
122249, 60160, 1, 0, 0
122349, 60160, 1, 0, 0
122449, 62080, 1, 0, 0
122549, 62080, 1, 0, 0
122650, 60800, 1, 0, 0
122749, 60121, 1, 0, 0
122849, 60800, 1, 0, 0
122949, 59520, 1, 0, 0
123049, 60800, 1, 0, 0
123149, 55680, 1, 0, 0
123249, 60800, 1, 0, 0
123349, 64000, 1, 0, 0
123449, 61440, 1, 0, 0
123549, 59520, 1, 0, 0
123649, 58880, 1, 0, 0
123749, 60160, 1, 0, 0
123849, 62720, 1, 0, 0
123950, 60800, 1, 0, 0
124050, 62080, 1, 0, 0
124150, 60160, 1, 0, 0
124249, 60121, 1, 0, 0
124349, 61440, 1, 0, 0
124449, 60800, 1, 0, 0
124549, 62720, 1, 0, 0
124649, 60160, 1, 0, 0
124749, 62080, 1, 0, 0
124849, 60800, 1, 0, 0
124949, 60160, 1, 0, 0
125049, 60160, 1, 0, 0
125149, 60160, 1, 0, 0
125250, 64640, 1, 0, 0
125350, 61440, 1, 0, 0
125450, 60800, 1, 0, 0
125550, 61440, 1, 0, 0
125650, 61440, 1, 0, 0
125749, 62707, 1, 0, 0
125849, 61440, 1, 0, 0
125949, 61440, 1, 0, 0
126049, 61440, 1, 0, 0
126149, 61440, 1, 0, 0
126249, 58240, 1, 0, 0
126349, 62720, 1, 0, 0
126449, 62720, 1, 0, 0
126549, 62720, 1, 0, 0
126650, 61440, 1, 0, 0
126749, 58828, 1, 0, 0
126849, 60160, 1, 0, 0
126949, 61440, 1, 0, 0
127049, 61440, 1, 0, 0
127149, 60800, 1, 0, 0
127249, 63360, 1, 0, 0
127349, 61440, 1, 0, 0
127449, 61440, 1, 0, 0
127549, 58240, 1, 0, 0
127649, 65280, 1, 0, 0
127749, 60160, 1, 0, 0
127849, 58240, 1, 0, 0
127949, 61440, 1, 0, 0
128050, 62720, 1, 0, 0
128150, 58880, 1, 0, 0
128249, 60121, 1, 0, 0
128349, 62720, 1, 0, 0
128449, 60800, 1, 0, 0
128549, 60800, 1, 0, 0
128649, 60160, 1, 0, 0
128749, 62080, 1, 0, 0
128849, 62720, 1, 0, 0
128949, 61440, 1, 0, 0
129049, 60800, 1, 0, 0
129149, 62080, 1, 0, 0
129249, 60800, 1, 0, 0
129349, 62080, 1, 0, 0
129450, 62720, 1, 0, 0
129550, 62080, 1, 0, 0
129650, 58240, 1, 0, 0
129749, 62707, 1, 0, 0
129849, 60160, 1, 0, 0
129949, 64640, 1, 0, 0
130049, 63360, 1, 0, 0
130149, 62720, 1, 0, 0
130249, 60800, 1, 0, 0
130349, 61440, 1, 0, 0
130449, 61440, 1, 0, 0
130549, 60800, 1, 0, 0
130649, 60800, 1, 0, 0
130750, 60800, 1, 0, 0
130850, 62720, 1, 0, 0
130950, 60800, 1, 0, 0
131050, 60800, 1, 0, 0
131150, 60800, 1, 0, 0
131249, 62060, 1, 0, 0
131349, 58240, 1, 0, 0
131449, 57600, 1, 0, 0
131549, 59520, 1, 0, 0
131649, 60800, 1, 0, 0
131749, 57600, 1, 0, 0
131849, 59520, 1, 0, 0
131949, 60800, 1, 0, 0
132049, 60800, 1, 0, 0
132150, 64640, 1, 0, 0
132249, 58828, 1, 0, 0
132349, 63360, 1, 0, 0
132449, 60160, 1, 0, 0
132549, 58240, 1, 0, 0
132649, 61440, 1, 0, 0
132749, 60800, 1, 0, 0
132849, 59520, 1, 0, 0
132949, 62720, 1, 0, 0
133049, 60160, 1, 0, 0
133149, 62080, 1, 0, 0
133249, 61440, 1, 0, 0
133349, 62080, 1, 0, 0
133449, 62080, 1, 0, 0
133550, 59520, 1, 0, 0
133650, 62720, 1, 0, 0
133749, 59474, 1, 0, 0
133849, 58240, 1, 0, 0
133949, 58880, 1, 0, 0
134049, 60160, 1, 0, 0
134149, 63360, 1, 0, 0
134249, 57600, 1, 0, 0
134349, 60160, 1, 0, 0
134449, 58880, 1, 0, 0
134549, 58880, 1, 0, 0
134649, 60160, 1, 0, 0
134749, 62080, 1, 0, 0
134849, 60800, 1, 0, 0
134950, 62720, 1, 0, 0
135050, 56320, 1, 0, 0
135150, 60160, 1, 0, 0
135249, 64000, 1, 0, 0
135349, 60800, 1, 0, 0
135449, 60160, 1, 0, 0
135549, 60160, 1, 0, 0
135649, 58240, 1, 0, 0
135749, 58880, 1, 0, 0
135849, 60160, 1, 0, 0
135949, 62720, 1, 0, 0
136049, 62080, 1, 0, 0
136149, 62080, 1, 0, 0
136249, 59474, 1, 0, 0
136349, 61440, 1, 0, 0
136449, 58880, 1, 0, 0
136549, 58240, 1, 0, 0
136649, 59520, 1, 0, 0
136749, 60800, 1, 0, 0
136849, 61440, 1, 0, 0
136949, 58880, 1, 0, 0
137049, 58880, 1, 0, 0
137149, 58880, 1, 0, 0
137249, 56320, 1, 0, 0
137349, 62080, 1, 0, 0
137449, 61440, 1, 0, 0
137549, 62080, 1, 0, 0
137650, 58880, 1, 0, 0
137749, 59474, 1, 0, 0
137849, 61440, 1, 0, 0
137949, 62720, 1, 0, 0
138049, 57600, 1, 0, 0
138149, 61440, 1, 0, 0
138249, 56960, 1, 0, 0
138349, 62720, 1, 0, 0
138449, 62720, 1, 0, 0
138549, 61440, 1, 0, 0
138649, 64640, 1, 0, 0
138749, 61440, 1, 0, 0
138849, 62720, 1, 0, 0
138949, 63360, 1, 0, 0
139050, 61440, 1, 0, 0
139150, 62080, 1, 0, 0
139249, 60767, 1, 0, 0
139349, 61440, 1, 0, 0
139449, 59520, 1, 0, 0
139549, 60800, 1, 0, 0
139649, 60800, 1, 0, 0
139749, 62720, 1, 0, 0
139849, 64000, 1, 0, 0
139949, 60800, 1, 0, 0
140049, 61440, 1, 0, 0
140149, 58880, 1, 0, 0
140250, 64000, 1, 0, 0
140350, 59520, 1, 0, 0
140450, 60160, 1, 0, 0
140550, 59520, 1, 0, 0
140650, 58880, 1, 0, 0
140749, 60767, 1, 0, 0
140849, 62080, 1, 0, 0
140949, 60800, 1, 0, 0
141049, 61440, 1, 0, 0
141149, 60800, 1, 0, 0
141249, 60160, 1, 0, 0
141349, 58880, 1, 0, 0
141449, 60800, 1, 0, 0
141549, 58880, 1, 0, 0
141650, 60800, 1, 0, 0
141749, 60767, 1, 0, 0
141849, 60800, 1, 0, 0
141949, 57600, 1, 0, 0
142049, 60160, 1, 0, 0
142149, 60160, 1, 0, 0
142249, 59520, 1, 0, 0
142349, 59520, 1, 0, 0
142449, 57600, 1, 0, 0
142549, 61440, 1, 0, 0
142649, 58240, 1, 0, 0
142749, 57600, 1, 0, 0
142849, 55680, 1, 0, 0
142949, 59520, 1, 0, 0
143050, 54400, 1, 0, 0
143150, 60160, 1, 0, 0
143249, 60121, 1, 0, 0
143349, 60160, 1, 0, 0
143449, 56320, 1, 0, 0
143549, 61440, 1, 0, 0
143649, 57600, 1, 0, 0
143749, 58240, 1, 0, 0
143849, 57600, 1, 0, 0
143949, 58880, 1, 0, 0
144049, 60800, 1, 0, 0
144149, 60160, 1, 0, 0
144249, 58240, 1, 0, 0
144350, 61440, 1, 0, 0
144450, 60800, 1, 0, 0
144550, 60800, 1, 0, 0
144650, 61440, 1, 0, 0
144749, 58181, 1, 0, 0
144849, 60800, 1, 0, 0
144949, 61440, 1, 0, 0
145049, 60160, 1, 0, 0
145149, 60160, 1, 0, 0
145249, 59520, 1, 0, 0
145349, 61440, 1, 0, 0
145449, 62080, 1, 0, 0
145549, 61440, 1, 0, 0
145649, 62080, 1, 0, 0
145750, 58880, 1, 0, 0
145850, 61440, 1, 0, 0
145950, 59520, 1, 0, 0
146050, 61440, 1, 0, 0
146150, 62080, 1, 0, 0
146249, 58828, 1, 0, 0
146349, 60160, 1, 0, 0
146449, 60800, 1, 0, 0
146549, 63360, 1, 0, 0
146649, 59520, 1, 0, 0
146749, 64000, 1, 0, 0
146849, 62080, 1, 0, 0
146949, 61440, 1, 0, 0
147049, 62080, 1, 0, 0
147150, 60160, 1, 0, 0
147249, 63353, 1, 0, 0
147349, 59520, 1, 0, 0
147449, 60160, 1, 0, 0
147549, 63360, 1, 0, 0
147649, 62720, 1, 0, 0
147749, 60160, 1, 0, 0
147849, 60160, 1, 0, 0
147949, 60800, 1, 0, 0
148049, 56960, 1, 0, 0
148149, 58240, 1, 0, 0
148249, 58880, 1, 0, 0
148349, 59520, 1, 0, 0
148449, 60800, 1, 0, 0
148550, 58240, 1, 0, 0
148650, 60160, 1, 0, 0
148749, 59474, 1, 0, 0
148849, 60800, 1, 0, 0
148949, 60160, 1, 0, 0
149049, 60800, 1, 0, 0
149149, 60800, 1, 0, 0
149249, 58880, 1, 0, 0
149349, 60800, 1, 0, 0
149449, 60800, 1, 0, 0
149549, 60800, 1, 0, 0
149649, 60160, 1, 0, 0
149749, 60800, 1, 0, 0
149850, 59520, 1, 0, 0
149950, 60160, 1, 0, 0
150050, 60800, 1, 0, 0
150150, 61440, 1, 0, 0
150249, 60121, 1, 0, 0
150349, 62080, 1, 0, 0
150449, 60800, 1, 0, 0
150549, 57600, 1, 0, 0
150649, 60800, 1, 0, 0
150749, 63360, 1, 0, 0
150849, 60800, 1, 0, 0
150949, 59520, 1, 0, 0
151049, 62720, 1, 0, 0
151149, 62720, 1, 0, 0
151250, 58880, 1, 0, 0
151350, 58240, 1, 0, 0
151450, 60160, 1, 0, 0
151550, 63360, 1, 0, 0
151650, 62080, 1, 0, 0
151749, 62707, 1, 0, 0
151849, 62080, 1, 0, 0
151949, 62080, 1, 0, 0
152049, 58880, 1, 0, 0
152149, 61440, 1, 0, 0
152249, 58880, 1, 0, 0
152349, 60800, 1, 0, 0
152449, 60160, 1, 0, 0
152550, 60800, 1, 0, 0
152650, 62720, 1, 0, 0
152749, 61414, 1, 0, 0
152849, 62080, 1, 0, 0
152949, 59520, 1, 0, 0
153049, 60800, 1, 0, 0
153149, 61440, 1, 0, 0
153249, 61440, 1, 0, 0
153349, 58240, 1, 0, 0
153449, 60800, 1, 0, 0
153549, 59520, 1, 0, 0
153649, 59520, 1, 0, 0
153749, 61440, 1, 0, 0
153849, 61440, 1, 0, 0
153949, 62080, 1, 0, 0
154050, 60800, 1, 0, 0
154150, 56960, 1, 0, 0
154249, 56242, 1, 0, 0
154349, 63360, 1, 0, 0
154449, 60160, 1, 0, 0
154549, 57600, 1, 0, 0
154649, 56320, 1, 0, 0
154749, 57600, 1, 0, 0
154849, 60800, 1, 0, 0
154949, 61440, 1, 0, 0
155049, 63360, 1, 0, 0
155149, 58880, 1, 0, 0
155250, 56320, 1, 0, 0
155350, 60160, 1, 0, 0
155450, 58240, 1, 0, 0
155550, 60800, 1, 0, 0
155650, 61440, 1, 0, 0
155749, 60121, 1, 0, 0
155849, 61440, 1, 0, 0
155949, 61440, 1, 0, 0
156049, 60800, 1, 0, 0
156149, 60800, 1, 0, 0
156249, 62080, 1, 0, 0
156349, 62720, 1, 0, 0
156449, 58880, 1, 0, 0
156550, 59520, 1, 0, 0
156650, 60800, 1, 0, 0
156749, 56242, 1, 0, 0
156849, 61440, 1, 0, 0
156949, 62720, 1, 0, 0
157049, 62080, 1, 0, 0
157149, 61440, 1, 0, 0
157249, 62720, 1, 0, 0
157349, 60160, 1, 0, 0
157449, 61440, 1, 0, 0
157549, 62720, 1, 0, 0
157649, 57600, 1, 0, 0
157749, 58880, 1, 0, 0
157849, 58880, 1, 0, 0
157949, 58880, 1, 0, 0
158050, 60160, 1, 0, 0
158150, 61440, 1, 0, 0
158249, 58181, 1, 0, 0
158349, 60800, 1, 0, 0
158449, 61440, 1, 0, 0
158549, 61440, 1, 0, 0
158649, 60800, 1, 0, 0
158749, 61440, 1, 0, 0
158849, 59520, 1, 0, 0
158949, 61440, 1, 0, 0
159049, 62080, 1, 0, 0
159149, 60800, 1, 0, 0
159250, 60160, 1, 0, 0
159350, 58880, 1, 0, 0
159450, 58880, 1, 0, 0
159550, 60160, 1, 0, 0
159650, 59520, 1, 0, 0
159749, 60767, 1, 0, 0
159849, 59520, 1, 0, 0
159949, 60160, 1, 0, 0
160049, 60800, 1, 0, 0
160149, 58880, 1, 0, 0
160249, 57600, 1, 0, 0
160349, 59520, 1, 0, 0
160449, 55040, 1, 0, 0
160549, 58240, 1, 0, 0
160649, 60160, 1, 0, 0
160749, 60767, 1, 0, 0
160849, 59520, 1, 0, 0
160949, 58240, 1, 0, 0
161049, 62080, 1, 0, 0
161149, 60160, 1, 0, 0
161249, 60800, 1, 0, 0
161349, 60800, 1, 0, 0
161449, 57600, 1, 0, 0
161549, 58240, 1, 0, 0
161649, 58880, 1, 0, 0
161749, 60800, 1, 0, 0
161849, 60800, 1, 0, 0
161949, 59520, 1, 0, 0
162050, 62720, 1, 0, 0
162150, 59520, 1, 0, 0
162249, 57535, 1, 0, 0
162349, 59520, 1, 0, 0
162449, 62720, 1, 0, 0
162549, 60160, 1, 0, 0
162649, 59520, 1, 0, 0
162749, 60800, 1, 0, 0
162849, 57600, 1, 0, 0
162949, 61440, 1, 0, 0
163049, 63360, 1, 0, 0
163149, 58240, 1, 0, 0
163249, 62720, 1, 0, 0
163350, 56320, 1, 0, 0
163450, 60800, 1, 0, 0
163550, 61440, 1, 0, 0
163650, 60160, 1, 0, 0
163749, 58181, 1, 0, 0
163849, 62080, 1, 0, 0
163949, 63360, 1, 0, 0
164049, 61440, 1, 0, 0
164149, 63360, 1, 0, 0
164249, 62080, 1, 0, 0
164349, 60800, 1, 0, 0
164449, 63360, 1, 0, 0
164549, 57600, 1, 0, 0
164649, 57600, 1, 0, 0
164750, 63360, 1, 0, 0
164850, 59520, 1, 0, 0
164950, 58240, 1, 0, 0
165050, 60160, 1, 0, 0
165150, 60160, 1, 0, 0
165249, 59474, 1, 0, 0
165349, 63360, 1, 0, 0
165449, 62080, 1, 0, 0
165549, 64640, 1, 0, 0
165649, 60800, 1, 0, 0
165749, 61440, 1, 0, 0
165849, 60800, 1, 0, 0
165949, 62720, 1, 0, 0
166049, 61440, 1, 0, 0
166150, 58240, 1, 0, 0
166249, 58828, 1, 0, 0
166349, 60800, 1, 0, 0
166449, 58880, 1, 0, 0
166549, 59520, 1, 0, 0
166649, 62720, 1, 0, 0
166749, 59520, 1, 0, 0
166849, 60160, 1, 0, 0
166949, 59520, 1, 0, 0
167049, 60800, 1, 0, 0
167149, 61440, 1, 0, 0
167249, 60800, 1, 0, 0
167349, 60160, 1, 0, 0
167449, 62720, 1, 0, 0
167550, 64640, 1, 0, 0
167650, 60800, 1, 0, 0
167749, 62060, 1, 0, 0
167849, 61440, 1, 0, 0
167949, 61440, 1, 0, 0
168049, 62080, 1, 0, 0
168149, 60160, 1, 0, 0
168249, 60800, 1, 0, 0
168349, 62720, 1, 0, 0
168449, 59520, 1, 0, 0
168549, 61440, 1, 0, 0
168649, 62080, 1, 0, 0
168749, 61440, 1, 0, 0
168850, 61440, 1, 0, 0
168950, 59520, 1, 0, 0
169050, 60800, 1, 0, 0
169150, 62720, 1, 0, 0
169249, 60121, 1, 0, 0
169349, 59520, 1, 0, 0
169449, 62080, 1, 0, 0
169549, 63360, 1, 0, 0
169649, 60800, 1, 0, 0
169749, 64000, 1, 0, 0
169849, 61440, 1, 0, 0
169949, 59520, 1, 0, 0
170049, 62080, 1, 0, 0
170149, 60800, 1, 0, 0
170250, 60800, 1, 0, 0
170350, 58880, 1, 0, 0
170450, 63360, 1, 0, 0
170550, 62080, 1, 0, 0
170650, 65280, 1, 0, 0
170749, 61414, 1, 0, 0
170849, 63360, 1, 0, 0
170949, 60160, 1, 0, 0
171049, 61440, 1, 0, 0
171149, 62080, 1, 0, 0
171249, 63360, 1, 0, 0
171349, 59520, 1, 0, 0
171449, 60160, 1, 0, 0
171549, 59520, 1, 0, 0
171650, 62080, 1, 0, 0
171749, 58828, 1, 0, 0
171849, 60160, 1, 0, 0
171949, 60160, 1, 0, 0
172049, 59520, 1, 0, 0
172149, 60800, 1, 0, 0
172249, 58880, 1, 0, 0
172349, 62080, 1, 0, 0
172449, 60800, 1, 0, 0
172549, 58880, 1, 0, 0
172649, 62720, 1, 0, 0
172749, 60800, 1, 0, 0
172849, 59520, 1, 0, 0
172949, 58880, 1, 0, 0
173050, 60800, 1, 0, 0
173150, 58880, 1, 0, 0
173249, 59474, 1, 0, 0
173349, 61440, 1, 0, 0
173449, 62080, 1, 0, 0
173549, 62720, 1, 0, 0
173649, 60800, 1, 0, 0
173749, 63360, 1, 0, 0
173849, 61440, 1, 0, 0
173949, 60160, 1, 0, 0
174049, 62720, 1, 0, 0
174149, 61440, 1, 0, 0
174249, 61440, 1, 0, 0
174349, 57600, 1, 0, 0
174450, 62080, 1, 0, 0
174550, 60800, 1, 0, 0
174650, 61440, 1, 0, 0
174749, 61414, 1, 0, 0
174849, 62080, 1, 0, 0
174949, 60800, 1, 0, 0
175049, 64000, 1, 0, 0
175149, 58880, 1, 0, 0
175249, 56960, 1, 0, 0
175349, 60800, 1, 0, 0
175449, 62080, 1, 0, 0
175549, 63360, 1, 0, 0
175649, 60800, 1, 0, 0
175750, 60160, 1, 0, 0
175850, 61440, 1, 0, 0
175950, 62080, 1, 0, 0
176050, 60800, 1, 0, 0
176150, 61440, 1, 0, 0
176249, 60121, 1, 0, 0
176349, 61440, 1, 0, 0
176449, 59520, 1, 0, 0
176549, 61440, 1, 0, 0
176649, 62080, 1, 0, 0
176749, 60800, 1, 0, 0
176849, 62080, 1, 0, 0
176949, 64000, 1, 0, 0
177049, 60800, 1, 0, 0
177149, 61440, 1, 0, 0
177249, 62707, 1, 0, 0
177349, 60800, 1, 0, 0
177449, 59520, 1, 0, 0
177549, 62080, 1, 0, 0
177649, 61440, 1, 0, 0
177749, 58880, 1, 0, 0
177849, 59520, 1, 0, 0
177949, 60800, 1, 0, 0
178049, 64000, 1, 0, 0
178149, 62080, 1, 0, 0
178249, 62080, 1, 0, 0
178349, 60160, 1, 0, 0
178449, 63360, 1, 0, 0
178550, 60800, 1, 0, 0
178650, 58240, 1, 0, 0
178749, 62060, 1, 0, 0
178849, 60800, 1, 0, 0
178949, 63360, 1, 0, 0
179049, 63360, 1, 0, 0
179149, 62080, 1, 0, 0
179249, 58240, 1, 0, 0
179349, 62720, 1, 0, 0
179449, 63360, 1, 0, 0
179549, 62720, 1, 0, 0
179649, 63360, 1, 0, 0
179749, 60800, 1, 0, 0
179849, 65280, 1, 0, 0
179949, 62080, 1, 0, 0
180050, 62080, 1, 0, 0
180150, 62720, 1, 0, 0
180249, 63353, 1, 0, 0
180349, 61440, 1, 0, 0
180449, 62720, 1, 0, 0
180549, 64640, 1, 0, 0
180649, 62080, 1, 0, 0
180749, 62080, 1, 0, 0
180849, 61440, 1, 0, 0
180949, 62080, 1, 0, 0
181049, 61440, 1, 0, 0
181149, 59520, 1, 0, 0
181250, 60160, 1, 0, 0
181350, 57600, 1, 0, 0
181450, 62080, 1, 0, 0
181550, 63360, 1, 0, 0
181650, 58880, 1, 0, 0
181749, 60121, 1, 0, 0
181849, 60800, 1, 0, 0
181949, 64640, 1, 0, 0
182049, 60800, 1, 0, 0
182149, 62080, 1, 0, 0
182249, 60160, 1, 0, 0
182349, 61440, 1, 0, 0
182449, 61440, 1, 0, 0
182549, 60160, 1, 0, 0
182650, 56960, 1, 0, 0
182749, 61414, 1, 0, 0
182849, 60160, 1, 0, 0
182949, 63360, 1, 0, 0
183049, 62720, 1, 0, 0
183149, 61440, 1, 0, 0
183249, 62080, 1, 0, 0
183349, 62080, 1, 0, 0
183449, 58880, 1, 0, 0
183549, 59520, 1, 0, 0
183649, 62080, 1, 0, 0
183749, 62720, 1, 0, 0
183849, 64000, 1, 0, 0
183949, 64640, 1, 0, 0
184050, 62720, 1, 0, 0
184150, 63360, 1, 0, 0
184249, 64646, 1, 0, 0
184349, 62720, 1, 0, 0
184449, 64640, 1, 0, 0
184549, 59520, 1, 0, 0
184649, 62720, 1, 0, 0
184749, 62720, 1, 0, 0
184849, 61440, 1, 0, 0
184949, 60160, 1, 0, 0
185049, 61440, 1, 0, 0
185149, 61440, 1, 0, 0
185249, 59520, 1, 0, 0
185349, 61440, 1, 0, 0
185450, 59520, 1, 0, 0
185550, 58240, 1, 0, 0
185650, 62080, 1, 0, 0
185749, 61414, 1, 0, 0
185849, 62080, 1, 0, 0
185949, 61440, 1, 0, 0
186049, 63360, 1, 0, 0
186149, 63360, 1, 0, 0
186249, 60800, 1, 0, 0
186349, 62080, 1, 0, 0
186449, 60160, 1, 0, 0
186549, 62720, 1, 0, 0
186649, 60160, 1, 0, 0
186750, 59520, 1, 0, 0
186850, 63360, 1, 0, 0
186950, 60800, 1, 0, 0
187050, 64640, 1, 0, 0
187150, 65280, 1, 0, 0
187249, 64000, 1, 0, 0
187349, 58240, 1, 0, 0
187449, 60800, 1, 0, 0
187549, 61440, 1, 0, 0
187649, 64000, 1, 0, 0
187749, 63360, 1, 0, 0
187849, 61440, 1, 0, 0
187949, 62080, 1, 0, 0
188049, 62720, 1, 0, 0
188150, 61440, 1, 0, 0
188249, 58828, 1, 0, 0
188349, 62080, 1, 0, 0
188449, 61440, 1, 0, 0
188549, 63360, 1, 0, 0
188649, 62080, 1, 0, 0
188749, 62720, 1, 0, 0
188849, 64000, 1, 0, 0
188949, 60800, 1, 0, 0
189049, 61440, 1, 0, 0
189149, 63360, 1, 0, 0
189249, 58880, 1, 0, 0
189349, 64000, 1, 0, 0
189449, 62080, 1, 0, 0
189550, 58880, 1, 0, 0
189650, 60800, 1, 0, 0
189749, 59474, 1, 0, 0
189849, 58880, 1, 0, 0
189949, 62720, 1, 0, 0
190049, 60800, 1, 0, 0
190149, 64000, 1, 0, 0
190249, 61440, 1, 0, 0
190349, 64640, 1, 0, 0
190449, 62720, 1, 0, 0
190549, 65280, 1, 0, 0
190649, 62080, 1, 0, 0
190750, 66560, 1, 0, 0
190850, 61440, 1, 0, 0
190950, 61440, 1, 0, 0
191050, 61440, 1, 0, 0
191150, 61440, 1, 0, 0
191249, 63353, 1, 0, 0
191349, 62080, 1, 0, 0
191449, 60800, 1, 0, 0
191549, 63360, 1, 0, 0
191649, 62080, 1, 0, 0
191749, 62720, 1, 0, 0
191849, 62080, 1, 0, 0
191949, 61440, 1, 0, 0
192049, 62080, 1, 0, 0
192149, 58880, 1, 0, 0
192250, 61440, 1, 0, 0
192350, 63360, 1, 0, 0
192450, 58880, 1, 0, 0
192550, 62080, 1, 0, 0
192650, 62080, 1, 0, 0
192749, 63353, 1, 0, 0
192849, 62080, 1, 0, 0
192949, 62080, 1, 0, 0
193049, 64000, 1, 0, 0
193149, 62720, 1, 0, 0
193249, 59520, 1, 0, 0
193349, 61440, 1, 0, 0
193449, 60800, 1, 0, 0
193549, 64000, 1, 0, 0
193650, 62080, 1, 0, 0
193749, 60121, 1, 0, 0
193849, 60800, 1, 0, 0
193949, 58240, 1, 0, 0
194049, 58240, 1, 0, 0
194149, 64000, 1, 0, 0
194249, 62080, 1, 0, 0
194349, 60160, 1, 0, 0
194449, 59520, 1, 0, 0
194549, 62080, 1, 0, 0
194649, 61440, 1, 0, 0
194749, 60160, 1, 0, 0
194849, 61440, 1, 0, 0
194949, 60160, 1, 0, 0
195050, 62720, 1, 0, 0
195150, 59520, 1, 0, 0
195249, 62060, 1, 0, 0
195349, 61440, 1, 0, 0
195449, 61440, 1, 0, 0
195549, 62720, 1, 0, 0
195649, 58880, 1, 0, 0
195749, 61440, 1, 0, 0
195849, 59520, 1, 0, 0
195949, 57600, 1, 0, 0
196049, 62080, 1, 0, 0
196149, 59520, 1, 0, 0
196250, 56320, 1, 0, 0
196350, 62080, 1, 0, 0
196450, 62080, 1, 0, 0
196550, 63360, 1, 0, 0
196650, 63360, 1, 0, 0
196749, 62707, 1, 0, 0
196849, 62720, 1, 0, 0
196949, 61440, 1, 0, 0
197049, 62720, 1, 0, 0
197149, 62080, 1, 0, 0
197249, 64000, 1, 0, 0
197349, 60800, 1, 0, 0
197449, 62080, 1, 0, 0
197549, 62080, 1, 0, 0
197649, 60160, 1, 0, 0
197749, 60767, 1, 0, 0
197849, 60800, 1, 0, 0
197949, 59520, 1, 0, 0
198049, 62720, 1, 0, 0
198149, 62720, 1, 0, 0
198249, 60800, 1, 0, 0
198349, 62720, 1, 0, 0
198449, 60800, 1, 0, 0
198549, 62720, 1, 0, 0
198649, 64640, 1, 0, 0
198749, 60800, 1, 0, 0
198849, 61440, 1, 0, 0
198949, 64000, 1, 0, 0
199050, 64640, 1, 0, 0
199150, 62720, 1, 0, 0
199249, 65292, 1, 0, 0
199349, 61440, 1, 0, 0
199449, 60160, 1, 0, 0
199549, 60800, 1, 0, 0
199649, 58240, 1, 0, 0
199749, 62720, 1, 0, 0
199849, 62720, 1, 0, 0
199949, 59520, 1, 0, 0
200049, 61440, 1, 0, 0
200149, 64000, 1, 0, 0
200249, 63360, 1, 0, 0
200349, 62720, 1, 0, 0
200450, 60800, 1, 0, 0
200550, 61440, 1, 0, 0
200650, 62720, 1, 0, 0
200749, 62707, 1, 0, 0
200849, 62720, 1, 0, 0
200949, 65280, 1, 0, 0
201049, 60800, 1, 0, 0
201149, 60800, 1, 0, 0
201249, 59520, 1, 0, 0
201349, 63360, 1, 0, 0
201449, 64000, 1, 0, 0
201549, 65280, 1, 0, 0
201649, 61440, 1, 0, 0
201750, 62080, 1, 0, 0
201850, 63360, 1, 0, 0
201950, 58880, 1, 0, 0
202050, 62080, 1, 0, 0
202150, 62080, 1, 0, 0
202249, 60121, 1, 0, 0
202349, 62720, 1, 0, 0
202449, 58880, 1, 0, 0
202549, 58240, 1, 0, 0
202649, 55040, 1, 0, 0
202749, 61440, 1, 0, 0
202849, 64640, 1, 0, 0
202949, 59520, 1, 0, 0
203049, 63360, 1, 0, 0
203150, 62720, 1, 0, 0
203249, 62060, 1, 0, 0
203349, 60800, 1, 0, 0
203449, 63360, 1, 0, 0
203549, 61440, 1, 0, 0
203649, 61440, 1, 0, 0
203749, 63360, 1, 0, 0
203849, 63360, 1, 0, 0
203949, 60800, 1, 0, 0
204049, 58880, 1, 0, 0
204149, 57600, 1, 0, 0
204249, 64000, 1, 0, 0
204349, 60800, 1, 0, 0
204449, 60800, 1, 0, 0
204550, 63360, 1, 0, 0
204650, 60800, 1, 0, 0
204749, 62060, 1, 0, 0
204849, 60800, 1, 0, 0
204949, 58240, 1, 0, 0
205049, 63360, 1, 0, 0
205149, 61440, 1, 0, 0
205249, 59520, 1, 0, 0
205349, 60160, 1, 0, 0
205449, 64640, 1, 0, 0
205549, 62080, 1, 0, 0
205649, 63360, 1, 0, 0
205749, 61440, 1, 0, 0
205849, 61440, 1, 0, 0
205949, 65280, 1, 0, 0
206050, 59520, 1, 0, 0
206150, 62720, 1, 0, 0
206249, 62707, 1, 0, 0
206349, 62080, 1, 0, 0
206449, 62080, 1, 0, 0
206549, 61440, 1, 0, 0
206649, 63360, 1, 0, 0
206749, 62080, 1, 0, 0
206849, 62080, 1, 0, 0
206949, 62080, 1, 0, 0
207049, 58240, 1, 0, 0
207149, 62720, 1, 0, 0
207249, 60800, 1, 0, 0
207350, 62080, 1, 0, 0
207450, 60160, 1, 0, 0
207550, 63360, 1, 0, 0
207650, 61440, 1, 0, 0
207749, 59474, 1, 0, 0
207849, 62080, 1, 0, 0
207949, 60800, 1, 0, 0
208049, 62720, 1, 0, 0
208149, 60160, 1, 0, 0
208249, 56960, 1, 0, 0
208349, 64000, 1, 0, 0
208449, 61440, 1, 0, 0
208549, 63360, 1, 0, 0
208649, 62080, 1, 0, 0
208750, 63360, 1, 0, 0
208850, 60160, 1, 0, 0
208950, 62080, 1, 0, 0
209050, 61440, 1, 0, 0
209150, 58880, 1, 0, 0
209249, 59474, 1, 0, 0
209349, 62720, 1, 0, 0
209449, 61440, 1, 0, 0
209549, 60160, 1, 0, 0
209649, 58880, 1, 0, 0
209749, 58880, 1, 0, 0
209849, 56960, 1, 0, 0
209949, 61440, 1, 0, 0
210050, 61440, 1, 0, 0
210150, 60800, 1, 0, 0
210249, 60767, 1, 0, 0
210349, 60160, 1, 0, 0
210449, 64000, 1, 0, 0
210549, 60160, 1, 0, 0
210649, 62080, 1, 0, 0
210749, 58880, 1, 0, 0
210849, 62080, 1, 0, 0
210949, 58880, 1, 0, 0
211049, 60160, 1, 0, 0
211149, 61440, 1, 0, 0
211249, 62080, 1, 0, 0
211349, 64000, 1, 0, 0
211449, 59520, 1, 0, 0
211550, 62080, 1, 0, 0
211650, 59520, 1, 0, 0
211749, 58181, 1, 0, 0
211849, 61440, 1, 0, 0
211949, 59520, 1, 0, 0
212049, 59520, 1, 0, 0
212149, 57600, 1, 0, 0
212249, 62080, 1, 0, 0
212349, 57600, 1, 0, 0
212449, 60800, 1, 0, 0
212549, 57600, 1, 0, 0
212649, 60160, 1, 0, 0
212749, 62080, 1, 0, 0
212850, 62720, 1, 0, 0
212950, 62080, 1, 0, 0
213050, 62080, 1, 0, 0
213150, 59520, 1, 0, 0
213249, 60121, 1, 0, 0
213349, 59520, 1, 0, 0
213449, 62720, 1, 0, 0
213549, 60800, 1, 0, 0
213649, 60800, 1, 0, 0
213749, 60160, 1, 0, 0
213849, 61440, 1, 0, 0
213949, 58240, 1, 0, 0
214049, 58880, 1, 0, 0
214149, 57600, 1, 0, 0
214249, 60121, 1, 0, 0
214349, 62720, 1, 0, 0
214449, 60160, 1, 0, 0
214549, 60800, 1, 0, 0
214649, 63360, 1, 0, 0
214749, 62720, 1, 0, 0
214849, 60800, 1, 0, 0
214949, 57600, 1, 0, 0
215049, 60800, 1, 0, 0
215149, 64000, 1, 0, 0
215249, 57600, 1, 0, 0
215349, 58880, 1, 0, 0
215449, 60160, 1, 0, 0
215550, 60800, 1, 0, 0
215650, 62720, 1, 0, 0
215749, 61414, 1, 0, 0
215849, 62720, 1, 0, 0
215949, 58880, 1, 0, 0
216049, 59520, 1, 0, 0
216149, 60800, 1, 0, 0
216249, 59520, 1, 0, 0
216349, 60800, 1, 0, 0
216449, 60800, 1, 0, 0
216549, 60800, 1, 0, 0
216649, 62080, 1, 0, 0
216749, 57600, 1, 0, 0
216849, 58880, 1, 0, 0
216949, 60160, 1, 0, 0
217050, 63360, 1, 0, 0
217150, 62080, 1, 0, 0
217249, 63353, 1, 0, 0
217349, 62080, 1, 0, 0
217449, 62720, 1, 0, 0
217549, 61440, 1, 0, 0
217649, 63360, 1, 0, 0
217749, 64000, 1, 0, 0
217849, 62080, 1, 0, 0
217949, 65280, 1, 0, 0
218049, 64640, 1, 0, 0
218149, 59520, 1, 0, 0
218250, 62080, 1, 0, 0
218350, 62720, 1, 0, 0
218450, 61440, 1, 0, 0
218550, 59520, 1, 0, 0
218650, 62720, 1, 0, 0
218749, 58181, 1, 0, 0
218849, 62080, 1, 0, 0
218949, 62720, 1, 0, 0
219049, 62080, 1, 0, 0
219149, 62720, 1, 0, 0
219249, 60800, 1, 0, 0
219349, 62080, 1, 0, 0
219449, 60800, 1, 0, 0
219549, 64000, 1, 0, 0
219650, 63360, 1, 0, 0
219749, 63353, 1, 0, 0
219849, 62720, 1, 0, 0
219949, 59520, 1, 0, 0
220049, 60160, 1, 0, 0
220149, 54400, 1, 0, 0
220249, 62720, 1, 0, 0
220349, 60800, 1, 0, 0
220449, 62080, 1, 0, 0
220549, 61440, 1, 0, 0
220649, 62720, 1, 0, 0
220749, 62720, 1, 0, 0
220849, 62080, 1, 0, 0
220950, 62720, 1, 0, 0
221050, 64000, 1, 0, 0
221150, 60160, 1, 0, 0
221249, 67232, 1, 0, 0
221349, 62080, 1, 0, 0
221449, 61440, 1, 0, 0
221549, 62080, 1, 0, 0
221649, 63360, 1, 0, 0
221749, 60800, 1, 0, 0
221849, 62720, 1, 0, 0
221949, 61440, 1, 0, 0
222049, 63360, 1, 0, 0
222149, 60800, 1, 0, 0
222250, 60800, 1, 0, 0
222350, 61440, 1, 0, 0
222450, 62720, 1, 0, 0
222550, 62080, 1, 0, 0
222650, 61440, 1, 0, 0
222749, 60121, 1, 0, 0
222849, 58240, 1, 0, 0
222949, 61440, 1, 0, 0
223049, 64000, 1, 0, 0
223149, 63360, 1, 0, 0
223249, 64000, 1, 0, 0
223349, 62720, 1, 0, 0
223449, 60160, 1, 0, 0
223549, 62080, 1, 0, 0
223649, 61440, 1, 0, 0
223749, 61414, 1, 0, 0
223849, 59520, 1, 0, 0
223949, 61440, 1, 0, 0
224049, 62720, 1, 0, 0
224149, 62720, 1, 0, 0
224249, 58880, 1, 0, 0
224349, 61440, 1, 0, 0
224449, 62080, 1, 0, 0
224549, 59520, 1, 0, 0
224649, 60800, 1, 0, 0
224749, 63360, 1, 0, 0
224849, 62720, 1, 0, 0
224949, 62080, 1, 0, 0
225050, 61440, 1, 0, 0
225150, 62720, 1, 0, 0
225249, 61414, 1, 0, 0
225349, 59520, 1, 0, 0
225449, 63360, 1, 0, 0
225549, 62080, 1, 0, 0
225649, 61440, 1, 0, 0
225749, 61440, 1, 0, 0
225849, 61440, 1, 0, 0
225949, 61440, 1, 0, 0
226049, 59520, 1, 0, 0
226149, 60800, 1, 0, 0
226249, 61440, 1, 0, 0
226349, 61440, 1, 0, 0
226450, 60160, 1, 0, 0
226550, 63360, 1, 0, 0
226650, 64640, 1, 0, 0
226749, 65292, 1, 0, 0
226849, 63360, 1, 0, 0
226949, 62720, 1, 0, 0
227049, 60800, 1, 0, 0
227149, 61440, 1, 0, 0
227249, 62080, 1, 0, 0
227349, 63360, 1, 0, 0
227449, 63360, 1, 0, 0
227549, 63360, 1, 0, 0
227649, 62720, 1, 0, 0
227750, 59520, 1, 0, 0
227850, 62720, 1, 0, 0
227950, 62080, 1, 0, 0
228050, 61440, 1, 0, 0
228150, 60800, 1, 0, 0
228249, 63353, 1, 0, 0
228349, 58880, 1, 0, 0
228449, 61440, 1, 0, 0
228549, 60800, 1, 0, 0
228649, 60160, 1, 0, 0
228749, 62080, 1, 0, 0
228849, 60160, 1, 0, 0
228949, 61440, 1, 0, 0
229050, 60800, 1, 0, 0
229150, 59520, 1, 0, 0
229249, 62707, 1, 0, 0
229349, 64000, 1, 0, 0
229449, 59520, 1, 0, 0
229549, 61440, 1, 0, 0
229649, 60160, 1, 0, 0
229749, 62080, 1, 0, 0
229849, 63360, 1, 0, 0
229949, 61440, 1, 0, 0
230049, 60800, 1, 0, 0
230149, 60800, 1, 0, 0
230249, 58240, 1, 0, 0
230349, 58880, 1, 0, 0
230449, 60160, 1, 0, 0
230550, 62720, 1, 0, 0
230650, 60160, 1, 0, 0
230749, 62060, 1, 0, 0
230849, 62720, 1, 0, 0
230949, 60800, 1, 0, 0
231049, 61440, 1, 0, 0
231149, 60800, 1, 0, 0
231249, 62080, 1, 0, 0
231349, 62080, 1, 0, 0
231449, 58240, 1, 0, 0
231549, 59520, 1, 0, 0
231649, 60160, 1, 0, 0
231750, 60160, 1, 0, 0
231850, 60800, 1, 0, 0
231950, 60160, 1, 0, 0
232050, 61440, 1, 0, 0
232150, 60160, 1, 0, 0
232249, 58181, 1, 0, 0
232349, 62720, 1, 0, 0
232449, 60160, 1, 0, 0
232549, 62720, 1, 0, 0
232649, 60800, 1, 0, 0
232749, 59520, 1, 0, 0
232849, 57600, 1, 0, 0
232949, 60800, 1, 0, 0
233049, 62720, 1, 0, 0
233150, 58880, 1, 0, 0
233249, 58181, 1, 0, 0
233349, 58880, 1, 0, 0
233449, 60160, 1, 0, 0
233549, 60800, 1, 0, 0
233649, 57600, 1, 0, 0
233749, 58240, 1, 0, 0
233849, 60800, 1, 0, 0
233949, 57600, 1, 0, 0
234049, 64000, 1, 0, 0
234149, 61440, 1, 0, 0
234249, 62080, 1, 0, 0
234349, 61440, 1, 0, 0
234449, 61440, 1, 0, 0
234550, 58240, 1, 0, 0
234650, 57600, 1, 0, 0
234749, 58181, 1, 0, 0
234849, 61440, 1, 0, 0
234949, 62720, 1, 0, 0
235049, 60800, 1, 0, 0
235149, 61440, 1, 0, 0
235249, 59520, 1, 0, 0
235349, 62080, 1, 0, 0
235449, 61440, 1, 0, 0
235549, 62080, 1, 0, 0
235649, 64640, 1, 0, 0
235749, 60160, 1, 0, 0
235849, 62080, 1, 0, 0
235949, 60800, 1, 0, 0
236050, 59520, 1, 0, 0
236150, 63360, 1, 0, 0
236249, 65292, 1, 0, 0
236349, 64000, 1, 0, 0
236449, 60800, 1, 0, 0
236549, 60800, 1, 0, 0
236649, 62720, 1, 0, 0
236749, 61440, 1, 0, 0
236849, 64000, 1, 0, 0
236949, 61440, 1, 0, 0
237049, 58880, 1, 0, 0
237149, 62720, 1, 0, 0
237250, 58880, 1, 0, 0
237350, 62720, 1, 0, 0
237450, 62720, 1, 0, 0
237550, 63360, 1, 0, 0
237650, 64640, 1, 0, 0
237749, 62707, 1, 0, 0
237849, 62720, 1, 0, 0
237949, 61440, 1, 0, 0
238049, 56320, 1, 0, 0
238149, 63360, 1, 0, 0
238249, 62720, 1, 0, 0
238349, 62080, 1, 0, 0
238449, 64640, 1, 0, 0
238549, 60800, 1, 0, 0
238650, 64000, 1, 0, 0
238749, 62707, 1, 0, 0
238849, 62720, 1, 0, 0
238949, 62720, 1, 0, 0
239049, 63360, 1, 0, 0
239149, 65280, 1, 0, 0
239249, 60800, 1, 0, 0
239349, 65280, 1, 0, 0
239449, 60800, 1, 0, 0
239549, 59520, 1, 0, 0
239649, 63360, 1, 0, 0
239749, 63360, 1, 0, 0
239849, 61440, 1, 0, 0
239949, 60800, 1, 0, 0
240050, 61440, 1, 0, 0
240150, 63360, 1, 0, 0
240249, 63353, 1, 0, 0
240349, 62080, 1, 0, 0
240449, 62720, 1, 0, 0
240549, 64000, 1, 0, 0
240649, 65920, 1, 0, 0
240749, 62720, 1, 0, 0
240849, 62720, 1, 0, 0
240949, 62080, 1, 0, 0
241049, 62080, 1, 0, 0
241149, 60800, 1, 0, 0
241249, 60160, 1, 0, 0
241350, 62080, 1, 0, 0
241450, 59520, 1, 0, 0
241550, 60800, 1, 0, 0
241650, 61440, 1, 0, 0
241749, 61414, 1, 0, 0
241849, 62080, 1, 0, 0
241949, 64000, 1, 0, 0
242049, 64000, 1, 0, 0
242149, 62720, 1, 0, 0
242249, 60160, 1, 0, 0
242349, 57600, 1, 0, 0
242449, 63360, 1, 0, 0
242549, 62080, 1, 0, 0
242649, 62080, 1, 0, 0
242750, 62720, 1, 0, 0
242850, 62720, 1, 0, 0
242950, 64640, 1, 0, 0
243050, 61440, 1, 0, 0
243150, 61440, 1, 0, 0
243249, 59474, 1, 0, 0
243349, 63360, 1, 0, 0
243449, 63360, 1, 0, 0
243549, 60800, 1, 0, 0
243649, 62720, 1, 0, 0
243749, 61440, 1, 0, 0
243849, 58880, 1, 0, 0
243949, 59520, 1, 0, 0
244050, 62080, 1, 0, 0
244150, 60160, 1, 0, 0
244249, 64000, 1, 0, 0
244349, 60160, 1, 0, 0
244449, 60160, 1, 0, 0
244549, 60160, 1, 0, 0
244649, 64640, 1, 0, 0
244749, 61440, 1, 0, 0
244849, 60800, 1, 0, 0
244949, 59520, 1, 0, 0
245049, 61440, 1, 0, 0
245149, 60800, 1, 0, 0
245249, 61440, 1, 0, 0
245349, 61440, 1, 0, 0
245450, 60160, 1, 0, 0
245550, 62720, 1, 0, 0
245650, 62720, 1, 0, 0
245749, 60121, 1, 0, 0
245849, 59520, 1, 0, 0
245949, 60160, 1, 0, 0
246049, 60160, 1, 0, 0
246149, 61440, 1, 0, 0
246249, 58240, 1, 0, 0
246349, 61440, 1, 0, 0
246449, 60160, 1, 0, 0
246549, 62720, 1, 0, 0
246649, 58880, 1, 0, 0
246750, 60800, 1, 0, 0
246850, 62080, 1, 0, 0
246950, 60800, 1, 0, 0
247050, 64000, 1, 0, 0
247150, 60160, 1, 0, 0
247249, 60767, 1, 0, 0
247349, 59520, 1, 0, 0
247449, 60160, 1, 0, 0
247549, 61440, 1, 0, 0
247649, 62080, 1, 0, 0
247749, 58240, 1, 0, 0
247849, 62720, 1, 0, 0
247949, 57600, 1, 0, 0
248049, 57600, 1, 0, 0
248150, 57600, 1, 0, 0
248249, 62060, 1, 0, 0
248349, 59520, 1, 0, 0
248449, 60160, 1, 0, 0
248549, 59520, 1, 0, 0
248649, 62080, 1, 0, 0
248749, 63360, 1, 0, 0
248849, 58240, 1, 0, 0
248949, 60160, 1, 0, 0
249049, 60160, 1, 0, 0
249149, 62720, 1, 0, 0
249249, 60800, 1, 0, 0
249349, 59520, 1, 0, 0
249449, 61440, 1, 0, 0
249550, 61440, 1, 0, 0
249650, 56320, 1, 0, 0
249749, 61414, 1, 0, 0
249849, 60800, 1, 0, 0
249949, 63360, 1, 0, 0
250049, 62720, 1, 0, 0
250149, 62080, 1, 0, 0
250249, 57600, 1, 0, 0
250349, 64000, 1, 0, 0
250449, 61440, 1, 0, 0
250549, 60800, 1, 0, 0
250649, 61440, 1, 0, 0
250749, 60160, 1, 0, 0
250850, 60160, 1, 0, 0
250950, 61440, 1, 0, 0
251050, 62080, 1, 0, 0
251150, 62720, 1, 0, 0
251249, 61414, 1, 0, 0
251349, 62720, 1, 0, 0
251449, 60160, 1, 0, 0
251549, 58880, 1, 0, 0
251649, 63360, 1, 0, 0
251749, 63360, 1, 0, 0
251849, 60160, 1, 0, 0
251949, 63360, 1, 0, 0
252049, 59520, 1, 0, 0
252149, 64000, 1, 0, 0
252250, 58240, 1, 0, 0
252350, 62080, 1, 0, 0
252450, 62720, 1, 0, 0
252550, 59520, 1, 0, 0
252650, 61440, 1, 0, 0
252749, 60767, 1, 0, 0
252849, 62080, 1, 0, 0
252949, 60160, 1, 0, 0
253049, 60800, 1, 0, 0
253149, 56960, 1, 0, 0
253249, 62080, 1, 0, 0
253349, 62080, 1, 0, 0
253449, 62720, 1, 0, 0
253550, 58880, 1, 0, 0
253650, 62080, 1, 0, 0
253749, 64000, 1, 0, 0
253849, 58880, 1, 0, 0
253949, 60160, 1, 0, 0
254049, 61440, 1, 0, 0
254149, 61440, 1, 0, 0
254249, 56320, 1, 0, 0
254349, 61440, 1, 0, 0
254449, 61440, 1, 0, 0
254549, 60800, 1, 0, 0
254649, 63360, 1, 0, 0
254749, 62720, 1, 0, 0
254849, 61440, 1, 0, 0
254949, 63360, 1, 0, 0
255050, 61440, 1, 0, 0
255150, 60800, 1, 0, 0
255249, 63353, 1, 0, 0
255349, 60800, 1, 0, 0
255449, 62080, 1, 0, 0
255549, 62720, 1, 0, 0
255649, 60160, 1, 0, 0
255749, 60800, 1, 0, 0
255849, 64000, 1, 0, 0
255949, 62080, 1, 0, 0
256049, 60160, 1, 0, 0
256149, 63360, 1, 0, 0
256250, 59520, 1, 0, 0
256350, 60160, 1, 0, 0
256450, 60800, 1, 0, 0
256550, 61440, 1, 0, 0
256650, 62080, 1, 0, 0
256749, 61414, 1, 0, 0
256849, 61440, 1, 0, 0
256949, 62080, 1, 0, 0
257049, 62720, 1, 0, 0
257149, 61440, 1, 0, 0
257249, 61440, 1, 0, 0
257349, 61440, 1, 0, 0
257449, 62080, 1, 0, 0
257549, 62720, 1, 0, 0
257649, 57600, 1, 0, 0
257749, 60121, 1, 0, 0
257849, 61440, 1, 0, 0
257949, 61440, 1, 0, 0
258049, 62720, 1, 0, 0
258149, 60800, 1, 0, 0
258249, 62720, 1, 0, 0
258349, 60160, 1, 0, 0
258449, 62080, 1, 0, 0
258549, 64000, 1, 0, 0
258649, 63360, 1, 0, 0
258749, 63360, 1, 0, 0
258849, 65280, 1, 0, 0
258949, 60800, 1, 0, 0
259050, 62720, 1, 0, 0
259150, 60800, 1, 0, 0
259249, 59474, 1, 0, 0
259349, 60160, 1, 0, 0
259449, 58880, 1, 0, 0
259549, 62720, 1, 0, 0
259649, 58880, 1, 0, 0
259749, 60800, 1, 0, 0
259849, 61440, 1, 0, 0
259949, 60800, 1, 0, 0
260049, 60160, 1, 0, 0
260149, 61440, 1, 0, 0
260249, 62080, 1, 0, 0
260349, 62080, 1, 0, 0
260449, 62720, 1, 0, 0
260550, 60800, 1, 0, 0
260650, 60800, 1, 0, 0
260749, 62060, 1, 0, 0
260849, 62720, 1, 0, 0
260949, 61440, 1, 0, 0
261049, 62080, 1, 0, 0
261149, 60160, 1, 0, 0
261249, 61440, 1, 0, 0
261349, 64000, 1, 0, 0
261449, 62720, 1, 0, 0
261549, 60160, 1, 0, 0
261649, 62080, 1, 0, 0
261750, 64640, 1, 0, 0
261850, 62720, 1, 0, 0
261950, 62080, 1, 0, 0
262050, 60160, 1, 0, 0
262150, 59520, 1, 0, 0
262249, 58828, 1, 0, 0
262349, 62080, 1, 0, 0
262449, 60800, 1, 0, 0
262549, 65280, 1, 0, 0
262649, 60160, 1, 0, 0
262749, 60160, 1, 0, 0
262849, 62080, 1, 0, 0
262949, 61440, 1, 0, 0
263049, 62720, 1, 0, 0
263150, 60160, 1, 0, 0
263249, 59474, 1, 0, 0
263349, 59520, 1, 0, 0
263449, 58880, 1, 0, 0
263549, 60160, 1, 0, 0
263649, 60800, 1, 0, 0
263749, 60160, 1, 0, 0
263849, 60800, 1, 0, 0
263949, 59520, 1, 0, 0
264049, 60160, 1, 0, 0
264149, 58880, 1, 0, 0
264249, 57600, 1, 0, 0
264349, 59520, 1, 0, 0
264449, 58240, 1, 0, 0
264550, 61440, 1, 0, 0
264650, 62720, 1, 0, 0
264749, 60121, 1, 0, 0
264849, 60160, 1, 0, 0
264949, 64000, 1, 0, 0
265049, 60160, 1, 0, 0
265149, 57600, 1, 0, 0
265249, 62720, 1, 0, 0
265349, 60800, 1, 0, 0
265449, 60800, 1, 0, 0
265549, 60160, 1, 0, 0
265649, 57600, 1, 0, 0
265750, 56960, 1, 0, 0
265850, 60800, 1, 0, 0
265950, 60800, 1, 0, 0
266050, 62080, 1, 0, 0
266150, 60800, 1, 0, 0
266249, 58828, 1, 0, 0
266349, 56960, 1, 0, 0
266449, 62080, 1, 0, 0
266549, 56320, 1, 0, 0
266649, 62080, 1, 0, 0
266749, 60160, 1, 0, 0
266849, 58240, 1, 0, 0
266949, 58240, 1, 0, 0
267049, 58240, 1, 0, 0
267150, 62080, 1, 0, 0
267249, 61414, 1, 0, 0
267349, 59520, 1, 0, 0
267449, 56960, 1, 0, 0
267549, 58240, 1, 0, 0
267649, 58240, 1, 0, 0
267749, 55040, 1, 0, 0
267849, 58880, 1, 0, 0
267949, 59520, 1, 0, 0
268049, 59520, 1, 0, 0
268149, 60160, 1, 0, 0
268249, 58240, 1, 0, 0
268349, 58240, 1, 0, 0
268449, 58880, 1, 0, 0
268550, 63360, 1, 0, 0
268650, 59520, 1, 0, 0
268749, 58181, 1, 0, 0
268849, 59520, 1, 0, 0
268949, 60800, 1, 0, 0
269049, 64640, 1, 0, 0
269149, 62080, 1, 0, 0
269249, 60160, 1, 0, 0
269349, 60160, 1, 0, 0
269449, 58880, 1, 0, 0
269549, 60160, 1, 0, 0
269649, 58880, 1, 0, 0
269750, 58880, 1, 0, 0
269850, 60160, 1, 0, 0
269950, 61440, 1, 0, 0
270050, 59520, 1, 0, 0
270150, 62720, 1, 0, 0
270249, 59474, 1, 0, 0
270349, 58240, 1, 0, 0
270449, 62080, 1, 0, 0
270549, 59520, 1, 0, 0
270649, 60800, 1, 0, 0
270749, 63360, 1, 0, 0
270849, 62720, 1, 0, 0
270949, 60160, 1, 0, 0
271049, 58880, 1, 0, 0
271150, 61440, 1, 0, 0
271249, 58828, 1, 0, 0
271349, 61440, 1, 0, 0
271449, 62720, 1, 0, 0
271549, 60800, 1, 0, 0
271649, 58240, 1, 0, 0
271749, 62720, 1, 0, 0
271849, 62080, 1, 0, 0
271949, 62080, 1, 0, 0
272049, 62720, 1, 0, 0
272149, 62720, 1, 0, 0
272249, 60160, 1, 0, 0
272349, 60800, 1, 0, 0
272449, 60160, 1, 0, 0
272550, 62080, 1, 0, 0
272650, 61440, 1, 0, 0
272749, 63353, 1, 0, 0
272849, 60800, 1, 0, 0
272949, 60160, 1, 0, 0
273049, 62080, 1, 0, 0
273149, 58240, 1, 0, 0
273249, 57600, 1, 0, 0
273349, 60800, 1, 0, 0
273449, 62720, 1, 0, 0
273549, 60160, 1, 0, 0
273649, 58240, 1, 0, 0
273749, 61440, 1, 0, 0
273849, 62720, 1, 0, 0
273949, 61440, 1, 0, 0
274050, 61440, 1, 0, 0
274150, 60800, 1, 0, 0
274249, 60121, 1, 0, 0
274349, 62720, 1, 0, 0
274449, 61440, 1, 0, 0
274549, 58240, 1, 0, 0
274649, 60160, 1, 0, 0
274749, 63360, 1, 0, 0
274849, 57600, 1, 0, 0
274949, 58880, 1, 0, 0
275049, 62720, 1, 0, 0
275149, 60800, 1, 0, 0
275250, 64640, 1, 0, 0
275350, 64000, 1, 0, 0
275450, 64000, 1, 0, 0
275550, 64000, 1, 0, 0
275650, 62720, 1, 0, 0
275749, 62707, 1, 0, 0
275849, 60800, 1, 0, 0
275949, 63360, 1, 0, 0
276049, 64000, 1, 0, 0
276149, 62080, 1, 0, 0
276249, 62080, 1, 0, 0
276349, 62720, 1, 0, 0
276449, 60160, 1, 0, 0
276549, 63360, 1, 0, 0
276649, 62720, 1, 0, 0
276749, 63353, 1, 0, 0
276849, 62720, 1, 0, 0
276949, 60800, 1, 0, 0
277049, 58880, 1, 0, 0
277149, 60160, 1, 0, 0
277249, 64000, 1, 0, 0
277349, 62720, 1, 0, 0
277449, 65920, 1, 0, 0
277549, 62080, 1, 0, 0
277649, 64640, 1, 0, 0
277749, 60800, 1, 0, 0
277849, 61440, 1, 0, 0
277949, 57600, 1, 0, 0
278050, 60800, 1, 0, 0
278150, 63360, 1, 0, 0
278249, 58181, 1, 0, 0
278349, 61440, 1, 0, 0
278449, 63360, 1, 0, 0
278549, 60800, 1, 0, 0
278649, 63360, 1, 0, 0
278749, 64000, 1, 0, 0
278849, 59520, 1, 0, 0
278949, 62720, 1, 0, 0
279049, 58880, 1, 0, 0
279149, 62080, 1, 0, 0
279249, 62720, 1, 0, 0
279349, 60800, 1, 0, 0
279450, 62080, 1, 0, 0
279550, 62720, 1, 0, 0
279650, 60160, 1, 0, 0
279749, 63353, 1, 0, 0
279849, 61440, 1, 0, 0
279949, 62080, 1, 0, 0
280049, 62080, 1, 0, 0
280149, 61440, 1, 0, 0
280249, 62720, 1, 0, 0
280349, 58240, 1, 0, 0
280449, 59520, 1, 0, 0
280549, 59520, 1, 0, 0
280649, 61440, 1, 0, 0
280750, 60160, 1, 0, 0
280850, 65280, 1, 0, 0
280950, 63360, 1, 0, 0
281050, 61440, 1, 0, 0
281150, 59520, 1, 0, 0
281249, 62060, 1, 0, 0
281349, 63360, 1, 0, 0
281449, 62080, 1, 0, 0
281549, 60800, 1, 0, 0
281649, 61440, 1, 0, 0
281749, 61440, 1, 0, 0
281849, 61440, 1, 0, 0
281949, 60800, 1, 0, 0
282049, 62080, 1, 0, 0
282149, 60160, 1, 0, 0
282250, 60800, 1, 0, 0
282350, 63360, 1, 0, 0
282450, 60160, 1, 0, 0
282550, 60800, 1, 0, 0
282650, 62720, 1, 0, 0
282749, 62060, 1, 0, 0
282849, 61440, 1, 0, 0
282949, 61440, 1, 0, 0
283049, 58240, 1, 0, 0
283149, 62080, 1, 0, 0
283249, 61440, 1, 0, 0
283349, 64640, 1, 0, 0
283449, 59520, 1, 0, 0
283549, 55680, 1, 0, 0
283650, 59520, 1, 0, 0
283749, 62060, 1, 0, 0
283849, 62080, 1, 0, 0
283949, 60160, 1, 0, 0
284049, 60160, 1, 0, 0
284149, 61440, 1, 0, 0
284249, 60800, 1, 0, 0
284349, 59520, 1, 0, 0
284449, 59520, 1, 0, 0
284549, 61440, 1, 0, 0
284649, 60160, 1, 0, 0
284749, 62720, 1, 0, 0
284849, 64000, 1, 0, 0
284949, 62720, 1, 0, 0
285050, 63360, 1, 0, 0
285150, 60800, 1, 0, 0
285249, 63353, 1, 0, 0
285349, 63360, 1, 0, 0
285449, 60160, 1, 0, 0
285549, 60160, 1, 0, 0
285649, 64000, 1, 0, 0
285749, 63360, 1, 0, 0
285849, 62720, 1, 0, 0
285949, 60160, 1, 0, 0
286049, 61440, 1, 0, 0
286149, 60800, 1, 0, 0
286250, 60160, 1, 0, 0
286350, 62080, 1, 0, 0
286450, 62080, 1, 0, 0
286550, 63360, 1, 0, 0
286650, 63360, 1, 0, 0
286749, 65939, 1, 0, 0
286849, 62720, 1, 0, 0
286949, 60160, 1, 0, 0
287049, 63360, 1, 0, 0
287149, 62080, 1, 0, 0
287249, 65920, 1, 0, 0
287349, 64640, 1, 0, 0
287449, 63360, 1, 0, 0
287549, 59520, 1, 0, 0
287650, 61440, 1, 0, 0
287749, 62060, 1, 0, 0
287849, 61440, 1, 0, 0
287949, 62720, 1, 0, 0
288049, 65920, 1, 0, 0
288149, 62080, 1, 0, 0
288249, 62080, 1, 0, 0
288349, 62080, 1, 0, 0
288449, 63360, 1, 0, 0
288549, 60160, 1, 0, 0
288649, 63360, 1, 0, 0
288749, 62080, 1, 0, 0
288849, 64640, 1, 0, 0
288949, 63360, 1, 0, 0
289050, 61440, 1, 0, 0
289150, 57600, 1, 0, 0
289249, 62060, 1, 0, 0
289349, 61440, 1, 0, 0
289449, 60800, 1, 0, 0
289549, 64000, 1, 0, 0
289649, 60800, 1, 0, 0
289749, 63360, 1, 0, 0
289849, 65280, 1, 0, 0
289949, 63360, 1, 0, 0
290049, 62720, 1, 0, 0
290149, 64640, 1, 0, 0
290249, 59520, 1, 0, 0
290349, 63360, 1, 0, 0
290450, 62080, 1, 0, 0
290550, 65280, 1, 0, 0
290650, 60160, 1, 0, 0
290749, 61414, 1, 0, 0
290849, 62080, 1, 0, 0
290949, 63360, 1, 0, 0
291049, 60800, 1, 0, 0
291149, 63360, 1, 0, 0
291249, 62080, 1, 0, 0
291349, 64640, 1, 0, 0
291449, 62080, 1, 0, 0
291549, 61440, 1, 0, 0
291649, 61440, 1, 0, 0
291749, 58880, 1, 0, 0
291850, 60800, 1, 0, 0
291950, 61440, 1, 0, 0
292050, 64000, 1, 0, 0
292150, 61440, 1, 0, 0
292249, 62060, 1, 0, 0
292349, 60800, 1, 0, 0
292449, 61440, 1, 0, 0
292549, 60800, 1, 0, 0
292649, 60800, 1, 0, 0
292749, 60160, 1, 0, 0
292849, 62720, 1, 0, 0
292949, 61440, 1, 0, 0
293049, 59520, 1, 0, 0
293149, 64000, 1, 0, 0
293250, 59520, 1, 0, 0
293350, 62720, 1, 0, 0
293450, 62720, 1, 0, 0
293550, 60800, 1, 0, 0
293650, 60800, 1, 0, 0
293749, 58181, 1, 0, 0
293849, 64000, 1, 0, 0
293949, 58240, 1, 0, 0
294049, 61440, 1, 0, 0
294149, 59520, 1, 0, 0
294249, 62080, 1, 0, 0
294349, 60800, 1, 0, 0
294449, 60800, 1, 0, 0
294550, 62080, 1, 0, 0
294650, 62080, 1, 0, 0
294749, 61414, 1, 0, 0
294849, 59520, 1, 0, 0
294949, 58240, 1, 0, 0
295049, 60160, 1, 0, 0
295149, 62080, 1, 0, 0
295249, 60160, 1, 0, 0
295349, 59520, 1, 0, 0
295449, 62080, 1, 0, 0
295549, 58240, 1, 0, 0
295649, 57600, 1, 0, 0
295749, 58240, 1, 0, 0
295849, 58240, 1, 0, 0
295950, 65280, 1, 0, 0
296050, 61440, 1, 0, 0
296150, 60800, 1, 0, 0
296249, 64646, 1, 0, 0
296349, 58880, 1, 0, 0
296449, 57600, 1, 0, 0
296549, 61440, 1, 0, 0
296649, 61440, 1, 0, 0
296749, 60800, 1, 0, 0
296849, 60160, 1, 0, 0
296949, 58880, 1, 0, 0
297049, 60800, 1, 0, 0
297149, 64640, 1, 0, 0
297250, 64000, 1, 0, 0
297350, 62080, 1, 0, 0
297450, 58240, 1, 0, 0
297550, 63360, 1, 0, 0
297650, 62080, 1, 0, 0
297749, 62707, 1, 0, 0
297849, 60160, 1, 0, 0
297949, 60800, 1, 0, 0
298049, 60160, 1, 0, 0
298149, 60160, 1, 0, 0
298249, 61440, 1, 0, 0
298349, 57600, 1, 0, 0
298449, 62080, 1, 0, 0
298549, 60800, 1, 0, 0
298649, 58880, 1, 0, 0
298749, 60121, 1, 0, 0
298849, 61440, 1, 0, 0
298949, 59520, 1, 0, 0
299049, 60800, 1, 0, 0
299149, 61440, 1, 0, 0
299249, 61440, 1, 0, 0
299349, 62720, 1, 0, 0
299449, 60160, 1, 0, 0
299549, 60800, 1, 0, 0
299649, 63360, 1, 0, 0
299749, 60800, 1, 0, 0
299849, 62720, 1, 0, 0
299949, 63360, 1, 0, 0
300049, 59520, 1, 0, 0
300150, 63360, 1, 0, 0
300249, 60121, 1, 0, 0
300349, 59520, 1, 0, 0
300449, 60800, 1, 0, 0
300549, 58880, 1, 0, 0
300649, 58880, 1, 0, 0
300749, 62080, 1, 0, 0
300849, 59520, 1, 0, 0
300949, 58880, 1, 0, 0
301049, 60800, 1, 0, 0
301149, 60800, 1, 0, 0
301249, 62080, 1, 0, 0
301349, 60800, 1, 0, 0
301449, 62080, 1, 0, 0
301550, 62720, 1, 0, 0
301650, 60800, 1, 0, 0
301749, 60121, 1, 0, 0
301849, 62080, 1, 0, 0
301949, 60800, 1, 0, 0
302049, 61440, 1, 0, 0
302149, 63360, 1, 0, 0
302249, 62720, 1, 0, 0
302349, 62720, 1, 0, 0
302449, 65280, 1, 0, 0
302549, 64000, 1, 0, 0
302649, 64640, 1, 0, 0
302750, 63360, 1, 0, 0
302850, 59520, 1, 0, 0
302950, 61440, 1, 0, 0
303050, 61440, 1, 0, 0
303150, 58880, 1, 0, 0
303249, 60767, 1, 0, 0
303349, 61440, 1, 0, 0
303449, 63360, 1, 0, 0
303549, 64640, 1, 0, 0
303649, 64000, 1, 0, 0
303749, 64640, 1, 0, 0
303849, 62080, 1, 0, 0
303949, 60800, 1, 0, 0
304049, 63360, 1, 0, 0
304149, 58880, 1, 0, 0
304249, 64000, 1, 0, 0
304349, 62080, 1, 0, 0
304449, 63360, 1, 0, 0
304549, 59520, 1, 0, 0
304649, 60800, 1, 0, 0
304749, 60800, 1, 0, 0
304849, 63360, 1, 0, 0
304949, 60800, 1, 0, 0
305049, 62720, 1, 0, 0
305149, 60800, 1, 0, 0
305249, 60800, 1, 0, 0
305349, 59520, 1, 0, 0
305449, 63360, 1, 0, 0
305550, 62080, 1, 0, 0
305650, 62720, 1, 0, 0
305749, 62707, 1, 0, 0
305849, 62720, 1, 0, 0
305949, 62080, 1, 0, 0
306049, 60160, 1, 0, 0
306149, 60800, 1, 0, 0
306249, 60160, 1, 0, 0
306349, 62080, 1, 0, 0
306449, 60160, 1, 0, 0
306549, 60800, 1, 0, 0
306649, 62080, 1, 0, 0
306749, 63360, 1, 0, 0
306849, 60800, 1, 0, 0
306949, 62720, 1, 0, 0
307050, 63360, 1, 0, 0
307150, 66560, 1, 0, 0
307249, 64000, 1, 0, 0
307349, 61440, 1, 0, 0
307449, 59520, 1, 0, 0
307549, 59520, 1, 0, 0
307649, 65280, 1, 0, 0
307749, 61440, 1, 0, 0
307849, 64000, 1, 0, 0
307949, 60800, 1, 0, 0
308050, 64640, 1, 0, 0
308150, 63360, 1, 0, 0
308249, 62060, 1, 0, 0
308349, 64000, 1, 0, 0
308449, 62080, 1, 0, 0
308549, 61440, 1, 0, 0
308649, 63360, 1, 0, 0
308749, 59520, 1, 0, 0
308849, 61440, 1, 0, 0
308949, 61440, 1, 0, 0
309049, 62720, 1, 0, 0
309149, 62720, 1, 0, 0
309249, 60800, 1, 0, 0
309349, 58880, 1, 0, 0
309449, 58880, 1, 0, 0
309550, 61440, 1, 0, 0
309650, 64000, 1, 0, 0
309749, 61414, 1, 0, 0
309849, 62720, 1, 0, 0
309949, 62720, 1, 0, 0
310049, 61440, 1, 0, 0
310149, 62080, 1, 0, 0
310249, 62080, 1, 0, 0
310349, 62720, 1, 0, 0
310449, 64000, 1, 0, 0
310549, 62720, 1, 0, 0
310649, 66560, 1, 0, 0
310749, 65280, 1, 0, 0
310850, 64000, 1, 0, 0
310950, 64640, 1, 0, 0
311050, 62080, 1, 0, 0
311150, 59520, 1, 0, 0
311249, 64646, 1, 0, 0
311349, 62080, 1, 0, 0
311449, 62720, 1, 0, 0
311549, 62080, 1, 0, 0
311649, 64000, 1, 0, 0
311749, 60160, 1, 0, 0
311849, 62080, 1, 0, 0
311949, 65920, 1, 0, 0
312049, 65280, 1, 0, 0
312149, 62080, 1, 0, 0
312249, 62707, 1, 0, 0
312349, 66560, 1, 0, 0
312449, 62720, 1, 0, 0
312549, 63360, 1, 0, 0
312649, 65920, 1, 0, 0
312749, 60800, 1, 0, 0
312849, 62720, 1, 0, 0
312949, 62720, 1, 0, 0
313049, 62080, 1, 0, 0
313149, 63360, 1, 0, 0
313249, 62080, 1, 0, 0
313349, 60800, 1, 0, 0
313449, 61440, 1, 0, 0
313550, 65920, 1, 0, 0
313650, 62720, 1, 0, 0
313749, 61414, 1, 0, 0
313849, 61440, 1, 0, 0
313949, 62720, 1, 0, 0
314049, 64000, 1, 0, 0
314149, 63360, 1, 0, 0
314249, 61440, 1, 0, 0
314349, 61440, 1, 0, 0
314449, 62720, 1, 0, 0
314549, 60160, 1, 0, 0
314649, 62080, 1, 0, 0
314749, 61440, 1, 0, 0
314849, 61440, 1, 0, 0
314949, 59520, 1, 0, 0
315050, 60160, 1, 0, 0
315150, 62080, 1, 0, 0
315249, 60121, 1, 0, 0
315349, 64000, 1, 0, 0
315449, 62720, 1, 0, 0
315549, 60800, 1, 0, 0
315649, 61440, 1, 0, 0
315749, 60160, 1, 0, 0
315849, 62080, 1, 0, 0
315949, 61440, 1, 0, 0
316049, 62080, 1, 0, 0
316149, 62080, 1, 0, 0
316250, 63360, 1, 0, 0
316350, 61440, 1, 0, 0
316450, 60800, 1, 0, 0
316550, 62080, 1, 0, 0
316650, 58880, 1, 0, 0
316749, 60767, 1, 0, 0
316849, 60160, 1, 0, 0
316949, 62080, 1, 0, 0
317049, 60160, 1, 0, 0
317149, 58880, 1, 0, 0
317249, 60160, 1, 0, 0
317349, 61440, 1, 0, 0
317449, 60800, 1, 0, 0
317549, 60800, 1, 0, 0
317649, 62080, 1, 0, 0
317749, 60767, 1, 0, 0
317849, 61440, 1, 0, 0
317949, 61440, 1, 0, 0
318049, 62080, 1, 0, 0
318149, 64640, 1, 0, 0
318249, 61440, 1, 0, 0
318349, 64000, 1, 0, 0
318449, 59520, 1, 0, 0
318549, 61440, 1, 0, 0
318649, 62080, 1, 0, 0
318749, 62720, 1, 0, 0
318849, 60160, 1, 0, 0
318949, 58880, 1, 0, 0
319050, 60160, 1, 0, 0
319150, 60800, 1, 0, 0
319249, 60767, 1, 0, 0
319349, 60160, 1, 0, 0
319449, 63360, 1, 0, 0
319549, 65280, 1, 0, 0
319649, 60800, 1, 0, 0
319749, 62720, 1, 0, 0
319849, 62720, 1, 0, 0
319949, 62080, 1, 0, 0
320049, 64640, 1, 0, 0
320149, 63360, 1, 0, 0
320249, 60160, 1, 0, 0
320349, 61440, 1, 0, 0
320449, 63360, 1, 0, 0
320550, 61440, 1, 0, 0
320650, 61440, 1, 0, 0
320749, 60767, 1, 0, 0
320849, 62080, 1, 0, 0
320949, 60160, 1, 0, 0
321049, 62080, 1, 0, 0
321149, 63360, 1, 0, 0
321249, 63360, 1, 0, 0
321349, 64640, 1, 0, 0
321449, 61440, 1, 0, 0
321549, 62720, 1, 0, 0
321649, 61440, 1, 0, 0
321749, 64640, 1, 0, 0
321850, 62080, 1, 0, 0
321950, 63360, 1, 0, 0
322050, 64000, 1, 0, 0
322150, 62720, 1, 0, 0
322249, 64000, 1, 0, 0
322349, 64640, 1, 0, 0
322449, 65280, 1, 0, 0
322549, 62720, 1, 0, 0
322649, 59520, 1, 0, 0
322749, 62080, 1, 0, 0
322849, 64640, 1, 0, 0
322949, 61440, 1, 0, 0
323049, 60800, 1, 0, 0
323149, 63360, 1, 0, 0
323249, 60121, 1, 0, 0
323349, 60160, 1, 0, 0
323449, 62080, 1, 0, 0
323549, 60800, 1, 0, 0
323649, 61440, 1, 0, 0
323749, 62080, 1, 0, 0
323849, 64000, 1, 0, 0
323949, 63360, 1, 0, 0
324049, 62720, 1, 0, 0
324149, 61440, 1, 0, 0
324249, 62080, 1, 0, 0
324349, 62720, 1, 0, 0
324449, 60160, 1, 0, 0
324550, 58240, 1, 0, 0
324650, 58880, 1, 0, 0
324749, 63353, 1, 0, 0
324849, 61440, 1, 0, 0
324949, 62080, 1, 0, 0
325049, 62720, 1, 0, 0
325149, 63360, 1, 0, 0
325249, 64640, 1, 0, 0
325349, 62720, 1, 0, 0
325449, 60800, 1, 0, 0
325549, 62720, 1, 0, 0
325649, 63360, 1, 0, 0
325749, 62720, 1, 0, 0
325849, 60160, 1, 0, 0
325950, 63360, 1, 0, 0
326050, 65280, 1, 0, 0
326150, 60800, 1, 0, 0
326249, 61414, 1, 0, 0
326349, 62080, 1, 0, 0
326449, 61440, 1, 0, 0
326549, 62720, 1, 0, 0
326649, 61440, 1, 0, 0
326749, 58880, 1, 0, 0
326849, 60160, 1, 0, 0
326949, 61440, 1, 0, 0
327049, 60800, 1, 0, 0
327149, 65280, 1, 0, 0
327249, 60800, 1, 0, 0
327350, 61440, 1, 0, 0
327450, 60800, 1, 0, 0
327550, 59520, 1, 0, 0
327650, 60160, 1, 0, 0
327749, 60767, 1, 0, 0
327849, 64000, 1, 0, 0
327949, 59520, 1, 0, 0
328049, 61440, 1, 0, 0
328149, 63360, 1, 0, 0
328249, 64640, 1, 0, 0
328349, 60160, 1, 0, 0
328449, 65280, 1, 0, 0
328549, 64640, 1, 0, 0
328649, 62720, 1, 0, 0
328750, 62720, 1, 0, 0
328850, 62080, 1, 0, 0
328950, 61440, 1, 0, 0
329050, 64000, 1, 0, 0
329150, 62080, 1, 0, 0
329249, 59474, 1, 0, 0
329349, 64640, 1, 0, 0
329449, 62080, 1, 0, 0
329549, 62720, 1, 0, 0
329649, 62720, 1, 0, 0
329749, 64640, 1, 0, 0
329849, 63360, 1, 0, 0
329949, 62720, 1, 0, 0
330049, 64000, 1, 0, 0
330149, 64640, 1, 0, 0
330249, 62060, 1, 0, 0
330349, 61440, 1, 0, 0
330449, 61440, 1, 0, 0
330549, 62080, 1, 0, 0
330649, 62720, 1, 0, 0
330749, 64000, 1, 0, 0
330849, 61440, 1, 0, 0
330949, 58880, 1, 0, 0
331049, 62080, 1, 0, 0
331149, 64000, 1, 0, 0
331249, 58880, 1, 0, 0
331349, 60160, 1, 0, 0
331449, 57600, 1, 0, 0
331550, 63360, 1, 0, 0
331650, 64000, 1, 0, 0
331749, 61414, 1, 0, 0
331849, 62720, 1, 0, 0
331949, 64640, 1, 0, 0
332049, 62080, 1, 0, 0
332149, 61440, 1, 0, 0
332249, 60160, 1, 0, 0
332349, 66560, 1, 0, 0
332449, 62720, 1, 0, 0
332549, 62080, 1, 0, 0
332649, 63360, 1, 0, 0
332749, 59520, 1, 0, 0
332849, 63360, 1, 0, 0
332950, 62720, 1, 0, 0
333050, 65280, 1, 0, 0
333150, 64000, 1, 0, 0
333249, 61414, 1, 0, 0
333349, 60160, 1, 0, 0
333449, 66560, 1, 0, 0
333549, 58240, 1, 0, 0
333649, 65920, 1, 0, 0
333749, 62080, 1, 0, 0
333849, 60800, 1, 0, 0
333949, 62720, 1, 0, 0
334049, 64640, 1, 0, 0
334149, 61440, 1, 0, 0
334250, 64000, 1, 0, 0
334350, 63360, 1, 0, 0
334450, 62720, 1, 0, 0
334550, 63360, 1, 0, 0
334650, 63360, 1, 0, 0
334749, 62060, 1, 0, 0
334849, 61440, 1, 0, 0
334949, 61440, 1, 0, 0
335049, 60160, 1, 0, 0
335149, 62080, 1, 0, 0
335249, 63360, 1, 0, 0
335349, 61440, 1, 0, 0
335449, 63360, 1, 0, 0
335549, 58880, 1, 0, 0
335649, 62720, 1, 0, 0
335749, 62707, 1, 0, 0
335849, 65280, 1, 0, 0
335949, 60160, 1, 0, 0
336049, 63360, 1, 0, 0
336149, 60160, 1, 0, 0
336249, 60800, 1, 0, 0
336349, 64640, 1, 0, 0
336449, 62720, 1, 0, 0
336549, 61440, 1, 0, 0
336649, 60800, 1, 0, 0
336749, 65280, 1, 0, 0
336849, 64000, 1, 0, 0
336949, 62720, 1, 0, 0
337050, 60800, 1, 0, 0
337150, 61440, 1, 0, 0
337249, 62060, 1, 0, 0
337349, 62080, 1, 0, 0
337449, 62080, 1, 0, 0
337549, 62720, 1, 0, 0
337649, 62720, 1, 0, 0
337749, 62720, 1, 0, 0
337849, 61440, 1, 0, 0
337949, 60800, 1, 0, 0
338049, 64640, 1, 0, 0
338149, 62080, 1, 0, 0
338249, 59520, 1, 0, 0
338349, 62080, 1, 0, 0
338449, 60160, 1, 0, 0
338550, 61440, 1, 0, 0
338650, 62080, 1, 0, 0
338749, 62707, 1, 0, 0
338849, 61440, 1, 0, 0
338949, 62720, 1, 0, 0
339049, 62720, 1, 0, 0
339149, 62720, 1, 0, 0
339249, 61440, 1, 0, 0
339349, 60800, 1, 0, 0
339449, 58880, 1, 0, 0
339549, 60800, 1, 0, 0
339649, 61440, 1, 0, 0
339750, 60160, 1, 0, 0
339850, 62720, 1, 0, 0
339950, 62720, 1, 0, 0
340050, 62080, 1, 0, 0
340150, 62080, 1, 0, 0
340249, 65939, 1, 0, 0
340349, 59520, 1, 0, 0
340449, 60800, 1, 0, 0
340549, 60800, 1, 0, 0
340649, 62720, 1, 0, 0
340749, 62080, 1, 0, 0
340849, 60160, 1, 0, 0
340949, 60160, 1, 0, 0
341049, 60160, 1, 0, 0
341149, 59520, 1, 0, 0
341249, 59474, 1, 0, 0
341349, 60800, 1, 0, 0
341449, 60800, 1, 0, 0
341549, 62080, 1, 0, 0
341649, 62720, 1, 0, 0
341749, 62720, 1, 0, 0
341849, 61440, 1, 0, 0
341949, 61440, 1, 0, 0
342049, 58880, 1, 0, 0
342149, 60800, 1, 0, 0
342249, 63360, 1, 0, 0
342349, 62720, 1, 0, 0
342449, 59520, 1, 0, 0
342550, 63360, 1, 0, 0
342650, 60800, 1, 0, 0
342749, 62060, 1, 0, 0
342849, 63360, 1, 0, 0
342949, 60160, 1, 0, 0
343049, 62080, 1, 0, 0
343149, 59520, 1, 0, 0
343249, 60800, 1, 0, 0
343349, 60160, 1, 0, 0
343449, 62080, 1, 0, 0
343549, 62720, 1, 0, 0
343649, 62720, 1, 0, 0
343749, 61440, 1, 0, 0
343849, 64000, 1, 0, 0
343949, 62720, 1, 0, 0
344050, 61440, 1, 0, 0
344150, 61440, 1, 0, 0
344249, 57535, 1, 0, 0
344349, 59520, 1, 0, 0
344449, 61440, 1, 0, 0
344549, 58240, 1, 0, 0
344649, 61440, 1, 0, 0
344749, 60160, 1, 0, 0
344849, 61440, 1, 0, 0
344949, 63360, 1, 0, 0
345049, 60160, 1, 0, 0
345149, 62720, 1, 0, 0
345249, 60160, 1, 0, 0
345350, 62720, 1, 0, 0
345450, 59520, 1, 0, 0
345550, 58240, 1, 0, 0
345650, 58240, 1, 0, 0
345749, 60121, 1, 0, 0
345849, 59520, 1, 0, 0
345949, 57600, 1, 0, 0
346049, 60800, 1, 0, 0
346149, 57600, 1, 0, 0
346249, 58880, 1, 0, 0
346349, 60160, 1, 0, 0
346449, 61440, 1, 0, 0
346549, 60800, 1, 0, 0
346649, 61440, 1, 0, 0
346750, 58880, 1, 0, 0
346850, 57600, 1, 0, 0
346950, 59520, 1, 0, 0
347050, 64640, 1, 0, 0
347150, 59520, 1, 0, 0
347249, 61414, 1, 0, 0
347349, 60800, 1, 0, 0
347449, 56960, 1, 0, 0
347549, 60160, 1, 0, 0
347649, 61440, 1, 0, 0
347749, 58880, 1, 0, 0
347849, 60160, 1, 0, 0
347949, 58240, 1, 0, 0
348050, 60800, 1, 0, 0
348150, 60800, 1, 0, 0
348249, 60121, 1, 0, 0
348349, 60160, 1, 0, 0
348449, 57600, 1, 0, 0
348549, 59520, 1, 0, 0
348649, 58880, 1, 0, 0
348749, 57600, 1, 0, 0
348849, 57600, 1, 0, 0
348949, 64000, 1, 0, 0
349049, 61440, 1, 0, 0
349149, 60160, 1, 0, 0
349249, 60800, 1, 0, 0
349349, 58240, 1, 0, 0
349449, 59520, 1, 0, 0
349550, 57600, 1, 0, 0
349650, 60160, 1, 0, 0
349749, 58181, 1, 0, 0
349849, 58880, 1, 0, 0
349949, 59520, 1, 0, 0
350049, 58240, 1, 0, 0
350149, 60800, 1, 0, 0
350249, 61440, 1, 0, 0
350349, 60160, 1, 0, 0
350449, 57600, 1, 0, 0
350549, 58240, 1, 0, 0
350649, 58880, 1, 0, 0
350750, 58240, 1, 0, 0
350850, 60160, 1, 0, 0
350950, 58880, 1, 0, 0
351050, 60160, 1, 0, 0
351150, 56320, 1, 0, 0
351249, 58181, 1, 0, 0
351349, 60800, 1, 0, 0
351449, 60800, 1, 0, 0
351549, 61440, 1, 0, 0
351649, 60160, 1, 0, 0
351749, 59520, 1, 0, 0
351849, 58240, 1, 0, 0
351949, 62080, 1, 0, 0
352050, 60800, 1, 0, 0
352150, 59520, 1, 0, 0
352249, 60767, 1, 0, 0
352349, 57600, 1, 0, 0
352449, 60800, 1, 0, 0
352549, 62080, 1, 0, 0
352649, 57600, 1, 0, 0
352749, 58880, 1, 0, 0
352849, 58880, 1, 0, 0
352949, 56320, 1, 0, 0
353049, 60800, 1, 0, 0
353149, 61440, 1, 0, 0
353249, 61440, 1, 0, 0
353349, 61440, 1, 0, 0
353449, 60160, 1, 0, 0
353550, 64000, 1, 0, 0
353650, 61440, 1, 0, 0
353749, 62060, 1, 0, 0
353849, 62720, 1, 0, 0
353949, 60800, 1, 0, 0
354049, 63360, 1, 0, 0
354149, 60800, 1, 0, 0
354249, 62080, 1, 0, 0
354349, 63360, 1, 0, 0
354449, 56960, 1, 0, 0
354549, 58880, 1, 0, 0
354649, 63360, 1, 0, 0
354749, 62720, 1, 0, 0
354850, 62080, 1, 0, 0
354950, 60160, 1, 0, 0
355050, 63360, 1, 0, 0
355150, 62720, 1, 0, 0
355249, 60767, 1, 0, 0
355349, 62720, 1, 0, 0
355449, 60160, 1, 0, 0
355549, 59520, 1, 0, 0
355649, 60160, 1, 0, 0
355749, 59520, 1, 0, 0
355849, 60160, 1, 0, 0
355949, 60160, 1, 0, 0
356049, 60160, 1, 0, 0
356149, 59520, 1, 0, 0
356250, 58880, 1, 0, 0
356350, 61440, 1, 0, 0
356450, 60800, 1, 0, 0
356550, 60800, 1, 0, 0
356650, 63360, 1, 0, 0
356749, 63353, 1, 0, 0
356849, 60160, 1, 0, 0
356949, 58240, 1, 0, 0
357049, 60160, 1, 0, 0
357149, 60160, 1, 0, 0
357249, 62720, 1, 0, 0
357349, 62080, 1, 0, 0
357449, 58880, 1, 0, 0
357550, 62720, 1, 0, 0
357650, 58880, 1, 0, 0
357749, 64000, 1, 0, 0
357849, 62720, 1, 0, 0
357949, 60160, 1, 0, 0
358049, 59520, 1, 0, 0
358149, 63360, 1, 0, 0
358249, 58240, 1, 0, 0
358349, 60800, 1, 0, 0
358449, 58240, 1, 0, 0
358549, 59520, 1, 0, 0
358649, 60800, 1, 0, 0
358749, 60800, 1, 0, 0
358849, 59520, 1, 0, 0
358949, 60160, 1, 0, 0
359050, 57600, 1, 0, 0
359150, 56960, 1, 0, 0
359249, 55595, 1, 0, 0
359349, 59520, 1, 0, 0
359449, 56960, 1, 0, 0
359549, 60800, 1, 0, 0
359649, 60160, 1, 0, 0
359749, 61440, 1, 0, 0
359849, 57600, 1, 0, 0
359949, 62080, 1, 0, 0
360049, 60160, 1, 0, 0
360149, 61440, 1, 0, 0
360250, 58240, 1, 0, 0
360350, 61440, 1, 0, 0
360450, 60800, 1, 0, 0
360550, 58240, 1, 0, 0
360650, 60160, 1, 0, 0
360749, 64646, 1, 0, 0
360849, 62080, 1, 0, 0
360949, 61440, 1, 0, 0
361049, 58240, 1, 0, 0
361149, 60160, 1, 0, 0
361249, 60160, 1, 0, 0
361349, 55680, 1, 0, 0
361449, 61440, 1, 0, 0
361549, 60160, 1, 0, 0
361650, 60800, 1, 0, 0
361749, 58828, 1, 0, 0
361849, 57600, 1, 0, 0
361949, 60800, 1, 0, 0
362049, 59520, 1, 0, 0
362149, 61440, 1, 0, 0
362249, 60160, 1, 0, 0
362349, 62080, 1, 0, 0
362449, 63360, 1, 0, 0
362549, 62080, 1, 0, 0
362649, 60160, 1, 0, 0
362749, 60160, 1, 0, 0
362849, 62720, 1, 0, 0
362949, 60800, 1, 0, 0
363050, 61440, 1, 0, 0
363150, 63360, 1, 0, 0
363249, 64646, 1, 0, 0
363349, 63360, 1, 0, 0
363449, 64000, 1, 0, 0
363549, 63360, 1, 0, 0
363649, 61440, 1, 0, 0
363749, 64640, 1, 0, 0
363849, 62720, 1, 0, 0
363949, 61440, 1, 0, 0
364049, 62720, 1, 0, 0
364149, 59520, 1, 0, 0
364249, 62720, 1, 0, 0
364349, 64640, 1, 0, 0
364450, 62080, 1, 0, 0
364550, 63360, 1, 0, 0
364650, 61440, 1, 0, 0
364749, 60767, 1, 0, 0
364849, 62720, 1, 0, 0
364949, 61440, 1, 0, 0
365049, 60800, 1, 0, 0
365149, 64000, 1, 0, 0
365249, 61440, 1, 0, 0
365349, 61440, 1, 0, 0
365449, 60160, 1, 0, 0
365549, 62080, 1, 0, 0
365649, 61440, 1, 0, 0
365750, 62080, 1, 0, 0
365850, 60800, 1, 0, 0
365950, 64640, 1, 0, 0
366050, 61440, 1, 0, 0
366150, 63360, 1, 0, 0
366249, 60767, 1, 0, 0
366349, 62080, 1, 0, 0
366449, 62080, 1, 0, 0
366549, 62080, 1, 0, 0
366649, 58240, 1, 0, 0
366749, 60800, 1, 0, 0
366849, 60800, 1, 0, 0
366949, 62720, 1, 0, 0
367050, 61440, 1, 0, 0
367150, 63360, 1, 0, 0
367249, 64646, 1, 0, 0
367349, 61440, 1, 0, 0
367449, 63360, 1, 0, 0
367549, 62080, 1, 0, 0
367649, 60160, 1, 0, 0
367749, 62720, 1, 0, 0
367849, 64000, 1, 0, 0
367949, 62720, 1, 0, 0
368049, 62720, 1, 0, 0
368149, 63360, 1, 0, 0
368249, 62720, 1, 0, 0
368349, 63360, 1, 0, 0
368450, 63360, 1, 0, 0
368550, 64000, 1, 0, 0
368650, 64640, 1, 0, 0
368749, 62060, 1, 0, 0
368849, 62720, 1, 0, 0
368949, 62720, 1, 0, 0
369049, 62720, 1, 0, 0
369149, 62720, 1, 0, 0
369249, 60160, 1, 0, 0
369349, 62080, 1, 0, 0
369449, 60800, 1, 0, 0
369549, 62720, 1, 0, 0
369649, 62720, 1, 0, 0
369750, 64000, 1, 0, 0
369850, 62720, 1, 0, 0
369950, 60800, 1, 0, 0
370050, 59520, 1, 0, 0
370150, 58880, 1, 0, 0
370249, 60767, 1, 0, 0
370349, 58880, 1, 0, 0
370449, 58880, 1, 0, 0
370549, 60800, 1, 0, 0
370649, 59520, 1, 0, 0
370749, 62080, 1, 0, 0
370849, 58880, 1, 0, 0
370949, 58240, 1, 0, 0
371049, 62720, 1, 0, 0
371149, 60800, 1, 0, 0
371249, 60121, 1, 0, 0
371349, 62080, 1, 0, 0
371449, 62080, 1, 0, 0
371549, 61440, 1, 0, 0
371649, 58240, 1, 0, 0
371749, 60800, 1, 0, 0
371849, 60160, 1, 0, 0
371949, 59520, 1, 0, 0
372049, 58880, 1, 0, 0
372149, 61440, 1, 0, 0
372249, 60800, 1, 0, 0
372349, 61440, 1, 0, 0
372449, 58880, 1, 0, 0
372550, 60160, 1, 0, 0
372650, 58880, 1, 0, 0
372749, 58828, 1, 0, 0
372849, 61440, 1, 0, 0
372949, 59520, 1, 0, 0
373049, 63360, 1, 0, 0
373149, 63360, 1, 0, 0
373249, 62080, 1, 0, 0
373349, 59520, 1, 0, 0
373449, 59520, 1, 0, 0
373549, 61440, 1, 0, 0
373649, 59520, 1, 0, 0
373749, 60160, 1, 0, 0
373849, 62720, 1, 0, 0
373950, 59520, 1, 0, 0
374050, 62080, 1, 0, 0
374150, 61440, 1, 0, 0
374249, 60767, 1, 0, 0
374349, 60800, 1, 0, 0
374449, 59520, 1, 0, 0
374549, 62080, 1, 0, 0
374649, 60800, 1, 0, 0
374749, 61440, 1, 0, 0
374849, 58880, 1, 0, 0
374949, 59520, 1, 0, 0
375049, 60160, 1, 0, 0
375149, 59520, 1, 0, 0
375250, 60160, 1, 0, 0
375350, 60800, 1, 0, 0
375450, 58880, 1, 0, 0
375550, 61440, 1, 0, 0
375650, 61440, 1, 0, 0
375749, 60767, 1, 0, 0
375849, 60800, 1, 0, 0
375949, 59520, 1, 0, 0
376049, 61440, 1, 0, 0
376149, 62080, 1, 0, 0
376249, 61440, 1, 0, 0
376349, 58240, 1, 0, 0
376449, 62720, 1, 0, 0
376549, 61440, 1, 0, 0
376650, 59520, 1, 0, 0
376749, 62060, 1, 0, 0
376849, 60160, 1, 0, 0
376949, 61440, 1, 0, 0
377049, 60160, 1, 0, 0
377149, 60160, 1, 0, 0
377249, 59520, 1, 0, 0
377349, 60160, 1, 0, 0
377449, 61440, 1, 0, 0
377549, 61440, 1, 0, 0
377649, 61440, 1, 0, 0
377749, 59520, 1, 0, 0
377849, 58880, 1, 0, 0
377949, 62080, 1, 0, 0
378050, 60800, 1, 0, 0
378150, 59520, 1, 0, 0
378249, 60121, 1, 0, 0
378349, 60160, 1, 0, 0
378449, 61440, 1, 0, 0
378549, 58880, 1, 0, 0
378649, 60800, 1, 0, 0
378749, 63360, 1, 0, 0
378849, 61440, 1, 0, 0
378949, 59520, 1, 0, 0
379049, 63360, 1, 0, 0
379149, 64640, 1, 0, 0
379250, 60160, 1, 0, 0
379350, 60800, 1, 0, 0
379450, 62720, 1, 0, 0
379550, 62720, 1, 0, 0
379650, 62720, 1, 0, 0
379749, 61414, 1, 0, 0
379849, 63360, 1, 0, 0
379949, 61440, 1, 0, 0
380049, 61440, 1, 0, 0
380149, 60800, 1, 0, 0
380249, 60800, 1, 0, 0
380349, 59520, 1, 0, 0
380449, 62720, 1, 0, 0
380549, 60160, 1, 0, 0
380649, 64640, 1, 0, 0
380749, 62707, 1, 0, 0
380849, 64640, 1, 0, 0
380949, 60800, 1, 0, 0
381049, 61440, 1, 0, 0
381149, 60800, 1, 0, 0
381249, 60800, 1, 0, 0
381349, 62080, 1, 0, 0
381449, 63360, 1, 0, 0
381549, 60160, 1, 0, 0
381649, 63360, 1, 0, 0
381749, 62720, 1, 0, 0
381849, 67200, 1, 0, 0
381949, 64640, 1, 0, 0
382050, 61440, 1, 0, 0
382150, 63360, 1, 0, 0
382249, 59474, 1, 0, 0
382349, 62720, 1, 0, 0
382449, 59520, 1, 0, 0
382549, 57600, 1, 0, 0
382649, 62720, 1, 0, 0
382749, 63360, 1, 0, 0
382849, 62080, 1, 0, 0
382949, 60800, 1, 0, 0
383049, 63360, 1, 0, 0
383149, 60800, 1, 0, 0
383249, 61440, 1, 0, 0
383349, 60160, 1, 0, 0
383449, 63360, 1, 0, 0
383550, 64000, 1, 0, 0
383650, 64640, 1, 0, 0
383749, 63353, 1, 0, 0
383849, 61440, 1, 0, 0
383949, 63360, 1, 0, 0
384049, 62080, 1, 0, 0
384149, 63360, 1, 0, 0
384249, 62080, 1, 0, 0
384349, 64000, 1, 0, 0
384449, 62720, 1, 0, 0
384549, 62080, 1, 0, 0
384649, 60800, 1, 0, 0
384750, 61440, 1, 0, 0
384850, 64000, 1, 0, 0
384950, 60160, 1, 0, 0
385050, 64640, 1, 0, 0
385150, 61440, 1, 0, 0
385249, 62707, 1, 0, 0
385349, 61440, 1, 0, 0
385449, 58880, 1, 0, 0
385549, 60800, 1, 0, 0
385649, 62080, 1, 0, 0
385749, 63360, 1, 0, 0
385849, 60160, 1, 0, 0
385949, 59520, 1, 0, 0
386049, 60800, 1, 0, 0
386149, 61440, 1, 0, 0
386249, 61414, 1, 0, 0
386349, 59520, 1, 0, 0
386449, 62720, 1, 0, 0
386549, 58880, 1, 0, 0
386649, 63360, 1, 0, 0
386749, 59520, 1, 0, 0
386849, 60160, 1, 0, 0
386949, 59520, 1, 0, 0
387049, 64640, 1, 0, 0
387149, 60800, 1, 0, 0
387249, 61440, 1, 0, 0
387349, 60160, 1, 0, 0
387449, 62080, 1, 0, 0
387550, 62080, 1, 0, 0
387650, 62080, 1, 0, 0
387749, 60121, 1, 0, 0
387849, 63360, 1, 0, 0
387949, 62080, 1, 0, 0
388049, 63360, 1, 0, 0
388149, 63360, 1, 0, 0
388249, 59520, 1, 0, 0
388349, 58880, 1, 0, 0
388449, 59520, 1, 0, 0
388549, 59520, 1, 0, 0
388649, 62080, 1, 0, 0
388749, 59520, 1, 0, 0
388849, 62720, 1, 0, 0
388949, 59520, 1, 0, 0
389050, 63360, 1, 0, 0
389150, 64000, 1, 0, 0
389249, 61414, 1, 0, 0
389349, 62720, 1, 0, 0
389449, 64000, 1, 0, 0
389549, 65920, 1, 0, 0
389649, 62720, 1, 0, 0
389749, 62720, 1, 0, 0
389849, 60800, 1, 0, 0
389949, 64640, 1, 0, 0
390049, 61440, 1, 0, 0
390149, 60160, 1, 0, 0
390249, 61440, 1, 0, 0
390350, 60160, 1, 0, 0
390450, 61440, 1, 0, 0
390550, 60160, 1, 0, 0
390650, 62080, 1, 0, 0
390749, 62707, 1, 0, 0
390849, 60800, 1, 0, 0
390949, 61440, 1, 0, 0
391049, 60800, 1, 0, 0
391149, 62720, 1, 0, 0
391249, 62720, 1, 0, 0
391349, 64640, 1, 0, 0
391449, 60800, 1, 0, 0
391549, 59520, 1, 0, 0
391649, 62080, 1, 0, 0
391749, 62060, 1, 0, 0
391849, 61440, 1, 0, 0
391949, 59520, 1, 0, 0
392049, 58240, 1, 0, 0
392149, 60800, 1, 0, 0
392249, 60800, 1, 0, 0
392349, 60160, 1, 0, 0
392449, 61440, 1, 0, 0
392549, 61440, 1, 0, 0
392649, 62080, 1, 0, 0
392749, 58880, 1, 0, 0
392849, 60160, 1, 0, 0
392949, 60800, 1, 0, 0
393050, 62720, 1, 0, 0
393150, 60160, 1, 0, 0
393249, 62060, 1, 0, 0
393349, 62080, 1, 0, 0
393449, 58880, 1, 0, 0
393549, 61440, 1, 0, 0
393649, 59520, 1, 0, 0
393749, 62720, 1, 0, 0
393849, 61440, 1, 0, 0
393949, 58240, 1, 0, 0
394049, 62720, 1, 0, 0
394149, 61440, 1, 0, 0
394249, 62720, 1, 0, 0
394349, 64000, 1, 0, 0
394449, 60800, 1, 0, 0
394550, 61440, 1, 0, 0
394650, 60800, 1, 0, 0
394749, 60121, 1, 0, 0
394849, 62080, 1, 0, 0
394949, 61440, 1, 0, 0
395049, 60800, 1, 0, 0
395149, 62080, 1, 0, 0
395249, 59520, 1, 0, 0
395349, 60800, 1, 0, 0
395449, 61440, 1, 0, 0
395549, 58240, 1, 0, 0
395649, 61440, 1, 0, 0
395749, 62720, 1, 0, 0
395850, 59520, 1, 0, 0
395950, 58240, 1, 0, 0
396050, 56960, 1, 0, 0
396150, 56320, 1, 0, 0
396249, 59474, 1, 0, 0
396349, 62080, 1, 0, 0
396449, 60800, 1, 0, 0
396549, 59520, 1, 0, 0
396649, 61440, 1, 0, 0
396749, 57600, 1, 0, 0
396849, 60160, 1, 0, 0
396949, 65280, 1, 0, 0
397049, 58240, 1, 0, 0
397149, 59520, 1, 0, 0
397249, 60767, 1, 0, 0
397349, 60160, 1, 0, 0
397449, 60160, 1, 0, 0
397549, 60800, 1, 0, 0
397649, 59520, 1, 0, 0
397749, 58880, 1, 0, 0
397849, 60160, 1, 0, 0
397949, 59520, 1, 0, 0
398049, 64000, 1, 0, 0
398149, 60160, 1, 0, 0
398249, 60800, 1, 0, 0
398349, 60800, 1, 0, 0
398449, 62720, 1, 0, 0
398550, 57600, 1, 0, 0
398650, 62080, 1, 0, 0
398749, 58181, 1, 0, 0
398849, 60800, 1, 0, 0
398949, 60160, 1, 0, 0
399049, 60800, 1, 0, 0
399149, 59520, 1, 0, 0
399249, 59520, 1, 0, 0
399349, 60800, 1, 0, 0
399449, 61440, 1, 0, 0
399549, 62080, 1, 0, 0
399649, 60800, 1, 0, 0
399749, 58240, 1, 0, 0
399849, 59520, 1, 0, 0
399949, 59520, 1, 0, 0
400050, 59520, 1, 0, 0
400150, 61440, 1, 0, 0
400249, 62707, 1, 0, 0
400349, 60800, 1, 0, 0
400449, 59520, 1, 0, 0
400549, 60800, 1, 0, 0
400649, 57600, 1, 0, 0
400749, 61440, 1, 0, 0
400849, 58880, 1, 0, 0
400949, 58880, 1, 0, 0
401049, 63360, 1, 0, 0
401149, 64000, 1, 0, 0
401250, 62720, 1, 0, 0
401350, 62080, 1, 0, 0
401450, 60800, 1, 0, 0
401550, 62720, 1, 0, 0
401650, 60800, 1, 0, 0
401749, 62707, 1, 0, 0
401849, 61440, 1, 0, 0
401949, 62080, 1, 0, 0
402049, 62080, 1, 0, 0
402149, 63360, 1, 0, 0
402249, 62080, 1, 0, 0
402349, 62720, 1, 0, 0
402449, 60800, 1, 0, 0
402549, 60800, 1, 0, 0
402649, 61440, 1, 0, 0
402749, 62060, 1, 0, 0
402849, 62720, 1, 0, 0
402949, 60160, 1, 0, 0
403049, 62720, 1, 0, 0
403149, 61440, 1, 0, 0
403249, 64640, 1, 0, 0
403349, 62720, 1, 0, 0
403449, 55680, 1, 0, 0
403549, 61440, 1, 0, 0
403649, 62080, 1, 0, 0
403749, 63360, 1, 0, 0
403849, 62080, 1, 0, 0
403949, 63360, 1, 0, 0
404050, 60800, 1, 0, 0
404150, 62080, 1, 0, 0
404249, 60767, 1, 0, 0
404349, 60160, 1, 0, 0
404449, 59520, 1, 0, 0
404549, 61440, 1, 0, 0
404649, 60800, 1, 0, 0
404749, 62080, 1, 0, 0
404849, 64640, 1, 0, 0
404949, 60160, 1, 0, 0
405049, 60800, 1, 0, 0
405149, 62720, 1, 0, 0
405249, 64000, 1, 0, 0
405349, 58880, 1, 0, 0
405449, 61440, 1, 0, 0
405550, 60800, 1, 0, 0
405650, 58880, 1, 0, 0
405749, 61414, 1, 0, 0
405849, 58880, 1, 0, 0
405949, 58240, 1, 0, 0
406049, 61440, 1, 0, 0
406149, 60160, 1, 0, 0
406249, 61440, 1, 0, 0
406349, 63360, 1, 0, 0
406449, 58880, 1, 0, 0
406549, 62720, 1, 0, 0
406649, 59520, 1, 0, 0
406750, 61440, 1, 0, 0
406850, 56960, 1, 0, 0
406950, 60160, 1, 0, 0
407050, 59520, 1, 0, 0
407150, 59520, 1, 0, 0
407249, 61414, 1, 0, 0
407349, 60160, 1, 0, 0
407449, 62720, 1, 0, 0
407549, 62720, 1, 0, 0
407649, 58240, 1, 0, 0
407749, 59520, 1, 0, 0
407849, 57600, 1, 0, 0
407949, 58880, 1, 0, 0
408050, 61440, 1, 0, 0
408150, 60160, 1, 0, 0
408249, 60121, 1, 0, 0
408349, 60160, 1, 0, 0
408449, 60160, 1, 0, 0
408549, 59520, 1, 0, 0
408649, 59520, 1, 0, 0
408749, 62720, 1, 0, 0
408849, 58880, 1, 0, 0
408949, 60160, 1, 0, 0
409049, 59520, 1, 0, 0
409149, 60800, 1, 0, 0
409249, 63360, 1, 0, 0
409349, 58880, 1, 0, 0
409449, 60800, 1, 0, 0
409550, 62080, 1, 0, 0
409650, 56320, 1, 0, 0
409749, 60767, 1, 0, 0
409849, 58880, 1, 0, 0
409949, 60160, 1, 0, 0
410049, 59520, 1, 0, 0
410149, 60800, 1, 0, 0
410249, 60160, 1, 0, 0
410349, 60160, 1, 0, 0
410449, 61440, 1, 0, 0
410549, 58240, 1, 0, 0
410649, 58240, 1, 0, 0
410750, 59520, 1, 0, 0
410850, 62720, 1, 0, 0
410950, 62720, 1, 0, 0
411050, 56960, 1, 0, 0
411150, 60160, 1, 0, 0
411249, 61414, 1, 0, 0
411349, 58240, 1, 0, 0
411449, 59520, 1, 0, 0
411549, 59520, 1, 0, 0
411649, 60800, 1, 0, 0
411749, 60160, 1, 0, 0
411849, 61440, 1, 0, 0
411949, 58880, 1, 0, 0
412050, 58880, 1, 0, 0
412150, 62080, 1, 0, 0
412249, 62707, 1, 0, 0
412349, 60160, 1, 0, 0
412449, 61440, 1, 0, 0
412549, 60800, 1, 0, 0
412649, 60800, 1, 0, 0
412749, 60800, 1, 0, 0
412849, 59520, 1, 0, 0
412949, 58240, 1, 0, 0
413049, 60800, 1, 0, 0
413149, 59520, 1, 0, 0
413249, 60160, 1, 0, 0
413349, 60800, 1, 0, 0
413449, 60800, 1, 0, 0
413550, 60800, 1, 0, 0
413650, 62720, 1, 0, 0
413749, 64000, 1, 0, 0
413849, 61440, 1, 0, 0
413949, 59520, 1, 0, 0
414049, 58240, 1, 0, 0
414149, 60160, 1, 0, 0
414249, 60800, 1, 0, 0
414349, 56960, 1, 0, 0
414449, 58880, 1, 0, 0
414549, 60160, 1, 0, 0
414649, 63360, 1, 0, 0
414749, 62080, 1, 0, 0
414849, 64000, 1, 0, 0
414950, 62080, 1, 0, 0
415050, 62720, 1, 0, 0
415150, 60160, 1, 0, 0
415249, 62060, 1, 0, 0
415349, 64000, 1, 0, 0
415449, 61440, 1, 0, 0
415549, 65280, 1, 0, 0
415649, 65280, 1, 0, 0
415749, 62720, 1, 0, 0
415849, 60160, 1, 0, 0
415949, 65280, 1, 0, 0
416049, 62720, 1, 0, 0
416149, 60800, 1, 0, 0
416249, 60767, 1, 0, 0
416349, 62720, 1, 0, 0
416449, 61440, 1, 0, 0
416549, 62720, 1, 0, 0
416649, 62720, 1, 0, 0
416749, 58880, 1, 0, 0
416849, 62720, 1, 0, 0
416949, 62720, 1, 0, 0
417049, 59520, 1, 0, 0
417149, 61440, 1, 0, 0
417249, 60800, 1, 0, 0
417349, 62080, 1, 0, 0
417449, 62720, 1, 0, 0
417550, 63360, 1, 0, 0
417650, 61440, 1, 0, 0
417749, 58828, 1, 0, 0
417849, 60800, 1, 0, 0
417949, 60160, 1, 0, 0
418049, 64640, 1, 0, 0
418149, 62080, 1, 0, 0
418249, 61440, 1, 0, 0
418349, 65280, 1, 0, 0
418449, 58880, 1, 0, 0
418549, 64000, 1, 0, 0
418649, 61440, 1, 0, 0
418749, 62720, 1, 0, 0
418849, 63360, 1, 0, 0
418949, 58880, 1, 0, 0
419050, 61440, 1, 0, 0
419150, 64640, 1, 0, 0
419249, 64000, 1, 0, 0
419349, 60800, 1, 0, 0
419449, 58880, 1, 0, 0
419549, 58880, 1, 0, 0
419649, 64000, 1, 0, 0
419749, 64000, 1, 0, 0
419849, 60800, 1, 0, 0
419949, 62720, 1, 0, 0
420049, 64000, 1, 0, 0
420149, 60160, 1, 0, 0
420250, 62720, 1, 0, 0
420350, 62720, 1, 0, 0
420450, 61440, 1, 0, 0
420550, 61440, 1, 0, 0
420650, 61440, 1, 0, 0
420749, 62060, 1, 0, 0
420849, 62080, 1, 0, 0
420949, 65920, 1, 0, 0
421049, 61440, 1, 0, 0
421149, 62720, 1, 0, 0
421249, 63360, 1, 0, 0
421349, 61440, 1, 0, 0
421449, 59520, 1, 0, 0
421549, 62720, 1, 0, 0
421650, 62080, 1, 0, 0
421749, 64000, 1, 0, 0
421849, 63360, 1, 0, 0
421949, 61440, 1, 0, 0
422049, 61440, 1, 0, 0
422149, 65920, 1, 0, 0
422249, 61440, 1, 0, 0
422349, 60800, 1, 0, 0
422449, 65280, 1, 0, 0
422549, 60800, 1, 0, 0
422649, 62080, 1, 0, 0
422749, 56960, 1, 0, 0
422849, 62080, 1, 0, 0
422949, 59520, 1, 0, 0
423050, 57600, 1, 0, 0
423150, 59520, 1, 0, 0
423249, 62060, 1, 0, 0
423349, 62080, 1, 0, 0
423449, 62720, 1, 0, 0
423549, 60800, 1, 0, 0
423649, 59520, 1, 0, 0
423749, 62080, 1, 0, 0
423849, 65280, 1, 0, 0
423949, 59520, 1, 0, 0
424049, 60800, 1, 0, 0
424149, 62080, 1, 0, 0
424249, 64000, 1, 0, 0
424349, 60800, 1, 0, 0
424449, 60160, 1, 0, 0
424550, 64000, 1, 0, 0
424650, 59520, 1, 0, 0
424749, 63353, 1, 0, 0
424849, 60800, 1, 0, 0
424949, 62080, 1, 0, 0
425049, 64000, 1, 0, 0
425149, 62720, 1, 0, 0
425249, 62080, 1, 0, 0
425349, 60800, 1, 0, 0
425449, 61440, 1, 0, 0
425549, 62080, 1, 0, 0
425649, 61440, 1, 0, 0
425749, 64000, 1, 0, 0
425850, 60800, 1, 0, 0
425950, 64640, 1, 0, 0
426050, 60160, 1, 0, 0
426150, 64000, 1, 0, 0
426249, 60121, 1, 0, 0
426349, 60160, 1, 0, 0
426449, 58880, 1, 0, 0
426549, 63360, 1, 0, 0
426649, 58240, 1, 0, 0
426749, 65920, 1, 0, 0
426849, 62080, 1, 0, 0
426949, 61440, 1, 0, 0
427049, 61440, 1, 0, 0
427149, 60160, 1, 0, 0
427249, 61414, 1, 0, 0
427349, 62720, 1, 0, 0
427449, 62080, 1, 0, 0
427549, 63360, 1, 0, 0
427649, 62080, 1, 0, 0
427749, 63360, 1, 0, 0
427849, 61440, 1, 0, 0
427949, 62720, 1, 0, 0
428049, 64000, 1, 0, 0
428149, 60160, 1, 0, 0
428249, 61440, 1, 0, 0
428349, 62080, 1, 0, 0
428449, 62720, 1, 0, 0
428550, 60160, 1, 0, 0
428650, 61440, 1, 0, 0
428749, 61414, 1, 0, 0
428849, 61440, 1, 0, 0
428949, 61440, 1, 0, 0
429049, 63360, 1, 0, 0
429149, 63360, 1, 0, 0
429249, 62720, 1, 0, 0
429349, 61440, 1, 0, 0
429449, 58880, 1, 0, 0
429549, 60160, 1, 0, 0
429649, 64640, 1, 0, 0
429749, 62080, 1, 0, 0
429850, 57600, 1, 0, 0
429950, 64640, 1, 0, 0
430050, 60800, 1, 0, 0
430150, 64000, 1, 0, 0
430249, 64000, 1, 0, 0
430349, 60800, 1, 0, 0
430449, 60800, 1, 0, 0
430549, 60800, 1, 0, 0
430649, 62720, 1, 0, 0
430749, 60160, 1, 0, 0
430849, 60800, 1, 0, 0
430949, 60800, 1, 0, 0
431049, 60800, 1, 0, 0
431149, 62080, 1, 0, 0
431249, 64000, 1, 0, 0
431349, 60800, 1, 0, 0
431449, 62080, 1, 0, 0
431549, 62080, 1, 0, 0
431649, 65280, 1, 0, 0
431749, 60800, 1, 0, 0
431849, 62080, 1, 0, 0
431949, 63360, 1, 0, 0
432049, 61440, 1, 0, 0
432149, 62720, 1, 0, 0
432249, 58240, 1, 0, 0
432349, 60160, 1, 0, 0
432449, 60160, 1, 0, 0
432550, 59520, 1, 0, 0
432650, 59520, 1, 0, 0
432749, 59474, 1, 0, 0
432849, 58240, 1, 0, 0
432949, 60800, 1, 0, 0
433049, 60800, 1, 0, 0
433149, 56960, 1, 0, 0
433249, 57600, 1, 0, 0
433349, 60160, 1, 0, 0
433449, 61440, 1, 0, 0
433549, 60800, 1, 0, 0
433649, 61440, 1, 0, 0
433749, 59520, 1, 0, 0
433850, 62080, 1, 0, 0
433950, 61440, 1, 0, 0
434050, 60160, 1, 0, 0
434150, 59520, 1, 0, 0
434249, 59474, 1, 0, 0
434349, 60160, 1, 0, 0
434449, 60160, 1, 0, 0
434549, 60160, 1, 0, 0
434649, 62080, 1, 0, 0
434749, 59520, 1, 0, 0
434849, 62720, 1, 0, 0
434949, 61440, 1, 0, 0
435049, 58880, 1, 0, 0
435149, 58240, 1, 0, 0
435249, 60121, 1, 0, 0
435349, 61440, 1, 0, 0
435449, 60160, 1, 0, 0
435549, 58240, 1, 0, 0
435649, 62080, 1, 0, 0
435749, 56320, 1, 0, 0
435849, 60160, 1, 0, 0
435949, 62720, 1, 0, 0
436049, 60160, 1, 0, 0
436149, 60160, 1, 0, 0
436249, 56320, 1, 0, 0
436349, 58240, 1, 0, 0
436449, 58880, 1, 0, 0
436550, 60160, 1, 0, 0
436650, 49920, 1, 0, 0
436749, 60121, 1, 0, 0
436849, 61440, 1, 0, 0
436949, 58880, 1, 0, 0
437049, 62080, 1, 0, 0
437149, 61440, 1, 0, 0
437249, 62720, 1, 0, 0
437349, 63360, 1, 0, 0
437449, 60800, 1, 0, 0
437549, 60800, 1, 0, 0
437649, 60160, 1, 0, 0
437749, 59520, 1, 0, 0
437850, 57600, 1, 0, 0
437950, 60800, 1, 0, 0
438050, 62080, 1, 0, 0
438150, 58880, 1, 0, 0
438249, 62060, 1, 0, 0
438349, 63360, 1, 0, 0
438449, 60800, 1, 0, 0
438549, 60160, 1, 0, 0
438649, 58880, 1, 0, 0
438749, 61440, 1, 0, 0
438849, 58880, 1, 0, 0
438949, 61440, 1, 0, 0
439049, 61440, 1, 0, 0
439149, 61440, 1, 0, 0
439249, 62707, 1, 0, 0
439349, 62720, 1, 0, 0
439449, 58880, 1, 0, 0
439549, 62720, 1, 0, 0
439649, 62720, 1, 0, 0
439749, 59520, 1, 0, 0
439849, 62720, 1, 0, 0
439949, 63360, 1, 0, 0
440049, 62080, 1, 0, 0
440149, 58880, 1, 0, 0
440249, 60800, 1, 0, 0
440349, 60800, 1, 0, 0
440449, 59520, 1, 0, 0
440550, 63360, 1, 0, 0
440650, 62080, 1, 0, 0
440749, 62060, 1, 0, 0
440849, 61440, 1, 0, 0
440949, 62080, 1, 0, 0
441049, 59520, 1, 0, 0
441149, 59520, 1, 0, 0
441249, 61440, 1, 0, 0
441349, 59520, 1, 0, 0
441449, 60800, 1, 0, 0
441549, 62080, 1, 0, 0
441649, 59520, 1, 0, 0
441749, 60160, 1, 0, 0
441849, 62720, 1, 0, 0
441949, 60800, 1, 0, 0
442050, 60800, 1, 0, 0
442150, 61440, 1, 0, 0
442249, 58181, 1, 0, 0
442349, 61440, 1, 0, 0
442449, 65920, 1, 0, 0
442549, 62080, 1, 0, 0
442649, 62080, 1, 0, 0
442749, 61440, 1, 0, 0
442849, 61440, 1, 0, 0
442949, 63360, 1, 0, 0
443049, 64000, 1, 0, 0
443149, 61440, 1, 0, 0
443249, 62720, 1, 0, 0
443350, 62720, 1, 0, 0
443450, 60800, 1, 0, 0
443550, 62080, 1, 0, 0
443650, 62720, 1, 0, 0
443749, 63353, 1, 0, 0
443849, 61440, 1, 0, 0
443949, 62080, 1, 0, 0
444049, 64000, 1, 0, 0
444149, 60160, 1, 0, 0
444249, 60800, 1, 0, 0
444349, 62720, 1, 0, 0
444449, 63360, 1, 0, 0
444549, 61440, 1, 0, 0
444649, 62080, 1, 0, 0
444749, 58181, 1, 0, 0
444849, 60800, 1, 0, 0
444949, 60800, 1, 0, 0
445049, 62080, 1, 0, 0
445149, 61440, 1, 0, 0
445249, 63360, 1, 0, 0
445349, 60800, 1, 0, 0
445449, 60160, 1, 0, 0
445549, 60160, 1, 0, 0
445649, 62080, 1, 0, 0
445749, 60800, 1, 0, 0
445849, 60160, 1, 0, 0
445949, 63360, 1, 0, 0
446049, 60160, 1, 0, 0
446150, 60800, 1, 0, 0
446249, 59474, 1, 0, 0
446349, 60160, 1, 0, 0
446449, 60800, 1, 0, 0
446549, 64000, 1, 0, 0
446649, 59520, 1, 0, 0
446749, 60160, 1, 0, 0
446849, 62720, 1, 0, 0
446949, 62720, 1, 0, 0
447049, 60160, 1, 0, 0
447149, 60800, 1, 0, 0
447249, 62720, 1, 0, 0
447349, 61440, 1, 0, 0
447449, 58240, 1, 0, 0
447550, 63360, 1, 0, 0
447650, 62080, 1, 0, 0
447749, 60121, 1, 0, 0
447849, 56960, 1, 0, 0
447949, 55680, 1, 0, 0
448049, 62080, 1, 0, 0
448149, 58240, 1, 0, 0
448249, 59520, 1, 0, 0
448349, 60800, 1, 0, 0
448449, 60160, 1, 0, 0
448549, 59520, 1, 0, 0
448649, 58880, 1, 0, 0
448749, 60160, 1, 0, 0
448850, 60800, 1, 0, 0
448950, 61440, 1, 0, 0
449050, 58880, 1, 0, 0
449150, 58880, 1, 0, 0
449249, 58181, 1, 0, 0
449349, 58880, 1, 0, 0
449449, 62720, 1, 0, 0
449549, 63360, 1, 0, 0
449649, 60160, 1, 0, 0
449749, 60160, 1, 0, 0
449849, 59520, 1, 0, 0
449949, 60800, 1, 0, 0
450049, 60800, 1, 0, 0
450149, 62080, 1, 0, 0
450249, 62060, 1, 0, 0
450349, 60800, 1, 0, 0
450449, 60160, 1, 0, 0
450549, 60160, 1, 0, 0
450649, 63360, 1, 0, 0
450749, 61440, 1, 0, 0
450849, 60800, 1, 0, 0
450949, 60800, 1, 0, 0
451049, 60160, 1, 0, 0
451149, 59520, 1, 0, 0
451249, 61440, 1, 0, 0
451349, 60160, 1, 0, 0
451449, 60160, 1, 0, 0
451550, 59520, 1, 0, 0
451650, 60800, 1, 0, 0
451749, 60767, 1, 0, 0
451849, 59520, 1, 0, 0
451949, 63360, 1, 0, 0
452049, 58880, 1, 0, 0
452149, 60800, 1, 0, 0
452249, 56960, 1, 0, 0
452349, 57600, 1, 0, 0
452449, 59520, 1, 0, 0
452549, 59520, 1, 0, 0
452649, 61440, 1, 0, 0
452750, 60160, 1, 0, 0
452850, 61440, 1, 0, 0
452950, 62080, 1, 0, 0
453050, 60160, 1, 0, 0
453150, 57600, 1, 0, 0
453249, 61414, 1, 0, 0
453349, 62080, 1, 0, 0
453449, 57600, 1, 0, 0
453549, 61440, 1, 0, 0
453649, 58240, 1, 0, 0
453749, 59520, 1, 0, 0
453849, 61440, 1, 0, 0
453949, 60160, 1, 0, 0
454049, 64000, 1, 0, 0
454150, 61440, 1, 0, 0
454249, 61414, 1, 0, 0
454349, 61440, 1, 0, 0
454449, 61440, 1, 0, 0
454549, 58880, 1, 0, 0
454649, 60160, 1, 0, 0
454749, 58880, 1, 0, 0
454849, 60160, 1, 0, 0
454949, 62080, 1, 0, 0
455049, 61440, 1, 0, 0
455149, 63360, 1, 0, 0
455249, 63360, 1, 0, 0
455349, 59520, 1, 0, 0
455449, 59520, 1, 0, 0
455550, 58880, 1, 0, 0
455650, 62080, 1, 0, 0
455749, 62707, 1, 0, 0
455849, 59520, 1, 0, 0
455949, 64640, 1, 0, 0
456049, 63360, 1, 0, 0
456149, 59520, 1, 0, 0
456249, 63360, 1, 0, 0
456349, 58240, 1, 0, 0
456449, 62080, 1, 0, 0
456549, 62080, 1, 0, 0
456649, 60800, 1, 0, 0
456749, 62720, 1, 0, 0
456850, 61440, 1, 0, 0
456950, 64640, 1, 0, 0
457050, 63360, 1, 0, 0
457150, 64000, 1, 0, 0
457249, 64000, 1, 0, 0
457349, 61440, 1, 0, 0
457449, 59520, 1, 0, 0
457549, 62720, 1, 0, 0
457649, 61440, 1, 0, 0
457749, 62720, 1, 0, 0
457849, 60800, 1, 0, 0
457949, 60800, 1, 0, 0
458049, 64640, 1, 0, 0
458150, 64640, 1, 0, 0
458249, 61414, 1, 0, 0
458349, 63360, 1, 0, 0
458449, 61440, 1, 0, 0
458549, 63360, 1, 0, 0
458649, 60800, 1, 0, 0
458749, 62720, 1, 0, 0
458849, 62080, 1, 0, 0
458949, 62080, 1, 0, 0
459049, 63360, 1, 0, 0
459149, 63360, 1, 0, 0
459249, 64640, 1, 0, 0
459349, 62720, 1, 0, 0
459449, 64000, 1, 0, 0
459550, 58240, 1, 0, 0
459650, 64640, 1, 0, 0
459749, 63353, 1, 0, 0
459849, 60800, 1, 0, 0
459949, 62720, 1, 0, 0
460049, 64640, 1, 0, 0
460149, 63360, 1, 0, 0
460249, 62080, 1, 0, 0
460349, 64000, 1, 0, 0
460449, 60160, 1, 0, 0
460549, 63360, 1, 0, 0
460649, 58880, 1, 0, 0
460749, 61440, 1, 0, 0
460850, 59520, 1, 0, 0
460950, 62720, 1, 0, 0
461050, 65280, 1, 0, 0
461150, 62720, 1, 0, 0
461249, 62060, 1, 0, 0
461349, 60160, 1, 0, 0
461449, 60800, 1, 0, 0
461549, 64640, 1, 0, 0
461649, 62720, 1, 0, 0
461749, 63360, 1, 0, 0
461849, 64000, 1, 0, 0
461949, 62720, 1, 0, 0
462049, 63360, 1, 0, 0
462149, 58880, 1, 0, 0
462249, 61414, 1, 0, 0
462349, 62720, 1, 0, 0
462449, 62080, 1, 0, 0
462549, 61440, 1, 0, 0
462649, 65280, 1, 0, 0
462749, 62720, 1, 0, 0
462849, 60800, 1, 0, 0
462949, 62720, 1, 0, 0
463049, 63360, 1, 0, 0
463149, 59520, 1, 0, 0
463249, 62080, 1, 0, 0
463349, 60800, 1, 0, 0
463449, 61440, 1, 0, 0
463549, 62080, 1, 0, 0
463650, 60160, 1, 0, 0
463749, 62060, 1, 0, 0
463849, 61440, 1, 0, 0
463949, 64000, 1, 0, 0
464049, 63360, 1, 0, 0
464149, 56960, 1, 0, 0
464249, 58240, 1, 0, 0
464349, 58880, 1, 0, 0
464449, 58880, 1, 0, 0
464549, 58240, 1, 0, 0
464649, 60800, 1, 0, 0
464749, 58240, 1, 0, 0
464849, 59520, 1, 0, 0
464949, 63360, 1, 0, 0
465050, 59520, 1, 0, 0
465150, 58880, 1, 0, 0
465249, 62707, 1, 0, 0
465349, 64000, 1, 0, 0
465449, 62080, 1, 0, 0
465549, 66560, 1, 0, 0
465649, 62080, 1, 0, 0
465749, 63360, 1, 0, 0
465849, 61440, 1, 0, 0
465949, 62080, 1, 0, 0
466049, 62720, 1, 0, 0
466149, 60800, 1, 0, 0
466250, 62720, 1, 0, 0
466350, 60160, 1, 0, 0
466450, 61440, 1, 0, 0
466550, 60800, 1, 0, 0
466650, 63360, 1, 0, 0
466749, 59474, 1, 0, 0
466849, 65920, 1, 0, 0
466949, 62080, 1, 0, 0
467049, 62080, 1, 0, 0
467149, 61440, 1, 0, 0
467249, 63360, 1, 0, 0
467349, 62720, 1, 0, 0
467449, 64000, 1, 0, 0
467549, 61440, 1, 0, 0
467650, 60800, 1, 0, 0
467749, 62707, 1, 0, 0
467849, 64000, 1, 0, 0
467949, 62720, 1, 0, 0
468049, 62080, 1, 0, 0
468149, 60800, 1, 0, 0
468249, 62080, 1, 0, 0
468349, 62720, 1, 0, 0
468449, 64000, 1, 0, 0
468549, 64000, 1, 0, 0
468649, 62080, 1, 0, 0
468749, 64000, 1, 0, 0
468849, 59520, 1, 0, 0
468949, 63360, 1, 0, 0
469050, 62080, 1, 0, 0
469150, 63360, 1, 0, 0
469249, 64000, 1, 0, 0
469349, 58880, 1, 0, 0
469449, 62720, 1, 0, 0
469549, 65280, 1, 0, 0
469649, 62720, 1, 0, 0
469749, 63360, 1, 0, 0
469849, 62720, 1, 0, 0
469949, 65920, 1, 0, 0
470049, 64640, 1, 0, 0
470149, 62080, 1, 0, 0
470249, 62720, 1, 0, 0
470350, 64000, 1, 0, 0
470450, 61440, 1, 0, 0
470550, 62720, 1, 0, 0
470650, 62720, 1, 0, 0
470749, 62060, 1, 0, 0
470849, 62080, 1, 0, 0
470949, 62080, 1, 0, 0
471049, 61440, 1, 0, 0
471149, 60800, 1, 0, 0
471249, 60800, 1, 0, 0
471349, 63360, 1, 0, 0
471449, 60800, 1, 0, 0
471549, 61440, 1, 0, 0
471649, 61440, 1, 0, 0
471750, 62720, 1, 0, 0
471850, 64000, 1, 0, 0
471950, 62080, 1, 0, 0
472050, 60800, 1, 0, 0
472150, 63360, 1, 0, 0
472249, 61414, 1, 0, 0
472349, 58880, 1, 0, 0
472449, 61440, 1, 0, 0
472549, 62720, 1, 0, 0
472649, 64640, 1, 0, 0
472749, 63360, 1, 0, 0
472849, 62080, 1, 0, 0
472949, 61440, 1, 0, 0
473049, 59520, 1, 0, 0
473150, 62080, 1, 0, 0
473249, 58828, 1, 0, 0
473349, 60160, 1, 0, 0
473449, 63360, 1, 0, 0
473549, 60800, 1, 0, 0
473649, 60800, 1, 0, 0
473749, 64640, 1, 0, 0
473849, 58880, 1, 0, 0
473949, 60800, 1, 0, 0
474049, 60800, 1, 0, 0
474149, 60160, 1, 0, 0
474249, 60160, 1, 0, 0
474349, 60800, 1, 0, 0
474449, 60160, 1, 0, 0
474550, 60160, 1, 0, 0
474650, 60800, 1, 0, 0
474749, 62707, 1, 0, 0
474849, 62720, 1, 0, 0
474949, 60800, 1, 0, 0
475049, 57600, 1, 0, 0
475149, 60160, 1, 0, 0
475249, 62720, 1, 0, 0
475349, 60800, 1, 0, 0
475449, 60160, 1, 0, 0
475549, 62720, 1, 0, 0
475649, 62080, 1, 0, 0
475750, 62080, 1, 0, 0
475850, 59520, 1, 0, 0
475950, 61440, 1, 0, 0
476050, 60800, 1, 0, 0
476150, 59520, 1, 0, 0
476249, 61414, 1, 0, 0
476349, 62080, 1, 0, 0
476449, 61440, 1, 0, 0
476549, 56960, 1, 0, 0
476649, 55680, 1, 0, 0
476749, 61440, 1, 0, 0
476849, 61440, 1, 0, 0
476949, 64000, 1, 0, 0
477050, 59520, 1, 0, 0
477150, 62720, 1, 0, 0
477249, 62707, 1, 0, 0
477349, 58880, 1, 0, 0
477449, 58880, 1, 0, 0
477549, 62080, 1, 0, 0
477649, 62080, 1, 0, 0
477749, 63360, 1, 0, 0
477849, 62080, 1, 0, 0
477949, 63360, 1, 0, 0
478049, 59520, 1, 0, 0
478149, 62080, 1, 0, 0
478249, 60160, 1, 0, 0
478349, 62720, 1, 0, 0
478449, 61440, 1, 0, 0
478550, 63360, 1, 0, 0
478650, 60160, 1, 0, 0
478749, 60121, 1, 0, 0
478849, 58880, 1, 0, 0
478949, 60160, 1, 0, 0
479049, 60800, 1, 0, 0
479149, 61440, 1, 0, 0
479249, 62080, 1, 0, 0
479349, 60160, 1, 0, 0
479449, 60800, 1, 0, 0
479549, 58240, 1, 0, 0
479649, 62080, 1, 0, 0
479750, 62080, 1, 0, 0
479850, 60800, 1, 0, 0
479950, 58240, 1, 0, 0
480050, 59520, 1, 0, 0
480150, 58240, 1, 0, 0
480249, 59474, 1, 0, 0
480349, 62080, 1, 0, 0
480449, 58880, 1, 0, 0
480549, 60800, 1, 0, 0
480649, 63360, 1, 0, 0
480749, 61440, 1, 0, 0
480849, 62720, 1, 0, 0
480949, 62080, 1, 0, 0
481050, 62080, 1, 0, 0
481150, 62080, 1, 0, 0
481249, 60767, 1, 0, 0
481349, 55680, 1, 0, 0
481449, 60800, 1, 0, 0
481549, 60160, 1, 0, 0
481649, 60800, 1, 0, 0
481749, 61440, 1, 0, 0
481849, 60800, 1, 0, 0
481949, 59520, 1, 0, 0
482049, 61440, 1, 0, 0
482149, 62080, 1, 0, 0
482249, 65280, 1, 0, 0
482349, 58880, 1, 0, 0
482449, 61440, 1, 0, 0
482550, 57600, 1, 0, 0
482650, 58880, 1, 0, 0
482749, 61414, 1, 0, 0
482849, 60800, 1, 0, 0
482949, 60800, 1, 0, 0
483049, 62080, 1, 0, 0
483149, 60160, 1, 0, 0
483249, 60800, 1, 0, 0
483349, 58880, 1, 0, 0
483449, 62720, 1, 0, 0
483549, 61440, 1, 0, 0
483649, 60160, 1, 0, 0
483749, 62080, 1, 0, 0
483850, 64000, 1, 0, 0
483950, 59520, 1, 0, 0
484050, 64640, 1, 0, 0
484150, 60160, 1, 0, 0
484249, 60767, 1, 0, 0
484349, 62720, 1, 0, 0
484449, 60800, 1, 0, 0
484549, 60800, 1, 0, 0
484649, 58880, 1, 0, 0
484749, 60800, 1, 0, 0
484849, 61440, 1, 0, 0
484949, 64000, 1, 0, 0
485049, 62720, 1, 0, 0
485149, 62080, 1, 0, 0
485249, 62060, 1, 0, 0
485349, 59520, 1, 0, 0
485449, 61440, 1, 0, 0
485549, 60800, 1, 0, 0
485649, 61440, 1, 0, 0
485749, 60160, 1, 0, 0
485849, 62080, 1, 0, 0
485949, 60160, 1, 0, 0
486049, 64000, 1, 0, 0
486149, 62080, 1, 0, 0
486249, 63360, 1, 0, 0
486349, 60160, 1, 0, 0
486449, 60800, 1, 0, 0
486550, 60800, 1, 0, 0
486650, 62720, 1, 0, 0
486749, 60121, 1, 0, 0
486849, 62720, 1, 0, 0
486949, 62080, 1, 0, 0
487049, 58880, 1, 0, 0
487149, 62080, 1, 0, 0
487249, 61440, 1, 0, 0
487349, 59520, 1, 0, 0
487449, 63360, 1, 0, 0
487549, 62080, 1, 0, 0
487649, 60160, 1, 0, 0
487749, 64640, 1, 0, 0
487849, 61440, 1, 0, 0
487949, 59520, 1, 0, 0
488050, 60800, 1, 0, 0
488150, 61440, 1, 0, 0
488249, 62060, 1, 0, 0
488349, 57600, 1, 0, 0
488449, 62080, 1, 0, 0
488549, 60160, 1, 0, 0
488649, 62080, 1, 0, 0
488749, 60160, 1, 0, 0
488849, 58880, 1, 0, 0
488949, 62080, 1, 0, 0
489049, 60800, 1, 0, 0
489149, 58240, 1, 0, 0
489250, 58880, 1, 0, 0
489350, 61440, 1, 0, 0
489450, 61440, 1, 0, 0
489550, 61440, 1, 0, 0
489650, 64000, 1, 0, 0
489749, 63353, 1, 0, 0
489849, 61440, 1, 0, 0
489949, 62080, 1, 0, 0
490049, 60800, 1, 0, 0
490149, 60800, 1, 0, 0
490249, 61440, 1, 0, 0
490349, 60160, 1, 0, 0
490449, 62720, 1, 0, 0
490549, 64000, 1, 0, 0
490649, 60800, 1, 0, 0
490749, 60767, 1, 0, 0
490849, 60800, 1, 0, 0
490949, 56320, 1, 0, 0
491049, 60160, 1, 0, 0
491149, 63360, 1, 0, 0
491249, 59520, 1, 0, 0
491349, 64640, 1, 0, 0
491449, 60160, 1, 0, 0
491549, 62080, 1, 0, 0
491649, 60160, 1, 0, 0
491749, 62080, 1, 0, 0
491849, 58880, 1, 0, 0
491949, 61440, 1, 0, 0
492049, 64640, 1, 0, 0
492150, 60160, 1, 0, 0
492249, 61414, 1, 0, 0
492349, 60800, 1, 0, 0
492449, 64000, 1, 0, 0
492549, 59520, 1, 0, 0
492649, 62080, 1, 0, 0
492749, 58240, 1, 0, 0
492849, 63360, 1, 0, 0
492949, 59520, 1, 0, 0
493049, 56960, 1, 0, 0
493149, 60160, 1, 0, 0
493249, 61440, 1, 0, 0
493349, 63360, 1, 0, 0
493449, 60160, 1, 0, 0
493550, 61440, 1, 0, 0
493650, 60800, 1, 0, 0
493749, 60121, 1, 0, 0
493849, 61440, 1, 0, 0
493949, 58880, 1, 0, 0
494049, 60800, 1, 0, 0
494149, 63360, 1, 0, 0
494249, 63360, 1, 0, 0
494349, 56960, 1, 0, 0
494449, 62080, 1, 0, 0
494549, 58880, 1, 0, 0
494649, 63360, 1, 0, 0
494749, 63360, 1, 0, 0
494849, 62080, 1, 0, 0
494950, 58880, 1, 0, 0
495050, 59520, 1, 0, 0
495150, 58880, 1, 0, 0
495249, 60121, 1, 0, 0
495349, 63360, 1, 0, 0
495449, 61440, 1, 0, 0
495549, 57600, 1, 0, 0
495649, 61440, 1, 0, 0
495749, 60160, 1, 0, 0
495849, 60800, 1, 0, 0
495949, 60160, 1, 0, 0
496049, 59520, 1, 0, 0
496149, 59520, 1, 0, 0
496250, 58880, 1, 0, 0
496350, 62720, 1, 0, 0
496450, 58240, 1, 0, 0
496550, 60160, 1, 0, 0
496650, 60800, 1, 0, 0
496749, 62707, 1, 0, 0
496849, 59520, 1, 0, 0
496949, 62080, 1, 0, 0
497049, 60800, 1, 0, 0
497149, 61440, 1, 0, 0
497249, 58240, 1, 0, 0
497349, 58880, 1, 0, 0
497449, 62720, 1, 0, 0
497550, 58880, 1, 0, 0
497650, 59520, 1, 0, 0
497749, 63353, 1, 0, 0
497849, 61440, 1, 0, 0
497949, 64640, 1, 0, 0
498049, 62080, 1, 0, 0
498149, 61440, 1, 0, 0
498249, 60160, 1, 0, 0
498349, 60800, 1, 0, 0
498449, 59520, 1, 0, 0
498549, 61440, 1, 0, 0
498649, 60800, 1, 0, 0
498749, 60160, 1, 0, 0
498849, 58880, 1, 0, 0
498950, 60800, 1, 0, 0
499050, 60800, 1, 0, 0
499150, 62720, 1, 0, 0
499249, 61414, 1, 0, 0
499349, 61440, 1, 0, 0
499449, 59520, 1, 0, 0
499549, 63360, 1, 0, 0
499649, 63360, 1, 0, 0
499749, 62720, 1, 0, 0
499849, 62720, 1, 0, 0
499949, 62720, 1, 0, 0
500049, 60160, 1, 0, 0
500149, 61440, 1, 0, 0
500249, 58181, 1, 0, 0
500349, 62080, 1, 0, 0
500449, 60800, 1, 0, 0
500549, 60800, 1, 0, 0
500649, 61440, 1, 0, 0
500749, 58880, 1, 0, 0
500849, 61440, 1, 0, 0
500949, 58880, 1, 0, 0
501049, 62080, 1, 0, 0
501149, 63360, 1, 0, 0
501249, 64000, 1, 0, 0
501349, 63360, 1, 0, 0
501449, 60800, 1, 0, 0
501549, 64000, 1, 0, 0
501650, 61440, 1, 0, 0
501749, 62707, 1, 0, 0
501849, 60800, 1, 0, 0
501949, 62080, 1, 0, 0
502049, 61440, 1, 0, 0
502149, 61440, 1, 0, 0
502249, 61440, 1, 0, 0
502349, 65280, 1, 0, 0
502449, 62720, 1, 0, 0
502549, 64640, 1, 0, 0
502649, 63360, 1, 0, 0
502749, 60160, 1, 0, 0
502849, 62720, 1, 0, 0
502949, 65280, 1, 0, 0
503050, 60800, 1, 0, 0
503150, 65280, 1, 0, 0
503249, 62060, 1, 0, 0
503349, 61440, 1, 0, 0
503449, 62080, 1, 0, 0
503549, 61440, 1, 0, 0
503649, 62720, 1, 0, 0
503749, 60160, 1, 0, 0
503849, 58880, 1, 0, 0
503949, 61440, 1, 0, 0
504049, 62080, 1, 0, 0
504149, 61440, 1, 0, 0
504250, 61440, 1, 0, 0
504350, 60800, 1, 0, 0
504450, 63360, 1, 0, 0
504550, 62080, 1, 0, 0
504650, 62080, 1, 0, 0
504749, 60767, 1, 0, 0
504849, 61440, 1, 0, 0
504949, 60800, 1, 0, 0
505049, 62080, 1, 0, 0
505149, 61440, 1, 0, 0
505249, 61440, 1, 0, 0
505349, 63360, 1, 0, 0
505449, 64000, 1, 0, 0
505549, 61440, 1, 0, 0
505649, 64640, 1, 0, 0
505749, 59474, 1, 0, 0
505849, 61440, 1, 0, 0
505949, 59520, 1, 0, 0
506049, 64000, 1, 0, 0
506149, 61440, 1, 0, 0
506249, 62080, 1, 0, 0
506349, 62080, 1, 0, 0
506449, 62720, 1, 0, 0
506549, 64000, 1, 0, 0
506649, 62080, 1, 0, 0
506749, 63360, 1, 0, 0
506849, 60800, 1, 0, 0
506949, 62080, 1, 0, 0
507049, 60160, 1, 0, 0
507150, 58240, 1, 0, 0
507249, 62707, 1, 0, 0
507349, 62720, 1, 0, 0
507449, 62080, 1, 0, 0
507549, 58240, 1, 0, 0
507649, 63360, 1, 0, 0
507749, 60160, 1, 0, 0
507849, 60800, 1, 0, 0
507949, 62080, 1, 0, 0
508049, 64000, 1, 0, 0
508149, 61440, 1, 0, 0
508249, 62080, 1, 0, 0
508349, 64000, 1, 0, 0
508449, 59520, 1, 0, 0
508550, 60160, 1, 0, 0
508650, 62720, 1, 0, 0
508749, 62707, 1, 0, 0
508849, 62720, 1, 0, 0
508949, 59520, 1, 0, 0
509049, 63360, 1, 0, 0
509149, 62720, 1, 0, 0
509249, 58880, 1, 0, 0
509349, 60160, 1, 0, 0
509449, 61440, 1, 0, 0
509549, 62080, 1, 0, 0
509649, 62720, 1, 0, 0
509749, 62720, 1, 0, 0
509849, 62080, 1, 0, 0
509950, 60800, 1, 0, 0
510050, 63360, 1, 0, 0
510150, 64640, 1, 0, 0
510249, 64000, 1, 0, 0
510349, 59520, 1, 0, 0
510449, 63360, 1, 0, 0
510549, 64640, 1, 0, 0
510649, 62080, 1, 0, 0
510749, 60160, 1, 0, 0
510849, 62080, 1, 0, 0
510949, 67200, 1, 0, 0
511049, 63360, 1, 0, 0
511149, 61440, 1, 0, 0
511249, 60121, 1, 0, 0
511349, 62080, 1, 0, 0
511449, 63360, 1, 0, 0
511549, 62720, 1, 0, 0
511649, 62080, 1, 0, 0
511749, 63360, 1, 0, 0
511849, 63360, 1, 0, 0
511949, 60800, 1, 0, 0
512049, 64640, 1, 0, 0
512149, 62720, 1, 0, 0
512249, 61440, 1, 0, 0
512349, 63360, 1, 0, 0
512449, 62720, 1, 0, 0
512550, 64000, 1, 0, 0
512650, 64000, 1, 0, 0
512749, 61414, 1, 0, 0
512849, 62080, 1, 0, 0
512949, 58880, 1, 0, 0
513049, 63360, 1, 0, 0
513149, 64640, 1, 0, 0
513249, 61440, 1, 0, 0
513349, 60160, 1, 0, 0
513449, 62720, 1, 0, 0
513549, 64000, 1, 0, 0
513649, 62720, 1, 0, 0
513749, 63360, 1, 0, 0
513849, 63360, 1, 0, 0
513949, 62080, 1, 0, 0
514050, 63360, 1, 0, 0
514150, 62080, 1, 0, 0
514249, 61414, 1, 0, 0
514349, 65920, 1, 0, 0
514449, 64640, 1, 0, 0
514549, 64000, 1, 0, 0
514649, 62080, 1, 0, 0
514749, 60160, 1, 0, 0
514849, 65280, 1, 0, 0
514949, 62080, 1, 0, 0
515049, 59520, 1, 0, 0
515149, 64000, 1, 0, 0
515250, 63360, 1, 0, 0
515350, 65280, 1, 0, 0
515450, 63360, 1, 0, 0
515550, 58880, 1, 0, 0
515650, 60160, 1, 0, 0
515749, 62060, 1, 0, 0
515849, 63360, 1, 0, 0
515949, 61440, 1, 0, 0
516049, 61440, 1, 0, 0
516149, 59520, 1, 0, 0
516249, 64000, 1, 0, 0
516349, 65280, 1, 0, 0
516449, 61440, 1, 0, 0
516550, 62720, 1, 0, 0
516650, 62720, 1, 0, 0
516749, 60121, 1, 0, 0
516849, 61440, 1, 0, 0
516949, 60160, 1, 0, 0
517049, 61440, 1, 0, 0
517149, 62080, 1, 0, 0
517249, 63360, 1, 0, 0
517349, 64000, 1, 0, 0
517449, 61440, 1, 0, 0
517549, 57600, 1, 0, 0
517649, 58240, 1, 0, 0
517749, 59520, 1, 0, 0
517849, 62080, 1, 0, 0
517950, 64000, 1, 0, 0
518050, 62080, 1, 0, 0
518150, 64640, 1, 0, 0
518249, 62060, 1, 0, 0
518349, 62080, 1, 0, 0
518449, 62080, 1, 0, 0
518549, 64000, 1, 0, 0
518649, 60160, 1, 0, 0
518749, 64000, 1, 0, 0
518849, 60160, 1, 0, 0
518949, 63360, 1, 0, 0
519049, 60800, 1, 0, 0
519149, 54400, 1, 0, 0
519250, 62080, 1, 0, 0
519350, 61440, 1, 0, 0
519450, 60160, 1, 0, 0
519550, 62080, 1, 0, 0
519650, 61440, 1, 0, 0
519749, 60767, 1, 0, 0
519849, 60800, 1, 0, 0
519949, 64640, 1, 0, 0
520049, 62720, 1, 0, 0
520149, 59520, 1, 0, 0
520249, 60160, 1, 0, 0
520349, 63360, 1, 0, 0
520449, 63360, 1, 0, 0
520549, 60160, 1, 0, 0
520649, 60800, 1, 0, 0
520749, 59474, 1, 0, 0
520849, 64000, 1, 0, 0
520949, 62720, 1, 0, 0
521049, 64000, 1, 0, 0
521149, 61440, 1, 0, 0
521249, 61440, 1, 0, 0
521349, 62080, 1, 0, 0
521449, 60160, 1, 0, 0
521549, 60800, 1, 0, 0
521649, 60800, 1, 0, 0
521749, 59520, 1, 0, 0
521849, 58880, 1, 0, 0
521949, 62080, 1, 0, 0
522050, 62720, 1, 0, 0
522150, 61440, 1, 0, 0
522249, 61414, 1, 0, 0
522349, 62720, 1, 0, 0
522449, 59520, 1, 0, 0
522549, 62080, 1, 0, 0
522649, 62720, 1, 0, 0
522749, 59520, 1, 0, 0
522849, 60160, 1, 0, 0
522949, 62080, 1, 0, 0
523049, 60800, 1, 0, 0
523149, 62720, 1, 0, 0
523249, 62720, 1, 0, 0
523350, 62080, 1, 0, 0
523450, 62720, 1, 0, 0
523550, 60160, 1, 0, 0
523650, 65280, 1, 0, 0
523749, 62060, 1, 0, 0
523849, 64000, 1, 0, 0
523949, 62720, 1, 0, 0
524049, 64000, 1, 0, 0
524149, 60160, 1, 0, 0
524249, 61440, 1, 0, 0
524349, 62720, 1, 0, 0
524449, 64640, 1, 0, 0
524549, 62720, 1, 0, 0
524649, 63360, 1, 0, 0
524749, 62707, 1, 0, 0
524849, 62720, 1, 0, 0
524949, 64000, 1, 0, 0
525049, 63360, 1, 0, 0
525149, 64000, 1, 0, 0
525249, 58880, 1, 0, 0
525349, 64640, 1, 0, 0
525449, 61440, 1, 0, 0
525549, 62080, 1, 0, 0
525649, 61440, 1, 0, 0
525749, 61440, 1, 0, 0
525849, 62080, 1, 0, 0
525949, 60160, 1, 0, 0
526050, 62720, 1, 0, 0
526150, 61440, 1, 0, 0
526249, 60767, 1, 0, 0
526349, 62080, 1, 0, 0
526449, 59520, 1, 0, 0
526549, 62080, 1, 0, 0
526649, 61440, 1, 0, 0
526749, 61440, 1, 0, 0
526849, 60800, 1, 0, 0
526949, 60800, 1, 0, 0
527049, 59520, 1, 0, 0
527149, 64000, 1, 0, 0
527249, 64000, 1, 0, 0
527349, 60160, 1, 0, 0
527450, 63360, 1, 0, 0
527550, 62720, 1, 0, 0
527650, 62720, 1, 0, 0
527749, 60767, 1, 0, 0
527849, 60160, 1, 0, 0
527949, 60160, 1, 0, 0
528049, 58880, 1, 0, 0
528149, 62720, 1, 0, 0
528249, 62080, 1, 0, 0
528349, 60800, 1, 0, 0
528449, 60160, 1, 0, 0
528549, 63360, 1, 0, 0
528649, 63360, 1, 0, 0
528749, 62707, 1, 0, 0
528849, 62080, 1, 0, 0
528949, 62080, 1, 0, 0
529049, 64640, 1, 0, 0
529149, 63360, 1, 0, 0
529249, 62080, 1, 0, 0
529349, 62720, 1, 0, 0
529449, 60800, 1, 0, 0
529549, 60160, 1, 0, 0
529649, 59520, 1, 0, 0
529749, 63360, 1, 0, 0
529849, 62080, 1, 0, 0
529949, 62720, 1, 0, 0
530049, 63360, 1, 0, 0
530150, 58880, 1, 0, 0
530249, 62707, 1, 0, 0
530349, 64640, 1, 0, 0
530449, 60800, 1, 0, 0
530549, 62080, 1, 0, 0
530649, 63360, 1, 0, 0
530749, 62080, 1, 0, 0
530849, 62080, 1, 0, 0
530949, 61440, 1, 0, 0
531049, 62080, 1, 0, 0
531149, 64000, 1, 0, 0
531249, 62080, 1, 0, 0
531349, 60160, 1, 0, 0
531449, 62720, 1, 0, 0
531550, 60800, 1, 0, 0
531650, 61440, 1, 0, 0
531749, 61414, 1, 0, 0
531849, 60800, 1, 0, 0
531949, 62080, 1, 0, 0
532049, 62080, 1, 0, 0
532149, 62080, 1, 0, 0
532249, 61440, 1, 0, 0
532349, 57600, 1, 0, 0
532449, 59520, 1, 0, 0
532549, 63360, 1, 0, 0
532649, 58880, 1, 0, 0
532749, 61440, 1, 0, 0
532850, 62080, 1, 0, 0
532950, 60160, 1, 0, 0
533050, 60160, 1, 0, 0
533150, 65280, 1, 0, 0
533249, 59474, 1, 0, 0
533349, 59520, 1, 0, 0
533449, 58880, 1, 0, 0
533549, 60160, 1, 0, 0
533649, 61440, 1, 0, 0
533749, 59520, 1, 0, 0
533849, 62080, 1, 0, 0
533949, 59520, 1, 0, 0
534049, 59520, 1, 0, 0
534149, 58880, 1, 0, 0
534249, 60767, 1, 0, 0
534349, 60800, 1, 0, 0
534449, 62080, 1, 0, 0
534549, 59520, 1, 0, 0
534649, 58880, 1, 0, 0
534749, 62080, 1, 0, 0
534849, 59520, 1, 0, 0
534949, 62720, 1, 0, 0
535049, 58240, 1, 0, 0
535149, 60160, 1, 0, 0
535249, 60800, 1, 0, 0
535349, 55040, 1, 0, 0
535449, 58240, 1, 0, 0
535550, 61440, 1, 0, 0
535650, 58240, 1, 0, 0
535749, 58181, 1, 0, 0
535849, 58880, 1, 0, 0
535949, 58880, 1, 0, 0
536049, 61440, 1, 0, 0
536149, 60160, 1, 0, 0
536249, 62720, 1, 0, 0
536349, 61440, 1, 0, 0
536449, 62720, 1, 0, 0
536549, 62080, 1, 0, 0
536649, 60800, 1, 0, 0
536749, 61440, 1, 0, 0
536849, 62720, 1, 0, 0
536950, 60800, 1, 0, 0
537050, 63360, 1, 0, 0
537150, 61440, 1, 0, 0
537249, 62060, 1, 0, 0
537349, 61440, 1, 0, 0
537449, 63360, 1, 0, 0
537549, 60160, 1, 0, 0
537649, 61440, 1, 0, 0
537749, 60800, 1, 0, 0
537849, 60800, 1, 0, 0
537949, 62080, 1, 0, 0
538049, 60160, 1, 0, 0
538149, 63360, 1, 0, 0
538249, 62707, 1, 0, 0
538349, 62720, 1, 0, 0
538449, 60800, 1, 0, 0
538549, 58880, 1, 0, 0
538649, 61440, 1, 0, 0
538749, 62080, 1, 0, 0
538849, 60800, 1, 0, 0
538949, 60800, 1, 0, 0
539049, 59520, 1, 0, 0
539149, 59520, 1, 0, 0
539249, 60800, 1, 0, 0
539349, 60160, 1, 0, 0
539449, 58880, 1, 0, 0
539549, 60160, 1, 0, 0
539650, 60160, 1, 0, 0
539749, 58828, 1, 0, 0
539849, 60160, 1, 0, 0
539949, 62720, 1, 0, 0
540049, 61440, 1, 0, 0
540149, 61440, 1, 0, 0
540249, 60160, 1, 0, 0
540349, 59520, 1, 0, 0
540449, 59520, 1, 0, 0
540549, 61440, 1, 0, 0
540649, 58880, 1, 0, 0
540749, 62720, 1, 0, 0
540849, 57600, 1, 0, 0
540949, 60160, 1, 0, 0
541050, 60800, 1, 0, 0
541150, 59520, 1, 0, 0
541249, 61414, 1, 0, 0
541349, 63360, 1, 0, 0
541449, 60800, 1, 0, 0
541549, 60160, 1, 0, 0
541649, 62720, 1, 0, 0
541749, 60800, 1, 0, 0
541849, 62720, 1, 0, 0
541949, 62720, 1, 0, 0
542049, 64000, 1, 0, 0
542149, 62080, 1, 0, 0
542249, 60160, 1, 0, 0
542349, 60800, 1, 0, 0
542450, 60160, 1, 0, 0
542550, 64000, 1, 0, 0
542650, 64000, 1, 0, 0
542749, 64000, 1, 0, 0
542849, 62720, 1, 0, 0
542949, 63360, 1, 0, 0
543049, 62080, 1, 0, 0
543149, 62720, 1, 0, 0
543249, 62720, 1, 0, 0
543349, 60160, 1, 0, 0
543449, 64000, 1, 0, 0
543549, 62720, 1, 0, 0
543649, 60160, 1, 0, 0
543750, 64000, 1, 0, 0
543850, 60160, 1, 0, 0
543950, 62720, 1, 0, 0
544050, 61440, 1, 0, 0
544150, 62080, 1, 0, 0
544249, 62060, 1, 0, 0
544349, 62080, 1, 0, 0
544449, 62080, 1, 0, 0
544549, 61440, 1, 0, 0
544649, 64640, 1, 0, 0
544749, 64640, 1, 0, 0
544849, 58880, 1, 0, 0
544949, 64000, 1, 0, 0
545049, 64000, 1, 0, 0
545150, 63360, 1, 0, 0
545249, 60767, 1, 0, 0
545349, 61440, 1, 0, 0
545449, 64640, 1, 0, 0
545549, 60160, 1, 0, 0
545649, 60160, 1, 0, 0
545749, 61440, 1, 0, 0
545849, 59520, 1, 0, 0
545949, 61440, 1, 0, 0
546049, 60800, 1, 0, 0
546149, 62080, 1, 0, 0
546249, 60160, 1, 0, 0
546349, 60800, 1, 0, 0
546449, 60800, 1, 0, 0
546550, 62080, 1, 0, 0
546650, 60800, 1, 0, 0
546749, 60767, 1, 0, 0
546849, 62720, 1, 0, 0
546949, 62720, 1, 0, 0
547049, 62080, 1, 0, 0
547149, 64000, 1, 0, 0
547249, 62080, 1, 0, 0
547349, 61440, 1, 0, 0
547449, 62720, 1, 0, 0
547549, 62720, 1, 0, 0
547649, 64000, 1, 0, 0
547749, 62080, 1, 0, 0
547850, 63360, 1, 0, 0
547950, 64000, 1, 0, 0
548050, 63360, 1, 0, 0
548150, 61440, 1, 0, 0
548249, 62060, 1, 0, 0
548349, 64000, 1, 0, 0
548449, 62720, 1, 0, 0
548549, 60160, 1, 0, 0
548649, 58240, 1, 0, 0
548749, 62720, 1, 0, 0
548849, 60800, 1, 0, 0
548949, 60800, 1, 0, 0
549049, 60800, 1, 0, 0
549149, 64000, 1, 0, 0
549249, 62060, 1, 0, 0
549349, 58880, 1, 0, 0
549449, 60160, 1, 0, 0
549549, 61440, 1, 0, 0
549649, 60160, 1, 0, 0
549749, 62720, 1, 0, 0
549849, 63360, 1, 0, 0
549949, 61440, 1, 0, 0
550049, 58880, 1, 0, 0
550149, 64000, 1, 0, 0
550249, 60800, 1, 0, 0
550349, 61440, 1, 0, 0
550449, 64000, 1, 0, 0
550550, 63360, 1, 0, 0
550650, 60800, 1, 0, 0
550749, 63353, 1, 0, 0
550849, 60160, 1, 0, 0
550949, 58240, 1, 0, 0
551049, 61440, 1, 0, 0
551149, 60800, 1, 0, 0
551249, 62080, 1, 0, 0
551349, 62720, 1, 0, 0
551449, 60800, 1, 0, 0
551549, 64640, 1, 0, 0
551649, 58240, 1, 0, 0
551749, 60800, 1, 0, 0
551849, 62720, 1, 0, 0
551949, 60160, 1, 0, 0
552050, 59520, 1, 0, 0
552150, 64640, 1, 0, 0
552249, 64000, 1, 0, 0
552349, 62080, 1, 0, 0
552449, 61440, 1, 0, 0
552549, 63360, 1, 0, 0
552649, 60160, 1, 0, 0
552749, 58240, 1, 0, 0
552849, 61440, 1, 0, 0
552949, 58880, 1, 0, 0
553049, 62080, 1, 0, 0
553149, 60800, 1, 0, 0
553249, 60160, 1, 0, 0
553350, 62720, 1, 0, 0
553450, 59520, 1, 0, 0
553550, 58880, 1, 0, 0
553650, 59520, 1, 0, 0
553749, 64000, 1, 0, 0
553849, 61440, 1, 0, 0
553949, 62080, 1, 0, 0
554049, 61440, 1, 0, 0
554149, 59520, 1, 0, 0
554249, 63360, 1, 0, 0
554349, 60800, 1, 0, 0
554449, 62720, 1, 0, 0
554549, 61440, 1, 0, 0
554649, 62720, 1, 0, 0
554749, 61414, 1, 0, 0
554849, 63360, 1, 0, 0
554949, 62720, 1, 0, 0
555049, 60800, 1, 0, 0
555149, 62080, 1, 0, 0
555249, 62080, 1, 0, 0
555349, 63360, 1, 0, 0
555449, 61440, 1, 0, 0
555549, 62080, 1, 0, 0
555649, 59520, 1, 0, 0
555749, 64000, 1, 0, 0
555849, 61440, 1, 0, 0
555949, 62720, 1, 0, 0
556050, 58880, 1, 0, 0
556150, 62720, 1, 0, 0
556249, 63353, 1, 0, 0
556349, 65920, 1, 0, 0
556449, 63360, 1, 0, 0
556549, 62720, 1, 0, 0
556649, 62080, 1, 0, 0
556749, 62080, 1, 0, 0
556849, 65280, 1, 0, 0
556949, 65280, 1, 0, 0
557049, 64640, 1, 0, 0
557149, 65280, 1, 0, 0
557249, 59520, 1, 0, 0
557349, 64640, 1, 0, 0
557449, 63360, 1, 0, 0
557550, 60160, 1, 0, 0
557650, 64000, 1, 0, 0
557749, 64000, 1, 0, 0
557849, 62080, 1, 0, 0
557949, 62080, 1, 0, 0
558049, 60800, 1, 0, 0
558149, 61440, 1, 0, 0
558249, 62720, 1, 0, 0
558349, 59520, 1, 0, 0
558449, 60160, 1, 0, 0
558549, 60800, 1, 0, 0
558649, 62080, 1, 0, 0
558749, 58880, 1, 0, 0
558850, 63360, 1, 0, 0
558950, 63360, 1, 0, 0
559050, 62080, 1, 0, 0
559150, 62080, 1, 0, 0
559249, 62060, 1, 0, 0
559349, 62720, 1, 0, 0
559449, 62080, 1, 0, 0
559549, 60800, 1, 0, 0
559649, 61440, 1, 0, 0
559749, 63360, 1, 0, 0
559849, 61440, 1, 0, 0
559949, 59520, 1, 0, 0
560049, 60800, 1, 0, 0
560149, 60800, 1, 0, 0
560249, 61414, 1, 0, 0
560349, 62720, 1, 0, 0
560449, 63360, 1, 0, 0
560549, 62080, 1, 0, 0
560649, 61440, 1, 0, 0
560749, 64000, 1, 0, 0
560849, 60160, 1, 0, 0
560949, 63360, 1, 0, 0
561049, 62080, 1, 0, 0
561149, 59520, 1, 0, 0
561249, 63360, 1, 0, 0
561349, 60160, 1, 0, 0
561449, 64000, 1, 0, 0
561550, 62720, 1, 0, 0
561650, 61440, 1, 0, 0
561749, 58828, 1, 0, 0
561849, 59520, 1, 0, 0
561949, 62080, 1, 0, 0
562049, 61440, 1, 0, 0
562149, 62080, 1, 0, 0
562249, 60160, 1, 0, 0
562349, 62080, 1, 0, 0
562449, 62720, 1, 0, 0
562549, 61440, 1, 0, 0
562649, 62720, 1, 0, 0
562749, 62720, 1, 0, 0
562849, 60800, 1, 0, 0
562949, 60800, 1, 0, 0
563050, 61440, 1, 0, 0
563150, 62720, 1, 0, 0
563249, 62060, 1, 0, 0
563349, 61440, 1, 0, 0
563449, 65280, 1, 0, 0
563549, 61440, 1, 0, 0
563649, 60800, 1, 0, 0
563749, 61440, 1, 0, 0
563849, 59520, 1, 0, 0
563949, 60160, 1, 0, 0
564049, 57600, 1, 0, 0
564149, 62080, 1, 0, 0
564249, 62080, 1, 0, 0
564350, 60160, 1, 0, 0
564450, 64640, 1, 0, 0
564550, 60800, 1, 0, 0
564650, 63360, 1, 0, 0
564749, 62060, 1, 0, 0
564849, 65280, 1, 0, 0
564949, 64640, 1, 0, 0
565049, 64000, 1, 0, 0
565149, 62720, 1, 0, 0
565249, 63360, 1, 0, 0
565349, 64000, 1, 0, 0
565449, 63360, 1, 0, 0
565549, 60160, 1, 0, 0
565649, 60800, 1, 0, 0
565749, 65292, 1, 0, 0
565849, 63360, 1, 0, 0
565949, 63360, 1, 0, 0
566049, 60160, 1, 0, 0
566149, 60160, 1, 0, 0
566249, 64640, 1, 0, 0
566349, 64640, 1, 0, 0
566449, 63360, 1, 0, 0
566549, 65920, 1, 0, 0
566649, 62080, 1, 0, 0
566749, 62720, 1, 0, 0
566849, 62080, 1, 0, 0
566949, 60800, 1, 0, 0
567049, 64640, 1, 0, 0
567150, 64640, 1, 0, 0
567249, 64000, 1, 0, 0
567349, 62080, 1, 0, 0
567449, 62080, 1, 0, 0
567549, 63360, 1, 0, 0
567649, 62720, 1, 0, 0
567749, 64000, 1, 0, 0
567849, 60800, 1, 0, 0
567949, 66560, 1, 0, 0
568049, 62080, 1, 0, 0
568149, 64000, 1, 0, 0
568249, 60800, 1, 0, 0
568349, 64000, 1, 0, 0
568449, 62080, 1, 0, 0
568550, 60160, 1, 0, 0
568650, 61440, 1, 0, 0
568749, 63353, 1, 0, 0
568849, 62720, 1, 0, 0
568949, 61440, 1, 0, 0
569049, 62080, 1, 0, 0
569149, 61440, 1, 0, 0
569249, 62080, 1, 0, 0
569349, 58880, 1, 0, 0
569449, 62080, 1, 0, 0
569549, 60800, 1, 0, 0
569649, 61440, 1, 0, 0
569749, 56960, 1, 0, 0
569849, 60800, 1, 0, 0
569950, 62080, 1, 0, 0
570050, 63360, 1, 0, 0
570150, 62080, 1, 0, 0
570249, 60767, 1, 0, 0
570349, 63360, 1, 0, 0
570449, 63360, 1, 0, 0
570549, 62080, 1, 0, 0
570649, 58880, 1, 0, 0
570749, 58240, 1, 0, 0
570849, 60800, 1, 0, 0
570949, 60800, 1, 0, 0
571049, 60160, 1, 0, 0
571149, 61440, 1, 0, 0
571249, 60800, 1, 0, 0
571349, 63360, 1, 0, 0
571449, 59520, 1, 0, 0
571550, 60800, 1, 0, 0
571650, 61440, 1, 0, 0
571749, 60121, 1, 0, 0
571849, 60800, 1, 0, 0
571949, 63360, 1, 0, 0
572049, 62720, 1, 0, 0
572149, 64000, 1, 0, 0
572249, 61440, 1, 0, 0
572349, 62720, 1, 0, 0
572449, 56960, 1, 0, 0
572549, 62720, 1, 0, 0
572649, 63360, 1, 0, 0
572750, 62080, 1, 0, 0
572850, 61440, 1, 0, 0
572950, 60800, 1, 0, 0
573050, 62080, 1, 0, 0
573150, 62080, 1, 0, 0
573249, 62060, 1, 0, 0
573349, 61440, 1, 0, 0
573449, 62080, 1, 0, 0
573549, 65920, 1, 0, 0
573649, 60160, 1, 0, 0
573749, 62080, 1, 0, 0
573849, 60160, 1, 0, 0
573949, 60160, 1, 0, 0
574049, 62080, 1, 0, 0
574149, 60160, 1, 0, 0
574249, 63353, 1, 0, 0
574349, 62720, 1, 0, 0
574449, 64640, 1, 0, 0
574549, 62080, 1, 0, 0
574649, 58880, 1, 0, 0
574749, 62080, 1, 0, 0
574849, 60800, 1, 0, 0
574949, 59520, 1, 0, 0
575049, 62720, 1, 0, 0
575149, 62080, 1, 0, 0
575249, 59520, 1, 0, 0
575349, 61440, 1, 0, 0
575449, 60800, 1, 0, 0
575549, 62080, 1, 0, 0
575650, 62080, 1, 0, 0
575749, 62707, 1, 0, 0
575849, 64000, 1, 0, 0
575949, 64000, 1, 0, 0
576049, 64000, 1, 0, 0
576149, 61440, 1, 0, 0
576249, 63360, 1, 0, 0
576349, 63360, 1, 0, 0
576449, 61440, 1, 0, 0
576549, 64000, 1, 0, 0
576649, 65280, 1, 0, 0
576749, 62080, 1, 0, 0
576849, 63360, 1, 0, 0
576949, 61440, 1, 0, 0
577050, 60800, 1, 0, 0
577150, 60160, 1, 0, 0
577249, 61414, 1, 0, 0
577349, 64640, 1, 0, 0
577449, 64000, 1, 0, 0
577549, 62080, 1, 0, 0
577649, 62720, 1, 0, 0
577749, 62720, 1, 0, 0
577849, 62720, 1, 0, 0
577949, 63360, 1, 0, 0
578049, 62080, 1, 0, 0
578149, 61440, 1, 0, 0
578250, 62080, 1, 0, 0
578350, 63360, 1, 0, 0
578450, 64000, 1, 0, 0
578550, 60800, 1, 0, 0
578650, 61440, 1, 0, 0
578749, 60767, 1, 0, 0
578849, 64000, 1, 0, 0
578949, 60800, 1, 0, 0
579049, 58880, 1, 0, 0
579149, 63360, 1, 0, 0
579249, 62720, 1, 0, 0
579349, 60800, 1, 0, 0
579449, 61440, 1, 0, 0
579549, 60800, 1, 0, 0
579649, 61440, 1, 0, 0
579749, 62707, 1, 0, 0
579849, 62080, 1, 0, 0
579949, 63360, 1, 0, 0
580049, 60160, 1, 0, 0
580149, 64640, 1, 0, 0
580249, 60160, 1, 0, 0
580349, 63360, 1, 0, 0
580449, 64640, 1, 0, 0
580549, 61440, 1, 0, 0
580649, 58240, 1, 0, 0
580749, 62080, 1, 0, 0
580849, 59520, 1, 0, 0
580949, 63360, 1, 0, 0
581050, 62080, 1, 0, 0
581150, 59520, 1, 0, 0
581249, 64646, 1, 0, 0
581349, 62080, 1, 0, 0
581449, 61440, 1, 0, 0
581549, 61440, 1, 0, 0
581649, 62720, 1, 0, 0
581749, 58880, 1, 0, 0
581849, 62080, 1, 0, 0
581949, 63360, 1, 0, 0
582049, 61440, 1, 0, 0
582149, 60800, 1, 0, 0
582249, 62080, 1, 0, 0
582350, 63360, 1, 0, 0
582450, 62080, 1, 0, 0
582550, 60800, 1, 0, 0
582650, 62080, 1, 0, 0
582749, 60121, 1, 0, 0
582849, 61440, 1, 0, 0
582949, 60160, 1, 0, 0
583049, 61440, 1, 0, 0
583149, 61440, 1, 0, 0
583249, 60160, 1, 0, 0
583349, 56960, 1, 0, 0
583449, 64640, 1, 0, 0
583549, 63360, 1, 0, 0
583649, 61440, 1, 0, 0
583749, 62060, 1, 0, 0
583849, 60800, 1, 0, 0
583949, 62080, 1, 0, 0
584049, 62080, 1, 0, 0
584149, 57600, 1, 0, 0
584249, 58880, 1, 0, 0
584349, 63360, 1, 0, 0
584449, 61440, 1, 0, 0
584549, 61440, 1, 0, 0
584649, 59520, 1, 0, 0
584749, 59520, 1, 0, 0
584849, 62080, 1, 0, 0
584949, 59520, 1, 0, 0
585049, 64000, 1, 0, 0
585150, 61440, 1, 0, 0
585249, 62707, 1, 0, 0
585349, 61440, 1, 0, 0
585449, 62720, 1, 0, 0
585549, 62720, 1, 0, 0
585649, 60800, 1, 0, 0
585749, 64640, 1, 0, 0
585849, 60160, 1, 0, 0
585949, 56320, 1, 0, 0
586049, 60800, 1, 0, 0
586149, 62080, 1, 0, 0
586249, 60160, 1, 0, 0
586349, 60160, 1, 0, 0
586449, 58240, 1, 0, 0
586550, 64640, 1, 0, 0
586650, 62080, 1, 0, 0
586749, 58181, 1, 0, 0
586849, 57600, 1, 0, 0
586949, 57600, 1, 0, 0
587049, 57600, 1, 0, 0
587149, 60160, 1, 0, 0
587249, 59520, 1, 0, 0
587349, 59520, 1, 0, 0
587449, 62720, 1, 0, 0
587549, 58880, 1, 0, 0
587649, 61440, 1, 0, 0
587749, 61440, 1, 0, 0
587850, 58880, 1, 0, 0
587950, 60800, 1, 0, 0
588050, 58240, 1, 0, 0
588150, 59520, 1, 0, 0
588249, 60767, 1, 0, 0
588349, 60800, 1, 0, 0
588449, 60160, 1, 0, 0
588549, 60800, 1, 0, 0
588649, 62080, 1, 0, 0
588749, 64000, 1, 0, 0
588849, 57600, 1, 0, 0
588949, 61440, 1, 0, 0
589049, 64000, 1, 0, 0
589149, 59520, 1, 0, 0
589249, 64000, 1, 0, 0
589349, 56320, 1, 0, 0
589449, 60160, 1, 0, 0
589549, 58880, 1, 0, 0
589649, 60160, 1, 0, 0
589749, 59520, 1, 0, 0
589849, 63360, 1, 0, 0
589949, 62720, 1, 0, 0
590049, 60160, 1, 0, 0
590149, 57600, 1, 0, 0
590249, 58880, 1, 0, 0
590349, 61440, 1, 0, 0
590449, 62080, 1, 0, 0
590550, 58880, 1, 0, 0
590650, 62080, 1, 0, 0
590749, 59474, 1, 0, 0
590849, 60800, 1, 0, 0
590949, 61440, 1, 0, 0
591049, 60800, 1, 0, 0
591149, 62080, 1, 0, 0
591249, 61440, 1, 0, 0
591349, 61440, 1, 0, 0
591449, 60160, 1, 0, 0
591549, 62080, 1, 0, 0
591649, 59520, 1, 0, 0
591749, 62080, 1, 0, 0
591850, 57600, 1, 0, 0
591950, 59520, 1, 0, 0
592050, 60160, 1, 0, 0
592150, 59520, 1, 0, 0
592249, 60121, 1, 0, 0
592349, 62080, 1, 0, 0
592449, 58240, 1, 0, 0
592549, 59520, 1, 0, 0
592649, 64000, 1, 0, 0
592749, 64640, 1, 0, 0
592849, 59520, 1, 0, 0
592949, 61440, 1, 0, 0
593049, 60800, 1, 0, 0
593149, 57600, 1, 0, 0
593249, 60767, 1, 0, 0
593349, 58880, 1, 0, 0
593449, 60160, 1, 0, 0
593549, 61440, 1, 0, 0
593649, 58880, 1, 0, 0
593749, 58240, 1, 0, 0
593849, 62720, 1, 0, 0
593949, 62080, 1, 0, 0
594049, 58240, 1, 0, 0
594149, 60800, 1, 0, 0
594249, 62720, 1, 0, 0
594349, 62080, 1, 0, 0
594449, 62080, 1, 0, 0
594550, 60800, 1, 0, 0
594650, 60160, 1, 0, 0
594749, 62060, 1, 0, 0
594849, 58880, 1, 0, 0
594949, 58880, 1, 0, 0
595049, 59520, 1, 0, 0
595149, 60800, 1, 0, 0
595249, 62080, 1, 0, 0
595349, 62080, 1, 0, 0
595449, 60800, 1, 0, 0
595549, 62720, 1, 0, 0
595649, 60160, 1, 0, 0
595749, 62720, 1, 0, 0
595849, 60160, 1, 0, 0
595950, 58880, 1, 0, 0
596050, 60800, 1, 0, 0
596150, 60160, 1, 0, 0
596249, 63353, 1, 0, 0
596349, 62080, 1, 0, 0
596449, 62720, 1, 0, 0
596549, 60160, 1, 0, 0
596649, 62080, 1, 0, 0
596749, 60800, 1, 0, 0
596849, 61440, 1, 0, 0
596949, 62720, 1, 0, 0
597049, 60800, 1, 0, 0
597149, 58240, 1, 0, 0
597250, 59520, 1, 0, 0
597350, 61440, 1, 0, 0
597450, 62720, 1, 0, 0
597550, 63360, 1, 0, 0
597650, 60800, 1, 0, 0
597749, 62060, 1, 0, 0
597849, 62080, 1, 0, 0
597949, 61440, 1, 0, 0
598049, 61440, 1, 0, 0
598149, 60800, 1, 0, 0
598249, 61440, 1, 0, 0
598349, 60160, 1, 0, 0
598449, 61440, 1, 0, 0
598549, 65280, 1, 0, 0
598650, 60160, 1, 0, 0
598749, 58181, 1, 0, 0
598849, 60800, 1, 0, 0
598949, 64640, 1, 0, 0
599049, 62720, 1, 0, 0
599149, 60800, 1, 0, 0
599249, 60160, 1, 0, 0
599349, 60160, 1, 0, 0
599449, 62080, 1, 0, 0
599549, 62720, 1, 0, 0
599649, 60800, 1, 0, 0
599749, 60800, 1, 0, 0
599849, 60800, 1, 0, 0
599949, 60160, 1, 0, 0
