101, 13595, 1, 0, 0
200, 12933, 1, 0, 0
300, 13759, 1, 0, 0
400, 17312, 1, 0, 0
500, 15410, 1, 0, 0
600, 18089, 1, 0, 0
700, 18779, 1, 0, 0
801, 17516, 1, 0, 0
900, 18842, 1, 0, 0
1000, 13344, 1, 0, 0
1100, 13234, 1, 0, 0
1201, 12028, 1, 0, 0
1301, 16319, 1, 0, 0
1400, 15980, 1, 0, 0
1500, 14632, 1, 0, 0
1600, 14135, 1, 0, 0
1700, 16987, 1, 0, 0
1800, 16049, 1, 0, 0
1900, 18396, 1, 0, 0
2000, 15848, 1, 0, 0
2100, 17572, 1, 0, 0
2200, 14416, 1, 0, 0
2300, 15068, 1, 0, 0
2401, 16993, 1, 0, 0
2500, 17300, 1, 0, 0
2600, 15937, 1, 0, 0
2700, 13057, 1, 0, 0
2800, 13631, 1, 0, 0
2900, 17032, 1, 0, 0
3000, 14791, 1, 0, 0
3100, 15723, 1, 0, 0
3201, 14757, 1, 0, 0
3300, 13727, 1, 0, 0
3400, 17114, 1, 0, 0
3500, 15245, 1, 0, 0
3601, 18530, 1, 0, 0
3700, 16340, 1, 0, 0
3800, 14902, 1, 0, 0
3900, 15812, 1, 0, 0
4000, 16018, 1, 0, 0
4100, 17520, 1, 0, 0
4201, 13867, 1, 0, 0
4300, 13969, 1, 0, 0
4400, 16920, 1, 0, 0
4501, 15338, 1, 0, 0
4600, 17118, 1, 0, 0
4700, 17068, 1, 0, 0
4800, 21958, 1, 0, 0
4900, 19705, 1, 0, 0
5001, 18315, 1, 0, 0
5101, 21242, 1, 0, 0
5200, 15773, 1, 0, 0
5300, 14363, 1, 0, 0
5400, 15761, 1, 0, 0
5501, 14645, 1, 0, 0
5600, 18071, 1, 0, 0
5701, 13700, 1, 0, 0
5800, 13823, 1, 0, 0
5900, 16717, 1, 0, 0
6000, 18470, 1, 0, 0
6101, 16639, 1, 0, 0
6200, 14487, 1, 0, 0
6300, 16490, 1, 0, 0
6400, 16492, 1, 0, 0
6500, 16751, 1, 0, 0
6600, 14067, 1, 0, 0
6700, 14193, 1, 0, 0
6800, 12917, 1, 0, 0
6900, 14569, 1, 0, 0
7000, 14499, 1, 0, 0
7101, 17377, 1, 0, 0
7201, 18624, 1, 0, 0
7300, 16923, 1, 0, 0
7401, 17606, 1, 0, 0
7500, 17031, 1, 0, 0
7600, 17159, 1, 0, 0
7702, 19463, 1, 0, 0
7800, 17926, 1, 0, 0
7900, 16410, 1, 0, 0
8000, 18580, 1, 0, 0
8101, 14095, 1, 0, 0
8200, 14709, 1, 0, 0
8300, 13788, 1, 0, 0
8401, 13617, 1, 0, 0
8500, 17006, 1, 0, 0
8600, 18501, 1, 0, 0
8700, 19650, 1, 0, 0
8800, 17182, 1, 0, 0
8900, 13621, 1, 0, 0
9000, 15461, 1, 0, 0
9101, 13473, 1, 0, 0
9202, 13739, 1, 0, 0
9301, 14826, 1, 0, 0
9400, 16327, 1, 0, 0
9501, 14979, 1, 0, 0
9601, 14579, 1, 0, 0
9700, 13866, 1, 0, 0
9800, 16660, 1, 0, 0
9900, 15510, 1, 0, 0
10000, 14955, 1, 0, 0
10100, 15614, 1, 0, 0
10200, 16699, 1, 0, 0
10300, 14901, 1, 0, 0
10401, 19400, 1, 0, 0
10500, 13765, 1, 0, 0
10600, 15346, 1, 0, 0
10700, 19373, 1, 0, 0
10800, 13999, 1, 0, 0
10900, 17733, 1, 0, 0
11001, 17891, 1, 0, 0
11100, 17276, 1, 0, 0
11200, 13465, 1, 0, 0
11300, 13015, 1, 0, 0
11400, 15493, 1, 0, 0
11501, 15102, 1, 0, 0
11601, 15250, 1, 0, 0
11700, 16871, 1, 0, 0
11800, 14143, 1, 0, 0
11900, 20891, 1, 0, 0
12000, 14710, 1, 0, 0
12101, 13473, 1, 0, 0
12201, 16968, 1, 0, 0
12301, 13973, 1, 0, 0
12400, 13913, 1, 0, 0
12501, 14918, 1, 0, 0
12600, 15188, 1, 0, 0
12700, 12792, 1, 0, 0
12801, 14441, 1, 0, 0
12901, 14877, 1, 0, 0
13000, 16170, 1, 0, 0
13100, 19291, 1, 0, 0
13200, 13522, 1, 0, 0
13300, 17253, 1, 0, 0
13400, 16152, 1, 0, 0
13500, 18013, 1, 0, 0
13600, 16465, 1, 0, 0
13701, 16298, 1, 0, 0
13800, 18133, 1, 0, 0
13900, 20452, 1, 0, 0
14000, 14841, 1, 0, 0
14100, 15355, 1, 0, 0
14200, 13485, 1, 0, 0
14301, 15373, 1, 0, 0
14400, 13689, 1, 0, 0
14500, 16118, 1, 0, 0
14600, 18500, 1, 0, 0
14700, 15787, 1, 0, 0
14800, 17278, 1, 0, 0
14900, 16243, 1, 0, 0
15000, 17197, 1, 0, 0
15101, 14932, 1, 0, 0
15200, 15355, 1, 0, 0
15300, 13649, 1, 0, 0
15400, 13021, 1, 0, 0
15500, 17232, 1, 0, 0
15600, 15742, 1, 0, 0
15701, 15278, 1, 0, 0
15800, 16040, 1, 0, 0
15900, 14098, 1, 0, 0
16000, 15608, 1, 0, 0
16100, 16056, 1, 0, 0
16200, 14794, 1, 0, 0
16301, 16092, 1, 0, 0
16400, 19444, 1, 0, 0
16500, 15365, 1, 0, 0
16600, 15381, 1, 0, 0
16700, 13908, 1, 0, 0
16800, 15611, 1, 0, 0
16900, 15627, 1, 0, 0
17000, 17631, 1, 0, 0
17101, 13541, 1, 0, 0
17200, 14509, 1, 0, 0
17300, 16869, 1, 0, 0
17400, 15878, 1, 0, 0
17500, 16059, 1, 0, 0
17600, 16556, 1, 0, 0
17700, 16788, 1, 0, 0
17800, 18326, 1, 0, 0
17900, 16469, 1, 0, 0
18000, 15467, 1, 0, 0
18100, 14120, 1, 0, 0
18200, 13166, 1, 0, 0
18300, 15319, 1, 0, 0
18400, 16819, 1, 0, 0
18500, 17667, 1, 0, 0
18600, 16540, 1, 0, 0
18700, 15365, 1, 0, 0
18800, 16940, 1, 0, 0
18900, 19931, 1, 0, 0
19000, 17681, 1, 0, 0
19100, 13502, 1, 0, 0
19200, 18363, 1, 0, 0
19301, 16177, 1, 0, 0
19400, 17641, 1, 0, 0
19500, 15302, 1, 0, 0
19600, 15852, 1, 0, 0
19700, 17071, 1, 0, 0
19800, 14820, 1, 0, 0
19900, 18836, 1, 0, 0
20000, 14511, 1, 0, 0
20101, 17408, 1, 0, 0
20200, 18266, 1, 0, 0
20300, 18270, 1, 0, 0
20400, 14377, 1, 0, 0
20501, 15021, 1, 0, 0
20600, 16515, 1, 0, 0
20700, 14599, 1, 0, 0
20800, 14231, 1, 0, 0
20900, 14140, 1, 0, 0
21000, 16397, 1, 0, 0
21100, 16030, 1, 0, 0
21201, 14670, 1, 0, 0
21300, 13713, 1, 0, 0
21400, 15313, 1, 0, 0
21500, 15793, 1, 0, 0
21600, 17652, 1, 0, 0
21701, 15173, 1, 0, 0
21800, 15375, 1, 0, 0
21901, 17908, 1, 0, 0
22000, 26972, 1, 0, 0
22100, 15564, 1, 0, 0
22200, 12906, 1, 0, 0
22300, 13285, 1, 0, 0
22400, 16564, 1, 0, 0
22500, 15879, 1, 0, 0
22600, 14905, 1, 0, 0
22700, 16875, 1, 0, 0
22800, 14492, 1, 0, 0
22900, 18836, 1, 0, 0
23000, 19196, 1, 0, 0
23100, 18533, 1, 0, 0
23200, 18925, 1, 0, 0
23300, 16624, 1, 0, 0
23401, 17465, 1, 0, 0
23501, 13963, 1, 0, 0
23601, 14606, 1, 0, 0
23700, 16869, 1, 0, 0
23800, 13668, 1, 0, 0
23900, 15531, 1, 0, 0
24000, 15438, 1, 0, 0
24100, 17901, 1, 0, 0
24200, 13614, 1, 0, 0
24301, 12940, 1, 0, 0
24400, 13323, 1, 0, 0
24500, 12507, 1, 0, 0
24600, 14135, 1, 0, 0
24700, 16065, 1, 0, 0
24800, 18049, 1, 0, 0
24900, 15682, 1, 0, 0
25000, 16193, 1, 0, 0
25100, 15708, 1, 0, 0
25200, 14568, 1, 0, 0
25300, 18481, 1, 0, 0
25400, 15240, 1, 0, 0
25500, 13404, 1, 0, 0
25600, 18775, 1, 0, 0
25700, 18481, 1, 0, 0
25800, 17221, 1, 0, 0
25900, 16811, 1, 0, 0
26001, 14209, 1, 0, 0
26100, 13404, 1, 0, 0
26200, 13989, 1, 0, 0
26300, 17285, 1, 0, 0
26400, 14471, 1, 0, 0
26500, 19912, 1, 0, 0
26600, 18317, 1, 0, 0
26700, 17341, 1, 0, 0
26801, 19396, 1, 0, 0
26900, 14836, 1, 0, 0
27001, 17086, 1, 0, 0
27100, 12261, 1, 0, 0
27200, 13704, 1, 0, 0
27300, 18181, 1, 0, 0
27400, 15881, 1, 0, 0
27500, 14037, 1, 0, 0
27600, 14404, 1, 0, 0
27700, 16090, 1, 0, 0
27800, 18818, 1, 0, 0
27900, 14380, 1, 0, 0
28000, 16611, 1, 0, 0
28100, 15329, 1, 0, 0
28201, 17017, 1, 0, 0
28300, 14289, 1, 0, 0
28400, 12904, 1, 0, 0
28500, 16504, 1, 0, 0
28600, 16821, 1, 0, 0
28700, 16631, 1, 0, 0
28800, 16875, 1, 0, 0
28900, 14254, 1, 0, 0
29000, 14154, 1, 0, 0
29100, 14775, 1, 0, 0
29201, 13816, 1, 0, 0
29300, 17590, 1, 0, 0
29400, 13786, 1, 0, 0
29500, 17581, 1, 0, 0
29600, 17018, 1, 0, 0
29700, 14473, 1, 0, 0
29800, 21835, 1, 0, 0
29900, 17165, 1, 0, 0
30000, 17383, 1, 0, 0
30101, 15911, 1, 0, 0
30200, 15117, 1, 0, 0
30300, 16177, 1, 0, 0
30400, 15156, 1, 0, 0
30500, 15496, 1, 0, 0
30601, 16642, 1, 0, 0
30700, 13534, 1, 0, 0
30800, 15871, 1, 0, 0
30900, 18871, 1, 0, 0
31000, 14225, 1, 0, 0
31101, 12406, 1, 0, 0
31202, 15151, 1, 0, 0
31300, 14322, 1, 0, 0
31400, 16985, 1, 0, 0
31500, 13751, 1, 0, 0
31600, 15575, 1, 0, 0
31700, 13562, 1, 0, 0
31800, 13533, 1, 0, 0
31900, 16446, 1, 0, 0
32000, 16341, 1, 0, 0
32100, 15935, 1, 0, 0
32200, 18162, 1, 0, 0
32300, 18086, 1, 0, 0
32400, 15402, 1, 0, 0
32500, 15800, 1, 0, 0
32600, 16287, 1, 0, 0
32700, 16780, 1, 0, 0
32800, 18353, 1, 0, 0
32900, 17348, 1, 0, 0
33000, 14347, 1, 0, 0
33100, 13926, 1, 0, 0
33200, 13458, 1, 0, 0
33300, 13723, 1, 0, 0
33400, 15396, 1, 0, 0
33501, 21289, 1, 0, 0
33600, 19095, 1, 0, 0
33700, 15820, 1, 0, 0
33800, 19665, 1, 0, 0
33900, 15377, 1, 0, 0
34000, 17739, 1, 0, 0
34100, 18371, 1, 0, 0
34200, 18222, 1, 0, 0
34300, 13395, 1, 0, 0
34400, 13876, 1, 0, 0
34501, 17646, 1, 0, 0
34600, 15353, 1, 0, 0
34700, 13509, 1, 0, 0
34800, 14869, 1, 0, 0
34900, 15712, 1, 0, 0
35000, 14948, 1, 0, 0
35100, 13153, 1, 0, 0
35200, 16056, 1, 0, 0
35300, 15616, 1, 0, 0
35400, 13654, 1, 0, 0
35500, 14898, 1, 0, 0
35600, 14610, 1, 0, 0
35700, 15506, 1, 0, 0
35800, 16002, 1, 0, 0
35900, 16528, 1, 0, 0
36000, 14983, 1, 0, 0
36100, 16619, 1, 0, 0
36200, 12401, 1, 0, 0
36300, 14133, 1, 0, 0
36400, 18772, 1, 0, 0
36500, 15810, 1, 0, 0
36600, 16594, 1, 0, 0
36700, 15552, 1, 0, 0
36800, 13635, 1, 0, 0
36901, 19006, 1, 0, 0
37000, 16763, 1, 0, 0
37101, 17422, 1, 0, 0
37200, 16662, 1, 0, 0
37300, 15451, 1, 0, 0
37400, 13345, 1, 0, 0
37501, 15173, 1, 0, 0
37600, 13986, 1, 0, 0
37700, 18348, 1, 0, 0
37800, 17610, 1, 0, 0
37900, 16823, 1, 0, 0
38001, 16371, 1, 0, 0
38100, 14261, 1, 0, 0
38200, 15560, 1, 0, 0
38300, 13505, 1, 0, 0
38400, 14684, 1, 0, 0
38500, 13938, 1, 0, 0
38600, 15158, 1, 0, 0
38700, 17217, 1, 0, 0
38800, 18207, 1, 0, 0
38900, 19793, 1, 0, 0
39000, 13965, 1, 0, 0
39100, 14062, 1, 0, 0
39200, 14174, 1, 0, 0
39300, 14187, 1, 0, 0
39401, 18081, 1, 0, 0
39500, 15617, 1, 0, 0
39600, 18845, 1, 0, 0
39700, 15722, 1, 0, 0
39800, 17533, 1, 0, 0
39900, 20767, 1, 0, 0
40002, 17171, 1, 0, 0
40100, 16887, 1, 0, 0
40200, 18057, 1, 0, 0
40300, 19352, 1, 0, 0
40400, 16575, 1, 0, 0
40500, 16751, 1, 0, 0
40601, 14141, 1, 0, 0
40700, 18870, 1, 0, 0
40800, 13376, 1, 0, 0
40900, 14320, 1, 0, 0
41000, 15561, 1, 0, 0
41100, 13371, 1, 0, 0
41200, 14970, 1, 0, 0
41301, 18328, 1, 0, 0
41400, 18276, 1, 0, 0
41500, 13579, 1, 0, 0
41600, 18645, 1, 0, 0
41700, 20687, 1, 0, 0
41800, 16614, 1, 0, 0
41900, 16723, 1, 0, 0
42000, 19250, 1, 0, 0
42100, 18285, 1, 0, 0
42200, 15837, 1, 0, 0
42300, 15746, 1, 0, 0
42400, 14424, 1, 0, 0
42500, 15815, 1, 0, 0
42601, 19265, 1, 0, 0
42700, 15191, 1, 0, 0
42800, 15158, 1, 0, 0
42900, 13939, 1, 0, 0
43001, 15436, 1, 0, 0
43100, 14957, 1, 0, 0
43200, 16120, 1, 0, 0
43300, 19131, 1, 0, 0
43400, 13218, 1, 0, 0
43500, 17626, 1, 0, 0
43600, 13262, 1, 0, 0
43700, 15736, 1, 0, 0
43800, 18387, 1, 0, 0
43900, 16578, 1, 0, 0
44000, 15834, 1, 0, 0
44100, 14406, 1, 0, 0
44200, 17789, 1, 0, 0
44301, 14590, 1, 0, 0
44400, 15605, 1, 0, 0
44500, 15023, 1, 0, 0
44600, 15162, 1, 0, 0
44700, 18259, 1, 0, 0
44800, 13617, 1, 0, 0
44900, 13887, 1, 0, 0
45000, 15060, 1, 0, 0
45100, 14753, 1, 0, 0
45200, 16501, 1, 0, 0
45300, 13764, 1, 0, 0
45400, 14574, 1, 0, 0
45500, 15423, 1, 0, 0
45601, 15893, 1, 0, 0
45700, 15648, 1, 0, 0
45800, 13984, 1, 0, 0
45900, 16377, 1, 0, 0
46001, 20420, 1, 0, 0
46101, 15577, 1, 0, 0
46200, 15824, 1, 0, 0
46300, 14754, 1, 0, 0
46400, 16568, 1, 0, 0
46500, 12649, 1, 0, 0
46600, 14231, 1, 0, 0
46700, 18578, 1, 0, 0
46800, 13924, 1, 0, 0
46901, 17022, 1, 0, 0
47001, 14791, 1, 0, 0
47100, 15192, 1, 0, 0
47200, 17736, 1, 0, 0
47301, 14000, 1, 0, 0
47401, 14426, 1, 0, 0
47500, 14311, 1, 0, 0
47600, 16888, 1, 0, 0
47700, 16206, 1, 0, 0
47800, 17429, 1, 0, 0
47900, 20260, 1, 0, 0
48001, 17241, 1, 0, 0
48100, 17724, 1, 0, 0
48200, 18030, 1, 0, 0
48300, 16068, 1, 0, 0
48400, 15285, 1, 0, 0
48500, 17468, 1, 0, 0
48600, 13812, 1, 0, 0
48700, 14637, 1, 0, 0
48800, 14078, 1, 0, 0
48901, 14301, 1, 0, 0
49000, 15826, 1, 0, 0
49101, 16018, 1, 0, 0
49200, 18530, 1, 0, 0
49301, 16204, 1, 0, 0
49400, 15577, 1, 0, 0
49500, 15543, 1, 0, 0
49600, 12829, 1, 0, 0
49700, 13674, 1, 0, 0
49800, 13674, 1, 0, 0
49900, 15156, 1, 0, 0
50000, 17088, 1, 0, 0
50100, 12523, 1, 0, 0
50200, 13061, 1, 0, 0
50300, 13798, 1, 0, 0
50401, 17990, 1, 0, 0
50500, 19223, 1, 0, 0
50600, 18644, 1, 0, 0
50700, 17321, 1, 0, 0
50800, 14270, 1, 0, 0
50900, 16939, 1, 0, 0
51000, 18258, 1, 0, 0
51100, 16323, 1, 0, 0
51200, 14357, 1, 0, 0
51301, 16428, 1, 0, 0
51401, 18579, 1, 0, 0
51501, 16272, 1, 0, 0
51600, 18502, 1, 0, 0
51700, 17007, 1, 0, 0
51800, 17454, 1, 0, 0
51900, 17574, 1, 0, 0
52000, 20520, 1, 0, 0
52100, 15171, 1, 0, 0
52200, 14332, 1, 0, 0
52300, 12793, 1, 0, 0
52400, 18113, 1, 0, 0
52500, 17573, 1, 0, 0
52600, 16110, 1, 0, 0
52701, 16171, 1, 0, 0
52801, 15855, 1, 0, 0
52901, 17762, 1, 0, 0
53000, 16613, 1, 0, 0
53100, 15233, 1, 0, 0
53200, 15351, 1, 0, 0
53300, 14369, 1, 0, 0
53401, 17037, 1, 0, 0
53500, 16366, 1, 0, 0
53600, 13570, 1, 0, 0
53700, 16509, 1, 0, 0
53800, 16702, 1, 0, 0
53901, 16024, 1, 0, 0
54000, 15692, 1, 0, 0
54101, 17169, 1, 0, 0
54200, 15576, 1, 0, 0
54300, 14333, 1, 0, 0
54400, 14035, 1, 0, 0
54500, 13816, 1, 0, 0
54600, 17834, 1, 0, 0
54700, 16003, 1, 0, 0
54800, 13752, 1, 0, 0
54900, 13978, 1, 0, 0
55000, 16084, 1, 0, 0
55100, 17557, 1, 0, 0
55200, 13662, 1, 0, 0
55300, 16738, 1, 0, 0
55400, 15297, 1, 0, 0
55500, 14955, 1, 0, 0
55601, 18614, 1, 0, 0
55701, 15280, 1, 0, 0
55800, 13756, 1, 0, 0
55900, 17627, 1, 0, 0
56001, 16585, 1, 0, 0
56100, 17063, 1, 0, 0
56200, 19153, 1, 0, 0
56300, 13527, 1, 0, 0
56401, 15788, 1, 0, 0
56500, 20743, 1, 0, 0
56601, 15584, 1, 0, 0
56701, 13657, 1, 0, 0
56800, 13618, 1, 0, 0
56900, 16904, 1, 0, 0
57000, 18672, 1, 0, 0
57100, 14403, 1, 0, 0
57200, 16463, 1, 0, 0
57300, 16619, 1, 0, 0
57400, 18501, 1, 0, 0
57500, 16185, 1, 0, 0
57600, 15975, 1, 0, 0
57700, 16575, 1, 0, 0
57800, 17298, 1, 0, 0
57901, 18080, 1, 0, 0
58000, 16770, 1, 0, 0
58100, 14799, 1, 0, 0
58200, 14951, 1, 0, 0
58300, 17767, 1, 0, 0
58400, 19499, 1, 0, 0
58500, 14620, 1, 0, 0
58600, 15504, 1, 0, 0
58700, 15363, 1, 0, 0
58801, 15427, 1, 0, 0
58900, 16118, 1, 0, 0
59002, 15986, 1, 0, 0
59100, 17764, 1, 0, 0
59200, 15106, 1, 0, 0
59300, 16355, 1, 0, 0
59400, 17052, 1, 0, 0
59500, 15023, 1, 0, 0
59600, 15473, 1, 0, 0
59701, 17224, 1, 0, 0
59800, 17986, 1, 0, 0
59900, 15096, 1, 0, 0
60000, 17297, 1, 0, 0
60100, 14634, 1, 0, 0
60200, 14156, 1, 0, 0
60300, 16107, 1, 0, 0
60400, 14500, 1, 0, 0
60500, 16274, 1, 0, 0
60600, 19575, 1, 0, 0
60700, 16971, 1, 0, 0
60800, 17017, 1, 0, 0
60900, 16811, 1, 0, 0
61000, 16795, 1, 0, 0
61100, 17893, 1, 0, 0
61200, 19866, 1, 0, 0
61300, 15560, 1, 0, 0
61400, 16894, 1, 0, 0
61500, 20313, 1, 0, 0
61600, 17273, 1, 0, 0
61700, 15659, 1, 0, 0
61801, 18021, 1, 0, 0
61900, 16281, 1, 0, 0
62000, 16126, 1, 0, 0
62100, 17814, 1, 0, 0
62200, 13786, 1, 0, 0
62300, 15145, 1, 0, 0
62400, 15260, 1, 0, 0
62501, 14848, 1, 0, 0
62600, 20309, 1, 0, 0
62700, 14735, 1, 0, 0
62800, 15644, 1, 0, 0
62900, 16517, 1, 0, 0
63000, 20264, 1, 0, 0
63100, 17559, 1, 0, 0
63202, 14860, 1, 0, 0
63300, 12736, 1, 0, 0
63400, 15172, 1, 0, 0
63500, 13475, 1, 0, 0
63600, 18040, 1, 0, 0
63700, 16458, 1, 0, 0
63800, 15084, 1, 0, 0
63901, 17453, 1, 0, 0
64000, 14653, 1, 0, 0
64100, 14744, 1, 0, 0
64200, 14225, 1, 0, 0
64300, 15836, 1, 0, 0
64401, 17828, 1, 0, 0
64500, 17193, 1, 0, 0
64601, 16990, 1, 0, 0
64700, 19831, 1, 0, 0
64800, 17981, 1, 0, 0
64900, 14416, 1, 0, 0
65000, 15086, 1, 0, 0
65101, 19325, 1, 0, 0
65200, 16021, 1, 0, 0
65300, 16256, 1, 0, 0
65400, 16686, 1, 0, 0
65500, 15950, 1, 0, 0
65600, 18700, 1, 0, 0
65700, 18077, 1, 0, 0
65800, 14467, 1, 0, 0
65900, 13233, 1, 0, 0
66000, 19246, 1, 0, 0
66101, 14494, 1, 0, 0
66200, 14007, 1, 0, 0
66300, 14407, 1, 0, 0
66400, 15866, 1, 0, 0
66500, 20096, 1, 0, 0
66600, 19712, 1, 0, 0
66700, 15074, 1, 0, 0
66800, 16001, 1, 0, 0
66900, 19747, 1, 0, 0
67000, 15825, 1, 0, 0
67100, 21810, 1, 0, 0
67200, 14643, 1, 0, 0
67300, 17448, 1, 0, 0
67400, 17840, 1, 0, 0
67501, 15286, 1, 0, 0
67600, 14065, 1, 0, 0
67700, 13078, 1, 0, 0
67801, 15051, 1, 0, 0
67900, 19999, 1, 0, 0
68000, 17683, 1, 0, 0
68100, 13769, 1, 0, 0
68200, 14111, 1, 0, 0
68301, 14989, 1, 0, 0
68400, 15840, 1, 0, 0
68500, 15464, 1, 0, 0
68600, 16894, 1, 0, 0
68700, 13980, 1, 0, 0
68800, 13659, 1, 0, 0
68900, 17300, 1, 0, 0
69000, 16521, 1, 0, 0
69100, 14471, 1, 0, 0
69200, 15955, 1, 0, 0
69300, 19351, 1, 0, 0
69400, 15857, 1, 0, 0
69500, 16411, 1, 0, 0
69600, 17754, 1, 0, 0
69700, 16129, 1, 0, 0
69800, 13930, 1, 0, 0
69900, 16697, 1, 0, 0
70000, 16230, 1, 0, 0
70100, 16457, 1, 0, 0
70200, 16826, 1, 0, 0
70300, 14337, 1, 0, 0
70400, 17238, 1, 0, 0
70501, 16666, 1, 0, 0
70600, 16591, 1, 0, 0
70700, 15398, 1, 0, 0
70800, 19008, 1, 0, 0
70900, 15138, 1, 0, 0
71000, 16777, 1, 0, 0
71100, 12530, 1, 0, 0
71201, 17179, 1, 0, 0
71300, 17640, 1, 0, 0
71400, 16683, 1, 0, 0
71501, 16200, 1, 0, 0
71600, 14612, 1, 0, 0
71700, 15752, 1, 0, 0
71800, 14464, 1, 0, 0
71900, 18476, 1, 0, 0
72000, 14704, 1, 0, 0
72100, 13175, 1, 0, 0
72200, 14253, 1, 0, 0
72300, 15671, 1, 0, 0
72401, 13311, 1, 0, 0
72500, 18131, 1, 0, 0
72600, 16147, 1, 0, 0
72700, 13660, 1, 0, 0
72800, 15731, 1, 0, 0
72901, 17724, 1, 0, 0
73000, 18827, 1, 0, 0
73101, 13790, 1, 0, 0
73200, 14275, 1, 0, 0
73300, 16136, 1, 0, 0
73400, 14041, 1, 0, 0
73500, 16571, 1, 0, 0
73600, 14530, 1, 0, 0
73700, 16876, 1, 0, 0
73800, 19086, 1, 0, 0
73900, 15696, 1, 0, 0
74000, 12500, 1, 0, 0
74100, 15962, 1, 0, 0
74200, 16118, 1, 0, 0
74300, 13794, 1, 0, 0
74400, 14665, 1, 0, 0
74500, 14416, 1, 0, 0
74600, 15384, 1, 0, 0
74700, 14294, 1, 0, 0
74800, 16145, 1, 0, 0
74900, 17225, 1, 0, 0
75000, 13619, 1, 0, 0
75100, 14355, 1, 0, 0
75200, 13818, 1, 0, 0
75300, 15947, 1, 0, 0
75400, 15785, 1, 0, 0
75500, 19053, 1, 0, 0
75600, 15840, 1, 0, 0
75701, 16682, 1, 0, 0
75800, 18299, 1, 0, 0
75900, 15300, 1, 0, 0
76000, 15099, 1, 0, 0
76100, 14752, 1, 0, 0
76200, 16481, 1, 0, 0
76300, 18579, 1, 0, 0
76400, 18819, 1, 0, 0
76500, 15470, 1, 0, 0
76600, 15451, 1, 0, 0
76700, 13961, 1, 0, 0
76800, 13327, 1, 0, 0
76901, 18845, 1, 0, 0
77001, 17711, 1, 0, 0
77100, 13441, 1, 0, 0
77200, 14303, 1, 0, 0
77300, 14291, 1, 0, 0
77400, 14765, 1, 0, 0
77500, 21442, 1, 0, 0
77600, 19666, 1, 0, 0
77700, 15172, 1, 0, 0
77800, 14578, 1, 0, 0
77901, 19734, 1, 0, 0
78000, 15177, 1, 0, 0
78100, 15100, 1, 0, 0
78200, 19332, 1, 0, 0
78300, 19954, 1, 0, 0
78400, 21549, 1, 0, 0
78500, 18018, 1, 0, 0
78600, 13221, 1, 0, 0
78701, 21027, 1, 0, 0
78800, 15133, 1, 0, 0
78900, 19209, 1, 0, 0
79001, 15939, 1, 0, 0
79100, 16523, 1, 0, 0
79200, 14408, 1, 0, 0
79300, 20156, 1, 0, 0
79400, 18874, 1, 0, 0
79500, 14516, 1, 0, 0
79600, 18409, 1, 0, 0
79700, 17951, 1, 0, 0
79800, 17918, 1, 0, 0
79900, 16548, 1, 0, 0
80000, 13850, 1, 0, 0
80100, 18537, 1, 0, 0
80200, 12302, 1, 0, 0
80300, 14684, 1, 0, 0
80400, 14284, 1, 0, 0
80501, 16140, 1, 0, 0
80600, 16920, 1, 0, 0
80700, 14316, 1, 0, 0
80801, 17064, 1, 0, 0
80901, 16749, 1, 0, 0
81000, 14855, 1, 0, 0
81100, 17427, 1, 0, 0
81200, 17134, 1, 0, 0
81300, 16804, 1, 0, 0
81400, 15062, 1, 0, 0
81500, 18321, 1, 0, 0
81600, 16341, 1, 0, 0
81700, 17558, 1, 0, 0
81801, 13521, 1, 0, 0
81900, 15154, 1, 0, 0
82000, 17049, 1, 0, 0
82100, 18072, 1, 0, 0
82200, 20781, 1, 0, 0
82300, 15696, 1, 0, 0
82400, 16589, 1, 0, 0
82500, 15866, 1, 0, 0
82600, 13388, 1, 0, 0
82700, 13593, 1, 0, 0
82800, 21128, 1, 0, 0
82900, 16923, 1, 0, 0
83000, 13863, 1, 0, 0
83100, 15920, 1, 0, 0
83200, 15381, 1, 0, 0
83300, 14478, 1, 0, 0
83400, 15660, 1, 0, 0
83500, 14759, 1, 0, 0
83600, 21213, 1, 0, 0
83700, 17351, 1, 0, 0
83800, 16730, 1, 0, 0
83900, 19979, 1, 0, 0
84000, 16363, 1, 0, 0
84100, 15638, 1, 0, 0
84200, 15432, 1, 0, 0
84301, 17557, 1, 0, 0
84400, 16279, 1, 0, 0
84501, 13856, 1, 0, 0
84600, 15653, 1, 0, 0
84700, 14911, 1, 0, 0
84800, 20108, 1, 0, 0
84900, 16490, 1, 0, 0
85000, 14491, 1, 0, 0
85100, 14492, 1, 0, 0
85200, 13599, 1, 0, 0
85300, 14170, 1, 0, 0
85400, 14816, 1, 0, 0
85500, 19311, 1, 0, 0
85600, 14829, 1, 0, 0
85700, 14929, 1, 0, 0
85800, 16252, 1, 0, 0
85900, 15986, 1, 0, 0
86000, 18837, 1, 0, 0
86100, 16233, 1, 0, 0
86200, 17166, 1, 0, 0
86300, 14363, 1, 0, 0
86400, 16601, 1, 0, 0
86500, 18715, 1, 0, 0
86600, 16728, 1, 0, 0
86700, 14572, 1, 0, 0
86801, 16628, 1, 0, 0
86900, 17925, 1, 0, 0
87000, 17305, 1, 0, 0
87100, 15773, 1, 0, 0
87200, 15461, 1, 0, 0
87301, 19115, 1, 0, 0
87400, 16575, 1, 0, 0
87501, 18365, 1, 0, 0
87600, 14086, 1, 0, 0
87700, 17338, 1, 0, 0
87800, 13832, 1, 0, 0
87900, 15095, 1, 0, 0
88000, 17621, 1, 0, 0
88100, 19735, 1, 0, 0
88201, 17533, 1, 0, 0
88301, 14757, 1, 0, 0
88400, 18602, 1, 0, 0
88500, 17922, 1, 0, 0
88600, 13850, 1, 0, 0
88700, 15259, 1, 0, 0
88800, 17589, 1, 0, 0
88900, 13102, 1, 0, 0
89000, 13724, 1, 0, 0
89100, 15881, 1, 0, 0
89200, 15355, 1, 0, 0
89300, 18929, 1, 0, 0
89400, 14936, 1, 0, 0
89501, 13876, 1, 0, 0
89600, 14306, 1, 0, 0
89700, 17712, 1, 0, 0
89800, 14373, 1, 0, 0
89900, 13513, 1, 0, 0
90000, 15371, 1, 0, 0
90100, 14444, 1, 0, 0
90200, 14794, 1, 0, 0
90300, 17180, 1, 0, 0
90400, 15986, 1, 0, 0
90500, 14036, 1, 0, 0
90600, 19043, 1, 0, 0
90700, 15059, 1, 0, 0
90800, 16336, 1, 0, 0
90900, 16972, 1, 0, 0
91000, 14610, 1, 0, 0
91100, 14598, 1, 0, 0
91200, 14800, 1, 0, 0
91300, 19070, 1, 0, 0
91400, 19710, 1, 0, 0
91500, 16882, 1, 0, 0
91600, 15448, 1, 0, 0
91700, 16808, 1, 0, 0
91800, 16184, 1, 0, 0
91900, 16398, 1, 0, 0
92000, 14783, 1, 0, 0
92100, 16432, 1, 0, 0
92200, 14648, 1, 0, 0
92301, 15645, 1, 0, 0
92400, 14589, 1, 0, 0
92500, 14711, 1, 0, 0
92600, 12993, 1, 0, 0
92701, 16005, 1, 0, 0
92800, 16776, 1, 0, 0
92900, 15816, 1, 0, 0
93000, 16676, 1, 0, 0
93100, 19756, 1, 0, 0
93200, 15683, 1, 0, 0
93300, 18402, 1, 0, 0
93400, 14253, 1, 0, 0
93500, 12537, 1, 0, 0
93600, 14002, 1, 0, 0
93700, 20082, 1, 0, 0
93800, 15996, 1, 0, 0
93900, 19202, 1, 0, 0
94000, 14752, 1, 0, 0
94100, 13530, 1, 0, 0
94200, 15173, 1, 0, 0
94300, 14133, 1, 0, 0
94400, 16904, 1, 0, 0
94500, 16981, 1, 0, 0
94600, 15353, 1, 0, 0
94700, 15768, 1, 0, 0
94800, 15696, 1, 0, 0
94901, 17848, 1, 0, 0
95000, 19054, 1, 0, 0
95100, 17320, 1, 0, 0
95200, 13964, 1, 0, 0
95300, 14178, 1, 0, 0
95400, 13715, 1, 0, 0
95501, 15459, 1, 0, 0
95601, 16906, 1, 0, 0
95700, 19725, 1, 0, 0
95800, 14214, 1, 0, 0
95901, 17571, 1, 0, 0
96000, 17316, 1, 0, 0
96100, 13760, 1, 0, 0
96200, 13951, 1, 0, 0
96300, 13636, 1, 0, 0
96400, 14020, 1, 0, 0
96500, 13829, 1, 0, 0
96600, 16281, 1, 0, 0
96701, 15220, 1, 0, 0
96800, 13246, 1, 0, 0
96900, 15464, 1, 0, 0
97000, 13991, 1, 0, 0
97100, 14837, 1, 0, 0
97200, 17987, 1, 0, 0
97300, 14647, 1, 0, 0
97400, 15494, 1, 0, 0
97500, 17668, 1, 0, 0
97600, 17905, 1, 0, 0
97701, 14465, 1, 0, 0
97800, 14050, 1, 0, 0
97900, 16035, 1, 0, 0
98000, 18471, 1, 0, 0
98100, 15763, 1, 0, 0
98200, 16974, 1, 0, 0
98300, 16031, 1, 0, 0
98400, 13224, 1, 0, 0
98500, 14076, 1, 0, 0
98600, 14149, 1, 0, 0
98700, 19504, 1, 0, 0
98800, 20472, 1, 0, 0
98900, 12458, 1, 0, 0
99000, 13672, 1, 0, 0
99100, 14563, 1, 0, 0
99200, 16619, 1, 0, 0
99300, 14772, 1, 0, 0
99400, 16967, 1, 0, 0
99501, 19228, 1, 0, 0
99600, 13321, 1, 0, 0
99700, 15515, 1, 0, 0
99801, 16426, 1, 0, 0
99900, 15204, 1, 0, 0
100000, 17774, 1, 0, 0
100100, 16218, 1, 0, 0
100200, 15274, 1, 0, 0
100300, 14923, 1, 0, 0
100400, 16702, 1, 0, 0
100500, 16088, 1, 0, 0
100600, 16690, 1, 0, 0
100700, 13234, 1, 0, 0
100800, 14086, 1, 0, 0
100900, 14640, 1, 0, 0
101000, 15577, 1, 0, 0
101100, 14796, 1, 0, 0
101201, 16539, 1, 0, 0
101300, 16117, 1, 0, 0
101400, 16231, 1, 0, 0
101500, 15742, 1, 0, 0
101600, 17423, 1, 0, 0
101700, 14967, 1, 0, 0
101800, 13570, 1, 0, 0
101900, 15781, 1, 0, 0
102000, 14288, 1, 0, 0
102100, 19314, 1, 0, 0
102200, 15728, 1, 0, 0
102301, 17956, 1, 0, 0
102401, 17029, 1, 0, 0
102500, 19499, 1, 0, 0
102600, 14728, 1, 0, 0
102700, 18233, 1, 0, 0
102800, 15919, 1, 0, 0
102900, 18433, 1, 0, 0
103000, 18088, 1, 0, 0
103100, 18117, 1, 0, 0
103200, 17402, 1, 0, 0
103300, 13251, 1, 0, 0
103400, 17297, 1, 0, 0
103500, 19018, 1, 0, 0
103600, 17246, 1, 0, 0
103700, 18015, 1, 0, 0
103800, 15386, 1, 0, 0
103900, 16830, 1, 0, 0
104001, 20315, 1, 0, 0
104100, 17814, 1, 0, 0
104200, 15219, 1, 0, 0
104300, 15714, 1, 0, 0
104400, 17638, 1, 0, 0
104500, 17635, 1, 0, 0
104600, 18229, 1, 0, 0
104700, 17830, 1, 0, 0
104800, 16761, 1, 0, 0
104900, 16695, 1, 0, 0
105000, 16667, 1, 0, 0
105100, 13308, 1, 0, 0
105200, 15539, 1, 0, 0
105300, 15376, 1, 0, 0
105401, 13372, 1, 0, 0
105500, 14541, 1, 0, 0
105600, 13664, 1, 0, 0
105700, 16970, 1, 0, 0
105800, 16105, 1, 0, 0
105900, 17506, 1, 0, 0
106001, 15357, 1, 0, 0
106100, 15796, 1, 0, 0
106200, 15868, 1, 0, 0
106300, 16102, 1, 0, 0
106402, 15539, 1, 0, 0
106501, 14106, 1, 0, 0
106601, 17938, 1, 0, 0
106700, 15846, 1, 0, 0
106800, 19336, 1, 0, 0
106900, 15784, 1, 0, 0
107000, 15013, 1, 0, 0
107100, 15580, 1, 0, 0
107200, 13633, 1, 0, 0
107300, 14563, 1, 0, 0
107400, 13510, 1, 0, 0
107500, 14280, 1, 0, 0
107600, 17243, 1, 0, 0
107700, 17896, 1, 0, 0
107800, 17544, 1, 0, 0
107900, 15140, 1, 0, 0
108001, 20884, 1, 0, 0
108100, 13978, 1, 0, 0
108201, 15950, 1, 0, 0
108301, 14849, 1, 0, 0
108400, 18237, 1, 0, 0
108500, 16939, 1, 0, 0
108600, 17000, 1, 0, 0
108700, 15237, 1, 0, 0
108800, 15786, 1, 0, 0
108901, 13209, 1, 0, 0
109000, 16030, 1, 0, 0
109100, 17598, 1, 0, 0
109200, 15813, 1, 0, 0
109300, 14087, 1, 0, 0
109400, 19117, 1, 0, 0
109500, 13128, 1, 0, 0
109600, 16114, 1, 0, 0
109700, 14077, 1, 0, 0
109800, 13986, 1, 0, 0
109900, 18623, 1, 0, 0
110000, 16499, 1, 0, 0
110100, 14359, 1, 0, 0
110201, 14072, 1, 0, 0
110300, 15887, 1, 0, 0
110400, 16621, 1, 0, 0
110500, 19262, 1, 0, 0
110600, 14605, 1, 0, 0
110701, 17937, 1, 0, 0
110800, 14852, 1, 0, 0
110900, 14274, 1, 0, 0
111000, 16493, 1, 0, 0
111100, 14748, 1, 0, 0
111200, 15626, 1, 0, 0
111300, 14091, 1, 0, 0
111400, 16218, 1, 0, 0
111500, 15112, 1, 0, 0
111601, 18107, 1, 0, 0
111700, 14022, 1, 0, 0
111800, 16022, 1, 0, 0
111900, 16135, 1, 0, 0
112000, 18212, 1, 0, 0
112100, 16697, 1, 0, 0
112200, 16827, 1, 0, 0
112300, 19080, 1, 0, 0
112400, 16725, 1, 0, 0
112500, 15270, 1, 0, 0
112600, 14183, 1, 0, 0
112700, 16984, 1, 0, 0
112800, 15115, 1, 0, 0
112900, 18849, 1, 0, 0
113000, 15161, 1, 0, 0
113100, 15524, 1, 0, 0
113200, 13876, 1, 0, 0
113300, 14494, 1, 0, 0
113400, 16814, 1, 0, 0
113500, 16128, 1, 0, 0
113602, 14909, 1, 0, 0
113700, 17807, 1, 0, 0
113800, 14792, 1, 0, 0
113900, 13093, 1, 0, 0
114000, 14616, 1, 0, 0
114100, 17310, 1, 0, 0
114200, 17678, 1, 0, 0
114300, 16817, 1, 0, 0
114400, 18316, 1, 0, 0
114500, 14642, 1, 0, 0
114600, 13808, 1, 0, 0
114700, 15252, 1, 0, 0
114800, 15212, 1, 0, 0
114900, 15402, 1, 0, 0
115000, 15097, 1, 0, 0
115100, 14343, 1, 0, 0
115200, 13706, 1, 0, 0
115300, 14287, 1, 0, 0
115400, 14798, 1, 0, 0
115500, 13561, 1, 0, 0
115600, 16112, 1, 0, 0
115700, 15957, 1, 0, 0
115800, 15848, 1, 0, 0
115901, 17050, 1, 0, 0
116001, 16935, 1, 0, 0
116100, 14994, 1, 0, 0
116200, 15213, 1, 0, 0
116300, 18850, 1, 0, 0
116400, 12782, 1, 0, 0
116500, 14881, 1, 0, 0
116601, 17208, 1, 0, 0
116700, 13663, 1, 0, 0
116800, 13782, 1, 0, 0
116900, 14799, 1, 0, 0
117000, 14742, 1, 0, 0
117100, 16879, 1, 0, 0
117200, 18495, 1, 0, 0
117300, 20002, 1, 0, 0
117400, 16555, 1, 0, 0
117500, 18511, 1, 0, 0
117600, 18586, 1, 0, 0
117700, 15382, 1, 0, 0
117800, 18092, 1, 0, 0
117900, 15425, 1, 0, 0
118000, 15170, 1, 0, 0
118100, 17383, 1, 0, 0
118200, 16683, 1, 0, 0
118300, 14782, 1, 0, 0
118400, 16459, 1, 0, 0
118500, 16569, 1, 0, 0
118600, 20534, 1, 0, 0
118700, 13434, 1, 0, 0
118800, 17419, 1, 0, 0
118900, 13881, 1, 0, 0
119000, 17079, 1, 0, 0
119100, 17927, 1, 0, 0
119200, 14053, 1, 0, 0
119300, 16186, 1, 0, 0
119400, 14059, 1, 0, 0
119500, 14566, 1, 0, 0
119600, 16431, 1, 0, 0
119700, 15836, 1, 0, 0
119801, 16724, 1, 0, 0
119900, 15490, 1, 0, 0
120000, 18385, 1, 0, 0
120100, 14517, 1, 0, 0
120200, 13484, 1, 0, 0
120300, 18101, 1, 0, 0
120400, 15818, 1, 0, 0
120500, 13222, 1, 0, 0
120600, 14391, 1, 0, 0
120700, 16800, 1, 0, 0
120801, 16456, 1, 0, 0
120900, 14276, 1, 0, 0
121000, 20019, 1, 0, 0
121100, 15736, 1, 0, 0
121200, 15056, 1, 0, 0
121300, 13728, 1, 0, 0
121400, 18695, 1, 0, 0
121500, 17327, 1, 0, 0
121600, 14950, 1, 0, 0
121700, 13618, 1, 0, 0
121800, 15084, 1, 0, 0
121900, 18807, 1, 0, 0
122000, 18673, 1, 0, 0
122100, 17328, 1, 0, 0
122200, 14525, 1, 0, 0
122300, 16460, 1, 0, 0
122400, 16397, 1, 0, 0
122500, 15816, 1, 0, 0
122600, 16195, 1, 0, 0
122700, 18118, 1, 0, 0
122800, 16670, 1, 0, 0
122900, 15120, 1, 0, 0
123000, 16851, 1, 0, 0
123101, 17894, 1, 0, 0
123200, 17261, 1, 0, 0
123300, 16319, 1, 0, 0
123400, 16166, 1, 0, 0
123500, 14801, 1, 0, 0
123600, 13991, 1, 0, 0
123700, 17206, 1, 0, 0
123800, 18535, 1, 0, 0
123900, 21052, 1, 0, 0
124000, 14658, 1, 0, 0
124100, 16092, 1, 0, 0
124200, 14717, 1, 0, 0
124300, 15696, 1, 0, 0
124400, 15250, 1, 0, 0
124500, 17920, 1, 0, 0
124600, 13488, 1, 0, 0
124700, 12456, 1, 0, 0
124800, 17376, 1, 0, 0
124900, 17833, 1, 0, 0
125000, 15145, 1, 0, 0
125100, 15355, 1, 0, 0
125201, 15853, 1, 0, 0
125300, 12903, 1, 0, 0
125400, 18763, 1, 0, 0
125501, 17300, 1, 0, 0
125600, 15009, 1, 0, 0
125700, 17901, 1, 0, 0
125800, 18244, 1, 0, 0
125900, 18887, 1, 0, 0
126000, 16854, 1, 0, 0
126100, 15106, 1, 0, 0
126200, 15034, 1, 0, 0
126300, 18751, 1, 0, 0
126400, 14834, 1, 0, 0
126500, 19441, 1, 0, 0
126601, 18152, 1, 0, 0
126700, 17460, 1, 0, 0
126800, 14907, 1, 0, 0
126900, 14501, 1, 0, 0
127000, 15599, 1, 0, 0
127100, 17067, 1, 0, 0
127200, 14082, 1, 0, 0
127301, 15585, 1, 0, 0
127400, 14002, 1, 0, 0
127500, 14918, 1, 0, 0
127600, 14266, 1, 0, 0
127700, 14899, 1, 0, 0
127800, 17374, 1, 0, 0
127900, 14307, 1, 0, 0
128000, 17605, 1, 0, 0
128100, 15867, 1, 0, 0
128201, 14917, 1, 0, 0
128300, 17922, 1, 0, 0
128401, 18598, 1, 0, 0
128500, 15521, 1, 0, 0
128600, 14081, 1, 0, 0
128700, 16248, 1, 0, 0
128800, 13566, 1, 0, 0
128900, 14667, 1, 0, 0
129000, 14476, 1, 0, 0
129100, 16657, 1, 0, 0
129200, 16280, 1, 0, 0
129300, 13756, 1, 0, 0
129400, 16621, 1, 0, 0
129500, 16678, 1, 0, 0
129601, 15024, 1, 0, 0
129700, 18435, 1, 0, 0
129801, 16453, 1, 0, 0
129900, 17049, 1, 0, 0
130000, 17511, 1, 0, 0
130100, 18898, 1, 0, 0
130200, 15875, 1, 0, 0
130300, 15580, 1, 0, 0
130400, 16912, 1, 0, 0
130502, 16461, 1, 0, 0
130600, 16375, 1, 0, 0
130700, 14491, 1, 0, 0
130800, 15732, 1, 0, 0
130900, 14092, 1, 0, 0
131001, 14776, 1, 0, 0
131100, 17569, 1, 0, 0
131200, 15722, 1, 0, 0
131301, 14056, 1, 0, 0
131400, 15522, 1, 0, 0
131500, 13217, 1, 0, 0
131600, 15158, 1, 0, 0
131701, 16212, 1, 0, 0
131800, 14355, 1, 0, 0
131900, 17577, 1, 0, 0
132000, 15139, 1, 0, 0
132100, 14877, 1, 0, 0
132200, 16673, 1, 0, 0
132300, 13561, 1, 0, 0
132400, 15025, 1, 0, 0
132501, 16698, 1, 0, 0
132600, 16658, 1, 0, 0
132700, 17199, 1, 0, 0
132801, 17835, 1, 0, 0
132900, 15459, 1, 0, 0
133001, 14009, 1, 0, 0
133100, 13789, 1, 0, 0
133200, 16857, 1, 0, 0
133300, 15597, 1, 0, 0
133400, 13142, 1, 0, 0
133500, 16713, 1, 0, 0
133600, 15439, 1, 0, 0
133700, 16207, 1, 0, 0
133801, 16160, 1, 0, 0
133900, 13511, 1, 0, 0
134000, 14344, 1, 0, 0
134100, 14077, 1, 0, 0
134200, 16443, 1, 0, 0
134300, 17489, 1, 0, 0
134400, 14856, 1, 0, 0
134501, 18074, 1, 0, 0
134600, 13807, 1, 0, 0
134700, 14807, 1, 0, 0
134800, 17085, 1, 0, 0
134900, 13885, 1, 0, 0
135000, 13951, 1, 0, 0
135100, 15289, 1, 0, 0
135200, 15490, 1, 0, 0
135300, 18149, 1, 0, 0
135400, 15143, 1, 0, 0
135500, 13130, 1, 0, 0
135600, 15801, 1, 0, 0
135700, 18594, 1, 0, 0
135800, 13630, 1, 0, 0
135900, 17950, 1, 0, 0
136000, 13284, 1, 0, 0
136100, 13974, 1, 0, 0
136200, 13824, 1, 0, 0
136300, 14858, 1, 0, 0
136400, 12818, 1, 0, 0
136501, 16454, 1, 0, 0
136600, 14533, 1, 0, 0
136701, 15977, 1, 0, 0
136801, 17187, 1, 0, 0
136901, 16283, 1, 0, 0
137000, 18718, 1, 0, 0
137100, 14267, 1, 0, 0
137201, 15128, 1, 0, 0
137300, 14150, 1, 0, 0
137400, 16366, 1, 0, 0
137500, 14004, 1, 0, 0
137600, 13341, 1, 0, 0
137700, 14824, 1, 0, 0
137800, 16146, 1, 0, 0
137900, 15870, 1, 0, 0
138000, 17805, 1, 0, 0
138100, 18204, 1, 0, 0
138200, 18894, 1, 0, 0
138300, 15032, 1, 0, 0
138400, 14919, 1, 0, 0
138500, 16404, 1, 0, 0
138600, 15273, 1, 0, 0
138700, 14064, 1, 0, 0
138800, 14389, 1, 0, 0
138900, 15650, 1, 0, 0
139000, 13133, 1, 0, 0
139100, 17569, 1, 0, 0
139201, 15119, 1, 0, 0
139300, 16679, 1, 0, 0
139401, 13199, 1, 0, 0
139500, 19223, 1, 0, 0
139600, 13883, 1, 0, 0
139701, 15291, 1, 0, 0
139800, 14879, 1, 0, 0
139900, 15609, 1, 0, 0
140000, 17224, 1, 0, 0
140100, 14289, 1, 0, 0
140201, 17566, 1, 0, 0
140300, 14142, 1, 0, 0
140401, 14970, 1, 0, 0
140500, 18663, 1, 0, 0
140601, 16153, 1, 0, 0
140700, 16258, 1, 0, 0
140800, 16377, 1, 0, 0
140900, 15287, 1, 0, 0
141000, 18873, 1, 0, 0
141100, 14203, 1, 0, 0
141200, 19098, 1, 0, 0
141300, 16837, 1, 0, 0
141400, 18707, 1, 0, 0
141500, 15314, 1, 0, 0
141600, 15252, 1, 0, 0
141701, 14392, 1, 0, 0
141800, 16157, 1, 0, 0
141900, 13623, 1, 0, 0
142000, 16529, 1, 0, 0
142100, 15243, 1, 0, 0
142200, 14061, 1, 0, 0
142301, 16855, 1, 0, 0
142400, 15931, 1, 0, 0
142500, 16596, 1, 0, 0
142601, 14123, 1, 0, 0
142701, 17671, 1, 0, 0
142800, 16648, 1, 0, 0
142900, 19756, 1, 0, 0
143000, 15615, 1, 0, 0
143100, 16124, 1, 0, 0
143201, 13888, 1, 0, 0
143300, 15273, 1, 0, 0
143400, 17293, 1, 0, 0
143501, 19396, 1, 0, 0
143600, 15478, 1, 0, 0
143700, 18464, 1, 0, 0
143800, 19378, 1, 0, 0
143902, 18693, 1, 0, 0
144001, 17677, 1, 0, 0
144100, 13792, 1, 0, 0
144200, 14727, 1, 0, 0
144300, 19879, 1, 0, 0
144400, 13621, 1, 0, 0
144501, 17834, 1, 0, 0
144600, 16437, 1, 0, 0
144700, 19720, 1, 0, 0
144800, 16795, 1, 0, 0
144900, 13958, 1, 0, 0
145001, 14307, 1, 0, 0
145100, 17278, 1, 0, 0
145200, 15946, 1, 0, 0
145300, 15559, 1, 0, 0
145400, 18975, 1, 0, 0
145500, 16235, 1, 0, 0
145600, 16262, 1, 0, 0
145700, 15463, 1, 0, 0
145800, 16213, 1, 0, 0
145900, 19825, 1, 0, 0
146000, 19079, 1, 0, 0
146100, 15511, 1, 0, 0
146200, 20862, 1, 0, 0
146300, 17847, 1, 0, 0
146400, 17530, 1, 0, 0
146500, 18978, 1, 0, 0
146600, 16364, 1, 0, 0
146700, 17144, 1, 0, 0
146800, 17982, 1, 0, 0
146900, 17217, 1, 0, 0
147000, 18807, 1, 0, 0
147100, 15902, 1, 0, 0
147200, 13567, 1, 0, 0
147300, 16329, 1, 0, 0
147400, 15390, 1, 0, 0
147500, 17100, 1, 0, 0
147600, 18516, 1, 0, 0
147700, 13786, 1, 0, 0
147800, 14691, 1, 0, 0
147900, 15125, 1, 0, 0
148000, 16646, 1, 0, 0
148100, 19370, 1, 0, 0
148200, 16091, 1, 0, 0
148300, 14127, 1, 0, 0
148400, 16202, 1, 0, 0
148501, 16708, 1, 0, 0
148600, 16168, 1, 0, 0
148700, 13488, 1, 0, 0
148800, 16502, 1, 0, 0
148900, 13781, 1, 0, 0
149000, 17089, 1, 0, 0
149100, 18423, 1, 0, 0
149200, 16124, 1, 0, 0
149301, 15954, 1, 0, 0
149400, 17181, 1, 0, 0
149500, 15542, 1, 0, 0
149600, 14866, 1, 0, 0
149702, 17541, 1, 0, 0
149800, 14499, 1, 0, 0
149900, 13069, 1, 0, 0
150000, 15085, 1, 0, 0
150100, 18178, 1, 0, 0
150200, 19602, 1, 0, 0
150300, 13962, 1, 0, 0
150401, 15947, 1, 0, 0
150500, 16344, 1, 0, 0
150600, 14289, 1, 0, 0
150700, 20901, 1, 0, 0
150800, 17343, 1, 0, 0
150902, 18262, 1, 0, 0
151000, 16664, 1, 0, 0
151100, 13036, 1, 0, 0
151200, 14936, 1, 0, 0
151300, 16266, 1, 0, 0
151400, 13732, 1, 0, 0
151500, 18732, 1, 0, 0
151600, 16469, 1, 0, 0
151700, 18350, 1, 0, 0
151800, 18705, 1, 0, 0
151900, 15596, 1, 0, 0
152000, 17337, 1, 0, 0
152100, 13453, 1, 0, 0
152200, 13408, 1, 0, 0
152300, 15588, 1, 0, 0
152400, 15736, 1, 0, 0
152500, 14435, 1, 0, 0
152600, 18520, 1, 0, 0
152700, 14477, 1, 0, 0
152800, 14771, 1, 0, 0
152900, 14897, 1, 0, 0
153000, 17772, 1, 0, 0
153100, 16333, 1, 0, 0
153200, 14367, 1, 0, 0
153300, 16709, 1, 0, 0
153400, 18730, 1, 0, 0
153500, 20077, 1, 0, 0
153600, 19036, 1, 0, 0
153701, 14429, 1, 0, 0
153801, 17790, 1, 0, 0
153901, 16343, 1, 0, 0
154000, 17217, 1, 0, 0
154100, 14805, 1, 0, 0
154200, 16279, 1, 0, 0
154300, 15441, 1, 0, 0
154400, 17064, 1, 0, 0
154500, 19570, 1, 0, 0
154600, 17035, 1, 0, 0
154700, 16815, 1, 0, 0
154801, 15623, 1, 0, 0
154900, 19658, 1, 0, 0
155000, 17390, 1, 0, 0
155100, 16426, 1, 0, 0
155200, 13665, 1, 0, 0
155300, 14551, 1, 0, 0
155400, 14573, 1, 0, 0
155500, 18121, 1, 0, 0
155600, 14510, 1, 0, 0
155701, 14891, 1, 0, 0
155801, 14654, 1, 0, 0
155900, 19661, 1, 0, 0
156000, 18393, 1, 0, 0
156100, 19129, 1, 0, 0
156200, 13331, 1, 0, 0
156300, 14972, 1, 0, 0
156400, 16319, 1, 0, 0
156500, 16343, 1, 0, 0
156600, 19705, 1, 0, 0
156700, 15380, 1, 0, 0
156800, 19815, 1, 0, 0
156900, 14766, 1, 0, 0
157000, 13861, 1, 0, 0
157100, 13674, 1, 0, 0
157200, 13949, 1, 0, 0
157300, 16718, 1, 0, 0
157400, 14731, 1, 0, 0
157500, 18091, 1, 0, 0
157600, 19848, 1, 0, 0
157700, 17796, 1, 0, 0
157800, 17906, 1, 0, 0
157900, 15195, 1, 0, 0
158000, 16074, 1, 0, 0
158100, 14617, 1, 0, 0
158200, 14815, 1, 0, 0
158300, 13698, 1, 0, 0
158400, 17553, 1, 0, 0
158500, 15818, 1, 0, 0
158600, 17563, 1, 0, 0
158701, 19406, 1, 0, 0
158800, 18001, 1, 0, 0
158900, 17047, 1, 0, 0
159000, 18097, 1, 0, 0
159100, 19408, 1, 0, 0
159200, 16008, 1, 0, 0
159301, 14647, 1, 0, 0
159401, 19149, 1, 0, 0
159500, 15924, 1, 0, 0
159600, 14850, 1, 0, 0
159701, 14899, 1, 0, 0
159800, 14274, 1, 0, 0
159900, 16689, 1, 0, 0
160000, 13249, 1, 0, 0
160100, 18508, 1, 0, 0
160200, 17194, 1, 0, 0
160300, 14719, 1, 0, 0
160400, 18204, 1, 0, 0
160500, 18815, 1, 0, 0
160600, 16185, 1, 0, 0
160700, 18863, 1, 0, 0
160801, 16520, 1, 0, 0
160901, 17025, 1, 0, 0
161000, 14266, 1, 0, 0
161100, 21882, 1, 0, 0
161200, 18821, 1, 0, 0
161300, 14603, 1, 0, 0
161400, 19889, 1, 0, 0
161500, 15478, 1, 0, 0
161600, 14656, 1, 0, 0
161700, 15484, 1, 0, 0
161800, 16368, 1, 0, 0
161900, 16167, 1, 0, 0
162000, 18090, 1, 0, 0
162100, 15833, 1, 0, 0
162200, 15478, 1, 0, 0
162300, 15175, 1, 0, 0
162400, 14309, 1, 0, 0
162500, 13486, 1, 0, 0
162600, 15843, 1, 0, 0
162700, 14744, 1, 0, 0
162800, 15392, 1, 0, 0
162900, 13520, 1, 0, 0
163000, 14775, 1, 0, 0
163100, 17139, 1, 0, 0
163200, 14549, 1, 0, 0
163300, 17904, 1, 0, 0
163400, 19182, 1, 0, 0
163500, 17121, 1, 0, 0
163600, 13961, 1, 0, 0
163701, 14007, 1, 0, 0
163800, 16085, 1, 0, 0
163900, 14420, 1, 0, 0
164001, 16228, 1, 0, 0
164100, 17796, 1, 0, 0
164200, 15925, 1, 0, 0
164300, 18695, 1, 0, 0
164400, 14488, 1, 0, 0
164500, 13648, 1, 0, 0
164600, 16326, 1, 0, 0
164700, 14938, 1, 0, 0
164800, 14419, 1, 0, 0
164900, 18525, 1, 0, 0
165000, 17302, 1, 0, 0
165100, 17519, 1, 0, 0
165200, 15425, 1, 0, 0
165300, 12757, 1, 0, 0
165400, 17160, 1, 0, 0
165500, 17946, 1, 0, 0
165600, 18839, 1, 0, 0
165700, 14420, 1, 0, 0
165800, 17666, 1, 0, 0
165900, 14267, 1, 0, 0
166000, 16324, 1, 0, 0
166100, 13911, 1, 0, 0
166200, 14105, 1, 0, 0
166300, 16458, 1, 0, 0
166400, 16035, 1, 0, 0
166500, 17726, 1, 0, 0
166600, 19803, 1, 0, 0
166700, 18196, 1, 0, 0
166800, 18365, 1, 0, 0
166901, 18097, 1, 0, 0
167000, 19252, 1, 0, 0
167100, 20161, 1, 0, 0
167200, 18940, 1, 0, 0
167300, 14876, 1, 0, 0
167400, 17617, 1, 0, 0
167500, 14673, 1, 0, 0
167600, 15414, 1, 0, 0
167700, 14554, 1, 0, 0
167800, 13107, 1, 0, 0
167900, 15429, 1, 0, 0
168000, 13882, 1, 0, 0
168100, 14091, 1, 0, 0
168200, 15779, 1, 0, 0
168300, 19091, 1, 0, 0
168400, 15638, 1, 0, 0
168500, 18231, 1, 0, 0
168600, 20136, 1, 0, 0
168700, 13452, 1, 0, 0
168800, 16613, 1, 0, 0
168900, 16978, 1, 0, 0
169000, 16881, 1, 0, 0
169100, 13303, 1, 0, 0
169200, 14016, 1, 0, 0
169300, 16805, 1, 0, 0
169400, 18650, 1, 0, 0
169500, 17905, 1, 0, 0
169600, 16359, 1, 0, 0
169700, 15092, 1, 0, 0
169800, 14412, 1, 0, 0
169900, 13076, 1, 0, 0
170000, 17363, 1, 0, 0
170100, 14853, 1, 0, 0
170200, 14816, 1, 0, 0
170300, 18632, 1, 0, 0
170400, 18938, 1, 0, 0
170500, 15636, 1, 0, 0
170600, 18274, 1, 0, 0
170700, 14690, 1, 0, 0
170800, 15425, 1, 0, 0
170900, 14288, 1, 0, 0
171000, 16183, 1, 0, 0
171100, 14882, 1, 0, 0
171200, 17233, 1, 0, 0
171300, 17304, 1, 0, 0
171400, 16411, 1, 0, 0
171500, 17517, 1, 0, 0
171600, 20399, 1, 0, 0
171701, 17851, 1, 0, 0
171801, 14397, 1, 0, 0
171900, 15267, 1, 0, 0
172000, 15472, 1, 0, 0
172100, 15816, 1, 0, 0
172200, 17885, 1, 0, 0
172300, 14835, 1, 0, 0
172401, 17319, 1, 0, 0
172500, 15331, 1, 0, 0
172600, 17592, 1, 0, 0
172700, 17110, 1, 0, 0
172800, 14127, 1, 0, 0
172900, 15872, 1, 0, 0
173000, 14683, 1, 0, 0
173100, 16844, 1, 0, 0
173200, 14584, 1, 0, 0
173300, 15422, 1, 0, 0
173401, 17181, 1, 0, 0
173500, 16064, 1, 0, 0
173600, 14411, 1, 0, 0
173700, 15402, 1, 0, 0
173800, 14915, 1, 0, 0
173900, 13845, 1, 0, 0
174000, 17010, 1, 0, 0
174100, 17703, 1, 0, 0
174200, 17519, 1, 0, 0
174300, 15079, 1, 0, 0
174401, 16514, 1, 0, 0
174500, 15982, 1, 0, 0
174600, 16073, 1, 0, 0
174700, 16569, 1, 0, 0
174801, 16474, 1, 0, 0
174900, 14846, 1, 0, 0
175000, 15345, 1, 0, 0
175100, 18441, 1, 0, 0
175200, 16601, 1, 0, 0
175300, 16229, 1, 0, 0
175400, 16514, 1, 0, 0
175500, 16807, 1, 0, 0
175600, 16238, 1, 0, 0
175700, 14960, 1, 0, 0
175800, 17645, 1, 0, 0
175900, 15455, 1, 0, 0
176000, 15394, 1, 0, 0
176100, 16439, 1, 0, 0
176200, 19127, 1, 0, 0
176300, 18775, 1, 0, 0
176400, 14118, 1, 0, 0
176500, 15229, 1, 0, 0
176600, 16687, 1, 0, 0
176700, 17393, 1, 0, 0
176800, 15388, 1, 0, 0
176900, 12715, 1, 0, 0
177002, 19316, 1, 0, 0
177100, 13851, 1, 0, 0
177200, 16521, 1, 0, 0
177300, 15437, 1, 0, 0
177400, 14516, 1, 0, 0
177500, 17570, 1, 0, 0
177600, 16701, 1, 0, 0
177701, 19420, 1, 0, 0
177800, 13728, 1, 0, 0
177900, 15264, 1, 0, 0
178000, 13159, 1, 0, 0
178100, 17441, 1, 0, 0
178200, 15913, 1, 0, 0
178300, 15428, 1, 0, 0
178401, 15476, 1, 0, 0
178500, 14714, 1, 0, 0
178600, 13877, 1, 0, 0
178700, 13555, 1, 0, 0
178801, 17453, 1, 0, 0
178900, 15477, 1, 0, 0
179000, 16455, 1, 0, 0
179100, 13320, 1, 0, 0
179200, 14214, 1, 0, 0
179300, 15218, 1, 0, 0
179400, 13218, 1, 0, 0
179500, 15604, 1, 0, 0
179600, 14883, 1, 0, 0
179700, 14241, 1, 0, 0
179800, 15786, 1, 0, 0
179900, 18357, 1, 0, 0
180000, 17268, 1, 0, 0
180100, 14459, 1, 0, 0
180200, 14089, 1, 0, 0
180300, 15581, 1, 0, 0
180400, 15071, 1, 0, 0
180500, 19481, 1, 0, 0
180600, 13879, 1, 0, 0
180700, 17819, 1, 0, 0
180800, 14532, 1, 0, 0
180900, 17110, 1, 0, 0
181000, 19217, 1, 0, 0
181100, 19222, 1, 0, 0
181200, 16728, 1, 0, 0
181300, 16428, 1, 0, 0
181400, 15267, 1, 0, 0
181500, 15700, 1, 0, 0
181600, 14357, 1, 0, 0
181700, 15117, 1, 0, 0
181800, 16051, 1, 0, 0
181900, 17548, 1, 0, 0
182000, 20044, 1, 0, 0
182100, 16486, 1, 0, 0
182200, 14190, 1, 0, 0
182300, 14597, 1, 0, 0
182400, 16164, 1, 0, 0
182500, 14555, 1, 0, 0
182600, 16340, 1, 0, 0
182700, 15422, 1, 0, 0
182800, 16299, 1, 0, 0
182900, 15867, 1, 0, 0
183000, 13562, 1, 0, 0
183100, 16086, 1, 0, 0
183200, 14454, 1, 0, 0
183300, 19196, 1, 0, 0
183400, 14223, 1, 0, 0
183500, 14761, 1, 0, 0
183600, 16486, 1, 0, 0
183700, 17459, 1, 0, 0
183800, 16849, 1, 0, 0
183900, 18163, 1, 0, 0
184000, 19401, 1, 0, 0
184100, 16470, 1, 0, 0
184200, 18788, 1, 0, 0
184300, 14516, 1, 0, 0
184400, 14759, 1, 0, 0
184500, 16756, 1, 0, 0
184600, 19408, 1, 0, 0
184700, 13603, 1, 0, 0
184800, 15235, 1, 0, 0
184900, 18008, 1, 0, 0
185000, 19762, 1, 0, 0
185100, 13303, 1, 0, 0
185200, 12743, 1, 0, 0
185300, 15313, 1, 0, 0
185400, 16346, 1, 0, 0
185500, 14740, 1, 0, 0
185600, 14878, 1, 0, 0
185700, 20573, 1, 0, 0
185802, 17307, 1, 0, 0
185900, 13663, 1, 0, 0
186000, 17939, 1, 0, 0
186100, 15066, 1, 0, 0
186200, 14057, 1, 0, 0
186300, 13121, 1, 0, 0
186400, 15246, 1, 0, 0
186500, 16592, 1, 0, 0
186601, 14250, 1, 0, 0
186700, 17731, 1, 0, 0
186800, 16595, 1, 0, 0
186900, 15796, 1, 0, 0
187000, 20886, 1, 0, 0
187100, 15662, 1, 0, 0
187200, 14162, 1, 0, 0
187300, 14934, 1, 0, 0
187400, 17353, 1, 0, 0
187500, 13444, 1, 0, 0
187600, 14949, 1, 0, 0
187700, 14299, 1, 0, 0
187800, 13105, 1, 0, 0
187900, 17138, 1, 0, 0
188000, 15236, 1, 0, 0
188100, 14024, 1, 0, 0
188200, 13538, 1, 0, 0
188300, 13115, 1, 0, 0
188400, 13449, 1, 0, 0
188500, 18208, 1, 0, 0
188600, 14336, 1, 0, 0
188700, 13674, 1, 0, 0
188800, 16555, 1, 0, 0
188900, 17825, 1, 0, 0
189000, 15258, 1, 0, 0
189100, 16035, 1, 0, 0
189200, 14054, 1, 0, 0
189300, 17670, 1, 0, 0
189400, 17126, 1, 0, 0
189500, 14133, 1, 0, 0
189600, 16803, 1, 0, 0
189700, 13894, 1, 0, 0
189800, 15894, 1, 0, 0
189900, 13575, 1, 0, 0
190000, 15093, 1, 0, 0
190100, 14734, 1, 0, 0
190200, 15541, 1, 0, 0
190300, 17619, 1, 0, 0
190400, 16553, 1, 0, 0
190500, 15121, 1, 0, 0
190600, 19865, 1, 0, 0
190701, 17263, 1, 0, 0
190800, 16675, 1, 0, 0
190901, 16066, 1, 0, 0
191000, 14562, 1, 0, 0
191100, 16211, 1, 0, 0
191200, 17941, 1, 0, 0
191300, 17406, 1, 0, 0
191400, 15786, 1, 0, 0
191500, 17439, 1, 0, 0
191600, 16431, 1, 0, 0
191700, 17607, 1, 0, 0
191800, 14431, 1, 0, 0
191900, 16098, 1, 0, 0
192000, 14361, 1, 0, 0
192100, 17650, 1, 0, 0
192200, 16203, 1, 0, 0
192300, 14982, 1, 0, 0
192400, 20071, 1, 0, 0
192500, 17744, 1, 0, 0
192600, 13174, 1, 0, 0
192700, 16035, 1, 0, 0
192800, 16179, 1, 0, 0
192900, 15447, 1, 0, 0
193000, 15534, 1, 0, 0
193100, 14254, 1, 0, 0
193200, 18705, 1, 0, 0
193300, 20870, 1, 0, 0
193400, 15377, 1, 0, 0
193500, 16185, 1, 0, 0
193600, 12772, 1, 0, 0
193700, 14468, 1, 0, 0
193800, 13872, 1, 0, 0
193900, 13972, 1, 0, 0
194000, 13412, 1, 0, 0
194100, 13250, 1, 0, 0
194200, 15118, 1, 0, 0
194301, 15162, 1, 0, 0
194400, 16249, 1, 0, 0
194500, 15640, 1, 0, 0
194600, 15261, 1, 0, 0
194700, 18060, 1, 0, 0
194800, 18010, 1, 0, 0
194900, 15409, 1, 0, 0
195000, 16923, 1, 0, 0
195100, 14957, 1, 0, 0
195200, 14519, 1, 0, 0
195300, 15886, 1, 0, 0
195400, 13099, 1, 0, 0
195500, 18074, 1, 0, 0
195600, 16824, 1, 0, 0
195701, 14472, 1, 0, 0
195800, 17202, 1, 0, 0
195900, 18208, 1, 0, 0
196000, 14791, 1, 0, 0
196100, 15386, 1, 0, 0
196200, 18532, 1, 0, 0
196300, 14800, 1, 0, 0
196400, 12950, 1, 0, 0
196500, 14617, 1, 0, 0
196600, 13990, 1, 0, 0
196700, 18456, 1, 0, 0
196800, 14826, 1, 0, 0
196900, 18897, 1, 0, 0
197000, 14759, 1, 0, 0
197101, 15553, 1, 0, 0
197200, 18003, 1, 0, 0
197300, 13774, 1, 0, 0
197400, 16901, 1, 0, 0
197500, 16193, 1, 0, 0
197600, 19319, 1, 0, 0
197700, 19738, 1, 0, 0
197801, 16739, 1, 0, 0
197900, 16507, 1, 0, 0
198000, 15895, 1, 0, 0
198100, 14313, 1, 0, 0
198200, 15021, 1, 0, 0
198300, 15003, 1, 0, 0
198401, 14549, 1, 0, 0
198500, 15624, 1, 0, 0
198601, 20550, 1, 0, 0
198700, 14306, 1, 0, 0
198800, 13721, 1, 0, 0
198900, 18685, 1, 0, 0
199000, 15890, 1, 0, 0
199100, 14831, 1, 0, 0
199200, 14702, 1, 0, 0
199300, 14500, 1, 0, 0
199401, 15697, 1, 0, 0
199500, 14629, 1, 0, 0
199600, 15362, 1, 0, 0
199700, 16104, 1, 0, 0
199800, 13615, 1, 0, 0
199900, 14614, 1, 0, 0
200000, 15204, 1, 0, 0
200100, 13977, 1, 0, 0
200200, 15466, 1, 0, 0
200301, 16306, 1, 0, 0
200400, 15666, 1, 0, 0
200500, 14791, 1, 0, 0
200600, 14835, 1, 0, 0
200700, 18671, 1, 0, 0
200801, 13711, 1, 0, 0
200900, 16957, 1, 0, 0
201001, 15186, 1, 0, 0
201100, 17471, 1, 0, 0
201200, 15478, 1, 0, 0
201300, 13432, 1, 0, 0
201401, 15849, 1, 0, 0
201500, 15192, 1, 0, 0
201600, 15405, 1, 0, 0
201700, 14377, 1, 0, 0
201800, 16606, 1, 0, 0
201900, 17852, 1, 0, 0
202000, 17855, 1, 0, 0
202100, 15183, 1, 0, 0
202200, 16468, 1, 0, 0
202300, 15103, 1, 0, 0
202400, 17814, 1, 0, 0
202500, 16830, 1, 0, 0
202600, 14937, 1, 0, 0
202700, 18751, 1, 0, 0
202800, 16187, 1, 0, 0
202900, 14877, 1, 0, 0
203000, 18394, 1, 0, 0
203100, 18085, 1, 0, 0
203200, 14663, 1, 0, 0
203300, 19306, 1, 0, 0
203400, 18484, 1, 0, 0
203500, 17494, 1, 0, 0
203600, 18825, 1, 0, 0
203700, 16406, 1, 0, 0
203800, 14742, 1, 0, 0
203900, 18695, 1, 0, 0
204000, 15774, 1, 0, 0
204100, 17401, 1, 0, 0
204200, 13817, 1, 0, 0
204300, 13777, 1, 0, 0
204400, 13435, 1, 0, 0
204500, 13703, 1, 0, 0
204600, 15000, 1, 0, 0
204700, 13585, 1, 0, 0
204801, 17521, 1, 0, 0
204900, 17399, 1, 0, 0
205000, 17388, 1, 0, 0
205100, 15905, 1, 0, 0
205200, 16033, 1, 0, 0
205300, 14404, 1, 0, 0
205400, 16354, 1, 0, 0
205500, 17839, 1, 0, 0
205600, 16383, 1, 0, 0
205700, 17029, 1, 0, 0
205800, 17564, 1, 0, 0
205900, 18772, 1, 0, 0
206000, 15055, 1, 0, 0
206101, 16546, 1, 0, 0
206200, 17496, 1, 0, 0
206300, 14469, 1, 0, 0
206400, 16973, 1, 0, 0
206500, 15379, 1, 0, 0
206600, 16146, 1, 0, 0
206700, 15670, 1, 0, 0
206800, 20343, 1, 0, 0
206900, 15699, 1, 0, 0
207000, 18700, 1, 0, 0
207100, 17262, 1, 0, 0
207200, 17941, 1, 0, 0
207300, 16862, 1, 0, 0
207401, 16945, 1, 0, 0
207500, 15328, 1, 0, 0
207600, 15910, 1, 0, 0
207700, 13323, 1, 0, 0
207800, 15656, 1, 0, 0
207900, 15101, 1, 0, 0
208000, 15058, 1, 0, 0
208100, 13623, 1, 0, 0
208200, 15755, 1, 0, 0
208300, 14668, 1, 0, 0
208400, 20070, 1, 0, 0
208500, 17070, 1, 0, 0
208600, 16690, 1, 0, 0
208700, 20350, 1, 0, 0
208800, 14978, 1, 0, 0
208900, 15473, 1, 0, 0
209000, 20533, 1, 0, 0
209100, 14469, 1, 0, 0
209200, 17718, 1, 0, 0
209300, 13635, 1, 0, 0
209401, 14087, 1, 0, 0
209500, 16496, 1, 0, 0
209600, 16660, 1, 0, 0
209700, 15112, 1, 0, 0
209800, 14601, 1, 0, 0
209900, 14735, 1, 0, 0
210000, 15003, 1, 0, 0
210100, 14715, 1, 0, 0
210200, 19739, 1, 0, 0
210300, 13355, 1, 0, 0
210400, 14918, 1, 0, 0
210500, 16361, 1, 0, 0
210600, 16276, 1, 0, 0
210701, 19487, 1, 0, 0
210800, 16988, 1, 0, 0
210900, 13815, 1, 0, 0
211000, 15001, 1, 0, 0
211100, 17178, 1, 0, 0
211200, 15303, 1, 0, 0
211300, 14476, 1, 0, 0
211400, 17456, 1, 0, 0
211500, 15913, 1, 0, 0
211600, 15718, 1, 0, 0
211700, 16707, 1, 0, 0
211800, 16054, 1, 0, 0
211900, 16448, 1, 0, 0
212000, 13474, 1, 0, 0
212100, 16134, 1, 0, 0
212200, 14730, 1, 0, 0
212300, 16345, 1, 0, 0
212400, 14975, 1, 0, 0
212500, 15569, 1, 0, 0
212600, 18086, 1, 0, 0
212700, 13565, 1, 0, 0
212800, 13575, 1, 0, 0
212900, 20081, 1, 0, 0
213000, 14792, 1, 0, 0
213100, 13833, 1, 0, 0
213200, 14495, 1, 0, 0
213300, 13127, 1, 0, 0
213400, 16660, 1, 0, 0
213500, 16387, 1, 0, 0
213600, 17446, 1, 0, 0
213700, 18305, 1, 0, 0
213800, 16815, 1, 0, 0
213901, 14593, 1, 0, 0
214000, 14682, 1, 0, 0
214100, 16872, 1, 0, 0
214200, 19062, 1, 0, 0
214301, 16646, 1, 0, 0
214401, 14990, 1, 0, 0
214500, 17645, 1, 0, 0
214600, 15558, 1, 0, 0
214700, 16451, 1, 0, 0
214800, 18914, 1, 0, 0
214900, 14944, 1, 0, 0
215000, 15267, 1, 0, 0
215100, 15097, 1, 0, 0
215200, 14099, 1, 0, 0
215301, 16112, 1, 0, 0
215400, 17585, 1, 0, 0
215500, 19510, 1, 0, 0
215600, 16612, 1, 0, 0
215700, 14812, 1, 0, 0
215801, 15273, 1, 0, 0
215900, 12747, 1, 0, 0
216001, 14719, 1, 0, 0
216101, 19543, 1, 0, 0
216201, 15657, 1, 0, 0
216300, 16036, 1, 0, 0
216400, 18506, 1, 0, 0
216500, 15162, 1, 0, 0
216601, 16490, 1, 0, 0
216700, 15242, 1, 0, 0
216800, 16313, 1, 0, 0
216900, 13940, 1, 0, 0
217000, 13919, 1, 0, 0
217100, 12491, 1, 0, 0
217200, 15374, 1, 0, 0
217301, 15367, 1, 0, 0
217400, 15806, 1, 0, 0
217500, 17638, 1, 0, 0
217600, 14749, 1, 0, 0
217700, 15533, 1, 0, 0
217800, 17237, 1, 0, 0
217900, 14596, 1, 0, 0
218001, 12793, 1, 0, 0
218100, 13544, 1, 0, 0
218201, 13040, 1, 0, 0
218301, 17615, 1, 0, 0
218400, 16290, 1, 0, 0
218500, 15636, 1, 0, 0
218600, 16382, 1, 0, 0
218700, 20768, 1, 0, 0
218800, 15040, 1, 0, 0
218900, 14794, 1, 0, 0
219000, 14569, 1, 0, 0
219100, 14477, 1, 0, 0
219200, 15204, 1, 0, 0
219300, 15508, 1, 0, 0
219401, 14611, 1, 0, 0
219500, 16951, 1, 0, 0
219600, 16180, 1, 0, 0
219700, 15242, 1, 0, 0
219800, 15611, 1, 0, 0
219900, 15197, 1, 0, 0
220000, 16782, 1, 0, 0
220101, 14171, 1, 0, 0
220200, 18178, 1, 0, 0
220300, 16303, 1, 0, 0
220400, 18208, 1, 0, 0
220501, 15811, 1, 0, 0
220600, 16794, 1, 0, 0
220700, 16674, 1, 0, 0
220801, 16524, 1, 0, 0
220901, 16431, 1, 0, 0
221000, 16558, 1, 0, 0
221100, 15269, 1, 0, 0
221200, 15032, 1, 0, 0
221301, 13994, 1, 0, 0
221400, 14317, 1, 0, 0
221500, 19091, 1, 0, 0
221600, 16104, 1, 0, 0
221700, 16032, 1, 0, 0
221800, 15098, 1, 0, 0
221900, 14541, 1, 0, 0
222000, 16745, 1, 0, 0
222100, 17291, 1, 0, 0
222200, 18458, 1, 0, 0
222300, 18170, 1, 0, 0
222400, 19061, 1, 0, 0
222500, 17549, 1, 0, 0
222600, 15559, 1, 0, 0
222701, 20491, 1, 0, 0
222800, 17642, 1, 0, 0
222900, 16979, 1, 0, 0
223000, 17346, 1, 0, 0
223100, 15370, 1, 0, 0
223200, 13870, 1, 0, 0
223300, 16391, 1, 0, 0
223400, 17052, 1, 0, 0
223500, 17984, 1, 0, 0
223600, 15570, 1, 0, 0
223700, 18035, 1, 0, 0
223800, 18009, 1, 0, 0
223900, 13928, 1, 0, 0
224000, 16534, 1, 0, 0
224100, 14858, 1, 0, 0
224200, 16442, 1, 0, 0
224300, 15904, 1, 0, 0
224400, 19434, 1, 0, 0
224500, 15319, 1, 0, 0
224600, 13039, 1, 0, 0
224700, 15908, 1, 0, 0
224800, 14323, 1, 0, 0
224900, 16180, 1, 0, 0
225000, 16018, 1, 0, 0
225100, 14220, 1, 0, 0
225200, 13173, 1, 0, 0
225300, 14452, 1, 0, 0
225400, 15100, 1, 0, 0
225500, 18973, 1, 0, 0
225600, 14855, 1, 0, 0
225700, 16652, 1, 0, 0
225800, 13444, 1, 0, 0
225900, 14894, 1, 0, 0
226000, 17750, 1, 0, 0
226100, 15306, 1, 0, 0
226201, 16655, 1, 0, 0
226301, 17618, 1, 0, 0
226400, 20469, 1, 0, 0
226500, 16683, 1, 0, 0
226600, 16834, 1, 0, 0
226700, 19444, 1, 0, 0
226801, 15478, 1, 0, 0
226900, 18789, 1, 0, 0
227000, 15659, 1, 0, 0
227100, 14215, 1, 0, 0
227200, 16247, 1, 0, 0
227300, 13695, 1, 0, 0
227400, 16708, 1, 0, 0
227500, 13708, 1, 0, 0
227600, 15794, 1, 0, 0
227700, 13903, 1, 0, 0
227800, 14544, 1, 0, 0
227900, 15954, 1, 0, 0
228000, 17356, 1, 0, 0
228100, 17678, 1, 0, 0
228200, 13171, 1, 0, 0
228300, 15526, 1, 0, 0
228400, 19183, 1, 0, 0
228500, 18209, 1, 0, 0
228600, 16584, 1, 0, 0
228700, 14646, 1, 0, 0
228800, 15982, 1, 0, 0
228900, 13381, 1, 0, 0
229000, 15399, 1, 0, 0
229100, 19666, 1, 0, 0
229200, 16784, 1, 0, 0
229301, 16561, 1, 0, 0
229400, 16299, 1, 0, 0
229501, 16481, 1, 0, 0
229600, 15521, 1, 0, 0
229700, 17338, 1, 0, 0
229800, 15668, 1, 0, 0
229900, 16462, 1, 0, 0
230000, 18868, 1, 0, 0
230101, 16266, 1, 0, 0
230200, 15686, 1, 0, 0
230300, 16250, 1, 0, 0
230401, 15738, 1, 0, 0
230500, 17758, 1, 0, 0
230600, 18470, 1, 0, 0
230700, 13946, 1, 0, 0
230800, 14402, 1, 0, 0
230900, 13759, 1, 0, 0
231000, 15830, 1, 0, 0
231100, 13655, 1, 0, 0
231201, 16827, 1, 0, 0
231300, 15726, 1, 0, 0
231400, 17944, 1, 0, 0
231500, 14588, 1, 0, 0
231600, 16637, 1, 0, 0
231700, 15569, 1, 0, 0
231800, 17956, 1, 0, 0
231900, 15617, 1, 0, 0
232000, 14503, 1, 0, 0
232101, 19179, 1, 0, 0
232200, 19568, 1, 0, 0
232300, 14808, 1, 0, 0
232400, 17143, 1, 0, 0
232500, 17438, 1, 0, 0
232600, 14805, 1, 0, 0
232700, 17680, 1, 0, 0
232800, 14900, 1, 0, 0
232900, 12336, 1, 0, 0
233000, 16660, 1, 0, 0
233100, 14110, 1, 0, 0
233200, 13500, 1, 0, 0
233300, 18525, 1, 0, 0
233400, 17390, 1, 0, 0
233500, 16997, 1, 0, 0
233600, 17749, 1, 0, 0
233700, 17204, 1, 0, 0
233800, 15748, 1, 0, 0
233900, 15411, 1, 0, 0
234000, 14237, 1, 0, 0
234101, 15272, 1, 0, 0
234200, 14637, 1, 0, 0
234300, 15891, 1, 0, 0
234400, 16564, 1, 0, 0
234500, 15897, 1, 0, 0
234600, 14972, 1, 0, 0
234700, 13677, 1, 0, 0
234800, 15311, 1, 0, 0
234900, 16668, 1, 0, 0
235000, 15828, 1, 0, 0
235101, 14551, 1, 0, 0
235200, 17309, 1, 0, 0
235300, 14047, 1, 0, 0
235400, 17293, 1, 0, 0
235500, 16869, 1, 0, 0
235600, 18831, 1, 0, 0
235700, 15789, 1, 0, 0
235801, 14894, 1, 0, 0
235900, 16187, 1, 0, 0
236000, 15110, 1, 0, 0
236100, 17008, 1, 0, 0
236200, 15197, 1, 0, 0
236300, 18217, 1, 0, 0
236400, 18963, 1, 0, 0
236501, 17665, 1, 0, 0
236600, 15924, 1, 0, 0
236700, 19229, 1, 0, 0
236800, 17403, 1, 0, 0
236900, 17832, 1, 0, 0
237000, 17334, 1, 0, 0
237100, 14952, 1, 0, 0
237200, 20000, 1, 0, 0
237300, 14355, 1, 0, 0
237400, 14245, 1, 0, 0
237500, 17106, 1, 0, 0
237600, 14219, 1, 0, 0
237700, 14804, 1, 0, 0
237800, 15809, 1, 0, 0
237900, 15931, 1, 0, 0
238001, 13347, 1, 0, 0
238101, 19721, 1, 0, 0
238200, 13278, 1, 0, 0
238300, 18018, 1, 0, 0
238400, 16650, 1, 0, 0
238500, 17598, 1, 0, 0
238600, 14809, 1, 0, 0
238700, 15238, 1, 0, 0
238800, 15685, 1, 0, 0
238900, 13990, 1, 0, 0
239000, 18617, 1, 0, 0
239100, 17772, 1, 0, 0
239200, 16912, 1, 0, 0
239300, 18430, 1, 0, 0
239400, 16177, 1, 0, 0
239500, 17235, 1, 0, 0
239600, 14600, 1, 0, 0
239700, 16549, 1, 0, 0
239800, 13109, 1, 0, 0
239900, 16352, 1, 0, 0
240000, 15130, 1, 0, 0
240100, 15925, 1, 0, 0
240200, 18340, 1, 0, 0
240300, 17694, 1, 0, 0
240400, 18158, 1, 0, 0
240500, 15964, 1, 0, 0
240600, 12951, 1, 0, 0
240701, 13740, 1, 0, 0
240800, 20309, 1, 0, 0
240900, 17544, 1, 0, 0
241000, 14532, 1, 0, 0
241100, 14717, 1, 0, 0
241200, 16006, 1, 0, 0
241301, 17855, 1, 0, 0
241400, 15640, 1, 0, 0
241500, 18781, 1, 0, 0
241601, 14551, 1, 0, 0
241700, 17432, 1, 0, 0
241800, 15331, 1, 0, 0
241900, 14213, 1, 0, 0
242001, 14981, 1, 0, 0
242100, 15851, 1, 0, 0
242200, 17486, 1, 0, 0
242300, 18199, 1, 0, 0
242400, 15265, 1, 0, 0
242500, 15724, 1, 0, 0
242600, 16415, 1, 0, 0
242700, 14896, 1, 0, 0
242800, 13575, 1, 0, 0
242900, 15652, 1, 0, 0
243000, 14375, 1, 0, 0
243100, 16313, 1, 0, 0
243200, 19658, 1, 0, 0
243300, 19396, 1, 0, 0
243400, 14138, 1, 0, 0
243500, 16621, 1, 0, 0
243600, 16786, 1, 0, 0
243700, 18267, 1, 0, 0
243801, 16397, 1, 0, 0
243900, 20347, 1, 0, 0
244000, 15545, 1, 0, 0
244100, 17183, 1, 0, 0
244200, 15933, 1, 0, 0
244300, 15625, 1, 0, 0
244400, 16011, 1, 0, 0
244500, 14620, 1, 0, 0
244600, 16037, 1, 0, 0
244700, 18616, 1, 0, 0
244800, 14060, 1, 0, 0
244900, 14980, 1, 0, 0
245000, 14356, 1, 0, 0
245100, 15323, 1, 0, 0
245200, 15107, 1, 0, 0
245300, 15358, 1, 0, 0
245400, 16865, 1, 0, 0
245500, 15187, 1, 0, 0
245600, 16736, 1, 0, 0
245700, 14578, 1, 0, 0
245800, 14577, 1, 0, 0
245900, 17537, 1, 0, 0
246000, 15365, 1, 0, 0
246100, 17219, 1, 0, 0
246201, 13162, 1, 0, 0
246300, 16245, 1, 0, 0
246400, 19709, 1, 0, 0
246500, 14488, 1, 0, 0
246600, 12395, 1, 0, 0
246700, 16013, 1, 0, 0
246800, 17582, 1, 0, 0
246900, 19924, 1, 0, 0
247000, 14445, 1, 0, 0
247100, 15748, 1, 0, 0
247200, 16539, 1, 0, 0
247300, 18552, 1, 0, 0
247400, 16582, 1, 0, 0
247500, 18496, 1, 0, 0
247600, 17481, 1, 0, 0
247700, 16150, 1, 0, 0
247800, 19387, 1, 0, 0
247901, 19766, 1, 0, 0
248000, 14950, 1, 0, 0
248100, 13651, 1, 0, 0
248200, 18292, 1, 0, 0
248300, 15875, 1, 0, 0
248400, 18633, 1, 0, 0
248500, 16855, 1, 0, 0
248600, 14415, 1, 0, 0
248700, 14904, 1, 0, 0
248800, 15163, 1, 0, 0
248900, 19619, 1, 0, 0
249001, 20265, 1, 0, 0
249100, 16337, 1, 0, 0
249200, 17041, 1, 0, 0
249300, 18298, 1, 0, 0
249400, 19738, 1, 0, 0
249500, 18824, 1, 0, 0
249600, 15363, 1, 0, 0
249700, 14992, 1, 0, 0
249800, 16334, 1, 0, 0
249901, 14894, 1, 0, 0
250000, 16338, 1, 0, 0
250100, 16701, 1, 0, 0
250200, 15573, 1, 0, 0
250300, 16098, 1, 0, 0
250400, 15076, 1, 0, 0
250501, 17225, 1, 0, 0
250600, 15171, 1, 0, 0
250700, 14715, 1, 0, 0
250800, 15441, 1, 0, 0
250900, 16558, 1, 0, 0
251000, 13721, 1, 0, 0
251100, 18327, 1, 0, 0
251200, 14317, 1, 0, 0
251300, 14734, 1, 0, 0
251400, 14616, 1, 0, 0
251500, 16913, 1, 0, 0
251600, 18910, 1, 0, 0
251700, 15740, 1, 0, 0
251800, 17051, 1, 0, 0
251900, 16734, 1, 0, 0
252000, 15015, 1, 0, 0
252100, 14744, 1, 0, 0
252200, 13243, 1, 0, 0
252301, 13923, 1, 0, 0
252400, 15359, 1, 0, 0
252500, 15117, 1, 0, 0
252600, 14651, 1, 0, 0
252700, 14207, 1, 0, 0
252800, 15199, 1, 0, 0
252900, 17825, 1, 0, 0
253000, 17226, 1, 0, 0
253101, 15081, 1, 0, 0
253200, 14817, 1, 0, 0
253301, 16177, 1, 0, 0
253400, 14746, 1, 0, 0
253500, 13369, 1, 0, 0
253600, 12995, 1, 0, 0
253700, 16680, 1, 0, 0
253800, 16628, 1, 0, 0
253900, 14282, 1, 0, 0
254000, 18041, 1, 0, 0
254100, 14754, 1, 0, 0
254200, 19884, 1, 0, 0
254300, 15771, 1, 0, 0
254400, 15238, 1, 0, 0
254500, 15291, 1, 0, 0
254600, 18173, 1, 0, 0
254700, 18319, 1, 0, 0
254800, 16102, 1, 0, 0
254900, 13639, 1, 0, 0
255000, 13570, 1, 0, 0
255102, 14890, 1, 0, 0
255200, 16886, 1, 0, 0
255300, 15276, 1, 0, 0
255401, 14309, 1, 0, 0
255500, 13550, 1, 0, 0
255600, 14748, 1, 0, 0
255700, 18055, 1, 0, 0
255800, 15340, 1, 0, 0
255900, 16608, 1, 0, 0
256000, 13521, 1, 0, 0
256100, 14747, 1, 0, 0
256200, 13928, 1, 0, 0
256300, 14427, 1, 0, 0
256400, 15500, 1, 0, 0
256500, 17235, 1, 0, 0
256600, 17809, 1, 0, 0
256700, 16811, 1, 0, 0
256800, 16402, 1, 0, 0
256900, 19667, 1, 0, 0
257000, 17291, 1, 0, 0
257100, 16572, 1, 0, 0
257201, 17411, 1, 0, 0
257300, 17498, 1, 0, 0
257400, 17616, 1, 0, 0
257500, 15041, 1, 0, 0
257600, 17097, 1, 0, 0
257700, 17904, 1, 0, 0
257801, 14677, 1, 0, 0
257900, 16165, 1, 0, 0
258000, 13824, 1, 0, 0
258100, 18120, 1, 0, 0
258200, 14754, 1, 0, 0
258300, 15455, 1, 0, 0
258400, 17363, 1, 0, 0
258500, 16946, 1, 0, 0
258600, 17410, 1, 0, 0
258700, 15872, 1, 0, 0
258800, 16540, 1, 0, 0
258900, 17294, 1, 0, 0
259000, 14397, 1, 0, 0
259100, 16258, 1, 0, 0
259200, 15984, 1, 0, 0
259301, 17181, 1, 0, 0
259400, 13904, 1, 0, 0
259500, 17638, 1, 0, 0
259600, 16675, 1, 0, 0
259700, 16101, 1, 0, 0
259800, 16752, 1, 0, 0
259900, 15112, 1, 0, 0
260000, 15785, 1, 0, 0
260100, 17823, 1, 0, 0
260200, 16491, 1, 0, 0
260300, 14826, 1, 0, 0
260400, 14389, 1, 0, 0
260500, 16170, 1, 0, 0
260600, 14623, 1, 0, 0
260700, 17525, 1, 0, 0
260800, 17055, 1, 0, 0
260900, 14798, 1, 0, 0
261000, 13810, 1, 0, 0
261102, 13495, 1, 0, 0
261200, 17614, 1, 0, 0
261300, 17633, 1, 0, 0
261400, 16514, 1, 0, 0
261502, 16562, 1, 0, 0
261600, 17598, 1, 0, 0
261700, 17713, 1, 0, 0
261800, 20130, 1, 0, 0
261900, 16020, 1, 0, 0
262000, 15238, 1, 0, 0
262100, 16610, 1, 0, 0
262200, 14472, 1, 0, 0
262300, 13828, 1, 0, 0
262400, 14521, 1, 0, 0
262500, 14681, 1, 0, 0
262600, 13516, 1, 0, 0
262701, 17393, 1, 0, 0
262800, 13216, 1, 0, 0
262900, 15874, 1, 0, 0
263000, 22736, 1, 0, 0
263101, 16123, 1, 0, 0
263200, 14563, 1, 0, 0
263300, 15007, 1, 0, 0
263400, 16156, 1, 0, 0
263500, 13542, 1, 0, 0
263600, 14815, 1, 0, 0
263700, 19389, 1, 0, 0
263800, 14367, 1, 0, 0
263900, 17363, 1, 0, 0
264000, 16962, 1, 0, 0
264100, 16168, 1, 0, 0
264201, 15764, 1, 0, 0
264300, 15917, 1, 0, 0
264400, 15875, 1, 0, 0
264500, 15863, 1, 0, 0
264600, 14237, 1, 0, 0
264700, 14691, 1, 0, 0
264800, 13862, 1, 0, 0
264900, 13354, 1, 0, 0
265000, 13876, 1, 0, 0
265100, 17362, 1, 0, 0
265200, 17340, 1, 0, 0
265300, 17381, 1, 0, 0
265400, 14158, 1, 0, 0
265500, 16894, 1, 0, 0
265600, 17416, 1, 0, 0
265700, 16711, 1, 0, 0
265800, 16632, 1, 0, 0
265901, 18991, 1, 0, 0
266001, 19275, 1, 0, 0
266100, 16221, 1, 0, 0
266200, 16585, 1, 0, 0
266300, 16952, 1, 0, 0
266400, 20173, 1, 0, 0
266500, 16092, 1, 0, 0
266600, 19758, 1, 0, 0
266700, 16710, 1, 0, 0
266800, 15885, 1, 0, 0
266900, 14208, 1, 0, 0
267000, 17142, 1, 0, 0
267100, 17970, 1, 0, 0
267200, 18142, 1, 0, 0
267300, 14614, 1, 0, 0
267400, 15155, 1, 0, 0
267500, 17020, 1, 0, 0
267600, 16803, 1, 0, 0
267700, 17296, 1, 0, 0
267800, 14308, 1, 0, 0
267900, 14320, 1, 0, 0
268000, 14744, 1, 0, 0
268100, 16632, 1, 0, 0
268200, 16712, 1, 0, 0
268300, 14617, 1, 0, 0
268400, 17433, 1, 0, 0
268500, 17557, 1, 0, 0
268600, 19170, 1, 0, 0
268700, 19156, 1, 0, 0
268800, 18087, 1, 0, 0
268900, 15208, 1, 0, 0
269000, 15537, 1, 0, 0
269100, 20131, 1, 0, 0
269200, 17896, 1, 0, 0
269300, 16666, 1, 0, 0
269400, 15388, 1, 0, 0
269500, 17353, 1, 0, 0
269600, 14566, 1, 0, 0
269700, 13808, 1, 0, 0
269800, 17983, 1, 0, 0
269900, 15849, 1, 0, 0
270000, 18505, 1, 0, 0
270100, 17200, 1, 0, 0
270200, 16560, 1, 0, 0
270300, 15077, 1, 0, 0
270400, 14604, 1, 0, 0
270500, 16493, 1, 0, 0
270602, 17034, 1, 0, 0
270700, 13534, 1, 0, 0
270800, 15443, 1, 0, 0
270900, 18336, 1, 0, 0
271000, 18266, 1, 0, 0
271100, 15589, 1, 0, 0
271200, 16272, 1, 0, 0
271300, 18584, 1, 0, 0
271401, 13619, 1, 0, 0
271500, 15061, 1, 0, 0
271601, 13602, 1, 0, 0
271700, 15160, 1, 0, 0
271801, 14875, 1, 0, 0
271900, 17454, 1, 0, 0
272000, 15757, 1, 0, 0
272101, 12879, 1, 0, 0
272200, 17238, 1, 0, 0
272300, 17057, 1, 0, 0
272400, 18144, 1, 0, 0
272500, 14748, 1, 0, 0
272600, 15173, 1, 0, 0
272700, 19237, 1, 0, 0
272800, 17307, 1, 0, 0
272901, 16477, 1, 0, 0
273000, 15791, 1, 0, 0
273100, 16612, 1, 0, 0
273200, 13569, 1, 0, 0
273300, 15869, 1, 0, 0
273400, 17332, 1, 0, 0
273500, 19794, 1, 0, 0
273600, 17387, 1, 0, 0
273700, 13170, 1, 0, 0
273800, 14862, 1, 0, 0
273900, 18291, 1, 0, 0
274000, 13842, 1, 0, 0
274100, 14573, 1, 0, 0
274200, 20235, 1, 0, 0
274300, 16316, 1, 0, 0
274400, 15344, 1, 0, 0
274500, 16967, 1, 0, 0
274600, 17432, 1, 0, 0
274701, 15182, 1, 0, 0
274800, 19125, 1, 0, 0
274900, 16506, 1, 0, 0
275000, 16511, 1, 0, 0
275100, 18061, 1, 0, 0
275200, 14733, 1, 0, 0
275300, 15224, 1, 0, 0
275400, 13575, 1, 0, 0
275500, 14111, 1, 0, 0
275600, 13781, 1, 0, 0
275700, 12697, 1, 0, 0
275800, 13279, 1, 0, 0
275900, 16940, 1, 0, 0
276000, 18116, 1, 0, 0
276100, 17923, 1, 0, 0
276200, 16861, 1, 0, 0
276300, 15151, 1, 0, 0
276400, 16276, 1, 0, 0
276500, 17407, 1, 0, 0
276600, 18595, 1, 0, 0
276700, 16577, 1, 0, 0
276800, 13629, 1, 0, 0
276900, 15475, 1, 0, 0
277000, 15614, 1, 0, 0
277100, 13936, 1, 0, 0
277200, 14183, 1, 0, 0
277300, 13496, 1, 0, 0
277400, 16798, 1, 0, 0
277501, 13803, 1, 0, 0
277600, 18605, 1, 0, 0
277700, 20632, 1, 0, 0
277800, 15714, 1, 0, 0
277900, 13402, 1, 0, 0
278001, 13735, 1, 0, 0
278100, 13820, 1, 0, 0
278200, 17564, 1, 0, 0
278300, 18936, 1, 0, 0
278400, 17993, 1, 0, 0
278501, 14849, 1, 0, 0
278600, 20648, 1, 0, 0
278701, 16167, 1, 0, 0
278800, 15477, 1, 0, 0
278901, 14505, 1, 0, 0
279000, 17874, 1, 0, 0
279100, 16537, 1, 0, 0
279200, 15667, 1, 0, 0
279300, 16452, 1, 0, 0
279400, 18593, 1, 0, 0
279500, 18076, 1, 0, 0
279600, 18585, 1, 0, 0
279700, 20234, 1, 0, 0
279800, 16473, 1, 0, 0
279900, 16792, 1, 0, 0
280000, 17945, 1, 0, 0
280100, 18002, 1, 0, 0
280200, 16640, 1, 0, 0
280300, 15369, 1, 0, 0
280401, 13840, 1, 0, 0
280500, 17586, 1, 0, 0
280600, 16003, 1, 0, 0
280701, 15623, 1, 0, 0
280800, 15386, 1, 0, 0
280900, 20666, 1, 0, 0
281000, 16527, 1, 0, 0
281100, 16182, 1, 0, 0
281200, 14838, 1, 0, 0
281300, 17354, 1, 0, 0
281400, 14855, 1, 0, 0
281500, 20360, 1, 0, 0
281600, 17272, 1, 0, 0
281700, 15352, 1, 0, 0
281800, 17153, 1, 0, 0
281900, 17650, 1, 0, 0
282000, 17326, 1, 0, 0
282100, 18072, 1, 0, 0
282200, 17556, 1, 0, 0
282300, 14638, 1, 0, 0
282401, 15253, 1, 0, 0
282500, 15445, 1, 0, 0
282601, 16783, 1, 0, 0
282700, 17110, 1, 0, 0
282800, 14904, 1, 0, 0
282900, 16110, 1, 0, 0
283000, 18774, 1, 0, 0
283100, 15537, 1, 0, 0
283200, 15658, 1, 0, 0
283300, 15921, 1, 0, 0
283400, 18434, 1, 0, 0
283500, 16979, 1, 0, 0
283600, 14853, 1, 0, 0
283700, 13519, 1, 0, 0
283800, 18742, 1, 0, 0
283900, 15471, 1, 0, 0
284000, 15706, 1, 0, 0
284100, 13980, 1, 0, 0
284200, 16868, 1, 0, 0
284300, 19771, 1, 0, 0
284400, 15489, 1, 0, 0
284500, 14830, 1, 0, 0
284600, 15448, 1, 0, 0
284700, 18999, 1, 0, 0
284800, 14078, 1, 0, 0
284900, 17159, 1, 0, 0
285000, 18476, 1, 0, 0
285100, 16131, 1, 0, 0
285200, 17646, 1, 0, 0
285300, 16533, 1, 0, 0
285401, 16656, 1, 0, 0
285500, 15246, 1, 0, 0
285600, 15052, 1, 0, 0
285700, 17930, 1, 0, 0
285800, 15226, 1, 0, 0
285900, 13386, 1, 0, 0
286000, 13579, 1, 0, 0
286100, 16737, 1, 0, 0
286200, 16843, 1, 0, 0
286300, 18298, 1, 0, 0
286400, 15841, 1, 0, 0
286500, 14501, 1, 0, 0
286600, 16743, 1, 0, 0
286700, 16575, 1, 0, 0
286800, 15830, 1, 0, 0
286901, 14182, 1, 0, 0
287000, 14607, 1, 0, 0
287100, 18295, 1, 0, 0
287200, 14007, 1, 0, 0
287300, 15146, 1, 0, 0
287400, 13473, 1, 0, 0
287500, 15780, 1, 0, 0
287600, 14323, 1, 0, 0
287700, 16193, 1, 0, 0
287800, 12656, 1, 0, 0
287900, 18232, 1, 0, 0
288000, 18088, 1, 0, 0
288100, 14529, 1, 0, 0
288200, 15850, 1, 0, 0
288300, 12734, 1, 0, 0
288400, 14535, 1, 0, 0
288500, 16533, 1, 0, 0
288600, 16846, 1, 0, 0
288700, 14491, 1, 0, 0
288800, 14676, 1, 0, 0
288900, 16379, 1, 0, 0
289000, 19555, 1, 0, 0
289100, 17821, 1, 0, 0
289202, 15588, 1, 0, 0
289300, 13875, 1, 0, 0
289401, 16478, 1, 0, 0
289500, 16500, 1, 0, 0
289600, 13921, 1, 0, 0
289700, 14302, 1, 0, 0
289800, 16201, 1, 0, 0
289900, 15192, 1, 0, 0
290000, 19523, 1, 0, 0
290100, 16352, 1, 0, 0
290200, 14799, 1, 0, 0
290300, 15241, 1, 0, 0
290400, 15725, 1, 0, 0
290500, 13549, 1, 0, 0
290600, 17100, 1, 0, 0
290700, 13434, 1, 0, 0
290800, 17520, 1, 0, 0
290900, 17484, 1, 0, 0
291000, 17587, 1, 0, 0
291100, 14420, 1, 0, 0
291200, 16998, 1, 0, 0
291300, 16299, 1, 0, 0
291401, 16261, 1, 0, 0
291500, 16131, 1, 0, 0
291600, 16382, 1, 0, 0
291700, 17383, 1, 0, 0
291800, 16010, 1, 0, 0
291900, 13705, 1, 0, 0
292000, 15072, 1, 0, 0
292100, 14704, 1, 0, 0
292200, 19715, 1, 0, 0
292300, 16815, 1, 0, 0
292400, 14886, 1, 0, 0
292500, 12862, 1, 0, 0
292600, 14016, 1, 0, 0
292700, 18330, 1, 0, 0
292800, 17689, 1, 0, 0
292900, 13160, 1, 0, 0
293000, 17790, 1, 0, 0
293100, 16064, 1, 0, 0
293201, 14611, 1, 0, 0
293300, 13442, 1, 0, 0
293400, 14981, 1, 0, 0
293500, 17411, 1, 0, 0
293600, 20210, 1, 0, 0
293700, 17001, 1, 0, 0
293800, 16365, 1, 0, 0
293900, 14462, 1, 0, 0
294000, 13402, 1, 0, 0
294100, 21035, 1, 0, 0
294200, 17784, 1, 0, 0
294302, 14745, 1, 0, 0
294400, 15561, 1, 0, 0
294501, 18505, 1, 0, 0
294600, 21388, 1, 0, 0
294700, 14911, 1, 0, 0
294800, 18718, 1, 0, 0
294900, 18381, 1, 0, 0
295000, 16966, 1, 0, 0
295100, 13451, 1, 0, 0
295200, 16104, 1, 0, 0
295300, 19524, 1, 0, 0
295400, 16763, 1, 0, 0
295500, 17672, 1, 0, 0
295600, 18633, 1, 0, 0
295700, 14665, 1, 0, 0
295800, 17954, 1, 0, 0
295900, 18091, 1, 0, 0
296000, 15742, 1, 0, 0
296100, 13195, 1, 0, 0
296200, 13883, 1, 0, 0
296300, 14032, 1, 0, 0
296400, 13904, 1, 0, 0
296500, 24149, 1, 0, 0
296600, 18370, 1, 0, 0
296700, 14551, 1, 0, 0
296800, 18370, 1, 0, 0
296900, 14803, 1, 0, 0
297000, 15631, 1, 0, 0
297100, 13953, 1, 0, 0
297200, 15108, 1, 0, 0
297300, 14544, 1, 0, 0
297400, 16601, 1, 0, 0
297500, 17270, 1, 0, 0
297600, 14410, 1, 0, 0
297700, 16498, 1, 0, 0
297800, 14909, 1, 0, 0
297900, 17974, 1, 0, 0
298000, 16386, 1, 0, 0
298100, 15932, 1, 0, 0
298200, 18442, 1, 0, 0
298300, 14498, 1, 0, 0
298400, 18912, 1, 0, 0
298500, 15729, 1, 0, 0
298600, 16027, 1, 0, 0
298700, 18078, 1, 0, 0
298800, 16739, 1, 0, 0
298900, 15717, 1, 0, 0
299000, 16397, 1, 0, 0
299100, 17566, 1, 0, 0
299200, 16567, 1, 0, 0
299300, 14407, 1, 0, 0
299400, 15906, 1, 0, 0
299500, 16558, 1, 0, 0
299600, 13760, 1, 0, 0
299700, 14935, 1, 0, 0
299800, 16023, 1, 0, 0
299900, 13698, 1, 0, 0
300000, 14406, 1, 0, 0
300101, 17194, 1, 0, 0
300200, 17289, 1, 0, 0
300300, 15631, 1, 0, 0
300400, 12837, 1, 0, 0
300500, 15448, 1, 0, 0
300601, 16185, 1, 0, 0
300700, 14926, 1, 0, 0
300800, 14034, 1, 0, 0
300900, 17835, 1, 0, 0
301000, 14963, 1, 0, 0
301100, 16404, 1, 0, 0
301202, 18042, 1, 0, 0
301300, 18846, 1, 0, 0
301400, 18192, 1, 0, 0
301500, 17267, 1, 0, 0
301600, 17187, 1, 0, 0
301700, 15283, 1, 0, 0
301800, 14684, 1, 0, 0
301900, 15136, 1, 0, 0
302000, 17747, 1, 0, 0
302102, 17616, 1, 0, 0
302200, 14567, 1, 0, 0
302301, 13981, 1, 0, 0
302401, 14116, 1, 0, 0
302500, 15198, 1, 0, 0
302600, 17324, 1, 0, 0
302700, 15334, 1, 0, 0
302800, 18414, 1, 0, 0
302900, 19393, 1, 0, 0
303000, 17452, 1, 0, 0
303100, 17705, 1, 0, 0
303200, 14544, 1, 0, 0
303300, 17456, 1, 0, 0
303400, 17251, 1, 0, 0
303500, 16643, 1, 0, 0
303600, 16724, 1, 0, 0
303700, 17069, 1, 0, 0
303800, 16251, 1, 0, 0
303900, 16845, 1, 0, 0
304000, 16355, 1, 0, 0
304100, 13978, 1, 0, 0
304200, 15926, 1, 0, 0
304300, 14953, 1, 0, 0
304400, 18176, 1, 0, 0
304501, 14387, 1, 0, 0
304600, 17898, 1, 0, 0
304700, 16450, 1, 0, 0
304800, 17316, 1, 0, 0
304900, 14702, 1, 0, 0
305000, 15388, 1, 0, 0
305100, 15975, 1, 0, 0
305200, 14332, 1, 0, 0
305300, 17849, 1, 0, 0
305400, 15117, 1, 0, 0
305500, 15154, 1, 0, 0
305600, 12856, 1, 0, 0
305700, 15603, 1, 0, 0
305801, 13842, 1, 0, 0
305900, 14879, 1, 0, 0
306000, 16059, 1, 0, 0
306100, 18470, 1, 0, 0
306200, 13808, 1, 0, 0
306300, 15423, 1, 0, 0
306400, 18566, 1, 0, 0
306501, 17586, 1, 0, 0
306600, 15315, 1, 0, 0
306700, 17854, 1, 0, 0
306800, 14388, 1, 0, 0
306900, 14735, 1, 0, 0
307000, 19267, 1, 0, 0
307100, 14375, 1, 0, 0
307200, 14362, 1, 0, 0
307300, 17485, 1, 0, 0
307400, 14603, 1, 0, 0
307500, 14395, 1, 0, 0
307600, 16881, 1, 0, 0
307700, 15450, 1, 0, 0
307800, 14569, 1, 0, 0
307900, 16444, 1, 0, 0
308000, 15847, 1, 0, 0
308100, 12861, 1, 0, 0
308200, 14430, 1, 0, 0
308300, 13376, 1, 0, 0
308400, 16100, 1, 0, 0
308500, 15402, 1, 0, 0
308601, 17626, 1, 0, 0
308700, 16253, 1, 0, 0
308800, 18869, 1, 0, 0
308900, 15722, 1, 0, 0
309000, 20868, 1, 0, 0
309100, 18665, 1, 0, 0
309200, 16419, 1, 0, 0
309300, 15709, 1, 0, 0
309400, 15775, 1, 0, 0
309500, 17914, 1, 0, 0
309600, 17356, 1, 0, 0
309700, 18870, 1, 0, 0
309800, 16329, 1, 0, 0
309900, 15391, 1, 0, 0
310000, 17203, 1, 0, 0
310100, 15875, 1, 0, 0
310200, 17278, 1, 0, 0
310301, 14942, 1, 0, 0
310400, 17579, 1, 0, 0
310501, 16071, 1, 0, 0
310600, 18679, 1, 0, 0
310700, 18442, 1, 0, 0
310800, 18128, 1, 0, 0
310900, 16918, 1, 0, 0
311000, 14495, 1, 0, 0
311100, 14007, 1, 0, 0
311201, 14425, 1, 0, 0
311300, 16166, 1, 0, 0
311400, 17359, 1, 0, 0
311500, 18194, 1, 0, 0
311600, 15504, 1, 0, 0
311700, 15732, 1, 0, 0
311800, 17101, 1, 0, 0
311900, 17024, 1, 0, 0
312001, 19418, 1, 0, 0
312100, 15205, 1, 0, 0
312200, 16186, 1, 0, 0
312300, 13978, 1, 0, 0
312400, 13502, 1, 0, 0
312500, 15304, 1, 0, 0
312601, 17595, 1, 0, 0
312700, 18295, 1, 0, 0
312800, 15187, 1, 0, 0
312900, 17312, 1, 0, 0
313001, 15883, 1, 0, 0
313100, 14075, 1, 0, 0
313200, 15839, 1, 0, 0
313300, 15598, 1, 0, 0
313400, 18074, 1, 0, 0
313500, 16586, 1, 0, 0
313600, 13615, 1, 0, 0
313700, 13464, 1, 0, 0
313800, 17147, 1, 0, 0
313900, 13876, 1, 0, 0
314000, 16367, 1, 0, 0
314100, 17666, 1, 0, 0
314200, 13656, 1, 0, 0
314300, 18469, 1, 0, 0
314400, 18837, 1, 0, 0
314500, 17133, 1, 0, 0
314600, 17031, 1, 0, 0
314701, 18437, 1, 0, 0
314800, 14408, 1, 0, 0
314900, 14242, 1, 0, 0
315000, 16921, 1, 0, 0
315100, 18260, 1, 0, 0
315200, 17250, 1, 0, 0
315300, 17387, 1, 0, 0
315400, 16603, 1, 0, 0
315500, 13818, 1, 0, 0
315600, 15870, 1, 0, 0
315700, 14618, 1, 0, 0
315800, 13273, 1, 0, 0
315900, 15368, 1, 0, 0
316000, 18309, 1, 0, 0
316100, 18952, 1, 0, 0
316200, 20041, 1, 0, 0
316300, 16128, 1, 0, 0
316400, 15208, 1, 0, 0
316500, 15877, 1, 0, 0
316600, 17696, 1, 0, 0
316700, 16295, 1, 0, 0
316800, 16048, 1, 0, 0
316900, 17526, 1, 0, 0
317000, 18083, 1, 0, 0
317100, 16933, 1, 0, 0
317201, 17062, 1, 0, 0
317300, 20153, 1, 0, 0
317400, 20595, 1, 0, 0
317501, 14144, 1, 0, 0
317600, 16905, 1, 0, 0
317700, 14086, 1, 0, 0
317800, 14528, 1, 0, 0
317900, 13482, 1, 0, 0
318000, 14108, 1, 0, 0
318100, 21074, 1, 0, 0
318200, 15830, 1, 0, 0
318300, 13980, 1, 0, 0
318400, 13817, 1, 0, 0
318500, 13603, 1, 0, 0
318600, 15322, 1, 0, 0
318700, 13201, 1, 0, 0
318800, 17114, 1, 0, 0
318901, 18224, 1, 0, 0
319000, 15187, 1, 0, 0
319100, 14753, 1, 0, 0
319201, 17344, 1, 0, 0
319300, 18114, 1, 0, 0
319400, 16667, 1, 0, 0
319500, 15521, 1, 0, 0
319600, 13906, 1, 0, 0
319700, 13250, 1, 0, 0
319800, 14784, 1, 0, 0
319900, 15126, 1, 0, 0
320000, 15471, 1, 0, 0
320100, 20743, 1, 0, 0
320200, 13695, 1, 0, 0
320300, 17682, 1, 0, 0
320400, 14850, 1, 0, 0
320500, 14736, 1, 0, 0
320600, 15710, 1, 0, 0
320700, 13502, 1, 0, 0
320800, 14337, 1, 0, 0
320900, 13034, 1, 0, 0
321000, 17132, 1, 0, 0
321100, 15875, 1, 0, 0
321200, 16909, 1, 0, 0
321300, 15184, 1, 0, 0
321400, 15973, 1, 0, 0
321501, 16950, 1, 0, 0
321600, 15977, 1, 0, 0
321700, 17415, 1, 0, 0
321800, 18135, 1, 0, 0
321900, 16182, 1, 0, 0
322000, 15630, 1, 0, 0
322100, 16872, 1, 0, 0
322200, 14701, 1, 0, 0
322300, 16137, 1, 0, 0
322401, 14384, 1, 0, 0
322500, 16817, 1, 0, 0
322600, 13571, 1, 0, 0
322700, 16354, 1, 0, 0
322800, 17820, 1, 0, 0
322900, 17863, 1, 0, 0
323000, 18843, 1, 0, 0
323100, 18439, 1, 0, 0
323200, 16526, 1, 0, 0
323300, 19892, 1, 0, 0
323400, 13696, 1, 0, 0
323500, 18232, 1, 0, 0
323600, 19612, 1, 0, 0
323700, 15106, 1, 0, 0
323800, 13027, 1, 0, 0
323900, 15629, 1, 0, 0
324000, 13486, 1, 0, 0
324100, 13245, 1, 0, 0
324200, 14125, 1, 0, 0
324300, 13988, 1, 0, 0
324400, 13155, 1, 0, 0
324500, 15260, 1, 0, 0
324600, 13939, 1, 0, 0
324700, 18056, 1, 0, 0
324800, 15928, 1, 0, 0
324901, 18292, 1, 0, 0
325001, 18236, 1, 0, 0
325100, 16010, 1, 0, 0
325200, 15478, 1, 0, 0
325300, 17151, 1, 0, 0
325400, 16925, 1, 0, 0
325500, 17796, 1, 0, 0
325600, 12973, 1, 0, 0
325700, 14789, 1, 0, 0
325800, 20366, 1, 0, 0
325900, 19318, 1, 0, 0
326000, 19942, 1, 0, 0
326100, 15769, 1, 0, 0
326202, 15512, 1, 0, 0
326301, 19471, 1, 0, 0
326400, 14192, 1, 0, 0
326500, 14396, 1, 0, 0
326600, 15420, 1, 0, 0
326700, 14097, 1, 0, 0
326800, 14600, 1, 0, 0
326900, 14004, 1, 0, 0
327001, 16780, 1, 0, 0
327100, 13880, 1, 0, 0
327200, 17527, 1, 0, 0
327300, 14164, 1, 0, 0
327400, 14760, 1, 0, 0
327500, 14211, 1, 0, 0
327600, 14458, 1, 0, 0
327700, 20405, 1, 0, 0
327800, 14799, 1, 0, 0
327900, 18661, 1, 0, 0
328000, 19057, 1, 0, 0
328100, 16768, 1, 0, 0
328200, 17990, 1, 0, 0
328301, 13837, 1, 0, 0
328400, 13912, 1, 0, 0
328501, 16371, 1, 0, 0
328600, 16241, 1, 0, 0
328700, 16557, 1, 0, 0
328800, 14385, 1, 0, 0
328900, 15958, 1, 0, 0
329000, 14190, 1, 0, 0
329100, 19847, 1, 0, 0
329200, 16740, 1, 0, 0
329300, 15054, 1, 0, 0
329400, 14703, 1, 0, 0
329500, 16057, 1, 0, 0
329600, 14912, 1, 0, 0
329700, 16124, 1, 0, 0
329800, 15295, 1, 0, 0
329900, 16223, 1, 0, 0
330000, 14157, 1, 0, 0
330100, 15307, 1, 0, 0
330200, 17214, 1, 0, 0
330301, 16980, 1, 0, 0
330400, 14532, 1, 0, 0
330500, 14545, 1, 0, 0
330600, 16242, 1, 0, 0
330701, 14683, 1, 0, 0
330800, 14928, 1, 0, 0
330900, 13021, 1, 0, 0
331000, 13357, 1, 0, 0
331100, 13209, 1, 0, 0
331200, 17437, 1, 0, 0
331300, 13292, 1, 0, 0
331400, 18231, 1, 0, 0
331500, 17065, 1, 0, 0
331600, 14580, 1, 0, 0
331700, 15806, 1, 0, 0
331800, 16259, 1, 0, 0
331900, 15975, 1, 0, 0
332000, 14214, 1, 0, 0
332100, 14344, 1, 0, 0
332200, 19799, 1, 0, 0
332300, 17656, 1, 0, 0
332400, 15083, 1, 0, 0
332500, 16548, 1, 0, 0
332600, 15210, 1, 0, 0
332700, 16746, 1, 0, 0
332800, 16331, 1, 0, 0
332900, 15271, 1, 0, 0
333001, 20073, 1, 0, 0
333100, 13111, 1, 0, 0
333200, 13108, 1, 0, 0
333300, 12953, 1, 0, 0
333400, 15326, 1, 0, 0
333500, 15517, 1, 0, 0
333600, 16925, 1, 0, 0
333700, 16755, 1, 0, 0
333800, 15423, 1, 0, 0
333900, 15484, 1, 0, 0
334000, 17374, 1, 0, 0
334101, 17762, 1, 0, 0
334200, 14567, 1, 0, 0
334300, 16968, 1, 0, 0
334400, 16456, 1, 0, 0
334500, 15413, 1, 0, 0
334600, 15690, 1, 0, 0
334700, 18807, 1, 0, 0
334800, 16575, 1, 0, 0
334900, 20933, 1, 0, 0
335000, 14579, 1, 0, 0
335100, 14002, 1, 0, 0
335200, 16290, 1, 0, 0
335300, 13867, 1, 0, 0
335401, 13937, 1, 0, 0
335500, 13472, 1, 0, 0
335600, 15475, 1, 0, 0
335700, 16719, 1, 0, 0
335800, 16793, 1, 0, 0
335900, 17437, 1, 0, 0
336000, 15044, 1, 0, 0
336100, 12628, 1, 0, 0
336200, 13703, 1, 0, 0
336300, 15242, 1, 0, 0
336400, 19336, 1, 0, 0
336500, 17171, 1, 0, 0
336600, 13081, 1, 0, 0
336700, 13095, 1, 0, 0
336800, 13212, 1, 0, 0
336901, 13731, 1, 0, 0
337000, 17002, 1, 0, 0
337100, 15459, 1, 0, 0
337200, 17022, 1, 0, 0
337300, 14779, 1, 0, 0
337400, 13462, 1, 0, 0
337500, 16878, 1, 0, 0
337600, 14769, 1, 0, 0
337700, 15982, 1, 0, 0
337800, 17067, 1, 0, 0
337900, 17698, 1, 0, 0
338000, 14793, 1, 0, 0
338100, 14566, 1, 0, 0
338201, 19185, 1, 0, 0
338300, 15247, 1, 0, 0
338400, 15326, 1, 0, 0
338500, 13750, 1, 0, 0
338600, 18317, 1, 0, 0
338700, 13148, 1, 0, 0
338800, 17054, 1, 0, 0
338900, 15396, 1, 0, 0
339000, 13791, 1, 0, 0
339100, 14505, 1, 0, 0
339200, 16643, 1, 0, 0
339301, 15375, 1, 0, 0
339400, 19082, 1, 0, 0
339500, 15109, 1, 0, 0
339600, 14599, 1, 0, 0
339700, 14033, 1, 0, 0
339800, 15875, 1, 0, 0
339900, 16705, 1, 0, 0
340000, 18330, 1, 0, 0
340100, 14279, 1, 0, 0
340200, 15283, 1, 0, 0
340300, 13604, 1, 0, 0
340400, 17877, 1, 0, 0
340500, 14442, 1, 0, 0
340600, 18191, 1, 0, 0
340700, 18500, 1, 0, 0
340800, 15619, 1, 0, 0
340900, 13680, 1, 0, 0
341000, 15947, 1, 0, 0
341100, 18776, 1, 0, 0
341200, 14590, 1, 0, 0
341300, 21017, 1, 0, 0
341400, 15067, 1, 0, 0
341500, 17534, 1, 0, 0
341600, 18839, 1, 0, 0
341700, 16763, 1, 0, 0
341800, 17904, 1, 0, 0
341900, 16045, 1, 0, 0
342000, 14773, 1, 0, 0
342100, 13372, 1, 0, 0
342200, 15462, 1, 0, 0
342300, 17329, 1, 0, 0
342400, 15794, 1, 0, 0
342500, 18487, 1, 0, 0
342600, 14369, 1, 0, 0
342700, 18758, 1, 0, 0
342800, 18060, 1, 0, 0
342901, 14925, 1, 0, 0
343000, 15565, 1, 0, 0
343100, 15667, 1, 0, 0
343200, 17961, 1, 0, 0
343300, 17918, 1, 0, 0
343400, 13616, 1, 0, 0
343500, 17514, 1, 0, 0
343600, 17031, 1, 0, 0
343700, 16318, 1, 0, 0
343801, 17006, 1, 0, 0
343900, 16243, 1, 0, 0
344000, 18689, 1, 0, 0
344101, 16739, 1, 0, 0
344201, 15384, 1, 0, 0
344300, 16098, 1, 0, 0
344400, 15000, 1, 0, 0
344500, 17736, 1, 0, 0
344601, 18697, 1, 0, 0
344700, 16713, 1, 0, 0
344800, 18235, 1, 0, 0
344900, 12841, 1, 0, 0
345000, 15239, 1, 0, 0
345100, 17131, 1, 0, 0
345200, 17725, 1, 0, 0
345300, 14773, 1, 0, 0
345400, 15724, 1, 0, 0
345500, 14950, 1, 0, 0
345600, 16573, 1, 0, 0
345700, 17981, 1, 0, 0
345800, 17713, 1, 0, 0
345900, 14686, 1, 0, 0
346000, 15835, 1, 0, 0
346100, 15416, 1, 0, 0
346200, 15251, 1, 0, 0
346302, 17848, 1, 0, 0
346400, 16156, 1, 0, 0
346501, 14150, 1, 0, 0
346600, 13640, 1, 0, 0
346700, 16958, 1, 0, 0
346800, 18880, 1, 0, 0
346900, 15263, 1, 0, 0
347000, 16865, 1, 0, 0
347100, 16404, 1, 0, 0
347200, 15954, 1, 0, 0
347300, 19435, 1, 0, 0
347400, 15141, 1, 0, 0
347500, 16924, 1, 0, 0
347600, 16455, 1, 0, 0
347700, 18314, 1, 0, 0
347800, 15111, 1, 0, 0
347901, 17308, 1, 0, 0
348000, 16706, 1, 0, 0
348100, 18472, 1, 0, 0
348200, 19702, 1, 0, 0
348300, 14612, 1, 0, 0
348400, 19508, 1, 0, 0
348500, 17722, 1, 0, 0
348600, 15914, 1, 0, 0
348700, 14983, 1, 0, 0
348800, 14952, 1, 0, 0
348900, 18475, 1, 0, 0
349000, 14651, 1, 0, 0
349100, 16525, 1, 0, 0
349200, 17203, 1, 0, 0
349300, 16812, 1, 0, 0
349400, 14051, 1, 0, 0
349500, 19252, 1, 0, 0
349600, 16974, 1, 0, 0
349700, 15194, 1, 0, 0
349800, 17559, 1, 0, 0
349901, 17356, 1, 0, 0
350000, 15397, 1, 0, 0
350100, 18689, 1, 0, 0
350200, 22208, 1, 0, 0
350300, 16833, 1, 0, 0
350400, 16689, 1, 0, 0
350500, 16131, 1, 0, 0
350600, 16661, 1, 0, 0
350700, 13944, 1, 0, 0
350800, 13786, 1, 0, 0
350900, 16461, 1, 0, 0
351000, 15612, 1, 0, 0
351100, 15507, 1, 0, 0
351200, 14760, 1, 0, 0
351300, 15953, 1, 0, 0
351401, 14525, 1, 0, 0
351500, 13585, 1, 0, 0
351600, 18449, 1, 0, 0
351701, 17089, 1, 0, 0
351801, 13492, 1, 0, 0
351900, 17310, 1, 0, 0
352001, 13722, 1, 0, 0
352100, 15497, 1, 0, 0
352200, 15307, 1, 0, 0
352300, 18274, 1, 0, 0
352400, 15549, 1, 0, 0
352500, 14116, 1, 0, 0
352600, 17341, 1, 0, 0
352700, 13919, 1, 0, 0
352800, 19108, 1, 0, 0
352900, 18112, 1, 0, 0
353001, 17356, 1, 0, 0
353100, 18592, 1, 0, 0
353200, 16583, 1, 0, 0
353300, 13375, 1, 0, 0
353400, 15503, 1, 0, 0
353500, 14555, 1, 0, 0
353600, 16981, 1, 0, 0
353701, 19656, 1, 0, 0
353800, 17169, 1, 0, 0
353900, 19102, 1, 0, 0
354000, 15480, 1, 0, 0
354100, 15089, 1, 0, 0
354200, 15903, 1, 0, 0
354300, 19614, 1, 0, 0
354400, 19246, 1, 0, 0
354500, 14524, 1, 0, 0
354600, 13516, 1, 0, 0
354700, 18599, 1, 0, 0
354800, 14359, 1, 0, 0
354900, 16387, 1, 0, 0
355000, 18492, 1, 0, 0
355100, 16545, 1, 0, 0
355200, 15568, 1, 0, 0
355300, 16419, 1, 0, 0
355400, 16342, 1, 0, 0
355500, 14121, 1, 0, 0
355600, 15755, 1, 0, 0
355700, 16001, 1, 0, 0
355800, 15795, 1, 0, 0
355900, 20481, 1, 0, 0
356000, 17642, 1, 0, 0
356100, 15790, 1, 0, 0
356201, 18954, 1, 0, 0
356300, 21085, 1, 0, 0
356400, 13125, 1, 0, 0
356500, 15322, 1, 0, 0
356600, 17663, 1, 0, 0
356700, 16998, 1, 0, 0
356800, 17170, 1, 0, 0
356900, 16630, 1, 0, 0
357000, 15176, 1, 0, 0
357101, 16464, 1, 0, 0
357200, 15426, 1, 0, 0
357300, 14791, 1, 0, 0
357400, 16859, 1, 0, 0
357500, 16475, 1, 0, 0
357600, 16406, 1, 0, 0
357700, 16641, 1, 0, 0
357800, 15638, 1, 0, 0
357900, 16408, 1, 0, 0
358000, 16729, 1, 0, 0
358100, 16535, 1, 0, 0
358200, 21760, 1, 0, 0
358300, 16420, 1, 0, 0
358400, 14984, 1, 0, 0
358501, 16447, 1, 0, 0
358600, 15145, 1, 0, 0
358701, 16645, 1, 0, 0
358800, 14261, 1, 0, 0
358900, 17074, 1, 0, 0
359000, 15417, 1, 0, 0
359100, 15229, 1, 0, 0
359201, 14268, 1, 0, 0
359300, 18497, 1, 0, 0
359400, 16965, 1, 0, 0
359500, 14228, 1, 0, 0
359600, 16753, 1, 0, 0
359700, 21293, 1, 0, 0
359800, 18425, 1, 0, 0
359900, 15119, 1, 0, 0
360000, 14225, 1, 0, 0
360101, 15348, 1, 0, 0
360200, 16757, 1, 0, 0
360300, 17573, 1, 0, 0
360400, 17633, 1, 0, 0
360500, 18344, 1, 0, 0
360600, 16786, 1, 0, 0
360700, 17059, 1, 0, 0
360800, 15611, 1, 0, 0
360901, 19122, 1, 0, 0
361000, 14572, 1, 0, 0
361100, 16309, 1, 0, 0
361200, 13834, 1, 0, 0
361300, 13870, 1, 0, 0
361400, 14051, 1, 0, 0
361500, 17360, 1, 0, 0
361600, 15579, 1, 0, 0
361700, 19448, 1, 0, 0
361800, 16076, 1, 0, 0
361900, 14984, 1, 0, 0
362000, 15763, 1, 0, 0
362100, 16766, 1, 0, 0
362200, 15370, 1, 0, 0
362300, 14153, 1, 0, 0
362401, 13955, 1, 0, 0
362500, 17184, 1, 0, 0
362600, 15658, 1, 0, 0
362700, 15440, 1, 0, 0
362800, 17988, 1, 0, 0
362900, 17765, 1, 0, 0
363000, 14150, 1, 0, 0
363100, 13788, 1, 0, 0
363200, 16660, 1, 0, 0
363300, 14878, 1, 0, 0
363400, 15378, 1, 0, 0
363500, 18530, 1, 0, 0
363601, 16772, 1, 0, 0
363700, 17350, 1, 0, 0
363801, 15521, 1, 0, 0
363900, 14971, 1, 0, 0
364000, 14187, 1, 0, 0
364100, 15156, 1, 0, 0
364200, 16376, 1, 0, 0
364300, 19240, 1, 0, 0
364400, 15688, 1, 0, 0
364500, 13638, 1, 0, 0
364600, 15369, 1, 0, 0
364700, 15837, 1, 0, 0
364800, 13844, 1, 0, 0
364900, 14764, 1, 0, 0
365000, 19226, 1, 0, 0
365100, 15975, 1, 0, 0
365200, 21273, 1, 0, 0
365300, 15245, 1, 0, 0
365400, 14961, 1, 0, 0
365500, 18291, 1, 0, 0
365600, 17725, 1, 0, 0
365700, 16128, 1, 0, 0
365800, 13628, 1, 0, 0
365900, 14478, 1, 0, 0
366000, 18009, 1, 0, 0
366100, 16980, 1, 0, 0
366200, 14166, 1, 0, 0
366300, 13988, 1, 0, 0
366400, 15074, 1, 0, 0
366500, 15554, 1, 0, 0
366600, 13245, 1, 0, 0
366700, 17880, 1, 0, 0
366800, 19229, 1, 0, 0
366900, 13416, 1, 0, 0
367000, 15634, 1, 0, 0
367100, 13231, 1, 0, 0
367200, 17063, 1, 0, 0
367300, 18893, 1, 0, 0
367400, 14249, 1, 0, 0
367500, 15332, 1, 0, 0
367600, 17567, 1, 0, 0
367700, 15074, 1, 0, 0
367800, 14933, 1, 0, 0
367900, 17651, 1, 0, 0
368000, 14831, 1, 0, 0
368100, 14920, 1, 0, 0
368202, 16030, 1, 0, 0
368300, 13458, 1, 0, 0
368400, 15834, 1, 0, 0
368500, 14387, 1, 0, 0
368600, 19791, 1, 0, 0
368700, 13540, 1, 0, 0
368800, 18907, 1, 0, 0
368900, 19154, 1, 0, 0
369000, 15827, 1, 0, 0
369100, 14046, 1, 0, 0
369200, 18414, 1, 0, 0
369300, 19339, 1, 0, 0
369400, 19482, 1, 0, 0
369500, 19126, 1, 0, 0
369600, 15991, 1, 0, 0
369700, 17019, 1, 0, 0
369800, 18219, 1, 0, 0
369900, 17122, 1, 0, 0
370000, 22255, 1, 0, 0
370100, 22025, 1, 0, 0
370200, 15252, 1, 0, 0
370300, 16281, 1, 0, 0
370400, 18131, 1, 0, 0
370500, 15970, 1, 0, 0
370600, 21515, 1, 0, 0
370701, 17507, 1, 0, 0
370800, 17654, 1, 0, 0
370900, 14281, 1, 0, 0
371000, 14651, 1, 0, 0
371100, 18065, 1, 0, 0
371200, 15255, 1, 0, 0
371300, 19103, 1, 0, 0
371401, 17082, 1, 0, 0
371500, 17327, 1, 0, 0
371600, 16105, 1, 0, 0
371701, 17485, 1, 0, 0
371800, 14993, 1, 0, 0
371900, 14527, 1, 0, 0
372000, 18032, 1, 0, 0
372100, 18497, 1, 0, 0
372200, 13687, 1, 0, 0
372300, 16726, 1, 0, 0
372400, 17527, 1, 0, 0
372500, 15812, 1, 0, 0
372600, 14173, 1, 0, 0
372700, 16749, 1, 0, 0
372800, 17438, 1, 0, 0
372900, 17910, 1, 0, 0
373001, 20659, 1, 0, 0
373100, 16552, 1, 0, 0
373200, 13589, 1, 0, 0
373300, 17530, 1, 0, 0
373400, 17334, 1, 0, 0
373500, 15641, 1, 0, 0
373600, 14665, 1, 0, 0
373700, 16991, 1, 0, 0
373800, 16280, 1, 0, 0
373900, 14731, 1, 0, 0
374000, 17943, 1, 0, 0
374100, 16514, 1, 0, 0
374200, 15005, 1, 0, 0
374300, 14098, 1, 0, 0
374400, 16681, 1, 0, 0
374500, 16036, 1, 0, 0
374600, 17315, 1, 0, 0
374700, 20450, 1, 0, 0
374800, 15604, 1, 0, 0
374900, 19889, 1, 0, 0
375000, 16563, 1, 0, 0
375101, 15402, 1, 0, 0
375200, 17936, 1, 0, 0
375300, 15625, 1, 0, 0
375400, 17524, 1, 0, 0
375500, 14950, 1, 0, 0
375600, 15865, 1, 0, 0
375700, 16507, 1, 0, 0
375800, 17334, 1, 0, 0
375900, 16280, 1, 0, 0
376000, 15965, 1, 0, 0
376100, 16187, 1, 0, 0
376200, 16536, 1, 0, 0
376300, 14357, 1, 0, 0
376400, 13624, 1, 0, 0
376500, 18109, 1, 0, 0
376600, 18321, 1, 0, 0
376700, 16065, 1, 0, 0
376800, 17144, 1, 0, 0
376900, 15324, 1, 0, 0
377000, 17560, 1, 0, 0
377100, 17841, 1, 0, 0
377200, 16830, 1, 0, 0
377300, 15790, 1, 0, 0
377400, 15701, 1, 0, 0
377500, 14982, 1, 0, 0
377600, 15244, 1, 0, 0
377700, 17011, 1, 0, 0
377800, 13872, 1, 0, 0
377900, 17274, 1, 0, 0
378000, 16249, 1, 0, 0
378100, 14645, 1, 0, 0
378200, 17341, 1, 0, 0
378300, 14171, 1, 0, 0
378400, 17352, 1, 0, 0
378500, 18424, 1, 0, 0
378600, 13468, 1, 0, 0
378700, 13248, 1, 0, 0
378800, 16799, 1, 0, 0
378900, 17793, 1, 0, 0
379000, 16897, 1, 0, 0
379100, 17577, 1, 0, 0
379200, 14582, 1, 0, 0
379300, 19041, 1, 0, 0
379400, 13953, 1, 0, 0
379500, 17144, 1, 0, 0
379600, 18085, 1, 0, 0
379700, 20924, 1, 0, 0
379800, 17238, 1, 0, 0
379900, 13758, 1, 0, 0
380000, 16050, 1, 0, 0
380100, 15809, 1, 0, 0
380200, 19112, 1, 0, 0
380300, 13571, 1, 0, 0
380400, 14890, 1, 0, 0
380500, 15341, 1, 0, 0
380600, 17401, 1, 0, 0
380700, 14641, 1, 0, 0
380800, 14263, 1, 0, 0
380900, 16073, 1, 0, 0
381000, 19224, 1, 0, 0
381100, 16322, 1, 0, 0
381200, 14843, 1, 0, 0
381300, 15692, 1, 0, 0
381400, 20504, 1, 0, 0
381501, 16069, 1, 0, 0
381600, 16705, 1, 0, 0
381700, 16685, 1, 0, 0
381800, 18082, 1, 0, 0
381900, 16844, 1, 0, 0
382001, 18715, 1, 0, 0
382100, 14623, 1, 0, 0
382200, 17062, 1, 0, 0
382300, 17724, 1, 0, 0
382400, 16091, 1, 0, 0
382500, 16100, 1, 0, 0
382600, 16289, 1, 0, 0
382700, 18339, 1, 0, 0
382800, 13885, 1, 0, 0
382900, 17189, 1, 0, 0
383000, 14836, 1, 0, 0
383100, 19172, 1, 0, 0
383200, 17233, 1, 0, 0
383300, 16494, 1, 0, 0
383400, 16183, 1, 0, 0
383500, 13738, 1, 0, 0
383600, 16395, 1, 0, 0
383700, 17839, 1, 0, 0
383800, 18356, 1, 0, 0
383900, 13431, 1, 0, 0
384000, 15146, 1, 0, 0
384100, 17436, 1, 0, 0
384201, 16173, 1, 0, 0
384300, 14467, 1, 0, 0
384400, 19839, 1, 0, 0
384500, 13637, 1, 0, 0
384600, 14963, 1, 0, 0
384700, 15395, 1, 0, 0
384800, 17146, 1, 0, 0
384900, 14771, 1, 0, 0
385000, 13677, 1, 0, 0
385100, 17485, 1, 0, 0
385200, 20224, 1, 0, 0
385301, 15694, 1, 0, 0
385401, 15545, 1, 0, 0
385501, 18359, 1, 0, 0
385601, 18539, 1, 0, 0
385700, 15374, 1, 0, 0
385800, 14732, 1, 0, 0
385900, 16261, 1, 0, 0
386001, 15977, 1, 0, 0
386100, 18086, 1, 0, 0
386200, 14851, 1, 0, 0
386300, 13325, 1, 0, 0
386400, 14060, 1, 0, 0
386500, 17224, 1, 0, 0
386600, 16957, 1, 0, 0
386700, 16513, 1, 0, 0
386800, 19281, 1, 0, 0
386900, 18012, 1, 0, 0
387000, 17344, 1, 0, 0
387100, 15347, 1, 0, 0
387200, 21594, 1, 0, 0
387301, 19698, 1, 0, 0
387401, 18455, 1, 0, 0
387500, 14793, 1, 0, 0
387601, 12959, 1, 0, 0
387700, 15550, 1, 0, 0
387800, 15078, 1, 0, 0
387900, 14644, 1, 0, 0
388000, 16803, 1, 0, 0
388101, 15635, 1, 0, 0
388200, 16923, 1, 0, 0
388300, 16587, 1, 0, 0
388400, 16273, 1, 0, 0
388500, 17520, 1, 0, 0
388600, 16068, 1, 0, 0
388700, 15587, 1, 0, 0
388800, 14036, 1, 0, 0
388900, 13508, 1, 0, 0
389000, 15595, 1, 0, 0
389100, 16578, 1, 0, 0
389201, 15385, 1, 0, 0
389300, 15472, 1, 0, 0
389400, 17708, 1, 0, 0
389500, 14345, 1, 0, 0
389600, 16145, 1, 0, 0
389700, 18706, 1, 0, 0
389800, 16168, 1, 0, 0
389900, 19811, 1, 0, 0
390000, 16016, 1, 0, 0
390100, 13591, 1, 0, 0
390200, 13804, 1, 0, 0
390300, 18420, 1, 0, 0
390400, 16410, 1, 0, 0
390500, 15844, 1, 0, 0
390600, 13550, 1, 0, 0
390700, 13964, 1, 0, 0
390800, 15276, 1, 0, 0
390900, 16910, 1, 0, 0
391000, 15534, 1, 0, 0
391100, 15965, 1, 0, 0
391200, 14955, 1, 0, 0
391300, 15564, 1, 0, 0
391400, 16384, 1, 0, 0
391500, 15748, 1, 0, 0
391600, 16254, 1, 0, 0
391700, 17819, 1, 0, 0
391800, 16691, 1, 0, 0
391900, 13176, 1, 0, 0
392000, 15510, 1, 0, 0
392100, 16374, 1, 0, 0
392200, 15478, 1, 0, 0
392301, 16244, 1, 0, 0
392400, 15913, 1, 0, 0
392500, 15888, 1, 0, 0
392600, 14852, 1, 0, 0
392700, 12999, 1, 0, 0
392800, 17778, 1, 0, 0
392900, 18350, 1, 0, 0
393000, 15625, 1, 0, 0
393100, 12579, 1, 0, 0
393200, 15413, 1, 0, 0
393300, 15775, 1, 0, 0
393400, 19130, 1, 0, 0
393500, 15960, 1, 0, 0
393600, 16060, 1, 0, 0
393700, 16288, 1, 0, 0
393800, 16590, 1, 0, 0
393900, 17153, 1, 0, 0
394000, 16943, 1, 0, 0
394100, 13033, 1, 0, 0
394200, 14388, 1, 0, 0
394300, 14388, 1, 0, 0
394401, 15199, 1, 0, 0
394500, 14541, 1, 0, 0
394600, 14933, 1, 0, 0
394700, 15295, 1, 0, 0
394800, 14964, 1, 0, 0
394900, 15104, 1, 0, 0
395000, 13923, 1, 0, 0
395100, 20945, 1, 0, 0
395200, 16267, 1, 0, 0
395300, 13974, 1, 0, 0
395400, 16493, 1, 0, 0
395500, 17451, 1, 0, 0
395600, 20098, 1, 0, 0
395701, 16702, 1, 0, 0
395800, 15431, 1, 0, 0
395900, 14256, 1, 0, 0
396000, 15568, 1, 0, 0
396100, 18281, 1, 0, 0
396200, 18913, 1, 0, 0
396300, 16018, 1, 0, 0
396400, 17793, 1, 0, 0
396500, 14385, 1, 0, 0
396600, 15107, 1, 0, 0
396700, 19139, 1, 0, 0
396801, 15267, 1, 0, 0
396900, 20497, 1, 0, 0
397001, 15537, 1, 0, 0
397100, 13817, 1, 0, 0
397200, 16723, 1, 0, 0
397300, 15179, 1, 0, 0
397400, 15569, 1, 0, 0
397500, 14848, 1, 0, 0
397601, 14176, 1, 0, 0
397700, 13631, 1, 0, 0
397800, 17056, 1, 0, 0
397900, 19677, 1, 0, 0
398001, 15240, 1, 0, 0
398100, 18775, 1, 0, 0
398200, 15008, 1, 0, 0
398300, 15308, 1, 0, 0
398400, 18483, 1, 0, 0
398500, 18605, 1, 0, 0
398600, 15674, 1, 0, 0
398700, 16520, 1, 0, 0
398800, 14218, 1, 0, 0
398900, 15071, 1, 0, 0
399000, 15599, 1, 0, 0
399101, 14761, 1, 0, 0
399200, 13830, 1, 0, 0
399300, 18263, 1, 0, 0
399400, 15407, 1, 0, 0
399500, 16059, 1, 0, 0
399600, 16746, 1, 0, 0
399700, 16561, 1, 0, 0
399801, 14710, 1, 0, 0
399900, 18269, 1, 0, 0
400000, 16037, 1, 0, 0
400100, 14043, 1, 0, 0
400200, 20058, 1, 0, 0
400301, 15545, 1, 0, 0
400400, 17500, 1, 0, 0
400500, 19025, 1, 0, 0
400600, 17807, 1, 0, 0
400700, 14340, 1, 0, 0
400801, 16145, 1, 0, 0
400900, 16475, 1, 0, 0
401000, 14705, 1, 0, 0
401100, 15686, 1, 0, 0
401200, 20095, 1, 0, 0
401300, 18043, 1, 0, 0
401400, 15282, 1, 0, 0
401500, 15243, 1, 0, 0
401600, 17415, 1, 0, 0
401700, 15711, 1, 0, 0
401800, 18461, 1, 0, 0
401900, 15722, 1, 0, 0
402001, 14251, 1, 0, 0
402100, 17481, 1, 0, 0
402200, 15921, 1, 0, 0
402300, 19674, 1, 0, 0
402400, 16872, 1, 0, 0
402500, 16906, 1, 0, 0
402601, 16709, 1, 0, 0
402701, 16683, 1, 0, 0
402800, 15634, 1, 0, 0
402900, 14942, 1, 0, 0
403000, 14456, 1, 0, 0
403100, 18400, 1, 0, 0
403200, 16474, 1, 0, 0
403300, 15901, 1, 0, 0
403400, 16696, 1, 0, 0
403501, 18646, 1, 0, 0
403600, 15873, 1, 0, 0
403700, 16556, 1, 0, 0
403801, 16074, 1, 0, 0
403900, 15655, 1, 0, 0
404000, 13660, 1, 0, 0
404100, 15997, 1, 0, 0
404200, 13508, 1, 0, 0
404300, 15109, 1, 0, 0
404400, 14604, 1, 0, 0
404500, 17026, 1, 0, 0
404600, 16035, 1, 0, 0
404700, 14126, 1, 0, 0
404800, 14788, 1, 0, 0
404900, 16665, 1, 0, 0
405000, 16898, 1, 0, 0
405100, 15664, 1, 0, 0
405200, 14798, 1, 0, 0
405300, 17020, 1, 0, 0
405400, 13797, 1, 0, 0
405500, 17155, 1, 0, 0
405600, 17733, 1, 0, 0
405700, 16559, 1, 0, 0
405800, 17705, 1, 0, 0
405900, 14553, 1, 0, 0
406001, 14718, 1, 0, 0
406100, 17391, 1, 0, 0
406201, 14736, 1, 0, 0
406300, 18836, 1, 0, 0
406400, 19228, 1, 0, 0
406500, 15756, 1, 0, 0
406600, 16004, 1, 0, 0
406700, 16749, 1, 0, 0
406802, 15405, 1, 0, 0
406900, 16915, 1, 0, 0
407001, 19599, 1, 0, 0
407101, 13871, 1, 0, 0
407200, 15141, 1, 0, 0
407300, 13798, 1, 0, 0
407400, 15087, 1, 0, 0
407501, 17165, 1, 0, 0
407600, 17044, 1, 0, 0
407700, 15426, 1, 0, 0
407800, 18654, 1, 0, 0
407901, 17381, 1, 0, 0
408000, 14598, 1, 0, 0
408100, 15615, 1, 0, 0
408200, 19661, 1, 0, 0
408300, 16745, 1, 0, 0
408400, 15747, 1, 0, 0
408500, 14182, 1, 0, 0
408600, 13413, 1, 0, 0
408700, 15346, 1, 0, 0
408800, 17123, 1, 0, 0
408901, 18435, 1, 0, 0
409000, 16414, 1, 0, 0
409100, 16782, 1, 0, 0
409200, 16350, 1, 0, 0
409300, 13472, 1, 0, 0
409400, 13914, 1, 0, 0
409500, 19344, 1, 0, 0
409600, 16586, 1, 0, 0
409700, 16329, 1, 0, 0
409800, 13207, 1, 0, 0
409900, 14675, 1, 0, 0
410000, 17599, 1, 0, 0
410100, 17264, 1, 0, 0
410200, 19931, 1, 0, 0
410300, 21043, 1, 0, 0
410400, 14007, 1, 0, 0
410500, 19605, 1, 0, 0
410601, 20633, 1, 0, 0
410700, 15987, 1, 0, 0
410800, 15032, 1, 0, 0
410900, 16773, 1, 0, 0
411000, 16894, 1, 0, 0
411101, 16245, 1, 0, 0
411200, 19706, 1, 0, 0
411300, 19256, 1, 0, 0
411401, 16323, 1, 0, 0
411500, 15639, 1, 0, 0
411600, 14251, 1, 0, 0
411700, 14286, 1, 0, 0
411800, 15458, 1, 0, 0
411900, 16934, 1, 0, 0
412000, 17441, 1, 0, 0
412100, 16042, 1, 0, 0
412200, 18247, 1, 0, 0
412300, 17072, 1, 0, 0
412400, 19260, 1, 0, 0
412500, 19082, 1, 0, 0
412601, 15623, 1, 0, 0
412700, 16314, 1, 0, 0
412800, 18498, 1, 0, 0
412900, 13874, 1, 0, 0
413000, 14737, 1, 0, 0
413100, 15597, 1, 0, 0
413200, 15200, 1, 0, 0
413301, 16061, 1, 0, 0
413400, 17392, 1, 0, 0
413500, 16776, 1, 0, 0
413600, 13725, 1, 0, 0
413700, 13902, 1, 0, 0
413800, 13938, 1, 0, 0
413900, 13782, 1, 0, 0
414000, 19046, 1, 0, 0
414100, 14799, 1, 0, 0
414200, 14500, 1, 0, 0
414300, 14853, 1, 0, 0
414400, 15458, 1, 0, 0
414500, 16182, 1, 0, 0
414600, 19032, 1, 0, 0
414700, 15472, 1, 0, 0
414800, 13861, 1, 0, 0
414900, 17364, 1, 0, 0
415000, 13386, 1, 0, 0
415100, 16514, 1, 0, 0
415200, 16002, 1, 0, 0
415300, 15957, 1, 0, 0
415400, 17609, 1, 0, 0
415500, 18084, 1, 0, 0
415601, 18567, 1, 0, 0
415700, 17977, 1, 0, 0
415800, 15769, 1, 0, 0
415900, 17593, 1, 0, 0
416001, 14919, 1, 0, 0
416100, 16321, 1, 0, 0
416201, 13878, 1, 0, 0
416300, 16391, 1, 0, 0
416400, 13553, 1, 0, 0
416500, 15606, 1, 0, 0
416600, 17111, 1, 0, 0
416700, 15785, 1, 0, 0
416800, 17620, 1, 0, 0
416900, 18052, 1, 0, 0
417000, 18747, 1, 0, 0
417100, 16281, 1, 0, 0
417200, 13504, 1, 0, 0
417300, 15262, 1, 0, 0
417400, 13581, 1, 0, 0
417500, 17677, 1, 0, 0
417600, 13766, 1, 0, 0
417700, 16662, 1, 0, 0
417800, 17272, 1, 0, 0
417900, 16834, 1, 0, 0
418000, 17841, 1, 0, 0
418100, 15594, 1, 0, 0
418200, 14312, 1, 0, 0
418300, 13682, 1, 0, 0
418400, 18373, 1, 0, 0
418500, 18978, 1, 0, 0
418600, 14887, 1, 0, 0
418700, 16517, 1, 0, 0
418800, 15618, 1, 0, 0
418900, 15281, 1, 0, 0
419000, 14668, 1, 0, 0
419100, 16669, 1, 0, 0
419200, 15370, 1, 0, 0
419300, 15074, 1, 0, 0
419400, 17719, 1, 0, 0
419500, 14391, 1, 0, 0
419600, 15155, 1, 0, 0
419700, 17034, 1, 0, 0
419800, 18124, 1, 0, 0
419900, 13792, 1, 0, 0
420000, 15314, 1, 0, 0
420100, 14898, 1, 0, 0
420200, 14495, 1, 0, 0
420300, 16131, 1, 0, 0
420400, 14184, 1, 0, 0
420500, 16949, 1, 0, 0
420600, 17594, 1, 0, 0
420700, 17443, 1, 0, 0
420800, 14107, 1, 0, 0
420900, 16514, 1, 0, 0
421000, 13403, 1, 0, 0
421100, 13636, 1, 0, 0
421200, 15423, 1, 0, 0
421301, 16464, 1, 0, 0
421401, 15100, 1, 0, 0
421500, 15989, 1, 0, 0
421600, 18711, 1, 0, 0
421700, 19609, 1, 0, 0
421800, 16333, 1, 0, 0
421900, 13884, 1, 0, 0
422000, 16017, 1, 0, 0
422100, 15355, 1, 0, 0
422200, 13541, 1, 0, 0
422300, 15200, 1, 0, 0
422400, 16176, 1, 0, 0
422500, 16941, 1, 0, 0
422600, 15085, 1, 0, 0
422700, 16544, 1, 0, 0
422800, 15549, 1, 0, 0
422900, 15615, 1, 0, 0
423000, 18462, 1, 0, 0
423100, 14040, 1, 0, 0
423200, 16093, 1, 0, 0
423300, 14483, 1, 0, 0
423401, 16657, 1, 0, 0
423500, 13050, 1, 0, 0
423600, 14595, 1, 0, 0
423700, 16896, 1, 0, 0
423800, 14969, 1, 0, 0
423900, 16285, 1, 0, 0
424000, 15776, 1, 0, 0
424100, 14247, 1, 0, 0
424200, 14803, 1, 0, 0
424300, 15779, 1, 0, 0
424400, 13671, 1, 0, 0
424500, 15552, 1, 0, 0
424601, 15493, 1, 0, 0
424701, 15792, 1, 0, 0
424800, 15308, 1, 0, 0
424900, 14307, 1, 0, 0
425000, 13635, 1, 0, 0
425100, 16154, 1, 0, 0
425200, 19606, 1, 0, 0
425300, 14582, 1, 0, 0
425400, 15554, 1, 0, 0
425500, 16617, 1, 0, 0
425600, 19475, 1, 0, 0
425701, 17487, 1, 0, 0
425800, 16300, 1, 0, 0
425900, 14944, 1, 0, 0
426001, 15120, 1, 0, 0
426100, 19524, 1, 0, 0
426200, 14184, 1, 0, 0
426300, 15777, 1, 0, 0
426400, 14160, 1, 0, 0
426500, 13380, 1, 0, 0
426600, 14379, 1, 0, 0
426700, 17214, 1, 0, 0
426800, 20664, 1, 0, 0
426900, 14106, 1, 0, 0
427000, 13499, 1, 0, 0
427100, 15819, 1, 0, 0
427200, 15767, 1, 0, 0
427300, 17592, 1, 0, 0
427400, 13457, 1, 0, 0
427500, 13374, 1, 0, 0
427600, 16669, 1, 0, 0
427700, 13482, 1, 0, 0
427801, 19156, 1, 0, 0
427900, 18868, 1, 0, 0
428000, 16311, 1, 0, 0
428100, 18737, 1, 0, 0
428201, 14747, 1, 0, 0
428300, 16234, 1, 0, 0
428400, 16496, 1, 0, 0
428500, 17139, 1, 0, 0
428600, 18000, 1, 0, 0
428700, 17013, 1, 0, 0
428800, 15760, 1, 0, 0
428900, 14688, 1, 0, 0
429000, 13416, 1, 0, 0
429100, 14091, 1, 0, 0
429200, 13612, 1, 0, 0
429300, 16215, 1, 0, 0
429400, 17871, 1, 0, 0
429500, 16580, 1, 0, 0
429600, 16155, 1, 0, 0
429700, 17244, 1, 0, 0
429800, 16893, 1, 0, 0
429900, 14039, 1, 0, 0
430000, 18978, 1, 0, 0
430100, 15329, 1, 0, 0
430200, 14247, 1, 0, 0
430300, 15962, 1, 0, 0
430400, 17086, 1, 0, 0
430500, 14087, 1, 0, 0
430600, 14269, 1, 0, 0
430700, 15136, 1, 0, 0
430800, 18141, 1, 0, 0
430900, 14899, 1, 0, 0
431000, 16639, 1, 0, 0
431100, 13644, 1, 0, 0
431200, 15297, 1, 0, 0
431300, 18071, 1, 0, 0
431400, 16846, 1, 0, 0
431500, 19477, 1, 0, 0
431600, 15667, 1, 0, 0
431700, 17787, 1, 0, 0
431800, 16993, 1, 0, 0
431900, 13933, 1, 0, 0
432000, 20565, 1, 0, 0
432100, 17395, 1, 0, 0
432200, 18796, 1, 0, 0
432300, 15618, 1, 0, 0
432400, 13921, 1, 0, 0
432500, 20455, 1, 0, 0
432600, 17061, 1, 0, 0
432700, 14219, 1, 0, 0
432800, 14304, 1, 0, 0
432900, 13805, 1, 0, 0
433001, 19076, 1, 0, 0
433100, 15049, 1, 0, 0
433200, 15360, 1, 0, 0
433300, 19077, 1, 0, 0
433400, 16727, 1, 0, 0
433500, 17876, 1, 0, 0
433600, 19735, 1, 0, 0
433701, 15265, 1, 0, 0
433800, 14950, 1, 0, 0
433900, 19156, 1, 0, 0
434000, 14272, 1, 0, 0
434100, 17225, 1, 0, 0
434201, 14077, 1, 0, 0
434300, 16191, 1, 0, 0
434400, 19014, 1, 0, 0
434501, 14689, 1, 0, 0
434600, 15180, 1, 0, 0
434700, 14582, 1, 0, 0
434801, 16724, 1, 0, 0
434900, 17600, 1, 0, 0
435000, 19001, 1, 0, 0
435100, 14280, 1, 0, 0
435200, 18000, 1, 0, 0
435300, 21785, 1, 0, 0
435400, 18344, 1, 0, 0
435500, 14555, 1, 0, 0
435600, 13300, 1, 0, 0
435700, 15997, 1, 0, 0
435800, 14527, 1, 0, 0
435900, 13466, 1, 0, 0
436000, 17098, 1, 0, 0
436100, 17581, 1, 0, 0
436200, 13511, 1, 0, 0
436300, 14202, 1, 0, 0
436400, 14575, 1, 0, 0
436500, 18613, 1, 0, 0
436600, 16291, 1, 0, 0
436700, 16238, 1, 0, 0
436801, 15991, 1, 0, 0
436900, 17710, 1, 0, 0
437000, 18916, 1, 0, 0
437100, 16001, 1, 0, 0
437200, 14133, 1, 0, 0
437300, 14073, 1, 0, 0
437400, 14579, 1, 0, 0
437500, 15565, 1, 0, 0
437600, 18281, 1, 0, 0
437700, 20878, 1, 0, 0
437800, 14371, 1, 0, 0
437901, 13724, 1, 0, 0
438000, 17004, 1, 0, 0
438100, 13448, 1, 0, 0
438200, 15611, 1, 0, 0
438300, 16717, 1, 0, 0
438400, 18847, 1, 0, 0
438500, 15724, 1, 0, 0
438600, 20913, 1, 0, 0
438700, 17882, 1, 0, 0
438800, 14642, 1, 0, 0
438900, 17012, 1, 0, 0
439000, 15232, 1, 0, 0
439100, 16184, 1, 0, 0
439200, 15318, 1, 0, 0
439301, 14284, 1, 0, 0
439400, 14607, 1, 0, 0
439500, 13529, 1, 0, 0
439601, 15351, 1, 0, 0
439700, 17831, 1, 0, 0
439800, 14998, 1, 0, 0
439900, 14936, 1, 0, 0
440000, 14062, 1, 0, 0
440100, 16185, 1, 0, 0
440200, 20232, 1, 0, 0
440300, 16100, 1, 0, 0
440400, 16044, 1, 0, 0
440500, 16075, 1, 0, 0
440600, 15300, 1, 0, 0
440700, 13871, 1, 0, 0
440802, 16393, 1, 0, 0
440900, 18604, 1, 0, 0
441000, 14001, 1, 0, 0
441101, 16855, 1, 0, 0
441200, 17243, 1, 0, 0
441300, 15587, 1, 0, 0
441400, 14677, 1, 0, 0
441500, 16104, 1, 0, 0
441600, 18395, 1, 0, 0
441700, 19258, 1, 0, 0
441800, 19848, 1, 0, 0
441900, 19667, 1, 0, 0
442000, 19633, 1, 0, 0
442100, 17428, 1, 0, 0
442200, 14766, 1, 0, 0
442300, 12359, 1, 0, 0
442400, 17085, 1, 0, 0
442501, 17869, 1, 0, 0
442600, 13541, 1, 0, 0
442700, 14831, 1, 0, 0
442800, 16588, 1, 0, 0
442900, 17122, 1, 0, 0
443000, 14920, 1, 0, 0
443100, 13856, 1, 0, 0
443200, 14383, 1, 0, 0
443300, 17574, 1, 0, 0
443400, 14010, 1, 0, 0
443500, 15782, 1, 0, 0
443600, 14118, 1, 0, 0
443700, 13901, 1, 0, 0
443800, 15412, 1, 0, 0
443900, 19625, 1, 0, 0
444000, 14099, 1, 0, 0
444100, 17587, 1, 0, 0
444200, 15520, 1, 0, 0
444300, 17576, 1, 0, 0
444400, 17881, 1, 0, 0
444500, 16923, 1, 0, 0
444600, 16617, 1, 0, 0
444700, 13427, 1, 0, 0
444800, 13405, 1, 0, 0
444900, 15960, 1, 0, 0
445000, 17311, 1, 0, 0
445100, 15959, 1, 0, 0
445200, 20926, 1, 0, 0
445300, 15693, 1, 0, 0
445401, 16009, 1, 0, 0
445500, 13527, 1, 0, 0
445600, 17538, 1, 0, 0
445700, 17245, 1, 0, 0
445800, 14303, 1, 0, 0
445900, 15173, 1, 0, 0
446000, 15906, 1, 0, 0
446100, 14571, 1, 0, 0
446200, 15754, 1, 0, 0
446300, 16519, 1, 0, 0
446400, 15868, 1, 0, 0
446500, 14845, 1, 0, 0
446600, 13163, 1, 0, 0
446700, 14759, 1, 0, 0
446800, 17745, 1, 0, 0
446901, 15092, 1, 0, 0
447001, 14772, 1, 0, 0
447100, 15106, 1, 0, 0
447200, 16170, 1, 0, 0
447300, 19005, 1, 0, 0
447400, 14482, 1, 0, 0
447500, 15930, 1, 0, 0
447600, 16713, 1, 0, 0
447701, 17712, 1, 0, 0
447800, 18139, 1, 0, 0
447900, 19685, 1, 0, 0
448000, 18565, 1, 0, 0
448100, 17167, 1, 0, 0
448201, 15455, 1, 0, 0
448301, 20240, 1, 0, 0
448400, 18979, 1, 0, 0
448500, 17366, 1, 0, 0
448600, 18133, 1, 0, 0
448701, 18352, 1, 0, 0
448800, 17172, 1, 0, 0
448900, 18916, 1, 0, 0
449000, 18493, 1, 0, 0
449100, 15304, 1, 0, 0
449200, 19426, 1, 0, 0
449300, 20533, 1, 0, 0
449400, 15886, 1, 0, 0
449500, 16097, 1, 0, 0
449600, 14870, 1, 0, 0
449700, 16606, 1, 0, 0
449800, 13949, 1, 0, 0
449900, 15839, 1, 0, 0
450000, 16131, 1, 0, 0
450100, 16279, 1, 0, 0
450200, 16224, 1, 0, 0
450300, 12552, 1, 0, 0
450400, 14744, 1, 0, 0
450500, 15333, 1, 0, 0
450600, 15833, 1, 0, 0
450700, 18111, 1, 0, 0
450800, 17552, 1, 0, 0
450900, 14424, 1, 0, 0
451000, 14753, 1, 0, 0
451101, 15550, 1, 0, 0
451200, 13609, 1, 0, 0
451300, 16317, 1, 0, 0
451400, 17089, 1, 0, 0
451500, 15127, 1, 0, 0
451600, 15682, 1, 0, 0
451700, 18131, 1, 0, 0
451800, 14268, 1, 0, 0
451901, 14652, 1, 0, 0
452001, 20314, 1, 0, 0
452100, 20292, 1, 0, 0
452200, 15693, 1, 0, 0
452300, 18018, 1, 0, 0
452400, 14551, 1, 0, 0
452501, 14993, 1, 0, 0
452600, 17435, 1, 0, 0
452700, 14484, 1, 0, 0
452800, 18349, 1, 0, 0
452900, 17684, 1, 0, 0
453000, 15114, 1, 0, 0
453100, 13610, 1, 0, 0
453200, 15203, 1, 0, 0
453300, 18595, 1, 0, 0
453400, 14977, 1, 0, 0
453500, 16324, 1, 0, 0
453600, 18686, 1, 0, 0
453700, 15430, 1, 0, 0
453800, 17928, 1, 0, 0
453900, 17157, 1, 0, 0
454000, 15565, 1, 0, 0
454100, 14741, 1, 0, 0
454200, 19255, 1, 0, 0
454300, 14057, 1, 0, 0
454400, 14308, 1, 0, 0
454500, 13930, 1, 0, 0
454600, 14442, 1, 0, 0
454700, 15234, 1, 0, 0
454800, 15091, 1, 0, 0
454900, 16259, 1, 0, 0
455001, 15662, 1, 0, 0
455100, 17007, 1, 0, 0
455200, 13293, 1, 0, 0
455300, 15327, 1, 0, 0
455400, 17241, 1, 0, 0
455500, 14146, 1, 0, 0
455600, 16354, 1, 0, 0
455700, 14768, 1, 0, 0
455800, 15185, 1, 0, 0
455900, 17875, 1, 0, 0
456000, 19693, 1, 0, 0
456100, 13502, 1, 0, 0
456200, 16745, 1, 0, 0
456300, 15662, 1, 0, 0
456400, 15499, 1, 0, 0
456500, 17323, 1, 0, 0
456600, 19161, 1, 0, 0
456700, 17964, 1, 0, 0
456800, 17102, 1, 0, 0
456900, 14393, 1, 0, 0
457000, 16490, 1, 0, 0
457100, 19048, 1, 0, 0
457200, 19079, 1, 0, 0
457300, 14872, 1, 0, 0
457400, 17659, 1, 0, 0
457500, 16481, 1, 0, 0
457600, 15651, 1, 0, 0
457700, 19232, 1, 0, 0
457801, 15921, 1, 0, 0
457900, 18895, 1, 0, 0
458000, 17653, 1, 0, 0
458100, 13356, 1, 0, 0
458200, 16216, 1, 0, 0
458300, 15447, 1, 0, 0
458401, 14831, 1, 0, 0
458500, 13651, 1, 0, 0
458600, 14296, 1, 0, 0
458700, 12649, 1, 0, 0
458800, 15697, 1, 0, 0
458900, 20425, 1, 0, 0
459000, 13288, 1, 0, 0
459100, 17305, 1, 0, 0
459200, 20350, 1, 0, 0
459300, 16645, 1, 0, 0
459400, 15468, 1, 0, 0
459500, 15351, 1, 0, 0
459600, 15416, 1, 0, 0
459700, 15442, 1, 0, 0
459800, 17912, 1, 0, 0
459900, 14182, 1, 0, 0
460000, 13951, 1, 0, 0
460100, 19752, 1, 0, 0
460200, 13858, 1, 0, 0
460300, 14864, 1, 0, 0
460400, 15807, 1, 0, 0
460500, 14215, 1, 0, 0
460600, 14407, 1, 0, 0
460700, 18687, 1, 0, 0
460800, 12876, 1, 0, 0
460900, 17210, 1, 0, 0
461000, 16235, 1, 0, 0
461100, 19841, 1, 0, 0
461200, 14298, 1, 0, 0
461300, 14479, 1, 0, 0
461400, 13838, 1, 0, 0
461500, 16197, 1, 0, 0
461600, 15532, 1, 0, 0
461700, 16938, 1, 0, 0
461800, 17470, 1, 0, 0
461900, 17224, 1, 0, 0
462000, 16509, 1, 0, 0
462101, 18190, 1, 0, 0
462200, 14741, 1, 0, 0
462300, 19591, 1, 0, 0
462400, 14400, 1, 0, 0
462500, 16843, 1, 0, 0
462600, 17677, 1, 0, 0
462700, 18246, 1, 0, 0
462801, 18098, 1, 0, 0
462900, 16913, 1, 0, 0
463000, 16543, 1, 0, 0
463100, 15605, 1, 0, 0
463200, 18205, 1, 0, 0
463302, 15459, 1, 0, 0
463401, 18552, 1, 0, 0
463500, 20024, 1, 0, 0
463600, 16073, 1, 0, 0
463700, 16579, 1, 0, 0
463800, 15002, 1, 0, 0
463900, 14980, 1, 0, 0
464000, 19098, 1, 0, 0
464100, 16440, 1, 0, 0
464200, 15082, 1, 0, 0
464300, 15839, 1, 0, 0
464400, 15487, 1, 0, 0
464500, 15292, 1, 0, 0
464600, 15751, 1, 0, 0
464700, 13490, 1, 0, 0
464800, 13528, 1, 0, 0
464901, 14183, 1, 0, 0
465000, 13826, 1, 0, 0
465100, 17094, 1, 0, 0
465200, 18830, 1, 0, 0
465300, 16581, 1, 0, 0
465400, 16477, 1, 0, 0
465500, 17581, 1, 0, 0
465600, 15982, 1, 0, 0
465700, 17131, 1, 0, 0
465800, 17054, 1, 0, 0
465900, 15045, 1, 0, 0
466000, 14857, 1, 0, 0
466100, 16555, 1, 0, 0
466202, 13538, 1, 0, 0
466300, 16824, 1, 0, 0
466401, 17523, 1, 0, 0
466500, 18627, 1, 0, 0
466600, 16652, 1, 0, 0
466700, 16357, 1, 0, 0
466800, 13317, 1, 0, 0
466900, 13230, 1, 0, 0
467000, 16209, 1, 0, 0
467100, 16065, 1, 0, 0
467200, 14354, 1, 0, 0
467300, 16190, 1, 0, 0
467400, 14474, 1, 0, 0
467500, 16482, 1, 0, 0
467600, 20289, 1, 0, 0
467700, 15465, 1, 0, 0
467800, 17239, 1, 0, 0
467900, 14271, 1, 0, 0
468000, 16992, 1, 0, 0
468101, 15980, 1, 0, 0
468200, 16249, 1, 0, 0
468300, 15338, 1, 0, 0
468400, 18032, 1, 0, 0
468500, 18461, 1, 0, 0
468600, 14343, 1, 0, 0
468702, 13095, 1, 0, 0
468800, 12810, 1, 0, 0
468901, 15201, 1, 0, 0
469000, 15871, 1, 0, 0
469100, 12802, 1, 0, 0
469200, 17326, 1, 0, 0
469301, 13067, 1, 0, 0
469400, 14897, 1, 0, 0
469501, 19129, 1, 0, 0
469600, 18159, 1, 0, 0
469700, 17602, 1, 0, 0
469800, 18345, 1, 0, 0
469900, 16533, 1, 0, 0
470001, 13693, 1, 0, 0
470100, 14841, 1, 0, 0
470200, 15057, 1, 0, 0
470300, 18881, 1, 0, 0
470400, 15146, 1, 0, 0
470500, 15657, 1, 0, 0
470600, 14483, 1, 0, 0
470700, 19114, 1, 0, 0
470800, 20425, 1, 0, 0
470900, 13884, 1, 0, 0
471000, 13695, 1, 0, 0
471100, 14222, 1, 0, 0
471200, 15863, 1, 0, 0
471300, 16792, 1, 0, 0
471400, 14274, 1, 0, 0
471500, 17704, 1, 0, 0
471600, 16584, 1, 0, 0
471700, 15274, 1, 0, 0
471800, 18256, 1, 0, 0
471900, 16017, 1, 0, 0
472000, 20462, 1, 0, 0
472100, 19458, 1, 0, 0
472200, 17062, 1, 0, 0
472300, 14112, 1, 0, 0
472400, 14125, 1, 0, 0
472500, 19391, 1, 0, 0
472600, 14862, 1, 0, 0
472701, 13384, 1, 0, 0
472800, 15183, 1, 0, 0
472902, 15577, 1, 0, 0
473000, 17209, 1, 0, 0
473100, 17260, 1, 0, 0
473200, 15977, 1, 0, 0
473300, 14412, 1, 0, 0
473400, 15882, 1, 0, 0
473500, 17527, 1, 0, 0
473600, 18160, 1, 0, 0
473700, 16134, 1, 0, 0
473800, 15023, 1, 0, 0
473900, 16386, 1, 0, 0
474000, 17210, 1, 0, 0
474100, 14796, 1, 0, 0
474200, 14853, 1, 0, 0
474300, 14258, 1, 0, 0
474400, 17545, 1, 0, 0
474500, 16800, 1, 0, 0
474600, 15792, 1, 0, 0
474700, 15629, 1, 0, 0
474800, 14733, 1, 0, 0
474900, 15159, 1, 0, 0
475000, 15486, 1, 0, 0
475100, 14375, 1, 0, 0
475200, 19211, 1, 0, 0
475300, 16458, 1, 0, 0
475400, 13639, 1, 0, 0
475500, 16264, 1, 0, 0
475600, 15775, 1, 0, 0
475700, 17839, 1, 0, 0
475800, 15561, 1, 0, 0
475900, 16791, 1, 0, 0
476000, 17080, 1, 0, 0
476100, 14791, 1, 0, 0
476200, 17125, 1, 0, 0
476302, 13277, 1, 0, 0
476400, 13478, 1, 0, 0
476501, 16234, 1, 0, 0
476600, 14158, 1, 0, 0
476700, 19019, 1, 0, 0
476800, 17186, 1, 0, 0
476900, 15629, 1, 0, 0
477000, 16651, 1, 0, 0
477100, 17757, 1, 0, 0
477200, 18891, 1, 0, 0
477300, 14805, 1, 0, 0
477400, 19836, 1, 0, 0
477500, 17856, 1, 0, 0
477600, 17601, 1, 0, 0
477700, 14473, 1, 0, 0
477800, 17848, 1, 0, 0
477900, 13697, 1, 0, 0
478000, 19299, 1, 0, 0
478100, 16197, 1, 0, 0
478200, 17187, 1, 0, 0
478301, 14267, 1, 0, 0
478400, 15876, 1, 0, 0
478500, 17693, 1, 0, 0
478600, 16432, 1, 0, 0
478700, 14001, 1, 0, 0
478800, 18035, 1, 0, 0
478900, 20143, 1, 0, 0
479000, 15433, 1, 0, 0
479100, 17389, 1, 0, 0
479200, 19943, 1, 0, 0
479300, 20227, 1, 0, 0
479400, 16312, 1, 0, 0
479500, 14879, 1, 0, 0
479600, 15407, 1, 0, 0
479700, 15215, 1, 0, 0
479800, 17403, 1, 0, 0
479900, 16139, 1, 0, 0
480001, 16784, 1, 0, 0
480100, 15150, 1, 0, 0
480200, 14138, 1, 0, 0
480300, 15236, 1, 0, 0
480400, 19202, 1, 0, 0
480500, 18512, 1, 0, 0
480600, 18787, 1, 0, 0
480700, 15188, 1, 0, 0
480800, 14161, 1, 0, 0
480900, 14511, 1, 0, 0
481000, 16747, 1, 0, 0
481100, 18949, 1, 0, 0
481200, 20792, 1, 0, 0
481300, 14853, 1, 0, 0
481401, 15765, 1, 0, 0
481500, 16811, 1, 0, 0
481600, 14295, 1, 0, 0
481700, 17198, 1, 0, 0
481800, 14446, 1, 0, 0
481900, 13873, 1, 0, 0
482000, 15908, 1, 0, 0
482100, 14154, 1, 0, 0
482200, 16349, 1, 0, 0
482300, 15727, 1, 0, 0
482400, 14020, 1, 0, 0
482500, 13681, 1, 0, 0
482600, 15125, 1, 0, 0
482700, 16543, 1, 0, 0
482800, 16969, 1, 0, 0
482900, 17901, 1, 0, 0
483000, 16916, 1, 0, 0
483100, 16193, 1, 0, 0
483200, 14733, 1, 0, 0
483300, 15012, 1, 0, 0
483400, 14056, 1, 0, 0
483500, 13264, 1, 0, 0
483600, 17416, 1, 0, 0
483700, 18721, 1, 0, 0
483801, 16780, 1, 0, 0
483900, 13960, 1, 0, 0
484000, 16828, 1, 0, 0
484100, 18867, 1, 0, 0
484200, 18542, 1, 0, 0
484301, 15531, 1, 0, 0
484401, 17329, 1, 0, 0
484500, 14963, 1, 0, 0
484600, 16710, 1, 0, 0
484700, 19861, 1, 0, 0
484800, 14885, 1, 0, 0
484900, 15657, 1, 0, 0
485000, 17226, 1, 0, 0
485100, 13846, 1, 0, 0
485200, 13822, 1, 0, 0
485300, 17912, 1, 0, 0
485400, 16444, 1, 0, 0
485502, 15282, 1, 0, 0
485600, 17334, 1, 0, 0
485700, 13384, 1, 0, 0
485800, 14996, 1, 0, 0
485900, 16605, 1, 0, 0
486000, 14411, 1, 0, 0
486100, 13584, 1, 0, 0
486200, 14837, 1, 0, 0
486300, 17101, 1, 0, 0
486400, 13648, 1, 0, 0
486500, 13462, 1, 0, 0
486600, 13022, 1, 0, 0
486700, 13814, 1, 0, 0
486800, 14635, 1, 0, 0
486900, 15264, 1, 0, 0
487001, 14025, 1, 0, 0
487100, 12447, 1, 0, 0
487200, 18113, 1, 0, 0
487301, 17359, 1, 0, 0
487401, 15229, 1, 0, 0
487500, 16379, 1, 0, 0
487601, 19834, 1, 0, 0
487700, 13436, 1, 0, 0
487800, 16734, 1, 0, 0
487900, 13153, 1, 0, 0
488000, 15933, 1, 0, 0
488100, 14651, 1, 0, 0
488200, 15929, 1, 0, 0
488300, 15426, 1, 0, 0
488400, 15893, 1, 0, 0
488500, 17394, 1, 0, 0
488600, 13638, 1, 0, 0
488700, 13885, 1, 0, 0
488800, 15679, 1, 0, 0
488900, 18909, 1, 0, 0
489000, 18988, 1, 0, 0
489100, 17654, 1, 0, 0
489200, 14605, 1, 0, 0
489300, 14002, 1, 0, 0
489400, 18008, 1, 0, 0
489500, 16119, 1, 0, 0
489600, 15887, 1, 0, 0
489700, 20377, 1, 0, 0
489800, 17365, 1, 0, 0
489901, 14339, 1, 0, 0
490000, 13542, 1, 0, 0
490100, 16498, 1, 0, 0
490200, 15787, 1, 0, 0
490300, 18190, 1, 0, 0
490400, 15844, 1, 0, 0
490500, 16997, 1, 0, 0
490600, 15747, 1, 0, 0
490700, 14335, 1, 0, 0
490800, 17331, 1, 0, 0
490900, 19716, 1, 0, 0
491000, 19891, 1, 0, 0
491100, 17023, 1, 0, 0
491200, 16819, 1, 0, 0
491300, 14125, 1, 0, 0
491401, 19272, 1, 0, 0
491500, 16188, 1, 0, 0
491601, 14393, 1, 0, 0
491700, 16907, 1, 0, 0
491800, 14833, 1, 0, 0
491900, 18629, 1, 0, 0
492000, 14024, 1, 0, 0
492100, 16751, 1, 0, 0
492200, 15287, 1, 0, 0
492301, 14351, 1, 0, 0
492400, 12404, 1, 0, 0
492500, 12629, 1, 0, 0
492600, 16983, 1, 0, 0
492700, 15509, 1, 0, 0
492800, 17168, 1, 0, 0
492900, 15050, 1, 0, 0
493000, 14736, 1, 0, 0
493100, 13679, 1, 0, 0
493200, 16627, 1, 0, 0
493300, 16526, 1, 0, 0
493400, 15255, 1, 0, 0
493500, 13034, 1, 0, 0
493600, 15428, 1, 0, 0
493700, 19562, 1, 0, 0
493800, 18059, 1, 0, 0
493901, 20091, 1, 0, 0
494000, 20827, 1, 0, 0
494100, 16341, 1, 0, 0
494200, 18659, 1, 0, 0
494300, 15401, 1, 0, 0
494400, 14809, 1, 0, 0
494500, 15597, 1, 0, 0
494600, 15871, 1, 0, 0
494700, 14883, 1, 0, 0
494800, 19707, 1, 0, 0
494900, 14133, 1, 0, 0
495001, 14346, 1, 0, 0
495100, 15967, 1, 0, 0
495200, 20153, 1, 0, 0
495301, 13917, 1, 0, 0
495400, 17775, 1, 0, 0
495500, 14168, 1, 0, 0
495601, 15257, 1, 0, 0
495700, 18637, 1, 0, 0
495800, 18924, 1, 0, 0
495900, 14762, 1, 0, 0
496000, 15429, 1, 0, 0
496100, 13720, 1, 0, 0
496200, 13130, 1, 0, 0
496300, 18260, 1, 0, 0
496400, 21865, 1, 0, 0
496500, 17638, 1, 0, 0
496600, 17357, 1, 0, 0
496700, 16611, 1, 0, 0
496800, 15710, 1, 0, 0
496900, 19302, 1, 0, 0
497001, 18122, 1, 0, 0
497100, 16607, 1, 0, 0
497200, 13453, 1, 0, 0
497300, 14162, 1, 0, 0
497400, 15560, 1, 0, 0
497500, 15314, 1, 0, 0
497600, 14870, 1, 0, 0
497700, 13642, 1, 0, 0
497800, 17555, 1, 0, 0
497900, 17329, 1, 0, 0
498000, 13767, 1, 0, 0
498100, 13967, 1, 0, 0
498200, 16638, 1, 0, 0
498300, 17131, 1, 0, 0
498401, 17462, 1, 0, 0
498500, 16704, 1, 0, 0
498600, 15266, 1, 0, 0
498700, 18368, 1, 0, 0
498801, 14807, 1, 0, 0
498900, 19470, 1, 0, 0
499000, 15167, 1, 0, 0
499100, 15257, 1, 0, 0
499200, 14380, 1, 0, 0
499300, 16705, 1, 0, 0
499400, 17773, 1, 0, 0
499500, 20801, 1, 0, 0
499601, 17596, 1, 0, 0
499700, 18005, 1, 0, 0
499800, 20247, 1, 0, 0
499900, 15312, 1, 0, 0
500000, 17898, 1, 0, 0
500100, 14895, 1, 0, 0
500200, 17078, 1, 0, 0
500300, 20827, 1, 0, 0
500400, 17982, 1, 0, 0
500500, 20542, 1, 0, 0
500601, 13929, 1, 0, 0
500700, 13736, 1, 0, 0
500800, 14190, 1, 0, 0
500900, 16940, 1, 0, 0
501000, 16102, 1, 0, 0
501100, 14759, 1, 0, 0
501200, 18329, 1, 0, 0
501300, 18540, 1, 0, 0
501401, 17254, 1, 0, 0
501500, 14394, 1, 0, 0
501600, 14567, 1, 0, 0
501700, 15308, 1, 0, 0
501800, 15037, 1, 0, 0
501900, 16151, 1, 0, 0
502000, 18797, 1, 0, 0
502100, 15125, 1, 0, 0
502200, 16305, 1, 0, 0
502300, 16879, 1, 0, 0
502400, 16377, 1, 0, 0
502501, 14165, 1, 0, 0
502600, 15726, 1, 0, 0
502700, 14676, 1, 0, 0
502801, 16923, 1, 0, 0
502900, 17799, 1, 0, 0
503000, 16272, 1, 0, 0
503100, 15298, 1, 0, 0
503200, 17915, 1, 0, 0
503300, 17621, 1, 0, 0
503400, 16797, 1, 0, 0
503500, 13880, 1, 0, 0
503601, 16211, 1, 0, 0
503700, 17398, 1, 0, 0
503800, 15203, 1, 0, 0
503900, 13144, 1, 0, 0
504000, 14765, 1, 0, 0
504100, 14679, 1, 0, 0
504200, 18444, 1, 0, 0
504300, 17938, 1, 0, 0
504400, 18545, 1, 0, 0
504500, 15843, 1, 0, 0
504600, 14783, 1, 0, 0
504700, 15821, 1, 0, 0
504800, 14609, 1, 0, 0
504900, 15162, 1, 0, 0
505000, 16070, 1, 0, 0
505100, 18837, 1, 0, 0
505200, 17134, 1, 0, 0
505300, 14136, 1, 0, 0
505400, 14755, 1, 0, 0
505500, 21953, 1, 0, 0
505600, 15599, 1, 0, 0
505701, 18232, 1, 0, 0
505800, 14765, 1, 0, 0
505900, 14588, 1, 0, 0
506000, 16149, 1, 0, 0
506101, 17762, 1, 0, 0
506200, 14913, 1, 0, 0
506300, 18313, 1, 0, 0
506400, 15408, 1, 0, 0
506501, 17114, 1, 0, 0
506601, 16702, 1, 0, 0
506700, 16927, 1, 0, 0
506800, 15766, 1, 0, 0
506900, 14837, 1, 0, 0
507000, 17133, 1, 0, 0
507100, 18604, 1, 0, 0
507200, 14873, 1, 0, 0
507301, 16348, 1, 0, 0
507400, 15645, 1, 0, 0
507500, 15962, 1, 0, 0
507600, 14780, 1, 0, 0
507700, 16195, 1, 0, 0
507800, 13350, 1, 0, 0
507900, 14357, 1, 0, 0
508001, 15218, 1, 0, 0
508100, 15516, 1, 0, 0
508200, 15301, 1, 0, 0
508300, 14529, 1, 0, 0
508401, 15987, 1, 0, 0
508500, 15710, 1, 0, 0
508600, 13226, 1, 0, 0
508700, 14051, 1, 0, 0
508800, 15585, 1, 0, 0
508900, 16920, 1, 0, 0
509000, 16991, 1, 0, 0
509101, 15474, 1, 0, 0
509200, 19138, 1, 0, 0
509300, 15502, 1, 0, 0
509400, 18065, 1, 0, 0
509500, 16280, 1, 0, 0
509600, 16580, 1, 0, 0
509700, 15438, 1, 0, 0
509800, 18084, 1, 0, 0
509900, 17600, 1, 0, 0
510000, 15183, 1, 0, 0
510100, 16968, 1, 0, 0
510200, 15272, 1, 0, 0
510300, 17148, 1, 0, 0
510400, 17245, 1, 0, 0
510500, 17459, 1, 0, 0
510600, 16731, 1, 0, 0
510701, 16431, 1, 0, 0
510800, 15935, 1, 0, 0
510900, 16190, 1, 0, 0
511000, 14290, 1, 0, 0
511100, 14460, 1, 0, 0
511200, 13613, 1, 0, 0
511300, 15124, 1, 0, 0
511400, 15091, 1, 0, 0
511500, 19386, 1, 0, 0
511600, 16333, 1, 0, 0
511700, 17872, 1, 0, 0
511800, 15480, 1, 0, 0
511900, 14997, 1, 0, 0
512000, 14473, 1, 0, 0
512100, 19234, 1, 0, 0
512200, 14352, 1, 0, 0
512300, 15296, 1, 0, 0
512400, 16735, 1, 0, 0
512500, 16789, 1, 0, 0
512600, 19616, 1, 0, 0
512700, 14949, 1, 0, 0
512800, 13108, 1, 0, 0
512900, 15693, 1, 0, 0
513000, 18287, 1, 0, 0
513100, 14179, 1, 0, 0
513200, 16133, 1, 0, 0
513300, 17340, 1, 0, 0
513401, 17978, 1, 0, 0
513500, 15414, 1, 0, 0
513600, 14099, 1, 0, 0
513700, 16376, 1, 0, 0
513800, 13684, 1, 0, 0
513900, 15348, 1, 0, 0
514000, 16274, 1, 0, 0
514100, 13624, 1, 0, 0
514200, 14255, 1, 0, 0
514300, 14467, 1, 0, 0
514400, 17268, 1, 0, 0
514500, 17174, 1, 0, 0
514600, 16249, 1, 0, 0
514700, 13512, 1, 0, 0
514801, 19046, 1, 0, 0
514901, 15680, 1, 0, 0
515000, 14497, 1, 0, 0
515100, 16415, 1, 0, 0
515200, 14933, 1, 0, 0
515300, 17709, 1, 0, 0
515400, 17141, 1, 0, 0
515500, 18106, 1, 0, 0
515600, 14964, 1, 0, 0
515700, 19527, 1, 0, 0
515800, 16965, 1, 0, 0
515900, 17855, 1, 0, 0
516000, 17507, 1, 0, 0
516100, 14615, 1, 0, 0
516201, 16679, 1, 0, 0
516300, 21160, 1, 0, 0
516400, 16489, 1, 0, 0
516500, 14577, 1, 0, 0
516600, 17298, 1, 0, 0
516700, 16986, 1, 0, 0
516801, 13528, 1, 0, 0
516900, 14403, 1, 0, 0
517000, 13535, 1, 0, 0
517100, 17680, 1, 0, 0
517200, 14887, 1, 0, 0
517300, 13848, 1, 0, 0
517400, 15889, 1, 0, 0
517500, 13859, 1, 0, 0
517600, 20779, 1, 0, 0
517700, 13787, 1, 0, 0
517800, 14890, 1, 0, 0
517900, 17008, 1, 0, 0
518001, 15391, 1, 0, 0
518100, 14091, 1, 0, 0
518200, 15497, 1, 0, 0
518300, 18299, 1, 0, 0
518400, 15440, 1, 0, 0
518500, 17284, 1, 0, 0
518600, 14686, 1, 0, 0
518700, 18902, 1, 0, 0
518800, 17709, 1, 0, 0
518900, 15093, 1, 0, 0
519000, 13838, 1, 0, 0
519100, 14228, 1, 0, 0
519200, 15563, 1, 0, 0
519300, 14148, 1, 0, 0
519400, 16419, 1, 0, 0
519500, 14353, 1, 0, 0
519600, 14688, 1, 0, 0
519700, 13984, 1, 0, 0
519800, 15155, 1, 0, 0
519900, 15032, 1, 0, 0
520000, 16342, 1, 0, 0
520100, 16518, 1, 0, 0
520200, 18348, 1, 0, 0
520300, 18971, 1, 0, 0
520400, 13662, 1, 0, 0
520501, 17990, 1, 0, 0
520600, 16230, 1, 0, 0
520700, 17382, 1, 0, 0
520800, 14222, 1, 0, 0
520900, 15843, 1, 0, 0
521000, 15926, 1, 0, 0
521100, 18957, 1, 0, 0
521200, 16567, 1, 0, 0
521300, 16165, 1, 0, 0
521400, 17821, 1, 0, 0
521500, 15538, 1, 0, 0
521600, 16303, 1, 0, 0
521700, 14565, 1, 0, 0
521801, 15835, 1, 0, 0
521900, 15215, 1, 0, 0
522000, 14925, 1, 0, 0
522100, 13894, 1, 0, 0
522200, 14668, 1, 0, 0
522302, 16895, 1, 0, 0
522400, 21713, 1, 0, 0
522500, 16860, 1, 0, 0
522600, 17123, 1, 0, 0
522700, 16746, 1, 0, 0
522800, 13729, 1, 0, 0
522900, 13731, 1, 0, 0
523000, 16926, 1, 0, 0
523100, 14562, 1, 0, 0
523200, 13182, 1, 0, 0
523300, 16391, 1, 0, 0
523400, 16017, 1, 0, 0
523500, 17404, 1, 0, 0
523600, 19082, 1, 0, 0
523700, 15865, 1, 0, 0
523800, 16251, 1, 0, 0
523900, 20553, 1, 0, 0
524002, 16736, 1, 0, 0
524100, 15307, 1, 0, 0
524200, 17968, 1, 0, 0
524300, 15617, 1, 0, 0
524400, 14740, 1, 0, 0
524500, 14459, 1, 0, 0
524600, 17880, 1, 0, 0
524700, 18992, 1, 0, 0
524800, 18923, 1, 0, 0
524900, 18585, 1, 0, 0
525001, 18583, 1, 0, 0
525100, 17160, 1, 0, 0
525200, 13556, 1, 0, 0
525300, 16925, 1, 0, 0
525400, 15878, 1, 0, 0
525500, 15102, 1, 0, 0
525600, 18122, 1, 0, 0
525700, 16413, 1, 0, 0
525800, 13175, 1, 0, 0
525900, 13996, 1, 0, 0
526000, 18366, 1, 0, 0
526100, 14925, 1, 0, 0
526200, 15913, 1, 0, 0
526300, 13313, 1, 0, 0
526400, 15724, 1, 0, 0
526500, 15810, 1, 0, 0
526600, 19707, 1, 0, 0
526700, 14289, 1, 0, 0
526800, 17656, 1, 0, 0
526901, 15069, 1, 0, 0
527000, 17841, 1, 0, 0
527100, 13273, 1, 0, 0
527201, 15763, 1, 0, 0
527300, 20067, 1, 0, 0
527400, 15327, 1, 0, 0
527500, 18530, 1, 0, 0
527600, 15731, 1, 0, 0
527700, 14689, 1, 0, 0
527800, 19542, 1, 0, 0
527901, 16328, 1, 0, 0
528001, 17433, 1, 0, 0
528100, 15059, 1, 0, 0
528200, 17864, 1, 0, 0
528300, 16061, 1, 0, 0
528400, 17490, 1, 0, 0
528500, 14289, 1, 0, 0
528600, 16905, 1, 0, 0
528700, 13464, 1, 0, 0
528800, 18373, 1, 0, 0
528900, 13534, 1, 0, 0
529000, 14920, 1, 0, 0
529100, 15748, 1, 0, 0
529202, 17889, 1, 0, 0
529300, 15025, 1, 0, 0
529400, 14183, 1, 0, 0
529500, 16473, 1, 0, 0
529600, 17708, 1, 0, 0
529700, 15422, 1, 0, 0
529800, 18752, 1, 0, 0
529900, 16621, 1, 0, 0
530000, 13972, 1, 0, 0
530100, 17803, 1, 0, 0
530200, 15314, 1, 0, 0
530300, 15700, 1, 0, 0
530400, 12973, 1, 0, 0
530500, 14814, 1, 0, 0
530600, 17243, 1, 0, 0
530700, 14924, 1, 0, 0
530800, 13232, 1, 0, 0
530900, 17701, 1, 0, 0
531000, 15702, 1, 0, 0
531100, 17156, 1, 0, 0
531200, 13474, 1, 0, 0
531300, 15687, 1, 0, 0
531400, 14491, 1, 0, 0
531501, 16082, 1, 0, 0
531600, 15851, 1, 0, 0
531700, 15610, 1, 0, 0
531800, 15677, 1, 0, 0
531900, 16552, 1, 0, 0
532000, 15976, 1, 0, 0
532100, 13754, 1, 0, 0
532200, 14039, 1, 0, 0
532300, 16161, 1, 0, 0
532400, 19119, 1, 0, 0
532500, 14735, 1, 0, 0
532600, 14424, 1, 0, 0
532700, 14468, 1, 0, 0
532800, 14827, 1, 0, 0
532900, 16032, 1, 0, 0
533000, 12803, 1, 0, 0
533100, 15974, 1, 0, 0
533200, 14309, 1, 0, 0
533300, 12836, 1, 0, 0
533400, 15679, 1, 0, 0
533500, 15536, 1, 0, 0
533600, 16421, 1, 0, 0
533702, 16885, 1, 0, 0
533801, 20025, 1, 0, 0
533900, 16795, 1, 0, 0
534000, 17236, 1, 0, 0
534100, 19973, 1, 0, 0
534200, 16309, 1, 0, 0
534300, 17587, 1, 0, 0
534400, 17638, 1, 0, 0
534500, 19690, 1, 0, 0
534600, 19392, 1, 0, 0
534700, 20027, 1, 0, 0
534800, 14939, 1, 0, 0
534900, 19370, 1, 0, 0
535000, 15880, 1, 0, 0
535101, 12938, 1, 0, 0
535200, 13471, 1, 0, 0
535300, 13696, 1, 0, 0
535400, 13969, 1, 0, 0
535500, 14832, 1, 0, 0
535600, 16759, 1, 0, 0
535702, 16692, 1, 0, 0
535800, 18289, 1, 0, 0
535901, 16258, 1, 0, 0
536000, 15280, 1, 0, 0
536100, 15354, 1, 0, 0
536200, 17398, 1, 0, 0
536300, 15863, 1, 0, 0
536400, 18161, 1, 0, 0
536500, 17794, 1, 0, 0
536600, 16398, 1, 0, 0
536700, 16599, 1, 0, 0
536800, 15012, 1, 0, 0
536900, 12568, 1, 0, 0
537000, 15813, 1, 0, 0
537100, 14583, 1, 0, 0
537200, 16091, 1, 0, 0
537300, 14280, 1, 0, 0
537400, 16779, 1, 0, 0
537500, 18974, 1, 0, 0
537600, 16982, 1, 0, 0
537700, 19131, 1, 0, 0
537800, 15234, 1, 0, 0
537900, 14498, 1, 0, 0
538000, 15002, 1, 0, 0
538100, 16383, 1, 0, 0
538200, 14008, 1, 0, 0
538301, 16171, 1, 0, 0
538400, 15965, 1, 0, 0
538500, 12438, 1, 0, 0
538600, 17432, 1, 0, 0
538700, 14817, 1, 0, 0
538800, 15764, 1, 0, 0
538900, 14123, 1, 0, 0
539000, 16316, 1, 0, 0
539100, 18649, 1, 0, 0
539200, 16935, 1, 0, 0
539300, 16201, 1, 0, 0
539400, 14930, 1, 0, 0
539500, 15532, 1, 0, 0
539600, 16792, 1, 0, 0
539700, 19202, 1, 0, 0
539800, 15063, 1, 0, 0
539900, 15408, 1, 0, 0
540000, 16994, 1, 0, 0
540100, 14045, 1, 0, 0
540200, 15320, 1, 0, 0
540300, 16497, 1, 0, 0
540400, 18447, 1, 0, 0
540500, 14090, 1, 0, 0
540601, 19681, 1, 0, 0
540700, 18107, 1, 0, 0
540800, 16297, 1, 0, 0
540900, 15307, 1, 0, 0
541000, 13522, 1, 0, 0
541100, 15039, 1, 0, 0
541200, 15400, 1, 0, 0
541300, 19692, 1, 0, 0
541400, 16646, 1, 0, 0
541500, 15288, 1, 0, 0
541600, 16243, 1, 0, 0
541700, 17911, 1, 0, 0
541801, 15952, 1, 0, 0
541900, 21111, 1, 0, 0
542000, 14342, 1, 0, 0
542100, 15593, 1, 0, 0
542200, 17363, 1, 0, 0
542300, 17140, 1, 0, 0
542401, 14132, 1, 0, 0
542501, 16464, 1, 0, 0
542600, 14883, 1, 0, 0
542700, 14061, 1, 0, 0
542801, 16137, 1, 0, 0
542900, 17947, 1, 0, 0
543000, 16150, 1, 0, 0
543100, 15072, 1, 0, 0
543200, 14144, 1, 0, 0
543300, 17385, 1, 0, 0
543400, 16172, 1, 0, 0
543500, 14018, 1, 0, 0
543600, 16593, 1, 0, 0
543701, 15180, 1, 0, 0
543800, 13882, 1, 0, 0
543900, 15481, 1, 0, 0
544000, 14423, 1, 0, 0
544100, 14660, 1, 0, 0
544200, 13673, 1, 0, 0
544300, 13495, 1, 0, 0
544400, 14407, 1, 0, 0
544500, 14541, 1, 0, 0
544600, 18136, 1, 0, 0
544700, 14961, 1, 0, 0
544800, 17358, 1, 0, 0
544900, 18328, 1, 0, 0
545000, 14985, 1, 0, 0
545100, 16269, 1, 0, 0
545200, 17657, 1, 0, 0
545300, 16728, 1, 0, 0
545400, 16632, 1, 0, 0
545500, 18268, 1, 0, 0
545601, 17022, 1, 0, 0
545700, 15332, 1, 0, 0
545801, 15223, 1, 0, 0
545900, 14267, 1, 0, 0
546000, 15451, 1, 0, 0
546101, 17569, 1, 0, 0
546200, 18970, 1, 0, 0
546300, 15549, 1, 0, 0
546401, 20058, 1, 0, 0
546500, 13646, 1, 0, 0
546600, 15266, 1, 0, 0
546701, 14018, 1, 0, 0
546801, 16111, 1, 0, 0
546900, 15859, 1, 0, 0
547000, 14211, 1, 0, 0
547100, 19791, 1, 0, 0
547200, 17780, 1, 0, 0
547300, 15781, 1, 0, 0
547400, 14955, 1, 0, 0
547501, 16716, 1, 0, 0
547600, 14477, 1, 0, 0
547701, 14720, 1, 0, 0
547800, 18142, 1, 0, 0
547900, 12823, 1, 0, 0
548000, 15908, 1, 0, 0
548100, 14807, 1, 0, 0
548200, 16904, 1, 0, 0
548300, 19404, 1, 0, 0
548400, 15623, 1, 0, 0
548500, 16775, 1, 0, 0
548600, 17093, 1, 0, 0
548700, 15070, 1, 0, 0
548800, 15812, 1, 0, 0
548900, 19888, 1, 0, 0
549000, 16817, 1, 0, 0
549100, 16039, 1, 0, 0
549200, 16543, 1, 0, 0
549300, 14225, 1, 0, 0
549400, 15127, 1, 0, 0
549500, 19511, 1, 0, 0
549600, 18264, 1, 0, 0
549700, 13843, 1, 0, 0
549800, 17012, 1, 0, 0
549900, 15809, 1, 0, 0
550000, 19396, 1, 0, 0
550100, 16706, 1, 0, 0
550200, 16781, 1, 0, 0
550300, 20241, 1, 0, 0
550400, 20417, 1, 0, 0
550500, 19013, 1, 0, 0
550600, 18998, 1, 0, 0
550700, 16049, 1, 0, 0
550800, 15389, 1, 0, 0
550900, 19021, 1, 0, 0
551000, 16735, 1, 0, 0
551100, 14474, 1, 0, 0
551200, 17410, 1, 0, 0
551300, 15655, 1, 0, 0
551400, 15361, 1, 0, 0
551500, 15680, 1, 0, 0
551600, 18595, 1, 0, 0
551700, 19067, 1, 0, 0
551800, 13742, 1, 0, 0
551900, 15956, 1, 0, 0
552000, 15570, 1, 0, 0
552100, 16504, 1, 0, 0
552200, 15983, 1, 0, 0
552300, 17379, 1, 0, 0
552401, 13518, 1, 0, 0
552500, 16334, 1, 0, 0
552600, 15812, 1, 0, 0
552700, 14792, 1, 0, 0
552800, 15078, 1, 0, 0
552900, 18921, 1, 0, 0
553000, 16994, 1, 0, 0
553100, 16376, 1, 0, 0
553200, 13680, 1, 0, 0
553300, 15068, 1, 0, 0
553400, 14604, 1, 0, 0
553500, 14110, 1, 0, 0
553600, 17021, 1, 0, 0
553700, 16947, 1, 0, 0
553800, 15304, 1, 0, 0
553900, 16049, 1, 0, 0
554000, 17097, 1, 0, 0
554100, 16925, 1, 0, 0
554200, 16564, 1, 0, 0
554300, 14066, 1, 0, 0
554401, 16885, 1, 0, 0
554500, 14355, 1, 0, 0
554600, 13594, 1, 0, 0
554700, 15805, 1, 0, 0
554800, 15165, 1, 0, 0
554901, 17336, 1, 0, 0
555000, 15758, 1, 0, 0
555101, 13549, 1, 0, 0
555200, 16119, 1, 0, 0
555300, 15097, 1, 0, 0
555401, 17012, 1, 0, 0
555500, 15121, 1, 0, 0
555600, 18385, 1, 0, 0
555700, 18240, 1, 0, 0
555800, 21463, 1, 0, 0
555901, 16157, 1, 0, 0
556000, 16325, 1, 0, 0
556100, 17895, 1, 0, 0
556200, 15816, 1, 0, 0
556300, 14858, 1, 0, 0
556400, 17968, 1, 0, 0
556500, 16191, 1, 0, 0
556600, 13682, 1, 0, 0
556700, 12926, 1, 0, 0
556800, 15659, 1, 0, 0
556900, 15411, 1, 0, 0
557000, 17773, 1, 0, 0
557101, 15310, 1, 0, 0
557200, 17328, 1, 0, 0
557300, 14715, 1, 0, 0
557400, 16986, 1, 0, 0
557500, 16121, 1, 0, 0
557600, 12675, 1, 0, 0
557701, 15670, 1, 0, 0
557800, 16456, 1, 0, 0
557900, 17930, 1, 0, 0
558000, 15900, 1, 0, 0
558100, 17097, 1, 0, 0
558200, 16611, 1, 0, 0
558300, 13496, 1, 0, 0
558400, 15198, 1, 0, 0
558500, 15255, 1, 0, 0
558600, 14427, 1, 0, 0
558700, 19633, 1, 0, 0
558800, 16815, 1, 0, 0
558900, 15115, 1, 0, 0
559000, 13636, 1, 0, 0
559100, 16343, 1, 0, 0
559200, 13799, 1, 0, 0
559300, 15548, 1, 0, 0
559400, 15128, 1, 0, 0
559500, 19907, 1, 0, 0
559600, 15465, 1, 0, 0
559700, 15742, 1, 0, 0
559800, 17188, 1, 0, 0
559901, 16819, 1, 0, 0
560000, 16520, 1, 0, 0
560100, 14665, 1, 0, 0
560201, 14078, 1, 0, 0
560300, 14415, 1, 0, 0
560400, 16992, 1, 0, 0
560500, 14811, 1, 0, 0
560600, 16349, 1, 0, 0
560700, 17454, 1, 0, 0
560800, 18334, 1, 0, 0
560900, 15103, 1, 0, 0
561000, 18884, 1, 0, 0
561102, 15088, 1, 0, 0
561200, 14191, 1, 0, 0
561301, 14362, 1, 0, 0
561400, 16253, 1, 0, 0
561500, 16474, 1, 0, 0
561600, 16322, 1, 0, 0
561700, 15513, 1, 0, 0
561800, 17321, 1, 0, 0
561900, 16097, 1, 0, 0
562001, 16022, 1, 0, 0
562100, 17803, 1, 0, 0
562200, 15906, 1, 0, 0
562300, 16296, 1, 0, 0
562400, 16947, 1, 0, 0
562500, 17762, 1, 0, 0
562600, 15597, 1, 0, 0
562700, 15778, 1, 0, 0
562800, 16587, 1, 0, 0
562900, 19159, 1, 0, 0
563000, 15313, 1, 0, 0
563100, 19385, 1, 0, 0
563200, 18310, 1, 0, 0
563301, 18531, 1, 0, 0
563401, 16025, 1, 0, 0
563500, 17622, 1, 0, 0
563600, 16998, 1, 0, 0
563700, 14011, 1, 0, 0
563800, 17571, 1, 0, 0
563900, 16313, 1, 0, 0
564000, 17976, 1, 0, 0
564101, 17045, 1, 0, 0
564200, 14242, 1, 0, 0
564301, 19340, 1, 0, 0
564400, 16312, 1, 0, 0
564500, 15324, 1, 0, 0
564600, 13983, 1, 0, 0
564700, 13556, 1, 0, 0
564800, 16954, 1, 0, 0
564901, 13786, 1, 0, 0
565000, 19313, 1, 0, 0
565100, 13445, 1, 0, 0
565200, 18089, 1, 0, 0
565300, 18422, 1, 0, 0
565400, 16304, 1, 0, 0
565500, 15303, 1, 0, 0
565600, 16865, 1, 0, 0
565700, 17517, 1, 0, 0
565800, 15392, 1, 0, 0
565900, 15060, 1, 0, 0
566001, 16857, 1, 0, 0
566100, 17702, 1, 0, 0
566201, 14584, 1, 0, 0
566300, 16364, 1, 0, 0
566400, 15695, 1, 0, 0
566500, 15274, 1, 0, 0
566600, 16660, 1, 0, 0
566700, 15342, 1, 0, 0
566800, 15132, 1, 0, 0
566900, 13776, 1, 0, 0
567000, 15169, 1, 0, 0
567100, 15471, 1, 0, 0
567200, 14438, 1, 0, 0
567300, 14918, 1, 0, 0
567400, 16404, 1, 0, 0
567500, 18084, 1, 0, 0
567600, 17402, 1, 0, 0
567700, 18811, 1, 0, 0
567800, 16484, 1, 0, 0
567900, 15634, 1, 0, 0
568001, 13657, 1, 0, 0
568100, 13957, 1, 0, 0
568200, 13832, 1, 0, 0
568300, 15915, 1, 0, 0
568400, 14117, 1, 0, 0
568500, 17801, 1, 0, 0
568600, 13728, 1, 0, 0
568700, 15093, 1, 0, 0
568800, 15471, 1, 0, 0
568900, 15842, 1, 0, 0
569000, 16520, 1, 0, 0
569100, 16336, 1, 0, 0
569200, 15131, 1, 0, 0
569300, 17613, 1, 0, 0
569400, 16681, 1, 0, 0
569500, 15096, 1, 0, 0
569600, 12984, 1, 0, 0
569700, 16652, 1, 0, 0
569800, 16416, 1, 0, 0
569900, 16028, 1, 0, 0
570000, 16508, 1, 0, 0
570100, 15640, 1, 0, 0
570200, 20964, 1, 0, 0
570300, 19663, 1, 0, 0
570400, 14503, 1, 0, 0
570500, 21738, 1, 0, 0
570600, 18566, 1, 0, 0
570700, 16059, 1, 0, 0
570800, 14678, 1, 0, 0
570900, 15738, 1, 0, 0
571000, 18863, 1, 0, 0
571100, 14729, 1, 0, 0
571200, 17837, 1, 0, 0
571300, 17341, 1, 0, 0
571400, 15888, 1, 0, 0
571500, 13488, 1, 0, 0
571600, 15996, 1, 0, 0
571700, 19195, 1, 0, 0
571800, 19563, 1, 0, 0
571900, 17908, 1, 0, 0
572000, 16530, 1, 0, 0
572100, 14457, 1, 0, 0
572200, 16020, 1, 0, 0
572300, 15490, 1, 0, 0
572400, 15552, 1, 0, 0
572500, 16662, 1, 0, 0
572600, 15083, 1, 0, 0
572700, 16382, 1, 0, 0
572800, 14829, 1, 0, 0
572900, 14599, 1, 0, 0
573000, 13498, 1, 0, 0
573100, 15451, 1, 0, 0
573200, 16709, 1, 0, 0
573300, 13937, 1, 0, 0
573400, 15082, 1, 0, 0
573500, 15798, 1, 0, 0
573600, 16103, 1, 0, 0
573700, 14130, 1, 0, 0
573800, 13995, 1, 0, 0
573901, 14729, 1, 0, 0
574000, 13221, 1, 0, 0
574101, 18675, 1, 0, 0
574201, 15390, 1, 0, 0
574300, 18212, 1, 0, 0
574400, 17200, 1, 0, 0
574500, 14358, 1, 0, 0
574600, 16512, 1, 0, 0
574700, 17976, 1, 0, 0
574801, 18382, 1, 0, 0
574900, 16647, 1, 0, 0
575000, 14276, 1, 0, 0
575100, 13844, 1, 0, 0
575200, 14640, 1, 0, 0
575300, 13910, 1, 0, 0
575400, 15122, 1, 0, 0
575500, 13985, 1, 0, 0
575600, 13921, 1, 0, 0
575700, 17170, 1, 0, 0
575801, 14866, 1, 0, 0
575900, 15931, 1, 0, 0
576000, 15737, 1, 0, 0
576100, 16691, 1, 0, 0
576201, 16675, 1, 0, 0
576300, 15427, 1, 0, 0
576400, 18416, 1, 0, 0
576500, 13734, 1, 0, 0
576600, 15421, 1, 0, 0
576700, 18586, 1, 0, 0
576800, 15627, 1, 0, 0
576900, 17600, 1, 0, 0
577002, 17837, 1, 0, 0
577100, 18007, 1, 0, 0
577200, 17904, 1, 0, 0
577301, 18316, 1, 0, 0
577400, 17308, 1, 0, 0
577500, 18030, 1, 0, 0
577600, 15015, 1, 0, 0
577701, 16833, 1, 0, 0
577800, 16116, 1, 0, 0
577900, 16108, 1, 0, 0
578000, 17833, 1, 0, 0
578100, 13891, 1, 0, 0
578200, 13640, 1, 0, 0
578300, 18741, 1, 0, 0
578400, 16448, 1, 0, 0
578500, 17282, 1, 0, 0
578600, 14745, 1, 0, 0
578700, 15898, 1, 0, 0
578800, 14215, 1, 0, 0
578900, 14628, 1, 0, 0
579000, 17048, 1, 0, 0
579100, 14271, 1, 0, 0
579200, 16741, 1, 0, 0
579300, 18080, 1, 0, 0
579400, 16817, 1, 0, 0
579501, 14849, 1, 0, 0
579600, 15487, 1, 0, 0
579700, 15980, 1, 0, 0
579800, 19607, 1, 0, 0
579900, 18308, 1, 0, 0
580000, 17098, 1, 0, 0
580100, 16567, 1, 0, 0
580200, 18099, 1, 0, 0
580300, 14025, 1, 0, 0
580400, 16699, 1, 0, 0
580500, 14306, 1, 0, 0
580600, 17408, 1, 0, 0
580700, 13759, 1, 0, 0
580800, 16603, 1, 0, 0
580900, 17492, 1, 0, 0
581001, 17338, 1, 0, 0
581100, 17456, 1, 0, 0
581200, 15945, 1, 0, 0
581300, 18708, 1, 0, 0
581400, 13442, 1, 0, 0
581500, 14456, 1, 0, 0
581600, 14684, 1, 0, 0
581700, 15506, 1, 0, 0
581800, 15740, 1, 0, 0
581900, 13143, 1, 0, 0
582000, 14306, 1, 0, 0
582100, 16057, 1, 0, 0
582200, 16113, 1, 0, 0
582300, 17313, 1, 0, 0
582400, 17824, 1, 0, 0
582500, 19904, 1, 0, 0
582600, 17838, 1, 0, 0
582700, 13435, 1, 0, 0
582800, 14873, 1, 0, 0
582900, 16951, 1, 0, 0
583000, 18143, 1, 0, 0
583100, 15458, 1, 0, 0
583200, 13589, 1, 0, 0
583300, 13045, 1, 0, 0
583400, 13724, 1, 0, 0
583500, 15910, 1, 0, 0
583600, 15505, 1, 0, 0
583700, 16832, 1, 0, 0
583800, 13655, 1, 0, 0
583900, 13551, 1, 0, 0
584000, 14316, 1, 0, 0
584100, 15959, 1, 0, 0
584200, 14690, 1, 0, 0
584301, 16077, 1, 0, 0
584400, 15195, 1, 0, 0
584502, 19313, 1, 0, 0
584600, 15957, 1, 0, 0
584700, 15013, 1, 0, 0
584800, 14287, 1, 0, 0
584901, 15178, 1, 0, 0
585000, 18222, 1, 0, 0
585100, 16107, 1, 0, 0
585200, 15332, 1, 0, 0
585300, 17249, 1, 0, 0
585401, 14404, 1, 0, 0
585500, 16591, 1, 0, 0
585601, 14759, 1, 0, 0
585700, 17075, 1, 0, 0
585800, 16188, 1, 0, 0
585900, 19100, 1, 0, 0
586000, 13242, 1, 0, 0
586100, 14568, 1, 0, 0
586200, 15258, 1, 0, 0
586300, 15715, 1, 0, 0
586400, 17136, 1, 0, 0
586500, 15452, 1, 0, 0
586600, 16407, 1, 0, 0
586700, 15234, 1, 0, 0
586800, 17929, 1, 0, 0
586900, 16384, 1, 0, 0
587000, 17161, 1, 0, 0
587100, 16191, 1, 0, 0
587200, 13362, 1, 0, 0
587301, 13306, 1, 0, 0
587400, 13699, 1, 0, 0
587500, 18151, 1, 0, 0
587600, 14320, 1, 0, 0
587700, 13625, 1, 0, 0
587800, 18472, 1, 0, 0
587900, 18845, 1, 0, 0
588000, 18501, 1, 0, 0
588100, 20474, 1, 0, 0
588200, 16212, 1, 0, 0
588300, 19038, 1, 0, 0
588400, 16124, 1, 0, 0
588500, 14908, 1, 0, 0
588600, 16389, 1, 0, 0
588700, 16344, 1, 0, 0
588800, 17506, 1, 0, 0
588900, 16181, 1, 0, 0
589000, 14087, 1, 0, 0
589100, 16618, 1, 0, 0
589200, 14845, 1, 0, 0
589300, 15945, 1, 0, 0
589400, 17655, 1, 0, 0
589500, 14805, 1, 0, 0
589600, 12950, 1, 0, 0
589700, 17959, 1, 0, 0
589800, 15791, 1, 0, 0
589900, 15289, 1, 0, 0
590000, 14550, 1, 0, 0
590100, 14241, 1, 0, 0
590200, 16598, 1, 0, 0
590300, 14219, 1, 0, 0
590400, 16985, 1, 0, 0
590500, 18854, 1, 0, 0
590600, 15198, 1, 0, 0
590700, 16523, 1, 0, 0
590800, 14638, 1, 0, 0
590900, 18935, 1, 0, 0
591000, 15732, 1, 0, 0
591100, 17596, 1, 0, 0
591200, 15792, 1, 0, 0
591300, 18719, 1, 0, 0
591401, 14996, 1, 0, 0
591500, 15222, 1, 0, 0
591600, 16334, 1, 0, 0
591700, 19185, 1, 0, 0
591800, 16626, 1, 0, 0
591900, 14676, 1, 0, 0
592000, 16551, 1, 0, 0
592100, 16556, 1, 0, 0
592200, 16074, 1, 0, 0
592300, 16782, 1, 0, 0
592400, 17742, 1, 0, 0
592500, 17136, 1, 0, 0
592601, 14802, 1, 0, 0
592700, 15653, 1, 0, 0
592800, 14555, 1, 0, 0
592900, 18794, 1, 0, 0
593001, 20658, 1, 0, 0
593100, 15873, 1, 0, 0
593200, 16629, 1, 0, 0
593301, 14424, 1, 0, 0
593400, 14586, 1, 0, 0
593500, 17854, 1, 0, 0
593600, 17532, 1, 0, 0
593700, 19545, 1, 0, 0
593800, 17948, 1, 0, 0
593900, 16189, 1, 0, 0
594000, 17971, 1, 0, 0
594100, 17968, 1, 0, 0
594200, 17239, 1, 0, 0
594300, 16153, 1, 0, 0
594400, 18114, 1, 0, 0
594500, 14130, 1, 0, 0
594600, 18185, 1, 0, 0
594700, 17477, 1, 0, 0
594800, 16163, 1, 0, 0
594900, 15496, 1, 0, 0
595000, 16540, 1, 0, 0
595100, 16242, 1, 0, 0
595200, 13804, 1, 0, 0
595300, 19372, 1, 0, 0
595400, 13480, 1, 0, 0
595500, 16450, 1, 0, 0
595600, 17799, 1, 0, 0
595700, 15452, 1, 0, 0
595800, 14896, 1, 0, 0
595900, 14961, 1, 0, 0
596001, 16736, 1, 0, 0
596100, 18513, 1, 0, 0
596200, 19602, 1, 0, 0
596301, 16937, 1, 0, 0
596400, 14495, 1, 0, 0
596500, 16490, 1, 0, 0
596600, 20957, 1, 0, 0
596700, 15851, 1, 0, 0
596800, 15854, 1, 0, 0
596900, 15134, 1, 0, 0
597000, 14003, 1, 0, 0
597100, 17125, 1, 0, 0
597200, 17009, 1, 0, 0
597300, 15200, 1, 0, 0
597400, 17389, 1, 0, 0
597500, 15131, 1, 0, 0
597600, 15942, 1, 0, 0
597700, 16965, 1, 0, 0
597800, 15140, 1, 0, 0
597900, 16187, 1, 0, 0
598000, 20586, 1, 0, 0
598100, 16275, 1, 0, 0
598200, 14959, 1, 0, 0
598300, 16381, 1, 0, 0
598400, 17316, 1, 0, 0
598500, 17027, 1, 0, 0
598601, 16223, 1, 0, 0
598700, 12974, 1, 0, 0
598800, 13729, 1, 0, 0
598900, 19073, 1, 0, 0
599000, 17969, 1, 0, 0
599101, 14438, 1, 0, 0
599200, 15224, 1, 0, 0
599300, 14760, 1, 0, 0
599401, 15160, 1, 0, 0
599500, 17333, 1, 0, 0
599600, 18667, 1, 0, 0
599700, 17076, 1, 0, 0
599800, 15578, 1, 0, 0
599900, 15532, 1, 0, 0
600000, 15372, 1, 0, 0
