250, 744, 1, 0, 0
350, 760, 1, 0, 0
450, 840, 1, 0, 0
550, 840, 1, 0, 0
650, 790, 1, 0, 0
749, 717, 1, 0, 0
849, 780, 1, 0, 0
949, 790, 1, 0, 0
1049, 720, 1, 0, 0
1149, 800, 1, 0, 0
1249, 770, 1, 0, 0
1349, 740, 1, 0, 0
1449, 760, 1, 0, 0
1550, 800, 1, 0, 0
1650, 830, 1, 0, 0
1749, 797, 1, 0, 0
1849, 810, 1, 0, 0
1949, 810, 1, 0, 0
2049, 740, 1, 0, 0
2149, 810, 1, 0, 0
2249, 800, 1, 0, 0
2349, 860, 1, 0, 0
2449, 730, 1, 0, 0
2549, 840, 1, 0, 0
2649, 780, 1, 0, 0
2749, 800, 1, 0, 0
2849, 830, 1, 0, 0
2949, 800, 1, 0, 0
3050, 770, 1, 0, 0
3150, 790, 1, 0, 0
3249, 808, 1, 0, 0
3349, 840, 1, 0, 0
3449, 790, 1, 0, 0
3549, 780, 1, 0, 0
3649, 810, 1, 0, 0
3749, 840, 1, 0, 0
3849, 790, 1, 0, 0
3949, 850, 1, 0, 0
4049, 820, 1, 0, 0
4149, 820, 1, 0, 0
4249, 810, 1, 0, 0
4349, 850, 1, 0, 0
4449, 830, 1, 0, 0
4550, 820, 1, 0, 0
4650, 820, 1, 0, 0
4749, 818, 1, 0, 0
4849, 800, 1, 0, 0
4949, 800, 1, 0, 0
5049, 800, 1, 0, 0
5149, 790, 1, 0, 0
5249, 810, 1, 0, 0
5349, 810, 1, 0, 0
5449, 810, 1, 0, 0
5549, 800, 1, 0, 0
5649, 830, 1, 0, 0
5749, 780, 1, 0, 0
5849, 860, 1, 0, 0
5949, 780, 1, 0, 0
6050, 800, 1, 0, 0
6150, 810, 1, 0, 0
6249, 828, 1, 0, 0
6349, 790, 1, 0, 0
6449, 810, 1, 0, 0
6549, 840, 1, 0, 0
6649, 770, 1, 0, 0
6749, 780, 1, 0, 0
6849, 790, 1, 0, 0
6949, 790, 1, 0, 0
7049, 790, 1, 0, 0
7149, 800, 1, 0, 0
7249, 790, 1, 0, 0
7349, 790, 1, 0, 0
7449, 800, 1, 0, 0
7550, 810, 1, 0, 0
7650, 800, 1, 0, 0
7749, 797, 1, 0, 0
7849, 800, 1, 0, 0
7949, 810, 1, 0, 0
8049, 780, 1, 0, 0
8149, 810, 1, 0, 0
8249, 770, 1, 0, 0
8349, 810, 1, 0, 0
8449, 830, 1, 0, 0
8549, 780, 1, 0, 0
8649, 820, 1, 0, 0
8749, 800, 1, 0, 0
8849, 830, 1, 0, 0
8950, 820, 1, 0, 0
9050, 820, 1, 0, 0
9150, 820, 1, 0, 0
9249, 848, 1, 0, 0
9349, 800, 1, 0, 0
9449, 800, 1, 0, 0
9549, 810, 1, 0, 0
9649, 810, 1, 0, 0
9749, 810, 1, 0, 0
9849, 820, 1, 0, 0
9949, 830, 1, 0, 0
10049, 780, 1, 0, 0
10149, 810, 1, 0, 0
10250, 770, 1, 0, 0
10350, 830, 1, 0, 0
10450, 800, 1, 0, 0
10550, 820, 1, 0, 0
10650, 800, 1, 0, 0
10749, 828, 1, 0, 0
10849, 790, 1, 0, 0
10949, 790, 1, 0, 0
11049, 840, 1, 0, 0
11149, 830, 1, 0, 0
11249, 830, 1, 0, 0
11349, 820, 1, 0, 0
11449, 840, 1, 0, 0
11550, 830, 1, 0, 0
11650, 800, 1, 0, 0
11749, 858, 1, 0, 0
11849, 810, 1, 0, 0
11949, 810, 1, 0, 0
12049, 790, 1, 0, 0
12149, 850, 1, 0, 0
12249, 890, 1, 0, 0
12349, 770, 1, 0, 0
12449, 800, 1, 0, 0
12549, 850, 1, 0, 0
12649, 840, 1, 0, 0
12749, 870, 1, 0, 0
12849, 860, 1, 0, 0
12949, 820, 1, 0, 0
13050, 820, 1, 0, 0
13150, 820, 1, 0, 0
13249, 838, 1, 0, 0
13349, 830, 1, 0, 0
13449, 850, 1, 0, 0
13549, 820, 1, 0, 0
13649, 840, 1, 0, 0
13749, 820, 1, 0, 0
13849, 820, 1, 0, 0
13949, 820, 1, 0, 0
14049, 830, 1, 0, 0
14149, 850, 1, 0, 0
14249, 790, 1, 0, 0
14350, 820, 1, 0, 0
14450, 860, 1, 0, 0
14550, 750, 1, 0, 0
14650, 820, 1, 0, 0
14749, 858, 1, 0, 0
14849, 890, 1, 0, 0
14949, 850, 1, 0, 0
15049, 850, 1, 0, 0
15149, 860, 1, 0, 0
15249, 870, 1, 0, 0
15349, 870, 1, 0, 0
15449, 820, 1, 0, 0
15549, 860, 1, 0, 0
15649, 850, 1, 0, 0
15750, 900, 1, 0, 0
15850, 840, 1, 0, 0
15950, 810, 1, 0, 0
16050, 860, 1, 0, 0
16150, 880, 1, 0, 0
16249, 838, 1, 0, 0
16349, 880, 1, 0, 0
16449, 880, 1, 0, 0
16549, 880, 1, 0, 0
16649, 850, 1, 0, 0
16749, 880, 1, 0, 0
16849, 830, 1, 0, 0
16949, 870, 1, 0, 0
17049, 840, 1, 0, 0
17150, 840, 1, 0, 0
17249, 848, 1, 0, 0
17349, 840, 1, 0, 0
17449, 830, 1, 0, 0
17549, 860, 1, 0, 0
17649, 840, 1, 0, 0
17749, 860, 1, 0, 0
17849, 880, 1, 0, 0
17949, 900, 1, 0, 0
18049, 890, 1, 0, 0
18149, 830, 1, 0, 0
18249, 880, 1, 0, 0
18349, 890, 1, 0, 0
18449, 880, 1, 0, 0
18550, 890, 1, 0, 0
18650, 840, 1, 0, 0
18749, 858, 1, 0, 0
18849, 910, 1, 0, 0
18949, 860, 1, 0, 0
19049, 820, 1, 0, 0
19149, 860, 1, 0, 0
19249, 810, 1, 0, 0
19349, 850, 1, 0, 0
19449, 820, 1, 0, 0
19549, 840, 1, 0, 0
19649, 840, 1, 0, 0
19749, 850, 1, 0, 0
19849, 880, 1, 0, 0
19950, 870, 1, 0, 0
20050, 880, 1, 0, 0
20150, 830, 1, 0, 0
20249, 848, 1, 0, 0
20349, 830, 1, 0, 0
20449, 860, 1, 0, 0
20549, 830, 1, 0, 0
20649, 860, 1, 0, 0
20749, 870, 1, 0, 0
20849, 880, 1, 0, 0
20949, 870, 1, 0, 0
21049, 890, 1, 0, 0
21149, 890, 1, 0, 0
21250, 890, 1, 0, 0
21350, 910, 1, 0, 0
21450, 900, 1, 0, 0
21550, 830, 1, 0, 0
21650, 900, 1, 0, 0
21749, 808, 1, 0, 0
21849, 880, 1, 0, 0
21949, 870, 1, 0, 0
22049, 840, 1, 0, 0
22149, 880, 1, 0, 0
22249, 880, 1, 0, 0
22349, 830, 1, 0, 0
22449, 800, 1, 0, 0
22549, 870, 1, 0, 0
22650, 880, 1, 0, 0
22749, 838, 1, 0, 0
22849, 860, 1, 0, 0
22949, 840, 1, 0, 0
23049, 870, 1, 0, 0
23149, 820, 1, 0, 0
23249, 860, 1, 0, 0
23349, 800, 1, 0, 0
23449, 830, 1, 0, 0
23549, 870, 1, 0, 0
23649, 840, 1, 0, 0
23749, 840, 1, 0, 0
23849, 840, 1, 0, 0
23949, 880, 1, 0, 0
24050, 880, 1, 0, 0
24150, 940, 1, 0, 0
24249, 848, 1, 0, 0
24349, 890, 1, 0, 0
24449, 850, 1, 0, 0
24549, 850, 1, 0, 0
24649, 890, 1, 0, 0
24749, 830, 1, 0, 0
24849, 880, 1, 0, 0
24949, 870, 1, 0, 0
25049, 890, 1, 0, 0
25149, 900, 1, 0, 0
25249, 870, 1, 0, 0
25349, 910, 1, 0, 0
25450, 880, 1, 0, 0
25550, 840, 1, 0, 0
25650, 850, 1, 0, 0
25749, 858, 1, 0, 0
25849, 920, 1, 0, 0
25949, 900, 1, 0, 0
26049, 820, 1, 0, 0
26149, 850, 1, 0, 0
26249, 880, 1, 0, 0
26349, 810, 1, 0, 0
26449, 860, 1, 0, 0
26549, 860, 1, 0, 0
26649, 860, 1, 0, 0
26749, 830, 1, 0, 0
26850, 850, 1, 0, 0
26950, 860, 1, 0, 0
27050, 870, 1, 0, 0
27150, 900, 1, 0, 0
27249, 878, 1, 0, 0
27349, 900, 1, 0, 0
27449, 870, 1, 0, 0
27549, 900, 1, 0, 0
27649, 860, 1, 0, 0
27749, 870, 1, 0, 0
27849, 870, 1, 0, 0
27949, 910, 1, 0, 0
28049, 850, 1, 0, 0
28149, 890, 1, 0, 0
28250, 840, 1, 0, 0
28350, 860, 1, 0, 0
28450, 870, 1, 0, 0
28550, 920, 1, 0, 0
28650, 910, 1, 0, 0
28749, 878, 1, 0, 0
28849, 920, 1, 0, 0
28949, 910, 1, 0, 0
29049, 840, 1, 0, 0
29149, 840, 1, 0, 0
29249, 820, 1, 0, 0
29349, 870, 1, 0, 0
29449, 870, 1, 0, 0
29550, 900, 1, 0, 0
29650, 910, 1, 0, 0
29749, 888, 1, 0, 0
29849, 890, 1, 0, 0
29949, 850, 1, 0, 0
30049, 870, 1, 0, 0
30149, 880, 1, 0, 0
30249, 900, 1, 0, 0
30349, 890, 1, 0, 0
30449, 890, 1, 0, 0
30549, 920, 1, 0, 0
30649, 880, 1, 0, 0
30749, 900, 1, 0, 0
30849, 880, 1, 0, 0
30950, 880, 1, 0, 0
31050, 900, 1, 0, 0
31150, 900, 1, 0, 0
31249, 858, 1, 0, 0
31349, 850, 1, 0, 0
31449, 910, 1, 0, 0
31549, 860, 1, 0, 0
31649, 920, 1, 0, 0
31749, 890, 1, 0, 0
31849, 910, 1, 0, 0
31949, 900, 1, 0, 0
32049, 930, 1, 0, 0
32149, 930, 1, 0, 0
32250, 920, 1, 0, 0
32350, 910, 1, 0, 0
32450, 890, 1, 0, 0
32550, 840, 1, 0, 0
32650, 940, 1, 0, 0
32749, 929, 1, 0, 0
32849, 870, 1, 0, 0
32949, 910, 1, 0, 0
33049, 920, 1, 0, 0
33149, 900, 1, 0, 0
33249, 920, 1, 0, 0
33349, 920, 1, 0, 0
33449, 910, 1, 0, 0
33549, 900, 1, 0, 0
33649, 930, 1, 0, 0
33750, 920, 1, 0, 0
33850, 910, 1, 0, 0
33950, 920, 1, 0, 0
34050, 930, 1, 0, 0
34150, 880, 1, 0, 0
34249, 888, 1, 0, 0
34349, 900, 1, 0, 0
34449, 890, 1, 0, 0
34549, 910, 1, 0, 0
34649, 930, 1, 0, 0
34749, 860, 1, 0, 0
34849, 910, 1, 0, 0
34949, 890, 1, 0, 0
35050, 900, 1, 0, 0
35150, 880, 1, 0, 0
35249, 909, 1, 0, 0
35349, 940, 1, 0, 0
35449, 880, 1, 0, 0
35549, 890, 1, 0, 0
35649, 890, 1, 0, 0
35749, 870, 1, 0, 0
35849, 850, 1, 0, 0
35949, 900, 1, 0, 0
36049, 860, 1, 0, 0
36149, 910, 1, 0, 0
36249, 910, 1, 0, 0
36349, 900, 1, 0, 0
36449, 860, 1, 0, 0
36550, 940, 1, 0, 0
36650, 890, 1, 0, 0
36749, 909, 1, 0, 0
36849, 930, 1, 0, 0
36949, 820, 1, 0, 0
37049, 930, 1, 0, 0
37149, 870, 1, 0, 0
37249, 890, 1, 0, 0
37349, 920, 1, 0, 0
37449, 910, 1, 0, 0
37549, 850, 1, 0, 0
37649, 920, 1, 0, 0
37749, 870, 1, 0, 0
37850, 870, 1, 0, 0
37950, 890, 1, 0, 0
38050, 860, 1, 0, 0
38150, 870, 1, 0, 0
38249, 878, 1, 0, 0
38349, 920, 1, 0, 0
38449, 900, 1, 0, 0
38549, 890, 1, 0, 0
38649, 870, 1, 0, 0
38749, 840, 1, 0, 0
38849, 880, 1, 0, 0
38949, 880, 1, 0, 0
39049, 870, 1, 0, 0
39149, 860, 1, 0, 0
39250, 840, 1, 0, 0
39350, 880, 1, 0, 0
39450, 890, 1, 0, 0
39550, 870, 1, 0, 0
39650, 840, 1, 0, 0
39749, 878, 1, 0, 0
39849, 900, 1, 0, 0
39949, 890, 1, 0, 0
40049, 860, 1, 0, 0
40149, 890, 1, 0, 0
40249, 830, 1, 0, 0
40349, 910, 1, 0, 0
40449, 900, 1, 0, 0
40549, 930, 1, 0, 0
40649, 880, 1, 0, 0
40750, 860, 1, 0, 0
40850, 910, 1, 0, 0
40950, 880, 1, 0, 0
41050, 910, 1, 0, 0
41150, 890, 1, 0, 0
41249, 919, 1, 0, 0
41349, 890, 1, 0, 0
41449, 910, 1, 0, 0
41549, 870, 1, 0, 0
41649, 880, 1, 0, 0
41749, 850, 1, 0, 0
41849, 880, 1, 0, 0
41949, 860, 1, 0, 0
42050, 890, 1, 0, 0
42150, 930, 1, 0, 0
42249, 858, 1, 0, 0
42349, 890, 1, 0, 0
42449, 920, 1, 0, 0
42549, 870, 1, 0, 0
42649, 870, 1, 0, 0
42749, 920, 1, 0, 0
42849, 910, 1, 0, 0
42949, 910, 1, 0, 0
43049, 880, 1, 0, 0
43149, 880, 1, 0, 0
43249, 910, 1, 0, 0
43349, 910, 1, 0, 0
43450, 930, 1, 0, 0
43550, 880, 1, 0, 0
43650, 890, 1, 0, 0
43749, 898, 1, 0, 0
43849, 930, 1, 0, 0
43949, 870, 1, 0, 0
44049, 870, 1, 0, 0
44149, 880, 1, 0, 0
44249, 880, 1, 0, 0
44349, 910, 1, 0, 0
44449, 900, 1, 0, 0
44549, 880, 1, 0, 0
44649, 850, 1, 0, 0
44750, 900, 1, 0, 0
44850, 900, 1, 0, 0
44950, 910, 1, 0, 0
45050, 880, 1, 0, 0
45150, 890, 1, 0, 0
45249, 888, 1, 0, 0
45349, 890, 1, 0, 0
45449, 870, 1, 0, 0
45549, 910, 1, 0, 0
45649, 890, 1, 0, 0
45749, 860, 1, 0, 0
45849, 840, 1, 0, 0
45949, 850, 1, 0, 0
46049, 900, 1, 0, 0
46150, 860, 1, 0, 0
46249, 868, 1, 0, 0
46349, 840, 1, 0, 0
46449, 850, 1, 0, 0
46549, 860, 1, 0, 0
46649, 840, 1, 0, 0
46749, 880, 1, 0, 0
46849, 840, 1, 0, 0
46949, 870, 1, 0, 0
47049, 890, 1, 0, 0
47149, 890, 1, 0, 0
47249, 890, 1, 0, 0
47349, 900, 1, 0, 0
47449, 840, 1, 0, 0
47550, 860, 1, 0, 0
47650, 910, 1, 0, 0
47749, 868, 1, 0, 0
47849, 900, 1, 0, 0
47949, 870, 1, 0, 0
48049, 890, 1, 0, 0
48149, 890, 1, 0, 0
48249, 870, 1, 0, 0
48349, 900, 1, 0, 0
48449, 860, 1, 0, 0
48549, 890, 1, 0, 0
48649, 870, 1, 0, 0
48749, 850, 1, 0, 0
48849, 860, 1, 0, 0
48949, 900, 1, 0, 0
49050, 880, 1, 0, 0
49150, 890, 1, 0, 0
49249, 888, 1, 0, 0
49349, 930, 1, 0, 0
49449, 910, 1, 0, 0
49549, 870, 1, 0, 0
49649, 950, 1, 0, 0
49749, 920, 1, 0, 0
49849, 850, 1, 0, 0
49949, 870, 1, 0, 0
50049, 930, 1, 0, 0
50149, 890, 1, 0, 0
50249, 910, 1, 0, 0
50350, 910, 1, 0, 0
50450, 890, 1, 0, 0
50550, 950, 1, 0, 0
50650, 880, 1, 0, 0
50749, 919, 1, 0, 0
50849, 910, 1, 0, 0
50949, 920, 1, 0, 0
51049, 950, 1, 0, 0
51149, 880, 1, 0, 0
51249, 940, 1, 0, 0
51349, 910, 1, 0, 0
51449, 890, 1, 0, 0
51549, 900, 1, 0, 0
51650, 910, 1, 0, 0
51750, 930, 1, 0, 0
51850, 880, 1, 0, 0
51950, 930, 1, 0, 0
52050, 890, 1, 0, 0
52150, 920, 1, 0, 0
52249, 909, 1, 0, 0
52349, 900, 1, 0, 0
52449, 950, 1, 0, 0
52549, 880, 1, 0, 0
52649, 900, 1, 0, 0
52749, 960, 1, 0, 0
52849, 860, 1, 0, 0
52949, 840, 1, 0, 0
53050, 900, 1, 0, 0
53150, 910, 1, 0, 0
53249, 878, 1, 0, 0
53349, 830, 1, 0, 0
53449, 930, 1, 0, 0
53549, 940, 1, 0, 0
53649, 890, 1, 0, 0
53749, 920, 1, 0, 0
53849, 890, 1, 0, 0
53949, 880, 1, 0, 0
54049, 900, 1, 0, 0
54149, 960, 1, 0, 0
54249, 900, 1, 0, 0
54349, 890, 1, 0, 0
54449, 920, 1, 0, 0
54550, 900, 1, 0, 0
54650, 900, 1, 0, 0
54749, 939, 1, 0, 0
54849, 930, 1, 0, 0
54949, 910, 1, 0, 0
55049, 910, 1, 0, 0
55149, 900, 1, 0, 0
55249, 860, 1, 0, 0
55349, 900, 1, 0, 0
55449, 960, 1, 0, 0
55549, 910, 1, 0, 0
55649, 940, 1, 0, 0
55749, 900, 1, 0, 0
55849, 870, 1, 0, 0
55950, 860, 1, 0, 0
56050, 900, 1, 0, 0
56150, 930, 1, 0, 0
56249, 929, 1, 0, 0
56349, 910, 1, 0, 0
56449, 930, 1, 0, 0
56549, 910, 1, 0, 0
56649, 930, 1, 0, 0
56749, 980, 1, 0, 0
56849, 910, 1, 0, 0
56949, 910, 1, 0, 0
57049, 880, 1, 0, 0
57149, 850, 1, 0, 0
57250, 870, 1, 0, 0
57350, 880, 1, 0, 0
57450, 930, 1, 0, 0
57550, 880, 1, 0, 0
57650, 880, 1, 0, 0
57749, 878, 1, 0, 0
57849, 890, 1, 0, 0
57949, 920, 1, 0, 0
58049, 910, 1, 0, 0
58149, 900, 1, 0, 0
58249, 890, 1, 0, 0
58349, 870, 1, 0, 0
58449, 840, 1, 0, 0
58549, 890, 1, 0, 0
58650, 890, 1, 0, 0
58749, 878, 1, 0, 0
58849, 880, 1, 0, 0
58949, 940, 1, 0, 0
59049, 890, 1, 0, 0
59149, 910, 1, 0, 0
59249, 840, 1, 0, 0
59349, 890, 1, 0, 0
59449, 850, 1, 0, 0
59549, 910, 1, 0, 0
59649, 850, 1, 0, 0
59749, 920, 1, 0, 0
59849, 900, 1, 0, 0
59949, 860, 1, 0, 0
60050, 900, 1, 0, 0
60150, 900, 1, 0, 0
60249, 939, 1, 0, 0
60349, 880, 1, 0, 0
60449, 900, 1, 0, 0
60549, 890, 1, 0, 0
60649, 880, 1, 0, 0
60749, 860, 1, 0, 0
60849, 850, 1, 0, 0
60949, 910, 1, 0, 0
61049, 830, 1, 0, 0
61149, 920, 1, 0, 0
61249, 900, 1, 0, 0
61349, 920, 1, 0, 0
61450, 910, 1, 0, 0
61550, 870, 1, 0, 0
61650, 920, 1, 0, 0
61749, 939, 1, 0, 0
61849, 870, 1, 0, 0
61949, 860, 1, 0, 0
62049, 840, 1, 0, 0
62149, 890, 1, 0, 0
62249, 860, 1, 0, 0
62349, 880, 1, 0, 0
62449, 920, 1, 0, 0
62549, 900, 1, 0, 0
62649, 880, 1, 0, 0
62750, 880, 1, 0, 0
62850, 820, 1, 0, 0
62950, 870, 1, 0, 0
63050, 870, 1, 0, 0
63150, 860, 1, 0, 0
63249, 919, 1, 0, 0
63349, 860, 1, 0, 0
63449, 920, 1, 0, 0
63549, 920, 1, 0, 0
63649, 920, 1, 0, 0
63749, 930, 1, 0, 0
63849, 880, 1, 0, 0
63949, 910, 1, 0, 0
64049, 890, 1, 0, 0
64150, 920, 1, 0, 0
64250, 880, 1, 0, 0
64350, 910, 1, 0, 0
64450, 920, 1, 0, 0
64550, 910, 1, 0, 0
64650, 860, 1, 0, 0
64749, 898, 1, 0, 0
64849, 850, 1, 0, 0
64949, 860, 1, 0, 0
65049, 840, 1, 0, 0
65149, 890, 1, 0, 0
65249, 880, 1, 0, 0
65349, 860, 1, 0, 0
65449, 910, 1, 0, 0
65550, 900, 1, 0, 0
65650, 880, 1, 0, 0
65749, 818, 1, 0, 0
65849, 820, 1, 0, 0
65949, 860, 1, 0, 0
66049, 870, 1, 0, 0
66149, 930, 1, 0, 0
66249, 910, 1, 0, 0
66349, 860, 1, 0, 0
66449, 870, 1, 0, 0
66549, 920, 1, 0, 0
66649, 940, 1, 0, 0
66749, 920, 1, 0, 0
66850, 930, 1, 0, 0
66950, 860, 1, 0, 0
67050, 870, 1, 0, 0
67150, 920, 1, 0, 0
67249, 898, 1, 0, 0
67349, 900, 1, 0, 0
67449, 940, 1, 0, 0
67549, 870, 1, 0, 0
67649, 910, 1, 0, 0
67749, 840, 1, 0, 0
67849, 830, 1, 0, 0
67949, 970, 1, 0, 0
68049, 890, 1, 0, 0
68149, 880, 1, 0, 0
68250, 860, 1, 0, 0
68350, 890, 1, 0, 0
68450, 930, 1, 0, 0
68550, 870, 1, 0, 0
68650, 910, 1, 0, 0
68749, 949, 1, 0, 0
68849, 930, 1, 0, 0
68949, 900, 1, 0, 0
69049, 920, 1, 0, 0
69149, 960, 1, 0, 0
69249, 920, 1, 0, 0
69349, 950, 1, 0, 0
69449, 950, 1, 0, 0
69550, 930, 1, 0, 0
69650, 940, 1, 0, 0
69749, 929, 1, 0, 0
69849, 950, 1, 0, 0
69949, 920, 1, 0, 0
70049, 900, 1, 0, 0
70149, 920, 1, 0, 0
70249, 910, 1, 0, 0
70349, 940, 1, 0, 0
70449, 920, 1, 0, 0
70549, 900, 1, 0, 0
70649, 940, 1, 0, 0
70749, 920, 1, 0, 0
70849, 910, 1, 0, 0
70949, 950, 1, 0, 0
71050, 910, 1, 0, 0
71150, 930, 1, 0, 0
71249, 909, 1, 0, 0
71349, 950, 1, 0, 0
71449, 970, 1, 0, 0
71549, 900, 1, 0, 0
71649, 950, 1, 0, 0
71749, 880, 1, 0, 0
71849, 910, 1, 0, 0
71949, 880, 1, 0, 0
72049, 920, 1, 0, 0
72149, 880, 1, 0, 0
72249, 910, 1, 0, 0
72350, 940, 1, 0, 0
72450, 890, 1, 0, 0
72550, 920, 1, 0, 0
72650, 840, 1, 0, 0
72749, 888, 1, 0, 0
72849, 910, 1, 0, 0
72949, 880, 1, 0, 0
73049, 890, 1, 0, 0
73149, 880, 1, 0, 0
73249, 960, 1, 0, 0
73349, 860, 1, 0, 0
73449, 920, 1, 0, 0
73549, 960, 1, 0, 0
73649, 880, 1, 0, 0
73750, 930, 1, 0, 0
73850, 900, 1, 0, 0
73950, 940, 1, 0, 0
74050, 990, 1, 0, 0
74150, 940, 1, 0, 0
74249, 888, 1, 0, 0
74349, 920, 1, 0, 0
74449, 930, 1, 0, 0
74549, 920, 1, 0, 0
74649, 900, 1, 0, 0
74749, 930, 1, 0, 0
74849, 940, 1, 0, 0
74949, 980, 1, 0, 0
75050, 900, 1, 0, 0
75150, 950, 1, 0, 0
75249, 939, 1, 0, 0
75349, 980, 1, 0, 0
75449, 890, 1, 0, 0
75549, 960, 1, 0, 0
75649, 940, 1, 0, 0
75749, 930, 1, 0, 0
75849, 900, 1, 0, 0
75949, 930, 1, 0, 0
76049, 930, 1, 0, 0
76149, 940, 1, 0, 0
76249, 940, 1, 0, 0
76349, 920, 1, 0, 0
76449, 950, 1, 0, 0
76550, 930, 1, 0, 0
76650, 920, 1, 0, 0
76749, 919, 1, 0, 0
76849, 930, 1, 0, 0
76949, 970, 1, 0, 0
77049, 950, 1, 0, 0
77149, 920, 1, 0, 0
77249, 920, 1, 0, 0
77349, 900, 1, 0, 0
77449, 910, 1, 0, 0
77549, 910, 1, 0, 0
77649, 910, 1, 0, 0
77749, 930, 1, 0, 0
77849, 950, 1, 0, 0
77950, 950, 1, 0, 0
78050, 930, 1, 0, 0
78150, 860, 1, 0, 0
78249, 919, 1, 0, 0
78349, 920, 1, 0, 0
78449, 870, 1, 0, 0
78549, 900, 1, 0, 0
78649, 900, 1, 0, 0
78749, 910, 1, 0, 0
78849, 890, 1, 0, 0
78949, 940, 1, 0, 0
79049, 920, 1, 0, 0
79149, 880, 1, 0, 0
79250, 910, 1, 0, 0
79350, 910, 1, 0, 0
79450, 930, 1, 0, 0
79550, 930, 1, 0, 0
79650, 940, 1, 0, 0
79749, 898, 1, 0, 0
79849, 910, 1, 0, 0
79949, 900, 1, 0, 0
80049, 870, 1, 0, 0
80149, 860, 1, 0, 0
80249, 880, 1, 0, 0
80349, 930, 1, 0, 0
80449, 930, 1, 0, 0
80549, 940, 1, 0, 0
80649, 920, 1, 0, 0
80750, 850, 1, 0, 0
80850, 910, 1, 0, 0
80950, 870, 1, 0, 0
81050, 830, 1, 0, 0
81150, 910, 1, 0, 0
81249, 888, 1, 0, 0
81349, 900, 1, 0, 0
81449, 860, 1, 0, 0
81549, 920, 1, 0, 0
81649, 920, 1, 0, 0
81749, 900, 1, 0, 0
81849, 940, 1, 0, 0
81949, 910, 1, 0, 0
82050, 930, 1, 0, 0
82150, 900, 1, 0, 0
82249, 919, 1, 0, 0
82349, 900, 1, 0, 0
82449, 910, 1, 0, 0
82549, 880, 1, 0, 0
82649, 910, 1, 0, 0
82749, 930, 1, 0, 0
82849, 930, 1, 0, 0
82949, 940, 1, 0, 0
83049, 900, 1, 0, 0
83149, 920, 1, 0, 0
83250, 880, 1, 0, 0
83350, 920, 1, 0, 0
83450, 940, 1, 0, 0
83550, 890, 1, 0, 0
83650, 960, 1, 0, 0
83749, 959, 1, 0, 0
83849, 890, 1, 0, 0
83949, 940, 1, 0, 0
84049, 900, 1, 0, 0
84149, 940, 1, 0, 0
84249, 880, 1, 0, 0
84349, 920, 1, 0, 0
84449, 920, 1, 0, 0
84549, 960, 1, 0, 0
84649, 890, 1, 0, 0
84750, 910, 1, 0, 0
84850, 900, 1, 0, 0
84950, 910, 1, 0, 0
85050, 880, 1, 0, 0
85150, 910, 1, 0, 0
85249, 949, 1, 0, 0
85349, 910, 1, 0, 0
85449, 940, 1, 0, 0
85549, 960, 1, 0, 0
85649, 930, 1, 0, 0
85749, 940, 1, 0, 0
85849, 930, 1, 0, 0
85949, 940, 1, 0, 0
86050, 920, 1, 0, 0
86150, 920, 1, 0, 0
86249, 939, 1, 0, 0
86349, 940, 1, 0, 0
86449, 940, 1, 0, 0
86549, 960, 1, 0, 0
86649, 930, 1, 0, 0
86749, 910, 1, 0, 0
86849, 890, 1, 0, 0
86949, 910, 1, 0, 0
87049, 940, 1, 0, 0
87149, 880, 1, 0, 0
87249, 940, 1, 0, 0
87349, 900, 1, 0, 0
87450, 920, 1, 0, 0
87550, 900, 1, 0, 0
87650, 900, 1, 0, 0
87749, 888, 1, 0, 0
87849, 910, 1, 0, 0
87949, 890, 1, 0, 0
88049, 950, 1, 0, 0
88149, 940, 1, 0, 0
88249, 900, 1, 0, 0
88349, 870, 1, 0, 0
88449, 900, 1, 0, 0
88549, 880, 1, 0, 0
88649, 900, 1, 0, 0
88749, 850, 1, 0, 0
88850, 850, 1, 0, 0
88950, 860, 1, 0, 0
89050, 890, 1, 0, 0
89150, 940, 1, 0, 0
89249, 929, 1, 0, 0
89349, 940, 1, 0, 0
89449, 910, 1, 0, 0
89549, 940, 1, 0, 0
89649, 920, 1, 0, 0
89749, 950, 1, 0, 0
89849, 890, 1, 0, 0
89949, 940, 1, 0, 0
90049, 920, 1, 0, 0
90150, 970, 1, 0, 0
90250, 880, 1, 0, 0
90350, 930, 1, 0, 0
90450, 890, 1, 0, 0
90550, 940, 1, 0, 0
90650, 900, 1, 0, 0
90749, 939, 1, 0, 0
90849, 880, 1, 0, 0
90949, 910, 1, 0, 0
91049, 970, 1, 0, 0
91149, 900, 1, 0, 0
91249, 950, 1, 0, 0
91349, 940, 1, 0, 0
91449, 850, 1, 0, 0
91550, 910, 1, 0, 0
91650, 910, 1, 0, 0
91749, 929, 1, 0, 0
91849, 920, 1, 0, 0
91949, 900, 1, 0, 0
92049, 940, 1, 0, 0
92149, 920, 1, 0, 0
92249, 910, 1, 0, 0
92349, 930, 1, 0, 0
92449, 920, 1, 0, 0
92549, 950, 1, 0, 0
92649, 920, 1, 0, 0
92749, 920, 1, 0, 0
92849, 930, 1, 0, 0
92950, 960, 1, 0, 0
93050, 900, 1, 0, 0
93150, 890, 1, 0, 0
93249, 909, 1, 0, 0
93349, 910, 1, 0, 0
93449, 880, 1, 0, 0
93549, 930, 1, 0, 0
93649, 950, 1, 0, 0
93749, 930, 1, 0, 0
93849, 920, 1, 0, 0
93949, 950, 1, 0, 0
94049, 950, 1, 0, 0
94149, 940, 1, 0, 0
94250, 940, 1, 0, 0
94350, 920, 1, 0, 0
94450, 920, 1, 0, 0
94550, 940, 1, 0, 0
94650, 930, 1, 0, 0
94749, 929, 1, 0, 0
94849, 940, 1, 0, 0
94949, 950, 1, 0, 0
95049, 910, 1, 0, 0
95149, 870, 1, 0, 0
95249, 940, 1, 0, 0
95349, 910, 1, 0, 0
95449, 910, 1, 0, 0
95550, 870, 1, 0, 0
95650, 960, 1, 0, 0
95749, 929, 1, 0, 0
95849, 910, 1, 0, 0
95949, 940, 1, 0, 0
96049, 930, 1, 0, 0
96149, 950, 1, 0, 0
96249, 960, 1, 0, 0
96349, 960, 1, 0, 0
96449, 960, 1, 0, 0
96549, 950, 1, 0, 0
96649, 970, 1, 0, 0
96749, 910, 1, 0, 0
96849, 940, 1, 0, 0
96950, 920, 1, 0, 0
97050, 910, 1, 0, 0
97150, 970, 1, 0, 0
97249, 939, 1, 0, 0
97349, 950, 1, 0, 0
97449, 950, 1, 0, 0
97549, 900, 1, 0, 0
97649, 910, 1, 0, 0
97749, 910, 1, 0, 0
97849, 920, 1, 0, 0
97949, 940, 1, 0, 0
98049, 920, 1, 0, 0
98149, 920, 1, 0, 0
98249, 970, 1, 0, 0
98350, 870, 1, 0, 0
98450, 950, 1, 0, 0
98550, 940, 1, 0, 0
98650, 920, 1, 0, 0
98749, 929, 1, 0, 0
98849, 920, 1, 0, 0
98949, 890, 1, 0, 0
99049, 990, 1, 0, 0
99149, 880, 1, 0, 0
99249, 970, 1, 0, 0
99349, 990, 1, 0, 0
99449, 980, 1, 0, 0
99549, 920, 1, 0, 0
99649, 930, 1, 0, 0
99750, 970, 1, 0, 0
99850, 900, 1, 0, 0
99950, 930, 1, 0, 0
100050, 970, 1, 0, 0
100150, 910, 1, 0, 0
100249, 909, 1, 0, 0
100349, 950, 1, 0, 0
100449, 950, 1, 0, 0
100549, 930, 1, 0, 0
100649, 920, 1, 0, 0
100749, 880, 1, 0, 0
100849, 940, 1, 0, 0
100949, 940, 1, 0, 0
101049, 930, 1, 0, 0
101150, 930, 1, 0, 0
101250, 920, 1, 0, 0
101350, 940, 1, 0, 0
101450, 930, 1, 0, 0
101550, 920, 1, 0, 0
101650, 920, 1, 0, 0
101749, 939, 1, 0, 0
101849, 960, 1, 0, 0
101949, 920, 1, 0, 0
102049, 910, 1, 0, 0
102149, 940, 1, 0, 0
102249, 940, 1, 0, 0
102349, 890, 1, 0, 0
102449, 890, 1, 0, 0
102550, 960, 1, 0, 0
102650, 940, 1, 0, 0
102749, 919, 1, 0, 0
102849, 940, 1, 0, 0
102949, 950, 1, 0, 0
103049, 940, 1, 0, 0
103149, 940, 1, 0, 0
103249, 940, 1, 0, 0
103349, 920, 1, 0, 0
103449, 900, 1, 0, 0
103549, 890, 1, 0, 0
103649, 890, 1, 0, 0
103750, 940, 1, 0, 0
103850, 930, 1, 0, 0
103950, 940, 1, 0, 0
104050, 870, 1, 0, 0
104150, 950, 1, 0, 0
104249, 919, 1, 0, 0
104349, 980, 1, 0, 0
104449, 970, 1, 0, 0
104549, 970, 1, 0, 0
104649, 920, 1, 0, 0
104749, 910, 1, 0, 0
104849, 920, 1, 0, 0
104949, 940, 1, 0, 0
105049, 930, 1, 0, 0
105150, 930, 1, 0, 0
105250, 960, 1, 0, 0
105350, 920, 1, 0, 0
105450, 920, 1, 0, 0
105550, 960, 1, 0, 0
105650, 980, 1, 0, 0
105749, 929, 1, 0, 0
105849, 930, 1, 0, 0
105949, 930, 1, 0, 0
106049, 900, 1, 0, 0
106149, 950, 1, 0, 0
106249, 990, 1, 0, 0
106349, 930, 1, 0, 0
106449, 940, 1, 0, 0
106550, 920, 1, 0, 0
106650, 940, 1, 0, 0
106749, 949, 1, 0, 0
106849, 920, 1, 0, 0
106949, 910, 1, 0, 0
107049, 910, 1, 0, 0
107149, 900, 1, 0, 0
107249, 890, 1, 0, 0
107349, 940, 1, 0, 0
107449, 930, 1, 0, 0
107549, 940, 1, 0, 0
107649, 930, 1, 0, 0
107749, 930, 1, 0, 0
107849, 940, 1, 0, 0
107949, 930, 1, 0, 0
108050, 900, 1, 0, 0
108150, 930, 1, 0, 0
108249, 909, 1, 0, 0
108349, 960, 1, 0, 0
108449, 940, 1, 0, 0
108549, 940, 1, 0, 0
108649, 950, 1, 0, 0
108749, 920, 1, 0, 0
108849, 950, 1, 0, 0
108949, 930, 1, 0, 0
109049, 950, 1, 0, 0
109149, 960, 1, 0, 0
109249, 900, 1, 0, 0
109350, 920, 1, 0, 0
109450, 940, 1, 0, 0
109550, 930, 1, 0, 0
109650, 910, 1, 0, 0
109749, 898, 1, 0, 0
109849, 960, 1, 0, 0
109949, 970, 1, 0, 0
110049, 970, 1, 0, 0
110149, 910, 1, 0, 0
110249, 960, 1, 0, 0
110349, 940, 1, 0, 0
110449, 870, 1, 0, 0
110549, 900, 1, 0, 0
110649, 920, 1, 0, 0
110750, 860, 1, 0, 0
110850, 880, 1, 0, 0
110950, 980, 1, 0, 0
111050, 910, 1, 0, 0
111150, 950, 1, 0, 0
111249, 919, 1, 0, 0
111349, 920, 1, 0, 0
111449, 940, 1, 0, 0
111549, 950, 1, 0, 0
111649, 960, 1, 0, 0
111749, 940, 1, 0, 0
111849, 940, 1, 0, 0
111949, 970, 1, 0, 0
112050, 940, 1, 0, 0
112150, 980, 1, 0, 0
112249, 959, 1, 0, 0
112349, 970, 1, 0, 0
112449, 940, 1, 0, 0
112549, 950, 1, 0, 0
112649, 920, 1, 0, 0
112749, 930, 1, 0, 0
112849, 920, 1, 0, 0
112949, 960, 1, 0, 0
113049, 950, 1, 0, 0
113149, 980, 1, 0, 0
113249, 930, 1, 0, 0
113349, 900, 1, 0, 0
113449, 940, 1, 0, 0
113550, 940, 1, 0, 0
113650, 930, 1, 0, 0
113749, 959, 1, 0, 0
113849, 970, 1, 0, 0
113949, 980, 1, 0, 0
114049, 950, 1, 0, 0
114149, 960, 1, 0, 0
114249, 910, 1, 0, 0
114349, 950, 1, 0, 0
114449, 920, 1, 0, 0
114549, 990, 1, 0, 0
114649, 980, 1, 0, 0
114749, 1010, 1, 0, 0
114850, 950, 1, 0, 0
114950, 920, 1, 0, 0
115050, 910, 1, 0, 0
115150, 910, 1, 0, 0
115249, 969, 1, 0, 0
115349, 950, 1, 0, 0
115449, 970, 1, 0, 0
115549, 990, 1, 0, 0
115649, 960, 1, 0, 0
115749, 930, 1, 0, 0
115849, 880, 1, 0, 0
115949, 980, 1, 0, 0
116049, 920, 1, 0, 0
116149, 960, 1, 0, 0
116250, 980, 1, 0, 0
116350, 1010, 1, 0, 0
116450, 940, 1, 0, 0
116550, 980, 1, 0, 0
116650, 950, 1, 0, 0
116749, 979, 1, 0, 0
116849, 920, 1, 0, 0
116949, 920, 1, 0, 0
117049, 940, 1, 0, 0
117149, 1010, 1, 0, 0
117249, 950, 1, 0, 0
117349, 980, 1, 0, 0
117449, 840, 1, 0, 0
117549, 950, 1, 0, 0
117649, 920, 1, 0, 0
117750, 970, 1, 0, 0
117850, 970, 1, 0, 0
117950, 930, 1, 0, 0
118050, 960, 1, 0, 0
118150, 980, 1, 0, 0
118249, 989, 1, 0, 0
118349, 990, 1, 0, 0
118449, 940, 1, 0, 0
118549, 960, 1, 0, 0
118649, 940, 1, 0, 0
118749, 930, 1, 0, 0
118849, 990, 1, 0, 0
118949, 860, 1, 0, 0
119050, 950, 1, 0, 0
119150, 960, 1, 0, 0
119250, 940, 1, 0, 0
119350, 950, 1, 0, 0
119450, 900, 1, 0, 0
119550, 960, 1, 0, 0
119650, 970, 1, 0, 0
119749, 939, 1, 0, 0
119849, 940, 1, 0, 0
119949, 990, 1, 0, 0
120049, 940, 1, 0, 0
120149, 940, 1, 0, 0
120249, 1010, 1, 0, 0
120349, 930, 1, 0, 0
120450, 980, 1, 0, 0
120550, 960, 1, 0, 0
120650, 980, 1, 0, 0
120749, 989, 1, 0, 0
120849, 950, 1, 0, 0
120949, 940, 1, 0, 0
121049, 980, 1, 0, 0
121149, 920, 1, 0, 0
121249, 950, 1, 0, 0
121349, 970, 1, 0, 0
121449, 950, 1, 0, 0
121549, 980, 1, 0, 0
121649, 940, 1, 0, 0
121750, 950, 1, 0, 0
121850, 960, 1, 0, 0
121950, 880, 1, 0, 0
122050, 940, 1, 0, 0
122150, 1000, 1, 0, 0
122249, 969, 1, 0, 0
122349, 940, 1, 0, 0
122449, 930, 1, 0, 0
122549, 940, 1, 0, 0
122649, 990, 1, 0, 0
122749, 960, 1, 0, 0
122849, 960, 1, 0, 0
122949, 940, 1, 0, 0
123049, 940, 1, 0, 0
123150, 790, 1, 0, 0
123250, 950, 1, 0, 0
123350, 910, 1, 0, 0
123450, 930, 1, 0, 0
123550, 900, 1, 0, 0
123650, 870, 1, 0, 0
123749, 929, 1, 0, 0
123849, 990, 1, 0, 0
123949, 980, 1, 0, 0
124049, 920, 1, 0, 0
124149, 950, 1, 0, 0
124249, 930, 1, 0, 0
124349, 950, 1, 0, 0
124449, 950, 1, 0, 0
124550, 970, 1, 0, 0
124650, 950, 1, 0, 0
124749, 929, 1, 0, 0
124849, 920, 1, 0, 0
124949, 990, 1, 0, 0
125049, 990, 1, 0, 0
125149, 990, 1, 0, 0
125249, 940, 1, 0, 0
125349, 940, 1, 0, 0
125449, 960, 1, 0, 0
125549, 940, 1, 0, 0
125649, 980, 1, 0, 0
125749, 940, 1, 0, 0
125850, 970, 1, 0, 0
125950, 930, 1, 0, 0
126050, 940, 1, 0, 0
126150, 950, 1, 0, 0
126249, 949, 1, 0, 0
126349, 990, 1, 0, 0
126449, 940, 1, 0, 0
126549, 970, 1, 0, 0
126649, 930, 1, 0, 0
126749, 900, 1, 0, 0
126849, 950, 1, 0, 0
126949, 960, 1, 0, 0
127049, 930, 1, 0, 0
127149, 970, 1, 0, 0
127250, 990, 1, 0, 0
127350, 990, 1, 0, 0
127450, 970, 1, 0, 0
127550, 950, 1, 0, 0
127650, 980, 1, 0, 0
127749, 939, 1, 0, 0
127849, 930, 1, 0, 0
127949, 930, 1, 0, 0
128049, 960, 1, 0, 0
128149, 950, 1, 0, 0
128249, 980, 1, 0, 0
128349, 960, 1, 0, 0
128449, 940, 1, 0, 0
128549, 990, 1, 0, 0
128650, 940, 1, 0, 0
128750, 980, 1, 0, 0
128850, 940, 1, 0, 0
128950, 930, 1, 0, 0
129050, 950, 1, 0, 0
129150, 960, 1, 0, 0
129249, 1000, 1, 0, 0
129349, 950, 1, 0, 0
129449, 940, 1, 0, 0
129549, 980, 1, 0, 0
129649, 960, 1, 0, 0
129749, 980, 1, 0, 0
129849, 970, 1, 0, 0
129949, 980, 1, 0, 0
130050, 990, 1, 0, 0
130150, 1010, 1, 0, 0
130249, 919, 1, 0, 0
130349, 930, 1, 0, 0
130449, 940, 1, 0, 0
130549, 940, 1, 0, 0
130649, 930, 1, 0, 0
130749, 960, 1, 0, 0
130849, 920, 1, 0, 0
130949, 940, 1, 0, 0
131049, 950, 1, 0, 0
131149, 960, 1, 0, 0
131249, 970, 1, 0, 0
131350, 970, 1, 0, 0
131450, 910, 1, 0, 0
131550, 970, 1, 0, 0
131650, 970, 1, 0, 0
131749, 909, 1, 0, 0
131849, 960, 1, 0, 0
131949, 910, 1, 0, 0
132049, 940, 1, 0, 0
132149, 950, 1, 0, 0
132249, 930, 1, 0, 0
132349, 910, 1, 0, 0
132449, 930, 1, 0, 0
132549, 900, 1, 0, 0
132649, 950, 1, 0, 0
132750, 940, 1, 0, 0
132850, 940, 1, 0, 0
132950, 980, 1, 0, 0
133050, 950, 1, 0, 0
133150, 910, 1, 0, 0
133249, 929, 1, 0, 0
133349, 980, 1, 0, 0
133449, 930, 1, 0, 0
133549, 920, 1, 0, 0
133649, 930, 1, 0, 0
133749, 930, 1, 0, 0
133849, 920, 1, 0, 0
133949, 920, 1, 0, 0
134050, 940, 1, 0, 0
134150, 950, 1, 0, 0
134250, 940, 1, 0, 0
134350, 930, 1, 0, 0
134450, 940, 1, 0, 0
134550, 890, 1, 0, 0
134650, 970, 1, 0, 0
134749, 909, 1, 0, 0
134849, 970, 1, 0, 0
134949, 930, 1, 0, 0
135049, 910, 1, 0, 0
135149, 950, 1, 0, 0
135249, 980, 1, 0, 0
135349, 930, 1, 0, 0
135449, 950, 1, 0, 0
135550, 970, 1, 0, 0
135650, 960, 1, 0, 0
135749, 939, 1, 0, 0
135849, 980, 1, 0, 0
135949, 930, 1, 0, 0
136049, 970, 1, 0, 0
136149, 940, 1, 0, 0
136249, 930, 1, 0, 0
136349, 990, 1, 0, 0
136449, 930, 1, 0, 0
136549, 940, 1, 0, 0
136649, 930, 1, 0, 0
136749, 980, 1, 0, 0
136850, 940, 1, 0, 0
136950, 910, 1, 0, 0
137050, 950, 1, 0, 0
137150, 900, 1, 0, 0
137249, 949, 1, 0, 0
137349, 900, 1, 0, 0
137449, 980, 1, 0, 0
137549, 930, 1, 0, 0
137649, 940, 1, 0, 0
137749, 950, 1, 0, 0
137849, 960, 1, 0, 0
137949, 950, 1, 0, 0
138049, 920, 1, 0, 0
138149, 930, 1, 0, 0
138250, 990, 1, 0, 0
138350, 930, 1, 0, 0
138450, 940, 1, 0, 0
138550, 970, 1, 0, 0
138650, 940, 1, 0, 0
138749, 949, 1, 0, 0
138849, 980, 1, 0, 0
138949, 920, 1, 0, 0
139049, 970, 1, 0, 0
139149, 970, 1, 0, 0
139249, 920, 1, 0, 0
139349, 960, 1, 0, 0
139449, 960, 1, 0, 0
139550, 990, 1, 0, 0
139650, 980, 1, 0, 0
139749, 909, 1, 0, 0
139849, 950, 1, 0, 0
139949, 930, 1, 0, 0
140049, 940, 1, 0, 0
140149, 930, 1, 0, 0
140249, 940, 1, 0, 0
140349, 970, 1, 0, 0
140449, 920, 1, 0, 0
140549, 980, 1, 0, 0
140649, 990, 1, 0, 0
140749, 950, 1, 0, 0
140850, 950, 1, 0, 0
140950, 990, 1, 0, 0
141050, 950, 1, 0, 0
141150, 970, 1, 0, 0
141249, 909, 1, 0, 0
141349, 950, 1, 0, 0
141449, 930, 1, 0, 0
141549, 970, 1, 0, 0
141649, 930, 1, 0, 0
141749, 940, 1, 0, 0
141849, 960, 1, 0, 0
141949, 940, 1, 0, 0
142049, 920, 1, 0, 0
142149, 890, 1, 0, 0
142250, 890, 1, 0, 0
142350, 980, 1, 0, 0
142450, 910, 1, 0, 0
142550, 930, 1, 0, 0
142650, 960, 1, 0, 0
142749, 929, 1, 0, 0
142849, 920, 1, 0, 0
142949, 920, 1, 0, 0
143049, 920, 1, 0, 0
143149, 920, 1, 0, 0
143249, 950, 1, 0, 0
143349, 910, 1, 0, 0
143449, 940, 1, 0, 0
143550, 920, 1, 0, 0
143650, 950, 1, 0, 0
143749, 898, 1, 0, 0
143849, 960, 1, 0, 0
143949, 980, 1, 0, 0
144049, 960, 1, 0, 0
144149, 910, 1, 0, 0
144249, 930, 1, 0, 0
144349, 1000, 1, 0, 0
144449, 930, 1, 0, 0
144549, 920, 1, 0, 0
144649, 950, 1, 0, 0
144749, 950, 1, 0, 0
144849, 920, 1, 0, 0
144949, 950, 1, 0, 0
145050, 940, 1, 0, 0
145150, 970, 1, 0, 0
145249, 959, 1, 0, 0
145349, 930, 1, 0, 0
145449, 900, 1, 0, 0
145549, 960, 1, 0, 0
145649, 950, 1, 0, 0
145749, 940, 1, 0, 0
145849, 890, 1, 0, 0
145949, 950, 1, 0, 0
146049, 940, 1, 0, 0
146149, 970, 1, 0, 0
146249, 910, 1, 0, 0
146350, 910, 1, 0, 0
146450, 950, 1, 0, 0
146550, 940, 1, 0, 0
146650, 970, 1, 0, 0
146749, 959, 1, 0, 0
146849, 960, 1, 0, 0
146949, 970, 1, 0, 0
147049, 960, 1, 0, 0
147149, 920, 1, 0, 0
147249, 950, 1, 0, 0
147349, 950, 1, 0, 0
147449, 970, 1, 0, 0
147549, 950, 1, 0, 0
147649, 940, 1, 0, 0
147750, 960, 1, 0, 0
147850, 960, 1, 0, 0
147950, 900, 1, 0, 0
148050, 950, 1, 0, 0
148150, 930, 1, 0, 0
148249, 909, 1, 0, 0
148349, 970, 1, 0, 0
148449, 970, 1, 0, 0
148549, 940, 1, 0, 0
148649, 930, 1, 0, 0
148749, 970, 1, 0, 0
148849, 980, 1, 0, 0
148949, 920, 1, 0, 0
149050, 960, 1, 0, 0
149150, 910, 1, 0, 0
149249, 909, 1, 0, 0
149349, 950, 1, 0, 0
149449, 950, 1, 0, 0
149549, 950, 1, 0, 0
149649, 880, 1, 0, 0
149749, 940, 1, 0, 0
149849, 930, 1, 0, 0
149949, 980, 1, 0, 0
150049, 950, 1, 0, 0
150149, 950, 1, 0, 0
150249, 960, 1, 0, 0
150349, 960, 1, 0, 0
150450, 910, 1, 0, 0
150550, 910, 1, 0, 0
150650, 990, 1, 0, 0
150749, 959, 1, 0, 0
150849, 970, 1, 0, 0
150949, 960, 1, 0, 0
151049, 970, 1, 0, 0
151149, 920, 1, 0, 0
151249, 940, 1, 0, 0
151349, 950, 1, 0, 0
151449, 930, 1, 0, 0
151549, 940, 1, 0, 0
151649, 940, 1, 0, 0
151750, 910, 1, 0, 0
151850, 970, 1, 0, 0
151950, 950, 1, 0, 0
152050, 910, 1, 0, 0
152150, 960, 1, 0, 0
152249, 969, 1, 0, 0
152349, 900, 1, 0, 0
152449, 930, 1, 0, 0
152549, 930, 1, 0, 0
152649, 920, 1, 0, 0
152749, 930, 1, 0, 0
152849, 960, 1, 0, 0
152949, 950, 1, 0, 0
153049, 990, 1, 0, 0
153150, 960, 1, 0, 0
153250, 930, 1, 0, 0
153350, 950, 1, 0, 0
153450, 950, 1, 0, 0
153550, 930, 1, 0, 0
153650, 910, 1, 0, 0
153749, 969, 1, 0, 0
153849, 920, 1, 0, 0
153949, 930, 1, 0, 0
154049, 950, 1, 0, 0
154149, 940, 1, 0, 0
154249, 900, 1, 0, 0
154349, 910, 1, 0, 0
154449, 910, 1, 0, 0
154550, 960, 1, 0, 0
154650, 950, 1, 0, 0
154749, 909, 1, 0, 0
154849, 950, 1, 0, 0
154949, 950, 1, 0, 0
155049, 950, 1, 0, 0
155149, 940, 1, 0, 0
155249, 920, 1, 0, 0
155349, 900, 1, 0, 0
155449, 920, 1, 0, 0
155549, 940, 1, 0, 0
155649, 980, 1, 0, 0
155750, 970, 1, 0, 0
155850, 930, 1, 0, 0
155950, 960, 1, 0, 0
156050, 960, 1, 0, 0
156150, 960, 1, 0, 0
156249, 959, 1, 0, 0
156349, 1010, 1, 0, 0
156449, 900, 1, 0, 0
156549, 960, 1, 0, 0
156649, 930, 1, 0, 0
156749, 950, 1, 0, 0
156849, 950, 1, 0, 0
156949, 910, 1, 0, 0
157049, 940, 1, 0, 0
157150, 950, 1, 0, 0
157250, 960, 1, 0, 0
157350, 940, 1, 0, 0
157450, 900, 1, 0, 0
157550, 900, 1, 0, 0
157650, 930, 1, 0, 0
157749, 949, 1, 0, 0
157849, 910, 1, 0, 0
157949, 960, 1, 0, 0
158049, 890, 1, 0, 0
158149, 970, 1, 0, 0
158249, 930, 1, 0, 0
158349, 970, 1, 0, 0
158449, 950, 1, 0, 0
158550, 870, 1, 0, 0
158650, 880, 1, 0, 0
158749, 949, 1, 0, 0
158849, 930, 1, 0, 0
158949, 910, 1, 0, 0
159049, 950, 1, 0, 0
159149, 930, 1, 0, 0
159249, 980, 1, 0, 0
159349, 940, 1, 0, 0
159449, 910, 1, 0, 0
159549, 910, 1, 0, 0
159649, 960, 1, 0, 0
159749, 930, 1, 0, 0
159850, 930, 1, 0, 0
159950, 930, 1, 0, 0
160050, 980, 1, 0, 0
160150, 930, 1, 0, 0
160249, 898, 1, 0, 0
160349, 900, 1, 0, 0
160449, 920, 1, 0, 0
160549, 910, 1, 0, 0
160649, 880, 1, 0, 0
160749, 910, 1, 0, 0
160849, 920, 1, 0, 0
160949, 890, 1, 0, 0
161049, 930, 1, 0, 0
161149, 950, 1, 0, 0
161250, 970, 1, 0, 0
161350, 940, 1, 0, 0
161450, 890, 1, 0, 0
161550, 880, 1, 0, 0
161650, 920, 1, 0, 0
161749, 959, 1, 0, 0
161849, 970, 1, 0, 0
161949, 920, 1, 0, 0
162049, 950, 1, 0, 0
162149, 940, 1, 0, 0
162249, 940, 1, 0, 0
162349, 950, 1, 0, 0
162449, 940, 1, 0, 0
162550, 900, 1, 0, 0
162650, 940, 1, 0, 0
162750, 930, 1, 0, 0
162850, 960, 1, 0, 0
162950, 950, 1, 0, 0
163050, 960, 1, 0, 0
163150, 920, 1, 0, 0
163249, 969, 1, 0, 0
163349, 930, 1, 0, 0
163449, 910, 1, 0, 0
163549, 910, 1, 0, 0
163649, 920, 1, 0, 0
163749, 950, 1, 0, 0
163849, 950, 1, 0, 0
163949, 930, 1, 0, 0
164050, 950, 1, 0, 0
164150, 980, 1, 0, 0
164249, 969, 1, 0, 0
164349, 920, 1, 0, 0
164449, 970, 1, 0, 0
164549, 920, 1, 0, 0
164649, 960, 1, 0, 0
164749, 920, 1, 0, 0
164849, 960, 1, 0, 0
164949, 970, 1, 0, 0
165049, 950, 1, 0, 0
165149, 940, 1, 0, 0
165249, 960, 1, 0, 0
165350, 950, 1, 0, 0
165450, 980, 1, 0, 0
165550, 960, 1, 0, 0
165650, 940, 1, 0, 0
165749, 949, 1, 0, 0
165849, 960, 1, 0, 0
165949, 900, 1, 0, 0
166049, 970, 1, 0, 0
166149, 920, 1, 0, 0
166249, 930, 1, 0, 0
166349, 900, 1, 0, 0
166449, 970, 1, 0, 0
166549, 940, 1, 0, 0
166649, 940, 1, 0, 0
166750, 980, 1, 0, 0
166850, 940, 1, 0, 0
166950, 990, 1, 0, 0
167050, 920, 1, 0, 0
167150, 960, 1, 0, 0
167249, 939, 1, 0, 0
167349, 940, 1, 0, 0
167449, 930, 1, 0, 0
167549, 910, 1, 0, 0
167649, 920, 1, 0, 0
167749, 980, 1, 0, 0
167849, 930, 1, 0, 0
167949, 960, 1, 0, 0
168050, 940, 1, 0, 0
168150, 940, 1, 0, 0
168249, 919, 1, 0, 0
168349, 940, 1, 0, 0
168449, 950, 1, 0, 0
168549, 930, 1, 0, 0
168649, 960, 1, 0, 0
168749, 970, 1, 0, 0
168849, 980, 1, 0, 0
168949, 1010, 1, 0, 0
169049, 950, 1, 0, 0
169149, 950, 1, 0, 0
169249, 940, 1, 0, 0
169349, 920, 1, 0, 0
169450, 950, 1, 0, 0
169550, 960, 1, 0, 0
169650, 980, 1, 0, 0
169749, 909, 1, 0, 0
169849, 980, 1, 0, 0
169949, 930, 1, 0, 0
170049, 930, 1, 0, 0
170149, 930, 1, 0, 0
170249, 970, 1, 0, 0
170349, 960, 1, 0, 0
170449, 970, 1, 0, 0
170549, 980, 1, 0, 0
170649, 940, 1, 0, 0
170750, 970, 1, 0, 0
170850, 990, 1, 0, 0
170950, 950, 1, 0, 0
171050, 990, 1, 0, 0
171150, 930, 1, 0, 0
171249, 909, 1, 0, 0
171349, 1010, 1, 0, 0
171449, 980, 1, 0, 0
171549, 920, 1, 0, 0
171649, 940, 1, 0, 0
171749, 970, 1, 0, 0
171849, 960, 1, 0, 0
171949, 890, 1, 0, 0
172049, 910, 1, 0, 0
172149, 940, 1, 0, 0
172250, 890, 1, 0, 0
172350, 890, 1, 0, 0
172450, 960, 1, 0, 0
172550, 940, 1, 0, 0
172650, 970, 1, 0, 0
172749, 929, 1, 0, 0
172849, 860, 1, 0, 0
172949, 950, 1, 0, 0
173049, 910, 1, 0, 0
173149, 950, 1, 0, 0
173249, 920, 1, 0, 0
173349, 930, 1, 0, 0
173449, 950, 1, 0, 0
173550, 970, 1, 0, 0
173650, 940, 1, 0, 0
173750, 990, 1, 0, 0
173850, 990, 1, 0, 0
173950, 940, 1, 0, 0
174050, 940, 1, 0, 0
174150, 940, 1, 0, 0
174249, 959, 1, 0, 0
174349, 910, 1, 0, 0
174449, 960, 1, 0, 0
174549, 960, 1, 0, 0
174649, 980, 1, 0, 0
174749, 960, 1, 0, 0
174849, 950, 1, 0, 0
174949, 960, 1, 0, 0
175050, 910, 1, 0, 0
175150, 950, 1, 0, 0
175249, 939, 1, 0, 0
175349, 970, 1, 0, 0
175449, 970, 1, 0, 0
175549, 940, 1, 0, 0
175649, 920, 1, 0, 0
175749, 900, 1, 0, 0
175849, 990, 1, 0, 0
175949, 990, 1, 0, 0
176049, 900, 1, 0, 0
176149, 900, 1, 0, 0
176249, 970, 1, 0, 0
176350, 940, 1, 0, 0
176450, 960, 1, 0, 0
176550, 960, 1, 0, 0
176650, 990, 1, 0, 0
176749, 959, 1, 0, 0
176849, 970, 1, 0, 0
176949, 970, 1, 0, 0
177049, 940, 1, 0, 0
177149, 950, 1, 0, 0
177249, 950, 1, 0, 0
177349, 1000, 1, 0, 0
177449, 970, 1, 0, 0
177549, 930, 1, 0, 0
177649, 940, 1, 0, 0
177750, 950, 1, 0, 0
177850, 970, 1, 0, 0
177950, 1000, 1, 0, 0
178050, 1010, 1, 0, 0
178150, 940, 1, 0, 0
178249, 969, 1, 0, 0
178349, 960, 1, 0, 0
178449, 950, 1, 0, 0
178549, 960, 1, 0, 0
178649, 940, 1, 0, 0
178749, 930, 1, 0, 0
178849, 970, 1, 0, 0
178949, 980, 1, 0, 0
179049, 980, 1, 0, 0
179150, 950, 1, 0, 0
179250, 960, 1, 0, 0
179350, 940, 1, 0, 0
179450, 960, 1, 0, 0
179550, 990, 1, 0, 0
179650, 950, 1, 0, 0
179749, 969, 1, 0, 0
179849, 1000, 1, 0, 0
179949, 980, 1, 0, 0
180049, 970, 1, 0, 0
180149, 980, 1, 0, 0
180249, 970, 1, 0, 0
180349, 980, 1, 0, 0
180449, 980, 1, 0, 0
180550, 1000, 1, 0, 0
180650, 980, 1, 0, 0
180749, 929, 1, 0, 0
180849, 960, 1, 0, 0
180949, 930, 1, 0, 0
181049, 980, 1, 0, 0
181149, 910, 1, 0, 0
181249, 980, 1, 0, 0
181349, 940, 1, 0, 0
181449, 970, 1, 0, 0
181549, 950, 1, 0, 0
181649, 930, 1, 0, 0
181750, 920, 1, 0, 0
181850, 970, 1, 0, 0
181950, 980, 1, 0, 0
182050, 970, 1, 0, 0
182150, 990, 1, 0, 0
182249, 979, 1, 0, 0
182349, 1020, 1, 0, 0
182449, 960, 1, 0, 0
182549, 920, 1, 0, 0
182649, 950, 1, 0, 0
182749, 990, 1, 0, 0
182849, 920, 1, 0, 0
182949, 970, 1, 0, 0
183049, 1000, 1, 0, 0
183149, 970, 1, 0, 0
183250, 960, 1, 0, 0
183350, 920, 1, 0, 0
183450, 960, 1, 0, 0
183550, 940, 1, 0, 0
183650, 1000, 1, 0, 0
183749, 949, 1, 0, 0
183849, 970, 1, 0, 0
183949, 980, 1, 0, 0
184049, 900, 1, 0, 0
184149, 990, 1, 0, 0
184249, 970, 1, 0, 0
184349, 920, 1, 0, 0
184449, 970, 1, 0, 0
184550, 950, 1, 0, 0
184650, 930, 1, 0, 0
184749, 969, 1, 0, 0
184849, 930, 1, 0, 0
184949, 920, 1, 0, 0
185049, 970, 1, 0, 0
185149, 860, 1, 0, 0
185249, 860, 1, 0, 0
185349, 910, 1, 0, 0
185449, 930, 1, 0, 0
185549, 920, 1, 0, 0
185649, 960, 1, 0, 0
185749, 980, 1, 0, 0
185849, 1030, 1, 0, 0
185949, 940, 1, 0, 0
186050, 940, 1, 0, 0
186150, 970, 1, 0, 0
186249, 969, 1, 0, 0
186349, 1010, 1, 0, 0
186449, 920, 1, 0, 0
186549, 990, 1, 0, 0
186649, 950, 1, 0, 0
186749, 950, 1, 0, 0
186849, 970, 1, 0, 0
186949, 960, 1, 0, 0
187049, 1000, 1, 0, 0
187149, 1000, 1, 0, 0
187250, 980, 1, 0, 0
187350, 920, 1, 0, 0
187450, 970, 1, 0, 0
187550, 950, 1, 0, 0
187650, 960, 1, 0, 0
187749, 949, 1, 0, 0
187849, 960, 1, 0, 0
187949, 970, 1, 0, 0
188049, 1000, 1, 0, 0
188149, 930, 1, 0, 0
188249, 970, 1, 0, 0
188349, 980, 1, 0, 0
188449, 950, 1, 0, 0
188549, 890, 1, 0, 0
188650, 930, 1, 0, 0
188750, 990, 1, 0, 0
188850, 970, 1, 0, 0
188950, 970, 1, 0, 0
189050, 980, 1, 0, 0
189150, 990, 1, 0, 0
189249, 939, 1, 0, 0
189349, 980, 1, 0, 0
189449, 960, 1, 0, 0
189549, 970, 1, 0, 0
189649, 920, 1, 0, 0
189749, 940, 1, 0, 0
189849, 930, 1, 0, 0
189949, 910, 1, 0, 0
190050, 960, 1, 0, 0
190150, 960, 1, 0, 0
190249, 939, 1, 0, 0
190349, 980, 1, 0, 0
190449, 950, 1, 0, 0
190549, 1000, 1, 0, 0
190649, 940, 1, 0, 0
190749, 940, 1, 0, 0
190849, 970, 1, 0, 0
190949, 930, 1, 0, 0
191049, 930, 1, 0, 0
191149, 960, 1, 0, 0
191249, 950, 1, 0, 0
191349, 990, 1, 0, 0
191450, 970, 1, 0, 0
191550, 970, 1, 0, 0
191650, 990, 1, 0, 0
191749, 929, 1, 0, 0
191849, 930, 1, 0, 0
191949, 990, 1, 0, 0
192049, 970, 1, 0, 0
192149, 930, 1, 0, 0
192249, 980, 1, 0, 0
192349, 980, 1, 0, 0
192449, 970, 1, 0, 0
192549, 980, 1, 0, 0
192649, 1000, 1, 0, 0
192750, 960, 1, 0, 0
192850, 960, 1, 0, 0
192950, 950, 1, 0, 0
193050, 940, 1, 0, 0
193150, 950, 1, 0, 0
193249, 929, 1, 0, 0
193349, 950, 1, 0, 0
193449, 1010, 1, 0, 0
193549, 970, 1, 0, 0
193649, 940, 1, 0, 0
193749, 1000, 1, 0, 0
193849, 990, 1, 0, 0
193949, 980, 1, 0, 0
194049, 950, 1, 0, 0
194150, 970, 1, 0, 0
194250, 970, 1, 0, 0
194350, 990, 1, 0, 0
194450, 970, 1, 0, 0
194550, 970, 1, 0, 0
194650, 940, 1, 0, 0
194749, 969, 1, 0, 0
194849, 960, 1, 0, 0
194949, 930, 1, 0, 0
195049, 990, 1, 0, 0
195149, 940, 1, 0, 0
195249, 960, 1, 0, 0
195349, 990, 1, 0, 0
195449, 1000, 1, 0, 0
195550, 990, 1, 0, 0
195650, 970, 1, 0, 0
195749, 939, 1, 0, 0
195849, 1000, 1, 0, 0
195949, 890, 1, 0, 0
196049, 960, 1, 0, 0
196149, 970, 1, 0, 0
196249, 910, 1, 0, 0
196349, 940, 1, 0, 0
196449, 900, 1, 0, 0
196549, 900, 1, 0, 0
196649, 980, 1, 0, 0
196749, 950, 1, 0, 0
196850, 880, 1, 0, 0
196950, 940, 1, 0, 0
197050, 950, 1, 0, 0
197150, 990, 1, 0, 0
197249, 969, 1, 0, 0
197349, 970, 1, 0, 0
197449, 960, 1, 0, 0
197549, 980, 1, 0, 0
197649, 940, 1, 0, 0
197749, 920, 1, 0, 0
197849, 910, 1, 0, 0
197949, 930, 1, 0, 0
198049, 960, 1, 0, 0
198149, 980, 1, 0, 0
198250, 960, 1, 0, 0
198350, 930, 1, 0, 0
198450, 940, 1, 0, 0
198550, 1000, 1, 0, 0
198650, 980, 1, 0, 0
198749, 949, 1, 0, 0
198849, 960, 1, 0, 0
198949, 980, 1, 0, 0
199049, 960, 1, 0, 0
199149, 990, 1, 0, 0
199249, 990, 1, 0, 0
199349, 960, 1, 0, 0
199449, 930, 1, 0, 0
199550, 940, 1, 0, 0
199650, 970, 1, 0, 0
199750, 950, 1, 0, 0
199850, 960, 1, 0, 0
199950, 940, 1, 0, 0
200050, 980, 1, 0, 0
200150, 950, 1, 0, 0
200249, 939, 1, 0, 0
200349, 980, 1, 0, 0
200449, 950, 1, 0, 0
200549, 930, 1, 0, 0
200649, 940, 1, 0, 0
200749, 980, 1, 0, 0
200849, 1020, 1, 0, 0
200949, 950, 1, 0, 0
201050, 960, 1, 0, 0
201150, 950, 1, 0, 0
201249, 919, 1, 0, 0
201349, 930, 1, 0, 0
201449, 960, 1, 0, 0
201549, 930, 1, 0, 0
201649, 950, 1, 0, 0
201749, 980, 1, 0, 0
201849, 950, 1, 0, 0
201949, 980, 1, 0, 0
202049, 970, 1, 0, 0
202149, 960, 1, 0, 0
202250, 960, 1, 0, 0
202350, 950, 1, 0, 0
202450, 980, 1, 0, 0
202550, 920, 1, 0, 0
202650, 820, 1, 0, 0
202749, 969, 1, 0, 0
202849, 1000, 1, 0, 0
202949, 920, 1, 0, 0
203049, 970, 1, 0, 0
203149, 980, 1, 0, 0
203249, 970, 1, 0, 0
203349, 950, 1, 0, 0
203449, 970, 1, 0, 0
203549, 960, 1, 0, 0
203650, 920, 1, 0, 0
203750, 1000, 1, 0, 0
203850, 940, 1, 0, 0
203950, 960, 1, 0, 0
204050, 950, 1, 0, 0
204150, 940, 1, 0, 0
204249, 989, 1, 0, 0
204349, 970, 1, 0, 0
204449, 900, 1, 0, 0
204549, 960, 1, 0, 0
204649, 960, 1, 0, 0
204749, 970, 1, 0, 0
204849, 960, 1, 0, 0
204949, 930, 1, 0, 0
205050, 960, 1, 0, 0
205150, 950, 1, 0, 0
205249, 989, 1, 0, 0
205349, 970, 1, 0, 0
205449, 980, 1, 0, 0
205549, 990, 1, 0, 0
205649, 930, 1, 0, 0
205749, 950, 1, 0, 0
205849, 920, 1, 0, 0
205949, 960, 1, 0, 0
206049, 1000, 1, 0, 0
206149, 960, 1, 0, 0
206249, 980, 1, 0, 0
206349, 950, 1, 0, 0
206449, 980, 1, 0, 0
206550, 970, 1, 0, 0
206650, 910, 1, 0, 0
206749, 1000, 1, 0, 0
206849, 970, 1, 0, 0
206949, 960, 1, 0, 0
207049, 950, 1, 0, 0
207149, 930, 1, 0, 0
207249, 990, 1, 0, 0
207349, 950, 1, 0, 0
207449, 900, 1, 0, 0
207549, 960, 1, 0, 0
207649, 950, 1, 0, 0
207749, 1000, 1, 0, 0
207850, 920, 1, 0, 0
207950, 980, 1, 0, 0
208050, 970, 1, 0, 0
208150, 960, 1, 0, 0
208249, 959, 1, 0, 0
208349, 950, 1, 0, 0
208449, 990, 1, 0, 0
208549, 940, 1, 0, 0
208649, 950, 1, 0, 0
208749, 950, 1, 0, 0
208849, 980, 1, 0, 0
208949, 930, 1, 0, 0
209049, 950, 1, 0, 0
209149, 930, 1, 0, 0
209250, 930, 1, 0, 0
209350, 970, 1, 0, 0
209450, 950, 1, 0, 0
209550, 930, 1, 0, 0
209650, 920, 1, 0, 0
209749, 939, 1, 0, 0
209849, 940, 1, 0, 0
209949, 1010, 1, 0, 0
210049, 930, 1, 0, 0
210149, 940, 1, 0, 0
210249, 920, 1, 0, 0
210349, 970, 1, 0, 0
210449, 990, 1, 0, 0
210549, 910, 1, 0, 0
210650, 930, 1, 0, 0
210750, 940, 1, 0, 0
210850, 980, 1, 0, 0
210950, 930, 1, 0, 0
211050, 960, 1, 0, 0
211150, 960, 1, 0, 0
211249, 929, 1, 0, 0
211349, 990, 1, 0, 0
211449, 960, 1, 0, 0
211549, 920, 1, 0, 0
211649, 920, 1, 0, 0
211749, 950, 1, 0, 0
211849, 960, 1, 0, 0
211949, 970, 1, 0, 0
212050, 950, 1, 0, 0
212150, 950, 1, 0, 0
212249, 929, 1, 0, 0
212349, 940, 1, 0, 0
212449, 920, 1, 0, 0
212549, 950, 1, 0, 0
212649, 970, 1, 0, 0
212749, 910, 1, 0, 0
212849, 930, 1, 0, 0
212949, 960, 1, 0, 0
213049, 930, 1, 0, 0
213149, 930, 1, 0, 0
213249, 940, 1, 0, 0
213350, 950, 1, 0, 0
213450, 940, 1, 0, 0
213550, 930, 1, 0, 0
213650, 930, 1, 0, 0
213749, 929, 1, 0, 0
213849, 990, 1, 0, 0
213949, 940, 1, 0, 0
214049, 900, 1, 0, 0
214149, 950, 1, 0, 0
214249, 970, 1, 0, 0
214349, 960, 1, 0, 0
214449, 940, 1, 0, 0
214549, 940, 1, 0, 0
214649, 930, 1, 0, 0
214750, 970, 1, 0, 0
214850, 900, 1, 0, 0
214950, 940, 1, 0, 0
215050, 940, 1, 0, 0
215150, 930, 1, 0, 0
215249, 979, 1, 0, 0
215349, 920, 1, 0, 0
215449, 960, 1, 0, 0
215549, 980, 1, 0, 0
215649, 950, 1, 0, 0
215749, 970, 1, 0, 0
215849, 960, 1, 0, 0
215949, 920, 1, 0, 0
216049, 950, 1, 0, 0
216150, 940, 1, 0, 0
216250, 940, 1, 0, 0
216350, 950, 1, 0, 0
216450, 910, 1, 0, 0
216550, 950, 1, 0, 0
216650, 960, 1, 0, 0
216749, 939, 1, 0, 0
216849, 940, 1, 0, 0
216949, 970, 1, 0, 0
217049, 980, 1, 0, 0
217149, 950, 1, 0, 0
217249, 900, 1, 0, 0
217349, 960, 1, 0, 0
217449, 970, 1, 0, 0
217550, 1000, 1, 0, 0
217650, 980, 1, 0, 0
217749, 969, 1, 0, 0
217849, 920, 1, 0, 0
217949, 1020, 1, 0, 0
218049, 950, 1, 0, 0
218149, 940, 1, 0, 0
218249, 950, 1, 0, 0
218349, 970, 1, 0, 0
218449, 980, 1, 0, 0
218549, 1000, 1, 0, 0
218649, 940, 1, 0, 0
218750, 970, 1, 0, 0
218850, 980, 1, 0, 0
218950, 980, 1, 0, 0
219050, 940, 1, 0, 0
219150, 950, 1, 0, 0
219249, 959, 1, 0, 0
219349, 950, 1, 0, 0
219449, 950, 1, 0, 0
219549, 980, 1, 0, 0
219649, 1010, 1, 0, 0
219749, 920, 1, 0, 0
219849, 960, 1, 0, 0
219949, 920, 1, 0, 0
220049, 960, 1, 0, 0
220150, 970, 1, 0, 0
220250, 950, 1, 0, 0
220350, 990, 1, 0, 0
220450, 930, 1, 0, 0
220550, 1000, 1, 0, 0
220650, 950, 1, 0, 0
220749, 969, 1, 0, 0
220849, 990, 1, 0, 0
220949, 980, 1, 0, 0
221049, 970, 1, 0, 0
221149, 940, 1, 0, 0
221249, 950, 1, 0, 0
221349, 980, 1, 0, 0
221449, 940, 1, 0, 0
221550, 960, 1, 0, 0
221650, 1010, 1, 0, 0
221749, 1020, 1, 0, 0
221849, 940, 1, 0, 0
221949, 960, 1, 0, 0
222049, 970, 1, 0, 0
222149, 950, 1, 0, 0
222249, 930, 1, 0, 0
222349, 950, 1, 0, 0
222449, 960, 1, 0, 0
222549, 970, 1, 0, 0
222649, 1000, 1, 0, 0
222750, 930, 1, 0, 0
222850, 920, 1, 0, 0
222950, 1000, 1, 0, 0
223050, 960, 1, 0, 0
223150, 980, 1, 0, 0
223249, 969, 1, 0, 0
223349, 930, 1, 0, 0
223449, 960, 1, 0, 0
223549, 950, 1, 0, 0
223649, 960, 1, 0, 0
223749, 970, 1, 0, 0
223849, 920, 1, 0, 0
223949, 970, 1, 0, 0
224049, 960, 1, 0, 0
224149, 960, 1, 0, 0
224250, 1000, 1, 0, 0
224350, 970, 1, 0, 0
224450, 960, 1, 0, 0
224550, 980, 1, 0, 0
224650, 980, 1, 0, 0
224749, 959, 1, 0, 0
224849, 1010, 1, 0, 0
224949, 950, 1, 0, 0
225049, 1000, 1, 0, 0
225149, 990, 1, 0, 0
225249, 960, 1, 0, 0
225349, 970, 1, 0, 0
225449, 960, 1, 0, 0
225550, 940, 1, 0, 0
225650, 970, 1, 0, 0
225750, 960, 1, 0, 0
225850, 960, 1, 0, 0
225950, 940, 1, 0, 0
226050, 930, 1, 0, 0
226150, 960, 1, 0, 0
226249, 1000, 1, 0, 0
226349, 940, 1, 0, 0
226449, 920, 1, 0, 0
226549, 930, 1, 0, 0
226649, 960, 1, 0, 0
226749, 940, 1, 0, 0
226849, 980, 1, 0, 0
226950, 1000, 1, 0, 0
227050, 950, 1, 0, 0
227150, 930, 1, 0, 0
227249, 979, 1, 0, 0
227349, 940, 1, 0, 0
227449, 980, 1, 0, 0
227549, 960, 1, 0, 0
227649, 1010, 1, 0, 0
227749, 970, 1, 0, 0
227849, 970, 1, 0, 0
227949, 960, 1, 0, 0
228049, 960, 1, 0, 0
228149, 960, 1, 0, 0
228250, 940, 1, 0, 0
228350, 930, 1, 0, 0
228450, 970, 1, 0, 0
228550, 970, 1, 0, 0
228650, 970, 1, 0, 0
228749, 919, 1, 0, 0
228849, 930, 1, 0, 0
228949, 960, 1, 0, 0
229049, 950, 1, 0, 0
229149, 950, 1, 0, 0
229249, 1000, 1, 0, 0
229349, 950, 1, 0, 0
229449, 920, 1, 0, 0
229550, 910, 1, 0, 0
229650, 990, 1, 0, 0
229750, 970, 1, 0, 0
229850, 950, 1, 0, 0
229950, 960, 1, 0, 0
230050, 940, 1, 0, 0
230150, 950, 1, 0, 0
230249, 979, 1, 0, 0
230349, 940, 1, 0, 0
230449, 950, 1, 0, 0
230549, 900, 1, 0, 0
230649, 940, 1, 0, 0
230749, 980, 1, 0, 0
230849, 890, 1, 0, 0
230950, 970, 1, 0, 0
231050, 940, 1, 0, 0
231150, 900, 1, 0, 0
231249, 949, 1, 0, 0
231349, 940, 1, 0, 0
231449, 930, 1, 0, 0
231549, 920, 1, 0, 0
231649, 920, 1, 0, 0
231749, 960, 1, 0, 0
231849, 950, 1, 0, 0
231949, 960, 1, 0, 0
232049, 970, 1, 0, 0
232149, 950, 1, 0, 0
232250, 950, 1, 0, 0
232350, 990, 1, 0, 0
232450, 970, 1, 0, 0
232550, 960, 1, 0, 0
232650, 940, 1, 0, 0
232749, 949, 1, 0, 0
232849, 900, 1, 0, 0
232949, 900, 1, 0, 0
233049, 930, 1, 0, 0
233149, 930, 1, 0, 0
233249, 950, 1, 0, 0
233349, 930, 1, 0, 0
233449, 970, 1, 0, 0
233549, 890, 1, 0, 0
233650, 910, 1, 0, 0
233750, 940, 1, 0, 0
233850, 940, 1, 0, 0
233950, 880, 1, 0, 0
234050, 960, 1, 0, 0
234150, 940, 1, 0, 0
234249, 989, 1, 0, 0
234349, 940, 1, 0, 0
234449, 900, 1, 0, 0
234549, 910, 1, 0, 0
234649, 940, 1, 0, 0
234749, 980, 1, 0, 0
234849, 950, 1, 0, 0
234949, 950, 1, 0, 0
235050, 970, 1, 0, 0
235150, 960, 1, 0, 0
235250, 950, 1, 0, 0
235350, 940, 1, 0, 0
235450, 950, 1, 0, 0
235550, 950, 1, 0, 0
235650, 910, 1, 0, 0
235749, 919, 1, 0, 0
235849, 940, 1, 0, 0
235949, 960, 1, 0, 0
236049, 980, 1, 0, 0
236149, 970, 1, 0, 0
236249, 1000, 1, 0, 0
236349, 1000, 1, 0, 0
236450, 960, 1, 0, 0
236550, 1000, 1, 0, 0
236650, 970, 1, 0, 0
236749, 949, 1, 0, 0
236849, 940, 1, 0, 0
236949, 990, 1, 0, 0
237049, 950, 1, 0, 0
237149, 970, 1, 0, 0
237249, 930, 1, 0, 0
237349, 980, 1, 0, 0
237449, 950, 1, 0, 0
237549, 980, 1, 0, 0
237649, 990, 1, 0, 0
237750, 1000, 1, 0, 0
237850, 980, 1, 0, 0
237950, 950, 1, 0, 0
238050, 930, 1, 0, 0
238150, 970, 1, 0, 0
238249, 949, 1, 0, 0
238349, 1000, 1, 0, 0
238449, 1010, 1, 0, 0
238549, 950, 1, 0, 0
238649, 1000, 1, 0, 0
238749, 950, 1, 0, 0
238849, 930, 1, 0, 0
238949, 970, 1, 0, 0
239049, 1000, 1, 0, 0
239150, 950, 1, 0, 0
239250, 1030, 1, 0, 0
239350, 930, 1, 0, 0
239450, 980, 1, 0, 0
239550, 980, 1, 0, 0
239650, 970, 1, 0, 0
239749, 1000, 1, 0, 0
239849, 940, 1, 0, 0
239949, 940, 1, 0, 0
240049, 980, 1, 0, 0
240149, 980, 1, 0, 0
240249, 1000, 1, 0, 0
240349, 980, 1, 0, 0
240449, 940, 1, 0, 0
240550, 1000, 1, 0, 0
240650, 900, 1, 0, 0
240750, 970, 1, 0, 0
240850, 970, 1, 0, 0
240950, 980, 1, 0, 0
241050, 940, 1, 0, 0
241150, 950, 1, 0, 0
241249, 969, 1, 0, 0
241349, 880, 1, 0, 0
241449, 900, 1, 0, 0
241549, 1000, 1, 0, 0
241649, 990, 1, 0, 0
241749, 1010, 1, 0, 0
241850, 960, 1, 0, 0
241950, 1000, 1, 0, 0
242050, 960, 1, 0, 0
242150, 980, 1, 0, 0
242249, 959, 1, 0, 0
242349, 960, 1, 0, 0
242449, 950, 1, 0, 0
242549, 980, 1, 0, 0
242649, 980, 1, 0, 0
242749, 960, 1, 0, 0
242849, 980, 1, 0, 0
242949, 1000, 1, 0, 0
243049, 980, 1, 0, 0
243149, 980, 1, 0, 0
243250, 990, 1, 0, 0
243350, 990, 1, 0, 0
243450, 960, 1, 0, 0
243550, 920, 1, 0, 0
243650, 960, 1, 0, 0
243749, 979, 1, 0, 0
243849, 930, 1, 0, 0
243949, 930, 1, 0, 0
244049, 950, 1, 0, 0
244149, 940, 1, 0, 0
244249, 910, 1, 0, 0
244349, 940, 1, 0, 0
244449, 970, 1, 0, 0
244550, 950, 1, 0, 0
244650, 960, 1, 0, 0
244750, 940, 1, 0, 0
244850, 950, 1, 0, 0
244950, 980, 1, 0, 0
245050, 980, 1, 0, 0
245150, 980, 1, 0, 0
245249, 959, 1, 0, 0
245349, 950, 1, 0, 0
245449, 1000, 1, 0, 0
245549, 960, 1, 0, 0
245649, 950, 1, 0, 0
245749, 940, 1, 0, 0
245849, 940, 1, 0, 0
245949, 970, 1, 0, 0
246050, 960, 1, 0, 0
246150, 990, 1, 0, 0
246249, 959, 1, 0, 0
246349, 960, 1, 0, 0
246449, 980, 1, 0, 0
246549, 960, 1, 0, 0
246649, 990, 1, 0, 0
246749, 970, 1, 0, 0
246849, 1000, 1, 0, 0
246949, 990, 1, 0, 0
247049, 980, 1, 0, 0
247149, 960, 1, 0, 0
247250, 900, 1, 0, 0
247350, 900, 1, 0, 0
247450, 950, 1, 0, 0
247550, 960, 1, 0, 0
247650, 950, 1, 0, 0
247749, 939, 1, 0, 0
247849, 920, 1, 0, 0
247949, 890, 1, 0, 0
248049, 890, 1, 0, 0
248149, 930, 1, 0, 0
248249, 940, 1, 0, 0
248349, 950, 1, 0, 0
248449, 930, 1, 0, 0
248549, 910, 1, 0, 0
248650, 940, 1, 0, 0
248750, 940, 1, 0, 0
248850, 960, 1, 0, 0
248950, 960, 1, 0, 0
249050, 1020, 1, 0, 0
249150, 970, 1, 0, 0
249249, 898, 1, 0, 0
249349, 940, 1, 0, 0
249449, 920, 1, 0, 0
249549, 930, 1, 0, 0
249649, 940, 1, 0, 0
249749, 950, 1, 0, 0
249849, 960, 1, 0, 0
249949, 930, 1, 0, 0
250050, 970, 1, 0, 0
250150, 930, 1, 0, 0
250250, 940, 1, 0, 0
250350, 940, 1, 0, 0
250450, 940, 1, 0, 0
250550, 940, 1, 0, 0
250650, 930, 1, 0, 0
250749, 949, 1, 0, 0
250849, 880, 1, 0, 0
250949, 970, 1, 0, 0
251049, 970, 1, 0, 0
251149, 930, 1, 0, 0
251249, 980, 1, 0, 0
251350, 950, 1, 0, 0
251450, 940, 1, 0, 0
251550, 920, 1, 0, 0
251650, 980, 1, 0, 0
251749, 969, 1, 0, 0
251849, 930, 1, 0, 0
251949, 970, 1, 0, 0
252049, 970, 1, 0, 0
252149, 960, 1, 0, 0
252249, 960, 1, 0, 0
252349, 960, 1, 0, 0
252449, 970, 1, 0, 0
252549, 930, 1, 0, 0
252649, 970, 1, 0, 0
252750, 950, 1, 0, 0
252850, 990, 1, 0, 0
252950, 980, 1, 0, 0
253050, 930, 1, 0, 0
253150, 940, 1, 0, 0
253249, 979, 1, 0, 0
253349, 940, 1, 0, 0
253449, 960, 1, 0, 0
253549, 960, 1, 0, 0
253649, 990, 1, 0, 0
253749, 980, 1, 0, 0
253849, 960, 1, 0, 0
253949, 910, 1, 0, 0
254050, 910, 1, 0, 0
254150, 960, 1, 0, 0
254250, 930, 1, 0, 0
254350, 990, 1, 0, 0
254450, 900, 1, 0, 0
254550, 950, 1, 0, 0
254650, 950, 1, 0, 0
254749, 949, 1, 0, 0
254849, 970, 1, 0, 0
254949, 980, 1, 0, 0
255049, 950, 1, 0, 0
255149, 950, 1, 0, 0
255249, 940, 1, 0, 0
255349, 910, 1, 0, 0
255449, 940, 1, 0, 0
255550, 920, 1, 0, 0
255650, 970, 1, 0, 0
255749, 1000, 1, 0, 0
255849, 970, 1, 0, 0
255949, 1000, 1, 0, 0
256049, 970, 1, 0, 0
256149, 1010, 1, 0, 0
256249, 950, 1, 0, 0
256349, 960, 1, 0, 0
256449, 930, 1, 0, 0
256549, 950, 1, 0, 0
256649, 980, 1, 0, 0
256750, 950, 1, 0, 0
256850, 960, 1, 0, 0
256950, 960, 1, 0, 0
257050, 960, 1, 0, 0
257150, 920, 1, 0, 0
257249, 959, 1, 0, 0
257349, 990, 1, 0, 0
257449, 990, 1, 0, 0
257549, 950, 1, 0, 0
257649, 910, 1, 0, 0
257749, 980, 1, 0, 0
257849, 930, 1, 0, 0
257949, 1000, 1, 0, 0
258049, 940, 1, 0, 0
258150, 960, 1, 0, 0
258250, 920, 1, 0, 0
258350, 960, 1, 0, 0
258450, 970, 1, 0, 0
258550, 980, 1, 0, 0
258650, 1010, 1, 0, 0
258749, 979, 1, 0, 0
258849, 990, 1, 0, 0
258949, 990, 1, 0, 0
259049, 990, 1, 0, 0
259149, 950, 1, 0, 0
259249, 980, 1, 0, 0
259349, 970, 1, 0, 0
259449, 980, 1, 0, 0
259550, 940, 1, 0, 0
259650, 970, 1, 0, 0
259750, 940, 1, 0, 0
259850, 950, 1, 0, 0
259950, 910, 1, 0, 0
260050, 900, 1, 0, 0
260150, 930, 1, 0, 0
260249, 969, 1, 0, 0
260349, 990, 1, 0, 0
260449, 970, 1, 0, 0
260549, 950, 1, 0, 0
260649, 990, 1, 0, 0
260749, 950, 1, 0, 0
260849, 960, 1, 0, 0
260950, 960, 1, 0, 0
261050, 960, 1, 0, 0
261150, 960, 1, 0, 0
261249, 959, 1, 0, 0
261349, 940, 1, 0, 0
261449, 940, 1, 0, 0
261549, 890, 1, 0, 0
261649, 910, 1, 0, 0
261749, 990, 1, 0, 0
261849, 950, 1, 0, 0
261949, 950, 1, 0, 0
262049, 930, 1, 0, 0
262149, 930, 1, 0, 0
262250, 980, 1, 0, 0
262350, 950, 1, 0, 0
262450, 980, 1, 0, 0
262550, 1000, 1, 0, 0
262650, 960, 1, 0, 0
262749, 959, 1, 0, 0
262849, 950, 1, 0, 0
262949, 980, 1, 0, 0
263049, 980, 1, 0, 0
263149, 930, 1, 0, 0
263249, 940, 1, 0, 0
263349, 930, 1, 0, 0
263449, 940, 1, 0, 0
263549, 960, 1, 0, 0
263649, 940, 1, 0, 0
263750, 950, 1, 0, 0
263850, 920, 1, 0, 0
263950, 950, 1, 0, 0
264050, 980, 1, 0, 0
264150, 970, 1, 0, 0
264249, 949, 1, 0, 0
264349, 960, 1, 0, 0
264449, 910, 1, 0, 0
264549, 920, 1, 0, 0
264649, 880, 1, 0, 0
264749, 920, 1, 0, 0
264849, 940, 1, 0, 0
264949, 950, 1, 0, 0
265050, 940, 1, 0, 0
265150, 920, 1, 0, 0
265249, 929, 1, 0, 0
265349, 920, 1, 0, 0
265449, 950, 1, 0, 0
265549, 910, 1, 0, 0
265649, 900, 1, 0, 0
265749, 900, 1, 0, 0
265849, 980, 1, 0, 0
265949, 970, 1, 0, 0
266049, 970, 1, 0, 0
266149, 970, 1, 0, 0
266250, 920, 1, 0, 0
266350, 910, 1, 0, 0
266450, 960, 1, 0, 0
266550, 940, 1, 0, 0
266650, 930, 1, 0, 0
266749, 929, 1, 0, 0
266849, 920, 1, 0, 0
266949, 940, 1, 0, 0
267049, 920, 1, 0, 0
267149, 890, 1, 0, 0
267249, 930, 1, 0, 0
267349, 940, 1, 0, 0
267449, 840, 1, 0, 0
267549, 950, 1, 0, 0
267650, 930, 1, 0, 0
267750, 900, 1, 0, 0
267850, 930, 1, 0, 0
267950, 860, 1, 0, 0
268050, 940, 1, 0, 0
268150, 890, 1, 0, 0
268249, 929, 1, 0, 0
268349, 920, 1, 0, 0
268449, 930, 1, 0, 0
268549, 940, 1, 0, 0
268649, 940, 1, 0, 0
268749, 910, 1, 0, 0
268849, 970, 1, 0, 0
268949, 890, 1, 0, 0
269050, 980, 1, 0, 0
269150, 980, 1, 0, 0
269249, 979, 1, 0, 0
269349, 990, 1, 0, 0
269449, 970, 1, 0, 0
269549, 960, 1, 0, 0
269649, 950, 1, 0, 0
269749, 970, 1, 0, 0
269849, 950, 1, 0, 0
269949, 1000, 1, 0, 0
270049, 930, 1, 0, 0
270149, 940, 1, 0, 0
270250, 960, 1, 0, 0
270350, 960, 1, 0, 0
270450, 890, 1, 0, 0
270550, 960, 1, 0, 0
270650, 960, 1, 0, 0
270749, 1020, 1, 0, 0
270849, 980, 1, 0, 0
270949, 940, 1, 0, 0
271049, 950, 1, 0, 0
271149, 930, 1, 0, 0
271249, 940, 1, 0, 0
271349, 930, 1, 0, 0
271449, 980, 1, 0, 0
271549, 960, 1, 0, 0
271650, 950, 1, 0, 0
271750, 920, 1, 0, 0
271850, 940, 1, 0, 0
271950, 1040, 1, 0, 0
272050, 920, 1, 0, 0
272150, 940, 1, 0, 0
272249, 959, 1, 0, 0
272349, 950, 1, 0, 0
272449, 970, 1, 0, 0
272549, 1000, 1, 0, 0
272649, 920, 1, 0, 0
272749, 940, 1, 0, 0
272849, 920, 1, 0, 0
272949, 950, 1, 0, 0
273050, 940, 1, 0, 0
273150, 950, 1, 0, 0
273249, 909, 1, 0, 0
273349, 930, 1, 0, 0
273449, 1000, 1, 0, 0
273549, 950, 1, 0, 0
273649, 950, 1, 0, 0
273749, 950, 1, 0, 0
273849, 910, 1, 0, 0
273949, 970, 1, 0, 0
274049, 940, 1, 0, 0
274149, 960, 1, 0, 0
274249, 980, 1, 0, 0
274349, 960, 1, 0, 0
274450, 1010, 1, 0, 0
274550, 970, 1, 0, 0
274650, 1000, 1, 0, 0
274749, 888, 1, 0, 0
274849, 930, 1, 0, 0
274949, 990, 1, 0, 0
275049, 930, 1, 0, 0
275149, 980, 1, 0, 0
275249, 990, 1, 0, 0
275349, 1000, 1, 0, 0
275449, 1020, 1, 0, 0
275549, 960, 1, 0, 0
275649, 1010, 1, 0, 0
275750, 980, 1, 0, 0
275850, 940, 1, 0, 0
275950, 910, 1, 0, 0
276050, 890, 1, 0, 0
276150, 1000, 1, 0, 0
276249, 969, 1, 0, 0
276349, 940, 1, 0, 0
276449, 960, 1, 0, 0
276549, 1030, 1, 0, 0
276649, 950, 1, 0, 0
276749, 1000, 1, 0, 0
276849, 970, 1, 0, 0
276949, 980, 1, 0, 0
277049, 950, 1, 0, 0
277149, 970, 1, 0, 0
277250, 910, 1, 0, 0
277350, 970, 1, 0, 0
277450, 990, 1, 0, 0
277550, 970, 1, 0, 0
277650, 960, 1, 0, 0
277749, 939, 1, 0, 0
277849, 950, 1, 0, 0
277949, 960, 1, 0, 0
278049, 970, 1, 0, 0
278149, 950, 1, 0, 0
278249, 910, 1, 0, 0
278349, 930, 1, 0, 0
278449, 980, 1, 0, 0
278550, 970, 1, 0, 0
278650, 920, 1, 0, 0
278750, 920, 1, 0, 0
278850, 970, 1, 0, 0
278950, 980, 1, 0, 0
279050, 920, 1, 0, 0
279150, 980, 1, 0, 0
279249, 898, 1, 0, 0
279349, 1000, 1, 0, 0
279449, 960, 1, 0, 0
279549, 970, 1, 0, 0
279649, 910, 1, 0, 0
279749, 960, 1, 0, 0
279849, 950, 1, 0, 0
279950, 970, 1, 0, 0
280050, 920, 1, 0, 0
280150, 940, 1, 0, 0
280249, 979, 1, 0, 0
280349, 1010, 1, 0, 0
280449, 970, 1, 0, 0
280549, 970, 1, 0, 0
280649, 930, 1, 0, 0
280749, 1000, 1, 0, 0
280849, 980, 1, 0, 0
280949, 990, 1, 0, 0
281049, 930, 1, 0, 0
281149, 970, 1, 0, 0
281250, 960, 1, 0, 0
281350, 930, 1, 0, 0
281450, 950, 1, 0, 0
281550, 940, 1, 0, 0
281650, 940, 1, 0, 0
281749, 989, 1, 0, 0
281849, 960, 1, 0, 0
281949, 960, 1, 0, 0
282049, 1010, 1, 0, 0
282149, 960, 1, 0, 0
282249, 940, 1, 0, 0
282349, 940, 1, 0, 0
282449, 940, 1, 0, 0
282549, 970, 1, 0, 0
282649, 960, 1, 0, 0
282750, 980, 1, 0, 0
282850, 1000, 1, 0, 0
282950, 960, 1, 0, 0
283050, 960, 1, 0, 0
283150, 960, 1, 0, 0
283249, 939, 1, 0, 0
283349, 950, 1, 0, 0
283449, 970, 1, 0, 0
283549, 920, 1, 0, 0
283649, 900, 1, 0, 0
283749, 930, 1, 0, 0
283849, 950, 1, 0, 0
283949, 960, 1, 0, 0
284049, 910, 1, 0, 0
284150, 1000, 1, 0, 0
284250, 970, 1, 0, 0
284350, 940, 1, 0, 0
284450, 980, 1, 0, 0
284550, 1010, 1, 0, 0
284650, 970, 1, 0, 0
284749, 939, 1, 0, 0
284849, 990, 1, 0, 0
284949, 930, 1, 0, 0
285049, 960, 1, 0, 0
285149, 970, 1, 0, 0
285249, 1000, 1, 0, 0
285349, 930, 1, 0, 0
285450, 960, 1, 0, 0
285550, 940, 1, 0, 0
285650, 960, 1, 0, 0
285749, 969, 1, 0, 0
285849, 980, 1, 0, 0
285949, 970, 1, 0, 0
286049, 960, 1, 0, 0
286149, 960, 1, 0, 0
286249, 940, 1, 0, 0
286349, 970, 1, 0, 0
286449, 910, 1, 0, 0
286549, 970, 1, 0, 0
286649, 980, 1, 0, 0
286750, 960, 1, 0, 0
286850, 940, 1, 0, 0
286950, 940, 1, 0, 0
287050, 970, 1, 0, 0
287150, 970, 1, 0, 0
287249, 1010, 1, 0, 0
287349, 980, 1, 0, 0
287449, 970, 1, 0, 0
287549, 980, 1, 0, 0
287649, 950, 1, 0, 0
287749, 970, 1, 0, 0
287849, 960, 1, 0, 0
287949, 940, 1, 0, 0
288049, 1000, 1, 0, 0
288150, 980, 1, 0, 0
288250, 980, 1, 0, 0
288350, 960, 1, 0, 0
288450, 1000, 1, 0, 0
288550, 980, 1, 0, 0
288650, 990, 1, 0, 0
288749, 949, 1, 0, 0
288849, 1000, 1, 0, 0
288949, 990, 1, 0, 0
289049, 940, 1, 0, 0
289149, 1020, 1, 0, 0
289249, 980, 1, 0, 0
289349, 980, 1, 0, 0
289449, 920, 1, 0, 0
289550, 950, 1, 0, 0
289650, 990, 1, 0, 0
289749, 959, 1, 0, 0
289849, 1000, 1, 0, 0
289949, 970, 1, 0, 0
290049, 1040, 1, 0, 0
290149, 980, 1, 0, 0
290249, 1000, 1, 0, 0
290349, 1000, 1, 0, 0
290449, 1010, 1, 0, 0
290549, 980, 1, 0, 0
290649, 990, 1, 0, 0
290749, 1020, 1, 0, 0
290849, 1030, 1, 0, 0
290950, 990, 1, 0, 0
291050, 940, 1, 0, 0
291150, 970, 1, 0, 0
291249, 989, 1, 0, 0
291349, 1000, 1, 0, 0
291449, 980, 1, 0, 0
291549, 940, 1, 0, 0
291649, 950, 1, 0, 0
291749, 940, 1, 0, 0
291849, 970, 1, 0, 0
291949, 910, 1, 0, 0
292049, 930, 1, 0, 0
292149, 980, 1, 0, 0
292249, 960, 1, 0, 0
292350, 950, 1, 0, 0
292450, 950, 1, 0, 0
292550, 1010, 1, 0, 0
292650, 940, 1, 0, 0
292749, 969, 1, 0, 0
292849, 940, 1, 0, 0
292949, 980, 1, 0, 0
293049, 980, 1, 0, 0
293149, 1000, 1, 0, 0
293249, 980, 1, 0, 0
293349, 970, 1, 0, 0
293449, 990, 1, 0, 0
293549, 960, 1, 0, 0
293649, 950, 1, 0, 0
293750, 910, 1, 0, 0
293850, 980, 1, 0, 0
293950, 930, 1, 0, 0
294050, 980, 1, 0, 0
294150, 980, 1, 0, 0
294249, 929, 1, 0, 0
294349, 950, 1, 0, 0
294449, 900, 1, 0, 0
294549, 970, 1, 0, 0
294649, 930, 1, 0, 0
294749, 930, 1, 0, 0
294849, 950, 1, 0, 0
294949, 940, 1, 0, 0
295050, 990, 1, 0, 0
295150, 890, 1, 0, 0
295250, 960, 1, 0, 0
295350, 930, 1, 0, 0
295450, 960, 1, 0, 0
295550, 910, 1, 0, 0
295650, 920, 1, 0, 0
295749, 909, 1, 0, 0
295849, 910, 1, 0, 0
295949, 950, 1, 0, 0
296049, 940, 1, 0, 0
296149, 950, 1, 0, 0
296249, 900, 1, 0, 0
296349, 960, 1, 0, 0
296450, 930, 1, 0, 0
296550, 960, 1, 0, 0
296650, 950, 1, 0, 0
296749, 969, 1, 0, 0
296849, 950, 1, 0, 0
296949, 960, 1, 0, 0
297049, 930, 1, 0, 0
297149, 970, 1, 0, 0
297249, 960, 1, 0, 0
297349, 930, 1, 0, 0
297449, 970, 1, 0, 0
297549, 900, 1, 0, 0
297649, 980, 1, 0, 0
297750, 960, 1, 0, 0
297850, 940, 1, 0, 0
297950, 970, 1, 0, 0
298050, 940, 1, 0, 0
298150, 920, 1, 0, 0
298249, 969, 1, 0, 0
298349, 940, 1, 0, 0
298449, 950, 1, 0, 0
298549, 1010, 1, 0, 0
298649, 970, 1, 0, 0
298749, 930, 1, 0, 0
298849, 920, 1, 0, 0
298949, 890, 1, 0, 0
299049, 940, 1, 0, 0
299149, 980, 1, 0, 0
299250, 910, 1, 0, 0
299350, 960, 1, 0, 0
299450, 980, 1, 0, 0
299550, 940, 1, 0, 0
299650, 970, 1, 0, 0
299749, 949, 1, 0, 0
299849, 950, 1, 0, 0
299949, 950, 1, 0, 0
300049, 960, 1, 0, 0
300149, 980, 1, 0, 0
300249, 960, 1, 0, 0
300349, 980, 1, 0, 0
300449, 920, 1, 0, 0
300550, 910, 1, 0, 0
300650, 910, 1, 0, 0
300750, 960, 1, 0, 0
300850, 940, 1, 0, 0
300950, 960, 1, 0, 0
301050, 990, 1, 0, 0
301150, 980, 1, 0, 0
301249, 1000, 1, 0, 0
301349, 980, 1, 0, 0
301449, 930, 1, 0, 0
301549, 940, 1, 0, 0
301649, 1000, 1, 0, 0
301749, 930, 1, 0, 0
301849, 990, 1, 0, 0
301949, 1010, 1, 0, 0
302050, 970, 1, 0, 0
302150, 1010, 1, 0, 0
302249, 959, 1, 0, 0
302349, 960, 1, 0, 0
302449, 980, 1, 0, 0
302549, 950, 1, 0, 0
302649, 950, 1, 0, 0
302749, 950, 1, 0, 0
302849, 970, 1, 0, 0
302949, 950, 1, 0, 0
303049, 960, 1, 0, 0
303149, 930, 1, 0, 0
303250, 960, 1, 0, 0
303350, 970, 1, 0, 0
303450, 1000, 1, 0, 0
303550, 980, 1, 0, 0
303650, 980, 1, 0, 0
303749, 1040, 1, 0, 0
303849, 950, 1, 0, 0
303949, 950, 1, 0, 0
304049, 970, 1, 0, 0
304149, 990, 1, 0, 0
304249, 930, 1, 0, 0
304349, 990, 1, 0, 0
304449, 940, 1, 0, 0
304549, 960, 1, 0, 0
304650, 960, 1, 0, 0
304750, 950, 1, 0, 0
304850, 1000, 1, 0, 0
304950, 1010, 1, 0, 0
305050, 1010, 1, 0, 0
305150, 1000, 1, 0, 0
305249, 949, 1, 0, 0
305349, 980, 1, 0, 0
305449, 960, 1, 0, 0
305549, 950, 1, 0, 0
305649, 1010, 1, 0, 0
305749, 1000, 1, 0, 0
305849, 1010, 1, 0, 0
305949, 990, 1, 0, 0
306050, 950, 1, 0, 0
306150, 1010, 1, 0, 0
306250, 920, 1, 0, 0
306350, 920, 1, 0, 0
306450, 980, 1, 0, 0
306550, 970, 1, 0, 0
306650, 930, 1, 0, 0
306749, 969, 1, 0, 0
306849, 990, 1, 0, 0
306949, 930, 1, 0, 0
307049, 1000, 1, 0, 0
307149, 990, 1, 0, 0
307249, 990, 1, 0, 0
307349, 950, 1, 0, 0
307450, 960, 1, 0, 0
307550, 940, 1, 0, 0
307650, 930, 1, 0, 0
307749, 949, 1, 0, 0
307849, 890, 1, 0, 0
307949, 940, 1, 0, 0
308049, 980, 1, 0, 0
308149, 980, 1, 0, 0
308249, 980, 1, 0, 0
308349, 990, 1, 0, 0
308449, 890, 1, 0, 0
308550, 950, 1, 0, 0
308650, 930, 1, 0, 0
308750, 930, 1, 0, 0
308850, 960, 1, 0, 0
308950, 930, 1, 0, 0
309050, 940, 1, 0, 0
309150, 920, 1, 0, 0
309249, 979, 1, 0, 0
309349, 940, 1, 0, 0
309449, 950, 1, 0, 0
309549, 930, 1, 0, 0
309649, 1010, 1, 0, 0
309749, 920, 1, 0, 0
309849, 970, 1, 0, 0
309949, 960, 1, 0, 0
310050, 940, 1, 0, 0
310150, 960, 1, 0, 0
310249, 959, 1, 0, 0
310349, 970, 1, 0, 0
310449, 960, 1, 0, 0
310549, 970, 1, 0, 0
310649, 970, 1, 0, 0
310749, 930, 1, 0, 0
310849, 1000, 1, 0, 0
310949, 940, 1, 0, 0
311049, 960, 1, 0, 0
311149, 970, 1, 0, 0
311250, 980, 1, 0, 0
311350, 1010, 1, 0, 0
311450, 950, 1, 0, 0
311550, 980, 1, 0, 0
311650, 950, 1, 0, 0
311749, 959, 1, 0, 0
311849, 920, 1, 0, 0
311949, 1000, 1, 0, 0
312049, 930, 1, 0, 0
312149, 950, 1, 0, 0
312249, 990, 1, 0, 0
312349, 970, 1, 0, 0
312449, 980, 1, 0, 0
312549, 980, 1, 0, 0
312650, 980, 1, 0, 0
312750, 950, 1, 0, 0
312850, 970, 1, 0, 0
312950, 970, 1, 0, 0
313050, 950, 1, 0, 0
313150, 990, 1, 0, 0
313249, 959, 1, 0, 0
313349, 950, 1, 0, 0
313449, 920, 1, 0, 0
313549, 1020, 1, 0, 0
313649, 1020, 1, 0, 0
313749, 940, 1, 0, 0
313849, 1000, 1, 0, 0
313949, 930, 1, 0, 0
314050, 960, 1, 0, 0
314150, 960, 1, 0, 0
314250, 990, 1, 0, 0
314350, 990, 1, 0, 0
314450, 1000, 1, 0, 0
314550, 920, 1, 0, 0
314650, 980, 1, 0, 0
314749, 898, 1, 0, 0
314849, 970, 1, 0, 0
314949, 960, 1, 0, 0
315049, 940, 1, 0, 0
315149, 930, 1, 0, 0
315249, 960, 1, 0, 0
315350, 990, 1, 0, 0
315450, 980, 1, 0, 0
315550, 970, 1, 0, 0
315650, 980, 1, 0, 0
315749, 969, 1, 0, 0
315849, 1000, 1, 0, 0
315949, 1010, 1, 0, 0
316049, 990, 1, 0, 0
316149, 990, 1, 0, 0
316249, 990, 1, 0, 0
316349, 960, 1, 0, 0
316449, 880, 1, 0, 0
316549, 970, 1, 0, 0
316649, 960, 1, 0, 0
316750, 930, 1, 0, 0
316850, 970, 1, 0, 0
316950, 950, 1, 0, 0
317050, 970, 1, 0, 0
317150, 1000, 1, 0, 0
317249, 959, 1, 0, 0
317349, 980, 1, 0, 0
317449, 970, 1, 0, 0
317549, 940, 1, 0, 0
317649, 950, 1, 0, 0
317749, 970, 1, 0, 0
317849, 930, 1, 0, 0
317949, 950, 1, 0, 0
318049, 950, 1, 0, 0
318150, 1000, 1, 0, 0
318250, 950, 1, 0, 0
318350, 1000, 1, 0, 0
318450, 890, 1, 0, 0
318550, 1010, 1, 0, 0
318650, 1000, 1, 0, 0
318749, 949, 1, 0, 0
318849, 950, 1, 0, 0
318949, 920, 1, 0, 0
319049, 950, 1, 0, 0
319149, 980, 1, 0, 0
319249, 920, 1, 0, 0
319349, 970, 1, 0, 0
319449, 930, 1, 0, 0
319550, 1000, 1, 0, 0
319650, 950, 1, 0, 0
319750, 930, 1, 0, 0
319850, 960, 1, 0, 0
319950, 930, 1, 0, 0
320050, 970, 1, 0, 0
320150, 980, 1, 0, 0
320249, 989, 1, 0, 0
320349, 990, 1, 0, 0
320449, 970, 1, 0, 0
320549, 990, 1, 0, 0
320649, 960, 1, 0, 0
320749, 990, 1, 0, 0
320849, 1000, 1, 0, 0
320950, 960, 1, 0, 0
321050, 970, 1, 0, 0
321150, 950, 1, 0, 0
321249, 989, 1, 0, 0
321349, 980, 1, 0, 0
321449, 970, 1, 0, 0
321549, 1000, 1, 0, 0
321649, 970, 1, 0, 0
321749, 1040, 1, 0, 0
321849, 970, 1, 0, 0
321949, 1000, 1, 0, 0
322049, 1000, 1, 0, 0
322149, 1000, 1, 0, 0
322250, 960, 1, 0, 0
322350, 970, 1, 0, 0
322450, 1010, 1, 0, 0
322550, 950, 1, 0, 0
322650, 960, 1, 0, 0
322749, 959, 1, 0, 0
322849, 980, 1, 0, 0
322949, 990, 1, 0, 0
323049, 1010, 1, 0, 0
323149, 980, 1, 0, 0
323249, 1010, 1, 0, 0
323349, 970, 1, 0, 0
323449, 920, 1, 0, 0
323549, 970, 1, 0, 0
323649, 930, 1, 0, 0
323750, 970, 1, 0, 0
323850, 950, 1, 0, 0
323950, 980, 1, 0, 0
324050, 980, 1, 0, 0
324150, 970, 1, 0, 0
324249, 969, 1, 0, 0
324349, 970, 1, 0, 0
324449, 940, 1, 0, 0
324549, 940, 1, 0, 0
324649, 930, 1, 0, 0
324749, 960, 1, 0, 0
324849, 960, 1, 0, 0
324949, 960, 1, 0, 0
325050, 950, 1, 0, 0
325150, 990, 1, 0, 0
325250, 1030, 1, 0, 0
325350, 980, 1, 0, 0
325450, 980, 1, 0, 0
325550, 960, 1, 0, 0
325650, 990, 1, 0, 0
325749, 959, 1, 0, 0
325849, 950, 1, 0, 0
325949, 1030, 1, 0, 0
326049, 990, 1, 0, 0
326149, 990, 1, 0, 0
326249, 970, 1, 0, 0
326349, 980, 1, 0, 0
326450, 970, 1, 0, 0
326550, 950, 1, 0, 0
326650, 920, 1, 0, 0
326749, 919, 1, 0, 0
326849, 950, 1, 0, 0
326949, 960, 1, 0, 0
327049, 1010, 1, 0, 0
327149, 950, 1, 0, 0
327249, 960, 1, 0, 0
327349, 940, 1, 0, 0
327449, 930, 1, 0, 0
327549, 960, 1, 0, 0
327649, 940, 1, 0, 0
327750, 940, 1, 0, 0
327850, 960, 1, 0, 0
327950, 940, 1, 0, 0
328050, 940, 1, 0, 0
328150, 950, 1, 0, 0
328249, 969, 1, 0, 0
328349, 1000, 1, 0, 0
328449, 970, 1, 0, 0
328549, 980, 1, 0, 0
328649, 910, 1, 0, 0
328749, 980, 1, 0, 0
328849, 960, 1, 0, 0
328949, 970, 1, 0, 0
329049, 950, 1, 0, 0
329149, 1000, 1, 0, 0
329250, 940, 1, 0, 0
329350, 960, 1, 0, 0
329450, 980, 1, 0, 0
329550, 1020, 1, 0, 0
329650, 980, 1, 0, 0
329749, 1010, 1, 0, 0
329849, 960, 1, 0, 0
329949, 990, 1, 0, 0
330049, 980, 1, 0, 0
330149, 1000, 1, 0, 0
330249, 960, 1, 0, 0
330349, 980, 1, 0, 0
330449, 930, 1, 0, 0
330549, 990, 1, 0, 0
330650, 950, 1, 0, 0
330750, 980, 1, 0, 0
330850, 940, 1, 0, 0
330950, 980, 1, 0, 0
331050, 960, 1, 0, 0
331150, 920, 1, 0, 0
331249, 939, 1, 0, 0
331349, 920, 1, 0, 0
331449, 950, 1, 0, 0
331549, 960, 1, 0, 0
331649, 980, 1, 0, 0
331749, 970, 1, 0, 0
331849, 950, 1, 0, 0
331949, 1000, 1, 0, 0
332050, 970, 1, 0, 0
332150, 980, 1, 0, 0
332250, 950, 1, 0, 0
332350, 980, 1, 0, 0
332450, 990, 1, 0, 0
332550, 960, 1, 0, 0
332650, 990, 1, 0, 0
332749, 959, 1, 0, 0
332849, 970, 1, 0, 0
332949, 970, 1, 0, 0
333049, 970, 1, 0, 0
333149, 970, 1, 0, 0
333249, 960, 1, 0, 0
333349, 940, 1, 0, 0
333450, 980, 1, 0, 0
333550, 1010, 1, 0, 0
333650, 990, 1, 0, 0
333749, 979, 1, 0, 0
333849, 930, 1, 0, 0
333949, 1020, 1, 0, 0
334049, 980, 1, 0, 0
334149, 960, 1, 0, 0
334249, 960, 1, 0, 0
334349, 950, 1, 0, 0
334449, 970, 1, 0, 0
334549, 1000, 1, 0, 0
334649, 970, 1, 0, 0
334750, 930, 1, 0, 0
334850, 1020, 1, 0, 0
334950, 950, 1, 0, 0
335050, 990, 1, 0, 0
335150, 930, 1, 0, 0
335249, 979, 1, 0, 0
335349, 980, 1, 0, 0
335449, 970, 1, 0, 0
335549, 990, 1, 0, 0
335649, 930, 1, 0, 0
335749, 1000, 1, 0, 0
335849, 990, 1, 0, 0
335949, 960, 1, 0, 0
336049, 950, 1, 0, 0
336149, 970, 1, 0, 0
336250, 940, 1, 0, 0
336350, 970, 1, 0, 0
336450, 1000, 1, 0, 0
336550, 980, 1, 0, 0
336650, 980, 1, 0, 0
336749, 1000, 1, 0, 0
336849, 990, 1, 0, 0
336949, 980, 1, 0, 0
337049, 940, 1, 0, 0
337149, 960, 1, 0, 0
337249, 980, 1, 0, 0
337349, 960, 1, 0, 0
337449, 1000, 1, 0, 0
337550, 920, 1, 0, 0
337650, 950, 1, 0, 0
337750, 960, 1, 0, 0
337850, 970, 1, 0, 0
337950, 960, 1, 0, 0
338050, 980, 1, 0, 0
338150, 970, 1, 0, 0
338249, 959, 1, 0, 0
338349, 940, 1, 0, 0
338449, 990, 1, 0, 0
338549, 950, 1, 0, 0
338649, 960, 1, 0, 0
338749, 970, 1, 0, 0
338849, 950, 1, 0, 0
338950, 1000, 1, 0, 0
339050, 940, 1, 0, 0
339150, 960, 1, 0, 0
339249, 929, 1, 0, 0
339349, 970, 1, 0, 0
339449, 990, 1, 0, 0
339549, 960, 1, 0, 0
339649, 980, 1, 0, 0
339749, 930, 1, 0, 0
339849, 980, 1, 0, 0
339949, 950, 1, 0, 0
340049, 970, 1, 0, 0
340149, 950, 1, 0, 0
340250, 960, 1, 0, 0
340350, 970, 1, 0, 0
340450, 920, 1, 0, 0
340550, 990, 1, 0, 0
340650, 950, 1, 0, 0
340749, 959, 1, 0, 0
340849, 980, 1, 0, 0
340949, 960, 1, 0, 0
341049, 970, 1, 0, 0
341149, 980, 1, 0, 0
341249, 960, 1, 0, 0
341349, 950, 1, 0, 0
341449, 1010, 1, 0, 0
341549, 980, 1, 0, 0
341650, 1000, 1, 0, 0
341750, 960, 1, 0, 0
341850, 920, 1, 0, 0
341950, 960, 1, 0, 0
342050, 920, 1, 0, 0
342150, 940, 1, 0, 0
342249, 1000, 1, 0, 0
342349, 980, 1, 0, 0
342449, 970, 1, 0, 0
342549, 980, 1, 0, 0
342649, 980, 1, 0, 0
342749, 990, 1, 0, 0
342849, 990, 1, 0, 0
342949, 960, 1, 0, 0
343050, 950, 1, 0, 0
343150, 1000, 1, 0, 0
343250, 950, 1, 0, 0
343350, 940, 1, 0, 0
343450, 920, 1, 0, 0
343550, 980, 1, 0, 0
343650, 960, 1, 0, 0
343749, 1000, 1, 0, 0
343849, 940, 1, 0, 0
343949, 990, 1, 0, 0
344049, 930, 1, 0, 0
344149, 970, 1, 0, 0
344249, 930, 1, 0, 0
344350, 950, 1, 0, 0
344450, 920, 1, 0, 0
344550, 950, 1, 0, 0
344650, 930, 1, 0, 0
344749, 929, 1, 0, 0
344849, 920, 1, 0, 0
344949, 950, 1, 0, 0
345049, 930, 1, 0, 0
345149, 900, 1, 0, 0
345249, 940, 1, 0, 0
345349, 990, 1, 0, 0
345449, 960, 1, 0, 0
345549, 960, 1, 0, 0
345649, 920, 1, 0, 0
345750, 910, 1, 0, 0
345850, 910, 1, 0, 0
345950, 940, 1, 0, 0
346050, 940, 1, 0, 0
346150, 890, 1, 0, 0
346249, 949, 1, 0, 0
346349, 910, 1, 0, 0
346449, 920, 1, 0, 0
346549, 930, 1, 0, 0
346649, 950, 1, 0, 0
346749, 880, 1, 0, 0
346849, 900, 1, 0, 0
346949, 920, 1, 0, 0
347049, 910, 1, 0, 0
347150, 960, 1, 0, 0
347250, 920, 1, 0, 0
347350, 950, 1, 0, 0
347450, 910, 1, 0, 0
347550, 910, 1, 0, 0
347650, 940, 1, 0, 0
347749, 949, 1, 0, 0
347849, 930, 1, 0, 0
347949, 930, 1, 0, 0
348049, 890, 1, 0, 0
348149, 930, 1, 0, 0
348249, 910, 1, 0, 0
348350, 950, 1, 0, 0
348450, 930, 1, 0, 0
348550, 950, 1, 0, 0
348650, 940, 1, 0, 0
348749, 898, 1, 0, 0
348849, 930, 1, 0, 0
348949, 940, 1, 0, 0
349049, 950, 1, 0, 0
349149, 930, 1, 0, 0
349249, 910, 1, 0, 0
349349, 1010, 1, 0, 0
349449, 910, 1, 0, 0
349549, 900, 1, 0, 0
349649, 890, 1, 0, 0
349749, 930, 1, 0, 0
349850, 950, 1, 0, 0
349950, 930, 1, 0, 0
350050, 910, 1, 0, 0
350150, 920, 1, 0, 0
350249, 898, 1, 0, 0
350349, 870, 1, 0, 0
350449, 930, 1, 0, 0
350549, 930, 1, 0, 0
350649, 890, 1, 0, 0
350749, 890, 1, 0, 0
350849, 920, 1, 0, 0
350949, 950, 1, 0, 0
351049, 950, 1, 0, 0
351149, 950, 1, 0, 0
351250, 930, 1, 0, 0
351350, 910, 1, 0, 0
351450, 920, 1, 0, 0
351550, 940, 1, 0, 0
351650, 950, 1, 0, 0
351749, 969, 1, 0, 0
351849, 910, 1, 0, 0
351949, 930, 1, 0, 0
352049, 930, 1, 0, 0
352149, 950, 1, 0, 0
352249, 910, 1, 0, 0
352349, 930, 1, 0, 0
352449, 990, 1, 0, 0
352550, 920, 1, 0, 0
352650, 930, 1, 0, 0
352750, 980, 1, 0, 0
352850, 930, 1, 0, 0
352950, 940, 1, 0, 0
353050, 920, 1, 0, 0
353150, 970, 1, 0, 0
353249, 909, 1, 0, 0
353349, 920, 1, 0, 0
353449, 920, 1, 0, 0
353549, 950, 1, 0, 0
353649, 960, 1, 0, 0
353749, 990, 1, 0, 0
353849, 890, 1, 0, 0
353950, 960, 1, 0, 0
354050, 940, 1, 0, 0
354150, 950, 1, 0, 0
354249, 959, 1, 0, 0
354349, 950, 1, 0, 0
354449, 950, 1, 0, 0
354549, 930, 1, 0, 0
354649, 950, 1, 0, 0
354749, 980, 1, 0, 0
354849, 1010, 1, 0, 0
354949, 950, 1, 0, 0
355049, 990, 1, 0, 0
355149, 950, 1, 0, 0
355250, 970, 1, 0, 0
355350, 920, 1, 0, 0
355450, 910, 1, 0, 0
355550, 950, 1, 0, 0
355650, 950, 1, 0, 0
355749, 949, 1, 0, 0
355849, 970, 1, 0, 0
355949, 960, 1, 0, 0
356049, 920, 1, 0, 0
356149, 890, 1, 0, 0
356249, 920, 1, 0, 0
356349, 950, 1, 0, 0
356449, 910, 1, 0, 0
356549, 980, 1, 0, 0
356650, 970, 1, 0, 0
356750, 930, 1, 0, 0
356850, 950, 1, 0, 0
356950, 890, 1, 0, 0
357050, 980, 1, 0, 0
357150, 910, 1, 0, 0
357249, 939, 1, 0, 0
357349, 920, 1, 0, 0
357449, 940, 1, 0, 0
357549, 980, 1, 0, 0
357649, 910, 1, 0, 0
357749, 990, 1, 0, 0
357849, 970, 1, 0, 0
357949, 970, 1, 0, 0
358050, 930, 1, 0, 0
358150, 1020, 1, 0, 0
358250, 910, 1, 0, 0
358350, 920, 1, 0, 0
358450, 950, 1, 0, 0
358550, 940, 1, 0, 0
358650, 950, 1, 0, 0
358749, 909, 1, 0, 0
358849, 970, 1, 0, 0
358949, 930, 1, 0, 0
359049, 940, 1, 0, 0
359149, 810, 1, 0, 0
359249, 920, 1, 0, 0
359350, 870, 1, 0, 0
359450, 860, 1, 0, 0
359550, 940, 1, 0, 0
359650, 870, 1, 0, 0
359749, 939, 1, 0, 0
359849, 930, 1, 0, 0
359949, 930, 1, 0, 0
360049, 940, 1, 0, 0
360149, 980, 1, 0, 0
360249, 950, 1, 0, 0
360349, 980, 1, 0, 0
360449, 950, 1, 0, 0
360549, 940, 1, 0, 0
360649, 970, 1, 0, 0
360750, 980, 1, 0, 0
360850, 1000, 1, 0, 0
360950, 960, 1, 0, 0
361050, 990, 1, 0, 0
361150, 910, 1, 0, 0
361249, 939, 1, 0, 0
361349, 960, 1, 0, 0
361449, 990, 1, 0, 0
361549, 990, 1, 0, 0
361649, 910, 1, 0, 0
361749, 950, 1, 0, 0
361849, 950, 1, 0, 0
361949, 940, 1, 0, 0
362050, 970, 1, 0, 0
362150, 960, 1, 0, 0
362250, 930, 1, 0, 0
362350, 940, 1, 0, 0
362450, 970, 1, 0, 0
362550, 970, 1, 0, 0
362650, 960, 1, 0, 0
362749, 979, 1, 0, 0
362849, 980, 1, 0, 0
362949, 940, 1, 0, 0
363049, 990, 1, 0, 0
363149, 910, 1, 0, 0
363249, 960, 1, 0, 0
363349, 940, 1, 0, 0
363450, 910, 1, 0, 0
363550, 960, 1, 0, 0
363650, 980, 1, 0, 0
363749, 969, 1, 0, 0
363849, 990, 1, 0, 0
363949, 1040, 1, 0, 0
364049, 960, 1, 0, 0
364149, 960, 1, 0, 0
364249, 990, 1, 0, 0
364349, 930, 1, 0, 0
364449, 950, 1, 0, 0
364549, 970, 1, 0, 0
364649, 970, 1, 0, 0
364750, 950, 1, 0, 0
364850, 970, 1, 0, 0
364950, 970, 1, 0, 0
365050, 980, 1, 0, 0
365150, 970, 1, 0, 0
365249, 959, 1, 0, 0
365349, 960, 1, 0, 0
365449, 990, 1, 0, 0
365549, 900, 1, 0, 0
365649, 970, 1, 0, 0
365749, 950, 1, 0, 0
365849, 950, 1, 0, 0
365949, 950, 1, 0, 0
366049, 990, 1, 0, 0
366150, 950, 1, 0, 0
366250, 900, 1, 0, 0
366350, 950, 1, 0, 0
366450, 990, 1, 0, 0
366550, 1020, 1, 0, 0
366650, 970, 1, 0, 0
366749, 939, 1, 0, 0
366849, 990, 1, 0, 0
366949, 920, 1, 0, 0
367049, 950, 1, 0, 0
367149, 930, 1, 0, 0
367249, 980, 1, 0, 0
367349, 930, 1, 0, 0
367449, 990, 1, 0, 0
367550, 920, 1, 0, 0
367650, 980, 1, 0, 0
367750, 990, 1, 0, 0
367850, 930, 1, 0, 0
367950, 980, 1, 0, 0
368050, 940, 1, 0, 0
368150, 980, 1, 0, 0
368249, 989, 1, 0, 0
368349, 950, 1, 0, 0
368449, 890, 1, 0, 0
368549, 990, 1, 0, 0
368649, 940, 1, 0, 0
368750, 1020, 1, 0, 0
368850, 970, 1, 0, 0
368950, 970, 1, 0, 0
369050, 980, 1, 0, 0
369150, 970, 1, 0, 0
369249, 959, 1, 0, 0
369349, 990, 1, 0, 0
369449, 960, 1, 0, 0
369549, 970, 1, 0, 0
369649, 960, 1, 0, 0
369749, 980, 1, 0, 0
369849, 950, 1, 0, 0
369949, 1000, 1, 0, 0
370049, 950, 1, 0, 0
370149, 980, 1, 0, 0
370250, 910, 1, 0, 0
370350, 960, 1, 0, 0
370450, 960, 1, 0, 0
370550, 960, 1, 0, 0
370650, 950, 1, 0, 0
370749, 949, 1, 0, 0
370849, 950, 1, 0, 0
370949, 960, 1, 0, 0
371049, 930, 1, 0, 0
371149, 960, 1, 0, 0
371249, 970, 1, 0, 0
371349, 960, 1, 0, 0
371449, 930, 1, 0, 0
371550, 970, 1, 0, 0
371650, 940, 1, 0, 0
371750, 940, 1, 0, 0
371850, 950, 1, 0, 0
371950, 940, 1, 0, 0
372050, 930, 1, 0, 0
372150, 950, 1, 0, 0
372249, 949, 1, 0, 0
372349, 990, 1, 0, 0
372449, 860, 1, 0, 0
372549, 970, 1, 0, 0
372649, 940, 1, 0, 0
372749, 950, 1, 0, 0
372849, 970, 1, 0, 0
372949, 980, 1, 0, 0
373050, 1020, 1, 0, 0
373150, 990, 1, 0, 0
373250, 890, 1, 0, 0
373350, 970, 1, 0, 0
373450, 930, 1, 0, 0
373550, 960, 1, 0, 0
373650, 910, 1, 0, 0
373749, 949, 1, 0, 0
373849, 890, 1, 0, 0
373949, 930, 1, 0, 0
374049, 950, 1, 0, 0
374149, 970, 1, 0, 0
374249, 980, 1, 0, 0
374350, 960, 1, 0, 0
374450, 980, 1, 0, 0
374550, 980, 1, 0, 0
374650, 960, 1, 0, 0
374749, 969, 1, 0, 0
374849, 930, 1, 0, 0
374949, 940, 1, 0, 0
375049, 940, 1, 0, 0
375149, 920, 1, 0, 0
375249, 960, 1, 0, 0
375349, 930, 1, 0, 0
375449, 910, 1, 0, 0
375549, 970, 1, 0, 0
375649, 960, 1, 0, 0
375750, 940, 1, 0, 0
375850, 1010, 1, 0, 0
375950, 930, 1, 0, 0
376050, 920, 1, 0, 0
376150, 960, 1, 0, 0
376249, 959, 1, 0, 0
376349, 950, 1, 0, 0
376449, 960, 1, 0, 0
376549, 940, 1, 0, 0
376649, 920, 1, 0, 0
376749, 970, 1, 0, 0
376849, 950, 1, 0, 0
376949, 940, 1, 0, 0
377050, 940, 1, 0, 0
377150, 930, 1, 0, 0
377250, 980, 1, 0, 0
377350, 940, 1, 0, 0
377450, 950, 1, 0, 0
377550, 900, 1, 0, 0
377650, 940, 1, 0, 0
377749, 939, 1, 0, 0
377849, 970, 1, 0, 0
377949, 950, 1, 0, 0
378049, 890, 1, 0, 0
378149, 900, 1, 0, 0
378249, 970, 1, 0, 0
378350, 940, 1, 0, 0
378450, 900, 1, 0, 0
378550, 940, 1, 0, 0
378650, 950, 1, 0, 0
378749, 1000, 1, 0, 0
378849, 930, 1, 0, 0
378949, 940, 1, 0, 0
379049, 990, 1, 0, 0
379149, 980, 1, 0, 0
379249, 950, 1, 0, 0
379349, 970, 1, 0, 0
379449, 970, 1, 0, 0
379549, 930, 1, 0, 0
379649, 920, 1, 0, 0
379750, 1010, 1, 0, 0
379850, 910, 1, 0, 0
379950, 970, 1, 0, 0
380050, 940, 1, 0, 0
380150, 950, 1, 0, 0
380249, 979, 1, 0, 0
380349, 940, 1, 0, 0
380449, 980, 1, 0, 0
380549, 960, 1, 0, 0
380649, 990, 1, 0, 0
380749, 920, 1, 0, 0
380849, 980, 1, 0, 0
380949, 960, 1, 0, 0
381049, 980, 1, 0, 0
381150, 980, 1, 0, 0
381250, 990, 1, 0, 0
381350, 1000, 1, 0, 0
381450, 1010, 1, 0, 0
381550, 960, 1, 0, 0
381650, 980, 1, 0, 0
381749, 919, 1, 0, 0
381849, 1000, 1, 0, 0
381949, 960, 1, 0, 0
382049, 970, 1, 0, 0
382149, 930, 1, 0, 0
382249, 960, 1, 0, 0
382349, 940, 1, 0, 0
382449, 930, 1, 0, 0
382550, 900, 1, 0, 0
382650, 940, 1, 0, 0
382750, 980, 1, 0, 0
382850, 990, 1, 0, 0
382950, 1000, 1, 0, 0
383050, 990, 1, 0, 0
383150, 990, 1, 0, 0
383249, 1000, 1, 0, 0
383349, 910, 1, 0, 0
383449, 950, 1, 0, 0
383549, 1000, 1, 0, 0
383649, 960, 1, 0, 0
383749, 980, 1, 0, 0
383850, 970, 1, 0, 0
383950, 940, 1, 0, 0
384050, 960, 1, 0, 0
384150, 980, 1, 0, 0
384249, 949, 1, 0, 0
384349, 1000, 1, 0, 0
384449, 930, 1, 0, 0
384549, 960, 1, 0, 0
384649, 980, 1, 0, 0
384749, 910, 1, 0, 0
384849, 930, 1, 0, 0
384949, 980, 1, 0, 0
385049, 970, 1, 0, 0
385149, 970, 1, 0, 0
385250, 960, 1, 0, 0
385350, 960, 1, 0, 0
385450, 960, 1, 0, 0
385550, 960, 1, 0, 0
385650, 990, 1, 0, 0
385749, 969, 1, 0, 0
385849, 920, 1, 0, 0
385949, 1000, 1, 0, 0
386049, 950, 1, 0, 0
386149, 900, 1, 0, 0
386249, 950, 1, 0, 0
386349, 950, 1, 0, 0
386449, 990, 1, 0, 0
386549, 940, 1, 0, 0
386650, 940, 1, 0, 0
386750, 930, 1, 0, 0
386850, 930, 1, 0, 0
386950, 970, 1, 0, 0
387050, 1000, 1, 0, 0
387150, 950, 1, 0, 0
387249, 929, 1, 0, 0
387349, 950, 1, 0, 0
387449, 960, 1, 0, 0
387549, 960, 1, 0, 0
387649, 970, 1, 0, 0
387749, 950, 1, 0, 0
387849, 980, 1, 0, 0
387949, 940, 1, 0, 0
388050, 990, 1, 0, 0
388150, 980, 1, 0, 0
388250, 960, 1, 0, 0
388350, 950, 1, 0, 0
388450, 930, 1, 0, 0
388550, 940, 1, 0, 0
388650, 950, 1, 0, 0
388749, 989, 1, 0, 0
388849, 960, 1, 0, 0
388949, 980, 1, 0, 0
389049, 1020, 1, 0, 0
389149, 970, 1, 0, 0
389249, 980, 1, 0, 0
389349, 1000, 1, 0, 0
389450, 1010, 1, 0, 0
389550, 990, 1, 0, 0
389650, 1000, 1, 0, 0
389749, 949, 1, 0, 0
389849, 990, 1, 0, 0
389949, 980, 1, 0, 0
390049, 1000, 1, 0, 0
390149, 980, 1, 0, 0
390249, 990, 1, 0, 0
390349, 1000, 1, 0, 0
390449, 950, 1, 0, 0
390549, 960, 1, 0, 0
390649, 1000, 1, 0, 0
390750, 950, 1, 0, 0
390850, 980, 1, 0, 0
390950, 1020, 1, 0, 0
391050, 970, 1, 0, 0
391150, 950, 1, 0, 0
391249, 969, 1, 0, 0
391349, 960, 1, 0, 0
391449, 940, 1, 0, 0
391549, 990, 1, 0, 0
391649, 970, 1, 0, 0
391749, 990, 1, 0, 0
391849, 930, 1, 0, 0
391949, 1000, 1, 0, 0
392049, 950, 1, 0, 0
392150, 970, 1, 0, 0
392250, 960, 1, 0, 0
392350, 940, 1, 0, 0
392450, 920, 1, 0, 0
392550, 970, 1, 0, 0
392650, 920, 1, 0, 0
392749, 959, 1, 0, 0
392849, 950, 1, 0, 0
392949, 940, 1, 0, 0
393049, 1000, 1, 0, 0
393149, 970, 1, 0, 0
393249, 940, 1, 0, 0
393349, 940, 1, 0, 0
393449, 1000, 1, 0, 0
393550, 920, 1, 0, 0
393650, 900, 1, 0, 0
393750, 900, 1, 0, 0
393850, 950, 1, 0, 0
393950, 930, 1, 0, 0
394050, 930, 1, 0, 0
394150, 930, 1, 0, 0
394249, 949, 1, 0, 0
394349, 950, 1, 0, 0
394449, 960, 1, 0, 0
394549, 910, 1, 0, 0
394649, 970, 1, 0, 0
394749, 950, 1, 0, 0
394850, 990, 1, 0, 0
394950, 950, 1, 0, 0
395050, 910, 1, 0, 0
395150, 940, 1, 0, 0
395249, 929, 1, 0, 0
395349, 950, 1, 0, 0
395449, 940, 1, 0, 0
395549, 890, 1, 0, 0
395649, 960, 1, 0, 0
395749, 980, 1, 0, 0
395849, 890, 1, 0, 0
395949, 940, 1, 0, 0
396049, 980, 1, 0, 0
396149, 950, 1, 0, 0
396250, 970, 1, 0, 0
396350, 940, 1, 0, 0
396450, 970, 1, 0, 0
396550, 960, 1, 0, 0
396650, 970, 1, 0, 0
396749, 989, 1, 0, 0
396849, 920, 1, 0, 0
396949, 970, 1, 0, 0
397049, 940, 1, 0, 0
397149, 940, 1, 0, 0
397249, 920, 1, 0, 0
397349, 930, 1, 0, 0
397449, 940, 1, 0, 0
397550, 920, 1, 0, 0
397650, 900, 1, 0, 0
397750, 960, 1, 0, 0
397850, 940, 1, 0, 0
397950, 970, 1, 0, 0
398050, 960, 1, 0, 0
398150, 960, 1, 0, 0
398249, 979, 1, 0, 0
398349, 920, 1, 0, 0
398449, 920, 1, 0, 0
398549, 970, 1, 0, 0
398649, 980, 1, 0, 0
398749, 910, 1, 0, 0
398849, 980, 1, 0, 0
398950, 960, 1, 0, 0
399050, 910, 1, 0, 0
399150, 910, 1, 0, 0
399250, 960, 1, 0, 0
399350, 940, 1, 0, 0
399450, 930, 1, 0, 0
399550, 970, 1, 0, 0
399650, 930, 1, 0, 0
399749, 949, 1, 0, 0
399849, 930, 1, 0, 0
399949, 970, 1, 0, 0
400049, 940, 1, 0, 0
400149, 920, 1, 0, 0
400249, 940, 1, 0, 0
400350, 930, 1, 0, 0
400450, 930, 1, 0, 0
400550, 910, 1, 0, 0
400650, 950, 1, 0, 0
400749, 949, 1, 0, 0
400849, 920, 1, 0, 0
400949, 920, 1, 0, 0
401049, 940, 1, 0, 0
401149, 1000, 1, 0, 0
401249, 990, 1, 0, 0
401349, 950, 1, 0, 0
401449, 1010, 1, 0, 0
401549, 960, 1, 0, 0
401649, 950, 1, 0, 0
401750, 950, 1, 0, 0
401850, 920, 1, 0, 0
401950, 1000, 1, 0, 0
402050, 960, 1, 0, 0
402150, 950, 1, 0, 0
402249, 949, 1, 0, 0
402349, 970, 1, 0, 0
402449, 960, 1, 0, 0
402549, 970, 1, 0, 0
402649, 920, 1, 0, 0
402749, 970, 1, 0, 0
402849, 960, 1, 0, 0
402949, 980, 1, 0, 0
403050, 950, 1, 0, 0
403150, 960, 1, 0, 0
403250, 930, 1, 0, 0
403350, 970, 1, 0, 0
403450, 960, 1, 0, 0
403550, 930, 1, 0, 0
403650, 1000, 1, 0, 0
403749, 939, 1, 0, 0
403849, 980, 1, 0, 0
403949, 960, 1, 0, 0
404049, 1010, 1, 0, 0
404149, 950, 1, 0, 0
404249, 940, 1, 0, 0
404349, 930, 1, 0, 0
404449, 950, 1, 0, 0
404550, 980, 1, 0, 0
404650, 970, 1, 0, 0
404750, 1020, 1, 0, 0
404850, 1010, 1, 0, 0
404950, 990, 1, 0, 0
405050, 970, 1, 0, 0
405150, 960, 1, 0, 0
405249, 959, 1, 0, 0
405349, 980, 1, 0, 0
405449, 970, 1, 0, 0
405549, 960, 1, 0, 0
405649, 960, 1, 0, 0
405749, 950, 1, 0, 0
405850, 950, 1, 0, 0
405950, 940, 1, 0, 0
406050, 920, 1, 0, 0
406150, 920, 1, 0, 0
406249, 959, 1, 0, 0
406349, 960, 1, 0, 0
406449, 890, 1, 0, 0
406549, 950, 1, 0, 0
406649, 940, 1, 0, 0
406749, 920, 1, 0, 0
406849, 950, 1, 0, 0
406949, 940, 1, 0, 0
407049, 970, 1, 0, 0
407149, 990, 1, 0, 0
407250, 980, 1, 0, 0
407350, 950, 1, 0, 0
407450, 910, 1, 0, 0
407550, 910, 1, 0, 0
407650, 930, 1, 0, 0
407749, 898, 1, 0, 0
407849, 970, 1, 0, 0
407949, 970, 1, 0, 0
408049, 920, 1, 0, 0
408149, 900, 1, 0, 0
408249, 920, 1, 0, 0
408349, 900, 1, 0, 0
408449, 950, 1, 0, 0
408550, 980, 1, 0, 0
408650, 1000, 1, 0, 0
408749, 959, 1, 0, 0
408849, 920, 1, 0, 0
408949, 970, 1, 0, 0
409049, 940, 1, 0, 0
409149, 950, 1, 0, 0
409249, 930, 1, 0, 0
409349, 920, 1, 0, 0
409449, 900, 1, 0, 0
409549, 960, 1, 0, 0
409649, 930, 1, 0, 0
409750, 980, 1, 0, 0
409850, 940, 1, 0, 0
409950, 940, 1, 0, 0
410050, 970, 1, 0, 0
410150, 880, 1, 0, 0
410249, 929, 1, 0, 0
410349, 900, 1, 0, 0
410449, 900, 1, 0, 0
410549, 970, 1, 0, 0
410649, 930, 1, 0, 0
410749, 930, 1, 0, 0
410849, 960, 1, 0, 0
410949, 950, 1, 0, 0
411049, 940, 1, 0, 0
411150, 940, 1, 0, 0
411250, 910, 1, 0, 0
411350, 920, 1, 0, 0
411450, 870, 1, 0, 0
411550, 890, 1, 0, 0
411650, 970, 1, 0, 0
411749, 959, 1, 0, 0
411849, 960, 1, 0, 0
411949, 960, 1, 0, 0
412049, 950, 1, 0, 0
412149, 950, 1, 0, 0
412249, 990, 1, 0, 0
412349, 970, 1, 0, 0
412449, 930, 1, 0, 0
412550, 940, 1, 0, 0
412650, 950, 1, 0, 0
412750, 900, 1, 0, 0
412850, 930, 1, 0, 0
412950, 980, 1, 0, 0
413050, 930, 1, 0, 0
413150, 970, 1, 0, 0
413249, 929, 1, 0, 0
413349, 930, 1, 0, 0
413449, 940, 1, 0, 0
413549, 900, 1, 0, 0
413649, 970, 1, 0, 0
413749, 950, 1, 0, 0
413849, 940, 1, 0, 0
413950, 950, 1, 0, 0
414050, 920, 1, 0, 0
414150, 930, 1, 0, 0
414249, 919, 1, 0, 0
414349, 960, 1, 0, 0
414449, 1000, 1, 0, 0
414549, 960, 1, 0, 0
414649, 1020, 1, 0, 0
414749, 960, 1, 0, 0
414849, 940, 1, 0, 0
414949, 980, 1, 0, 0
415049, 970, 1, 0, 0
415149, 990, 1, 0, 0
415250, 1010, 1, 0, 0
415350, 970, 1, 0, 0
415450, 1000, 1, 0, 0
415550, 960, 1, 0, 0
415650, 950, 1, 0, 0
415749, 979, 1, 0, 0
415849, 980, 1, 0, 0
415949, 960, 1, 0, 0
416049, 1010, 1, 0, 0
416149, 990, 1, 0, 0
416249, 980, 1, 0, 0
416349, 950, 1, 0, 0
416449, 970, 1, 0, 0
416549, 1000, 1, 0, 0
416650, 930, 1, 0, 0
416750, 1010, 1, 0, 0
416850, 990, 1, 0, 0
416950, 980, 1, 0, 0
417050, 970, 1, 0, 0
417150, 970, 1, 0, 0
417249, 949, 1, 0, 0
417349, 930, 1, 0, 0
417449, 970, 1, 0, 0
417549, 980, 1, 0, 0
417649, 950, 1, 0, 0
417749, 960, 1, 0, 0
417849, 970, 1, 0, 0
417949, 980, 1, 0, 0
418050, 970, 1, 0, 0
418150, 960, 1, 0, 0
418250, 990, 1, 0, 0
418350, 990, 1, 0, 0
418450, 1000, 1, 0, 0
418550, 920, 1, 0, 0
418650, 950, 1, 0, 0
418749, 959, 1, 0, 0
418849, 1000, 1, 0, 0
418949, 970, 1, 0, 0
419049, 940, 1, 0, 0
419149, 950, 1, 0, 0
419250, 960, 1, 0, 0
419350, 930, 1, 0, 0
419450, 920, 1, 0, 0
419550, 960, 1, 0, 0
419650, 950, 1, 0, 0
419749, 959, 1, 0, 0
419849, 930, 1, 0, 0
419949, 980, 1, 0, 0
420049, 970, 1, 0, 0
420149, 970, 1, 0, 0
420249, 960, 1, 0, 0
420349, 970, 1, 0, 0
420449, 980, 1, 0, 0
420549, 950, 1, 0, 0
420649, 920, 1, 0, 0
420750, 930, 1, 0, 0
420850, 960, 1, 0, 0
420950, 950, 1, 0, 0
421050, 940, 1, 0, 0
421150, 920, 1, 0, 0
421249, 939, 1, 0, 0
421349, 940, 1, 0, 0
421449, 930, 1, 0, 0
421549, 990, 1, 0, 0
421649, 970, 1, 0, 0
421749, 1010, 1, 0, 0
421849, 980, 1, 0, 0
421949, 950, 1, 0, 0
422050, 980, 1, 0, 0
422150, 930, 1, 0, 0
422250, 930, 1, 0, 0
422350, 980, 1, 0, 0
422450, 950, 1, 0, 0
422550, 930, 1, 0, 0
422650, 960, 1, 0, 0
422749, 979, 1, 0, 0
422849, 900, 1, 0, 0
422949, 960, 1, 0, 0
423049, 940, 1, 0, 0
423149, 910, 1, 0, 0
423249, 950, 1, 0, 0
423349, 960, 1, 0, 0
423449, 970, 1, 0, 0
423550, 940, 1, 0, 0
423650, 920, 1, 0, 0
423750, 930, 1, 0, 0
423850, 980, 1, 0, 0
423950, 990, 1, 0, 0
424050, 980, 1, 0, 0
424150, 1010, 1, 0, 0
424249, 1030, 1, 0, 0
424349, 950, 1, 0, 0
424449, 1000, 1, 0, 0
424549, 990, 1, 0, 0
424649, 960, 1, 0, 0
424750, 980, 1, 0, 0
424850, 950, 1, 0, 0
424950, 980, 1, 0, 0
425050, 950, 1, 0, 0
425150, 1000, 1, 0, 0
425249, 1010, 1, 0, 0
425349, 950, 1, 0, 0
425449, 980, 1, 0, 0
425549, 950, 1, 0, 0
425649, 1000, 1, 0, 0
425749, 980, 1, 0, 0
425849, 990, 1, 0, 0
425949, 1000, 1, 0, 0
426049, 970, 1, 0, 0
426149, 980, 1, 0, 0
426250, 910, 1, 0, 0
426350, 950, 1, 0, 0
426450, 950, 1, 0, 0
426550, 970, 1, 0, 0
426650, 940, 1, 0, 0
426749, 979, 1, 0, 0
426849, 960, 1, 0, 0
426949, 950, 1, 0, 0
427049, 940, 1, 0, 0
427149, 960, 1, 0, 0
427249, 970, 1, 0, 0
427349, 980, 1, 0, 0
427449, 980, 1, 0, 0
427550, 960, 1, 0, 0
427650, 960, 1, 0, 0
427750, 960, 1, 0, 0
427850, 960, 1, 0, 0
427950, 990, 1, 0, 0
428050, 970, 1, 0, 0
428150, 970, 1, 0, 0
428249, 969, 1, 0, 0
428349, 930, 1, 0, 0
428449, 930, 1, 0, 0
428549, 980, 1, 0, 0
428649, 970, 1, 0, 0
428749, 950, 1, 0, 0
428849, 920, 1, 0, 0
428950, 1000, 1, 0, 0
429050, 940, 1, 0, 0
429150, 970, 1, 0, 0
429249, 919, 1, 0, 0
429349, 970, 1, 0, 0
429449, 950, 1, 0, 0
429549, 1010, 1, 0, 0
429649, 960, 1, 0, 0
429749, 970, 1, 0, 0
429849, 990, 1, 0, 0
429949, 970, 1, 0, 0
430049, 940, 1, 0, 0
430149, 960, 1, 0, 0
430250, 920, 1, 0, 0
430350, 930, 1, 0, 0
430450, 970, 1, 0, 0
430550, 960, 1, 0, 0
430650, 960, 1, 0, 0
430749, 1000, 1, 0, 0
430849, 950, 1, 0, 0
430949, 960, 1, 0, 0
431049, 990, 1, 0, 0
431149, 960, 1, 0, 0
431249, 970, 1, 0, 0
431349, 970, 1, 0, 0
431449, 980, 1, 0, 0
431550, 980, 1, 0, 0
431650, 900, 1, 0, 0
431750, 930, 1, 0, 0
431850, 910, 1, 0, 0
431950, 990, 1, 0, 0
432050, 970, 1, 0, 0
432150, 920, 1, 0, 0
432249, 989, 1, 0, 0
432349, 930, 1, 0, 0
432449, 910, 1, 0, 0
432549, 950, 1, 0, 0
432649, 960, 1, 0, 0
432749, 950, 1, 0, 0
432849, 930, 1, 0, 0
432950, 930, 1, 0, 0
433050, 910, 1, 0, 0
433150, 920, 1, 0, 0
433250, 960, 1, 0, 0
433350, 920, 1, 0, 0
433450, 910, 1, 0, 0
433550, 1000, 1, 0, 0
433650, 940, 1, 0, 0
433749, 989, 1, 0, 0
433849, 940, 1, 0, 0
433949, 970, 1, 0, 0
434049, 960, 1, 0, 0
434149, 960, 1, 0, 0
434250, 930, 1, 0, 0
434350, 880, 1, 0, 0
434450, 950, 1, 0, 0
434550, 960, 1, 0, 0
434650, 920, 1, 0, 0
434749, 939, 1, 0, 0
434849, 980, 1, 0, 0
434949, 900, 1, 0, 0
435049, 940, 1, 0, 0
435149, 900, 1, 0, 0
435249, 940, 1, 0, 0
435349, 910, 1, 0, 0
435449, 920, 1, 0, 0
435550, 930, 1, 0, 0
435650, 920, 1, 0, 0
435750, 960, 1, 0, 0
435850, 980, 1, 0, 0
435950, 900, 1, 0, 0
436050, 940, 1, 0, 0
436150, 900, 1, 0, 0
436249, 939, 1, 0, 0
436349, 950, 1, 0, 0
436449, 950, 1, 0, 0
436549, 960, 1, 0, 0
436649, 780, 1, 0, 0
436749, 900, 1, 0, 0
436849, 920, 1, 0, 0
436950, 930, 1, 0, 0
437050, 970, 1, 0, 0
437150, 970, 1, 0, 0
437249, 949, 1, 0, 0
437349, 940, 1, 0, 0
437449, 960, 1, 0, 0
437549, 910, 1, 0, 0
437649, 950, 1, 0, 0
437749, 940, 1, 0, 0
437849, 940, 1, 0, 0
437949, 930, 1, 0, 0
438049, 960, 1, 0, 0
438149, 930, 1, 0, 0
438250, 1000, 1, 0, 0
438350, 930, 1, 0, 0
438450, 910, 1, 0, 0
438550, 930, 1, 0, 0
438650, 930, 1, 0, 0
438749, 969, 1, 0, 0
438849, 940, 1, 0, 0
438949, 980, 1, 0, 0
439049, 910, 1, 0, 0
439149, 990, 1, 0, 0
439249, 930, 1, 0, 0
439349, 970, 1, 0, 0
439449, 970, 1, 0, 0
439550, 930, 1, 0, 0
439650, 970, 1, 0, 0
439750, 930, 1, 0, 0
439850, 970, 1, 0, 0
439950, 940, 1, 0, 0
440050, 1000, 1, 0, 0
440150, 970, 1, 0, 0
440249, 929, 1, 0, 0
440349, 970, 1, 0, 0
440449, 980, 1, 0, 0
440549, 960, 1, 0, 0
440649, 950, 1, 0, 0
440749, 920, 1, 0, 0
440849, 980, 1, 0, 0
440949, 980, 1, 0, 0
441050, 960, 1, 0, 0
441150, 910, 1, 0, 0
441250, 970, 1, 0, 0
441350, 970, 1, 0, 0
441450, 950, 1, 0, 0
441550, 960, 1, 0, 0
441650, 940, 1, 0, 0
441749, 969, 1, 0, 0
441849, 990, 1, 0, 0
441949, 960, 1, 0, 0
442049, 970, 1, 0, 0
442149, 950, 1, 0, 0
442249, 970, 1, 0, 0
442350, 950, 1, 0, 0
442450, 930, 1, 0, 0
442550, 1030, 1, 0, 0
442650, 1000, 1, 0, 0
442749, 949, 1, 0, 0
442849, 1010, 1, 0, 0
442949, 990, 1, 0, 0
443049, 980, 1, 0, 0
443149, 940, 1, 0, 0
443249, 980, 1, 0, 0
443349, 970, 1, 0, 0
443449, 940, 1, 0, 0
443549, 970, 1, 0, 0
443649, 960, 1, 0, 0
443750, 980, 1, 0, 0
443850, 960, 1, 0, 0
443950, 1010, 1, 0, 0
444050, 980, 1, 0, 0
444150, 950, 1, 0, 0
444249, 959, 1, 0, 0
444349, 990, 1, 0, 0
444449, 970, 1, 0, 0
444549, 960, 1, 0, 0
444649, 990, 1, 0, 0
444749, 970, 1, 0, 0
444849, 950, 1, 0, 0
444949, 950, 1, 0, 0
445050, 950, 1, 0, 0
445150, 930, 1, 0, 0
445250, 940, 1, 0, 0
445350, 980, 1, 0, 0
445450, 920, 1, 0, 0
445550, 940, 1, 0, 0
445650, 890, 1, 0, 0
445749, 969, 1, 0, 0
445849, 910, 1, 0, 0
445949, 960, 1, 0, 0
446049, 980, 1, 0, 0
446149, 990, 1, 0, 0
446249, 950, 1, 0, 0
446349, 960, 1, 0, 0
446449, 980, 1, 0, 0
446550, 960, 1, 0, 0
446650, 960, 1, 0, 0
446750, 940, 1, 0, 0
446850, 970, 1, 0, 0
446950, 1010, 1, 0, 0
447050, 940, 1, 0, 0
447150, 940, 1, 0, 0
447249, 989, 1, 0, 0
447349, 930, 1, 0, 0
447449, 980, 1, 0, 0
447549, 980, 1, 0, 0
447649, 960, 1, 0, 0
447749, 930, 1, 0, 0
447850, 920, 1, 0, 0
447950, 930, 1, 0, 0
448050, 940, 1, 0, 0
448150, 960, 1, 0, 0
448249, 919, 1, 0, 0
448349, 960, 1, 0, 0
448449, 950, 1, 0, 0
448549, 890, 1, 0, 0
448649, 960, 1, 0, 0
448749, 910, 1, 0, 0
448849, 900, 1, 0, 0
448949, 950, 1, 0, 0
449049, 920, 1, 0, 0
449149, 880, 1, 0, 0
449250, 890, 1, 0, 0
449350, 920, 1, 0, 0
449450, 930, 1, 0, 0
449550, 940, 1, 0, 0
449650, 970, 1, 0, 0
449749, 959, 1, 0, 0
449849, 950, 1, 0, 0
449949, 940, 1, 0, 0
450049, 970, 1, 0, 0
450149, 940, 1, 0, 0
450249, 960, 1, 0, 0
450349, 930, 1, 0, 0
450449, 970, 1, 0, 0
450550, 940, 1, 0, 0
450650, 960, 1, 0, 0
450750, 890, 1, 0, 0
450850, 970, 1, 0, 0
450950, 990, 1, 0, 0
451050, 950, 1, 0, 0
451150, 970, 1, 0, 0
451249, 919, 1, 0, 0
451349, 950, 1, 0, 0
451449, 940, 1, 0, 0
451549, 880, 1, 0, 0
451649, 940, 1, 0, 0
451749, 920, 1, 0, 0
451850, 960, 1, 0, 0
451950, 920, 1, 0, 0
452050, 940, 1, 0, 0
452150, 930, 1, 0, 0
452249, 929, 1, 0, 0
452349, 940, 1, 0, 0
452449, 920, 1, 0, 0
452549, 950, 1, 0, 0
452649, 950, 1, 0, 0
452749, 970, 1, 0, 0
452849, 960, 1, 0, 0
452949, 960, 1, 0, 0
453049, 970, 1, 0, 0
453150, 910, 1, 0, 0
453250, 950, 1, 0, 0
453350, 990, 1, 0, 0
453450, 900, 1, 0, 0
453550, 980, 1, 0, 0
453650, 920, 1, 0, 0
453749, 979, 1, 0, 0
453849, 950, 1, 0, 0
453949, 950, 1, 0, 0
454049, 960, 1, 0, 0
454149, 930, 1, 0, 0
454249, 970, 1, 0, 0
454349, 940, 1, 0, 0
454449, 940, 1, 0, 0
454550, 970, 1, 0, 0
454650, 920, 1, 0, 0
454750, 970, 1, 0, 0
454850, 990, 1, 0, 0
454950, 910, 1, 0, 0
455050, 940, 1, 0, 0
455150, 940, 1, 0, 0
455249, 959, 1, 0, 0
455349, 970, 1, 0, 0
455449, 950, 1, 0, 0
455549, 920, 1, 0, 0
455649, 920, 1, 0, 0
455750, 950, 1, 0, 0
455850, 1000, 1, 0, 0
455950, 950, 1, 0, 0
456050, 960, 1, 0, 0
456150, 980, 1, 0, 0
456249, 959, 1, 0, 0
456349, 970, 1, 0, 0
456449, 990, 1, 0, 0
456549, 1000, 1, 0, 0
456649, 950, 1, 0, 0
456749, 970, 1, 0, 0
456849, 950, 1, 0, 0
456949, 970, 1, 0, 0
457049, 1000, 1, 0, 0
457149, 1010, 1, 0, 0
457250, 1040, 1, 0, 0
457350, 920, 1, 0, 0
457450, 970, 1, 0, 0
457550, 960, 1, 0, 0
457650, 940, 1, 0, 0
457749, 949, 1, 0, 0
457849, 950, 1, 0, 0
457949, 940, 1, 0, 0
458049, 980, 1, 0, 0
458149, 980, 1, 0, 0
458249, 1020, 1, 0, 0
458349, 1000, 1, 0, 0
458449, 920, 1, 0, 0
458550, 940, 1, 0, 0
458650, 980, 1, 0, 0
458750, 980, 1, 0, 0
458850, 990, 1, 0, 0
458950, 970, 1, 0, 0
459050, 950, 1, 0, 0
459150, 1000, 1, 0, 0
459249, 1010, 1, 0, 0
459349, 1000, 1, 0, 0
459449, 960, 1, 0, 0
459549, 980, 1, 0, 0
459649, 1010, 1, 0, 0
459749, 1000, 1, 0, 0
459850, 980, 1, 0, 0
459950, 970, 1, 0, 0
460050, 990, 1, 0, 0
460150, 990, 1, 0, 0
460249, 979, 1, 0, 0
460349, 960, 1, 0, 0
460449, 990, 1, 0, 0
460549, 1020, 1, 0, 0
460649, 940, 1, 0, 0
460749, 1000, 1, 0, 0
460849, 1010, 1, 0, 0
460949, 990, 1, 0, 0
461049, 990, 1, 0, 0
461149, 970, 1, 0, 0
461250, 990, 1, 0, 0
461350, 980, 1, 0, 0
461450, 940, 1, 0, 0
461550, 980, 1, 0, 0
461650, 990, 1, 0, 0
461749, 969, 1, 0, 0
461849, 990, 1, 0, 0
461949, 950, 1, 0, 0
462049, 990, 1, 0, 0
462149, 940, 1, 0, 0
462249, 950, 1, 0, 0
462349, 960, 1, 0, 0
462449, 980, 1, 0, 0
462550, 950, 1, 0, 0
462650, 950, 1, 0, 0
462750, 980, 1, 0, 0
462850, 1010, 1, 0, 0
462950, 940, 1, 0, 0
463050, 1000, 1, 0, 0
463150, 990, 1, 0, 0
463249, 959, 1, 0, 0
463349, 980, 1, 0, 0
463449, 990, 1, 0, 0
463549, 950, 1, 0, 0
463649, 960, 1, 0, 0
463749, 950, 1, 0, 0
463849, 980, 1, 0, 0
463949, 980, 1, 0, 0
464050, 950, 1, 0, 0
464150, 960, 1, 0, 0
464250, 900, 1, 0, 0
464350, 900, 1, 0, 0
464450, 900, 1, 0, 0
464550, 910, 1, 0, 0
464650, 970, 1, 0, 0
464749, 898, 1, 0, 0
464849, 950, 1, 0, 0
464949, 930, 1, 0, 0
465049, 950, 1, 0, 0
465149, 900, 1, 0, 0
465249, 1000, 1, 0, 0
465350, 970, 1, 0, 0
465450, 1010, 1, 0, 0
465550, 1060, 1, 0, 0
465650, 920, 1, 0, 0
465749, 959, 1, 0, 0
465849, 970, 1, 0, 0
465949, 1000, 1, 0, 0
466049, 980, 1, 0, 0
466149, 960, 1, 0, 0
466249, 900, 1, 0, 0
466349, 940, 1, 0, 0
466449, 940, 1, 0, 0
466549, 980, 1, 0, 0
466649, 970, 1, 0, 0
466750, 970, 1, 0, 0
466850, 990, 1, 0, 0
466950, 960, 1, 0, 0
467050, 1000, 1, 0, 0
467150, 970, 1, 0, 0
467249, 979, 1, 0, 0
467349, 980, 1, 0, 0
467449, 980, 1, 0, 0
467549, 960, 1, 0, 0
467649, 960, 1, 0, 0
467749, 910, 1, 0, 0
467849, 1010, 1, 0, 0
467949, 950, 1, 0, 0
468050, 950, 1, 0, 0
468150, 960, 1, 0, 0
468250, 970, 1, 0, 0
468350, 960, 1, 0, 0
468450, 1000, 1, 0, 0
468550, 980, 1, 0, 0
468650, 980, 1, 0, 0
468749, 969, 1, 0, 0
468849, 940, 1, 0, 0
468949, 980, 1, 0, 0
469049, 960, 1, 0, 0
469149, 1000, 1, 0, 0
469249, 960, 1, 0, 0
469349, 940, 1, 0, 0
469450, 950, 1, 0, 0
469550, 980, 1, 0, 0
469650, 970, 1, 0, 0
469749, 969, 1, 0, 0
469849, 1000, 1, 0, 0
469949, 980, 1, 0, 0
470049, 980, 1, 0, 0
470149, 960, 1, 0, 0
470249, 980, 1, 0, 0
470349, 960, 1, 0, 0
470449, 970, 1, 0, 0
470549, 960, 1, 0, 0
470649, 960, 1, 0, 0
470750, 960, 1, 0, 0
470850, 1000, 1, 0, 0
470950, 990, 1, 0, 0
471050, 970, 1, 0, 0
471150, 950, 1, 0, 0
471249, 969, 1, 0, 0
471349, 990, 1, 0, 0
471449, 980, 1, 0, 0
471549, 970, 1, 0, 0
471649, 980, 1, 0, 0
471749, 970, 1, 0, 0
471849, 930, 1, 0, 0
471949, 990, 1, 0, 0
472050, 970, 1, 0, 0
472150, 920, 1, 0, 0
472250, 980, 1, 0, 0
472350, 1000, 1, 0, 0
472450, 990, 1, 0, 0
472550, 980, 1, 0, 0
472650, 950, 1, 0, 0
472749, 979, 1, 0, 0
472849, 990, 1, 0, 0
472949, 940, 1, 0, 0
473049, 950, 1, 0, 0
473149, 940, 1, 0, 0
473249, 920, 1, 0, 0
473349, 960, 1, 0, 0
473449, 990, 1, 0, 0
473550, 940, 1, 0, 0
473650, 950, 1, 0, 0
473750, 960, 1, 0, 0
473850, 990, 1, 0, 0
473950, 980, 1, 0, 0
474050, 980, 1, 0, 0
474150, 940, 1, 0, 0
474249, 979, 1, 0, 0
474349, 950, 1, 0, 0
474449, 960, 1, 0, 0
474549, 990, 1, 0, 0
474649, 930, 1, 0, 0
474750, 960, 1, 0, 0
474850, 950, 1, 0, 0
474950, 930, 1, 0, 0
475050, 940, 1, 0, 0
475150, 920, 1, 0, 0
475249, 989, 1, 0, 0
475349, 970, 1, 0, 0
475449, 990, 1, 0, 0
475549, 1000, 1, 0, 0
475649, 980, 1, 0, 0
475749, 980, 1, 0, 0
475849, 940, 1, 0, 0
475949, 960, 1, 0, 0
476049, 990, 1, 0, 0
476150, 920, 1, 0, 0
476250, 940, 1, 0, 0
476350, 960, 1, 0, 0
476450, 950, 1, 0, 0
476550, 920, 1, 0, 0
476650, 920, 1, 0, 0
476749, 909, 1, 0, 0
476849, 940, 1, 0, 0
476949, 1010, 1, 0, 0
477049, 940, 1, 0, 0
477149, 930, 1, 0, 0
477249, 970, 1, 0, 0
477349, 960, 1, 0, 0
477449, 940, 1, 0, 0
477550, 940, 1, 0, 0
477650, 950, 1, 0, 0
477750, 980, 1, 0, 0
477850, 960, 1, 0, 0
477950, 970, 1, 0, 0
478050, 980, 1, 0, 0
478150, 940, 1, 0, 0
478249, 959, 1, 0, 0
478349, 960, 1, 0, 0
478449, 950, 1, 0, 0
478549, 990, 1, 0, 0
478649, 960, 1, 0, 0
478750, 980, 1, 0, 0
478850, 940, 1, 0, 0
478950, 930, 1, 0, 0
479050, 930, 1, 0, 0
479150, 950, 1, 0, 0
479249, 959, 1, 0, 0
479349, 950, 1, 0, 0
479449, 970, 1, 0, 0
479549, 930, 1, 0, 0
479649, 950, 1, 0, 0
479749, 970, 1, 0, 0
479849, 930, 1, 0, 0
479949, 940, 1, 0, 0
480050, 900, 1, 0, 0
480150, 970, 1, 0, 0
480250, 970, 1, 0, 0
480350, 940, 1, 0, 0
480450, 970, 1, 0, 0
480550, 910, 1, 0, 0
480650, 980, 1, 0, 0
480749, 919, 1, 0, 0
480849, 990, 1, 0, 0
480949, 940, 1, 0, 0
481049, 920, 1, 0, 0
481149, 910, 1, 0, 0
481249, 920, 1, 0, 0
481349, 920, 1, 0, 0
481450, 930, 1, 0, 0
481550, 920, 1, 0, 0
481650, 960, 1, 0, 0
481750, 970, 1, 0, 0
481850, 960, 1, 0, 0
481950, 950, 1, 0, 0
482050, 980, 1, 0, 0
482150, 940, 1, 0, 0
482249, 989, 1, 0, 0
482349, 930, 1, 0, 0
482449, 930, 1, 0, 0
482549, 970, 1, 0, 0
482649, 920, 1, 0, 0
482750, 990, 1, 0, 0
482850, 980, 1, 0, 0
482950, 970, 1, 0, 0
483050, 930, 1, 0, 0
483150, 940, 1, 0, 0
483249, 949, 1, 0, 0
483349, 940, 1, 0, 0
483449, 960, 1, 0, 0
483549, 970, 1, 0, 0
483649, 1010, 1, 0, 0
483749, 970, 1, 0, 0
483849, 980, 1, 0, 0
483949, 990, 1, 0, 0
484049, 1000, 1, 0, 0
484150, 950, 1, 0, 0
484250, 940, 1, 0, 0
484350, 970, 1, 0, 0
484450, 970, 1, 0, 0
484550, 960, 1, 0, 0
484650, 950, 1, 0, 0
484749, 939, 1, 0, 0
484849, 940, 1, 0, 0
484949, 990, 1, 0, 0
485049, 1000, 1, 0, 0
485149, 990, 1, 0, 0
485249, 980, 1, 0, 0
485349, 990, 1, 0, 0
485449, 970, 1, 0, 0
485550, 890, 1, 0, 0
485650, 980, 1, 0, 0
485750, 970, 1, 0, 0
485850, 960, 1, 0, 0
485950, 980, 1, 0, 0
486050, 950, 1, 0, 0
486150, 980, 1, 0, 0
486249, 939, 1, 0, 0
486349, 1000, 1, 0, 0
486449, 940, 1, 0, 0
486549, 980, 1, 0, 0
486649, 1000, 1, 0, 0
486749, 970, 1, 0, 0
486849, 980, 1, 0, 0
486950, 960, 1, 0, 0
487050, 950, 1, 0, 0
487150, 980, 1, 0, 0
487249, 939, 1, 0, 0
487349, 970, 1, 0, 0
487449, 940, 1, 0, 0
487549, 960, 1, 0, 0
487649, 970, 1, 0, 0
487749, 970, 1, 0, 0
487849, 940, 1, 0, 0
487949, 950, 1, 0, 0
488049, 1010, 1, 0, 0
488149, 930, 1, 0, 0
488250, 960, 1, 0, 0
488350, 940, 1, 0, 0
488450, 990, 1, 0, 0
488550, 940, 1, 0, 0
488650, 970, 1, 0, 0
488749, 979, 1, 0, 0
488849, 940, 1, 0, 0
488949, 980, 1, 0, 0
489049, 990, 1, 0, 0
489149, 940, 1, 0, 0
489249, 930, 1, 0, 0
489349, 950, 1, 0, 0
489449, 990, 1, 0, 0
489549, 990, 1, 0, 0
489650, 960, 1, 0, 0
489750, 960, 1, 0, 0
489850, 950, 1, 0, 0
489950, 930, 1, 0, 0
490050, 950, 1, 0, 0
490150, 990, 1, 0, 0
490249, 939, 1, 0, 0
490349, 950, 1, 0, 0
490449, 990, 1, 0, 0
490549, 990, 1, 0, 0
490649, 910, 1, 0, 0
490749, 960, 1, 0, 0
490849, 900, 1, 0, 0
490949, 930, 1, 0, 0
491050, 950, 1, 0, 0
491150, 970, 1, 0, 0
491250, 970, 1, 0, 0
491350, 890, 1, 0, 0
491450, 940, 1, 0, 0
491550, 990, 1, 0, 0
491650, 970, 1, 0, 0
491749, 949, 1, 0, 0
491849, 970, 1, 0, 0
491949, 930, 1, 0, 0
492049, 980, 1, 0, 0
492149, 920, 1, 0, 0
492249, 930, 1, 0, 0
492349, 980, 1, 0, 0
492449, 950, 1, 0, 0
492550, 960, 1, 0, 0
492650, 950, 1, 0, 0
492750, 910, 1, 0, 0
492850, 960, 1, 0, 0
492950, 950, 1, 0, 0
493050, 990, 1, 0, 0
493150, 950, 1, 0, 0
493249, 959, 1, 0, 0
493349, 940, 1, 0, 0
493449, 960, 1, 0, 0
493549, 950, 1, 0, 0
493649, 970, 1, 0, 0
493749, 950, 1, 0, 0
493850, 940, 1, 0, 0
493950, 970, 1, 0, 0
494050, 980, 1, 0, 0
494150, 950, 1, 0, 0
494249, 939, 1, 0, 0
494349, 970, 1, 0, 0
494449, 980, 1, 0, 0
494549, 940, 1, 0, 0
494649, 920, 1, 0, 0
494749, 950, 1, 0, 0
494849, 970, 1, 0, 0
494949, 970, 1, 0, 0
495049, 940, 1, 0, 0
495149, 940, 1, 0, 0
495250, 970, 1, 0, 0
495350, 980, 1, 0, 0
495450, 950, 1, 0, 0
495550, 960, 1, 0, 0
495650, 980, 1, 0, 0
495749, 969, 1, 0, 0
495849, 950, 1, 0, 0
495949, 940, 1, 0, 0
496049, 900, 1, 0, 0
496149, 950, 1, 0, 0
496249, 920, 1, 0, 0
496349, 940, 1, 0, 0
496449, 890, 1, 0, 0
496550, 930, 1, 0, 0
496650, 930, 1, 0, 0
496750, 930, 1, 0, 0
496850, 950, 1, 0, 0
496950, 950, 1, 0, 0
497050, 990, 1, 0, 0
497150, 930, 1, 0, 0
497249, 969, 1, 0, 0
497349, 960, 1, 0, 0
497449, 990, 1, 0, 0
497549, 970, 1, 0, 0
497649, 920, 1, 0, 0
497749, 930, 1, 0, 0
497849, 900, 1, 0, 0
497950, 970, 1, 0, 0
498050, 980, 1, 0, 0
498150, 980, 1, 0, 0
498249, 929, 1, 0, 0
498349, 960, 1, 0, 0
498449, 980, 1, 0, 0
498549, 960, 1, 0, 0
498649, 970, 1, 0, 0
498749, 990, 1, 0, 0
498849, 980, 1, 0, 0
498949, 960, 1, 0, 0
499049, 960, 1, 0, 0
499149, 970, 1, 0, 0
499250, 930, 1, 0, 0
499350, 990, 1, 0, 0
499450, 940, 1, 0, 0
499550, 960, 1, 0, 0
499650, 950, 1, 0, 0
499749, 929, 1, 0, 0
499849, 950, 1, 0, 0
499949, 970, 1, 0, 0
500049, 950, 1, 0, 0
500149, 950, 1, 0, 0
500249, 1010, 1, 0, 0
500349, 930, 1, 0, 0
500449, 950, 1, 0, 0
500550, 960, 1, 0, 0
500650, 960, 1, 0, 0
500750, 950, 1, 0, 0
500850, 950, 1, 0, 0
500950, 940, 1, 0, 0
501050, 950, 1, 0, 0
501150, 950, 1, 0, 0
501249, 979, 1, 0, 0
501349, 1010, 1, 0, 0
501449, 940, 1, 0, 0
501549, 970, 1, 0, 0
501649, 950, 1, 0, 0
501749, 940, 1, 0, 0
501849, 970, 1, 0, 0
501949, 970, 1, 0, 0
502050, 960, 1, 0, 0
502150, 980, 1, 0, 0
502250, 940, 1, 0, 0
502350, 990, 1, 0, 0
502450, 950, 1, 0, 0
502550, 960, 1, 0, 0
502650, 930, 1, 0, 0
502749, 1010, 1, 0, 0
502849, 950, 1, 0, 0
502949, 990, 1, 0, 0
503049, 980, 1, 0, 0
503149, 990, 1, 0, 0
503249, 960, 1, 0, 0
503350, 910, 1, 0, 0
503450, 970, 1, 0, 0
503550, 980, 1, 0, 0
503650, 960, 1, 0, 0
503749, 929, 1, 0, 0
503849, 970, 1, 0, 0
503949, 930, 1, 0, 0
504049, 1000, 1, 0, 0
504149, 960, 1, 0, 0
504249, 960, 1, 0, 0
504349, 950, 1, 0, 0
504449, 990, 1, 0, 0
504549, 980, 1, 0, 0
504649, 970, 1, 0, 0
504750, 910, 1, 0, 0
504850, 920, 1, 0, 0
504950, 930, 1, 0, 0
505050, 910, 1, 0, 0
505150, 950, 1, 0, 0
505249, 959, 1, 0, 0
505349, 950, 1, 0, 0
505449, 960, 1, 0, 0
505549, 950, 1, 0, 0
505649, 970, 1, 0, 0
505749, 970, 1, 0, 0
505849, 940, 1, 0, 0
505949, 980, 1, 0, 0
506050, 1010, 1, 0, 0
506150, 1000, 1, 0, 0
506250, 1010, 1, 0, 0
506350, 990, 1, 0, 0
506450, 1000, 1, 0, 0
506550, 940, 1, 0, 0
506650, 960, 1, 0, 0
506749, 1000, 1, 0, 0
506849, 960, 1, 0, 0
506949, 1000, 1, 0, 0
507049, 970, 1, 0, 0
507149, 930, 1, 0, 0
507249, 1010, 1, 0, 0
507349, 970, 1, 0, 0
507450, 950, 1, 0, 0
507550, 960, 1, 0, 0
507650, 950, 1, 0, 0
507750, 940, 1, 0, 0
507850, 960, 1, 0, 0
507950, 960, 1, 0, 0
508050, 1010, 1, 0, 0
508150, 970, 1, 0, 0
508249, 969, 1, 0, 0
508349, 950, 1, 0, 0
508449, 900, 1, 0, 0
508549, 970, 1, 0, 0
508649, 970, 1, 0, 0
508750, 990, 1, 0, 0
508850, 960, 1, 0, 0
508950, 940, 1, 0, 0
509050, 960, 1, 0, 0
509150, 980, 1, 0, 0
509249, 969, 1, 0, 0
509349, 930, 1, 0, 0
509449, 930, 1, 0, 0
509549, 960, 1, 0, 0
509649, 950, 1, 0, 0
509749, 970, 1, 0, 0
509849, 980, 1, 0, 0
509949, 970, 1, 0, 0
510049, 1000, 1, 0, 0
510149, 980, 1, 0, 0
510250, 950, 1, 0, 0
510350, 990, 1, 0, 0
510450, 990, 1, 0, 0
510550, 1020, 1, 0, 0
510650, 990, 1, 0, 0
510749, 979, 1, 0, 0
510849, 970, 1, 0, 0
510949, 990, 1, 0, 0
511049, 980, 1, 0, 0
511149, 940, 1, 0, 0
511249, 940, 1, 0, 0
511349, 960, 1, 0, 0
511449, 1000, 1, 0, 0
511550, 980, 1, 0, 0
511650, 1000, 1, 0, 0
511750, 970, 1, 0, 0
511850, 960, 1, 0, 0
511950, 1000, 1, 0, 0
512050, 1010, 1, 0, 0
512150, 1000, 1, 0, 0
512249, 959, 1, 0, 0
512349, 990, 1, 0, 0
512449, 970, 1, 0, 0
512549, 990, 1, 0, 0
512649, 1010, 1, 0, 0
512749, 950, 1, 0, 0
512849, 1000, 1, 0, 0
512950, 990, 1, 0, 0
513050, 990, 1, 0, 0
513150, 940, 1, 0, 0
513250, 940, 1, 0, 0
513350, 1020, 1, 0, 0
513450, 980, 1, 0, 0
513550, 980, 1, 0, 0
513650, 930, 1, 0, 0
513749, 1000, 1, 0, 0
513849, 980, 1, 0, 0
513949, 940, 1, 0, 0
514049, 990, 1, 0, 0
514149, 940, 1, 0, 0
514250, 970, 1, 0, 0
514350, 960, 1, 0, 0
514450, 970, 1, 0, 0
514550, 950, 1, 0, 0
514650, 990, 1, 0, 0
514749, 979, 1, 0, 0
514849, 980, 1, 0, 0
514949, 990, 1, 0, 0
515049, 940, 1, 0, 0
515149, 950, 1, 0, 0
515249, 950, 1, 0, 0
515349, 960, 1, 0, 0
515449, 950, 1, 0, 0
515550, 940, 1, 0, 0
515650, 970, 1, 0, 0
515750, 990, 1, 0, 0
515850, 940, 1, 0, 0
515950, 990, 1, 0, 0
516050, 990, 1, 0, 0
516150, 950, 1, 0, 0
516249, 969, 1, 0, 0
516349, 1010, 1, 0, 0
516449, 990, 1, 0, 0
516549, 990, 1, 0, 0
516649, 940, 1, 0, 0
516749, 970, 1, 0, 0
516850, 940, 1, 0, 0
516950, 960, 1, 0, 0
517050, 990, 1, 0, 0
517150, 960, 1, 0, 0
517249, 929, 1, 0, 0
517349, 960, 1, 0, 0
517449, 980, 1, 0, 0
517549, 970, 1, 0, 0
517649, 950, 1, 0, 0
517749, 970, 1, 0, 0
517849, 930, 1, 0, 0
517949, 950, 1, 0, 0
518049, 960, 1, 0, 0
518149, 990, 1, 0, 0
518250, 990, 1, 0, 0
518350, 990, 1, 0, 0
518450, 970, 1, 0, 0
518550, 960, 1, 0, 0
518650, 970, 1, 0, 0
518749, 1000, 1, 0, 0
518849, 1000, 1, 0, 0
518949, 930, 1, 0, 0
519049, 990, 1, 0, 0
519149, 880, 1, 0, 0
519249, 970, 1, 0, 0
519349, 970, 1, 0, 0
519449, 980, 1, 0, 0
519550, 950, 1, 0, 0
519650, 960, 1, 0, 0
519750, 980, 1, 0, 0
519850, 970, 1, 0, 0
519950, 980, 1, 0, 0
520050, 950, 1, 0, 0
520150, 990, 1, 0, 0
520249, 929, 1, 0, 0
520349, 1010, 1, 0, 0
520449, 980, 1, 0, 0
520549, 950, 1, 0, 0
520649, 950, 1, 0, 0
520749, 920, 1, 0, 0
520849, 960, 1, 0, 0
520950, 980, 1, 0, 0
521050, 990, 1, 0, 0
521150, 940, 1, 0, 0
521250, 970, 1, 0, 0
521350, 960, 1, 0, 0
521450, 990, 1, 0, 0
521550, 1020, 1, 0, 0
521650, 940, 1, 0, 0
521749, 979, 1, 0, 0
521849, 960, 1, 0, 0
521949, 990, 1, 0, 0
522049, 920, 1, 0, 0
522149, 960, 1, 0, 0
522249, 980, 1, 0, 0
522350, 980, 1, 0, 0
522450, 970, 1, 0, 0
522550, 950, 1, 0, 0
522650, 940, 1, 0, 0
522749, 969, 1, 0, 0
522849, 990, 1, 0, 0
522949, 1000, 1, 0, 0
523049, 940, 1, 0, 0
523149, 920, 1, 0, 0
523249, 970, 1, 0, 0
523349, 970, 1, 0, 0
523449, 950, 1, 0, 0
523549, 960, 1, 0, 0
523650, 950, 1, 0, 0
523750, 950, 1, 0, 0
523850, 940, 1, 0, 0
523950, 960, 1, 0, 0
524050, 980, 1, 0, 0
524150, 970, 1, 0, 0
524249, 979, 1, 0, 0
524349, 940, 1, 0, 0
524449, 960, 1, 0, 0
524549, 980, 1, 0, 0
524649, 920, 1, 0, 0
524749, 970, 1, 0, 0
524849, 990, 1, 0, 0
524949, 1030, 1, 0, 0
525050, 980, 1, 0, 0
525150, 970, 1, 0, 0
525250, 960, 1, 0, 0
525350, 980, 1, 0, 0
525450, 980, 1, 0, 0
525550, 980, 1, 0, 0
525650, 980, 1, 0, 0
525749, 989, 1, 0, 0
525849, 900, 1, 0, 0
525949, 960, 1, 0, 0
526049, 950, 1, 0, 0
526149, 960, 1, 0, 0
526249, 980, 1, 0, 0
526350, 950, 1, 0, 0
526450, 970, 1, 0, 0
526550, 990, 1, 0, 0
526650, 960, 1, 0, 0
526749, 959, 1, 0, 0
526849, 950, 1, 0, 0
526949, 980, 1, 0, 0
527049, 980, 1, 0, 0
527149, 880, 1, 0, 0
527249, 950, 1, 0, 0
527349, 960, 1, 0, 0
527449, 1010, 1, 0, 0
527549, 980, 1, 0, 0
527649, 970, 1, 0, 0
527750, 950, 1, 0, 0
527850, 950, 1, 0, 0
527950, 980, 1, 0, 0
528050, 960, 1, 0, 0
528150, 980, 1, 0, 0
528249, 979, 1, 0, 0
528349, 960, 1, 0, 0
528449, 970, 1, 0, 0
528549, 990, 1, 0, 0
528649, 970, 1, 0, 0
528749, 950, 1, 0, 0
528849, 980, 1, 0, 0
528949, 970, 1, 0, 0
529050, 960, 1, 0, 0
529150, 980, 1, 0, 0
529250, 950, 1, 0, 0
529350, 970, 1, 0, 0
529450, 960, 1, 0, 0
529550, 940, 1, 0, 0
529650, 970, 1, 0, 0
529749, 1010, 1, 0, 0
529849, 950, 1, 0, 0
529949, 960, 1, 0, 0
530049, 970, 1, 0, 0
530149, 960, 1, 0, 0
530249, 990, 1, 0, 0
530349, 940, 1, 0, 0
530450, 970, 1, 0, 0
530550, 930, 1, 0, 0
530650, 980, 1, 0, 0
530750, 940, 1, 0, 0
530850, 1000, 1, 0, 0
530950, 980, 1, 0, 0
531050, 960, 1, 0, 0
531150, 960, 1, 0, 0
531249, 949, 1, 0, 0
531349, 930, 1, 0, 0
531449, 960, 1, 0, 0
531549, 950, 1, 0, 0
531649, 980, 1, 0, 0
531750, 970, 1, 0, 0
531850, 990, 1, 0, 0
531950, 940, 1, 0, 0
532050, 940, 1, 0, 0
532150, 960, 1, 0, 0
532249, 1020, 1, 0, 0
532349, 950, 1, 0, 0
532449, 900, 1, 0, 0
532549, 950, 1, 0, 0
532649, 980, 1, 0, 0
532749, 970, 1, 0, 0
532849, 900, 1, 0, 0
532949, 960, 1, 0, 0
533050, 980, 1, 0, 0
533150, 940, 1, 0, 0
533250, 940, 1, 0, 0
533350, 1000, 1, 0, 0
533450, 910, 1, 0, 0
533550, 940, 1, 0, 0
533650, 940, 1, 0, 0
533749, 909, 1, 0, 0
533849, 950, 1, 0, 0
533949, 910, 1, 0, 0
534049, 920, 1, 0, 0
534149, 950, 1, 0, 0
534249, 920, 1, 0, 0
534349, 940, 1, 0, 0
534450, 1000, 1, 0, 0
534550, 940, 1, 0, 0
534650, 960, 1, 0, 0
534750, 950, 1, 0, 0
534850, 970, 1, 0, 0
534950, 910, 1, 0, 0
535050, 890, 1, 0, 0
535150, 980, 1, 0, 0
535249, 1000, 1, 0, 0
535349, 900, 1, 0, 0
535449, 900, 1, 0, 0
535549, 930, 1, 0, 0
535649, 930, 1, 0, 0
535750, 930, 1, 0, 0
535850, 930, 1, 0, 0
535950, 950, 1, 0, 0
536050, 990, 1, 0, 0
536150, 970, 1, 0, 0
536249, 979, 1, 0, 0
536349, 1020, 1, 0, 0
536449, 910, 1, 0, 0
536549, 960, 1, 0, 0
536649, 990, 1, 0, 0
536749, 990, 1, 0, 0
536849, 950, 1, 0, 0
536949, 970, 1, 0, 0
537049, 960, 1, 0, 0
537149, 980, 1, 0, 0
537250, 970, 1, 0, 0
537350, 960, 1, 0, 0
537450, 960, 1, 0, 0
537550, 920, 1, 0, 0
537650, 980, 1, 0, 0
537749, 939, 1, 0, 0
537849, 950, 1, 0, 0
537949, 910, 1, 0, 0
538049, 950, 1, 0, 0
538149, 930, 1, 0, 0
538249, 940, 1, 0, 0
538349, 950, 1, 0, 0
538449, 980, 1, 0, 0
538550, 950, 1, 0, 0
538650, 970, 1, 0, 0
538750, 920, 1, 0, 0
538850, 940, 1, 0, 0
538950, 960, 1, 0, 0
539050, 960, 1, 0, 0
539150, 960, 1, 0, 0
539249, 939, 1, 0, 0
539349, 930, 1, 0, 0
539449, 960, 1, 0, 0
539549, 970, 1, 0, 0
539649, 880, 1, 0, 0
539749, 930, 1, 0, 0
539849, 960, 1, 0, 0
539950, 980, 1, 0, 0
540050, 930, 1, 0, 0
540150, 990, 1, 0, 0
540250, 940, 1, 0, 0
540350, 930, 1, 0, 0
540450, 950, 1, 0, 0
540550, 930, 1, 0, 0
540650, 930, 1, 0, 0
540749, 959, 1, 0, 0
540849, 930, 1, 0, 0
540949, 920, 1, 0, 0
541049, 940, 1, 0, 0
541149, 970, 1, 0, 0
541250, 920, 1, 0, 0
541350, 930, 1, 0, 0
541450, 990, 1, 0, 0
541550, 940, 1, 0, 0
541650, 950, 1, 0, 0
541749, 979, 1, 0, 0
541849, 920, 1, 0, 0
541949, 970, 1, 0, 0
542049, 1000, 1, 0, 0
542149, 1000, 1, 0, 0
542249, 1000, 1, 0, 0
542349, 960, 1, 0, 0
542449, 990, 1, 0, 0
542549, 960, 1, 0, 0
542649, 950, 1, 0, 0
542750, 1000, 1, 0, 0
542850, 960, 1, 0, 0
542950, 960, 1, 0, 0
543050, 970, 1, 0, 0
543150, 990, 1, 0, 0
543249, 919, 1, 0, 0
543349, 940, 1, 0, 0
543449, 980, 1, 0, 0
543549, 990, 1, 0, 0
543649, 980, 1, 0, 0
543749, 980, 1, 0, 0
543849, 920, 1, 0, 0
543949, 920, 1, 0, 0
544050, 960, 1, 0, 0
544150, 960, 1, 0, 0
544250, 1000, 1, 0, 0
544350, 960, 1, 0, 0
544450, 940, 1, 0, 0
544550, 990, 1, 0, 0
544650, 950, 1, 0, 0
544749, 1000, 1, 0, 0
544849, 920, 1, 0, 0
544949, 970, 1, 0, 0
545049, 990, 1, 0, 0
545149, 990, 1, 0, 0
545249, 960, 1, 0, 0
545349, 980, 1, 0, 0
545450, 1050, 1, 0, 0
545550, 980, 1, 0, 0
545650, 930, 1, 0, 0
545750, 1000, 1, 0, 0
545850, 960, 1, 0, 0
545950, 970, 1, 0, 0
546050, 950, 1, 0, 0
546150, 970, 1, 0, 0
546249, 989, 1, 0, 0
546349, 1000, 1, 0, 0
546449, 980, 1, 0, 0
546549, 970, 1, 0, 0
546649, 940, 1, 0, 0
546750, 990, 1, 0, 0
546850, 940, 1, 0, 0
546950, 950, 1, 0, 0
547050, 990, 1, 0, 0
547150, 950, 1, 0, 0
547249, 949, 1, 0, 0
547349, 950, 1, 0, 0
547449, 930, 1, 0, 0
547549, 1000, 1, 0, 0
547649, 1020, 1, 0, 0
547749, 960, 1, 0, 0
547849, 970, 1, 0, 0
547949, 1000, 1, 0, 0
548049, 920, 1, 0, 0
548150, 930, 1, 0, 0
548250, 970, 1, 0, 0
548350, 950, 1, 0, 0
548450, 950, 1, 0, 0
548550, 930, 1, 0, 0
548650, 940, 1, 0, 0
548749, 979, 1, 0, 0
548849, 960, 1, 0, 0
548949, 940, 1, 0, 0
549049, 970, 1, 0, 0
549149, 940, 1, 0, 0
549249, 990, 1, 0, 0
549349, 930, 1, 0, 0
549449, 940, 1, 0, 0
549550, 980, 1, 0, 0
549650, 940, 1, 0, 0
549750, 980, 1, 0, 0
549850, 1000, 1, 0, 0
549950, 990, 1, 0, 0
550050, 930, 1, 0, 0
550150, 950, 1, 0, 0
550249, 949, 1, 0, 0
550349, 960, 1, 0, 0
550449, 960, 1, 0, 0
550549, 970, 1, 0, 0
550649, 970, 1, 0, 0
550749, 970, 1, 0, 0
550849, 970, 1, 0, 0
550950, 950, 1, 0, 0
551050, 950, 1, 0, 0
551150, 950, 1, 0, 0
551250, 960, 1, 0, 0
551350, 900, 1, 0, 0
551450, 940, 1, 0, 0
551550, 970, 1, 0, 0
551650, 890, 1, 0, 0
551749, 989, 1, 0, 0
551849, 930, 1, 0, 0
551949, 910, 1, 0, 0
552049, 980, 1, 0, 0
552149, 970, 1, 0, 0
552250, 880, 1, 0, 0
552350, 950, 1, 0, 0
552450, 930, 1, 0, 0
552550, 950, 1, 0, 0
552650, 940, 1, 0, 0
552749, 909, 1, 0, 0
552849, 900, 1, 0, 0
552949, 950, 1, 0, 0
553049, 950, 1, 0, 0
553149, 940, 1, 0, 0
553249, 940, 1, 0, 0
553349, 960, 1, 0, 0
553449, 980, 1, 0, 0
553549, 920, 1, 0, 0
553650, 910, 1, 0, 0
553750, 960, 1, 0, 0
553850, 990, 1, 0, 0
553950, 1000, 1, 0, 0
554050, 970, 1, 0, 0
554150, 950, 1, 0, 0
554249, 939, 1, 0, 0
554349, 980, 1, 0, 0
554449, 960, 1, 0, 0
554549, 960, 1, 0, 0
554649, 910, 1, 0, 0
554749, 980, 1, 0, 0
554849, 940, 1, 0, 0
554949, 950, 1, 0, 0
555050, 920, 1, 0, 0
555150, 930, 1, 0, 0
555250, 900, 1, 0, 0
555350, 1030, 1, 0, 0
555450, 900, 1, 0, 0
555550, 920, 1, 0, 0
555650, 980, 1, 0, 0
555749, 949, 1, 0, 0
555849, 950, 1, 0, 0
555949, 930, 1, 0, 0
556049, 990, 1, 0, 0
556149, 960, 1, 0, 0
556249, 960, 1, 0, 0
556350, 970, 1, 0, 0
556450, 960, 1, 0, 0
556550, 990, 1, 0, 0
556650, 1010, 1, 0, 0
556749, 959, 1, 0, 0
556849, 980, 1, 0, 0
556949, 970, 1, 0, 0
557049, 1010, 1, 0, 0
557149, 1010, 1, 0, 0
557249, 1000, 1, 0, 0
557349, 970, 1, 0, 0
557449, 960, 1, 0, 0
557549, 990, 1, 0, 0
557649, 980, 1, 0, 0
557750, 970, 1, 0, 0
557850, 950, 1, 0, 0
557950, 980, 1, 0, 0
558050, 1000, 1, 0, 0
558150, 950, 1, 0, 0
558249, 939, 1, 0, 0
558349, 990, 1, 0, 0
558449, 990, 1, 0, 0
558549, 990, 1, 0, 0
558649, 960, 1, 0, 0
558749, 970, 1, 0, 0
558849, 930, 1, 0, 0
558949, 980, 1, 0, 0
559049, 920, 1, 0, 0
559150, 900, 1, 0, 0
559250, 990, 1, 0, 0
559350, 940, 1, 0, 0
559450, 950, 1, 0, 0
559550, 990, 1, 0, 0
559650, 970, 1, 0, 0
559749, 1010, 1, 0, 0
559849, 970, 1, 0, 0
559949, 980, 1, 0, 0
560049, 980, 1, 0, 0
560149, 950, 1, 0, 0
560249, 920, 1, 0, 0
560349, 910, 1, 0, 0
560449, 970, 1, 0, 0
560550, 950, 1, 0, 0
560650, 980, 1, 0, 0
560750, 990, 1, 0, 0
560850, 970, 1, 0, 0
560950, 990, 1, 0, 0
561050, 930, 1, 0, 0
561150, 930, 1, 0, 0
561249, 949, 1, 0, 0
561349, 960, 1, 0, 0
561449, 970, 1, 0, 0
561549, 970, 1, 0, 0
561649, 940, 1, 0, 0
561749, 940, 1, 0, 0
561849, 930, 1, 0, 0
561950, 940, 1, 0, 0
562050, 940, 1, 0, 0
562150, 960, 1, 0, 0
562250, 950, 1, 0, 0
562350, 970, 1, 0, 0
562450, 990, 1, 0, 0
562550, 940, 1, 0, 0
562650, 950, 1, 0, 0
562749, 1010, 1, 0, 0
562849, 960, 1, 0, 0
562949, 930, 1, 0, 0
563049, 1000, 1, 0, 0
563149, 950, 1, 0, 0
563250, 950, 1, 0, 0
563350, 960, 1, 0, 0
563450, 970, 1, 0, 0
563550, 960, 1, 0, 0
563650, 980, 1, 0, 0
563749, 959, 1, 0, 0
563849, 960, 1, 0, 0
563949, 1010, 1, 0, 0
564049, 920, 1, 0, 0
564149, 960, 1, 0, 0
564249, 930, 1, 0, 0
564349, 960, 1, 0, 0
564449, 1010, 1, 0, 0
564550, 970, 1, 0, 0
564650, 1000, 1, 0, 0
564750, 920, 1, 0, 0
564850, 960, 1, 0, 0
564950, 920, 1, 0, 0
565050, 970, 1, 0, 0
565150, 1030, 1, 0, 0
565249, 989, 1, 0, 0
565349, 990, 1, 0, 0
565449, 970, 1, 0, 0
565549, 980, 1, 0, 0
565649, 980, 1, 0, 0
565749, 1000, 1, 0, 0
565849, 1000, 1, 0, 0
565949, 950, 1, 0, 0
566050, 960, 1, 0, 0
566150, 930, 1, 0, 0
566250, 950, 1, 0, 0
566350, 990, 1, 0, 0
566450, 1000, 1, 0, 0
566550, 970, 1, 0, 0
566650, 980, 1, 0, 0
566749, 989, 1, 0, 0
566849, 960, 1, 0, 0
566949, 1000, 1, 0, 0
567049, 990, 1, 0, 0
567149, 990, 1, 0, 0
567249, 960, 1, 0, 0
567349, 950, 1, 0, 0
567450, 990, 1, 0, 0
567550, 980, 1, 0, 0
567650, 990, 1, 0, 0
567750, 980, 1, 0, 0
567850, 920, 1, 0, 0
567950, 1020, 1, 0, 0
568050, 1010, 1, 0, 0
568150, 1010, 1, 0, 0
568249, 969, 1, 0, 0
568349, 990, 1, 0, 0
568449, 940, 1, 0, 0
568549, 990, 1, 0, 0
568649, 920, 1, 0, 0
568749, 910, 1, 0, 0
568850, 1000, 1, 0, 0
568950, 990, 1, 0, 0
569050, 940, 1, 0, 0
569150, 940, 1, 0, 0
569250, 920, 1, 0, 0
569350, 980, 1, 0, 0
569450, 960, 1, 0, 0
569550, 890, 1, 0, 0
569650, 940, 1, 0, 0
569749, 949, 1, 0, 0
569849, 910, 1, 0, 0
569949, 950, 1, 0, 0
570049, 900, 1, 0, 0
570149, 940, 1, 0, 0
570249, 980, 1, 0, 0
570350, 1000, 1, 0, 0
570450, 990, 1, 0, 0
570550, 960, 1, 0, 0
570650, 960, 1, 0, 0
570749, 909, 1, 0, 0
570849, 920, 1, 0, 0
570949, 960, 1, 0, 0
571049, 920, 1, 0, 0
571149, 910, 1, 0, 0
571249, 950, 1, 0, 0
571349, 1020, 1, 0, 0
571449, 990, 1, 0, 0
571549, 950, 1, 0, 0
571650, 950, 1, 0, 0
571750, 950, 1, 0, 0
571850, 980, 1, 0, 0
571950, 970, 1, 0, 0
572050, 970, 1, 0, 0
572150, 980, 1, 0, 0
572249, 959, 1, 0, 0
572349, 980, 1, 0, 0
572449, 950, 1, 0, 0
572549, 950, 1, 0, 0
572649, 980, 1, 0, 0
572749, 990, 1, 0, 0
572849, 980, 1, 0, 0
572949, 970, 1, 0, 0
573050, 970, 1, 0, 0
573150, 970, 1, 0, 0
573250, 870, 1, 0, 0
573350, 980, 1, 0, 0
573450, 980, 1, 0, 0
573550, 970, 1, 0, 0
573650, 920, 1, 0, 0
573749, 919, 1, 0, 0
573849, 970, 1, 0, 0
573949, 980, 1, 0, 0
574049, 940, 1, 0, 0
574149, 980, 1, 0, 0
574249, 940, 1, 0, 0
574349, 990, 1, 0, 0
574450, 990, 1, 0, 0
574550, 980, 1, 0, 0
574650, 930, 1, 0, 0
574750, 940, 1, 0, 0
574850, 940, 1, 0, 0
574950, 980, 1, 0, 0
575050, 960, 1, 0, 0
575150, 1040, 1, 0, 0
575249, 979, 1, 0, 0
575349, 950, 1, 0, 0
575449, 970, 1, 0, 0
575549, 930, 1, 0, 0
575649, 990, 1, 0, 0
575749, 980, 1, 0, 0
575850, 1010, 1, 0, 0
575950, 960, 1, 0, 0
576050, 1000, 1, 0, 0
576150, 980, 1, 0, 0
576249, 979, 1, 0, 0
576349, 940, 1, 0, 0
576449, 950, 1, 0, 0
576549, 920, 1, 0, 0
576649, 1020, 1, 0, 0
576749, 970, 1, 0, 0
576849, 990, 1, 0, 0
576949, 950, 1, 0, 0
577049, 940, 1, 0, 0
577149, 970, 1, 0, 0
577250, 990, 1, 0, 0
577350, 1000, 1, 0, 0
577450, 1000, 1, 0, 0
577550, 960, 1, 0, 0
577650, 960, 1, 0, 0
577749, 969, 1, 0, 0
577849, 960, 1, 0, 0
577949, 980, 1, 0, 0
578049, 980, 1, 0, 0
578149, 970, 1, 0, 0
578249, 940, 1, 0, 0
578349, 980, 1, 0, 0
578449, 980, 1, 0, 0
578550, 940, 1, 0, 0
578650, 970, 1, 0, 0
578750, 970, 1, 0, 0
578850, 910, 1, 0, 0
578950, 940, 1, 0, 0
579050, 940, 1, 0, 0
579150, 1010, 1, 0, 0
579249, 949, 1, 0, 0
579349, 920, 1, 0, 0
579449, 930, 1, 0, 0
579549, 910, 1, 0, 0
579649, 960, 1, 0, 0
579749, 940, 1, 0, 0
579849, 970, 1, 0, 0
579950, 990, 1, 0, 0
580050, 950, 1, 0, 0
580150, 990, 1, 0, 0
580250, 980, 1, 0, 0
580350, 940, 1, 0, 0
580450, 1020, 1, 0, 0
580550, 930, 1, 0, 0
580650, 920, 1, 0, 0
580749, 969, 1, 0, 0
580849, 960, 1, 0, 0
580949, 940, 1, 0, 0
581049, 970, 1, 0, 0
581149, 970, 1, 0, 0
581250, 960, 1, 0, 0
581350, 950, 1, 0, 0
581450, 950, 1, 0, 0
581550, 960, 1, 0, 0
581650, 970, 1, 0, 0
581749, 898, 1, 0, 0
581849, 990, 1, 0, 0
581949, 950, 1, 0, 0
582049, 910, 1, 0, 0
582149, 1000, 1, 0, 0
582249, 940, 1, 0, 0
582349, 1000, 1, 0, 0
582449, 940, 1, 0, 0
582550, 960, 1, 0, 0
582650, 930, 1, 0, 0
582750, 950, 1, 0, 0
582850, 950, 1, 0, 0
582950, 930, 1, 0, 0
583050, 960, 1, 0, 0
583150, 960, 1, 0, 0
583249, 979, 1, 0, 0
583349, 1000, 1, 0, 0
583449, 1000, 1, 0, 0
583549, 920, 1, 0, 0
583649, 940, 1, 0, 0
583749, 930, 1, 0, 0
583849, 960, 1, 0, 0
583949, 1000, 1, 0, 0
584050, 960, 1, 0, 0
584150, 890, 1, 0, 0
584250, 920, 1, 0, 0
584350, 940, 1, 0, 0
584450, 970, 1, 0, 0
584550, 960, 1, 0, 0
584650, 1010, 1, 0, 0
584749, 949, 1, 0, 0
584849, 960, 1, 0, 0
584949, 910, 1, 0, 0
585049, 990, 1, 0, 0
585149, 960, 1, 0, 0
585249, 990, 1, 0, 0
585350, 970, 1, 0, 0
585450, 950, 1, 0, 0
585550, 970, 1, 0, 0
585650, 920, 1, 0, 0
585749, 949, 1, 0, 0
585849, 950, 1, 0, 0
585949, 880, 1, 0, 0
586049, 930, 1, 0, 0
586149, 960, 1, 0, 0
586249, 970, 1, 0, 0
586349, 960, 1, 0, 0
586449, 930, 1, 0, 0
586549, 930, 1, 0, 0
586649, 990, 1, 0, 0
586750, 960, 1, 0, 0
586850, 920, 1, 0, 0
586950, 960, 1, 0, 0
587050, 950, 1, 0, 0
587150, 930, 1, 0, 0
587249, 888, 1, 0, 0
587349, 940, 1, 0, 0
587449, 990, 1, 0, 0
587549, 940, 1, 0, 0
587649, 930, 1, 0, 0
587749, 990, 1, 0, 0
587849, 950, 1, 0, 0
587949, 950, 1, 0, 0
588050, 970, 1, 0, 0
588150, 960, 1, 0, 0
588250, 950, 1, 0, 0
588350, 930, 1, 0, 0
588450, 940, 1, 0, 0
588550, 950, 1, 0, 0
588650, 950, 1, 0, 0
588749, 929, 1, 0, 0
588849, 950, 1, 0, 0
588949, 930, 1, 0, 0
589049, 930, 1, 0, 0
589149, 960, 1, 0, 0
589249, 960, 1, 0, 0
589349, 940, 1, 0, 0
589450, 970, 1, 0, 0
589550, 970, 1, 0, 0
589650, 970, 1, 0, 0
589750, 940, 1, 0, 0
589850, 920, 1, 0, 0
589950, 950, 1, 0, 0
590050, 920, 1, 0, 0
590150, 930, 1, 0, 0
590249, 959, 1, 0, 0
590349, 930, 1, 0, 0
590449, 940, 1, 0, 0
590549, 930, 1, 0, 0
590649, 940, 1, 0, 0
590750, 920, 1, 0, 0
590850, 980, 1, 0, 0
590950, 960, 1, 0, 0
591050, 940, 1, 0, 0
591150, 970, 1, 0, 0
591249, 939, 1, 0, 0
591349, 940, 1, 0, 0
591449, 970, 1, 0, 0
591549, 950, 1, 0, 0
591649, 980, 1, 0, 0
591749, 960, 1, 0, 0
591849, 920, 1, 0, 0
591949, 930, 1, 0, 0
592050, 910, 1, 0, 0
592150, 930, 1, 0, 0
592250, 960, 1, 0, 0
592350, 990, 1, 0, 0
592450, 940, 1, 0, 0
592550, 940, 1, 0, 0
592650, 970, 1, 0, 0
592749, 979, 1, 0, 0
592849, 960, 1, 0, 0
592949, 960, 1, 0, 0
593049, 910, 1, 0, 0
593149, 860, 1, 0, 0
593249, 870, 1, 0, 0
593349, 930, 1, 0, 0
593449, 920, 1, 0, 0
593550, 940, 1, 0, 0
593650, 990, 1, 0, 0
593750, 900, 1, 0, 0
593850, 910, 1, 0, 0
593950, 940, 1, 0, 0
594050, 940, 1, 0, 0
594150, 970, 1, 0, 0
594249, 939, 1, 0, 0
594349, 890, 1, 0, 0
594449, 970, 1, 0, 0
594549, 920, 1, 0, 0
594649, 930, 1, 0, 0
594750, 930, 1, 0, 0
594850, 970, 1, 0, 0
594950, 960, 1, 0, 0
595050, 930, 1, 0, 0
595150, 930, 1, 0, 0
595249, 959, 1, 0, 0
595349, 990, 1, 0, 0
595449, 950, 1, 0, 0
595549, 950, 1, 0, 0
595649, 930, 1, 0, 0
595749, 940, 1, 0, 0
595849, 990, 1, 0, 0
595949, 960, 1, 0, 0
596049, 980, 1, 0, 0
596150, 980, 1, 0, 0
596250, 920, 1, 0, 0
596350, 940, 1, 0, 0
596450, 950, 1, 0, 0
596550, 950, 1, 0, 0
596650, 970, 1, 0, 0
596749, 939, 1, 0, 0
596849, 920, 1, 0, 0
596949, 960, 1, 0, 0
597049, 970, 1, 0, 0
597149, 940, 1, 0, 0
597249, 940, 1, 0, 0
597349, 960, 1, 0, 0
597449, 970, 1, 0, 0
597550, 930, 1, 0, 0
597650, 950, 1, 0, 0
597750, 960, 1, 0, 0
597850, 970, 1, 0, 0
597950, 920, 1, 0, 0
598050, 990, 1, 0, 0
598150, 950, 1, 0, 0
598249, 909, 1, 0, 0
598349, 950, 1, 0, 0
598449, 970, 1, 0, 0
598549, 960, 1, 0, 0
598649, 890, 1, 0, 0
598749, 960, 1, 0, 0
598850, 980, 1, 0, 0
598950, 970, 1, 0, 0
599050, 970, 1, 0, 0
599150, 950, 1, 0, 0
599250, 910, 1, 0, 0
599350, 980, 1, 0, 0
599450, 990, 1, 0, 0
599550, 970, 1, 0, 0
599650, 950, 1, 0, 0
599749, 1000, 1, 0, 0
599849, 930, 1, 0, 0
599949, 890, 1, 0, 0
