100, 20285, 1, 0, 0
200, 13661, 1, 0, 0
300, 13575, 1, 0, 0
401, 13678, 1, 0, 0
500, 18562, 1, 0, 0
600, 17846, 1, 0, 0
701, 14065, 1, 0, 0
800, 16044, 1, 0, 0
900, 17467, 1, 0, 0
1001, 17041, 1, 0, 0
1100, 17728, 1, 0, 0
1200, 14596, 1, 0, 0
1300, 16246, 1, 0, 0
1400, 19340, 1, 0, 0
1500, 16461, 1, 0, 0
1601, 13755, 1, 0, 0
1700, 20278, 1, 0, 0
1800, 16883, 1, 0, 0
1901, 16286, 1, 0, 0
2000, 15760, 1, 0, 0
2101, 12587, 1, 0, 0
2201, 17122, 1, 0, 0
2300, 15279, 1, 0, 0
2400, 17455, 1, 0, 0
2501, 15803, 1, 0, 0
2600, 16281, 1, 0, 0
2700, 13286, 1, 0, 0
2800, 12717, 1, 0, 0
2900, 15206, 1, 0, 0
3000, 16379, 1, 0, 0
3100, 14685, 1, 0, 0
3200, 17884, 1, 0, 0
3300, 14557, 1, 0, 0
3401, 16691, 1, 0, 0
3500, 19955, 1, 0, 0
3601, 14402, 1, 0, 0
3700, 18920, 1, 0, 0
3800, 15180, 1, 0, 0
3900, 18319, 1, 0, 0
4000, 16030, 1, 0, 0
4103, 16962, 1, 0, 0
4200, 13773, 1, 0, 0
4300, 13429, 1, 0, 0
4400, 14746, 1, 0, 0
4500, 13009, 1, 0, 0
4600, 13008, 1, 0, 0
4700, 16750, 1, 0, 0
4800, 15721, 1, 0, 0
4900, 14026, 1, 0, 0
5001, 15755, 1, 0, 0
5100, 15036, 1, 0, 0
5201, 16680, 1, 0, 0
5301, 16042, 1, 0, 0
5400, 15103, 1, 0, 0
5500, 15778, 1, 0, 0
5600, 16161, 1, 0, 0
5700, 13877, 1, 0, 0
5800, 14380, 1, 0, 0
5900, 15525, 1, 0, 0
6000, 15413, 1, 0, 0
6100, 14851, 1, 0, 0
6200, 16208, 1, 0, 0
6300, 13293, 1, 0, 0
6400, 13926, 1, 0, 0
6500, 14437, 1, 0, 0
6600, 16289, 1, 0, 0
6700, 15352, 1, 0, 0
6800, 14795, 1, 0, 0
6901, 14413, 1, 0, 0
7001, 16941, 1, 0, 0
7100, 16010, 1, 0, 0
7200, 17199, 1, 0, 0
7300, 17359, 1, 0, 0
7400, 13678, 1, 0, 0
7500, 16880, 1, 0, 0
7601, 14114, 1, 0, 0
7701, 19462, 1, 0, 0
7800, 16926, 1, 0, 0
7900, 18584, 1, 0, 0
8000, 19938, 1, 0, 0
8100, 17262, 1, 0, 0
8200, 15458, 1, 0, 0
8300, 16489, 1, 0, 0
8400, 15950, 1, 0, 0
8500, 16179, 1, 0, 0
8600, 19126, 1, 0, 0
8700, 17361, 1, 0, 0
8800, 14829, 1, 0, 0
8900, 16755, 1, 0, 0
9000, 15667, 1, 0, 0
9101, 20797, 1, 0, 0
9200, 18310, 1, 0, 0
9301, 14260, 1, 0, 0
9400, 18073, 1, 0, 0
9500, 15987, 1, 0, 0
9600, 17791, 1, 0, 0
9700, 15889, 1, 0, 0
9800, 14405, 1, 0, 0
9900, 15954, 1, 0, 0
10000, 16402, 1, 0, 0
10100, 17464, 1, 0, 0
10200, 15578, 1, 0, 0
10301, 16579, 1, 0, 0
10400, 16788, 1, 0, 0
10501, 14078, 1, 0, 0
10600, 18450, 1, 0, 0
10700, 16318, 1, 0, 0
10800, 16818, 1, 0, 0
10900, 14086, 1, 0, 0
11000, 17088, 1, 0, 0
11100, 15826, 1, 0, 0
11200, 14025, 1, 0, 0
11300, 15346, 1, 0, 0
11401, 15389, 1, 0, 0
11500, 17038, 1, 0, 0
11602, 14064, 1, 0, 0
11700, 15000, 1, 0, 0
11800, 17424, 1, 0, 0
11900, 14024, 1, 0, 0
12001, 15773, 1, 0, 0
12100, 19899, 1, 0, 0
12200, 15556, 1, 0, 0
12300, 13550, 1, 0, 0
12400, 20352, 1, 0, 0
12500, 20160, 1, 0, 0
12600, 14379, 1, 0, 0
12700, 14650, 1, 0, 0
12800, 15031, 1, 0, 0
12900, 17829, 1, 0, 0
13000, 18929, 1, 0, 0
13100, 18880, 1, 0, 0
13200, 18905, 1, 0, 0
13300, 20006, 1, 0, 0
13400, 13735, 1, 0, 0
13500, 13458, 1, 0, 0
13600, 16085, 1, 0, 0
13700, 16185, 1, 0, 0
13800, 13357, 1, 0, 0
13900, 13447, 1, 0, 0
14000, 16864, 1, 0, 0
14100, 14714, 1, 0, 0
14200, 14495, 1, 0, 0
14300, 13928, 1, 0, 0
14400, 17425, 1, 0, 0
14500, 15025, 1, 0, 0
14601, 14607, 1, 0, 0
14700, 14102, 1, 0, 0
14800, 16093, 1, 0, 0
14900, 16803, 1, 0, 0
15001, 20095, 1, 0, 0
15101, 16600, 1, 0, 0
15200, 16749, 1, 0, 0
15300, 16736, 1, 0, 0
15401, 12921, 1, 0, 0
15500, 15926, 1, 0, 0
15600, 12839, 1, 0, 0
15700, 14435, 1, 0, 0
15800, 15130, 1, 0, 0
15900, 17935, 1, 0, 0
16000, 12936, 1, 0, 0
16101, 12620, 1, 0, 0
16200, 19447, 1, 0, 0
16300, 17094, 1, 0, 0
16400, 14909, 1, 0, 0
16500, 16315, 1, 0, 0
16600, 15382, 1, 0, 0
16700, 13778, 1, 0, 0
16800, 16059, 1, 0, 0
16900, 13406, 1, 0, 0
17000, 15822, 1, 0, 0
17100, 15296, 1, 0, 0
17201, 14269, 1, 0, 0
17300, 15149, 1, 0, 0
17400, 15467, 1, 0, 0
17501, 14382, 1, 0, 0
17600, 13472, 1, 0, 0
17700, 17121, 1, 0, 0
17800, 16785, 1, 0, 0
17900, 14428, 1, 0, 0
18000, 12723, 1, 0, 0
18100, 16607, 1, 0, 0
18200, 14125, 1, 0, 0
18300, 14081, 1, 0, 0
18400, 14209, 1, 0, 0
18500, 13891, 1, 0, 0
18600, 18220, 1, 0, 0
18701, 13952, 1, 0, 0
18800, 15897, 1, 0, 0
18900, 14904, 1, 0, 0
19000, 15865, 1, 0, 0
19100, 14688, 1, 0, 0
19200, 12985, 1, 0, 0
19300, 14001, 1, 0, 0
19400, 15018, 1, 0, 0
19500, 14784, 1, 0, 0
19600, 15077, 1, 0, 0
19700, 15454, 1, 0, 0
19800, 15523, 1, 0, 0
19900, 15180, 1, 0, 0
20000, 19272, 1, 0, 0
20100, 15666, 1, 0, 0
20200, 15299, 1, 0, 0
20300, 16572, 1, 0, 0
20400, 13663, 1, 0, 0
20500, 13928, 1, 0, 0
20600, 12925, 1, 0, 0
20700, 17759, 1, 0, 0
20800, 14494, 1, 0, 0
20900, 16076, 1, 0, 0
21001, 14164, 1, 0, 0
21100, 12665, 1, 0, 0
21201, 16210, 1, 0, 0
21300, 17173, 1, 0, 0
21400, 14545, 1, 0, 0
21500, 16803, 1, 0, 0
21600, 14228, 1, 0, 0
21701, 14345, 1, 0, 0
21800, 14421, 1, 0, 0
21900, 15013, 1, 0, 0
22000, 16404, 1, 0, 0
22100, 18684, 1, 0, 0
22201, 17567, 1, 0, 0
22300, 13746, 1, 0, 0
22400, 12984, 1, 0, 0
22500, 14624, 1, 0, 0
22600, 15196, 1, 0, 0
22700, 14492, 1, 0, 0
22801, 22775, 1, 0, 0
22900, 16728, 1, 0, 0
23000, 17879, 1, 0, 0
23100, 15052, 1, 0, 0
23201, 18943, 1, 0, 0
23300, 15811, 1, 0, 0
23401, 16552, 1, 0, 0
23501, 16213, 1, 0, 0
23600, 13644, 1, 0, 0
23700, 18287, 1, 0, 0
23800, 17573, 1, 0, 0
23901, 18776, 1, 0, 0
24001, 13688, 1, 0, 0
24100, 16063, 1, 0, 0
24200, 19916, 1, 0, 0
24300, 18188, 1, 0, 0
24400, 16130, 1, 0, 0
24500, 18153, 1, 0, 0
24600, 15192, 1, 0, 0
24700, 19162, 1, 0, 0
24800, 15629, 1, 0, 0
24901, 13823, 1, 0, 0
25000, 16946, 1, 0, 0
25101, 15738, 1, 0, 0
25200, 14897, 1, 0, 0
25300, 13676, 1, 0, 0
25400, 15519, 1, 0, 0
25501, 13197, 1, 0, 0
25600, 13668, 1, 0, 0
25700, 14488, 1, 0, 0
25801, 13490, 1, 0, 0
25900, 13728, 1, 0, 0
26000, 17890, 1, 0, 0
26100, 17282, 1, 0, 0
26200, 18875, 1, 0, 0
26300, 19098, 1, 0, 0
26400, 18644, 1, 0, 0
26500, 20893, 1, 0, 0
26600, 18375, 1, 0, 0
26700, 14523, 1, 0, 0
26800, 15191, 1, 0, 0
26900, 15624, 1, 0, 0
27000, 12855, 1, 0, 0
27102, 13204, 1, 0, 0
27200, 12854, 1, 0, 0
27300, 19013, 1, 0, 0
27400, 13233, 1, 0, 0
27500, 18641, 1, 0, 0
27600, 17322, 1, 0, 0
27700, 17909, 1, 0, 0
27800, 14418, 1, 0, 0
27900, 15538, 1, 0, 0
28000, 19044, 1, 0, 0
28100, 17601, 1, 0, 0
28200, 16951, 1, 0, 0
28300, 20401, 1, 0, 0
28400, 18126, 1, 0, 0
28500, 15901, 1, 0, 0
28600, 16499, 1, 0, 0
28701, 16224, 1, 0, 0
28800, 15997, 1, 0, 0
28900, 15643, 1, 0, 0
29000, 17406, 1, 0, 0
29100, 13085, 1, 0, 0
29200, 19411, 1, 0, 0
29301, 14881, 1, 0, 0
29401, 13780, 1, 0, 0
29500, 14405, 1, 0, 0
29600, 17637, 1, 0, 0
29700, 14412, 1, 0, 0
29800, 17928, 1, 0, 0
29900, 13748, 1, 0, 0
30000, 16504, 1, 0, 0
30100, 19107, 1, 0, 0
30200, 16348, 1, 0, 0
30300, 13614, 1, 0, 0
30400, 13714, 1, 0, 0
30500, 16263, 1, 0, 0
30600, 16243, 1, 0, 0
30700, 16515, 1, 0, 0
30800, 13576, 1, 0, 0
30901, 17338, 1, 0, 0
31000, 15709, 1, 0, 0
31101, 15799, 1, 0, 0
31200, 14739, 1, 0, 0
31300, 13531, 1, 0, 0
31400, 14559, 1, 0, 0
31500, 16374, 1, 0, 0
31600, 14973, 1, 0, 0
31700, 12388, 1, 0, 0
31800, 12916, 1, 0, 0
31900, 15856, 1, 0, 0
32000, 13061, 1, 0, 0
32100, 12938, 1, 0, 0
32201, 19073, 1, 0, 0
32300, 14090, 1, 0, 0
32400, 15539, 1, 0, 0
32500, 13199, 1, 0, 0
32600, 12477, 1, 0, 0
32700, 13405, 1, 0, 0
32801, 14282, 1, 0, 0
32900, 18059, 1, 0, 0
33000, 18131, 1, 0, 0
33100, 20405, 1, 0, 0
33200, 18121, 1, 0, 0
33300, 20939, 1, 0, 0
33401, 13691, 1, 0, 0
33501, 14988, 1, 0, 0
33600, 16493, 1, 0, 0
33700, 14885, 1, 0, 0
33800, 14992, 1, 0, 0
33900, 17497, 1, 0, 0
34000, 17380, 1, 0, 0
34100, 13498, 1, 0, 0
34200, 16322, 1, 0, 0
34300, 14724, 1, 0, 0
34400, 15795, 1, 0, 0
34500, 17782, 1, 0, 0
34600, 13492, 1, 0, 0
34700, 15939, 1, 0, 0
34800, 13964, 1, 0, 0
34900, 15641, 1, 0, 0
35000, 17071, 1, 0, 0
35100, 17473, 1, 0, 0
35200, 17541, 1, 0, 0
35300, 14394, 1, 0, 0
35400, 17084, 1, 0, 0
35500, 17270, 1, 0, 0
35600, 14983, 1, 0, 0
35700, 15944, 1, 0, 0
35800, 13194, 1, 0, 0
35901, 15570, 1, 0, 0
36000, 16770, 1, 0, 0
36100, 13145, 1, 0, 0
36200, 18617, 1, 0, 0
36300, 13513, 1, 0, 0
36400, 12531, 1, 0, 0
36500, 15436, 1, 0, 0
36600, 16590, 1, 0, 0
36700, 16870, 1, 0, 0
36800, 14352, 1, 0, 0
36900, 14133, 1, 0, 0
37000, 14605, 1, 0, 0
37100, 12939, 1, 0, 0
37200, 13620, 1, 0, 0
37300, 15745, 1, 0, 0
37400, 16851, 1, 0, 0
37500, 21666, 1, 0, 0
37600, 14027, 1, 0, 0
37701, 13188, 1, 0, 0
37800, 16761, 1, 0, 0
37900, 17625, 1, 0, 0
38000, 15602, 1, 0, 0
38100, 13575, 1, 0, 0
38200, 16356, 1, 0, 0
38300, 13721, 1, 0, 0
38400, 13289, 1, 0, 0
38500, 19770, 1, 0, 0
38600, 13763, 1, 0, 0
38700, 15124, 1, 0, 0
38800, 15387, 1, 0, 0
38900, 19542, 1, 0, 0
39000, 15375, 1, 0, 0
39100, 16731, 1, 0, 0
39201, 13959, 1, 0, 0
39300, 16200, 1, 0, 0
39400, 16190, 1, 0, 0
39500, 13235, 1, 0, 0
39600, 15861, 1, 0, 0
39700, 16705, 1, 0, 0
39800, 17811, 1, 0, 0
39900, 17848, 1, 0, 0
40000, 15564, 1, 0, 0
40100, 15610, 1, 0, 0
40200, 17226, 1, 0, 0
40300, 16539, 1, 0, 0
40400, 16858, 1, 0, 0
40500, 20440, 1, 0, 0
40600, 15479, 1, 0, 0
40700, 13964, 1, 0, 0
40800, 15389, 1, 0, 0
40901, 14617, 1, 0, 0
41000, 13813, 1, 0, 0
41100, 15724, 1, 0, 0
41200, 13910, 1, 0, 0
41301, 15169, 1, 0, 0
41401, 16888, 1, 0, 0
41500, 15531, 1, 0, 0
41600, 17674, 1, 0, 0
41700, 17892, 1, 0, 0
41800, 18227, 1, 0, 0
41900, 18403, 1, 0, 0
42000, 12119, 1, 0, 0
42100, 15532, 1, 0, 0
42200, 13987, 1, 0, 0
42301, 15097, 1, 0, 0
42400, 16030, 1, 0, 0
42500, 15489, 1, 0, 0
42600, 18688, 1, 0, 0
42700, 17552, 1, 0, 0
42800, 18131, 1, 0, 0
42900, 17236, 1, 0, 0
43000, 13440, 1, 0, 0
43100, 15058, 1, 0, 0
43201, 15508, 1, 0, 0
43300, 14688, 1, 0, 0
43400, 17146, 1, 0, 0
43500, 14858, 1, 0, 0
43600, 17505, 1, 0, 0
43700, 16717, 1, 0, 0
43800, 15919, 1, 0, 0
43901, 13920, 1, 0, 0
44000, 15638, 1, 0, 0
44102, 15946, 1, 0, 0
44200, 16607, 1, 0, 0
44301, 17766, 1, 0, 0
44401, 14217, 1, 0, 0
44500, 14165, 1, 0, 0
44600, 13337, 1, 0, 0
44700, 16364, 1, 0, 0
44802, 15548, 1, 0, 0
44900, 16533, 1, 0, 0
45000, 14458, 1, 0, 0
45100, 14125, 1, 0, 0
45200, 17082, 1, 0, 0
45300, 18069, 1, 0, 0
45400, 14023, 1, 0, 0
45500, 14455, 1, 0, 0
45600, 14185, 1, 0, 0
45700, 17190, 1, 0, 0
45800, 15792, 1, 0, 0
45900, 18682, 1, 0, 0
46000, 16899, 1, 0, 0
46100, 14835, 1, 0, 0
46200, 13987, 1, 0, 0
46300, 13721, 1, 0, 0
46400, 12762, 1, 0, 0
46500, 14740, 1, 0, 0
46600, 13867, 1, 0, 0
46700, 14602, 1, 0, 0
46800, 15557, 1, 0, 0
46900, 19586, 1, 0, 0
47000, 17868, 1, 0, 0
47100, 19150, 1, 0, 0
47200, 15401, 1, 0, 0
47300, 15999, 1, 0, 0
47400, 14100, 1, 0, 0
47500, 18366, 1, 0, 0
47600, 13765, 1, 0, 0
47700, 13625, 1, 0, 0
47800, 16882, 1, 0, 0
47900, 18649, 1, 0, 0
48000, 14464, 1, 0, 0
48101, 14050, 1, 0, 0
48200, 14783, 1, 0, 0
48300, 14732, 1, 0, 0
48400, 15982, 1, 0, 0
48500, 13912, 1, 0, 0
48600, 15913, 1, 0, 0
48701, 17179, 1, 0, 0
48800, 14627, 1, 0, 0
48900, 14518, 1, 0, 0
49000, 14113, 1, 0, 0
49100, 14987, 1, 0, 0
49201, 17844, 1, 0, 0
49300, 17142, 1, 0, 0
49400, 14740, 1, 0, 0
49501, 14244, 1, 0, 0
49600, 18122, 1, 0, 0
49700, 18396, 1, 0, 0
49800, 14500, 1, 0, 0
49900, 14752, 1, 0, 0
50000, 16964, 1, 0, 0
50100, 16500, 1, 0, 0
50200, 19443, 1, 0, 0
50300, 15573, 1, 0, 0
50400, 16731, 1, 0, 0
50500, 13432, 1, 0, 0
50600, 15576, 1, 0, 0
50700, 17125, 1, 0, 0
50800, 14139, 1, 0, 0
50900, 16624, 1, 0, 0
51001, 17189, 1, 0, 0
51100, 17853, 1, 0, 0
51201, 21293, 1, 0, 0
51300, 16967, 1, 0, 0
51400, 15216, 1, 0, 0
51500, 13906, 1, 0, 0
51600, 13088, 1, 0, 0
51700, 12926, 1, 0, 0
51801, 14959, 1, 0, 0
51900, 15379, 1, 0, 0
52000, 17905, 1, 0, 0
52100, 13378, 1, 0, 0
52200, 15997, 1, 0, 0
52301, 14796, 1, 0, 0
52400, 16319, 1, 0, 0
52500, 21007, 1, 0, 0
52600, 15692, 1, 0, 0
52700, 15112, 1, 0, 0
52800, 14895, 1, 0, 0
52900, 13503, 1, 0, 0
53001, 16599, 1, 0, 0
53100, 15716, 1, 0, 0
53200, 14567, 1, 0, 0
53300, 14870, 1, 0, 0
53400, 16323, 1, 0, 0
53500, 14067, 1, 0, 0
53600, 13654, 1, 0, 0
53700, 13354, 1, 0, 0
53801, 17183, 1, 0, 0
53901, 19197, 1, 0, 0
54000, 20225, 1, 0, 0
54100, 16445, 1, 0, 0
54201, 13275, 1, 0, 0
54301, 13606, 1, 0, 0
54400, 13838, 1, 0, 0
54502, 13478, 1, 0, 0
54602, 12184, 1, 0, 0
54700, 16623, 1, 0, 0
54800, 15570, 1, 0, 0
54900, 20166, 1, 0, 0
55000, 13658, 1, 0, 0
55100, 15969, 1, 0, 0
55200, 13661, 1, 0, 0
55300, 14325, 1, 0, 0
55400, 14649, 1, 0, 0
55500, 13227, 1, 0, 0
55600, 19158, 1, 0, 0
55701, 14804, 1, 0, 0
55800, 13165, 1, 0, 0
55900, 13434, 1, 0, 0
56000, 15628, 1, 0, 0
56100, 13507, 1, 0, 0
56200, 15610, 1, 0, 0
56300, 14107, 1, 0, 0
56400, 14176, 1, 0, 0
56501, 14567, 1, 0, 0
56600, 16111, 1, 0, 0
56702, 16282, 1, 0, 0
56800, 16754, 1, 0, 0
56900, 13270, 1, 0, 0
57000, 19606, 1, 0, 0
57100, 15002, 1, 0, 0
57200, 16305, 1, 0, 0
57301, 18846, 1, 0, 0
57400, 16480, 1, 0, 0
57500, 13522, 1, 0, 0
57600, 13558, 1, 0, 0
57700, 13763, 1, 0, 0
57800, 13309, 1, 0, 0
57900, 15687, 1, 0, 0
58000, 13370, 1, 0, 0
58100, 14135, 1, 0, 0
58201, 13923, 1, 0, 0
58300, 13629, 1, 0, 0
58400, 16101, 1, 0, 0
58500, 14730, 1, 0, 0
58600, 18775, 1, 0, 0
58700, 13173, 1, 0, 0
58801, 12936, 1, 0, 0
58900, 17018, 1, 0, 0
59000, 18677, 1, 0, 0
59100, 13116, 1, 0, 0
59200, 14465, 1, 0, 0
59300, 16435, 1, 0, 0
59400, 16256, 1, 0, 0
59500, 16073, 1, 0, 0
59600, 13552, 1, 0, 0
59700, 16075, 1, 0, 0
59800, 15472, 1, 0, 0
59900, 13491, 1, 0, 0
60000, 18908, 1, 0, 0
60100, 14379, 1, 0, 0
60201, 17727, 1, 0, 0
60300, 16663, 1, 0, 0
60400, 13825, 1, 0, 0
60500, 15029, 1, 0, 0
60600, 14064, 1, 0, 0
60701, 18212, 1, 0, 0
60800, 19395, 1, 0, 0
60900, 18966, 1, 0, 0
61000, 18497, 1, 0, 0
61100, 20472, 1, 0, 0
61200, 19434, 1, 0, 0
61300, 19562, 1, 0, 0
61400, 17999, 1, 0, 0
61500, 16132, 1, 0, 0
61600, 13638, 1, 0, 0
61700, 14869, 1, 0, 0
61800, 14642, 1, 0, 0
61901, 19816, 1, 0, 0
62000, 16625, 1, 0, 0
62100, 14425, 1, 0, 0
62200, 15679, 1, 0, 0
62300, 16278, 1, 0, 0
62400, 16060, 1, 0, 0
62500, 14474, 1, 0, 0
62600, 13823, 1, 0, 0
62700, 17010, 1, 0, 0
62800, 15567, 1, 0, 0
62900, 15663, 1, 0, 0
63000, 16380, 1, 0, 0
63101, 20595, 1, 0, 0
63200, 15583, 1, 0, 0
63300, 16185, 1, 0, 0
63400, 15151, 1, 0, 0
63500, 16250, 1, 0, 0
63600, 15677, 1, 0, 0
63700, 16495, 1, 0, 0
63800, 14226, 1, 0, 0
63900, 13809, 1, 0, 0
64000, 14030, 1, 0, 0
64100, 18230, 1, 0, 0
64200, 14585, 1, 0, 0
64301, 16426, 1, 0, 0
64400, 14316, 1, 0, 0
64500, 16174, 1, 0, 0
64601, 13131, 1, 0, 0
64700, 15097, 1, 0, 0
64801, 18096, 1, 0, 0
64900, 15811, 1, 0, 0
65000, 15293, 1, 0, 0
65100, 13206, 1, 0, 0
65200, 18777, 1, 0, 0
65301, 15254, 1, 0, 0
65400, 19196, 1, 0, 0
65500, 15405, 1, 0, 0
65600, 17283, 1, 0, 0
65700, 15714, 1, 0, 0
65801, 17034, 1, 0, 0
65900, 17516, 1, 0, 0
66000, 18182, 1, 0, 0
66100, 15929, 1, 0, 0
66201, 15333, 1, 0, 0
66300, 14306, 1, 0, 0
66400, 16940, 1, 0, 0
66500, 14106, 1, 0, 0
66601, 14443, 1, 0, 0
66700, 19064, 1, 0, 0
66800, 14901, 1, 0, 0
66900, 18075, 1, 0, 0
67001, 19101, 1, 0, 0
67100, 13698, 1, 0, 0
67200, 14975, 1, 0, 0
67300, 16966, 1, 0, 0
67400, 15522, 1, 0, 0
67500, 14431, 1, 0, 0
67600, 13082, 1, 0, 0
67700, 14727, 1, 0, 0
67800, 13400, 1, 0, 0
67900, 14267, 1, 0, 0
68000, 17389, 1, 0, 0
68101, 17140, 1, 0, 0
68200, 17099, 1, 0, 0
68301, 15141, 1, 0, 0
68400, 14968, 1, 0, 0
68500, 16889, 1, 0, 0
68601, 13221, 1, 0, 0
68701, 17610, 1, 0, 0
68800, 19370, 1, 0, 0
68900, 19748, 1, 0, 0
69000, 14122, 1, 0, 0
69100, 15744, 1, 0, 0
69200, 14678, 1, 0, 0
69300, 16781, 1, 0, 0
69400, 13551, 1, 0, 0
69500, 14175, 1, 0, 0
69600, 15113, 1, 0, 0
69700, 12615, 1, 0, 0
69801, 16307, 1, 0, 0
69900, 14425, 1, 0, 0
70000, 19544, 1, 0, 0
70100, 15153, 1, 0, 0
70201, 14912, 1, 0, 0
70300, 14390, 1, 0, 0
70400, 17876, 1, 0, 0
70500, 16565, 1, 0, 0
70600, 18509, 1, 0, 0
70701, 11909, 1, 0, 0
70800, 14907, 1, 0, 0
70900, 19379, 1, 0, 0
71000, 17402, 1, 0, 0
71100, 16910, 1, 0, 0
71200, 18858, 1, 0, 0
71300, 13224, 1, 0, 0
71400, 12293, 1, 0, 0
71500, 17513, 1, 0, 0
71600, 12936, 1, 0, 0
71700, 13701, 1, 0, 0
71800, 17571, 1, 0, 0
71901, 14186, 1, 0, 0
72000, 13757, 1, 0, 0
72101, 14609, 1, 0, 0
72200, 17501, 1, 0, 0
72300, 16918, 1, 0, 0
72400, 13730, 1, 0, 0
72500, 15548, 1, 0, 0
72601, 15185, 1, 0, 0
72700, 15735, 1, 0, 0
72800, 17154, 1, 0, 0
72900, 14509, 1, 0, 0
73000, 17727, 1, 0, 0
73100, 13488, 1, 0, 0
73200, 13256, 1, 0, 0
73300, 18117, 1, 0, 0
73400, 15557, 1, 0, 0
73500, 13880, 1, 0, 0
73600, 13274, 1, 0, 0
73700, 13336, 1, 0, 0
73801, 12973, 1, 0, 0
73900, 13214, 1, 0, 0
74000, 14328, 1, 0, 0
74100, 15571, 1, 0, 0
74200, 15839, 1, 0, 0
74300, 13297, 1, 0, 0
74400, 13165, 1, 0, 0
74500, 13834, 1, 0, 0
74600, 16525, 1, 0, 0
74700, 18423, 1, 0, 0
74800, 17373, 1, 0, 0
74900, 15883, 1, 0, 0
75001, 13040, 1, 0, 0
75100, 14672, 1, 0, 0
75200, 18674, 1, 0, 0
75300, 14175, 1, 0, 0
75400, 12497, 1, 0, 0
75500, 16204, 1, 0, 0
75600, 14247, 1, 0, 0
75700, 12335, 1, 0, 0
75800, 16147, 1, 0, 0
75900, 17850, 1, 0, 0
76000, 16413, 1, 0, 0
76100, 16271, 1, 0, 0
76200, 14041, 1, 0, 0
76301, 19621, 1, 0, 0
76401, 16717, 1, 0, 0
76500, 13616, 1, 0, 0
76600, 17006, 1, 0, 0
76700, 18601, 1, 0, 0
76801, 14165, 1, 0, 0
76900, 16714, 1, 0, 0
77000, 13678, 1, 0, 0
77100, 14265, 1, 0, 0
77200, 14042, 1, 0, 0
77300, 14030, 1, 0, 0
77400, 13432, 1, 0, 0
77500, 14190, 1, 0, 0
77601, 16075, 1, 0, 0
77700, 14020, 1, 0, 0
77800, 15617, 1, 0, 0
77900, 14729, 1, 0, 0
78000, 16279, 1, 0, 0
78101, 15838, 1, 0, 0
78200, 15957, 1, 0, 0
78301, 16416, 1, 0, 0
78400, 16961, 1, 0, 0
78500, 15816, 1, 0, 0
78600, 15315, 1, 0, 0
78700, 13820, 1, 0, 0
78800, 15729, 1, 0, 0
78900, 15462, 1, 0, 0
79000, 13125, 1, 0, 0
79100, 16391, 1, 0, 0
79200, 16818, 1, 0, 0
79300, 14763, 1, 0, 0
79400, 14755, 1, 0, 0
79500, 14466, 1, 0, 0
79600, 14176, 1, 0, 0
79701, 14614, 1, 0, 0
79800, 18016, 1, 0, 0
79901, 18394, 1, 0, 0
80000, 14955, 1, 0, 0
80100, 14753, 1, 0, 0
80200, 18705, 1, 0, 0
80301, 19893, 1, 0, 0
80400, 15830, 1, 0, 0
80501, 12560, 1, 0, 0
80600, 15418, 1, 0, 0
80700, 13937, 1, 0, 0
80800, 13498, 1, 0, 0
80900, 14290, 1, 0, 0
81000, 18021, 1, 0, 0
81100, 13421, 1, 0, 0
81200, 16597, 1, 0, 0
81300, 16127, 1, 0, 0
81400, 16591, 1, 0, 0
81500, 15542, 1, 0, 0
81600, 20272, 1, 0, 0
81700, 13611, 1, 0, 0
81800, 16512, 1, 0, 0
81900, 16613, 1, 0, 0
82000, 14986, 1, 0, 0
82100, 14564, 1, 0, 0
82200, 14280, 1, 0, 0
82300, 13906, 1, 0, 0
82401, 14933, 1, 0, 0
82500, 15469, 1, 0, 0
82600, 14037, 1, 0, 0
82700, 14790, 1, 0, 0
82800, 14723, 1, 0, 0
82900, 16070, 1, 0, 0
83000, 16038, 1, 0, 0
83100, 17009, 1, 0, 0
83200, 14051, 1, 0, 0
83301, 14826, 1, 0, 0
83401, 15226, 1, 0, 0
83500, 16043, 1, 0, 0
83601, 15763, 1, 0, 0
83700, 14621, 1, 0, 0
83800, 14722, 1, 0, 0
83901, 16619, 1, 0, 0
84001, 16598, 1, 0, 0
84100, 17770, 1, 0, 0
84200, 15539, 1, 0, 0
84300, 15474, 1, 0, 0
84400, 13357, 1, 0, 0
84500, 13704, 1, 0, 0
84601, 15650, 1, 0, 0
84700, 15957, 1, 0, 0
84800, 16573, 1, 0, 0
84900, 18461, 1, 0, 0
85000, 16087, 1, 0, 0
85100, 15269, 1, 0, 0
85200, 14024, 1, 0, 0
85300, 17319, 1, 0, 0
85400, 12691, 1, 0, 0
85500, 15292, 1, 0, 0
85600, 15672, 1, 0, 0
85700, 15183, 1, 0, 0
85800, 15892, 1, 0, 0
85900, 13974, 1, 0, 0
86000, 14700, 1, 0, 0
86100, 16570, 1, 0, 0
86201, 13621, 1, 0, 0
86300, 13873, 1, 0, 0
86400, 16754, 1, 0, 0
86500, 14293, 1, 0, 0
86600, 13541, 1, 0, 0
86700, 15272, 1, 0, 0
86800, 17967, 1, 0, 0
86900, 12867, 1, 0, 0
87000, 14530, 1, 0, 0
87100, 18683, 1, 0, 0
87201, 17997, 1, 0, 0
87300, 18176, 1, 0, 0
87400, 14345, 1, 0, 0
87500, 14606, 1, 0, 0
87600, 17091, 1, 0, 0
87700, 19302, 1, 0, 0
87800, 16136, 1, 0, 0
87900, 18831, 1, 0, 0
88000, 16530, 1, 0, 0
88100, 15984, 1, 0, 0
88200, 14300, 1, 0, 0
88300, 16941, 1, 0, 0
88400, 16614, 1, 0, 0
88500, 15209, 1, 0, 0
88601, 17433, 1, 0, 0
88700, 16103, 1, 0, 0
88800, 19519, 1, 0, 0
88900, 16226, 1, 0, 0
89000, 19255, 1, 0, 0
89100, 13307, 1, 0, 0
89200, 16602, 1, 0, 0
89301, 17011, 1, 0, 0
89400, 16494, 1, 0, 0
89500, 15231, 1, 0, 0
89600, 16341, 1, 0, 0
89700, 15050, 1, 0, 0
89800, 14672, 1, 0, 0
89901, 17896, 1, 0, 0
90001, 17223, 1, 0, 0
90100, 15930, 1, 0, 0
90200, 18823, 1, 0, 0
90300, 16809, 1, 0, 0
90400, 14552, 1, 0, 0
90500, 14299, 1, 0, 0
90600, 13965, 1, 0, 0
90700, 12644, 1, 0, 0
90800, 15203, 1, 0, 0
90900, 18806, 1, 0, 0
91000, 13236, 1, 0, 0
91100, 17072, 1, 0, 0
91201, 15243, 1, 0, 0
91300, 14487, 1, 0, 0
91400, 14631, 1, 0, 0
91500, 16461, 1, 0, 0
91601, 13867, 1, 0, 0
91700, 13089, 1, 0, 0
91800, 15086, 1, 0, 0
91900, 16403, 1, 0, 0
92000, 13186, 1, 0, 0
92101, 14068, 1, 0, 0
92200, 13960, 1, 0, 0
92300, 14611, 1, 0, 0
92400, 14950, 1, 0, 0
92500, 16065, 1, 0, 0
92600, 15781, 1, 0, 0
92700, 17038, 1, 0, 0
92800, 15022, 1, 0, 0
92900, 16584, 1, 0, 0
93001, 15225, 1, 0, 0
93101, 15703, 1, 0, 0
93200, 15746, 1, 0, 0
93300, 15824, 1, 0, 0
93400, 20833, 1, 0, 0
93500, 15530, 1, 0, 0
93600, 18277, 1, 0, 0
93701, 15392, 1, 0, 0
93800, 14521, 1, 0, 0
93900, 16381, 1, 0, 0
94000, 16231, 1, 0, 0
94100, 14297, 1, 0, 0
94200, 20432, 1, 0, 0
94300, 14189, 1, 0, 0
94400, 14732, 1, 0, 0
94500, 19211, 1, 0, 0
94600, 17388, 1, 0, 0
94700, 13690, 1, 0, 0
94800, 14840, 1, 0, 0
94901, 14292, 1, 0, 0
95000, 13438, 1, 0, 0
95100, 16570, 1, 0, 0
95200, 17698, 1, 0, 0
95300, 17301, 1, 0, 0
95400, 18015, 1, 0, 0
95502, 15262, 1, 0, 0
95600, 16820, 1, 0, 0
95700, 15930, 1, 0, 0
95800, 15204, 1, 0, 0
95900, 12317, 1, 0, 0
96000, 16998, 1, 0, 0
96100, 14214, 1, 0, 0
96200, 14426, 1, 0, 0
96300, 13391, 1, 0, 0
96400, 13134, 1, 0, 0
96500, 17603, 1, 0, 0
96600, 14643, 1, 0, 0
96700, 17331, 1, 0, 0
96800, 16673, 1, 0, 0
96900, 15898, 1, 0, 0
97000, 14671, 1, 0, 0
97101, 17491, 1, 0, 0
97200, 14697, 1, 0, 0
97300, 16840, 1, 0, 0
97400, 17868, 1, 0, 0
97500, 15292, 1, 0, 0
97600, 15378, 1, 0, 0
97701, 13927, 1, 0, 0
97800, 14086, 1, 0, 0
97900, 15008, 1, 0, 0
98000, 15236, 1, 0, 0
98100, 15674, 1, 0, 0
98200, 17656, 1, 0, 0
98300, 14749, 1, 0, 0
98400, 14934, 1, 0, 0
98500, 16234, 1, 0, 0
98600, 15931, 1, 0, 0
98700, 15304, 1, 0, 0
98800, 20889, 1, 0, 0
98900, 15863, 1, 0, 0
99000, 15544, 1, 0, 0
99100, 13285, 1, 0, 0
99200, 16768, 1, 0, 0
99300, 14869, 1, 0, 0
99400, 15742, 1, 0, 0
99500, 12594, 1, 0, 0
99600, 12669, 1, 0, 0
99700, 13471, 1, 0, 0
99800, 15376, 1, 0, 0
99901, 13973, 1, 0, 0
100000, 15043, 1, 0, 0
100100, 16468, 1, 0, 0
100200, 13732, 1, 0, 0
100300, 14431, 1, 0, 0
100400, 13459, 1, 0, 0
100500, 13130, 1, 0, 0
100600, 12784, 1, 0, 0
100700, 14569, 1, 0, 0
100801, 15694, 1, 0, 0
100900, 17507, 1, 0, 0
101000, 18524, 1, 0, 0
101100, 14713, 1, 0, 0
101200, 15207, 1, 0, 0
101300, 13703, 1, 0, 0
101400, 16735, 1, 0, 0
101500, 15140, 1, 0, 0
101600, 15117, 1, 0, 0
101700, 12911, 1, 0, 0
101800, 14966, 1, 0, 0
101900, 19766, 1, 0, 0
102000, 14965, 1, 0, 0
102100, 15268, 1, 0, 0
102200, 15808, 1, 0, 0
102300, 17666, 1, 0, 0
102400, 13107, 1, 0, 0
102501, 15416, 1, 0, 0
102600, 13153, 1, 0, 0
102700, 12864, 1, 0, 0
102800, 14935, 1, 0, 0
102900, 17702, 1, 0, 0
103001, 14867, 1, 0, 0
103100, 16201, 1, 0, 0
103200, 13989, 1, 0, 0
103300, 15308, 1, 0, 0
103401, 17946, 1, 0, 0
103500, 13348, 1, 0, 0
103601, 12959, 1, 0, 0
103700, 13817, 1, 0, 0
103800, 14568, 1, 0, 0
103900, 14128, 1, 0, 0
104001, 14035, 1, 0, 0
104100, 14093, 1, 0, 0
104200, 14196, 1, 0, 0
104300, 14970, 1, 0, 0
104400, 17165, 1, 0, 0
104500, 14519, 1, 0, 0
104600, 14003, 1, 0, 0
104700, 14205, 1, 0, 0
104800, 16880, 1, 0, 0
104900, 16483, 1, 0, 0
105000, 18768, 1, 0, 0
105100, 14637, 1, 0, 0
105200, 16278, 1, 0, 0
105300, 14105, 1, 0, 0
105402, 16564, 1, 0, 0
105500, 16780, 1, 0, 0
105600, 13677, 1, 0, 0
105700, 17486, 1, 0, 0
105800, 13093, 1, 0, 0
105900, 15310, 1, 0, 0
106000, 15895, 1, 0, 0
106100, 14643, 1, 0, 0
106200, 18171, 1, 0, 0
106300, 14421, 1, 0, 0
106400, 17944, 1, 0, 0
106500, 17457, 1, 0, 0
106600, 15102, 1, 0, 0
106700, 15089, 1, 0, 0
106800, 13627, 1, 0, 0
106901, 16946, 1, 0, 0
107000, 15876, 1, 0, 0
107100, 15272, 1, 0, 0
107200, 20831, 1, 0, 0
107300, 15383, 1, 0, 0
107400, 15012, 1, 0, 0
107500, 17575, 1, 0, 0
107600, 16772, 1, 0, 0
107700, 12955, 1, 0, 0
107800, 15871, 1, 0, 0
107900, 14633, 1, 0, 0
108000, 14091, 1, 0, 0
108100, 14861, 1, 0, 0
108200, 17890, 1, 0, 0
108301, 13562, 1, 0, 0
108401, 14885, 1, 0, 0
108501, 16415, 1, 0, 0
108600, 15257, 1, 0, 0
108700, 16555, 1, 0, 0
108800, 13845, 1, 0, 0
108900, 13124, 1, 0, 0
109000, 13148, 1, 0, 0
109100, 15659, 1, 0, 0
109200, 13606, 1, 0, 0
109300, 19038, 1, 0, 0
109400, 12484, 1, 0, 0
109500, 13395, 1, 0, 0
109600, 13413, 1, 0, 0
109700, 16011, 1, 0, 0
109801, 14191, 1, 0, 0
109900, 17962, 1, 0, 0
110001, 16092, 1, 0, 0
110100, 17113, 1, 0, 0
110200, 17216, 1, 0, 0
110301, 14387, 1, 0, 0
110401, 15953, 1, 0, 0
110500, 15929, 1, 0, 0
110600, 14722, 1, 0, 0
110700, 14431, 1, 0, 0
110800, 14710, 1, 0, 0
110900, 13748, 1, 0, 0
111000, 15338, 1, 0, 0
111100, 15392, 1, 0, 0
111201, 18006, 1, 0, 0
111300, 14589, 1, 0, 0
111400, 15285, 1, 0, 0
111501, 18602, 1, 0, 0
111600, 14046, 1, 0, 0
111700, 14515, 1, 0, 0
111800, 13449, 1, 0, 0
111900, 16113, 1, 0, 0
112000, 17082, 1, 0, 0
112100, 13352, 1, 0, 0
112200, 12663, 1, 0, 0
112300, 18466, 1, 0, 0
112400, 16318, 1, 0, 0
112500, 15769, 1, 0, 0
112600, 14955, 1, 0, 0
112700, 14510, 1, 0, 0
112800, 13772, 1, 0, 0
112900, 17516, 1, 0, 0
113000, 14345, 1, 0, 0
113100, 15054, 1, 0, 0
113200, 19854, 1, 0, 0
113300, 13103, 1, 0, 0
113400, 13651, 1, 0, 0
113500, 15664, 1, 0, 0
113600, 16104, 1, 0, 0
113700, 16549, 1, 0, 0
113800, 13445, 1, 0, 0
113900, 14542, 1, 0, 0
114000, 15840, 1, 0, 0
114100, 16574, 1, 0, 0
114200, 16425, 1, 0, 0
114300, 15332, 1, 0, 0
114400, 18803, 1, 0, 0
114500, 18054, 1, 0, 0
114600, 16945, 1, 0, 0
114700, 16013, 1, 0, 0
114800, 15819, 1, 0, 0
114900, 18512, 1, 0, 0
115000, 14801, 1, 0, 0
115100, 14623, 1, 0, 0
115200, 14332, 1, 0, 0
115300, 16025, 1, 0, 0
115400, 16960, 1, 0, 0
115500, 15842, 1, 0, 0
115600, 14027, 1, 0, 0
115700, 13526, 1, 0, 0
115800, 15686, 1, 0, 0
115900, 19388, 1, 0, 0
116000, 18309, 1, 0, 0
116100, 17791, 1, 0, 0
116200, 14960, 1, 0, 0
116301, 18873, 1, 0, 0
116400, 16390, 1, 0, 0
116500, 14657, 1, 0, 0
116600, 15048, 1, 0, 0
116700, 15939, 1, 0, 0
116800, 13312, 1, 0, 0
116900, 16366, 1, 0, 0
117001, 13588, 1, 0, 0
117101, 13664, 1, 0, 0
117200, 15948, 1, 0, 0
117300, 17476, 1, 0, 0
117401, 13874, 1, 0, 0
117501, 20595, 1, 0, 0
117600, 15589, 1, 0, 0
117700, 13349, 1, 0, 0
117800, 14744, 1, 0, 0
117900, 16776, 1, 0, 0
118000, 16742, 1, 0, 0
118100, 14626, 1, 0, 0
118200, 14849, 1, 0, 0
118300, 15227, 1, 0, 0
118400, 16115, 1, 0, 0
118500, 13972, 1, 0, 0
118600, 12857, 1, 0, 0
118700, 13280, 1, 0, 0
118800, 16732, 1, 0, 0
118900, 18628, 1, 0, 0
119000, 13198, 1, 0, 0
119100, 16091, 1, 0, 0
119200, 13880, 1, 0, 0
119300, 14249, 1, 0, 0
119400, 14890, 1, 0, 0
119500, 13313, 1, 0, 0
119600, 16553, 1, 0, 0
119700, 15051, 1, 0, 0
119800, 13126, 1, 0, 0
119900, 16087, 1, 0, 0
120001, 14325, 1, 0, 0
120100, 12700, 1, 0, 0
120200, 13455, 1, 0, 0
120300, 17120, 1, 0, 0
120400, 15661, 1, 0, 0
120500, 14998, 1, 0, 0
120600, 14816, 1, 0, 0
120700, 14387, 1, 0, 0
120800, 16718, 1, 0, 0
120900, 14131, 1, 0, 0
121000, 12790, 1, 0, 0
121100, 15747, 1, 0, 0
121200, 14774, 1, 0, 0
121300, 17787, 1, 0, 0
121400, 18024, 1, 0, 0
121501, 14665, 1, 0, 0
121600, 16109, 1, 0, 0
121700, 15262, 1, 0, 0
121800, 15367, 1, 0, 0
121900, 13948, 1, 0, 0
122000, 14758, 1, 0, 0
122100, 16729, 1, 0, 0
122200, 15503, 1, 0, 0
122300, 16224, 1, 0, 0
122400, 14797, 1, 0, 0
122500, 15865, 1, 0, 0
122600, 17627, 1, 0, 0
122700, 15997, 1, 0, 0
122800, 15079, 1, 0, 0
122900, 19262, 1, 0, 0
123000, 15562, 1, 0, 0
123100, 14776, 1, 0, 0
123200, 16991, 1, 0, 0
123300, 14763, 1, 0, 0
123400, 13827, 1, 0, 0
123500, 19205, 1, 0, 0
123600, 15766, 1, 0, 0
123700, 13262, 1, 0, 0
123800, 13927, 1, 0, 0
123900, 18848, 1, 0, 0
124000, 14790, 1, 0, 0
124100, 14421, 1, 0, 0
124200, 13092, 1, 0, 0
124300, 13281, 1, 0, 0
124400, 13760, 1, 0, 0
124500, 15532, 1, 0, 0
124600, 14589, 1, 0, 0
124701, 16502, 1, 0, 0
124802, 14956, 1, 0, 0
124900, 17691, 1, 0, 0
125000, 14263, 1, 0, 0
125100, 13886, 1, 0, 0
125200, 18545, 1, 0, 0
125300, 15419, 1, 0, 0
125401, 15550, 1, 0, 0
125500, 16318, 1, 0, 0
125600, 14071, 1, 0, 0
125700, 13305, 1, 0, 0
125800, 13825, 1, 0, 0
125900, 17982, 1, 0, 0
126000, 14149, 1, 0, 0
126100, 16737, 1, 0, 0
126200, 17965, 1, 0, 0
126301, 14100, 1, 0, 0
126401, 15413, 1, 0, 0
126500, 15055, 1, 0, 0
126600, 16441, 1, 0, 0
126700, 15678, 1, 0, 0
126800, 13721, 1, 0, 0
126900, 16972, 1, 0, 0
127000, 16430, 1, 0, 0
127100, 17584, 1, 0, 0
127200, 16005, 1, 0, 0
127300, 15508, 1, 0, 0
127400, 14064, 1, 0, 0
127500, 16622, 1, 0, 0
127600, 16419, 1, 0, 0
127700, 14272, 1, 0, 0
127801, 15293, 1, 0, 0
127900, 13890, 1, 0, 0
128000, 16250, 1, 0, 0
128100, 14882, 1, 0, 0
128200, 15708, 1, 0, 0
128300, 16761, 1, 0, 0
128400, 19290, 1, 0, 0
128500, 14803, 1, 0, 0
128600, 15075, 1, 0, 0
128700, 17667, 1, 0, 0
128800, 18243, 1, 0, 0
128900, 16474, 1, 0, 0
129000, 13348, 1, 0, 0
129100, 15550, 1, 0, 0
129200, 13004, 1, 0, 0
129301, 17667, 1, 0, 0
129400, 15067, 1, 0, 0
129500, 16962, 1, 0, 0
129600, 13725, 1, 0, 0
129700, 15264, 1, 0, 0
129800, 16061, 1, 0, 0
129901, 16646, 1, 0, 0
130000, 14777, 1, 0, 0
130101, 15526, 1, 0, 0
130200, 14112, 1, 0, 0
130300, 15156, 1, 0, 0
130400, 14684, 1, 0, 0
130500, 15083, 1, 0, 0
130600, 17069, 1, 0, 0
130700, 19098, 1, 0, 0
130800, 17417, 1, 0, 0
130900, 14388, 1, 0, 0
131000, 18082, 1, 0, 0
131100, 13609, 1, 0, 0
131201, 15597, 1, 0, 0
131300, 16875, 1, 0, 0
131400, 15443, 1, 0, 0
131500, 14302, 1, 0, 0
131600, 13864, 1, 0, 0
131700, 17633, 1, 0, 0
131800, 13613, 1, 0, 0
131900, 12974, 1, 0, 0
132000, 18882, 1, 0, 0
132100, 13379, 1, 0, 0
132200, 17008, 1, 0, 0
132300, 13216, 1, 0, 0
132400, 19431, 1, 0, 0
132501, 13732, 1, 0, 0
132600, 16690, 1, 0, 0
132700, 15028, 1, 0, 0
132800, 13915, 1, 0, 0
132901, 19965, 1, 0, 0
133000, 15949, 1, 0, 0
133100, 16017, 1, 0, 0
133200, 18592, 1, 0, 0
133300, 18977, 1, 0, 0
133400, 15038, 1, 0, 0
133500, 16883, 1, 0, 0
133600, 15271, 1, 0, 0
133700, 18912, 1, 0, 0
133800, 13837, 1, 0, 0
133900, 17122, 1, 0, 0
134000, 18476, 1, 0, 0
134100, 17485, 1, 0, 0
134200, 16680, 1, 0, 0
134300, 16405, 1, 0, 0
134400, 16659, 1, 0, 0
134500, 15491, 1, 0, 0
134600, 12938, 1, 0, 0
134701, 16286, 1, 0, 0
134800, 15475, 1, 0, 0
134900, 14191, 1, 0, 0
135000, 13332, 1, 0, 0
135100, 14570, 1, 0, 0
135200, 15131, 1, 0, 0
135302, 17296, 1, 0, 0
135400, 13785, 1, 0, 0
135500, 16160, 1, 0, 0
135600, 16890, 1, 0, 0
135700, 16294, 1, 0, 0
135800, 14363, 1, 0, 0
135900, 15106, 1, 0, 0
136000, 17221, 1, 0, 0
136100, 14995, 1, 0, 0
136201, 14787, 1, 0, 0
136300, 16059, 1, 0, 0
136400, 15505, 1, 0, 0
136500, 16440, 1, 0, 0
136600, 17329, 1, 0, 0
136700, 14010, 1, 0, 0
136800, 15107, 1, 0, 0
136900, 17431, 1, 0, 0
137000, 16625, 1, 0, 0
137100, 17023, 1, 0, 0
137200, 15033, 1, 0, 0
137300, 14017, 1, 0, 0
137400, 14125, 1, 0, 0
137500, 16514, 1, 0, 0
137600, 13679, 1, 0, 0
137701, 16123, 1, 0, 0
137800, 16487, 1, 0, 0
137900, 15350, 1, 0, 0
138000, 20284, 1, 0, 0
138102, 16469, 1, 0, 0
138200, 16683, 1, 0, 0
138300, 17179, 1, 0, 0
138400, 15237, 1, 0, 0
138500, 15054, 1, 0, 0
138600, 18069, 1, 0, 0
138700, 15808, 1, 0, 0
138800, 12763, 1, 0, 0
138900, 16521, 1, 0, 0
139000, 14016, 1, 0, 0
139100, 16159, 1, 0, 0
139200, 14648, 1, 0, 0
139300, 15691, 1, 0, 0
139400, 16034, 1, 0, 0
139500, 13858, 1, 0, 0
139601, 16375, 1, 0, 0
139700, 14803, 1, 0, 0
139800, 18192, 1, 0, 0
139900, 15643, 1, 0, 0
140000, 18066, 1, 0, 0
140100, 16727, 1, 0, 0
140200, 15979, 1, 0, 0
140300, 13954, 1, 0, 0
140400, 15061, 1, 0, 0
140500, 16689, 1, 0, 0
140600, 14600, 1, 0, 0
140700, 16622, 1, 0, 0
140800, 14428, 1, 0, 0
140900, 15033, 1, 0, 0
141000, 14778, 1, 0, 0
141100, 14523, 1, 0, 0
141200, 16304, 1, 0, 0
141300, 14779, 1, 0, 0
141400, 16729, 1, 0, 0
141501, 18898, 1, 0, 0
141600, 16281, 1, 0, 0
141700, 16777, 1, 0, 0
141800, 15650, 1, 0, 0
141900, 21137, 1, 0, 0
142001, 13266, 1, 0, 0
142100, 12695, 1, 0, 0
142200, 16173, 1, 0, 0
142300, 14595, 1, 0, 0
142400, 13876, 1, 0, 0
142500, 13975, 1, 0, 0
142600, 14818, 1, 0, 0
142700, 14811, 1, 0, 0
142800, 19206, 1, 0, 0
142900, 17753, 1, 0, 0
143000, 17693, 1, 0, 0
143100, 14502, 1, 0, 0
143200, 15984, 1, 0, 0
143300, 14520, 1, 0, 0
143400, 16094, 1, 0, 0
143501, 15805, 1, 0, 0
143600, 18382, 1, 0, 0
143700, 15894, 1, 0, 0
143800, 14099, 1, 0, 0
143900, 13354, 1, 0, 0
144000, 16585, 1, 0, 0
144100, 14836, 1, 0, 0
144200, 13688, 1, 0, 0
144300, 13225, 1, 0, 0
144400, 14203, 1, 0, 0
144500, 18083, 1, 0, 0
144600, 18913, 1, 0, 0
144700, 15353, 1, 0, 0
144800, 17818, 1, 0, 0
144900, 13294, 1, 0, 0
145000, 13598, 1, 0, 0
145100, 17794, 1, 0, 0
145200, 16853, 1, 0, 0
145300, 13366, 1, 0, 0
145400, 14492, 1, 0, 0
145500, 19197, 1, 0, 0
145600, 16137, 1, 0, 0
145700, 15506, 1, 0, 0
145800, 18115, 1, 0, 0
145900, 14594, 1, 0, 0
146000, 16126, 1, 0, 0
146100, 16332, 1, 0, 0
146200, 18673, 1, 0, 0
146300, 15922, 1, 0, 0
146400, 20431, 1, 0, 0
146500, 18704, 1, 0, 0
146600, 16701, 1, 0, 0
146700, 18362, 1, 0, 0
146801, 18615, 1, 0, 0
146900, 16983, 1, 0, 0
147000, 13835, 1, 0, 0
147100, 13554, 1, 0, 0
147200, 17865, 1, 0, 0
147300, 18653, 1, 0, 0
147400, 18042, 1, 0, 0
147500, 16421, 1, 0, 0
147600, 15972, 1, 0, 0
147700, 15657, 1, 0, 0
147800, 17459, 1, 0, 0
147900, 12513, 1, 0, 0
148000, 14510, 1, 0, 0
148100, 16576, 1, 0, 0
148200, 15058, 1, 0, 0
148300, 18387, 1, 0, 0
148400, 17628, 1, 0, 0
148500, 13113, 1, 0, 0
148600, 17932, 1, 0, 0
148701, 14274, 1, 0, 0
148800, 15401, 1, 0, 0
148900, 13290, 1, 0, 0
149000, 15788, 1, 0, 0
149100, 18255, 1, 0, 0
149200, 16274, 1, 0, 0
149300, 16121, 1, 0, 0
149400, 14283, 1, 0, 0
149500, 15101, 1, 0, 0
149600, 17126, 1, 0, 0
149700, 13781, 1, 0, 0
149800, 16791, 1, 0, 0
149900, 17611, 1, 0, 0
150000, 13419, 1, 0, 0
150100, 15158, 1, 0, 0
150201, 17942, 1, 0, 0
150300, 14549, 1, 0, 0
150400, 15798, 1, 0, 0
150500, 14394, 1, 0, 0
150601, 16315, 1, 0, 0
150700, 14781, 1, 0, 0
150801, 14578, 1, 0, 0
150900, 16019, 1, 0, 0
151000, 19659, 1, 0, 0
151100, 15963, 1, 0, 0
151200, 16681, 1, 0, 0
151300, 15883, 1, 0, 0
151400, 17052, 1, 0, 0
151500, 15192, 1, 0, 0
151600, 13598, 1, 0, 0
151700, 14380, 1, 0, 0
151801, 15078, 1, 0, 0
151900, 17587, 1, 0, 0
152000, 13965, 1, 0, 0
152100, 15422, 1, 0, 0
152200, 13748, 1, 0, 0
152300, 15545, 1, 0, 0
152400, 15335, 1, 0, 0
152500, 17829, 1, 0, 0
152600, 13526, 1, 0, 0
152701, 14001, 1, 0, 0
152800, 13978, 1, 0, 0
152900, 15985, 1, 0, 0
153000, 17402, 1, 0, 0
153101, 15218, 1, 0, 0
153200, 13983, 1, 0, 0
153300, 15247, 1, 0, 0
153400, 14531, 1, 0, 0
153500, 14140, 1, 0, 0
153600, 16761, 1, 0, 0
153700, 17786, 1, 0, 0
153800, 14996, 1, 0, 0
153900, 17343, 1, 0, 0
154001, 13662, 1, 0, 0
154100, 15135, 1, 0, 0
154201, 13155, 1, 0, 0
154301, 15224, 1, 0, 0
154401, 14593, 1, 0, 0
154500, 13385, 1, 0, 0
154600, 14921, 1, 0, 0
154700, 12729, 1, 0, 0
154800, 17337, 1, 0, 0
154901, 19533, 1, 0, 0
155000, 16559, 1, 0, 0
155100, 16366, 1, 0, 0
155200, 14195, 1, 0, 0
155300, 18713, 1, 0, 0
155401, 15649, 1, 0, 0
155500, 16877, 1, 0, 0
155600, 14882, 1, 0, 0
155700, 17830, 1, 0, 0
155800, 15127, 1, 0, 0
155900, 13737, 1, 0, 0
156000, 16982, 1, 0, 0
156100, 13032, 1, 0, 0
156200, 16739, 1, 0, 0
156300, 17779, 1, 0, 0
156400, 15367, 1, 0, 0
156500, 14591, 1, 0, 0
156600, 15359, 1, 0, 0
156700, 13617, 1, 0, 0
156800, 16876, 1, 0, 0
156900, 14455, 1, 0, 0
157000, 17188, 1, 0, 0
157100, 15235, 1, 0, 0
157200, 20263, 1, 0, 0
157300, 16591, 1, 0, 0
157400, 14503, 1, 0, 0
157501, 14368, 1, 0, 0
157600, 17119, 1, 0, 0
157700, 14902, 1, 0, 0
157800, 15086, 1, 0, 0
157900, 14370, 1, 0, 0
158000, 17523, 1, 0, 0
158100, 15931, 1, 0, 0
158200, 18205, 1, 0, 0
158300, 18353, 1, 0, 0
158400, 17540, 1, 0, 0
158500, 17867, 1, 0, 0
158601, 17790, 1, 0, 0
158700, 14744, 1, 0, 0
158800, 13459, 1, 0, 0
158900, 15748, 1, 0, 0
159000, 16688, 1, 0, 0
159100, 17371, 1, 0, 0
159200, 13852, 1, 0, 0
159300, 13391, 1, 0, 0
159400, 14259, 1, 0, 0
159500, 17369, 1, 0, 0
159600, 16882, 1, 0, 0
159700, 15075, 1, 0, 0
159800, 18002, 1, 0, 0
159900, 17823, 1, 0, 0
160000, 15184, 1, 0, 0
160100, 17015, 1, 0, 0
160200, 16145, 1, 0, 0
160300, 21210, 1, 0, 0
160400, 15675, 1, 0, 0
160500, 16577, 1, 0, 0
160600, 18605, 1, 0, 0
160700, 13949, 1, 0, 0
160800, 19947, 1, 0, 0
160900, 17357, 1, 0, 0
161000, 16387, 1, 0, 0
161100, 17602, 1, 0, 0
161200, 13265, 1, 0, 0
161301, 16893, 1, 0, 0
161400, 18516, 1, 0, 0
161501, 16031, 1, 0, 0
161600, 15642, 1, 0, 0
161700, 14141, 1, 0, 0
161800, 18868, 1, 0, 0
161900, 16040, 1, 0, 0
162000, 14877, 1, 0, 0
162100, 16753, 1, 0, 0
162200, 19101, 1, 0, 0
162300, 13476, 1, 0, 0
162401, 14522, 1, 0, 0
162500, 13373, 1, 0, 0
162600, 13880, 1, 0, 0
162700, 18026, 1, 0, 0
162800, 15715, 1, 0, 0
162901, 16827, 1, 0, 0
163000, 15381, 1, 0, 0
163100, 12816, 1, 0, 0
163200, 17587, 1, 0, 0
163300, 16557, 1, 0, 0
163400, 15350, 1, 0, 0
163500, 14317, 1, 0, 0
163600, 12754, 1, 0, 0
163700, 13549, 1, 0, 0
163800, 15792, 1, 0, 0
163900, 12993, 1, 0, 0
164000, 15506, 1, 0, 0
164101, 18751, 1, 0, 0
164200, 17373, 1, 0, 0
164300, 13466, 1, 0, 0
164400, 14986, 1, 0, 0
164500, 14961, 1, 0, 0
164600, 15141, 1, 0, 0
164700, 18407, 1, 0, 0
164800, 15133, 1, 0, 0
164900, 13330, 1, 0, 0
165000, 17630, 1, 0, 0
165100, 13677, 1, 0, 0
165200, 13285, 1, 0, 0
165300, 14036, 1, 0, 0
165400, 13910, 1, 0, 0
165500, 16271, 1, 0, 0
165600, 13565, 1, 0, 0
165700, 15066, 1, 0, 0
165800, 15142, 1, 0, 0
165900, 15763, 1, 0, 0
166000, 16215, 1, 0, 0
166100, 18118, 1, 0, 0
166200, 15788, 1, 0, 0
166300, 18036, 1, 0, 0
166400, 14701, 1, 0, 0
166500, 16100, 1, 0, 0
166601, 20849, 1, 0, 0
166700, 18562, 1, 0, 0
166800, 18300, 1, 0, 0
166900, 16979, 1, 0, 0
167000, 15949, 1, 0, 0
167101, 18579, 1, 0, 0
167200, 15126, 1, 0, 0
167300, 15942, 1, 0, 0
167400, 14303, 1, 0, 0
167500, 17332, 1, 0, 0
167600, 14561, 1, 0, 0
167700, 13256, 1, 0, 0
167801, 15110, 1, 0, 0
167900, 18299, 1, 0, 0
168000, 15998, 1, 0, 0
168100, 17364, 1, 0, 0
168200, 19506, 1, 0, 0
168300, 16308, 1, 0, 0
168400, 14676, 1, 0, 0
168500, 15181, 1, 0, 0
168601, 14813, 1, 0, 0
168700, 13800, 1, 0, 0
168800, 13122, 1, 0, 0
168900, 16038, 1, 0, 0
169000, 15791, 1, 0, 0
169101, 14418, 1, 0, 0
169200, 17309, 1, 0, 0
169300, 13906, 1, 0, 0
169400, 20230, 1, 0, 0
169500, 18122, 1, 0, 0
169600, 18217, 1, 0, 0
169700, 16579, 1, 0, 0
169800, 17761, 1, 0, 0
169900, 16342, 1, 0, 0
170000, 17294, 1, 0, 0
170100, 14854, 1, 0, 0
170200, 16964, 1, 0, 0
170300, 16131, 1, 0, 0
170400, 15249, 1, 0, 0
170500, 15678, 1, 0, 0
170601, 14772, 1, 0, 0
170700, 18218, 1, 0, 0
170800, 14456, 1, 0, 0
170900, 14290, 1, 0, 0
171000, 16863, 1, 0, 0
171100, 16598, 1, 0, 0
171200, 14221, 1, 0, 0
171300, 16754, 1, 0, 0
171400, 19671, 1, 0, 0
171500, 16611, 1, 0, 0
171600, 18692, 1, 0, 0
171700, 14995, 1, 0, 0
171800, 12785, 1, 0, 0
171900, 16350, 1, 0, 0
172002, 15674, 1, 0, 0
172100, 16108, 1, 0, 0
172200, 15313, 1, 0, 0
172300, 14963, 1, 0, 0
172400, 17102, 1, 0, 0
172500, 15889, 1, 0, 0
172600, 14224, 1, 0, 0
172700, 19703, 1, 0, 0
172800, 16127, 1, 0, 0
172900, 17261, 1, 0, 0
173000, 14273, 1, 0, 0
173100, 12983, 1, 0, 0
173200, 17793, 1, 0, 0
173300, 16898, 1, 0, 0
173400, 18029, 1, 0, 0
173500, 14897, 1, 0, 0
173600, 16796, 1, 0, 0
173700, 16991, 1, 0, 0
173800, 17108, 1, 0, 0
173900, 15737, 1, 0, 0
174000, 15528, 1, 0, 0
174100, 15180, 1, 0, 0
174201, 19167, 1, 0, 0
174301, 14383, 1, 0, 0
174400, 19537, 1, 0, 0
174500, 13317, 1, 0, 0
174601, 16874, 1, 0, 0
174700, 19291, 1, 0, 0
174801, 17308, 1, 0, 0
174900, 15991, 1, 0, 0
175000, 19306, 1, 0, 0
175100, 14717, 1, 0, 0
175200, 16661, 1, 0, 0
175300, 17911, 1, 0, 0
175400, 15970, 1, 0, 0
175500, 14147, 1, 0, 0
175600, 17431, 1, 0, 0
175700, 13515, 1, 0, 0
175800, 13471, 1, 0, 0
175900, 16965, 1, 0, 0
176000, 19795, 1, 0, 0
176100, 17618, 1, 0, 0
176200, 16004, 1, 0, 0
176300, 16061, 1, 0, 0
176400, 20018, 1, 0, 0
176500, 17117, 1, 0, 0
176600, 14239, 1, 0, 0
176700, 17433, 1, 0, 0
176800, 14459, 1, 0, 0
176900, 13775, 1, 0, 0
177000, 12970, 1, 0, 0
177100, 16682, 1, 0, 0
177200, 16901, 1, 0, 0
177300, 17661, 1, 0, 0
177402, 15160, 1, 0, 0
177500, 13852, 1, 0, 0
177600, 14381, 1, 0, 0
177700, 16131, 1, 0, 0
177800, 17853, 1, 0, 0
177901, 15453, 1, 0, 0
178000, 16647, 1, 0, 0
178100, 13608, 1, 0, 0
178200, 17175, 1, 0, 0
178300, 14938, 1, 0, 0
178400, 13291, 1, 0, 0
178500, 17367, 1, 0, 0
178600, 14378, 1, 0, 0
178700, 14189, 1, 0, 0
178800, 13279, 1, 0, 0
178901, 14400, 1, 0, 0
179000, 16244, 1, 0, 0
179100, 14215, 1, 0, 0
179200, 14025, 1, 0, 0
179300, 16560, 1, 0, 0
179401, 17890, 1, 0, 0
179500, 17016, 1, 0, 0
179600, 15016, 1, 0, 0
179700, 18108, 1, 0, 0
179800, 13734, 1, 0, 0
179900, 18318, 1, 0, 0
180001, 17186, 1, 0, 0
180100, 16119, 1, 0, 0
180200, 16046, 1, 0, 0
180300, 15401, 1, 0, 0
180400, 16640, 1, 0, 0
180500, 16524, 1, 0, 0
180600, 15978, 1, 0, 0
180700, 13629, 1, 0, 0
180800, 19291, 1, 0, 0
180900, 15841, 1, 0, 0
181000, 15380, 1, 0, 0
181100, 18424, 1, 0, 0
181200, 16864, 1, 0, 0
181300, 14684, 1, 0, 0
181400, 14701, 1, 0, 0
181500, 14910, 1, 0, 0
181600, 21574, 1, 0, 0
181700, 15072, 1, 0, 0
181800, 15460, 1, 0, 0
181900, 15838, 1, 0, 0
182000, 19797, 1, 0, 0
182100, 18009, 1, 0, 0
182200, 13198, 1, 0, 0
182301, 14285, 1, 0, 0
182400, 14981, 1, 0, 0
182500, 16070, 1, 0, 0
182600, 15022, 1, 0, 0
182700, 17457, 1, 0, 0
182800, 18200, 1, 0, 0
182900, 17745, 1, 0, 0
183000, 15534, 1, 0, 0
183100, 14264, 1, 0, 0
183200, 17078, 1, 0, 0
183300, 14515, 1, 0, 0
183400, 15290, 1, 0, 0
183501, 13842, 1, 0, 0
183600, 13101, 1, 0, 0
183702, 17459, 1, 0, 0
183800, 16585, 1, 0, 0
183900, 14929, 1, 0, 0
184000, 14578, 1, 0, 0
184100, 14112, 1, 0, 0
184200, 17171, 1, 0, 0
184300, 14340, 1, 0, 0
184400, 13864, 1, 0, 0
184501, 17762, 1, 0, 0
184600, 17907, 1, 0, 0
184700, 14016, 1, 0, 0
184800, 14454, 1, 0, 0
184900, 16490, 1, 0, 0
185000, 17582, 1, 0, 0
185100, 19026, 1, 0, 0
185200, 17281, 1, 0, 0
185300, 17044, 1, 0, 0
185400, 14925, 1, 0, 0
185500, 16404, 1, 0, 0
185602, 16279, 1, 0, 0
185700, 13750, 1, 0, 0
185800, 14888, 1, 0, 0
185901, 13348, 1, 0, 0
186000, 14732, 1, 0, 0
186101, 16583, 1, 0, 0
186200, 14768, 1, 0, 0
186300, 16335, 1, 0, 0
186400, 15973, 1, 0, 0
186500, 14350, 1, 0, 0
186600, 13552, 1, 0, 0
186700, 18217, 1, 0, 0
186800, 16133, 1, 0, 0
186900, 16154, 1, 0, 0
187000, 14624, 1, 0, 0
187100, 14281, 1, 0, 0
187200, 15394, 1, 0, 0
187300, 14846, 1, 0, 0
187400, 15621, 1, 0, 0
187500, 14944, 1, 0, 0
187600, 18354, 1, 0, 0
187700, 13669, 1, 0, 0
187800, 13812, 1, 0, 0
187900, 18280, 1, 0, 0
188000, 15225, 1, 0, 0
188100, 14464, 1, 0, 0
188200, 18255, 1, 0, 0
188300, 14941, 1, 0, 0
188400, 16160, 1, 0, 0
188500, 17217, 1, 0, 0
188600, 17010, 1, 0, 0
188700, 16500, 1, 0, 0
188801, 14609, 1, 0, 0
188901, 17827, 1, 0, 0
189000, 14825, 1, 0, 0
189100, 12984, 1, 0, 0
189200, 16213, 1, 0, 0
189300, 15630, 1, 0, 0
189400, 18970, 1, 0, 0
189500, 15739, 1, 0, 0
189600, 16318, 1, 0, 0
189700, 14064, 1, 0, 0
189800, 19095, 1, 0, 0
189900, 15277, 1, 0, 0
190000, 15212, 1, 0, 0
190100, 16071, 1, 0, 0
190200, 18130, 1, 0, 0
190300, 15171, 1, 0, 0
190400, 13870, 1, 0, 0
190500, 14382, 1, 0, 0
190600, 17230, 1, 0, 0
190700, 13731, 1, 0, 0
190800, 14799, 1, 0, 0
190900, 16140, 1, 0, 0
191000, 13662, 1, 0, 0
191100, 13489, 1, 0, 0
191200, 17201, 1, 0, 0
191300, 18524, 1, 0, 0
191400, 16328, 1, 0, 0
191500, 14849, 1, 0, 0
191601, 16323, 1, 0, 0
191700, 16384, 1, 0, 0
191801, 16081, 1, 0, 0
191900, 16822, 1, 0, 0
192000, 16693, 1, 0, 0
192100, 20442, 1, 0, 0
192200, 17710, 1, 0, 0
192300, 15963, 1, 0, 0
192400, 14970, 1, 0, 0
192500, 15498, 1, 0, 0
192600, 17578, 1, 0, 0
192700, 16497, 1, 0, 0
192800, 14503, 1, 0, 0
192900, 16298, 1, 0, 0
193000, 12907, 1, 0, 0
193100, 14843, 1, 0, 0
193200, 18030, 1, 0, 0
193300, 14219, 1, 0, 0
193400, 18019, 1, 0, 0
193500, 18770, 1, 0, 0
193600, 17584, 1, 0, 0
193700, 16656, 1, 0, 0
193800, 17227, 1, 0, 0
193900, 13533, 1, 0, 0
194000, 16433, 1, 0, 0
194100, 13259, 1, 0, 0
194201, 18462, 1, 0, 0
194300, 13240, 1, 0, 0
194400, 13757, 1, 0, 0
194500, 16844, 1, 0, 0
194600, 15896, 1, 0, 0
194700, 18297, 1, 0, 0
194800, 15545, 1, 0, 0
194900, 17107, 1, 0, 0
195000, 19108, 1, 0, 0
195100, 15338, 1, 0, 0
195200, 17788, 1, 0, 0
195300, 16152, 1, 0, 0
195400, 14401, 1, 0, 0
195500, 15069, 1, 0, 0
195600, 15496, 1, 0, 0
195700, 14918, 1, 0, 0
195800, 13808, 1, 0, 0
195900, 14334, 1, 0, 0
196000, 16781, 1, 0, 0
196101, 16237, 1, 0, 0
196200, 15034, 1, 0, 0
196300, 16349, 1, 0, 0
196400, 13984, 1, 0, 0
196500, 15025, 1, 0, 0
196600, 14583, 1, 0, 0
196700, 14949, 1, 0, 0
196800, 19597, 1, 0, 0
196900, 15419, 1, 0, 0
197000, 13895, 1, 0, 0
197101, 15460, 1, 0, 0
197200, 15321, 1, 0, 0
197300, 14088, 1, 0, 0
197400, 14956, 1, 0, 0
197500, 14428, 1, 0, 0
197601, 14281, 1, 0, 0
197700, 14619, 1, 0, 0
197800, 13344, 1, 0, 0
197900, 14710, 1, 0, 0
198000, 15259, 1, 0, 0
198100, 13859, 1, 0, 0
198200, 15433, 1, 0, 0
198300, 15094, 1, 0, 0
198400, 13989, 1, 0, 0
198500, 15833, 1, 0, 0
198600, 17099, 1, 0, 0
198700, 14137, 1, 0, 0
198801, 12919, 1, 0, 0
198900, 15537, 1, 0, 0
199000, 14583, 1, 0, 0
199100, 16038, 1, 0, 0
199200, 15732, 1, 0, 0
199300, 18409, 1, 0, 0
199400, 14796, 1, 0, 0
199500, 18744, 1, 0, 0
199600, 13706, 1, 0, 0
199700, 13466, 1, 0, 0
199800, 15605, 1, 0, 0
199900, 15446, 1, 0, 0
200000, 16578, 1, 0, 0
200100, 15445, 1, 0, 0
200200, 16662, 1, 0, 0
200300, 15851, 1, 0, 0
200400, 15595, 1, 0, 0
200500, 16100, 1, 0, 0
200600, 13730, 1, 0, 0
200700, 15861, 1, 0, 0
200800, 19120, 1, 0, 0
200900, 14377, 1, 0, 0
201000, 17240, 1, 0, 0
201100, 15298, 1, 0, 0
201201, 13336, 1, 0, 0
201300, 16114, 1, 0, 0
201400, 13906, 1, 0, 0
201500, 12997, 1, 0, 0
201600, 16218, 1, 0, 0
201700, 15827, 1, 0, 0
201800, 17270, 1, 0, 0
201900, 14847, 1, 0, 0
202000, 16634, 1, 0, 0
202100, 14115, 1, 0, 0
202200, 15361, 1, 0, 0
202301, 18740, 1, 0, 0
202401, 16502, 1, 0, 0
202500, 15194, 1, 0, 0
202600, 13251, 1, 0, 0
202700, 15358, 1, 0, 0
202800, 13777, 1, 0, 0
202900, 12865, 1, 0, 0
203000, 13201, 1, 0, 0
203100, 14274, 1, 0, 0
203200, 13930, 1, 0, 0
203300, 19440, 1, 0, 0
203400, 18742, 1, 0, 0
203500, 16771, 1, 0, 0
203600, 15682, 1, 0, 0
203700, 14939, 1, 0, 0
203800, 17556, 1, 0, 0
203900, 14065, 1, 0, 0
204000, 17594, 1, 0, 0
204100, 17006, 1, 0, 0
204200, 13676, 1, 0, 0
204300, 13987, 1, 0, 0
204400, 18841, 1, 0, 0
204500, 14385, 1, 0, 0
204600, 13982, 1, 0, 0
204700, 14205, 1, 0, 0
204800, 17337, 1, 0, 0
204900, 15785, 1, 0, 0
205000, 15030, 1, 0, 0
205100, 15632, 1, 0, 0
205200, 13548, 1, 0, 0
205300, 15142, 1, 0, 0
205400, 14123, 1, 0, 0
205500, 16420, 1, 0, 0
205600, 13412, 1, 0, 0
205701, 13088, 1, 0, 0
205800, 17487, 1, 0, 0
205900, 13414, 1, 0, 0
206000, 12942, 1, 0, 0
206100, 14628, 1, 0, 0
206200, 13382, 1, 0, 0
206300, 18392, 1, 0, 0
206401, 13607, 1, 0, 0
206500, 16535, 1, 0, 0
206600, 17025, 1, 0, 0
206700, 19664, 1, 0, 0
206800, 19479, 1, 0, 0
206900, 16506, 1, 0, 0
207001, 14266, 1, 0, 0
207100, 18688, 1, 0, 0
207200, 15949, 1, 0, 0
207300, 14117, 1, 0, 0
207400, 16508, 1, 0, 0
207500, 16799, 1, 0, 0
207600, 13507, 1, 0, 0
207700, 15649, 1, 0, 0
207800, 16046, 1, 0, 0
207900, 14689, 1, 0, 0
208000, 14830, 1, 0, 0
208100, 14135, 1, 0, 0
208200, 13369, 1, 0, 0
208300, 16395, 1, 0, 0
208400, 17951, 1, 0, 0
208500, 16682, 1, 0, 0
208600, 13656, 1, 0, 0
208700, 17949, 1, 0, 0
208800, 16006, 1, 0, 0
208900, 20172, 1, 0, 0
209000, 16445, 1, 0, 0
209100, 14138, 1, 0, 0
209200, 17148, 1, 0, 0
209300, 14893, 1, 0, 0
209400, 14748, 1, 0, 0
209500, 13352, 1, 0, 0
209600, 16615, 1, 0, 0
209700, 16399, 1, 0, 0
209800, 13835, 1, 0, 0
209900, 14543, 1, 0, 0
210000, 13076, 1, 0, 0
210101, 17665, 1, 0, 0
210200, 14229, 1, 0, 0
210300, 16951, 1, 0, 0
210400, 17587, 1, 0, 0
210500, 15910, 1, 0, 0
210600, 18337, 1, 0, 0
210700, 15092, 1, 0, 0
210800, 14620, 1, 0, 0
210900, 13762, 1, 0, 0
211000, 16126, 1, 0, 0
211100, 14086, 1, 0, 0
211200, 13879, 1, 0, 0
211300, 14522, 1, 0, 0
211400, 14536, 1, 0, 0
211500, 16035, 1, 0, 0
211600, 15585, 1, 0, 0
211700, 18356, 1, 0, 0
211800, 15150, 1, 0, 0
211900, 16081, 1, 0, 0
212000, 18047, 1, 0, 0
212100, 13689, 1, 0, 0
212200, 15522, 1, 0, 0
212300, 14481, 1, 0, 0
212400, 16521, 1, 0, 0
212500, 16333, 1, 0, 0
212600, 15444, 1, 0, 0
212700, 16749, 1, 0, 0
212800, 17338, 1, 0, 0
212900, 13331, 1, 0, 0
213000, 18802, 1, 0, 0
213100, 15975, 1, 0, 0
213200, 15221, 1, 0, 0
213300, 15089, 1, 0, 0
213400, 15290, 1, 0, 0
213500, 15882, 1, 0, 0
213600, 18304, 1, 0, 0
213700, 18570, 1, 0, 0
213800, 15039, 1, 0, 0
213900, 16282, 1, 0, 0
214000, 14998, 1, 0, 0
214100, 20293, 1, 0, 0
214200, 15454, 1, 0, 0
214300, 15155, 1, 0, 0
214400, 13639, 1, 0, 0
214500, 12739, 1, 0, 0
214600, 14200, 1, 0, 0
214700, 15975, 1, 0, 0
214800, 15964, 1, 0, 0
214900, 13660, 1, 0, 0
215000, 19249, 1, 0, 0
215100, 14233, 1, 0, 0
215200, 17518, 1, 0, 0
215300, 14209, 1, 0, 0
215400, 13292, 1, 0, 0
215500, 19278, 1, 0, 0
215600, 17252, 1, 0, 0
215700, 13335, 1, 0, 0
215800, 14109, 1, 0, 0
215900, 15556, 1, 0, 0
216000, 14452, 1, 0, 0
216100, 16774, 1, 0, 0
216200, 15966, 1, 0, 0
216300, 16875, 1, 0, 0
216400, 14928, 1, 0, 0
216500, 16854, 1, 0, 0
216600, 15208, 1, 0, 0
216700, 14750, 1, 0, 0
216801, 13541, 1, 0, 0
216900, 13232, 1, 0, 0
217000, 13728, 1, 0, 0
217100, 14915, 1, 0, 0
217200, 16639, 1, 0, 0
217300, 15197, 1, 0, 0
217400, 16144, 1, 0, 0
217500, 17525, 1, 0, 0
217600, 16050, 1, 0, 0
217700, 14951, 1, 0, 0
217800, 16357, 1, 0, 0
217900, 19771, 1, 0, 0
218000, 15794, 1, 0, 0
218100, 14841, 1, 0, 0
218200, 14693, 1, 0, 0
218300, 15868, 1, 0, 0
218400, 16730, 1, 0, 0
218500, 17345, 1, 0, 0
218600, 14921, 1, 0, 0
218700, 20028, 1, 0, 0
218800, 21342, 1, 0, 0
218900, 13181, 1, 0, 0
219000, 15375, 1, 0, 0
219100, 16045, 1, 0, 0
219200, 13589, 1, 0, 0
219300, 14104, 1, 0, 0
219400, 17101, 1, 0, 0
219500, 14438, 1, 0, 0
219600, 15783, 1, 0, 0
219700, 16537, 1, 0, 0
219800, 12991, 1, 0, 0
219900, 13786, 1, 0, 0
220000, 12633, 1, 0, 0
220100, 14353, 1, 0, 0
220200, 17669, 1, 0, 0
220300, 14763, 1, 0, 0
220400, 16671, 1, 0, 0
220501, 19547, 1, 0, 0
220600, 14603, 1, 0, 0
220700, 16493, 1, 0, 0
220800, 14370, 1, 0, 0
220900, 14369, 1, 0, 0
221000, 14598, 1, 0, 0
221100, 15968, 1, 0, 0
221200, 14366, 1, 0, 0
221300, 13505, 1, 0, 0
221400, 13226, 1, 0, 0
221500, 16200, 1, 0, 0
221600, 14284, 1, 0, 0
221700, 15737, 1, 0, 0
221800, 14175, 1, 0, 0
221900, 16450, 1, 0, 0
222000, 18148, 1, 0, 0
222100, 16692, 1, 0, 0
222200, 12978, 1, 0, 0
222300, 15057, 1, 0, 0
222400, 16380, 1, 0, 0
222500, 15271, 1, 0, 0
222600, 16119, 1, 0, 0
222700, 16974, 1, 0, 0
222800, 15526, 1, 0, 0
222900, 15799, 1, 0, 0
223000, 13562, 1, 0, 0
223100, 13447, 1, 0, 0
223200, 14501, 1, 0, 0
223300, 14518, 1, 0, 0
223400, 15270, 1, 0, 0
223500, 20084, 1, 0, 0
223600, 18020, 1, 0, 0
223700, 17197, 1, 0, 0
223800, 14626, 1, 0, 0
223900, 16023, 1, 0, 0
224000, 15605, 1, 0, 0
224100, 17208, 1, 0, 0
224200, 15540, 1, 0, 0
224300, 13964, 1, 0, 0
224400, 15992, 1, 0, 0
224500, 18853, 1, 0, 0
224600, 16233, 1, 0, 0
224700, 13934, 1, 0, 0
224800, 17259, 1, 0, 0
224900, 17958, 1, 0, 0
225000, 14823, 1, 0, 0
225100, 15684, 1, 0, 0
225200, 15467, 1, 0, 0
225301, 17887, 1, 0, 0
225400, 21149, 1, 0, 0
225501, 14022, 1, 0, 0
225600, 16570, 1, 0, 0
225700, 12749, 1, 0, 0
225800, 14908, 1, 0, 0
225900, 15826, 1, 0, 0
226000, 14884, 1, 0, 0
226100, 14534, 1, 0, 0
226200, 17611, 1, 0, 0
226300, 13301, 1, 0, 0
226400, 15180, 1, 0, 0
226502, 15954, 1, 0, 0
226600, 12859, 1, 0, 0
226700, 17148, 1, 0, 0
226800, 17253, 1, 0, 0
226900, 14321, 1, 0, 0
227000, 15942, 1, 0, 0
227100, 20117, 1, 0, 0
227200, 16374, 1, 0, 0
227300, 16439, 1, 0, 0
227401, 15868, 1, 0, 0
227500, 15255, 1, 0, 0
227600, 14310, 1, 0, 0
227700, 14978, 1, 0, 0
227801, 16082, 1, 0, 0
227901, 13573, 1, 0, 0
228000, 16353, 1, 0, 0
228100, 15352, 1, 0, 0
228200, 14486, 1, 0, 0
228300, 17764, 1, 0, 0
228400, 13998, 1, 0, 0
228500, 17233, 1, 0, 0
228600, 13683, 1, 0, 0
228700, 19169, 1, 0, 0
228800, 15553, 1, 0, 0
228900, 14018, 1, 0, 0
229000, 16163, 1, 0, 0
229100, 17093, 1, 0, 0
229200, 16221, 1, 0, 0
229300, 15346, 1, 0, 0
229400, 13187, 1, 0, 0
229500, 13707, 1, 0, 0
229600, 14630, 1, 0, 0
229700, 17870, 1, 0, 0
229800, 15273, 1, 0, 0
229900, 15637, 1, 0, 0
230000, 15709, 1, 0, 0
230100, 15214, 1, 0, 0
230200, 16925, 1, 0, 0
230301, 16139, 1, 0, 0
230400, 15428, 1, 0, 0
230500, 18203, 1, 0, 0
230600, 15483, 1, 0, 0
230700, 15749, 1, 0, 0
230800, 13610, 1, 0, 0
230900, 14215, 1, 0, 0
231000, 14489, 1, 0, 0
231100, 15378, 1, 0, 0
231200, 16643, 1, 0, 0
231300, 18801, 1, 0, 0
231400, 15603, 1, 0, 0
231500, 20981, 1, 0, 0
231600, 16501, 1, 0, 0
231700, 12906, 1, 0, 0
231800, 18404, 1, 0, 0
231900, 12595, 1, 0, 0
232000, 12997, 1, 0, 0
232100, 18554, 1, 0, 0
232200, 14892, 1, 0, 0
232301, 19846, 1, 0, 0
232400, 15215, 1, 0, 0
232500, 15413, 1, 0, 0
232600, 15553, 1, 0, 0
232700, 13454, 1, 0, 0
232800, 13184, 1, 0, 0
232900, 14926, 1, 0, 0
233000, 17946, 1, 0, 0
233100, 18603, 1, 0, 0
233200, 14921, 1, 0, 0
233300, 18125, 1, 0, 0
233400, 14613, 1, 0, 0
233500, 15623, 1, 0, 0
233600, 13972, 1, 0, 0
233700, 17215, 1, 0, 0
233800, 17150, 1, 0, 0
233900, 18545, 1, 0, 0
234000, 14521, 1, 0, 0
234101, 13757, 1, 0, 0
234200, 13737, 1, 0, 0
234300, 14179, 1, 0, 0
234400, 14221, 1, 0, 0
234500, 13245, 1, 0, 0
234600, 14103, 1, 0, 0
234700, 18718, 1, 0, 0
234801, 19282, 1, 0, 0
234900, 13404, 1, 0, 0
235000, 15330, 1, 0, 0
235100, 18718, 1, 0, 0
235200, 16516, 1, 0, 0
235300, 13124, 1, 0, 0
235400, 18653, 1, 0, 0
235500, 17703, 1, 0, 0
235600, 18563, 1, 0, 0
235700, 17998, 1, 0, 0
235800, 18879, 1, 0, 0
235901, 14859, 1, 0, 0
236000, 15839, 1, 0, 0
236100, 14296, 1, 0, 0
236200, 13971, 1, 0, 0
236300, 14862, 1, 0, 0
236400, 18947, 1, 0, 0
236500, 21458, 1, 0, 0
236600, 21221, 1, 0, 0
236700, 15755, 1, 0, 0
236800, 15249, 1, 0, 0
236900, 15933, 1, 0, 0
237000, 15340, 1, 0, 0
237100, 14738, 1, 0, 0
237201, 13050, 1, 0, 0
237300, 17478, 1, 0, 0
237400, 13136, 1, 0, 0
237500, 13767, 1, 0, 0
237601, 13726, 1, 0, 0
237700, 13399, 1, 0, 0
237800, 15804, 1, 0, 0
237900, 16491, 1, 0, 0
238000, 14926, 1, 0, 0
238100, 14454, 1, 0, 0
238200, 19742, 1, 0, 0
238300, 15005, 1, 0, 0
238400, 17420, 1, 0, 0
238500, 15143, 1, 0, 0
238600, 15417, 1, 0, 0
238700, 13490, 1, 0, 0
238800, 15100, 1, 0, 0
238900, 15880, 1, 0, 0
239000, 19622, 1, 0, 0
239100, 16461, 1, 0, 0
239200, 14946, 1, 0, 0
239300, 13768, 1, 0, 0
239400, 13919, 1, 0, 0
239501, 14227, 1, 0, 0
239600, 13868, 1, 0, 0
239700, 14119, 1, 0, 0
239800, 14644, 1, 0, 0
239900, 14385, 1, 0, 0
240000, 13881, 1, 0, 0
240101, 15001, 1, 0, 0
240200, 18494, 1, 0, 0
240300, 15589, 1, 0, 0
240400, 13461, 1, 0, 0
240500, 15172, 1, 0, 0
240600, 17951, 1, 0, 0
240700, 14549, 1, 0, 0
240800, 13581, 1, 0, 0
240900, 13060, 1, 0, 0
241000, 12098, 1, 0, 0
241100, 15197, 1, 0, 0
241200, 18827, 1, 0, 0
241300, 16754, 1, 0, 0
241400, 14715, 1, 0, 0
241500, 15888, 1, 0, 0
241601, 18360, 1, 0, 0
241700, 14199, 1, 0, 0
241800, 17241, 1, 0, 0
241900, 12603, 1, 0, 0
242000, 14202, 1, 0, 0
242100, 15565, 1, 0, 0
242201, 15282, 1, 0, 0
242301, 13495, 1, 0, 0
242400, 14755, 1, 0, 0
242500, 14001, 1, 0, 0
242600, 13910, 1, 0, 0
242700, 15761, 1, 0, 0
242800, 13990, 1, 0, 0
242900, 17782, 1, 0, 0
243000, 16316, 1, 0, 0
243100, 13739, 1, 0, 0
243200, 13900, 1, 0, 0
243300, 14168, 1, 0, 0
243400, 17150, 1, 0, 0
243500, 18142, 1, 0, 0
243600, 15191, 1, 0, 0
243700, 12613, 1, 0, 0
243800, 14414, 1, 0, 0
243900, 12670, 1, 0, 0
244000, 13036, 1, 0, 0
244100, 15018, 1, 0, 0
244200, 13484, 1, 0, 0
244300, 15656, 1, 0, 0
244400, 16688, 1, 0, 0
244500, 16730, 1, 0, 0
244600, 15551, 1, 0, 0
244700, 16558, 1, 0, 0
244800, 14475, 1, 0, 0
244900, 14373, 1, 0, 0
245000, 17206, 1, 0, 0
245100, 13930, 1, 0, 0
245200, 14140, 1, 0, 0
245300, 15813, 1, 0, 0
245400, 19630, 1, 0, 0
245500, 13702, 1, 0, 0
245600, 17147, 1, 0, 0
245700, 13914, 1, 0, 0
245800, 15445, 1, 0, 0
245900, 12665, 1, 0, 0
246000, 14436, 1, 0, 0
246100, 16497, 1, 0, 0
246200, 18090, 1, 0, 0
246300, 18454, 1, 0, 0
246400, 15246, 1, 0, 0
246500, 17026, 1, 0, 0
246600, 15413, 1, 0, 0
246701, 15161, 1, 0, 0
246801, 15297, 1, 0, 0
246900, 14831, 1, 0, 0
247000, 13364, 1, 0, 0
247100, 16941, 1, 0, 0
247200, 16530, 1, 0, 0
247300, 16307, 1, 0, 0
247400, 17878, 1, 0, 0
247500, 15053, 1, 0, 0
247600, 17428, 1, 0, 0
247700, 16445, 1, 0, 0
247800, 16395, 1, 0, 0
247900, 17623, 1, 0, 0
248000, 15455, 1, 0, 0
248100, 12192, 1, 0, 0
248200, 13468, 1, 0, 0
248300, 15251, 1, 0, 0
248400, 13704, 1, 0, 0
248500, 17942, 1, 0, 0
248600, 15366, 1, 0, 0
248700, 16997, 1, 0, 0
248800, 15490, 1, 0, 0
248900, 13230, 1, 0, 0
249000, 16538, 1, 0, 0
249100, 17488, 1, 0, 0
249200, 16363, 1, 0, 0
249300, 16514, 1, 0, 0
249400, 15831, 1, 0, 0
249500, 16282, 1, 0, 0
249600, 15321, 1, 0, 0
249700, 15307, 1, 0, 0
249800, 14279, 1, 0, 0
249900, 15961, 1, 0, 0
250000, 17891, 1, 0, 0
250101, 15702, 1, 0, 0
250200, 17219, 1, 0, 0
250300, 16904, 1, 0, 0
250400, 15846, 1, 0, 0
250500, 15051, 1, 0, 0
250600, 14375, 1, 0, 0
250700, 14501, 1, 0, 0
250801, 14995, 1, 0, 0
250900, 16303, 1, 0, 0
251001, 14761, 1, 0, 0
251100, 17092, 1, 0, 0
251200, 15277, 1, 0, 0
251300, 16193, 1, 0, 0
251400, 18251, 1, 0, 0
251500, 14690, 1, 0, 0
251600, 20037, 1, 0, 0
251701, 18215, 1, 0, 0
251800, 16373, 1, 0, 0
251901, 16396, 1, 0, 0
252000, 13570, 1, 0, 0
252100, 14384, 1, 0, 0
252200, 17344, 1, 0, 0
252300, 19990, 1, 0, 0
252400, 13362, 1, 0, 0
252500, 15039, 1, 0, 0
252600, 12916, 1, 0, 0
252700, 13766, 1, 0, 0
252800, 13259, 1, 0, 0
252900, 15756, 1, 0, 0
253000, 17339, 1, 0, 0
253100, 15112, 1, 0, 0
253200, 16362, 1, 0, 0
253300, 16018, 1, 0, 0
253400, 14959, 1, 0, 0
253500, 14634, 1, 0, 0
253600, 17715, 1, 0, 0
253701, 16451, 1, 0, 0
253800, 14191, 1, 0, 0
253900, 14941, 1, 0, 0
254000, 17827, 1, 0, 0
254100, 15730, 1, 0, 0
254200, 16181, 1, 0, 0
254300, 16267, 1, 0, 0
254400, 16207, 1, 0, 0
254500, 16941, 1, 0, 0
254601, 14429, 1, 0, 0
254700, 15090, 1, 0, 0
254800, 14962, 1, 0, 0
254900, 14655, 1, 0, 0
255000, 18386, 1, 0, 0
255100, 14181, 1, 0, 0
255200, 16373, 1, 0, 0
255301, 13733, 1, 0, 0
255400, 17981, 1, 0, 0
255500, 14483, 1, 0, 0
255601, 17956, 1, 0, 0
255700, 14958, 1, 0, 0
255801, 15819, 1, 0, 0
255900, 16247, 1, 0, 0
256000, 19943, 1, 0, 0
256100, 15162, 1, 0, 0
256200, 14954, 1, 0, 0
256302, 13521, 1, 0, 0
256400, 13261, 1, 0, 0
256500, 13273, 1, 0, 0
256600, 15642, 1, 0, 0
256700, 17529, 1, 0, 0
256800, 15333, 1, 0, 0
256900, 17648, 1, 0, 0
257000, 14385, 1, 0, 0
257100, 20217, 1, 0, 0
257200, 12963, 1, 0, 0
257300, 14554, 1, 0, 0
257401, 14911, 1, 0, 0
257500, 13880, 1, 0, 0
257601, 17186, 1, 0, 0
257700, 16121, 1, 0, 0
257800, 16681, 1, 0, 0
257900, 17077, 1, 0, 0
258000, 16513, 1, 0, 0
258100, 13295, 1, 0, 0
258200, 17043, 1, 0, 0
258300, 18708, 1, 0, 0
258400, 12750, 1, 0, 0
258501, 13158, 1, 0, 0
258601, 13636, 1, 0, 0
258701, 18199, 1, 0, 0
258800, 16526, 1, 0, 0
258900, 13642, 1, 0, 0
259000, 14180, 1, 0, 0
259100, 15740, 1, 0, 0
259200, 15133, 1, 0, 0
259300, 17219, 1, 0, 0
259400, 16834, 1, 0, 0
259500, 14465, 1, 0, 0
259600, 17619, 1, 0, 0
259700, 16080, 1, 0, 0
259801, 14419, 1, 0, 0
259900, 13822, 1, 0, 0
260000, 14724, 1, 0, 0
260100, 15348, 1, 0, 0
260200, 16875, 1, 0, 0
260300, 18008, 1, 0, 0
260400, 13836, 1, 0, 0
260500, 16936, 1, 0, 0
260600, 16495, 1, 0, 0
260700, 14302, 1, 0, 0
260800, 13591, 1, 0, 0
260900, 17456, 1, 0, 0
261000, 18885, 1, 0, 0
261100, 15119, 1, 0, 0
261200, 15348, 1, 0, 0
261300, 17511, 1, 0, 0
261400, 19800, 1, 0, 0
261501, 17665, 1, 0, 0
261600, 19558, 1, 0, 0
261700, 15441, 1, 0, 0
261800, 16615, 1, 0, 0
261901, 14086, 1, 0, 0
262000, 15069, 1, 0, 0
262100, 16646, 1, 0, 0
262200, 19973, 1, 0, 0
262300, 15685, 1, 0, 0
262400, 15106, 1, 0, 0
262500, 16817, 1, 0, 0
262600, 13683, 1, 0, 0
262701, 16929, 1, 0, 0
262800, 15317, 1, 0, 0
262900, 15323, 1, 0, 0
263000, 19140, 1, 0, 0
263100, 16036, 1, 0, 0
263200, 16491, 1, 0, 0
263300, 20802, 1, 0, 0
263400, 15707, 1, 0, 0
263500, 17945, 1, 0, 0
263600, 16528, 1, 0, 0
263700, 18486, 1, 0, 0
263801, 18198, 1, 0, 0
263900, 16677, 1, 0, 0
264000, 13479, 1, 0, 0
264100, 12579, 1, 0, 0
264200, 12963, 1, 0, 0
264300, 18630, 1, 0, 0
264400, 16210, 1, 0, 0
264500, 15505, 1, 0, 0
264600, 17288, 1, 0, 0
264701, 16996, 1, 0, 0
264800, 16524, 1, 0, 0
264900, 15379, 1, 0, 0
265000, 13266, 1, 0, 0
265100, 18535, 1, 0, 0
265200, 14368, 1, 0, 0
265300, 19875, 1, 0, 0
265400, 14586, 1, 0, 0
265501, 16692, 1, 0, 0
265600, 14855, 1, 0, 0
265700, 18347, 1, 0, 0
265800, 16918, 1, 0, 0
265900, 13834, 1, 0, 0
266000, 15021, 1, 0, 0
266100, 15779, 1, 0, 0
266200, 16608, 1, 0, 0
266300, 19532, 1, 0, 0
266401, 16329, 1, 0, 0
266500, 16723, 1, 0, 0
266600, 18672, 1, 0, 0
266700, 14548, 1, 0, 0
266800, 15521, 1, 0, 0
266900, 15453, 1, 0, 0
267000, 18467, 1, 0, 0
267100, 17144, 1, 0, 0
267200, 14451, 1, 0, 0
267300, 15316, 1, 0, 0
267400, 17301, 1, 0, 0
267500, 15388, 1, 0, 0
267600, 14062, 1, 0, 0
267700, 20237, 1, 0, 0
267800, 15618, 1, 0, 0
267900, 18393, 1, 0, 0
268001, 19229, 1, 0, 0
268101, 17878, 1, 0, 0
268200, 15939, 1, 0, 0
268300, 16092, 1, 0, 0
268400, 16424, 1, 0, 0
268500, 14362, 1, 0, 0
268600, 14670, 1, 0, 0
268700, 15363, 1, 0, 0
268800, 15217, 1, 0, 0
268900, 16081, 1, 0, 0
269000, 17753, 1, 0, 0
269100, 13189, 1, 0, 0
269200, 17040, 1, 0, 0
269300, 17136, 1, 0, 0
269400, 20417, 1, 0, 0
269500, 14399, 1, 0, 0
269600, 13869, 1, 0, 0
269700, 16844, 1, 0, 0
269800, 16947, 1, 0, 0
269901, 13658, 1, 0, 0
270000, 15526, 1, 0, 0
270101, 12384, 1, 0, 0
270200, 14578, 1, 0, 0
270300, 13949, 1, 0, 0
270400, 20470, 1, 0, 0
270500, 18135, 1, 0, 0
270601, 17147, 1, 0, 0
270701, 18263, 1, 0, 0
270801, 13708, 1, 0, 0
270900, 17687, 1, 0, 0
271000, 16404, 1, 0, 0
271100, 14842, 1, 0, 0
271201, 13414, 1, 0, 0
271300, 16851, 1, 0, 0
271400, 15902, 1, 0, 0
271500, 18943, 1, 0, 0
271600, 15112, 1, 0, 0
271700, 16518, 1, 0, 0
271800, 16656, 1, 0, 0
271900, 14705, 1, 0, 0
272000, 13848, 1, 0, 0
272100, 14317, 1, 0, 0
272200, 16146, 1, 0, 0
272300, 14474, 1, 0, 0
272400, 14217, 1, 0, 0
272500, 15324, 1, 0, 0
272600, 17605, 1, 0, 0
272701, 17381, 1, 0, 0
272800, 16620, 1, 0, 0
272900, 17854, 1, 0, 0
273000, 14242, 1, 0, 0
273100, 15759, 1, 0, 0
273200, 13316, 1, 0, 0
273300, 13405, 1, 0, 0
273400, 18502, 1, 0, 0
273500, 13130, 1, 0, 0
273600, 17189, 1, 0, 0
273700, 13851, 1, 0, 0
273800, 16825, 1, 0, 0
273900, 16079, 1, 0, 0
274000, 18755, 1, 0, 0
274100, 16458, 1, 0, 0
274200, 14066, 1, 0, 0
274300, 14578, 1, 0, 0
274400, 13870, 1, 0, 0
274500, 18082, 1, 0, 0
274600, 15137, 1, 0, 0
274700, 17437, 1, 0, 0
274800, 15491, 1, 0, 0
274900, 16521, 1, 0, 0
275000, 16860, 1, 0, 0
275100, 16358, 1, 0, 0
275200, 13973, 1, 0, 0
275300, 15722, 1, 0, 0
275400, 13981, 1, 0, 0
275500, 15527, 1, 0, 0
275600, 12873, 1, 0, 0
275700, 15216, 1, 0, 0
275800, 13307, 1, 0, 0
275900, 13753, 1, 0, 0
276000, 13053, 1, 0, 0
276100, 16668, 1, 0, 0
276200, 14329, 1, 0, 0
276300, 16213, 1, 0, 0
276400, 17884, 1, 0, 0
276500, 16188, 1, 0, 0
276600, 16168, 1, 0, 0
276700, 15211, 1, 0, 0
276800, 14259, 1, 0, 0
276900, 15883, 1, 0, 0
277000, 15845, 1, 0, 0
277100, 14300, 1, 0, 0
277200, 16039, 1, 0, 0
277300, 15015, 1, 0, 0
277400, 18979, 1, 0, 0
277500, 14295, 1, 0, 0
277600, 15054, 1, 0, 0
277700, 17066, 1, 0, 0
277800, 14991, 1, 0, 0
277900, 18852, 1, 0, 0
278000, 18506, 1, 0, 0
278100, 16908, 1, 0, 0
278200, 15046, 1, 0, 0
278300, 15518, 1, 0, 0
278401, 14498, 1, 0, 0
278500, 18514, 1, 0, 0
278601, 14855, 1, 0, 0
278700, 15267, 1, 0, 0
278800, 17237, 1, 0, 0
278900, 13099, 1, 0, 0
279000, 15978, 1, 0, 0
279100, 18145, 1, 0, 0
279200, 13992, 1, 0, 0
279300, 18472, 1, 0, 0
279400, 17312, 1, 0, 0
279500, 13485, 1, 0, 0
279600, 16324, 1, 0, 0
279700, 16806, 1, 0, 0
279800, 15633, 1, 0, 0
279900, 14288, 1, 0, 0
280000, 13970, 1, 0, 0
280100, 15127, 1, 0, 0
280200, 16325, 1, 0, 0
280300, 14979, 1, 0, 0
280400, 17365, 1, 0, 0
280500, 16521, 1, 0, 0
280600, 14844, 1, 0, 0
280700, 12892, 1, 0, 0
280800, 16526, 1, 0, 0
280900, 18176, 1, 0, 0
281000, 18290, 1, 0, 0
281100, 18766, 1, 0, 0
281200, 19203, 1, 0, 0
281300, 12532, 1, 0, 0
281400, 13326, 1, 0, 0
281500, 17488, 1, 0, 0
281600, 14212, 1, 0, 0
281700, 18779, 1, 0, 0
281800, 15127, 1, 0, 0
281900, 13674, 1, 0, 0
282000, 13295, 1, 0, 0
282100, 13062, 1, 0, 0
282200, 18585, 1, 0, 0
282300, 13051, 1, 0, 0
282400, 15792, 1, 0, 0
282500, 16406, 1, 0, 0
282600, 13996, 1, 0, 0
282700, 14394, 1, 0, 0
282800, 15996, 1, 0, 0
282900, 19911, 1, 0, 0
283000, 13156, 1, 0, 0
283100, 16049, 1, 0, 0
283200, 15058, 1, 0, 0
283300, 16637, 1, 0, 0
283400, 17215, 1, 0, 0
283500, 14162, 1, 0, 0
283600, 19686, 1, 0, 0
283700, 15692, 1, 0, 0
283800, 13638, 1, 0, 0
283900, 18055, 1, 0, 0
284000, 17318, 1, 0, 0
284100, 17787, 1, 0, 0
284200, 18963, 1, 0, 0
284301, 19143, 1, 0, 0
284400, 14857, 1, 0, 0
284500, 13516, 1, 0, 0
284600, 17583, 1, 0, 0
284700, 14009, 1, 0, 0
284801, 17393, 1, 0, 0
284900, 18547, 1, 0, 0
285000, 16568, 1, 0, 0
285100, 16115, 1, 0, 0
285200, 14639, 1, 0, 0
285300, 13054, 1, 0, 0
285400, 16947, 1, 0, 0
285500, 15474, 1, 0, 0
285600, 20337, 1, 0, 0
285700, 13862, 1, 0, 0
285800, 18039, 1, 0, 0
285900, 16017, 1, 0, 0
286000, 14506, 1, 0, 0
286100, 13701, 1, 0, 0
286200, 17184, 1, 0, 0
286300, 15255, 1, 0, 0
286400, 15397, 1, 0, 0
286500, 14052, 1, 0, 0
286600, 17787, 1, 0, 0
286700, 17401, 1, 0, 0
286800, 15246, 1, 0, 0
286900, 13895, 1, 0, 0
287000, 14468, 1, 0, 0
287100, 21323, 1, 0, 0
287200, 16259, 1, 0, 0
287300, 19430, 1, 0, 0
287400, 16986, 1, 0, 0
287500, 16355, 1, 0, 0
287600, 13835, 1, 0, 0
287700, 13354, 1, 0, 0
287800, 16571, 1, 0, 0
287900, 18709, 1, 0, 0
288000, 13567, 1, 0, 0
288100, 14621, 1, 0, 0
288201, 15968, 1, 0, 0
288300, 13068, 1, 0, 0
288400, 16040, 1, 0, 0
288500, 17059, 1, 0, 0
288600, 14569, 1, 0, 0
288700, 13863, 1, 0, 0
288800, 13023, 1, 0, 0
288900, 20790, 1, 0, 0
289000, 15610, 1, 0, 0
289100, 15958, 1, 0, 0
289200, 18409, 1, 0, 0
289300, 18804, 1, 0, 0
289400, 15579, 1, 0, 0
289500, 15656, 1, 0, 0
289600, 14513, 1, 0, 0
289700, 15487, 1, 0, 0
289800, 15695, 1, 0, 0
289900, 17329, 1, 0, 0
290000, 16499, 1, 0, 0
290100, 15585, 1, 0, 0
290200, 15393, 1, 0, 0
290300, 15073, 1, 0, 0
290400, 15723, 1, 0, 0
290500, 13710, 1, 0, 0
290600, 15139, 1, 0, 0
290700, 19202, 1, 0, 0
290800, 13738, 1, 0, 0
290900, 14840, 1, 0, 0
291000, 14925, 1, 0, 0
291100, 14755, 1, 0, 0
291200, 18353, 1, 0, 0
291300, 15140, 1, 0, 0
291400, 16262, 1, 0, 0
291500, 12910, 1, 0, 0
291600, 14697, 1, 0, 0
291700, 13306, 1, 0, 0
291800, 15141, 1, 0, 0
291900, 14832, 1, 0, 0
292000, 13533, 1, 0, 0
292101, 16554, 1, 0, 0
292200, 13250, 1, 0, 0
292300, 13861, 1, 0, 0
292400, 14926, 1, 0, 0
292500, 20761, 1, 0, 0
292600, 18040, 1, 0, 0
292700, 14587, 1, 0, 0
292800, 18212, 1, 0, 0
292901, 16994, 1, 0, 0
293001, 17407, 1, 0, 0
293100, 15418, 1, 0, 0
293200, 15681, 1, 0, 0
293300, 14407, 1, 0, 0
293400, 17337, 1, 0, 0
293500, 14920, 1, 0, 0
293600, 15178, 1, 0, 0
293700, 16139, 1, 0, 0
293800, 18355, 1, 0, 0
293900, 16199, 1, 0, 0
294000, 14886, 1, 0, 0
294100, 18479, 1, 0, 0
294201, 16193, 1, 0, 0
294300, 13378, 1, 0, 0
294401, 14208, 1, 0, 0
294500, 16183, 1, 0, 0
294600, 14860, 1, 0, 0
294700, 16313, 1, 0, 0
294800, 14197, 1, 0, 0
294900, 16707, 1, 0, 0
295000, 16479, 1, 0, 0
295100, 14650, 1, 0, 0
295200, 16529, 1, 0, 0
295300, 14253, 1, 0, 0
295400, 13530, 1, 0, 0
295501, 17798, 1, 0, 0
295600, 14715, 1, 0, 0
295700, 18137, 1, 0, 0
295800, 15075, 1, 0, 0
295900, 13769, 1, 0, 0
296000, 16039, 1, 0, 0
296100, 14394, 1, 0, 0
296200, 16514, 1, 0, 0
296300, 17740, 1, 0, 0
296400, 15719, 1, 0, 0
296500, 14616, 1, 0, 0
296601, 15300, 1, 0, 0
296700, 17602, 1, 0, 0
296800, 16357, 1, 0, 0
296901, 15518, 1, 0, 0
297000, 15491, 1, 0, 0
297100, 16317, 1, 0, 0
297200, 13908, 1, 0, 0
297300, 17913, 1, 0, 0
297400, 15242, 1, 0, 0
297500, 13558, 1, 0, 0
297600, 17428, 1, 0, 0
297701, 14101, 1, 0, 0
297800, 16888, 1, 0, 0
297900, 15318, 1, 0, 0
298000, 15770, 1, 0, 0
298100, 14343, 1, 0, 0
298200, 13900, 1, 0, 0
298301, 13774, 1, 0, 0
298400, 19802, 1, 0, 0
298500, 15955, 1, 0, 0
298600, 18056, 1, 0, 0
298700, 15747, 1, 0, 0
298800, 12614, 1, 0, 0
298900, 14034, 1, 0, 0
299000, 15096, 1, 0, 0
299101, 13404, 1, 0, 0
299200, 14020, 1, 0, 0
299300, 13937, 1, 0, 0
299400, 14948, 1, 0, 0
299501, 16236, 1, 0, 0
299600, 17870, 1, 0, 0
299700, 13002, 1, 0, 0
299800, 15718, 1, 0, 0
299900, 17510, 1, 0, 0
300002, 15774, 1, 0, 0
300100, 15967, 1, 0, 0
300200, 14587, 1, 0, 0
300300, 14792, 1, 0, 0
300400, 20870, 1, 0, 0
300500, 13903, 1, 0, 0
300600, 14898, 1, 0, 0
300700, 18318, 1, 0, 0
300800, 13413, 1, 0, 0
300900, 14291, 1, 0, 0
301002, 13305, 1, 0, 0
301100, 15749, 1, 0, 0
301200, 16192, 1, 0, 0
301300, 15904, 1, 0, 0
301400, 12417, 1, 0, 0
301500, 13801, 1, 0, 0
301600, 17671, 1, 0, 0
301700, 14899, 1, 0, 0
301800, 13694, 1, 0, 0
301900, 13054, 1, 0, 0
302000, 16266, 1, 0, 0
302100, 18375, 1, 0, 0
302200, 16502, 1, 0, 0
302300, 13996, 1, 0, 0
302400, 16148, 1, 0, 0
302500, 14739, 1, 0, 0
302600, 15942, 1, 0, 0
302700, 13144, 1, 0, 0
302800, 15808, 1, 0, 0
302900, 16018, 1, 0, 0
303000, 17284, 1, 0, 0
303100, 15267, 1, 0, 0
303201, 18253, 1, 0, 0
303300, 14609, 1, 0, 0
303400, 13557, 1, 0, 0
303500, 17632, 1, 0, 0
303600, 14707, 1, 0, 0
303700, 14791, 1, 0, 0
303800, 13994, 1, 0, 0
303900, 14956, 1, 0, 0
304000, 14813, 1, 0, 0
304101, 14510, 1, 0, 0
304200, 15587, 1, 0, 0
304300, 20590, 1, 0, 0
304400, 14825, 1, 0, 0
304500, 18508, 1, 0, 0
304600, 14427, 1, 0, 0
304700, 17372, 1, 0, 0
304800, 14742, 1, 0, 0
304900, 16582, 1, 0, 0
305000, 19418, 1, 0, 0
305101, 19519, 1, 0, 0
305200, 13319, 1, 0, 0
305300, 15524, 1, 0, 0
305400, 17167, 1, 0, 0
305500, 17957, 1, 0, 0
305600, 15615, 1, 0, 0
305700, 17894, 1, 0, 0
305800, 15602, 1, 0, 0
305900, 17384, 1, 0, 0
306000, 15543, 1, 0, 0
306100, 17401, 1, 0, 0
306200, 13998, 1, 0, 0
306300, 17404, 1, 0, 0
306400, 17511, 1, 0, 0
306500, 13626, 1, 0, 0
306600, 14071, 1, 0, 0
306700, 20462, 1, 0, 0
306800, 16593, 1, 0, 0
306900, 14636, 1, 0, 0
307000, 15579, 1, 0, 0
307100, 15215, 1, 0, 0
307200, 16817, 1, 0, 0
307301, 17761, 1, 0, 0
307401, 16022, 1, 0, 0
307500, 20209, 1, 0, 0
307600, 17499, 1, 0, 0
307700, 16946, 1, 0, 0
307800, 18447, 1, 0, 0
307900, 15724, 1, 0, 0
308000, 15445, 1, 0, 0
308100, 15280, 1, 0, 0
308200, 19261, 1, 0, 0
308300, 15759, 1, 0, 0
308400, 14687, 1, 0, 0
308500, 13225, 1, 0, 0
308600, 13677, 1, 0, 0
308700, 13741, 1, 0, 0
308800, 17051, 1, 0, 0
308900, 13795, 1, 0, 0
309000, 13091, 1, 0, 0
309101, 14080, 1, 0, 0
309200, 14080, 1, 0, 0
309300, 12953, 1, 0, 0
309400, 15925, 1, 0, 0
309501, 18530, 1, 0, 0
309600, 15476, 1, 0, 0
309701, 19147, 1, 0, 0
309800, 15989, 1, 0, 0
309900, 14649, 1, 0, 0
310000, 18735, 1, 0, 0
310101, 16357, 1, 0, 0
310200, 14101, 1, 0, 0
310300, 13272, 1, 0, 0
310400, 14465, 1, 0, 0
310500, 13623, 1, 0, 0
310600, 14414, 1, 0, 0
310701, 15200, 1, 0, 0
310800, 18868, 1, 0, 0
310900, 17294, 1, 0, 0
311000, 13953, 1, 0, 0
311100, 17344, 1, 0, 0
311201, 16595, 1, 0, 0
311300, 15727, 1, 0, 0
311400, 15924, 1, 0, 0
311500, 14728, 1, 0, 0
311600, 16079, 1, 0, 0
311700, 17029, 1, 0, 0
311800, 13753, 1, 0, 0
311900, 14966, 1, 0, 0
312000, 13145, 1, 0, 0
312100, 13525, 1, 0, 0
312200, 14843, 1, 0, 0
312300, 13581, 1, 0, 0
312400, 15719, 1, 0, 0
312500, 14816, 1, 0, 0
312601, 16798, 1, 0, 0
312700, 16597, 1, 0, 0
312800, 17958, 1, 0, 0
312900, 15789, 1, 0, 0
313000, 17144, 1, 0, 0
313102, 13444, 1, 0, 0
313200, 14131, 1, 0, 0
313300, 17211, 1, 0, 0
313400, 16795, 1, 0, 0
313500, 15022, 1, 0, 0
313600, 15903, 1, 0, 0
313701, 17264, 1, 0, 0
313800, 18612, 1, 0, 0
313900, 15524, 1, 0, 0
314000, 13632, 1, 0, 0
314100, 14238, 1, 0, 0
314200, 13085, 1, 0, 0
314300, 14869, 1, 0, 0
314400, 18301, 1, 0, 0
314500, 16778, 1, 0, 0
314600, 14839, 1, 0, 0
314700, 15771, 1, 0, 0
314800, 15627, 1, 0, 0
314900, 16569, 1, 0, 0
315000, 14066, 1, 0, 0
315100, 12771, 1, 0, 0
315200, 16702, 1, 0, 0
315300, 17696, 1, 0, 0
315400, 16068, 1, 0, 0
315500, 15028, 1, 0, 0
315600, 15268, 1, 0, 0
315700, 19770, 1, 0, 0
315800, 14798, 1, 0, 0
315901, 16724, 1, 0, 0
316000, 14154, 1, 0, 0
316100, 14081, 1, 0, 0
316201, 15685, 1, 0, 0
316300, 16546, 1, 0, 0
316400, 14539, 1, 0, 0
316500, 17231, 1, 0, 0
316600, 17655, 1, 0, 0
316701, 19840, 1, 0, 0
316800, 16270, 1, 0, 0
316900, 14071, 1, 0, 0
317000, 17489, 1, 0, 0
317100, 16328, 1, 0, 0
317200, 14645, 1, 0, 0
317300, 19957, 1, 0, 0
317400, 18952, 1, 0, 0
317500, 15484, 1, 0, 0
317600, 19361, 1, 0, 0
317700, 20190, 1, 0, 0
317800, 15850, 1, 0, 0
317900, 14882, 1, 0, 0
318000, 13536, 1, 0, 0
318100, 13356, 1, 0, 0
318200, 18634, 1, 0, 0
318300, 17462, 1, 0, 0
318400, 14480, 1, 0, 0
318500, 14912, 1, 0, 0
318600, 16126, 1, 0, 0
318700, 15484, 1, 0, 0
318801, 18434, 1, 0, 0
318900, 16735, 1, 0, 0
319000, 14901, 1, 0, 0
319100, 13825, 1, 0, 0
319200, 14797, 1, 0, 0
319300, 14092, 1, 0, 0
319400, 14620, 1, 0, 0
319500, 13760, 1, 0, 0
319600, 16317, 1, 0, 0
319701, 20099, 1, 0, 0
319800, 15918, 1, 0, 0
319900, 17708, 1, 0, 0
320002, 13651, 1, 0, 0
320101, 19577, 1, 0, 0
320200, 18442, 1, 0, 0
320300, 16233, 1, 0, 0
320400, 13794, 1, 0, 0
320500, 13254, 1, 0, 0
320600, 13376, 1, 0, 0
320700, 14289, 1, 0, 0
320800, 12752, 1, 0, 0
320900, 16387, 1, 0, 0
321000, 17828, 1, 0, 0
321100, 16138, 1, 0, 0
321200, 17751, 1, 0, 0
321300, 13205, 1, 0, 0
321400, 17201, 1, 0, 0
321500, 13287, 1, 0, 0
321600, 17770, 1, 0, 0
321700, 17187, 1, 0, 0
321800, 14050, 1, 0, 0
321900, 15257, 1, 0, 0
322001, 17463, 1, 0, 0
322100, 13008, 1, 0, 0
322200, 13058, 1, 0, 0
322300, 14154, 1, 0, 0
322400, 15966, 1, 0, 0
322500, 17724, 1, 0, 0
322600, 17598, 1, 0, 0
322700, 15277, 1, 0, 0
322802, 13931, 1, 0, 0
322900, 14550, 1, 0, 0
323002, 13399, 1, 0, 0
323100, 14812, 1, 0, 0
323200, 16250, 1, 0, 0
323300, 17904, 1, 0, 0
323400, 16287, 1, 0, 0
323501, 14090, 1, 0, 0
323600, 16172, 1, 0, 0
323700, 15953, 1, 0, 0
323800, 14398, 1, 0, 0
323900, 15065, 1, 0, 0
324001, 13180, 1, 0, 0
324100, 16156, 1, 0, 0
324200, 15433, 1, 0, 0
324300, 17092, 1, 0, 0
324400, 14692, 1, 0, 0
324500, 17306, 1, 0, 0
324600, 14722, 1, 0, 0
324700, 17458, 1, 0, 0
324800, 17985, 1, 0, 0
324900, 17199, 1, 0, 0
325000, 14108, 1, 0, 0
325100, 14712, 1, 0, 0
325200, 18848, 1, 0, 0
325300, 14998, 1, 0, 0
325400, 15620, 1, 0, 0
325500, 14643, 1, 0, 0
325601, 17511, 1, 0, 0
325700, 14338, 1, 0, 0
325800, 17730, 1, 0, 0
325900, 12760, 1, 0, 0
326000, 14787, 1, 0, 0
326100, 14616, 1, 0, 0
326200, 14625, 1, 0, 0
326300, 13928, 1, 0, 0
326400, 13236, 1, 0, 0
326500, 15099, 1, 0, 0
326600, 18013, 1, 0, 0
326700, 17792, 1, 0, 0
326800, 14107, 1, 0, 0
326900, 14848, 1, 0, 0
327000, 14860, 1, 0, 0
327100, 16376, 1, 0, 0
327200, 15295, 1, 0, 0
327300, 14561, 1, 0, 0
327400, 15504, 1, 0, 0
327500, 16984, 1, 0, 0
327600, 14253, 1, 0, 0
327700, 14595, 1, 0, 0
327800, 13020, 1, 0, 0
327900, 16083, 1, 0, 0
328000, 15453, 1, 0, 0
328100, 15352, 1, 0, 0
328200, 15258, 1, 0, 0
328300, 13985, 1, 0, 0
328400, 13338, 1, 0, 0
328500, 13808, 1, 0, 0
328600, 15130, 1, 0, 0
328701, 13256, 1, 0, 0
328800, 15370, 1, 0, 0
328900, 14862, 1, 0, 0
329002, 13279, 1, 0, 0
329100, 16322, 1, 0, 0
329200, 17118, 1, 0, 0
329300, 14530, 1, 0, 0
329400, 16273, 1, 0, 0
329500, 16935, 1, 0, 0
329600, 16276, 1, 0, 0
329700, 15244, 1, 0, 0
329800, 15955, 1, 0, 0
329900, 15602, 1, 0, 0
330000, 14851, 1, 0, 0
330100, 17266, 1, 0, 0
330200, 14954, 1, 0, 0
330300, 14249, 1, 0, 0
330400, 17713, 1, 0, 0
330500, 15108, 1, 0, 0
330600, 16251, 1, 0, 0
330700, 15304, 1, 0, 0
330800, 13787, 1, 0, 0
330900, 13527, 1, 0, 0
331000, 16943, 1, 0, 0
331100, 15400, 1, 0, 0
331200, 15050, 1, 0, 0
331301, 13621, 1, 0, 0
331400, 15473, 1, 0, 0
331500, 14918, 1, 0, 0
331600, 12650, 1, 0, 0
331700, 13386, 1, 0, 0
331800, 15904, 1, 0, 0
331900, 17093, 1, 0, 0
332000, 14096, 1, 0, 0
332100, 13612, 1, 0, 0
332200, 17696, 1, 0, 0
332300, 15084, 1, 0, 0
332400, 14447, 1, 0, 0
332500, 15054, 1, 0, 0
332600, 14259, 1, 0, 0
332700, 12849, 1, 0, 0
332800, 14124, 1, 0, 0
332900, 16250, 1, 0, 0
333000, 15401, 1, 0, 0
333100, 13100, 1, 0, 0
333200, 13428, 1, 0, 0
333300, 15676, 1, 0, 0
333400, 14151, 1, 0, 0
333500, 13472, 1, 0, 0
333600, 15612, 1, 0, 0
333700, 14532, 1, 0, 0
333800, 18100, 1, 0, 0
333900, 17224, 1, 0, 0
334000, 17400, 1, 0, 0
334100, 18720, 1, 0, 0
334200, 17382, 1, 0, 0
334300, 15351, 1, 0, 0
334400, 15487, 1, 0, 0
334501, 16380, 1, 0, 0
334600, 13672, 1, 0, 0
334700, 13150, 1, 0, 0
334800, 16449, 1, 0, 0
334900, 16897, 1, 0, 0
335000, 14549, 1, 0, 0
335100, 13432, 1, 0, 0
335201, 13704, 1, 0, 0
335300, 14416, 1, 0, 0
335400, 14683, 1, 0, 0
335500, 13769, 1, 0, 0
335600, 16174, 1, 0, 0
335700, 17302, 1, 0, 0
335800, 15576, 1, 0, 0
335900, 14209, 1, 0, 0
336000, 13782, 1, 0, 0
336100, 13568, 1, 0, 0
336200, 14260, 1, 0, 0
336300, 12995, 1, 0, 0
336400, 12896, 1, 0, 0
336500, 20298, 1, 0, 0
336600, 14931, 1, 0, 0
336700, 13629, 1, 0, 0
336800, 13481, 1, 0, 0
336900, 14074, 1, 0, 0
337000, 13848, 1, 0, 0
337100, 13263, 1, 0, 0
337200, 18723, 1, 0, 0
337300, 15275, 1, 0, 0
337400, 14874, 1, 0, 0
337500, 16981, 1, 0, 0
337600, 15613, 1, 0, 0
337700, 15068, 1, 0, 0
337800, 15540, 1, 0, 0
337900, 15344, 1, 0, 0
338000, 13188, 1, 0, 0
338100, 12965, 1, 0, 0
338201, 14450, 1, 0, 0
338300, 14157, 1, 0, 0
338400, 14145, 1, 0, 0
338500, 12771, 1, 0, 0
338601, 17110, 1, 0, 0
338700, 14252, 1, 0, 0
338800, 17830, 1, 0, 0
338900, 17048, 1, 0, 0
339000, 15800, 1, 0, 0
339100, 14589, 1, 0, 0
339202, 15189, 1, 0, 0
339300, 12583, 1, 0, 0
339400, 18303, 1, 0, 0
339500, 17065, 1, 0, 0
339600, 15574, 1, 0, 0
339700, 15422, 1, 0, 0
339800, 18635, 1, 0, 0
339900, 14308, 1, 0, 0
340000, 18697, 1, 0, 0
340100, 13893, 1, 0, 0
340200, 16807, 1, 0, 0
340300, 14989, 1, 0, 0
340400, 13454, 1, 0, 0
340500, 17331, 1, 0, 0
340600, 17123, 1, 0, 0
340700, 15224, 1, 0, 0
340800, 19190, 1, 0, 0
340901, 16311, 1, 0, 0
341000, 14168, 1, 0, 0
341100, 17327, 1, 0, 0
341200, 15984, 1, 0, 0
341300, 13937, 1, 0, 0
341400, 16945, 1, 0, 0
341500, 14534, 1, 0, 0
341600, 17309, 1, 0, 0
341700, 17868, 1, 0, 0
341800, 18782, 1, 0, 0
341900, 13512, 1, 0, 0
342000, 15779, 1, 0, 0
342100, 15160, 1, 0, 0
342201, 13112, 1, 0, 0
342300, 15250, 1, 0, 0
342400, 13663, 1, 0, 0
342500, 14350, 1, 0, 0
342600, 17163, 1, 0, 0
342700, 17167, 1, 0, 0
342800, 14580, 1, 0, 0
342900, 13443, 1, 0, 0
343000, 13778, 1, 0, 0
343100, 13265, 1, 0, 0
343200, 14078, 1, 0, 0
343300, 14180, 1, 0, 0
343400, 17019, 1, 0, 0
343500, 15452, 1, 0, 0
343600, 14049, 1, 0, 0
343700, 14326, 1, 0, 0
343800, 15751, 1, 0, 0
343900, 15810, 1, 0, 0
344000, 17296, 1, 0, 0
344100, 18279, 1, 0, 0
344200, 17865, 1, 0, 0
344300, 18713, 1, 0, 0
344400, 14628, 1, 0, 0
344501, 15807, 1, 0, 0
344600, 16275, 1, 0, 0
344700, 13799, 1, 0, 0
344800, 16887, 1, 0, 0
344900, 17733, 1, 0, 0
345000, 16564, 1, 0, 0
345101, 17245, 1, 0, 0
345200, 17909, 1, 0, 0
345300, 19842, 1, 0, 0
345400, 18516, 1, 0, 0
345500, 17941, 1, 0, 0
345600, 18146, 1, 0, 0
345700, 13922, 1, 0, 0
345801, 13808, 1, 0, 0
345900, 16231, 1, 0, 0
346000, 15630, 1, 0, 0
346100, 17917, 1, 0, 0
346200, 15674, 1, 0, 0
346300, 18852, 1, 0, 0
346400, 20147, 1, 0, 0
346500, 17345, 1, 0, 0
346600, 16245, 1, 0, 0
346700, 14975, 1, 0, 0
346800, 13936, 1, 0, 0
346900, 13408, 1, 0, 0
347000, 17535, 1, 0, 0
347100, 15030, 1, 0, 0
347201, 14080, 1, 0, 0
347300, 13553, 1, 0, 0
347400, 13667, 1, 0, 0
347502, 13889, 1, 0, 0
347600, 14434, 1, 0, 0
347700, 13226, 1, 0, 0
347800, 13050, 1, 0, 0
347900, 16491, 1, 0, 0
348000, 14471, 1, 0, 0
348101, 15592, 1, 0, 0
348200, 17058, 1, 0, 0
348300, 14870, 1, 0, 0
348400, 17226, 1, 0, 0
348500, 18947, 1, 0, 0
348600, 17728, 1, 0, 0
348700, 14858, 1, 0, 0
348800, 14457, 1, 0, 0
348900, 15433, 1, 0, 0
349000, 14912, 1, 0, 0
349100, 17070, 1, 0, 0
349200, 16587, 1, 0, 0
349300, 19015, 1, 0, 0
349400, 16004, 1, 0, 0
349500, 15747, 1, 0, 0
349600, 14451, 1, 0, 0
349700, 16043, 1, 0, 0
349800, 17076, 1, 0, 0
349900, 16433, 1, 0, 0
350000, 16905, 1, 0, 0
350100, 19038, 1, 0, 0
350200, 15901, 1, 0, 0
350300, 17968, 1, 0, 0
350400, 15869, 1, 0, 0
350500, 13682, 1, 0, 0
350600, 15667, 1, 0, 0
350700, 18358, 1, 0, 0
350800, 15195, 1, 0, 0
350900, 17778, 1, 0, 0
351000, 14980, 1, 0, 0
351100, 18688, 1, 0, 0
351200, 17975, 1, 0, 0
351300, 14066, 1, 0, 0
351400, 20723, 1, 0, 0
351500, 15665, 1, 0, 0
351600, 15792, 1, 0, 0
351701, 14610, 1, 0, 0
351800, 14077, 1, 0, 0
351900, 16270, 1, 0, 0
352000, 14468, 1, 0, 0
352100, 18326, 1, 0, 0
352200, 14531, 1, 0, 0
352300, 12946, 1, 0, 0
352400, 15109, 1, 0, 0
352500, 19695, 1, 0, 0
352600, 13192, 1, 0, 0
352700, 13645, 1, 0, 0
352800, 13045, 1, 0, 0
352900, 16037, 1, 0, 0
353000, 16498, 1, 0, 0
353100, 20075, 1, 0, 0
353200, 15367, 1, 0, 0
353300, 15221, 1, 0, 0
353400, 14428, 1, 0, 0
353501, 12796, 1, 0, 0
353600, 15588, 1, 0, 0
353700, 12829, 1, 0, 0
353801, 14805, 1, 0, 0
353900, 14215, 1, 0, 0
354000, 15880, 1, 0, 0
354100, 14858, 1, 0, 0
354200, 11933, 1, 0, 0
354300, 14745, 1, 0, 0
354400, 13184, 1, 0, 0
354500, 16095, 1, 0, 0
354600, 14349, 1, 0, 0
354700, 14960, 1, 0, 0
354800, 19198, 1, 0, 0
354900, 18169, 1, 0, 0
355000, 14541, 1, 0, 0
355100, 16856, 1, 0, 0
355200, 15887, 1, 0, 0
355300, 17498, 1, 0, 0
355400, 14728, 1, 0, 0
355500, 18358, 1, 0, 0
355600, 17244, 1, 0, 0
355700, 16239, 1, 0, 0
355800, 15557, 1, 0, 0
355900, 15255, 1, 0, 0
356001, 14165, 1, 0, 0
356100, 16193, 1, 0, 0
356201, 13955, 1, 0, 0
356301, 13941, 1, 0, 0
356400, 19457, 1, 0, 0
356500, 15744, 1, 0, 0
356600, 15328, 1, 0, 0
356700, 13860, 1, 0, 0
356800, 14823, 1, 0, 0
356900, 18325, 1, 0, 0
357000, 16034, 1, 0, 0
357100, 14952, 1, 0, 0
357200, 14930, 1, 0, 0
357300, 14792, 1, 0, 0
357400, 19753, 1, 0, 0
357500, 15456, 1, 0, 0
357600, 17365, 1, 0, 0
357700, 13351, 1, 0, 0
357800, 15722, 1, 0, 0
357900, 14689, 1, 0, 0
358000, 14063, 1, 0, 0
358100, 19195, 1, 0, 0
358200, 16879, 1, 0, 0
358300, 16629, 1, 0, 0
358401, 15854, 1, 0, 0
358500, 16083, 1, 0, 0
358600, 17502, 1, 0, 0
358700, 14070, 1, 0, 0
358800, 14614, 1, 0, 0
358900, 16207, 1, 0, 0
359000, 17864, 1, 0, 0
359100, 13659, 1, 0, 0
359200, 18078, 1, 0, 0
359300, 13233, 1, 0, 0
359400, 15088, 1, 0, 0
359500, 17302, 1, 0, 0
359600, 14874, 1, 0, 0
359700, 14791, 1, 0, 0
359800, 15110, 1, 0, 0
359900, 15884, 1, 0, 0
360000, 17335, 1, 0, 0
360100, 14075, 1, 0, 0
360200, 18174, 1, 0, 0
360300, 14958, 1, 0, 0
360400, 16333, 1, 0, 0
360500, 13076, 1, 0, 0
360600, 17227, 1, 0, 0
360700, 17240, 1, 0, 0
360800, 16837, 1, 0, 0
360900, 18703, 1, 0, 0
361000, 16066, 1, 0, 0
361100, 16183, 1, 0, 0
361200, 13526, 1, 0, 0
361300, 14948, 1, 0, 0
361400, 15502, 1, 0, 0
361500, 13773, 1, 0, 0
361600, 14636, 1, 0, 0
361700, 13690, 1, 0, 0
361800, 15744, 1, 0, 0
361900, 16511, 1, 0, 0
362000, 13386, 1, 0, 0
362100, 15254, 1, 0, 0
362200, 17320, 1, 0, 0
362300, 15049, 1, 0, 0
362400, 14257, 1, 0, 0
362500, 16203, 1, 0, 0
362600, 17208, 1, 0, 0
362700, 16095, 1, 0, 0
362800, 18433, 1, 0, 0
362900, 16634, 1, 0, 0
363000, 18481, 1, 0, 0
363100, 17069, 1, 0, 0
363200, 13862, 1, 0, 0
363300, 15229, 1, 0, 0
363400, 15486, 1, 0, 0
363500, 15624, 1, 0, 0
363600, 13989, 1, 0, 0
363700, 14329, 1, 0, 0
363801, 13321, 1, 0, 0
363901, 15598, 1, 0, 0
364000, 13795, 1, 0, 0
364100, 16187, 1, 0, 0
364200, 13462, 1, 0, 0
364300, 13361, 1, 0, 0
364400, 14791, 1, 0, 0
364501, 15392, 1, 0, 0
364600, 17824, 1, 0, 0
364700, 13881, 1, 0, 0
364800, 15382, 1, 0, 0
364900, 15708, 1, 0, 0
365000, 13401, 1, 0, 0
365100, 18255, 1, 0, 0
365200, 17510, 1, 0, 0
365300, 16198, 1, 0, 0
365400, 15901, 1, 0, 0
365500, 15863, 1, 0, 0
365600, 16123, 1, 0, 0
365700, 16963, 1, 0, 0
365801, 13513, 1, 0, 0
365900, 18461, 1, 0, 0
366000, 13840, 1, 0, 0
366100, 15842, 1, 0, 0
366201, 17451, 1, 0, 0
366300, 17609, 1, 0, 0
366400, 18539, 1, 0, 0
366500, 17567, 1, 0, 0
366600, 13900, 1, 0, 0
366700, 12397, 1, 0, 0
366800, 13415, 1, 0, 0
366900, 15591, 1, 0, 0
367000, 16652, 1, 0, 0
367101, 14781, 1, 0, 0
367200, 16691, 1, 0, 0
367300, 13943, 1, 0, 0
367400, 17828, 1, 0, 0
367500, 12795, 1, 0, 0
367600, 13622, 1, 0, 0
367700, 16423, 1, 0, 0
367800, 13389, 1, 0, 0
367900, 15000, 1, 0, 0
368000, 16336, 1, 0, 0
368100, 15849, 1, 0, 0
368200, 19145, 1, 0, 0
368300, 16642, 1, 0, 0
368400, 13591, 1, 0, 0
368501, 19191, 1, 0, 0
368600, 16598, 1, 0, 0
368700, 18196, 1, 0, 0
368800, 17079, 1, 0, 0
368900, 14407, 1, 0, 0
369000, 13662, 1, 0, 0
369100, 15897, 1, 0, 0
369200, 13305, 1, 0, 0
369300, 17795, 1, 0, 0
369400, 15680, 1, 0, 0
369500, 18634, 1, 0, 0
369600, 16929, 1, 0, 0
369700, 19808, 1, 0, 0
369800, 13633, 1, 0, 0
369900, 13536, 1, 0, 0
370001, 16768, 1, 0, 0
370100, 15416, 1, 0, 0
370200, 12876, 1, 0, 0
370300, 15684, 1, 0, 0
370400, 14374, 1, 0, 0
370501, 14254, 1, 0, 0
370600, 15517, 1, 0, 0
370701, 13734, 1, 0, 0
370800, 14110, 1, 0, 0
370900, 17268, 1, 0, 0
371000, 13656, 1, 0, 0
371100, 18733, 1, 0, 0
371200, 17335, 1, 0, 0
371300, 13628, 1, 0, 0
371400, 19291, 1, 0, 0
371500, 18408, 1, 0, 0
371600, 14372, 1, 0, 0
371700, 14736, 1, 0, 0
371800, 13971, 1, 0, 0
371901, 16863, 1, 0, 0
372000, 16106, 1, 0, 0
372100, 16569, 1, 0, 0
372200, 15889, 1, 0, 0
372300, 15883, 1, 0, 0
372400, 19330, 1, 0, 0
372500, 17233, 1, 0, 0
372600, 15468, 1, 0, 0
372701, 15650, 1, 0, 0
372800, 15742, 1, 0, 0
372900, 22579, 1, 0, 0
373000, 13908, 1, 0, 0
373100, 13167, 1, 0, 0
373200, 14057, 1, 0, 0
373300, 15268, 1, 0, 0
373400, 16207, 1, 0, 0
373500, 13583, 1, 0, 0
373600, 16264, 1, 0, 0
373700, 14234, 1, 0, 0
373800, 14174, 1, 0, 0
373900, 14828, 1, 0, 0
374000, 15643, 1, 0, 0
374100, 16522, 1, 0, 0
374200, 13125, 1, 0, 0
374300, 15663, 1, 0, 0
374400, 16141, 1, 0, 0
374500, 13305, 1, 0, 0
374600, 15917, 1, 0, 0
374700, 14379, 1, 0, 0
374800, 16093, 1, 0, 0
374900, 17853, 1, 0, 0
375000, 16779, 1, 0, 0
375100, 16577, 1, 0, 0
375200, 14410, 1, 0, 0
375300, 16655, 1, 0, 0
375400, 13236, 1, 0, 0
375500, 15005, 1, 0, 0
375600, 14714, 1, 0, 0
375700, 18371, 1, 0, 0
375800, 16542, 1, 0, 0
375900, 15755, 1, 0, 0
376000, 20040, 1, 0, 0
376101, 17991, 1, 0, 0
376200, 14689, 1, 0, 0
376300, 16330, 1, 0, 0
376400, 13589, 1, 0, 0
376500, 16290, 1, 0, 0
376600, 13563, 1, 0, 0
376700, 18685, 1, 0, 0
376800, 14782, 1, 0, 0
376900, 20614, 1, 0, 0
377000, 19217, 1, 0, 0
377100, 17983, 1, 0, 0
377201, 13766, 1, 0, 0
377300, 16246, 1, 0, 0
377400, 14171, 1, 0, 0
377500, 13731, 1, 0, 0
377600, 16317, 1, 0, 0
377700, 15059, 1, 0, 0
377800, 15092, 1, 0, 0
377900, 15748, 1, 0, 0
378000, 16069, 1, 0, 0
378100, 16748, 1, 0, 0
378200, 16850, 1, 0, 0
378300, 13992, 1, 0, 0
378400, 16235, 1, 0, 0
378500, 18481, 1, 0, 0
378600, 18844, 1, 0, 0
378700, 19436, 1, 0, 0
378800, 14458, 1, 0, 0
378900, 15348, 1, 0, 0
379000, 13439, 1, 0, 0
379100, 19361, 1, 0, 0
379200, 13725, 1, 0, 0
379301, 15955, 1, 0, 0
379400, 17824, 1, 0, 0
379500, 16530, 1, 0, 0
379600, 18604, 1, 0, 0
379700, 13999, 1, 0, 0
379800, 15205, 1, 0, 0
379900, 15309, 1, 0, 0
380000, 13231, 1, 0, 0
380100, 13454, 1, 0, 0
380200, 14903, 1, 0, 0
380300, 15312, 1, 0, 0
380400, 15574, 1, 0, 0
380500, 14865, 1, 0, 0
380600, 15027, 1, 0, 0
380700, 16885, 1, 0, 0
380801, 20665, 1, 0, 0
380900, 18211, 1, 0, 0
381000, 16491, 1, 0, 0
381100, 13263, 1, 0, 0
381200, 13328, 1, 0, 0
381300, 17416, 1, 0, 0
381400, 16537, 1, 0, 0
381500, 13876, 1, 0, 0
381600, 14845, 1, 0, 0
381700, 17136, 1, 0, 0
381800, 14110, 1, 0, 0
381900, 13283, 1, 0, 0
382000, 13744, 1, 0, 0
382100, 18136, 1, 0, 0
382200, 12851, 1, 0, 0
382300, 16626, 1, 0, 0
382400, 16623, 1, 0, 0
382501, 16761, 1, 0, 0
382600, 14967, 1, 0, 0
382700, 13441, 1, 0, 0
382801, 16750, 1, 0, 0
382900, 14510, 1, 0, 0
383000, 17214, 1, 0, 0
383100, 15608, 1, 0, 0
383200, 15231, 1, 0, 0
383300, 17923, 1, 0, 0
383400, 18839, 1, 0, 0
383500, 13112, 1, 0, 0
383600, 13302, 1, 0, 0
383700, 16639, 1, 0, 0
383800, 15432, 1, 0, 0
383901, 13282, 1, 0, 0
384000, 19460, 1, 0, 0
384100, 13212, 1, 0, 0
384200, 16721, 1, 0, 0
384300, 18631, 1, 0, 0
384400, 13734, 1, 0, 0
384500, 15790, 1, 0, 0
384600, 15032, 1, 0, 0
384700, 14359, 1, 0, 0
384800, 16476, 1, 0, 0
384900, 13978, 1, 0, 0
385000, 12368, 1, 0, 0
385100, 13949, 1, 0, 0
385200, 14895, 1, 0, 0
385300, 19662, 1, 0, 0
385400, 16398, 1, 0, 0
385500, 16143, 1, 0, 0
385600, 17302, 1, 0, 0
385700, 14128, 1, 0, 0
385800, 13918, 1, 0, 0
385901, 17177, 1, 0, 0
386000, 17285, 1, 0, 0
386100, 15159, 1, 0, 0
386200, 16001, 1, 0, 0
386300, 15536, 1, 0, 0
386400, 14129, 1, 0, 0
386501, 15618, 1, 0, 0
386600, 16279, 1, 0, 0
386700, 15567, 1, 0, 0
386800, 16920, 1, 0, 0
386900, 18334, 1, 0, 0
387000, 15537, 1, 0, 0
387100, 15982, 1, 0, 0
387200, 13600, 1, 0, 0
387300, 19356, 1, 0, 0
387400, 13883, 1, 0, 0
387500, 13673, 1, 0, 0
387600, 15049, 1, 0, 0
387700, 13969, 1, 0, 0
387801, 17032, 1, 0, 0
387900, 13357, 1, 0, 0
388000, 19483, 1, 0, 0
388100, 15167, 1, 0, 0
388200, 15937, 1, 0, 0
388300, 18000, 1, 0, 0
388400, 15788, 1, 0, 0
388500, 14922, 1, 0, 0
388600, 15837, 1, 0, 0
388700, 13557, 1, 0, 0
388801, 13710, 1, 0, 0
388900, 15801, 1, 0, 0
389000, 14290, 1, 0, 0
389100, 17522, 1, 0, 0
389200, 14970, 1, 0, 0
389300, 12870, 1, 0, 0
389400, 13422, 1, 0, 0
389500, 12900, 1, 0, 0
389600, 16163, 1, 0, 0
389700, 15837, 1, 0, 0
389800, 13733, 1, 0, 0
389900, 14591, 1, 0, 0
390000, 15309, 1, 0, 0
390100, 16204, 1, 0, 0
390200, 13656, 1, 0, 0
390301, 15536, 1, 0, 0
390400, 13843, 1, 0, 0
390500, 15497, 1, 0, 0
390600, 14322, 1, 0, 0
390700, 14177, 1, 0, 0
390800, 13341, 1, 0, 0
390900, 14333, 1, 0, 0
391000, 14350, 1, 0, 0
391100, 17863, 1, 0, 0
391200, 16816, 1, 0, 0
391300, 13792, 1, 0, 0
391400, 17826, 1, 0, 0
391500, 16063, 1, 0, 0
391600, 16995, 1, 0, 0
391700, 13763, 1, 0, 0
391800, 17119, 1, 0, 0
391900, 12647, 1, 0, 0
392000, 15586, 1, 0, 0
392100, 16352, 1, 0, 0
392200, 13381, 1, 0, 0
392300, 17164, 1, 0, 0
392400, 15828, 1, 0, 0
392500, 14092, 1, 0, 0
392600, 13867, 1, 0, 0
392700, 14425, 1, 0, 0
392800, 13442, 1, 0, 0
392900, 15057, 1, 0, 0
393001, 17519, 1, 0, 0
393100, 18102, 1, 0, 0
393200, 16786, 1, 0, 0
393300, 16583, 1, 0, 0
393400, 16413, 1, 0, 0
393500, 14348, 1, 0, 0
393600, 13295, 1, 0, 0
393700, 15343, 1, 0, 0
393800, 14894, 1, 0, 0
393900, 16256, 1, 0, 0
394000, 14643, 1, 0, 0
394100, 16728, 1, 0, 0
394200, 14297, 1, 0, 0
394300, 15044, 1, 0, 0
394400, 18047, 1, 0, 0
394500, 19567, 1, 0, 0
394600, 16535, 1, 0, 0
394700, 18506, 1, 0, 0
394800, 14528, 1, 0, 0
394900, 15076, 1, 0, 0
395000, 14676, 1, 0, 0
395100, 14050, 1, 0, 0
395200, 19438, 1, 0, 0
395300, 16565, 1, 0, 0
395400, 14546, 1, 0, 0
395503, 14383, 1, 0, 0
395600, 17901, 1, 0, 0
395701, 14963, 1, 0, 0
395800, 14588, 1, 0, 0
395900, 13109, 1, 0, 0
396000, 15595, 1, 0, 0
396100, 15090, 1, 0, 0
396200, 17567, 1, 0, 0
396300, 17919, 1, 0, 0
396400, 16419, 1, 0, 0
396500, 15245, 1, 0, 0
396600, 17108, 1, 0, 0
396700, 17294, 1, 0, 0
396800, 16298, 1, 0, 0
396900, 15140, 1, 0, 0
397000, 16802, 1, 0, 0
397100, 18669, 1, 0, 0
397200, 19025, 1, 0, 0
397300, 17436, 1, 0, 0
397401, 15257, 1, 0, 0
397502, 18473, 1, 0, 0
397600, 14543, 1, 0, 0
397700, 19594, 1, 0, 0
397800, 14510, 1, 0, 0
397900, 13437, 1, 0, 0
398000, 13985, 1, 0, 0
398100, 15584, 1, 0, 0
398200, 17223, 1, 0, 0
398301, 13990, 1, 0, 0
398400, 18643, 1, 0, 0
398500, 16022, 1, 0, 0
398600, 15224, 1, 0, 0
398700, 13728, 1, 0, 0
398800, 14983, 1, 0, 0
398900, 14549, 1, 0, 0
399000, 15739, 1, 0, 0
399100, 18491, 1, 0, 0
399200, 16931, 1, 0, 0
399300, 15822, 1, 0, 0
399400, 17267, 1, 0, 0
399501, 15974, 1, 0, 0
399600, 14039, 1, 0, 0
399700, 18181, 1, 0, 0
399800, 13294, 1, 0, 0
399900, 15460, 1, 0, 0
400000, 18167, 1, 0, 0
400100, 17921, 1, 0, 0
400200, 14371, 1, 0, 0
400300, 15073, 1, 0, 0
400400, 15404, 1, 0, 0
400500, 14977, 1, 0, 0
400601, 19088, 1, 0, 0
400700, 18445, 1, 0, 0
400800, 16103, 1, 0, 0
400900, 14889, 1, 0, 0
401000, 16156, 1, 0, 0
401100, 15523, 1, 0, 0
401200, 18053, 1, 0, 0
401300, 15106, 1, 0, 0
401400, 16308, 1, 0, 0
401500, 14226, 1, 0, 0
401600, 13162, 1, 0, 0
401700, 17263, 1, 0, 0
401800, 14584, 1, 0, 0
401900, 15970, 1, 0, 0
402000, 13663, 1, 0, 0
402100, 17477, 1, 0, 0
402200, 15177, 1, 0, 0
402300, 17130, 1, 0, 0
402400, 14209, 1, 0, 0
402500, 13633, 1, 0, 0
402600, 16727, 1, 0, 0
402700, 16522, 1, 0, 0
402800, 17170, 1, 0, 0
402900, 15430, 1, 0, 0
403000, 13534, 1, 0, 0
403100, 13868, 1, 0, 0
403200, 18314, 1, 0, 0
403300, 13781, 1, 0, 0
403400, 16549, 1, 0, 0
403500, 15853, 1, 0, 0
403600, 17898, 1, 0, 0
403700, 15734, 1, 0, 0
403800, 14435, 1, 0, 0
403900, 15884, 1, 0, 0
404000, 14719, 1, 0, 0
404100, 13283, 1, 0, 0
404200, 17980, 1, 0, 0
404300, 15685, 1, 0, 0
404400, 13596, 1, 0, 0
404500, 15033, 1, 0, 0
404602, 14846, 1, 0, 0
404700, 15305, 1, 0, 0
404800, 19569, 1, 0, 0
404900, 14973, 1, 0, 0
405000, 13572, 1, 0, 0
405101, 13808, 1, 0, 0
405200, 15461, 1, 0, 0
405300, 16584, 1, 0, 0
405400, 14607, 1, 0, 0
405500, 14374, 1, 0, 0
405600, 17223, 1, 0, 0
405700, 16497, 1, 0, 0
405800, 16531, 1, 0, 0
405900, 14378, 1, 0, 0
406000, 13972, 1, 0, 0
406100, 17084, 1, 0, 0
406201, 18280, 1, 0, 0
406300, 19490, 1, 0, 0
406400, 17621, 1, 0, 0
406501, 15144, 1, 0, 0
406600, 17521, 1, 0, 0
406700, 14103, 1, 0, 0
406800, 13793, 1, 0, 0
406900, 15609, 1, 0, 0
407000, 16867, 1, 0, 0
407100, 14185, 1, 0, 0
407200, 15803, 1, 0, 0
407300, 16283, 1, 0, 0
407400, 14768, 1, 0, 0
407500, 16920, 1, 0, 0
407600, 15071, 1, 0, 0
407700, 17275, 1, 0, 0
407800, 15232, 1, 0, 0
407900, 14194, 1, 0, 0
408000, 13463, 1, 0, 0
408100, 13802, 1, 0, 0
408200, 21295, 1, 0, 0
408300, 13556, 1, 0, 0
408400, 19092, 1, 0, 0
408500, 16807, 1, 0, 0
408600, 17834, 1, 0, 0
408700, 19966, 1, 0, 0
408800, 16674, 1, 0, 0
408900, 16343, 1, 0, 0
409000, 18198, 1, 0, 0
409100, 19700, 1, 0, 0
409200, 15918, 1, 0, 0
409301, 15613, 1, 0, 0
409400, 16925, 1, 0, 0
409500, 14655, 1, 0, 0
409600, 18554, 1, 0, 0
409700, 17900, 1, 0, 0
409800, 19052, 1, 0, 0
409900, 13345, 1, 0, 0
410001, 15827, 1, 0, 0
410100, 16168, 1, 0, 0
410200, 15023, 1, 0, 0
410300, 13178, 1, 0, 0
410400, 16538, 1, 0, 0
410500, 13806, 1, 0, 0
410600, 15353, 1, 0, 0
410700, 16063, 1, 0, 0
410800, 13993, 1, 0, 0
410900, 14598, 1, 0, 0
411000, 16849, 1, 0, 0
411100, 18187, 1, 0, 0
411200, 20192, 1, 0, 0
411300, 16953, 1, 0, 0
411400, 14071, 1, 0, 0
411500, 15154, 1, 0, 0
411600, 14906, 1, 0, 0
411701, 13837, 1, 0, 0
411800, 13799, 1, 0, 0
411900, 13837, 1, 0, 0
412000, 14399, 1, 0, 0
412100, 20481, 1, 0, 0
412200, 14656, 1, 0, 0
412300, 16696, 1, 0, 0
412400, 15840, 1, 0, 0
412500, 16476, 1, 0, 0
412601, 18139, 1, 0, 0
412702, 15618, 1, 0, 0
412800, 18669, 1, 0, 0
412900, 15731, 1, 0, 0
413000, 13827, 1, 0, 0
413100, 17366, 1, 0, 0
413200, 17524, 1, 0, 0
413300, 15234, 1, 0, 0
413400, 15846, 1, 0, 0
413500, 15880, 1, 0, 0
413600, 17129, 1, 0, 0
413700, 16924, 1, 0, 0
413800, 15228, 1, 0, 0
413900, 13960, 1, 0, 0
414000, 16771, 1, 0, 0
414100, 15284, 1, 0, 0
414201, 20164, 1, 0, 0
414300, 14066, 1, 0, 0
414400, 14361, 1, 0, 0
414500, 18802, 1, 0, 0
414600, 18104, 1, 0, 0
414700, 18009, 1, 0, 0
414800, 17290, 1, 0, 0
414900, 12956, 1, 0, 0
415000, 15695, 1, 0, 0
415100, 13791, 1, 0, 0
415200, 14237, 1, 0, 0
415300, 20986, 1, 0, 0
415400, 14100, 1, 0, 0
415500, 13631, 1, 0, 0
415600, 13620, 1, 0, 0
415700, 12784, 1, 0, 0
415801, 13122, 1, 0, 0
415900, 12935, 1, 0, 0
416000, 18317, 1, 0, 0
416100, 13584, 1, 0, 0
416200, 15101, 1, 0, 0
416300, 14340, 1, 0, 0
416400, 15289, 1, 0, 0
416500, 15765, 1, 0, 0
416600, 19424, 1, 0, 0
416700, 15344, 1, 0, 0
416800, 13652, 1, 0, 0
416900, 18734, 1, 0, 0
417000, 14294, 1, 0, 0
417100, 15204, 1, 0, 0
417200, 18566, 1, 0, 0
417300, 15318, 1, 0, 0
417400, 19565, 1, 0, 0
417500, 17091, 1, 0, 0
417600, 13758, 1, 0, 0
417700, 12810, 1, 0, 0
417800, 17495, 1, 0, 0
417900, 18168, 1, 0, 0
418000, 15656, 1, 0, 0
418100, 16990, 1, 0, 0
418200, 20063, 1, 0, 0
418300, 15918, 1, 0, 0
418400, 13867, 1, 0, 0
418500, 14593, 1, 0, 0
418601, 14696, 1, 0, 0
418700, 16108, 1, 0, 0
418800, 17475, 1, 0, 0
418900, 15565, 1, 0, 0
419000, 15558, 1, 0, 0
419100, 15268, 1, 0, 0
419202, 15625, 1, 0, 0
419301, 18816, 1, 0, 0
419400, 16831, 1, 0, 0
419500, 15756, 1, 0, 0
419600, 13582, 1, 0, 0
419700, 14579, 1, 0, 0
419800, 13733, 1, 0, 0
419900, 19278, 1, 0, 0
420000, 17491, 1, 0, 0
420100, 15304, 1, 0, 0
420200, 15440, 1, 0, 0
420300, 16906, 1, 0, 0
420400, 15955, 1, 0, 0
420500, 13442, 1, 0, 0
420600, 13372, 1, 0, 0
420700, 16371, 1, 0, 0
420800, 13683, 1, 0, 0
420900, 13435, 1, 0, 0
421000, 14028, 1, 0, 0
421100, 15976, 1, 0, 0
421201, 16659, 1, 0, 0
421300, 14505, 1, 0, 0
421400, 15127, 1, 0, 0
421500, 13772, 1, 0, 0
421600, 14757, 1, 0, 0
421700, 16629, 1, 0, 0
421800, 16547, 1, 0, 0
421900, 18176, 1, 0, 0
422000, 14533, 1, 0, 0
422100, 16435, 1, 0, 0
422200, 16525, 1, 0, 0
422300, 16281, 1, 0, 0
422400, 20293, 1, 0, 0
422500, 15272, 1, 0, 0
422600, 16947, 1, 0, 0
422700, 14621, 1, 0, 0
422800, 14266, 1, 0, 0
422900, 13497, 1, 0, 0
423000, 13798, 1, 0, 0
423100, 14219, 1, 0, 0
423200, 18141, 1, 0, 0
423300, 15946, 1, 0, 0
423400, 14840, 1, 0, 0
423500, 16549, 1, 0, 0
423600, 14913, 1, 0, 0
423700, 14555, 1, 0, 0
423800, 13182, 1, 0, 0
423900, 15583, 1, 0, 0
424000, 13864, 1, 0, 0
424100, 13212, 1, 0, 0
424200, 14585, 1, 0, 0
424300, 15372, 1, 0, 0
424401, 13123, 1, 0, 0
424500, 18240, 1, 0, 0
424600, 16489, 1, 0, 0
424700, 18230, 1, 0, 0
424800, 15463, 1, 0, 0
424900, 16356, 1, 0, 0
425000, 13969, 1, 0, 0
425100, 15455, 1, 0, 0
425200, 18229, 1, 0, 0
425300, 17737, 1, 0, 0
425400, 15954, 1, 0, 0
425500, 15775, 1, 0, 0
425600, 15180, 1, 0, 0
425700, 16557, 1, 0, 0
425800, 14667, 1, 0, 0
425900, 16032, 1, 0, 0
426000, 17313, 1, 0, 0
426100, 16544, 1, 0, 0
426200, 18366, 1, 0, 0
426300, 13413, 1, 0, 0
426400, 17579, 1, 0, 0
426500, 19399, 1, 0, 0
426600, 15966, 1, 0, 0
426700, 16021, 1, 0, 0
426800, 15690, 1, 0, 0
426900, 14193, 1, 0, 0
427000, 14444, 1, 0, 0
427100, 14623, 1, 0, 0
427200, 20054, 1, 0, 0
427300, 15865, 1, 0, 0
427400, 14935, 1, 0, 0
427500, 17773, 1, 0, 0
427600, 16835, 1, 0, 0
427700, 18199, 1, 0, 0
427800, 13518, 1, 0, 0
427900, 15314, 1, 0, 0
428000, 15127, 1, 0, 0
428101, 15264, 1, 0, 0
428200, 15210, 1, 0, 0
428300, 12965, 1, 0, 0
428400, 13613, 1, 0, 0
428500, 16614, 1, 0, 0
428600, 15938, 1, 0, 0
428700, 19196, 1, 0, 0
428800, 16584, 1, 0, 0
428900, 13703, 1, 0, 0
429000, 17788, 1, 0, 0
429100, 14877, 1, 0, 0
429200, 16905, 1, 0, 0
429301, 13234, 1, 0, 0
429400, 18705, 1, 0, 0
429501, 17243, 1, 0, 0
429600, 18945, 1, 0, 0
429700, 14923, 1, 0, 0
429800, 13673, 1, 0, 0
429900, 14287, 1, 0, 0
430000, 14735, 1, 0, 0
430100, 17978, 1, 0, 0
430200, 15160, 1, 0, 0
430300, 14363, 1, 0, 0
430400, 15892, 1, 0, 0
430500, 15741, 1, 0, 0
430600, 14842, 1, 0, 0
430700, 14046, 1, 0, 0
430800, 14152, 1, 0, 0
430900, 15286, 1, 0, 0
431001, 15455, 1, 0, 0
431100, 15028, 1, 0, 0
431200, 18790, 1, 0, 0
431300, 20203, 1, 0, 0
431400, 15949, 1, 0, 0
431500, 15595, 1, 0, 0
431600, 14344, 1, 0, 0
431700, 15319, 1, 0, 0
431800, 17313, 1, 0, 0
431900, 14571, 1, 0, 0
432001, 16312, 1, 0, 0
432100, 16935, 1, 0, 0
432200, 12766, 1, 0, 0
432300, 19640, 1, 0, 0
432400, 16819, 1, 0, 0
432500, 17210, 1, 0, 0
432600, 16200, 1, 0, 0
432700, 13696, 1, 0, 0
432801, 13663, 1, 0, 0
432900, 17851, 1, 0, 0
433001, 15326, 1, 0, 0
433100, 13694, 1, 0, 0
433200, 14617, 1, 0, 0
433301, 17601, 1, 0, 0
433400, 15934, 1, 0, 0
433501, 14136, 1, 0, 0
433600, 14075, 1, 0, 0
433700, 17688, 1, 0, 0
433800, 18303, 1, 0, 0
433901, 14479, 1, 0, 0
434001, 16120, 1, 0, 0
434100, 14038, 1, 0, 0
434200, 13488, 1, 0, 0
434300, 14686, 1, 0, 0
434400, 14344, 1, 0, 0
434500, 16240, 1, 0, 0
434600, 15115, 1, 0, 0
434700, 17825, 1, 0, 0
434800, 19210, 1, 0, 0
434900, 14115, 1, 0, 0
435000, 14048, 1, 0, 0
435100, 18681, 1, 0, 0
435200, 18041, 1, 0, 0
435300, 16821, 1, 0, 0
435401, 15300, 1, 0, 0
435500, 21361, 1, 0, 0
435600, 18958, 1, 0, 0
435700, 14592, 1, 0, 0
435800, 17840, 1, 0, 0
435900, 15622, 1, 0, 0
436000, 14280, 1, 0, 0
436100, 13124, 1, 0, 0
436200, 13621, 1, 0, 0
436300, 13681, 1, 0, 0
436400, 14735, 1, 0, 0
436500, 15329, 1, 0, 0
436600, 14391, 1, 0, 0
436700, 17100, 1, 0, 0
436800, 13091, 1, 0, 0
436900, 17662, 1, 0, 0
437000, 16861, 1, 0, 0
437100, 15249, 1, 0, 0
437200, 16180, 1, 0, 0
437300, 16155, 1, 0, 0
437400, 18585, 1, 0, 0
437500, 15032, 1, 0, 0
437600, 15714, 1, 0, 0
437700, 14008, 1, 0, 0
437800, 18588, 1, 0, 0
437900, 15019, 1, 0, 0
438000, 17129, 1, 0, 0
438100, 14996, 1, 0, 0
438200, 16262, 1, 0, 0
438300, 14713, 1, 0, 0
438400, 17531, 1, 0, 0
438500, 19637, 1, 0, 0
438600, 16371, 1, 0, 0
438700, 14306, 1, 0, 0
438800, 14603, 1, 0, 0
438900, 15903, 1, 0, 0
439000, 14958, 1, 0, 0
439100, 17153, 1, 0, 0
439201, 14555, 1, 0, 0
439300, 16431, 1, 0, 0
439400, 13251, 1, 0, 0
439500, 12590, 1, 0, 0
439600, 13995, 1, 0, 0
439700, 15096, 1, 0, 0
439800, 18337, 1, 0, 0
439900, 13739, 1, 0, 0
440001, 16650, 1, 0, 0
440100, 14663, 1, 0, 0
440200, 15029, 1, 0, 0
440300, 13909, 1, 0, 0
440400, 15807, 1, 0, 0
440500, 18082, 1, 0, 0
440600, 16092, 1, 0, 0
440700, 16016, 1, 0, 0
440800, 15116, 1, 0, 0
440900, 14970, 1, 0, 0
441000, 13392, 1, 0, 0
441100, 18510, 1, 0, 0
441200, 13929, 1, 0, 0
441300, 13686, 1, 0, 0
441400, 17052, 1, 0, 0
441500, 18848, 1, 0, 0
441600, 15796, 1, 0, 0
441700, 13917, 1, 0, 0
441800, 13427, 1, 0, 0
441901, 13903, 1, 0, 0
442000, 13735, 1, 0, 0
442100, 13793, 1, 0, 0
442200, 18443, 1, 0, 0
442300, 14054, 1, 0, 0
442400, 14300, 1, 0, 0
442500, 17492, 1, 0, 0
442600, 16984, 1, 0, 0
442700, 15828, 1, 0, 0
442800, 16826, 1, 0, 0
442900, 16565, 1, 0, 0
443000, 15865, 1, 0, 0
443100, 15733, 1, 0, 0
443200, 16087, 1, 0, 0
443300, 15044, 1, 0, 0
443400, 15275, 1, 0, 0
443500, 13889, 1, 0, 0
443600, 15164, 1, 0, 0
443700, 15202, 1, 0, 0
443800, 13217, 1, 0, 0
443900, 16548, 1, 0, 0
444000, 16104, 1, 0, 0
444100, 14825, 1, 0, 0
444201, 15623, 1, 0, 0
444301, 13061, 1, 0, 0
444401, 16782, 1, 0, 0
444501, 18306, 1, 0, 0
444601, 13790, 1, 0, 0
444700, 15161, 1, 0, 0
444800, 13128, 1, 0, 0
444900, 13749, 1, 0, 0
445000, 13979, 1, 0, 0
445100, 15853, 1, 0, 0
445200, 17223, 1, 0, 0
445300, 15753, 1, 0, 0
445400, 17474, 1, 0, 0
445500, 14560, 1, 0, 0
445600, 14055, 1, 0, 0
445701, 16873, 1, 0, 0
445800, 15379, 1, 0, 0
445900, 13533, 1, 0, 0
446000, 14988, 1, 0, 0
446100, 19399, 1, 0, 0
446200, 17871, 1, 0, 0
446300, 17777, 1, 0, 0
446400, 15950, 1, 0, 0
446500, 16455, 1, 0, 0
446601, 13067, 1, 0, 0
446700, 16601, 1, 0, 0
446802, 17454, 1, 0, 0
446900, 15261, 1, 0, 0
447000, 13626, 1, 0, 0
447100, 16930, 1, 0, 0
447200, 16152, 1, 0, 0
447300, 13664, 1, 0, 0
447400, 19286, 1, 0, 0
447500, 18578, 1, 0, 0
447601, 16032, 1, 0, 0
447700, 13449, 1, 0, 0
447800, 17069, 1, 0, 0
447900, 18727, 1, 0, 0
448000, 14937, 1, 0, 0
448100, 14280, 1, 0, 0
448200, 14976, 1, 0, 0
448300, 16169, 1, 0, 0
448400, 17251, 1, 0, 0
448500, 18942, 1, 0, 0
448600, 18336, 1, 0, 0
448700, 14898, 1, 0, 0
448800, 13473, 1, 0, 0
448900, 14355, 1, 0, 0
449000, 14765, 1, 0, 0
449100, 13440, 1, 0, 0
449200, 17232, 1, 0, 0
449300, 13442, 1, 0, 0
449400, 15629, 1, 0, 0
449500, 15880, 1, 0, 0
449600, 15490, 1, 0, 0
449700, 18648, 1, 0, 0
449800, 16142, 1, 0, 0
449900, 14419, 1, 0, 0
450000, 16951, 1, 0, 0
450100, 14735, 1, 0, 0
450200, 13238, 1, 0, 0
450300, 14693, 1, 0, 0
450400, 15985, 1, 0, 0
450500, 15009, 1, 0, 0
450600, 17280, 1, 0, 0
450700, 15173, 1, 0, 0
450800, 16826, 1, 0, 0
450900, 15563, 1, 0, 0
451000, 19816, 1, 0, 0
451100, 13671, 1, 0, 0
451200, 18330, 1, 0, 0
451300, 15799, 1, 0, 0
451400, 15284, 1, 0, 0
451500, 18246, 1, 0, 0
451600, 16059, 1, 0, 0
451700, 16246, 1, 0, 0
451800, 15919, 1, 0, 0
451900, 12523, 1, 0, 0
452000, 13075, 1, 0, 0
452100, 19003, 1, 0, 0
452200, 14160, 1, 0, 0
452300, 21006, 1, 0, 0
452400, 15802, 1, 0, 0
452500, 15909, 1, 0, 0
452600, 16468, 1, 0, 0
452700, 21102, 1, 0, 0
452800, 15774, 1, 0, 0
452900, 17087, 1, 0, 0
453001, 15130, 1, 0, 0
453100, 14499, 1, 0, 0
453200, 15520, 1, 0, 0
453300, 17748, 1, 0, 0
453400, 14962, 1, 0, 0
453500, 13182, 1, 0, 0
453601, 15250, 1, 0, 0
453700, 16037, 1, 0, 0
453800, 16711, 1, 0, 0
453900, 14970, 1, 0, 0
454000, 16787, 1, 0, 0
454100, 21601, 1, 0, 0
454200, 15083, 1, 0, 0
454301, 16034, 1, 0, 0
454400, 15371, 1, 0, 0
454501, 15351, 1, 0, 0
454600, 17267, 1, 0, 0
454700, 18744, 1, 0, 0
454800, 15820, 1, 0, 0
454900, 13199, 1, 0, 0
455000, 15125, 1, 0, 0
455100, 15759, 1, 0, 0
455200, 15999, 1, 0, 0
455300, 18117, 1, 0, 0
455400, 17821, 1, 0, 0
455500, 15538, 1, 0, 0
455600, 16161, 1, 0, 0
455700, 18341, 1, 0, 0
455800, 14625, 1, 0, 0
455900, 14909, 1, 0, 0
456000, 15217, 1, 0, 0
456100, 16641, 1, 0, 0
456200, 16494, 1, 0, 0
456300, 13794, 1, 0, 0
456401, 17151, 1, 0, 0
456500, 16648, 1, 0, 0
456601, 13123, 1, 0, 0
456700, 15233, 1, 0, 0
456800, 15392, 1, 0, 0
456900, 14225, 1, 0, 0
457000, 15102, 1, 0, 0
457100, 13309, 1, 0, 0
457200, 15529, 1, 0, 0
457300, 17027, 1, 0, 0
457400, 15688, 1, 0, 0
457500, 18182, 1, 0, 0
457600, 15849, 1, 0, 0
457700, 16523, 1, 0, 0
457800, 16673, 1, 0, 0
457900, 19627, 1, 0, 0
458000, 15227, 1, 0, 0
458100, 13851, 1, 0, 0
458200, 13985, 1, 0, 0
458300, 16634, 1, 0, 0
458400, 12726, 1, 0, 0
458500, 17256, 1, 0, 0
458600, 15203, 1, 0, 0
458700, 15939, 1, 0, 0
458800, 16048, 1, 0, 0
458900, 18306, 1, 0, 0
459000, 16217, 1, 0, 0
459100, 14677, 1, 0, 0
459200, 15343, 1, 0, 0
459300, 14084, 1, 0, 0
459400, 15279, 1, 0, 0
459500, 13925, 1, 0, 0
459600, 16863, 1, 0, 0
459700, 14892, 1, 0, 0
459800, 17176, 1, 0, 0
459900, 16560, 1, 0, 0
460000, 15208, 1, 0, 0
460100, 13768, 1, 0, 0
460200, 14151, 1, 0, 0
460300, 16106, 1, 0, 0
460401, 15147, 1, 0, 0
460500, 14084, 1, 0, 0
460600, 15243, 1, 0, 0
460700, 14777, 1, 0, 0
460800, 18383, 1, 0, 0
460900, 16285, 1, 0, 0
461000, 15168, 1, 0, 0
461100, 14104, 1, 0, 0
461200, 14737, 1, 0, 0
461301, 18172, 1, 0, 0
461400, 15586, 1, 0, 0
461500, 15440, 1, 0, 0
461600, 16188, 1, 0, 0
461700, 12525, 1, 0, 0
461800, 14233, 1, 0, 0
461900, 18441, 1, 0, 0
462000, 16407, 1, 0, 0
462101, 17371, 1, 0, 0
462200, 19456, 1, 0, 0
462301, 16432, 1, 0, 0
462400, 16396, 1, 0, 0
462500, 16959, 1, 0, 0
462600, 13775, 1, 0, 0
462700, 15202, 1, 0, 0
462800, 13145, 1, 0, 0
462900, 15590, 1, 0, 0
463000, 13225, 1, 0, 0
463100, 14224, 1, 0, 0
463200, 14625, 1, 0, 0
463300, 17302, 1, 0, 0
463400, 16139, 1, 0, 0
463500, 14649, 1, 0, 0
463600, 17749, 1, 0, 0
463700, 15671, 1, 0, 0
463800, 17365, 1, 0, 0
463900, 16802, 1, 0, 0
464000, 14983, 1, 0, 0
464100, 13245, 1, 0, 0
464200, 14507, 1, 0, 0
464300, 15586, 1, 0, 0
464400, 14011, 1, 0, 0
464500, 20157, 1, 0, 0
464600, 18249, 1, 0, 0
464700, 15343, 1, 0, 0
464800, 13672, 1, 0, 0
464900, 18540, 1, 0, 0
465000, 15305, 1, 0, 0
465100, 13207, 1, 0, 0
465200, 15461, 1, 0, 0
465300, 14551, 1, 0, 0
465400, 14701, 1, 0, 0
465500, 12783, 1, 0, 0
465600, 13099, 1, 0, 0
465700, 13902, 1, 0, 0
465800, 13668, 1, 0, 0
465900, 17605, 1, 0, 0
466000, 18229, 1, 0, 0
466100, 15159, 1, 0, 0
466200, 15311, 1, 0, 0
466300, 16010, 1, 0, 0
466401, 15823, 1, 0, 0
466500, 17090, 1, 0, 0
466600, 15731, 1, 0, 0
466700, 17707, 1, 0, 0
466801, 17248, 1, 0, 0
466900, 15937, 1, 0, 0
467000, 13982, 1, 0, 0
467100, 17225, 1, 0, 0
467200, 19826, 1, 0, 0
467300, 14510, 1, 0, 0
467400, 16420, 1, 0, 0
467500, 15784, 1, 0, 0
467600, 16421, 1, 0, 0
467700, 16290, 1, 0, 0
467800, 15611, 1, 0, 0
467900, 18558, 1, 0, 0
468000, 15129, 1, 0, 0
468100, 14849, 1, 0, 0
468200, 17575, 1, 0, 0
468300, 17635, 1, 0, 0
468400, 15697, 1, 0, 0
468500, 15398, 1, 0, 0
468601, 14240, 1, 0, 0
468701, 14154, 1, 0, 0
468800, 17111, 1, 0, 0
468900, 13655, 1, 0, 0
469000, 13791, 1, 0, 0
469100, 15225, 1, 0, 0
469200, 13119, 1, 0, 0
469300, 15701, 1, 0, 0
469400, 15690, 1, 0, 0
469500, 15950, 1, 0, 0
469600, 15969, 1, 0, 0
469701, 14533, 1, 0, 0
469800, 14245, 1, 0, 0
469900, 16461, 1, 0, 0
470001, 16568, 1, 0, 0
470100, 13069, 1, 0, 0
470202, 14478, 1, 0, 0
470300, 12368, 1, 0, 0
470400, 14776, 1, 0, 0
470500, 15523, 1, 0, 0
470600, 16753, 1, 0, 0
470700, 13383, 1, 0, 0
470800, 19642, 1, 0, 0
470901, 16652, 1, 0, 0
471000, 16691, 1, 0, 0
471100, 16037, 1, 0, 0
471200, 14170, 1, 0, 0
471300, 17221, 1, 0, 0
471400, 17521, 1, 0, 0
471500, 14452, 1, 0, 0
471600, 16348, 1, 0, 0
471700, 16915, 1, 0, 0
471800, 13035, 1, 0, 0
471900, 14436, 1, 0, 0
472000, 16375, 1, 0, 0
472100, 16706, 1, 0, 0
472200, 18205, 1, 0, 0
472300, 16628, 1, 0, 0
472400, 17905, 1, 0, 0
472500, 15161, 1, 0, 0
472600, 16007, 1, 0, 0
472701, 13588, 1, 0, 0
472800, 18457, 1, 0, 0
472900, 15183, 1, 0, 0
473000, 13850, 1, 0, 0
473100, 14018, 1, 0, 0
473200, 16248, 1, 0, 0
473300, 17963, 1, 0, 0
473401, 17535, 1, 0, 0
473500, 15017, 1, 0, 0
473601, 16560, 1, 0, 0
473700, 15634, 1, 0, 0
473800, 16214, 1, 0, 0
473900, 18271, 1, 0, 0
474000, 13063, 1, 0, 0
474100, 13742, 1, 0, 0
474200, 13623, 1, 0, 0
474300, 18227, 1, 0, 0
474401, 19551, 1, 0, 0
474500, 14794, 1, 0, 0
474600, 15380, 1, 0, 0
474700, 15689, 1, 0, 0
474800, 17040, 1, 0, 0
474900, 17818, 1, 0, 0
475000, 13891, 1, 0, 0
475100, 14190, 1, 0, 0
475200, 16085, 1, 0, 0
475300, 15506, 1, 0, 0
475400, 14537, 1, 0, 0
475500, 13379, 1, 0, 0
475600, 14411, 1, 0, 0
475700, 19771, 1, 0, 0
475800, 14548, 1, 0, 0
475900, 15665, 1, 0, 0
476001, 14360, 1, 0, 0
476100, 14673, 1, 0, 0
476200, 13459, 1, 0, 0
476300, 16656, 1, 0, 0
476400, 14342, 1, 0, 0
476500, 15299, 1, 0, 0
476601, 15192, 1, 0, 0
476700, 15902, 1, 0, 0
476800, 12851, 1, 0, 0
476900, 13599, 1, 0, 0
477000, 15336, 1, 0, 0
477100, 14202, 1, 0, 0
477200, 13526, 1, 0, 0
477300, 18577, 1, 0, 0
477400, 20631, 1, 0, 0
477500, 18142, 1, 0, 0
477600, 18326, 1, 0, 0
477700, 16470, 1, 0, 0
477800, 18345, 1, 0, 0
477900, 17444, 1, 0, 0
478000, 17008, 1, 0, 0
478100, 15289, 1, 0, 0
478200, 17590, 1, 0, 0
478300, 16358, 1, 0, 0
478400, 14721, 1, 0, 0
478500, 15390, 1, 0, 0
478600, 18790, 1, 0, 0
478700, 14498, 1, 0, 0
478800, 18894, 1, 0, 0
478900, 13422, 1, 0, 0
479000, 15733, 1, 0, 0
479100, 16977, 1, 0, 0
479200, 14181, 1, 0, 0
479300, 15134, 1, 0, 0
479400, 14765, 1, 0, 0
479500, 18614, 1, 0, 0
479600, 17554, 1, 0, 0
479700, 19171, 1, 0, 0
479801, 15960, 1, 0, 0
479900, 16729, 1, 0, 0
480001, 18302, 1, 0, 0
480100, 19428, 1, 0, 0
480200, 18138, 1, 0, 0
480300, 15349, 1, 0, 0
480400, 16814, 1, 0, 0
480500, 16750, 1, 0, 0
480600, 20447, 1, 0, 0
480700, 17202, 1, 0, 0
480800, 18460, 1, 0, 0
480900, 13884, 1, 0, 0
481000, 16364, 1, 0, 0
481100, 15784, 1, 0, 0
481200, 13749, 1, 0, 0
481300, 15425, 1, 0, 0
481400, 15660, 1, 0, 0
481501, 15949, 1, 0, 0
481600, 14685, 1, 0, 0
481700, 16654, 1, 0, 0
481800, 16477, 1, 0, 0
481900, 15039, 1, 0, 0
482000, 17553, 1, 0, 0
482101, 13886, 1, 0, 0
482200, 14819, 1, 0, 0
482300, 16787, 1, 0, 0
482400, 15545, 1, 0, 0
482500, 19753, 1, 0, 0
482600, 15376, 1, 0, 0
482700, 17125, 1, 0, 0
482800, 15031, 1, 0, 0
482900, 16846, 1, 0, 0
483000, 16252, 1, 0, 0
483101, 13386, 1, 0, 0
483200, 15275, 1, 0, 0
483300, 18649, 1, 0, 0
483400, 14623, 1, 0, 0
483500, 13109, 1, 0, 0
483600, 14799, 1, 0, 0
483700, 15957, 1, 0, 0
483800, 15279, 1, 0, 0
483900, 16912, 1, 0, 0
484000, 13612, 1, 0, 0
484100, 13472, 1, 0, 0
484201, 14893, 1, 0, 0
484300, 16129, 1, 0, 0
484400, 16248, 1, 0, 0
484500, 13648, 1, 0, 0
484600, 16375, 1, 0, 0
484700, 18378, 1, 0, 0
484800, 17955, 1, 0, 0
484900, 15292, 1, 0, 0
485000, 14824, 1, 0, 0
485101, 16483, 1, 0, 0
485200, 16701, 1, 0, 0
485300, 17548, 1, 0, 0
485400, 13838, 1, 0, 0
485500, 17018, 1, 0, 0
485601, 17521, 1, 0, 0
485700, 16815, 1, 0, 0
485800, 19213, 1, 0, 0
485900, 15330, 1, 0, 0
486000, 13459, 1, 0, 0
486100, 14005, 1, 0, 0
486200, 14883, 1, 0, 0
486300, 14317, 1, 0, 0
486400, 18490, 1, 0, 0
486500, 13108, 1, 0, 0
486600, 17070, 1, 0, 0
486700, 15397, 1, 0, 0
486800, 15134, 1, 0, 0
486901, 16529, 1, 0, 0
487000, 15754, 1, 0, 0
487100, 16041, 1, 0, 0
487200, 16805, 1, 0, 0
487300, 12565, 1, 0, 0
487400, 13271, 1, 0, 0
487500, 15515, 1, 0, 0
487600, 13304, 1, 0, 0
487700, 15427, 1, 0, 0
487800, 13085, 1, 0, 0
487900, 14437, 1, 0, 0
488001, 14089, 1, 0, 0
488100, 14664, 1, 0, 0
488200, 13597, 1, 0, 0
488300, 14383, 1, 0, 0
488400, 15974, 1, 0, 0
488500, 15323, 1, 0, 0
488600, 14477, 1, 0, 0
488701, 13840, 1, 0, 0
488800, 18562, 1, 0, 0
488900, 17498, 1, 0, 0
489000, 15880, 1, 0, 0
489100, 15700, 1, 0, 0
489201, 18303, 1, 0, 0
489300, 14265, 1, 0, 0
489400, 17517, 1, 0, 0
489500, 17564, 1, 0, 0
489600, 15858, 1, 0, 0
489700, 15326, 1, 0, 0
489800, 14932, 1, 0, 0
489900, 18349, 1, 0, 0
490000, 18466, 1, 0, 0
490100, 17125, 1, 0, 0
490200, 15082, 1, 0, 0
490300, 16496, 1, 0, 0
490401, 13119, 1, 0, 0
490500, 18844, 1, 0, 0
490600, 15517, 1, 0, 0
490700, 18788, 1, 0, 0
490801, 18966, 1, 0, 0
490900, 15280, 1, 0, 0
491000, 13056, 1, 0, 0
491100, 16431, 1, 0, 0
491200, 16138, 1, 0, 0
491300, 13950, 1, 0, 0
491400, 13510, 1, 0, 0
491501, 16847, 1, 0, 0
491601, 15141, 1, 0, 0
491700, 14574, 1, 0, 0
491800, 16465, 1, 0, 0
491900, 15784, 1, 0, 0
492000, 15369, 1, 0, 0
492100, 16068, 1, 0, 0
492201, 16327, 1, 0, 0
492300, 13431, 1, 0, 0
492400, 16392, 1, 0, 0
492500, 14110, 1, 0, 0
492600, 15598, 1, 0, 0
492700, 15208, 1, 0, 0
492800, 20094, 1, 0, 0
492900, 14850, 1, 0, 0
493000, 12754, 1, 0, 0
493100, 13526, 1, 0, 0
493200, 19440, 1, 0, 0
493300, 13154, 1, 0, 0
493400, 14821, 1, 0, 0
493500, 17941, 1, 0, 0
493600, 14491, 1, 0, 0
493700, 14330, 1, 0, 0
493800, 13115, 1, 0, 0
493900, 14281, 1, 0, 0
494000, 14242, 1, 0, 0
494100, 15021, 1, 0, 0
494200, 14939, 1, 0, 0
494300, 16302, 1, 0, 0
494400, 18343, 1, 0, 0
494500, 16014, 1, 0, 0
494601, 16811, 1, 0, 0
494700, 14505, 1, 0, 0
494800, 13789, 1, 0, 0
494900, 13178, 1, 0, 0
495000, 17618, 1, 0, 0
495100, 16189, 1, 0, 0
495200, 15184, 1, 0, 0
495300, 13934, 1, 0, 0
495400, 16157, 1, 0, 0
495500, 16813, 1, 0, 0
495600, 15796, 1, 0, 0
495700, 13319, 1, 0, 0
495800, 16305, 1, 0, 0
495900, 15647, 1, 0, 0
496000, 14933, 1, 0, 0
496100, 16964, 1, 0, 0
496200, 16232, 1, 0, 0
496300, 16678, 1, 0, 0
496400, 15366, 1, 0, 0
496500, 15548, 1, 0, 0
496600, 15561, 1, 0, 0
496700, 16085, 1, 0, 0
496800, 17149, 1, 0, 0
496900, 14122, 1, 0, 0
497001, 13925, 1, 0, 0
497100, 16141, 1, 0, 0
497200, 16604, 1, 0, 0
497301, 16806, 1, 0, 0
497400, 18214, 1, 0, 0
497500, 14495, 1, 0, 0
497600, 13627, 1, 0, 0
497700, 13755, 1, 0, 0
497800, 14459, 1, 0, 0
497900, 15737, 1, 0, 0
498001, 13920, 1, 0, 0
498100, 14331, 1, 0, 0
498200, 18082, 1, 0, 0
498300, 15174, 1, 0, 0
498400, 16132, 1, 0, 0
498500, 15002, 1, 0, 0
498600, 14034, 1, 0, 0
498700, 14080, 1, 0, 0
498800, 14479, 1, 0, 0
498900, 14042, 1, 0, 0
499000, 14905, 1, 0, 0
499100, 14250, 1, 0, 0
499200, 14693, 1, 0, 0
499300, 15271, 1, 0, 0
499400, 13932, 1, 0, 0
499500, 16857, 1, 0, 0
499600, 14722, 1, 0, 0
499700, 18993, 1, 0, 0
499800, 16314, 1, 0, 0
499900, 14781, 1, 0, 0
500000, 14361, 1, 0, 0
500100, 14110, 1, 0, 0
500200, 15222, 1, 0, 0
500300, 15788, 1, 0, 0
500400, 13419, 1, 0, 0
500500, 14843, 1, 0, 0
500600, 16217, 1, 0, 0
500700, 16042, 1, 0, 0
500800, 16267, 1, 0, 0
500900, 13999, 1, 0, 0
501000, 15805, 1, 0, 0
501100, 13199, 1, 0, 0
501200, 18692, 1, 0, 0
501300, 16806, 1, 0, 0
501400, 13776, 1, 0, 0
501500, 17749, 1, 0, 0
501600, 16935, 1, 0, 0
501700, 15631, 1, 0, 0
501800, 15460, 1, 0, 0
501900, 14525, 1, 0, 0
502000, 18981, 1, 0, 0
502100, 15247, 1, 0, 0
502200, 19783, 1, 0, 0
502300, 18574, 1, 0, 0
502400, 15066, 1, 0, 0
502500, 13545, 1, 0, 0
502600, 15964, 1, 0, 0
502700, 14302, 1, 0, 0
502800, 16018, 1, 0, 0
502900, 14747, 1, 0, 0
503000, 16351, 1, 0, 0
503100, 15396, 1, 0, 0
503200, 13485, 1, 0, 0
503300, 13665, 1, 0, 0
503400, 14765, 1, 0, 0
503500, 14009, 1, 0, 0
503600, 16039, 1, 0, 0
503700, 17198, 1, 0, 0
503800, 14529, 1, 0, 0
503900, 17580, 1, 0, 0
504001, 13170, 1, 0, 0
504100, 13850, 1, 0, 0
504200, 13082, 1, 0, 0
504300, 14429, 1, 0, 0
504400, 14087, 1, 0, 0
504500, 16085, 1, 0, 0
504600, 15078, 1, 0, 0
504700, 14543, 1, 0, 0
504800, 19117, 1, 0, 0
504900, 18228, 1, 0, 0
505000, 13272, 1, 0, 0
505100, 14673, 1, 0, 0
505200, 14584, 1, 0, 0
505301, 14854, 1, 0, 0
505400, 13061, 1, 0, 0
505500, 15571, 1, 0, 0
505601, 14781, 1, 0, 0
505700, 16332, 1, 0, 0
505800, 16965, 1, 0, 0
505900, 18011, 1, 0, 0
506000, 14238, 1, 0, 0
506100, 16729, 1, 0, 0
506200, 16174, 1, 0, 0
506300, 15486, 1, 0, 0
506400, 15378, 1, 0, 0
506500, 13967, 1, 0, 0
506601, 13885, 1, 0, 0
506700, 16571, 1, 0, 0
506800, 14158, 1, 0, 0
506900, 17446, 1, 0, 0
507000, 17186, 1, 0, 0
507100, 19980, 1, 0, 0
507200, 15765, 1, 0, 0
507300, 18001, 1, 0, 0
507400, 19923, 1, 0, 0
507500, 12985, 1, 0, 0
507600, 13330, 1, 0, 0
507700, 16552, 1, 0, 0
507800, 18371, 1, 0, 0
507901, 19630, 1, 0, 0
508000, 16086, 1, 0, 0
508100, 14523, 1, 0, 0
508200, 17334, 1, 0, 0
508300, 16901, 1, 0, 0
508400, 17863, 1, 0, 0
508500, 17353, 1, 0, 0
508600, 13477, 1, 0, 0
508700, 19982, 1, 0, 0
508800, 14366, 1, 0, 0
508900, 14539, 1, 0, 0
509000, 17217, 1, 0, 0
509100, 14150, 1, 0, 0
509200, 14814, 1, 0, 0
509300, 15009, 1, 0, 0
509400, 20015, 1, 0, 0
509500, 15404, 1, 0, 0
509600, 14335, 1, 0, 0
509700, 16436, 1, 0, 0
509800, 13829, 1, 0, 0
509900, 13895, 1, 0, 0
510000, 15334, 1, 0, 0
510101, 15541, 1, 0, 0
510200, 17037, 1, 0, 0
510300, 16211, 1, 0, 0
510400, 17048, 1, 0, 0
510500, 18830, 1, 0, 0
510600, 14932, 1, 0, 0
510700, 14615, 1, 0, 0
510800, 17023, 1, 0, 0
510900, 14925, 1, 0, 0
511000, 15233, 1, 0, 0
511100, 14629, 1, 0, 0
511200, 15035, 1, 0, 0
511300, 13881, 1, 0, 0
511400, 14417, 1, 0, 0
511500, 13489, 1, 0, 0
511601, 13348, 1, 0, 0
511700, 15362, 1, 0, 0
511800, 17308, 1, 0, 0
511900, 15113, 1, 0, 0
512000, 16877, 1, 0, 0
512100, 14494, 1, 0, 0
512200, 13885, 1, 0, 0
512300, 14566, 1, 0, 0
512400, 14860, 1, 0, 0
512500, 15538, 1, 0, 0
512600, 13989, 1, 0, 0
512700, 19763, 1, 0, 0
512800, 14217, 1, 0, 0
512900, 16150, 1, 0, 0
513000, 15236, 1, 0, 0
513100, 18727, 1, 0, 0
513200, 16857, 1, 0, 0
513300, 14530, 1, 0, 0
513400, 16122, 1, 0, 0
513500, 14539, 1, 0, 0
513600, 17117, 1, 0, 0
513700, 14814, 1, 0, 0
513800, 16306, 1, 0, 0
513900, 17255, 1, 0, 0
514000, 15651, 1, 0, 0
514101, 13546, 1, 0, 0
514200, 12841, 1, 0, 0
514301, 17783, 1, 0, 0
514400, 13697, 1, 0, 0
514500, 14912, 1, 0, 0
514600, 13749, 1, 0, 0
514700, 18242, 1, 0, 0
514800, 18437, 1, 0, 0
514900, 16445, 1, 0, 0
515000, 15068, 1, 0, 0
515100, 13747, 1, 0, 0
515200, 13629, 1, 0, 0
515300, 17576, 1, 0, 0
515400, 15370, 1, 0, 0
515503, 15896, 1, 0, 0
515600, 15254, 1, 0, 0
515700, 15216, 1, 0, 0
515800, 19692, 1, 0, 0
515900, 15983, 1, 0, 0
516000, 13526, 1, 0, 0
516101, 13736, 1, 0, 0
516200, 13711, 1, 0, 0
516300, 16949, 1, 0, 0
516400, 13620, 1, 0, 0
516500, 15674, 1, 0, 0
516600, 18431, 1, 0, 0
516700, 16628, 1, 0, 0
516800, 14343, 1, 0, 0
516900, 13791, 1, 0, 0
517000, 15498, 1, 0, 0
517100, 15658, 1, 0, 0
517200, 13097, 1, 0, 0
517300, 15338, 1, 0, 0
517400, 18724, 1, 0, 0
517500, 13265, 1, 0, 0
517600, 15543, 1, 0, 0
517700, 18020, 1, 0, 0
517800, 20276, 1, 0, 0
517900, 13535, 1, 0, 0
518000, 14415, 1, 0, 0
518100, 14746, 1, 0, 0
518200, 16074, 1, 0, 0
518300, 14397, 1, 0, 0
518400, 14934, 1, 0, 0
518500, 16101, 1, 0, 0
518600, 18079, 1, 0, 0
518700, 16050, 1, 0, 0
518800, 18403, 1, 0, 0
518900, 18117, 1, 0, 0
519000, 14069, 1, 0, 0
519101, 14392, 1, 0, 0
519200, 18327, 1, 0, 0
519300, 18568, 1, 0, 0
519400, 14275, 1, 0, 0
519501, 13219, 1, 0, 0
519600, 13089, 1, 0, 0
519700, 13186, 1, 0, 0
519800, 13980, 1, 0, 0
519900, 14161, 1, 0, 0
520000, 15954, 1, 0, 0
520101, 15285, 1, 0, 0
520200, 13512, 1, 0, 0
520300, 15846, 1, 0, 0
520400, 13366, 1, 0, 0
520500, 15950, 1, 0, 0
520600, 17896, 1, 0, 0
520700, 12485, 1, 0, 0
520800, 13787, 1, 0, 0
520900, 16892, 1, 0, 0
521000, 18009, 1, 0, 0
521100, 18848, 1, 0, 0
521200, 15845, 1, 0, 0
521300, 19328, 1, 0, 0
521400, 14324, 1, 0, 0
521500, 18014, 1, 0, 0
521600, 13279, 1, 0, 0
521701, 16460, 1, 0, 0
521800, 14882, 1, 0, 0
521900, 16922, 1, 0, 0
522000, 16780, 1, 0, 0
522100, 16693, 1, 0, 0
522200, 16451, 1, 0, 0
522300, 13658, 1, 0, 0
522400, 13905, 1, 0, 0
522500, 13258, 1, 0, 0
522601, 12718, 1, 0, 0
522700, 17130, 1, 0, 0
522800, 14446, 1, 0, 0
522900, 13793, 1, 0, 0
523000, 14089, 1, 0, 0
523100, 14331, 1, 0, 0
523200, 13273, 1, 0, 0
523301, 18009, 1, 0, 0
523400, 16450, 1, 0, 0
523500, 15025, 1, 0, 0
523600, 16670, 1, 0, 0
523700, 12918, 1, 0, 0
523800, 17421, 1, 0, 0
523900, 16534, 1, 0, 0
524000, 17654, 1, 0, 0
524100, 15754, 1, 0, 0
524200, 13543, 1, 0, 0
524300, 17979, 1, 0, 0
524400, 17434, 1, 0, 0
524500, 13737, 1, 0, 0
524600, 16366, 1, 0, 0
524700, 15467, 1, 0, 0
524800, 16654, 1, 0, 0
524900, 18490, 1, 0, 0
525000, 18151, 1, 0, 0
525100, 14419, 1, 0, 0
525200, 12968, 1, 0, 0
525301, 14092, 1, 0, 0
525401, 18352, 1, 0, 0
525500, 13160, 1, 0, 0
525600, 13873, 1, 0, 0
525701, 16443, 1, 0, 0
525800, 16307, 1, 0, 0
525901, 19026, 1, 0, 0
526000, 18086, 1, 0, 0
526100, 15958, 1, 0, 0
526200, 18418, 1, 0, 0
526300, 15192, 1, 0, 0
526401, 14079, 1, 0, 0
526500, 16838, 1, 0, 0
526600, 16640, 1, 0, 0
526700, 17267, 1, 0, 0
526800, 18892, 1, 0, 0
526900, 16789, 1, 0, 0
527000, 15900, 1, 0, 0
527100, 14864, 1, 0, 0
527200, 14291, 1, 0, 0
527300, 13790, 1, 0, 0
527400, 15280, 1, 0, 0
527500, 17385, 1, 0, 0
527600, 17401, 1, 0, 0
527700, 13135, 1, 0, 0
527801, 12900, 1, 0, 0
527900, 15148, 1, 0, 0
528000, 17208, 1, 0, 0
528100, 17761, 1, 0, 0
528200, 18382, 1, 0, 0
528300, 14930, 1, 0, 0
528400, 13471, 1, 0, 0
528500, 16908, 1, 0, 0
528600, 15408, 1, 0, 0
528700, 17565, 1, 0, 0
528800, 17554, 1, 0, 0
528900, 17869, 1, 0, 0
529000, 14332, 1, 0, 0
529100, 15945, 1, 0, 0
529200, 14349, 1, 0, 0
529300, 16630, 1, 0, 0
529401, 15376, 1, 0, 0
529501, 18984, 1, 0, 0
529600, 15471, 1, 0, 0
529700, 16839, 1, 0, 0
529800, 19135, 1, 0, 0
529901, 15456, 1, 0, 0
530001, 16746, 1, 0, 0
530100, 14901, 1, 0, 0
530200, 14473, 1, 0, 0
530300, 14994, 1, 0, 0
530400, 17394, 1, 0, 0
530500, 16332, 1, 0, 0
530601, 13649, 1, 0, 0
530700, 15345, 1, 0, 0
530800, 14049, 1, 0, 0
530900, 18990, 1, 0, 0
531000, 13697, 1, 0, 0
531101, 15347, 1, 0, 0
531200, 13137, 1, 0, 0
531300, 16692, 1, 0, 0
531400, 14563, 1, 0, 0
531500, 16134, 1, 0, 0
531600, 14443, 1, 0, 0
531700, 18917, 1, 0, 0
531800, 16534, 1, 0, 0
531900, 13975, 1, 0, 0
532000, 18359, 1, 0, 0
532100, 15769, 1, 0, 0
532201, 15188, 1, 0, 0
532300, 16005, 1, 0, 0
532400, 17118, 1, 0, 0
532500, 21732, 1, 0, 0
532600, 19278, 1, 0, 0
532700, 14069, 1, 0, 0
532800, 14788, 1, 0, 0
532900, 15836, 1, 0, 0
533000, 14192, 1, 0, 0
533100, 14265, 1, 0, 0
533200, 14083, 1, 0, 0
533300, 16201, 1, 0, 0
533400, 15533, 1, 0, 0
533500, 15752, 1, 0, 0
533600, 15096, 1, 0, 0
533700, 14242, 1, 0, 0
533800, 17352, 1, 0, 0
533900, 14970, 1, 0, 0
534000, 13788, 1, 0, 0
534100, 17121, 1, 0, 0
534200, 18987, 1, 0, 0
534300, 13531, 1, 0, 0
534400, 17466, 1, 0, 0
534500, 13428, 1, 0, 0
534600, 17193, 1, 0, 0
534700, 18496, 1, 0, 0
534801, 14689, 1, 0, 0
534900, 17103, 1, 0, 0
535000, 12908, 1, 0, 0
535100, 17104, 1, 0, 0
535200, 14144, 1, 0, 0
535300, 15862, 1, 0, 0
535400, 16783, 1, 0, 0
535500, 19394, 1, 0, 0
535600, 14525, 1, 0, 0
535700, 16809, 1, 0, 0
535801, 17307, 1, 0, 0
535900, 15761, 1, 0, 0
536001, 13994, 1, 0, 0
536100, 14959, 1, 0, 0
536200, 15854, 1, 0, 0
536300, 14675, 1, 0, 0
536401, 14764, 1, 0, 0
536500, 15543, 1, 0, 0
536600, 14625, 1, 0, 0
536700, 19625, 1, 0, 0
536800, 13358, 1, 0, 0
536900, 17948, 1, 0, 0
537000, 20474, 1, 0, 0
537100, 15368, 1, 0, 0
537200, 13138, 1, 0, 0
537301, 20120, 1, 0, 0
537400, 13257, 1, 0, 0
537500, 16033, 1, 0, 0
537600, 16351, 1, 0, 0
537700, 16231, 1, 0, 0
537800, 14714, 1, 0, 0
537900, 15660, 1, 0, 0
538000, 13133, 1, 0, 0
538100, 16649, 1, 0, 0
538200, 15612, 1, 0, 0
538300, 18171, 1, 0, 0
538400, 14653, 1, 0, 0
538500, 16566, 1, 0, 0
538600, 17055, 1, 0, 0
538700, 14594, 1, 0, 0
538800, 17309, 1, 0, 0
538900, 16077, 1, 0, 0
539000, 13926, 1, 0, 0
539100, 13618, 1, 0, 0
539200, 18781, 1, 0, 0
539300, 15614, 1, 0, 0
539400, 17689, 1, 0, 0
539500, 14680, 1, 0, 0
539601, 15172, 1, 0, 0
539700, 15219, 1, 0, 0
539800, 17623, 1, 0, 0
539900, 16815, 1, 0, 0
540000, 14920, 1, 0, 0
540100, 14753, 1, 0, 0
540200, 16016, 1, 0, 0
540300, 14092, 1, 0, 0
540400, 18519, 1, 0, 0
540500, 15060, 1, 0, 0
540600, 13608, 1, 0, 0
540701, 15638, 1, 0, 0
540800, 16634, 1, 0, 0
540900, 15038, 1, 0, 0
541002, 17032, 1, 0, 0
541100, 14212, 1, 0, 0
541200, 15628, 1, 0, 0
541300, 14624, 1, 0, 0
541400, 15695, 1, 0, 0
541500, 18285, 1, 0, 0
541600, 16278, 1, 0, 0
541700, 16968, 1, 0, 0
541800, 14853, 1, 0, 0
541900, 17311, 1, 0, 0
542000, 13825, 1, 0, 0
542100, 16463, 1, 0, 0
542200, 13332, 1, 0, 0
542300, 13862, 1, 0, 0
542400, 16774, 1, 0, 0
542501, 17550, 1, 0, 0
542600, 16038, 1, 0, 0
542700, 13659, 1, 0, 0
542800, 15045, 1, 0, 0
542900, 14038, 1, 0, 0
543000, 17922, 1, 0, 0
543100, 18732, 1, 0, 0
543200, 15974, 1, 0, 0
543300, 18856, 1, 0, 0
543400, 15031, 1, 0, 0
543500, 18967, 1, 0, 0
543600, 17029, 1, 0, 0
543700, 19326, 1, 0, 0
543800, 17508, 1, 0, 0
543900, 14746, 1, 0, 0
544000, 13864, 1, 0, 0
544100, 15486, 1, 0, 0
544200, 16125, 1, 0, 0
544300, 14382, 1, 0, 0
544400, 13150, 1, 0, 0
544500, 14489, 1, 0, 0
544600, 15998, 1, 0, 0
544700, 14710, 1, 0, 0
544800, 15395, 1, 0, 0
544900, 13831, 1, 0, 0
545000, 13788, 1, 0, 0
545100, 14298, 1, 0, 0
545200, 18222, 1, 0, 0
545300, 14512, 1, 0, 0
545400, 15356, 1, 0, 0
545500, 15236, 1, 0, 0
545600, 18645, 1, 0, 0
545700, 14330, 1, 0, 0
545800, 16705, 1, 0, 0
545900, 17187, 1, 0, 0
546000, 14223, 1, 0, 0
546100, 16393, 1, 0, 0
546200, 18638, 1, 0, 0
546300, 14867, 1, 0, 0
546401, 15060, 1, 0, 0
546500, 13484, 1, 0, 0
546600, 17009, 1, 0, 0
546700, 16967, 1, 0, 0
546800, 14252, 1, 0, 0
546900, 13124, 1, 0, 0
547000, 17101, 1, 0, 0
547100, 13647, 1, 0, 0
547200, 14628, 1, 0, 0
547300, 14493, 1, 0, 0
547400, 16679, 1, 0, 0
547500, 14672, 1, 0, 0
547600, 20788, 1, 0, 0
547700, 13368, 1, 0, 0
547802, 18211, 1, 0, 0
547900, 15075, 1, 0, 0
548000, 13937, 1, 0, 0
548100, 14568, 1, 0, 0
548200, 19185, 1, 0, 0
548300, 16707, 1, 0, 0
548400, 18390, 1, 0, 0
548500, 17418, 1, 0, 0
548600, 15058, 1, 0, 0
548701, 19107, 1, 0, 0
548801, 14634, 1, 0, 0
548900, 17119, 1, 0, 0
549000, 16385, 1, 0, 0
549100, 17846, 1, 0, 0
549200, 15506, 1, 0, 0
549300, 13824, 1, 0, 0
549400, 14095, 1, 0, 0
549500, 16240, 1, 0, 0
549600, 16240, 1, 0, 0
549700, 18759, 1, 0, 0
549800, 15140, 1, 0, 0
549900, 13742, 1, 0, 0
550000, 15139, 1, 0, 0
550100, 17803, 1, 0, 0
550200, 15641, 1, 0, 0
550300, 14443, 1, 0, 0
550400, 19562, 1, 0, 0
550500, 15917, 1, 0, 0
550600, 17154, 1, 0, 0
550700, 15985, 1, 0, 0
550800, 17617, 1, 0, 0
550900, 13799, 1, 0, 0
551000, 13621, 1, 0, 0
551100, 15665, 1, 0, 0
551200, 18391, 1, 0, 0
551300, 18445, 1, 0, 0
551400, 14690, 1, 0, 0
551500, 13490, 1, 0, 0
551600, 18211, 1, 0, 0
551701, 14268, 1, 0, 0
551800, 19203, 1, 0, 0
551900, 15935, 1, 0, 0
552000, 15407, 1, 0, 0
552100, 15099, 1, 0, 0
552200, 17056, 1, 0, 0
552300, 17761, 1, 0, 0
552400, 20818, 1, 0, 0
552500, 14720, 1, 0, 0
552600, 17309, 1, 0, 0
552700, 15160, 1, 0, 0
552800, 14166, 1, 0, 0
552900, 15880, 1, 0, 0
553000, 15476, 1, 0, 0
553100, 17383, 1, 0, 0
553200, 18875, 1, 0, 0
553301, 16366, 1, 0, 0
553400, 14434, 1, 0, 0
553500, 15095, 1, 0, 0
553600, 17919, 1, 0, 0
553700, 17051, 1, 0, 0
553800, 16528, 1, 0, 0
553900, 15466, 1, 0, 0
554000, 16157, 1, 0, 0
554100, 15946, 1, 0, 0
554200, 13699, 1, 0, 0
554300, 17382, 1, 0, 0
554400, 14003, 1, 0, 0
554500, 18558, 1, 0, 0
554600, 16590, 1, 0, 0
554700, 15069, 1, 0, 0
554800, 14973, 1, 0, 0
554900, 16766, 1, 0, 0
555000, 17631, 1, 0, 0
555100, 15081, 1, 0, 0
555200, 14385, 1, 0, 0
555300, 14782, 1, 0, 0
555400, 14108, 1, 0, 0
555500, 16376, 1, 0, 0
555600, 15423, 1, 0, 0
555700, 13822, 1, 0, 0
555800, 16422, 1, 0, 0
555900, 18569, 1, 0, 0
556000, 16271, 1, 0, 0
556100, 15961, 1, 0, 0
556200, 17927, 1, 0, 0
556300, 14249, 1, 0, 0
556400, 14504, 1, 0, 0
556500, 17265, 1, 0, 0
556600, 17318, 1, 0, 0
556700, 17431, 1, 0, 0
556800, 15736, 1, 0, 0
556900, 13149, 1, 0, 0
557000, 18048, 1, 0, 0
557100, 13484, 1, 0, 0
557200, 13331, 1, 0, 0
557300, 18699, 1, 0, 0
557400, 14408, 1, 0, 0
557500, 15776, 1, 0, 0
557600, 16301, 1, 0, 0
557700, 17377, 1, 0, 0
557800, 18766, 1, 0, 0
557900, 12892, 1, 0, 0
558000, 16702, 1, 0, 0
558100, 15157, 1, 0, 0
558200, 15116, 1, 0, 0
558300, 12923, 1, 0, 0
558400, 19290, 1, 0, 0
558500, 16391, 1, 0, 0
558600, 19906, 1, 0, 0
558700, 18413, 1, 0, 0
558800, 14948, 1, 0, 0
558900, 15337, 1, 0, 0
559000, 17911, 1, 0, 0
559100, 14498, 1, 0, 0
559200, 14275, 1, 0, 0
559301, 15150, 1, 0, 0
559400, 15614, 1, 0, 0
559500, 15041, 1, 0, 0
559601, 17475, 1, 0, 0
559700, 14873, 1, 0, 0
559800, 14051, 1, 0, 0
559900, 14282, 1, 0, 0
560000, 19325, 1, 0, 0
560100, 17235, 1, 0, 0
560200, 17339, 1, 0, 0
560301, 17172, 1, 0, 0
560400, 14437, 1, 0, 0
560500, 17145, 1, 0, 0
560600, 15437, 1, 0, 0
560700, 16373, 1, 0, 0
560800, 13608, 1, 0, 0
560900, 15615, 1, 0, 0
561000, 16030, 1, 0, 0
561100, 15541, 1, 0, 0
561200, 17238, 1, 0, 0
561300, 15380, 1, 0, 0
561401, 17751, 1, 0, 0
561501, 17506, 1, 0, 0
561600, 14624, 1, 0, 0
561700, 14011, 1, 0, 0
561800, 16381, 1, 0, 0
561900, 14359, 1, 0, 0
562000, 16409, 1, 0, 0
562100, 19571, 1, 0, 0
562200, 15485, 1, 0, 0
562300, 14049, 1, 0, 0
562400, 14185, 1, 0, 0
562500, 14703, 1, 0, 0
562600, 15663, 1, 0, 0
562700, 17329, 1, 0, 0
562801, 19419, 1, 0, 0
562900, 12600, 1, 0, 0
563000, 15645, 1, 0, 0
563100, 13968, 1, 0, 0
563200, 16709, 1, 0, 0
563300, 16378, 1, 0, 0
563400, 15172, 1, 0, 0
563500, 15230, 1, 0, 0
563600, 12836, 1, 0, 0
563700, 14690, 1, 0, 0
563800, 15495, 1, 0, 0
563900, 16656, 1, 0, 0
564000, 15351, 1, 0, 0
564100, 16088, 1, 0, 0
564200, 15541, 1, 0, 0
564300, 15675, 1, 0, 0
564400, 14211, 1, 0, 0
564500, 16852, 1, 0, 0
564600, 14843, 1, 0, 0
564700, 16556, 1, 0, 0
564800, 16102, 1, 0, 0
564900, 14566, 1, 0, 0
565000, 13233, 1, 0, 0
565100, 17934, 1, 0, 0
565201, 13406, 1, 0, 0
565300, 14688, 1, 0, 0
565400, 15569, 1, 0, 0
565500, 17512, 1, 0, 0
565600, 16337, 1, 0, 0
565700, 15446, 1, 0, 0
565800, 14757, 1, 0, 0
565900, 14380, 1, 0, 0
566000, 15843, 1, 0, 0
566100, 13369, 1, 0, 0
566201, 18035, 1, 0, 0
566301, 17630, 1, 0, 0
566400, 15183, 1, 0, 0
566501, 13690, 1, 0, 0
566600, 15097, 1, 0, 0
566700, 16009, 1, 0, 0
566800, 16563, 1, 0, 0
566901, 14651, 1, 0, 0
567000, 13765, 1, 0, 0
567100, 14920, 1, 0, 0
567200, 17581, 1, 0, 0
567300, 13328, 1, 0, 0
567400, 15460, 1, 0, 0
567500, 14259, 1, 0, 0
567600, 13662, 1, 0, 0
567700, 16842, 1, 0, 0
567800, 13435, 1, 0, 0
567900, 14496, 1, 0, 0
568000, 13560, 1, 0, 0
568100, 13566, 1, 0, 0
568200, 16324, 1, 0, 0
568300, 17376, 1, 0, 0
568400, 18386, 1, 0, 0
568501, 16289, 1, 0, 0
568600, 18514, 1, 0, 0
568700, 15232, 1, 0, 0
568800, 15881, 1, 0, 0
568900, 14584, 1, 0, 0
569000, 16307, 1, 0, 0
569100, 15461, 1, 0, 0
569200, 15437, 1, 0, 0
569300, 13667, 1, 0, 0
569400, 14044, 1, 0, 0
569500, 17693, 1, 0, 0
569600, 17965, 1, 0, 0
569700, 15866, 1, 0, 0
569800, 16378, 1, 0, 0
569900, 18312, 1, 0, 0
570000, 15074, 1, 0, 0
570100, 15607, 1, 0, 0
570201, 13772, 1, 0, 0
570302, 16994, 1, 0, 0
570400, 16105, 1, 0, 0
570500, 15636, 1, 0, 0
570600, 14526, 1, 0, 0
570700, 13840, 1, 0, 0
570800, 15565, 1, 0, 0
570900, 17395, 1, 0, 0
571000, 16798, 1, 0, 0
571100, 16476, 1, 0, 0
571200, 15735, 1, 0, 0
571300, 13764, 1, 0, 0
571400, 14493, 1, 0, 0
571500, 16612, 1, 0, 0
571600, 13966, 1, 0, 0
571700, 18446, 1, 0, 0
571800, 17949, 1, 0, 0
571900, 13956, 1, 0, 0
572000, 13523, 1, 0, 0
572100, 13416, 1, 0, 0
572200, 16487, 1, 0, 0
572300, 14007, 1, 0, 0
572400, 16139, 1, 0, 0
572500, 16561, 1, 0, 0
572600, 16113, 1, 0, 0
572700, 16582, 1, 0, 0
572800, 20465, 1, 0, 0
572901, 14549, 1, 0, 0
573000, 16608, 1, 0, 0
573100, 18043, 1, 0, 0
573201, 20159, 1, 0, 0
573300, 16516, 1, 0, 0
573400, 13564, 1, 0, 0
573500, 17043, 1, 0, 0
573600, 13576, 1, 0, 0
573700, 17894, 1, 0, 0
573800, 21233, 1, 0, 0
573900, 19463, 1, 0, 0
574000, 15018, 1, 0, 0
574100, 15227, 1, 0, 0
574200, 15569, 1, 0, 0
574300, 16024, 1, 0, 0
574400, 14452, 1, 0, 0
574500, 14047, 1, 0, 0
574601, 18355, 1, 0, 0
574701, 16370, 1, 0, 0
574801, 15783, 1, 0, 0
574900, 16113, 1, 0, 0
575000, 14392, 1, 0, 0
575100, 14112, 1, 0, 0
575200, 17363, 1, 0, 0
575300, 14682, 1, 0, 0
575400, 14947, 1, 0, 0
575500, 17481, 1, 0, 0
575600, 15755, 1, 0, 0
575700, 15331, 1, 0, 0
575800, 15204, 1, 0, 0
575900, 17005, 1, 0, 0
576000, 17090, 1, 0, 0
576100, 17102, 1, 0, 0
576200, 15064, 1, 0, 0
576300, 20494, 1, 0, 0
576400, 15109, 1, 0, 0
576500, 14142, 1, 0, 0
576601, 13477, 1, 0, 0
576700, 15785, 1, 0, 0
576800, 16285, 1, 0, 0
576900, 19394, 1, 0, 0
577000, 14070, 1, 0, 0
577101, 18820, 1, 0, 0
577200, 16060, 1, 0, 0
577300, 15569, 1, 0, 0
577400, 16789, 1, 0, 0
577500, 15547, 1, 0, 0
577600, 15299, 1, 0, 0
577700, 16888, 1, 0, 0
577800, 15106, 1, 0, 0
577900, 15847, 1, 0, 0
578001, 15803, 1, 0, 0
578100, 13670, 1, 0, 0
578200, 13358, 1, 0, 0
578300, 16176, 1, 0, 0
578400, 13126, 1, 0, 0
578501, 16479, 1, 0, 0
578600, 14788, 1, 0, 0
578700, 12858, 1, 0, 0
578800, 16819, 1, 0, 0
578900, 17062, 1, 0, 0
579000, 16179, 1, 0, 0
579100, 17165, 1, 0, 0
579200, 15112, 1, 0, 0
579300, 17996, 1, 0, 0
579400, 17513, 1, 0, 0
579500, 13819, 1, 0, 0
579600, 14068, 1, 0, 0
579700, 14178, 1, 0, 0
579801, 17453, 1, 0, 0
579900, 19104, 1, 0, 0
580000, 17179, 1, 0, 0
580100, 18894, 1, 0, 0
580200, 17193, 1, 0, 0
580301, 13127, 1, 0, 0
580400, 14008, 1, 0, 0
580500, 17640, 1, 0, 0
580600, 13210, 1, 0, 0
580700, 13933, 1, 0, 0
580800, 16465, 1, 0, 0
580900, 15080, 1, 0, 0
581000, 13227, 1, 0, 0
581100, 17660, 1, 0, 0
581200, 15374, 1, 0, 0
581300, 18659, 1, 0, 0
581400, 16446, 1, 0, 0
581500, 17919, 1, 0, 0
581600, 15350, 1, 0, 0
581700, 14713, 1, 0, 0
581800, 15247, 1, 0, 0
581900, 13722, 1, 0, 0
582000, 18762, 1, 0, 0
582101, 17875, 1, 0, 0
582200, 16396, 1, 0, 0
582300, 13609, 1, 0, 0
582400, 18706, 1, 0, 0
582500, 15173, 1, 0, 0
582600, 15873, 1, 0, 0
582700, 13176, 1, 0, 0
582800, 16534, 1, 0, 0
582900, 14030, 1, 0, 0
583000, 16353, 1, 0, 0
583100, 14795, 1, 0, 0
583200, 15068, 1, 0, 0
583300, 16800, 1, 0, 0
583400, 15850, 1, 0, 0
583501, 17508, 1, 0, 0
583600, 18292, 1, 0, 0
583700, 19072, 1, 0, 0
583800, 15061, 1, 0, 0
583900, 13028, 1, 0, 0
584000, 12933, 1, 0, 0
584100, 15089, 1, 0, 0
584200, 20793, 1, 0, 0
584300, 13701, 1, 0, 0
584400, 13892, 1, 0, 0
584500, 13760, 1, 0, 0
584600, 14185, 1, 0, 0
584700, 15142, 1, 0, 0
584800, 18464, 1, 0, 0
584900, 17066, 1, 0, 0
585000, 16697, 1, 0, 0
585100, 16723, 1, 0, 0
585201, 15709, 1, 0, 0
585300, 17624, 1, 0, 0
585400, 14002, 1, 0, 0
585501, 14331, 1, 0, 0
585600, 16720, 1, 0, 0
585700, 14930, 1, 0, 0
585800, 16583, 1, 0, 0
585900, 14983, 1, 0, 0
586000, 18832, 1, 0, 0
586100, 13904, 1, 0, 0
586200, 17728, 1, 0, 0
586301, 16255, 1, 0, 0
586400, 19108, 1, 0, 0
586500, 16872, 1, 0, 0
586600, 18174, 1, 0, 0
586700, 15352, 1, 0, 0
586800, 14658, 1, 0, 0
586900, 20221, 1, 0, 0
587000, 18312, 1, 0, 0
587100, 14782, 1, 0, 0
587200, 15336, 1, 0, 0
587300, 17724, 1, 0, 0
587400, 17843, 1, 0, 0
587500, 13871, 1, 0, 0
587600, 14962, 1, 0, 0
587700, 14147, 1, 0, 0
587800, 16381, 1, 0, 0
587900, 17377, 1, 0, 0
588000, 15704, 1, 0, 0
588100, 13829, 1, 0, 0
588200, 14394, 1, 0, 0
588300, 14783, 1, 0, 0
588400, 14330, 1, 0, 0
588500, 15618, 1, 0, 0
588600, 13891, 1, 0, 0
588700, 19223, 1, 0, 0
588800, 13754, 1, 0, 0
588901, 19224, 1, 0, 0
589000, 14321, 1, 0, 0
589100, 17850, 1, 0, 0
589200, 15958, 1, 0, 0
589300, 15209, 1, 0, 0
589400, 16015, 1, 0, 0
589500, 19019, 1, 0, 0
589600, 15859, 1, 0, 0
589700, 16679, 1, 0, 0
589800, 18009, 1, 0, 0
589900, 18863, 1, 0, 0
590000, 13535, 1, 0, 0
590100, 13498, 1, 0, 0
590200, 15019, 1, 0, 0
590300, 16911, 1, 0, 0
590400, 14599, 1, 0, 0
590500, 15609, 1, 0, 0
590600, 16039, 1, 0, 0
590700, 15835, 1, 0, 0
590800, 14423, 1, 0, 0
590900, 17964, 1, 0, 0
591000, 14943, 1, 0, 0
591100, 13857, 1, 0, 0
591200, 15986, 1, 0, 0
591300, 16218, 1, 0, 0
591400, 16748, 1, 0, 0
591500, 18942, 1, 0, 0
591600, 14140, 1, 0, 0
591700, 14167, 1, 0, 0
591800, 14900, 1, 0, 0
591900, 15076, 1, 0, 0
592000, 16398, 1, 0, 0
592100, 13281, 1, 0, 0
592200, 14219, 1, 0, 0
592300, 13600, 1, 0, 0
592400, 14606, 1, 0, 0
592500, 13829, 1, 0, 0
592600, 16417, 1, 0, 0
592701, 19218, 1, 0, 0
592800, 18856, 1, 0, 0
592900, 16703, 1, 0, 0
593000, 16609, 1, 0, 0
593100, 13689, 1, 0, 0
593200, 14024, 1, 0, 0
593300, 16945, 1, 0, 0
593400, 16549, 1, 0, 0
593500, 16403, 1, 0, 0
593600, 19662, 1, 0, 0
593700, 18435, 1, 0, 0
593800, 13758, 1, 0, 0
593900, 13845, 1, 0, 0
594000, 18795, 1, 0, 0
594101, 13627, 1, 0, 0
594200, 16224, 1, 0, 0
594300, 13905, 1, 0, 0
594400, 14037, 1, 0, 0
594500, 15119, 1, 0, 0
594600, 19384, 1, 0, 0
594700, 18979, 1, 0, 0
594800, 16761, 1, 0, 0
594900, 13156, 1, 0, 0
595000, 18724, 1, 0, 0
595100, 19019, 1, 0, 0
595200, 15056, 1, 0, 0
595301, 18788, 1, 0, 0
595400, 18424, 1, 0, 0
595500, 14210, 1, 0, 0
595600, 15820, 1, 0, 0
595700, 18714, 1, 0, 0
595800, 16705, 1, 0, 0
595900, 17363, 1, 0, 0
596000, 15961, 1, 0, 0
596100, 17501, 1, 0, 0
596200, 18742, 1, 0, 0
596300, 16025, 1, 0, 0
596400, 14584, 1, 0, 0
596500, 13878, 1, 0, 0
596601, 16488, 1, 0, 0
596701, 14984, 1, 0, 0
596800, 15376, 1, 0, 0
596900, 13982, 1, 0, 0
597000, 18124, 1, 0, 0
597100, 14452, 1, 0, 0
597200, 14593, 1, 0, 0
597300, 13815, 1, 0, 0
597400, 14509, 1, 0, 0
597500, 17294, 1, 0, 0
597600, 14760, 1, 0, 0
597700, 14325, 1, 0, 0
597800, 19092, 1, 0, 0
597900, 16111, 1, 0, 0
598000, 16467, 1, 0, 0
598100, 15025, 1, 0, 0
598200, 16474, 1, 0, 0
598300, 16967, 1, 0, 0
598400, 15402, 1, 0, 0
598500, 17278, 1, 0, 0
598600, 15429, 1, 0, 0
598700, 12561, 1, 0, 0
598800, 14395, 1, 0, 0
598900, 19658, 1, 0, 0
599000, 16293, 1, 0, 0
599101, 14554, 1, 0, 0
599200, 14847, 1, 0, 0
599300, 13866, 1, 0, 0
599400, 13899, 1, 0, 0
599500, 16773, 1, 0, 0
599600, 16611, 1, 0, 0
599700, 13531, 1, 0, 0
599800, 15216, 1, 0, 0
599900, 14177, 1, 0, 0
600000, 16383, 1, 0, 0
