250, 768, 1, 0, 0
350, 770, 1, 0, 0
450, 800, 1, 0, 0
550, 760, 1, 0, 0
650, 830, 1, 0, 0
749, 777, 1, 0, 0
849, 720, 1, 0, 0
949, 750, 1, 0, 0
1049, 760, 1, 0, 0
1149, 810, 1, 0, 0
1250, 800, 1, 0, 0
1350, 760, 1, 0, 0
1450, 760, 1, 0, 0
1550, 740, 1, 0, 0
1650, 830, 1, 0, 0
1749, 808, 1, 0, 0
1849, 820, 1, 0, 0
1949, 800, 1, 0, 0
2049, 790, 1, 0, 0
2149, 820, 1, 0, 0
2250, 760, 1, 0, 0
2350, 800, 1, 0, 0
2450, 780, 1, 0, 0
2550, 800, 1, 0, 0
2650, 800, 1, 0, 0
2749, 797, 1, 0, 0
2849, 750, 1, 0, 0
2949, 790, 1, 0, 0
3049, 800, 1, 0, 0
3149, 740, 1, 0, 0
3249, 800, 1, 0, 0
3349, 820, 1, 0, 0
3449, 840, 1, 0, 0
3550, 740, 1, 0, 0
3650, 790, 1, 0, 0
3749, 787, 1, 0, 0
3849, 800, 1, 0, 0
3949, 800, 1, 0, 0
4049, 820, 1, 0, 0
4149, 780, 1, 0, 0
4249, 800, 1, 0, 0
4349, 800, 1, 0, 0
4449, 770, 1, 0, 0
4549, 790, 1, 0, 0
4649, 810, 1, 0, 0
4750, 760, 1, 0, 0
4850, 750, 1, 0, 0
4950, 780, 1, 0, 0
5050, 770, 1, 0, 0
5150, 790, 1, 0, 0
5249, 797, 1, 0, 0
5349, 810, 1, 0, 0
5449, 810, 1, 0, 0
5549, 780, 1, 0, 0
5649, 830, 1, 0, 0
5749, 810, 1, 0, 0
5849, 780, 1, 0, 0
5949, 850, 1, 0, 0
6050, 790, 1, 0, 0
6150, 810, 1, 0, 0
6249, 797, 1, 0, 0
6349, 740, 1, 0, 0
6449, 770, 1, 0, 0
6549, 800, 1, 0, 0
6649, 820, 1, 0, 0
6749, 780, 1, 0, 0
6849, 820, 1, 0, 0
6949, 790, 1, 0, 0
7049, 810, 1, 0, 0
7149, 750, 1, 0, 0
7250, 780, 1, 0, 0
7350, 810, 1, 0, 0
7450, 780, 1, 0, 0
7550, 810, 1, 0, 0
7650, 800, 1, 0, 0
7749, 767, 1, 0, 0
7849, 790, 1, 0, 0
7949, 800, 1, 0, 0
8049, 760, 1, 0, 0
8149, 760, 1, 0, 0
8249, 780, 1, 0, 0
8350, 790, 1, 0, 0
8450, 790, 1, 0, 0
8550, 810, 1, 0, 0
8650, 780, 1, 0, 0
8749, 818, 1, 0, 0
8849, 790, 1, 0, 0
8949, 790, 1, 0, 0
9049, 800, 1, 0, 0
9149, 800, 1, 0, 0
9249, 820, 1, 0, 0
9349, 820, 1, 0, 0
9449, 800, 1, 0, 0
9550, 790, 1, 0, 0
9650, 810, 1, 0, 0
9749, 818, 1, 0, 0
9849, 830, 1, 0, 0
9949, 790, 1, 0, 0
10049, 860, 1, 0, 0
10149, 790, 1, 0, 0
10249, 810, 1, 0, 0
10349, 850, 1, 0, 0
10449, 830, 1, 0, 0
10549, 840, 1, 0, 0
10650, 810, 1, 0, 0
10749, 848, 1, 0, 0
10849, 880, 1, 0, 0
10949, 830, 1, 0, 0
11049, 790, 1, 0, 0
11149, 760, 1, 0, 0
11249, 830, 1, 0, 0
11349, 830, 1, 0, 0
11449, 850, 1, 0, 0
11549, 850, 1, 0, 0
11649, 840, 1, 0, 0
11750, 820, 1, 0, 0
11850, 770, 1, 0, 0
11950, 870, 1, 0, 0
12050, 840, 1, 0, 0
12150, 830, 1, 0, 0
12249, 828, 1, 0, 0
12349, 850, 1, 0, 0
12449, 790, 1, 0, 0
12549, 780, 1, 0, 0
12649, 820, 1, 0, 0
12749, 860, 1, 0, 0
12849, 860, 1, 0, 0
12950, 820, 1, 0, 0
13050, 830, 1, 0, 0
13150, 790, 1, 0, 0
13249, 858, 1, 0, 0
13349, 820, 1, 0, 0
13449, 840, 1, 0, 0
13549, 860, 1, 0, 0
13649, 910, 1, 0, 0
13749, 800, 1, 0, 0
13849, 860, 1, 0, 0
13949, 830, 1, 0, 0
14050, 870, 1, 0, 0
14150, 880, 1, 0, 0
14249, 848, 1, 0, 0
14349, 780, 1, 0, 0
14449, 860, 1, 0, 0
14549, 850, 1, 0, 0
14649, 810, 1, 0, 0
14749, 840, 1, 0, 0
14849, 870, 1, 0, 0
14949, 890, 1, 0, 0
15049, 850, 1, 0, 0
15149, 840, 1, 0, 0
15250, 890, 1, 0, 0
15350, 840, 1, 0, 0
15450, 850, 1, 0, 0
15550, 810, 1, 0, 0
15650, 810, 1, 0, 0
15749, 858, 1, 0, 0
15849, 860, 1, 0, 0
15949, 850, 1, 0, 0
16049, 840, 1, 0, 0
16149, 840, 1, 0, 0
16249, 850, 1, 0, 0
16349, 800, 1, 0, 0
16449, 840, 1, 0, 0
16550, 890, 1, 0, 0
16650, 900, 1, 0, 0
16749, 858, 1, 0, 0
16849, 840, 1, 0, 0
16949, 840, 1, 0, 0
17049, 830, 1, 0, 0
17149, 850, 1, 0, 0
17249, 830, 1, 0, 0
17349, 800, 1, 0, 0
17449, 920, 1, 0, 0
17549, 890, 1, 0, 0
17649, 860, 1, 0, 0
17750, 880, 1, 0, 0
17850, 880, 1, 0, 0
17950, 870, 1, 0, 0
18050, 830, 1, 0, 0
18150, 820, 1, 0, 0
18249, 848, 1, 0, 0
18349, 860, 1, 0, 0
18449, 850, 1, 0, 0
18549, 890, 1, 0, 0
18649, 880, 1, 0, 0
18749, 860, 1, 0, 0
18849, 800, 1, 0, 0
18950, 920, 1, 0, 0
19050, 880, 1, 0, 0
19150, 830, 1, 0, 0
19249, 828, 1, 0, 0
19349, 830, 1, 0, 0
19449, 850, 1, 0, 0
19549, 830, 1, 0, 0
19649, 840, 1, 0, 0
19749, 840, 1, 0, 0
19849, 860, 1, 0, 0
19949, 870, 1, 0, 0
20049, 880, 1, 0, 0
20150, 860, 1, 0, 0
20250, 850, 1, 0, 0
20350, 850, 1, 0, 0
20450, 870, 1, 0, 0
20550, 860, 1, 0, 0
20650, 870, 1, 0, 0
20749, 858, 1, 0, 0
20849, 840, 1, 0, 0
20949, 840, 1, 0, 0
21049, 840, 1, 0, 0
21149, 840, 1, 0, 0
21249, 870, 1, 0, 0
21350, 870, 1, 0, 0
21450, 870, 1, 0, 0
21550, 820, 1, 0, 0
21650, 850, 1, 0, 0
21749, 848, 1, 0, 0
21849, 860, 1, 0, 0
21949, 830, 1, 0, 0
22049, 900, 1, 0, 0
22149, 870, 1, 0, 0
22249, 860, 1, 0, 0
22349, 860, 1, 0, 0
22449, 850, 1, 0, 0
22550, 840, 1, 0, 0
22650, 820, 1, 0, 0
22749, 898, 1, 0, 0
22849, 870, 1, 0, 0
22949, 860, 1, 0, 0
23049, 900, 1, 0, 0
23149, 810, 1, 0, 0
23249, 900, 1, 0, 0
23349, 760, 1, 0, 0
23449, 820, 1, 0, 0
23549, 850, 1, 0, 0
23649, 860, 1, 0, 0
23750, 800, 1, 0, 0
23850, 820, 1, 0, 0
23950, 850, 1, 0, 0
24050, 890, 1, 0, 0
24150, 870, 1, 0, 0
24249, 888, 1, 0, 0
24349, 870, 1, 0, 0
24449, 800, 1, 0, 0
24549, 890, 1, 0, 0
24649, 810, 1, 0, 0
24750, 850, 1, 0, 0
24850, 870, 1, 0, 0
24950, 860, 1, 0, 0
25050, 850, 1, 0, 0
25150, 880, 1, 0, 0
25249, 868, 1, 0, 0
25349, 850, 1, 0, 0
25449, 830, 1, 0, 0
25549, 900, 1, 0, 0
25649, 850, 1, 0, 0
25749, 830, 1, 0, 0
25849, 840, 1, 0, 0
25949, 840, 1, 0, 0
26050, 850, 1, 0, 0
26150, 860, 1, 0, 0
26249, 878, 1, 0, 0
26349, 890, 1, 0, 0
26449, 840, 1, 0, 0
26549, 830, 1, 0, 0
26649, 850, 1, 0, 0
26749, 840, 1, 0, 0
26849, 830, 1, 0, 0
26949, 830, 1, 0, 0
27049, 890, 1, 0, 0
27149, 860, 1, 0, 0
27250, 890, 1, 0, 0
27350, 900, 1, 0, 0
27450, 880, 1, 0, 0
27550, 920, 1, 0, 0
27650, 870, 1, 0, 0
27749, 848, 1, 0, 0
27849, 910, 1, 0, 0
27949, 860, 1, 0, 0
28049, 830, 1, 0, 0
28149, 870, 1, 0, 0
28249, 880, 1, 0, 0
28349, 870, 1, 0, 0
28449, 900, 1, 0, 0
28550, 890, 1, 0, 0
28650, 900, 1, 0, 0
28749, 888, 1, 0, 0
28849, 860, 1, 0, 0
28949, 920, 1, 0, 0
29049, 790, 1, 0, 0
29149, 870, 1, 0, 0
29249, 870, 1, 0, 0
29349, 890, 1, 0, 0
29449, 850, 1, 0, 0
29549, 870, 1, 0, 0
29650, 860, 1, 0, 0
29750, 870, 1, 0, 0
29850, 930, 1, 0, 0
29950, 830, 1, 0, 0
30050, 900, 1, 0, 0
30150, 910, 1, 0, 0
30249, 868, 1, 0, 0
30349, 860, 1, 0, 0
30449, 900, 1, 0, 0
30549, 850, 1, 0, 0
30649, 890, 1, 0, 0
30749, 890, 1, 0, 0
30850, 850, 1, 0, 0
30950, 920, 1, 0, 0
31050, 880, 1, 0, 0
31150, 900, 1, 0, 0
31249, 878, 1, 0, 0
31349, 870, 1, 0, 0
31449, 900, 1, 0, 0
31549, 880, 1, 0, 0
31649, 890, 1, 0, 0
31749, 900, 1, 0, 0
31849, 930, 1, 0, 0
31949, 870, 1, 0, 0
32050, 940, 1, 0, 0
32150, 910, 1, 0, 0
32249, 878, 1, 0, 0
32349, 900, 1, 0, 0
32449, 880, 1, 0, 0
32549, 900, 1, 0, 0
32649, 870, 1, 0, 0
32749, 910, 1, 0, 0
32849, 910, 1, 0, 0
32949, 900, 1, 0, 0
33049, 890, 1, 0, 0
33149, 920, 1, 0, 0
33250, 920, 1, 0, 0
33350, 920, 1, 0, 0
33450, 880, 1, 0, 0
33550, 920, 1, 0, 0
33650, 880, 1, 0, 0
33749, 909, 1, 0, 0
33849, 940, 1, 0, 0
33949, 890, 1, 0, 0
34049, 890, 1, 0, 0
34149, 890, 1, 0, 0
34249, 920, 1, 0, 0
34349, 840, 1, 0, 0
34449, 870, 1, 0, 0
34550, 910, 1, 0, 0
34650, 890, 1, 0, 0
34749, 909, 1, 0, 0
34849, 910, 1, 0, 0
34949, 890, 1, 0, 0
35049, 920, 1, 0, 0
35149, 850, 1, 0, 0
35249, 900, 1, 0, 0
35349, 860, 1, 0, 0
35449, 890, 1, 0, 0
35549, 910, 1, 0, 0
35649, 900, 1, 0, 0
35750, 930, 1, 0, 0
35850, 860, 1, 0, 0
35950, 880, 1, 0, 0
36050, 890, 1, 0, 0
36150, 890, 1, 0, 0
36249, 929, 1, 0, 0
36349, 910, 1, 0, 0
36449, 900, 1, 0, 0
36549, 900, 1, 0, 0
36649, 910, 1, 0, 0
36749, 900, 1, 0, 0
36849, 880, 1, 0, 0
36949, 850, 1, 0, 0
37050, 880, 1, 0, 0
37150, 880, 1, 0, 0
37249, 898, 1, 0, 0
37349, 870, 1, 0, 0
37449, 860, 1, 0, 0
37549, 910, 1, 0, 0
37649, 880, 1, 0, 0
37749, 860, 1, 0, 0
37849, 900, 1, 0, 0
37949, 900, 1, 0, 0
38049, 920, 1, 0, 0
38150, 920, 1, 0, 0
38250, 860, 1, 0, 0
38350, 900, 1, 0, 0
38450, 860, 1, 0, 0
38550, 880, 1, 0, 0
38650, 830, 1, 0, 0
38749, 888, 1, 0, 0
38849, 850, 1, 0, 0
38949, 930, 1, 0, 0
39049, 900, 1, 0, 0
39149, 850, 1, 0, 0
39249, 890, 1, 0, 0
39350, 870, 1, 0, 0
39450, 890, 1, 0, 0
39550, 890, 1, 0, 0
39650, 870, 1, 0, 0
39749, 858, 1, 0, 0
39849, 910, 1, 0, 0
39949, 890, 1, 0, 0
40049, 890, 1, 0, 0
40149, 940, 1, 0, 0
40249, 840, 1, 0, 0
40349, 860, 1, 0, 0
40449, 840, 1, 0, 0
40550, 920, 1, 0, 0
40650, 930, 1, 0, 0
40749, 949, 1, 0, 0
40849, 870, 1, 0, 0
40949, 950, 1, 0, 0
41049, 880, 1, 0, 0
41149, 860, 1, 0, 0
41249, 910, 1, 0, 0
41349, 890, 1, 0, 0
41449, 930, 1, 0, 0
41549, 920, 1, 0, 0
41650, 900, 1, 0, 0
41749, 929, 1, 0, 0
41849, 890, 1, 0, 0
41949, 900, 1, 0, 0
42049, 930, 1, 0, 0
42149, 950, 1, 0, 0
42249, 890, 1, 0, 0
42349, 900, 1, 0, 0
42449, 930, 1, 0, 0
42549, 880, 1, 0, 0
42649, 930, 1, 0, 0
42750, 850, 1, 0, 0
42850, 900, 1, 0, 0
42950, 920, 1, 0, 0
43050, 930, 1, 0, 0
43150, 910, 1, 0, 0
43249, 919, 1, 0, 0
43349, 870, 1, 0, 0
43449, 870, 1, 0, 0
43549, 860, 1, 0, 0
43649, 950, 1, 0, 0
43749, 900, 1, 0, 0
43849, 900, 1, 0, 0
43949, 880, 1, 0, 0
44050, 900, 1, 0, 0
44150, 860, 1, 0, 0
44249, 919, 1, 0, 0
44349, 920, 1, 0, 0
44449, 920, 1, 0, 0
44549, 910, 1, 0, 0
44649, 910, 1, 0, 0
44749, 880, 1, 0, 0
44849, 880, 1, 0, 0
44949, 900, 1, 0, 0
45049, 890, 1, 0, 0
45149, 880, 1, 0, 0
45250, 870, 1, 0, 0
45350, 900, 1, 0, 0
45450, 900, 1, 0, 0
45550, 910, 1, 0, 0
45650, 890, 1, 0, 0
45749, 888, 1, 0, 0
45849, 860, 1, 0, 0
45949, 840, 1, 0, 0
46049, 900, 1, 0, 0
46149, 880, 1, 0, 0
46249, 930, 1, 0, 0
46349, 870, 1, 0, 0
46449, 890, 1, 0, 0
46549, 880, 1, 0, 0
46650, 880, 1, 0, 0
46750, 840, 1, 0, 0
46850, 900, 1, 0, 0
46950, 860, 1, 0, 0
47050, 920, 1, 0, 0
47150, 880, 1, 0, 0
47249, 888, 1, 0, 0
47349, 900, 1, 0, 0
47449, 870, 1, 0, 0
47549, 880, 1, 0, 0
47649, 860, 1, 0, 0
47749, 870, 1, 0, 0
47850, 900, 1, 0, 0
47950, 850, 1, 0, 0
48050, 910, 1, 0, 0
48150, 920, 1, 0, 0
48249, 878, 1, 0, 0
48349, 910, 1, 0, 0
48449, 900, 1, 0, 0
48549, 910, 1, 0, 0
48649, 900, 1, 0, 0
48749, 850, 1, 0, 0
48849, 880, 1, 0, 0
48949, 900, 1, 0, 0
49049, 920, 1, 0, 0
49150, 880, 1, 0, 0
49250, 860, 1, 0, 0
49350, 930, 1, 0, 0
49450, 920, 1, 0, 0
49550, 900, 1, 0, 0
49650, 900, 1, 0, 0
49749, 878, 1, 0, 0
49849, 900, 1, 0, 0
49949, 860, 1, 0, 0
50049, 920, 1, 0, 0
50149, 910, 1, 0, 0
50249, 930, 1, 0, 0
50350, 930, 1, 0, 0
50450, 910, 1, 0, 0
50550, 920, 1, 0, 0
50650, 900, 1, 0, 0
50749, 909, 1, 0, 0
50849, 920, 1, 0, 0
50949, 900, 1, 0, 0
51049, 880, 1, 0, 0
51149, 900, 1, 0, 0
51249, 890, 1, 0, 0
51349, 900, 1, 0, 0
51449, 920, 1, 0, 0
51550, 920, 1, 0, 0
51650, 920, 1, 0, 0
51749, 909, 1, 0, 0
51849, 930, 1, 0, 0
51949, 930, 1, 0, 0
52049, 950, 1, 0, 0
52149, 860, 1, 0, 0
52249, 920, 1, 0, 0
52349, 890, 1, 0, 0
52449, 910, 1, 0, 0
52549, 920, 1, 0, 0
52649, 900, 1, 0, 0
52750, 890, 1, 0, 0
52850, 880, 1, 0, 0
52950, 930, 1, 0, 0
53050, 880, 1, 0, 0
53150, 880, 1, 0, 0
53249, 949, 1, 0, 0
53349, 890, 1, 0, 0
53449, 880, 1, 0, 0
53550, 930, 1, 0, 0
53650, 920, 1, 0, 0
53749, 909, 1, 0, 0
53849, 940, 1, 0, 0
53949, 890, 1, 0, 0
54049, 880, 1, 0, 0
54149, 960, 1, 0, 0
54249, 900, 1, 0, 0
54349, 900, 1, 0, 0
54449, 900, 1, 0, 0
54549, 960, 1, 0, 0
54650, 920, 1, 0, 0
54750, 890, 1, 0, 0
54850, 910, 1, 0, 0
54950, 970, 1, 0, 0
55050, 930, 1, 0, 0
55150, 930, 1, 0, 0
55249, 898, 1, 0, 0
55349, 930, 1, 0, 0
55449, 870, 1, 0, 0
55549, 900, 1, 0, 0
55649, 880, 1, 0, 0
55749, 870, 1, 0, 0
55850, 870, 1, 0, 0
55950, 920, 1, 0, 0
56050, 890, 1, 0, 0
56150, 890, 1, 0, 0
56249, 878, 1, 0, 0
56349, 880, 1, 0, 0
56449, 860, 1, 0, 0
56549, 940, 1, 0, 0
56649, 910, 1, 0, 0
56749, 900, 1, 0, 0
56849, 950, 1, 0, 0
56949, 900, 1, 0, 0
57050, 910, 1, 0, 0
57150, 900, 1, 0, 0
57249, 888, 1, 0, 0
57349, 850, 1, 0, 0
57449, 970, 1, 0, 0
57549, 910, 1, 0, 0
57649, 910, 1, 0, 0
57749, 900, 1, 0, 0
57849, 870, 1, 0, 0
57949, 870, 1, 0, 0
58049, 880, 1, 0, 0
58149, 870, 1, 0, 0
58249, 900, 1, 0, 0
58349, 900, 1, 0, 0
58450, 850, 1, 0, 0
58550, 880, 1, 0, 0
58650, 920, 1, 0, 0
58749, 929, 1, 0, 0
58849, 890, 1, 0, 0
58949, 870, 1, 0, 0
59049, 830, 1, 0, 0
59149, 870, 1, 0, 0
59249, 920, 1, 0, 0
59349, 850, 1, 0, 0
59449, 880, 1, 0, 0
59550, 910, 1, 0, 0
59650, 880, 1, 0, 0
59749, 868, 1, 0, 0
59849, 870, 1, 0, 0
59949, 930, 1, 0, 0
60049, 910, 1, 0, 0
60149, 890, 1, 0, 0
60249, 890, 1, 0, 0
60349, 880, 1, 0, 0
60449, 920, 1, 0, 0
60549, 890, 1, 0, 0
60649, 850, 1, 0, 0
60749, 900, 1, 0, 0
60850, 910, 1, 0, 0
60950, 840, 1, 0, 0
61050, 870, 1, 0, 0
61150, 890, 1, 0, 0
61249, 929, 1, 0, 0
61349, 890, 1, 0, 0
61449, 890, 1, 0, 0
61549, 890, 1, 0, 0
61649, 900, 1, 0, 0
61749, 860, 1, 0, 0
61849, 880, 1, 0, 0
61949, 840, 1, 0, 0
62049, 860, 1, 0, 0
62149, 880, 1, 0, 0
62250, 890, 1, 0, 0
62350, 850, 1, 0, 0
62450, 890, 1, 0, 0
62550, 900, 1, 0, 0
62650, 880, 1, 0, 0
62749, 898, 1, 0, 0
62849, 890, 1, 0, 0
62949, 940, 1, 0, 0
63049, 900, 1, 0, 0
63149, 900, 1, 0, 0
63249, 850, 1, 0, 0
63349, 880, 1, 0, 0
63450, 890, 1, 0, 0
63550, 890, 1, 0, 0
63650, 900, 1, 0, 0
63749, 939, 1, 0, 0
63849, 870, 1, 0, 0
63949, 920, 1, 0, 0
64049, 900, 1, 0, 0
64149, 950, 1, 0, 0
64249, 880, 1, 0, 0
64349, 910, 1, 0, 0
64449, 900, 1, 0, 0
64550, 890, 1, 0, 0
64650, 840, 1, 0, 0
64749, 888, 1, 0, 0
64849, 810, 1, 0, 0
64949, 880, 1, 0, 0
65049, 890, 1, 0, 0
65149, 910, 1, 0, 0
65249, 870, 1, 0, 0
65349, 890, 1, 0, 0
65449, 910, 1, 0, 0
65549, 880, 1, 0, 0
65649, 910, 1, 0, 0
65750, 880, 1, 0, 0
65850, 870, 1, 0, 0
65950, 840, 1, 0, 0
66050, 900, 1, 0, 0
66150, 880, 1, 0, 0
66249, 929, 1, 0, 0
66349, 900, 1, 0, 0
66449, 900, 1, 0, 0
66549, 920, 1, 0, 0
66649, 860, 1, 0, 0
66749, 920, 1, 0, 0
66849, 930, 1, 0, 0
66949, 890, 1, 0, 0
67050, 920, 1, 0, 0
67150, 890, 1, 0, 0
67249, 878, 1, 0, 0
67349, 860, 1, 0, 0
67449, 880, 1, 0, 0
67549, 890, 1, 0, 0
67649, 910, 1, 0, 0
67749, 870, 1, 0, 0
67849, 840, 1, 0, 0
67949, 880, 1, 0, 0
68049, 910, 1, 0, 0
68149, 890, 1, 0, 0
68250, 890, 1, 0, 0
68350, 950, 1, 0, 0
68450, 890, 1, 0, 0
68550, 960, 1, 0, 0
68650, 930, 1, 0, 0
68749, 898, 1, 0, 0
68849, 870, 1, 0, 0
68949, 960, 1, 0, 0
69049, 860, 1, 0, 0
69149, 920, 1, 0, 0
69249, 940, 1, 0, 0
69349, 910, 1, 0, 0
69449, 890, 1, 0, 0
69549, 900, 1, 0, 0
69650, 900, 1, 0, 0
69749, 979, 1, 0, 0
69849, 930, 1, 0, 0
69949, 960, 1, 0, 0
70049, 920, 1, 0, 0
70149, 960, 1, 0, 0
70249, 920, 1, 0, 0
70349, 940, 1, 0, 0
70449, 900, 1, 0, 0
70549, 900, 1, 0, 0
70649, 870, 1, 0, 0
70750, 940, 1, 0, 0
70850, 930, 1, 0, 0
70950, 890, 1, 0, 0
71050, 920, 1, 0, 0
71150, 940, 1, 0, 0
71249, 969, 1, 0, 0
71349, 900, 1, 0, 0
71449, 940, 1, 0, 0
71549, 960, 1, 0, 0
71649, 940, 1, 0, 0
71749, 950, 1, 0, 0
71849, 910, 1, 0, 0
71949, 870, 1, 0, 0
72050, 860, 1, 0, 0
72150, 920, 1, 0, 0
72249, 909, 1, 0, 0
72349, 870, 1, 0, 0
72449, 930, 1, 0, 0
72549, 880, 1, 0, 0
72649, 910, 1, 0, 0
72749, 910, 1, 0, 0
72849, 900, 1, 0, 0
72949, 920, 1, 0, 0
73049, 930, 1, 0, 0
73149, 880, 1, 0, 0
73250, 910, 1, 0, 0
73350, 910, 1, 0, 0
73450, 930, 1, 0, 0
73550, 910, 1, 0, 0
73650, 920, 1, 0, 0
73749, 929, 1, 0, 0
73849, 880, 1, 0, 0
73949, 950, 1, 0, 0
74049, 940, 1, 0, 0
74149, 940, 1, 0, 0
74250, 900, 1, 0, 0
74350, 930, 1, 0, 0
74450, 940, 1, 0, 0
74550, 950, 1, 0, 0
74650, 960, 1, 0, 0
74749, 929, 1, 0, 0
74849, 930, 1, 0, 0
74949, 960, 1, 0, 0
75049, 950, 1, 0, 0
75149, 950, 1, 0, 0
75249, 990, 1, 0, 0
75349, 950, 1, 0, 0
75449, 920, 1, 0, 0
75550, 910, 1, 0, 0
75650, 960, 1, 0, 0
75749, 949, 1, 0, 0
75849, 930, 1, 0, 0
75949, 990, 1, 0, 0
76049, 920, 1, 0, 0
76149, 950, 1, 0, 0
76249, 900, 1, 0, 0
76349, 920, 1, 0, 0
76449, 930, 1, 0, 0
76549, 910, 1, 0, 0
76650, 910, 1, 0, 0
76750, 950, 1, 0, 0
76850, 930, 1, 0, 0
76950, 910, 1, 0, 0
77050, 950, 1, 0, 0
77150, 940, 1, 0, 0
77249, 909, 1, 0, 0
77349, 960, 1, 0, 0
77449, 960, 1, 0, 0
77549, 910, 1, 0, 0
77649, 930, 1, 0, 0
77749, 930, 1, 0, 0
77849, 910, 1, 0, 0
77950, 960, 1, 0, 0
78050, 930, 1, 0, 0
78150, 890, 1, 0, 0
78249, 898, 1, 0, 0
78349, 910, 1, 0, 0
78449, 880, 1, 0, 0
78549, 910, 1, 0, 0
78649, 920, 1, 0, 0
78749, 920, 1, 0, 0
78849, 850, 1, 0, 0
78949, 920, 1, 0, 0
79049, 910, 1, 0, 0
79150, 910, 1, 0, 0
79250, 920, 1, 0, 0
79350, 970, 1, 0, 0
79450, 910, 1, 0, 0
79550, 950, 1, 0, 0
79650, 940, 1, 0, 0
79749, 919, 1, 0, 0
79849, 950, 1, 0, 0
79949, 900, 1, 0, 0
80049, 910, 1, 0, 0
80149, 900, 1, 0, 0
80249, 870, 1, 0, 0
80350, 890, 1, 0, 0
80450, 920, 1, 0, 0
80550, 900, 1, 0, 0
80650, 940, 1, 0, 0
80749, 909, 1, 0, 0
80849, 910, 1, 0, 0
80949, 910, 1, 0, 0
81049, 880, 1, 0, 0
81149, 890, 1, 0, 0
81249, 920, 1, 0, 0
81349, 870, 1, 0, 0
81449, 960, 1, 0, 0
81549, 900, 1, 0, 0
81650, 920, 1, 0, 0
81750, 870, 1, 0, 0
81850, 880, 1, 0, 0
81950, 940, 1, 0, 0
82050, 920, 1, 0, 0
82150, 910, 1, 0, 0
82249, 929, 1, 0, 0
82349, 900, 1, 0, 0
82449, 930, 1, 0, 0
82549, 940, 1, 0, 0
82649, 920, 1, 0, 0
82750, 950, 1, 0, 0
82850, 950, 1, 0, 0
82950, 900, 1, 0, 0
83050, 900, 1, 0, 0
83150, 900, 1, 0, 0
83249, 909, 1, 0, 0
83349, 840, 1, 0, 0
83449, 940, 1, 0, 0
83549, 930, 1, 0, 0
83649, 910, 1, 0, 0
83749, 920, 1, 0, 0
83849, 910, 1, 0, 0
83949, 890, 1, 0, 0
84050, 960, 1, 0, 0
84150, 900, 1, 0, 0
84249, 939, 1, 0, 0
84349, 960, 1, 0, 0
84449, 910, 1, 0, 0
84549, 900, 1, 0, 0
84649, 930, 1, 0, 0
84749, 890, 1, 0, 0
84849, 910, 1, 0, 0
84949, 920, 1, 0, 0
85049, 960, 1, 0, 0
85149, 880, 1, 0, 0
85250, 940, 1, 0, 0
85350, 990, 1, 0, 0
85450, 880, 1, 0, 0
85550, 930, 1, 0, 0
85650, 940, 1, 0, 0
85749, 939, 1, 0, 0
85849, 870, 1, 0, 0
85949, 920, 1, 0, 0
86049, 960, 1, 0, 0
86149, 890, 1, 0, 0
86249, 910, 1, 0, 0
86349, 910, 1, 0, 0
86449, 880, 1, 0, 0
86550, 920, 1, 0, 0
86650, 970, 1, 0, 0
86749, 929, 1, 0, 0
86849, 920, 1, 0, 0
86949, 960, 1, 0, 0
87049, 950, 1, 0, 0
87149, 970, 1, 0, 0
87249, 930, 1, 0, 0
87349, 890, 1, 0, 0
87449, 950, 1, 0, 0
87549, 880, 1, 0, 0
87649, 900, 1, 0, 0
87750, 890, 1, 0, 0
87850, 920, 1, 0, 0
87950, 900, 1, 0, 0
88050, 920, 1, 0, 0
88150, 940, 1, 0, 0
88249, 939, 1, 0, 0
88349, 910, 1, 0, 0
88449, 870, 1, 0, 0
88549, 880, 1, 0, 0
88649, 840, 1, 0, 0
88749, 930, 1, 0, 0
88850, 930, 1, 0, 0
88950, 920, 1, 0, 0
89050, 930, 1, 0, 0
89150, 950, 1, 0, 0
89249, 858, 1, 0, 0
89349, 870, 1, 0, 0
89449, 930, 1, 0, 0
89549, 960, 1, 0, 0
89649, 950, 1, 0, 0
89749, 930, 1, 0, 0
89849, 940, 1, 0, 0
89949, 940, 1, 0, 0
90050, 940, 1, 0, 0
90150, 920, 1, 0, 0
90249, 898, 1, 0, 0
90349, 910, 1, 0, 0
90449, 900, 1, 0, 0
90549, 900, 1, 0, 0
90649, 930, 1, 0, 0
90749, 920, 1, 0, 0
90849, 910, 1, 0, 0
90949, 950, 1, 0, 0
91049, 950, 1, 0, 0
91150, 960, 1, 0, 0
91250, 910, 1, 0, 0
91350, 940, 1, 0, 0
91450, 900, 1, 0, 0
91550, 950, 1, 0, 0
91650, 900, 1, 0, 0
91749, 949, 1, 0, 0
91849, 920, 1, 0, 0
91949, 910, 1, 0, 0
92049, 930, 1, 0, 0
92149, 920, 1, 0, 0
92250, 900, 1, 0, 0
92350, 920, 1, 0, 0
92450, 960, 1, 0, 0
92550, 950, 1, 0, 0
92650, 920, 1, 0, 0
92749, 858, 1, 0, 0
92849, 910, 1, 0, 0
92949, 900, 1, 0, 0
93049, 1010, 1, 0, 0
93149, 880, 1, 0, 0
93249, 870, 1, 0, 0
93349, 940, 1, 0, 0
93449, 920, 1, 0, 0
93550, 930, 1, 0, 0
93650, 960, 1, 0, 0
93749, 959, 1, 0, 0
93849, 930, 1, 0, 0
93949, 940, 1, 0, 0
94049, 940, 1, 0, 0
94149, 900, 1, 0, 0
94249, 970, 1, 0, 0
94349, 910, 1, 0, 0
94449, 930, 1, 0, 0
94549, 900, 1, 0, 0
94649, 930, 1, 0, 0
94750, 940, 1, 0, 0
94850, 940, 1, 0, 0
94950, 970, 1, 0, 0
95050, 970, 1, 0, 0
95150, 910, 1, 0, 0
95249, 939, 1, 0, 0
95349, 960, 1, 0, 0
95449, 920, 1, 0, 0
95549, 890, 1, 0, 0
95649, 900, 1, 0, 0
95749, 970, 1, 0, 0
95849, 890, 1, 0, 0
95950, 950, 1, 0, 0
96050, 970, 1, 0, 0
96150, 950, 1, 0, 0
96249, 929, 1, 0, 0
96349, 920, 1, 0, 0
96449, 940, 1, 0, 0
96549, 920, 1, 0, 0
96649, 940, 1, 0, 0
96749, 920, 1, 0, 0
96849, 900, 1, 0, 0
96949, 920, 1, 0, 0
97049, 950, 1, 0, 0
97149, 960, 1, 0, 0
97250, 970, 1, 0, 0
97350, 960, 1, 0, 0
97450, 970, 1, 0, 0
97550, 950, 1, 0, 0
97650, 920, 1, 0, 0
97749, 949, 1, 0, 0
97849, 920, 1, 0, 0
97949, 910, 1, 0, 0
98049, 930, 1, 0, 0
98149, 880, 1, 0, 0
98249, 970, 1, 0, 0
98349, 890, 1, 0, 0
98449, 910, 1, 0, 0
98550, 970, 1, 0, 0
98650, 930, 1, 0, 0
98749, 919, 1, 0, 0
98849, 930, 1, 0, 0
98949, 940, 1, 0, 0
99049, 960, 1, 0, 0
99149, 970, 1, 0, 0
99249, 920, 1, 0, 0
99349, 980, 1, 0, 0
99449, 990, 1, 0, 0
99549, 940, 1, 0, 0
99650, 960, 1, 0, 0
99750, 940, 1, 0, 0
99850, 950, 1, 0, 0
99950, 920, 1, 0, 0
100050, 960, 1, 0, 0
100150, 920, 1, 0, 0
100249, 949, 1, 0, 0
100349, 950, 1, 0, 0
100449, 940, 1, 0, 0
100549, 960, 1, 0, 0
100649, 920, 1, 0, 0
100749, 890, 1, 0, 0
100850, 930, 1, 0, 0
100950, 960, 1, 0, 0
101050, 920, 1, 0, 0
101150, 960, 1, 0, 0
101249, 959, 1, 0, 0
101349, 930, 1, 0, 0
101449, 920, 1, 0, 0
101549, 950, 1, 0, 0
101649, 920, 1, 0, 0
101749, 960, 1, 0, 0
101849, 930, 1, 0, 0
101949, 940, 1, 0, 0
102050, 930, 1, 0, 0
102150, 970, 1, 0, 0
102249, 939, 1, 0, 0
102349, 930, 1, 0, 0
102449, 900, 1, 0, 0
102549, 910, 1, 0, 0
102649, 950, 1, 0, 0
102749, 960, 1, 0, 0
102849, 960, 1, 0, 0
102949, 930, 1, 0, 0
103049, 920, 1, 0, 0
103150, 940, 1, 0, 0
103250, 930, 1, 0, 0
103350, 960, 1, 0, 0
103450, 960, 1, 0, 0
103550, 960, 1, 0, 0
103650, 880, 1, 0, 0
103749, 929, 1, 0, 0
103849, 880, 1, 0, 0
103949, 940, 1, 0, 0
104049, 950, 1, 0, 0
104149, 890, 1, 0, 0
104249, 910, 1, 0, 0
104350, 910, 1, 0, 0
104450, 940, 1, 0, 0
104550, 930, 1, 0, 0
104650, 980, 1, 0, 0
104749, 898, 1, 0, 0
104849, 950, 1, 0, 0
104949, 940, 1, 0, 0
105049, 880, 1, 0, 0
105149, 920, 1, 0, 0
105249, 950, 1, 0, 0
105349, 910, 1, 0, 0
105449, 940, 1, 0, 0
105550, 920, 1, 0, 0
105650, 950, 1, 0, 0
105749, 969, 1, 0, 0
105849, 950, 1, 0, 0
105949, 940, 1, 0, 0
106049, 970, 1, 0, 0
106149, 970, 1, 0, 0
106249, 990, 1, 0, 0
106349, 930, 1, 0, 0
106449, 940, 1, 0, 0
106549, 890, 1, 0, 0
106649, 960, 1, 0, 0
106750, 930, 1, 0, 0
106850, 950, 1, 0, 0
106950, 900, 1, 0, 0
107050, 880, 1, 0, 0
107150, 910, 1, 0, 0
107249, 929, 1, 0, 0
107349, 910, 1, 0, 0
107449, 930, 1, 0, 0
107549, 930, 1, 0, 0
107649, 960, 1, 0, 0
107749, 910, 1, 0, 0
107849, 920, 1, 0, 0
107950, 950, 1, 0, 0
108050, 930, 1, 0, 0
108150, 870, 1, 0, 0
108249, 969, 1, 0, 0
108349, 960, 1, 0, 0
108449, 940, 1, 0, 0
108549, 920, 1, 0, 0
108649, 920, 1, 0, 0
108749, 960, 1, 0, 0
108849, 990, 1, 0, 0
108949, 910, 1, 0, 0
109049, 960, 1, 0, 0
109150, 980, 1, 0, 0
109250, 920, 1, 0, 0
109350, 970, 1, 0, 0
109450, 910, 1, 0, 0
109550, 930, 1, 0, 0
109650, 930, 1, 0, 0
109749, 959, 1, 0, 0
109849, 950, 1, 0, 0
109949, 960, 1, 0, 0
110049, 970, 1, 0, 0
110149, 870, 1, 0, 0
110250, 910, 1, 0, 0
110350, 960, 1, 0, 0
110450, 900, 1, 0, 0
110550, 900, 1, 0, 0
110650, 910, 1, 0, 0
110749, 919, 1, 0, 0
110849, 900, 1, 0, 0
110949, 960, 1, 0, 0
111049, 880, 1, 0, 0
111149, 920, 1, 0, 0
111249, 920, 1, 0, 0
111349, 960, 1, 0, 0
111449, 920, 1, 0, 0
111550, 960, 1, 0, 0
111650, 910, 1, 0, 0
111749, 878, 1, 0, 0
111849, 940, 1, 0, 0
111949, 940, 1, 0, 0
112049, 930, 1, 0, 0
112149, 930, 1, 0, 0
112249, 950, 1, 0, 0
112349, 930, 1, 0, 0
112449, 920, 1, 0, 0
112549, 910, 1, 0, 0
112649, 960, 1, 0, 0
112750, 930, 1, 0, 0
112850, 970, 1, 0, 0
112950, 960, 1, 0, 0
113050, 970, 1, 0, 0
113150, 890, 1, 0, 0
113249, 888, 1, 0, 0
113349, 960, 1, 0, 0
113449, 930, 1, 0, 0
113549, 990, 1, 0, 0
113649, 940, 1, 0, 0
113749, 960, 1, 0, 0
113849, 960, 1, 0, 0
113950, 950, 1, 0, 0
114050, 950, 1, 0, 0
114150, 940, 1, 0, 0
114249, 909, 1, 0, 0
114349, 960, 1, 0, 0
114449, 900, 1, 0, 0
114549, 950, 1, 0, 0
114649, 970, 1, 0, 0
114749, 970, 1, 0, 0
114849, 910, 1, 0, 0
114949, 990, 1, 0, 0
115050, 840, 1, 0, 0
115150, 930, 1, 0, 0
115249, 949, 1, 0, 0
115349, 960, 1, 0, 0
115449, 970, 1, 0, 0
115549, 950, 1, 0, 0
115649, 910, 1, 0, 0
115749, 940, 1, 0, 0
115849, 920, 1, 0, 0
115949, 950, 1, 0, 0
116049, 940, 1, 0, 0
116149, 930, 1, 0, 0
116250, 970, 1, 0, 0
116350, 1020, 1, 0, 0
116450, 900, 1, 0, 0
116550, 980, 1, 0, 0
116650, 980, 1, 0, 0
116749, 979, 1, 0, 0
116849, 940, 1, 0, 0
116949, 950, 1, 0, 0
117049, 910, 1, 0, 0
117149, 920, 1, 0, 0
117249, 970, 1, 0, 0
117349, 930, 1, 0, 0
117450, 900, 1, 0, 0
117550, 910, 1, 0, 0
117650, 940, 1, 0, 0
117749, 949, 1, 0, 0
117849, 940, 1, 0, 0
117949, 910, 1, 0, 0
118049, 960, 1, 0, 0
118149, 980, 1, 0, 0
118249, 980, 1, 0, 0
118349, 960, 1, 0, 0
118449, 920, 1, 0, 0
118549, 970, 1, 0, 0
118649, 920, 1, 0, 0
118750, 920, 1, 0, 0
118850, 950, 1, 0, 0
118950, 960, 1, 0, 0
119050, 1040, 1, 0, 0
119150, 930, 1, 0, 0
119249, 979, 1, 0, 0
119349, 910, 1, 0, 0
119449, 940, 1, 0, 0
119549, 950, 1, 0, 0
119649, 1010, 1, 0, 0
119749, 970, 1, 0, 0
119849, 970, 1, 0, 0
119950, 970, 1, 0, 0
120050, 940, 1, 0, 0
120150, 970, 1, 0, 0
120249, 979, 1, 0, 0
120349, 950, 1, 0, 0
120449, 1000, 1, 0, 0
120549, 970, 1, 0, 0
120649, 990, 1, 0, 0
120749, 970, 1, 0, 0
120849, 990, 1, 0, 0
120949, 950, 1, 0, 0
121050, 930, 1, 0, 0
121150, 940, 1, 0, 0
121250, 960, 1, 0, 0
121350, 990, 1, 0, 0
121450, 980, 1, 0, 0
121550, 950, 1, 0, 0
121650, 970, 1, 0, 0
121749, 949, 1, 0, 0
121849, 940, 1, 0, 0
121949, 890, 1, 0, 0
122049, 930, 1, 0, 0
122149, 930, 1, 0, 0
122250, 1000, 1, 0, 0
122350, 950, 1, 0, 0
122450, 960, 1, 0, 0
122550, 970, 1, 0, 0
122650, 970, 1, 0, 0
122749, 969, 1, 0, 0
122849, 950, 1, 0, 0
122949, 940, 1, 0, 0
123049, 980, 1, 0, 0
123149, 970, 1, 0, 0
123249, 880, 1, 0, 0
123349, 880, 1, 0, 0
123450, 950, 1, 0, 0
123550, 950, 1, 0, 0
123650, 900, 1, 0, 0
123749, 929, 1, 0, 0
123849, 990, 1, 0, 0
123949, 960, 1, 0, 0
124049, 1000, 1, 0, 0
124149, 940, 1, 0, 0
124249, 940, 1, 0, 0
124349, 930, 1, 0, 0
124449, 980, 1, 0, 0
124549, 910, 1, 0, 0
124650, 1000, 1, 0, 0
124750, 1010, 1, 0, 0
124850, 960, 1, 0, 0
124950, 950, 1, 0, 0
125050, 920, 1, 0, 0
125150, 920, 1, 0, 0
125249, 959, 1, 0, 0
125349, 950, 1, 0, 0
125449, 930, 1, 0, 0
125549, 920, 1, 0, 0
125649, 990, 1, 0, 0
125749, 980, 1, 0, 0
125850, 1030, 1, 0, 0
125950, 970, 1, 0, 0
126050, 930, 1, 0, 0
126150, 900, 1, 0, 0
126249, 989, 1, 0, 0
126349, 970, 1, 0, 0
126449, 970, 1, 0, 0
126549, 930, 1, 0, 0
126649, 960, 1, 0, 0
126749, 920, 1, 0, 0
126849, 930, 1, 0, 0
126949, 1010, 1, 0, 0
127050, 920, 1, 0, 0
127150, 960, 1, 0, 0
127249, 969, 1, 0, 0
127349, 970, 1, 0, 0
127449, 1000, 1, 0, 0
127549, 1000, 1, 0, 0
127649, 920, 1, 0, 0
127749, 950, 1, 0, 0
127849, 900, 1, 0, 0
127949, 940, 1, 0, 0
128049, 980, 1, 0, 0
128149, 910, 1, 0, 0
128250, 970, 1, 0, 0
128350, 1000, 1, 0, 0
128450, 970, 1, 0, 0
128550, 960, 1, 0, 0
128650, 990, 1, 0, 0
128749, 939, 1, 0, 0
128849, 980, 1, 0, 0
128949, 940, 1, 0, 0
129049, 940, 1, 0, 0
129149, 970, 1, 0, 0
129249, 970, 1, 0, 0
129349, 940, 1, 0, 0
129449, 960, 1, 0, 0
129550, 1000, 1, 0, 0
129650, 960, 1, 0, 0
129749, 919, 1, 0, 0
129849, 960, 1, 0, 0
129949, 950, 1, 0, 0
130049, 930, 1, 0, 0
130149, 980, 1, 0, 0
130249, 960, 1, 0, 0
130349, 940, 1, 0, 0
130449, 910, 1, 0, 0
130549, 960, 1, 0, 0
130649, 980, 1, 0, 0
130750, 910, 1, 0, 0
130850, 910, 1, 0, 0
130950, 920, 1, 0, 0
131050, 920, 1, 0, 0
131150, 950, 1, 0, 0
131249, 989, 1, 0, 0
131349, 1000, 1, 0, 0
131449, 920, 1, 0, 0
131549, 970, 1, 0, 0
131649, 940, 1, 0, 0
131749, 910, 1, 0, 0
131849, 980, 1, 0, 0
131949, 890, 1, 0, 0
132050, 920, 1, 0, 0
132150, 920, 1, 0, 0
132249, 939, 1, 0, 0
132349, 900, 1, 0, 0
132449, 930, 1, 0, 0
132549, 950, 1, 0, 0
132649, 980, 1, 0, 0
132749, 970, 1, 0, 0
132849, 940, 1, 0, 0
132949, 940, 1, 0, 0
133049, 950, 1, 0, 0
133149, 960, 1, 0, 0
133250, 930, 1, 0, 0
133350, 960, 1, 0, 0
133450, 970, 1, 0, 0
133550, 930, 1, 0, 0
133650, 940, 1, 0, 0
133749, 929, 1, 0, 0
133849, 920, 1, 0, 0
133949, 950, 1, 0, 0
134049, 900, 1, 0, 0
134149, 930, 1, 0, 0
134249, 950, 1, 0, 0
134349, 940, 1, 0, 0
134449, 890, 1, 0, 0
134550, 890, 1, 0, 0
134650, 1000, 1, 0, 0
134749, 989, 1, 0, 0
134849, 940, 1, 0, 0
134949, 960, 1, 0, 0
135049, 890, 1, 0, 0
135149, 960, 1, 0, 0
135249, 1000, 1, 0, 0
135349, 970, 1, 0, 0
135449, 900, 1, 0, 0
135549, 960, 1, 0, 0
135650, 920, 1, 0, 0
135750, 940, 1, 0, 0
135850, 960, 1, 0, 0
135950, 930, 1, 0, 0
136050, 950, 1, 0, 0
136150, 920, 1, 0, 0
136249, 929, 1, 0, 0
136349, 950, 1, 0, 0
136449, 940, 1, 0, 0
136549, 920, 1, 0, 0
136649, 920, 1, 0, 0
136750, 940, 1, 0, 0
136850, 950, 1, 0, 0
136950, 880, 1, 0, 0
137050, 950, 1, 0, 0
137150, 910, 1, 0, 0
137249, 919, 1, 0, 0
137349, 910, 1, 0, 0
137449, 990, 1, 0, 0
137549, 970, 1, 0, 0
137649, 930, 1, 0, 0
137749, 970, 1, 0, 0
137849, 970, 1, 0, 0
137949, 960, 1, 0, 0
138050, 930, 1, 0, 0
138150, 980, 1, 0, 0
138249, 949, 1, 0, 0
138349, 920, 1, 0, 0
138449, 990, 1, 0, 0
138549, 990, 1, 0, 0
138649, 930, 1, 0, 0
138749, 940, 1, 0, 0
138849, 960, 1, 0, 0
138949, 930, 1, 0, 0
139049, 950, 1, 0, 0
139149, 970, 1, 0, 0
139250, 910, 1, 0, 0
139350, 960, 1, 0, 0
139450, 970, 1, 0, 0
139550, 930, 1, 0, 0
139650, 970, 1, 0, 0
139749, 989, 1, 0, 0
139849, 960, 1, 0, 0
139949, 960, 1, 0, 0
140049, 890, 1, 0, 0
140149, 930, 1, 0, 0
140249, 920, 1, 0, 0
140349, 920, 1, 0, 0
140450, 930, 1, 0, 0
140550, 950, 1, 0, 0
140650, 970, 1, 0, 0
140749, 929, 1, 0, 0
140849, 950, 1, 0, 0
140949, 960, 1, 0, 0
141049, 1000, 1, 0, 0
141149, 970, 1, 0, 0
141249, 950, 1, 0, 0
141349, 870, 1, 0, 0
141449, 940, 1, 0, 0
141549, 930, 1, 0, 0
141649, 980, 1, 0, 0
141750, 940, 1, 0, 0
141850, 970, 1, 0, 0
141950, 920, 1, 0, 0
142050, 940, 1, 0, 0
142150, 900, 1, 0, 0
142249, 878, 1, 0, 0
142349, 920, 1, 0, 0
142449, 930, 1, 0, 0
142549, 950, 1, 0, 0
142649, 870, 1, 0, 0
142749, 950, 1, 0, 0
142849, 940, 1, 0, 0
142950, 920, 1, 0, 0
143050, 940, 1, 0, 0
143150, 940, 1, 0, 0
143249, 939, 1, 0, 0
143349, 890, 1, 0, 0
143449, 970, 1, 0, 0
143549, 900, 1, 0, 0
143649, 950, 1, 0, 0
143749, 890, 1, 0, 0
143849, 960, 1, 0, 0
143949, 920, 1, 0, 0
144049, 950, 1, 0, 0
144149, 950, 1, 0, 0
144250, 960, 1, 0, 0
144350, 980, 1, 0, 0
144450, 940, 1, 0, 0
144550, 940, 1, 0, 0
144650, 950, 1, 0, 0
144749, 919, 1, 0, 0
144849, 970, 1, 0, 0
144949, 930, 1, 0, 0
145049, 940, 1, 0, 0
145149, 930, 1, 0, 0
145249, 960, 1, 0, 0
145349, 950, 1, 0, 0
145450, 960, 1, 0, 0
145550, 950, 1, 0, 0
145650, 970, 1, 0, 0
145749, 939, 1, 0, 0
145849, 950, 1, 0, 0
145949, 980, 1, 0, 0
146049, 970, 1, 0, 0
146149, 930, 1, 0, 0
146249, 950, 1, 0, 0
146349, 910, 1, 0, 0
146449, 930, 1, 0, 0
146550, 920, 1, 0, 0
146650, 900, 1, 0, 0
146750, 930, 1, 0, 0
146850, 930, 1, 0, 0
146950, 930, 1, 0, 0
147050, 960, 1, 0, 0
147150, 970, 1, 0, 0
147249, 909, 1, 0, 0
147349, 940, 1, 0, 0
147449, 980, 1, 0, 0
147549, 1010, 1, 0, 0
147649, 910, 1, 0, 0
147750, 930, 1, 0, 0
147850, 980, 1, 0, 0
147950, 930, 1, 0, 0
148050, 930, 1, 0, 0
148150, 960, 1, 0, 0
148249, 939, 1, 0, 0
148349, 900, 1, 0, 0
148449, 950, 1, 0, 0
148549, 960, 1, 0, 0
148649, 940, 1, 0, 0
148749, 950, 1, 0, 0
148849, 940, 1, 0, 0
148949, 960, 1, 0, 0
149050, 910, 1, 0, 0
149150, 910, 1, 0, 0
149249, 959, 1, 0, 0
149349, 960, 1, 0, 0
149449, 960, 1, 0, 0
149549, 940, 1, 0, 0
149649, 930, 1, 0, 0
149749, 920, 1, 0, 0
149849, 970, 1, 0, 0
149949, 960, 1, 0, 0
150049, 900, 1, 0, 0
150149, 930, 1, 0, 0
150250, 950, 1, 0, 0
150350, 960, 1, 0, 0
150450, 960, 1, 0, 0
150550, 950, 1, 0, 0
150650, 960, 1, 0, 0
150749, 989, 1, 0, 0
150849, 960, 1, 0, 0
150949, 950, 1, 0, 0
151049, 1010, 1, 0, 0
151149, 950, 1, 0, 0
151249, 920, 1, 0, 0
151350, 930, 1, 0, 0
151450, 930, 1, 0, 0
151550, 940, 1, 0, 0
151650, 950, 1, 0, 0
151749, 929, 1, 0, 0
151849, 1020, 1, 0, 0
151949, 950, 1, 0, 0
152049, 920, 1, 0, 0
152149, 940, 1, 0, 0
152249, 950, 1, 0, 0
152349, 940, 1, 0, 0
152449, 930, 1, 0, 0
152550, 960, 1, 0, 0
152650, 970, 1, 0, 0
152749, 919, 1, 0, 0
152849, 960, 1, 0, 0
152949, 960, 1, 0, 0
153049, 970, 1, 0, 0
153149, 990, 1, 0, 0
153249, 910, 1, 0, 0
153349, 950, 1, 0, 0
153449, 920, 1, 0, 0
153549, 960, 1, 0, 0
153649, 930, 1, 0, 0
153750, 920, 1, 0, 0
153850, 970, 1, 0, 0
153950, 980, 1, 0, 0
154050, 940, 1, 0, 0
154150, 920, 1, 0, 0
154249, 929, 1, 0, 0
154349, 950, 1, 0, 0
154449, 960, 1, 0, 0
154549, 940, 1, 0, 0
154649, 960, 1, 0, 0
154749, 940, 1, 0, 0
154849, 930, 1, 0, 0
154949, 900, 1, 0, 0
155050, 960, 1, 0, 0
155150, 960, 1, 0, 0
155249, 868, 1, 0, 0
155349, 910, 1, 0, 0
155449, 890, 1, 0, 0
155549, 930, 1, 0, 0
155649, 940, 1, 0, 0
155749, 1010, 1, 0, 0
155849, 940, 1, 0, 0
155949, 980, 1, 0, 0
156050, 940, 1, 0, 0
156150, 980, 1, 0, 0
156250, 960, 1, 0, 0
156350, 990, 1, 0, 0
156450, 960, 1, 0, 0
156550, 970, 1, 0, 0
156650, 930, 1, 0, 0
156749, 939, 1, 0, 0
156849, 930, 1, 0, 0
156949, 940, 1, 0, 0
157049, 960, 1, 0, 0
157149, 970, 1, 0, 0
157250, 930, 1, 0, 0
157350, 990, 1, 0, 0
157450, 940, 1, 0, 0
157550, 930, 1, 0, 0
157650, 930, 1, 0, 0
157749, 898, 1, 0, 0
157849, 880, 1, 0, 0
157949, 900, 1, 0, 0
158049, 920, 1, 0, 0
158149, 900, 1, 0, 0
158249, 1020, 1, 0, 0
158349, 1000, 1, 0, 0
158449, 950, 1, 0, 0
158550, 940, 1, 0, 0
158650, 950, 1, 0, 0
158749, 949, 1, 0, 0
158849, 910, 1, 0, 0
158949, 970, 1, 0, 0
159049, 940, 1, 0, 0
159149, 1000, 1, 0, 0
159249, 980, 1, 0, 0
159349, 960, 1, 0, 0
159449, 920, 1, 0, 0
159549, 940, 1, 0, 0
159650, 980, 1, 0, 0
159750, 940, 1, 0, 0
159850, 960, 1, 0, 0
159950, 940, 1, 0, 0
160050, 920, 1, 0, 0
160150, 920, 1, 0, 0
160249, 909, 1, 0, 0
160349, 920, 1, 0, 0
160449, 920, 1, 0, 0
160549, 910, 1, 0, 0
160649, 910, 1, 0, 0
160750, 920, 1, 0, 0
160850, 930, 1, 0, 0
160950, 920, 1, 0, 0
161050, 950, 1, 0, 0
161150, 960, 1, 0, 0
161249, 949, 1, 0, 0
161349, 940, 1, 0, 0
161449, 920, 1, 0, 0
161549, 900, 1, 0, 0
161649, 930, 1, 0, 0
161749, 940, 1, 0, 0
161849, 950, 1, 0, 0
161949, 920, 1, 0, 0
162050, 980, 1, 0, 0
162150, 960, 1, 0, 0
162249, 929, 1, 0, 0
162349, 950, 1, 0, 0
162449, 960, 1, 0, 0
162549, 920, 1, 0, 0
162649, 950, 1, 0, 0
162749, 920, 1, 0, 0
162849, 910, 1, 0, 0
162949, 940, 1, 0, 0
163049, 950, 1, 0, 0
163150, 890, 1, 0, 0
163250, 950, 1, 0, 0
163350, 950, 1, 0, 0
163450, 940, 1, 0, 0
163550, 980, 1, 0, 0
163650, 920, 1, 0, 0
163749, 909, 1, 0, 0
163849, 970, 1, 0, 0
163949, 950, 1, 0, 0
164049, 980, 1, 0, 0
164149, 940, 1, 0, 0
164250, 910, 1, 0, 0
164350, 970, 1, 0, 0
164450, 970, 1, 0, 0
164550, 930, 1, 0, 0
164650, 910, 1, 0, 0
164749, 939, 1, 0, 0
164849, 930, 1, 0, 0
164949, 960, 1, 0, 0
165049, 930, 1, 0, 0
165149, 920, 1, 0, 0
165249, 910, 1, 0, 0
165349, 930, 1, 0, 0
165449, 930, 1, 0, 0
165550, 940, 1, 0, 0
165650, 940, 1, 0, 0
165749, 929, 1, 0, 0
165849, 920, 1, 0, 0
165949, 880, 1, 0, 0
166049, 980, 1, 0, 0
166149, 940, 1, 0, 0
166249, 920, 1, 0, 0
166349, 940, 1, 0, 0
166449, 940, 1, 0, 0
166549, 890, 1, 0, 0
166649, 940, 1, 0, 0
166750, 890, 1, 0, 0
166850, 910, 1, 0, 0
166950, 940, 1, 0, 0
167050, 930, 1, 0, 0
167150, 930, 1, 0, 0
167249, 989, 1, 0, 0
167349, 950, 1, 0, 0
167449, 970, 1, 0, 0
167549, 940, 1, 0, 0
167649, 960, 1, 0, 0
167749, 950, 1, 0, 0
167849, 970, 1, 0, 0
167950, 940, 1, 0, 0
168050, 960, 1, 0, 0
168150, 920, 1, 0, 0
168249, 969, 1, 0, 0
168349, 950, 1, 0, 0
168449, 960, 1, 0, 0
168549, 970, 1, 0, 0
168649, 930, 1, 0, 0
168749, 980, 1, 0, 0
168849, 940, 1, 0, 0
168949, 940, 1, 0, 0
169050, 930, 1, 0, 0
169150, 970, 1, 0, 0
169250, 920, 1, 0, 0
169350, 920, 1, 0, 0
169450, 970, 1, 0, 0
169550, 970, 1, 0, 0
169650, 950, 1, 0, 0
169749, 949, 1, 0, 0
169849, 980, 1, 0, 0
169949, 920, 1, 0, 0
170049, 920, 1, 0, 0
170149, 950, 1, 0, 0
170250, 1010, 1, 0, 0
170350, 950, 1, 0, 0
170450, 980, 1, 0, 0
170550, 980, 1, 0, 0
170650, 920, 1, 0, 0
170749, 949, 1, 0, 0
170849, 920, 1, 0, 0
170949, 990, 1, 0, 0
171049, 970, 1, 0, 0
171149, 960, 1, 0, 0
171249, 950, 1, 0, 0
171349, 1000, 1, 0, 0
171449, 950, 1, 0, 0
171550, 960, 1, 0, 0
171650, 950, 1, 0, 0
171749, 929, 1, 0, 0
171849, 960, 1, 0, 0
171949, 940, 1, 0, 0
172049, 880, 1, 0, 0
172149, 990, 1, 0, 0
172249, 880, 1, 0, 0
172349, 920, 1, 0, 0
172449, 930, 1, 0, 0
172549, 970, 1, 0, 0
172649, 920, 1, 0, 0
172750, 890, 1, 0, 0
172850, 950, 1, 0, 0
172950, 910, 1, 0, 0
173050, 930, 1, 0, 0
173150, 910, 1, 0, 0
173249, 929, 1, 0, 0
173349, 930, 1, 0, 0
173449, 950, 1, 0, 0
173549, 980, 1, 0, 0
173649, 960, 1, 0, 0
173749, 1010, 1, 0, 0
173849, 930, 1, 0, 0
173949, 930, 1, 0, 0
174050, 980, 1, 0, 0
174150, 940, 1, 0, 0
174249, 939, 1, 0, 0
174349, 950, 1, 0, 0
174449, 970, 1, 0, 0
174549, 950, 1, 0, 0
174649, 910, 1, 0, 0
174749, 930, 1, 0, 0
174849, 950, 1, 0, 0
174949, 960, 1, 0, 0
175049, 950, 1, 0, 0
175150, 920, 1, 0, 0
175250, 940, 1, 0, 0
175350, 950, 1, 0, 0
175450, 950, 1, 0, 0
175550, 920, 1, 0, 0
175650, 930, 1, 0, 0
175749, 969, 1, 0, 0
175849, 970, 1, 0, 0
175949, 930, 1, 0, 0
176049, 940, 1, 0, 0
176149, 960, 1, 0, 0
176250, 910, 1, 0, 0
176350, 960, 1, 0, 0
176450, 970, 1, 0, 0
176550, 950, 1, 0, 0
176650, 960, 1, 0, 0
176749, 979, 1, 0, 0
176849, 920, 1, 0, 0
176949, 960, 1, 0, 0
177049, 950, 1, 0, 0
177149, 1030, 1, 0, 0
177249, 990, 1, 0, 0
177349, 960, 1, 0, 0
177449, 980, 1, 0, 0
177550, 970, 1, 0, 0
177650, 990, 1, 0, 0
177749, 909, 1, 0, 0
177849, 960, 1, 0, 0
177949, 940, 1, 0, 0
178049, 940, 1, 0, 0
178149, 980, 1, 0, 0
178249, 940, 1, 0, 0
178349, 920, 1, 0, 0
178449, 930, 1, 0, 0
178549, 970, 1, 0, 0
178649, 910, 1, 0, 0
178750, 980, 1, 0, 0
178850, 960, 1, 0, 0
178950, 930, 1, 0, 0
179050, 990, 1, 0, 0
179150, 900, 1, 0, 0
179249, 919, 1, 0, 0
179349, 940, 1, 0, 0
179449, 960, 1, 0, 0
179549, 980, 1, 0, 0
179649, 970, 1, 0, 0
179749, 980, 1, 0, 0
179849, 980, 1, 0, 0
179949, 1020, 1, 0, 0
180050, 990, 1, 0, 0
180150, 1010, 1, 0, 0
180249, 979, 1, 0, 0
180349, 920, 1, 0, 0
180449, 990, 1, 0, 0
180549, 1010, 1, 0, 0
180649, 980, 1, 0, 0
180749, 970, 1, 0, 0
180849, 970, 1, 0, 0
180949, 960, 1, 0, 0
181049, 920, 1, 0, 0
181149, 970, 1, 0, 0
181250, 970, 1, 0, 0
181350, 970, 1, 0, 0
181450, 980, 1, 0, 0
181550, 970, 1, 0, 0
181650, 960, 1, 0, 0
181749, 979, 1, 0, 0
181849, 970, 1, 0, 0
181949, 960, 1, 0, 0
182049, 900, 1, 0, 0
182149, 930, 1, 0, 0
182249, 1010, 1, 0, 0
182349, 950, 1, 0, 0
182450, 980, 1, 0, 0
182550, 960, 1, 0, 0
182650, 970, 1, 0, 0
182749, 898, 1, 0, 0
182849, 970, 1, 0, 0
182949, 960, 1, 0, 0
183049, 910, 1, 0, 0
183149, 970, 1, 0, 0
183249, 950, 1, 0, 0
183349, 940, 1, 0, 0
183449, 950, 1, 0, 0
183549, 940, 1, 0, 0
183650, 970, 1, 0, 0
183750, 980, 1, 0, 0
183850, 940, 1, 0, 0
183950, 950, 1, 0, 0
184050, 960, 1, 0, 0
184150, 1030, 1, 0, 0
184249, 929, 1, 0, 0
184349, 950, 1, 0, 0
184449, 960, 1, 0, 0
184549, 930, 1, 0, 0
184649, 910, 1, 0, 0
184750, 960, 1, 0, 0
184850, 960, 1, 0, 0
184950, 960, 1, 0, 0
185050, 950, 1, 0, 0
185150, 920, 1, 0, 0
185249, 929, 1, 0, 0
185349, 900, 1, 0, 0
185449, 900, 1, 0, 0
185549, 930, 1, 0, 0
185649, 930, 1, 0, 0
185749, 960, 1, 0, 0
185849, 970, 1, 0, 0
185950, 990, 1, 0, 0
186050, 990, 1, 0, 0
186150, 960, 1, 0, 0
186249, 979, 1, 0, 0
186349, 960, 1, 0, 0
186449, 980, 1, 0, 0
186549, 950, 1, 0, 0
186649, 970, 1, 0, 0
186749, 950, 1, 0, 0
186849, 960, 1, 0, 0
186949, 990, 1, 0, 0
187050, 1000, 1, 0, 0
187150, 960, 1, 0, 0
187250, 980, 1, 0, 0
187350, 960, 1, 0, 0
187450, 950, 1, 0, 0
187550, 970, 1, 0, 0
187650, 960, 1, 0, 0
187749, 1000, 1, 0, 0
187849, 970, 1, 0, 0
187949, 990, 1, 0, 0
188049, 970, 1, 0, 0
188149, 940, 1, 0, 0
188250, 920, 1, 0, 0
188350, 980, 1, 0, 0
188450, 920, 1, 0, 0
188550, 970, 1, 0, 0
188650, 970, 1, 0, 0
188749, 1020, 1, 0, 0
188849, 980, 1, 0, 0
188949, 930, 1, 0, 0
189049, 980, 1, 0, 0
189149, 950, 1, 0, 0
189249, 950, 1, 0, 0
189349, 970, 1, 0, 0
189449, 1000, 1, 0, 0
189550, 950, 1, 0, 0
189650, 1000, 1, 0, 0
189749, 949, 1, 0, 0
189849, 1000, 1, 0, 0
189949, 920, 1, 0, 0
190049, 930, 1, 0, 0
190149, 960, 1, 0, 0
190249, 980, 1, 0, 0
190349, 970, 1, 0, 0
190449, 970, 1, 0, 0
190549, 1020, 1, 0, 0
190649, 960, 1, 0, 0
190750, 1000, 1, 0, 0
190850, 950, 1, 0, 0
190950, 930, 1, 0, 0
191050, 960, 1, 0, 0
191150, 930, 1, 0, 0
191249, 1020, 1, 0, 0
191349, 940, 1, 0, 0
191449, 940, 1, 0, 0
191549, 1020, 1, 0, 0
191649, 960, 1, 0, 0
191749, 960, 1, 0, 0
191849, 930, 1, 0, 0
191949, 920, 1, 0, 0
192050, 970, 1, 0, 0
192150, 910, 1, 0, 0
192249, 969, 1, 0, 0
192349, 970, 1, 0, 0
192449, 960, 1, 0, 0
192549, 990, 1, 0, 0
192649, 1000, 1, 0, 0
192749, 990, 1, 0, 0
192849, 970, 1, 0, 0
192949, 1010, 1, 0, 0
193050, 1000, 1, 0, 0
193150, 1000, 1, 0, 0
193250, 930, 1, 0, 0
193350, 980, 1, 0, 0
193450, 980, 1, 0, 0
193550, 950, 1, 0, 0
193650, 960, 1, 0, 0
193749, 969, 1, 0, 0
193849, 930, 1, 0, 0
193949, 940, 1, 0, 0
194049, 970, 1, 0, 0
194149, 980, 1, 0, 0
194250, 960, 1, 0, 0
194350, 880, 1, 0, 0
194450, 950, 1, 0, 0
194550, 950, 1, 0, 0
194650, 980, 1, 0, 0
194749, 969, 1, 0, 0
194849, 950, 1, 0, 0
194949, 890, 1, 0, 0
195049, 990, 1, 0, 0
195149, 920, 1, 0, 0
195249, 980, 1, 0, 0
195349, 960, 1, 0, 0
195450, 1000, 1, 0, 0
195550, 960, 1, 0, 0
195650, 960, 1, 0, 0
195749, 949, 1, 0, 0
195849, 950, 1, 0, 0
195949, 980, 1, 0, 0
196049, 920, 1, 0, 0
196149, 870, 1, 0, 0
196249, 970, 1, 0, 0
196349, 940, 1, 0, 0
196449, 890, 1, 0, 0
196550, 950, 1, 0, 0
196650, 950, 1, 0, 0
196749, 939, 1, 0, 0
196849, 900, 1, 0, 0
196949, 950, 1, 0, 0
197049, 990, 1, 0, 0
197149, 980, 1, 0, 0
197249, 950, 1, 0, 0
197349, 970, 1, 0, 0
197449, 950, 1, 0, 0
197549, 970, 1, 0, 0
197650, 910, 1, 0, 0
197750, 940, 1, 0, 0
197850, 920, 1, 0, 0
197950, 950, 1, 0, 0
198050, 970, 1, 0, 0
198150, 990, 1, 0, 0
198249, 979, 1, 0, 0
198349, 980, 1, 0, 0
198449, 990, 1, 0, 0
198549, 1030, 1, 0, 0
198649, 930, 1, 0, 0
198749, 930, 1, 0, 0
198850, 970, 1, 0, 0
198950, 960, 1, 0, 0
199050, 980, 1, 0, 0
199150, 880, 1, 0, 0
199249, 949, 1, 0, 0
199349, 950, 1, 0, 0
199449, 900, 1, 0, 0
199549, 920, 1, 0, 0
199649, 940, 1, 0, 0
199749, 940, 1, 0, 0
199849, 970, 1, 0, 0
199949, 950, 1, 0, 0
200050, 980, 1, 0, 0
200150, 990, 1, 0, 0
200250, 950, 1, 0, 0
200350, 940, 1, 0, 0
200450, 970, 1, 0, 0
200550, 980, 1, 0, 0
200650, 990, 1, 0, 0
200749, 989, 1, 0, 0
200849, 980, 1, 0, 0
200949, 970, 1, 0, 0
201049, 980, 1, 0, 0
201149, 960, 1, 0, 0
201250, 970, 1, 0, 0
201350, 940, 1, 0, 0
201450, 910, 1, 0, 0
201550, 950, 1, 0, 0
201650, 950, 1, 0, 0
201749, 949, 1, 0, 0
201849, 1010, 1, 0, 0
201949, 960, 1, 0, 0
202049, 940, 1, 0, 0
202149, 990, 1, 0, 0
202249, 940, 1, 0, 0
202349, 1000, 1, 0, 0
202450, 930, 1, 0, 0
202550, 930, 1, 0, 0
202650, 840, 1, 0, 0
202749, 979, 1, 0, 0
202849, 1010, 1, 0, 0
202949, 980, 1, 0, 0
203049, 990, 1, 0, 0
203149, 970, 1, 0, 0
203249, 970, 1, 0, 0
203349, 980, 1, 0, 0
203449, 1000, 1, 0, 0
203550, 1020, 1, 0, 0
203650, 930, 1, 0, 0
203750, 990, 1, 0, 0
203850, 960, 1, 0, 0
203950, 970, 1, 0, 0
204050, 970, 1, 0, 0
204150, 990, 1, 0, 0
204249, 979, 1, 0, 0
204349, 1000, 1, 0, 0
204449, 960, 1, 0, 0
204549, 950, 1, 0, 0
204649, 980, 1, 0, 0
204750, 930, 1, 0, 0
204850, 950, 1, 0, 0
204950, 920, 1, 0, 0
205050, 960, 1, 0, 0
205150, 990, 1, 0, 0
205249, 949, 1, 0, 0
205349, 1040, 1, 0, 0
205449, 1000, 1, 0, 0
205549, 970, 1, 0, 0
205649, 1020, 1, 0, 0
205749, 930, 1, 0, 0
205849, 970, 1, 0, 0
205950, 1010, 1, 0, 0
206050, 980, 1, 0, 0
206150, 990, 1, 0, 0
206249, 979, 1, 0, 0
206349, 1000, 1, 0, 0
206449, 980, 1, 0, 0
206549, 960, 1, 0, 0
206649, 980, 1, 0, 0
206749, 970, 1, 0, 0
206849, 940, 1, 0, 0
206949, 940, 1, 0, 0
207050, 940, 1, 0, 0
207150, 930, 1, 0, 0
207250, 980, 1, 0, 0
207350, 940, 1, 0, 0
207450, 930, 1, 0, 0
207550, 1010, 1, 0, 0
207650, 960, 1, 0, 0
207749, 959, 1, 0, 0
207849, 940, 1, 0, 0
207949, 940, 1, 0, 0
208049, 950, 1, 0, 0
208149, 910, 1, 0, 0
208250, 980, 1, 0, 0
208350, 900, 1, 0, 0
208450, 990, 1, 0, 0
208550, 960, 1, 0, 0
208650, 960, 1, 0, 0
208749, 989, 1, 0, 0
208849, 950, 1, 0, 0
208949, 960, 1, 0, 0
209049, 930, 1, 0, 0
209149, 970, 1, 0, 0
209249, 920, 1, 0, 0
209349, 980, 1, 0, 0
209449, 980, 1, 0, 0
209550, 950, 1, 0, 0
209650, 940, 1, 0, 0
209749, 969, 1, 0, 0
209849, 930, 1, 0, 0
209949, 1020, 1, 0, 0
210049, 960, 1, 0, 0
210149, 970, 1, 0, 0
210249, 930, 1, 0, 0
210349, 950, 1, 0, 0
210449, 940, 1, 0, 0
210550, 960, 1, 0, 0
210650, 930, 1, 0, 0
210750, 940, 1, 0, 0
210850, 970, 1, 0, 0
210950, 900, 1, 0, 0
211050, 960, 1, 0, 0
211150, 940, 1, 0, 0
211249, 969, 1, 0, 0
211349, 970, 1, 0, 0
211449, 970, 1, 0, 0
211549, 930, 1, 0, 0
211649, 960, 1, 0, 0
211750, 980, 1, 0, 0
211850, 960, 1, 0, 0
211950, 940, 1, 0, 0
212050, 940, 1, 0, 0
212150, 920, 1, 0, 0
212249, 939, 1, 0, 0
212349, 920, 1, 0, 0
212449, 900, 1, 0, 0
212549, 920, 1, 0, 0
212649, 970, 1, 0, 0
212749, 940, 1, 0, 0
212849, 910, 1, 0, 0
212949, 970, 1, 0, 0
213050, 970, 1, 0, 0
213150, 970, 1, 0, 0
213249, 959, 1, 0, 0
213349, 980, 1, 0, 0
213449, 960, 1, 0, 0
213549, 910, 1, 0, 0
213649, 950, 1, 0, 0
213749, 950, 1, 0, 0
213849, 980, 1, 0, 0
213949, 980, 1, 0, 0
214049, 900, 1, 0, 0
214150, 920, 1, 0, 0
214250, 930, 1, 0, 0
214350, 960, 1, 0, 0
214450, 950, 1, 0, 0
214550, 960, 1, 0, 0
214650, 940, 1, 0, 0
214749, 949, 1, 0, 0
214849, 910, 1, 0, 0
214949, 920, 1, 0, 0
215049, 970, 1, 0, 0
215149, 920, 1, 0, 0
215249, 980, 1, 0, 0
215350, 960, 1, 0, 0
215450, 970, 1, 0, 0
215550, 950, 1, 0, 0
215650, 960, 1, 0, 0
215749, 959, 1, 0, 0
215849, 920, 1, 0, 0
215949, 930, 1, 0, 0
216049, 980, 1, 0, 0
216149, 930, 1, 0, 0
216249, 950, 1, 0, 0
216349, 970, 1, 0, 0
216449, 930, 1, 0, 0
216549, 960, 1, 0, 0
216650, 950, 1, 0, 0
216750, 960, 1, 0, 0
216850, 950, 1, 0, 0
216950, 980, 1, 0, 0
217050, 950, 1, 0, 0
217150, 960, 1, 0, 0
217249, 959, 1, 0, 0
217349, 960, 1, 0, 0
217449, 970, 1, 0, 0
217549, 990, 1, 0, 0
217649, 950, 1, 0, 0
217749, 940, 1, 0, 0
217850, 970, 1, 0, 0
217950, 990, 1, 0, 0
218050, 940, 1, 0, 0
218150, 920, 1, 0, 0
218249, 949, 1, 0, 0
218349, 990, 1, 0, 0
218449, 950, 1, 0, 0
218549, 1000, 1, 0, 0
218649, 960, 1, 0, 0
218749, 920, 1, 0, 0
218849, 970, 1, 0, 0
218949, 980, 1, 0, 0
219050, 890, 1, 0, 0
219150, 920, 1, 0, 0
219249, 939, 1, 0, 0
219349, 950, 1, 0, 0
219449, 970, 1, 0, 0
219549, 950, 1, 0, 0
219649, 990, 1, 0, 0
219749, 970, 1, 0, 0
219849, 970, 1, 0, 0
219949, 930, 1, 0, 0
220050, 950, 1, 0, 0
220150, 950, 1, 0, 0
220250, 1000, 1, 0, 0
220350, 940, 1, 0, 0
220450, 1000, 1, 0, 0
220550, 970, 1, 0, 0
220650, 980, 1, 0, 0
220749, 929, 1, 0, 0
220849, 990, 1, 0, 0
220949, 1030, 1, 0, 0
221049, 960, 1, 0, 0
221149, 950, 1, 0, 0
221250, 970, 1, 0, 0
221350, 1020, 1, 0, 0
221450, 990, 1, 0, 0
221550, 980, 1, 0, 0
221650, 980, 1, 0, 0
221749, 979, 1, 0, 0
221849, 980, 1, 0, 0
221949, 940, 1, 0, 0
222049, 950, 1, 0, 0
222149, 970, 1, 0, 0
222249, 960, 1, 0, 0
222349, 970, 1, 0, 0
222449, 980, 1, 0, 0
222550, 970, 1, 0, 0
222650, 960, 1, 0, 0
222749, 959, 1, 0, 0
222849, 940, 1, 0, 0
222949, 960, 1, 0, 0
223049, 950, 1, 0, 0
223149, 970, 1, 0, 0
223249, 920, 1, 0, 0
223349, 980, 1, 0, 0
223449, 910, 1, 0, 0
223549, 950, 1, 0, 0
223650, 990, 1, 0, 0
223750, 970, 1, 0, 0
223850, 960, 1, 0, 0
223950, 950, 1, 0, 0
224050, 950, 1, 0, 0
224150, 990, 1, 0, 0
224249, 949, 1, 0, 0
224349, 960, 1, 0, 0
224449, 950, 1, 0, 0
224549, 1030, 1, 0, 0
224649, 980, 1, 0, 0
224749, 960, 1, 0, 0
224850, 1010, 1, 0, 0
224950, 970, 1, 0, 0
225050, 960, 1, 0, 0
225150, 940, 1, 0, 0
225249, 959, 1, 0, 0
225349, 950, 1, 0, 0
225449, 960, 1, 0, 0
225549, 940, 1, 0, 0
225649, 940, 1, 0, 0
225749, 1000, 1, 0, 0
225849, 960, 1, 0, 0
225949, 930, 1, 0, 0
226050, 960, 1, 0, 0
226150, 960, 1, 0, 0
226250, 920, 1, 0, 0
226350, 930, 1, 0, 0
226450, 950, 1, 0, 0
226550, 950, 1, 0, 0
226650, 1040, 1, 0, 0
226749, 1000, 1, 0, 0
226849, 990, 1, 0, 0
226949, 980, 1, 0, 0
227049, 960, 1, 0, 0
227149, 980, 1, 0, 0
227249, 950, 1, 0, 0
227350, 1000, 1, 0, 0
227450, 970, 1, 0, 0
227550, 960, 1, 0, 0
227650, 940, 1, 0, 0
227749, 919, 1, 0, 0
227849, 940, 1, 0, 0
227949, 990, 1, 0, 0
228049, 1010, 1, 0, 0
228149, 960, 1, 0, 0
228249, 930, 1, 0, 0
228349, 970, 1, 0, 0
228449, 920, 1, 0, 0
228550, 980, 1, 0, 0
228650, 930, 1, 0, 0
228749, 1000, 1, 0, 0
228849, 960, 1, 0, 0
228949, 940, 1, 0, 0
229049, 910, 1, 0, 0
229149, 960, 1, 0, 0
229249, 940, 1, 0, 0
229349, 940, 1, 0, 0
229449, 1020, 1, 0, 0
229550, 950, 1, 0, 0
229650, 970, 1, 0, 0
229750, 960, 1, 0, 0
229850, 980, 1, 0, 0
229950, 960, 1, 0, 0
230050, 970, 1, 0, 0
230150, 990, 1, 0, 0
230249, 939, 1, 0, 0
230349, 950, 1, 0, 0
230449, 930, 1, 0, 0
230549, 910, 1, 0, 0
230649, 950, 1, 0, 0
230750, 960, 1, 0, 0
230850, 920, 1, 0, 0
230950, 930, 1, 0, 0
231050, 940, 1, 0, 0
231150, 940, 1, 0, 0
231249, 959, 1, 0, 0
231349, 930, 1, 0, 0
231449, 930, 1, 0, 0
231549, 930, 1, 0, 0
231649, 930, 1, 0, 0
231749, 960, 1, 0, 0
231849, 980, 1, 0, 0
231949, 950, 1, 0, 0
232050, 990, 1, 0, 0
232150, 980, 1, 0, 0
232249, 898, 1, 0, 0
232349, 960, 1, 0, 0
232449, 990, 1, 0, 0
232549, 960, 1, 0, 0
232649, 990, 1, 0, 0
232749, 910, 1, 0, 0
232849, 920, 1, 0, 0
232949, 930, 1, 0, 0
233050, 900, 1, 0, 0
233150, 930, 1, 0, 0
233250, 940, 1, 0, 0
233350, 930, 1, 0, 0
233450, 950, 1, 0, 0
233550, 970, 1, 0, 0
233650, 970, 1, 0, 0
233749, 939, 1, 0, 0
233849, 990, 1, 0, 0
233949, 930, 1, 0, 0
234049, 990, 1, 0, 0
234149, 920, 1, 0, 0
234250, 940, 1, 0, 0
234350, 940, 1, 0, 0
234450, 960, 1, 0, 0
234550, 940, 1, 0, 0
234650, 930, 1, 0, 0
234749, 959, 1, 0, 0
234849, 910, 1, 0, 0
234949, 990, 1, 0, 0
235049, 950, 1, 0, 0
235149, 950, 1, 0, 0
235249, 950, 1, 0, 0
235349, 1000, 1, 0, 0
235449, 930, 1, 0, 0
235550, 910, 1, 0, 0
235650, 890, 1, 0, 0
235749, 979, 1, 0, 0
235849, 960, 1, 0, 0
235949, 970, 1, 0, 0
236049, 940, 1, 0, 0
236149, 970, 1, 0, 0
236249, 990, 1, 0, 0
236349, 960, 1, 0, 0
236449, 960, 1, 0, 0
236549, 940, 1, 0, 0
236650, 960, 1, 0, 0
236750, 950, 1, 0, 0
236850, 980, 1, 0, 0
236950, 1000, 1, 0, 0
237050, 950, 1, 0, 0
237150, 980, 1, 0, 0
237249, 939, 1, 0, 0
237349, 990, 1, 0, 0
237449, 920, 1, 0, 0
237549, 990, 1, 0, 0
237649, 970, 1, 0, 0
237750, 950, 1, 0, 0
237850, 990, 1, 0, 0
237950, 940, 1, 0, 0
238050, 950, 1, 0, 0
238150, 970, 1, 0, 0
238249, 959, 1, 0, 0
238349, 1010, 1, 0, 0
238449, 980, 1, 0, 0
238549, 990, 1, 0, 0
238649, 960, 1, 0, 0
238749, 940, 1, 0, 0
238849, 960, 1, 0, 0
238949, 930, 1, 0, 0
239050, 960, 1, 0, 0
239150, 960, 1, 0, 0
239249, 1000, 1, 0, 0
239349, 960, 1, 0, 0
239449, 980, 1, 0, 0
239549, 970, 1, 0, 0
239649, 920, 1, 0, 0
239749, 990, 1, 0, 0
239849, 960, 1, 0, 0
239949, 970, 1, 0, 0
240049, 980, 1, 0, 0
240149, 930, 1, 0, 0
240250, 1000, 1, 0, 0
240350, 970, 1, 0, 0
240450, 1010, 1, 0, 0
240550, 960, 1, 0, 0
240650, 940, 1, 0, 0
240749, 949, 1, 0, 0
240849, 970, 1, 0, 0
240949, 930, 1, 0, 0
241049, 900, 1, 0, 0
241149, 960, 1, 0, 0
241249, 920, 1, 0, 0
241349, 920, 1, 0, 0
241449, 1000, 1, 0, 0
241550, 1000, 1, 0, 0
241650, 990, 1, 0, 0
241749, 969, 1, 0, 0
241849, 950, 1, 0, 0
241949, 990, 1, 0, 0
242049, 1000, 1, 0, 0
242149, 1030, 1, 0, 0
242249, 940, 1, 0, 0
242349, 960, 1, 0, 0
242449, 990, 1, 0, 0
242549, 1030, 1, 0, 0
242649, 970, 1, 0, 0
242750, 950, 1, 0, 0
242850, 950, 1, 0, 0
242950, 920, 1, 0, 0
243050, 1010, 1, 0, 0
243150, 950, 1, 0, 0
243249, 959, 1, 0, 0
243349, 1020, 1, 0, 0
243449, 970, 1, 0, 0
243549, 980, 1, 0, 0
243649, 970, 1, 0, 0
243749, 970, 1, 0, 0
243850, 910, 1, 0, 0
243950, 960, 1, 0, 0
244050, 920, 1, 0, 0
244150, 950, 1, 0, 0
244249, 959, 1, 0, 0
244349, 1000, 1, 0, 0
244449, 1000, 1, 0, 0
244549, 930, 1, 0, 0
244649, 980, 1, 0, 0
244749, 960, 1, 0, 0
244849, 930, 1, 0, 0
244949, 960, 1, 0, 0
245050, 960, 1, 0, 0
245150, 960, 1, 0, 0
245250, 950, 1, 0, 0
245350, 920, 1, 0, 0
245450, 960, 1, 0, 0
245550, 980, 1, 0, 0
245650, 980, 1, 0, 0
245749, 989, 1, 0, 0
245849, 940, 1, 0, 0
245949, 960, 1, 0, 0
246049, 970, 1, 0, 0
246149, 990, 1, 0, 0
246250, 990, 1, 0, 0
246350, 950, 1, 0, 0
246450, 980, 1, 0, 0
246550, 1010, 1, 0, 0
246650, 930, 1, 0, 0
246749, 989, 1, 0, 0
246849, 970, 1, 0, 0
246949, 970, 1, 0, 0
247049, 980, 1, 0, 0
247149, 970, 1, 0, 0
247249, 920, 1, 0, 0
247349, 960, 1, 0, 0
247449, 990, 1, 0, 0
247550, 980, 1, 0, 0
247650, 960, 1, 0, 0
247749, 939, 1, 0, 0
247849, 910, 1, 0, 0
247949, 960, 1, 0, 0
248049, 930, 1, 0, 0
248149, 890, 1, 0, 0
248249, 960, 1, 0, 0
248349, 970, 1, 0, 0
248449, 940, 1, 0, 0
248549, 980, 1, 0, 0
248650, 970, 1, 0, 0
248750, 980, 1, 0, 0
248850, 950, 1, 0, 0
248950, 910, 1, 0, 0
249050, 910, 1, 0, 0
249150, 990, 1, 0, 0
249249, 969, 1, 0, 0
249349, 970, 1, 0, 0
249449, 940, 1, 0, 0
249549, 950, 1, 0, 0
249649, 910, 1, 0, 0
249750, 980, 1, 0, 0
249850, 940, 1, 0, 0
249950, 970, 1, 0, 0
250050, 990, 1, 0, 0
250150, 920, 1, 0, 0
250249, 919, 1, 0, 0
250349, 940, 1, 0, 0
250449, 920, 1, 0, 0
250549, 980, 1, 0, 0
250649, 950, 1, 0, 0
250749, 940, 1, 0, 0
250849, 920, 1, 0, 0
250949, 980, 1, 0, 0
251050, 950, 1, 0, 0
251150, 970, 1, 0, 0
251249, 959, 1, 0, 0
251349, 930, 1, 0, 0
251449, 940, 1, 0, 0
251549, 920, 1, 0, 0
251649, 960, 1, 0, 0
251749, 1020, 1, 0, 0
251849, 990, 1, 0, 0
251949, 990, 1, 0, 0
252049, 950, 1, 0, 0
252149, 900, 1, 0, 0
252250, 920, 1, 0, 0
252350, 960, 1, 0, 0
252450, 930, 1, 0, 0
252550, 950, 1, 0, 0
252650, 990, 1, 0, 0
252749, 969, 1, 0, 0
252849, 960, 1, 0, 0
252949, 910, 1, 0, 0
253049, 960, 1, 0, 0
253149, 950, 1, 0, 0
253249, 920, 1, 0, 0
253349, 940, 1, 0, 0
253449, 1000, 1, 0, 0
253550, 960, 1, 0, 0
253650, 950, 1, 0, 0
253749, 959, 1, 0, 0
253849, 940, 1, 0, 0
253949, 950, 1, 0, 0
254049, 920, 1, 0, 0
254149, 950, 1, 0, 0
254249, 960, 1, 0, 0
254349, 950, 1, 0, 0
254449, 950, 1, 0, 0
254550, 950, 1, 0, 0
254650, 980, 1, 0, 0
254750, 940, 1, 0, 0
254850, 970, 1, 0, 0
254950, 980, 1, 0, 0
255050, 940, 1, 0, 0
255150, 980, 1, 0, 0
255249, 969, 1, 0, 0
255349, 950, 1, 0, 0
255449, 920, 1, 0, 0
255549, 930, 1, 0, 0
255649, 980, 1, 0, 0
255750, 1000, 1, 0, 0
255850, 970, 1, 0, 0
255950, 960, 1, 0, 0
256050, 940, 1, 0, 0
256150, 1010, 1, 0, 0
256249, 979, 1, 0, 0
256349, 940, 1, 0, 0
256449, 910, 1, 0, 0
256549, 900, 1, 0, 0
256649, 950, 1, 0, 0
256749, 970, 1, 0, 0
256849, 990, 1, 0, 0
256950, 940, 1, 0, 0
257050, 970, 1, 0, 0
257150, 990, 1, 0, 0
257249, 1020, 1, 0, 0
257349, 990, 1, 0, 0
257449, 990, 1, 0, 0
257549, 960, 1, 0, 0
257649, 940, 1, 0, 0
257749, 990, 1, 0, 0
257849, 960, 1, 0, 0
257949, 950, 1, 0, 0
258050, 930, 1, 0, 0
258150, 940, 1, 0, 0
258250, 960, 1, 0, 0
258350, 960, 1, 0, 0
258450, 970, 1, 0, 0
258550, 940, 1, 0, 0
258650, 940, 1, 0, 0
258749, 959, 1, 0, 0
258849, 1000, 1, 0, 0
258949, 1000, 1, 0, 0
259049, 1010, 1, 0, 0
259149, 920, 1, 0, 0
259250, 960, 1, 0, 0
259350, 950, 1, 0, 0
259450, 930, 1, 0, 0
259550, 950, 1, 0, 0
259650, 950, 1, 0, 0
259749, 929, 1, 0, 0
259849, 920, 1, 0, 0
259949, 890, 1, 0, 0
260049, 970, 1, 0, 0
260149, 960, 1, 0, 0
260249, 920, 1, 0, 0
260350, 950, 1, 0, 0
260450, 940, 1, 0, 0
260550, 940, 1, 0, 0
260650, 980, 1, 0, 0
260749, 949, 1, 0, 0
260849, 950, 1, 0, 0
260949, 930, 1, 0, 0
261049, 970, 1, 0, 0
261149, 960, 1, 0, 0
261249, 960, 1, 0, 0
261349, 930, 1, 0, 0
261449, 920, 1, 0, 0
261550, 970, 1, 0, 0
261650, 970, 1, 0, 0
261749, 939, 1, 0, 0
261849, 970, 1, 0, 0
261949, 990, 1, 0, 0
262049, 930, 1, 0, 0
262149, 990, 1, 0, 0
262249, 970, 1, 0, 0
262349, 930, 1, 0, 0
262449, 960, 1, 0, 0
262549, 990, 1, 0, 0
262649, 940, 1, 0, 0
262750, 980, 1, 0, 0
262850, 920, 1, 0, 0
262950, 940, 1, 0, 0
263050, 1000, 1, 0, 0
263150, 930, 1, 0, 0
263249, 959, 1, 0, 0
263349, 950, 1, 0, 0
263449, 940, 1, 0, 0
263549, 1000, 1, 0, 0
263649, 960, 1, 0, 0
263749, 940, 1, 0, 0
263849, 940, 1, 0, 0
263950, 960, 1, 0, 0
264050, 980, 1, 0, 0
264150, 910, 1, 0, 0
264249, 939, 1, 0, 0
264349, 970, 1, 0, 0
264449, 910, 1, 0, 0
264549, 930, 1, 0, 0
264649, 930, 1, 0, 0
264749, 970, 1, 0, 0
264849, 940, 1, 0, 0
264949, 930, 1, 0, 0
265050, 950, 1, 0, 0
265150, 940, 1, 0, 0
265250, 950, 1, 0, 0
265350, 920, 1, 0, 0
265450, 900, 1, 0, 0
265550, 920, 1, 0, 0
265650, 910, 1, 0, 0
265749, 949, 1, 0, 0
265849, 920, 1, 0, 0
265949, 940, 1, 0, 0
266049, 930, 1, 0, 0
266149, 950, 1, 0, 0
266250, 910, 1, 0, 0
266350, 920, 1, 0, 0
266450, 940, 1, 0, 0
266550, 930, 1, 0, 0
266650, 1000, 1, 0, 0
266749, 949, 1, 0, 0
266849, 950, 1, 0, 0
266949, 910, 1, 0, 0
267049, 940, 1, 0, 0
267149, 910, 1, 0, 0
267249, 950, 1, 0, 0
267349, 910, 1, 0, 0
267449, 890, 1, 0, 0
267550, 960, 1, 0, 0
267650, 900, 1, 0, 0
267749, 868, 1, 0, 0
267849, 870, 1, 0, 0
267949, 950, 1, 0, 0
268049, 900, 1, 0, 0
268149, 930, 1, 0, 0
268249, 950, 1, 0, 0
268349, 920, 1, 0, 0
268449, 920, 1, 0, 0
268549, 890, 1, 0, 0
268649, 900, 1, 0, 0
268750, 920, 1, 0, 0
268850, 970, 1, 0, 0
268950, 950, 1, 0, 0
269050, 980, 1, 0, 0
269150, 960, 1, 0, 0
269249, 1020, 1, 0, 0
269349, 940, 1, 0, 0
269449, 920, 1, 0, 0
269549, 950, 1, 0, 0
269649, 940, 1, 0, 0
269749, 930, 1, 0, 0
269850, 950, 1, 0, 0
269950, 970, 1, 0, 0
270050, 950, 1, 0, 0
270150, 940, 1, 0, 0
270249, 939, 1, 0, 0
270349, 960, 1, 0, 0
270449, 930, 1, 0, 0
270549, 920, 1, 0, 0
270649, 980, 1, 0, 0
270749, 940, 1, 0, 0
270849, 970, 1, 0, 0
270949, 940, 1, 0, 0
271050, 940, 1, 0, 0
271150, 960, 1, 0, 0
271250, 920, 1, 0, 0
271350, 970, 1, 0, 0
271450, 980, 1, 0, 0
271550, 920, 1, 0, 0
271650, 1010, 1, 0, 0
271749, 979, 1, 0, 0
271849, 950, 1, 0, 0
271949, 950, 1, 0, 0
272049, 980, 1, 0, 0
272149, 910, 1, 0, 0
272250, 950, 1, 0, 0
272350, 980, 1, 0, 0
272450, 940, 1, 0, 0
272550, 970, 1, 0, 0
272650, 930, 1, 0, 0
272749, 949, 1, 0, 0
272849, 920, 1, 0, 0
272949, 950, 1, 0, 0
273049, 920, 1, 0, 0
273149, 970, 1, 0, 0
273249, 960, 1, 0, 0
273349, 950, 1, 0, 0
273449, 980, 1, 0, 0
273550, 940, 1, 0, 0
273650, 920, 1, 0, 0
273749, 989, 1, 0, 0
273849, 960, 1, 0, 0
273949, 920, 1, 0, 0
274049, 930, 1, 0, 0
274149, 950, 1, 0, 0
274249, 990, 1, 0, 0
274349, 1020, 1, 0, 0
274449, 1020, 1, 0, 0
274549, 1020, 1, 0, 0
274650, 1000, 1, 0, 0
274750, 970, 1, 0, 0
274850, 940, 1, 0, 0
274950, 1010, 1, 0, 0
275050, 950, 1, 0, 0
275150, 960, 1, 0, 0
275249, 1000, 1, 0, 0
275349, 1000, 1, 0, 0
275449, 1010, 1, 0, 0
275549, 990, 1, 0, 0
275649, 970, 1, 0, 0
275749, 980, 1, 0, 0
275850, 920, 1, 0, 0
275950, 960, 1, 0, 0
276050, 980, 1, 0, 0
276150, 930, 1, 0, 0
276249, 979, 1, 0, 0
276349, 940, 1, 0, 0
276449, 950, 1, 0, 0
276549, 970, 1, 0, 0
276649, 970, 1, 0, 0
276749, 990, 1, 0, 0
276849, 970, 1, 0, 0
276949, 990, 1, 0, 0
277050, 980, 1, 0, 0
277150, 950, 1, 0, 0
277250, 990, 1, 0, 0
277350, 930, 1, 0, 0
277450, 960, 1, 0, 0
277550, 1000, 1, 0, 0
277650, 950, 1, 0, 0
277749, 969, 1, 0, 0
277849, 960, 1, 0, 0
277949, 930, 1, 0, 0
278049, 950, 1, 0, 0
278149, 970, 1, 0, 0
278250, 970, 1, 0, 0
278350, 950, 1, 0, 0
278450, 980, 1, 0, 0
278550, 950, 1, 0, 0
278650, 1000, 1, 0, 0
278749, 888, 1, 0, 0
278849, 970, 1, 0, 0
278949, 980, 1, 0, 0
279049, 950, 1, 0, 0
279149, 970, 1, 0, 0
279249, 970, 1, 0, 0
279349, 950, 1, 0, 0
279450, 930, 1, 0, 0
279550, 960, 1, 0, 0
279650, 940, 1, 0, 0
279749, 939, 1, 0, 0
279849, 970, 1, 0, 0
279949, 910, 1, 0, 0
280049, 970, 1, 0, 0
280149, 980, 1, 0, 0
280249, 980, 1, 0, 0
280349, 980, 1, 0, 0
280449, 900, 1, 0, 0
280550, 1010, 1, 0, 0
280650, 980, 1, 0, 0
280750, 950, 1, 0, 0
280850, 930, 1, 0, 0
280950, 960, 1, 0, 0
281050, 910, 1, 0, 0
281150, 980, 1, 0, 0
281249, 929, 1, 0, 0
281349, 960, 1, 0, 0
281449, 970, 1, 0, 0
281549, 940, 1, 0, 0
281649, 940, 1, 0, 0
281750, 960, 1, 0, 0
281850, 910, 1, 0, 0
281950, 970, 1, 0, 0
282050, 990, 1, 0, 0
282150, 930, 1, 0, 0
282249, 949, 1, 0, 0
282349, 950, 1, 0, 0
282449, 970, 1, 0, 0
282549, 940, 1, 0, 0
282649, 960, 1, 0, 0
282749, 1000, 1, 0, 0
282849, 980, 1, 0, 0
282950, 920, 1, 0, 0
283050, 920, 1, 0, 0
283150, 940, 1, 0, 0
283249, 939, 1, 0, 0
283349, 960, 1, 0, 0
283449, 950, 1, 0, 0
283549, 980, 1, 0, 0
283649, 940, 1, 0, 0
283749, 960, 1, 0, 0
283849, 990, 1, 0, 0
283949, 960, 1, 0, 0
284050, 970, 1, 0, 0
284150, 1000, 1, 0, 0
284250, 950, 1, 0, 0
284350, 900, 1, 0, 0
284450, 950, 1, 0, 0
284550, 930, 1, 0, 0
284650, 970, 1, 0, 0
284749, 1000, 1, 0, 0
284849, 990, 1, 0, 0
284949, 940, 1, 0, 0
285049, 980, 1, 0, 0
285150, 990, 1, 0, 0
285250, 980, 1, 0, 0
285350, 940, 1, 0, 0
285450, 940, 1, 0, 0
285550, 940, 1, 0, 0
285650, 970, 1, 0, 0
285749, 949, 1, 0, 0
285849, 980, 1, 0, 0
285949, 940, 1, 0, 0
286049, 960, 1, 0, 0
286149, 980, 1, 0, 0
286250, 940, 1, 0, 0
286350, 960, 1, 0, 0
286450, 900, 1, 0, 0
286550, 970, 1, 0, 0
286650, 970, 1, 0, 0
286749, 959, 1, 0, 0
286849, 950, 1, 0, 0
286949, 920, 1, 0, 0
287049, 990, 1, 0, 0
287149, 1010, 1, 0, 0
287249, 1010, 1, 0, 0
287349, 1050, 1, 0, 0
287449, 950, 1, 0, 0
287550, 970, 1, 0, 0
287650, 980, 1, 0, 0
287749, 979, 1, 0, 0
287849, 960, 1, 0, 0
287949, 900, 1, 0, 0
288049, 1010, 1, 0, 0
288149, 960, 1, 0, 0
288249, 980, 1, 0, 0
288349, 970, 1, 0, 0
288449, 980, 1, 0, 0
288549, 980, 1, 0, 0
288650, 980, 1, 0, 0
288750, 940, 1, 0, 0
288850, 950, 1, 0, 0
288950, 950, 1, 0, 0
289050, 930, 1, 0, 0
289150, 950, 1, 0, 0
289249, 929, 1, 0, 0
289349, 950, 1, 0, 0
289449, 920, 1, 0, 0
289549, 970, 1, 0, 0
289649, 980, 1, 0, 0
289750, 990, 1, 0, 0
289850, 950, 1, 0, 0
289950, 1010, 1, 0, 0
290050, 990, 1, 0, 0
290150, 930, 1, 0, 0
290249, 989, 1, 0, 0
290349, 950, 1, 0, 0
290449, 950, 1, 0, 0
290549, 1020, 1, 0, 0
290649, 970, 1, 0, 0
290749, 1030, 1, 0, 0
290849, 1040, 1, 0, 0
290949, 980, 1, 0, 0
291050, 980, 1, 0, 0
291150, 980, 1, 0, 0
291249, 1000, 1, 0, 0
291349, 960, 1, 0, 0
291449, 1030, 1, 0, 0
291549, 970, 1, 0, 0
291649, 1000, 1, 0, 0
291749, 950, 1, 0, 0
291849, 950, 1, 0, 0
291949, 950, 1, 0, 0
292049, 940, 1, 0, 0
292150, 980, 1, 0, 0
292250, 970, 1, 0, 0
292350, 990, 1, 0, 0
292450, 970, 1, 0, 0
292550, 960, 1, 0, 0
292650, 970, 1, 0, 0
292749, 909, 1, 0, 0
292849, 950, 1, 0, 0
292949, 970, 1, 0, 0
293049, 980, 1, 0, 0
293149, 940, 1, 0, 0
293250, 960, 1, 0, 0
293350, 960, 1, 0, 0
293450, 1000, 1, 0, 0
293550, 940, 1, 0, 0
293650, 960, 1, 0, 0
293749, 969, 1, 0, 0
293849, 980, 1, 0, 0
293949, 950, 1, 0, 0
294049, 960, 1, 0, 0
294149, 950, 1, 0, 0
294249, 930, 1, 0, 0
294349, 930, 1, 0, 0
294449, 950, 1, 0, 0
294550, 920, 1, 0, 0
294650, 940, 1, 0, 0
294750, 980, 1, 0, 0
294850, 960, 1, 0, 0
294950, 930, 1, 0, 0
295050, 970, 1, 0, 0
295150, 920, 1, 0, 0
295249, 949, 1, 0, 0
295349, 920, 1, 0, 0
295449, 960, 1, 0, 0
295549, 900, 1, 0, 0
295649, 900, 1, 0, 0
295750, 940, 1, 0, 0
295850, 960, 1, 0, 0
295950, 940, 1, 0, 0
296050, 960, 1, 0, 0
296150, 950, 1, 0, 0
296249, 919, 1, 0, 0
296349, 950, 1, 0, 0
296449, 940, 1, 0, 0
296549, 980, 1, 0, 0
296649, 980, 1, 0, 0
296749, 1010, 1, 0, 0
296850, 980, 1, 0, 0
296950, 930, 1, 0, 0
297050, 950, 1, 0, 0
297150, 940, 1, 0, 0
297249, 1020, 1, 0, 0
297349, 880, 1, 0, 0
297449, 960, 1, 0, 0
297549, 970, 1, 0, 0
297649, 1010, 1, 0, 0
297749, 980, 1, 0, 0
297849, 920, 1, 0, 0
297949, 960, 1, 0, 0
298049, 970, 1, 0, 0
298150, 950, 1, 0, 0
298250, 980, 1, 0, 0
298350, 910, 1, 0, 0
298450, 920, 1, 0, 0
298550, 940, 1, 0, 0
298650, 920, 1, 0, 0
298749, 909, 1, 0, 0
298849, 950, 1, 0, 0
298949, 910, 1, 0, 0
299049, 920, 1, 0, 0
299149, 980, 1, 0, 0
299250, 980, 1, 0, 0
299350, 950, 1, 0, 0
299450, 940, 1, 0, 0
299550, 960, 1, 0, 0
299650, 960, 1, 0, 0
299749, 989, 1, 0, 0
299849, 930, 1, 0, 0
299949, 970, 1, 0, 0
300049, 1000, 1, 0, 0
300149, 1020, 1, 0, 0
300249, 970, 1, 0, 0
300349, 940, 1, 0, 0
300449, 970, 1, 0, 0
300550, 950, 1, 0, 0
300650, 950, 1, 0, 0
300750, 940, 1, 0, 0
300850, 920, 1, 0, 0
300950, 980, 1, 0, 0
301050, 1000, 1, 0, 0
301150, 970, 1, 0, 0
301249, 949, 1, 0, 0
301349, 1000, 1, 0, 0
301449, 910, 1, 0, 0
301549, 930, 1, 0, 0
301649, 990, 1, 0, 0
301750, 960, 1, 0, 0
301850, 940, 1, 0, 0
301950, 990, 1, 0, 0
302050, 960, 1, 0, 0
302150, 960, 1, 0, 0
302249, 959, 1, 0, 0
302349, 990, 1, 0, 0
302449, 940, 1, 0, 0
302549, 1010, 1, 0, 0
302649, 940, 1, 0, 0
302749, 990, 1, 0, 0
302849, 980, 1, 0, 0
302949, 940, 1, 0, 0
303050, 960, 1, 0, 0
303150, 950, 1, 0, 0
303250, 960, 1, 0, 0
303350, 940, 1, 0, 0
303450, 930, 1, 0, 0
303550, 1020, 1, 0, 0
303650, 950, 1, 0, 0
303749, 989, 1, 0, 0
303849, 980, 1, 0, 0
303949, 980, 1, 0, 0
304049, 990, 1, 0, 0
304149, 940, 1, 0, 0
304250, 960, 1, 0, 0
304350, 930, 1, 0, 0
304450, 970, 1, 0, 0
304550, 990, 1, 0, 0
304650, 930, 1, 0, 0
304749, 979, 1, 0, 0
304849, 960, 1, 0, 0
304949, 950, 1, 0, 0
305049, 950, 1, 0, 0
305149, 970, 1, 0, 0
305249, 930, 1, 0, 0
305349, 960, 1, 0, 0
305449, 1000, 1, 0, 0
305550, 970, 1, 0, 0
305650, 950, 1, 0, 0
305749, 969, 1, 0, 0
305849, 970, 1, 0, 0
305949, 1000, 1, 0, 0
306049, 1000, 1, 0, 0
306149, 990, 1, 0, 0
306249, 970, 1, 0, 0
306349, 970, 1, 0, 0
306449, 970, 1, 0, 0
306549, 990, 1, 0, 0
306649, 1010, 1, 0, 0
306750, 950, 1, 0, 0
306850, 960, 1, 0, 0
306950, 970, 1, 0, 0
307050, 1000, 1, 0, 0
307150, 970, 1, 0, 0
307249, 959, 1, 0, 0
307349, 960, 1, 0, 0
307449, 950, 1, 0, 0
307550, 980, 1, 0, 0
307650, 980, 1, 0, 0
307750, 1010, 1, 0, 0
307850, 920, 1, 0, 0
307950, 950, 1, 0, 0
308050, 1030, 1, 0, 0
308150, 980, 1, 0, 0
308249, 959, 1, 0, 0
308349, 940, 1, 0, 0
308449, 960, 1, 0, 0
308549, 990, 1, 0, 0
308649, 950, 1, 0, 0
308750, 940, 1, 0, 0
308850, 1020, 1, 0, 0
308950, 990, 1, 0, 0
309050, 970, 1, 0, 0
309150, 980, 1, 0, 0
309249, 989, 1, 0, 0
309349, 950, 1, 0, 0
309449, 900, 1, 0, 0
309549, 920, 1, 0, 0
309649, 960, 1, 0, 0
309749, 980, 1, 0, 0
309850, 970, 1, 0, 0
309950, 1000, 1, 0, 0
310050, 1010, 1, 0, 0
310150, 980, 1, 0, 0
310249, 989, 1, 0, 0
310349, 1020, 1, 0, 0
310449, 1010, 1, 0, 0
310549, 980, 1, 0, 0
310649, 990, 1, 0, 0
310749, 980, 1, 0, 0
310849, 970, 1, 0, 0
310949, 980, 1, 0, 0
311049, 980, 1, 0, 0
311150, 930, 1, 0, 0
311250, 990, 1, 0, 0
311350, 970, 1, 0, 0
311450, 1010, 1, 0, 0
311550, 990, 1, 0, 0
311650, 970, 1, 0, 0
311749, 1010, 1, 0, 0
311849, 930, 1, 0, 0
311949, 1020, 1, 0, 0
312049, 980, 1, 0, 0
312149, 930, 1, 0, 0
312249, 980, 1, 0, 0
312350, 970, 1, 0, 0
312450, 980, 1, 0, 0
312550, 980, 1, 0, 0
312650, 960, 1, 0, 0
312749, 979, 1, 0, 0
312849, 980, 1, 0, 0
312949, 970, 1, 0, 0
313049, 1000, 1, 0, 0
313149, 940, 1, 0, 0
313249, 960, 1, 0, 0
313349, 990, 1, 0, 0
313449, 930, 1, 0, 0
313550, 1000, 1, 0, 0
313650, 1000, 1, 0, 0
313750, 990, 1, 0, 0
313850, 990, 1, 0, 0
313950, 980, 1, 0, 0
314050, 1000, 1, 0, 0
314150, 970, 1, 0, 0
314249, 939, 1, 0, 0
314349, 1010, 1, 0, 0
314449, 950, 1, 0, 0
314549, 970, 1, 0, 0
314649, 980, 1, 0, 0
314750, 930, 1, 0, 0
314850, 1010, 1, 0, 0
314950, 940, 1, 0, 0
315050, 920, 1, 0, 0
315150, 930, 1, 0, 0
315249, 919, 1, 0, 0
315349, 990, 1, 0, 0
315449, 990, 1, 0, 0
315549, 990, 1, 0, 0
315649, 960, 1, 0, 0
315750, 890, 1, 0, 0
315850, 950, 1, 0, 0
315950, 990, 1, 0, 0
316050, 960, 1, 0, 0
316150, 1000, 1, 0, 0
316249, 949, 1, 0, 0
316349, 950, 1, 0, 0
316449, 920, 1, 0, 0
316549, 900, 1, 0, 0
316649, 950, 1, 0, 0
316749, 970, 1, 0, 0
316849, 950, 1, 0, 0
316950, 970, 1, 0, 0
317050, 1020, 1, 0, 0
317150, 950, 1, 0, 0
317249, 1020, 1, 0, 0
317349, 950, 1, 0, 0
317449, 1000, 1, 0, 0
317549, 930, 1, 0, 0
317649, 930, 1, 0, 0
317749, 950, 1, 0, 0
317849, 930, 1, 0, 0
317949, 1000, 1, 0, 0
318050, 980, 1, 0, 0
318150, 1030, 1, 0, 0
318250, 950, 1, 0, 0
318350, 940, 1, 0, 0
318450, 900, 1, 0, 0
318550, 980, 1, 0, 0
318650, 960, 1, 0, 0
318749, 1020, 1, 0, 0
318849, 990, 1, 0, 0
318949, 970, 1, 0, 0
319049, 980, 1, 0, 0
319149, 990, 1, 0, 0
319250, 980, 1, 0, 0
319350, 990, 1, 0, 0
319450, 940, 1, 0, 0
319550, 1010, 1, 0, 0
319650, 990, 1, 0, 0
319749, 969, 1, 0, 0
319849, 940, 1, 0, 0
319949, 960, 1, 0, 0
320049, 960, 1, 0, 0
320149, 960, 1, 0, 0
320249, 960, 1, 0, 0
320349, 990, 1, 0, 0
320449, 960, 1, 0, 0
320550, 980, 1, 0, 0
320650, 1000, 1, 0, 0
320750, 980, 1, 0, 0
320850, 990, 1, 0, 0
320950, 950, 1, 0, 0
321050, 980, 1, 0, 0
321150, 950, 1, 0, 0
321249, 1000, 1, 0, 0
321349, 1020, 1, 0, 0
321449, 990, 1, 0, 0
321549, 960, 1, 0, 0
321649, 960, 1, 0, 0
321750, 1020, 1, 0, 0
321850, 960, 1, 0, 0
321950, 1000, 1, 0, 0
322050, 980, 1, 0, 0
322150, 970, 1, 0, 0
322249, 989, 1, 0, 0
322349, 920, 1, 0, 0
322449, 960, 1, 0, 0
322549, 1000, 1, 0, 0
322649, 910, 1, 0, 0
322749, 970, 1, 0, 0
322849, 970, 1, 0, 0
322949, 970, 1, 0, 0
323050, 1030, 1, 0, 0
323150, 960, 1, 0, 0
323250, 990, 1, 0, 0
323350, 960, 1, 0, 0
323450, 970, 1, 0, 0
323550, 920, 1, 0, 0
323650, 920, 1, 0, 0
323749, 949, 1, 0, 0
323849, 970, 1, 0, 0
323949, 930, 1, 0, 0
324049, 870, 1, 0, 0
324149, 980, 1, 0, 0
324250, 910, 1, 0, 0
324350, 970, 1, 0, 0
324450, 950, 1, 0, 0
324550, 910, 1, 0, 0
324650, 950, 1, 0, 0
324749, 979, 1, 0, 0
324849, 970, 1, 0, 0
324949, 990, 1, 0, 0
325049, 950, 1, 0, 0
325149, 970, 1, 0, 0
325249, 1020, 1, 0, 0
325349, 950, 1, 0, 0
325450, 950, 1, 0, 0
325550, 960, 1, 0, 0
325650, 980, 1, 0, 0
325749, 989, 1, 0, 0
325849, 980, 1, 0, 0
325949, 980, 1, 0, 0
326049, 990, 1, 0, 0
326149, 1000, 1, 0, 0
326249, 940, 1, 0, 0
326349, 980, 1, 0, 0
326449, 980, 1, 0, 0
326550, 990, 1, 0, 0
326650, 960, 1, 0, 0
326750, 940, 1, 0, 0
326850, 980, 1, 0, 0
326950, 960, 1, 0, 0
327050, 980, 1, 0, 0
327150, 980, 1, 0, 0
327249, 949, 1, 0, 0
327349, 990, 1, 0, 0
327449, 940, 1, 0, 0
327549, 920, 1, 0, 0
327649, 950, 1, 0, 0
327750, 940, 1, 0, 0
327850, 990, 1, 0, 0
327950, 980, 1, 0, 0
328050, 1000, 1, 0, 0
328150, 960, 1, 0, 0
328249, 969, 1, 0, 0
328349, 980, 1, 0, 0
328449, 980, 1, 0, 0
328549, 960, 1, 0, 0
328649, 980, 1, 0, 0
328749, 1000, 1, 0, 0
328849, 970, 1, 0, 0
328950, 980, 1, 0, 0
329050, 990, 1, 0, 0
329150, 970, 1, 0, 0
329249, 959, 1, 0, 0
329349, 960, 1, 0, 0
329449, 990, 1, 0, 0
329549, 960, 1, 0, 0
329649, 980, 1, 0, 0
329749, 980, 1, 0, 0
329849, 980, 1, 0, 0
329949, 950, 1, 0, 0
330050, 1010, 1, 0, 0
330150, 950, 1, 0, 0
330250, 970, 1, 0, 0
330350, 950, 1, 0, 0
330450, 970, 1, 0, 0
330550, 900, 1, 0, 0
330650, 930, 1, 0, 0
330749, 1000, 1, 0, 0
330849, 960, 1, 0, 0
330949, 1010, 1, 0, 0
331049, 990, 1, 0, 0
331149, 990, 1, 0, 0
331250, 920, 1, 0, 0
331350, 960, 1, 0, 0
331450, 1000, 1, 0, 0
331550, 980, 1, 0, 0
331650, 1020, 1, 0, 0
331749, 1000, 1, 0, 0
331849, 960, 1, 0, 0
331949, 990, 1, 0, 0
332049, 950, 1, 0, 0
332149, 990, 1, 0, 0
332249, 910, 1, 0, 0
332349, 970, 1, 0, 0
332449, 1010, 1, 0, 0
332550, 960, 1, 0, 0
332650, 940, 1, 0, 0
332750, 990, 1, 0, 0
332850, 950, 1, 0, 0
332950, 950, 1, 0, 0
333050, 940, 1, 0, 0
333150, 1000, 1, 0, 0
333249, 949, 1, 0, 0
333349, 960, 1, 0, 0
333449, 960, 1, 0, 0
333549, 930, 1, 0, 0
333649, 950, 1, 0, 0
333750, 980, 1, 0, 0
333850, 950, 1, 0, 0
333950, 980, 1, 0, 0
334050, 1030, 1, 0, 0
334150, 960, 1, 0, 0
334249, 969, 1, 0, 0
334349, 970, 1, 0, 0
334449, 990, 1, 0, 0
334549, 990, 1, 0, 0
334649, 980, 1, 0, 0
334749, 970, 1, 0, 0
334849, 1000, 1, 0, 0
334949, 970, 1, 0, 0
335050, 960, 1, 0, 0
335150, 980, 1, 0, 0
335249, 1010, 1, 0, 0
335349, 960, 1, 0, 0
335449, 930, 1, 0, 0
335549, 970, 1, 0, 0
335649, 1020, 1, 0, 0
335749, 940, 1, 0, 0
335849, 990, 1, 0, 0
335949, 990, 1, 0, 0
336049, 1010, 1, 0, 0
336150, 980, 1, 0, 0
336250, 950, 1, 0, 0
336350, 980, 1, 0, 0
336450, 980, 1, 0, 0
336550, 990, 1, 0, 0
336650, 980, 1, 0, 0
336749, 959, 1, 0, 0
336849, 1000, 1, 0, 0
336949, 970, 1, 0, 0
337049, 980, 1, 0, 0
337149, 1010, 1, 0, 0
337249, 930, 1, 0, 0
337350, 1030, 1, 0, 0
337450, 960, 1, 0, 0
337550, 970, 1, 0, 0
337650, 960, 1, 0, 0
337749, 949, 1, 0, 0
337849, 960, 1, 0, 0
337949, 980, 1, 0, 0
338049, 950, 1, 0, 0
338149, 980, 1, 0, 0
338249, 990, 1, 0, 0
338349, 1010, 1, 0, 0
338449, 960, 1, 0, 0
338550, 960, 1, 0, 0
338650, 940, 1, 0, 0
338750, 1000, 1, 0, 0
338850, 980, 1, 0, 0
338950, 940, 1, 0, 0
339050, 990, 1, 0, 0
339150, 990, 1, 0, 0
339249, 939, 1, 0, 0
339349, 940, 1, 0, 0
339449, 1010, 1, 0, 0
339549, 990, 1, 0, 0
339649, 990, 1, 0, 0
339750, 1000, 1, 0, 0
339850, 980, 1, 0, 0
339950, 990, 1, 0, 0
340050, 930, 1, 0, 0
340150, 940, 1, 0, 0
340249, 979, 1, 0, 0
340349, 970, 1, 0, 0
340449, 980, 1, 0, 0
340549, 960, 1, 0, 0
340649, 950, 1, 0, 0
340749, 960, 1, 0, 0
340850, 960, 1, 0, 0
340950, 890, 1, 0, 0
341050, 950, 1, 0, 0
341150, 970, 1, 0, 0
341249, 959, 1, 0, 0
341349, 980, 1, 0, 0
341449, 960, 1, 0, 0
341549, 960, 1, 0, 0
341649, 1000, 1, 0, 0
341749, 960, 1, 0, 0
341849, 970, 1, 0, 0
341949, 960, 1, 0, 0
342049, 950, 1, 0, 0
342150, 940, 1, 0, 0
342250, 980, 1, 0, 0
342350, 950, 1, 0, 0
342450, 960, 1, 0, 0
342550, 960, 1, 0, 0
342650, 940, 1, 0, 0
342749, 949, 1, 0, 0
342849, 940, 1, 0, 0
342949, 990, 1, 0, 0
343049, 980, 1, 0, 0
343149, 930, 1, 0, 0
343249, 950, 1, 0, 0
343350, 980, 1, 0, 0
343450, 960, 1, 0, 0
343550, 960, 1, 0, 0
343650, 920, 1, 0, 0
343749, 959, 1, 0, 0
343849, 950, 1, 0, 0
343949, 940, 1, 0, 0
344049, 960, 1, 0, 0
344149, 900, 1, 0, 0
344249, 900, 1, 0, 0
344349, 930, 1, 0, 0
344449, 950, 1, 0, 0
344550, 940, 1, 0, 0
344650, 970, 1, 0, 0
344750, 950, 1, 0, 0
344850, 990, 1, 0, 0
344950, 960, 1, 0, 0
345050, 960, 1, 0, 0
345150, 980, 1, 0, 0
345249, 929, 1, 0, 0
345349, 940, 1, 0, 0
345449, 930, 1, 0, 0
345549, 920, 1, 0, 0
345649, 950, 1, 0, 0
345750, 910, 1, 0, 0
345850, 940, 1, 0, 0
345950, 920, 1, 0, 0
346050, 930, 1, 0, 0
346150, 970, 1, 0, 0
346249, 949, 1, 0, 0
346349, 960, 1, 0, 0
346449, 940, 1, 0, 0
346549, 950, 1, 0, 0
346649, 950, 1, 0, 0
346749, 950, 1, 0, 0
346849, 930, 1, 0, 0
346950, 930, 1, 0, 0
347050, 950, 1, 0, 0
347150, 910, 1, 0, 0
347249, 969, 1, 0, 0
347349, 940, 1, 0, 0
347449, 900, 1, 0, 0
347549, 940, 1, 0, 0
347649, 950, 1, 0, 0
347749, 920, 1, 0, 0
347849, 910, 1, 0, 0
347949, 910, 1, 0, 0
348050, 900, 1, 0, 0
348150, 920, 1, 0, 0
348250, 950, 1, 0, 0
348350, 970, 1, 0, 0
348450, 950, 1, 0, 0
348550, 920, 1, 0, 0
348650, 940, 1, 0, 0
348749, 888, 1, 0, 0
348849, 900, 1, 0, 0
348949, 930, 1, 0, 0
349049, 950, 1, 0, 0
349149, 900, 1, 0, 0
349250, 960, 1, 0, 0
349350, 930, 1, 0, 0
349450, 950, 1, 0, 0
349550, 930, 1, 0, 0
349650, 920, 1, 0, 0
349749, 909, 1, 0, 0
349849, 940, 1, 0, 0
349949, 890, 1, 0, 0
350049, 920, 1, 0, 0
350149, 990, 1, 0, 0
350249, 890, 1, 0, 0
350349, 870, 1, 0, 0
350449, 940, 1, 0, 0
350550, 900, 1, 0, 0
350650, 970, 1, 0, 0
350749, 888, 1, 0, 0
350849, 920, 1, 0, 0
350949, 930, 1, 0, 0
351049, 950, 1, 0, 0
351149, 940, 1, 0, 0
351249, 930, 1, 0, 0
351349, 950, 1, 0, 0
351449, 940, 1, 0, 0
351550, 940, 1, 0, 0
351650, 930, 1, 0, 0
351750, 950, 1, 0, 0
351850, 900, 1, 0, 0
351950, 890, 1, 0, 0
352050, 970, 1, 0, 0
352150, 920, 1, 0, 0
352249, 949, 1, 0, 0
352349, 1000, 1, 0, 0
352449, 980, 1, 0, 0
352549, 970, 1, 0, 0
352649, 940, 1, 0, 0
352750, 940, 1, 0, 0
352850, 900, 1, 0, 0
352950, 920, 1, 0, 0
353050, 960, 1, 0, 0
353150, 900, 1, 0, 0
353249, 959, 1, 0, 0
353349, 890, 1, 0, 0
353449, 950, 1, 0, 0
353549, 960, 1, 0, 0
353649, 910, 1, 0, 0
353749, 910, 1, 0, 0
353849, 950, 1, 0, 0
353949, 990, 1, 0, 0
354050, 980, 1, 0, 0
354150, 960, 1, 0, 0
354249, 959, 1, 0, 0
354349, 970, 1, 0, 0
354449, 940, 1, 0, 0
354549, 1040, 1, 0, 0
354649, 950, 1, 0, 0
354749, 990, 1, 0, 0
354849, 940, 1, 0, 0
354949, 920, 1, 0, 0
355050, 960, 1, 0, 0
355150, 960, 1, 0, 0
355250, 970, 1, 0, 0
355350, 960, 1, 0, 0
355450, 910, 1, 0, 0
355550, 900, 1, 0, 0
355650, 980, 1, 0, 0
355749, 959, 1, 0, 0
355849, 890, 1, 0, 0
355949, 930, 1, 0, 0
356049, 880, 1, 0, 0
356149, 940, 1, 0, 0
356250, 950, 1, 0, 0
356350, 920, 1, 0, 0
356450, 880, 1, 0, 0
356550, 950, 1, 0, 0
356650, 930, 1, 0, 0
356749, 969, 1, 0, 0
356849, 930, 1, 0, 0
356949, 940, 1, 0, 0
357049, 930, 1, 0, 0
357149, 940, 1, 0, 0
357249, 980, 1, 0, 0
357349, 970, 1, 0, 0
357449, 980, 1, 0, 0
357550, 960, 1, 0, 0
357650, 990, 1, 0, 0
357749, 979, 1, 0, 0
357849, 920, 1, 0, 0
357949, 960, 1, 0, 0
358049, 940, 1, 0, 0
358149, 970, 1, 0, 0
358249, 920, 1, 0, 0
358349, 940, 1, 0, 0
358449, 950, 1, 0, 0
358549, 950, 1, 0, 0
358649, 980, 1, 0, 0
358750, 900, 1, 0, 0
358850, 960, 1, 0, 0
358950, 930, 1, 0, 0
359050, 960, 1, 0, 0
359150, 930, 1, 0, 0
359249, 909, 1, 0, 0
359349, 910, 1, 0, 0
359449, 900, 1, 0, 0
359549, 930, 1, 0, 0
359649, 940, 1, 0, 0
359749, 950, 1, 0, 0
359849, 910, 1, 0, 0
359950, 920, 1, 0, 0
360050, 980, 1, 0, 0
360150, 950, 1, 0, 0
360249, 919, 1, 0, 0
360349, 970, 1, 0, 0
360449, 970, 1, 0, 0
360549, 980, 1, 0, 0
360649, 950, 1, 0, 0
360749, 990, 1, 0, 0
360849, 960, 1, 0, 0
360949, 960, 1, 0, 0
361049, 940, 1, 0, 0
361150, 930, 1, 0, 0
361250, 930, 1, 0, 0
361350, 870, 1, 0, 0
361450, 930, 1, 0, 0
361550, 950, 1, 0, 0
361650, 920, 1, 0, 0
361749, 949, 1, 0, 0
361849, 950, 1, 0, 0
361949, 920, 1, 0, 0
362049, 930, 1, 0, 0
362149, 930, 1, 0, 0
362250, 960, 1, 0, 0
362350, 940, 1, 0, 0
362450, 940, 1, 0, 0
362550, 980, 1, 0, 0
362650, 970, 1, 0, 0
362749, 959, 1, 0, 0
362849, 990, 1, 0, 0
362949, 960, 1, 0, 0
363049, 1040, 1, 0, 0
363149, 1030, 1, 0, 0
363249, 950, 1, 0, 0
363349, 960, 1, 0, 0
363449, 970, 1, 0, 0
363550, 980, 1, 0, 0
363650, 940, 1, 0, 0
363749, 1040, 1, 0, 0
363849, 970, 1, 0, 0
363949, 960, 1, 0, 0
364049, 990, 1, 0, 0
364149, 960, 1, 0, 0
364249, 940, 1, 0, 0
364349, 1000, 1, 0, 0
364449, 950, 1, 0, 0
364549, 930, 1, 0, 0
364650, 950, 1, 0, 0
364750, 950, 1, 0, 0
364850, 980, 1, 0, 0
364950, 940, 1, 0, 0
365050, 940, 1, 0, 0
365150, 960, 1, 0, 0
365249, 959, 1, 0, 0
365349, 990, 1, 0, 0
365449, 960, 1, 0, 0
365549, 930, 1, 0, 0
365649, 950, 1, 0, 0
365750, 940, 1, 0, 0
365850, 1020, 1, 0, 0
365950, 950, 1, 0, 0
366050, 960, 1, 0, 0
366150, 900, 1, 0, 0
366249, 959, 1, 0, 0
366349, 960, 1, 0, 0
366449, 1000, 1, 0, 0
366549, 990, 1, 0, 0
366649, 940, 1, 0, 0
366749, 940, 1, 0, 0
366849, 940, 1, 0, 0
366949, 960, 1, 0, 0
367050, 980, 1, 0, 0
367150, 1010, 1, 0, 0
367249, 1000, 1, 0, 0
367349, 1010, 1, 0, 0
367449, 1010, 1, 0, 0
367549, 960, 1, 0, 0
367649, 970, 1, 0, 0
367749, 980, 1, 0, 0
367849, 940, 1, 0, 0
367949, 990, 1, 0, 0
368049, 990, 1, 0, 0
368149, 930, 1, 0, 0
368250, 990, 1, 0, 0
368350, 950, 1, 0, 0
368450, 940, 1, 0, 0
368550, 930, 1, 0, 0
368650, 1010, 1, 0, 0
368749, 979, 1, 0, 0
368849, 990, 1, 0, 0
368949, 940, 1, 0, 0
369049, 1000, 1, 0, 0
369149, 970, 1, 0, 0
369249, 950, 1, 0, 0
369350, 980, 1, 0, 0
369450, 980, 1, 0, 0
369550, 940, 1, 0, 0
369650, 940, 1, 0, 0
369749, 989, 1, 0, 0
369849, 930, 1, 0, 0
369949, 960, 1, 0, 0
370049, 940, 1, 0, 0
370149, 980, 1, 0, 0
370249, 960, 1, 0, 0
370349, 930, 1, 0, 0
370449, 980, 1, 0, 0
370550, 960, 1, 0, 0
370650, 910, 1, 0, 0
370750, 900, 1, 0, 0
370850, 950, 1, 0, 0
370950, 960, 1, 0, 0
371050, 990, 1, 0, 0
371150, 960, 1, 0, 0
371249, 919, 1, 0, 0
371349, 970, 1, 0, 0
371449, 970, 1, 0, 0
371549, 950, 1, 0, 0
371650, 970, 1, 0, 0
371750, 950, 1, 0, 0
371850, 950, 1, 0, 0
371950, 960, 1, 0, 0
372050, 930, 1, 0, 0
372150, 980, 1, 0, 0
372249, 959, 1, 0, 0
372349, 940, 1, 0, 0
372449, 960, 1, 0, 0
372549, 940, 1, 0, 0
372649, 970, 1, 0, 0
372749, 970, 1, 0, 0
372850, 940, 1, 0, 0
372950, 960, 1, 0, 0
373050, 990, 1, 0, 0
373150, 1000, 1, 0, 0
373249, 909, 1, 0, 0
373349, 930, 1, 0, 0
373449, 900, 1, 0, 0
373549, 950, 1, 0, 0
373649, 950, 1, 0, 0
373749, 910, 1, 0, 0
373849, 940, 1, 0, 0
373949, 940, 1, 0, 0
374050, 920, 1, 0, 0
374150, 980, 1, 0, 0
374250, 1010, 1, 0, 0
374350, 960, 1, 0, 0
374450, 950, 1, 0, 0
374550, 950, 1, 0, 0
374650, 1010, 1, 0, 0
374749, 969, 1, 0, 0
374849, 950, 1, 0, 0
374949, 970, 1, 0, 0
375049, 930, 1, 0, 0
375149, 900, 1, 0, 0
375250, 910, 1, 0, 0
375350, 930, 1, 0, 0
375450, 920, 1, 0, 0
375550, 910, 1, 0, 0
375650, 950, 1, 0, 0
375749, 929, 1, 0, 0
375849, 950, 1, 0, 0
375949, 960, 1, 0, 0
376049, 980, 1, 0, 0
376149, 940, 1, 0, 0
376249, 950, 1, 0, 0
376350, 940, 1, 0, 0
376450, 970, 1, 0, 0
376550, 960, 1, 0, 0
376650, 980, 1, 0, 0
376749, 969, 1, 0, 0
376849, 970, 1, 0, 0
376949, 990, 1, 0, 0
377049, 900, 1, 0, 0
377149, 940, 1, 0, 0
377249, 960, 1, 0, 0
377349, 970, 1, 0, 0
377449, 1000, 1, 0, 0
377550, 970, 1, 0, 0
377650, 910, 1, 0, 0
377750, 930, 1, 0, 0
377850, 930, 1, 0, 0
377950, 950, 1, 0, 0
378050, 910, 1, 0, 0
378150, 980, 1, 0, 0
378249, 969, 1, 0, 0
378349, 940, 1, 0, 0
378449, 950, 1, 0, 0
378549, 950, 1, 0, 0
378649, 960, 1, 0, 0
378750, 1000, 1, 0, 0
378850, 950, 1, 0, 0
378950, 970, 1, 0, 0
379050, 970, 1, 0, 0
379150, 1000, 1, 0, 0
379249, 969, 1, 0, 0
379349, 970, 1, 0, 0
379449, 1030, 1, 0, 0
379549, 960, 1, 0, 0
379649, 960, 1, 0, 0
379749, 1000, 1, 0, 0
379849, 890, 1, 0, 0
379949, 1000, 1, 0, 0
380050, 1010, 1, 0, 0
380150, 980, 1, 0, 0
380250, 980, 1, 0, 0
380350, 940, 1, 0, 0
380450, 970, 1, 0, 0
380550, 970, 1, 0, 0
380650, 980, 1, 0, 0
380749, 959, 1, 0, 0
380849, 970, 1, 0, 0
380949, 950, 1, 0, 0
381049, 1000, 1, 0, 0
381150, 990, 1, 0, 0
381250, 980, 1, 0, 0
381350, 1000, 1, 0, 0
381450, 980, 1, 0, 0
381550, 990, 1, 0, 0
381650, 990, 1, 0, 0
381749, 929, 1, 0, 0
381849, 1000, 1, 0, 0
381949, 960, 1, 0, 0
382049, 930, 1, 0, 0
382149, 930, 1, 0, 0
382249, 950, 1, 0, 0
382350, 980, 1, 0, 0
382450, 970, 1, 0, 0
382550, 960, 1, 0, 0
382650, 980, 1, 0, 0
382749, 1000, 1, 0, 0
382849, 950, 1, 0, 0
382949, 940, 1, 0, 0
383049, 980, 1, 0, 0
383149, 990, 1, 0, 0
383249, 960, 1, 0, 0
383349, 1010, 1, 0, 0
383449, 970, 1, 0, 0
383550, 960, 1, 0, 0
383650, 1020, 1, 0, 0
383750, 950, 1, 0, 0
383850, 930, 1, 0, 0
383950, 920, 1, 0, 0
384050, 970, 1, 0, 0
384150, 970, 1, 0, 0
384249, 979, 1, 0, 0
384349, 930, 1, 0, 0
384449, 930, 1, 0, 0
384549, 970, 1, 0, 0
384649, 950, 1, 0, 0
384749, 1000, 1, 0, 0
384850, 990, 1, 0, 0
384950, 970, 1, 0, 0
385050, 940, 1, 0, 0
385150, 980, 1, 0, 0
385249, 949, 1, 0, 0
385349, 930, 1, 0, 0
385449, 980, 1, 0, 0
385549, 970, 1, 0, 0
385649, 970, 1, 0, 0
385749, 990, 1, 0, 0
385849, 990, 1, 0, 0
385949, 970, 1, 0, 0
386049, 930, 1, 0, 0
386149, 990, 1, 0, 0
386250, 960, 1, 0, 0
386350, 950, 1, 0, 0
386450, 980, 1, 0, 0
386550, 940, 1, 0, 0
386650, 990, 1, 0, 0
386749, 1000, 1, 0, 0
386849, 950, 1, 0, 0
386949, 1010, 1, 0, 0
387049, 920, 1, 0, 0
387149, 990, 1, 0, 0
387249, 950, 1, 0, 0
387349, 950, 1, 0, 0
387450, 940, 1, 0, 0
387550, 1000, 1, 0, 0
387650, 1010, 1, 0, 0
387749, 949, 1, 0, 0
387849, 960, 1, 0, 0
387949, 990, 1, 0, 0
388049, 950, 1, 0, 0
388149, 960, 1, 0, 0
388249, 950, 1, 0, 0
388349, 990, 1, 0, 0
388449, 930, 1, 0, 0
388549, 950, 1, 0, 0
388650, 950, 1, 0, 0
388750, 940, 1, 0, 0
388850, 950, 1, 0, 0
388950, 990, 1, 0, 0
389050, 1000, 1, 0, 0
389150, 950, 1, 0, 0
389249, 989, 1, 0, 0
389349, 970, 1, 0, 0
389449, 990, 1, 0, 0
389549, 1030, 1, 0, 0
389649, 980, 1, 0, 0
389750, 990, 1, 0, 0
389850, 960, 1, 0, 0
389950, 1010, 1, 0, 0
390050, 920, 1, 0, 0
390150, 970, 1, 0, 0
390249, 989, 1, 0, 0
390349, 950, 1, 0, 0
390449, 920, 1, 0, 0
390549, 1000, 1, 0, 0
390649, 960, 1, 0, 0
390749, 960, 1, 0, 0
390849, 930, 1, 0, 0
390949, 950, 1, 0, 0
391050, 970, 1, 0, 0
391150, 960, 1, 0, 0
391250, 960, 1, 0, 0
391350, 950, 1, 0, 0
391450, 960, 1, 0, 0
391550, 990, 1, 0, 0
391650, 940, 1, 0, 0
391749, 959, 1, 0, 0
391849, 1000, 1, 0, 0
391949, 990, 1, 0, 0
392049, 930, 1, 0, 0
392149, 960, 1, 0, 0
392250, 960, 1, 0, 0
392350, 930, 1, 0, 0
392450, 950, 1, 0, 0
392550, 980, 1, 0, 0
392650, 910, 1, 0, 0
392749, 959, 1, 0, 0
392849, 960, 1, 0, 0
392949, 980, 1, 0, 0
393049, 940, 1, 0, 0
393149, 920, 1, 0, 0
393250, 900, 1, 0, 0
393350, 960, 1, 0, 0
393450, 910, 1, 0, 0
393550, 920, 1, 0, 0
393650, 970, 1, 0, 0
393749, 949, 1, 0, 0
393849, 970, 1, 0, 0
393949, 940, 1, 0, 0
394049, 930, 1, 0, 0
394149, 970, 1, 0, 0
394249, 900, 1, 0, 0
394349, 930, 1, 0, 0
394450, 940, 1, 0, 0
394550, 910, 1, 0, 0
394650, 940, 1, 0, 0
394749, 898, 1, 0, 0
394849, 950, 1, 0, 0
394949, 940, 1, 0, 0
395049, 930, 1, 0, 0
395149, 960, 1, 0, 0
395249, 900, 1, 0, 0
395349, 960, 1, 0, 0
395449, 940, 1, 0, 0
395549, 930, 1, 0, 0
395650, 930, 1, 0, 0
395750, 960, 1, 0, 0
395850, 900, 1, 0, 0
395950, 930, 1, 0, 0
396050, 980, 1, 0, 0
396150, 950, 1, 0, 0
396249, 1010, 1, 0, 0
396349, 970, 1, 0, 0
396449, 980, 1, 0, 0
396549, 980, 1, 0, 0
396649, 940, 1, 0, 0
396749, 980, 1, 0, 0
396849, 950, 1, 0, 0
396950, 950, 1, 0, 0
397050, 910, 1, 0, 0
397150, 910, 1, 0, 0
397249, 919, 1, 0, 0
397349, 930, 1, 0, 0
397449, 930, 1, 0, 0
397549, 920, 1, 0, 0
397649, 950, 1, 0, 0
397749, 920, 1, 0, 0
397849, 950, 1, 0, 0
397949, 960, 1, 0, 0
398050, 910, 1, 0, 0
398150, 910, 1, 0, 0
398250, 990, 1, 0, 0
398350, 910, 1, 0, 0
398450, 970, 1, 0, 0
398550, 1000, 1, 0, 0
398650, 980, 1, 0, 0
398749, 919, 1, 0, 0
398849, 950, 1, 0, 0
398949, 920, 1, 0, 0
399049, 950, 1, 0, 0
399149, 940, 1, 0, 0
399249, 920, 1, 0, 0
399350, 950, 1, 0, 0
399450, 930, 1, 0, 0
399550, 950, 1, 0, 0
399650, 960, 1, 0, 0
399749, 949, 1, 0, 0
399849, 960, 1, 0, 0
399949, 960, 1, 0, 0
400049, 910, 1, 0, 0
400149, 930, 1, 0, 0
400249, 980, 1, 0, 0
400349, 960, 1, 0, 0
400449, 920, 1, 0, 0
400550, 910, 1, 0, 0
400650, 970, 1, 0, 0
400750, 930, 1, 0, 0
400850, 930, 1, 0, 0
400950, 970, 1, 0, 0
401050, 950, 1, 0, 0
401150, 980, 1, 0, 0
401249, 979, 1, 0, 0
401349, 1000, 1, 0, 0
401449, 1000, 1, 0, 0
401549, 980, 1, 0, 0
401649, 950, 1, 0, 0
401750, 950, 1, 0, 0
401850, 980, 1, 0, 0
401950, 990, 1, 0, 0
402050, 980, 1, 0, 0
402150, 980, 1, 0, 0
402249, 939, 1, 0, 0
402349, 950, 1, 0, 0
402449, 910, 1, 0, 0
402549, 1010, 1, 0, 0
402649, 950, 1, 0, 0
402749, 930, 1, 0, 0
402849, 960, 1, 0, 0
402949, 970, 1, 0, 0
403050, 950, 1, 0, 0
403150, 960, 1, 0, 0
403250, 940, 1, 0, 0
403350, 940, 1, 0, 0
403450, 950, 1, 0, 0
403550, 940, 1, 0, 0
403650, 980, 1, 0, 0
403749, 979, 1, 0, 0
403849, 990, 1, 0, 0
403949, 940, 1, 0, 0
404049, 970, 1, 0, 0
404149, 980, 1, 0, 0
404250, 990, 1, 0, 0
404350, 960, 1, 0, 0
404450, 970, 1, 0, 0
404550, 970, 1, 0, 0
404650, 970, 1, 0, 0
404749, 959, 1, 0, 0
404849, 980, 1, 0, 0
404949, 970, 1, 0, 0
405049, 980, 1, 0, 0
405149, 980, 1, 0, 0
405249, 970, 1, 0, 0
405350, 940, 1, 0, 0
405450, 990, 1, 0, 0
405550, 950, 1, 0, 0
405650, 960, 1, 0, 0
405749, 949, 1, 0, 0
405849, 930, 1, 0, 0
405949, 920, 1, 0, 0
406049, 910, 1, 0, 0
406149, 930, 1, 0, 0
406249, 920, 1, 0, 0
406349, 980, 1, 0, 0
406449, 970, 1, 0, 0
406550, 950, 1, 0, 0
406650, 970, 1, 0, 0
406750, 940, 1, 0, 0
406850, 880, 1, 0, 0
406950, 940, 1, 0, 0
407050, 950, 1, 0, 0
407150, 980, 1, 0, 0
407249, 959, 1, 0, 0
407349, 930, 1, 0, 0
407449, 950, 1, 0, 0
407550, 960, 1, 0, 0
407650, 970, 1, 0, 0
407750, 950, 1, 0, 0
407850, 920, 1, 0, 0
407950, 920, 1, 0, 0
408050, 960, 1, 0, 0
408150, 940, 1, 0, 0
408249, 979, 1, 0, 0
408349, 990, 1, 0, 0
408449, 920, 1, 0, 0
408549, 990, 1, 0, 0
408649, 950, 1, 0, 0
408750, 880, 1, 0, 0
408850, 930, 1, 0, 0
408950, 970, 1, 0, 0
409050, 950, 1, 0, 0
409150, 980, 1, 0, 0
409249, 959, 1, 0, 0
409349, 930, 1, 0, 0
409449, 930, 1, 0, 0
409549, 900, 1, 0, 0
409649, 910, 1, 0, 0
409749, 910, 1, 0, 0
409849, 920, 1, 0, 0
409949, 960, 1, 0, 0
410050, 960, 1, 0, 0
410150, 950, 1, 0, 0
410250, 940, 1, 0, 0
410350, 950, 1, 0, 0
410450, 920, 1, 0, 0
410550, 970, 1, 0, 0
410650, 960, 1, 0, 0
410749, 949, 1, 0, 0
410849, 920, 1, 0, 0
410949, 960, 1, 0, 0
411049, 940, 1, 0, 0
411149, 910, 1, 0, 0
411250, 910, 1, 0, 0
411350, 970, 1, 0, 0
411450, 880, 1, 0, 0
411550, 970, 1, 0, 0
411650, 940, 1, 0, 0
411749, 929, 1, 0, 0
411849, 1000, 1, 0, 0
411949, 960, 1, 0, 0
412049, 960, 1, 0, 0
412149, 940, 1, 0, 0
412249, 940, 1, 0, 0
412349, 970, 1, 0, 0
412449, 890, 1, 0, 0
412550, 930, 1, 0, 0
412650, 940, 1, 0, 0
412750, 980, 1, 0, 0
412850, 960, 1, 0, 0
412950, 980, 1, 0, 0
413050, 940, 1, 0, 0
413150, 950, 1, 0, 0
413249, 979, 1, 0, 0
413349, 1000, 1, 0, 0
413449, 950, 1, 0, 0
413549, 920, 1, 0, 0
413649, 960, 1, 0, 0
413750, 1020, 1, 0, 0
413850, 950, 1, 0, 0
413950, 920, 1, 0, 0
414050, 950, 1, 0, 0
414150, 920, 1, 0, 0
414249, 929, 1, 0, 0
414349, 980, 1, 0, 0
414449, 960, 1, 0, 0
414549, 990, 1, 0, 0
414649, 990, 1, 0, 0
414749, 1010, 1, 0, 0
414849, 1000, 1, 0, 0
414950, 940, 1, 0, 0
415050, 990, 1, 0, 0
415150, 1010, 1, 0, 0
415249, 979, 1, 0, 0
415349, 970, 1, 0, 0
415449, 960, 1, 0, 0
415549, 1020, 1, 0, 0
415649, 960, 1, 0, 0
415749, 960, 1, 0, 0
415849, 1010, 1, 0, 0
415949, 1000, 1, 0, 0
416050, 980, 1, 0, 0
416150, 1010, 1, 0, 0
416250, 1000, 1, 0, 0
416350, 970, 1, 0, 0
416450, 1000, 1, 0, 0
416550, 1010, 1, 0, 0
416650, 970, 1, 0, 0
416749, 979, 1, 0, 0
416849, 980, 1, 0, 0
416949, 960, 1, 0, 0
417049, 960, 1, 0, 0
417149, 960, 1, 0, 0
417250, 940, 1, 0, 0
417350, 960, 1, 0, 0
417450, 960, 1, 0, 0
417550, 970, 1, 0, 0
417650, 1000, 1, 0, 0
417749, 959, 1, 0, 0
417849, 950, 1, 0, 0
417949, 930, 1, 0, 0
418049, 970, 1, 0, 0
418149, 980, 1, 0, 0
418249, 1010, 1, 0, 0
418349, 990, 1, 0, 0
418449, 960, 1, 0, 0
418550, 1000, 1, 0, 0
418650, 1000, 1, 0, 0
418750, 970, 1, 0, 0
418850, 940, 1, 0, 0
418950, 920, 1, 0, 0
419050, 950, 1, 0, 0
419150, 950, 1, 0, 0
419249, 969, 1, 0, 0
419349, 960, 1, 0, 0
419449, 990, 1, 0, 0
419549, 950, 1, 0, 0
419649, 920, 1, 0, 0
419750, 1000, 1, 0, 0
419850, 990, 1, 0, 0
419950, 1000, 1, 0, 0
420050, 1010, 1, 0, 0
420150, 940, 1, 0, 0
420249, 969, 1, 0, 0
420349, 980, 1, 0, 0
420449, 960, 1, 0, 0
420549, 910, 1, 0, 0
420649, 960, 1, 0, 0
420749, 1000, 1, 0, 0
420849, 950, 1, 0, 0
420949, 990, 1, 0, 0
421050, 960, 1, 0, 0
421150, 960, 1, 0, 0
421250, 980, 1, 0, 0
421350, 970, 1, 0, 0
421450, 930, 1, 0, 0
421550, 970, 1, 0, 0
421650, 990, 1, 0, 0
421749, 979, 1, 0, 0
421849, 1010, 1, 0, 0
421949, 980, 1, 0, 0
422049, 950, 1, 0, 0
422149, 960, 1, 0, 0
422250, 960, 1, 0, 0
422350, 990, 1, 0, 0
422450, 980, 1, 0, 0
422550, 910, 1, 0, 0
422650, 980, 1, 0, 0
422749, 949, 1, 0, 0
422849, 980, 1, 0, 0
422949, 910, 1, 0, 0
423049, 930, 1, 0, 0
423149, 920, 1, 0, 0
423249, 950, 1, 0, 0
423349, 930, 1, 0, 0
423450, 930, 1, 0, 0
423550, 960, 1, 0, 0
423650, 950, 1, 0, 0
423749, 969, 1, 0, 0
423849, 970, 1, 0, 0
423949, 950, 1, 0, 0
424049, 980, 1, 0, 0
424149, 960, 1, 0, 0
424249, 990, 1, 0, 0
424349, 980, 1, 0, 0
424449, 970, 1, 0, 0
424549, 1000, 1, 0, 0
424649, 980, 1, 0, 0
424750, 990, 1, 0, 0
424850, 990, 1, 0, 0
424950, 990, 1, 0, 0
425050, 990, 1, 0, 0
425150, 1000, 1, 0, 0
425249, 939, 1, 0, 0
425349, 970, 1, 0, 0
425449, 970, 1, 0, 0
425549, 970, 1, 0, 0
425649, 980, 1, 0, 0
425749, 970, 1, 0, 0
425849, 1010, 1, 0, 0
425950, 960, 1, 0, 0
426050, 960, 1, 0, 0
426150, 990, 1, 0, 0
426250, 940, 1, 0, 0
426350, 990, 1, 0, 0
426450, 940, 1, 0, 0
426550, 930, 1, 0, 0
426650, 980, 1, 0, 0
426749, 1010, 1, 0, 0
426849, 940, 1, 0, 0
426949, 960, 1, 0, 0
427049, 950, 1, 0, 0
427150, 960, 1, 0, 0
427250, 940, 1, 0, 0
427350, 980, 1, 0, 0
427450, 980, 1, 0, 0
427550, 990, 1, 0, 0
427650, 970, 1, 0, 0
427749, 989, 1, 0, 0
427849, 970, 1, 0, 0
427949, 970, 1, 0, 0
428049, 940, 1, 0, 0
428149, 950, 1, 0, 0
428249, 940, 1, 0, 0
428350, 970, 1, 0, 0
428450, 970, 1, 0, 0
428550, 950, 1, 0, 0
428650, 1010, 1, 0, 0
428749, 969, 1, 0, 0
428849, 1000, 1, 0, 0
428949, 960, 1, 0, 0
429049, 970, 1, 0, 0
429149, 970, 1, 0, 0
429249, 940, 1, 0, 0
429349, 940, 1, 0, 0
429449, 960, 1, 0, 0
429550, 950, 1, 0, 0
429650, 960, 1, 0, 0
429749, 949, 1, 0, 0
429849, 950, 1, 0, 0
429949, 980, 1, 0, 0
430049, 1010, 1, 0, 0
430149, 990, 1, 0, 0
430249, 920, 1, 0, 0
430349, 930, 1, 0, 0
430449, 970, 1, 0, 0
430549, 920, 1, 0, 0
430650, 940, 1, 0, 0
430750, 1010, 1, 0, 0
430850, 930, 1, 0, 0
430950, 1000, 1, 0, 0
431050, 980, 1, 0, 0
431150, 920, 1, 0, 0
431249, 979, 1, 0, 0
431349, 950, 1, 0, 0
431449, 970, 1, 0, 0
431549, 940, 1, 0, 0
431649, 960, 1, 0, 0
431750, 970, 1, 0, 0
431850, 930, 1, 0, 0
431950, 970, 1, 0, 0
432050, 980, 1, 0, 0
432150, 970, 1, 0, 0
432249, 919, 1, 0, 0
432349, 920, 1, 0, 0
432449, 940, 1, 0, 0
432549, 840, 1, 0, 0
432649, 930, 1, 0, 0
432749, 930, 1, 0, 0
432849, 910, 1, 0, 0
432949, 960, 1, 0, 0
433050, 960, 1, 0, 0
433150, 920, 1, 0, 0
433250, 900, 1, 0, 0
433350, 1000, 1, 0, 0
433450, 960, 1, 0, 0
433550, 980, 1, 0, 0
433650, 900, 1, 0, 0
433749, 878, 1, 0, 0
433849, 970, 1, 0, 0
433949, 960, 1, 0, 0
434049, 920, 1, 0, 0
434149, 910, 1, 0, 0
434250, 960, 1, 0, 0
434350, 920, 1, 0, 0
434450, 940, 1, 0, 0
434550, 940, 1, 0, 0
434650, 970, 1, 0, 0
434749, 969, 1, 0, 0
434849, 960, 1, 0, 0
434949, 930, 1, 0, 0
435049, 940, 1, 0, 0
435149, 920, 1, 0, 0
435249, 920, 1, 0, 0
435349, 960, 1, 0, 0
435449, 940, 1, 0, 0
435550, 930, 1, 0, 0
435650, 960, 1, 0, 0
435750, 900, 1, 0, 0
435850, 940, 1, 0, 0
435950, 1000, 1, 0, 0
436050, 920, 1, 0, 0
436150, 900, 1, 0, 0
436249, 939, 1, 0, 0
436349, 950, 1, 0, 0
436449, 960, 1, 0, 0
436549, 880, 1, 0, 0
436649, 890, 1, 0, 0
436750, 930, 1, 0, 0
436850, 930, 1, 0, 0
436950, 930, 1, 0, 0
437050, 960, 1, 0, 0
437150, 940, 1, 0, 0
437249, 939, 1, 0, 0
437349, 950, 1, 0, 0
437449, 940, 1, 0, 0
437549, 960, 1, 0, 0
437649, 950, 1, 0, 0
437749, 920, 1, 0, 0
437849, 930, 1, 0, 0
437950, 970, 1, 0, 0
438050, 960, 1, 0, 0
438150, 980, 1, 0, 0
438249, 979, 1, 0, 0
438349, 960, 1, 0, 0
438449, 970, 1, 0, 0
438549, 940, 1, 0, 0
438649, 940, 1, 0, 0
438749, 980, 1, 0, 0
438849, 920, 1, 0, 0
438949, 910, 1, 0, 0
439050, 940, 1, 0, 0
439150, 970, 1, 0, 0
439250, 900, 1, 0, 0
439350, 960, 1, 0, 0
439450, 950, 1, 0, 0
439550, 960, 1, 0, 0
439650, 980, 1, 0, 0
439749, 919, 1, 0, 0
439849, 970, 1, 0, 0
439949, 980, 1, 0, 0
440049, 980, 1, 0, 0
440149, 960, 1, 0, 0
440250, 980, 1, 0, 0
440350, 920, 1, 0, 0
440450, 1000, 1, 0, 0
440550, 980, 1, 0, 0
440650, 970, 1, 0, 0
440749, 939, 1, 0, 0
440849, 1010, 1, 0, 0
440949, 990, 1, 0, 0
441049, 980, 1, 0, 0
441149, 920, 1, 0, 0
441249, 940, 1, 0, 0
441349, 940, 1, 0, 0
441449, 910, 1, 0, 0
441550, 960, 1, 0, 0
441650, 940, 1, 0, 0
441749, 979, 1, 0, 0
441849, 970, 1, 0, 0
441949, 960, 1, 0, 0
442049, 960, 1, 0, 0
442149, 960, 1, 0, 0
442249, 970, 1, 0, 0
442349, 980, 1, 0, 0
442449, 970, 1, 0, 0
442549, 1020, 1, 0, 0
442650, 1000, 1, 0, 0
442750, 980, 1, 0, 0
442850, 940, 1, 0, 0
442950, 950, 1, 0, 0
443050, 940, 1, 0, 0
443150, 990, 1, 0, 0
443249, 929, 1, 0, 0
443349, 950, 1, 0, 0
443449, 980, 1, 0, 0
443549, 930, 1, 0, 0
443649, 970, 1, 0, 0
443750, 940, 1, 0, 0
443850, 930, 1, 0, 0
443950, 1000, 1, 0, 0
444050, 1000, 1, 0, 0
444150, 980, 1, 0, 0
444249, 939, 1, 0, 0
444349, 1010, 1, 0, 0
444449, 980, 1, 0, 0
444549, 980, 1, 0, 0
444649, 940, 1, 0, 0
444749, 920, 1, 0, 0
444849, 1000, 1, 0, 0
444949, 1000, 1, 0, 0
445050, 950, 1, 0, 0
445150, 990, 1, 0, 0
445250, 970, 1, 0, 0
445350, 980, 1, 0, 0
445450, 950, 1, 0, 0
445550, 990, 1, 0, 0
445650, 930, 1, 0, 0
445749, 969, 1, 0, 0
445849, 970, 1, 0, 0
445949, 980, 1, 0, 0
446049, 970, 1, 0, 0
446149, 970, 1, 0, 0
446250, 1000, 1, 0, 0
446350, 950, 1, 0, 0
446450, 940, 1, 0, 0
446550, 950, 1, 0, 0
446650, 960, 1, 0, 0
446749, 919, 1, 0, 0
446849, 970, 1, 0, 0
446949, 1020, 1, 0, 0
447049, 990, 1, 0, 0
447149, 950, 1, 0, 0
447249, 940, 1, 0, 0
447349, 920, 1, 0, 0
447449, 970, 1, 0, 0
447550, 940, 1, 0, 0
447650, 910, 1, 0, 0
447750, 910, 1, 0, 0
447850, 910, 1, 0, 0
447950, 900, 1, 0, 0
448050, 930, 1, 0, 0
448150, 940, 1, 0, 0
448249, 959, 1, 0, 0
448349, 960, 1, 0, 0
448449, 910, 1, 0, 0
448549, 930, 1, 0, 0
448649, 960, 1, 0, 0
448750, 960, 1, 0, 0
448850, 940, 1, 0, 0
448950, 940, 1, 0, 0
449050, 960, 1, 0, 0
449150, 930, 1, 0, 0
449249, 919, 1, 0, 0
449349, 960, 1, 0, 0
449449, 950, 1, 0, 0
449549, 930, 1, 0, 0
449649, 940, 1, 0, 0
449749, 940, 1, 0, 0
449850, 990, 1, 0, 0
449950, 930, 1, 0, 0
450050, 940, 1, 0, 0
450150, 980, 1, 0, 0
450249, 969, 1, 0, 0
450349, 960, 1, 0, 0
450449, 980, 1, 0, 0
450549, 930, 1, 0, 0
450649, 910, 1, 0, 0
450749, 930, 1, 0, 0
450849, 970, 1, 0, 0
450949, 890, 1, 0, 0
451050, 920, 1, 0, 0
451150, 930, 1, 0, 0
451250, 930, 1, 0, 0
451350, 970, 1, 0, 0
451450, 980, 1, 0, 0
451550, 950, 1, 0, 0
451650, 930, 1, 0, 0
451749, 989, 1, 0, 0
451849, 930, 1, 0, 0
451949, 950, 1, 0, 0
452049, 960, 1, 0, 0
452149, 970, 1, 0, 0
452250, 930, 1, 0, 0
452350, 930, 1, 0, 0
452450, 920, 1, 0, 0
452550, 890, 1, 0, 0
452650, 950, 1, 0, 0
452749, 949, 1, 0, 0
452849, 960, 1, 0, 0
452949, 970, 1, 0, 0
453049, 950, 1, 0, 0
453149, 880, 1, 0, 0
453249, 940, 1, 0, 0
453349, 930, 1, 0, 0
453450, 930, 1, 0, 0
453550, 940, 1, 0, 0
453650, 940, 1, 0, 0
453749, 929, 1, 0, 0
453849, 940, 1, 0, 0
453949, 950, 1, 0, 0
454049, 970, 1, 0, 0
454149, 970, 1, 0, 0
454249, 990, 1, 0, 0
454349, 990, 1, 0, 0
454449, 980, 1, 0, 0
454550, 970, 1, 0, 0
454650, 960, 1, 0, 0
454750, 940, 1, 0, 0
454850, 950, 1, 0, 0
454950, 920, 1, 0, 0
455050, 920, 1, 0, 0
455150, 950, 1, 0, 0
455249, 1020, 1, 0, 0
455349, 940, 1, 0, 0
455449, 950, 1, 0, 0
455549, 930, 1, 0, 0
455649, 960, 1, 0, 0
455750, 940, 1, 0, 0
455850, 980, 1, 0, 0
455950, 950, 1, 0, 0
456050, 1020, 1, 0, 0
456150, 970, 1, 0, 0
456249, 979, 1, 0, 0
456349, 970, 1, 0, 0
456449, 970, 1, 0, 0
456549, 990, 1, 0, 0
456649, 960, 1, 0, 0
456749, 970, 1, 0, 0
456849, 970, 1, 0, 0
456950, 940, 1, 0, 0
457050, 960, 1, 0, 0
457150, 970, 1, 0, 0
457249, 969, 1, 0, 0
457349, 960, 1, 0, 0
457449, 940, 1, 0, 0
457549, 910, 1, 0, 0
457649, 970, 1, 0, 0
457749, 960, 1, 0, 0
457849, 1000, 1, 0, 0
457949, 860, 1, 0, 0
458050, 980, 1, 0, 0
458150, 1000, 1, 0, 0
458250, 980, 1, 0, 0
458350, 990, 1, 0, 0
458450, 950, 1, 0, 0
458550, 900, 1, 0, 0
458650, 950, 1, 0, 0
458749, 1020, 1, 0, 0
458849, 1010, 1, 0, 0
458949, 970, 1, 0, 0
459049, 960, 1, 0, 0
459149, 960, 1, 0, 0
459250, 950, 1, 0, 0
459350, 980, 1, 0, 0
459450, 960, 1, 0, 0
459550, 980, 1, 0, 0
459650, 980, 1, 0, 0
459749, 959, 1, 0, 0
459849, 940, 1, 0, 0
459949, 970, 1, 0, 0
460049, 980, 1, 0, 0
460149, 1030, 1, 0, 0
460249, 950, 1, 0, 0
460349, 970, 1, 0, 0
460449, 980, 1, 0, 0
460550, 1030, 1, 0, 0
460650, 970, 1, 0, 0
460750, 1000, 1, 0, 0
460850, 920, 1, 0, 0
460950, 990, 1, 0, 0
461050, 930, 1, 0, 0
461150, 980, 1, 0, 0
461249, 1000, 1, 0, 0
461349, 980, 1, 0, 0
461449, 950, 1, 0, 0
461549, 990, 1, 0, 0
461650, 960, 1, 0, 0
461750, 1000, 1, 0, 0
461850, 950, 1, 0, 0
461950, 940, 1, 0, 0
462050, 950, 1, 0, 0
462150, 960, 1, 0, 0
462249, 1020, 1, 0, 0
462349, 1000, 1, 0, 0
462449, 1000, 1, 0, 0
462549, 930, 1, 0, 0
462649, 980, 1, 0, 0
462750, 990, 1, 0, 0
462850, 960, 1, 0, 0
462950, 940, 1, 0, 0
463050, 1000, 1, 0, 0
463150, 990, 1, 0, 0
463249, 919, 1, 0, 0
463349, 960, 1, 0, 0
463449, 970, 1, 0, 0
463549, 950, 1, 0, 0
463649, 960, 1, 0, 0
463749, 950, 1, 0, 0
463849, 960, 1, 0, 0
463949, 970, 1, 0, 0
464050, 990, 1, 0, 0
464150, 950, 1, 0, 0
464250, 890, 1, 0, 0
464350, 910, 1, 0, 0
464450, 910, 1, 0, 0
464550, 960, 1, 0, 0
464650, 960, 1, 0, 0
464749, 929, 1, 0, 0
464849, 990, 1, 0, 0
464949, 990, 1, 0, 0
465050, 950, 1, 0, 0
465150, 950, 1, 0, 0
465250, 950, 1, 0, 0
465350, 1010, 1, 0, 0
465450, 1020, 1, 0, 0
465550, 990, 1, 0, 0
465650, 950, 1, 0, 0
465749, 979, 1, 0, 0
465849, 980, 1, 0, 0
465949, 920, 1, 0, 0
466049, 980, 1, 0, 0
466149, 990, 1, 0, 0
466250, 990, 1, 0, 0
466350, 970, 1, 0, 0
466450, 980, 1, 0, 0
466550, 980, 1, 0, 0
466650, 1000, 1, 0, 0
466749, 1020, 1, 0, 0
466849, 980, 1, 0, 0
466949, 960, 1, 0, 0
467049, 970, 1, 0, 0
467149, 970, 1, 0, 0
467249, 990, 1, 0, 0
467349, 990, 1, 0, 0
467449, 980, 1, 0, 0
467550, 970, 1, 0, 0
467650, 930, 1, 0, 0
467750, 970, 1, 0, 0
467850, 930, 1, 0, 0
467950, 1010, 1, 0, 0
468050, 980, 1, 0, 0
468150, 960, 1, 0, 0
468249, 989, 1, 0, 0
468349, 930, 1, 0, 0
468449, 990, 1, 0, 0
468549, 980, 1, 0, 0
468649, 1020, 1, 0, 0
468750, 930, 1, 0, 0
468850, 980, 1, 0, 0
468950, 950, 1, 0, 0
469050, 930, 1, 0, 0
469150, 1000, 1, 0, 0
469249, 1030, 1, 0, 0
469349, 960, 1, 0, 0
469449, 970, 1, 0, 0
469549, 980, 1, 0, 0
469649, 990, 1, 0, 0
469749, 950, 1, 0, 0
469849, 970, 1, 0, 0
469949, 980, 1, 0, 0
470050, 960, 1, 0, 0
470150, 990, 1, 0, 0
470250, 990, 1, 0, 0
470350, 960, 1, 0, 0
470450, 990, 1, 0, 0
470550, 1000, 1, 0, 0
470650, 980, 1, 0, 0
470749, 1020, 1, 0, 0
470849, 960, 1, 0, 0
470949, 990, 1, 0, 0
471049, 960, 1, 0, 0
471150, 950, 1, 0, 0
471250, 960, 1, 0, 0
471350, 1000, 1, 0, 0
471450, 990, 1, 0, 0
471550, 980, 1, 0, 0
471650, 980, 1, 0, 0
471749, 949, 1, 0, 0
471849, 960, 1, 0, 0
471949, 980, 1, 0, 0
472049, 1010, 1, 0, 0
472149, 950, 1, 0, 0
472249, 990, 1, 0, 0
472350, 990, 1, 0, 0
472450, 980, 1, 0, 0
472550, 940, 1, 0, 0
472650, 970, 1, 0, 0
472749, 1020, 1, 0, 0
472849, 990, 1, 0, 0
472949, 960, 1, 0, 0
473049, 920, 1, 0, 0
473149, 950, 1, 0, 0
473249, 890, 1, 0, 0
473349, 970, 1, 0, 0
473449, 990, 1, 0, 0
473550, 980, 1, 0, 0
473650, 990, 1, 0, 0
473750, 1020, 1, 0, 0
473850, 920, 1, 0, 0
473950, 990, 1, 0, 0
474050, 950, 1, 0, 0
474150, 960, 1, 0, 0
474249, 929, 1, 0, 0
474349, 970, 1, 0, 0
474449, 950, 1, 0, 0
474549, 970, 1, 0, 0
474649, 990, 1, 0, 0
474750, 960, 1, 0, 0
474850, 970, 1, 0, 0
474950, 950, 1, 0, 0
475050, 960, 1, 0, 0
475150, 970, 1, 0, 0
475249, 959, 1, 0, 0
475349, 930, 1, 0, 0
475449, 980, 1, 0, 0
475549, 920, 1, 0, 0
475649, 980, 1, 0, 0
475749, 970, 1, 0, 0
475849, 960, 1, 0, 0
475950, 950, 1, 0, 0
476050, 950, 1, 0, 0
476150, 930, 1, 0, 0
476249, 969, 1, 0, 0
476349, 990, 1, 0, 0
476449, 990, 1, 0, 0
476549, 910, 1, 0, 0
476649, 930, 1, 0, 0
476749, 890, 1, 0, 0
476849, 940, 1, 0, 0
476949, 930, 1, 0, 0
477050, 970, 1, 0, 0
477150, 1010, 1, 0, 0
477250, 940, 1, 0, 0
477350, 960, 1, 0, 0
477450, 920, 1, 0, 0
477550, 940, 1, 0, 0
477650, 940, 1, 0, 0
477749, 959, 1, 0, 0
477849, 980, 1, 0, 0
477949, 980, 1, 0, 0
478049, 960, 1, 0, 0
478149, 960, 1, 0, 0
478250, 980, 1, 0, 0
478350, 940, 1, 0, 0
478450, 990, 1, 0, 0
478550, 950, 1, 0, 0
478650, 970, 1, 0, 0
478749, 929, 1, 0, 0
478849, 900, 1, 0, 0
478949, 900, 1, 0, 0
479049, 950, 1, 0, 0
479149, 910, 1, 0, 0
479249, 970, 1, 0, 0
479349, 910, 1, 0, 0
479449, 970, 1, 0, 0
479550, 900, 1, 0, 0
479650, 890, 1, 0, 0
479750, 910, 1, 0, 0
479850, 880, 1, 0, 0
479950, 960, 1, 0, 0
480050, 910, 1, 0, 0
480150, 940, 1, 0, 0
480249, 919, 1, 0, 0
480349, 950, 1, 0, 0
480449, 930, 1, 0, 0
480549, 920, 1, 0, 0
480649, 1010, 1, 0, 0
480750, 970, 1, 0, 0
480850, 980, 1, 0, 0
480950, 980, 1, 0, 0
481050, 990, 1, 0, 0
481150, 960, 1, 0, 0
481249, 929, 1, 0, 0
481349, 900, 1, 0, 0
481449, 940, 1, 0, 0
481549, 920, 1, 0, 0
481649, 940, 1, 0, 0
481749, 920, 1, 0, 0
481849, 960, 1, 0, 0
481950, 960, 1, 0, 0
482050, 920, 1, 0, 0
482150, 970, 1, 0, 0
482249, 949, 1, 0, 0
482349, 910, 1, 0, 0
482449, 960, 1, 0, 0
482549, 990, 1, 0, 0
482649, 980, 1, 0, 0
482749, 920, 1, 0, 0
482849, 940, 1, 0, 0
482949, 960, 1, 0, 0
483050, 960, 1, 0, 0
483150, 960, 1, 0, 0
483250, 970, 1, 0, 0
483350, 950, 1, 0, 0
483450, 930, 1, 0, 0
483550, 970, 1, 0, 0
483650, 980, 1, 0, 0
483749, 959, 1, 0, 0
483849, 970, 1, 0, 0
483949, 970, 1, 0, 0
484049, 970, 1, 0, 0
484149, 970, 1, 0, 0
484250, 930, 1, 0, 0
484350, 970, 1, 0, 0
484450, 990, 1, 0, 0
484550, 990, 1, 0, 0
484650, 1000, 1, 0, 0
484749, 989, 1, 0, 0
484849, 970, 1, 0, 0
484949, 960, 1, 0, 0
485049, 980, 1, 0, 0
485149, 960, 1, 0, 0
485249, 990, 1, 0, 0
485350, 930, 1, 0, 0
485450, 980, 1, 0, 0
485550, 900, 1, 0, 0
485650, 980, 1, 0, 0
485749, 929, 1, 0, 0
485849, 980, 1, 0, 0
485949, 960, 1, 0, 0
486049, 990, 1, 0, 0
486149, 970, 1, 0, 0
486249, 990, 1, 0, 0
486349, 980, 1, 0, 0
486449, 910, 1, 0, 0
486550, 1000, 1, 0, 0
486650, 1000, 1, 0, 0
486750, 970, 1, 0, 0
486850, 950, 1, 0, 0
486950, 990, 1, 0, 0
487050, 960, 1, 0, 0
487150, 1000, 1, 0, 0
487249, 979, 1, 0, 0
487349, 980, 1, 0, 0
487449, 950, 1, 0, 0
487549, 950, 1, 0, 0
487649, 960, 1, 0, 0
487750, 990, 1, 0, 0
487850, 980, 1, 0, 0
487950, 950, 1, 0, 0
488050, 1000, 1, 0, 0
488150, 960, 1, 0, 0
488249, 919, 1, 0, 0
488349, 950, 1, 0, 0
488449, 1000, 1, 0, 0
488549, 940, 1, 0, 0
488649, 970, 1, 0, 0
488749, 980, 1, 0, 0
488849, 950, 1, 0, 0
488949, 970, 1, 0, 0
489050, 960, 1, 0, 0
489150, 950, 1, 0, 0
489250, 970, 1, 0, 0
489350, 940, 1, 0, 0
489450, 940, 1, 0, 0
489550, 960, 1, 0, 0
489650, 950, 1, 0, 0
489749, 969, 1, 0, 0
489849, 970, 1, 0, 0
489949, 940, 1, 0, 0
490049, 900, 1, 0, 0
490149, 890, 1, 0, 0
490250, 960, 1, 0, 0
490350, 960, 1, 0, 0
490450, 970, 1, 0, 0
490550, 930, 1, 0, 0
490650, 960, 1, 0, 0
490749, 949, 1, 0, 0
490849, 930, 1, 0, 0
490949, 900, 1, 0, 0
491049, 940, 1, 0, 0
491149, 1000, 1, 0, 0
491249, 980, 1, 0, 0
491349, 940, 1, 0, 0
491449, 930, 1, 0, 0
491550, 990, 1, 0, 0
491650, 970, 1, 0, 0
491750, 930, 1, 0, 0
491850, 940, 1, 0, 0
491950, 970, 1, 0, 0
492050, 940, 1, 0, 0
492150, 980, 1, 0, 0
492249, 929, 1, 0, 0
492349, 970, 1, 0, 0
492449, 960, 1, 0, 0
492549, 950, 1, 0, 0
492649, 950, 1, 0, 0
492750, 910, 1, 0, 0
492850, 950, 1, 0, 0
492950, 930, 1, 0, 0
493050, 960, 1, 0, 0
493150, 930, 1, 0, 0
493249, 929, 1, 0, 0
493349, 990, 1, 0, 0
493449, 960, 1, 0, 0
493549, 960, 1, 0, 0
493649, 970, 1, 0, 0
493749, 940, 1, 0, 0
493849, 1000, 1, 0, 0
493949, 960, 1, 0, 0
494050, 960, 1, 0, 0
494150, 920, 1, 0, 0
494250, 980, 1, 0, 0
494350, 940, 1, 0, 0
494450, 970, 1, 0, 0
494550, 930, 1, 0, 0
494650, 990, 1, 0, 0
494749, 949, 1, 0, 0
494849, 930, 1, 0, 0
494949, 950, 1, 0, 0
495049, 980, 1, 0, 0
495149, 960, 1, 0, 0
495250, 970, 1, 0, 0
495350, 970, 1, 0, 0
495450, 950, 1, 0, 0
495550, 970, 1, 0, 0
495650, 960, 1, 0, 0
495749, 939, 1, 0, 0
495849, 940, 1, 0, 0
495949, 980, 1, 0, 0
496049, 970, 1, 0, 0
496149, 910, 1, 0, 0
496249, 940, 1, 0, 0
496349, 950, 1, 0, 0
496449, 930, 1, 0, 0
496550, 920, 1, 0, 0
496650, 950, 1, 0, 0
496750, 930, 1, 0, 0
496850, 960, 1, 0, 0
496950, 970, 1, 0, 0
497050, 940, 1, 0, 0
497150, 960, 1, 0, 0
497249, 949, 1, 0, 0
497349, 970, 1, 0, 0
497449, 940, 1, 0, 0
497550, 920, 1, 0, 0
497650, 970, 1, 0, 0
497750, 970, 1, 0, 0
497850, 930, 1, 0, 0
497950, 970, 1, 0, 0
498050, 950, 1, 0, 0
498150, 950, 1, 0, 0
498249, 929, 1, 0, 0
498349, 980, 1, 0, 0
498449, 900, 1, 0, 0
498549, 950, 1, 0, 0
498649, 930, 1, 0, 0
498750, 990, 1, 0, 0
498850, 1000, 1, 0, 0
498950, 970, 1, 0, 0
499050, 980, 1, 0, 0
499150, 980, 1, 0, 0
499249, 1000, 1, 0, 0
499349, 980, 1, 0, 0
499449, 990, 1, 0, 0
499549, 960, 1, 0, 0
499649, 990, 1, 0, 0
499749, 980, 1, 0, 0
499849, 990, 1, 0, 0
499950, 960, 1, 0, 0
500050, 1000, 1, 0, 0
500150, 990, 1, 0, 0
500249, 989, 1, 0, 0
500349, 980, 1, 0, 0
500449, 970, 1, 0, 0
500549, 980, 1, 0, 0
500649, 970, 1, 0, 0
500749, 930, 1, 0, 0
500849, 930, 1, 0, 0
500949, 910, 1, 0, 0
501050, 950, 1, 0, 0
501150, 930, 1, 0, 0
501250, 960, 1, 0, 0
501350, 980, 1, 0, 0
501450, 960, 1, 0, 0
501550, 940, 1, 0, 0
501650, 950, 1, 0, 0
501749, 919, 1, 0, 0
501849, 990, 1, 0, 0
501949, 970, 1, 0, 0
502049, 960, 1, 0, 0
502149, 980, 1, 0, 0
502249, 960, 1, 0, 0
502350, 970, 1, 0, 0
502450, 970, 1, 0, 0
502550, 1000, 1, 0, 0
502650, 930, 1, 0, 0
502749, 959, 1, 0, 0
502849, 1000, 1, 0, 0
502949, 960, 1, 0, 0
503049, 980, 1, 0, 0
503149, 990, 1, 0, 0
503249, 980, 1, 0, 0
503349, 980, 1, 0, 0
503449, 980, 1, 0, 0
503550, 960, 1, 0, 0
503650, 960, 1, 0, 0
503750, 970, 1, 0, 0
503850, 960, 1, 0, 0
503950, 1000, 1, 0, 0
504050, 970, 1, 0, 0
504150, 950, 1, 0, 0
504249, 949, 1, 0, 0
504349, 980, 1, 0, 0
504449, 1000, 1, 0, 0
504549, 970, 1, 0, 0
504649, 930, 1, 0, 0
504750, 920, 1, 0, 0
504850, 910, 1, 0, 0
504950, 950, 1, 0, 0
505050, 950, 1, 0, 0
505150, 1000, 1, 0, 0
505249, 919, 1, 0, 0
505349, 930, 1, 0, 0
505449, 1000, 1, 0, 0
505549, 1000, 1, 0, 0
505649, 960, 1, 0, 0
505749, 980, 1, 0, 0
505849, 1000, 1, 0, 0
505950, 970, 1, 0, 0
506050, 960, 1, 0, 0
506150, 1000, 1, 0, 0
506249, 1020, 1, 0, 0
506349, 940, 1, 0, 0
506449, 980, 1, 0, 0
506549, 990, 1, 0, 0
506649, 1010, 1, 0, 0
506749, 940, 1, 0, 0
506849, 990, 1, 0, 0
506949, 1000, 1, 0, 0
507050, 980, 1, 0, 0
507150, 910, 1, 0, 0
507250, 950, 1, 0, 0
507350, 980, 1, 0, 0
507450, 980, 1, 0, 0
507550, 910, 1, 0, 0
507650, 940, 1, 0, 0
507749, 929, 1, 0, 0
507849, 950, 1, 0, 0
507949, 970, 1, 0, 0
508049, 990, 1, 0, 0
508149, 990, 1, 0, 0
508250, 960, 1, 0, 0
508350, 1000, 1, 0, 0
508450, 950, 1, 0, 0
508550, 970, 1, 0, 0
508650, 970, 1, 0, 0
508749, 989, 1, 0, 0
508849, 1010, 1, 0, 0
508949, 940, 1, 0, 0
509049, 1020, 1, 0, 0
509149, 960, 1, 0, 0
509249, 980, 1, 0, 0
509350, 940, 1, 0, 0
509450, 940, 1, 0, 0
509550, 970, 1, 0, 0
509650, 990, 1, 0, 0
509749, 909, 1, 0, 0
509849, 990, 1, 0, 0
509949, 970, 1, 0, 0
510049, 1010, 1, 0, 0
510149, 1000, 1, 0, 0
510249, 1000, 1, 0, 0
510349, 980, 1, 0, 0
510449, 980, 1, 0, 0
510550, 960, 1, 0, 0
510650, 950, 1, 0, 0
510750, 1030, 1, 0, 0
510850, 940, 1, 0, 0
510950, 1000, 1, 0, 0
511050, 1020, 1, 0, 0
511150, 940, 1, 0, 0
511249, 989, 1, 0, 0
511349, 980, 1, 0, 0
511449, 950, 1, 0, 0
511549, 920, 1, 0, 0
511649, 980, 1, 0, 0
511750, 1030, 1, 0, 0
511850, 970, 1, 0, 0
511950, 970, 1, 0, 0
512050, 1010, 1, 0, 0
512150, 940, 1, 0, 0
512249, 959, 1, 0, 0
512349, 970, 1, 0, 0
512449, 980, 1, 0, 0
512549, 970, 1, 0, 0
512649, 1010, 1, 0, 0
512749, 930, 1, 0, 0
512849, 960, 1, 0, 0
512949, 1010, 1, 0, 0
513050, 970, 1, 0, 0
513150, 960, 1, 0, 0
513250, 980, 1, 0, 0
513350, 990, 1, 0, 0
513450, 990, 1, 0, 0
513550, 920, 1, 0, 0
513650, 920, 1, 0, 0
513749, 939, 1, 0, 0
513849, 990, 1, 0, 0
513949, 950, 1, 0, 0
514049, 1010, 1, 0, 0
514149, 980, 1, 0, 0
514250, 970, 1, 0, 0
514350, 1010, 1, 0, 0
514450, 960, 1, 0, 0
514550, 990, 1, 0, 0
514650, 940, 1, 0, 0
514749, 949, 1, 0, 0
514849, 1010, 1, 0, 0
514949, 970, 1, 0, 0
515049, 970, 1, 0, 0
515149, 940, 1, 0, 0
515249, 950, 1, 0, 0
515349, 1020, 1, 0, 0
515450, 990, 1, 0, 0
515550, 940, 1, 0, 0
515650, 970, 1, 0, 0
515749, 939, 1, 0, 0
515849, 930, 1, 0, 0
515949, 990, 1, 0, 0
516049, 990, 1, 0, 0
516149, 970, 1, 0, 0
516249, 950, 1, 0, 0
516349, 900, 1, 0, 0
516449, 960, 1, 0, 0
516550, 990, 1, 0, 0
516650, 910, 1, 0, 0
516750, 940, 1, 0, 0
516850, 960, 1, 0, 0
516950, 970, 1, 0, 0
517050, 990, 1, 0, 0
517150, 990, 1, 0, 0
517249, 989, 1, 0, 0
517349, 980, 1, 0, 0
517449, 960, 1, 0, 0
517549, 970, 1, 0, 0
517649, 940, 1, 0, 0
517750, 960, 1, 0, 0
517850, 960, 1, 0, 0
517950, 980, 1, 0, 0
518050, 1000, 1, 0, 0
518150, 950, 1, 0, 0
518249, 969, 1, 0, 0
518349, 950, 1, 0, 0
518449, 980, 1, 0, 0
518549, 1000, 1, 0, 0
518649, 990, 1, 0, 0
518749, 960, 1, 0, 0
518849, 910, 1, 0, 0
518949, 990, 1, 0, 0
519050, 1000, 1, 0, 0
519150, 870, 1, 0, 0
519250, 1000, 1, 0, 0
519350, 990, 1, 0, 0
519450, 970, 1, 0, 0
519550, 950, 1, 0, 0
519650, 960, 1, 0, 0
519749, 979, 1, 0, 0
519849, 980, 1, 0, 0
519949, 990, 1, 0, 0
520049, 970, 1, 0, 0
520149, 950, 1, 0, 0
520250, 970, 1, 0, 0
520350, 990, 1, 0, 0
520450, 980, 1, 0, 0
520550, 940, 1, 0, 0
520650, 970, 1, 0, 0
520749, 979, 1, 0, 0
520849, 940, 1, 0, 0
520949, 980, 1, 0, 0
521049, 960, 1, 0, 0
521149, 940, 1, 0, 0
521249, 950, 1, 0, 0
521350, 960, 1, 0, 0
521450, 960, 1, 0, 0
521550, 980, 1, 0, 0
521650, 980, 1, 0, 0
521749, 989, 1, 0, 0
521849, 990, 1, 0, 0
521949, 980, 1, 0, 0
522049, 950, 1, 0, 0
522149, 990, 1, 0, 0
522249, 1000, 1, 0, 0
522349, 960, 1, 0, 0
522449, 970, 1, 0, 0
522550, 920, 1, 0, 0
522650, 920, 1, 0, 0
522750, 970, 1, 0, 0
522850, 970, 1, 0, 0
522950, 960, 1, 0, 0
523050, 970, 1, 0, 0
523150, 970, 1, 0, 0
523249, 959, 1, 0, 0
523349, 940, 1, 0, 0
523449, 960, 1, 0, 0
523549, 970, 1, 0, 0
523649, 990, 1, 0, 0
523750, 990, 1, 0, 0
523850, 990, 1, 0, 0
523950, 950, 1, 0, 0
524050, 920, 1, 0, 0
524150, 960, 1, 0, 0
524249, 959, 1, 0, 0
524349, 990, 1, 0, 0
524449, 990, 1, 0, 0
524549, 950, 1, 0, 0
524649, 990, 1, 0, 0
524749, 1000, 1, 0, 0
524849, 1000, 1, 0, 0
524949, 980, 1, 0, 0
525050, 980, 1, 0, 0
525150, 1000, 1, 0, 0
525250, 1000, 1, 0, 0
525350, 1000, 1, 0, 0
525450, 970, 1, 0, 0
525550, 950, 1, 0, 0
525650, 960, 1, 0, 0
525749, 1020, 1, 0, 0
525849, 920, 1, 0, 0
525949, 920, 1, 0, 0
526050, 950, 1, 0, 0
526150, 960, 1, 0, 0
526250, 970, 1, 0, 0
526350, 950, 1, 0, 0
526450, 970, 1, 0, 0
526550, 950, 1, 0, 0
526650, 910, 1, 0, 0
526749, 1000, 1, 0, 0
526849, 970, 1, 0, 0
526949, 970, 1, 0, 0
527049, 980, 1, 0, 0
527149, 950, 1, 0, 0
527250, 980, 1, 0, 0
527350, 920, 1, 0, 0
527450, 950, 1, 0, 0
527550, 930, 1, 0, 0
527650, 960, 1, 0, 0
527749, 989, 1, 0, 0
527849, 880, 1, 0, 0
527949, 910, 1, 0, 0
528049, 950, 1, 0, 0
528149, 950, 1, 0, 0
528249, 990, 1, 0, 0
528350, 970, 1, 0, 0
528450, 950, 1, 0, 0
528550, 990, 1, 0, 0
528650, 960, 1, 0, 0
528749, 969, 1, 0, 0
528849, 970, 1, 0, 0
528949, 1000, 1, 0, 0
529049, 960, 1, 0, 0
529149, 1030, 1, 0, 0
529249, 920, 1, 0, 0
529349, 940, 1, 0, 0
529449, 970, 1, 0, 0
529550, 910, 1, 0, 0
529650, 980, 1, 0, 0
529750, 980, 1, 0, 0
529850, 950, 1, 0, 0
529950, 980, 1, 0, 0
530050, 1000, 1, 0, 0
530150, 1010, 1, 0, 0
530249, 969, 1, 0, 0
530349, 950, 1, 0, 0
530449, 920, 1, 0, 0
530549, 970, 1, 0, 0
530649, 960, 1, 0, 0
530749, 1000, 1, 0, 0
530850, 1030, 1, 0, 0
530950, 970, 1, 0, 0
531050, 1000, 1, 0, 0
531150, 990, 1, 0, 0
531250, 930, 1, 0, 0
531350, 960, 1, 0, 0
531450, 950, 1, 0, 0
531550, 960, 1, 0, 0
531650, 930, 1, 0, 0
531749, 949, 1, 0, 0
531849, 980, 1, 0, 0
531949, 960, 1, 0, 0
532049, 960, 1, 0, 0
532150, 940, 1, 0, 0
532250, 960, 1, 0, 0
532350, 950, 1, 0, 0
532450, 940, 1, 0, 0
532550, 980, 1, 0, 0
532650, 960, 1, 0, 0
532749, 959, 1, 0, 0
532849, 980, 1, 0, 0
532949, 920, 1, 0, 0
533049, 980, 1, 0, 0
533149, 1020, 1, 0, 0
533249, 990, 1, 0, 0
533349, 920, 1, 0, 0
533449, 950, 1, 0, 0
533550, 940, 1, 0, 0
533650, 950, 1, 0, 0
533750, 940, 1, 0, 0
533850, 950, 1, 0, 0
533950, 960, 1, 0, 0
534050, 950, 1, 0, 0
534150, 940, 1, 0, 0
534249, 929, 1, 0, 0
534349, 960, 1, 0, 0
534449, 970, 1, 0, 0
534549, 960, 1, 0, 0
534649, 930, 1, 0, 0
534750, 960, 1, 0, 0
534850, 980, 1, 0, 0
534950, 980, 1, 0, 0
535050, 950, 1, 0, 0
535150, 940, 1, 0, 0
535249, 979, 1, 0, 0
535349, 920, 1, 0, 0
535449, 930, 1, 0, 0
535549, 970, 1, 0, 0
535649, 940, 1, 0, 0
535749, 920, 1, 0, 0
535849, 920, 1, 0, 0
535950, 940, 1, 0, 0
536050, 960, 1, 0, 0
536150, 980, 1, 0, 0
536250, 970, 1, 0, 0
536350, 980, 1, 0, 0
536450, 930, 1, 0, 0
536550, 960, 1, 0, 0
536650, 980, 1, 0, 0
536749, 1000, 1, 0, 0
536849, 930, 1, 0, 0
536949, 970, 1, 0, 0
537050, 940, 1, 0, 0
537150, 990, 1, 0, 0
537250, 910, 1, 0, 0
537350, 970, 1, 0, 0
537450, 950, 1, 0, 0
537550, 940, 1, 0, 0
537650, 980, 1, 0, 0
537749, 989, 1, 0, 0
537849, 970, 1, 0, 0
537949, 930, 1, 0, 0
538049, 930, 1, 0, 0
538149, 960, 1, 0, 0
538250, 920, 1, 0, 0
538350, 980, 1, 0, 0
538450, 980, 1, 0, 0
538550, 910, 1, 0, 0
538650, 970, 1, 0, 0
538749, 959, 1, 0, 0
538849, 940, 1, 0, 0
538949, 970, 1, 0, 0
539049, 930, 1, 0, 0
539149, 1000, 1, 0, 0
539249, 910, 1, 0, 0
539350, 930, 1, 0, 0
539450, 980, 1, 0, 0
539550, 950, 1, 0, 0
539650, 910, 1, 0, 0
539749, 919, 1, 0, 0
539849, 940, 1, 0, 0
539949, 1000, 1, 0, 0
540049, 940, 1, 0, 0
540149, 990, 1, 0, 0
540249, 950, 1, 0, 0
540349, 890, 1, 0, 0
540449, 980, 1, 0, 0
540550, 870, 1, 0, 0
540650, 920, 1, 0, 0
540750, 960, 1, 0, 0
540850, 920, 1, 0, 0
540950, 910, 1, 0, 0
541050, 960, 1, 0, 0
541150, 930, 1, 0, 0
541249, 959, 1, 0, 0
541349, 980, 1, 0, 0
541449, 970, 1, 0, 0
541549, 960, 1, 0, 0
541650, 940, 1, 0, 0
541750, 960, 1, 0, 0
541850, 970, 1, 0, 0
541950, 950, 1, 0, 0
542050, 1000, 1, 0, 0
542150, 960, 1, 0, 0
542249, 1010, 1, 0, 0
542349, 970, 1, 0, 0
542449, 970, 1, 0, 0
542549, 980, 1, 0, 0
542649, 980, 1, 0, 0
542749, 950, 1, 0, 0
542850, 970, 1, 0, 0
542950, 990, 1, 0, 0
543050, 940, 1, 0, 0
543150, 990, 1, 0, 0
543249, 949, 1, 0, 0
543349, 1000, 1, 0, 0
543449, 1010, 1, 0, 0
543549, 960, 1, 0, 0
543649, 960, 1, 0, 0
543749, 940, 1, 0, 0
543849, 940, 1, 0, 0
543949, 970, 1, 0, 0
544049, 950, 1, 0, 0
544150, 940, 1, 0, 0
544250, 990, 1, 0, 0
544350, 1000, 1, 0, 0
544450, 940, 1, 0, 0
544550, 930, 1, 0, 0
544650, 960, 1, 0, 0
544749, 979, 1, 0, 0
544849, 990, 1, 0, 0
544949, 980, 1, 0, 0
545049, 940, 1, 0, 0
545149, 970, 1, 0, 0
545249, 940, 1, 0, 0
545350, 1000, 1, 0, 0
545450, 960, 1, 0, 0
545550, 990, 1, 0, 0
545650, 960, 1, 0, 0
545750, 980, 1, 0, 0
545850, 940, 1, 0, 0
545950, 960, 1, 0, 0
546050, 970, 1, 0, 0
546150, 990, 1, 0, 0
546249, 989, 1, 0, 0
546349, 980, 1, 0, 0
546449, 980, 1, 0, 0
546550, 980, 1, 0, 0
546650, 960, 1, 0, 0
546750, 950, 1, 0, 0
546850, 940, 1, 0, 0
546950, 990, 1, 0, 0
547050, 980, 1, 0, 0
547150, 960, 1, 0, 0
547249, 949, 1, 0, 0
547349, 920, 1, 0, 0
547449, 960, 1, 0, 0
547549, 960, 1, 0, 0
547649, 980, 1, 0, 0
547750, 920, 1, 0, 0
547850, 960, 1, 0, 0
547950, 970, 1, 0, 0
548050, 940, 1, 0, 0
548150, 980, 1, 0, 0
548249, 989, 1, 0, 0
548349, 920, 1, 0, 0
548449, 970, 1, 0, 0
548549, 950, 1, 0, 0
548649, 970, 1, 0, 0
548749, 960, 1, 0, 0
548849, 980, 1, 0, 0
548949, 960, 1, 0, 0
549050, 910, 1, 0, 0
549150, 970, 1, 0, 0
549250, 970, 1, 0, 0
549350, 920, 1, 0, 0
549450, 940, 1, 0, 0
549550, 930, 1, 0, 0
549650, 930, 1, 0, 0
549749, 949, 1, 0, 0
549849, 990, 1, 0, 0
549949, 990, 1, 0, 0
550049, 960, 1, 0, 0
550149, 960, 1, 0, 0
550250, 1010, 1, 0, 0
550350, 980, 1, 0, 0
550450, 950, 1, 0, 0
550550, 990, 1, 0, 0
550650, 1000, 1, 0, 0
550749, 949, 1, 0, 0
550849, 920, 1, 0, 0
550949, 970, 1, 0, 0
551049, 910, 1, 0, 0
551149, 920, 1, 0, 0
551249, 960, 1, 0, 0
551349, 950, 1, 0, 0
551449, 960, 1, 0, 0
551550, 940, 1, 0, 0
551650, 990, 1, 0, 0
551750, 960, 1, 0, 0
551850, 980, 1, 0, 0
551950, 950, 1, 0, 0
552050, 910, 1, 0, 0
552150, 920, 1, 0, 0
552249, 979, 1, 0, 0
552349, 950, 1, 0, 0
552449, 980, 1, 0, 0
552549, 960, 1, 0, 0
552650, 950, 1, 0, 0
552750, 960, 1, 0, 0
552850, 880, 1, 0, 0
552950, 960, 1, 0, 0
553050, 990, 1, 0, 0
553150, 930, 1, 0, 0
553249, 969, 1, 0, 0
553349, 940, 1, 0, 0
553449, 940, 1, 0, 0
553549, 940, 1, 0, 0
553649, 970, 1, 0, 0
553750, 960, 1, 0, 0
553850, 920, 1, 0, 0
553950, 920, 1, 0, 0
554050, 980, 1, 0, 0
554150, 920, 1, 0, 0
554249, 939, 1, 0, 0
554349, 980, 1, 0, 0
554449, 960, 1, 0, 0
554549, 950, 1, 0, 0
554649, 950, 1, 0, 0
554749, 890, 1, 0, 0
554849, 930, 1, 0, 0
554949, 980, 1, 0, 0
555050, 980, 1, 0, 0
555150, 990, 1, 0, 0
555250, 970, 1, 0, 0
555350, 940, 1, 0, 0
555450, 950, 1, 0, 0
555550, 980, 1, 0, 0
555650, 980, 1, 0, 0
555749, 979, 1, 0, 0
555849, 950, 1, 0, 0
555949, 950, 1, 0, 0
556049, 960, 1, 0, 0
556149, 1010, 1, 0, 0
556250, 960, 1, 0, 0
556350, 950, 1, 0, 0
556450, 970, 1, 0, 0
556550, 990, 1, 0, 0
556650, 1000, 1, 0, 0
556749, 979, 1, 0, 0
556849, 990, 1, 0, 0
556949, 990, 1, 0, 0
557049, 980, 1, 0, 0
557149, 970, 1, 0, 0
557250, 960, 1, 0, 0
557350, 930, 1, 0, 0
557450, 1020, 1, 0, 0
557550, 1000, 1, 0, 0
557650, 1030, 1, 0, 0
557749, 1010, 1, 0, 0
557849, 960, 1, 0, 0
557949, 960, 1, 0, 0
558049, 990, 1, 0, 0
558149, 980, 1, 0, 0
558249, 960, 1, 0, 0
558349, 980, 1, 0, 0
558449, 960, 1, 0, 0
558550, 960, 1, 0, 0
558650, 950, 1, 0, 0
558750, 930, 1, 0, 0
558850, 1000, 1, 0, 0
558950, 1000, 1, 0, 0
559050, 940, 1, 0, 0
559150, 920, 1, 0, 0
559249, 959, 1, 0, 0
559349, 920, 1, 0, 0
559449, 980, 1, 0, 0
559549, 990, 1, 0, 0
559650, 950, 1, 0, 0
559750, 1000, 1, 0, 0
559850, 930, 1, 0, 0
559950, 990, 1, 0, 0
560050, 1000, 1, 0, 0
560150, 960, 1, 0, 0
560249, 929, 1, 0, 0
560349, 960, 1, 0, 0
560449, 940, 1, 0, 0
560549, 960, 1, 0, 0
560649, 990, 1, 0, 0
560750, 990, 1, 0, 0
560850, 970, 1, 0, 0
560950, 960, 1, 0, 0
561050, 950, 1, 0, 0
561150, 970, 1, 0, 0
561249, 929, 1, 0, 0
561349, 990, 1, 0, 0
561449, 950, 1, 0, 0
561549, 980, 1, 0, 0
561649, 930, 1, 0, 0
561749, 910, 1, 0, 0
561849, 950, 1, 0, 0
561950, 940, 1, 0, 0
562050, 930, 1, 0, 0
562150, 980, 1, 0, 0
562249, 929, 1, 0, 0
562349, 980, 1, 0, 0
562449, 970, 1, 0, 0
562549, 970, 1, 0, 0
562649, 980, 1, 0, 0
562749, 950, 1, 0, 0
562849, 960, 1, 0, 0
562949, 970, 1, 0, 0
563050, 960, 1, 0, 0
563150, 950, 1, 0, 0
563250, 960, 1, 0, 0
563350, 940, 1, 0, 0
563450, 960, 1, 0, 0
563550, 980, 1, 0, 0
563650, 950, 1, 0, 0
563749, 1000, 1, 0, 0
563849, 940, 1, 0, 0
563949, 940, 1, 0, 0
564049, 950, 1, 0, 0
564149, 950, 1, 0, 0
564250, 940, 1, 0, 0
564350, 960, 1, 0, 0
564450, 980, 1, 0, 0
564550, 990, 1, 0, 0
564650, 980, 1, 0, 0
564749, 979, 1, 0, 0
564849, 960, 1, 0, 0
564949, 960, 1, 0, 0
565049, 950, 1, 0, 0
565149, 990, 1, 0, 0
565249, 1020, 1, 0, 0
565349, 1020, 1, 0, 0
565450, 970, 1, 0, 0
565550, 970, 1, 0, 0
565650, 980, 1, 0, 0
565750, 1030, 1, 0, 0
565850, 980, 1, 0, 0
565950, 1000, 1, 0, 0
566050, 970, 1, 0, 0
566150, 940, 1, 0, 0
566249, 1000, 1, 0, 0
566349, 970, 1, 0, 0
566449, 960, 1, 0, 0
566549, 980, 1, 0, 0
566650, 980, 1, 0, 0
566750, 930, 1, 0, 0
566850, 980, 1, 0, 0
566950, 980, 1, 0, 0
567050, 1000, 1, 0, 0
567150, 1010, 1, 0, 0
567249, 949, 1, 0, 0
567349, 990, 1, 0, 0
567449, 990, 1, 0, 0
567549, 980, 1, 0, 0
567649, 970, 1, 0, 0
567749, 1000, 1, 0, 0
567849, 910, 1, 0, 0
567950, 990, 1, 0, 0
568050, 1020, 1, 0, 0
568150, 960, 1, 0, 0
568250, 950, 1, 0, 0
568350, 950, 1, 0, 0
568450, 970, 1, 0, 0
568550, 920, 1, 0, 0
568650, 940, 1, 0, 0
568749, 989, 1, 0, 0
568849, 980, 1, 0, 0
568949, 970, 1, 0, 0
569049, 940, 1, 0, 0
569150, 950, 1, 0, 0
569250, 920, 1, 0, 0
569350, 960, 1, 0, 0
569450, 1000, 1, 0, 0
569550, 970, 1, 0, 0
569650, 930, 1, 0, 0
569749, 949, 1, 0, 0
569849, 960, 1, 0, 0
569949, 920, 1, 0, 0
570049, 960, 1, 0, 0
570149, 940, 1, 0, 0
570250, 950, 1, 0, 0
570350, 980, 1, 0, 0
570450, 980, 1, 0, 0
570550, 950, 1, 0, 0
570650, 960, 1, 0, 0
570749, 919, 1, 0, 0
570849, 970, 1, 0, 0
570949, 910, 1, 0, 0
571049, 910, 1, 0, 0
571149, 920, 1, 0, 0
571249, 970, 1, 0, 0
571349, 930, 1, 0, 0
571449, 980, 1, 0, 0
571550, 930, 1, 0, 0
571650, 940, 1, 0, 0
571750, 940, 1, 0, 0
571850, 1000, 1, 0, 0
571950, 920, 1, 0, 0
572050, 970, 1, 0, 0
572150, 980, 1, 0, 0
572249, 949, 1, 0, 0
572349, 980, 1, 0, 0
572449, 920, 1, 0, 0
572549, 980, 1, 0, 0
572649, 990, 1, 0, 0
572750, 940, 1, 0, 0
572850, 940, 1, 0, 0
572950, 970, 1, 0, 0
573050, 1000, 1, 0, 0
573150, 930, 1, 0, 0
573249, 939, 1, 0, 0
573349, 1000, 1, 0, 0
573449, 940, 1, 0, 0
573549, 980, 1, 0, 0
573649, 950, 1, 0, 0
573749, 930, 1, 0, 0
573849, 950, 1, 0, 0
573950, 900, 1, 0, 0
574050, 960, 1, 0, 0
574150, 950, 1, 0, 0
574250, 960, 1, 0, 0
574350, 980, 1, 0, 0
574450, 970, 1, 0, 0
574550, 980, 1, 0, 0
574650, 940, 1, 0, 0
574749, 959, 1, 0, 0
574849, 950, 1, 0, 0
574949, 930, 1, 0, 0
575050, 940, 1, 0, 0
575150, 970, 1, 0, 0
575250, 950, 1, 0, 0
575350, 960, 1, 0, 0
575450, 1000, 1, 0, 0
575550, 990, 1, 0, 0
575650, 960, 1, 0, 0
575749, 979, 1, 0, 0
575849, 1020, 1, 0, 0
575949, 1000, 1, 0, 0
576049, 990, 1, 0, 0
576149, 990, 1, 0, 0
576250, 950, 1, 0, 0
576350, 980, 1, 0, 0
576450, 1000, 1, 0, 0
576550, 990, 1, 0, 0
576650, 990, 1, 0, 0
576749, 969, 1, 0, 0
576849, 990, 1, 0, 0
576949, 980, 1, 0, 0
577049, 950, 1, 0, 0
577149, 950, 1, 0, 0
577249, 920, 1, 0, 0
577349, 990, 1, 0, 0
577449, 990, 1, 0, 0
577550, 990, 1, 0, 0
577650, 1000, 1, 0, 0
577750, 1020, 1, 0, 0
577850, 920, 1, 0, 0
577950, 990, 1, 0, 0
578050, 980, 1, 0, 0
578150, 970, 1, 0, 0
578249, 959, 1, 0, 0
578349, 980, 1, 0, 0
578449, 980, 1, 0, 0
578550, 970, 1, 0, 0
578650, 950, 1, 0, 0
578750, 950, 1, 0, 0
578850, 990, 1, 0, 0
578950, 970, 1, 0, 0
579050, 1000, 1, 0, 0
579150, 960, 1, 0, 0
579249, 909, 1, 0, 0
579349, 970, 1, 0, 0
579449, 1000, 1, 0, 0
579549, 960, 1, 0, 0
579649, 920, 1, 0, 0
579750, 990, 1, 0, 0
579850, 960, 1, 0, 0
579950, 960, 1, 0, 0
580050, 980, 1, 0, 0
580150, 990, 1, 0, 0
580249, 979, 1, 0, 0
580349, 930, 1, 0, 0
580449, 1000, 1, 0, 0
580549, 930, 1, 0, 0
580649, 950, 1, 0, 0
580749, 960, 1, 0, 0
580849, 930, 1, 0, 0
580950, 930, 1, 0, 0
581050, 910, 1, 0, 0
581150, 970, 1, 0, 0
581250, 990, 1, 0, 0
581350, 940, 1, 0, 0
581450, 940, 1, 0, 0
581550, 980, 1, 0, 0
581650, 980, 1, 0, 0
581749, 1000, 1, 0, 0
581849, 950, 1, 0, 0
581949, 940, 1, 0, 0
582050, 960, 1, 0, 0
582150, 930, 1, 0, 0
582250, 1000, 1, 0, 0
582350, 920, 1, 0, 0
582450, 930, 1, 0, 0
582550, 980, 1, 0, 0
582650, 920, 1, 0, 0
582749, 959, 1, 0, 0
582849, 990, 1, 0, 0
582949, 970, 1, 0, 0
583049, 960, 1, 0, 0
583149, 950, 1, 0, 0
583250, 960, 1, 0, 0
583350, 860, 1, 0, 0
583450, 960, 1, 0, 0
583550, 950, 1, 0, 0
583650, 930, 1, 0, 0
583749, 919, 1, 0, 0
583849, 970, 1, 0, 0
583949, 970, 1, 0, 0
584049, 930, 1, 0, 0
584149, 920, 1, 0, 0
584249, 910, 1, 0, 0
584349, 960, 1, 0, 0
584449, 940, 1, 0, 0
584550, 930, 1, 0, 0
584650, 970, 1, 0, 0
584750, 970, 1, 0, 0
584850, 960, 1, 0, 0
584950, 1010, 1, 0, 0
585050, 960, 1, 0, 0
585150, 950, 1, 0, 0
585249, 939, 1, 0, 0
585349, 980, 1, 0, 0
585449, 1000, 1, 0, 0
585550, 1000, 1, 0, 0
585650, 960, 1, 0, 0
585750, 940, 1, 0, 0
585850, 960, 1, 0, 0
585950, 910, 1, 0, 0
586050, 950, 1, 0, 0
586150, 960, 1, 0, 0
586249, 959, 1, 0, 0
586349, 940, 1, 0, 0
586449, 900, 1, 0, 0
586549, 930, 1, 0, 0
586649, 980, 1, 0, 0
586750, 960, 1, 0, 0
586850, 890, 1, 0, 0
586950, 910, 1, 0, 0
587050, 950, 1, 0, 0
587150, 880, 1, 0, 0
587249, 979, 1, 0, 0
587349, 950, 1, 0, 0
587449, 920, 1, 0, 0
587549, 980, 1, 0, 0
587649, 960, 1, 0, 0
587749, 960, 1, 0, 0
587849, 940, 1, 0, 0
587949, 930, 1, 0, 0
588050, 960, 1, 0, 0
588150, 900, 1, 0, 0
588250, 940, 1, 0, 0
588350, 950, 1, 0, 0
588450, 990, 1, 0, 0
588550, 980, 1, 0, 0
588650, 980, 1, 0, 0
588749, 979, 1, 0, 0
588849, 910, 1, 0, 0
588949, 990, 1, 0, 0
589049, 930, 1, 0, 0
589149, 910, 1, 0, 0
589250, 950, 1, 0, 0
589350, 920, 1, 0, 0
589450, 950, 1, 0, 0
589550, 940, 1, 0, 0
589650, 940, 1, 0, 0
589749, 979, 1, 0, 0
589849, 980, 1, 0, 0
589949, 940, 1, 0, 0
590049, 920, 1, 0, 0
590149, 990, 1, 0, 0
590250, 960, 1, 0, 0
590350, 950, 1, 0, 0
590450, 940, 1, 0, 0
590550, 990, 1, 0, 0
590650, 950, 1, 0, 0
590749, 969, 1, 0, 0
590849, 970, 1, 0, 0
590949, 960, 1, 0, 0
591049, 980, 1, 0, 0
591149, 970, 1, 0, 0
591249, 930, 1, 0, 0
591349, 960, 1, 0, 0
591449, 960, 1, 0, 0
591550, 960, 1, 0, 0
591650, 950, 1, 0, 0
591750, 980, 1, 0, 0
591850, 950, 1, 0, 0
591950, 960, 1, 0, 0
592050, 940, 1, 0, 0
592150, 950, 1, 0, 0
592249, 939, 1, 0, 0
592349, 950, 1, 0, 0
592449, 930, 1, 0, 0
592550, 960, 1, 0, 0
592650, 920, 1, 0, 0
592750, 940, 1, 0, 0
592850, 980, 1, 0, 0
592950, 960, 1, 0, 0
593050, 930, 1, 0, 0
593150, 940, 1, 0, 0
593249, 929, 1, 0, 0
593349, 970, 1, 0, 0
593449, 960, 1, 0, 0
593549, 930, 1, 0, 0
593649, 970, 1, 0, 0
593750, 940, 1, 0, 0
593850, 930, 1, 0, 0
593950, 970, 1, 0, 0
594050, 940, 1, 0, 0
594150, 930, 1, 0, 0
594249, 929, 1, 0, 0
594349, 940, 1, 0, 0
594449, 950, 1, 0, 0
594549, 910, 1, 0, 0
594649, 930, 1, 0, 0
594749, 960, 1, 0, 0
594849, 980, 1, 0, 0
594949, 920, 1, 0, 0
595050, 960, 1, 0, 0
595150, 930, 1, 0, 0
595250, 900, 1, 0, 0
595350, 970, 1, 0, 0
595450, 970, 1, 0, 0
595550, 980, 1, 0, 0
595650, 970, 1, 0, 0
595749, 959, 1, 0, 0
595849, 970, 1, 0, 0
595949, 950, 1, 0, 0
596049, 920, 1, 0, 0
596149, 930, 1, 0, 0
596250, 950, 1, 0, 0
596350, 950, 1, 0, 0
596450, 1000, 1, 0, 0
596550, 940, 1, 0, 0
596650, 950, 1, 0, 0
596749, 969, 1, 0, 0
596849, 1010, 1, 0, 0
596949, 980, 1, 0, 0
597049, 930, 1, 0, 0
597149, 940, 1, 0, 0
597249, 920, 1, 0, 0
597349, 1010, 1, 0, 0
597449, 980, 1, 0, 0
597550, 960, 1, 0, 0
597650, 960, 1, 0, 0
597750, 940, 1, 0, 0
597850, 960, 1, 0, 0
597950, 940, 1, 0, 0
598050, 950, 1, 0, 0
598150, 960, 1, 0, 0
598249, 949, 1, 0, 0
598349, 980, 1, 0, 0
598449, 990, 1, 0, 0
598549, 990, 1, 0, 0
598649, 950, 1, 0, 0
598750, 970, 1, 0, 0
598850, 980, 1, 0, 0
598950, 1000, 1, 0, 0
599050, 1010, 1, 0, 0
599150, 960, 1, 0, 0
599249, 979, 1, 0, 0
599349, 960, 1, 0, 0
599449, 940, 1, 0, 0
599549, 980, 1, 0, 0
599649, 980, 1, 0, 0
599749, 980, 1, 0, 0
599849, 930, 1, 0, 0
599949, 960, 1, 0, 0
