100, 17991, 1, 0, 0
200, 14123, 1, 0, 0
300, 13439, 1, 0, 0
400, 13281, 1, 0, 0
501, 15415, 1, 0, 0
601, 19372, 1, 0, 0
700, 16062, 1, 0, 0
800, 17234, 1, 0, 0
900, 15161, 1, 0, 0
1000, 13059, 1, 0, 0
1101, 16007, 1, 0, 0
1200, 15009, 1, 0, 0
1300, 16041, 1, 0, 0
1400, 27189, 1, 0, 0
1500, 17758, 1, 0, 0
1600, 17724, 1, 0, 0
1700, 15282, 1, 0, 0
1800, 14693, 1, 0, 0
1900, 14503, 1, 0, 0
2000, 16812, 1, 0, 0
2100, 17220, 1, 0, 0
2200, 16506, 1, 0, 0
2300, 15599, 1, 0, 0
2400, 13643, 1, 0, 0
2500, 16064, 1, 0, 0
2600, 18250, 1, 0, 0
2700, 15083, 1, 0, 0
2800, 17268, 1, 0, 0
2901, 18746, 1, 0, 0
3000, 16062, 1, 0, 0
3101, 17832, 1, 0, 0
3200, 13874, 1, 0, 0
3300, 15733, 1, 0, 0
3400, 13812, 1, 0, 0
3500, 12708, 1, 0, 0
3601, 17537, 1, 0, 0
3700, 14209, 1, 0, 0
3800, 15622, 1, 0, 0
3901, 14760, 1, 0, 0
4000, 17387, 1, 0, 0
4100, 15339, 1, 0, 0
4201, 14850, 1, 0, 0
4300, 18890, 1, 0, 0
4400, 14609, 1, 0, 0
4500, 14700, 1, 0, 0
4600, 15884, 1, 0, 0
4700, 16643, 1, 0, 0
4800, 17261, 1, 0, 0
4900, 14101, 1, 0, 0
5002, 18154, 1, 0, 0
5100, 17176, 1, 0, 0
5200, 17692, 1, 0, 0
5300, 17248, 1, 0, 0
5401, 18545, 1, 0, 0
5500, 16073, 1, 0, 0
5601, 17073, 1, 0, 0
5700, 17845, 1, 0, 0
5800, 15002, 1, 0, 0
5900, 15331, 1, 0, 0
6000, 15225, 1, 0, 0
6100, 16777, 1, 0, 0
6200, 12980, 1, 0, 0
6301, 17374, 1, 0, 0
6400, 13835, 1, 0, 0
6500, 13570, 1, 0, 0
6600, 15496, 1, 0, 0
6700, 15071, 1, 0, 0
6800, 14321, 1, 0, 0
6900, 14853, 1, 0, 0
7001, 14200, 1, 0, 0
7100, 16221, 1, 0, 0
7200, 14496, 1, 0, 0
7300, 13828, 1, 0, 0
7400, 14374, 1, 0, 0
7500, 13397, 1, 0, 0
7600, 12782, 1, 0, 0
7700, 14145, 1, 0, 0
7801, 19343, 1, 0, 0
7901, 18544, 1, 0, 0
8001, 15681, 1, 0, 0
8100, 14880, 1, 0, 0
8201, 15289, 1, 0, 0
8301, 13577, 1, 0, 0
8401, 14143, 1, 0, 0
8500, 16483, 1, 0, 0
8600, 16557, 1, 0, 0
8701, 14172, 1, 0, 0
8800, 17038, 1, 0, 0
8900, 14429, 1, 0, 0
9000, 16640, 1, 0, 0
9101, 15483, 1, 0, 0
9200, 16212, 1, 0, 0
9300, 16771, 1, 0, 0
9400, 19053, 1, 0, 0
9500, 17066, 1, 0, 0
9600, 16721, 1, 0, 0
9700, 14336, 1, 0, 0
9800, 15753, 1, 0, 0
9900, 16075, 1, 0, 0
10000, 20269, 1, 0, 0
10100, 14674, 1, 0, 0
10201, 17754, 1, 0, 0
10300, 14636, 1, 0, 0
10401, 13887, 1, 0, 0
10500, 15008, 1, 0, 0
10600, 19566, 1, 0, 0
10700, 16561, 1, 0, 0
10801, 15065, 1, 0, 0
10901, 15640, 1, 0, 0
11000, 17499, 1, 0, 0
11100, 16689, 1, 0, 0
11200, 17172, 1, 0, 0
11301, 17061, 1, 0, 0
11400, 13829, 1, 0, 0
11501, 16950, 1, 0, 0
11600, 13261, 1, 0, 0
11700, 12971, 1, 0, 0
11800, 15392, 1, 0, 0
11900, 22489, 1, 0, 0
12001, 17043, 1, 0, 0
12100, 16526, 1, 0, 0
12200, 17301, 1, 0, 0
12300, 20217, 1, 0, 0
12400, 15137, 1, 0, 0
12500, 14732, 1, 0, 0
12600, 18035, 1, 0, 0
12701, 15962, 1, 0, 0
12800, 18654, 1, 0, 0
12900, 16675, 1, 0, 0
13000, 18541, 1, 0, 0
13100, 16751, 1, 0, 0
13200, 15255, 1, 0, 0
13300, 14330, 1, 0, 0
13400, 16527, 1, 0, 0
13500, 18781, 1, 0, 0
13600, 20124, 1, 0, 0
13700, 14988, 1, 0, 0
13801, 16503, 1, 0, 0
13900, 14823, 1, 0, 0
14000, 15793, 1, 0, 0
14101, 14605, 1, 0, 0
14200, 13601, 1, 0, 0
14300, 15282, 1, 0, 0
14401, 17829, 1, 0, 0
14501, 17877, 1, 0, 0
14600, 15131, 1, 0, 0
14700, 14358, 1, 0, 0
14800, 15671, 1, 0, 0
14900, 16917, 1, 0, 0
15000, 19234, 1, 0, 0
15101, 14010, 1, 0, 0
15201, 15817, 1, 0, 0
15300, 14785, 1, 0, 0
15400, 19482, 1, 0, 0
15500, 14433, 1, 0, 0
15600, 13756, 1, 0, 0
15701, 15399, 1, 0, 0
15800, 17154, 1, 0, 0
15900, 13910, 1, 0, 0
16000, 13340, 1, 0, 0
16100, 18613, 1, 0, 0
16200, 13509, 1, 0, 0
16300, 13433, 1, 0, 0
16400, 12972, 1, 0, 0
16500, 16501, 1, 0, 0
16600, 16856, 1, 0, 0
16700, 14543, 1, 0, 0
16800, 18204, 1, 0, 0
16900, 13607, 1, 0, 0
17000, 12512, 1, 0, 0
17100, 17278, 1, 0, 0
17200, 17243, 1, 0, 0
17300, 13479, 1, 0, 0
17400, 13883, 1, 0, 0
17500, 14422, 1, 0, 0
17600, 12924, 1, 0, 0
17700, 14174, 1, 0, 0
17800, 14541, 1, 0, 0
17900, 15688, 1, 0, 0
18000, 17803, 1, 0, 0
18100, 16389, 1, 0, 0
18201, 15366, 1, 0, 0
18300, 14991, 1, 0, 0
18400, 16562, 1, 0, 0
18500, 20635, 1, 0, 0
18600, 18589, 1, 0, 0
18700, 15726, 1, 0, 0
18800, 13568, 1, 0, 0
18901, 14295, 1, 0, 0
19000, 14143, 1, 0, 0
19100, 18635, 1, 0, 0
19200, 19071, 1, 0, 0
19300, 15974, 1, 0, 0
19400, 19021, 1, 0, 0
19500, 20935, 1, 0, 0
19601, 18516, 1, 0, 0
19700, 14879, 1, 0, 0
19800, 15209, 1, 0, 0
19900, 18362, 1, 0, 0
20000, 20671, 1, 0, 0
20100, 15336, 1, 0, 0
20200, 15166, 1, 0, 0
20300, 14853, 1, 0, 0
20401, 17658, 1, 0, 0
20500, 13142, 1, 0, 0
20601, 16046, 1, 0, 0
20700, 19606, 1, 0, 0
20800, 20267, 1, 0, 0
20901, 17554, 1, 0, 0
21001, 12931, 1, 0, 0
21100, 13134, 1, 0, 0
21200, 12221, 1, 0, 0
21300, 12962, 1, 0, 0
21401, 13750, 1, 0, 0
21500, 17225, 1, 0, 0
21600, 17890, 1, 0, 0
21700, 16785, 1, 0, 0
21800, 18000, 1, 0, 0
21900, 14202, 1, 0, 0
22000, 16246, 1, 0, 0
22100, 18924, 1, 0, 0
22200, 13492, 1, 0, 0
22301, 16627, 1, 0, 0
22401, 14469, 1, 0, 0
22500, 16549, 1, 0, 0
22600, 14431, 1, 0, 0
22701, 15724, 1, 0, 0
22800, 19305, 1, 0, 0
22900, 14771, 1, 0, 0
23000, 17816, 1, 0, 0
23100, 21585, 1, 0, 0
23200, 15972, 1, 0, 0
23300, 16537, 1, 0, 0
23400, 17710, 1, 0, 0
23500, 15436, 1, 0, 0
23600, 13904, 1, 0, 0
23700, 17205, 1, 0, 0
23800, 13198, 1, 0, 0
23900, 15128, 1, 0, 0
24001, 13450, 1, 0, 0
24100, 13590, 1, 0, 0
24201, 16050, 1, 0, 0
24300, 13154, 1, 0, 0
24401, 14370, 1, 0, 0
24500, 17862, 1, 0, 0
24600, 13985, 1, 0, 0
24701, 14536, 1, 0, 0
24801, 14514, 1, 0, 0
24900, 13223, 1, 0, 0
25000, 17432, 1, 0, 0
25101, 14704, 1, 0, 0
25200, 17759, 1, 0, 0
25301, 19858, 1, 0, 0
25400, 16044, 1, 0, 0
25500, 13928, 1, 0, 0
25600, 14443, 1, 0, 0
25700, 14800, 1, 0, 0
25800, 16900, 1, 0, 0
25900, 17332, 1, 0, 0
26000, 15373, 1, 0, 0
26101, 18015, 1, 0, 0
26200, 15515, 1, 0, 0
26300, 15774, 1, 0, 0
26400, 14377, 1, 0, 0
26501, 13788, 1, 0, 0
26600, 17573, 1, 0, 0
26700, 14818, 1, 0, 0
26800, 15411, 1, 0, 0
26900, 20387, 1, 0, 0
27000, 15718, 1, 0, 0
27100, 15184, 1, 0, 0
27200, 14171, 1, 0, 0
27300, 17719, 1, 0, 0
27401, 14750, 1, 0, 0
27500, 14441, 1, 0, 0
27600, 13132, 1, 0, 0
27701, 15123, 1, 0, 0
27800, 12794, 1, 0, 0
27901, 13455, 1, 0, 0
28001, 14046, 1, 0, 0
28100, 16065, 1, 0, 0
28200, 16627, 1, 0, 0
28301, 16046, 1, 0, 0
28403, 16175, 1, 0, 0
28500, 16489, 1, 0, 0
28600, 14590, 1, 0, 0
28700, 15583, 1, 0, 0
28800, 16354, 1, 0, 0
28900, 15209, 1, 0, 0
29000, 17512, 1, 0, 0
29100, 14204, 1, 0, 0
29200, 14075, 1, 0, 0
29300, 14986, 1, 0, 0
29400, 17467, 1, 0, 0
29501, 15173, 1, 0, 0
29600, 17583, 1, 0, 0
29700, 18053, 1, 0, 0
29802, 13993, 1, 0, 0
29900, 16064, 1, 0, 0
30000, 13706, 1, 0, 0
30100, 14862, 1, 0, 0
30201, 16141, 1, 0, 0
30300, 15111, 1, 0, 0
30400, 16819, 1, 0, 0
30500, 14743, 1, 0, 0
30600, 14574, 1, 0, 0
30700, 13809, 1, 0, 0
30800, 19015, 1, 0, 0
30900, 14351, 1, 0, 0
31000, 18857, 1, 0, 0
31100, 14721, 1, 0, 0
31200, 15776, 1, 0, 0
31301, 18842, 1, 0, 0
31400, 16627, 1, 0, 0
31500, 16521, 1, 0, 0
31600, 17131, 1, 0, 0
31700, 16204, 1, 0, 0
31801, 18076, 1, 0, 0
31900, 13598, 1, 0, 0
32001, 12538, 1, 0, 0
32100, 17513, 1, 0, 0
32200, 16167, 1, 0, 0
32300, 15054, 1, 0, 0
32400, 13678, 1, 0, 0
32500, 16786, 1, 0, 0
32601, 12661, 1, 0, 0
32700, 18694, 1, 0, 0
32800, 14878, 1, 0, 0
32900, 13171, 1, 0, 0
33000, 13768, 1, 0, 0
33100, 15738, 1, 0, 0
33200, 14013, 1, 0, 0
33301, 15357, 1, 0, 0
33401, 17950, 1, 0, 0
33500, 18203, 1, 0, 0
33601, 14490, 1, 0, 0
33700, 21530, 1, 0, 0
33802, 15507, 1, 0, 0
33900, 18442, 1, 0, 0
34002, 16874, 1, 0, 0
34100, 13836, 1, 0, 0
34200, 14064, 1, 0, 0
34300, 13097, 1, 0, 0
34400, 15682, 1, 0, 0
34500, 15865, 1, 0, 0
34600, 16820, 1, 0, 0
34700, 15859, 1, 0, 0
34800, 14233, 1, 0, 0
34900, 19437, 1, 0, 0
35000, 15629, 1, 0, 0
35100, 15103, 1, 0, 0
35201, 15713, 1, 0, 0
35300, 16515, 1, 0, 0
35400, 17549, 1, 0, 0
35500, 16142, 1, 0, 0
35600, 15199, 1, 0, 0
35700, 13745, 1, 0, 0
35800, 16873, 1, 0, 0
35900, 16027, 1, 0, 0
36001, 17692, 1, 0, 0
36101, 14138, 1, 0, 0
36200, 19050, 1, 0, 0
36301, 15851, 1, 0, 0
36400, 15413, 1, 0, 0
36501, 14427, 1, 0, 0
36600, 13014, 1, 0, 0
36700, 15074, 1, 0, 0
36801, 14085, 1, 0, 0
36900, 14876, 1, 0, 0
37000, 14300, 1, 0, 0
37100, 13976, 1, 0, 0
37200, 13770, 1, 0, 0
37300, 13764, 1, 0, 0
37400, 14232, 1, 0, 0
37500, 14420, 1, 0, 0
37600, 13263, 1, 0, 0
37700, 12957, 1, 0, 0
37800, 13220, 1, 0, 0
37900, 13266, 1, 0, 0
38000, 15520, 1, 0, 0
38100, 14179, 1, 0, 0
38200, 15180, 1, 0, 0
38301, 13757, 1, 0, 0
38400, 15824, 1, 0, 0
38501, 13936, 1, 0, 0
38601, 13293, 1, 0, 0
38700, 17395, 1, 0, 0
38800, 13330, 1, 0, 0
38900, 14215, 1, 0, 0
39001, 13879, 1, 0, 0
39100, 15903, 1, 0, 0
39200, 19300, 1, 0, 0
39300, 18077, 1, 0, 0
39400, 13130, 1, 0, 0
39501, 13484, 1, 0, 0
39600, 16657, 1, 0, 0
39700, 18366, 1, 0, 0
39800, 15549, 1, 0, 0
39900, 15173, 1, 0, 0
40000, 15562, 1, 0, 0
40101, 16450, 1, 0, 0
40200, 16016, 1, 0, 0
40300, 13513, 1, 0, 0
40400, 13660, 1, 0, 0
40500, 12811, 1, 0, 0
40600, 12686, 1, 0, 0
40700, 14537, 1, 0, 0
40800, 13179, 1, 0, 0
40900, 14347, 1, 0, 0
41000, 14859, 1, 0, 0
41100, 14237, 1, 0, 0
41200, 16811, 1, 0, 0
41300, 15600, 1, 0, 0
41400, 18183, 1, 0, 0
41500, 17093, 1, 0, 0
41600, 15116, 1, 0, 0
41700, 17032, 1, 0, 0
41800, 15361, 1, 0, 0
41900, 13034, 1, 0, 0
42000, 13237, 1, 0, 0
42100, 18524, 1, 0, 0
42200, 13050, 1, 0, 0
42300, 13788, 1, 0, 0
42400, 13875, 1, 0, 0
42500, 15447, 1, 0, 0
42600, 16298, 1, 0, 0
42700, 15472, 1, 0, 0
42800, 13348, 1, 0, 0
42900, 15413, 1, 0, 0
43000, 12589, 1, 0, 0
43100, 18164, 1, 0, 0
43200, 15804, 1, 0, 0
43300, 14362, 1, 0, 0
43400, 14403, 1, 0, 0
43501, 16260, 1, 0, 0
43600, 14606, 1, 0, 0
43700, 13864, 1, 0, 0
43800, 18165, 1, 0, 0
43901, 15801, 1, 0, 0
44001, 14075, 1, 0, 0
44100, 14347, 1, 0, 0
44200, 16050, 1, 0, 0
44300, 16464, 1, 0, 0
44400, 16134, 1, 0, 0
44500, 14006, 1, 0, 0
44600, 16015, 1, 0, 0
44700, 15964, 1, 0, 0
44801, 15828, 1, 0, 0
44900, 16204, 1, 0, 0
45000, 14028, 1, 0, 0
45100, 15692, 1, 0, 0
45200, 16158, 1, 0, 0
45302, 16785, 1, 0, 0
45400, 16377, 1, 0, 0
45500, 15045, 1, 0, 0
45600, 16185, 1, 0, 0
45700, 15379, 1, 0, 0
45800, 15292, 1, 0, 0
45901, 15347, 1, 0, 0
46000, 16807, 1, 0, 0
46100, 13167, 1, 0, 0
46200, 19852, 1, 0, 0
46300, 16940, 1, 0, 0
46400, 16636, 1, 0, 0
46501, 16217, 1, 0, 0
46600, 18992, 1, 0, 0
46701, 16515, 1, 0, 0
46800, 19040, 1, 0, 0
46900, 14144, 1, 0, 0
47000, 16372, 1, 0, 0
47100, 14218, 1, 0, 0
47200, 21213, 1, 0, 0
47300, 15014, 1, 0, 0
47400, 14280, 1, 0, 0
47500, 15767, 1, 0, 0
47601, 14012, 1, 0, 0
47700, 14291, 1, 0, 0
47801, 16470, 1, 0, 0
47900, 13501, 1, 0, 0
48000, 12796, 1, 0, 0
48100, 17150, 1, 0, 0
48200, 13257, 1, 0, 0
48300, 14833, 1, 0, 0
48400, 16687, 1, 0, 0
48500, 13746, 1, 0, 0
48600, 16289, 1, 0, 0
48701, 14448, 1, 0, 0
48800, 13896, 1, 0, 0
48900, 14728, 1, 0, 0
49000, 16793, 1, 0, 0
49100, 14531, 1, 0, 0
49200, 15186, 1, 0, 0
49300, 14410, 1, 0, 0
49400, 15568, 1, 0, 0
49500, 14047, 1, 0, 0
49600, 19525, 1, 0, 0
49700, 16368, 1, 0, 0
49800, 14244, 1, 0, 0
49901, 13887, 1, 0, 0
50001, 14540, 1, 0, 0
50100, 16020, 1, 0, 0
50200, 16344, 1, 0, 0
50301, 13659, 1, 0, 0
50400, 13356, 1, 0, 0
50500, 12830, 1, 0, 0
50600, 13912, 1, 0, 0
50700, 17910, 1, 0, 0
50800, 17769, 1, 0, 0
50900, 15191, 1, 0, 0
51000, 14699, 1, 0, 0
51100, 15317, 1, 0, 0
51201, 19469, 1, 0, 0
51300, 15562, 1, 0, 0
51400, 14818, 1, 0, 0
51501, 18236, 1, 0, 0
51600, 14927, 1, 0, 0
51700, 17446, 1, 0, 0
51800, 14871, 1, 0, 0
51900, 13330, 1, 0, 0
52000, 14480, 1, 0, 0
52100, 19028, 1, 0, 0
52200, 15862, 1, 0, 0
52301, 17254, 1, 0, 0
52402, 17007, 1, 0, 0
52500, 15059, 1, 0, 0
52600, 13638, 1, 0, 0
52700, 15765, 1, 0, 0
52800, 14970, 1, 0, 0
52900, 15149, 1, 0, 0
53000, 15147, 1, 0, 0
53100, 13469, 1, 0, 0
53200, 16995, 1, 0, 0
53301, 17362, 1, 0, 0
53400, 13735, 1, 0, 0
53500, 17043, 1, 0, 0
53600, 18992, 1, 0, 0
53700, 17725, 1, 0, 0
53800, 15065, 1, 0, 0
53900, 16645, 1, 0, 0
54000, 17592, 1, 0, 0
54100, 16047, 1, 0, 0
54200, 15970, 1, 0, 0
54300, 16231, 1, 0, 0
54400, 14250, 1, 0, 0
54500, 12918, 1, 0, 0
54600, 15641, 1, 0, 0
54700, 16920, 1, 0, 0
54800, 19554, 1, 0, 0
54900, 14559, 1, 0, 0
55000, 16543, 1, 0, 0
55100, 13905, 1, 0, 0
55201, 14480, 1, 0, 0
55300, 14017, 1, 0, 0
55400, 18076, 1, 0, 0
55500, 17069, 1, 0, 0
55601, 16193, 1, 0, 0
55700, 18219, 1, 0, 0
55801, 15676, 1, 0, 0
55901, 14071, 1, 0, 0
56000, 17052, 1, 0, 0
56100, 14994, 1, 0, 0
56200, 14163, 1, 0, 0
56300, 17365, 1, 0, 0
56400, 13759, 1, 0, 0
56500, 14586, 1, 0, 0
56600, 14642, 1, 0, 0
56701, 19603, 1, 0, 0
56801, 12486, 1, 0, 0
56900, 15475, 1, 0, 0
57000, 14545, 1, 0, 0
57101, 13082, 1, 0, 0
57200, 13112, 1, 0, 0
57300, 16861, 1, 0, 0
57400, 19356, 1, 0, 0
57501, 16565, 1, 0, 0
57600, 14780, 1, 0, 0
57700, 16964, 1, 0, 0
57800, 16079, 1, 0, 0
57900, 16782, 1, 0, 0
58000, 18140, 1, 0, 0
58100, 16146, 1, 0, 0
58200, 15093, 1, 0, 0
58300, 16149, 1, 0, 0
58400, 13449, 1, 0, 0
58501, 13163, 1, 0, 0
58600, 17013, 1, 0, 0
58700, 15464, 1, 0, 0
58800, 13173, 1, 0, 0
58900, 15934, 1, 0, 0
59000, 15423, 1, 0, 0
59100, 16166, 1, 0, 0
59200, 14542, 1, 0, 0
59300, 17310, 1, 0, 0
59400, 17896, 1, 0, 0
59500, 15640, 1, 0, 0
59600, 15583, 1, 0, 0
59700, 15653, 1, 0, 0
59800, 16453, 1, 0, 0
59900, 14431, 1, 0, 0
60000, 17125, 1, 0, 0
60100, 16829, 1, 0, 0
60201, 19714, 1, 0, 0
60300, 18137, 1, 0, 0
60400, 18258, 1, 0, 0
60500, 15602, 1, 0, 0
60600, 13772, 1, 0, 0
60700, 18181, 1, 0, 0
60800, 13917, 1, 0, 0
60900, 13913, 1, 0, 0
61001, 15023, 1, 0, 0
61100, 18250, 1, 0, 0
61200, 15138, 1, 0, 0
61301, 16707, 1, 0, 0
61400, 14148, 1, 0, 0
61500, 14195, 1, 0, 0
61600, 16081, 1, 0, 0
61700, 14165, 1, 0, 0
61800, 16488, 1, 0, 0
61901, 17958, 1, 0, 0
62000, 17876, 1, 0, 0
62100, 16279, 1, 0, 0
62200, 19869, 1, 0, 0
62300, 14452, 1, 0, 0
62400, 13602, 1, 0, 0
62500, 18593, 1, 0, 0
62600, 17804, 1, 0, 0
62700, 13624, 1, 0, 0
62800, 12892, 1, 0, 0
62900, 15041, 1, 0, 0
63000, 16006, 1, 0, 0
63101, 14143, 1, 0, 0
63200, 16251, 1, 0, 0
63301, 19581, 1, 0, 0
63400, 15148, 1, 0, 0
63500, 13768, 1, 0, 0
63600, 13632, 1, 0, 0
63701, 14784, 1, 0, 0
63800, 18844, 1, 0, 0
63900, 17102, 1, 0, 0
64000, 15371, 1, 0, 0
64100, 14424, 1, 0, 0
64200, 18972, 1, 0, 0
64300, 15996, 1, 0, 0
64400, 14629, 1, 0, 0
64500, 17437, 1, 0, 0
64600, 13275, 1, 0, 0
64700, 15518, 1, 0, 0
64800, 13674, 1, 0, 0
64900, 15128, 1, 0, 0
65000, 14526, 1, 0, 0
65100, 17051, 1, 0, 0
65200, 15545, 1, 0, 0
65300, 14516, 1, 0, 0
65400, 14112, 1, 0, 0
65500, 17654, 1, 0, 0
65601, 16083, 1, 0, 0
65700, 16011, 1, 0, 0
65800, 15404, 1, 0, 0
65900, 14463, 1, 0, 0
66000, 17238, 1, 0, 0
66100, 15866, 1, 0, 0
66200, 13982, 1, 0, 0
66300, 16582, 1, 0, 0
66400, 14251, 1, 0, 0
66500, 16167, 1, 0, 0
66600, 16353, 1, 0, 0
66700, 17855, 1, 0, 0
66800, 14329, 1, 0, 0
66900, 16649, 1, 0, 0
67000, 14721, 1, 0, 0
67100, 14574, 1, 0, 0
67200, 15344, 1, 0, 0
67300, 18314, 1, 0, 0
67400, 14834, 1, 0, 0
67500, 19613, 1, 0, 0
67600, 15849, 1, 0, 0
67700, 14640, 1, 0, 0
67800, 17487, 1, 0, 0
67900, 14865, 1, 0, 0
68000, 14764, 1, 0, 0
68101, 15430, 1, 0, 0
68201, 16497, 1, 0, 0
68300, 14971, 1, 0, 0
68400, 17884, 1, 0, 0
68500, 14030, 1, 0, 0
68600, 13533, 1, 0, 0
68700, 12951, 1, 0, 0
68800, 14993, 1, 0, 0
68900, 15958, 1, 0, 0
69000, 13706, 1, 0, 0
69100, 14825, 1, 0, 0
69200, 17564, 1, 0, 0
69300, 15613, 1, 0, 0
69400, 14573, 1, 0, 0
69500, 12935, 1, 0, 0
69600, 15711, 1, 0, 0
69700, 14804, 1, 0, 0
69800, 14879, 1, 0, 0
69900, 14208, 1, 0, 0
70000, 18873, 1, 0, 0
70100, 19593, 1, 0, 0
70200, 16537, 1, 0, 0
70300, 16828, 1, 0, 0
70400, 14586, 1, 0, 0
70500, 17443, 1, 0, 0
70600, 12953, 1, 0, 0
70700, 12542, 1, 0, 0
70800, 13974, 1, 0, 0
70900, 15735, 1, 0, 0
71000, 13081, 1, 0, 0
71100, 15024, 1, 0, 0
71200, 17992, 1, 0, 0
71300, 13817, 1, 0, 0
71400, 18398, 1, 0, 0
71500, 19405, 1, 0, 0
71600, 12820, 1, 0, 0
71701, 14587, 1, 0, 0
71800, 16509, 1, 0, 0
71900, 14972, 1, 0, 0
72000, 12979, 1, 0, 0
72100, 17002, 1, 0, 0
72200, 15007, 1, 0, 0
72300, 13491, 1, 0, 0
72400, 13945, 1, 0, 0
72500, 14943, 1, 0, 0
72600, 17813, 1, 0, 0
72700, 14601, 1, 0, 0
72800, 17613, 1, 0, 0
72900, 16292, 1, 0, 0
73000, 16320, 1, 0, 0
73101, 18571, 1, 0, 0
73200, 17725, 1, 0, 0
73300, 13614, 1, 0, 0
73400, 16780, 1, 0, 0
73501, 15031, 1, 0, 0
73600, 13962, 1, 0, 0
73700, 14355, 1, 0, 0
73800, 14819, 1, 0, 0
73901, 14059, 1, 0, 0
74000, 13569, 1, 0, 0
74100, 13344, 1, 0, 0
74200, 15683, 1, 0, 0
74300, 15079, 1, 0, 0
74400, 19683, 1, 0, 0
74500, 13403, 1, 0, 0
74600, 14350, 1, 0, 0
74700, 17198, 1, 0, 0
74800, 15751, 1, 0, 0
74900, 17832, 1, 0, 0
75000, 15368, 1, 0, 0
75100, 16626, 1, 0, 0
75200, 17559, 1, 0, 0
75300, 15674, 1, 0, 0
75400, 16650, 1, 0, 0
75500, 14938, 1, 0, 0
75600, 14039, 1, 0, 0
75700, 12802, 1, 0, 0
75800, 13056, 1, 0, 0
75900, 13299, 1, 0, 0
76000, 15295, 1, 0, 0
76100, 15536, 1, 0, 0
76200, 16811, 1, 0, 0
76300, 15363, 1, 0, 0
76400, 15160, 1, 0, 0
76500, 18548, 1, 0, 0
76600, 16565, 1, 0, 0
76701, 16643, 1, 0, 0
76800, 19777, 1, 0, 0
76900, 17759, 1, 0, 0
77000, 14235, 1, 0, 0
77100, 15703, 1, 0, 0
77200, 15148, 1, 0, 0
77300, 15566, 1, 0, 0
77400, 14701, 1, 0, 0
77500, 16766, 1, 0, 0
77600, 14254, 1, 0, 0
77700, 15465, 1, 0, 0
77800, 18204, 1, 0, 0
77900, 17644, 1, 0, 0
78000, 16831, 1, 0, 0
78101, 18229, 1, 0, 0
78200, 14736, 1, 0, 0
78300, 14937, 1, 0, 0
78400, 12900, 1, 0, 0
78500, 13276, 1, 0, 0
78600, 15851, 1, 0, 0
78700, 13401, 1, 0, 0
78800, 13170, 1, 0, 0
78900, 16928, 1, 0, 0
79001, 14101, 1, 0, 0
79100, 14342, 1, 0, 0
79200, 13832, 1, 0, 0
79300, 14986, 1, 0, 0
79400, 22180, 1, 0, 0
79501, 15555, 1, 0, 0
79600, 12694, 1, 0, 0
79701, 16827, 1, 0, 0
79800, 16591, 1, 0, 0
79900, 16140, 1, 0, 0
80000, 14940, 1, 0, 0
80101, 13322, 1, 0, 0
80200, 13400, 1, 0, 0
80300, 18346, 1, 0, 0
80400, 17453, 1, 0, 0
80500, 17196, 1, 0, 0
80600, 15646, 1, 0, 0
80700, 16946, 1, 0, 0
80800, 14718, 1, 0, 0
80901, 15481, 1, 0, 0
81000, 14342, 1, 0, 0
81100, 14894, 1, 0, 0
81200, 14962, 1, 0, 0
81300, 18804, 1, 0, 0
81400, 13565, 1, 0, 0
81501, 15680, 1, 0, 0
81600, 20234, 1, 0, 0
81700, 19362, 1, 0, 0
81800, 16580, 1, 0, 0
81900, 14469, 1, 0, 0
82000, 13746, 1, 0, 0
82101, 16422, 1, 0, 0
82200, 15097, 1, 0, 0
82300, 18685, 1, 0, 0
82400, 14028, 1, 0, 0
82501, 19456, 1, 0, 0
82600, 14256, 1, 0, 0
82700, 15616, 1, 0, 0
82801, 13798, 1, 0, 0
82900, 14238, 1, 0, 0
83000, 18028, 1, 0, 0
83100, 13665, 1, 0, 0
83200, 15135, 1, 0, 0
83301, 17399, 1, 0, 0
83400, 14160, 1, 0, 0
83500, 16319, 1, 0, 0
83600, 14202, 1, 0, 0
83701, 14585, 1, 0, 0
83800, 12826, 1, 0, 0
83900, 15404, 1, 0, 0
84000, 14767, 1, 0, 0
84100, 16367, 1, 0, 0
84200, 16245, 1, 0, 0
84301, 13996, 1, 0, 0
84400, 15273, 1, 0, 0
84500, 14474, 1, 0, 0
84600, 17306, 1, 0, 0
84700, 15737, 1, 0, 0
84800, 14192, 1, 0, 0
84901, 19265, 1, 0, 0
85002, 17017, 1, 0, 0
85100, 16307, 1, 0, 0
85200, 13791, 1, 0, 0
85300, 15263, 1, 0, 0
85400, 13891, 1, 0, 0
85500, 14232, 1, 0, 0
85600, 14453, 1, 0, 0
85700, 15320, 1, 0, 0
85800, 13380, 1, 0, 0
85900, 15434, 1, 0, 0
86000, 14623, 1, 0, 0
86100, 16551, 1, 0, 0
86201, 14197, 1, 0, 0
86300, 13438, 1, 0, 0
86400, 13287, 1, 0, 0
86500, 15444, 1, 0, 0
86600, 13763, 1, 0, 0
86700, 15697, 1, 0, 0
86800, 17243, 1, 0, 0
86900, 15786, 1, 0, 0
87000, 14475, 1, 0, 0
87100, 14697, 1, 0, 0
87200, 12873, 1, 0, 0
87300, 15599, 1, 0, 0
87400, 13754, 1, 0, 0
87500, 15348, 1, 0, 0
87600, 14271, 1, 0, 0
87700, 18451, 1, 0, 0
87800, 13809, 1, 0, 0
87900, 17062, 1, 0, 0
88000, 14870, 1, 0, 0
88100, 15532, 1, 0, 0
88200, 16695, 1, 0, 0
88300, 16349, 1, 0, 0
88400, 17949, 1, 0, 0
88500, 16598, 1, 0, 0
88600, 15947, 1, 0, 0
88700, 17846, 1, 0, 0
88800, 15277, 1, 0, 0
88900, 21015, 1, 0, 0
89000, 15689, 1, 0, 0
89100, 12858, 1, 0, 0
89200, 12668, 1, 0, 0
89300, 13381, 1, 0, 0
89400, 16171, 1, 0, 0
89500, 13661, 1, 0, 0
89600, 13768, 1, 0, 0
89700, 17632, 1, 0, 0
89800, 14684, 1, 0, 0
89900, 16162, 1, 0, 0
90000, 14650, 1, 0, 0
90100, 18334, 1, 0, 0
90200, 14562, 1, 0, 0
90300, 18428, 1, 0, 0
90400, 16727, 1, 0, 0
90500, 15259, 1, 0, 0
90600, 18024, 1, 0, 0
90700, 16144, 1, 0, 0
90800, 15936, 1, 0, 0
90900, 14890, 1, 0, 0
91001, 15097, 1, 0, 0
91100, 13389, 1, 0, 0
91200, 20081, 1, 0, 0
91300, 15154, 1, 0, 0
91400, 12895, 1, 0, 0
91500, 14480, 1, 0, 0
91600, 16350, 1, 0, 0
91700, 17942, 1, 0, 0
91800, 17179, 1, 0, 0
91901, 14462, 1, 0, 0
92000, 16174, 1, 0, 0
92100, 14293, 1, 0, 0
92201, 14366, 1, 0, 0
92300, 13762, 1, 0, 0
92400, 17500, 1, 0, 0
92501, 20082, 1, 0, 0
92601, 14669, 1, 0, 0
92701, 13985, 1, 0, 0
92800, 15672, 1, 0, 0
92900, 13281, 1, 0, 0
93000, 14141, 1, 0, 0
93100, 17526, 1, 0, 0
93200, 16541, 1, 0, 0
93300, 18021, 1, 0, 0
93400, 14035, 1, 0, 0
93500, 14803, 1, 0, 0
93600, 16254, 1, 0, 0
93700, 16240, 1, 0, 0
93800, 16653, 1, 0, 0
93900, 12769, 1, 0, 0
94000, 17913, 1, 0, 0
94100, 15180, 1, 0, 0
94200, 14403, 1, 0, 0
94300, 13099, 1, 0, 0
94400, 14231, 1, 0, 0
94500, 14820, 1, 0, 0
94600, 16085, 1, 0, 0
94700, 16574, 1, 0, 0
94800, 13434, 1, 0, 0
94900, 15723, 1, 0, 0
95000, 16623, 1, 0, 0
95100, 15537, 1, 0, 0
95200, 14398, 1, 0, 0
95300, 19946, 1, 0, 0
95400, 14793, 1, 0, 0
95500, 17122, 1, 0, 0
95601, 14848, 1, 0, 0
95700, 12955, 1, 0, 0
95800, 14023, 1, 0, 0
95900, 13255, 1, 0, 0
96000, 14981, 1, 0, 0
96100, 14490, 1, 0, 0
96200, 13872, 1, 0, 0
96300, 13450, 1, 0, 0
96400, 13673, 1, 0, 0
96500, 17314, 1, 0, 0
96601, 14787, 1, 0, 0
96700, 17160, 1, 0, 0
96801, 16254, 1, 0, 0
96900, 14752, 1, 0, 0
97000, 14898, 1, 0, 0
97100, 15140, 1, 0, 0
97200, 13572, 1, 0, 0
97300, 15042, 1, 0, 0
97400, 13470, 1, 0, 0
97501, 14044, 1, 0, 0
97600, 14536, 1, 0, 0
97700, 15145, 1, 0, 0
97800, 16944, 1, 0, 0
97900, 18079, 1, 0, 0
98000, 13690, 1, 0, 0
98100, 19328, 1, 0, 0
98200, 17529, 1, 0, 0
98300, 15363, 1, 0, 0
98400, 18100, 1, 0, 0
98500, 19020, 1, 0, 0
98600, 20123, 1, 0, 0
98700, 14058, 1, 0, 0
98800, 16912, 1, 0, 0
98900, 15964, 1, 0, 0
99000, 15032, 1, 0, 0
99100, 19356, 1, 0, 0
99200, 15511, 1, 0, 0
99300, 16196, 1, 0, 0
99400, 14391, 1, 0, 0
99500, 17932, 1, 0, 0
99600, 14083, 1, 0, 0
99700, 13920, 1, 0, 0
99800, 13695, 1, 0, 0
99900, 17927, 1, 0, 0
100000, 18168, 1, 0, 0
100100, 18200, 1, 0, 0
100200, 19121, 1, 0, 0
100300, 17736, 1, 0, 0
100400, 13632, 1, 0, 0
100500, 13927, 1, 0, 0
100600, 14279, 1, 0, 0
100700, 18075, 1, 0, 0
100800, 13379, 1, 0, 0
100900, 15839, 1, 0, 0
101001, 16103, 1, 0, 0
101100, 15438, 1, 0, 0
101200, 19832, 1, 0, 0
101300, 15089, 1, 0, 0
101400, 20011, 1, 0, 0
101500, 14943, 1, 0, 0
101601, 13375, 1, 0, 0
101700, 16745, 1, 0, 0
101800, 13911, 1, 0, 0
101901, 13918, 1, 0, 0
102000, 18778, 1, 0, 0
102100, 15434, 1, 0, 0
102200, 14979, 1, 0, 0
102300, 19915, 1, 0, 0
102400, 17732, 1, 0, 0
102500, 16386, 1, 0, 0
102600, 17843, 1, 0, 0
102700, 12682, 1, 0, 0
102800, 12687, 1, 0, 0
102900, 17489, 1, 0, 0
103000, 14729, 1, 0, 0
103100, 18687, 1, 0, 0
103200, 16457, 1, 0, 0
103300, 19100, 1, 0, 0
103400, 14027, 1, 0, 0
103500, 14670, 1, 0, 0
103601, 14221, 1, 0, 0
103700, 15360, 1, 0, 0
103800, 15592, 1, 0, 0
103900, 16007, 1, 0, 0
104000, 16591, 1, 0, 0
104100, 15151, 1, 0, 0
104200, 13135, 1, 0, 0
104300, 14182, 1, 0, 0
104401, 14027, 1, 0, 0
104500, 15702, 1, 0, 0
104600, 18583, 1, 0, 0
104700, 16848, 1, 0, 0
104800, 14222, 1, 0, 0
104900, 15796, 1, 0, 0
105000, 16808, 1, 0, 0
105100, 13868, 1, 0, 0
105200, 16144, 1, 0, 0
105300, 15899, 1, 0, 0
105400, 14509, 1, 0, 0
105500, 13699, 1, 0, 0
105600, 12917, 1, 0, 0
105700, 14735, 1, 0, 0
105800, 14422, 1, 0, 0
105900, 14555, 1, 0, 0
106000, 13666, 1, 0, 0
106100, 17383, 1, 0, 0
106200, 14425, 1, 0, 0
106300, 17512, 1, 0, 0
106401, 15896, 1, 0, 0
106501, 16978, 1, 0, 0
106600, 14554, 1, 0, 0
106700, 17119, 1, 0, 0
106800, 18303, 1, 0, 0
106901, 18753, 1, 0, 0
107001, 17282, 1, 0, 0
107100, 17046, 1, 0, 0
107200, 15412, 1, 0, 0
107300, 17162, 1, 0, 0
107400, 19437, 1, 0, 0
107500, 15867, 1, 0, 0
107600, 13049, 1, 0, 0
107700, 15275, 1, 0, 0
107800, 16254, 1, 0, 0
107900, 14861, 1, 0, 0
108000, 18667, 1, 0, 0
108100, 15176, 1, 0, 0
108200, 15662, 1, 0, 0
108300, 15550, 1, 0, 0
108400, 19560, 1, 0, 0
108500, 18197, 1, 0, 0
108600, 14569, 1, 0, 0
108702, 18029, 1, 0, 0
108800, 16571, 1, 0, 0
108900, 14412, 1, 0, 0
109000, 13674, 1, 0, 0
109100, 18066, 1, 0, 0
109200, 17499, 1, 0, 0
109300, 18274, 1, 0, 0
109400, 15259, 1, 0, 0
109500, 14526, 1, 0, 0
109601, 17582, 1, 0, 0
109700, 18403, 1, 0, 0
109800, 15584, 1, 0, 0
109900, 16440, 1, 0, 0
110000, 13162, 1, 0, 0
110100, 14049, 1, 0, 0
110200, 14908, 1, 0, 0
110300, 13491, 1, 0, 0
110400, 14992, 1, 0, 0
110500, 15660, 1, 0, 0
110600, 14272, 1, 0, 0
110700, 19646, 1, 0, 0
110800, 16145, 1, 0, 0
110900, 17387, 1, 0, 0
111000, 15322, 1, 0, 0
111100, 17708, 1, 0, 0
111200, 19647, 1, 0, 0
111300, 18659, 1, 0, 0
111400, 15973, 1, 0, 0
111500, 17240, 1, 0, 0
111601, 18053, 1, 0, 0
111700, 15317, 1, 0, 0
111800, 13468, 1, 0, 0
111900, 13325, 1, 0, 0
112000, 13249, 1, 0, 0
112100, 13857, 1, 0, 0
112200, 15307, 1, 0, 0
112300, 17654, 1, 0, 0
112400, 15096, 1, 0, 0
112500, 16828, 1, 0, 0
112601, 19400, 1, 0, 0
112700, 14289, 1, 0, 0
112800, 16347, 1, 0, 0
112900, 16337, 1, 0, 0
113000, 15631, 1, 0, 0
113100, 14190, 1, 0, 0
113200, 15198, 1, 0, 0
113300, 19378, 1, 0, 0
113400, 14315, 1, 0, 0
113500, 15885, 1, 0, 0
113602, 15240, 1, 0, 0
113700, 20175, 1, 0, 0
113800, 13607, 1, 0, 0
113901, 16795, 1, 0, 0
114000, 14301, 1, 0, 0
114100, 13555, 1, 0, 0
114200, 13799, 1, 0, 0
114300, 14257, 1, 0, 0
114400, 16809, 1, 0, 0
114500, 17980, 1, 0, 0
114600, 15502, 1, 0, 0
114700, 16865, 1, 0, 0
114800, 14411, 1, 0, 0
114900, 16777, 1, 0, 0
115000, 16701, 1, 0, 0
115100, 13846, 1, 0, 0
115200, 15967, 1, 0, 0
115300, 16916, 1, 0, 0
115400, 15388, 1, 0, 0
115500, 21398, 1, 0, 0
115600, 19714, 1, 0, 0
115700, 18029, 1, 0, 0
115800, 12736, 1, 0, 0
115901, 15587, 1, 0, 0
116000, 15507, 1, 0, 0
116100, 14233, 1, 0, 0
116200, 15938, 1, 0, 0
116300, 15048, 1, 0, 0
116400, 16205, 1, 0, 0
116501, 16651, 1, 0, 0
116601, 15747, 1, 0, 0
116700, 16575, 1, 0, 0
116800, 15797, 1, 0, 0
116900, 15157, 1, 0, 0
117000, 13930, 1, 0, 0
117100, 14043, 1, 0, 0
117200, 15668, 1, 0, 0
117300, 15561, 1, 0, 0
117400, 16473, 1, 0, 0
117500, 17695, 1, 0, 0
117600, 17127, 1, 0, 0
117700, 13127, 1, 0, 0
117800, 13209, 1, 0, 0
117900, 13820, 1, 0, 0
118000, 19781, 1, 0, 0
118100, 19070, 1, 0, 0
118200, 15371, 1, 0, 0
118300, 13758, 1, 0, 0
118400, 16357, 1, 0, 0
118500, 13315, 1, 0, 0
118600, 13701, 1, 0, 0
118700, 15107, 1, 0, 0
118800, 15507, 1, 0, 0
118900, 16777, 1, 0, 0
119000, 15316, 1, 0, 0
119100, 17050, 1, 0, 0
119200, 14866, 1, 0, 0
119300, 15065, 1, 0, 0
119400, 14212, 1, 0, 0
119502, 14226, 1, 0, 0
119600, 15503, 1, 0, 0
119700, 16054, 1, 0, 0
119800, 13792, 1, 0, 0
119900, 13204, 1, 0, 0
120000, 15347, 1, 0, 0
120100, 16442, 1, 0, 0
120200, 15696, 1, 0, 0
120300, 17595, 1, 0, 0
120401, 14906, 1, 0, 0
120500, 19586, 1, 0, 0
120600, 13830, 1, 0, 0
120701, 13773, 1, 0, 0
120800, 16258, 1, 0, 0
120900, 13948, 1, 0, 0
121000, 16105, 1, 0, 0
121100, 15752, 1, 0, 0
121200, 16989, 1, 0, 0
121300, 14873, 1, 0, 0
121400, 14502, 1, 0, 0
121500, 17405, 1, 0, 0
121600, 14971, 1, 0, 0
121700, 16618, 1, 0, 0
121800, 16781, 1, 0, 0
121900, 13628, 1, 0, 0
122000, 19519, 1, 0, 0
122100, 15943, 1, 0, 0
122200, 16583, 1, 0, 0
122300, 18878, 1, 0, 0
122400, 15297, 1, 0, 0
122500, 14536, 1, 0, 0
122600, 21017, 1, 0, 0
122700, 12723, 1, 0, 0
122800, 14954, 1, 0, 0
122901, 18412, 1, 0, 0
123001, 15356, 1, 0, 0
123101, 16420, 1, 0, 0
123200, 13957, 1, 0, 0
123300, 14269, 1, 0, 0
123400, 17721, 1, 0, 0
123500, 18316, 1, 0, 0
123600, 16305, 1, 0, 0
123700, 15056, 1, 0, 0
123800, 17705, 1, 0, 0
123900, 16558, 1, 0, 0
124000, 16550, 1, 0, 0
124100, 16204, 1, 0, 0
124200, 13538, 1, 0, 0
124300, 12875, 1, 0, 0
124400, 14240, 1, 0, 0
124501, 16943, 1, 0, 0
124600, 14437, 1, 0, 0
124700, 13550, 1, 0, 0
124800, 20583, 1, 0, 0
124900, 19492, 1, 0, 0
125000, 14748, 1, 0, 0
125100, 15980, 1, 0, 0
125200, 13091, 1, 0, 0
125300, 14053, 1, 0, 0
125400, 16132, 1, 0, 0
125500, 14773, 1, 0, 0
125600, 15411, 1, 0, 0
125700, 15101, 1, 0, 0
125800, 17979, 1, 0, 0
125900, 18455, 1, 0, 0
126000, 16636, 1, 0, 0
126100, 15362, 1, 0, 0
126200, 18855, 1, 0, 0
126300, 17451, 1, 0, 0
126400, 14763, 1, 0, 0
126500, 15702, 1, 0, 0
126600, 14942, 1, 0, 0
126700, 13832, 1, 0, 0
126800, 14674, 1, 0, 0
126900, 17635, 1, 0, 0
127000, 17704, 1, 0, 0
127100, 16464, 1, 0, 0
127200, 15503, 1, 0, 0
127300, 18190, 1, 0, 0
127400, 15703, 1, 0, 0
127500, 18265, 1, 0, 0
127600, 14157, 1, 0, 0
127700, 16521, 1, 0, 0
127800, 14096, 1, 0, 0
127900, 14910, 1, 0, 0
128000, 14900, 1, 0, 0
128100, 14213, 1, 0, 0
128200, 16159, 1, 0, 0
128301, 14136, 1, 0, 0
128400, 16932, 1, 0, 0
128500, 17185, 1, 0, 0
128600, 14115, 1, 0, 0
128700, 16395, 1, 0, 0
128800, 13551, 1, 0, 0
128900, 15271, 1, 0, 0
129001, 17799, 1, 0, 0
129100, 16595, 1, 0, 0
129200, 18565, 1, 0, 0
129300, 16063, 1, 0, 0
129400, 16043, 1, 0, 0
129500, 16048, 1, 0, 0
129600, 19978, 1, 0, 0
129700, 15684, 1, 0, 0
129800, 15334, 1, 0, 0
129900, 16673, 1, 0, 0
130000, 16504, 1, 0, 0
130100, 15982, 1, 0, 0
130200, 16463, 1, 0, 0
130300, 14686, 1, 0, 0
130400, 13496, 1, 0, 0
130500, 16527, 1, 0, 0
130600, 15807, 1, 0, 0
130700, 15495, 1, 0, 0
130800, 13017, 1, 0, 0
130900, 14337, 1, 0, 0
131000, 15777, 1, 0, 0
131100, 13484, 1, 0, 0
131200, 15154, 1, 0, 0
131300, 15578, 1, 0, 0
131400, 15569, 1, 0, 0
131500, 13544, 1, 0, 0
131600, 14113, 1, 0, 0
131701, 14384, 1, 0, 0
131800, 15473, 1, 0, 0
131901, 14029, 1, 0, 0
132000, 20738, 1, 0, 0
132100, 15555, 1, 0, 0
132200, 18143, 1, 0, 0
132300, 13772, 1, 0, 0
132400, 12448, 1, 0, 0
132500, 13534, 1, 0, 0
132601, 14383, 1, 0, 0
132700, 15064, 1, 0, 0
132800, 14676, 1, 0, 0
132900, 18200, 1, 0, 0
133000, 13846, 1, 0, 0
133100, 17109, 1, 0, 0
133200, 14712, 1, 0, 0
133300, 15147, 1, 0, 0
133400, 18470, 1, 0, 0
133502, 15578, 1, 0, 0
133600, 18156, 1, 0, 0
133700, 13415, 1, 0, 0
133800, 13402, 1, 0, 0
133900, 16097, 1, 0, 0
134000, 17359, 1, 0, 0
134100, 18953, 1, 0, 0
134200, 18769, 1, 0, 0
134300, 15197, 1, 0, 0
134400, 17220, 1, 0, 0
134500, 17189, 1, 0, 0
134600, 17595, 1, 0, 0
134700, 13368, 1, 0, 0
134800, 16161, 1, 0, 0
134900, 14408, 1, 0, 0
135001, 15496, 1, 0, 0
135100, 16406, 1, 0, 0
135200, 15020, 1, 0, 0
135301, 18879, 1, 0, 0
135400, 16914, 1, 0, 0
135500, 14178, 1, 0, 0
135601, 17190, 1, 0, 0
135700, 14199, 1, 0, 0
135800, 14206, 1, 0, 0
135900, 13117, 1, 0, 0
136000, 17025, 1, 0, 0
136100, 17361, 1, 0, 0
136200, 16889, 1, 0, 0
136300, 15943, 1, 0, 0
136400, 13422, 1, 0, 0
136500, 13067, 1, 0, 0
136600, 15806, 1, 0, 0
136701, 16476, 1, 0, 0
136800, 12596, 1, 0, 0
136900, 13909, 1, 0, 0
137000, 14490, 1, 0, 0
137100, 20956, 1, 0, 0
137200, 16187, 1, 0, 0
137301, 20859, 1, 0, 0
137400, 15951, 1, 0, 0
137500, 15173, 1, 0, 0
137600, 17207, 1, 0, 0
137700, 14814, 1, 0, 0
137800, 19037, 1, 0, 0
137900, 15802, 1, 0, 0
138000, 16777, 1, 0, 0
138100, 16223, 1, 0, 0
138200, 14817, 1, 0, 0
138300, 18179, 1, 0, 0
138400, 16363, 1, 0, 0
138500, 16870, 1, 0, 0
138601, 16337, 1, 0, 0
138700, 18247, 1, 0, 0
138800, 16033, 1, 0, 0
138900, 14253, 1, 0, 0
139000, 14184, 1, 0, 0
139100, 14426, 1, 0, 0
139200, 14236, 1, 0, 0
139300, 13775, 1, 0, 0
139401, 17112, 1, 0, 0
139500, 14940, 1, 0, 0
139601, 14625, 1, 0, 0
139700, 14500, 1, 0, 0
139800, 13935, 1, 0, 0
139900, 15003, 1, 0, 0
140000, 14186, 1, 0, 0
140100, 16339, 1, 0, 0
140200, 16062, 1, 0, 0
140300, 15024, 1, 0, 0
140400, 16786, 1, 0, 0
140500, 15223, 1, 0, 0
140600, 16831, 1, 0, 0
140700, 18339, 1, 0, 0
140801, 13540, 1, 0, 0
140900, 13545, 1, 0, 0
141000, 13991, 1, 0, 0
141100, 13260, 1, 0, 0
141200, 13530, 1, 0, 0
141300, 14975, 1, 0, 0
141400, 17593, 1, 0, 0
141501, 16168, 1, 0, 0
141600, 13656, 1, 0, 0
141700, 13866, 1, 0, 0
141800, 15476, 1, 0, 0
141900, 15005, 1, 0, 0
142001, 14907, 1, 0, 0
142100, 15259, 1, 0, 0
142200, 16780, 1, 0, 0
142300, 15644, 1, 0, 0
142400, 13544, 1, 0, 0
142500, 18189, 1, 0, 0
142601, 17442, 1, 0, 0
142700, 17924, 1, 0, 0
142800, 18288, 1, 0, 0
142900, 15924, 1, 0, 0
143000, 15061, 1, 0, 0
143100, 13857, 1, 0, 0
143200, 16146, 1, 0, 0
143300, 15414, 1, 0, 0
143400, 15939, 1, 0, 0
143500, 13918, 1, 0, 0
143600, 15657, 1, 0, 0
143700, 17027, 1, 0, 0
143800, 15092, 1, 0, 0
143900, 15971, 1, 0, 0
144000, 15523, 1, 0, 0
144100, 15140, 1, 0, 0
144200, 14272, 1, 0, 0
144300, 14457, 1, 0, 0
144400, 15388, 1, 0, 0
144500, 16282, 1, 0, 0
144600, 14376, 1, 0, 0
144700, 15255, 1, 0, 0
144800, 13778, 1, 0, 0
144900, 13544, 1, 0, 0
145000, 14100, 1, 0, 0
145100, 19741, 1, 0, 0
145200, 12489, 1, 0, 0
145300, 14154, 1, 0, 0
145401, 18546, 1, 0, 0
145502, 18541, 1, 0, 0
145600, 14225, 1, 0, 0
145700, 14188, 1, 0, 0
145801, 13394, 1, 0, 0
145900, 16779, 1, 0, 0
146000, 20770, 1, 0, 0
146100, 15903, 1, 0, 0
146200, 15950, 1, 0, 0
146300, 19861, 1, 0, 0
146400, 15503, 1, 0, 0
146500, 16648, 1, 0, 0
146600, 17962, 1, 0, 0
146700, 13687, 1, 0, 0
146800, 14852, 1, 0, 0
146900, 16093, 1, 0, 0
147000, 19030, 1, 0, 0
147100, 14280, 1, 0, 0
147200, 15069, 1, 0, 0
147300, 14640, 1, 0, 0
147400, 13730, 1, 0, 0
147500, 16158, 1, 0, 0
147600, 16089, 1, 0, 0
147700, 17044, 1, 0, 0
147800, 16814, 1, 0, 0
147900, 14587, 1, 0, 0
148001, 14375, 1, 0, 0
148100, 17428, 1, 0, 0
148200, 15960, 1, 0, 0
148300, 16350, 1, 0, 0
148400, 17975, 1, 0, 0
148500, 18761, 1, 0, 0
148600, 18144, 1, 0, 0
148701, 14372, 1, 0, 0
148800, 15139, 1, 0, 0
148900, 18046, 1, 0, 0
149000, 15820, 1, 0, 0
149100, 16874, 1, 0, 0
149200, 17643, 1, 0, 0
149300, 15076, 1, 0, 0
149400, 18847, 1, 0, 0
149502, 15651, 1, 0, 0
149600, 14928, 1, 0, 0
149700, 18293, 1, 0, 0
149800, 18476, 1, 0, 0
149900, 17534, 1, 0, 0
150000, 15747, 1, 0, 0
150100, 17521, 1, 0, 0
150200, 17415, 1, 0, 0
150300, 16568, 1, 0, 0
150400, 14556, 1, 0, 0
150500, 13936, 1, 0, 0
150600, 18512, 1, 0, 0
150700, 15814, 1, 0, 0
150801, 15409, 1, 0, 0
150900, 14623, 1, 0, 0
151001, 15311, 1, 0, 0
151100, 14632, 1, 0, 0
151200, 17366, 1, 0, 0
151301, 15283, 1, 0, 0
151400, 15645, 1, 0, 0
151500, 14603, 1, 0, 0
151600, 15833, 1, 0, 0
151700, 18795, 1, 0, 0
151800, 15977, 1, 0, 0
151900, 14899, 1, 0, 0
152000, 15049, 1, 0, 0
152100, 15542, 1, 0, 0
152200, 13322, 1, 0, 0
152300, 19129, 1, 0, 0
152400, 17971, 1, 0, 0
152500, 14357, 1, 0, 0
152600, 14108, 1, 0, 0
152700, 13925, 1, 0, 0
152800, 16672, 1, 0, 0
152900, 15137, 1, 0, 0
153000, 16101, 1, 0, 0
153100, 15635, 1, 0, 0
153200, 14457, 1, 0, 0
153301, 16093, 1, 0, 0
153400, 14090, 1, 0, 0
153500, 14358, 1, 0, 0
153602, 17860, 1, 0, 0
153700, 18635, 1, 0, 0
153800, 13280, 1, 0, 0
153901, 21362, 1, 0, 0
154000, 14576, 1, 0, 0
154100, 17163, 1, 0, 0
154200, 14433, 1, 0, 0
154301, 16687, 1, 0, 0
154400, 17302, 1, 0, 0
154500, 14046, 1, 0, 0
154600, 16177, 1, 0, 0
154700, 13528, 1, 0, 0
154801, 13351, 1, 0, 0
154900, 13228, 1, 0, 0
155000, 16260, 1, 0, 0
155100, 15882, 1, 0, 0
155200, 14388, 1, 0, 0
155300, 16532, 1, 0, 0
155400, 15973, 1, 0, 0
155500, 17072, 1, 0, 0
155600, 17539, 1, 0, 0
155700, 17691, 1, 0, 0
155800, 16790, 1, 0, 0
155900, 14217, 1, 0, 0
156000, 17978, 1, 0, 0
156100, 17186, 1, 0, 0
156200, 19449, 1, 0, 0
156300, 17876, 1, 0, 0
156401, 18347, 1, 0, 0
156500, 17718, 1, 0, 0
156600, 14510, 1, 0, 0
156700, 16978, 1, 0, 0
156800, 20355, 1, 0, 0
156900, 17524, 1, 0, 0
157000, 17062, 1, 0, 0
157100, 15026, 1, 0, 0
157200, 14130, 1, 0, 0
157300, 12903, 1, 0, 0
157400, 14645, 1, 0, 0
157500, 15350, 1, 0, 0
157600, 15858, 1, 0, 0
157700, 19082, 1, 0, 0
157800, 13112, 1, 0, 0
157900, 16560, 1, 0, 0
158000, 14384, 1, 0, 0
158101, 16838, 1, 0, 0
158200, 18881, 1, 0, 0
158300, 12999, 1, 0, 0
158400, 13088, 1, 0, 0
158500, 15622, 1, 0, 0
158600, 18689, 1, 0, 0
158700, 13434, 1, 0, 0
158800, 18263, 1, 0, 0
158901, 14260, 1, 0, 0
159000, 14213, 1, 0, 0
159100, 15250, 1, 0, 0
159200, 15711, 1, 0, 0
159300, 15335, 1, 0, 0
159401, 17038, 1, 0, 0
159500, 14352, 1, 0, 0
159602, 13716, 1, 0, 0
159700, 15413, 1, 0, 0
159800, 18245, 1, 0, 0
159900, 18542, 1, 0, 0
160000, 19231, 1, 0, 0
160100, 18191, 1, 0, 0
160201, 20180, 1, 0, 0
160300, 17967, 1, 0, 0
160401, 15023, 1, 0, 0
160500, 13479, 1, 0, 0
160600, 13849, 1, 0, 0
160700, 13373, 1, 0, 0
160800, 15857, 1, 0, 0
160900, 17976, 1, 0, 0
161000, 17960, 1, 0, 0
161100, 17292, 1, 0, 0
161200, 15730, 1, 0, 0
161300, 14046, 1, 0, 0
161400, 15780, 1, 0, 0
161500, 16468, 1, 0, 0
161601, 16541, 1, 0, 0
161700, 20983, 1, 0, 0
161800, 17009, 1, 0, 0
161900, 15433, 1, 0, 0
162000, 14714, 1, 0, 0
162100, 14372, 1, 0, 0
162200, 14864, 1, 0, 0
162300, 18141, 1, 0, 0
162400, 19206, 1, 0, 0
162500, 17124, 1, 0, 0
162600, 15251, 1, 0, 0
162700, 17950, 1, 0, 0
162800, 15665, 1, 0, 0
162900, 13604, 1, 0, 0
163000, 14232, 1, 0, 0
163100, 16094, 1, 0, 0
163201, 14175, 1, 0, 0
163300, 15514, 1, 0, 0
163400, 21064, 1, 0, 0
163500, 20082, 1, 0, 0
163600, 16263, 1, 0, 0
163700, 16010, 1, 0, 0
163800, 15043, 1, 0, 0
163900, 16326, 1, 0, 0
164000, 13983, 1, 0, 0
164100, 14392, 1, 0, 0
164200, 16159, 1, 0, 0
164300, 14265, 1, 0, 0
164400, 13688, 1, 0, 0
164500, 13223, 1, 0, 0
164601, 17561, 1, 0, 0
164700, 21297, 1, 0, 0
164800, 18232, 1, 0, 0
164900, 13328, 1, 0, 0
165000, 15436, 1, 0, 0
165100, 16087, 1, 0, 0
165200, 13064, 1, 0, 0
165300, 13721, 1, 0, 0
165400, 15690, 1, 0, 0
165500, 16526, 1, 0, 0
165600, 19075, 1, 0, 0
165700, 15960, 1, 0, 0
165800, 16462, 1, 0, 0
165900, 16330, 1, 0, 0
166001, 15307, 1, 0, 0
166100, 15874, 1, 0, 0
166200, 15252, 1, 0, 0
166300, 17843, 1, 0, 0
166400, 16746, 1, 0, 0
166500, 13326, 1, 0, 0
166600, 12500, 1, 0, 0
166700, 15463, 1, 0, 0
166800, 15483, 1, 0, 0
166900, 15229, 1, 0, 0
167000, 14608, 1, 0, 0
167100, 16123, 1, 0, 0
167200, 14829, 1, 0, 0
167300, 16373, 1, 0, 0
167400, 15965, 1, 0, 0
167500, 15583, 1, 0, 0
167600, 15737, 1, 0, 0
167700, 14781, 1, 0, 0
167800, 16542, 1, 0, 0
167900, 14977, 1, 0, 0
168000, 14535, 1, 0, 0
168100, 16567, 1, 0, 0
168200, 16801, 1, 0, 0
168300, 16702, 1, 0, 0
168400, 15327, 1, 0, 0
168500, 16898, 1, 0, 0
168600, 17682, 1, 0, 0
168700, 17589, 1, 0, 0
168800, 16617, 1, 0, 0
168900, 17481, 1, 0, 0
169000, 13619, 1, 0, 0
169100, 16534, 1, 0, 0
169200, 12797, 1, 0, 0
169300, 14804, 1, 0, 0
169400, 15555, 1, 0, 0
169500, 14047, 1, 0, 0
169600, 13297, 1, 0, 0
169700, 17747, 1, 0, 0
169800, 16356, 1, 0, 0
169900, 15075, 1, 0, 0
170000, 18309, 1, 0, 0
170100, 16124, 1, 0, 0
170200, 14944, 1, 0, 0
170301, 17417, 1, 0, 0
170400, 15628, 1, 0, 0
170500, 14964, 1, 0, 0
170600, 14411, 1, 0, 0
170700, 15513, 1, 0, 0
170800, 16015, 1, 0, 0
170900, 13494, 1, 0, 0
171000, 12978, 1, 0, 0
171100, 14451, 1, 0, 0
171200, 16481, 1, 0, 0
171300, 14649, 1, 0, 0
171400, 18060, 1, 0, 0
171500, 17613, 1, 0, 0
171600, 16432, 1, 0, 0
171700, 16177, 1, 0, 0
171800, 14733, 1, 0, 0
171900, 17553, 1, 0, 0
172000, 18760, 1, 0, 0
172100, 15124, 1, 0, 0
172200, 15275, 1, 0, 0
172300, 20551, 1, 0, 0
172400, 18913, 1, 0, 0
172500, 16583, 1, 0, 0
172600, 15703, 1, 0, 0
172700, 15653, 1, 0, 0
172800, 15742, 1, 0, 0
172900, 14286, 1, 0, 0
173000, 17609, 1, 0, 0
173100, 11710, 1, 0, 0
173201, 13889, 1, 0, 0
173300, 19573, 1, 0, 0
173400, 14814, 1, 0, 0
173501, 14303, 1, 0, 0
173600, 14170, 1, 0, 0
173700, 19146, 1, 0, 0
173800, 15441, 1, 0, 0
173900, 14734, 1, 0, 0
174000, 20209, 1, 0, 0
174101, 18390, 1, 0, 0
174200, 14927, 1, 0, 0
174300, 15082, 1, 0, 0
174400, 16439, 1, 0, 0
174500, 15509, 1, 0, 0
174600, 16434, 1, 0, 0
174700, 15623, 1, 0, 0
174800, 18726, 1, 0, 0
174900, 13748, 1, 0, 0
175000, 16570, 1, 0, 0
175100, 17020, 1, 0, 0
175200, 16139, 1, 0, 0
175300, 18210, 1, 0, 0
175400, 15784, 1, 0, 0
175501, 14486, 1, 0, 0
175600, 18109, 1, 0, 0
175700, 14155, 1, 0, 0
175800, 14756, 1, 0, 0
175900, 15777, 1, 0, 0
176000, 14770, 1, 0, 0
176100, 13639, 1, 0, 0
176200, 13096, 1, 0, 0
176300, 16229, 1, 0, 0
176401, 14075, 1, 0, 0
176500, 14350, 1, 0, 0
176600, 15424, 1, 0, 0
176700, 15933, 1, 0, 0
176800, 15295, 1, 0, 0
176900, 17997, 1, 0, 0
177000, 16395, 1, 0, 0
177100, 17781, 1, 0, 0
177200, 18900, 1, 0, 0
177300, 19018, 1, 0, 0
177400, 15171, 1, 0, 0
177501, 15571, 1, 0, 0
177600, 15135, 1, 0, 0
177700, 19785, 1, 0, 0
177800, 13042, 1, 0, 0
177900, 13151, 1, 0, 0
178000, 14884, 1, 0, 0
178100, 13971, 1, 0, 0
178200, 15605, 1, 0, 0
178300, 14548, 1, 0, 0
178400, 13689, 1, 0, 0
178500, 17307, 1, 0, 0
178600, 15723, 1, 0, 0
178700, 16471, 1, 0, 0
178800, 18503, 1, 0, 0
178900, 17726, 1, 0, 0
179000, 16929, 1, 0, 0
179100, 17868, 1, 0, 0
179200, 12611, 1, 0, 0
179300, 17443, 1, 0, 0
179401, 13250, 1, 0, 0
179500, 16591, 1, 0, 0
179600, 14675, 1, 0, 0
179700, 11924, 1, 0, 0
179800, 13071, 1, 0, 0
179900, 13597, 1, 0, 0
180000, 13424, 1, 0, 0
180100, 16274, 1, 0, 0
180200, 13975, 1, 0, 0
180300, 14673, 1, 0, 0
180400, 18824, 1, 0, 0
180500, 13189, 1, 0, 0
180600, 13642, 1, 0, 0
180700, 14952, 1, 0, 0
180800, 18349, 1, 0, 0
180900, 13593, 1, 0, 0
181000, 18392, 1, 0, 0
181100, 17957, 1, 0, 0
181200, 18450, 1, 0, 0
181300, 16899, 1, 0, 0
181400, 15998, 1, 0, 0
181500, 13233, 1, 0, 0
181600, 13122, 1, 0, 0
181700, 15575, 1, 0, 0
181800, 15254, 1, 0, 0
181900, 16018, 1, 0, 0
182000, 13919, 1, 0, 0
182100, 16997, 1, 0, 0
182200, 14070, 1, 0, 0
182300, 15098, 1, 0, 0
182400, 13697, 1, 0, 0
182500, 13926, 1, 0, 0
182600, 14054, 1, 0, 0
182700, 14730, 1, 0, 0
182800, 18237, 1, 0, 0
182901, 15129, 1, 0, 0
183000, 16141, 1, 0, 0
183101, 14927, 1, 0, 0
183200, 13454, 1, 0, 0
183300, 13438, 1, 0, 0
183400, 14174, 1, 0, 0
183500, 14315, 1, 0, 0
183600, 13198, 1, 0, 0
183700, 13956, 1, 0, 0
183800, 18315, 1, 0, 0
183900, 17298, 1, 0, 0
184000, 14770, 1, 0, 0
184100, 14879, 1, 0, 0
184200, 16148, 1, 0, 0
184301, 19238, 1, 0, 0
184400, 14234, 1, 0, 0
184501, 19197, 1, 0, 0
184600, 20171, 1, 0, 0
184700, 16931, 1, 0, 0
184800, 14955, 1, 0, 0
184900, 15722, 1, 0, 0
185000, 15698, 1, 0, 0
185100, 15598, 1, 0, 0
185200, 14083, 1, 0, 0
185300, 16284, 1, 0, 0
185401, 15056, 1, 0, 0
185500, 15830, 1, 0, 0
185600, 15414, 1, 0, 0
185701, 14678, 1, 0, 0
185800, 13895, 1, 0, 0
185900, 14216, 1, 0, 0
186000, 14860, 1, 0, 0
186100, 15882, 1, 0, 0
186200, 18821, 1, 0, 0
186300, 14899, 1, 0, 0
186401, 17384, 1, 0, 0
186500, 14678, 1, 0, 0
186600, 20363, 1, 0, 0
186700, 16152, 1, 0, 0
186800, 17430, 1, 0, 0
186901, 13991, 1, 0, 0
187000, 16687, 1, 0, 0
187100, 19430, 1, 0, 0
187200, 15661, 1, 0, 0
187300, 17400, 1, 0, 0
187400, 19915, 1, 0, 0
187500, 16369, 1, 0, 0
187601, 17516, 1, 0, 0
187700, 14756, 1, 0, 0
187800, 16737, 1, 0, 0
187900, 16225, 1, 0, 0
188000, 18948, 1, 0, 0
188100, 14363, 1, 0, 0
188200, 16668, 1, 0, 0
188300, 13370, 1, 0, 0
188400, 19734, 1, 0, 0
188500, 17067, 1, 0, 0
188600, 15244, 1, 0, 0
188701, 17311, 1, 0, 0
188800, 18909, 1, 0, 0
188900, 15164, 1, 0, 0
189001, 14707, 1, 0, 0
189100, 13903, 1, 0, 0
189200, 15128, 1, 0, 0
189300, 13995, 1, 0, 0
189400, 14887, 1, 0, 0
189500, 18585, 1, 0, 0
189600, 15722, 1, 0, 0
189700, 15211, 1, 0, 0
189800, 14960, 1, 0, 0
189900, 16683, 1, 0, 0
190000, 14630, 1, 0, 0
190100, 13215, 1, 0, 0
190200, 15056, 1, 0, 0
190301, 16096, 1, 0, 0
190400, 16326, 1, 0, 0
190501, 17806, 1, 0, 0
190600, 13752, 1, 0, 0
190700, 13359, 1, 0, 0
190800, 16116, 1, 0, 0
190900, 14771, 1, 0, 0
191000, 13794, 1, 0, 0
191100, 16360, 1, 0, 0
191200, 14175, 1, 0, 0
191300, 13792, 1, 0, 0
191400, 17297, 1, 0, 0
191500, 14610, 1, 0, 0
191600, 14780, 1, 0, 0
191700, 16306, 1, 0, 0
191800, 14699, 1, 0, 0
191900, 15715, 1, 0, 0
192000, 13706, 1, 0, 0
192100, 12989, 1, 0, 0
192200, 13134, 1, 0, 0
192300, 15048, 1, 0, 0
192400, 14882, 1, 0, 0
192501, 13137, 1, 0, 0
192600, 15018, 1, 0, 0
192700, 14166, 1, 0, 0
192800, 20439, 1, 0, 0
192900, 16049, 1, 0, 0
193000, 16529, 1, 0, 0
193100, 17668, 1, 0, 0
193200, 14341, 1, 0, 0
193300, 18192, 1, 0, 0
193400, 13782, 1, 0, 0
193500, 14157, 1, 0, 0
193601, 14914, 1, 0, 0
193700, 15828, 1, 0, 0
193800, 16495, 1, 0, 0
193901, 17779, 1, 0, 0
194000, 13917, 1, 0, 0
194100, 16937, 1, 0, 0
194200, 15141, 1, 0, 0
194300, 14965, 1, 0, 0
194401, 15663, 1, 0, 0
194500, 14758, 1, 0, 0
194600, 14875, 1, 0, 0
194700, 17572, 1, 0, 0
194800, 14251, 1, 0, 0
194901, 12969, 1, 0, 0
195000, 13020, 1, 0, 0
195100, 13513, 1, 0, 0
195200, 17632, 1, 0, 0
195300, 14236, 1, 0, 0
195400, 15267, 1, 0, 0
195500, 14169, 1, 0, 0
195600, 15806, 1, 0, 0
195700, 14700, 1, 0, 0
195800, 15995, 1, 0, 0
195900, 17244, 1, 0, 0
196000, 19871, 1, 0, 0
196100, 14501, 1, 0, 0
196201, 16279, 1, 0, 0
196300, 15647, 1, 0, 0
196401, 17483, 1, 0, 0
196500, 14030, 1, 0, 0
196600, 14746, 1, 0, 0
196700, 15094, 1, 0, 0
196800, 15351, 1, 0, 0
196900, 15006, 1, 0, 0
197000, 13821, 1, 0, 0
197100, 18989, 1, 0, 0
197200, 18108, 1, 0, 0
197300, 14637, 1, 0, 0
197400, 14147, 1, 0, 0
197500, 14561, 1, 0, 0
197600, 16779, 1, 0, 0
197700, 17522, 1, 0, 0
197800, 14049, 1, 0, 0
197900, 13736, 1, 0, 0
198000, 16668, 1, 0, 0
198100, 16274, 1, 0, 0
198200, 14213, 1, 0, 0
198300, 14913, 1, 0, 0
198400, 13868, 1, 0, 0
198500, 15067, 1, 0, 0
198600, 14433, 1, 0, 0
198700, 20244, 1, 0, 0
198800, 16990, 1, 0, 0
198900, 16458, 1, 0, 0
199000, 15027, 1, 0, 0
199100, 17699, 1, 0, 0
199200, 13614, 1, 0, 0
199300, 13635, 1, 0, 0
199400, 19823, 1, 0, 0
199500, 16598, 1, 0, 0
199601, 14252, 1, 0, 0
199700, 12937, 1, 0, 0
199800, 14525, 1, 0, 0
199900, 14677, 1, 0, 0
200001, 14841, 1, 0, 0
200100, 17048, 1, 0, 0
200200, 18701, 1, 0, 0
200300, 16665, 1, 0, 0
200400, 16467, 1, 0, 0
200500, 15873, 1, 0, 0
200600, 16985, 1, 0, 0
200700, 14395, 1, 0, 0
200800, 17665, 1, 0, 0
200900, 15033, 1, 0, 0
201000, 14893, 1, 0, 0
201100, 13252, 1, 0, 0
201200, 18985, 1, 0, 0
201300, 17553, 1, 0, 0
201400, 14370, 1, 0, 0
201500, 14888, 1, 0, 0
201600, 15579, 1, 0, 0
201700, 15658, 1, 0, 0
201800, 14038, 1, 0, 0
201900, 17732, 1, 0, 0
202000, 19381, 1, 0, 0
202100, 17519, 1, 0, 0
202200, 17618, 1, 0, 0
202300, 16561, 1, 0, 0
202400, 17089, 1, 0, 0
202500, 14412, 1, 0, 0
202600, 15863, 1, 0, 0
202701, 15919, 1, 0, 0
202800, 14064, 1, 0, 0
202900, 16569, 1, 0, 0
203000, 16415, 1, 0, 0
203101, 14570, 1, 0, 0
203200, 13822, 1, 0, 0
203300, 17588, 1, 0, 0
203400, 13305, 1, 0, 0
203500, 17523, 1, 0, 0
203600, 15091, 1, 0, 0
203700, 13385, 1, 0, 0
203800, 14791, 1, 0, 0
203900, 19587, 1, 0, 0
204000, 15948, 1, 0, 0
204100, 16044, 1, 0, 0
204200, 14466, 1, 0, 0
204300, 15346, 1, 0, 0
204400, 15090, 1, 0, 0
204500, 13075, 1, 0, 0
204600, 13670, 1, 0, 0
204700, 13772, 1, 0, 0
204800, 19123, 1, 0, 0
204900, 16556, 1, 0, 0
205000, 16276, 1, 0, 0
205100, 14730, 1, 0, 0
205200, 13904, 1, 0, 0
205300, 17328, 1, 0, 0
205400, 13647, 1, 0, 0
205500, 13965, 1, 0, 0
205600, 13422, 1, 0, 0
205700, 16582, 1, 0, 0
205801, 16611, 1, 0, 0
205900, 13822, 1, 0, 0
206000, 14667, 1, 0, 0
206100, 15008, 1, 0, 0
206200, 19213, 1, 0, 0
206300, 15685, 1, 0, 0
206400, 16766, 1, 0, 0
206500, 16074, 1, 0, 0
206600, 19841, 1, 0, 0
206700, 17850, 1, 0, 0
206800, 16053, 1, 0, 0
206900, 15162, 1, 0, 0
207000, 13561, 1, 0, 0
207101, 18339, 1, 0, 0
207200, 13368, 1, 0, 0
207300, 13166, 1, 0, 0
207400, 17718, 1, 0, 0
207500, 17618, 1, 0, 0
207600, 14525, 1, 0, 0
207700, 14684, 1, 0, 0
207800, 15501, 1, 0, 0
207900, 14812, 1, 0, 0
208000, 16756, 1, 0, 0
208101, 16622, 1, 0, 0
208200, 18392, 1, 0, 0
208300, 15376, 1, 0, 0
208400, 16918, 1, 0, 0
208500, 15449, 1, 0, 0
208600, 16546, 1, 0, 0
208700, 14318, 1, 0, 0
208800, 15589, 1, 0, 0
208900, 15265, 1, 0, 0
209001, 16315, 1, 0, 0
209100, 15254, 1, 0, 0
209200, 14365, 1, 0, 0
209301, 13830, 1, 0, 0
209400, 18840, 1, 0, 0
209500, 14934, 1, 0, 0
209600, 17398, 1, 0, 0
209700, 14352, 1, 0, 0
209800, 13905, 1, 0, 0
209900, 13038, 1, 0, 0
210000, 15080, 1, 0, 0
210100, 18857, 1, 0, 0
210201, 15665, 1, 0, 0
210300, 13348, 1, 0, 0
210400, 14997, 1, 0, 0
210500, 18687, 1, 0, 0
210600, 14324, 1, 0, 0
210700, 18240, 1, 0, 0
210800, 12760, 1, 0, 0
210900, 16837, 1, 0, 0
211000, 16759, 1, 0, 0
211101, 14213, 1, 0, 0
211200, 16872, 1, 0, 0
211300, 18433, 1, 0, 0
211400, 18239, 1, 0, 0
211500, 13345, 1, 0, 0
211600, 12925, 1, 0, 0
211700, 16288, 1, 0, 0
211800, 12947, 1, 0, 0
211900, 13641, 1, 0, 0
212000, 13791, 1, 0, 0
212100, 13982, 1, 0, 0
212200, 14874, 1, 0, 0
212300, 17221, 1, 0, 0
212400, 17560, 1, 0, 0
212500, 17555, 1, 0, 0
212600, 15795, 1, 0, 0
212700, 13312, 1, 0, 0
212800, 16118, 1, 0, 0
212900, 17658, 1, 0, 0
213000, 14872, 1, 0, 0
213100, 16993, 1, 0, 0
213200, 17272, 1, 0, 0
213300, 16412, 1, 0, 0
213401, 14069, 1, 0, 0
213500, 14263, 1, 0, 0
213600, 13408, 1, 0, 0
213700, 15985, 1, 0, 0
213800, 15232, 1, 0, 0
213900, 19426, 1, 0, 0
214000, 14644, 1, 0, 0
214100, 18082, 1, 0, 0
214200, 15041, 1, 0, 0
214300, 18723, 1, 0, 0
214400, 14620, 1, 0, 0
214500, 16599, 1, 0, 0
214600, 16483, 1, 0, 0
214700, 18041, 1, 0, 0
214800, 13840, 1, 0, 0
214900, 16004, 1, 0, 0
215000, 15371, 1, 0, 0
215100, 18298, 1, 0, 0
215200, 14651, 1, 0, 0
215300, 18793, 1, 0, 0
215400, 17863, 1, 0, 0
215500, 14238, 1, 0, 0
215600, 17322, 1, 0, 0
215700, 18680, 1, 0, 0
215800, 18909, 1, 0, 0
215901, 18208, 1, 0, 0
216000, 13512, 1, 0, 0
216100, 17582, 1, 0, 0
216200, 13991, 1, 0, 0
216300, 15689, 1, 0, 0
216400, 16073, 1, 0, 0
216500, 14142, 1, 0, 0
216601, 15638, 1, 0, 0
216700, 15856, 1, 0, 0
216800, 14954, 1, 0, 0
216900, 13597, 1, 0, 0
217000, 14061, 1, 0, 0
217100, 13405, 1, 0, 0
217201, 18834, 1, 0, 0
217300, 14589, 1, 0, 0
217400, 14166, 1, 0, 0
217500, 15405, 1, 0, 0
217600, 16700, 1, 0, 0
217700, 15337, 1, 0, 0
217800, 12973, 1, 0, 0
217900, 13589, 1, 0, 0
218000, 13228, 1, 0, 0
218100, 15482, 1, 0, 0
218200, 17132, 1, 0, 0
218300, 14121, 1, 0, 0
218400, 15039, 1, 0, 0
218500, 14194, 1, 0, 0
218601, 14968, 1, 0, 0
218700, 15287, 1, 0, 0
218800, 12921, 1, 0, 0
218900, 15346, 1, 0, 0
219000, 14154, 1, 0, 0
219100, 19362, 1, 0, 0
219200, 14175, 1, 0, 0
219300, 14367, 1, 0, 0
219400, 17637, 1, 0, 0
219500, 15387, 1, 0, 0
219600, 13479, 1, 0, 0
219700, 15737, 1, 0, 0
219800, 15084, 1, 0, 0
219900, 18345, 1, 0, 0
220000, 13827, 1, 0, 0
220100, 13664, 1, 0, 0
220201, 17373, 1, 0, 0
220300, 18336, 1, 0, 0
220401, 16827, 1, 0, 0
220500, 19548, 1, 0, 0
220600, 14355, 1, 0, 0
220700, 14412, 1, 0, 0
220800, 16391, 1, 0, 0
220900, 14835, 1, 0, 0
221000, 14409, 1, 0, 0
221100, 14102, 1, 0, 0
221200, 16595, 1, 0, 0
221300, 14444, 1, 0, 0
221400, 13051, 1, 0, 0
221500, 16515, 1, 0, 0
221601, 13042, 1, 0, 0
221700, 18049, 1, 0, 0
221800, 16144, 1, 0, 0
221900, 15867, 1, 0, 0
222000, 19086, 1, 0, 0
222100, 13867, 1, 0, 0
222200, 12917, 1, 0, 0
222300, 17671, 1, 0, 0
222400, 16108, 1, 0, 0
222500, 14983, 1, 0, 0
222600, 17535, 1, 0, 0
222700, 13347, 1, 0, 0
222800, 16003, 1, 0, 0
222900, 13925, 1, 0, 0
223000, 14342, 1, 0, 0
223100, 17570, 1, 0, 0
223200, 14766, 1, 0, 0
223300, 17799, 1, 0, 0
223400, 15893, 1, 0, 0
223500, 16721, 1, 0, 0
223600, 19958, 1, 0, 0
223700, 16681, 1, 0, 0
223800, 17484, 1, 0, 0
223900, 16115, 1, 0, 0
224000, 14603, 1, 0, 0
224100, 13625, 1, 0, 0
224201, 14051, 1, 0, 0
224300, 17997, 1, 0, 0
224401, 17053, 1, 0, 0
224501, 19885, 1, 0, 0
224600, 17252, 1, 0, 0
224700, 16156, 1, 0, 0
224800, 15243, 1, 0, 0
224900, 15544, 1, 0, 0
225000, 14241, 1, 0, 0
225100, 14152, 1, 0, 0
225200, 14417, 1, 0, 0
225300, 15917, 1, 0, 0
225400, 17247, 1, 0, 0
225500, 16551, 1, 0, 0
225600, 16612, 1, 0, 0
225700, 19770, 1, 0, 0
225801, 14099, 1, 0, 0
225900, 17381, 1, 0, 0
226000, 17873, 1, 0, 0
226100, 18630, 1, 0, 0
226200, 17679, 1, 0, 0
226301, 14934, 1, 0, 0
226400, 13714, 1, 0, 0
226500, 14398, 1, 0, 0
226600, 16702, 1, 0, 0
226700, 17972, 1, 0, 0
226800, 17138, 1, 0, 0
226900, 13294, 1, 0, 0
227000, 17110, 1, 0, 0
227100, 15449, 1, 0, 0
227200, 16701, 1, 0, 0
227300, 14460, 1, 0, 0
227400, 15423, 1, 0, 0
227500, 17046, 1, 0, 0
227600, 14245, 1, 0, 0
227700, 13862, 1, 0, 0
227800, 13885, 1, 0, 0
227900, 14746, 1, 0, 0
228000, 15545, 1, 0, 0
228100, 17753, 1, 0, 0
228200, 13095, 1, 0, 0
228300, 18519, 1, 0, 0
228400, 19805, 1, 0, 0
228500, 14281, 1, 0, 0
228600, 15052, 1, 0, 0
228700, 17885, 1, 0, 0
228800, 16663, 1, 0, 0
228900, 14986, 1, 0, 0
229000, 15130, 1, 0, 0
229100, 17522, 1, 0, 0
229200, 14816, 1, 0, 0
229300, 13012, 1, 0, 0
229400, 14228, 1, 0, 0
229500, 15744, 1, 0, 0
229600, 14367, 1, 0, 0
229700, 13733, 1, 0, 0
229800, 13993, 1, 0, 0
229900, 14920, 1, 0, 0
230000, 17608, 1, 0, 0
230100, 13047, 1, 0, 0
230200, 18272, 1, 0, 0
230300, 15457, 1, 0, 0
230400, 16314, 1, 0, 0
230501, 15237, 1, 0, 0
230600, 12451, 1, 0, 0
230700, 14169, 1, 0, 0
230801, 14718, 1, 0, 0
230900, 15085, 1, 0, 0
231000, 14763, 1, 0, 0
231100, 15920, 1, 0, 0
231200, 16206, 1, 0, 0
231300, 15547, 1, 0, 0
231400, 15785, 1, 0, 0
231500, 14031, 1, 0, 0
231601, 17747, 1, 0, 0
231700, 19041, 1, 0, 0
231800, 19168, 1, 0, 0
231900, 18776, 1, 0, 0
232000, 14715, 1, 0, 0
232100, 16521, 1, 0, 0
232200, 14350, 1, 0, 0
232300, 15133, 1, 0, 0
232400, 19026, 1, 0, 0
232500, 17939, 1, 0, 0
232600, 16542, 1, 0, 0
232700, 17553, 1, 0, 0
232800, 17915, 1, 0, 0
232900, 18154, 1, 0, 0
233000, 17326, 1, 0, 0
233100, 14674, 1, 0, 0
233200, 16283, 1, 0, 0
233300, 17460, 1, 0, 0
233400, 14623, 1, 0, 0
233500, 16623, 1, 0, 0
233600, 15417, 1, 0, 0
233700, 14880, 1, 0, 0
233800, 18459, 1, 0, 0
233900, 16290, 1, 0, 0
234000, 14185, 1, 0, 0
234100, 13393, 1, 0, 0
234201, 13793, 1, 0, 0
234300, 13852, 1, 0, 0
234400, 14142, 1, 0, 0
234500, 13934, 1, 0, 0
234600, 14426, 1, 0, 0
234700, 12703, 1, 0, 0
234800, 17200, 1, 0, 0
234900, 17835, 1, 0, 0
235001, 15417, 1, 0, 0
235101, 15992, 1, 0, 0
235200, 13821, 1, 0, 0
235300, 19711, 1, 0, 0
235400, 14761, 1, 0, 0
235500, 13162, 1, 0, 0
235601, 16382, 1, 0, 0
235700, 17258, 1, 0, 0
235800, 14868, 1, 0, 0
235900, 16320, 1, 0, 0
236000, 15919, 1, 0, 0
236101, 18211, 1, 0, 0
236200, 14534, 1, 0, 0
236300, 14650, 1, 0, 0
236401, 14129, 1, 0, 0
236500, 16771, 1, 0, 0
236600, 18126, 1, 0, 0
236700, 17808, 1, 0, 0
236800, 17334, 1, 0, 0
236900, 13042, 1, 0, 0
237000, 15748, 1, 0, 0
237100, 18244, 1, 0, 0
237200, 16947, 1, 0, 0
237300, 14767, 1, 0, 0
237400, 17802, 1, 0, 0
237500, 15102, 1, 0, 0
237600, 17970, 1, 0, 0
237700, 15728, 1, 0, 0
237800, 12777, 1, 0, 0
237900, 13876, 1, 0, 0
238000, 13014, 1, 0, 0
238100, 18514, 1, 0, 0
238200, 12645, 1, 0, 0
238300, 13849, 1, 0, 0
238400, 15848, 1, 0, 0
238500, 17553, 1, 0, 0
238600, 16919, 1, 0, 0
238700, 17449, 1, 0, 0
238800, 15269, 1, 0, 0
238901, 13105, 1, 0, 0
239000, 13245, 1, 0, 0
239100, 14215, 1, 0, 0
239200, 13965, 1, 0, 0
239300, 13384, 1, 0, 0
239401, 15569, 1, 0, 0
239500, 16019, 1, 0, 0
239600, 17279, 1, 0, 0
239700, 15139, 1, 0, 0
239800, 15680, 1, 0, 0
239900, 13300, 1, 0, 0
240000, 13163, 1, 0, 0
240100, 16087, 1, 0, 0
240200, 18363, 1, 0, 0
240301, 16452, 1, 0, 0
240400, 14865, 1, 0, 0
240500, 17910, 1, 0, 0
240600, 15397, 1, 0, 0
240700, 15469, 1, 0, 0
240800, 16188, 1, 0, 0
240901, 14943, 1, 0, 0
241000, 16558, 1, 0, 0
241101, 13961, 1, 0, 0
241200, 15964, 1, 0, 0
241300, 13720, 1, 0, 0
241401, 15868, 1, 0, 0
241500, 16182, 1, 0, 0
241600, 15971, 1, 0, 0
241700, 13601, 1, 0, 0
241800, 17272, 1, 0, 0
241900, 17515, 1, 0, 0
242000, 17151, 1, 0, 0
242100, 14952, 1, 0, 0
242200, 15160, 1, 0, 0
242300, 14470, 1, 0, 0
242400, 14385, 1, 0, 0
242500, 16398, 1, 0, 0
242600, 16649, 1, 0, 0
242700, 18507, 1, 0, 0
242800, 15974, 1, 0, 0
242900, 14239, 1, 0, 0
243000, 14817, 1, 0, 0
243100, 15032, 1, 0, 0
243200, 17905, 1, 0, 0
243300, 14602, 1, 0, 0
243400, 13947, 1, 0, 0
243500, 14879, 1, 0, 0
243601, 14395, 1, 0, 0
243700, 14675, 1, 0, 0
243800, 15083, 1, 0, 0
243900, 14674, 1, 0, 0
244000, 16225, 1, 0, 0
244100, 14518, 1, 0, 0
244200, 14734, 1, 0, 0
244300, 16890, 1, 0, 0
244400, 14992, 1, 0, 0
244500, 15679, 1, 0, 0
244600, 14660, 1, 0, 0
244700, 17098, 1, 0, 0
244800, 13914, 1, 0, 0
244900, 20744, 1, 0, 0
245000, 16595, 1, 0, 0
245100, 16565, 1, 0, 0
245200, 14198, 1, 0, 0
245300, 14316, 1, 0, 0
245400, 14528, 1, 0, 0
245500, 14258, 1, 0, 0
245600, 13398, 1, 0, 0
245700, 15635, 1, 0, 0
245800, 13013, 1, 0, 0
245900, 14061, 1, 0, 0
246000, 14935, 1, 0, 0
246100, 13693, 1, 0, 0
246200, 15171, 1, 0, 0
246300, 15188, 1, 0, 0
246401, 15648, 1, 0, 0
246500, 17333, 1, 0, 0
246601, 16011, 1, 0, 0
246700, 16852, 1, 0, 0
246800, 15455, 1, 0, 0
246900, 14589, 1, 0, 0
247000, 19563, 1, 0, 0
247100, 15421, 1, 0, 0
247200, 13537, 1, 0, 0
247300, 13998, 1, 0, 0
247401, 13655, 1, 0, 0
247501, 16872, 1, 0, 0
247600, 14586, 1, 0, 0
247700, 13988, 1, 0, 0
247800, 16810, 1, 0, 0
247900, 14690, 1, 0, 0
248000, 13950, 1, 0, 0
248100, 12536, 1, 0, 0
248200, 15359, 1, 0, 0
248301, 16865, 1, 0, 0
248400, 18392, 1, 0, 0
248500, 15376, 1, 0, 0
248600, 16120, 1, 0, 0
248700, 16121, 1, 0, 0
248800, 15922, 1, 0, 0
248900, 16318, 1, 0, 0
249000, 13174, 1, 0, 0
249100, 13687, 1, 0, 0
249200, 17397, 1, 0, 0
249300, 17155, 1, 0, 0
249400, 16520, 1, 0, 0
249500, 14593, 1, 0, 0
249600, 12592, 1, 0, 0
249700, 17775, 1, 0, 0
249800, 15723, 1, 0, 0
249900, 13691, 1, 0, 0
250001, 16438, 1, 0, 0
250100, 16559, 1, 0, 0
250201, 15072, 1, 0, 0
250300, 14361, 1, 0, 0
250400, 16026, 1, 0, 0
250500, 16155, 1, 0, 0
250600, 17839, 1, 0, 0
250700, 14642, 1, 0, 0
250800, 14728, 1, 0, 0
250900, 15576, 1, 0, 0
251000, 16895, 1, 0, 0
251100, 18477, 1, 0, 0
251200, 18498, 1, 0, 0
251300, 17535, 1, 0, 0
251400, 14683, 1, 0, 0
251500, 15385, 1, 0, 0
251600, 16548, 1, 0, 0
251700, 16638, 1, 0, 0
251800, 17481, 1, 0, 0
251900, 16268, 1, 0, 0
252000, 13168, 1, 0, 0
252100, 15938, 1, 0, 0
252200, 17802, 1, 0, 0
252300, 14589, 1, 0, 0
252400, 15295, 1, 0, 0
252500, 19809, 1, 0, 0
252600, 14647, 1, 0, 0
252700, 14562, 1, 0, 0
252800, 14706, 1, 0, 0
252900, 17402, 1, 0, 0
253000, 14586, 1, 0, 0
253101, 13866, 1, 0, 0
253200, 16962, 1, 0, 0
253300, 16636, 1, 0, 0
253400, 14188, 1, 0, 0
253500, 15317, 1, 0, 0
253600, 13242, 1, 0, 0
253700, 16451, 1, 0, 0
253800, 14559, 1, 0, 0
253900, 17210, 1, 0, 0
254000, 16094, 1, 0, 0
254100, 15094, 1, 0, 0
254200, 15176, 1, 0, 0
254300, 15305, 1, 0, 0
254400, 14837, 1, 0, 0
254500, 15529, 1, 0, 0
254600, 16118, 1, 0, 0
254700, 13240, 1, 0, 0
254800, 13942, 1, 0, 0
254900, 13565, 1, 0, 0
255000, 14723, 1, 0, 0
255100, 13490, 1, 0, 0
255200, 15244, 1, 0, 0
255300, 13688, 1, 0, 0
255400, 17186, 1, 0, 0
255500, 13697, 1, 0, 0
255600, 12736, 1, 0, 0
255700, 16569, 1, 0, 0
255800, 15045, 1, 0, 0
255900, 18875, 1, 0, 0
256000, 19767, 1, 0, 0
256100, 15403, 1, 0, 0
256201, 13920, 1, 0, 0
256300, 16086, 1, 0, 0
256400, 18581, 1, 0, 0
256500, 16481, 1, 0, 0
256600, 14746, 1, 0, 0
256700, 15753, 1, 0, 0
256800, 14048, 1, 0, 0
256900, 16426, 1, 0, 0
257000, 14712, 1, 0, 0
257100, 17176, 1, 0, 0
257200, 13394, 1, 0, 0
257300, 16117, 1, 0, 0
257400, 14460, 1, 0, 0
257500, 14418, 1, 0, 0
257600, 15861, 1, 0, 0
257700, 14510, 1, 0, 0
257801, 16373, 1, 0, 0
257900, 17017, 1, 0, 0
258000, 13100, 1, 0, 0
258100, 18482, 1, 0, 0
258200, 14713, 1, 0, 0
258300, 15160, 1, 0, 0
258400, 14448, 1, 0, 0
258500, 17187, 1, 0, 0
258600, 17258, 1, 0, 0
258700, 19696, 1, 0, 0
258800, 13664, 1, 0, 0
258900, 13434, 1, 0, 0
259000, 15117, 1, 0, 0
259100, 13844, 1, 0, 0
259200, 14972, 1, 0, 0
259300, 13448, 1, 0, 0
259400, 18600, 1, 0, 0
259500, 14850, 1, 0, 0
259600, 14782, 1, 0, 0
259700, 18654, 1, 0, 0
259800, 17088, 1, 0, 0
259900, 14594, 1, 0, 0
260000, 14761, 1, 0, 0
260100, 16362, 1, 0, 0
260200, 17996, 1, 0, 0
260300, 16798, 1, 0, 0
260400, 19657, 1, 0, 0
260500, 16585, 1, 0, 0
260600, 17994, 1, 0, 0
260701, 16320, 1, 0, 0
260800, 16169, 1, 0, 0
260900, 16161, 1, 0, 0
261000, 17641, 1, 0, 0
261100, 14055, 1, 0, 0
261200, 16664, 1, 0, 0
261300, 17448, 1, 0, 0
261400, 18012, 1, 0, 0
261500, 15736, 1, 0, 0
261600, 13379, 1, 0, 0
261700, 14266, 1, 0, 0
261800, 14575, 1, 0, 0
261900, 15588, 1, 0, 0
262001, 19143, 1, 0, 0
262100, 18545, 1, 0, 0
262200, 16619, 1, 0, 0
262300, 16832, 1, 0, 0
262400, 15626, 1, 0, 0
262500, 13951, 1, 0, 0
262600, 15794, 1, 0, 0
262700, 12874, 1, 0, 0
262800, 17700, 1, 0, 0
262900, 12737, 1, 0, 0
263000, 14828, 1, 0, 0
263100, 15932, 1, 0, 0
263201, 17401, 1, 0, 0
263301, 15699, 1, 0, 0
263400, 15283, 1, 0, 0
263500, 14160, 1, 0, 0
263600, 18158, 1, 0, 0
263700, 17269, 1, 0, 0
263800, 18720, 1, 0, 0
263900, 13723, 1, 0, 0
264000, 15777, 1, 0, 0
264100, 13481, 1, 0, 0
264200, 14678, 1, 0, 0
264300, 18012, 1, 0, 0
264400, 14891, 1, 0, 0
264500, 14075, 1, 0, 0
264600, 15588, 1, 0, 0
264700, 18998, 1, 0, 0
264801, 17284, 1, 0, 0
264900, 15307, 1, 0, 0
265000, 17155, 1, 0, 0
265100, 13120, 1, 0, 0
265200, 18381, 1, 0, 0
265300, 18765, 1, 0, 0
265400, 18527, 1, 0, 0
265500, 16759, 1, 0, 0
265600, 16952, 1, 0, 0
265700, 18509, 1, 0, 0
265800, 17594, 1, 0, 0
265900, 18293, 1, 0, 0
266000, 15546, 1, 0, 0
266100, 16206, 1, 0, 0
266200, 19260, 1, 0, 0
266301, 15881, 1, 0, 0
266400, 17904, 1, 0, 0
266500, 14429, 1, 0, 0
266600, 13370, 1, 0, 0
266700, 13851, 1, 0, 0
266801, 14158, 1, 0, 0
266900, 13757, 1, 0, 0
267000, 17140, 1, 0, 0
267100, 14903, 1, 0, 0
267200, 13535, 1, 0, 0
267300, 13936, 1, 0, 0
267400, 16345, 1, 0, 0
267500, 16251, 1, 0, 0
267600, 17615, 1, 0, 0
267700, 17275, 1, 0, 0
267800, 14622, 1, 0, 0
267900, 13696, 1, 0, 0
268000, 16446, 1, 0, 0
268100, 16776, 1, 0, 0
268200, 14056, 1, 0, 0
268300, 17140, 1, 0, 0
268400, 14602, 1, 0, 0
268500, 16079, 1, 0, 0
268600, 15970, 1, 0, 0
268700, 14612, 1, 0, 0
268800, 15786, 1, 0, 0
268900, 17245, 1, 0, 0
269000, 13732, 1, 0, 0
269100, 14143, 1, 0, 0
269200, 13654, 1, 0, 0
269300, 16012, 1, 0, 0
269400, 16050, 1, 0, 0
269500, 18834, 1, 0, 0
269600, 15274, 1, 0, 0
269700, 17576, 1, 0, 0
269800, 17845, 1, 0, 0
269900, 14225, 1, 0, 0
270000, 14291, 1, 0, 0
270101, 17104, 1, 0, 0
270200, 17425, 1, 0, 0
270300, 14838, 1, 0, 0
270400, 15211, 1, 0, 0
270500, 15325, 1, 0, 0
270601, 17028, 1, 0, 0
270700, 14979, 1, 0, 0
270800, 14313, 1, 0, 0
270900, 17091, 1, 0, 0
271000, 14495, 1, 0, 0
271100, 16667, 1, 0, 0
271200, 15939, 1, 0, 0
271300, 15417, 1, 0, 0
271400, 15221, 1, 0, 0
271500, 14158, 1, 0, 0
271600, 17790, 1, 0, 0
271700, 19606, 1, 0, 0
271800, 16997, 1, 0, 0
271900, 18390, 1, 0, 0
272000, 19777, 1, 0, 0
272101, 15918, 1, 0, 0
272200, 15722, 1, 0, 0
272300, 15689, 1, 0, 0
272400, 14553, 1, 0, 0
272500, 16485, 1, 0, 0
272600, 13875, 1, 0, 0
272700, 15137, 1, 0, 0
272800, 14869, 1, 0, 0
272900, 18524, 1, 0, 0
273000, 15536, 1, 0, 0
273100, 16080, 1, 0, 0
273200, 20521, 1, 0, 0
273300, 15377, 1, 0, 0
273400, 17259, 1, 0, 0
273500, 16504, 1, 0, 0
273600, 17644, 1, 0, 0
273701, 15896, 1, 0, 0
273800, 16110, 1, 0, 0
273900, 14568, 1, 0, 0
274000, 16021, 1, 0, 0
274100, 15663, 1, 0, 0
274200, 17732, 1, 0, 0
274300, 16002, 1, 0, 0
274400, 17811, 1, 0, 0
274500, 13973, 1, 0, 0
274600, 13870, 1, 0, 0
274700, 18265, 1, 0, 0
274800, 15239, 1, 0, 0
274900, 15977, 1, 0, 0
275000, 12867, 1, 0, 0
275100, 16743, 1, 0, 0
275201, 16084, 1, 0, 0
275300, 19606, 1, 0, 0
275400, 15842, 1, 0, 0
275500, 14784, 1, 0, 0
275600, 13806, 1, 0, 0
275701, 17294, 1, 0, 0
275800, 17754, 1, 0, 0
275900, 16835, 1, 0, 0
276000, 16267, 1, 0, 0
276100, 16248, 1, 0, 0
276200, 17033, 1, 0, 0
276301, 13018, 1, 0, 0
276400, 15275, 1, 0, 0
276500, 12650, 1, 0, 0
276600, 17209, 1, 0, 0
276700, 18147, 1, 0, 0
276802, 17134, 1, 0, 0
276900, 18968, 1, 0, 0
277000, 16553, 1, 0, 0
277100, 16776, 1, 0, 0
277200, 18419, 1, 0, 0
277300, 14221, 1, 0, 0
277400, 15637, 1, 0, 0
277500, 14214, 1, 0, 0
277600, 14964, 1, 0, 0
277700, 16325, 1, 0, 0
277800, 13509, 1, 0, 0
277900, 13865, 1, 0, 0
278000, 15253, 1, 0, 0
278100, 16934, 1, 0, 0
278200, 15249, 1, 0, 0
278300, 18251, 1, 0, 0
278401, 13492, 1, 0, 0
278500, 17627, 1, 0, 0
278600, 15643, 1, 0, 0
278700, 17710, 1, 0, 0
278800, 16365, 1, 0, 0
278900, 13705, 1, 0, 0
279001, 13703, 1, 0, 0
279100, 14427, 1, 0, 0
279201, 17506, 1, 0, 0
279300, 14928, 1, 0, 0
279400, 18561, 1, 0, 0
279500, 14139, 1, 0, 0
279600, 15304, 1, 0, 0
279700, 18505, 1, 0, 0
279800, 19790, 1, 0, 0
279900, 18288, 1, 0, 0
280001, 14384, 1, 0, 0
280100, 17989, 1, 0, 0
280200, 15231, 1, 0, 0
280300, 18618, 1, 0, 0
280400, 13628, 1, 0, 0
280500, 15655, 1, 0, 0
280601, 13620, 1, 0, 0
280700, 16373, 1, 0, 0
280801, 15267, 1, 0, 0
280900, 15552, 1, 0, 0
281001, 17542, 1, 0, 0
281101, 16585, 1, 0, 0
281200, 13459, 1, 0, 0
281300, 14751, 1, 0, 0
281400, 17135, 1, 0, 0
281500, 14141, 1, 0, 0
281600, 17936, 1, 0, 0
281700, 13778, 1, 0, 0
281800, 13746, 1, 0, 0
281900, 17472, 1, 0, 0
282000, 13471, 1, 0, 0
282100, 13715, 1, 0, 0
282200, 12925, 1, 0, 0
282300, 13302, 1, 0, 0
282400, 15040, 1, 0, 0
282500, 16092, 1, 0, 0
282600, 16784, 1, 0, 0
282700, 19247, 1, 0, 0
282800, 16593, 1, 0, 0
282900, 15155, 1, 0, 0
283000, 18979, 1, 0, 0
283100, 16475, 1, 0, 0
283200, 15439, 1, 0, 0
283300, 14792, 1, 0, 0
283400, 12440, 1, 0, 0
283500, 13447, 1, 0, 0
283600, 20371, 1, 0, 0
283700, 16053, 1, 0, 0
283800, 16216, 1, 0, 0
283901, 15357, 1, 0, 0
284000, 17880, 1, 0, 0
284100, 19067, 1, 0, 0
284200, 18634, 1, 0, 0
284300, 16194, 1, 0, 0
284400, 15423, 1, 0, 0
284500, 15699, 1, 0, 0
284600, 13597, 1, 0, 0
284700, 20194, 1, 0, 0
284801, 15146, 1, 0, 0
284900, 15023, 1, 0, 0
285001, 14342, 1, 0, 0
285100, 18200, 1, 0, 0
285200, 13910, 1, 0, 0
285300, 15126, 1, 0, 0
285400, 16046, 1, 0, 0
285500, 17767, 1, 0, 0
285600, 16078, 1, 0, 0
285701, 17556, 1, 0, 0
285800, 15618, 1, 0, 0
285900, 18052, 1, 0, 0
286000, 14526, 1, 0, 0
286100, 16047, 1, 0, 0
286200, 16470, 1, 0, 0
286300, 16946, 1, 0, 0
286400, 15570, 1, 0, 0
286501, 15100, 1, 0, 0
286600, 15130, 1, 0, 0
286700, 14057, 1, 0, 0
286800, 13841, 1, 0, 0
286900, 13866, 1, 0, 0
287000, 13525, 1, 0, 0
287100, 15521, 1, 0, 0
287200, 15546, 1, 0, 0
287300, 13605, 1, 0, 0
287400, 14789, 1, 0, 0
287500, 14268, 1, 0, 0
287600, 15412, 1, 0, 0
287700, 17490, 1, 0, 0
287800, 14089, 1, 0, 0
287900, 13597, 1, 0, 0
288000, 19402, 1, 0, 0
288100, 15021, 1, 0, 0
288200, 14768, 1, 0, 0
288300, 14810, 1, 0, 0
288400, 16313, 1, 0, 0
288500, 13357, 1, 0, 0
288601, 13258, 1, 0, 0
288700, 16964, 1, 0, 0
288800, 14625, 1, 0, 0
288901, 14746, 1, 0, 0
289001, 16439, 1, 0, 0
289100, 13328, 1, 0, 0
289200, 19456, 1, 0, 0
289300, 15531, 1, 0, 0
289400, 15241, 1, 0, 0
289500, 14819, 1, 0, 0
289600, 18602, 1, 0, 0
289700, 13674, 1, 0, 0
289800, 17023, 1, 0, 0
289900, 16327, 1, 0, 0
290000, 14860, 1, 0, 0
290100, 14793, 1, 0, 0
290200, 14421, 1, 0, 0
290300, 13452, 1, 0, 0
290400, 16166, 1, 0, 0
290500, 17395, 1, 0, 0
290600, 19153, 1, 0, 0
290700, 16296, 1, 0, 0
290800, 14629, 1, 0, 0
290900, 14203, 1, 0, 0
291000, 15441, 1, 0, 0
291100, 14012, 1, 0, 0
291200, 14118, 1, 0, 0
291301, 18429, 1, 0, 0
291400, 17233, 1, 0, 0
291500, 14960, 1, 0, 0
291600, 15595, 1, 0, 0
291700, 15449, 1, 0, 0
291800, 14966, 1, 0, 0
291902, 16301, 1, 0, 0
292001, 17748, 1, 0, 0
292100, 15796, 1, 0, 0
292200, 16303, 1, 0, 0
292300, 14664, 1, 0, 0
292400, 13234, 1, 0, 0
292500, 16943, 1, 0, 0
292600, 14962, 1, 0, 0
292700, 15988, 1, 0, 0
292800, 19331, 1, 0, 0
292900, 17182, 1, 0, 0
293000, 14971, 1, 0, 0
293100, 17126, 1, 0, 0
293200, 18934, 1, 0, 0
293300, 19574, 1, 0, 0
293400, 18156, 1, 0, 0
293500, 15435, 1, 0, 0
293602, 18760, 1, 0, 0
293700, 14559, 1, 0, 0
293800, 16355, 1, 0, 0
293900, 13246, 1, 0, 0
294000, 18314, 1, 0, 0
294100, 15517, 1, 0, 0
294200, 13354, 1, 0, 0
294300, 17011, 1, 0, 0
294400, 18266, 1, 0, 0
294500, 14509, 1, 0, 0
294601, 13773, 1, 0, 0
294700, 15246, 1, 0, 0
294800, 14340, 1, 0, 0
294900, 14120, 1, 0, 0
295000, 13706, 1, 0, 0
295100, 15099, 1, 0, 0
295200, 15818, 1, 0, 0
295300, 16241, 1, 0, 0
295400, 15212, 1, 0, 0
295500, 14581, 1, 0, 0
295600, 17033, 1, 0, 0
295700, 16544, 1, 0, 0
295801, 13790, 1, 0, 0
295900, 15802, 1, 0, 0
296000, 20969, 1, 0, 0
296100, 16173, 1, 0, 0
296200, 18015, 1, 0, 0
296300, 17339, 1, 0, 0
296400, 14542, 1, 0, 0
296500, 15124, 1, 0, 0
296600, 16841, 1, 0, 0
296700, 15275, 1, 0, 0
296800, 15830, 1, 0, 0
296900, 19399, 1, 0, 0
297000, 14623, 1, 0, 0
297100, 17133, 1, 0, 0
297200, 15023, 1, 0, 0
297300, 16530, 1, 0, 0
297400, 14690, 1, 0, 0
297500, 17643, 1, 0, 0
297600, 14208, 1, 0, 0
297700, 15823, 1, 0, 0
297800, 18800, 1, 0, 0
297900, 15610, 1, 0, 0
298000, 14874, 1, 0, 0
298100, 14731, 1, 0, 0
298200, 12556, 1, 0, 0
298300, 13243, 1, 0, 0
298400, 15125, 1, 0, 0
298500, 16064, 1, 0, 0
298600, 15773, 1, 0, 0
298700, 14213, 1, 0, 0
298800, 13319, 1, 0, 0
298900, 17342, 1, 0, 0
299000, 15919, 1, 0, 0
299101, 14843, 1, 0, 0
299200, 15329, 1, 0, 0
299300, 17484, 1, 0, 0
299400, 15988, 1, 0, 0
299500, 18286, 1, 0, 0
299600, 18812, 1, 0, 0
299700, 14212, 1, 0, 0
299800, 13488, 1, 0, 0
299900, 14952, 1, 0, 0
300000, 16946, 1, 0, 0
300100, 18552, 1, 0, 0
300202, 14325, 1, 0, 0
300300, 17268, 1, 0, 0
300400, 16203, 1, 0, 0
300500, 16806, 1, 0, 0
300600, 18386, 1, 0, 0
300701, 15683, 1, 0, 0
300801, 16292, 1, 0, 0
300900, 19045, 1, 0, 0
301000, 13005, 1, 0, 0
301100, 12782, 1, 0, 0
301200, 16542, 1, 0, 0
301300, 15146, 1, 0, 0
301401, 14562, 1, 0, 0
301500, 15689, 1, 0, 0
301600, 16856, 1, 0, 0
301700, 14864, 1, 0, 0
301800, 13413, 1, 0, 0
301900, 16424, 1, 0, 0
302000, 15322, 1, 0, 0
302100, 18260, 1, 0, 0
302200, 14763, 1, 0, 0
302300, 13725, 1, 0, 0
302400, 15417, 1, 0, 0
302500, 16113, 1, 0, 0
302601, 12964, 1, 0, 0
302700, 16714, 1, 0, 0
302800, 16160, 1, 0, 0
302900, 16666, 1, 0, 0
303000, 14737, 1, 0, 0
303100, 17157, 1, 0, 0
303200, 15804, 1, 0, 0
303300, 16291, 1, 0, 0
303400, 15151, 1, 0, 0
303500, 13142, 1, 0, 0
303600, 14379, 1, 0, 0
303700, 16136, 1, 0, 0
303800, 13256, 1, 0, 0
303900, 13346, 1, 0, 0
304000, 15703, 1, 0, 0
304100, 14769, 1, 0, 0
304200, 15828, 1, 0, 0
304300, 13897, 1, 0, 0
304400, 14146, 1, 0, 0
304500, 12866, 1, 0, 0
304600, 14234, 1, 0, 0
304700, 14978, 1, 0, 0
304800, 13834, 1, 0, 0
304900, 12913, 1, 0, 0
305000, 18108, 1, 0, 0
305100, 16083, 1, 0, 0
305200, 13265, 1, 0, 0
305300, 15817, 1, 0, 0
305400, 15038, 1, 0, 0
305500, 15029, 1, 0, 0
305600, 14868, 1, 0, 0
305700, 15828, 1, 0, 0
305800, 15816, 1, 0, 0
305901, 15176, 1, 0, 0
306000, 15159, 1, 0, 0
306100, 13339, 1, 0, 0
306200, 14894, 1, 0, 0
306300, 17741, 1, 0, 0
306400, 16530, 1, 0, 0
306500, 14764, 1, 0, 0
306600, 13381, 1, 0, 0
306700, 14330, 1, 0, 0
306800, 13641, 1, 0, 0
306900, 15822, 1, 0, 0
307000, 15267, 1, 0, 0
307100, 17085, 1, 0, 0
307200, 18426, 1, 0, 0
307300, 16257, 1, 0, 0
307400, 13408, 1, 0, 0
307500, 17678, 1, 0, 0
307600, 13775, 1, 0, 0
307700, 18535, 1, 0, 0
307800, 16360, 1, 0, 0
307900, 16143, 1, 0, 0
308000, 13402, 1, 0, 0
308100, 15342, 1, 0, 0
308200, 19054, 1, 0, 0
308300, 15114, 1, 0, 0
308400, 19154, 1, 0, 0
308500, 16931, 1, 0, 0
308600, 14239, 1, 0, 0
308700, 15093, 1, 0, 0
308800, 14500, 1, 0, 0
308900, 13787, 1, 0, 0
309000, 15083, 1, 0, 0
309100, 13853, 1, 0, 0
309200, 14068, 1, 0, 0
309300, 15214, 1, 0, 0
309401, 16598, 1, 0, 0
309500, 18513, 1, 0, 0
309600, 16043, 1, 0, 0
309700, 17540, 1, 0, 0
309800, 18718, 1, 0, 0
309900, 16594, 1, 0, 0
310000, 13418, 1, 0, 0
310100, 16296, 1, 0, 0
310200, 15768, 1, 0, 0
310300, 13717, 1, 0, 0
310400, 16792, 1, 0, 0
310500, 15112, 1, 0, 0
310600, 15707, 1, 0, 0
310700, 15073, 1, 0, 0
310800, 14061, 1, 0, 0
310900, 14764, 1, 0, 0
311000, 13333, 1, 0, 0
311100, 14012, 1, 0, 0
311200, 17218, 1, 0, 0
311300, 16267, 1, 0, 0
311400, 15948, 1, 0, 0
311500, 16271, 1, 0, 0
311600, 17565, 1, 0, 0
311700, 17303, 1, 0, 0
311800, 15747, 1, 0, 0
311900, 17560, 1, 0, 0
312000, 16209, 1, 0, 0
312100, 15351, 1, 0, 0
312200, 18893, 1, 0, 0
312300, 18202, 1, 0, 0
312400, 14050, 1, 0, 0
312500, 16209, 1, 0, 0
312600, 15542, 1, 0, 0
312700, 16732, 1, 0, 0
312800, 18333, 1, 0, 0
312900, 15230, 1, 0, 0
313000, 16306, 1, 0, 0
313100, 13476, 1, 0, 0
313200, 13839, 1, 0, 0
313300, 17159, 1, 0, 0
313400, 18928, 1, 0, 0
313500, 13783, 1, 0, 0
313600, 16496, 1, 0, 0
313700, 14414, 1, 0, 0
313800, 18761, 1, 0, 0
313900, 13833, 1, 0, 0
314000, 18171, 1, 0, 0
314101, 13215, 1, 0, 0
314200, 14450, 1, 0, 0
314300, 17687, 1, 0, 0
314400, 16643, 1, 0, 0
314500, 17817, 1, 0, 0
314600, 15787, 1, 0, 0
314700, 15670, 1, 0, 0
314800, 15772, 1, 0, 0
314900, 19598, 1, 0, 0
315001, 18402, 1, 0, 0
315100, 14553, 1, 0, 0
315200, 15162, 1, 0, 0
315300, 16341, 1, 0, 0
315400, 17440, 1, 0, 0
315500, 15824, 1, 0, 0
315600, 14322, 1, 0, 0
315700, 19661, 1, 0, 0
315800, 14268, 1, 0, 0
315900, 13996, 1, 0, 0
316000, 14065, 1, 0, 0
316100, 13170, 1, 0, 0
316200, 15770, 1, 0, 0
316300, 16852, 1, 0, 0
316400, 15868, 1, 0, 0
316500, 15700, 1, 0, 0
316600, 12916, 1, 0, 0
316700, 14732, 1, 0, 0
316801, 13409, 1, 0, 0
316900, 14085, 1, 0, 0
317000, 14219, 1, 0, 0
317100, 16372, 1, 0, 0
317200, 15293, 1, 0, 0
317300, 14846, 1, 0, 0
317400, 14598, 1, 0, 0
317500, 13951, 1, 0, 0
317600, 14552, 1, 0, 0
317700, 13917, 1, 0, 0
317800, 15176, 1, 0, 0
317900, 14035, 1, 0, 0
318000, 16248, 1, 0, 0
318100, 16311, 1, 0, 0
318200, 16915, 1, 0, 0
318300, 15174, 1, 0, 0
318401, 16134, 1, 0, 0
318500, 15508, 1, 0, 0
318600, 14019, 1, 0, 0
318700, 14089, 1, 0, 0
318800, 13893, 1, 0, 0
318900, 14367, 1, 0, 0
319000, 14275, 1, 0, 0
319100, 14264, 1, 0, 0
319200, 13919, 1, 0, 0
319300, 16453, 1, 0, 0
319400, 16351, 1, 0, 0
319500, 13405, 1, 0, 0
319600, 15181, 1, 0, 0
319700, 16855, 1, 0, 0
319800, 15099, 1, 0, 0
319900, 16445, 1, 0, 0
320000, 14235, 1, 0, 0
320100, 14123, 1, 0, 0
320200, 14584, 1, 0, 0
320300, 18684, 1, 0, 0
320400, 15578, 1, 0, 0
320500, 18807, 1, 0, 0
320600, 14668, 1, 0, 0
320700, 17514, 1, 0, 0
320800, 16083, 1, 0, 0
320900, 14521, 1, 0, 0
321000, 13938, 1, 0, 0
321100, 13795, 1, 0, 0
321200, 15086, 1, 0, 0
321300, 13295, 1, 0, 0
321400, 14239, 1, 0, 0
321500, 17266, 1, 0, 0
321600, 18449, 1, 0, 0
321700, 14496, 1, 0, 0
321801, 15705, 1, 0, 0
321900, 17107, 1, 0, 0
322000, 15680, 1, 0, 0
322100, 14427, 1, 0, 0
322200, 14448, 1, 0, 0
322300, 15019, 1, 0, 0
322400, 16433, 1, 0, 0
322500, 17944, 1, 0, 0
322600, 15936, 1, 0, 0
322700, 14554, 1, 0, 0
322800, 13347, 1, 0, 0
322900, 15815, 1, 0, 0
323000, 14572, 1, 0, 0
323100, 17828, 1, 0, 0
323200, 17291, 1, 0, 0
323300, 16694, 1, 0, 0
323400, 17438, 1, 0, 0
323500, 15571, 1, 0, 0
323600, 15220, 1, 0, 0
323700, 13097, 1, 0, 0
323800, 19426, 1, 0, 0
323900, 17233, 1, 0, 0
324000, 15721, 1, 0, 0
324100, 17049, 1, 0, 0
324200, 14828, 1, 0, 0
324300, 13876, 1, 0, 0
324400, 17860, 1, 0, 0
324500, 18145, 1, 0, 0
324600, 15504, 1, 0, 0
324700, 15020, 1, 0, 0
324800, 16969, 1, 0, 0
324900, 16337, 1, 0, 0
325000, 15778, 1, 0, 0
325100, 13272, 1, 0, 0
325200, 13723, 1, 0, 0
325301, 14414, 1, 0, 0
325400, 16052, 1, 0, 0
325500, 14731, 1, 0, 0
325600, 15545, 1, 0, 0
325700, 17074, 1, 0, 0
325801, 15061, 1, 0, 0
325900, 17149, 1, 0, 0
326000, 13971, 1, 0, 0
326100, 14727, 1, 0, 0
326200, 20061, 1, 0, 0
326300, 14136, 1, 0, 0
326400, 14007, 1, 0, 0
326500, 13357, 1, 0, 0
326600, 14384, 1, 0, 0
326700, 14533, 1, 0, 0
326800, 17827, 1, 0, 0
326900, 15852, 1, 0, 0
327000, 14390, 1, 0, 0
327100, 13018, 1, 0, 0
327200, 15874, 1, 0, 0
327300, 15935, 1, 0, 0
327400, 15305, 1, 0, 0
327500, 15950, 1, 0, 0
327600, 14712, 1, 0, 0
327700, 15926, 1, 0, 0
327800, 15159, 1, 0, 0
327900, 15043, 1, 0, 0
328001, 18270, 1, 0, 0
328100, 12971, 1, 0, 0
328200, 15282, 1, 0, 0
328300, 14530, 1, 0, 0
328400, 20486, 1, 0, 0
328500, 15685, 1, 0, 0
328600, 16139, 1, 0, 0
328700, 13354, 1, 0, 0
328800, 16043, 1, 0, 0
328900, 15215, 1, 0, 0
329000, 15133, 1, 0, 0
329100, 17770, 1, 0, 0
329200, 14233, 1, 0, 0
329300, 13859, 1, 0, 0
329400, 19291, 1, 0, 0
329500, 15735, 1, 0, 0
329600, 15516, 1, 0, 0
329700, 17334, 1, 0, 0
329800, 18446, 1, 0, 0
329900, 18486, 1, 0, 0
330000, 18878, 1, 0, 0
330100, 18068, 1, 0, 0
330200, 14230, 1, 0, 0
330300, 17901, 1, 0, 0
330400, 16100, 1, 0, 0
330500, 18590, 1, 0, 0
330600, 14223, 1, 0, 0
330700, 15354, 1, 0, 0
330800, 13842, 1, 0, 0
330900, 13522, 1, 0, 0
331000, 13441, 1, 0, 0
331100, 17280, 1, 0, 0
331200, 16146, 1, 0, 0
331300, 14046, 1, 0, 0
331400, 15889, 1, 0, 0
331500, 17595, 1, 0, 0
331600, 17755, 1, 0, 0
331700, 17433, 1, 0, 0
331800, 17179, 1, 0, 0
331900, 19969, 1, 0, 0
332000, 15137, 1, 0, 0
332100, 13709, 1, 0, 0
332200, 15419, 1, 0, 0
332300, 17350, 1, 0, 0
332400, 15870, 1, 0, 0
332500, 15784, 1, 0, 0
332600, 13568, 1, 0, 0
332700, 13700, 1, 0, 0
332800, 18499, 1, 0, 0
332900, 17899, 1, 0, 0
333000, 20192, 1, 0, 0
333100, 14672, 1, 0, 0
333200, 15607, 1, 0, 0
333300, 13717, 1, 0, 0
333400, 16234, 1, 0, 0
333500, 14761, 1, 0, 0
333600, 16062, 1, 0, 0
333700, 16089, 1, 0, 0
333800, 16101, 1, 0, 0
333900, 15167, 1, 0, 0
334000, 14048, 1, 0, 0
334101, 12523, 1, 0, 0
334200, 13589, 1, 0, 0
334300, 13858, 1, 0, 0
334400, 16331, 1, 0, 0
334500, 16768, 1, 0, 0
334600, 14673, 1, 0, 0
334700, 12868, 1, 0, 0
334800, 15564, 1, 0, 0
334900, 15682, 1, 0, 0
335000, 20104, 1, 0, 0
335100, 13538, 1, 0, 0
335200, 14848, 1, 0, 0
335300, 17202, 1, 0, 0
335400, 16043, 1, 0, 0
335500, 15810, 1, 0, 0
335600, 18555, 1, 0, 0
335700, 14016, 1, 0, 0
335800, 17356, 1, 0, 0
335900, 14974, 1, 0, 0
336000, 15011, 1, 0, 0
336100, 17353, 1, 0, 0
336200, 16888, 1, 0, 0
336300, 16082, 1, 0, 0
336400, 18775, 1, 0, 0
336500, 16907, 1, 0, 0
336600, 15386, 1, 0, 0
336700, 15724, 1, 0, 0
336800, 14296, 1, 0, 0
336900, 14731, 1, 0, 0
337000, 21053, 1, 0, 0
337100, 15008, 1, 0, 0
337200, 16880, 1, 0, 0
337300, 15227, 1, 0, 0
337400, 14565, 1, 0, 0
337500, 14363, 1, 0, 0
337600, 13415, 1, 0, 0
337700, 14780, 1, 0, 0
337800, 16783, 1, 0, 0
337900, 15018, 1, 0, 0
338000, 18827, 1, 0, 0
338100, 16472, 1, 0, 0
338200, 14402, 1, 0, 0
338300, 15454, 1, 0, 0
338400, 12832, 1, 0, 0
338501, 15490, 1, 0, 0
338600, 15406, 1, 0, 0
338700, 17356, 1, 0, 0
338800, 14822, 1, 0, 0
338900, 13064, 1, 0, 0
339000, 16576, 1, 0, 0
339100, 14015, 1, 0, 0
339200, 17107, 1, 0, 0
339300, 16158, 1, 0, 0
339400, 12696, 1, 0, 0
339500, 18121, 1, 0, 0
339600, 17504, 1, 0, 0
339700, 16134, 1, 0, 0
339801, 19640, 1, 0, 0
339901, 17657, 1, 0, 0
340000, 14733, 1, 0, 0
340100, 16268, 1, 0, 0
340200, 13539, 1, 0, 0
340300, 14790, 1, 0, 0
340400, 15091, 1, 0, 0
340500, 17435, 1, 0, 0
340600, 18714, 1, 0, 0
340700, 13333, 1, 0, 0
340800, 13744, 1, 0, 0
340901, 16876, 1, 0, 0
341000, 14988, 1, 0, 0
341100, 14035, 1, 0, 0
341200, 15933, 1, 0, 0
341300, 17616, 1, 0, 0
341400, 16688, 1, 0, 0
341500, 15183, 1, 0, 0
341600, 17978, 1, 0, 0
341700, 13646, 1, 0, 0
341801, 15188, 1, 0, 0
341900, 13255, 1, 0, 0
342000, 17778, 1, 0, 0
342100, 14962, 1, 0, 0
342200, 18126, 1, 0, 0
342300, 18806, 1, 0, 0
342400, 13577, 1, 0, 0
342501, 18274, 1, 0, 0
342600, 17332, 1, 0, 0
342700, 14248, 1, 0, 0
342800, 14827, 1, 0, 0
342900, 16425, 1, 0, 0
343000, 14858, 1, 0, 0
343100, 13006, 1, 0, 0
343200, 16735, 1, 0, 0
343300, 16756, 1, 0, 0
343400, 17674, 1, 0, 0
343500, 16905, 1, 0, 0
343600, 17443, 1, 0, 0
343700, 17367, 1, 0, 0
343800, 13975, 1, 0, 0
343900, 16413, 1, 0, 0
344000, 15534, 1, 0, 0
344100, 15384, 1, 0, 0
344200, 15158, 1, 0, 0
344300, 14062, 1, 0, 0
344400, 17035, 1, 0, 0
344500, 18072, 1, 0, 0
344600, 13643, 1, 0, 0
344700, 15454, 1, 0, 0
344800, 14365, 1, 0, 0
344900, 14111, 1, 0, 0
345000, 18473, 1, 0, 0
345100, 13418, 1, 0, 0
345200, 14119, 1, 0, 0
345300, 15277, 1, 0, 0
345401, 15103, 1, 0, 0
345500, 14112, 1, 0, 0
345600, 16129, 1, 0, 0
345700, 12889, 1, 0, 0
345800, 13298, 1, 0, 0
345900, 20686, 1, 0, 0
346000, 16810, 1, 0, 0
346100, 15758, 1, 0, 0
346200, 15503, 1, 0, 0
346300, 15988, 1, 0, 0
346400, 17765, 1, 0, 0
346500, 13417, 1, 0, 0
346600, 18644, 1, 0, 0
346700, 18636, 1, 0, 0
346800, 17705, 1, 0, 0
346900, 20237, 1, 0, 0
347000, 19801, 1, 0, 0
347100, 15170, 1, 0, 0
347200, 15129, 1, 0, 0
347300, 17638, 1, 0, 0
347400, 15144, 1, 0, 0
347500, 17575, 1, 0, 0
347601, 18576, 1, 0, 0
347700, 18288, 1, 0, 0
347800, 13509, 1, 0, 0
347900, 18623, 1, 0, 0
348000, 17101, 1, 0, 0
348100, 14475, 1, 0, 0
348200, 14047, 1, 0, 0
348300, 13378, 1, 0, 0
348400, 14042, 1, 0, 0
348500, 13243, 1, 0, 0
348600, 16469, 1, 0, 0
348700, 17921, 1, 0, 0
348801, 15860, 1, 0, 0
348901, 14028, 1, 0, 0
349000, 15611, 1, 0, 0
349100, 13754, 1, 0, 0
349200, 13749, 1, 0, 0
349300, 15815, 1, 0, 0
349400, 19801, 1, 0, 0
349500, 15730, 1, 0, 0
349600, 18772, 1, 0, 0
349700, 16608, 1, 0, 0
349800, 14104, 1, 0, 0
349900, 13938, 1, 0, 0
350000, 16239, 1, 0, 0
350100, 14779, 1, 0, 0
350200, 14165, 1, 0, 0
350300, 15434, 1, 0, 0
350400, 20622, 1, 0, 0
350500, 16688, 1, 0, 0
350600, 14352, 1, 0, 0
350700, 14750, 1, 0, 0
350800, 14173, 1, 0, 0
350900, 15629, 1, 0, 0
351000, 18018, 1, 0, 0
351100, 14723, 1, 0, 0
351200, 13689, 1, 0, 0
351300, 18994, 1, 0, 0
351400, 16931, 1, 0, 0
351500, 17809, 1, 0, 0
351600, 16560, 1, 0, 0
351700, 16771, 1, 0, 0
351800, 16699, 1, 0, 0
351900, 14526, 1, 0, 0
352000, 14453, 1, 0, 0
352100, 18086, 1, 0, 0
352200, 17376, 1, 0, 0
352300, 18007, 1, 0, 0
352400, 17679, 1, 0, 0
352500, 14018, 1, 0, 0
352600, 16752, 1, 0, 0
352700, 16766, 1, 0, 0
352800, 16241, 1, 0, 0
352900, 15414, 1, 0, 0
353000, 15696, 1, 0, 0
353100, 14934, 1, 0, 0
353200, 15940, 1, 0, 0
353300, 18797, 1, 0, 0
353400, 13557, 1, 0, 0
353500, 14135, 1, 0, 0
353601, 15720, 1, 0, 0
353700, 14313, 1, 0, 0
353800, 18465, 1, 0, 0
353900, 16022, 1, 0, 0
354000, 18749, 1, 0, 0
354100, 18627, 1, 0, 0
354200, 14067, 1, 0, 0
354300, 14358, 1, 0, 0
354400, 15218, 1, 0, 0
354500, 16638, 1, 0, 0
354600, 17201, 1, 0, 0
354700, 20775, 1, 0, 0
354800, 15972, 1, 0, 0
354900, 15448, 1, 0, 0
355000, 14924, 1, 0, 0
355100, 18035, 1, 0, 0
355200, 13452, 1, 0, 0
355300, 13556, 1, 0, 0
355401, 15269, 1, 0, 0
355500, 14399, 1, 0, 0
355600, 13355, 1, 0, 0
355700, 15116, 1, 0, 0
355801, 16762, 1, 0, 0
355900, 16024, 1, 0, 0
356000, 13667, 1, 0, 0
356102, 17909, 1, 0, 0
356200, 14599, 1, 0, 0
356300, 13660, 1, 0, 0
356400, 14340, 1, 0, 0
356500, 18080, 1, 0, 0
356600, 19538, 1, 0, 0
356700, 18994, 1, 0, 0
356800, 18412, 1, 0, 0
356900, 16001, 1, 0, 0
357000, 14337, 1, 0, 0
357100, 15176, 1, 0, 0
357200, 14344, 1, 0, 0
357300, 18005, 1, 0, 0
357400, 13670, 1, 0, 0
357500, 14090, 1, 0, 0
357601, 20777, 1, 0, 0
357701, 16033, 1, 0, 0
357800, 15004, 1, 0, 0
357901, 20249, 1, 0, 0
358000, 15189, 1, 0, 0
358100, 14642, 1, 0, 0
358200, 16921, 1, 0, 0
358300, 15985, 1, 0, 0
358400, 15923, 1, 0, 0
358500, 16209, 1, 0, 0
358600, 14058, 1, 0, 0
358700, 15259, 1, 0, 0
358801, 14773, 1, 0, 0
358900, 15453, 1, 0, 0
359000, 17433, 1, 0, 0
359100, 15503, 1, 0, 0
359201, 15365, 1, 0, 0
359301, 17502, 1, 0, 0
359400, 16306, 1, 0, 0
359500, 15083, 1, 0, 0
359600, 16286, 1, 0, 0
359700, 19680, 1, 0, 0
359800, 17585, 1, 0, 0
359900, 15898, 1, 0, 0
360000, 15450, 1, 0, 0
360100, 14273, 1, 0, 0
360200, 15315, 1, 0, 0
360300, 13218, 1, 0, 0
360400, 13718, 1, 0, 0
360500, 14085, 1, 0, 0
360600, 15999, 1, 0, 0
360700, 14257, 1, 0, 0
360800, 18466, 1, 0, 0
360900, 18055, 1, 0, 0
361000, 17319, 1, 0, 0
361100, 14572, 1, 0, 0
361200, 14512, 1, 0, 0
361300, 18210, 1, 0, 0
361400, 16733, 1, 0, 0
361500, 13616, 1, 0, 0
361600, 14216, 1, 0, 0
361701, 16664, 1, 0, 0
361800, 18479, 1, 0, 0
361900, 17466, 1, 0, 0
362001, 15632, 1, 0, 0
362100, 14836, 1, 0, 0
362200, 16380, 1, 0, 0
362301, 17140, 1, 0, 0
362401, 16457, 1, 0, 0
362500, 17480, 1, 0, 0
362600, 16991, 1, 0, 0
362700, 15189, 1, 0, 0
362800, 16494, 1, 0, 0
362900, 16013, 1, 0, 0
363000, 12884, 1, 0, 0
363100, 15330, 1, 0, 0
363200, 14010, 1, 0, 0
363300, 15580, 1, 0, 0
363402, 14401, 1, 0, 0
363500, 13974, 1, 0, 0
363600, 16339, 1, 0, 0
363700, 17318, 1, 0, 0
363800, 14444, 1, 0, 0
363900, 18919, 1, 0, 0
364000, 14716, 1, 0, 0
364100, 13922, 1, 0, 0
364200, 18264, 1, 0, 0
364300, 15466, 1, 0, 0
364401, 18557, 1, 0, 0
364500, 17147, 1, 0, 0
364600, 14390, 1, 0, 0
364700, 15512, 1, 0, 0
364802, 17453, 1, 0, 0
364900, 18618, 1, 0, 0
365000, 17948, 1, 0, 0
365100, 19470, 1, 0, 0
365200, 17126, 1, 0, 0
365301, 14325, 1, 0, 0
365400, 13472, 1, 0, 0
365500, 16350, 1, 0, 0
365600, 15618, 1, 0, 0
365700, 17228, 1, 0, 0
365800, 14078, 1, 0, 0
365900, 15147, 1, 0, 0
366000, 17924, 1, 0, 0
366100, 16995, 1, 0, 0
366200, 15785, 1, 0, 0
366300, 19548, 1, 0, 0
366400, 20089, 1, 0, 0
366500, 14633, 1, 0, 0
366600, 16017, 1, 0, 0
366700, 17012, 1, 0, 0
366800, 16751, 1, 0, 0
366900, 16651, 1, 0, 0
367000, 13518, 1, 0, 0
367100, 15159, 1, 0, 0
367201, 14973, 1, 0, 0
367300, 17241, 1, 0, 0
367400, 16054, 1, 0, 0
367501, 13413, 1, 0, 0
367600, 14892, 1, 0, 0
367700, 15125, 1, 0, 0
367800, 16179, 1, 0, 0
367900, 14178, 1, 0, 0
368001, 14401, 1, 0, 0
368100, 12675, 1, 0, 0
368200, 12916, 1, 0, 0
368300, 17284, 1, 0, 0
368400, 12662, 1, 0, 0
368500, 16922, 1, 0, 0
368600, 19846, 1, 0, 0
368700, 15886, 1, 0, 0
368801, 15111, 1, 0, 0
368900, 16071, 1, 0, 0
369000, 14272, 1, 0, 0
369100, 14068, 1, 0, 0
369200, 18638, 1, 0, 0
369300, 16298, 1, 0, 0
369400, 16022, 1, 0, 0
369500, 13999, 1, 0, 0
369600, 14055, 1, 0, 0
369700, 13201, 1, 0, 0
369800, 12243, 1, 0, 0
369900, 16315, 1, 0, 0
370000, 13959, 1, 0, 0
370100, 16675, 1, 0, 0
370200, 17506, 1, 0, 0
370300, 16396, 1, 0, 0
370400, 14410, 1, 0, 0
370500, 17088, 1, 0, 0
370600, 16184, 1, 0, 0
370700, 16347, 1, 0, 0
370800, 17497, 1, 0, 0
370900, 18945, 1, 0, 0
371000, 13887, 1, 0, 0
371100, 17029, 1, 0, 0
371200, 17162, 1, 0, 0
371300, 17853, 1, 0, 0
371400, 13388, 1, 0, 0
371500, 16080, 1, 0, 0
371600, 16611, 1, 0, 0
371700, 16968, 1, 0, 0
371800, 13971, 1, 0, 0
371901, 13804, 1, 0, 0
372001, 14722, 1, 0, 0
372100, 15349, 1, 0, 0
372200, 14994, 1, 0, 0
372300, 14348, 1, 0, 0
372400, 14763, 1, 0, 0
372500, 14327, 1, 0, 0
372601, 15710, 1, 0, 0
372700, 14405, 1, 0, 0
372800, 17504, 1, 0, 0
372900, 17542, 1, 0, 0
373000, 16428, 1, 0, 0
373100, 17986, 1, 0, 0
373200, 20871, 1, 0, 0
373300, 17021, 1, 0, 0
373400, 16508, 1, 0, 0
373500, 19675, 1, 0, 0
373600, 15612, 1, 0, 0
373700, 16009, 1, 0, 0
373800, 20164, 1, 0, 0
373900, 17687, 1, 0, 0
374000, 14471, 1, 0, 0
374100, 13387, 1, 0, 0
374200, 14278, 1, 0, 0
374300, 13646, 1, 0, 0
374400, 16493, 1, 0, 0
374501, 17473, 1, 0, 0
374600, 14013, 1, 0, 0
374700, 14845, 1, 0, 0
374800, 15292, 1, 0, 0
374900, 17306, 1, 0, 0
375000, 18962, 1, 0, 0
375100, 19493, 1, 0, 0
375201, 15595, 1, 0, 0
375300, 19175, 1, 0, 0
375400, 17023, 1, 0, 0
375501, 18581, 1, 0, 0
375600, 13240, 1, 0, 0
375701, 17915, 1, 0, 0
375800, 17134, 1, 0, 0
375900, 16732, 1, 0, 0
376000, 14201, 1, 0, 0
376100, 16757, 1, 0, 0
376200, 15037, 1, 0, 0
376300, 17119, 1, 0, 0
376400, 16845, 1, 0, 0
376500, 14948, 1, 0, 0
376600, 17345, 1, 0, 0
376700, 16073, 1, 0, 0
376800, 18676, 1, 0, 0
376900, 17338, 1, 0, 0
377000, 14568, 1, 0, 0
377100, 14615, 1, 0, 0
377200, 15599, 1, 0, 0
377300, 15621, 1, 0, 0
377400, 17276, 1, 0, 0
377500, 17939, 1, 0, 0
377600, 19940, 1, 0, 0
377700, 13486, 1, 0, 0
377801, 14763, 1, 0, 0
377900, 17376, 1, 0, 0
378001, 18099, 1, 0, 0
378100, 14806, 1, 0, 0
378200, 15397, 1, 0, 0
378300, 16263, 1, 0, 0
378400, 17229, 1, 0, 0
378500, 14215, 1, 0, 0
378600, 16274, 1, 0, 0
378700, 16320, 1, 0, 0
378800, 17366, 1, 0, 0
378900, 16289, 1, 0, 0
379000, 15610, 1, 0, 0
379101, 14957, 1, 0, 0
379201, 13863, 1, 0, 0
379300, 15458, 1, 0, 0
379400, 17479, 1, 0, 0
379500, 16325, 1, 0, 0
379600, 13734, 1, 0, 0
379700, 14056, 1, 0, 0
379800, 14186, 1, 0, 0
379900, 17788, 1, 0, 0
380000, 17012, 1, 0, 0
380100, 18512, 1, 0, 0
380200, 17280, 1, 0, 0
380300, 14069, 1, 0, 0
380400, 15476, 1, 0, 0
380501, 15741, 1, 0, 0
380600, 13692, 1, 0, 0
380700, 15491, 1, 0, 0
380800, 16444, 1, 0, 0
380900, 14400, 1, 0, 0
381001, 13430, 1, 0, 0
381100, 15970, 1, 0, 0
381200, 21434, 1, 0, 0
381301, 13130, 1, 0, 0
381400, 14273, 1, 0, 0
381501, 15686, 1, 0, 0
381600, 15742, 1, 0, 0
381700, 14575, 1, 0, 0
381800, 17156, 1, 0, 0
381900, 15381, 1, 0, 0
382000, 15558, 1, 0, 0
382100, 15570, 1, 0, 0
382200, 18243, 1, 0, 0
382300, 15901, 1, 0, 0
382400, 14510, 1, 0, 0
382501, 14394, 1, 0, 0
382600, 17780, 1, 0, 0
382700, 18165, 1, 0, 0
382800, 17658, 1, 0, 0
382901, 14580, 1, 0, 0
383000, 16126, 1, 0, 0
383100, 14526, 1, 0, 0
383200, 15284, 1, 0, 0
383300, 15150, 1, 0, 0
383400, 18638, 1, 0, 0
383500, 13844, 1, 0, 0
383600, 14888, 1, 0, 0
383701, 15202, 1, 0, 0
383800, 14622, 1, 0, 0
383901, 17108, 1, 0, 0
384000, 16276, 1, 0, 0
384101, 19360, 1, 0, 0
384201, 16047, 1, 0, 0
384300, 19800, 1, 0, 0
384400, 13681, 1, 0, 0
384500, 15883, 1, 0, 0
384600, 16565, 1, 0, 0
384700, 15861, 1, 0, 0
384800, 15703, 1, 0, 0
384901, 13690, 1, 0, 0
385000, 17173, 1, 0, 0
385100, 15377, 1, 0, 0
385200, 16329, 1, 0, 0
385300, 14395, 1, 0, 0
385400, 20456, 1, 0, 0
385500, 16998, 1, 0, 0
385600, 18863, 1, 0, 0
385700, 14677, 1, 0, 0
385800, 14143, 1, 0, 0
385900, 16081, 1, 0, 0
386000, 15677, 1, 0, 0
386100, 16998, 1, 0, 0
386200, 15161, 1, 0, 0
386300, 16305, 1, 0, 0
386400, 14830, 1, 0, 0
386501, 17382, 1, 0, 0
386600, 18498, 1, 0, 0
386701, 14134, 1, 0, 0
386800, 15042, 1, 0, 0
386900, 17033, 1, 0, 0
387000, 17597, 1, 0, 0
387100, 14432, 1, 0, 0
387200, 16113, 1, 0, 0
387301, 14853, 1, 0, 0
387400, 15738, 1, 0, 0
387500, 18903, 1, 0, 0
387600, 17887, 1, 0, 0
387700, 14210, 1, 0, 0
387800, 16192, 1, 0, 0
387900, 15429, 1, 0, 0
388000, 15661, 1, 0, 0
388100, 15483, 1, 0, 0
388200, 12954, 1, 0, 0
388300, 19280, 1, 0, 0
388401, 15342, 1, 0, 0
388500, 17263, 1, 0, 0
388600, 15693, 1, 0, 0
388700, 15915, 1, 0, 0
388800, 17575, 1, 0, 0
388900, 16365, 1, 0, 0
389000, 14812, 1, 0, 0
389101, 16788, 1, 0, 0
389201, 15255, 1, 0, 0
389300, 18323, 1, 0, 0
389400, 13472, 1, 0, 0
389500, 15201, 1, 0, 0
389600, 17397, 1, 0, 0
389700, 15771, 1, 0, 0
389800, 14049, 1, 0, 0
389900, 15381, 1, 0, 0
390000, 13081, 1, 0, 0
390100, 15260, 1, 0, 0
390200, 17759, 1, 0, 0
390300, 13776, 1, 0, 0
390400, 14167, 1, 0, 0
390500, 15481, 1, 0, 0
390600, 17583, 1, 0, 0
390700, 16383, 1, 0, 0
390800, 14993, 1, 0, 0
390900, 15636, 1, 0, 0
391000, 17795, 1, 0, 0
391100, 13534, 1, 0, 0
391200, 20247, 1, 0, 0
391300, 16443, 1, 0, 0
391402, 14896, 1, 0, 0
391500, 16492, 1, 0, 0
391600, 17119, 1, 0, 0
391700, 16622, 1, 0, 0
391800, 16661, 1, 0, 0
391900, 18805, 1, 0, 0
392000, 17129, 1, 0, 0
392101, 12665, 1, 0, 0
392200, 16910, 1, 0, 0
392300, 14534, 1, 0, 0
392400, 13879, 1, 0, 0
392500, 18113, 1, 0, 0
392600, 16195, 1, 0, 0
392700, 15140, 1, 0, 0
392800, 16751, 1, 0, 0
392900, 22878, 1, 0, 0
393000, 14846, 1, 0, 0
393100, 14411, 1, 0, 0
393200, 21271, 1, 0, 0
393300, 18187, 1, 0, 0
393400, 14435, 1, 0, 0
393500, 15378, 1, 0, 0
393600, 15303, 1, 0, 0
393700, 18391, 1, 0, 0
393800, 17200, 1, 0, 0
393900, 19463, 1, 0, 0
394000, 14273, 1, 0, 0
394100, 14802, 1, 0, 0
394200, 13884, 1, 0, 0
394300, 17114, 1, 0, 0
394400, 17611, 1, 0, 0
394500, 16955, 1, 0, 0
394600, 16898, 1, 0, 0
394700, 13673, 1, 0, 0
394800, 15358, 1, 0, 0
394900, 18476, 1, 0, 0
395000, 14826, 1, 0, 0
395102, 14938, 1, 0, 0
395200, 16121, 1, 0, 0
395301, 18861, 1, 0, 0
395400, 17231, 1, 0, 0
395500, 14099, 1, 0, 0
395600, 19113, 1, 0, 0
395700, 16875, 1, 0, 0
395800, 13640, 1, 0, 0
395900, 12710, 1, 0, 0
396000, 14904, 1, 0, 0
396100, 20358, 1, 0, 0
396200, 15957, 1, 0, 0
396300, 15850, 1, 0, 0
396400, 14494, 1, 0, 0
396500, 16081, 1, 0, 0
396600, 15817, 1, 0, 0
396700, 15015, 1, 0, 0
396800, 18306, 1, 0, 0
396900, 16927, 1, 0, 0
397000, 15283, 1, 0, 0
397100, 18924, 1, 0, 0
397200, 17996, 1, 0, 0
397300, 14788, 1, 0, 0
397400, 13903, 1, 0, 0
397500, 18498, 1, 0, 0
397600, 16524, 1, 0, 0
397700, 16774, 1, 0, 0
397801, 13002, 1, 0, 0
397900, 15049, 1, 0, 0
398000, 17754, 1, 0, 0
398100, 15172, 1, 0, 0
398200, 17147, 1, 0, 0
398300, 13961, 1, 0, 0
398400, 16667, 1, 0, 0
398500, 17056, 1, 0, 0
398601, 18967, 1, 0, 0
398700, 18471, 1, 0, 0
398800, 14913, 1, 0, 0
398900, 16935, 1, 0, 0
399000, 14488, 1, 0, 0
399100, 19328, 1, 0, 0
399200, 13901, 1, 0, 0
399300, 16277, 1, 0, 0
399400, 16866, 1, 0, 0
399500, 13238, 1, 0, 0
399600, 15330, 1, 0, 0
399700, 12869, 1, 0, 0
399800, 16187, 1, 0, 0
399900, 13881, 1, 0, 0
400000, 15700, 1, 0, 0
400100, 14897, 1, 0, 0
400200, 14350, 1, 0, 0
400300, 14484, 1, 0, 0
400400, 16249, 1, 0, 0
400500, 17329, 1, 0, 0
400600, 17403, 1, 0, 0
400700, 15800, 1, 0, 0
400800, 13040, 1, 0, 0
400900, 14756, 1, 0, 0
401000, 14514, 1, 0, 0
401100, 12963, 1, 0, 0
401200, 16164, 1, 0, 0
401300, 14459, 1, 0, 0
401400, 16228, 1, 0, 0
401500, 14719, 1, 0, 0
401601, 15890, 1, 0, 0
401701, 18049, 1, 0, 0
401800, 16237, 1, 0, 0
401900, 13321, 1, 0, 0
402000, 14852, 1, 0, 0
402101, 13172, 1, 0, 0
402200, 18082, 1, 0, 0
402300, 19745, 1, 0, 0
402400, 17533, 1, 0, 0
402500, 15413, 1, 0, 0
402600, 16015, 1, 0, 0
402700, 17026, 1, 0, 0
402800, 14014, 1, 0, 0
402900, 16688, 1, 0, 0
403000, 15104, 1, 0, 0
403100, 14095, 1, 0, 0
403200, 15231, 1, 0, 0
403300, 16879, 1, 0, 0
403400, 15021, 1, 0, 0
403500, 15344, 1, 0, 0
403600, 16073, 1, 0, 0
403700, 14750, 1, 0, 0
403800, 17185, 1, 0, 0
403900, 18048, 1, 0, 0
404000, 17200, 1, 0, 0
404100, 14892, 1, 0, 0
404200, 18145, 1, 0, 0
404300, 14864, 1, 0, 0
404400, 14811, 1, 0, 0
404500, 19075, 1, 0, 0
404600, 14199, 1, 0, 0
404700, 14513, 1, 0, 0
404801, 14865, 1, 0, 0
404900, 15003, 1, 0, 0
405000, 14390, 1, 0, 0
405100, 14848, 1, 0, 0
405200, 14250, 1, 0, 0
405300, 18022, 1, 0, 0
405400, 18840, 1, 0, 0
405500, 14978, 1, 0, 0
405600, 17320, 1, 0, 0
405701, 15625, 1, 0, 0
405800, 13517, 1, 0, 0
405900, 14934, 1, 0, 0
406000, 14986, 1, 0, 0
406101, 16957, 1, 0, 0
406201, 17017, 1, 0, 0
406300, 14949, 1, 0, 0
406400, 14186, 1, 0, 0
406500, 15641, 1, 0, 0
406600, 16174, 1, 0, 0
406700, 17711, 1, 0, 0
406801, 14893, 1, 0, 0
406900, 13515, 1, 0, 0
407000, 14019, 1, 0, 0
407100, 18333, 1, 0, 0
407200, 14774, 1, 0, 0
407300, 14006, 1, 0, 0
407400, 14707, 1, 0, 0
407500, 16807, 1, 0, 0
407600, 21157, 1, 0, 0
407700, 18178, 1, 0, 0
407800, 15284, 1, 0, 0
407901, 16871, 1, 0, 0
408000, 16822, 1, 0, 0
408100, 15719, 1, 0, 0
408200, 14933, 1, 0, 0
408300, 13831, 1, 0, 0
408400, 13970, 1, 0, 0
408500, 17105, 1, 0, 0
408600, 16271, 1, 0, 0
408700, 15477, 1, 0, 0
408800, 14914, 1, 0, 0
408900, 17550, 1, 0, 0
409000, 14203, 1, 0, 0
409100, 15159, 1, 0, 0
409200, 13823, 1, 0, 0
409300, 15114, 1, 0, 0
409400, 16622, 1, 0, 0
409500, 16241, 1, 0, 0
409600, 17437, 1, 0, 0
409700, 14984, 1, 0, 0
409800, 16824, 1, 0, 0
409900, 16714, 1, 0, 0
410000, 15887, 1, 0, 0
410100, 17901, 1, 0, 0
410200, 15323, 1, 0, 0
410300, 19323, 1, 0, 0
410400, 15472, 1, 0, 0
410500, 21036, 1, 0, 0
410600, 17806, 1, 0, 0
410700, 17050, 1, 0, 0
410800, 16049, 1, 0, 0
410900, 15954, 1, 0, 0
411000, 18022, 1, 0, 0
411100, 13868, 1, 0, 0
411200, 14241, 1, 0, 0
411300, 13998, 1, 0, 0
411400, 15519, 1, 0, 0
411500, 18438, 1, 0, 0
411600, 15433, 1, 0, 0
411701, 16076, 1, 0, 0
411801, 17836, 1, 0, 0
411900, 16769, 1, 0, 0
412000, 15411, 1, 0, 0
412100, 15922, 1, 0, 0
412200, 17067, 1, 0, 0
412300, 15413, 1, 0, 0
412400, 14915, 1, 0, 0
412500, 14969, 1, 0, 0
412600, 18014, 1, 0, 0
412700, 17263, 1, 0, 0
412800, 15048, 1, 0, 0
412900, 13458, 1, 0, 0
413000, 18012, 1, 0, 0
413101, 18559, 1, 0, 0
413200, 16590, 1, 0, 0
413300, 14903, 1, 0, 0
413400, 14839, 1, 0, 0
413500, 17659, 1, 0, 0
413600, 15514, 1, 0, 0
413700, 13200, 1, 0, 0
413800, 13840, 1, 0, 0
413900, 17584, 1, 0, 0
414001, 14907, 1, 0, 0
414100, 18442, 1, 0, 0
414200, 15794, 1, 0, 0
414300, 17928, 1, 0, 0
414400, 14174, 1, 0, 0
414500, 14338, 1, 0, 0
414600, 17497, 1, 0, 0
414700, 14476, 1, 0, 0
414800, 13130, 1, 0, 0
414900, 16683, 1, 0, 0
415000, 13804, 1, 0, 0
415100, 15452, 1, 0, 0
415200, 18284, 1, 0, 0
415300, 19002, 1, 0, 0
415400, 18487, 1, 0, 0
415500, 16530, 1, 0, 0
415600, 17826, 1, 0, 0
415701, 15044, 1, 0, 0
415800, 15225, 1, 0, 0
415900, 18293, 1, 0, 0
416000, 18544, 1, 0, 0
416100, 15880, 1, 0, 0
416200, 15675, 1, 0, 0
416300, 16530, 1, 0, 0
416400, 18398, 1, 0, 0
416501, 14805, 1, 0, 0
416601, 17118, 1, 0, 0
416700, 14992, 1, 0, 0
416800, 16573, 1, 0, 0
416900, 16646, 1, 0, 0
417000, 13712, 1, 0, 0
417100, 14897, 1, 0, 0
417200, 16563, 1, 0, 0
417300, 16047, 1, 0, 0
417400, 13493, 1, 0, 0
417500, 18493, 1, 0, 0
417600, 14534, 1, 0, 0
417700, 16591, 1, 0, 0
417800, 18290, 1, 0, 0
417901, 14657, 1, 0, 0
418000, 19067, 1, 0, 0
418100, 18262, 1, 0, 0
418200, 18668, 1, 0, 0
418300, 17733, 1, 0, 0
418400, 14086, 1, 0, 0
418500, 15913, 1, 0, 0
418600, 17082, 1, 0, 0
418700, 13449, 1, 0, 0
418800, 15809, 1, 0, 0
418900, 16881, 1, 0, 0
419000, 18128, 1, 0, 0
419100, 17606, 1, 0, 0
419200, 16300, 1, 0, 0
419300, 14959, 1, 0, 0
419400, 17355, 1, 0, 0
419500, 14478, 1, 0, 0
419600, 13967, 1, 0, 0
419700, 14477, 1, 0, 0
419800, 15681, 1, 0, 0
419900, 13601, 1, 0, 0
420001, 12842, 1, 0, 0
420100, 15931, 1, 0, 0
420200, 17329, 1, 0, 0
420300, 15760, 1, 0, 0
420400, 14975, 1, 0, 0
420500, 16664, 1, 0, 0
420600, 15105, 1, 0, 0
420700, 15420, 1, 0, 0
420800, 14954, 1, 0, 0
420900, 15313, 1, 0, 0
421000, 17925, 1, 0, 0
421100, 16205, 1, 0, 0
421200, 17093, 1, 0, 0
421300, 16774, 1, 0, 0
421400, 14938, 1, 0, 0
421500, 15621, 1, 0, 0
421600, 18840, 1, 0, 0
421700, 18389, 1, 0, 0
421800, 14643, 1, 0, 0
421900, 15402, 1, 0, 0
422000, 14173, 1, 0, 0
422100, 14029, 1, 0, 0
422200, 12951, 1, 0, 0
422300, 15740, 1, 0, 0
422400, 15382, 1, 0, 0
422500, 18625, 1, 0, 0
422601, 19333, 1, 0, 0
422701, 16081, 1, 0, 0
422801, 14804, 1, 0, 0
422900, 13793, 1, 0, 0
423000, 15822, 1, 0, 0
423100, 15087, 1, 0, 0
423200, 16548, 1, 0, 0
423300, 18459, 1, 0, 0
423400, 17480, 1, 0, 0
423500, 13215, 1, 0, 0
423600, 13388, 1, 0, 0
423700, 13944, 1, 0, 0
423800, 15078, 1, 0, 0
423900, 16922, 1, 0, 0
424001, 16418, 1, 0, 0
424100, 14918, 1, 0, 0
424200, 19874, 1, 0, 0
424300, 18027, 1, 0, 0
424400, 15214, 1, 0, 0
424500, 17496, 1, 0, 0
424600, 16792, 1, 0, 0
424701, 16701, 1, 0, 0
424800, 16852, 1, 0, 0
424900, 16256, 1, 0, 0
425001, 16299, 1, 0, 0
425100, 15682, 1, 0, 0
425201, 15173, 1, 0, 0
425300, 14349, 1, 0, 0
425400, 15009, 1, 0, 0
425500, 16021, 1, 0, 0
425600, 15129, 1, 0, 0
425700, 15317, 1, 0, 0
425800, 14158, 1, 0, 0
425900, 17920, 1, 0, 0
426000, 15814, 1, 0, 0
426100, 14504, 1, 0, 0
426200, 12888, 1, 0, 0
426300, 17225, 1, 0, 0
426400, 15413, 1, 0, 0
426500, 17176, 1, 0, 0
426600, 17200, 1, 0, 0
426700, 17642, 1, 0, 0
426800, 13301, 1, 0, 0
426900, 18457, 1, 0, 0
427000, 14957, 1, 0, 0
427100, 14722, 1, 0, 0
427200, 19861, 1, 0, 0
427300, 17836, 1, 0, 0
427400, 13470, 1, 0, 0
427500, 15156, 1, 0, 0
427600, 16255, 1, 0, 0
427700, 14803, 1, 0, 0
427800, 15843, 1, 0, 0
427900, 13517, 1, 0, 0
428000, 14875, 1, 0, 0
428100, 16609, 1, 0, 0
428200, 13446, 1, 0, 0
428301, 13687, 1, 0, 0
428400, 17950, 1, 0, 0
428500, 16685, 1, 0, 0
428600, 15898, 1, 0, 0
428700, 13994, 1, 0, 0
428800, 15529, 1, 0, 0
428900, 17840, 1, 0, 0
429000, 18318, 1, 0, 0
429100, 16516, 1, 0, 0
429200, 14348, 1, 0, 0
429300, 14274, 1, 0, 0
429400, 13852, 1, 0, 0
429500, 17347, 1, 0, 0
429600, 13163, 1, 0, 0
429700, 15622, 1, 0, 0
429800, 13145, 1, 0, 0
429901, 14282, 1, 0, 0
430001, 18428, 1, 0, 0
430100, 15510, 1, 0, 0
430201, 13709, 1, 0, 0
430301, 17872, 1, 0, 0
430400, 18621, 1, 0, 0
430500, 15381, 1, 0, 0
430600, 15837, 1, 0, 0
430700, 14562, 1, 0, 0
430800, 15303, 1, 0, 0
430900, 18306, 1, 0, 0
431000, 18553, 1, 0, 0
431101, 15369, 1, 0, 0
431200, 17069, 1, 0, 0
431300, 16629, 1, 0, 0
431400, 16762, 1, 0, 0
431500, 14320, 1, 0, 0
431600, 15222, 1, 0, 0
431700, 18079, 1, 0, 0
431800, 14331, 1, 0, 0
431900, 14908, 1, 0, 0
432000, 18558, 1, 0, 0
432100, 15859, 1, 0, 0
432200, 15187, 1, 0, 0
432301, 16561, 1, 0, 0
432400, 17222, 1, 0, 0
432500, 15727, 1, 0, 0
432601, 17082, 1, 0, 0
432701, 14162, 1, 0, 0
432801, 15417, 1, 0, 0
432900, 18855, 1, 0, 0
433000, 14481, 1, 0, 0
433100, 15538, 1, 0, 0
433200, 13764, 1, 0, 0
433300, 14541, 1, 0, 0
433400, 13834, 1, 0, 0
433500, 14918, 1, 0, 0
433600, 13883, 1, 0, 0
433701, 17800, 1, 0, 0
433800, 15639, 1, 0, 0
433900, 14226, 1, 0, 0
434000, 13910, 1, 0, 0
434100, 20565, 1, 0, 0
434200, 15135, 1, 0, 0
434300, 19164, 1, 0, 0
434400, 17797, 1, 0, 0
434500, 19308, 1, 0, 0
434600, 15265, 1, 0, 0
434700, 14382, 1, 0, 0
434800, 15371, 1, 0, 0
434900, 14465, 1, 0, 0
435000, 19653, 1, 0, 0
435100, 14716, 1, 0, 0
435200, 19858, 1, 0, 0
435300, 14808, 1, 0, 0
435400, 15547, 1, 0, 0
435500, 16688, 1, 0, 0
435600, 14502, 1, 0, 0
435700, 17673, 1, 0, 0
435800, 19168, 1, 0, 0
435900, 18020, 1, 0, 0
436000, 13789, 1, 0, 0
436100, 12989, 1, 0, 0
436200, 15248, 1, 0, 0
436300, 16542, 1, 0, 0
436400, 15007, 1, 0, 0
436500, 16214, 1, 0, 0
436600, 13880, 1, 0, 0
436700, 17557, 1, 0, 0
436801, 17684, 1, 0, 0
436900, 15557, 1, 0, 0
437000, 17816, 1, 0, 0
437100, 14320, 1, 0, 0
437200, 14766, 1, 0, 0
437300, 15484, 1, 0, 0
437400, 17694, 1, 0, 0
437500, 16472, 1, 0, 0
437600, 17337, 1, 0, 0
437700, 15080, 1, 0, 0
437800, 12742, 1, 0, 0
437900, 15458, 1, 0, 0
438000, 15861, 1, 0, 0
438100, 19272, 1, 0, 0
438200, 14350, 1, 0, 0
438300, 13125, 1, 0, 0
438400, 15469, 1, 0, 0
438500, 15413, 1, 0, 0
438600, 16097, 1, 0, 0
438700, 16593, 1, 0, 0
438800, 13532, 1, 0, 0
438900, 16053, 1, 0, 0
439000, 18177, 1, 0, 0
439100, 16329, 1, 0, 0
439200, 14345, 1, 0, 0
439300, 15940, 1, 0, 0
439400, 13480, 1, 0, 0
439500, 18166, 1, 0, 0
439600, 17304, 1, 0, 0
439702, 14094, 1, 0, 0
439800, 14386, 1, 0, 0
439900, 14885, 1, 0, 0
440000, 17586, 1, 0, 0
440100, 18490, 1, 0, 0
440200, 15676, 1, 0, 0
440302, 19317, 1, 0, 0
440400, 13728, 1, 0, 0
440500, 14267, 1, 0, 0
440600, 13649, 1, 0, 0
440700, 15022, 1, 0, 0
440800, 13313, 1, 0, 0
440900, 14511, 1, 0, 0
441001, 16574, 1, 0, 0
441100, 15664, 1, 0, 0
441200, 17190, 1, 0, 0
441300, 12831, 1, 0, 0
441400, 13869, 1, 0, 0
441500, 14163, 1, 0, 0
441601, 15140, 1, 0, 0
441700, 15368, 1, 0, 0
441800, 15137, 1, 0, 0
441900, 13381, 1, 0, 0
442000, 15169, 1, 0, 0
442100, 15657, 1, 0, 0
442200, 13453, 1, 0, 0
442300, 12905, 1, 0, 0
442400, 18304, 1, 0, 0
442500, 14048, 1, 0, 0
442600, 14449, 1, 0, 0
442700, 16827, 1, 0, 0
442800, 14906, 1, 0, 0
442900, 14454, 1, 0, 0
443000, 14621, 1, 0, 0
443100, 15313, 1, 0, 0
443200, 15692, 1, 0, 0
443300, 14039, 1, 0, 0
443400, 17895, 1, 0, 0
443501, 15731, 1, 0, 0
443600, 14533, 1, 0, 0
443700, 18570, 1, 0, 0
443801, 12885, 1, 0, 0
443900, 15427, 1, 0, 0
444000, 14751, 1, 0, 0
444100, 15354, 1, 0, 0
444200, 15911, 1, 0, 0
444300, 16057, 1, 0, 0
444400, 16515, 1, 0, 0
444500, 17379, 1, 0, 0
444600, 17368, 1, 0, 0
444700, 15532, 1, 0, 0
444800, 16351, 1, 0, 0
444900, 17026, 1, 0, 0
445001, 15071, 1, 0, 0
445101, 12896, 1, 0, 0
445200, 13069, 1, 0, 0
445300, 13128, 1, 0, 0
445400, 15621, 1, 0, 0
445500, 14342, 1, 0, 0
445600, 12923, 1, 0, 0
445700, 17784, 1, 0, 0
445800, 15913, 1, 0, 0
445900, 14348, 1, 0, 0
446000, 18231, 1, 0, 0
446100, 14538, 1, 0, 0
446200, 17699, 1, 0, 0
446300, 18478, 1, 0, 0
446400, 16060, 1, 0, 0
446501, 17014, 1, 0, 0
446601, 15610, 1, 0, 0
446701, 18160, 1, 0, 0
446801, 15530, 1, 0, 0
446901, 16459, 1, 0, 0
447000, 13929, 1, 0, 0
447100, 16108, 1, 0, 0
447200, 13095, 1, 0, 0
447300, 14633, 1, 0, 0
447400, 17055, 1, 0, 0
447500, 14623, 1, 0, 0
447601, 16774, 1, 0, 0
447700, 17040, 1, 0, 0
447801, 17315, 1, 0, 0
447900, 20768, 1, 0, 0
448000, 16670, 1, 0, 0
448100, 16233, 1, 0, 0
448200, 17281, 1, 0, 0
448300, 17836, 1, 0, 0
448400, 15273, 1, 0, 0
448500, 14399, 1, 0, 0
448600, 17310, 1, 0, 0
448700, 16261, 1, 0, 0
448800, 17232, 1, 0, 0
448900, 15117, 1, 0, 0
449000, 14902, 1, 0, 0
449100, 17711, 1, 0, 0
449200, 20043, 1, 0, 0
449300, 19222, 1, 0, 0
449400, 17124, 1, 0, 0
449500, 19356, 1, 0, 0
449601, 16759, 1, 0, 0
449700, 15535, 1, 0, 0
449800, 15291, 1, 0, 0
449900, 13657, 1, 0, 0
450000, 14889, 1, 0, 0
450100, 18623, 1, 0, 0
450201, 17316, 1, 0, 0
450300, 16099, 1, 0, 0
450400, 15339, 1, 0, 0
450500, 14227, 1, 0, 0
450600, 16445, 1, 0, 0
450700, 13695, 1, 0, 0
450800, 15169, 1, 0, 0
450900, 17635, 1, 0, 0
451000, 18390, 1, 0, 0
451101, 20349, 1, 0, 0
451200, 17681, 1, 0, 0
451300, 18498, 1, 0, 0
451400, 20341, 1, 0, 0
451500, 14144, 1, 0, 0
451600, 17312, 1, 0, 0
451700, 18866, 1, 0, 0
451800, 18445, 1, 0, 0
451900, 16732, 1, 0, 0
452001, 13353, 1, 0, 0
452100, 16868, 1, 0, 0
452200, 14564, 1, 0, 0
452300, 21055, 1, 0, 0
452400, 16052, 1, 0, 0
452500, 20280, 1, 0, 0
452600, 20011, 1, 0, 0
452700, 17389, 1, 0, 0
452800, 18345, 1, 0, 0
452900, 15330, 1, 0, 0
453000, 17172, 1, 0, 0
453100, 16735, 1, 0, 0
453200, 15932, 1, 0, 0
453300, 14850, 1, 0, 0
453400, 15439, 1, 0, 0
453500, 13839, 1, 0, 0
453600, 14550, 1, 0, 0
453700, 17651, 1, 0, 0
453800, 15598, 1, 0, 0
453900, 14575, 1, 0, 0
454001, 21569, 1, 0, 0
454100, 15712, 1, 0, 0
454200, 16415, 1, 0, 0
454300, 13486, 1, 0, 0
454400, 14690, 1, 0, 0
454500, 18364, 1, 0, 0
454600, 14187, 1, 0, 0
454700, 15689, 1, 0, 0
454800, 15300, 1, 0, 0
454900, 13414, 1, 0, 0
455000, 18217, 1, 0, 0
455100, 15902, 1, 0, 0
455200, 14999, 1, 0, 0
455300, 17363, 1, 0, 0
455400, 15283, 1, 0, 0
455500, 15251, 1, 0, 0
455600, 17184, 1, 0, 0
455700, 14545, 1, 0, 0
455800, 13430, 1, 0, 0
455900, 14901, 1, 0, 0
456000, 13805, 1, 0, 0
456100, 16033, 1, 0, 0
456200, 17891, 1, 0, 0
456301, 14023, 1, 0, 0
456400, 14788, 1, 0, 0
456500, 15383, 1, 0, 0
456600, 18259, 1, 0, 0
456700, 15873, 1, 0, 0
456800, 17191, 1, 0, 0
456900, 14577, 1, 0, 0
457000, 13525, 1, 0, 0
457100, 14476, 1, 0, 0
457200, 15677, 1, 0, 0
457300, 15078, 1, 0, 0
457400, 16119, 1, 0, 0
457500, 16561, 1, 0, 0
457600, 17572, 1, 0, 0
457700, 15078, 1, 0, 0
457800, 15000, 1, 0, 0
457900, 13974, 1, 0, 0
458000, 14690, 1, 0, 0
458100, 17803, 1, 0, 0
458200, 15565, 1, 0, 0
458300, 14564, 1, 0, 0
458400, 13865, 1, 0, 0
458500, 17824, 1, 0, 0
458600, 17008, 1, 0, 0
458700, 18650, 1, 0, 0
458800, 16286, 1, 0, 0
458900, 14992, 1, 0, 0
459000, 13371, 1, 0, 0
459100, 15604, 1, 0, 0
459200, 17280, 1, 0, 0
459300, 17536, 1, 0, 0
459400, 16910, 1, 0, 0
459500, 15905, 1, 0, 0
459600, 14341, 1, 0, 0
459700, 19278, 1, 0, 0
459800, 13805, 1, 0, 0
459900, 16017, 1, 0, 0
460000, 14322, 1, 0, 0
460100, 19310, 1, 0, 0
460200, 15909, 1, 0, 0
460300, 14339, 1, 0, 0
460400, 14491, 1, 0, 0
460500, 16145, 1, 0, 0
460600, 16138, 1, 0, 0
460700, 14450, 1, 0, 0
460800, 15083, 1, 0, 0
460900, 13663, 1, 0, 0
461000, 14078, 1, 0, 0
461101, 15341, 1, 0, 0
461201, 15652, 1, 0, 0
461300, 18042, 1, 0, 0
461400, 19092, 1, 0, 0
461500, 15162, 1, 0, 0
461600, 15055, 1, 0, 0
461700, 13683, 1, 0, 0
461800, 18392, 1, 0, 0
461900, 20277, 1, 0, 0
462002, 16415, 1, 0, 0
462100, 17070, 1, 0, 0
462200, 14768, 1, 0, 0
462300, 14431, 1, 0, 0
462400, 15403, 1, 0, 0
462500, 16149, 1, 0, 0
462600, 17688, 1, 0, 0
462700, 17129, 1, 0, 0
462800, 14530, 1, 0, 0
462901, 16003, 1, 0, 0
463000, 14753, 1, 0, 0
463100, 16353, 1, 0, 0
463200, 16085, 1, 0, 0
463300, 15392, 1, 0, 0
463400, 15491, 1, 0, 0
463500, 18156, 1, 0, 0
463600, 13384, 1, 0, 0
463701, 12670, 1, 0, 0
463800, 22148, 1, 0, 0
463900, 19083, 1, 0, 0
464000, 17372, 1, 0, 0
464100, 13815, 1, 0, 0
464200, 14222, 1, 0, 0
464300, 18012, 1, 0, 0
464400, 17637, 1, 0, 0
464500, 17440, 1, 0, 0
464600, 14235, 1, 0, 0
464700, 15690, 1, 0, 0
464800, 17497, 1, 0, 0
464900, 20088, 1, 0, 0
465000, 16288, 1, 0, 0
465100, 14962, 1, 0, 0
465200, 13452, 1, 0, 0
465300, 12119, 1, 0, 0
465400, 13030, 1, 0, 0
465500, 15715, 1, 0, 0
465600, 15658, 1, 0, 0
465700, 16029, 1, 0, 0
465800, 15586, 1, 0, 0
465900, 15579, 1, 0, 0
466000, 13977, 1, 0, 0
466100, 13723, 1, 0, 0
466200, 14954, 1, 0, 0
466300, 13231, 1, 0, 0
466400, 15497, 1, 0, 0
466500, 13770, 1, 0, 0
466600, 14829, 1, 0, 0
466701, 16468, 1, 0, 0
466800, 15149, 1, 0, 0
466900, 14972, 1, 0, 0
467000, 14006, 1, 0, 0
467100, 15315, 1, 0, 0
467200, 18722, 1, 0, 0
467300, 19640, 1, 0, 0
467400, 13988, 1, 0, 0
467500, 14606, 1, 0, 0
467600, 14568, 1, 0, 0
467700, 16460, 1, 0, 0
467800, 16707, 1, 0, 0
467901, 17079, 1, 0, 0
468000, 15817, 1, 0, 0
468100, 17800, 1, 0, 0
468200, 14443, 1, 0, 0
468300, 14908, 1, 0, 0
468400, 14610, 1, 0, 0
468500, 17802, 1, 0, 0
468602, 18545, 1, 0, 0
468700, 15996, 1, 0, 0
468800, 17052, 1, 0, 0
468900, 14668, 1, 0, 0
469000, 16970, 1, 0, 0
469100, 15195, 1, 0, 0
469200, 14224, 1, 0, 0
469300, 17600, 1, 0, 0
469400, 18304, 1, 0, 0
469500, 17283, 1, 0, 0
469600, 19091, 1, 0, 0
469700, 15817, 1, 0, 0
469800, 14203, 1, 0, 0
469900, 17346, 1, 0, 0
470001, 15384, 1, 0, 0
470101, 15677, 1, 0, 0
470200, 14105, 1, 0, 0
470300, 16376, 1, 0, 0
470400, 15040, 1, 0, 0
470500, 15653, 1, 0, 0
470600, 17025, 1, 0, 0
470700, 15285, 1, 0, 0
470800, 14646, 1, 0, 0
470900, 19087, 1, 0, 0
471000, 21119, 1, 0, 0
471100, 13053, 1, 0, 0
471201, 14874, 1, 0, 0
471300, 15666, 1, 0, 0
471400, 15319, 1, 0, 0
471500, 14316, 1, 0, 0
471600, 13933, 1, 0, 0
471700, 14395, 1, 0, 0
471800, 19395, 1, 0, 0
471900, 15281, 1, 0, 0
472000, 16266, 1, 0, 0
472100, 13829, 1, 0, 0
472200, 19394, 1, 0, 0
472300, 12728, 1, 0, 0
472400, 15787, 1, 0, 0
472500, 16415, 1, 0, 0
472600, 18124, 1, 0, 0
472700, 20161, 1, 0, 0
472801, 15299, 1, 0, 0
472901, 15605, 1, 0, 0
473000, 15331, 1, 0, 0
473100, 14372, 1, 0, 0
473200, 16572, 1, 0, 0
473300, 17312, 1, 0, 0
473400, 15245, 1, 0, 0
473500, 15198, 1, 0, 0
473600, 15870, 1, 0, 0
473700, 16256, 1, 0, 0
473800, 16149, 1, 0, 0
473900, 17992, 1, 0, 0
474000, 16440, 1, 0, 0
474100, 15168, 1, 0, 0
474200, 14899, 1, 0, 0
474300, 14000, 1, 0, 0
474400, 15846, 1, 0, 0
474500, 15943, 1, 0, 0
474600, 15735, 1, 0, 0
474700, 12939, 1, 0, 0
474800, 16026, 1, 0, 0
474900, 17545, 1, 0, 0
475000, 15140, 1, 0, 0
475100, 16047, 1, 0, 0
475200, 13484, 1, 0, 0
475300, 20423, 1, 0, 0
475400, 16901, 1, 0, 0
475500, 14810, 1, 0, 0
475600, 13765, 1, 0, 0
475700, 15592, 1, 0, 0
475800, 16047, 1, 0, 0
475900, 15812, 1, 0, 0
476000, 14905, 1, 0, 0
476100, 15155, 1, 0, 0
476200, 19889, 1, 0, 0
476300, 17361, 1, 0, 0
476400, 16719, 1, 0, 0
476500, 14435, 1, 0, 0
476601, 15215, 1, 0, 0
476701, 19247, 1, 0, 0
476800, 14338, 1, 0, 0
476900, 15568, 1, 0, 0
477000, 15382, 1, 0, 0
477100, 19080, 1, 0, 0
477200, 16264, 1, 0, 0
477300, 16827, 1, 0, 0
477400, 15982, 1, 0, 0
477500, 15558, 1, 0, 0
477601, 15832, 1, 0, 0
477700, 17393, 1, 0, 0
477800, 14314, 1, 0, 0
477900, 16549, 1, 0, 0
478000, 15287, 1, 0, 0
478100, 15309, 1, 0, 0
478200, 19396, 1, 0, 0
478300, 18558, 1, 0, 0
478400, 14911, 1, 0, 0
478500, 15983, 1, 0, 0
478600, 15783, 1, 0, 0
478701, 13629, 1, 0, 0
478800, 15827, 1, 0, 0
478900, 15589, 1, 0, 0
479000, 16080, 1, 0, 0
479100, 16213, 1, 0, 0
479200, 15001, 1, 0, 0
479300, 16468, 1, 0, 0
479400, 15764, 1, 0, 0
479500, 13567, 1, 0, 0
479600, 14608, 1, 0, 0
479700, 17081, 1, 0, 0
479800, 15782, 1, 0, 0
479900, 15104, 1, 0, 0
480000, 13753, 1, 0, 0
480100, 15677, 1, 0, 0
480201, 17113, 1, 0, 0
480300, 13393, 1, 0, 0
480400, 18800, 1, 0, 0
480500, 16210, 1, 0, 0
480600, 16192, 1, 0, 0
480700, 17186, 1, 0, 0
480800, 15045, 1, 0, 0
480900, 15362, 1, 0, 0
481000, 15216, 1, 0, 0
481100, 18299, 1, 0, 0
481200, 20833, 1, 0, 0
481301, 13729, 1, 0, 0
481400, 14488, 1, 0, 0
481500, 14905, 1, 0, 0
481600, 13806, 1, 0, 0
481700, 13714, 1, 0, 0
481800, 13906, 1, 0, 0
481900, 15261, 1, 0, 0
482000, 18735, 1, 0, 0
482100, 15709, 1, 0, 0
482201, 16996, 1, 0, 0
482300, 15104, 1, 0, 0
482400, 14997, 1, 0, 0
482501, 17639, 1, 0, 0
482600, 17969, 1, 0, 0
482700, 19185, 1, 0, 0
482800, 17339, 1, 0, 0
482900, 13679, 1, 0, 0
483000, 15794, 1, 0, 0
483100, 17323, 1, 0, 0
483200, 15634, 1, 0, 0
483300, 15698, 1, 0, 0
483400, 14825, 1, 0, 0
483500, 15288, 1, 0, 0
483600, 18795, 1, 0, 0
483700, 15789, 1, 0, 0
483800, 14259, 1, 0, 0
483900, 17623, 1, 0, 0
484000, 18536, 1, 0, 0
484100, 13500, 1, 0, 0
484200, 13524, 1, 0, 0
484300, 15261, 1, 0, 0
484400, 14654, 1, 0, 0
484500, 18409, 1, 0, 0
484600, 17243, 1, 0, 0
484700, 13597, 1, 0, 0
484800, 14520, 1, 0, 0
484900, 18616, 1, 0, 0
485000, 15161, 1, 0, 0
485100, 16802, 1, 0, 0
485200, 17620, 1, 0, 0
485300, 16424, 1, 0, 0
485400, 16899, 1, 0, 0
485500, 14877, 1, 0, 0
485600, 18079, 1, 0, 0
485700, 18322, 1, 0, 0
485800, 16403, 1, 0, 0
485900, 17966, 1, 0, 0
486000, 13269, 1, 0, 0
486100, 14409, 1, 0, 0
486200, 15747, 1, 0, 0
486300, 14835, 1, 0, 0
486400, 18178, 1, 0, 0
486500, 13062, 1, 0, 0
486600, 16878, 1, 0, 0
486700, 15564, 1, 0, 0
486800, 12755, 1, 0, 0
486900, 16170, 1, 0, 0
487000, 15968, 1, 0, 0
487100, 16421, 1, 0, 0
487200, 16729, 1, 0, 0
487300, 14605, 1, 0, 0
487400, 16913, 1, 0, 0
487500, 14046, 1, 0, 0
487600, 17698, 1, 0, 0
487700, 17298, 1, 0, 0
487800, 14949, 1, 0, 0
487900, 17146, 1, 0, 0
488000, 19162, 1, 0, 0
488100, 16275, 1, 0, 0
488200, 15747, 1, 0, 0
488300, 16672, 1, 0, 0
488400, 17323, 1, 0, 0
488500, 19416, 1, 0, 0
488600, 13780, 1, 0, 0
488700, 14903, 1, 0, 0
488800, 17019, 1, 0, 0
488900, 15377, 1, 0, 0
489000, 15761, 1, 0, 0
489100, 13558, 1, 0, 0
489200, 18315, 1, 0, 0
489300, 14410, 1, 0, 0
489400, 17237, 1, 0, 0
489500, 16863, 1, 0, 0
489600, 19478, 1, 0, 0
489700, 17931, 1, 0, 0
489801, 19004, 1, 0, 0
489900, 13775, 1, 0, 0
490000, 14425, 1, 0, 0
490100, 19524, 1, 0, 0
490200, 15698, 1, 0, 0
490300, 16567, 1, 0, 0
490400, 18228, 1, 0, 0
490500, 13073, 1, 0, 0
490600, 16056, 1, 0, 0
490700, 15879, 1, 0, 0
490800, 17352, 1, 0, 0
490900, 16692, 1, 0, 0
491000, 14785, 1, 0, 0
491100, 15734, 1, 0, 0
491200, 15044, 1, 0, 0
491300, 15512, 1, 0, 0
491401, 17553, 1, 0, 0
491500, 16492, 1, 0, 0
491600, 17541, 1, 0, 0
491700, 15218, 1, 0, 0
491800, 15859, 1, 0, 0
491900, 13009, 1, 0, 0
492000, 13622, 1, 0, 0
492100, 14628, 1, 0, 0
492201, 17341, 1, 0, 0
492300, 17609, 1, 0, 0
492400, 16889, 1, 0, 0
492500, 18135, 1, 0, 0
492600, 20540, 1, 0, 0
492700, 17559, 1, 0, 0
492800, 12703, 1, 0, 0
492900, 15368, 1, 0, 0
493000, 14611, 1, 0, 0
493100, 17997, 1, 0, 0
493200, 14781, 1, 0, 0
493300, 15594, 1, 0, 0
493400, 14935, 1, 0, 0
493500, 14972, 1, 0, 0
493600, 18610, 1, 0, 0
493700, 17804, 1, 0, 0
493800, 16626, 1, 0, 0
493900, 16663, 1, 0, 0
494000, 14782, 1, 0, 0
494101, 14948, 1, 0, 0
494200, 17287, 1, 0, 0
494300, 18632, 1, 0, 0
494400, 15542, 1, 0, 0
494502, 16222, 1, 0, 0
494600, 13649, 1, 0, 0
494700, 14923, 1, 0, 0
494800, 15634, 1, 0, 0
494900, 14145, 1, 0, 0
495000, 16748, 1, 0, 0
495100, 13745, 1, 0, 0
495200, 16457, 1, 0, 0
495300, 18929, 1, 0, 0
495402, 15915, 1, 0, 0
495500, 16750, 1, 0, 0
495600, 15565, 1, 0, 0
495700, 15158, 1, 0, 0
495800, 15396, 1, 0, 0
495901, 16253, 1, 0, 0
496001, 16796, 1, 0, 0
496100, 14967, 1, 0, 0
496200, 15910, 1, 0, 0
496300, 19832, 1, 0, 0
496400, 16504, 1, 0, 0
496500, 15048, 1, 0, 0
496600, 16606, 1, 0, 0
496700, 15306, 1, 0, 0
496800, 17378, 1, 0, 0
496900, 18959, 1, 0, 0
497000, 13974, 1, 0, 0
497100, 18146, 1, 0, 0
497200, 18624, 1, 0, 0
497300, 15964, 1, 0, 0
497400, 16763, 1, 0, 0
497500, 16843, 1, 0, 0
497600, 14642, 1, 0, 0
497700, 16998, 1, 0, 0
497800, 17910, 1, 0, 0
497900, 18624, 1, 0, 0
498000, 15616, 1, 0, 0
498101, 13789, 1, 0, 0
498200, 20599, 1, 0, 0
498300, 13501, 1, 0, 0
498400, 13623, 1, 0, 0
498500, 14657, 1, 0, 0
498600, 13914, 1, 0, 0
498700, 17208, 1, 0, 0
498800, 14962, 1, 0, 0
498900, 17956, 1, 0, 0
499000, 13070, 1, 0, 0
499100, 15536, 1, 0, 0
499200, 12857, 1, 0, 0
499300, 15089, 1, 0, 0
499401, 19902, 1, 0, 0
499500, 17304, 1, 0, 0
499600, 15620, 1, 0, 0
499700, 14526, 1, 0, 0
499800, 15845, 1, 0, 0
499900, 14441, 1, 0, 0
500000, 13244, 1, 0, 0
500100, 16550, 1, 0, 0
500200, 15639, 1, 0, 0
500300, 15865, 1, 0, 0
500400, 18379, 1, 0, 0
500500, 18866, 1, 0, 0
500600, 17583, 1, 0, 0
500700, 15862, 1, 0, 0
500800, 14540, 1, 0, 0
500900, 16088, 1, 0, 0
501000, 16943, 1, 0, 0
501100, 15885, 1, 0, 0
501200, 13894, 1, 0, 0
501300, 17771, 1, 0, 0
501400, 15813, 1, 0, 0
501500, 15213, 1, 0, 0
501600, 16216, 1, 0, 0
501700, 15505, 1, 0, 0
501800, 18475, 1, 0, 0
501900, 14921, 1, 0, 0
502000, 15615, 1, 0, 0
502100, 15210, 1, 0, 0
502200, 16471, 1, 0, 0
502300, 16533, 1, 0, 0
502400, 15453, 1, 0, 0
502500, 12340, 1, 0, 0
502600, 17713, 1, 0, 0
502701, 14739, 1, 0, 0
502800, 17307, 1, 0, 0
502900, 14661, 1, 0, 0
503000, 13171, 1, 0, 0
503100, 15934, 1, 0, 0
503200, 18404, 1, 0, 0
503300, 14030, 1, 0, 0
503401, 14806, 1, 0, 0
503500, 15425, 1, 0, 0
503600, 18501, 1, 0, 0
503700, 17362, 1, 0, 0
503800, 14590, 1, 0, 0
503900, 15922, 1, 0, 0
504000, 14655, 1, 0, 0
504100, 19287, 1, 0, 0
504200, 13735, 1, 0, 0
504300, 14104, 1, 0, 0
504400, 16594, 1, 0, 0
504500, 14617, 1, 0, 0
504600, 15035, 1, 0, 0
504700, 12749, 1, 0, 0
504800, 13510, 1, 0, 0
504900, 13912, 1, 0, 0
505000, 15156, 1, 0, 0
505100, 14342, 1, 0, 0
505200, 14599, 1, 0, 0
505300, 15237, 1, 0, 0
505400, 14885, 1, 0, 0
505501, 15876, 1, 0, 0
505600, 14514, 1, 0, 0
505700, 13906, 1, 0, 0
505800, 14784, 1, 0, 0
505900, 18950, 1, 0, 0
506000, 14855, 1, 0, 0
506100, 14704, 1, 0, 0
506200, 15210, 1, 0, 0
506300, 13514, 1, 0, 0
506400, 14804, 1, 0, 0
506500, 14000, 1, 0, 0
506601, 13065, 1, 0, 0
506700, 16664, 1, 0, 0
506801, 16158, 1, 0, 0
506900, 17179, 1, 0, 0
507000, 16028, 1, 0, 0
507100, 14286, 1, 0, 0
507200, 14803, 1, 0, 0
507300, 18717, 1, 0, 0
507401, 16540, 1, 0, 0
507500, 17443, 1, 0, 0
507600, 15839, 1, 0, 0
507700, 18755, 1, 0, 0
507800, 15441, 1, 0, 0
507900, 15870, 1, 0, 0
508000, 13721, 1, 0, 0
508101, 15968, 1, 0, 0
508200, 15211, 1, 0, 0
508300, 18290, 1, 0, 0
508400, 14407, 1, 0, 0
508500, 19643, 1, 0, 0
508600, 16381, 1, 0, 0
508700, 14911, 1, 0, 0
508800, 17393, 1, 0, 0
508900, 17614, 1, 0, 0
509000, 14730, 1, 0, 0
509100, 18154, 1, 0, 0
509200, 18201, 1, 0, 0
509300, 14617, 1, 0, 0
509400, 19567, 1, 0, 0
509500, 17453, 1, 0, 0
509600, 16019, 1, 0, 0
509700, 15234, 1, 0, 0
509800, 17009, 1, 0, 0
509900, 15697, 1, 0, 0
510001, 16411, 1, 0, 0
510100, 17640, 1, 0, 0
510200, 14628, 1, 0, 0
510300, 15459, 1, 0, 0
510400, 15509, 1, 0, 0
510500, 14407, 1, 0, 0
510600, 16590, 1, 0, 0
510700, 20017, 1, 0, 0
510800, 16144, 1, 0, 0
510901, 13524, 1, 0, 0
511000, 17013, 1, 0, 0
511100, 14427, 1, 0, 0
511200, 13497, 1, 0, 0
511301, 13685, 1, 0, 0
511400, 16234, 1, 0, 0
511500, 13660, 1, 0, 0
511600, 13780, 1, 0, 0
511700, 13374, 1, 0, 0
511800, 12778, 1, 0, 0
511900, 19301, 1, 0, 0
512000, 13234, 1, 0, 0
512100, 13616, 1, 0, 0
512200, 14165, 1, 0, 0
512300, 16212, 1, 0, 0
512400, 15477, 1, 0, 0
512500, 16408, 1, 0, 0
512600, 17785, 1, 0, 0
512700, 15522, 1, 0, 0
512801, 15329, 1, 0, 0
512900, 15911, 1, 0, 0
513000, 14073, 1, 0, 0
513100, 13000, 1, 0, 0
513200, 15552, 1, 0, 0
513300, 16958, 1, 0, 0
513400, 14706, 1, 0, 0
513500, 16207, 1, 0, 0
513600, 18463, 1, 0, 0
513700, 15028, 1, 0, 0
513800, 13446, 1, 0, 0
513900, 19472, 1, 0, 0
514000, 14589, 1, 0, 0
514100, 13355, 1, 0, 0
514200, 14316, 1, 0, 0
514300, 15813, 1, 0, 0
514400, 14767, 1, 0, 0
514500, 13443, 1, 0, 0
514600, 15771, 1, 0, 0
514701, 13763, 1, 0, 0
514800, 18029, 1, 0, 0
514900, 12848, 1, 0, 0
515000, 16557, 1, 0, 0
515100, 13089, 1, 0, 0
515200, 16709, 1, 0, 0
515300, 14446, 1, 0, 0
515400, 14399, 1, 0, 0
515500, 13378, 1, 0, 0
515600, 17632, 1, 0, 0
515700, 13557, 1, 0, 0
515800, 14212, 1, 0, 0
515901, 16747, 1, 0, 0
516000, 13877, 1, 0, 0
516100, 16295, 1, 0, 0
516200, 15092, 1, 0, 0
516300, 17802, 1, 0, 0
516400, 15737, 1, 0, 0
516500, 13447, 1, 0, 0
516600, 15932, 1, 0, 0
516700, 13677, 1, 0, 0
516800, 16831, 1, 0, 0
516901, 20180, 1, 0, 0
517000, 15293, 1, 0, 0
517100, 15159, 1, 0, 0
517200, 17737, 1, 0, 0
517300, 19124, 1, 0, 0
517400, 15369, 1, 0, 0
517500, 14863, 1, 0, 0
517601, 15399, 1, 0, 0
517700, 15708, 1, 0, 0
517800, 15934, 1, 0, 0
517900, 16174, 1, 0, 0
518000, 17982, 1, 0, 0
518100, 13850, 1, 0, 0
518200, 17242, 1, 0, 0
518300, 18583, 1, 0, 0
518400, 17118, 1, 0, 0
518500, 15942, 1, 0, 0
518600, 15023, 1, 0, 0
518700, 17183, 1, 0, 0
518800, 13640, 1, 0, 0
518900, 14838, 1, 0, 0
519000, 14251, 1, 0, 0
519100, 13761, 1, 0, 0
519201, 17416, 1, 0, 0
519300, 16369, 1, 0, 0
519400, 19087, 1, 0, 0
519500, 13652, 1, 0, 0
519600, 14208, 1, 0, 0
519700, 18989, 1, 0, 0
519800, 13296, 1, 0, 0
519900, 15405, 1, 0, 0
520000, 18570, 1, 0, 0
520101, 17897, 1, 0, 0
520200, 15744, 1, 0, 0
520300, 15779, 1, 0, 0
520400, 17887, 1, 0, 0
520500, 15785, 1, 0, 0
520600, 14509, 1, 0, 0
520700, 13106, 1, 0, 0
520800, 13268, 1, 0, 0
520902, 16459, 1, 0, 0
521000, 14625, 1, 0, 0
521100, 14103, 1, 0, 0
521200, 14935, 1, 0, 0
521300, 15355, 1, 0, 0
521400, 13845, 1, 0, 0
521500, 16873, 1, 0, 0
521600, 17227, 1, 0, 0
521700, 14002, 1, 0, 0
521800, 14533, 1, 0, 0
521900, 15041, 1, 0, 0
522000, 13275, 1, 0, 0
522100, 14146, 1, 0, 0
522200, 13296, 1, 0, 0
522300, 15099, 1, 0, 0
522400, 13515, 1, 0, 0
522500, 13169, 1, 0, 0
522600, 13930, 1, 0, 0
522700, 14210, 1, 0, 0
522800, 18089, 1, 0, 0
522900, 17071, 1, 0, 0
523000, 16512, 1, 0, 0
523101, 19378, 1, 0, 0
523200, 17981, 1, 0, 0
523300, 15289, 1, 0, 0
523400, 15358, 1, 0, 0
523500, 14277, 1, 0, 0
523600, 13124, 1, 0, 0
523700, 16939, 1, 0, 0
523800, 19191, 1, 0, 0
523900, 14134, 1, 0, 0
524000, 16326, 1, 0, 0
524100, 17870, 1, 0, 0
524200, 15830, 1, 0, 0
524300, 16874, 1, 0, 0
524400, 13384, 1, 0, 0
524500, 16102, 1, 0, 0
524600, 13862, 1, 0, 0
524700, 15205, 1, 0, 0
524800, 15012, 1, 0, 0
524900, 13959, 1, 0, 0
525000, 15571, 1, 0, 0
525100, 16581, 1, 0, 0
525200, 18867, 1, 0, 0
525300, 15483, 1, 0, 0
525400, 14531, 1, 0, 0
525500, 15959, 1, 0, 0
525600, 13188, 1, 0, 0
525700, 18118, 1, 0, 0
525800, 14078, 1, 0, 0
525901, 16521, 1, 0, 0
526000, 20535, 1, 0, 0
526100, 16017, 1, 0, 0
526200, 14085, 1, 0, 0
526300, 16062, 1, 0, 0
526400, 17089, 1, 0, 0
526500, 15490, 1, 0, 0
526600, 17142, 1, 0, 0
526700, 14414, 1, 0, 0
526800, 13769, 1, 0, 0
526900, 18702, 1, 0, 0
527000, 15048, 1, 0, 0
527100, 15782, 1, 0, 0
527200, 16596, 1, 0, 0
527300, 13389, 1, 0, 0
527400, 17435, 1, 0, 0
527500, 15159, 1, 0, 0
527600, 13721, 1, 0, 0
527700, 15328, 1, 0, 0
527800, 14205, 1, 0, 0
527900, 15907, 1, 0, 0
528000, 13697, 1, 0, 0
528100, 16888, 1, 0, 0
528200, 14875, 1, 0, 0
528300, 14973, 1, 0, 0
528400, 15463, 1, 0, 0
528501, 14621, 1, 0, 0
528600, 14248, 1, 0, 0
528700, 17306, 1, 0, 0
528800, 17563, 1, 0, 0
528900, 19548, 1, 0, 0
529000, 13195, 1, 0, 0
529100, 14766, 1, 0, 0
529200, 15011, 1, 0, 0
529301, 13079, 1, 0, 0
529400, 13691, 1, 0, 0
529500, 13865, 1, 0, 0
529600, 18124, 1, 0, 0
529700, 16248, 1, 0, 0
529801, 14774, 1, 0, 0
529900, 14514, 1, 0, 0
530001, 17547, 1, 0, 0
530100, 13642, 1, 0, 0
530200, 14225, 1, 0, 0
530300, 14866, 1, 0, 0
530401, 17049, 1, 0, 0
530500, 14629, 1, 0, 0
530600, 15331, 1, 0, 0
530700, 18871, 1, 0, 0
530800, 13312, 1, 0, 0
530900, 13589, 1, 0, 0
531001, 14210, 1, 0, 0
531100, 13851, 1, 0, 0
531200, 13590, 1, 0, 0
531300, 14753, 1, 0, 0
531400, 14889, 1, 0, 0
531500, 16663, 1, 0, 0
531600, 13128, 1, 0, 0
531700, 13117, 1, 0, 0
531800, 14949, 1, 0, 0
531900, 20568, 1, 0, 0
532000, 16063, 1, 0, 0
532100, 18316, 1, 0, 0
532200, 17394, 1, 0, 0
532300, 16402, 1, 0, 0
532400, 15713, 1, 0, 0
532500, 15784, 1, 0, 0
532600, 14300, 1, 0, 0
532700, 17579, 1, 0, 0
532801, 16834, 1, 0, 0
532900, 14205, 1, 0, 0
533000, 12850, 1, 0, 0
533102, 16253, 1, 0, 0
533200, 13029, 1, 0, 0
533300, 17737, 1, 0, 0
533400, 17530, 1, 0, 0
533500, 17591, 1, 0, 0
533600, 14303, 1, 0, 0
533700, 14981, 1, 0, 0
533800, 18201, 1, 0, 0
533902, 15583, 1, 0, 0
534002, 16074, 1, 0, 0
534100, 15925, 1, 0, 0
534200, 15188, 1, 0, 0
534301, 17553, 1, 0, 0
534400, 16843, 1, 0, 0
534500, 14499, 1, 0, 0
534600, 17609, 1, 0, 0
534700, 16136, 1, 0, 0
534800, 16441, 1, 0, 0
534900, 13589, 1, 0, 0
535000, 17124, 1, 0, 0
535100, 13919, 1, 0, 0
535201, 16251, 1, 0, 0
535300, 15540, 1, 0, 0
535400, 20168, 1, 0, 0
535500, 19801, 1, 0, 0
535600, 18751, 1, 0, 0
535700, 15678, 1, 0, 0
535800, 14135, 1, 0, 0
535900, 14815, 1, 0, 0
536000, 14798, 1, 0, 0
536100, 14980, 1, 0, 0
536200, 14050, 1, 0, 0
536300, 17616, 1, 0, 0
536400, 14372, 1, 0, 0
536500, 14154, 1, 0, 0
536600, 14864, 1, 0, 0
536700, 15046, 1, 0, 0
536800, 15481, 1, 0, 0
536900, 15466, 1, 0, 0
537000, 15733, 1, 0, 0
537100, 16331, 1, 0, 0
537200, 14279, 1, 0, 0
537300, 15718, 1, 0, 0
537400, 16095, 1, 0, 0
537500, 15498, 1, 0, 0
537601, 15221, 1, 0, 0
537701, 18031, 1, 0, 0
537800, 18071, 1, 0, 0
537900, 19075, 1, 0, 0
538000, 18659, 1, 0, 0
538100, 14854, 1, 0, 0
538200, 15446, 1, 0, 0
538300, 14150, 1, 0, 0
538400, 15419, 1, 0, 0
538500, 14584, 1, 0, 0
538600, 14496, 1, 0, 0
538700, 19241, 1, 0, 0
538800, 16151, 1, 0, 0
538900, 14355, 1, 0, 0
539000, 14746, 1, 0, 0
539100, 17329, 1, 0, 0
539201, 15439, 1, 0, 0
539300, 18970, 1, 0, 0
539400, 16184, 1, 0, 0
539501, 16539, 1, 0, 0
539600, 14487, 1, 0, 0
539700, 17347, 1, 0, 0
539800, 19599, 1, 0, 0
539900, 20131, 1, 0, 0
540000, 20538, 1, 0, 0
540100, 15670, 1, 0, 0
540200, 14304, 1, 0, 0
540300, 18306, 1, 0, 0
540400, 16314, 1, 0, 0
540500, 16468, 1, 0, 0
540600, 14992, 1, 0, 0
540700, 15387, 1, 0, 0
540800, 16027, 1, 0, 0
540900, 16485, 1, 0, 0
541000, 16308, 1, 0, 0
541100, 17795, 1, 0, 0
541200, 18737, 1, 0, 0
541300, 15840, 1, 0, 0
541400, 16278, 1, 0, 0
541500, 17560, 1, 0, 0
541600, 17556, 1, 0, 0
541700, 19015, 1, 0, 0
541800, 15987, 1, 0, 0
541900, 16787, 1, 0, 0
542001, 14874, 1, 0, 0
542100, 15555, 1, 0, 0
542200, 19456, 1, 0, 0
542300, 14975, 1, 0, 0
542400, 13203, 1, 0, 0
542500, 15584, 1, 0, 0
542600, 17143, 1, 0, 0
542700, 15469, 1, 0, 0
542800, 14706, 1, 0, 0
542900, 18766, 1, 0, 0
543000, 15991, 1, 0, 0
543100, 17246, 1, 0, 0
543200, 16416, 1, 0, 0
543300, 17325, 1, 0, 0
543400, 15065, 1, 0, 0
543500, 14126, 1, 0, 0
543600, 17041, 1, 0, 0
543700, 15807, 1, 0, 0
543800, 16132, 1, 0, 0
543900, 19107, 1, 0, 0
544000, 17841, 1, 0, 0
544100, 14255, 1, 0, 0
544200, 13311, 1, 0, 0
544300, 13449, 1, 0, 0
544400, 14800, 1, 0, 0
544500, 14952, 1, 0, 0
544600, 14037, 1, 0, 0
544700, 18053, 1, 0, 0
544800, 17273, 1, 0, 0
544900, 14750, 1, 0, 0
545000, 14620, 1, 0, 0
545100, 17143, 1, 0, 0
545200, 15774, 1, 0, 0
545300, 16747, 1, 0, 0
545400, 14381, 1, 0, 0
545500, 16078, 1, 0, 0
545600, 17909, 1, 0, 0
545700, 15216, 1, 0, 0
545800, 15795, 1, 0, 0
545900, 13828, 1, 0, 0
546000, 14984, 1, 0, 0
546100, 16663, 1, 0, 0
546200, 15378, 1, 0, 0
546300, 17162, 1, 0, 0
546400, 16163, 1, 0, 0
546500, 12859, 1, 0, 0
546600, 16195, 1, 0, 0
546700, 17218, 1, 0, 0
546800, 17288, 1, 0, 0
546900, 15590, 1, 0, 0
547000, 17484, 1, 0, 0
547100, 14400, 1, 0, 0
547200, 16472, 1, 0, 0
547300, 14587, 1, 0, 0
547400, 15895, 1, 0, 0
547500, 15934, 1, 0, 0
547600, 15126, 1, 0, 0
547700, 14371, 1, 0, 0
547800, 17873, 1, 0, 0
547900, 15438, 1, 0, 0
548000, 20942, 1, 0, 0
548100, 20770, 1, 0, 0
548200, 17047, 1, 0, 0
548300, 14723, 1, 0, 0
548400, 16771, 1, 0, 0
548500, 15466, 1, 0, 0
548600, 13565, 1, 0, 0
548700, 18097, 1, 0, 0
548800, 14609, 1, 0, 0
548900, 20961, 1, 0, 0
549000, 14684, 1, 0, 0
549100, 16682, 1, 0, 0
549200, 17922, 1, 0, 0
549301, 17809, 1, 0, 0
549400, 16291, 1, 0, 0
549500, 13997, 1, 0, 0
549600, 17370, 1, 0, 0
549700, 16070, 1, 0, 0
549801, 15549, 1, 0, 0
549900, 14390, 1, 0, 0
550000, 12295, 1, 0, 0
550100, 15513, 1, 0, 0
550200, 15806, 1, 0, 0
550300, 15114, 1, 0, 0
550400, 15682, 1, 0, 0
550500, 13732, 1, 0, 0
550600, 13750, 1, 0, 0
550700, 17414, 1, 0, 0
550800, 14570, 1, 0, 0
550900, 15782, 1, 0, 0
551000, 20823, 1, 0, 0
551100, 16533, 1, 0, 0
551200, 18542, 1, 0, 0
551300, 18224, 1, 0, 0
551400, 13220, 1, 0, 0
551500, 14420, 1, 0, 0
551600, 16057, 1, 0, 0
551700, 17636, 1, 0, 0
551800, 17812, 1, 0, 0
551900, 17517, 1, 0, 0
552000, 16160, 1, 0, 0
552100, 16156, 1, 0, 0
552201, 14217, 1, 0, 0
552300, 13906, 1, 0, 0
552400, 17216, 1, 0, 0
552500, 19432, 1, 0, 0
552600, 14890, 1, 0, 0
552700, 13598, 1, 0, 0
552800, 14399, 1, 0, 0
552900, 13982, 1, 0, 0
553000, 13802, 1, 0, 0
553100, 14782, 1, 0, 0
553200, 15621, 1, 0, 0
553300, 13799, 1, 0, 0
553400, 16206, 1, 0, 0
553500, 16604, 1, 0, 0
553600, 15290, 1, 0, 0
553700, 14411, 1, 0, 0
553800, 16512, 1, 0, 0
553900, 18833, 1, 0, 0
554000, 16398, 1, 0, 0
554100, 15448, 1, 0, 0
554200, 17204, 1, 0, 0
554300, 20027, 1, 0, 0
554401, 14570, 1, 0, 0
554500, 13566, 1, 0, 0
554600, 16734, 1, 0, 0
554700, 13871, 1, 0, 0
554800, 15606, 1, 0, 0
554901, 15530, 1, 0, 0
555000, 14861, 1, 0, 0
555100, 18165, 1, 0, 0
555200, 14311, 1, 0, 0
555300, 15868, 1, 0, 0
555400, 18688, 1, 0, 0
555500, 18352, 1, 0, 0
555600, 14562, 1, 0, 0
555700, 18366, 1, 0, 0
555800, 15054, 1, 0, 0
555901, 18230, 1, 0, 0
556000, 17160, 1, 0, 0
556100, 15336, 1, 0, 0
556200, 17087, 1, 0, 0
556300, 14397, 1, 0, 0
556400, 15723, 1, 0, 0
556500, 14287, 1, 0, 0
556600, 14267, 1, 0, 0
556700, 21565, 1, 0, 0
556801, 13376, 1, 0, 0
556900, 14663, 1, 0, 0
557000, 15045, 1, 0, 0
557100, 16281, 1, 0, 0
557200, 13641, 1, 0, 0
557300, 14118, 1, 0, 0
557400, 15310, 1, 0, 0
557500, 19804, 1, 0, 0
557600, 18178, 1, 0, 0
557700, 17997, 1, 0, 0
557800, 15216, 1, 0, 0
557901, 15591, 1, 0, 0
558000, 15875, 1, 0, 0
558100, 13892, 1, 0, 0
558200, 18832, 1, 0, 0
558300, 15660, 1, 0, 0
558400, 13763, 1, 0, 0
558500, 15346, 1, 0, 0
558600, 16598, 1, 0, 0
558700, 15215, 1, 0, 0
558800, 15262, 1, 0, 0
558900, 14167, 1, 0, 0
559000, 14621, 1, 0, 0
559100, 15657, 1, 0, 0
559200, 15351, 1, 0, 0
559300, 14787, 1, 0, 0
559400, 13142, 1, 0, 0
559500, 17153, 1, 0, 0
559600, 15402, 1, 0, 0
559700, 15426, 1, 0, 0
559800, 14391, 1, 0, 0
559900, 15209, 1, 0, 0
560000, 13822, 1, 0, 0
560100, 16443, 1, 0, 0
560201, 13071, 1, 0, 0
560300, 15206, 1, 0, 0
560400, 17281, 1, 0, 0
560500, 18428, 1, 0, 0
560600, 17750, 1, 0, 0
560700, 18579, 1, 0, 0
560800, 17626, 1, 0, 0
560900, 18432, 1, 0, 0
561000, 16272, 1, 0, 0
561101, 15413, 1, 0, 0
561200, 15284, 1, 0, 0
561300, 14993, 1, 0, 0
561400, 18441, 1, 0, 0
561500, 17428, 1, 0, 0
561600, 13228, 1, 0, 0
561700, 14582, 1, 0, 0
561800, 15402, 1, 0, 0
561900, 16154, 1, 0, 0
562000, 14941, 1, 0, 0
562100, 14273, 1, 0, 0
562200, 17632, 1, 0, 0
562300, 15452, 1, 0, 0
562400, 16575, 1, 0, 0
562500, 19965, 1, 0, 0
562600, 14162, 1, 0, 0
562700, 14844, 1, 0, 0
562800, 18214, 1, 0, 0
562900, 13891, 1, 0, 0
563000, 13186, 1, 0, 0
563100, 18219, 1, 0, 0
563200, 16099, 1, 0, 0
563300, 14057, 1, 0, 0
563400, 14961, 1, 0, 0
563500, 18424, 1, 0, 0
563600, 14152, 1, 0, 0
563700, 18146, 1, 0, 0
563800, 18450, 1, 0, 0
563900, 16302, 1, 0, 0
564000, 14428, 1, 0, 0
564100, 13618, 1, 0, 0
564200, 13080, 1, 0, 0
564300, 13578, 1, 0, 0
564400, 13890, 1, 0, 0
564500, 16649, 1, 0, 0
564600, 14894, 1, 0, 0
564700, 17003, 1, 0, 0
564800, 15914, 1, 0, 0
564900, 14971, 1, 0, 0
565000, 17391, 1, 0, 0
565100, 17662, 1, 0, 0
565200, 13725, 1, 0, 0
565300, 16521, 1, 0, 0
565400, 17821, 1, 0, 0
565500, 13957, 1, 0, 0
565600, 15707, 1, 0, 0
565701, 16514, 1, 0, 0
565800, 14464, 1, 0, 0
565900, 16741, 1, 0, 0
566001, 17653, 1, 0, 0
566100, 16296, 1, 0, 0
566200, 14614, 1, 0, 0
566300, 16053, 1, 0, 0
566400, 16766, 1, 0, 0
566500, 14743, 1, 0, 0
566600, 16075, 1, 0, 0
566700, 15659, 1, 0, 0
566800, 17406, 1, 0, 0
566900, 13902, 1, 0, 0
567000, 17410, 1, 0, 0
567100, 13405, 1, 0, 0
567200, 16189, 1, 0, 0
567302, 18962, 1, 0, 0
567400, 16874, 1, 0, 0
567500, 15162, 1, 0, 0
567600, 17960, 1, 0, 0
567700, 13910, 1, 0, 0
567801, 18190, 1, 0, 0
567900, 15160, 1, 0, 0
568000, 18802, 1, 0, 0
568100, 16649, 1, 0, 0
568200, 13404, 1, 0, 0
568300, 16601, 1, 0, 0
568401, 17601, 1, 0, 0
568500, 15207, 1, 0, 0
568600, 14765, 1, 0, 0
568700, 15554, 1, 0, 0
568800, 14191, 1, 0, 0
568900, 15709, 1, 0, 0
569000, 14630, 1, 0, 0
569100, 16140, 1, 0, 0
569201, 16739, 1, 0, 0
569300, 19941, 1, 0, 0
569400, 15131, 1, 0, 0
569500, 14108, 1, 0, 0
569600, 15633, 1, 0, 0
569700, 17754, 1, 0, 0
569800, 15397, 1, 0, 0
569901, 15312, 1, 0, 0
570000, 19400, 1, 0, 0
570100, 19152, 1, 0, 0
570200, 16085, 1, 0, 0
570300, 17508, 1, 0, 0
570400, 17160, 1, 0, 0
570500, 15774, 1, 0, 0
570600, 15850, 1, 0, 0
570700, 15062, 1, 0, 0
570800, 15024, 1, 0, 0
570900, 17320, 1, 0, 0
571000, 17238, 1, 0, 0
571100, 18244, 1, 0, 0
571200, 19700, 1, 0, 0
571300, 17158, 1, 0, 0
571400, 15222, 1, 0, 0
571500, 14788, 1, 0, 0
571600, 16105, 1, 0, 0
571700, 13196, 1, 0, 0
571800, 13609, 1, 0, 0
571900, 12672, 1, 0, 0
572000, 14694, 1, 0, 0
572100, 16211, 1, 0, 0
572200, 15586, 1, 0, 0
572300, 12992, 1, 0, 0
572400, 16341, 1, 0, 0
572500, 15305, 1, 0, 0
572600, 12544, 1, 0, 0
572700, 16930, 1, 0, 0
572801, 19618, 1, 0, 0
572900, 15449, 1, 0, 0
573000, 18351, 1, 0, 0
573100, 12488, 1, 0, 0
573200, 12921, 1, 0, 0
573300, 16877, 1, 0, 0
573400, 14193, 1, 0, 0
573500, 12969, 1, 0, 0
573600, 17788, 1, 0, 0
573700, 16513, 1, 0, 0
573801, 15363, 1, 0, 0
573900, 14631, 1, 0, 0
574000, 21206, 1, 0, 0
574100, 19409, 1, 0, 0
574200, 18355, 1, 0, 0
574300, 14563, 1, 0, 0
574400, 13531, 1, 0, 0
574500, 14219, 1, 0, 0
574600, 15109, 1, 0, 0
574700, 18847, 1, 0, 0
574800, 15190, 1, 0, 0
574900, 15867, 1, 0, 0
575000, 15933, 1, 0, 0
575100, 15948, 1, 0, 0
575200, 14995, 1, 0, 0
575300, 14402, 1, 0, 0
575400, 14912, 1, 0, 0
575500, 17341, 1, 0, 0
575600, 13453, 1, 0, 0
575700, 14288, 1, 0, 0
575800, 16362, 1, 0, 0
575900, 16459, 1, 0, 0
576000, 14470, 1, 0, 0
576101, 13242, 1, 0, 0
576200, 15016, 1, 0, 0
576300, 14770, 1, 0, 0
576400, 18495, 1, 0, 0
576500, 18224, 1, 0, 0
576600, 13874, 1, 0, 0
576700, 18121, 1, 0, 0
576800, 14417, 1, 0, 0
576900, 17268, 1, 0, 0
577000, 19281, 1, 0, 0
577100, 15050, 1, 0, 0
577200, 13118, 1, 0, 0
577300, 13213, 1, 0, 0
577400, 14799, 1, 0, 0
577500, 15767, 1, 0, 0
577600, 14607, 1, 0, 0
577700, 15072, 1, 0, 0
577800, 14331, 1, 0, 0
577900, 16427, 1, 0, 0
578000, 15667, 1, 0, 0
578100, 15027, 1, 0, 0
578200, 13957, 1, 0, 0
578300, 14755, 1, 0, 0
578401, 14449, 1, 0, 0
578500, 15544, 1, 0, 0
578600, 19702, 1, 0, 0
578700, 14728, 1, 0, 0
578800, 17775, 1, 0, 0
578900, 14583, 1, 0, 0
579001, 17059, 1, 0, 0
579100, 15746, 1, 0, 0
579200, 15505, 1, 0, 0
579300, 13985, 1, 0, 0
579400, 17441, 1, 0, 0
579500, 14795, 1, 0, 0
579600, 15975, 1, 0, 0
579700, 15140, 1, 0, 0
579800, 12752, 1, 0, 0
579900, 16921, 1, 0, 0
580000, 14151, 1, 0, 0
580100, 17922, 1, 0, 0
580200, 14392, 1, 0, 0
580300, 15382, 1, 0, 0
580400, 19194, 1, 0, 0
580500, 14646, 1, 0, 0
580600, 15370, 1, 0, 0
580700, 17291, 1, 0, 0
580800, 16459, 1, 0, 0
580900, 17035, 1, 0, 0
581000, 18013, 1, 0, 0
581100, 14028, 1, 0, 0
581200, 15572, 1, 0, 0
581300, 17317, 1, 0, 0
581400, 20101, 1, 0, 0
581500, 15211, 1, 0, 0
581600, 14236, 1, 0, 0
581700, 14748, 1, 0, 0
581800, 13352, 1, 0, 0
581901, 13415, 1, 0, 0
582001, 15326, 1, 0, 0
582100, 15289, 1, 0, 0
582200, 15845, 1, 0, 0
582300, 13412, 1, 0, 0
582400, 17307, 1, 0, 0
582500, 13981, 1, 0, 0
582600, 18594, 1, 0, 0
582700, 16124, 1, 0, 0
582800, 16058, 1, 0, 0
582900, 16146, 1, 0, 0
583000, 16805, 1, 0, 0
583100, 13712, 1, 0, 0
583200, 15194, 1, 0, 0
583301, 16567, 1, 0, 0
583400, 16705, 1, 0, 0
583500, 15555, 1, 0, 0
583600, 19196, 1, 0, 0
583701, 18990, 1, 0, 0
583800, 14902, 1, 0, 0
583900, 18300, 1, 0, 0
584000, 13755, 1, 0, 0
584101, 17949, 1, 0, 0
584200, 13538, 1, 0, 0
584300, 18492, 1, 0, 0
584400, 15986, 1, 0, 0
584500, 15168, 1, 0, 0
584601, 16741, 1, 0, 0
584700, 14538, 1, 0, 0
584800, 13979, 1, 0, 0
584900, 13945, 1, 0, 0
585000, 15992, 1, 0, 0
585100, 20462, 1, 0, 0
585200, 14968, 1, 0, 0
585300, 14174, 1, 0, 0
585400, 17260, 1, 0, 0
585500, 16683, 1, 0, 0
585600, 17629, 1, 0, 0
585700, 18780, 1, 0, 0
585800, 13856, 1, 0, 0
585901, 15572, 1, 0, 0
586000, 15902, 1, 0, 0
586100, 14545, 1, 0, 0
586200, 18829, 1, 0, 0
586300, 17392, 1, 0, 0
586400, 18843, 1, 0, 0
586500, 15092, 1, 0, 0
586600, 14004, 1, 0, 0
586700, 14875, 1, 0, 0
586800, 14826, 1, 0, 0
586900, 14036, 1, 0, 0
587000, 14532, 1, 0, 0
587100, 16347, 1, 0, 0
587200, 14705, 1, 0, 0
587300, 12781, 1, 0, 0
587400, 14021, 1, 0, 0
587500, 15391, 1, 0, 0
587600, 14905, 1, 0, 0
587700, 15720, 1, 0, 0
587800, 16701, 1, 0, 0
587900, 14638, 1, 0, 0
588000, 18175, 1, 0, 0
588101, 17928, 1, 0, 0
588200, 16437, 1, 0, 0
588300, 13641, 1, 0, 0
588400, 13632, 1, 0, 0
588500, 14878, 1, 0, 0
588600, 14099, 1, 0, 0
588700, 15872, 1, 0, 0
588800, 17857, 1, 0, 0
588900, 12996, 1, 0, 0
589000, 14341, 1, 0, 0
589100, 18051, 1, 0, 0
589200, 19018, 1, 0, 0
589301, 16501, 1, 0, 0
589400, 14572, 1, 0, 0
589500, 15719, 1, 0, 0
589600, 16104, 1, 0, 0
589700, 16302, 1, 0, 0
589800, 15833, 1, 0, 0
589900, 15549, 1, 0, 0
590000, 14793, 1, 0, 0
590100, 16522, 1, 0, 0
590200, 16074, 1, 0, 0
590300, 13900, 1, 0, 0
590400, 14396, 1, 0, 0
590500, 15349, 1, 0, 0
590600, 13095, 1, 0, 0
590700, 14770, 1, 0, 0
590800, 13615, 1, 0, 0
590900, 14722, 1, 0, 0
591000, 13724, 1, 0, 0
591100, 14292, 1, 0, 0
591200, 17112, 1, 0, 0
591300, 14047, 1, 0, 0
591401, 16282, 1, 0, 0
591500, 18620, 1, 0, 0
591600, 13775, 1, 0, 0
591700, 13627, 1, 0, 0
591800, 19203, 1, 0, 0
591901, 16169, 1, 0, 0
592000, 14300, 1, 0, 0
592100, 12801, 1, 0, 0
592200, 13342, 1, 0, 0
592300, 13987, 1, 0, 0
592400, 15568, 1, 0, 0
592500, 14041, 1, 0, 0
592600, 12903, 1, 0, 0
592700, 17623, 1, 0, 0
592800, 18004, 1, 0, 0
592900, 13423, 1, 0, 0
593000, 15108, 1, 0, 0
593101, 16452, 1, 0, 0
593201, 19277, 1, 0, 0
593300, 14904, 1, 0, 0
593400, 12879, 1, 0, 0
593500, 16803, 1, 0, 0
593600, 12958, 1, 0, 0
593700, 15217, 1, 0, 0
593800, 16306, 1, 0, 0
593900, 16042, 1, 0, 0
594000, 15136, 1, 0, 0
594100, 16217, 1, 0, 0
594200, 18754, 1, 0, 0
594300, 18770, 1, 0, 0
594400, 16138, 1, 0, 0
594500, 17431, 1, 0, 0
594600, 16523, 1, 0, 0
594701, 16216, 1, 0, 0
594800, 14081, 1, 0, 0
594900, 13762, 1, 0, 0
595000, 18408, 1, 0, 0
595100, 15410, 1, 0, 0
595200, 15117, 1, 0, 0
595300, 14669, 1, 0, 0
595400, 13666, 1, 0, 0
595500, 13091, 1, 0, 0
595600, 16626, 1, 0, 0
595700, 18000, 1, 0, 0
595800, 20280, 1, 0, 0
595900, 16495, 1, 0, 0
596000, 16829, 1, 0, 0
596100, 16181, 1, 0, 0
596200, 13586, 1, 0, 0
596300, 13673, 1, 0, 0
596400, 17416, 1, 0, 0
596500, 20711, 1, 0, 0
596600, 16554, 1, 0, 0
596700, 13235, 1, 0, 0
596800, 16484, 1, 0, 0
596900, 13501, 1, 0, 0
597000, 16649, 1, 0, 0
597100, 14640, 1, 0, 0
597200, 13681, 1, 0, 0
597300, 13898, 1, 0, 0
597400, 17972, 1, 0, 0
597500, 17000, 1, 0, 0
597600, 13968, 1, 0, 0
597700, 13950, 1, 0, 0
597800, 14427, 1, 0, 0
597900, 13808, 1, 0, 0
598000, 14621, 1, 0, 0
598101, 13637, 1, 0, 0
598200, 15105, 1, 0, 0
598300, 15536, 1, 0, 0
598400, 14610, 1, 0, 0
598501, 19843, 1, 0, 0
598600, 19809, 1, 0, 0
598700, 13437, 1, 0, 0
598800, 16643, 1, 0, 0
598900, 15495, 1, 0, 0
599001, 13880, 1, 0, 0
599100, 15808, 1, 0, 0
599200, 13867, 1, 0, 0
599300, 14490, 1, 0, 0
599400, 14451, 1, 0, 0
599500, 15036, 1, 0, 0
599600, 13683, 1, 0, 0
599700, 16039, 1, 0, 0
599800, 16400, 1, 0, 0
599900, 16390, 1, 0, 0
600000, 16377, 1, 0, 0
