250, 49152, 1, 0, 0
350, 49280, 1, 0, 0
450, 51200, 1, 0, 0
550, 48640, 1, 0, 0
650, 53120, 1, 0, 0
749, 49777, 1, 0, 0
849, 46080, 1, 0, 0
949, 48000, 1, 0, 0
1049, 48640, 1, 0, 0
1149, 51840, 1, 0, 0
1250, 51200, 1, 0, 0
1350, 48640, 1, 0, 0
1450, 48640, 1, 0, 0
1550, 47360, 1, 0, 0
1650, 53120, 1, 0, 0
1749, 51717, 1, 0, 0
1849, 52480, 1, 0, 0
1949, 51200, 1, 0, 0
2049, 50560, 1, 0, 0
2149, 52480, 1, 0, 0
2250, 48640, 1, 0, 0
2350, 51200, 1, 0, 0
2450, 49920, 1, 0, 0
2550, 51200, 1, 0, 0
2650, 51200, 1, 0, 0
2749, 51070, 1, 0, 0
2849, 48000, 1, 0, 0
2949, 50560, 1, 0, 0
3049, 51200, 1, 0, 0
3149, 47360, 1, 0, 0
3249, 51200, 1, 0, 0
3349, 52480, 1, 0, 0
3449, 53760, 1, 0, 0
3550, 47360, 1, 0, 0
3650, 50560, 1, 0, 0
3749, 50424, 1, 0, 0
3849, 51200, 1, 0, 0
3949, 51200, 1, 0, 0
4049, 52480, 1, 0, 0
4149, 49920, 1, 0, 0
4249, 51200, 1, 0, 0
4349, 51200, 1, 0, 0
4449, 49280, 1, 0, 0
4549, 50560, 1, 0, 0
4649, 51840, 1, 0, 0
4750, 48640, 1, 0, 0
4850, 48000, 1, 0, 0
4950, 49920, 1, 0, 0
5050, 49280, 1, 0, 0
5150, 50560, 1, 0, 0
5249, 51070, 1, 0, 0
5349, 51840, 1, 0, 0
5449, 51840, 1, 0, 0
5549, 49920, 1, 0, 0
5649, 53120, 1, 0, 0
5749, 51840, 1, 0, 0
5849, 49920, 1, 0, 0
5949, 54400, 1, 0, 0
6050, 50560, 1, 0, 0
6150, 51840, 1, 0, 0
6249, 51070, 1, 0, 0
6349, 47360, 1, 0, 0
6449, 49280, 1, 0, 0
6549, 51200, 1, 0, 0
6649, 52480, 1, 0, 0
6749, 49920, 1, 0, 0
6849, 52480, 1, 0, 0
6949, 50560, 1, 0, 0
7049, 51840, 1, 0, 0
7149, 48000, 1, 0, 0
7250, 49920, 1, 0, 0
7350, 51840, 1, 0, 0
7450, 49920, 1, 0, 0
7550, 51840, 1, 0, 0
7650, 51200, 1, 0, 0
7749, 49131, 1, 0, 0
7849, 50560, 1, 0, 0
7949, 51200, 1, 0, 0
8049, 48640, 1, 0, 0
8149, 48640, 1, 0, 0
8249, 49920, 1, 0, 0
8350, 50560, 1, 0, 0
8450, 50560, 1, 0, 0
8550, 51840, 1, 0, 0
8650, 49920, 1, 0, 0
8749, 52363, 1, 0, 0
8849, 50560, 1, 0, 0
8949, 50560, 1, 0, 0
9049, 51200, 1, 0, 0
9149, 51200, 1, 0, 0
9249, 52480, 1, 0, 0
9349, 52480, 1, 0, 0
9449, 51200, 1, 0, 0
9550, 50560, 1, 0, 0
9650, 51840, 1, 0, 0
9749, 52363, 1, 0, 0
9849, 53120, 1, 0, 0
9949, 50560, 1, 0, 0
10049, 55040, 1, 0, 0
10149, 50560, 1, 0, 0
10249, 51840, 1, 0, 0
10349, 54400, 1, 0, 0
10449, 53120, 1, 0, 0
10549, 53760, 1, 0, 0
10650, 51840, 1, 0, 0
10749, 54303, 1, 0, 0
10849, 56320, 1, 0, 0
10949, 53120, 1, 0, 0
11049, 50560, 1, 0, 0
11149, 48640, 1, 0, 0
11249, 53120, 1, 0, 0
11349, 53120, 1, 0, 0
11449, 54400, 1, 0, 0
11549, 54400, 1, 0, 0
11649, 53760, 1, 0, 0
11750, 52480, 1, 0, 0
11850, 49280, 1, 0, 0
11950, 55680, 1, 0, 0
12050, 53760, 1, 0, 0
12150, 53120, 1, 0, 0
12249, 53010, 1, 0, 0
12349, 54400, 1, 0, 0
12449, 50560, 1, 0, 0
12549, 49920, 1, 0, 0
12649, 52480, 1, 0, 0
12749, 55040, 1, 0, 0
12849, 55040, 1, 0, 0
12950, 52480, 1, 0, 0
13050, 53120, 1, 0, 0
13150, 50560, 1, 0, 0
13249, 54949, 1, 0, 0
13349, 52480, 1, 0, 0
13449, 53760, 1, 0, 0
13549, 55040, 1, 0, 0
13649, 58240, 1, 0, 0
13749, 51200, 1, 0, 0
13849, 55040, 1, 0, 0
13949, 53120, 1, 0, 0
14050, 55680, 1, 0, 0
14150, 56320, 1, 0, 0
14249, 54303, 1, 0, 0
14349, 49920, 1, 0, 0
14449, 55040, 1, 0, 0
14549, 54400, 1, 0, 0
14649, 51840, 1, 0, 0
14749, 53760, 1, 0, 0
14849, 55680, 1, 0, 0
14949, 56960, 1, 0, 0
15049, 54400, 1, 0, 0
15149, 53760, 1, 0, 0
15250, 56960, 1, 0, 0
15350, 53760, 1, 0, 0
15450, 54400, 1, 0, 0
15550, 51840, 1, 0, 0
15650, 51840, 1, 0, 0
15749, 54949, 1, 0, 0
15849, 55040, 1, 0, 0
15949, 54400, 1, 0, 0
16049, 53760, 1, 0, 0
16149, 53760, 1, 0, 0
16249, 54400, 1, 0, 0
16349, 51200, 1, 0, 0
16449, 53760, 1, 0, 0
16550, 56960, 1, 0, 0
16650, 57600, 1, 0, 0
16749, 54949, 1, 0, 0
16849, 53760, 1, 0, 0
16949, 53760, 1, 0, 0
17049, 53120, 1, 0, 0
17149, 54400, 1, 0, 0
17249, 53120, 1, 0, 0
17349, 51200, 1, 0, 0
17449, 58880, 1, 0, 0
17549, 56960, 1, 0, 0
17649, 55040, 1, 0, 0
17750, 56320, 1, 0, 0
17850, 56320, 1, 0, 0
17950, 55680, 1, 0, 0
18050, 53120, 1, 0, 0
18150, 52480, 1, 0, 0
18249, 54303, 1, 0, 0
18349, 55040, 1, 0, 0
18449, 54400, 1, 0, 0
18549, 56960, 1, 0, 0
18649, 56320, 1, 0, 0
18749, 55040, 1, 0, 0
18849, 51200, 1, 0, 0
18950, 58880, 1, 0, 0
19050, 56320, 1, 0, 0
19150, 53120, 1, 0, 0
19249, 53010, 1, 0, 0
19349, 53120, 1, 0, 0
19449, 54400, 1, 0, 0
19549, 53120, 1, 0, 0
19649, 53760, 1, 0, 0
19749, 53760, 1, 0, 0
19849, 55040, 1, 0, 0
19949, 55680, 1, 0, 0
20049, 56320, 1, 0, 0
20150, 55040, 1, 0, 0
20250, 54400, 1, 0, 0
20350, 54400, 1, 0, 0
20450, 55680, 1, 0, 0
20550, 55040, 1, 0, 0
20650, 55680, 1, 0, 0
20749, 54949, 1, 0, 0
20849, 53760, 1, 0, 0
20949, 53760, 1, 0, 0
21049, 53760, 1, 0, 0
21149, 53760, 1, 0, 0
21249, 55680, 1, 0, 0
21350, 55680, 1, 0, 0
21450, 55680, 1, 0, 0
21550, 52480, 1, 0, 0
21650, 54400, 1, 0, 0
21749, 54303, 1, 0, 0
21849, 55040, 1, 0, 0
21949, 53120, 1, 0, 0
22049, 57600, 1, 0, 0
22149, 55680, 1, 0, 0
22249, 55040, 1, 0, 0
22349, 55040, 1, 0, 0
22449, 54400, 1, 0, 0
22550, 53760, 1, 0, 0
22650, 52480, 1, 0, 0
22749, 57535, 1, 0, 0
22849, 55680, 1, 0, 0
22949, 55040, 1, 0, 0
23049, 57600, 1, 0, 0
23149, 51840, 1, 0, 0
23249, 57600, 1, 0, 0
23349, 48640, 1, 0, 0
23449, 52480, 1, 0, 0
23549, 54400, 1, 0, 0
23649, 55040, 1, 0, 0
23750, 51200, 1, 0, 0
23850, 52480, 1, 0, 0
23950, 54400, 1, 0, 0
24050, 56960, 1, 0, 0
24150, 55680, 1, 0, 0
24249, 56888, 1, 0, 0
24349, 55680, 1, 0, 0
24449, 51200, 1, 0, 0
24549, 56960, 1, 0, 0
24649, 51840, 1, 0, 0
24750, 54400, 1, 0, 0
24850, 55680, 1, 0, 0
24950, 55040, 1, 0, 0
25050, 54400, 1, 0, 0
25150, 56320, 1, 0, 0
25249, 55595, 1, 0, 0
25349, 54400, 1, 0, 0
25449, 53120, 1, 0, 0
25549, 57600, 1, 0, 0
25649, 54400, 1, 0, 0
25749, 53120, 1, 0, 0
25849, 53760, 1, 0, 0
25949, 53760, 1, 0, 0
26050, 54400, 1, 0, 0
26150, 55040, 1, 0, 0
26249, 56242, 1, 0, 0
26349, 56960, 1, 0, 0
26449, 53760, 1, 0, 0
26549, 53120, 1, 0, 0
26649, 54400, 1, 0, 0
26749, 53760, 1, 0, 0
26849, 53120, 1, 0, 0
26949, 53120, 1, 0, 0
27049, 56960, 1, 0, 0
27149, 55040, 1, 0, 0
27250, 56960, 1, 0, 0
27350, 57600, 1, 0, 0
27450, 56320, 1, 0, 0
27550, 58880, 1, 0, 0
27650, 55680, 1, 0, 0
27749, 54303, 1, 0, 0
27849, 58240, 1, 0, 0
27949, 55040, 1, 0, 0
28049, 53120, 1, 0, 0
28149, 55680, 1, 0, 0
28249, 56320, 1, 0, 0
28349, 55680, 1, 0, 0
28449, 57600, 1, 0, 0
28550, 56960, 1, 0, 0
28650, 57600, 1, 0, 0
28749, 56888, 1, 0, 0
28849, 55040, 1, 0, 0
28949, 58880, 1, 0, 0
29049, 50560, 1, 0, 0
29149, 55680, 1, 0, 0
29249, 55680, 1, 0, 0
29349, 56960, 1, 0, 0
29449, 54400, 1, 0, 0
29549, 55680, 1, 0, 0
29650, 55040, 1, 0, 0
29750, 55680, 1, 0, 0
29850, 59520, 1, 0, 0
29950, 53120, 1, 0, 0
30050, 57600, 1, 0, 0
30150, 58240, 1, 0, 0
30249, 55595, 1, 0, 0
30349, 55040, 1, 0, 0
30449, 57600, 1, 0, 0
30549, 54400, 1, 0, 0
30649, 56960, 1, 0, 0
30749, 56960, 1, 0, 0
30850, 54400, 1, 0, 0
30950, 58880, 1, 0, 0
31050, 56320, 1, 0, 0
31150, 57600, 1, 0, 0
31249, 56242, 1, 0, 0
31349, 55680, 1, 0, 0
31449, 57600, 1, 0, 0
31549, 56320, 1, 0, 0
31649, 56960, 1, 0, 0
31749, 57600, 1, 0, 0
31849, 59520, 1, 0, 0
31949, 55680, 1, 0, 0
32050, 60160, 1, 0, 0
32150, 58240, 1, 0, 0
32249, 56242, 1, 0, 0
32349, 57600, 1, 0, 0
32449, 56320, 1, 0, 0
32549, 57600, 1, 0, 0
32649, 55680, 1, 0, 0
32749, 58240, 1, 0, 0
32849, 58240, 1, 0, 0
32949, 57600, 1, 0, 0
33049, 56960, 1, 0, 0
33149, 58880, 1, 0, 0
33250, 58880, 1, 0, 0
33350, 58880, 1, 0, 0
33450, 56320, 1, 0, 0
33550, 58880, 1, 0, 0
33650, 56320, 1, 0, 0
33749, 58181, 1, 0, 0
33849, 60160, 1, 0, 0
33949, 56960, 1, 0, 0
34049, 56960, 1, 0, 0
34149, 56960, 1, 0, 0
34249, 58880, 1, 0, 0
34349, 53760, 1, 0, 0
34449, 55680, 1, 0, 0
34550, 58240, 1, 0, 0
34650, 56960, 1, 0, 0
34749, 58181, 1, 0, 0
34849, 58240, 1, 0, 0
34949, 56960, 1, 0, 0
35049, 58880, 1, 0, 0
35149, 54400, 1, 0, 0
35249, 57600, 1, 0, 0
35349, 55040, 1, 0, 0
35449, 56960, 1, 0, 0
35549, 58240, 1, 0, 0
35649, 57600, 1, 0, 0
35750, 59520, 1, 0, 0
35850, 55040, 1, 0, 0
35950, 56320, 1, 0, 0
36050, 56960, 1, 0, 0
36150, 56960, 1, 0, 0
36249, 59474, 1, 0, 0
36349, 58240, 1, 0, 0
36449, 57600, 1, 0, 0
36549, 57600, 1, 0, 0
36649, 58240, 1, 0, 0
36749, 57600, 1, 0, 0
36849, 56320, 1, 0, 0
36949, 54400, 1, 0, 0
37050, 56320, 1, 0, 0
37150, 56320, 1, 0, 0
37249, 57535, 1, 0, 0
37349, 55680, 1, 0, 0
37449, 55040, 1, 0, 0
37549, 58240, 1, 0, 0
37649, 56320, 1, 0, 0
37749, 55040, 1, 0, 0
37849, 57600, 1, 0, 0
37949, 57600, 1, 0, 0
38049, 58880, 1, 0, 0
38150, 58880, 1, 0, 0
38250, 55040, 1, 0, 0
38350, 57600, 1, 0, 0
38450, 55040, 1, 0, 0
38550, 56320, 1, 0, 0
38650, 53120, 1, 0, 0
38749, 56888, 1, 0, 0
38849, 54400, 1, 0, 0
38949, 59520, 1, 0, 0
39049, 57600, 1, 0, 0
39149, 54400, 1, 0, 0
39249, 56960, 1, 0, 0
39350, 55680, 1, 0, 0
39450, 56960, 1, 0, 0
39550, 56960, 1, 0, 0
39650, 55680, 1, 0, 0
39749, 54949, 1, 0, 0
39849, 58240, 1, 0, 0
39949, 56960, 1, 0, 0
40049, 56960, 1, 0, 0
40149, 60160, 1, 0, 0
40249, 53760, 1, 0, 0
40349, 55040, 1, 0, 0
40449, 53760, 1, 0, 0
40550, 58880, 1, 0, 0
40650, 59520, 1, 0, 0
40749, 60767, 1, 0, 0
40849, 55680, 1, 0, 0
40949, 60800, 1, 0, 0
41049, 56320, 1, 0, 0
41149, 55040, 1, 0, 0
41249, 58240, 1, 0, 0
41349, 56960, 1, 0, 0
41449, 59520, 1, 0, 0
41549, 58880, 1, 0, 0
41650, 57600, 1, 0, 0
41749, 59474, 1, 0, 0
41849, 56960, 1, 0, 0
41949, 57600, 1, 0, 0
42049, 59520, 1, 0, 0
42149, 60800, 1, 0, 0
42249, 56960, 1, 0, 0
42349, 57600, 1, 0, 0
42449, 59520, 1, 0, 0
42549, 56320, 1, 0, 0
42649, 59520, 1, 0, 0
42750, 54400, 1, 0, 0
42850, 57600, 1, 0, 0
42950, 58880, 1, 0, 0
43050, 59520, 1, 0, 0
43150, 58240, 1, 0, 0
43249, 58828, 1, 0, 0
43349, 55680, 1, 0, 0
43449, 55680, 1, 0, 0
43549, 55040, 1, 0, 0
43649, 60800, 1, 0, 0
43749, 57600, 1, 0, 0
43849, 57600, 1, 0, 0
43949, 56320, 1, 0, 0
44050, 57600, 1, 0, 0
44150, 55040, 1, 0, 0
44249, 58828, 1, 0, 0
44349, 58880, 1, 0, 0
44449, 58880, 1, 0, 0
44549, 58240, 1, 0, 0
44649, 58240, 1, 0, 0
44749, 56320, 1, 0, 0
44849, 56320, 1, 0, 0
44949, 57600, 1, 0, 0
45049, 56960, 1, 0, 0
45149, 56320, 1, 0, 0
45250, 55680, 1, 0, 0
45350, 57600, 1, 0, 0
45450, 57600, 1, 0, 0
45550, 58240, 1, 0, 0
45650, 56960, 1, 0, 0
45749, 56888, 1, 0, 0
45849, 55040, 1, 0, 0
45949, 53760, 1, 0, 0
46049, 57600, 1, 0, 0
46149, 56320, 1, 0, 0
46249, 59520, 1, 0, 0
46349, 55680, 1, 0, 0
46449, 56960, 1, 0, 0
46549, 56320, 1, 0, 0
46650, 56320, 1, 0, 0
46750, 53760, 1, 0, 0
46850, 57600, 1, 0, 0
46950, 55040, 1, 0, 0
47050, 58880, 1, 0, 0
47150, 56320, 1, 0, 0
47249, 56888, 1, 0, 0
47349, 57600, 1, 0, 0
47449, 55680, 1, 0, 0
47549, 56320, 1, 0, 0
47649, 55040, 1, 0, 0
47749, 55680, 1, 0, 0
47850, 57600, 1, 0, 0
47950, 54400, 1, 0, 0
48050, 58240, 1, 0, 0
48150, 58880, 1, 0, 0
48249, 56242, 1, 0, 0
48349, 58240, 1, 0, 0
48449, 57600, 1, 0, 0
48549, 58240, 1, 0, 0
48649, 57600, 1, 0, 0
48749, 54400, 1, 0, 0
48849, 56320, 1, 0, 0
48949, 57600, 1, 0, 0
49049, 58880, 1, 0, 0
49150, 56320, 1, 0, 0
49250, 55040, 1, 0, 0
49350, 59520, 1, 0, 0
49450, 58880, 1, 0, 0
49550, 57600, 1, 0, 0
49650, 57600, 1, 0, 0
49749, 56242, 1, 0, 0
49849, 57600, 1, 0, 0
49949, 55040, 1, 0, 0
50049, 58880, 1, 0, 0
50149, 58240, 1, 0, 0
50249, 59520, 1, 0, 0
50350, 59520, 1, 0, 0
50450, 58240, 1, 0, 0
50550, 58880, 1, 0, 0
50650, 57600, 1, 0, 0
50749, 58181, 1, 0, 0
50849, 58880, 1, 0, 0
50949, 57600, 1, 0, 0
51049, 56320, 1, 0, 0
51149, 57600, 1, 0, 0
51249, 56960, 1, 0, 0
51349, 57600, 1, 0, 0
51449, 58880, 1, 0, 0
51550, 58880, 1, 0, 0
51650, 58880, 1, 0, 0
51749, 58181, 1, 0, 0
51849, 59520, 1, 0, 0
51949, 59520, 1, 0, 0
52049, 60800, 1, 0, 0
52149, 55040, 1, 0, 0
52249, 58880, 1, 0, 0
52349, 56960, 1, 0, 0
52449, 58240, 1, 0, 0
52549, 58880, 1, 0, 0
52649, 57600, 1, 0, 0
52750, 56960, 1, 0, 0
52850, 56320, 1, 0, 0
52950, 59520, 1, 0, 0
53050, 56320, 1, 0, 0
53150, 56320, 1, 0, 0
53249, 60767, 1, 0, 0
53349, 56960, 1, 0, 0
53449, 56320, 1, 0, 0
53550, 59520, 1, 0, 0
53650, 58880, 1, 0, 0
53749, 58181, 1, 0, 0
53849, 60160, 1, 0, 0
53949, 56960, 1, 0, 0
54049, 56320, 1, 0, 0
54149, 61440, 1, 0, 0
54249, 57600, 1, 0, 0
54349, 57600, 1, 0, 0
54449, 57600, 1, 0, 0
54549, 61440, 1, 0, 0
54650, 58880, 1, 0, 0
54750, 56960, 1, 0, 0
54850, 58240, 1, 0, 0
54950, 62080, 1, 0, 0
55050, 59520, 1, 0, 0
55150, 59520, 1, 0, 0
55249, 57535, 1, 0, 0
55349, 59520, 1, 0, 0
55449, 55680, 1, 0, 0
55549, 57600, 1, 0, 0
55649, 56320, 1, 0, 0
55749, 55680, 1, 0, 0
55850, 55680, 1, 0, 0
55950, 58880, 1, 0, 0
56050, 56960, 1, 0, 0
56150, 56960, 1, 0, 0
56249, 56242, 1, 0, 0
56349, 56320, 1, 0, 0
56449, 55040, 1, 0, 0
56549, 60160, 1, 0, 0
56649, 58240, 1, 0, 0
56749, 57600, 1, 0, 0
56849, 60800, 1, 0, 0
56949, 57600, 1, 0, 0
57050, 58240, 1, 0, 0
57150, 57600, 1, 0, 0
57249, 56888, 1, 0, 0
57349, 54400, 1, 0, 0
57449, 62080, 1, 0, 0
57549, 58240, 1, 0, 0
57649, 58240, 1, 0, 0
57749, 57600, 1, 0, 0
57849, 55680, 1, 0, 0
57949, 55680, 1, 0, 0
58049, 56320, 1, 0, 0
58149, 55680, 1, 0, 0
58249, 57600, 1, 0, 0
58349, 57600, 1, 0, 0
58450, 54400, 1, 0, 0
58550, 56320, 1, 0, 0
58650, 58880, 1, 0, 0
58749, 59474, 1, 0, 0
58849, 56960, 1, 0, 0
58949, 55680, 1, 0, 0
59049, 53120, 1, 0, 0
59149, 55680, 1, 0, 0
59249, 58880, 1, 0, 0
59349, 54400, 1, 0, 0
59449, 56320, 1, 0, 0
59550, 58240, 1, 0, 0
59650, 56320, 1, 0, 0
59749, 55595, 1, 0, 0
59849, 55680, 1, 0, 0
59949, 59520, 1, 0, 0
60049, 58240, 1, 0, 0
60149, 56960, 1, 0, 0
60249, 56960, 1, 0, 0
60349, 56320, 1, 0, 0
60449, 58880, 1, 0, 0
60549, 56960, 1, 0, 0
60649, 54400, 1, 0, 0
60749, 57600, 1, 0, 0
60850, 58240, 1, 0, 0
60950, 53760, 1, 0, 0
61050, 55680, 1, 0, 0
61150, 56960, 1, 0, 0
61249, 59474, 1, 0, 0
61349, 56960, 1, 0, 0
61449, 56960, 1, 0, 0
61549, 56960, 1, 0, 0
61649, 57600, 1, 0, 0
61749, 55040, 1, 0, 0
61849, 56320, 1, 0, 0
61949, 53760, 1, 0, 0
62049, 55040, 1, 0, 0
62149, 56320, 1, 0, 0
62250, 56960, 1, 0, 0
62350, 54400, 1, 0, 0
62450, 56960, 1, 0, 0
62550, 57600, 1, 0, 0
62650, 56320, 1, 0, 0
62749, 57535, 1, 0, 0
62849, 56960, 1, 0, 0
62949, 60160, 1, 0, 0
63049, 57600, 1, 0, 0
63149, 57600, 1, 0, 0
63249, 54400, 1, 0, 0
63349, 56320, 1, 0, 0
63450, 56960, 1, 0, 0
63550, 56960, 1, 0, 0
63650, 57600, 1, 0, 0
63749, 60121, 1, 0, 0
63849, 55680, 1, 0, 0
63949, 58880, 1, 0, 0
64049, 57600, 1, 0, 0
64149, 60800, 1, 0, 0
64249, 56320, 1, 0, 0
64349, 58240, 1, 0, 0
64449, 57600, 1, 0, 0
64550, 56960, 1, 0, 0
64650, 53760, 1, 0, 0
64749, 56888, 1, 0, 0
64849, 51840, 1, 0, 0
64949, 56320, 1, 0, 0
65049, 56960, 1, 0, 0
65149, 58240, 1, 0, 0
65249, 55680, 1, 0, 0
65349, 56960, 1, 0, 0
65449, 58240, 1, 0, 0
65549, 56320, 1, 0, 0
65649, 58240, 1, 0, 0
65750, 56320, 1, 0, 0
65850, 55680, 1, 0, 0
65950, 53760, 1, 0, 0
66050, 57600, 1, 0, 0
66150, 56320, 1, 0, 0
66249, 59474, 1, 0, 0
66349, 57600, 1, 0, 0
66449, 57600, 1, 0, 0
66549, 58880, 1, 0, 0
66649, 55040, 1, 0, 0
66749, 58880, 1, 0, 0
66849, 59520, 1, 0, 0
66949, 56960, 1, 0, 0
67050, 58880, 1, 0, 0
67150, 56960, 1, 0, 0
67249, 56242, 1, 0, 0
67349, 55040, 1, 0, 0
67449, 56320, 1, 0, 0
67549, 56960, 1, 0, 0
67649, 58240, 1, 0, 0
67749, 55680, 1, 0, 0
67849, 53760, 1, 0, 0
67949, 56320, 1, 0, 0
68049, 58240, 1, 0, 0
68149, 56960, 1, 0, 0
68250, 56960, 1, 0, 0
68350, 60800, 1, 0, 0
68450, 56960, 1, 0, 0
68550, 61440, 1, 0, 0
68650, 59520, 1, 0, 0
68749, 57535, 1, 0, 0
68849, 55680, 1, 0, 0
68949, 61440, 1, 0, 0
69049, 55040, 1, 0, 0
69149, 58880, 1, 0, 0
69249, 60160, 1, 0, 0
69349, 58240, 1, 0, 0
69449, 56960, 1, 0, 0
69549, 57600, 1, 0, 0
69650, 57600, 1, 0, 0
69749, 62707, 1, 0, 0
69849, 59520, 1, 0, 0
69949, 61440, 1, 0, 0
70049, 58880, 1, 0, 0
70149, 61440, 1, 0, 0
70249, 58880, 1, 0, 0
70349, 60160, 1, 0, 0
70449, 57600, 1, 0, 0
70549, 57600, 1, 0, 0
70649, 55680, 1, 0, 0
70750, 60160, 1, 0, 0
70850, 59520, 1, 0, 0
70950, 56960, 1, 0, 0
71050, 58880, 1, 0, 0
71150, 60160, 1, 0, 0
71249, 62060, 1, 0, 0
71349, 57600, 1, 0, 0
71449, 60160, 1, 0, 0
71549, 61440, 1, 0, 0
71649, 60160, 1, 0, 0
71749, 60800, 1, 0, 0
71849, 58240, 1, 0, 0
71949, 55680, 1, 0, 0
72050, 55040, 1, 0, 0
72150, 58880, 1, 0, 0
72249, 58181, 1, 0, 0
72349, 55680, 1, 0, 0
72449, 59520, 1, 0, 0
72549, 56320, 1, 0, 0
72649, 58240, 1, 0, 0
72749, 58240, 1, 0, 0
72849, 57600, 1, 0, 0
72949, 58880, 1, 0, 0
73049, 59520, 1, 0, 0
73149, 56320, 1, 0, 0
73250, 58240, 1, 0, 0
73350, 58240, 1, 0, 0
73450, 59520, 1, 0, 0
73550, 58240, 1, 0, 0
73650, 58880, 1, 0, 0
73749, 59474, 1, 0, 0
73849, 56320, 1, 0, 0
73949, 60800, 1, 0, 0
74049, 60160, 1, 0, 0
74149, 60160, 1, 0, 0
74250, 57600, 1, 0, 0
74350, 59520, 1, 0, 0
74450, 60160, 1, 0, 0
74550, 60800, 1, 0, 0
74650, 61440, 1, 0, 0
74749, 59474, 1, 0, 0
74849, 59520, 1, 0, 0
74949, 61440, 1, 0, 0
75049, 60800, 1, 0, 0
75149, 60800, 1, 0, 0
75249, 63360, 1, 0, 0
75349, 60800, 1, 0, 0
75449, 58880, 1, 0, 0
75550, 58240, 1, 0, 0
75650, 61440, 1, 0, 0
75749, 60767, 1, 0, 0
75849, 59520, 1, 0, 0
75949, 63360, 1, 0, 0
76049, 58880, 1, 0, 0
76149, 60800, 1, 0, 0
76249, 57600, 1, 0, 0
76349, 58880, 1, 0, 0
76449, 59520, 1, 0, 0
76549, 58240, 1, 0, 0
76649, 58240, 1, 0, 0
76750, 60800, 1, 0, 0
76850, 59520, 1, 0, 0
76950, 58240, 1, 0, 0
77050, 60800, 1, 0, 0
77150, 60160, 1, 0, 0
77249, 58181, 1, 0, 0
77349, 61440, 1, 0, 0
77449, 61440, 1, 0, 0
77549, 58240, 1, 0, 0
77649, 59520, 1, 0, 0
77749, 59520, 1, 0, 0
77849, 58240, 1, 0, 0
77950, 61440, 1, 0, 0
78050, 59520, 1, 0, 0
78150, 56960, 1, 0, 0
78249, 57535, 1, 0, 0
78349, 58240, 1, 0, 0
78449, 56320, 1, 0, 0
78549, 58240, 1, 0, 0
78649, 58880, 1, 0, 0
78749, 58880, 1, 0, 0
78849, 54400, 1, 0, 0
78949, 58880, 1, 0, 0
79049, 58240, 1, 0, 0
79150, 58240, 1, 0, 0
79250, 58880, 1, 0, 0
79350, 62080, 1, 0, 0
79450, 58240, 1, 0, 0
79550, 60800, 1, 0, 0
79650, 60160, 1, 0, 0
79749, 58828, 1, 0, 0
79849, 60800, 1, 0, 0
79949, 57600, 1, 0, 0
80049, 58240, 1, 0, 0
80149, 57600, 1, 0, 0
80249, 55680, 1, 0, 0
80350, 56960, 1, 0, 0
80450, 58880, 1, 0, 0
80550, 57600, 1, 0, 0
80650, 60160, 1, 0, 0
80749, 58181, 1, 0, 0
80849, 58240, 1, 0, 0
80949, 58240, 1, 0, 0
81049, 56320, 1, 0, 0
81149, 56960, 1, 0, 0
81249, 58880, 1, 0, 0
81349, 55680, 1, 0, 0
81449, 61440, 1, 0, 0
81549, 57600, 1, 0, 0
81650, 58880, 1, 0, 0
81750, 55680, 1, 0, 0
81850, 56320, 1, 0, 0
81950, 60160, 1, 0, 0
82050, 58880, 1, 0, 0
82150, 58240, 1, 0, 0
82249, 59474, 1, 0, 0
82349, 57600, 1, 0, 0
82449, 59520, 1, 0, 0
82549, 60160, 1, 0, 0
82649, 58880, 1, 0, 0
82750, 60800, 1, 0, 0
82850, 60800, 1, 0, 0
82950, 57600, 1, 0, 0
83050, 57600, 1, 0, 0
83150, 57600, 1, 0, 0
83249, 58181, 1, 0, 0
83349, 53760, 1, 0, 0
83449, 60160, 1, 0, 0
83549, 59520, 1, 0, 0
83649, 58240, 1, 0, 0
83749, 58880, 1, 0, 0
83849, 58240, 1, 0, 0
83949, 56960, 1, 0, 0
84050, 61440, 1, 0, 0
84150, 57600, 1, 0, 0
84249, 60121, 1, 0, 0
84349, 61440, 1, 0, 0
84449, 58240, 1, 0, 0
84549, 57600, 1, 0, 0
84649, 59520, 1, 0, 0
84749, 56960, 1, 0, 0
84849, 58240, 1, 0, 0
84949, 58880, 1, 0, 0
85049, 61440, 1, 0, 0
85149, 56320, 1, 0, 0
85250, 60160, 1, 0, 0
85350, 63360, 1, 0, 0
85450, 56320, 1, 0, 0
85550, 59520, 1, 0, 0
85650, 60160, 1, 0, 0
85749, 60121, 1, 0, 0
85849, 55680, 1, 0, 0
85949, 58880, 1, 0, 0
86049, 61440, 1, 0, 0
86149, 56960, 1, 0, 0
86249, 58240, 1, 0, 0
86349, 58240, 1, 0, 0
86449, 56320, 1, 0, 0
86550, 58880, 1, 0, 0
86650, 62080, 1, 0, 0
86749, 59474, 1, 0, 0
86849, 58880, 1, 0, 0
86949, 61440, 1, 0, 0
87049, 60800, 1, 0, 0
87149, 62080, 1, 0, 0
87249, 59520, 1, 0, 0
87349, 56960, 1, 0, 0
87449, 60800, 1, 0, 0
87549, 56320, 1, 0, 0
87649, 57600, 1, 0, 0
87750, 56960, 1, 0, 0
87850, 58880, 1, 0, 0
87950, 57600, 1, 0, 0
88050, 58880, 1, 0, 0
88150, 60160, 1, 0, 0
88249, 60121, 1, 0, 0
88349, 58240, 1, 0, 0
88449, 55680, 1, 0, 0
88549, 56320, 1, 0, 0
88649, 53760, 1, 0, 0
88749, 59520, 1, 0, 0
88850, 59520, 1, 0, 0
88950, 58880, 1, 0, 0
89050, 59520, 1, 0, 0
89150, 60800, 1, 0, 0
89249, 54949, 1, 0, 0
89349, 55680, 1, 0, 0
89449, 59520, 1, 0, 0
89549, 61440, 1, 0, 0
89649, 60800, 1, 0, 0
89749, 59520, 1, 0, 0
89849, 60160, 1, 0, 0
89949, 60160, 1, 0, 0
90050, 60160, 1, 0, 0
90150, 58880, 1, 0, 0
90249, 57535, 1, 0, 0
90349, 58240, 1, 0, 0
90449, 57600, 1, 0, 0
90549, 57600, 1, 0, 0
90649, 59520, 1, 0, 0
90749, 58880, 1, 0, 0
90849, 58240, 1, 0, 0
90949, 60800, 1, 0, 0
91049, 60800, 1, 0, 0
91150, 61440, 1, 0, 0
91250, 58240, 1, 0, 0
91350, 60160, 1, 0, 0
91450, 57600, 1, 0, 0
91550, 60800, 1, 0, 0
91650, 57600, 1, 0, 0
91749, 60767, 1, 0, 0
91849, 58880, 1, 0, 0
91949, 58240, 1, 0, 0
92049, 59520, 1, 0, 0
92149, 58880, 1, 0, 0
92250, 57600, 1, 0, 0
92350, 58880, 1, 0, 0
92450, 61440, 1, 0, 0
92550, 60800, 1, 0, 0
92650, 58880, 1, 0, 0
92749, 54949, 1, 0, 0
92849, 58240, 1, 0, 0
92949, 57600, 1, 0, 0
93049, 64640, 1, 0, 0
93149, 56320, 1, 0, 0
93249, 55680, 1, 0, 0
93349, 60160, 1, 0, 0
93449, 58880, 1, 0, 0
93550, 59520, 1, 0, 0
93650, 61440, 1, 0, 0
93749, 61414, 1, 0, 0
93849, 59520, 1, 0, 0
93949, 60160, 1, 0, 0
94049, 60160, 1, 0, 0
94149, 57600, 1, 0, 0
94249, 62080, 1, 0, 0
94349, 58240, 1, 0, 0
94449, 59520, 1, 0, 0
94549, 57600, 1, 0, 0
94649, 59520, 1, 0, 0
94750, 60160, 1, 0, 0
94850, 60160, 1, 0, 0
94950, 62080, 1, 0, 0
95050, 62080, 1, 0, 0
95150, 58240, 1, 0, 0
95249, 60121, 1, 0, 0
95349, 61440, 1, 0, 0
95449, 58880, 1, 0, 0
95549, 56960, 1, 0, 0
95649, 57600, 1, 0, 0
95749, 62080, 1, 0, 0
95849, 56960, 1, 0, 0
95950, 60800, 1, 0, 0
96050, 62080, 1, 0, 0
96150, 60800, 1, 0, 0
96249, 59474, 1, 0, 0
96349, 58880, 1, 0, 0
96449, 60160, 1, 0, 0
96549, 58880, 1, 0, 0
96649, 60160, 1, 0, 0
96749, 58880, 1, 0, 0
96849, 57600, 1, 0, 0
96949, 58880, 1, 0, 0
97049, 60800, 1, 0, 0
97149, 61440, 1, 0, 0
97250, 62080, 1, 0, 0
97350, 61440, 1, 0, 0
97450, 62080, 1, 0, 0
97550, 60800, 1, 0, 0
97650, 58880, 1, 0, 0
97749, 60767, 1, 0, 0
97849, 58880, 1, 0, 0
97949, 58240, 1, 0, 0
98049, 59520, 1, 0, 0
98149, 56320, 1, 0, 0
98249, 62080, 1, 0, 0
98349, 56960, 1, 0, 0
98449, 58240, 1, 0, 0
98550, 62080, 1, 0, 0
98650, 59520, 1, 0, 0
98749, 58828, 1, 0, 0
98849, 59520, 1, 0, 0
98949, 60160, 1, 0, 0
99049, 61440, 1, 0, 0
99149, 62080, 1, 0, 0
99249, 58880, 1, 0, 0
99349, 62720, 1, 0, 0
99449, 63360, 1, 0, 0
99549, 60160, 1, 0, 0
99650, 61440, 1, 0, 0
99750, 60160, 1, 0, 0
99850, 60800, 1, 0, 0
99950, 58880, 1, 0, 0
100050, 61440, 1, 0, 0
100150, 58880, 1, 0, 0
100249, 60767, 1, 0, 0
100349, 60800, 1, 0, 0
100449, 60160, 1, 0, 0
100549, 61440, 1, 0, 0
100649, 58880, 1, 0, 0
100749, 56960, 1, 0, 0
100850, 59520, 1, 0, 0
100950, 61440, 1, 0, 0
101050, 58880, 1, 0, 0
101150, 61440, 1, 0, 0
101249, 61414, 1, 0, 0
101349, 59520, 1, 0, 0
101449, 58880, 1, 0, 0
101549, 60800, 1, 0, 0
101649, 58880, 1, 0, 0
101749, 61440, 1, 0, 0
101849, 59520, 1, 0, 0
101949, 60160, 1, 0, 0
102050, 59520, 1, 0, 0
102150, 62080, 1, 0, 0
102249, 60121, 1, 0, 0
102349, 59520, 1, 0, 0
102449, 57600, 1, 0, 0
102549, 58240, 1, 0, 0
102649, 60800, 1, 0, 0
102749, 61440, 1, 0, 0
102849, 61440, 1, 0, 0
102949, 59520, 1, 0, 0
103049, 58880, 1, 0, 0
103150, 60160, 1, 0, 0
103250, 59520, 1, 0, 0
103350, 61440, 1, 0, 0
103450, 61440, 1, 0, 0
103550, 61440, 1, 0, 0
103650, 56320, 1, 0, 0
103749, 59474, 1, 0, 0
103849, 56320, 1, 0, 0
103949, 60160, 1, 0, 0
104049, 61440, 1, 0, 0
104149, 56960, 1, 0, 0
104249, 58240, 1, 0, 0
104350, 58240, 1, 0, 0
104450, 60160, 1, 0, 0
104550, 59520, 1, 0, 0
104650, 62720, 1, 0, 0
104749, 57535, 1, 0, 0
104849, 60800, 1, 0, 0
104949, 60160, 1, 0, 0
105049, 56320, 1, 0, 0
105149, 58880, 1, 0, 0
105249, 60800, 1, 0, 0
105349, 58240, 1, 0, 0
105449, 60160, 1, 0, 0
105550, 58880, 1, 0, 0
105650, 60800, 1, 0, 0
105749, 62060, 1, 0, 0
105849, 60800, 1, 0, 0
105949, 60160, 1, 0, 0
106049, 62080, 1, 0, 0
106149, 62080, 1, 0, 0
106249, 63360, 1, 0, 0
106349, 59520, 1, 0, 0
106449, 60160, 1, 0, 0
106549, 56960, 1, 0, 0
106649, 61440, 1, 0, 0
106750, 59520, 1, 0, 0
106850, 60800, 1, 0, 0
106950, 57600, 1, 0, 0
107050, 56320, 1, 0, 0
107150, 58240, 1, 0, 0
107249, 59474, 1, 0, 0
107349, 58240, 1, 0, 0
107449, 59520, 1, 0, 0
107549, 59520, 1, 0, 0
107649, 61440, 1, 0, 0
107749, 58240, 1, 0, 0
107849, 58880, 1, 0, 0
107950, 60800, 1, 0, 0
108050, 59520, 1, 0, 0
108150, 55680, 1, 0, 0
108249, 62060, 1, 0, 0
108349, 61440, 1, 0, 0
108449, 60160, 1, 0, 0
108549, 58880, 1, 0, 0
108649, 58880, 1, 0, 0
108749, 61440, 1, 0, 0
108849, 63360, 1, 0, 0
108949, 58240, 1, 0, 0
109049, 61440, 1, 0, 0
109150, 62720, 1, 0, 0
109250, 58880, 1, 0, 0
109350, 62080, 1, 0, 0
109450, 58240, 1, 0, 0
109550, 59520, 1, 0, 0
109650, 59520, 1, 0, 0
109749, 61414, 1, 0, 0
109849, 60800, 1, 0, 0
109949, 61440, 1, 0, 0
110049, 62080, 1, 0, 0
110149, 55680, 1, 0, 0
110250, 58240, 1, 0, 0
110350, 61440, 1, 0, 0
110450, 57600, 1, 0, 0
110550, 57600, 1, 0, 0
110650, 58240, 1, 0, 0
110749, 58828, 1, 0, 0
110849, 57600, 1, 0, 0
110949, 61440, 1, 0, 0
111049, 56320, 1, 0, 0
111149, 58880, 1, 0, 0
111249, 58880, 1, 0, 0
111349, 61440, 1, 0, 0
111449, 58880, 1, 0, 0
111550, 61440, 1, 0, 0
111650, 58240, 1, 0, 0
111749, 56242, 1, 0, 0
111849, 60160, 1, 0, 0
111949, 60160, 1, 0, 0
112049, 59520, 1, 0, 0
112149, 59520, 1, 0, 0
112249, 60800, 1, 0, 0
112349, 59520, 1, 0, 0
112449, 58880, 1, 0, 0
112549, 58240, 1, 0, 0
112649, 61440, 1, 0, 0
112750, 59520, 1, 0, 0
112850, 62080, 1, 0, 0
112950, 61440, 1, 0, 0
113050, 62080, 1, 0, 0
113150, 56960, 1, 0, 0
113249, 56888, 1, 0, 0
113349, 61440, 1, 0, 0
113449, 59520, 1, 0, 0
113549, 63360, 1, 0, 0
113649, 60160, 1, 0, 0
113749, 61440, 1, 0, 0
113849, 61440, 1, 0, 0
113950, 60800, 1, 0, 0
114050, 60800, 1, 0, 0
114150, 60160, 1, 0, 0
114249, 58181, 1, 0, 0
114349, 61440, 1, 0, 0
114449, 57600, 1, 0, 0
114549, 60800, 1, 0, 0
114649, 62080, 1, 0, 0
114749, 62080, 1, 0, 0
114849, 58240, 1, 0, 0
114949, 63360, 1, 0, 0
115050, 53760, 1, 0, 0
115150, 59520, 1, 0, 0
115249, 60767, 1, 0, 0
115349, 61440, 1, 0, 0
115449, 62080, 1, 0, 0
115549, 60800, 1, 0, 0
115649, 58240, 1, 0, 0
115749, 60160, 1, 0, 0
115849, 58880, 1, 0, 0
115949, 60800, 1, 0, 0
116049, 60160, 1, 0, 0
116149, 59520, 1, 0, 0
116250, 62080, 1, 0, 0
116350, 65280, 1, 0, 0
116450, 57600, 1, 0, 0
116550, 62720, 1, 0, 0
116650, 62720, 1, 0, 0
116749, 62707, 1, 0, 0
116849, 60160, 1, 0, 0
116949, 60800, 1, 0, 0
117049, 58240, 1, 0, 0
117149, 58880, 1, 0, 0
117249, 62080, 1, 0, 0
117349, 59520, 1, 0, 0
117450, 57600, 1, 0, 0
117550, 58240, 1, 0, 0
117650, 60160, 1, 0, 0
117749, 60767, 1, 0, 0
117849, 60160, 1, 0, 0
117949, 58240, 1, 0, 0
118049, 61440, 1, 0, 0
118149, 62720, 1, 0, 0
118249, 62720, 1, 0, 0
118349, 61440, 1, 0, 0
118449, 58880, 1, 0, 0
118549, 62080, 1, 0, 0
118649, 58880, 1, 0, 0
118750, 58880, 1, 0, 0
118850, 60800, 1, 0, 0
118950, 61440, 1, 0, 0
119050, 66560, 1, 0, 0
119150, 59520, 1, 0, 0
119249, 62707, 1, 0, 0
119349, 58240, 1, 0, 0
119449, 60160, 1, 0, 0
119549, 60800, 1, 0, 0
119649, 64640, 1, 0, 0
119749, 62080, 1, 0, 0
119849, 62080, 1, 0, 0
119950, 62080, 1, 0, 0
120050, 60160, 1, 0, 0
120150, 62080, 1, 0, 0
120249, 62707, 1, 0, 0
120349, 60800, 1, 0, 0
120449, 64000, 1, 0, 0
120549, 62080, 1, 0, 0
120649, 63360, 1, 0, 0
120749, 62080, 1, 0, 0
120849, 63360, 1, 0, 0
120949, 60800, 1, 0, 0
121050, 59520, 1, 0, 0
121150, 60160, 1, 0, 0
121250, 61440, 1, 0, 0
121350, 63360, 1, 0, 0
121450, 62720, 1, 0, 0
121550, 60800, 1, 0, 0
121650, 62080, 1, 0, 0
121749, 60767, 1, 0, 0
121849, 60160, 1, 0, 0
121949, 56960, 1, 0, 0
122049, 59520, 1, 0, 0
122149, 59520, 1, 0, 0
122250, 64000, 1, 0, 0
122350, 60800, 1, 0, 0
122450, 61440, 1, 0, 0
122550, 62080, 1, 0, 0
122650, 62080, 1, 0, 0
122749, 62060, 1, 0, 0
122849, 60800, 1, 0, 0
122949, 60160, 1, 0, 0
123049, 62720, 1, 0, 0
123149, 62080, 1, 0, 0
123249, 56320, 1, 0, 0
123349, 56320, 1, 0, 0
123450, 60800, 1, 0, 0
123550, 60800, 1, 0, 0
123650, 57600, 1, 0, 0
123749, 59474, 1, 0, 0
123849, 63360, 1, 0, 0
123949, 61440, 1, 0, 0
124049, 64000, 1, 0, 0
124149, 60160, 1, 0, 0
124249, 60160, 1, 0, 0
124349, 59520, 1, 0, 0
124449, 62720, 1, 0, 0
124549, 58240, 1, 0, 0
124650, 64000, 1, 0, 0
124750, 64640, 1, 0, 0
124850, 61440, 1, 0, 0
124950, 60800, 1, 0, 0
125050, 58880, 1, 0, 0
125150, 58880, 1, 0, 0
125249, 61414, 1, 0, 0
125349, 60800, 1, 0, 0
125449, 59520, 1, 0, 0
125549, 58880, 1, 0, 0
125649, 63360, 1, 0, 0
125749, 62720, 1, 0, 0
125850, 65920, 1, 0, 0
125950, 62080, 1, 0, 0
126050, 59520, 1, 0, 0
126150, 57600, 1, 0, 0
126249, 63353, 1, 0, 0
126349, 62080, 1, 0, 0
126449, 62080, 1, 0, 0
126549, 59520, 1, 0, 0
126649, 61440, 1, 0, 0
126749, 58880, 1, 0, 0
126849, 59520, 1, 0, 0
126949, 64640, 1, 0, 0
127050, 58880, 1, 0, 0
127150, 61440, 1, 0, 0
127249, 62060, 1, 0, 0
127349, 62080, 1, 0, 0
127449, 64000, 1, 0, 0
127549, 64000, 1, 0, 0
127649, 58880, 1, 0, 0
127749, 60800, 1, 0, 0
127849, 57600, 1, 0, 0
127949, 60160, 1, 0, 0
128049, 62720, 1, 0, 0
128149, 58240, 1, 0, 0
128250, 62080, 1, 0, 0
128350, 64000, 1, 0, 0
128450, 62080, 1, 0, 0
128550, 61440, 1, 0, 0
128650, 63360, 1, 0, 0
128749, 60121, 1, 0, 0
128849, 62720, 1, 0, 0
128949, 60160, 1, 0, 0
129049, 60160, 1, 0, 0
129149, 62080, 1, 0, 0
129249, 62080, 1, 0, 0
129349, 60160, 1, 0, 0
129449, 61440, 1, 0, 0
129550, 64000, 1, 0, 0
129650, 61440, 1, 0, 0
129749, 58828, 1, 0, 0
129849, 61440, 1, 0, 0
129949, 60800, 1, 0, 0
130049, 59520, 1, 0, 0
130149, 62720, 1, 0, 0
130249, 61440, 1, 0, 0
130349, 60160, 1, 0, 0
130449, 58240, 1, 0, 0
130549, 61440, 1, 0, 0
130649, 62720, 1, 0, 0
130750, 58240, 1, 0, 0
130850, 58240, 1, 0, 0
130950, 58880, 1, 0, 0
131050, 58880, 1, 0, 0
131150, 60800, 1, 0, 0
131249, 63353, 1, 0, 0
131349, 64000, 1, 0, 0
131449, 58880, 1, 0, 0
131549, 62080, 1, 0, 0
131649, 60160, 1, 0, 0
131749, 58240, 1, 0, 0
131849, 62720, 1, 0, 0
131949, 56960, 1, 0, 0
132050, 58880, 1, 0, 0
132150, 58880, 1, 0, 0
132249, 60121, 1, 0, 0
132349, 57600, 1, 0, 0
132449, 59520, 1, 0, 0
132549, 60800, 1, 0, 0
132649, 62720, 1, 0, 0
132749, 62080, 1, 0, 0
132849, 60160, 1, 0, 0
132949, 60160, 1, 0, 0
133049, 60800, 1, 0, 0
133149, 61440, 1, 0, 0
133250, 59520, 1, 0, 0
133350, 61440, 1, 0, 0
133450, 62080, 1, 0, 0
133550, 59520, 1, 0, 0
133650, 60160, 1, 0, 0
133749, 59474, 1, 0, 0
133849, 58880, 1, 0, 0
133949, 60800, 1, 0, 0
134049, 57600, 1, 0, 0
134149, 59520, 1, 0, 0
134249, 60800, 1, 0, 0
134349, 60160, 1, 0, 0
134449, 56960, 1, 0, 0
134550, 56960, 1, 0, 0
134650, 64000, 1, 0, 0
134749, 63353, 1, 0, 0
134849, 60160, 1, 0, 0
134949, 61440, 1, 0, 0
135049, 56960, 1, 0, 0
135149, 61440, 1, 0, 0
135249, 64000, 1, 0, 0
135349, 62080, 1, 0, 0
135449, 57600, 1, 0, 0
135549, 61440, 1, 0, 0
135650, 58880, 1, 0, 0
135750, 60160, 1, 0, 0
135850, 61440, 1, 0, 0
135950, 59520, 1, 0, 0
136050, 60800, 1, 0, 0
136150, 58880, 1, 0, 0
136249, 59474, 1, 0, 0
136349, 60800, 1, 0, 0
136449, 60160, 1, 0, 0
136549, 58880, 1, 0, 0
136649, 58880, 1, 0, 0
136750, 60160, 1, 0, 0
136850, 60800, 1, 0, 0
136950, 56320, 1, 0, 0
137050, 60800, 1, 0, 0
137150, 58240, 1, 0, 0
137249, 58828, 1, 0, 0
137349, 58240, 1, 0, 0
137449, 63360, 1, 0, 0
137549, 62080, 1, 0, 0
137649, 59520, 1, 0, 0
137749, 62080, 1, 0, 0
137849, 62080, 1, 0, 0
137949, 61440, 1, 0, 0
138050, 59520, 1, 0, 0
138150, 62720, 1, 0, 0
138249, 60767, 1, 0, 0
138349, 58880, 1, 0, 0
138449, 63360, 1, 0, 0
138549, 63360, 1, 0, 0
138649, 59520, 1, 0, 0
138749, 60160, 1, 0, 0
138849, 61440, 1, 0, 0
138949, 59520, 1, 0, 0
139049, 60800, 1, 0, 0
139149, 62080, 1, 0, 0
139250, 58240, 1, 0, 0
139350, 61440, 1, 0, 0
139450, 62080, 1, 0, 0
139550, 59520, 1, 0, 0
139650, 62080, 1, 0, 0
139749, 63353, 1, 0, 0
139849, 61440, 1, 0, 0
139949, 61440, 1, 0, 0
140049, 56960, 1, 0, 0
140149, 59520, 1, 0, 0
140249, 58880, 1, 0, 0
140349, 58880, 1, 0, 0
140450, 59520, 1, 0, 0
140550, 60800, 1, 0, 0
140650, 62080, 1, 0, 0
140749, 59474, 1, 0, 0
140849, 60800, 1, 0, 0
140949, 61440, 1, 0, 0
141049, 64000, 1, 0, 0
141149, 62080, 1, 0, 0
141249, 60800, 1, 0, 0
141349, 55680, 1, 0, 0
141449, 60160, 1, 0, 0
141549, 59520, 1, 0, 0
141649, 62720, 1, 0, 0
141750, 60160, 1, 0, 0
141850, 62080, 1, 0, 0
141950, 58880, 1, 0, 0
142050, 60160, 1, 0, 0
142150, 57600, 1, 0, 0
142249, 56242, 1, 0, 0
142349, 58880, 1, 0, 0
142449, 59520, 1, 0, 0
142549, 60800, 1, 0, 0
142649, 55680, 1, 0, 0
142749, 60800, 1, 0, 0
142849, 60160, 1, 0, 0
142950, 58880, 1, 0, 0
143050, 60160, 1, 0, 0
143150, 60160, 1, 0, 0
143249, 60121, 1, 0, 0
143349, 56960, 1, 0, 0
143449, 62080, 1, 0, 0
143549, 57600, 1, 0, 0
143649, 60800, 1, 0, 0
143749, 56960, 1, 0, 0
143849, 61440, 1, 0, 0
143949, 58880, 1, 0, 0
144049, 60800, 1, 0, 0
144149, 60800, 1, 0, 0
144250, 61440, 1, 0, 0
144350, 62720, 1, 0, 0
144450, 60160, 1, 0, 0
144550, 60160, 1, 0, 0
144650, 60800, 1, 0, 0
144749, 58828, 1, 0, 0
144849, 62080, 1, 0, 0
144949, 59520, 1, 0, 0
145049, 60160, 1, 0, 0
145149, 59520, 1, 0, 0
145249, 61440, 1, 0, 0
145349, 60800, 1, 0, 0
145450, 61440, 1, 0, 0
145550, 60800, 1, 0, 0
145650, 62080, 1, 0, 0
145749, 60121, 1, 0, 0
145849, 60800, 1, 0, 0
145949, 62720, 1, 0, 0
146049, 62080, 1, 0, 0
146149, 59520, 1, 0, 0
146249, 60800, 1, 0, 0
146349, 58240, 1, 0, 0
146449, 59520, 1, 0, 0
146550, 58880, 1, 0, 0
146650, 57600, 1, 0, 0
146750, 59520, 1, 0, 0
146850, 59520, 1, 0, 0
146950, 59520, 1, 0, 0
147050, 61440, 1, 0, 0
147150, 62080, 1, 0, 0
147249, 58181, 1, 0, 0
147349, 60160, 1, 0, 0
147449, 62720, 1, 0, 0
147549, 64640, 1, 0, 0
147649, 58240, 1, 0, 0
147750, 59520, 1, 0, 0
147850, 62720, 1, 0, 0
147950, 59520, 1, 0, 0
148050, 59520, 1, 0, 0
148150, 61440, 1, 0, 0
148249, 60121, 1, 0, 0
148349, 57600, 1, 0, 0
148449, 60800, 1, 0, 0
148549, 61440, 1, 0, 0
148649, 60160, 1, 0, 0
148749, 60800, 1, 0, 0
148849, 60160, 1, 0, 0
148949, 61440, 1, 0, 0
149050, 58240, 1, 0, 0
149150, 58240, 1, 0, 0
149249, 61414, 1, 0, 0
149349, 61440, 1, 0, 0
149449, 61440, 1, 0, 0
149549, 60160, 1, 0, 0
149649, 59520, 1, 0, 0
149749, 58880, 1, 0, 0
149849, 62080, 1, 0, 0
149949, 61440, 1, 0, 0
150049, 57600, 1, 0, 0
150149, 59520, 1, 0, 0
150250, 60800, 1, 0, 0
150350, 61440, 1, 0, 0
150450, 61440, 1, 0, 0
150550, 60800, 1, 0, 0
150650, 61440, 1, 0, 0
150749, 63353, 1, 0, 0
150849, 61440, 1, 0, 0
150949, 60800, 1, 0, 0
151049, 64640, 1, 0, 0
151149, 60800, 1, 0, 0
151249, 58880, 1, 0, 0
151350, 59520, 1, 0, 0
151450, 59520, 1, 0, 0
151550, 60160, 1, 0, 0
151650, 60800, 1, 0, 0
151749, 59474, 1, 0, 0
151849, 65280, 1, 0, 0
151949, 60800, 1, 0, 0
152049, 58880, 1, 0, 0
152149, 60160, 1, 0, 0
152249, 60800, 1, 0, 0
152349, 60160, 1, 0, 0
152449, 59520, 1, 0, 0
152550, 61440, 1, 0, 0
152650, 62080, 1, 0, 0
152749, 58828, 1, 0, 0
152849, 61440, 1, 0, 0
152949, 61440, 1, 0, 0
153049, 62080, 1, 0, 0
153149, 63360, 1, 0, 0
153249, 58240, 1, 0, 0
153349, 60800, 1, 0, 0
153449, 58880, 1, 0, 0
153549, 61440, 1, 0, 0
153649, 59520, 1, 0, 0
153750, 58880, 1, 0, 0
153850, 62080, 1, 0, 0
153950, 62720, 1, 0, 0
154050, 60160, 1, 0, 0
154150, 58880, 1, 0, 0
154249, 59474, 1, 0, 0
154349, 60800, 1, 0, 0
154449, 61440, 1, 0, 0
154549, 60160, 1, 0, 0
154649, 61440, 1, 0, 0
154749, 60160, 1, 0, 0
154849, 59520, 1, 0, 0
154949, 57600, 1, 0, 0
155050, 61440, 1, 0, 0
155150, 61440, 1, 0, 0
155249, 55595, 1, 0, 0
155349, 58240, 1, 0, 0
155449, 56960, 1, 0, 0
155549, 59520, 1, 0, 0
155649, 60160, 1, 0, 0
155749, 64640, 1, 0, 0
155849, 60160, 1, 0, 0
155949, 62720, 1, 0, 0
156050, 60160, 1, 0, 0
156150, 62720, 1, 0, 0
156250, 61440, 1, 0, 0
156350, 63360, 1, 0, 0
156450, 61440, 1, 0, 0
156550, 62080, 1, 0, 0
156650, 59520, 1, 0, 0
156749, 60121, 1, 0, 0
156849, 59520, 1, 0, 0
156949, 60160, 1, 0, 0
157049, 61440, 1, 0, 0
157149, 62080, 1, 0, 0
157250, 59520, 1, 0, 0
157350, 63360, 1, 0, 0
157450, 60160, 1, 0, 0
157550, 59520, 1, 0, 0
157650, 59520, 1, 0, 0
157749, 57535, 1, 0, 0
157849, 56320, 1, 0, 0
157949, 57600, 1, 0, 0
158049, 58880, 1, 0, 0
158149, 57600, 1, 0, 0
158249, 65280, 1, 0, 0
158349, 64000, 1, 0, 0
158449, 60800, 1, 0, 0
158550, 60160, 1, 0, 0
158650, 60800, 1, 0, 0
158749, 60767, 1, 0, 0
158849, 58240, 1, 0, 0
158949, 62080, 1, 0, 0
159049, 60160, 1, 0, 0
159149, 64000, 1, 0, 0
159249, 62720, 1, 0, 0
159349, 61440, 1, 0, 0
159449, 58880, 1, 0, 0
159549, 60160, 1, 0, 0
159650, 62720, 1, 0, 0
159750, 60160, 1, 0, 0
159850, 61440, 1, 0, 0
159950, 60160, 1, 0, 0
160050, 58880, 1, 0, 0
160150, 58880, 1, 0, 0
160249, 58181, 1, 0, 0
160349, 58880, 1, 0, 0
160449, 58880, 1, 0, 0
160549, 58240, 1, 0, 0
160649, 58240, 1, 0, 0
160750, 58880, 1, 0, 0
160850, 59520, 1, 0, 0
160950, 58880, 1, 0, 0
161050, 60800, 1, 0, 0
161150, 61440, 1, 0, 0
161249, 60767, 1, 0, 0
161349, 60160, 1, 0, 0
161449, 58880, 1, 0, 0
161549, 57600, 1, 0, 0
161649, 59520, 1, 0, 0
161749, 60160, 1, 0, 0
161849, 60800, 1, 0, 0
161949, 58880, 1, 0, 0
162050, 62720, 1, 0, 0
162150, 61440, 1, 0, 0
162249, 59474, 1, 0, 0
162349, 60800, 1, 0, 0
162449, 61440, 1, 0, 0
162549, 58880, 1, 0, 0
162649, 60800, 1, 0, 0
162749, 58880, 1, 0, 0
162849, 58240, 1, 0, 0
162949, 60160, 1, 0, 0
163049, 60800, 1, 0, 0
163150, 56960, 1, 0, 0
163250, 60800, 1, 0, 0
163350, 60800, 1, 0, 0
163450, 60160, 1, 0, 0
163550, 62720, 1, 0, 0
163650, 58880, 1, 0, 0
163749, 58181, 1, 0, 0
163849, 62080, 1, 0, 0
163949, 60800, 1, 0, 0
164049, 62720, 1, 0, 0
164149, 60160, 1, 0, 0
164250, 58240, 1, 0, 0
164350, 62080, 1, 0, 0
164450, 62080, 1, 0, 0
164550, 59520, 1, 0, 0
164650, 58240, 1, 0, 0
164749, 60121, 1, 0, 0
164849, 59520, 1, 0, 0
164949, 61440, 1, 0, 0
165049, 59520, 1, 0, 0
165149, 58880, 1, 0, 0
165249, 58240, 1, 0, 0
165349, 59520, 1, 0, 0
165449, 59520, 1, 0, 0
165550, 60160, 1, 0, 0
165650, 60160, 1, 0, 0
165749, 59474, 1, 0, 0
165849, 58880, 1, 0, 0
165949, 56320, 1, 0, 0
166049, 62720, 1, 0, 0
166149, 60160, 1, 0, 0
166249, 58880, 1, 0, 0
166349, 60160, 1, 0, 0
166449, 60160, 1, 0, 0
166549, 56960, 1, 0, 0
166649, 60160, 1, 0, 0
166750, 56960, 1, 0, 0
166850, 58240, 1, 0, 0
166950, 60160, 1, 0, 0
167050, 59520, 1, 0, 0
167150, 59520, 1, 0, 0
167249, 63353, 1, 0, 0
167349, 60800, 1, 0, 0
167449, 62080, 1, 0, 0
167549, 60160, 1, 0, 0
167649, 61440, 1, 0, 0
167749, 60800, 1, 0, 0
167849, 62080, 1, 0, 0
167950, 60160, 1, 0, 0
168050, 61440, 1, 0, 0
168150, 58880, 1, 0, 0
168249, 62060, 1, 0, 0
168349, 60800, 1, 0, 0
168449, 61440, 1, 0, 0
168549, 62080, 1, 0, 0
168649, 59520, 1, 0, 0
168749, 62720, 1, 0, 0
168849, 60160, 1, 0, 0
168949, 59520, 1, 0, 0
169050, 59520, 1, 0, 0
169150, 62080, 1, 0, 0
169250, 58880, 1, 0, 0
169350, 58880, 1, 0, 0
169450, 62080, 1, 0, 0
169550, 62080, 1, 0, 0
169650, 60800, 1, 0, 0
169749, 60767, 1, 0, 0
169849, 62720, 1, 0, 0
169949, 58880, 1, 0, 0
170049, 58880, 1, 0, 0
170149, 60800, 1, 0, 0
170250, 64640, 1, 0, 0
170350, 60800, 1, 0, 0
170450, 62720, 1, 0, 0
170550, 62720, 1, 0, 0
170650, 58880, 1, 0, 0
170749, 60767, 1, 0, 0
170849, 58880, 1, 0, 0
170949, 63360, 1, 0, 0
171049, 62080, 1, 0, 0
171149, 61440, 1, 0, 0
171249, 60800, 1, 0, 0
171349, 64640, 1, 0, 0
171449, 60800, 1, 0, 0
171550, 61440, 1, 0, 0
171650, 60800, 1, 0, 0
171749, 59474, 1, 0, 0
171849, 61440, 1, 0, 0
171949, 60160, 1, 0, 0
172049, 56320, 1, 0, 0
172149, 63360, 1, 0, 0
172249, 56320, 1, 0, 0
172349, 58880, 1, 0, 0
172449, 59520, 1, 0, 0
172549, 62080, 1, 0, 0
172649, 58880, 1, 0, 0
172750, 56960, 1, 0, 0
172850, 60800, 1, 0, 0
172950, 58240, 1, 0, 0
173050, 59520, 1, 0, 0
173150, 58240, 1, 0, 0
173249, 59474, 1, 0, 0
173349, 59520, 1, 0, 0
173449, 60800, 1, 0, 0
173549, 62720, 1, 0, 0
173649, 61440, 1, 0, 0
173749, 64640, 1, 0, 0
173849, 59520, 1, 0, 0
173949, 59520, 1, 0, 0
174050, 62720, 1, 0, 0
174150, 60160, 1, 0, 0
174249, 60121, 1, 0, 0
174349, 60800, 1, 0, 0
174449, 62080, 1, 0, 0
174549, 60800, 1, 0, 0
174649, 58240, 1, 0, 0
174749, 59520, 1, 0, 0
174849, 60800, 1, 0, 0
174949, 61440, 1, 0, 0
175049, 60800, 1, 0, 0
175150, 58880, 1, 0, 0
175250, 60160, 1, 0, 0
175350, 60800, 1, 0, 0
175450, 60800, 1, 0, 0
175550, 58880, 1, 0, 0
175650, 59520, 1, 0, 0
175749, 62060, 1, 0, 0
175849, 62080, 1, 0, 0
175949, 59520, 1, 0, 0
176049, 60160, 1, 0, 0
176149, 61440, 1, 0, 0
176250, 58240, 1, 0, 0
176350, 61440, 1, 0, 0
176450, 62080, 1, 0, 0
176550, 60800, 1, 0, 0
176650, 61440, 1, 0, 0
176749, 62707, 1, 0, 0
176849, 58880, 1, 0, 0
176949, 61440, 1, 0, 0
177049, 60800, 1, 0, 0
177149, 65920, 1, 0, 0
177249, 63360, 1, 0, 0
177349, 61440, 1, 0, 0
177449, 62720, 1, 0, 0
177550, 62080, 1, 0, 0
177650, 63360, 1, 0, 0
177749, 58181, 1, 0, 0
177849, 61440, 1, 0, 0
177949, 60160, 1, 0, 0
178049, 60160, 1, 0, 0
178149, 62720, 1, 0, 0
178249, 60800, 1, 0, 0
178349, 58880, 1, 0, 0
178449, 59520, 1, 0, 0
178549, 62080, 1, 0, 0
178649, 58240, 1, 0, 0
178750, 62720, 1, 0, 0
178850, 61440, 1, 0, 0
178950, 59520, 1, 0, 0
179050, 63360, 1, 0, 0
179150, 57600, 1, 0, 0
179249, 58828, 1, 0, 0
179349, 60160, 1, 0, 0
179449, 61440, 1, 0, 0
179549, 62720, 1, 0, 0
179649, 62080, 1, 0, 0
179749, 62720, 1, 0, 0
179849, 62720, 1, 0, 0
179949, 65280, 1, 0, 0
180050, 63360, 1, 0, 0
180150, 64640, 1, 0, 0
180249, 62707, 1, 0, 0
180349, 58880, 1, 0, 0
180449, 63360, 1, 0, 0
180549, 64640, 1, 0, 0
180649, 62720, 1, 0, 0
180749, 62080, 1, 0, 0
180849, 62080, 1, 0, 0
180949, 61440, 1, 0, 0
181049, 58880, 1, 0, 0
181149, 62080, 1, 0, 0
181250, 62080, 1, 0, 0
181350, 62080, 1, 0, 0
181450, 62720, 1, 0, 0
181550, 62080, 1, 0, 0
181650, 61440, 1, 0, 0
181749, 62707, 1, 0, 0
181849, 62080, 1, 0, 0
181949, 61440, 1, 0, 0
182049, 57600, 1, 0, 0
182149, 59520, 1, 0, 0
182249, 64640, 1, 0, 0
182349, 60800, 1, 0, 0
182450, 62720, 1, 0, 0
182550, 61440, 1, 0, 0
182650, 62080, 1, 0, 0
182749, 57535, 1, 0, 0
182849, 62080, 1, 0, 0
182949, 61440, 1, 0, 0
183049, 58240, 1, 0, 0
183149, 62080, 1, 0, 0
183249, 60800, 1, 0, 0
183349, 60160, 1, 0, 0
183449, 60800, 1, 0, 0
183549, 60160, 1, 0, 0
183650, 62080, 1, 0, 0
183750, 62720, 1, 0, 0
183850, 60160, 1, 0, 0
183950, 60800, 1, 0, 0
184050, 61440, 1, 0, 0
184150, 65920, 1, 0, 0
184249, 59474, 1, 0, 0
184349, 60800, 1, 0, 0
184449, 61440, 1, 0, 0
184549, 59520, 1, 0, 0
184649, 58240, 1, 0, 0
184750, 61440, 1, 0, 0
184850, 61440, 1, 0, 0
184950, 61440, 1, 0, 0
185050, 60800, 1, 0, 0
185150, 58880, 1, 0, 0
185249, 59474, 1, 0, 0
185349, 57600, 1, 0, 0
185449, 57600, 1, 0, 0
185549, 59520, 1, 0, 0
185649, 59520, 1, 0, 0
185749, 61440, 1, 0, 0
185849, 62080, 1, 0, 0
185950, 63360, 1, 0, 0
186050, 63360, 1, 0, 0
186150, 61440, 1, 0, 0
186249, 62707, 1, 0, 0
186349, 61440, 1, 0, 0
186449, 62720, 1, 0, 0
186549, 60800, 1, 0, 0
186649, 62080, 1, 0, 0
186749, 60800, 1, 0, 0
186849, 61440, 1, 0, 0
186949, 63360, 1, 0, 0
187050, 64000, 1, 0, 0
187150, 61440, 1, 0, 0
187250, 62720, 1, 0, 0
187350, 61440, 1, 0, 0
187450, 60800, 1, 0, 0
187550, 62080, 1, 0, 0
187650, 61440, 1, 0, 0
187749, 64000, 1, 0, 0
187849, 62080, 1, 0, 0
187949, 63360, 1, 0, 0
188049, 62080, 1, 0, 0
188149, 60160, 1, 0, 0
188250, 58880, 1, 0, 0
188350, 62720, 1, 0, 0
188450, 58880, 1, 0, 0
188550, 62080, 1, 0, 0
188650, 62080, 1, 0, 0
188749, 65292, 1, 0, 0
188849, 62720, 1, 0, 0
188949, 59520, 1, 0, 0
189049, 62720, 1, 0, 0
189149, 60800, 1, 0, 0
189249, 60800, 1, 0, 0
189349, 62080, 1, 0, 0
189449, 64000, 1, 0, 0
189550, 60800, 1, 0, 0
189650, 64000, 1, 0, 0
189749, 60767, 1, 0, 0
189849, 64000, 1, 0, 0
189949, 58880, 1, 0, 0
190049, 59520, 1, 0, 0
190149, 61440, 1, 0, 0
190249, 62720, 1, 0, 0
190349, 62080, 1, 0, 0
190449, 62080, 1, 0, 0
190549, 65280, 1, 0, 0
190649, 61440, 1, 0, 0
190750, 64000, 1, 0, 0
190850, 60800, 1, 0, 0
190950, 59520, 1, 0, 0
191050, 61440, 1, 0, 0
191150, 59520, 1, 0, 0
191249, 65292, 1, 0, 0
191349, 60160, 1, 0, 0
191449, 60160, 1, 0, 0
191549, 65280, 1, 0, 0
191649, 61440, 1, 0, 0
191749, 61440, 1, 0, 0
191849, 59520, 1, 0, 0
191949, 58880, 1, 0, 0
192050, 62080, 1, 0, 0
192150, 58240, 1, 0, 0
192249, 62060, 1, 0, 0
192349, 62080, 1, 0, 0
192449, 61440, 1, 0, 0
192549, 63360, 1, 0, 0
192649, 64000, 1, 0, 0
192749, 63360, 1, 0, 0
192849, 62080, 1, 0, 0
192949, 64640, 1, 0, 0
193050, 64000, 1, 0, 0
193150, 64000, 1, 0, 0
193250, 59520, 1, 0, 0
193350, 62720, 1, 0, 0
193450, 62720, 1, 0, 0
193550, 60800, 1, 0, 0
193650, 61440, 1, 0, 0
193749, 62060, 1, 0, 0
193849, 59520, 1, 0, 0
193949, 60160, 1, 0, 0
194049, 62080, 1, 0, 0
194149, 62720, 1, 0, 0
194250, 61440, 1, 0, 0
194350, 56320, 1, 0, 0
194450, 60800, 1, 0, 0
194550, 60800, 1, 0, 0
194650, 62720, 1, 0, 0
194749, 62060, 1, 0, 0
194849, 60800, 1, 0, 0
194949, 56960, 1, 0, 0
195049, 63360, 1, 0, 0
195149, 58880, 1, 0, 0
195249, 62720, 1, 0, 0
195349, 61440, 1, 0, 0
195450, 64000, 1, 0, 0
195550, 61440, 1, 0, 0
195650, 61440, 1, 0, 0
195749, 60767, 1, 0, 0
195849, 60800, 1, 0, 0
195949, 62720, 1, 0, 0
196049, 58880, 1, 0, 0
196149, 55680, 1, 0, 0
196249, 62080, 1, 0, 0
196349, 60160, 1, 0, 0
196449, 56960, 1, 0, 0
196550, 60800, 1, 0, 0
196650, 60800, 1, 0, 0
196749, 60121, 1, 0, 0
196849, 57600, 1, 0, 0
196949, 60800, 1, 0, 0
197049, 63360, 1, 0, 0
197149, 62720, 1, 0, 0
197249, 60800, 1, 0, 0
197349, 62080, 1, 0, 0
197449, 60800, 1, 0, 0
197549, 62080, 1, 0, 0
197650, 58240, 1, 0, 0
197750, 60160, 1, 0, 0
197850, 58880, 1, 0, 0
197950, 60800, 1, 0, 0
198050, 62080, 1, 0, 0
198150, 63360, 1, 0, 0
198249, 62707, 1, 0, 0
198349, 62720, 1, 0, 0
198449, 63360, 1, 0, 0
198549, 65920, 1, 0, 0
198649, 59520, 1, 0, 0
198749, 59520, 1, 0, 0
198850, 62080, 1, 0, 0
198950, 61440, 1, 0, 0
199050, 62720, 1, 0, 0
199150, 56320, 1, 0, 0
199249, 60767, 1, 0, 0
199349, 60800, 1, 0, 0
199449, 57600, 1, 0, 0
199549, 58880, 1, 0, 0
199649, 60160, 1, 0, 0
199749, 60160, 1, 0, 0
199849, 62080, 1, 0, 0
199949, 60800, 1, 0, 0
200050, 62720, 1, 0, 0
200150, 63360, 1, 0, 0
200250, 60800, 1, 0, 0
200350, 60160, 1, 0, 0
200450, 62080, 1, 0, 0
200550, 62720, 1, 0, 0
200650, 63360, 1, 0, 0
200749, 63353, 1, 0, 0
200849, 62720, 1, 0, 0
200949, 62080, 1, 0, 0
201049, 62720, 1, 0, 0
201149, 61440, 1, 0, 0
201250, 62080, 1, 0, 0
201350, 60160, 1, 0, 0
201450, 58240, 1, 0, 0
201550, 60800, 1, 0, 0
201650, 60800, 1, 0, 0
201749, 60767, 1, 0, 0
201849, 64640, 1, 0, 0
201949, 61440, 1, 0, 0
202049, 60160, 1, 0, 0
202149, 63360, 1, 0, 0
202249, 60160, 1, 0, 0
202349, 64000, 1, 0, 0
202450, 59520, 1, 0, 0
202550, 59520, 1, 0, 0
202650, 53760, 1, 0, 0
202749, 62707, 1, 0, 0
202849, 64640, 1, 0, 0
202949, 62720, 1, 0, 0
203049, 63360, 1, 0, 0
203149, 62080, 1, 0, 0
203249, 62080, 1, 0, 0
203349, 62720, 1, 0, 0
203449, 64000, 1, 0, 0
203550, 65280, 1, 0, 0
203650, 59520, 1, 0, 0
203750, 63360, 1, 0, 0
203850, 61440, 1, 0, 0
203950, 62080, 1, 0, 0
204050, 62080, 1, 0, 0
204150, 63360, 1, 0, 0
204249, 62707, 1, 0, 0
204349, 64000, 1, 0, 0
204449, 61440, 1, 0, 0
204549, 60800, 1, 0, 0
204649, 62720, 1, 0, 0
204750, 59520, 1, 0, 0
204850, 60800, 1, 0, 0
204950, 58880, 1, 0, 0
205050, 61440, 1, 0, 0
205150, 63360, 1, 0, 0
205249, 60767, 1, 0, 0
205349, 66560, 1, 0, 0
205449, 64000, 1, 0, 0
205549, 62080, 1, 0, 0
205649, 65280, 1, 0, 0
205749, 59520, 1, 0, 0
205849, 62080, 1, 0, 0
205950, 64640, 1, 0, 0
206050, 62720, 1, 0, 0
206150, 63360, 1, 0, 0
206249, 62707, 1, 0, 0
206349, 64000, 1, 0, 0
206449, 62720, 1, 0, 0
206549, 61440, 1, 0, 0
206649, 62720, 1, 0, 0
206749, 62080, 1, 0, 0
206849, 60160, 1, 0, 0
206949, 60160, 1, 0, 0
207050, 60160, 1, 0, 0
207150, 59520, 1, 0, 0
207250, 62720, 1, 0, 0
207350, 60160, 1, 0, 0
207450, 59520, 1, 0, 0
207550, 64640, 1, 0, 0
207650, 61440, 1, 0, 0
207749, 61414, 1, 0, 0
207849, 60160, 1, 0, 0
207949, 60160, 1, 0, 0
208049, 60800, 1, 0, 0
208149, 58240, 1, 0, 0
208250, 62720, 1, 0, 0
208350, 57600, 1, 0, 0
208450, 63360, 1, 0, 0
208550, 61440, 1, 0, 0
208650, 61440, 1, 0, 0
208749, 63353, 1, 0, 0
208849, 60800, 1, 0, 0
208949, 61440, 1, 0, 0
209049, 59520, 1, 0, 0
209149, 62080, 1, 0, 0
209249, 58880, 1, 0, 0
209349, 62720, 1, 0, 0
209449, 62720, 1, 0, 0
209550, 60800, 1, 0, 0
209650, 60160, 1, 0, 0
209749, 62060, 1, 0, 0
209849, 59520, 1, 0, 0
209949, 65280, 1, 0, 0
210049, 61440, 1, 0, 0
210149, 62080, 1, 0, 0
210249, 59520, 1, 0, 0
210349, 60800, 1, 0, 0
210449, 60160, 1, 0, 0
210550, 61440, 1, 0, 0
210650, 59520, 1, 0, 0
210750, 60160, 1, 0, 0
210850, 62080, 1, 0, 0
210950, 57600, 1, 0, 0
211050, 61440, 1, 0, 0
211150, 60160, 1, 0, 0
211249, 62060, 1, 0, 0
211349, 62080, 1, 0, 0
211449, 62080, 1, 0, 0
211549, 59520, 1, 0, 0
211649, 61440, 1, 0, 0
211750, 62720, 1, 0, 0
211850, 61440, 1, 0, 0
211950, 60160, 1, 0, 0
212050, 60160, 1, 0, 0
212150, 58880, 1, 0, 0
212249, 60121, 1, 0, 0
212349, 58880, 1, 0, 0
212449, 57600, 1, 0, 0
212549, 58880, 1, 0, 0
212649, 62080, 1, 0, 0
212749, 60160, 1, 0, 0
212849, 58240, 1, 0, 0
212949, 62080, 1, 0, 0
213050, 62080, 1, 0, 0
213150, 62080, 1, 0, 0
213249, 61414, 1, 0, 0
213349, 62720, 1, 0, 0
213449, 61440, 1, 0, 0
213549, 58240, 1, 0, 0
213649, 60800, 1, 0, 0
213749, 60800, 1, 0, 0
213849, 62720, 1, 0, 0
213949, 62720, 1, 0, 0
214049, 57600, 1, 0, 0
214149, 58880, 1, 0, 0
214250, 59520, 1, 0, 0
214350, 61440, 1, 0, 0
214450, 60800, 1, 0, 0
214550, 61440, 1, 0, 0
214650, 60160, 1, 0, 0
214749, 60767, 1, 0, 0
214849, 58240, 1, 0, 0
214949, 58880, 1, 0, 0
215049, 62080, 1, 0, 0
215149, 58880, 1, 0, 0
215249, 62720, 1, 0, 0
215350, 61440, 1, 0, 0
215450, 62080, 1, 0, 0
215550, 60800, 1, 0, 0
215650, 61440, 1, 0, 0
215749, 61414, 1, 0, 0
215849, 58880, 1, 0, 0
215949, 59520, 1, 0, 0
216049, 62720, 1, 0, 0
216149, 59520, 1, 0, 0
216249, 60800, 1, 0, 0
216349, 62080, 1, 0, 0
216449, 59520, 1, 0, 0
216549, 61440, 1, 0, 0
216650, 60800, 1, 0, 0
216750, 61440, 1, 0, 0
216850, 60800, 1, 0, 0
216950, 62720, 1, 0, 0
217050, 60800, 1, 0, 0
217150, 61440, 1, 0, 0
217249, 61414, 1, 0, 0
217349, 61440, 1, 0, 0
217449, 62080, 1, 0, 0
217549, 63360, 1, 0, 0
217649, 60800, 1, 0, 0
217749, 60160, 1, 0, 0
217850, 62080, 1, 0, 0
217950, 63360, 1, 0, 0
218050, 60160, 1, 0, 0
218150, 58880, 1, 0, 0
218249, 60767, 1, 0, 0
218349, 63360, 1, 0, 0
218449, 60800, 1, 0, 0
218549, 64000, 1, 0, 0
218649, 61440, 1, 0, 0
218749, 58880, 1, 0, 0
218849, 62080, 1, 0, 0
218949, 62720, 1, 0, 0
219050, 56960, 1, 0, 0
219150, 58880, 1, 0, 0
219249, 60121, 1, 0, 0
219349, 60800, 1, 0, 0
219449, 62080, 1, 0, 0
219549, 60800, 1, 0, 0
219649, 63360, 1, 0, 0
219749, 62080, 1, 0, 0
219849, 62080, 1, 0, 0
219949, 59520, 1, 0, 0
220050, 60800, 1, 0, 0
220150, 60800, 1, 0, 0
220250, 64000, 1, 0, 0
220350, 60160, 1, 0, 0
220450, 64000, 1, 0, 0
220550, 62080, 1, 0, 0
220650, 62720, 1, 0, 0
220749, 59474, 1, 0, 0
220849, 63360, 1, 0, 0
220949, 65920, 1, 0, 0
221049, 61440, 1, 0, 0
221149, 60800, 1, 0, 0
221250, 62080, 1, 0, 0
221350, 65280, 1, 0, 0
221450, 63360, 1, 0, 0
221550, 62720, 1, 0, 0
221650, 62720, 1, 0, 0
221749, 62707, 1, 0, 0
221849, 62720, 1, 0, 0
221949, 60160, 1, 0, 0
222049, 60800, 1, 0, 0
222149, 62080, 1, 0, 0
222249, 61440, 1, 0, 0
222349, 62080, 1, 0, 0
222449, 62720, 1, 0, 0
222550, 62080, 1, 0, 0
222650, 61440, 1, 0, 0
222749, 61414, 1, 0, 0
222849, 60160, 1, 0, 0
222949, 61440, 1, 0, 0
223049, 60800, 1, 0, 0
223149, 62080, 1, 0, 0
223249, 58880, 1, 0, 0
223349, 62720, 1, 0, 0
223449, 58240, 1, 0, 0
223549, 60800, 1, 0, 0
223650, 63360, 1, 0, 0
223750, 62080, 1, 0, 0
223850, 61440, 1, 0, 0
223950, 60800, 1, 0, 0
224050, 60800, 1, 0, 0
224150, 63360, 1, 0, 0
224249, 60767, 1, 0, 0
224349, 61440, 1, 0, 0
224449, 60800, 1, 0, 0
224549, 65920, 1, 0, 0
224649, 62720, 1, 0, 0
224749, 61440, 1, 0, 0
224850, 64640, 1, 0, 0
224950, 62080, 1, 0, 0
225050, 61440, 1, 0, 0
225150, 60160, 1, 0, 0
225249, 61414, 1, 0, 0
225349, 60800, 1, 0, 0
225449, 61440, 1, 0, 0
225549, 60160, 1, 0, 0
225649, 60160, 1, 0, 0
225749, 64000, 1, 0, 0
225849, 61440, 1, 0, 0
225949, 59520, 1, 0, 0
226050, 61440, 1, 0, 0
226150, 61440, 1, 0, 0
226250, 58880, 1, 0, 0
226350, 59520, 1, 0, 0
226450, 60800, 1, 0, 0
226550, 60800, 1, 0, 0
226650, 66560, 1, 0, 0
226749, 64000, 1, 0, 0
226849, 63360, 1, 0, 0
226949, 62720, 1, 0, 0
227049, 61440, 1, 0, 0
227149, 62720, 1, 0, 0
227249, 60800, 1, 0, 0
227350, 64000, 1, 0, 0
227450, 62080, 1, 0, 0
227550, 61440, 1, 0, 0
227650, 60160, 1, 0, 0
227749, 58828, 1, 0, 0
227849, 60160, 1, 0, 0
227949, 63360, 1, 0, 0
228049, 64640, 1, 0, 0
228149, 61440, 1, 0, 0
228249, 59520, 1, 0, 0
228349, 62080, 1, 0, 0
228449, 58880, 1, 0, 0
228550, 62720, 1, 0, 0
228650, 59520, 1, 0, 0
228749, 64000, 1, 0, 0
228849, 61440, 1, 0, 0
228949, 60160, 1, 0, 0
229049, 58240, 1, 0, 0
229149, 61440, 1, 0, 0
229249, 60160, 1, 0, 0
229349, 60160, 1, 0, 0
229449, 65280, 1, 0, 0
229550, 60800, 1, 0, 0
229650, 62080, 1, 0, 0
229750, 61440, 1, 0, 0
229850, 62720, 1, 0, 0
229950, 61440, 1, 0, 0
230050, 62080, 1, 0, 0
230150, 63360, 1, 0, 0
230249, 60121, 1, 0, 0
230349, 60800, 1, 0, 0
230449, 59520, 1, 0, 0
230549, 58240, 1, 0, 0
230649, 60800, 1, 0, 0
230750, 61440, 1, 0, 0
230850, 58880, 1, 0, 0
230950, 59520, 1, 0, 0
231050, 60160, 1, 0, 0
231150, 60160, 1, 0, 0
231249, 61414, 1, 0, 0
231349, 59520, 1, 0, 0
231449, 59520, 1, 0, 0
231549, 59520, 1, 0, 0
231649, 59520, 1, 0, 0
231749, 61440, 1, 0, 0
231849, 62720, 1, 0, 0
231949, 60800, 1, 0, 0
232050, 63360, 1, 0, 0
232150, 62720, 1, 0, 0
232249, 57535, 1, 0, 0
232349, 61440, 1, 0, 0
232449, 63360, 1, 0, 0
232549, 61440, 1, 0, 0
232649, 63360, 1, 0, 0
232749, 58240, 1, 0, 0
232849, 58880, 1, 0, 0
232949, 59520, 1, 0, 0
233050, 57600, 1, 0, 0
233150, 59520, 1, 0, 0
233250, 60160, 1, 0, 0
233350, 59520, 1, 0, 0
233450, 60800, 1, 0, 0
233550, 62080, 1, 0, 0
233650, 62080, 1, 0, 0
233749, 60121, 1, 0, 0
233849, 63360, 1, 0, 0
233949, 59520, 1, 0, 0
234049, 63360, 1, 0, 0
234149, 58880, 1, 0, 0
234250, 60160, 1, 0, 0
234350, 60160, 1, 0, 0
234450, 61440, 1, 0, 0
234550, 60160, 1, 0, 0
234650, 59520, 1, 0, 0
234749, 61414, 1, 0, 0
234849, 58240, 1, 0, 0
234949, 63360, 1, 0, 0
235049, 60800, 1, 0, 0
235149, 60800, 1, 0, 0
235249, 60800, 1, 0, 0
235349, 64000, 1, 0, 0
235449, 59520, 1, 0, 0
235550, 58240, 1, 0, 0
235650, 56960, 1, 0, 0
235749, 62707, 1, 0, 0
235849, 61440, 1, 0, 0
235949, 62080, 1, 0, 0
236049, 60160, 1, 0, 0
236149, 62080, 1, 0, 0
236249, 63360, 1, 0, 0
236349, 61440, 1, 0, 0
236449, 61440, 1, 0, 0
236549, 60160, 1, 0, 0
236650, 61440, 1, 0, 0
236750, 60800, 1, 0, 0
236850, 62720, 1, 0, 0
236950, 64000, 1, 0, 0
237050, 60800, 1, 0, 0
237150, 62720, 1, 0, 0
237249, 60121, 1, 0, 0
237349, 63360, 1, 0, 0
237449, 58880, 1, 0, 0
237549, 63360, 1, 0, 0
237649, 62080, 1, 0, 0
237750, 60800, 1, 0, 0
237850, 62720, 1, 0, 0
237950, 60160, 1, 0, 0
238050, 60800, 1, 0, 0
238150, 62080, 1, 0, 0
238249, 61414, 1, 0, 0
238349, 64640, 1, 0, 0
238449, 62720, 1, 0, 0
238549, 63360, 1, 0, 0
238649, 61440, 1, 0, 0
238749, 60160, 1, 0, 0
238849, 61440, 1, 0, 0
238949, 59520, 1, 0, 0
239050, 61440, 1, 0, 0
239150, 61440, 1, 0, 0
239249, 64000, 1, 0, 0
239349, 61440, 1, 0, 0
239449, 62720, 1, 0, 0
239549, 62080, 1, 0, 0
239649, 58880, 1, 0, 0
239749, 63360, 1, 0, 0
239849, 61440, 1, 0, 0
239949, 62080, 1, 0, 0
240049, 62720, 1, 0, 0
240149, 59520, 1, 0, 0
240250, 64000, 1, 0, 0
240350, 62080, 1, 0, 0
240450, 64640, 1, 0, 0
240550, 61440, 1, 0, 0
240650, 60160, 1, 0, 0
240749, 60767, 1, 0, 0
240849, 62080, 1, 0, 0
240949, 59520, 1, 0, 0
241049, 57600, 1, 0, 0
241149, 61440, 1, 0, 0
241249, 58880, 1, 0, 0
241349, 58880, 1, 0, 0
241449, 64000, 1, 0, 0
241550, 64000, 1, 0, 0
241650, 63360, 1, 0, 0
241749, 62060, 1, 0, 0
241849, 60800, 1, 0, 0
241949, 63360, 1, 0, 0
242049, 64000, 1, 0, 0
242149, 65920, 1, 0, 0
242249, 60160, 1, 0, 0
242349, 61440, 1, 0, 0
242449, 63360, 1, 0, 0
242549, 65920, 1, 0, 0
242649, 62080, 1, 0, 0
242750, 60800, 1, 0, 0
242850, 60800, 1, 0, 0
242950, 58880, 1, 0, 0
243050, 64640, 1, 0, 0
243150, 60800, 1, 0, 0
243249, 61414, 1, 0, 0
243349, 65280, 1, 0, 0
243449, 62080, 1, 0, 0
243549, 62720, 1, 0, 0
243649, 62080, 1, 0, 0
243749, 62080, 1, 0, 0
243850, 58240, 1, 0, 0
243950, 61440, 1, 0, 0
244050, 58880, 1, 0, 0
244150, 60800, 1, 0, 0
244249, 61414, 1, 0, 0
244349, 64000, 1, 0, 0
244449, 64000, 1, 0, 0
244549, 59520, 1, 0, 0
244649, 62720, 1, 0, 0
244749, 61440, 1, 0, 0
244849, 59520, 1, 0, 0
244949, 61440, 1, 0, 0
245050, 61440, 1, 0, 0
245150, 61440, 1, 0, 0
245250, 60800, 1, 0, 0
245350, 58880, 1, 0, 0
245450, 61440, 1, 0, 0
245550, 62720, 1, 0, 0
245650, 62720, 1, 0, 0
245749, 63353, 1, 0, 0
245849, 60160, 1, 0, 0
245949, 61440, 1, 0, 0
246049, 62080, 1, 0, 0
246149, 63360, 1, 0, 0
246250, 63360, 1, 0, 0
246350, 60800, 1, 0, 0
246450, 62720, 1, 0, 0
246550, 64640, 1, 0, 0
246650, 59520, 1, 0, 0
246749, 63353, 1, 0, 0
246849, 62080, 1, 0, 0
246949, 62080, 1, 0, 0
247049, 62720, 1, 0, 0
247149, 62080, 1, 0, 0
247249, 58880, 1, 0, 0
247349, 61440, 1, 0, 0
247449, 63360, 1, 0, 0
247550, 62720, 1, 0, 0
247650, 61440, 1, 0, 0
247749, 60121, 1, 0, 0
247849, 58240, 1, 0, 0
247949, 61440, 1, 0, 0
248049, 59520, 1, 0, 0
248149, 56960, 1, 0, 0
248249, 61440, 1, 0, 0
248349, 62080, 1, 0, 0
248449, 60160, 1, 0, 0
248549, 62720, 1, 0, 0
248650, 62080, 1, 0, 0
248750, 62720, 1, 0, 0
248850, 60800, 1, 0, 0
248950, 58240, 1, 0, 0
249050, 58240, 1, 0, 0
249150, 63360, 1, 0, 0
249249, 62060, 1, 0, 0
249349, 62080, 1, 0, 0
249449, 60160, 1, 0, 0
249549, 60800, 1, 0, 0
249649, 58240, 1, 0, 0
249750, 62720, 1, 0, 0
249850, 60160, 1, 0, 0
249950, 62080, 1, 0, 0
250050, 63360, 1, 0, 0
250150, 58880, 1, 0, 0
250249, 58828, 1, 0, 0
250349, 60160, 1, 0, 0
250449, 58880, 1, 0, 0
250549, 62720, 1, 0, 0
250649, 60800, 1, 0, 0
250749, 60160, 1, 0, 0
250849, 58880, 1, 0, 0
250949, 62720, 1, 0, 0
251050, 60800, 1, 0, 0
251150, 62080, 1, 0, 0
251249, 61414, 1, 0, 0
251349, 59520, 1, 0, 0
251449, 60160, 1, 0, 0
251549, 58880, 1, 0, 0
251649, 61440, 1, 0, 0
251749, 65280, 1, 0, 0
251849, 63360, 1, 0, 0
251949, 63360, 1, 0, 0
252049, 60800, 1, 0, 0
252149, 57600, 1, 0, 0
252250, 58880, 1, 0, 0
252350, 61440, 1, 0, 0
252450, 59520, 1, 0, 0
252550, 60800, 1, 0, 0
252650, 63360, 1, 0, 0
252749, 62060, 1, 0, 0
252849, 61440, 1, 0, 0
252949, 58240, 1, 0, 0
253049, 61440, 1, 0, 0
253149, 60800, 1, 0, 0
253249, 58880, 1, 0, 0
253349, 60160, 1, 0, 0
253449, 64000, 1, 0, 0
253550, 61440, 1, 0, 0
253650, 60800, 1, 0, 0
253749, 61414, 1, 0, 0
253849, 60160, 1, 0, 0
253949, 60800, 1, 0, 0
254049, 58880, 1, 0, 0
254149, 60800, 1, 0, 0
254249, 61440, 1, 0, 0
254349, 60800, 1, 0, 0
254449, 60800, 1, 0, 0
254550, 60800, 1, 0, 0
254650, 62720, 1, 0, 0
254750, 60160, 1, 0, 0
254850, 62080, 1, 0, 0
254950, 62720, 1, 0, 0
255050, 60160, 1, 0, 0
255150, 62720, 1, 0, 0
255249, 62060, 1, 0, 0
255349, 60800, 1, 0, 0
255449, 58880, 1, 0, 0
255549, 59520, 1, 0, 0
255649, 62720, 1, 0, 0
255750, 64000, 1, 0, 0
255850, 62080, 1, 0, 0
255950, 61440, 1, 0, 0
256050, 60160, 1, 0, 0
256150, 64640, 1, 0, 0
256249, 62707, 1, 0, 0
256349, 60160, 1, 0, 0
256449, 58240, 1, 0, 0
256549, 57600, 1, 0, 0
256649, 60800, 1, 0, 0
256749, 62080, 1, 0, 0
256849, 63360, 1, 0, 0
256950, 60160, 1, 0, 0
257050, 62080, 1, 0, 0
257150, 63360, 1, 0, 0
257249, 65292, 1, 0, 0
257349, 63360, 1, 0, 0
257449, 63360, 1, 0, 0
257549, 61440, 1, 0, 0
257649, 60160, 1, 0, 0
257749, 63360, 1, 0, 0
257849, 61440, 1, 0, 0
257949, 60800, 1, 0, 0
258050, 59520, 1, 0, 0
258150, 60160, 1, 0, 0
258250, 61440, 1, 0, 0
258350, 61440, 1, 0, 0
258450, 62080, 1, 0, 0
258550, 60160, 1, 0, 0
258650, 60160, 1, 0, 0
258749, 61414, 1, 0, 0
258849, 64000, 1, 0, 0
258949, 64000, 1, 0, 0
259049, 64640, 1, 0, 0
259149, 58880, 1, 0, 0
259250, 61440, 1, 0, 0
259350, 60800, 1, 0, 0
259450, 59520, 1, 0, 0
259550, 60800, 1, 0, 0
259650, 60800, 1, 0, 0
259749, 59474, 1, 0, 0
259849, 58880, 1, 0, 0
259949, 56960, 1, 0, 0
260049, 62080, 1, 0, 0
260149, 61440, 1, 0, 0
260249, 58880, 1, 0, 0
260350, 60800, 1, 0, 0
260450, 60160, 1, 0, 0
260550, 60160, 1, 0, 0
260650, 62720, 1, 0, 0
260749, 60767, 1, 0, 0
260849, 60800, 1, 0, 0
260949, 59520, 1, 0, 0
261049, 62080, 1, 0, 0
261149, 61440, 1, 0, 0
261249, 61440, 1, 0, 0
261349, 59520, 1, 0, 0
261449, 58880, 1, 0, 0
261550, 62080, 1, 0, 0
261650, 62080, 1, 0, 0
261749, 60121, 1, 0, 0
261849, 62080, 1, 0, 0
261949, 63360, 1, 0, 0
262049, 59520, 1, 0, 0
262149, 63360, 1, 0, 0
262249, 62080, 1, 0, 0
262349, 59520, 1, 0, 0
262449, 61440, 1, 0, 0
262549, 63360, 1, 0, 0
262649, 60160, 1, 0, 0
262750, 62720, 1, 0, 0
262850, 58880, 1, 0, 0
262950, 60160, 1, 0, 0
263050, 64000, 1, 0, 0
263150, 59520, 1, 0, 0
263249, 61414, 1, 0, 0
263349, 60800, 1, 0, 0
263449, 60160, 1, 0, 0
263549, 64000, 1, 0, 0
263649, 61440, 1, 0, 0
263749, 60160, 1, 0, 0
263849, 60160, 1, 0, 0
263950, 61440, 1, 0, 0
264050, 62720, 1, 0, 0
264150, 58240, 1, 0, 0
264249, 60121, 1, 0, 0
264349, 62080, 1, 0, 0
264449, 58240, 1, 0, 0
264549, 59520, 1, 0, 0
264649, 59520, 1, 0, 0
264749, 62080, 1, 0, 0
264849, 60160, 1, 0, 0
264949, 59520, 1, 0, 0
265050, 60800, 1, 0, 0
265150, 60160, 1, 0, 0
265250, 60800, 1, 0, 0
265350, 58880, 1, 0, 0
265450, 57600, 1, 0, 0
265550, 58880, 1, 0, 0
265650, 58240, 1, 0, 0
265749, 60767, 1, 0, 0
265849, 58880, 1, 0, 0
265949, 60160, 1, 0, 0
266049, 59520, 1, 0, 0
266149, 60800, 1, 0, 0
266250, 58240, 1, 0, 0
266350, 58880, 1, 0, 0
266450, 60160, 1, 0, 0
266550, 59520, 1, 0, 0
266650, 64000, 1, 0, 0
266749, 60767, 1, 0, 0
266849, 60800, 1, 0, 0
266949, 58240, 1, 0, 0
267049, 60160, 1, 0, 0
267149, 58240, 1, 0, 0
267249, 60800, 1, 0, 0
267349, 58240, 1, 0, 0
267449, 56960, 1, 0, 0
267550, 61440, 1, 0, 0
267650, 57600, 1, 0, 0
267749, 55595, 1, 0, 0
267849, 55680, 1, 0, 0
267949, 60800, 1, 0, 0
268049, 57600, 1, 0, 0
268149, 59520, 1, 0, 0
268249, 60800, 1, 0, 0
268349, 58880, 1, 0, 0
268449, 58880, 1, 0, 0
268549, 56960, 1, 0, 0
268649, 57600, 1, 0, 0
268750, 58880, 1, 0, 0
268850, 62080, 1, 0, 0
268950, 60800, 1, 0, 0
269050, 62720, 1, 0, 0
269150, 61440, 1, 0, 0
269249, 65292, 1, 0, 0
269349, 60160, 1, 0, 0
269449, 58880, 1, 0, 0
269549, 60800, 1, 0, 0
269649, 60160, 1, 0, 0
269749, 59520, 1, 0, 0
269850, 60800, 1, 0, 0
269950, 62080, 1, 0, 0
270050, 60800, 1, 0, 0
270150, 60160, 1, 0, 0
270249, 60121, 1, 0, 0
270349, 61440, 1, 0, 0
270449, 59520, 1, 0, 0
270549, 58880, 1, 0, 0
270649, 62720, 1, 0, 0
270749, 60160, 1, 0, 0
270849, 62080, 1, 0, 0
270949, 60160, 1, 0, 0
271050, 60160, 1, 0, 0
271150, 61440, 1, 0, 0
271250, 58880, 1, 0, 0
271350, 62080, 1, 0, 0
271450, 62720, 1, 0, 0
271550, 58880, 1, 0, 0
271650, 64640, 1, 0, 0
271749, 62707, 1, 0, 0
271849, 60800, 1, 0, 0
271949, 60800, 1, 0, 0
272049, 62720, 1, 0, 0
272149, 58240, 1, 0, 0
272250, 60800, 1, 0, 0
272350, 62720, 1, 0, 0
272450, 60160, 1, 0, 0
272550, 62080, 1, 0, 0
272650, 59520, 1, 0, 0
272749, 60767, 1, 0, 0
272849, 58880, 1, 0, 0
272949, 60800, 1, 0, 0
273049, 58880, 1, 0, 0
273149, 62080, 1, 0, 0
273249, 61440, 1, 0, 0
273349, 60800, 1, 0, 0
273449, 62720, 1, 0, 0
273550, 60160, 1, 0, 0
273650, 58880, 1, 0, 0
273749, 63353, 1, 0, 0
273849, 61440, 1, 0, 0
273949, 58880, 1, 0, 0
274049, 59520, 1, 0, 0
274149, 60800, 1, 0, 0
274249, 63360, 1, 0, 0
274349, 65280, 1, 0, 0
274449, 65280, 1, 0, 0
274549, 65280, 1, 0, 0
274650, 64000, 1, 0, 0
274750, 62080, 1, 0, 0
274850, 60160, 1, 0, 0
274950, 64640, 1, 0, 0
275050, 60800, 1, 0, 0
275150, 61440, 1, 0, 0
275249, 64000, 1, 0, 0
275349, 64000, 1, 0, 0
275449, 64640, 1, 0, 0
275549, 63360, 1, 0, 0
275649, 62080, 1, 0, 0
275749, 62720, 1, 0, 0
275850, 58880, 1, 0, 0
275950, 61440, 1, 0, 0
276050, 62720, 1, 0, 0
276150, 59520, 1, 0, 0
276249, 62707, 1, 0, 0
276349, 60160, 1, 0, 0
276449, 60800, 1, 0, 0
276549, 62080, 1, 0, 0
276649, 62080, 1, 0, 0
276749, 63360, 1, 0, 0
276849, 62080, 1, 0, 0
276949, 63360, 1, 0, 0
277050, 62720, 1, 0, 0
277150, 60800, 1, 0, 0
277250, 63360, 1, 0, 0
277350, 59520, 1, 0, 0
277450, 61440, 1, 0, 0
277550, 64000, 1, 0, 0
277650, 60800, 1, 0, 0
277749, 62060, 1, 0, 0
277849, 61440, 1, 0, 0
277949, 59520, 1, 0, 0
278049, 60800, 1, 0, 0
278149, 62080, 1, 0, 0
278250, 62080, 1, 0, 0
278350, 60800, 1, 0, 0
278450, 62720, 1, 0, 0
278550, 60800, 1, 0, 0
278650, 64000, 1, 0, 0
278749, 56888, 1, 0, 0
278849, 62080, 1, 0, 0
278949, 62720, 1, 0, 0
279049, 60800, 1, 0, 0
279149, 62080, 1, 0, 0
279249, 62080, 1, 0, 0
279349, 60800, 1, 0, 0
279450, 59520, 1, 0, 0
279550, 61440, 1, 0, 0
279650, 60160, 1, 0, 0
279749, 60121, 1, 0, 0
279849, 62080, 1, 0, 0
279949, 58240, 1, 0, 0
280049, 62080, 1, 0, 0
280149, 62720, 1, 0, 0
280249, 62720, 1, 0, 0
280349, 62720, 1, 0, 0
280449, 57600, 1, 0, 0
280550, 64640, 1, 0, 0
280650, 62720, 1, 0, 0
280750, 60800, 1, 0, 0
280850, 59520, 1, 0, 0
280950, 61440, 1, 0, 0
281050, 58240, 1, 0, 0
281150, 62720, 1, 0, 0
281249, 59474, 1, 0, 0
281349, 61440, 1, 0, 0
281449, 62080, 1, 0, 0
281549, 60160, 1, 0, 0
281649, 60160, 1, 0, 0
281750, 61440, 1, 0, 0
281850, 58240, 1, 0, 0
281950, 62080, 1, 0, 0
282050, 63360, 1, 0, 0
282150, 59520, 1, 0, 0
282249, 60767, 1, 0, 0
282349, 60800, 1, 0, 0
282449, 62080, 1, 0, 0
282549, 60160, 1, 0, 0
282649, 61440, 1, 0, 0
282749, 64000, 1, 0, 0
282849, 62720, 1, 0, 0
282950, 58880, 1, 0, 0
283050, 58880, 1, 0, 0
283150, 60160, 1, 0, 0
283249, 60121, 1, 0, 0
283349, 61440, 1, 0, 0
283449, 60800, 1, 0, 0
283549, 62720, 1, 0, 0
283649, 60160, 1, 0, 0
283749, 61440, 1, 0, 0
283849, 63360, 1, 0, 0
283949, 61440, 1, 0, 0
284050, 62080, 1, 0, 0
284150, 64000, 1, 0, 0
284250, 60800, 1, 0, 0
284350, 57600, 1, 0, 0
284450, 60800, 1, 0, 0
284550, 59520, 1, 0, 0
284650, 62080, 1, 0, 0
284749, 64000, 1, 0, 0
284849, 63360, 1, 0, 0
284949, 60160, 1, 0, 0
285049, 62720, 1, 0, 0
285150, 63360, 1, 0, 0
285250, 62720, 1, 0, 0
285350, 60160, 1, 0, 0
285450, 60160, 1, 0, 0
285550, 60160, 1, 0, 0
285650, 62080, 1, 0, 0
285749, 60767, 1, 0, 0
285849, 62720, 1, 0, 0
285949, 60160, 1, 0, 0
286049, 61440, 1, 0, 0
286149, 62720, 1, 0, 0
286250, 60160, 1, 0, 0
286350, 61440, 1, 0, 0
286450, 57600, 1, 0, 0
286550, 62080, 1, 0, 0
286650, 62080, 1, 0, 0
286749, 61414, 1, 0, 0
286849, 60800, 1, 0, 0
286949, 58880, 1, 0, 0
287049, 63360, 1, 0, 0
287149, 64640, 1, 0, 0
287249, 64640, 1, 0, 0
287349, 67200, 1, 0, 0
287449, 60800, 1, 0, 0
287550, 62080, 1, 0, 0
287650, 62720, 1, 0, 0
287749, 62707, 1, 0, 0
287849, 61440, 1, 0, 0
287949, 57600, 1, 0, 0
288049, 64640, 1, 0, 0
288149, 61440, 1, 0, 0
288249, 62720, 1, 0, 0
288349, 62080, 1, 0, 0
288449, 62720, 1, 0, 0
288549, 62720, 1, 0, 0
288650, 62720, 1, 0, 0
288750, 60160, 1, 0, 0
288850, 60800, 1, 0, 0
288950, 60800, 1, 0, 0
289050, 59520, 1, 0, 0
289150, 60800, 1, 0, 0
289249, 59474, 1, 0, 0
289349, 60800, 1, 0, 0
289449, 58880, 1, 0, 0
289549, 62080, 1, 0, 0
289649, 62720, 1, 0, 0
289750, 63360, 1, 0, 0
289850, 60800, 1, 0, 0
289950, 64640, 1, 0, 0
290050, 63360, 1, 0, 0
290150, 59520, 1, 0, 0
290249, 63353, 1, 0, 0
290349, 60800, 1, 0, 0
290449, 60800, 1, 0, 0
290549, 65280, 1, 0, 0
290649, 62080, 1, 0, 0
290749, 65920, 1, 0, 0
290849, 66560, 1, 0, 0
290949, 62720, 1, 0, 0
291050, 62720, 1, 0, 0
291150, 62720, 1, 0, 0
291249, 64000, 1, 0, 0
291349, 61440, 1, 0, 0
291449, 65920, 1, 0, 0
291549, 62080, 1, 0, 0
291649, 64000, 1, 0, 0
291749, 60800, 1, 0, 0
291849, 60800, 1, 0, 0
291949, 60800, 1, 0, 0
292049, 60160, 1, 0, 0
292150, 62720, 1, 0, 0
292250, 62080, 1, 0, 0
292350, 63360, 1, 0, 0
292450, 62080, 1, 0, 0
292550, 61440, 1, 0, 0
292650, 62080, 1, 0, 0
292749, 58181, 1, 0, 0
292849, 60800, 1, 0, 0
292949, 62080, 1, 0, 0
293049, 62720, 1, 0, 0
293149, 60160, 1, 0, 0
293250, 61440, 1, 0, 0
293350, 61440, 1, 0, 0
293450, 64000, 1, 0, 0
293550, 60160, 1, 0, 0
293650, 61440, 1, 0, 0
293749, 62060, 1, 0, 0
293849, 62720, 1, 0, 0
293949, 60800, 1, 0, 0
294049, 61440, 1, 0, 0
294149, 60800, 1, 0, 0
294249, 59520, 1, 0, 0
294349, 59520, 1, 0, 0
294449, 60800, 1, 0, 0
294550, 58880, 1, 0, 0
294650, 60160, 1, 0, 0
294750, 62720, 1, 0, 0
294850, 61440, 1, 0, 0
294950, 59520, 1, 0, 0
295050, 62080, 1, 0, 0
295150, 58880, 1, 0, 0
295249, 60767, 1, 0, 0
295349, 58880, 1, 0, 0
295449, 61440, 1, 0, 0
295549, 57600, 1, 0, 0
295649, 57600, 1, 0, 0
295750, 60160, 1, 0, 0
295850, 61440, 1, 0, 0
295950, 60160, 1, 0, 0
296050, 61440, 1, 0, 0
296150, 60800, 1, 0, 0
296249, 58828, 1, 0, 0
296349, 60800, 1, 0, 0
296449, 60160, 1, 0, 0
296549, 62720, 1, 0, 0
296649, 62720, 1, 0, 0
296749, 64640, 1, 0, 0
296850, 62720, 1, 0, 0
296950, 59520, 1, 0, 0
297050, 60800, 1, 0, 0
297150, 60160, 1, 0, 0
297249, 65292, 1, 0, 0
297349, 56320, 1, 0, 0
297449, 61440, 1, 0, 0
297549, 62080, 1, 0, 0
297649, 64640, 1, 0, 0
297749, 62720, 1, 0, 0
297849, 58880, 1, 0, 0
297949, 61440, 1, 0, 0
298049, 62080, 1, 0, 0
298150, 60800, 1, 0, 0
298250, 62720, 1, 0, 0
298350, 58240, 1, 0, 0
298450, 58880, 1, 0, 0
298550, 60160, 1, 0, 0
298650, 58880, 1, 0, 0
298749, 58181, 1, 0, 0
298849, 60800, 1, 0, 0
298949, 58240, 1, 0, 0
299049, 58880, 1, 0, 0
299149, 62720, 1, 0, 0
299250, 62720, 1, 0, 0
299350, 60800, 1, 0, 0
299450, 60160, 1, 0, 0
299550, 61440, 1, 0, 0
299650, 61440, 1, 0, 0
299749, 63353, 1, 0, 0
299849, 59520, 1, 0, 0
299949, 62080, 1, 0, 0
300049, 64000, 1, 0, 0
300149, 65280, 1, 0, 0
300249, 62080, 1, 0, 0
300349, 60160, 1, 0, 0
300449, 62080, 1, 0, 0
300550, 60800, 1, 0, 0
300650, 60800, 1, 0, 0
300750, 60160, 1, 0, 0
300850, 58880, 1, 0, 0
300950, 62720, 1, 0, 0
301050, 64000, 1, 0, 0
301150, 62080, 1, 0, 0
301249, 60767, 1, 0, 0
301349, 64000, 1, 0, 0
301449, 58240, 1, 0, 0
301549, 59520, 1, 0, 0
301649, 63360, 1, 0, 0
301750, 61440, 1, 0, 0
301850, 60160, 1, 0, 0
301950, 63360, 1, 0, 0
302050, 61440, 1, 0, 0
302150, 61440, 1, 0, 0
302249, 61414, 1, 0, 0
302349, 63360, 1, 0, 0
302449, 60160, 1, 0, 0
302549, 64640, 1, 0, 0
302649, 60160, 1, 0, 0
302749, 63360, 1, 0, 0
302849, 62720, 1, 0, 0
302949, 60160, 1, 0, 0
303050, 61440, 1, 0, 0
303150, 60160, 1, 0, 0
303250, 61440, 1, 0, 0
303350, 60160, 1, 0, 0
303450, 59520, 1, 0, 0
303550, 65280, 1, 0, 0
303650, 60800, 1, 0, 0
303749, 63353, 1, 0, 0
303849, 62720, 1, 0, 0
303949, 62720, 1, 0, 0
304049, 63360, 1, 0, 0
304149, 60160, 1, 0, 0
304250, 61440, 1, 0, 0
304350, 59520, 1, 0, 0
304450, 62080, 1, 0, 0
304550, 63360, 1, 0, 0
304650, 59520, 1, 0, 0
304749, 62707, 1, 0, 0
304849, 61440, 1, 0, 0
304949, 60800, 1, 0, 0
305049, 60800, 1, 0, 0
305149, 62080, 1, 0, 0
305249, 59520, 1, 0, 0
305349, 61440, 1, 0, 0
305449, 64000, 1, 0, 0
305550, 62080, 1, 0, 0
305650, 60800, 1, 0, 0
305749, 62060, 1, 0, 0
305849, 62080, 1, 0, 0
305949, 64000, 1, 0, 0
306049, 64000, 1, 0, 0
306149, 63360, 1, 0, 0
306249, 62080, 1, 0, 0
306349, 62080, 1, 0, 0
306449, 62080, 1, 0, 0
306549, 63360, 1, 0, 0
306649, 64640, 1, 0, 0
306750, 60800, 1, 0, 0
306850, 61440, 1, 0, 0
306950, 62080, 1, 0, 0
307050, 64000, 1, 0, 0
307150, 62080, 1, 0, 0
307249, 61414, 1, 0, 0
307349, 61440, 1, 0, 0
307449, 60800, 1, 0, 0
307550, 62720, 1, 0, 0
307650, 62720, 1, 0, 0
307750, 64640, 1, 0, 0
307850, 58880, 1, 0, 0
307950, 60800, 1, 0, 0
308050, 65920, 1, 0, 0
308150, 62720, 1, 0, 0
308249, 61414, 1, 0, 0
308349, 60160, 1, 0, 0
308449, 61440, 1, 0, 0
308549, 63360, 1, 0, 0
308649, 60800, 1, 0, 0
308750, 60160, 1, 0, 0
308850, 65280, 1, 0, 0
308950, 63360, 1, 0, 0
309050, 62080, 1, 0, 0
309150, 62720, 1, 0, 0
309249, 63353, 1, 0, 0
309349, 60800, 1, 0, 0
309449, 57600, 1, 0, 0
309549, 58880, 1, 0, 0
309649, 61440, 1, 0, 0
309749, 62720, 1, 0, 0
309850, 62080, 1, 0, 0
309950, 64000, 1, 0, 0
310050, 64640, 1, 0, 0
310150, 62720, 1, 0, 0
310249, 63353, 1, 0, 0
310349, 65280, 1, 0, 0
310449, 64640, 1, 0, 0
310549, 62720, 1, 0, 0
310649, 63360, 1, 0, 0
310749, 62720, 1, 0, 0
310849, 62080, 1, 0, 0
310949, 62720, 1, 0, 0
311049, 62720, 1, 0, 0
311150, 59520, 1, 0, 0
311250, 63360, 1, 0, 0
311350, 62080, 1, 0, 0
311450, 64640, 1, 0, 0
311550, 63360, 1, 0, 0
311650, 62080, 1, 0, 0
311749, 64646, 1, 0, 0
311849, 59520, 1, 0, 0
311949, 65280, 1, 0, 0
312049, 62720, 1, 0, 0
312149, 59520, 1, 0, 0
312249, 62720, 1, 0, 0
312350, 62080, 1, 0, 0
312450, 62720, 1, 0, 0
312550, 62720, 1, 0, 0
312650, 61440, 1, 0, 0
312749, 62707, 1, 0, 0
312849, 62720, 1, 0, 0
312949, 62080, 1, 0, 0
313049, 64000, 1, 0, 0
313149, 60160, 1, 0, 0
313249, 61440, 1, 0, 0
313349, 63360, 1, 0, 0
313449, 59520, 1, 0, 0
313550, 64000, 1, 0, 0
313650, 64000, 1, 0, 0
313750, 63360, 1, 0, 0
313850, 63360, 1, 0, 0
313950, 62720, 1, 0, 0
314050, 64000, 1, 0, 0
314150, 62080, 1, 0, 0
314249, 60121, 1, 0, 0
314349, 64640, 1, 0, 0
314449, 60800, 1, 0, 0
314549, 62080, 1, 0, 0
314649, 62720, 1, 0, 0
314750, 59520, 1, 0, 0
314850, 64640, 1, 0, 0
314950, 60160, 1, 0, 0
315050, 58880, 1, 0, 0
315150, 59520, 1, 0, 0
315249, 58828, 1, 0, 0
315349, 63360, 1, 0, 0
315449, 63360, 1, 0, 0
315549, 63360, 1, 0, 0
315649, 61440, 1, 0, 0
315750, 56960, 1, 0, 0
315850, 60800, 1, 0, 0
315950, 63360, 1, 0, 0
316050, 61440, 1, 0, 0
316150, 64000, 1, 0, 0
316249, 60767, 1, 0, 0
316349, 60800, 1, 0, 0
316449, 58880, 1, 0, 0
316549, 57600, 1, 0, 0
316649, 60800, 1, 0, 0
316749, 62080, 1, 0, 0
316849, 60800, 1, 0, 0
316950, 62080, 1, 0, 0
317050, 65280, 1, 0, 0
317150, 60800, 1, 0, 0
317249, 65292, 1, 0, 0
317349, 60800, 1, 0, 0
317449, 64000, 1, 0, 0
317549, 59520, 1, 0, 0
317649, 59520, 1, 0, 0
317749, 60800, 1, 0, 0
317849, 59520, 1, 0, 0
317949, 64000, 1, 0, 0
318050, 62720, 1, 0, 0
318150, 65920, 1, 0, 0
318250, 60800, 1, 0, 0
318350, 60160, 1, 0, 0
318450, 57600, 1, 0, 0
318550, 62720, 1, 0, 0
318650, 61440, 1, 0, 0
318749, 65292, 1, 0, 0
318849, 63360, 1, 0, 0
318949, 62080, 1, 0, 0
319049, 62720, 1, 0, 0
319149, 63360, 1, 0, 0
319250, 62720, 1, 0, 0
319350, 63360, 1, 0, 0
319450, 60160, 1, 0, 0
319550, 64640, 1, 0, 0
319650, 63360, 1, 0, 0
319749, 62060, 1, 0, 0
319849, 60160, 1, 0, 0
319949, 61440, 1, 0, 0
320049, 61440, 1, 0, 0
320149, 61440, 1, 0, 0
320249, 61440, 1, 0, 0
320349, 63360, 1, 0, 0
320449, 61440, 1, 0, 0
320550, 62720, 1, 0, 0
320650, 64000, 1, 0, 0
320750, 62720, 1, 0, 0
320850, 63360, 1, 0, 0
320950, 60800, 1, 0, 0
321050, 62720, 1, 0, 0
321150, 60800, 1, 0, 0
321249, 64000, 1, 0, 0
321349, 65280, 1, 0, 0
321449, 63360, 1, 0, 0
321549, 61440, 1, 0, 0
321649, 61440, 1, 0, 0
321750, 65280, 1, 0, 0
321850, 61440, 1, 0, 0
321950, 64000, 1, 0, 0
322050, 62720, 1, 0, 0
322150, 62080, 1, 0, 0
322249, 63353, 1, 0, 0
322349, 58880, 1, 0, 0
322449, 61440, 1, 0, 0
322549, 64000, 1, 0, 0
322649, 58240, 1, 0, 0
322749, 62080, 1, 0, 0
322849, 62080, 1, 0, 0
322949, 62080, 1, 0, 0
323050, 65920, 1, 0, 0
323150, 61440, 1, 0, 0
323250, 63360, 1, 0, 0
323350, 61440, 1, 0, 0
323450, 62080, 1, 0, 0
323550, 58880, 1, 0, 0
323650, 58880, 1, 0, 0
323749, 60767, 1, 0, 0
323849, 62080, 1, 0, 0
323949, 59520, 1, 0, 0
324049, 55680, 1, 0, 0
324149, 62720, 1, 0, 0
324250, 58240, 1, 0, 0
324350, 62080, 1, 0, 0
324450, 60800, 1, 0, 0
324550, 58240, 1, 0, 0
324650, 60800, 1, 0, 0
324749, 62707, 1, 0, 0
324849, 62080, 1, 0, 0
324949, 63360, 1, 0, 0
325049, 60800, 1, 0, 0
325149, 62080, 1, 0, 0
325249, 65280, 1, 0, 0
325349, 60800, 1, 0, 0
325450, 60800, 1, 0, 0
325550, 61440, 1, 0, 0
325650, 62720, 1, 0, 0
325749, 63353, 1, 0, 0
325849, 62720, 1, 0, 0
325949, 62720, 1, 0, 0
326049, 63360, 1, 0, 0
326149, 64000, 1, 0, 0
326249, 60160, 1, 0, 0
326349, 62720, 1, 0, 0
326449, 62720, 1, 0, 0
326550, 63360, 1, 0, 0
326650, 61440, 1, 0, 0
326750, 60160, 1, 0, 0
326850, 62720, 1, 0, 0
326950, 61440, 1, 0, 0
327050, 62720, 1, 0, 0
327150, 62720, 1, 0, 0
327249, 60767, 1, 0, 0
327349, 63360, 1, 0, 0
327449, 60160, 1, 0, 0
327549, 58880, 1, 0, 0
327649, 60800, 1, 0, 0
327750, 60160, 1, 0, 0
327850, 63360, 1, 0, 0
327950, 62720, 1, 0, 0
328050, 64000, 1, 0, 0
328150, 61440, 1, 0, 0
328249, 62060, 1, 0, 0
328349, 62720, 1, 0, 0
328449, 62720, 1, 0, 0
328549, 61440, 1, 0, 0
328649, 62720, 1, 0, 0
328749, 64000, 1, 0, 0
328849, 62080, 1, 0, 0
328950, 62720, 1, 0, 0
329050, 63360, 1, 0, 0
329150, 62080, 1, 0, 0
329249, 61414, 1, 0, 0
329349, 61440, 1, 0, 0
329449, 63360, 1, 0, 0
329549, 61440, 1, 0, 0
329649, 62720, 1, 0, 0
329749, 62720, 1, 0, 0
329849, 62720, 1, 0, 0
329949, 60800, 1, 0, 0
330050, 64640, 1, 0, 0
330150, 60800, 1, 0, 0
330250, 62080, 1, 0, 0
330350, 60800, 1, 0, 0
330450, 62080, 1, 0, 0
330550, 57600, 1, 0, 0
330650, 59520, 1, 0, 0
330749, 64000, 1, 0, 0
330849, 61440, 1, 0, 0
330949, 64640, 1, 0, 0
331049, 63360, 1, 0, 0
331149, 63360, 1, 0, 0
331250, 58880, 1, 0, 0
331350, 61440, 1, 0, 0
331450, 64000, 1, 0, 0
331550, 62720, 1, 0, 0
331650, 65280, 1, 0, 0
331749, 64000, 1, 0, 0
331849, 61440, 1, 0, 0
331949, 63360, 1, 0, 0
332049, 60800, 1, 0, 0
332149, 63360, 1, 0, 0
332249, 58240, 1, 0, 0
332349, 62080, 1, 0, 0
332449, 64640, 1, 0, 0
332550, 61440, 1, 0, 0
332650, 60160, 1, 0, 0
332750, 63360, 1, 0, 0
332850, 60800, 1, 0, 0
332950, 60800, 1, 0, 0
333050, 60160, 1, 0, 0
333150, 64000, 1, 0, 0
333249, 60767, 1, 0, 0
333349, 61440, 1, 0, 0
333449, 61440, 1, 0, 0
333549, 59520, 1, 0, 0
333649, 60800, 1, 0, 0
333750, 62720, 1, 0, 0
333850, 60800, 1, 0, 0
333950, 62720, 1, 0, 0
334050, 65920, 1, 0, 0
334150, 61440, 1, 0, 0
334249, 62060, 1, 0, 0
334349, 62080, 1, 0, 0
334449, 63360, 1, 0, 0
334549, 63360, 1, 0, 0
334649, 62720, 1, 0, 0
334749, 62080, 1, 0, 0
334849, 64000, 1, 0, 0
334949, 62080, 1, 0, 0
335050, 61440, 1, 0, 0
335150, 62720, 1, 0, 0
335249, 64646, 1, 0, 0
335349, 61440, 1, 0, 0
335449, 59520, 1, 0, 0
335549, 62080, 1, 0, 0
335649, 65280, 1, 0, 0
335749, 60160, 1, 0, 0
335849, 63360, 1, 0, 0
335949, 63360, 1, 0, 0
336049, 64640, 1, 0, 0
336149, 62720, 1, 0, 0
336250, 60800, 1, 0, 0
336350, 62720, 1, 0, 0
336450, 62720, 1, 0, 0
336550, 63360, 1, 0, 0
336650, 62720, 1, 0, 0
336749, 61414, 1, 0, 0
336849, 64000, 1, 0, 0
336949, 62080, 1, 0, 0
337049, 62720, 1, 0, 0
337149, 64640, 1, 0, 0
337249, 59520, 1, 0, 0
337350, 65920, 1, 0, 0
337450, 61440, 1, 0, 0
337550, 62080, 1, 0, 0
337650, 61440, 1, 0, 0
337749, 60767, 1, 0, 0
337849, 61440, 1, 0, 0
337949, 62720, 1, 0, 0
338049, 60800, 1, 0, 0
338149, 62720, 1, 0, 0
338249, 63360, 1, 0, 0
338349, 64640, 1, 0, 0
338449, 61440, 1, 0, 0
338550, 61440, 1, 0, 0
338650, 60160, 1, 0, 0
338750, 64000, 1, 0, 0
338850, 62720, 1, 0, 0
338950, 60160, 1, 0, 0
339050, 63360, 1, 0, 0
339150, 63360, 1, 0, 0
339249, 60121, 1, 0, 0
339349, 60160, 1, 0, 0
339449, 64640, 1, 0, 0
339549, 63360, 1, 0, 0
339649, 63360, 1, 0, 0
339750, 64000, 1, 0, 0
339850, 62720, 1, 0, 0
339950, 63360, 1, 0, 0
340050, 59520, 1, 0, 0
340150, 60800, 1, 0, 0
340249, 62707, 1, 0, 0
340349, 62080, 1, 0, 0
340449, 62720, 1, 0, 0
340549, 61440, 1, 0, 0
340649, 60800, 1, 0, 0
340749, 61440, 1, 0, 0
340850, 61440, 1, 0, 0
340950, 56960, 1, 0, 0
341050, 60800, 1, 0, 0
341150, 62080, 1, 0, 0
341249, 61414, 1, 0, 0
341349, 62720, 1, 0, 0
341449, 61440, 1, 0, 0
341549, 61440, 1, 0, 0
341649, 64000, 1, 0, 0
341749, 61440, 1, 0, 0
341849, 62080, 1, 0, 0
341949, 61440, 1, 0, 0
342049, 60800, 1, 0, 0
342150, 60160, 1, 0, 0
342250, 62720, 1, 0, 0
342350, 60800, 1, 0, 0
342450, 61440, 1, 0, 0
342550, 61440, 1, 0, 0
342650, 60160, 1, 0, 0
342749, 60767, 1, 0, 0
342849, 60160, 1, 0, 0
342949, 63360, 1, 0, 0
343049, 62720, 1, 0, 0
343149, 59520, 1, 0, 0
343249, 60800, 1, 0, 0
343350, 62720, 1, 0, 0
343450, 61440, 1, 0, 0
343550, 61440, 1, 0, 0
343650, 58880, 1, 0, 0
343749, 61414, 1, 0, 0
343849, 60800, 1, 0, 0
343949, 60160, 1, 0, 0
344049, 61440, 1, 0, 0
344149, 57600, 1, 0, 0
344249, 57600, 1, 0, 0
344349, 59520, 1, 0, 0
344449, 60800, 1, 0, 0
344550, 60160, 1, 0, 0
344650, 62080, 1, 0, 0
344750, 60800, 1, 0, 0
344850, 63360, 1, 0, 0
344950, 61440, 1, 0, 0
345050, 61440, 1, 0, 0
345150, 62720, 1, 0, 0
345249, 59474, 1, 0, 0
345349, 60160, 1, 0, 0
345449, 59520, 1, 0, 0
345549, 58880, 1, 0, 0
345649, 60800, 1, 0, 0
345750, 58240, 1, 0, 0
345850, 60160, 1, 0, 0
345950, 58880, 1, 0, 0
346050, 59520, 1, 0, 0
346150, 62080, 1, 0, 0
346249, 60767, 1, 0, 0
346349, 61440, 1, 0, 0
346449, 60160, 1, 0, 0
346549, 60800, 1, 0, 0
346649, 60800, 1, 0, 0
346749, 60800, 1, 0, 0
346849, 59520, 1, 0, 0
346950, 59520, 1, 0, 0
347050, 60800, 1, 0, 0
347150, 58240, 1, 0, 0
347249, 62060, 1, 0, 0
347349, 60160, 1, 0, 0
347449, 57600, 1, 0, 0
347549, 60160, 1, 0, 0
347649, 60800, 1, 0, 0
347749, 58880, 1, 0, 0
347849, 58240, 1, 0, 0
347949, 58240, 1, 0, 0
348050, 57600, 1, 0, 0
348150, 58880, 1, 0, 0
348250, 60800, 1, 0, 0
348350, 62080, 1, 0, 0
348450, 60800, 1, 0, 0
348550, 58880, 1, 0, 0
348650, 60160, 1, 0, 0
348749, 56888, 1, 0, 0
348849, 57600, 1, 0, 0
348949, 59520, 1, 0, 0
349049, 60800, 1, 0, 0
349149, 57600, 1, 0, 0
349250, 61440, 1, 0, 0
349350, 59520, 1, 0, 0
349450, 60800, 1, 0, 0
349550, 59520, 1, 0, 0
349650, 58880, 1, 0, 0
349749, 58181, 1, 0, 0
349849, 60160, 1, 0, 0
349949, 56960, 1, 0, 0
350049, 58880, 1, 0, 0
350149, 63360, 1, 0, 0
350249, 56960, 1, 0, 0
350349, 55680, 1, 0, 0
350449, 60160, 1, 0, 0
350550, 57600, 1, 0, 0
350650, 62080, 1, 0, 0
350749, 56888, 1, 0, 0
350849, 58880, 1, 0, 0
350949, 59520, 1, 0, 0
351049, 60800, 1, 0, 0
351149, 60160, 1, 0, 0
351249, 59520, 1, 0, 0
351349, 60800, 1, 0, 0
351449, 60160, 1, 0, 0
351550, 60160, 1, 0, 0
351650, 59520, 1, 0, 0
351750, 60800, 1, 0, 0
351850, 57600, 1, 0, 0
351950, 56960, 1, 0, 0
352050, 62080, 1, 0, 0
352150, 58880, 1, 0, 0
352249, 60767, 1, 0, 0
352349, 64000, 1, 0, 0
352449, 62720, 1, 0, 0
352549, 62080, 1, 0, 0
352649, 60160, 1, 0, 0
352750, 60160, 1, 0, 0
352850, 57600, 1, 0, 0
352950, 58880, 1, 0, 0
353050, 61440, 1, 0, 0
353150, 57600, 1, 0, 0
353249, 61414, 1, 0, 0
353349, 56960, 1, 0, 0
353449, 60800, 1, 0, 0
353549, 61440, 1, 0, 0
353649, 58240, 1, 0, 0
353749, 58240, 1, 0, 0
353849, 60800, 1, 0, 0
353949, 63360, 1, 0, 0
354050, 62720, 1, 0, 0
354150, 61440, 1, 0, 0
354249, 61414, 1, 0, 0
354349, 62080, 1, 0, 0
354449, 60160, 1, 0, 0
354549, 66560, 1, 0, 0
354649, 60800, 1, 0, 0
354749, 63360, 1, 0, 0
354849, 60160, 1, 0, 0
354949, 58880, 1, 0, 0
355050, 61440, 1, 0, 0
355150, 61440, 1, 0, 0
355250, 62080, 1, 0, 0
355350, 61440, 1, 0, 0
355450, 58240, 1, 0, 0
355550, 57600, 1, 0, 0
355650, 62720, 1, 0, 0
355749, 61414, 1, 0, 0
355849, 56960, 1, 0, 0
355949, 59520, 1, 0, 0
356049, 56320, 1, 0, 0
356149, 60160, 1, 0, 0
356250, 60800, 1, 0, 0
356350, 58880, 1, 0, 0
356450, 56320, 1, 0, 0
356550, 60800, 1, 0, 0
356650, 59520, 1, 0, 0
356749, 62060, 1, 0, 0
356849, 59520, 1, 0, 0
356949, 60160, 1, 0, 0
357049, 59520, 1, 0, 0
357149, 60160, 1, 0, 0
357249, 62720, 1, 0, 0
357349, 62080, 1, 0, 0
357449, 62720, 1, 0, 0
357550, 61440, 1, 0, 0
357650, 63360, 1, 0, 0
357749, 62707, 1, 0, 0
357849, 58880, 1, 0, 0
357949, 61440, 1, 0, 0
358049, 60160, 1, 0, 0
358149, 62080, 1, 0, 0
358249, 58880, 1, 0, 0
358349, 60160, 1, 0, 0
358449, 60800, 1, 0, 0
358549, 60800, 1, 0, 0
358649, 62720, 1, 0, 0
358750, 57600, 1, 0, 0
358850, 61440, 1, 0, 0
358950, 59520, 1, 0, 0
359050, 61440, 1, 0, 0
359150, 59520, 1, 0, 0
359249, 58181, 1, 0, 0
359349, 58240, 1, 0, 0
359449, 57600, 1, 0, 0
359549, 59520, 1, 0, 0
359649, 60160, 1, 0, 0
359749, 60800, 1, 0, 0
359849, 58240, 1, 0, 0
359950, 58880, 1, 0, 0
360050, 62720, 1, 0, 0
360150, 60800, 1, 0, 0
360249, 58828, 1, 0, 0
360349, 62080, 1, 0, 0
360449, 62080, 1, 0, 0
360549, 62720, 1, 0, 0
360649, 60800, 1, 0, 0
360749, 63360, 1, 0, 0
360849, 61440, 1, 0, 0
360949, 61440, 1, 0, 0
361049, 60160, 1, 0, 0
361150, 59520, 1, 0, 0
361250, 59520, 1, 0, 0
361350, 55680, 1, 0, 0
361450, 59520, 1, 0, 0
361550, 60800, 1, 0, 0
361650, 58880, 1, 0, 0
361749, 60767, 1, 0, 0
361849, 60800, 1, 0, 0
361949, 58880, 1, 0, 0
362049, 59520, 1, 0, 0
362149, 59520, 1, 0, 0
362250, 61440, 1, 0, 0
362350, 60160, 1, 0, 0
362450, 60160, 1, 0, 0
362550, 62720, 1, 0, 0
362650, 62080, 1, 0, 0
362749, 61414, 1, 0, 0
362849, 63360, 1, 0, 0
362949, 61440, 1, 0, 0
363049, 66560, 1, 0, 0
363149, 65920, 1, 0, 0
363249, 60800, 1, 0, 0
363349, 61440, 1, 0, 0
363449, 62080, 1, 0, 0
363550, 62720, 1, 0, 0
363650, 60160, 1, 0, 0
363749, 66585, 1, 0, 0
363849, 62080, 1, 0, 0
363949, 61440, 1, 0, 0
364049, 63360, 1, 0, 0
364149, 61440, 1, 0, 0
364249, 60160, 1, 0, 0
364349, 64000, 1, 0, 0
364449, 60800, 1, 0, 0
364549, 59520, 1, 0, 0
364650, 60800, 1, 0, 0
364750, 60800, 1, 0, 0
364850, 62720, 1, 0, 0
364950, 60160, 1, 0, 0
365050, 60160, 1, 0, 0
365150, 61440, 1, 0, 0
365249, 61414, 1, 0, 0
365349, 63360, 1, 0, 0
365449, 61440, 1, 0, 0
365549, 59520, 1, 0, 0
365649, 60800, 1, 0, 0
365750, 60160, 1, 0, 0
365850, 65280, 1, 0, 0
365950, 60800, 1, 0, 0
366050, 61440, 1, 0, 0
366150, 57600, 1, 0, 0
366249, 61414, 1, 0, 0
366349, 61440, 1, 0, 0
366449, 64000, 1, 0, 0
366549, 63360, 1, 0, 0
366649, 60160, 1, 0, 0
366749, 60160, 1, 0, 0
366849, 60160, 1, 0, 0
366949, 61440, 1, 0, 0
367050, 62720, 1, 0, 0
367150, 64640, 1, 0, 0
367249, 64000, 1, 0, 0
367349, 64640, 1, 0, 0
367449, 64640, 1, 0, 0
367549, 61440, 1, 0, 0
367649, 62080, 1, 0, 0
367749, 62720, 1, 0, 0
367849, 60160, 1, 0, 0
367949, 63360, 1, 0, 0
368049, 63360, 1, 0, 0
368149, 59520, 1, 0, 0
368250, 63360, 1, 0, 0
368350, 60800, 1, 0, 0
368450, 60160, 1, 0, 0
368550, 59520, 1, 0, 0
368650, 64640, 1, 0, 0
368749, 62707, 1, 0, 0
368849, 63360, 1, 0, 0
368949, 60160, 1, 0, 0
369049, 64000, 1, 0, 0
369149, 62080, 1, 0, 0
369249, 60800, 1, 0, 0
369350, 62720, 1, 0, 0
369450, 62720, 1, 0, 0
369550, 60160, 1, 0, 0
369650, 60160, 1, 0, 0
369749, 63353, 1, 0, 0
369849, 59520, 1, 0, 0
369949, 61440, 1, 0, 0
370049, 60160, 1, 0, 0
370149, 62720, 1, 0, 0
370249, 61440, 1, 0, 0
370349, 59520, 1, 0, 0
370449, 62720, 1, 0, 0
370550, 61440, 1, 0, 0
370650, 58240, 1, 0, 0
370750, 57600, 1, 0, 0
370850, 60800, 1, 0, 0
370950, 61440, 1, 0, 0
371050, 63360, 1, 0, 0
371150, 61440, 1, 0, 0
371249, 58828, 1, 0, 0
371349, 62080, 1, 0, 0
371449, 62080, 1, 0, 0
371549, 60800, 1, 0, 0
371650, 62080, 1, 0, 0
371750, 60800, 1, 0, 0
371850, 60800, 1, 0, 0
371950, 61440, 1, 0, 0
372050, 59520, 1, 0, 0
372150, 62720, 1, 0, 0
372249, 61414, 1, 0, 0
372349, 60160, 1, 0, 0
372449, 61440, 1, 0, 0
372549, 60160, 1, 0, 0
372649, 62080, 1, 0, 0
372749, 62080, 1, 0, 0
372850, 60160, 1, 0, 0
372950, 61440, 1, 0, 0
373050, 63360, 1, 0, 0
373150, 64000, 1, 0, 0
373249, 58181, 1, 0, 0
373349, 59520, 1, 0, 0
373449, 57600, 1, 0, 0
373549, 60800, 1, 0, 0
373649, 60800, 1, 0, 0
373749, 58240, 1, 0, 0
373849, 60160, 1, 0, 0
373949, 60160, 1, 0, 0
374050, 58880, 1, 0, 0
374150, 62720, 1, 0, 0
374250, 64640, 1, 0, 0
374350, 61440, 1, 0, 0
374450, 60800, 1, 0, 0
374550, 60800, 1, 0, 0
374650, 64640, 1, 0, 0
374749, 62060, 1, 0, 0
374849, 60800, 1, 0, 0
374949, 62080, 1, 0, 0
375049, 59520, 1, 0, 0
375149, 57600, 1, 0, 0
375250, 58240, 1, 0, 0
375350, 59520, 1, 0, 0
375450, 58880, 1, 0, 0
375550, 58240, 1, 0, 0
375650, 60800, 1, 0, 0
375749, 59474, 1, 0, 0
375849, 60800, 1, 0, 0
375949, 61440, 1, 0, 0
376049, 62720, 1, 0, 0
376149, 60160, 1, 0, 0
376249, 60800, 1, 0, 0
376350, 60160, 1, 0, 0
376450, 62080, 1, 0, 0
376550, 61440, 1, 0, 0
376650, 62720, 1, 0, 0
376749, 62060, 1, 0, 0
376849, 62080, 1, 0, 0
376949, 63360, 1, 0, 0
377049, 57600, 1, 0, 0
377149, 60160, 1, 0, 0
377249, 61440, 1, 0, 0
377349, 62080, 1, 0, 0
377449, 64000, 1, 0, 0
377550, 62080, 1, 0, 0
377650, 58240, 1, 0, 0
377750, 59520, 1, 0, 0
377850, 59520, 1, 0, 0
377950, 60800, 1, 0, 0
378050, 58240, 1, 0, 0
378150, 62720, 1, 0, 0
378249, 62060, 1, 0, 0
378349, 60160, 1, 0, 0
378449, 60800, 1, 0, 0
378549, 60800, 1, 0, 0
378649, 61440, 1, 0, 0
378750, 64000, 1, 0, 0
378850, 60800, 1, 0, 0
378950, 62080, 1, 0, 0
379050, 62080, 1, 0, 0
379150, 64000, 1, 0, 0
379249, 62060, 1, 0, 0
379349, 62080, 1, 0, 0
379449, 65920, 1, 0, 0
379549, 61440, 1, 0, 0
379649, 61440, 1, 0, 0
379749, 64000, 1, 0, 0
379849, 56960, 1, 0, 0
379949, 64000, 1, 0, 0
380050, 64640, 1, 0, 0
380150, 62720, 1, 0, 0
380250, 62720, 1, 0, 0
380350, 60160, 1, 0, 0
380450, 62080, 1, 0, 0
380550, 62080, 1, 0, 0
380650, 62720, 1, 0, 0
380749, 61414, 1, 0, 0
380849, 62080, 1, 0, 0
380949, 60800, 1, 0, 0
381049, 64000, 1, 0, 0
381149, 63360, 1, 0, 0
381250, 62720, 1, 0, 0
381350, 64000, 1, 0, 0
381450, 62720, 1, 0, 0
381550, 63360, 1, 0, 0
381650, 63360, 1, 0, 0
381749, 59474, 1, 0, 0
381849, 64000, 1, 0, 0
381949, 61440, 1, 0, 0
382049, 59520, 1, 0, 0
382149, 59520, 1, 0, 0
382249, 60800, 1, 0, 0
382350, 62720, 1, 0, 0
382450, 62080, 1, 0, 0
382550, 61440, 1, 0, 0
382650, 62720, 1, 0, 0
382749, 64000, 1, 0, 0
382849, 60800, 1, 0, 0
382949, 60160, 1, 0, 0
383049, 62720, 1, 0, 0
383149, 63360, 1, 0, 0
383249, 61440, 1, 0, 0
383349, 64640, 1, 0, 0
383449, 62080, 1, 0, 0
383550, 61440, 1, 0, 0
383650, 65280, 1, 0, 0
383750, 60800, 1, 0, 0
383850, 59520, 1, 0, 0
383950, 58880, 1, 0, 0
384050, 62080, 1, 0, 0
384150, 62080, 1, 0, 0
384249, 62707, 1, 0, 0
384349, 59520, 1, 0, 0
384449, 59520, 1, 0, 0
384549, 62080, 1, 0, 0
384649, 60800, 1, 0, 0
384749, 64000, 1, 0, 0
384850, 63360, 1, 0, 0
384950, 62080, 1, 0, 0
385050, 60160, 1, 0, 0
385150, 62720, 1, 0, 0
385249, 60767, 1, 0, 0
385349, 59520, 1, 0, 0
385449, 62720, 1, 0, 0
385549, 62080, 1, 0, 0
385649, 62080, 1, 0, 0
385749, 63360, 1, 0, 0
385849, 63360, 1, 0, 0
385949, 62080, 1, 0, 0
386049, 59520, 1, 0, 0
386149, 63360, 1, 0, 0
386250, 61440, 1, 0, 0
386350, 60800, 1, 0, 0
386450, 62720, 1, 0, 0
386550, 60160, 1, 0, 0
386650, 63360, 1, 0, 0
386749, 64000, 1, 0, 0
386849, 60800, 1, 0, 0
386949, 64640, 1, 0, 0
387049, 58880, 1, 0, 0
387149, 63360, 1, 0, 0
387249, 60800, 1, 0, 0
387349, 60800, 1, 0, 0
387450, 60160, 1, 0, 0
387550, 64000, 1, 0, 0
387650, 64640, 1, 0, 0
387749, 60767, 1, 0, 0
387849, 61440, 1, 0, 0
387949, 63360, 1, 0, 0
388049, 60800, 1, 0, 0
388149, 61440, 1, 0, 0
388249, 60800, 1, 0, 0
388349, 63360, 1, 0, 0
388449, 59520, 1, 0, 0
388549, 60800, 1, 0, 0
388650, 60800, 1, 0, 0
388750, 60160, 1, 0, 0
388850, 60800, 1, 0, 0
388950, 63360, 1, 0, 0
389050, 64000, 1, 0, 0
389150, 60800, 1, 0, 0
389249, 63353, 1, 0, 0
389349, 62080, 1, 0, 0
389449, 63360, 1, 0, 0
389549, 65920, 1, 0, 0
389649, 62720, 1, 0, 0
389750, 63360, 1, 0, 0
389850, 61440, 1, 0, 0
389950, 64640, 1, 0, 0
390050, 58880, 1, 0, 0
390150, 62080, 1, 0, 0
390249, 63353, 1, 0, 0
390349, 60800, 1, 0, 0
390449, 58880, 1, 0, 0
390549, 64000, 1, 0, 0
390649, 61440, 1, 0, 0
390749, 61440, 1, 0, 0
390849, 59520, 1, 0, 0
390949, 60800, 1, 0, 0
391050, 62080, 1, 0, 0
391150, 61440, 1, 0, 0
391250, 62080, 1, 0, 0
391350, 60800, 1, 0, 0
391450, 61440, 1, 0, 0
391550, 63360, 1, 0, 0
391650, 60160, 1, 0, 0
391749, 61414, 1, 0, 0
391849, 64000, 1, 0, 0
391949, 63360, 1, 0, 0
392049, 59520, 1, 0, 0
392149, 61440, 1, 0, 0
392250, 61440, 1, 0, 0
392350, 59520, 1, 0, 0
392450, 60800, 1, 0, 0
392550, 62720, 1, 0, 0
392650, 58240, 1, 0, 0
392749, 61414, 1, 0, 0
392849, 61440, 1, 0, 0
392949, 62720, 1, 0, 0
393049, 60160, 1, 0, 0
393149, 58880, 1, 0, 0
393250, 57600, 1, 0, 0
393350, 61440, 1, 0, 0
393450, 58240, 1, 0, 0
393550, 58880, 1, 0, 0
393650, 62080, 1, 0, 0
393749, 60767, 1, 0, 0
393849, 62080, 1, 0, 0
393949, 60160, 1, 0, 0
394049, 59520, 1, 0, 0
394149, 62080, 1, 0, 0
394249, 57600, 1, 0, 0
394349, 59520, 1, 0, 0
394450, 60160, 1, 0, 0
394550, 58240, 1, 0, 0
394650, 60160, 1, 0, 0
394749, 57535, 1, 0, 0
394849, 60800, 1, 0, 0
394949, 60160, 1, 0, 0
395049, 59520, 1, 0, 0
395149, 61440, 1, 0, 0
395249, 57600, 1, 0, 0
395349, 61440, 1, 0, 0
395449, 60160, 1, 0, 0
395549, 59520, 1, 0, 0
395650, 59520, 1, 0, 0
395750, 61440, 1, 0, 0
395850, 57600, 1, 0, 0
395950, 59520, 1, 0, 0
396050, 62720, 1, 0, 0
396150, 60800, 1, 0, 0
396249, 64646, 1, 0, 0
396349, 62080, 1, 0, 0
396449, 62720, 1, 0, 0
396549, 62720, 1, 0, 0
396649, 60160, 1, 0, 0
396749, 62720, 1, 0, 0
396849, 60800, 1, 0, 0
396949, 60800, 1, 0, 0
397050, 58240, 1, 0, 0
397150, 58240, 1, 0, 0
397249, 58828, 1, 0, 0
397349, 59520, 1, 0, 0
397449, 59520, 1, 0, 0
397549, 58880, 1, 0, 0
397649, 60800, 1, 0, 0
397749, 58880, 1, 0, 0
397849, 60800, 1, 0, 0
397949, 61440, 1, 0, 0
398050, 58240, 1, 0, 0
398150, 58240, 1, 0, 0
398250, 63360, 1, 0, 0
398350, 58240, 1, 0, 0
398450, 62080, 1, 0, 0
398550, 64000, 1, 0, 0
398650, 62720, 1, 0, 0
398749, 58828, 1, 0, 0
398849, 60800, 1, 0, 0
398949, 58880, 1, 0, 0
399049, 60800, 1, 0, 0
399149, 60160, 1, 0, 0
399249, 58880, 1, 0, 0
399350, 60800, 1, 0, 0
399450, 59520, 1, 0, 0
399550, 60800, 1, 0, 0
399650, 61440, 1, 0, 0
399749, 60767, 1, 0, 0
399849, 61440, 1, 0, 0
399949, 61440, 1, 0, 0
400049, 58240, 1, 0, 0
400149, 59520, 1, 0, 0
400249, 62720, 1, 0, 0
400349, 61440, 1, 0, 0
400449, 58880, 1, 0, 0
400550, 58240, 1, 0, 0
400650, 62080, 1, 0, 0
400750, 59520, 1, 0, 0
400850, 59520, 1, 0, 0
400950, 62080, 1, 0, 0
401050, 60800, 1, 0, 0
401150, 62720, 1, 0, 0
401249, 62707, 1, 0, 0
401349, 64000, 1, 0, 0
401449, 64000, 1, 0, 0
401549, 62720, 1, 0, 0
401649, 60800, 1, 0, 0
401750, 60800, 1, 0, 0
401850, 62720, 1, 0, 0
401950, 63360, 1, 0, 0
402050, 62720, 1, 0, 0
402150, 62720, 1, 0, 0
402249, 60121, 1, 0, 0
402349, 60800, 1, 0, 0
402449, 58240, 1, 0, 0
402549, 64640, 1, 0, 0
402649, 60800, 1, 0, 0
402749, 59520, 1, 0, 0
402849, 61440, 1, 0, 0
402949, 62080, 1, 0, 0
403050, 60800, 1, 0, 0
403150, 61440, 1, 0, 0
403250, 60160, 1, 0, 0
403350, 60160, 1, 0, 0
403450, 60800, 1, 0, 0
403550, 60160, 1, 0, 0
403650, 62720, 1, 0, 0
403749, 62707, 1, 0, 0
403849, 63360, 1, 0, 0
403949, 60160, 1, 0, 0
404049, 62080, 1, 0, 0
404149, 62720, 1, 0, 0
404250, 63360, 1, 0, 0
404350, 61440, 1, 0, 0
404450, 62080, 1, 0, 0
404550, 62080, 1, 0, 0
404650, 62080, 1, 0, 0
404749, 61414, 1, 0, 0
404849, 62720, 1, 0, 0
404949, 62080, 1, 0, 0
405049, 62720, 1, 0, 0
405149, 62720, 1, 0, 0
405249, 62080, 1, 0, 0
405350, 60160, 1, 0, 0
405450, 63360, 1, 0, 0
405550, 60800, 1, 0, 0
405650, 61440, 1, 0, 0
405749, 60767, 1, 0, 0
405849, 59520, 1, 0, 0
405949, 58880, 1, 0, 0
406049, 58240, 1, 0, 0
406149, 59520, 1, 0, 0
406249, 58880, 1, 0, 0
406349, 62720, 1, 0, 0
406449, 62080, 1, 0, 0
406550, 60800, 1, 0, 0
406650, 62080, 1, 0, 0
406750, 60160, 1, 0, 0
406850, 56320, 1, 0, 0
406950, 60160, 1, 0, 0
407050, 60800, 1, 0, 0
407150, 62720, 1, 0, 0
407249, 61414, 1, 0, 0
407349, 59520, 1, 0, 0
407449, 60800, 1, 0, 0
407550, 61440, 1, 0, 0
407650, 62080, 1, 0, 0
407750, 60800, 1, 0, 0
407850, 58880, 1, 0, 0
407950, 58880, 1, 0, 0
408050, 61440, 1, 0, 0
408150, 60160, 1, 0, 0
408249, 62707, 1, 0, 0
408349, 63360, 1, 0, 0
408449, 58880, 1, 0, 0
408549, 63360, 1, 0, 0
408649, 60800, 1, 0, 0
408750, 56320, 1, 0, 0
408850, 59520, 1, 0, 0
408950, 62080, 1, 0, 0
409050, 60800, 1, 0, 0
409150, 62720, 1, 0, 0
409249, 61414, 1, 0, 0
409349, 59520, 1, 0, 0
409449, 59520, 1, 0, 0
409549, 57600, 1, 0, 0
409649, 58240, 1, 0, 0
409749, 58240, 1, 0, 0
409849, 58880, 1, 0, 0
409949, 61440, 1, 0, 0
410050, 61440, 1, 0, 0
410150, 60800, 1, 0, 0
410250, 60160, 1, 0, 0
410350, 60800, 1, 0, 0
410450, 58880, 1, 0, 0
410550, 62080, 1, 0, 0
410650, 61440, 1, 0, 0
410749, 60767, 1, 0, 0
410849, 58880, 1, 0, 0
410949, 61440, 1, 0, 0
411049, 60160, 1, 0, 0
411149, 58240, 1, 0, 0
411250, 58240, 1, 0, 0
411350, 62080, 1, 0, 0
411450, 56320, 1, 0, 0
411550, 62080, 1, 0, 0
411650, 60160, 1, 0, 0
411749, 59474, 1, 0, 0
411849, 64000, 1, 0, 0
411949, 61440, 1, 0, 0
412049, 61440, 1, 0, 0
412149, 60160, 1, 0, 0
412249, 60160, 1, 0, 0
412349, 62080, 1, 0, 0
412449, 56960, 1, 0, 0
412550, 59520, 1, 0, 0
412650, 60160, 1, 0, 0
412750, 62720, 1, 0, 0
412850, 61440, 1, 0, 0
412950, 62720, 1, 0, 0
413050, 60160, 1, 0, 0
413150, 60800, 1, 0, 0
413249, 62707, 1, 0, 0
413349, 64000, 1, 0, 0
413449, 60800, 1, 0, 0
413549, 58880, 1, 0, 0
413649, 61440, 1, 0, 0
413750, 65280, 1, 0, 0
413850, 60800, 1, 0, 0
413950, 58880, 1, 0, 0
414050, 60800, 1, 0, 0
414150, 58880, 1, 0, 0
414249, 59474, 1, 0, 0
414349, 62720, 1, 0, 0
414449, 61440, 1, 0, 0
414549, 63360, 1, 0, 0
414649, 63360, 1, 0, 0
414749, 64640, 1, 0, 0
414849, 64000, 1, 0, 0
414950, 60160, 1, 0, 0
415050, 63360, 1, 0, 0
415150, 64640, 1, 0, 0
415249, 62707, 1, 0, 0
415349, 62080, 1, 0, 0
415449, 61440, 1, 0, 0
415549, 65280, 1, 0, 0
415649, 61440, 1, 0, 0
415749, 61440, 1, 0, 0
415849, 64640, 1, 0, 0
415949, 64000, 1, 0, 0
416050, 62720, 1, 0, 0
416150, 64000, 1, 0, 0
416250, 64640, 1, 0, 0
416350, 62080, 1, 0, 0
416450, 64000, 1, 0, 0
416550, 64640, 1, 0, 0
416650, 62080, 1, 0, 0
416749, 62707, 1, 0, 0
416849, 62720, 1, 0, 0
416949, 61440, 1, 0, 0
417049, 61440, 1, 0, 0
417149, 61440, 1, 0, 0
417250, 60160, 1, 0, 0
417350, 61440, 1, 0, 0
417450, 61440, 1, 0, 0
417550, 62080, 1, 0, 0
417650, 64000, 1, 0, 0
417749, 61414, 1, 0, 0
417849, 60800, 1, 0, 0
417949, 59520, 1, 0, 0
418049, 62080, 1, 0, 0
418149, 62720, 1, 0, 0
418249, 64640, 1, 0, 0
418349, 63360, 1, 0, 0
418449, 61440, 1, 0, 0
418550, 64000, 1, 0, 0
418650, 64000, 1, 0, 0
418750, 62080, 1, 0, 0
418850, 60160, 1, 0, 0
418950, 58880, 1, 0, 0
419050, 60800, 1, 0, 0
419150, 60800, 1, 0, 0
419249, 62060, 1, 0, 0
419349, 61440, 1, 0, 0
419449, 63360, 1, 0, 0
419549, 60800, 1, 0, 0
419649, 58880, 1, 0, 0
419750, 64000, 1, 0, 0
419850, 63360, 1, 0, 0
419950, 64000, 1, 0, 0
420050, 64640, 1, 0, 0
420150, 60160, 1, 0, 0
420249, 62060, 1, 0, 0
420349, 62720, 1, 0, 0
420449, 61440, 1, 0, 0
420549, 58240, 1, 0, 0
420649, 61440, 1, 0, 0
420749, 64000, 1, 0, 0
420849, 60800, 1, 0, 0
420949, 63360, 1, 0, 0
421050, 61440, 1, 0, 0
421150, 61440, 1, 0, 0
421250, 62720, 1, 0, 0
421350, 62080, 1, 0, 0
421450, 59520, 1, 0, 0
421550, 62080, 1, 0, 0
421650, 63360, 1, 0, 0
421749, 62707, 1, 0, 0
421849, 64640, 1, 0, 0
421949, 62720, 1, 0, 0
422049, 60800, 1, 0, 0
422149, 61440, 1, 0, 0
422250, 61440, 1, 0, 0
422350, 63360, 1, 0, 0
422450, 62720, 1, 0, 0
422550, 58240, 1, 0, 0
422650, 62720, 1, 0, 0
422749, 60767, 1, 0, 0
422849, 62720, 1, 0, 0
422949, 58240, 1, 0, 0
423049, 59520, 1, 0, 0
423149, 58880, 1, 0, 0
423249, 60800, 1, 0, 0
423349, 59520, 1, 0, 0
423450, 59520, 1, 0, 0
423550, 61440, 1, 0, 0
423650, 60800, 1, 0, 0
423749, 62060, 1, 0, 0
423849, 62080, 1, 0, 0
423949, 60800, 1, 0, 0
424049, 62720, 1, 0, 0
424149, 61440, 1, 0, 0
424249, 63360, 1, 0, 0
424349, 62720, 1, 0, 0
424449, 62080, 1, 0, 0
424549, 64000, 1, 0, 0
424649, 62720, 1, 0, 0
424750, 63360, 1, 0, 0
424850, 63360, 1, 0, 0
424950, 63360, 1, 0, 0
425050, 63360, 1, 0, 0
425150, 64000, 1, 0, 0
425249, 60121, 1, 0, 0
425349, 62080, 1, 0, 0
425449, 62080, 1, 0, 0
425549, 62080, 1, 0, 0
425649, 62720, 1, 0, 0
425749, 62080, 1, 0, 0
425849, 64640, 1, 0, 0
425950, 61440, 1, 0, 0
426050, 61440, 1, 0, 0
426150, 63360, 1, 0, 0
426250, 60160, 1, 0, 0
426350, 63360, 1, 0, 0
426450, 60160, 1, 0, 0
426550, 59520, 1, 0, 0
426650, 62720, 1, 0, 0
426749, 64646, 1, 0, 0
426849, 60160, 1, 0, 0
426949, 61440, 1, 0, 0
427049, 60800, 1, 0, 0
427150, 61440, 1, 0, 0
427250, 60160, 1, 0, 0
427350, 62720, 1, 0, 0
427450, 62720, 1, 0, 0
427550, 63360, 1, 0, 0
427650, 62080, 1, 0, 0
427749, 63353, 1, 0, 0
427849, 62080, 1, 0, 0
427949, 62080, 1, 0, 0
428049, 60160, 1, 0, 0
428149, 60800, 1, 0, 0
428249, 60160, 1, 0, 0
428350, 62080, 1, 0, 0
428450, 62080, 1, 0, 0
428550, 60800, 1, 0, 0
428650, 64640, 1, 0, 0
428749, 62060, 1, 0, 0
428849, 64000, 1, 0, 0
428949, 61440, 1, 0, 0
429049, 62080, 1, 0, 0
429149, 62080, 1, 0, 0
429249, 60160, 1, 0, 0
429349, 60160, 1, 0, 0
429449, 61440, 1, 0, 0
429550, 60800, 1, 0, 0
429650, 61440, 1, 0, 0
429749, 60767, 1, 0, 0
429849, 60800, 1, 0, 0
429949, 62720, 1, 0, 0
430049, 64640, 1, 0, 0
430149, 63360, 1, 0, 0
430249, 58880, 1, 0, 0
430349, 59520, 1, 0, 0
430449, 62080, 1, 0, 0
430549, 58880, 1, 0, 0
430650, 60160, 1, 0, 0
430750, 64640, 1, 0, 0
430850, 59520, 1, 0, 0
430950, 64000, 1, 0, 0
431050, 62720, 1, 0, 0
431150, 58880, 1, 0, 0
431249, 62707, 1, 0, 0
431349, 60800, 1, 0, 0
431449, 62080, 1, 0, 0
431549, 60160, 1, 0, 0
431649, 61440, 1, 0, 0
431750, 62080, 1, 0, 0
431850, 59520, 1, 0, 0
431950, 62080, 1, 0, 0
432050, 62720, 1, 0, 0
432150, 62080, 1, 0, 0
432249, 58828, 1, 0, 0
432349, 58880, 1, 0, 0
432449, 60160, 1, 0, 0
432549, 53760, 1, 0, 0
432649, 59520, 1, 0, 0
432749, 59520, 1, 0, 0
432849, 58240, 1, 0, 0
432949, 61440, 1, 0, 0
433050, 61440, 1, 0, 0
433150, 58880, 1, 0, 0
433250, 57600, 1, 0, 0
433350, 64000, 1, 0, 0
433450, 61440, 1, 0, 0
433550, 62720, 1, 0, 0
433650, 57600, 1, 0, 0
433749, 56242, 1, 0, 0
433849, 62080, 1, 0, 0
433949, 61440, 1, 0, 0
434049, 58880, 1, 0, 0
434149, 58240, 1, 0, 0
434250, 61440, 1, 0, 0
434350, 58880, 1, 0, 0
434450, 60160, 1, 0, 0
434550, 60160, 1, 0, 0
434650, 62080, 1, 0, 0
434749, 62060, 1, 0, 0
434849, 61440, 1, 0, 0
434949, 59520, 1, 0, 0
435049, 59520, 1, 0, 0
435149, 58880, 1, 0, 0
435249, 58880, 1, 0, 0
435349, 61440, 1, 0, 0
435449, 60160, 1, 0, 0
435550, 59520, 1, 0, 0
435650, 61440, 1, 0, 0
435750, 57600, 1, 0, 0
435850, 60160, 1, 0, 0
435950, 64000, 1, 0, 0
436050, 58880, 1, 0, 0
436150, 57600, 1, 0, 0
436249, 60121, 1, 0, 0
436349, 60800, 1, 0, 0
436449, 61440, 1, 0, 0
436549, 56320, 1, 0, 0
436649, 56960, 1, 0, 0
436750, 59520, 1, 0, 0
436850, 59520, 1, 0, 0
436950, 59520, 1, 0, 0
437050, 61440, 1, 0, 0
437150, 60160, 1, 0, 0
437249, 60121, 1, 0, 0
437349, 60800, 1, 0, 0
437449, 60160, 1, 0, 0
437549, 61440, 1, 0, 0
437649, 60800, 1, 0, 0
437749, 58880, 1, 0, 0
437849, 59520, 1, 0, 0
437950, 62080, 1, 0, 0
438050, 61440, 1, 0, 0
438150, 62720, 1, 0, 0
438249, 62707, 1, 0, 0
438349, 61440, 1, 0, 0
438449, 62080, 1, 0, 0
438549, 60160, 1, 0, 0
438649, 60160, 1, 0, 0
438749, 62720, 1, 0, 0
438849, 58880, 1, 0, 0
438949, 58240, 1, 0, 0
439050, 60160, 1, 0, 0
439150, 62080, 1, 0, 0
439250, 57600, 1, 0, 0
439350, 61440, 1, 0, 0
439450, 60800, 1, 0, 0
439550, 61440, 1, 0, 0
439650, 62720, 1, 0, 0
439749, 58828, 1, 0, 0
439849, 62080, 1, 0, 0
439949, 62720, 1, 0, 0
440049, 62720, 1, 0, 0
440149, 61440, 1, 0, 0
440250, 62720, 1, 0, 0
440350, 58880, 1, 0, 0
440450, 64000, 1, 0, 0
440550, 62720, 1, 0, 0
440650, 62080, 1, 0, 0
440749, 60121, 1, 0, 0
440849, 64640, 1, 0, 0
440949, 63360, 1, 0, 0
441049, 62720, 1, 0, 0
441149, 58880, 1, 0, 0
441249, 60160, 1, 0, 0
441349, 60160, 1, 0, 0
441449, 58240, 1, 0, 0
441550, 61440, 1, 0, 0
441650, 60160, 1, 0, 0
441749, 62707, 1, 0, 0
441849, 62080, 1, 0, 0
441949, 61440, 1, 0, 0
442049, 61440, 1, 0, 0
442149, 61440, 1, 0, 0
442249, 62080, 1, 0, 0
442349, 62720, 1, 0, 0
442449, 62080, 1, 0, 0
442549, 65280, 1, 0, 0
442650, 64000, 1, 0, 0
442750, 62720, 1, 0, 0
442850, 60160, 1, 0, 0
442950, 60800, 1, 0, 0
443050, 60160, 1, 0, 0
443150, 63360, 1, 0, 0
443249, 59474, 1, 0, 0
443349, 60800, 1, 0, 0
443449, 62720, 1, 0, 0
443549, 59520, 1, 0, 0
443649, 62080, 1, 0, 0
443750, 60160, 1, 0, 0
443850, 59520, 1, 0, 0
443950, 64000, 1, 0, 0
444050, 64000, 1, 0, 0
444150, 62720, 1, 0, 0
444249, 60121, 1, 0, 0
444349, 64640, 1, 0, 0
444449, 62720, 1, 0, 0
444549, 62720, 1, 0, 0
444649, 60160, 1, 0, 0
444749, 58880, 1, 0, 0
444849, 64000, 1, 0, 0
444949, 64000, 1, 0, 0
445050, 60800, 1, 0, 0
445150, 63360, 1, 0, 0
445250, 62080, 1, 0, 0
445350, 62720, 1, 0, 0
445450, 60800, 1, 0, 0
445550, 63360, 1, 0, 0
445650, 59520, 1, 0, 0
445749, 62060, 1, 0, 0
445849, 62080, 1, 0, 0
445949, 62720, 1, 0, 0
446049, 62080, 1, 0, 0
446149, 62080, 1, 0, 0
446250, 64000, 1, 0, 0
446350, 60800, 1, 0, 0
446450, 60160, 1, 0, 0
446550, 60800, 1, 0, 0
446650, 61440, 1, 0, 0
446749, 58828, 1, 0, 0
446849, 62080, 1, 0, 0
446949, 65280, 1, 0, 0
447049, 63360, 1, 0, 0
447149, 60800, 1, 0, 0
447249, 60160, 1, 0, 0
447349, 58880, 1, 0, 0
447449, 62080, 1, 0, 0
447550, 60160, 1, 0, 0
447650, 58240, 1, 0, 0
447750, 58240, 1, 0, 0
447850, 58240, 1, 0, 0
447950, 57600, 1, 0, 0
448050, 59520, 1, 0, 0
448150, 60160, 1, 0, 0
448249, 61414, 1, 0, 0
448349, 61440, 1, 0, 0
448449, 58240, 1, 0, 0
448549, 59520, 1, 0, 0
448649, 61440, 1, 0, 0
448750, 61440, 1, 0, 0
448850, 60160, 1, 0, 0
448950, 60160, 1, 0, 0
449050, 61440, 1, 0, 0
449150, 59520, 1, 0, 0
449249, 58828, 1, 0, 0
449349, 61440, 1, 0, 0
449449, 60800, 1, 0, 0
449549, 59520, 1, 0, 0
449649, 60160, 1, 0, 0
449749, 60160, 1, 0, 0
449850, 63360, 1, 0, 0
449950, 59520, 1, 0, 0
450050, 60160, 1, 0, 0
450150, 62720, 1, 0, 0
450249, 62060, 1, 0, 0
450349, 61440, 1, 0, 0
450449, 62720, 1, 0, 0
450549, 59520, 1, 0, 0
450649, 58240, 1, 0, 0
450749, 59520, 1, 0, 0
450849, 62080, 1, 0, 0
450949, 56960, 1, 0, 0
451050, 58880, 1, 0, 0
451150, 59520, 1, 0, 0
451250, 59520, 1, 0, 0
451350, 62080, 1, 0, 0
451450, 62720, 1, 0, 0
451550, 60800, 1, 0, 0
451650, 59520, 1, 0, 0
451749, 63353, 1, 0, 0
451849, 59520, 1, 0, 0
451949, 60800, 1, 0, 0
452049, 61440, 1, 0, 0
452149, 62080, 1, 0, 0
452250, 59520, 1, 0, 0
452350, 59520, 1, 0, 0
452450, 58880, 1, 0, 0
452550, 56960, 1, 0, 0
452650, 60800, 1, 0, 0
452749, 60767, 1, 0, 0
452849, 61440, 1, 0, 0
452949, 62080, 1, 0, 0
453049, 60800, 1, 0, 0
453149, 56320, 1, 0, 0
453249, 60160, 1, 0, 0
453349, 59520, 1, 0, 0
453450, 59520, 1, 0, 0
453550, 60160, 1, 0, 0
453650, 60160, 1, 0, 0
453749, 59474, 1, 0, 0
453849, 60160, 1, 0, 0
453949, 60800, 1, 0, 0
454049, 62080, 1, 0, 0
454149, 62080, 1, 0, 0
454249, 63360, 1, 0, 0
454349, 63360, 1, 0, 0
454449, 62720, 1, 0, 0
454550, 62080, 1, 0, 0
454650, 61440, 1, 0, 0
454750, 60160, 1, 0, 0
454850, 60800, 1, 0, 0
454950, 58880, 1, 0, 0
455050, 58880, 1, 0, 0
455150, 60800, 1, 0, 0
455249, 65292, 1, 0, 0
455349, 60160, 1, 0, 0
455449, 60800, 1, 0, 0
455549, 59520, 1, 0, 0
455649, 61440, 1, 0, 0
455750, 60160, 1, 0, 0
455850, 62720, 1, 0, 0
455950, 60800, 1, 0, 0
456050, 65280, 1, 0, 0
456150, 62080, 1, 0, 0
456249, 62707, 1, 0, 0
456349, 62080, 1, 0, 0
456449, 62080, 1, 0, 0
456549, 63360, 1, 0, 0
456649, 61440, 1, 0, 0
456749, 62080, 1, 0, 0
456849, 62080, 1, 0, 0
456950, 60160, 1, 0, 0
457050, 61440, 1, 0, 0
457150, 62080, 1, 0, 0
457249, 62060, 1, 0, 0
457349, 61440, 1, 0, 0
457449, 60160, 1, 0, 0
457549, 58240, 1, 0, 0
457649, 62080, 1, 0, 0
457749, 61440, 1, 0, 0
457849, 64000, 1, 0, 0
457949, 55040, 1, 0, 0
458050, 62720, 1, 0, 0
458150, 64000, 1, 0, 0
458250, 62720, 1, 0, 0
458350, 63360, 1, 0, 0
458450, 60800, 1, 0, 0
458550, 57600, 1, 0, 0
458650, 60800, 1, 0, 0
458749, 65292, 1, 0, 0
458849, 64640, 1, 0, 0
458949, 62080, 1, 0, 0
459049, 61440, 1, 0, 0
459149, 61440, 1, 0, 0
459250, 60800, 1, 0, 0
459350, 62720, 1, 0, 0
459450, 61440, 1, 0, 0
459550, 62720, 1, 0, 0
459650, 62720, 1, 0, 0
459749, 61414, 1, 0, 0
459849, 60160, 1, 0, 0
459949, 62080, 1, 0, 0
460049, 62720, 1, 0, 0
460149, 65920, 1, 0, 0
460249, 60800, 1, 0, 0
460349, 62080, 1, 0, 0
460449, 62720, 1, 0, 0
460550, 65920, 1, 0, 0
460650, 62080, 1, 0, 0
460750, 64000, 1, 0, 0
460850, 58880, 1, 0, 0
460950, 63360, 1, 0, 0
461050, 59520, 1, 0, 0
461150, 62720, 1, 0, 0
461249, 64000, 1, 0, 0
461349, 62720, 1, 0, 0
461449, 60800, 1, 0, 0
461549, 63360, 1, 0, 0
461650, 61440, 1, 0, 0
461750, 64000, 1, 0, 0
461850, 60800, 1, 0, 0
461950, 60160, 1, 0, 0
462050, 60800, 1, 0, 0
462150, 61440, 1, 0, 0
462249, 65292, 1, 0, 0
462349, 64000, 1, 0, 0
462449, 64000, 1, 0, 0
462549, 59520, 1, 0, 0
462649, 62720, 1, 0, 0
462750, 63360, 1, 0, 0
462850, 61440, 1, 0, 0
462950, 60160, 1, 0, 0
463050, 64000, 1, 0, 0
463150, 63360, 1, 0, 0
463249, 58828, 1, 0, 0
463349, 61440, 1, 0, 0
463449, 62080, 1, 0, 0
463549, 60800, 1, 0, 0
463649, 61440, 1, 0, 0
463749, 60800, 1, 0, 0
463849, 61440, 1, 0, 0
463949, 62080, 1, 0, 0
464050, 63360, 1, 0, 0
464150, 60800, 1, 0, 0
464250, 56960, 1, 0, 0
464350, 58240, 1, 0, 0
464450, 58240, 1, 0, 0
464550, 61440, 1, 0, 0
464650, 61440, 1, 0, 0
464749, 59474, 1, 0, 0
464849, 63360, 1, 0, 0
464949, 63360, 1, 0, 0
465050, 60800, 1, 0, 0
465150, 60800, 1, 0, 0
465250, 60800, 1, 0, 0
465350, 64640, 1, 0, 0
465450, 65280, 1, 0, 0
465550, 63360, 1, 0, 0
465650, 60800, 1, 0, 0
465749, 62707, 1, 0, 0
465849, 62720, 1, 0, 0
465949, 58880, 1, 0, 0
466049, 62720, 1, 0, 0
466149, 63360, 1, 0, 0
466250, 63360, 1, 0, 0
466350, 62080, 1, 0, 0
466450, 62720, 1, 0, 0
466550, 62720, 1, 0, 0
466650, 64000, 1, 0, 0
466749, 65292, 1, 0, 0
466849, 62720, 1, 0, 0
466949, 61440, 1, 0, 0
467049, 62080, 1, 0, 0
467149, 62080, 1, 0, 0
467249, 63360, 1, 0, 0
467349, 63360, 1, 0, 0
467449, 62720, 1, 0, 0
467550, 62080, 1, 0, 0
467650, 59520, 1, 0, 0
467750, 62080, 1, 0, 0
467850, 59520, 1, 0, 0
467950, 64640, 1, 0, 0
468050, 62720, 1, 0, 0
468150, 61440, 1, 0, 0
468249, 63353, 1, 0, 0
468349, 59520, 1, 0, 0
468449, 63360, 1, 0, 0
468549, 62720, 1, 0, 0
468649, 65280, 1, 0, 0
468750, 59520, 1, 0, 0
468850, 62720, 1, 0, 0
468950, 60800, 1, 0, 0
469050, 59520, 1, 0, 0
469150, 64000, 1, 0, 0
469249, 65939, 1, 0, 0
469349, 61440, 1, 0, 0
469449, 62080, 1, 0, 0
469549, 62720, 1, 0, 0
469649, 63360, 1, 0, 0
469749, 60800, 1, 0, 0
469849, 62080, 1, 0, 0
469949, 62720, 1, 0, 0
470050, 61440, 1, 0, 0
470150, 63360, 1, 0, 0
470250, 63360, 1, 0, 0
470350, 61440, 1, 0, 0
470450, 63360, 1, 0, 0
470550, 64000, 1, 0, 0
470650, 62720, 1, 0, 0
470749, 65292, 1, 0, 0
470849, 61440, 1, 0, 0
470949, 63360, 1, 0, 0
471049, 61440, 1, 0, 0
471150, 60800, 1, 0, 0
471250, 61440, 1, 0, 0
471350, 64000, 1, 0, 0
471450, 63360, 1, 0, 0
471550, 62720, 1, 0, 0
471650, 62720, 1, 0, 0
471749, 60767, 1, 0, 0
471849, 61440, 1, 0, 0
471949, 62720, 1, 0, 0
472049, 64640, 1, 0, 0
472149, 60800, 1, 0, 0
472249, 63360, 1, 0, 0
472350, 63360, 1, 0, 0
472450, 62720, 1, 0, 0
472550, 60160, 1, 0, 0
472650, 62080, 1, 0, 0
472749, 65292, 1, 0, 0
472849, 63360, 1, 0, 0
472949, 61440, 1, 0, 0
473049, 58880, 1, 0, 0
473149, 60800, 1, 0, 0
473249, 56960, 1, 0, 0
473349, 62080, 1, 0, 0
473449, 63360, 1, 0, 0
473550, 62720, 1, 0, 0
473650, 63360, 1, 0, 0
473750, 65280, 1, 0, 0
473850, 58880, 1, 0, 0
473950, 63360, 1, 0, 0
474050, 60800, 1, 0, 0
474150, 61440, 1, 0, 0
474249, 59474, 1, 0, 0
474349, 62080, 1, 0, 0
474449, 60800, 1, 0, 0
474549, 62080, 1, 0, 0
474649, 63360, 1, 0, 0
474750, 61440, 1, 0, 0
474850, 62080, 1, 0, 0
474950, 60800, 1, 0, 0
475050, 61440, 1, 0, 0
475150, 62080, 1, 0, 0
475249, 61414, 1, 0, 0
475349, 59520, 1, 0, 0
475449, 62720, 1, 0, 0
475549, 58880, 1, 0, 0
475649, 62720, 1, 0, 0
475749, 62080, 1, 0, 0
475849, 61440, 1, 0, 0
475950, 60800, 1, 0, 0
476050, 60800, 1, 0, 0
476150, 59520, 1, 0, 0
476249, 62060, 1, 0, 0
476349, 63360, 1, 0, 0
476449, 63360, 1, 0, 0
476549, 58240, 1, 0, 0
476649, 59520, 1, 0, 0
476749, 56960, 1, 0, 0
476849, 60160, 1, 0, 0
476949, 59520, 1, 0, 0
477050, 62080, 1, 0, 0
477150, 64640, 1, 0, 0
477250, 60160, 1, 0, 0
477350, 61440, 1, 0, 0
477450, 58880, 1, 0, 0
477550, 60160, 1, 0, 0
477650, 60160, 1, 0, 0
477749, 61414, 1, 0, 0
477849, 62720, 1, 0, 0
477949, 62720, 1, 0, 0
478049, 61440, 1, 0, 0
478149, 61440, 1, 0, 0
478250, 62720, 1, 0, 0
478350, 60160, 1, 0, 0
478450, 63360, 1, 0, 0
478550, 60800, 1, 0, 0
478650, 62080, 1, 0, 0
478749, 59474, 1, 0, 0
478849, 57600, 1, 0, 0
478949, 57600, 1, 0, 0
479049, 60800, 1, 0, 0
479149, 58240, 1, 0, 0
479249, 62080, 1, 0, 0
479349, 58240, 1, 0, 0
479449, 62080, 1, 0, 0
479550, 57600, 1, 0, 0
479650, 56960, 1, 0, 0
479750, 58240, 1, 0, 0
479850, 56320, 1, 0, 0
479950, 61440, 1, 0, 0
480050, 58240, 1, 0, 0
480150, 60160, 1, 0, 0
480249, 58828, 1, 0, 0
480349, 60800, 1, 0, 0
480449, 59520, 1, 0, 0
480549, 58880, 1, 0, 0
480649, 64640, 1, 0, 0
480750, 62080, 1, 0, 0
480850, 62720, 1, 0, 0
480950, 62720, 1, 0, 0
481050, 63360, 1, 0, 0
481150, 61440, 1, 0, 0
481249, 59474, 1, 0, 0
481349, 57600, 1, 0, 0
481449, 60160, 1, 0, 0
481549, 58880, 1, 0, 0
481649, 60160, 1, 0, 0
481749, 58880, 1, 0, 0
481849, 61440, 1, 0, 0
481950, 61440, 1, 0, 0
482050, 58880, 1, 0, 0
482150, 62080, 1, 0, 0
482249, 60767, 1, 0, 0
482349, 58240, 1, 0, 0
482449, 61440, 1, 0, 0
482549, 63360, 1, 0, 0
482649, 62720, 1, 0, 0
482749, 58880, 1, 0, 0
482849, 60160, 1, 0, 0
482949, 61440, 1, 0, 0
483050, 61440, 1, 0, 0
483150, 61440, 1, 0, 0
483250, 62080, 1, 0, 0
483350, 60800, 1, 0, 0
483450, 59520, 1, 0, 0
483550, 61440, 1, 0, 0
483650, 62720, 1, 0, 0
483749, 61414, 1, 0, 0
483849, 62080, 1, 0, 0
483949, 62080, 1, 0, 0
484049, 62080, 1, 0, 0
484149, 61440, 1, 0, 0
484250, 59520, 1, 0, 0
484350, 62080, 1, 0, 0
484450, 63360, 1, 0, 0
484550, 63360, 1, 0, 0
484650, 64000, 1, 0, 0
484749, 63353, 1, 0, 0
484849, 62080, 1, 0, 0
484949, 61440, 1, 0, 0
485049, 62720, 1, 0, 0
485149, 61440, 1, 0, 0
485249, 63360, 1, 0, 0
485350, 59520, 1, 0, 0
485450, 62720, 1, 0, 0
485550, 57600, 1, 0, 0
485650, 62720, 1, 0, 0
485749, 59474, 1, 0, 0
485849, 62720, 1, 0, 0
485949, 61440, 1, 0, 0
486049, 63360, 1, 0, 0
486149, 62080, 1, 0, 0
486249, 63360, 1, 0, 0
486349, 62720, 1, 0, 0
486449, 58240, 1, 0, 0
486550, 64000, 1, 0, 0
486650, 64000, 1, 0, 0
486750, 62080, 1, 0, 0
486850, 60800, 1, 0, 0
486950, 63360, 1, 0, 0
487050, 61440, 1, 0, 0
487150, 64000, 1, 0, 0
487249, 62707, 1, 0, 0
487349, 62720, 1, 0, 0
487449, 60800, 1, 0, 0
487549, 60800, 1, 0, 0
487649, 61440, 1, 0, 0
487750, 63360, 1, 0, 0
487850, 62720, 1, 0, 0
487950, 60800, 1, 0, 0
488050, 64000, 1, 0, 0
488150, 61440, 1, 0, 0
488249, 58828, 1, 0, 0
488349, 60800, 1, 0, 0
488449, 64000, 1, 0, 0
488549, 60160, 1, 0, 0
488649, 62080, 1, 0, 0
488749, 62720, 1, 0, 0
488849, 60800, 1, 0, 0
488949, 62080, 1, 0, 0
489050, 61440, 1, 0, 0
489150, 60800, 1, 0, 0
489250, 62080, 1, 0, 0
489350, 60160, 1, 0, 0
489450, 60160, 1, 0, 0
489550, 61440, 1, 0, 0
489650, 60800, 1, 0, 0
489749, 62060, 1, 0, 0
489849, 62080, 1, 0, 0
489949, 60160, 1, 0, 0
490049, 57600, 1, 0, 0
490149, 56960, 1, 0, 0
490250, 61440, 1, 0, 0
490350, 61440, 1, 0, 0
490450, 62080, 1, 0, 0
490550, 59520, 1, 0, 0
490650, 61440, 1, 0, 0
490749, 60767, 1, 0, 0
490849, 59520, 1, 0, 0
490949, 57600, 1, 0, 0
491049, 60160, 1, 0, 0
491149, 64000, 1, 0, 0
491249, 62720, 1, 0, 0
491349, 60160, 1, 0, 0
491449, 59520, 1, 0, 0
491550, 63360, 1, 0, 0
491650, 62080, 1, 0, 0
491750, 59520, 1, 0, 0
491850, 60160, 1, 0, 0
491950, 62080, 1, 0, 0
492050, 60160, 1, 0, 0
492150, 62720, 1, 0, 0
492249, 59474, 1, 0, 0
492349, 62080, 1, 0, 0
492449, 61440, 1, 0, 0
492549, 60800, 1, 0, 0
492649, 60800, 1, 0, 0
492750, 58240, 1, 0, 0
492850, 60800, 1, 0, 0
492950, 59520, 1, 0, 0
493050, 61440, 1, 0, 0
493150, 59520, 1, 0, 0
493249, 59474, 1, 0, 0
493349, 63360, 1, 0, 0
493449, 61440, 1, 0, 0
493549, 61440, 1, 0, 0
493649, 62080, 1, 0, 0
493749, 60160, 1, 0, 0
493849, 64000, 1, 0, 0
493949, 61440, 1, 0, 0
494050, 61440, 1, 0, 0
494150, 58880, 1, 0, 0
494250, 62720, 1, 0, 0
494350, 60160, 1, 0, 0
494450, 62080, 1, 0, 0
494550, 59520, 1, 0, 0
494650, 63360, 1, 0, 0
494749, 60767, 1, 0, 0
494849, 59520, 1, 0, 0
494949, 60800, 1, 0, 0
495049, 62720, 1, 0, 0
495149, 61440, 1, 0, 0
495250, 62080, 1, 0, 0
495350, 62080, 1, 0, 0
495450, 60800, 1, 0, 0
495550, 62080, 1, 0, 0
495650, 61440, 1, 0, 0
495749, 60121, 1, 0, 0
495849, 60160, 1, 0, 0
495949, 62720, 1, 0, 0
496049, 62080, 1, 0, 0
496149, 58240, 1, 0, 0
496249, 60160, 1, 0, 0
496349, 60800, 1, 0, 0
496449, 59520, 1, 0, 0
496550, 58880, 1, 0, 0
496650, 60800, 1, 0, 0
496750, 59520, 1, 0, 0
496850, 61440, 1, 0, 0
496950, 62080, 1, 0, 0
497050, 60160, 1, 0, 0
497150, 61440, 1, 0, 0
497249, 60767, 1, 0, 0
497349, 62080, 1, 0, 0
497449, 60160, 1, 0, 0
497550, 58880, 1, 0, 0
497650, 62080, 1, 0, 0
497750, 62080, 1, 0, 0
497850, 59520, 1, 0, 0
497950, 62080, 1, 0, 0
498050, 60800, 1, 0, 0
498150, 60800, 1, 0, 0
498249, 59474, 1, 0, 0
498349, 62720, 1, 0, 0
498449, 57600, 1, 0, 0
498549, 60800, 1, 0, 0
498649, 59520, 1, 0, 0
498750, 63360, 1, 0, 0
498850, 64000, 1, 0, 0
498950, 62080, 1, 0, 0
499050, 62720, 1, 0, 0
499150, 62720, 1, 0, 0
499249, 64000, 1, 0, 0
499349, 62720, 1, 0, 0
499449, 63360, 1, 0, 0
499549, 61440, 1, 0, 0
499649, 63360, 1, 0, 0
499749, 62720, 1, 0, 0
499849, 63360, 1, 0, 0
499950, 61440, 1, 0, 0
500050, 64000, 1, 0, 0
500150, 63360, 1, 0, 0
500249, 63353, 1, 0, 0
500349, 62720, 1, 0, 0
500449, 62080, 1, 0, 0
500549, 62720, 1, 0, 0
500649, 62080, 1, 0, 0
500749, 59520, 1, 0, 0
500849, 59520, 1, 0, 0
500949, 58240, 1, 0, 0
501050, 60800, 1, 0, 0
501150, 59520, 1, 0, 0
501250, 61440, 1, 0, 0
501350, 62720, 1, 0, 0
501450, 61440, 1, 0, 0
501550, 60160, 1, 0, 0
501650, 60800, 1, 0, 0
501749, 58828, 1, 0, 0
501849, 63360, 1, 0, 0
501949, 62080, 1, 0, 0
502049, 61440, 1, 0, 0
502149, 62720, 1, 0, 0
502249, 61440, 1, 0, 0
502350, 62080, 1, 0, 0
502450, 62080, 1, 0, 0
502550, 64000, 1, 0, 0
502650, 59520, 1, 0, 0
502749, 61414, 1, 0, 0
502849, 64000, 1, 0, 0
502949, 61440, 1, 0, 0
503049, 62720, 1, 0, 0
503149, 63360, 1, 0, 0
503249, 62720, 1, 0, 0
503349, 62720, 1, 0, 0
503449, 62720, 1, 0, 0
503550, 61440, 1, 0, 0
503650, 61440, 1, 0, 0
503750, 62080, 1, 0, 0
503850, 61440, 1, 0, 0
503950, 64000, 1, 0, 0
504050, 62080, 1, 0, 0
504150, 60800, 1, 0, 0
504249, 60767, 1, 0, 0
504349, 62720, 1, 0, 0
504449, 64000, 1, 0, 0
504549, 62080, 1, 0, 0
504649, 59520, 1, 0, 0
504750, 58880, 1, 0, 0
504850, 58240, 1, 0, 0
504950, 60800, 1, 0, 0
505050, 60800, 1, 0, 0
505150, 64000, 1, 0, 0
505249, 58828, 1, 0, 0
505349, 59520, 1, 0, 0
505449, 64000, 1, 0, 0
505549, 64000, 1, 0, 0
505649, 61440, 1, 0, 0
505749, 62720, 1, 0, 0
505849, 64000, 1, 0, 0
505950, 62080, 1, 0, 0
506050, 61440, 1, 0, 0
506150, 64000, 1, 0, 0
506249, 65292, 1, 0, 0
506349, 60160, 1, 0, 0
506449, 62720, 1, 0, 0
506549, 63360, 1, 0, 0
506649, 64640, 1, 0, 0
506749, 60160, 1, 0, 0
506849, 63360, 1, 0, 0
506949, 64000, 1, 0, 0
507050, 62720, 1, 0, 0
507150, 58240, 1, 0, 0
507250, 60800, 1, 0, 0
507350, 62720, 1, 0, 0
507450, 62720, 1, 0, 0
507550, 58240, 1, 0, 0
507650, 60160, 1, 0, 0
507749, 59474, 1, 0, 0
507849, 60800, 1, 0, 0
507949, 62080, 1, 0, 0
508049, 63360, 1, 0, 0
508149, 63360, 1, 0, 0
508250, 61440, 1, 0, 0
508350, 64000, 1, 0, 0
508450, 60800, 1, 0, 0
508550, 62080, 1, 0, 0
508650, 62080, 1, 0, 0
508749, 63353, 1, 0, 0
508849, 64640, 1, 0, 0
508949, 60160, 1, 0, 0
509049, 65280, 1, 0, 0
509149, 61440, 1, 0, 0
509249, 62720, 1, 0, 0
509350, 60160, 1, 0, 0
509450, 60160, 1, 0, 0
509550, 62080, 1, 0, 0
509650, 63360, 1, 0, 0
509749, 58181, 1, 0, 0
509849, 63360, 1, 0, 0
509949, 62080, 1, 0, 0
510049, 64640, 1, 0, 0
510149, 64000, 1, 0, 0
510249, 64000, 1, 0, 0
510349, 62720, 1, 0, 0
510449, 62720, 1, 0, 0
510550, 61440, 1, 0, 0
510650, 60800, 1, 0, 0
510750, 65920, 1, 0, 0
510850, 60160, 1, 0, 0
510950, 64000, 1, 0, 0
511050, 65280, 1, 0, 0
511150, 60160, 1, 0, 0
511249, 63353, 1, 0, 0
511349, 62720, 1, 0, 0
511449, 60800, 1, 0, 0
511549, 58880, 1, 0, 0
511649, 62720, 1, 0, 0
511750, 65920, 1, 0, 0
511850, 62080, 1, 0, 0
511950, 62080, 1, 0, 0
512050, 64640, 1, 0, 0
512150, 60160, 1, 0, 0
512249, 61414, 1, 0, 0
512349, 62080, 1, 0, 0
512449, 62720, 1, 0, 0
512549, 62080, 1, 0, 0
512649, 64640, 1, 0, 0
512749, 59520, 1, 0, 0
512849, 61440, 1, 0, 0
512949, 64640, 1, 0, 0
513050, 62080, 1, 0, 0
513150, 61440, 1, 0, 0
513250, 62720, 1, 0, 0
513350, 63360, 1, 0, 0
513450, 63360, 1, 0, 0
513550, 58880, 1, 0, 0
513650, 58880, 1, 0, 0
513749, 60121, 1, 0, 0
513849, 63360, 1, 0, 0
513949, 60800, 1, 0, 0
514049, 64640, 1, 0, 0
514149, 62720, 1, 0, 0
514250, 62080, 1, 0, 0
514350, 64640, 1, 0, 0
514450, 61440, 1, 0, 0
514550, 63360, 1, 0, 0
514650, 60160, 1, 0, 0
514749, 60767, 1, 0, 0
514849, 64640, 1, 0, 0
514949, 62080, 1, 0, 0
515049, 62080, 1, 0, 0
515149, 60160, 1, 0, 0
515249, 60800, 1, 0, 0
515349, 65280, 1, 0, 0
515450, 63360, 1, 0, 0
515550, 60160, 1, 0, 0
515650, 62080, 1, 0, 0
515749, 60121, 1, 0, 0
515849, 59520, 1, 0, 0
515949, 63360, 1, 0, 0
516049, 63360, 1, 0, 0
516149, 62080, 1, 0, 0
516249, 60800, 1, 0, 0
516349, 57600, 1, 0, 0
516449, 61440, 1, 0, 0
516550, 63360, 1, 0, 0
516650, 58240, 1, 0, 0
516750, 60160, 1, 0, 0
516850, 61440, 1, 0, 0
516950, 62080, 1, 0, 0
517050, 63360, 1, 0, 0
517150, 63360, 1, 0, 0
517249, 63353, 1, 0, 0
517349, 62720, 1, 0, 0
517449, 61440, 1, 0, 0
517549, 62080, 1, 0, 0
517649, 60160, 1, 0, 0
517750, 61440, 1, 0, 0
517850, 61440, 1, 0, 0
517950, 62720, 1, 0, 0
518050, 64000, 1, 0, 0
518150, 60800, 1, 0, 0
518249, 62060, 1, 0, 0
518349, 60800, 1, 0, 0
518449, 62720, 1, 0, 0
518549, 64000, 1, 0, 0
518649, 63360, 1, 0, 0
518749, 61440, 1, 0, 0
518849, 58240, 1, 0, 0
518949, 63360, 1, 0, 0
519050, 64000, 1, 0, 0
519150, 55680, 1, 0, 0
519250, 64000, 1, 0, 0
519350, 63360, 1, 0, 0
519450, 62080, 1, 0, 0
519550, 60800, 1, 0, 0
519650, 61440, 1, 0, 0
519749, 62707, 1, 0, 0
519849, 62720, 1, 0, 0
519949, 63360, 1, 0, 0
520049, 62080, 1, 0, 0
520149, 60800, 1, 0, 0
520250, 62080, 1, 0, 0
520350, 63360, 1, 0, 0
520450, 62720, 1, 0, 0
520550, 60160, 1, 0, 0
520650, 62080, 1, 0, 0
520749, 62707, 1, 0, 0
520849, 60160, 1, 0, 0
520949, 62720, 1, 0, 0
521049, 61440, 1, 0, 0
521149, 60160, 1, 0, 0
521249, 60800, 1, 0, 0
521350, 61440, 1, 0, 0
521450, 61440, 1, 0, 0
521550, 62720, 1, 0, 0
521650, 62720, 1, 0, 0
521749, 63353, 1, 0, 0
521849, 63360, 1, 0, 0
521949, 62720, 1, 0, 0
522049, 60800, 1, 0, 0
522149, 63360, 1, 0, 0
522249, 64000, 1, 0, 0
522349, 61440, 1, 0, 0
522449, 62080, 1, 0, 0
522550, 58880, 1, 0, 0
522650, 58880, 1, 0, 0
522750, 62080, 1, 0, 0
522850, 62080, 1, 0, 0
522950, 61440, 1, 0, 0
523050, 62080, 1, 0, 0
523150, 62080, 1, 0, 0
523249, 61414, 1, 0, 0
523349, 60160, 1, 0, 0
523449, 61440, 1, 0, 0
523549, 62080, 1, 0, 0
523649, 63360, 1, 0, 0
523750, 63360, 1, 0, 0
523850, 63360, 1, 0, 0
523950, 60800, 1, 0, 0
524050, 58880, 1, 0, 0
524150, 61440, 1, 0, 0
524249, 61414, 1, 0, 0
524349, 63360, 1, 0, 0
524449, 63360, 1, 0, 0
524549, 60800, 1, 0, 0
524649, 63360, 1, 0, 0
524749, 64000, 1, 0, 0
524849, 64000, 1, 0, 0
524949, 62720, 1, 0, 0
525050, 62720, 1, 0, 0
525150, 64000, 1, 0, 0
525250, 64000, 1, 0, 0
525350, 64000, 1, 0, 0
525450, 62080, 1, 0, 0
525550, 60800, 1, 0, 0
525650, 61440, 1, 0, 0
525749, 65292, 1, 0, 0
525849, 58880, 1, 0, 0
525949, 58880, 1, 0, 0
526050, 60800, 1, 0, 0
526150, 61440, 1, 0, 0
526250, 62080, 1, 0, 0
526350, 60800, 1, 0, 0
526450, 62080, 1, 0, 0
526550, 60800, 1, 0, 0
526650, 58240, 1, 0, 0
526749, 64000, 1, 0, 0
526849, 62080, 1, 0, 0
526949, 62080, 1, 0, 0
527049, 62720, 1, 0, 0
527149, 60800, 1, 0, 0
527250, 62720, 1, 0, 0
527350, 58880, 1, 0, 0
527450, 60800, 1, 0, 0
527550, 59520, 1, 0, 0
527650, 61440, 1, 0, 0
527749, 63353, 1, 0, 0
527849, 56320, 1, 0, 0
527949, 58240, 1, 0, 0
528049, 60800, 1, 0, 0
528149, 60800, 1, 0, 0
528249, 63360, 1, 0, 0
528350, 62080, 1, 0, 0
528450, 60800, 1, 0, 0
528550, 63360, 1, 0, 0
528650, 61440, 1, 0, 0
528749, 62060, 1, 0, 0
528849, 62080, 1, 0, 0
528949, 64000, 1, 0, 0
529049, 61440, 1, 0, 0
529149, 65920, 1, 0, 0
529249, 58880, 1, 0, 0
529349, 60160, 1, 0, 0
529449, 62080, 1, 0, 0
529550, 58240, 1, 0, 0
529650, 62720, 1, 0, 0
529750, 62720, 1, 0, 0
529850, 60800, 1, 0, 0
529950, 62720, 1, 0, 0
530050, 64000, 1, 0, 0
530150, 64640, 1, 0, 0
530249, 62060, 1, 0, 0
530349, 60800, 1, 0, 0
530449, 58880, 1, 0, 0
530549, 62080, 1, 0, 0
530649, 61440, 1, 0, 0
530749, 64000, 1, 0, 0
530850, 65920, 1, 0, 0
530950, 62080, 1, 0, 0
531050, 64000, 1, 0, 0
531150, 63360, 1, 0, 0
531250, 59520, 1, 0, 0
531350, 61440, 1, 0, 0
531450, 60800, 1, 0, 0
531550, 61440, 1, 0, 0
531650, 59520, 1, 0, 0
531749, 60767, 1, 0, 0
531849, 62720, 1, 0, 0
531949, 61440, 1, 0, 0
532049, 61440, 1, 0, 0
532150, 60160, 1, 0, 0
532250, 61440, 1, 0, 0
532350, 60800, 1, 0, 0
532450, 60160, 1, 0, 0
532550, 62720, 1, 0, 0
532650, 61440, 1, 0, 0
532749, 61414, 1, 0, 0
532849, 62720, 1, 0, 0
532949, 58880, 1, 0, 0
533049, 62720, 1, 0, 0
533149, 65280, 1, 0, 0
533249, 63360, 1, 0, 0
533349, 58880, 1, 0, 0
533449, 60800, 1, 0, 0
533550, 60160, 1, 0, 0
533650, 60800, 1, 0, 0
533750, 60160, 1, 0, 0
533850, 60800, 1, 0, 0
533950, 61440, 1, 0, 0
534050, 60800, 1, 0, 0
534150, 60160, 1, 0, 0
534249, 59474, 1, 0, 0
534349, 61440, 1, 0, 0
534449, 62080, 1, 0, 0
534549, 61440, 1, 0, 0
534649, 59520, 1, 0, 0
534750, 61440, 1, 0, 0
534850, 62720, 1, 0, 0
534950, 62720, 1, 0, 0
535050, 60800, 1, 0, 0
535150, 60160, 1, 0, 0
535249, 62707, 1, 0, 0
535349, 58880, 1, 0, 0
535449, 59520, 1, 0, 0
535549, 62080, 1, 0, 0
535649, 60160, 1, 0, 0
535749, 58880, 1, 0, 0
535849, 58880, 1, 0, 0
535950, 60160, 1, 0, 0
536050, 61440, 1, 0, 0
536150, 62720, 1, 0, 0
536250, 62080, 1, 0, 0
536350, 62720, 1, 0, 0
536450, 59520, 1, 0, 0
536550, 61440, 1, 0, 0
536650, 62720, 1, 0, 0
536749, 64000, 1, 0, 0
536849, 59520, 1, 0, 0
536949, 62080, 1, 0, 0
537050, 60160, 1, 0, 0
537150, 63360, 1, 0, 0
537250, 58240, 1, 0, 0
537350, 62080, 1, 0, 0
537450, 60800, 1, 0, 0
537550, 60160, 1, 0, 0
537650, 62720, 1, 0, 0
537749, 63353, 1, 0, 0
537849, 62080, 1, 0, 0
537949, 59520, 1, 0, 0
538049, 59520, 1, 0, 0
538149, 61440, 1, 0, 0
538250, 58880, 1, 0, 0
538350, 62720, 1, 0, 0
538450, 62720, 1, 0, 0
538550, 58240, 1, 0, 0
538650, 62080, 1, 0, 0
538749, 61414, 1, 0, 0
538849, 60160, 1, 0, 0
538949, 62080, 1, 0, 0
539049, 59520, 1, 0, 0
539149, 64000, 1, 0, 0
539249, 58240, 1, 0, 0
539350, 59520, 1, 0, 0
539450, 62720, 1, 0, 0
539550, 60800, 1, 0, 0
539650, 58240, 1, 0, 0
539749, 58828, 1, 0, 0
539849, 60160, 1, 0, 0
539949, 64000, 1, 0, 0
540049, 60160, 1, 0, 0
540149, 63360, 1, 0, 0
540249, 60800, 1, 0, 0
540349, 56960, 1, 0, 0
540449, 62720, 1, 0, 0
540550, 55680, 1, 0, 0
540650, 58880, 1, 0, 0
540750, 61440, 1, 0, 0
540850, 58880, 1, 0, 0
540950, 58240, 1, 0, 0
541050, 61440, 1, 0, 0
541150, 59520, 1, 0, 0
541249, 61414, 1, 0, 0
541349, 62720, 1, 0, 0
541449, 62080, 1, 0, 0
541549, 61440, 1, 0, 0
541650, 60160, 1, 0, 0
541750, 61440, 1, 0, 0
541850, 62080, 1, 0, 0
541950, 60800, 1, 0, 0
542050, 64000, 1, 0, 0
542150, 61440, 1, 0, 0
542249, 64646, 1, 0, 0
542349, 62080, 1, 0, 0
542449, 62080, 1, 0, 0
542549, 62720, 1, 0, 0
542649, 62720, 1, 0, 0
542749, 60800, 1, 0, 0
542850, 62080, 1, 0, 0
542950, 63360, 1, 0, 0
543050, 60160, 1, 0, 0
543150, 63360, 1, 0, 0
543249, 60767, 1, 0, 0
543349, 64000, 1, 0, 0
543449, 64640, 1, 0, 0
543549, 61440, 1, 0, 0
543649, 61440, 1, 0, 0
543749, 60160, 1, 0, 0
543849, 60160, 1, 0, 0
543949, 62080, 1, 0, 0
544049, 60800, 1, 0, 0
544150, 60160, 1, 0, 0
544250, 63360, 1, 0, 0
544350, 64000, 1, 0, 0
544450, 60160, 1, 0, 0
544550, 59520, 1, 0, 0
544650, 61440, 1, 0, 0
544749, 62707, 1, 0, 0
544849, 63360, 1, 0, 0
544949, 62720, 1, 0, 0
545049, 60160, 1, 0, 0
545149, 62080, 1, 0, 0
545249, 60160, 1, 0, 0
545350, 64000, 1, 0, 0
545450, 61440, 1, 0, 0
545550, 63360, 1, 0, 0
545650, 61440, 1, 0, 0
545750, 62720, 1, 0, 0
545850, 60160, 1, 0, 0
545950, 61440, 1, 0, 0
546050, 62080, 1, 0, 0
546150, 63360, 1, 0, 0
546249, 63353, 1, 0, 0
546349, 62720, 1, 0, 0
546449, 62720, 1, 0, 0
546550, 62720, 1, 0, 0
546650, 61440, 1, 0, 0
546750, 60800, 1, 0, 0
546850, 60160, 1, 0, 0
546950, 63360, 1, 0, 0
547050, 62720, 1, 0, 0
547150, 61440, 1, 0, 0
547249, 60767, 1, 0, 0
547349, 58880, 1, 0, 0
547449, 61440, 1, 0, 0
547549, 61440, 1, 0, 0
547649, 62720, 1, 0, 0
547750, 58880, 1, 0, 0
547850, 61440, 1, 0, 0
547950, 62080, 1, 0, 0
548050, 60160, 1, 0, 0
548150, 62720, 1, 0, 0
548249, 63353, 1, 0, 0
548349, 58880, 1, 0, 0
548449, 62080, 1, 0, 0
548549, 60800, 1, 0, 0
548649, 62080, 1, 0, 0
548749, 61440, 1, 0, 0
548849, 62720, 1, 0, 0
548949, 61440, 1, 0, 0
549050, 58240, 1, 0, 0
549150, 62080, 1, 0, 0
549250, 62080, 1, 0, 0
549350, 58880, 1, 0, 0
549450, 60160, 1, 0, 0
549550, 59520, 1, 0, 0
549650, 59520, 1, 0, 0
549749, 60767, 1, 0, 0
549849, 63360, 1, 0, 0
549949, 63360, 1, 0, 0
550049, 61440, 1, 0, 0
550149, 61440, 1, 0, 0
550250, 64640, 1, 0, 0
550350, 62720, 1, 0, 0
550450, 60800, 1, 0, 0
550550, 63360, 1, 0, 0
550650, 64000, 1, 0, 0
550749, 60767, 1, 0, 0
550849, 58880, 1, 0, 0
550949, 62080, 1, 0, 0
551049, 58240, 1, 0, 0
551149, 58880, 1, 0, 0
551249, 61440, 1, 0, 0
551349, 60800, 1, 0, 0
551449, 61440, 1, 0, 0
551550, 60160, 1, 0, 0
551650, 63360, 1, 0, 0
551750, 61440, 1, 0, 0
551850, 62720, 1, 0, 0
551950, 60800, 1, 0, 0
552050, 58240, 1, 0, 0
552150, 58880, 1, 0, 0
552249, 62707, 1, 0, 0
552349, 60800, 1, 0, 0
552449, 62720, 1, 0, 0
552549, 61440, 1, 0, 0
552650, 60800, 1, 0, 0
552750, 61440, 1, 0, 0
552850, 56320, 1, 0, 0
552950, 61440, 1, 0, 0
553050, 63360, 1, 0, 0
553150, 59520, 1, 0, 0
553249, 62060, 1, 0, 0
553349, 60160, 1, 0, 0
553449, 60160, 1, 0, 0
553549, 60160, 1, 0, 0
553649, 62080, 1, 0, 0
553750, 61440, 1, 0, 0
553850, 58880, 1, 0, 0
553950, 58880, 1, 0, 0
554050, 62720, 1, 0, 0
554150, 58880, 1, 0, 0
554249, 60121, 1, 0, 0
554349, 62720, 1, 0, 0
554449, 61440, 1, 0, 0
554549, 60800, 1, 0, 0
554649, 60800, 1, 0, 0
554749, 56960, 1, 0, 0
554849, 59520, 1, 0, 0
554949, 62720, 1, 0, 0
555050, 62720, 1, 0, 0
555150, 63360, 1, 0, 0
555250, 62080, 1, 0, 0
555350, 60160, 1, 0, 0
555450, 60800, 1, 0, 0
555550, 62720, 1, 0, 0
555650, 62720, 1, 0, 0
555749, 62707, 1, 0, 0
555849, 60800, 1, 0, 0
555949, 60800, 1, 0, 0
556049, 61440, 1, 0, 0
556149, 64640, 1, 0, 0
556250, 61440, 1, 0, 0
556350, 60800, 1, 0, 0
556450, 62080, 1, 0, 0
556550, 63360, 1, 0, 0
556650, 64000, 1, 0, 0
556749, 62707, 1, 0, 0
556849, 63360, 1, 0, 0
556949, 63360, 1, 0, 0
557049, 62720, 1, 0, 0
557149, 62080, 1, 0, 0
557250, 61440, 1, 0, 0
557350, 59520, 1, 0, 0
557450, 65280, 1, 0, 0
557550, 64000, 1, 0, 0
557650, 65920, 1, 0, 0
557749, 64646, 1, 0, 0
557849, 61440, 1, 0, 0
557949, 61440, 1, 0, 0
558049, 63360, 1, 0, 0
558149, 62720, 1, 0, 0
558249, 61440, 1, 0, 0
558349, 62720, 1, 0, 0
558449, 61440, 1, 0, 0
558550, 61440, 1, 0, 0
558650, 60800, 1, 0, 0
558750, 59520, 1, 0, 0
558850, 64000, 1, 0, 0
558950, 64000, 1, 0, 0
559050, 60160, 1, 0, 0
559150, 58880, 1, 0, 0
559249, 61414, 1, 0, 0
559349, 58880, 1, 0, 0
559449, 62720, 1, 0, 0
559549, 63360, 1, 0, 0
559650, 60800, 1, 0, 0
559750, 64000, 1, 0, 0
559850, 59520, 1, 0, 0
559950, 63360, 1, 0, 0
560050, 64000, 1, 0, 0
560150, 61440, 1, 0, 0
560249, 59474, 1, 0, 0
560349, 61440, 1, 0, 0
560449, 60160, 1, 0, 0
560549, 61440, 1, 0, 0
560649, 63360, 1, 0, 0
560750, 63360, 1, 0, 0
560850, 62080, 1, 0, 0
560950, 61440, 1, 0, 0
561050, 60800, 1, 0, 0
561150, 62080, 1, 0, 0
561249, 59474, 1, 0, 0
561349, 63360, 1, 0, 0
561449, 60800, 1, 0, 0
561549, 62720, 1, 0, 0
561649, 59520, 1, 0, 0
561749, 58240, 1, 0, 0
561849, 60800, 1, 0, 0
561950, 60160, 1, 0, 0
562050, 59520, 1, 0, 0
562150, 62720, 1, 0, 0
562249, 59474, 1, 0, 0
562349, 62720, 1, 0, 0
562449, 62080, 1, 0, 0
562549, 62080, 1, 0, 0
562649, 62720, 1, 0, 0
562749, 60800, 1, 0, 0
562849, 61440, 1, 0, 0
562949, 62080, 1, 0, 0
563050, 61440, 1, 0, 0
563150, 60800, 1, 0, 0
563250, 61440, 1, 0, 0
563350, 60160, 1, 0, 0
563450, 61440, 1, 0, 0
563550, 62720, 1, 0, 0
563650, 60800, 1, 0, 0
563749, 64000, 1, 0, 0
563849, 60160, 1, 0, 0
563949, 60160, 1, 0, 0
564049, 60800, 1, 0, 0
564149, 60800, 1, 0, 0
564250, 60160, 1, 0, 0
564350, 61440, 1, 0, 0
564450, 62720, 1, 0, 0
564550, 63360, 1, 0, 0
564650, 62720, 1, 0, 0
564749, 62707, 1, 0, 0
564849, 61440, 1, 0, 0
564949, 61440, 1, 0, 0
565049, 60800, 1, 0, 0
565149, 63360, 1, 0, 0
565249, 65280, 1, 0, 0
565349, 65280, 1, 0, 0
565450, 62080, 1, 0, 0
565550, 62080, 1, 0, 0
565650, 62720, 1, 0, 0
565750, 65920, 1, 0, 0
565850, 62720, 1, 0, 0
565950, 64000, 1, 0, 0
566050, 62080, 1, 0, 0
566150, 60160, 1, 0, 0
566249, 64000, 1, 0, 0
566349, 62080, 1, 0, 0
566449, 61440, 1, 0, 0
566549, 62720, 1, 0, 0
566650, 62720, 1, 0, 0
566750, 59520, 1, 0, 0
566850, 62720, 1, 0, 0
566950, 62720, 1, 0, 0
567050, 64000, 1, 0, 0
567150, 64640, 1, 0, 0
567249, 60767, 1, 0, 0
567349, 63360, 1, 0, 0
567449, 63360, 1, 0, 0
567549, 62720, 1, 0, 0
567649, 62080, 1, 0, 0
567749, 64000, 1, 0, 0
567849, 58240, 1, 0, 0
567950, 63360, 1, 0, 0
568050, 65280, 1, 0, 0
568150, 60800, 1, 0, 0
568250, 60800, 1, 0, 0
568350, 60800, 1, 0, 0
568450, 62080, 1, 0, 0
568550, 58880, 1, 0, 0
568650, 60160, 1, 0, 0
568749, 63353, 1, 0, 0
568849, 62720, 1, 0, 0
568949, 62080, 1, 0, 0
569049, 60160, 1, 0, 0
569150, 60800, 1, 0, 0
569250, 58880, 1, 0, 0
569350, 61440, 1, 0, 0
569450, 64000, 1, 0, 0
569550, 62080, 1, 0, 0
569650, 59520, 1, 0, 0
569749, 60767, 1, 0, 0
569849, 61440, 1, 0, 0
569949, 58880, 1, 0, 0
570049, 61440, 1, 0, 0
570149, 60160, 1, 0, 0
570250, 60800, 1, 0, 0
570350, 62720, 1, 0, 0
570450, 62720, 1, 0, 0
570550, 60800, 1, 0, 0
570650, 61440, 1, 0, 0
570749, 58828, 1, 0, 0
570849, 62080, 1, 0, 0
570949, 58240, 1, 0, 0
571049, 58240, 1, 0, 0
571149, 58880, 1, 0, 0
571249, 62080, 1, 0, 0
571349, 59520, 1, 0, 0
571449, 62720, 1, 0, 0
571550, 59520, 1, 0, 0
571650, 60160, 1, 0, 0
571750, 60160, 1, 0, 0
571850, 64000, 1, 0, 0
571950, 58880, 1, 0, 0
572050, 62080, 1, 0, 0
572150, 62720, 1, 0, 0
572249, 60767, 1, 0, 0
572349, 62720, 1, 0, 0
572449, 58880, 1, 0, 0
572549, 62720, 1, 0, 0
572649, 63360, 1, 0, 0
572750, 60160, 1, 0, 0
572850, 60160, 1, 0, 0
572950, 62080, 1, 0, 0
573050, 64000, 1, 0, 0
573150, 59520, 1, 0, 0
573249, 60121, 1, 0, 0
573349, 64000, 1, 0, 0
573449, 60160, 1, 0, 0
573549, 62720, 1, 0, 0
573649, 60800, 1, 0, 0
573749, 59520, 1, 0, 0
573849, 60800, 1, 0, 0
573950, 57600, 1, 0, 0
574050, 61440, 1, 0, 0
574150, 60800, 1, 0, 0
574250, 61440, 1, 0, 0
574350, 62720, 1, 0, 0
574450, 62080, 1, 0, 0
574550, 62720, 1, 0, 0
574650, 60160, 1, 0, 0
574749, 61414, 1, 0, 0
574849, 60800, 1, 0, 0
574949, 59520, 1, 0, 0
575050, 60160, 1, 0, 0
575150, 62080, 1, 0, 0
575250, 60800, 1, 0, 0
575350, 61440, 1, 0, 0
575450, 64000, 1, 0, 0
575550, 63360, 1, 0, 0
575650, 61440, 1, 0, 0
575749, 62707, 1, 0, 0
575849, 65280, 1, 0, 0
575949, 64000, 1, 0, 0
576049, 63360, 1, 0, 0
576149, 63360, 1, 0, 0
576250, 60800, 1, 0, 0
576350, 62720, 1, 0, 0
576450, 64000, 1, 0, 0
576550, 63360, 1, 0, 0
576650, 63360, 1, 0, 0
576749, 62060, 1, 0, 0
576849, 63360, 1, 0, 0
576949, 62720, 1, 0, 0
577049, 60800, 1, 0, 0
577149, 60800, 1, 0, 0
577249, 58880, 1, 0, 0
577349, 63360, 1, 0, 0
577449, 63360, 1, 0, 0
577550, 63360, 1, 0, 0
577650, 64000, 1, 0, 0
577750, 65280, 1, 0, 0
577850, 58880, 1, 0, 0
577950, 63360, 1, 0, 0
578050, 62720, 1, 0, 0
578150, 62080, 1, 0, 0
578249, 61414, 1, 0, 0
578349, 62720, 1, 0, 0
578449, 62720, 1, 0, 0
578550, 62080, 1, 0, 0
578650, 60800, 1, 0, 0
578750, 60800, 1, 0, 0
578850, 63360, 1, 0, 0
578950, 62080, 1, 0, 0
579050, 64000, 1, 0, 0
579150, 61440, 1, 0, 0
579249, 58181, 1, 0, 0
579349, 62080, 1, 0, 0
579449, 64000, 1, 0, 0
579549, 61440, 1, 0, 0
579649, 58880, 1, 0, 0
579750, 63360, 1, 0, 0
579850, 61440, 1, 0, 0
579950, 61440, 1, 0, 0
580050, 62720, 1, 0, 0
580150, 63360, 1, 0, 0
580249, 62707, 1, 0, 0
580349, 59520, 1, 0, 0
580449, 64000, 1, 0, 0
580549, 59520, 1, 0, 0
580649, 60800, 1, 0, 0
580749, 61440, 1, 0, 0
580849, 59520, 1, 0, 0
580950, 59520, 1, 0, 0
581050, 58240, 1, 0, 0
581150, 62080, 1, 0, 0
581250, 63360, 1, 0, 0
581350, 60160, 1, 0, 0
581450, 60160, 1, 0, 0
581550, 62720, 1, 0, 0
581650, 62720, 1, 0, 0
581749, 64000, 1, 0, 0
581849, 60800, 1, 0, 0
581949, 60160, 1, 0, 0
582050, 61440, 1, 0, 0
582150, 59520, 1, 0, 0
582250, 64000, 1, 0, 0
582350, 58880, 1, 0, 0
582450, 59520, 1, 0, 0
582550, 62720, 1, 0, 0
582650, 58880, 1, 0, 0
582749, 61414, 1, 0, 0
582849, 63360, 1, 0, 0
582949, 62080, 1, 0, 0
583049, 61440, 1, 0, 0
583149, 60800, 1, 0, 0
583250, 61440, 1, 0, 0
583350, 55040, 1, 0, 0
583450, 61440, 1, 0, 0
583550, 60800, 1, 0, 0
583650, 59520, 1, 0, 0
583749, 58828, 1, 0, 0
583849, 62080, 1, 0, 0
583949, 62080, 1, 0, 0
584049, 59520, 1, 0, 0
584149, 58880, 1, 0, 0
584249, 58240, 1, 0, 0
584349, 61440, 1, 0, 0
584449, 60160, 1, 0, 0
584550, 59520, 1, 0, 0
584650, 62080, 1, 0, 0
584750, 62080, 1, 0, 0
584850, 61440, 1, 0, 0
584950, 64640, 1, 0, 0
585050, 61440, 1, 0, 0
585150, 60800, 1, 0, 0
585249, 60121, 1, 0, 0
585349, 62720, 1, 0, 0
585449, 64000, 1, 0, 0
585550, 64000, 1, 0, 0
585650, 61440, 1, 0, 0
585750, 60160, 1, 0, 0
585850, 61440, 1, 0, 0
585950, 58240, 1, 0, 0
586050, 60800, 1, 0, 0
586150, 61440, 1, 0, 0
586249, 61414, 1, 0, 0
586349, 60160, 1, 0, 0
586449, 57600, 1, 0, 0
586549, 59520, 1, 0, 0
586649, 62720, 1, 0, 0
586750, 61440, 1, 0, 0
586850, 56960, 1, 0, 0
586950, 58240, 1, 0, 0
587050, 60800, 1, 0, 0
587150, 56320, 1, 0, 0
587249, 62707, 1, 0, 0
587349, 60800, 1, 0, 0
587449, 58880, 1, 0, 0
587549, 62720, 1, 0, 0
587649, 61440, 1, 0, 0
587749, 61440, 1, 0, 0
587849, 60160, 1, 0, 0
587949, 59520, 1, 0, 0
588050, 61440, 1, 0, 0
588150, 57600, 1, 0, 0
588250, 60160, 1, 0, 0
588350, 60800, 1, 0, 0
588450, 63360, 1, 0, 0
588550, 62720, 1, 0, 0
588650, 62720, 1, 0, 0
588749, 62707, 1, 0, 0
588849, 58240, 1, 0, 0
588949, 63360, 1, 0, 0
589049, 59520, 1, 0, 0
589149, 58240, 1, 0, 0
589250, 60800, 1, 0, 0
589350, 58880, 1, 0, 0
589450, 60800, 1, 0, 0
589550, 60160, 1, 0, 0
589650, 60160, 1, 0, 0
589749, 62707, 1, 0, 0
589849, 62720, 1, 0, 0
589949, 60160, 1, 0, 0
590049, 58880, 1, 0, 0
590149, 63360, 1, 0, 0
590250, 61440, 1, 0, 0
590350, 60800, 1, 0, 0
590450, 60160, 1, 0, 0
590550, 63360, 1, 0, 0
590650, 60800, 1, 0, 0
590749, 62060, 1, 0, 0
590849, 62080, 1, 0, 0
590949, 61440, 1, 0, 0
591049, 62720, 1, 0, 0
591149, 62080, 1, 0, 0
591249, 59520, 1, 0, 0
591349, 61440, 1, 0, 0
591449, 61440, 1, 0, 0
591550, 61440, 1, 0, 0
591650, 60800, 1, 0, 0
591750, 62720, 1, 0, 0
591850, 60800, 1, 0, 0
591950, 61440, 1, 0, 0
592050, 60160, 1, 0, 0
592150, 60800, 1, 0, 0
592249, 60121, 1, 0, 0
592349, 60800, 1, 0, 0
592449, 59520, 1, 0, 0
592550, 61440, 1, 0, 0
592650, 58880, 1, 0, 0
592750, 60160, 1, 0, 0
592850, 62720, 1, 0, 0
592950, 61440, 1, 0, 0
593050, 59520, 1, 0, 0
593150, 60160, 1, 0, 0
593249, 59474, 1, 0, 0
593349, 62080, 1, 0, 0
593449, 61440, 1, 0, 0
593549, 59520, 1, 0, 0
593649, 62080, 1, 0, 0
593750, 60160, 1, 0, 0
593850, 59520, 1, 0, 0
593950, 62080, 1, 0, 0
594050, 60160, 1, 0, 0
594150, 59520, 1, 0, 0
594249, 59474, 1, 0, 0
594349, 60160, 1, 0, 0
594449, 60800, 1, 0, 0
594549, 58240, 1, 0, 0
594649, 59520, 1, 0, 0
594749, 61440, 1, 0, 0
594849, 62720, 1, 0, 0
594949, 58880, 1, 0, 0
595050, 61440, 1, 0, 0
595150, 59520, 1, 0, 0
595250, 57600, 1, 0, 0
595350, 62080, 1, 0, 0
595450, 62080, 1, 0, 0
595550, 62720, 1, 0, 0
595650, 62080, 1, 0, 0
595749, 61414, 1, 0, 0
595849, 62080, 1, 0, 0
595949, 60800, 1, 0, 0
596049, 58880, 1, 0, 0
596149, 59520, 1, 0, 0
596250, 60800, 1, 0, 0
596350, 60800, 1, 0, 0
596450, 64000, 1, 0, 0
596550, 60160, 1, 0, 0
596650, 60800, 1, 0, 0
596749, 62060, 1, 0, 0
596849, 64640, 1, 0, 0
596949, 62720, 1, 0, 0
597049, 59520, 1, 0, 0
597149, 60160, 1, 0, 0
597249, 58880, 1, 0, 0
597349, 64640, 1, 0, 0
597449, 62720, 1, 0, 0
597550, 61440, 1, 0, 0
597650, 61440, 1, 0, 0
597750, 60160, 1, 0, 0
597850, 61440, 1, 0, 0
597950, 60160, 1, 0, 0
598050, 60800, 1, 0, 0
598150, 61440, 1, 0, 0
598249, 60767, 1, 0, 0
598349, 62720, 1, 0, 0
598449, 63360, 1, 0, 0
598549, 63360, 1, 0, 0
598649, 60800, 1, 0, 0
598750, 62080, 1, 0, 0
598850, 62720, 1, 0, 0
598950, 64000, 1, 0, 0
599050, 64640, 1, 0, 0
599150, 61440, 1, 0, 0
599249, 62707, 1, 0, 0
599349, 61440, 1, 0, 0
599449, 60160, 1, 0, 0
599549, 62720, 1, 0, 0
599649, 62720, 1, 0, 0
599749, 62720, 1, 0, 0
599849, 59520, 1, 0, 0
599949, 61440, 1, 0, 0
