100, 13559, 1, 0, 0
200, 15130, 1, 0, 0
300, 17503, 1, 0, 0
400, 19131, 1, 0, 0
500, 15210, 1, 0, 0
601, 16260, 1, 0, 0
700, 14890, 1, 0, 0
800, 16021, 1, 0, 0
901, 14966, 1, 0, 0
1001, 14573, 1, 0, 0
1101, 18089, 1, 0, 0
1200, 14917, 1, 0, 0
1301, 13304, 1, 0, 0
1400, 16178, 1, 0, 0
1501, 15284, 1, 0, 0
1600, 13884, 1, 0, 0
1700, 14597, 1, 0, 0
1800, 15502, 1, 0, 0
1901, 14937, 1, 0, 0
2000, 13072, 1, 0, 0
2101, 16085, 1, 0, 0
2201, 14602, 1, 0, 0
2300, 14093, 1, 0, 0
2400, 16134, 1, 0, 0
2501, 12690, 1, 0, 0
2601, 14110, 1, 0, 0
2700, 17937, 1, 0, 0
2801, 14785, 1, 0, 0
2900, 14107, 1, 0, 0
3000, 13173, 1, 0, 0
3101, 17751, 1, 0, 0
3200, 14126, 1, 0, 0
3300, 14053, 1, 0, 0
3400, 13693, 1, 0, 0
3500, 12165, 1, 0, 0
3601, 14827, 1, 0, 0
3700, 16864, 1, 0, 0
3800, 15806, 1, 0, 0
3900, 20946, 1, 0, 0
4000, 17803, 1, 0, 0
4100, 19432, 1, 0, 0
4200, 18792, 1, 0, 0
4300, 16141, 1, 0, 0
4400, 16437, 1, 0, 0
4500, 14924, 1, 0, 0
4600, 17087, 1, 0, 0
4700, 20736, 1, 0, 0
4800, 18471, 1, 0, 0
4900, 13778, 1, 0, 0
5000, 15957, 1, 0, 0
5100, 12942, 1, 0, 0
5200, 13945, 1, 0, 0
5300, 16875, 1, 0, 0
5401, 18459, 1, 0, 0
5500, 14276, 1, 0, 0
5600, 16689, 1, 0, 0
5700, 18992, 1, 0, 0
5800, 13256, 1, 0, 0
5900, 13406, 1, 0, 0
6000, 13068, 1, 0, 0
6100, 14998, 1, 0, 0
6201, 15477, 1, 0, 0
6300, 15291, 1, 0, 0
6400, 15131, 1, 0, 0
6500, 18343, 1, 0, 0
6600, 17029, 1, 0, 0
6700, 15074, 1, 0, 0
6800, 13325, 1, 0, 0
6900, 15406, 1, 0, 0
7000, 13828, 1, 0, 0
7101, 15088, 1, 0, 0
7201, 16604, 1, 0, 0
7300, 18720, 1, 0, 0
7400, 13069, 1, 0, 0
7500, 12930, 1, 0, 0
7601, 13786, 1, 0, 0
7700, 18239, 1, 0, 0
7800, 17532, 1, 0, 0
7900, 18058, 1, 0, 0
8000, 15881, 1, 0, 0
8101, 18133, 1, 0, 0
8200, 20031, 1, 0, 0
8300, 15430, 1, 0, 0
8400, 21350, 1, 0, 0
8500, 14960, 1, 0, 0
8600, 15565, 1, 0, 0
8700, 14007, 1, 0, 0
8800, 12639, 1, 0, 0
8900, 12335, 1, 0, 0
9000, 17315, 1, 0, 0
9100, 14539, 1, 0, 0
9200, 14870, 1, 0, 0
9300, 14755, 1, 0, 0
9400, 14093, 1, 0, 0
9500, 14656, 1, 0, 0
9600, 14306, 1, 0, 0
9700, 16483, 1, 0, 0
9800, 14270, 1, 0, 0
9901, 17975, 1, 0, 0
10000, 15532, 1, 0, 0
10100, 13758, 1, 0, 0
10200, 12697, 1, 0, 0
10301, 21182, 1, 0, 0
10400, 13582, 1, 0, 0
10500, 13710, 1, 0, 0
10600, 17501, 1, 0, 0
10700, 15203, 1, 0, 0
10800, 15892, 1, 0, 0
10900, 13280, 1, 0, 0
11000, 15908, 1, 0, 0
11100, 14708, 1, 0, 0
11201, 13874, 1, 0, 0
11300, 16112, 1, 0, 0
11400, 13827, 1, 0, 0
11501, 13777, 1, 0, 0
11601, 12967, 1, 0, 0
11700, 14332, 1, 0, 0
11800, 15570, 1, 0, 0
11900, 15278, 1, 0, 0
12001, 14933, 1, 0, 0
12100, 12900, 1, 0, 0
12200, 13613, 1, 0, 0
12301, 15803, 1, 0, 0
12401, 14304, 1, 0, 0
12500, 13243, 1, 0, 0
12600, 17389, 1, 0, 0
12701, 13782, 1, 0, 0
12800, 17441, 1, 0, 0
12901, 18789, 1, 0, 0
13001, 15072, 1, 0, 0
13101, 13376, 1, 0, 0
13201, 13015, 1, 0, 0
13301, 14616, 1, 0, 0
13400, 13761, 1, 0, 0
13500, 13075, 1, 0, 0
13600, 16946, 1, 0, 0
13701, 13900, 1, 0, 0
13800, 18833, 1, 0, 0
13900, 18141, 1, 0, 0
14000, 18310, 1, 0, 0
14100, 17191, 1, 0, 0
14201, 15936, 1, 0, 0
14301, 14522, 1, 0, 0
14401, 13334, 1, 0, 0
14500, 13385, 1, 0, 0
14601, 16769, 1, 0, 0
14700, 13044, 1, 0, 0
14800, 16718, 1, 0, 0
14900, 14588, 1, 0, 0
15001, 16691, 1, 0, 0
15101, 18500, 1, 0, 0
15200, 15831, 1, 0, 0
15301, 18539, 1, 0, 0
15400, 13273, 1, 0, 0
15500, 13204, 1, 0, 0
15601, 13273, 1, 0, 0
15700, 15205, 1, 0, 0
15801, 13563, 1, 0, 0
15900, 13924, 1, 0, 0
16000, 19436, 1, 0, 0
16100, 18687, 1, 0, 0
16200, 14696, 1, 0, 0
16300, 16423, 1, 0, 0
16400, 14914, 1, 0, 0
16500, 13162, 1, 0, 0
16600, 15219, 1, 0, 0
16701, 15305, 1, 0, 0
16801, 13142, 1, 0, 0
16900, 16190, 1, 0, 0
17000, 13859, 1, 0, 0
17100, 13457, 1, 0, 0
17200, 13532, 1, 0, 0
17300, 18600, 1, 0, 0
17400, 13397, 1, 0, 0
17500, 15219, 1, 0, 0
17600, 20335, 1, 0, 0
17700, 16304, 1, 0, 0
17800, 16508, 1, 0, 0
17900, 15251, 1, 0, 0
18000, 16744, 1, 0, 0
18100, 13739, 1, 0, 0
18200, 18660, 1, 0, 0
18300, 15022, 1, 0, 0
18400, 12559, 1, 0, 0
18501, 18109, 1, 0, 0
18601, 17971, 1, 0, 0
18700, 14500, 1, 0, 0
18800, 15165, 1, 0, 0
18900, 12194, 1, 0, 0
19000, 18711, 1, 0, 0
19100, 20947, 1, 0, 0
19200, 15374, 1, 0, 0
19300, 16690, 1, 0, 0
19400, 13094, 1, 0, 0
19500, 16769, 1, 0, 0
19600, 13887, 1, 0, 0
19700, 13823, 1, 0, 0
19801, 15302, 1, 0, 0
19900, 17438, 1, 0, 0
20001, 14322, 1, 0, 0
20100, 14847, 1, 0, 0
20200, 17941, 1, 0, 0
20300, 21484, 1, 0, 0
20401, 14830, 1, 0, 0
20500, 17568, 1, 0, 0
20601, 12864, 1, 0, 0
20700, 15859, 1, 0, 0
20800, 14829, 1, 0, 0
20901, 16914, 1, 0, 0
21000, 15607, 1, 0, 0
21100, 17220, 1, 0, 0
21201, 15953, 1, 0, 0
21300, 14220, 1, 0, 0
21400, 15434, 1, 0, 0
21500, 14977, 1, 0, 0
21601, 18910, 1, 0, 0
21700, 17847, 1, 0, 0
21800, 14572, 1, 0, 0
21901, 17937, 1, 0, 0
22000, 17568, 1, 0, 0
22101, 20494, 1, 0, 0
22200, 14488, 1, 0, 0
22300, 14168, 1, 0, 0
22400, 13244, 1, 0, 0
22500, 18830, 1, 0, 0
22600, 17711, 1, 0, 0
22700, 13926, 1, 0, 0
22800, 15202, 1, 0, 0
22902, 13746, 1, 0, 0
23000, 13513, 1, 0, 0
23100, 18052, 1, 0, 0
23201, 14158, 1, 0, 0
23300, 21037, 1, 0, 0
23400, 17988, 1, 0, 0
23501, 13914, 1, 0, 0
23600, 16469, 1, 0, 0
23700, 16175, 1, 0, 0
23800, 18942, 1, 0, 0
23901, 16555, 1, 0, 0
24000, 15887, 1, 0, 0
24101, 14033, 1, 0, 0
24200, 15145, 1, 0, 0
24300, 17649, 1, 0, 0
24400, 12861, 1, 0, 0
24500, 16544, 1, 0, 0
24600, 18110, 1, 0, 0
24701, 16058, 1, 0, 0
24800, 16021, 1, 0, 0
24900, 15183, 1, 0, 0
25000, 15160, 1, 0, 0
25100, 13658, 1, 0, 0
25200, 14772, 1, 0, 0
25300, 13141, 1, 0, 0
25400, 19466, 1, 0, 0
25501, 19005, 1, 0, 0
25600, 15073, 1, 0, 0
25700, 15341, 1, 0, 0
25800, 12822, 1, 0, 0
25900, 13038, 1, 0, 0
26000, 17770, 1, 0, 0
26100, 14575, 1, 0, 0
26201, 14808, 1, 0, 0
26300, 15868, 1, 0, 0
26400, 12949, 1, 0, 0
26501, 13095, 1, 0, 0
26600, 14805, 1, 0, 0
26700, 18240, 1, 0, 0
26801, 14426, 1, 0, 0
26900, 12173, 1, 0, 0
27000, 15821, 1, 0, 0
27100, 14059, 1, 0, 0
27201, 12235, 1, 0, 0
27300, 14642, 1, 0, 0
27400, 14181, 1, 0, 0
27500, 14918, 1, 0, 0
27600, 17120, 1, 0, 0
27700, 15039, 1, 0, 0
27800, 14084, 1, 0, 0
27900, 13647, 1, 0, 0
28000, 17586, 1, 0, 0
28100, 15520, 1, 0, 0
28200, 16587, 1, 0, 0
28300, 12944, 1, 0, 0
28400, 15326, 1, 0, 0
28501, 12737, 1, 0, 0
28600, 13685, 1, 0, 0
28700, 14090, 1, 0, 0
28800, 16163, 1, 0, 0
28900, 13639, 1, 0, 0
29001, 14258, 1, 0, 0
29100, 14207, 1, 0, 0
29200, 17573, 1, 0, 0
29300, 12927, 1, 0, 0
29400, 17436, 1, 0, 0
29500, 15676, 1, 0, 0
29601, 17295, 1, 0, 0
29700, 16148, 1, 0, 0
29801, 13940, 1, 0, 0
29900, 15465, 1, 0, 0
30000, 14047, 1, 0, 0
30100, 20018, 1, 0, 0
30200, 21459, 1, 0, 0
30300, 15220, 1, 0, 0
30400, 13239, 1, 0, 0
30500, 17497, 1, 0, 0
30600, 19359, 1, 0, 0
30700, 15537, 1, 0, 0
30800, 14430, 1, 0, 0
30900, 15281, 1, 0, 0
31000, 16776, 1, 0, 0
31100, 17254, 1, 0, 0
31200, 15094, 1, 0, 0
31300, 16486, 1, 0, 0
31400, 13822, 1, 0, 0
31500, 16731, 1, 0, 0
31601, 13129, 1, 0, 0
31700, 19225, 1, 0, 0
31802, 21271, 1, 0, 0
31900, 17569, 1, 0, 0
32001, 15724, 1, 0, 0
32100, 14636, 1, 0, 0
32201, 13210, 1, 0, 0
32300, 15941, 1, 0, 0
32401, 12503, 1, 0, 0
32500, 16067, 1, 0, 0
32601, 17768, 1, 0, 0
32700, 19173, 1, 0, 0
32800, 15609, 1, 0, 0
32900, 15554, 1, 0, 0
33000, 16809, 1, 0, 0
33101, 16268, 1, 0, 0
33201, 16346, 1, 0, 0
33300, 17061, 1, 0, 0
33400, 15063, 1, 0, 0
33500, 15901, 1, 0, 0
33601, 15129, 1, 0, 0
33700, 16721, 1, 0, 0
33801, 19144, 1, 0, 0
33902, 15189, 1, 0, 0
34000, 13713, 1, 0, 0
34101, 15590, 1, 0, 0
34200, 17791, 1, 0, 0
34300, 16705, 1, 0, 0
34401, 14105, 1, 0, 0
34500, 15569, 1, 0, 0
34600, 15081, 1, 0, 0
34701, 19980, 1, 0, 0
34800, 20182, 1, 0, 0
34901, 14572, 1, 0, 0
35001, 15739, 1, 0, 0
35100, 17706, 1, 0, 0
35200, 18239, 1, 0, 0
35300, 15026, 1, 0, 0
35400, 17325, 1, 0, 0
35500, 17650, 1, 0, 0
35600, 16447, 1, 0, 0
35700, 13361, 1, 0, 0
35800, 14547, 1, 0, 0
35900, 13376, 1, 0, 0
36000, 16454, 1, 0, 0
36100, 14463, 1, 0, 0
36200, 16512, 1, 0, 0
36300, 16583, 1, 0, 0
36401, 14631, 1, 0, 0
36501, 16364, 1, 0, 0
36600, 13609, 1, 0, 0
36701, 16919, 1, 0, 0
36800, 18456, 1, 0, 0
36900, 14324, 1, 0, 0
37000, 16186, 1, 0, 0
37101, 15306, 1, 0, 0
37200, 16409, 1, 0, 0
37300, 13066, 1, 0, 0
37400, 14302, 1, 0, 0
37500, 13653, 1, 0, 0
37601, 20446, 1, 0, 0
37700, 17352, 1, 0, 0
37801, 18575, 1, 0, 0
37900, 15530, 1, 0, 0
38001, 20775, 1, 0, 0
38101, 16872, 1, 0, 0
38200, 14434, 1, 0, 0
38300, 15517, 1, 0, 0
38400, 13546, 1, 0, 0
38501, 12986, 1, 0, 0
38600, 13130, 1, 0, 0
38701, 17660, 1, 0, 0
38800, 13598, 1, 0, 0
38900, 14479, 1, 0, 0
39000, 16429, 1, 0, 0
39100, 13252, 1, 0, 0
39200, 17699, 1, 0, 0
39302, 21497, 1, 0, 0
39400, 17382, 1, 0, 0
39500, 13120, 1, 0, 0
39603, 18032, 1, 0, 0
39700, 17096, 1, 0, 0
39800, 18006, 1, 0, 0
39901, 16033, 1, 0, 0
40002, 15587, 1, 0, 0
40101, 16496, 1, 0, 0
40200, 15566, 1, 0, 0
40300, 14671, 1, 0, 0
40401, 13954, 1, 0, 0
40500, 17116, 1, 0, 0
40601, 16864, 1, 0, 0
40701, 12841, 1, 0, 0
40800, 15903, 1, 0, 0
40900, 17765, 1, 0, 0
41000, 16715, 1, 0, 0
41101, 16645, 1, 0, 0
41200, 16868, 1, 0, 0
41300, 14486, 1, 0, 0
41400, 17879, 1, 0, 0
41501, 13777, 1, 0, 0
41600, 15219, 1, 0, 0
41701, 13539, 1, 0, 0
41800, 14729, 1, 0, 0
41900, 13830, 1, 0, 0
42002, 17238, 1, 0, 0
42100, 16871, 1, 0, 0
42200, 13839, 1, 0, 0
42300, 14062, 1, 0, 0
42400, 15318, 1, 0, 0
42501, 16898, 1, 0, 0
42600, 16081, 1, 0, 0
42700, 13311, 1, 0, 0
42800, 13211, 1, 0, 0
42901, 12912, 1, 0, 0
43000, 18778, 1, 0, 0
43100, 16511, 1, 0, 0
43201, 17547, 1, 0, 0
43300, 13797, 1, 0, 0
43400, 18982, 1, 0, 0
43500, 14483, 1, 0, 0
43600, 15952, 1, 0, 0
43700, 13770, 1, 0, 0
43800, 18563, 1, 0, 0
43900, 14412, 1, 0, 0
44000, 16618, 1, 0, 0
44100, 15567, 1, 0, 0
44200, 19609, 1, 0, 0
44300, 13622, 1, 0, 0
44400, 16244, 1, 0, 0
44501, 17890, 1, 0, 0
44600, 17571, 1, 0, 0
44701, 17184, 1, 0, 0
44801, 17369, 1, 0, 0
44901, 15595, 1, 0, 0
45000, 17724, 1, 0, 0
45100, 18379, 1, 0, 0
45200, 14381, 1, 0, 0
45300, 16876, 1, 0, 0
45400, 15431, 1, 0, 0
45501, 15216, 1, 0, 0
45600, 14406, 1, 0, 0
45700, 13579, 1, 0, 0
45800, 18741, 1, 0, 0
45902, 18931, 1, 0, 0
46000, 16672, 1, 0, 0
46100, 13473, 1, 0, 0
46200, 17517, 1, 0, 0
46301, 19451, 1, 0, 0
46400, 15248, 1, 0, 0
46500, 13761, 1, 0, 0
46600, 14164, 1, 0, 0
46700, 15452, 1, 0, 0
46800, 16354, 1, 0, 0
46900, 16107, 1, 0, 0
47000, 18883, 1, 0, 0
47100, 20218, 1, 0, 0
47200, 13943, 1, 0, 0
47300, 16859, 1, 0, 0
47400, 14659, 1, 0, 0
47500, 14337, 1, 0, 0
47600, 17560, 1, 0, 0
47700, 14322, 1, 0, 0
47800, 14434, 1, 0, 0
47900, 14640, 1, 0, 0
48000, 15799, 1, 0, 0
48100, 14273, 1, 0, 0
48200, 15764, 1, 0, 0
48300, 14792, 1, 0, 0
48400, 17246, 1, 0, 0
48500, 14576, 1, 0, 0
48602, 16297, 1, 0, 0
48701, 15106, 1, 0, 0
48800, 15927, 1, 0, 0
48900, 19285, 1, 0, 0
49000, 19125, 1, 0, 0
49100, 13967, 1, 0, 0
49200, 15446, 1, 0, 0
49300, 12367, 1, 0, 0
49401, 17379, 1, 0, 0
49500, 19543, 1, 0, 0
49600, 14093, 1, 0, 0
49700, 17944, 1, 0, 0
49800, 18066, 1, 0, 0
49900, 15706, 1, 0, 0
50001, 14799, 1, 0, 0
50100, 15247, 1, 0, 0
50200, 13207, 1, 0, 0
50300, 17437, 1, 0, 0
50400, 14791, 1, 0, 0
50500, 14141, 1, 0, 0
50600, 16020, 1, 0, 0
50700, 15280, 1, 0, 0
50801, 16958, 1, 0, 0
50900, 13761, 1, 0, 0
51000, 13063, 1, 0, 0
51100, 14555, 1, 0, 0
51201, 13017, 1, 0, 0
51300, 13875, 1, 0, 0
51401, 16159, 1, 0, 0
51500, 17194, 1, 0, 0
51600, 15856, 1, 0, 0
51700, 16073, 1, 0, 0
51800, 20143, 1, 0, 0
51900, 17100, 1, 0, 0
52001, 13147, 1, 0, 0
52100, 14204, 1, 0, 0
52201, 15100, 1, 0, 0
52300, 13476, 1, 0, 0
52401, 12320, 1, 0, 0
52501, 14677, 1, 0, 0
52601, 14467, 1, 0, 0
52700, 14903, 1, 0, 0
52800, 16838, 1, 0, 0
52900, 15052, 1, 0, 0
53000, 15644, 1, 0, 0
53100, 14881, 1, 0, 0
53200, 18843, 1, 0, 0
53301, 11807, 1, 0, 0
53400, 15717, 1, 0, 0
53501, 14827, 1, 0, 0
53600, 14526, 1, 0, 0
53701, 14702, 1, 0, 0
53800, 17226, 1, 0, 0
53900, 18851, 1, 0, 0
54000, 18009, 1, 0, 0
54100, 15521, 1, 0, 0
54200, 17157, 1, 0, 0
54300, 14922, 1, 0, 0
54400, 14278, 1, 0, 0
54500, 13422, 1, 0, 0
54600, 14731, 1, 0, 0
54700, 13668, 1, 0, 0
54800, 18121, 1, 0, 0
54901, 14960, 1, 0, 0
55000, 12743, 1, 0, 0
55100, 13388, 1, 0, 0
55200, 14499, 1, 0, 0
55300, 12600, 1, 0, 0
55400, 16851, 1, 0, 0
55501, 15780, 1, 0, 0
55600, 15262, 1, 0, 0
55700, 14943, 1, 0, 0
55801, 16751, 1, 0, 0
55900, 14247, 1, 0, 0
56000, 13618, 1, 0, 0
56101, 16079, 1, 0, 0
56200, 13027, 1, 0, 0
56300, 13975, 1, 0, 0
56400, 13590, 1, 0, 0
56500, 15045, 1, 0, 0
56601, 19328, 1, 0, 0
56700, 16555, 1, 0, 0
56800, 14208, 1, 0, 0
56900, 13533, 1, 0, 0
57000, 16058, 1, 0, 0
57100, 18447, 1, 0, 0
57200, 16285, 1, 0, 0
57300, 14277, 1, 0, 0
57400, 14109, 1, 0, 0
57500, 17478, 1, 0, 0
57600, 14547, 1, 0, 0
57700, 21443, 1, 0, 0
57800, 15672, 1, 0, 0
57900, 16349, 1, 0, 0
58001, 18616, 1, 0, 0
58100, 17827, 1, 0, 0
58200, 15422, 1, 0, 0
58300, 13917, 1, 0, 0
58401, 13708, 1, 0, 0
58500, 16949, 1, 0, 0
58600, 17916, 1, 0, 0
58700, 13922, 1, 0, 0
58800, 14681, 1, 0, 0
58900, 13021, 1, 0, 0
59001, 17224, 1, 0, 0
59100, 13643, 1, 0, 0
59201, 12271, 1, 0, 0
59300, 12592, 1, 0, 0
59400, 22450, 1, 0, 0
59500, 18467, 1, 0, 0
59600, 15083, 1, 0, 0
59700, 16992, 1, 0, 0
59800, 13239, 1, 0, 0
59900, 18338, 1, 0, 0
60000, 15237, 1, 0, 0
60100, 13451, 1, 0, 0
60200, 13447, 1, 0, 0
60301, 15684, 1, 0, 0
60400, 14969, 1, 0, 0
60501, 12341, 1, 0, 0
60600, 15055, 1, 0, 0
60700, 16336, 1, 0, 0
60800, 15840, 1, 0, 0
60900, 17224, 1, 0, 0
61000, 13639, 1, 0, 0
61100, 13477, 1, 0, 0
61200, 12990, 1, 0, 0
61300, 15754, 1, 0, 0
61400, 16738, 1, 0, 0
61500, 16288, 1, 0, 0
61601, 15019, 1, 0, 0
61700, 15885, 1, 0, 0
61800, 15543, 1, 0, 0
61900, 14805, 1, 0, 0
62000, 13654, 1, 0, 0
62100, 16806, 1, 0, 0
62201, 16275, 1, 0, 0
62300, 17085, 1, 0, 0
62400, 13334, 1, 0, 0
62500, 13505, 1, 0, 0
62600, 14145, 1, 0, 0
62700, 17811, 1, 0, 0
62800, 17902, 1, 0, 0
62900, 14094, 1, 0, 0
63000, 15832, 1, 0, 0
63101, 14433, 1, 0, 0
63200, 16462, 1, 0, 0
63300, 17942, 1, 0, 0
63400, 16539, 1, 0, 0
63500, 12932, 1, 0, 0
63600, 15202, 1, 0, 0
63700, 14924, 1, 0, 0
63800, 18781, 1, 0, 0
63901, 17485, 1, 0, 0
64002, 15105, 1, 0, 0
64100, 15730, 1, 0, 0
64200, 18853, 1, 0, 0
64300, 17282, 1, 0, 0
64400, 14080, 1, 0, 0
64500, 14114, 1, 0, 0
64600, 14099, 1, 0, 0
64700, 18133, 1, 0, 0
64800, 13708, 1, 0, 0
64901, 13247, 1, 0, 0
65000, 14373, 1, 0, 0
65100, 19121, 1, 0, 0
65201, 17346, 1, 0, 0
65300, 15273, 1, 0, 0
65400, 13732, 1, 0, 0
65500, 15218, 1, 0, 0
65600, 18674, 1, 0, 0
65700, 14013, 1, 0, 0
65800, 16516, 1, 0, 0
65901, 14228, 1, 0, 0
66000, 16320, 1, 0, 0
66100, 15909, 1, 0, 0
66201, 14393, 1, 0, 0
66301, 13366, 1, 0, 0
66400, 15304, 1, 0, 0
66500, 16831, 1, 0, 0
66600, 13131, 1, 0, 0
66700, 13497, 1, 0, 0
66801, 13064, 1, 0, 0
66900, 17090, 1, 0, 0
67000, 16140, 1, 0, 0
67101, 16795, 1, 0, 0
67200, 13013, 1, 0, 0
67300, 12592, 1, 0, 0
67400, 12676, 1, 0, 0
67500, 14066, 1, 0, 0
67600, 16498, 1, 0, 0
67700, 14343, 1, 0, 0
67800, 13505, 1, 0, 0
67900, 15854, 1, 0, 0
68000, 16384, 1, 0, 0
68100, 18869, 1, 0, 0
68200, 20725, 1, 0, 0
68300, 17152, 1, 0, 0
68400, 17398, 1, 0, 0
68500, 16793, 1, 0, 0
68600, 15706, 1, 0, 0
68700, 16099, 1, 0, 0
68800, 15890, 1, 0, 0
68900, 17061, 1, 0, 0
69001, 19228, 1, 0, 0
69100, 17494, 1, 0, 0
69201, 19594, 1, 0, 0
69300, 13847, 1, 0, 0
69400, 16325, 1, 0, 0
69500, 16478, 1, 0, 0
69600, 17552, 1, 0, 0
69700, 19610, 1, 0, 0
69800, 16089, 1, 0, 0
69900, 13709, 1, 0, 0
70000, 14819, 1, 0, 0
70100, 13619, 1, 0, 0
70201, 15052, 1, 0, 0
70300, 14392, 1, 0, 0
70400, 17127, 1, 0, 0
70500, 16960, 1, 0, 0
70600, 15374, 1, 0, 0
70700, 16720, 1, 0, 0
70801, 13641, 1, 0, 0
70900, 16780, 1, 0, 0
71000, 13080, 1, 0, 0
71100, 13698, 1, 0, 0
71200, 13211, 1, 0, 0
71300, 18225, 1, 0, 0
71400, 14010, 1, 0, 0
71501, 14148, 1, 0, 0
71600, 14870, 1, 0, 0
71700, 13730, 1, 0, 0
71802, 20373, 1, 0, 0
71901, 15826, 1, 0, 0
72001, 13894, 1, 0, 0
72100, 13287, 1, 0, 0
72200, 14065, 1, 0, 0
72300, 12861, 1, 0, 0
72400, 14539, 1, 0, 0
72500, 20520, 1, 0, 0
72600, 18587, 1, 0, 0
72700, 17886, 1, 0, 0
72800, 14883, 1, 0, 0
72900, 16235, 1, 0, 0
73001, 16434, 1, 0, 0
73100, 18875, 1, 0, 0
73200, 21687, 1, 0, 0
73301, 15789, 1, 0, 0
73400, 13356, 1, 0, 0
73500, 14905, 1, 0, 0
73600, 13238, 1, 0, 0
73700, 16024, 1, 0, 0
73800, 14050, 1, 0, 0
73900, 14917, 1, 0, 0
74001, 13327, 1, 0, 0
74100, 16451, 1, 0, 0
74200, 19405, 1, 0, 0
74300, 20396, 1, 0, 0
74400, 17451, 1, 0, 0
74500, 17204, 1, 0, 0
74600, 15585, 1, 0, 0
74700, 17087, 1, 0, 0
74801, 14447, 1, 0, 0
74900, 14411, 1, 0, 0
75000, 16177, 1, 0, 0
75100, 15082, 1, 0, 0
75200, 15842, 1, 0, 0
75301, 14354, 1, 0, 0
75400, 15612, 1, 0, 0
75500, 18715, 1, 0, 0
75600, 18032, 1, 0, 0
75700, 17251, 1, 0, 0
75800, 17657, 1, 0, 0
75900, 15376, 1, 0, 0
76000, 19455, 1, 0, 0
76100, 14739, 1, 0, 0
76200, 14901, 1, 0, 0
76300, 14325, 1, 0, 0
76400, 16188, 1, 0, 0
76500, 15521, 1, 0, 0
76600, 14756, 1, 0, 0
76700, 20823, 1, 0, 0
76800, 18515, 1, 0, 0
76900, 18722, 1, 0, 0
77000, 34861, 1, 0, 0
77100, 15043, 1, 0, 0
77200, 20277, 1, 0, 0
77300, 16950, 1, 0, 0
77400, 17341, 1, 0, 0
77500, 18644, 1, 0, 0
77600, 20006, 1, 0, 0
77700, 20286, 1, 0, 0
77800, 14836, 1, 0, 0
77900, 14712, 1, 0, 0
78000, 16673, 1, 0, 0
78100, 19950, 1, 0, 0
78201, 16482, 1, 0, 0
78300, 16976, 1, 0, 0
78401, 16495, 1, 0, 0
78501, 14332, 1, 0, 0
78600, 14778, 1, 0, 0
78700, 14971, 1, 0, 0
78801, 15594, 1, 0, 0
78900, 15956, 1, 0, 0
79000, 15740, 1, 0, 0
79100, 18021, 1, 0, 0
79200, 15945, 1, 0, 0
79300, 13837, 1, 0, 0
79400, 17457, 1, 0, 0
79500, 12500, 1, 0, 0
79600, 14353, 1, 0, 0
79700, 14869, 1, 0, 0
79800, 16392, 1, 0, 0
79900, 13725, 1, 0, 0
80001, 22401, 1, 0, 0
80100, 15755, 1, 0, 0
80200, 17851, 1, 0, 0
80300, 18026, 1, 0, 0
80400, 17164, 1, 0, 0
80500, 17552, 1, 0, 0
80600, 18298, 1, 0, 0
80701, 13661, 1, 0, 0
80800, 14252, 1, 0, 0
80901, 15133, 1, 0, 0
81000, 19317, 1, 0, 0
81100, 18620, 1, 0, 0
81201, 18005, 1, 0, 0
81300, 15310, 1, 0, 0
81400, 15470, 1, 0, 0
81500, 15781, 1, 0, 0
81600, 14486, 1, 0, 0
81700, 13830, 1, 0, 0
81800, 17564, 1, 0, 0
81901, 18098, 1, 0, 0
82000, 18706, 1, 0, 0
82100, 20516, 1, 0, 0
82201, 13971, 1, 0, 0
82300, 18629, 1, 0, 0
82400, 15770, 1, 0, 0
82500, 18841, 1, 0, 0
82600, 15378, 1, 0, 0
82701, 16995, 1, 0, 0
82801, 13752, 1, 0, 0
82900, 16436, 1, 0, 0
83000, 15323, 1, 0, 0
83100, 13946, 1, 0, 0
83200, 16354, 1, 0, 0
83300, 12427, 1, 0, 0
83400, 13269, 1, 0, 0
83500, 12500, 1, 0, 0
83600, 14520, 1, 0, 0
83700, 15759, 1, 0, 0
83800, 13232, 1, 0, 0
83900, 17407, 1, 0, 0
84001, 17969, 1, 0, 0
84100, 18980, 1, 0, 0
84200, 14026, 1, 0, 0
84300, 16932, 1, 0, 0
84400, 14104, 1, 0, 0
84500, 15878, 1, 0, 0
84601, 19288, 1, 0, 0
84701, 17594, 1, 0, 0
84800, 16267, 1, 0, 0
84900, 17556, 1, 0, 0
85000, 15555, 1, 0, 0
85100, 13806, 1, 0, 0
85200, 14799, 1, 0, 0
85300, 17844, 1, 0, 0
85400, 15220, 1, 0, 0
85500, 16344, 1, 0, 0
85601, 14282, 1, 0, 0
85700, 14994, 1, 0, 0
85800, 13980, 1, 0, 0
85901, 13326, 1, 0, 0
86000, 14479, 1, 0, 0
86100, 16500, 1, 0, 0
86201, 16559, 1, 0, 0
86300, 16393, 1, 0, 0
86400, 13018, 1, 0, 0
86500, 16143, 1, 0, 0
86601, 13959, 1, 0, 0
86700, 19607, 1, 0, 0
86801, 16386, 1, 0, 0
86900, 17098, 1, 0, 0
87000, 15947, 1, 0, 0
87100, 19042, 1, 0, 0
87200, 13691, 1, 0, 0
87300, 15056, 1, 0, 0
87400, 13411, 1, 0, 0
87500, 13839, 1, 0, 0
87600, 14763, 1, 0, 0
87700, 15036, 1, 0, 0
87800, 13598, 1, 0, 0
87900, 15814, 1, 0, 0
88000, 14413, 1, 0, 0
88100, 16864, 1, 0, 0
88200, 16862, 1, 0, 0
88301, 18313, 1, 0, 0
88400, 15296, 1, 0, 0
88501, 16741, 1, 0, 0
88600, 15655, 1, 0, 0
88700, 14605, 1, 0, 0
88801, 15132, 1, 0, 0
88900, 18129, 1, 0, 0
89000, 17458, 1, 0, 0
89100, 15492, 1, 0, 0
89200, 18661, 1, 0, 0
89301, 15367, 1, 0, 0
89400, 19499, 1, 0, 0
89500, 18033, 1, 0, 0
89601, 15869, 1, 0, 0
89700, 13940, 1, 0, 0
89801, 13868, 1, 0, 0
89900, 14140, 1, 0, 0
90001, 16929, 1, 0, 0
90100, 14763, 1, 0, 0
90200, 15160, 1, 0, 0
90300, 13855, 1, 0, 0
90400, 17108, 1, 0, 0
90501, 13549, 1, 0, 0
90601, 13543, 1, 0, 0
90700, 15759, 1, 0, 0
90800, 16278, 1, 0, 0
90900, 14577, 1, 0, 0
91000, 15202, 1, 0, 0
91100, 13544, 1, 0, 0
91200, 18114, 1, 0, 0
91300, 18412, 1, 0, 0
91400, 12531, 1, 0, 0
91500, 18917, 1, 0, 0
91600, 16561, 1, 0, 0
91700, 13747, 1, 0, 0
91800, 13168, 1, 0, 0
91900, 16602, 1, 0, 0
92000, 15627, 1, 0, 0
92101, 14164, 1, 0, 0
92200, 14890, 1, 0, 0
92300, 17642, 1, 0, 0
92400, 16168, 1, 0, 0
92500, 16390, 1, 0, 0
92600, 18623, 1, 0, 0
92700, 13521, 1, 0, 0
92800, 17930, 1, 0, 0
92900, 20817, 1, 0, 0
93000, 19348, 1, 0, 0
93100, 14650, 1, 0, 0
93200, 21517, 1, 0, 0
93300, 17927, 1, 0, 0
93400, 16684, 1, 0, 0
93500, 15489, 1, 0, 0
93600, 13501, 1, 0, 0
93700, 18004, 1, 0, 0
93802, 16372, 1, 0, 0
93900, 13700, 1, 0, 0
94000, 17201, 1, 0, 0
94100, 18539, 1, 0, 0
94200, 15581, 1, 0, 0
94300, 14257, 1, 0, 0
94400, 15912, 1, 0, 0
94500, 14603, 1, 0, 0
94600, 17759, 1, 0, 0
94700, 16496, 1, 0, 0
94801, 14476, 1, 0, 0
94900, 14686, 1, 0, 0
95000, 14923, 1, 0, 0
95100, 13002, 1, 0, 0
95200, 14496, 1, 0, 0
95301, 17900, 1, 0, 0
95400, 18001, 1, 0, 0
95500, 15293, 1, 0, 0
95600, 15736, 1, 0, 0
95700, 16168, 1, 0, 0
95801, 18214, 1, 0, 0
95900, 16021, 1, 0, 0
96001, 14666, 1, 0, 0
96101, 15363, 1, 0, 0
96201, 15891, 1, 0, 0
96300, 17267, 1, 0, 0
96401, 15734, 1, 0, 0
96500, 14401, 1, 0, 0
96601, 19791, 1, 0, 0
96700, 15223, 1, 0, 0
96800, 14780, 1, 0, 0
96900, 15048, 1, 0, 0
97000, 17050, 1, 0, 0
97100, 13794, 1, 0, 0
97200, 15635, 1, 0, 0
97300, 17278, 1, 0, 0
97400, 15065, 1, 0, 0
97500, 18755, 1, 0, 0
97600, 16010, 1, 0, 0
97700, 17666, 1, 0, 0
97800, 16031, 1, 0, 0
97900, 16714, 1, 0, 0
98000, 16971, 1, 0, 0
98100, 14654, 1, 0, 0
98201, 15913, 1, 0, 0
98300, 13301, 1, 0, 0
98401, 16820, 1, 0, 0
98500, 16124, 1, 0, 0
98600, 15646, 1, 0, 0
98700, 16966, 1, 0, 0
98800, 14677, 1, 0, 0
98900, 12682, 1, 0, 0
99000, 13665, 1, 0, 0
99100, 13915, 1, 0, 0
99201, 13280, 1, 0, 0
99300, 16366, 1, 0, 0
99400, 16999, 1, 0, 0
99501, 14230, 1, 0, 0
99601, 14221, 1, 0, 0
99700, 14349, 1, 0, 0
99801, 18158, 1, 0, 0
99900, 17957, 1, 0, 0
100001, 18405, 1, 0, 0
100100, 21906, 1, 0, 0
100200, 15675, 1, 0, 0
100300, 16336, 1, 0, 0
100400, 16269, 1, 0, 0
100500, 16112, 1, 0, 0
100600, 16382, 1, 0, 0
100700, 17173, 1, 0, 0
100800, 16422, 1, 0, 0
100900, 20161, 1, 0, 0
101000, 13439, 1, 0, 0
101100, 13685, 1, 0, 0
101201, 15559, 1, 0, 0
101300, 19510, 1, 0, 0
101401, 15119, 1, 0, 0
101500, 15249, 1, 0, 0
101600, 14289, 1, 0, 0
101700, 16700, 1, 0, 0
101800, 15116, 1, 0, 0
101901, 13838, 1, 0, 0
102001, 14263, 1, 0, 0
102100, 16424, 1, 0, 0
102200, 14986, 1, 0, 0
102300, 14095, 1, 0, 0
102400, 15694, 1, 0, 0
102500, 15695, 1, 0, 0
102600, 15129, 1, 0, 0
102700, 15704, 1, 0, 0
102800, 18435, 1, 0, 0
102901, 15651, 1, 0, 0
103000, 13470, 1, 0, 0
103100, 17725, 1, 0, 0
103200, 19278, 1, 0, 0
103301, 15614, 1, 0, 0
103401, 16711, 1, 0, 0
103500, 16144, 1, 0, 0
103600, 15082, 1, 0, 0
103700, 17205, 1, 0, 0
103801, 19774, 1, 0, 0
103900, 16387, 1, 0, 0
104000, 15710, 1, 0, 0
104100, 14946, 1, 0, 0
104201, 15096, 1, 0, 0
104300, 16432, 1, 0, 0
104400, 14389, 1, 0, 0
104500, 15960, 1, 0, 0
104600, 17306, 1, 0, 0
104700, 15736, 1, 0, 0
104801, 14364, 1, 0, 0
104900, 16443, 1, 0, 0
105000, 16700, 1, 0, 0
105100, 13428, 1, 0, 0
105200, 15705, 1, 0, 0
105300, 14376, 1, 0, 0
105401, 16106, 1, 0, 0
105500, 14479, 1, 0, 0
105601, 16935, 1, 0, 0
105700, 16527, 1, 0, 0
105800, 15355, 1, 0, 0
105900, 15856, 1, 0, 0
106000, 16497, 1, 0, 0
106100, 14248, 1, 0, 0
106200, 19652, 1, 0, 0
106300, 15056, 1, 0, 0
106400, 14610, 1, 0, 0
106500, 17277, 1, 0, 0
106600, 14857, 1, 0, 0
106701, 13368, 1, 0, 0
106800, 15634, 1, 0, 0
106900, 19710, 1, 0, 0
107001, 16813, 1, 0, 0
107100, 13133, 1, 0, 0
107200, 18011, 1, 0, 0
107300, 19705, 1, 0, 0
107400, 18901, 1, 0, 0
107500, 16230, 1, 0, 0
107601, 14827, 1, 0, 0
107701, 18601, 1, 0, 0
107800, 17674, 1, 0, 0
107900, 18960, 1, 0, 0
108000, 15764, 1, 0, 0
108100, 14091, 1, 0, 0
108200, 13881, 1, 0, 0
108300, 18460, 1, 0, 0
108400, 18709, 1, 0, 0
108500, 19547, 1, 0, 0
108600, 17805, 1, 0, 0
108700, 14232, 1, 0, 0
108800, 14657, 1, 0, 0
108900, 17156, 1, 0, 0
109000, 13736, 1, 0, 0
109100, 17456, 1, 0, 0
109201, 17386, 1, 0, 0
109300, 13679, 1, 0, 0
109401, 15619, 1, 0, 0
109501, 17507, 1, 0, 0
109600, 17136, 1, 0, 0
109701, 17052, 1, 0, 0
109800, 15906, 1, 0, 0
109900, 15972, 1, 0, 0
110000, 15153, 1, 0, 0
110100, 17380, 1, 0, 0
110201, 16114, 1, 0, 0
110301, 15334, 1, 0, 0
110400, 17671, 1, 0, 0
110500, 14860, 1, 0, 0
110600, 15271, 1, 0, 0
110700, 14508, 1, 0, 0
110800, 17478, 1, 0, 0
110900, 18455, 1, 0, 0
111000, 16969, 1, 0, 0
111101, 17047, 1, 0, 0
111200, 19505, 1, 0, 0
111300, 15677, 1, 0, 0
111400, 15192, 1, 0, 0
111500, 15912, 1, 0, 0
111600, 18082, 1, 0, 0
111700, 15758, 1, 0, 0
111800, 15628, 1, 0, 0
111900, 18158, 1, 0, 0
112000, 14115, 1, 0, 0
112100, 19333, 1, 0, 0
112200, 16092, 1, 0, 0
112300, 16211, 1, 0, 0
112400, 15078, 1, 0, 0
112500, 18768, 1, 0, 0
112600, 16805, 1, 0, 0
112700, 20904, 1, 0, 0
112800, 18224, 1, 0, 0
112900, 14295, 1, 0, 0
113000, 14447, 1, 0, 0
113100, 14184, 1, 0, 0
113201, 14700, 1, 0, 0
113300, 19684, 1, 0, 0
113400, 15269, 1, 0, 0
113500, 14032, 1, 0, 0
113600, 13605, 1, 0, 0
113700, 14417, 1, 0, 0
113801, 17816, 1, 0, 0
113900, 14854, 1, 0, 0
114000, 18257, 1, 0, 0
114100, 14362, 1, 0, 0
114200, 14813, 1, 0, 0
114300, 17213, 1, 0, 0
114400, 15483, 1, 0, 0
114500, 13376, 1, 0, 0
114600, 17929, 1, 0, 0
114700, 17181, 1, 0, 0
114801, 15612, 1, 0, 0
114900, 17500, 1, 0, 0
115001, 17131, 1, 0, 0
115100, 20437, 1, 0, 0
115200, 16709, 1, 0, 0
115300, 13963, 1, 0, 0
115400, 18091, 1, 0, 0
115500, 15797, 1, 0, 0
115600, 14798, 1, 0, 0
115700, 13962, 1, 0, 0
115800, 14025, 1, 0, 0
115900, 17125, 1, 0, 0
116000, 16308, 1, 0, 0
116100, 14600, 1, 0, 0
116200, 16667, 1, 0, 0
116300, 17203, 1, 0, 0
116400, 15869, 1, 0, 0
116500, 16876, 1, 0, 0
116600, 15883, 1, 0, 0
116700, 14938, 1, 0, 0
116800, 18159, 1, 0, 0
116900, 14029, 1, 0, 0
117000, 15095, 1, 0, 0
117100, 13186, 1, 0, 0
117200, 13228, 1, 0, 0
117300, 18159, 1, 0, 0
117400, 15276, 1, 0, 0
117500, 17327, 1, 0, 0
117600, 19046, 1, 0, 0
117700, 14677, 1, 0, 0
117800, 15755, 1, 0, 0
117900, 13358, 1, 0, 0
118000, 18111, 1, 0, 0
118100, 19197, 1, 0, 0
118200, 18924, 1, 0, 0
118300, 14264, 1, 0, 0
118400, 17452, 1, 0, 0
118500, 14766, 1, 0, 0
118600, 13351, 1, 0, 0
118700, 18124, 1, 0, 0
118800, 13343, 1, 0, 0
118900, 14368, 1, 0, 0
119000, 13567, 1, 0, 0
119101, 16750, 1, 0, 0
119200, 18047, 1, 0, 0
119300, 16862, 1, 0, 0
119400, 15837, 1, 0, 0
119500, 17968, 1, 0, 0
119600, 19145, 1, 0, 0
119700, 17121, 1, 0, 0
119800, 14553, 1, 0, 0
119902, 14373, 1, 0, 0
120000, 15049, 1, 0, 0
120100, 14929, 1, 0, 0
120200, 18563, 1, 0, 0
120300, 22000, 1, 0, 0
120400, 14605, 1, 0, 0
120500, 16158, 1, 0, 0
120600, 15132, 1, 0, 0
120700, 15192, 1, 0, 0
120800, 14063, 1, 0, 0
120900, 15834, 1, 0, 0
121001, 16180, 1, 0, 0
121101, 15153, 1, 0, 0
121200, 13642, 1, 0, 0
121301, 12729, 1, 0, 0
121400, 14172, 1, 0, 0
121500, 13317, 1, 0, 0
121600, 14211, 1, 0, 0
121700, 13273, 1, 0, 0
121800, 17450, 1, 0, 0
121900, 13918, 1, 0, 0
122000, 13147, 1, 0, 0
122100, 13330, 1, 0, 0
122200, 13262, 1, 0, 0
122300, 13319, 1, 0, 0
122400, 14336, 1, 0, 0
122501, 14229, 1, 0, 0
122600, 13657, 1, 0, 0
122700, 14870, 1, 0, 0
122801, 13547, 1, 0, 0
122900, 16893, 1, 0, 0
123001, 15574, 1, 0, 0
123100, 15490, 1, 0, 0
123200, 16780, 1, 0, 0
123300, 13528, 1, 0, 0
123400, 16436, 1, 0, 0
123500, 13600, 1, 0, 0
123600, 14215, 1, 0, 0
123701, 14791, 1, 0, 0
123800, 16565, 1, 0, 0
123900, 14942, 1, 0, 0
124001, 16063, 1, 0, 0
124100, 15864, 1, 0, 0
124201, 13557, 1, 0, 0
124300, 13565, 1, 0, 0
124400, 13687, 1, 0, 0
124500, 14084, 1, 0, 0
124600, 18462, 1, 0, 0
124700, 13640, 1, 0, 0
124800, 16122, 1, 0, 0
124902, 16562, 1, 0, 0
125000, 21741, 1, 0, 0
125100, 13853, 1, 0, 0
125201, 14668, 1, 0, 0
125300, 17464, 1, 0, 0
125400, 16136, 1, 0, 0
125500, 17377, 1, 0, 0
125600, 14339, 1, 0, 0
125700, 12992, 1, 0, 0
125800, 13341, 1, 0, 0
125900, 15181, 1, 0, 0
126000, 15305, 1, 0, 0
126100, 18454, 1, 0, 0
126200, 15894, 1, 0, 0
126300, 13818, 1, 0, 0
126400, 14356, 1, 0, 0
126500, 14560, 1, 0, 0
126600, 18029, 1, 0, 0
126700, 16138, 1, 0, 0
126800, 17253, 1, 0, 0
126900, 15705, 1, 0, 0
127000, 17097, 1, 0, 0
127100, 12831, 1, 0, 0
127200, 16965, 1, 0, 0
127300, 16391, 1, 0, 0
127400, 16843, 1, 0, 0
127500, 15584, 1, 0, 0
127600, 15248, 1, 0, 0
127700, 17173, 1, 0, 0
127800, 19767, 1, 0, 0
127900, 16058, 1, 0, 0
128000, 14481, 1, 0, 0
128100, 18260, 1, 0, 0
128200, 14652, 1, 0, 0
128300, 16796, 1, 0, 0
128400, 18496, 1, 0, 0
128500, 15710, 1, 0, 0
128600, 16039, 1, 0, 0
128701, 16870, 1, 0, 0
128800, 14635, 1, 0, 0
128900, 17907, 1, 0, 0
129000, 14264, 1, 0, 0
129100, 17368, 1, 0, 0
129200, 14185, 1, 0, 0
129300, 15666, 1, 0, 0
129400, 14164, 1, 0, 0
129501, 17051, 1, 0, 0
129600, 13917, 1, 0, 0
129700, 15445, 1, 0, 0
129800, 16076, 1, 0, 0
129900, 16053, 1, 0, 0
130000, 14665, 1, 0, 0
130100, 18456, 1, 0, 0
130200, 13220, 1, 0, 0
130300, 16670, 1, 0, 0
130400, 14365, 1, 0, 0
130500, 13987, 1, 0, 0
130601, 15493, 1, 0, 0
130700, 17229, 1, 0, 0
130800, 14411, 1, 0, 0
130900, 15477, 1, 0, 0
131000, 14618, 1, 0, 0
131101, 14965, 1, 0, 0
131200, 16490, 1, 0, 0
131300, 17392, 1, 0, 0
131400, 15449, 1, 0, 0
131501, 19735, 1, 0, 0
131600, 15681, 1, 0, 0
131700, 13311, 1, 0, 0
131801, 17424, 1, 0, 0
131900, 15440, 1, 0, 0
132000, 15850, 1, 0, 0
132100, 14254, 1, 0, 0
132200, 14933, 1, 0, 0
132300, 13475, 1, 0, 0
132400, 15524, 1, 0, 0
132500, 14614, 1, 0, 0
132600, 14009, 1, 0, 0
132700, 14601, 1, 0, 0
132801, 19155, 1, 0, 0
132900, 19193, 1, 0, 0
133000, 16414, 1, 0, 0
133100, 17039, 1, 0, 0
133201, 13736, 1, 0, 0
133300, 15323, 1, 0, 0
133400, 14186, 1, 0, 0
133500, 17639, 1, 0, 0
133600, 15826, 1, 0, 0
133700, 16531, 1, 0, 0
133801, 15485, 1, 0, 0
133900, 18473, 1, 0, 0
134000, 15906, 1, 0, 0
134100, 15687, 1, 0, 0
134200, 17577, 1, 0, 0
134300, 15770, 1, 0, 0
134400, 13570, 1, 0, 0
134500, 16476, 1, 0, 0
134600, 14198, 1, 0, 0
134701, 13639, 1, 0, 0
134800, 18361, 1, 0, 0
134900, 13777, 1, 0, 0
135000, 15500, 1, 0, 0
135100, 18450, 1, 0, 0
135200, 16719, 1, 0, 0
135300, 15942, 1, 0, 0
135400, 18719, 1, 0, 0
135501, 17122, 1, 0, 0
135600, 18906, 1, 0, 0
135700, 16373, 1, 0, 0
135800, 13607, 1, 0, 0
135900, 14443, 1, 0, 0
136000, 14158, 1, 0, 0
136100, 14780, 1, 0, 0
136200, 15367, 1, 0, 0
136300, 15832, 1, 0, 0
136400, 17857, 1, 0, 0
136500, 15662, 1, 0, 0
136600, 18004, 1, 0, 0
136702, 16869, 1, 0, 0
136801, 16560, 1, 0, 0
136900, 15347, 1, 0, 0
137001, 13367, 1, 0, 0
137100, 17450, 1, 0, 0
137200, 13610, 1, 0, 0
137300, 15607, 1, 0, 0
137400, 14829, 1, 0, 0
137500, 18013, 1, 0, 0
137600, 19125, 1, 0, 0
137700, 15718, 1, 0, 0
137800, 13615, 1, 0, 0
137900, 16063, 1, 0, 0
138000, 15268, 1, 0, 0
138100, 15179, 1, 0, 0
138200, 12821, 1, 0, 0
138300, 14215, 1, 0, 0
138400, 15549, 1, 0, 0
138500, 14955, 1, 0, 0
138600, 18481, 1, 0, 0
138700, 13880, 1, 0, 0
138801, 15762, 1, 0, 0
138900, 15965, 1, 0, 0
139001, 16494, 1, 0, 0
139100, 18252, 1, 0, 0
139200, 15520, 1, 0, 0
139300, 14830, 1, 0, 0
139400, 17239, 1, 0, 0
139500, 17132, 1, 0, 0
139600, 15417, 1, 0, 0
139700, 15225, 1, 0, 0
139800, 17291, 1, 0, 0
139900, 16820, 1, 0, 0
140000, 13567, 1, 0, 0
140100, 15846, 1, 0, 0
140201, 15863, 1, 0, 0
140300, 15156, 1, 0, 0
140400, 19760, 1, 0, 0
140500, 13605, 1, 0, 0
140600, 15893, 1, 0, 0
140700, 14496, 1, 0, 0
140800, 16739, 1, 0, 0
140900, 18967, 1, 0, 0
141002, 17120, 1, 0, 0
141100, 16071, 1, 0, 0
141201, 13690, 1, 0, 0
141300, 15378, 1, 0, 0
141400, 13922, 1, 0, 0
141500, 15611, 1, 0, 0
141600, 16962, 1, 0, 0
141701, 14524, 1, 0, 0
141800, 13924, 1, 0, 0
141900, 12849, 1, 0, 0
142000, 15267, 1, 0, 0
142100, 13020, 1, 0, 0
142200, 15861, 1, 0, 0
142300, 15110, 1, 0, 0
142400, 15156, 1, 0, 0
142500, 14213, 1, 0, 0
142601, 15832, 1, 0, 0
142700, 15714, 1, 0, 0
142800, 16512, 1, 0, 0
142900, 15857, 1, 0, 0
143000, 15903, 1, 0, 0
143100, 18152, 1, 0, 0
143200, 15281, 1, 0, 0
143300, 17042, 1, 0, 0
143400, 16262, 1, 0, 0
143500, 17348, 1, 0, 0
143600, 16261, 1, 0, 0
143700, 19070, 1, 0, 0
143801, 14397, 1, 0, 0
143900, 16808, 1, 0, 0
144000, 17532, 1, 0, 0
144101, 16661, 1, 0, 0
144200, 18275, 1, 0, 0
144300, 16976, 1, 0, 0
144400, 14334, 1, 0, 0
144500, 15103, 1, 0, 0
144600, 19345, 1, 0, 0
144700, 14340, 1, 0, 0
144800, 13932, 1, 0, 0
144900, 15233, 1, 0, 0
145001, 15668, 1, 0, 0
145100, 15309, 1, 0, 0
145200, 15787, 1, 0, 0
145301, 19653, 1, 0, 0
145400, 17212, 1, 0, 0
145500, 19603, 1, 0, 0
145600, 14966, 1, 0, 0
145700, 16762, 1, 0, 0
145801, 14589, 1, 0, 0
145900, 16210, 1, 0, 0
146000, 19854, 1, 0, 0
146100, 16089, 1, 0, 0
146200, 16962, 1, 0, 0
146302, 17499, 1, 0, 0
146400, 18914, 1, 0, 0
146500, 17260, 1, 0, 0
146600, 17707, 1, 0, 0
146700, 16614, 1, 0, 0
146800, 13396, 1, 0, 0
146900, 13537, 1, 0, 0
147000, 13741, 1, 0, 0
147101, 19820, 1, 0, 0
147201, 19082, 1, 0, 0
147301, 15828, 1, 0, 0
147400, 14177, 1, 0, 0
147500, 12811, 1, 0, 0
147600, 14288, 1, 0, 0
147700, 16007, 1, 0, 0
147800, 13755, 1, 0, 0
147900, 15312, 1, 0, 0
148001, 12840, 1, 0, 0
148100, 19842, 1, 0, 0
148200, 13711, 1, 0, 0
148300, 16544, 1, 0, 0
148400, 15822, 1, 0, 0
148500, 17670, 1, 0, 0
148600, 15757, 1, 0, 0
148700, 15520, 1, 0, 0
148800, 13952, 1, 0, 0
148900, 16645, 1, 0, 0
149001, 13699, 1, 0, 0
149100, 15293, 1, 0, 0
149200, 14547, 1, 0, 0
149300, 14183, 1, 0, 0
149400, 13347, 1, 0, 0
149500, 16054, 1, 0, 0
149600, 16155, 1, 0, 0
149700, 16770, 1, 0, 0
149800, 13507, 1, 0, 0
149900, 18635, 1, 0, 0
150000, 13712, 1, 0, 0
150100, 12964, 1, 0, 0
150200, 14243, 1, 0, 0
150300, 13533, 1, 0, 0
150401, 15362, 1, 0, 0
150501, 18065, 1, 0, 0
150600, 14160, 1, 0, 0
150700, 15995, 1, 0, 0
150801, 14905, 1, 0, 0
150900, 14863, 1, 0, 0
151000, 15997, 1, 0, 0
151100, 14701, 1, 0, 0
151200, 18165, 1, 0, 0
151300, 13314, 1, 0, 0
151400, 17537, 1, 0, 0
151500, 17574, 1, 0, 0
151600, 17651, 1, 0, 0
151700, 18025, 1, 0, 0
151800, 13569, 1, 0, 0
151900, 16993, 1, 0, 0
152000, 16018, 1, 0, 0
152100, 15649, 1, 0, 0
152200, 14928, 1, 0, 0
152300, 15458, 1, 0, 0
152400, 15500, 1, 0, 0
152500, 20447, 1, 0, 0
152600, 19378, 1, 0, 0
152700, 14945, 1, 0, 0
152800, 14076, 1, 0, 0
152900, 18835, 1, 0, 0
153000, 17990, 1, 0, 0
153100, 16498, 1, 0, 0
153200, 17119, 1, 0, 0
153300, 12944, 1, 0, 0
153400, 19239, 1, 0, 0
153500, 16211, 1, 0, 0
153600, 19858, 1, 0, 0
153700, 15498, 1, 0, 0
153800, 18166, 1, 0, 0
153901, 15100, 1, 0, 0
154000, 12945, 1, 0, 0
154100, 14078, 1, 0, 0
154200, 14810, 1, 0, 0
154301, 15394, 1, 0, 0
154400, 12843, 1, 0, 0
154500, 13191, 1, 0, 0
154600, 16657, 1, 0, 0
154700, 18106, 1, 0, 0
154800, 15539, 1, 0, 0
154900, 13585, 1, 0, 0
155000, 20393, 1, 0, 0
155100, 15227, 1, 0, 0
155200, 15034, 1, 0, 0
155301, 13913, 1, 0, 0
155400, 17464, 1, 0, 0
155501, 13324, 1, 0, 0
155601, 17482, 1, 0, 0
155700, 20170, 1, 0, 0
155800, 14698, 1, 0, 0
155900, 17097, 1, 0, 0
156000, 13082, 1, 0, 0
156100, 16638, 1, 0, 0
156201, 15066, 1, 0, 0
156300, 14189, 1, 0, 0
156400, 16050, 1, 0, 0
156501, 17285, 1, 0, 0
156601, 14070, 1, 0, 0
156700, 14086, 1, 0, 0
156800, 16588, 1, 0, 0
156900, 13363, 1, 0, 0
157000, 19114, 1, 0, 0
157100, 16376, 1, 0, 0
157200, 15053, 1, 0, 0
157300, 15138, 1, 0, 0
157400, 17336, 1, 0, 0
157500, 13286, 1, 0, 0
157600, 13517, 1, 0, 0
157700, 14018, 1, 0, 0
157800, 12944, 1, 0, 0
157901, 16215, 1, 0, 0
158000, 14873, 1, 0, 0
158100, 13013, 1, 0, 0
158200, 14651, 1, 0, 0
158300, 16473, 1, 0, 0
158400, 13980, 1, 0, 0
158500, 14123, 1, 0, 0
158600, 15733, 1, 0, 0
158700, 16013, 1, 0, 0
158801, 15914, 1, 0, 0
158900, 17521, 1, 0, 0
159000, 18479, 1, 0, 0
159100, 14337, 1, 0, 0
159200, 18514, 1, 0, 0
159300, 17622, 1, 0, 0
159400, 16112, 1, 0, 0
159500, 16872, 1, 0, 0
159600, 17058, 1, 0, 0
159700, 15144, 1, 0, 0
159800, 20847, 1, 0, 0
159901, 13799, 1, 0, 0
160000, 13224, 1, 0, 0
160100, 16633, 1, 0, 0
160200, 14544, 1, 0, 0
160300, 15561, 1, 0, 0
160400, 15466, 1, 0, 0
160500, 17995, 1, 0, 0
160600, 14997, 1, 0, 0
160700, 17195, 1, 0, 0
160800, 14829, 1, 0, 0
160900, 15597, 1, 0, 0
161000, 15547, 1, 0, 0
161100, 18645, 1, 0, 0
161200, 14051, 1, 0, 0
161300, 15527, 1, 0, 0
161400, 13903, 1, 0, 0
161500, 17691, 1, 0, 0
161600, 15279, 1, 0, 0
161700, 13272, 1, 0, 0
161800, 13188, 1, 0, 0
161900, 16679, 1, 0, 0
162000, 15803, 1, 0, 0
162100, 16416, 1, 0, 0
162200, 15380, 1, 0, 0
162300, 14503, 1, 0, 0
162400, 18380, 1, 0, 0
162500, 16515, 1, 0, 0
162600, 18015, 1, 0, 0
162700, 16367, 1, 0, 0
162801, 14548, 1, 0, 0
162900, 15468, 1, 0, 0
163000, 16992, 1, 0, 0
163100, 13627, 1, 0, 0
163200, 13806, 1, 0, 0
163300, 14938, 1, 0, 0
163400, 18725, 1, 0, 0
163500, 18355, 1, 0, 0
163600, 16016, 1, 0, 0
163700, 15518, 1, 0, 0
163800, 16444, 1, 0, 0
163901, 16947, 1, 0, 0
164000, 13180, 1, 0, 0
164100, 15090, 1, 0, 0
164200, 15760, 1, 0, 0
164300, 14668, 1, 0, 0
164401, 15102, 1, 0, 0
164500, 19366, 1, 0, 0
164600, 15551, 1, 0, 0
164700, 15550, 1, 0, 0
164800, 15086, 1, 0, 0
164901, 17449, 1, 0, 0
165000, 14813, 1, 0, 0
165100, 14712, 1, 0, 0
165201, 17147, 1, 0, 0
165300, 15973, 1, 0, 0
165400, 15263, 1, 0, 0
165500, 15674, 1, 0, 0
165601, 15361, 1, 0, 0
165700, 17810, 1, 0, 0
165800, 17811, 1, 0, 0
165900, 15745, 1, 0, 0
166000, 15867, 1, 0, 0
166100, 13491, 1, 0, 0
166200, 14507, 1, 0, 0
166300, 14572, 1, 0, 0
166400, 17876, 1, 0, 0
166500, 16662, 1, 0, 0
166600, 16107, 1, 0, 0
166700, 18860, 1, 0, 0
166800, 12785, 1, 0, 0
166900, 14571, 1, 0, 0
167000, 14225, 1, 0, 0
167100, 14493, 1, 0, 0
167200, 13172, 1, 0, 0
167300, 13849, 1, 0, 0
167400, 18147, 1, 0, 0
167500, 14779, 1, 0, 0
167600, 16895, 1, 0, 0
167700, 14774, 1, 0, 0
167800, 14309, 1, 0, 0
167900, 14312, 1, 0, 0
168000, 14065, 1, 0, 0
168100, 15550, 1, 0, 0
168200, 14968, 1, 0, 0
168300, 16369, 1, 0, 0
168400, 17303, 1, 0, 0
168500, 13936, 1, 0, 0
168601, 13969, 1, 0, 0
168700, 14790, 1, 0, 0
168800, 16884, 1, 0, 0
168900, 13101, 1, 0, 0
169001, 14893, 1, 0, 0
169101, 13608, 1, 0, 0
169200, 17444, 1, 0, 0
169300, 17846, 1, 0, 0
169400, 18925, 1, 0, 0
169500, 14809, 1, 0, 0
169600, 12320, 1, 0, 0
169700, 12460, 1, 0, 0
169800, 16847, 1, 0, 0
169900, 14955, 1, 0, 0
170000, 13403, 1, 0, 0
170100, 19996, 1, 0, 0
170200, 13755, 1, 0, 0
170300, 17759, 1, 0, 0
170400, 16675, 1, 0, 0
170500, 13296, 1, 0, 0
170600, 13511, 1, 0, 0
170700, 15192, 1, 0, 0
170800, 14981, 1, 0, 0
170900, 13620, 1, 0, 0
171000, 14916, 1, 0, 0
171100, 15605, 1, 0, 0
171200, 16272, 1, 0, 0
171300, 15226, 1, 0, 0
171400, 13818, 1, 0, 0
171500, 14137, 1, 0, 0
171600, 13311, 1, 0, 0
171700, 14116, 1, 0, 0
171800, 13717, 1, 0, 0
171901, 17071, 1, 0, 0
172000, 19163, 1, 0, 0
172100, 18490, 1, 0, 0
172201, 16293, 1, 0, 0
172300, 17105, 1, 0, 0
172400, 15958, 1, 0, 0
172500, 16771, 1, 0, 0
172600, 15797, 1, 0, 0
172700, 15128, 1, 0, 0
172800, 18035, 1, 0, 0
172901, 15580, 1, 0, 0
173000, 16539, 1, 0, 0
173100, 16323, 1, 0, 0
173200, 13028, 1, 0, 0
173300, 14200, 1, 0, 0
173400, 13274, 1, 0, 0
173501, 13318, 1, 0, 0
173600, 17920, 1, 0, 0
173700, 13896, 1, 0, 0
173800, 12858, 1, 0, 0
173900, 18083, 1, 0, 0
174000, 17722, 1, 0, 0
174100, 14297, 1, 0, 0
174202, 17412, 1, 0, 0
174300, 18171, 1, 0, 0
174400, 14498, 1, 0, 0
174500, 14774, 1, 0, 0
174600, 14837, 1, 0, 0
174700, 12596, 1, 0, 0
174800, 13440, 1, 0, 0
174900, 14407, 1, 0, 0
175000, 15405, 1, 0, 0
175100, 16342, 1, 0, 0
175200, 17179, 1, 0, 0
175300, 16217, 1, 0, 0
175400, 15607, 1, 0, 0
175500, 15901, 1, 0, 0
175600, 17912, 1, 0, 0
175700, 15293, 1, 0, 0
175800, 16978, 1, 0, 0
175900, 13721, 1, 0, 0
176000, 12580, 1, 0, 0
176101, 13476, 1, 0, 0
176200, 13845, 1, 0, 0
176301, 17689, 1, 0, 0
176400, 17472, 1, 0, 0
176500, 15731, 1, 0, 0
176600, 13650, 1, 0, 0
176700, 14221, 1, 0, 0
176801, 13925, 1, 0, 0
176900, 14036, 1, 0, 0
177000, 12790, 1, 0, 0
177100, 14215, 1, 0, 0
177200, 14453, 1, 0, 0
177301, 16227, 1, 0, 0
177400, 17011, 1, 0, 0
177500, 14156, 1, 0, 0
177600, 13781, 1, 0, 0
177700, 13185, 1, 0, 0
177801, 16013, 1, 0, 0
177901, 13377, 1, 0, 0
178000, 12995, 1, 0, 0
178100, 15461, 1, 0, 0
178200, 17472, 1, 0, 0
178300, 13221, 1, 0, 0
178400, 13412, 1, 0, 0
178501, 15085, 1, 0, 0
178600, 18776, 1, 0, 0
178700, 15204, 1, 0, 0
178800, 14581, 1, 0, 0
178900, 15541, 1, 0, 0
179000, 17090, 1, 0, 0
179100, 14048, 1, 0, 0
179200, 16237, 1, 0, 0
179300, 17919, 1, 0, 0
179400, 15146, 1, 0, 0
179501, 14087, 1, 0, 0
179600, 15105, 1, 0, 0
179700, 18557, 1, 0, 0
179800, 16777, 1, 0, 0
179901, 15896, 1, 0, 0
180000, 16757, 1, 0, 0
180100, 14721, 1, 0, 0
180200, 18094, 1, 0, 0
180300, 16254, 1, 0, 0
180400, 13213, 1, 0, 0
180501, 14124, 1, 0, 0
180600, 13815, 1, 0, 0
180700, 17148, 1, 0, 0
180800, 15372, 1, 0, 0
180900, 14382, 1, 0, 0
181000, 16084, 1, 0, 0
181100, 18336, 1, 0, 0
181200, 16746, 1, 0, 0
181301, 16594, 1, 0, 0
181400, 17265, 1, 0, 0
181500, 14770, 1, 0, 0
181600, 15918, 1, 0, 0
181700, 14763, 1, 0, 0
181800, 15222, 1, 0, 0
181900, 16626, 1, 0, 0
182000, 13358, 1, 0, 0
182100, 13842, 1, 0, 0
182200, 16956, 1, 0, 0
182300, 13350, 1, 0, 0
182400, 15436, 1, 0, 0
182500, 16101, 1, 0, 0
182600, 14660, 1, 0, 0
182701, 16677, 1, 0, 0
182800, 17966, 1, 0, 0
182900, 13334, 1, 0, 0
183001, 13732, 1, 0, 0
183100, 13399, 1, 0, 0
183200, 13517, 1, 0, 0
183300, 14036, 1, 0, 0
183400, 13500, 1, 0, 0
183500, 19619, 1, 0, 0
183600, 18440, 1, 0, 0
183700, 17308, 1, 0, 0
183800, 16582, 1, 0, 0
183900, 17815, 1, 0, 0
184000, 15380, 1, 0, 0
184101, 16568, 1, 0, 0
184200, 14213, 1, 0, 0
184300, 15131, 1, 0, 0
184400, 14547, 1, 0, 0
184500, 15079, 1, 0, 0
184600, 15071, 1, 0, 0
184700, 19643, 1, 0, 0
184800, 14860, 1, 0, 0
184900, 14988, 1, 0, 0
185000, 14914, 1, 0, 0
185100, 14043, 1, 0, 0
185200, 20424, 1, 0, 0
185300, 17239, 1, 0, 0
185400, 17926, 1, 0, 0
185500, 16422, 1, 0, 0
185600, 15582, 1, 0, 0
185700, 15346, 1, 0, 0
185800, 18175, 1, 0, 0
185900, 15269, 1, 0, 0
186000, 12292, 1, 0, 0
186100, 13231, 1, 0, 0
186200, 18170, 1, 0, 0
186300, 16498, 1, 0, 0
186400, 14967, 1, 0, 0
186500, 17943, 1, 0, 0
186600, 15674, 1, 0, 0
186701, 17336, 1, 0, 0
186800, 16859, 1, 0, 0
186900, 19495, 1, 0, 0
187000, 14848, 1, 0, 0
187100, 16966, 1, 0, 0
187200, 14993, 1, 0, 0
187300, 17859, 1, 0, 0
187400, 18647, 1, 0, 0
187500, 14374, 1, 0, 0
187600, 15950, 1, 0, 0
187700, 14282, 1, 0, 0
187800, 12794, 1, 0, 0
187900, 17035, 1, 0, 0
188000, 16365, 1, 0, 0
188101, 12735, 1, 0, 0
188200, 13746, 1, 0, 0
188300, 17970, 1, 0, 0
188402, 16034, 1, 0, 0
188500, 14137, 1, 0, 0
188600, 13439, 1, 0, 0
188700, 15124, 1, 0, 0
188800, 14649, 1, 0, 0
188900, 16624, 1, 0, 0
189000, 14832, 1, 0, 0
189100, 13974, 1, 0, 0
189200, 15595, 1, 0, 0
189300, 14087, 1, 0, 0
189400, 14985, 1, 0, 0
189500, 18327, 1, 0, 0
189601, 14624, 1, 0, 0
189700, 19336, 1, 0, 0
189800, 17194, 1, 0, 0
189900, 15786, 1, 0, 0
190000, 20895, 1, 0, 0
190100, 21013, 1, 0, 0
190200, 18038, 1, 0, 0
190300, 14535, 1, 0, 0
190400, 16909, 1, 0, 0
190500, 14298, 1, 0, 0
190600, 16677, 1, 0, 0
190701, 13975, 1, 0, 0
190800, 14845, 1, 0, 0
190900, 15183, 1, 0, 0
191001, 15713, 1, 0, 0
191101, 15422, 1, 0, 0
191200, 18504, 1, 0, 0
191300, 16272, 1, 0, 0
191400, 14063, 1, 0, 0
191500, 16009, 1, 0, 0
191600, 16136, 1, 0, 0
191700, 16612, 1, 0, 0
191800, 15810, 1, 0, 0
191901, 13960, 1, 0, 0
192000, 20390, 1, 0, 0
192100, 15068, 1, 0, 0
192200, 13840, 1, 0, 0
192300, 16438, 1, 0, 0
192400, 17366, 1, 0, 0
192501, 16551, 1, 0, 0
192600, 16253, 1, 0, 0
192700, 16555, 1, 0, 0
192800, 14712, 1, 0, 0
192900, 15127, 1, 0, 0
193000, 15828, 1, 0, 0
193100, 12855, 1, 0, 0
193200, 14271, 1, 0, 0
193300, 18440, 1, 0, 0
193400, 18133, 1, 0, 0
193501, 15900, 1, 0, 0
193601, 16983, 1, 0, 0
193700, 16324, 1, 0, 0
193800, 13585, 1, 0, 0
193900, 14844, 1, 0, 0
194000, 18858, 1, 0, 0
194100, 16997, 1, 0, 0
194200, 16060, 1, 0, 0
194300, 14504, 1, 0, 0
194400, 15030, 1, 0, 0
194500, 13248, 1, 0, 0
194601, 13632, 1, 0, 0
194700, 13988, 1, 0, 0
194800, 16026, 1, 0, 0
194900, 14813, 1, 0, 0
195000, 16621, 1, 0, 0
195100, 16802, 1, 0, 0
195200, 18050, 1, 0, 0
195300, 19602, 1, 0, 0
195400, 21039, 1, 0, 0
195500, 18039, 1, 0, 0
195600, 14004, 1, 0, 0
195701, 13875, 1, 0, 0
195800, 14436, 1, 0, 0
195900, 17993, 1, 0, 0
196002, 14261, 1, 0, 0
196100, 14485, 1, 0, 0
196200, 17316, 1, 0, 0
196301, 14005, 1, 0, 0
196400, 16164, 1, 0, 0
196500, 18101, 1, 0, 0
196600, 17616, 1, 0, 0
196700, 15771, 1, 0, 0
196800, 15809, 1, 0, 0
196900, 17817, 1, 0, 0
197000, 17467, 1, 0, 0
197100, 14543, 1, 0, 0
197200, 16347, 1, 0, 0
197300, 15187, 1, 0, 0
197400, 18221, 1, 0, 0
197501, 18174, 1, 0, 0
197600, 15502, 1, 0, 0
197700, 16417, 1, 0, 0
197800, 14335, 1, 0, 0
197900, 14910, 1, 0, 0
198000, 13629, 1, 0, 0
198101, 14513, 1, 0, 0
198200, 17288, 1, 0, 0
198300, 17555, 1, 0, 0
198401, 14345, 1, 0, 0
198500, 15086, 1, 0, 0
198602, 18705, 1, 0, 0
198700, 16604, 1, 0, 0
198800, 16324, 1, 0, 0
198900, 14553, 1, 0, 0
199000, 15232, 1, 0, 0
199100, 16458, 1, 0, 0
199200, 14892, 1, 0, 0
199300, 15099, 1, 0, 0
199400, 15595, 1, 0, 0
199500, 21129, 1, 0, 0
199600, 18443, 1, 0, 0
199701, 15408, 1, 0, 0
199800, 14925, 1, 0, 0
199900, 14500, 1, 0, 0
200000, 16740, 1, 0, 0
200100, 13751, 1, 0, 0
200200, 16083, 1, 0, 0
200300, 14316, 1, 0, 0
200400, 16954, 1, 0, 0
200502, 16102, 1, 0, 0
200601, 16795, 1, 0, 0
200700, 13332, 1, 0, 0
200800, 13962, 1, 0, 0
200900, 17791, 1, 0, 0
201001, 16534, 1, 0, 0
201100, 14695, 1, 0, 0
201200, 18581, 1, 0, 0
201300, 13820, 1, 0, 0
201400, 17066, 1, 0, 0
201501, 16497, 1, 0, 0
201600, 14828, 1, 0, 0
201700, 16184, 1, 0, 0
201800, 17201, 1, 0, 0
201900, 17474, 1, 0, 0
202001, 18725, 1, 0, 0
202100, 19410, 1, 0, 0
202200, 14711, 1, 0, 0
202300, 18491, 1, 0, 0
202400, 14722, 1, 0, 0
202500, 13951, 1, 0, 0
202600, 18976, 1, 0, 0
202700, 13428, 1, 0, 0
202800, 16715, 1, 0, 0
202900, 16399, 1, 0, 0
203000, 17314, 1, 0, 0
203100, 18791, 1, 0, 0
203200, 18054, 1, 0, 0
203300, 14333, 1, 0, 0
203400, 14081, 1, 0, 0
203500, 16707, 1, 0, 0
203600, 14705, 1, 0, 0
203700, 13673, 1, 0, 0
203800, 15002, 1, 0, 0
203900, 13085, 1, 0, 0
204000, 12875, 1, 0, 0
204100, 14347, 1, 0, 0
204200, 17723, 1, 0, 0
204300, 20807, 1, 0, 0
204400, 16199, 1, 0, 0
204500, 16328, 1, 0, 0
204600, 13561, 1, 0, 0
204700, 14387, 1, 0, 0
204800, 12910, 1, 0, 0
204900, 13196, 1, 0, 0
205000, 13247, 1, 0, 0
205100, 15097, 1, 0, 0
205200, 19603, 1, 0, 0
205300, 13358, 1, 0, 0
205400, 16944, 1, 0, 0
205500, 18135, 1, 0, 0
205600, 17617, 1, 0, 0
205700, 15623, 1, 0, 0
205800, 13790, 1, 0, 0
205900, 13532, 1, 0, 0
206000, 15965, 1, 0, 0
206100, 13391, 1, 0, 0
206200, 14570, 1, 0, 0
206300, 13744, 1, 0, 0
206400, 14021, 1, 0, 0
206500, 16471, 1, 0, 0
206600, 18995, 1, 0, 0
206700, 16909, 1, 0, 0
206800, 14933, 1, 0, 0
206900, 15309, 1, 0, 0
207001, 14409, 1, 0, 0
207100, 14099, 1, 0, 0
207200, 15798, 1, 0, 0
207300, 14796, 1, 0, 0
207400, 17903, 1, 0, 0
207500, 15172, 1, 0, 0
207600, 17041, 1, 0, 0
207700, 14559, 1, 0, 0
207801, 16360, 1, 0, 0
207900, 12157, 1, 0, 0
208000, 13005, 1, 0, 0
208100, 15606, 1, 0, 0
208200, 18656, 1, 0, 0
208300, 15989, 1, 0, 0
208401, 17215, 1, 0, 0
208500, 13947, 1, 0, 0
208600, 18865, 1, 0, 0
208700, 15962, 1, 0, 0
208800, 14666, 1, 0, 0
208900, 16923, 1, 0, 0
209000, 13421, 1, 0, 0
209100, 16624, 1, 0, 0
209200, 18242, 1, 0, 0
209300, 13748, 1, 0, 0
209400, 14310, 1, 0, 0
209500, 15702, 1, 0, 0
209600, 15145, 1, 0, 0
209700, 19305, 1, 0, 0
209801, 16820, 1, 0, 0
209901, 13760, 1, 0, 0
210000, 13864, 1, 0, 0
210100, 17451, 1, 0, 0
210200, 13348, 1, 0, 0
210300, 15386, 1, 0, 0
210400, 14971, 1, 0, 0
210500, 14531, 1, 0, 0
210600, 17267, 1, 0, 0
210700, 13528, 1, 0, 0
210800, 15950, 1, 0, 0
210900, 13402, 1, 0, 0
211000, 17212, 1, 0, 0
211100, 13098, 1, 0, 0
211200, 14140, 1, 0, 0
211300, 17373, 1, 0, 0
211400, 14481, 1, 0, 0
211500, 18057, 1, 0, 0
211600, 13875, 1, 0, 0
211700, 14437, 1, 0, 0
211800, 13017, 1, 0, 0
211900, 17349, 1, 0, 0
212000, 14892, 1, 0, 0
212100, 14311, 1, 0, 0
212200, 19718, 1, 0, 0
212300, 16102, 1, 0, 0
212400, 13002, 1, 0, 0
212500, 13610, 1, 0, 0
212600, 13690, 1, 0, 0
212700, 12960, 1, 0, 0
212800, 13677, 1, 0, 0
212900, 13693, 1, 0, 0
213000, 17531, 1, 0, 0
213100, 15106, 1, 0, 0
213200, 14912, 1, 0, 0
213300, 16569, 1, 0, 0
213400, 17090, 1, 0, 0
213500, 15330, 1, 0, 0
213600, 18195, 1, 0, 0
213700, 14246, 1, 0, 0
213800, 15281, 1, 0, 0
213900, 16548, 1, 0, 0
214000, 13014, 1, 0, 0
214100, 14055, 1, 0, 0
214200, 14397, 1, 0, 0
214300, 13798, 1, 0, 0
214400, 17891, 1, 0, 0
214500, 16672, 1, 0, 0
214600, 15514, 1, 0, 0
214700, 16181, 1, 0, 0
214800, 15619, 1, 0, 0
214900, 17419, 1, 0, 0
215001, 14207, 1, 0, 0
215100, 20836, 1, 0, 0
215200, 18253, 1, 0, 0
215300, 17294, 1, 0, 0
215400, 16119, 1, 0, 0
215500, 17939, 1, 0, 0
215600, 13840, 1, 0, 0
215700, 17268, 1, 0, 0
215800, 17456, 1, 0, 0
215900, 14321, 1, 0, 0
216000, 13933, 1, 0, 0
216100, 20129, 1, 0, 0
216200, 20132, 1, 0, 0
216300, 15872, 1, 0, 0
216401, 14455, 1, 0, 0
216500, 19069, 1, 0, 0
216600, 16915, 1, 0, 0
216700, 13645, 1, 0, 0
216800, 19617, 1, 0, 0
216900, 16848, 1, 0, 0
217000, 15836, 1, 0, 0
217100, 17772, 1, 0, 0
217200, 20465, 1, 0, 0
217300, 15164, 1, 0, 0
217401, 14345, 1, 0, 0
217500, 14266, 1, 0, 0
217601, 15320, 1, 0, 0
217700, 13544, 1, 0, 0
217800, 13617, 1, 0, 0
217900, 15209, 1, 0, 0
218000, 16608, 1, 0, 0
218100, 16547, 1, 0, 0
218200, 16511, 1, 0, 0
218300, 16491, 1, 0, 0
218400, 15473, 1, 0, 0
218500, 14012, 1, 0, 0
218600, 15390, 1, 0, 0
218700, 14128, 1, 0, 0
218800, 14041, 1, 0, 0
218900, 17037, 1, 0, 0
219000, 16780, 1, 0, 0
219100, 16863, 1, 0, 0
219200, 13424, 1, 0, 0
219300, 15038, 1, 0, 0
219400, 14344, 1, 0, 0
219500, 17382, 1, 0, 0
219600, 13858, 1, 0, 0
219700, 14384, 1, 0, 0
219801, 16860, 1, 0, 0
219900, 14104, 1, 0, 0
220000, 16260, 1, 0, 0
220100, 16620, 1, 0, 0
220200, 18659, 1, 0, 0
220300, 12517, 1, 0, 0
220400, 13088, 1, 0, 0
220500, 16335, 1, 0, 0
220600, 13491, 1, 0, 0
220700, 14784, 1, 0, 0
220800, 14875, 1, 0, 0
220900, 17871, 1, 0, 0
221000, 19105, 1, 0, 0
221100, 16260, 1, 0, 0
221200, 15981, 1, 0, 0
221300, 18711, 1, 0, 0
221400, 21035, 1, 0, 0
221500, 16448, 1, 0, 0
221600, 14928, 1, 0, 0
221700, 14367, 1, 0, 0
221800, 15267, 1, 0, 0
221900, 15979, 1, 0, 0
222000, 14085, 1, 0, 0
222100, 16113, 1, 0, 0
222200, 13978, 1, 0, 0
222301, 13721, 1, 0, 0
222400, 15742, 1, 0, 0
222500, 18856, 1, 0, 0
222600, 15129, 1, 0, 0
222700, 19356, 1, 0, 0
222801, 15790, 1, 0, 0
222900, 13510, 1, 0, 0
223000, 15143, 1, 0, 0
223101, 15017, 1, 0, 0
223200, 14014, 1, 0, 0
223300, 15372, 1, 0, 0
223400, 17758, 1, 0, 0
223500, 15054, 1, 0, 0
223600, 16558, 1, 0, 0
223700, 13199, 1, 0, 0
223800, 13963, 1, 0, 0
223900, 16004, 1, 0, 0
224000, 13885, 1, 0, 0
224100, 15123, 1, 0, 0
224200, 14993, 1, 0, 0
224300, 14117, 1, 0, 0
224400, 15057, 1, 0, 0
224501, 16535, 1, 0, 0
224600, 17123, 1, 0, 0
224700, 14381, 1, 0, 0
224800, 19642, 1, 0, 0
224900, 17331, 1, 0, 0
225000, 18134, 1, 0, 0
225100, 15995, 1, 0, 0
225200, 12963, 1, 0, 0
225300, 13371, 1, 0, 0
225400, 15463, 1, 0, 0
225500, 15097, 1, 0, 0
225600, 13041, 1, 0, 0
225700, 14739, 1, 0, 0
225800, 13154, 1, 0, 0
225900, 16436, 1, 0, 0
226000, 15494, 1, 0, 0
226100, 18586, 1, 0, 0
226200, 17604, 1, 0, 0
226300, 16755, 1, 0, 0
226401, 14454, 1, 0, 0
226500, 15384, 1, 0, 0
226600, 14750, 1, 0, 0
226700, 13251, 1, 0, 0
226800, 16087, 1, 0, 0
226900, 20480, 1, 0, 0
227000, 16230, 1, 0, 0
227100, 13336, 1, 0, 0
227200, 13901, 1, 0, 0
227300, 12630, 1, 0, 0
227400, 15721, 1, 0, 0
227500, 14943, 1, 0, 0
227601, 16647, 1, 0, 0
227700, 14086, 1, 0, 0
227800, 19399, 1, 0, 0
227900, 14134, 1, 0, 0
228000, 19671, 1, 0, 0
228100, 14543, 1, 0, 0
228201, 18064, 1, 0, 0
228300, 17771, 1, 0, 0
228400, 14005, 1, 0, 0
228500, 17896, 1, 0, 0
228600, 19586, 1, 0, 0
228700, 15094, 1, 0, 0
228800, 14241, 1, 0, 0
228901, 14774, 1, 0, 0
229000, 14882, 1, 0, 0
229100, 16750, 1, 0, 0
229200, 16119, 1, 0, 0
229300, 16741, 1, 0, 0
229400, 15238, 1, 0, 0
229500, 16264, 1, 0, 0
229600, 14439, 1, 0, 0
229701, 13909, 1, 0, 0
229800, 14627, 1, 0, 0
229900, 16762, 1, 0, 0
230000, 16136, 1, 0, 0
230100, 14327, 1, 0, 0
230200, 16951, 1, 0, 0
230301, 13878, 1, 0, 0
230400, 15470, 1, 0, 0
230500, 14239, 1, 0, 0
230600, 15805, 1, 0, 0
230700, 16806, 1, 0, 0
230800, 17621, 1, 0, 0
230900, 14448, 1, 0, 0
231000, 13516, 1, 0, 0
231100, 18059, 1, 0, 0
231200, 15957, 1, 0, 0
231300, 16848, 1, 0, 0
231400, 14141, 1, 0, 0
231500, 13708, 1, 0, 0
231600, 17169, 1, 0, 0
231700, 17081, 1, 0, 0
231800, 15083, 1, 0, 0
231900, 14468, 1, 0, 0
232001, 15652, 1, 0, 0
232100, 14680, 1, 0, 0
232200, 15336, 1, 0, 0
232300, 13403, 1, 0, 0
232400, 15460, 1, 0, 0
232501, 16882, 1, 0, 0
232600, 13718, 1, 0, 0
232700, 15912, 1, 0, 0
232800, 14325, 1, 0, 0
232900, 13250, 1, 0, 0
233000, 12987, 1, 0, 0
233100, 14706, 1, 0, 0
233200, 16747, 1, 0, 0
233300, 13461, 1, 0, 0
233400, 15780, 1, 0, 0
233500, 16483, 1, 0, 0
233600, 15693, 1, 0, 0
233700, 13832, 1, 0, 0
233801, 13979, 1, 0, 0
233900, 13367, 1, 0, 0
234000, 14314, 1, 0, 0
234100, 15193, 1, 0, 0
234200, 13670, 1, 0, 0
234300, 14990, 1, 0, 0
234400, 14079, 1, 0, 0
234500, 13540, 1, 0, 0
234600, 13154, 1, 0, 0
234700, 13703, 1, 0, 0
234800, 14320, 1, 0, 0
234900, 15512, 1, 0, 0
235000, 15923, 1, 0, 0
235101, 18512, 1, 0, 0
235200, 16030, 1, 0, 0
235300, 16799, 1, 0, 0
235400, 13562, 1, 0, 0
235500, 16506, 1, 0, 0
235600, 16357, 1, 0, 0
235700, 19177, 1, 0, 0
235800, 16780, 1, 0, 0
235900, 13406, 1, 0, 0
236002, 16541, 1, 0, 0
236100, 13369, 1, 0, 0
236200, 13922, 1, 0, 0
236300, 16087, 1, 0, 0
236400, 17500, 1, 0, 0
236501, 14363, 1, 0, 0
236600, 15649, 1, 0, 0
236700, 12892, 1, 0, 0
236802, 17585, 1, 0, 0
236900, 14677, 1, 0, 0
237000, 15575, 1, 0, 0
237100, 14241, 1, 0, 0
237201, 13932, 1, 0, 0
237300, 16149, 1, 0, 0
237400, 16256, 1, 0, 0
237500, 14184, 1, 0, 0
237600, 13302, 1, 0, 0
237700, 15325, 1, 0, 0
237800, 16406, 1, 0, 0
237900, 15451, 1, 0, 0
238000, 15967, 1, 0, 0
238100, 15332, 1, 0, 0
238200, 14551, 1, 0, 0
238300, 15640, 1, 0, 0
238400, 14510, 1, 0, 0
238500, 15887, 1, 0, 0
238600, 15889, 1, 0, 0
238700, 15388, 1, 0, 0
238800, 14125, 1, 0, 0
238900, 14152, 1, 0, 0
239000, 16589, 1, 0, 0
239100, 15018, 1, 0, 0
239200, 16437, 1, 0, 0
239300, 16842, 1, 0, 0
239400, 15330, 1, 0, 0
239500, 16134, 1, 0, 0
239600, 13974, 1, 0, 0
239700, 18178, 1, 0, 0
239800, 17738, 1, 0, 0
239900, 13206, 1, 0, 0
240000, 16232, 1, 0, 0
240100, 18396, 1, 0, 0
240200, 15346, 1, 0, 0
240300, 15751, 1, 0, 0
240400, 14335, 1, 0, 0
240500, 17323, 1, 0, 0
240600, 17883, 1, 0, 0
240701, 15366, 1, 0, 0
240800, 17611, 1, 0, 0
240900, 14352, 1, 0, 0
241000, 14105, 1, 0, 0
241100, 15916, 1, 0, 0
241200, 14988, 1, 0, 0
241300, 14030, 1, 0, 0
241400, 17679, 1, 0, 0
241500, 15567, 1, 0, 0
241600, 18983, 1, 0, 0
241700, 14057, 1, 0, 0
241800, 16380, 1, 0, 0
241900, 14080, 1, 0, 0
242000, 18783, 1, 0, 0
242100, 15821, 1, 0, 0
242201, 17662, 1, 0, 0
242300, 13988, 1, 0, 0
242400, 13704, 1, 0, 0
242501, 13829, 1, 0, 0
242600, 14005, 1, 0, 0
242700, 17363, 1, 0, 0
242800, 15217, 1, 0, 0
242900, 15532, 1, 0, 0
243000, 14770, 1, 0, 0
243100, 15302, 1, 0, 0
243200, 17351, 1, 0, 0
243300, 20223, 1, 0, 0
243401, 16871, 1, 0, 0
243500, 14251, 1, 0, 0
243601, 16392, 1, 0, 0
243700, 17239, 1, 0, 0
243800, 16466, 1, 0, 0
243900, 14394, 1, 0, 0
244000, 17492, 1, 0, 0
244100, 14481, 1, 0, 0
244200, 12849, 1, 0, 0
244300, 15242, 1, 0, 0
244400, 13836, 1, 0, 0
244500, 15936, 1, 0, 0
244600, 14800, 1, 0, 0
244700, 17274, 1, 0, 0
244800, 15494, 1, 0, 0
244900, 20488, 1, 0, 0
245000, 20725, 1, 0, 0
245100, 15835, 1, 0, 0
245200, 16591, 1, 0, 0
245300, 15942, 1, 0, 0
245400, 16330, 1, 0, 0
245500, 16148, 1, 0, 0
245600, 17160, 1, 0, 0
245700, 17261, 1, 0, 0
245800, 16683, 1, 0, 0
245900, 15905, 1, 0, 0
246000, 15156, 1, 0, 0
246100, 14356, 1, 0, 0
246200, 15069, 1, 0, 0
246301, 15191, 1, 0, 0
246400, 19688, 1, 0, 0
246500, 15690, 1, 0, 0
246600, 16605, 1, 0, 0
246700, 14046, 1, 0, 0
246800, 17530, 1, 0, 0
246901, 14525, 1, 0, 0
247000, 17442, 1, 0, 0
247100, 19110, 1, 0, 0
247200, 18635, 1, 0, 0
247300, 14671, 1, 0, 0
247400, 14673, 1, 0, 0
247501, 13684, 1, 0, 0
247600, 18211, 1, 0, 0
247700, 17999, 1, 0, 0
247800, 15700, 1, 0, 0
247900, 13317, 1, 0, 0
248000, 15078, 1, 0, 0
248100, 15173, 1, 0, 0
248200, 16791, 1, 0, 0
248300, 14197, 1, 0, 0
248400, 14583, 1, 0, 0
248500, 19315, 1, 0, 0
248600, 17877, 1, 0, 0
248700, 13565, 1, 0, 0
248800, 15064, 1, 0, 0
248900, 14144, 1, 0, 0
249000, 15424, 1, 0, 0
249100, 14980, 1, 0, 0
249200, 17160, 1, 0, 0
249300, 15830, 1, 0, 0
249400, 15442, 1, 0, 0
249500, 16518, 1, 0, 0
249600, 15563, 1, 0, 0
249700, 16047, 1, 0, 0
249800, 15138, 1, 0, 0
249900, 15953, 1, 0, 0
250000, 14239, 1, 0, 0
250101, 17070, 1, 0, 0
250200, 16726, 1, 0, 0
250300, 17841, 1, 0, 0
250400, 13904, 1, 0, 0
250500, 16963, 1, 0, 0
250600, 16737, 1, 0, 0
250700, 15432, 1, 0, 0
250800, 15480, 1, 0, 0
250901, 14149, 1, 0, 0
251000, 14521, 1, 0, 0
251100, 13946, 1, 0, 0
251200, 15172, 1, 0, 0
251300, 14742, 1, 0, 0
251400, 15272, 1, 0, 0
251500, 14694, 1, 0, 0
251600, 16517, 1, 0, 0
251700, 15436, 1, 0, 0
251800, 17644, 1, 0, 0
251900, 17999, 1, 0, 0
252000, 14912, 1, 0, 0
252100, 15970, 1, 0, 0
252200, 15352, 1, 0, 0
252300, 16964, 1, 0, 0
252401, 15346, 1, 0, 0
252500, 16249, 1, 0, 0
252600, 15452, 1, 0, 0
252700, 17270, 1, 0, 0
252800, 16466, 1, 0, 0
252900, 15536, 1, 0, 0
253000, 15715, 1, 0, 0
253100, 13250, 1, 0, 0
253200, 16721, 1, 0, 0
253300, 13603, 1, 0, 0
253400, 16076, 1, 0, 0
253500, 17735, 1, 0, 0
253600, 14874, 1, 0, 0
253701, 15832, 1, 0, 0
253800, 15389, 1, 0, 0
253900, 16713, 1, 0, 0
254000, 14641, 1, 0, 0
254100, 19228, 1, 0, 0
254200, 16035, 1, 0, 0
254300, 15479, 1, 0, 0
254400, 15987, 1, 0, 0
254501, 17395, 1, 0, 0
254600, 16159, 1, 0, 0
254700, 15189, 1, 0, 0
254801, 18726, 1, 0, 0
254900, 18237, 1, 0, 0
255000, 17585, 1, 0, 0
255100, 16253, 1, 0, 0
255200, 13881, 1, 0, 0
255300, 16822, 1, 0, 0
255400, 16843, 1, 0, 0
255500, 15969, 1, 0, 0
255600, 15797, 1, 0, 0
255700, 15289, 1, 0, 0
255800, 13973, 1, 0, 0
255900, 14162, 1, 0, 0
256000, 13547, 1, 0, 0
256100, 12753, 1, 0, 0
256200, 17472, 1, 0, 0
256300, 16563, 1, 0, 0
256400, 17020, 1, 0, 0
256500, 13967, 1, 0, 0
256600, 16001, 1, 0, 0
256700, 15825, 1, 0, 0
256801, 13791, 1, 0, 0
256900, 15610, 1, 0, 0
257000, 16183, 1, 0, 0
257101, 12927, 1, 0, 0
257200, 16236, 1, 0, 0
257300, 15177, 1, 0, 0
257400, 18440, 1, 0, 0
257500, 16685, 1, 0, 0
257600, 14355, 1, 0, 0
257701, 17170, 1, 0, 0
257800, 15248, 1, 0, 0
257900, 16532, 1, 0, 0
258000, 13021, 1, 0, 0
258100, 14966, 1, 0, 0
258200, 17083, 1, 0, 0
258300, 14403, 1, 0, 0
258400, 16351, 1, 0, 0
258500, 19357, 1, 0, 0
258601, 16484, 1, 0, 0
258700, 17782, 1, 0, 0
258800, 14631, 1, 0, 0
258900, 16604, 1, 0, 0
259000, 17069, 1, 0, 0
259100, 16760, 1, 0, 0
259200, 14825, 1, 0, 0
259300, 13888, 1, 0, 0
259400, 13911, 1, 0, 0
259500, 13535, 1, 0, 0
259600, 17124, 1, 0, 0
259700, 20816, 1, 0, 0
259800, 15254, 1, 0, 0
259900, 15452, 1, 0, 0
260000, 15536, 1, 0, 0
260100, 12879, 1, 0, 0
260200, 15760, 1, 0, 0
260300, 13722, 1, 0, 0
260400, 13498, 1, 0, 0
260500, 16865, 1, 0, 0
260600, 15487, 1, 0, 0
260700, 14494, 1, 0, 0
260800, 14666, 1, 0, 0
260900, 14769, 1, 0, 0
261000, 16782, 1, 0, 0
261100, 13279, 1, 0, 0
261200, 12942, 1, 0, 0
261300, 13238, 1, 0, 0
261400, 13946, 1, 0, 0
261500, 14247, 1, 0, 0
261600, 14093, 1, 0, 0
261700, 16701, 1, 0, 0
261800, 16491, 1, 0, 0
261900, 16168, 1, 0, 0
262000, 14482, 1, 0, 0
262100, 16402, 1, 0, 0
262200, 17952, 1, 0, 0
262300, 16208, 1, 0, 0
262400, 16725, 1, 0, 0
262500, 17809, 1, 0, 0
262600, 16427, 1, 0, 0
262700, 17248, 1, 0, 0
262800, 14659, 1, 0, 0
262900, 18066, 1, 0, 0
263000, 17009, 1, 0, 0
263100, 13918, 1, 0, 0
263201, 15722, 1, 0, 0
263300, 13083, 1, 0, 0
263400, 16566, 1, 0, 0
263500, 16330, 1, 0, 0
263600, 18893, 1, 0, 0
263700, 14222, 1, 0, 0
263800, 18859, 1, 0, 0
263900, 18472, 1, 0, 0
264000, 14953, 1, 0, 0
264100, 15148, 1, 0, 0
264200, 14775, 1, 0, 0
264300, 15969, 1, 0, 0
264400, 13967, 1, 0, 0
264501, 13241, 1, 0, 0
264600, 18403, 1, 0, 0
264700, 14136, 1, 0, 0
264800, 13953, 1, 0, 0
264900, 15179, 1, 0, 0
265000, 16171, 1, 0, 0
265100, 14643, 1, 0, 0
265200, 16643, 1, 0, 0
265300, 15954, 1, 0, 0
265400, 15841, 1, 0, 0
265500, 13214, 1, 0, 0
265600, 16463, 1, 0, 0
265700, 15811, 1, 0, 0
265800, 13437, 1, 0, 0
265900, 15122, 1, 0, 0
266000, 14846, 1, 0, 0
266100, 15860, 1, 0, 0
266200, 14233, 1, 0, 0
266300, 16714, 1, 0, 0
266400, 17158, 1, 0, 0
266500, 15449, 1, 0, 0
266600, 16371, 1, 0, 0
266700, 18290, 1, 0, 0
266800, 14756, 1, 0, 0
266900, 16853, 1, 0, 0
267000, 17290, 1, 0, 0
267100, 17639, 1, 0, 0
267200, 15404, 1, 0, 0
267300, 19192, 1, 0, 0
267400, 16234, 1, 0, 0
267500, 13865, 1, 0, 0
267600, 15190, 1, 0, 0
267700, 16671, 1, 0, 0
267800, 14246, 1, 0, 0
267900, 14648, 1, 0, 0
268000, 16220, 1, 0, 0
268100, 14363, 1, 0, 0
268201, 14679, 1, 0, 0
268300, 14370, 1, 0, 0
268400, 15684, 1, 0, 0
268500, 15126, 1, 0, 0
268600, 14078, 1, 0, 0
268701, 18169, 1, 0, 0
268800, 16035, 1, 0, 0
268900, 15186, 1, 0, 0
269000, 17889, 1, 0, 0
269100, 14441, 1, 0, 0
269200, 14991, 1, 0, 0
269300, 15710, 1, 0, 0
269400, 19038, 1, 0, 0
269500, 18310, 1, 0, 0
269600, 18262, 1, 0, 0
269700, 18160, 1, 0, 0
269800, 15832, 1, 0, 0
269900, 15786, 1, 0, 0
270000, 14955, 1, 0, 0
270100, 14911, 1, 0, 0
270200, 21120, 1, 0, 0
270300, 15469, 1, 0, 0
270400, 14020, 1, 0, 0
270500, 14112, 1, 0, 0
270600, 15707, 1, 0, 0
270700, 14963, 1, 0, 0
270800, 16129, 1, 0, 0
270900, 14194, 1, 0, 0
271000, 19082, 1, 0, 0
271100, 15383, 1, 0, 0
271200, 14695, 1, 0, 0
271300, 13977, 1, 0, 0
271400, 16519, 1, 0, 0
271500, 16750, 1, 0, 0
271600, 17014, 1, 0, 0
271700, 14408, 1, 0, 0
271800, 17418, 1, 0, 0
271900, 14581, 1, 0, 0
272000, 18229, 1, 0, 0
272100, 13734, 1, 0, 0
272200, 18071, 1, 0, 0
272300, 18300, 1, 0, 0
272400, 16938, 1, 0, 0
272501, 15365, 1, 0, 0
272600, 15163, 1, 0, 0
272700, 16582, 1, 0, 0
272800, 15546, 1, 0, 0
272900, 17932, 1, 0, 0
273000, 18400, 1, 0, 0
273100, 15501, 1, 0, 0
273200, 13490, 1, 0, 0
273300, 15926, 1, 0, 0
273400, 15135, 1, 0, 0
273500, 19633, 1, 0, 0
273600, 17081, 1, 0, 0
273700, 15904, 1, 0, 0
273800, 15430, 1, 0, 0
273900, 13399, 1, 0, 0
274000, 17349, 1, 0, 0
274100, 17055, 1, 0, 0
274200, 15627, 1, 0, 0
274300, 17442, 1, 0, 0
274400, 14220, 1, 0, 0
274500, 15334, 1, 0, 0
274600, 16245, 1, 0, 0
274700, 12954, 1, 0, 0
274800, 14698, 1, 0, 0
274900, 14528, 1, 0, 0
275000, 15146, 1, 0, 0
275100, 13526, 1, 0, 0
275200, 18720, 1, 0, 0
275300, 13619, 1, 0, 0
275400, 15264, 1, 0, 0
275500, 15197, 1, 0, 0
275600, 14021, 1, 0, 0
275700, 14739, 1, 0, 0
275800, 14517, 1, 0, 0
275900, 15079, 1, 0, 0
276000, 13321, 1, 0, 0
276100, 16581, 1, 0, 0
276200, 15654, 1, 0, 0
276300, 14366, 1, 0, 0
276401, 14002, 1, 0, 0
276500, 13918, 1, 0, 0
276600, 14728, 1, 0, 0
276700, 19139, 1, 0, 0
276800, 18197, 1, 0, 0
276900, 18588, 1, 0, 0
277000, 14408, 1, 0, 0
277100, 15636, 1, 0, 0
277200, 15711, 1, 0, 0
277300, 14500, 1, 0, 0
277400, 13614, 1, 0, 0
277500, 14878, 1, 0, 0
277600, 15246, 1, 0, 0
277700, 15112, 1, 0, 0
277800, 15464, 1, 0, 0
277900, 19589, 1, 0, 0
278000, 20666, 1, 0, 0
278100, 17937, 1, 0, 0
278200, 16604, 1, 0, 0
278300, 17015, 1, 0, 0
278400, 17941, 1, 0, 0
278500, 15634, 1, 0, 0
278601, 15470, 1, 0, 0
278700, 19847, 1, 0, 0
278800, 14439, 1, 0, 0
278900, 16007, 1, 0, 0
279000, 15382, 1, 0, 0
279100, 15994, 1, 0, 0
279201, 17166, 1, 0, 0
279300, 14155, 1, 0, 0
279400, 15492, 1, 0, 0
279500, 13638, 1, 0, 0
279600, 14126, 1, 0, 0
279700, 13696, 1, 0, 0
279801, 13564, 1, 0, 0
279900, 14359, 1, 0, 0
280001, 14089, 1, 0, 0
280100, 17807, 1, 0, 0
280200, 14781, 1, 0, 0
280300, 15457, 1, 0, 0
280400, 15020, 1, 0, 0
280500, 16744, 1, 0, 0
280600, 16135, 1, 0, 0
280700, 19389, 1, 0, 0
280800, 14819, 1, 0, 0
280900, 13792, 1, 0, 0
281000, 14980, 1, 0, 0
281100, 16580, 1, 0, 0
281200, 20182, 1, 0, 0
281300, 15085, 1, 0, 0
281400, 17102, 1, 0, 0
281500, 15320, 1, 0, 0
281600, 15481, 1, 0, 0
281700, 16660, 1, 0, 0
281800, 16605, 1, 0, 0
281900, 14464, 1, 0, 0
282000, 16978, 1, 0, 0
282100, 13481, 1, 0, 0
282200, 14357, 1, 0, 0
282300, 13445, 1, 0, 0
282400, 17243, 1, 0, 0
282500, 18124, 1, 0, 0
282600, 15981, 1, 0, 0
282700, 15414, 1, 0, 0
282800, 15619, 1, 0, 0
282900, 13278, 1, 0, 0
283000, 13656, 1, 0, 0
283100, 14909, 1, 0, 0
283200, 16153, 1, 0, 0
283300, 14885, 1, 0, 0
283400, 14903, 1, 0, 0
283500, 16350, 1, 0, 0
283600, 20631, 1, 0, 0
283700, 15145, 1, 0, 0
283800, 18009, 1, 0, 0
283900, 15039, 1, 0, 0
284000, 16198, 1, 0, 0
284100, 18350, 1, 0, 0
284200, 16881, 1, 0, 0
284300, 14689, 1, 0, 0
284400, 14711, 1, 0, 0
284500, 18924, 1, 0, 0
284600, 15034, 1, 0, 0
284700, 19707, 1, 0, 0
284800, 12627, 1, 0, 0
284900, 13045, 1, 0, 0
285000, 13607, 1, 0, 0
285100, 19671, 1, 0, 0
285200, 15376, 1, 0, 0
285300, 16371, 1, 0, 0
285400, 15099, 1, 0, 0
285501, 16587, 1, 0, 0
285600, 15878, 1, 0, 0
285700, 13570, 1, 0, 0
285800, 14373, 1, 0, 0
285900, 15171, 1, 0, 0
286000, 15118, 1, 0, 0
286100, 15090, 1, 0, 0
286200, 21394, 1, 0, 0
286301, 13398, 1, 0, 0
286400, 14271, 1, 0, 0
286500, 18483, 1, 0, 0
286600, 18113, 1, 0, 0
286700, 18129, 1, 0, 0
286800, 13010, 1, 0, 0
286900, 18121, 1, 0, 0
287000, 17186, 1, 0, 0
287100, 15089, 1, 0, 0
287200, 18333, 1, 0, 0
287300, 18216, 1, 0, 0
287400, 16842, 1, 0, 0
287500, 15679, 1, 0, 0
287600, 16268, 1, 0, 0
287700, 19099, 1, 0, 0
287800, 15261, 1, 0, 0
287900, 15649, 1, 0, 0
288000, 15723, 1, 0, 0
288100, 15162, 1, 0, 0
288200, 13145, 1, 0, 0
288300, 15408, 1, 0, 0
288400, 14843, 1, 0, 0
288500, 14611, 1, 0, 0
288600, 15778, 1, 0, 0
288701, 14971, 1, 0, 0
288800, 15192, 1, 0, 0
288901, 12340, 1, 0, 0
289000, 15340, 1, 0, 0
289100, 15102, 1, 0, 0
289200, 13491, 1, 0, 0
289300, 13974, 1, 0, 0
289400, 14406, 1, 0, 0
289500, 15708, 1, 0, 0
289600, 14762, 1, 0, 0
289700, 15600, 1, 0, 0
289800, 16987, 1, 0, 0
289900, 14251, 1, 0, 0
290000, 13996, 1, 0, 0
290100, 15173, 1, 0, 0
290200, 12980, 1, 0, 0
290301, 14295, 1, 0, 0
290401, 15737, 1, 0, 0
290500, 18261, 1, 0, 0
290600, 13761, 1, 0, 0
290700, 14605, 1, 0, 0
290800, 14827, 1, 0, 0
290900, 13244, 1, 0, 0
291000, 13418, 1, 0, 0
291100, 15641, 1, 0, 0
291200, 14310, 1, 0, 0
291300, 22493, 1, 0, 0
291400, 18974, 1, 0, 0
291500, 14695, 1, 0, 0
291600, 14447, 1, 0, 0
291701, 14052, 1, 0, 0
291800, 20800, 1, 0, 0
291900, 17889, 1, 0, 0
292000, 16219, 1, 0, 0
292100, 16281, 1, 0, 0
292200, 13938, 1, 0, 0
292300, 18300, 1, 0, 0
292400, 16833, 1, 0, 0
292500, 13851, 1, 0, 0
292600, 13803, 1, 0, 0
292700, 13220, 1, 0, 0
292800, 15748, 1, 0, 0
292900, 16583, 1, 0, 0
293000, 13173, 1, 0, 0
293100, 15411, 1, 0, 0
293200, 18840, 1, 0, 0
293300, 14197, 1, 0, 0
293400, 16863, 1, 0, 0
293501, 17883, 1, 0, 0
293600, 18497, 1, 0, 0
293700, 15597, 1, 0, 0
293801, 15711, 1, 0, 0
293900, 19382, 1, 0, 0
294000, 16508, 1, 0, 0
294100, 16189, 1, 0, 0
294200, 19115, 1, 0, 0
294300, 15368, 1, 0, 0
294400, 17434, 1, 0, 0
294500, 19319, 1, 0, 0
294600, 15609, 1, 0, 0
294700, 17383, 1, 0, 0
294800, 14468, 1, 0, 0
294900, 16042, 1, 0, 0
295000, 13258, 1, 0, 0
295100, 13448, 1, 0, 0
295200, 15491, 1, 0, 0
295300, 14202, 1, 0, 0
295400, 14116, 1, 0, 0
295500, 14847, 1, 0, 0
295600, 16557, 1, 0, 0
295700, 17059, 1, 0, 0
295800, 16096, 1, 0, 0
295900, 19266, 1, 0, 0
296000, 16669, 1, 0, 0
296100, 13389, 1, 0, 0
296201, 16365, 1, 0, 0
296300, 19381, 1, 0, 0
296400, 19769, 1, 0, 0
296500, 18603, 1, 0, 0
296600, 16321, 1, 0, 0
296700, 13609, 1, 0, 0
296800, 17338, 1, 0, 0
296901, 15593, 1, 0, 0
297000, 15903, 1, 0, 0
297100, 18365, 1, 0, 0
297200, 17744, 1, 0, 0
297300, 15905, 1, 0, 0
297400, 17202, 1, 0, 0
297501, 17839, 1, 0, 0
297600, 13771, 1, 0, 0
297700, 17401, 1, 0, 0
297800, 15219, 1, 0, 0
297900, 15011, 1, 0, 0
298000, 15043, 1, 0, 0
298100, 17298, 1, 0, 0
298200, 15094, 1, 0, 0
298300, 15033, 1, 0, 0
298400, 13830, 1, 0, 0
298500, 15037, 1, 0, 0
298600, 14745, 1, 0, 0
298700, 13538, 1, 0, 0
298800, 14078, 1, 0, 0
298900, 15956, 1, 0, 0
299000, 14869, 1, 0, 0
299100, 15320, 1, 0, 0
299200, 14855, 1, 0, 0
299300, 15063, 1, 0, 0
299400, 17419, 1, 0, 0
299500, 17076, 1, 0, 0
299600, 14871, 1, 0, 0
299700, 18760, 1, 0, 0
299800, 15867, 1, 0, 0
299900, 16754, 1, 0, 0
300000, 14645, 1, 0, 0
300101, 15390, 1, 0, 0
300200, 15542, 1, 0, 0
300300, 13611, 1, 0, 0
300400, 14727, 1, 0, 0
300500, 18533, 1, 0, 0
300600, 14341, 1, 0, 0
300700, 15289, 1, 0, 0
300801, 13743, 1, 0, 0
300900, 17843, 1, 0, 0
301000, 20090, 1, 0, 0
301100, 14343, 1, 0, 0
301200, 16313, 1, 0, 0
301300, 14796, 1, 0, 0
301400, 15000, 1, 0, 0
301500, 14534, 1, 0, 0
301600, 12307, 1, 0, 0
301700, 13901, 1, 0, 0
301800, 16141, 1, 0, 0
301900, 17324, 1, 0, 0
302000, 16521, 1, 0, 0
302100, 19940, 1, 0, 0
302200, 16450, 1, 0, 0
302300, 16034, 1, 0, 0
302400, 15420, 1, 0, 0
302500, 13559, 1, 0, 0
302600, 17895, 1, 0, 0
302700, 13662, 1, 0, 0
302800, 16621, 1, 0, 0
302901, 16284, 1, 0, 0
303000, 15989, 1, 0, 0
303101, 13998, 1, 0, 0
303200, 17874, 1, 0, 0
303300, 19583, 1, 0, 0
303400, 15437, 1, 0, 0
303501, 13196, 1, 0, 0
303600, 14728, 1, 0, 0
303700, 16690, 1, 0, 0
303800, 17200, 1, 0, 0
303900, 13172, 1, 0, 0
304001, 15324, 1, 0, 0
304100, 14796, 1, 0, 0
304200, 15312, 1, 0, 0
304300, 16632, 1, 0, 0
304400, 16467, 1, 0, 0
304500, 18029, 1, 0, 0
304600, 19174, 1, 0, 0
304700, 15262, 1, 0, 0
304801, 14530, 1, 0, 0
304900, 14300, 1, 0, 0
305000, 13618, 1, 0, 0
305100, 15505, 1, 0, 0
305200, 15851, 1, 0, 0
305300, 16378, 1, 0, 0
305402, 13246, 1, 0, 0
305500, 14328, 1, 0, 0
305600, 14419, 1, 0, 0
305700, 15572, 1, 0, 0
305800, 13323, 1, 0, 0
305901, 19222, 1, 0, 0
306000, 14613, 1, 0, 0
306100, 17585, 1, 0, 0
306200, 16052, 1, 0, 0
306300, 13593, 1, 0, 0
306401, 19865, 1, 0, 0
306500, 13835, 1, 0, 0
306600, 14702, 1, 0, 0
306700, 15675, 1, 0, 0
306800, 14802, 1, 0, 0
306900, 15346, 1, 0, 0
307000, 12573, 1, 0, 0
307100, 15158, 1, 0, 0
307200, 16644, 1, 0, 0
307300, 16477, 1, 0, 0
307400, 16610, 1, 0, 0
307501, 18159, 1, 0, 0
307600, 15818, 1, 0, 0
307700, 19158, 1, 0, 0
307800, 15922, 1, 0, 0
307900, 17567, 1, 0, 0
308000, 15227, 1, 0, 0
308100, 15216, 1, 0, 0
308200, 13144, 1, 0, 0
308300, 13411, 1, 0, 0
308400, 17497, 1, 0, 0
308500, 15763, 1, 0, 0
308600, 18095, 1, 0, 0
308701, 15324, 1, 0, 0
308800, 16408, 1, 0, 0
308900, 17798, 1, 0, 0
309000, 19176, 1, 0, 0
309100, 14199, 1, 0, 0
309200, 12919, 1, 0, 0
309300, 15797, 1, 0, 0
309400, 13834, 1, 0, 0
309500, 17414, 1, 0, 0
309600, 17281, 1, 0, 0
309700, 18083, 1, 0, 0
309800, 18096, 1, 0, 0
309900, 18055, 1, 0, 0
310000, 14573, 1, 0, 0
310100, 16385, 1, 0, 0
310200, 14664, 1, 0, 0
310300, 13612, 1, 0, 0
310400, 13164, 1, 0, 0
310500, 13785, 1, 0, 0
310600, 14352, 1, 0, 0
310700, 16221, 1, 0, 0
310800, 12981, 1, 0, 0
310900, 13864, 1, 0, 0
311000, 17788, 1, 0, 0
311100, 17303, 1, 0, 0
311200, 15300, 1, 0, 0
311300, 16310, 1, 0, 0
311400, 14705, 1, 0, 0
311500, 14888, 1, 0, 0
311600, 14047, 1, 0, 0
311700, 14551, 1, 0, 0
311800, 16221, 1, 0, 0
311900, 16509, 1, 0, 0
312000, 16416, 1, 0, 0
312100, 13506, 1, 0, 0
312200, 13748, 1, 0, 0
312300, 17600, 1, 0, 0
312400, 12988, 1, 0, 0
312500, 12728, 1, 0, 0
312600, 13787, 1, 0, 0
312700, 12673, 1, 0, 0
312800, 15989, 1, 0, 0
312901, 14472, 1, 0, 0
313000, 18313, 1, 0, 0
313101, 17213, 1, 0, 0
313200, 16034, 1, 0, 0
313300, 17550, 1, 0, 0
313400, 16336, 1, 0, 0
313500, 14818, 1, 0, 0
313600, 18383, 1, 0, 0
313700, 16060, 1, 0, 0
313800, 13050, 1, 0, 0
313900, 14132, 1, 0, 0
314000, 13700, 1, 0, 0
314100, 15663, 1, 0, 0
314200, 13182, 1, 0, 0
314300, 16065, 1, 0, 0
314400, 18041, 1, 0, 0
314500, 17412, 1, 0, 0
314600, 12479, 1, 0, 0
314700, 13330, 1, 0, 0
314800, 15424, 1, 0, 0
314900, 16965, 1, 0, 0
315000, 18853, 1, 0, 0
315100, 14076, 1, 0, 0
315200, 14863, 1, 0, 0
315300, 16116, 1, 0, 0
315400, 15643, 1, 0, 0
315500, 14872, 1, 0, 0
315600, 13575, 1, 0, 0
315700, 13948, 1, 0, 0
315800, 15261, 1, 0, 0
315900, 16930, 1, 0, 0
316000, 16467, 1, 0, 0
316100, 16052, 1, 0, 0
316201, 15807, 1, 0, 0
316300, 15818, 1, 0, 0
316400, 14352, 1, 0, 0
316501, 14239, 1, 0, 0
316600, 14678, 1, 0, 0
316700, 16504, 1, 0, 0
316800, 18495, 1, 0, 0
316900, 16155, 1, 0, 0
317000, 15520, 1, 0, 0
317100, 15102, 1, 0, 0
317200, 14349, 1, 0, 0
317300, 17223, 1, 0, 0
317400, 19935, 1, 0, 0
317500, 17581, 1, 0, 0
317600, 16729, 1, 0, 0
317700, 17297, 1, 0, 0
317800, 14410, 1, 0, 0
317901, 16912, 1, 0, 0
318000, 18366, 1, 0, 0
318100, 16332, 1, 0, 0
318200, 13017, 1, 0, 0
318300, 13674, 1, 0, 0
318400, 15996, 1, 0, 0
318500, 17771, 1, 0, 0
318600, 16483, 1, 0, 0
318700, 17436, 1, 0, 0
318800, 15584, 1, 0, 0
318900, 13121, 1, 0, 0
319000, 13145, 1, 0, 0
319100, 19103, 1, 0, 0
319200, 15714, 1, 0, 0
319300, 19016, 1, 0, 0
319400, 17996, 1, 0, 0
319500, 16991, 1, 0, 0
319600, 15337, 1, 0, 0
319700, 14025, 1, 0, 0
319800, 18105, 1, 0, 0
319900, 17384, 1, 0, 0
320000, 17968, 1, 0, 0
320100, 14772, 1, 0, 0
320201, 14434, 1, 0, 0
320300, 16522, 1, 0, 0
320400, 15628, 1, 0, 0
320500, 16368, 1, 0, 0
320600, 15544, 1, 0, 0
320700, 13249, 1, 0, 0
320800, 14463, 1, 0, 0
320900, 15178, 1, 0, 0
321000, 16916, 1, 0, 0
321100, 15937, 1, 0, 0
321200, 15154, 1, 0, 0
321300, 16215, 1, 0, 0
321400, 15875, 1, 0, 0
321500, 16772, 1, 0, 0
321600, 20057, 1, 0, 0
321701, 20842, 1, 0, 0
321801, 16171, 1, 0, 0
321900, 13367, 1, 0, 0
322000, 16118, 1, 0, 0
322100, 19557, 1, 0, 0
322200, 14100, 1, 0, 0
322300, 15033, 1, 0, 0
322400, 13672, 1, 0, 0
322500, 16059, 1, 0, 0
322600, 14546, 1, 0, 0
322700, 15947, 1, 0, 0
322800, 16124, 1, 0, 0
322900, 13726, 1, 0, 0
323000, 13421, 1, 0, 0
323100, 18045, 1, 0, 0
323201, 19431, 1, 0, 0
323300, 14522, 1, 0, 0
323400, 13317, 1, 0, 0
323502, 15142, 1, 0, 0
323600, 20456, 1, 0, 0
323701, 13034, 1, 0, 0
323800, 14855, 1, 0, 0
323900, 16941, 1, 0, 0
324000, 15710, 1, 0, 0
324100, 15905, 1, 0, 0
324200, 14481, 1, 0, 0
324300, 17287, 1, 0, 0
324400, 13239, 1, 0, 0
324500, 15782, 1, 0, 0
324600, 14997, 1, 0, 0
324700, 16203, 1, 0, 0
324800, 17102, 1, 0, 0
324901, 16003, 1, 0, 0
325000, 16330, 1, 0, 0
325100, 15687, 1, 0, 0
325200, 16178, 1, 0, 0
325300, 15260, 1, 0, 0
325400, 15563, 1, 0, 0
325500, 16763, 1, 0, 0
325600, 15468, 1, 0, 0
325700, 16171, 1, 0, 0
325800, 17014, 1, 0, 0
325900, 15390, 1, 0, 0
326000, 14763, 1, 0, 0
326100, 14177, 1, 0, 0
326200, 14543, 1, 0, 0
326300, 15748, 1, 0, 0
326400, 14610, 1, 0, 0
326500, 15662, 1, 0, 0
326600, 13685, 1, 0, 0
326700, 15601, 1, 0, 0
326801, 18023, 1, 0, 0
326900, 19152, 1, 0, 0
327000, 19393, 1, 0, 0
327100, 19661, 1, 0, 0
327200, 18110, 1, 0, 0
327300, 15370, 1, 0, 0
327400, 14201, 1, 0, 0
327501, 16363, 1, 0, 0
327601, 14370, 1, 0, 0
327700, 15717, 1, 0, 0
327800, 17435, 1, 0, 0
327900, 17408, 1, 0, 0
328000, 17848, 1, 0, 0
328100, 17134, 1, 0, 0
328200, 13254, 1, 0, 0
328300, 12731, 1, 0, 0
328400, 14141, 1, 0, 0
328500, 17424, 1, 0, 0
328600, 14138, 1, 0, 0
328701, 16017, 1, 0, 0
328800, 15680, 1, 0, 0
328900, 16659, 1, 0, 0
329000, 16173, 1, 0, 0
329100, 14451, 1, 0, 0
329200, 13699, 1, 0, 0
329300, 17736, 1, 0, 0
329400, 19835, 1, 0, 0
329500, 14656, 1, 0, 0
329600, 14103, 1, 0, 0
329700, 14912, 1, 0, 0
329800, 14406, 1, 0, 0
329900, 13962, 1, 0, 0
330000, 14689, 1, 0, 0
330100, 14789, 1, 0, 0
330200, 16050, 1, 0, 0
330300, 16320, 1, 0, 0
330401, 14445, 1, 0, 0
330500, 16662, 1, 0, 0
330600, 16790, 1, 0, 0
330701, 14324, 1, 0, 0
330800, 13115, 1, 0, 0
330900, 16798, 1, 0, 0
331000, 16902, 1, 0, 0
331100, 15568, 1, 0, 0
331200, 14550, 1, 0, 0
331300, 14852, 1, 0, 0
331400, 19680, 1, 0, 0
331501, 16532, 1, 0, 0
331600, 15101, 1, 0, 0
331700, 17734, 1, 0, 0
331800, 14535, 1, 0, 0
331900, 13443, 1, 0, 0
332000, 15110, 1, 0, 0
332100, 14144, 1, 0, 0
332200, 15763, 1, 0, 0
332300, 14388, 1, 0, 0
332400, 14266, 1, 0, 0
332500, 15033, 1, 0, 0
332600, 14373, 1, 0, 0
332700, 16293, 1, 0, 0
332800, 17473, 1, 0, 0
332900, 16980, 1, 0, 0
333000, 16764, 1, 0, 0
333100, 17274, 1, 0, 0
333200, 14578, 1, 0, 0
333300, 15937, 1, 0, 0
333400, 14885, 1, 0, 0
333500, 13085, 1, 0, 0
333600, 13832, 1, 0, 0
333702, 16963, 1, 0, 0
333800, 16614, 1, 0, 0
333900, 16426, 1, 0, 0
334000, 16685, 1, 0, 0
334101, 13356, 1, 0, 0
334200, 14340, 1, 0, 0
334300, 16879, 1, 0, 0
334400, 13394, 1, 0, 0
334500, 14168, 1, 0, 0
334601, 16947, 1, 0, 0
334700, 13624, 1, 0, 0
334800, 16808, 1, 0, 0
334900, 18244, 1, 0, 0
335000, 14511, 1, 0, 0
335100, 14073, 1, 0, 0
335200, 17255, 1, 0, 0
335300, 18112, 1, 0, 0
335400, 15642, 1, 0, 0
335500, 14382, 1, 0, 0
335600, 18017, 1, 0, 0
335700, 16136, 1, 0, 0
335800, 17382, 1, 0, 0
335900, 16748, 1, 0, 0
336000, 17970, 1, 0, 0
336100, 17641, 1, 0, 0
336200, 14463, 1, 0, 0
336300, 14844, 1, 0, 0
336400, 17928, 1, 0, 0
336500, 14190, 1, 0, 0
336600, 14261, 1, 0, 0
336700, 12965, 1, 0, 0
336800, 13505, 1, 0, 0
336900, 18410, 1, 0, 0
337000, 14140, 1, 0, 0
337100, 13871, 1, 0, 0
337200, 15101, 1, 0, 0
337300, 14332, 1, 0, 0
337400, 20034, 1, 0, 0
337500, 19271, 1, 0, 0
337601, 18023, 1, 0, 0
337700, 15177, 1, 0, 0
337800, 15862, 1, 0, 0
337900, 19208, 1, 0, 0
338000, 13573, 1, 0, 0
338100, 14765, 1, 0, 0
338200, 13269, 1, 0, 0
338300, 13996, 1, 0, 0
338401, 19039, 1, 0, 0
338500, 15278, 1, 0, 0
338600, 14367, 1, 0, 0
338700, 15247, 1, 0, 0
338800, 16228, 1, 0, 0
338900, 17242, 1, 0, 0
339000, 14152, 1, 0, 0
339100, 14371, 1, 0, 0
339201, 14346, 1, 0, 0
339300, 14987, 1, 0, 0
339400, 15749, 1, 0, 0
339500, 12862, 1, 0, 0
339600, 13141, 1, 0, 0
339700, 13658, 1, 0, 0
339800, 14631, 1, 0, 0
339900, 17164, 1, 0, 0
340000, 13563, 1, 0, 0
340101, 13527, 1, 0, 0
340200, 15140, 1, 0, 0
340300, 14859, 1, 0, 0
340400, 16800, 1, 0, 0
340500, 13232, 1, 0, 0
340600, 13839, 1, 0, 0
340700, 13492, 1, 0, 0
340800, 13368, 1, 0, 0
340900, 13288, 1, 0, 0
341000, 15263, 1, 0, 0
341100, 13877, 1, 0, 0
341202, 15901, 1, 0, 0
341300, 15846, 1, 0, 0
341401, 16088, 1, 0, 0
341501, 15879, 1, 0, 0
341600, 17730, 1, 0, 0
341700, 17500, 1, 0, 0
341800, 17521, 1, 0, 0
341900, 17403, 1, 0, 0
342000, 14867, 1, 0, 0
342100, 14733, 1, 0, 0
342200, 14323, 1, 0, 0
342300, 14173, 1, 0, 0
342400, 17978, 1, 0, 0
342500, 14211, 1, 0, 0
342600, 13201, 1, 0, 0
342700, 12761, 1, 0, 0
342800, 15164, 1, 0, 0
342900, 15477, 1, 0, 0
343000, 18595, 1, 0, 0
343100, 14795, 1, 0, 0
343200, 16371, 1, 0, 0
343300, 13600, 1, 0, 0
343400, 17553, 1, 0, 0
343500, 14839, 1, 0, 0
343600, 15650, 1, 0, 0
343700, 13605, 1, 0, 0
343800, 19629, 1, 0, 0
343900, 13397, 1, 0, 0
344000, 13998, 1, 0, 0
344100, 15890, 1, 0, 0
344200, 16549, 1, 0, 0
344300, 20155, 1, 0, 0
344400, 16989, 1, 0, 0
344500, 13664, 1, 0, 0
344600, 14176, 1, 0, 0
344701, 14195, 1, 0, 0
344800, 13829, 1, 0, 0
344900, 13849, 1, 0, 0
345000, 15300, 1, 0, 0
345100, 13403, 1, 0, 0
345200, 16105, 1, 0, 0
345301, 18173, 1, 0, 0
345400, 16970, 1, 0, 0
345500, 16757, 1, 0, 0
345600, 16960, 1, 0, 0
345700, 13466, 1, 0, 0
345800, 15301, 1, 0, 0
345900, 13990, 1, 0, 0
346000, 17559, 1, 0, 0
346100, 15490, 1, 0, 0
346200, 16475, 1, 0, 0
346300, 14513, 1, 0, 0
346400, 12767, 1, 0, 0
346500, 13570, 1, 0, 0
346600, 12573, 1, 0, 0
346700, 13645, 1, 0, 0
346800, 14658, 1, 0, 0
346900, 19905, 1, 0, 0
347000, 14694, 1, 0, 0
347100, 14722, 1, 0, 0
347201, 13476, 1, 0, 0
347300, 17979, 1, 0, 0
347400, 15670, 1, 0, 0
347500, 13389, 1, 0, 0
347600, 14295, 1, 0, 0
347700, 15621, 1, 0, 0
347800, 14144, 1, 0, 0
347900, 18912, 1, 0, 0
348000, 15609, 1, 0, 0
348100, 14611, 1, 0, 0
348200, 12912, 1, 0, 0
348300, 13902, 1, 0, 0
348400, 15269, 1, 0, 0
348500, 16100, 1, 0, 0
348600, 16142, 1, 0, 0
348700, 16614, 1, 0, 0
348800, 17505, 1, 0, 0
348900, 14092, 1, 0, 0
349000, 15419, 1, 0, 0
349100, 16340, 1, 0, 0
349200, 20561, 1, 0, 0
349300, 17387, 1, 0, 0
349400, 22838, 1, 0, 0
349500, 18555, 1, 0, 0
349600, 15156, 1, 0, 0
349700, 13411, 1, 0, 0
349800, 15047, 1, 0, 0
349900, 15040, 1, 0, 0
350000, 14477, 1, 0, 0
350100, 13705, 1, 0, 0
350200, 16409, 1, 0, 0
350300, 15267, 1, 0, 0
350402, 16496, 1, 0, 0
350500, 13897, 1, 0, 0
350600, 13593, 1, 0, 0
350700, 14027, 1, 0, 0
350800, 16727, 1, 0, 0
350900, 20259, 1, 0, 0
351000, 18877, 1, 0, 0
351100, 16961, 1, 0, 0
351200, 12774, 1, 0, 0
351300, 16520, 1, 0, 0
351400, 13240, 1, 0, 0
351500, 16747, 1, 0, 0
351600, 15436, 1, 0, 0
351700, 16672, 1, 0, 0
351800, 14893, 1, 0, 0
351900, 13804, 1, 0, 0
352001, 13202, 1, 0, 0
352100, 13144, 1, 0, 0
352200, 16470, 1, 0, 0
352300, 14323, 1, 0, 0
352400, 14310, 1, 0, 0
352500, 15559, 1, 0, 0
352600, 14039, 1, 0, 0
352700, 14333, 1, 0, 0
352800, 15251, 1, 0, 0
352900, 13864, 1, 0, 0
353000, 13201, 1, 0, 0
353100, 18524, 1, 0, 0
353200, 15755, 1, 0, 0
353300, 15428, 1, 0, 0
353401, 18113, 1, 0, 0
353501, 17744, 1, 0, 0
353600, 13355, 1, 0, 0
353700, 16668, 1, 0, 0
353800, 17898, 1, 0, 0
353900, 14919, 1, 0, 0
354000, 16888, 1, 0, 0
354100, 16456, 1, 0, 0
354201, 22213, 1, 0, 0
354300, 19792, 1, 0, 0
354400, 16704, 1, 0, 0
354500, 16340, 1, 0, 0
354600, 16538, 1, 0, 0
354700, 14628, 1, 0, 0
354800, 18672, 1, 0, 0
354900, 16133, 1, 0, 0
355000, 15375, 1, 0, 0
355101, 19171, 1, 0, 0
355201, 12916, 1, 0, 0
355300, 14007, 1, 0, 0
355400, 14558, 1, 0, 0
355500, 13396, 1, 0, 0
355600, 17709, 1, 0, 0
355700, 15003, 1, 0, 0
355800, 15678, 1, 0, 0
355901, 17628, 1, 0, 0
356000, 18114, 1, 0, 0
356101, 14184, 1, 0, 0
356200, 16120, 1, 0, 0
356300, 17804, 1, 0, 0
356400, 19035, 1, 0, 0
356500, 19103, 1, 0, 0
356600, 17724, 1, 0, 0
356700, 14439, 1, 0, 0
356800, 16880, 1, 0, 0
356900, 13604, 1, 0, 0
357000, 13834, 1, 0, 0
357100, 17256, 1, 0, 0
357200, 18821, 1, 0, 0
357300, 12854, 1, 0, 0
357400, 13983, 1, 0, 0
357500, 15786, 1, 0, 0
357600, 13239, 1, 0, 0
357700, 17040, 1, 0, 0
357800, 15987, 1, 0, 0
357900, 15747, 1, 0, 0
358000, 13454, 1, 0, 0
358100, 14675, 1, 0, 0
358200, 16339, 1, 0, 0
358300, 18941, 1, 0, 0
358400, 14419, 1, 0, 0
358500, 16334, 1, 0, 0
358600, 15912, 1, 0, 0
358700, 15554, 1, 0, 0
358800, 15734, 1, 0, 0
358900, 13907, 1, 0, 0
359000, 15470, 1, 0, 0
359100, 14366, 1, 0, 0
359200, 14210, 1, 0, 0
359301, 15581, 1, 0, 0
359400, 16609, 1, 0, 0
359501, 15731, 1, 0, 0
359600, 15262, 1, 0, 0
359700, 13695, 1, 0, 0
359800, 18902, 1, 0, 0
359900, 21855, 1, 0, 0
360000, 13130, 1, 0, 0
360100, 16943, 1, 0, 0
360200, 17085, 1, 0, 0
360300, 15438, 1, 0, 0
360400, 13634, 1, 0, 0
360500, 15662, 1, 0, 0
360600, 14843, 1, 0, 0
360701, 13734, 1, 0, 0
360800, 19546, 1, 0, 0
360900, 16665, 1, 0, 0
361000, 15671, 1, 0, 0
361100, 14780, 1, 0, 0
361200, 14954, 1, 0, 0
361300, 15065, 1, 0, 0
361400, 15592, 1, 0, 0
361500, 15963, 1, 0, 0
361601, 13069, 1, 0, 0
361700, 13915, 1, 0, 0
361800, 19548, 1, 0, 0
361901, 17247, 1, 0, 0
362000, 16458, 1, 0, 0
362100, 13787, 1, 0, 0
362200, 18586, 1, 0, 0
362301, 14481, 1, 0, 0
362400, 14228, 1, 0, 0
362500, 13320, 1, 0, 0
362600, 13876, 1, 0, 0
362700, 14120, 1, 0, 0
362800, 13604, 1, 0, 0
362900, 15062, 1, 0, 0
363000, 16403, 1, 0, 0
363100, 12434, 1, 0, 0
363200, 14161, 1, 0, 0
363300, 15679, 1, 0, 0
363400, 13418, 1, 0, 0
363500, 16121, 1, 0, 0
363601, 14481, 1, 0, 0
363700, 16538, 1, 0, 0
363800, 13636, 1, 0, 0
363901, 15209, 1, 0, 0
364000, 16540, 1, 0, 0
364100, 16978, 1, 0, 0
364201, 15918, 1, 0, 0
364300, 17963, 1, 0, 0
364400, 15739, 1, 0, 0
364500, 14760, 1, 0, 0
364600, 20492, 1, 0, 0
364700, 16571, 1, 0, 0
364800, 18133, 1, 0, 0
364900, 14822, 1, 0, 0
365002, 15269, 1, 0, 0
365100, 18806, 1, 0, 0
365200, 16394, 1, 0, 0
365300, 15057, 1, 0, 0
365400, 17330, 1, 0, 0
365500, 18183, 1, 0, 0
365600, 20668, 1, 0, 0
365700, 15246, 1, 0, 0
365800, 14760, 1, 0, 0
365900, 16290, 1, 0, 0
366000, 15047, 1, 0, 0
366100, 14894, 1, 0, 0
366200, 17462, 1, 0, 0
366300, 13147, 1, 0, 0
366400, 15146, 1, 0, 0
366500, 15694, 1, 0, 0
366600, 14975, 1, 0, 0
366700, 13771, 1, 0, 0
366800, 18099, 1, 0, 0
366900, 19379, 1, 0, 0
367000, 17923, 1, 0, 0
367101, 14607, 1, 0, 0
367200, 13282, 1, 0, 0
367300, 15616, 1, 0, 0
367400, 13605, 1, 0, 0
367500, 13273, 1, 0, 0
367600, 13708, 1, 0, 0
367700, 17444, 1, 0, 0
367801, 13664, 1, 0, 0
367900, 15748, 1, 0, 0
368000, 16321, 1, 0, 0
368100, 16127, 1, 0, 0
368200, 14355, 1, 0, 0
368300, 17399, 1, 0, 0
368400, 13429, 1, 0, 0
368500, 15437, 1, 0, 0
368600, 14313, 1, 0, 0
368700, 16228, 1, 0, 0
368801, 16122, 1, 0, 0
368900, 15390, 1, 0, 0
369000, 13972, 1, 0, 0
369100, 17814, 1, 0, 0
369200, 17388, 1, 0, 0
369300, 15389, 1, 0, 0
369400, 19407, 1, 0, 0
369500, 19637, 1, 0, 0
369600, 17225, 1, 0, 0
369701, 18627, 1, 0, 0
369800, 15400, 1, 0, 0
369900, 13685, 1, 0, 0
370000, 12947, 1, 0, 0
370100, 15396, 1, 0, 0
370200, 13533, 1, 0, 0
370300, 14841, 1, 0, 0
370400, 14865, 1, 0, 0
370501, 16816, 1, 0, 0
370600, 14488, 1, 0, 0
370700, 16418, 1, 0, 0
370800, 14095, 1, 0, 0
370900, 14933, 1, 0, 0
371000, 18528, 1, 0, 0
371100, 13712, 1, 0, 0
371200, 15845, 1, 0, 0
371300, 15066, 1, 0, 0
371400, 15977, 1, 0, 0
371500, 16784, 1, 0, 0
371600, 16755, 1, 0, 0
371700, 15869, 1, 0, 0
371800, 13817, 1, 0, 0
371900, 15549, 1, 0, 0
372000, 16197, 1, 0, 0
372100, 12381, 1, 0, 0
372200, 16697, 1, 0, 0
372300, 17488, 1, 0, 0
372401, 14651, 1, 0, 0
372500, 14448, 1, 0, 0
372601, 14612, 1, 0, 0
372700, 15787, 1, 0, 0
372800, 15178, 1, 0, 0
372900, 18502, 1, 0, 0
373001, 15553, 1, 0, 0
373100, 15178, 1, 0, 0
373200, 18971, 1, 0, 0
373300, 13412, 1, 0, 0
373400, 15236, 1, 0, 0
373500, 14599, 1, 0, 0
373601, 18999, 1, 0, 0
373700, 16908, 1, 0, 0
373800, 15383, 1, 0, 0
373900, 14777, 1, 0, 0
374002, 14437, 1, 0, 0
374100, 15666, 1, 0, 0
374200, 17187, 1, 0, 0
374300, 14197, 1, 0, 0
374401, 17709, 1, 0, 0
374500, 17446, 1, 0, 0
374600, 16983, 1, 0, 0
374700, 15646, 1, 0, 0
374800, 17409, 1, 0, 0
374900, 14194, 1, 0, 0
375000, 13779, 1, 0, 0
375100, 14309, 1, 0, 0
375201, 17638, 1, 0, 0
375300, 14144, 1, 0, 0
375400, 14694, 1, 0, 0
375500, 16371, 1, 0, 0
375600, 16332, 1, 0, 0
375700, 14355, 1, 0, 0
375800, 15807, 1, 0, 0
375900, 16587, 1, 0, 0
376000, 14567, 1, 0, 0
376100, 14424, 1, 0, 0
376200, 15243, 1, 0, 0
376300, 15782, 1, 0, 0
376400, 16894, 1, 0, 0
376500, 16517, 1, 0, 0
376600, 16636, 1, 0, 0
376701, 19100, 1, 0, 0
376800, 19356, 1, 0, 0
376901, 15159, 1, 0, 0
377001, 13570, 1, 0, 0
377100, 13756, 1, 0, 0
377200, 16797, 1, 0, 0
377300, 16463, 1, 0, 0
377400, 13955, 1, 0, 0
377500, 15433, 1, 0, 0
377600, 17664, 1, 0, 0
377700, 19520, 1, 0, 0
377800, 14740, 1, 0, 0
377900, 15032, 1, 0, 0
378000, 17587, 1, 0, 0
378100, 14572, 1, 0, 0
378200, 18573, 1, 0, 0
378300, 19093, 1, 0, 0
378400, 18330, 1, 0, 0
378501, 19155, 1, 0, 0
378601, 12520, 1, 0, 0
378700, 18655, 1, 0, 0
378800, 16930, 1, 0, 0
378900, 14664, 1, 0, 0
379000, 13763, 1, 0, 0
379100, 16336, 1, 0, 0
379200, 14049, 1, 0, 0
379301, 16183, 1, 0, 0
379401, 17220, 1, 0, 0
379500, 13445, 1, 0, 0
379600, 13591, 1, 0, 0
379700, 16723, 1, 0, 0
379800, 13678, 1, 0, 0
379900, 15160, 1, 0, 0
380000, 17725, 1, 0, 0
380100, 17519, 1, 0, 0
380200, 15567, 1, 0, 0
380300, 17215, 1, 0, 0
380400, 14379, 1, 0, 0
380500, 17281, 1, 0, 0
380600, 15222, 1, 0, 0
380700, 16750, 1, 0, 0
380801, 13998, 1, 0, 0
380900, 18069, 1, 0, 0
381000, 15392, 1, 0, 0
381100, 15303, 1, 0, 0
381200, 13193, 1, 0, 0
381300, 13823, 1, 0, 0
381400, 17070, 1, 0, 0
381500, 17938, 1, 0, 0
381600, 14469, 1, 0, 0
381700, 17823, 1, 0, 0
381800, 14952, 1, 0, 0
381900, 15795, 1, 0, 0
382000, 14725, 1, 0, 0
382100, 15814, 1, 0, 0
382202, 14404, 1, 0, 0
382301, 14909, 1, 0, 0
382400, 15821, 1, 0, 0
382500, 14991, 1, 0, 0
382600, 22020, 1, 0, 0
382700, 15756, 1, 0, 0
382800, 15990, 1, 0, 0
382900, 19773, 1, 0, 0
383000, 15541, 1, 0, 0
383100, 13205, 1, 0, 0
383200, 14719, 1, 0, 0
383300, 16159, 1, 0, 0
383400, 15298, 1, 0, 0
383501, 19572, 1, 0, 0
383600, 17948, 1, 0, 0
383700, 16080, 1, 0, 0
383800, 13875, 1, 0, 0
383900, 14261, 1, 0, 0
384000, 19077, 1, 0, 0
384100, 15615, 1, 0, 0
384200, 16933, 1, 0, 0
384301, 20871, 1, 0, 0
384400, 14083, 1, 0, 0
384500, 14557, 1, 0, 0
384600, 17387, 1, 0, 0
384700, 15094, 1, 0, 0
384800, 13838, 1, 0, 0
384901, 15273, 1, 0, 0
385000, 14898, 1, 0, 0
385100, 14039, 1, 0, 0
385200, 12517, 1, 0, 0
385300, 19106, 1, 0, 0
385400, 16763, 1, 0, 0
385500, 15673, 1, 0, 0
385600, 16578, 1, 0, 0
385700, 17041, 1, 0, 0
385800, 14433, 1, 0, 0
385900, 16726, 1, 0, 0
386000, 14941, 1, 0, 0
386100, 15907, 1, 0, 0
386200, 19277, 1, 0, 0
386300, 14514, 1, 0, 0
386400, 15308, 1, 0, 0
386500, 19488, 1, 0, 0
386600, 15845, 1, 0, 0
386700, 17462, 1, 0, 0
386800, 15266, 1, 0, 0
386900, 16961, 1, 0, 0
387000, 16975, 1, 0, 0
387100, 14070, 1, 0, 0
387200, 15728, 1, 0, 0
387300, 13407, 1, 0, 0
387400, 13229, 1, 0, 0
387500, 16682, 1, 0, 0
387600, 15330, 1, 0, 0
387700, 18395, 1, 0, 0
387800, 17343, 1, 0, 0
387900, 19917, 1, 0, 0
388000, 17652, 1, 0, 0
388101, 18297, 1, 0, 0
388200, 13667, 1, 0, 0
388300, 16171, 1, 0, 0
388400, 19624, 1, 0, 0
388500, 16866, 1, 0, 0
388600, 18705, 1, 0, 0
388700, 15370, 1, 0, 0
388801, 16740, 1, 0, 0
388900, 17202, 1, 0, 0
389000, 14069, 1, 0, 0
389100, 13295, 1, 0, 0
389200, 16873, 1, 0, 0
389300, 17391, 1, 0, 0
389400, 15190, 1, 0, 0
389500, 14189, 1, 0, 0
389600, 15948, 1, 0, 0
389700, 18182, 1, 0, 0
389800, 20093, 1, 0, 0
389900, 15131, 1, 0, 0
390000, 18655, 1, 0, 0
390101, 13296, 1, 0, 0
390200, 14139, 1, 0, 0
390300, 14057, 1, 0, 0
390400, 16790, 1, 0, 0
390500, 14367, 1, 0, 0
390600, 16099, 1, 0, 0
390700, 18085, 1, 0, 0
390800, 13319, 1, 0, 0
390900, 14317, 1, 0, 0
391000, 13956, 1, 0, 0
391100, 14926, 1, 0, 0
391200, 20779, 1, 0, 0
391300, 16869, 1, 0, 0
391400, 14396, 1, 0, 0
391500, 13990, 1, 0, 0
391600, 15519, 1, 0, 0
391700, 15642, 1, 0, 0
391800, 14903, 1, 0, 0
391900, 18542, 1, 0, 0
392000, 16127, 1, 0, 0
392100, 17936, 1, 0, 0
392200, 15669, 1, 0, 0
392300, 19305, 1, 0, 0
392400, 15740, 1, 0, 0
392500, 13278, 1, 0, 0
392601, 13551, 1, 0, 0
392700, 15688, 1, 0, 0
392800, 15844, 1, 0, 0
392900, 15147, 1, 0, 0
393000, 15095, 1, 0, 0
393100, 13155, 1, 0, 0
393200, 14287, 1, 0, 0
393300, 18932, 1, 0, 0
393400, 19169, 1, 0, 0
393500, 14935, 1, 0, 0
393600, 15092, 1, 0, 0
393700, 12379, 1, 0, 0
393800, 15384, 1, 0, 0
393900, 13151, 1, 0, 0
394000, 14960, 1, 0, 0
394100, 13829, 1, 0, 0
394200, 13617, 1, 0, 0
394300, 15728, 1, 0, 0
394400, 14748, 1, 0, 0
394500, 14034, 1, 0, 0
394600, 17487, 1, 0, 0
394700, 16318, 1, 0, 0
394800, 15744, 1, 0, 0
394900, 16623, 1, 0, 0
395001, 15535, 1, 0, 0
395100, 18589, 1, 0, 0
395200, 16162, 1, 0, 0
395300, 16459, 1, 0, 0
395400, 16785, 1, 0, 0
395500, 15673, 1, 0, 0
395600, 14841, 1, 0, 0
395700, 20267, 1, 0, 0
395800, 19212, 1, 0, 0
395900, 13500, 1, 0, 0
396000, 15803, 1, 0, 0
396100, 15514, 1, 0, 0
396200, 17940, 1, 0, 0
396300, 14263, 1, 0, 0
396400, 15024, 1, 0, 0
396500, 13169, 1, 0, 0
396600, 14734, 1, 0, 0
396700, 14465, 1, 0, 0
396800, 14992, 1, 0, 0
396900, 14601, 1, 0, 0
397000, 15429, 1, 0, 0
397100, 15180, 1, 0, 0
397200, 13461, 1, 0, 0
397300, 18363, 1, 0, 0
397400, 13883, 1, 0, 0
397500, 15619, 1, 0, 0
397600, 17210, 1, 0, 0
397700, 17187, 1, 0, 0
397800, 14335, 1, 0, 0
397900, 15734, 1, 0, 0
398001, 16323, 1, 0, 0
398100, 15575, 1, 0, 0
398200, 16206, 1, 0, 0
398300, 18120, 1, 0, 0
398400, 16112, 1, 0, 0
398500, 14987, 1, 0, 0
398600, 20248, 1, 0, 0
398700, 16813, 1, 0, 0
398800, 18243, 1, 0, 0
398900, 13462, 1, 0, 0
399000, 13301, 1, 0, 0
399100, 16724, 1, 0, 0
399200, 16456, 1, 0, 0
399300, 13895, 1, 0, 0
399400, 16797, 1, 0, 0
399500, 14991, 1, 0, 0
399600, 15858, 1, 0, 0
399700, 15977, 1, 0, 0
399801, 16241, 1, 0, 0
399900, 17547, 1, 0, 0
400000, 19931, 1, 0, 0
400100, 15711, 1, 0, 0
400201, 14481, 1, 0, 0
400300, 15883, 1, 0, 0
400400, 20103, 1, 0, 0
400500, 18452, 1, 0, 0
400600, 17459, 1, 0, 0
400700, 14535, 1, 0, 0
400800, 17091, 1, 0, 0
400900, 16677, 1, 0, 0
401000, 17283, 1, 0, 0
401100, 15401, 1, 0, 0
401200, 15138, 1, 0, 0
401300, 15262, 1, 0, 0
401400, 16798, 1, 0, 0
401500, 13194, 1, 0, 0
401600, 13381, 1, 0, 0
401700, 20621, 1, 0, 0
401800, 14671, 1, 0, 0
401900, 13914, 1, 0, 0
402000, 14555, 1, 0, 0
402100, 12863, 1, 0, 0
402200, 12566, 1, 0, 0
402300, 17210, 1, 0, 0
402400, 16849, 1, 0, 0
402500, 15911, 1, 0, 0
402600, 12795, 1, 0, 0
402700, 16859, 1, 0, 0
402800, 14470, 1, 0, 0
402900, 18459, 1, 0, 0
403000, 15737, 1, 0, 0
403100, 16442, 1, 0, 0
403200, 17319, 1, 0, 0
403300, 17723, 1, 0, 0
403400, 15282, 1, 0, 0
403500, 13996, 1, 0, 0
403600, 15916, 1, 0, 0
403700, 16757, 1, 0, 0
403800, 14531, 1, 0, 0
403900, 16787, 1, 0, 0
404000, 13132, 1, 0, 0
404100, 13366, 1, 0, 0
404200, 15553, 1, 0, 0
404300, 13342, 1, 0, 0
404400, 12659, 1, 0, 0
404500, 18215, 1, 0, 0
404600, 18073, 1, 0, 0
404700, 17326, 1, 0, 0
404800, 15975, 1, 0, 0
404900, 18847, 1, 0, 0
405000, 15146, 1, 0, 0
405100, 14175, 1, 0, 0
405200, 17570, 1, 0, 0
405300, 17722, 1, 0, 0
405400, 19166, 1, 0, 0
405500, 17169, 1, 0, 0
405601, 14776, 1, 0, 0
405700, 17210, 1, 0, 0
405800, 16967, 1, 0, 0
405901, 17399, 1, 0, 0
406000, 17716, 1, 0, 0
406100, 16723, 1, 0, 0
406200, 17404, 1, 0, 0
406300, 15005, 1, 0, 0
406400, 16856, 1, 0, 0
406500, 17270, 1, 0, 0
406600, 14000, 1, 0, 0
406700, 17467, 1, 0, 0
406800, 16099, 1, 0, 0
406900, 13868, 1, 0, 0
407000, 13122, 1, 0, 0
407101, 15639, 1, 0, 0
407200, 14428, 1, 0, 0
407301, 18195, 1, 0, 0
407400, 15882, 1, 0, 0
407500, 15175, 1, 0, 0
407600, 16971, 1, 0, 0
407700, 13773, 1, 0, 0
407800, 19014, 1, 0, 0
407900, 16529, 1, 0, 0
408000, 14307, 1, 0, 0
408100, 16806, 1, 0, 0
408200, 17521, 1, 0, 0
408300, 18757, 1, 0, 0
408400, 18124, 1, 0, 0
408500, 20040, 1, 0, 0
408600, 17980, 1, 0, 0
408700, 19068, 1, 0, 0
408800, 16476, 1, 0, 0
408900, 15705, 1, 0, 0
409000, 16860, 1, 0, 0
409100, 13133, 1, 0, 0
409201, 16021, 1, 0, 0
409301, 14626, 1, 0, 0
409400, 15367, 1, 0, 0
409500, 14972, 1, 0, 0
409600, 16790, 1, 0, 0
409700, 20651, 1, 0, 0
409800, 17956, 1, 0, 0
409900, 18144, 1, 0, 0
410001, 16612, 1, 0, 0
410100, 15953, 1, 0, 0
410200, 16816, 1, 0, 0
410300, 15980, 1, 0, 0
410400, 14885, 1, 0, 0
410500, 15355, 1, 0, 0
410600, 14156, 1, 0, 0
410700, 16125, 1, 0, 0
410800, 15892, 1, 0, 0
410901, 14172, 1, 0, 0
411000, 16493, 1, 0, 0
411101, 13643, 1, 0, 0
411201, 16251, 1, 0, 0
411300, 16397, 1, 0, 0
411400, 15772, 1, 0, 0
411500, 14155, 1, 0, 0
411600, 16778, 1, 0, 0
411700, 19000, 1, 0, 0
411800, 15649, 1, 0, 0
411900, 18811, 1, 0, 0
412000, 13980, 1, 0, 0
412100, 14095, 1, 0, 0
412201, 16592, 1, 0, 0
412300, 13599, 1, 0, 0
412400, 15579, 1, 0, 0
412500, 17433, 1, 0, 0
412600, 14622, 1, 0, 0
412700, 15137, 1, 0, 0
412800, 15347, 1, 0, 0
412900, 15003, 1, 0, 0
413000, 14542, 1, 0, 0
413100, 14328, 1, 0, 0
413200, 14236, 1, 0, 0
413300, 14637, 1, 0, 0
413400, 13375, 1, 0, 0
413500, 15237, 1, 0, 0
413601, 18581, 1, 0, 0
413700, 15006, 1, 0, 0
413800, 13982, 1, 0, 0
413900, 14105, 1, 0, 0
414000, 14319, 1, 0, 0
414100, 13042, 1, 0, 0
414200, 15981, 1, 0, 0
414300, 14319, 1, 0, 0
414400, 15893, 1, 0, 0
414500, 15741, 1, 0, 0
414600, 16148, 1, 0, 0
414700, 20203, 1, 0, 0
414800, 18080, 1, 0, 0
414900, 14774, 1, 0, 0
415000, 13781, 1, 0, 0
415100, 16099, 1, 0, 0
415200, 14533, 1, 0, 0
415300, 15147, 1, 0, 0
415400, 14623, 1, 0, 0
415500, 15961, 1, 0, 0
415600, 19482, 1, 0, 0
415700, 15724, 1, 0, 0
415800, 16446, 1, 0, 0
415900, 15241, 1, 0, 0
416000, 15446, 1, 0, 0
416100, 13628, 1, 0, 0
416200, 16621, 1, 0, 0
416300, 14285, 1, 0, 0
416400, 18729, 1, 0, 0
416500, 19754, 1, 0, 0
416600, 17195, 1, 0, 0
416700, 17851, 1, 0, 0
416800, 19884, 1, 0, 0
416900, 18832, 1, 0, 0
417000, 15803, 1, 0, 0
417100, 13138, 1, 0, 0
417200, 14675, 1, 0, 0
417300, 15780, 1, 0, 0
417400, 13136, 1, 0, 0
417500, 15638, 1, 0, 0
417600, 15826, 1, 0, 0
417700, 15342, 1, 0, 0
417800, 14234, 1, 0, 0
417900, 15759, 1, 0, 0
418000, 13544, 1, 0, 0
418100, 15287, 1, 0, 0
418200, 17835, 1, 0, 0
418300, 17829, 1, 0, 0
418400, 14615, 1, 0, 0
418500, 13600, 1, 0, 0
418600, 17148, 1, 0, 0
418700, 17428, 1, 0, 0
418800, 16179, 1, 0, 0
418900, 18105, 1, 0, 0
419000, 12527, 1, 0, 0
419100, 14727, 1, 0, 0
419200, 15082, 1, 0, 0
419300, 19146, 1, 0, 0
419400, 16269, 1, 0, 0
419500, 13387, 1, 0, 0
419600, 14619, 1, 0, 0
419700, 19543, 1, 0, 0
419800, 14753, 1, 0, 0
419900, 15218, 1, 0, 0
420000, 16896, 1, 0, 0
420100, 16868, 1, 0, 0
420200, 16051, 1, 0, 0
420300, 15669, 1, 0, 0
420400, 15692, 1, 0, 0
420500, 16658, 1, 0, 0
420600, 16136, 1, 0, 0
420700, 15242, 1, 0, 0
420800, 17432, 1, 0, 0
420900, 14941, 1, 0, 0
421000, 16622, 1, 0, 0
421101, 13860, 1, 0, 0
421201, 14886, 1, 0, 0
421300, 16355, 1, 0, 0
421400, 14911, 1, 0, 0
421500, 14569, 1, 0, 0
421601, 13282, 1, 0, 0
421700, 16731, 1, 0, 0
421800, 18779, 1, 0, 0
421900, 15822, 1, 0, 0
422001, 14709, 1, 0, 0
422101, 13782, 1, 0, 0
422200, 13630, 1, 0, 0
422300, 14320, 1, 0, 0
422400, 15195, 1, 0, 0
422500, 16276, 1, 0, 0
422600, 19144, 1, 0, 0
422700, 16876, 1, 0, 0
422800, 15630, 1, 0, 0
422900, 14858, 1, 0, 0
423000, 16738, 1, 0, 0
423100, 17977, 1, 0, 0
423200, 14662, 1, 0, 0
423301, 17148, 1, 0, 0
423400, 14842, 1, 0, 0
423500, 18259, 1, 0, 0
423600, 16712, 1, 0, 0
423700, 16466, 1, 0, 0
423800, 14621, 1, 0, 0
423900, 17551, 1, 0, 0
424000, 16163, 1, 0, 0
424100, 14683, 1, 0, 0
424200, 13563, 1, 0, 0
424300, 13154, 1, 0, 0
424400, 14586, 1, 0, 0
424500, 16527, 1, 0, 0
424600, 14859, 1, 0, 0
424701, 15651, 1, 0, 0
424800, 16052, 1, 0, 0
424900, 18416, 1, 0, 0
425000, 15522, 1, 0, 0
425100, 14638, 1, 0, 0
425200, 14328, 1, 0, 0
425300, 14684, 1, 0, 0
425400, 18141, 1, 0, 0
425500, 16531, 1, 0, 0
425600, 13857, 1, 0, 0
425700, 13631, 1, 0, 0
425800, 15920, 1, 0, 0
425900, 13759, 1, 0, 0
426000, 18270, 1, 0, 0
426100, 16342, 1, 0, 0
426201, 15800, 1, 0, 0
426301, 13856, 1, 0, 0
426400, 12923, 1, 0, 0
426500, 15518, 1, 0, 0
426600, 17668, 1, 0, 0
426700, 17698, 1, 0, 0
426800, 16609, 1, 0, 0
426900, 16165, 1, 0, 0
427001, 18711, 1, 0, 0
427101, 13226, 1, 0, 0
427200, 14305, 1, 0, 0
427300, 15997, 1, 0, 0
427400, 14481, 1, 0, 0
427500, 18052, 1, 0, 0
427600, 17017, 1, 0, 0
427700, 18424, 1, 0, 0
427800, 14430, 1, 0, 0
427900, 13567, 1, 0, 0
428000, 13477, 1, 0, 0
428101, 15852, 1, 0, 0
428200, 21243, 1, 0, 0
428300, 17012, 1, 0, 0
428400, 16164, 1, 0, 0
428500, 17270, 1, 0, 0
428600, 15520, 1, 0, 0
428700, 15238, 1, 0, 0
428800, 20108, 1, 0, 0
428900, 19942, 1, 0, 0
429000, 16605, 1, 0, 0
429100, 15837, 1, 0, 0
429201, 16377, 1, 0, 0
429300, 17580, 1, 0, 0
429401, 14611, 1, 0, 0
429500, 16505, 1, 0, 0
429600, 16094, 1, 0, 0
429701, 16004, 1, 0, 0
429800, 18133, 1, 0, 0
429900, 14948, 1, 0, 0
430001, 15188, 1, 0, 0
430100, 17915, 1, 0, 0
430200, 15906, 1, 0, 0
430300, 15642, 1, 0, 0
430400, 14790, 1, 0, 0
430500, 14955, 1, 0, 0
430601, 16041, 1, 0, 0
430700, 16495, 1, 0, 0
430800, 16708, 1, 0, 0
430900, 16425, 1, 0, 0
431000, 18610, 1, 0, 0
431100, 14434, 1, 0, 0
431200, 15885, 1, 0, 0
431300, 20451, 1, 0, 0
431400, 15955, 1, 0, 0
431500, 14384, 1, 0, 0
431600, 15322, 1, 0, 0
431700, 15475, 1, 0, 0
431801, 16057, 1, 0, 0
431900, 14413, 1, 0, 0
432000, 14860, 1, 0, 0
432100, 15010, 1, 0, 0
432200, 18816, 1, 0, 0
432300, 18162, 1, 0, 0
432400, 16660, 1, 0, 0
432500, 16994, 1, 0, 0
432600, 19084, 1, 0, 0
432700, 12581, 1, 0, 0
432800, 13506, 1, 0, 0
432901, 14862, 1, 0, 0
433000, 15065, 1, 0, 0
433100, 18157, 1, 0, 0
433200, 14251, 1, 0, 0
433300, 14066, 1, 0, 0
433400, 17136, 1, 0, 0
433500, 15324, 1, 0, 0
433600, 13898, 1, 0, 0
433701, 13992, 1, 0, 0
433800, 16749, 1, 0, 0
433900, 13763, 1, 0, 0
434000, 18514, 1, 0, 0
434100, 14079, 1, 0, 0
434200, 14190, 1, 0, 0
434300, 17634, 1, 0, 0
434400, 15727, 1, 0, 0
434500, 14254, 1, 0, 0
434600, 14540, 1, 0, 0
434700, 19351, 1, 0, 0
434800, 14735, 1, 0, 0
434900, 15413, 1, 0, 0
435000, 17649, 1, 0, 0
435100, 13976, 1, 0, 0
435201, 14711, 1, 0, 0
435300, 18351, 1, 0, 0
435400, 16520, 1, 0, 0
435500, 14785, 1, 0, 0
435600, 16239, 1, 0, 0
435700, 15537, 1, 0, 0
435800, 17974, 1, 0, 0
435900, 15555, 1, 0, 0
436000, 18702, 1, 0, 0
436100, 15238, 1, 0, 0
436200, 15608, 1, 0, 0
436300, 15198, 1, 0, 0
436400, 14485, 1, 0, 0
436500, 13654, 1, 0, 0
436600, 13585, 1, 0, 0
436700, 14784, 1, 0, 0
436800, 14680, 1, 0, 0
436900, 16013, 1, 0, 0
437000, 17643, 1, 0, 0
437100, 15576, 1, 0, 0
437200, 15656, 1, 0, 0
437300, 13802, 1, 0, 0
437400, 16180, 1, 0, 0
437500, 14092, 1, 0, 0
437601, 14259, 1, 0, 0
437700, 15720, 1, 0, 0
437800, 17755, 1, 0, 0
437900, 16541, 1, 0, 0
438001, 19432, 1, 0, 0
438100, 14765, 1, 0, 0
438200, 16033, 1, 0, 0
438300, 15499, 1, 0, 0
438400, 15929, 1, 0, 0
438500, 14084, 1, 0, 0
438600, 13074, 1, 0, 0
438700, 14392, 1, 0, 0
438800, 14328, 1, 0, 0
438900, 15810, 1, 0, 0
439000, 16417, 1, 0, 0
439100, 13709, 1, 0, 0
439200, 17371, 1, 0, 0
439300, 16078, 1, 0, 0
439400, 16777, 1, 0, 0
439500, 15522, 1, 0, 0
439600, 15537, 1, 0, 0
439700, 14696, 1, 0, 0
439800, 14449, 1, 0, 0
439900, 16445, 1, 0, 0
440000, 15659, 1, 0, 0
440100, 17575, 1, 0, 0
440200, 12500, 1, 0, 0
440300, 14749, 1, 0, 0
440400, 17590, 1, 0, 0
440500, 14608, 1, 0, 0
440600, 18152, 1, 0, 0
440700, 17190, 1, 0, 0
440800, 13018, 1, 0, 0
440900, 18771, 1, 0, 0
441000, 15741, 1, 0, 0
441100, 16389, 1, 0, 0
441201, 16955, 1, 0, 0
441300, 17021, 1, 0, 0
441400, 17468, 1, 0, 0
441500, 15619, 1, 0, 0
441600, 12925, 1, 0, 0
441700, 13792, 1, 0, 0
441800, 14329, 1, 0, 0
441900, 14645, 1, 0, 0
442000, 14350, 1, 0, 0
442101, 17389, 1, 0, 0
442200, 15360, 1, 0, 0
442300, 14670, 1, 0, 0
442400, 15184, 1, 0, 0
442500, 17833, 1, 0, 0
442600, 15743, 1, 0, 0
442700, 17818, 1, 0, 0
442801, 15971, 1, 0, 0
442900, 16912, 1, 0, 0
443000, 16225, 1, 0, 0
443100, 14244, 1, 0, 0
443200, 14649, 1, 0, 0
443300, 17232, 1, 0, 0
443400, 18293, 1, 0, 0
443500, 14879, 1, 0, 0
443600, 17826, 1, 0, 0
443700, 15601, 1, 0, 0
443800, 16141, 1, 0, 0
443900, 15866, 1, 0, 0
444000, 17147, 1, 0, 0
444100, 14688, 1, 0, 0
444200, 14533, 1, 0, 0
444300, 15091, 1, 0, 0
444400, 14746, 1, 0, 0
444500, 17116, 1, 0, 0
444600, 14208, 1, 0, 0
444700, 13320, 1, 0, 0
444800, 15519, 1, 0, 0
444900, 21558, 1, 0, 0
445000, 14714, 1, 0, 0
445101, 13880, 1, 0, 0
445200, 13834, 1, 0, 0
445300, 16332, 1, 0, 0
445400, 15489, 1, 0, 0
445500, 17735, 1, 0, 0
445600, 15046, 1, 0, 0
445700, 19449, 1, 0, 0
445800, 15811, 1, 0, 0
445901, 17982, 1, 0, 0
446000, 19960, 1, 0, 0
446100, 15794, 1, 0, 0
446200, 17717, 1, 0, 0
446300, 17836, 1, 0, 0
446401, 18036, 1, 0, 0
446500, 14306, 1, 0, 0
446600, 13900, 1, 0, 0
446700, 19149, 1, 0, 0
446800, 17241, 1, 0, 0
446900, 14817, 1, 0, 0
447000, 18774, 1, 0, 0
447100, 13554, 1, 0, 0
447200, 16226, 1, 0, 0
447300, 19753, 1, 0, 0
447400, 14158, 1, 0, 0
447500, 18943, 1, 0, 0
447600, 16476, 1, 0, 0
447700, 17636, 1, 0, 0
447800, 16920, 1, 0, 0
447900, 14756, 1, 0, 0
448000, 17245, 1, 0, 0
448100, 16123, 1, 0, 0
448200, 16503, 1, 0, 0
448300, 13721, 1, 0, 0
448400, 14770, 1, 0, 0
448500, 15096, 1, 0, 0
448600, 18663, 1, 0, 0
448700, 16361, 1, 0, 0
448800, 14733, 1, 0, 0
448901, 15599, 1, 0, 0
449000, 15046, 1, 0, 0
449100, 13592, 1, 0, 0
449201, 15568, 1, 0, 0
449300, 16729, 1, 0, 0
449400, 12568, 1, 0, 0
449500, 15708, 1, 0, 0
449600, 15432, 1, 0, 0
449700, 19667, 1, 0, 0
449800, 19387, 1, 0, 0
449900, 15764, 1, 0, 0
450000, 15090, 1, 0, 0
450100, 16791, 1, 0, 0
450200, 18066, 1, 0, 0
450300, 15925, 1, 0, 0
450400, 16152, 1, 0, 0
450500, 17881, 1, 0, 0
450601, 16996, 1, 0, 0
450700, 18459, 1, 0, 0
450800, 13830, 1, 0, 0
450900, 18926, 1, 0, 0
451001, 17269, 1, 0, 0
451100, 16412, 1, 0, 0
451201, 16488, 1, 0, 0
451300, 16736, 1, 0, 0
451400, 18312, 1, 0, 0
451500, 17044, 1, 0, 0
451600, 13979, 1, 0, 0
451700, 15861, 1, 0, 0
451800, 20093, 1, 0, 0
451900, 14838, 1, 0, 0
452000, 15370, 1, 0, 0
452102, 14690, 1, 0, 0
452200, 15267, 1, 0, 0
452300, 16537, 1, 0, 0
452400, 18657, 1, 0, 0
452501, 16448, 1, 0, 0
452600, 15165, 1, 0, 0
452700, 17075, 1, 0, 0
452800, 20766, 1, 0, 0
452900, 20233, 1, 0, 0
453002, 14574, 1, 0, 0
453101, 15037, 1, 0, 0
453201, 14364, 1, 0, 0
453300, 13923, 1, 0, 0
453400, 15518, 1, 0, 0
453500, 18168, 1, 0, 0
453600, 13782, 1, 0, 0
453700, 12813, 1, 0, 0
453800, 17609, 1, 0, 0
453900, 16560, 1, 0, 0
454000, 16223, 1, 0, 0
454100, 18464, 1, 0, 0
454200, 17878, 1, 0, 0
454300, 15371, 1, 0, 0
454400, 13303, 1, 0, 0
454500, 16918, 1, 0, 0
454600, 14593, 1, 0, 0
454700, 16893, 1, 0, 0
454801, 15610, 1, 0, 0
454900, 14982, 1, 0, 0
455000, 15352, 1, 0, 0
455101, 14880, 1, 0, 0
455200, 15712, 1, 0, 0
455300, 15023, 1, 0, 0
455400, 15730, 1, 0, 0
455500, 15000, 1, 0, 0
455600, 16391, 1, 0, 0
455701, 18781, 1, 0, 0
455800, 16384, 1, 0, 0
455900, 15445, 1, 0, 0
456000, 17023, 1, 0, 0
456100, 18163, 1, 0, 0
456200, 14486, 1, 0, 0
456300, 17294, 1, 0, 0
456400, 15228, 1, 0, 0
456500, 14459, 1, 0, 0
456601, 16095, 1, 0, 0
456700, 18439, 1, 0, 0
456800, 15386, 1, 0, 0
456900, 14808, 1, 0, 0
457000, 16396, 1, 0, 0
457100, 14209, 1, 0, 0
457200, 13774, 1, 0, 0
457301, 14595, 1, 0, 0
457400, 17651, 1, 0, 0
457502, 17501, 1, 0, 0
457600, 12725, 1, 0, 0
457700, 15033, 1, 0, 0
457800, 17289, 1, 0, 0
457900, 14750, 1, 0, 0
458000, 14955, 1, 0, 0
458100, 16491, 1, 0, 0
458200, 15959, 1, 0, 0
458300, 14731, 1, 0, 0
458400, 13224, 1, 0, 0
458500, 14225, 1, 0, 0
458600, 15651, 1, 0, 0
458700, 14436, 1, 0, 0
458800, 16799, 1, 0, 0
458900, 18712, 1, 0, 0
459000, 14222, 1, 0, 0
459100, 15410, 1, 0, 0
459200, 15652, 1, 0, 0
459300, 16004, 1, 0, 0
459400, 15230, 1, 0, 0
459500, 15731, 1, 0, 0
459600, 16537, 1, 0, 0
459700, 15273, 1, 0, 0
459800, 18389, 1, 0, 0
459900, 17956, 1, 0, 0
460000, 16947, 1, 0, 0
460100, 16339, 1, 0, 0
460200, 15944, 1, 0, 0
460300, 13642, 1, 0, 0
460400, 12595, 1, 0, 0
460500, 13978, 1, 0, 0
460600, 16375, 1, 0, 0
460700, 15925, 1, 0, 0
460800, 18014, 1, 0, 0
460900, 14804, 1, 0, 0
461000, 13327, 1, 0, 0
461100, 14472, 1, 0, 0
461200, 16553, 1, 0, 0
461300, 17916, 1, 0, 0
461400, 18042, 1, 0, 0
461500, 15908, 1, 0, 0
461600, 17515, 1, 0, 0
461700, 19015, 1, 0, 0
461800, 20805, 1, 0, 0
461900, 16540, 1, 0, 0
462000, 16210, 1, 0, 0
462100, 16203, 1, 0, 0
462200, 15690, 1, 0, 0
462300, 13276, 1, 0, 0
462400, 15202, 1, 0, 0
462500, 15579, 1, 0, 0
462600, 15372, 1, 0, 0
462700, 15533, 1, 0, 0
462800, 14028, 1, 0, 0
462900, 18018, 1, 0, 0
463000, 17925, 1, 0, 0
463100, 13838, 1, 0, 0
463200, 20022, 1, 0, 0
463300, 17439, 1, 0, 0
463400, 15635, 1, 0, 0
463500, 14834, 1, 0, 0
463600, 15024, 1, 0, 0
463700, 16491, 1, 0, 0
463800, 15090, 1, 0, 0
463900, 15520, 1, 0, 0
464000, 16351, 1, 0, 0
464100, 13928, 1, 0, 0
464200, 15767, 1, 0, 0
464300, 19577, 1, 0, 0
464400, 16196, 1, 0, 0
464500, 14101, 1, 0, 0
464600, 15896, 1, 0, 0
464700, 20253, 1, 0, 0
464800, 16077, 1, 0, 0
464900, 15564, 1, 0, 0
465000, 16933, 1, 0, 0
465100, 13906, 1, 0, 0
465200, 19352, 1, 0, 0
465300, 18404, 1, 0, 0
465400, 13339, 1, 0, 0
465500, 16348, 1, 0, 0
465600, 19296, 1, 0, 0
465700, 18396, 1, 0, 0
465800, 19566, 1, 0, 0
465900, 14267, 1, 0, 0
466000, 15674, 1, 0, 0
466100, 17152, 1, 0, 0
466200, 17355, 1, 0, 0
466300, 14686, 1, 0, 0
466400, 14072, 1, 0, 0
466500, 15901, 1, 0, 0
466600, 15038, 1, 0, 0
466700, 16348, 1, 0, 0
466800, 15746, 1, 0, 0
466900, 16957, 1, 0, 0
467000, 13167, 1, 0, 0
467100, 13755, 1, 0, 0
467201, 13505, 1, 0, 0
467300, 15122, 1, 0, 0
467400, 21080, 1, 0, 0
467500, 17355, 1, 0, 0
467600, 13836, 1, 0, 0
467700, 16455, 1, 0, 0
467800, 14513, 1, 0, 0
467900, 16407, 1, 0, 0
468000, 15334, 1, 0, 0
468100, 15455, 1, 0, 0
468200, 13565, 1, 0, 0
468300, 19338, 1, 0, 0
468401, 15481, 1, 0, 0
468500, 16178, 1, 0, 0
468600, 18562, 1, 0, 0
468700, 15041, 1, 0, 0
468800, 20379, 1, 0, 0
468900, 14828, 1, 0, 0
469001, 15461, 1, 0, 0
469100, 14686, 1, 0, 0
469200, 14897, 1, 0, 0
469300, 13941, 1, 0, 0
469400, 16522, 1, 0, 0
469500, 14096, 1, 0, 0
469600, 14538, 1, 0, 0
469700, 15927, 1, 0, 0
469800, 14119, 1, 0, 0
469900, 17594, 1, 0, 0
470000, 16201, 1, 0, 0
470100, 18396, 1, 0, 0
470200, 16106, 1, 0, 0
470300, 16494, 1, 0, 0
470400, 20294, 1, 0, 0
470500, 14270, 1, 0, 0
470600, 17327, 1, 0, 0
470700, 13051, 1, 0, 0
470800, 13335, 1, 0, 0
470900, 17988, 1, 0, 0
471000, 14857, 1, 0, 0
471100, 14621, 1, 0, 0
471200, 18355, 1, 0, 0
471300, 14689, 1, 0, 0
471401, 15704, 1, 0, 0
471500, 14827, 1, 0, 0
471600, 14241, 1, 0, 0
471700, 18296, 1, 0, 0
471800, 15018, 1, 0, 0
471900, 14521, 1, 0, 0
472000, 16871, 1, 0, 0
472100, 14214, 1, 0, 0
472200, 14016, 1, 0, 0
472301, 15852, 1, 0, 0
472400, 15357, 1, 0, 0
472500, 20582, 1, 0, 0
472600, 16700, 1, 0, 0
472700, 18244, 1, 0, 0
472800, 18086, 1, 0, 0
472900, 13760, 1, 0, 0
473001, 13481, 1, 0, 0
473100, 13873, 1, 0, 0
473200, 13809, 1, 0, 0
473300, 17313, 1, 0, 0
473400, 16477, 1, 0, 0
473500, 18337, 1, 0, 0
473600, 16462, 1, 0, 0
473700, 15417, 1, 0, 0
473800, 15879, 1, 0, 0
473900, 13598, 1, 0, 0
474000, 16448, 1, 0, 0
474100, 14922, 1, 0, 0
474200, 14934, 1, 0, 0
474300, 16414, 1, 0, 0
474400, 17654, 1, 0, 0
474500, 17222, 1, 0, 0
474600, 17446, 1, 0, 0
474700, 15797, 1, 0, 0
474800, 14633, 1, 0, 0
474900, 15424, 1, 0, 0
475000, 14440, 1, 0, 0
475100, 17023, 1, 0, 0
475200, 14102, 1, 0, 0
475300, 16500, 1, 0, 0
475400, 16879, 1, 0, 0
475500, 14018, 1, 0, 0
475600, 15232, 1, 0, 0
475700, 15746, 1, 0, 0
475800, 17344, 1, 0, 0
475900, 17057, 1, 0, 0
476000, 14276, 1, 0, 0
476100, 14617, 1, 0, 0
476200, 17116, 1, 0, 0
476300, 13043, 1, 0, 0
476400, 14926, 1, 0, 0
476500, 19703, 1, 0, 0
476600, 17353, 1, 0, 0
476700, 15368, 1, 0, 0
476802, 17202, 1, 0, 0
476900, 16937, 1, 0, 0
477000, 17011, 1, 0, 0
477100, 16058, 1, 0, 0
477200, 14513, 1, 0, 0
477300, 17929, 1, 0, 0
477400, 15605, 1, 0, 0
477500, 16438, 1, 0, 0
477600, 16070, 1, 0, 0
477700, 13859, 1, 0, 0
477800, 18789, 1, 0, 0
477900, 14398, 1, 0, 0
478000, 14904, 1, 0, 0
478100, 16665, 1, 0, 0
478200, 13973, 1, 0, 0
478300, 15641, 1, 0, 0
478400, 17622, 1, 0, 0
478500, 15240, 1, 0, 0
478600, 18450, 1, 0, 0
478700, 13703, 1, 0, 0
478801, 13528, 1, 0, 0
478900, 18476, 1, 0, 0
479000, 17076, 1, 0, 0
479100, 17683, 1, 0, 0
479200, 19329, 1, 0, 0
479300, 14362, 1, 0, 0
479400, 14136, 1, 0, 0
479500, 15265, 1, 0, 0
479600, 16966, 1, 0, 0
479700, 15960, 1, 0, 0
479801, 14280, 1, 0, 0
479900, 16217, 1, 0, 0
480000, 13281, 1, 0, 0
480100, 15019, 1, 0, 0
480201, 19051, 1, 0, 0
480300, 12769, 1, 0, 0
480400, 13438, 1, 0, 0
480500, 15116, 1, 0, 0
480600, 17551, 1, 0, 0
480700, 15942, 1, 0, 0
480800, 13369, 1, 0, 0
480900, 19023, 1, 0, 0
481000, 15234, 1, 0, 0
481100, 17000, 1, 0, 0
481200, 13737, 1, 0, 0
481300, 15423, 1, 0, 0
481400, 13804, 1, 0, 0
481500, 19207, 1, 0, 0
481600, 17361, 1, 0, 0
481700, 16351, 1, 0, 0
481800, 20843, 1, 0, 0
481900, 16508, 1, 0, 0
482000, 16252, 1, 0, 0
482100, 17757, 1, 0, 0
482201, 19020, 1, 0, 0
482300, 15215, 1, 0, 0
482400, 13260, 1, 0, 0
482500, 13269, 1, 0, 0
482601, 14750, 1, 0, 0
482700, 14570, 1, 0, 0
482800, 14274, 1, 0, 0
482900, 14219, 1, 0, 0
483000, 16762, 1, 0, 0
483101, 16019, 1, 0, 0
483200, 18079, 1, 0, 0
483300, 14393, 1, 0, 0
483400, 15078, 1, 0, 0
483500, 15792, 1, 0, 0
483601, 14018, 1, 0, 0
483700, 18186, 1, 0, 0
483800, 13944, 1, 0, 0
483901, 19468, 1, 0, 0
484000, 17182, 1, 0, 0
484100, 14225, 1, 0, 0
484200, 13942, 1, 0, 0
484300, 13651, 1, 0, 0
484400, 15117, 1, 0, 0
484500, 15964, 1, 0, 0
484601, 13199, 1, 0, 0
484700, 16259, 1, 0, 0
484800, 18552, 1, 0, 0
484900, 17189, 1, 0, 0
485000, 15311, 1, 0, 0
485100, 13109, 1, 0, 0
485200, 14599, 1, 0, 0
485300, 18120, 1, 0, 0
485400, 16310, 1, 0, 0
485500, 13906, 1, 0, 0
485600, 16361, 1, 0, 0
485700, 13767, 1, 0, 0
485800, 14278, 1, 0, 0
485900, 17839, 1, 0, 0
486000, 17499, 1, 0, 0
486100, 15166, 1, 0, 0
486200, 14367, 1, 0, 0
486300, 16884, 1, 0, 0
486400, 16413, 1, 0, 0
486500, 18772, 1, 0, 0
486600, 14946, 1, 0, 0
486701, 13514, 1, 0, 0
486800, 13838, 1, 0, 0
486900, 14483, 1, 0, 0
487000, 14287, 1, 0, 0
487100, 14843, 1, 0, 0
487200, 17702, 1, 0, 0
487300, 13957, 1, 0, 0
487400, 17432, 1, 0, 0
487500, 14985, 1, 0, 0
487600, 15443, 1, 0, 0
487700, 14334, 1, 0, 0
487800, 14131, 1, 0, 0
487900, 14654, 1, 0, 0
488000, 14413, 1, 0, 0
488100, 15579, 1, 0, 0
488200, 13671, 1, 0, 0
488300, 14835, 1, 0, 0
488400, 17818, 1, 0, 0
488500, 18213, 1, 0, 0
488600, 16941, 1, 0, 0
488700, 18775, 1, 0, 0
488800, 13708, 1, 0, 0
488900, 20822, 1, 0, 0
489000, 17822, 1, 0, 0
489101, 18196, 1, 0, 0
489200, 15497, 1, 0, 0
489300, 16213, 1, 0, 0
489400, 17233, 1, 0, 0
489500, 15242, 1, 0, 0
489600, 14442, 1, 0, 0
489700, 14707, 1, 0, 0
489800, 15446, 1, 0, 0
489900, 13619, 1, 0, 0
490000, 18373, 1, 0, 0
490100, 14328, 1, 0, 0
490200, 15549, 1, 0, 0
490300, 15088, 1, 0, 0
490400, 13794, 1, 0, 0
490500, 14835, 1, 0, 0
490600, 13367, 1, 0, 0
490700, 13591, 1, 0, 0
490800, 15366, 1, 0, 0
490900, 15345, 1, 0, 0
491001, 15861, 1, 0, 0
491100, 17766, 1, 0, 0
491200, 14705, 1, 0, 0
491300, 18004, 1, 0, 0
491400, 19388, 1, 0, 0
491500, 14397, 1, 0, 0
491600, 15515, 1, 0, 0
491700, 15121, 1, 0, 0
491800, 14249, 1, 0, 0
491900, 14502, 1, 0, 0
492000, 19082, 1, 0, 0
492100, 20455, 1, 0, 0
492200, 15326, 1, 0, 0
492300, 16201, 1, 0, 0
492400, 17304, 1, 0, 0
492500, 18240, 1, 0, 0
492600, 16189, 1, 0, 0
492700, 16393, 1, 0, 0
492800, 17321, 1, 0, 0
492900, 16046, 1, 0, 0
493000, 15611, 1, 0, 0
493100, 14714, 1, 0, 0
493200, 16216, 1, 0, 0
493300, 15474, 1, 0, 0
493401, 16778, 1, 0, 0
493500, 16358, 1, 0, 0
493600, 15118, 1, 0, 0
493700, 16525, 1, 0, 0
493800, 14263, 1, 0, 0
493900, 16924, 1, 0, 0
494000, 14248, 1, 0, 0
494100, 17617, 1, 0, 0
494200, 15715, 1, 0, 0
494300, 16402, 1, 0, 0
494400, 18416, 1, 0, 0
494500, 19305, 1, 0, 0
494601, 16100, 1, 0, 0
494700, 15268, 1, 0, 0
494800, 20481, 1, 0, 0
494900, 19196, 1, 0, 0
495000, 14304, 1, 0, 0
495100, 20455, 1, 0, 0
495200, 16231, 1, 0, 0
495300, 16357, 1, 0, 0
495400, 21841, 1, 0, 0
495500, 19058, 1, 0, 0
495600, 15704, 1, 0, 0
495700, 16720, 1, 0, 0
495800, 17724, 1, 0, 0
495900, 13557, 1, 0, 0
496000, 13403, 1, 0, 0
496100, 15191, 1, 0, 0
496200, 16095, 1, 0, 0
496300, 14064, 1, 0, 0
496400, 14914, 1, 0, 0
496500, 14975, 1, 0, 0
496600, 16781, 1, 0, 0
496700, 15575, 1, 0, 0
496801, 17629, 1, 0, 0
496900, 19321, 1, 0, 0
497001, 14459, 1, 0, 0
497100, 18968, 1, 0, 0
497200, 14553, 1, 0, 0
497300, 15540, 1, 0, 0
497400, 15076, 1, 0, 0
497500, 20463, 1, 0, 0
497600, 16783, 1, 0, 0
497700, 16584, 1, 0, 0
497800, 19651, 1, 0, 0
497900, 15412, 1, 0, 0
498000, 16489, 1, 0, 0
498100, 16460, 1, 0, 0
498200, 14103, 1, 0, 0
498300, 16653, 1, 0, 0
498400, 14672, 1, 0, 0
498500, 15673, 1, 0, 0
498600, 18184, 1, 0, 0
498700, 13797, 1, 0, 0
498800, 14077, 1, 0, 0
498901, 16724, 1, 0, 0
499000, 15089, 1, 0, 0
499100, 20073, 1, 0, 0
499200, 13487, 1, 0, 0
499300, 14171, 1, 0, 0
499400, 14315, 1, 0, 0
499500, 16506, 1, 0, 0
499600, 16159, 1, 0, 0
499700, 13977, 1, 0, 0
499800, 17270, 1, 0, 0
499902, 16666, 1, 0, 0
500000, 15210, 1, 0, 0
500100, 15606, 1, 0, 0
500200, 18695, 1, 0, 0
500300, 16147, 1, 0, 0
500400, 14099, 1, 0, 0
500500, 14263, 1, 0, 0
500600, 12982, 1, 0, 0
500700, 16090, 1, 0, 0
500800, 15711, 1, 0, 0
500900, 14336, 1, 0, 0
501000, 15022, 1, 0, 0
501100, 15944, 1, 0, 0
501200, 16752, 1, 0, 0
501300, 16858, 1, 0, 0
501400, 19942, 1, 0, 0
501500, 14198, 1, 0, 0
501600, 19586, 1, 0, 0
501700, 15770, 1, 0, 0
501800, 16061, 1, 0, 0
501900, 18272, 1, 0, 0
502000, 13053, 1, 0, 0
502101, 16759, 1, 0, 0
502200, 14793, 1, 0, 0
502301, 14792, 1, 0, 0
502400, 16785, 1, 0, 0
502500, 19481, 1, 0, 0
502600, 17412, 1, 0, 0
502700, 17460, 1, 0, 0
502801, 15291, 1, 0, 0
502900, 15120, 1, 0, 0
503000, 14426, 1, 0, 0
503100, 14744, 1, 0, 0
503200, 15965, 1, 0, 0
503300, 16183, 1, 0, 0
503401, 14384, 1, 0, 0
503500, 14824, 1, 0, 0
503600, 16477, 1, 0, 0
503700, 13401, 1, 0, 0
503800, 18123, 1, 0, 0
503900, 13696, 1, 0, 0
504000, 13616, 1, 0, 0
504100, 15060, 1, 0, 0
504201, 16885, 1, 0, 0
504301, 13126, 1, 0, 0
504400, 17097, 1, 0, 0
504500, 15694, 1, 0, 0
504600, 15621, 1, 0, 0
504700, 16799, 1, 0, 0
504800, 13589, 1, 0, 0
504900, 16315, 1, 0, 0
505000, 14199, 1, 0, 0
505100, 17089, 1, 0, 0
505200, 17555, 1, 0, 0
505300, 14524, 1, 0, 0
505400, 15755, 1, 0, 0
505500, 15647, 1, 0, 0
505600, 14822, 1, 0, 0
505700, 17394, 1, 0, 0
505800, 14585, 1, 0, 0
505900, 20543, 1, 0, 0
506000, 15321, 1, 0, 0
506100, 12910, 1, 0, 0
506200, 16826, 1, 0, 0
506300, 19238, 1, 0, 0
506400, 18709, 1, 0, 0
506500, 18502, 1, 0, 0
506600, 14055, 1, 0, 0
506700, 15980, 1, 0, 0
506800, 14272, 1, 0, 0
506901, 14908, 1, 0, 0
507000, 12927, 1, 0, 0
507100, 14821, 1, 0, 0
507200, 13282, 1, 0, 0
507300, 12770, 1, 0, 0
507400, 17131, 1, 0, 0
507500, 19101, 1, 0, 0
507600, 15689, 1, 0, 0
507700, 18050, 1, 0, 0
507800, 14714, 1, 0, 0
507900, 19140, 1, 0, 0
508000, 16542, 1, 0, 0
508100, 13825, 1, 0, 0
508200, 17152, 1, 0, 0
508300, 16052, 1, 0, 0
508400, 16670, 1, 0, 0
508500, 15502, 1, 0, 0
508600, 20641, 1, 0, 0
508700, 15140, 1, 0, 0
508800, 15348, 1, 0, 0
508900, 17379, 1, 0, 0
509000, 17549, 1, 0, 0
509100, 18157, 1, 0, 0
509200, 15929, 1, 0, 0
509300, 18584, 1, 0, 0
509400, 13946, 1, 0, 0
509500, 13802, 1, 0, 0
509600, 15234, 1, 0, 0
509700, 20620, 1, 0, 0
509800, 15450, 1, 0, 0
509901, 20093, 1, 0, 0
510000, 14162, 1, 0, 0
510100, 18475, 1, 0, 0
510200, 21415, 1, 0, 0
510300, 13743, 1, 0, 0
510400, 13527, 1, 0, 0
510500, 17931, 1, 0, 0
510600, 20438, 1, 0, 0
510700, 16844, 1, 0, 0
510800, 16606, 1, 0, 0
510900, 16916, 1, 0, 0
511000, 17193, 1, 0, 0
511100, 15251, 1, 0, 0
511200, 18159, 1, 0, 0
511300, 18932, 1, 0, 0
511400, 13604, 1, 0, 0
511500, 15797, 1, 0, 0
511600, 13963, 1, 0, 0
511700, 15012, 1, 0, 0
511800, 13905, 1, 0, 0
511900, 12506, 1, 0, 0
512000, 19060, 1, 0, 0
512100, 15567, 1, 0, 0
512200, 14463, 1, 0, 0
512300, 16413, 1, 0, 0
512400, 15289, 1, 0, 0
512500, 14974, 1, 0, 0
512600, 14437, 1, 0, 0
512700, 13828, 1, 0, 0
512800, 14418, 1, 0, 0
512901, 15454, 1, 0, 0
513000, 15065, 1, 0, 0
513100, 15305, 1, 0, 0
513200, 15704, 1, 0, 0
513300, 16703, 1, 0, 0
513400, 18401, 1, 0, 0
513500, 16133, 1, 0, 0
513601, 20479, 1, 0, 0
513700, 14613, 1, 0, 0
513801, 19910, 1, 0, 0
513900, 15839, 1, 0, 0
514000, 14629, 1, 0, 0
514100, 15049, 1, 0, 0
514200, 16230, 1, 0, 0
514300, 19141, 1, 0, 0
514400, 15251, 1, 0, 0
514500, 13869, 1, 0, 0
514601, 18247, 1, 0, 0
514700, 13471, 1, 0, 0
514800, 17213, 1, 0, 0
514902, 14597, 1, 0, 0
515000, 15068, 1, 0, 0
515100, 16685, 1, 0, 0
515200, 13650, 1, 0, 0
515300, 16139, 1, 0, 0
515400, 17261, 1, 0, 0
515500, 15247, 1, 0, 0
515600, 15069, 1, 0, 0
515701, 13623, 1, 0, 0
515800, 18172, 1, 0, 0
515900, 17187, 1, 0, 0
516000, 15119, 1, 0, 0
516100, 17482, 1, 0, 0
516200, 14565, 1, 0, 0
516300, 14831, 1, 0, 0
516400, 15315, 1, 0, 0
516500, 14644, 1, 0, 0
516600, 16996, 1, 0, 0
516700, 14874, 1, 0, 0
516801, 16008, 1, 0, 0
516900, 18166, 1, 0, 0
517001, 15490, 1, 0, 0
517100, 16903, 1, 0, 0
517200, 16189, 1, 0, 0
517300, 14728, 1, 0, 0
517400, 14719, 1, 0, 0
517500, 15036, 1, 0, 0
517600, 14640, 1, 0, 0
517700, 17643, 1, 0, 0
517800, 16924, 1, 0, 0
517900, 14529, 1, 0, 0
518000, 17235, 1, 0, 0
518101, 15237, 1, 0, 0
518200, 17553, 1, 0, 0
518300, 14117, 1, 0, 0
518400, 13361, 1, 0, 0
518500, 15826, 1, 0, 0
518600, 14372, 1, 0, 0
518700, 19525, 1, 0, 0
518800, 13195, 1, 0, 0
518900, 14121, 1, 0, 0
519000, 17421, 1, 0, 0
519100, 15367, 1, 0, 0
519200, 15654, 1, 0, 0
519300, 17243, 1, 0, 0
519400, 16913, 1, 0, 0
519500, 16220, 1, 0, 0
519600, 16122, 1, 0, 0
519700, 14063, 1, 0, 0
519800, 19011, 1, 0, 0
519900, 14363, 1, 0, 0
520000, 16818, 1, 0, 0
520100, 15511, 1, 0, 0
520200, 17759, 1, 0, 0
520300, 17043, 1, 0, 0
520400, 13392, 1, 0, 0
520500, 16331, 1, 0, 0
520600, 15171, 1, 0, 0
520700, 16305, 1, 0, 0
520800, 13522, 1, 0, 0
520900, 13537, 1, 0, 0
521000, 13571, 1, 0, 0
521100, 13617, 1, 0, 0
521200, 13667, 1, 0, 0
521300, 15305, 1, 0, 0
521400, 14347, 1, 0, 0
521500, 15760, 1, 0, 0
521600, 13631, 1, 0, 0
521701, 15591, 1, 0, 0
521800, 17717, 1, 0, 0
521900, 16501, 1, 0, 0
522000, 16081, 1, 0, 0
522100, 14520, 1, 0, 0
522200, 19519, 1, 0, 0
522300, 17482, 1, 0, 0
522400, 16613, 1, 0, 0
522501, 16349, 1, 0, 0
522600, 14452, 1, 0, 0
522700, 13161, 1, 0, 0
522800, 14750, 1, 0, 0
522900, 12982, 1, 0, 0
523000, 17155, 1, 0, 0
523101, 14901, 1, 0, 0
523200, 13518, 1, 0, 0
523300, 15719, 1, 0, 0
523400, 15867, 1, 0, 0
523500, 15766, 1, 0, 0
523600, 13554, 1, 0, 0
523700, 19841, 1, 0, 0
523800, 14221, 1, 0, 0
523900, 14957, 1, 0, 0
524000, 16423, 1, 0, 0
524100, 15932, 1, 0, 0
524200, 17596, 1, 0, 0
524300, 16298, 1, 0, 0
524400, 14154, 1, 0, 0
524500, 13598, 1, 0, 0
524600, 15724, 1, 0, 0
524700, 17157, 1, 0, 0
524800, 19545, 1, 0, 0
524900, 16767, 1, 0, 0
525000, 16897, 1, 0, 0
525100, 14963, 1, 0, 0
525200, 13451, 1, 0, 0
525300, 16320, 1, 0, 0
525400, 13638, 1, 0, 0
525501, 13771, 1, 0, 0
525600, 16076, 1, 0, 0
525700, 16807, 1, 0, 0
525800, 15785, 1, 0, 0
525900, 16680, 1, 0, 0
526000, 14850, 1, 0, 0
526100, 14960, 1, 0, 0
526200, 16043, 1, 0, 0
526300, 15501, 1, 0, 0
526400, 16395, 1, 0, 0
526500, 15111, 1, 0, 0
526600, 14386, 1, 0, 0
526700, 14633, 1, 0, 0
526801, 16885, 1, 0, 0
526900, 14766, 1, 0, 0
527000, 14985, 1, 0, 0
527100, 16772, 1, 0, 0
527200, 14806, 1, 0, 0
527300, 14578, 1, 0, 0
527400, 16707, 1, 0, 0
527500, 14070, 1, 0, 0
527600, 15391, 1, 0, 0
527700, 14059, 1, 0, 0
527800, 15995, 1, 0, 0
527900, 14310, 1, 0, 0
528000, 13319, 1, 0, 0
528100, 12583, 1, 0, 0
528201, 16633, 1, 0, 0
528300, 13669, 1, 0, 0
528400, 16151, 1, 0, 0
528500, 14310, 1, 0, 0
528600, 14153, 1, 0, 0
528700, 14021, 1, 0, 0
528800, 15180, 1, 0, 0
528900, 15213, 1, 0, 0
529000, 18143, 1, 0, 0
529101, 17107, 1, 0, 0
529200, 18310, 1, 0, 0
529300, 12841, 1, 0, 0
529400, 15511, 1, 0, 0
529500, 13669, 1, 0, 0
529600, 16556, 1, 0, 0
529700, 14664, 1, 0, 0
529800, 18526, 1, 0, 0
529900, 17554, 1, 0, 0
530000, 18259, 1, 0, 0
530100, 16131, 1, 0, 0
530200, 13127, 1, 0, 0
530300, 14569, 1, 0, 0
530400, 19839, 1, 0, 0
530500, 16737, 1, 0, 0
530600, 15567, 1, 0, 0
530701, 15278, 1, 0, 0
530800, 16533, 1, 0, 0
530901, 13020, 1, 0, 0
531000, 14214, 1, 0, 0
531100, 18120, 1, 0, 0
531200, 15595, 1, 0, 0
531300, 16015, 1, 0, 0
531401, 16977, 1, 0, 0
531500, 17702, 1, 0, 0
531600, 13961, 1, 0, 0
531700, 17471, 1, 0, 0
531800, 16372, 1, 0, 0
531901, 14319, 1, 0, 0
532000, 15845, 1, 0, 0
532100, 12990, 1, 0, 0
532200, 13759, 1, 0, 0
532300, 14210, 1, 0, 0
532400, 16845, 1, 0, 0
532500, 14297, 1, 0, 0
532600, 14118, 1, 0, 0
532700, 15754, 1, 0, 0
532800, 14005, 1, 0, 0
532900, 18441, 1, 0, 0
533000, 18136, 1, 0, 0
533100, 17629, 1, 0, 0
533200, 18152, 1, 0, 0
533300, 14710, 1, 0, 0
533400, 16116, 1, 0, 0
533501, 15672, 1, 0, 0
533600, 17814, 1, 0, 0
533700, 14666, 1, 0, 0
533800, 13931, 1, 0, 0
533900, 17298, 1, 0, 0
534000, 15501, 1, 0, 0
534100, 18318, 1, 0, 0
534200, 18724, 1, 0, 0
534300, 16028, 1, 0, 0
534400, 13534, 1, 0, 0
534500, 13070, 1, 0, 0
534600, 16956, 1, 0, 0
534700, 17675, 1, 0, 0
534802, 20246, 1, 0, 0
534900, 13721, 1, 0, 0
535000, 14477, 1, 0, 0
535101, 14756, 1, 0, 0
535200, 14712, 1, 0, 0
535300, 14774, 1, 0, 0
535400, 17108, 1, 0, 0
535500, 16372, 1, 0, 0
535600, 13908, 1, 0, 0
535700, 15633, 1, 0, 0
535800, 14237, 1, 0, 0
535900, 13355, 1, 0, 0
536000, 13494, 1, 0, 0
536100, 15800, 1, 0, 0
536200, 14192, 1, 0, 0
536300, 13302, 1, 0, 0
536400, 13714, 1, 0, 0
536500, 18354, 1, 0, 0
536600, 15384, 1, 0, 0
536700, 15725, 1, 0, 0
536800, 14320, 1, 0, 0
536900, 15189, 1, 0, 0
537000, 18469, 1, 0, 0
537100, 14411, 1, 0, 0
537200, 15156, 1, 0, 0
537300, 16039, 1, 0, 0
537400, 17772, 1, 0, 0
537500, 17039, 1, 0, 0
537600, 14579, 1, 0, 0
537700, 16623, 1, 0, 0
537800, 14240, 1, 0, 0
537900, 17209, 1, 0, 0
538000, 13831, 1, 0, 0
538100, 16073, 1, 0, 0
538200, 14321, 1, 0, 0
538300, 13560, 1, 0, 0
538400, 18528, 1, 0, 0
538500, 14944, 1, 0, 0
538600, 15063, 1, 0, 0
538701, 14472, 1, 0, 0
538800, 19553, 1, 0, 0
538900, 17627, 1, 0, 0
539000, 18807, 1, 0, 0
539100, 15047, 1, 0, 0
539200, 16832, 1, 0, 0
539300, 15129, 1, 0, 0
539400, 16106, 1, 0, 0
539500, 14850, 1, 0, 0
539600, 15277, 1, 0, 0
539700, 13694, 1, 0, 0
539800, 15912, 1, 0, 0
539900, 14067, 1, 0, 0
540000, 14550, 1, 0, 0
540100, 14145, 1, 0, 0
540200, 16881, 1, 0, 0
540300, 15889, 1, 0, 0
540400, 16246, 1, 0, 0
540500, 16217, 1, 0, 0
540600, 19062, 1, 0, 0
540700, 16916, 1, 0, 0
540800, 17385, 1, 0, 0
540900, 16564, 1, 0, 0
541000, 17251, 1, 0, 0
541100, 14572, 1, 0, 0
541201, 13960, 1, 0, 0
541300, 19389, 1, 0, 0
541402, 14069, 1, 0, 0
541500, 15596, 1, 0, 0
541601, 14159, 1, 0, 0
541700, 15188, 1, 0, 0
541800, 16733, 1, 0, 0
541900, 13991, 1, 0, 0
542000, 17458, 1, 0, 0
542100, 13936, 1, 0, 0
542201, 19743, 1, 0, 0
542300, 20855, 1, 0, 0
542400, 15738, 1, 0, 0
542500, 15961, 1, 0, 0
542600, 14085, 1, 0, 0
542701, 13950, 1, 0, 0
542800, 17479, 1, 0, 0
542900, 15935, 1, 0, 0
543000, 16498, 1, 0, 0
543100, 13949, 1, 0, 0
543200, 17410, 1, 0, 0
543300, 15487, 1, 0, 0
543400, 15753, 1, 0, 0
543500, 16554, 1, 0, 0
543600, 14591, 1, 0, 0
543700, 16953, 1, 0, 0
543800, 15368, 1, 0, 0
543900, 15462, 1, 0, 0
544001, 16429, 1, 0, 0
544100, 16773, 1, 0, 0
544200, 18869, 1, 0, 0
544300, 17372, 1, 0, 0
544400, 16228, 1, 0, 0
544500, 16310, 1, 0, 0
544600, 14685, 1, 0, 0
544700, 17332, 1, 0, 0
544800, 19102, 1, 0, 0
544900, 18198, 1, 0, 0
545000, 14384, 1, 0, 0
545100, 14128, 1, 0, 0
545201, 15678, 1, 0, 0
545300, 17196, 1, 0, 0
545400, 14192, 1, 0, 0
545500, 14137, 1, 0, 0
545600, 15316, 1, 0, 0
545700, 13931, 1, 0, 0
545800, 14867, 1, 0, 0
545900, 17196, 1, 0, 0
546000, 16070, 1, 0, 0
546100, 14382, 1, 0, 0
546200, 16554, 1, 0, 0
546300, 16855, 1, 0, 0
546400, 17058, 1, 0, 0
546500, 16453, 1, 0, 0
546600, 14592, 1, 0, 0
546700, 14026, 1, 0, 0
546800, 14573, 1, 0, 0
546900, 16441, 1, 0, 0
547000, 15501, 1, 0, 0
547100, 15332, 1, 0, 0
547201, 14366, 1, 0, 0
547300, 13077, 1, 0, 0
547400, 18730, 1, 0, 0
547500, 16993, 1, 0, 0
547600, 14666, 1, 0, 0
547700, 17039, 1, 0, 0
547800, 20573, 1, 0, 0
547900, 17032, 1, 0, 0
548000, 15493, 1, 0, 0
548100, 13348, 1, 0, 0
548200, 14060, 1, 0, 0
548300, 15251, 1, 0, 0
548400, 15088, 1, 0, 0
548500, 16466, 1, 0, 0
548600, 15513, 1, 0, 0
548700, 18405, 1, 0, 0
548800, 16701, 1, 0, 0
548900, 15184, 1, 0, 0
549000, 15707, 1, 0, 0
549100, 16950, 1, 0, 0
549200, 16318, 1, 0, 0
549300, 14418, 1, 0, 0
549400, 14963, 1, 0, 0
549500, 14500, 1, 0, 0
549600, 15138, 1, 0, 0
549700, 16507, 1, 0, 0
549800, 14385, 1, 0, 0
549900, 16745, 1, 0, 0
550000, 14549, 1, 0, 0
550100, 16628, 1, 0, 0
550200, 16973, 1, 0, 0
550301, 16565, 1, 0, 0
550400, 13703, 1, 0, 0
550500, 18015, 1, 0, 0
550600, 19154, 1, 0, 0
550700, 15616, 1, 0, 0
550800, 13404, 1, 0, 0
550900, 14850, 1, 0, 0
551000, 14190, 1, 0, 0
551100, 14867, 1, 0, 0
551200, 15524, 1, 0, 0
551300, 14656, 1, 0, 0
551400, 15257, 1, 0, 0
551500, 18966, 1, 0, 0
551600, 15775, 1, 0, 0
551700, 15709, 1, 0, 0
551800, 13721, 1, 0, 0
551900, 16707, 1, 0, 0
552000, 16792, 1, 0, 0
552100, 14221, 1, 0, 0
552200, 14349, 1, 0, 0
552300, 16477, 1, 0, 0
552400, 14889, 1, 0, 0
552500, 18039, 1, 0, 0
552600, 19689, 1, 0, 0
552700, 21146, 1, 0, 0
552800, 15603, 1, 0, 0
552900, 15095, 1, 0, 0
553001, 15996, 1, 0, 0
553100, 18235, 1, 0, 0
553200, 15472, 1, 0, 0
553300, 15149, 1, 0, 0
553400, 16502, 1, 0, 0
553500, 14860, 1, 0, 0
553600, 13973, 1, 0, 0
553700, 17346, 1, 0, 0
553800, 21993, 1, 0, 0
553900, 16580, 1, 0, 0
554000, 18176, 1, 0, 0
554100, 14461, 1, 0, 0
554200, 17662, 1, 0, 0
554300, 16225, 1, 0, 0
554401, 15545, 1, 0, 0
554500, 15263, 1, 0, 0
554600, 17869, 1, 0, 0
554700, 16272, 1, 0, 0
554800, 16732, 1, 0, 0
554900, 15391, 1, 0, 0
555000, 13952, 1, 0, 0
555100, 16975, 1, 0, 0
555200, 14851, 1, 0, 0
555300, 14990, 1, 0, 0
555400, 14516, 1, 0, 0
555500, 14284, 1, 0, 0
555600, 15046, 1, 0, 0
555700, 15421, 1, 0, 0
555800, 17268, 1, 0, 0
555900, 16217, 1, 0, 0
556000, 13211, 1, 0, 0
556101, 18708, 1, 0, 0
556200, 13829, 1, 0, 0
556300, 13326, 1, 0, 0
556400, 13789, 1, 0, 0
556500, 17246, 1, 0, 0
556600, 15537, 1, 0, 0
556700, 16440, 1, 0, 0
556800, 16307, 1, 0, 0
556900, 15021, 1, 0, 0
557000, 16815, 1, 0, 0
557100, 16023, 1, 0, 0
557200, 14881, 1, 0, 0
557300, 13780, 1, 0, 0
557400, 14122, 1, 0, 0
557500, 15068, 1, 0, 0
557601, 16369, 1, 0, 0
557700, 14368, 1, 0, 0
557800, 13810, 1, 0, 0
557900, 15799, 1, 0, 0
558000, 14347, 1, 0, 0
558100, 15724, 1, 0, 0
558200, 16367, 1, 0, 0
558300, 13801, 1, 0, 0
558400, 14487, 1, 0, 0
558500, 16456, 1, 0, 0
558601, 15456, 1, 0, 0
558700, 12821, 1, 0, 0
558800, 13151, 1, 0, 0
558901, 15465, 1, 0, 0
559000, 18965, 1, 0, 0
559100, 14482, 1, 0, 0
559200, 14932, 1, 0, 0
559300, 18154, 1, 0, 0
559400, 14153, 1, 0, 0
559500, 13329, 1, 0, 0
559600, 15640, 1, 0, 0
559700, 13753, 1, 0, 0
559800, 16445, 1, 0, 0
559900, 18999, 1, 0, 0
560000, 15249, 1, 0, 0
560100, 16874, 1, 0, 0
560200, 17866, 1, 0, 0
560300, 17619, 1, 0, 0
560400, 16362, 1, 0, 0
560500, 16096, 1, 0, 0
560600, 17868, 1, 0, 0
560700, 14671, 1, 0, 0
560800, 20137, 1, 0, 0
560900, 14265, 1, 0, 0
561000, 13678, 1, 0, 0
561100, 14840, 1, 0, 0
561200, 17009, 1, 0, 0
561300, 16548, 1, 0, 0
561400, 17160, 1, 0, 0
561500, 16923, 1, 0, 0
561600, 18025, 1, 0, 0
561700, 17917, 1, 0, 0
561800, 15772, 1, 0, 0
561901, 13662, 1, 0, 0
562000, 16705, 1, 0, 0
562100, 14609, 1, 0, 0
562200, 13311, 1, 0, 0
562300, 13517, 1, 0, 0
562400, 13896, 1, 0, 0
562500, 15720, 1, 0, 0
562600, 15977, 1, 0, 0
562701, 14288, 1, 0, 0
562800, 16823, 1, 0, 0
562900, 18305, 1, 0, 0
563000, 19455, 1, 0, 0
563100, 13591, 1, 0, 0
563200, 18236, 1, 0, 0
563300, 14738, 1, 0, 0
563400, 18952, 1, 0, 0
563500, 20157, 1, 0, 0
563600, 14730, 1, 0, 0
563700, 14844, 1, 0, 0
563800, 15350, 1, 0, 0
563901, 17065, 1, 0, 0
564000, 17754, 1, 0, 0
564100, 16814, 1, 0, 0
564200, 16233, 1, 0, 0
564300, 13384, 1, 0, 0
564400, 13808, 1, 0, 0
564500, 15438, 1, 0, 0
564600, 17348, 1, 0, 0
564700, 13221, 1, 0, 0
564800, 16036, 1, 0, 0
564900, 14692, 1, 0, 0
565000, 17592, 1, 0, 0
565100, 16814, 1, 0, 0
565200, 16285, 1, 0, 0
565300, 16690, 1, 0, 0
565400, 18100, 1, 0, 0
565500, 15750, 1, 0, 0
565601, 15678, 1, 0, 0
565700, 15189, 1, 0, 0
565800, 16871, 1, 0, 0
565900, 15140, 1, 0, 0
566000, 17274, 1, 0, 0
566100, 19794, 1, 0, 0
566200, 17257, 1, 0, 0
566301, 17589, 1, 0, 0
566400, 15774, 1, 0, 0
566500, 18140, 1, 0, 0
566600, 18055, 1, 0, 0
566700, 13932, 1, 0, 0
566800, 13895, 1, 0, 0
566900, 15160, 1, 0, 0
567000, 13587, 1, 0, 0
567100, 19788, 1, 0, 0
567200, 13925, 1, 0, 0
567300, 15883, 1, 0, 0
567400, 17240, 1, 0, 0
567500, 14655, 1, 0, 0
567600, 15547, 1, 0, 0
567700, 15718, 1, 0, 0
567800, 15553, 1, 0, 0
567900, 16592, 1, 0, 0
568000, 19570, 1, 0, 0
568100, 13543, 1, 0, 0
568200, 19349, 1, 0, 0
568300, 15730, 1, 0, 0
568400, 14268, 1, 0, 0
568500, 15617, 1, 0, 0
568600, 17959, 1, 0, 0
568700, 16283, 1, 0, 0
568800, 16006, 1, 0, 0
568900, 15347, 1, 0, 0
569000, 19041, 1, 0, 0
569100, 15702, 1, 0, 0
569200, 13944, 1, 0, 0
569300, 20488, 1, 0, 0
569401, 18266, 1, 0, 0
569500, 14902, 1, 0, 0
569600, 14737, 1, 0, 0
569700, 13053, 1, 0, 0
569800, 18178, 1, 0, 0
569900, 14458, 1, 0, 0
570000, 17309, 1, 0, 0
570100, 19321, 1, 0, 0
570200, 15988, 1, 0, 0
570301, 14002, 1, 0, 0
570400, 15813, 1, 0, 0
570500, 13963, 1, 0, 0
570600, 16546, 1, 0, 0
570701, 17718, 1, 0, 0
570800, 18177, 1, 0, 0
570900, 14731, 1, 0, 0
571000, 14966, 1, 0, 0
571100, 16741, 1, 0, 0
571200, 15185, 1, 0, 0
571300, 15691, 1, 0, 0
571400, 16663, 1, 0, 0
571500, 18383, 1, 0, 0
571600, 17926, 1, 0, 0
571700, 13119, 1, 0, 0
571800, 16883, 1, 0, 0
571900, 15484, 1, 0, 0
572000, 20628, 1, 0, 0
572100, 15979, 1, 0, 0
572200, 15746, 1, 0, 0
572300, 19173, 1, 0, 0
572400, 14382, 1, 0, 0
572500, 13720, 1, 0, 0
572600, 15239, 1, 0, 0
572700, 13838, 1, 0, 0
572800, 13479, 1, 0, 0
572900, 14193, 1, 0, 0
573000, 17881, 1, 0, 0
573100, 17822, 1, 0, 0
573200, 19914, 1, 0, 0
573300, 14953, 1, 0, 0
573400, 16403, 1, 0, 0
573500, 17783, 1, 0, 0
573600, 18584, 1, 0, 0
573700, 14231, 1, 0, 0
573800, 13524, 1, 0, 0
573900, 19105, 1, 0, 0
574000, 19965, 1, 0, 0
574100, 15268, 1, 0, 0
574200, 14140, 1, 0, 0
574300, 13530, 1, 0, 0
574400, 15460, 1, 0, 0
574500, 17902, 1, 0, 0
574600, 19989, 1, 0, 0
574700, 16787, 1, 0, 0
574801, 16429, 1, 0, 0
574900, 14785, 1, 0, 0
575000, 14046, 1, 0, 0
575100, 16766, 1, 0, 0
575200, 14983, 1, 0, 0
575300, 18852, 1, 0, 0
575400, 17384, 1, 0, 0
575500, 16669, 1, 0, 0
575600, 14760, 1, 0, 0
575701, 19330, 1, 0, 0
575800, 17250, 1, 0, 0
575900, 15416, 1, 0, 0
576000, 14931, 1, 0, 0
576100, 14630, 1, 0, 0
576200, 13451, 1, 0, 0
576300, 17421, 1, 0, 0
576400, 14729, 1, 0, 0
576500, 16943, 1, 0, 0
576600, 16834, 1, 0, 0
576700, 16630, 1, 0, 0
576800, 15229, 1, 0, 0
576900, 14540, 1, 0, 0
577000, 16191, 1, 0, 0
577100, 16137, 1, 0, 0
577200, 17090, 1, 0, 0
577300, 17635, 1, 0, 0
577400, 14443, 1, 0, 0
577500, 18014, 1, 0, 0
577600, 19776, 1, 0, 0
577700, 14892, 1, 0, 0
577800, 14564, 1, 0, 0
577900, 13772, 1, 0, 0
578000, 15679, 1, 0, 0
578100, 15595, 1, 0, 0
578200, 16090, 1, 0, 0
578300, 16331, 1, 0, 0
578400, 15677, 1, 0, 0
578500, 14130, 1, 0, 0
578600, 18266, 1, 0, 0
578700, 19127, 1, 0, 0
578800, 15923, 1, 0, 0
578900, 14312, 1, 0, 0
579000, 17315, 1, 0, 0
579100, 15482, 1, 0, 0
579200, 13702, 1, 0, 0
579300, 13257, 1, 0, 0
579400, 16551, 1, 0, 0
579500, 14043, 1, 0, 0
579600, 15413, 1, 0, 0
579701, 15388, 1, 0, 0
579800, 15043, 1, 0, 0
579900, 16184, 1, 0, 0
580000, 17089, 1, 0, 0
580100, 17201, 1, 0, 0
580200, 14012, 1, 0, 0
580300, 14771, 1, 0, 0
580400, 15376, 1, 0, 0
580500, 15060, 1, 0, 0
580600, 15424, 1, 0, 0
580700, 12951, 1, 0, 0
580800, 14016, 1, 0, 0
580900, 14256, 1, 0, 0
581000, 14333, 1, 0, 0
581100, 15717, 1, 0, 0
581200, 15031, 1, 0, 0
581300, 14712, 1, 0, 0
581400, 15892, 1, 0, 0
581500, 13414, 1, 0, 0
581600, 15077, 1, 0, 0
581700, 16889, 1, 0, 0
581800, 14276, 1, 0, 0
581900, 14575, 1, 0, 0
582000, 13822, 1, 0, 0
582100, 15489, 1, 0, 0
582200, 15181, 1, 0, 0
582300, 19136, 1, 0, 0
582400, 17888, 1, 0, 0
582500, 15230, 1, 0, 0
582600, 17749, 1, 0, 0
582700, 14187, 1, 0, 0
582800, 15004, 1, 0, 0
582900, 14756, 1, 0, 0
583001, 17131, 1, 0, 0
583100, 15672, 1, 0, 0
583200, 18410, 1, 0, 0
583300, 13548, 1, 0, 0
583400, 13795, 1, 0, 0
583500, 13706, 1, 0, 0
583600, 16411, 1, 0, 0
583701, 14748, 1, 0, 0
583800, 16333, 1, 0, 0
583900, 17850, 1, 0, 0
584000, 14125, 1, 0, 0
584100, 13249, 1, 0, 0
584200, 15307, 1, 0, 0
584300, 16800, 1, 0, 0
584400, 17466, 1, 0, 0
584500, 15682, 1, 0, 0
584600, 14722, 1, 0, 0
584700, 13522, 1, 0, 0
584800, 18627, 1, 0, 0
584900, 16711, 1, 0, 0
585000, 15382, 1, 0, 0
585100, 14802, 1, 0, 0
585200, 16076, 1, 0, 0
585300, 17724, 1, 0, 0
585400, 17131, 1, 0, 0
585501, 18882, 1, 0, 0
585600, 15228, 1, 0, 0
585700, 16028, 1, 0, 0
585800, 16393, 1, 0, 0
585900, 15507, 1, 0, 0
586000, 15730, 1, 0, 0
586100, 16719, 1, 0, 0
586200, 13418, 1, 0, 0
586300, 15896, 1, 0, 0
586400, 14750, 1, 0, 0
586500, 14054, 1, 0, 0
586600, 16232, 1, 0, 0
586700, 16245, 1, 0, 0
586800, 19282, 1, 0, 0
586900, 16976, 1, 0, 0
587000, 17219, 1, 0, 0
587101, 16847, 1, 0, 0
587200, 18730, 1, 0, 0
587300, 16885, 1, 0, 0
587400, 18057, 1, 0, 0
587500, 14907, 1, 0, 0
587600, 14190, 1, 0, 0
587700, 15328, 1, 0, 0
587800, 16755, 1, 0, 0
587900, 16233, 1, 0, 0
588000, 14493, 1, 0, 0
588100, 17492, 1, 0, 0
588200, 18033, 1, 0, 0
588300, 16004, 1, 0, 0
588400, 13486, 1, 0, 0
588500, 17748, 1, 0, 0
588600, 19545, 1, 0, 0
588700, 14197, 1, 0, 0
588800, 19402, 1, 0, 0
588900, 13419, 1, 0, 0
589000, 13981, 1, 0, 0
589100, 18427, 1, 0, 0
589200, 19117, 1, 0, 0
589300, 19125, 1, 0, 0
589401, 16197, 1, 0, 0
589500, 13763, 1, 0, 0
589600, 16681, 1, 0, 0
589700, 15673, 1, 0, 0
589800, 19121, 1, 0, 0
589900, 13797, 1, 0, 0
590000, 16125, 1, 0, 0
590100, 19655, 1, 0, 0
590200, 14859, 1, 0, 0
590300, 13631, 1, 0, 0
590400, 15263, 1, 0, 0
590500, 14396, 1, 0, 0
590600, 15457, 1, 0, 0
590700, 15241, 1, 0, 0
590800, 16395, 1, 0, 0
590901, 14586, 1, 0, 0
591000, 16958, 1, 0, 0
591100, 16587, 1, 0, 0
591200, 14015, 1, 0, 0
591300, 15576, 1, 0, 0
591400, 14950, 1, 0, 0
591500, 18141, 1, 0, 0
591600, 14048, 1, 0, 0
591700, 14101, 1, 0, 0
591802, 15278, 1, 0, 0
591900, 15604, 1, 0, 0
592001, 15654, 1, 0, 0
592100, 14803, 1, 0, 0
592200, 14206, 1, 0, 0
592300, 14803, 1, 0, 0
592400, 17638, 1, 0, 0
592500, 14080, 1, 0, 0
592600, 14103, 1, 0, 0
592700, 17835, 1, 0, 0
592800, 15008, 1, 0, 0
592900, 18689, 1, 0, 0
593000, 17336, 1, 0, 0
593100, 18660, 1, 0, 0
593200, 18138, 1, 0, 0
593300, 17545, 1, 0, 0
593400, 13774, 1, 0, 0
593501, 18819, 1, 0, 0
593600, 15604, 1, 0, 0
593700, 17871, 1, 0, 0
593800, 14067, 1, 0, 0
593900, 17006, 1, 0, 0
594000, 15164, 1, 0, 0
594100, 14347, 1, 0, 0
594200, 13342, 1, 0, 0
594300, 18724, 1, 0, 0
594400, 16903, 1, 0, 0
594500, 14011, 1, 0, 0
594600, 17908, 1, 0, 0
594700, 15125, 1, 0, 0
594800, 15139, 1, 0, 0
594900, 14856, 1, 0, 0
595000, 15728, 1, 0, 0
595100, 15232, 1, 0, 0
595200, 19948, 1, 0, 0
595300, 16580, 1, 0, 0
595400, 13604, 1, 0, 0
595500, 18504, 1, 0, 0
595600, 17188, 1, 0, 0
595700, 13146, 1, 0, 0
595800, 16817, 1, 0, 0
595900, 16988, 1, 0, 0
596000, 14476, 1, 0, 0
596100, 13863, 1, 0, 0
596200, 15168, 1, 0, 0
596300, 15853, 1, 0, 0
596400, 15993, 1, 0, 0
596500, 17215, 1, 0, 0
596600, 18703, 1, 0, 0
596700, 15379, 1, 0, 0
596800, 15033, 1, 0, 0
596900, 13874, 1, 0, 0
597000, 14634, 1, 0, 0
597100, 14525, 1, 0, 0
597200, 14823, 1, 0, 0
597300, 14010, 1, 0, 0
597400, 16203, 1, 0, 0
597500, 14657, 1, 0, 0
597600, 13488, 1, 0, 0
597700, 15739, 1, 0, 0
597800, 15160, 1, 0, 0
597901, 17564, 1, 0, 0
598000, 16835, 1, 0, 0
598100, 15171, 1, 0, 0
598200, 16483, 1, 0, 0
598300, 15063, 1, 0, 0
598400, 17471, 1, 0, 0
598500, 16407, 1, 0, 0
598600, 15489, 1, 0, 0
598700, 17132, 1, 0, 0
598800, 15788, 1, 0, 0
598900, 19633, 1, 0, 0
599000, 19578, 1, 0, 0
599100, 16669, 1, 0, 0
599200, 16881, 1, 0, 0
599300, 18811, 1, 0, 0
599400, 14078, 1, 0, 0
599500, 13006, 1, 0, 0
599600, 16423, 1, 0, 0
599700, 16321, 1, 0, 0
599800, 16876, 1, 0, 0
599900, 15556, 1, 0, 0
600000, 19480, 1, 0, 0
