100, 1379658, 1, 0, 0
200, 1319033, 1, 0, 0
300, 1344370, 1, 0, 0
400, 1264240, 1, 0, 0
501, 1363136, 1, 0, 0
601, 1351550, 1, 0, 0
701, 1246064, 1, 0, 0
800, 1346740, 1, 0, 0
901, 1246104, 1, 0, 0
1000, 1345891, 1, 0, 0
1100, 1253499, 1, 0, 0
1200, 1305835, 1, 0, 0
1300, 1325625, 1, 0, 0
1400, 1298094, 1, 0, 0
1500, 1303924, 1, 0, 0
1601, 1307499, 1, 0, 0
1700, 1313789, 1, 0, 0
1800, 1358929, 1, 0, 0
1901, 1339846, 1, 0, 0
2000, 1317071, 1, 0, 0
2101, 1231607, 1, 0, 0
2201, 1313674, 1, 0, 0
2300, 1302558, 1, 0, 0
2400, 1336529, 1, 0, 0
2500, 1260742, 1, 0, 0
2600, 1339211, 1, 0, 0
2701, 1374204, 1, 0, 0
2801, 1315117, 1, 0, 0
2901, 1369841, 1, 0, 0
3000, 1271810, 1, 0, 0
3100, 1342591, 1, 0, 0
3201, 1228134, 1, 0, 0
3300, 1350301, 1, 0, 0
3400, 1323616, 1, 0, 0
3500, 1289035, 1, 0, 0
3600, 1331786, 1, 0, 0
3700, 1391092, 1, 0, 0
3800, 1273863, 1, 0, 0
3901, 1297056, 1, 0, 0
4000, 1271481, 1, 0, 0
4100, 1283773, 1, 0, 0
4200, 1387087, 1, 0, 0
4300, 1365600, 1, 0, 0
4401, 1292324, 1, 0, 0
4500, 1393029, 1, 0, 0
4600, 1369362, 1, 0, 0
4700, 1359343, 1, 0, 0
4802, 1277229, 1, 0, 0
4900, 1296933, 1, 0, 0
5000, 1292416, 1, 0, 0
5101, 1302863, 1, 0, 0
5200, 1286606, 1, 0, 0
5300, 1387376, 1, 0, 0
5401, 1303954, 1, 0, 0
5501, 1259791, 1, 0, 0
5600, 1310200, 1, 0, 0
5700, 1348000, 1, 0, 0
5800, 1280514, 1, 0, 0
5900, 1268348, 1, 0, 0
6000, 1339261, 1, 0, 0
6101, 1319398, 1, 0, 0
6201, 1229492, 1, 0, 0
6300, 1362808, 1, 0, 0
6400, 1256972, 1, 0, 0
6501, 1391307, 1, 0, 0
6600, 1367326, 1, 0, 0
6700, 1311364, 1, 0, 0
6800, 1280055, 1, 0, 0
6901, 1314672, 1, 0, 0
7000, 1373531, 1, 0, 0
7101, 1306411, 1, 0, 0
7201, 1370132, 1, 0, 0
7300, 1287703, 1, 0, 0
7400, 1266240, 1, 0, 0
7500, 1357803, 1, 0, 0
7600, 1308272, 1, 0, 0
7700, 1387312, 1, 0, 0
7800, 1283867, 1, 0, 0
7901, 1298536, 1, 0, 0
8000, 1313620, 1, 0, 0
8100, 1232755, 1, 0, 0
8200, 1306072, 1, 0, 0
8300, 1323269, 1, 0, 0
8400, 1266571, 1, 0, 0
8500, 1205676, 1, 0, 0
8600, 1316690, 1, 0, 0
8700, 1302509, 1, 0, 0
8800, 1257041, 1, 0, 0
8900, 1338572, 1, 0, 0
9000, 1338305, 1, 0, 0
9100, 1279636, 1, 0, 0
9200, 1265448, 1, 0, 0
9300, 1256696, 1, 0, 0
9400, 1316125, 1, 0, 0
9500, 1186347, 1, 0, 0
9600, 1276550, 1, 0, 0
9700, 1254341, 1, 0, 0
9800, 1376929, 1, 0, 0
9900, 1270207, 1, 0, 0
10000, 1265207, 1, 0, 0
10100, 1233175, 1, 0, 0
10200, 1280229, 1, 0, 0
10300, 1268748, 1, 0, 0
10401, 1277108, 1, 0, 0
10500, 1338760, 1, 0, 0
10600, 1366609, 1, 0, 0
10701, 1376335, 1, 0, 0
10800, 1281132, 1, 0, 0
10900, 1211853, 1, 0, 0
11000, 1247956, 1, 0, 0
11101, 1347490, 1, 0, 0
11200, 1239718, 1, 0, 0
11300, 1239203, 1, 0, 0
11400, 1291018, 1, 0, 0
11500, 1292945, 1, 0, 0
11600, 1352480, 1, 0, 0
11701, 1292759, 1, 0, 0
11800, 1347132, 1, 0, 0
11901, 1303579, 1, 0, 0
12000, 1321297, 1, 0, 0
12100, 1268342, 1, 0, 0
12200, 1260179, 1, 0, 0
12300, 1292902, 1, 0, 0
12400, 1237211, 1, 0, 0
12500, 1204138, 1, 0, 0
12600, 1264451, 1, 0, 0
12701, 1293290, 1, 0, 0
12801, 1274009, 1, 0, 0
12901, 1339054, 1, 0, 0
13001, 1347248, 1, 0, 0
13101, 1266770, 1, 0, 0
13200, 1283682, 1, 0, 0
13300, 1366836, 1, 0, 0
13400, 1288411, 1, 0, 0
13502, 1250514, 1, 0, 0
13600, 1256798, 1, 0, 0
13700, 1283770, 1, 0, 0
13800, 1278685, 1, 0, 0
13900, 1281757, 1, 0, 0
14000, 1325655, 1, 0, 0
14100, 1428122, 1, 0, 0
14200, 1299004, 1, 0, 0
14301, 1258391, 1, 0, 0
14400, 1322121, 1, 0, 0
14500, 1331383, 1, 0, 0
14601, 1349064, 1, 0, 0
14700, 1372937, 1, 0, 0
14800, 1254484, 1, 0, 0
14901, 1303259, 1, 0, 0
15000, 1288216, 1, 0, 0
15101, 1303785, 1, 0, 0
15200, 1247358, 1, 0, 0
15300, 1248033, 1, 0, 0
15400, 1272961, 1, 0, 0
15500, 1229884, 1, 0, 0
15601, 1294318, 1, 0, 0
15700, 1302878, 1, 0, 0
15800, 1387774, 1, 0, 0
15900, 1291046, 1, 0, 0
16001, 1308129, 1, 0, 0
16100, 1313321, 1, 0, 0
16200, 1300442, 1, 0, 0
16300, 1268560, 1, 0, 0
16401, 1259818, 1, 0, 0
16500, 1255830, 1, 0, 0
16601, 1296597, 1, 0, 0
16700, 1212611, 1, 0, 0
16800, 1265570, 1, 0, 0
16900, 1262194, 1, 0, 0
17000, 1224222, 1, 0, 0
17100, 1341338, 1, 0, 0
17200, 1207969, 1, 0, 0
17301, 1285548, 1, 0, 0
17400, 1259479, 1, 0, 0
17501, 1273505, 1, 0, 0
17600, 1319766, 1, 0, 0
17700, 1220632, 1, 0, 0
17800, 1288206, 1, 0, 0
17901, 1261053, 1, 0, 0
18001, 1312299, 1, 0, 0
18100, 1304754, 1, 0, 0
18200, 1236771, 1, 0, 0
18300, 1385867, 1, 0, 0
18401, 1308236, 1, 0, 0
18500, 1276627, 1, 0, 0
18601, 1252671, 1, 0, 0
18700, 1274189, 1, 0, 0
18800, 1202204, 1, 0, 0
18900, 1266953, 1, 0, 0
19000, 1365367, 1, 0, 0
19100, 1307645, 1, 0, 0
19201, 1296792, 1, 0, 0
19301, 1348616, 1, 0, 0
19400, 1257882, 1, 0, 0
19501, 1275728, 1, 0, 0
19601, 1347187, 1, 0, 0
19700, 1309748, 1, 0, 0
19800, 1248884, 1, 0, 0
19900, 1287295, 1, 0, 0
20002, 1341951, 1, 0, 0
20100, 1287749, 1, 0, 0
20201, 1202290, 1, 0, 0
20300, 1242442, 1, 0, 0
20400, 1286848, 1, 0, 0
20500, 1237460, 1, 0, 0
20600, 1285562, 1, 0, 0
20700, 1275057, 1, 0, 0
20800, 1330892, 1, 0, 0
20900, 1201474, 1, 0, 0
21000, 1306287, 1, 0, 0
21101, 1276531, 1, 0, 0
21200, 1272794, 1, 0, 0
21300, 1304484, 1, 0, 0
21400, 1294869, 1, 0, 0
21500, 1310761, 1, 0, 0
21600, 1220457, 1, 0, 0
21700, 1225239, 1, 0, 0
21800, 1314424, 1, 0, 0
21900, 1268182, 1, 0, 0
22001, 1328766, 1, 0, 0
22100, 1308039, 1, 0, 0
22200, 1367946, 1, 0, 0
22300, 1308036, 1, 0, 0
22400, 1271860, 1, 0, 0
22501, 1283521, 1, 0, 0
22600, 1308385, 1, 0, 0
22700, 1251590, 1, 0, 0
22801, 1303337, 1, 0, 0
22901, 1321162, 1, 0, 0
23000, 1337968, 1, 0, 0
23101, 1241032, 1, 0, 0
23201, 1318042, 1, 0, 0
23300, 1303011, 1, 0, 0
23401, 1349095, 1, 0, 0
23500, 1286451, 1, 0, 0
23600, 1251237, 1, 0, 0
23701, 1346609, 1, 0, 0
23800, 1295358, 1, 0, 0
23900, 1275665, 1, 0, 0
24000, 1295703, 1, 0, 0
24100, 1234374, 1, 0, 0
24200, 1246995, 1, 0, 0
24301, 1349117, 1, 0, 0
24400, 1256624, 1, 0, 0
24500, 1261640, 1, 0, 0
24600, 1253887, 1, 0, 0
24700, 1332766, 1, 0, 0
24800, 1293178, 1, 0, 0
24900, 1337294, 1, 0, 0
25000, 1297034, 1, 0, 0
25100, 1313543, 1, 0, 0
25200, 1295697, 1, 0, 0
25300, 1295318, 1, 0, 0
25400, 1286797, 1, 0, 0
25500, 1258191, 1, 0, 0
25600, 1127525, 1, 0, 0
25701, 1254503, 1, 0, 0
25800, 1269595, 1, 0, 0
25900, 1303832, 1, 0, 0
26000, 1264258, 1, 0, 0
26100, 1341457, 1, 0, 0
26200, 1237347, 1, 0, 0
26300, 1248471, 1, 0, 0
26401, 1246687, 1, 0, 0
26500, 1312071, 1, 0, 0
26600, 1271069, 1, 0, 0
26700, 1282467, 1, 0, 0
26800, 1302588, 1, 0, 0
26900, 1261385, 1, 0, 0
27000, 1354447, 1, 0, 0
27100, 1284062, 1, 0, 0
27200, 1268245, 1, 0, 0
27300, 1299712, 1, 0, 0
27401, 1287408, 1, 0, 0
27500, 1269333, 1, 0, 0
27600, 1268320, 1, 0, 0
27700, 1256320, 1, 0, 0
27800, 1276921, 1, 0, 0
27900, 1248472, 1, 0, 0
28000, 1282565, 1, 0, 0
28101, 1238460, 1, 0, 0
28200, 1378577, 1, 0, 0
28300, 1315484, 1, 0, 0
28402, 1391348, 1, 0, 0
28500, 1307886, 1, 0, 0
28600, 1229434, 1, 0, 0
28700, 1278632, 1, 0, 0
28800, 1350513, 1, 0, 0
28901, 1325158, 1, 0, 0
29000, 1273230, 1, 0, 0
29100, 1224249, 1, 0, 0
29201, 1254275, 1, 0, 0
29300, 1275554, 1, 0, 0
29400, 1250593, 1, 0, 0
29500, 1238637, 1, 0, 0
29600, 1220247, 1, 0, 0
29700, 1265269, 1, 0, 0
29800, 1317743, 1, 0, 0
29900, 1326099, 1, 0, 0
30000, 1237000, 1, 0, 0
30100, 1249578, 1, 0, 0
30200, 1281365, 1, 0, 0
30300, 1327748, 1, 0, 0
30401, 1241330, 1, 0, 0
30500, 1253230, 1, 0, 0
30600, 1263006, 1, 0, 0
30700, 1353921, 1, 0, 0
30801, 1256950, 1, 0, 0
30900, 1281704, 1, 0, 0
31000, 1230778, 1, 0, 0
31101, 1263346, 1, 0, 0
31201, 1362953, 1, 0, 0
31300, 1258762, 1, 0, 0
31400, 1300727, 1, 0, 0
31500, 1348394, 1, 0, 0
31600, 1337063, 1, 0, 0
31700, 1317286, 1, 0, 0
31800, 1273823, 1, 0, 0
31900, 1325237, 1, 0, 0
32000, 1374100, 1, 0, 0
32100, 1340598, 1, 0, 0
32200, 1262245, 1, 0, 0
32300, 1308878, 1, 0, 0
32400, 1276913, 1, 0, 0
32500, 1261890, 1, 0, 0
32601, 1315069, 1, 0, 0
32700, 1295178, 1, 0, 0
32800, 1317415, 1, 0, 0
32900, 1376144, 1, 0, 0
33001, 1340799, 1, 0, 0
33100, 1243915, 1, 0, 0
33201, 1338628, 1, 0, 0
33301, 1298890, 1, 0, 0
33400, 1272830, 1, 0, 0
33501, 1274541, 1, 0, 0
33600, 1255428, 1, 0, 0
33701, 1357338, 1, 0, 0
33800, 1416047, 1, 0, 0
33900, 1333167, 1, 0, 0
34000, 1355565, 1, 0, 0
34100, 1296411, 1, 0, 0
34201, 1295956, 1, 0, 0
34300, 1256351, 1, 0, 0
34400, 1314246, 1, 0, 0
34500, 1258710, 1, 0, 0
34600, 1254602, 1, 0, 0
34701, 1290338, 1, 0, 0
34800, 1245581, 1, 0, 0
34900, 1348248, 1, 0, 0
35000, 1238091, 1, 0, 0
35100, 1387477, 1, 0, 0
35201, 1259856, 1, 0, 0
35300, 1259440, 1, 0, 0
35400, 1190978, 1, 0, 0
35500, 1243428, 1, 0, 0
35600, 1307105, 1, 0, 0
35701, 1263577, 1, 0, 0
35800, 1252573, 1, 0, 0
35901, 1340412, 1, 0, 0
36000, 1303391, 1, 0, 0
36101, 1186261, 1, 0, 0
36201, 1280052, 1, 0, 0
36300, 1276610, 1, 0, 0
36401, 1266660, 1, 0, 0
36501, 1341075, 1, 0, 0
36600, 1202992, 1, 0, 0
36701, 1240240, 1, 0, 0
36800, 1318857, 1, 0, 0
36900, 1294083, 1, 0, 0
37001, 1214576, 1, 0, 0
37101, 1279925, 1, 0, 0
37200, 1288560, 1, 0, 0
37301, 1252137, 1, 0, 0
37400, 1348156, 1, 0, 0
37501, 1340331, 1, 0, 0
37600, 1262107, 1, 0, 0
37700, 1279518, 1, 0, 0
37800, 1241974, 1, 0, 0
37900, 1313657, 1, 0, 0
38000, 1293373, 1, 0, 0
38100, 1221304, 1, 0, 0
38201, 1273660, 1, 0, 0
38300, 1273824, 1, 0, 0
38400, 1352397, 1, 0, 0
38500, 1270676, 1, 0, 0
38601, 1277216, 1, 0, 0
38700, 1268988, 1, 0, 0
38801, 1213157, 1, 0, 0
38900, 1247539, 1, 0, 0
39000, 1268332, 1, 0, 0
39100, 1193248, 1, 0, 0
39200, 1214912, 1, 0, 0
39300, 1319376, 1, 0, 0
39400, 1273579, 1, 0, 0
39500, 1327689, 1, 0, 0
39600, 1313917, 1, 0, 0
39700, 1282822, 1, 0, 0
39800, 1236334, 1, 0, 0
39900, 1210038, 1, 0, 0
40000, 1302152, 1, 0, 0
40100, 1246582, 1, 0, 0
40200, 1184290, 1, 0, 0
40300, 1299424, 1, 0, 0
40400, 1273680, 1, 0, 0
40500, 1310367, 1, 0, 0
40601, 1277951, 1, 0, 0
40700, 1198179, 1, 0, 0
40801, 1229676, 1, 0, 0
40900, 1318350, 1, 0, 0
41000, 1268137, 1, 0, 0
41100, 1176842, 1, 0, 0
41200, 1230877, 1, 0, 0
41300, 1290100, 1, 0, 0
41400, 1253248, 1, 0, 0
41500, 1272501, 1, 0, 0
41600, 1188600, 1, 0, 0
41700, 1227948, 1, 0, 0
41801, 1254783, 1, 0, 0
41900, 1239239, 1, 0, 0
42001, 1239872, 1, 0, 0
42100, 1206691, 1, 0, 0
42200, 1269215, 1, 0, 0
42300, 1270400, 1, 0, 0
42400, 1220946, 1, 0, 0
42500, 1185999, 1, 0, 0
42600, 1300371, 1, 0, 0
42700, 1206272, 1, 0, 0
42800, 1203849, 1, 0, 0
42900, 1255749, 1, 0, 0
43000, 1283149, 1, 0, 0
43100, 1342394, 1, 0, 0
43200, 1217199, 1, 0, 0
43300, 1275583, 1, 0, 0
43401, 1201549, 1, 0, 0
43500, 1221769, 1, 0, 0
43600, 1269841, 1, 0, 0
43700, 1255411, 1, 0, 0
43800, 1266325, 1, 0, 0
43901, 1214448, 1, 0, 0
44001, 1234251, 1, 0, 0
44100, 1211190, 1, 0, 0
44200, 1219208, 1, 0, 0
44301, 1247967, 1, 0, 0
44401, 1310780, 1, 0, 0
44500, 1197865, 1, 0, 0
44600, 1262665, 1, 0, 0
44700, 1220695, 1, 0, 0
44800, 1205826, 1, 0, 0
44900, 1215671, 1, 0, 0
45001, 1257594, 1, 0, 0
45100, 1224431, 1, 0, 0
45200, 1316170, 1, 0, 0
45301, 1310229, 1, 0, 0
45401, 1241555, 1, 0, 0
45500, 1229033, 1, 0, 0
45600, 1178642, 1, 0, 0
45701, 1263627, 1, 0, 0
45800, 1211958, 1, 0, 0
45900, 1312040, 1, 0, 0
46001, 1325142, 1, 0, 0
46101, 1256036, 1, 0, 0
46200, 1181312, 1, 0, 0
46300, 1212449, 1, 0, 0
46400, 1226054, 1, 0, 0
46500, 1179058, 1, 0, 0
46600, 1230378, 1, 0, 0
46700, 1286407, 1, 0, 0
46800, 1210290, 1, 0, 0
46900, 1228838, 1, 0, 0
47000, 1218794, 1, 0, 0
47101, 1249073, 1, 0, 0
47201, 1331500, 1, 0, 0
47300, 1300302, 1, 0, 0
47400, 1309256, 1, 0, 0
47500, 1358595, 1, 0, 0
47600, 1230279, 1, 0, 0
47700, 1269095, 1, 0, 0
47800, 1350682, 1, 0, 0
47900, 1303489, 1, 0, 0
48000, 1219210, 1, 0, 0
48100, 1226534, 1, 0, 0
48200, 1249055, 1, 0, 0
48300, 1213373, 1, 0, 0
48400, 1178865, 1, 0, 0
48500, 1245644, 1, 0, 0
48600, 1254929, 1, 0, 0
48700, 1201074, 1, 0, 0
48800, 1345941, 1, 0, 0
48900, 1241036, 1, 0, 0
49000, 1232384, 1, 0, 0
49100, 1191266, 1, 0, 0
49201, 1229091, 1, 0, 0
49300, 1222214, 1, 0, 0
49400, 1206809, 1, 0, 0
49500, 1225564, 1, 0, 0
49600, 1143501, 1, 0, 0
49700, 1196978, 1, 0, 0
49800, 1224727, 1, 0, 0
49900, 1255666, 1, 0, 0
50000, 1204245, 1, 0, 0
50100, 1229777, 1, 0, 0
50201, 1322473, 1, 0, 0
50300, 1325840, 1, 0, 0
50400, 1218820, 1, 0, 0
50501, 1212562, 1, 0, 0
50601, 1267528, 1, 0, 0
50700, 1275228, 1, 0, 0
50802, 1167355, 1, 0, 0
50900, 1169083, 1, 0, 0
51000, 1202197, 1, 0, 0
51100, 1203147, 1, 0, 0
51200, 1145037, 1, 0, 0
51300, 1133828, 1, 0, 0
51401, 1186444, 1, 0, 0
51500, 1200316, 1, 0, 0
51600, 1204182, 1, 0, 0
51700, 1208232, 1, 0, 0
51800, 1169431, 1, 0, 0
51900, 1194991, 1, 0, 0
52000, 1220577, 1, 0, 0
52100, 1298878, 1, 0, 0
52200, 1149517, 1, 0, 0
52300, 1230305, 1, 0, 0
52400, 1200130, 1, 0, 0
52500, 1195239, 1, 0, 0
52600, 1216902, 1, 0, 0
52700, 1257830, 1, 0, 0
52801, 1222947, 1, 0, 0
52900, 1278989, 1, 0, 0
53000, 1131170, 1, 0, 0
53100, 1256955, 1, 0, 0
53200, 1206551, 1, 0, 0
53301, 1192462, 1, 0, 0
53400, 1223287, 1, 0, 0
53500, 1128925, 1, 0, 0
53600, 1156335, 1, 0, 0
53700, 1196635, 1, 0, 0
53800, 1157720, 1, 0, 0
53900, 1188354, 1, 0, 0
54001, 1191008, 1, 0, 0
54100, 1183030, 1, 0, 0
54201, 1177342, 1, 0, 0
54300, 1152830, 1, 0, 0
54400, 1198926, 1, 0, 0
54501, 1192859, 1, 0, 0
54600, 1200696, 1, 0, 0
54700, 1235964, 1, 0, 0
54800, 1140887, 1, 0, 0
54901, 1155264, 1, 0, 0
55000, 1124535, 1, 0, 0
55100, 1161633, 1, 0, 0
55200, 1180183, 1, 0, 0
55300, 1189504, 1, 0, 0
55400, 1192766, 1, 0, 0
55501, 1207179, 1, 0, 0
55601, 1200654, 1, 0, 0
55700, 1170170, 1, 0, 0
55800, 1150223, 1, 0, 0
55900, 1137772, 1, 0, 0
56000, 1172115, 1, 0, 0
56100, 1215109, 1, 0, 0
56200, 1200246, 1, 0, 0
56301, 1159841, 1, 0, 0
56401, 1260127, 1, 0, 0
56500, 1133914, 1, 0, 0
56600, 1207060, 1, 0, 0
56700, 1187970, 1, 0, 0
56801, 1132454, 1, 0, 0
56900, 1258688, 1, 0, 0
57000, 1183899, 1, 0, 0
57100, 1148350, 1, 0, 0
57200, 1167965, 1, 0, 0
57300, 1124667, 1, 0, 0
57400, 1246522, 1, 0, 0
57501, 1214464, 1, 0, 0
57600, 1241361, 1, 0, 0
57700, 1123494, 1, 0, 0
57800, 1132010, 1, 0, 0
57900, 1167503, 1, 0, 0
58000, 1133284, 1, 0, 0
58100, 1184855, 1, 0, 0
58200, 1204168, 1, 0, 0
58300, 1202047, 1, 0, 0
58400, 1141975, 1, 0, 0
58500, 1188434, 1, 0, 0
58600, 1211791, 1, 0, 0
58700, 1148552, 1, 0, 0
58800, 1171779, 1, 0, 0
58900, 1184691, 1, 0, 0
59000, 1234261, 1, 0, 0
59101, 1195248, 1, 0, 0
59200, 1135701, 1, 0, 0
59300, 1146664, 1, 0, 0
59400, 1339984, 1, 0, 0
59501, 1277450, 1, 0, 0
59600, 1161350, 1, 0, 0
59701, 1237763, 1, 0, 0
59800, 1190854, 1, 0, 0
59900, 1212319, 1, 0, 0
60000, 1130119, 1, 0, 0
60101, 1178713, 1, 0, 0
60200, 1207007, 1, 0, 0
60300, 1217398, 1, 0, 0
60401, 1193736, 1, 0, 0
60501, 1169688, 1, 0, 0
60600, 1237803, 1, 0, 0
60700, 1184924, 1, 0, 0
60800, 1147194, 1, 0, 0
60900, 1166319, 1, 0, 0
61000, 1204517, 1, 0, 0
61100, 1232665, 1, 0, 0
61200, 1184326, 1, 0, 0
61300, 1151009, 1, 0, 0
61400, 1189050, 1, 0, 0
61500, 1195995, 1, 0, 0
61600, 1282072, 1, 0, 0
61700, 1163873, 1, 0, 0
61801, 1154244, 1, 0, 0
61901, 1147943, 1, 0, 0
62000, 1164943, 1, 0, 0
62100, 1143351, 1, 0, 0
62201, 1214164, 1, 0, 0
62300, 1109326, 1, 0, 0
62400, 1217059, 1, 0, 0
62500, 1191971, 1, 0, 0
62600, 1148175, 1, 0, 0
62700, 1119018, 1, 0, 0
62800, 1171468, 1, 0, 0
62900, 1187903, 1, 0, 0
63000, 1185573, 1, 0, 0
63100, 1268087, 1, 0, 0
63200, 1176517, 1, 0, 0
63300, 1159742, 1, 0, 0
63400, 1142452, 1, 0, 0
63500, 1252209, 1, 0, 0
63600, 1174819, 1, 0, 0
63700, 1216729, 1, 0, 0
63800, 1191402, 1, 0, 0
63900, 1224915, 1, 0, 0
64000, 1263397, 1, 0, 0
64100, 1260676, 1, 0, 0
64200, 1162899, 1, 0, 0
64301, 1197932, 1, 0, 0
64400, 1228362, 1, 0, 0
64500, 1156057, 1, 0, 0
64600, 1201445, 1, 0, 0
64700, 1181613, 1, 0, 0
64800, 1282179, 1, 0, 0
64900, 1182190, 1, 0, 0
65000, 1191125, 1, 0, 0
65100, 1275525, 1, 0, 0
65200, 1171893, 1, 0, 0
65300, 1190632, 1, 0, 0
65400, 1227875, 1, 0, 0
65500, 1110850, 1, 0, 0
65601, 1178469, 1, 0, 0
65700, 1209263, 1, 0, 0
65800, 1159583, 1, 0, 0
65901, 1251136, 1, 0, 0
66000, 1147109, 1, 0, 0
66100, 1175276, 1, 0, 0
66200, 1176178, 1, 0, 0
66300, 1158256, 1, 0, 0
66400, 1179940, 1, 0, 0
66500, 1091725, 1, 0, 0
66600, 1220460, 1, 0, 0
66700, 1173844, 1, 0, 0
66800, 1201531, 1, 0, 0
66900, 1187779, 1, 0, 0
67000, 1159859, 1, 0, 0
67100, 1230374, 1, 0, 0
67200, 1144112, 1, 0, 0
67300, 1162704, 1, 0, 0
67401, 1155255, 1, 0, 0
67500, 1252852, 1, 0, 0
67600, 1158114, 1, 0, 0
67700, 1172352, 1, 0, 0
67800, 1240509, 1, 0, 0
67900, 1221154, 1, 0, 0
68000, 1223409, 1, 0, 0
68100, 1200444, 1, 0, 0
68200, 1116050, 1, 0, 0
68300, 1183212, 1, 0, 0
68400, 1208301, 1, 0, 0
68500, 1206560, 1, 0, 0
68600, 1186702, 1, 0, 0
68700, 1094333, 1, 0, 0
68800, 1157976, 1, 0, 0
68900, 1143829, 1, 0, 0
69000, 1080534, 1, 0, 0
69100, 1193055, 1, 0, 0
69200, 1189949, 1, 0, 0
69300, 1169603, 1, 0, 0
69400, 1195572, 1, 0, 0
69500, 1125260, 1, 0, 0
69600, 1156458, 1, 0, 0
69700, 1168200, 1, 0, 0
69800, 1191214, 1, 0, 0
69900, 1231842, 1, 0, 0
70001, 1111838, 1, 0, 0
70101, 1148773, 1, 0, 0
70200, 1245914, 1, 0, 0
70300, 1157592, 1, 0, 0
70400, 1155234, 1, 0, 0
70501, 1165239, 1, 0, 0
70600, 1167682, 1, 0, 0
70700, 1194048, 1, 0, 0
70800, 1115732, 1, 0, 0
70900, 1155043, 1, 0, 0
71000, 1213505, 1, 0, 0
71100, 1166329, 1, 0, 0
71200, 1172497, 1, 0, 0
71301, 1145431, 1, 0, 0
71400, 1151702, 1, 0, 0
71500, 1204303, 1, 0, 0
71600, 1242325, 1, 0, 0
71700, 1195814, 1, 0, 0
71800, 1222672, 1, 0, 0
71900, 1203906, 1, 0, 0
72001, 1187279, 1, 0, 0
72101, 1238773, 1, 0, 0
72201, 1183760, 1, 0, 0
72301, 1115883, 1, 0, 0
72400, 1181986, 1, 0, 0
72500, 1178146, 1, 0, 0
72600, 1165316, 1, 0, 0
72700, 1225846, 1, 0, 0
72801, 1191628, 1, 0, 0
72900, 1187624, 1, 0, 0
73001, 1193630, 1, 0, 0
73100, 1123605, 1, 0, 0
73201, 1171193, 1, 0, 0
73300, 1087206, 1, 0, 0
73400, 1142589, 1, 0, 0
73500, 1215594, 1, 0, 0
73600, 1219680, 1, 0, 0
73701, 1222482, 1, 0, 0
73800, 1151582, 1, 0, 0
73900, 1228848, 1, 0, 0
74000, 1161929, 1, 0, 0
74100, 1158211, 1, 0, 0
74200, 1108288, 1, 0, 0
74300, 1178352, 1, 0, 0
74400, 1125882, 1, 0, 0
74500, 1189905, 1, 0, 0
74600, 1132661, 1, 0, 0
74700, 1140110, 1, 0, 0
74800, 1141534, 1, 0, 0
74900, 1163626, 1, 0, 0
75000, 1176542, 1, 0, 0
75100, 1098512, 1, 0, 0
75200, 1196380, 1, 0, 0
75300, 1161611, 1, 0, 0
75400, 1221500, 1, 0, 0
75500, 1193881, 1, 0, 0
75600, 1146326, 1, 0, 0
75700, 1180344, 1, 0, 0
75800, 1172006, 1, 0, 0
75900, 1147142, 1, 0, 0
76001, 1179461, 1, 0, 0
76100, 1177410, 1, 0, 0
76200, 1176426, 1, 0, 0
76300, 1199200, 1, 0, 0
76400, 1115257, 1, 0, 0
76500, 1298011, 1, 0, 0
76600, 1169546, 1, 0, 0
76700, 1222205, 1, 0, 0
76800, 1144396, 1, 0, 0
76900, 1179141, 1, 0, 0
77000, 1181108, 1, 0, 0
77100, 1171724, 1, 0, 0
77200, 1173624, 1, 0, 0
77300, 1198144, 1, 0, 0
77400, 1118501, 1, 0, 0
77500, 1090841, 1, 0, 0
77600, 1155454, 1, 0, 0
77700, 1190834, 1, 0, 0
77800, 1261213, 1, 0, 0
77900, 1231250, 1, 0, 0
78000, 1251052, 1, 0, 0
78100, 1160072, 1, 0, 0
78201, 1199031, 1, 0, 0
78301, 1151539, 1, 0, 0
78401, 1247123, 1, 0, 0
78501, 1157110, 1, 0, 0
78600, 1214575, 1, 0, 0
78701, 1235026, 1, 0, 0
78801, 1176818, 1, 0, 0
78901, 1215995, 1, 0, 0
79000, 1201621, 1, 0, 0
79100, 1200124, 1, 0, 0
79200, 1112290, 1, 0, 0
79300, 1179137, 1, 0, 0
79400, 1147403, 1, 0, 0
79500, 1195472, 1, 0, 0
79600, 1179028, 1, 0, 0
79700, 1197133, 1, 0, 0
79800, 1168317, 1, 0, 0
79900, 1215733, 1, 0, 0
80000, 1105773, 1, 0, 0
80100, 1208774, 1, 0, 0
80200, 1118155, 1, 0, 0
80300, 1181406, 1, 0, 0
80400, 1159416, 1, 0, 0
80500, 1185248, 1, 0, 0
80600, 1129439, 1, 0, 0
80700, 1184886, 1, 0, 0
80800, 1188850, 1, 0, 0
80900, 1215607, 1, 0, 0
81000, 1245569, 1, 0, 0
81101, 1179603, 1, 0, 0
81200, 1251342, 1, 0, 0
81300, 1174783, 1, 0, 0
81400, 1185933, 1, 0, 0
81500, 1131156, 1, 0, 0
81600, 1191461, 1, 0, 0
81700, 1246172, 1, 0, 0
81801, 1148245, 1, 0, 0
81900, 1148467, 1, 0, 0
82000, 1188000, 1, 0, 0
82100, 1145645, 1, 0, 0
82201, 1140878, 1, 0, 0
82300, 1259623, 1, 0, 0
82401, 1179233, 1, 0, 0
82500, 1180399, 1, 0, 0
82600, 1148287, 1, 0, 0
82700, 1152848, 1, 0, 0
82800, 1264173, 1, 0, 0
82900, 1064829, 1, 0, 0
83001, 1171053, 1, 0, 0
83100, 1193295, 1, 0, 0
83200, 1182806, 1, 0, 0
83300, 1145149, 1, 0, 0
83400, 1128894, 1, 0, 0
83500, 1157805, 1, 0, 0
83600, 1155672, 1, 0, 0
83700, 1122538, 1, 0, 0
83800, 1114026, 1, 0, 0
83900, 1181177, 1, 0, 0
84000, 1167544, 1, 0, 0
84100, 1131966, 1, 0, 0
84200, 1156563, 1, 0, 0
84301, 1227982, 1, 0, 0
84400, 1176774, 1, 0, 0
84500, 1235429, 1, 0, 0
84601, 1174300, 1, 0, 0
84700, 1155414, 1, 0, 0
84800, 1266224, 1, 0, 0
84900, 1171090, 1, 0, 0
85001, 1155350, 1, 0, 0
85101, 1171395, 1, 0, 0
85201, 1135202, 1, 0, 0
85300, 1234221, 1, 0, 0
85400, 1183918, 1, 0, 0
85500, 1117284, 1, 0, 0
85600, 1204712, 1, 0, 0
85700, 1135196, 1, 0, 0
85800, 1260108, 1, 0, 0
85900, 1173931, 1, 0, 0
86000, 1115899, 1, 0, 0
86100, 1123758, 1, 0, 0
86200, 1125410, 1, 0, 0
86300, 1229214, 1, 0, 0
86400, 1069058, 1, 0, 0
86500, 1125981, 1, 0, 0
86601, 1223726, 1, 0, 0
86700, 1141936, 1, 0, 0
86800, 1158765, 1, 0, 0
86900, 1097728, 1, 0, 0
87001, 1141885, 1, 0, 0
87100, 1177446, 1, 0, 0
87200, 1185226, 1, 0, 0
87300, 1104543, 1, 0, 0
87400, 1179389, 1, 0, 0
87500, 1130932, 1, 0, 0
87600, 1169696, 1, 0, 0
87700, 1196825, 1, 0, 0
87800, 1109543, 1, 0, 0
87900, 1124960, 1, 0, 0
88000, 1160835, 1, 0, 0
88100, 1140359, 1, 0, 0
88200, 1165221, 1, 0, 0
88300, 1172401, 1, 0, 0
88400, 1138116, 1, 0, 0
88501, 1182340, 1, 0, 0
88600, 1128599, 1, 0, 0
88700, 1155868, 1, 0, 0
88800, 1135717, 1, 0, 0
88900, 1087613, 1, 0, 0
89000, 1175141, 1, 0, 0
89100, 1141219, 1, 0, 0
89200, 1125153, 1, 0, 0
89300, 1134155, 1, 0, 0
89401, 1136105, 1, 0, 0
89500, 1168610, 1, 0, 0
89600, 1149389, 1, 0, 0
89700, 1197923, 1, 0, 0
89800, 1137362, 1, 0, 0
89900, 1181582, 1, 0, 0
90000, 1177296, 1, 0, 0
90101, 1072978, 1, 0, 0
90200, 1154744, 1, 0, 0
90301, 1174766, 1, 0, 0
90400, 1135053, 1, 0, 0
90500, 1141431, 1, 0, 0
90600, 1159707, 1, 0, 0
90701, 1177850, 1, 0, 0
90800, 1132491, 1, 0, 0
90900, 1169703, 1, 0, 0
91000, 1189828, 1, 0, 0
91100, 1109425, 1, 0, 0
91200, 1123131, 1, 0, 0
91300, 1117486, 1, 0, 0
91400, 1159128, 1, 0, 0
91500, 1205658, 1, 0, 0
91600, 1227791, 1, 0, 0
91700, 1183594, 1, 0, 0
91801, 1167715, 1, 0, 0
91900, 1059654, 1, 0, 0
92000, 1142447, 1, 0, 0
92101, 1200148, 1, 0, 0
92201, 1170123, 1, 0, 0
92300, 1193653, 1, 0, 0
92401, 1302404, 1, 0, 0
92500, 1151852, 1, 0, 0
92600, 1205889, 1, 0, 0
92700, 1132280, 1, 0, 0
92800, 1132328, 1, 0, 0
92900, 1139149, 1, 0, 0
93000, 1148833, 1, 0, 0
93100, 1135654, 1, 0, 0
93201, 1165242, 1, 0, 0
93300, 1115852, 1, 0, 0
93401, 1193367, 1, 0, 0
93500, 1135634, 1, 0, 0
93600, 1108746, 1, 0, 0
93700, 1087341, 1, 0, 0
93800, 1119807, 1, 0, 0
93900, 1122483, 1, 0, 0
94000, 1200516, 1, 0, 0
94100, 1081961, 1, 0, 0
94200, 1110370, 1, 0, 0
94300, 1142624, 1, 0, 0
94400, 1182277, 1, 0, 0
94500, 1129111, 1, 0, 0
94600, 1091735, 1, 0, 0
94700, 1175225, 1, 0, 0
94800, 1121090, 1, 0, 0
94901, 1116436, 1, 0, 0
95000, 1143228, 1, 0, 0
95100, 1147814, 1, 0, 0
95200, 1117356, 1, 0, 0
95300, 1149514, 1, 0, 0
95400, 1118908, 1, 0, 0
95501, 1148821, 1, 0, 0
95600, 1124170, 1, 0, 0
95701, 1161905, 1, 0, 0
95800, 1195949, 1, 0, 0
95900, 1141864, 1, 0, 0
96000, 1166055, 1, 0, 0
96100, 1152720, 1, 0, 0
96200, 1159580, 1, 0, 0
96300, 1122119, 1, 0, 0
96400, 1102830, 1, 0, 0
96500, 1117123, 1, 0, 0
96600, 1140495, 1, 0, 0
96701, 1174187, 1, 0, 0
96800, 1202283, 1, 0, 0
96900, 1223131, 1, 0, 0
97000, 1192479, 1, 0, 0
97100, 1186242, 1, 0, 0
97200, 1162595, 1, 0, 0
97300, 1132244, 1, 0, 0
97400, 1113796, 1, 0, 0
97501, 1243262, 1, 0, 0
97600, 1193807, 1, 0, 0
97700, 1132847, 1, 0, 0
97800, 1217401, 1, 0, 0
97900, 1137925, 1, 0, 0
98000, 1112762, 1, 0, 0
98100, 1147666, 1, 0, 0
98200, 1124905, 1, 0, 0
98300, 1183839, 1, 0, 0
98400, 1139765, 1, 0, 0
98500, 1096604, 1, 0, 0
98600, 1193443, 1, 0, 0
98700, 1194811, 1, 0, 0
98800, 1150617, 1, 0, 0
98900, 1125802, 1, 0, 0
99000, 1164757, 1, 0, 0
99101, 1138159, 1, 0, 0
99201, 1187862, 1, 0, 0
99300, 1120453, 1, 0, 0
99400, 1120282, 1, 0, 0
99500, 1192471, 1, 0, 0
99600, 1144355, 1, 0, 0
99700, 1168252, 1, 0, 0
99801, 1158166, 1, 0, 0
99900, 1186606, 1, 0, 0
100000, 1106632, 1, 0, 0
100100, 1105323, 1, 0, 0
100200, 1121558, 1, 0, 0
100300, 1136368, 1, 0, 0
100401, 1119325, 1, 0, 0
100500, 1134296, 1, 0, 0
100600, 1100573, 1, 0, 0
100701, 1151186, 1, 0, 0
100800, 1081553, 1, 0, 0
100900, 1167382, 1, 0, 0
101000, 1132746, 1, 0, 0
101100, 1205084, 1, 0, 0
101200, 1182790, 1, 0, 0
101301, 1171229, 1, 0, 0
101400, 1152310, 1, 0, 0
101500, 1219717, 1, 0, 0
101600, 1187610, 1, 0, 0
101700, 1184282, 1, 0, 0
101800, 1161412, 1, 0, 0
101900, 1150082, 1, 0, 0
102001, 1132715, 1, 0, 0
102100, 1121255, 1, 0, 0
102200, 1121196, 1, 0, 0
102300, 1141512, 1, 0, 0
102400, 1112455, 1, 0, 0
102500, 1129354, 1, 0, 0
102601, 1137869, 1, 0, 0
102700, 1145402, 1, 0, 0
102800, 1143515, 1, 0, 0
102900, 1140917, 1, 0, 0
103000, 1191516, 1, 0, 0
103100, 1143741, 1, 0, 0
103200, 1103536, 1, 0, 0
103300, 1122986, 1, 0, 0
103400, 1111505, 1, 0, 0
103500, 1156552, 1, 0, 0
103600, 1101948, 1, 0, 0
103700, 1124143, 1, 0, 0
103800, 1082355, 1, 0, 0
103900, 1184068, 1, 0, 0
104000, 1140717, 1, 0, 0
104100, 1132696, 1, 0, 0
104200, 1132994, 1, 0, 0
104300, 1143622, 1, 0, 0
104400, 1154212, 1, 0, 0
104500, 1093094, 1, 0, 0
104600, 1069586, 1, 0, 0
104700, 1119844, 1, 0, 0
104800, 1086702, 1, 0, 0
104900, 1142537, 1, 0, 0
105000, 1159214, 1, 0, 0
105101, 1129737, 1, 0, 0
105200, 1184081, 1, 0, 0
105300, 1162030, 1, 0, 0
105401, 1100272, 1, 0, 0
105500, 1134613, 1, 0, 0
105600, 1122991, 1, 0, 0
105700, 1194131, 1, 0, 0
105801, 1092885, 1, 0, 0
105900, 1121782, 1, 0, 0
106000, 1128732, 1, 0, 0
106100, 1104895, 1, 0, 0
106200, 1164781, 1, 0, 0
106300, 1114652, 1, 0, 0
106400, 1135140, 1, 0, 0
106500, 1088484, 1, 0, 0
106600, 1127440, 1, 0, 0
106700, 1125487, 1, 0, 0
106800, 1143827, 1, 0, 0
106901, 1148920, 1, 0, 0
107000, 1063349, 1, 0, 0
107100, 1115209, 1, 0, 0
107200, 1106237, 1, 0, 0
107301, 1220528, 1, 0, 0
107401, 1156170, 1, 0, 0
107501, 1108210, 1, 0, 0
107600, 1040785, 1, 0, 0
107700, 1089515, 1, 0, 0
107800, 1098659, 1, 0, 0
107900, 1107659, 1, 0, 0
108000, 1086471, 1, 0, 0
108100, 1065992, 1, 0, 0
108200, 1102555, 1, 0, 0
108300, 1081839, 1, 0, 0
108401, 1101365, 1, 0, 0
108500, 1094738, 1, 0, 0
108600, 1145936, 1, 0, 0
108701, 1102336, 1, 0, 0
108800, 1103290, 1, 0, 0
108900, 1067146, 1, 0, 0
109000, 1111622, 1, 0, 0
109100, 1082355, 1, 0, 0
109200, 1131436, 1, 0, 0
109300, 1120768, 1, 0, 0
109400, 1130342, 1, 0, 0
109500, 1076526, 1, 0, 0
109600, 1114277, 1, 0, 0
109701, 1135868, 1, 0, 0
109800, 1092596, 1, 0, 0
109900, 1100643, 1, 0, 0
110000, 1099124, 1, 0, 0
110101, 1083237, 1, 0, 0
110200, 1109676, 1, 0, 0
110300, 1124327, 1, 0, 0
110400, 1121197, 1, 0, 0
110500, 1121133, 1, 0, 0
110600, 1105913, 1, 0, 0
110700, 1085596, 1, 0, 0
110800, 1145713, 1, 0, 0
110900, 1116962, 1, 0, 0
111000, 1053944, 1, 0, 0
111100, 1057456, 1, 0, 0
111200, 1068050, 1, 0, 0
111300, 1098766, 1, 0, 0
111400, 1184822, 1, 0, 0
111500, 1095738, 1, 0, 0
111600, 1047810, 1, 0, 0
111701, 1135567, 1, 0, 0
111800, 1057685, 1, 0, 0
111900, 1087077, 1, 0, 0
112000, 1080378, 1, 0, 0
112100, 1115027, 1, 0, 0
112200, 1076581, 1, 0, 0
112300, 1106536, 1, 0, 0
112400, 1084376, 1, 0, 0
112501, 1062922, 1, 0, 0
112600, 1109405, 1, 0, 0
112700, 1061565, 1, 0, 0
112800, 1080391, 1, 0, 0
112900, 1007794, 1, 0, 0
113000, 1091306, 1, 0, 0
113100, 1029562, 1, 0, 0
113200, 1119698, 1, 0, 0
113300, 1080307, 1, 0, 0
113400, 1106570, 1, 0, 0
113500, 1103846, 1, 0, 0
113600, 1089817, 1, 0, 0
113700, 1073648, 1, 0, 0
113800, 1085570, 1, 0, 0
113900, 1034922, 1, 0, 0
114000, 1092923, 1, 0, 0
114101, 1137795, 1, 0, 0
114201, 1132024, 1, 0, 0
114300, 1084770, 1, 0, 0
114401, 1051680, 1, 0, 0
114500, 1077376, 1, 0, 0
114600, 1089955, 1, 0, 0
114700, 1124909, 1, 0, 0
114800, 1074307, 1, 0, 0
114900, 1076793, 1, 0, 0
115000, 1088169, 1, 0, 0
115100, 1038075, 1, 0, 0
115200, 1091401, 1, 0, 0
115300, 1054292, 1, 0, 0
115400, 1067981, 1, 0, 0
115500, 1064068, 1, 0, 0
115600, 1073526, 1, 0, 0
115700, 1047017, 1, 0, 0
115801, 1123807, 1, 0, 0
115900, 1057041, 1, 0, 0
116001, 1085806, 1, 0, 0
116100, 1080061, 1, 0, 0
116200, 1113223, 1, 0, 0
116300, 1129492, 1, 0, 0
116400, 1141514, 1, 0, 0
116500, 1094822, 1, 0, 0
116600, 1082449, 1, 0, 0
116700, 1094434, 1, 0, 0
116800, 1098060, 1, 0, 0
116900, 1055806, 1, 0, 0
117000, 1078933, 1, 0, 0
117100, 1100185, 1, 0, 0
117200, 1043374, 1, 0, 0
117300, 1076353, 1, 0, 0
117401, 1087837, 1, 0, 0
117500, 1157593, 1, 0, 0
117600, 1091647, 1, 0, 0
117700, 1104794, 1, 0, 0
117800, 1091318, 1, 0, 0
117900, 1027396, 1, 0, 0
118000, 1084175, 1, 0, 0
118102, 1033966, 1, 0, 0
118200, 1147852, 1, 0, 0
118300, 1039536, 1, 0, 0
118400, 1096589, 1, 0, 0
118500, 1036112, 1, 0, 0
118600, 1132564, 1, 0, 0
118701, 1022701, 1, 0, 0
118800, 1072424, 1, 0, 0
118901, 1057280, 1, 0, 0
119000, 1051705, 1, 0, 0
119100, 1042605, 1, 0, 0
119200, 1082793, 1, 0, 0
119301, 1091404, 1, 0, 0
119400, 1132800, 1, 0, 0
119501, 1067226, 1, 0, 0
119600, 1056742, 1, 0, 0
119700, 1087398, 1, 0, 0
119801, 1126885, 1, 0, 0
119901, 1096578, 1, 0, 0
120000, 1198773, 1, 0, 0
120100, 1079314, 1, 0, 0
120200, 1058887, 1, 0, 0
120300, 1136220, 1, 0, 0
120400, 1029144, 1, 0, 0
120501, 1050454, 1, 0, 0
120600, 1056490, 1, 0, 0
120700, 1077897, 1, 0, 0
120800, 1059458, 1, 0, 0
120900, 1087814, 1, 0, 0
121000, 1026941, 1, 0, 0
121100, 1035152, 1, 0, 0
121200, 1012517, 1, 0, 0
121300, 1007220, 1, 0, 0
121401, 1116514, 1, 0, 0
121500, 1055603, 1, 0, 0
121600, 1017478, 1, 0, 0
121700, 1120266, 1, 0, 0
121800, 1052897, 1, 0, 0
121900, 1093756, 1, 0, 0
122000, 1078875, 1, 0, 0
122100, 1057604, 1, 0, 0
122201, 1003430, 1, 0, 0
122300, 1078851, 1, 0, 0
122400, 1077290, 1, 0, 0
122500, 1079318, 1, 0, 0
122601, 1092107, 1, 0, 0
122700, 1043284, 1, 0, 0
122800, 1101869, 1, 0, 0
122900, 1029953, 1, 0, 0
123001, 1003939, 1, 0, 0
123100, 1034074, 1, 0, 0
123201, 1156997, 1, 0, 0
123300, 1079632, 1, 0, 0
123400, 1101856, 1, 0, 0
123500, 1098627, 1, 0, 0
123600, 1098619, 1, 0, 0
123700, 1095838, 1, 0, 0
123800, 1102483, 1, 0, 0
123900, 1083553, 1, 0, 0
124000, 1036867, 1, 0, 0
124100, 1035782, 1, 0, 0
124200, 1065069, 1, 0, 0
124300, 1060098, 1, 0, 0
124400, 1133392, 1, 0, 0
124500, 1043588, 1, 0, 0
124600, 1115197, 1, 0, 0
124702, 1078814, 1, 0, 0
124800, 1099981, 1, 0, 0
124901, 1099635, 1, 0, 0
125000, 1121600, 1, 0, 0
125100, 1077023, 1, 0, 0
125201, 1113142, 1, 0, 0
125300, 1098617, 1, 0, 0
125400, 1058546, 1, 0, 0
125501, 1114898, 1, 0, 0
125600, 1075524, 1, 0, 0
125700, 1087595, 1, 0, 0
125800, 1067373, 1, 0, 0
125900, 1099840, 1, 0, 0
126000, 1115704, 1, 0, 0
126100, 1087207, 1, 0, 0
126200, 1108986, 1, 0, 0
126300, 1141695, 1, 0, 0
126400, 1070992, 1, 0, 0
126500, 1050857, 1, 0, 0
126600, 1110193, 1, 0, 0
126700, 1097483, 1, 0, 0
126800, 1027439, 1, 0, 0
126900, 1067982, 1, 0, 0
127000, 1059339, 1, 0, 0
127100, 1087507, 1, 0, 0
127200, 1079850, 1, 0, 0
127300, 1089464, 1, 0, 0
127400, 1098677, 1, 0, 0
127500, 1070408, 1, 0, 0
127600, 1004525, 1, 0, 0
127700, 1096599, 1, 0, 0
127801, 1116743, 1, 0, 0
127900, 1053639, 1, 0, 0
128000, 1085617, 1, 0, 0
128100, 1082725, 1, 0, 0
128200, 1044314, 1, 0, 0
128300, 1084295, 1, 0, 0
128400, 1076012, 1, 0, 0
128500, 1017314, 1, 0, 0
128600, 1058872, 1, 0, 0
128700, 1039195, 1, 0, 0
128800, 1164667, 1, 0, 0
128900, 1075396, 1, 0, 0
129001, 1093012, 1, 0, 0
129100, 1100452, 1, 0, 0
129200, 1060842, 1, 0, 0
129300, 1056076, 1, 0, 0
129400, 1056402, 1, 0, 0
129500, 1090311, 1, 0, 0
129600, 1026024, 1, 0, 0
129700, 1061074, 1, 0, 0
129800, 1100769, 1, 0, 0
129900, 1121640, 1, 0, 0
130000, 1098111, 1, 0, 0
130101, 1073998, 1, 0, 0
130200, 1086037, 1, 0, 0
130300, 1039995, 1, 0, 0
130400, 1074167, 1, 0, 0
130500, 1064777, 1, 0, 0
130602, 1075489, 1, 0, 0
130700, 1041697, 1, 0, 0
130800, 1098865, 1, 0, 0
130900, 1049291, 1, 0, 0
131000, 1096355, 1, 0, 0
131100, 1039444, 1, 0, 0
131200, 1073392, 1, 0, 0
131300, 1107549, 1, 0, 0
131400, 1135632, 1, 0, 0
131500, 1081379, 1, 0, 0
131600, 1057985, 1, 0, 0
131701, 1091813, 1, 0, 0
131800, 1066196, 1, 0, 0
131901, 1078304, 1, 0, 0
132000, 1084372, 1, 0, 0
132100, 1056106, 1, 0, 0
132200, 1088391, 1, 0, 0
132300, 1089857, 1, 0, 0
132400, 1086405, 1, 0, 0
132500, 1030880, 1, 0, 0
132600, 1087531, 1, 0, 0
132700, 1080165, 1, 0, 0
132800, 1114209, 1, 0, 0
132900, 1124858, 1, 0, 0
133002, 1132451, 1, 0, 0
133101, 1120211, 1, 0, 0
133200, 1051296, 1, 0, 0
133301, 1095226, 1, 0, 0
133400, 1020644, 1, 0, 0
133501, 1171685, 1, 0, 0
133600, 1108350, 1, 0, 0
133700, 1083132, 1, 0, 0
133800, 1061571, 1, 0, 0
133900, 1085366, 1, 0, 0
134000, 1033040, 1, 0, 0
134100, 1106555, 1, 0, 0
134201, 1093764, 1, 0, 0
134301, 1090115, 1, 0, 0
134400, 1095936, 1, 0, 0
134500, 1061693, 1, 0, 0
134601, 1137393, 1, 0, 0
134700, 1079972, 1, 0, 0
134800, 1091015, 1, 0, 0
134900, 1133386, 1, 0, 0
135000, 1092957, 1, 0, 0
135100, 1052654, 1, 0, 0
135200, 1095742, 1, 0, 0
135300, 1063958, 1, 0, 0
135400, 1039838, 1, 0, 0
135500, 1119901, 1, 0, 0
135600, 1086261, 1, 0, 0
135700, 1088902, 1, 0, 0
135800, 1076459, 1, 0, 0
135900, 1090518, 1, 0, 0
136000, 1047969, 1, 0, 0
136100, 1104171, 1, 0, 0
136200, 1066760, 1, 0, 0
136300, 1091922, 1, 0, 0
136400, 1060210, 1, 0, 0
136500, 1078616, 1, 0, 0
136600, 1071722, 1, 0, 0
136700, 1029030, 1, 0, 0
136800, 1108102, 1, 0, 0
136901, 1109451, 1, 0, 0
137000, 1070913, 1, 0, 0
137100, 1009377, 1, 0, 0
137200, 1081329, 1, 0, 0
137300, 1066014, 1, 0, 0
137401, 1057755, 1, 0, 0
137500, 1050720, 1, 0, 0
137601, 1060667, 1, 0, 0
137700, 1035612, 1, 0, 0
137800, 1076912, 1, 0, 0
137900, 1053044, 1, 0, 0
138001, 1088985, 1, 0, 0
138100, 1082852, 1, 0, 0
138201, 1058397, 1, 0, 0
138300, 1018439, 1, 0, 0
138400, 1026087, 1, 0, 0
138500, 1052438, 1, 0, 0
138600, 1074054, 1, 0, 0
138701, 1053915, 1, 0, 0
138801, 1084978, 1, 0, 0
138900, 1081942, 1, 0, 0
139000, 1072553, 1, 0, 0
139100, 1074833, 1, 0, 0
139200, 1173089, 1, 0, 0
139300, 1103972, 1, 0, 0
139400, 1031671, 1, 0, 0
139501, 1074336, 1, 0, 0
139600, 1095718, 1, 0, 0
139700, 1039023, 1, 0, 0
139800, 1081166, 1, 0, 0
139900, 1126448, 1, 0, 0
140000, 1040713, 1, 0, 0
140100, 1049700, 1, 0, 0
140200, 1138873, 1, 0, 0
140300, 1079192, 1, 0, 0
140400, 1000335, 1, 0, 0
140501, 1084295, 1, 0, 0
140602, 1118395, 1, 0, 0
140700, 1028789, 1, 0, 0
140800, 1050850, 1, 0, 0
140900, 1064441, 1, 0, 0
141000, 1093629, 1, 0, 0
141100, 1046160, 1, 0, 0
141200, 1072910, 1, 0, 0
141300, 1056769, 1, 0, 0
141400, 1056932, 1, 0, 0
141500, 1102827, 1, 0, 0
141600, 1097036, 1, 0, 0
141700, 1037066, 1, 0, 0
141801, 1062414, 1, 0, 0
141900, 1058365, 1, 0, 0
142001, 1102212, 1, 0, 0
142100, 1051553, 1, 0, 0
142200, 1042191, 1, 0, 0
142301, 1076561, 1, 0, 0
142400, 1025800, 1, 0, 0
142500, 1002048, 1, 0, 0
142600, 1033879, 1, 0, 0
142700, 1038008, 1, 0, 0
142800, 1057314, 1, 0, 0
142900, 1043596, 1, 0, 0
143000, 1107722, 1, 0, 0
143100, 1079534, 1, 0, 0
143200, 1029671, 1, 0, 0
143300, 1090947, 1, 0, 0
143400, 1090059, 1, 0, 0
143500, 1050560, 1, 0, 0
143600, 1103966, 1, 0, 0
143700, 1054746, 1, 0, 0
143800, 1044186, 1, 0, 0
143900, 1056245, 1, 0, 0
144000, 1102156, 1, 0, 0
144100, 1075189, 1, 0, 0
144200, 1055034, 1, 0, 0
144301, 1053725, 1, 0, 0
144400, 1065989, 1, 0, 0
144500, 1063349, 1, 0, 0
144600, 1029536, 1, 0, 0
144700, 1046648, 1, 0, 0
144800, 1047967, 1, 0, 0
144900, 1015514, 1, 0, 0
145000, 1061880, 1, 0, 0
145100, 1161973, 1, 0, 0
145200, 1069269, 1, 0, 0
145300, 1063353, 1, 0, 0
145400, 1061221, 1, 0, 0
145501, 1052520, 1, 0, 0
145600, 1082844, 1, 0, 0
145700, 1030247, 1, 0, 0
145800, 989611, 1, 0, 0
145900, 1025818, 1, 0, 0
146000, 1018753, 1, 0, 0
146100, 1031201, 1, 0, 0
146200, 1047200, 1, 0, 0
146300, 1054946, 1, 0, 0
146400, 1091355, 1, 0, 0
146501, 1084685, 1, 0, 0
146600, 1073887, 1, 0, 0
146700, 1018729, 1, 0, 0
146800, 1063798, 1, 0, 0
146900, 1080733, 1, 0, 0
147000, 1103358, 1, 0, 0
147100, 1077363, 1, 0, 0
147200, 1034514, 1, 0, 0
147301, 1094359, 1, 0, 0
147400, 1030514, 1, 0, 0
147501, 1091165, 1, 0, 0
147600, 1059027, 1, 0, 0
147700, 1032129, 1, 0, 0
147801, 1070148, 1, 0, 0
147900, 1002982, 1, 0, 0
148000, 1037877, 1, 0, 0
148100, 1064129, 1, 0, 0
148200, 1042067, 1, 0, 0
148300, 1027213, 1, 0, 0
148400, 1079586, 1, 0, 0
148500, 1097571, 1, 0, 0
148600, 1042979, 1, 0, 0
148700, 1048835, 1, 0, 0
148801, 1048283, 1, 0, 0
148900, 998821, 1, 0, 0
149000, 1002765, 1, 0, 0
149100, 1075755, 1, 0, 0
149200, 1088873, 1, 0, 0
149300, 1035492, 1, 0, 0
149400, 1070233, 1, 0, 0
149500, 990627, 1, 0, 0
149600, 1065308, 1, 0, 0
149700, 1070336, 1, 0, 0
149800, 1071887, 1, 0, 0
149900, 1049752, 1, 0, 0
150000, 1022629, 1, 0, 0
150100, 998741, 1, 0, 0
150200, 1072853, 1, 0, 0
150300, 1052426, 1, 0, 0
150400, 1148046, 1, 0, 0
150500, 1031094, 1, 0, 0
150600, 1055882, 1, 0, 0
150700, 1072818, 1, 0, 0
150800, 1099715, 1, 0, 0
150900, 1083060, 1, 0, 0
151000, 1099202, 1, 0, 0
151100, 1062517, 1, 0, 0
151200, 1052809, 1, 0, 0
151300, 1066648, 1, 0, 0
151400, 1049054, 1, 0, 0
151500, 1056294, 1, 0, 0
151600, 1034210, 1, 0, 0
151700, 1055174, 1, 0, 0
151801, 1064133, 1, 0, 0
151901, 1015223, 1, 0, 0
152001, 1112489, 1, 0, 0
152100, 1015684, 1, 0, 0
152200, 998803, 1, 0, 0
152300, 1034835, 1, 0, 0
152400, 1047744, 1, 0, 0
152500, 1038756, 1, 0, 0
152601, 1064169, 1, 0, 0
152701, 1060076, 1, 0, 0
152800, 1058218, 1, 0, 0
152900, 1037131, 1, 0, 0
153000, 1068456, 1, 0, 0
153100, 1080258, 1, 0, 0
153201, 1095970, 1, 0, 0
153300, 1043934, 1, 0, 0
153401, 1036416, 1, 0, 0
153501, 1066676, 1, 0, 0
153600, 1071833, 1, 0, 0
153700, 1068232, 1, 0, 0
153800, 1039587, 1, 0, 0
153900, 1054460, 1, 0, 0
154000, 1041759, 1, 0, 0
154100, 1008446, 1, 0, 0
154200, 1069504, 1, 0, 0
154300, 1075447, 1, 0, 0
154400, 1003397, 1, 0, 0
154500, 1004048, 1, 0, 0
154600, 978556, 1, 0, 0
154700, 1060436, 1, 0, 0
154800, 1008163, 1, 0, 0
154900, 1043580, 1, 0, 0
155000, 1014892, 1, 0, 0
155100, 1000282, 1, 0, 0
155200, 1024905, 1, 0, 0
155300, 1045842, 1, 0, 0
155400, 1022854, 1, 0, 0
155500, 1085556, 1, 0, 0
155600, 1062748, 1, 0, 0
155700, 1066120, 1, 0, 0
155800, 1068868, 1, 0, 0
155900, 1075163, 1, 0, 0
156000, 1051991, 1, 0, 0
156100, 1028258, 1, 0, 0
156200, 1022577, 1, 0, 0
156300, 1073925, 1, 0, 0
156400, 1053517, 1, 0, 0
156501, 1062489, 1, 0, 0
156600, 1062345, 1, 0, 0
156700, 1042331, 1, 0, 0
156800, 1030987, 1, 0, 0
156900, 1036476, 1, 0, 0
157000, 1052889, 1, 0, 0
157100, 1036830, 1, 0, 0
157200, 1007877, 1, 0, 0
157300, 1001775, 1, 0, 0
157400, 999827, 1, 0, 0
157500, 1039958, 1, 0, 0
157600, 1051499, 1, 0, 0
157700, 1022572, 1, 0, 0
157800, 1005678, 1, 0, 0
157900, 1042245, 1, 0, 0
158000, 1021183, 1, 0, 0
158100, 1019703, 1, 0, 0
158200, 1011378, 1, 0, 0
158300, 1027635, 1, 0, 0
158400, 1051070, 1, 0, 0
158500, 1076087, 1, 0, 0
158601, 1022257, 1, 0, 0
158700, 1069452, 1, 0, 0
158800, 1118515, 1, 0, 0
158900, 1041919, 1, 0, 0
159000, 1017637, 1, 0, 0
159100, 1003872, 1, 0, 0
159200, 1025456, 1, 0, 0
159300, 1076342, 1, 0, 0
159400, 1088869, 1, 0, 0
159500, 1066738, 1, 0, 0
159600, 1029784, 1, 0, 0
159700, 1092692, 1, 0, 0
159800, 1047290, 1, 0, 0
159900, 997255, 1, 0, 0
160000, 1053492, 1, 0, 0
160100, 1067505, 1, 0, 0
160200, 1020409, 1, 0, 0
160300, 1002983, 1, 0, 0
160400, 1015671, 1, 0, 0
160500, 1051946, 1, 0, 0
160600, 1069604, 1, 0, 0
160700, 1039118, 1, 0, 0
160800, 1035004, 1, 0, 0
160900, 1044025, 1, 0, 0
161000, 1031408, 1, 0, 0
161100, 1028020, 1, 0, 0
161200, 1090134, 1, 0, 0
161300, 1032014, 1, 0, 0
161400, 1033435, 1, 0, 0
161500, 1030008, 1, 0, 0
161601, 1019756, 1, 0, 0
161700, 1045232, 1, 0, 0
161800, 1036211, 1, 0, 0
161900, 1078087, 1, 0, 0
162000, 1041730, 1, 0, 0
162101, 1019358, 1, 0, 0
162200, 1023706, 1, 0, 0
162300, 1021754, 1, 0, 0
162401, 1002576, 1, 0, 0
162501, 1010716, 1, 0, 0
162600, 1011917, 1, 0, 0
162700, 1003912, 1, 0, 0
162800, 1048982, 1, 0, 0
162900, 1044512, 1, 0, 0
163000, 1102336, 1, 0, 0
163101, 1060927, 1, 0, 0
163200, 1074236, 1, 0, 0
163300, 1016147, 1, 0, 0
163401, 1017474, 1, 0, 0
163500, 1049429, 1, 0, 0
163600, 1045980, 1, 0, 0
163700, 1030411, 1, 0, 0
163800, 1069691, 1, 0, 0
163900, 1059667, 1, 0, 0
164000, 1048757, 1, 0, 0
164100, 1133606, 1, 0, 0
164200, 1031947, 1, 0, 0
164300, 1088388, 1, 0, 0
164400, 1086106, 1, 0, 0
164500, 1037505, 1, 0, 0
164600, 996753, 1, 0, 0
164700, 1009492, 1, 0, 0
164800, 1079432, 1, 0, 0
164900, 1095663, 1, 0, 0
165000, 1098273, 1, 0, 0
165100, 1038033, 1, 0, 0
165200, 1049893, 1, 0, 0
165300, 1021108, 1, 0, 0
165400, 1060964, 1, 0, 0
165500, 1063937, 1, 0, 0
165600, 1032667, 1, 0, 0
165700, 1011039, 1, 0, 0
165800, 1126147, 1, 0, 0
165900, 1050135, 1, 0, 0
166000, 1012362, 1, 0, 0
166100, 1047399, 1, 0, 0
166200, 1028568, 1, 0, 0
166300, 1050859, 1, 0, 0
166400, 1029807, 1, 0, 0
166500, 1062539, 1, 0, 0
166600, 1039055, 1, 0, 0
166700, 1006375, 1, 0, 0
166800, 1019909, 1, 0, 0
166900, 1019215, 1, 0, 0
167000, 1025333, 1, 0, 0
167100, 1021594, 1, 0, 0
167200, 1048980, 1, 0, 0
167300, 1069652, 1, 0, 0
167400, 1051162, 1, 0, 0
167500, 1004886, 1, 0, 0
167600, 1029612, 1, 0, 0
167700, 996121, 1, 0, 0
167800, 978156, 1, 0, 0
167900, 989938, 1, 0, 0
168000, 1046493, 1, 0, 0
168100, 1009251, 1, 0, 0
168200, 979828, 1, 0, 0
168300, 1060574, 1, 0, 0
168400, 1028898, 1, 0, 0
168500, 992605, 1, 0, 0
168600, 1030665, 1, 0, 0
168700, 973558, 1, 0, 0
168800, 992885, 1, 0, 0
168900, 1037168, 1, 0, 0
169000, 1018089, 1, 0, 0
169100, 1049589, 1, 0, 0
169200, 1018651, 1, 0, 0
169300, 1054919, 1, 0, 0
169400, 1050581, 1, 0, 0
169500, 1014363, 1, 0, 0
169602, 1051932, 1, 0, 0
169700, 999707, 1, 0, 0
169800, 987547, 1, 0, 0
169900, 984919, 1, 0, 0
170000, 1043485, 1, 0, 0
170100, 1064916, 1, 0, 0
170200, 1004376, 1, 0, 0
170300, 993444, 1, 0, 0
170400, 1058879, 1, 0, 0
170500, 1000607, 1, 0, 0
170600, 1003306, 1, 0, 0
170700, 1026755, 1, 0, 0
170800, 998396, 1, 0, 0
170900, 1005955, 1, 0, 0
171000, 1037271, 1, 0, 0
171101, 1052716, 1, 0, 0
171200, 1017007, 1, 0, 0
171300, 996949, 1, 0, 0
171400, 986698, 1, 0, 0
171500, 979714, 1, 0, 0
171600, 996366, 1, 0, 0
171700, 1005990, 1, 0, 0
171800, 1016092, 1, 0, 0
171900, 961432, 1, 0, 0
172000, 1017553, 1, 0, 0
172100, 960473, 1, 0, 0
172200, 1000601, 1, 0, 0
172300, 970416, 1, 0, 0
172400, 990414, 1, 0, 0
172500, 994866, 1, 0, 0
172600, 1017287, 1, 0, 0
172700, 991443, 1, 0, 0
172800, 1031794, 1, 0, 0
172901, 986512, 1, 0, 0
173000, 1013497, 1, 0, 0
173100, 1066941, 1, 0, 0
173200, 1021381, 1, 0, 0
173300, 977660, 1, 0, 0
173400, 1046359, 1, 0, 0
173500, 1012425, 1, 0, 0
173600, 1009564, 1, 0, 0
173700, 1017758, 1, 0, 0
173800, 1041804, 1, 0, 0
173900, 1047464, 1, 0, 0
174000, 1036237, 1, 0, 0
174100, 1083907, 1, 0, 0
174200, 988603, 1, 0, 0
174300, 1055725, 1, 0, 0
174400, 991062, 1, 0, 0
174500, 1011432, 1, 0, 0
174600, 1018559, 1, 0, 0
174700, 1067623, 1, 0, 0
174801, 1017974, 1, 0, 0
174900, 1028852, 1, 0, 0
175000, 1013039, 1, 0, 0
175101, 1045932, 1, 0, 0
175200, 998006, 1, 0, 0
175300, 991749, 1, 0, 0
175400, 988380, 1, 0, 0
175500, 1011784, 1, 0, 0
175600, 995501, 1, 0, 0
175700, 1049826, 1, 0, 0
175800, 973850, 1, 0, 0
175900, 972440, 1, 0, 0
176000, 1018125, 1, 0, 0
176101, 1006502, 1, 0, 0
176200, 1026966, 1, 0, 0
176300, 995452, 1, 0, 0
176400, 1029939, 1, 0, 0
176500, 1064859, 1, 0, 0
176600, 1043459, 1, 0, 0
176700, 1069132, 1, 0, 0
176801, 1074306, 1, 0, 0
176900, 1024197, 1, 0, 0
177000, 1048460, 1, 0, 0
177100, 1006092, 1, 0, 0
177200, 1057844, 1, 0, 0
177300, 991261, 1, 0, 0
177400, 1059907, 1, 0, 0
177500, 1062428, 1, 0, 0
177600, 1080558, 1, 0, 0
177700, 1041144, 1, 0, 0
177800, 1011203, 1, 0, 0
177900, 1067036, 1, 0, 0
178000, 1015048, 1, 0, 0
178100, 1008739, 1, 0, 0
178200, 1054407, 1, 0, 0
178300, 1028247, 1, 0, 0
178400, 1049003, 1, 0, 0
178500, 1039396, 1, 0, 0
178600, 1006786, 1, 0, 0
178700, 1012205, 1, 0, 0
178800, 1011557, 1, 0, 0
178900, 972430, 1, 0, 0
179000, 1008809, 1, 0, 0
179100, 996160, 1, 0, 0
179200, 1046985, 1, 0, 0
179300, 1031971, 1, 0, 0
179400, 1067213, 1, 0, 0
179500, 1018184, 1, 0, 0
179600, 1018675, 1, 0, 0
179700, 1050268, 1, 0, 0
179802, 1040654, 1, 0, 0
179900, 1006218, 1, 0, 0
180000, 1086634, 1, 0, 0
180100, 1066143, 1, 0, 0
180200, 1042026, 1, 0, 0
180300, 1056532, 1, 0, 0
180400, 996727, 1, 0, 0
180501, 1060626, 1, 0, 0
180600, 1010030, 1, 0, 0
180700, 1039085, 1, 0, 0
180800, 1050692, 1, 0, 0
180900, 1043317, 1, 0, 0
181000, 1052893, 1, 0, 0
181100, 990467, 1, 0, 0
181200, 1033217, 1, 0, 0
181300, 1033357, 1, 0, 0
181400, 1045794, 1, 0, 0
181500, 1056080, 1, 0, 0
181600, 1044114, 1, 0, 0
181700, 1089194, 1, 0, 0
181800, 1012137, 1, 0, 0
181900, 1003257, 1, 0, 0
182000, 1044992, 1, 0, 0
182100, 1011753, 1, 0, 0
182200, 986441, 1, 0, 0
182300, 1056476, 1, 0, 0
182401, 1078274, 1, 0, 0
182500, 986511, 1, 0, 0
182600, 1022673, 1, 0, 0
182700, 1040400, 1, 0, 0
182800, 1039856, 1, 0, 0
182901, 1065958, 1, 0, 0
183000, 1027466, 1, 0, 0
183101, 1064167, 1, 0, 0
183200, 1033304, 1, 0, 0
183300, 1025041, 1, 0, 0
183400, 1042267, 1, 0, 0
183500, 1028542, 1, 0, 0
183600, 1062322, 1, 0, 0
183700, 1059818, 1, 0, 0
183800, 1018685, 1, 0, 0
183900, 1010865, 1, 0, 0
184000, 1038047, 1, 0, 0
184100, 1024028, 1, 0, 0
184200, 1018337, 1, 0, 0
184300, 1088688, 1, 0, 0
184400, 1061404, 1, 0, 0
184502, 1104219, 1, 0, 0
184600, 1053859, 1, 0, 0
184700, 1029126, 1, 0, 0
184800, 1140896, 1, 0, 0
184900, 1099553, 1, 0, 0
185001, 1045101, 1, 0, 0
185100, 1115254, 1, 0, 0
185200, 1034329, 1, 0, 0
185301, 1098338, 1, 0, 0
185400, 1038119, 1, 0, 0
185500, 1016302, 1, 0, 0
185600, 1104570, 1, 0, 0
185700, 1047303, 1, 0, 0
185800, 1085154, 1, 0, 0
185900, 1021107, 1, 0, 0
186000, 1060578, 1, 0, 0
186100, 1038935, 1, 0, 0
186200, 1081757, 1, 0, 0
186300, 1019927, 1, 0, 0
186400, 1044521, 1, 0, 0
186500, 1070480, 1, 0, 0
186601, 1077862, 1, 0, 0
186700, 1071053, 1, 0, 0
186800, 1030552, 1, 0, 0
186900, 1020355, 1, 0, 0
187000, 1042607, 1, 0, 0
187100, 1004448, 1, 0, 0
187200, 1002247, 1, 0, 0
187300, 1045050, 1, 0, 0
187400, 1008068, 1, 0, 0
187500, 1034728, 1, 0, 0
187600, 1030656, 1, 0, 0
187700, 1003053, 1, 0, 0
187800, 1005192, 1, 0, 0
187901, 1062430, 1, 0, 0
188000, 1059526, 1, 0, 0
188100, 1040494, 1, 0, 0
188200, 1053477, 1, 0, 0
188300, 1036686, 1, 0, 0
188400, 1087089, 1, 0, 0
188500, 1019016, 1, 0, 0
188600, 1078793, 1, 0, 0
188700, 1093131, 1, 0, 0
188800, 1090436, 1, 0, 0
188900, 1069997, 1, 0, 0
189000, 1050841, 1, 0, 0
189100, 1044388, 1, 0, 0
189200, 1087332, 1, 0, 0
189300, 1035756, 1, 0, 0
189400, 1023828, 1, 0, 0
189500, 1016026, 1, 0, 0
189601, 1091795, 1, 0, 0
189700, 1091758, 1, 0, 0
189800, 1079018, 1, 0, 0
189900, 1040407, 1, 0, 0
190000, 1068690, 1, 0, 0
190100, 1023848, 1, 0, 0
190200, 1085396, 1, 0, 0
190300, 1092884, 1, 0, 0
190401, 1073455, 1, 0, 0
190500, 1073465, 1, 0, 0
190601, 1040393, 1, 0, 0
190700, 1093006, 1, 0, 0
190800, 1071692, 1, 0, 0
190900, 1019507, 1, 0, 0
191000, 1076432, 1, 0, 0
191100, 1061364, 1, 0, 0
191200, 1021788, 1, 0, 0
191300, 1035268, 1, 0, 0
191400, 1074152, 1, 0, 0
191500, 1015322, 1, 0, 0
191600, 1018825, 1, 0, 0
191700, 1047437, 1, 0, 0
191800, 1025456, 1, 0, 0
191900, 987386, 1, 0, 0
192000, 999533, 1, 0, 0
192100, 963690, 1, 0, 0
192200, 1047594, 1, 0, 0
192300, 1017663, 1, 0, 0
192400, 1031705, 1, 0, 0
192500, 1019054, 1, 0, 0
192600, 1039493, 1, 0, 0
192700, 1005444, 1, 0, 0
192800, 999849, 1, 0, 0
192900, 1020801, 1, 0, 0
193000, 1052729, 1, 0, 0
193100, 1047567, 1, 0, 0
193200, 1024807, 1, 0, 0
193300, 1027028, 1, 0, 0
193400, 977023, 1, 0, 0
193500, 1038500, 1, 0, 0
193600, 1044334, 1, 0, 0
193701, 1011392, 1, 0, 0
193800, 1034837, 1, 0, 0
193900, 1051722, 1, 0, 0
194000, 1071164, 1, 0, 0
194100, 997802, 1, 0, 0
194200, 1045222, 1, 0, 0
194300, 1078932, 1, 0, 0
194400, 1028600, 1, 0, 0
194500, 1019062, 1, 0, 0
194600, 1024362, 1, 0, 0
194700, 1099645, 1, 0, 0
194801, 1030526, 1, 0, 0
194900, 1046659, 1, 0, 0
195000, 1012586, 1, 0, 0
195100, 1037809, 1, 0, 0
195200, 1027183, 1, 0, 0
195300, 1039271, 1, 0, 0
195400, 1010561, 1, 0, 0
195500, 1050602, 1, 0, 0
195601, 1020174, 1, 0, 0
195700, 999529, 1, 0, 0
195800, 1016499, 1, 0, 0
195900, 998060, 1, 0, 0
196000, 1020879, 1, 0, 0
196100, 1074597, 1, 0, 0
196200, 1034139, 1, 0, 0
196300, 1017027, 1, 0, 0
196400, 1065667, 1, 0, 0
196500, 1032008, 1, 0, 0
196600, 1044231, 1, 0, 0
196700, 1050877, 1, 0, 0
196800, 1029249, 1, 0, 0
196900, 1016525, 1, 0, 0
197001, 1052276, 1, 0, 0
197100, 1043059, 1, 0, 0
197200, 1011119, 1, 0, 0
197301, 1040448, 1, 0, 0
197400, 1043119, 1, 0, 0
197500, 960508, 1, 0, 0
197600, 1009965, 1, 0, 0
197700, 1024110, 1, 0, 0
197801, 1000804, 1, 0, 0
197900, 1017442, 1, 0, 0
198000, 1013604, 1, 0, 0
198100, 1031099, 1, 0, 0
198200, 1002279, 1, 0, 0
198300, 1008096, 1, 0, 0
198400, 1055379, 1, 0, 0
198500, 1042998, 1, 0, 0
198602, 1076896, 1, 0, 0
198700, 1078849, 1, 0, 0
198800, 1033001, 1, 0, 0
198900, 1006537, 1, 0, 0
199000, 1038301, 1, 0, 0
199100, 1047635, 1, 0, 0
199200, 1020464, 1, 0, 0
199300, 1030926, 1, 0, 0
199400, 1001461, 1, 0, 0
199500, 1024577, 1, 0, 0
199600, 1031088, 1, 0, 0
199700, 1043758, 1, 0, 0
199800, 1020228, 1, 0, 0
199900, 1057963, 1, 0, 0
200000, 1009487, 1, 0, 0
200100, 1000178, 1, 0, 0
200200, 1030835, 1, 0, 0
200300, 1107084, 1, 0, 0
200401, 1005024, 1, 0, 0
200500, 1032596, 1, 0, 0
200600, 1037944, 1, 0, 0
200700, 1018233, 1, 0, 0
200801, 1049325, 1, 0, 0
200900, 989380, 1, 0, 0
201000, 969215, 1, 0, 0
201100, 993976, 1, 0, 0
201200, 1009187, 1, 0, 0
201301, 1028024, 1, 0, 0
201400, 1022546, 1, 0, 0
201500, 1036527, 1, 0, 0
201600, 1061243, 1, 0, 0
201700, 1040839, 1, 0, 0
201800, 1059255, 1, 0, 0
201900, 1062118, 1, 0, 0
202000, 1031080, 1, 0, 0
202100, 1062307, 1, 0, 0
202200, 1072172, 1, 0, 0
202300, 1036682, 1, 0, 0
202400, 1005051, 1, 0, 0
202500, 1025515, 1, 0, 0
202600, 1021820, 1, 0, 0
202700, 995798, 1, 0, 0
202800, 1028340, 1, 0, 0
202900, 1022164, 1, 0, 0
203000, 1006486, 1, 0, 0
203100, 1070884, 1, 0, 0
203200, 996600, 1, 0, 0
203300, 1022795, 1, 0, 0
203400, 997980, 1, 0, 0
203500, 1020208, 1, 0, 0
203600, 1014409, 1, 0, 0
203700, 995135, 1, 0, 0
203800, 995102, 1, 0, 0
203901, 998609, 1, 0, 0
204000, 1046126, 1, 0, 0
204100, 955386, 1, 0, 0
204200, 979620, 1, 0, 0
204300, 1017234, 1, 0, 0
204401, 1032499, 1, 0, 0
204500, 1049121, 1, 0, 0
204600, 1030108, 1, 0, 0
204700, 1015179, 1, 0, 0
204800, 992646, 1, 0, 0
204900, 999364, 1, 0, 0
205000, 1017384, 1, 0, 0
205100, 992054, 1, 0, 0
205200, 1042117, 1, 0, 0
205300, 1003356, 1, 0, 0
205400, 1002308, 1, 0, 0
205500, 1018882, 1, 0, 0
205600, 1012570, 1, 0, 0
205700, 983350, 1, 0, 0
205800, 1071106, 1, 0, 0
205900, 1039542, 1, 0, 0
206000, 1035383, 1, 0, 0
206100, 987451, 1, 0, 0
206200, 965539, 1, 0, 0
206300, 1042089, 1, 0, 0
206400, 1041703, 1, 0, 0
206500, 1029895, 1, 0, 0
206600, 1044544, 1, 0, 0
206700, 1004392, 1, 0, 0
206800, 1008631, 1, 0, 0
206901, 1057770, 1, 0, 0
207000, 1048511, 1, 0, 0
207100, 1012183, 1, 0, 0
207200, 1038842, 1, 0, 0
207301, 1026921, 1, 0, 0
207400, 1000880, 1, 0, 0
207500, 1015743, 1, 0, 0
207600, 1025624, 1, 0, 0
207700, 1070717, 1, 0, 0
207800, 1043712, 1, 0, 0
207900, 981395, 1, 0, 0
208000, 997440, 1, 0, 0
208100, 1039751, 1, 0, 0
208200, 990127, 1, 0, 0
208300, 1017850, 1, 0, 0
208400, 1052700, 1, 0, 0
208500, 1015078, 1, 0, 0
208600, 1018452, 1, 0, 0
208700, 990306, 1, 0, 0
208800, 992335, 1, 0, 0
208900, 1035167, 1, 0, 0
209000, 994312, 1, 0, 0
209100, 969619, 1, 0, 0
209200, 984171, 1, 0, 0
209300, 992874, 1, 0, 0
209400, 1006590, 1, 0, 0
209500, 1043267, 1, 0, 0
209600, 978997, 1, 0, 0
209700, 987105, 1, 0, 0
209800, 1008853, 1, 0, 0
209900, 1009028, 1, 0, 0
210000, 1043373, 1, 0, 0
210100, 1027406, 1, 0, 0
210201, 1043284, 1, 0, 0
210300, 1004886, 1, 0, 0
210400, 1023172, 1, 0, 0
210500, 1008577, 1, 0, 0
210600, 999482, 1, 0, 0
210700, 995955, 1, 0, 0
210800, 1044881, 1, 0, 0
210901, 1000420, 1, 0, 0
211000, 1001437, 1, 0, 0
211101, 1079509, 1, 0, 0
211200, 996084, 1, 0, 0
211300, 1047862, 1, 0, 0
211400, 990119, 1, 0, 0
211500, 1060564, 1, 0, 0
211600, 1032908, 1, 0, 0
211700, 976916, 1, 0, 0
211800, 1011081, 1, 0, 0
211900, 990297, 1, 0, 0
212000, 1010090, 1, 0, 0
212100, 1046106, 1, 0, 0
212200, 997802, 1, 0, 0
212300, 1021188, 1, 0, 0
212400, 1043160, 1, 0, 0
212500, 998125, 1, 0, 0
212600, 1038297, 1, 0, 0
212700, 1020652, 1, 0, 0
212800, 1035790, 1, 0, 0
212900, 1055154, 1, 0, 0
213000, 1060534, 1, 0, 0
213100, 968660, 1, 0, 0
213200, 1006715, 1, 0, 0
213300, 1005167, 1, 0, 0
213400, 998698, 1, 0, 0
213500, 1015926, 1, 0, 0
213600, 1025650, 1, 0, 0
213700, 998202, 1, 0, 0
213800, 1006460, 1, 0, 0
213900, 1032163, 1, 0, 0
214000, 984813, 1, 0, 0
214100, 1025034, 1, 0, 0
214200, 1053641, 1, 0, 0
214300, 1038199, 1, 0, 0
214400, 1039213, 1, 0, 0
214500, 1004157, 1, 0, 0
214600, 1019953, 1, 0, 0
214700, 1010242, 1, 0, 0
214800, 1009493, 1, 0, 0
214900, 992681, 1, 0, 0
215000, 1027025, 1, 0, 0
215100, 1050306, 1, 0, 0
215200, 1009712, 1, 0, 0
215300, 1026194, 1, 0, 0
215400, 996392, 1, 0, 0
215500, 998359, 1, 0, 0
215600, 1036847, 1, 0, 0
215700, 1057656, 1, 0, 0
215800, 980272, 1, 0, 0
215900, 997301, 1, 0, 0
216000, 1010912, 1, 0, 0
216100, 986428, 1, 0, 0
216200, 979206, 1, 0, 0
216300, 1003462, 1, 0, 0
216400, 972361, 1, 0, 0
216500, 1022096, 1, 0, 0
216601, 1038639, 1, 0, 0
216700, 970911, 1, 0, 0
216800, 988592, 1, 0, 0
216901, 978309, 1, 0, 0
217000, 1031445, 1, 0, 0
217101, 995144, 1, 0, 0
217200, 1018824, 1, 0, 0
217301, 1025771, 1, 0, 0
217400, 965489, 1, 0, 0
217500, 1005868, 1, 0, 0
217600, 1011361, 1, 0, 0
217700, 1016497, 1, 0, 0
217800, 1018478, 1, 0, 0
217900, 1010303, 1, 0, 0
218000, 1065221, 1, 0, 0
218100, 1004721, 1, 0, 0
218201, 1064273, 1, 0, 0
218300, 1027413, 1, 0, 0
218400, 996029, 1, 0, 0
218500, 1056337, 1, 0, 0
218600, 1069187, 1, 0, 0
218700, 1013645, 1, 0, 0
218800, 1028124, 1, 0, 0
218900, 1010616, 1, 0, 0
219000, 1057865, 1, 0, 0
219100, 1044769, 1, 0, 0
219200, 1003938, 1, 0, 0
219300, 1002803, 1, 0, 0
219400, 1031269, 1, 0, 0
219500, 1035312, 1, 0, 0
219601, 993731, 1, 0, 0
219700, 1020663, 1, 0, 0
219800, 1039277, 1, 0, 0
219900, 1013328, 1, 0, 0
220000, 1018441, 1, 0, 0
220100, 1032219, 1, 0, 0
220200, 1005932, 1, 0, 0
220300, 1008118, 1, 0, 0
220400, 1040890, 1, 0, 0
220501, 1050257, 1, 0, 0
220600, 1008801, 1, 0, 0
220701, 1020033, 1, 0, 0
220800, 1032185, 1, 0, 0
220900, 1034440, 1, 0, 0
221000, 1034912, 1, 0, 0
221100, 972187, 1, 0, 0
221200, 1033977, 1, 0, 0
221300, 1018123, 1, 0, 0
221400, 1052114, 1, 0, 0
221500, 1053854, 1, 0, 0
221600, 1033539, 1, 0, 0
221700, 1011397, 1, 0, 0
221800, 1041629, 1, 0, 0
221900, 1025652, 1, 0, 0
222000, 1017281, 1, 0, 0
222101, 1016475, 1, 0, 0
222200, 1088872, 1, 0, 0
222300, 1041016, 1, 0, 0
222400, 970684, 1, 0, 0
222500, 991676, 1, 0, 0
222600, 968250, 1, 0, 0
222700, 976991, 1, 0, 0
222800, 1024729, 1, 0, 0
222900, 1039158, 1, 0, 0
223000, 1018492, 1, 0, 0
223100, 998394, 1, 0, 0
223201, 1013508, 1, 0, 0
223300, 1060429, 1, 0, 0
223400, 1021213, 1, 0, 0
223500, 992284, 1, 0, 0
223600, 1096538, 1, 0, 0
223700, 963025, 1, 0, 0
223800, 987621, 1, 0, 0
223901, 1047548, 1, 0, 0
224000, 1043348, 1, 0, 0
224100, 1040166, 1, 0, 0
224200, 997696, 1, 0, 0
224300, 991263, 1, 0, 0
224400, 1015310, 1, 0, 0
224501, 1074556, 1, 0, 0
224600, 1023095, 1, 0, 0
224700, 1054694, 1, 0, 0
224800, 967143, 1, 0, 0
224900, 1048122, 1, 0, 0
225000, 985187, 1, 0, 0
225100, 987001, 1, 0, 0
225200, 977999, 1, 0, 0
225300, 944770, 1, 0, 0
225400, 1010781, 1, 0, 0
225500, 963344, 1, 0, 0
225600, 975038, 1, 0, 0
225700, 1018145, 1, 0, 0
225800, 983640, 1, 0, 0
225900, 961861, 1, 0, 0
226000, 1027207, 1, 0, 0
226100, 1006018, 1, 0, 0
226200, 1047015, 1, 0, 0
226300, 986791, 1, 0, 0
226400, 1029675, 1, 0, 0
226500, 965741, 1, 0, 0
226600, 944055, 1, 0, 0
226700, 998420, 1, 0, 0
226800, 948817, 1, 0, 0
226900, 1008971, 1, 0, 0
227000, 1023483, 1, 0, 0
227100, 971642, 1, 0, 0
227200, 1015042, 1, 0, 0
227300, 974115, 1, 0, 0
227400, 1012979, 1, 0, 0
227500, 1025967, 1, 0, 0
227600, 989394, 1, 0, 0
227700, 992554, 1, 0, 0
227800, 949855, 1, 0, 0
227900, 982703, 1, 0, 0
228000, 1074085, 1, 0, 0
228100, 1007083, 1, 0, 0
228200, 1012003, 1, 0, 0
228300, 1011436, 1, 0, 0
228400, 994085, 1, 0, 0
228500, 976412, 1, 0, 0
228600, 1015193, 1, 0, 0
228700, 944943, 1, 0, 0
228800, 984859, 1, 0, 0
228900, 970058, 1, 0, 0
229000, 996346, 1, 0, 0
229100, 969136, 1, 0, 0
229200, 1018943, 1, 0, 0
229300, 1013348, 1, 0, 0
229400, 1055418, 1, 0, 0
229501, 1018179, 1, 0, 0
229600, 995814, 1, 0, 0
229700, 995534, 1, 0, 0
229800, 966977, 1, 0, 0
229900, 1041288, 1, 0, 0
230000, 1035990, 1, 0, 0
230100, 990345, 1, 0, 0
230200, 1014057, 1, 0, 0
230301, 993439, 1, 0, 0
230400, 1037451, 1, 0, 0
230500, 959910, 1, 0, 0
230600, 973332, 1, 0, 0
230700, 984778, 1, 0, 0
230800, 980947, 1, 0, 0
230900, 992412, 1, 0, 0
231000, 1023358, 1, 0, 0
231100, 1011601, 1, 0, 0
231200, 993288, 1, 0, 0
231300, 971115, 1, 0, 0
231401, 1003787, 1, 0, 0
231500, 959054, 1, 0, 0
231600, 977831, 1, 0, 0
231700, 1003961, 1, 0, 0
231800, 968871, 1, 0, 0
231901, 991133, 1, 0, 0
232000, 1000377, 1, 0, 0
232101, 1002770, 1, 0, 0
232200, 1008234, 1, 0, 0
232300, 995284, 1, 0, 0
232400, 1016251, 1, 0, 0
232500, 991255, 1, 0, 0
232600, 1036850, 1, 0, 0
232701, 1036840, 1, 0, 0
232800, 1013758, 1, 0, 0
232900, 973196, 1, 0, 0
233000, 967698, 1, 0, 0
233101, 999047, 1, 0, 0
233200, 1014247, 1, 0, 0
233300, 973697, 1, 0, 0
233400, 1028099, 1, 0, 0
233500, 991009, 1, 0, 0
233600, 997951, 1, 0, 0
233700, 994169, 1, 0, 0
233800, 1029849, 1, 0, 0
233900, 940319, 1, 0, 0
234000, 1011584, 1, 0, 0
234100, 958260, 1, 0, 0
234200, 978719, 1, 0, 0
234300, 1052021, 1, 0, 0
234400, 977668, 1, 0, 0
234500, 1006222, 1, 0, 0
234600, 980443, 1, 0, 0
234700, 990865, 1, 0, 0
234800, 942317, 1, 0, 0
234900, 987094, 1, 0, 0
235000, 979200, 1, 0, 0
235101, 1018974, 1, 0, 0
235200, 978955, 1, 0, 0
235300, 953585, 1, 0, 0
235400, 1007025, 1, 0, 0
235500, 996790, 1, 0, 0
235600, 995836, 1, 0, 0
235700, 1004318, 1, 0, 0
235800, 991698, 1, 0, 0
235901, 1032600, 1, 0, 0
236000, 994811, 1, 0, 0
236100, 972265, 1, 0, 0
236202, 978956, 1, 0, 0
236300, 1005930, 1, 0, 0
236400, 974910, 1, 0, 0
236500, 1005804, 1, 0, 0
236600, 986018, 1, 0, 0
236700, 980392, 1, 0, 0
236800, 1012798, 1, 0, 0
236900, 1007840, 1, 0, 0
237000, 1013167, 1, 0, 0
237100, 1017245, 1, 0, 0
237200, 979039, 1, 0, 0
237300, 1012834, 1, 0, 0
237400, 976470, 1, 0, 0
237500, 976658, 1, 0, 0
237600, 980213, 1, 0, 0
237700, 1014274, 1, 0, 0
237800, 953533, 1, 0, 0
237900, 1055686, 1, 0, 0
238000, 1015657, 1, 0, 0
238100, 1024520, 1, 0, 0
238200, 1028832, 1, 0, 0
238300, 976720, 1, 0, 0
238400, 959991, 1, 0, 0
238500, 1022925, 1, 0, 0
238600, 992839, 1, 0, 0
238700, 1013920, 1, 0, 0
238800, 1045511, 1, 0, 0
238900, 992279, 1, 0, 0
239000, 997477, 1, 0, 0
239100, 1073661, 1, 0, 0
239200, 967909, 1, 0, 0
239300, 1007356, 1, 0, 0
239400, 993487, 1, 0, 0
239500, 966887, 1, 0, 0
239601, 1007266, 1, 0, 0
239700, 1007841, 1, 0, 0
239800, 1036246, 1, 0, 0
239900, 978591, 1, 0, 0
240000, 1043696, 1, 0, 0
240100, 1055154, 1, 0, 0
240200, 1014554, 1, 0, 0
240300, 1014924, 1, 0, 0
240400, 1098964, 1, 0, 0
240500, 1028361, 1, 0, 0
240600, 1001343, 1, 0, 0
240700, 1007990, 1, 0, 0
240800, 1034694, 1, 0, 0
240900, 994365, 1, 0, 0
241000, 1005742, 1, 0, 0
241100, 1013973, 1, 0, 0
241200, 1000183, 1, 0, 0
241300, 1031225, 1, 0, 0
241400, 1003910, 1, 0, 0
241500, 991744, 1, 0, 0
241600, 1032048, 1, 0, 0
241700, 995456, 1, 0, 0
241800, 1031197, 1, 0, 0
241900, 1037372, 1, 0, 0
242000, 973661, 1, 0, 0
242101, 996650, 1, 0, 0
242200, 1029513, 1, 0, 0
242300, 993463, 1, 0, 0
242400, 1001232, 1, 0, 0
242501, 1023915, 1, 0, 0
242600, 1004422, 1, 0, 0
242702, 1066307, 1, 0, 0
242800, 965212, 1, 0, 0
242900, 995024, 1, 0, 0
243000, 1048289, 1, 0, 0
243100, 981639, 1, 0, 0
243200, 1008301, 1, 0, 0
243300, 996255, 1, 0, 0
243400, 1045517, 1, 0, 0
243500, 1005503, 1, 0, 0
243600, 1001184, 1, 0, 0
243700, 996355, 1, 0, 0
243800, 998311, 1, 0, 0
243901, 1029289, 1, 0, 0
244000, 989423, 1, 0, 0
244100, 1009693, 1, 0, 0
244200, 992867, 1, 0, 0
244300, 978156, 1, 0, 0
244400, 981560, 1, 0, 0
244500, 1014927, 1, 0, 0
244600, 1015234, 1, 0, 0
244700, 1048684, 1, 0, 0
244801, 1031981, 1, 0, 0
244900, 1027918, 1, 0, 0
245000, 1009798, 1, 0, 0
245100, 988702, 1, 0, 0
245200, 989158, 1, 0, 0
245300, 981082, 1, 0, 0
245400, 980412, 1, 0, 0
245500, 958866, 1, 0, 0
245600, 1104075, 1, 0, 0
245700, 1063715, 1, 0, 0
245800, 1016335, 1, 0, 0
245900, 1051097, 1, 0, 0
246000, 1004516, 1, 0, 0
246101, 1030792, 1, 0, 0
246201, 1034411, 1, 0, 0
246300, 1038519, 1, 0, 0
246400, 1053249, 1, 0, 0
246500, 999959, 1, 0, 0
246600, 1028646, 1, 0, 0
246700, 1040761, 1, 0, 0
246800, 1039858, 1, 0, 0
246901, 1043146, 1, 0, 0
247000, 1053353, 1, 0, 0
247100, 1031264, 1, 0, 0
247200, 1046217, 1, 0, 0
247300, 1024706, 1, 0, 0
247400, 996578, 1, 0, 0
247500, 1025597, 1, 0, 0
247600, 991321, 1, 0, 0
247700, 1024100, 1, 0, 0
247800, 1048576, 1, 0, 0
247900, 1058585, 1, 0, 0
248000, 1012341, 1, 0, 0
248100, 1045311, 1, 0, 0
248200, 1013729, 1, 0, 0
248300, 1028179, 1, 0, 0
248400, 1019861, 1, 0, 0
248500, 1031253, 1, 0, 0
248600, 1049879, 1, 0, 0
248700, 1014730, 1, 0, 0
248800, 969437, 1, 0, 0
248900, 1047784, 1, 0, 0
249000, 1022930, 1, 0, 0
249100, 1049184, 1, 0, 0
249200, 983683, 1, 0, 0
249300, 1023599, 1, 0, 0
249401, 1004542, 1, 0, 0
249500, 1000307, 1, 0, 0
249600, 919225, 1, 0, 0
249700, 986672, 1, 0, 0
249800, 1013408, 1, 0, 0
249900, 1036822, 1, 0, 0
250000, 987888, 1, 0, 0
250100, 1014360, 1, 0, 0
250200, 983635, 1, 0, 0
250300, 994293, 1, 0, 0
250400, 956467, 1, 0, 0
250500, 1012046, 1, 0, 0
250600, 1018265, 1, 0, 0
250700, 1009886, 1, 0, 0
250801, 1038706, 1, 0, 0
250900, 1027640, 1, 0, 0
251000, 1038691, 1, 0, 0
251100, 1019602, 1, 0, 0
251200, 1010423, 1, 0, 0
251300, 1034358, 1, 0, 0
251400, 1013611, 1, 0, 0
251500, 1022923, 1, 0, 0
251600, 1044596, 1, 0, 0
251700, 992663, 1, 0, 0
251801, 1036085, 1, 0, 0
251900, 940777, 1, 0, 0
252000, 982157, 1, 0, 0
252100, 1002056, 1, 0, 0
252200, 1020924, 1, 0, 0
252300, 991124, 1, 0, 0
252400, 1003135, 1, 0, 0
252500, 967939, 1, 0, 0
252600, 981965, 1, 0, 0
252700, 1057473, 1, 0, 0
252800, 1009589, 1, 0, 0
252900, 1003670, 1, 0, 0
253001, 1010718, 1, 0, 0
253100, 1019113, 1, 0, 0
253200, 962018, 1, 0, 0
253301, 1014654, 1, 0, 0
253400, 1072359, 1, 0, 0
253500, 1028180, 1, 0, 0
253601, 1009053, 1, 0, 0
253700, 1017689, 1, 0, 0
253800, 1021899, 1, 0, 0
253900, 1011553, 1, 0, 0
254000, 1020203, 1, 0, 0
254100, 1004202, 1, 0, 0
254200, 987388, 1, 0, 0
254300, 1026740, 1, 0, 0
254401, 1042322, 1, 0, 0
254500, 1016105, 1, 0, 0
254600, 1023225, 1, 0, 0
254700, 1026849, 1, 0, 0
254800, 1021467, 1, 0, 0
254900, 1038475, 1, 0, 0
255000, 995469, 1, 0, 0
255100, 1072944, 1, 0, 0
255200, 974080, 1, 0, 0
255300, 1011700, 1, 0, 0
255400, 977999, 1, 0, 0
255500, 983592, 1, 0, 0
255600, 1042327, 1, 0, 0
255700, 1002551, 1, 0, 0
255800, 1042409, 1, 0, 0
255900, 976401, 1, 0, 0
256000, 998787, 1, 0, 0
256100, 946054, 1, 0, 0
256200, 974939, 1, 0, 0
256300, 957435, 1, 0, 0
256400, 971289, 1, 0, 0
256500, 959720, 1, 0, 0
256600, 979098, 1, 0, 0
256700, 986825, 1, 0, 0
256800, 973070, 1, 0, 0
256900, 952254, 1, 0, 0
257000, 950730, 1, 0, 0
257100, 1015021, 1, 0, 0
257200, 990406, 1, 0, 0
257300, 1054072, 1, 0, 0
257400, 966775, 1, 0, 0
257500, 1000905, 1, 0, 0
257600, 987455, 1, 0, 0
257701, 1006341, 1, 0, 0
257800, 1001190, 1, 0, 0
257901, 1013541, 1, 0, 0
258000, 1012735, 1, 0, 0
258101, 1018732, 1, 0, 0
258200, 999462, 1, 0, 0
258300, 970874, 1, 0, 0
258400, 958184, 1, 0, 0
258500, 994969, 1, 0, 0
258600, 996153, 1, 0, 0
258700, 993499, 1, 0, 0
258800, 972497, 1, 0, 0
258900, 997640, 1, 0, 0
259000, 1008359, 1, 0, 0
259100, 982382, 1, 0, 0
259200, 968349, 1, 0, 0
259300, 1012487, 1, 0, 0
259400, 1010421, 1, 0, 0
259500, 1010595, 1, 0, 0
259600, 993831, 1, 0, 0
259700, 1038194, 1, 0, 0
259800, 966294, 1, 0, 0
259900, 966117, 1, 0, 0
260000, 1016182, 1, 0, 0
260100, 985593, 1, 0, 0
260201, 1014895, 1, 0, 0
260300, 969660, 1, 0, 0
260400, 1023535, 1, 0, 0
260500, 976383, 1, 0, 0
260600, 1035365, 1, 0, 0
260700, 1036985, 1, 0, 0
260800, 1033986, 1, 0, 0
260900, 1015980, 1, 0, 0
261000, 984698, 1, 0, 0
261100, 971229, 1, 0, 0
261200, 954140, 1, 0, 0
261300, 970495, 1, 0, 0
261400, 1001653, 1, 0, 0
261500, 988780, 1, 0, 0
261600, 972649, 1, 0, 0
261700, 1018505, 1, 0, 0
261800, 1004066, 1, 0, 0
261900, 1011699, 1, 0, 0
262000, 1032650, 1, 0, 0
262100, 1015255, 1, 0, 0
262200, 983730, 1, 0, 0
262301, 953503, 1, 0, 0
262400, 983584, 1, 0, 0
262500, 957240, 1, 0, 0
262600, 995169, 1, 0, 0
262700, 1045239, 1, 0, 0
262800, 1023742, 1, 0, 0
262901, 1037295, 1, 0, 0
263000, 989941, 1, 0, 0
263100, 993087, 1, 0, 0
263201, 1019582, 1, 0, 0
263300, 1053946, 1, 0, 0
263400, 987591, 1, 0, 0
263500, 985519, 1, 0, 0
263600, 980421, 1, 0, 0
263700, 1008997, 1, 0, 0
263800, 970361, 1, 0, 0
263900, 1046090, 1, 0, 0
264000, 990146, 1, 0, 0
264100, 1017492, 1, 0, 0
264200, 962899, 1, 0, 0
264300, 1009003, 1, 0, 0
264400, 1049323, 1, 0, 0
264500, 1003795, 1, 0, 0
264600, 959329, 1, 0, 0
264701, 979985, 1, 0, 0
264800, 966711, 1, 0, 0
264900, 1002452, 1, 0, 0
265000, 993089, 1, 0, 0
265100, 1003276, 1, 0, 0
265200, 992166, 1, 0, 0
265300, 1002326, 1, 0, 0
265400, 978279, 1, 0, 0
265500, 1052895, 1, 0, 0
265600, 1015018, 1, 0, 0
265700, 1022230, 1, 0, 0
265800, 1017694, 1, 0, 0
265900, 1032065, 1, 0, 0
266001, 1023257, 1, 0, 0
266101, 1003984, 1, 0, 0
266200, 950085, 1, 0, 0
266300, 951970, 1, 0, 0
266400, 972944, 1, 0, 0
266500, 998412, 1, 0, 0
266600, 1022370, 1, 0, 0
266700, 953854, 1, 0, 0
266800, 979767, 1, 0, 0
266900, 996064, 1, 0, 0
267001, 969201, 1, 0, 0
267100, 992396, 1, 0, 0
267200, 998748, 1, 0, 0
267300, 977341, 1, 0, 0
267400, 993574, 1, 0, 0
267500, 991923, 1, 0, 0
267600, 974121, 1, 0, 0
267700, 1016686, 1, 0, 0
267800, 983115, 1, 0, 0
267901, 993260, 1, 0, 0
268000, 989413, 1, 0, 0
268100, 1024953, 1, 0, 0
268200, 990266, 1, 0, 0
268300, 1008773, 1, 0, 0
268400, 1004580, 1, 0, 0
268500, 997107, 1, 0, 0
268600, 1014593, 1, 0, 0
268700, 1042990, 1, 0, 0
268800, 1029397, 1, 0, 0
268900, 1048678, 1, 0, 0
269000, 1003745, 1, 0, 0
269100, 1067294, 1, 0, 0
269200, 945450, 1, 0, 0
269300, 1024371, 1, 0, 0
269400, 1015824, 1, 0, 0
269500, 1018820, 1, 0, 0
269600, 1033881, 1, 0, 0
269700, 990140, 1, 0, 0
269800, 1005835, 1, 0, 0
269900, 1033182, 1, 0, 0
270000, 1039496, 1, 0, 0
270100, 974549, 1, 0, 0
270200, 1021291, 1, 0, 0
270300, 988294, 1, 0, 0
270400, 962652, 1, 0, 0
270500, 953461, 1, 0, 0
270600, 1004371, 1, 0, 0
270700, 996365, 1, 0, 0
270800, 994871, 1, 0, 0
270900, 976112, 1, 0, 0
271000, 1030797, 1, 0, 0
271100, 974622, 1, 0, 0
271200, 965149, 1, 0, 0
271300, 934813, 1, 0, 0
271400, 990382, 1, 0, 0
271501, 1043396, 1, 0, 0
271600, 1011340, 1, 0, 0
271700, 965461, 1, 0, 0
271800, 1009197, 1, 0, 0
271900, 972872, 1, 0, 0
272000, 1004683, 1, 0, 0
272100, 985188, 1, 0, 0
272200, 983726, 1, 0, 0
272300, 1058558, 1, 0, 0
272400, 969789, 1, 0, 0
272500, 1008935, 1, 0, 0
272600, 1024064, 1, 0, 0
272700, 1002092, 1, 0, 0
272800, 997733, 1, 0, 0
272900, 976138, 1, 0, 0
273000, 999295, 1, 0, 0
273100, 968539, 1, 0, 0
273200, 969159, 1, 0, 0
273300, 1040003, 1, 0, 0
273400, 983332, 1, 0, 0
273500, 960348, 1, 0, 0
273600, 989922, 1, 0, 0
273700, 980843, 1, 0, 0
273800, 989435, 1, 0, 0
273901, 1025541, 1, 0, 0
274000, 985966, 1, 0, 0
274100, 990814, 1, 0, 0
274200, 967838, 1, 0, 0
274300, 996509, 1, 0, 0
274400, 975870, 1, 0, 0
274500, 1012673, 1, 0, 0
274600, 982856, 1, 0, 0
274700, 1015317, 1, 0, 0
274800, 988792, 1, 0, 0
274900, 948842, 1, 0, 0
275000, 1000237, 1, 0, 0
275100, 1008081, 1, 0, 0
275200, 976625, 1, 0, 0
275301, 1036799, 1, 0, 0
275400, 983092, 1, 0, 0
275501, 979092, 1, 0, 0
275600, 1044398, 1, 0, 0
275700, 988939, 1, 0, 0
275800, 1008484, 1, 0, 0
275900, 1004476, 1, 0, 0
276000, 960283, 1, 0, 0
276100, 1018428, 1, 0, 0
276200, 990203, 1, 0, 0
276300, 994406, 1, 0, 0
276400, 1019146, 1, 0, 0
276500, 1039934, 1, 0, 0
276600, 1053228, 1, 0, 0
276700, 1019488, 1, 0, 0
276800, 1015793, 1, 0, 0
276900, 1025908, 1, 0, 0
277000, 974724, 1, 0, 0
277100, 980425, 1, 0, 0
277200, 976949, 1, 0, 0
277300, 989485, 1, 0, 0
277400, 958936, 1, 0, 0
277500, 1012578, 1, 0, 0
277601, 954771, 1, 0, 0
277700, 988220, 1, 0, 0
277800, 998931, 1, 0, 0
277900, 1013784, 1, 0, 0
278000, 996305, 1, 0, 0
278100, 928809, 1, 0, 0
278201, 986186, 1, 0, 0
278300, 996515, 1, 0, 0
278400, 1003249, 1, 0, 0
278500, 1050689, 1, 0, 0
278600, 1011713, 1, 0, 0
278700, 969258, 1, 0, 0
278800, 990750, 1, 0, 0
278900, 1020733, 1, 0, 0
279000, 1015954, 1, 0, 0
279100, 1051262, 1, 0, 0
279200, 995132, 1, 0, 0
279300, 974945, 1, 0, 0
279401, 988510, 1, 0, 0
279500, 969016, 1, 0, 0
279600, 1004534, 1, 0, 0
279700, 995360, 1, 0, 0
279800, 969675, 1, 0, 0
279900, 1006777, 1, 0, 0
280000, 1002501, 1, 0, 0
280100, 1005582, 1, 0, 0
280200, 937621, 1, 0, 0
280300, 965045, 1, 0, 0
280400, 997069, 1, 0, 0
280500, 991436, 1, 0, 0
280600, 982465, 1, 0, 0
280700, 1040080, 1, 0, 0
280800, 1043159, 1, 0, 0
280900, 995656, 1, 0, 0
281000, 1034830, 1, 0, 0
281101, 1012261, 1, 0, 0
281200, 995908, 1, 0, 0
281300, 976226, 1, 0, 0
281400, 1006057, 1, 0, 0
281500, 968837, 1, 0, 0
281600, 1013674, 1, 0, 0
281700, 1011418, 1, 0, 0
281800, 969704, 1, 0, 0
281900, 974496, 1, 0, 0
282000, 1002883, 1, 0, 0
282100, 1066513, 1, 0, 0
282200, 915000, 1, 0, 0
282300, 1007399, 1, 0, 0
282400, 962005, 1, 0, 0
282500, 979865, 1, 0, 0
282600, 955004, 1, 0, 0
282700, 952448, 1, 0, 0
282800, 979849, 1, 0, 0
282900, 988961, 1, 0, 0
283001, 966700, 1, 0, 0
283100, 966719, 1, 0, 0
283200, 990782, 1, 0, 0
283300, 1007737, 1, 0, 0
283400, 1020884, 1, 0, 0
283500, 991139, 1, 0, 0
283600, 961007, 1, 0, 0
283700, 1013240, 1, 0, 0
283801, 951955, 1, 0, 0
283900, 979925, 1, 0, 0
284000, 968857, 1, 0, 0
284100, 1047507, 1, 0, 0
284200, 970293, 1, 0, 0
284300, 983338, 1, 0, 0
284400, 974454, 1, 0, 0
284500, 973147, 1, 0, 0
284600, 991422, 1, 0, 0
284700, 983857, 1, 0, 0
284800, 963821, 1, 0, 0
284900, 1048812, 1, 0, 0
285000, 938272, 1, 0, 0
285100, 970739, 1, 0, 0
285200, 1023887, 1, 0, 0
285300, 960246, 1, 0, 0
285400, 980694, 1, 0, 0
285500, 995330, 1, 0, 0
285600, 1014765, 1, 0, 0
285700, 1022840, 1, 0, 0
285800, 1011984, 1, 0, 0
285900, 966942, 1, 0, 0
286000, 1038434, 1, 0, 0
286100, 1011324, 1, 0, 0
286200, 959077, 1, 0, 0
286301, 992452, 1, 0, 0
286400, 977086, 1, 0, 0
286500, 1012766, 1, 0, 0
286600, 1008597, 1, 0, 0
286700, 997832, 1, 0, 0
286800, 990221, 1, 0, 0
286900, 941475, 1, 0, 0
287000, 1000342, 1, 0, 0
287100, 971688, 1, 0, 0
287200, 967076, 1, 0, 0
287300, 981380, 1, 0, 0
287400, 985716, 1, 0, 0
287500, 985566, 1, 0, 0
287600, 1008013, 1, 0, 0
287700, 1009457, 1, 0, 0
287800, 975523, 1, 0, 0
287900, 971965, 1, 0, 0
288000, 998696, 1, 0, 0
288100, 1029392, 1, 0, 0
288200, 1002203, 1, 0, 0
288300, 1033120, 1, 0, 0
288401, 975526, 1, 0, 0
288500, 959420, 1, 0, 0
288600, 1002690, 1, 0, 0
288700, 1020582, 1, 0, 0
288800, 1032776, 1, 0, 0
288900, 1038982, 1, 0, 0
289000, 1048183, 1, 0, 0
289100, 947033, 1, 0, 0
289200, 1011962, 1, 0, 0
289300, 999382, 1, 0, 0
289400, 977913, 1, 0, 0
289500, 1002510, 1, 0, 0
289600, 972152, 1, 0, 0
289700, 1024354, 1, 0, 0
289800, 1024312, 1, 0, 0
289900, 995734, 1, 0, 0
290000, 969385, 1, 0, 0
290100, 1007167, 1, 0, 0
290200, 1011883, 1, 0, 0
290300, 1056114, 1, 0, 0
290400, 991420, 1, 0, 0
290500, 994644, 1, 0, 0
290600, 949504, 1, 0, 0
290700, 1026468, 1, 0, 0
290800, 1045287, 1, 0, 0
290900, 1004365, 1, 0, 0
291000, 978278, 1, 0, 0
291100, 983600, 1, 0, 0
291200, 974580, 1, 0, 0
291301, 1022564, 1, 0, 0
291400, 979443, 1, 0, 0
291500, 1026787, 1, 0, 0
291600, 972324, 1, 0, 0
291700, 994528, 1, 0, 0
291800, 974062, 1, 0, 0
291900, 1027414, 1, 0, 0
292000, 997612, 1, 0, 0
292100, 953189, 1, 0, 0
292200, 1028832, 1, 0, 0
292300, 958808, 1, 0, 0
292400, 1023675, 1, 0, 0
292500, 953579, 1, 0, 0
292600, 986689, 1, 0, 0
292700, 990068, 1, 0, 0
292800, 961137, 1, 0, 0
292900, 1024508, 1, 0, 0
293000, 1006993, 1, 0, 0
293100, 1020708, 1, 0, 0
293200, 1031141, 1, 0, 0
293300, 1021458, 1, 0, 0
293400, 1018554, 1, 0, 0
293500, 975116, 1, 0, 0
293600, 993027, 1, 0, 0
293700, 993210, 1, 0, 0
293800, 991618, 1, 0, 0
293900, 1002028, 1, 0, 0
294000, 982095, 1, 0, 0
294100, 960953, 1, 0, 0
294200, 1002359, 1, 0, 0
294300, 988763, 1, 0, 0
294400, 981278, 1, 0, 0
294500, 987445, 1, 0, 0
294600, 985956, 1, 0, 0
294700, 1039659, 1, 0, 0
294800, 988235, 1, 0, 0
294901, 1005154, 1, 0, 0
295000, 1000349, 1, 0, 0
295100, 982063, 1, 0, 0
295200, 1025043, 1, 0, 0
295300, 1028419, 1, 0, 0
295400, 1000721, 1, 0, 0
295500, 1013939, 1, 0, 0
295600, 974396, 1, 0, 0
295700, 961816, 1, 0, 0
295800, 993072, 1, 0, 0
295900, 976229, 1, 0, 0
296001, 1064398, 1, 0, 0
296100, 1050558, 1, 0, 0
296201, 982184, 1, 0, 0
296300, 1029602, 1, 0, 0
296401, 989010, 1, 0, 0
296500, 975772, 1, 0, 0
296600, 984568, 1, 0, 0
296700, 968849, 1, 0, 0
296800, 957045, 1, 0, 0
296900, 998623, 1, 0, 0
297000, 1034869, 1, 0, 0
297100, 1021750, 1, 0, 0
297200, 969844, 1, 0, 0
297300, 961667, 1, 0, 0
297400, 988392, 1, 0, 0
297500, 978368, 1, 0, 0
297600, 1018837, 1, 0, 0
297700, 1002131, 1, 0, 0
297801, 975711, 1, 0, 0
297900, 1017689, 1, 0, 0
298000, 980950, 1, 0, 0
298100, 985679, 1, 0, 0
298200, 964950, 1, 0, 0
298300, 971616, 1, 0, 0
298400, 974151, 1, 0, 0
298500, 966223, 1, 0, 0
298601, 990337, 1, 0, 0
298700, 983237, 1, 0, 0
298800, 1030201, 1, 0, 0
298901, 993363, 1, 0, 0
299000, 973942, 1, 0, 0
299100, 1014792, 1, 0, 0
299200, 994685, 1, 0, 0
299300, 988932, 1, 0, 0
299400, 1015784, 1, 0, 0
299500, 1011049, 1, 0, 0
299600, 977486, 1, 0, 0
299700, 988718, 1, 0, 0
299800, 1009513, 1, 0, 0
299900, 995269, 1, 0, 0
300000, 1007190, 1, 0, 0
300100, 1015965, 1, 0, 0
300200, 975053, 1, 0, 0
300300, 1028481, 1, 0, 0
300400, 1058491, 1, 0, 0
300500, 1014951, 1, 0, 0
300600, 988321, 1, 0, 0
300700, 1016176, 1, 0, 0
300800, 1018030, 1, 0, 0
300900, 973115, 1, 0, 0
301000, 975361, 1, 0, 0
301100, 1001801, 1, 0, 0
301200, 1005141, 1, 0, 0
301300, 998985, 1, 0, 0
301400, 979108, 1, 0, 0
301500, 1019563, 1, 0, 0
301600, 988159, 1, 0, 0
301700, 966145, 1, 0, 0
301800, 1029617, 1, 0, 0
301901, 991898, 1, 0, 0
302001, 1002941, 1, 0, 0
302100, 996511, 1, 0, 0
302200, 1029180, 1, 0, 0
302300, 994204, 1, 0, 0
302400, 1022597, 1, 0, 0
302500, 1050587, 1, 0, 0
302600, 997582, 1, 0, 0
302700, 967277, 1, 0, 0
302800, 1056754, 1, 0, 0
302900, 947946, 1, 0, 0
303000, 989275, 1, 0, 0
303100, 986543, 1, 0, 0
303200, 1005122, 1, 0, 0
303300, 1039629, 1, 0, 0
303400, 1011823, 1, 0, 0
303500, 989325, 1, 0, 0
303600, 985964, 1, 0, 0
303700, 954749, 1, 0, 0
303800, 1030814, 1, 0, 0
303900, 1024275, 1, 0, 0
304000, 984919, 1, 0, 0
304100, 974238, 1, 0, 0
304200, 982722, 1, 0, 0
304300, 977407, 1, 0, 0
304400, 992297, 1, 0, 0
304500, 959581, 1, 0, 0
304601, 1030575, 1, 0, 0
304700, 1119189, 1, 0, 0
304800, 995296, 1, 0, 0
304901, 1083919, 1, 0, 0
305000, 1040729, 1, 0, 0
305101, 1014308, 1, 0, 0
305200, 998950, 1, 0, 0
305300, 1004485, 1, 0, 0
305400, 1026782, 1, 0, 0
305501, 1014137, 1, 0, 0
305600, 1058264, 1, 0, 0
305700, 975537, 1, 0, 0
305800, 973756, 1, 0, 0
305900, 983436, 1, 0, 0
306000, 997251, 1, 0, 0
306100, 985821, 1, 0, 0
306200, 981610, 1, 0, 0
306300, 1030592, 1, 0, 0
306400, 972182, 1, 0, 0
306500, 977560, 1, 0, 0
306600, 990420, 1, 0, 0
306700, 1001437, 1, 0, 0
306800, 1028516, 1, 0, 0
306900, 1006998, 1, 0, 0
307000, 951419, 1, 0, 0
307100, 949411, 1, 0, 0
307200, 1006680, 1, 0, 0
307300, 964767, 1, 0, 0
307400, 1002653, 1, 0, 0
307500, 1053904, 1, 0, 0
307600, 983778, 1, 0, 0
307700, 1012937, 1, 0, 0
307800, 1002285, 1, 0, 0
307900, 953713, 1, 0, 0
308000, 1003203, 1, 0, 0
308101, 1020078, 1, 0, 0
308200, 985562, 1, 0, 0
308300, 987963, 1, 0, 0
308400, 1019375, 1, 0, 0
308500, 971772, 1, 0, 0
308601, 998135, 1, 0, 0
308700, 1027391, 1, 0, 0
308800, 987482, 1, 0, 0
308900, 1018627, 1, 0, 0
309000, 973756, 1, 0, 0
309100, 993753, 1, 0, 0
309200, 997241, 1, 0, 0
309300, 985627, 1, 0, 0
309401, 974327, 1, 0, 0
309500, 992461, 1, 0, 0
309600, 947631, 1, 0, 0
309700, 1020102, 1, 0, 0
309800, 979309, 1, 0, 0
309900, 979014, 1, 0, 0
310000, 961492, 1, 0, 0
310101, 960103, 1, 0, 0
310200, 965288, 1, 0, 0
310300, 1005805, 1, 0, 0
310400, 996948, 1, 0, 0
310500, 1018840, 1, 0, 0
310600, 944514, 1, 0, 0
310700, 982069, 1, 0, 0
310800, 981406, 1, 0, 0
310900, 1007794, 1, 0, 0
311000, 976718, 1, 0, 0
311100, 965598, 1, 0, 0
311200, 996361, 1, 0, 0
311301, 1028307, 1, 0, 0
311400, 996398, 1, 0, 0
311500, 974483, 1, 0, 0
311600, 1023436, 1, 0, 0
311700, 1001929, 1, 0, 0
311800, 986752, 1, 0, 0
311900, 1017994, 1, 0, 0
312000, 962232, 1, 0, 0
312101, 991051, 1, 0, 0
312201, 991869, 1, 0, 0
312300, 1014358, 1, 0, 0
312400, 1009330, 1, 0, 0
312500, 991821, 1, 0, 0
312600, 1017753, 1, 0, 0
312700, 1008628, 1, 0, 0
312800, 970474, 1, 0, 0
312900, 1058824, 1, 0, 0
313000, 1034465, 1, 0, 0
313100, 1002347, 1, 0, 0
313200, 1014927, 1, 0, 0
313300, 1075003, 1, 0, 0
313400, 1030406, 1, 0, 0
313501, 1032402, 1, 0, 0
313600, 962757, 1, 0, 0
313700, 968270, 1, 0, 0
313800, 994947, 1, 0, 0
313900, 976860, 1, 0, 0
314000, 985298, 1, 0, 0
314100, 993700, 1, 0, 0
314200, 989822, 1, 0, 0
314300, 964192, 1, 0, 0
314400, 992112, 1, 0, 0
314501, 1001833, 1, 0, 0
314600, 1037993, 1, 0, 0
314700, 1019575, 1, 0, 0
314800, 1002944, 1, 0, 0
314900, 971812, 1, 0, 0
315000, 1033573, 1, 0, 0
315100, 1021626, 1, 0, 0
315200, 992523, 1, 0, 0
315300, 1025142, 1, 0, 0
315400, 1038683, 1, 0, 0
315500, 1024673, 1, 0, 0
315600, 1001682, 1, 0, 0
315700, 1022569, 1, 0, 0
315800, 988234, 1, 0, 0
315900, 1014304, 1, 0, 0
316000, 986544, 1, 0, 0
316100, 992279, 1, 0, 0
316200, 1019064, 1, 0, 0
316300, 996043, 1, 0, 0
316400, 1011942, 1, 0, 0
316500, 1029500, 1, 0, 0
316600, 997026, 1, 0, 0
316700, 1062844, 1, 0, 0
316800, 1056342, 1, 0, 0
316900, 1030675, 1, 0, 0
317000, 1040775, 1, 0, 0
317100, 1020640, 1, 0, 0
317200, 1091533, 1, 0, 0
317300, 1018849, 1, 0, 0
317400, 991739, 1, 0, 0
317500, 1032596, 1, 0, 0
317600, 994947, 1, 0, 0
317700, 982405, 1, 0, 0
317800, 1039141, 1, 0, 0
317900, 1039136, 1, 0, 0
318000, 999756, 1, 0, 0
318100, 1010057, 1, 0, 0
318200, 979111, 1, 0, 0
318300, 997690, 1, 0, 0
318400, 1013504, 1, 0, 0
318500, 1023679, 1, 0, 0
318600, 988960, 1, 0, 0
318700, 1062652, 1, 0, 0
318800, 985782, 1, 0, 0
318900, 1019320, 1, 0, 0
319001, 997693, 1, 0, 0
319100, 1020686, 1, 0, 0
319201, 1027979, 1, 0, 0
319300, 1049486, 1, 0, 0
319400, 1013548, 1, 0, 0
319500, 1031731, 1, 0, 0
319600, 1005792, 1, 0, 0
319700, 1002936, 1, 0, 0
319800, 1019589, 1, 0, 0
319900, 1019680, 1, 0, 0
320000, 1019098, 1, 0, 0
320100, 1025220, 1, 0, 0
320200, 1024137, 1, 0, 0
320300, 1011293, 1, 0, 0
320401, 1011235, 1, 0, 0
320500, 1016377, 1, 0, 0
320600, 1013125, 1, 0, 0
320700, 1012133, 1, 0, 0
320801, 1047945, 1, 0, 0
320900, 989101, 1, 0, 0
321000, 1001130, 1, 0, 0
321101, 996015, 1, 0, 0
321200, 1019914, 1, 0, 0
321300, 1066019, 1, 0, 0
321400, 1036428, 1, 0, 0
321500, 1009473, 1, 0, 0
321600, 997812, 1, 0, 0
321700, 1013208, 1, 0, 0
321800, 1021757, 1, 0, 0
321900, 1020703, 1, 0, 0
322000, 1027199, 1, 0, 0
322101, 991333, 1, 0, 0
322200, 975550, 1, 0, 0
322300, 989382, 1, 0, 0
322400, 1001791, 1, 0, 0
322500, 1075407, 1, 0, 0
322600, 1000309, 1, 0, 0
322700, 1010406, 1, 0, 0
322800, 1017682, 1, 0, 0
322900, 1031525, 1, 0, 0
323000, 997427, 1, 0, 0
323100, 1019147, 1, 0, 0
323200, 1057622, 1, 0, 0
323300, 1008301, 1, 0, 0
323400, 1011540, 1, 0, 0
323500, 992771, 1, 0, 0
323600, 993341, 1, 0, 0
323700, 1032927, 1, 0, 0
323800, 980252, 1, 0, 0
323900, 1013208, 1, 0, 0
324000, 1015237, 1, 0, 0
324100, 1022383, 1, 0, 0
324200, 1020429, 1, 0, 0
324301, 1055036, 1, 0, 0
324400, 1031678, 1, 0, 0
324500, 1048652, 1, 0, 0
324600, 977811, 1, 0, 0
324700, 1000501, 1, 0, 0
324800, 1006863, 1, 0, 0
324900, 1033315, 1, 0, 0
325000, 1032082, 1, 0, 0
325100, 1027236, 1, 0, 0
325200, 1018316, 1, 0, 0
325300, 984517, 1, 0, 0
325400, 981439, 1, 0, 0
325500, 994673, 1, 0, 0
325600, 978055, 1, 0, 0
325700, 990644, 1, 0, 0
325800, 975687, 1, 0, 0
325900, 989919, 1, 0, 0
326001, 1080282, 1, 0, 0
326100, 1040621, 1, 0, 0
326200, 973834, 1, 0, 0
326300, 983105, 1, 0, 0
326400, 1001664, 1, 0, 0
326500, 950067, 1, 0, 0
326600, 979166, 1, 0, 0
326700, 980014, 1, 0, 0
326800, 945616, 1, 0, 0
326900, 1018484, 1, 0, 0
327000, 976994, 1, 0, 0
327100, 955012, 1, 0, 0
327200, 987386, 1, 0, 0
327300, 1033864, 1, 0, 0
327400, 1039936, 1, 0, 0
327500, 992828, 1, 0, 0
327600, 975891, 1, 0, 0
327700, 955493, 1, 0, 0
327800, 953868, 1, 0, 0
327900, 973793, 1, 0, 0
328000, 1024175, 1, 0, 0
328100, 980653, 1, 0, 0
328200, 956193, 1, 0, 0
328300, 999865, 1, 0, 0
328400, 954000, 1, 0, 0
328500, 939386, 1, 0, 0
328600, 1009812, 1, 0, 0
328700, 1016340, 1, 0, 0
328800, 962287, 1, 0, 0
328900, 1012498, 1, 0, 0
329000, 994954, 1, 0, 0
329100, 994245, 1, 0, 0
329200, 968669, 1, 0, 0
329300, 991818, 1, 0, 0
329400, 1012024, 1, 0, 0
329500, 1013503, 1, 0, 0
329600, 989163, 1, 0, 0
329700, 960237, 1, 0, 0
329800, 949742, 1, 0, 0
329901, 953668, 1, 0, 0
330000, 995750, 1, 0, 0
330100, 1027052, 1, 0, 0
330200, 1042714, 1, 0, 0
330301, 991698, 1, 0, 0
330400, 941632, 1, 0, 0
330500, 954676, 1, 0, 0
330600, 984733, 1, 0, 0
330700, 970608, 1, 0, 0
330800, 1039039, 1, 0, 0
330900, 945258, 1, 0, 0
331000, 1005708, 1, 0, 0
331101, 1013439, 1, 0, 0
331200, 988046, 1, 0, 0
331300, 1015982, 1, 0, 0
331400, 1055643, 1, 0, 0
331500, 1022128, 1, 0, 0
331600, 1016687, 1, 0, 0
331700, 1004056, 1, 0, 0
331800, 1033188, 1, 0, 0
331900, 965179, 1, 0, 0
332000, 1006562, 1, 0, 0
332100, 994174, 1, 0, 0
332200, 975198, 1, 0, 0
332302, 1001943, 1, 0, 0
332400, 1003779, 1, 0, 0
332500, 984476, 1, 0, 0
332601, 982560, 1, 0, 0
332700, 976021, 1, 0, 0
332800, 955425, 1, 0, 0
332900, 985457, 1, 0, 0
333000, 971084, 1, 0, 0
333101, 1023032, 1, 0, 0
333200, 979844, 1, 0, 0
333300, 983236, 1, 0, 0
333400, 1018014, 1, 0, 0
333500, 963303, 1, 0, 0
333600, 995494, 1, 0, 0
333700, 1000858, 1, 0, 0
333800, 1032432, 1, 0, 0
333900, 989819, 1, 0, 0
334000, 976840, 1, 0, 0
334100, 1062104, 1, 0, 0
334200, 1049405, 1, 0, 0
334300, 993475, 1, 0, 0
334400, 945933, 1, 0, 0
334500, 959250, 1, 0, 0
334600, 966566, 1, 0, 0
334700, 1005075, 1, 0, 0
334800, 998176, 1, 0, 0
334900, 1041934, 1, 0, 0
335000, 1059025, 1, 0, 0
335100, 979892, 1, 0, 0
335200, 950324, 1, 0, 0
335300, 953016, 1, 0, 0
335400, 1001654, 1, 0, 0
335500, 1000382, 1, 0, 0
335600, 985101, 1, 0, 0
335700, 1001083, 1, 0, 0
335800, 987635, 1, 0, 0
335900, 958878, 1, 0, 0
336000, 974141, 1, 0, 0
336100, 953606, 1, 0, 0
336200, 968639, 1, 0, 0
336300, 1006292, 1, 0, 0
336400, 960992, 1, 0, 0
336500, 991744, 1, 0, 0
336600, 1030639, 1, 0, 0
336700, 1017295, 1, 0, 0
336800, 1024706, 1, 0, 0
336900, 971341, 1, 0, 0
337000, 942585, 1, 0, 0
337100, 971395, 1, 0, 0
337200, 974477, 1, 0, 0
337300, 976913, 1, 0, 0
337400, 964151, 1, 0, 0
337500, 981924, 1, 0, 0
337600, 976364, 1, 0, 0
337700, 971226, 1, 0, 0
337800, 1014771, 1, 0, 0
337900, 969232, 1, 0, 0
338000, 988017, 1, 0, 0
338100, 1034506, 1, 0, 0
338200, 994689, 1, 0, 0
338300, 984078, 1, 0, 0
338400, 995137, 1, 0, 0
338500, 1015637, 1, 0, 0
338600, 1017044, 1, 0, 0
338700, 955953, 1, 0, 0
338800, 1001906, 1, 0, 0
338900, 955301, 1, 0, 0
339000, 1028575, 1, 0, 0
339100, 990866, 1, 0, 0
339200, 989390, 1, 0, 0
339300, 992164, 1, 0, 0
339400, 985765, 1, 0, 0
339500, 1017855, 1, 0, 0
339600, 998641, 1, 0, 0
339700, 941231, 1, 0, 0
339800, 1014394, 1, 0, 0
339900, 984957, 1, 0, 0
340000, 1007616, 1, 0, 0
340100, 967700, 1, 0, 0
340200, 1035471, 1, 0, 0
340300, 992027, 1, 0, 0
340400, 979352, 1, 0, 0
340500, 1002224, 1, 0, 0
340600, 957879, 1, 0, 0
340700, 984933, 1, 0, 0
340800, 957663, 1, 0, 0
340900, 1009749, 1, 0, 0
341000, 961557, 1, 0, 0
341100, 1025585, 1, 0, 0
341200, 1001427, 1, 0, 0
341300, 990371, 1, 0, 0
341400, 1016904, 1, 0, 0
341500, 973475, 1, 0, 0
341600, 1005473, 1, 0, 0
341700, 963535, 1, 0, 0
341800, 1005875, 1, 0, 0
341901, 1039958, 1, 0, 0
342000, 980742, 1, 0, 0
342100, 1000247, 1, 0, 0
342200, 1026449, 1, 0, 0
342300, 991178, 1, 0, 0
342400, 992249, 1, 0, 0
342500, 1012778, 1, 0, 0
342600, 954437, 1, 0, 0
342700, 990159, 1, 0, 0
342800, 1034692, 1, 0, 0
342900, 1031661, 1, 0, 0
343000, 993076, 1, 0, 0
343100, 991704, 1, 0, 0
343200, 996421, 1, 0, 0
343300, 984399, 1, 0, 0
343401, 967850, 1, 0, 0
343500, 1016289, 1, 0, 0
343600, 1003852, 1, 0, 0
343700, 1025360, 1, 0, 0
343800, 997568, 1, 0, 0
343900, 952622, 1, 0, 0
344000, 975355, 1, 0, 0
344100, 945780, 1, 0, 0
344200, 1014024, 1, 0, 0
344300, 982769, 1, 0, 0
344400, 1025169, 1, 0, 0
344500, 1013023, 1, 0, 0
344600, 975851, 1, 0, 0
344700, 988006, 1, 0, 0
344800, 983843, 1, 0, 0
344900, 1004143, 1, 0, 0
345000, 1005369, 1, 0, 0
345100, 949521, 1, 0, 0
345200, 956098, 1, 0, 0
345300, 964763, 1, 0, 0
345400, 1006081, 1, 0, 0
345500, 942305, 1, 0, 0
345600, 965147, 1, 0, 0
345700, 1001125, 1, 0, 0
345800, 988285, 1, 0, 0
345900, 977047, 1, 0, 0
346000, 992500, 1, 0, 0
346100, 1000340, 1, 0, 0
346200, 992283, 1, 0, 0
346300, 974535, 1, 0, 0
346400, 968219, 1, 0, 0
346500, 1006194, 1, 0, 0
346600, 998163, 1, 0, 0
346700, 949028, 1, 0, 0
346800, 997333, 1, 0, 0
346900, 950324, 1, 0, 0
347000, 972207, 1, 0, 0
347100, 989235, 1, 0, 0
347200, 1021054, 1, 0, 0
347300, 997824, 1, 0, 0
347400, 1000592, 1, 0, 0
347500, 991909, 1, 0, 0
347600, 991078, 1, 0, 0
347701, 976915, 1, 0, 0
347801, 991781, 1, 0, 0
347900, 993149, 1, 0, 0
348000, 1001064, 1, 0, 0
348100, 986620, 1, 0, 0
348200, 988316, 1, 0, 0
348300, 972124, 1, 0, 0
348400, 1048769, 1, 0, 0
348500, 946600, 1, 0, 0
348600, 1035660, 1, 0, 0
348700, 1024424, 1, 0, 0
348800, 977047, 1, 0, 0
348900, 1040693, 1, 0, 0
349002, 1014648, 1, 0, 0
349100, 1019394, 1, 0, 0
349201, 1029828, 1, 0, 0
349300, 988170, 1, 0, 0
349401, 1012496, 1, 0, 0
349501, 1007101, 1, 0, 0
349600, 963777, 1, 0, 0
349701, 957091, 1, 0, 0
349800, 958728, 1, 0, 0
349900, 986708, 1, 0, 0
350000, 1002360, 1, 0, 0
350100, 1004986, 1, 0, 0
350201, 1025424, 1, 0, 0
350300, 933240, 1, 0, 0
350400, 1001179, 1, 0, 0
350500, 954911, 1, 0, 0
350600, 998422, 1, 0, 0
350701, 1034992, 1, 0, 0
350800, 959380, 1, 0, 0
350900, 972848, 1, 0, 0
351000, 1009379, 1, 0, 0
351100, 974905, 1, 0, 0
351200, 1021584, 1, 0, 0
351300, 979641, 1, 0, 0
351400, 1022312, 1, 0, 0
351500, 1007443, 1, 0, 0
351600, 1019056, 1, 0, 0
351700, 1024972, 1, 0, 0
351800, 982260, 1, 0, 0
351900, 971617, 1, 0, 0
352000, 1001101, 1, 0, 0
352100, 987994, 1, 0, 0
352200, 938491, 1, 0, 0
352300, 1019553, 1, 0, 0
352400, 1053598, 1, 0, 0
352501, 965611, 1, 0, 0
352600, 991090, 1, 0, 0
352700, 967288, 1, 0, 0
352800, 1006725, 1, 0, 0
352900, 986434, 1, 0, 0
353000, 987841, 1, 0, 0
353100, 985796, 1, 0, 0
353201, 1040773, 1, 0, 0
353300, 965018, 1, 0, 0
353400, 988324, 1, 0, 0
353500, 1009058, 1, 0, 0
353600, 989590, 1, 0, 0
353700, 992557, 1, 0, 0
353800, 1002452, 1, 0, 0
353900, 1013562, 1, 0, 0
354001, 1038186, 1, 0, 0
354100, 982166, 1, 0, 0
354200, 1018909, 1, 0, 0
354300, 971975, 1, 0, 0
354400, 981769, 1, 0, 0
354500, 1044689, 1, 0, 0
354600, 965668, 1, 0, 0
354700, 1023771, 1, 0, 0
354800, 1071595, 1, 0, 0
354900, 983896, 1, 0, 0
355000, 1003114, 1, 0, 0
355100, 1013872, 1, 0, 0
355200, 1044329, 1, 0, 0
355300, 1028111, 1, 0, 0
355400, 1001858, 1, 0, 0
355500, 951067, 1, 0, 0
355600, 997102, 1, 0, 0
355700, 1049847, 1, 0, 0
355800, 1037727, 1, 0, 0
355900, 1002333, 1, 0, 0
356000, 1023402, 1, 0, 0
356100, 993208, 1, 0, 0
356200, 1086899, 1, 0, 0
356300, 1026416, 1, 0, 0
356401, 1010962, 1, 0, 0
356500, 1007775, 1, 0, 0
356600, 1028750, 1, 0, 0
356700, 1020821, 1, 0, 0
356800, 956430, 1, 0, 0
356900, 999480, 1, 0, 0
357000, 1016400, 1, 0, 0
357100, 976878, 1, 0, 0
357200, 1000449, 1, 0, 0
357300, 1025770, 1, 0, 0
357400, 1021608, 1, 0, 0
357500, 976094, 1, 0, 0
357600, 994266, 1, 0, 0
357700, 1000477, 1, 0, 0
357800, 1007561, 1, 0, 0
357900, 1014703, 1, 0, 0
358000, 976819, 1, 0, 0
358100, 977319, 1, 0, 0
358200, 962363, 1, 0, 0
358300, 1029426, 1, 0, 0
358400, 1027953, 1, 0, 0
358500, 1021217, 1, 0, 0
358600, 1019131, 1, 0, 0
358700, 996366, 1, 0, 0
358801, 1042033, 1, 0, 0
358900, 968771, 1, 0, 0
359000, 1013945, 1, 0, 0
359101, 1003135, 1, 0, 0
359200, 1026889, 1, 0, 0
359301, 1041562, 1, 0, 0
359400, 999274, 1, 0, 0
359500, 1014038, 1, 0, 0
359600, 1006222, 1, 0, 0
359700, 1040891, 1, 0, 0
359800, 1047148, 1, 0, 0
359900, 993148, 1, 0, 0
360000, 1017716, 1, 0, 0
360100, 1002572, 1, 0, 0
360200, 1010045, 1, 0, 0
360300, 995991, 1, 0, 0
360400, 987845, 1, 0, 0
360500, 1007274, 1, 0, 0
360600, 1020943, 1, 0, 0
360700, 1039478, 1, 0, 0
360801, 984144, 1, 0, 0
360900, 1042188, 1, 0, 0
361000, 984867, 1, 0, 0
361100, 957528, 1, 0, 0
361200, 992885, 1, 0, 0
361300, 995490, 1, 0, 0
361400, 969527, 1, 0, 0
361501, 1043862, 1, 0, 0
361600, 961544, 1, 0, 0
361700, 1010575, 1, 0, 0
361800, 1033170, 1, 0, 0
361900, 1032873, 1, 0, 0
362000, 1047646, 1, 0, 0
362100, 1027159, 1, 0, 0
362200, 1058690, 1, 0, 0
362300, 999183, 1, 0, 0
362401, 995633, 1, 0, 0
362500, 1028717, 1, 0, 0
362601, 1004617, 1, 0, 0
362700, 985754, 1, 0, 0
362800, 1028896, 1, 0, 0
362900, 997366, 1, 0, 0
363000, 986257, 1, 0, 0
363100, 987335, 1, 0, 0
363200, 1004049, 1, 0, 0
363300, 1003601, 1, 0, 0
363400, 994133, 1, 0, 0
363500, 980778, 1, 0, 0
363600, 1036108, 1, 0, 0
363700, 1003695, 1, 0, 0
363800, 996247, 1, 0, 0
363900, 980527, 1, 0, 0
364000, 1029757, 1, 0, 0
364100, 1038137, 1, 0, 0
364200, 1045021, 1, 0, 0
364300, 1020972, 1, 0, 0
364401, 1002591, 1, 0, 0
364501, 1046384, 1, 0, 0
364600, 974618, 1, 0, 0
364700, 995440, 1, 0, 0
364800, 984377, 1, 0, 0
364900, 1015802, 1, 0, 0
365000, 998634, 1, 0, 0
365100, 1084288, 1, 0, 0
365201, 1032494, 1, 0, 0
365300, 1057478, 1, 0, 0
365400, 1094914, 1, 0, 0
365500, 1036568, 1, 0, 0
365600, 1059803, 1, 0, 0
365701, 1018674, 1, 0, 0
365800, 985141, 1, 0, 0
365900, 1055405, 1, 0, 0
366000, 991778, 1, 0, 0
366100, 1033511, 1, 0, 0
366200, 1011756, 1, 0, 0
366300, 1019321, 1, 0, 0
366400, 1011591, 1, 0, 0
366500, 985093, 1, 0, 0
366600, 1026174, 1, 0, 0
366700, 985327, 1, 0, 0
366800, 1089773, 1, 0, 0
366900, 1053898, 1, 0, 0
367000, 1053699, 1, 0, 0
367100, 1011395, 1, 0, 0
367200, 993335, 1, 0, 0
367300, 983773, 1, 0, 0
367401, 1004845, 1, 0, 0
367500, 955066, 1, 0, 0
367600, 1013159, 1, 0, 0
367700, 1018903, 1, 0, 0
367800, 1061366, 1, 0, 0
367900, 984936, 1, 0, 0
368000, 985431, 1, 0, 0
368100, 997081, 1, 0, 0
368200, 962195, 1, 0, 0
368300, 1000647, 1, 0, 0
368400, 992159, 1, 0, 0
368500, 1026652, 1, 0, 0
368600, 1049388, 1, 0, 0
368700, 1015036, 1, 0, 0
368800, 983389, 1, 0, 0
368900, 946925, 1, 0, 0
369001, 1032433, 1, 0, 0
369100, 1018738, 1, 0, 0
369200, 999879, 1, 0, 0
369300, 966891, 1, 0, 0
369400, 996552, 1, 0, 0
369500, 985383, 1, 0, 0
369600, 971554, 1, 0, 0
369701, 942542, 1, 0, 0
369800, 994674, 1, 0, 0
369900, 978015, 1, 0, 0
370000, 1005689, 1, 0, 0
370100, 969418, 1, 0, 0
370200, 954840, 1, 0, 0
370300, 1014061, 1, 0, 0
370400, 998111, 1, 0, 0
370500, 1023164, 1, 0, 0
370600, 1027116, 1, 0, 0
370700, 975731, 1, 0, 0
370800, 997428, 1, 0, 0
370901, 1012426, 1, 0, 0
371000, 1021127, 1, 0, 0
371100, 972921, 1, 0, 0
371201, 980484, 1, 0, 0
371300, 1010003, 1, 0, 0
371401, 1008298, 1, 0, 0
371500, 993801, 1, 0, 0
371600, 952698, 1, 0, 0
371700, 1002887, 1, 0, 0
371800, 1011611, 1, 0, 0
371900, 1002949, 1, 0, 0
372000, 957420, 1, 0, 0
372100, 977516, 1, 0, 0
372200, 985003, 1, 0, 0
372300, 982776, 1, 0, 0
372400, 1005547, 1, 0, 0
372500, 982046, 1, 0, 0
372600, 980545, 1, 0, 0
372700, 1046126, 1, 0, 0
372800, 980575, 1, 0, 0
372900, 995619, 1, 0, 0
373000, 995060, 1, 0, 0
373100, 980749, 1, 0, 0
373200, 991116, 1, 0, 0
373300, 984383, 1, 0, 0
373400, 989754, 1, 0, 0
373500, 1014958, 1, 0, 0
373600, 1007482, 1, 0, 0
373700, 978346, 1, 0, 0
373800, 1007456, 1, 0, 0
373900, 1003188, 1, 0, 0
374000, 967232, 1, 0, 0
374100, 1017810, 1, 0, 0
374200, 1004944, 1, 0, 0
374300, 972439, 1, 0, 0
374400, 974127, 1, 0, 0
374500, 975093, 1, 0, 0
374600, 969284, 1, 0, 0
374700, 936364, 1, 0, 0
374801, 995671, 1, 0, 0
374900, 967050, 1, 0, 0
375000, 971166, 1, 0, 0
375100, 972790, 1, 0, 0
375200, 978373, 1, 0, 0
375300, 1037595, 1, 0, 0
375401, 993832, 1, 0, 0
375500, 1005877, 1, 0, 0
375600, 976069, 1, 0, 0
375700, 998377, 1, 0, 0
375800, 947342, 1, 0, 0
375900, 945011, 1, 0, 0
376000, 1010899, 1, 0, 0
376100, 1019907, 1, 0, 0
376200, 986580, 1, 0, 0
376300, 1011305, 1, 0, 0
376400, 1016411, 1, 0, 0
376500, 998316, 1, 0, 0
376600, 1015439, 1, 0, 0
376700, 990648, 1, 0, 0
376800, 1010828, 1, 0, 0
376900, 1052774, 1, 0, 0
377000, 995396, 1, 0, 0
377100, 1029309, 1, 0, 0
377200, 1073121, 1, 0, 0
377300, 1066492, 1, 0, 0
377400, 1017769, 1, 0, 0
377500, 1011863, 1, 0, 0
377600, 975996, 1, 0, 0
377700, 1006244, 1, 0, 0
377800, 1029901, 1, 0, 0
377900, 1007139, 1, 0, 0
378000, 1042351, 1, 0, 0
378101, 1001203, 1, 0, 0
378200, 1029361, 1, 0, 0
378300, 955617, 1, 0, 0
378400, 994746, 1, 0, 0
378501, 995137, 1, 0, 0
378601, 1042404, 1, 0, 0
378700, 1050823, 1, 0, 0
378800, 1007675, 1, 0, 0
378900, 1029114, 1, 0, 0
379000, 991897, 1, 0, 0
379100, 1007112, 1, 0, 0
379200, 988915, 1, 0, 0
379300, 984339, 1, 0, 0
379400, 1017748, 1, 0, 0
379501, 1072791, 1, 0, 0
379600, 1000176, 1, 0, 0
379700, 1048218, 1, 0, 0
379800, 1049161, 1, 0, 0
379900, 1023610, 1, 0, 0
380001, 1034197, 1, 0, 0
380100, 1048113, 1, 0, 0
380200, 1074429, 1, 0, 0
380300, 1035370, 1, 0, 0
380400, 998317, 1, 0, 0
380500, 990383, 1, 0, 0
380600, 1008006, 1, 0, 0
380700, 1032468, 1, 0, 0
380800, 985998, 1, 0, 0
380901, 1009400, 1, 0, 0
381000, 1013500, 1, 0, 0
381100, 1051316, 1, 0, 0
381200, 997144, 1, 0, 0
381300, 1017369, 1, 0, 0
381400, 1008663, 1, 0, 0
381500, 992264, 1, 0, 0
381600, 986917, 1, 0, 0
381700, 1026419, 1, 0, 0
381800, 974613, 1, 0, 0
381900, 1014137, 1, 0, 0
382000, 965918, 1, 0, 0
382100, 1031250, 1, 0, 0
382200, 1006173, 1, 0, 0
382300, 1033381, 1, 0, 0
382400, 1030226, 1, 0, 0
382500, 1057589, 1, 0, 0
382600, 995559, 1, 0, 0
382700, 1012898, 1, 0, 0
382800, 974005, 1, 0, 0
382900, 1015631, 1, 0, 0
383000, 1025787, 1, 0, 0
383100, 982811, 1, 0, 0
383200, 1032428, 1, 0, 0
383300, 1030314, 1, 0, 0
383400, 1066355, 1, 0, 0
383500, 1025407, 1, 0, 0
383600, 1013057, 1, 0, 0
383700, 1021223, 1, 0, 0
383802, 1012153, 1, 0, 0
383900, 988720, 1, 0, 0
384000, 1017410, 1, 0, 0
384100, 1047126, 1, 0, 0
384200, 1017882, 1, 0, 0
384300, 1011404, 1, 0, 0
384400, 1029566, 1, 0, 0
384500, 1000539, 1, 0, 0
384600, 973506, 1, 0, 0
384700, 1010610, 1, 0, 0
384800, 960614, 1, 0, 0
384900, 963567, 1, 0, 0
385000, 972902, 1, 0, 0
385101, 990807, 1, 0, 0
385200, 1030316, 1, 0, 0
385300, 979799, 1, 0, 0
385400, 960303, 1, 0, 0
385500, 985221, 1, 0, 0
385600, 1013949, 1, 0, 0
385701, 978500, 1, 0, 0
385800, 977002, 1, 0, 0
385900, 998608, 1, 0, 0
386001, 1042525, 1, 0, 0
386100, 1033598, 1, 0, 0
386200, 993037, 1, 0, 0
386300, 985389, 1, 0, 0
386400, 975511, 1, 0, 0
386501, 994729, 1, 0, 0
386600, 996708, 1, 0, 0
386700, 1001933, 1, 0, 0
386800, 985897, 1, 0, 0
386901, 990503, 1, 0, 0
387000, 999969, 1, 0, 0
387100, 973683, 1, 0, 0
387200, 1006402, 1, 0, 0
387300, 1000517, 1, 0, 0
387400, 1010327, 1, 0, 0
387500, 986840, 1, 0, 0
387600, 958445, 1, 0, 0
387700, 952716, 1, 0, 0
387800, 1004821, 1, 0, 0
387900, 964386, 1, 0, 0
388000, 985627, 1, 0, 0
388100, 1016587, 1, 0, 0
388200, 982672, 1, 0, 0
388300, 972704, 1, 0, 0
388400, 987875, 1, 0, 0
388500, 982961, 1, 0, 0
388600, 945597, 1, 0, 0
388700, 990535, 1, 0, 0
388800, 983890, 1, 0, 0
388900, 985706, 1, 0, 0
389000, 998356, 1, 0, 0
389101, 968768, 1, 0, 0
389200, 925104, 1, 0, 0
389300, 1030300, 1, 0, 0
389400, 927267, 1, 0, 0
389500, 1031156, 1, 0, 0
389600, 1002383, 1, 0, 0
389700, 997082, 1, 0, 0
389800, 1008487, 1, 0, 0
389900, 1022745, 1, 0, 0
390000, 996311, 1, 0, 0
390100, 1048325, 1, 0, 0
390200, 975365, 1, 0, 0
390300, 1015934, 1, 0, 0
390400, 945936, 1, 0, 0
390500, 967718, 1, 0, 0
390600, 948270, 1, 0, 0
390700, 957405, 1, 0, 0
390800, 975668, 1, 0, 0
390900, 976326, 1, 0, 0
391000, 976054, 1, 0, 0
391100, 987263, 1, 0, 0
391200, 996650, 1, 0, 0
391300, 1015972, 1, 0, 0
391400, 952528, 1, 0, 0
391501, 983312, 1, 0, 0
391601, 974961, 1, 0, 0
391700, 977590, 1, 0, 0
391800, 993727, 1, 0, 0
391900, 1062960, 1, 0, 0
392000, 947760, 1, 0, 0
392100, 967644, 1, 0, 0
392200, 1020558, 1, 0, 0
392300, 943823, 1, 0, 0
392400, 987377, 1, 0, 0
392500, 967466, 1, 0, 0
392600, 1034868, 1, 0, 0
392700, 973871, 1, 0, 0
392800, 975154, 1, 0, 0
392900, 968523, 1, 0, 0
393000, 998033, 1, 0, 0
393100, 997101, 1, 0, 0
393200, 956467, 1, 0, 0
393301, 955874, 1, 0, 0
393400, 954942, 1, 0, 0
393500, 971522, 1, 0, 0
393600, 990221, 1, 0, 0
393700, 972484, 1, 0, 0
393800, 947248, 1, 0, 0
393900, 1041140, 1, 0, 0
394000, 1019354, 1, 0, 0
394100, 978114, 1, 0, 0
394200, 980431, 1, 0, 0
394300, 952054, 1, 0, 0
394400, 981263, 1, 0, 0
394500, 1014072, 1, 0, 0
394600, 1077378, 1, 0, 0
394700, 996942, 1, 0, 0
394800, 1008767, 1, 0, 0
394901, 1048076, 1, 0, 0
395000, 1007776, 1, 0, 0
395100, 1014453, 1, 0, 0
395200, 1012969, 1, 0, 0
395300, 982043, 1, 0, 0
395400, 1022052, 1, 0, 0
395500, 1091948, 1, 0, 0
395601, 1031227, 1, 0, 0
395700, 1047990, 1, 0, 0
395800, 1010310, 1, 0, 0
395900, 1048109, 1, 0, 0
396000, 951132, 1, 0, 0
396100, 1003958, 1, 0, 0
396200, 1015393, 1, 0, 0
396300, 980586, 1, 0, 0
396400, 992926, 1, 0, 0
396500, 992028, 1, 0, 0
396600, 974878, 1, 0, 0
396700, 971784, 1, 0, 0
396800, 964216, 1, 0, 0
396900, 1000898, 1, 0, 0
397000, 1018342, 1, 0, 0
397100, 996324, 1, 0, 0
397200, 999414, 1, 0, 0
397300, 1038208, 1, 0, 0
397400, 1016723, 1, 0, 0
397500, 1038000, 1, 0, 0
397600, 986053, 1, 0, 0
397700, 1046613, 1, 0, 0
397801, 1005619, 1, 0, 0
397900, 956322, 1, 0, 0
398000, 1000206, 1, 0, 0
398100, 1019646, 1, 0, 0
398200, 984854, 1, 0, 0
398300, 1006167, 1, 0, 0
398400, 1004719, 1, 0, 0
398500, 1008385, 1, 0, 0
398600, 980892, 1, 0, 0
398700, 1018860, 1, 0, 0
398800, 967148, 1, 0, 0
398900, 1021342, 1, 0, 0
399000, 951864, 1, 0, 0
399100, 1001410, 1, 0, 0
399200, 961019, 1, 0, 0
399300, 957196, 1, 0, 0
399400, 979011, 1, 0, 0
399500, 945844, 1, 0, 0
399600, 962066, 1, 0, 0
399700, 962195, 1, 0, 0
399800, 955382, 1, 0, 0
399900, 1029562, 1, 0, 0
400000, 991220, 1, 0, 0
400101, 1000241, 1, 0, 0
400200, 1060668, 1, 0, 0
400300, 1012034, 1, 0, 0
400400, 1031534, 1, 0, 0
400500, 1061820, 1, 0, 0
400600, 1026484, 1, 0, 0
400700, 974171, 1, 0, 0
400801, 988532, 1, 0, 0
400900, 959499, 1, 0, 0
401000, 1000034, 1, 0, 0
401100, 983244, 1, 0, 0
401200, 979928, 1, 0, 0
401300, 997143, 1, 0, 0
401400, 1020723, 1, 0, 0
401500, 967491, 1, 0, 0
401600, 1008291, 1, 0, 0
401700, 997327, 1, 0, 0
401800, 1000397, 1, 0, 0
401900, 1005493, 1, 0, 0
402000, 996915, 1, 0, 0
402100, 991228, 1, 0, 0
402201, 1060723, 1, 0, 0
402300, 976416, 1, 0, 0
402400, 942607, 1, 0, 0
402500, 981141, 1, 0, 0
402600, 1012183, 1, 0, 0
402701, 999781, 1, 0, 0
402800, 1002613, 1, 0, 0
402900, 990450, 1, 0, 0
403000, 992199, 1, 0, 0
403100, 984636, 1, 0, 0
403200, 976770, 1, 0, 0
403300, 951832, 1, 0, 0
403400, 995258, 1, 0, 0
403500, 977445, 1, 0, 0
403600, 986224, 1, 0, 0
403700, 960663, 1, 0, 0
403800, 994843, 1, 0, 0
403900, 985632, 1, 0, 0
404000, 993958, 1, 0, 0
404100, 999951, 1, 0, 0
404200, 991669, 1, 0, 0
404300, 979992, 1, 0, 0
404400, 976031, 1, 0, 0
404500, 979522, 1, 0, 0
404600, 1020928, 1, 0, 0
404700, 984704, 1, 0, 0
404800, 1016256, 1, 0, 0
404900, 1023180, 1, 0, 0
405000, 955509, 1, 0, 0
405100, 968315, 1, 0, 0
405200, 1005734, 1, 0, 0
405300, 967479, 1, 0, 0
405400, 981054, 1, 0, 0
405500, 992443, 1, 0, 0
405600, 995956, 1, 0, 0
405700, 1039350, 1, 0, 0
405800, 1003169, 1, 0, 0
405900, 987247, 1, 0, 0
406000, 1009045, 1, 0, 0
406100, 985095, 1, 0, 0
406201, 1007811, 1, 0, 0
406300, 980568, 1, 0, 0
406400, 975722, 1, 0, 0
406500, 1018641, 1, 0, 0
406601, 977809, 1, 0, 0
406700, 986642, 1, 0, 0
406800, 969031, 1, 0, 0
406900, 1033510, 1, 0, 0
407000, 985089, 1, 0, 0
407100, 997816, 1, 0, 0
407200, 1040776, 1, 0, 0
407301, 1020024, 1, 0, 0
407400, 1073864, 1, 0, 0
407500, 1051427, 1, 0, 0
407600, 1023564, 1, 0, 0
407700, 979338, 1, 0, 0
407800, 998172, 1, 0, 0
407900, 1058041, 1, 0, 0
408000, 1034187, 1, 0, 0
408100, 949880, 1, 0, 0
408200, 1002074, 1, 0, 0
408300, 991670, 1, 0, 0
408400, 1019218, 1, 0, 0
408500, 1024855, 1, 0, 0
408600, 1019945, 1, 0, 0
408701, 1007529, 1, 0, 0
408800, 1002940, 1, 0, 0
408900, 1019006, 1, 0, 0
409000, 991580, 1, 0, 0
409100, 1067961, 1, 0, 0
409200, 970547, 1, 0, 0
409300, 1074114, 1, 0, 0
409400, 996592, 1, 0, 0
409500, 1025829, 1, 0, 0
409600, 1023793, 1, 0, 0
409700, 1030967, 1, 0, 0
409800, 1000905, 1, 0, 0
409900, 972846, 1, 0, 0
410000, 1074358, 1, 0, 0
410100, 1024919, 1, 0, 0
410201, 999162, 1, 0, 0
410300, 996297, 1, 0, 0
410400, 1013480, 1, 0, 0
410500, 995170, 1, 0, 0
410600, 997562, 1, 0, 0
410700, 1035413, 1, 0, 0
410800, 1012248, 1, 0, 0
410901, 1032852, 1, 0, 0
411000, 1010799, 1, 0, 0
411100, 1034804, 1, 0, 0
411200, 1003188, 1, 0, 0
411300, 994608, 1, 0, 0
411400, 1049871, 1, 0, 0
411501, 1070659, 1, 0, 0
411601, 1020162, 1, 0, 0
411700, 1024616, 1, 0, 0
411800, 966105, 1, 0, 0
411900, 994572, 1, 0, 0
412000, 987942, 1, 0, 0
412100, 1002664, 1, 0, 0
412200, 975049, 1, 0, 0
412300, 1043677, 1, 0, 0
412400, 978139, 1, 0, 0
412500, 986377, 1, 0, 0
412600, 985356, 1, 0, 0
412700, 1003694, 1, 0, 0
412800, 1026766, 1, 0, 0
412900, 1029454, 1, 0, 0
413001, 1033416, 1, 0, 0
413100, 999264, 1, 0, 0
413200, 984629, 1, 0, 0
413300, 1061035, 1, 0, 0
413400, 1035643, 1, 0, 0
413500, 1007172, 1, 0, 0
413601, 993124, 1, 0, 0
413700, 1011990, 1, 0, 0
413800, 1017568, 1, 0, 0
413900, 986465, 1, 0, 0
414000, 977813, 1, 0, 0
414100, 1005153, 1, 0, 0
414200, 994622, 1, 0, 0
414300, 989250, 1, 0, 0
414400, 963385, 1, 0, 0
414500, 990630, 1, 0, 0
414600, 982998, 1, 0, 0
414700, 1016441, 1, 0, 0
414800, 965933, 1, 0, 0
414900, 970152, 1, 0, 0
415001, 995432, 1, 0, 0
415100, 979669, 1, 0, 0
415200, 1043579, 1, 0, 0
415300, 1004106, 1, 0, 0
415400, 986395, 1, 0, 0
415500, 963671, 1, 0, 0
415600, 997520, 1, 0, 0
415700, 999912, 1, 0, 0
415800, 1013496, 1, 0, 0
415900, 977327, 1, 0, 0
416000, 965016, 1, 0, 0
416100, 983675, 1, 0, 0
416200, 1032257, 1, 0, 0
416300, 1022877, 1, 0, 0
416400, 999309, 1, 0, 0
416500, 1057016, 1, 0, 0
416600, 1032465, 1, 0, 0
416700, 999469, 1, 0, 0
416800, 1006125, 1, 0, 0
416900, 962917, 1, 0, 0
417000, 978099, 1, 0, 0
417100, 1021481, 1, 0, 0
417200, 930377, 1, 0, 0
417300, 957112, 1, 0, 0
417401, 987579, 1, 0, 0
417500, 1009046, 1, 0, 0
417600, 1006548, 1, 0, 0
417700, 1027027, 1, 0, 0
417800, 975079, 1, 0, 0
417900, 989299, 1, 0, 0
418000, 1022386, 1, 0, 0
418100, 1009510, 1, 0, 0
418200, 926613, 1, 0, 0
418300, 967523, 1, 0, 0
418400, 983964, 1, 0, 0
418500, 1016642, 1, 0, 0
418600, 1049672, 1, 0, 0
418700, 973244, 1, 0, 0
418800, 1024945, 1, 0, 0
418900, 972235, 1, 0, 0
419000, 980969, 1, 0, 0
419100, 1021300, 1, 0, 0
419200, 989693, 1, 0, 0
419300, 970182, 1, 0, 0
419400, 1007875, 1, 0, 0
419500, 996657, 1, 0, 0
419600, 1005548, 1, 0, 0
419700, 1023460, 1, 0, 0
419800, 1006182, 1, 0, 0
419900, 989025, 1, 0, 0
420000, 1004912, 1, 0, 0
420100, 1005921, 1, 0, 0
420200, 1015728, 1, 0, 0
420300, 960191, 1, 0, 0
420400, 993561, 1, 0, 0
420500, 979981, 1, 0, 0
420600, 1014003, 1, 0, 0
420700, 988512, 1, 0, 0
420800, 1006684, 1, 0, 0
420900, 1029508, 1, 0, 0
421000, 984357, 1, 0, 0
421100, 1017616, 1, 0, 0
421200, 992200, 1, 0, 0
421300, 971870, 1, 0, 0
421400, 1033356, 1, 0, 0
421500, 955850, 1, 0, 0
421600, 995176, 1, 0, 0
421701, 994181, 1, 0, 0
421800, 1039727, 1, 0, 0
421900, 1004736, 1, 0, 0
422000, 1051116, 1, 0, 0
422100, 1010497, 1, 0, 0
422200, 1013850, 1, 0, 0
422300, 1018769, 1, 0, 0
422400, 1022268, 1, 0, 0
422500, 1038446, 1, 0, 0
422600, 1039507, 1, 0, 0
422700, 1024456, 1, 0, 0
422800, 1012012, 1, 0, 0
422900, 1091707, 1, 0, 0
423000, 1010924, 1, 0, 0
423100, 1048967, 1, 0, 0
423200, 1042433, 1, 0, 0
423300, 979731, 1, 0, 0
423400, 1081481, 1, 0, 0
423500, 1003488, 1, 0, 0
423600, 985790, 1, 0, 0
423700, 1013739, 1, 0, 0
423800, 1003656, 1, 0, 0
423900, 1045401, 1, 0, 0
424000, 1017422, 1, 0, 0
424100, 1007572, 1, 0, 0
424200, 1023954, 1, 0, 0
424300, 1030831, 1, 0, 0
424400, 1014657, 1, 0, 0
424500, 1044890, 1, 0, 0
424601, 1097933, 1, 0, 0
424700, 1024395, 1, 0, 0
424800, 1021130, 1, 0, 0
424900, 1006648, 1, 0, 0
425000, 1016701, 1, 0, 0
425100, 972789, 1, 0, 0
425200, 1044753, 1, 0, 0
425300, 1025011, 1, 0, 0
425400, 1024033, 1, 0, 0
425500, 1086613, 1, 0, 0
425601, 996426, 1, 0, 0
425700, 1027496, 1, 0, 0
425800, 1064117, 1, 0, 0
425900, 1006819, 1, 0, 0
426000, 1051226, 1, 0, 0
426100, 1004479, 1, 0, 0
426201, 1016227, 1, 0, 0
426300, 997977, 1, 0, 0
426400, 1039853, 1, 0, 0
426501, 977615, 1, 0, 0
426600, 1020736, 1, 0, 0
426700, 1001406, 1, 0, 0
426800, 1043646, 1, 0, 0
426900, 1066143, 1, 0, 0
427001, 1006046, 1, 0, 0
427100, 1005303, 1, 0, 0
427200, 1005170, 1, 0, 0
427300, 1033122, 1, 0, 0
427400, 1000407, 1, 0, 0
427500, 1025812, 1, 0, 0
427600, 964501, 1, 0, 0
427700, 990300, 1, 0, 0
427800, 1018419, 1, 0, 0
427900, 1048011, 1, 0, 0
428000, 1019503, 1, 0, 0
428101, 1026423, 1, 0, 0
428200, 1049201, 1, 0, 0
428300, 985470, 1, 0, 0
428400, 1017127, 1, 0, 0
428500, 1024578, 1, 0, 0
428600, 1046176, 1, 0, 0
428700, 1064220, 1, 0, 0
428800, 1088654, 1, 0, 0
428900, 1041196, 1, 0, 0
429001, 1026664, 1, 0, 0
429100, 1034752, 1, 0, 0
429200, 1003820, 1, 0, 0
429300, 1028534, 1, 0, 0
429400, 1003952, 1, 0, 0
429500, 1094506, 1, 0, 0
429600, 1046258, 1, 0, 0
429700, 994048, 1, 0, 0
429800, 994987, 1, 0, 0
429900, 1026807, 1, 0, 0
430000, 1019063, 1, 0, 0
430100, 1049231, 1, 0, 0
430201, 1064389, 1, 0, 0
430300, 1034639, 1, 0, 0
430400, 1058169, 1, 0, 0
430500, 994586, 1, 0, 0
430600, 1004203, 1, 0, 0
430700, 1061180, 1, 0, 0
430800, 1003398, 1, 0, 0
430900, 1060291, 1, 0, 0
431000, 1129585, 1, 0, 0
431101, 1048171, 1, 0, 0
431200, 1022480, 1, 0, 0
431300, 993148, 1, 0, 0
431400, 975936, 1, 0, 0
431500, 1011333, 1, 0, 0
431600, 1005170, 1, 0, 0
431700, 949452, 1, 0, 0
431800, 1005962, 1, 0, 0
431900, 1006494, 1, 0, 0
432000, 1030880, 1, 0, 0
432100, 982699, 1, 0, 0
432200, 957251, 1, 0, 0
432300, 957283, 1, 0, 0
432400, 1006576, 1, 0, 0
432500, 938761, 1, 0, 0
432602, 1008366, 1, 0, 0
432700, 979572, 1, 0, 0
432800, 1003477, 1, 0, 0
432900, 983217, 1, 0, 0
433000, 969934, 1, 0, 0
433100, 968122, 1, 0, 0
433200, 973129, 1, 0, 0
433300, 1001603, 1, 0, 0
433400, 991291, 1, 0, 0
433500, 1015868, 1, 0, 0
433600, 991541, 1, 0, 0
433700, 990940, 1, 0, 0
433800, 978492, 1, 0, 0
433900, 997895, 1, 0, 0
434000, 975052, 1, 0, 0
434100, 1006854, 1, 0, 0
434200, 963204, 1, 0, 0
434300, 992372, 1, 0, 0
434400, 945044, 1, 0, 0
434500, 994107, 1, 0, 0
434600, 979380, 1, 0, 0
434701, 988470, 1, 0, 0
434800, 1045321, 1, 0, 0
434900, 988899, 1, 0, 0
435000, 988429, 1, 0, 0
435101, 987009, 1, 0, 0
435200, 982646, 1, 0, 0
435300, 991469, 1, 0, 0
435400, 994219, 1, 0, 0
435500, 997602, 1, 0, 0
435600, 998033, 1, 0, 0
435700, 996608, 1, 0, 0
435800, 987344, 1, 0, 0
435900, 1061716, 1, 0, 0
436000, 968043, 1, 0, 0
436100, 979107, 1, 0, 0
436200, 975614, 1, 0, 0
436300, 956999, 1, 0, 0
436400, 979924, 1, 0, 0
436500, 1004772, 1, 0, 0
436601, 983109, 1, 0, 0
436700, 988955, 1, 0, 0
436800, 970876, 1, 0, 0
436900, 937923, 1, 0, 0
437000, 984008, 1, 0, 0
437100, 1028399, 1, 0, 0
437200, 1028323, 1, 0, 0
437300, 1014459, 1, 0, 0
437400, 981753, 1, 0, 0
437500, 994476, 1, 0, 0
437601, 982423, 1, 0, 0
437700, 1001298, 1, 0, 0
437800, 1008043, 1, 0, 0
437900, 1018045, 1, 0, 0
438000, 1034628, 1, 0, 0
438100, 1045913, 1, 0, 0
438200, 969292, 1, 0, 0
438300, 962318, 1, 0, 0
438400, 984248, 1, 0, 0
438500, 967739, 1, 0, 0
438600, 953760, 1, 0, 0
438701, 955032, 1, 0, 0
438800, 988403, 1, 0, 0
438900, 987836, 1, 0, 0
439000, 1009646, 1, 0, 0
439100, 995158, 1, 0, 0
439200, 988531, 1, 0, 0
439300, 985712, 1, 0, 0
439400, 982455, 1, 0, 0
439500, 967483, 1, 0, 0
439600, 997411, 1, 0, 0
439700, 982457, 1, 0, 0
439800, 999171, 1, 0, 0
439900, 989466, 1, 0, 0
440000, 976273, 1, 0, 0
440100, 984061, 1, 0, 0
440200, 976834, 1, 0, 0
440300, 965155, 1, 0, 0
440400, 954612, 1, 0, 0
440500, 980478, 1, 0, 0
440600, 953134, 1, 0, 0
440700, 989615, 1, 0, 0
440800, 988502, 1, 0, 0
440900, 1084901, 1, 0, 0
441000, 986312, 1, 0, 0
441100, 981921, 1, 0, 0
441200, 973589, 1, 0, 0
441300, 988437, 1, 0, 0
441400, 1026496, 1, 0, 0
441500, 1029171, 1, 0, 0
441601, 1050139, 1, 0, 0
441700, 1033769, 1, 0, 0
441800, 992158, 1, 0, 0
441900, 988697, 1, 0, 0
442000, 1039946, 1, 0, 0
442100, 1034486, 1, 0, 0
442200, 1021134, 1, 0, 0
442301, 1009877, 1, 0, 0
442400, 965390, 1, 0, 0
442500, 1091244, 1, 0, 0
442600, 1020138, 1, 0, 0
442701, 1017903, 1, 0, 0
442801, 1021094, 1, 0, 0
442900, 991556, 1, 0, 0
443000, 976848, 1, 0, 0
443100, 974853, 1, 0, 0
443200, 1029033, 1, 0, 0
443300, 999522, 1, 0, 0
443400, 1032779, 1, 0, 0
443500, 1022081, 1, 0, 0
443600, 1005528, 1, 0, 0
443700, 1008392, 1, 0, 0
443800, 956955, 1, 0, 0
443900, 982291, 1, 0, 0
444000, 1003786, 1, 0, 0
444100, 1008004, 1, 0, 0
444200, 1012540, 1, 0, 0
444300, 1017076, 1, 0, 0
444400, 975642, 1, 0, 0
444501, 994388, 1, 0, 0
444600, 1005883, 1, 0, 0
444700, 1035152, 1, 0, 0
444801, 988996, 1, 0, 0
444901, 1057078, 1, 0, 0
445000, 963160, 1, 0, 0
445100, 1064396, 1, 0, 0
445200, 1026597, 1, 0, 0
445300, 967413, 1, 0, 0
445400, 1012700, 1, 0, 0
445500, 1047028, 1, 0, 0
445600, 988847, 1, 0, 0
445700, 1025559, 1, 0, 0
445800, 1036352, 1, 0, 0
445900, 988755, 1, 0, 0
446000, 986299, 1, 0, 0
446100, 993310, 1, 0, 0
446200, 991730, 1, 0, 0
446300, 981899, 1, 0, 0
446401, 957503, 1, 0, 0
446500, 995376, 1, 0, 0
446600, 1032279, 1, 0, 0
446701, 1016324, 1, 0, 0
446800, 1037004, 1, 0, 0
446900, 1018041, 1, 0, 0
447000, 1031380, 1, 0, 0
447100, 1019921, 1, 0, 0
447200, 1048055, 1, 0, 0
447300, 1014166, 1, 0, 0
447400, 1002636, 1, 0, 0
447500, 1050925, 1, 0, 0
447600, 1038012, 1, 0, 0
447700, 1034384, 1, 0, 0
447800, 1029712, 1, 0, 0
447900, 1010928, 1, 0, 0
448000, 1027606, 1, 0, 0
448100, 1005792, 1, 0, 0
448200, 984516, 1, 0, 0
448300, 1019310, 1, 0, 0
448400, 973733, 1, 0, 0
448500, 1062462, 1, 0, 0
448600, 987130, 1, 0, 0
448700, 1004805, 1, 0, 0
448800, 1001110, 1, 0, 0
448900, 1018916, 1, 0, 0
449001, 1029465, 1, 0, 0
449100, 1023911, 1, 0, 0
449200, 1040352, 1, 0, 0
449300, 1023235, 1, 0, 0
449400, 956501, 1, 0, 0
449500, 994931, 1, 0, 0
449601, 1029361, 1, 0, 0
449700, 1010055, 1, 0, 0
449800, 1011394, 1, 0, 0
449900, 974913, 1, 0, 0
450000, 990728, 1, 0, 0
450101, 1077425, 1, 0, 0
450200, 1008444, 1, 0, 0
450301, 1030221, 1, 0, 0
450400, 1045797, 1, 0, 0
450500, 1056649, 1, 0, 0
450600, 994873, 1, 0, 0
450700, 993721, 1, 0, 0
450800, 1018865, 1, 0, 0
450901, 1058594, 1, 0, 0
451000, 1048038, 1, 0, 0
451100, 1043625, 1, 0, 0
451201, 1118889, 1, 0, 0
451300, 1048325, 1, 0, 0
451400, 1033777, 1, 0, 0
451500, 990857, 1, 0, 0
451600, 1018158, 1, 0, 0
451701, 1041962, 1, 0, 0
451800, 1014376, 1, 0, 0
451900, 1001236, 1, 0, 0
452001, 1052084, 1, 0, 0
452100, 988474, 1, 0, 0
452200, 1022828, 1, 0, 0
452300, 1010972, 1, 0, 0
452400, 999985, 1, 0, 0
452500, 989680, 1, 0, 0
452600, 1002613, 1, 0, 0
452700, 1043444, 1, 0, 0
452800, 1016123, 1, 0, 0
452900, 1046831, 1, 0, 0
453000, 1021993, 1, 0, 0
453101, 1032281, 1, 0, 0
453200, 1039056, 1, 0, 0
453300, 1054492, 1, 0, 0
453401, 1046788, 1, 0, 0
453500, 1018719, 1, 0, 0
453601, 983638, 1, 0, 0
453700, 1042982, 1, 0, 0
453800, 996928, 1, 0, 0
453900, 1027398, 1, 0, 0
454000, 996958, 1, 0, 0
454100, 1024617, 1, 0, 0
454200, 1003134, 1, 0, 0
454300, 1005703, 1, 0, 0
454400, 1026857, 1, 0, 0
454500, 1045809, 1, 0, 0
454600, 961334, 1, 0, 0
454700, 996119, 1, 0, 0
454800, 1060666, 1, 0, 0
454900, 1018492, 1, 0, 0
455000, 1025525, 1, 0, 0
455100, 975049, 1, 0, 0
455200, 956207, 1, 0, 0
455300, 952334, 1, 0, 0
455400, 1005669, 1, 0, 0
455500, 1000641, 1, 0, 0
455600, 1000722, 1, 0, 0
455700, 1030344, 1, 0, 0
455800, 999353, 1, 0, 0
455900, 1046372, 1, 0, 0
456000, 1033034, 1, 0, 0
456100, 990026, 1, 0, 0
456200, 992858, 1, 0, 0
456300, 1024313, 1, 0, 0
456400, 1050472, 1, 0, 0
456500, 1041930, 1, 0, 0
456600, 1020371, 1, 0, 0
456700, 973851, 1, 0, 0
456800, 993033, 1, 0, 0
456900, 992116, 1, 0, 0
457000, 1024232, 1, 0, 0
457100, 996001, 1, 0, 0
457200, 1027483, 1, 0, 0
457300, 1031648, 1, 0, 0
457400, 1005858, 1, 0, 0
457500, 996146, 1, 0, 0
457600, 1047676, 1, 0, 0
457700, 1038377, 1, 0, 0
457800, 1010421, 1, 0, 0
457900, 981638, 1, 0, 0
458000, 994027, 1, 0, 0
458100, 968204, 1, 0, 0
458200, 980504, 1, 0, 0
458300, 999586, 1, 0, 0
458400, 994403, 1, 0, 0
458500, 1014837, 1, 0, 0
458600, 1022045, 1, 0, 0
458701, 978420, 1, 0, 0
458800, 982490, 1, 0, 0
458900, 984257, 1, 0, 0
459000, 963400, 1, 0, 0
459100, 973131, 1, 0, 0
459200, 970369, 1, 0, 0
459300, 960358, 1, 0, 0
459401, 995577, 1, 0, 0
459500, 1033210, 1, 0, 0
459600, 1060101, 1, 0, 0
459700, 1006187, 1, 0, 0
459800, 980809, 1, 0, 0
459900, 963479, 1, 0, 0
460001, 999823, 1, 0, 0
460101, 987876, 1, 0, 0
460200, 1000524, 1, 0, 0
460300, 956627, 1, 0, 0
460400, 975274, 1, 0, 0
460500, 986723, 1, 0, 0
460600, 1012679, 1, 0, 0
460700, 1014586, 1, 0, 0
460800, 970451, 1, 0, 0
460900, 954197, 1, 0, 0
461000, 1010193, 1, 0, 0
461100, 974389, 1, 0, 0
461200, 952654, 1, 0, 0
461300, 959426, 1, 0, 0
461400, 1020679, 1, 0, 0
461500, 995844, 1, 0, 0
461600, 985715, 1, 0, 0
461700, 956004, 1, 0, 0
461800, 1047081, 1, 0, 0
461900, 972678, 1, 0, 0
462001, 1008854, 1, 0, 0
462100, 930393, 1, 0, 0
462201, 982475, 1, 0, 0
462300, 972042, 1, 0, 0
462400, 1021687, 1, 0, 0
462500, 1011521, 1, 0, 0
462600, 977148, 1, 0, 0
462700, 977376, 1, 0, 0
462800, 1004940, 1, 0, 0
462900, 983585, 1, 0, 0
463000, 1021641, 1, 0, 0
463100, 1010509, 1, 0, 0
463200, 997238, 1, 0, 0
463300, 995973, 1, 0, 0
463400, 976391, 1, 0, 0
463500, 1044432, 1, 0, 0
463600, 1012529, 1, 0, 0
463700, 1001960, 1, 0, 0
463800, 964228, 1, 0, 0
463901, 996278, 1, 0, 0
464000, 977568, 1, 0, 0
464100, 998019, 1, 0, 0
464200, 979601, 1, 0, 0
464300, 1018689, 1, 0, 0
464400, 1001535, 1, 0, 0
464500, 1008122, 1, 0, 0
464601, 1024860, 1, 0, 0
464700, 998134, 1, 0, 0
464800, 995369, 1, 0, 0
464900, 952028, 1, 0, 0
465000, 979993, 1, 0, 0
465100, 1007723, 1, 0, 0
465200, 1008693, 1, 0, 0
465300, 1046611, 1, 0, 0
465400, 1004587, 1, 0, 0
465500, 1002804, 1, 0, 0
465600, 988704, 1, 0, 0
465700, 1014510, 1, 0, 0
465800, 999823, 1, 0, 0
465900, 968452, 1, 0, 0
466000, 976513, 1, 0, 0
466100, 975562, 1, 0, 0
466200, 1003737, 1, 0, 0
466300, 1008690, 1, 0, 0
466400, 990247, 1, 0, 0
466501, 961177, 1, 0, 0
466600, 994985, 1, 0, 0
466700, 1019205, 1, 0, 0
466801, 1034677, 1, 0, 0
466900, 937725, 1, 0, 0
467000, 978561, 1, 0, 0
467100, 1026118, 1, 0, 0
467200, 1007600, 1, 0, 0
467300, 956403, 1, 0, 0
467400, 1003855, 1, 0, 0
467500, 1009062, 1, 0, 0
467600, 1015668, 1, 0, 0
467700, 987542, 1, 0, 0
467800, 1028290, 1, 0, 0
467900, 1006949, 1, 0, 0
468000, 1015680, 1, 0, 0
468100, 1007898, 1, 0, 0
468200, 1029119, 1, 0, 0
468300, 1014934, 1, 0, 0
468401, 1039795, 1, 0, 0
468501, 1032329, 1, 0, 0
468600, 1011333, 1, 0, 0
468700, 1039303, 1, 0, 0
468800, 1026020, 1, 0, 0
468900, 1006795, 1, 0, 0
469000, 996173, 1, 0, 0
469100, 1003164, 1, 0, 0
469200, 1001642, 1, 0, 0
469300, 1031988, 1, 0, 0
469400, 998719, 1, 0, 0
469500, 1041322, 1, 0, 0
469600, 1041782, 1, 0, 0
469700, 961183, 1, 0, 0
469800, 984831, 1, 0, 0
469900, 978779, 1, 0, 0
470000, 1021540, 1, 0, 0
470101, 995109, 1, 0, 0
470200, 1004637, 1, 0, 0
470300, 1025748, 1, 0, 0
470400, 986928, 1, 0, 0
470500, 1004709, 1, 0, 0
470600, 984780, 1, 0, 0
470700, 995850, 1, 0, 0
470800, 1008727, 1, 0, 0
470900, 1008582, 1, 0, 0
471000, 1033882, 1, 0, 0
471100, 1020746, 1, 0, 0
471200, 1001013, 1, 0, 0
471300, 1003989, 1, 0, 0
471400, 1025391, 1, 0, 0
471500, 980793, 1, 0, 0
471600, 1032213, 1, 0, 0
471700, 1004794, 1, 0, 0
471800, 994547, 1, 0, 0
471901, 1092136, 1, 0, 0
472000, 1065665, 1, 0, 0
472100, 997207, 1, 0, 0
472200, 989712, 1, 0, 0
472300, 996261, 1, 0, 0
472400, 966837, 1, 0, 0
472500, 994375, 1, 0, 0
472600, 1047922, 1, 0, 0
472700, 1001926, 1, 0, 0
472800, 986447, 1, 0, 0
472900, 982082, 1, 0, 0
473000, 1002793, 1, 0, 0
473100, 1001254, 1, 0, 0
473200, 1005166, 1, 0, 0
473300, 1023607, 1, 0, 0
473400, 995805, 1, 0, 0
473500, 1031058, 1, 0, 0
473601, 1034637, 1, 0, 0
473700, 1017629, 1, 0, 0
473800, 1029441, 1, 0, 0
473901, 977264, 1, 0, 0
474000, 978647, 1, 0, 0
474100, 1010006, 1, 0, 0
474200, 1001077, 1, 0, 0
474300, 985583, 1, 0, 0
474400, 991004, 1, 0, 0
474500, 974640, 1, 0, 0
474600, 977047, 1, 0, 0
474700, 1048357, 1, 0, 0
474800, 1009922, 1, 0, 0
474900, 984823, 1, 0, 0
475000, 996379, 1, 0, 0
475100, 1019437, 1, 0, 0
475200, 997921, 1, 0, 0
475300, 1036342, 1, 0, 0
475400, 960872, 1, 0, 0
475500, 1015707, 1, 0, 0
475600, 979781, 1, 0, 0
475700, 977091, 1, 0, 0
475800, 1003489, 1, 0, 0
475900, 998257, 1, 0, 0
476000, 979045, 1, 0, 0
476100, 1006982, 1, 0, 0
476200, 998985, 1, 0, 0
476300, 978237, 1, 0, 0
476400, 996448, 1, 0, 0
476500, 928588, 1, 0, 0
476600, 1002647, 1, 0, 0
476700, 1024026, 1, 0, 0
476800, 1026647, 1, 0, 0
476900, 983116, 1, 0, 0
477000, 1014043, 1, 0, 0
477100, 966095, 1, 0, 0
477200, 985323, 1, 0, 0
477300, 1026669, 1, 0, 0
477400, 974434, 1, 0, 0
477500, 993866, 1, 0, 0
477600, 1036854, 1, 0, 0
477700, 978649, 1, 0, 0
477800, 1027739, 1, 0, 0
477900, 978962, 1, 0, 0
478001, 973942, 1, 0, 0
478100, 1027595, 1, 0, 0
478200, 1026900, 1, 0, 0
478300, 986033, 1, 0, 0
478400, 1023345, 1, 0, 0
478500, 1016380, 1, 0, 0
478600, 969742, 1, 0, 0
478700, 974869, 1, 0, 0
478800, 1028796, 1, 0, 0
478900, 994164, 1, 0, 0
479000, 972636, 1, 0, 0
479100, 953258, 1, 0, 0
479200, 1001284, 1, 0, 0
479300, 987488, 1, 0, 0
479400, 1031460, 1, 0, 0
479500, 988140, 1, 0, 0
479600, 1012265, 1, 0, 0
479700, 944366, 1, 0, 0
479800, 1003104, 1, 0, 0
479901, 999256, 1, 0, 0
480000, 920513, 1, 0, 0
480100, 986593, 1, 0, 0
480200, 957709, 1, 0, 0
480300, 946854, 1, 0, 0
480400, 979261, 1, 0, 0
480500, 979016, 1, 0, 0
480600, 999928, 1, 0, 0
480700, 957679, 1, 0, 0
480800, 1010682, 1, 0, 0
480900, 999050, 1, 0, 0
481000, 1026915, 1, 0, 0
481100, 999963, 1, 0, 0
481200, 987161, 1, 0, 0
481300, 987958, 1, 0, 0
481400, 978785, 1, 0, 0
481501, 1033245, 1, 0, 0
481600, 995642, 1, 0, 0
481700, 1018351, 1, 0, 0
481800, 1007241, 1, 0, 0
481900, 1036885, 1, 0, 0
482000, 1022795, 1, 0, 0
482100, 991971, 1, 0, 0
482200, 960579, 1, 0, 0
482300, 1053939, 1, 0, 0
482400, 1019692, 1, 0, 0
482500, 995036, 1, 0, 0
482600, 995158, 1, 0, 0
482700, 1009813, 1, 0, 0
482800, 1026604, 1, 0, 0
482900, 1010187, 1, 0, 0
483000, 1041382, 1, 0, 0
483100, 1004601, 1, 0, 0
483200, 970397, 1, 0, 0
483301, 1088569, 1, 0, 0
483400, 1042439, 1, 0, 0
483500, 999673, 1, 0, 0
483600, 1068661, 1, 0, 0
483700, 1051198, 1, 0, 0
483800, 1005619, 1, 0, 0
483900, 1014399, 1, 0, 0
484000, 1042628, 1, 0, 0
484100, 1001994, 1, 0, 0
484200, 1007169, 1, 0, 0
484300, 1034018, 1, 0, 0
484400, 999683, 1, 0, 0
484500, 1025133, 1, 0, 0
484600, 1028842, 1, 0, 0
484700, 1031456, 1, 0, 0
484800, 1055126, 1, 0, 0
484900, 1036810, 1, 0, 0
485001, 1047221, 1, 0, 0
485100, 1045440, 1, 0, 0
485201, 996906, 1, 0, 0
485300, 1008216, 1, 0, 0
485400, 1032048, 1, 0, 0
485500, 995825, 1, 0, 0
485600, 1047410, 1, 0, 0
485700, 1002000, 1, 0, 0
485800, 1005326, 1, 0, 0
485900, 990382, 1, 0, 0
486000, 1000049, 1, 0, 0
486100, 1063174, 1, 0, 0
486200, 1070252, 1, 0, 0
486300, 1009110, 1, 0, 0
486400, 1017012, 1, 0, 0
486500, 995923, 1, 0, 0
486600, 1015968, 1, 0, 0
486700, 1001329, 1, 0, 0
486800, 1003914, 1, 0, 0
486900, 1007040, 1, 0, 0
487000, 1040153, 1, 0, 0
487100, 1016076, 1, 0, 0
487200, 997028, 1, 0, 0
487300, 1068709, 1, 0, 0
487400, 1034181, 1, 0, 0
487501, 1022107, 1, 0, 0
487600, 992674, 1, 0, 0
487701, 1017654, 1, 0, 0
487800, 998725, 1, 0, 0
487900, 1006800, 1, 0, 0
488001, 1042277, 1, 0, 0
488100, 1027256, 1, 0, 0
488200, 973494, 1, 0, 0
488300, 1071607, 1, 0, 0
488400, 1047103, 1, 0, 0
488500, 991193, 1, 0, 0
488600, 980324, 1, 0, 0
488700, 1052343, 1, 0, 0
488800, 1019263, 1, 0, 0
488900, 1016676, 1, 0, 0
489000, 981945, 1, 0, 0
489100, 985003, 1, 0, 0
489201, 1014697, 1, 0, 0
489301, 977225, 1, 0, 0
489400, 996439, 1, 0, 0
489500, 1015664, 1, 0, 0
489600, 1034971, 1, 0, 0
489700, 1008140, 1, 0, 0
489800, 1048111, 1, 0, 0
489900, 979940, 1, 0, 0
490000, 989546, 1, 0, 0
490100, 947927, 1, 0, 0
490200, 985816, 1, 0, 0
490300, 957185, 1, 0, 0
490400, 962425, 1, 0, 0
490500, 999267, 1, 0, 0
490600, 965158, 1, 0, 0
490700, 1011576, 1, 0, 0
490800, 1017496, 1, 0, 0
490900, 976724, 1, 0, 0
491000, 989038, 1, 0, 0
491101, 1013210, 1, 0, 0
491200, 997789, 1, 0, 0
491300, 984005, 1, 0, 0
491400, 1006678, 1, 0, 0
491501, 957997, 1, 0, 0
491600, 1016265, 1, 0, 0
491700, 997194, 1, 0, 0
491801, 1090345, 1, 0, 0
491900, 1044074, 1, 0, 0
492000, 990163, 1, 0, 0
492101, 1071830, 1, 0, 0
492200, 1045855, 1, 0, 0
492300, 1091824, 1, 0, 0
492400, 1045959, 1, 0, 0
492501, 1075987, 1, 0, 0
492600, 993119, 1, 0, 0
492700, 985516, 1, 0, 0
492800, 985019, 1, 0, 0
492900, 1012809, 1, 0, 0
493000, 1016437, 1, 0, 0
493100, 1038459, 1, 0, 0
493200, 1013196, 1, 0, 0
493300, 1013690, 1, 0, 0
493400, 1019207, 1, 0, 0
493500, 994980, 1, 0, 0
493600, 1091380, 1, 0, 0
493701, 1027516, 1, 0, 0
493800, 1035113, 1, 0, 0
493900, 1095403, 1, 0, 0
494000, 1025840, 1, 0, 0
494100, 1023610, 1, 0, 0
494200, 1006668, 1, 0, 0
494300, 983762, 1, 0, 0
494400, 1017852, 1, 0, 0
494500, 1023745, 1, 0, 0
494600, 1020627, 1, 0, 0
494701, 1035582, 1, 0, 0
494800, 1041002, 1, 0, 0
494900, 1078095, 1, 0, 0
495000, 1042799, 1, 0, 0
495100, 1034644, 1, 0, 0
495200, 1070747, 1, 0, 0
495301, 1066582, 1, 0, 0
495401, 1041796, 1, 0, 0
495500, 1022266, 1, 0, 0
495600, 1043023, 1, 0, 0
495700, 990963, 1, 0, 0
495800, 1025557, 1, 0, 0
495901, 1032988, 1, 0, 0
496000, 1052525, 1, 0, 0
496100, 1036628, 1, 0, 0
496200, 1050864, 1, 0, 0
496300, 1038703, 1, 0, 0
496400, 1017956, 1, 0, 0
496500, 1016749, 1, 0, 0
496600, 1013379, 1, 0, 0
496700, 1007120, 1, 0, 0
496800, 1065355, 1, 0, 0
496900, 1018290, 1, 0, 0
497000, 1078850, 1, 0, 0
497100, 986816, 1, 0, 0
497200, 1004246, 1, 0, 0
497300, 1035671, 1, 0, 0
497400, 1038579, 1, 0, 0
497500, 1061864, 1, 0, 0
497600, 992328, 1, 0, 0
497700, 1021461, 1, 0, 0
497800, 1072246, 1, 0, 0
497900, 1030382, 1, 0, 0
498000, 1104725, 1, 0, 0
498100, 1069338, 1, 0, 0
498200, 1029774, 1, 0, 0
498300, 1055696, 1, 0, 0
498400, 1011711, 1, 0, 0
498501, 1010991, 1, 0, 0
498601, 1056463, 1, 0, 0
498700, 982954, 1, 0, 0
498800, 1004815, 1, 0, 0
498900, 1044314, 1, 0, 0
499000, 1035133, 1, 0, 0
499100, 1040984, 1, 0, 0
499200, 1018751, 1, 0, 0
499300, 997176, 1, 0, 0
499400, 1066935, 1, 0, 0
499500, 976479, 1, 0, 0
499600, 990353, 1, 0, 0
499700, 993668, 1, 0, 0
499800, 1015647, 1, 0, 0
499900, 990488, 1, 0, 0
500000, 1066339, 1, 0, 0
500101, 1002128, 1, 0, 0
500200, 996285, 1, 0, 0
500300, 968714, 1, 0, 0
500401, 966754, 1, 0, 0
500501, 995098, 1, 0, 0
500600, 994693, 1, 0, 0
500700, 1014241, 1, 0, 0
500800, 981533, 1, 0, 0
500900, 971657, 1, 0, 0
501000, 1006343, 1, 0, 0
501101, 1046745, 1, 0, 0
501200, 976217, 1, 0, 0
501300, 1062942, 1, 0, 0
501400, 1044665, 1, 0, 0
501500, 972661, 1, 0, 0
501600, 1009431, 1, 0, 0
501700, 1032099, 1, 0, 0
501800, 966511, 1, 0, 0
501900, 961245, 1, 0, 0
502000, 961679, 1, 0, 0
502100, 971685, 1, 0, 0
502200, 981525, 1, 0, 0
502300, 982056, 1, 0, 0
502400, 995137, 1, 0, 0
502500, 973747, 1, 0, 0
502601, 1027308, 1, 0, 0
502700, 1003531, 1, 0, 0
502800, 1000561, 1, 0, 0
502900, 981005, 1, 0, 0
503000, 980371, 1, 0, 0
503100, 975643, 1, 0, 0
503200, 938318, 1, 0, 0
503300, 1042852, 1, 0, 0
503400, 948377, 1, 0, 0
503500, 939504, 1, 0, 0
503600, 942399, 1, 0, 0
503700, 953398, 1, 0, 0
503800, 1012371, 1, 0, 0
503900, 1002834, 1, 0, 0
504000, 976409, 1, 0, 0
504100, 987932, 1, 0, 0
504200, 981501, 1, 0, 0
504300, 1030360, 1, 0, 0
504400, 1001891, 1, 0, 0
504500, 968602, 1, 0, 0
504600, 988245, 1, 0, 0
504701, 966591, 1, 0, 0
504800, 963619, 1, 0, 0
504900, 962867, 1, 0, 0
505000, 970747, 1, 0, 0
505100, 957870, 1, 0, 0
505200, 1029733, 1, 0, 0
505300, 985405, 1, 0, 0
505401, 958609, 1, 0, 0
505500, 969930, 1, 0, 0
505600, 977214, 1, 0, 0
505700, 992369, 1, 0, 0
505800, 1010979, 1, 0, 0
505900, 989502, 1, 0, 0
506000, 1022389, 1, 0, 0
506100, 973625, 1, 0, 0
506200, 988626, 1, 0, 0
506300, 975741, 1, 0, 0
506400, 963061, 1, 0, 0
506500, 1012731, 1, 0, 0
506600, 1019351, 1, 0, 0
506700, 990690, 1, 0, 0
506800, 1024529, 1, 0, 0
506900, 1001590, 1, 0, 0
507002, 1031052, 1, 0, 0
507100, 966237, 1, 0, 0
507200, 970083, 1, 0, 0
507300, 1028527, 1, 0, 0
507400, 1006803, 1, 0, 0
507500, 999174, 1, 0, 0
507600, 966146, 1, 0, 0
507700, 948215, 1, 0, 0
507800, 1001243, 1, 0, 0
507900, 958995, 1, 0, 0
508000, 1000586, 1, 0, 0
508100, 1020291, 1, 0, 0
508200, 996474, 1, 0, 0
508300, 1021327, 1, 0, 0
508400, 991231, 1, 0, 0
508500, 1039260, 1, 0, 0
508600, 989844, 1, 0, 0
508700, 1009785, 1, 0, 0
508802, 1051411, 1, 0, 0
508900, 1010510, 1, 0, 0
509000, 995975, 1, 0, 0
509100, 993880, 1, 0, 0
509201, 1037894, 1, 0, 0
509300, 1036706, 1, 0, 0
509400, 991558, 1, 0, 0
509500, 1006937, 1, 0, 0
509601, 1027646, 1, 0, 0
509700, 1009448, 1, 0, 0
509800, 1016833, 1, 0, 0
509900, 1061112, 1, 0, 0
510000, 992931, 1, 0, 0
510100, 975281, 1, 0, 0
510200, 974337, 1, 0, 0
510300, 962575, 1, 0, 0
510400, 967199, 1, 0, 0
510500, 1010775, 1, 0, 0
510600, 985441, 1, 0, 0
510700, 1034841, 1, 0, 0
510800, 947828, 1, 0, 0
510900, 1005196, 1, 0, 0
511000, 977462, 1, 0, 0
511100, 1014124, 1, 0, 0
511200, 1025785, 1, 0, 0
511300, 1004715, 1, 0, 0
511400, 1008071, 1, 0, 0
511500, 996132, 1, 0, 0
511600, 1023830, 1, 0, 0
511700, 982740, 1, 0, 0
511800, 1026421, 1, 0, 0
511900, 1000238, 1, 0, 0
512000, 957231, 1, 0, 0
512100, 993449, 1, 0, 0
512200, 1010736, 1, 0, 0
512300, 1000613, 1, 0, 0
512400, 990963, 1, 0, 0
512500, 1013952, 1, 0, 0
512600, 984075, 1, 0, 0
512700, 966863, 1, 0, 0
512800, 1010891, 1, 0, 0
512900, 1017591, 1, 0, 0
513000, 998761, 1, 0, 0
513100, 1015918, 1, 0, 0
513201, 999685, 1, 0, 0
513300, 1029906, 1, 0, 0
513400, 996061, 1, 0, 0
513500, 1003508, 1, 0, 0
513600, 1012793, 1, 0, 0
513700, 996034, 1, 0, 0
513800, 1050310, 1, 0, 0
513900, 989488, 1, 0, 0
514000, 966245, 1, 0, 0
514100, 1009063, 1, 0, 0
514200, 978013, 1, 0, 0
514300, 983929, 1, 0, 0
514400, 1015074, 1, 0, 0
514501, 1035118, 1, 0, 0
514600, 983637, 1, 0, 0
514701, 979254, 1, 0, 0
514800, 1005986, 1, 0, 0
514902, 987498, 1, 0, 0
515000, 990377, 1, 0, 0
515100, 1002804, 1, 0, 0
515200, 989246, 1, 0, 0
515300, 991807, 1, 0, 0
515400, 965642, 1, 0, 0
515500, 967094, 1, 0, 0
515600, 1027265, 1, 0, 0
515700, 959234, 1, 0, 0
515801, 997801, 1, 0, 0
515900, 955836, 1, 0, 0
516000, 974686, 1, 0, 0
516100, 955794, 1, 0, 0
516200, 1002916, 1, 0, 0
516300, 972413, 1, 0, 0
516400, 993260, 1, 0, 0
516500, 987415, 1, 0, 0
516600, 1007717, 1, 0, 0
516700, 1032302, 1, 0, 0
516800, 981800, 1, 0, 0
516900, 984008, 1, 0, 0
517000, 1009302, 1, 0, 0
517100, 995150, 1, 0, 0
517200, 1024437, 1, 0, 0
517300, 1008447, 1, 0, 0
517400, 970344, 1, 0, 0
517500, 965092, 1, 0, 0
517600, 968690, 1, 0, 0
517700, 967345, 1, 0, 0
517800, 1002459, 1, 0, 0
517900, 983617, 1, 0, 0
518001, 1020865, 1, 0, 0
518100, 957840, 1, 0, 0
518200, 970820, 1, 0, 0
518300, 986902, 1, 0, 0
518400, 989576, 1, 0, 0
518500, 996660, 1, 0, 0
518600, 1016938, 1, 0, 0
518700, 938176, 1, 0, 0
518800, 989428, 1, 0, 0
518900, 967149, 1, 0, 0
519000, 973786, 1, 0, 0
519100, 967496, 1, 0, 0
519200, 945991, 1, 0, 0
519300, 992915, 1, 0, 0
519400, 982022, 1, 0, 0
519500, 1017062, 1, 0, 0
519600, 992256, 1, 0, 0
519700, 996535, 1, 0, 0
519800, 1024151, 1, 0, 0
519900, 1037955, 1, 0, 0
520000, 970868, 1, 0, 0
520100, 955994, 1, 0, 0
520200, 949619, 1, 0, 0
520300, 987598, 1, 0, 0
520400, 1045331, 1, 0, 0
520500, 955450, 1, 0, 0
520600, 997251, 1, 0, 0
520700, 1012381, 1, 0, 0
520800, 989516, 1, 0, 0
520900, 962562, 1, 0, 0
521000, 934410, 1, 0, 0
521100, 1000499, 1, 0, 0
521200, 997125, 1, 0, 0
521300, 990299, 1, 0, 0
521400, 1022866, 1, 0, 0
521500, 994833, 1, 0, 0
521600, 984282, 1, 0, 0
521700, 970121, 1, 0, 0
521800, 968496, 1, 0, 0
521900, 1015077, 1, 0, 0
522000, 999600, 1, 0, 0
522100, 1027476, 1, 0, 0
522200, 982175, 1, 0, 0
522300, 987057, 1, 0, 0
522400, 957191, 1, 0, 0
522501, 1029890, 1, 0, 0
522600, 957359, 1, 0, 0
522702, 965166, 1, 0, 0
522800, 987861, 1, 0, 0
522900, 978581, 1, 0, 0
523000, 975172, 1, 0, 0
523100, 993487, 1, 0, 0
523200, 1002955, 1, 0, 0
523300, 1012968, 1, 0, 0
523400, 977088, 1, 0, 0
523500, 983356, 1, 0, 0
523600, 971368, 1, 0, 0
523700, 962703, 1, 0, 0
523801, 984328, 1, 0, 0
523900, 996077, 1, 0, 0
524000, 953952, 1, 0, 0
524100, 1015051, 1, 0, 0
524200, 975534, 1, 0, 0
524300, 1011664, 1, 0, 0
524400, 951707, 1, 0, 0
524500, 1004160, 1, 0, 0
524600, 1023168, 1, 0, 0
524701, 996256, 1, 0, 0
524800, 995794, 1, 0, 0
524900, 958060, 1, 0, 0
525000, 961376, 1, 0, 0
525100, 1041339, 1, 0, 0
525200, 982909, 1, 0, 0
525301, 1006944, 1, 0, 0
525400, 964481, 1, 0, 0
525500, 1004052, 1, 0, 0
525600, 987348, 1, 0, 0
525700, 974054, 1, 0, 0
525800, 943403, 1, 0, 0
525900, 964273, 1, 0, 0
526000, 952258, 1, 0, 0
526100, 984111, 1, 0, 0
526200, 985810, 1, 0, 0
526300, 984819, 1, 0, 0
526400, 1015879, 1, 0, 0
526500, 996165, 1, 0, 0
526600, 982059, 1, 0, 0
526700, 957649, 1, 0, 0
526800, 993319, 1, 0, 0
526900, 978751, 1, 0, 0
527000, 997427, 1, 0, 0
527102, 1000605, 1, 0, 0
527200, 1012923, 1, 0, 0
527300, 999803, 1, 0, 0
527400, 979577, 1, 0, 0
527500, 970315, 1, 0, 0
527600, 983793, 1, 0, 0
527700, 975421, 1, 0, 0
527801, 981188, 1, 0, 0
527900, 1053628, 1, 0, 0
528000, 968849, 1, 0, 0
528100, 985337, 1, 0, 0
528200, 1032288, 1, 0, 0
528300, 988450, 1, 0, 0
528400, 956685, 1, 0, 0
528500, 1016025, 1, 0, 0
528600, 952144, 1, 0, 0
528700, 966425, 1, 0, 0
528800, 976725, 1, 0, 0
528900, 968982, 1, 0, 0
529000, 1004173, 1, 0, 0
529100, 977351, 1, 0, 0
529200, 1010250, 1, 0, 0
529300, 994683, 1, 0, 0
529400, 1026535, 1, 0, 0
529500, 938485, 1, 0, 0
529600, 982372, 1, 0, 0
529701, 959890, 1, 0, 0
529800, 991773, 1, 0, 0
529900, 1019243, 1, 0, 0
530000, 1030960, 1, 0, 0
530100, 1053704, 1, 0, 0
530200, 991117, 1, 0, 0
530301, 1041494, 1, 0, 0
530400, 981542, 1, 0, 0
530500, 987083, 1, 0, 0
530600, 951009, 1, 0, 0
530700, 999797, 1, 0, 0
530800, 953011, 1, 0, 0
530900, 967666, 1, 0, 0
531001, 1005437, 1, 0, 0
531100, 1012896, 1, 0, 0
531200, 1013035, 1, 0, 0
531301, 1024892, 1, 0, 0
531400, 984968, 1, 0, 0
531500, 1021291, 1, 0, 0
531600, 1009239, 1, 0, 0
531700, 992600, 1, 0, 0
531800, 1019884, 1, 0, 0
531901, 1016399, 1, 0, 0
532000, 1006445, 1, 0, 0
532100, 1005336, 1, 0, 0
532200, 978669, 1, 0, 0
532300, 1029638, 1, 0, 0
532400, 983557, 1, 0, 0
532500, 990004, 1, 0, 0
532600, 964892, 1, 0, 0
532700, 1024748, 1, 0, 0
532800, 1024195, 1, 0, 0
532900, 1002021, 1, 0, 0
533000, 935377, 1, 0, 0
533100, 1027347, 1, 0, 0
533201, 1037765, 1, 0, 0
533300, 1028735, 1, 0, 0
533400, 982505, 1, 0, 0
533500, 982693, 1, 0, 0
533600, 1051870, 1, 0, 0
533700, 1017274, 1, 0, 0
533800, 969417, 1, 0, 0
533900, 964210, 1, 0, 0
534001, 1004011, 1, 0, 0
534100, 1052018, 1, 0, 0
534200, 1029653, 1, 0, 0
534300, 1019093, 1, 0, 0
534401, 1054548, 1, 0, 0
534500, 1035572, 1, 0, 0
534600, 972636, 1, 0, 0
534700, 985227, 1, 0, 0
534800, 984389, 1, 0, 0
534901, 1052279, 1, 0, 0
535000, 1014723, 1, 0, 0
535100, 998473, 1, 0, 0
535200, 983891, 1, 0, 0
535300, 1039678, 1, 0, 0
535400, 1035615, 1, 0, 0
535500, 1047112, 1, 0, 0
535600, 1057603, 1, 0, 0
535700, 1000581, 1, 0, 0
535800, 964823, 1, 0, 0
535900, 1027730, 1, 0, 0
536000, 1039768, 1, 0, 0
536100, 1032693, 1, 0, 0
536200, 982538, 1, 0, 0
536300, 1041536, 1, 0, 0
536400, 972747, 1, 0, 0
536500, 1021468, 1, 0, 0
536601, 1027662, 1, 0, 0
536700, 1030150, 1, 0, 0
536800, 971346, 1, 0, 0
536900, 1032075, 1, 0, 0
537000, 1006360, 1, 0, 0
537100, 990772, 1, 0, 0
537200, 988571, 1, 0, 0
537301, 1060228, 1, 0, 0
537400, 1058711, 1, 0, 0
537500, 1032260, 1, 0, 0
537600, 1008074, 1, 0, 0
537700, 1017157, 1, 0, 0
537800, 1004697, 1, 0, 0
537900, 1007916, 1, 0, 0
538001, 967600, 1, 0, 0
538100, 1051015, 1, 0, 0
538200, 1014138, 1, 0, 0
538300, 972042, 1, 0, 0
538400, 1004090, 1, 0, 0
538500, 967706, 1, 0, 0
538600, 1031382, 1, 0, 0
538700, 990005, 1, 0, 0
538800, 998347, 1, 0, 0
538900, 989047, 1, 0, 0
539000, 1025038, 1, 0, 0
539100, 968642, 1, 0, 0
539200, 1043017, 1, 0, 0
539300, 990588, 1, 0, 0
539400, 985166, 1, 0, 0
539501, 980371, 1, 0, 0
539600, 1010015, 1, 0, 0
539700, 1012763, 1, 0, 0
539800, 1010609, 1, 0, 0
539900, 966406, 1, 0, 0
540000, 981592, 1, 0, 0
540100, 1063566, 1, 0, 0
540200, 986211, 1, 0, 0
540300, 1017768, 1, 0, 0
540400, 1025892, 1, 0, 0
540500, 994774, 1, 0, 0
540600, 1009931, 1, 0, 0
540701, 987818, 1, 0, 0
540800, 975107, 1, 0, 0
540900, 968025, 1, 0, 0
541001, 985866, 1, 0, 0
541100, 962555, 1, 0, 0
541201, 1038271, 1, 0, 0
541301, 1003957, 1, 0, 0
541400, 998711, 1, 0, 0
541500, 992009, 1, 0, 0
541600, 993297, 1, 0, 0
541700, 991942, 1, 0, 0
541801, 1014666, 1, 0, 0
541901, 1005610, 1, 0, 0
542001, 1024820, 1, 0, 0
542100, 971270, 1, 0, 0
542200, 1003379, 1, 0, 0
542300, 956344, 1, 0, 0
542400, 1034793, 1, 0, 0
542500, 992549, 1, 0, 0
542600, 984683, 1, 0, 0
542700, 943666, 1, 0, 0
542800, 945620, 1, 0, 0
542900, 973618, 1, 0, 0
543000, 1013592, 1, 0, 0
543100, 1026443, 1, 0, 0
543200, 1010483, 1, 0, 0
543300, 1017006, 1, 0, 0
543400, 1002399, 1, 0, 0
543500, 989391, 1, 0, 0
543600, 977546, 1, 0, 0
543700, 988593, 1, 0, 0
543801, 1059235, 1, 0, 0
543900, 987228, 1, 0, 0
544000, 969541, 1, 0, 0
544100, 963701, 1, 0, 0
544200, 968362, 1, 0, 0
544301, 1005864, 1, 0, 0
544400, 993138, 1, 0, 0
544500, 964182, 1, 0, 0
544600, 1019852, 1, 0, 0
544700, 1044186, 1, 0, 0
544801, 1000096, 1, 0, 0
544900, 989931, 1, 0, 0
545001, 953218, 1, 0, 0
545100, 997406, 1, 0, 0
545200, 992957, 1, 0, 0
545300, 995594, 1, 0, 0
545400, 1033530, 1, 0, 0
545500, 1035446, 1, 0, 0
545600, 1015880, 1, 0, 0
545700, 976145, 1, 0, 0
545800, 961696, 1, 0, 0
545900, 965657, 1, 0, 0
546000, 945033, 1, 0, 0
546100, 997800, 1, 0, 0
546200, 990128, 1, 0, 0
546300, 944631, 1, 0, 0
546400, 974044, 1, 0, 0
546500, 971997, 1, 0, 0
546600, 955745, 1, 0, 0
546700, 964662, 1, 0, 0
546800, 972541, 1, 0, 0
546900, 969058, 1, 0, 0
547000, 992881, 1, 0, 0
547100, 976234, 1, 0, 0
547200, 984301, 1, 0, 0
547300, 981810, 1, 0, 0
547400, 979701, 1, 0, 0
547501, 968675, 1, 0, 0
547600, 964402, 1, 0, 0
547700, 964568, 1, 0, 0
547800, 995902, 1, 0, 0
547900, 949060, 1, 0, 0
548000, 1024338, 1, 0, 0
548100, 1000103, 1, 0, 0
548200, 957659, 1, 0, 0
548300, 981462, 1, 0, 0
548400, 1011565, 1, 0, 0
548500, 1006178, 1, 0, 0
548600, 1002262, 1, 0, 0
548700, 979001, 1, 0, 0
548800, 927542, 1, 0, 0
548900, 992559, 1, 0, 0
549000, 970902, 1, 0, 0
549100, 947274, 1, 0, 0
549200, 955783, 1, 0, 0
549300, 965274, 1, 0, 0
549400, 1012967, 1, 0, 0
549500, 974705, 1, 0, 0
549600, 950287, 1, 0, 0
549700, 957737, 1, 0, 0
549800, 983708, 1, 0, 0
549900, 953071, 1, 0, 0
550001, 994067, 1, 0, 0
550101, 992115, 1, 0, 0
550200, 946186, 1, 0, 0
550300, 988896, 1, 0, 0
550400, 999525, 1, 0, 0
550500, 1035797, 1, 0, 0
550600, 959539, 1, 0, 0
550700, 954196, 1, 0, 0
550800, 972348, 1, 0, 0
550900, 981336, 1, 0, 0
551000, 986626, 1, 0, 0
551100, 963156, 1, 0, 0
551200, 995393, 1, 0, 0
551300, 1003179, 1, 0, 0
551400, 1037242, 1, 0, 0
551500, 955506, 1, 0, 0
551600, 952867, 1, 0, 0
551700, 976349, 1, 0, 0
551800, 944205, 1, 0, 0
551900, 975195, 1, 0, 0
552000, 974406, 1, 0, 0
552100, 991727, 1, 0, 0
552200, 992118, 1, 0, 0
552300, 976564, 1, 0, 0
552400, 981386, 1, 0, 0
552500, 1030421, 1, 0, 0
552600, 1020361, 1, 0, 0
552700, 1022759, 1, 0, 0
552800, 973284, 1, 0, 0
552900, 968122, 1, 0, 0
553000, 1000578, 1, 0, 0
553100, 1007189, 1, 0, 0
553200, 1006732, 1, 0, 0
553300, 979217, 1, 0, 0
553400, 1020477, 1, 0, 0
553500, 1014154, 1, 0, 0
553600, 1024173, 1, 0, 0
553700, 978845, 1, 0, 0
553800, 976460, 1, 0, 0
553900, 983518, 1, 0, 0
554000, 1017837, 1, 0, 0
554100, 1005224, 1, 0, 0
554200, 994370, 1, 0, 0
554300, 963545, 1, 0, 0
554401, 1022542, 1, 0, 0
554500, 964201, 1, 0, 0
554600, 1000763, 1, 0, 0
554700, 959612, 1, 0, 0
554800, 976688, 1, 0, 0
554900, 1032975, 1, 0, 0
555000, 1022287, 1, 0, 0
555100, 957338, 1, 0, 0
555200, 999047, 1, 0, 0
555301, 982977, 1, 0, 0
555400, 993119, 1, 0, 0
555500, 982521, 1, 0, 0
555600, 986529, 1, 0, 0
555700, 1068322, 1, 0, 0
555800, 1007987, 1, 0, 0
555900, 987193, 1, 0, 0
556000, 988945, 1, 0, 0
556101, 993062, 1, 0, 0
556201, 989200, 1, 0, 0
556300, 950300, 1, 0, 0
556400, 1016889, 1, 0, 0
556500, 984507, 1, 0, 0
556600, 989167, 1, 0, 0
556700, 966554, 1, 0, 0
556800, 994294, 1, 0, 0
556900, 959116, 1, 0, 0
557000, 1007762, 1, 0, 0
557100, 972389, 1, 0, 0
557200, 1016442, 1, 0, 0
557300, 1003214, 1, 0, 0
557401, 992199, 1, 0, 0
557500, 982916, 1, 0, 0
557600, 1000695, 1, 0, 0
557700, 990118, 1, 0, 0
557800, 993527, 1, 0, 0
557900, 989561, 1, 0, 0
558000, 975262, 1, 0, 0
558100, 1000777, 1, 0, 0
558200, 995836, 1, 0, 0
558300, 978881, 1, 0, 0
558400, 990440, 1, 0, 0
558500, 981319, 1, 0, 0
558601, 1013440, 1, 0, 0
558700, 991215, 1, 0, 0
558800, 983519, 1, 0, 0
558900, 982506, 1, 0, 0
559000, 981854, 1, 0, 0
559100, 977606, 1, 0, 0
559201, 938842, 1, 0, 0
559300, 978954, 1, 0, 0
559400, 1039204, 1, 0, 0
559500, 986797, 1, 0, 0
559600, 980982, 1, 0, 0
559700, 1027003, 1, 0, 0
559800, 988235, 1, 0, 0
559901, 958532, 1, 0, 0
560000, 991827, 1, 0, 0
560102, 998098, 1, 0, 0
560200, 973806, 1, 0, 0
560300, 976097, 1, 0, 0
560400, 973089, 1, 0, 0
560500, 975500, 1, 0, 0
560600, 990007, 1, 0, 0
560700, 1078798, 1, 0, 0
560800, 1040418, 1, 0, 0
560900, 1031697, 1, 0, 0
561001, 999379, 1, 0, 0
561101, 985720, 1, 0, 0
561200, 935644, 1, 0, 0
561300, 981969, 1, 0, 0
561400, 1093027, 1, 0, 0
561500, 1006335, 1, 0, 0
561600, 1007353, 1, 0, 0
561700, 982022, 1, 0, 0
561800, 1012041, 1, 0, 0
561900, 986378, 1, 0, 0
562000, 1039841, 1, 0, 0
562100, 993039, 1, 0, 0
562201, 995980, 1, 0, 0
562300, 1050451, 1, 0, 0
562400, 1002653, 1, 0, 0
562500, 1015023, 1, 0, 0
562600, 993232, 1, 0, 0
562700, 992703, 1, 0, 0
562800, 989885, 1, 0, 0
562900, 996897, 1, 0, 0
563001, 998331, 1, 0, 0
563100, 979551, 1, 0, 0
563200, 998621, 1, 0, 0
563300, 1037370, 1, 0, 0
563400, 1004261, 1, 0, 0
563500, 997160, 1, 0, 0
563600, 980523, 1, 0, 0
563700, 989322, 1, 0, 0
563800, 1014948, 1, 0, 0
563900, 1024094, 1, 0, 0
564000, 1038384, 1, 0, 0
564102, 1048874, 1, 0, 0
564200, 1049219, 1, 0, 0
564301, 982731, 1, 0, 0
564400, 978792, 1, 0, 0
564500, 1026127, 1, 0, 0
564600, 1026448, 1, 0, 0
564700, 1024423, 1, 0, 0
564800, 1085864, 1, 0, 0
564900, 1017311, 1, 0, 0
565000, 1042132, 1, 0, 0
565100, 999038, 1, 0, 0
565200, 1005164, 1, 0, 0
565300, 1016208, 1, 0, 0
565400, 1061951, 1, 0, 0
565500, 1010662, 1, 0, 0
565601, 1010649, 1, 0, 0
565700, 1055771, 1, 0, 0
565800, 1063250, 1, 0, 0
565900, 1031742, 1, 0, 0
566000, 995007, 1, 0, 0
566101, 1040007, 1, 0, 0
566200, 1021098, 1, 0, 0
566300, 1030380, 1, 0, 0
566401, 1077545, 1, 0, 0
566500, 1024841, 1, 0, 0
566600, 1007608, 1, 0, 0
566700, 1053682, 1, 0, 0
566800, 1005114, 1, 0, 0
566900, 1024604, 1, 0, 0
567000, 990558, 1, 0, 0
567100, 1009106, 1, 0, 0
567200, 999040, 1, 0, 0
567300, 1019161, 1, 0, 0
567400, 1007552, 1, 0, 0
567501, 996070, 1, 0, 0
567600, 960259, 1, 0, 0
567700, 981670, 1, 0, 0
567800, 977827, 1, 0, 0
567900, 966164, 1, 0, 0
568000, 982015, 1, 0, 0
568100, 1000104, 1, 0, 0
568200, 976796, 1, 0, 0
568300, 1013940, 1, 0, 0
568401, 1007132, 1, 0, 0
568500, 1032911, 1, 0, 0
568600, 994270, 1, 0, 0
568700, 1013688, 1, 0, 0
568800, 990294, 1, 0, 0
568900, 973480, 1, 0, 0
569002, 1003378, 1, 0, 0
569100, 1013265, 1, 0, 0
569200, 966668, 1, 0, 0
569300, 1050256, 1, 0, 0
569401, 1029924, 1, 0, 0
569500, 1051554, 1, 0, 0
569600, 990959, 1, 0, 0
569700, 1033299, 1, 0, 0
569800, 987655, 1, 0, 0
569901, 980539, 1, 0, 0
570000, 958799, 1, 0, 0
570100, 1104005, 1, 0, 0
570200, 1020578, 1, 0, 0
570300, 1036479, 1, 0, 0
570401, 1036777, 1, 0, 0
570500, 1004228, 1, 0, 0
570600, 986033, 1, 0, 0
570700, 1012078, 1, 0, 0
570801, 1023879, 1, 0, 0
570900, 1035341, 1, 0, 0
571000, 1010490, 1, 0, 0
571100, 1000020, 1, 0, 0
571200, 996951, 1, 0, 0
571300, 1010969, 1, 0, 0
571400, 1029766, 1, 0, 0
571500, 996085, 1, 0, 0
571601, 1021390, 1, 0, 0
571700, 965162, 1, 0, 0
571800, 1011087, 1, 0, 0
571900, 991917, 1, 0, 0
572000, 997338, 1, 0, 0
572101, 1030488, 1, 0, 0
572200, 1052433, 1, 0, 0
572300, 1015445, 1, 0, 0
572401, 971879, 1, 0, 0
572500, 999009, 1, 0, 0
572600, 989263, 1, 0, 0
572700, 1020582, 1, 0, 0
572800, 991204, 1, 0, 0
572900, 1046714, 1, 0, 0
573000, 969561, 1, 0, 0
573100, 978458, 1, 0, 0
573200, 1030858, 1, 0, 0
573300, 989625, 1, 0, 0
573400, 967748, 1, 0, 0
573500, 962947, 1, 0, 0
573600, 994866, 1, 0, 0
573700, 977651, 1, 0, 0
573800, 976520, 1, 0, 0
573901, 985859, 1, 0, 0
574000, 968540, 1, 0, 0
574100, 993384, 1, 0, 0
574200, 1002180, 1, 0, 0
574300, 992046, 1, 0, 0
574400, 958632, 1, 0, 0
574500, 1011068, 1, 0, 0
574600, 975796, 1, 0, 0
574700, 1011992, 1, 0, 0
574800, 987851, 1, 0, 0
574900, 1045612, 1, 0, 0
575000, 1013899, 1, 0, 0
575100, 971160, 1, 0, 0
575200, 960716, 1, 0, 0
575300, 947999, 1, 0, 0
575400, 974119, 1, 0, 0
575500, 955366, 1, 0, 0
575600, 989076, 1, 0, 0
575700, 993984, 1, 0, 0
575800, 985388, 1, 0, 0
575900, 997812, 1, 0, 0
576000, 953601, 1, 0, 0
576101, 1020055, 1, 0, 0
576201, 988131, 1, 0, 0
576300, 997342, 1, 0, 0
576400, 1026740, 1, 0, 0
576500, 1017345, 1, 0, 0
576600, 1058548, 1, 0, 0
576700, 981149, 1, 0, 0
576801, 969800, 1, 0, 0
576900, 999452, 1, 0, 0
577000, 1010468, 1, 0, 0
577101, 989417, 1, 0, 0
577201, 998321, 1, 0, 0
577300, 1062022, 1, 0, 0
577400, 992552, 1, 0, 0
577500, 978476, 1, 0, 0
577600, 984762, 1, 0, 0
577700, 1058618, 1, 0, 0
577800, 961093, 1, 0, 0
577901, 947629, 1, 0, 0
578000, 968581, 1, 0, 0
578100, 949673, 1, 0, 0
578200, 1016575, 1, 0, 0
578300, 944166, 1, 0, 0
578400, 1034382, 1, 0, 0
578500, 974153, 1, 0, 0
578600, 992991, 1, 0, 0
578701, 957814, 1, 0, 0
578800, 996420, 1, 0, 0
578900, 976619, 1, 0, 0
579000, 976687, 1, 0, 0
579100, 963167, 1, 0, 0
579200, 1000113, 1, 0, 0
579300, 967947, 1, 0, 0
579400, 959748, 1, 0, 0
579500, 1034779, 1, 0, 0
579600, 996652, 1, 0, 0
579700, 1014493, 1, 0, 0
579800, 985441, 1, 0, 0
579900, 948104, 1, 0, 0
580001, 984258, 1, 0, 0
580100, 995492, 1, 0, 0
580200, 995274, 1, 0, 0
580300, 950467, 1, 0, 0
580400, 967970, 1, 0, 0
580500, 1009352, 1, 0, 0
580600, 975204, 1, 0, 0
580700, 975521, 1, 0, 0
580800, 951059, 1, 0, 0
580901, 1048468, 1, 0, 0
581000, 989801, 1, 0, 0
581100, 969212, 1, 0, 0
581200, 1017606, 1, 0, 0
581300, 947166, 1, 0, 0
581401, 1018167, 1, 0, 0
581500, 1006359, 1, 0, 0
581600, 996982, 1, 0, 0
581701, 1008011, 1, 0, 0
581800, 968457, 1, 0, 0
581900, 990383, 1, 0, 0
582000, 981952, 1, 0, 0
582100, 974015, 1, 0, 0
582200, 1026001, 1, 0, 0
582300, 993151, 1, 0, 0
582400, 988820, 1, 0, 0
582500, 1033542, 1, 0, 0
582600, 994697, 1, 0, 0
582700, 987564, 1, 0, 0
582800, 979155, 1, 0, 0
582900, 1021667, 1, 0, 0
583001, 1019252, 1, 0, 0
583100, 997247, 1, 0, 0
583200, 955742, 1, 0, 0
583300, 975693, 1, 0, 0
583400, 974653, 1, 0, 0
583500, 981328, 1, 0, 0
583600, 964265, 1, 0, 0
583700, 990813, 1, 0, 0
583800, 980304, 1, 0, 0
583901, 961066, 1, 0, 0
584000, 995075, 1, 0, 0
584100, 972834, 1, 0, 0
584200, 1043999, 1, 0, 0
584300, 977115, 1, 0, 0
584400, 976184, 1, 0, 0
584500, 956783, 1, 0, 0
584600, 945090, 1, 0, 0
584700, 982073, 1, 0, 0
584800, 971513, 1, 0, 0
584900, 993562, 1, 0, 0
585000, 1014285, 1, 0, 0
585100, 991666, 1, 0, 0
585200, 975125, 1, 0, 0
585300, 1003031, 1, 0, 0
585400, 1019779, 1, 0, 0
585500, 997202, 1, 0, 0
585600, 973536, 1, 0, 0
585700, 972144, 1, 0, 0
585800, 965142, 1, 0, 0
585900, 967899, 1, 0, 0
586000, 941382, 1, 0, 0
586100, 985103, 1, 0, 0
586200, 966086, 1, 0, 0
586300, 999599, 1, 0, 0
586400, 1012291, 1, 0, 0
586501, 1024411, 1, 0, 0
586600, 998489, 1, 0, 0
586700, 999782, 1, 0, 0
586800, 951031, 1, 0, 0
586900, 1014967, 1, 0, 0
587000, 977842, 1, 0, 0
587100, 971213, 1, 0, 0
587200, 996144, 1, 0, 0
587300, 1022721, 1, 0, 0
587400, 960625, 1, 0, 0
587500, 963023, 1, 0, 0
587600, 922537, 1, 0, 0
587700, 931562, 1, 0, 0
587800, 998849, 1, 0, 0
587900, 1065135, 1, 0, 0
588000, 1020048, 1, 0, 0
588100, 1021141, 1, 0, 0
588200, 1070911, 1, 0, 0
588300, 992554, 1, 0, 0
588400, 1011211, 1, 0, 0
588500, 1008536, 1, 0, 0
588600, 1017275, 1, 0, 0
588700, 982643, 1, 0, 0
588800, 999068, 1, 0, 0
588900, 990012, 1, 0, 0
589000, 974461, 1, 0, 0
589100, 1028859, 1, 0, 0
589200, 1002249, 1, 0, 0
589300, 991596, 1, 0, 0
589400, 1005891, 1, 0, 0
589500, 965944, 1, 0, 0
589600, 1014189, 1, 0, 0
589700, 1010982, 1, 0, 0
589800, 994835, 1, 0, 0
589900, 1037623, 1, 0, 0
590000, 987249, 1, 0, 0
590100, 1015349, 1, 0, 0
590200, 957500, 1, 0, 0
590300, 1025970, 1, 0, 0
590401, 997010, 1, 0, 0
590500, 1056739, 1, 0, 0
590600, 992112, 1, 0, 0
590700, 968570, 1, 0, 0
590800, 1014887, 1, 0, 0
590901, 1020746, 1, 0, 0
591001, 984651, 1, 0, 0
591100, 1014844, 1, 0, 0
591200, 991498, 1, 0, 0
591300, 1004624, 1, 0, 0
591400, 1010321, 1, 0, 0
591500, 978452, 1, 0, 0
591600, 1003070, 1, 0, 0
591700, 1067275, 1, 0, 0
591800, 967724, 1, 0, 0
591900, 965323, 1, 0, 0
592000, 983675, 1, 0, 0
592100, 986383, 1, 0, 0
592200, 1026667, 1, 0, 0
592300, 1032654, 1, 0, 0
592400, 1009202, 1, 0, 0
592500, 967860, 1, 0, 0
592600, 991211, 1, 0, 0
592700, 1004195, 1, 0, 0
592800, 973980, 1, 0, 0
592900, 1001499, 1, 0, 0
593000, 1005951, 1, 0, 0
593100, 1012545, 1, 0, 0
593200, 1042601, 1, 0, 0
593300, 980399, 1, 0, 0
593400, 1013622, 1, 0, 0
593500, 1019441, 1, 0, 0
593600, 971858, 1, 0, 0
593700, 952926, 1, 0, 0
593800, 979888, 1, 0, 0
593900, 980831, 1, 0, 0
594000, 998120, 1, 0, 0
594100, 984206, 1, 0, 0
594200, 1016567, 1, 0, 0
594300, 991051, 1, 0, 0
594400, 1038034, 1, 0, 0
594500, 1004282, 1, 0, 0
594600, 1031579, 1, 0, 0
594700, 1070993, 1, 0, 0
594800, 1006008, 1, 0, 0
594901, 1041845, 1, 0, 0
595000, 1030825, 1, 0, 0
595100, 1016958, 1, 0, 0
595200, 1043964, 1, 0, 0
595300, 1003142, 1, 0, 0
595400, 1034319, 1, 0, 0
595500, 1043503, 1, 0, 0
595600, 1052129, 1, 0, 0
595701, 1037107, 1, 0, 0
595800, 1052405, 1, 0, 0
595900, 1006692, 1, 0, 0
596001, 1021994, 1, 0, 0
596100, 1029819, 1, 0, 0
596200, 1025798, 1, 0, 0
596300, 1049305, 1, 0, 0
596400, 1034300, 1, 0, 0
596500, 1044170, 1, 0, 0
596600, 1001512, 1, 0, 0
596700, 970892, 1, 0, 0
596800, 960063, 1, 0, 0
596900, 991004, 1, 0, 0
597000, 993601, 1, 0, 0
597100, 1009948, 1, 0, 0
597200, 974808, 1, 0, 0
597300, 1001693, 1, 0, 0
597400, 1019749, 1, 0, 0
597500, 998271, 1, 0, 0
597600, 973862, 1, 0, 0
597700, 1013643, 1, 0, 0
597800, 930819, 1, 0, 0
597900, 980715, 1, 0, 0
598000, 1006031, 1, 0, 0
598100, 975547, 1, 0, 0
598200, 1000447, 1, 0, 0
598300, 1022257, 1, 0, 0
598400, 998780, 1, 0, 0
598500, 1017842, 1, 0, 0
598600, 1020630, 1, 0, 0
598700, 1021631, 1, 0, 0
598800, 985784, 1, 0, 0
598900, 1013997, 1, 0, 0
599000, 1002589, 1, 0, 0
599100, 981203, 1, 0, 0
599200, 994202, 1, 0, 0
599300, 996109, 1, 0, 0
599400, 991444, 1, 0, 0
599500, 978844, 1, 0, 0
599600, 997001, 1, 0, 0
599700, 1056067, 1, 0, 0
599800, 981198, 1, 0, 0
599900, 1002471, 1, 0, 0
600000, 976760, 1, 0, 0
