100, 1321649, 1, 0, 0
200, 1352434, 1, 0, 0
300, 1296883, 1, 0, 0
400, 1348465, 1, 0, 0
500, 1323021, 1, 0, 0
600, 1423298, 1, 0, 0
700, 1353953, 1, 0, 0
801, 1343392, 1, 0, 0
900, 1299373, 1, 0, 0
1001, 1334214, 1, 0, 0
1100, 1335239, 1, 0, 0
1200, 1295921, 1, 0, 0
1300, 1260055, 1, 0, 0
1400, 1278250, 1, 0, 0
1500, 1312667, 1, 0, 0
1600, 1339342, 1, 0, 0
1700, 1292634, 1, 0, 0
1800, 1345178, 1, 0, 0
1900, 1304623, 1, 0, 0
2000, 1349131, 1, 0, 0
2100, 1312418, 1, 0, 0
2201, 1346370, 1, 0, 0
2301, 1342376, 1, 0, 0
2400, 1381378, 1, 0, 0
2500, 1232068, 1, 0, 0
2600, 1307534, 1, 0, 0
2700, 1476196, 1, 0, 0
2800, 1385760, 1, 0, 0
2901, 1357103, 1, 0, 0
3001, 1247025, 1, 0, 0
3100, 1383898, 1, 0, 0
3201, 1270059, 1, 0, 0
3301, 1227434, 1, 0, 0
3400, 1324767, 1, 0, 0
3500, 1291788, 1, 0, 0
3602, 1341698, 1, 0, 0
3700, 1321839, 1, 0, 0
3800, 1300738, 1, 0, 0
3901, 1237975, 1, 0, 0
4000, 1303476, 1, 0, 0
4100, 1279847, 1, 0, 0
4201, 1326880, 1, 0, 0
4301, 1424474, 1, 0, 0
4400, 1289257, 1, 0, 0
4501, 1323729, 1, 0, 0
4600, 1305259, 1, 0, 0
4700, 1290121, 1, 0, 0
4800, 1314732, 1, 0, 0
4900, 1370166, 1, 0, 0
5000, 1319256, 1, 0, 0
5100, 1225449, 1, 0, 0
5200, 1350292, 1, 0, 0
5300, 1331105, 1, 0, 0
5401, 1379902, 1, 0, 0
5500, 1228201, 1, 0, 0
5601, 1294409, 1, 0, 0
5700, 1368838, 1, 0, 0
5800, 1259312, 1, 0, 0
5900, 1318602, 1, 0, 0
6000, 1263191, 1, 0, 0
6101, 1327511, 1, 0, 0
6201, 1347059, 1, 0, 0
6300, 1256979, 1, 0, 0
6400, 1327270, 1, 0, 0
6500, 1234511, 1, 0, 0
6600, 1297527, 1, 0, 0
6700, 1312769, 1, 0, 0
6800, 1290456, 1, 0, 0
6900, 1298792, 1, 0, 0
7001, 1342381, 1, 0, 0
7100, 1317424, 1, 0, 0
7201, 1303154, 1, 0, 0
7301, 1342415, 1, 0, 0
7400, 1352213, 1, 0, 0
7500, 1284490, 1, 0, 0
7600, 1256953, 1, 0, 0
7700, 1339485, 1, 0, 0
7801, 1268586, 1, 0, 0
7900, 1246248, 1, 0, 0
8000, 1306080, 1, 0, 0
8100, 1301717, 1, 0, 0
8201, 1273062, 1, 0, 0
8300, 1338693, 1, 0, 0
8400, 1307795, 1, 0, 0
8501, 1262617, 1, 0, 0
8600, 1376266, 1, 0, 0
8700, 1214994, 1, 0, 0
8800, 1293294, 1, 0, 0
8900, 1266524, 1, 0, 0
9000, 1280443, 1, 0, 0
9100, 1351751, 1, 0, 0
9200, 1165127, 1, 0, 0
9301, 1334459, 1, 0, 0
9400, 1292242, 1, 0, 0
9501, 1238303, 1, 0, 0
9600, 1281586, 1, 0, 0
9700, 1296974, 1, 0, 0
9800, 1298960, 1, 0, 0
9901, 1324002, 1, 0, 0
10000, 1255786, 1, 0, 0
10100, 1202397, 1, 0, 0
10200, 1294664, 1, 0, 0
10300, 1262937, 1, 0, 0
10401, 1279418, 1, 0, 0
10500, 1257352, 1, 0, 0
10600, 1240065, 1, 0, 0
10700, 1330463, 1, 0, 0
10801, 1275914, 1, 0, 0
10900, 1336220, 1, 0, 0
11001, 1318700, 1, 0, 0
11100, 1332563, 1, 0, 0
11201, 1294401, 1, 0, 0
11300, 1337797, 1, 0, 0
11400, 1222118, 1, 0, 0
11500, 1388565, 1, 0, 0
11600, 1294969, 1, 0, 0
11700, 1317438, 1, 0, 0
11801, 1272679, 1, 0, 0
11900, 1223198, 1, 0, 0
12001, 1213060, 1, 0, 0
12100, 1303475, 1, 0, 0
12201, 1275955, 1, 0, 0
12300, 1269827, 1, 0, 0
12400, 1238742, 1, 0, 0
12500, 1297037, 1, 0, 0
12600, 1259609, 1, 0, 0
12700, 1241799, 1, 0, 0
12800, 1339293, 1, 0, 0
12900, 1334129, 1, 0, 0
13000, 1230276, 1, 0, 0
13101, 1343291, 1, 0, 0
13201, 1306443, 1, 0, 0
13301, 1235954, 1, 0, 0
13400, 1231044, 1, 0, 0
13500, 1308617, 1, 0, 0
13600, 1255358, 1, 0, 0
13700, 1304028, 1, 0, 0
13800, 1324820, 1, 0, 0
13900, 1271932, 1, 0, 0
14001, 1320082, 1, 0, 0
14100, 1285153, 1, 0, 0
14200, 1309034, 1, 0, 0
14300, 1235593, 1, 0, 0
14401, 1239613, 1, 0, 0
14500, 1319277, 1, 0, 0
14600, 1338880, 1, 0, 0
14700, 1358956, 1, 0, 0
14800, 1302809, 1, 0, 0
14901, 1287479, 1, 0, 0
15001, 1208740, 1, 0, 0
15101, 1310761, 1, 0, 0
15200, 1298457, 1, 0, 0
15300, 1301720, 1, 0, 0
15400, 1345006, 1, 0, 0
15500, 1339059, 1, 0, 0
15600, 1286767, 1, 0, 0
15700, 1339000, 1, 0, 0
15801, 1271642, 1, 0, 0
15900, 1209106, 1, 0, 0
16000, 1260301, 1, 0, 0
16100, 1239617, 1, 0, 0
16200, 1271000, 1, 0, 0
16301, 1274963, 1, 0, 0
16401, 1204613, 1, 0, 0
16500, 1284296, 1, 0, 0
16600, 1247165, 1, 0, 0
16700, 1281532, 1, 0, 0
16800, 1262516, 1, 0, 0
16901, 1277106, 1, 0, 0
17001, 1271149, 1, 0, 0
17101, 1286862, 1, 0, 0
17200, 1320099, 1, 0, 0
17300, 1264316, 1, 0, 0
17401, 1274808, 1, 0, 0
17500, 1211262, 1, 0, 0
17600, 1242055, 1, 0, 0
17700, 1324121, 1, 0, 0
17801, 1303344, 1, 0, 0
17900, 1318881, 1, 0, 0
18000, 1215072, 1, 0, 0
18100, 1315874, 1, 0, 0
18200, 1296525, 1, 0, 0
18300, 1318997, 1, 0, 0
18400, 1275424, 1, 0, 0
18500, 1312045, 1, 0, 0
18601, 1289315, 1, 0, 0
18701, 1231950, 1, 0, 0
18800, 1341457, 1, 0, 0
18901, 1307898, 1, 0, 0
19000, 1334394, 1, 0, 0
19100, 1251612, 1, 0, 0
19200, 1319818, 1, 0, 0
19300, 1291926, 1, 0, 0
19400, 1277325, 1, 0, 0
19500, 1294713, 1, 0, 0
19601, 1343266, 1, 0, 0
19700, 1284805, 1, 0, 0
19800, 1366491, 1, 0, 0
19900, 1435383, 1, 0, 0
20000, 1174296, 1, 0, 0
20100, 1290854, 1, 0, 0
20200, 1264030, 1, 0, 0
20300, 1282858, 1, 0, 0
20400, 1248626, 1, 0, 0
20500, 1202914, 1, 0, 0
20600, 1317071, 1, 0, 0
20701, 1234924, 1, 0, 0
20800, 1310115, 1, 0, 0
20900, 1384190, 1, 0, 0
21000, 1325431, 1, 0, 0
21101, 1311317, 1, 0, 0
21200, 1206614, 1, 0, 0
21300, 1283649, 1, 0, 0
21401, 1244014, 1, 0, 0
21500, 1261432, 1, 0, 0
21601, 1309604, 1, 0, 0
21701, 1264065, 1, 0, 0
21800, 1316353, 1, 0, 0
21900, 1321153, 1, 0, 0
22000, 1289506, 1, 0, 0
22102, 1370354, 1, 0, 0
22200, 1232382, 1, 0, 0
22300, 1278164, 1, 0, 0
22400, 1351483, 1, 0, 0
22500, 1368727, 1, 0, 0
22600, 1284015, 1, 0, 0
22700, 1214068, 1, 0, 0
22800, 1281184, 1, 0, 0
22901, 1339451, 1, 0, 0
23001, 1330042, 1, 0, 0
23100, 1322111, 1, 0, 0
23200, 1280284, 1, 0, 0
23300, 1279015, 1, 0, 0
23400, 1393280, 1, 0, 0
23500, 1254631, 1, 0, 0
23601, 1277589, 1, 0, 0
23700, 1314394, 1, 0, 0
23800, 1297607, 1, 0, 0
23901, 1334436, 1, 0, 0
24000, 1393353, 1, 0, 0
24100, 1293760, 1, 0, 0
24200, 1285122, 1, 0, 0
24300, 1380015, 1, 0, 0
24400, 1233886, 1, 0, 0
24500, 1218590, 1, 0, 0
24600, 1272114, 1, 0, 0
24700, 1296939, 1, 0, 0
24800, 1348583, 1, 0, 0
24900, 1379923, 1, 0, 0
25000, 1313217, 1, 0, 0
25100, 1312016, 1, 0, 0
25200, 1351136, 1, 0, 0
25300, 1348675, 1, 0, 0
25400, 1291034, 1, 0, 0
25500, 1310472, 1, 0, 0
25600, 1349934, 1, 0, 0
25700, 1226046, 1, 0, 0
25800, 1359014, 1, 0, 0
25900, 1242851, 1, 0, 0
26000, 1256457, 1, 0, 0
26100, 1282967, 1, 0, 0
26200, 1292453, 1, 0, 0
26300, 1301105, 1, 0, 0
26400, 1283803, 1, 0, 0
26500, 1247697, 1, 0, 0
26600, 1224862, 1, 0, 0
26700, 1320256, 1, 0, 0
26801, 1337428, 1, 0, 0
26900, 1306215, 1, 0, 0
27001, 1355333, 1, 0, 0
27101, 1300157, 1, 0, 0
27200, 1302555, 1, 0, 0
27300, 1405379, 1, 0, 0
27400, 1364311, 1, 0, 0
27500, 1284394, 1, 0, 0
27600, 1266374, 1, 0, 0
27700, 1245020, 1, 0, 0
27800, 1219514, 1, 0, 0
27901, 1338437, 1, 0, 0
28001, 1230739, 1, 0, 0
28101, 1268290, 1, 0, 0
28200, 1337394, 1, 0, 0
28300, 1307959, 1, 0, 0
28401, 1367408, 1, 0, 0
28500, 1269716, 1, 0, 0
28600, 1248391, 1, 0, 0
28701, 1254290, 1, 0, 0
28800, 1291687, 1, 0, 0
28900, 1281598, 1, 0, 0
29000, 1323113, 1, 0, 0
29100, 1252052, 1, 0, 0
29200, 1341460, 1, 0, 0
29301, 1244832, 1, 0, 0
29400, 1282681, 1, 0, 0
29500, 1304598, 1, 0, 0
29600, 1235481, 1, 0, 0
29700, 1265903, 1, 0, 0
29800, 1295130, 1, 0, 0
29900, 1265529, 1, 0, 0
30000, 1336479, 1, 0, 0
30101, 1244777, 1, 0, 0
30200, 1327314, 1, 0, 0
30300, 1290474, 1, 0, 0
30401, 1378683, 1, 0, 0
30500, 1239103, 1, 0, 0
30600, 1252386, 1, 0, 0
30700, 1282554, 1, 0, 0
30801, 1390152, 1, 0, 0
30900, 1282927, 1, 0, 0
31000, 1319217, 1, 0, 0
31101, 1322001, 1, 0, 0
31200, 1303998, 1, 0, 0
31300, 1293334, 1, 0, 0
31400, 1304654, 1, 0, 0
31502, 1282072, 1, 0, 0
31600, 1253274, 1, 0, 0
31700, 1302681, 1, 0, 0
31800, 1327676, 1, 0, 0
31900, 1340252, 1, 0, 0
32001, 1350651, 1, 0, 0
32100, 1339289, 1, 0, 0
32201, 1323470, 1, 0, 0
32300, 1290031, 1, 0, 0
32401, 1376135, 1, 0, 0
32500, 1293479, 1, 0, 0
32600, 1214345, 1, 0, 0
32700, 1277908, 1, 0, 0
32800, 1240897, 1, 0, 0
32900, 1318117, 1, 0, 0
33000, 1301489, 1, 0, 0
33100, 1311076, 1, 0, 0
33200, 1372084, 1, 0, 0
33301, 1311736, 1, 0, 0
33400, 1276515, 1, 0, 0
33500, 1320150, 1, 0, 0
33600, 1348425, 1, 0, 0
33701, 1371800, 1, 0, 0
33800, 1357708, 1, 0, 0
33900, 1266579, 1, 0, 0
34000, 1291045, 1, 0, 0
34100, 1335848, 1, 0, 0
34200, 1244256, 1, 0, 0
34301, 1274575, 1, 0, 0
34400, 1236699, 1, 0, 0
34501, 1292838, 1, 0, 0
34601, 1313184, 1, 0, 0
34701, 1262065, 1, 0, 0
34801, 1219004, 1, 0, 0
34900, 1316444, 1, 0, 0
35000, 1340287, 1, 0, 0
35100, 1389251, 1, 0, 0
35200, 1361707, 1, 0, 0
35301, 1293213, 1, 0, 0
35400, 1280740, 1, 0, 0
35500, 1305759, 1, 0, 0
35600, 1214105, 1, 0, 0
35700, 1244845, 1, 0, 0
35800, 1267683, 1, 0, 0
35901, 1321818, 1, 0, 0
36000, 1296180, 1, 0, 0
36100, 1255130, 1, 0, 0
36200, 1326998, 1, 0, 0
36300, 1296895, 1, 0, 0
36400, 1314214, 1, 0, 0
36501, 1307076, 1, 0, 0
36601, 1263319, 1, 0, 0
36700, 1431376, 1, 0, 0
36800, 1253735, 1, 0, 0
36901, 1303706, 1, 0, 0
37000, 1211553, 1, 0, 0
37101, 1214045, 1, 0, 0
37200, 1233608, 1, 0, 0
37300, 1265955, 1, 0, 0
37400, 1331881, 1, 0, 0
37500, 1229382, 1, 0, 0
37600, 1235076, 1, 0, 0
37701, 1322645, 1, 0, 0
37800, 1320147, 1, 0, 0
37901, 1242997, 1, 0, 0
38000, 1321823, 1, 0, 0
38100, 1337283, 1, 0, 0
38200, 1207122, 1, 0, 0
38300, 1179109, 1, 0, 0
38400, 1216676, 1, 0, 0
38501, 1273699, 1, 0, 0
38600, 1344054, 1, 0, 0
38700, 1224994, 1, 0, 0
38801, 1347853, 1, 0, 0
38900, 1312636, 1, 0, 0
39000, 1282525, 1, 0, 0
39100, 1193436, 1, 0, 0
39200, 1259883, 1, 0, 0
39301, 1232111, 1, 0, 0
39400, 1329342, 1, 0, 0
39500, 1315606, 1, 0, 0
39600, 1215923, 1, 0, 0
39700, 1330787, 1, 0, 0
39800, 1225618, 1, 0, 0
39901, 1254395, 1, 0, 0
40000, 1194452, 1, 0, 0
40100, 1184425, 1, 0, 0
40201, 1275882, 1, 0, 0
40300, 1373933, 1, 0, 0
40400, 1305681, 1, 0, 0
40500, 1168731, 1, 0, 0
40600, 1204579, 1, 0, 0
40700, 1226767, 1, 0, 0
40800, 1221599, 1, 0, 0
40900, 1260118, 1, 0, 0
41000, 1289478, 1, 0, 0
41100, 1238067, 1, 0, 0
41200, 1315565, 1, 0, 0
41301, 1308868, 1, 0, 0
41400, 1273280, 1, 0, 0
41500, 1272759, 1, 0, 0
41601, 1276887, 1, 0, 0
41700, 1258416, 1, 0, 0
41800, 1212970, 1, 0, 0
41900, 1261929, 1, 0, 0
42000, 1215830, 1, 0, 0
42100, 1302472, 1, 0, 0
42201, 1270059, 1, 0, 0
42300, 1240578, 1, 0, 0
42401, 1262536, 1, 0, 0
42500, 1298433, 1, 0, 0
42601, 1249111, 1, 0, 0
42700, 1216301, 1, 0, 0
42800, 1220990, 1, 0, 0
42901, 1223771, 1, 0, 0
43001, 1262343, 1, 0, 0
43100, 1237953, 1, 0, 0
43200, 1246150, 1, 0, 0
43300, 1246159, 1, 0, 0
43400, 1217461, 1, 0, 0
43501, 1203383, 1, 0, 0
43600, 1226305, 1, 0, 0
43700, 1269211, 1, 0, 0
43801, 1311175, 1, 0, 0
43900, 1185843, 1, 0, 0
44000, 1320867, 1, 0, 0
44101, 1195462, 1, 0, 0
44200, 1278233, 1, 0, 0
44300, 1290183, 1, 0, 0
44400, 1271689, 1, 0, 0
44500, 1205346, 1, 0, 0
44601, 1252905, 1, 0, 0
44701, 1246134, 1, 0, 0
44800, 1273762, 1, 0, 0
44900, 1290768, 1, 0, 0
45000, 1247790, 1, 0, 0
45100, 1215708, 1, 0, 0
45200, 1239300, 1, 0, 0
45300, 1233446, 1, 0, 0
45401, 1287280, 1, 0, 0
45500, 1274124, 1, 0, 0
45600, 1258372, 1, 0, 0
45700, 1244493, 1, 0, 0
45800, 1223405, 1, 0, 0
45900, 1233938, 1, 0, 0
46000, 1313530, 1, 0, 0
46100, 1229156, 1, 0, 0
46200, 1277047, 1, 0, 0
46300, 1181332, 1, 0, 0
46400, 1200399, 1, 0, 0
46500, 1252920, 1, 0, 0
46601, 1222180, 1, 0, 0
46700, 1219885, 1, 0, 0
46800, 1223477, 1, 0, 0
46901, 1221002, 1, 0, 0
47001, 1218412, 1, 0, 0
47100, 1274719, 1, 0, 0
47200, 1256044, 1, 0, 0
47301, 1246622, 1, 0, 0
47400, 1324583, 1, 0, 0
47501, 1257240, 1, 0, 0
47600, 1215228, 1, 0, 0
47700, 1271433, 1, 0, 0
47800, 1282609, 1, 0, 0
47901, 1237603, 1, 0, 0
48000, 1198071, 1, 0, 0
48100, 1252553, 1, 0, 0
48200, 1221121, 1, 0, 0
48300, 1192199, 1, 0, 0
48400, 1182835, 1, 0, 0
48500, 1223358, 1, 0, 0
48600, 1244260, 1, 0, 0
48700, 1232721, 1, 0, 0
48800, 1268315, 1, 0, 0
48901, 1268592, 1, 0, 0
49000, 1270940, 1, 0, 0
49100, 1198581, 1, 0, 0
49200, 1247699, 1, 0, 0
49300, 1288565, 1, 0, 0
49400, 1241673, 1, 0, 0
49500, 1278757, 1, 0, 0
49601, 1233212, 1, 0, 0
49701, 1228270, 1, 0, 0
49800, 1183064, 1, 0, 0
49900, 1226784, 1, 0, 0
50000, 1175680, 1, 0, 0
50100, 1256443, 1, 0, 0
50200, 1271518, 1, 0, 0
50301, 1212171, 1, 0, 0
50400, 1276500, 1, 0, 0
50500, 1238399, 1, 0, 0
50600, 1236304, 1, 0, 0
50701, 1215885, 1, 0, 0
50800, 1254721, 1, 0, 0
50901, 1236792, 1, 0, 0
51000, 1190572, 1, 0, 0
51100, 1142136, 1, 0, 0
51200, 1210619, 1, 0, 0
51300, 1216553, 1, 0, 0
51400, 1298188, 1, 0, 0
51500, 1233963, 1, 0, 0
51601, 1212251, 1, 0, 0
51700, 1182713, 1, 0, 0
51800, 1216582, 1, 0, 0
51901, 1198304, 1, 0, 0
52000, 1176130, 1, 0, 0
52100, 1267892, 1, 0, 0
52200, 1261028, 1, 0, 0
52300, 1190481, 1, 0, 0
52400, 1242041, 1, 0, 0
52501, 1245426, 1, 0, 0
52601, 1264424, 1, 0, 0
52700, 1255617, 1, 0, 0
52800, 1265050, 1, 0, 0
52900, 1148409, 1, 0, 0
53000, 1151622, 1, 0, 0
53100, 1152844, 1, 0, 0
53200, 1184920, 1, 0, 0
53300, 1235600, 1, 0, 0
53400, 1292278, 1, 0, 0
53501, 1186431, 1, 0, 0
53600, 1245493, 1, 0, 0
53700, 1144289, 1, 0, 0
53801, 1195065, 1, 0, 0
53900, 1204940, 1, 0, 0
54001, 1229955, 1, 0, 0
54100, 1183916, 1, 0, 0
54200, 1245090, 1, 0, 0
54301, 1209448, 1, 0, 0
54400, 1256404, 1, 0, 0
54500, 1215817, 1, 0, 0
54600, 1183876, 1, 0, 0
54700, 1205075, 1, 0, 0
54800, 1160031, 1, 0, 0
54900, 1162347, 1, 0, 0
55000, 1139978, 1, 0, 0
55100, 1245447, 1, 0, 0
55201, 1227820, 1, 0, 0
55300, 1222533, 1, 0, 0
55401, 1286021, 1, 0, 0
55501, 1248000, 1, 0, 0
55600, 1178987, 1, 0, 0
55701, 1133863, 1, 0, 0
55800, 1197617, 1, 0, 0
55901, 1155824, 1, 0, 0
56000, 1219980, 1, 0, 0
56100, 1191204, 1, 0, 0
56200, 1210195, 1, 0, 0
56302, 1270333, 1, 0, 0
56400, 1207535, 1, 0, 0
56500, 1163359, 1, 0, 0
56600, 1182364, 1, 0, 0
56700, 1124960, 1, 0, 0
56800, 1182387, 1, 0, 0
56900, 1246586, 1, 0, 0
57000, 1185365, 1, 0, 0
57100, 1219472, 1, 0, 0
57200, 1263443, 1, 0, 0
57301, 1231140, 1, 0, 0
57400, 1138718, 1, 0, 0
57500, 1203854, 1, 0, 0
57600, 1221918, 1, 0, 0
57700, 1219326, 1, 0, 0
57800, 1141966, 1, 0, 0
57900, 1194121, 1, 0, 0
58000, 1194470, 1, 0, 0
58100, 1155079, 1, 0, 0
58200, 1187499, 1, 0, 0
58300, 1193269, 1, 0, 0
58400, 1213226, 1, 0, 0
58500, 1253242, 1, 0, 0
58601, 1224029, 1, 0, 0
58700, 1161698, 1, 0, 0
58801, 1172790, 1, 0, 0
58901, 1265331, 1, 0, 0
59000, 1160968, 1, 0, 0
59100, 1239661, 1, 0, 0
59200, 1167237, 1, 0, 0
59300, 1264780, 1, 0, 0
59401, 1244235, 1, 0, 0
59500, 1289488, 1, 0, 0
59600, 1192315, 1, 0, 0
59700, 1223739, 1, 0, 0
59800, 1151182, 1, 0, 0
59900, 1200552, 1, 0, 0
60000, 1200820, 1, 0, 0
60100, 1241093, 1, 0, 0
60200, 1195806, 1, 0, 0
60300, 1198183, 1, 0, 0
60401, 1255511, 1, 0, 0
60501, 1197783, 1, 0, 0
60601, 1186445, 1, 0, 0
60700, 1142291, 1, 0, 0
60800, 1168911, 1, 0, 0
60900, 1180196, 1, 0, 0
61000, 1242196, 1, 0, 0
61100, 1258435, 1, 0, 0
61200, 1210788, 1, 0, 0
61300, 1203397, 1, 0, 0
61400, 1194673, 1, 0, 0
61500, 1223183, 1, 0, 0
61600, 1256744, 1, 0, 0
61700, 1211232, 1, 0, 0
61800, 1213559, 1, 0, 0
61900, 1206935, 1, 0, 0
62000, 1115904, 1, 0, 0
62100, 1108722, 1, 0, 0
62200, 1169516, 1, 0, 0
62300, 1159581, 1, 0, 0
62400, 1252052, 1, 0, 0
62500, 1263302, 1, 0, 0
62600, 1229221, 1, 0, 0
62700, 1190245, 1, 0, 0
62800, 1203852, 1, 0, 0
62900, 1104310, 1, 0, 0
63000, 1128235, 1, 0, 0
63100, 1223990, 1, 0, 0
63200, 1134446, 1, 0, 0
63300, 1281935, 1, 0, 0
63400, 1164056, 1, 0, 0
63500, 1234878, 1, 0, 0
63600, 1218252, 1, 0, 0
63701, 1164249, 1, 0, 0
63800, 1227082, 1, 0, 0
63900, 1148351, 1, 0, 0
64000, 1189862, 1, 0, 0
64100, 1213222, 1, 0, 0
64200, 1198295, 1, 0, 0
64300, 1188760, 1, 0, 0
64400, 1203971, 1, 0, 0
64500, 1205587, 1, 0, 0
64601, 1168662, 1, 0, 0
64700, 1175630, 1, 0, 0
64800, 1228772, 1, 0, 0
64900, 1222741, 1, 0, 0
65000, 1180166, 1, 0, 0
65100, 1250901, 1, 0, 0
65200, 1184058, 1, 0, 0
65300, 1201700, 1, 0, 0
65400, 1147528, 1, 0, 0
65501, 1213664, 1, 0, 0
65600, 1183847, 1, 0, 0
65700, 1192490, 1, 0, 0
65800, 1206089, 1, 0, 0
65901, 1130448, 1, 0, 0
66000, 1196350, 1, 0, 0
66100, 1155625, 1, 0, 0
66200, 1153935, 1, 0, 0
66301, 1125359, 1, 0, 0
66401, 1204844, 1, 0, 0
66500, 1169276, 1, 0, 0
66601, 1207171, 1, 0, 0
66700, 1271164, 1, 0, 0
66800, 1144395, 1, 0, 0
66901, 1200908, 1, 0, 0
67002, 1198344, 1, 0, 0
67100, 1145688, 1, 0, 0
67200, 1187375, 1, 0, 0
67301, 1206157, 1, 0, 0
67400, 1205190, 1, 0, 0
67500, 1226569, 1, 0, 0
67600, 1173597, 1, 0, 0
67700, 1212089, 1, 0, 0
67800, 1175266, 1, 0, 0
67900, 1132842, 1, 0, 0
68000, 1111900, 1, 0, 0
68101, 1116480, 1, 0, 0
68200, 1198011, 1, 0, 0
68300, 1196746, 1, 0, 0
68400, 1161958, 1, 0, 0
68500, 1222555, 1, 0, 0
68600, 1167791, 1, 0, 0
68700, 1223131, 1, 0, 0
68800, 1183021, 1, 0, 0
68900, 1206166, 1, 0, 0
69000, 1212825, 1, 0, 0
69100, 1271585, 1, 0, 0
69200, 1326894, 1, 0, 0
69300, 1203713, 1, 0, 0
69400, 1237426, 1, 0, 0
69501, 1220137, 1, 0, 0
69600, 1196938, 1, 0, 0
69701, 1153662, 1, 0, 0
69800, 1200524, 1, 0, 0
69900, 1154114, 1, 0, 0
70000, 1174308, 1, 0, 0
70101, 1128942, 1, 0, 0
70201, 1174947, 1, 0, 0
70300, 1252743, 1, 0, 0
70400, 1210831, 1, 0, 0
70500, 1140745, 1, 0, 0
70600, 1148206, 1, 0, 0
70701, 1200799, 1, 0, 0
70800, 1203105, 1, 0, 0
70900, 1160516, 1, 0, 0
71000, 1203659, 1, 0, 0
71100, 1203091, 1, 0, 0
71200, 1137994, 1, 0, 0
71300, 1208292, 1, 0, 0
71400, 1149739, 1, 0, 0
71501, 1218146, 1, 0, 0
71601, 1187660, 1, 0, 0
71700, 1225118, 1, 0, 0
71803, 1231438, 1, 0, 0
71901, 1174246, 1, 0, 0
72000, 1143182, 1, 0, 0
72100, 1234748, 1, 0, 0
72200, 1222901, 1, 0, 0
72301, 1204753, 1, 0, 0
72400, 1166417, 1, 0, 0
72500, 1193396, 1, 0, 0
72600, 1216195, 1, 0, 0
72700, 1228311, 1, 0, 0
72800, 1151050, 1, 0, 0
72900, 1267178, 1, 0, 0
73000, 1197137, 1, 0, 0
73100, 1161893, 1, 0, 0
73200, 1160041, 1, 0, 0
73301, 1170665, 1, 0, 0
73400, 1204604, 1, 0, 0
73501, 1204455, 1, 0, 0
73601, 1240579, 1, 0, 0
73700, 1153540, 1, 0, 0
73800, 1203156, 1, 0, 0
73901, 1195278, 1, 0, 0
74000, 1198982, 1, 0, 0
74100, 1128646, 1, 0, 0
74200, 1151000, 1, 0, 0
74300, 1189284, 1, 0, 0
74400, 1146050, 1, 0, 0
74500, 1174336, 1, 0, 0
74600, 1174187, 1, 0, 0
74700, 1213336, 1, 0, 0
74800, 1262144, 1, 0, 0
74900, 1224416, 1, 0, 0
75000, 1154077, 1, 0, 0
75101, 1189628, 1, 0, 0
75200, 1120578, 1, 0, 0
75301, 1158059, 1, 0, 0
75401, 1248356, 1, 0, 0
75500, 1141203, 1, 0, 0
75600, 1199230, 1, 0, 0
75700, 1235679, 1, 0, 0
75800, 1206678, 1, 0, 0
75900, 1188730, 1, 0, 0
76001, 1178531, 1, 0, 0
76100, 1168715, 1, 0, 0
76200, 1213678, 1, 0, 0
76300, 1219353, 1, 0, 0
76401, 1241273, 1, 0, 0
76500, 1183507, 1, 0, 0
76600, 1148229, 1, 0, 0
76700, 1244824, 1, 0, 0
76800, 1224502, 1, 0, 0
76900, 1123474, 1, 0, 0
77000, 1249724, 1, 0, 0
77100, 1207575, 1, 0, 0
77200, 1209309, 1, 0, 0
77300, 1231791, 1, 0, 0
77400, 1228284, 1, 0, 0
77500, 1181644, 1, 0, 0
77600, 1219359, 1, 0, 0
77700, 1182208, 1, 0, 0
77800, 1265326, 1, 0, 0
77900, 1204734, 1, 0, 0
78000, 1236305, 1, 0, 0
78100, 1210793, 1, 0, 0
78200, 1257920, 1, 0, 0
78300, 1231539, 1, 0, 0
78400, 1263846, 1, 0, 0
78500, 1209154, 1, 0, 0
78600, 1205806, 1, 0, 0
78700, 1231265, 1, 0, 0
78801, 1200447, 1, 0, 0
78900, 1196785, 1, 0, 0
79002, 1251843, 1, 0, 0
79101, 1154278, 1, 0, 0
79201, 1240225, 1, 0, 0
79300, 1149440, 1, 0, 0
79400, 1177190, 1, 0, 0
79500, 1298964, 1, 0, 0
79600, 1185506, 1, 0, 0
79700, 1207003, 1, 0, 0
79800, 1152750, 1, 0, 0
79901, 1247599, 1, 0, 0
80001, 1204126, 1, 0, 0
80100, 1188192, 1, 0, 0
80200, 1127386, 1, 0, 0
80300, 1187172, 1, 0, 0
80401, 1189566, 1, 0, 0
80500, 1131886, 1, 0, 0
80600, 1161034, 1, 0, 0
80700, 1093595, 1, 0, 0
80801, 1213004, 1, 0, 0
80902, 1214726, 1, 0, 0
81000, 1189496, 1, 0, 0
81101, 1199374, 1, 0, 0
81201, 1197978, 1, 0, 0
81300, 1115491, 1, 0, 0
81400, 1185414, 1, 0, 0
81500, 1187339, 1, 0, 0
81601, 1180779, 1, 0, 0
81700, 1304929, 1, 0, 0
81800, 1153539, 1, 0, 0
81900, 1178564, 1, 0, 0
82000, 1125620, 1, 0, 0
82101, 1171039, 1, 0, 0
82200, 1121954, 1, 0, 0
82300, 1162127, 1, 0, 0
82400, 1187887, 1, 0, 0
82500, 1128513, 1, 0, 0
82600, 1180257, 1, 0, 0
82700, 1237229, 1, 0, 0
82801, 1193278, 1, 0, 0
82900, 1115303, 1, 0, 0
83000, 1159776, 1, 0, 0
83101, 1181737, 1, 0, 0
83200, 1156197, 1, 0, 0
83300, 1119564, 1, 0, 0
83400, 1117875, 1, 0, 0
83500, 1172564, 1, 0, 0
83600, 1126474, 1, 0, 0
83700, 1145059, 1, 0, 0
83800, 1097655, 1, 0, 0
83900, 1146724, 1, 0, 0
84001, 1188945, 1, 0, 0
84100, 1207175, 1, 0, 0
84200, 1242314, 1, 0, 0
84300, 1176116, 1, 0, 0
84400, 1123232, 1, 0, 0
84500, 1178985, 1, 0, 0
84600, 1168111, 1, 0, 0
84700, 1137253, 1, 0, 0
84800, 1147154, 1, 0, 0
84900, 1139230, 1, 0, 0
85000, 1110762, 1, 0, 0
85101, 1174988, 1, 0, 0
85200, 1142423, 1, 0, 0
85301, 1163329, 1, 0, 0
85400, 1162058, 1, 0, 0
85500, 1141182, 1, 0, 0
85600, 1244849, 1, 0, 0
85700, 1157068, 1, 0, 0
85801, 1216535, 1, 0, 0
85900, 1214128, 1, 0, 0
86000, 1159931, 1, 0, 0
86100, 1186676, 1, 0, 0
86200, 1153944, 1, 0, 0
86300, 1154948, 1, 0, 0
86400, 1149031, 1, 0, 0
86501, 1192677, 1, 0, 0
86600, 1190356, 1, 0, 0
86701, 1259280, 1, 0, 0
86800, 1181643, 1, 0, 0
86901, 1173197, 1, 0, 0
87000, 1115399, 1, 0, 0
87100, 1213006, 1, 0, 0
87200, 1184084, 1, 0, 0
87301, 1103187, 1, 0, 0
87400, 1111886, 1, 0, 0
87501, 1127005, 1, 0, 0
87600, 1131569, 1, 0, 0
87700, 1108143, 1, 0, 0
87800, 1204406, 1, 0, 0
87900, 1168570, 1, 0, 0
88000, 1178963, 1, 0, 0
88100, 1232063, 1, 0, 0
88200, 1147302, 1, 0, 0
88300, 1130830, 1, 0, 0
88400, 1165802, 1, 0, 0
88500, 1198848, 1, 0, 0
88600, 1141898, 1, 0, 0
88701, 1117275, 1, 0, 0
88800, 1216313, 1, 0, 0
88901, 1157458, 1, 0, 0
89000, 1221764, 1, 0, 0
89100, 1208718, 1, 0, 0
89200, 1139945, 1, 0, 0
89301, 1149928, 1, 0, 0
89400, 1133378, 1, 0, 0
89501, 1185066, 1, 0, 0
89600, 1171376, 1, 0, 0
89700, 1152643, 1, 0, 0
89801, 1170482, 1, 0, 0
89900, 1133084, 1, 0, 0
90000, 1129807, 1, 0, 0
90100, 1120815, 1, 0, 0
90200, 1156366, 1, 0, 0
90301, 1154849, 1, 0, 0
90400, 1105027, 1, 0, 0
90502, 1144046, 1, 0, 0
90600, 1184795, 1, 0, 0
90700, 1185919, 1, 0, 0
90800, 1152272, 1, 0, 0
90900, 1242311, 1, 0, 0
91001, 1165322, 1, 0, 0
91100, 1105532, 1, 0, 0
91201, 1122819, 1, 0, 0
91301, 1142745, 1, 0, 0
91400, 1102810, 1, 0, 0
91500, 1124592, 1, 0, 0
91600, 1245347, 1, 0, 0
91700, 1176758, 1, 0, 0
91800, 1207966, 1, 0, 0
91900, 1113369, 1, 0, 0
92000, 1131000, 1, 0, 0
92100, 1180768, 1, 0, 0
92200, 1209149, 1, 0, 0
92300, 1142461, 1, 0, 0
92400, 1131641, 1, 0, 0
92500, 1084760, 1, 0, 0
92600, 1242460, 1, 0, 0
92701, 1234824, 1, 0, 0
92800, 1148845, 1, 0, 0
92900, 1201512, 1, 0, 0
93000, 1242433, 1, 0, 0
93100, 1167942, 1, 0, 0
93200, 1166629, 1, 0, 0
93300, 1138685, 1, 0, 0
93401, 1120899, 1, 0, 0
93500, 1236511, 1, 0, 0
93600, 1181188, 1, 0, 0
93701, 1081914, 1, 0, 0
93800, 1154396, 1, 0, 0
93900, 1099782, 1, 0, 0
94000, 1166810, 1, 0, 0
94100, 1084593, 1, 0, 0
94200, 1150038, 1, 0, 0
94300, 1200934, 1, 0, 0
94400, 1186312, 1, 0, 0
94501, 1225612, 1, 0, 0
94600, 1126798, 1, 0, 0
94700, 1125872, 1, 0, 0
94801, 1139518, 1, 0, 0
94900, 1140732, 1, 0, 0
95000, 1174652, 1, 0, 0
95100, 1202169, 1, 0, 0
95200, 1154649, 1, 0, 0
95300, 1136714, 1, 0, 0
95401, 1128619, 1, 0, 0
95500, 1128218, 1, 0, 0
95600, 1197403, 1, 0, 0
95700, 1121534, 1, 0, 0
95800, 1175511, 1, 0, 0
95900, 1167917, 1, 0, 0
96000, 1220214, 1, 0, 0
96100, 1239620, 1, 0, 0
96200, 1202377, 1, 0, 0
96300, 1121483, 1, 0, 0
96400, 1125580, 1, 0, 0
96500, 1156748, 1, 0, 0
96600, 1136108, 1, 0, 0
96700, 1133683, 1, 0, 0
96800, 1117104, 1, 0, 0
96900, 1090288, 1, 0, 0
97000, 1214694, 1, 0, 0
97100, 1121315, 1, 0, 0
97200, 1144853, 1, 0, 0
97300, 1112809, 1, 0, 0
97400, 1204412, 1, 0, 0
97500, 1161932, 1, 0, 0
97600, 1171125, 1, 0, 0
97700, 1177057, 1, 0, 0
97800, 1169343, 1, 0, 0
97900, 1234404, 1, 0, 0
98000, 1150523, 1, 0, 0
98100, 1150471, 1, 0, 0
98200, 1222026, 1, 0, 0
98301, 1084593, 1, 0, 0
98400, 1221886, 1, 0, 0
98500, 1189155, 1, 0, 0
98600, 1186164, 1, 0, 0
98701, 1199780, 1, 0, 0
98800, 1143806, 1, 0, 0
98900, 1173628, 1, 0, 0
99001, 1184725, 1, 0, 0
99100, 1195238, 1, 0, 0
99201, 1126235, 1, 0, 0
99300, 1242359, 1, 0, 0
99401, 1137753, 1, 0, 0
99500, 1153179, 1, 0, 0
99600, 1125576, 1, 0, 0
99700, 1129594, 1, 0, 0
99800, 1190776, 1, 0, 0
99900, 1232712, 1, 0, 0
100000, 1155820, 1, 0, 0
100101, 1160900, 1, 0, 0
100201, 1156641, 1, 0, 0
100300, 1169363, 1, 0, 0
100401, 1221373, 1, 0, 0
100501, 1148412, 1, 0, 0
100600, 1181086, 1, 0, 0
100701, 1141414, 1, 0, 0
100800, 1103418, 1, 0, 0
100900, 1250599, 1, 0, 0
101000, 1187254, 1, 0, 0
101100, 1168906, 1, 0, 0
101200, 1135237, 1, 0, 0
101300, 1145520, 1, 0, 0
101400, 1154114, 1, 0, 0
101500, 1175154, 1, 0, 0
101600, 1104883, 1, 0, 0
101700, 1120127, 1, 0, 0
101800, 1222028, 1, 0, 0
101901, 1138396, 1, 0, 0
102000, 1128421, 1, 0, 0
102100, 1199999, 1, 0, 0
102201, 1135662, 1, 0, 0
102300, 1175133, 1, 0, 0
102401, 1195905, 1, 0, 0
102501, 1110463, 1, 0, 0
102601, 1200859, 1, 0, 0
102700, 1155737, 1, 0, 0
102800, 1093327, 1, 0, 0
102900, 1204680, 1, 0, 0
103000, 1176393, 1, 0, 0
103100, 1256157, 1, 0, 0
103200, 1102715, 1, 0, 0
103300, 1119508, 1, 0, 0
103400, 1172557, 1, 0, 0
103500, 1097356, 1, 0, 0
103601, 1141954, 1, 0, 0
103701, 1074633, 1, 0, 0
103800, 1101194, 1, 0, 0
103900, 1147249, 1, 0, 0
104000, 1213292, 1, 0, 0
104100, 1137016, 1, 0, 0
104201, 1202423, 1, 0, 0
104300, 1132750, 1, 0, 0
104400, 1119526, 1, 0, 0
104500, 1177429, 1, 0, 0
104600, 1163544, 1, 0, 0
104701, 1114260, 1, 0, 0
104800, 1199876, 1, 0, 0
104901, 1153982, 1, 0, 0
105000, 1096047, 1, 0, 0
105100, 1094703, 1, 0, 0
105201, 1146624, 1, 0, 0
105300, 1150717, 1, 0, 0
105400, 1120136, 1, 0, 0
105500, 1130060, 1, 0, 0
105600, 1072355, 1, 0, 0
105700, 1211515, 1, 0, 0
105800, 1127592, 1, 0, 0
105900, 1109522, 1, 0, 0
106001, 1079038, 1, 0, 0
106101, 1187911, 1, 0, 0
106200, 1077129, 1, 0, 0
106301, 1165003, 1, 0, 0
106400, 1113034, 1, 0, 0
106500, 1142018, 1, 0, 0
106601, 1136371, 1, 0, 0
106700, 1129983, 1, 0, 0
106800, 1105803, 1, 0, 0
106900, 1119295, 1, 0, 0
107000, 1163748, 1, 0, 0
107100, 1089094, 1, 0, 0
107200, 1155572, 1, 0, 0
107300, 1138027, 1, 0, 0
107400, 1113328, 1, 0, 0
107500, 1128039, 1, 0, 0
107600, 1107718, 1, 0, 0
107700, 1107371, 1, 0, 0
107800, 1080052, 1, 0, 0
107900, 1129861, 1, 0, 0
108000, 1168266, 1, 0, 0
108100, 1098808, 1, 0, 0
108200, 1073194, 1, 0, 0
108300, 1114168, 1, 0, 0
108400, 1129978, 1, 0, 0
108501, 1095002, 1, 0, 0
108601, 1187974, 1, 0, 0
108700, 1139753, 1, 0, 0
108800, 1120990, 1, 0, 0
108901, 1127966, 1, 0, 0
109000, 1118410, 1, 0, 0
109101, 1164729, 1, 0, 0
109200, 1137756, 1, 0, 0
109300, 1120641, 1, 0, 0
109400, 1145691, 1, 0, 0
109500, 1119699, 1, 0, 0
109601, 1124360, 1, 0, 0
109700, 1105843, 1, 0, 0
109800, 1070485, 1, 0, 0
109900, 1072828, 1, 0, 0
110000, 1107796, 1, 0, 0
110100, 1092566, 1, 0, 0
110200, 1034193, 1, 0, 0
110300, 1108651, 1, 0, 0
110400, 1120234, 1, 0, 0
110501, 1134729, 1, 0, 0
110600, 1146953, 1, 0, 0
110700, 1130918, 1, 0, 0
110801, 1157559, 1, 0, 0
110901, 1121577, 1, 0, 0
111000, 1122969, 1, 0, 0
111100, 1116681, 1, 0, 0
111200, 1159915, 1, 0, 0
111300, 1074039, 1, 0, 0
111400, 1091210, 1, 0, 0
111500, 1126949, 1, 0, 0
111600, 1095288, 1, 0, 0
111700, 1080249, 1, 0, 0
111800, 1069433, 1, 0, 0
111900, 1130709, 1, 0, 0
112000, 1092086, 1, 0, 0
112100, 1098188, 1, 0, 0
112200, 1084718, 1, 0, 0
112300, 1143361, 1, 0, 0
112400, 1076204, 1, 0, 0
112500, 1092148, 1, 0, 0
112600, 1130917, 1, 0, 0
112700, 1098320, 1, 0, 0
112800, 1095451, 1, 0, 0
112902, 1102604, 1, 0, 0
113001, 1084729, 1, 0, 0
113100, 1110573, 1, 0, 0
113200, 1069727, 1, 0, 0
113301, 1171363, 1, 0, 0
113400, 1070864, 1, 0, 0
113500, 1138249, 1, 0, 0
113600, 1080059, 1, 0, 0
113700, 1135836, 1, 0, 0
113800, 1052342, 1, 0, 0
113900, 1088453, 1, 0, 0
114001, 1089436, 1, 0, 0
114100, 1129787, 1, 0, 0
114200, 1106618, 1, 0, 0
114300, 1093959, 1, 0, 0
114400, 1088636, 1, 0, 0
114500, 1091404, 1, 0, 0
114600, 1024935, 1, 0, 0
114700, 1128576, 1, 0, 0
114800, 1088381, 1, 0, 0
114900, 1047219, 1, 0, 0
115000, 1084027, 1, 0, 0
115100, 1080499, 1, 0, 0
115200, 1103240, 1, 0, 0
115301, 1145149, 1, 0, 0
115400, 1112476, 1, 0, 0
115500, 1036907, 1, 0, 0
115600, 1133805, 1, 0, 0
115700, 1158763, 1, 0, 0
115800, 1152629, 1, 0, 0
115901, 1057361, 1, 0, 0
116000, 1151862, 1, 0, 0
116100, 1056087, 1, 0, 0
116200, 1123449, 1, 0, 0
116300, 1045845, 1, 0, 0
116400, 1071016, 1, 0, 0
116500, 1085730, 1, 0, 0
116600, 1121123, 1, 0, 0
116701, 1108287, 1, 0, 0
116800, 1122658, 1, 0, 0
116900, 1058009, 1, 0, 0
117000, 1090232, 1, 0, 0
117100, 1076447, 1, 0, 0
117200, 1089659, 1, 0, 0
117300, 1059854, 1, 0, 0
117400, 1131783, 1, 0, 0
117500, 1093639, 1, 0, 0
117600, 1129226, 1, 0, 0
117700, 1103198, 1, 0, 0
117800, 1085437, 1, 0, 0
117900, 1034653, 1, 0, 0
118000, 1034103, 1, 0, 0
118100, 1081869, 1, 0, 0
118201, 1092717, 1, 0, 0
118301, 1111713, 1, 0, 0
118400, 1041008, 1, 0, 0
118500, 1123311, 1, 0, 0
118601, 1115347, 1, 0, 0
118700, 1083497, 1, 0, 0
118800, 1044255, 1, 0, 0
118901, 1074834, 1, 0, 0
119000, 1112705, 1, 0, 0
119100, 1181333, 1, 0, 0
119200, 1144939, 1, 0, 0
119300, 1143883, 1, 0, 0
119400, 1134658, 1, 0, 0
119500, 1050979, 1, 0, 0
119600, 1050263, 1, 0, 0
119700, 1118938, 1, 0, 0
119800, 1052549, 1, 0, 0
119901, 1089410, 1, 0, 0
120000, 1107453, 1, 0, 0
120100, 1089949, 1, 0, 0
120200, 1153154, 1, 0, 0
120300, 1054312, 1, 0, 0
120400, 1040901, 1, 0, 0
120500, 1049467, 1, 0, 0
120601, 1105567, 1, 0, 0
120700, 1107330, 1, 0, 0
120800, 1047895, 1, 0, 0
120900, 1096403, 1, 0, 0
121000, 1098229, 1, 0, 0
121100, 1095860, 1, 0, 0
121201, 1090225, 1, 0, 0
121300, 1090606, 1, 0, 0
121401, 1030337, 1, 0, 0
121500, 1083456, 1, 0, 0
121600, 1071799, 1, 0, 0
121700, 1088807, 1, 0, 0
121800, 1090933, 1, 0, 0
121901, 1099272, 1, 0, 0
122000, 1114613, 1, 0, 0
122100, 1050965, 1, 0, 0
122200, 1015447, 1, 0, 0
122302, 1088683, 1, 0, 0
122400, 1083939, 1, 0, 0
122500, 1052894, 1, 0, 0
122600, 1048010, 1, 0, 0
122700, 1093198, 1, 0, 0
122800, 1056895, 1, 0, 0
122901, 1019082, 1, 0, 0
123000, 1021438, 1, 0, 0
123100, 1090722, 1, 0, 0
123200, 1097430, 1, 0, 0
123300, 1089327, 1, 0, 0
123400, 1123655, 1, 0, 0
123500, 1072958, 1, 0, 0
123600, 1055720, 1, 0, 0
123700, 1079177, 1, 0, 0
123800, 1097600, 1, 0, 0
123900, 1059228, 1, 0, 0
124000, 1020963, 1, 0, 0
124100, 1047227, 1, 0, 0
124200, 1097958, 1, 0, 0
124300, 1122206, 1, 0, 0
124400, 1061611, 1, 0, 0
124500, 1118438, 1, 0, 0
124600, 1140405, 1, 0, 0
124700, 1076219, 1, 0, 0
124800, 1170060, 1, 0, 0
124900, 1120564, 1, 0, 0
125000, 1036387, 1, 0, 0
125100, 1085960, 1, 0, 0
125200, 1076798, 1, 0, 0
125300, 1132854, 1, 0, 0
125400, 1082665, 1, 0, 0
125500, 1090532, 1, 0, 0
125600, 1034202, 1, 0, 0
125700, 1098811, 1, 0, 0
125800, 1068650, 1, 0, 0
125900, 1063506, 1, 0, 0
126000, 1085195, 1, 0, 0
126100, 1055370, 1, 0, 0
126200, 1059526, 1, 0, 0
126300, 1090730, 1, 0, 0
126400, 1032535, 1, 0, 0
126500, 1084038, 1, 0, 0
126600, 1061514, 1, 0, 0
126701, 1072792, 1, 0, 0
126800, 1097045, 1, 0, 0
126900, 1067845, 1, 0, 0
127000, 1075534, 1, 0, 0
127100, 1059336, 1, 0, 0
127200, 1139195, 1, 0, 0
127300, 1102156, 1, 0, 0
127400, 1109473, 1, 0, 0
127500, 1102837, 1, 0, 0
127600, 1099635, 1, 0, 0
127700, 1057254, 1, 0, 0
127801, 1152492, 1, 0, 0
127900, 1077204, 1, 0, 0
128000, 1169298, 1, 0, 0
128100, 1104814, 1, 0, 0
128200, 1116542, 1, 0, 0
128300, 1124309, 1, 0, 0
128400, 1000583, 1, 0, 0
128500, 1094333, 1, 0, 0
128600, 1077373, 1, 0, 0
128700, 1071038, 1, 0, 0
128800, 1095377, 1, 0, 0
128901, 1116452, 1, 0, 0
129001, 1119140, 1, 0, 0
129100, 1145663, 1, 0, 0
129200, 1047074, 1, 0, 0
129300, 1143203, 1, 0, 0
129400, 1075832, 1, 0, 0
129500, 1122127, 1, 0, 0
129600, 1110329, 1, 0, 0
129702, 1151161, 1, 0, 0
129800, 1100120, 1, 0, 0
129900, 1125273, 1, 0, 0
130000, 1078563, 1, 0, 0
130100, 1066863, 1, 0, 0
130200, 1131998, 1, 0, 0
130300, 1050536, 1, 0, 0
130400, 1101391, 1, 0, 0
130500, 1132097, 1, 0, 0
130600, 1041391, 1, 0, 0
130700, 1105617, 1, 0, 0
130800, 1049580, 1, 0, 0
130900, 1123084, 1, 0, 0
131000, 1084668, 1, 0, 0
131101, 1171185, 1, 0, 0
131200, 1162233, 1, 0, 0
131301, 1081577, 1, 0, 0
131401, 1137018, 1, 0, 0
131500, 1111208, 1, 0, 0
131600, 1109659, 1, 0, 0
131700, 1047935, 1, 0, 0
131800, 1101849, 1, 0, 0
131900, 1092002, 1, 0, 0
132000, 1100094, 1, 0, 0
132100, 1082899, 1, 0, 0
132200, 1111877, 1, 0, 0
132300, 1068221, 1, 0, 0
132400, 1125611, 1, 0, 0
132500, 1088237, 1, 0, 0
132600, 1073191, 1, 0, 0
132700, 1095813, 1, 0, 0
132800, 1080951, 1, 0, 0
132900, 1067041, 1, 0, 0
133000, 1115048, 1, 0, 0
133100, 1075174, 1, 0, 0
133201, 1108657, 1, 0, 0
133300, 1111728, 1, 0, 0
133400, 1088496, 1, 0, 0
133501, 1123099, 1, 0, 0
133601, 1052580, 1, 0, 0
133702, 1110406, 1, 0, 0
133801, 1081545, 1, 0, 0
133900, 1060331, 1, 0, 0
134000, 1107063, 1, 0, 0
134100, 1096724, 1, 0, 0
134201, 1102359, 1, 0, 0
134300, 1105036, 1, 0, 0
134400, 1129720, 1, 0, 0
134501, 1145844, 1, 0, 0
134600, 1150945, 1, 0, 0
134700, 1124905, 1, 0, 0
134800, 1072604, 1, 0, 0
134900, 1125504, 1, 0, 0
135000, 1138025, 1, 0, 0
135102, 1127638, 1, 0, 0
135200, 1078564, 1, 0, 0
135300, 1126864, 1, 0, 0
135400, 1108693, 1, 0, 0
135500, 1053022, 1, 0, 0
135601, 1062534, 1, 0, 0
135700, 1054555, 1, 0, 0
135800, 1038854, 1, 0, 0
135900, 1101608, 1, 0, 0
136000, 1059697, 1, 0, 0
136100, 1088277, 1, 0, 0
136200, 1050814, 1, 0, 0
136300, 1067805, 1, 0, 0
136400, 1172336, 1, 0, 0
136500, 1099842, 1, 0, 0
136600, 1083474, 1, 0, 0
136701, 1131172, 1, 0, 0
136800, 1089912, 1, 0, 0
136900, 1134137, 1, 0, 0
137000, 1094519, 1, 0, 0
137100, 1112329, 1, 0, 0
137200, 1030864, 1, 0, 0
137300, 1094952, 1, 0, 0
137401, 1033252, 1, 0, 0
137500, 1020594, 1, 0, 0
137600, 1026067, 1, 0, 0
137700, 1154436, 1, 0, 0
137800, 1103705, 1, 0, 0
137900, 1080010, 1, 0, 0
138000, 1038672, 1, 0, 0
138100, 1081811, 1, 0, 0
138200, 1106606, 1, 0, 0
138301, 1082010, 1, 0, 0
138400, 1081013, 1, 0, 0
138500, 1123752, 1, 0, 0
138600, 1081171, 1, 0, 0
138700, 1075392, 1, 0, 0
138800, 1079824, 1, 0, 0
138900, 1141839, 1, 0, 0
139001, 1085380, 1, 0, 0
139100, 1137098, 1, 0, 0
139200, 1130184, 1, 0, 0
139300, 1070380, 1, 0, 0
139400, 1150032, 1, 0, 0
139501, 1150624, 1, 0, 0
139600, 1051920, 1, 0, 0
139700, 1108468, 1, 0, 0
139800, 1078350, 1, 0, 0
139900, 1119790, 1, 0, 0
140000, 1094858, 1, 0, 0
140100, 1027262, 1, 0, 0
140200, 1111394, 1, 0, 0
140300, 1087862, 1, 0, 0
140400, 1132358, 1, 0, 0
140500, 1033831, 1, 0, 0
140600, 1049837, 1, 0, 0
140700, 1106936, 1, 0, 0
140800, 1060280, 1, 0, 0
140900, 1040076, 1, 0, 0
141000, 1070132, 1, 0, 0
141100, 1100702, 1, 0, 0
141200, 1069801, 1, 0, 0
141300, 1056416, 1, 0, 0
141400, 1068084, 1, 0, 0
141501, 1069968, 1, 0, 0
141601, 1074377, 1, 0, 0
141701, 1071563, 1, 0, 0
141800, 1089128, 1, 0, 0
141900, 1084750, 1, 0, 0
142000, 1090838, 1, 0, 0
142100, 1112468, 1, 0, 0
142200, 1106704, 1, 0, 0
142300, 1066137, 1, 0, 0
142400, 1067458, 1, 0, 0
142501, 1053495, 1, 0, 0
142600, 1029816, 1, 0, 0
142701, 1060425, 1, 0, 0
142800, 1066315, 1, 0, 0
142900, 1083435, 1, 0, 0
143000, 1064420, 1, 0, 0
143100, 1077738, 1, 0, 0
143200, 1080508, 1, 0, 0
143300, 1121616, 1, 0, 0
143400, 1084884, 1, 0, 0
143500, 1099962, 1, 0, 0
143601, 1124112, 1, 0, 0
143700, 1045008, 1, 0, 0
143800, 1071367, 1, 0, 0
143900, 1072172, 1, 0, 0
144000, 1044722, 1, 0, 0
144100, 1065377, 1, 0, 0
144200, 1067994, 1, 0, 0
144300, 1026657, 1, 0, 0
144401, 1047745, 1, 0, 0
144500, 1041538, 1, 0, 0
144600, 1032122, 1, 0, 0
144700, 1015094, 1, 0, 0
144800, 1098354, 1, 0, 0
144901, 1091628, 1, 0, 0
145000, 1081921, 1, 0, 0
145100, 1096266, 1, 0, 0
145200, 1019418, 1, 0, 0
145300, 1030955, 1, 0, 0
145400, 1073426, 1, 0, 0
145500, 1139609, 1, 0, 0
145601, 1082044, 1, 0, 0
145700, 1067066, 1, 0, 0
145801, 1077068, 1, 0, 0
145900, 1051205, 1, 0, 0
146000, 1096446, 1, 0, 0
146100, 1091691, 1, 0, 0
146200, 1124223, 1, 0, 0
146300, 1143734, 1, 0, 0
146400, 1063538, 1, 0, 0
146500, 1117541, 1, 0, 0
146600, 1078652, 1, 0, 0
146700, 1042552, 1, 0, 0
146800, 1014755, 1, 0, 0
146900, 1098037, 1, 0, 0
147000, 1068118, 1, 0, 0
147100, 1073716, 1, 0, 0
147200, 1081123, 1, 0, 0
147300, 1025094, 1, 0, 0
147400, 1122385, 1, 0, 0
147500, 999599, 1, 0, 0
147600, 1041497, 1, 0, 0
147700, 1061777, 1, 0, 0
147800, 1058776, 1, 0, 0
147900, 1090348, 1, 0, 0
148000, 1078470, 1, 0, 0
148101, 1047681, 1, 0, 0
148200, 1111510, 1, 0, 0
148300, 1063733, 1, 0, 0
148400, 1076037, 1, 0, 0
148500, 1041645, 1, 0, 0
148600, 1085364, 1, 0, 0
148700, 1031895, 1, 0, 0
148801, 1103563, 1, 0, 0
148901, 1049928, 1, 0, 0
149000, 1023999, 1, 0, 0
149101, 1091450, 1, 0, 0
149200, 1037778, 1, 0, 0
149300, 1006551, 1, 0, 0
149400, 1027782, 1, 0, 0
149500, 1061201, 1, 0, 0
149600, 1057129, 1, 0, 0
149700, 1084669, 1, 0, 0
149800, 1063716, 1, 0, 0
149900, 1037308, 1, 0, 0
150000, 1099915, 1, 0, 0
150101, 1039139, 1, 0, 0
150200, 1052888, 1, 0, 0
150300, 1035155, 1, 0, 0
150400, 1015089, 1, 0, 0
150500, 1050513, 1, 0, 0
150600, 1027789, 1, 0, 0
150701, 1089821, 1, 0, 0
150800, 1104615, 1, 0, 0
150900, 1074403, 1, 0, 0
151000, 1060948, 1, 0, 0
151100, 1104399, 1, 0, 0
151200, 1061662, 1, 0, 0
151300, 1034163, 1, 0, 0
151401, 1012611, 1, 0, 0
151500, 1042532, 1, 0, 0
151600, 1050264, 1, 0, 0
151700, 1023951, 1, 0, 0
151800, 1081298, 1, 0, 0
151900, 1062598, 1, 0, 0
152001, 1044602, 1, 0, 0
152100, 1080236, 1, 0, 0
152200, 1022068, 1, 0, 0
152300, 1028592, 1, 0, 0
152400, 1141918, 1, 0, 0
152500, 1079337, 1, 0, 0
152600, 1037165, 1, 0, 0
152700, 1058318, 1, 0, 0
152800, 1083145, 1, 0, 0
152900, 1090382, 1, 0, 0
153001, 1095013, 1, 0, 0
153100, 1116609, 1, 0, 0
153200, 1075586, 1, 0, 0
153300, 1090400, 1, 0, 0
153400, 1077115, 1, 0, 0
153500, 1055547, 1, 0, 0
153600, 1059123, 1, 0, 0
153700, 1079638, 1, 0, 0
153800, 1085510, 1, 0, 0
153900, 1117078, 1, 0, 0
154000, 1102372, 1, 0, 0
154100, 1030340, 1, 0, 0
154201, 1103699, 1, 0, 0
154301, 1060002, 1, 0, 0
154400, 1046120, 1, 0, 0
154500, 1052027, 1, 0, 0
154601, 1101740, 1, 0, 0
154700, 1092080, 1, 0, 0
154800, 1109001, 1, 0, 0
154900, 1032677, 1, 0, 0
155000, 1045467, 1, 0, 0
155100, 1045095, 1, 0, 0
155200, 1016484, 1, 0, 0
155300, 1064274, 1, 0, 0
155400, 1088337, 1, 0, 0
155500, 1066659, 1, 0, 0
155600, 1035529, 1, 0, 0
155700, 1026131, 1, 0, 0
155800, 1031796, 1, 0, 0
155900, 1095129, 1, 0, 0
156000, 1089763, 1, 0, 0
156100, 1050193, 1, 0, 0
156200, 1030172, 1, 0, 0
156300, 1042081, 1, 0, 0
156400, 1004924, 1, 0, 0
156500, 1014248, 1, 0, 0
156600, 1037810, 1, 0, 0
156700, 1062037, 1, 0, 0
156801, 1037778, 1, 0, 0
156900, 1064187, 1, 0, 0
157000, 1047761, 1, 0, 0
157100, 1062097, 1, 0, 0
157200, 1016287, 1, 0, 0
157300, 1022907, 1, 0, 0
157400, 1062494, 1, 0, 0
157500, 1064396, 1, 0, 0
157600, 1066907, 1, 0, 0
157700, 1068742, 1, 0, 0
157800, 1060866, 1, 0, 0
157900, 1079039, 1, 0, 0
158000, 1078077, 1, 0, 0
158100, 1096293, 1, 0, 0
158201, 1106475, 1, 0, 0
158300, 1019700, 1, 0, 0
158400, 1002669, 1, 0, 0
158500, 1069468, 1, 0, 0
158600, 1091967, 1, 0, 0
158700, 979574, 1, 0, 0
158800, 1070545, 1, 0, 0
158900, 1064902, 1, 0, 0
159001, 996979, 1, 0, 0
159100, 1055229, 1, 0, 0
159200, 1045040, 1, 0, 0
159300, 1026325, 1, 0, 0
159400, 1121114, 1, 0, 0
159500, 1043254, 1, 0, 0
159600, 1046591, 1, 0, 0
159700, 1080383, 1, 0, 0
159800, 1042931, 1, 0, 0
159900, 1033401, 1, 0, 0
160000, 1046021, 1, 0, 0
160100, 1134336, 1, 0, 0
160200, 1037324, 1, 0, 0
160300, 1068897, 1, 0, 0
160400, 1051016, 1, 0, 0
160500, 1050016, 1, 0, 0
160600, 1057527, 1, 0, 0
160701, 1092197, 1, 0, 0
160800, 1073420, 1, 0, 0
160900, 1062498, 1, 0, 0
161000, 1071071, 1, 0, 0
161100, 1058258, 1, 0, 0
161200, 1121451, 1, 0, 0
161300, 1040007, 1, 0, 0
161400, 1085156, 1, 0, 0
161500, 1102053, 1, 0, 0
161600, 1039645, 1, 0, 0
161701, 1061188, 1, 0, 0
161800, 1115847, 1, 0, 0
161901, 1073346, 1, 0, 0
162000, 1077789, 1, 0, 0
162100, 1101803, 1, 0, 0
162200, 1047484, 1, 0, 0
162300, 1048140, 1, 0, 0
162401, 1094957, 1, 0, 0
162500, 1039208, 1, 0, 0
162600, 1071383, 1, 0, 0
162701, 1031679, 1, 0, 0
162800, 1065446, 1, 0, 0
162900, 1007702, 1, 0, 0
163001, 1047373, 1, 0, 0
163100, 1103223, 1, 0, 0
163200, 1057499, 1, 0, 0
163301, 1041947, 1, 0, 0
163400, 1048714, 1, 0, 0
163500, 1028354, 1, 0, 0
163600, 1003936, 1, 0, 0
163700, 1062776, 1, 0, 0
163800, 1041639, 1, 0, 0
163900, 1039470, 1, 0, 0
164000, 1035133, 1, 0, 0
164100, 1059343, 1, 0, 0
164200, 1100392, 1, 0, 0
164301, 1046635, 1, 0, 0
164400, 1041704, 1, 0, 0
164500, 1097277, 1, 0, 0
164600, 1040347, 1, 0, 0
164701, 1006359, 1, 0, 0
164800, 1064679, 1, 0, 0
164900, 1108040, 1, 0, 0
165001, 1078530, 1, 0, 0
165100, 1049661, 1, 0, 0
165200, 1090353, 1, 0, 0
165300, 1071627, 1, 0, 0
165400, 1023955, 1, 0, 0
165500, 1051270, 1, 0, 0
165600, 1048063, 1, 0, 0
165700, 1059269, 1, 0, 0
165800, 1076096, 1, 0, 0
165900, 1072298, 1, 0, 0
166000, 1031571, 1, 0, 0
166100, 1054637, 1, 0, 0
166201, 1099224, 1, 0, 0
166300, 1052968, 1, 0, 0
166400, 1075810, 1, 0, 0
166500, 1133849, 1, 0, 0
166600, 1015849, 1, 0, 0
166700, 1078875, 1, 0, 0
166801, 1019646, 1, 0, 0
166900, 1021946, 1, 0, 0
167001, 982145, 1, 0, 0
167100, 1032266, 1, 0, 0
167200, 1023693, 1, 0, 0
167300, 1039705, 1, 0, 0
167400, 1059069, 1, 0, 0
167500, 1031420, 1, 0, 0
167600, 983485, 1, 0, 0
167700, 1020418, 1, 0, 0
167800, 1049864, 1, 0, 0
167900, 1077281, 1, 0, 0
168000, 1049612, 1, 0, 0
168100, 1057923, 1, 0, 0
168200, 979928, 1, 0, 0
168300, 1048633, 1, 0, 0
168400, 1048934, 1, 0, 0
168500, 1100248, 1, 0, 0
168600, 1018331, 1, 0, 0
168700, 1032401, 1, 0, 0
168800, 1055429, 1, 0, 0
168900, 1063928, 1, 0, 0
169001, 1030195, 1, 0, 0
169100, 1036149, 1, 0, 0
169200, 1048115, 1, 0, 0
169301, 1047159, 1, 0, 0
169400, 1043000, 1, 0, 0
169500, 1035430, 1, 0, 0
169601, 1006382, 1, 0, 0
169700, 992876, 1, 0, 0
169800, 1015951, 1, 0, 0
169900, 1097898, 1, 0, 0
170000, 1030463, 1, 0, 0
170100, 1021451, 1, 0, 0
170200, 1065628, 1, 0, 0
170300, 1022584, 1, 0, 0
170400, 1077548, 1, 0, 0
170500, 1000731, 1, 0, 0
170600, 976704, 1, 0, 0
170700, 1017915, 1, 0, 0
170800, 1079986, 1, 0, 0
170900, 1011154, 1, 0, 0
171000, 1020942, 1, 0, 0
171100, 1040362, 1, 0, 0
171200, 978764, 1, 0, 0
171300, 1051926, 1, 0, 0
171400, 1044603, 1, 0, 0
171500, 1004360, 1, 0, 0
171600, 1013449, 1, 0, 0
171700, 1035167, 1, 0, 0
171800, 1041708, 1, 0, 0
171900, 1007431, 1, 0, 0
172000, 1050696, 1, 0, 0
172100, 1043328, 1, 0, 0
172200, 1035722, 1, 0, 0
172300, 1035484, 1, 0, 0
172400, 1015701, 1, 0, 0
172500, 1025142, 1, 0, 0
172600, 1056869, 1, 0, 0
172700, 1014460, 1, 0, 0
172800, 1040557, 1, 0, 0
172900, 1121040, 1, 0, 0
173000, 1033379, 1, 0, 0
173101, 1027357, 1, 0, 0
173200, 1018737, 1, 0, 0
173300, 988737, 1, 0, 0
173400, 1099158, 1, 0, 0
173500, 1020562, 1, 0, 0
173600, 1039312, 1, 0, 0
173700, 1039247, 1, 0, 0
173800, 1039853, 1, 0, 0
173900, 1077947, 1, 0, 0
174000, 1012892, 1, 0, 0
174100, 1052906, 1, 0, 0
174200, 1037537, 1, 0, 0
174300, 1009964, 1, 0, 0
174400, 1063851, 1, 0, 0
174500, 993154, 1, 0, 0
174600, 1013998, 1, 0, 0
174700, 1068775, 1, 0, 0
174800, 1056510, 1, 0, 0
174900, 1045877, 1, 0, 0
175000, 1062123, 1, 0, 0
175100, 1030017, 1, 0, 0
175200, 1023222, 1, 0, 0
175300, 1064544, 1, 0, 0
175400, 1009520, 1, 0, 0
175500, 1060268, 1, 0, 0
175600, 1070665, 1, 0, 0
175700, 1020092, 1, 0, 0
175800, 1043178, 1, 0, 0
175901, 1016079, 1, 0, 0
176000, 1031620, 1, 0, 0
176100, 1035110, 1, 0, 0
176200, 1030963, 1, 0, 0
176300, 1021638, 1, 0, 0
176400, 1077391, 1, 0, 0
176500, 1082155, 1, 0, 0
176600, 1031541, 1, 0, 0
176700, 1093356, 1, 0, 0
176800, 1092434, 1, 0, 0
176900, 1069972, 1, 0, 0
177000, 1031723, 1, 0, 0
177100, 1029451, 1, 0, 0
177200, 1012970, 1, 0, 0
177300, 1033923, 1, 0, 0
177400, 995613, 1, 0, 0
177500, 1007605, 1, 0, 0
177600, 1001045, 1, 0, 0
177700, 996230, 1, 0, 0
177801, 1037611, 1, 0, 0
177900, 1039426, 1, 0, 0
178000, 1040638, 1, 0, 0
178101, 1059268, 1, 0, 0
178200, 995867, 1, 0, 0
178300, 967731, 1, 0, 0
178401, 1079366, 1, 0, 0
178500, 999053, 1, 0, 0
178600, 1074359, 1, 0, 0
178700, 1024741, 1, 0, 0
178801, 1029399, 1, 0, 0
178900, 1064902, 1, 0, 0
179000, 1051092, 1, 0, 0
179100, 1025818, 1, 0, 0
179200, 1054783, 1, 0, 0
179300, 1017675, 1, 0, 0
179400, 1072234, 1, 0, 0
179500, 1072070, 1, 0, 0
179600, 1063877, 1, 0, 0
179700, 1025285, 1, 0, 0
179800, 1031989, 1, 0, 0
179900, 1032579, 1, 0, 0
180000, 1046969, 1, 0, 0
180100, 1022126, 1, 0, 0
180200, 1066412, 1, 0, 0
180300, 996144, 1, 0, 0
180400, 988807, 1, 0, 0
180500, 1015715, 1, 0, 0
180600, 1061388, 1, 0, 0
180700, 1037926, 1, 0, 0
180800, 1040489, 1, 0, 0
180900, 1110210, 1, 0, 0
181000, 1056554, 1, 0, 0
181100, 1052171, 1, 0, 0
181200, 1048348, 1, 0, 0
181300, 1043146, 1, 0, 0
181401, 1055169, 1, 0, 0
181500, 1073560, 1, 0, 0
181600, 1064026, 1, 0, 0
181700, 1063240, 1, 0, 0
181800, 1062996, 1, 0, 0
181901, 1045143, 1, 0, 0
182000, 1056141, 1, 0, 0
182100, 1056297, 1, 0, 0
182200, 1005419, 1, 0, 0
182300, 990851, 1, 0, 0
182400, 1030675, 1, 0, 0
182500, 1071839, 1, 0, 0
182600, 1015945, 1, 0, 0
182700, 1064194, 1, 0, 0
182800, 1032132, 1, 0, 0
182900, 1031118, 1, 0, 0
183000, 1040465, 1, 0, 0
183100, 997655, 1, 0, 0
183200, 1052182, 1, 0, 0
183300, 1032662, 1, 0, 0
183401, 1122498, 1, 0, 0
183500, 1036420, 1, 0, 0
183602, 1073125, 1, 0, 0
183700, 1063930, 1, 0, 0
183800, 1067371, 1, 0, 0
183901, 1077148, 1, 0, 0
184000, 1053076, 1, 0, 0
184100, 1066259, 1, 0, 0
184200, 1090201, 1, 0, 0
184300, 1089599, 1, 0, 0
184400, 1075836, 1, 0, 0
184500, 1066945, 1, 0, 0
184600, 1073741, 1, 0, 0
184700, 1108842, 1, 0, 0
184800, 1078030, 1, 0, 0
184901, 1056785, 1, 0, 0
185000, 1094611, 1, 0, 0
185100, 1087361, 1, 0, 0
185200, 1041439, 1, 0, 0
185300, 1079660, 1, 0, 0
185400, 1040039, 1, 0, 0
185500, 1052532, 1, 0, 0
185601, 1029586, 1, 0, 0
185700, 1053197, 1, 0, 0
185800, 1055436, 1, 0, 0
185900, 1054224, 1, 0, 0
186000, 1039998, 1, 0, 0
186100, 1040046, 1, 0, 0
186200, 1048878, 1, 0, 0
186300, 1033487, 1, 0, 0
186400, 1010977, 1, 0, 0
186500, 1079213, 1, 0, 0
186600, 1071916, 1, 0, 0
186700, 1115525, 1, 0, 0
186800, 1039059, 1, 0, 0
186900, 1027409, 1, 0, 0
187000, 1130060, 1, 0, 0
187101, 1107991, 1, 0, 0
187200, 1053622, 1, 0, 0
187300, 1031038, 1, 0, 0
187400, 1072160, 1, 0, 0
187500, 998757, 1, 0, 0
187600, 1018584, 1, 0, 0
187700, 1028804, 1, 0, 0
187800, 1075004, 1, 0, 0
187900, 1050467, 1, 0, 0
188000, 1065052, 1, 0, 0
188100, 1079893, 1, 0, 0
188200, 1025414, 1, 0, 0
188301, 1050500, 1, 0, 0
188400, 1065483, 1, 0, 0
188500, 1035031, 1, 0, 0
188600, 1057730, 1, 0, 0
188700, 1090147, 1, 0, 0
188800, 1047839, 1, 0, 0
188900, 1030620, 1, 0, 0
189000, 1044825, 1, 0, 0
189101, 1044202, 1, 0, 0
189200, 1051270, 1, 0, 0
189300, 1056891, 1, 0, 0
189400, 1031541, 1, 0, 0
189500, 1128360, 1, 0, 0
189600, 1069623, 1, 0, 0
189701, 1074051, 1, 0, 0
189800, 1064834, 1, 0, 0
189900, 1071439, 1, 0, 0
190000, 1067555, 1, 0, 0
190100, 1054004, 1, 0, 0
190201, 1031240, 1, 0, 0
190300, 1058158, 1, 0, 0
190400, 1036444, 1, 0, 0
190501, 1056999, 1, 0, 0
190600, 1068349, 1, 0, 0
190700, 1153299, 1, 0, 0
190800, 1057139, 1, 0, 0
190900, 1106125, 1, 0, 0
191000, 1059492, 1, 0, 0
191100, 1035553, 1, 0, 0
191200, 1036014, 1, 0, 0
191300, 1052725, 1, 0, 0
191400, 1021463, 1, 0, 0
191502, 1049715, 1, 0, 0
191600, 1045463, 1, 0, 0
191700, 991471, 1, 0, 0
191801, 1011613, 1, 0, 0
191901, 1014610, 1, 0, 0
192000, 1004125, 1, 0, 0
192100, 1024516, 1, 0, 0
192200, 1046021, 1, 0, 0
192300, 1016708, 1, 0, 0
192400, 1036353, 1, 0, 0
192500, 1027086, 1, 0, 0
192600, 1051278, 1, 0, 0
192701, 1030141, 1, 0, 0
192800, 1043279, 1, 0, 0
192900, 1051671, 1, 0, 0
193000, 1038620, 1, 0, 0
193100, 1006046, 1, 0, 0
193200, 994864, 1, 0, 0
193300, 1050790, 1, 0, 0
193400, 1042616, 1, 0, 0
193500, 1056938, 1, 0, 0
193600, 1058202, 1, 0, 0
193700, 1028775, 1, 0, 0
193800, 1027700, 1, 0, 0
193900, 1042532, 1, 0, 0
194000, 1043309, 1, 0, 0
194100, 1016727, 1, 0, 0
194200, 1021896, 1, 0, 0
194300, 1028037, 1, 0, 0
194400, 1007926, 1, 0, 0
194500, 1049503, 1, 0, 0
194602, 1017868, 1, 0, 0
194700, 1038310, 1, 0, 0
194800, 1053169, 1, 0, 0
194900, 1067337, 1, 0, 0
195001, 1056477, 1, 0, 0
195100, 1052976, 1, 0, 0
195200, 1060842, 1, 0, 0
195300, 1060690, 1, 0, 0
195400, 1033942, 1, 0, 0
195501, 1083140, 1, 0, 0
195600, 1051794, 1, 0, 0
195700, 1047068, 1, 0, 0
195800, 1064927, 1, 0, 0
195900, 1044043, 1, 0, 0
196000, 1071464, 1, 0, 0
196100, 1033740, 1, 0, 0
196200, 1076796, 1, 0, 0
196300, 1028228, 1, 0, 0
196400, 1052185, 1, 0, 0
196500, 1012847, 1, 0, 0
196601, 1072548, 1, 0, 0
196701, 1040554, 1, 0, 0
196800, 1010845, 1, 0, 0
196900, 1082590, 1, 0, 0
197000, 1084619, 1, 0, 0
197100, 1045042, 1, 0, 0
197200, 1049896, 1, 0, 0
197300, 1024814, 1, 0, 0
197400, 996452, 1, 0, 0
197500, 1063877, 1, 0, 0
197600, 1016126, 1, 0, 0
197700, 1001242, 1, 0, 0
197800, 972049, 1, 0, 0
197900, 975999, 1, 0, 0
198000, 990637, 1, 0, 0
198100, 1008265, 1, 0, 0
198200, 1028098, 1, 0, 0
198300, 1039016, 1, 0, 0
198400, 1030529, 1, 0, 0
198500, 994061, 1, 0, 0
198600, 1015117, 1, 0, 0
198700, 1013567, 1, 0, 0
198800, 1077153, 1, 0, 0
198900, 1044248, 1, 0, 0
199000, 1061183, 1, 0, 0
199100, 1081924, 1, 0, 0
199200, 1041099, 1, 0, 0
199300, 1073744, 1, 0, 0
199400, 1003286, 1, 0, 0
199501, 1021365, 1, 0, 0
199600, 1069522, 1, 0, 0
199700, 1067381, 1, 0, 0
199800, 993227, 1, 0, 0
199900, 1038396, 1, 0, 0
200000, 997290, 1, 0, 0
200100, 1037348, 1, 0, 0
200200, 1038570, 1, 0, 0
200300, 1052396, 1, 0, 0
200400, 1089160, 1, 0, 0
200500, 1035981, 1, 0, 0
200600, 1019536, 1, 0, 0
200700, 1018999, 1, 0, 0
200800, 1043321, 1, 0, 0
200900, 1011210, 1, 0, 0
201000, 1055861, 1, 0, 0
201101, 994404, 1, 0, 0
201200, 1019205, 1, 0, 0
201300, 1036673, 1, 0, 0
201400, 1097109, 1, 0, 0
201500, 1029611, 1, 0, 0
201600, 1049722, 1, 0, 0
201700, 1078303, 1, 0, 0
201800, 1028970, 1, 0, 0
201900, 1076587, 1, 0, 0
202000, 1063952, 1, 0, 0
202100, 999060, 1, 0, 0
202200, 1024143, 1, 0, 0
202300, 1040536, 1, 0, 0
202400, 1064095, 1, 0, 0
202500, 1106686, 1, 0, 0
202600, 1012576, 1, 0, 0
202700, 1034032, 1, 0, 0
202800, 1063037, 1, 0, 0
202900, 1017415, 1, 0, 0
203000, 985873, 1, 0, 0
203100, 1073226, 1, 0, 0
203200, 1015797, 1, 0, 0
203301, 1059456, 1, 0, 0
203400, 1053827, 1, 0, 0
203500, 1084340, 1, 0, 0
203600, 1049436, 1, 0, 0
203700, 1003646, 1, 0, 0
203800, 1057025, 1, 0, 0
203900, 1015513, 1, 0, 0
204000, 1000675, 1, 0, 0
204100, 976739, 1, 0, 0
204201, 1045455, 1, 0, 0
204300, 1028710, 1, 0, 0
204400, 1034776, 1, 0, 0
204501, 1050692, 1, 0, 0
204600, 1019860, 1, 0, 0
204701, 1046031, 1, 0, 0
204800, 1050403, 1, 0, 0
204900, 997955, 1, 0, 0
205000, 985828, 1, 0, 0
205100, 1002109, 1, 0, 0
205200, 1022134, 1, 0, 0
205300, 1013499, 1, 0, 0
205400, 1069256, 1, 0, 0
205500, 1002855, 1, 0, 0
205600, 1033734, 1, 0, 0
205701, 1011654, 1, 0, 0
205800, 1019132, 1, 0, 0
205900, 1056638, 1, 0, 0
206000, 1078248, 1, 0, 0
206100, 1060534, 1, 0, 0
206200, 1014675, 1, 0, 0
206300, 1143355, 1, 0, 0
206400, 1052293, 1, 0, 0
206500, 1025104, 1, 0, 0
206600, 1057959, 1, 0, 0
206700, 1024394, 1, 0, 0
206800, 1072956, 1, 0, 0
206900, 1023436, 1, 0, 0
207000, 1026961, 1, 0, 0
207100, 1011793, 1, 0, 0
207200, 995664, 1, 0, 0
207300, 1061187, 1, 0, 0
207400, 1004930, 1, 0, 0
207500, 1024723, 1, 0, 0
207600, 1015291, 1, 0, 0
207701, 1026475, 1, 0, 0
207800, 1035545, 1, 0, 0
207900, 1043844, 1, 0, 0
208000, 973287, 1, 0, 0
208100, 984724, 1, 0, 0
208200, 1037438, 1, 0, 0
208300, 1028558, 1, 0, 0
208400, 1005610, 1, 0, 0
208500, 1023226, 1, 0, 0
208600, 1049137, 1, 0, 0
208700, 1073831, 1, 0, 0
208800, 1001817, 1, 0, 0
208900, 989155, 1, 0, 0
209000, 984337, 1, 0, 0
209100, 1002637, 1, 0, 0
209200, 997655, 1, 0, 0
209300, 1007136, 1, 0, 0
209400, 1044987, 1, 0, 0
209500, 1031569, 1, 0, 0
209600, 1030640, 1, 0, 0
209700, 997192, 1, 0, 0
209800, 1025981, 1, 0, 0
209900, 1010202, 1, 0, 0
210000, 1002178, 1, 0, 0
210100, 978851, 1, 0, 0
210200, 985036, 1, 0, 0
210300, 1020170, 1, 0, 0
210400, 987597, 1, 0, 0
210500, 964276, 1, 0, 0
210600, 989560, 1, 0, 0
210700, 999011, 1, 0, 0
210800, 1001798, 1, 0, 0
210900, 1011202, 1, 0, 0
211000, 1020072, 1, 0, 0
211100, 981754, 1, 0, 0
211200, 1022372, 1, 0, 0
211300, 979365, 1, 0, 0
211400, 998179, 1, 0, 0
211500, 1009812, 1, 0, 0
211600, 1025340, 1, 0, 0
211700, 994358, 1, 0, 0
211800, 1055013, 1, 0, 0
211900, 1000959, 1, 0, 0
212000, 1020499, 1, 0, 0
212100, 997990, 1, 0, 0
212200, 1002975, 1, 0, 0
212300, 1029608, 1, 0, 0
212400, 1048160, 1, 0, 0
212500, 1000827, 1, 0, 0
212600, 1012894, 1, 0, 0
212700, 1059509, 1, 0, 0
212800, 999930, 1, 0, 0
212901, 1034805, 1, 0, 0
213001, 1015290, 1, 0, 0
213100, 1038695, 1, 0, 0
213201, 1000370, 1, 0, 0
213300, 1016876, 1, 0, 0
213401, 1052887, 1, 0, 0
213500, 998160, 1, 0, 0
213600, 1036517, 1, 0, 0
213700, 1012216, 1, 0, 0
213800, 1010918, 1, 0, 0
213900, 1054289, 1, 0, 0
214000, 1018162, 1, 0, 0
214100, 1035144, 1, 0, 0
214200, 1060289, 1, 0, 0
214300, 993091, 1, 0, 0
214400, 1033314, 1, 0, 0
214500, 1030510, 1, 0, 0
214601, 1004215, 1, 0, 0
214700, 1028331, 1, 0, 0
214800, 1045934, 1, 0, 0
214900, 1019302, 1, 0, 0
215000, 1070697, 1, 0, 0
215100, 1052215, 1, 0, 0
215200, 1054629, 1, 0, 0
215300, 1065106, 1, 0, 0
215400, 997975, 1, 0, 0
215500, 1053729, 1, 0, 0
215600, 1046807, 1, 0, 0
215701, 995384, 1, 0, 0
215800, 1067630, 1, 0, 0
215900, 1058234, 1, 0, 0
216000, 1033959, 1, 0, 0
216100, 1049048, 1, 0, 0
216200, 996680, 1, 0, 0
216300, 1078541, 1, 0, 0
216400, 1081320, 1, 0, 0
216500, 1039179, 1, 0, 0
216600, 1080936, 1, 0, 0
216700, 1048906, 1, 0, 0
216800, 1005317, 1, 0, 0
216900, 988274, 1, 0, 0
217000, 1017613, 1, 0, 0
217100, 1022948, 1, 0, 0
217202, 1070988, 1, 0, 0
217300, 1056037, 1, 0, 0
217400, 1029149, 1, 0, 0
217500, 1017716, 1, 0, 0
217600, 1045753, 1, 0, 0
217701, 1049866, 1, 0, 0
217800, 1040982, 1, 0, 0
217900, 1062139, 1, 0, 0
218001, 1071032, 1, 0, 0
218101, 1030465, 1, 0, 0
218200, 1005376, 1, 0, 0
218300, 1054575, 1, 0, 0
218400, 1002404, 1, 0, 0
218501, 1065209, 1, 0, 0
218600, 1033776, 1, 0, 0
218700, 1021570, 1, 0, 0
218800, 999434, 1, 0, 0
218900, 1030917, 1, 0, 0
219000, 1038880, 1, 0, 0
219100, 1005480, 1, 0, 0
219200, 1079837, 1, 0, 0
219300, 1049908, 1, 0, 0
219400, 1039287, 1, 0, 0
219500, 1018022, 1, 0, 0
219600, 1027467, 1, 0, 0
219700, 1008856, 1, 0, 0
219800, 1044411, 1, 0, 0
219901, 1056007, 1, 0, 0
220000, 1079427, 1, 0, 0
220100, 1018020, 1, 0, 0
220200, 1023366, 1, 0, 0
220300, 1048692, 1, 0, 0
220400, 1024467, 1, 0, 0
220500, 987441, 1, 0, 0
220600, 1059285, 1, 0, 0
220700, 1033582, 1, 0, 0
220800, 1078852, 1, 0, 0
220900, 977355, 1, 0, 0
221000, 1016109, 1, 0, 0
221100, 979410, 1, 0, 0
221200, 1025602, 1, 0, 0
221301, 1023991, 1, 0, 0
221400, 1032752, 1, 0, 0
221500, 1046741, 1, 0, 0
221600, 1033710, 1, 0, 0
221700, 1048910, 1, 0, 0
221800, 1077240, 1, 0, 0
221900, 1030189, 1, 0, 0
222000, 1025914, 1, 0, 0
222100, 1036395, 1, 0, 0
222200, 1046175, 1, 0, 0
222301, 1020806, 1, 0, 0
222400, 1051892, 1, 0, 0
222500, 997606, 1, 0, 0
222600, 977297, 1, 0, 0
222700, 988025, 1, 0, 0
222800, 1031444, 1, 0, 0
222900, 1042442, 1, 0, 0
223000, 1004342, 1, 0, 0
223100, 1066628, 1, 0, 0
223200, 1092518, 1, 0, 0
223300, 1028013, 1, 0, 0
223400, 1060879, 1, 0, 0
223500, 1033116, 1, 0, 0
223600, 1026207, 1, 0, 0
223700, 998670, 1, 0, 0
223800, 1008436, 1, 0, 0
223900, 1029278, 1, 0, 0
224000, 1030883, 1, 0, 0
224100, 1019128, 1, 0, 0
224200, 1050807, 1, 0, 0
224300, 986561, 1, 0, 0
224400, 995815, 1, 0, 0
224500, 996714, 1, 0, 0
224600, 1036338, 1, 0, 0
224700, 1045042, 1, 0, 0
224800, 1003927, 1, 0, 0
224900, 1023597, 1, 0, 0
225000, 1051925, 1, 0, 0
225100, 1007334, 1, 0, 0
225200, 986509, 1, 0, 0
225300, 1000601, 1, 0, 0
225401, 997066, 1, 0, 0
225500, 1002517, 1, 0, 0
225600, 1064441, 1, 0, 0
225700, 1015077, 1, 0, 0
225800, 1037304, 1, 0, 0
225900, 990963, 1, 0, 0
226000, 1001550, 1, 0, 0
226100, 1003983, 1, 0, 0
226200, 1005542, 1, 0, 0
226300, 1038357, 1, 0, 0
226400, 1053296, 1, 0, 0
226500, 979695, 1, 0, 0
226600, 974493, 1, 0, 0
226700, 990880, 1, 0, 0
226800, 1033510, 1, 0, 0
226900, 1015489, 1, 0, 0
227000, 988057, 1, 0, 0
227100, 1024989, 1, 0, 0
227200, 1049686, 1, 0, 0
227300, 998824, 1, 0, 0
227400, 994634, 1, 0, 0
227500, 1014876, 1, 0, 0
227600, 961920, 1, 0, 0
227700, 974112, 1, 0, 0
227800, 1050868, 1, 0, 0
227900, 1030437, 1, 0, 0
228000, 1008182, 1, 0, 0
228100, 991090, 1, 0, 0
228200, 998915, 1, 0, 0
228300, 1021198, 1, 0, 0
228400, 1003343, 1, 0, 0
228500, 996308, 1, 0, 0
228600, 960033, 1, 0, 0
228700, 971177, 1, 0, 0
228800, 1022774, 1, 0, 0
228900, 987902, 1, 0, 0
229000, 995725, 1, 0, 0
229100, 970668, 1, 0, 0
229200, 998143, 1, 0, 0
229301, 1026883, 1, 0, 0
229400, 977398, 1, 0, 0
229500, 1053122, 1, 0, 0
229600, 1046478, 1, 0, 0
229700, 1045787, 1, 0, 0
229800, 1082525, 1, 0, 0
229900, 1024644, 1, 0, 0
230000, 1057891, 1, 0, 0
230101, 1033908, 1, 0, 0
230200, 978450, 1, 0, 0
230300, 1053422, 1, 0, 0
230400, 1004076, 1, 0, 0
230500, 1047624, 1, 0, 0
230600, 979467, 1, 0, 0
230700, 995062, 1, 0, 0
230800, 1026867, 1, 0, 0
230900, 1041939, 1, 0, 0
231000, 997830, 1, 0, 0
231100, 1008554, 1, 0, 0
231201, 993437, 1, 0, 0
231300, 992787, 1, 0, 0
231400, 965027, 1, 0, 0
231500, 1030841, 1, 0, 0
231600, 993042, 1, 0, 0
231700, 1011656, 1, 0, 0
231800, 995215, 1, 0, 0
231900, 1000866, 1, 0, 0
232000, 1037816, 1, 0, 0
232100, 1008820, 1, 0, 0
232200, 1052739, 1, 0, 0
232301, 1027718, 1, 0, 0
232400, 1006610, 1, 0, 0
232500, 987076, 1, 0, 0
232600, 1043890, 1, 0, 0
232700, 989157, 1, 0, 0
232801, 1036735, 1, 0, 0
232900, 1012814, 1, 0, 0
233000, 989400, 1, 0, 0
233101, 1030771, 1, 0, 0
233200, 1015354, 1, 0, 0
233300, 1011442, 1, 0, 0
233400, 1055414, 1, 0, 0
233500, 969750, 1, 0, 0
233600, 1015794, 1, 0, 0
233701, 1059865, 1, 0, 0
233800, 992655, 1, 0, 0
233900, 1017549, 1, 0, 0
234000, 1010967, 1, 0, 0
234100, 1041151, 1, 0, 0
234200, 997211, 1, 0, 0
234300, 1006979, 1, 0, 0
234400, 1005073, 1, 0, 0
234501, 978578, 1, 0, 0
234600, 992404, 1, 0, 0
234700, 1004420, 1, 0, 0
234800, 1018151, 1, 0, 0
234901, 985022, 1, 0, 0
235000, 985757, 1, 0, 0
235100, 1018483, 1, 0, 0
235201, 989779, 1, 0, 0
235300, 999239, 1, 0, 0
235400, 998460, 1, 0, 0
235500, 1029296, 1, 0, 0
235600, 1005970, 1, 0, 0
235700, 1003074, 1, 0, 0
235801, 982382, 1, 0, 0
235900, 1035103, 1, 0, 0
236000, 1023682, 1, 0, 0
236100, 983467, 1, 0, 0
236200, 982644, 1, 0, 0
236300, 1037070, 1, 0, 0
236400, 1021592, 1, 0, 0
236500, 973858, 1, 0, 0
236600, 1052938, 1, 0, 0
236700, 992813, 1, 0, 0
236800, 978098, 1, 0, 0
236900, 1007172, 1, 0, 0
237000, 1060697, 1, 0, 0
237100, 983010, 1, 0, 0
237200, 1053200, 1, 0, 0
237300, 1012057, 1, 0, 0
237400, 996779, 1, 0, 0
237500, 994005, 1, 0, 0
237600, 987048, 1, 0, 0
237700, 1037632, 1, 0, 0
237800, 1002365, 1, 0, 0
237900, 993415, 1, 0, 0
238000, 999654, 1, 0, 0
238100, 943773, 1, 0, 0
238200, 1006513, 1, 0, 0
238300, 1072574, 1, 0, 0
238400, 1000186, 1, 0, 0
238500, 1032979, 1, 0, 0
238600, 1036421, 1, 0, 0
238701, 1073817, 1, 0, 0
238801, 998550, 1, 0, 0
238900, 1021468, 1, 0, 0
239000, 1005758, 1, 0, 0
239100, 1018578, 1, 0, 0
239200, 984402, 1, 0, 0
239300, 971103, 1, 0, 0
239400, 972167, 1, 0, 0
239500, 998122, 1, 0, 0
239600, 1018866, 1, 0, 0
239700, 1058073, 1, 0, 0
239800, 988207, 1, 0, 0
239900, 980504, 1, 0, 0
240000, 1001747, 1, 0, 0
240100, 1067337, 1, 0, 0
240200, 1068015, 1, 0, 0
240300, 1034908, 1, 0, 0
240400, 1066574, 1, 0, 0
240501, 1065812, 1, 0, 0
240600, 998061, 1, 0, 0
240700, 1024407, 1, 0, 0
240800, 1019831, 1, 0, 0
240900, 1065045, 1, 0, 0
241001, 1025766, 1, 0, 0
241100, 1044433, 1, 0, 0
241200, 1014088, 1, 0, 0
241300, 1071119, 1, 0, 0
241400, 1027694, 1, 0, 0
241500, 987028, 1, 0, 0
241601, 974736, 1, 0, 0
241700, 1004844, 1, 0, 0
241800, 1020133, 1, 0, 0
241900, 1031215, 1, 0, 0
242000, 994984, 1, 0, 0
242100, 965335, 1, 0, 0
242202, 1028777, 1, 0, 0
242300, 1037449, 1, 0, 0
242401, 1029173, 1, 0, 0
242500, 1061104, 1, 0, 0
242600, 1000962, 1, 0, 0
242702, 1030243, 1, 0, 0
242801, 982278, 1, 0, 0
242900, 1011026, 1, 0, 0
243000, 1029302, 1, 0, 0
243100, 1031085, 1, 0, 0
243200, 1003557, 1, 0, 0
243300, 1054222, 1, 0, 0
243400, 991806, 1, 0, 0
243501, 1019893, 1, 0, 0
243600, 1001457, 1, 0, 0
243700, 1045151, 1, 0, 0
243802, 1043738, 1, 0, 0
243900, 1038611, 1, 0, 0
244000, 1072663, 1, 0, 0
244100, 1013691, 1, 0, 0
244200, 1041118, 1, 0, 0
244300, 988296, 1, 0, 0
244400, 982191, 1, 0, 0
244500, 1034537, 1, 0, 0
244600, 1012611, 1, 0, 0
244700, 997371, 1, 0, 0
244800, 1031898, 1, 0, 0
244900, 1026819, 1, 0, 0
245000, 998083, 1, 0, 0
245100, 1024046, 1, 0, 0
245200, 1059853, 1, 0, 0
245300, 1000593, 1, 0, 0
245400, 990828, 1, 0, 0
245500, 1023947, 1, 0, 0
245600, 1028352, 1, 0, 0
245700, 1112043, 1, 0, 0
245800, 1035402, 1, 0, 0
245900, 1028467, 1, 0, 0
246000, 1043661, 1, 0, 0
246100, 1085123, 1, 0, 0
246200, 1012144, 1, 0, 0
246300, 1018328, 1, 0, 0
246400, 1035078, 1, 0, 0
246500, 1031403, 1, 0, 0
246600, 1031163, 1, 0, 0
246700, 1044245, 1, 0, 0
246800, 1026486, 1, 0, 0
246900, 1005354, 1, 0, 0
247000, 1049752, 1, 0, 0
247100, 1051636, 1, 0, 0
247200, 1072811, 1, 0, 0
247300, 1083844, 1, 0, 0
247400, 1093382, 1, 0, 0
247500, 986736, 1, 0, 0
247600, 1057620, 1, 0, 0
247700, 1018483, 1, 0, 0
247800, 1018414, 1, 0, 0
247900, 988043, 1, 0, 0
248000, 1053473, 1, 0, 0
248100, 1067453, 1, 0, 0
248200, 1065322, 1, 0, 0
248300, 1044385, 1, 0, 0
248401, 1022528, 1, 0, 0
248501, 1027363, 1, 0, 0
248600, 1055323, 1, 0, 0
248700, 1047337, 1, 0, 0
248800, 1038671, 1, 0, 0
248901, 1084370, 1, 0, 0
249000, 1052476, 1, 0, 0
249100, 1043352, 1, 0, 0
249200, 1046066, 1, 0, 0
249300, 1012558, 1, 0, 0
249400, 1039605, 1, 0, 0
249500, 1004950, 1, 0, 0
249600, 1011301, 1, 0, 0
249701, 993719, 1, 0, 0
249800, 1002646, 1, 0, 0
249900, 1029085, 1, 0, 0
250000, 1039494, 1, 0, 0
250100, 996116, 1, 0, 0
250200, 1016541, 1, 0, 0
250300, 999005, 1, 0, 0
250400, 986787, 1, 0, 0
250500, 1030657, 1, 0, 0
250600, 1067054, 1, 0, 0
250700, 993562, 1, 0, 0
250801, 1018589, 1, 0, 0
250900, 1006431, 1, 0, 0
251001, 994960, 1, 0, 0
251100, 1030082, 1, 0, 0
251200, 1024686, 1, 0, 0
251300, 1044221, 1, 0, 0
251401, 1070833, 1, 0, 0
251501, 1038696, 1, 0, 0
251600, 1077157, 1, 0, 0
251700, 1022406, 1, 0, 0
251800, 1027893, 1, 0, 0
251900, 1019944, 1, 0, 0
252000, 1000425, 1, 0, 0
252100, 1013308, 1, 0, 0
252201, 1090830, 1, 0, 0
252300, 1012404, 1, 0, 0
252400, 1019667, 1, 0, 0
252500, 986581, 1, 0, 0
252600, 1024307, 1, 0, 0
252700, 1033050, 1, 0, 0
252800, 1013478, 1, 0, 0
252900, 1014084, 1, 0, 0
253000, 1055982, 1, 0, 0
253100, 1055636, 1, 0, 0
253200, 1078639, 1, 0, 0
253300, 989012, 1, 0, 0
253400, 1032176, 1, 0, 0
253500, 1059850, 1, 0, 0
253600, 1064756, 1, 0, 0
253700, 1015385, 1, 0, 0
253800, 1006192, 1, 0, 0
253900, 1036503, 1, 0, 0
254000, 1016603, 1, 0, 0
254100, 1021168, 1, 0, 0
254200, 1000980, 1, 0, 0
254300, 1058021, 1, 0, 0
254400, 1035839, 1, 0, 0
254500, 990301, 1, 0, 0
254600, 1031325, 1, 0, 0
254700, 1036719, 1, 0, 0
254800, 1042640, 1, 0, 0
254900, 1043262, 1, 0, 0
255000, 1026427, 1, 0, 0
255101, 1043027, 1, 0, 0
255200, 998584, 1, 0, 0
255300, 1007834, 1, 0, 0
255400, 977545, 1, 0, 0
255501, 1007745, 1, 0, 0
255601, 1061649, 1, 0, 0
255700, 1030889, 1, 0, 0
255800, 974126, 1, 0, 0
255900, 1006505, 1, 0, 0
256000, 1005380, 1, 0, 0
256100, 991198, 1, 0, 0
256200, 1050339, 1, 0, 0
256300, 948998, 1, 0, 0
256400, 999160, 1, 0, 0
256500, 1009912, 1, 0, 0
256600, 979895, 1, 0, 0
256700, 984881, 1, 0, 0
256801, 1012903, 1, 0, 0
256900, 968769, 1, 0, 0
257000, 1012695, 1, 0, 0
257100, 1038054, 1, 0, 0
257200, 976553, 1, 0, 0
257300, 976617, 1, 0, 0
257400, 997847, 1, 0, 0
257500, 1013897, 1, 0, 0
257601, 1013478, 1, 0, 0
257700, 974089, 1, 0, 0
257800, 1010287, 1, 0, 0
257900, 1039765, 1, 0, 0
258000, 1042432, 1, 0, 0
258100, 1015863, 1, 0, 0
258200, 975149, 1, 0, 0
258300, 990057, 1, 0, 0
258400, 973598, 1, 0, 0
258500, 1002387, 1, 0, 0
258600, 1041630, 1, 0, 0
258700, 1015488, 1, 0, 0
258800, 986337, 1, 0, 0
258900, 1002786, 1, 0, 0
259000, 971382, 1, 0, 0
259100, 1038453, 1, 0, 0
259200, 1001141, 1, 0, 0
259300, 1081055, 1, 0, 0
259400, 973816, 1, 0, 0
259500, 1008721, 1, 0, 0
259600, 1012704, 1, 0, 0
259700, 981087, 1, 0, 0
259800, 978626, 1, 0, 0
259901, 1005945, 1, 0, 0
260000, 996452, 1, 0, 0
260100, 985564, 1, 0, 0
260200, 994386, 1, 0, 0
260300, 962484, 1, 0, 0
260400, 1039276, 1, 0, 0
260501, 976353, 1, 0, 0
260600, 1016289, 1, 0, 0
260700, 1031248, 1, 0, 0
260800, 985513, 1, 0, 0
260900, 1007416, 1, 0, 0
261000, 999592, 1, 0, 0
261100, 1017586, 1, 0, 0
261200, 989150, 1, 0, 0
261300, 1056620, 1, 0, 0
261400, 1002812, 1, 0, 0
261500, 1051561, 1, 0, 0
261600, 988116, 1, 0, 0
261700, 1011706, 1, 0, 0
261801, 1064237, 1, 0, 0
261900, 1015630, 1, 0, 0
262000, 1055359, 1, 0, 0
262100, 1044385, 1, 0, 0
262200, 992872, 1, 0, 0
262301, 994562, 1, 0, 0
262400, 1026775, 1, 0, 0
262500, 993361, 1, 0, 0
262600, 994198, 1, 0, 0
262700, 1008086, 1, 0, 0
262800, 1049651, 1, 0, 0
262901, 1044910, 1, 0, 0
263000, 1002074, 1, 0, 0
263100, 999855, 1, 0, 0
263200, 1005291, 1, 0, 0
263300, 1060108, 1, 0, 0
263400, 999516, 1, 0, 0
263500, 1022213, 1, 0, 0
263600, 1041798, 1, 0, 0
263700, 1031641, 1, 0, 0
263801, 1074190, 1, 0, 0
263900, 1010081, 1, 0, 0
264000, 1002691, 1, 0, 0
264100, 1025197, 1, 0, 0
264200, 966435, 1, 0, 0
264300, 1023363, 1, 0, 0
264400, 1082971, 1, 0, 0
264500, 1049570, 1, 0, 0
264600, 972260, 1, 0, 0
264700, 966934, 1, 0, 0
264800, 1007453, 1, 0, 0
264900, 1011395, 1, 0, 0
265000, 967884, 1, 0, 0
265100, 970597, 1, 0, 0
265200, 995489, 1, 0, 0
265300, 1003577, 1, 0, 0
265400, 977816, 1, 0, 0
265500, 969911, 1, 0, 0
265600, 968303, 1, 0, 0
265700, 1002605, 1, 0, 0
265800, 1017013, 1, 0, 0
265900, 1032109, 1, 0, 0
266000, 1043216, 1, 0, 0
266100, 998925, 1, 0, 0
266200, 952797, 1, 0, 0
266300, 964112, 1, 0, 0
266400, 983554, 1, 0, 0
266500, 993232, 1, 0, 0
266600, 1047659, 1, 0, 0
266700, 1023962, 1, 0, 0
266800, 1013546, 1, 0, 0
266900, 975185, 1, 0, 0
267000, 982815, 1, 0, 0
267100, 1007123, 1, 0, 0
267200, 1010251, 1, 0, 0
267300, 1020558, 1, 0, 0
267400, 987887, 1, 0, 0
267500, 987597, 1, 0, 0
267600, 1017576, 1, 0, 0
267700, 992436, 1, 0, 0
267800, 1051363, 1, 0, 0
267900, 967560, 1, 0, 0
268000, 1012767, 1, 0, 0
268100, 990251, 1, 0, 0
268200, 1017741, 1, 0, 0
268300, 1027200, 1, 0, 0
268400, 1041166, 1, 0, 0
268500, 996627, 1, 0, 0
268600, 1052978, 1, 0, 0
268700, 1020736, 1, 0, 0
268800, 1003165, 1, 0, 0
268900, 1019602, 1, 0, 0
269000, 1029349, 1, 0, 0
269100, 1014618, 1, 0, 0
269200, 980371, 1, 0, 0
269300, 999099, 1, 0, 0
269401, 1026243, 1, 0, 0
269500, 1030604, 1, 0, 0
269600, 992781, 1, 0, 0
269700, 1011876, 1, 0, 0
269800, 1021953, 1, 0, 0
269901, 1026604, 1, 0, 0
270000, 1025667, 1, 0, 0
270100, 1025665, 1, 0, 0
270200, 978984, 1, 0, 0
270300, 990001, 1, 0, 0
270400, 972568, 1, 0, 0
270500, 980903, 1, 0, 0
270600, 1017493, 1, 0, 0
270700, 986782, 1, 0, 0
270800, 995192, 1, 0, 0
270900, 1024316, 1, 0, 0
271000, 1038452, 1, 0, 0
271100, 1007685, 1, 0, 0
271200, 1040838, 1, 0, 0
271300, 1003056, 1, 0, 0
271400, 1044527, 1, 0, 0
271500, 1095093, 1, 0, 0
271600, 999280, 1, 0, 0
271700, 975785, 1, 0, 0
271800, 1002471, 1, 0, 0
271900, 1005891, 1, 0, 0
272000, 1005709, 1, 0, 0
272100, 1017832, 1, 0, 0
272200, 1018586, 1, 0, 0
272300, 1022418, 1, 0, 0
272400, 1013252, 1, 0, 0
272500, 1031535, 1, 0, 0
272600, 1009348, 1, 0, 0
272700, 998356, 1, 0, 0
272800, 1019658, 1, 0, 0
272900, 975511, 1, 0, 0
273000, 967907, 1, 0, 0
273100, 1051756, 1, 0, 0
273200, 965050, 1, 0, 0
273300, 998969, 1, 0, 0
273400, 984032, 1, 0, 0
273500, 1008699, 1, 0, 0
273600, 1059335, 1, 0, 0
273700, 977742, 1, 0, 0
273800, 998582, 1, 0, 0
273900, 975548, 1, 0, 0
274000, 1048420, 1, 0, 0
274100, 942238, 1, 0, 0
274200, 965568, 1, 0, 0
274300, 998798, 1, 0, 0
274401, 1020847, 1, 0, 0
274500, 989647, 1, 0, 0
274600, 1026991, 1, 0, 0
274700, 1043310, 1, 0, 0
274800, 1035074, 1, 0, 0
274900, 1041852, 1, 0, 0
275000, 999990, 1, 0, 0
275100, 1015722, 1, 0, 0
275200, 1024078, 1, 0, 0
275300, 965515, 1, 0, 0
275400, 1025555, 1, 0, 0
275500, 1005867, 1, 0, 0
275600, 1018625, 1, 0, 0
275700, 985308, 1, 0, 0
275800, 980354, 1, 0, 0
275900, 1012848, 1, 0, 0
276000, 1032869, 1, 0, 0
276100, 996168, 1, 0, 0
276200, 987772, 1, 0, 0
276300, 1027125, 1, 0, 0
276400, 1006257, 1, 0, 0
276501, 1030915, 1, 0, 0
276600, 1011164, 1, 0, 0
276700, 1035535, 1, 0, 0
276800, 1034404, 1, 0, 0
276900, 1014542, 1, 0, 0
277000, 1047936, 1, 0, 0
277100, 1001248, 1, 0, 0
277200, 1035388, 1, 0, 0
277300, 976390, 1, 0, 0
277400, 981151, 1, 0, 0
277500, 991819, 1, 0, 0
277600, 1036531, 1, 0, 0
277700, 1000646, 1, 0, 0
277800, 1013092, 1, 0, 0
277900, 983223, 1, 0, 0
278000, 983888, 1, 0, 0
278100, 991609, 1, 0, 0
278200, 1014664, 1, 0, 0
278300, 1023632, 1, 0, 0
278400, 989104, 1, 0, 0
278500, 1044967, 1, 0, 0
278600, 998425, 1, 0, 0
278700, 1071547, 1, 0, 0
278800, 1033338, 1, 0, 0
278900, 1020860, 1, 0, 0
279000, 1022132, 1, 0, 0
279100, 992272, 1, 0, 0
279200, 1020088, 1, 0, 0
279300, 1022695, 1, 0, 0
279401, 1019831, 1, 0, 0
279500, 1020254, 1, 0, 0
279600, 975997, 1, 0, 0
279700, 1011152, 1, 0, 0
279800, 1025524, 1, 0, 0
279900, 1042307, 1, 0, 0
280000, 1002333, 1, 0, 0
280100, 964095, 1, 0, 0
280200, 984036, 1, 0, 0
280300, 1019403, 1, 0, 0
280400, 970744, 1, 0, 0
280500, 967444, 1, 0, 0
280600, 964835, 1, 0, 0
280700, 983343, 1, 0, 0
280800, 997806, 1, 0, 0
280900, 1029196, 1, 0, 0
281000, 1050381, 1, 0, 0
281100, 1071643, 1, 0, 0
281200, 1014674, 1, 0, 0
281300, 1008230, 1, 0, 0
281401, 1056001, 1, 0, 0
281500, 1047151, 1, 0, 0
281600, 1104178, 1, 0, 0
281700, 1035132, 1, 0, 0
281800, 1010940, 1, 0, 0
281900, 1053083, 1, 0, 0
282000, 1014359, 1, 0, 0
282100, 1031924, 1, 0, 0
282200, 1026042, 1, 0, 0
282300, 935783, 1, 0, 0
282400, 1011087, 1, 0, 0
282500, 964544, 1, 0, 0
282600, 1001799, 1, 0, 0
282700, 987829, 1, 0, 0
282800, 1010361, 1, 0, 0
282901, 999335, 1, 0, 0
283000, 1024940, 1, 0, 0
283100, 986384, 1, 0, 0
283200, 999565, 1, 0, 0
283300, 965517, 1, 0, 0
283400, 1015897, 1, 0, 0
283501, 972897, 1, 0, 0
283600, 994481, 1, 0, 0
283700, 1039833, 1, 0, 0
283800, 985013, 1, 0, 0
283900, 1003372, 1, 0, 0
284000, 974670, 1, 0, 0
284100, 1025307, 1, 0, 0
284201, 1029752, 1, 0, 0
284300, 1088757, 1, 0, 0
284400, 1030112, 1, 0, 0
284500, 1012451, 1, 0, 0
284601, 1025461, 1, 0, 0
284700, 1022721, 1, 0, 0
284800, 1008289, 1, 0, 0
284900, 999662, 1, 0, 0
285000, 975224, 1, 0, 0
285100, 974904, 1, 0, 0
285200, 966277, 1, 0, 0
285300, 1005294, 1, 0, 0
285401, 998481, 1, 0, 0
285500, 991794, 1, 0, 0
285600, 998689, 1, 0, 0
285700, 1004299, 1, 0, 0
285800, 1065026, 1, 0, 0
285900, 956152, 1, 0, 0
286000, 982562, 1, 0, 0
286100, 968780, 1, 0, 0
286200, 985439, 1, 0, 0
286300, 1004881, 1, 0, 0
286400, 1050744, 1, 0, 0
286500, 1001347, 1, 0, 0
286600, 1025198, 1, 0, 0
286700, 1008148, 1, 0, 0
286801, 1024741, 1, 0, 0
286900, 956037, 1, 0, 0
287000, 974085, 1, 0, 0
287100, 990145, 1, 0, 0
287200, 1001637, 1, 0, 0
287300, 1007494, 1, 0, 0
287400, 1032774, 1, 0, 0
287500, 1018703, 1, 0, 0
287600, 1003002, 1, 0, 0
287700, 1050585, 1, 0, 0
287800, 1003508, 1, 0, 0
287900, 1012574, 1, 0, 0
288000, 1028232, 1, 0, 0
288100, 1009593, 1, 0, 0
288200, 1022944, 1, 0, 0
288300, 1019074, 1, 0, 0
288400, 1038995, 1, 0, 0
288500, 990508, 1, 0, 0
288600, 989419, 1, 0, 0
288700, 996093, 1, 0, 0
288800, 998845, 1, 0, 0
288900, 1007308, 1, 0, 0
289000, 1003673, 1, 0, 0
289100, 1068434, 1, 0, 0
289200, 979055, 1, 0, 0
289300, 967156, 1, 0, 0
289400, 1014321, 1, 0, 0
289500, 979294, 1, 0, 0
289600, 990515, 1, 0, 0
289700, 1007354, 1, 0, 0
289800, 1003010, 1, 0, 0
289900, 986940, 1, 0, 0
290000, 1035067, 1, 0, 0
290100, 1018115, 1, 0, 0
290200, 1013296, 1, 0, 0
290300, 1032350, 1, 0, 0
290400, 1016217, 1, 0, 0
290500, 1013999, 1, 0, 0
290600, 1007553, 1, 0, 0
290700, 1012668, 1, 0, 0
290800, 1013869, 1, 0, 0
290900, 1030857, 1, 0, 0
291000, 994918, 1, 0, 0
291101, 1017776, 1, 0, 0
291200, 1023784, 1, 0, 0
291300, 1014263, 1, 0, 0
291400, 1047212, 1, 0, 0
291500, 970319, 1, 0, 0
291600, 976536, 1, 0, 0
291700, 1011988, 1, 0, 0
291800, 1008862, 1, 0, 0
291900, 983752, 1, 0, 0
292000, 941194, 1, 0, 0
292100, 1061081, 1, 0, 0
292200, 1013665, 1, 0, 0
292300, 1031362, 1, 0, 0
292400, 961842, 1, 0, 0
292500, 1012797, 1, 0, 0
292600, 1050187, 1, 0, 0
292700, 1023367, 1, 0, 0
292800, 985567, 1, 0, 0
292900, 1064467, 1, 0, 0
293000, 1010778, 1, 0, 0
293100, 1030358, 1, 0, 0
293200, 1038315, 1, 0, 0
293300, 1016250, 1, 0, 0
293400, 1004656, 1, 0, 0
293500, 1033463, 1, 0, 0
293600, 1023803, 1, 0, 0
293700, 997577, 1, 0, 0
293800, 1002853, 1, 0, 0
293900, 984024, 1, 0, 0
294000, 1038646, 1, 0, 0
294100, 1052628, 1, 0, 0
294200, 1015661, 1, 0, 0
294300, 1018810, 1, 0, 0
294401, 995123, 1, 0, 0
294500, 1039047, 1, 0, 0
294600, 988756, 1, 0, 0
294700, 1006728, 1, 0, 0
294800, 1004089, 1, 0, 0
294900, 988320, 1, 0, 0
295000, 1099346, 1, 0, 0
295100, 1043174, 1, 0, 0
295200, 1001197, 1, 0, 0
295300, 1067702, 1, 0, 0
295400, 986612, 1, 0, 0
295500, 1028224, 1, 0, 0
295600, 951266, 1, 0, 0
295700, 1029780, 1, 0, 0
295800, 1010556, 1, 0, 0
295900, 1044057, 1, 0, 0
296000, 986292, 1, 0, 0
296100, 1034559, 1, 0, 0
296200, 1022479, 1, 0, 0
296301, 1048584, 1, 0, 0
296400, 1014179, 1, 0, 0
296500, 992388, 1, 0, 0
296600, 986817, 1, 0, 0
296700, 1011414, 1, 0, 0
296800, 992082, 1, 0, 0
296900, 987637, 1, 0, 0
297000, 988881, 1, 0, 0
297100, 980200, 1, 0, 0
297200, 1044882, 1, 0, 0
297300, 959073, 1, 0, 0
297400, 997051, 1, 0, 0
297500, 1001263, 1, 0, 0
297600, 1027747, 1, 0, 0
297700, 980702, 1, 0, 0
297800, 1022567, 1, 0, 0
297900, 1019994, 1, 0, 0
298000, 1010890, 1, 0, 0
298100, 979966, 1, 0, 0
298200, 992420, 1, 0, 0
298301, 1038664, 1, 0, 0
298400, 992794, 1, 0, 0
298501, 1049303, 1, 0, 0
298600, 1023618, 1, 0, 0
298700, 994592, 1, 0, 0
298800, 1013917, 1, 0, 0
298900, 982866, 1, 0, 0
299000, 1050046, 1, 0, 0
299100, 1025338, 1, 0, 0
299200, 1049702, 1, 0, 0
299300, 1028507, 1, 0, 0
299400, 1026147, 1, 0, 0
299500, 1047998, 1, 0, 0
299600, 1034798, 1, 0, 0
299700, 1045906, 1, 0, 0
299800, 988664, 1, 0, 0
299900, 998290, 1, 0, 0
300000, 1035722, 1, 0, 0
300100, 1007223, 1, 0, 0
300200, 975527, 1, 0, 0
300300, 1012635, 1, 0, 0
300400, 1025060, 1, 0, 0
300500, 1010633, 1, 0, 0
300600, 1050759, 1, 0, 0
300700, 1036092, 1, 0, 0
300800, 999144, 1, 0, 0
300900, 1030743, 1, 0, 0
301000, 999157, 1, 0, 0
301100, 1013402, 1, 0, 0
301200, 993087, 1, 0, 0
301301, 1001668, 1, 0, 0
301400, 966729, 1, 0, 0
301500, 985948, 1, 0, 0
301600, 998542, 1, 0, 0
301700, 1028345, 1, 0, 0
301800, 997009, 1, 0, 0
301900, 1075214, 1, 0, 0
302000, 1004833, 1, 0, 0
302100, 1033552, 1, 0, 0
302201, 1042930, 1, 0, 0
302300, 1010265, 1, 0, 0
302400, 1014402, 1, 0, 0
302500, 995324, 1, 0, 0
302600, 986956, 1, 0, 0
302700, 1003569, 1, 0, 0
302800, 1043722, 1, 0, 0
302900, 986022, 1, 0, 0
303000, 1010155, 1, 0, 0
303100, 1018739, 1, 0, 0
303200, 1024377, 1, 0, 0
303300, 999946, 1, 0, 0
303400, 1015691, 1, 0, 0
303500, 982860, 1, 0, 0
303600, 1016756, 1, 0, 0
303700, 1048075, 1, 0, 0
303800, 1023609, 1, 0, 0
303900, 991453, 1, 0, 0
304000, 1010745, 1, 0, 0
304100, 1041420, 1, 0, 0
304200, 969652, 1, 0, 0
304300, 995577, 1, 0, 0
304400, 982189, 1, 0, 0
304500, 1025950, 1, 0, 0
304600, 1000484, 1, 0, 0
304701, 1067144, 1, 0, 0
304800, 1038970, 1, 0, 0
304900, 1022555, 1, 0, 0
305000, 1041956, 1, 0, 0
305100, 1049947, 1, 0, 0
305200, 983835, 1, 0, 0
305300, 989967, 1, 0, 0
305400, 1007705, 1, 0, 0
305500, 1009588, 1, 0, 0
305600, 1071005, 1, 0, 0
305700, 1012841, 1, 0, 0
305800, 959360, 1, 0, 0
305900, 993131, 1, 0, 0
306000, 982480, 1, 0, 0
306100, 997958, 1, 0, 0
306200, 1014662, 1, 0, 0
306300, 1044401, 1, 0, 0
306400, 1093572, 1, 0, 0
306500, 1055149, 1, 0, 0
306600, 993929, 1, 0, 0
306700, 999382, 1, 0, 0
306800, 1037318, 1, 0, 0
306900, 1032531, 1, 0, 0
307000, 1051785, 1, 0, 0
307100, 1014338, 1, 0, 0
307200, 975265, 1, 0, 0
307300, 1015208, 1, 0, 0
307400, 999131, 1, 0, 0
307500, 1002575, 1, 0, 0
307600, 1014052, 1, 0, 0
307700, 1024067, 1, 0, 0
307800, 1027266, 1, 0, 0
307900, 1026417, 1, 0, 0
308000, 983042, 1, 0, 0
308100, 1049108, 1, 0, 0
308200, 1004113, 1, 0, 0
308300, 983361, 1, 0, 0
308400, 1068619, 1, 0, 0
308501, 1009673, 1, 0, 0
308600, 1027103, 1, 0, 0
308700, 1014031, 1, 0, 0
308801, 1011515, 1, 0, 0
308900, 1020439, 1, 0, 0
309000, 1018387, 1, 0, 0
309101, 1015741, 1, 0, 0
309200, 987582, 1, 0, 0
309300, 1027871, 1, 0, 0
309400, 970434, 1, 0, 0
309500, 998124, 1, 0, 0
309600, 1019592, 1, 0, 0
309700, 1011698, 1, 0, 0
309800, 1024261, 1, 0, 0
309900, 1011958, 1, 0, 0
310000, 1032080, 1, 0, 0
310100, 951472, 1, 0, 0
310200, 1002663, 1, 0, 0
310300, 1007678, 1, 0, 0
310400, 1017673, 1, 0, 0
310500, 1072764, 1, 0, 0
310600, 972329, 1, 0, 0
310701, 984163, 1, 0, 0
310800, 1012406, 1, 0, 0
310900, 1025035, 1, 0, 0
311000, 1013065, 1, 0, 0
311100, 997757, 1, 0, 0
311200, 975876, 1, 0, 0
311300, 949380, 1, 0, 0
311400, 1037409, 1, 0, 0
311500, 1005294, 1, 0, 0
311600, 1004145, 1, 0, 0
311700, 986075, 1, 0, 0
311800, 1006341, 1, 0, 0
311900, 1012072, 1, 0, 0
312000, 1017710, 1, 0, 0
312100, 991117, 1, 0, 0
312200, 1019524, 1, 0, 0
312300, 1052821, 1, 0, 0
312400, 1013150, 1, 0, 0
312500, 995087, 1, 0, 0
312600, 970815, 1, 0, 0
312700, 1025437, 1, 0, 0
312800, 995577, 1, 0, 0
312900, 1015508, 1, 0, 0
313000, 1011083, 1, 0, 0
313100, 1030580, 1, 0, 0
313200, 1040356, 1, 0, 0
313300, 995285, 1, 0, 0
313401, 1063527, 1, 0, 0
313500, 1031039, 1, 0, 0
313600, 1049635, 1, 0, 0
313700, 1026387, 1, 0, 0
313800, 999632, 1, 0, 0
313900, 1079643, 1, 0, 0
314000, 1015972, 1, 0, 0
314100, 1045953, 1, 0, 0
314200, 1021572, 1, 0, 0
314300, 960531, 1, 0, 0
314400, 989101, 1, 0, 0
314500, 994709, 1, 0, 0
314600, 1017484, 1, 0, 0
314700, 998227, 1, 0, 0
314800, 984965, 1, 0, 0
314900, 1015190, 1, 0, 0
315000, 1022169, 1, 0, 0
315100, 1036296, 1, 0, 0
315200, 1060646, 1, 0, 0
315300, 1006610, 1, 0, 0
315400, 1026841, 1, 0, 0
315500, 981544, 1, 0, 0
315600, 1041229, 1, 0, 0
315700, 1051242, 1, 0, 0
315800, 1033097, 1, 0, 0
315901, 1028507, 1, 0, 0
316000, 991941, 1, 0, 0
316100, 996160, 1, 0, 0
316200, 1070475, 1, 0, 0
316300, 1015342, 1, 0, 0
316400, 1014756, 1, 0, 0
316500, 1040037, 1, 0, 0
316600, 1019342, 1, 0, 0
316700, 1035503, 1, 0, 0
316801, 1076215, 1, 0, 0
316900, 1004221, 1, 0, 0
317000, 1018010, 1, 0, 0
317100, 1042785, 1, 0, 0
317200, 1027898, 1, 0, 0
317300, 1108793, 1, 0, 0
317400, 1022674, 1, 0, 0
317500, 1067005, 1, 0, 0
317600, 993435, 1, 0, 0
317700, 1045916, 1, 0, 0
317800, 1024510, 1, 0, 0
317900, 1041007, 1, 0, 0
318000, 1023024, 1, 0, 0
318100, 1073193, 1, 0, 0
318200, 1044088, 1, 0, 0
318300, 1014625, 1, 0, 0
318400, 1115788, 1, 0, 0
318500, 1014773, 1, 0, 0
318600, 1009985, 1, 0, 0
318700, 1061534, 1, 0, 0
318800, 1007900, 1, 0, 0
318900, 1022455, 1, 0, 0
319000, 1023361, 1, 0, 0
319100, 1024406, 1, 0, 0
319200, 1116416, 1, 0, 0
319300, 1086770, 1, 0, 0
319400, 1068848, 1, 0, 0
319500, 1043547, 1, 0, 0
319600, 1030434, 1, 0, 0
319700, 1039130, 1, 0, 0
319800, 1031357, 1, 0, 0
319900, 976917, 1, 0, 0
320000, 1039896, 1, 0, 0
320100, 1052678, 1, 0, 0
320201, 1025125, 1, 0, 0
320300, 1057934, 1, 0, 0
320400, 1038548, 1, 0, 0
320500, 1003367, 1, 0, 0
320600, 1003139, 1, 0, 0
320700, 1024279, 1, 0, 0
320801, 1026499, 1, 0, 0
320900, 1001566, 1, 0, 0
321001, 1013296, 1, 0, 0
321100, 999896, 1, 0, 0
321200, 981636, 1, 0, 0
321300, 1073846, 1, 0, 0
321400, 994122, 1, 0, 0
321500, 1032718, 1, 0, 0
321600, 1053399, 1, 0, 0
321700, 1016463, 1, 0, 0
321801, 1045913, 1, 0, 0
321900, 1039271, 1, 0, 0
322000, 1045198, 1, 0, 0
322100, 1020936, 1, 0, 0
322200, 989469, 1, 0, 0
322300, 1013782, 1, 0, 0
322400, 1085801, 1, 0, 0
322500, 1012191, 1, 0, 0
322600, 1040265, 1, 0, 0
322700, 1034864, 1, 0, 0
322800, 997876, 1, 0, 0
322900, 1002506, 1, 0, 0
323000, 1051440, 1, 0, 0
323100, 1040825, 1, 0, 0
323202, 1026751, 1, 0, 0
323300, 1033796, 1, 0, 0
323400, 1018256, 1, 0, 0
323500, 1033982, 1, 0, 0
323600, 1091487, 1, 0, 0
323701, 1011171, 1, 0, 0
323800, 1010830, 1, 0, 0
323900, 1007513, 1, 0, 0
324000, 1059725, 1, 0, 0
324100, 1036559, 1, 0, 0
324201, 992729, 1, 0, 0
324300, 1074490, 1, 0, 0
324400, 1024810, 1, 0, 0
324500, 1061667, 1, 0, 0
324600, 1034788, 1, 0, 0
324700, 1096272, 1, 0, 0
324801, 1057738, 1, 0, 0
324900, 1087005, 1, 0, 0
325000, 1061044, 1, 0, 0
325100, 1023942, 1, 0, 0
325200, 1036344, 1, 0, 0
325301, 1084252, 1, 0, 0
325400, 1036748, 1, 0, 0
325500, 984160, 1, 0, 0
325600, 997576, 1, 0, 0
325700, 979812, 1, 0, 0
325800, 981964, 1, 0, 0
325900, 990862, 1, 0, 0
326001, 1019987, 1, 0, 0
326100, 1001139, 1, 0, 0
326200, 991706, 1, 0, 0
326300, 995081, 1, 0, 0
326400, 948782, 1, 0, 0
326500, 975947, 1, 0, 0
326600, 987779, 1, 0, 0
326700, 975516, 1, 0, 0
326801, 1008627, 1, 0, 0
326900, 967817, 1, 0, 0
327000, 981528, 1, 0, 0
327100, 1024557, 1, 0, 0
327200, 971679, 1, 0, 0
327300, 990433, 1, 0, 0
327400, 1044328, 1, 0, 0
327500, 1022915, 1, 0, 0
327600, 959023, 1, 0, 0
327700, 974028, 1, 0, 0
327800, 953492, 1, 0, 0
327900, 1015460, 1, 0, 0
328000, 1014778, 1, 0, 0
328100, 994240, 1, 0, 0
328200, 1040692, 1, 0, 0
328300, 1033567, 1, 0, 0
328400, 996774, 1, 0, 0
328500, 974762, 1, 0, 0
328600, 1002479, 1, 0, 0
328701, 981241, 1, 0, 0
328800, 1002837, 1, 0, 0
328900, 978891, 1, 0, 0
329000, 1042058, 1, 0, 0
329100, 1014200, 1, 0, 0
329200, 996860, 1, 0, 0
329300, 1006333, 1, 0, 0
329400, 986898, 1, 0, 0
329500, 1012783, 1, 0, 0
329600, 1033888, 1, 0, 0
329700, 970169, 1, 0, 0
329800, 1016772, 1, 0, 0
329900, 1000260, 1, 0, 0
330000, 1000412, 1, 0, 0
330100, 992831, 1, 0, 0
330200, 997386, 1, 0, 0
330300, 982479, 1, 0, 0
330400, 983317, 1, 0, 0
330500, 1000985, 1, 0, 0
330600, 1019175, 1, 0, 0
330700, 967620, 1, 0, 0
330800, 1007577, 1, 0, 0
330900, 982816, 1, 0, 0
331000, 986990, 1, 0, 0
331100, 979652, 1, 0, 0
331200, 996071, 1, 0, 0
331300, 1043568, 1, 0, 0
331400, 999201, 1, 0, 0
331500, 1020616, 1, 0, 0
331600, 1007384, 1, 0, 0
331700, 1008135, 1, 0, 0
331800, 1033513, 1, 0, 0
331900, 955200, 1, 0, 0
332000, 1020741, 1, 0, 0
332100, 1004192, 1, 0, 0
332200, 981654, 1, 0, 0
332300, 1025420, 1, 0, 0
332400, 991795, 1, 0, 0
332500, 1068711, 1, 0, 0
332600, 997107, 1, 0, 0
332700, 977983, 1, 0, 0
332800, 983154, 1, 0, 0
332900, 1006302, 1, 0, 0
333000, 983685, 1, 0, 0
333100, 982044, 1, 0, 0
333201, 1009800, 1, 0, 0
333301, 1002555, 1, 0, 0
333400, 992529, 1, 0, 0
333500, 989461, 1, 0, 0
333600, 965371, 1, 0, 0
333700, 994195, 1, 0, 0
333800, 1008011, 1, 0, 0
333900, 990501, 1, 0, 0
334001, 1034411, 1, 0, 0
334100, 1025174, 1, 0, 0
334200, 1003106, 1, 0, 0
334300, 987882, 1, 0, 0
334400, 949555, 1, 0, 0
334500, 988950, 1, 0, 0
334600, 992881, 1, 0, 0
334701, 1002748, 1, 0, 0
334800, 1037965, 1, 0, 0
334900, 1043400, 1, 0, 0
335000, 1035245, 1, 0, 0
335100, 1028327, 1, 0, 0
335200, 997459, 1, 0, 0
335300, 1046523, 1, 0, 0
335400, 1033629, 1, 0, 0
335500, 969585, 1, 0, 0
335600, 1014961, 1, 0, 0
335701, 1014120, 1, 0, 0
335800, 1056866, 1, 0, 0
335900, 1005006, 1, 0, 0
336000, 962745, 1, 0, 0
336100, 986206, 1, 0, 0
336200, 981942, 1, 0, 0
336300, 1000117, 1, 0, 0
336400, 1005768, 1, 0, 0
336500, 1007166, 1, 0, 0
336600, 1007915, 1, 0, 0
336700, 1005507, 1, 0, 0
336800, 989111, 1, 0, 0
336900, 995881, 1, 0, 0
337000, 987663, 1, 0, 0
337100, 977484, 1, 0, 0
337201, 976398, 1, 0, 0
337300, 999094, 1, 0, 0
337400, 1006955, 1, 0, 0
337500, 980485, 1, 0, 0
337600, 998569, 1, 0, 0
337700, 988732, 1, 0, 0
337800, 1022712, 1, 0, 0
337900, 1005915, 1, 0, 0
338000, 971963, 1, 0, 0
338101, 1030063, 1, 0, 0
338200, 1013939, 1, 0, 0
338300, 1002384, 1, 0, 0
338400, 1003409, 1, 0, 0
338500, 1004732, 1, 0, 0
338600, 1072728, 1, 0, 0
338700, 1032900, 1, 0, 0
338800, 1024018, 1, 0, 0
338900, 1002965, 1, 0, 0
339000, 1015759, 1, 0, 0
339100, 1009834, 1, 0, 0
339200, 1028295, 1, 0, 0
339300, 998429, 1, 0, 0
339400, 965758, 1, 0, 0
339500, 1028344, 1, 0, 0
339600, 987918, 1, 0, 0
339700, 1008742, 1, 0, 0
339800, 986397, 1, 0, 0
339901, 1008289, 1, 0, 0
340000, 1015888, 1, 0, 0
340100, 1012727, 1, 0, 0
340200, 997294, 1, 0, 0
340300, 951519, 1, 0, 0
340400, 982525, 1, 0, 0
340501, 1074377, 1, 0, 0
340600, 1009616, 1, 0, 0
340700, 1035624, 1, 0, 0
340800, 991284, 1, 0, 0
340900, 979213, 1, 0, 0
341000, 986801, 1, 0, 0
341100, 1002600, 1, 0, 0
341200, 1034109, 1, 0, 0
341300, 1042708, 1, 0, 0
341400, 974293, 1, 0, 0
341500, 989372, 1, 0, 0
341600, 963134, 1, 0, 0
341700, 1018203, 1, 0, 0
341800, 997863, 1, 0, 0
341900, 981189, 1, 0, 0
342000, 1007794, 1, 0, 0
342100, 967340, 1, 0, 0
342200, 1046000, 1, 0, 0
342300, 1024281, 1, 0, 0
342400, 1027196, 1, 0, 0
342500, 1044380, 1, 0, 0
342600, 1002342, 1, 0, 0
342700, 1038656, 1, 0, 0
342800, 983589, 1, 0, 0
342900, 1019980, 1, 0, 0
343000, 1033076, 1, 0, 0
343100, 1075648, 1, 0, 0
343200, 1003741, 1, 0, 0
343301, 969067, 1, 0, 0
343400, 993949, 1, 0, 0
343500, 1022874, 1, 0, 0
343600, 1022179, 1, 0, 0
343700, 987897, 1, 0, 0
343800, 995062, 1, 0, 0
343900, 998726, 1, 0, 0
344000, 1027918, 1, 0, 0
344100, 979436, 1, 0, 0
344200, 1001188, 1, 0, 0
344300, 970399, 1, 0, 0
344400, 1029021, 1, 0, 0
344500, 985924, 1, 0, 0
344600, 1056847, 1, 0, 0
344700, 974970, 1, 0, 0
344800, 1027704, 1, 0, 0
344900, 979521, 1, 0, 0
345000, 985646, 1, 0, 0
345100, 985026, 1, 0, 0
345200, 1025151, 1, 0, 0
345300, 943909, 1, 0, 0
345400, 969495, 1, 0, 0
345500, 991111, 1, 0, 0
345600, 1063019, 1, 0, 0
345700, 989964, 1, 0, 0
345800, 989934, 1, 0, 0
345900, 1006155, 1, 0, 0
346000, 1025349, 1, 0, 0
346100, 1001216, 1, 0, 0
346200, 959469, 1, 0, 0
346300, 1028943, 1, 0, 0
346400, 995408, 1, 0, 0
346500, 950912, 1, 0, 0
346600, 1065822, 1, 0, 0
346700, 987225, 1, 0, 0
346800, 984918, 1, 0, 0
346900, 967430, 1, 0, 0
347000, 957794, 1, 0, 0
347100, 962849, 1, 0, 0
347200, 988979, 1, 0, 0
347300, 992687, 1, 0, 0
347401, 1008116, 1, 0, 0
347500, 993840, 1, 0, 0
347600, 1001242, 1, 0, 0
347702, 1010662, 1, 0, 0
347800, 1009819, 1, 0, 0
347900, 983135, 1, 0, 0
348000, 952863, 1, 0, 0
348100, 993536, 1, 0, 0
348200, 1015459, 1, 0, 0
348300, 1034144, 1, 0, 0
348400, 1038356, 1, 0, 0
348500, 1016236, 1, 0, 0
348600, 972688, 1, 0, 0
348700, 996612, 1, 0, 0
348800, 980151, 1, 0, 0
348900, 987092, 1, 0, 0
349000, 976047, 1, 0, 0
349100, 1018088, 1, 0, 0
349200, 980670, 1, 0, 0
349300, 1059996, 1, 0, 0
349400, 1020208, 1, 0, 0
349501, 962055, 1, 0, 0
349600, 1015740, 1, 0, 0
349700, 1014460, 1, 0, 0
349800, 1027569, 1, 0, 0
349900, 961649, 1, 0, 0
350000, 1008545, 1, 0, 0
350100, 973619, 1, 0, 0
350200, 1032463, 1, 0, 0
350300, 1010380, 1, 0, 0
350401, 1038660, 1, 0, 0
350501, 1011660, 1, 0, 0
350600, 981966, 1, 0, 0
350700, 987837, 1, 0, 0
350800, 988273, 1, 0, 0
350900, 1032381, 1, 0, 0
351001, 984998, 1, 0, 0
351100, 977566, 1, 0, 0
351200, 989449, 1, 0, 0
351300, 983892, 1, 0, 0
351400, 983021, 1, 0, 0
351501, 983944, 1, 0, 0
351600, 1023915, 1, 0, 0
351700, 1040701, 1, 0, 0
351800, 1035302, 1, 0, 0
351900, 1048051, 1, 0, 0
352000, 999638, 1, 0, 0
352101, 1017632, 1, 0, 0
352200, 993863, 1, 0, 0
352300, 1036740, 1, 0, 0
352400, 1060650, 1, 0, 0
352500, 1023794, 1, 0, 0
352600, 1069311, 1, 0, 0
352700, 1018479, 1, 0, 0
352800, 1004039, 1, 0, 0
352900, 1023800, 1, 0, 0
353000, 996544, 1, 0, 0
353101, 1037192, 1, 0, 0
353200, 998505, 1, 0, 0
353300, 974590, 1, 0, 0
353400, 1032031, 1, 0, 0
353500, 984525, 1, 0, 0
353600, 969899, 1, 0, 0
353700, 988981, 1, 0, 0
353800, 1041733, 1, 0, 0
353900, 1022203, 1, 0, 0
354000, 1027875, 1, 0, 0
354100, 1034698, 1, 0, 0
354201, 1007880, 1, 0, 0
354300, 1018997, 1, 0, 0
354400, 1016481, 1, 0, 0
354500, 1035938, 1, 0, 0
354600, 1033709, 1, 0, 0
354700, 1063225, 1, 0, 0
354800, 997713, 1, 0, 0
354900, 1012168, 1, 0, 0
355000, 1027625, 1, 0, 0
355100, 1058032, 1, 0, 0
355200, 1056346, 1, 0, 0
355300, 1082799, 1, 0, 0
355401, 1012779, 1, 0, 0
355500, 1045908, 1, 0, 0
355600, 1031142, 1, 0, 0
355700, 1057699, 1, 0, 0
355800, 1050084, 1, 0, 0
355900, 1030089, 1, 0, 0
356000, 1047856, 1, 0, 0
356100, 1042440, 1, 0, 0
356200, 1070035, 1, 0, 0
356300, 1029050, 1, 0, 0
356400, 1002927, 1, 0, 0
356500, 1040583, 1, 0, 0
356601, 1053779, 1, 0, 0
356700, 1016722, 1, 0, 0
356800, 958102, 1, 0, 0
356900, 1046045, 1, 0, 0
357000, 1028270, 1, 0, 0
357100, 1017003, 1, 0, 0
357200, 982988, 1, 0, 0
357300, 1023594, 1, 0, 0
357400, 1046075, 1, 0, 0
357500, 1033034, 1, 0, 0
357600, 1039429, 1, 0, 0
357700, 1024213, 1, 0, 0
357800, 1045981, 1, 0, 0
357900, 1009443, 1, 0, 0
358000, 1017808, 1, 0, 0
358100, 1014039, 1, 0, 0
358200, 1043544, 1, 0, 0
358300, 1040129, 1, 0, 0
358400, 1054898, 1, 0, 0
358500, 1013700, 1, 0, 0
358600, 1030055, 1, 0, 0
358700, 1078689, 1, 0, 0
358800, 1025534, 1, 0, 0
358900, 1041692, 1, 0, 0
359000, 1038531, 1, 0, 0
359100, 1062902, 1, 0, 0
359200, 1008452, 1, 0, 0
359300, 1035361, 1, 0, 0
359400, 1030201, 1, 0, 0
359502, 1034703, 1, 0, 0
359600, 1006133, 1, 0, 0
359701, 1062827, 1, 0, 0
359800, 1103502, 1, 0, 0
359901, 1066960, 1, 0, 0
360000, 966368, 1, 0, 0
360100, 1027727, 1, 0, 0
360200, 984971, 1, 0, 0
360300, 1030113, 1, 0, 0
360400, 1043077, 1, 0, 0
360500, 1003029, 1, 0, 0
360600, 990156, 1, 0, 0
360700, 1016522, 1, 0, 0
360800, 989826, 1, 0, 0
360900, 1028643, 1, 0, 0
361000, 1026047, 1, 0, 0
361100, 1000717, 1, 0, 0
361200, 998831, 1, 0, 0
361300, 1052386, 1, 0, 0
361400, 1051954, 1, 0, 0
361500, 1044585, 1, 0, 0
361600, 1021298, 1, 0, 0
361700, 1028949, 1, 0, 0
361800, 1047312, 1, 0, 0
361900, 1040461, 1, 0, 0
362000, 1111902, 1, 0, 0
362100, 1052248, 1, 0, 0
362200, 1013684, 1, 0, 0
362300, 1010193, 1, 0, 0
362400, 1039000, 1, 0, 0
362500, 1015697, 1, 0, 0
362600, 1015819, 1, 0, 0
362700, 1004189, 1, 0, 0
362800, 1046479, 1, 0, 0
362900, 1022713, 1, 0, 0
363000, 1008699, 1, 0, 0
363100, 1009302, 1, 0, 0
363200, 1065280, 1, 0, 0
363300, 1000254, 1, 0, 0
363400, 1044208, 1, 0, 0
363500, 1027791, 1, 0, 0
363600, 1051676, 1, 0, 0
363700, 1014179, 1, 0, 0
363800, 1072823, 1, 0, 0
363900, 1021939, 1, 0, 0
364001, 1024750, 1, 0, 0
364100, 1019955, 1, 0, 0
364200, 1009640, 1, 0, 0
364300, 1015537, 1, 0, 0
364400, 983500, 1, 0, 0
364501, 1044673, 1, 0, 0
364600, 1042223, 1, 0, 0
364700, 1025626, 1, 0, 0
364800, 1034414, 1, 0, 0
364900, 1054625, 1, 0, 0
365000, 1031282, 1, 0, 0
365101, 1071429, 1, 0, 0
365200, 1080941, 1, 0, 0
365300, 1017449, 1, 0, 0
365400, 1106124, 1, 0, 0
365500, 1033034, 1, 0, 0
365600, 1071167, 1, 0, 0
365700, 1081723, 1, 0, 0
365800, 1007258, 1, 0, 0
365900, 1019184, 1, 0, 0
366000, 1001610, 1, 0, 0
366100, 1045526, 1, 0, 0
366200, 1016439, 1, 0, 0
366300, 1009995, 1, 0, 0
366400, 1010469, 1, 0, 0
366500, 1012863, 1, 0, 0
366600, 1034367, 1, 0, 0
366701, 1069813, 1, 0, 0
366800, 1023761, 1, 0, 0
366900, 1082873, 1, 0, 0
367000, 1029530, 1, 0, 0
367100, 1024678, 1, 0, 0
367200, 1004673, 1, 0, 0
367300, 1016094, 1, 0, 0
367400, 1031245, 1, 0, 0
367500, 1028927, 1, 0, 0
367600, 961168, 1, 0, 0
367700, 1007604, 1, 0, 0
367800, 1028808, 1, 0, 0
367900, 993712, 1, 0, 0
368000, 1030105, 1, 0, 0
368100, 984977, 1, 0, 0
368201, 996856, 1, 0, 0
368300, 1020269, 1, 0, 0
368400, 1037759, 1, 0, 0
368500, 956668, 1, 0, 0
368600, 1015453, 1, 0, 0
368700, 994091, 1, 0, 0
368801, 1044147, 1, 0, 0
368900, 1014274, 1, 0, 0
369000, 1009077, 1, 0, 0
369100, 1005981, 1, 0, 0
369200, 1008629, 1, 0, 0
369300, 1003234, 1, 0, 0
369400, 981056, 1, 0, 0
369500, 1019107, 1, 0, 0
369600, 987816, 1, 0, 0
369700, 969262, 1, 0, 0
369800, 1009843, 1, 0, 0
369901, 1015052, 1, 0, 0
370000, 1002510, 1, 0, 0
370100, 1019381, 1, 0, 0
370200, 1019208, 1, 0, 0
370300, 975063, 1, 0, 0
370400, 1019406, 1, 0, 0
370500, 1086464, 1, 0, 0
370600, 1031517, 1, 0, 0
370700, 995464, 1, 0, 0
370800, 1030302, 1, 0, 0
370900, 1041389, 1, 0, 0
371000, 1011136, 1, 0, 0
371100, 980284, 1, 0, 0
371200, 1040723, 1, 0, 0
371300, 999924, 1, 0, 0
371400, 1025445, 1, 0, 0
371500, 1018710, 1, 0, 0
371600, 1049258, 1, 0, 0
371700, 987568, 1, 0, 0
371800, 991472, 1, 0, 0
371901, 993876, 1, 0, 0
372000, 996906, 1, 0, 0
372100, 975238, 1, 0, 0
372200, 1000075, 1, 0, 0
372300, 1047291, 1, 0, 0
372400, 994806, 1, 0, 0
372500, 1010793, 1, 0, 0
372600, 1024726, 1, 0, 0
372700, 1041976, 1, 0, 0
372800, 1015768, 1, 0, 0
372900, 1035877, 1, 0, 0
373000, 1003065, 1, 0, 0
373100, 1065786, 1, 0, 0
373200, 993227, 1, 0, 0
373300, 1016491, 1, 0, 0
373400, 994124, 1, 0, 0
373500, 1039321, 1, 0, 0
373600, 1012385, 1, 0, 0
373700, 992266, 1, 0, 0
373800, 1033232, 1, 0, 0
373900, 1037965, 1, 0, 0
374001, 1054860, 1, 0, 0
374100, 1014569, 1, 0, 0
374200, 1077087, 1, 0, 0
374300, 1071644, 1, 0, 0
374400, 1054763, 1, 0, 0
374500, 995195, 1, 0, 0
374600, 969802, 1, 0, 0
374700, 1022524, 1, 0, 0
374800, 969710, 1, 0, 0
374900, 995861, 1, 0, 0
375000, 977909, 1, 0, 0
375100, 1019163, 1, 0, 0
375200, 1020144, 1, 0, 0
375300, 989838, 1, 0, 0
375400, 978310, 1, 0, 0
375500, 1008163, 1, 0, 0
375600, 1004861, 1, 0, 0
375700, 965743, 1, 0, 0
375800, 1011916, 1, 0, 0
375901, 1003583, 1, 0, 0
376000, 1026794, 1, 0, 0
376100, 1006155, 1, 0, 0
376200, 993489, 1, 0, 0
376300, 1000292, 1, 0, 0
376400, 1001658, 1, 0, 0
376500, 1032248, 1, 0, 0
376600, 1044490, 1, 0, 0
376700, 1020802, 1, 0, 0
376800, 1043391, 1, 0, 0
376901, 1027331, 1, 0, 0
377000, 1046809, 1, 0, 0
377100, 1045364, 1, 0, 0
377200, 1075668, 1, 0, 0
377300, 1039755, 1, 0, 0
377400, 1007315, 1, 0, 0
377500, 1051561, 1, 0, 0
377600, 987311, 1, 0, 0
377700, 1001484, 1, 0, 0
377800, 1015093, 1, 0, 0
377900, 1017439, 1, 0, 0
378000, 1076584, 1, 0, 0
378100, 1027501, 1, 0, 0
378200, 1015086, 1, 0, 0
378300, 1004230, 1, 0, 0
378400, 995054, 1, 0, 0
378500, 1029771, 1, 0, 0
378601, 1002915, 1, 0, 0
378700, 1013955, 1, 0, 0
378800, 1040640, 1, 0, 0
378900, 1036339, 1, 0, 0
379000, 991044, 1, 0, 0
379100, 1072152, 1, 0, 0
379200, 1042671, 1, 0, 0
379300, 1029497, 1, 0, 0
379400, 1028268, 1, 0, 0
379501, 1086980, 1, 0, 0
379601, 1029654, 1, 0, 0
379700, 1037283, 1, 0, 0
379800, 1057845, 1, 0, 0
379900, 1035980, 1, 0, 0
380000, 1040672, 1, 0, 0
380100, 1055280, 1, 0, 0
380200, 1066792, 1, 0, 0
380300, 1084455, 1, 0, 0
380400, 1069575, 1, 0, 0
380500, 1042776, 1, 0, 0
380600, 1014391, 1, 0, 0
380700, 1014408, 1, 0, 0
380800, 1012620, 1, 0, 0
380900, 1052985, 1, 0, 0
381000, 989624, 1, 0, 0
381100, 1010140, 1, 0, 0
381200, 1023130, 1, 0, 0
381300, 976568, 1, 0, 0
381400, 1024966, 1, 0, 0
381500, 1000462, 1, 0, 0
381600, 1021665, 1, 0, 0
381700, 1037439, 1, 0, 0
381800, 1023170, 1, 0, 0
381900, 1017861, 1, 0, 0
382000, 999993, 1, 0, 0
382100, 1014306, 1, 0, 0
382200, 1023030, 1, 0, 0
382300, 1019697, 1, 0, 0
382400, 1021395, 1, 0, 0
382500, 1080379, 1, 0, 0
382600, 1065465, 1, 0, 0
382700, 1022915, 1, 0, 0
382800, 1063844, 1, 0, 0
382900, 1007348, 1, 0, 0
383000, 1041300, 1, 0, 0
383100, 1009645, 1, 0, 0
383201, 1093356, 1, 0, 0
383300, 1036583, 1, 0, 0
383400, 1016288, 1, 0, 0
383500, 1013556, 1, 0, 0
383600, 1067623, 1, 0, 0
383700, 967459, 1, 0, 0
383800, 1047033, 1, 0, 0
383900, 1035458, 1, 0, 0
384000, 1047270, 1, 0, 0
384100, 1026792, 1, 0, 0
384200, 1027302, 1, 0, 0
384300, 993874, 1, 0, 0
384400, 1066151, 1, 0, 0
384500, 1020475, 1, 0, 0
384601, 1014733, 1, 0, 0
384700, 993671, 1, 0, 0
384800, 960086, 1, 0, 0
384900, 1057204, 1, 0, 0
385000, 1033505, 1, 0, 0
385100, 1017313, 1, 0, 0
385200, 982677, 1, 0, 0
385300, 966217, 1, 0, 0
385400, 983332, 1, 0, 0
385501, 975237, 1, 0, 0
385600, 990883, 1, 0, 0
385700, 1050308, 1, 0, 0
385800, 1053866, 1, 0, 0
385900, 1027344, 1, 0, 0
386000, 1029239, 1, 0, 0
386100, 987830, 1, 0, 0
386200, 1032458, 1, 0, 0
386300, 1064116, 1, 0, 0
386400, 976250, 1, 0, 0
386501, 971323, 1, 0, 0
386600, 1007916, 1, 0, 0
386700, 979538, 1, 0, 0
386800, 999479, 1, 0, 0
386900, 1006656, 1, 0, 0
387000, 989643, 1, 0, 0
387100, 995403, 1, 0, 0
387200, 991263, 1, 0, 0
387300, 995079, 1, 0, 0
387400, 1012676, 1, 0, 0
387500, 974688, 1, 0, 0
387600, 995617, 1, 0, 0
387700, 1016426, 1, 0, 0
387800, 1003170, 1, 0, 0
387900, 1045256, 1, 0, 0
388000, 976511, 1, 0, 0
388100, 997899, 1, 0, 0
388200, 1009737, 1, 0, 0
388300, 1003976, 1, 0, 0
388400, 976037, 1, 0, 0
388500, 1007607, 1, 0, 0
388600, 1008487, 1, 0, 0
388700, 986598, 1, 0, 0
388800, 1043308, 1, 0, 0
388900, 1019129, 1, 0, 0
389000, 1033402, 1, 0, 0
389100, 1013092, 1, 0, 0
389200, 1041818, 1, 0, 0
389300, 977310, 1, 0, 0
389401, 986985, 1, 0, 0
389500, 997125, 1, 0, 0
389600, 993491, 1, 0, 0
389700, 987980, 1, 0, 0
389801, 1046057, 1, 0, 0
389900, 1057016, 1, 0, 0
390000, 1028185, 1, 0, 0
390101, 1012537, 1, 0, 0
390200, 994346, 1, 0, 0
390300, 1016299, 1, 0, 0
390400, 987481, 1, 0, 0
390500, 1005645, 1, 0, 0
390600, 1004696, 1, 0, 0
390700, 976523, 1, 0, 0
390800, 974291, 1, 0, 0
390900, 956321, 1, 0, 0
391000, 966555, 1, 0, 0
391100, 1004986, 1, 0, 0
391200, 998661, 1, 0, 0
391300, 1018212, 1, 0, 0
391400, 1018765, 1, 0, 0
391500, 1004622, 1, 0, 0
391600, 1004771, 1, 0, 0
391700, 989888, 1, 0, 0
391800, 1002928, 1, 0, 0
391900, 1016122, 1, 0, 0
392000, 1016565, 1, 0, 0
392100, 962915, 1, 0, 0
392200, 1037913, 1, 0, 0
392300, 1026189, 1, 0, 0
392400, 1012897, 1, 0, 0
392500, 1028114, 1, 0, 0
392600, 1016628, 1, 0, 0
392700, 1049845, 1, 0, 0
392800, 1051468, 1, 0, 0
392900, 1023060, 1, 0, 0
393000, 1016582, 1, 0, 0
393100, 975174, 1, 0, 0
393200, 993543, 1, 0, 0
393300, 980668, 1, 0, 0
393400, 991765, 1, 0, 0
393500, 1013110, 1, 0, 0
393600, 1013898, 1, 0, 0
393700, 985740, 1, 0, 0
393800, 988426, 1, 0, 0
393901, 1015145, 1, 0, 0
394000, 1033014, 1, 0, 0
394100, 1002203, 1, 0, 0
394200, 977395, 1, 0, 0
394300, 1006732, 1, 0, 0
394400, 990207, 1, 0, 0
394501, 1011053, 1, 0, 0
394600, 1063672, 1, 0, 0
394700, 1007849, 1, 0, 0
394800, 1050383, 1, 0, 0
394900, 996518, 1, 0, 0
395000, 1031723, 1, 0, 0
395100, 1017248, 1, 0, 0
395200, 1020085, 1, 0, 0
395300, 1027695, 1, 0, 0
395400, 1053098, 1, 0, 0
395500, 1037232, 1, 0, 0
395600, 1022330, 1, 0, 0
395700, 1016729, 1, 0, 0
395800, 1070145, 1, 0, 0
395900, 1033958, 1, 0, 0
396000, 1055745, 1, 0, 0
396100, 1034321, 1, 0, 0
396201, 982505, 1, 0, 0
396300, 1035754, 1, 0, 0
396400, 1004384, 1, 0, 0
396500, 1006125, 1, 0, 0
396600, 989425, 1, 0, 0
396700, 933796, 1, 0, 0
396800, 1062855, 1, 0, 0
396900, 1035932, 1, 0, 0
397000, 1051460, 1, 0, 0
397100, 1034203, 1, 0, 0
397200, 1022549, 1, 0, 0
397300, 1018104, 1, 0, 0
397400, 989542, 1, 0, 0
397501, 1050873, 1, 0, 0
397600, 999419, 1, 0, 0
397700, 1046364, 1, 0, 0
397801, 1038165, 1, 0, 0
397900, 998922, 1, 0, 0
398000, 1046326, 1, 0, 0
398100, 1091393, 1, 0, 0
398200, 1045945, 1, 0, 0
398300, 1059284, 1, 0, 0
398400, 1042446, 1, 0, 0
398500, 979312, 1, 0, 0
398600, 987670, 1, 0, 0
398700, 1017347, 1, 0, 0
398800, 1022336, 1, 0, 0
398900, 1013445, 1, 0, 0
399000, 1026035, 1, 0, 0
399100, 985030, 1, 0, 0
399200, 1004212, 1, 0, 0
399300, 980974, 1, 0, 0
399400, 1020022, 1, 0, 0
399500, 970198, 1, 0, 0
399600, 976275, 1, 0, 0
399700, 945484, 1, 0, 0
399800, 981693, 1, 0, 0
399900, 1014786, 1, 0, 0
400000, 1018016, 1, 0, 0
400100, 1020042, 1, 0, 0
400201, 1020987, 1, 0, 0
400300, 1020102, 1, 0, 0
400400, 1003261, 1, 0, 0
400500, 1039638, 1, 0, 0
400600, 1018577, 1, 0, 0
400700, 975875, 1, 0, 0
400800, 990855, 1, 0, 0
400900, 994651, 1, 0, 0
401000, 1003471, 1, 0, 0
401100, 1023381, 1, 0, 0
401200, 965760, 1, 0, 0
401300, 997113, 1, 0, 0
401400, 1003263, 1, 0, 0
401500, 989341, 1, 0, 0
401600, 1016413, 1, 0, 0
401700, 1032092, 1, 0, 0
401800, 1037896, 1, 0, 0
401900, 988821, 1, 0, 0
402000, 1004081, 1, 0, 0
402100, 997276, 1, 0, 0
402201, 1081787, 1, 0, 0
402300, 977686, 1, 0, 0
402400, 999347, 1, 0, 0
402500, 968518, 1, 0, 0
402600, 1005563, 1, 0, 0
402700, 1013842, 1, 0, 0
402800, 1043892, 1, 0, 0
402900, 997417, 1, 0, 0
403000, 978969, 1, 0, 0
403100, 1045555, 1, 0, 0
403200, 1016552, 1, 0, 0
403301, 989333, 1, 0, 0
403400, 964526, 1, 0, 0
403500, 990526, 1, 0, 0
403600, 1027904, 1, 0, 0
403700, 983603, 1, 0, 0
403800, 992076, 1, 0, 0
403900, 1058529, 1, 0, 0
404000, 1037981, 1, 0, 0
404100, 981765, 1, 0, 0
404200, 992056, 1, 0, 0
404300, 1050065, 1, 0, 0
404400, 982546, 1, 0, 0
404500, 998743, 1, 0, 0
404600, 941050, 1, 0, 0
404700, 1016760, 1, 0, 0
404800, 985693, 1, 0, 0
404900, 1002258, 1, 0, 0
405001, 1020184, 1, 0, 0
405100, 1052558, 1, 0, 0
405201, 999165, 1, 0, 0
405300, 985542, 1, 0, 0
405400, 1002802, 1, 0, 0
405500, 1001238, 1, 0, 0
405600, 1013728, 1, 0, 0
405701, 1014245, 1, 0, 0
405801, 1017934, 1, 0, 0
405900, 1037585, 1, 0, 0
406000, 1042339, 1, 0, 0
406100, 1031825, 1, 0, 0
406200, 1024470, 1, 0, 0
406300, 973401, 1, 0, 0
406400, 1033226, 1, 0, 0
406500, 1005359, 1, 0, 0
406600, 1015383, 1, 0, 0
406700, 980397, 1, 0, 0
406801, 1035374, 1, 0, 0
406900, 1030089, 1, 0, 0
407000, 1032390, 1, 0, 0
407100, 1023431, 1, 0, 0
407200, 1035621, 1, 0, 0
407300, 1033876, 1, 0, 0
407400, 1047333, 1, 0, 0
407500, 1006036, 1, 0, 0
407600, 1040377, 1, 0, 0
407700, 993887, 1, 0, 0
407800, 989136, 1, 0, 0
407900, 1001541, 1, 0, 0
408000, 994867, 1, 0, 0
408100, 1047715, 1, 0, 0
408200, 1013557, 1, 0, 0
408300, 1008677, 1, 0, 0
408400, 1002281, 1, 0, 0
408500, 1032197, 1, 0, 0
408601, 1045814, 1, 0, 0
408700, 1005242, 1, 0, 0
408800, 1002973, 1, 0, 0
408900, 998454, 1, 0, 0
409000, 1021050, 1, 0, 0
409100, 1017926, 1, 0, 0
409200, 1050252, 1, 0, 0
409300, 968673, 1, 0, 0
409400, 1033887, 1, 0, 0
409500, 1024074, 1, 0, 0
409600, 988180, 1, 0, 0
409700, 1037567, 1, 0, 0
409800, 1084756, 1, 0, 0
409900, 1007338, 1, 0, 0
410000, 963333, 1, 0, 0
410102, 1035601, 1, 0, 0
410200, 1015750, 1, 0, 0
410300, 1014503, 1, 0, 0
410400, 1015617, 1, 0, 0
410500, 1044374, 1, 0, 0
410600, 1015627, 1, 0, 0
410700, 1002802, 1, 0, 0
410800, 1048272, 1, 0, 0
410900, 1021425, 1, 0, 0
411000, 1015858, 1, 0, 0
411100, 1003607, 1, 0, 0
411200, 1052641, 1, 0, 0
411300, 1002364, 1, 0, 0
411401, 1018887, 1, 0, 0
411500, 1042228, 1, 0, 0
411600, 1010641, 1, 0, 0
411700, 998131, 1, 0, 0
411800, 1016443, 1, 0, 0
411900, 1051553, 1, 0, 0
412000, 1015982, 1, 0, 0
412100, 1061957, 1, 0, 0
412200, 991104, 1, 0, 0
412300, 1000326, 1, 0, 0
412400, 1002119, 1, 0, 0
412500, 1031901, 1, 0, 0
412600, 1024200, 1, 0, 0
412700, 1025184, 1, 0, 0
412800, 1004213, 1, 0, 0
412900, 1032172, 1, 0, 0
413000, 1003962, 1, 0, 0
413100, 1027889, 1, 0, 0
413200, 1103043, 1, 0, 0
413300, 1039311, 1, 0, 0
413400, 1016262, 1, 0, 0
413500, 1023675, 1, 0, 0
413600, 1010971, 1, 0, 0
413700, 1038546, 1, 0, 0
413800, 1066439, 1, 0, 0
413900, 1006481, 1, 0, 0
414000, 1028238, 1, 0, 0
414100, 1021479, 1, 0, 0
414200, 990739, 1, 0, 0
414300, 1023211, 1, 0, 0
414400, 979703, 1, 0, 0
414500, 1009621, 1, 0, 0
414600, 1027449, 1, 0, 0
414700, 1012518, 1, 0, 0
414800, 1011611, 1, 0, 0
414901, 1016064, 1, 0, 0
415000, 1041699, 1, 0, 0
415100, 1033061, 1, 0, 0
415200, 1028629, 1, 0, 0
415300, 1011858, 1, 0, 0
415400, 1026251, 1, 0, 0
415500, 1011646, 1, 0, 0
415600, 1023945, 1, 0, 0
415700, 1042788, 1, 0, 0
415800, 1027603, 1, 0, 0
415900, 991632, 1, 0, 0
416000, 1016339, 1, 0, 0
416100, 993317, 1, 0, 0
416200, 1013317, 1, 0, 0
416301, 990666, 1, 0, 0
416400, 1011594, 1, 0, 0
416500, 1038892, 1, 0, 0
416601, 1024581, 1, 0, 0
416700, 981957, 1, 0, 0
416800, 1052263, 1, 0, 0
416900, 978761, 1, 0, 0
417000, 1008529, 1, 0, 0
417100, 1045501, 1, 0, 0
417200, 1000508, 1, 0, 0
417300, 1028405, 1, 0, 0
417401, 1034846, 1, 0, 0
417501, 1041292, 1, 0, 0
417600, 1026346, 1, 0, 0
417701, 1009798, 1, 0, 0
417800, 1011814, 1, 0, 0
417900, 977896, 1, 0, 0
418000, 1003030, 1, 0, 0
418100, 1034981, 1, 0, 0
418200, 955798, 1, 0, 0
418300, 967158, 1, 0, 0
418400, 1040045, 1, 0, 0
418500, 1006832, 1, 0, 0
418600, 1020604, 1, 0, 0
418700, 1026720, 1, 0, 0
418800, 1009684, 1, 0, 0
418900, 992670, 1, 0, 0
419000, 965535, 1, 0, 0
419100, 999488, 1, 0, 0
419200, 1071696, 1, 0, 0
419300, 1017796, 1, 0, 0
419401, 1025928, 1, 0, 0
419500, 983304, 1, 0, 0
419600, 1049005, 1, 0, 0
419700, 1071886, 1, 0, 0
419800, 1030964, 1, 0, 0
419900, 1026205, 1, 0, 0
420000, 967895, 1, 0, 0
420100, 1024391, 1, 0, 0
420200, 1000993, 1, 0, 0
420300, 1014772, 1, 0, 0
420400, 1017707, 1, 0, 0
420500, 971108, 1, 0, 0
420600, 990668, 1, 0, 0
420700, 995687, 1, 0, 0
420800, 1012043, 1, 0, 0
420900, 1012906, 1, 0, 0
421000, 1001158, 1, 0, 0
421100, 999666, 1, 0, 0
421200, 1028309, 1, 0, 0
421300, 986499, 1, 0, 0
421400, 984576, 1, 0, 0
421500, 1007529, 1, 0, 0
421600, 986151, 1, 0, 0
421700, 1036233, 1, 0, 0
421800, 1020688, 1, 0, 0
421900, 1060166, 1, 0, 0
422000, 1043098, 1, 0, 0
422100, 994911, 1, 0, 0
422200, 993049, 1, 0, 0
422301, 1021562, 1, 0, 0
422400, 1018187, 1, 0, 0
422500, 989744, 1, 0, 0
422600, 1029106, 1, 0, 0
422700, 1038872, 1, 0, 0
422800, 1064538, 1, 0, 0
422900, 1028335, 1, 0, 0
423000, 1023566, 1, 0, 0
423100, 1077554, 1, 0, 0
423200, 998439, 1, 0, 0
423300, 1036521, 1, 0, 0
423400, 1085396, 1, 0, 0
423500, 1004624, 1, 0, 0
423601, 1032785, 1, 0, 0
423700, 1058064, 1, 0, 0
423800, 1038172, 1, 0, 0
423900, 1044247, 1, 0, 0
424000, 1009064, 1, 0, 0
424100, 1006430, 1, 0, 0
424200, 1032400, 1, 0, 0
424300, 993460, 1, 0, 0
424400, 1005899, 1, 0, 0
424500, 1024873, 1, 0, 0
424600, 1028073, 1, 0, 0
424700, 1055514, 1, 0, 0
424800, 1016299, 1, 0, 0
424900, 1016424, 1, 0, 0
425000, 1015098, 1, 0, 0
425101, 1031638, 1, 0, 0
425200, 1121689, 1, 0, 0
425300, 1010267, 1, 0, 0
425400, 1037396, 1, 0, 0
425500, 1041898, 1, 0, 0
425600, 1014586, 1, 0, 0
425700, 1087087, 1, 0, 0
425800, 1016573, 1, 0, 0
425900, 1038191, 1, 0, 0
426000, 1005046, 1, 0, 0
426100, 1072851, 1, 0, 0
426200, 1028863, 1, 0, 0
426300, 1076201, 1, 0, 0
426400, 1022141, 1, 0, 0
426500, 1035900, 1, 0, 0
426600, 998790, 1, 0, 0
426700, 1042764, 1, 0, 0
426800, 1064037, 1, 0, 0
426900, 1050883, 1, 0, 0
427000, 1011409, 1, 0, 0
427100, 1053538, 1, 0, 0
427200, 1037336, 1, 0, 0
427300, 1020498, 1, 0, 0
427400, 1035447, 1, 0, 0
427500, 991687, 1, 0, 0
427600, 1027427, 1, 0, 0
427700, 1039672, 1, 0, 0
427800, 1045312, 1, 0, 0
427900, 1052337, 1, 0, 0
428000, 1077714, 1, 0, 0
428100, 1011033, 1, 0, 0
428200, 1016046, 1, 0, 0
428300, 1067551, 1, 0, 0
428400, 1066642, 1, 0, 0
428500, 1067376, 1, 0, 0
428600, 1066197, 1, 0, 0
428700, 1081214, 1, 0, 0
428800, 1118048, 1, 0, 0
428900, 1051747, 1, 0, 0
429000, 1031083, 1, 0, 0
429100, 1056184, 1, 0, 0
429200, 1052235, 1, 0, 0
429300, 1053150, 1, 0, 0
429400, 1062001, 1, 0, 0
429501, 1073986, 1, 0, 0
429600, 1062840, 1, 0, 0
429700, 992437, 1, 0, 0
429800, 1050694, 1, 0, 0
429900, 1043852, 1, 0, 0
430000, 1056085, 1, 0, 0
430100, 1045829, 1, 0, 0
430200, 1060544, 1, 0, 0
430300, 1042380, 1, 0, 0
430400, 1057726, 1, 0, 0
430500, 1054674, 1, 0, 0
430600, 1052560, 1, 0, 0
430700, 1028857, 1, 0, 0
430800, 1024653, 1, 0, 0
430900, 1088166, 1, 0, 0
431000, 1067329, 1, 0, 0
431100, 1035581, 1, 0, 0
431200, 1068319, 1, 0, 0
431301, 1015224, 1, 0, 0
431400, 1020038, 1, 0, 0
431500, 1023045, 1, 0, 0
431600, 1039760, 1, 0, 0
431700, 1014125, 1, 0, 0
431800, 1040677, 1, 0, 0
431900, 1033009, 1, 0, 0
432002, 1011736, 1, 0, 0
432100, 1012573, 1, 0, 0
432201, 1033545, 1, 0, 0
432300, 995058, 1, 0, 0
432400, 1017287, 1, 0, 0
432500, 1040746, 1, 0, 0
432600, 1021770, 1, 0, 0
432700, 1036785, 1, 0, 0
432800, 1042764, 1, 0, 0
432900, 1003547, 1, 0, 0
433000, 1000584, 1, 0, 0
433100, 959173, 1, 0, 0
433200, 1015396, 1, 0, 0
433300, 1059518, 1, 0, 0
433401, 1015028, 1, 0, 0
433500, 1054325, 1, 0, 0
433600, 987728, 1, 0, 0
433700, 1022309, 1, 0, 0
433800, 998304, 1, 0, 0
433900, 1029274, 1, 0, 0
434000, 990703, 1, 0, 0
434100, 1016110, 1, 0, 0
434200, 996516, 1, 0, 0
434300, 999820, 1, 0, 0
434400, 995519, 1, 0, 0
434500, 1016206, 1, 0, 0
434600, 1005762, 1, 0, 0
434700, 1029193, 1, 0, 0
434800, 989826, 1, 0, 0
434900, 1006143, 1, 0, 0
435000, 1003253, 1, 0, 0
435100, 1041031, 1, 0, 0
435200, 965526, 1, 0, 0
435300, 986240, 1, 0, 0
435401, 1005086, 1, 0, 0
435500, 1014577, 1, 0, 0
435601, 1001569, 1, 0, 0
435700, 985084, 1, 0, 0
435800, 996397, 1, 0, 0
435900, 971265, 1, 0, 0
436000, 1016244, 1, 0, 0
436100, 1033813, 1, 0, 0
436200, 1047829, 1, 0, 0
436300, 999702, 1, 0, 0
436400, 1032791, 1, 0, 0
436500, 1026870, 1, 0, 0
436600, 1043716, 1, 0, 0
436701, 1033129, 1, 0, 0
436800, 1021050, 1, 0, 0
436900, 1017892, 1, 0, 0
437000, 1038672, 1, 0, 0
437100, 999531, 1, 0, 0
437200, 1032277, 1, 0, 0
437300, 989807, 1, 0, 0
437400, 975535, 1, 0, 0
437500, 1010449, 1, 0, 0
437600, 1003319, 1, 0, 0
437700, 986591, 1, 0, 0
437801, 977812, 1, 0, 0
437900, 981454, 1, 0, 0
438000, 1042341, 1, 0, 0
438100, 1052453, 1, 0, 0
438200, 1017026, 1, 0, 0
438300, 969655, 1, 0, 0
438400, 1005465, 1, 0, 0
438500, 988157, 1, 0, 0
438600, 1079803, 1, 0, 0
438700, 998707, 1, 0, 0
438801, 978160, 1, 0, 0
438900, 1056181, 1, 0, 0
439000, 1017269, 1, 0, 0
439100, 977815, 1, 0, 0
439200, 1016853, 1, 0, 0
439300, 1039226, 1, 0, 0
439400, 1004035, 1, 0, 0
439500, 995050, 1, 0, 0
439600, 1026454, 1, 0, 0
439700, 1044396, 1, 0, 0
439800, 1072976, 1, 0, 0
439900, 996412, 1, 0, 0
440000, 1041657, 1, 0, 0
440100, 1016300, 1, 0, 0
440200, 982696, 1, 0, 0
440300, 1019168, 1, 0, 0
440400, 1029524, 1, 0, 0
440500, 966010, 1, 0, 0
440600, 964299, 1, 0, 0
440700, 971527, 1, 0, 0
440800, 998123, 1, 0, 0
440900, 959526, 1, 0, 0
441000, 1004454, 1, 0, 0
441100, 1000476, 1, 0, 0
441200, 991740, 1, 0, 0
441300, 995828, 1, 0, 0
441401, 1021792, 1, 0, 0
441500, 1023316, 1, 0, 0
441600, 994392, 1, 0, 0
441700, 971706, 1, 0, 0
441800, 968195, 1, 0, 0
441900, 1019387, 1, 0, 0
442001, 1025609, 1, 0, 0
442100, 1005084, 1, 0, 0
442200, 1005294, 1, 0, 0
442300, 1070396, 1, 0, 0
442400, 1067991, 1, 0, 0
442500, 1036574, 1, 0, 0
442600, 1030233, 1, 0, 0
442700, 1058071, 1, 0, 0
442800, 1012502, 1, 0, 0
442900, 968285, 1, 0, 0
443000, 978380, 1, 0, 0
443100, 999006, 1, 0, 0
443200, 1018019, 1, 0, 0
443300, 1026341, 1, 0, 0
443400, 1019541, 1, 0, 0
443500, 1081533, 1, 0, 0
443600, 1021247, 1, 0, 0
443700, 1036282, 1, 0, 0
443800, 1004702, 1, 0, 0
443900, 1017684, 1, 0, 0
444000, 1025905, 1, 0, 0
444100, 1008465, 1, 0, 0
444200, 1004966, 1, 0, 0
444300, 984137, 1, 0, 0
444400, 995460, 1, 0, 0
444500, 1006747, 1, 0, 0
444600, 1007360, 1, 0, 0
444701, 1014553, 1, 0, 0
444800, 989930, 1, 0, 0
444900, 1048385, 1, 0, 0
445000, 979829, 1, 0, 0
445100, 993632, 1, 0, 0
445200, 1021765, 1, 0, 0
445300, 1010152, 1, 0, 0
445400, 1010831, 1, 0, 0
445500, 1022201, 1, 0, 0
445600, 1034447, 1, 0, 0
445700, 1006939, 1, 0, 0
445800, 1019760, 1, 0, 0
445900, 1086729, 1, 0, 0
446000, 1031638, 1, 0, 0
446100, 1020962, 1, 0, 0
446200, 1041821, 1, 0, 0
446300, 999140, 1, 0, 0
446400, 1006031, 1, 0, 0
446500, 1048116, 1, 0, 0
446600, 1045996, 1, 0, 0
446700, 1049353, 1, 0, 0
446800, 1037384, 1, 0, 0
446900, 1070605, 1, 0, 0
447000, 1024483, 1, 0, 0
447100, 1030113, 1, 0, 0
447200, 1075906, 1, 0, 0
447300, 1085936, 1, 0, 0
447401, 1027651, 1, 0, 0
447500, 1034757, 1, 0, 0
447600, 1003885, 1, 0, 0
447700, 1047856, 1, 0, 0
447800, 1041500, 1, 0, 0
447900, 1085257, 1, 0, 0
448000, 1055199, 1, 0, 0
448100, 1013228, 1, 0, 0
448200, 1052671, 1, 0, 0
448300, 1028027, 1, 0, 0
448400, 1011394, 1, 0, 0
448500, 1053252, 1, 0, 0
448600, 999940, 1, 0, 0
448700, 994565, 1, 0, 0
448800, 1048811, 1, 0, 0
448900, 1032710, 1, 0, 0
449000, 1023719, 1, 0, 0
449100, 1043088, 1, 0, 0
449200, 1050806, 1, 0, 0
449300, 992103, 1, 0, 0
449400, 1000222, 1, 0, 0
449500, 984415, 1, 0, 0
449600, 999835, 1, 0, 0
449700, 1057190, 1, 0, 0
449800, 1045619, 1, 0, 0
449900, 996661, 1, 0, 0
450000, 1076065, 1, 0, 0
450100, 1048106, 1, 0, 0
450200, 1035380, 1, 0, 0
450300, 1059506, 1, 0, 0
450400, 1056425, 1, 0, 0
450500, 1092598, 1, 0, 0
450600, 1043097, 1, 0, 0
450700, 1030378, 1, 0, 0
450800, 1072006, 1, 0, 0
450900, 1020244, 1, 0, 0
451000, 1052113, 1, 0, 0
451100, 1057425, 1, 0, 0
451200, 1033914, 1, 0, 0
451300, 1043135, 1, 0, 0
451400, 1017371, 1, 0, 0
451500, 1094894, 1, 0, 0
451600, 1059934, 1, 0, 0
451700, 1025652, 1, 0, 0
451800, 1088890, 1, 0, 0
451900, 1021893, 1, 0, 0
452001, 1063739, 1, 0, 0
452100, 1043826, 1, 0, 0
452200, 995615, 1, 0, 0
452300, 1006133, 1, 0, 0
452400, 1011416, 1, 0, 0
452500, 1013503, 1, 0, 0
452600, 1028720, 1, 0, 0
452700, 1023948, 1, 0, 0
452800, 1016817, 1, 0, 0
452900, 1036828, 1, 0, 0
453001, 998779, 1, 0, 0
453100, 991478, 1, 0, 0
453200, 1042953, 1, 0, 0
453301, 1048156, 1, 0, 0
453400, 1040249, 1, 0, 0
453500, 1074483, 1, 0, 0
453601, 990565, 1, 0, 0
453700, 1012235, 1, 0, 0
453800, 1056414, 1, 0, 0
453900, 1034320, 1, 0, 0
454000, 1030156, 1, 0, 0
454100, 1042694, 1, 0, 0
454200, 1013612, 1, 0, 0
454300, 1050283, 1, 0, 0
454400, 1042736, 1, 0, 0
454501, 1057575, 1, 0, 0
454600, 1011396, 1, 0, 0
454700, 1029932, 1, 0, 0
454800, 1048061, 1, 0, 0
454901, 1024476, 1, 0, 0
455000, 1045951, 1, 0, 0
455100, 1028421, 1, 0, 0
455200, 999473, 1, 0, 0
455300, 1000085, 1, 0, 0
455400, 1101576, 1, 0, 0
455500, 1008007, 1, 0, 0
455600, 1008060, 1, 0, 0
455700, 1055869, 1, 0, 0
455800, 1022853, 1, 0, 0
455900, 1019998, 1, 0, 0
456000, 1074062, 1, 0, 0
456100, 995393, 1, 0, 0
456200, 982811, 1, 0, 0
456300, 992243, 1, 0, 0
456400, 1045496, 1, 0, 0
456500, 980379, 1, 0, 0
456601, 989700, 1, 0, 0
456700, 1024859, 1, 0, 0
456800, 1037960, 1, 0, 0
456900, 1028220, 1, 0, 0
457000, 1050247, 1, 0, 0
457100, 1039739, 1, 0, 0
457200, 1019621, 1, 0, 0
457300, 1021142, 1, 0, 0
457400, 1024297, 1, 0, 0
457500, 1122006, 1, 0, 0
457600, 1050102, 1, 0, 0
457700, 1039361, 1, 0, 0
457800, 1048555, 1, 0, 0
457900, 1014374, 1, 0, 0
458000, 1026375, 1, 0, 0
458100, 1023388, 1, 0, 0
458200, 1000102, 1, 0, 0
458301, 1037199, 1, 0, 0
458400, 1046050, 1, 0, 0
458500, 1026381, 1, 0, 0
458600, 970337, 1, 0, 0
458700, 1034979, 1, 0, 0
458800, 999031, 1, 0, 0
458901, 1016909, 1, 0, 0
459000, 963701, 1, 0, 0
459100, 1052170, 1, 0, 0
459200, 967974, 1, 0, 0
459300, 973887, 1, 0, 0
459400, 1017763, 1, 0, 0
459500, 1008839, 1, 0, 0
459600, 990411, 1, 0, 0
459700, 1026577, 1, 0, 0
459800, 1030672, 1, 0, 0
459900, 1026507, 1, 0, 0
460000, 988740, 1, 0, 0
460100, 1028325, 1, 0, 0
460200, 986559, 1, 0, 0
460300, 1004855, 1, 0, 0
460400, 1023550, 1, 0, 0
460500, 969196, 1, 0, 0
460600, 1003146, 1, 0, 0
460700, 1012099, 1, 0, 0
460800, 957486, 1, 0, 0
460900, 995016, 1, 0, 0
461001, 966334, 1, 0, 0
461100, 998780, 1, 0, 0
461200, 993372, 1, 0, 0
461300, 1016832, 1, 0, 0
461400, 1001322, 1, 0, 0
461500, 991801, 1, 0, 0
461600, 1030382, 1, 0, 0
461700, 1032210, 1, 0, 0
461800, 1065293, 1, 0, 0
461901, 1006947, 1, 0, 0
462000, 1032388, 1, 0, 0
462100, 1001874, 1, 0, 0
462200, 969416, 1, 0, 0
462300, 989263, 1, 0, 0
462400, 1118325, 1, 0, 0
462500, 1025601, 1, 0, 0
462600, 1005416, 1, 0, 0
462700, 1022488, 1, 0, 0
462800, 986812, 1, 0, 0
462900, 1005973, 1, 0, 0
463000, 1021530, 1, 0, 0
463100, 974286, 1, 0, 0
463200, 986022, 1, 0, 0
463301, 1024775, 1, 0, 0
463400, 990641, 1, 0, 0
463500, 1026377, 1, 0, 0
463600, 989444, 1, 0, 0
463700, 996472, 1, 0, 0
463800, 967962, 1, 0, 0
463900, 986372, 1, 0, 0
464000, 976173, 1, 0, 0
464100, 971973, 1, 0, 0
464200, 1015670, 1, 0, 0
464300, 1002524, 1, 0, 0
464400, 986513, 1, 0, 0
464500, 1030108, 1, 0, 0
464600, 1033627, 1, 0, 0
464700, 986000, 1, 0, 0
464801, 1003837, 1, 0, 0
464900, 1017590, 1, 0, 0
465000, 982745, 1, 0, 0
465100, 1014145, 1, 0, 0
465200, 1008456, 1, 0, 0
465300, 999379, 1, 0, 0
465400, 1028365, 1, 0, 0
465500, 1013380, 1, 0, 0
465601, 1007521, 1, 0, 0
465700, 1000834, 1, 0, 0
465800, 1021361, 1, 0, 0
465900, 1032244, 1, 0, 0
466000, 979257, 1, 0, 0
466100, 1065257, 1, 0, 0
466200, 1001191, 1, 0, 0
466300, 1034242, 1, 0, 0
466400, 994323, 1, 0, 0
466500, 1013194, 1, 0, 0
466600, 1033582, 1, 0, 0
466700, 1053728, 1, 0, 0
466801, 1021790, 1, 0, 0
466900, 999423, 1, 0, 0
467000, 1023554, 1, 0, 0
467100, 997422, 1, 0, 0
467200, 1079497, 1, 0, 0
467300, 1014301, 1, 0, 0
467400, 1032051, 1, 0, 0
467500, 1039778, 1, 0, 0
467600, 1032119, 1, 0, 0
467700, 1040412, 1, 0, 0
467800, 1025745, 1, 0, 0
467900, 1003528, 1, 0, 0
468000, 1023662, 1, 0, 0
468100, 1018572, 1, 0, 0
468200, 1057965, 1, 0, 0
468300, 1036554, 1, 0, 0
468401, 1068943, 1, 0, 0
468500, 1026799, 1, 0, 0
468600, 1064199, 1, 0, 0
468700, 1082116, 1, 0, 0
468800, 1036415, 1, 0, 0
468900, 985335, 1, 0, 0
469000, 1003231, 1, 0, 0
469100, 1089113, 1, 0, 0
469201, 1007197, 1, 0, 0
469300, 1011998, 1, 0, 0
469400, 1025763, 1, 0, 0
469500, 985089, 1, 0, 0
469600, 991914, 1, 0, 0
469700, 1018917, 1, 0, 0
469800, 1022422, 1, 0, 0
469900, 985325, 1, 0, 0
470000, 991899, 1, 0, 0
470100, 1004119, 1, 0, 0
470200, 996137, 1, 0, 0
470300, 1057460, 1, 0, 0
470400, 1050789, 1, 0, 0
470500, 977281, 1, 0, 0
470600, 1003021, 1, 0, 0
470700, 998788, 1, 0, 0
470800, 992251, 1, 0, 0
470901, 1029866, 1, 0, 0
471000, 1013692, 1, 0, 0
471100, 1104688, 1, 0, 0
471200, 1018227, 1, 0, 0
471300, 1031482, 1, 0, 0
471400, 1039830, 1, 0, 0
471502, 1071878, 1, 0, 0
471600, 1030187, 1, 0, 0
471700, 1063333, 1, 0, 0
471800, 1053382, 1, 0, 0
471901, 1062726, 1, 0, 0
472000, 1047076, 1, 0, 0
472100, 1038268, 1, 0, 0
472200, 1056056, 1, 0, 0
472300, 1020478, 1, 0, 0
472400, 968059, 1, 0, 0
472500, 1052421, 1, 0, 0
472600, 1037166, 1, 0, 0
472700, 1027699, 1, 0, 0
472800, 1020142, 1, 0, 0
472900, 1052724, 1, 0, 0
473000, 990394, 1, 0, 0
473100, 1015306, 1, 0, 0
473200, 985245, 1, 0, 0
473300, 1009555, 1, 0, 0
473400, 1023867, 1, 0, 0
473501, 1044888, 1, 0, 0
473600, 1007463, 1, 0, 0
473700, 1011642, 1, 0, 0
473800, 1031132, 1, 0, 0
473900, 1030634, 1, 0, 0
474000, 1024278, 1, 0, 0
474100, 1005553, 1, 0, 0
474200, 998072, 1, 0, 0
474301, 986477, 1, 0, 0
474400, 1016984, 1, 0, 0
474500, 982314, 1, 0, 0
474600, 1027984, 1, 0, 0
474700, 1051458, 1, 0, 0
474800, 987922, 1, 0, 0
474900, 1033517, 1, 0, 0
475000, 1039634, 1, 0, 0
475100, 999506, 1, 0, 0
475200, 971093, 1, 0, 0
475300, 1021010, 1, 0, 0
475400, 1067269, 1, 0, 0
475500, 957126, 1, 0, 0
475600, 1016635, 1, 0, 0
475700, 1008268, 1, 0, 0
475800, 1006865, 1, 0, 0
475900, 991413, 1, 0, 0
476000, 998146, 1, 0, 0
476100, 997892, 1, 0, 0
476200, 1000895, 1, 0, 0
476300, 991772, 1, 0, 0
476400, 1047637, 1, 0, 0
476500, 971498, 1, 0, 0
476600, 1000612, 1, 0, 0
476700, 992307, 1, 0, 0
476800, 1008021, 1, 0, 0
476900, 989362, 1, 0, 0
477000, 1006950, 1, 0, 0
477100, 1019856, 1, 0, 0
477200, 998224, 1, 0, 0
477300, 994142, 1, 0, 0
477400, 1026533, 1, 0, 0
477500, 1073878, 1, 0, 0
477600, 1025600, 1, 0, 0
477700, 1050057, 1, 0, 0
477800, 1002793, 1, 0, 0
477900, 985190, 1, 0, 0
478001, 993932, 1, 0, 0
478100, 1002626, 1, 0, 0
478200, 1024435, 1, 0, 0
478300, 1059814, 1, 0, 0
478400, 996161, 1, 0, 0
478500, 992213, 1, 0, 0
478600, 1057357, 1, 0, 0
478700, 954050, 1, 0, 0
478801, 957818, 1, 0, 0
478900, 962008, 1, 0, 0
479000, 1066125, 1, 0, 0
479100, 1005391, 1, 0, 0
479200, 1004302, 1, 0, 0
479300, 1023198, 1, 0, 0
479400, 1023467, 1, 0, 0
479500, 1008108, 1, 0, 0
479600, 1047007, 1, 0, 0
479701, 1025291, 1, 0, 0
479801, 1046126, 1, 0, 0
479901, 1018946, 1, 0, 0
480000, 1003739, 1, 0, 0
480100, 1036318, 1, 0, 0
480200, 998593, 1, 0, 0
480300, 1005673, 1, 0, 0
480400, 949491, 1, 0, 0
480500, 993491, 1, 0, 0
480600, 1012578, 1, 0, 0
480700, 954495, 1, 0, 0
480800, 998418, 1, 0, 0
480900, 969975, 1, 0, 0
481000, 1121170, 1, 0, 0
481101, 1032898, 1, 0, 0
481201, 1021237, 1, 0, 0
481300, 1003762, 1, 0, 0
481400, 1039335, 1, 0, 0
481500, 1021729, 1, 0, 0
481600, 1031734, 1, 0, 0
481700, 1024619, 1, 0, 0
481800, 1031639, 1, 0, 0
481900, 1049289, 1, 0, 0
482000, 1053658, 1, 0, 0
482100, 1041447, 1, 0, 0
482200, 1059154, 1, 0, 0
482300, 1072212, 1, 0, 0
482400, 1043634, 1, 0, 0
482500, 1021590, 1, 0, 0
482600, 1014033, 1, 0, 0
482700, 1015194, 1, 0, 0
482800, 1044790, 1, 0, 0
482900, 1047079, 1, 0, 0
483000, 1050084, 1, 0, 0
483100, 1102117, 1, 0, 0
483200, 1049746, 1, 0, 0
483300, 1016427, 1, 0, 0
483400, 1071576, 1, 0, 0
483500, 1047862, 1, 0, 0
483600, 1063409, 1, 0, 0
483700, 1050738, 1, 0, 0
483800, 1078056, 1, 0, 0
483900, 1034357, 1, 0, 0
484000, 1050085, 1, 0, 0
484100, 1029689, 1, 0, 0
484200, 1066864, 1, 0, 0
484300, 1047346, 1, 0, 0
484400, 1061855, 1, 0, 0
484500, 1086549, 1, 0, 0
484601, 1059981, 1, 0, 0
484700, 1035747, 1, 0, 0
484801, 1060912, 1, 0, 0
484900, 1052203, 1, 0, 0
485000, 992747, 1, 0, 0
485100, 1044540, 1, 0, 0
485200, 1012080, 1, 0, 0
485300, 1030107, 1, 0, 0
485400, 1027250, 1, 0, 0
485500, 1052191, 1, 0, 0
485600, 1006276, 1, 0, 0
485700, 1019647, 1, 0, 0
485800, 1023345, 1, 0, 0
485900, 1008280, 1, 0, 0
486000, 1086292, 1, 0, 0
486100, 992570, 1, 0, 0
486200, 1051862, 1, 0, 0
486300, 1036148, 1, 0, 0
486400, 1039265, 1, 0, 0
486501, 1034619, 1, 0, 0
486600, 1030862, 1, 0, 0
486700, 1033803, 1, 0, 0
486800, 1019033, 1, 0, 0
486900, 1019607, 1, 0, 0
487000, 1064993, 1, 0, 0
487100, 1006203, 1, 0, 0
487201, 1064781, 1, 0, 0
487300, 1036109, 1, 0, 0
487400, 1093580, 1, 0, 0
487500, 1043526, 1, 0, 0
487600, 1020641, 1, 0, 0
487700, 1018503, 1, 0, 0
487800, 1040195, 1, 0, 0
487900, 1074112, 1, 0, 0
488000, 1050843, 1, 0, 0
488100, 1060106, 1, 0, 0
488200, 988153, 1, 0, 0
488300, 987337, 1, 0, 0
488400, 1021682, 1, 0, 0
488500, 1051420, 1, 0, 0
488600, 1000502, 1, 0, 0
488702, 1083338, 1, 0, 0
488800, 1016966, 1, 0, 0
488900, 1064281, 1, 0, 0
489001, 1044082, 1, 0, 0
489100, 1012915, 1, 0, 0
489200, 1036843, 1, 0, 0
489300, 1020596, 1, 0, 0
489400, 1022947, 1, 0, 0
489500, 1005332, 1, 0, 0
489600, 1020025, 1, 0, 0
489700, 1078133, 1, 0, 0
489800, 1005957, 1, 0, 0
489900, 1028619, 1, 0, 0
490000, 1061276, 1, 0, 0
490100, 998896, 1, 0, 0
490200, 993807, 1, 0, 0
490300, 1009695, 1, 0, 0
490400, 1031467, 1, 0, 0
490500, 995308, 1, 0, 0
490600, 1030713, 1, 0, 0
490700, 1081674, 1, 0, 0
490800, 1036187, 1, 0, 0
490900, 1007382, 1, 0, 0
491000, 1038305, 1, 0, 0
491100, 1005833, 1, 0, 0
491200, 1014828, 1, 0, 0
491300, 1005173, 1, 0, 0
491400, 1022357, 1, 0, 0
491501, 1022838, 1, 0, 0
491600, 1011507, 1, 0, 0
491700, 1021720, 1, 0, 0
491800, 1057727, 1, 0, 0
491900, 1088151, 1, 0, 0
492000, 994001, 1, 0, 0
492101, 1043942, 1, 0, 0
492200, 1059738, 1, 0, 0
492300, 1039834, 1, 0, 0
492400, 1085088, 1, 0, 0
492501, 1102377, 1, 0, 0
492600, 1042909, 1, 0, 0
492700, 1040222, 1, 0, 0
492800, 1016691, 1, 0, 0
492900, 1007444, 1, 0, 0
493000, 1030037, 1, 0, 0
493100, 1030123, 1, 0, 0
493200, 1047713, 1, 0, 0
493300, 1014471, 1, 0, 0
493400, 1025839, 1, 0, 0
493500, 1000217, 1, 0, 0
493600, 1063139, 1, 0, 0
493700, 1092172, 1, 0, 0
493800, 1093868, 1, 0, 0
493900, 1015686, 1, 0, 0
494000, 1045996, 1, 0, 0
494100, 1047746, 1, 0, 0
494201, 1042883, 1, 0, 0
494300, 1005350, 1, 0, 0
494400, 998102, 1, 0, 0
494500, 994593, 1, 0, 0
494600, 1086762, 1, 0, 0
494700, 1061957, 1, 0, 0
494800, 1065713, 1, 0, 0
494900, 1063476, 1, 0, 0
495000, 1056034, 1, 0, 0
495100, 1042174, 1, 0, 0
495200, 1031838, 1, 0, 0
495300, 1063622, 1, 0, 0
495401, 1087161, 1, 0, 0
495500, 1065017, 1, 0, 0
495601, 1075071, 1, 0, 0
495700, 1053244, 1, 0, 0
495800, 1030921, 1, 0, 0
495900, 1003743, 1, 0, 0
496000, 1023773, 1, 0, 0
496100, 1046317, 1, 0, 0
496200, 1041166, 1, 0, 0
496300, 1099529, 1, 0, 0
496400, 1047582, 1, 0, 0
496500, 1027474, 1, 0, 0
496600, 996605, 1, 0, 0
496700, 1044856, 1, 0, 0
496800, 1060107, 1, 0, 0
496901, 1031041, 1, 0, 0
497000, 1052475, 1, 0, 0
497100, 1053125, 1, 0, 0
497200, 1027723, 1, 0, 0
497300, 1007852, 1, 0, 0
497400, 1072649, 1, 0, 0
497500, 1008371, 1, 0, 0
497601, 1028863, 1, 0, 0
497700, 1049110, 1, 0, 0
497800, 1055441, 1, 0, 0
497900, 1093770, 1, 0, 0
498000, 1093592, 1, 0, 0
498100, 1047585, 1, 0, 0
498200, 1025842, 1, 0, 0
498300, 1068643, 1, 0, 0
498400, 1025783, 1, 0, 0
498500, 1053828, 1, 0, 0
498600, 1031234, 1, 0, 0
498700, 1041020, 1, 0, 0
498800, 1012694, 1, 0, 0
498901, 1052849, 1, 0, 0
499000, 1071468, 1, 0, 0
499100, 1027894, 1, 0, 0
499200, 1005421, 1, 0, 0
499300, 1009906, 1, 0, 0
499400, 1044636, 1, 0, 0
499501, 1027814, 1, 0, 0
499600, 987185, 1, 0, 0
499700, 1019370, 1, 0, 0
499800, 988236, 1, 0, 0
499900, 1038584, 1, 0, 0
500000, 991652, 1, 0, 0
500100, 1008885, 1, 0, 0
500200, 1048626, 1, 0, 0
500300, 1032903, 1, 0, 0
500400, 1059305, 1, 0, 0
500500, 993116, 1, 0, 0
500601, 1057411, 1, 0, 0
500700, 998921, 1, 0, 0
500800, 1028034, 1, 0, 0
500901, 1046636, 1, 0, 0
501000, 998747, 1, 0, 0
501100, 1009537, 1, 0, 0
501200, 1039989, 1, 0, 0
501300, 983968, 1, 0, 0
501401, 1048825, 1, 0, 0
501500, 998024, 1, 0, 0
501600, 1016183, 1, 0, 0
501700, 979741, 1, 0, 0
501800, 993712, 1, 0, 0
501900, 1020304, 1, 0, 0
502000, 1033506, 1, 0, 0
502100, 990124, 1, 0, 0
502200, 965211, 1, 0, 0
502300, 994587, 1, 0, 0
502400, 1015630, 1, 0, 0
502500, 1020398, 1, 0, 0
502600, 1071404, 1, 0, 0
502700, 1010316, 1, 0, 0
502800, 1029946, 1, 0, 0
502900, 1012987, 1, 0, 0
503000, 1018967, 1, 0, 0
503100, 974823, 1, 0, 0
503200, 988084, 1, 0, 0
503300, 1015706, 1, 0, 0
503400, 993457, 1, 0, 0
503500, 975130, 1, 0, 0
503600, 1007544, 1, 0, 0
503701, 954437, 1, 0, 0
503800, 1013894, 1, 0, 0
503900, 1017154, 1, 0, 0
504000, 995838, 1, 0, 0
504100, 972414, 1, 0, 0
504200, 1028559, 1, 0, 0
504300, 1034697, 1, 0, 0
504400, 1027301, 1, 0, 0
504500, 1034814, 1, 0, 0
504600, 1015059, 1, 0, 0
504700, 993741, 1, 0, 0
504800, 997944, 1, 0, 0
504900, 1024684, 1, 0, 0
505000, 995235, 1, 0, 0
505100, 1024011, 1, 0, 0
505200, 1007857, 1, 0, 0
505300, 1028285, 1, 0, 0
505400, 988954, 1, 0, 0
505500, 971054, 1, 0, 0
505600, 952699, 1, 0, 0
505700, 1064456, 1, 0, 0
505800, 1059852, 1, 0, 0
505900, 1030496, 1, 0, 0
506000, 989524, 1, 0, 0
506100, 1019438, 1, 0, 0
506200, 988984, 1, 0, 0
506300, 1026677, 1, 0, 0
506400, 1002980, 1, 0, 0
506500, 1019705, 1, 0, 0
506600, 1018462, 1, 0, 0
506700, 1010196, 1, 0, 0
506800, 1008230, 1, 0, 0
506900, 1007730, 1, 0, 0
507000, 1030794, 1, 0, 0
507100, 1040368, 1, 0, 0
507200, 1035485, 1, 0, 0
507300, 976872, 1, 0, 0
507400, 960163, 1, 0, 0
507500, 1033093, 1, 0, 0
507600, 1020416, 1, 0, 0
507700, 1033390, 1, 0, 0
507800, 982153, 1, 0, 0
507900, 1005583, 1, 0, 0
508001, 1026136, 1, 0, 0
508100, 1047546, 1, 0, 0
508200, 1021596, 1, 0, 0
508300, 1040794, 1, 0, 0
508400, 1071320, 1, 0, 0
508500, 1015240, 1, 0, 0
508600, 1023421, 1, 0, 0
508700, 1010320, 1, 0, 0
508800, 1035721, 1, 0, 0
508900, 1019325, 1, 0, 0
509000, 1025005, 1, 0, 0
509100, 1011789, 1, 0, 0
509200, 1018601, 1, 0, 0
509300, 1036250, 1, 0, 0
509400, 994309, 1, 0, 0
509500, 1062959, 1, 0, 0
509600, 1032937, 1, 0, 0
509700, 1011653, 1, 0, 0
509800, 1002711, 1, 0, 0
509900, 1020977, 1, 0, 0
510000, 1036987, 1, 0, 0
510100, 1019454, 1, 0, 0
510200, 1048840, 1, 0, 0
510300, 1049772, 1, 0, 0
510400, 974570, 1, 0, 0
510500, 1006068, 1, 0, 0
510600, 1018649, 1, 0, 0
510700, 1055098, 1, 0, 0
510800, 961466, 1, 0, 0
510900, 971332, 1, 0, 0
511000, 1050688, 1, 0, 0
511100, 1050453, 1, 0, 0
511200, 1010244, 1, 0, 0
511300, 1041544, 1, 0, 0
511401, 1046933, 1, 0, 0
511500, 1005204, 1, 0, 0
511600, 1017823, 1, 0, 0
511700, 1000943, 1, 0, 0
511800, 1045854, 1, 0, 0
511900, 1066297, 1, 0, 0
512000, 1007521, 1, 0, 0
512100, 991869, 1, 0, 0
512200, 1026703, 1, 0, 0
512300, 993591, 1, 0, 0
512400, 1007131, 1, 0, 0
512500, 986855, 1, 0, 0
512600, 998591, 1, 0, 0
512700, 1010929, 1, 0, 0
512801, 1020960, 1, 0, 0
512900, 1011703, 1, 0, 0
513000, 1017163, 1, 0, 0
513100, 998833, 1, 0, 0
513200, 1032413, 1, 0, 0
513300, 1007841, 1, 0, 0
513400, 1005161, 1, 0, 0
513500, 1039812, 1, 0, 0
513600, 1015736, 1, 0, 0
513700, 1032792, 1, 0, 0
513800, 1007437, 1, 0, 0
513900, 1043212, 1, 0, 0
514000, 988122, 1, 0, 0
514101, 1021400, 1, 0, 0
514200, 1035201, 1, 0, 0
514300, 964372, 1, 0, 0
514400, 986646, 1, 0, 0
514500, 995539, 1, 0, 0
514600, 1062036, 1, 0, 0
514700, 1037919, 1, 0, 0
514800, 995991, 1, 0, 0
514900, 995408, 1, 0, 0
515000, 975054, 1, 0, 0
515100, 1015981, 1, 0, 0
515200, 1014661, 1, 0, 0
515300, 992071, 1, 0, 0
515400, 1018991, 1, 0, 0
515500, 1015811, 1, 0, 0
515600, 1047594, 1, 0, 0
515700, 1021674, 1, 0, 0
515800, 1014545, 1, 0, 0
515900, 975072, 1, 0, 0
516000, 1024431, 1, 0, 0
516100, 990878, 1, 0, 0
516200, 1023604, 1, 0, 0
516300, 1002967, 1, 0, 0
516400, 1025315, 1, 0, 0
516500, 1011501, 1, 0, 0
516600, 1011112, 1, 0, 0
516700, 984524, 1, 0, 0
516800, 1020044, 1, 0, 0
516900, 1014051, 1, 0, 0
517000, 960735, 1, 0, 0
517100, 1009280, 1, 0, 0
517200, 1029401, 1, 0, 0
517300, 1016546, 1, 0, 0
517400, 1029427, 1, 0, 0
517500, 998935, 1, 0, 0
517600, 1020030, 1, 0, 0
517700, 1029817, 1, 0, 0
517800, 1000816, 1, 0, 0
517900, 969332, 1, 0, 0
518000, 1024185, 1, 0, 0
518100, 1056605, 1, 0, 0
518200, 992888, 1, 0, 0
518300, 991356, 1, 0, 0
518401, 1008404, 1, 0, 0
518500, 997691, 1, 0, 0
518600, 1032276, 1, 0, 0
518700, 1036152, 1, 0, 0
518800, 1004115, 1, 0, 0
518900, 973458, 1, 0, 0
519000, 994088, 1, 0, 0
519100, 996316, 1, 0, 0
519200, 961517, 1, 0, 0
519300, 1035024, 1, 0, 0
519400, 990238, 1, 0, 0
519500, 970839, 1, 0, 0
519600, 986566, 1, 0, 0
519700, 995520, 1, 0, 0
519800, 1023262, 1, 0, 0
519900, 1026289, 1, 0, 0
520000, 1020087, 1, 0, 0
520100, 986904, 1, 0, 0
520200, 995756, 1, 0, 0
520300, 951947, 1, 0, 0
520400, 1017205, 1, 0, 0
520500, 952456, 1, 0, 0
520600, 1003994, 1, 0, 0
520700, 986216, 1, 0, 0
520800, 992163, 1, 0, 0
520900, 1020505, 1, 0, 0
521000, 994019, 1, 0, 0
521100, 959848, 1, 0, 0
521200, 1007820, 1, 0, 0
521300, 1003753, 1, 0, 0
521400, 993525, 1, 0, 0
521500, 956558, 1, 0, 0
521600, 1091135, 1, 0, 0
521700, 995160, 1, 0, 0
521800, 983958, 1, 0, 0
521900, 997909, 1, 0, 0
522000, 1048058, 1, 0, 0
522100, 1021905, 1, 0, 0
522200, 1055501, 1, 0, 0
522300, 1008688, 1, 0, 0
522400, 1017907, 1, 0, 0
522501, 1001343, 1, 0, 0
522600, 985618, 1, 0, 0
522700, 988013, 1, 0, 0
522800, 974032, 1, 0, 0
522900, 980550, 1, 0, 0
523000, 973768, 1, 0, 0
523100, 1024722, 1, 0, 0
523200, 971928, 1, 0, 0
523300, 964962, 1, 0, 0
523400, 1036144, 1, 0, 0
523500, 1005467, 1, 0, 0
523600, 1010677, 1, 0, 0
523701, 1015162, 1, 0, 0
523800, 943717, 1, 0, 0
523900, 980453, 1, 0, 0
524000, 1025093, 1, 0, 0
524100, 989711, 1, 0, 0
524200, 1027896, 1, 0, 0
524300, 1049782, 1, 0, 0
524400, 1009585, 1, 0, 0
524500, 962101, 1, 0, 0
524600, 1009015, 1, 0, 0
524700, 935755, 1, 0, 0
524800, 1001986, 1, 0, 0
524900, 1010184, 1, 0, 0
525000, 978490, 1, 0, 0
525100, 1008772, 1, 0, 0
525200, 961940, 1, 0, 0
525300, 986849, 1, 0, 0
525400, 1036876, 1, 0, 0
525500, 1006441, 1, 0, 0
525600, 1003463, 1, 0, 0
525700, 978911, 1, 0, 0
525800, 967155, 1, 0, 0
525900, 1004432, 1, 0, 0
526000, 996315, 1, 0, 0
526100, 985831, 1, 0, 0
526200, 1002373, 1, 0, 0
526300, 988967, 1, 0, 0
526400, 1009849, 1, 0, 0
526500, 1002068, 1, 0, 0
526600, 1013256, 1, 0, 0
526700, 1031090, 1, 0, 0
526800, 970549, 1, 0, 0
526900, 1047285, 1, 0, 0
527000, 1002287, 1, 0, 0
527100, 1024753, 1, 0, 0
527200, 989188, 1, 0, 0
527300, 1058423, 1, 0, 0
527400, 1020476, 1, 0, 0
527500, 978261, 1, 0, 0
527600, 981809, 1, 0, 0
527700, 1021520, 1, 0, 0
527800, 1032082, 1, 0, 0
527900, 1016943, 1, 0, 0
528000, 960034, 1, 0, 0
528100, 973891, 1, 0, 0
528200, 998542, 1, 0, 0
528300, 1006920, 1, 0, 0
528400, 976076, 1, 0, 0
528500, 1002884, 1, 0, 0
528601, 995346, 1, 0, 0
528700, 993725, 1, 0, 0
528800, 978791, 1, 0, 0
528900, 1063492, 1, 0, 0
529000, 1025580, 1, 0, 0
529100, 956365, 1, 0, 0
529200, 1011591, 1, 0, 0
529300, 1005274, 1, 0, 0
529400, 1012087, 1, 0, 0
529500, 995250, 1, 0, 0
529600, 1016338, 1, 0, 0
529701, 1048355, 1, 0, 0
529800, 984567, 1, 0, 0
529900, 1033558, 1, 0, 0
530000, 1029275, 1, 0, 0
530100, 1008701, 1, 0, 0
530200, 1013861, 1, 0, 0
530300, 990088, 1, 0, 0
530400, 1046564, 1, 0, 0
530500, 1006777, 1, 0, 0
530600, 1002588, 1, 0, 0
530700, 985746, 1, 0, 0
530800, 1028929, 1, 0, 0
530900, 981016, 1, 0, 0
531000, 997168, 1, 0, 0
531100, 1085265, 1, 0, 0
531200, 983905, 1, 0, 0
531300, 1037842, 1, 0, 0
531400, 1008822, 1, 0, 0
531500, 1020672, 1, 0, 0
531600, 1036903, 1, 0, 0
531700, 1033023, 1, 0, 0
531800, 1005891, 1, 0, 0
531900, 1015738, 1, 0, 0
532000, 1013136, 1, 0, 0
532101, 1055720, 1, 0, 0
532200, 961675, 1, 0, 0
532301, 994076, 1, 0, 0
532400, 1011023, 1, 0, 0
532500, 955644, 1, 0, 0
532600, 1007604, 1, 0, 0
532700, 1046782, 1, 0, 0
532800, 1001403, 1, 0, 0
532900, 990050, 1, 0, 0
533000, 1023785, 1, 0, 0
533100, 1009018, 1, 0, 0
533200, 1003747, 1, 0, 0
533300, 1017197, 1, 0, 0
533400, 1036877, 1, 0, 0
533500, 1064685, 1, 0, 0
533600, 1033221, 1, 0, 0
533700, 1032623, 1, 0, 0
533800, 1000425, 1, 0, 0
533900, 1017585, 1, 0, 0
534000, 1063467, 1, 0, 0
534100, 1044459, 1, 0, 0
534200, 1034642, 1, 0, 0
534300, 1060934, 1, 0, 0
534400, 1078694, 1, 0, 0
534500, 1035007, 1, 0, 0
534601, 1024730, 1, 0, 0
534700, 997051, 1, 0, 0
534800, 1025764, 1, 0, 0
534900, 1000434, 1, 0, 0
535000, 1030505, 1, 0, 0
535100, 1058914, 1, 0, 0
535200, 977032, 1, 0, 0
535300, 1041612, 1, 0, 0
535400, 1048844, 1, 0, 0
535500, 1027932, 1, 0, 0
535601, 1013278, 1, 0, 0
535701, 1037797, 1, 0, 0
535800, 1002941, 1, 0, 0
535900, 1005850, 1, 0, 0
536000, 1019256, 1, 0, 0
536100, 1037743, 1, 0, 0
536200, 982536, 1, 0, 0
536300, 1033681, 1, 0, 0
536400, 1080145, 1, 0, 0
536500, 1019304, 1, 0, 0
536600, 1037182, 1, 0, 0
536700, 1010491, 1, 0, 0
536800, 1013061, 1, 0, 0
536900, 1020851, 1, 0, 0
537000, 1010547, 1, 0, 0
537100, 998018, 1, 0, 0
537200, 1018844, 1, 0, 0
537300, 993093, 1, 0, 0
537400, 1023149, 1, 0, 0
537500, 1004930, 1, 0, 0
537600, 1076184, 1, 0, 0
537701, 1020331, 1, 0, 0
537800, 1031229, 1, 0, 0
537900, 999176, 1, 0, 0
538000, 1024719, 1, 0, 0
538100, 1016974, 1, 0, 0
538200, 996083, 1, 0, 0
538300, 1001775, 1, 0, 0
538401, 979655, 1, 0, 0
538500, 1017333, 1, 0, 0
538600, 1007229, 1, 0, 0
538700, 1000539, 1, 0, 0
538801, 1027282, 1, 0, 0
538900, 988774, 1, 0, 0
539001, 1018616, 1, 0, 0
539100, 1010205, 1, 0, 0
539200, 1047245, 1, 0, 0
539300, 1077356, 1, 0, 0
539400, 1040647, 1, 0, 0
539500, 986263, 1, 0, 0
539600, 1038785, 1, 0, 0
539700, 1073831, 1, 0, 0
539800, 1003141, 1, 0, 0
539900, 1030979, 1, 0, 0
540000, 1030206, 1, 0, 0
540100, 1036667, 1, 0, 0
540200, 995711, 1, 0, 0
540300, 1064058, 1, 0, 0
540400, 989469, 1, 0, 0
540500, 995231, 1, 0, 0
540600, 999989, 1, 0, 0
540701, 1004578, 1, 0, 0
540800, 1022546, 1, 0, 0
540900, 1039485, 1, 0, 0
541001, 1051499, 1, 0, 0
541101, 1050418, 1, 0, 0
541200, 1037809, 1, 0, 0
541300, 1057684, 1, 0, 0
541400, 1001750, 1, 0, 0
541500, 1047254, 1, 0, 0
541600, 1030626, 1, 0, 0
541700, 1005047, 1, 0, 0
541800, 991601, 1, 0, 0
541900, 993781, 1, 0, 0
542000, 1048986, 1, 0, 0
542100, 1027075, 1, 0, 0
542200, 1016262, 1, 0, 0
542300, 990607, 1, 0, 0
542400, 993508, 1, 0, 0
542500, 1001860, 1, 0, 0
542600, 987404, 1, 0, 0
542700, 980065, 1, 0, 0
542800, 1030475, 1, 0, 0
542900, 1034237, 1, 0, 0
543000, 1025497, 1, 0, 0
543101, 1014391, 1, 0, 0
543200, 1035721, 1, 0, 0
543300, 1014729, 1, 0, 0
543400, 995188, 1, 0, 0
543500, 1038098, 1, 0, 0
543600, 1012749, 1, 0, 0
543700, 1027799, 1, 0, 0
543800, 1011133, 1, 0, 0
543900, 1017037, 1, 0, 0
544000, 991642, 1, 0, 0
544100, 1011103, 1, 0, 0
544200, 990259, 1, 0, 0
544300, 1006474, 1, 0, 0
544400, 1025138, 1, 0, 0
544500, 980459, 1, 0, 0
544600, 1000913, 1, 0, 0
544700, 1044846, 1, 0, 0
544800, 1037267, 1, 0, 0
544900, 988091, 1, 0, 0
545000, 1009663, 1, 0, 0
545100, 980628, 1, 0, 0
545200, 1038598, 1, 0, 0
545300, 988497, 1, 0, 0
545400, 1021735, 1, 0, 0
545500, 1005949, 1, 0, 0
545600, 1015587, 1, 0, 0
545700, 996573, 1, 0, 0
545800, 996979, 1, 0, 0
545900, 978329, 1, 0, 0
546000, 995659, 1, 0, 0
546100, 990406, 1, 0, 0
546200, 996111, 1, 0, 0
546300, 976243, 1, 0, 0
546400, 987102, 1, 0, 0
546500, 973401, 1, 0, 0
546600, 983724, 1, 0, 0
546700, 1039676, 1, 0, 0
546800, 957726, 1, 0, 0
546900, 1014389, 1, 0, 0
547000, 974037, 1, 0, 0
547100, 1043485, 1, 0, 0
547200, 1030607, 1, 0, 0
547300, 998090, 1, 0, 0
547400, 971228, 1, 0, 0
547500, 1003419, 1, 0, 0
547600, 961353, 1, 0, 0
547700, 973430, 1, 0, 0
547800, 1005449, 1, 0, 0
547900, 1034047, 1, 0, 0
548000, 994441, 1, 0, 0
548100, 1054751, 1, 0, 0
548200, 954856, 1, 0, 0
548300, 961403, 1, 0, 0
548400, 1000567, 1, 0, 0
548500, 1018596, 1, 0, 0
548600, 949333, 1, 0, 0
548700, 1007104, 1, 0, 0
548800, 1001263, 1, 0, 0
548900, 1035184, 1, 0, 0
549000, 977156, 1, 0, 0
549100, 980745, 1, 0, 0
549200, 998463, 1, 0, 0
549300, 948852, 1, 0, 0
549400, 990419, 1, 0, 0
549500, 1024303, 1, 0, 0
549600, 1007614, 1, 0, 0
549700, 972467, 1, 0, 0
549800, 963844, 1, 0, 0
549900, 973037, 1, 0, 0
550001, 1005845, 1, 0, 0
550100, 991177, 1, 0, 0
550201, 984246, 1, 0, 0
550300, 1003154, 1, 0, 0
550400, 990213, 1, 0, 0
550500, 1005018, 1, 0, 0
550600, 970149, 1, 0, 0
550700, 982421, 1, 0, 0
550800, 1003450, 1, 0, 0
550900, 975168, 1, 0, 0
551000, 972801, 1, 0, 0
551100, 1027521, 1, 0, 0
551200, 982682, 1, 0, 0
551300, 975384, 1, 0, 0
551400, 1017399, 1, 0, 0
551500, 1004698, 1, 0, 0
551600, 969229, 1, 0, 0
551700, 1006976, 1, 0, 0
551800, 1068948, 1, 0, 0
551900, 1013360, 1, 0, 0
552000, 973787, 1, 0, 0
552100, 1026266, 1, 0, 0
552200, 994692, 1, 0, 0
552300, 1017903, 1, 0, 0
552400, 981521, 1, 0, 0
552500, 1011502, 1, 0, 0
552600, 1024750, 1, 0, 0
552700, 1015704, 1, 0, 0
552800, 997542, 1, 0, 0
552900, 996497, 1, 0, 0
553000, 974297, 1, 0, 0
553100, 992716, 1, 0, 0
553200, 1039688, 1, 0, 0
553300, 1029212, 1, 0, 0
553400, 1007409, 1, 0, 0
553500, 1011569, 1, 0, 0
553600, 1019094, 1, 0, 0
553700, 988958, 1, 0, 0
553800, 1011082, 1, 0, 0
553900, 1014115, 1, 0, 0
554002, 1017304, 1, 0, 0
554100, 998190, 1, 0, 0
554200, 1022626, 1, 0, 0
554300, 1037904, 1, 0, 0
554400, 993868, 1, 0, 0
554500, 1014391, 1, 0, 0
554600, 989877, 1, 0, 0
554700, 985258, 1, 0, 0
554801, 1001218, 1, 0, 0
554900, 985550, 1, 0, 0
555000, 1001002, 1, 0, 0
555100, 976417, 1, 0, 0
555200, 998459, 1, 0, 0
555300, 1005977, 1, 0, 0
555400, 1004851, 1, 0, 0
555500, 985555, 1, 0, 0
555600, 1039817, 1, 0, 0
555701, 1028090, 1, 0, 0
555800, 1086870, 1, 0, 0
555900, 983969, 1, 0, 0
556000, 967334, 1, 0, 0
556100, 1006787, 1, 0, 0
556200, 1010068, 1, 0, 0
556300, 1007944, 1, 0, 0
556400, 999346, 1, 0, 0
556500, 1029692, 1, 0, 0
556600, 1005570, 1, 0, 0
556700, 992009, 1, 0, 0
556800, 1009454, 1, 0, 0
556900, 964085, 1, 0, 0
557000, 983584, 1, 0, 0
557100, 963351, 1, 0, 0
557200, 987362, 1, 0, 0
557300, 992547, 1, 0, 0
557400, 985458, 1, 0, 0
557500, 992549, 1, 0, 0
557600, 965834, 1, 0, 0
557700, 1029947, 1, 0, 0
557800, 973002, 1, 0, 0
557900, 975882, 1, 0, 0
558000, 1023826, 1, 0, 0
558101, 1077185, 1, 0, 0
558201, 1008561, 1, 0, 0
558300, 1045920, 1, 0, 0
558400, 989042, 1, 0, 0
558500, 1016480, 1, 0, 0
558601, 1022807, 1, 0, 0
558700, 992507, 1, 0, 0
558800, 983911, 1, 0, 0
558900, 1064737, 1, 0, 0
559001, 981852, 1, 0, 0
559100, 1006364, 1, 0, 0
559200, 973218, 1, 0, 0
559300, 1000982, 1, 0, 0
559400, 993838, 1, 0, 0
559500, 982495, 1, 0, 0
559600, 1042075, 1, 0, 0
559700, 1038142, 1, 0, 0
559800, 987022, 1, 0, 0
559900, 982372, 1, 0, 0
560000, 981832, 1, 0, 0
560100, 1035083, 1, 0, 0
560200, 986586, 1, 0, 0
560300, 1037873, 1, 0, 0
560400, 1008956, 1, 0, 0
560500, 1001562, 1, 0, 0
560600, 1004302, 1, 0, 0
560700, 1041266, 1, 0, 0
560800, 1007996, 1, 0, 0
560900, 1036899, 1, 0, 0
561000, 983476, 1, 0, 0
561100, 990935, 1, 0, 0
561200, 1019683, 1, 0, 0
561300, 1007098, 1, 0, 0
561400, 1041727, 1, 0, 0
561500, 1029752, 1, 0, 0
561600, 1017051, 1, 0, 0
561700, 1026953, 1, 0, 0
561800, 975170, 1, 0, 0
561900, 988722, 1, 0, 0
562000, 1042802, 1, 0, 0
562100, 989062, 1, 0, 0
562200, 1022773, 1, 0, 0
562300, 1021388, 1, 0, 0
562400, 1003860, 1, 0, 0
562500, 1039973, 1, 0, 0
562600, 1060004, 1, 0, 0
562700, 1014307, 1, 0, 0
562800, 1069559, 1, 0, 0
562900, 1079003, 1, 0, 0
563000, 1014971, 1, 0, 0
563100, 1068014, 1, 0, 0
563200, 999763, 1, 0, 0
563300, 1039661, 1, 0, 0
563400, 1025246, 1, 0, 0
563500, 1024169, 1, 0, 0
563600, 999405, 1, 0, 0
563700, 1015088, 1, 0, 0
563800, 995487, 1, 0, 0
563900, 1047478, 1, 0, 0
564000, 1016391, 1, 0, 0
564100, 1005838, 1, 0, 0
564200, 1043937, 1, 0, 0
564300, 1034174, 1, 0, 0
564400, 1070742, 1, 0, 0
564500, 1066917, 1, 0, 0
564600, 1034517, 1, 0, 0
564700, 1052123, 1, 0, 0
564800, 1033240, 1, 0, 0
564900, 1044440, 1, 0, 0
565000, 1064384, 1, 0, 0
565100, 1000529, 1, 0, 0
565200, 1035302, 1, 0, 0
565300, 1050853, 1, 0, 0
565401, 1055106, 1, 0, 0
565500, 1024981, 1, 0, 0
565600, 1032902, 1, 0, 0
565700, 1036578, 1, 0, 0
565800, 1033021, 1, 0, 0
565900, 1057025, 1, 0, 0
566000, 1041748, 1, 0, 0
566100, 1033325, 1, 0, 0
566200, 1058601, 1, 0, 0
566300, 999604, 1, 0, 0
566400, 1059609, 1, 0, 0
566500, 1011055, 1, 0, 0
566600, 1028101, 1, 0, 0
566700, 1011379, 1, 0, 0
566800, 1061538, 1, 0, 0
566900, 1013636, 1, 0, 0
567000, 996981, 1, 0, 0
567100, 1013935, 1, 0, 0
567200, 1052006, 1, 0, 0
567300, 1070367, 1, 0, 0
567400, 1042183, 1, 0, 0
567500, 1069683, 1, 0, 0
567600, 984771, 1, 0, 0
567700, 987146, 1, 0, 0
567800, 1008889, 1, 0, 0
567900, 1034141, 1, 0, 0
568000, 1051630, 1, 0, 0
568100, 1042978, 1, 0, 0
568200, 1005529, 1, 0, 0
568300, 1038304, 1, 0, 0
568400, 1043588, 1, 0, 0
568501, 1040748, 1, 0, 0
568600, 1045338, 1, 0, 0
568700, 1068307, 1, 0, 0
568800, 1046926, 1, 0, 0
568901, 1083523, 1, 0, 0
569000, 1011524, 1, 0, 0
569100, 1051031, 1, 0, 0
569200, 1023518, 1, 0, 0
569300, 1008983, 1, 0, 0
569400, 976820, 1, 0, 0
569500, 1026015, 1, 0, 0
569600, 1034531, 1, 0, 0
569700, 1035875, 1, 0, 0
569800, 1062890, 1, 0, 0
569900, 1000670, 1, 0, 0
570000, 1021487, 1, 0, 0
570100, 1101444, 1, 0, 0
570200, 1067103, 1, 0, 0
570300, 1007517, 1, 0, 0
570400, 1065459, 1, 0, 0
570500, 990990, 1, 0, 0
570600, 997359, 1, 0, 0
570700, 1025360, 1, 0, 0
570800, 1099009, 1, 0, 0
570900, 1056105, 1, 0, 0
571000, 1005264, 1, 0, 0
571100, 1039502, 1, 0, 0
571200, 1005536, 1, 0, 0
571301, 1040248, 1, 0, 0
571400, 1011967, 1, 0, 0
571500, 1011693, 1, 0, 0
571600, 1042961, 1, 0, 0
571700, 1042565, 1, 0, 0
571800, 1008464, 1, 0, 0
571900, 1006123, 1, 0, 0
572000, 1028612, 1, 0, 0
572100, 1040751, 1, 0, 0
572200, 1061685, 1, 0, 0
572300, 985259, 1, 0, 0
572400, 1013580, 1, 0, 0
572500, 1036331, 1, 0, 0
572600, 1012440, 1, 0, 0
572700, 1039470, 1, 0, 0
572800, 1010668, 1, 0, 0
572900, 1041981, 1, 0, 0
573000, 1025900, 1, 0, 0
573100, 994471, 1, 0, 0
573200, 991039, 1, 0, 0
573300, 1022348, 1, 0, 0
573400, 990435, 1, 0, 0
573500, 994859, 1, 0, 0
573600, 982153, 1, 0, 0
573700, 975093, 1, 0, 0
573800, 966593, 1, 0, 0
573900, 993505, 1, 0, 0
574000, 1055902, 1, 0, 0
574100, 993861, 1, 0, 0
574200, 1018853, 1, 0, 0
574300, 982963, 1, 0, 0
574400, 1006011, 1, 0, 0
574500, 995809, 1, 0, 0
574600, 962863, 1, 0, 0
574700, 997912, 1, 0, 0
574800, 988033, 1, 0, 0
574900, 1064191, 1, 0, 0
575000, 1033424, 1, 0, 0
575101, 1002989, 1, 0, 0
575200, 995587, 1, 0, 0
575300, 964798, 1, 0, 0
575400, 1009316, 1, 0, 0
575500, 983140, 1, 0, 0
575600, 996562, 1, 0, 0
575700, 979162, 1, 0, 0
575800, 1028398, 1, 0, 0
575900, 993914, 1, 0, 0
576000, 971692, 1, 0, 0
576100, 956808, 1, 0, 0
576200, 974862, 1, 0, 0
576300, 1029618, 1, 0, 0
576400, 1039257, 1, 0, 0
576500, 1026496, 1, 0, 0
576600, 1020326, 1, 0, 0
576700, 985938, 1, 0, 0
576800, 982644, 1, 0, 0
576900, 967659, 1, 0, 0
577000, 1010856, 1, 0, 0
577100, 1004958, 1, 0, 0
577200, 1020008, 1, 0, 0
577300, 1019588, 1, 0, 0
577400, 1039788, 1, 0, 0
577501, 1069702, 1, 0, 0
577600, 980408, 1, 0, 0
577700, 980471, 1, 0, 0
577800, 987785, 1, 0, 0
577900, 1004179, 1, 0, 0
578000, 1012145, 1, 0, 0
578100, 980901, 1, 0, 0
578200, 1009229, 1, 0, 0
578301, 1017969, 1, 0, 0
578401, 1016522, 1, 0, 0
578500, 979230, 1, 0, 0
578600, 1008554, 1, 0, 0
578700, 1004310, 1, 0, 0
578800, 1005887, 1, 0, 0
578900, 1059551, 1, 0, 0
579000, 996278, 1, 0, 0
579100, 1007403, 1, 0, 0
579200, 1038512, 1, 0, 0
579300, 1007605, 1, 0, 0
579400, 1020221, 1, 0, 0
579500, 974420, 1, 0, 0
579600, 1030672, 1, 0, 0
579700, 994204, 1, 0, 0
579800, 958606, 1, 0, 0
579900, 967601, 1, 0, 0
580000, 993429, 1, 0, 0
580100, 992690, 1, 0, 0
580200, 982521, 1, 0, 0
580300, 997085, 1, 0, 0
580400, 1019744, 1, 0, 0
580500, 988557, 1, 0, 0
580600, 991792, 1, 0, 0
580700, 986377, 1, 0, 0
580800, 1011431, 1, 0, 0
580900, 1005945, 1, 0, 0
581000, 980596, 1, 0, 0
581100, 1006738, 1, 0, 0
581200, 1029602, 1, 0, 0
581300, 992177, 1, 0, 0
581400, 1003242, 1, 0, 0
581500, 1012212, 1, 0, 0
581600, 1040818, 1, 0, 0
581700, 975784, 1, 0, 0
581801, 994376, 1, 0, 0
581900, 1000213, 1, 0, 0
582000, 988608, 1, 0, 0
582100, 1010940, 1, 0, 0
582200, 990153, 1, 0, 0
582300, 990588, 1, 0, 0
582400, 1018829, 1, 0, 0
582500, 990328, 1, 0, 0
582600, 1001939, 1, 0, 0
582700, 989861, 1, 0, 0
582800, 986259, 1, 0, 0
582900, 1006316, 1, 0, 0
583000, 982826, 1, 0, 0
583100, 994325, 1, 0, 0
583200, 976701, 1, 0, 0
583300, 986604, 1, 0, 0
583400, 971786, 1, 0, 0
583500, 1016692, 1, 0, 0
583601, 1018262, 1, 0, 0
583700, 970854, 1, 0, 0
583800, 1001685, 1, 0, 0
583900, 999470, 1, 0, 0
584001, 949347, 1, 0, 0
584100, 1001979, 1, 0, 0
584200, 980283, 1, 0, 0
584300, 973601, 1, 0, 0
584400, 1012745, 1, 0, 0
584500, 1014150, 1, 0, 0
584600, 998109, 1, 0, 0
584700, 996824, 1, 0, 0
584800, 962682, 1, 0, 0
584900, 1046278, 1, 0, 0
585000, 1034158, 1, 0, 0
585100, 1029947, 1, 0, 0
585200, 986304, 1, 0, 0
585300, 995614, 1, 0, 0
585400, 974658, 1, 0, 0
585500, 965429, 1, 0, 0
585600, 1038747, 1, 0, 0
585700, 991555, 1, 0, 0
585800, 1055562, 1, 0, 0
585900, 976726, 1, 0, 0
586000, 1022763, 1, 0, 0
586101, 1023107, 1, 0, 0
586200, 992914, 1, 0, 0
586300, 979505, 1, 0, 0
586400, 993040, 1, 0, 0
586500, 970399, 1, 0, 0
586600, 986417, 1, 0, 0
586700, 1056792, 1, 0, 0
586800, 974525, 1, 0, 0
586900, 995814, 1, 0, 0
587000, 985658, 1, 0, 0
587100, 961144, 1, 0, 0
587200, 982374, 1, 0, 0
587300, 1008138, 1, 0, 0
587400, 1002941, 1, 0, 0
587500, 977236, 1, 0, 0
587600, 1030884, 1, 0, 0
587700, 1004067, 1, 0, 0
587801, 1011767, 1, 0, 0
587900, 1005747, 1, 0, 0
588000, 1072490, 1, 0, 0
588100, 1122087, 1, 0, 0
588200, 1004777, 1, 0, 0
588300, 996050, 1, 0, 0
588400, 1004353, 1, 0, 0
588500, 1022314, 1, 0, 0
588600, 1023053, 1, 0, 0
588701, 1001298, 1, 0, 0
588801, 1050841, 1, 0, 0
588901, 1043207, 1, 0, 0
589000, 1053572, 1, 0, 0
589100, 1010553, 1, 0, 0
589200, 1038492, 1, 0, 0
589300, 1006988, 1, 0, 0
589400, 1039510, 1, 0, 0
589500, 1043356, 1, 0, 0
589600, 987496, 1, 0, 0
589700, 954851, 1, 0, 0
589800, 997481, 1, 0, 0
589900, 1007028, 1, 0, 0
590001, 1081774, 1, 0, 0
590101, 1015912, 1, 0, 0
590200, 998580, 1, 0, 0
590300, 1064350, 1, 0, 0
590400, 1079470, 1, 0, 0
590500, 1046340, 1, 0, 0
590600, 1010586, 1, 0, 0
590701, 1012594, 1, 0, 0
590800, 1017158, 1, 0, 0
590901, 1019546, 1, 0, 0
591000, 1010054, 1, 0, 0
591101, 1048452, 1, 0, 0
591200, 990448, 1, 0, 0
591300, 1046262, 1, 0, 0
591400, 1042858, 1, 0, 0
591500, 970175, 1, 0, 0
591600, 1036437, 1, 0, 0
591700, 1031319, 1, 0, 0
591800, 1016315, 1, 0, 0
591900, 1001343, 1, 0, 0
592001, 1004678, 1, 0, 0
592100, 1015952, 1, 0, 0
592200, 1006236, 1, 0, 0
592300, 988597, 1, 0, 0
592400, 1044911, 1, 0, 0
592500, 1041126, 1, 0, 0
592600, 1006192, 1, 0, 0
592700, 1075532, 1, 0, 0
592800, 1036621, 1, 0, 0
592900, 1051789, 1, 0, 0
593000, 1023258, 1, 0, 0
593100, 984122, 1, 0, 0
593200, 1025044, 1, 0, 0
593300, 1013694, 1, 0, 0
593400, 1017981, 1, 0, 0
593501, 1004155, 1, 0, 0
593600, 1011019, 1, 0, 0
593700, 989109, 1, 0, 0
593800, 987039, 1, 0, 0
593900, 1012891, 1, 0, 0
594000, 999828, 1, 0, 0
594100, 1044981, 1, 0, 0
594201, 1044218, 1, 0, 0
594300, 1032254, 1, 0, 0
594400, 969327, 1, 0, 0
594500, 1038700, 1, 0, 0
594600, 1026041, 1, 0, 0
594700, 1047877, 1, 0, 0
594800, 1011721, 1, 0, 0
594900, 1042966, 1, 0, 0
595000, 1040138, 1, 0, 0
595101, 1030870, 1, 0, 0
595200, 999754, 1, 0, 0
595300, 1020736, 1, 0, 0
595400, 1007050, 1, 0, 0
595500, 1014322, 1, 0, 0
595600, 1034914, 1, 0, 0
595700, 1052876, 1, 0, 0
595800, 1024420, 1, 0, 0
595900, 1063967, 1, 0, 0
596000, 1017201, 1, 0, 0
596100, 1052982, 1, 0, 0
596200, 997524, 1, 0, 0
596300, 1001687, 1, 0, 0
596400, 1010772, 1, 0, 0
596500, 1051916, 1, 0, 0
596600, 995544, 1, 0, 0
596700, 1038017, 1, 0, 0
596801, 1012612, 1, 0, 0
596900, 1033329, 1, 0, 0
597000, 1004975, 1, 0, 0
597101, 1026866, 1, 0, 0
597200, 1005361, 1, 0, 0
597300, 1003615, 1, 0, 0
597400, 1007733, 1, 0, 0
597500, 984081, 1, 0, 0
597600, 973064, 1, 0, 0
597700, 1014087, 1, 0, 0
597800, 951766, 1, 0, 0
597900, 976319, 1, 0, 0
598000, 995259, 1, 0, 0
598100, 1031216, 1, 0, 0
598200, 1016547, 1, 0, 0
598300, 1013545, 1, 0, 0
598401, 1037269, 1, 0, 0
598500, 989111, 1, 0, 0
598600, 1002993, 1, 0, 0
598700, 997028, 1, 0, 0
598800, 976406, 1, 0, 0
598901, 1047512, 1, 0, 0
599000, 1034137, 1, 0, 0
599100, 992694, 1, 0, 0
599200, 992962, 1, 0, 0
599300, 986915, 1, 0, 0
599400, 979291, 1, 0, 0
599501, 1002594, 1, 0, 0
599600, 1042168, 1, 0, 0
599700, 1012795, 1, 0, 0
599800, 1041704, 1, 0, 0
599900, 1036182, 1, 0, 0
600000, 1007613, 1, 0, 0
