100, 1398667, 1, 0, 0
200, 1405982, 1, 0, 0
300, 1290594, 1, 0, 0
400, 1298133, 1, 0, 0
500, 1364448, 1, 0, 0
601, 1387009, 1, 0, 0
700, 1391156, 1, 0, 0
800, 1385802, 1, 0, 0
901, 1419122, 1, 0, 0
1000, 1303102, 1, 0, 0
1100, 1391044, 1, 0, 0
1200, 1306499, 1, 0, 0
1300, 1330761, 1, 0, 0
1400, 1352333, 1, 0, 0
1500, 1259414, 1, 0, 0
1601, 1273775, 1, 0, 0
1700, 1355862, 1, 0, 0
1800, 1340279, 1, 0, 0
1900, 1381521, 1, 0, 0
2000, 1336659, 1, 0, 0
2101, 1291819, 1, 0, 0
2201, 1384683, 1, 0, 0
2300, 1318908, 1, 0, 0
2400, 1311356, 1, 0, 0
2501, 1341373, 1, 0, 0
2600, 1345199, 1, 0, 0
2700, 1380556, 1, 0, 0
2801, 1382956, 1, 0, 0
2900, 1336222, 1, 0, 0
3000, 1334330, 1, 0, 0
3100, 1359720, 1, 0, 0
3200, 1317117, 1, 0, 0
3301, 1399487, 1, 0, 0
3401, 1314723, 1, 0, 0
3500, 1270931, 1, 0, 0
3600, 1381830, 1, 0, 0
3700, 1338534, 1, 0, 0
3801, 1336978, 1, 0, 0
3900, 1359031, 1, 0, 0
4000, 1225965, 1, 0, 0
4100, 1417145, 1, 0, 0
4200, 1326565, 1, 0, 0
4300, 1448862, 1, 0, 0
4400, 1326332, 1, 0, 0
4500, 1392534, 1, 0, 0
4600, 1422988, 1, 0, 0
4700, 1318307, 1, 0, 0
4800, 1298262, 1, 0, 0
4900, 1355175, 1, 0, 0
5000, 1268133, 1, 0, 0
5101, 1267222, 1, 0, 0
5201, 1319841, 1, 0, 0
5300, 1308024, 1, 0, 0
5400, 1315479, 1, 0, 0
5501, 1356150, 1, 0, 0
5600, 1307429, 1, 0, 0
5701, 1361361, 1, 0, 0
5800, 1270068, 1, 0, 0
5902, 1373614, 1, 0, 0
6000, 1322304, 1, 0, 0
6100, 1385415, 1, 0, 0
6200, 1347839, 1, 0, 0
6301, 1326161, 1, 0, 0
6400, 1357738, 1, 0, 0
6500, 1334138, 1, 0, 0
6600, 1398420, 1, 0, 0
6700, 1354151, 1, 0, 0
6800, 1309492, 1, 0, 0
6900, 1246219, 1, 0, 0
7000, 1491710, 1, 0, 0
7100, 1310840, 1, 0, 0
7200, 1359807, 1, 0, 0
7301, 1390625, 1, 0, 0
7401, 1331828, 1, 0, 0
7500, 1283106, 1, 0, 0
7600, 1334194, 1, 0, 0
7700, 1322713, 1, 0, 0
7800, 1359619, 1, 0, 0
7900, 1279653, 1, 0, 0
8001, 1278481, 1, 0, 0
8101, 1280306, 1, 0, 0
8200, 1342493, 1, 0, 0
8301, 1335527, 1, 0, 0
8400, 1323182, 1, 0, 0
8500, 1282611, 1, 0, 0
8600, 1261092, 1, 0, 0
8700, 1313858, 1, 0, 0
8800, 1256641, 1, 0, 0
8900, 1286855, 1, 0, 0
9001, 1303606, 1, 0, 0
9101, 1370231, 1, 0, 0
9201, 1330870, 1, 0, 0
9300, 1255766, 1, 0, 0
9400, 1378217, 1, 0, 0
9500, 1225207, 1, 0, 0
9601, 1222098, 1, 0, 0
9701, 1297255, 1, 0, 0
9800, 1338247, 1, 0, 0
9901, 1331392, 1, 0, 0
10001, 1361896, 1, 0, 0
10100, 1333422, 1, 0, 0
10200, 1298304, 1, 0, 0
10300, 1263505, 1, 0, 0
10400, 1299844, 1, 0, 0
10500, 1262392, 1, 0, 0
10601, 1300160, 1, 0, 0
10700, 1335026, 1, 0, 0
10800, 1291861, 1, 0, 0
10900, 1244783, 1, 0, 0
11000, 1256497, 1, 0, 0
11100, 1368028, 1, 0, 0
11201, 1284537, 1, 0, 0
11300, 1273773, 1, 0, 0
11400, 1312203, 1, 0, 0
11500, 1312409, 1, 0, 0
11600, 1318952, 1, 0, 0
11700, 1302865, 1, 0, 0
11800, 1264755, 1, 0, 0
11900, 1379153, 1, 0, 0
12000, 1323765, 1, 0, 0
12100, 1304038, 1, 0, 0
12200, 1345972, 1, 0, 0
12300, 1231141, 1, 0, 0
12401, 1337715, 1, 0, 0
12500, 1273182, 1, 0, 0
12600, 1297980, 1, 0, 0
12700, 1296951, 1, 0, 0
12801, 1396027, 1, 0, 0
12900, 1319591, 1, 0, 0
13000, 1282394, 1, 0, 0
13100, 1266874, 1, 0, 0
13200, 1308485, 1, 0, 0
13301, 1315141, 1, 0, 0
13400, 1261163, 1, 0, 0
13501, 1342092, 1, 0, 0
13600, 1233977, 1, 0, 0
13700, 1257856, 1, 0, 0
13800, 1281151, 1, 0, 0
13900, 1290904, 1, 0, 0
14000, 1243338, 1, 0, 0
14101, 1343265, 1, 0, 0
14200, 1303799, 1, 0, 0
14300, 1347985, 1, 0, 0
14401, 1361592, 1, 0, 0
14501, 1350831, 1, 0, 0
14601, 1389269, 1, 0, 0
14701, 1330869, 1, 0, 0
14800, 1301997, 1, 0, 0
14900, 1295323, 1, 0, 0
15000, 1276333, 1, 0, 0
15100, 1267548, 1, 0, 0
15200, 1351590, 1, 0, 0
15301, 1238429, 1, 0, 0
15400, 1244219, 1, 0, 0
15501, 1340151, 1, 0, 0
15601, 1329394, 1, 0, 0
15701, 1329851, 1, 0, 0
15801, 1429353, 1, 0, 0
15901, 1280910, 1, 0, 0
16000, 1410435, 1, 0, 0
16101, 1317306, 1, 0, 0
16201, 1271424, 1, 0, 0
16300, 1206461, 1, 0, 0
16401, 1331169, 1, 0, 0
16501, 1241527, 1, 0, 0
16601, 1297055, 1, 0, 0
16700, 1305725, 1, 0, 0
16800, 1311264, 1, 0, 0
16901, 1273423, 1, 0, 0
17000, 1235803, 1, 0, 0
17100, 1255250, 1, 0, 0
17201, 1241343, 1, 0, 0
17300, 1265593, 1, 0, 0
17400, 1254002, 1, 0, 0
17500, 1245973, 1, 0, 0
17600, 1336541, 1, 0, 0
17700, 1322490, 1, 0, 0
17800, 1317649, 1, 0, 0
17900, 1314459, 1, 0, 0
18000, 1309699, 1, 0, 0
18100, 1358245, 1, 0, 0
18200, 1328035, 1, 0, 0
18300, 1282450, 1, 0, 0
18400, 1311910, 1, 0, 0
18500, 1312072, 1, 0, 0
18600, 1367080, 1, 0, 0
18700, 1246967, 1, 0, 0
18800, 1299254, 1, 0, 0
18901, 1396283, 1, 0, 0
19000, 1316347, 1, 0, 0
19100, 1336864, 1, 0, 0
19201, 1355851, 1, 0, 0
19300, 1353301, 1, 0, 0
19400, 1264199, 1, 0, 0
19500, 1269804, 1, 0, 0
19601, 1338544, 1, 0, 0
19700, 1292144, 1, 0, 0
19801, 1288126, 1, 0, 0
19900, 1316880, 1, 0, 0
20003, 1339633, 1, 0, 0
20100, 1252193, 1, 0, 0
20200, 1254972, 1, 0, 0
20301, 1352502, 1, 0, 0
20401, 1300295, 1, 0, 0
20500, 1219641, 1, 0, 0
20600, 1266111, 1, 0, 0
20700, 1252694, 1, 0, 0
20800, 1378562, 1, 0, 0
20900, 1253586, 1, 0, 0
21000, 1359155, 1, 0, 0
21100, 1323134, 1, 0, 0
21200, 1274574, 1, 0, 0
21300, 1383217, 1, 0, 0
21400, 1360852, 1, 0, 0
21500, 1329878, 1, 0, 0
21600, 1264909, 1, 0, 0
21700, 1225838, 1, 0, 0
21800, 1348902, 1, 0, 0
21900, 1311483, 1, 0, 0
22001, 1282371, 1, 0, 0
22100, 1321447, 1, 0, 0
22200, 1314190, 1, 0, 0
22300, 1254601, 1, 0, 0
22401, 1327188, 1, 0, 0
22500, 1275809, 1, 0, 0
22600, 1310467, 1, 0, 0
22700, 1294314, 1, 0, 0
22800, 1339165, 1, 0, 0
22900, 1262235, 1, 0, 0
23000, 1381268, 1, 0, 0
23100, 1330007, 1, 0, 0
23201, 1308200, 1, 0, 0
23300, 1326912, 1, 0, 0
23401, 1354252, 1, 0, 0
23500, 1319686, 1, 0, 0
23600, 1335178, 1, 0, 0
23700, 1324678, 1, 0, 0
23800, 1378804, 1, 0, 0
23901, 1350107, 1, 0, 0
24002, 1280044, 1, 0, 0
24100, 1349765, 1, 0, 0
24200, 1366896, 1, 0, 0
24301, 1284576, 1, 0, 0
24401, 1262082, 1, 0, 0
24500, 1319424, 1, 0, 0
24600, 1296910, 1, 0, 0
24700, 1340682, 1, 0, 0
24800, 1276201, 1, 0, 0
24900, 1325955, 1, 0, 0
25000, 1316622, 1, 0, 0
25100, 1356104, 1, 0, 0
25200, 1271820, 1, 0, 0
25300, 1305281, 1, 0, 0
25400, 1365016, 1, 0, 0
25500, 1292571, 1, 0, 0
25601, 1273974, 1, 0, 0
25700, 1236181, 1, 0, 0
25800, 1445705, 1, 0, 0
25900, 1315120, 1, 0, 0
26000, 1272298, 1, 0, 0
26100, 1277954, 1, 0, 0
26200, 1303726, 1, 0, 0
26301, 1329281, 1, 0, 0
26401, 1215779, 1, 0, 0
26500, 1373529, 1, 0, 0
26600, 1272182, 1, 0, 0
26700, 1377738, 1, 0, 0
26800, 1298836, 1, 0, 0
26901, 1276342, 1, 0, 0
27000, 1332846, 1, 0, 0
27100, 1317389, 1, 0, 0
27201, 1341431, 1, 0, 0
27300, 1306933, 1, 0, 0
27400, 1353901, 1, 0, 0
27500, 1348926, 1, 0, 0
27600, 1197946, 1, 0, 0
27700, 1262499, 1, 0, 0
27800, 1346113, 1, 0, 0
27900, 1446887, 1, 0, 0
28000, 1255105, 1, 0, 0
28100, 1255411, 1, 0, 0
28200, 1279556, 1, 0, 0
28300, 1250370, 1, 0, 0
28400, 1319438, 1, 0, 0
28501, 1302291, 1, 0, 0
28600, 1242887, 1, 0, 0
28700, 1327567, 1, 0, 0
28800, 1316830, 1, 0, 0
28901, 1339783, 1, 0, 0
29000, 1353855, 1, 0, 0
29100, 1285059, 1, 0, 0
29200, 1245257, 1, 0, 0
29300, 1264491, 1, 0, 0
29400, 1330560, 1, 0, 0
29500, 1292234, 1, 0, 0
29600, 1288285, 1, 0, 0
29700, 1264975, 1, 0, 0
29801, 1303812, 1, 0, 0
29900, 1291171, 1, 0, 0
30000, 1344529, 1, 0, 0
30100, 1371513, 1, 0, 0
30201, 1267674, 1, 0, 0
30300, 1268325, 1, 0, 0
30400, 1347005, 1, 0, 0
30500, 1256386, 1, 0, 0
30601, 1253162, 1, 0, 0
30700, 1261435, 1, 0, 0
30800, 1307470, 1, 0, 0
30901, 1290560, 1, 0, 0
31000, 1300018, 1, 0, 0
31100, 1244664, 1, 0, 0
31200, 1349411, 1, 0, 0
31301, 1369037, 1, 0, 0
31400, 1305885, 1, 0, 0
31500, 1270514, 1, 0, 0
31601, 1291511, 1, 0, 0
31701, 1371093, 1, 0, 0
31800, 1334418, 1, 0, 0
31900, 1285575, 1, 0, 0
32000, 1316314, 1, 0, 0
32101, 1299004, 1, 0, 0
32200, 1361837, 1, 0, 0
32301, 1355936, 1, 0, 0
32400, 1356214, 1, 0, 0
32500, 1311049, 1, 0, 0
32600, 1319260, 1, 0, 0
32701, 1287742, 1, 0, 0
32800, 1253596, 1, 0, 0
32900, 1375308, 1, 0, 0
33001, 1323186, 1, 0, 0
33100, 1351398, 1, 0, 0
33200, 1261247, 1, 0, 0
33301, 1293538, 1, 0, 0
33400, 1382947, 1, 0, 0
33501, 1315378, 1, 0, 0
33601, 1288436, 1, 0, 0
33700, 1314624, 1, 0, 0
33800, 1336141, 1, 0, 0
33900, 1288174, 1, 0, 0
34000, 1312242, 1, 0, 0
34101, 1293373, 1, 0, 0
34201, 1249465, 1, 0, 0
34300, 1258513, 1, 0, 0
34401, 1302928, 1, 0, 0
34500, 1363082, 1, 0, 0
34600, 1286292, 1, 0, 0
34701, 1229441, 1, 0, 0
34801, 1299352, 1, 0, 0
34900, 1316678, 1, 0, 0
35000, 1286619, 1, 0, 0
35100, 1274095, 1, 0, 0
35201, 1309946, 1, 0, 0
35300, 1336310, 1, 0, 0
35400, 1245047, 1, 0, 0
35500, 1282619, 1, 0, 0
35601, 1346143, 1, 0, 0
35700, 1339506, 1, 0, 0
35800, 1251793, 1, 0, 0
35900, 1400885, 1, 0, 0
36001, 1273619, 1, 0, 0
36100, 1342200, 1, 0, 0
36200, 1322598, 1, 0, 0
36300, 1281859, 1, 0, 0
36400, 1305127, 1, 0, 0
36500, 1367376, 1, 0, 0
36600, 1290806, 1, 0, 0
36700, 1284806, 1, 0, 0
36800, 1271029, 1, 0, 0
36901, 1243355, 1, 0, 0
37000, 1361383, 1, 0, 0
37100, 1196357, 1, 0, 0
37200, 1280920, 1, 0, 0
37300, 1333655, 1, 0, 0
37401, 1289499, 1, 0, 0
37500, 1242887, 1, 0, 0
37600, 1328599, 1, 0, 0
37701, 1255564, 1, 0, 0
37800, 1241238, 1, 0, 0
37900, 1260226, 1, 0, 0
38000, 1193297, 1, 0, 0
38100, 1252021, 1, 0, 0
38200, 1402044, 1, 0, 0
38300, 1311720, 1, 0, 0
38400, 1260025, 1, 0, 0
38500, 1284552, 1, 0, 0
38600, 1331923, 1, 0, 0
38700, 1258943, 1, 0, 0
38800, 1191635, 1, 0, 0
38900, 1221676, 1, 0, 0
39000, 1331266, 1, 0, 0
39100, 1260984, 1, 0, 0
39201, 1311482, 1, 0, 0
39300, 1357340, 1, 0, 0
39400, 1272433, 1, 0, 0
39500, 1272177, 1, 0, 0
39601, 1267598, 1, 0, 0
39700, 1378039, 1, 0, 0
39800, 1284660, 1, 0, 0
39902, 1232076, 1, 0, 0
40001, 1250695, 1, 0, 0
40100, 1287446, 1, 0, 0
40201, 1272763, 1, 0, 0
40300, 1292412, 1, 0, 0
40402, 1365916, 1, 0, 0
40500, 1332860, 1, 0, 0
40601, 1283463, 1, 0, 0
40700, 1326467, 1, 0, 0
40801, 1253716, 1, 0, 0
40900, 1268289, 1, 0, 0
41000, 1299797, 1, 0, 0
41101, 1203041, 1, 0, 0
41200, 1202905, 1, 0, 0
41300, 1273754, 1, 0, 0
41400, 1343179, 1, 0, 0
41500, 1268429, 1, 0, 0
41600, 1308088, 1, 0, 0
41701, 1280681, 1, 0, 0
41800, 1254412, 1, 0, 0
41900, 1193621, 1, 0, 0
42000, 1243959, 1, 0, 0
42100, 1173269, 1, 0, 0
42200, 1304819, 1, 0, 0
42300, 1259186, 1, 0, 0
42400, 1263063, 1, 0, 0
42501, 1276229, 1, 0, 0
42600, 1297462, 1, 0, 0
42700, 1313358, 1, 0, 0
42800, 1246060, 1, 0, 0
42901, 1247299, 1, 0, 0
43000, 1281520, 1, 0, 0
43101, 1230389, 1, 0, 0
43200, 1337024, 1, 0, 0
43300, 1321159, 1, 0, 0
43400, 1217591, 1, 0, 0
43500, 1241501, 1, 0, 0
43600, 1271072, 1, 0, 0
43701, 1269397, 1, 0, 0
43800, 1247716, 1, 0, 0
43900, 1321143, 1, 0, 0
44000, 1257424, 1, 0, 0
44101, 1218871, 1, 0, 0
44200, 1263635, 1, 0, 0
44301, 1290848, 1, 0, 0
44400, 1201208, 1, 0, 0
44500, 1278810, 1, 0, 0
44600, 1215447, 1, 0, 0
44700, 1282138, 1, 0, 0
44800, 1203800, 1, 0, 0
44900, 1192684, 1, 0, 0
45000, 1212669, 1, 0, 0
45101, 1191724, 1, 0, 0
45200, 1238757, 1, 0, 0
45301, 1271582, 1, 0, 0
45400, 1320672, 1, 0, 0
45500, 1250285, 1, 0, 0
45600, 1220622, 1, 0, 0
45700, 1198319, 1, 0, 0
45800, 1203288, 1, 0, 0
45900, 1245849, 1, 0, 0
46000, 1267156, 1, 0, 0
46101, 1274497, 1, 0, 0
46201, 1230985, 1, 0, 0
46300, 1194447, 1, 0, 0
46400, 1198470, 1, 0, 0
46501, 1230009, 1, 0, 0
46600, 1206128, 1, 0, 0
46700, 1187043, 1, 0, 0
46801, 1291461, 1, 0, 0
46900, 1273179, 1, 0, 0
47000, 1232521, 1, 0, 0
47100, 1237437, 1, 0, 0
47200, 1333122, 1, 0, 0
47300, 1245873, 1, 0, 0
47401, 1285350, 1, 0, 0
47500, 1317500, 1, 0, 0
47600, 1286502, 1, 0, 0
47701, 1317454, 1, 0, 0
47800, 1247536, 1, 0, 0
47900, 1255936, 1, 0, 0
48001, 1256667, 1, 0, 0
48100, 1165546, 1, 0, 0
48200, 1201240, 1, 0, 0
48300, 1271271, 1, 0, 0
48401, 1286409, 1, 0, 0
48500, 1235564, 1, 0, 0
48600, 1192197, 1, 0, 0
48700, 1217859, 1, 0, 0
48801, 1238036, 1, 0, 0
48900, 1261169, 1, 0, 0
49001, 1252218, 1, 0, 0
49100, 1177627, 1, 0, 0
49202, 1276290, 1, 0, 0
49301, 1295549, 1, 0, 0
49400, 1213112, 1, 0, 0
49500, 1231908, 1, 0, 0
49601, 1215007, 1, 0, 0
49700, 1292255, 1, 0, 0
49801, 1215262, 1, 0, 0
49900, 1347318, 1, 0, 0
50000, 1201569, 1, 0, 0
50100, 1208095, 1, 0, 0
50200, 1152400, 1, 0, 0
50300, 1177026, 1, 0, 0
50400, 1210183, 1, 0, 0
50500, 1247577, 1, 0, 0
50600, 1247905, 1, 0, 0
50700, 1256023, 1, 0, 0
50800, 1184462, 1, 0, 0
50900, 1260969, 1, 0, 0
51001, 1228313, 1, 0, 0
51100, 1229384, 1, 0, 0
51200, 1209605, 1, 0, 0
51300, 1242043, 1, 0, 0
51401, 1267684, 1, 0, 0
51500, 1255928, 1, 0, 0
51601, 1320368, 1, 0, 0
51701, 1247694, 1, 0, 0
51800, 1193845, 1, 0, 0
51900, 1236911, 1, 0, 0
52001, 1280229, 1, 0, 0
52101, 1256128, 1, 0, 0
52200, 1186691, 1, 0, 0
52300, 1238737, 1, 0, 0
52400, 1202514, 1, 0, 0
52500, 1283019, 1, 0, 0
52600, 1306791, 1, 0, 0
52700, 1238947, 1, 0, 0
52800, 1299727, 1, 0, 0
52901, 1267700, 1, 0, 0
53001, 1188964, 1, 0, 0
53100, 1211642, 1, 0, 0
53200, 1211186, 1, 0, 0
53301, 1170140, 1, 0, 0
53400, 1305077, 1, 0, 0
53500, 1279611, 1, 0, 0
53600, 1174563, 1, 0, 0
53700, 1206471, 1, 0, 0
53800, 1219808, 1, 0, 0
53900, 1218282, 1, 0, 0
54000, 1202277, 1, 0, 0
54101, 1204272, 1, 0, 0
54201, 1148472, 1, 0, 0
54300, 1207899, 1, 0, 0
54400, 1200283, 1, 0, 0
54500, 1164728, 1, 0, 0
54600, 1178001, 1, 0, 0
54700, 1287950, 1, 0, 0
54801, 1247772, 1, 0, 0
54900, 1198392, 1, 0, 0
55001, 1204248, 1, 0, 0
55100, 1251559, 1, 0, 0
55200, 1243706, 1, 0, 0
55301, 1203719, 1, 0, 0
55401, 1190952, 1, 0, 0
55501, 1207147, 1, 0, 0
55600, 1190630, 1, 0, 0
55700, 1172581, 1, 0, 0
55801, 1128459, 1, 0, 0
55901, 1208655, 1, 0, 0
56001, 1200145, 1, 0, 0
56100, 1203111, 1, 0, 0
56200, 1205736, 1, 0, 0
56300, 1250133, 1, 0, 0
56400, 1159177, 1, 0, 0
56500, 1163208, 1, 0, 0
56600, 1200860, 1, 0, 0
56701, 1307145, 1, 0, 0
56801, 1188289, 1, 0, 0
56900, 1208032, 1, 0, 0
57000, 1184397, 1, 0, 0
57100, 1209688, 1, 0, 0
57200, 1196988, 1, 0, 0
57301, 1213033, 1, 0, 0
57401, 1233701, 1, 0, 0
57500, 1211704, 1, 0, 0
57600, 1231080, 1, 0, 0
57701, 1195663, 1, 0, 0
57801, 1201612, 1, 0, 0
57901, 1150145, 1, 0, 0
58000, 1185292, 1, 0, 0
58100, 1076364, 1, 0, 0
58200, 1152658, 1, 0, 0
58300, 1175026, 1, 0, 0
58400, 1226506, 1, 0, 0
58500, 1193829, 1, 0, 0
58600, 1234823, 1, 0, 0
58701, 1206245, 1, 0, 0
58801, 1148019, 1, 0, 0
58900, 1207294, 1, 0, 0
59000, 1209310, 1, 0, 0
59100, 1247208, 1, 0, 0
59201, 1206788, 1, 0, 0
59302, 1279820, 1, 0, 0
59400, 1281997, 1, 0, 0
59500, 1281529, 1, 0, 0
59600, 1271434, 1, 0, 0
59700, 1271649, 1, 0, 0
59800, 1262864, 1, 0, 0
59900, 1198856, 1, 0, 0
60001, 1235618, 1, 0, 0
60101, 1194360, 1, 0, 0
60200, 1214657, 1, 0, 0
60300, 1223839, 1, 0, 0
60400, 1292055, 1, 0, 0
60500, 1185043, 1, 0, 0
60600, 1169868, 1, 0, 0
60700, 1233037, 1, 0, 0
60800, 1166507, 1, 0, 0
60900, 1223130, 1, 0, 0
61000, 1213713, 1, 0, 0
61100, 1268373, 1, 0, 0
61201, 1189758, 1, 0, 0
61300, 1209730, 1, 0, 0
61400, 1196383, 1, 0, 0
61501, 1352591, 1, 0, 0
61600, 1141213, 1, 0, 0
61700, 1148349, 1, 0, 0
61801, 1227375, 1, 0, 0
61900, 1217801, 1, 0, 0
62001, 1201788, 1, 0, 0
62101, 1185531, 1, 0, 0
62200, 1180750, 1, 0, 0
62301, 1199607, 1, 0, 0
62400, 1228475, 1, 0, 0
62500, 1196451, 1, 0, 0
62600, 1129578, 1, 0, 0
62700, 1227525, 1, 0, 0
62801, 1195534, 1, 0, 0
62901, 1159906, 1, 0, 0
63000, 1156982, 1, 0, 0
63100, 1236560, 1, 0, 0
63200, 1179767, 1, 0, 0
63300, 1261771, 1, 0, 0
63401, 1198803, 1, 0, 0
63500, 1213269, 1, 0, 0
63601, 1190531, 1, 0, 0
63700, 1207326, 1, 0, 0
63800, 1217011, 1, 0, 0
63900, 1148197, 1, 0, 0
64000, 1248174, 1, 0, 0
64101, 1200943, 1, 0, 0
64201, 1216153, 1, 0, 0
64300, 1223004, 1, 0, 0
64400, 1178322, 1, 0, 0
64500, 1212770, 1, 0, 0
64600, 1234898, 1, 0, 0
64701, 1213216, 1, 0, 0
64800, 1226343, 1, 0, 0
64900, 1218109, 1, 0, 0
65001, 1219750, 1, 0, 0
65100, 1236104, 1, 0, 0
65201, 1232767, 1, 0, 0
65300, 1187656, 1, 0, 0
65400, 1206871, 1, 0, 0
65500, 1267111, 1, 0, 0
65601, 1222620, 1, 0, 0
65700, 1224746, 1, 0, 0
65800, 1188152, 1, 0, 0
65900, 1193203, 1, 0, 0
66000, 1207989, 1, 0, 0
66101, 1160023, 1, 0, 0
66200, 1163304, 1, 0, 0
66300, 1189397, 1, 0, 0
66400, 1128395, 1, 0, 0
66500, 1230098, 1, 0, 0
66600, 1143511, 1, 0, 0
66700, 1202599, 1, 0, 0
66800, 1234372, 1, 0, 0
66900, 1203581, 1, 0, 0
67000, 1240376, 1, 0, 0
67100, 1257769, 1, 0, 0
67201, 1191456, 1, 0, 0
67301, 1316464, 1, 0, 0
67400, 1356783, 1, 0, 0
67500, 1264411, 1, 0, 0
67600, 1221335, 1, 0, 0
67700, 1222952, 1, 0, 0
67800, 1222092, 1, 0, 0
67900, 1139940, 1, 0, 0
68000, 1170803, 1, 0, 0
68100, 1153469, 1, 0, 0
68201, 1200757, 1, 0, 0
68300, 1223704, 1, 0, 0
68400, 1252385, 1, 0, 0
68500, 1230122, 1, 0, 0
68601, 1209737, 1, 0, 0
68700, 1227754, 1, 0, 0
68800, 1144251, 1, 0, 0
68900, 1205192, 1, 0, 0
69001, 1238895, 1, 0, 0
69101, 1219045, 1, 0, 0
69201, 1147072, 1, 0, 0
69300, 1209302, 1, 0, 0
69400, 1213409, 1, 0, 0
69501, 1212745, 1, 0, 0
69601, 1154235, 1, 0, 0
69700, 1178688, 1, 0, 0
69800, 1243170, 1, 0, 0
69900, 1260313, 1, 0, 0
70001, 1171533, 1, 0, 0
70100, 1220945, 1, 0, 0
70200, 1145439, 1, 0, 0
70300, 1248297, 1, 0, 0
70401, 1204636, 1, 0, 0
70500, 1173605, 1, 0, 0
70600, 1211635, 1, 0, 0
70700, 1159908, 1, 0, 0
70801, 1206738, 1, 0, 0
70901, 1234141, 1, 0, 0
71001, 1171637, 1, 0, 0
71100, 1205969, 1, 0, 0
71200, 1184048, 1, 0, 0
71300, 1095347, 1, 0, 0
71400, 1147326, 1, 0, 0
71500, 1281820, 1, 0, 0
71600, 1210695, 1, 0, 0
71700, 1215791, 1, 0, 0
71801, 1214050, 1, 0, 0
71901, 1247909, 1, 0, 0
72000, 1137152, 1, 0, 0
72100, 1134467, 1, 0, 0
72200, 1181047, 1, 0, 0
72301, 1180591, 1, 0, 0
72400, 1161881, 1, 0, 0
72500, 1239276, 1, 0, 0
72601, 1100930, 1, 0, 0
72700, 1173950, 1, 0, 0
72801, 1223327, 1, 0, 0
72900, 1178529, 1, 0, 0
73001, 1153294, 1, 0, 0
73100, 1204989, 1, 0, 0
73201, 1144565, 1, 0, 0
73300, 1163461, 1, 0, 0
73400, 1138833, 1, 0, 0
73500, 1132243, 1, 0, 0
73600, 1208108, 1, 0, 0
73700, 1176336, 1, 0, 0
73800, 1119888, 1, 0, 0
73900, 1162659, 1, 0, 0
74000, 1193469, 1, 0, 0
74100, 1150754, 1, 0, 0
74201, 1142250, 1, 0, 0
74300, 1142781, 1, 0, 0
74400, 1198370, 1, 0, 0
74501, 1143426, 1, 0, 0
74600, 1236631, 1, 0, 0
74700, 1162981, 1, 0, 0
74800, 1171258, 1, 0, 0
74901, 1136164, 1, 0, 0
75000, 1138582, 1, 0, 0
75100, 1095321, 1, 0, 0
75201, 1157400, 1, 0, 0
75300, 1129955, 1, 0, 0
75400, 1174080, 1, 0, 0
75500, 1167688, 1, 0, 0
75600, 1254699, 1, 0, 0
75701, 1177346, 1, 0, 0
75800, 1150463, 1, 0, 0
75900, 1193435, 1, 0, 0
76000, 1187544, 1, 0, 0
76100, 1172608, 1, 0, 0
76200, 1245481, 1, 0, 0
76300, 1208288, 1, 0, 0
76400, 1131063, 1, 0, 0
76500, 1174325, 1, 0, 0
76600, 1144086, 1, 0, 0
76700, 1220878, 1, 0, 0
76800, 1167004, 1, 0, 0
76901, 1189687, 1, 0, 0
77000, 1210674, 1, 0, 0
77100, 1197458, 1, 0, 0
77200, 1265728, 1, 0, 0
77300, 1178955, 1, 0, 0
77400, 1274465, 1, 0, 0
77500, 1148784, 1, 0, 0
77600, 1150881, 1, 0, 0
77700, 1251406, 1, 0, 0
77800, 1201241, 1, 0, 0
77900, 1244652, 1, 0, 0
78000, 1274717, 1, 0, 0
78101, 1276361, 1, 0, 0
78200, 1256598, 1, 0, 0
78301, 1294371, 1, 0, 0
78400, 1161020, 1, 0, 0
78500, 1265865, 1, 0, 0
78600, 1242456, 1, 0, 0
78700, 1215729, 1, 0, 0
78801, 1172553, 1, 0, 0
78900, 1213875, 1, 0, 0
79000, 1132998, 1, 0, 0
79102, 1285401, 1, 0, 0
79200, 1204302, 1, 0, 0
79300, 1181816, 1, 0, 0
79400, 1189155, 1, 0, 0
79500, 1156513, 1, 0, 0
79601, 1216187, 1, 0, 0
79700, 1210142, 1, 0, 0
79800, 1169604, 1, 0, 0
79900, 1172002, 1, 0, 0
80001, 1242641, 1, 0, 0
80100, 1191033, 1, 0, 0
80200, 1187550, 1, 0, 0
80300, 1206024, 1, 0, 0
80400, 1207962, 1, 0, 0
80500, 1174934, 1, 0, 0
80601, 1268903, 1, 0, 0
80700, 1146915, 1, 0, 0
80800, 1177943, 1, 0, 0
80900, 1222265, 1, 0, 0
81000, 1200532, 1, 0, 0
81100, 1242385, 1, 0, 0
81201, 1145378, 1, 0, 0
81301, 1173083, 1, 0, 0
81400, 1220504, 1, 0, 0
81501, 1183420, 1, 0, 0
81600, 1209685, 1, 0, 0
81703, 1212466, 1, 0, 0
81800, 1273939, 1, 0, 0
81901, 1211869, 1, 0, 0
82000, 1184995, 1, 0, 0
82100, 1131538, 1, 0, 0
82201, 1168078, 1, 0, 0
82300, 1189508, 1, 0, 0
82400, 1210072, 1, 0, 0
82500, 1228802, 1, 0, 0
82600, 1163348, 1, 0, 0
82701, 1166411, 1, 0, 0
82801, 1146286, 1, 0, 0
82900, 1176288, 1, 0, 0
83000, 1150206, 1, 0, 0
83100, 1156120, 1, 0, 0
83200, 1168110, 1, 0, 0
83300, 1160749, 1, 0, 0
83401, 1182555, 1, 0, 0
83500, 1283041, 1, 0, 0
83600, 1198768, 1, 0, 0
83700, 1079095, 1, 0, 0
83800, 1147950, 1, 0, 0
83900, 1185968, 1, 0, 0
84001, 1203493, 1, 0, 0
84100, 1151384, 1, 0, 0
84200, 1226201, 1, 0, 0
84300, 1152399, 1, 0, 0
84401, 1269860, 1, 0, 0
84500, 1224295, 1, 0, 0
84600, 1168607, 1, 0, 0
84700, 1142824, 1, 0, 0
84800, 1183443, 1, 0, 0
84900, 1176063, 1, 0, 0
85000, 1171189, 1, 0, 0
85100, 1139030, 1, 0, 0
85200, 1135704, 1, 0, 0
85300, 1245905, 1, 0, 0
85400, 1186078, 1, 0, 0
85501, 1133243, 1, 0, 0
85601, 1105142, 1, 0, 0
85700, 1231229, 1, 0, 0
85800, 1169683, 1, 0, 0
85901, 1213261, 1, 0, 0
86000, 1158846, 1, 0, 0
86100, 1224107, 1, 0, 0
86200, 1172937, 1, 0, 0
86301, 1194375, 1, 0, 0
86400, 1158827, 1, 0, 0
86501, 1190161, 1, 0, 0
86600, 1221642, 1, 0, 0
86700, 1141952, 1, 0, 0
86800, 1127665, 1, 0, 0
86900, 1195558, 1, 0, 0
87000, 1163037, 1, 0, 0
87100, 1191383, 1, 0, 0
87200, 1194031, 1, 0, 0
87301, 1194218, 1, 0, 0
87400, 1142360, 1, 0, 0
87501, 1209158, 1, 0, 0
87600, 1180712, 1, 0, 0
87700, 1222824, 1, 0, 0
87801, 1204853, 1, 0, 0
87900, 1117999, 1, 0, 0
88001, 1177381, 1, 0, 0
88100, 1141291, 1, 0, 0
88201, 1189621, 1, 0, 0
88300, 1204337, 1, 0, 0
88400, 1177438, 1, 0, 0
88501, 1166376, 1, 0, 0
88600, 1193251, 1, 0, 0
88700, 1119033, 1, 0, 0
88800, 1169894, 1, 0, 0
88900, 1222586, 1, 0, 0
89000, 1112791, 1, 0, 0
89100, 1140026, 1, 0, 0
89200, 1162075, 1, 0, 0
89300, 1176301, 1, 0, 0
89401, 1104178, 1, 0, 0
89500, 1207134, 1, 0, 0
89601, 1188827, 1, 0, 0
89700, 1138335, 1, 0, 0
89800, 1196718, 1, 0, 0
89900, 1219546, 1, 0, 0
90000, 1138894, 1, 0, 0
90100, 1188341, 1, 0, 0
90200, 1205050, 1, 0, 0
90300, 1169439, 1, 0, 0
90400, 1164400, 1, 0, 0
90500, 1143827, 1, 0, 0
90600, 1124651, 1, 0, 0
90700, 1144232, 1, 0, 0
90800, 1144490, 1, 0, 0
90900, 1203027, 1, 0, 0
91000, 1128580, 1, 0, 0
91100, 1171970, 1, 0, 0
91200, 1178133, 1, 0, 0
91300, 1157856, 1, 0, 0
91400, 1148305, 1, 0, 0
91501, 1220375, 1, 0, 0
91600, 1164246, 1, 0, 0
91701, 1184633, 1, 0, 0
91801, 1203019, 1, 0, 0
91900, 1152330, 1, 0, 0
92000, 1128381, 1, 0, 0
92100, 1183670, 1, 0, 0
92200, 1156400, 1, 0, 0
92300, 1178541, 1, 0, 0
92401, 1154362, 1, 0, 0
92500, 1195744, 1, 0, 0
92600, 1143512, 1, 0, 0
92701, 1190441, 1, 0, 0
92800, 1125583, 1, 0, 0
92900, 1264465, 1, 0, 0
93000, 1171712, 1, 0, 0
93100, 1131784, 1, 0, 0
93200, 1161552, 1, 0, 0
93301, 1181480, 1, 0, 0
93400, 1108425, 1, 0, 0
93500, 1177038, 1, 0, 0
93600, 1128846, 1, 0, 0
93700, 1118247, 1, 0, 0
93800, 1115041, 1, 0, 0
93900, 1182175, 1, 0, 0
94001, 1183353, 1, 0, 0
94101, 1220294, 1, 0, 0
94200, 1193889, 1, 0, 0
94300, 1154068, 1, 0, 0
94400, 1220401, 1, 0, 0
94500, 1190004, 1, 0, 0
94600, 1060135, 1, 0, 0
94701, 1142729, 1, 0, 0
94801, 1192542, 1, 0, 0
94900, 1257579, 1, 0, 0
95001, 1219491, 1, 0, 0
95101, 1134377, 1, 0, 0
95200, 1176187, 1, 0, 0
95301, 1159281, 1, 0, 0
95400, 1191826, 1, 0, 0
95500, 1153672, 1, 0, 0
95600, 1194633, 1, 0, 0
95700, 1138922, 1, 0, 0
95800, 1173404, 1, 0, 0
95900, 1193378, 1, 0, 0
96000, 1214699, 1, 0, 0
96100, 1197669, 1, 0, 0
96201, 1261962, 1, 0, 0
96300, 1202985, 1, 0, 0
96400, 1148443, 1, 0, 0
96500, 1151582, 1, 0, 0
96601, 1127726, 1, 0, 0
96701, 1165861, 1, 0, 0
96800, 1172116, 1, 0, 0
96900, 1190369, 1, 0, 0
97001, 1141826, 1, 0, 0
97100, 1162654, 1, 0, 0
97200, 1099275, 1, 0, 0
97300, 1146298, 1, 0, 0
97400, 1103231, 1, 0, 0
97500, 1152856, 1, 0, 0
97600, 1224538, 1, 0, 0
97701, 1151518, 1, 0, 0
97801, 1152888, 1, 0, 0
97900, 1187690, 1, 0, 0
98000, 1092100, 1, 0, 0
98101, 1191591, 1, 0, 0
98200, 1122940, 1, 0, 0
98300, 1162948, 1, 0, 0
98400, 1186969, 1, 0, 0
98500, 1186821, 1, 0, 0
98600, 1145676, 1, 0, 0
98700, 1208751, 1, 0, 0
98800, 1176825, 1, 0, 0
98901, 1112423, 1, 0, 0
99000, 1157790, 1, 0, 0
99100, 1175343, 1, 0, 0
99200, 1124684, 1, 0, 0
99301, 1114342, 1, 0, 0
99400, 1146424, 1, 0, 0
99501, 1215235, 1, 0, 0
99601, 1184020, 1, 0, 0
99700, 1170334, 1, 0, 0
99800, 1158859, 1, 0, 0
99900, 1176139, 1, 0, 0
100001, 1222603, 1, 0, 0
100100, 1168792, 1, 0, 0
100200, 1118250, 1, 0, 0
100300, 1130145, 1, 0, 0
100400, 1224206, 1, 0, 0
100500, 1164209, 1, 0, 0
100600, 1183850, 1, 0, 0
100700, 1197837, 1, 0, 0
100800, 1156782, 1, 0, 0
100900, 1129567, 1, 0, 0
101000, 1188047, 1, 0, 0
101100, 1156706, 1, 0, 0
101200, 1177811, 1, 0, 0
101300, 1191133, 1, 0, 0
101400, 1202253, 1, 0, 0
101500, 1156060, 1, 0, 0
101600, 1141848, 1, 0, 0
101700, 1171423, 1, 0, 0
101801, 1238582, 1, 0, 0
101900, 1177588, 1, 0, 0
102000, 1230332, 1, 0, 0
102101, 1135113, 1, 0, 0
102201, 1188685, 1, 0, 0
102300, 1187418, 1, 0, 0
102400, 1163040, 1, 0, 0
102500, 1188950, 1, 0, 0
102600, 1073650, 1, 0, 0
102700, 1212198, 1, 0, 0
102800, 1128148, 1, 0, 0
102900, 1176862, 1, 0, 0
103000, 1203492, 1, 0, 0
103100, 1142501, 1, 0, 0
103200, 1145769, 1, 0, 0
103300, 1115828, 1, 0, 0
103400, 1160116, 1, 0, 0
103500, 1172475, 1, 0, 0
103600, 1157590, 1, 0, 0
103701, 1078156, 1, 0, 0
103800, 1166456, 1, 0, 0
103900, 1151282, 1, 0, 0
104000, 1207476, 1, 0, 0
104101, 1127461, 1, 0, 0
104200, 1154032, 1, 0, 0
104301, 1094737, 1, 0, 0
104400, 1200115, 1, 0, 0
104500, 1147506, 1, 0, 0
104600, 1137454, 1, 0, 0
104700, 1124768, 1, 0, 0
104801, 1127251, 1, 0, 0
104900, 1151186, 1, 0, 0
105000, 1158014, 1, 0, 0
105100, 1181285, 1, 0, 0
105200, 1189997, 1, 0, 0
105300, 1149585, 1, 0, 0
105400, 1150483, 1, 0, 0
105500, 1136847, 1, 0, 0
105600, 1146150, 1, 0, 0
105700, 1194271, 1, 0, 0
105800, 1131724, 1, 0, 0
105900, 1182952, 1, 0, 0
106000, 1123294, 1, 0, 0
106100, 1152959, 1, 0, 0
106200, 1112269, 1, 0, 0
106300, 1136667, 1, 0, 0
106401, 1243769, 1, 0, 0
106501, 1090851, 1, 0, 0
106600, 1119274, 1, 0, 0
106700, 1177220, 1, 0, 0
106800, 1100215, 1, 0, 0
106900, 1109209, 1, 0, 0
107000, 1155914, 1, 0, 0
107100, 1116172, 1, 0, 0
107200, 1216787, 1, 0, 0
107301, 1085959, 1, 0, 0
107400, 1166233, 1, 0, 0
107500, 1121263, 1, 0, 0
107602, 1131291, 1, 0, 0
107700, 1060103, 1, 0, 0
107800, 1085179, 1, 0, 0
107900, 1106862, 1, 0, 0
108000, 1128873, 1, 0, 0
108100, 1104370, 1, 0, 0
108201, 1101938, 1, 0, 0
108302, 1117499, 1, 0, 0
108400, 1121173, 1, 0, 0
108500, 1202936, 1, 0, 0
108600, 1151048, 1, 0, 0
108700, 1111367, 1, 0, 0
108800, 1133765, 1, 0, 0
108900, 1120300, 1, 0, 0
109000, 1093735, 1, 0, 0
109100, 1109730, 1, 0, 0
109200, 1114189, 1, 0, 0
109300, 1168194, 1, 0, 0
109400, 1146771, 1, 0, 0
109500, 1129170, 1, 0, 0
109600, 1139876, 1, 0, 0
109700, 1154144, 1, 0, 0
109800, 1095718, 1, 0, 0
109900, 1092000, 1, 0, 0
110000, 1082655, 1, 0, 0
110101, 1108104, 1, 0, 0
110200, 1100587, 1, 0, 0
110300, 1143504, 1, 0, 0
110400, 1105640, 1, 0, 0
110500, 1165695, 1, 0, 0
110600, 1095642, 1, 0, 0
110700, 1161765, 1, 0, 0
110800, 1150215, 1, 0, 0
110900, 1161333, 1, 0, 0
111000, 1082777, 1, 0, 0
111100, 1060191, 1, 0, 0
111201, 1119568, 1, 0, 0
111300, 1100522, 1, 0, 0
111401, 1132101, 1, 0, 0
111501, 1119923, 1, 0, 0
111601, 1097711, 1, 0, 0
111700, 1097536, 1, 0, 0
111801, 1074460, 1, 0, 0
111900, 1176422, 1, 0, 0
112000, 1113362, 1, 0, 0
112100, 1188940, 1, 0, 0
112200, 1149899, 1, 0, 0
112300, 1080216, 1, 0, 0
112400, 1144989, 1, 0, 0
112500, 1107668, 1, 0, 0
112600, 1133565, 1, 0, 0
112701, 1064321, 1, 0, 0
112800, 1128178, 1, 0, 0
112900, 1077028, 1, 0, 0
113000, 1050486, 1, 0, 0
113100, 1064013, 1, 0, 0
113200, 1089339, 1, 0, 0
113301, 1080844, 1, 0, 0
113400, 1073555, 1, 0, 0
113500, 1107912, 1, 0, 0
113600, 1119432, 1, 0, 0
113700, 1079725, 1, 0, 0
113800, 1086767, 1, 0, 0
113900, 1093553, 1, 0, 0
114000, 1068979, 1, 0, 0
114100, 1136747, 1, 0, 0
114201, 1151010, 1, 0, 0
114301, 1210088, 1, 0, 0
114400, 1087884, 1, 0, 0
114500, 1133770, 1, 0, 0
114600, 1146433, 1, 0, 0
114700, 1061514, 1, 0, 0
114800, 1147464, 1, 0, 0
114900, 1119120, 1, 0, 0
115000, 1086867, 1, 0, 0
115101, 1131798, 1, 0, 0
115200, 1114921, 1, 0, 0
115300, 1107729, 1, 0, 0
115401, 1109069, 1, 0, 0
115500, 1040723, 1, 0, 0
115600, 1125258, 1, 0, 0
115700, 1039036, 1, 0, 0
115800, 1187425, 1, 0, 0
115900, 1069773, 1, 0, 0
116000, 1118935, 1, 0, 0
116100, 1096618, 1, 0, 0
116200, 1089449, 1, 0, 0
116300, 1109881, 1, 0, 0
116400, 1111550, 1, 0, 0
116500, 1090046, 1, 0, 0
116600, 1111496, 1, 0, 0
116700, 1092534, 1, 0, 0
116801, 1110977, 1, 0, 0
116900, 1066177, 1, 0, 0
117000, 1089054, 1, 0, 0
117101, 1140058, 1, 0, 0
117200, 1133565, 1, 0, 0
117300, 1083451, 1, 0, 0
117400, 1067234, 1, 0, 0
117500, 1119896, 1, 0, 0
117600, 1144482, 1, 0, 0
117700, 1106002, 1, 0, 0
117800, 1123779, 1, 0, 0
117900, 1098791, 1, 0, 0
118000, 1157494, 1, 0, 0
118100, 1098797, 1, 0, 0
118200, 1117228, 1, 0, 0
118300, 1056233, 1, 0, 0
118400, 1057501, 1, 0, 0
118500, 1061705, 1, 0, 0
118600, 1125238, 1, 0, 0
118700, 1109504, 1, 0, 0
118800, 1091340, 1, 0, 0
118900, 1037709, 1, 0, 0
119000, 1103123, 1, 0, 0
119100, 1131319, 1, 0, 0
119200, 1099753, 1, 0, 0
119300, 1133990, 1, 0, 0
119400, 1084685, 1, 0, 0
119501, 1176061, 1, 0, 0
119600, 1108671, 1, 0, 0
119700, 1122014, 1, 0, 0
119800, 1137897, 1, 0, 0
119900, 1075549, 1, 0, 0
120000, 1099897, 1, 0, 0
120100, 1120065, 1, 0, 0
120202, 1091090, 1, 0, 0
120300, 1080837, 1, 0, 0
120400, 1044707, 1, 0, 0
120500, 1115709, 1, 0, 0
120600, 1053363, 1, 0, 0
120700, 1106759, 1, 0, 0
120800, 1064531, 1, 0, 0
120900, 1038583, 1, 0, 0
121000, 1047716, 1, 0, 0
121100, 1073437, 1, 0, 0
121200, 1101777, 1, 0, 0
121301, 1080101, 1, 0, 0
121400, 1063022, 1, 0, 0
121500, 1017139, 1, 0, 0
121600, 1096404, 1, 0, 0
121700, 1076719, 1, 0, 0
121800, 1084723, 1, 0, 0
121900, 1112710, 1, 0, 0
122001, 1103571, 1, 0, 0
122100, 1089935, 1, 0, 0
122200, 1052546, 1, 0, 0
122300, 1079878, 1, 0, 0
122400, 1075130, 1, 0, 0
122501, 1064267, 1, 0, 0
122600, 1055305, 1, 0, 0
122700, 1100975, 1, 0, 0
122800, 1108430, 1, 0, 0
122900, 1082010, 1, 0, 0
123000, 1028140, 1, 0, 0
123100, 1063805, 1, 0, 0
123200, 1026023, 1, 0, 0
123300, 1078032, 1, 0, 0
123400, 1072977, 1, 0, 0
123501, 1045460, 1, 0, 0
123600, 1091707, 1, 0, 0
123700, 1106242, 1, 0, 0
123801, 1048493, 1, 0, 0
123900, 1068485, 1, 0, 0
124001, 1066830, 1, 0, 0
124101, 1096909, 1, 0, 0
124200, 1081067, 1, 0, 0
124300, 1076147, 1, 0, 0
124400, 1091935, 1, 0, 0
124500, 1097334, 1, 0, 0
124600, 1084744, 1, 0, 0
124700, 1105573, 1, 0, 0
124801, 1107828, 1, 0, 0
124900, 1075333, 1, 0, 0
125000, 1122209, 1, 0, 0
125100, 1100744, 1, 0, 0
125200, 1090500, 1, 0, 0
125300, 1120421, 1, 0, 0
125400, 1092424, 1, 0, 0
125501, 1112217, 1, 0, 0
125600, 1059426, 1, 0, 0
125700, 1179731, 1, 0, 0
125800, 1078526, 1, 0, 0
125900, 1116901, 1, 0, 0
126000, 1125125, 1, 0, 0
126100, 1092868, 1, 0, 0
126200, 1075004, 1, 0, 0
126300, 1135078, 1, 0, 0
126400, 1073592, 1, 0, 0
126500, 1038570, 1, 0, 0
126601, 1034974, 1, 0, 0
126700, 1084448, 1, 0, 0
126800, 1057035, 1, 0, 0
126900, 1065635, 1, 0, 0
127000, 1110177, 1, 0, 0
127100, 1052925, 1, 0, 0
127201, 1119055, 1, 0, 0
127300, 1088076, 1, 0, 0
127401, 1060683, 1, 0, 0
127500, 1123222, 1, 0, 0
127600, 1107385, 1, 0, 0
127700, 1043157, 1, 0, 0
127800, 1087814, 1, 0, 0
127900, 1183220, 1, 0, 0
128000, 1080202, 1, 0, 0
128101, 1085936, 1, 0, 0
128201, 1052188, 1, 0, 0
128301, 1084751, 1, 0, 0
128400, 1106295, 1, 0, 0
128500, 1103010, 1, 0, 0
128600, 1113490, 1, 0, 0
128700, 1048387, 1, 0, 0
128800, 1135352, 1, 0, 0
128901, 1089616, 1, 0, 0
129000, 1123353, 1, 0, 0
129100, 1122607, 1, 0, 0
129200, 1100326, 1, 0, 0
129301, 1116695, 1, 0, 0
129400, 1069486, 1, 0, 0
129500, 1093953, 1, 0, 0
129600, 1088558, 1, 0, 0
129700, 1075802, 1, 0, 0
129800, 1104303, 1, 0, 0
129900, 1061675, 1, 0, 0
130000, 1088811, 1, 0, 0
130100, 1127083, 1, 0, 0
130200, 1095480, 1, 0, 0
130300, 1134129, 1, 0, 0
130401, 1116342, 1, 0, 0
130500, 1088077, 1, 0, 0
130600, 1107057, 1, 0, 0
130700, 1047957, 1, 0, 0
130800, 1048391, 1, 0, 0
130901, 1110171, 1, 0, 0
131000, 1048936, 1, 0, 0
131100, 1036317, 1, 0, 0
131200, 1067240, 1, 0, 0
131301, 1075416, 1, 0, 0
131400, 1086721, 1, 0, 0
131500, 1099249, 1, 0, 0
131600, 1101997, 1, 0, 0
131700, 1105598, 1, 0, 0
131800, 1109519, 1, 0, 0
131900, 1072863, 1, 0, 0
132000, 1097868, 1, 0, 0
132101, 1067802, 1, 0, 0
132200, 1108347, 1, 0, 0
132300, 1100984, 1, 0, 0
132400, 1072943, 1, 0, 0
132500, 1122381, 1, 0, 0
132601, 1092195, 1, 0, 0
132701, 1032293, 1, 0, 0
132800, 1095911, 1, 0, 0
132900, 1191999, 1, 0, 0
133000, 1116086, 1, 0, 0
133100, 1126064, 1, 0, 0
133200, 1110832, 1, 0, 0
133300, 1071159, 1, 0, 0
133402, 1098355, 1, 0, 0
133500, 1099096, 1, 0, 0
133600, 1114950, 1, 0, 0
133700, 1091714, 1, 0, 0
133800, 1141151, 1, 0, 0
133900, 1057217, 1, 0, 0
134000, 1121590, 1, 0, 0
134100, 1092961, 1, 0, 0
134200, 1069858, 1, 0, 0
134300, 1076868, 1, 0, 0
134401, 1094072, 1, 0, 0
134500, 1090495, 1, 0, 0
134600, 1122651, 1, 0, 0
134700, 1054725, 1, 0, 0
134800, 1088544, 1, 0, 0
134900, 1040266, 1, 0, 0
135000, 1093979, 1, 0, 0
135100, 1086440, 1, 0, 0
135201, 1058338, 1, 0, 0
135300, 1075806, 1, 0, 0
135400, 1063359, 1, 0, 0
135500, 1070203, 1, 0, 0
135600, 1148634, 1, 0, 0
135700, 1090985, 1, 0, 0
135800, 1095378, 1, 0, 0
135901, 1057109, 1, 0, 0
136000, 1107041, 1, 0, 0
136100, 1110387, 1, 0, 0
136200, 1074098, 1, 0, 0
136300, 1091702, 1, 0, 0
136400, 1101580, 1, 0, 0
136500, 1059808, 1, 0, 0
136600, 1153969, 1, 0, 0
136700, 1103502, 1, 0, 0
136800, 1105144, 1, 0, 0
136900, 1102009, 1, 0, 0
137000, 1116745, 1, 0, 0
137100, 1081509, 1, 0, 0
137200, 1123724, 1, 0, 0
137300, 1094134, 1, 0, 0
137400, 1130815, 1, 0, 0
137501, 1104978, 1, 0, 0
137600, 1101726, 1, 0, 0
137700, 1042827, 1, 0, 0
137800, 1082631, 1, 0, 0
137900, 1076885, 1, 0, 0
138000, 1084200, 1, 0, 0
138101, 1032234, 1, 0, 0
138201, 1129116, 1, 0, 0
138300, 1030873, 1, 0, 0
138400, 1070376, 1, 0, 0
138500, 1076844, 1, 0, 0
138600, 1095428, 1, 0, 0
138700, 1086597, 1, 0, 0
138800, 1102232, 1, 0, 0
138900, 1079408, 1, 0, 0
139000, 1049175, 1, 0, 0
139100, 1112560, 1, 0, 0
139200, 1073230, 1, 0, 0
139300, 1102322, 1, 0, 0
139400, 1094027, 1, 0, 0
139500, 1083148, 1, 0, 0
139600, 1066925, 1, 0, 0
139700, 1094232, 1, 0, 0
139801, 1157300, 1, 0, 0
139900, 1072043, 1, 0, 0
140000, 1077710, 1, 0, 0
140100, 1039829, 1, 0, 0
140200, 1085299, 1, 0, 0
140300, 1111400, 1, 0, 0
140400, 1103768, 1, 0, 0
140500, 1082225, 1, 0, 0
140600, 1042015, 1, 0, 0
140700, 1149030, 1, 0, 0
140800, 1063352, 1, 0, 0
140900, 1064046, 1, 0, 0
141002, 1087943, 1, 0, 0
141100, 1072158, 1, 0, 0
141200, 1112405, 1, 0, 0
141300, 1108930, 1, 0, 0
141401, 1086950, 1, 0, 0
141500, 1061430, 1, 0, 0
141600, 1114698, 1, 0, 0
141700, 1100067, 1, 0, 0
141800, 1129326, 1, 0, 0
141900, 1087340, 1, 0, 0
142000, 1107426, 1, 0, 0
142100, 1058126, 1, 0, 0
142200, 1019977, 1, 0, 0
142300, 1067619, 1, 0, 0
142400, 1074995, 1, 0, 0
142500, 1087969, 1, 0, 0
142601, 1030972, 1, 0, 0
142700, 1074969, 1, 0, 0
142800, 1099986, 1, 0, 0
142901, 1028449, 1, 0, 0
143000, 1080044, 1, 0, 0
143100, 1081813, 1, 0, 0
143201, 1042081, 1, 0, 0
143300, 1084398, 1, 0, 0
143400, 1039335, 1, 0, 0
143500, 1119282, 1, 0, 0
143601, 1027670, 1, 0, 0
143700, 1046331, 1, 0, 0
143800, 1061570, 1, 0, 0
143900, 1144167, 1, 0, 0
144000, 1062646, 1, 0, 0
144100, 1030104, 1, 0, 0
144200, 1065121, 1, 0, 0
144300, 1022783, 1, 0, 0
144401, 1093774, 1, 0, 0
144500, 1067913, 1, 0, 0
144600, 1117713, 1, 0, 0
144701, 1156004, 1, 0, 0
144800, 1075755, 1, 0, 0
144900, 1075980, 1, 0, 0
145000, 1063965, 1, 0, 0
145100, 1079431, 1, 0, 0
145200, 1085088, 1, 0, 0
145300, 1076626, 1, 0, 0
145400, 1024091, 1, 0, 0
145500, 1085630, 1, 0, 0
145600, 1076796, 1, 0, 0
145700, 1087334, 1, 0, 0
145800, 1026822, 1, 0, 0
145900, 1018474, 1, 0, 0
146000, 1086252, 1, 0, 0
146100, 1106790, 1, 0, 0
146200, 1067687, 1, 0, 0
146301, 1087836, 1, 0, 0
146400, 1101308, 1, 0, 0
146500, 1152577, 1, 0, 0
146600, 1115810, 1, 0, 0
146700, 1020208, 1, 0, 0
146800, 1087309, 1, 0, 0
146900, 1155512, 1, 0, 0
147000, 1086601, 1, 0, 0
147100, 1090935, 1, 0, 0
147200, 1085314, 1, 0, 0
147300, 1072750, 1, 0, 0
147400, 1056306, 1, 0, 0
147500, 1051653, 1, 0, 0
147600, 1036126, 1, 0, 0
147700, 1061611, 1, 0, 0
147801, 1076179, 1, 0, 0
147900, 1107540, 1, 0, 0
148000, 1038889, 1, 0, 0
148100, 1021361, 1, 0, 0
148200, 1127655, 1, 0, 0
148300, 1097391, 1, 0, 0
148401, 1040958, 1, 0, 0
148501, 1070489, 1, 0, 0
148600, 1064273, 1, 0, 0
148700, 1044635, 1, 0, 0
148800, 1069325, 1, 0, 0
148900, 1063801, 1, 0, 0
149000, 1057001, 1, 0, 0
149100, 1066283, 1, 0, 0
149200, 1105346, 1, 0, 0
149300, 1055648, 1, 0, 0
149400, 1014164, 1, 0, 0
149500, 1078669, 1, 0, 0
149601, 1143057, 1, 0, 0
149700, 1069300, 1, 0, 0
149800, 1044716, 1, 0, 0
149900, 1027163, 1, 0, 0
150000, 1039863, 1, 0, 0
150100, 1055755, 1, 0, 0
150200, 988998, 1, 0, 0
150301, 1097542, 1, 0, 0
150400, 1031076, 1, 0, 0
150500, 1046855, 1, 0, 0
150600, 1082805, 1, 0, 0
150700, 1109865, 1, 0, 0
150800, 1127260, 1, 0, 0
150900, 1064305, 1, 0, 0
151000, 1059765, 1, 0, 0
151100, 1054924, 1, 0, 0
151200, 1110745, 1, 0, 0
151300, 1107306, 1, 0, 0
151400, 1052134, 1, 0, 0
151503, 1109452, 1, 0, 0
151600, 1067775, 1, 0, 0
151700, 1025067, 1, 0, 0
151800, 1070335, 1, 0, 0
151900, 1096718, 1, 0, 0
152002, 1075334, 1, 0, 0
152100, 1113255, 1, 0, 0
152200, 1080161, 1, 0, 0
152300, 1044378, 1, 0, 0
152400, 1045164, 1, 0, 0
152500, 1067381, 1, 0, 0
152600, 1062406, 1, 0, 0
152700, 1058736, 1, 0, 0
152800, 1079577, 1, 0, 0
152900, 1059697, 1, 0, 0
153001, 1104214, 1, 0, 0
153101, 1085638, 1, 0, 0
153200, 1050856, 1, 0, 0
153300, 1113859, 1, 0, 0
153401, 1048001, 1, 0, 0
153501, 1081480, 1, 0, 0
153600, 1113873, 1, 0, 0
153700, 1095331, 1, 0, 0
153800, 1044451, 1, 0, 0
153901, 1151087, 1, 0, 0
154000, 1085306, 1, 0, 0
154101, 1028456, 1, 0, 0
154200, 1057709, 1, 0, 0
154300, 1091705, 1, 0, 0
154400, 1047742, 1, 0, 0
154501, 1108607, 1, 0, 0
154600, 1021027, 1, 0, 0
154700, 1088186, 1, 0, 0
154800, 1033134, 1, 0, 0
154900, 1045745, 1, 0, 0
155000, 1071065, 1, 0, 0
155100, 1078759, 1, 0, 0
155200, 1012532, 1, 0, 0
155300, 1069118, 1, 0, 0
155400, 1108179, 1, 0, 0
155502, 1063516, 1, 0, 0
155601, 1064063, 1, 0, 0
155700, 1078853, 1, 0, 0
155800, 1093155, 1, 0, 0
155900, 1039914, 1, 0, 0
156000, 1072613, 1, 0, 0
156100, 1008365, 1, 0, 0
156200, 1010731, 1, 0, 0
156300, 1081336, 1, 0, 0
156400, 1047894, 1, 0, 0
156500, 1049251, 1, 0, 0
156600, 1018597, 1, 0, 0
156701, 1089513, 1, 0, 0
156800, 1068648, 1, 0, 0
156901, 1090013, 1, 0, 0
157000, 1073858, 1, 0, 0
157100, 1050519, 1, 0, 0
157200, 1105476, 1, 0, 0
157300, 1044047, 1, 0, 0
157400, 1075641, 1, 0, 0
157501, 1091795, 1, 0, 0
157600, 1099757, 1, 0, 0
157700, 1078518, 1, 0, 0
157800, 1095360, 1, 0, 0
157900, 1063835, 1, 0, 0
158000, 1085368, 1, 0, 0
158100, 1058660, 1, 0, 0
158200, 1049685, 1, 0, 0
158300, 1073554, 1, 0, 0
158400, 1070271, 1, 0, 0
158500, 1059408, 1, 0, 0
158600, 1076211, 1, 0, 0
158700, 1032435, 1, 0, 0
158800, 1124117, 1, 0, 0
158900, 1082149, 1, 0, 0
159000, 1081533, 1, 0, 0
159100, 1049634, 1, 0, 0
159200, 1123927, 1, 0, 0
159300, 1119072, 1, 0, 0
159400, 1090363, 1, 0, 0
159500, 1120706, 1, 0, 0
159600, 1091674, 1, 0, 0
159700, 1111478, 1, 0, 0
159800, 1084347, 1, 0, 0
159900, 1047469, 1, 0, 0
160000, 1058437, 1, 0, 0
160100, 1026474, 1, 0, 0
160200, 1054830, 1, 0, 0
160300, 1020830, 1, 0, 0
160400, 1063880, 1, 0, 0
160500, 1049195, 1, 0, 0
160600, 1104154, 1, 0, 0
160700, 1065612, 1, 0, 0
160800, 1094897, 1, 0, 0
160900, 1043029, 1, 0, 0
161000, 1028525, 1, 0, 0
161100, 1049792, 1, 0, 0
161201, 1098804, 1, 0, 0
161301, 1025106, 1, 0, 0
161400, 1067019, 1, 0, 0
161500, 1057100, 1, 0, 0
161600, 1021546, 1, 0, 0
161700, 1074804, 1, 0, 0
161800, 1034275, 1, 0, 0
161900, 1085265, 1, 0, 0
162000, 1044073, 1, 0, 0
162100, 1016566, 1, 0, 0
162200, 993283, 1, 0, 0
162300, 1025902, 1, 0, 0
162400, 1040105, 1, 0, 0
162501, 1068272, 1, 0, 0
162600, 1025067, 1, 0, 0
162701, 1029693, 1, 0, 0
162800, 1037190, 1, 0, 0
162901, 1077802, 1, 0, 0
163000, 1067325, 1, 0, 0
163100, 1087369, 1, 0, 0
163200, 1073214, 1, 0, 0
163300, 1032182, 1, 0, 0
163400, 1049868, 1, 0, 0
163500, 1071041, 1, 0, 0
163600, 1090002, 1, 0, 0
163700, 1120508, 1, 0, 0
163800, 1052558, 1, 0, 0
163900, 1107826, 1, 0, 0
164000, 1064710, 1, 0, 0
164100, 1057885, 1, 0, 0
164200, 1011235, 1, 0, 0
164300, 1012767, 1, 0, 0
164400, 1081016, 1, 0, 0
164500, 1039985, 1, 0, 0
164600, 1063980, 1, 0, 0
164700, 1031081, 1, 0, 0
164800, 1016634, 1, 0, 0
164900, 1029643, 1, 0, 0
165000, 1092445, 1, 0, 0
165100, 1057892, 1, 0, 0
165200, 1047245, 1, 0, 0
165300, 1053973, 1, 0, 0
165400, 1091095, 1, 0, 0
165500, 1047255, 1, 0, 0
165600, 1022007, 1, 0, 0
165700, 1046064, 1, 0, 0
165800, 1040405, 1, 0, 0
165901, 1036759, 1, 0, 0
166000, 1057759, 1, 0, 0
166100, 1037791, 1, 0, 0
166200, 1046399, 1, 0, 0
166300, 1134002, 1, 0, 0
166401, 1050742, 1, 0, 0
166500, 1013001, 1, 0, 0
166600, 1071113, 1, 0, 0
166700, 1052228, 1, 0, 0
166800, 1049970, 1, 0, 0
166900, 1003470, 1, 0, 0
167000, 1023393, 1, 0, 0
167100, 1025272, 1, 0, 0
167200, 1018957, 1, 0, 0
167300, 1043358, 1, 0, 0
167400, 1068903, 1, 0, 0
167500, 1057199, 1, 0, 0
167600, 1080093, 1, 0, 0
167700, 1042393, 1, 0, 0
167800, 1002900, 1, 0, 0
167900, 1056283, 1, 0, 0
168001, 1023767, 1, 0, 0
168100, 1031144, 1, 0, 0
168200, 1054241, 1, 0, 0
168300, 1039591, 1, 0, 0
168400, 1045486, 1, 0, 0
168500, 1066029, 1, 0, 0
168601, 1014437, 1, 0, 0
168700, 1080718, 1, 0, 0
168800, 1048193, 1, 0, 0
168900, 1044867, 1, 0, 0
169000, 1103144, 1, 0, 0
169101, 1126404, 1, 0, 0
169200, 1058230, 1, 0, 0
169300, 1060616, 1, 0, 0
169400, 1012786, 1, 0, 0
169500, 1057517, 1, 0, 0
169600, 1008605, 1, 0, 0
169700, 1022620, 1, 0, 0
169800, 1038855, 1, 0, 0
169900, 1100231, 1, 0, 0
170000, 1047043, 1, 0, 0
170100, 1037382, 1, 0, 0
170200, 1041986, 1, 0, 0
170301, 1028767, 1, 0, 0
170400, 1022128, 1, 0, 0
170500, 1035161, 1, 0, 0
170600, 1041072, 1, 0, 0
170700, 1054266, 1, 0, 0
170800, 995614, 1, 0, 0
170901, 1007264, 1, 0, 0
171000, 999953, 1, 0, 0
171100, 1051504, 1, 0, 0
171200, 1018166, 1, 0, 0
171300, 1000318, 1, 0, 0
171400, 1028871, 1, 0, 0
171500, 1076591, 1, 0, 0
171600, 1010659, 1, 0, 0
171700, 987508, 1, 0, 0
171800, 997473, 1, 0, 0
171900, 1017924, 1, 0, 0
172000, 1037018, 1, 0, 0
172100, 998194, 1, 0, 0
172200, 1059210, 1, 0, 0
172300, 1025550, 1, 0, 0
172400, 1073555, 1, 0, 0
172500, 991999, 1, 0, 0
172600, 1021639, 1, 0, 0
172700, 1032848, 1, 0, 0
172800, 1062011, 1, 0, 0
172900, 1022058, 1, 0, 0
173000, 1017539, 1, 0, 0
173100, 1046565, 1, 0, 0
173200, 1071313, 1, 0, 0
173300, 1021209, 1, 0, 0
173400, 1033322, 1, 0, 0
173500, 1022668, 1, 0, 0
173600, 1016595, 1, 0, 0
173700, 1022319, 1, 0, 0
173800, 1003764, 1, 0, 0
173900, 1045793, 1, 0, 0
174000, 1011452, 1, 0, 0
174100, 1048680, 1, 0, 0
174200, 1021410, 1, 0, 0
174300, 1042060, 1, 0, 0
174400, 995371, 1, 0, 0
174500, 1018013, 1, 0, 0
174600, 1077171, 1, 0, 0
174700, 1044561, 1, 0, 0
174800, 1030161, 1, 0, 0
174901, 1072256, 1, 0, 0
175000, 1015998, 1, 0, 0
175101, 1081418, 1, 0, 0
175200, 1023395, 1, 0, 0
175301, 1065951, 1, 0, 0
175400, 1070795, 1, 0, 0
175500, 1063975, 1, 0, 0
175600, 1082532, 1, 0, 0
175700, 1055473, 1, 0, 0
175800, 1027730, 1, 0, 0
175900, 1005050, 1, 0, 0
176000, 1035625, 1, 0, 0
176100, 1032656, 1, 0, 0
176200, 1047111, 1, 0, 0
176301, 1048098, 1, 0, 0
176400, 1100684, 1, 0, 0
176501, 1057566, 1, 0, 0
176600, 1048871, 1, 0, 0
176700, 1053779, 1, 0, 0
176800, 1049507, 1, 0, 0
176901, 998236, 1, 0, 0
177000, 1086417, 1, 0, 0
177100, 1031740, 1, 0, 0
177200, 1036579, 1, 0, 0
177301, 1006918, 1, 0, 0
177400, 1015570, 1, 0, 0
177500, 980652, 1, 0, 0
177600, 987198, 1, 0, 0
177700, 1016120, 1, 0, 0
177800, 1054889, 1, 0, 0
177900, 1057611, 1, 0, 0
178000, 1085709, 1, 0, 0
178100, 1043656, 1, 0, 0
178200, 1017787, 1, 0, 0
178301, 1028703, 1, 0, 0
178400, 1058311, 1, 0, 0
178500, 1060807, 1, 0, 0
178600, 1055435, 1, 0, 0
178700, 1013599, 1, 0, 0
178800, 1006552, 1, 0, 0
178900, 981565, 1, 0, 0
179000, 1049160, 1, 0, 0
179100, 1072501, 1, 0, 0
179200, 1052207, 1, 0, 0
179300, 1030069, 1, 0, 0
179400, 1055642, 1, 0, 0
179500, 1049820, 1, 0, 0
179600, 1069212, 1, 0, 0
179700, 1006460, 1, 0, 0
179800, 1078590, 1, 0, 0
179900, 1109704, 1, 0, 0
180000, 1032480, 1, 0, 0
180100, 1002381, 1, 0, 0
180200, 1053946, 1, 0, 0
180300, 1066074, 1, 0, 0
180400, 1090179, 1, 0, 0
180500, 1023889, 1, 0, 0
180600, 1081107, 1, 0, 0
180700, 1099573, 1, 0, 0
180800, 1079230, 1, 0, 0
180901, 1062106, 1, 0, 0
181000, 1063532, 1, 0, 0
181100, 1069447, 1, 0, 0
181200, 1046427, 1, 0, 0
181300, 1039565, 1, 0, 0
181400, 1060509, 1, 0, 0
181500, 1015201, 1, 0, 0
181600, 1014097, 1, 0, 0
181700, 1108055, 1, 0, 0
181800, 1039173, 1, 0, 0
181900, 1092886, 1, 0, 0
182000, 1018126, 1, 0, 0
182100, 1030003, 1, 0, 0
182200, 1050899, 1, 0, 0
182300, 1044289, 1, 0, 0
182400, 1022202, 1, 0, 0
182500, 1087311, 1, 0, 0
182600, 1091051, 1, 0, 0
182700, 1030037, 1, 0, 0
182801, 991037, 1, 0, 0
182901, 1106324, 1, 0, 0
183000, 1033475, 1, 0, 0
183102, 1081523, 1, 0, 0
183200, 1058336, 1, 0, 0
183300, 1058219, 1, 0, 0
183400, 1036282, 1, 0, 0
183500, 1079891, 1, 0, 0
183600, 1062325, 1, 0, 0
183702, 1042601, 1, 0, 0
183800, 1059585, 1, 0, 0
183900, 1074159, 1, 0, 0
184001, 1108388, 1, 0, 0
184100, 1026667, 1, 0, 0
184201, 1035532, 1, 0, 0
184300, 1101403, 1, 0, 0
184400, 1076635, 1, 0, 0
184500, 1124782, 1, 0, 0
184600, 1042781, 1, 0, 0
184700, 1051569, 1, 0, 0
184800, 1058018, 1, 0, 0
184900, 1055040, 1, 0, 0
185000, 1091960, 1, 0, 0
185100, 1077917, 1, 0, 0
185200, 1035005, 1, 0, 0
185301, 1083961, 1, 0, 0
185400, 1024251, 1, 0, 0
185500, 1080615, 1, 0, 0
185600, 1044092, 1, 0, 0
185700, 1069044, 1, 0, 0
185800, 1049257, 1, 0, 0
185900, 1026798, 1, 0, 0
186000, 1100507, 1, 0, 0
186101, 1014949, 1, 0, 0
186201, 1084769, 1, 0, 0
186300, 1062596, 1, 0, 0
186400, 1061434, 1, 0, 0
186500, 1053190, 1, 0, 0
186600, 1051566, 1, 0, 0
186700, 1109230, 1, 0, 0
186802, 1081580, 1, 0, 0
186900, 1010260, 1, 0, 0
187001, 1105090, 1, 0, 0
187100, 1043637, 1, 0, 0
187200, 1039611, 1, 0, 0
187300, 1066554, 1, 0, 0
187400, 1029499, 1, 0, 0
187500, 1004261, 1, 0, 0
187600, 995951, 1, 0, 0
187700, 1073617, 1, 0, 0
187800, 1014608, 1, 0, 0
187900, 1012871, 1, 0, 0
188000, 1063010, 1, 0, 0
188100, 1001569, 1, 0, 0
188200, 1070415, 1, 0, 0
188300, 1107260, 1, 0, 0
188400, 1066231, 1, 0, 0
188500, 1031406, 1, 0, 0
188601, 1071512, 1, 0, 0
188700, 1030420, 1, 0, 0
188800, 1029852, 1, 0, 0
188900, 1076187, 1, 0, 0
189000, 1120426, 1, 0, 0
189100, 1050686, 1, 0, 0
189200, 1094067, 1, 0, 0
189300, 1036618, 1, 0, 0
189400, 1051006, 1, 0, 0
189500, 1026685, 1, 0, 0
189600, 1070239, 1, 0, 0
189700, 1105332, 1, 0, 0
189801, 1062932, 1, 0, 0
189900, 1087298, 1, 0, 0
190000, 1031770, 1, 0, 0
190100, 1101596, 1, 0, 0
190201, 1098134, 1, 0, 0
190300, 1074576, 1, 0, 0
190401, 1103365, 1, 0, 0
190500, 1066025, 1, 0, 0
190600, 1082501, 1, 0, 0
190700, 1114404, 1, 0, 0
190800, 1091260, 1, 0, 0
190900, 1060475, 1, 0, 0
191000, 1033230, 1, 0, 0
191100, 1059617, 1, 0, 0
191200, 1103995, 1, 0, 0
191300, 991124, 1, 0, 0
191400, 1018366, 1, 0, 0
191500, 1010945, 1, 0, 0
191600, 1047593, 1, 0, 0
191700, 1030095, 1, 0, 0
191800, 1063522, 1, 0, 0
191901, 1081013, 1, 0, 0
192000, 1050088, 1, 0, 0
192100, 1034545, 1, 0, 0
192200, 1065216, 1, 0, 0
192300, 1023103, 1, 0, 0
192402, 1050645, 1, 0, 0
192500, 1074131, 1, 0, 0
192600, 1057703, 1, 0, 0
192700, 1032825, 1, 0, 0
192800, 1038940, 1, 0, 0
192900, 1032466, 1, 0, 0
193000, 1027201, 1, 0, 0
193100, 998901, 1, 0, 0
193200, 1018112, 1, 0, 0
193300, 1029143, 1, 0, 0
193400, 1010241, 1, 0, 0
193500, 1067115, 1, 0, 0
193600, 1073437, 1, 0, 0
193700, 1052047, 1, 0, 0
193801, 1058242, 1, 0, 0
193900, 1010026, 1, 0, 0
194000, 1091649, 1, 0, 0
194100, 1063890, 1, 0, 0
194200, 985290, 1, 0, 0
194300, 1034799, 1, 0, 0
194400, 1103315, 1, 0, 0
194500, 1092082, 1, 0, 0
194600, 1048612, 1, 0, 0
194700, 1099839, 1, 0, 0
194801, 1068783, 1, 0, 0
194900, 1074886, 1, 0, 0
195000, 1031129, 1, 0, 0
195100, 1025432, 1, 0, 0
195200, 1065962, 1, 0, 0
195300, 995875, 1, 0, 0
195400, 1059075, 1, 0, 0
195500, 1028979, 1, 0, 0
195600, 1050233, 1, 0, 0
195700, 1002820, 1, 0, 0
195800, 1073171, 1, 0, 0
195900, 1027189, 1, 0, 0
196000, 1028422, 1, 0, 0
196100, 1011534, 1, 0, 0
196201, 1054685, 1, 0, 0
196300, 995952, 1, 0, 0
196400, 1061143, 1, 0, 0
196500, 1037115, 1, 0, 0
196600, 1053974, 1, 0, 0
196700, 993051, 1, 0, 0
196800, 1064510, 1, 0, 0
196900, 1075866, 1, 0, 0
197001, 1113699, 1, 0, 0
197100, 1030023, 1, 0, 0
197200, 1083555, 1, 0, 0
197300, 1060525, 1, 0, 0
197400, 993797, 1, 0, 0
197500, 1051426, 1, 0, 0
197600, 1099072, 1, 0, 0
197700, 1036042, 1, 0, 0
197800, 992577, 1, 0, 0
197900, 1009651, 1, 0, 0
198000, 1031241, 1, 0, 0
198100, 1072928, 1, 0, 0
198200, 1038638, 1, 0, 0
198300, 1031585, 1, 0, 0
198400, 1005103, 1, 0, 0
198500, 1077464, 1, 0, 0
198600, 1089062, 1, 0, 0
198700, 1053975, 1, 0, 0
198800, 1026130, 1, 0, 0
198900, 1045327, 1, 0, 0
199000, 1014735, 1, 0, 0
199100, 1050735, 1, 0, 0
199200, 1089887, 1, 0, 0
199300, 1038022, 1, 0, 0
199400, 1004009, 1, 0, 0
199500, 1015390, 1, 0, 0
199600, 1156862, 1, 0, 0
199700, 1007636, 1, 0, 0
199801, 1004549, 1, 0, 0
199900, 1098411, 1, 0, 0
200000, 1067242, 1, 0, 0
200100, 1047917, 1, 0, 0
200200, 1024428, 1, 0, 0
200301, 1051513, 1, 0, 0
200400, 1072631, 1, 0, 0
200500, 1034576, 1, 0, 0
200600, 1079845, 1, 0, 0
200700, 1041433, 1, 0, 0
200800, 1082014, 1, 0, 0
200900, 1024546, 1, 0, 0
201001, 1023553, 1, 0, 0
201100, 1006718, 1, 0, 0
201200, 1047807, 1, 0, 0
201300, 1090357, 1, 0, 0
201400, 1090244, 1, 0, 0
201500, 1070575, 1, 0, 0
201600, 1054609, 1, 0, 0
201700, 1011658, 1, 0, 0
201801, 1023979, 1, 0, 0
201900, 1077584, 1, 0, 0
202000, 1097690, 1, 0, 0
202100, 1059089, 1, 0, 0
202201, 1075078, 1, 0, 0
202300, 1051010, 1, 0, 0
202401, 1061284, 1, 0, 0
202500, 1098437, 1, 0, 0
202600, 1027839, 1, 0, 0
202700, 1035142, 1, 0, 0
202800, 1044461, 1, 0, 0
202901, 1008122, 1, 0, 0
203000, 1011795, 1, 0, 0
203100, 1106691, 1, 0, 0
203200, 1002131, 1, 0, 0
203300, 1061579, 1, 0, 0
203400, 1070412, 1, 0, 0
203500, 1011054, 1, 0, 0
203600, 999811, 1, 0, 0
203700, 1038096, 1, 0, 0
203801, 993820, 1, 0, 0
203900, 1004310, 1, 0, 0
204000, 1059930, 1, 0, 0
204100, 1015846, 1, 0, 0
204200, 1033398, 1, 0, 0
204300, 1061831, 1, 0, 0
204400, 1016425, 1, 0, 0
204500, 1086949, 1, 0, 0
204600, 992716, 1, 0, 0
204700, 1044746, 1, 0, 0
204800, 1012169, 1, 0, 0
204900, 1023832, 1, 0, 0
205000, 1010288, 1, 0, 0
205100, 995458, 1, 0, 0
205200, 990633, 1, 0, 0
205300, 1014873, 1, 0, 0
205400, 1006702, 1, 0, 0
205500, 1013548, 1, 0, 0
205601, 1030193, 1, 0, 0
205700, 1056826, 1, 0, 0
205800, 1067442, 1, 0, 0
205900, 1042657, 1, 0, 0
206000, 1069167, 1, 0, 0
206100, 1050136, 1, 0, 0
206200, 978725, 1, 0, 0
206300, 1153705, 1, 0, 0
206400, 1048138, 1, 0, 0
206500, 1035815, 1, 0, 0
206600, 1046469, 1, 0, 0
206700, 1014569, 1, 0, 0
206802, 1069014, 1, 0, 0
206900, 1037098, 1, 0, 0
207000, 1056857, 1, 0, 0
207100, 1036640, 1, 0, 0
207200, 1079706, 1, 0, 0
207300, 1057166, 1, 0, 0
207400, 1022707, 1, 0, 0
207500, 1071840, 1, 0, 0
207600, 1031442, 1, 0, 0
207700, 1042876, 1, 0, 0
207800, 1011501, 1, 0, 0
207900, 1025271, 1, 0, 0
208000, 1052858, 1, 0, 0
208100, 989750, 1, 0, 0
208201, 1035197, 1, 0, 0
208300, 1005994, 1, 0, 0
208400, 1028676, 1, 0, 0
208500, 1008817, 1, 0, 0
208600, 1053617, 1, 0, 0
208700, 1014970, 1, 0, 0
208800, 993430, 1, 0, 0
208900, 1064441, 1, 0, 0
209000, 1025878, 1, 0, 0
209101, 1036938, 1, 0, 0
209200, 1010493, 1, 0, 0
209300, 1044540, 1, 0, 0
209400, 1001611, 1, 0, 0
209500, 1016186, 1, 0, 0
209600, 1048199, 1, 0, 0
209700, 1033010, 1, 0, 0
209800, 1004736, 1, 0, 0
209900, 1002111, 1, 0, 0
210000, 1003322, 1, 0, 0
210100, 1009387, 1, 0, 0
210201, 1064748, 1, 0, 0
210300, 999255, 1, 0, 0
210400, 1021001, 1, 0, 0
210500, 1027467, 1, 0, 0
210600, 1052414, 1, 0, 0
210701, 994007, 1, 0, 0
210800, 1032484, 1, 0, 0
210900, 974517, 1, 0, 0
211000, 1009922, 1, 0, 0
211101, 1019241, 1, 0, 0
211200, 977023, 1, 0, 0
211300, 1017791, 1, 0, 0
211400, 1016495, 1, 0, 0
211500, 1056191, 1, 0, 0
211600, 1015536, 1, 0, 0
211700, 1043257, 1, 0, 0
211800, 985287, 1, 0, 0
211900, 1007258, 1, 0, 0
212001, 1049703, 1, 0, 0
212100, 1008214, 1, 0, 0
212200, 1005609, 1, 0, 0
212300, 1045319, 1, 0, 0
212400, 1049975, 1, 0, 0
212500, 990673, 1, 0, 0
212600, 988329, 1, 0, 0
212700, 1061800, 1, 0, 0
212801, 1034965, 1, 0, 0
212900, 1039522, 1, 0, 0
213000, 1016645, 1, 0, 0
213100, 1022534, 1, 0, 0
213200, 976569, 1, 0, 0
213300, 969898, 1, 0, 0
213400, 1027974, 1, 0, 0
213500, 1008476, 1, 0, 0
213601, 1016829, 1, 0, 0
213700, 1066270, 1, 0, 0
213800, 1036612, 1, 0, 0
213900, 1036915, 1, 0, 0
214000, 1049374, 1, 0, 0
214100, 1030476, 1, 0, 0
214200, 1057039, 1, 0, 0
214300, 1026171, 1, 0, 0
214400, 1067360, 1, 0, 0
214500, 1071553, 1, 0, 0
214600, 1007024, 1, 0, 0
214700, 1030182, 1, 0, 0
214800, 1002789, 1, 0, 0
214900, 1064846, 1, 0, 0
215000, 1107956, 1, 0, 0
215100, 1035376, 1, 0, 0
215200, 1002114, 1, 0, 0
215300, 1018644, 1, 0, 0
215400, 1061995, 1, 0, 0
215500, 1049253, 1, 0, 0
215600, 1023515, 1, 0, 0
215700, 1050593, 1, 0, 0
215800, 1055958, 1, 0, 0
215901, 1041037, 1, 0, 0
216000, 1022153, 1, 0, 0
216100, 1038138, 1, 0, 0
216200, 1006674, 1, 0, 0
216300, 1094521, 1, 0, 0
216400, 1027069, 1, 0, 0
216500, 1012142, 1, 0, 0
216600, 1020090, 1, 0, 0
216700, 1046361, 1, 0, 0
216800, 1018812, 1, 0, 0
216900, 1016584, 1, 0, 0
217000, 1010301, 1, 0, 0
217100, 996444, 1, 0, 0
217200, 1037145, 1, 0, 0
217300, 1036088, 1, 0, 0
217400, 1035418, 1, 0, 0
217500, 1026112, 1, 0, 0
217600, 1053901, 1, 0, 0
217700, 987452, 1, 0, 0
217800, 1033322, 1, 0, 0
217900, 1090346, 1, 0, 0
218000, 1040681, 1, 0, 0
218100, 1031903, 1, 0, 0
218200, 1043087, 1, 0, 0
218300, 1033983, 1, 0, 0
218400, 1053118, 1, 0, 0
218500, 1040149, 1, 0, 0
218600, 1020740, 1, 0, 0
218700, 1036971, 1, 0, 0
218800, 1046866, 1, 0, 0
218900, 1001374, 1, 0, 0
219000, 1041293, 1, 0, 0
219100, 1038018, 1, 0, 0
219200, 1026593, 1, 0, 0
219300, 1023465, 1, 0, 0
219400, 1043360, 1, 0, 0
219500, 1067667, 1, 0, 0
219600, 992307, 1, 0, 0
219700, 1034264, 1, 0, 0
219800, 1016560, 1, 0, 0
219900, 1048444, 1, 0, 0
220000, 1021644, 1, 0, 0
220100, 1006779, 1, 0, 0
220200, 1069249, 1, 0, 0
220300, 982425, 1, 0, 0
220400, 1053851, 1, 0, 0
220500, 1074400, 1, 0, 0
220601, 1065268, 1, 0, 0
220700, 1043034, 1, 0, 0
220800, 1020003, 1, 0, 0
220900, 1013861, 1, 0, 0
221000, 1085802, 1, 0, 0
221100, 1043109, 1, 0, 0
221200, 1046274, 1, 0, 0
221300, 1051933, 1, 0, 0
221400, 1051888, 1, 0, 0
221500, 1049553, 1, 0, 0
221600, 1019503, 1, 0, 0
221700, 1059443, 1, 0, 0
221800, 1067784, 1, 0, 0
221900, 1017228, 1, 0, 0
222001, 1022163, 1, 0, 0
222100, 1034112, 1, 0, 0
222200, 1083553, 1, 0, 0
222300, 1037227, 1, 0, 0
222400, 1003877, 1, 0, 0
222500, 987089, 1, 0, 0
222600, 1019770, 1, 0, 0
222700, 1041645, 1, 0, 0
222800, 1063668, 1, 0, 0
222900, 1029172, 1, 0, 0
223000, 998047, 1, 0, 0
223100, 1079763, 1, 0, 0
223200, 1055048, 1, 0, 0
223300, 1021999, 1, 0, 0
223400, 1053366, 1, 0, 0
223500, 1051909, 1, 0, 0
223600, 997241, 1, 0, 0
223700, 1024865, 1, 0, 0
223800, 992084, 1, 0, 0
223900, 1043544, 1, 0, 0
224000, 1037193, 1, 0, 0
224100, 1071169, 1, 0, 0
224200, 1022086, 1, 0, 0
224300, 1040831, 1, 0, 0
224400, 1025251, 1, 0, 0
224500, 1035409, 1, 0, 0
224600, 1039351, 1, 0, 0
224700, 1025349, 1, 0, 0
224800, 1084360, 1, 0, 0
224900, 1016711, 1, 0, 0
225000, 1038371, 1, 0, 0
225100, 1034391, 1, 0, 0
225200, 991931, 1, 0, 0
225300, 1004331, 1, 0, 0
225400, 1007514, 1, 0, 0
225500, 1020766, 1, 0, 0
225600, 1007011, 1, 0, 0
225700, 1023242, 1, 0, 0
225800, 1053888, 1, 0, 0
225900, 998877, 1, 0, 0
226000, 964830, 1, 0, 0
226101, 1022099, 1, 0, 0
226200, 1029138, 1, 0, 0
226300, 1003425, 1, 0, 0
226400, 1000729, 1, 0, 0
226500, 1010454, 1, 0, 0
226600, 1042662, 1, 0, 0
226700, 966975, 1, 0, 0
226800, 1018337, 1, 0, 0
226900, 1022426, 1, 0, 0
227000, 1017163, 1, 0, 0
227100, 982180, 1, 0, 0
227200, 996652, 1, 0, 0
227300, 982426, 1, 0, 0
227400, 978699, 1, 0, 0
227500, 1036326, 1, 0, 0
227600, 1009143, 1, 0, 0
227700, 1004833, 1, 0, 0
227800, 992471, 1, 0, 0
227900, 973495, 1, 0, 0
228000, 1040569, 1, 0, 0
228100, 1040761, 1, 0, 0
228200, 1055024, 1, 0, 0
228300, 1026208, 1, 0, 0
228400, 967383, 1, 0, 0
228500, 1007389, 1, 0, 0
228600, 1047835, 1, 0, 0
228700, 1002542, 1, 0, 0
228800, 980883, 1, 0, 0
228900, 991827, 1, 0, 0
229000, 963224, 1, 0, 0
229101, 1010005, 1, 0, 0
229200, 1012648, 1, 0, 0
229300, 1038999, 1, 0, 0
229400, 1049437, 1, 0, 0
229500, 1044456, 1, 0, 0
229600, 1104560, 1, 0, 0
229700, 1074463, 1, 0, 0
229800, 982299, 1, 0, 0
229900, 1012846, 1, 0, 0
230000, 1061977, 1, 0, 0
230100, 975178, 1, 0, 0
230200, 1001059, 1, 0, 0
230300, 981013, 1, 0, 0
230400, 967200, 1, 0, 0
230501, 1014614, 1, 0, 0
230600, 1017144, 1, 0, 0
230700, 1017516, 1, 0, 0
230800, 986535, 1, 0, 0
230900, 1059382, 1, 0, 0
231000, 985314, 1, 0, 0
231100, 973168, 1, 0, 0
231200, 979698, 1, 0, 0
231300, 1001853, 1, 0, 0
231400, 1014689, 1, 0, 0
231500, 969331, 1, 0, 0
231601, 1042638, 1, 0, 0
231700, 977473, 1, 0, 0
231800, 991200, 1, 0, 0
231900, 1002247, 1, 0, 0
232000, 1034031, 1, 0, 0
232100, 1034128, 1, 0, 0
232200, 1066395, 1, 0, 0
232300, 1029570, 1, 0, 0
232400, 1046468, 1, 0, 0
232500, 995844, 1, 0, 0
232600, 1035190, 1, 0, 0
232700, 1004444, 1, 0, 0
232800, 1043347, 1, 0, 0
232900, 997548, 1, 0, 0
233000, 990717, 1, 0, 0
233100, 1019793, 1, 0, 0
233200, 1004640, 1, 0, 0
233300, 979177, 1, 0, 0
233400, 994023, 1, 0, 0
233500, 977857, 1, 0, 0
233602, 1011090, 1, 0, 0
233700, 1034441, 1, 0, 0
233801, 1002949, 1, 0, 0
233901, 1042891, 1, 0, 0
234000, 1018977, 1, 0, 0
234100, 978818, 1, 0, 0
234200, 1018271, 1, 0, 0
234300, 1048675, 1, 0, 0
234400, 1004495, 1, 0, 0
234500, 1019958, 1, 0, 0
234600, 1039415, 1, 0, 0
234700, 1040530, 1, 0, 0
234800, 1026263, 1, 0, 0
234900, 1002140, 1, 0, 0
235000, 1000995, 1, 0, 0
235100, 983229, 1, 0, 0
235200, 1023641, 1, 0, 0
235300, 977566, 1, 0, 0
235400, 1008978, 1, 0, 0
235501, 1009861, 1, 0, 0
235600, 1080535, 1, 0, 0
235700, 1016773, 1, 0, 0
235800, 1028556, 1, 0, 0
235901, 1028356, 1, 0, 0
236000, 992030, 1, 0, 0
236100, 1028560, 1, 0, 0
236200, 1015138, 1, 0, 0
236300, 987042, 1, 0, 0
236400, 1034215, 1, 0, 0
236500, 1072650, 1, 0, 0
236600, 1015718, 1, 0, 0
236700, 1046063, 1, 0, 0
236800, 1006390, 1, 0, 0
236900, 1120800, 1, 0, 0
237000, 1086430, 1, 0, 0
237100, 1040995, 1, 0, 0
237200, 1033360, 1, 0, 0
237300, 1068752, 1, 0, 0
237400, 1024425, 1, 0, 0
237500, 1001092, 1, 0, 0
237600, 1038407, 1, 0, 0
237700, 1001007, 1, 0, 0
237800, 992901, 1, 0, 0
237900, 1028284, 1, 0, 0
238000, 1028298, 1, 0, 0
238100, 975616, 1, 0, 0
238200, 1022761, 1, 0, 0
238300, 989588, 1, 0, 0
238400, 985434, 1, 0, 0
238500, 974574, 1, 0, 0
238600, 985323, 1, 0, 0
238700, 1020943, 1, 0, 0
238800, 1023305, 1, 0, 0
238900, 1032926, 1, 0, 0
239000, 991354, 1, 0, 0
239100, 1001241, 1, 0, 0
239200, 1054225, 1, 0, 0
239300, 1024747, 1, 0, 0
239401, 1014279, 1, 0, 0
239501, 1039922, 1, 0, 0
239600, 1025240, 1, 0, 0
239701, 1051613, 1, 0, 0
239800, 1039181, 1, 0, 0
239901, 1022869, 1, 0, 0
240000, 1019573, 1, 0, 0
240100, 1042359, 1, 0, 0
240200, 1063544, 1, 0, 0
240300, 1026659, 1, 0, 0
240400, 1059213, 1, 0, 0
240501, 1087926, 1, 0, 0
240600, 1019016, 1, 0, 0
240700, 1068983, 1, 0, 0
240800, 1019493, 1, 0, 0
240900, 1043908, 1, 0, 0
241000, 1042803, 1, 0, 0
241100, 1029786, 1, 0, 0
241200, 1018137, 1, 0, 0
241301, 1038817, 1, 0, 0
241400, 1037716, 1, 0, 0
241500, 1041232, 1, 0, 0
241600, 979493, 1, 0, 0
241700, 1054658, 1, 0, 0
241800, 1063698, 1, 0, 0
241900, 1029075, 1, 0, 0
242000, 984392, 1, 0, 0
242100, 959128, 1, 0, 0
242201, 1059361, 1, 0, 0
242300, 1026366, 1, 0, 0
242400, 1002909, 1, 0, 0
242501, 1036195, 1, 0, 0
242600, 1028435, 1, 0, 0
242700, 1010315, 1, 0, 0
242800, 1077606, 1, 0, 0
242900, 1006025, 1, 0, 0
243000, 1023867, 1, 0, 0
243100, 1001663, 1, 0, 0
243200, 1050586, 1, 0, 0
243300, 1048255, 1, 0, 0
243400, 1012233, 1, 0, 0
243500, 1082442, 1, 0, 0
243600, 1021631, 1, 0, 0
243700, 1030503, 1, 0, 0
243800, 1017379, 1, 0, 0
243900, 1033791, 1, 0, 0
244000, 1055437, 1, 0, 0
244100, 1030357, 1, 0, 0
244200, 1069023, 1, 0, 0
244300, 1066105, 1, 0, 0
244400, 1015247, 1, 0, 0
244500, 1031896, 1, 0, 0
244600, 1027201, 1, 0, 0
244700, 1064907, 1, 0, 0
244801, 1043587, 1, 0, 0
244900, 1041548, 1, 0, 0
245000, 999924, 1, 0, 0
245101, 1061030, 1, 0, 0
245200, 1050025, 1, 0, 0
245301, 995009, 1, 0, 0
245400, 1039608, 1, 0, 0
245500, 1011414, 1, 0, 0
245600, 1036901, 1, 0, 0
245700, 1100367, 1, 0, 0
245800, 1024663, 1, 0, 0
245900, 1056262, 1, 0, 0
246000, 1004923, 1, 0, 0
246100, 1045890, 1, 0, 0
246200, 997211, 1, 0, 0
246301, 1086506, 1, 0, 0
246401, 1052725, 1, 0, 0
246500, 1080905, 1, 0, 0
246601, 1086917, 1, 0, 0
246700, 1079102, 1, 0, 0
246801, 1043008, 1, 0, 0
246901, 1031800, 1, 0, 0
247000, 1113262, 1, 0, 0
247100, 1072706, 1, 0, 0
247200, 1068893, 1, 0, 0
247300, 1070453, 1, 0, 0
247400, 1064386, 1, 0, 0
247500, 1046111, 1, 0, 0
247600, 1033122, 1, 0, 0
247700, 1013103, 1, 0, 0
247800, 1028192, 1, 0, 0
247900, 994187, 1, 0, 0
248000, 1025257, 1, 0, 0
248100, 1037648, 1, 0, 0
248200, 1084690, 1, 0, 0
248300, 1082185, 1, 0, 0
248400, 1050641, 1, 0, 0
248500, 1020170, 1, 0, 0
248600, 1063812, 1, 0, 0
248701, 1042856, 1, 0, 0
248800, 1025908, 1, 0, 0
248900, 1055251, 1, 0, 0
249001, 1019777, 1, 0, 0
249100, 1075590, 1, 0, 0
249200, 1027421, 1, 0, 0
249300, 1038347, 1, 0, 0
249401, 1027357, 1, 0, 0
249500, 978945, 1, 0, 0
249600, 997139, 1, 0, 0
249700, 1014996, 1, 0, 0
249801, 1030445, 1, 0, 0
249900, 993064, 1, 0, 0
250000, 1043015, 1, 0, 0
250100, 1059129, 1, 0, 0
250200, 984814, 1, 0, 0
250300, 1109908, 1, 0, 0
250400, 1018435, 1, 0, 0
250500, 1016879, 1, 0, 0
250600, 1014959, 1, 0, 0
250700, 1016294, 1, 0, 0
250800, 1084051, 1, 0, 0
250900, 1002809, 1, 0, 0
251000, 1022321, 1, 0, 0
251100, 993275, 1, 0, 0
251200, 1072961, 1, 0, 0
251300, 1056041, 1, 0, 0
251401, 1061210, 1, 0, 0
251500, 1035587, 1, 0, 0
251601, 1074630, 1, 0, 0
251700, 1027475, 1, 0, 0
251800, 999396, 1, 0, 0
251900, 999965, 1, 0, 0
252001, 1006996, 1, 0, 0
252100, 1067153, 1, 0, 0
252201, 1055411, 1, 0, 0
252300, 1000364, 1, 0, 0
252400, 1045654, 1, 0, 0
252500, 1007035, 1, 0, 0
252600, 1062810, 1, 0, 0
252700, 1044425, 1, 0, 0
252800, 1032249, 1, 0, 0
252900, 1016073, 1, 0, 0
253000, 1023203, 1, 0, 0
253100, 1027229, 1, 0, 0
253200, 976187, 1, 0, 0
253300, 1015926, 1, 0, 0
253400, 1060878, 1, 0, 0
253500, 1069714, 1, 0, 0
253600, 1029770, 1, 0, 0
253702, 1086065, 1, 0, 0
253800, 1050578, 1, 0, 0
253900, 1038430, 1, 0, 0
254000, 995025, 1, 0, 0
254100, 1071427, 1, 0, 0
254200, 1037627, 1, 0, 0
254300, 1092287, 1, 0, 0
254400, 1041515, 1, 0, 0
254500, 1035767, 1, 0, 0
254600, 1007884, 1, 0, 0
254700, 1034460, 1, 0, 0
254800, 991371, 1, 0, 0
254900, 1029840, 1, 0, 0
255000, 1030657, 1, 0, 0
255100, 1051882, 1, 0, 0
255200, 1055282, 1, 0, 0
255300, 1011247, 1, 0, 0
255401, 1026014, 1, 0, 0
255500, 1006167, 1, 0, 0
255600, 1017603, 1, 0, 0
255700, 1020223, 1, 0, 0
255800, 998558, 1, 0, 0
255900, 1017332, 1, 0, 0
256000, 1028903, 1, 0, 0
256100, 1020643, 1, 0, 0
256200, 985769, 1, 0, 0
256300, 990465, 1, 0, 0
256400, 962595, 1, 0, 0
256500, 994322, 1, 0, 0
256601, 1004616, 1, 0, 0
256700, 993261, 1, 0, 0
256800, 1014521, 1, 0, 0
256900, 1001467, 1, 0, 0
257000, 1008546, 1, 0, 0
257100, 1014985, 1, 0, 0
257201, 995769, 1, 0, 0
257300, 1030720, 1, 0, 0
257400, 994907, 1, 0, 0
257500, 1006275, 1, 0, 0
257600, 994258, 1, 0, 0
257700, 1019480, 1, 0, 0
257800, 1004430, 1, 0, 0
257901, 1041283, 1, 0, 0
258000, 975071, 1, 0, 0
258100, 1048970, 1, 0, 0
258200, 1043651, 1, 0, 0
258300, 1045710, 1, 0, 0
258400, 979398, 1, 0, 0
258501, 1075031, 1, 0, 0
258600, 1030755, 1, 0, 0
258700, 1003926, 1, 0, 0
258800, 1071632, 1, 0, 0
258900, 1023542, 1, 0, 0
259000, 1029839, 1, 0, 0
259100, 990458, 1, 0, 0
259200, 1003493, 1, 0, 0
259300, 1010160, 1, 0, 0
259400, 1013959, 1, 0, 0
259500, 995669, 1, 0, 0
259600, 1038028, 1, 0, 0
259700, 1022405, 1, 0, 0
259800, 975196, 1, 0, 0
259900, 999920, 1, 0, 0
260000, 1010454, 1, 0, 0
260100, 1047903, 1, 0, 0
260200, 1012242, 1, 0, 0
260300, 1019827, 1, 0, 0
260400, 934998, 1, 0, 0
260500, 978153, 1, 0, 0
260600, 1020497, 1, 0, 0
260700, 1017597, 1, 0, 0
260800, 1007383, 1, 0, 0
260900, 1052504, 1, 0, 0
261000, 986928, 1, 0, 0
261100, 1041670, 1, 0, 0
261200, 1000654, 1, 0, 0
261300, 1048999, 1, 0, 0
261400, 1009374, 1, 0, 0
261501, 998003, 1, 0, 0
261600, 1015233, 1, 0, 0
261701, 1023907, 1, 0, 0
261800, 1008000, 1, 0, 0
261900, 1060111, 1, 0, 0
262000, 1047042, 1, 0, 0
262101, 1021428, 1, 0, 0
262201, 986892, 1, 0, 0
262300, 971855, 1, 0, 0
262400, 997701, 1, 0, 0
262500, 1058799, 1, 0, 0
262600, 988403, 1, 0, 0
262700, 1024514, 1, 0, 0
262800, 1043383, 1, 0, 0
262900, 1035794, 1, 0, 0
263000, 1013279, 1, 0, 0
263100, 998798, 1, 0, 0
263200, 1015164, 1, 0, 0
263300, 992286, 1, 0, 0
263401, 999488, 1, 0, 0
263500, 973990, 1, 0, 0
263601, 1017261, 1, 0, 0
263700, 1026732, 1, 0, 0
263800, 1036765, 1, 0, 0
263900, 1081020, 1, 0, 0
264000, 1037994, 1, 0, 0
264100, 1000129, 1, 0, 0
264200, 1066144, 1, 0, 0
264300, 1017702, 1, 0, 0
264400, 1054251, 1, 0, 0
264500, 1016147, 1, 0, 0
264600, 979823, 1, 0, 0
264700, 961428, 1, 0, 0
264800, 1030833, 1, 0, 0
264900, 1023027, 1, 0, 0
265000, 1018387, 1, 0, 0
265100, 949340, 1, 0, 0
265200, 1010144, 1, 0, 0
265300, 1016001, 1, 0, 0
265400, 995082, 1, 0, 0
265500, 1019698, 1, 0, 0
265600, 1022779, 1, 0, 0
265700, 1006699, 1, 0, 0
265800, 988132, 1, 0, 0
265901, 1078974, 1, 0, 0
266000, 1031306, 1, 0, 0
266100, 1011393, 1, 0, 0
266200, 957418, 1, 0, 0
266300, 969170, 1, 0, 0
266400, 985492, 1, 0, 0
266500, 985886, 1, 0, 0
266600, 1056151, 1, 0, 0
266700, 991860, 1, 0, 0
266800, 1049296, 1, 0, 0
266900, 970055, 1, 0, 0
267000, 1014672, 1, 0, 0
267100, 967593, 1, 0, 0
267200, 979952, 1, 0, 0
267300, 1005560, 1, 0, 0
267401, 1030066, 1, 0, 0
267500, 1010023, 1, 0, 0
267600, 984056, 1, 0, 0
267700, 977030, 1, 0, 0
267800, 999536, 1, 0, 0
267900, 1028636, 1, 0, 0
268000, 1027654, 1, 0, 0
268100, 1028770, 1, 0, 0
268200, 1018711, 1, 0, 0
268300, 1043427, 1, 0, 0
268400, 1032245, 1, 0, 0
268500, 1009918, 1, 0, 0
268600, 988137, 1, 0, 0
268700, 1014745, 1, 0, 0
268800, 1043617, 1, 0, 0
268900, 1086608, 1, 0, 0
269000, 1046844, 1, 0, 0
269100, 1064762, 1, 0, 0
269200, 1009291, 1, 0, 0
269300, 1014594, 1, 0, 0
269400, 1128361, 1, 0, 0
269500, 1061364, 1, 0, 0
269600, 1019950, 1, 0, 0
269700, 1047304, 1, 0, 0
269800, 1050243, 1, 0, 0
269900, 1032932, 1, 0, 0
270000, 1088188, 1, 0, 0
270100, 1023385, 1, 0, 0
270200, 985650, 1, 0, 0
270300, 967021, 1, 0, 0
270400, 982474, 1, 0, 0
270500, 1001057, 1, 0, 0
270600, 1003235, 1, 0, 0
270700, 984922, 1, 0, 0
270800, 1014170, 1, 0, 0
270900, 1035600, 1, 0, 0
271000, 1006588, 1, 0, 0
271100, 993438, 1, 0, 0
271200, 970735, 1, 0, 0
271300, 981408, 1, 0, 0
271400, 1036716, 1, 0, 0
271500, 993577, 1, 0, 0
271600, 1070298, 1, 0, 0
271700, 1015209, 1, 0, 0
271800, 1010803, 1, 0, 0
271900, 1022861, 1, 0, 0
272000, 985940, 1, 0, 0
272100, 1021674, 1, 0, 0
272200, 1092963, 1, 0, 0
272300, 1026462, 1, 0, 0
272400, 1007187, 1, 0, 0
272500, 1048049, 1, 0, 0
272600, 1005698, 1, 0, 0
272700, 1068666, 1, 0, 0
272800, 964561, 1, 0, 0
272900, 984415, 1, 0, 0
273000, 999076, 1, 0, 0
273101, 955721, 1, 0, 0
273200, 1004527, 1, 0, 0
273300, 1009276, 1, 0, 0
273400, 1047787, 1, 0, 0
273500, 969107, 1, 0, 0
273600, 996144, 1, 0, 0
273700, 970618, 1, 0, 0
273801, 1014086, 1, 0, 0
273900, 969469, 1, 0, 0
274000, 1008346, 1, 0, 0
274100, 996444, 1, 0, 0
274200, 1003782, 1, 0, 0
274300, 1004336, 1, 0, 0
274400, 1034021, 1, 0, 0
274500, 996975, 1, 0, 0
274600, 1067378, 1, 0, 0
274700, 1013867, 1, 0, 0
274800, 962958, 1, 0, 0
274900, 1023093, 1, 0, 0
275000, 984418, 1, 0, 0
275100, 1008892, 1, 0, 0
275200, 1034609, 1, 0, 0
275300, 1005671, 1, 0, 0
275400, 1006338, 1, 0, 0
275500, 1029916, 1, 0, 0
275600, 993613, 1, 0, 0
275700, 1004214, 1, 0, 0
275800, 1013100, 1, 0, 0
275900, 983981, 1, 0, 0
276000, 1004581, 1, 0, 0
276100, 1040060, 1, 0, 0
276200, 996240, 1, 0, 0
276300, 1003871, 1, 0, 0
276400, 1019605, 1, 0, 0
276500, 982792, 1, 0, 0
276600, 995285, 1, 0, 0
276700, 1058683, 1, 0, 0
276800, 1021874, 1, 0, 0
276901, 1026044, 1, 0, 0
277000, 1030339, 1, 0, 0
277100, 962172, 1, 0, 0
277200, 1046572, 1, 0, 0
277301, 1007766, 1, 0, 0
277400, 1030385, 1, 0, 0
277500, 989110, 1, 0, 0
277600, 950407, 1, 0, 0
277700, 995577, 1, 0, 0
277800, 986047, 1, 0, 0
277900, 977388, 1, 0, 0
278000, 977246, 1, 0, 0
278100, 1008107, 1, 0, 0
278200, 1013259, 1, 0, 0
278300, 1037354, 1, 0, 0
278400, 1039786, 1, 0, 0
278500, 1024589, 1, 0, 0
278600, 1101678, 1, 0, 0
278700, 1003863, 1, 0, 0
278800, 999887, 1, 0, 0
278900, 1040710, 1, 0, 0
279000, 998656, 1, 0, 0
279100, 1036955, 1, 0, 0
279200, 1002705, 1, 0, 0
279300, 1051114, 1, 0, 0
279400, 1017620, 1, 0, 0
279500, 997190, 1, 0, 0
279600, 998866, 1, 0, 0
279700, 1053402, 1, 0, 0
279801, 1069148, 1, 0, 0
279901, 1054567, 1, 0, 0
280000, 1020965, 1, 0, 0
280100, 1062980, 1, 0, 0
280200, 950765, 1, 0, 0
280300, 1012218, 1, 0, 0
280401, 1016756, 1, 0, 0
280500, 964405, 1, 0, 0
280600, 1007422, 1, 0, 0
280700, 997211, 1, 0, 0
280801, 1045128, 1, 0, 0
280900, 1002403, 1, 0, 0
281000, 1059710, 1, 0, 0
281100, 969901, 1, 0, 0
281200, 1017480, 1, 0, 0
281300, 1019604, 1, 0, 0
281400, 1066427, 1, 0, 0
281500, 1074673, 1, 0, 0
281600, 1015902, 1, 0, 0
281700, 1022467, 1, 0, 0
281800, 1041246, 1, 0, 0
281900, 1055039, 1, 0, 0
282001, 994593, 1, 0, 0
282100, 973631, 1, 0, 0
282200, 964641, 1, 0, 0
282301, 995476, 1, 0, 0
282400, 987625, 1, 0, 0
282500, 995194, 1, 0, 0
282600, 983723, 1, 0, 0
282700, 963271, 1, 0, 0
282800, 983868, 1, 0, 0
282900, 1045346, 1, 0, 0
283000, 1015353, 1, 0, 0
283100, 1005810, 1, 0, 0
283200, 1023878, 1, 0, 0
283301, 988823, 1, 0, 0
283400, 991567, 1, 0, 0
283500, 980780, 1, 0, 0
283600, 994585, 1, 0, 0
283700, 1020062, 1, 0, 0
283800, 990626, 1, 0, 0
283900, 992848, 1, 0, 0
284000, 1039838, 1, 0, 0
284101, 1065111, 1, 0, 0
284200, 996164, 1, 0, 0
284300, 960263, 1, 0, 0
284400, 973033, 1, 0, 0
284500, 1031728, 1, 0, 0
284600, 977161, 1, 0, 0
284700, 995252, 1, 0, 0
284800, 1027969, 1, 0, 0
284900, 1015740, 1, 0, 0
285000, 1004972, 1, 0, 0
285100, 1009024, 1, 0, 0
285200, 1019863, 1, 0, 0
285300, 997844, 1, 0, 0
285400, 1011241, 1, 0, 0
285500, 941162, 1, 0, 0
285600, 1010340, 1, 0, 0
285700, 1034623, 1, 0, 0
285800, 1007612, 1, 0, 0
285900, 1034638, 1, 0, 0
286000, 1060226, 1, 0, 0
286100, 989435, 1, 0, 0
286200, 981731, 1, 0, 0
286300, 993820, 1, 0, 0
286400, 1012988, 1, 0, 0
286500, 982527, 1, 0, 0
286600, 1027275, 1, 0, 0
286700, 1007247, 1, 0, 0
286800, 1027654, 1, 0, 0
286900, 984579, 1, 0, 0
287000, 1022851, 1, 0, 0
287100, 978284, 1, 0, 0
287201, 976517, 1, 0, 0
287300, 1022573, 1, 0, 0
287400, 1009413, 1, 0, 0
287500, 949396, 1, 0, 0
287600, 962520, 1, 0, 0
287700, 1037921, 1, 0, 0
287800, 995594, 1, 0, 0
287900, 1021044, 1, 0, 0
288000, 1057802, 1, 0, 0
288100, 979998, 1, 0, 0
288200, 996250, 1, 0, 0
288300, 1043566, 1, 0, 0
288400, 1010465, 1, 0, 0
288500, 1010303, 1, 0, 0
288600, 1019348, 1, 0, 0
288700, 999509, 1, 0, 0
288800, 1012769, 1, 0, 0
288901, 1029969, 1, 0, 0
289000, 1048158, 1, 0, 0
289100, 996138, 1, 0, 0
289200, 1001801, 1, 0, 0
289300, 1023890, 1, 0, 0
289400, 976027, 1, 0, 0
289500, 1025951, 1, 0, 0
289601, 989867, 1, 0, 0
289700, 998824, 1, 0, 0
289800, 1027955, 1, 0, 0
289900, 977740, 1, 0, 0
290000, 1005010, 1, 0, 0
290100, 1024933, 1, 0, 0
290200, 1008827, 1, 0, 0
290300, 968652, 1, 0, 0
290400, 989461, 1, 0, 0
290500, 1055635, 1, 0, 0
290600, 1044932, 1, 0, 0
290700, 1073450, 1, 0, 0
290800, 1008681, 1, 0, 0
290900, 1006939, 1, 0, 0
291000, 995825, 1, 0, 0
291100, 1024255, 1, 0, 0
291200, 1026140, 1, 0, 0
291301, 1011791, 1, 0, 0
291400, 1025585, 1, 0, 0
291501, 1033333, 1, 0, 0
291600, 969934, 1, 0, 0
291700, 990827, 1, 0, 0
291800, 967297, 1, 0, 0
291900, 984628, 1, 0, 0
292001, 1009151, 1, 0, 0
292101, 1062470, 1, 0, 0
292200, 1022128, 1, 0, 0
292300, 1011934, 1, 0, 0
292400, 1031932, 1, 0, 0
292500, 1015922, 1, 0, 0
292600, 1051618, 1, 0, 0
292700, 1037434, 1, 0, 0
292800, 996857, 1, 0, 0
292900, 1027471, 1, 0, 0
293000, 998048, 1, 0, 0
293100, 1050883, 1, 0, 0
293200, 1019209, 1, 0, 0
293300, 1001026, 1, 0, 0
293400, 1038883, 1, 0, 0
293500, 979374, 1, 0, 0
293600, 995170, 1, 0, 0
293700, 1032752, 1, 0, 0
293800, 1017910, 1, 0, 0
293900, 1015164, 1, 0, 0
294000, 1014191, 1, 0, 0
294100, 1061331, 1, 0, 0
294200, 1043874, 1, 0, 0
294301, 1010824, 1, 0, 0
294400, 1023256, 1, 0, 0
294500, 1040235, 1, 0, 0
294600, 1047486, 1, 0, 0
294700, 1071761, 1, 0, 0
294800, 1003835, 1, 0, 0
294901, 1024095, 1, 0, 0
295000, 1074923, 1, 0, 0
295100, 1034706, 1, 0, 0
295200, 1043457, 1, 0, 0
295300, 1030728, 1, 0, 0
295400, 982130, 1, 0, 0
295500, 986842, 1, 0, 0
295600, 1003560, 1, 0, 0
295700, 1036538, 1, 0, 0
295800, 987678, 1, 0, 0
295901, 1052261, 1, 0, 0
296001, 1046592, 1, 0, 0
296100, 1020433, 1, 0, 0
296200, 990788, 1, 0, 0
296300, 995618, 1, 0, 0
296400, 999656, 1, 0, 0
296500, 983427, 1, 0, 0
296600, 985954, 1, 0, 0
296701, 1024730, 1, 0, 0
296800, 980107, 1, 0, 0
296900, 971197, 1, 0, 0
297000, 981897, 1, 0, 0
297100, 1012145, 1, 0, 0
297200, 999389, 1, 0, 0
297300, 1013641, 1, 0, 0
297400, 1003729, 1, 0, 0
297500, 1006176, 1, 0, 0
297600, 1010851, 1, 0, 0
297700, 998375, 1, 0, 0
297800, 1002186, 1, 0, 0
297901, 1061173, 1, 0, 0
298000, 1023874, 1, 0, 0
298100, 1020125, 1, 0, 0
298200, 1013206, 1, 0, 0
298300, 1024417, 1, 0, 0
298400, 1029545, 1, 0, 0
298500, 1009193, 1, 0, 0
298600, 1069124, 1, 0, 0
298700, 1019078, 1, 0, 0
298800, 981062, 1, 0, 0
298900, 994771, 1, 0, 0
299001, 1012054, 1, 0, 0
299100, 1005267, 1, 0, 0
299200, 1024381, 1, 0, 0
299300, 1010013, 1, 0, 0
299400, 1039197, 1, 0, 0
299500, 1021974, 1, 0, 0
299600, 1034960, 1, 0, 0
299700, 1013947, 1, 0, 0
299800, 1049053, 1, 0, 0
299900, 1015079, 1, 0, 0
300000, 970022, 1, 0, 0
300101, 1013676, 1, 0, 0
300200, 1035336, 1, 0, 0
300300, 1071887, 1, 0, 0
300400, 1015718, 1, 0, 0
300500, 996122, 1, 0, 0
300600, 1033989, 1, 0, 0
300700, 978865, 1, 0, 0
300800, 1014684, 1, 0, 0
300900, 982114, 1, 0, 0
301000, 1052596, 1, 0, 0
301100, 1037255, 1, 0, 0
301200, 972822, 1, 0, 0
301300, 972893, 1, 0, 0
301400, 961146, 1, 0, 0
301500, 983971, 1, 0, 0
301600, 1034531, 1, 0, 0
301700, 1038032, 1, 0, 0
301800, 1039244, 1, 0, 0
301900, 1013640, 1, 0, 0
302000, 987662, 1, 0, 0
302100, 1046502, 1, 0, 0
302201, 1022080, 1, 0, 0
302300, 1009569, 1, 0, 0
302400, 1035458, 1, 0, 0
302500, 1022611, 1, 0, 0
302600, 1056387, 1, 0, 0
302700, 1033705, 1, 0, 0
302800, 993082, 1, 0, 0
302900, 1028004, 1, 0, 0
303000, 995486, 1, 0, 0
303100, 1071244, 1, 0, 0
303200, 1005016, 1, 0, 0
303300, 1033816, 1, 0, 0
303400, 999028, 1, 0, 0
303500, 1043804, 1, 0, 0
303600, 982050, 1, 0, 0
303700, 1043543, 1, 0, 0
303800, 1018691, 1, 0, 0
303900, 999513, 1, 0, 0
304000, 1008027, 1, 0, 0
304101, 981918, 1, 0, 0
304200, 976338, 1, 0, 0
304301, 999334, 1, 0, 0
304400, 1000503, 1, 0, 0
304500, 966440, 1, 0, 0
304600, 979980, 1, 0, 0
304700, 1069621, 1, 0, 0
304800, 1041262, 1, 0, 0
304900, 1016514, 1, 0, 0
305000, 1025768, 1, 0, 0
305100, 996243, 1, 0, 0
305200, 1013422, 1, 0, 0
305300, 994938, 1, 0, 0
305400, 1005290, 1, 0, 0
305500, 991711, 1, 0, 0
305600, 1012844, 1, 0, 0
305700, 1070798, 1, 0, 0
305800, 1007962, 1, 0, 0
305900, 1035324, 1, 0, 0
306000, 1000933, 1, 0, 0
306100, 1008180, 1, 0, 0
306200, 980903, 1, 0, 0
306300, 1027870, 1, 0, 0
306400, 1014965, 1, 0, 0
306500, 1013034, 1, 0, 0
306600, 1009209, 1, 0, 0
306701, 1036185, 1, 0, 0
306800, 1049022, 1, 0, 0
306900, 1045635, 1, 0, 0
307000, 999087, 1, 0, 0
307100, 1014297, 1, 0, 0
307200, 982056, 1, 0, 0
307300, 987398, 1, 0, 0
307400, 1016594, 1, 0, 0
307500, 1042261, 1, 0, 0
307600, 1002856, 1, 0, 0
307700, 1018340, 1, 0, 0
307800, 1042601, 1, 0, 0
307900, 993450, 1, 0, 0
308000, 1022990, 1, 0, 0
308100, 1027805, 1, 0, 0
308200, 965659, 1, 0, 0
308300, 987967, 1, 0, 0
308400, 1009569, 1, 0, 0
308500, 1007406, 1, 0, 0
308600, 1043533, 1, 0, 0
308700, 975761, 1, 0, 0
308800, 995643, 1, 0, 0
308900, 971263, 1, 0, 0
309000, 1052816, 1, 0, 0
309100, 989548, 1, 0, 0
309200, 1055970, 1, 0, 0
309300, 982977, 1, 0, 0
309400, 1010753, 1, 0, 0
309500, 995588, 1, 0, 0
309600, 1013739, 1, 0, 0
309700, 1047826, 1, 0, 0
309800, 994177, 1, 0, 0
309900, 999180, 1, 0, 0
310000, 1018448, 1, 0, 0
310100, 995141, 1, 0, 0
310200, 970790, 1, 0, 0
310300, 983668, 1, 0, 0
310400, 1016391, 1, 0, 0
310500, 1017315, 1, 0, 0
310600, 1005922, 1, 0, 0
310700, 979687, 1, 0, 0
310800, 1002882, 1, 0, 0
310901, 1020727, 1, 0, 0
311000, 981020, 1, 0, 0
311100, 999526, 1, 0, 0
311200, 978061, 1, 0, 0
311300, 975990, 1, 0, 0
311400, 1020909, 1, 0, 0
311500, 1004094, 1, 0, 0
311600, 1001032, 1, 0, 0
311700, 1040367, 1, 0, 0
311800, 979399, 1, 0, 0
311900, 967918, 1, 0, 0
312000, 1014786, 1, 0, 0
312100, 1051940, 1, 0, 0
312200, 1003720, 1, 0, 0
312300, 1034685, 1, 0, 0
312400, 1001411, 1, 0, 0
312500, 1021694, 1, 0, 0
312600, 1017562, 1, 0, 0
312700, 986749, 1, 0, 0
312800, 987038, 1, 0, 0
312900, 1038705, 1, 0, 0
313000, 1033078, 1, 0, 0
313100, 1058617, 1, 0, 0
313200, 1018692, 1, 0, 0
313300, 1027189, 1, 0, 0
313400, 1025964, 1, 0, 0
313501, 1084294, 1, 0, 0
313600, 999322, 1, 0, 0
313700, 971137, 1, 0, 0
313800, 1011332, 1, 0, 0
313900, 1036806, 1, 0, 0
314000, 1054483, 1, 0, 0
314100, 1035110, 1, 0, 0
314200, 1014902, 1, 0, 0
314300, 1025457, 1, 0, 0
314401, 1074993, 1, 0, 0
314501, 1022823, 1, 0, 0
314600, 1012505, 1, 0, 0
314700, 1036011, 1, 0, 0
314800, 1027441, 1, 0, 0
314900, 981836, 1, 0, 0
315000, 1020192, 1, 0, 0
315101, 1071969, 1, 0, 0
315200, 1038869, 1, 0, 0
315300, 1075668, 1, 0, 0
315400, 1074215, 1, 0, 0
315500, 1028464, 1, 0, 0
315600, 1090283, 1, 0, 0
315700, 1005024, 1, 0, 0
315800, 1026291, 1, 0, 0
315900, 988376, 1, 0, 0
316000, 1000779, 1, 0, 0
316100, 1020550, 1, 0, 0
316200, 977086, 1, 0, 0
316301, 1009585, 1, 0, 0
316400, 1044034, 1, 0, 0
316500, 1005019, 1, 0, 0
316601, 1017370, 1, 0, 0
316700, 1057075, 1, 0, 0
316800, 992854, 1, 0, 0
316901, 1038476, 1, 0, 0
317000, 1044931, 1, 0, 0
317100, 1042472, 1, 0, 0
317200, 1121180, 1, 0, 0
317300, 1035573, 1, 0, 0
317400, 1079984, 1, 0, 0
317500, 1032946, 1, 0, 0
317600, 1049446, 1, 0, 0
317700, 1011805, 1, 0, 0
317800, 1002929, 1, 0, 0
317900, 981799, 1, 0, 0
318000, 1049213, 1, 0, 0
318100, 1053116, 1, 0, 0
318200, 993005, 1, 0, 0
318300, 1054353, 1, 0, 0
318400, 1070381, 1, 0, 0
318500, 1035811, 1, 0, 0
318600, 1081159, 1, 0, 0
318700, 996387, 1, 0, 0
318800, 1052727, 1, 0, 0
318900, 1029040, 1, 0, 0
319000, 1052466, 1, 0, 0
319100, 1076548, 1, 0, 0
319200, 1117090, 1, 0, 0
319300, 1068059, 1, 0, 0
319400, 1064395, 1, 0, 0
319501, 1035643, 1, 0, 0
319600, 1067934, 1, 0, 0
319700, 1007247, 1, 0, 0
319800, 1014172, 1, 0, 0
319900, 1038495, 1, 0, 0
320000, 1076909, 1, 0, 0
320100, 1035240, 1, 0, 0
320200, 1050080, 1, 0, 0
320300, 1049510, 1, 0, 0
320400, 1039184, 1, 0, 0
320500, 1080700, 1, 0, 0
320600, 1032739, 1, 0, 0
320700, 1014812, 1, 0, 0
320800, 1028113, 1, 0, 0
320900, 1007391, 1, 0, 0
321000, 1001249, 1, 0, 0
321100, 1005586, 1, 0, 0
321200, 1053039, 1, 0, 0
321300, 1050942, 1, 0, 0
321400, 1073045, 1, 0, 0
321500, 986952, 1, 0, 0
321600, 1053389, 1, 0, 0
321700, 1005779, 1, 0, 0
321800, 1069426, 1, 0, 0
321900, 1030611, 1, 0, 0
322000, 1032300, 1, 0, 0
322100, 1073785, 1, 0, 0
322200, 996707, 1, 0, 0
322300, 991253, 1, 0, 0
322400, 1026367, 1, 0, 0
322500, 1010249, 1, 0, 0
322600, 992294, 1, 0, 0
322700, 1056231, 1, 0, 0
322800, 1090736, 1, 0, 0
322900, 1002728, 1, 0, 0
323000, 1084758, 1, 0, 0
323100, 998809, 1, 0, 0
323200, 1054134, 1, 0, 0
323300, 1018190, 1, 0, 0
323400, 1035466, 1, 0, 0
323500, 1059647, 1, 0, 0
323600, 1025088, 1, 0, 0
323700, 1053194, 1, 0, 0
323800, 1001590, 1, 0, 0
323901, 1012374, 1, 0, 0
324000, 1051470, 1, 0, 0
324100, 999089, 1, 0, 0
324200, 1062062, 1, 0, 0
324300, 1053935, 1, 0, 0
324400, 1090538, 1, 0, 0
324500, 1061864, 1, 0, 0
324600, 1044265, 1, 0, 0
324700, 1046113, 1, 0, 0
324801, 1037843, 1, 0, 0
324900, 1017459, 1, 0, 0
325000, 1034447, 1, 0, 0
325100, 1010319, 1, 0, 0
325200, 1019657, 1, 0, 0
325300, 1010802, 1, 0, 0
325400, 1003505, 1, 0, 0
325500, 1016350, 1, 0, 0
325601, 1024682, 1, 0, 0
325700, 989506, 1, 0, 0
325800, 958347, 1, 0, 0
325900, 954555, 1, 0, 0
326001, 1059326, 1, 0, 0
326100, 1003270, 1, 0, 0
326200, 1020700, 1, 0, 0
326300, 994488, 1, 0, 0
326400, 1017263, 1, 0, 0
326500, 991838, 1, 0, 0
326600, 993084, 1, 0, 0
326700, 1036313, 1, 0, 0
326800, 996375, 1, 0, 0
326900, 979558, 1, 0, 0
327000, 979310, 1, 0, 0
327100, 991662, 1, 0, 0
327200, 976679, 1, 0, 0
327301, 1025631, 1, 0, 0
327400, 1000644, 1, 0, 0
327500, 998839, 1, 0, 0
327600, 1073392, 1, 0, 0
327700, 990844, 1, 0, 0
327800, 951625, 1, 0, 0
327900, 976689, 1, 0, 0
328000, 1007532, 1, 0, 0
328100, 1014979, 1, 0, 0
328201, 1001038, 1, 0, 0
328300, 1020802, 1, 0, 0
328400, 980538, 1, 0, 0
328500, 987484, 1, 0, 0
328600, 1000809, 1, 0, 0
328700, 971320, 1, 0, 0
328801, 945753, 1, 0, 0
328900, 1037362, 1, 0, 0
329000, 987909, 1, 0, 0
329100, 1040105, 1, 0, 0
329200, 1004414, 1, 0, 0
329300, 979701, 1, 0, 0
329400, 1000450, 1, 0, 0
329500, 1033111, 1, 0, 0
329601, 976874, 1, 0, 0
329700, 997903, 1, 0, 0
329800, 1005849, 1, 0, 0
329902, 993628, 1, 0, 0
330000, 993961, 1, 0, 0
330100, 994390, 1, 0, 0
330200, 970419, 1, 0, 0
330300, 973830, 1, 0, 0
330400, 987757, 1, 0, 0
330500, 989238, 1, 0, 0
330600, 979069, 1, 0, 0
330700, 980491, 1, 0, 0
330800, 1051463, 1, 0, 0
330900, 1048131, 1, 0, 0
331000, 1028919, 1, 0, 0
331100, 1037875, 1, 0, 0
331200, 1011029, 1, 0, 0
331300, 1035483, 1, 0, 0
331400, 997676, 1, 0, 0
331500, 1076253, 1, 0, 0
331600, 1062541, 1, 0, 0
331700, 1014279, 1, 0, 0
331800, 1000435, 1, 0, 0
331900, 950455, 1, 0, 0
332001, 993910, 1, 0, 0
332100, 995981, 1, 0, 0
332200, 1024194, 1, 0, 0
332302, 1036719, 1, 0, 0
332400, 1008203, 1, 0, 0
332500, 987217, 1, 0, 0
332600, 986098, 1, 0, 0
332700, 972076, 1, 0, 0
332800, 996604, 1, 0, 0
332900, 974593, 1, 0, 0
333000, 1021586, 1, 0, 0
333100, 1018537, 1, 0, 0
333200, 1038397, 1, 0, 0
333301, 1011108, 1, 0, 0
333400, 1007699, 1, 0, 0
333500, 1062524, 1, 0, 0
333600, 970790, 1, 0, 0
333700, 988183, 1, 0, 0
333800, 1016614, 1, 0, 0
333900, 1014356, 1, 0, 0
334000, 992991, 1, 0, 0
334100, 1094914, 1, 0, 0
334200, 1035976, 1, 0, 0
334300, 1007417, 1, 0, 0
334400, 1004740, 1, 0, 0
334500, 1012651, 1, 0, 0
334600, 1088926, 1, 0, 0
334700, 975276, 1, 0, 0
334800, 986240, 1, 0, 0
334900, 1041551, 1, 0, 0
335000, 978654, 1, 0, 0
335100, 1001695, 1, 0, 0
335200, 975793, 1, 0, 0
335300, 1014005, 1, 0, 0
335400, 977793, 1, 0, 0
335500, 1004798, 1, 0, 0
335600, 975480, 1, 0, 0
335700, 1014804, 1, 0, 0
335800, 1056750, 1, 0, 0
335900, 984870, 1, 0, 0
336000, 988760, 1, 0, 0
336100, 1035102, 1, 0, 0
336200, 1020579, 1, 0, 0
336300, 999033, 1, 0, 0
336400, 975326, 1, 0, 0
336500, 974936, 1, 0, 0
336600, 1018594, 1, 0, 0
336700, 1013837, 1, 0, 0
336800, 986146, 1, 0, 0
336901, 1011809, 1, 0, 0
337000, 980003, 1, 0, 0
337100, 946306, 1, 0, 0
337200, 971376, 1, 0, 0
337300, 1023712, 1, 0, 0
337400, 1048688, 1, 0, 0
337500, 1003537, 1, 0, 0
337600, 970473, 1, 0, 0
337700, 1053202, 1, 0, 0
337800, 1009320, 1, 0, 0
337900, 1031782, 1, 0, 0
338000, 989813, 1, 0, 0
338100, 1055403, 1, 0, 0
338200, 1023349, 1, 0, 0
338300, 978180, 1, 0, 0
338401, 1036200, 1, 0, 0
338500, 995941, 1, 0, 0
338600, 971078, 1, 0, 0
338700, 980189, 1, 0, 0
338800, 979664, 1, 0, 0
338900, 1009479, 1, 0, 0
339000, 975827, 1, 0, 0
339100, 1027475, 1, 0, 0
339202, 1047054, 1, 0, 0
339301, 1039190, 1, 0, 0
339400, 1010219, 1, 0, 0
339500, 1060615, 1, 0, 0
339600, 985298, 1, 0, 0
339700, 1081152, 1, 0, 0
339800, 1005892, 1, 0, 0
339900, 1013371, 1, 0, 0
340000, 1003559, 1, 0, 0
340100, 1017350, 1, 0, 0
340200, 1039771, 1, 0, 0
340301, 1016792, 1, 0, 0
340400, 978593, 1, 0, 0
340500, 977450, 1, 0, 0
340600, 1008955, 1, 0, 0
340700, 1001228, 1, 0, 0
340800, 977634, 1, 0, 0
340900, 969816, 1, 0, 0
341000, 977786, 1, 0, 0
341100, 1072609, 1, 0, 0
341200, 1000113, 1, 0, 0
341300, 998476, 1, 0, 0
341400, 998770, 1, 0, 0
341500, 1009829, 1, 0, 0
341600, 1045049, 1, 0, 0
341700, 1015513, 1, 0, 0
341800, 1092776, 1, 0, 0
341900, 1006302, 1, 0, 0
342000, 974692, 1, 0, 0
342100, 1029808, 1, 0, 0
342200, 1019220, 1, 0, 0
342300, 984850, 1, 0, 0
342400, 1052096, 1, 0, 0
342500, 1031790, 1, 0, 0
342600, 990899, 1, 0, 0
342700, 992675, 1, 0, 0
342800, 1050743, 1, 0, 0
342900, 1010248, 1, 0, 0
343000, 1024786, 1, 0, 0
343100, 1022140, 1, 0, 0
343200, 981110, 1, 0, 0
343300, 1055922, 1, 0, 0
343400, 1040061, 1, 0, 0
343500, 1018878, 1, 0, 0
343600, 990253, 1, 0, 0
343700, 1010598, 1, 0, 0
343801, 1021134, 1, 0, 0
343900, 960285, 1, 0, 0
344000, 992877, 1, 0, 0
344100, 988468, 1, 0, 0
344200, 966829, 1, 0, 0
344300, 990838, 1, 0, 0
344400, 962571, 1, 0, 0
344500, 969510, 1, 0, 0
344600, 985749, 1, 0, 0
344700, 978607, 1, 0, 0
344800, 971617, 1, 0, 0
344900, 992655, 1, 0, 0
345000, 961687, 1, 0, 0
345100, 970383, 1, 0, 0
345200, 1006723, 1, 0, 0
345300, 994300, 1, 0, 0
345400, 948979, 1, 0, 0
345500, 1019004, 1, 0, 0
345600, 985981, 1, 0, 0
345700, 1013368, 1, 0, 0
345800, 1057081, 1, 0, 0
345900, 1031079, 1, 0, 0
346000, 987752, 1, 0, 0
346100, 1001321, 1, 0, 0
346200, 985317, 1, 0, 0
346300, 1007844, 1, 0, 0
346400, 972718, 1, 0, 0
346500, 985102, 1, 0, 0
346600, 1010996, 1, 0, 0
346701, 1051116, 1, 0, 0
346800, 987897, 1, 0, 0
346900, 946771, 1, 0, 0
347000, 988964, 1, 0, 0
347100, 981469, 1, 0, 0
347200, 990279, 1, 0, 0
347300, 993049, 1, 0, 0
347400, 996910, 1, 0, 0
347500, 1017283, 1, 0, 0
347600, 1024689, 1, 0, 0
347700, 999086, 1, 0, 0
347800, 993545, 1, 0, 0
347900, 982257, 1, 0, 0
348000, 976790, 1, 0, 0
348100, 1020545, 1, 0, 0
348201, 1017174, 1, 0, 0
348300, 988837, 1, 0, 0
348400, 970714, 1, 0, 0
348500, 966583, 1, 0, 0
348600, 1008820, 1, 0, 0
348700, 997401, 1, 0, 0
348800, 971004, 1, 0, 0
348900, 976422, 1, 0, 0
349002, 979897, 1, 0, 0
349100, 1036284, 1, 0, 0
349200, 1088778, 1, 0, 0
349300, 981884, 1, 0, 0
349400, 994327, 1, 0, 0
349501, 1062888, 1, 0, 0
349601, 985955, 1, 0, 0
349700, 1016016, 1, 0, 0
349800, 983835, 1, 0, 0
349900, 1007032, 1, 0, 0
350000, 999863, 1, 0, 0
350100, 1065723, 1, 0, 0
350200, 1043483, 1, 0, 0
350300, 1004417, 1, 0, 0
350400, 992559, 1, 0, 0
350500, 982084, 1, 0, 0
350600, 1012247, 1, 0, 0
350700, 1066498, 1, 0, 0
350800, 998209, 1, 0, 0
350900, 1011413, 1, 0, 0
351000, 1032472, 1, 0, 0
351100, 1032316, 1, 0, 0
351200, 1036974, 1, 0, 0
351300, 977651, 1, 0, 0
351400, 986138, 1, 0, 0
351500, 1053538, 1, 0, 0
351600, 1022109, 1, 0, 0
351700, 1025292, 1, 0, 0
351800, 981247, 1, 0, 0
351900, 1016938, 1, 0, 0
352000, 1037364, 1, 0, 0
352100, 1009257, 1, 0, 0
352200, 950997, 1, 0, 0
352300, 1040061, 1, 0, 0
352400, 1051335, 1, 0, 0
352500, 1017174, 1, 0, 0
352600, 1025794, 1, 0, 0
352700, 952964, 1, 0, 0
352800, 1025689, 1, 0, 0
352900, 1032206, 1, 0, 0
353000, 1024298, 1, 0, 0
353100, 966965, 1, 0, 0
353200, 956015, 1, 0, 0
353300, 991325, 1, 0, 0
353400, 1045815, 1, 0, 0
353500, 992578, 1, 0, 0
353600, 1028772, 1, 0, 0
353700, 1010290, 1, 0, 0
353800, 996034, 1, 0, 0
353900, 979753, 1, 0, 0
354000, 1043205, 1, 0, 0
354100, 994550, 1, 0, 0
354200, 1003347, 1, 0, 0
354300, 1077648, 1, 0, 0
354400, 960138, 1, 0, 0
354500, 1047140, 1, 0, 0
354600, 1014000, 1, 0, 0
354700, 1035407, 1, 0, 0
354801, 1075778, 1, 0, 0
354900, 1050563, 1, 0, 0
355000, 1058984, 1, 0, 0
355100, 1079989, 1, 0, 0
355200, 1050533, 1, 0, 0
355300, 1038577, 1, 0, 0
355400, 987907, 1, 0, 0
355500, 1025584, 1, 0, 0
355600, 1005761, 1, 0, 0
355700, 1047177, 1, 0, 0
355800, 996551, 1, 0, 0
355900, 1021709, 1, 0, 0
356000, 1062530, 1, 0, 0
356100, 1030173, 1, 0, 0
356201, 1001560, 1, 0, 0
356300, 1011803, 1, 0, 0
356400, 991623, 1, 0, 0
356500, 1012245, 1, 0, 0
356600, 1039256, 1, 0, 0
356700, 987110, 1, 0, 0
356800, 976245, 1, 0, 0
356901, 1020144, 1, 0, 0
357000, 1058095, 1, 0, 0
357100, 1035945, 1, 0, 0
357200, 1036062, 1, 0, 0
357300, 1030830, 1, 0, 0
357400, 1041171, 1, 0, 0
357500, 1045982, 1, 0, 0
357600, 1020811, 1, 0, 0
357700, 1012730, 1, 0, 0
357800, 1020343, 1, 0, 0
357900, 1017230, 1, 0, 0
358000, 998261, 1, 0, 0
358100, 1044639, 1, 0, 0
358200, 1021199, 1, 0, 0
358301, 997660, 1, 0, 0
358400, 1032117, 1, 0, 0
358500, 1039394, 1, 0, 0
358600, 1049189, 1, 0, 0
358700, 1041355, 1, 0, 0
358800, 1058806, 1, 0, 0
358900, 1052736, 1, 0, 0
359000, 1058886, 1, 0, 0
359100, 1021561, 1, 0, 0
359200, 1075067, 1, 0, 0
359300, 1056155, 1, 0, 0
359400, 1028820, 1, 0, 0
359500, 1016857, 1, 0, 0
359600, 1019754, 1, 0, 0
359700, 1087990, 1, 0, 0
359800, 1040089, 1, 0, 0
359900, 1040038, 1, 0, 0
360000, 1017781, 1, 0, 0
360100, 1057536, 1, 0, 0
360200, 1017136, 1, 0, 0
360300, 1044317, 1, 0, 0
360400, 1017941, 1, 0, 0
360500, 1026279, 1, 0, 0
360600, 1020241, 1, 0, 0
360700, 1033345, 1, 0, 0
360800, 1062012, 1, 0, 0
360900, 1050723, 1, 0, 0
361000, 1070768, 1, 0, 0
361100, 1012889, 1, 0, 0
361200, 1034855, 1, 0, 0
361300, 1032654, 1, 0, 0
361400, 1057552, 1, 0, 0
361500, 1017458, 1, 0, 0
361600, 972345, 1, 0, 0
361700, 1025389, 1, 0, 0
361800, 1024325, 1, 0, 0
361900, 1032527, 1, 0, 0
362000, 1107248, 1, 0, 0
362100, 1038189, 1, 0, 0
362201, 1048091, 1, 0, 0
362300, 988912, 1, 0, 0
362400, 992796, 1, 0, 0
362500, 1006265, 1, 0, 0
362600, 996237, 1, 0, 0
362700, 989553, 1, 0, 0
362800, 1026787, 1, 0, 0
362900, 1020255, 1, 0, 0
363000, 1066985, 1, 0, 0
363100, 1026855, 1, 0, 0
363200, 1019263, 1, 0, 0
363300, 995988, 1, 0, 0
363400, 1036127, 1, 0, 0
363500, 1106807, 1, 0, 0
363601, 1038245, 1, 0, 0
363700, 1080498, 1, 0, 0
363800, 996674, 1, 0, 0
363900, 1009401, 1, 0, 0
364000, 1007606, 1, 0, 0
364100, 1052605, 1, 0, 0
364200, 1077682, 1, 0, 0
364300, 1016070, 1, 0, 0
364400, 1036831, 1, 0, 0
364500, 1040246, 1, 0, 0
364600, 1035938, 1, 0, 0
364701, 1026892, 1, 0, 0
364800, 1032513, 1, 0, 0
364900, 1032006, 1, 0, 0
365000, 1038592, 1, 0, 0
365100, 1039812, 1, 0, 0
365200, 988347, 1, 0, 0
365300, 1036275, 1, 0, 0
365400, 1017904, 1, 0, 0
365500, 1070913, 1, 0, 0
365600, 1050532, 1, 0, 0
365700, 1024304, 1, 0, 0
365800, 1078665, 1, 0, 0
365900, 1032033, 1, 0, 0
366000, 1005415, 1, 0, 0
366100, 1032217, 1, 0, 0
366200, 1020252, 1, 0, 0
366300, 1017886, 1, 0, 0
366400, 1019354, 1, 0, 0
366500, 1033060, 1, 0, 0
366600, 1029138, 1, 0, 0
366700, 1041343, 1, 0, 0
366800, 1013063, 1, 0, 0
366900, 1057829, 1, 0, 0
367001, 1036677, 1, 0, 0
367100, 1030624, 1, 0, 0
367200, 1011395, 1, 0, 0
367300, 988306, 1, 0, 0
367400, 1044915, 1, 0, 0
367501, 1048695, 1, 0, 0
367600, 978693, 1, 0, 0
367700, 1079626, 1, 0, 0
367800, 982851, 1, 0, 0
367900, 979177, 1, 0, 0
368000, 997653, 1, 0, 0
368100, 974243, 1, 0, 0
368200, 1047899, 1, 0, 0
368300, 1036927, 1, 0, 0
368400, 976225, 1, 0, 0
368500, 979251, 1, 0, 0
368601, 1029329, 1, 0, 0
368701, 1006957, 1, 0, 0
368800, 981689, 1, 0, 0
368900, 952945, 1, 0, 0
369000, 988437, 1, 0, 0
369100, 1025828, 1, 0, 0
369200, 996778, 1, 0, 0
369300, 966771, 1, 0, 0
369401, 950526, 1, 0, 0
369500, 1007720, 1, 0, 0
369600, 983503, 1, 0, 0
369700, 995614, 1, 0, 0
369800, 1038848, 1, 0, 0
369900, 974976, 1, 0, 0
370000, 995703, 1, 0, 0
370101, 979389, 1, 0, 0
370200, 1035407, 1, 0, 0
370301, 987207, 1, 0, 0
370400, 992997, 1, 0, 0
370500, 1022346, 1, 0, 0
370600, 1018970, 1, 0, 0
370700, 981349, 1, 0, 0
370801, 1013965, 1, 0, 0
370900, 1018806, 1, 0, 0
371000, 988831, 1, 0, 0
371100, 982565, 1, 0, 0
371200, 1019834, 1, 0, 0
371300, 1012089, 1, 0, 0
371400, 968616, 1, 0, 0
371500, 1046842, 1, 0, 0
371600, 1036305, 1, 0, 0
371700, 1006320, 1, 0, 0
371800, 1031570, 1, 0, 0
371900, 1014418, 1, 0, 0
372000, 950600, 1, 0, 0
372100, 1010392, 1, 0, 0
372200, 997717, 1, 0, 0
372300, 995911, 1, 0, 0
372400, 1022137, 1, 0, 0
372500, 976909, 1, 0, 0
372600, 967040, 1, 0, 0
372700, 994668, 1, 0, 0
372800, 1035065, 1, 0, 0
372900, 1018482, 1, 0, 0
373000, 987103, 1, 0, 0
373100, 1007625, 1, 0, 0
373200, 981247, 1, 0, 0
373301, 973494, 1, 0, 0
373400, 1026238, 1, 0, 0
373500, 1075222, 1, 0, 0
373601, 979454, 1, 0, 0
373701, 988360, 1, 0, 0
373800, 1025494, 1, 0, 0
373900, 1002757, 1, 0, 0
374000, 1060466, 1, 0, 0
374100, 1027561, 1, 0, 0
374200, 1046240, 1, 0, 0
374300, 1014378, 1, 0, 0
374400, 996924, 1, 0, 0
374500, 1023100, 1, 0, 0
374600, 1010710, 1, 0, 0
374700, 954711, 1, 0, 0
374800, 983480, 1, 0, 0
374900, 987681, 1, 0, 0
375000, 970039, 1, 0, 0
375100, 1036802, 1, 0, 0
375200, 1022244, 1, 0, 0
375300, 1029526, 1, 0, 0
375400, 1036634, 1, 0, 0
375500, 993096, 1, 0, 0
375600, 996881, 1, 0, 0
375700, 978674, 1, 0, 0
375800, 947028, 1, 0, 0
375900, 960940, 1, 0, 0
376000, 1002824, 1, 0, 0
376100, 1056481, 1, 0, 0
376200, 985115, 1, 0, 0
376300, 1054840, 1, 0, 0
376400, 1066665, 1, 0, 0
376500, 1028430, 1, 0, 0
376600, 1091018, 1, 0, 0
376700, 1041801, 1, 0, 0
376800, 1013125, 1, 0, 0
376900, 995830, 1, 0, 0
377001, 1026380, 1, 0, 0
377100, 1059319, 1, 0, 0
377200, 1050998, 1, 0, 0
377300, 1010373, 1, 0, 0
377400, 1010857, 1, 0, 0
377500, 1021610, 1, 0, 0
377600, 974777, 1, 0, 0
377700, 973735, 1, 0, 0
377800, 1024952, 1, 0, 0
377900, 1055545, 1, 0, 0
378000, 1036011, 1, 0, 0
378100, 1012063, 1, 0, 0
378200, 1009225, 1, 0, 0
378300, 1035399, 1, 0, 0
378401, 1098443, 1, 0, 0
378500, 992542, 1, 0, 0
378601, 1002925, 1, 0, 0
378700, 1025536, 1, 0, 0
378800, 982283, 1, 0, 0
378900, 999462, 1, 0, 0
379000, 1024398, 1, 0, 0
379100, 1000441, 1, 0, 0
379200, 1015344, 1, 0, 0
379300, 1018350, 1, 0, 0
379400, 1014138, 1, 0, 0
379501, 1068319, 1, 0, 0
379600, 984280, 1, 0, 0
379700, 1040726, 1, 0, 0
379800, 1093423, 1, 0, 0
379900, 1018503, 1, 0, 0
380000, 1049980, 1, 0, 0
380100, 1017093, 1, 0, 0
380200, 1045632, 1, 0, 0
380300, 1012487, 1, 0, 0
380400, 1044590, 1, 0, 0
380500, 998791, 1, 0, 0
380600, 1069431, 1, 0, 0
380700, 1094846, 1, 0, 0
380800, 1022894, 1, 0, 0
380900, 1018184, 1, 0, 0
381000, 993836, 1, 0, 0
381100, 1007975, 1, 0, 0
381200, 1019835, 1, 0, 0
381300, 991259, 1, 0, 0
381400, 1012471, 1, 0, 0
381500, 1016405, 1, 0, 0
381600, 1025400, 1, 0, 0
381700, 982430, 1, 0, 0
381800, 1042814, 1, 0, 0
381900, 1036753, 1, 0, 0
382000, 1001314, 1, 0, 0
382100, 1036001, 1, 0, 0
382200, 1062903, 1, 0, 0
382300, 1029615, 1, 0, 0
382400, 1062978, 1, 0, 0
382500, 1062462, 1, 0, 0
382600, 1022204, 1, 0, 0
382700, 997551, 1, 0, 0
382800, 1010931, 1, 0, 0
382901, 1061169, 1, 0, 0
383000, 993479, 1, 0, 0
383100, 1013911, 1, 0, 0
383200, 1048090, 1, 0, 0
383300, 1099001, 1, 0, 0
383400, 1030080, 1, 0, 0
383500, 1073618, 1, 0, 0
383600, 977062, 1, 0, 0
383700, 1002502, 1, 0, 0
383800, 1024195, 1, 0, 0
383901, 1016751, 1, 0, 0
384000, 1043843, 1, 0, 0
384100, 1029015, 1, 0, 0
384200, 1013230, 1, 0, 0
384301, 1001878, 1, 0, 0
384400, 1012899, 1, 0, 0
384500, 1017747, 1, 0, 0
384600, 1007276, 1, 0, 0
384700, 1066916, 1, 0, 0
384800, 1011762, 1, 0, 0
384900, 987789, 1, 0, 0
385000, 993573, 1, 0, 0
385101, 980728, 1, 0, 0
385200, 1003722, 1, 0, 0
385300, 1037807, 1, 0, 0
385400, 1030215, 1, 0, 0
385500, 1013407, 1, 0, 0
385600, 1038922, 1, 0, 0
385700, 1021128, 1, 0, 0
385800, 1021344, 1, 0, 0
385901, 1012357, 1, 0, 0
386000, 1025559, 1, 0, 0
386100, 997445, 1, 0, 0
386200, 999676, 1, 0, 0
386300, 1026934, 1, 0, 0
386400, 987040, 1, 0, 0
386500, 1043862, 1, 0, 0
386600, 992595, 1, 0, 0
386701, 1023662, 1, 0, 0
386800, 1021227, 1, 0, 0
386900, 971506, 1, 0, 0
387000, 980347, 1, 0, 0
387100, 1007967, 1, 0, 0
387200, 974654, 1, 0, 0
387300, 1035363, 1, 0, 0
387400, 984404, 1, 0, 0
387500, 1016341, 1, 0, 0
387600, 997382, 1, 0, 0
387700, 1004097, 1, 0, 0
387800, 1008408, 1, 0, 0
387900, 975782, 1, 0, 0
388000, 1017941, 1, 0, 0
388100, 973399, 1, 0, 0
388200, 978437, 1, 0, 0
388300, 992916, 1, 0, 0
388400, 1020614, 1, 0, 0
388500, 1000973, 1, 0, 0
388600, 978530, 1, 0, 0
388700, 967307, 1, 0, 0
388800, 1034826, 1, 0, 0
388900, 1001592, 1, 0, 0
389000, 1037428, 1, 0, 0
389100, 973722, 1, 0, 0
389200, 977660, 1, 0, 0
389300, 1007366, 1, 0, 0
389400, 1038625, 1, 0, 0
389500, 1037174, 1, 0, 0
389600, 1027280, 1, 0, 0
389701, 1014159, 1, 0, 0
389800, 999877, 1, 0, 0
389900, 1076624, 1, 0, 0
390000, 983411, 1, 0, 0
390100, 979971, 1, 0, 0
390200, 1006605, 1, 0, 0
390300, 1007908, 1, 0, 0
390400, 1003613, 1, 0, 0
390500, 999710, 1, 0, 0
390600, 1018410, 1, 0, 0
390700, 1006474, 1, 0, 0
390800, 1007020, 1, 0, 0
390900, 985033, 1, 0, 0
391000, 1003429, 1, 0, 0
391100, 994921, 1, 0, 0
391200, 987321, 1, 0, 0
391300, 1009756, 1, 0, 0
391400, 1014829, 1, 0, 0
391500, 982311, 1, 0, 0
391600, 973786, 1, 0, 0
391700, 981093, 1, 0, 0
391800, 1055461, 1, 0, 0
391900, 1013022, 1, 0, 0
392000, 1043760, 1, 0, 0
392100, 1009176, 1, 0, 0
392200, 1026374, 1, 0, 0
392300, 980800, 1, 0, 0
392400, 976651, 1, 0, 0
392501, 1003299, 1, 0, 0
392600, 969942, 1, 0, 0
392700, 978553, 1, 0, 0
392800, 1017086, 1, 0, 0
392900, 1028768, 1, 0, 0
393000, 1030565, 1, 0, 0
393100, 976283, 1, 0, 0
393200, 990908, 1, 0, 0
393300, 970402, 1, 0, 0
393400, 986352, 1, 0, 0
393500, 1004155, 1, 0, 0
393601, 998213, 1, 0, 0
393701, 1046726, 1, 0, 0
393800, 1027778, 1, 0, 0
393901, 982219, 1, 0, 0
394000, 994856, 1, 0, 0
394100, 1022959, 1, 0, 0
394200, 1008932, 1, 0, 0
394300, 1016361, 1, 0, 0
394400, 1009857, 1, 0, 0
394501, 1094552, 1, 0, 0
394600, 1058839, 1, 0, 0
394700, 1002358, 1, 0, 0
394800, 1045191, 1, 0, 0
394900, 1042402, 1, 0, 0
395000, 1013664, 1, 0, 0
395101, 1022863, 1, 0, 0
395200, 1023845, 1, 0, 0
395301, 1025632, 1, 0, 0
395400, 1025371, 1, 0, 0
395500, 1055903, 1, 0, 0
395600, 1026747, 1, 0, 0
395700, 1090528, 1, 0, 0
395800, 996391, 1, 0, 0
395900, 1051544, 1, 0, 0
396000, 1074178, 1, 0, 0
396100, 1014299, 1, 0, 0
396200, 1024286, 1, 0, 0
396300, 975247, 1, 0, 0
396400, 1015644, 1, 0, 0
396500, 994989, 1, 0, 0
396600, 998321, 1, 0, 0
396700, 1008330, 1, 0, 0
396801, 1023312, 1, 0, 0
396900, 1020621, 1, 0, 0
397000, 1022168, 1, 0, 0
397100, 1049977, 1, 0, 0
397200, 998305, 1, 0, 0
397300, 1015838, 1, 0, 0
397400, 999302, 1, 0, 0
397500, 1019550, 1, 0, 0
397600, 1046248, 1, 0, 0
397700, 1071885, 1, 0, 0
397800, 969818, 1, 0, 0
397901, 1022640, 1, 0, 0
398000, 1008967, 1, 0, 0
398100, 1075006, 1, 0, 0
398200, 1028391, 1, 0, 0
398300, 1045078, 1, 0, 0
398400, 1023077, 1, 0, 0
398500, 994658, 1, 0, 0
398600, 1004503, 1, 0, 0
398700, 1022681, 1, 0, 0
398800, 1031116, 1, 0, 0
398900, 1027468, 1, 0, 0
399000, 1010430, 1, 0, 0
399100, 1003571, 1, 0, 0
399200, 1013320, 1, 0, 0
399300, 1024120, 1, 0, 0
399400, 990593, 1, 0, 0
399500, 970696, 1, 0, 0
399600, 981739, 1, 0, 0
399700, 956423, 1, 0, 0
399800, 1025057, 1, 0, 0
399900, 1067585, 1, 0, 0
400000, 1007033, 1, 0, 0
400100, 994218, 1, 0, 0
400200, 1020294, 1, 0, 0
400300, 1025401, 1, 0, 0
400400, 1032973, 1, 0, 0
400500, 1074188, 1, 0, 0
400600, 1079150, 1, 0, 0
400701, 1036748, 1, 0, 0
400800, 1034164, 1, 0, 0
400900, 1035876, 1, 0, 0
401000, 990310, 1, 0, 0
401100, 971217, 1, 0, 0
401200, 1009160, 1, 0, 0
401300, 989519, 1, 0, 0
401400, 1024902, 1, 0, 0
401500, 974909, 1, 0, 0
401600, 975611, 1, 0, 0
401700, 1073833, 1, 0, 0
401800, 980620, 1, 0, 0
401900, 1001811, 1, 0, 0
402000, 997377, 1, 0, 0
402100, 977493, 1, 0, 0
402200, 1047371, 1, 0, 0
402300, 1000536, 1, 0, 0
402400, 960056, 1, 0, 0
402500, 1010653, 1, 0, 0
402600, 979807, 1, 0, 0
402700, 949259, 1, 0, 0
402800, 1001790, 1, 0, 0
402900, 1012777, 1, 0, 0
403000, 1009861, 1, 0, 0
403100, 1071425, 1, 0, 0
403200, 993100, 1, 0, 0
403300, 987914, 1, 0, 0
403400, 1028985, 1, 0, 0
403500, 1018931, 1, 0, 0
403601, 1024480, 1, 0, 0
403701, 989148, 1, 0, 0
403801, 1005637, 1, 0, 0
403900, 983523, 1, 0, 0
404000, 969390, 1, 0, 0
404100, 984974, 1, 0, 0
404200, 1048158, 1, 0, 0
404300, 999592, 1, 0, 0
404400, 963576, 1, 0, 0
404500, 1012541, 1, 0, 0
404600, 1030943, 1, 0, 0
404700, 994820, 1, 0, 0
404800, 999886, 1, 0, 0
404901, 1025524, 1, 0, 0
405000, 1020588, 1, 0, 0
405100, 997308, 1, 0, 0
405200, 1008602, 1, 0, 0
405300, 1045411, 1, 0, 0
405400, 1033281, 1, 0, 0
405500, 1024341, 1, 0, 0
405600, 1004785, 1, 0, 0
405700, 1061463, 1, 0, 0
405800, 1035086, 1, 0, 0
405901, 979452, 1, 0, 0
406001, 972003, 1, 0, 0
406101, 964618, 1, 0, 0
406201, 1013488, 1, 0, 0
406300, 1013772, 1, 0, 0
406400, 983431, 1, 0, 0
406500, 1048234, 1, 0, 0
406600, 1007430, 1, 0, 0
406700, 959196, 1, 0, 0
406800, 995549, 1, 0, 0
406900, 1015845, 1, 0, 0
407001, 1032074, 1, 0, 0
407101, 1062918, 1, 0, 0
407200, 1031048, 1, 0, 0
407300, 1056321, 1, 0, 0
407400, 1084991, 1, 0, 0
407500, 1018906, 1, 0, 0
407600, 1037247, 1, 0, 0
407700, 1018736, 1, 0, 0
407800, 1031604, 1, 0, 0
407900, 998174, 1, 0, 0
408000, 977873, 1, 0, 0
408100, 1031358, 1, 0, 0
408200, 1018454, 1, 0, 0
408300, 1021271, 1, 0, 0
408400, 1034691, 1, 0, 0
408500, 991091, 1, 0, 0
408601, 1035432, 1, 0, 0
408700, 1022971, 1, 0, 0
408800, 1051692, 1, 0, 0
408900, 1039891, 1, 0, 0
409000, 1067018, 1, 0, 0
409101, 1008006, 1, 0, 0
409201, 1040630, 1, 0, 0
409300, 1011407, 1, 0, 0
409400, 1010810, 1, 0, 0
409500, 1024443, 1, 0, 0
409600, 1011649, 1, 0, 0
409700, 1052484, 1, 0, 0
409800, 1034394, 1, 0, 0
409900, 988334, 1, 0, 0
410000, 986989, 1, 0, 0
410100, 1065851, 1, 0, 0
410200, 1002926, 1, 0, 0
410300, 1003922, 1, 0, 0
410400, 997291, 1, 0, 0
410500, 985469, 1, 0, 0
410600, 1003532, 1, 0, 0
410700, 1005887, 1, 0, 0
410800, 1025428, 1, 0, 0
410900, 1035538, 1, 0, 0
411000, 1054305, 1, 0, 0
411100, 997346, 1, 0, 0
411200, 1015518, 1, 0, 0
411300, 1020205, 1, 0, 0
411400, 1067558, 1, 0, 0
411500, 1053617, 1, 0, 0
411600, 1013794, 1, 0, 0
411700, 986146, 1, 0, 0
411800, 988739, 1, 0, 0
411900, 1027085, 1, 0, 0
412000, 1051608, 1, 0, 0
412100, 1052467, 1, 0, 0
412201, 1033880, 1, 0, 0
412300, 1015358, 1, 0, 0
412400, 1070798, 1, 0, 0
412500, 1016742, 1, 0, 0
412600, 1035753, 1, 0, 0
412700, 1003208, 1, 0, 0
412800, 1018086, 1, 0, 0
412900, 1004833, 1, 0, 0
413000, 1026873, 1, 0, 0
413100, 1002355, 1, 0, 0
413200, 987268, 1, 0, 0
413300, 1010331, 1, 0, 0
413401, 1012712, 1, 0, 0
413500, 1025378, 1, 0, 0
413600, 1020992, 1, 0, 0
413700, 1045129, 1, 0, 0
413800, 1029330, 1, 0, 0
413900, 997021, 1, 0, 0
414000, 1000299, 1, 0, 0
414100, 1008305, 1, 0, 0
414200, 1000660, 1, 0, 0
414300, 1005682, 1, 0, 0
414400, 987134, 1, 0, 0
414500, 987206, 1, 0, 0
414600, 988732, 1, 0, 0
414700, 1049097, 1, 0, 0
414800, 990826, 1, 0, 0
414900, 1018759, 1, 0, 0
415000, 1018183, 1, 0, 0
415100, 1036743, 1, 0, 0
415200, 1031731, 1, 0, 0
415300, 1027470, 1, 0, 0
415400, 1017537, 1, 0, 0
415500, 1028713, 1, 0, 0
415600, 993904, 1, 0, 0
415700, 1081729, 1, 0, 0
415800, 991277, 1, 0, 0
415900, 1009319, 1, 0, 0
416000, 1015924, 1, 0, 0
416100, 1004058, 1, 0, 0
416200, 1000307, 1, 0, 0
416300, 1015367, 1, 0, 0
416400, 1044919, 1, 0, 0
416500, 1010231, 1, 0, 0
416600, 1002120, 1, 0, 0
416700, 994622, 1, 0, 0
416800, 1030677, 1, 0, 0
416900, 982595, 1, 0, 0
417000, 1013926, 1, 0, 0
417100, 1040797, 1, 0, 0
417200, 1017192, 1, 0, 0
417300, 986854, 1, 0, 0
417400, 988987, 1, 0, 0
417500, 989790, 1, 0, 0
417600, 1081139, 1, 0, 0
417700, 1036807, 1, 0, 0
417800, 997382, 1, 0, 0
417900, 1015507, 1, 0, 0
418000, 1024425, 1, 0, 0
418100, 1015999, 1, 0, 0
418200, 995202, 1, 0, 0
418300, 961545, 1, 0, 0
418400, 1006819, 1, 0, 0
418500, 1006774, 1, 0, 0
418600, 978151, 1, 0, 0
418700, 1041330, 1, 0, 0
418800, 976103, 1, 0, 0
418900, 1001456, 1, 0, 0
419000, 996686, 1, 0, 0
419100, 971518, 1, 0, 0
419200, 1035740, 1, 0, 0
419300, 1030086, 1, 0, 0
419400, 1020511, 1, 0, 0
419500, 1043226, 1, 0, 0
419600, 1021306, 1, 0, 0
419700, 1017202, 1, 0, 0
419800, 1007851, 1, 0, 0
419900, 1046561, 1, 0, 0
420000, 1026193, 1, 0, 0
420100, 1016965, 1, 0, 0
420200, 987618, 1, 0, 0
420300, 998467, 1, 0, 0
420400, 986165, 1, 0, 0
420500, 994296, 1, 0, 0
420600, 1033760, 1, 0, 0
420700, 1017249, 1, 0, 0
420800, 1004025, 1, 0, 0
420900, 992886, 1, 0, 0
421000, 978729, 1, 0, 0
421100, 1015517, 1, 0, 0
421200, 1053221, 1, 0, 0
421300, 1027181, 1, 0, 0
421401, 1034557, 1, 0, 0
421500, 991069, 1, 0, 0
421600, 1002556, 1, 0, 0
421700, 1045323, 1, 0, 0
421800, 1010562, 1, 0, 0
421900, 1014292, 1, 0, 0
422000, 1027522, 1, 0, 0
422100, 1036891, 1, 0, 0
422200, 1090354, 1, 0, 0
422300, 1044400, 1, 0, 0
422400, 1017553, 1, 0, 0
422502, 1045290, 1, 0, 0
422600, 990601, 1, 0, 0
422700, 1052512, 1, 0, 0
422800, 1022569, 1, 0, 0
422900, 1023662, 1, 0, 0
423001, 1046503, 1, 0, 0
423100, 1034770, 1, 0, 0
423200, 1024509, 1, 0, 0
423300, 1032147, 1, 0, 0
423400, 1065664, 1, 0, 0
423501, 1087345, 1, 0, 0
423600, 1041129, 1, 0, 0
423700, 1071314, 1, 0, 0
423801, 1049162, 1, 0, 0
423900, 1059811, 1, 0, 0
424000, 1058752, 1, 0, 0
424100, 1032026, 1, 0, 0
424200, 1026402, 1, 0, 0
424300, 1063091, 1, 0, 0
424400, 1060318, 1, 0, 0
424500, 1055872, 1, 0, 0
424600, 1046216, 1, 0, 0
424700, 963208, 1, 0, 0
424800, 1017975, 1, 0, 0
424900, 1063754, 1, 0, 0
425000, 1019214, 1, 0, 0
425100, 1037239, 1, 0, 0
425200, 1043864, 1, 0, 0
425300, 1054287, 1, 0, 0
425400, 1042443, 1, 0, 0
425500, 1051832, 1, 0, 0
425600, 1028052, 1, 0, 0
425700, 1013269, 1, 0, 0
425800, 1067333, 1, 0, 0
425900, 1056736, 1, 0, 0
426000, 1069397, 1, 0, 0
426100, 1022254, 1, 0, 0
426200, 1014329, 1, 0, 0
426300, 1032049, 1, 0, 0
426400, 1047661, 1, 0, 0
426500, 1005262, 1, 0, 0
426600, 1055291, 1, 0, 0
426700, 1077974, 1, 0, 0
426800, 1078595, 1, 0, 0
426900, 1044620, 1, 0, 0
427000, 1049339, 1, 0, 0
427100, 1018165, 1, 0, 0
427200, 1043367, 1, 0, 0
427300, 1031291, 1, 0, 0
427400, 1048768, 1, 0, 0
427500, 1057586, 1, 0, 0
427600, 1006185, 1, 0, 0
427700, 1018263, 1, 0, 0
427800, 1090969, 1, 0, 0
427900, 1051321, 1, 0, 0
428000, 1074115, 1, 0, 0
428101, 1070533, 1, 0, 0
428200, 1041231, 1, 0, 0
428300, 1033285, 1, 0, 0
428400, 1085288, 1, 0, 0
428500, 1099391, 1, 0, 0
428601, 1079361, 1, 0, 0
428700, 1154555, 1, 0, 0
428800, 1022563, 1, 0, 0
428900, 1078476, 1, 0, 0
429000, 1019362, 1, 0, 0
429100, 1048747, 1, 0, 0
429200, 1085446, 1, 0, 0
429300, 1031380, 1, 0, 0
429400, 1075004, 1, 0, 0
429500, 1068584, 1, 0, 0
429600, 1042780, 1, 0, 0
429700, 1042883, 1, 0, 0
429801, 967556, 1, 0, 0
429901, 1029943, 1, 0, 0
430000, 1051684, 1, 0, 0
430100, 1058518, 1, 0, 0
430200, 1071657, 1, 0, 0
430300, 1079652, 1, 0, 0
430400, 1045104, 1, 0, 0
430500, 1037594, 1, 0, 0
430600, 1011784, 1, 0, 0
430700, 1051182, 1, 0, 0
430800, 1033287, 1, 0, 0
430900, 1086765, 1, 0, 0
431000, 1047748, 1, 0, 0
431100, 1064892, 1, 0, 0
431200, 1071466, 1, 0, 0
431300, 1104264, 1, 0, 0
431400, 991748, 1, 0, 0
431500, 991929, 1, 0, 0
431600, 1017375, 1, 0, 0
431700, 989235, 1, 0, 0
431800, 971704, 1, 0, 0
431900, 987110, 1, 0, 0
432001, 1017804, 1, 0, 0
432100, 1004063, 1, 0, 0
432200, 1005465, 1, 0, 0
432300, 987573, 1, 0, 0
432401, 1014605, 1, 0, 0
432500, 959634, 1, 0, 0
432600, 1000637, 1, 0, 0
432700, 1039271, 1, 0, 0
432800, 1000626, 1, 0, 0
432901, 987300, 1, 0, 0
433000, 997484, 1, 0, 0
433100, 987797, 1, 0, 0
433200, 1008000, 1, 0, 0
433300, 999498, 1, 0, 0
433400, 1028174, 1, 0, 0
433500, 1025877, 1, 0, 0
433600, 991465, 1, 0, 0
433700, 1017719, 1, 0, 0
433800, 1005631, 1, 0, 0
433900, 1041114, 1, 0, 0
434000, 1048235, 1, 0, 0
434100, 990543, 1, 0, 0
434200, 997207, 1, 0, 0
434302, 1015062, 1, 0, 0
434400, 1031913, 1, 0, 0
434500, 993606, 1, 0, 0
434600, 1002806, 1, 0, 0
434700, 1014949, 1, 0, 0
434800, 1005229, 1, 0, 0
434900, 997200, 1, 0, 0
435000, 1037458, 1, 0, 0
435100, 1016683, 1, 0, 0
435200, 976134, 1, 0, 0
435300, 999164, 1, 0, 0
435400, 970118, 1, 0, 0
435500, 998932, 1, 0, 0
435601, 1017628, 1, 0, 0
435700, 1029608, 1, 0, 0
435800, 1043275, 1, 0, 0
435902, 1043651, 1, 0, 0
436000, 1012042, 1, 0, 0
436100, 1026429, 1, 0, 0
436200, 1042196, 1, 0, 0
436300, 999636, 1, 0, 0
436400, 994098, 1, 0, 0
436500, 1055769, 1, 0, 0
436600, 1018217, 1, 0, 0
436700, 991973, 1, 0, 0
436800, 1016117, 1, 0, 0
436902, 1010250, 1, 0, 0
437000, 1000100, 1, 0, 0
437100, 995345, 1, 0, 0
437200, 1058314, 1, 0, 0
437300, 1009005, 1, 0, 0
437400, 955595, 1, 0, 0
437500, 1030606, 1, 0, 0
437600, 1009220, 1, 0, 0
437700, 1015656, 1, 0, 0
437800, 1023396, 1, 0, 0
437900, 1060433, 1, 0, 0
438000, 1012007, 1, 0, 0
438100, 1011836, 1, 0, 0
438200, 1028860, 1, 0, 0
438300, 1003441, 1, 0, 0
438400, 959074, 1, 0, 0
438500, 972128, 1, 0, 0
438600, 1007536, 1, 0, 0
438700, 1002678, 1, 0, 0
438800, 1009402, 1, 0, 0
438900, 1043520, 1, 0, 0
439000, 999339, 1, 0, 0
439100, 998891, 1, 0, 0
439200, 1041989, 1, 0, 0
439300, 1050076, 1, 0, 0
439400, 969367, 1, 0, 0
439500, 971631, 1, 0, 0
439600, 1020503, 1, 0, 0
439700, 999774, 1, 0, 0
439800, 1022973, 1, 0, 0
439901, 973475, 1, 0, 0
440000, 962296, 1, 0, 0
440101, 954993, 1, 0, 0
440200, 1010514, 1, 0, 0
440300, 999490, 1, 0, 0
440400, 978992, 1, 0, 0
440500, 989830, 1, 0, 0
440600, 997084, 1, 0, 0
440700, 1003509, 1, 0, 0
440800, 1014455, 1, 0, 0
440900, 998046, 1, 0, 0
441000, 1036844, 1, 0, 0
441100, 1011842, 1, 0, 0
441200, 964929, 1, 0, 0
441300, 1016558, 1, 0, 0
441400, 1040943, 1, 0, 0
441500, 1041312, 1, 0, 0
441600, 1020384, 1, 0, 0
441700, 1001889, 1, 0, 0
441801, 1029639, 1, 0, 0
441900, 1042961, 1, 0, 0
442000, 1043999, 1, 0, 0
442100, 976047, 1, 0, 0
442200, 1005655, 1, 0, 0
442301, 1038183, 1, 0, 0
442400, 1019669, 1, 0, 0
442501, 1014621, 1, 0, 0
442600, 1021373, 1, 0, 0
442700, 1054641, 1, 0, 0
442800, 963515, 1, 0, 0
442900, 986320, 1, 0, 0
443000, 1061068, 1, 0, 0
443100, 1013587, 1, 0, 0
443200, 1010698, 1, 0, 0
443300, 1003970, 1, 0, 0
443400, 1022552, 1, 0, 0
443500, 1024858, 1, 0, 0
443600, 1009685, 1, 0, 0
443700, 1026776, 1, 0, 0
443800, 959403, 1, 0, 0
443900, 991905, 1, 0, 0
444000, 1004189, 1, 0, 0
444100, 1012595, 1, 0, 0
444200, 1020614, 1, 0, 0
444300, 1030575, 1, 0, 0
444400, 998424, 1, 0, 0
444500, 1006471, 1, 0, 0
444600, 1012859, 1, 0, 0
444700, 1107274, 1, 0, 0
444800, 1054648, 1, 0, 0
444900, 1017825, 1, 0, 0
445000, 989039, 1, 0, 0
445100, 1004952, 1, 0, 0
445202, 1057236, 1, 0, 0
445300, 1006691, 1, 0, 0
445400, 1018924, 1, 0, 0
445500, 1030134, 1, 0, 0
445600, 991927, 1, 0, 0
445700, 1038778, 1, 0, 0
445800, 1031756, 1, 0, 0
445900, 1036033, 1, 0, 0
446000, 1042508, 1, 0, 0
446100, 1033094, 1, 0, 0
446200, 1016958, 1, 0, 0
446300, 1043008, 1, 0, 0
446401, 988510, 1, 0, 0
446500, 1007746, 1, 0, 0
446600, 1074470, 1, 0, 0
446700, 997948, 1, 0, 0
446800, 1043150, 1, 0, 0
446900, 999292, 1, 0, 0
447000, 1068936, 1, 0, 0
447100, 1030251, 1, 0, 0
447200, 1043087, 1, 0, 0
447300, 1016952, 1, 0, 0
447400, 1020790, 1, 0, 0
447500, 1103722, 1, 0, 0
447600, 1022523, 1, 0, 0
447700, 1012824, 1, 0, 0
447800, 1079387, 1, 0, 0
447900, 1094331, 1, 0, 0
448000, 1056955, 1, 0, 0
448100, 1044218, 1, 0, 0
448200, 1030497, 1, 0, 0
448300, 1089048, 1, 0, 0
448400, 1008474, 1, 0, 0
448500, 1009820, 1, 0, 0
448600, 1049668, 1, 0, 0
448700, 1004000, 1, 0, 0
448800, 988893, 1, 0, 0
448900, 1016488, 1, 0, 0
449000, 1036481, 1, 0, 0
449100, 1019968, 1, 0, 0
449200, 1013663, 1, 0, 0
449300, 1085715, 1, 0, 0
449400, 1010272, 1, 0, 0
449500, 1002106, 1, 0, 0
449600, 1073328, 1, 0, 0
449700, 1055647, 1, 0, 0
449801, 1027465, 1, 0, 0
449900, 994638, 1, 0, 0
450000, 1028200, 1, 0, 0
450100, 1114008, 1, 0, 0
450200, 1033606, 1, 0, 0
450300, 1054282, 1, 0, 0
450400, 1153656, 1, 0, 0
450500, 1007162, 1, 0, 0
450600, 1053586, 1, 0, 0
450700, 1062009, 1, 0, 0
450801, 1034495, 1, 0, 0
450900, 1107718, 1, 0, 0
451000, 1025403, 1, 0, 0
451100, 1065975, 1, 0, 0
451200, 1049077, 1, 0, 0
451300, 1014555, 1, 0, 0
451400, 1081227, 1, 0, 0
451500, 1067506, 1, 0, 0
451600, 1039859, 1, 0, 0
451700, 1008260, 1, 0, 0
451800, 1020914, 1, 0, 0
451900, 1028846, 1, 0, 0
452000, 1033398, 1, 0, 0
452100, 1033311, 1, 0, 0
452200, 1025570, 1, 0, 0
452300, 1000856, 1, 0, 0
452400, 1041376, 1, 0, 0
452501, 1065810, 1, 0, 0
452600, 1072671, 1, 0, 0
452700, 1028892, 1, 0, 0
452801, 1071509, 1, 0, 0
452900, 1040647, 1, 0, 0
453000, 1030268, 1, 0, 0
453100, 1022362, 1, 0, 0
453200, 1034974, 1, 0, 0
453300, 1030626, 1, 0, 0
453400, 1022640, 1, 0, 0
453500, 1037855, 1, 0, 0
453600, 1000585, 1, 0, 0
453701, 1041646, 1, 0, 0
453800, 999009, 1, 0, 0
453900, 1050758, 1, 0, 0
454000, 1073796, 1, 0, 0
454100, 1012558, 1, 0, 0
454200, 1025168, 1, 0, 0
454300, 1031489, 1, 0, 0
454400, 989540, 1, 0, 0
454500, 1076458, 1, 0, 0
454600, 1009857, 1, 0, 0
454700, 1084731, 1, 0, 0
454800, 1013833, 1, 0, 0
454900, 1046984, 1, 0, 0
455000, 1039589, 1, 0, 0
455100, 1008773, 1, 0, 0
455200, 1012592, 1, 0, 0
455300, 1021588, 1, 0, 0
455400, 1015660, 1, 0, 0
455500, 1009496, 1, 0, 0
455600, 1007912, 1, 0, 0
455700, 1063908, 1, 0, 0
455800, 1015317, 1, 0, 0
455900, 1009493, 1, 0, 0
456000, 1032991, 1, 0, 0
456100, 1037992, 1, 0, 0
456200, 1033709, 1, 0, 0
456301, 1019885, 1, 0, 0
456400, 1009488, 1, 0, 0
456500, 1028662, 1, 0, 0
456600, 1016473, 1, 0, 0
456700, 1059377, 1, 0, 0
456800, 1025668, 1, 0, 0
456900, 1053034, 1, 0, 0
457000, 1045685, 1, 0, 0
457100, 1008167, 1, 0, 0
457200, 995724, 1, 0, 0
457300, 1023478, 1, 0, 0
457400, 1047317, 1, 0, 0
457500, 1006671, 1, 0, 0
457600, 1052802, 1, 0, 0
457700, 1061366, 1, 0, 0
457800, 1025155, 1, 0, 0
457900, 1005162, 1, 0, 0
458000, 1033972, 1, 0, 0
458101, 968805, 1, 0, 0
458200, 1017960, 1, 0, 0
458300, 1044495, 1, 0, 0
458400, 1044254, 1, 0, 0
458500, 1030204, 1, 0, 0
458601, 1027504, 1, 0, 0
458700, 1020140, 1, 0, 0
458800, 1013212, 1, 0, 0
458901, 1003444, 1, 0, 0
459000, 1014623, 1, 0, 0
459100, 995492, 1, 0, 0
459200, 1006358, 1, 0, 0
459301, 1008279, 1, 0, 0
459400, 1039656, 1, 0, 0
459500, 980714, 1, 0, 0
459600, 1014787, 1, 0, 0
459700, 996502, 1, 0, 0
459800, 975497, 1, 0, 0
459900, 998854, 1, 0, 0
460000, 1007128, 1, 0, 0
460100, 975376, 1, 0, 0
460200, 984685, 1, 0, 0
460300, 986330, 1, 0, 0
460401, 1010685, 1, 0, 0
460500, 1064569, 1, 0, 0
460600, 982385, 1, 0, 0
460700, 1016057, 1, 0, 0
460800, 979449, 1, 0, 0
460900, 1014495, 1, 0, 0
461000, 1057459, 1, 0, 0
461100, 1017255, 1, 0, 0
461200, 978762, 1, 0, 0
461300, 1009198, 1, 0, 0
461400, 977048, 1, 0, 0
461500, 985880, 1, 0, 0
461600, 1014282, 1, 0, 0
461700, 1004525, 1, 0, 0
461800, 986601, 1, 0, 0
461900, 1033307, 1, 0, 0
462000, 1017123, 1, 0, 0
462101, 993627, 1, 0, 0
462200, 983609, 1, 0, 0
462300, 1041272, 1, 0, 0
462400, 1063808, 1, 0, 0
462500, 989414, 1, 0, 0
462600, 981464, 1, 0, 0
462700, 1040596, 1, 0, 0
462800, 970774, 1, 0, 0
462900, 991044, 1, 0, 0
463000, 1027168, 1, 0, 0
463100, 1000852, 1, 0, 0
463200, 970175, 1, 0, 0
463300, 1033580, 1, 0, 0
463400, 1013261, 1, 0, 0
463500, 989317, 1, 0, 0
463600, 1016272, 1, 0, 0
463700, 994596, 1, 0, 0
463800, 1013364, 1, 0, 0
463900, 1013304, 1, 0, 0
464000, 997765, 1, 0, 0
464100, 993257, 1, 0, 0
464200, 1009936, 1, 0, 0
464300, 983538, 1, 0, 0
464400, 1038530, 1, 0, 0
464500, 1015808, 1, 0, 0
464600, 1046118, 1, 0, 0
464700, 1049051, 1, 0, 0
464800, 1006272, 1, 0, 0
464900, 1029882, 1, 0, 0
465000, 1008316, 1, 0, 0
465100, 988890, 1, 0, 0
465200, 979566, 1, 0, 0
465300, 1008124, 1, 0, 0
465400, 1020672, 1, 0, 0
465500, 972461, 1, 0, 0
465600, 1033371, 1, 0, 0
465700, 1024098, 1, 0, 0
465800, 1024079, 1, 0, 0
465900, 1060340, 1, 0, 0
466000, 1054224, 1, 0, 0
466100, 1059186, 1, 0, 0
466200, 1008863, 1, 0, 0
466300, 1028722, 1, 0, 0
466400, 989668, 1, 0, 0
466500, 976041, 1, 0, 0
466600, 977524, 1, 0, 0
466700, 1011140, 1, 0, 0
466800, 1045803, 1, 0, 0
466901, 1003955, 1, 0, 0
467000, 1036557, 1, 0, 0
467101, 1022130, 1, 0, 0
467200, 996448, 1, 0, 0
467300, 1023036, 1, 0, 0
467400, 1003466, 1, 0, 0
467500, 1047715, 1, 0, 0
467600, 1093673, 1, 0, 0
467700, 969937, 1, 0, 0
467800, 989747, 1, 0, 0
467900, 1043727, 1, 0, 0
468001, 1050573, 1, 0, 0
468100, 1026294, 1, 0, 0
468200, 1035382, 1, 0, 0
468300, 1039193, 1, 0, 0
468400, 1062183, 1, 0, 0
468500, 1021249, 1, 0, 0
468600, 1085420, 1, 0, 0
468701, 1064696, 1, 0, 0
468800, 1039121, 1, 0, 0
468900, 1002772, 1, 0, 0
469000, 1028835, 1, 0, 0
469100, 984154, 1, 0, 0
469200, 1020248, 1, 0, 0
469300, 1018831, 1, 0, 0
469400, 1042831, 1, 0, 0
469500, 1026464, 1, 0, 0
469600, 1019397, 1, 0, 0
469700, 1031081, 1, 0, 0
469800, 1034636, 1, 0, 0
469900, 1032608, 1, 0, 0
470001, 1091331, 1, 0, 0
470100, 1064010, 1, 0, 0
470200, 1034792, 1, 0, 0
470300, 998398, 1, 0, 0
470400, 1020755, 1, 0, 0
470500, 992209, 1, 0, 0
470600, 990069, 1, 0, 0
470700, 992489, 1, 0, 0
470800, 1020991, 1, 0, 0
470900, 1051582, 1, 0, 0
471000, 1013639, 1, 0, 0
471100, 1014326, 1, 0, 0
471200, 998432, 1, 0, 0
471300, 987703, 1, 0, 0
471400, 1049232, 1, 0, 0
471500, 1004455, 1, 0, 0
471600, 1077730, 1, 0, 0
471700, 1056832, 1, 0, 0
471800, 1075175, 1, 0, 0
471900, 1040969, 1, 0, 0
472000, 1075784, 1, 0, 0
472100, 1049921, 1, 0, 0
472200, 1038362, 1, 0, 0
472300, 975586, 1, 0, 0
472400, 998621, 1, 0, 0
472500, 1053114, 1, 0, 0
472600, 1017763, 1, 0, 0
472700, 1026738, 1, 0, 0
472800, 1027305, 1, 0, 0
472900, 1030769, 1, 0, 0
473000, 952487, 1, 0, 0
473100, 1006688, 1, 0, 0
473200, 1007201, 1, 0, 0
473300, 1013726, 1, 0, 0
473400, 992352, 1, 0, 0
473500, 1096006, 1, 0, 0
473600, 1071023, 1, 0, 0
473700, 1040949, 1, 0, 0
473800, 1113997, 1, 0, 0
473900, 1007816, 1, 0, 0
474000, 1048566, 1, 0, 0
474100, 1051584, 1, 0, 0
474200, 1012938, 1, 0, 0
474300, 1040323, 1, 0, 0
474400, 1006925, 1, 0, 0
474500, 1012292, 1, 0, 0
474601, 1026603, 1, 0, 0
474700, 1018968, 1, 0, 0
474801, 987184, 1, 0, 0
474901, 989359, 1, 0, 0
475000, 1004457, 1, 0, 0
475100, 1034625, 1, 0, 0
475200, 1011209, 1, 0, 0
475300, 1015398, 1, 0, 0
475400, 998118, 1, 0, 0
475500, 971083, 1, 0, 0
475600, 1022320, 1, 0, 0
475700, 976290, 1, 0, 0
475800, 1032739, 1, 0, 0
475900, 1017712, 1, 0, 0
476000, 1024411, 1, 0, 0
476100, 1015285, 1, 0, 0
476200, 993156, 1, 0, 0
476300, 996193, 1, 0, 0
476400, 1027885, 1, 0, 0
476500, 958889, 1, 0, 0
476600, 979526, 1, 0, 0
476700, 1015321, 1, 0, 0
476800, 1040018, 1, 0, 0
476900, 1007671, 1, 0, 0
477000, 1024951, 1, 0, 0
477100, 1016779, 1, 0, 0
477200, 1052040, 1, 0, 0
477300, 1021024, 1, 0, 0
477400, 1047047, 1, 0, 0
477500, 1027335, 1, 0, 0
477600, 1017360, 1, 0, 0
477701, 983996, 1, 0, 0
477800, 1022841, 1, 0, 0
477900, 1032145, 1, 0, 0
478000, 1050334, 1, 0, 0
478100, 1059731, 1, 0, 0
478200, 1033941, 1, 0, 0
478300, 974085, 1, 0, 0
478400, 1056951, 1, 0, 0
478500, 974085, 1, 0, 0
478601, 983008, 1, 0, 0
478700, 984521, 1, 0, 0
478800, 980785, 1, 0, 0
478900, 975912, 1, 0, 0
479000, 1007826, 1, 0, 0
479100, 1018601, 1, 0, 0
479200, 1037120, 1, 0, 0
479300, 1043487, 1, 0, 0
479400, 985699, 1, 0, 0
479502, 1022314, 1, 0, 0
479601, 987839, 1, 0, 0
479700, 1032106, 1, 0, 0
479800, 1006582, 1, 0, 0
479900, 1042419, 1, 0, 0
480000, 989177, 1, 0, 0
480100, 997718, 1, 0, 0
480200, 975066, 1, 0, 0
480300, 972494, 1, 0, 0
480400, 1048709, 1, 0, 0
480500, 1002701, 1, 0, 0
480600, 997749, 1, 0, 0
480700, 997269, 1, 0, 0
480800, 1020741, 1, 0, 0
480900, 1001082, 1, 0, 0
481000, 1035887, 1, 0, 0
481100, 1060093, 1, 0, 0
481200, 1027661, 1, 0, 0
481300, 997573, 1, 0, 0
481400, 992620, 1, 0, 0
481501, 1025375, 1, 0, 0
481600, 1017657, 1, 0, 0
481700, 1037962, 1, 0, 0
481800, 1039604, 1, 0, 0
481900, 1064857, 1, 0, 0
482000, 1018816, 1, 0, 0
482100, 1045731, 1, 0, 0
482200, 1022516, 1, 0, 0
482301, 1042447, 1, 0, 0
482400, 1011503, 1, 0, 0
482500, 1032901, 1, 0, 0
482600, 972442, 1, 0, 0
482700, 1019015, 1, 0, 0
482800, 1031638, 1, 0, 0
482900, 988526, 1, 0, 0
483000, 1062405, 1, 0, 0
483100, 1046981, 1, 0, 0
483200, 1016897, 1, 0, 0
483300, 1022289, 1, 0, 0
483400, 1008324, 1, 0, 0
483500, 1024296, 1, 0, 0
483602, 1029427, 1, 0, 0
483700, 1076450, 1, 0, 0
483801, 1057899, 1, 0, 0
483900, 1035887, 1, 0, 0
484000, 1077454, 1, 0, 0
484100, 1030602, 1, 0, 0
484200, 1011775, 1, 0, 0
484300, 994218, 1, 0, 0
484400, 1100167, 1, 0, 0
484501, 1094601, 1, 0, 0
484600, 1093231, 1, 0, 0
484700, 1032414, 1, 0, 0
484800, 1064289, 1, 0, 0
484901, 1114259, 1, 0, 0
485000, 1054471, 1, 0, 0
485100, 1066181, 1, 0, 0
485200, 1015278, 1, 0, 0
485300, 1046145, 1, 0, 0
485400, 1044604, 1, 0, 0
485500, 1099224, 1, 0, 0
485600, 1083894, 1, 0, 0
485700, 993025, 1, 0, 0
485800, 1040718, 1, 0, 0
485900, 1029760, 1, 0, 0
486000, 978068, 1, 0, 0
486100, 1107683, 1, 0, 0
486200, 1034714, 1, 0, 0
486300, 1115564, 1, 0, 0
486400, 1007041, 1, 0, 0
486500, 1038402, 1, 0, 0
486600, 999222, 1, 0, 0
486700, 1055653, 1, 0, 0
486800, 1046733, 1, 0, 0
486900, 1040861, 1, 0, 0
487000, 1062908, 1, 0, 0
487100, 1000565, 1, 0, 0
487200, 1009725, 1, 0, 0
487300, 1011803, 1, 0, 0
487400, 1001780, 1, 0, 0
487500, 1056735, 1, 0, 0
487600, 990927, 1, 0, 0
487700, 1005259, 1, 0, 0
487800, 1040302, 1, 0, 0
487900, 1032432, 1, 0, 0
488000, 1036560, 1, 0, 0
488100, 1044200, 1, 0, 0
488200, 1014589, 1, 0, 0
488300, 1038819, 1, 0, 0
488401, 1026941, 1, 0, 0
488500, 1012012, 1, 0, 0
488600, 1062388, 1, 0, 0
488700, 1057133, 1, 0, 0
488800, 1129757, 1, 0, 0
488900, 1054486, 1, 0, 0
489000, 1068255, 1, 0, 0
489100, 1012598, 1, 0, 0
489200, 1086668, 1, 0, 0
489301, 1029405, 1, 0, 0
489400, 992721, 1, 0, 0
489500, 998411, 1, 0, 0
489600, 1038245, 1, 0, 0
489700, 1053928, 1, 0, 0
489800, 1083618, 1, 0, 0
489900, 1047325, 1, 0, 0
490000, 1059972, 1, 0, 0
490100, 992480, 1, 0, 0
490200, 958959, 1, 0, 0
490300, 1019504, 1, 0, 0
490401, 1007128, 1, 0, 0
490500, 980241, 1, 0, 0
490600, 1002938, 1, 0, 0
490701, 1005524, 1, 0, 0
490801, 1004341, 1, 0, 0
490900, 998581, 1, 0, 0
491000, 986560, 1, 0, 0
491100, 1011557, 1, 0, 0
491200, 1041646, 1, 0, 0
491300, 1030058, 1, 0, 0
491400, 1016716, 1, 0, 0
491500, 993291, 1, 0, 0
491600, 1019393, 1, 0, 0
491700, 1001388, 1, 0, 0
491800, 1020136, 1, 0, 0
491900, 1050158, 1, 0, 0
492000, 1075045, 1, 0, 0
492101, 1032566, 1, 0, 0
492201, 1084678, 1, 0, 0
492300, 1064888, 1, 0, 0
492400, 1041995, 1, 0, 0
492500, 1025146, 1, 0, 0
492600, 1012323, 1, 0, 0
492700, 993868, 1, 0, 0
492800, 1024052, 1, 0, 0
492900, 1030677, 1, 0, 0
493000, 996345, 1, 0, 0
493100, 1024836, 1, 0, 0
493200, 1046429, 1, 0, 0
493300, 1009065, 1, 0, 0
493400, 1029751, 1, 0, 0
493500, 1044750, 1, 0, 0
493600, 1067597, 1, 0, 0
493700, 1124796, 1, 0, 0
493800, 1064113, 1, 0, 0
493900, 1038945, 1, 0, 0
494000, 1087116, 1, 0, 0
494100, 1068337, 1, 0, 0
494200, 1040328, 1, 0, 0
494300, 995692, 1, 0, 0
494400, 1057994, 1, 0, 0
494500, 1040634, 1, 0, 0
494600, 1082865, 1, 0, 0
494700, 1050116, 1, 0, 0
494800, 1069015, 1, 0, 0
494900, 1059868, 1, 0, 0
495000, 1016270, 1, 0, 0
495100, 1028639, 1, 0, 0
495200, 1030966, 1, 0, 0
495301, 1083932, 1, 0, 0
495401, 1065189, 1, 0, 0
495500, 1029491, 1, 0, 0
495600, 1052075, 1, 0, 0
495700, 1023889, 1, 0, 0
495800, 1031021, 1, 0, 0
495900, 1018477, 1, 0, 0
496000, 1093262, 1, 0, 0
496100, 1001138, 1, 0, 0
496200, 1026020, 1, 0, 0
496300, 1046270, 1, 0, 0
496400, 1068991, 1, 0, 0
496500, 1062527, 1, 0, 0
496601, 1058952, 1, 0, 0
496701, 1039102, 1, 0, 0
496801, 1071830, 1, 0, 0
496900, 1046300, 1, 0, 0
497000, 1075327, 1, 0, 0
497100, 1049676, 1, 0, 0
497200, 1070025, 1, 0, 0
497300, 1017475, 1, 0, 0
497400, 1041067, 1, 0, 0
497500, 1042516, 1, 0, 0
497600, 1079062, 1, 0, 0
497700, 1031101, 1, 0, 0
497800, 1088905, 1, 0, 0
497900, 1071787, 1, 0, 0
498000, 1095549, 1, 0, 0
498100, 1099356, 1, 0, 0
498200, 1059443, 1, 0, 0
498300, 1119986, 1, 0, 0
498400, 1004897, 1, 0, 0
498501, 1038966, 1, 0, 0
498600, 1029054, 1, 0, 0
498700, 1023707, 1, 0, 0
498800, 1089932, 1, 0, 0
498900, 1022654, 1, 0, 0
499000, 1040594, 1, 0, 0
499100, 1062532, 1, 0, 0
499201, 1055572, 1, 0, 0
499300, 1032032, 1, 0, 0
499400, 1052977, 1, 0, 0
499500, 986161, 1, 0, 0
499600, 1096746, 1, 0, 0
499700, 1051682, 1, 0, 0
499800, 1050793, 1, 0, 0
499900, 1016395, 1, 0, 0
500000, 1016798, 1, 0, 0
500100, 1017519, 1, 0, 0
500201, 1028366, 1, 0, 0
500300, 1001949, 1, 0, 0
500400, 1045248, 1, 0, 0
500500, 1022388, 1, 0, 0
500600, 985962, 1, 0, 0
500702, 1036480, 1, 0, 0
500800, 981658, 1, 0, 0
500900, 1013935, 1, 0, 0
501000, 977540, 1, 0, 0
501100, 1081961, 1, 0, 0
501200, 1038113, 1, 0, 0
501300, 986887, 1, 0, 0
501400, 1020876, 1, 0, 0
501500, 967103, 1, 0, 0
501600, 988135, 1, 0, 0
501700, 967851, 1, 0, 0
501800, 1037088, 1, 0, 0
501900, 1013198, 1, 0, 0
502000, 974597, 1, 0, 0
502100, 985980, 1, 0, 0
502200, 1021210, 1, 0, 0
502300, 992988, 1, 0, 0
502400, 1021376, 1, 0, 0
502500, 1002042, 1, 0, 0
502600, 1046552, 1, 0, 0
502701, 1000848, 1, 0, 0
502801, 1016571, 1, 0, 0
502900, 978093, 1, 0, 0
503000, 1042766, 1, 0, 0
503100, 1033354, 1, 0, 0
503200, 968715, 1, 0, 0
503300, 1029656, 1, 0, 0
503400, 1055566, 1, 0, 0
503500, 978065, 1, 0, 0
503600, 959841, 1, 0, 0
503700, 973207, 1, 0, 0
503800, 1020721, 1, 0, 0
503900, 981501, 1, 0, 0
504000, 1024167, 1, 0, 0
504100, 1049707, 1, 0, 0
504200, 997131, 1, 0, 0
504300, 1018856, 1, 0, 0
504400, 1031658, 1, 0, 0
504501, 1022311, 1, 0, 0
504600, 1041917, 1, 0, 0
504700, 1043295, 1, 0, 0
504802, 1000080, 1, 0, 0
504902, 1001405, 1, 0, 0
505000, 979458, 1, 0, 0
505100, 1003912, 1, 0, 0
505200, 1000906, 1, 0, 0
505300, 1009309, 1, 0, 0
505400, 983707, 1, 0, 0
505500, 1023194, 1, 0, 0
505600, 989828, 1, 0, 0
505700, 1022826, 1, 0, 0
505800, 963133, 1, 0, 0
505900, 973152, 1, 0, 0
506000, 997841, 1, 0, 0
506100, 1013310, 1, 0, 0
506200, 1024617, 1, 0, 0
506300, 983629, 1, 0, 0
506400, 985108, 1, 0, 0
506500, 1053549, 1, 0, 0
506600, 1063448, 1, 0, 0
506700, 1013989, 1, 0, 0
506800, 996498, 1, 0, 0
506900, 1000041, 1, 0, 0
507002, 1037992, 1, 0, 0
507100, 1023973, 1, 0, 0
507200, 1019996, 1, 0, 0
507300, 1003830, 1, 0, 0
507400, 1004208, 1, 0, 0
507500, 994038, 1, 0, 0
507600, 1017448, 1, 0, 0
507700, 983512, 1, 0, 0
507800, 987837, 1, 0, 0
507900, 1025281, 1, 0, 0
508000, 1031374, 1, 0, 0
508100, 1047972, 1, 0, 0
508200, 997792, 1, 0, 0
508300, 1016270, 1, 0, 0
508400, 1007222, 1, 0, 0
508500, 1014309, 1, 0, 0
508600, 1003282, 1, 0, 0
508700, 1004819, 1, 0, 0
508801, 1073714, 1, 0, 0
508900, 986526, 1, 0, 0
509000, 1059580, 1, 0, 0
509100, 1035103, 1, 0, 0
509200, 1064221, 1, 0, 0
509300, 1011106, 1, 0, 0
509400, 1039132, 1, 0, 0
509500, 1018062, 1, 0, 0
509600, 1018821, 1, 0, 0
509700, 1026182, 1, 0, 0
509800, 1037548, 1, 0, 0
509900, 1020863, 1, 0, 0
510000, 1004858, 1, 0, 0
510100, 1012573, 1, 0, 0
510200, 1070274, 1, 0, 0
510300, 991008, 1, 0, 0
510400, 996398, 1, 0, 0
510500, 994679, 1, 0, 0
510600, 1030102, 1, 0, 0
510700, 1022941, 1, 0, 0
510800, 1027071, 1, 0, 0
510900, 1006835, 1, 0, 0
511000, 1028670, 1, 0, 0
511100, 1006527, 1, 0, 0
511200, 1024163, 1, 0, 0
511300, 999943, 1, 0, 0
511400, 1002803, 1, 0, 0
511501, 1020583, 1, 0, 0
511600, 1004788, 1, 0, 0
511700, 1031906, 1, 0, 0
511800, 1043780, 1, 0, 0
511900, 985275, 1, 0, 0
512000, 1045676, 1, 0, 0
512100, 993052, 1, 0, 0
512200, 1005985, 1, 0, 0
512300, 1031510, 1, 0, 0
512400, 999667, 1, 0, 0
512500, 1021169, 1, 0, 0
512600, 1018945, 1, 0, 0
512700, 1007238, 1, 0, 0
512800, 1025734, 1, 0, 0
512900, 1035613, 1, 0, 0
513000, 1009605, 1, 0, 0
513100, 1024620, 1, 0, 0
513200, 1033633, 1, 0, 0
513300, 1031873, 1, 0, 0
513400, 997969, 1, 0, 0
513500, 1040090, 1, 0, 0
513600, 1002413, 1, 0, 0
513700, 1026493, 1, 0, 0
513800, 999847, 1, 0, 0
513900, 998092, 1, 0, 0
514000, 1014319, 1, 0, 0
514100, 1020098, 1, 0, 0
514200, 1027434, 1, 0, 0
514300, 1010231, 1, 0, 0
514400, 1086929, 1, 0, 0
514500, 1022155, 1, 0, 0
514601, 1054383, 1, 0, 0
514700, 1082637, 1, 0, 0
514800, 988856, 1, 0, 0
514901, 1047948, 1, 0, 0
515000, 1013756, 1, 0, 0
515100, 1017351, 1, 0, 0
515200, 1010821, 1, 0, 0
515300, 974918, 1, 0, 0
515401, 1014812, 1, 0, 0
515500, 994225, 1, 0, 0
515601, 1011244, 1, 0, 0
515700, 944324, 1, 0, 0
515800, 1012785, 1, 0, 0
515900, 984323, 1, 0, 0
516000, 1026334, 1, 0, 0
516100, 1027475, 1, 0, 0
516200, 998327, 1, 0, 0
516300, 991654, 1, 0, 0
516400, 989604, 1, 0, 0
516500, 1040519, 1, 0, 0
516600, 1009113, 1, 0, 0
516700, 1002489, 1, 0, 0
516800, 999921, 1, 0, 0
516900, 1022646, 1, 0, 0
517000, 1007231, 1, 0, 0
517100, 1007488, 1, 0, 0
517200, 1032037, 1, 0, 0
517300, 1025991, 1, 0, 0
517400, 1058062, 1, 0, 0
517500, 1021767, 1, 0, 0
517600, 1022770, 1, 0, 0
517700, 987553, 1, 0, 0
517800, 1009484, 1, 0, 0
517900, 984707, 1, 0, 0
518000, 999297, 1, 0, 0
518100, 991938, 1, 0, 0
518201, 994151, 1, 0, 0
518300, 978499, 1, 0, 0
518400, 1028768, 1, 0, 0
518500, 1004229, 1, 0, 0
518600, 1037802, 1, 0, 0
518700, 1003469, 1, 0, 0
518800, 1018270, 1, 0, 0
518900, 1040358, 1, 0, 0
519000, 976251, 1, 0, 0
519100, 982864, 1, 0, 0
519200, 1020876, 1, 0, 0
519300, 1027807, 1, 0, 0
519400, 998165, 1, 0, 0
519500, 989607, 1, 0, 0
519600, 1026417, 1, 0, 0
519700, 1044315, 1, 0, 0
519800, 1022229, 1, 0, 0
519900, 1000870, 1, 0, 0
520000, 1027738, 1, 0, 0
520100, 995932, 1, 0, 0
520201, 1016910, 1, 0, 0
520300, 973430, 1, 0, 0
520400, 983538, 1, 0, 0
520500, 1039585, 1, 0, 0
520600, 1025091, 1, 0, 0
520700, 1004503, 1, 0, 0
520801, 975680, 1, 0, 0
520900, 1043840, 1, 0, 0
521000, 983924, 1, 0, 0
521101, 951204, 1, 0, 0
521200, 981508, 1, 0, 0
521300, 964527, 1, 0, 0
521400, 1017141, 1, 0, 0
521500, 976905, 1, 0, 0
521600, 1045424, 1, 0, 0
521700, 969044, 1, 0, 0
521800, 1006941, 1, 0, 0
521900, 996321, 1, 0, 0
522000, 1024917, 1, 0, 0
522100, 1041588, 1, 0, 0
522200, 1039172, 1, 0, 0
522300, 1025652, 1, 0, 0
522400, 967458, 1, 0, 0
522500, 978966, 1, 0, 0
522600, 1052610, 1, 0, 0
522700, 976616, 1, 0, 0
522800, 1015830, 1, 0, 0
522900, 986455, 1, 0, 0
523000, 1001418, 1, 0, 0
523100, 983367, 1, 0, 0
523200, 953628, 1, 0, 0
523300, 973949, 1, 0, 0
523400, 992220, 1, 0, 0
523501, 1036883, 1, 0, 0
523600, 1055484, 1, 0, 0
523700, 989740, 1, 0, 0
523800, 996191, 1, 0, 0
523900, 1015774, 1, 0, 0
524000, 1021346, 1, 0, 0
524100, 1003610, 1, 0, 0
524200, 1018255, 1, 0, 0
524300, 1034046, 1, 0, 0
524401, 1007716, 1, 0, 0
524501, 997422, 1, 0, 0
524600, 1011115, 1, 0, 0
524700, 1060588, 1, 0, 0
524800, 1076523, 1, 0, 0
524900, 997625, 1, 0, 0
525000, 1041526, 1, 0, 0
525100, 1010112, 1, 0, 0
525200, 994470, 1, 0, 0
525300, 1001994, 1, 0, 0
525400, 1068405, 1, 0, 0
525500, 1025621, 1, 0, 0
525600, 983135, 1, 0, 0
525700, 1067886, 1, 0, 0
525800, 1047072, 1, 0, 0
525900, 994283, 1, 0, 0
526000, 1008644, 1, 0, 0
526100, 1051252, 1, 0, 0
526200, 978981, 1, 0, 0
526300, 971882, 1, 0, 0
526400, 1012848, 1, 0, 0
526500, 1001805, 1, 0, 0
526600, 1033259, 1, 0, 0
526700, 1028941, 1, 0, 0
526800, 1019477, 1, 0, 0
526900, 994759, 1, 0, 0
527000, 1022624, 1, 0, 0
527100, 1027658, 1, 0, 0
527200, 1045246, 1, 0, 0
527300, 988321, 1, 0, 0
527401, 1012738, 1, 0, 0
527500, 991696, 1, 0, 0
527600, 978785, 1, 0, 0
527700, 1011966, 1, 0, 0
527800, 1025928, 1, 0, 0
527900, 1010435, 1, 0, 0
528000, 1017190, 1, 0, 0
528100, 967867, 1, 0, 0
528200, 995160, 1, 0, 0
528300, 968370, 1, 0, 0
528400, 987413, 1, 0, 0
528500, 1042963, 1, 0, 0
528600, 1023840, 1, 0, 0
528700, 1000471, 1, 0, 0
528800, 1054885, 1, 0, 0
528900, 1017153, 1, 0, 0
529000, 961215, 1, 0, 0
529100, 1008410, 1, 0, 0
529200, 1031954, 1, 0, 0
529300, 1027497, 1, 0, 0
529400, 1036075, 1, 0, 0
529500, 1014473, 1, 0, 0
529600, 1009895, 1, 0, 0
529700, 1005046, 1, 0, 0
529800, 959882, 1, 0, 0
529900, 1031599, 1, 0, 0
530000, 1030041, 1, 0, 0
530100, 1068109, 1, 0, 0
530200, 973099, 1, 0, 0
530300, 1023590, 1, 0, 0
530400, 1034043, 1, 0, 0
530500, 970214, 1, 0, 0
530600, 1011605, 1, 0, 0
530700, 1048838, 1, 0, 0
530800, 1051904, 1, 0, 0
530900, 979121, 1, 0, 0
531000, 1063364, 1, 0, 0
531100, 990571, 1, 0, 0
531200, 1004285, 1, 0, 0
531300, 991571, 1, 0, 0
531400, 992304, 1, 0, 0
531500, 1054185, 1, 0, 0
531600, 1071234, 1, 0, 0
531700, 1033251, 1, 0, 0
531800, 1079315, 1, 0, 0
531900, 1025649, 1, 0, 0
532000, 1054773, 1, 0, 0
532100, 1036109, 1, 0, 0
532200, 1018486, 1, 0, 0
532300, 1014435, 1, 0, 0
532400, 1069168, 1, 0, 0
532500, 1001570, 1, 0, 0
532600, 978668, 1, 0, 0
532700, 1061721, 1, 0, 0
532800, 1015536, 1, 0, 0
532900, 1047835, 1, 0, 0
533000, 988198, 1, 0, 0
533100, 1064268, 1, 0, 0
533200, 996503, 1, 0, 0
533300, 976276, 1, 0, 0
533400, 1050110, 1, 0, 0
533500, 1034482, 1, 0, 0
533600, 1004998, 1, 0, 0
533700, 1007309, 1, 0, 0
533800, 1033616, 1, 0, 0
533900, 1041617, 1, 0, 0
534000, 990465, 1, 0, 0
534100, 1007027, 1, 0, 0
534200, 1030674, 1, 0, 0
534301, 1046551, 1, 0, 0
534400, 1062447, 1, 0, 0
534500, 1033172, 1, 0, 0
534600, 1055029, 1, 0, 0
534700, 1029064, 1, 0, 0
534800, 1030299, 1, 0, 0
534900, 1026856, 1, 0, 0
535000, 1009836, 1, 0, 0
535100, 982296, 1, 0, 0
535200, 1045075, 1, 0, 0
535300, 1040507, 1, 0, 0
535400, 1062616, 1, 0, 0
535501, 1066323, 1, 0, 0
535600, 1058983, 1, 0, 0
535700, 1057206, 1, 0, 0
535800, 999532, 1, 0, 0
535900, 1045145, 1, 0, 0
536000, 1053712, 1, 0, 0
536100, 1022943, 1, 0, 0
536200, 1018034, 1, 0, 0
536300, 1057252, 1, 0, 0
536400, 1007790, 1, 0, 0
536500, 1027441, 1, 0, 0
536600, 1028121, 1, 0, 0
536700, 993262, 1, 0, 0
536800, 1033569, 1, 0, 0
536900, 1007747, 1, 0, 0
537000, 1006792, 1, 0, 0
537100, 1071809, 1, 0, 0
537200, 1010764, 1, 0, 0
537300, 1055782, 1, 0, 0
537400, 982551, 1, 0, 0
537500, 1019441, 1, 0, 0
537600, 1002733, 1, 0, 0
537700, 1033322, 1, 0, 0
537800, 1028350, 1, 0, 0
537900, 982382, 1, 0, 0
538000, 1041749, 1, 0, 0
538100, 1017640, 1, 0, 0
538200, 995697, 1, 0, 0
538301, 1047093, 1, 0, 0
538400, 1009377, 1, 0, 0
538500, 1056653, 1, 0, 0
538600, 1026764, 1, 0, 0
538700, 1031195, 1, 0, 0
538801, 972183, 1, 0, 0
538900, 976439, 1, 0, 0
539000, 987242, 1, 0, 0
539100, 1060269, 1, 0, 0
539200, 995056, 1, 0, 0
539300, 1026528, 1, 0, 0
539400, 1039079, 1, 0, 0
539500, 1018342, 1, 0, 0
539600, 1038922, 1, 0, 0
539700, 968975, 1, 0, 0
539800, 1012648, 1, 0, 0
539900, 961591, 1, 0, 0
540000, 1014244, 1, 0, 0
540100, 998211, 1, 0, 0
540200, 1041716, 1, 0, 0
540300, 1027215, 1, 0, 0
540400, 1020319, 1, 0, 0
540500, 1008225, 1, 0, 0
540600, 1006523, 1, 0, 0
540700, 1018067, 1, 0, 0
540800, 986065, 1, 0, 0
540900, 1022010, 1, 0, 0
541000, 1040231, 1, 0, 0
541100, 1008890, 1, 0, 0
541200, 1037710, 1, 0, 0
541301, 1071713, 1, 0, 0
541400, 1042805, 1, 0, 0
541500, 990634, 1, 0, 0
541600, 1007051, 1, 0, 0
541700, 1006279, 1, 0, 0
541801, 1066490, 1, 0, 0
541900, 1023098, 1, 0, 0
542000, 995534, 1, 0, 0
542100, 967953, 1, 0, 0
542200, 1022574, 1, 0, 0
542300, 990239, 1, 0, 0
542400, 1056633, 1, 0, 0
542500, 1029973, 1, 0, 0
542600, 1034513, 1, 0, 0
542700, 980657, 1, 0, 0
542800, 1053126, 1, 0, 0
542900, 1037760, 1, 0, 0
543000, 1050222, 1, 0, 0
543100, 1010739, 1, 0, 0
543200, 1042940, 1, 0, 0
543300, 1033675, 1, 0, 0
543400, 1060524, 1, 0, 0
543501, 1006072, 1, 0, 0
543600, 1020518, 1, 0, 0
543700, 1046323, 1, 0, 0
543800, 1043313, 1, 0, 0
543900, 1001872, 1, 0, 0
544000, 984102, 1, 0, 0
544100, 980444, 1, 0, 0
544200, 1022784, 1, 0, 0
544300, 1054259, 1, 0, 0
544400, 992209, 1, 0, 0
544501, 1017984, 1, 0, 0
544600, 991035, 1, 0, 0
544700, 1023847, 1, 0, 0
544800, 1067228, 1, 0, 0
544900, 989335, 1, 0, 0
545001, 962005, 1, 0, 0
545100, 1028397, 1, 0, 0
545200, 1002197, 1, 0, 0
545300, 1058514, 1, 0, 0
545400, 1024733, 1, 0, 0
545500, 1021434, 1, 0, 0
545600, 976863, 1, 0, 0
545700, 1001166, 1, 0, 0
545800, 967578, 1, 0, 0
545900, 1007350, 1, 0, 0
546000, 973091, 1, 0, 0
546100, 1008160, 1, 0, 0
546200, 981271, 1, 0, 0
546300, 975098, 1, 0, 0
546400, 979820, 1, 0, 0
546500, 977847, 1, 0, 0
546600, 960522, 1, 0, 0
546700, 988058, 1, 0, 0
546800, 994871, 1, 0, 0
546900, 986922, 1, 0, 0
547000, 1024092, 1, 0, 0
547100, 979813, 1, 0, 0
547201, 978568, 1, 0, 0
547300, 1033072, 1, 0, 0
547400, 968855, 1, 0, 0
547500, 991831, 1, 0, 0
547600, 1005219, 1, 0, 0
547700, 990625, 1, 0, 0
547800, 1001384, 1, 0, 0
547900, 994442, 1, 0, 0
548000, 1018137, 1, 0, 0
548100, 994472, 1, 0, 0
548201, 996774, 1, 0, 0
548300, 998589, 1, 0, 0
548400, 999867, 1, 0, 0
548500, 975926, 1, 0, 0
548600, 984722, 1, 0, 0
548700, 1078423, 1, 0, 0
548800, 969373, 1, 0, 0
548900, 1051915, 1, 0, 0
549000, 990105, 1, 0, 0
549100, 1007928, 1, 0, 0
549200, 979843, 1, 0, 0
549300, 988492, 1, 0, 0
549400, 993004, 1, 0, 0
549500, 1005996, 1, 0, 0
549600, 967104, 1, 0, 0
549700, 984733, 1, 0, 0
549800, 974861, 1, 0, 0
549900, 975796, 1, 0, 0
550001, 1008881, 1, 0, 0
550100, 1040522, 1, 0, 0
550200, 1032440, 1, 0, 0
550301, 977260, 1, 0, 0
550400, 982865, 1, 0, 0
550501, 1011191, 1, 0, 0
550600, 991513, 1, 0, 0
550700, 988238, 1, 0, 0
550800, 977675, 1, 0, 0
550900, 1028537, 1, 0, 0
551000, 1025619, 1, 0, 0
551100, 1014832, 1, 0, 0
551200, 997251, 1, 0, 0
551300, 1036866, 1, 0, 0
551400, 1014977, 1, 0, 0
551500, 1009059, 1, 0, 0
551600, 969013, 1, 0, 0
551700, 969089, 1, 0, 0
551800, 1000485, 1, 0, 0
551900, 1050584, 1, 0, 0
552000, 968954, 1, 0, 0
552102, 1026459, 1, 0, 0
552200, 995552, 1, 0, 0
552300, 978132, 1, 0, 0
552400, 1022009, 1, 0, 0
552500, 972282, 1, 0, 0
552600, 1013613, 1, 0, 0
552700, 1031885, 1, 0, 0
552800, 1013432, 1, 0, 0
552900, 1018646, 1, 0, 0
553000, 981285, 1, 0, 0
553101, 1019074, 1, 0, 0
553200, 1022921, 1, 0, 0
553300, 1024798, 1, 0, 0
553400, 987092, 1, 0, 0
553500, 1009657, 1, 0, 0
553600, 998201, 1, 0, 0
553700, 1020136, 1, 0, 0
553801, 1054721, 1, 0, 0
553900, 1017708, 1, 0, 0
554000, 1012390, 1, 0, 0
554100, 1041765, 1, 0, 0
554200, 984530, 1, 0, 0
554300, 1043466, 1, 0, 0
554400, 1025945, 1, 0, 0
554500, 1016567, 1, 0, 0
554601, 996331, 1, 0, 0
554700, 1007253, 1, 0, 0
554800, 1002374, 1, 0, 0
554900, 1027703, 1, 0, 0
555000, 1030542, 1, 0, 0
555100, 987774, 1, 0, 0
555200, 969860, 1, 0, 0
555301, 1014747, 1, 0, 0
555400, 967449, 1, 0, 0
555500, 1010467, 1, 0, 0
555601, 1024789, 1, 0, 0
555701, 1051121, 1, 0, 0
555800, 997744, 1, 0, 0
555900, 1010683, 1, 0, 0
556000, 988084, 1, 0, 0
556100, 1014876, 1, 0, 0
556201, 1012305, 1, 0, 0
556300, 1006295, 1, 0, 0
556400, 1012638, 1, 0, 0
556500, 1028447, 1, 0, 0
556600, 1009576, 1, 0, 0
556700, 972881, 1, 0, 0
556801, 1029711, 1, 0, 0
556900, 974088, 1, 0, 0
557000, 1042035, 1, 0, 0
557100, 997993, 1, 0, 0
557200, 1018231, 1, 0, 0
557300, 1050773, 1, 0, 0
557400, 1024254, 1, 0, 0
557500, 1117663, 1, 0, 0
557600, 988640, 1, 0, 0
557700, 996864, 1, 0, 0
557800, 1017004, 1, 0, 0
557900, 962436, 1, 0, 0
558000, 997473, 1, 0, 0
558100, 1011600, 1, 0, 0
558200, 1075195, 1, 0, 0
558300, 993141, 1, 0, 0
558400, 977109, 1, 0, 0
558500, 1044995, 1, 0, 0
558600, 1013119, 1, 0, 0
558700, 1043424, 1, 0, 0
558800, 1004425, 1, 0, 0
558900, 1011360, 1, 0, 0
559000, 1015734, 1, 0, 0
559100, 983570, 1, 0, 0
559200, 1022624, 1, 0, 0
559300, 1019958, 1, 0, 0
559400, 1015455, 1, 0, 0
559500, 1012356, 1, 0, 0
559600, 1043301, 1, 0, 0
559700, 1023005, 1, 0, 0
559800, 1006134, 1, 0, 0
559900, 1019167, 1, 0, 0
560001, 1017533, 1, 0, 0
560100, 1031395, 1, 0, 0
560200, 983627, 1, 0, 0
560300, 1015984, 1, 0, 0
560400, 982669, 1, 0, 0
560500, 1005196, 1, 0, 0
560600, 987627, 1, 0, 0
560700, 1003877, 1, 0, 0
560800, 1020852, 1, 0, 0
560900, 1053831, 1, 0, 0
561000, 1031113, 1, 0, 0
561101, 999065, 1, 0, 0
561200, 992924, 1, 0, 0
561300, 1010918, 1, 0, 0
561400, 1080814, 1, 0, 0
561500, 1010667, 1, 0, 0
561600, 1026432, 1, 0, 0
561700, 1012508, 1, 0, 0
561800, 1021842, 1, 0, 0
561900, 1031876, 1, 0, 0
562000, 1012158, 1, 0, 0
562100, 1061885, 1, 0, 0
562200, 1048436, 1, 0, 0
562300, 1076488, 1, 0, 0
562400, 1026970, 1, 0, 0
562500, 1015624, 1, 0, 0
562600, 1018898, 1, 0, 0
562700, 1006569, 1, 0, 0
562800, 1024322, 1, 0, 0
562901, 996852, 1, 0, 0
563000, 1016486, 1, 0, 0
563100, 1036030, 1, 0, 0
563200, 1062403, 1, 0, 0
563300, 1017943, 1, 0, 0
563400, 1041119, 1, 0, 0
563500, 995136, 1, 0, 0
563600, 1038555, 1, 0, 0
563700, 985737, 1, 0, 0
563800, 1063009, 1, 0, 0
563900, 1057432, 1, 0, 0
564000, 1034678, 1, 0, 0
564100, 1051579, 1, 0, 0
564200, 1037169, 1, 0, 0
564300, 1047611, 1, 0, 0
564400, 1004114, 1, 0, 0
564500, 1037477, 1, 0, 0
564600, 1015445, 1, 0, 0
564700, 1078571, 1, 0, 0
564800, 1037738, 1, 0, 0
564900, 1036582, 1, 0, 0
565000, 1055065, 1, 0, 0
565101, 1023571, 1, 0, 0
565200, 1036551, 1, 0, 0
565300, 1048138, 1, 0, 0
565400, 1017627, 1, 0, 0
565500, 1023844, 1, 0, 0
565600, 1075153, 1, 0, 0
565700, 1031353, 1, 0, 0
565800, 1070181, 1, 0, 0
565900, 1068668, 1, 0, 0
566001, 1054656, 1, 0, 0
566100, 1023169, 1, 0, 0
566200, 1005217, 1, 0, 0
566301, 1038503, 1, 0, 0
566400, 1046684, 1, 0, 0
566500, 1012649, 1, 0, 0
566601, 1026808, 1, 0, 0
566700, 998889, 1, 0, 0
566800, 1005517, 1, 0, 0
566900, 1060463, 1, 0, 0
567000, 984773, 1, 0, 0
567100, 994422, 1, 0, 0
567200, 1025176, 1, 0, 0
567300, 999086, 1, 0, 0
567400, 1039722, 1, 0, 0
567500, 1032498, 1, 0, 0
567600, 1012402, 1, 0, 0
567700, 1042240, 1, 0, 0
567800, 1009620, 1, 0, 0
567900, 956477, 1, 0, 0
568000, 1049121, 1, 0, 0
568100, 1016057, 1, 0, 0
568200, 1014133, 1, 0, 0
568300, 1050539, 1, 0, 0
568400, 1042006, 1, 0, 0
568500, 1054291, 1, 0, 0
568600, 1037675, 1, 0, 0
568700, 1003309, 1, 0, 0
568800, 1013450, 1, 0, 0
568900, 1044753, 1, 0, 0
569000, 997818, 1, 0, 0
569100, 1015149, 1, 0, 0
569200, 991170, 1, 0, 0
569300, 1033615, 1, 0, 0
569400, 1022322, 1, 0, 0
569500, 1009225, 1, 0, 0
569600, 1029723, 1, 0, 0
569700, 1043217, 1, 0, 0
569800, 1014382, 1, 0, 0
569900, 1032339, 1, 0, 0
570000, 1004863, 1, 0, 0
570100, 1085004, 1, 0, 0
570200, 1060913, 1, 0, 0
570300, 1055560, 1, 0, 0
570400, 1045390, 1, 0, 0
570500, 1035072, 1, 0, 0
570600, 1033549, 1, 0, 0
570700, 1053961, 1, 0, 0
570800, 1065830, 1, 0, 0
570900, 1112765, 1, 0, 0
571000, 1059494, 1, 0, 0
571101, 1024436, 1, 0, 0
571200, 979567, 1, 0, 0
571300, 1029985, 1, 0, 0
571400, 978293, 1, 0, 0
571500, 1051518, 1, 0, 0
571601, 1036566, 1, 0, 0
571700, 992359, 1, 0, 0
571800, 1065293, 1, 0, 0
571900, 1072456, 1, 0, 0
572000, 1038978, 1, 0, 0
572100, 1080349, 1, 0, 0
572200, 1040937, 1, 0, 0
572300, 1025462, 1, 0, 0
572400, 1064997, 1, 0, 0
572500, 1015836, 1, 0, 0
572600, 1024917, 1, 0, 0
572700, 1065750, 1, 0, 0
572800, 1028728, 1, 0, 0
572901, 1039402, 1, 0, 0
573000, 981336, 1, 0, 0
573100, 977091, 1, 0, 0
573200, 988129, 1, 0, 0
573300, 995639, 1, 0, 0
573400, 1007667, 1, 0, 0
573500, 1013539, 1, 0, 0
573600, 987432, 1, 0, 0
573700, 1035627, 1, 0, 0
573800, 989945, 1, 0, 0
573901, 969499, 1, 0, 0
574001, 1008424, 1, 0, 0
574101, 985334, 1, 0, 0
574201, 1039376, 1, 0, 0
574300, 1001988, 1, 0, 0
574400, 1012192, 1, 0, 0
574500, 1034830, 1, 0, 0
574600, 1000195, 1, 0, 0
574700, 1030435, 1, 0, 0
574800, 990184, 1, 0, 0
574900, 1058031, 1, 0, 0
575000, 1043944, 1, 0, 0
575100, 991595, 1, 0, 0
575200, 982997, 1, 0, 0
575300, 1030435, 1, 0, 0
575400, 1013282, 1, 0, 0
575500, 990586, 1, 0, 0
575600, 1021871, 1, 0, 0
575702, 1025585, 1, 0, 0
575800, 1033266, 1, 0, 0
575900, 992529, 1, 0, 0
576000, 975239, 1, 0, 0
576100, 955707, 1, 0, 0
576200, 1048972, 1, 0, 0
576300, 1016023, 1, 0, 0
576400, 1070909, 1, 0, 0
576500, 1003272, 1, 0, 0
576600, 1043364, 1, 0, 0
576700, 969289, 1, 0, 0
576801, 1007790, 1, 0, 0
576900, 1073175, 1, 0, 0
577000, 1000842, 1, 0, 0
577100, 1009965, 1, 0, 0
577200, 993676, 1, 0, 0
577300, 1031996, 1, 0, 0
577400, 1032687, 1, 0, 0
577500, 1038602, 1, 0, 0
577600, 988379, 1, 0, 0
577700, 1003070, 1, 0, 0
577800, 973506, 1, 0, 0
577900, 973135, 1, 0, 0
578000, 988613, 1, 0, 0
578100, 986737, 1, 0, 0
578201, 986791, 1, 0, 0
578300, 1000323, 1, 0, 0
578400, 974181, 1, 0, 0
578500, 974747, 1, 0, 0
578600, 994879, 1, 0, 0
578700, 1017741, 1, 0, 0
578800, 1014767, 1, 0, 0
578900, 1063150, 1, 0, 0
579000, 1005728, 1, 0, 0
579100, 1022304, 1, 0, 0
579200, 973799, 1, 0, 0
579300, 974851, 1, 0, 0
579400, 1040917, 1, 0, 0
579500, 1054874, 1, 0, 0
579600, 993066, 1, 0, 0
579700, 1012824, 1, 0, 0
579800, 979273, 1, 0, 0
579900, 998631, 1, 0, 0
580000, 1024232, 1, 0, 0
580100, 1009802, 1, 0, 0
580200, 976809, 1, 0, 0
580300, 970182, 1, 0, 0
580400, 1004083, 1, 0, 0
580500, 986785, 1, 0, 0
580600, 1022304, 1, 0, 0
580700, 987900, 1, 0, 0
580800, 998645, 1, 0, 0
580900, 1002859, 1, 0, 0
581000, 984419, 1, 0, 0
581100, 969524, 1, 0, 0
581200, 997104, 1, 0, 0
581300, 973398, 1, 0, 0
581400, 995443, 1, 0, 0
581501, 1054129, 1, 0, 0
581600, 998687, 1, 0, 0
581700, 1019746, 1, 0, 0
581800, 981444, 1, 0, 0
581900, 988470, 1, 0, 0
582000, 1020448, 1, 0, 0
582101, 1042876, 1, 0, 0
582200, 1005743, 1, 0, 0
582300, 1007526, 1, 0, 0
582400, 1018583, 1, 0, 0
582500, 986198, 1, 0, 0
582600, 1022221, 1, 0, 0
582700, 968647, 1, 0, 0
582800, 991287, 1, 0, 0
582900, 1009637, 1, 0, 0
583000, 979157, 1, 0, 0
583100, 1059629, 1, 0, 0
583200, 990805, 1, 0, 0
583300, 1007460, 1, 0, 0
583400, 993968, 1, 0, 0
583500, 995409, 1, 0, 0
583600, 1035780, 1, 0, 0
583700, 979008, 1, 0, 0
583800, 1001667, 1, 0, 0
583900, 982433, 1, 0, 0
584000, 1021823, 1, 0, 0
584100, 990647, 1, 0, 0
584200, 978611, 1, 0, 0
584300, 978355, 1, 0, 0
584400, 1072352, 1, 0, 0
584500, 1006133, 1, 0, 0
584600, 995101, 1, 0, 0
584700, 981525, 1, 0, 0
584800, 978488, 1, 0, 0
584900, 1009359, 1, 0, 0
585000, 1012032, 1, 0, 0
585100, 1050401, 1, 0, 0
585200, 1003524, 1, 0, 0
585300, 990623, 1, 0, 0
585400, 996551, 1, 0, 0
585500, 1043240, 1, 0, 0
585600, 1006876, 1, 0, 0
585700, 973792, 1, 0, 0
585800, 1018639, 1, 0, 0
585900, 998897, 1, 0, 0
586000, 979990, 1, 0, 0
586100, 976914, 1, 0, 0
586200, 964312, 1, 0, 0
586300, 976072, 1, 0, 0
586400, 990736, 1, 0, 0
586500, 983542, 1, 0, 0
586600, 983305, 1, 0, 0
586700, 1004480, 1, 0, 0
586800, 958775, 1, 0, 0
586900, 998153, 1, 0, 0
587000, 1000438, 1, 0, 0
587100, 941738, 1, 0, 0
587200, 1034639, 1, 0, 0
587300, 991483, 1, 0, 0
587400, 967063, 1, 0, 0
587500, 1001605, 1, 0, 0
587600, 1012628, 1, 0, 0
587700, 1039639, 1, 0, 0
587800, 1070052, 1, 0, 0
587900, 1038936, 1, 0, 0
588000, 988427, 1, 0, 0
588100, 1043699, 1, 0, 0
588200, 1044548, 1, 0, 0
588300, 1027977, 1, 0, 0
588400, 1019164, 1, 0, 0
588500, 998316, 1, 0, 0
588600, 1012652, 1, 0, 0
588700, 1032761, 1, 0, 0
588800, 1025001, 1, 0, 0
588900, 997412, 1, 0, 0
589000, 1006711, 1, 0, 0
589100, 1069952, 1, 0, 0
589200, 1002988, 1, 0, 0
589300, 1017648, 1, 0, 0
589400, 1050031, 1, 0, 0
589500, 1006085, 1, 0, 0
589600, 1053030, 1, 0, 0
589701, 995175, 1, 0, 0
589800, 969431, 1, 0, 0
589900, 1027221, 1, 0, 0
590000, 1020496, 1, 0, 0
590100, 1015320, 1, 0, 0
590200, 983108, 1, 0, 0
590300, 1019393, 1, 0, 0
590400, 1025176, 1, 0, 0
590500, 1048149, 1, 0, 0
590600, 988811, 1, 0, 0
590700, 1024454, 1, 0, 0
590800, 1062186, 1, 0, 0
590900, 1002802, 1, 0, 0
591000, 1007159, 1, 0, 0
591100, 1029081, 1, 0, 0
591200, 1023479, 1, 0, 0
591300, 1028949, 1, 0, 0
591400, 982274, 1, 0, 0
591500, 970742, 1, 0, 0
591600, 991539, 1, 0, 0
591700, 997938, 1, 0, 0
591801, 1017155, 1, 0, 0
591900, 1003607, 1, 0, 0
592000, 1044751, 1, 0, 0
592100, 1047258, 1, 0, 0
592200, 1020418, 1, 0, 0
592300, 1031469, 1, 0, 0
592400, 1075959, 1, 0, 0
592501, 1052468, 1, 0, 0
592600, 1028557, 1, 0, 0
592700, 1009088, 1, 0, 0
592800, 1013034, 1, 0, 0
592900, 1026350, 1, 0, 0
593000, 967298, 1, 0, 0
593100, 1045791, 1, 0, 0
593200, 1070672, 1, 0, 0
593300, 986137, 1, 0, 0
593400, 1036605, 1, 0, 0
593500, 1007944, 1, 0, 0
593600, 981708, 1, 0, 0
593700, 1025403, 1, 0, 0
593800, 1024088, 1, 0, 0
593900, 1042165, 1, 0, 0
594000, 1019851, 1, 0, 0
594100, 993417, 1, 0, 0
594200, 1046955, 1, 0, 0
594300, 1014468, 1, 0, 0
594400, 1048297, 1, 0, 0
594500, 1035771, 1, 0, 0
594600, 1021979, 1, 0, 0
594700, 1038779, 1, 0, 0
594800, 1046204, 1, 0, 0
594900, 1087818, 1, 0, 0
595000, 1036591, 1, 0, 0
595100, 1064243, 1, 0, 0
595200, 1030665, 1, 0, 0
595300, 1026541, 1, 0, 0
595400, 1003915, 1, 0, 0
595501, 1045818, 1, 0, 0
595600, 1022268, 1, 0, 0
595700, 1027831, 1, 0, 0
595800, 1080076, 1, 0, 0
595901, 1060454, 1, 0, 0
596000, 1043384, 1, 0, 0
596101, 1023988, 1, 0, 0
596200, 1006147, 1, 0, 0
596300, 1048629, 1, 0, 0
596400, 1013429, 1, 0, 0
596500, 1096495, 1, 0, 0
596600, 1044778, 1, 0, 0
596701, 1014568, 1, 0, 0
596800, 980876, 1, 0, 0
596900, 1019724, 1, 0, 0
597000, 984382, 1, 0, 0
597100, 965288, 1, 0, 0
597200, 1004711, 1, 0, 0
597300, 1036499, 1, 0, 0
597400, 1003509, 1, 0, 0
597500, 1006990, 1, 0, 0
597600, 975142, 1, 0, 0
597700, 1032665, 1, 0, 0
597800, 987692, 1, 0, 0
597901, 1066058, 1, 0, 0
598000, 1010024, 1, 0, 0
598100, 1014633, 1, 0, 0
598200, 1017190, 1, 0, 0
598300, 1032286, 1, 0, 0
598400, 1050329, 1, 0, 0
598500, 1035756, 1, 0, 0
598601, 983346, 1, 0, 0
598700, 986168, 1, 0, 0
598800, 1022337, 1, 0, 0
598900, 1032444, 1, 0, 0
599000, 1044936, 1, 0, 0
599101, 1000721, 1, 0, 0
599200, 1021630, 1, 0, 0
599300, 1048735, 1, 0, 0
599400, 1029611, 1, 0, 0
599501, 1011869, 1, 0, 0
599600, 1019882, 1, 0, 0
599700, 1030091, 1, 0, 0
599800, 1017704, 1, 0, 0
599900, 992423, 1, 0, 0
600000, 988449, 1, 0, 0
