100, 14802, 1, 0, 0
200, 17461, 1, 0, 0
300, 13917, 1, 0, 0
401, 15721, 1, 0, 0
500, 13294, 1, 0, 0
600, 16095, 1, 0, 0
700, 13780, 1, 0, 0
800, 13638, 1, 0, 0
900, 14081, 1, 0, 0
1001, 16290, 1, 0, 0
1100, 14404, 1, 0, 0
1200, 14281, 1, 0, 0
1300, 13627, 1, 0, 0
1401, 13266, 1, 0, 0
1500, 15581, 1, 0, 0
1600, 18003, 1, 0, 0
1701, 14241, 1, 0, 0
1800, 14837, 1, 0, 0
1900, 18878, 1, 0, 0
2000, 14513, 1, 0, 0
2102, 16812, 1, 0, 0
2200, 14487, 1, 0, 0
2300, 17130, 1, 0, 0
2400, 16809, 1, 0, 0
2500, 13098, 1, 0, 0
2600, 14659, 1, 0, 0
2700, 16601, 1, 0, 0
2800, 17186, 1, 0, 0
2901, 13739, 1, 0, 0
3000, 14473, 1, 0, 0
3101, 13915, 1, 0, 0
3200, 18628, 1, 0, 0
3301, 18979, 1, 0, 0
3400, 14051, 1, 0, 0
3500, 12707, 1, 0, 0
3600, 17145, 1, 0, 0
3700, 15244, 1, 0, 0
3800, 12417, 1, 0, 0
3900, 14077, 1, 0, 0
4001, 12957, 1, 0, 0
4101, 12821, 1, 0, 0
4200, 13805, 1, 0, 0
4300, 13650, 1, 0, 0
4400, 12604, 1, 0, 0
4501, 17666, 1, 0, 0
4600, 13673, 1, 0, 0
4700, 14355, 1, 0, 0
4800, 16014, 1, 0, 0
4900, 12948, 1, 0, 0
5000, 16599, 1, 0, 0
5100, 14044, 1, 0, 0
5201, 19333, 1, 0, 0
5301, 17399, 1, 0, 0
5400, 12962, 1, 0, 0
5501, 14757, 1, 0, 0
5600, 12337, 1, 0, 0
5700, 12857, 1, 0, 0
5800, 16657, 1, 0, 0
5900, 16423, 1, 0, 0
6001, 19716, 1, 0, 0
6100, 15447, 1, 0, 0
6200, 14077, 1, 0, 0
6300, 17696, 1, 0, 0
6400, 16055, 1, 0, 0
6500, 15315, 1, 0, 0
6600, 16575, 1, 0, 0
6701, 14785, 1, 0, 0
6800, 15742, 1, 0, 0
6901, 12547, 1, 0, 0
7000, 15687, 1, 0, 0
7100, 12919, 1, 0, 0
7201, 15521, 1, 0, 0
7300, 20417, 1, 0, 0
7400, 14425, 1, 0, 0
7500, 18225, 1, 0, 0
7600, 16141, 1, 0, 0
7701, 14044, 1, 0, 0
7800, 15983, 1, 0, 0
7900, 12926, 1, 0, 0
8000, 12240, 1, 0, 0
8101, 16457, 1, 0, 0
8201, 16111, 1, 0, 0
8300, 13305, 1, 0, 0
8400, 13193, 1, 0, 0
8500, 17256, 1, 0, 0
8600, 17470, 1, 0, 0
8700, 20434, 1, 0, 0
8801, 16418, 1, 0, 0
8901, 14408, 1, 0, 0
9000, 12935, 1, 0, 0
9101, 16355, 1, 0, 0
9200, 19279, 1, 0, 0
9300, 14550, 1, 0, 0
9401, 14642, 1, 0, 0
9500, 15885, 1, 0, 0
9600, 13256, 1, 0, 0
9700, 13340, 1, 0, 0
9800, 13258, 1, 0, 0
9901, 13609, 1, 0, 0
10000, 17525, 1, 0, 0
10100, 17469, 1, 0, 0
10200, 15246, 1, 0, 0
10300, 14343, 1, 0, 0
10400, 18847, 1, 0, 0
10501, 17749, 1, 0, 0
10601, 17144, 1, 0, 0
10700, 14141, 1, 0, 0
10800, 14518, 1, 0, 0
10900, 18590, 1, 0, 0
11000, 13804, 1, 0, 0
11100, 15360, 1, 0, 0
11200, 14659, 1, 0, 0
11300, 15788, 1, 0, 0
11400, 18618, 1, 0, 0
11500, 14478, 1, 0, 0
11600, 13092, 1, 0, 0
11701, 17839, 1, 0, 0
11800, 13048, 1, 0, 0
11900, 12709, 1, 0, 0
12001, 14468, 1, 0, 0
12100, 15778, 1, 0, 0
12200, 17807, 1, 0, 0
12300, 17878, 1, 0, 0
12401, 14121, 1, 0, 0
12501, 13082, 1, 0, 0
12600, 11704, 1, 0, 0
12700, 13473, 1, 0, 0
12800, 14150, 1, 0, 0
12900, 14118, 1, 0, 0
13001, 16817, 1, 0, 0
13101, 15375, 1, 0, 0
13201, 15594, 1, 0, 0
13300, 14650, 1, 0, 0
13401, 13416, 1, 0, 0
13500, 14158, 1, 0, 0
13601, 13635, 1, 0, 0
13700, 16399, 1, 0, 0
13800, 16357, 1, 0, 0
13900, 13192, 1, 0, 0
14000, 14983, 1, 0, 0
14100, 13926, 1, 0, 0
14200, 14261, 1, 0, 0
14302, 15027, 1, 0, 0
14401, 16450, 1, 0, 0
14500, 20283, 1, 0, 0
14600, 14085, 1, 0, 0
14700, 13815, 1, 0, 0
14801, 15094, 1, 0, 0
14900, 17477, 1, 0, 0
15000, 13132, 1, 0, 0
15100, 16481, 1, 0, 0
15200, 19085, 1, 0, 0
15300, 14484, 1, 0, 0
15401, 14831, 1, 0, 0
15500, 12752, 1, 0, 0
15600, 14682, 1, 0, 0
15700, 15681, 1, 0, 0
15800, 16182, 1, 0, 0
15900, 13539, 1, 0, 0
16000, 18973, 1, 0, 0
16100, 18158, 1, 0, 0
16200, 12409, 1, 0, 0
16302, 13554, 1, 0, 0
16400, 13568, 1, 0, 0
16501, 16188, 1, 0, 0
16600, 15836, 1, 0, 0
16700, 13146, 1, 0, 0
16800, 16293, 1, 0, 0
16900, 16849, 1, 0, 0
17000, 14404, 1, 0, 0
17100, 13484, 1, 0, 0
17200, 12784, 1, 0, 0
17300, 12534, 1, 0, 0
17400, 12335, 1, 0, 0
17501, 16347, 1, 0, 0
17601, 12823, 1, 0, 0
17700, 12722, 1, 0, 0
17800, 13239, 1, 0, 0
17900, 15444, 1, 0, 0
18000, 12414, 1, 0, 0
18100, 18419, 1, 0, 0
18200, 17219, 1, 0, 0
18301, 14348, 1, 0, 0
18400, 14645, 1, 0, 0
18500, 14425, 1, 0, 0
18600, 17133, 1, 0, 0
18700, 13580, 1, 0, 0
18800, 18774, 1, 0, 0
18900, 14160, 1, 0, 0
19000, 16603, 1, 0, 0
19101, 13942, 1, 0, 0
19200, 14331, 1, 0, 0
19301, 14676, 1, 0, 0
19400, 18298, 1, 0, 0
19500, 14584, 1, 0, 0
19600, 13616, 1, 0, 0
19700, 18390, 1, 0, 0
19800, 17677, 1, 0, 0
19900, 13964, 1, 0, 0
20000, 16813, 1, 0, 0
20100, 14558, 1, 0, 0
20200, 14016, 1, 0, 0
20300, 16988, 1, 0, 0
20400, 16042, 1, 0, 0
20501, 15743, 1, 0, 0
20600, 14452, 1, 0, 0
20700, 17159, 1, 0, 0
20800, 14982, 1, 0, 0
20900, 13911, 1, 0, 0
21000, 12824, 1, 0, 0
21100, 13058, 1, 0, 0
21201, 13618, 1, 0, 0
21300, 13915, 1, 0, 0
21400, 18497, 1, 0, 0
21500, 13882, 1, 0, 0
21600, 16308, 1, 0, 0
21700, 14638, 1, 0, 0
21800, 19244, 1, 0, 0
21900, 14803, 1, 0, 0
22000, 15817, 1, 0, 0
22100, 13699, 1, 0, 0
22200, 16025, 1, 0, 0
22301, 16928, 1, 0, 0
22401, 15114, 1, 0, 0
22500, 18110, 1, 0, 0
22600, 14082, 1, 0, 0
22700, 14051, 1, 0, 0
22800, 18884, 1, 0, 0
22900, 17389, 1, 0, 0
23000, 21851, 1, 0, 0
23100, 17118, 1, 0, 0
23201, 14319, 1, 0, 0
23300, 12487, 1, 0, 0
23400, 13043, 1, 0, 0
23500, 14018, 1, 0, 0
23600, 16169, 1, 0, 0
23700, 12855, 1, 0, 0
23800, 19254, 1, 0, 0
23900, 13643, 1, 0, 0
24000, 15591, 1, 0, 0
24100, 13740, 1, 0, 0
24200, 15050, 1, 0, 0
24300, 15319, 1, 0, 0
24400, 18123, 1, 0, 0
24500, 15087, 1, 0, 0
24600, 16120, 1, 0, 0
24701, 17896, 1, 0, 0
24800, 15059, 1, 0, 0
24900, 18760, 1, 0, 0
25000, 17875, 1, 0, 0
25101, 16344, 1, 0, 0
25201, 15447, 1, 0, 0
25300, 15877, 1, 0, 0
25400, 14090, 1, 0, 0
25500, 17395, 1, 0, 0
25600, 14987, 1, 0, 0
25702, 18515, 1, 0, 0
25801, 18503, 1, 0, 0
25900, 13266, 1, 0, 0
26000, 15620, 1, 0, 0
26100, 13018, 1, 0, 0
26200, 15335, 1, 0, 0
26301, 13661, 1, 0, 0
26400, 13030, 1, 0, 0
26501, 18326, 1, 0, 0
26600, 18165, 1, 0, 0
26700, 17337, 1, 0, 0
26800, 13386, 1, 0, 0
26900, 14994, 1, 0, 0
27000, 18176, 1, 0, 0
27101, 16391, 1, 0, 0
27201, 14691, 1, 0, 0
27300, 16911, 1, 0, 0
27400, 15941, 1, 0, 0
27500, 12918, 1, 0, 0
27600, 13536, 1, 0, 0
27700, 13922, 1, 0, 0
27800, 12924, 1, 0, 0
27901, 13003, 1, 0, 0
28000, 12996, 1, 0, 0
28100, 15807, 1, 0, 0
28201, 13497, 1, 0, 0
28300, 16118, 1, 0, 0
28401, 16808, 1, 0, 0
28500, 18153, 1, 0, 0
28601, 14191, 1, 0, 0
28700, 14712, 1, 0, 0
28800, 19432, 1, 0, 0
28900, 17378, 1, 0, 0
29000, 15138, 1, 0, 0
29100, 15615, 1, 0, 0
29200, 14887, 1, 0, 0
29300, 16030, 1, 0, 0
29400, 18849, 1, 0, 0
29500, 19504, 1, 0, 0
29601, 16798, 1, 0, 0
29700, 14909, 1, 0, 0
29800, 16409, 1, 0, 0
29901, 19535, 1, 0, 0
30000, 14456, 1, 0, 0
30100, 13384, 1, 0, 0
30200, 14752, 1, 0, 0
30300, 14588, 1, 0, 0
30401, 17001, 1, 0, 0
30500, 17311, 1, 0, 0
30601, 20828, 1, 0, 0
30700, 16260, 1, 0, 0
30801, 17275, 1, 0, 0
30900, 16550, 1, 0, 0
31000, 14251, 1, 0, 0
31100, 14645, 1, 0, 0
31201, 21762, 1, 0, 0
31301, 14026, 1, 0, 0
31400, 14321, 1, 0, 0
31500, 19160, 1, 0, 0
31600, 15781, 1, 0, 0
31700, 15105, 1, 0, 0
31800, 16702, 1, 0, 0
31901, 15984, 1, 0, 0
32000, 16735, 1, 0, 0
32100, 15335, 1, 0, 0
32200, 14204, 1, 0, 0
32300, 14166, 1, 0, 0
32400, 15240, 1, 0, 0
32500, 16675, 1, 0, 0
32600, 17408, 1, 0, 0
32700, 18205, 1, 0, 0
32801, 20391, 1, 0, 0
32900, 15613, 1, 0, 0
33000, 18867, 1, 0, 0
33100, 13945, 1, 0, 0
33200, 13030, 1, 0, 0
33300, 14934, 1, 0, 0
33400, 14348, 1, 0, 0
33500, 18081, 1, 0, 0
33600, 14300, 1, 0, 0
33701, 15090, 1, 0, 0
33800, 14671, 1, 0, 0
33900, 17288, 1, 0, 0
34000, 17115, 1, 0, 0
34100, 16614, 1, 0, 0
34200, 17786, 1, 0, 0
34301, 16695, 1, 0, 0
34400, 16506, 1, 0, 0
34500, 18987, 1, 0, 0
34600, 19774, 1, 0, 0
34700, 14897, 1, 0, 0
34800, 14901, 1, 0, 0
34901, 14443, 1, 0, 0
35001, 14033, 1, 0, 0
35100, 20491, 1, 0, 0
35200, 14223, 1, 0, 0
35300, 16545, 1, 0, 0
35400, 16917, 1, 0, 0
35500, 13489, 1, 0, 0
35600, 13259, 1, 0, 0
35701, 14196, 1, 0, 0
35800, 15098, 1, 0, 0
35900, 23695, 1, 0, 0
36001, 15562, 1, 0, 0
36101, 16201, 1, 0, 0
36201, 14681, 1, 0, 0
36300, 13641, 1, 0, 0
36400, 14141, 1, 0, 0
36500, 20042, 1, 0, 0
36600, 16675, 1, 0, 0
36700, 14833, 1, 0, 0
36800, 13289, 1, 0, 0
36900, 13444, 1, 0, 0
37000, 13474, 1, 0, 0
37100, 17477, 1, 0, 0
37200, 17029, 1, 0, 0
37300, 16062, 1, 0, 0
37400, 20567, 1, 0, 0
37500, 14342, 1, 0, 0
37600, 15213, 1, 0, 0
37700, 18706, 1, 0, 0
37800, 14049, 1, 0, 0
37900, 13822, 1, 0, 0
38000, 17916, 1, 0, 0
38101, 17893, 1, 0, 0
38200, 16246, 1, 0, 0
38300, 15148, 1, 0, 0
38400, 12939, 1, 0, 0
38500, 16720, 1, 0, 0
38600, 13324, 1, 0, 0
38700, 13768, 1, 0, 0
38801, 12561, 1, 0, 0
38900, 13950, 1, 0, 0
39000, 17103, 1, 0, 0
39100, 15560, 1, 0, 0
39200, 17524, 1, 0, 0
39302, 30667, 1, 0, 0
39402, 17304, 1, 0, 0
39500, 17815, 1, 0, 0
39600, 16866, 1, 0, 0
39701, 13971, 1, 0, 0
39800, 16188, 1, 0, 0
39900, 17526, 1, 0, 0
40000, 17266, 1, 0, 0
40100, 13615, 1, 0, 0
40200, 16932, 1, 0, 0
40301, 16952, 1, 0, 0
40401, 17045, 1, 0, 0
40500, 17243, 1, 0, 0
40601, 16494, 1, 0, 0
40700, 17733, 1, 0, 0
40800, 15775, 1, 0, 0
40901, 17347, 1, 0, 0
41001, 14927, 1, 0, 0
41100, 18427, 1, 0, 0
41200, 13962, 1, 0, 0
41300, 13913, 1, 0, 0
41400, 16844, 1, 0, 0
41500, 19302, 1, 0, 0
41600, 15385, 1, 0, 0
41700, 15972, 1, 0, 0
41801, 16203, 1, 0, 0
41900, 14411, 1, 0, 0
42000, 15263, 1, 0, 0
42101, 13819, 1, 0, 0
42200, 16012, 1, 0, 0
42300, 15295, 1, 0, 0
42400, 15714, 1, 0, 0
42501, 14600, 1, 0, 0
42600, 14385, 1, 0, 0
42700, 16600, 1, 0, 0
42800, 19823, 1, 0, 0
42900, 16145, 1, 0, 0
43000, 14003, 1, 0, 0
43100, 19858, 1, 0, 0
43200, 17872, 1, 0, 0
43301, 14001, 1, 0, 0
43400, 16651, 1, 0, 0
43501, 13369, 1, 0, 0
43601, 14718, 1, 0, 0
43700, 19918, 1, 0, 0
43800, 16369, 1, 0, 0
43900, 15516, 1, 0, 0
44000, 14562, 1, 0, 0
44100, 16494, 1, 0, 0
44200, 16846, 1, 0, 0
44301, 12558, 1, 0, 0
44401, 14936, 1, 0, 0
44500, 13707, 1, 0, 0
44600, 14028, 1, 0, 0
44700, 13082, 1, 0, 0
44800, 12899, 1, 0, 0
44900, 19729, 1, 0, 0
45000, 17333, 1, 0, 0
45100, 15991, 1, 0, 0
45200, 16279, 1, 0, 0
45300, 13375, 1, 0, 0
45400, 13455, 1, 0, 0
45501, 14425, 1, 0, 0
45601, 16429, 1, 0, 0
45700, 15472, 1, 0, 0
45800, 13476, 1, 0, 0
45900, 14261, 1, 0, 0
46000, 14965, 1, 0, 0
46100, 14452, 1, 0, 0
46200, 12759, 1, 0, 0
46301, 16153, 1, 0, 0
46401, 13525, 1, 0, 0
46500, 14158, 1, 0, 0
46600, 17126, 1, 0, 0
46700, 14097, 1, 0, 0
46800, 12799, 1, 0, 0
46900, 13658, 1, 0, 0
47000, 13260, 1, 0, 0
47100, 14667, 1, 0, 0
47200, 13444, 1, 0, 0
47301, 13175, 1, 0, 0
47401, 14516, 1, 0, 0
47500, 15389, 1, 0, 0
47601, 15608, 1, 0, 0
47700, 14602, 1, 0, 0
47800, 20706, 1, 0, 0
47900, 14497, 1, 0, 0
48000, 14133, 1, 0, 0
48100, 13252, 1, 0, 0
48200, 13863, 1, 0, 0
48300, 14947, 1, 0, 0
48400, 15134, 1, 0, 0
48500, 15231, 1, 0, 0
48600, 20643, 1, 0, 0
48700, 16007, 1, 0, 0
48800, 14220, 1, 0, 0
48900, 14060, 1, 0, 0
49000, 17313, 1, 0, 0
49100, 16529, 1, 0, 0
49201, 15406, 1, 0, 0
49301, 14329, 1, 0, 0
49400, 14899, 1, 0, 0
49500, 15195, 1, 0, 0
49600, 14079, 1, 0, 0
49700, 16515, 1, 0, 0
49800, 16273, 1, 0, 0
49900, 15279, 1, 0, 0
50000, 19505, 1, 0, 0
50100, 16854, 1, 0, 0
50200, 15039, 1, 0, 0
50300, 13351, 1, 0, 0
50400, 13784, 1, 0, 0
50500, 14106, 1, 0, 0
50600, 20219, 1, 0, 0
50700, 17223, 1, 0, 0
50801, 15319, 1, 0, 0
50900, 15680, 1, 0, 0
51000, 15972, 1, 0, 0
51100, 14521, 1, 0, 0
51200, 14728, 1, 0, 0
51301, 15863, 1, 0, 0
51400, 14078, 1, 0, 0
51500, 18700, 1, 0, 0
51600, 16993, 1, 0, 0
51700, 16403, 1, 0, 0
51800, 15251, 1, 0, 0
51900, 18262, 1, 0, 0
52000, 17549, 1, 0, 0
52100, 13860, 1, 0, 0
52201, 14450, 1, 0, 0
52300, 14977, 1, 0, 0
52400, 16149, 1, 0, 0
52500, 17782, 1, 0, 0
52600, 17938, 1, 0, 0
52701, 14581, 1, 0, 0
52800, 13220, 1, 0, 0
52900, 13751, 1, 0, 0
53000, 15706, 1, 0, 0
53101, 19385, 1, 0, 0
53201, 13066, 1, 0, 0
53301, 14553, 1, 0, 0
53400, 19895, 1, 0, 0
53501, 16250, 1, 0, 0
53600, 12478, 1, 0, 0
53700, 14743, 1, 0, 0
53800, 15200, 1, 0, 0
53900, 13663, 1, 0, 0
54000, 13013, 1, 0, 0
54100, 14750, 1, 0, 0
54200, 14470, 1, 0, 0
54300, 18170, 1, 0, 0
54400, 13735, 1, 0, 0
54500, 15147, 1, 0, 0
54600, 14866, 1, 0, 0
54700, 16837, 1, 0, 0
54801, 16369, 1, 0, 0
54900, 17903, 1, 0, 0
55000, 20075, 1, 0, 0
55100, 18124, 1, 0, 0
55201, 14864, 1, 0, 0
55300, 16004, 1, 0, 0
55400, 19168, 1, 0, 0
55500, 15350, 1, 0, 0
55600, 14517, 1, 0, 0
55700, 13515, 1, 0, 0
55800, 16766, 1, 0, 0
55900, 17166, 1, 0, 0
56000, 14043, 1, 0, 0
56100, 13699, 1, 0, 0
56200, 17318, 1, 0, 0
56300, 16006, 1, 0, 0
56400, 14456, 1, 0, 0
56500, 13389, 1, 0, 0
56601, 13748, 1, 0, 0
56700, 14336, 1, 0, 0
56800, 19771, 1, 0, 0
56900, 17351, 1, 0, 0
57001, 13232, 1, 0, 0
57100, 15026, 1, 0, 0
57200, 12925, 1, 0, 0
57300, 14661, 1, 0, 0
57400, 12963, 1, 0, 0
57501, 14834, 1, 0, 0
57600, 13689, 1, 0, 0
57700, 15119, 1, 0, 0
57801, 18673, 1, 0, 0
57900, 18530, 1, 0, 0
58001, 15813, 1, 0, 0
58100, 13886, 1, 0, 0
58201, 12537, 1, 0, 0
58301, 13957, 1, 0, 0
58400, 14004, 1, 0, 0
58500, 19817, 1, 0, 0
58600, 16035, 1, 0, 0
58700, 14282, 1, 0, 0
58801, 14252, 1, 0, 0
58900, 16276, 1, 0, 0
59000, 17396, 1, 0, 0
59100, 19566, 1, 0, 0
59200, 16842, 1, 0, 0
59301, 14229, 1, 0, 0
59400, 13881, 1, 0, 0
59500, 12803, 1, 0, 0
59600, 18076, 1, 0, 0
59700, 16968, 1, 0, 0
59800, 17295, 1, 0, 0
59900, 18997, 1, 0, 0
60000, 16093, 1, 0, 0
60100, 16182, 1, 0, 0
60200, 17103, 1, 0, 0
60301, 16987, 1, 0, 0
60400, 12646, 1, 0, 0
60500, 17758, 1, 0, 0
60600, 17966, 1, 0, 0
60700, 13287, 1, 0, 0
60800, 12892, 1, 0, 0
60900, 14237, 1, 0, 0
61000, 14084, 1, 0, 0
61100, 14637, 1, 0, 0
61200, 21775, 1, 0, 0
61300, 13930, 1, 0, 0
61401, 13561, 1, 0, 0
61501, 18613, 1, 0, 0
61600, 14110, 1, 0, 0
61700, 14749, 1, 0, 0
61800, 15184, 1, 0, 0
61900, 16186, 1, 0, 0
62001, 14890, 1, 0, 0
62100, 16485, 1, 0, 0
62200, 15580, 1, 0, 0
62301, 15156, 1, 0, 0
62400, 18576, 1, 0, 0
62500, 15779, 1, 0, 0
62600, 15481, 1, 0, 0
62701, 16710, 1, 0, 0
62800, 13211, 1, 0, 0
62901, 15602, 1, 0, 0
63000, 14396, 1, 0, 0
63100, 20126, 1, 0, 0
63200, 15483, 1, 0, 0
63300, 13633, 1, 0, 0
63400, 16009, 1, 0, 0
63500, 14151, 1, 0, 0
63600, 20071, 1, 0, 0
63700, 18352, 1, 0, 0
63800, 18535, 1, 0, 0
63900, 17042, 1, 0, 0
64001, 19498, 1, 0, 0
64100, 16690, 1, 0, 0
64201, 13460, 1, 0, 0
64300, 17922, 1, 0, 0
64400, 15384, 1, 0, 0
64500, 14115, 1, 0, 0
64600, 17559, 1, 0, 0
64700, 14597, 1, 0, 0
64800, 18131, 1, 0, 0
64900, 13665, 1, 0, 0
65000, 14130, 1, 0, 0
65100, 16463, 1, 0, 0
65200, 17672, 1, 0, 0
65300, 17334, 1, 0, 0
65400, 14719, 1, 0, 0
65500, 16252, 1, 0, 0
65600, 17852, 1, 0, 0
65700, 16783, 1, 0, 0
65800, 18371, 1, 0, 0
65900, 16055, 1, 0, 0
66000, 13643, 1, 0, 0
66100, 15066, 1, 0, 0
66200, 16855, 1, 0, 0
66300, 13271, 1, 0, 0
66400, 13983, 1, 0, 0
66500, 16258, 1, 0, 0
66601, 19103, 1, 0, 0
66700, 16434, 1, 0, 0
66800, 15652, 1, 0, 0
66900, 17791, 1, 0, 0
67000, 14949, 1, 0, 0
67100, 15242, 1, 0, 0
67200, 16939, 1, 0, 0
67300, 14903, 1, 0, 0
67400, 14007, 1, 0, 0
67501, 14831, 1, 0, 0
67600, 17005, 1, 0, 0
67702, 16148, 1, 0, 0
67800, 13612, 1, 0, 0
67901, 13407, 1, 0, 0
68000, 18127, 1, 0, 0
68100, 14729, 1, 0, 0
68200, 14037, 1, 0, 0
68300, 14374, 1, 0, 0
68400, 15915, 1, 0, 0
68500, 14207, 1, 0, 0
68600, 14145, 1, 0, 0
68700, 16362, 1, 0, 0
68800, 15914, 1, 0, 0
68902, 15265, 1, 0, 0
69000, 20024, 1, 0, 0
69101, 13533, 1, 0, 0
69200, 15156, 1, 0, 0
69300, 18828, 1, 0, 0
69400, 18232, 1, 0, 0
69500, 16414, 1, 0, 0
69600, 17033, 1, 0, 0
69700, 14517, 1, 0, 0
69801, 14907, 1, 0, 0
69900, 15109, 1, 0, 0
70000, 18639, 1, 0, 0
70100, 13847, 1, 0, 0
70200, 17428, 1, 0, 0
70301, 15796, 1, 0, 0
70400, 19034, 1, 0, 0
70500, 16860, 1, 0, 0
70600, 13687, 1, 0, 0
70700, 14337, 1, 0, 0
70800, 17310, 1, 0, 0
70900, 15063, 1, 0, 0
71000, 19934, 1, 0, 0
71100, 15739, 1, 0, 0
71200, 13227, 1, 0, 0
71300, 17908, 1, 0, 0
71400, 14686, 1, 0, 0
71500, 16493, 1, 0, 0
71600, 14748, 1, 0, 0
71700, 18136, 1, 0, 0
71800, 18121, 1, 0, 0
71900, 15819, 1, 0, 0
72001, 16634, 1, 0, 0
72100, 15209, 1, 0, 0
72200, 14702, 1, 0, 0
72300, 16660, 1, 0, 0
72400, 14629, 1, 0, 0
72500, 16929, 1, 0, 0
72600, 16960, 1, 0, 0
72700, 14202, 1, 0, 0
72800, 17561, 1, 0, 0
72900, 14491, 1, 0, 0
73000, 13062, 1, 0, 0
73101, 14914, 1, 0, 0
73200, 13470, 1, 0, 0
73300, 19225, 1, 0, 0
73400, 14038, 1, 0, 0
73501, 14313, 1, 0, 0
73601, 16732, 1, 0, 0
73700, 13887, 1, 0, 0
73800, 16879, 1, 0, 0
73900, 15682, 1, 0, 0
74000, 13645, 1, 0, 0
74100, 15284, 1, 0, 0
74200, 18507, 1, 0, 0
74301, 17802, 1, 0, 0
74400, 16866, 1, 0, 0
74500, 14299, 1, 0, 0
74600, 17193, 1, 0, 0
74700, 15605, 1, 0, 0
74800, 20788, 1, 0, 0
74900, 17494, 1, 0, 0
75000, 14423, 1, 0, 0
75100, 14546, 1, 0, 0
75200, 13172, 1, 0, 0
75300, 15922, 1, 0, 0
75400, 18050, 1, 0, 0
75500, 18309, 1, 0, 0
75600, 15253, 1, 0, 0
75701, 14571, 1, 0, 0
75800, 15871, 1, 0, 0
75900, 14798, 1, 0, 0
76000, 17017, 1, 0, 0
76101, 17345, 1, 0, 0
76200, 14796, 1, 0, 0
76300, 14270, 1, 0, 0
76400, 17443, 1, 0, 0
76500, 13797, 1, 0, 0
76601, 16800, 1, 0, 0
76700, 17623, 1, 0, 0
76800, 17229, 1, 0, 0
76900, 18252, 1, 0, 0
77000, 14375, 1, 0, 0
77100, 16257, 1, 0, 0
77200, 19207, 1, 0, 0
77300, 16066, 1, 0, 0
77400, 21150, 1, 0, 0
77500, 18845, 1, 0, 0
77601, 20666, 1, 0, 0
77700, 16139, 1, 0, 0
77800, 16907, 1, 0, 0
77900, 14901, 1, 0, 0
78000, 13740, 1, 0, 0
78100, 17273, 1, 0, 0
78200, 17413, 1, 0, 0
78300, 16133, 1, 0, 0
78400, 15604, 1, 0, 0
78500, 17775, 1, 0, 0
78601, 15072, 1, 0, 0
78700, 13978, 1, 0, 0
78800, 13572, 1, 0, 0
78900, 17873, 1, 0, 0
79000, 17012, 1, 0, 0
79100, 15906, 1, 0, 0
79201, 19532, 1, 0, 0
79300, 13613, 1, 0, 0
79400, 18216, 1, 0, 0
79500, 13434, 1, 0, 0
79602, 13822, 1, 0, 0
79700, 13428, 1, 0, 0
79801, 19125, 1, 0, 0
79900, 17702, 1, 0, 0
80000, 14876, 1, 0, 0
80100, 21466, 1, 0, 0
80200, 19279, 1, 0, 0
80300, 14707, 1, 0, 0
80400, 16346, 1, 0, 0
80501, 12897, 1, 0, 0
80600, 15772, 1, 0, 0
80700, 14704, 1, 0, 0
80800, 17695, 1, 0, 0
80900, 14181, 1, 0, 0
81000, 16921, 1, 0, 0
81100, 13330, 1, 0, 0
81200, 14377, 1, 0, 0
81300, 16572, 1, 0, 0
81400, 19438, 1, 0, 0
81500, 14252, 1, 0, 0
81600, 14397, 1, 0, 0
81700, 16169, 1, 0, 0
81800, 18005, 1, 0, 0
81900, 14085, 1, 0, 0
82000, 15743, 1, 0, 0
82101, 15870, 1, 0, 0
82200, 15209, 1, 0, 0
82300, 16444, 1, 0, 0
82400, 14210, 1, 0, 0
82501, 14482, 1, 0, 0
82600, 15458, 1, 0, 0
82701, 16477, 1, 0, 0
82800, 14268, 1, 0, 0
82900, 15079, 1, 0, 0
83001, 15778, 1, 0, 0
83100, 15855, 1, 0, 0
83200, 14715, 1, 0, 0
83300, 16713, 1, 0, 0
83400, 16169, 1, 0, 0
83501, 14235, 1, 0, 0
83600, 13607, 1, 0, 0
83700, 18279, 1, 0, 0
83800, 16747, 1, 0, 0
83900, 15546, 1, 0, 0
84000, 16584, 1, 0, 0
84100, 15362, 1, 0, 0
84200, 15442, 1, 0, 0
84301, 17163, 1, 0, 0
84400, 14920, 1, 0, 0
84501, 18848, 1, 0, 0
84600, 15610, 1, 0, 0
84700, 17164, 1, 0, 0
84800, 18165, 1, 0, 0
84900, 13830, 1, 0, 0
85000, 16229, 1, 0, 0
85101, 12804, 1, 0, 0
85200, 16126, 1, 0, 0
85301, 19134, 1, 0, 0
85400, 15780, 1, 0, 0
85501, 14376, 1, 0, 0
85600, 19380, 1, 0, 0
85700, 15195, 1, 0, 0
85800, 16057, 1, 0, 0
85900, 16530, 1, 0, 0
86000, 17600, 1, 0, 0
86100, 16962, 1, 0, 0
86200, 12839, 1, 0, 0
86300, 19464, 1, 0, 0
86400, 19636, 1, 0, 0
86500, 13287, 1, 0, 0
86600, 15067, 1, 0, 0
86700, 14464, 1, 0, 0
86800, 16237, 1, 0, 0
86900, 15839, 1, 0, 0
87000, 19555, 1, 0, 0
87101, 13843, 1, 0, 0
87200, 20106, 1, 0, 0
87301, 14699, 1, 0, 0
87400, 15578, 1, 0, 0
87500, 15011, 1, 0, 0
87600, 19837, 1, 0, 0
87701, 16559, 1, 0, 0
87800, 16022, 1, 0, 0
87902, 17927, 1, 0, 0
88000, 14915, 1, 0, 0
88100, 13618, 1, 0, 0
88200, 14678, 1, 0, 0
88300, 13740, 1, 0, 0
88400, 13797, 1, 0, 0
88500, 14817, 1, 0, 0
88600, 16168, 1, 0, 0
88700, 13768, 1, 0, 0
88801, 14104, 1, 0, 0
88900, 14221, 1, 0, 0
89000, 17131, 1, 0, 0
89100, 18133, 1, 0, 0
89200, 14316, 1, 0, 0
89301, 17601, 1, 0, 0
89400, 17938, 1, 0, 0
89500, 17996, 1, 0, 0
89600, 16455, 1, 0, 0
89700, 18487, 1, 0, 0
89800, 16654, 1, 0, 0
89900, 14453, 1, 0, 0
90000, 16837, 1, 0, 0
90100, 14456, 1, 0, 0
90200, 21298, 1, 0, 0
90300, 18587, 1, 0, 0
90401, 18618, 1, 0, 0
90500, 15578, 1, 0, 0
90600, 20237, 1, 0, 0
90700, 20838, 1, 0, 0
90801, 19669, 1, 0, 0
90900, 13649, 1, 0, 0
91001, 17348, 1, 0, 0
91100, 16796, 1, 0, 0
91200, 15150, 1, 0, 0
91300, 16628, 1, 0, 0
91401, 19503, 1, 0, 0
91501, 16586, 1, 0, 0
91600, 17296, 1, 0, 0
91700, 16099, 1, 0, 0
91800, 15625, 1, 0, 0
91900, 14467, 1, 0, 0
92000, 16227, 1, 0, 0
92101, 14665, 1, 0, 0
92201, 15433, 1, 0, 0
92300, 17658, 1, 0, 0
92400, 16102, 1, 0, 0
92501, 17842, 1, 0, 0
92600, 15554, 1, 0, 0
92700, 17042, 1, 0, 0
92800, 17627, 1, 0, 0
92900, 14057, 1, 0, 0
93000, 14543, 1, 0, 0
93100, 15313, 1, 0, 0
93200, 19946, 1, 0, 0
93300, 19527, 1, 0, 0
93400, 17172, 1, 0, 0
93500, 16069, 1, 0, 0
93600, 15987, 1, 0, 0
93700, 14437, 1, 0, 0
93800, 16884, 1, 0, 0
93900, 19057, 1, 0, 0
94000, 17039, 1, 0, 0
94101, 17871, 1, 0, 0
94200, 13817, 1, 0, 0
94300, 12954, 1, 0, 0
94400, 13287, 1, 0, 0
94501, 14926, 1, 0, 0
94600, 17307, 1, 0, 0
94700, 16770, 1, 0, 0
94801, 14381, 1, 0, 0
94900, 14736, 1, 0, 0
95000, 15612, 1, 0, 0
95100, 15174, 1, 0, 0
95201, 14487, 1, 0, 0
95301, 19852, 1, 0, 0
95400, 19009, 1, 0, 0
95500, 16526, 1, 0, 0
95600, 15931, 1, 0, 0
95700, 15957, 1, 0, 0
95801, 18189, 1, 0, 0
95900, 13079, 1, 0, 0
96000, 15027, 1, 0, 0
96101, 17835, 1, 0, 0
96200, 20780, 1, 0, 0
96300, 18373, 1, 0, 0
96400, 15320, 1, 0, 0
96500, 14921, 1, 0, 0
96600, 19374, 1, 0, 0
96700, 15093, 1, 0, 0
96800, 15490, 1, 0, 0
96900, 18971, 1, 0, 0
97000, 19138, 1, 0, 0
97100, 14807, 1, 0, 0
97200, 14569, 1, 0, 0
97300, 17898, 1, 0, 0
97400, 15292, 1, 0, 0
97500, 15866, 1, 0, 0
97601, 13734, 1, 0, 0
97700, 18468, 1, 0, 0
97800, 18102, 1, 0, 0
97900, 15323, 1, 0, 0
98000, 15905, 1, 0, 0
98100, 18011, 1, 0, 0
98200, 17325, 1, 0, 0
98300, 14855, 1, 0, 0
98401, 19085, 1, 0, 0
98500, 14212, 1, 0, 0
98600, 19659, 1, 0, 0
98700, 16309, 1, 0, 0
98800, 17626, 1, 0, 0
98900, 14247, 1, 0, 0
99000, 15460, 1, 0, 0
99100, 14325, 1, 0, 0
99201, 17446, 1, 0, 0
99300, 15540, 1, 0, 0
99400, 13150, 1, 0, 0
99500, 17276, 1, 0, 0
99600, 17083, 1, 0, 0
99701, 14519, 1, 0, 0
99800, 18857, 1, 0, 0
99900, 17943, 1, 0, 0
100000, 15768, 1, 0, 0
100100, 15424, 1, 0, 0
100200, 13860, 1, 0, 0
100301, 13566, 1, 0, 0
100400, 17903, 1, 0, 0
100500, 15165, 1, 0, 0
100600, 14508, 1, 0, 0
100700, 15939, 1, 0, 0
100800, 20281, 1, 0, 0
100900, 17354, 1, 0, 0
101000, 16209, 1, 0, 0
101100, 16122, 1, 0, 0
101200, 16980, 1, 0, 0
101300, 20547, 1, 0, 0
101400, 20037, 1, 0, 0
101500, 20184, 1, 0, 0
101600, 18582, 1, 0, 0
101700, 14868, 1, 0, 0
101800, 17739, 1, 0, 0
101901, 20497, 1, 0, 0
102001, 16881, 1, 0, 0
102101, 18644, 1, 0, 0
102200, 16286, 1, 0, 0
102300, 16615, 1, 0, 0
102401, 17121, 1, 0, 0
102500, 14993, 1, 0, 0
102600, 17726, 1, 0, 0
102700, 18736, 1, 0, 0
102800, 15727, 1, 0, 0
102901, 18049, 1, 0, 0
103000, 15857, 1, 0, 0
103101, 15091, 1, 0, 0
103201, 17904, 1, 0, 0
103300, 15636, 1, 0, 0
103400, 15676, 1, 0, 0
103500, 16315, 1, 0, 0
103600, 18237, 1, 0, 0
103700, 17017, 1, 0, 0
103801, 16714, 1, 0, 0
103900, 15267, 1, 0, 0
104000, 19992, 1, 0, 0
104100, 21924, 1, 0, 0
104200, 15174, 1, 0, 0
104300, 15580, 1, 0, 0
104401, 15254, 1, 0, 0
104500, 13412, 1, 0, 0
104601, 13674, 1, 0, 0
104700, 16641, 1, 0, 0
104800, 19568, 1, 0, 0
104900, 20004, 1, 0, 0
105000, 16894, 1, 0, 0
105100, 17904, 1, 0, 0
105200, 13611, 1, 0, 0
105300, 13932, 1, 0, 0
105400, 16115, 1, 0, 0
105500, 12309, 1, 0, 0
105600, 13422, 1, 0, 0
105701, 17585, 1, 0, 0
105800, 16482, 1, 0, 0
105900, 16285, 1, 0, 0
106000, 17123, 1, 0, 0
106100, 20684, 1, 0, 0
106200, 15713, 1, 0, 0
106300, 15872, 1, 0, 0
106400, 14782, 1, 0, 0
106500, 13334, 1, 0, 0
106600, 15164, 1, 0, 0
106700, 18319, 1, 0, 0
106800, 19102, 1, 0, 0
106901, 16424, 1, 0, 0
107001, 15558, 1, 0, 0
107100, 13629, 1, 0, 0
107201, 17341, 1, 0, 0
107300, 14774, 1, 0, 0
107400, 17482, 1, 0, 0
107500, 16607, 1, 0, 0
107600, 17908, 1, 0, 0
107700, 14884, 1, 0, 0
107800, 17638, 1, 0, 0
107900, 18479, 1, 0, 0
108000, 14742, 1, 0, 0
108100, 16905, 1, 0, 0
108200, 19775, 1, 0, 0
108300, 15232, 1, 0, 0
108400, 15366, 1, 0, 0
108500, 17125, 1, 0, 0
108600, 19056, 1, 0, 0
108700, 16551, 1, 0, 0
108800, 16637, 1, 0, 0
108900, 14924, 1, 0, 0
109000, 17077, 1, 0, 0
109100, 18421, 1, 0, 0
109200, 15113, 1, 0, 0
109300, 14662, 1, 0, 0
109400, 13553, 1, 0, 0
109500, 15375, 1, 0, 0
109600, 14499, 1, 0, 0
109700, 14409, 1, 0, 0
109800, 13944, 1, 0, 0
109900, 15381, 1, 0, 0
110000, 13894, 1, 0, 0
110100, 15665, 1, 0, 0
110200, 14564, 1, 0, 0
110300, 16022, 1, 0, 0
110400, 17415, 1, 0, 0
110501, 16799, 1, 0, 0
110601, 15924, 1, 0, 0
110700, 14992, 1, 0, 0
110800, 17288, 1, 0, 0
110900, 16935, 1, 0, 0
111000, 16851, 1, 0, 0
111100, 18786, 1, 0, 0
111200, 14513, 1, 0, 0
111301, 18934, 1, 0, 0
111400, 16029, 1, 0, 0
111500, 16528, 1, 0, 0
111601, 17055, 1, 0, 0
111701, 13793, 1, 0, 0
111801, 13558, 1, 0, 0
111900, 14963, 1, 0, 0
112000, 14407, 1, 0, 0
112101, 14539, 1, 0, 0
112200, 16100, 1, 0, 0
112301, 13531, 1, 0, 0
112400, 18665, 1, 0, 0
112500, 14954, 1, 0, 0
112600, 16569, 1, 0, 0
112700, 16538, 1, 0, 0
112800, 13961, 1, 0, 0
112900, 15992, 1, 0, 0
113001, 14701, 1, 0, 0
113100, 16695, 1, 0, 0
113200, 13643, 1, 0, 0
113300, 15446, 1, 0, 0
113400, 14433, 1, 0, 0
113500, 15408, 1, 0, 0
113600, 16169, 1, 0, 0
113700, 17678, 1, 0, 0
113800, 17839, 1, 0, 0
113900, 18141, 1, 0, 0
114000, 17889, 1, 0, 0
114100, 18309, 1, 0, 0
114200, 13091, 1, 0, 0
114300, 17095, 1, 0, 0
114400, 14716, 1, 0, 0
114501, 15881, 1, 0, 0
114600, 12888, 1, 0, 0
114701, 13481, 1, 0, 0
114800, 14860, 1, 0, 0
114900, 17078, 1, 0, 0
115000, 16733, 1, 0, 0
115100, 14007, 1, 0, 0
115200, 19000, 1, 0, 0
115300, 13998, 1, 0, 0
115401, 16747, 1, 0, 0
115500, 14440, 1, 0, 0
115600, 14893, 1, 0, 0
115700, 15576, 1, 0, 0
115800, 14128, 1, 0, 0
115900, 14730, 1, 0, 0
116000, 16363, 1, 0, 0
116100, 16503, 1, 0, 0
116200, 13719, 1, 0, 0
116300, 15853, 1, 0, 0
116400, 14149, 1, 0, 0
116501, 17961, 1, 0, 0
116600, 14579, 1, 0, 0
116701, 16068, 1, 0, 0
116800, 17266, 1, 0, 0
116900, 17508, 1, 0, 0
117000, 13278, 1, 0, 0
117100, 15336, 1, 0, 0
117200, 18984, 1, 0, 0
117300, 14864, 1, 0, 0
117400, 17675, 1, 0, 0
117500, 14772, 1, 0, 0
117600, 15015, 1, 0, 0
117701, 16344, 1, 0, 0
117800, 13803, 1, 0, 0
117900, 13187, 1, 0, 0
118000, 14093, 1, 0, 0
118100, 12357, 1, 0, 0
118200, 19295, 1, 0, 0
118300, 14080, 1, 0, 0
118400, 17919, 1, 0, 0
118500, 17357, 1, 0, 0
118600, 16310, 1, 0, 0
118700, 15215, 1, 0, 0
118800, 12899, 1, 0, 0
118900, 15465, 1, 0, 0
119000, 16554, 1, 0, 0
119101, 16753, 1, 0, 0
119200, 14919, 1, 0, 0
119300, 17548, 1, 0, 0
119400, 14519, 1, 0, 0
119500, 16989, 1, 0, 0
119600, 17567, 1, 0, 0
119700, 20262, 1, 0, 0
119800, 17494, 1, 0, 0
119900, 14490, 1, 0, 0
120000, 16160, 1, 0, 0
120100, 15040, 1, 0, 0
120200, 16758, 1, 0, 0
120301, 13785, 1, 0, 0
120400, 13841, 1, 0, 0
120500, 17322, 1, 0, 0
120600, 15662, 1, 0, 0
120700, 14816, 1, 0, 0
120801, 13574, 1, 0, 0
120900, 15429, 1, 0, 0
121000, 15394, 1, 0, 0
121100, 13647, 1, 0, 0
121200, 15108, 1, 0, 0
121300, 11971, 1, 0, 0
121400, 17283, 1, 0, 0
121500, 16610, 1, 0, 0
121601, 15430, 1, 0, 0
121701, 13038, 1, 0, 0
121800, 14032, 1, 0, 0
121901, 19757, 1, 0, 0
122000, 14609, 1, 0, 0
122100, 15818, 1, 0, 0
122200, 14261, 1, 0, 0
122300, 13482, 1, 0, 0
122400, 17370, 1, 0, 0
122500, 11176, 1, 0, 0
122600, 13802, 1, 0, 0
122700, 15167, 1, 0, 0
122800, 17350, 1, 0, 0
122900, 16012, 1, 0, 0
123000, 18634, 1, 0, 0
123100, 13891, 1, 0, 0
123200, 13609, 1, 0, 0
123300, 15477, 1, 0, 0
123400, 16471, 1, 0, 0
123501, 13111, 1, 0, 0
123600, 14352, 1, 0, 0
123700, 13502, 1, 0, 0
123801, 14845, 1, 0, 0
123900, 16358, 1, 0, 0
124000, 14563, 1, 0, 0
124100, 14632, 1, 0, 0
124200, 13653, 1, 0, 0
124300, 13173, 1, 0, 0
124400, 13980, 1, 0, 0
124500, 13003, 1, 0, 0
124600, 16323, 1, 0, 0
124700, 16496, 1, 0, 0
124800, 16810, 1, 0, 0
124900, 17457, 1, 0, 0
125000, 14907, 1, 0, 0
125100, 14599, 1, 0, 0
125200, 15250, 1, 0, 0
125300, 16251, 1, 0, 0
125400, 14948, 1, 0, 0
125500, 17740, 1, 0, 0
125600, 14364, 1, 0, 0
125700, 15192, 1, 0, 0
125800, 16813, 1, 0, 0
125900, 19278, 1, 0, 0
126000, 18973, 1, 0, 0
126100, 19911, 1, 0, 0
126200, 13775, 1, 0, 0
126300, 13838, 1, 0, 0
126400, 14928, 1, 0, 0
126501, 13887, 1, 0, 0
126600, 14452, 1, 0, 0
126700, 16980, 1, 0, 0
126800, 15752, 1, 0, 0
126900, 15965, 1, 0, 0
127000, 14749, 1, 0, 0
127100, 13656, 1, 0, 0
127200, 16986, 1, 0, 0
127300, 15028, 1, 0, 0
127400, 15200, 1, 0, 0
127500, 15176, 1, 0, 0
127600, 15201, 1, 0, 0
127700, 14929, 1, 0, 0
127800, 18849, 1, 0, 0
127901, 18818, 1, 0, 0
128000, 15253, 1, 0, 0
128100, 14907, 1, 0, 0
128200, 15609, 1, 0, 0
128300, 15269, 1, 0, 0
128401, 13284, 1, 0, 0
128500, 16377, 1, 0, 0
128600, 14196, 1, 0, 0
128700, 13325, 1, 0, 0
128800, 15740, 1, 0, 0
128900, 18889, 1, 0, 0
129000, 18611, 1, 0, 0
129100, 17078, 1, 0, 0
129201, 14094, 1, 0, 0
129300, 19091, 1, 0, 0
129402, 14353, 1, 0, 0
129500, 18094, 1, 0, 0
129600, 16006, 1, 0, 0
129702, 18573, 1, 0, 0
129800, 18319, 1, 0, 0
129900, 17135, 1, 0, 0
130000, 16464, 1, 0, 0
130100, 14799, 1, 0, 0
130200, 16568, 1, 0, 0
130300, 15420, 1, 0, 0
130400, 17396, 1, 0, 0
130501, 17718, 1, 0, 0
130600, 13631, 1, 0, 0
130700, 17453, 1, 0, 0
130800, 13126, 1, 0, 0
130900, 16650, 1, 0, 0
131000, 14904, 1, 0, 0
131100, 13800, 1, 0, 0
131200, 18620, 1, 0, 0
131300, 18055, 1, 0, 0
131400, 17818, 1, 0, 0
131500, 14491, 1, 0, 0
131600, 17734, 1, 0, 0
131700, 13411, 1, 0, 0
131800, 16309, 1, 0, 0
131900, 18302, 1, 0, 0
132000, 16067, 1, 0, 0
132100, 18104, 1, 0, 0
132201, 16228, 1, 0, 0
132300, 15587, 1, 0, 0
132400, 15873, 1, 0, 0
132500, 13735, 1, 0, 0
132600, 18532, 1, 0, 0
132700, 15979, 1, 0, 0
132800, 18974, 1, 0, 0
132900, 16111, 1, 0, 0
133000, 17010, 1, 0, 0
133100, 17085, 1, 0, 0
133200, 16621, 1, 0, 0
133300, 16367, 1, 0, 0
133401, 13934, 1, 0, 0
133500, 14157, 1, 0, 0
133600, 17863, 1, 0, 0
133700, 14867, 1, 0, 0
133801, 15410, 1, 0, 0
133900, 17506, 1, 0, 0
134000, 19432, 1, 0, 0
134100, 17782, 1, 0, 0
134201, 17208, 1, 0, 0
134301, 16421, 1, 0, 0
134400, 14890, 1, 0, 0
134501, 16342, 1, 0, 0
134600, 14944, 1, 0, 0
134700, 16306, 1, 0, 0
134800, 15081, 1, 0, 0
134900, 18485, 1, 0, 0
135000, 14841, 1, 0, 0
135100, 14218, 1, 0, 0
135200, 13607, 1, 0, 0
135300, 15012, 1, 0, 0
135400, 13859, 1, 0, 0
135500, 14522, 1, 0, 0
135600, 17575, 1, 0, 0
135701, 13753, 1, 0, 0
135800, 15205, 1, 0, 0
135900, 18045, 1, 0, 0
136000, 15109, 1, 0, 0
136100, 17901, 1, 0, 0
136200, 19430, 1, 0, 0
136300, 15133, 1, 0, 0
136400, 13118, 1, 0, 0
136500, 13527, 1, 0, 0
136601, 15039, 1, 0, 0
136701, 13581, 1, 0, 0
136801, 14794, 1, 0, 0
136900, 14479, 1, 0, 0
137001, 13424, 1, 0, 0
137100, 14334, 1, 0, 0
137200, 14409, 1, 0, 0
137300, 15866, 1, 0, 0
137400, 16419, 1, 0, 0
137500, 13137, 1, 0, 0
137600, 17298, 1, 0, 0
137700, 18370, 1, 0, 0
137800, 17171, 1, 0, 0
137901, 19605, 1, 0, 0
138000, 21052, 1, 0, 0
138100, 16688, 1, 0, 0
138200, 16736, 1, 0, 0
138301, 16141, 1, 0, 0
138400, 19348, 1, 0, 0
138500, 14998, 1, 0, 0
138600, 17747, 1, 0, 0
138700, 15421, 1, 0, 0
138800, 13514, 1, 0, 0
138900, 15491, 1, 0, 0
139000, 16198, 1, 0, 0
139100, 20331, 1, 0, 0
139200, 16073, 1, 0, 0
139300, 13381, 1, 0, 0
139400, 13308, 1, 0, 0
139500, 19793, 1, 0, 0
139600, 17840, 1, 0, 0
139700, 14163, 1, 0, 0
139800, 15293, 1, 0, 0
139900, 16632, 1, 0, 0
140000, 16872, 1, 0, 0
140100, 18983, 1, 0, 0
140200, 16075, 1, 0, 0
140300, 13968, 1, 0, 0
140402, 14818, 1, 0, 0
140500, 16647, 1, 0, 0
140600, 15293, 1, 0, 0
140700, 17780, 1, 0, 0
140800, 19607, 1, 0, 0
140900, 16499, 1, 0, 0
141000, 18795, 1, 0, 0
141100, 14909, 1, 0, 0
141200, 18263, 1, 0, 0
141300, 15951, 1, 0, 0
141400, 14058, 1, 0, 0
141500, 15669, 1, 0, 0
141600, 20873, 1, 0, 0
141700, 18248, 1, 0, 0
141800, 14537, 1, 0, 0
141901, 13475, 1, 0, 0
142000, 18188, 1, 0, 0
142101, 15275, 1, 0, 0
142200, 14762, 1, 0, 0
142300, 19118, 1, 0, 0
142400, 15456, 1, 0, 0
142500, 13452, 1, 0, 0
142600, 16449, 1, 0, 0
142700, 14197, 1, 0, 0
142800, 15313, 1, 0, 0
142900, 14313, 1, 0, 0
143000, 16058, 1, 0, 0
143101, 13799, 1, 0, 0
143200, 16391, 1, 0, 0
143300, 17155, 1, 0, 0
143400, 14442, 1, 0, 0
143501, 16907, 1, 0, 0
143600, 14923, 1, 0, 0
143700, 16714, 1, 0, 0
143800, 17486, 1, 0, 0
143901, 14016, 1, 0, 0
144002, 15407, 1, 0, 0
144100, 16352, 1, 0, 0
144200, 21930, 1, 0, 0
144300, 17099, 1, 0, 0
144400, 16458, 1, 0, 0
144500, 13176, 1, 0, 0
144600, 14186, 1, 0, 0
144700, 16586, 1, 0, 0
144801, 15759, 1, 0, 0
144900, 13970, 1, 0, 0
145000, 17128, 1, 0, 0
145100, 13594, 1, 0, 0
145201, 13873, 1, 0, 0
145300, 16350, 1, 0, 0
145401, 15351, 1, 0, 0
145500, 14031, 1, 0, 0
145600, 15982, 1, 0, 0
145700, 14676, 1, 0, 0
145800, 16696, 1, 0, 0
145900, 15188, 1, 0, 0
146000, 16044, 1, 0, 0
146100, 17810, 1, 0, 0
146200, 15696, 1, 0, 0
146300, 16915, 1, 0, 0
146400, 15135, 1, 0, 0
146500, 15417, 1, 0, 0
146600, 17672, 1, 0, 0
146700, 15120, 1, 0, 0
146800, 13090, 1, 0, 0
146900, 14123, 1, 0, 0
147001, 15379, 1, 0, 0
147100, 18257, 1, 0, 0
147200, 16518, 1, 0, 0
147300, 13240, 1, 0, 0
147400, 16072, 1, 0, 0
147500, 13682, 1, 0, 0
147600, 13565, 1, 0, 0
147701, 15513, 1, 0, 0
147800, 15136, 1, 0, 0
147900, 13429, 1, 0, 0
148000, 14232, 1, 0, 0
148100, 18379, 1, 0, 0
148200, 15854, 1, 0, 0
148300, 17885, 1, 0, 0
148400, 19601, 1, 0, 0
148500, 17121, 1, 0, 0
148600, 14239, 1, 0, 0
148700, 18690, 1, 0, 0
148800, 13382, 1, 0, 0
148900, 17817, 1, 0, 0
149000, 15976, 1, 0, 0
149100, 18655, 1, 0, 0
149200, 16732, 1, 0, 0
149300, 17053, 1, 0, 0
149400, 15100, 1, 0, 0
149500, 15342, 1, 0, 0
149600, 16148, 1, 0, 0
149700, 13139, 1, 0, 0
149800, 18541, 1, 0, 0
149900, 15267, 1, 0, 0
150000, 13880, 1, 0, 0
150101, 15359, 1, 0, 0
150200, 13042, 1, 0, 0
150300, 13353, 1, 0, 0
150400, 15188, 1, 0, 0
150500, 18434, 1, 0, 0
150600, 19400, 1, 0, 0
150700, 14045, 1, 0, 0
150800, 14711, 1, 0, 0
150900, 15051, 1, 0, 0
151000, 14667, 1, 0, 0
151100, 15036, 1, 0, 0
151200, 15186, 1, 0, 0
151300, 17795, 1, 0, 0
151400, 17401, 1, 0, 0
151500, 14234, 1, 0, 0
151600, 13505, 1, 0, 0
151700, 18879, 1, 0, 0
151800, 14331, 1, 0, 0
151900, 15656, 1, 0, 0
152000, 14680, 1, 0, 0
152100, 15706, 1, 0, 0
152200, 13641, 1, 0, 0
152301, 13854, 1, 0, 0
152400, 13185, 1, 0, 0
152500, 14740, 1, 0, 0
152600, 15450, 1, 0, 0
152700, 16618, 1, 0, 0
152800, 18772, 1, 0, 0
152900, 16862, 1, 0, 0
153000, 16789, 1, 0, 0
153100, 17278, 1, 0, 0
153200, 17429, 1, 0, 0
153300, 16256, 1, 0, 0
153400, 15869, 1, 0, 0
153500, 14740, 1, 0, 0
153600, 16827, 1, 0, 0
153700, 12859, 1, 0, 0
153800, 16618, 1, 0, 0
153900, 15836, 1, 0, 0
154001, 14683, 1, 0, 0
154100, 17714, 1, 0, 0
154200, 15208, 1, 0, 0
154300, 18629, 1, 0, 0
154400, 15760, 1, 0, 0
154500, 15428, 1, 0, 0
154600, 14376, 1, 0, 0
154700, 14399, 1, 0, 0
154800, 20244, 1, 0, 0
154900, 16364, 1, 0, 0
155000, 13330, 1, 0, 0
155100, 16979, 1, 0, 0
155200, 13467, 1, 0, 0
155300, 15952, 1, 0, 0
155401, 20713, 1, 0, 0
155500, 17918, 1, 0, 0
155600, 17493, 1, 0, 0
155700, 15624, 1, 0, 0
155800, 17749, 1, 0, 0
155900, 15099, 1, 0, 0
156000, 17215, 1, 0, 0
156102, 17874, 1, 0, 0
156200, 20164, 1, 0, 0
156300, 16609, 1, 0, 0
156400, 16316, 1, 0, 0
156500, 15318, 1, 0, 0
156600, 15266, 1, 0, 0
156700, 13963, 1, 0, 0
156800, 17110, 1, 0, 0
156900, 19377, 1, 0, 0
157000, 15722, 1, 0, 0
157100, 18580, 1, 0, 0
157200, 17567, 1, 0, 0
157300, 15804, 1, 0, 0
157400, 17457, 1, 0, 0
157500, 16843, 1, 0, 0
157600, 17621, 1, 0, 0
157700, 17326, 1, 0, 0
157800, 15559, 1, 0, 0
157901, 16928, 1, 0, 0
158000, 19316, 1, 0, 0
158100, 17093, 1, 0, 0
158201, 16605, 1, 0, 0
158300, 14729, 1, 0, 0
158400, 13936, 1, 0, 0
158500, 14133, 1, 0, 0
158600, 18426, 1, 0, 0
158700, 14345, 1, 0, 0
158801, 15856, 1, 0, 0
158900, 15705, 1, 0, 0
159000, 16878, 1, 0, 0
159100, 15290, 1, 0, 0
159200, 15940, 1, 0, 0
159300, 18318, 1, 0, 0
159400, 17014, 1, 0, 0
159500, 16024, 1, 0, 0
159600, 15355, 1, 0, 0
159700, 14010, 1, 0, 0
159800, 13997, 1, 0, 0
159900, 17234, 1, 0, 0
160000, 14881, 1, 0, 0
160100, 13294, 1, 0, 0
160200, 18047, 1, 0, 0
160301, 15593, 1, 0, 0
160401, 14988, 1, 0, 0
160500, 15976, 1, 0, 0
160600, 15919, 1, 0, 0
160700, 13456, 1, 0, 0
160800, 13338, 1, 0, 0
160900, 17414, 1, 0, 0
161000, 16131, 1, 0, 0
161100, 16159, 1, 0, 0
161200, 13966, 1, 0, 0
161300, 15423, 1, 0, 0
161400, 15926, 1, 0, 0
161500, 19808, 1, 0, 0
161600, 14398, 1, 0, 0
161700, 14477, 1, 0, 0
161800, 15250, 1, 0, 0
161900, 15777, 1, 0, 0
162000, 16720, 1, 0, 0
162101, 14466, 1, 0, 0
162200, 16043, 1, 0, 0
162300, 13858, 1, 0, 0
162400, 16898, 1, 0, 0
162500, 15814, 1, 0, 0
162600, 16905, 1, 0, 0
162700, 17073, 1, 0, 0
162800, 19357, 1, 0, 0
162900, 17211, 1, 0, 0
163000, 15410, 1, 0, 0
163100, 20654, 1, 0, 0
163200, 18950, 1, 0, 0
163300, 17982, 1, 0, 0
163400, 20131, 1, 0, 0
163500, 18153, 1, 0, 0
163600, 15080, 1, 0, 0
163700, 17236, 1, 0, 0
163800, 18493, 1, 0, 0
163900, 14429, 1, 0, 0
164001, 18410, 1, 0, 0
164100, 16731, 1, 0, 0
164200, 15027, 1, 0, 0
164300, 16695, 1, 0, 0
164400, 18866, 1, 0, 0
164500, 16741, 1, 0, 0
164600, 14660, 1, 0, 0
164700, 15714, 1, 0, 0
164800, 15946, 1, 0, 0
164900, 19092, 1, 0, 0
165000, 17623, 1, 0, 0
165100, 19486, 1, 0, 0
165200, 16275, 1, 0, 0
165300, 16234, 1, 0, 0
165400, 16326, 1, 0, 0
165500, 14135, 1, 0, 0
165600, 16348, 1, 0, 0
165700, 15636, 1, 0, 0
165800, 13756, 1, 0, 0
165900, 15799, 1, 0, 0
166000, 16390, 1, 0, 0
166100, 14343, 1, 0, 0
166200, 13802, 1, 0, 0
166300, 16804, 1, 0, 0
166400, 13802, 1, 0, 0
166500, 16363, 1, 0, 0
166600, 17039, 1, 0, 0
166700, 18290, 1, 0, 0
166800, 18278, 1, 0, 0
166900, 15119, 1, 0, 0
167000, 16039, 1, 0, 0
167100, 13646, 1, 0, 0
167200, 13960, 1, 0, 0
167300, 14215, 1, 0, 0
167400, 12705, 1, 0, 0
167500, 14364, 1, 0, 0
167600, 18242, 1, 0, 0
167700, 16013, 1, 0, 0
167800, 15595, 1, 0, 0
167900, 13647, 1, 0, 0
168000, 14620, 1, 0, 0
168100, 15778, 1, 0, 0
168200, 13895, 1, 0, 0
168301, 16033, 1, 0, 0
168400, 16783, 1, 0, 0
168500, 17660, 1, 0, 0
168600, 15007, 1, 0, 0
168700, 15864, 1, 0, 0
168800, 15085, 1, 0, 0
168900, 17043, 1, 0, 0
169000, 16394, 1, 0, 0
169100, 17620, 1, 0, 0
169200, 16995, 1, 0, 0
169301, 16504, 1, 0, 0
169400, 15125, 1, 0, 0
169500, 20095, 1, 0, 0
169600, 14589, 1, 0, 0
169700, 19726, 1, 0, 0
169800, 15869, 1, 0, 0
169900, 12909, 1, 0, 0
170000, 12537, 1, 0, 0
170100, 16488, 1, 0, 0
170200, 17581, 1, 0, 0
170300, 19455, 1, 0, 0
170400, 14656, 1, 0, 0
170500, 15046, 1, 0, 0
170600, 15243, 1, 0, 0
170701, 17288, 1, 0, 0
170800, 14327, 1, 0, 0
170900, 15616, 1, 0, 0
171000, 13881, 1, 0, 0
171100, 20551, 1, 0, 0
171200, 12872, 1, 0, 0
171300, 16183, 1, 0, 0
171400, 15972, 1, 0, 0
171500, 15888, 1, 0, 0
171600, 16784, 1, 0, 0
171700, 15474, 1, 0, 0
171800, 15979, 1, 0, 0
171900, 16936, 1, 0, 0
172000, 16023, 1, 0, 0
172100, 15674, 1, 0, 0
172201, 14239, 1, 0, 0
172300, 19046, 1, 0, 0
172400, 14544, 1, 0, 0
172500, 18279, 1, 0, 0
172600, 13219, 1, 0, 0
172700, 15009, 1, 0, 0
172800, 16669, 1, 0, 0
172900, 17462, 1, 0, 0
173000, 15751, 1, 0, 0
173100, 17760, 1, 0, 0
173200, 16807, 1, 0, 0
173301, 16156, 1, 0, 0
173401, 15907, 1, 0, 0
173500, 13479, 1, 0, 0
173600, 17428, 1, 0, 0
173700, 17681, 1, 0, 0
173800, 13016, 1, 0, 0
173900, 14035, 1, 0, 0
174000, 13297, 1, 0, 0
174100, 13608, 1, 0, 0
174200, 15575, 1, 0, 0
174300, 18651, 1, 0, 0
174400, 17966, 1, 0, 0
174500, 15326, 1, 0, 0
174600, 17083, 1, 0, 0
174700, 13711, 1, 0, 0
174800, 16380, 1, 0, 0
174900, 12550, 1, 0, 0
175000, 15851, 1, 0, 0
175100, 15534, 1, 0, 0
175201, 14190, 1, 0, 0
175300, 16916, 1, 0, 0
175400, 17534, 1, 0, 0
175500, 15888, 1, 0, 0
175600, 18231, 1, 0, 0
175700, 16588, 1, 0, 0
175800, 13076, 1, 0, 0
175900, 14034, 1, 0, 0
176000, 18321, 1, 0, 0
176100, 15698, 1, 0, 0
176200, 14568, 1, 0, 0
176300, 17838, 1, 0, 0
176400, 16195, 1, 0, 0
176500, 14736, 1, 0, 0
176600, 16714, 1, 0, 0
176700, 15565, 1, 0, 0
176800, 19238, 1, 0, 0
176901, 16075, 1, 0, 0
177000, 17163, 1, 0, 0
177100, 15396, 1, 0, 0
177200, 17286, 1, 0, 0
177300, 17752, 1, 0, 0
177400, 15982, 1, 0, 0
177500, 16635, 1, 0, 0
177600, 16289, 1, 0, 0
177700, 14112, 1, 0, 0
177801, 12834, 1, 0, 0
177901, 16770, 1, 0, 0
178000, 16377, 1, 0, 0
178100, 14498, 1, 0, 0
178200, 14796, 1, 0, 0
178300, 17080, 1, 0, 0
178400, 14870, 1, 0, 0
178500, 15088, 1, 0, 0
178601, 13920, 1, 0, 0
178700, 13540, 1, 0, 0
178800, 18643, 1, 0, 0
178900, 16516, 1, 0, 0
179000, 14542, 1, 0, 0
179100, 13741, 1, 0, 0
179200, 15050, 1, 0, 0
179300, 14047, 1, 0, 0
179400, 14197, 1, 0, 0
179500, 16691, 1, 0, 0
179600, 13965, 1, 0, 0
179700, 13159, 1, 0, 0
179800, 16029, 1, 0, 0
179900, 15286, 1, 0, 0
180000, 15636, 1, 0, 0
180100, 14059, 1, 0, 0
180200, 15336, 1, 0, 0
180300, 15353, 1, 0, 0
180400, 14188, 1, 0, 0
180501, 17013, 1, 0, 0
180600, 16595, 1, 0, 0
180700, 16224, 1, 0, 0
180800, 13610, 1, 0, 0
180900, 16215, 1, 0, 0
181000, 19050, 1, 0, 0
181101, 14431, 1, 0, 0
181200, 13028, 1, 0, 0
181300, 15498, 1, 0, 0
181400, 18219, 1, 0, 0
181500, 15936, 1, 0, 0
181600, 17253, 1, 0, 0
181700, 15783, 1, 0, 0
181801, 15368, 1, 0, 0
181900, 13221, 1, 0, 0
182000, 16260, 1, 0, 0
182100, 17162, 1, 0, 0
182201, 12921, 1, 0, 0
182300, 15910, 1, 0, 0
182400, 14357, 1, 0, 0
182500, 15736, 1, 0, 0
182600, 12948, 1, 0, 0
182700, 13489, 1, 0, 0
182800, 16564, 1, 0, 0
182900, 17138, 1, 0, 0
183000, 16613, 1, 0, 0
183100, 15257, 1, 0, 0
183202, 17189, 1, 0, 0
183300, 16575, 1, 0, 0
183400, 15013, 1, 0, 0
183500, 15191, 1, 0, 0
183600, 15511, 1, 0, 0
183700, 14883, 1, 0, 0
183800, 13469, 1, 0, 0
183900, 20575, 1, 0, 0
184000, 13858, 1, 0, 0
184100, 13546, 1, 0, 0
184201, 15838, 1, 0, 0
184300, 17899, 1, 0, 0
184400, 14441, 1, 0, 0
184500, 18144, 1, 0, 0
184600, 13718, 1, 0, 0
184700, 13858, 1, 0, 0
184800, 15281, 1, 0, 0
184901, 13661, 1, 0, 0
185000, 14122, 1, 0, 0
185100, 14697, 1, 0, 0
185200, 16140, 1, 0, 0
185300, 15446, 1, 0, 0
185400, 13397, 1, 0, 0
185500, 17554, 1, 0, 0
185600, 15722, 1, 0, 0
185701, 16350, 1, 0, 0
185800, 14900, 1, 0, 0
185900, 16130, 1, 0, 0
186000, 13647, 1, 0, 0
186100, 13694, 1, 0, 0
186200, 13605, 1, 0, 0
186300, 14758, 1, 0, 0
186400, 14544, 1, 0, 0
186500, 16268, 1, 0, 0
186600, 14680, 1, 0, 0
186700, 13738, 1, 0, 0
186800, 13914, 1, 0, 0
186901, 13685, 1, 0, 0
187000, 15950, 1, 0, 0
187100, 16614, 1, 0, 0
187201, 15691, 1, 0, 0
187300, 13059, 1, 0, 0
187400, 16211, 1, 0, 0
187500, 16595, 1, 0, 0
187600, 14373, 1, 0, 0
187700, 16170, 1, 0, 0
187800, 16767, 1, 0, 0
187900, 17189, 1, 0, 0
188000, 14301, 1, 0, 0
188100, 14475, 1, 0, 0
188200, 17219, 1, 0, 0
188300, 16470, 1, 0, 0
188400, 14352, 1, 0, 0
188500, 13782, 1, 0, 0
188600, 14187, 1, 0, 0
188701, 14915, 1, 0, 0
188800, 14395, 1, 0, 0
188900, 15483, 1, 0, 0
189000, 15805, 1, 0, 0
189100, 16747, 1, 0, 0
189201, 18467, 1, 0, 0
189300, 15571, 1, 0, 0
189400, 17243, 1, 0, 0
189500, 18408, 1, 0, 0
189600, 16032, 1, 0, 0
189700, 16876, 1, 0, 0
189800, 13355, 1, 0, 0
189901, 18623, 1, 0, 0
190000, 16396, 1, 0, 0
190100, 13259, 1, 0, 0
190200, 14150, 1, 0, 0
190300, 14935, 1, 0, 0
190400, 13228, 1, 0, 0
190500, 16929, 1, 0, 0
190600, 18600, 1, 0, 0
190701, 16391, 1, 0, 0
190800, 18449, 1, 0, 0
190901, 13813, 1, 0, 0
191000, 13123, 1, 0, 0
191100, 15508, 1, 0, 0
191201, 18408, 1, 0, 0
191300, 17144, 1, 0, 0
191400, 12975, 1, 0, 0
191500, 14007, 1, 0, 0
191600, 16072, 1, 0, 0
191700, 16630, 1, 0, 0
191800, 17653, 1, 0, 0
191900, 13603, 1, 0, 0
192000, 14357, 1, 0, 0
192100, 18281, 1, 0, 0
192200, 20608, 1, 0, 0
192300, 17504, 1, 0, 0
192400, 14581, 1, 0, 0
192500, 15559, 1, 0, 0
192600, 16552, 1, 0, 0
192700, 16235, 1, 0, 0
192800, 17507, 1, 0, 0
192900, 15690, 1, 0, 0
193000, 15843, 1, 0, 0
193100, 15690, 1, 0, 0
193200, 16971, 1, 0, 0
193300, 16661, 1, 0, 0
193400, 16384, 1, 0, 0
193500, 16441, 1, 0, 0
193600, 15989, 1, 0, 0
193700, 16341, 1, 0, 0
193801, 16086, 1, 0, 0
193900, 14110, 1, 0, 0
194000, 17760, 1, 0, 0
194100, 16491, 1, 0, 0
194200, 14422, 1, 0, 0
194301, 13026, 1, 0, 0
194401, 13392, 1, 0, 0
194501, 12882, 1, 0, 0
194600, 15530, 1, 0, 0
194700, 14685, 1, 0, 0
194800, 14823, 1, 0, 0
194900, 14961, 1, 0, 0
195000, 16359, 1, 0, 0
195100, 14997, 1, 0, 0
195200, 15186, 1, 0, 0
195300, 16352, 1, 0, 0
195400, 15817, 1, 0, 0
195500, 15393, 1, 0, 0
195600, 14767, 1, 0, 0
195700, 17367, 1, 0, 0
195800, 17127, 1, 0, 0
195900, 16464, 1, 0, 0
196000, 14346, 1, 0, 0
196100, 15870, 1, 0, 0
196200, 15131, 1, 0, 0
196300, 16644, 1, 0, 0
196400, 16394, 1, 0, 0
196500, 15735, 1, 0, 0
196600, 15586, 1, 0, 0
196700, 14114, 1, 0, 0
196800, 16204, 1, 0, 0
196900, 16042, 1, 0, 0
197000, 14147, 1, 0, 0
197101, 16627, 1, 0, 0
197200, 17153, 1, 0, 0
197301, 15761, 1, 0, 0
197400, 14431, 1, 0, 0
197500, 14709, 1, 0, 0
197600, 16756, 1, 0, 0
197700, 14335, 1, 0, 0
197800, 17608, 1, 0, 0
197900, 14276, 1, 0, 0
198000, 16932, 1, 0, 0
198102, 13403, 1, 0, 0
198200, 17578, 1, 0, 0
198300, 13179, 1, 0, 0
198400, 13764, 1, 0, 0
198500, 13807, 1, 0, 0
198601, 13586, 1, 0, 0
198700, 21596, 1, 0, 0
198800, 18331, 1, 0, 0
198900, 15624, 1, 0, 0
199000, 17658, 1, 0, 0
199100, 16273, 1, 0, 0
199200, 17319, 1, 0, 0
199300, 15617, 1, 0, 0
199400, 14119, 1, 0, 0
199500, 16368, 1, 0, 0
199601, 16343, 1, 0, 0
199700, 17204, 1, 0, 0
199801, 18508, 1, 0, 0
199900, 18158, 1, 0, 0
200000, 14252, 1, 0, 0
200100, 15497, 1, 0, 0
200200, 14807, 1, 0, 0
200300, 15871, 1, 0, 0
200400, 14620, 1, 0, 0
200501, 18785, 1, 0, 0
200600, 18185, 1, 0, 0
200700, 14709, 1, 0, 0
200800, 15791, 1, 0, 0
200900, 14512, 1, 0, 0
201000, 16324, 1, 0, 0
201100, 16176, 1, 0, 0
201200, 15524, 1, 0, 0
201300, 15497, 1, 0, 0
201400, 16042, 1, 0, 0
201501, 17714, 1, 0, 0
201600, 15728, 1, 0, 0
201700, 17017, 1, 0, 0
201800, 13132, 1, 0, 0
201900, 16773, 1, 0, 0
202001, 14063, 1, 0, 0
202101, 15799, 1, 0, 0
202200, 15358, 1, 0, 0
202301, 16100, 1, 0, 0
202400, 15315, 1, 0, 0
202500, 17081, 1, 0, 0
202600, 17564, 1, 0, 0
202700, 16100, 1, 0, 0
202801, 17249, 1, 0, 0
202900, 18967, 1, 0, 0
203000, 13787, 1, 0, 0
203100, 16565, 1, 0, 0
203200, 12315, 1, 0, 0
203301, 14184, 1, 0, 0
203400, 13377, 1, 0, 0
203501, 15308, 1, 0, 0
203600, 17731, 1, 0, 0
203700, 16635, 1, 0, 0
203800, 13996, 1, 0, 0
203900, 15240, 1, 0, 0
204000, 15114, 1, 0, 0
204100, 17995, 1, 0, 0
204200, 18337, 1, 0, 0
204300, 15158, 1, 0, 0
204400, 14722, 1, 0, 0
204500, 15775, 1, 0, 0
204600, 13818, 1, 0, 0
204700, 16892, 1, 0, 0
204800, 18165, 1, 0, 0
204900, 15407, 1, 0, 0
205000, 15881, 1, 0, 0
205101, 13605, 1, 0, 0
205200, 15792, 1, 0, 0
205300, 16878, 1, 0, 0
205400, 14012, 1, 0, 0
205500, 14166, 1, 0, 0
205600, 15979, 1, 0, 0
205700, 16505, 1, 0, 0
205800, 15848, 1, 0, 0
205900, 16437, 1, 0, 0
206000, 17911, 1, 0, 0
206101, 15952, 1, 0, 0
206200, 13358, 1, 0, 0
206300, 15179, 1, 0, 0
206400, 16805, 1, 0, 0
206501, 15734, 1, 0, 0
206600, 17009, 1, 0, 0
206701, 18724, 1, 0, 0
206800, 20717, 1, 0, 0
206900, 17299, 1, 0, 0
207000, 14330, 1, 0, 0
207101, 13748, 1, 0, 0
207200, 17896, 1, 0, 0
207300, 18948, 1, 0, 0
207400, 15827, 1, 0, 0
207500, 16181, 1, 0, 0
207600, 16575, 1, 0, 0
207700, 18760, 1, 0, 0
207800, 15258, 1, 0, 0
207900, 18524, 1, 0, 0
208000, 18566, 1, 0, 0
208100, 14753, 1, 0, 0
208200, 15291, 1, 0, 0
208300, 15737, 1, 0, 0
208401, 14998, 1, 0, 0
208501, 17427, 1, 0, 0
208600, 15307, 1, 0, 0
208700, 14423, 1, 0, 0
208802, 15619, 1, 0, 0
208900, 16649, 1, 0, 0
209000, 19446, 1, 0, 0
209100, 13161, 1, 0, 0
209201, 13524, 1, 0, 0
209300, 16773, 1, 0, 0
209400, 20900, 1, 0, 0
209500, 15128, 1, 0, 0
209601, 13994, 1, 0, 0
209700, 12983, 1, 0, 0
209800, 18876, 1, 0, 0
209900, 18102, 1, 0, 0
210001, 18745, 1, 0, 0
210100, 16813, 1, 0, 0
210200, 12927, 1, 0, 0
210300, 15629, 1, 0, 0
210400, 18493, 1, 0, 0
210500, 14662, 1, 0, 0
210600, 21953, 1, 0, 0
210701, 13772, 1, 0, 0
210800, 15181, 1, 0, 0
210900, 16796, 1, 0, 0
211000, 13729, 1, 0, 0
211100, 16262, 1, 0, 0
211200, 16174, 1, 0, 0
211300, 13850, 1, 0, 0
211400, 15904, 1, 0, 0
211500, 13180, 1, 0, 0
211600, 14130, 1, 0, 0
211700, 14298, 1, 0, 0
211800, 13228, 1, 0, 0
211900, 16241, 1, 0, 0
212000, 13473, 1, 0, 0
212100, 13376, 1, 0, 0
212200, 17946, 1, 0, 0
212300, 18608, 1, 0, 0
212400, 21774, 1, 0, 0
212500, 18389, 1, 0, 0
212600, 15311, 1, 0, 0
212700, 16060, 1, 0, 0
212800, 13794, 1, 0, 0
212900, 13284, 1, 0, 0
213000, 13348, 1, 0, 0
213100, 15010, 1, 0, 0
213200, 15966, 1, 0, 0
213300, 15692, 1, 0, 0
213400, 14236, 1, 0, 0
213500, 15788, 1, 0, 0
213600, 16397, 1, 0, 0
213700, 14830, 1, 0, 0
213801, 16862, 1, 0, 0
213900, 13509, 1, 0, 0
214000, 13394, 1, 0, 0
214100, 13555, 1, 0, 0
214200, 18262, 1, 0, 0
214300, 13598, 1, 0, 0
214400, 13882, 1, 0, 0
214500, 15273, 1, 0, 0
214600, 20367, 1, 0, 0
214700, 15176, 1, 0, 0
214800, 14962, 1, 0, 0
214900, 15349, 1, 0, 0
215000, 18276, 1, 0, 0
215101, 17473, 1, 0, 0
215200, 16149, 1, 0, 0
215302, 17202, 1, 0, 0
215400, 16000, 1, 0, 0
215500, 18234, 1, 0, 0
215600, 18986, 1, 0, 0
215700, 13649, 1, 0, 0
215800, 16814, 1, 0, 0
215900, 15629, 1, 0, 0
216000, 17160, 1, 0, 0
216100, 15530, 1, 0, 0
216200, 14290, 1, 0, 0
216300, 14557, 1, 0, 0
216400, 13826, 1, 0, 0
216500, 18695, 1, 0, 0
216600, 15660, 1, 0, 0
216700, 14617, 1, 0, 0
216800, 14265, 1, 0, 0
216900, 19747, 1, 0, 0
217000, 17206, 1, 0, 0
217100, 19443, 1, 0, 0
217200, 15810, 1, 0, 0
217300, 16312, 1, 0, 0
217400, 16633, 1, 0, 0
217500, 14960, 1, 0, 0
217600, 14160, 1, 0, 0
217700, 16576, 1, 0, 0
217800, 14066, 1, 0, 0
217900, 20292, 1, 0, 0
218000, 17399, 1, 0, 0
218100, 16699, 1, 0, 0
218200, 12733, 1, 0, 0
218301, 18407, 1, 0, 0
218400, 15741, 1, 0, 0
218501, 17620, 1, 0, 0
218600, 16656, 1, 0, 0
218700, 19121, 1, 0, 0
218800, 15187, 1, 0, 0
218900, 15396, 1, 0, 0
219000, 16181, 1, 0, 0
219100, 17518, 1, 0, 0
219200, 13594, 1, 0, 0
219300, 18436, 1, 0, 0
219400, 17987, 1, 0, 0
219500, 15999, 1, 0, 0
219600, 17863, 1, 0, 0
219700, 15133, 1, 0, 0
219800, 15117, 1, 0, 0
219900, 14616, 1, 0, 0
220000, 19794, 1, 0, 0
220100, 16093, 1, 0, 0
220200, 17482, 1, 0, 0
220300, 14463, 1, 0, 0
220400, 14109, 1, 0, 0
220500, 13232, 1, 0, 0
220600, 18753, 1, 0, 0
220700, 18798, 1, 0, 0
220800, 18216, 1, 0, 0
220901, 14418, 1, 0, 0
221001, 15431, 1, 0, 0
221100, 17930, 1, 0, 0
221200, 14399, 1, 0, 0
221300, 14150, 1, 0, 0
221400, 14431, 1, 0, 0
221500, 19708, 1, 0, 0
221600, 15388, 1, 0, 0
221700, 14670, 1, 0, 0
221800, 14499, 1, 0, 0
221900, 14926, 1, 0, 0
222000, 16389, 1, 0, 0
222100, 13642, 1, 0, 0
222200, 15218, 1, 0, 0
222300, 13915, 1, 0, 0
222400, 15543, 1, 0, 0
222500, 14304, 1, 0, 0
222600, 15252, 1, 0, 0
222700, 19063, 1, 0, 0
222800, 13862, 1, 0, 0
222900, 14784, 1, 0, 0
223000, 13406, 1, 0, 0
223100, 18787, 1, 0, 0
223200, 19769, 1, 0, 0
223301, 14114, 1, 0, 0
223400, 13555, 1, 0, 0
223500, 13410, 1, 0, 0
223600, 16878, 1, 0, 0
223700, 17922, 1, 0, 0
223800, 16163, 1, 0, 0
223900, 19530, 1, 0, 0
224000, 14326, 1, 0, 0
224100, 15892, 1, 0, 0
224200, 13753, 1, 0, 0
224300, 15042, 1, 0, 0
224400, 18809, 1, 0, 0
224500, 16355, 1, 0, 0
224600, 15768, 1, 0, 0
224701, 15450, 1, 0, 0
224800, 15443, 1, 0, 0
224901, 14359, 1, 0, 0
225000, 16077, 1, 0, 0
225100, 16807, 1, 0, 0
225200, 15646, 1, 0, 0
225300, 16293, 1, 0, 0
225400, 19467, 1, 0, 0
225500, 15950, 1, 0, 0
225600, 19395, 1, 0, 0
225700, 15600, 1, 0, 0
225800, 17217, 1, 0, 0
225900, 16990, 1, 0, 0
226000, 15872, 1, 0, 0
226100, 13865, 1, 0, 0
226200, 15199, 1, 0, 0
226301, 18929, 1, 0, 0
226401, 13968, 1, 0, 0
226500, 16686, 1, 0, 0
226600, 16776, 1, 0, 0
226700, 16432, 1, 0, 0
226800, 14079, 1, 0, 0
226900, 13851, 1, 0, 0
227000, 16765, 1, 0, 0
227100, 14197, 1, 0, 0
227201, 18213, 1, 0, 0
227300, 14767, 1, 0, 0
227400, 15270, 1, 0, 0
227500, 13781, 1, 0, 0
227600, 15501, 1, 0, 0
227700, 17124, 1, 0, 0
227800, 17069, 1, 0, 0
227900, 16594, 1, 0, 0
228000, 15732, 1, 0, 0
228100, 17550, 1, 0, 0
228200, 13663, 1, 0, 0
228300, 16254, 1, 0, 0
228400, 15356, 1, 0, 0
228500, 14817, 1, 0, 0
228600, 16090, 1, 0, 0
228700, 19552, 1, 0, 0
228800, 17543, 1, 0, 0
228900, 15850, 1, 0, 0
229000, 18631, 1, 0, 0
229100, 15736, 1, 0, 0
229200, 14446, 1, 0, 0
229300, 18004, 1, 0, 0
229400, 18821, 1, 0, 0
229500, 18229, 1, 0, 0
229600, 15675, 1, 0, 0
229700, 13732, 1, 0, 0
229800, 17528, 1, 0, 0
229900, 15082, 1, 0, 0
230000, 15683, 1, 0, 0
230100, 13069, 1, 0, 0
230200, 13350, 1, 0, 0
230300, 15644, 1, 0, 0
230400, 16927, 1, 0, 0
230500, 14173, 1, 0, 0
230600, 17626, 1, 0, 0
230700, 13702, 1, 0, 0
230800, 14468, 1, 0, 0
230900, 16467, 1, 0, 0
231000, 15311, 1, 0, 0
231100, 14871, 1, 0, 0
231201, 13839, 1, 0, 0
231300, 15182, 1, 0, 0
231400, 16855, 1, 0, 0
231500, 14721, 1, 0, 0
231600, 16158, 1, 0, 0
231700, 15853, 1, 0, 0
231800, 14407, 1, 0, 0
231900, 16925, 1, 0, 0
232000, 17280, 1, 0, 0
232100, 18153, 1, 0, 0
232200, 16612, 1, 0, 0
232301, 13595, 1, 0, 0
232400, 16996, 1, 0, 0
232500, 16146, 1, 0, 0
232600, 16577, 1, 0, 0
232700, 14571, 1, 0, 0
232800, 18145, 1, 0, 0
232900, 15494, 1, 0, 0
233000, 16537, 1, 0, 0
233100, 16014, 1, 0, 0
233200, 13506, 1, 0, 0
233300, 14355, 1, 0, 0
233400, 14610, 1, 0, 0
233500, 18433, 1, 0, 0
233600, 14124, 1, 0, 0
233700, 16218, 1, 0, 0
233800, 16479, 1, 0, 0
233900, 16695, 1, 0, 0
234001, 15240, 1, 0, 0
234100, 14038, 1, 0, 0
234200, 18253, 1, 0, 0
234300, 15300, 1, 0, 0
234400, 17115, 1, 0, 0
234500, 16591, 1, 0, 0
234600, 14892, 1, 0, 0
234700, 15612, 1, 0, 0
234800, 15222, 1, 0, 0
234900, 15007, 1, 0, 0
235000, 18131, 1, 0, 0
235100, 13939, 1, 0, 0
235200, 15365, 1, 0, 0
235300, 12264, 1, 0, 0
235400, 13694, 1, 0, 0
235500, 14742, 1, 0, 0
235600, 13951, 1, 0, 0
235700, 17380, 1, 0, 0
235800, 16257, 1, 0, 0
235900, 18400, 1, 0, 0
236000, 17072, 1, 0, 0
236101, 21324, 1, 0, 0
236200, 15757, 1, 0, 0
236300, 14005, 1, 0, 0
236400, 13091, 1, 0, 0
236500, 16749, 1, 0, 0
236600, 15558, 1, 0, 0
236700, 13731, 1, 0, 0
236800, 13504, 1, 0, 0
236900, 16730, 1, 0, 0
237000, 16004, 1, 0, 0
237100, 12854, 1, 0, 0
237200, 14858, 1, 0, 0
237300, 13239, 1, 0, 0
237400, 16165, 1, 0, 0
237501, 15116, 1, 0, 0
237600, 13493, 1, 0, 0
237700, 14216, 1, 0, 0
237800, 13906, 1, 0, 0
237900, 14161, 1, 0, 0
238001, 17014, 1, 0, 0
238100, 15927, 1, 0, 0
238200, 13922, 1, 0, 0
238300, 16630, 1, 0, 0
238400, 16949, 1, 0, 0
238500, 14882, 1, 0, 0
238600, 17707, 1, 0, 0
238700, 15107, 1, 0, 0
238800, 16229, 1, 0, 0
238900, 13638, 1, 0, 0
239000, 14379, 1, 0, 0
239100, 13930, 1, 0, 0
239200, 14819, 1, 0, 0
239301, 18088, 1, 0, 0
239400, 17725, 1, 0, 0
239500, 16392, 1, 0, 0
239600, 15410, 1, 0, 0
239700, 13626, 1, 0, 0
239800, 15494, 1, 0, 0
239900, 14682, 1, 0, 0
240000, 15813, 1, 0, 0
240101, 14938, 1, 0, 0
240200, 14311, 1, 0, 0
240300, 16071, 1, 0, 0
240401, 17650, 1, 0, 0
240501, 16327, 1, 0, 0
240600, 15733, 1, 0, 0
240700, 17667, 1, 0, 0
240800, 15479, 1, 0, 0
240901, 15744, 1, 0, 0
241000, 17168, 1, 0, 0
241100, 19519, 1, 0, 0
241200, 15582, 1, 0, 0
241300, 15884, 1, 0, 0
241400, 16360, 1, 0, 0
241500, 17391, 1, 0, 0
241600, 17450, 1, 0, 0
241700, 15606, 1, 0, 0
241800, 14846, 1, 0, 0
241900, 17027, 1, 0, 0
242000, 15183, 1, 0, 0
242101, 19590, 1, 0, 0
242200, 15231, 1, 0, 0
242300, 16340, 1, 0, 0
242400, 16220, 1, 0, 0
242500, 15951, 1, 0, 0
242600, 15537, 1, 0, 0
242700, 14412, 1, 0, 0
242801, 13349, 1, 0, 0
242900, 14619, 1, 0, 0
243000, 15331, 1, 0, 0
243101, 15961, 1, 0, 0
243200, 13311, 1, 0, 0
243301, 16740, 1, 0, 0
243400, 14877, 1, 0, 0
243500, 16356, 1, 0, 0
243600, 17905, 1, 0, 0
243700, 16974, 1, 0, 0
243801, 14683, 1, 0, 0
243900, 15550, 1, 0, 0
244000, 14105, 1, 0, 0
244100, 16621, 1, 0, 0
244200, 13640, 1, 0, 0
244300, 16301, 1, 0, 0
244400, 17840, 1, 0, 0
244500, 16342, 1, 0, 0
244601, 19152, 1, 0, 0
244701, 20702, 1, 0, 0
244801, 16656, 1, 0, 0
244900, 15079, 1, 0, 0
245000, 15779, 1, 0, 0
245100, 16245, 1, 0, 0
245200, 15832, 1, 0, 0
245300, 13697, 1, 0, 0
245400, 14918, 1, 0, 0
245500, 15674, 1, 0, 0
245600, 15946, 1, 0, 0
245700, 14711, 1, 0, 0
245800, 16344, 1, 0, 0
245900, 13162, 1, 0, 0
246000, 19121, 1, 0, 0
246100, 13996, 1, 0, 0
246200, 16646, 1, 0, 0
246300, 16200, 1, 0, 0
246400, 15943, 1, 0, 0
246500, 14111, 1, 0, 0
246600, 14997, 1, 0, 0
246700, 15953, 1, 0, 0
246800, 17639, 1, 0, 0
246900, 15809, 1, 0, 0
247000, 14520, 1, 0, 0
247100, 18331, 1, 0, 0
247200, 15478, 1, 0, 0
247301, 16090, 1, 0, 0
247400, 14665, 1, 0, 0
247500, 19807, 1, 0, 0
247600, 15202, 1, 0, 0
247700, 14467, 1, 0, 0
247800, 18969, 1, 0, 0
247901, 20198, 1, 0, 0
248000, 16098, 1, 0, 0
248100, 17120, 1, 0, 0
248200, 15054, 1, 0, 0
248300, 14673, 1, 0, 0
248401, 14668, 1, 0, 0
248500, 19468, 1, 0, 0
248600, 17223, 1, 0, 0
248700, 14431, 1, 0, 0
248800, 13672, 1, 0, 0
248900, 13787, 1, 0, 0
249000, 20818, 1, 0, 0
249100, 18649, 1, 0, 0
249200, 20679, 1, 0, 0
249300, 15419, 1, 0, 0
249400, 16796, 1, 0, 0
249500, 15913, 1, 0, 0
249600, 18789, 1, 0, 0
249700, 15601, 1, 0, 0
249800, 17448, 1, 0, 0
249900, 13682, 1, 0, 0
250000, 18686, 1, 0, 0
250100, 20439, 1, 0, 0
250200, 16399, 1, 0, 0
250300, 14140, 1, 0, 0
250400, 16701, 1, 0, 0
250500, 15345, 1, 0, 0
250600, 13940, 1, 0, 0
250700, 16418, 1, 0, 0
250800, 16624, 1, 0, 0
250900, 14930, 1, 0, 0
251001, 14660, 1, 0, 0
251100, 17141, 1, 0, 0
251200, 15451, 1, 0, 0
251300, 14101, 1, 0, 0
251400, 16361, 1, 0, 0
251500, 13711, 1, 0, 0
251600, 13988, 1, 0, 0
251700, 12969, 1, 0, 0
251800, 16461, 1, 0, 0
251900, 19317, 1, 0, 0
252000, 14620, 1, 0, 0
252101, 13539, 1, 0, 0
252200, 16312, 1, 0, 0
252300, 14568, 1, 0, 0
252400, 15643, 1, 0, 0
252500, 18790, 1, 0, 0
252601, 16239, 1, 0, 0
252700, 12839, 1, 0, 0
252800, 13408, 1, 0, 0
252900, 13352, 1, 0, 0
253001, 16184, 1, 0, 0
253100, 15875, 1, 0, 0
253200, 18372, 1, 0, 0
253300, 18830, 1, 0, 0
253400, 20660, 1, 0, 0
253500, 20330, 1, 0, 0
253600, 14614, 1, 0, 0
253700, 14190, 1, 0, 0
253800, 16896, 1, 0, 0
253900, 15696, 1, 0, 0
254000, 14512, 1, 0, 0
254100, 14463, 1, 0, 0
254200, 14020, 1, 0, 0
254300, 20118, 1, 0, 0
254400, 16300, 1, 0, 0
254500, 16342, 1, 0, 0
254601, 17929, 1, 0, 0
254700, 13745, 1, 0, 0
254800, 14630, 1, 0, 0
254900, 15681, 1, 0, 0
255000, 14391, 1, 0, 0
255100, 17454, 1, 0, 0
255200, 16404, 1, 0, 0
255300, 17688, 1, 0, 0
255400, 16615, 1, 0, 0
255501, 13574, 1, 0, 0
255600, 16244, 1, 0, 0
255700, 14829, 1, 0, 0
255800, 15160, 1, 0, 0
255900, 15059, 1, 0, 0
256000, 15079, 1, 0, 0
256100, 14407, 1, 0, 0
256200, 14087, 1, 0, 0
256300, 17412, 1, 0, 0
256400, 14881, 1, 0, 0
256500, 14060, 1, 0, 0
256600, 17271, 1, 0, 0
256700, 15432, 1, 0, 0
256800, 15708, 1, 0, 0
256900, 15477, 1, 0, 0
257000, 16482, 1, 0, 0
257100, 20064, 1, 0, 0
257200, 16013, 1, 0, 0
257300, 15364, 1, 0, 0
257400, 13420, 1, 0, 0
257500, 15871, 1, 0, 0
257600, 14634, 1, 0, 0
257700, 16228, 1, 0, 0
257800, 13978, 1, 0, 0
257901, 16326, 1, 0, 0
258000, 18133, 1, 0, 0
258100, 17307, 1, 0, 0
258200, 14103, 1, 0, 0
258300, 17218, 1, 0, 0
258400, 15536, 1, 0, 0
258500, 13973, 1, 0, 0
258600, 15202, 1, 0, 0
258700, 19579, 1, 0, 0
258800, 16451, 1, 0, 0
258900, 16997, 1, 0, 0
259000, 14153, 1, 0, 0
259100, 13811, 1, 0, 0
259200, 16497, 1, 0, 0
259300, 14065, 1, 0, 0
259400, 17303, 1, 0, 0
259500, 15065, 1, 0, 0
259600, 16736, 1, 0, 0
259700, 22137, 1, 0, 0
259800, 16011, 1, 0, 0
259900, 18684, 1, 0, 0
260001, 16366, 1, 0, 0
260100, 14138, 1, 0, 0
260200, 17312, 1, 0, 0
260300, 15255, 1, 0, 0
260400, 15991, 1, 0, 0
260500, 13546, 1, 0, 0
260600, 14724, 1, 0, 0
260700, 16589, 1, 0, 0
260800, 14027, 1, 0, 0
260900, 15274, 1, 0, 0
261000, 16565, 1, 0, 0
261100, 15687, 1, 0, 0
261200, 14403, 1, 0, 0
261300, 17751, 1, 0, 0
261400, 17489, 1, 0, 0
261500, 13950, 1, 0, 0
261600, 14686, 1, 0, 0
261700, 15581, 1, 0, 0
261800, 15899, 1, 0, 0
261900, 17256, 1, 0, 0
262000, 14871, 1, 0, 0
262100, 15279, 1, 0, 0
262200, 15548, 1, 0, 0
262300, 13204, 1, 0, 0
262400, 13996, 1, 0, 0
262500, 13295, 1, 0, 0
262600, 13314, 1, 0, 0
262700, 13144, 1, 0, 0
262800, 18875, 1, 0, 0
262900, 17155, 1, 0, 0
263000, 16731, 1, 0, 0
263100, 17045, 1, 0, 0
263200, 18019, 1, 0, 0
263300, 18863, 1, 0, 0
263400, 18650, 1, 0, 0
263500, 16854, 1, 0, 0
263600, 13499, 1, 0, 0
263700, 15138, 1, 0, 0
263800, 14508, 1, 0, 0
263900, 18661, 1, 0, 0
264000, 20184, 1, 0, 0
264100, 14575, 1, 0, 0
264200, 16387, 1, 0, 0
264300, 16234, 1, 0, 0
264400, 13890, 1, 0, 0
264501, 16352, 1, 0, 0
264600, 14937, 1, 0, 0
264700, 17439, 1, 0, 0
264800, 16325, 1, 0, 0
264900, 15851, 1, 0, 0
265000, 14291, 1, 0, 0
265100, 14706, 1, 0, 0
265200, 16954, 1, 0, 0
265300, 13685, 1, 0, 0
265400, 14846, 1, 0, 0
265500, 14046, 1, 0, 0
265601, 15055, 1, 0, 0
265700, 13741, 1, 0, 0
265800, 18677, 1, 0, 0
265900, 16077, 1, 0, 0
266000, 16724, 1, 0, 0
266100, 16221, 1, 0, 0
266200, 17323, 1, 0, 0
266300, 13068, 1, 0, 0
266400, 15145, 1, 0, 0
266500, 20131, 1, 0, 0
266600, 15762, 1, 0, 0
266700, 12995, 1, 0, 0
266800, 14926, 1, 0, 0
266900, 15286, 1, 0, 0
267000, 16263, 1, 0, 0
267100, 18329, 1, 0, 0
267200, 17208, 1, 0, 0
267300, 15489, 1, 0, 0
267400, 15748, 1, 0, 0
267500, 15009, 1, 0, 0
267601, 14650, 1, 0, 0
267700, 14228, 1, 0, 0
267800, 12979, 1, 0, 0
267900, 13641, 1, 0, 0
268000, 14737, 1, 0, 0
268101, 14239, 1, 0, 0
268200, 15506, 1, 0, 0
268300, 20547, 1, 0, 0
268400, 17075, 1, 0, 0
268500, 17799, 1, 0, 0
268600, 17081, 1, 0, 0
268700, 14716, 1, 0, 0
268800, 13806, 1, 0, 0
268900, 13863, 1, 0, 0
269000, 17730, 1, 0, 0
269100, 15930, 1, 0, 0
269200, 15344, 1, 0, 0
269300, 17297, 1, 0, 0
269400, 14757, 1, 0, 0
269500, 15230, 1, 0, 0
269600, 13503, 1, 0, 0
269700, 15826, 1, 0, 0
269800, 14504, 1, 0, 0
269900, 15178, 1, 0, 0
270000, 17087, 1, 0, 0
270100, 13817, 1, 0, 0
270200, 15057, 1, 0, 0
270300, 13276, 1, 0, 0
270400, 14086, 1, 0, 0
270500, 16199, 1, 0, 0
270600, 17616, 1, 0, 0
270700, 19001, 1, 0, 0
270800, 14352, 1, 0, 0
270900, 13455, 1, 0, 0
271000, 14941, 1, 0, 0
271100, 13747, 1, 0, 0
271200, 14987, 1, 0, 0
271300, 18990, 1, 0, 0
271400, 16210, 1, 0, 0
271500, 17016, 1, 0, 0
271600, 15271, 1, 0, 0
271700, 15537, 1, 0, 0
271800, 17631, 1, 0, 0
271900, 17356, 1, 0, 0
272000, 15435, 1, 0, 0
272101, 14241, 1, 0, 0
272200, 20221, 1, 0, 0
272300, 15748, 1, 0, 0
272400, 15291, 1, 0, 0
272500, 18610, 1, 0, 0
272600, 15890, 1, 0, 0
272700, 18737, 1, 0, 0
272800, 15259, 1, 0, 0
272900, 13625, 1, 0, 0
273000, 16117, 1, 0, 0
273100, 18600, 1, 0, 0
273200, 14047, 1, 0, 0
273300, 13735, 1, 0, 0
273400, 14649, 1, 0, 0
273500, 15328, 1, 0, 0
273600, 16857, 1, 0, 0
273700, 19607, 1, 0, 0
273800, 17384, 1, 0, 0
273900, 14946, 1, 0, 0
274001, 16201, 1, 0, 0
274100, 14728, 1, 0, 0
274200, 14297, 1, 0, 0
274300, 14427, 1, 0, 0
274400, 16064, 1, 0, 0
274500, 16872, 1, 0, 0
274600, 12894, 1, 0, 0
274700, 17252, 1, 0, 0
274800, 14447, 1, 0, 0
274900, 13341, 1, 0, 0
275000, 16849, 1, 0, 0
275101, 14838, 1, 0, 0
275201, 15920, 1, 0, 0
275300, 13318, 1, 0, 0
275400, 12777, 1, 0, 0
275500, 13697, 1, 0, 0
275600, 13150, 1, 0, 0
275700, 15533, 1, 0, 0
275800, 21065, 1, 0, 0
275901, 17172, 1, 0, 0
276000, 17237, 1, 0, 0
276100, 15428, 1, 0, 0
276200, 18337, 1, 0, 0
276300, 15577, 1, 0, 0
276400, 14230, 1, 0, 0
276500, 14162, 1, 0, 0
276600, 18097, 1, 0, 0
276700, 15640, 1, 0, 0
276800, 15028, 1, 0, 0
276900, 13831, 1, 0, 0
277000, 18295, 1, 0, 0
277100, 16203, 1, 0, 0
277200, 18237, 1, 0, 0
277300, 18197, 1, 0, 0
277400, 14542, 1, 0, 0
277502, 13415, 1, 0, 0
277600, 13401, 1, 0, 0
277700, 14107, 1, 0, 0
277800, 12697, 1, 0, 0
277900, 13278, 1, 0, 0
278000, 13330, 1, 0, 0
278100, 13911, 1, 0, 0
278200, 15205, 1, 0, 0
278300, 16554, 1, 0, 0
278401, 18075, 1, 0, 0
278500, 16947, 1, 0, 0
278600, 15646, 1, 0, 0
278700, 17509, 1, 0, 0
278800, 14592, 1, 0, 0
278900, 16126, 1, 0, 0
279001, 15814, 1, 0, 0
279100, 17195, 1, 0, 0
279200, 16329, 1, 0, 0
279300, 14014, 1, 0, 0
279400, 16682, 1, 0, 0
279500, 15557, 1, 0, 0
279600, 19388, 1, 0, 0
279700, 16350, 1, 0, 0
279800, 14145, 1, 0, 0
279900, 13511, 1, 0, 0
280000, 16819, 1, 0, 0
280100, 14361, 1, 0, 0
280200, 17334, 1, 0, 0
280300, 18393, 1, 0, 0
280400, 15641, 1, 0, 0
280500, 17693, 1, 0, 0
280601, 17153, 1, 0, 0
280700, 14681, 1, 0, 0
280800, 14690, 1, 0, 0
280900, 17934, 1, 0, 0
281000, 14814, 1, 0, 0
281100, 16287, 1, 0, 0
281200, 15484, 1, 0, 0
281300, 14917, 1, 0, 0
281400, 15182, 1, 0, 0
281500, 20547, 1, 0, 0
281600, 13473, 1, 0, 0
281700, 15208, 1, 0, 0
281800, 14743, 1, 0, 0
281900, 18282, 1, 0, 0
282000, 15373, 1, 0, 0
282100, 15955, 1, 0, 0
282200, 15720, 1, 0, 0
282300, 19013, 1, 0, 0
282400, 13938, 1, 0, 0
282500, 14331, 1, 0, 0
282600, 14157, 1, 0, 0
282700, 20191, 1, 0, 0
282800, 16773, 1, 0, 0
282900, 14802, 1, 0, 0
283000, 13170, 1, 0, 0
283100, 13790, 1, 0, 0
283200, 14513, 1, 0, 0
283300, 16984, 1, 0, 0
283400, 14034, 1, 0, 0
283500, 14855, 1, 0, 0
283600, 16926, 1, 0, 0
283700, 14190, 1, 0, 0
283801, 13869, 1, 0, 0
283900, 16515, 1, 0, 0
284000, 15827, 1, 0, 0
284100, 15738, 1, 0, 0
284200, 15138, 1, 0, 0
284300, 15003, 1, 0, 0
284400, 18114, 1, 0, 0
284500, 17646, 1, 0, 0
284600, 14236, 1, 0, 0
284700, 14348, 1, 0, 0
284800, 16887, 1, 0, 0
284900, 16647, 1, 0, 0
285001, 15693, 1, 0, 0
285100, 13769, 1, 0, 0
285200, 16208, 1, 0, 0
285300, 14271, 1, 0, 0
285400, 13189, 1, 0, 0
285500, 14411, 1, 0, 0
285600, 16783, 1, 0, 0
285700, 17254, 1, 0, 0
285800, 20004, 1, 0, 0
285900, 13179, 1, 0, 0
286000, 15035, 1, 0, 0
286100, 17643, 1, 0, 0
286200, 13601, 1, 0, 0
286300, 13728, 1, 0, 0
286400, 18348, 1, 0, 0
286500, 15053, 1, 0, 0
286600, 13966, 1, 0, 0
286701, 16309, 1, 0, 0
286800, 16165, 1, 0, 0
286900, 15306, 1, 0, 0
287000, 20500, 1, 0, 0
287100, 19880, 1, 0, 0
287200, 15801, 1, 0, 0
287300, 14598, 1, 0, 0
287401, 17595, 1, 0, 0
287500, 16011, 1, 0, 0
287600, 15401, 1, 0, 0
287700, 16683, 1, 0, 0
287800, 14623, 1, 0, 0
287900, 17082, 1, 0, 0
288000, 18240, 1, 0, 0
288100, 13662, 1, 0, 0
288200, 16713, 1, 0, 0
288300, 16151, 1, 0, 0
288400, 14201, 1, 0, 0
288500, 16910, 1, 0, 0
288600, 14243, 1, 0, 0
288700, 19317, 1, 0, 0
288800, 17284, 1, 0, 0
288900, 13558, 1, 0, 0
289000, 15826, 1, 0, 0
289100, 15190, 1, 0, 0
289200, 13940, 1, 0, 0
289300, 18555, 1, 0, 0
289400, 14630, 1, 0, 0
289500, 13641, 1, 0, 0
289600, 13816, 1, 0, 0
289700, 13333, 1, 0, 0
289800, 13989, 1, 0, 0
289901, 12777, 1, 0, 0
290000, 16965, 1, 0, 0
290100, 17954, 1, 0, 0
290200, 19381, 1, 0, 0
290300, 17673, 1, 0, 0
290400, 16908, 1, 0, 0
290500, 16973, 1, 0, 0
290601, 13172, 1, 0, 0
290700, 17843, 1, 0, 0
290800, 13511, 1, 0, 0
290900, 14748, 1, 0, 0
291000, 15930, 1, 0, 0
291100, 13783, 1, 0, 0
291200, 13929, 1, 0, 0
291300, 16801, 1, 0, 0
291400, 16641, 1, 0, 0
291500, 16014, 1, 0, 0
291600, 14072, 1, 0, 0
291700, 15836, 1, 0, 0
291800, 14107, 1, 0, 0
291900, 15876, 1, 0, 0
292000, 17318, 1, 0, 0
292100, 14160, 1, 0, 0
292201, 18720, 1, 0, 0
292300, 18623, 1, 0, 0
292400, 16032, 1, 0, 0
292500, 18919, 1, 0, 0
292600, 14196, 1, 0, 0
292700, 18504, 1, 0, 0
292800, 14276, 1, 0, 0
292901, 16797, 1, 0, 0
293000, 16107, 1, 0, 0
293100, 17409, 1, 0, 0
293200, 13139, 1, 0, 0
293300, 16735, 1, 0, 0
293400, 13747, 1, 0, 0
293500, 14323, 1, 0, 0
293600, 14549, 1, 0, 0
293700, 14105, 1, 0, 0
293801, 15699, 1, 0, 0
293900, 17485, 1, 0, 0
294000, 18020, 1, 0, 0
294100, 16171, 1, 0, 0
294200, 13919, 1, 0, 0
294300, 16214, 1, 0, 0
294400, 17725, 1, 0, 0
294500, 16914, 1, 0, 0
294600, 16018, 1, 0, 0
294700, 18197, 1, 0, 0
294800, 15461, 1, 0, 0
294900, 15658, 1, 0, 0
295000, 15471, 1, 0, 0
295100, 14240, 1, 0, 0
295200, 14027, 1, 0, 0
295300, 13844, 1, 0, 0
295400, 12934, 1, 0, 0
295500, 15437, 1, 0, 0
295600, 14989, 1, 0, 0
295700, 15578, 1, 0, 0
295802, 16445, 1, 0, 0
295900, 15360, 1, 0, 0
296000, 13008, 1, 0, 0
296100, 16197, 1, 0, 0
296200, 16481, 1, 0, 0
296300, 13734, 1, 0, 0
296400, 12845, 1, 0, 0
296500, 13801, 1, 0, 0
296600, 17085, 1, 0, 0
296700, 18050, 1, 0, 0
296800, 13401, 1, 0, 0
296900, 14724, 1, 0, 0
297000, 16572, 1, 0, 0
297100, 15813, 1, 0, 0
297200, 15101, 1, 0, 0
297300, 17581, 1, 0, 0
297400, 14800, 1, 0, 0
297500, 17654, 1, 0, 0
297600, 15283, 1, 0, 0
297700, 13037, 1, 0, 0
297800, 19223, 1, 0, 0
297900, 18282, 1, 0, 0
298001, 16761, 1, 0, 0
298100, 17808, 1, 0, 0
298200, 17912, 1, 0, 0
298300, 17415, 1, 0, 0
298400, 15444, 1, 0, 0
298500, 13135, 1, 0, 0
298600, 16620, 1, 0, 0
298701, 14444, 1, 0, 0
298800, 14578, 1, 0, 0
298900, 17289, 1, 0, 0
299000, 15632, 1, 0, 0
299100, 13537, 1, 0, 0
299200, 15409, 1, 0, 0
299300, 13398, 1, 0, 0
299400, 16354, 1, 0, 0
299500, 15367, 1, 0, 0
299600, 18914, 1, 0, 0
299700, 18089, 1, 0, 0
299800, 15862, 1, 0, 0
299900, 17123, 1, 0, 0
300001, 16325, 1, 0, 0
300100, 14862, 1, 0, 0
300200, 13577, 1, 0, 0
300300, 13229, 1, 0, 0
300400, 12429, 1, 0, 0
300500, 13687, 1, 0, 0
300600, 14272, 1, 0, 0
300700, 17526, 1, 0, 0
300801, 20275, 1, 0, 0
300900, 17303, 1, 0, 0
301000, 13033, 1, 0, 0
301100, 13672, 1, 0, 0
301200, 15123, 1, 0, 0
301300, 14881, 1, 0, 0
301400, 16740, 1, 0, 0
301500, 13100, 1, 0, 0
301600, 18071, 1, 0, 0
301700, 17798, 1, 0, 0
301800, 15390, 1, 0, 0
301900, 16564, 1, 0, 0
302000, 14459, 1, 0, 0
302100, 15031, 1, 0, 0
302200, 13364, 1, 0, 0
302300, 17936, 1, 0, 0
302400, 17517, 1, 0, 0
302500, 18060, 1, 0, 0
302600, 18212, 1, 0, 0
302700, 18819, 1, 0, 0
302800, 14260, 1, 0, 0
302900, 17680, 1, 0, 0
303000, 13976, 1, 0, 0
303100, 15689, 1, 0, 0
303200, 14665, 1, 0, 0
303300, 16400, 1, 0, 0
303400, 14979, 1, 0, 0
303500, 14685, 1, 0, 0
303600, 15664, 1, 0, 0
303700, 18283, 1, 0, 0
303800, 16114, 1, 0, 0
303900, 17403, 1, 0, 0
304000, 13952, 1, 0, 0
304100, 14980, 1, 0, 0
304200, 15953, 1, 0, 0
304300, 18300, 1, 0, 0
304400, 18078, 1, 0, 0
304500, 13716, 1, 0, 0
304600, 13374, 1, 0, 0
304700, 18488, 1, 0, 0
304800, 17956, 1, 0, 0
304900, 19081, 1, 0, 0
305000, 14389, 1, 0, 0
305100, 14020, 1, 0, 0
305200, 16311, 1, 0, 0
305300, 15371, 1, 0, 0
305400, 17181, 1, 0, 0
305500, 20447, 1, 0, 0
305600, 13101, 1, 0, 0
305700, 19325, 1, 0, 0
305800, 14973, 1, 0, 0
305900, 16681, 1, 0, 0
306000, 20585, 1, 0, 0
306100, 15111, 1, 0, 0
306200, 19393, 1, 0, 0
306300, 15834, 1, 0, 0
306400, 19625, 1, 0, 0
306500, 16245, 1, 0, 0
306602, 15814, 1, 0, 0
306700, 15959, 1, 0, 0
306801, 18462, 1, 0, 0
306900, 18086, 1, 0, 0
307000, 18237, 1, 0, 0
307100, 14094, 1, 0, 0
307201, 21304, 1, 0, 0
307300, 16336, 1, 0, 0
307400, 16721, 1, 0, 0
307500, 18378, 1, 0, 0
307600, 14990, 1, 0, 0
307700, 19461, 1, 0, 0
307800, 19088, 1, 0, 0
307900, 13454, 1, 0, 0
308000, 18546, 1, 0, 0
308100, 18704, 1, 0, 0
308201, 16343, 1, 0, 0
308300, 17797, 1, 0, 0
308400, 18558, 1, 0, 0
308500, 18912, 1, 0, 0
308601, 13188, 1, 0, 0
308701, 19141, 1, 0, 0
308800, 13105, 1, 0, 0
308900, 13856, 1, 0, 0
309000, 15979, 1, 0, 0
309100, 14581, 1, 0, 0
309200, 15696, 1, 0, 0
309300, 14875, 1, 0, 0
309400, 16822, 1, 0, 0
309500, 17726, 1, 0, 0
309600, 15622, 1, 0, 0
309700, 13046, 1, 0, 0
309800, 14870, 1, 0, 0
309900, 13055, 1, 0, 0
310000, 13925, 1, 0, 0
310102, 16234, 1, 0, 0
310200, 14142, 1, 0, 0
310300, 13996, 1, 0, 0
310400, 13309, 1, 0, 0
310500, 16072, 1, 0, 0
310600, 14793, 1, 0, 0
310700, 15331, 1, 0, 0
310800, 17018, 1, 0, 0
310900, 18423, 1, 0, 0
311000, 17005, 1, 0, 0
311100, 15739, 1, 0, 0
311200, 18305, 1, 0, 0
311300, 17542, 1, 0, 0
311400, 15648, 1, 0, 0
311500, 16676, 1, 0, 0
311600, 15281, 1, 0, 0
311700, 16909, 1, 0, 0
311800, 17793, 1, 0, 0
311900, 14000, 1, 0, 0
312000, 13277, 1, 0, 0
312100, 17541, 1, 0, 0
312200, 19794, 1, 0, 0
312300, 14941, 1, 0, 0
312400, 18388, 1, 0, 0
312500, 16383, 1, 0, 0
312600, 15251, 1, 0, 0
312700, 14203, 1, 0, 0
312800, 18186, 1, 0, 0
312901, 15228, 1, 0, 0
313000, 16449, 1, 0, 0
313100, 17585, 1, 0, 0
313200, 15023, 1, 0, 0
313300, 15554, 1, 0, 0
313400, 17780, 1, 0, 0
313500, 16183, 1, 0, 0
313600, 18976, 1, 0, 0
313700, 16532, 1, 0, 0
313800, 17369, 1, 0, 0
313900, 15362, 1, 0, 0
314000, 15140, 1, 0, 0
314100, 16756, 1, 0, 0
314200, 13736, 1, 0, 0
314300, 13367, 1, 0, 0
314400, 16211, 1, 0, 0
314502, 15358, 1, 0, 0
314600, 17050, 1, 0, 0
314700, 17835, 1, 0, 0
314800, 17695, 1, 0, 0
314900, 21226, 1, 0, 0
315000, 16481, 1, 0, 0
315100, 15898, 1, 0, 0
315200, 15719, 1, 0, 0
315301, 15566, 1, 0, 0
315400, 15522, 1, 0, 0
315500, 13053, 1, 0, 0
315600, 15989, 1, 0, 0
315700, 17719, 1, 0, 0
315800, 18082, 1, 0, 0
315901, 17585, 1, 0, 0
316000, 13218, 1, 0, 0
316102, 15233, 1, 0, 0
316200, 16785, 1, 0, 0
316300, 15546, 1, 0, 0
316400, 13002, 1, 0, 0
316500, 17636, 1, 0, 0
316600, 15903, 1, 0, 0
316700, 15896, 1, 0, 0
316800, 15072, 1, 0, 0
316900, 13420, 1, 0, 0
317000, 13213, 1, 0, 0
317100, 15808, 1, 0, 0
317200, 17718, 1, 0, 0
317300, 14732, 1, 0, 0
317400, 15920, 1, 0, 0
317500, 15545, 1, 0, 0
317600, 14649, 1, 0, 0
317700, 14640, 1, 0, 0
317800, 16646, 1, 0, 0
317900, 14332, 1, 0, 0
318000, 13804, 1, 0, 0
318101, 20907, 1, 0, 0
318200, 17545, 1, 0, 0
318300, 16677, 1, 0, 0
318401, 19566, 1, 0, 0
318500, 12699, 1, 0, 0
318600, 13831, 1, 0, 0
318700, 14983, 1, 0, 0
318800, 18418, 1, 0, 0
318900, 15193, 1, 0, 0
319000, 13761, 1, 0, 0
319100, 13721, 1, 0, 0
319201, 15201, 1, 0, 0
319300, 15190, 1, 0, 0
319400, 16441, 1, 0, 0
319500, 14187, 1, 0, 0
319600, 15995, 1, 0, 0
319700, 15455, 1, 0, 0
319800, 16150, 1, 0, 0
319901, 15305, 1, 0, 0
320000, 15882, 1, 0, 0
320100, 16395, 1, 0, 0
320200, 13889, 1, 0, 0
320300, 13166, 1, 0, 0
320400, 14591, 1, 0, 0
320500, 13166, 1, 0, 0
320600, 16849, 1, 0, 0
320700, 16370, 1, 0, 0
320800, 14260, 1, 0, 0
320900, 13662, 1, 0, 0
321000, 16674, 1, 0, 0
321100, 15903, 1, 0, 0
321200, 16532, 1, 0, 0
321300, 14334, 1, 0, 0
321400, 17394, 1, 0, 0
321500, 16785, 1, 0, 0
321600, 15177, 1, 0, 0
321701, 15028, 1, 0, 0
321800, 15823, 1, 0, 0
321900, 15089, 1, 0, 0
322000, 16481, 1, 0, 0
322100, 16220, 1, 0, 0
322200, 13380, 1, 0, 0
322300, 16685, 1, 0, 0
322400, 17338, 1, 0, 0
322500, 15239, 1, 0, 0
322600, 14600, 1, 0, 0
322700, 19582, 1, 0, 0
322800, 15183, 1, 0, 0
322900, 13862, 1, 0, 0
323000, 14187, 1, 0, 0
323100, 18871, 1, 0, 0
323200, 15959, 1, 0, 0
323300, 16427, 1, 0, 0
323400, 15717, 1, 0, 0
323500, 16474, 1, 0, 0
323600, 14767, 1, 0, 0
323700, 16791, 1, 0, 0
323800, 14354, 1, 0, 0
323900, 15728, 1, 0, 0
324000, 18202, 1, 0, 0
324100, 18759, 1, 0, 0
324200, 15780, 1, 0, 0
324300, 13867, 1, 0, 0
324400, 14931, 1, 0, 0
324500, 13633, 1, 0, 0
324600, 14866, 1, 0, 0
324700, 16059, 1, 0, 0
324800, 14126, 1, 0, 0
324900, 19893, 1, 0, 0
325000, 17699, 1, 0, 0
325100, 14454, 1, 0, 0
325200, 13385, 1, 0, 0
325300, 14057, 1, 0, 0
325400, 15875, 1, 0, 0
325500, 14877, 1, 0, 0
325600, 16404, 1, 0, 0
325700, 17940, 1, 0, 0
325800, 14612, 1, 0, 0
325901, 18766, 1, 0, 0
326000, 18281, 1, 0, 0
326100, 14352, 1, 0, 0
326200, 17075, 1, 0, 0
326301, 19019, 1, 0, 0
326400, 15433, 1, 0, 0
326500, 18118, 1, 0, 0
326600, 17266, 1, 0, 0
326700, 15595, 1, 0, 0
326800, 12696, 1, 0, 0
326900, 16725, 1, 0, 0
327000, 13135, 1, 0, 0
327100, 16751, 1, 0, 0
327200, 15419, 1, 0, 0
327300, 14147, 1, 0, 0
327400, 16773, 1, 0, 0
327500, 18699, 1, 0, 0
327600, 14222, 1, 0, 0
327700, 15629, 1, 0, 0
327800, 14603, 1, 0, 0
327900, 15844, 1, 0, 0
328000, 13869, 1, 0, 0
328100, 17038, 1, 0, 0
328201, 16790, 1, 0, 0
328300, 13056, 1, 0, 0
328400, 14807, 1, 0, 0
328500, 14299, 1, 0, 0
328600, 12068, 1, 0, 0
328700, 14022, 1, 0, 0
328800, 17284, 1, 0, 0
328900, 15114, 1, 0, 0
329000, 12930, 1, 0, 0
329101, 14062, 1, 0, 0
329200, 12931, 1, 0, 0
329300, 14797, 1, 0, 0
329400, 16199, 1, 0, 0
329500, 14379, 1, 0, 0
329600, 13630, 1, 0, 0
329700, 16354, 1, 0, 0
329800, 13757, 1, 0, 0
329900, 13471, 1, 0, 0
330000, 13322, 1, 0, 0
330100, 15051, 1, 0, 0
330200, 13604, 1, 0, 0
330300, 17856, 1, 0, 0
330400, 14845, 1, 0, 0
330500, 17786, 1, 0, 0
330600, 14599, 1, 0, 0
330700, 14385, 1, 0, 0
330800, 15100, 1, 0, 0
330900, 16128, 1, 0, 0
331000, 14340, 1, 0, 0
331100, 15595, 1, 0, 0
331200, 15535, 1, 0, 0
331300, 16739, 1, 0, 0
331400, 16733, 1, 0, 0
331500, 15441, 1, 0, 0
331600, 13764, 1, 0, 0
331700, 15842, 1, 0, 0
331800, 13187, 1, 0, 0
331900, 13511, 1, 0, 0
332000, 13795, 1, 0, 0
332100, 14801, 1, 0, 0
332200, 14466, 1, 0, 0
332300, 19405, 1, 0, 0
332400, 18619, 1, 0, 0
332500, 16045, 1, 0, 0
332600, 19436, 1, 0, 0
332700, 12820, 1, 0, 0
332800, 14862, 1, 0, 0
332900, 14623, 1, 0, 0
333000, 14546, 1, 0, 0
333100, 16041, 1, 0, 0
333200, 15398, 1, 0, 0
333300, 14915, 1, 0, 0
333400, 14302, 1, 0, 0
333500, 12837, 1, 0, 0
333600, 14388, 1, 0, 0
333700, 17486, 1, 0, 0
333800, 15442, 1, 0, 0
333900, 15031, 1, 0, 0
334000, 17330, 1, 0, 0
334100, 17238, 1, 0, 0
334200, 14307, 1, 0, 0
334300, 16165, 1, 0, 0
334400, 14649, 1, 0, 0
334500, 19565, 1, 0, 0
334600, 15025, 1, 0, 0
334700, 14044, 1, 0, 0
334800, 15696, 1, 0, 0
334900, 15229, 1, 0, 0
335000, 13918, 1, 0, 0
335100, 13783, 1, 0, 0
335200, 12917, 1, 0, 0
335300, 14782, 1, 0, 0
335400, 13172, 1, 0, 0
335500, 15714, 1, 0, 0
335600, 14578, 1, 0, 0
335700, 17077, 1, 0, 0
335800, 14354, 1, 0, 0
335900, 13210, 1, 0, 0
336000, 15227, 1, 0, 0
336100, 15617, 1, 0, 0
336201, 15867, 1, 0, 0
336300, 17436, 1, 0, 0
336400, 15897, 1, 0, 0
336500, 16616, 1, 0, 0
336600, 14913, 1, 0, 0
336700, 15816, 1, 0, 0
336800, 19888, 1, 0, 0
336901, 16499, 1, 0, 0
337000, 17334, 1, 0, 0
337100, 18245, 1, 0, 0
337200, 16697, 1, 0, 0
337300, 13131, 1, 0, 0
337400, 17962, 1, 0, 0
337500, 17809, 1, 0, 0
337600, 14811, 1, 0, 0
337700, 15431, 1, 0, 0
337800, 14334, 1, 0, 0
337900, 16160, 1, 0, 0
338000, 15286, 1, 0, 0
338100, 15386, 1, 0, 0
338200, 14106, 1, 0, 0
338300, 13676, 1, 0, 0
338400, 14278, 1, 0, 0
338500, 19620, 1, 0, 0
338600, 16294, 1, 0, 0
338700, 16398, 1, 0, 0
338800, 17055, 1, 0, 0
338900, 16473, 1, 0, 0
339000, 15054, 1, 0, 0
339100, 13864, 1, 0, 0
339201, 14191, 1, 0, 0
339300, 14120, 1, 0, 0
339400, 16088, 1, 0, 0
339500, 14674, 1, 0, 0
339600, 18343, 1, 0, 0
339700, 16959, 1, 0, 0
339800, 13813, 1, 0, 0
339900, 16531, 1, 0, 0
340000, 14602, 1, 0, 0
340101, 16297, 1, 0, 0
340200, 15972, 1, 0, 0
340300, 18416, 1, 0, 0
340400, 14922, 1, 0, 0
340500, 15923, 1, 0, 0
340600, 17068, 1, 0, 0
340700, 13806, 1, 0, 0
340800, 14362, 1, 0, 0
340900, 15807, 1, 0, 0
341000, 14301, 1, 0, 0
341100, 12815, 1, 0, 0
341200, 14418, 1, 0, 0
341300, 16548, 1, 0, 0
341400, 13709, 1, 0, 0
341500, 15279, 1, 0, 0
341600, 15186, 1, 0, 0
341700, 17033, 1, 0, 0
341801, 21237, 1, 0, 0
341900, 17951, 1, 0, 0
342000, 17670, 1, 0, 0
342100, 16030, 1, 0, 0
342200, 15101, 1, 0, 0
342300, 13022, 1, 0, 0
342400, 13900, 1, 0, 0
342500, 16039, 1, 0, 0
342600, 20359, 1, 0, 0
342700, 18967, 1, 0, 0
342802, 18309, 1, 0, 0
342900, 15108, 1, 0, 0
343000, 15047, 1, 0, 0
343100, 14256, 1, 0, 0
343200, 17560, 1, 0, 0
343300, 16132, 1, 0, 0
343400, 15991, 1, 0, 0
343500, 15246, 1, 0, 0
343600, 15675, 1, 0, 0
343700, 15872, 1, 0, 0
343800, 17276, 1, 0, 0
343900, 16147, 1, 0, 0
344000, 14985, 1, 0, 0
344100, 16301, 1, 0, 0
344200, 17739, 1, 0, 0
344300, 18401, 1, 0, 0
344401, 15555, 1, 0, 0
344500, 15744, 1, 0, 0
344601, 16913, 1, 0, 0
344701, 17938, 1, 0, 0
344800, 17163, 1, 0, 0
344900, 13631, 1, 0, 0
345000, 17437, 1, 0, 0
345101, 15588, 1, 0, 0
345200, 15108, 1, 0, 0
345300, 15993, 1, 0, 0
345400, 15220, 1, 0, 0
345500, 13938, 1, 0, 0
345601, 15956, 1, 0, 0
345700, 19537, 1, 0, 0
345801, 17772, 1, 0, 0
345900, 16159, 1, 0, 0
346000, 13283, 1, 0, 0
346100, 15856, 1, 0, 0
346200, 13855, 1, 0, 0
346300, 14315, 1, 0, 0
346400, 19127, 1, 0, 0
346500, 14280, 1, 0, 0
346600, 14406, 1, 0, 0
346700, 16139, 1, 0, 0
346801, 15824, 1, 0, 0
346900, 16254, 1, 0, 0
347000, 16561, 1, 0, 0
347100, 16333, 1, 0, 0
347200, 15476, 1, 0, 0
347300, 16123, 1, 0, 0
347401, 15262, 1, 0, 0
347500, 17950, 1, 0, 0
347600, 16424, 1, 0, 0
347700, 17342, 1, 0, 0
347800, 15042, 1, 0, 0
347900, 13216, 1, 0, 0
348000, 15888, 1, 0, 0
348100, 13142, 1, 0, 0
348200, 12946, 1, 0, 0
348300, 13733, 1, 0, 0
348400, 16769, 1, 0, 0
348500, 16005, 1, 0, 0
348600, 18257, 1, 0, 0
348700, 14763, 1, 0, 0
348800, 15305, 1, 0, 0
348900, 17868, 1, 0, 0
349000, 13117, 1, 0, 0
349100, 14665, 1, 0, 0
349200, 14219, 1, 0, 0
349301, 14034, 1, 0, 0
349400, 16383, 1, 0, 0
349501, 18216, 1, 0, 0
349600, 17370, 1, 0, 0
349701, 14233, 1, 0, 0
349800, 14212, 1, 0, 0
349900, 14359, 1, 0, 0
350001, 16388, 1, 0, 0
350100, 14759, 1, 0, 0
350200, 18405, 1, 0, 0
350300, 13946, 1, 0, 0
350400, 16428, 1, 0, 0
350500, 15893, 1, 0, 0
350600, 16149, 1, 0, 0
350700, 18595, 1, 0, 0
350800, 16142, 1, 0, 0
350900, 15282, 1, 0, 0
351000, 17367, 1, 0, 0
351100, 13292, 1, 0, 0
351201, 15270, 1, 0, 0
351300, 20432, 1, 0, 0
351400, 16161, 1, 0, 0
351500, 16074, 1, 0, 0
351600, 13663, 1, 0, 0
351700, 17371, 1, 0, 0
351800, 16578, 1, 0, 0
351901, 13915, 1, 0, 0
352000, 17264, 1, 0, 0
352100, 13231, 1, 0, 0
352200, 15699, 1, 0, 0
352300, 18400, 1, 0, 0
352400, 16051, 1, 0, 0
352500, 14015, 1, 0, 0
352600, 15315, 1, 0, 0
352700, 16923, 1, 0, 0
352802, 14610, 1, 0, 0
352900, 16038, 1, 0, 0
353000, 15955, 1, 0, 0
353100, 15424, 1, 0, 0
353200, 16565, 1, 0, 0
353300, 15240, 1, 0, 0
353400, 15719, 1, 0, 0
353500, 17235, 1, 0, 0
353600, 15768, 1, 0, 0
353700, 14621, 1, 0, 0
353800, 16004, 1, 0, 0
353901, 18145, 1, 0, 0
354000, 17877, 1, 0, 0
354100, 14363, 1, 0, 0
354200, 18706, 1, 0, 0
354300, 17048, 1, 0, 0
354400, 15691, 1, 0, 0
354501, 13777, 1, 0, 0
354600, 16632, 1, 0, 0
354700, 19662, 1, 0, 0
354800, 15882, 1, 0, 0
354900, 15777, 1, 0, 0
355000, 15014, 1, 0, 0
355100, 15391, 1, 0, 0
355200, 14931, 1, 0, 0
355300, 14273, 1, 0, 0
355400, 20639, 1, 0, 0
355501, 16175, 1, 0, 0
355600, 17027, 1, 0, 0
355700, 15377, 1, 0, 0
355800, 15418, 1, 0, 0
355900, 16067, 1, 0, 0
356000, 17979, 1, 0, 0
356100, 17506, 1, 0, 0
356200, 16732, 1, 0, 0
356300, 16332, 1, 0, 0
356401, 15624, 1, 0, 0
356501, 19841, 1, 0, 0
356600, 17759, 1, 0, 0
356700, 17769, 1, 0, 0
356800, 14528, 1, 0, 0
356900, 18864, 1, 0, 0
357000, 14824, 1, 0, 0
357100, 17353, 1, 0, 0
357200, 16303, 1, 0, 0
357300, 15678, 1, 0, 0
357400, 15915, 1, 0, 0
357500, 17784, 1, 0, 0
357600, 14248, 1, 0, 0
357700, 18393, 1, 0, 0
357800, 17167, 1, 0, 0
357901, 14129, 1, 0, 0
358000, 16491, 1, 0, 0
358100, 15654, 1, 0, 0
358200, 14996, 1, 0, 0
358300, 16927, 1, 0, 0
358400, 16516, 1, 0, 0
358500, 14292, 1, 0, 0
358600, 13674, 1, 0, 0
358700, 14800, 1, 0, 0
358800, 15651, 1, 0, 0
358900, 16480, 1, 0, 0
359000, 14736, 1, 0, 0
359100, 14843, 1, 0, 0
359200, 16390, 1, 0, 0
359300, 15877, 1, 0, 0
359400, 19935, 1, 0, 0
359500, 15224, 1, 0, 0
359600, 16762, 1, 0, 0
359700, 18433, 1, 0, 0
359800, 15629, 1, 0, 0
359900, 17826, 1, 0, 0
360000, 15084, 1, 0, 0
360100, 14537, 1, 0, 0
360200, 16474, 1, 0, 0
360300, 13723, 1, 0, 0
360400, 15341, 1, 0, 0
360500, 13704, 1, 0, 0
360600, 13233, 1, 0, 0
360700, 14697, 1, 0, 0
360800, 14498, 1, 0, 0
360900, 15112, 1, 0, 0
361000, 14150, 1, 0, 0
361100, 14334, 1, 0, 0
361200, 15602, 1, 0, 0
361300, 15933, 1, 0, 0
361400, 13732, 1, 0, 0
361500, 15156, 1, 0, 0
361600, 13778, 1, 0, 0
361700, 15766, 1, 0, 0
361800, 18390, 1, 0, 0
361900, 17581, 1, 0, 0
362001, 15982, 1, 0, 0
362100, 17673, 1, 0, 0
362200, 17781, 1, 0, 0
362300, 18540, 1, 0, 0
362400, 14520, 1, 0, 0
362500, 13584, 1, 0, 0
362601, 14363, 1, 0, 0
362700, 15059, 1, 0, 0
362800, 18918, 1, 0, 0
362900, 14363, 1, 0, 0
363000, 14550, 1, 0, 0
363100, 15078, 1, 0, 0
363201, 13808, 1, 0, 0
363300, 16916, 1, 0, 0
363400, 13870, 1, 0, 0
363500, 13640, 1, 0, 0
363600, 15203, 1, 0, 0
363700, 15907, 1, 0, 0
363801, 14957, 1, 0, 0
363900, 14006, 1, 0, 0
364000, 16303, 1, 0, 0
364100, 16777, 1, 0, 0
364200, 15838, 1, 0, 0
364300, 14948, 1, 0, 0
364401, 15220, 1, 0, 0
364500, 17132, 1, 0, 0
364600, 17168, 1, 0, 0
364700, 16989, 1, 0, 0
364800, 15389, 1, 0, 0
364900, 17275, 1, 0, 0
365000, 15264, 1, 0, 0
365100, 15230, 1, 0, 0
365200, 17916, 1, 0, 0
365300, 17056, 1, 0, 0
365400, 16893, 1, 0, 0
365500, 17543, 1, 0, 0
365600, 16871, 1, 0, 0
365702, 16736, 1, 0, 0
365800, 16555, 1, 0, 0
365900, 13810, 1, 0, 0
366000, 16221, 1, 0, 0
366100, 18020, 1, 0, 0
366200, 16954, 1, 0, 0
366300, 17769, 1, 0, 0
366400, 19197, 1, 0, 0
366500, 14573, 1, 0, 0
366600, 16534, 1, 0, 0
366700, 16609, 1, 0, 0
366800, 16311, 1, 0, 0
366900, 16443, 1, 0, 0
367000, 17486, 1, 0, 0
367100, 17671, 1, 0, 0
367200, 17742, 1, 0, 0
367300, 14102, 1, 0, 0
367400, 15526, 1, 0, 0
367500, 16397, 1, 0, 0
367600, 15214, 1, 0, 0
367700, 13635, 1, 0, 0
367800, 16289, 1, 0, 0
367900, 13158, 1, 0, 0
368000, 14369, 1, 0, 0
368100, 17488, 1, 0, 0
368200, 16636, 1, 0, 0
368300, 14304, 1, 0, 0
368400, 14107, 1, 0, 0
368500, 20883, 1, 0, 0
368600, 13540, 1, 0, 0
368700, 15280, 1, 0, 0
368800, 18526, 1, 0, 0
368900, 15817, 1, 0, 0
369000, 14733, 1, 0, 0
369100, 16796, 1, 0, 0
369200, 16324, 1, 0, 0
369300, 18572, 1, 0, 0
369400, 13154, 1, 0, 0
369500, 14911, 1, 0, 0
369600, 16840, 1, 0, 0
369700, 16784, 1, 0, 0
369800, 13037, 1, 0, 0
369900, 13798, 1, 0, 0
370000, 17261, 1, 0, 0
370100, 17008, 1, 0, 0
370200, 14068, 1, 0, 0
370300, 13469, 1, 0, 0
370400, 14614, 1, 0, 0
370501, 13137, 1, 0, 0
370600, 13297, 1, 0, 0
370700, 12548, 1, 0, 0
370800, 16049, 1, 0, 0
370900, 16271, 1, 0, 0
371000, 18848, 1, 0, 0
371100, 18441, 1, 0, 0
371200, 16144, 1, 0, 0
371300, 15547, 1, 0, 0
371400, 16304, 1, 0, 0
371500, 18602, 1, 0, 0
371600, 16080, 1, 0, 0
371701, 13440, 1, 0, 0
371800, 18434, 1, 0, 0
371900, 16319, 1, 0, 0
372000, 16145, 1, 0, 0
372100, 14037, 1, 0, 0
372201, 13997, 1, 0, 0
372300, 19742, 1, 0, 0
372401, 15027, 1, 0, 0
372500, 15821, 1, 0, 0
372600, 15485, 1, 0, 0
372700, 15045, 1, 0, 0
372800, 16597, 1, 0, 0
372900, 14415, 1, 0, 0
373000, 15751, 1, 0, 0
373100, 13373, 1, 0, 0
373201, 14654, 1, 0, 0
373300, 17308, 1, 0, 0
373400, 16307, 1, 0, 0
373500, 17380, 1, 0, 0
373600, 12940, 1, 0, 0
373700, 12386, 1, 0, 0
373800, 18693, 1, 0, 0
373900, 16210, 1, 0, 0
374000, 18803, 1, 0, 0
374100, 13860, 1, 0, 0
374200, 14867, 1, 0, 0
374300, 12179, 1, 0, 0
374400, 16374, 1, 0, 0
374500, 14793, 1, 0, 0
374600, 19011, 1, 0, 0
374701, 13857, 1, 0, 0
374800, 14584, 1, 0, 0
374900, 18277, 1, 0, 0
375000, 17809, 1, 0, 0
375100, 18021, 1, 0, 0
375200, 15053, 1, 0, 0
375300, 15601, 1, 0, 0
375400, 15984, 1, 0, 0
375500, 14006, 1, 0, 0
375600, 13533, 1, 0, 0
375700, 19242, 1, 0, 0
375800, 18382, 1, 0, 0
375900, 15175, 1, 0, 0
376000, 18226, 1, 0, 0
376100, 14387, 1, 0, 0
376200, 15682, 1, 0, 0
376300, 15089, 1, 0, 0
376400, 17281, 1, 0, 0
376500, 15469, 1, 0, 0
376600, 13749, 1, 0, 0
376700, 16653, 1, 0, 0
376800, 15387, 1, 0, 0
376900, 16047, 1, 0, 0
377000, 16747, 1, 0, 0
377100, 15647, 1, 0, 0
377200, 16748, 1, 0, 0
377300, 16769, 1, 0, 0
377400, 18113, 1, 0, 0
377500, 14060, 1, 0, 0
377600, 14501, 1, 0, 0
377701, 19152, 1, 0, 0
377800, 16501, 1, 0, 0
377900, 13968, 1, 0, 0
378000, 16562, 1, 0, 0
378100, 14147, 1, 0, 0
378200, 14733, 1, 0, 0
378300, 15588, 1, 0, 0
378400, 13145, 1, 0, 0
378500, 14316, 1, 0, 0
378600, 18828, 1, 0, 0
378700, 15685, 1, 0, 0
378800, 14188, 1, 0, 0
378900, 12811, 1, 0, 0
379000, 14131, 1, 0, 0
379100, 13988, 1, 0, 0
379200, 14936, 1, 0, 0
379300, 14005, 1, 0, 0
379400, 18422, 1, 0, 0
379500, 15425, 1, 0, 0
379600, 17939, 1, 0, 0
379700, 17721, 1, 0, 0
379800, 13454, 1, 0, 0
379900, 13731, 1, 0, 0
380000, 16621, 1, 0, 0
380100, 17049, 1, 0, 0
380200, 21192, 1, 0, 0
380300, 15953, 1, 0, 0
380401, 17160, 1, 0, 0
380500, 18755, 1, 0, 0
380600, 15083, 1, 0, 0
380700, 14207, 1, 0, 0
380800, 18750, 1, 0, 0
380900, 19040, 1, 0, 0
381000, 15597, 1, 0, 0
381100, 14770, 1, 0, 0
381200, 15840, 1, 0, 0
381300, 14823, 1, 0, 0
381400, 13941, 1, 0, 0
381500, 13353, 1, 0, 0
381600, 17584, 1, 0, 0
381700, 13225, 1, 0, 0
381800, 18562, 1, 0, 0
381900, 19338, 1, 0, 0
382000, 16254, 1, 0, 0
382101, 13402, 1, 0, 0
382200, 21417, 1, 0, 0
382301, 14647, 1, 0, 0
382400, 15109, 1, 0, 0
382500, 15890, 1, 0, 0
382600, 14532, 1, 0, 0
382700, 17052, 1, 0, 0
382800, 18975, 1, 0, 0
382900, 14408, 1, 0, 0
383000, 14140, 1, 0, 0
383100, 15507, 1, 0, 0
383200, 16746, 1, 0, 0
383300, 18783, 1, 0, 0
383400, 18907, 1, 0, 0
383500, 14214, 1, 0, 0
383600, 14879, 1, 0, 0
383700, 15529, 1, 0, 0
383800, 15788, 1, 0, 0
383900, 13875, 1, 0, 0
384001, 14615, 1, 0, 0
384100, 14222, 1, 0, 0
384200, 15084, 1, 0, 0
384300, 13258, 1, 0, 0
384400, 13344, 1, 0, 0
384500, 15864, 1, 0, 0
384600, 14343, 1, 0, 0
384700, 15183, 1, 0, 0
384800, 16965, 1, 0, 0
384900, 17470, 1, 0, 0
385000, 14293, 1, 0, 0
385100, 13290, 1, 0, 0
385200, 14147, 1, 0, 0
385300, 13508, 1, 0, 0
385400, 13737, 1, 0, 0
385500, 16777, 1, 0, 0
385600, 18453, 1, 0, 0
385700, 16700, 1, 0, 0
385800, 17083, 1, 0, 0
385900, 19071, 1, 0, 0
386000, 14369, 1, 0, 0
386100, 13891, 1, 0, 0
386200, 15195, 1, 0, 0
386300, 16712, 1, 0, 0
386400, 18233, 1, 0, 0
386500, 13693, 1, 0, 0
386600, 14281, 1, 0, 0
386700, 13639, 1, 0, 0
386800, 14879, 1, 0, 0
386900, 14144, 1, 0, 0
387000, 13464, 1, 0, 0
387100, 14469, 1, 0, 0
387200, 15260, 1, 0, 0
387300, 16438, 1, 0, 0
387402, 16793, 1, 0, 0
387500, 15131, 1, 0, 0
387600, 16691, 1, 0, 0
387700, 19282, 1, 0, 0
387800, 17590, 1, 0, 0
387900, 18950, 1, 0, 0
388000, 12735, 1, 0, 0
388100, 12867, 1, 0, 0
388200, 17081, 1, 0, 0
388300, 16417, 1, 0, 0
388400, 14535, 1, 0, 0
388500, 13266, 1, 0, 0
388600, 13142, 1, 0, 0
388700, 12980, 1, 0, 0
388800, 19254, 1, 0, 0
388900, 14715, 1, 0, 0
389000, 14581, 1, 0, 0
389101, 15932, 1, 0, 0
389200, 17970, 1, 0, 0
389301, 14827, 1, 0, 0
389400, 16744, 1, 0, 0
389500, 13761, 1, 0, 0
389600, 16153, 1, 0, 0
389700, 16060, 1, 0, 0
389800, 15292, 1, 0, 0
389900, 18114, 1, 0, 0
390000, 14926, 1, 0, 0
390100, 15879, 1, 0, 0
390200, 14530, 1, 0, 0
390300, 16266, 1, 0, 0
390400, 14354, 1, 0, 0
390500, 14889, 1, 0, 0
390600, 17032, 1, 0, 0
390700, 17854, 1, 0, 0
390801, 14757, 1, 0, 0
390900, 15581, 1, 0, 0
391000, 12917, 1, 0, 0
391100, 18723, 1, 0, 0
391200, 15171, 1, 0, 0
391300, 12718, 1, 0, 0
391400, 17190, 1, 0, 0
391500, 16240, 1, 0, 0
391600, 14411, 1, 0, 0
391700, 16227, 1, 0, 0
391800, 15895, 1, 0, 0
391900, 16320, 1, 0, 0
392000, 13383, 1, 0, 0
392100, 14439, 1, 0, 0
392200, 16637, 1, 0, 0
392300, 17945, 1, 0, 0
392400, 14806, 1, 0, 0
392500, 14740, 1, 0, 0
392600, 16772, 1, 0, 0
392700, 17221, 1, 0, 0
392800, 19581, 1, 0, 0
392900, 15387, 1, 0, 0
393000, 13852, 1, 0, 0
393100, 16945, 1, 0, 0
393200, 20136, 1, 0, 0
393300, 14978, 1, 0, 0
393400, 17039, 1, 0, 0
393500, 14408, 1, 0, 0
393600, 16612, 1, 0, 0
393701, 18732, 1, 0, 0
393800, 14364, 1, 0, 0
393900, 14599, 1, 0, 0
394000, 17450, 1, 0, 0
394100, 16114, 1, 0, 0
394200, 15089, 1, 0, 0
394300, 15866, 1, 0, 0
394400, 15029, 1, 0, 0
394500, 14302, 1, 0, 0
394600, 16368, 1, 0, 0
394700, 15510, 1, 0, 0
394800, 15405, 1, 0, 0
394900, 17738, 1, 0, 0
395000, 15693, 1, 0, 0
395101, 14464, 1, 0, 0
395200, 15389, 1, 0, 0
395300, 16480, 1, 0, 0
395400, 19112, 1, 0, 0
395500, 16462, 1, 0, 0
395600, 18056, 1, 0, 0
395700, 17485, 1, 0, 0
395800, 14510, 1, 0, 0
395900, 13344, 1, 0, 0
396000, 17897, 1, 0, 0
396100, 15753, 1, 0, 0
396200, 16272, 1, 0, 0
396300, 14257, 1, 0, 0
396400, 15351, 1, 0, 0
396500, 13884, 1, 0, 0
396600, 17511, 1, 0, 0
396700, 17104, 1, 0, 0
396800, 14836, 1, 0, 0
396900, 16783, 1, 0, 0
397000, 14452, 1, 0, 0
397101, 13965, 1, 0, 0
397201, 13994, 1, 0, 0
397300, 14347, 1, 0, 0
397400, 19642, 1, 0, 0
397500, 14559, 1, 0, 0
397600, 14096, 1, 0, 0
397700, 16971, 1, 0, 0
397800, 18666, 1, 0, 0
397900, 14809, 1, 0, 0
398000, 18106, 1, 0, 0
398100, 16250, 1, 0, 0
398200, 16551, 1, 0, 0
398300, 18279, 1, 0, 0
398400, 14951, 1, 0, 0
398500, 15066, 1, 0, 0
398600, 13874, 1, 0, 0
398700, 16347, 1, 0, 0
398800, 16646, 1, 0, 0
398900, 16549, 1, 0, 0
399000, 13914, 1, 0, 0
399100, 17661, 1, 0, 0
399200, 18446, 1, 0, 0
399301, 16689, 1, 0, 0
399400, 15468, 1, 0, 0
399500, 13447, 1, 0, 0
399600, 18461, 1, 0, 0
399700, 16936, 1, 0, 0
399800, 17132, 1, 0, 0
399900, 14459, 1, 0, 0
400000, 16035, 1, 0, 0
400100, 17199, 1, 0, 0
400200, 16926, 1, 0, 0
400300, 19590, 1, 0, 0
400400, 14531, 1, 0, 0
400500, 13915, 1, 0, 0
400600, 15610, 1, 0, 0
400700, 13701, 1, 0, 0
400800, 15369, 1, 0, 0
400900, 16300, 1, 0, 0
401000, 18902, 1, 0, 0
401100, 15944, 1, 0, 0
401200, 16939, 1, 0, 0
401300, 14694, 1, 0, 0
401400, 13741, 1, 0, 0
401500, 18537, 1, 0, 0
401600, 15266, 1, 0, 0
401700, 13409, 1, 0, 0
401800, 13115, 1, 0, 0
401900, 13689, 1, 0, 0
402000, 14541, 1, 0, 0
402101, 14470, 1, 0, 0
402200, 14286, 1, 0, 0
402300, 17297, 1, 0, 0
402400, 12699, 1, 0, 0
402500, 14172, 1, 0, 0
402600, 19418, 1, 0, 0
402700, 16874, 1, 0, 0
402800, 15863, 1, 0, 0
402900, 15563, 1, 0, 0
403000, 17959, 1, 0, 0
403101, 15360, 1, 0, 0
403200, 15942, 1, 0, 0
403300, 14133, 1, 0, 0
403400, 16676, 1, 0, 0
403500, 16765, 1, 0, 0
403600, 15416, 1, 0, 0
403700, 15932, 1, 0, 0
403800, 16566, 1, 0, 0
403900, 14611, 1, 0, 0
404000, 12891, 1, 0, 0
404100, 14292, 1, 0, 0
404200, 17278, 1, 0, 0
404300, 14111, 1, 0, 0
404400, 14105, 1, 0, 0
404500, 20673, 1, 0, 0
404600, 16071, 1, 0, 0
404701, 16823, 1, 0, 0
404800, 13419, 1, 0, 0
404900, 18051, 1, 0, 0
405000, 14445, 1, 0, 0
405100, 16088, 1, 0, 0
405200, 16535, 1, 0, 0
405300, 16584, 1, 0, 0
405400, 17973, 1, 0, 0
405500, 14674, 1, 0, 0
405600, 15939, 1, 0, 0
405700, 15069, 1, 0, 0
405800, 19288, 1, 0, 0
405900, 15040, 1, 0, 0
406000, 15836, 1, 0, 0
406100, 14181, 1, 0, 0
406200, 15968, 1, 0, 0
406300, 17618, 1, 0, 0
406400, 14106, 1, 0, 0
406500, 18333, 1, 0, 0
406600, 17328, 1, 0, 0
406700, 16481, 1, 0, 0
406800, 16626, 1, 0, 0
406900, 13615, 1, 0, 0
407000, 13702, 1, 0, 0
407100, 17919, 1, 0, 0
407200, 16931, 1, 0, 0
407300, 17121, 1, 0, 0
407400, 16142, 1, 0, 0
407500, 13608, 1, 0, 0
407600, 17846, 1, 0, 0
407700, 18638, 1, 0, 0
407800, 13738, 1, 0, 0
407900, 15677, 1, 0, 0
408000, 15971, 1, 0, 0
408100, 15903, 1, 0, 0
408200, 15163, 1, 0, 0
408300, 16258, 1, 0, 0
408400, 16106, 1, 0, 0
408500, 18494, 1, 0, 0
408600, 16667, 1, 0, 0
408700, 18377, 1, 0, 0
408800, 16926, 1, 0, 0
408900, 20156, 1, 0, 0
409000, 15210, 1, 0, 0
409100, 15146, 1, 0, 0
409200, 13162, 1, 0, 0
409300, 16839, 1, 0, 0
409400, 17183, 1, 0, 0
409500, 15240, 1, 0, 0
409600, 16102, 1, 0, 0
409700, 14055, 1, 0, 0
409800, 13060, 1, 0, 0
409900, 16730, 1, 0, 0
410000, 17658, 1, 0, 0
410100, 16181, 1, 0, 0
410200, 14709, 1, 0, 0
410300, 15050, 1, 0, 0
410400, 14405, 1, 0, 0
410500, 17510, 1, 0, 0
410600, 14587, 1, 0, 0
410700, 16065, 1, 0, 0
410800, 13810, 1, 0, 0
410900, 16598, 1, 0, 0
411001, 16253, 1, 0, 0
411100, 14549, 1, 0, 0
411200, 13826, 1, 0, 0
411300, 16209, 1, 0, 0
411400, 17629, 1, 0, 0
411500, 15335, 1, 0, 0
411600, 15041, 1, 0, 0
411700, 14507, 1, 0, 0
411800, 13236, 1, 0, 0
411900, 15307, 1, 0, 0
412000, 16039, 1, 0, 0
412100, 14971, 1, 0, 0
412200, 20289, 1, 0, 0
412300, 14496, 1, 0, 0
412400, 18076, 1, 0, 0
412500, 16464, 1, 0, 0
412600, 12629, 1, 0, 0
412700, 13863, 1, 0, 0
412800, 15444, 1, 0, 0
412900, 18317, 1, 0, 0
413000, 15275, 1, 0, 0
413100, 12898, 1, 0, 0
413200, 16420, 1, 0, 0
413300, 18231, 1, 0, 0
413400, 14674, 1, 0, 0
413500, 16147, 1, 0, 0
413600, 14590, 1, 0, 0
413700, 18431, 1, 0, 0
413800, 15910, 1, 0, 0
413900, 16818, 1, 0, 0
414000, 18654, 1, 0, 0
414100, 15837, 1, 0, 0
414200, 17466, 1, 0, 0
414301, 14042, 1, 0, 0
414400, 13823, 1, 0, 0
414501, 15030, 1, 0, 0
414600, 17193, 1, 0, 0
414700, 15526, 1, 0, 0
414800, 14832, 1, 0, 0
414900, 15765, 1, 0, 0
415000, 16511, 1, 0, 0
415101, 15825, 1, 0, 0
415200, 16536, 1, 0, 0
415300, 14442, 1, 0, 0
415400, 15745, 1, 0, 0
415500, 17761, 1, 0, 0
415600, 16350, 1, 0, 0
415700, 16830, 1, 0, 0
415801, 13944, 1, 0, 0
415900, 15395, 1, 0, 0
416000, 15379, 1, 0, 0
416100, 13975, 1, 0, 0
416200, 13738, 1, 0, 0
416300, 13510, 1, 0, 0
416400, 16676, 1, 0, 0
416500, 18959, 1, 0, 0
416600, 15659, 1, 0, 0
416700, 15633, 1, 0, 0
416800, 18606, 1, 0, 0
416900, 15694, 1, 0, 0
417000, 16292, 1, 0, 0
417100, 15608, 1, 0, 0
417200, 14249, 1, 0, 0
417300, 18642, 1, 0, 0
417400, 13301, 1, 0, 0
417500, 15385, 1, 0, 0
417600, 15801, 1, 0, 0
417700, 16416, 1, 0, 0
417800, 17994, 1, 0, 0
417900, 16334, 1, 0, 0
418000, 16225, 1, 0, 0
418100, 15260, 1, 0, 0
418200, 19095, 1, 0, 0
418300, 16758, 1, 0, 0
418400, 14430, 1, 0, 0
418500, 14854, 1, 0, 0
418600, 18799, 1, 0, 0
418700, 14972, 1, 0, 0
418800, 13579, 1, 0, 0
418900, 17435, 1, 0, 0
419000, 16541, 1, 0, 0
419100, 13303, 1, 0, 0
419200, 15286, 1, 0, 0
419300, 18969, 1, 0, 0
419400, 14523, 1, 0, 0
419500, 17215, 1, 0, 0
419600, 16801, 1, 0, 0
419700, 15176, 1, 0, 0
419800, 19026, 1, 0, 0
419900, 20017, 1, 0, 0
420000, 18231, 1, 0, 0
420100, 15797, 1, 0, 0
420200, 13181, 1, 0, 0
420300, 17873, 1, 0, 0
420400, 14723, 1, 0, 0
420500, 18285, 1, 0, 0
420600, 17713, 1, 0, 0
420700, 17530, 1, 0, 0
420800, 14782, 1, 0, 0
420900, 14296, 1, 0, 0
421000, 15008, 1, 0, 0
421100, 13960, 1, 0, 0
421200, 17676, 1, 0, 0
421300, 17137, 1, 0, 0
421400, 15685, 1, 0, 0
421500, 14999, 1, 0, 0
421601, 16743, 1, 0, 0
421700, 16817, 1, 0, 0
421800, 14783, 1, 0, 0
421900, 13929, 1, 0, 0
422000, 13336, 1, 0, 0
422100, 15439, 1, 0, 0
422200, 14325, 1, 0, 0
422300, 13621, 1, 0, 0
422400, 18139, 1, 0, 0
422500, 16808, 1, 0, 0
422600, 13647, 1, 0, 0
422700, 16278, 1, 0, 0
422800, 17483, 1, 0, 0
422900, 16860, 1, 0, 0
423000, 15962, 1, 0, 0
423100, 19567, 1, 0, 0
423200, 18306, 1, 0, 0
423300, 18387, 1, 0, 0
423400, 16687, 1, 0, 0
423500, 16105, 1, 0, 0
423600, 14118, 1, 0, 0
423700, 14619, 1, 0, 0
423800, 14080, 1, 0, 0
423900, 17247, 1, 0, 0
424000, 15032, 1, 0, 0
424100, 15299, 1, 0, 0
424200, 16522, 1, 0, 0
424300, 16223, 1, 0, 0
424400, 13306, 1, 0, 0
424500, 15709, 1, 0, 0
424600, 14851, 1, 0, 0
424700, 12104, 1, 0, 0
424801, 14383, 1, 0, 0
424900, 15203, 1, 0, 0
425000, 13891, 1, 0, 0
425100, 16447, 1, 0, 0
425200, 18899, 1, 0, 0
425300, 17338, 1, 0, 0
425400, 22320, 1, 0, 0
425500, 16188, 1, 0, 0
425600, 18912, 1, 0, 0
425700, 13932, 1, 0, 0
425800, 15009, 1, 0, 0
425900, 14682, 1, 0, 0
426000, 19745, 1, 0, 0
426100, 15167, 1, 0, 0
426200, 19634, 1, 0, 0
426300, 14470, 1, 0, 0
426400, 14015, 1, 0, 0
426500, 14420, 1, 0, 0
426600, 19536, 1, 0, 0
426700, 14976, 1, 0, 0
426800, 16776, 1, 0, 0
426900, 18797, 1, 0, 0
427000, 16299, 1, 0, 0
427100, 15825, 1, 0, 0
427201, 19814, 1, 0, 0
427300, 19279, 1, 0, 0
427400, 18671, 1, 0, 0
427500, 15009, 1, 0, 0
427600, 15775, 1, 0, 0
427700, 15334, 1, 0, 0
427801, 19772, 1, 0, 0
427900, 16561, 1, 0, 0
428000, 16390, 1, 0, 0
428100, 15745, 1, 0, 0
428200, 18039, 1, 0, 0
428300, 17959, 1, 0, 0
428400, 15060, 1, 0, 0
428501, 18598, 1, 0, 0
428600, 16283, 1, 0, 0
428700, 17475, 1, 0, 0
428800, 15546, 1, 0, 0
428900, 13574, 1, 0, 0
429000, 15535, 1, 0, 0
429101, 15997, 1, 0, 0
429200, 16296, 1, 0, 0
429300, 18786, 1, 0, 0
429400, 17891, 1, 0, 0
429500, 13214, 1, 0, 0
429600, 12743, 1, 0, 0
429700, 14901, 1, 0, 0
429801, 18364, 1, 0, 0
429900, 15070, 1, 0, 0
430000, 14633, 1, 0, 0
430100, 13630, 1, 0, 0
430200, 15065, 1, 0, 0
430301, 16751, 1, 0, 0
430400, 15358, 1, 0, 0
430500, 17642, 1, 0, 0
430600, 17356, 1, 0, 0
430700, 14187, 1, 0, 0
430800, 16189, 1, 0, 0
430901, 16647, 1, 0, 0
431000, 12673, 1, 0, 0
431100, 15646, 1, 0, 0
431200, 17186, 1, 0, 0
431300, 14532, 1, 0, 0
431400, 18192, 1, 0, 0
431500, 14276, 1, 0, 0
431600, 13982, 1, 0, 0
431700, 17038, 1, 0, 0
431800, 17925, 1, 0, 0
431900, 13615, 1, 0, 0
432000, 13777, 1, 0, 0
432100, 16770, 1, 0, 0
432200, 14070, 1, 0, 0
432300, 16119, 1, 0, 0
432400, 16334, 1, 0, 0
432500, 15621, 1, 0, 0
432600, 13971, 1, 0, 0
432700, 13908, 1, 0, 0
432800, 17783, 1, 0, 0
432900, 16473, 1, 0, 0
433000, 15747, 1, 0, 0
433100, 17951, 1, 0, 0
433200, 16231, 1, 0, 0
433300, 13444, 1, 0, 0
433401, 16489, 1, 0, 0
433500, 18312, 1, 0, 0
433600, 18248, 1, 0, 0
433700, 15389, 1, 0, 0
433800, 15744, 1, 0, 0
433900, 14391, 1, 0, 0
434000, 13258, 1, 0, 0
434100, 18442, 1, 0, 0
434200, 17472, 1, 0, 0
434300, 14137, 1, 0, 0
434400, 18194, 1, 0, 0
434500, 18522, 1, 0, 0
434600, 17548, 1, 0, 0
434700, 18243, 1, 0, 0
434800, 16565, 1, 0, 0
434900, 14829, 1, 0, 0
435000, 17841, 1, 0, 0
435100, 16571, 1, 0, 0
435201, 14017, 1, 0, 0
435300, 18061, 1, 0, 0
435400, 13480, 1, 0, 0
435500, 14185, 1, 0, 0
435600, 17093, 1, 0, 0
435700, 14737, 1, 0, 0
435800, 13880, 1, 0, 0
435900, 13243, 1, 0, 0
436000, 16375, 1, 0, 0
436100, 16380, 1, 0, 0
436200, 15902, 1, 0, 0
436300, 13796, 1, 0, 0
436400, 12919, 1, 0, 0
436500, 15566, 1, 0, 0
436600, 14493, 1, 0, 0
436700, 13981, 1, 0, 0
436800, 15841, 1, 0, 0
436901, 13083, 1, 0, 0
437000, 13368, 1, 0, 0
437100, 13719, 1, 0, 0
437200, 15250, 1, 0, 0
437300, 14410, 1, 0, 0
437401, 16818, 1, 0, 0
437500, 15227, 1, 0, 0
437600, 15714, 1, 0, 0
437700, 15404, 1, 0, 0
437800, 12857, 1, 0, 0
437900, 16859, 1, 0, 0
438000, 16019, 1, 0, 0
438100, 14104, 1, 0, 0
438200, 13354, 1, 0, 0
438300, 13578, 1, 0, 0
438400, 16356, 1, 0, 0
438501, 14158, 1, 0, 0
438600, 14473, 1, 0, 0
438700, 16440, 1, 0, 0
438800, 17237, 1, 0, 0
438900, 18342, 1, 0, 0
439000, 14340, 1, 0, 0
439100, 14380, 1, 0, 0
439200, 17168, 1, 0, 0
439300, 13917, 1, 0, 0
439400, 14478, 1, 0, 0
439501, 14087, 1, 0, 0
439600, 18377, 1, 0, 0
439700, 13972, 1, 0, 0
439800, 16030, 1, 0, 0
439900, 18410, 1, 0, 0
440000, 15431, 1, 0, 0
440100, 13934, 1, 0, 0
440200, 13656, 1, 0, 0
440300, 14807, 1, 0, 0
440400, 12795, 1, 0, 0
440500, 14212, 1, 0, 0
440600, 15577, 1, 0, 0
440700, 13534, 1, 0, 0
440801, 17209, 1, 0, 0
440900, 17400, 1, 0, 0
441000, 17835, 1, 0, 0
441100, 14683, 1, 0, 0
441200, 15744, 1, 0, 0
441300, 14920, 1, 0, 0
441401, 15091, 1, 0, 0
441500, 13570, 1, 0, 0
441600, 15762, 1, 0, 0
441700, 17926, 1, 0, 0
441800, 15622, 1, 0, 0
441900, 17900, 1, 0, 0
442000, 20592, 1, 0, 0
442100, 16775, 1, 0, 0
442200, 15277, 1, 0, 0
442300, 18023, 1, 0, 0
442400, 16510, 1, 0, 0
442500, 20727, 1, 0, 0
442600, 16152, 1, 0, 0
442700, 13073, 1, 0, 0
442800, 17126, 1, 0, 0
442900, 16479, 1, 0, 0
443000, 18991, 1, 0, 0
443100, 17143, 1, 0, 0
443200, 17718, 1, 0, 0
443300, 18693, 1, 0, 0
443400, 13168, 1, 0, 0
443500, 15686, 1, 0, 0
443600, 20614, 1, 0, 0
443701, 16007, 1, 0, 0
443800, 14009, 1, 0, 0
443900, 15550, 1, 0, 0
444000, 15206, 1, 0, 0
444100, 16161, 1, 0, 0
444200, 13725, 1, 0, 0
444300, 12947, 1, 0, 0
444400, 16420, 1, 0, 0
444500, 16703, 1, 0, 0
444601, 17145, 1, 0, 0
444700, 16120, 1, 0, 0
444800, 15701, 1, 0, 0
444900, 15217, 1, 0, 0
445000, 13968, 1, 0, 0
445101, 15973, 1, 0, 0
445200, 17754, 1, 0, 0
445300, 13378, 1, 0, 0
445400, 15253, 1, 0, 0
445501, 14907, 1, 0, 0
445600, 17109, 1, 0, 0
445700, 13988, 1, 0, 0
445800, 13665, 1, 0, 0
445900, 16545, 1, 0, 0
446000, 18937, 1, 0, 0
446100, 19669, 1, 0, 0
446200, 14793, 1, 0, 0
446300, 19809, 1, 0, 0
446400, 20260, 1, 0, 0
446500, 21923, 1, 0, 0
446600, 15128, 1, 0, 0
446700, 15529, 1, 0, 0
446800, 19722, 1, 0, 0
446900, 19271, 1, 0, 0
447000, 19178, 1, 0, 0
447100, 18025, 1, 0, 0
447201, 14314, 1, 0, 0
447300, 16118, 1, 0, 0
447400, 15371, 1, 0, 0
447500, 15963, 1, 0, 0
447600, 18282, 1, 0, 0
447700, 17368, 1, 0, 0
447801, 16210, 1, 0, 0
447900, 16946, 1, 0, 0
448000, 15564, 1, 0, 0
448100, 13521, 1, 0, 0
448200, 16784, 1, 0, 0
448300, 17426, 1, 0, 0
448400, 14771, 1, 0, 0
448500, 15286, 1, 0, 0
448600, 18183, 1, 0, 0
448700, 13346, 1, 0, 0
448800, 17811, 1, 0, 0
448900, 15127, 1, 0, 0
449000, 16537, 1, 0, 0
449100, 14239, 1, 0, 0
449201, 19073, 1, 0, 0
449300, 18442, 1, 0, 0
449400, 17329, 1, 0, 0
449500, 17968, 1, 0, 0
449600, 16058, 1, 0, 0
449700, 13869, 1, 0, 0
449800, 14036, 1, 0, 0
449900, 16055, 1, 0, 0
450000, 20092, 1, 0, 0
450100, 14914, 1, 0, 0
450200, 17068, 1, 0, 0
450300, 17458, 1, 0, 0
450400, 19875, 1, 0, 0
450500, 17269, 1, 0, 0
450600, 20043, 1, 0, 0
450700, 16983, 1, 0, 0
450800, 19239, 1, 0, 0
450900, 18675, 1, 0, 0
451000, 18464, 1, 0, 0
451100, 15181, 1, 0, 0
451200, 17546, 1, 0, 0
451300, 15008, 1, 0, 0
451400, 17765, 1, 0, 0
451500, 17791, 1, 0, 0
451600, 16238, 1, 0, 0
451700, 15861, 1, 0, 0
451800, 15305, 1, 0, 0
451900, 18198, 1, 0, 0
452000, 14120, 1, 0, 0
452100, 16700, 1, 0, 0
452200, 16719, 1, 0, 0
452300, 15461, 1, 0, 0
452400, 13751, 1, 0, 0
452500, 15959, 1, 0, 0
452600, 14887, 1, 0, 0
452700, 16405, 1, 0, 0
452800, 17009, 1, 0, 0
452900, 19029, 1, 0, 0
453000, 17986, 1, 0, 0
453100, 16107, 1, 0, 0
453201, 13069, 1, 0, 0
453300, 17622, 1, 0, 0
453400, 16929, 1, 0, 0
453500, 17396, 1, 0, 0
453600, 17928, 1, 0, 0
453700, 17816, 1, 0, 0
453800, 17038, 1, 0, 0
453900, 15284, 1, 0, 0
454000, 16252, 1, 0, 0
454100, 13257, 1, 0, 0
454200, 14873, 1, 0, 0
454300, 16733, 1, 0, 0
454400, 20738, 1, 0, 0
454500, 15456, 1, 0, 0
454600, 15552, 1, 0, 0
454701, 18243, 1, 0, 0
454800, 14399, 1, 0, 0
454900, 17905, 1, 0, 0
455000, 16245, 1, 0, 0
455100, 18460, 1, 0, 0
455200, 14919, 1, 0, 0
455300, 15289, 1, 0, 0
455400, 17991, 1, 0, 0
455500, 17977, 1, 0, 0
455600, 13990, 1, 0, 0
455700, 14988, 1, 0, 0
455800, 13372, 1, 0, 0
455900, 15430, 1, 0, 0
456000, 14394, 1, 0, 0
456100, 18486, 1, 0, 0
456200, 14129, 1, 0, 0
456300, 18129, 1, 0, 0
456400, 17731, 1, 0, 0
456500, 13575, 1, 0, 0
456600, 17313, 1, 0, 0
456701, 17621, 1, 0, 0
456800, 13898, 1, 0, 0
456900, 13783, 1, 0, 0
457000, 17267, 1, 0, 0
457100, 16350, 1, 0, 0
457200, 14463, 1, 0, 0
457300, 16308, 1, 0, 0
457400, 13999, 1, 0, 0
457500, 18405, 1, 0, 0
457600, 18265, 1, 0, 0
457700, 17317, 1, 0, 0
457800, 15460, 1, 0, 0
457900, 19487, 1, 0, 0
458000, 14144, 1, 0, 0
458100, 18110, 1, 0, 0
458200, 14250, 1, 0, 0
458300, 14792, 1, 0, 0
458400, 14647, 1, 0, 0
458500, 16773, 1, 0, 0
458600, 16592, 1, 0, 0
458700, 17926, 1, 0, 0
458800, 14288, 1, 0, 0
458900, 15210, 1, 0, 0
459000, 13234, 1, 0, 0
459100, 17294, 1, 0, 0
459201, 13501, 1, 0, 0
459300, 16603, 1, 0, 0
459400, 14118, 1, 0, 0
459500, 17794, 1, 0, 0
459600, 15138, 1, 0, 0
459700, 20377, 1, 0, 0
459800, 16109, 1, 0, 0
459900, 13337, 1, 0, 0
460000, 17168, 1, 0, 0
460100, 16696, 1, 0, 0
460200, 14066, 1, 0, 0
460300, 17894, 1, 0, 0
460400, 15427, 1, 0, 0
460500, 13895, 1, 0, 0
460600, 15976, 1, 0, 0
460700, 14724, 1, 0, 0
460800, 14479, 1, 0, 0
460900, 17317, 1, 0, 0
461000, 17001, 1, 0, 0
461100, 15698, 1, 0, 0
461200, 17691, 1, 0, 0
461300, 15651, 1, 0, 0
461400, 17348, 1, 0, 0
461500, 14862, 1, 0, 0
461600, 14765, 1, 0, 0
461700, 19119, 1, 0, 0
461800, 17419, 1, 0, 0
461900, 14189, 1, 0, 0
462000, 16610, 1, 0, 0
462100, 14521, 1, 0, 0
462200, 13228, 1, 0, 0
462300, 16300, 1, 0, 0
462400, 16246, 1, 0, 0
462500, 15027, 1, 0, 0
462600, 15891, 1, 0, 0
462700, 14354, 1, 0, 0
462800, 15500, 1, 0, 0
462900, 14230, 1, 0, 0
463000, 16840, 1, 0, 0
463100, 14460, 1, 0, 0
463200, 13868, 1, 0, 0
463300, 17499, 1, 0, 0
463400, 15009, 1, 0, 0
463501, 18735, 1, 0, 0
463600, 14091, 1, 0, 0
463700, 14533, 1, 0, 0
463800, 18416, 1, 0, 0
463900, 13940, 1, 0, 0
464000, 15696, 1, 0, 0
464100, 15375, 1, 0, 0
464200, 13587, 1, 0, 0
464301, 16326, 1, 0, 0
464400, 16340, 1, 0, 0
464500, 15888, 1, 0, 0
464601, 15696, 1, 0, 0
464700, 13696, 1, 0, 0
464800, 14750, 1, 0, 0
464900, 15897, 1, 0, 0
465000, 14120, 1, 0, 0
465100, 15788, 1, 0, 0
465200, 16169, 1, 0, 0
465300, 17192, 1, 0, 0
465400, 15850, 1, 0, 0
465500, 17445, 1, 0, 0
465600, 15626, 1, 0, 0
465700, 16484, 1, 0, 0
465800, 16131, 1, 0, 0
465901, 18264, 1, 0, 0
466000, 18052, 1, 0, 0
466100, 15873, 1, 0, 0
466200, 14889, 1, 0, 0
466301, 16347, 1, 0, 0
466400, 16275, 1, 0, 0
466500, 16301, 1, 0, 0
466600, 16554, 1, 0, 0
466700, 17587, 1, 0, 0
466800, 14645, 1, 0, 0
466900, 13588, 1, 0, 0
467000, 13407, 1, 0, 0
467100, 14923, 1, 0, 0
467200, 13258, 1, 0, 0
467300, 15948, 1, 0, 0
467400, 14048, 1, 0, 0
467500, 14943, 1, 0, 0
467600, 18466, 1, 0, 0
467700, 15888, 1, 0, 0
467800, 15272, 1, 0, 0
467900, 19423, 1, 0, 0
468001, 15449, 1, 0, 0
468100, 18342, 1, 0, 0
468200, 16974, 1, 0, 0
468300, 15249, 1, 0, 0
468400, 16126, 1, 0, 0
468500, 15039, 1, 0, 0
468600, 13866, 1, 0, 0
468700, 15761, 1, 0, 0
468800, 14696, 1, 0, 0
468900, 13906, 1, 0, 0
469000, 15810, 1, 0, 0
469100, 14740, 1, 0, 0
469200, 15911, 1, 0, 0
469300, 15431, 1, 0, 0
469400, 14578, 1, 0, 0
469500, 15000, 1, 0, 0
469600, 13226, 1, 0, 0
469701, 16391, 1, 0, 0
469800, 16523, 1, 0, 0
469900, 15831, 1, 0, 0
470001, 19362, 1, 0, 0
470100, 14348, 1, 0, 0
470200, 14739, 1, 0, 0
470300, 16599, 1, 0, 0
470400, 16137, 1, 0, 0
470500, 13393, 1, 0, 0
470601, 13677, 1, 0, 0
470700, 16771, 1, 0, 0
470800, 20288, 1, 0, 0
470900, 13772, 1, 0, 0
471000, 15312, 1, 0, 0
471100, 13406, 1, 0, 0
471200, 13997, 1, 0, 0
471300, 16307, 1, 0, 0
471400, 13483, 1, 0, 0
471501, 15026, 1, 0, 0
471601, 14557, 1, 0, 0
471700, 16150, 1, 0, 0
471801, 16290, 1, 0, 0
471900, 18042, 1, 0, 0
472000, 16485, 1, 0, 0
472100, 14925, 1, 0, 0
472200, 14732, 1, 0, 0
472300, 16278, 1, 0, 0
472400, 17748, 1, 0, 0
472500, 15300, 1, 0, 0
472600, 16002, 1, 0, 0
472701, 16391, 1, 0, 0
472800, 13900, 1, 0, 0
472900, 15017, 1, 0, 0
473000, 15251, 1, 0, 0
473100, 15615, 1, 0, 0
473200, 14183, 1, 0, 0
473300, 16998, 1, 0, 0
473400, 19403, 1, 0, 0
473500, 15336, 1, 0, 0
473600, 17001, 1, 0, 0
473700, 16578, 1, 0, 0
473800, 17005, 1, 0, 0
473900, 15805, 1, 0, 0
474000, 18760, 1, 0, 0
474100, 16753, 1, 0, 0
474200, 16207, 1, 0, 0
474300, 13598, 1, 0, 0
474400, 13253, 1, 0, 0
474500, 13930, 1, 0, 0
474600, 15688, 1, 0, 0
474700, 18067, 1, 0, 0
474800, 18517, 1, 0, 0
474900, 16968, 1, 0, 0
475000, 14171, 1, 0, 0
475100, 15018, 1, 0, 0
475200, 17361, 1, 0, 0
475300, 13726, 1, 0, 0
475400, 15521, 1, 0, 0
475500, 17802, 1, 0, 0
475600, 14811, 1, 0, 0
475700, 15513, 1, 0, 0
475800, 17326, 1, 0, 0
475900, 17201, 1, 0, 0
476000, 16442, 1, 0, 0
476100, 18430, 1, 0, 0
476200, 18445, 1, 0, 0
476300, 15072, 1, 0, 0
476400, 14724, 1, 0, 0
476500, 16164, 1, 0, 0
476600, 16241, 1, 0, 0
476700, 17204, 1, 0, 0
476800, 13868, 1, 0, 0
476900, 18308, 1, 0, 0
477000, 16886, 1, 0, 0
477100, 17820, 1, 0, 0
477201, 17078, 1, 0, 0
477301, 17413, 1, 0, 0
477400, 15217, 1, 0, 0
477500, 16491, 1, 0, 0
477600, 15068, 1, 0, 0
477700, 17377, 1, 0, 0
477800, 16671, 1, 0, 0
477900, 15381, 1, 0, 0
478000, 15852, 1, 0, 0
478100, 17415, 1, 0, 0
478200, 15323, 1, 0, 0
478301, 15925, 1, 0, 0
478400, 16445, 1, 0, 0
478500, 20734, 1, 0, 0
478601, 18235, 1, 0, 0
478700, 18365, 1, 0, 0
478800, 17579, 1, 0, 0
478901, 15643, 1, 0, 0
479000, 15574, 1, 0, 0
479100, 13650, 1, 0, 0
479200, 14406, 1, 0, 0
479300, 19920, 1, 0, 0
479400, 17005, 1, 0, 0
479500, 18230, 1, 0, 0
479601, 17653, 1, 0, 0
479700, 16870, 1, 0, 0
479800, 17802, 1, 0, 0
479900, 15987, 1, 0, 0
480000, 13077, 1, 0, 0
480100, 17590, 1, 0, 0
480200, 18605, 1, 0, 0
480300, 16644, 1, 0, 0
480400, 13860, 1, 0, 0
480500, 15650, 1, 0, 0
480600, 14654, 1, 0, 0
480700, 17085, 1, 0, 0
480800, 15986, 1, 0, 0
480900, 13671, 1, 0, 0
481000, 16292, 1, 0, 0
481100, 16917, 1, 0, 0
481200, 17014, 1, 0, 0
481300, 14645, 1, 0, 0
481400, 13207, 1, 0, 0
481500, 13271, 1, 0, 0
481601, 16935, 1, 0, 0
481700, 14692, 1, 0, 0
481800, 15867, 1, 0, 0
481900, 14900, 1, 0, 0
482000, 15942, 1, 0, 0
482100, 15830, 1, 0, 0
482200, 19334, 1, 0, 0
482301, 17094, 1, 0, 0
482400, 18637, 1, 0, 0
482500, 18727, 1, 0, 0
482600, 18808, 1, 0, 0
482701, 17066, 1, 0, 0
482800, 18192, 1, 0, 0
482900, 13747, 1, 0, 0
483000, 13481, 1, 0, 0
483100, 18132, 1, 0, 0
483200, 17090, 1, 0, 0
483300, 14098, 1, 0, 0
483400, 16355, 1, 0, 0
483500, 15624, 1, 0, 0
483601, 18660, 1, 0, 0
483700, 16616, 1, 0, 0
483800, 13326, 1, 0, 0
483900, 17009, 1, 0, 0
484000, 14849, 1, 0, 0
484100, 13634, 1, 0, 0
484200, 14781, 1, 0, 0
484300, 13999, 1, 0, 0
484400, 13722, 1, 0, 0
484501, 14421, 1, 0, 0
484600, 17229, 1, 0, 0
484700, 13571, 1, 0, 0
484800, 18101, 1, 0, 0
484900, 15671, 1, 0, 0
485000, 16414, 1, 0, 0
485100, 16315, 1, 0, 0
485200, 15924, 1, 0, 0
485300, 16273, 1, 0, 0
485400, 18492, 1, 0, 0
485500, 17124, 1, 0, 0
485600, 17427, 1, 0, 0
485700, 20951, 1, 0, 0
485800, 16944, 1, 0, 0
485900, 16857, 1, 0, 0
486000, 14843, 1, 0, 0
486100, 18092, 1, 0, 0
486200, 16365, 1, 0, 0
486300, 17217, 1, 0, 0
486400, 17943, 1, 0, 0
486500, 14488, 1, 0, 0
486600, 14727, 1, 0, 0
486700, 18191, 1, 0, 0
486800, 16327, 1, 0, 0
486900, 15936, 1, 0, 0
487000, 17028, 1, 0, 0
487100, 19863, 1, 0, 0
487200, 18340, 1, 0, 0
487300, 13627, 1, 0, 0
487400, 14446, 1, 0, 0
487501, 13707, 1, 0, 0
487600, 13712, 1, 0, 0
487700, 14115, 1, 0, 0
487800, 17438, 1, 0, 0
487900, 16974, 1, 0, 0
488000, 15330, 1, 0, 0
488100, 18234, 1, 0, 0
488200, 18974, 1, 0, 0
488300, 15089, 1, 0, 0
488400, 15052, 1, 0, 0
488500, 16289, 1, 0, 0
488600, 14594, 1, 0, 0
488701, 15038, 1, 0, 0
488800, 13820, 1, 0, 0
488900, 14748, 1, 0, 0
489000, 14483, 1, 0, 0
489100, 14642, 1, 0, 0
489200, 17612, 1, 0, 0
489300, 16093, 1, 0, 0
489400, 14991, 1, 0, 0
489500, 15496, 1, 0, 0
489600, 17158, 1, 0, 0
489700, 16682, 1, 0, 0
489800, 17008, 1, 0, 0
489900, 14888, 1, 0, 0
490000, 19717, 1, 0, 0
490100, 17743, 1, 0, 0
490200, 21300, 1, 0, 0
490300, 18590, 1, 0, 0
490400, 17900, 1, 0, 0
490500, 18255, 1, 0, 0
490600, 14159, 1, 0, 0
490700, 16980, 1, 0, 0
490800, 13718, 1, 0, 0
490900, 13426, 1, 0, 0
491000, 14086, 1, 0, 0
491100, 17100, 1, 0, 0
491200, 14346, 1, 0, 0
491300, 14694, 1, 0, 0
491400, 18581, 1, 0, 0
491500, 18409, 1, 0, 0
491600, 14474, 1, 0, 0
491700, 14592, 1, 0, 0
491800, 19030, 1, 0, 0
491900, 19177, 1, 0, 0
492000, 16629, 1, 0, 0
492100, 15841, 1, 0, 0
492200, 13918, 1, 0, 0
492300, 15756, 1, 0, 0
492400, 20411, 1, 0, 0
492500, 14814, 1, 0, 0
492600, 15380, 1, 0, 0
492700, 15708, 1, 0, 0
492800, 16115, 1, 0, 0
492900, 15105, 1, 0, 0
493000, 17166, 1, 0, 0
493100, 17156, 1, 0, 0
493200, 14377, 1, 0, 0
493300, 17094, 1, 0, 0
493400, 14008, 1, 0, 0
493500, 17998, 1, 0, 0
493600, 17866, 1, 0, 0
493700, 17453, 1, 0, 0
493800, 19195, 1, 0, 0
493900, 15183, 1, 0, 0
494000, 15832, 1, 0, 0
494100, 15466, 1, 0, 0
494201, 13485, 1, 0, 0
494300, 18211, 1, 0, 0
494401, 15264, 1, 0, 0
494500, 13049, 1, 0, 0
494600, 15567, 1, 0, 0
494701, 15634, 1, 0, 0
494800, 15739, 1, 0, 0
494900, 14999, 1, 0, 0
495000, 21451, 1, 0, 0
495100, 18411, 1, 0, 0
495200, 13605, 1, 0, 0
495300, 16205, 1, 0, 0
495400, 16826, 1, 0, 0
495500, 19461, 1, 0, 0
495600, 19615, 1, 0, 0
495700, 15931, 1, 0, 0
495800, 13873, 1, 0, 0
495900, 20508, 1, 0, 0
496000, 14321, 1, 0, 0
496101, 15157, 1, 0, 0
496200, 14199, 1, 0, 0
496300, 13176, 1, 0, 0
496400, 20713, 1, 0, 0
496500, 17541, 1, 0, 0
496601, 14318, 1, 0, 0
496700, 15975, 1, 0, 0
496800, 16927, 1, 0, 0
496900, 15361, 1, 0, 0
497000, 15468, 1, 0, 0
497100, 15996, 1, 0, 0
497201, 15944, 1, 0, 0
497300, 15024, 1, 0, 0
497400, 13582, 1, 0, 0
497500, 21332, 1, 0, 0
497600, 15845, 1, 0, 0
497700, 17994, 1, 0, 0
497800, 16736, 1, 0, 0
497900, 15387, 1, 0, 0
498000, 14925, 1, 0, 0
498100, 19353, 1, 0, 0
498201, 13036, 1, 0, 0
498300, 14605, 1, 0, 0
498400, 13279, 1, 0, 0
498500, 18480, 1, 0, 0
498600, 13543, 1, 0, 0
498700, 16362, 1, 0, 0
498800, 16896, 1, 0, 0
498900, 14767, 1, 0, 0
499000, 17101, 1, 0, 0
499100, 14244, 1, 0, 0
499201, 15124, 1, 0, 0
499300, 13608, 1, 0, 0
499400, 15718, 1, 0, 0
499500, 15403, 1, 0, 0
499600, 15228, 1, 0, 0
499700, 14159, 1, 0, 0
499800, 15605, 1, 0, 0
499900, 16159, 1, 0, 0
500000, 16319, 1, 0, 0
500100, 17726, 1, 0, 0
500200, 14778, 1, 0, 0
500301, 14309, 1, 0, 0
500401, 17903, 1, 0, 0
500500, 13870, 1, 0, 0
500600, 15494, 1, 0, 0
500700, 12870, 1, 0, 0
500800, 15318, 1, 0, 0
500900, 16478, 1, 0, 0
501000, 15508, 1, 0, 0
501100, 16035, 1, 0, 0
501200, 15142, 1, 0, 0
501300, 14644, 1, 0, 0
501401, 15175, 1, 0, 0
501500, 16534, 1, 0, 0
501600, 13840, 1, 0, 0
501700, 13095, 1, 0, 0
501800, 14631, 1, 0, 0
501900, 16384, 1, 0, 0
502000, 19552, 1, 0, 0
502101, 14653, 1, 0, 0
502200, 13634, 1, 0, 0
502300, 14860, 1, 0, 0
502400, 19413, 1, 0, 0
502500, 19805, 1, 0, 0
502600, 17409, 1, 0, 0
502700, 16205, 1, 0, 0
502800, 14986, 1, 0, 0
502900, 13754, 1, 0, 0
503000, 13216, 1, 0, 0
503100, 18430, 1, 0, 0
503200, 14592, 1, 0, 0
503300, 13205, 1, 0, 0
503400, 15216, 1, 0, 0
503500, 12052, 1, 0, 0
503600, 18864, 1, 0, 0
503700, 18290, 1, 0, 0
503800, 18402, 1, 0, 0
503902, 17142, 1, 0, 0
504000, 15011, 1, 0, 0
504100, 13234, 1, 0, 0
504200, 17686, 1, 0, 0
504300, 18744, 1, 0, 0
504400, 13665, 1, 0, 0
504500, 18003, 1, 0, 0
504600, 17920, 1, 0, 0
504700, 16769, 1, 0, 0
504800, 14684, 1, 0, 0
504900, 14297, 1, 0, 0
505000, 19617, 1, 0, 0
505100, 17968, 1, 0, 0
505201, 13174, 1, 0, 0
505300, 18646, 1, 0, 0
505400, 16950, 1, 0, 0
505500, 14436, 1, 0, 0
505600, 17337, 1, 0, 0
505700, 15769, 1, 0, 0
505800, 14455, 1, 0, 0
505900, 17389, 1, 0, 0
506000, 15507, 1, 0, 0
506101, 14072, 1, 0, 0
506200, 15034, 1, 0, 0
506300, 16406, 1, 0, 0
506400, 15431, 1, 0, 0
506500, 19802, 1, 0, 0
506600, 14991, 1, 0, 0
506700, 16998, 1, 0, 0
506800, 15038, 1, 0, 0
506900, 13972, 1, 0, 0
507000, 16162, 1, 0, 0
507100, 12427, 1, 0, 0
507200, 16972, 1, 0, 0
507300, 18470, 1, 0, 0
507400, 15520, 1, 0, 0
507501, 19072, 1, 0, 0
507600, 14775, 1, 0, 0
507700, 20039, 1, 0, 0
507800, 17495, 1, 0, 0
507900, 15353, 1, 0, 0
508001, 18251, 1, 0, 0
508100, 16738, 1, 0, 0
508200, 18653, 1, 0, 0
508300, 15999, 1, 0, 0
508401, 16334, 1, 0, 0
508500, 16324, 1, 0, 0
508600, 14892, 1, 0, 0
508700, 15889, 1, 0, 0
508800, 17959, 1, 0, 0
508900, 18753, 1, 0, 0
509000, 16229, 1, 0, 0
509100, 16504, 1, 0, 0
509200, 17649, 1, 0, 0
509300, 15781, 1, 0, 0
509400, 19820, 1, 0, 0
509500, 17070, 1, 0, 0
509600, 14175, 1, 0, 0
509700, 18220, 1, 0, 0
509800, 16368, 1, 0, 0
509900, 16804, 1, 0, 0
510000, 17397, 1, 0, 0
510100, 15480, 1, 0, 0
510200, 15414, 1, 0, 0
510300, 16139, 1, 0, 0
510400, 14940, 1, 0, 0
510500, 13308, 1, 0, 0
510600, 14140, 1, 0, 0
510700, 13791, 1, 0, 0
510800, 15832, 1, 0, 0
510900, 16277, 1, 0, 0
511000, 15744, 1, 0, 0
511100, 14736, 1, 0, 0
511200, 14956, 1, 0, 0
511300, 15976, 1, 0, 0
511400, 15635, 1, 0, 0
511501, 19124, 1, 0, 0
511600, 14440, 1, 0, 0
511700, 13996, 1, 0, 0
511800, 15137, 1, 0, 0
511900, 18430, 1, 0, 0
512000, 15561, 1, 0, 0
512100, 13670, 1, 0, 0
512200, 16742, 1, 0, 0
512300, 15839, 1, 0, 0
512400, 13753, 1, 0, 0
512500, 16696, 1, 0, 0
512600, 21571, 1, 0, 0
512700, 13920, 1, 0, 0
512800, 15795, 1, 0, 0
512900, 17354, 1, 0, 0
513000, 16184, 1, 0, 0
513100, 18642, 1, 0, 0
513200, 13587, 1, 0, 0
513300, 16298, 1, 0, 0
513400, 14248, 1, 0, 0
513500, 15891, 1, 0, 0
513600, 15437, 1, 0, 0
513700, 16882, 1, 0, 0
513801, 14587, 1, 0, 0
513900, 13209, 1, 0, 0
514001, 15875, 1, 0, 0
514100, 19611, 1, 0, 0
514200, 14332, 1, 0, 0
514300, 19382, 1, 0, 0
514400, 12970, 1, 0, 0
514500, 19258, 1, 0, 0
514600, 16737, 1, 0, 0
514700, 16298, 1, 0, 0
514800, 13159, 1, 0, 0
514900, 18156, 1, 0, 0
515000, 12888, 1, 0, 0
515100, 18610, 1, 0, 0
515200, 16217, 1, 0, 0
515300, 12624, 1, 0, 0
515400, 15980, 1, 0, 0
515500, 14574, 1, 0, 0
515600, 18552, 1, 0, 0
515700, 14485, 1, 0, 0
515800, 15934, 1, 0, 0
515900, 15688, 1, 0, 0
516001, 16882, 1, 0, 0
516100, 18504, 1, 0, 0
516201, 13639, 1, 0, 0
516300, 14565, 1, 0, 0
516400, 16970, 1, 0, 0
516500, 13791, 1, 0, 0
516600, 15043, 1, 0, 0
516700, 15207, 1, 0, 0
516800, 13602, 1, 0, 0
516900, 17350, 1, 0, 0
517000, 14906, 1, 0, 0
517100, 19615, 1, 0, 0
517200, 19348, 1, 0, 0
517300, 16037, 1, 0, 0
517400, 14863, 1, 0, 0
517500, 14212, 1, 0, 0
517600, 15661, 1, 0, 0
517700, 15530, 1, 0, 0
517800, 14677, 1, 0, 0
517901, 13298, 1, 0, 0
518000, 14603, 1, 0, 0
518100, 14008, 1, 0, 0
518200, 16410, 1, 0, 0
518300, 13961, 1, 0, 0
518400, 17125, 1, 0, 0
518500, 13354, 1, 0, 0
518600, 14875, 1, 0, 0
518700, 16497, 1, 0, 0
518800, 15698, 1, 0, 0
518900, 17894, 1, 0, 0
519000, 16230, 1, 0, 0
519100, 19315, 1, 0, 0
519200, 13524, 1, 0, 0
519300, 14060, 1, 0, 0
519400, 14913, 1, 0, 0
519500, 14528, 1, 0, 0
519600, 19295, 1, 0, 0
519701, 18062, 1, 0, 0
519800, 16674, 1, 0, 0
519901, 15674, 1, 0, 0
520000, 15756, 1, 0, 0
520100, 13654, 1, 0, 0
520200, 16236, 1, 0, 0
520300, 18240, 1, 0, 0
520400, 14287, 1, 0, 0
520500, 16753, 1, 0, 0
520600, 17876, 1, 0, 0
520700, 16669, 1, 0, 0
520800, 15838, 1, 0, 0
520900, 14517, 1, 0, 0
521000, 18525, 1, 0, 0
521100, 16120, 1, 0, 0
521200, 14345, 1, 0, 0
521300, 17635, 1, 0, 0
521400, 14362, 1, 0, 0
521500, 15285, 1, 0, 0
521600, 16998, 1, 0, 0
521700, 14588, 1, 0, 0
521800, 15320, 1, 0, 0
521900, 18371, 1, 0, 0
522000, 16131, 1, 0, 0
522100, 17209, 1, 0, 0
522201, 14287, 1, 0, 0
522300, 17583, 1, 0, 0
522400, 14105, 1, 0, 0
522500, 13531, 1, 0, 0
522600, 15525, 1, 0, 0
522700, 14248, 1, 0, 0
522800, 15072, 1, 0, 0
522900, 15482, 1, 0, 0
523000, 13257, 1, 0, 0
523100, 12903, 1, 0, 0
523200, 14679, 1, 0, 0
523300, 15384, 1, 0, 0
523400, 13619, 1, 0, 0
523500, 16809, 1, 0, 0
523600, 15402, 1, 0, 0
523700, 18288, 1, 0, 0
523800, 17640, 1, 0, 0
523900, 16675, 1, 0, 0
524000, 13634, 1, 0, 0
524100, 12934, 1, 0, 0
524200, 16922, 1, 0, 0
524300, 16659, 1, 0, 0
524400, 13915, 1, 0, 0
524500, 14013, 1, 0, 0
524601, 15191, 1, 0, 0
524700, 13273, 1, 0, 0
524800, 16919, 1, 0, 0
524901, 15585, 1, 0, 0
525000, 15753, 1, 0, 0
525100, 17820, 1, 0, 0
525202, 14290, 1, 0, 0
525301, 21451, 1, 0, 0
525400, 16008, 1, 0, 0
525500, 12958, 1, 0, 0
525600, 13990, 1, 0, 0
525700, 15250, 1, 0, 0
525800, 17571, 1, 0, 0
525900, 14222, 1, 0, 0
526000, 15806, 1, 0, 0
526100, 13507, 1, 0, 0
526200, 15566, 1, 0, 0
526300, 20147, 1, 0, 0
526400, 14978, 1, 0, 0
526500, 14409, 1, 0, 0
526600, 18738, 1, 0, 0
526701, 16253, 1, 0, 0
526800, 15822, 1, 0, 0
526900, 17090, 1, 0, 0
527000, 15530, 1, 0, 0
527100, 15408, 1, 0, 0
527200, 16439, 1, 0, 0
527300, 17466, 1, 0, 0
527400, 17926, 1, 0, 0
527500, 13256, 1, 0, 0
527600, 16856, 1, 0, 0
527700, 16898, 1, 0, 0
527800, 18127, 1, 0, 0
527900, 15214, 1, 0, 0
528000, 15403, 1, 0, 0
528100, 15384, 1, 0, 0
528201, 14798, 1, 0, 0
528300, 13294, 1, 0, 0
528400, 14555, 1, 0, 0
528500, 14644, 1, 0, 0
528600, 12825, 1, 0, 0
528700, 14727, 1, 0, 0
528800, 14593, 1, 0, 0
528900, 14751, 1, 0, 0
529001, 19079, 1, 0, 0
529100, 16362, 1, 0, 0
529200, 14053, 1, 0, 0
529300, 18477, 1, 0, 0
529400, 18091, 1, 0, 0
529500, 14548, 1, 0, 0
529600, 17115, 1, 0, 0
529700, 21407, 1, 0, 0
529800, 15516, 1, 0, 0
529900, 15398, 1, 0, 0
530001, 20501, 1, 0, 0
530100, 14413, 1, 0, 0
530200, 13346, 1, 0, 0
530300, 13659, 1, 0, 0
530400, 17746, 1, 0, 0
530500, 16306, 1, 0, 0
530600, 14742, 1, 0, 0
530700, 14037, 1, 0, 0
530800, 13553, 1, 0, 0
530900, 14404, 1, 0, 0
531001, 17824, 1, 0, 0
531100, 16777, 1, 0, 0
531200, 16476, 1, 0, 0
531300, 14077, 1, 0, 0
531401, 15577, 1, 0, 0
531500, 14905, 1, 0, 0
531600, 17391, 1, 0, 0
531700, 17034, 1, 0, 0
531800, 16217, 1, 0, 0
531900, 18102, 1, 0, 0
532002, 16064, 1, 0, 0
532100, 16594, 1, 0, 0
532200, 14117, 1, 0, 0
532300, 13152, 1, 0, 0
532400, 13994, 1, 0, 0
532500, 17081, 1, 0, 0
532600, 18340, 1, 0, 0
532700, 15277, 1, 0, 0
532800, 15621, 1, 0, 0
532900, 14945, 1, 0, 0
533001, 15513, 1, 0, 0
533100, 15069, 1, 0, 0
533200, 21617, 1, 0, 0
533300, 14729, 1, 0, 0
533400, 15374, 1, 0, 0
533500, 16484, 1, 0, 0
533601, 14760, 1, 0, 0
533700, 15054, 1, 0, 0
533800, 18088, 1, 0, 0
533900, 15570, 1, 0, 0
534000, 15836, 1, 0, 0
534100, 16816, 1, 0, 0
534200, 17208, 1, 0, 0
534300, 17317, 1, 0, 0
534400, 15988, 1, 0, 0
534500, 15403, 1, 0, 0
534600, 14705, 1, 0, 0
534700, 16399, 1, 0, 0
534800, 20900, 1, 0, 0
534900, 13397, 1, 0, 0
535001, 16237, 1, 0, 0
535100, 18455, 1, 0, 0
535200, 18312, 1, 0, 0
535300, 16815, 1, 0, 0
535400, 15679, 1, 0, 0
535500, 19259, 1, 0, 0
535600, 17597, 1, 0, 0
535700, 14438, 1, 0, 0
535800, 15081, 1, 0, 0
535900, 14998, 1, 0, 0
536000, 17796, 1, 0, 0
536100, 13886, 1, 0, 0
536200, 13518, 1, 0, 0
536300, 14147, 1, 0, 0
536400, 19003, 1, 0, 0
536500, 15447, 1, 0, 0
536600, 15286, 1, 0, 0
536700, 14622, 1, 0, 0
536800, 16695, 1, 0, 0
536900, 16075, 1, 0, 0
537000, 18103, 1, 0, 0
537100, 17676, 1, 0, 0
537200, 16099, 1, 0, 0
537301, 16671, 1, 0, 0
537400, 13321, 1, 0, 0
537500, 15625, 1, 0, 0
537600, 17863, 1, 0, 0
537700, 18587, 1, 0, 0
537801, 19482, 1, 0, 0
537900, 14774, 1, 0, 0
538000, 15029, 1, 0, 0
538100, 15121, 1, 0, 0
538200, 17600, 1, 0, 0
538300, 15748, 1, 0, 0
538401, 15963, 1, 0, 0
538500, 15583, 1, 0, 0
538600, 18117, 1, 0, 0
538700, 14841, 1, 0, 0
538800, 17459, 1, 0, 0
538900, 16418, 1, 0, 0
539000, 14486, 1, 0, 0
539100, 14423, 1, 0, 0
539200, 15964, 1, 0, 0
539300, 13858, 1, 0, 0
539400, 16528, 1, 0, 0
539500, 15186, 1, 0, 0
539600, 17293, 1, 0, 0
539700, 13045, 1, 0, 0
539800, 14723, 1, 0, 0
539900, 14168, 1, 0, 0
540000, 19576, 1, 0, 0
540100, 16830, 1, 0, 0
540200, 15661, 1, 0, 0
540300, 15689, 1, 0, 0
540400, 18314, 1, 0, 0
540500, 17607, 1, 0, 0
540601, 13848, 1, 0, 0
540700, 13793, 1, 0, 0
540800, 14714, 1, 0, 0
540900, 14553, 1, 0, 0
541000, 13733, 1, 0, 0
541100, 15134, 1, 0, 0
541200, 13808, 1, 0, 0
541300, 16627, 1, 0, 0
541401, 13693, 1, 0, 0
541500, 17182, 1, 0, 0
541600, 19104, 1, 0, 0
541700, 15155, 1, 0, 0
541800, 14094, 1, 0, 0
541900, 13724, 1, 0, 0
542000, 13667, 1, 0, 0
542100, 15857, 1, 0, 0
542200, 14089, 1, 0, 0
542300, 15817, 1, 0, 0
542400, 14494, 1, 0, 0
542500, 15630, 1, 0, 0
542600, 17884, 1, 0, 0
542700, 12880, 1, 0, 0
542800, 16965, 1, 0, 0
542900, 14381, 1, 0, 0
543000, 16930, 1, 0, 0
543100, 14569, 1, 0, 0
543200, 16979, 1, 0, 0
543300, 16343, 1, 0, 0
543400, 14732, 1, 0, 0
543500, 14937, 1, 0, 0
543600, 15853, 1, 0, 0
543700, 17113, 1, 0, 0
543800, 17416, 1, 0, 0
543900, 14518, 1, 0, 0
544000, 14650, 1, 0, 0
544100, 20603, 1, 0, 0
544200, 13656, 1, 0, 0
544300, 13843, 1, 0, 0
544400, 19554, 1, 0, 0
544501, 17530, 1, 0, 0
544600, 15080, 1, 0, 0
544700, 17111, 1, 0, 0
544800, 14358, 1, 0, 0
544900, 14002, 1, 0, 0
545000, 14998, 1, 0, 0
545100, 16860, 1, 0, 0
545200, 18522, 1, 0, 0
545300, 19240, 1, 0, 0
545400, 14180, 1, 0, 0
545500, 13420, 1, 0, 0
545600, 18190, 1, 0, 0
545700, 16116, 1, 0, 0
545800, 15950, 1, 0, 0
545900, 18416, 1, 0, 0
546000, 14807, 1, 0, 0
546100, 17987, 1, 0, 0
546200, 13828, 1, 0, 0
546300, 16061, 1, 0, 0
546400, 17834, 1, 0, 0
546500, 14393, 1, 0, 0
546600, 13947, 1, 0, 0
546700, 15238, 1, 0, 0
546800, 14660, 1, 0, 0
546900, 14193, 1, 0, 0
547000, 12966, 1, 0, 0
547100, 17547, 1, 0, 0
547200, 13796, 1, 0, 0
547300, 13369, 1, 0, 0
547400, 15836, 1, 0, 0
547500, 15216, 1, 0, 0
547600, 15925, 1, 0, 0
547700, 14180, 1, 0, 0
547800, 13780, 1, 0, 0
547901, 15046, 1, 0, 0
548000, 17633, 1, 0, 0
548100, 15847, 1, 0, 0
548200, 13607, 1, 0, 0
548300, 15562, 1, 0, 0
548400, 14609, 1, 0, 0
548500, 16494, 1, 0, 0
548600, 21163, 1, 0, 0
548700, 13584, 1, 0, 0
548800, 13315, 1, 0, 0
548901, 14136, 1, 0, 0
549000, 13854, 1, 0, 0
549100, 15433, 1, 0, 0
549200, 17458, 1, 0, 0
549300, 18985, 1, 0, 0
549400, 16870, 1, 0, 0
549500, 13322, 1, 0, 0
549600, 16374, 1, 0, 0
549700, 14097, 1, 0, 0
549800, 18664, 1, 0, 0
549900, 17743, 1, 0, 0
550000, 13861, 1, 0, 0
550100, 13951, 1, 0, 0
550200, 15767, 1, 0, 0
550300, 13926, 1, 0, 0
550400, 16676, 1, 0, 0
550500, 13450, 1, 0, 0
550600, 15186, 1, 0, 0
550700, 14404, 1, 0, 0
550800, 14656, 1, 0, 0
550900, 19032, 1, 0, 0
551000, 16320, 1, 0, 0
551100, 13727, 1, 0, 0
551200, 14860, 1, 0, 0
551300, 17950, 1, 0, 0
551400, 17792, 1, 0, 0
551500, 16866, 1, 0, 0
551600, 12689, 1, 0, 0
551700, 17118, 1, 0, 0
551800, 15732, 1, 0, 0
551900, 16926, 1, 0, 0
552000, 13159, 1, 0, 0
552101, 13228, 1, 0, 0
552200, 14703, 1, 0, 0
552300, 16598, 1, 0, 0
552400, 17135, 1, 0, 0
552500, 14190, 1, 0, 0
552600, 13694, 1, 0, 0
552700, 16524, 1, 0, 0
552800, 18082, 1, 0, 0
552900, 14307, 1, 0, 0
553000, 18262, 1, 0, 0
553100, 14293, 1, 0, 0
553200, 14970, 1, 0, 0
553300, 16206, 1, 0, 0
553400, 17832, 1, 0, 0
553500, 13668, 1, 0, 0
553600, 13328, 1, 0, 0
553700, 13846, 1, 0, 0
553801, 16332, 1, 0, 0
553901, 16902, 1, 0, 0
554000, 14613, 1, 0, 0
554100, 15850, 1, 0, 0
554201, 14248, 1, 0, 0
554301, 13717, 1, 0, 0
554400, 18422, 1, 0, 0
554500, 16791, 1, 0, 0
554600, 15747, 1, 0, 0
554700, 15978, 1, 0, 0
554800, 15414, 1, 0, 0
554900, 14965, 1, 0, 0
555000, 15333, 1, 0, 0
555100, 13591, 1, 0, 0
555200, 15613, 1, 0, 0
555300, 13318, 1, 0, 0
555400, 14646, 1, 0, 0
555500, 13994, 1, 0, 0
555600, 13734, 1, 0, 0
555700, 15462, 1, 0, 0
555800, 12932, 1, 0, 0
555900, 14219, 1, 0, 0
556000, 14424, 1, 0, 0
556100, 17353, 1, 0, 0
556201, 15742, 1, 0, 0
556300, 15525, 1, 0, 0
556400, 15487, 1, 0, 0
556500, 17567, 1, 0, 0
556600, 16980, 1, 0, 0
556700, 20319, 1, 0, 0
556800, 14309, 1, 0, 0
556900, 18650, 1, 0, 0
557000, 15148, 1, 0, 0
557100, 14465, 1, 0, 0
557200, 15838, 1, 0, 0
557300, 19243, 1, 0, 0
557400, 15032, 1, 0, 0
557500, 15008, 1, 0, 0
557600, 14428, 1, 0, 0
557700, 16302, 1, 0, 0
557800, 17324, 1, 0, 0
557900, 14612, 1, 0, 0
558000, 16490, 1, 0, 0
558100, 18736, 1, 0, 0
558200, 18711, 1, 0, 0
558300, 14466, 1, 0, 0
558400, 18744, 1, 0, 0
558500, 16059, 1, 0, 0
558600, 16604, 1, 0, 0
558700, 14472, 1, 0, 0
558800, 15801, 1, 0, 0
558900, 14606, 1, 0, 0
559000, 17928, 1, 0, 0
559100, 15027, 1, 0, 0
559200, 15758, 1, 0, 0
559300, 16509, 1, 0, 0
559400, 21389, 1, 0, 0
559500, 14519, 1, 0, 0
559600, 14017, 1, 0, 0
559700, 16206, 1, 0, 0
559800, 15417, 1, 0, 0
559900, 12417, 1, 0, 0
560000, 17483, 1, 0, 0
560100, 14237, 1, 0, 0
560200, 14724, 1, 0, 0
560300, 14655, 1, 0, 0
560400, 13797, 1, 0, 0
560500, 15310, 1, 0, 0
560600, 14203, 1, 0, 0
560700, 14700, 1, 0, 0
560800, 18471, 1, 0, 0
560900, 18981, 1, 0, 0
561000, 16720, 1, 0, 0
561100, 20040, 1, 0, 0
561200, 15368, 1, 0, 0
561300, 15703, 1, 0, 0
561400, 14509, 1, 0, 0
561500, 13294, 1, 0, 0
561600, 15178, 1, 0, 0
561700, 18155, 1, 0, 0
561800, 16120, 1, 0, 0
561900, 16316, 1, 0, 0
562000, 13764, 1, 0, 0
562100, 15743, 1, 0, 0
562200, 19396, 1, 0, 0
562300, 19854, 1, 0, 0
562400, 13804, 1, 0, 0
562500, 18269, 1, 0, 0
562600, 16601, 1, 0, 0
562701, 15923, 1, 0, 0
562800, 15809, 1, 0, 0
562901, 13652, 1, 0, 0
563000, 18597, 1, 0, 0
563100, 13670, 1, 0, 0
563200, 15956, 1, 0, 0
563300, 14123, 1, 0, 0
563400, 14927, 1, 0, 0
563500, 18755, 1, 0, 0
563600, 17083, 1, 0, 0
563700, 17699, 1, 0, 0
563800, 19158, 1, 0, 0
563901, 14380, 1, 0, 0
564000, 18833, 1, 0, 0
564100, 15320, 1, 0, 0
564200, 16692, 1, 0, 0
564300, 19198, 1, 0, 0
564401, 13527, 1, 0, 0
564501, 15811, 1, 0, 0
564600, 16958, 1, 0, 0
564700, 19118, 1, 0, 0
564800, 15302, 1, 0, 0
564900, 13822, 1, 0, 0
565000, 14810, 1, 0, 0
565100, 19054, 1, 0, 0
565200, 13904, 1, 0, 0
565300, 15420, 1, 0, 0
565401, 13328, 1, 0, 0
565500, 15720, 1, 0, 0
565600, 17195, 1, 0, 0
565700, 14364, 1, 0, 0
565800, 16815, 1, 0, 0
565900, 17532, 1, 0, 0
566000, 17631, 1, 0, 0
566100, 17607, 1, 0, 0
566200, 14592, 1, 0, 0
566301, 16554, 1, 0, 0
566400, 16826, 1, 0, 0
566500, 15663, 1, 0, 0
566600, 16419, 1, 0, 0
566700, 13712, 1, 0, 0
566801, 17757, 1, 0, 0
566900, 15663, 1, 0, 0
567000, 17649, 1, 0, 0
567100, 18754, 1, 0, 0
567200, 14845, 1, 0, 0
567300, 18565, 1, 0, 0
567400, 16914, 1, 0, 0
567500, 16501, 1, 0, 0
567601, 13526, 1, 0, 0
567701, 16841, 1, 0, 0
567801, 16059, 1, 0, 0
567900, 20111, 1, 0, 0
568000, 19063, 1, 0, 0
568100, 18536, 1, 0, 0
568200, 14580, 1, 0, 0
568300, 18199, 1, 0, 0
568400, 16521, 1, 0, 0
568500, 14227, 1, 0, 0
568600, 17921, 1, 0, 0
568700, 14411, 1, 0, 0
568800, 13771, 1, 0, 0
568900, 19097, 1, 0, 0
569000, 15144, 1, 0, 0
569100, 16651, 1, 0, 0
569200, 20219, 1, 0, 0
569300, 18974, 1, 0, 0
569401, 17167, 1, 0, 0
569500, 17352, 1, 0, 0
569600, 21110, 1, 0, 0
569700, 13419, 1, 0, 0
569800, 15674, 1, 0, 0
569900, 14952, 1, 0, 0
570001, 18006, 1, 0, 0
570100, 14844, 1, 0, 0
570200, 15654, 1, 0, 0
570300, 18687, 1, 0, 0
570400, 19155, 1, 0, 0
570500, 16090, 1, 0, 0
570600, 16885, 1, 0, 0
570700, 17015, 1, 0, 0
570800, 16669, 1, 0, 0
570900, 19031, 1, 0, 0
571000, 14516, 1, 0, 0
571100, 14515, 1, 0, 0
571200, 17488, 1, 0, 0
571300, 15685, 1, 0, 0
571400, 17513, 1, 0, 0
571500, 18739, 1, 0, 0
571600, 18223, 1, 0, 0
571700, 15484, 1, 0, 0
571801, 15673, 1, 0, 0
571900, 15875, 1, 0, 0
572000, 19421, 1, 0, 0
572100, 15868, 1, 0, 0
572200, 15965, 1, 0, 0
572300, 22718, 1, 0, 0
572400, 15531, 1, 0, 0
572500, 18318, 1, 0, 0
572600, 13616, 1, 0, 0
572700, 17703, 1, 0, 0
572801, 17611, 1, 0, 0
572900, 14064, 1, 0, 0
573000, 14494, 1, 0, 0
573100, 13815, 1, 0, 0
573200, 12647, 1, 0, 0
573300, 13512, 1, 0, 0
573400, 17232, 1, 0, 0
573500, 14216, 1, 0, 0
573600, 17198, 1, 0, 0
573700, 17261, 1, 0, 0
573800, 14729, 1, 0, 0
573900, 16874, 1, 0, 0
574000, 16334, 1, 0, 0
574100, 15045, 1, 0, 0
574200, 15621, 1, 0, 0
574300, 15551, 1, 0, 0
574400, 14433, 1, 0, 0
574501, 15393, 1, 0, 0
574600, 15618, 1, 0, 0
574700, 15612, 1, 0, 0
574800, 18499, 1, 0, 0
574901, 16054, 1, 0, 0
575000, 15648, 1, 0, 0
575100, 17609, 1, 0, 0
575200, 16180, 1, 0, 0
575300, 15412, 1, 0, 0
575400, 19170, 1, 0, 0
575500, 15944, 1, 0, 0
575600, 18025, 1, 0, 0
575700, 16946, 1, 0, 0
575800, 15673, 1, 0, 0
575900, 17645, 1, 0, 0
576000, 14532, 1, 0, 0
576100, 12849, 1, 0, 0
576200, 17629, 1, 0, 0
576301, 14916, 1, 0, 0
576400, 13832, 1, 0, 0
576500, 14248, 1, 0, 0
576600, 13504, 1, 0, 0
576700, 17034, 1, 0, 0
576800, 14764, 1, 0, 0
576901, 16016, 1, 0, 0
577000, 13892, 1, 0, 0
577100, 13821, 1, 0, 0
577200, 13625, 1, 0, 0
577300, 14899, 1, 0, 0
577400, 13310, 1, 0, 0
577500, 14028, 1, 0, 0
577600, 17525, 1, 0, 0
577700, 15368, 1, 0, 0
577800, 16220, 1, 0, 0
577900, 20276, 1, 0, 0
578000, 15284, 1, 0, 0
578100, 14270, 1, 0, 0
578200, 13728, 1, 0, 0
578300, 15032, 1, 0, 0
578400, 15790, 1, 0, 0
578500, 15465, 1, 0, 0
578600, 15329, 1, 0, 0
578700, 15779, 1, 0, 0
578800, 17468, 1, 0, 0
578900, 19269, 1, 0, 0
579000, 18686, 1, 0, 0
579100, 19394, 1, 0, 0
579200, 16517, 1, 0, 0
579300, 15859, 1, 0, 0
579400, 15532, 1, 0, 0
579500, 14483, 1, 0, 0
579601, 17831, 1, 0, 0
579700, 17360, 1, 0, 0
579800, 12987, 1, 0, 0
579900, 18268, 1, 0, 0
580001, 16189, 1, 0, 0
580100, 16963, 1, 0, 0
580200, 15601, 1, 0, 0
580300, 14451, 1, 0, 0
580400, 14984, 1, 0, 0
580500, 13985, 1, 0, 0
580600, 14031, 1, 0, 0
580700, 15558, 1, 0, 0
580800, 16107, 1, 0, 0
580900, 16743, 1, 0, 0
581000, 15178, 1, 0, 0
581100, 17199, 1, 0, 0
581200, 14919, 1, 0, 0
581300, 16532, 1, 0, 0
581400, 17065, 1, 0, 0
581500, 17664, 1, 0, 0
581600, 15237, 1, 0, 0
581700, 16400, 1, 0, 0
581801, 15528, 1, 0, 0
581900, 17170, 1, 0, 0
582000, 18042, 1, 0, 0
582100, 17569, 1, 0, 0
582201, 16623, 1, 0, 0
582300, 14139, 1, 0, 0
582400, 16203, 1, 0, 0
582500, 17166, 1, 0, 0
582600, 15269, 1, 0, 0
582700, 16177, 1, 0, 0
582800, 15601, 1, 0, 0
582900, 15827, 1, 0, 0
583000, 17694, 1, 0, 0
583100, 13915, 1, 0, 0
583200, 15205, 1, 0, 0
583300, 19935, 1, 0, 0
583400, 15140, 1, 0, 0
583500, 18347, 1, 0, 0
583600, 15276, 1, 0, 0
583700, 14803, 1, 0, 0
583800, 14860, 1, 0, 0
583900, 18097, 1, 0, 0
584001, 16750, 1, 0, 0
584100, 12998, 1, 0, 0
584200, 16734, 1, 0, 0
584300, 17231, 1, 0, 0
584400, 16677, 1, 0, 0
584500, 17095, 1, 0, 0
584600, 15713, 1, 0, 0
584700, 17173, 1, 0, 0
584800, 18178, 1, 0, 0
584900, 19025, 1, 0, 0
585000, 16849, 1, 0, 0
585100, 14542, 1, 0, 0
585200, 17875, 1, 0, 0
585300, 18721, 1, 0, 0
585400, 15206, 1, 0, 0
585500, 18167, 1, 0, 0
585601, 18405, 1, 0, 0
585700, 14219, 1, 0, 0
585800, 15320, 1, 0, 0
585900, 14059, 1, 0, 0
586000, 14909, 1, 0, 0
586100, 16758, 1, 0, 0
586200, 18493, 1, 0, 0
586301, 14702, 1, 0, 0
586400, 13026, 1, 0, 0
586500, 15626, 1, 0, 0
586600, 13287, 1, 0, 0
586700, 16940, 1, 0, 0
586801, 20353, 1, 0, 0
586900, 15686, 1, 0, 0
587000, 17147, 1, 0, 0
587101, 13469, 1, 0, 0
587200, 15336, 1, 0, 0
587300, 16716, 1, 0, 0
587400, 14675, 1, 0, 0
587500, 14709, 1, 0, 0
587600, 18405, 1, 0, 0
587700, 18128, 1, 0, 0
587800, 17965, 1, 0, 0
587900, 14171, 1, 0, 0
588000, 16595, 1, 0, 0
588100, 16287, 1, 0, 0
588200, 17067, 1, 0, 0
588301, 16211, 1, 0, 0
588400, 14081, 1, 0, 0
588500, 15199, 1, 0, 0
588600, 14214, 1, 0, 0
588700, 17385, 1, 0, 0
588800, 15184, 1, 0, 0
588900, 18771, 1, 0, 0
589000, 13995, 1, 0, 0
589100, 14274, 1, 0, 0
589200, 19957, 1, 0, 0
589300, 16431, 1, 0, 0
589400, 13792, 1, 0, 0
589500, 16720, 1, 0, 0
589600, 13873, 1, 0, 0
589700, 15709, 1, 0, 0
589800, 16044, 1, 0, 0
589900, 16216, 1, 0, 0
590000, 14463, 1, 0, 0
590100, 13737, 1, 0, 0
590200, 16884, 1, 0, 0
590300, 15304, 1, 0, 0
590400, 14317, 1, 0, 0
590500, 17540, 1, 0, 0
590600, 14111, 1, 0, 0
590700, 17722, 1, 0, 0
590800, 14860, 1, 0, 0
590900, 13909, 1, 0, 0
591000, 15930, 1, 0, 0
591100, 17118, 1, 0, 0
591200, 15668, 1, 0, 0
591300, 20092, 1, 0, 0
591400, 19944, 1, 0, 0
591500, 18833, 1, 0, 0
591600, 13428, 1, 0, 0
591700, 13165, 1, 0, 0
591800, 13830, 1, 0, 0
591900, 13386, 1, 0, 0
592001, 16471, 1, 0, 0
592100, 17981, 1, 0, 0
592200, 16396, 1, 0, 0
592300, 15091, 1, 0, 0
592400, 18337, 1, 0, 0
592500, 15186, 1, 0, 0
592600, 16464, 1, 0, 0
592700, 16640, 1, 0, 0
592800, 15759, 1, 0, 0
592900, 15942, 1, 0, 0
593000, 13567, 1, 0, 0
593100, 13445, 1, 0, 0
593200, 14660, 1, 0, 0
593300, 15232, 1, 0, 0
593400, 14402, 1, 0, 0
593500, 19242, 1, 0, 0
593600, 15703, 1, 0, 0
593700, 18036, 1, 0, 0
593800, 18416, 1, 0, 0
593900, 16218, 1, 0, 0
594000, 17540, 1, 0, 0
594100, 22742, 1, 0, 0
594200, 18913, 1, 0, 0
594300, 14022, 1, 0, 0
594400, 15407, 1, 0, 0
594500, 15619, 1, 0, 0
594601, 18117, 1, 0, 0
594700, 16457, 1, 0, 0
594800, 17886, 1, 0, 0
594900, 18099, 1, 0, 0
595000, 15813, 1, 0, 0
595100, 16168, 1, 0, 0
595200, 14897, 1, 0, 0
595300, 17192, 1, 0, 0
595400, 14337, 1, 0, 0
595500, 15217, 1, 0, 0
595600, 15613, 1, 0, 0
595700, 15144, 1, 0, 0
595800, 14337, 1, 0, 0
595900, 15806, 1, 0, 0
596000, 17284, 1, 0, 0
596100, 17898, 1, 0, 0
596200, 16581, 1, 0, 0
596300, 16387, 1, 0, 0
596400, 21414, 1, 0, 0
596500, 16881, 1, 0, 0
596600, 14920, 1, 0, 0
596700, 16188, 1, 0, 0
596801, 14865, 1, 0, 0
596900, 14455, 1, 0, 0
597000, 16063, 1, 0, 0
597100, 15938, 1, 0, 0
597200, 16982, 1, 0, 0
597300, 15806, 1, 0, 0
597400, 13678, 1, 0, 0
597500, 16153, 1, 0, 0
597600, 15898, 1, 0, 0
597700, 16334, 1, 0, 0
597800, 17246, 1, 0, 0
597900, 15194, 1, 0, 0
598000, 14461, 1, 0, 0
598100, 20823, 1, 0, 0
598200, 17012, 1, 0, 0
598300, 18752, 1, 0, 0
598400, 13644, 1, 0, 0
598500, 18420, 1, 0, 0
598600, 14090, 1, 0, 0
598700, 16249, 1, 0, 0
598800, 15407, 1, 0, 0
598900, 15213, 1, 0, 0
599000, 19347, 1, 0, 0
599100, 15685, 1, 0, 0
599200, 22283, 1, 0, 0
599300, 17656, 1, 0, 0
599400, 17691, 1, 0, 0
599500, 17543, 1, 0, 0
599600, 18016, 1, 0, 0
599700, 17971, 1, 0, 0
599800, 14926, 1, 0, 0
599900, 19879, 1, 0, 0
600000, 18937, 1, 0, 0
