250, 748, 1, 0, 0
350, 760, 1, 0, 0
450, 720, 1, 0, 0
550, 730, 1, 0, 0
650, 760, 1, 0, 0
749, 747, 1, 0, 0
849, 740, 1, 0, 0
949, 820, 1, 0, 0
1049, 770, 1, 0, 0
1149, 780, 1, 0, 0
1249, 740, 1, 0, 0
1349, 740, 1, 0, 0
1449, 770, 1, 0, 0
1549, 780, 1, 0, 0
1649, 770, 1, 0, 0
1750, 790, 1, 0, 0
1850, 790, 1, 0, 0
1950, 720, 1, 0, 0
2050, 780, 1, 0, 0
2150, 780, 1, 0, 0
2249, 737, 1, 0, 0
2349, 820, 1, 0, 0
2449, 760, 1, 0, 0
2549, 740, 1, 0, 0
2649, 740, 1, 0, 0
2749, 740, 1, 0, 0
2849, 740, 1, 0, 0
2949, 770, 1, 0, 0
3050, 810, 1, 0, 0
3150, 780, 1, 0, 0
3249, 787, 1, 0, 0
3349, 770, 1, 0, 0
3449, 750, 1, 0, 0
3549, 780, 1, 0, 0
3649, 760, 1, 0, 0
3749, 780, 1, 0, 0
3849, 810, 1, 0, 0
3949, 780, 1, 0, 0
4049, 730, 1, 0, 0
4149, 750, 1, 0, 0
4250, 770, 1, 0, 0
4350, 730, 1, 0, 0
4450, 790, 1, 0, 0
4550, 760, 1, 0, 0
4650, 740, 1, 0, 0
4749, 767, 1, 0, 0
4849, 770, 1, 0, 0
4949, 760, 1, 0, 0
5049, 790, 1, 0, 0
5149, 790, 1, 0, 0
5249, 790, 1, 0, 0
5349, 770, 1, 0, 0
5449, 780, 1, 0, 0
5550, 770, 1, 0, 0
5650, 740, 1, 0, 0
5749, 777, 1, 0, 0
5849, 790, 1, 0, 0
5949, 750, 1, 0, 0
6049, 800, 1, 0, 0
6149, 790, 1, 0, 0
6249, 760, 1, 0, 0
6349, 800, 1, 0, 0
6449, 760, 1, 0, 0
6549, 800, 1, 0, 0
6649, 760, 1, 0, 0
6749, 780, 1, 0, 0
6849, 790, 1, 0, 0
6949, 740, 1, 0, 0
7050, 720, 1, 0, 0
7150, 770, 1, 0, 0
7249, 797, 1, 0, 0
7349, 800, 1, 0, 0
7449, 740, 1, 0, 0
7549, 810, 1, 0, 0
7649, 790, 1, 0, 0
7749, 740, 1, 0, 0
7849, 830, 1, 0, 0
7949, 780, 1, 0, 0
8049, 770, 1, 0, 0
8149, 730, 1, 0, 0
8250, 760, 1, 0, 0
8350, 790, 1, 0, 0
8450, 740, 1, 0, 0
8550, 780, 1, 0, 0
8650, 760, 1, 0, 0
8749, 757, 1, 0, 0
8849, 780, 1, 0, 0
8949, 800, 1, 0, 0
9049, 770, 1, 0, 0
9149, 780, 1, 0, 0
9249, 760, 1, 0, 0
9349, 780, 1, 0, 0
9449, 770, 1, 0, 0
9550, 760, 1, 0, 0
9650, 820, 1, 0, 0
9749, 777, 1, 0, 0
9849, 770, 1, 0, 0
9949, 790, 1, 0, 0
10049, 790, 1, 0, 0
10149, 760, 1, 0, 0
10249, 800, 1, 0, 0
10349, 810, 1, 0, 0
10449, 730, 1, 0, 0
10549, 800, 1, 0, 0
10649, 800, 1, 0, 0
10750, 790, 1, 0, 0
10850, 740, 1, 0, 0
10950, 800, 1, 0, 0
11050, 740, 1, 0, 0
11150, 770, 1, 0, 0
11249, 717, 1, 0, 0
11349, 790, 1, 0, 0
11449, 780, 1, 0, 0
11549, 770, 1, 0, 0
11649, 840, 1, 0, 0
11749, 810, 1, 0, 0
11849, 810, 1, 0, 0
11949, 740, 1, 0, 0
12050, 820, 1, 0, 0
12150, 750, 1, 0, 0
12249, 797, 1, 0, 0
12349, 810, 1, 0, 0
12449, 790, 1, 0, 0
12549, 780, 1, 0, 0
12649, 800, 1, 0, 0
12749, 820, 1, 0, 0
12849, 790, 1, 0, 0
12949, 800, 1, 0, 0
13049, 800, 1, 0, 0
13149, 770, 1, 0, 0
13249, 750, 1, 0, 0
13349, 810, 1, 0, 0
13449, 740, 1, 0, 0
13550, 760, 1, 0, 0
13650, 790, 1, 0, 0
13749, 787, 1, 0, 0
13849, 780, 1, 0, 0
13949, 760, 1, 0, 0
14049, 790, 1, 0, 0
14149, 770, 1, 0, 0
14249, 760, 1, 0, 0
14349, 740, 1, 0, 0
14449, 790, 1, 0, 0
14549, 770, 1, 0, 0
14649, 800, 1, 0, 0
14750, 780, 1, 0, 0
14850, 770, 1, 0, 0
14950, 760, 1, 0, 0
15050, 760, 1, 0, 0
15150, 780, 1, 0, 0
15249, 727, 1, 0, 0
15349, 790, 1, 0, 0
15449, 830, 1, 0, 0
15549, 780, 1, 0, 0
15649, 820, 1, 0, 0
15749, 760, 1, 0, 0
15849, 800, 1, 0, 0
15949, 830, 1, 0, 0
16050, 790, 1, 0, 0
16150, 820, 1, 0, 0
16249, 787, 1, 0, 0
16349, 770, 1, 0, 0
16449, 790, 1, 0, 0
16549, 740, 1, 0, 0
16649, 790, 1, 0, 0
16749, 770, 1, 0, 0
16849, 870, 1, 0, 0
16949, 800, 1, 0, 0
17049, 780, 1, 0, 0
17149, 810, 1, 0, 0
17249, 780, 1, 0, 0
17349, 770, 1, 0, 0
17450, 790, 1, 0, 0
17550, 790, 1, 0, 0
17650, 750, 1, 0, 0
17749, 757, 1, 0, 0
17849, 750, 1, 0, 0
17949, 740, 1, 0, 0
18049, 810, 1, 0, 0
18149, 740, 1, 0, 0
18249, 760, 1, 0, 0
18349, 760, 1, 0, 0
18449, 820, 1, 0, 0
18549, 800, 1, 0, 0
18649, 790, 1, 0, 0
18750, 800, 1, 0, 0
18850, 750, 1, 0, 0
18950, 810, 1, 0, 0
19050, 800, 1, 0, 0
19150, 790, 1, 0, 0
19249, 797, 1, 0, 0
19349, 800, 1, 0, 0
19449, 800, 1, 0, 0
19549, 740, 1, 0, 0
19649, 780, 1, 0, 0
19749, 810, 1, 0, 0
19849, 780, 1, 0, 0
19949, 830, 1, 0, 0
20050, 780, 1, 0, 0
20150, 820, 1, 0, 0
20249, 797, 1, 0, 0
20349, 800, 1, 0, 0
20449, 780, 1, 0, 0
20549, 810, 1, 0, 0
20649, 750, 1, 0, 0
20749, 840, 1, 0, 0
20849, 820, 1, 0, 0
20949, 810, 1, 0, 0
21049, 760, 1, 0, 0
21149, 770, 1, 0, 0
21249, 740, 1, 0, 0
21349, 780, 1, 0, 0
21450, 790, 1, 0, 0
21550, 760, 1, 0, 0
21650, 770, 1, 0, 0
21749, 777, 1, 0, 0
21849, 790, 1, 0, 0
21949, 790, 1, 0, 0
22049, 790, 1, 0, 0
22149, 750, 1, 0, 0
22249, 770, 1, 0, 0
22349, 820, 1, 0, 0
22449, 750, 1, 0, 0
22549, 770, 1, 0, 0
22649, 780, 1, 0, 0
22750, 750, 1, 0, 0
22850, 730, 1, 0, 0
22950, 750, 1, 0, 0
23050, 760, 1, 0, 0
23150, 740, 1, 0, 0
23249, 707, 1, 0, 0
23349, 770, 1, 0, 0
23449, 800, 1, 0, 0
23549, 760, 1, 0, 0
23649, 740, 1, 0, 0
23749, 730, 1, 0, 0
23849, 770, 1, 0, 0
23949, 810, 1, 0, 0
24049, 760, 1, 0, 0
24149, 790, 1, 0, 0
24250, 820, 1, 0, 0
24350, 830, 1, 0, 0
24450, 770, 1, 0, 0
24550, 800, 1, 0, 0
24650, 780, 1, 0, 0
24749, 767, 1, 0, 0
24849, 700, 1, 0, 0
24949, 760, 1, 0, 0
25049, 750, 1, 0, 0
25149, 730, 1, 0, 0
25249, 800, 1, 0, 0
25349, 790, 1, 0, 0
25449, 770, 1, 0, 0
25549, 820, 1, 0, 0
25649, 750, 1, 0, 0
25750, 770, 1, 0, 0
25850, 780, 1, 0, 0
25950, 780, 1, 0, 0
26050, 790, 1, 0, 0
26150, 730, 1, 0, 0
26249, 787, 1, 0, 0
26349, 770, 1, 0, 0
26449, 770, 1, 0, 0
26549, 750, 1, 0, 0
26649, 780, 1, 0, 0
26749, 810, 1, 0, 0
26849, 770, 1, 0, 0
26949, 750, 1, 0, 0
27049, 730, 1, 0, 0
27150, 770, 1, 0, 0
27249, 797, 1, 0, 0
27349, 770, 1, 0, 0
27449, 810, 1, 0, 0
27549, 770, 1, 0, 0
27649, 760, 1, 0, 0
27749, 800, 1, 0, 0
27849, 730, 1, 0, 0
27949, 820, 1, 0, 0
28049, 780, 1, 0, 0
28149, 730, 1, 0, 0
28250, 800, 1, 0, 0
28350, 750, 1, 0, 0
28450, 760, 1, 0, 0
28550, 770, 1, 0, 0
28650, 830, 1, 0, 0
28749, 787, 1, 0, 0
28849, 780, 1, 0, 0
28949, 800, 1, 0, 0
29049, 760, 1, 0, 0
29149, 820, 1, 0, 0
29249, 780, 1, 0, 0
29349, 770, 1, 0, 0
29449, 810, 1, 0, 0
29550, 800, 1, 0, 0
29650, 770, 1, 0, 0
29749, 757, 1, 0, 0
29849, 790, 1, 0, 0
29949, 810, 1, 0, 0
30049, 830, 1, 0, 0
30149, 790, 1, 0, 0
30249, 770, 1, 0, 0
30349, 770, 1, 0, 0
30449, 760, 1, 0, 0
30549, 790, 1, 0, 0
30649, 740, 1, 0, 0
30749, 750, 1, 0, 0
30849, 780, 1, 0, 0
30949, 780, 1, 0, 0
31050, 780, 1, 0, 0
31150, 780, 1, 0, 0
31249, 797, 1, 0, 0
31349, 790, 1, 0, 0
31449, 800, 1, 0, 0
31549, 820, 1, 0, 0
31649, 780, 1, 0, 0
31749, 790, 1, 0, 0
31849, 780, 1, 0, 0
31949, 740, 1, 0, 0
32049, 720, 1, 0, 0
32149, 780, 1, 0, 0
32250, 800, 1, 0, 0
32350, 740, 1, 0, 0
32450, 780, 1, 0, 0
32550, 810, 1, 0, 0
32650, 800, 1, 0, 0
32749, 777, 1, 0, 0
32849, 750, 1, 0, 0
32949, 780, 1, 0, 0
33049, 780, 1, 0, 0
33149, 770, 1, 0, 0
33249, 780, 1, 0, 0
33349, 780, 1, 0, 0
33449, 790, 1, 0, 0
33549, 730, 1, 0, 0
33649, 780, 1, 0, 0
33750, 770, 1, 0, 0
33850, 750, 1, 0, 0
33950, 820, 1, 0, 0
34050, 760, 1, 0, 0
34150, 760, 1, 0, 0
34249, 797, 1, 0, 0
34349, 770, 1, 0, 0
34449, 750, 1, 0, 0
34549, 750, 1, 0, 0
34649, 760, 1, 0, 0
34749, 780, 1, 0, 0
34849, 760, 1, 0, 0
34949, 740, 1, 0, 0
35050, 800, 1, 0, 0
35150, 780, 1, 0, 0
35249, 808, 1, 0, 0
35349, 790, 1, 0, 0
35449, 730, 1, 0, 0
35549, 790, 1, 0, 0
35649, 770, 1, 0, 0
35749, 790, 1, 0, 0
35849, 770, 1, 0, 0
35949, 780, 1, 0, 0
36049, 850, 1, 0, 0
36149, 800, 1, 0, 0
36249, 790, 1, 0, 0
36349, 820, 1, 0, 0
36449, 750, 1, 0, 0
36550, 750, 1, 0, 0
36650, 780, 1, 0, 0
36749, 777, 1, 0, 0
36849, 840, 1, 0, 0
36949, 790, 1, 0, 0
37049, 820, 1, 0, 0
37149, 790, 1, 0, 0
37249, 750, 1, 0, 0
37349, 760, 1, 0, 0
37449, 820, 1, 0, 0
37549, 790, 1, 0, 0
37649, 750, 1, 0, 0
37749, 830, 1, 0, 0
37849, 790, 1, 0, 0
37949, 750, 1, 0, 0
38050, 800, 1, 0, 0
38150, 790, 1, 0, 0
38249, 868, 1, 0, 0
38349, 780, 1, 0, 0
38449, 750, 1, 0, 0
38549, 790, 1, 0, 0
38649, 780, 1, 0, 0
38749, 780, 1, 0, 0
38849, 860, 1, 0, 0
38949, 790, 1, 0, 0
39049, 750, 1, 0, 0
39149, 840, 1, 0, 0
39249, 770, 1, 0, 0
39349, 770, 1, 0, 0
39449, 760, 1, 0, 0
39550, 840, 1, 0, 0
39650, 800, 1, 0, 0
39749, 808, 1, 0, 0
39849, 770, 1, 0, 0
39949, 780, 1, 0, 0
40049, 800, 1, 0, 0
40149, 840, 1, 0, 0
40249, 780, 1, 0, 0
40349, 790, 1, 0, 0
40449, 820, 1, 0, 0
40549, 800, 1, 0, 0
40649, 790, 1, 0, 0
40749, 800, 1, 0, 0
40850, 790, 1, 0, 0
40950, 820, 1, 0, 0
41050, 810, 1, 0, 0
41150, 790, 1, 0, 0
41249, 797, 1, 0, 0
41349, 770, 1, 0, 0
41449, 840, 1, 0, 0
41549, 740, 1, 0, 0
41649, 840, 1, 0, 0
41749, 780, 1, 0, 0
41849, 810, 1, 0, 0
41949, 800, 1, 0, 0
42050, 760, 1, 0, 0
42150, 810, 1, 0, 0
42249, 767, 1, 0, 0
42349, 790, 1, 0, 0
42449, 750, 1, 0, 0
42549, 780, 1, 0, 0
42649, 790, 1, 0, 0
42749, 810, 1, 0, 0
42849, 750, 1, 0, 0
42949, 800, 1, 0, 0
43049, 800, 1, 0, 0
43149, 820, 1, 0, 0
43249, 780, 1, 0, 0
43350, 770, 1, 0, 0
43450, 860, 1, 0, 0
43550, 810, 1, 0, 0
43650, 850, 1, 0, 0
43749, 838, 1, 0, 0
43849, 830, 1, 0, 0
43949, 770, 1, 0, 0
44049, 830, 1, 0, 0
44149, 760, 1, 0, 0
44249, 810, 1, 0, 0
44349, 780, 1, 0, 0
44449, 830, 1, 0, 0
44549, 820, 1, 0, 0
44650, 840, 1, 0, 0
44749, 808, 1, 0, 0
44849, 770, 1, 0, 0
44949, 780, 1, 0, 0
45049, 850, 1, 0, 0
45149, 800, 1, 0, 0
45249, 750, 1, 0, 0
45349, 820, 1, 0, 0
45449, 830, 1, 0, 0
45549, 800, 1, 0, 0
45649, 790, 1, 0, 0
45749, 790, 1, 0, 0
45849, 800, 1, 0, 0
45950, 790, 1, 0, 0
46050, 790, 1, 0, 0
46150, 810, 1, 0, 0
46249, 767, 1, 0, 0
46349, 790, 1, 0, 0
46449, 820, 1, 0, 0
46549, 850, 1, 0, 0
46649, 820, 1, 0, 0
46749, 780, 1, 0, 0
46849, 760, 1, 0, 0
46949, 800, 1, 0, 0
47049, 790, 1, 0, 0
47149, 780, 1, 0, 0
47250, 810, 1, 0, 0
47350, 780, 1, 0, 0
47450, 790, 1, 0, 0
47550, 740, 1, 0, 0
47650, 800, 1, 0, 0
47749, 777, 1, 0, 0
47849, 840, 1, 0, 0
47949, 840, 1, 0, 0
48049, 840, 1, 0, 0
48149, 800, 1, 0, 0
48249, 780, 1, 0, 0
48349, 790, 1, 0, 0
48449, 800, 1, 0, 0
48550, 780, 1, 0, 0
48650, 810, 1, 0, 0
48749, 797, 1, 0, 0
48849, 780, 1, 0, 0
48949, 790, 1, 0, 0
49049, 840, 1, 0, 0
49149, 770, 1, 0, 0
49249, 810, 1, 0, 0
49349, 810, 1, 0, 0
49449, 830, 1, 0, 0
49549, 860, 1, 0, 0
49649, 840, 1, 0, 0
49750, 820, 1, 0, 0
49850, 840, 1, 0, 0
49950, 790, 1, 0, 0
50050, 820, 1, 0, 0
50150, 830, 1, 0, 0
50249, 868, 1, 0, 0
50349, 830, 1, 0, 0
50449, 800, 1, 0, 0
50549, 820, 1, 0, 0
50649, 820, 1, 0, 0
50749, 780, 1, 0, 0
50849, 840, 1, 0, 0
50949, 820, 1, 0, 0
51050, 840, 1, 0, 0
51150, 800, 1, 0, 0
51249, 858, 1, 0, 0
51349, 790, 1, 0, 0
51449, 840, 1, 0, 0
51549, 850, 1, 0, 0
51649, 850, 1, 0, 0
51749, 800, 1, 0, 0
51849, 840, 1, 0, 0
51949, 800, 1, 0, 0
52049, 820, 1, 0, 0
52149, 790, 1, 0, 0
52250, 850, 1, 0, 0
52350, 770, 1, 0, 0
52450, 850, 1, 0, 0
52550, 850, 1, 0, 0
52650, 800, 1, 0, 0
52749, 848, 1, 0, 0
52849, 810, 1, 0, 0
52949, 830, 1, 0, 0
53049, 890, 1, 0, 0
53149, 820, 1, 0, 0
53249, 810, 1, 0, 0
53349, 830, 1, 0, 0
53449, 840, 1, 0, 0
53550, 860, 1, 0, 0
53650, 900, 1, 0, 0
53749, 828, 1, 0, 0
53849, 810, 1, 0, 0
53949, 840, 1, 0, 0
54049, 840, 1, 0, 0
54149, 830, 1, 0, 0
54249, 850, 1, 0, 0
54349, 810, 1, 0, 0
54449, 830, 1, 0, 0
54549, 850, 1, 0, 0
54649, 810, 1, 0, 0
54750, 850, 1, 0, 0
54850, 800, 1, 0, 0
54950, 820, 1, 0, 0
55050, 840, 1, 0, 0
55150, 830, 1, 0, 0
55249, 888, 1, 0, 0
55349, 860, 1, 0, 0
55449, 860, 1, 0, 0
55549, 790, 1, 0, 0
55649, 810, 1, 0, 0
55749, 830, 1, 0, 0
55849, 900, 1, 0, 0
55949, 830, 1, 0, 0
56049, 810, 1, 0, 0
56149, 860, 1, 0, 0
56250, 850, 1, 0, 0
56350, 870, 1, 0, 0
56450, 800, 1, 0, 0
56550, 870, 1, 0, 0
56650, 840, 1, 0, 0
56749, 858, 1, 0, 0
56849, 890, 1, 0, 0
56949, 870, 1, 0, 0
57049, 830, 1, 0, 0
57149, 800, 1, 0, 0
57249, 810, 1, 0, 0
57349, 880, 1, 0, 0
57449, 800, 1, 0, 0
57550, 870, 1, 0, 0
57650, 830, 1, 0, 0
57749, 878, 1, 0, 0
57849, 850, 1, 0, 0
57949, 850, 1, 0, 0
58049, 870, 1, 0, 0
58149, 860, 1, 0, 0
58249, 850, 1, 0, 0
58349, 840, 1, 0, 0
58449, 860, 1, 0, 0
58549, 780, 1, 0, 0
58649, 850, 1, 0, 0
58749, 800, 1, 0, 0
58849, 860, 1, 0, 0
58949, 810, 1, 0, 0
59050, 810, 1, 0, 0
59150, 810, 1, 0, 0
59249, 838, 1, 0, 0
59349, 790, 1, 0, 0
59449, 810, 1, 0, 0
59549, 810, 1, 0, 0
59649, 850, 1, 0, 0
59749, 870, 1, 0, 0
59849, 870, 1, 0, 0
59949, 880, 1, 0, 0
60049, 830, 1, 0, 0
60149, 880, 1, 0, 0
60249, 810, 1, 0, 0
60349, 810, 1, 0, 0
60449, 800, 1, 0, 0
60550, 870, 1, 0, 0
60650, 780, 1, 0, 0
60749, 838, 1, 0, 0
60849, 820, 1, 0, 0
60949, 850, 1, 0, 0
61049, 910, 1, 0, 0
61149, 840, 1, 0, 0
61249, 800, 1, 0, 0
61349, 850, 1, 0, 0
61449, 850, 1, 0, 0
61549, 890, 1, 0, 0
61649, 870, 1, 0, 0
61749, 860, 1, 0, 0
61849, 840, 1, 0, 0
61949, 770, 1, 0, 0
62050, 840, 1, 0, 0
62150, 860, 1, 0, 0
62249, 838, 1, 0, 0
62349, 860, 1, 0, 0
62449, 860, 1, 0, 0
62549, 830, 1, 0, 0
62649, 850, 1, 0, 0
62749, 840, 1, 0, 0
62849, 810, 1, 0, 0
62949, 840, 1, 0, 0
63049, 820, 1, 0, 0
63149, 800, 1, 0, 0
63250, 810, 1, 0, 0
63350, 830, 1, 0, 0
63450, 810, 1, 0, 0
63550, 880, 1, 0, 0
63650, 860, 1, 0, 0
63749, 898, 1, 0, 0
63849, 860, 1, 0, 0
63949, 830, 1, 0, 0
64049, 880, 1, 0, 0
64149, 800, 1, 0, 0
64249, 810, 1, 0, 0
64349, 890, 1, 0, 0
64449, 910, 1, 0, 0
64550, 840, 1, 0, 0
64650, 850, 1, 0, 0
64749, 818, 1, 0, 0
64849, 870, 1, 0, 0
64949, 860, 1, 0, 0
65049, 840, 1, 0, 0
65149, 820, 1, 0, 0
65249, 880, 1, 0, 0
65349, 860, 1, 0, 0
65449, 850, 1, 0, 0
65549, 860, 1, 0, 0
65649, 850, 1, 0, 0
65750, 860, 1, 0, 0
65850, 900, 1, 0, 0
65950, 790, 1, 0, 0
66050, 820, 1, 0, 0
66150, 900, 1, 0, 0
66249, 828, 1, 0, 0
66349, 890, 1, 0, 0
66449, 890, 1, 0, 0
66549, 780, 1, 0, 0
66649, 830, 1, 0, 0
66749, 830, 1, 0, 0
66849, 820, 1, 0, 0
66949, 890, 1, 0, 0
67050, 820, 1, 0, 0
67150, 770, 1, 0, 0
67249, 838, 1, 0, 0
67349, 850, 1, 0, 0
67449, 870, 1, 0, 0
67549, 840, 1, 0, 0
67649, 840, 1, 0, 0
67749, 900, 1, 0, 0
67849, 850, 1, 0, 0
67949, 820, 1, 0, 0
68049, 820, 1, 0, 0
68149, 830, 1, 0, 0
68250, 850, 1, 0, 0
68350, 890, 1, 0, 0
68450, 850, 1, 0, 0
68550, 850, 1, 0, 0
68650, 810, 1, 0, 0
68749, 808, 1, 0, 0
68849, 850, 1, 0, 0
68949, 890, 1, 0, 0
69049, 840, 1, 0, 0
69149, 860, 1, 0, 0
69249, 850, 1, 0, 0
69349, 790, 1, 0, 0
69449, 870, 1, 0, 0
69550, 870, 1, 0, 0
69650, 830, 1, 0, 0
69749, 858, 1, 0, 0
69849, 860, 1, 0, 0
69949, 880, 1, 0, 0
70049, 840, 1, 0, 0
70149, 830, 1, 0, 0
70249, 840, 1, 0, 0
70349, 790, 1, 0, 0
70449, 850, 1, 0, 0
70549, 920, 1, 0, 0
70649, 890, 1, 0, 0
70749, 890, 1, 0, 0
70850, 860, 1, 0, 0
70950, 860, 1, 0, 0
71050, 870, 1, 0, 0
71150, 850, 1, 0, 0
71249, 828, 1, 0, 0
71349, 790, 1, 0, 0
71449, 830, 1, 0, 0
71549, 800, 1, 0, 0
71649, 830, 1, 0, 0
71749, 830, 1, 0, 0
71849, 840, 1, 0, 0
71949, 860, 1, 0, 0
72050, 820, 1, 0, 0
72150, 900, 1, 0, 0
72249, 838, 1, 0, 0
72349, 880, 1, 0, 0
72449, 860, 1, 0, 0
72549, 900, 1, 0, 0
72649, 810, 1, 0, 0
72749, 840, 1, 0, 0
72849, 890, 1, 0, 0
72949, 810, 1, 0, 0
73049, 860, 1, 0, 0
73149, 840, 1, 0, 0
73250, 880, 1, 0, 0
73350, 860, 1, 0, 0
73450, 830, 1, 0, 0
73550, 840, 1, 0, 0
73650, 830, 1, 0, 0
73749, 858, 1, 0, 0
73849, 880, 1, 0, 0
73949, 830, 1, 0, 0
74049, 890, 1, 0, 0
74149, 850, 1, 0, 0
74249, 870, 1, 0, 0
74349, 880, 1, 0, 0
74449, 840, 1, 0, 0
74550, 920, 1, 0, 0
74650, 880, 1, 0, 0
74749, 868, 1, 0, 0
74849, 840, 1, 0, 0
74949, 900, 1, 0, 0
75049, 910, 1, 0, 0
75149, 860, 1, 0, 0
75249, 850, 1, 0, 0
75349, 860, 1, 0, 0
75449, 810, 1, 0, 0
75549, 870, 1, 0, 0
75649, 890, 1, 0, 0
75750, 830, 1, 0, 0
75850, 870, 1, 0, 0
75950, 800, 1, 0, 0
76050, 860, 1, 0, 0
76150, 890, 1, 0, 0
76249, 848, 1, 0, 0
76349, 880, 1, 0, 0
76449, 850, 1, 0, 0
76549, 810, 1, 0, 0
76649, 840, 1, 0, 0
76749, 840, 1, 0, 0
76849, 840, 1, 0, 0
76949, 830, 1, 0, 0
77050, 850, 1, 0, 0
77150, 780, 1, 0, 0
77249, 777, 1, 0, 0
77349, 850, 1, 0, 0
77449, 800, 1, 0, 0
77549, 850, 1, 0, 0
77649, 830, 1, 0, 0
77749, 830, 1, 0, 0
77849, 800, 1, 0, 0
77949, 800, 1, 0, 0
78049, 820, 1, 0, 0
78149, 760, 1, 0, 0
78250, 840, 1, 0, 0
78350, 830, 1, 0, 0
78450, 860, 1, 0, 0
78550, 830, 1, 0, 0
78650, 860, 1, 0, 0
78749, 818, 1, 0, 0
78849, 830, 1, 0, 0
78949, 840, 1, 0, 0
79049, 880, 1, 0, 0
79149, 810, 1, 0, 0
79249, 890, 1, 0, 0
79349, 890, 1, 0, 0
79449, 820, 1, 0, 0
79549, 800, 1, 0, 0
79649, 810, 1, 0, 0
79750, 860, 1, 0, 0
79850, 860, 1, 0, 0
79950, 870, 1, 0, 0
80050, 830, 1, 0, 0
80150, 860, 1, 0, 0
80249, 797, 1, 0, 0
80349, 870, 1, 0, 0
80449, 870, 1, 0, 0
80549, 900, 1, 0, 0
80649, 890, 1, 0, 0
80749, 850, 1, 0, 0
80849, 870, 1, 0, 0
80949, 780, 1, 0, 0
81049, 840, 1, 0, 0
81149, 860, 1, 0, 0
81249, 860, 1, 0, 0
81350, 830, 1, 0, 0
81450, 910, 1, 0, 0
81550, 860, 1, 0, 0
81650, 850, 1, 0, 0
81749, 858, 1, 0, 0
81849, 870, 1, 0, 0
81949, 840, 1, 0, 0
82049, 810, 1, 0, 0
82149, 920, 1, 0, 0
82249, 780, 1, 0, 0
82349, 860, 1, 0, 0
82449, 860, 1, 0, 0
82549, 920, 1, 0, 0
82649, 810, 1, 0, 0
82750, 830, 1, 0, 0
82850, 850, 1, 0, 0
82950, 850, 1, 0, 0
83050, 830, 1, 0, 0
83150, 840, 1, 0, 0
83249, 838, 1, 0, 0
83349, 830, 1, 0, 0
83449, 820, 1, 0, 0
83549, 880, 1, 0, 0
83649, 900, 1, 0, 0
83749, 920, 1, 0, 0
83849, 900, 1, 0, 0
83949, 880, 1, 0, 0
84049, 860, 1, 0, 0
84150, 830, 1, 0, 0
84249, 848, 1, 0, 0
84349, 800, 1, 0, 0
84449, 840, 1, 0, 0
84549, 810, 1, 0, 0
84649, 860, 1, 0, 0
84749, 880, 1, 0, 0
84849, 860, 1, 0, 0
84949, 880, 1, 0, 0
85049, 800, 1, 0, 0
85149, 850, 1, 0, 0
85249, 850, 1, 0, 0
85349, 840, 1, 0, 0
85449, 860, 1, 0, 0
85550, 860, 1, 0, 0
85650, 840, 1, 0, 0
85749, 828, 1, 0, 0
85849, 810, 1, 0, 0
85949, 830, 1, 0, 0
86049, 830, 1, 0, 0
86149, 850, 1, 0, 0
86249, 820, 1, 0, 0
86349, 870, 1, 0, 0
86449, 840, 1, 0, 0
86549, 850, 1, 0, 0
86649, 870, 1, 0, 0
86749, 820, 1, 0, 0
86849, 900, 1, 0, 0
86949, 920, 1, 0, 0
87050, 850, 1, 0, 0
87150, 830, 1, 0, 0
87249, 898, 1, 0, 0
87349, 890, 1, 0, 0
87449, 880, 1, 0, 0
87549, 920, 1, 0, 0
87649, 890, 1, 0, 0
87749, 810, 1, 0, 0
87849, 890, 1, 0, 0
87949, 880, 1, 0, 0
88049, 830, 1, 0, 0
88149, 840, 1, 0, 0
88249, 810, 1, 0, 0
88349, 850, 1, 0, 0
88450, 910, 1, 0, 0
88550, 830, 1, 0, 0
88650, 880, 1, 0, 0
88749, 848, 1, 0, 0
88849, 830, 1, 0, 0
88949, 850, 1, 0, 0
89049, 870, 1, 0, 0
89149, 840, 1, 0, 0
89249, 870, 1, 0, 0
89349, 870, 1, 0, 0
89449, 870, 1, 0, 0
89549, 880, 1, 0, 0
89649, 850, 1, 0, 0
89749, 850, 1, 0, 0
89850, 850, 1, 0, 0
89950, 850, 1, 0, 0
90050, 900, 1, 0, 0
90150, 880, 1, 0, 0
90249, 888, 1, 0, 0
90349, 880, 1, 0, 0
90449, 900, 1, 0, 0
90549, 810, 1, 0, 0
90649, 840, 1, 0, 0
90749, 860, 1, 0, 0
90849, 890, 1, 0, 0
90949, 820, 1, 0, 0
91049, 890, 1, 0, 0
91149, 900, 1, 0, 0
91250, 860, 1, 0, 0
91350, 860, 1, 0, 0
91450, 880, 1, 0, 0
91550, 850, 1, 0, 0
91650, 820, 1, 0, 0
91749, 878, 1, 0, 0
91849, 850, 1, 0, 0
91949, 870, 1, 0, 0
92049, 840, 1, 0, 0
92149, 870, 1, 0, 0
92249, 840, 1, 0, 0
92349, 810, 1, 0, 0
92449, 840, 1, 0, 0
92549, 870, 1, 0, 0
92650, 840, 1, 0, 0
92749, 838, 1, 0, 0
92849, 800, 1, 0, 0
92949, 810, 1, 0, 0
93049, 900, 1, 0, 0
93149, 790, 1, 0, 0
93249, 840, 1, 0, 0
93349, 850, 1, 0, 0
93449, 890, 1, 0, 0
93549, 880, 1, 0, 0
93649, 820, 1, 0, 0
93749, 900, 1, 0, 0
93849, 890, 1, 0, 0
93949, 840, 1, 0, 0
94050, 860, 1, 0, 0
94150, 870, 1, 0, 0
94249, 878, 1, 0, 0
94349, 810, 1, 0, 0
94449, 860, 1, 0, 0
94549, 880, 1, 0, 0
94649, 890, 1, 0, 0
94749, 880, 1, 0, 0
94849, 890, 1, 0, 0
94949, 880, 1, 0, 0
95049, 860, 1, 0, 0
95149, 840, 1, 0, 0
95249, 820, 1, 0, 0
95349, 860, 1, 0, 0
95449, 790, 1, 0, 0
95550, 880, 1, 0, 0
95650, 860, 1, 0, 0
95749, 838, 1, 0, 0
95849, 870, 1, 0, 0
95949, 810, 1, 0, 0
96049, 830, 1, 0, 0
96149, 920, 1, 0, 0
96249, 890, 1, 0, 0
96349, 890, 1, 0, 0
96449, 890, 1, 0, 0
96549, 870, 1, 0, 0
96649, 890, 1, 0, 0
96749, 870, 1, 0, 0
96849, 840, 1, 0, 0
96949, 870, 1, 0, 0
97050, 860, 1, 0, 0
97150, 860, 1, 0, 0
97249, 828, 1, 0, 0
97349, 860, 1, 0, 0
97449, 860, 1, 0, 0
97549, 820, 1, 0, 0
97649, 860, 1, 0, 0
97749, 910, 1, 0, 0
97849, 870, 1, 0, 0
97949, 850, 1, 0, 0
98049, 830, 1, 0, 0
98149, 880, 1, 0, 0
98249, 850, 1, 0, 0
98349, 790, 1, 0, 0
98450, 840, 1, 0, 0
98550, 880, 1, 0, 0
98650, 890, 1, 0, 0
98749, 888, 1, 0, 0
98849, 860, 1, 0, 0
98949, 870, 1, 0, 0
99049, 870, 1, 0, 0
99149, 860, 1, 0, 0
99249, 860, 1, 0, 0
99349, 870, 1, 0, 0
99449, 850, 1, 0, 0
99549, 880, 1, 0, 0
99649, 870, 1, 0, 0
99749, 860, 1, 0, 0
99850, 830, 1, 0, 0
99950, 870, 1, 0, 0
100050, 850, 1, 0, 0
100150, 820, 1, 0, 0
100249, 818, 1, 0, 0
100349, 850, 1, 0, 0
100449, 860, 1, 0, 0
100549, 800, 1, 0, 0
100649, 830, 1, 0, 0
100749, 870, 1, 0, 0
100849, 850, 1, 0, 0
100949, 860, 1, 0, 0
101049, 850, 1, 0, 0
101149, 850, 1, 0, 0
101250, 830, 1, 0, 0
101350, 840, 1, 0, 0
101450, 820, 1, 0, 0
101550, 830, 1, 0, 0
101650, 830, 1, 0, 0
101749, 838, 1, 0, 0
101849, 860, 1, 0, 0
101949, 800, 1, 0, 0
102049, 820, 1, 0, 0
102149, 800, 1, 0, 0
102249, 890, 1, 0, 0
102349, 860, 1, 0, 0
102449, 890, 1, 0, 0
102549, 860, 1, 0, 0
102650, 930, 1, 0, 0
102749, 878, 1, 0, 0
102849, 850, 1, 0, 0
102949, 860, 1, 0, 0
103049, 780, 1, 0, 0
103149, 860, 1, 0, 0
103249, 870, 1, 0, 0
103349, 830, 1, 0, 0
103449, 900, 1, 0, 0
103549, 840, 1, 0, 0
103649, 820, 1, 0, 0
103749, 850, 1, 0, 0
103849, 860, 1, 0, 0
103949, 860, 1, 0, 0
104049, 850, 1, 0, 0
104150, 830, 1, 0, 0
104249, 858, 1, 0, 0
104349, 770, 1, 0, 0
104449, 830, 1, 0, 0
104549, 910, 1, 0, 0
104649, 890, 1, 0, 0
104749, 920, 1, 0, 0
104849, 900, 1, 0, 0
104949, 910, 1, 0, 0
105049, 880, 1, 0, 0
105149, 860, 1, 0, 0
105250, 830, 1, 0, 0
105350, 820, 1, 0, 0
105450, 890, 1, 0, 0
105550, 870, 1, 0, 0
105650, 890, 1, 0, 0
105749, 838, 1, 0, 0
105849, 830, 1, 0, 0
105949, 890, 1, 0, 0
106049, 850, 1, 0, 0
106149, 890, 1, 0, 0
106249, 900, 1, 0, 0
106349, 890, 1, 0, 0
106449, 860, 1, 0, 0
106550, 880, 1, 0, 0
106650, 860, 1, 0, 0
106749, 898, 1, 0, 0
106849, 910, 1, 0, 0
106949, 850, 1, 0, 0
107049, 870, 1, 0, 0
107149, 910, 1, 0, 0
107249, 880, 1, 0, 0
107349, 850, 1, 0, 0
107449, 870, 1, 0, 0
107549, 940, 1, 0, 0
107649, 940, 1, 0, 0
107749, 890, 1, 0, 0
107850, 870, 1, 0, 0
107950, 900, 1, 0, 0
108050, 870, 1, 0, 0
108150, 920, 1, 0, 0
108249, 878, 1, 0, 0
108349, 880, 1, 0, 0
108449, 870, 1, 0, 0
108549, 880, 1, 0, 0
108649, 900, 1, 0, 0
108749, 930, 1, 0, 0
108849, 890, 1, 0, 0
108949, 880, 1, 0, 0
109049, 880, 1, 0, 0
109149, 890, 1, 0, 0
109250, 890, 1, 0, 0
109350, 880, 1, 0, 0
109450, 900, 1, 0, 0
109550, 890, 1, 0, 0
109650, 910, 1, 0, 0
109749, 848, 1, 0, 0
109849, 920, 1, 0, 0
109949, 930, 1, 0, 0
110049, 860, 1, 0, 0
110149, 900, 1, 0, 0
110249, 890, 1, 0, 0
110349, 890, 1, 0, 0
110449, 900, 1, 0, 0
110549, 930, 1, 0, 0
110650, 920, 1, 0, 0
110749, 888, 1, 0, 0
110849, 880, 1, 0, 0
110949, 880, 1, 0, 0
111049, 910, 1, 0, 0
111149, 930, 1, 0, 0
111249, 850, 1, 0, 0
111349, 930, 1, 0, 0
111449, 960, 1, 0, 0
111549, 960, 1, 0, 0
111649, 870, 1, 0, 0
111749, 890, 1, 0, 0
111849, 900, 1, 0, 0
111949, 910, 1, 0, 0
112050, 890, 1, 0, 0
112150, 920, 1, 0, 0
112249, 898, 1, 0, 0
112349, 890, 1, 0, 0
112449, 900, 1, 0, 0
112549, 940, 1, 0, 0
112649, 890, 1, 0, 0
112749, 880, 1, 0, 0
112849, 970, 1, 0, 0
112949, 900, 1, 0, 0
113049, 890, 1, 0, 0
113149, 970, 1, 0, 0
113249, 910, 1, 0, 0
113349, 870, 1, 0, 0
113450, 930, 1, 0, 0
113550, 910, 1, 0, 0
113650, 910, 1, 0, 0
113749, 959, 1, 0, 0
113849, 960, 1, 0, 0
113949, 880, 1, 0, 0
114049, 860, 1, 0, 0
114149, 910, 1, 0, 0
114249, 850, 1, 0, 0
114349, 920, 1, 0, 0
114449, 940, 1, 0, 0
114549, 900, 1, 0, 0
114649, 920, 1, 0, 0
114749, 900, 1, 0, 0
114849, 920, 1, 0, 0
114950, 870, 1, 0, 0
115050, 880, 1, 0, 0
115150, 900, 1, 0, 0
115249, 939, 1, 0, 0
115349, 940, 1, 0, 0
115449, 920, 1, 0, 0
115549, 880, 1, 0, 0
115649, 910, 1, 0, 0
115749, 890, 1, 0, 0
115849, 970, 1, 0, 0
115949, 930, 1, 0, 0
116049, 940, 1, 0, 0
116149, 890, 1, 0, 0
116249, 870, 1, 0, 0
116349, 940, 1, 0, 0
116450, 880, 1, 0, 0
116550, 920, 1, 0, 0
116650, 890, 1, 0, 0
116749, 909, 1, 0, 0
116849, 940, 1, 0, 0
116949, 930, 1, 0, 0
117049, 890, 1, 0, 0
117149, 860, 1, 0, 0
117249, 900, 1, 0, 0
117349, 880, 1, 0, 0
117449, 930, 1, 0, 0
117549, 910, 1, 0, 0
117649, 880, 1, 0, 0
117750, 900, 1, 0, 0
117850, 910, 1, 0, 0
117950, 910, 1, 0, 0
118050, 880, 1, 0, 0
118150, 880, 1, 0, 0
118249, 919, 1, 0, 0
118349, 950, 1, 0, 0
118449, 920, 1, 0, 0
118549, 840, 1, 0, 0
118649, 900, 1, 0, 0
118749, 900, 1, 0, 0
118849, 880, 1, 0, 0
118949, 940, 1, 0, 0
119049, 870, 1, 0, 0
119150, 900, 1, 0, 0
119249, 939, 1, 0, 0
119349, 920, 1, 0, 0
119449, 960, 1, 0, 0
119549, 920, 1, 0, 0
119649, 930, 1, 0, 0
119749, 880, 1, 0, 0
119849, 920, 1, 0, 0
119949, 950, 1, 0, 0
120049, 900, 1, 0, 0
120149, 950, 1, 0, 0
120249, 910, 1, 0, 0
120349, 920, 1, 0, 0
120449, 920, 1, 0, 0
120550, 990, 1, 0, 0
120650, 920, 1, 0, 0
120749, 949, 1, 0, 0
120849, 880, 1, 0, 0
120949, 920, 1, 0, 0
121049, 880, 1, 0, 0
121149, 920, 1, 0, 0
121249, 920, 1, 0, 0
121349, 950, 1, 0, 0
121449, 930, 1, 0, 0
121549, 950, 1, 0, 0
121649, 930, 1, 0, 0
121749, 930, 1, 0, 0
121850, 940, 1, 0, 0
121950, 900, 1, 0, 0
122050, 980, 1, 0, 0
122150, 910, 1, 0, 0
122249, 939, 1, 0, 0
122349, 920, 1, 0, 0
122449, 910, 1, 0, 0
122549, 970, 1, 0, 0
122649, 910, 1, 0, 0
122749, 890, 1, 0, 0
122849, 890, 1, 0, 0
122949, 940, 1, 0, 0
123049, 920, 1, 0, 0
123150, 960, 1, 0, 0
123249, 959, 1, 0, 0
123349, 960, 1, 0, 0
123449, 930, 1, 0, 0
123549, 910, 1, 0, 0
123649, 890, 1, 0, 0
123749, 870, 1, 0, 0
123849, 920, 1, 0, 0
123949, 970, 1, 0, 0
124049, 920, 1, 0, 0
124149, 940, 1, 0, 0
124249, 930, 1, 0, 0
124349, 930, 1, 0, 0
124449, 970, 1, 0, 0
124550, 860, 1, 0, 0
124650, 910, 1, 0, 0
124749, 929, 1, 0, 0
124849, 940, 1, 0, 0
124949, 850, 1, 0, 0
125049, 920, 1, 0, 0
125149, 930, 1, 0, 0
125249, 890, 1, 0, 0
125349, 910, 1, 0, 0
125449, 950, 1, 0, 0
125549, 880, 1, 0, 0
125649, 930, 1, 0, 0
125750, 910, 1, 0, 0
125850, 930, 1, 0, 0
125950, 910, 1, 0, 0
126050, 880, 1, 0, 0
126150, 930, 1, 0, 0
126249, 909, 1, 0, 0
126349, 910, 1, 0, 0
126449, 970, 1, 0, 0
126549, 900, 1, 0, 0
126649, 940, 1, 0, 0
126749, 930, 1, 0, 0
126849, 930, 1, 0, 0
126949, 940, 1, 0, 0
127050, 880, 1, 0, 0
127150, 900, 1, 0, 0
127249, 898, 1, 0, 0
127349, 890, 1, 0, 0
127449, 930, 1, 0, 0
127549, 880, 1, 0, 0
127649, 950, 1, 0, 0
127749, 940, 1, 0, 0
127849, 900, 1, 0, 0
127949, 930, 1, 0, 0
128049, 930, 1, 0, 0
128149, 970, 1, 0, 0
128250, 880, 1, 0, 0
128350, 910, 1, 0, 0
128450, 910, 1, 0, 0
128550, 940, 1, 0, 0
128650, 950, 1, 0, 0
128749, 898, 1, 0, 0
128849, 870, 1, 0, 0
128949, 900, 1, 0, 0
129049, 950, 1, 0, 0
129149, 930, 1, 0, 0
129249, 940, 1, 0, 0
129349, 890, 1, 0, 0
129449, 870, 1, 0, 0
129550, 910, 1, 0, 0
129650, 920, 1, 0, 0
129749, 909, 1, 0, 0
129849, 930, 1, 0, 0
129949, 900, 1, 0, 0
130049, 920, 1, 0, 0
130149, 890, 1, 0, 0
130249, 930, 1, 0, 0
130349, 930, 1, 0, 0
130449, 840, 1, 0, 0
130549, 910, 1, 0, 0
130649, 890, 1, 0, 0
130749, 970, 1, 0, 0
130849, 940, 1, 0, 0
130950, 910, 1, 0, 0
131050, 870, 1, 0, 0
131150, 970, 1, 0, 0
131249, 939, 1, 0, 0
131349, 900, 1, 0, 0
131449, 880, 1, 0, 0
131549, 910, 1, 0, 0
131649, 920, 1, 0, 0
131749, 910, 1, 0, 0
131849, 920, 1, 0, 0
131949, 900, 1, 0, 0
132049, 900, 1, 0, 0
132149, 920, 1, 0, 0
132250, 890, 1, 0, 0
132350, 950, 1, 0, 0
132450, 920, 1, 0, 0
132550, 920, 1, 0, 0
132650, 920, 1, 0, 0
132749, 888, 1, 0, 0
132849, 870, 1, 0, 0
132949, 880, 1, 0, 0
133049, 910, 1, 0, 0
133149, 910, 1, 0, 0
133249, 890, 1, 0, 0
133349, 890, 1, 0, 0
133449, 890, 1, 0, 0
133549, 930, 1, 0, 0
133650, 910, 1, 0, 0
133749, 898, 1, 0, 0
133849, 900, 1, 0, 0
133949, 970, 1, 0, 0
134049, 950, 1, 0, 0
134149, 930, 1, 0, 0
134249, 950, 1, 0, 0
134349, 900, 1, 0, 0
134449, 940, 1, 0, 0
134549, 960, 1, 0, 0
134649, 920, 1, 0, 0
134749, 860, 1, 0, 0
134850, 930, 1, 0, 0
134950, 850, 1, 0, 0
135050, 890, 1, 0, 0
135150, 920, 1, 0, 0
135249, 919, 1, 0, 0
135349, 930, 1, 0, 0
135449, 960, 1, 0, 0
135549, 910, 1, 0, 0
135649, 950, 1, 0, 0
135749, 940, 1, 0, 0
135849, 910, 1, 0, 0
135949, 920, 1, 0, 0
136050, 940, 1, 0, 0
136150, 930, 1, 0, 0
136249, 898, 1, 0, 0
136349, 940, 1, 0, 0
136449, 940, 1, 0, 0
136549, 880, 1, 0, 0
136649, 920, 1, 0, 0
136749, 880, 1, 0, 0
136849, 880, 1, 0, 0
136949, 930, 1, 0, 0
137049, 940, 1, 0, 0
137149, 840, 1, 0, 0
137250, 900, 1, 0, 0
137350, 930, 1, 0, 0
137450, 940, 1, 0, 0
137550, 910, 1, 0, 0
137650, 950, 1, 0, 0
137749, 929, 1, 0, 0
137849, 920, 1, 0, 0
137949, 920, 1, 0, 0
138049, 920, 1, 0, 0
138149, 930, 1, 0, 0
138249, 890, 1, 0, 0
138349, 910, 1, 0, 0
138449, 900, 1, 0, 0
138550, 930, 1, 0, 0
138650, 920, 1, 0, 0
138749, 929, 1, 0, 0
138849, 920, 1, 0, 0
138949, 880, 1, 0, 0
139049, 890, 1, 0, 0
139149, 890, 1, 0, 0
139249, 880, 1, 0, 0
139349, 930, 1, 0, 0
139449, 920, 1, 0, 0
139549, 910, 1, 0, 0
139649, 980, 1, 0, 0
139750, 920, 1, 0, 0
139850, 940, 1, 0, 0
139950, 900, 1, 0, 0
140050, 940, 1, 0, 0
140150, 920, 1, 0, 0
140249, 939, 1, 0, 0
140349, 900, 1, 0, 0
140449, 970, 1, 0, 0
140549, 970, 1, 0, 0
140649, 900, 1, 0, 0
140749, 930, 1, 0, 0
140849, 960, 1, 0, 0
140949, 940, 1, 0, 0
141050, 900, 1, 0, 0
141150, 900, 1, 0, 0
141249, 949, 1, 0, 0
141349, 960, 1, 0, 0
141449, 950, 1, 0, 0
141549, 910, 1, 0, 0
141649, 940, 1, 0, 0
141749, 960, 1, 0, 0
141849, 920, 1, 0, 0
141949, 920, 1, 0, 0
142049, 890, 1, 0, 0
142149, 910, 1, 0, 0
142250, 900, 1, 0, 0
142350, 900, 1, 0, 0
142450, 970, 1, 0, 0
142550, 970, 1, 0, 0
142650, 920, 1, 0, 0
142749, 919, 1, 0, 0
142849, 960, 1, 0, 0
142949, 930, 1, 0, 0
143049, 960, 1, 0, 0
143149, 910, 1, 0, 0
143249, 870, 1, 0, 0
143349, 940, 1, 0, 0
143449, 920, 1, 0, 0
143550, 920, 1, 0, 0
143650, 910, 1, 0, 0
143749, 888, 1, 0, 0
143849, 940, 1, 0, 0
143949, 890, 1, 0, 0
144049, 920, 1, 0, 0
144149, 920, 1, 0, 0
144249, 950, 1, 0, 0
144349, 940, 1, 0, 0
144449, 940, 1, 0, 0
144549, 930, 1, 0, 0
144649, 950, 1, 0, 0
144750, 960, 1, 0, 0
144850, 920, 1, 0, 0
144950, 950, 1, 0, 0
145050, 960, 1, 0, 0
145150, 980, 1, 0, 0
145249, 969, 1, 0, 0
145349, 980, 1, 0, 0
145449, 900, 1, 0, 0
145549, 950, 1, 0, 0
145649, 960, 1, 0, 0
145749, 930, 1, 0, 0
145849, 960, 1, 0, 0
145949, 920, 1, 0, 0
146050, 920, 1, 0, 0
146150, 910, 1, 0, 0
146249, 949, 1, 0, 0
146349, 960, 1, 0, 0
146449, 910, 1, 0, 0
146549, 940, 1, 0, 0
146649, 910, 1, 0, 0
146749, 960, 1, 0, 0
146849, 920, 1, 0, 0
146949, 920, 1, 0, 0
147049, 920, 1, 0, 0
147149, 900, 1, 0, 0
147250, 920, 1, 0, 0
147350, 990, 1, 0, 0
147450, 940, 1, 0, 0
147550, 890, 1, 0, 0
147650, 980, 1, 0, 0
147749, 929, 1, 0, 0
147849, 1000, 1, 0, 0
147949, 960, 1, 0, 0
148049, 980, 1, 0, 0
148149, 990, 1, 0, 0
148249, 930, 1, 0, 0
148349, 920, 1, 0, 0
148449, 910, 1, 0, 0
148550, 900, 1, 0, 0
148650, 950, 1, 0, 0
148749, 919, 1, 0, 0
148849, 880, 1, 0, 0
148949, 940, 1, 0, 0
149049, 940, 1, 0, 0
149149, 910, 1, 0, 0
149249, 960, 1, 0, 0
149349, 920, 1, 0, 0
149449, 970, 1, 0, 0
149549, 930, 1, 0, 0
149649, 880, 1, 0, 0
149750, 920, 1, 0, 0
149850, 940, 1, 0, 0
149950, 990, 1, 0, 0
150050, 980, 1, 0, 0
150150, 920, 1, 0, 0
150249, 898, 1, 0, 0
150349, 970, 1, 0, 0
150449, 920, 1, 0, 0
150549, 960, 1, 0, 0
150649, 950, 1, 0, 0
150749, 910, 1, 0, 0
150849, 940, 1, 0, 0
150949, 920, 1, 0, 0
151050, 940, 1, 0, 0
151150, 910, 1, 0, 0
151249, 929, 1, 0, 0
151349, 930, 1, 0, 0
151449, 950, 1, 0, 0
151549, 950, 1, 0, 0
151649, 930, 1, 0, 0
151749, 960, 1, 0, 0
151849, 950, 1, 0, 0
151949, 910, 1, 0, 0
152049, 880, 1, 0, 0
152149, 990, 1, 0, 0
152249, 910, 1, 0, 0
152350, 990, 1, 0, 0
152450, 910, 1, 0, 0
152550, 950, 1, 0, 0
152650, 940, 1, 0, 0
152749, 939, 1, 0, 0
152849, 940, 1, 0, 0
152949, 960, 1, 0, 0
153049, 910, 1, 0, 0
153149, 950, 1, 0, 0
153249, 930, 1, 0, 0
153349, 970, 1, 0, 0
153449, 930, 1, 0, 0
153549, 930, 1, 0, 0
153650, 940, 1, 0, 0
153749, 959, 1, 0, 0
153849, 960, 1, 0, 0
153949, 930, 1, 0, 0
154049, 980, 1, 0, 0
154149, 980, 1, 0, 0
154249, 920, 1, 0, 0
154349, 920, 1, 0, 0
154449, 890, 1, 0, 0
154549, 950, 1, 0, 0
154649, 940, 1, 0, 0
154749, 930, 1, 0, 0
154849, 1000, 1, 0, 0
154949, 930, 1, 0, 0
155050, 950, 1, 0, 0
155150, 930, 1, 0, 0
155249, 949, 1, 0, 0
155349, 920, 1, 0, 0
155449, 860, 1, 0, 0
155549, 960, 1, 0, 0
155649, 950, 1, 0, 0
155749, 940, 1, 0, 0
155849, 950, 1, 0, 0
155949, 980, 1, 0, 0
156049, 960, 1, 0, 0
156149, 910, 1, 0, 0
156249, 920, 1, 0, 0
156350, 940, 1, 0, 0
156450, 970, 1, 0, 0
156550, 930, 1, 0, 0
156650, 920, 1, 0, 0
156749, 939, 1, 0, 0
156849, 960, 1, 0, 0
156949, 960, 1, 0, 0
157049, 910, 1, 0, 0
157149, 950, 1, 0, 0
157249, 900, 1, 0, 0
157349, 950, 1, 0, 0
157449, 960, 1, 0, 0
157550, 920, 1, 0, 0
157650, 930, 1, 0, 0
157749, 949, 1, 0, 0
157849, 900, 1, 0, 0
157949, 940, 1, 0, 0
158049, 900, 1, 0, 0
158149, 940, 1, 0, 0
158249, 980, 1, 0, 0
158349, 960, 1, 0, 0
158449, 940, 1, 0, 0
158549, 930, 1, 0, 0
158649, 1010, 1, 0, 0
158749, 950, 1, 0, 0
158850, 950, 1, 0, 0
158950, 950, 1, 0, 0
159050, 950, 1, 0, 0
159150, 940, 1, 0, 0
159249, 949, 1, 0, 0
159349, 960, 1, 0, 0
159449, 930, 1, 0, 0
159549, 890, 1, 0, 0
159649, 900, 1, 0, 0
159749, 910, 1, 0, 0
159849, 970, 1, 0, 0
159949, 930, 1, 0, 0
160050, 950, 1, 0, 0
160150, 950, 1, 0, 0
160249, 898, 1, 0, 0
160349, 960, 1, 0, 0
160449, 960, 1, 0, 0
160549, 960, 1, 0, 0
160649, 980, 1, 0, 0
160749, 950, 1, 0, 0
160849, 910, 1, 0, 0
160949, 910, 1, 0, 0
161049, 900, 1, 0, 0
161149, 950, 1, 0, 0
161249, 920, 1, 0, 0
161350, 930, 1, 0, 0
161450, 910, 1, 0, 0
161550, 950, 1, 0, 0
161650, 960, 1, 0, 0
161749, 959, 1, 0, 0
161849, 940, 1, 0, 0
161949, 920, 1, 0, 0
162049, 940, 1, 0, 0
162149, 910, 1, 0, 0
162249, 910, 1, 0, 0
162349, 950, 1, 0, 0
162449, 960, 1, 0, 0
162549, 970, 1, 0, 0
162649, 970, 1, 0, 0
162750, 940, 1, 0, 0
162850, 970, 1, 0, 0
162950, 940, 1, 0, 0
163050, 940, 1, 0, 0
163150, 910, 1, 0, 0
163249, 949, 1, 0, 0
163349, 900, 1, 0, 0
163449, 970, 1, 0, 0
163549, 940, 1, 0, 0
163649, 970, 1, 0, 0
163749, 910, 1, 0, 0
163849, 960, 1, 0, 0
163949, 940, 1, 0, 0
164050, 950, 1, 0, 0
164150, 930, 1, 0, 0
164249, 959, 1, 0, 0
164349, 950, 1, 0, 0
164449, 900, 1, 0, 0
164549, 950, 1, 0, 0
164649, 1000, 1, 0, 0
164749, 970, 1, 0, 0
164849, 970, 1, 0, 0
164949, 920, 1, 0, 0
165049, 950, 1, 0, 0
165149, 950, 1, 0, 0
165250, 980, 1, 0, 0
165350, 900, 1, 0, 0
165450, 960, 1, 0, 0
165550, 1000, 1, 0, 0
165650, 950, 1, 0, 0
165749, 939, 1, 0, 0
165849, 960, 1, 0, 0
165949, 900, 1, 0, 0
166049, 950, 1, 0, 0
166149, 960, 1, 0, 0
166249, 950, 1, 0, 0
166349, 940, 1, 0, 0
166449, 940, 1, 0, 0
166550, 920, 1, 0, 0
166650, 940, 1, 0, 0
166749, 959, 1, 0, 0
166849, 980, 1, 0, 0
166949, 990, 1, 0, 0
167049, 970, 1, 0, 0
167149, 990, 1, 0, 0
167249, 960, 1, 0, 0
167349, 980, 1, 0, 0
167449, 990, 1, 0, 0
167549, 950, 1, 0, 0
167649, 950, 1, 0, 0
167750, 1030, 1, 0, 0
167850, 900, 1, 0, 0
167950, 980, 1, 0, 0
168050, 930, 1, 0, 0
168150, 990, 1, 0, 0
168249, 929, 1, 0, 0
168349, 990, 1, 0, 0
168449, 950, 1, 0, 0
168549, 920, 1, 0, 0
168649, 950, 1, 0, 0
168749, 880, 1, 0, 0
168849, 1000, 1, 0, 0
168949, 990, 1, 0, 0
169050, 930, 1, 0, 0
169150, 960, 1, 0, 0
169249, 1020, 1, 0, 0
169349, 910, 1, 0, 0
169449, 960, 1, 0, 0
169549, 990, 1, 0, 0
169649, 960, 1, 0, 0
169749, 960, 1, 0, 0
169849, 980, 1, 0, 0
169949, 980, 1, 0, 0
170049, 1020, 1, 0, 0
170149, 980, 1, 0, 0
170249, 930, 1, 0, 0
170350, 920, 1, 0, 0
170450, 990, 1, 0, 0
170550, 940, 1, 0, 0
170650, 970, 1, 0, 0
170749, 929, 1, 0, 0
170849, 950, 1, 0, 0
170949, 980, 1, 0, 0
171049, 940, 1, 0, 0
171149, 1000, 1, 0, 0
171249, 1000, 1, 0, 0
171349, 970, 1, 0, 0
171449, 950, 1, 0, 0
171549, 1000, 1, 0, 0
171650, 940, 1, 0, 0
171749, 1000, 1, 0, 0
171849, 970, 1, 0, 0
171949, 1000, 1, 0, 0
172049, 970, 1, 0, 0
172149, 970, 1, 0, 0
172249, 980, 1, 0, 0
172349, 950, 1, 0, 0
172449, 990, 1, 0, 0
172549, 1030, 1, 0, 0
172649, 980, 1, 0, 0
172749, 970, 1, 0, 0
172849, 970, 1, 0, 0
172950, 920, 1, 0, 0
173050, 980, 1, 0, 0
173150, 940, 1, 0, 0
173249, 929, 1, 0, 0
173349, 950, 1, 0, 0
173449, 970, 1, 0, 0
173549, 950, 1, 0, 0
173649, 900, 1, 0, 0
173749, 970, 1, 0, 0
173849, 950, 1, 0, 0
173949, 960, 1, 0, 0
174049, 940, 1, 0, 0
174149, 1030, 1, 0, 0
174250, 980, 1, 0, 0
174350, 970, 1, 0, 0
174450, 1040, 1, 0, 0
174550, 970, 1, 0, 0
174650, 980, 1, 0, 0
174749, 989, 1, 0, 0
174849, 980, 1, 0, 0
174949, 990, 1, 0, 0
175049, 990, 1, 0, 0
175149, 990, 1, 0, 0
175249, 940, 1, 0, 0
175349, 1010, 1, 0, 0
175449, 960, 1, 0, 0
175549, 930, 1, 0, 0
175649, 990, 1, 0, 0
175750, 960, 1, 0, 0
175850, 970, 1, 0, 0
175950, 970, 1, 0, 0
176050, 980, 1, 0, 0
176150, 1000, 1, 0, 0
176249, 969, 1, 0, 0
176349, 950, 1, 0, 0
176449, 970, 1, 0, 0
176549, 920, 1, 0, 0
176649, 980, 1, 0, 0
176749, 960, 1, 0, 0
176849, 960, 1, 0, 0
176949, 990, 1, 0, 0
177050, 950, 1, 0, 0
177150, 1010, 1, 0, 0
177249, 939, 1, 0, 0
177349, 970, 1, 0, 0
177449, 950, 1, 0, 0
177549, 1010, 1, 0, 0
177649, 990, 1, 0, 0
177749, 960, 1, 0, 0
177849, 900, 1, 0, 0
177949, 950, 1, 0, 0
178049, 990, 1, 0, 0
178150, 1010, 1, 0, 0
178249, 919, 1, 0, 0
178349, 940, 1, 0, 0
178449, 970, 1, 0, 0
178549, 980, 1, 0, 0
178649, 960, 1, 0, 0
178749, 960, 1, 0, 0
178849, 880, 1, 0, 0
178949, 930, 1, 0, 0
179049, 980, 1, 0, 0
179149, 990, 1, 0, 0
179249, 990, 1, 0, 0
179349, 1010, 1, 0, 0
179449, 990, 1, 0, 0
179550, 940, 1, 0, 0
179650, 970, 1, 0, 0
179749, 979, 1, 0, 0
179849, 1000, 1, 0, 0
179949, 980, 1, 0, 0
180049, 960, 1, 0, 0
180149, 970, 1, 0, 0
180249, 990, 1, 0, 0
180349, 930, 1, 0, 0
180449, 940, 1, 0, 0
180549, 910, 1, 0, 0
180649, 940, 1, 0, 0
180750, 980, 1, 0, 0
180850, 980, 1, 0, 0
180950, 940, 1, 0, 0
181050, 930, 1, 0, 0
181150, 950, 1, 0, 0
181249, 959, 1, 0, 0
181349, 930, 1, 0, 0
181449, 950, 1, 0, 0
181549, 960, 1, 0, 0
181649, 930, 1, 0, 0
181749, 960, 1, 0, 0
181849, 970, 1, 0, 0
181949, 960, 1, 0, 0
182050, 940, 1, 0, 0
182150, 970, 1, 0, 0
182249, 949, 1, 0, 0
182349, 960, 1, 0, 0
182449, 930, 1, 0, 0
182549, 1000, 1, 0, 0
182649, 980, 1, 0, 0
182749, 960, 1, 0, 0
182849, 900, 1, 0, 0
182949, 960, 1, 0, 0
183049, 930, 1, 0, 0
183149, 930, 1, 0, 0
183250, 970, 1, 0, 0
183350, 900, 1, 0, 0
183450, 950, 1, 0, 0
183550, 900, 1, 0, 0
183650, 960, 1, 0, 0
183749, 949, 1, 0, 0
183849, 930, 1, 0, 0
183949, 930, 1, 0, 0
184049, 970, 1, 0, 0
184149, 930, 1, 0, 0
184249, 940, 1, 0, 0
184349, 960, 1, 0, 0
184449, 890, 1, 0, 0
184550, 930, 1, 0, 0
184650, 960, 1, 0, 0
184749, 939, 1, 0, 0
184849, 950, 1, 0, 0
184949, 950, 1, 0, 0
185049, 970, 1, 0, 0
185149, 990, 1, 0, 0
185249, 990, 1, 0, 0
185349, 960, 1, 0, 0
185449, 910, 1, 0, 0
185549, 950, 1, 0, 0
185649, 980, 1, 0, 0
185749, 920, 1, 0, 0
185850, 960, 1, 0, 0
185950, 950, 1, 0, 0
186050, 970, 1, 0, 0
186150, 910, 1, 0, 0
186249, 979, 1, 0, 0
186349, 940, 1, 0, 0
186449, 960, 1, 0, 0
186549, 910, 1, 0, 0
186649, 920, 1, 0, 0
186749, 960, 1, 0, 0
186849, 940, 1, 0, 0
186949, 980, 1, 0, 0
187050, 980, 1, 0, 0
187150, 980, 1, 0, 0
187249, 959, 1, 0, 0
187349, 950, 1, 0, 0
187449, 980, 1, 0, 0
187549, 910, 1, 0, 0
187649, 940, 1, 0, 0
187749, 970, 1, 0, 0
187849, 960, 1, 0, 0
187949, 960, 1, 0, 0
188049, 900, 1, 0, 0
188149, 930, 1, 0, 0
188250, 940, 1, 0, 0
188350, 940, 1, 0, 0
188450, 960, 1, 0, 0
188550, 990, 1, 0, 0
188650, 970, 1, 0, 0
188749, 989, 1, 0, 0
188849, 940, 1, 0, 0
188949, 900, 1, 0, 0
189049, 910, 1, 0, 0
189149, 950, 1, 0, 0
189249, 920, 1, 0, 0
189349, 960, 1, 0, 0
189449, 950, 1, 0, 0
189550, 940, 1, 0, 0
189650, 910, 1, 0, 0
189749, 939, 1, 0, 0
189849, 920, 1, 0, 0
189949, 920, 1, 0, 0
190049, 920, 1, 0, 0
190149, 920, 1, 0, 0
190249, 920, 1, 0, 0
190349, 930, 1, 0, 0
190449, 930, 1, 0, 0
190549, 950, 1, 0, 0
190649, 900, 1, 0, 0
190750, 940, 1, 0, 0
190850, 940, 1, 0, 0
190950, 940, 1, 0, 0
191050, 940, 1, 0, 0
191150, 980, 1, 0, 0
191249, 919, 1, 0, 0
191349, 910, 1, 0, 0
191449, 920, 1, 0, 0
191549, 970, 1, 0, 0
191649, 980, 1, 0, 0
191749, 980, 1, 0, 0
191849, 1000, 1, 0, 0
191949, 970, 1, 0, 0
192050, 990, 1, 0, 0
192150, 920, 1, 0, 0
192249, 929, 1, 0, 0
192349, 990, 1, 0, 0
192449, 940, 1, 0, 0
192549, 970, 1, 0, 0
192649, 990, 1, 0, 0
192749, 960, 1, 0, 0
192849, 950, 1, 0, 0
192949, 970, 1, 0, 0
193049, 900, 1, 0, 0
193149, 960, 1, 0, 0
193249, 970, 1, 0, 0
193350, 980, 1, 0, 0
193450, 930, 1, 0, 0
193550, 970, 1, 0, 0
193650, 970, 1, 0, 0
193749, 959, 1, 0, 0
193849, 970, 1, 0, 0
193949, 950, 1, 0, 0
194049, 920, 1, 0, 0
194149, 970, 1, 0, 0
194249, 950, 1, 0, 0
194349, 930, 1, 0, 0
194449, 980, 1, 0, 0
194549, 910, 1, 0, 0
194650, 910, 1, 0, 0
194749, 949, 1, 0, 0
194849, 910, 1, 0, 0
194949, 950, 1, 0, 0
195049, 1000, 1, 0, 0
195149, 970, 1, 0, 0
195249, 980, 1, 0, 0
195349, 960, 1, 0, 0
195449, 960, 1, 0, 0
195549, 1020, 1, 0, 0
195649, 950, 1, 0, 0
195749, 950, 1, 0, 0
195849, 990, 1, 0, 0
195950, 980, 1, 0, 0
196050, 970, 1, 0, 0
196150, 900, 1, 0, 0
196249, 939, 1, 0, 0
196349, 910, 1, 0, 0
196449, 940, 1, 0, 0
196549, 940, 1, 0, 0
196649, 970, 1, 0, 0
196749, 910, 1, 0, 0
196849, 970, 1, 0, 0
196949, 920, 1, 0, 0
197049, 950, 1, 0, 0
197149, 950, 1, 0, 0
197250, 950, 1, 0, 0
197350, 990, 1, 0, 0
197450, 1020, 1, 0, 0
197550, 1020, 1, 0, 0
197650, 960, 1, 0, 0
197749, 969, 1, 0, 0
197849, 970, 1, 0, 0
197949, 960, 1, 0, 0
198049, 970, 1, 0, 0
198149, 1000, 1, 0, 0
198249, 1020, 1, 0, 0
198349, 960, 1, 0, 0
198449, 940, 1, 0, 0
198550, 940, 1, 0, 0
198650, 930, 1, 0, 0
198749, 929, 1, 0, 0
198849, 870, 1, 0, 0
198949, 920, 1, 0, 0
199049, 910, 1, 0, 0
199149, 940, 1, 0, 0
199249, 950, 1, 0, 0
199349, 940, 1, 0, 0
199449, 1000, 1, 0, 0
199549, 940, 1, 0, 0
199649, 950, 1, 0, 0
199750, 960, 1, 0, 0
199850, 970, 1, 0, 0
199950, 920, 1, 0, 0
200050, 930, 1, 0, 0
200150, 970, 1, 0, 0
200249, 919, 1, 0, 0
200349, 910, 1, 0, 0
200449, 950, 1, 0, 0
200549, 970, 1, 0, 0
200649, 930, 1, 0, 0
200749, 970, 1, 0, 0
200849, 1000, 1, 0, 0
200949, 990, 1, 0, 0
201050, 1010, 1, 0, 0
201150, 970, 1, 0, 0
201249, 1030, 1, 0, 0
201349, 980, 1, 0, 0
201449, 920, 1, 0, 0
201549, 950, 1, 0, 0
201649, 910, 1, 0, 0
201749, 940, 1, 0, 0
201849, 970, 1, 0, 0
201949, 920, 1, 0, 0
202049, 950, 1, 0, 0
202149, 900, 1, 0, 0
202250, 950, 1, 0, 0
202350, 900, 1, 0, 0
202450, 980, 1, 0, 0
202550, 920, 1, 0, 0
202650, 970, 1, 0, 0
202749, 959, 1, 0, 0
202849, 950, 1, 0, 0
202949, 950, 1, 0, 0
203049, 940, 1, 0, 0
203149, 960, 1, 0, 0
203249, 950, 1, 0, 0
203349, 970, 1, 0, 0
203449, 950, 1, 0, 0
203550, 940, 1, 0, 0
203650, 930, 1, 0, 0
203749, 989, 1, 0, 0
203849, 1000, 1, 0, 0
203949, 1000, 1, 0, 0
204049, 1040, 1, 0, 0
204149, 970, 1, 0, 0
204249, 970, 1, 0, 0
204349, 960, 1, 0, 0
204449, 920, 1, 0, 0
204549, 950, 1, 0, 0
204649, 970, 1, 0, 0
204749, 920, 1, 0, 0
204850, 950, 1, 0, 0
204950, 1020, 1, 0, 0
205050, 1000, 1, 0, 0
205150, 970, 1, 0, 0
205249, 959, 1, 0, 0
205349, 940, 1, 0, 0
205449, 1000, 1, 0, 0
205549, 980, 1, 0, 0
205649, 970, 1, 0, 0
205749, 970, 1, 0, 0
205849, 970, 1, 0, 0
205949, 950, 1, 0, 0
206049, 970, 1, 0, 0
206150, 1000, 1, 0, 0
206249, 1010, 1, 0, 0
206349, 920, 1, 0, 0
206449, 980, 1, 0, 0
206549, 1010, 1, 0, 0
206649, 930, 1, 0, 0
206749, 1000, 1, 0, 0
206849, 920, 1, 0, 0
206949, 940, 1, 0, 0
207049, 900, 1, 0, 0
207149, 960, 1, 0, 0
207249, 930, 1, 0, 0
207349, 960, 1, 0, 0
207449, 970, 1, 0, 0
207550, 940, 1, 0, 0
207650, 1000, 1, 0, 0
207749, 969, 1, 0, 0
207849, 980, 1, 0, 0
207949, 980, 1, 0, 0
208049, 980, 1, 0, 0
208149, 990, 1, 0, 0
208249, 980, 1, 0, 0
208349, 1000, 1, 0, 0
208449, 950, 1, 0, 0
208549, 970, 1, 0, 0
208649, 970, 1, 0, 0
208749, 980, 1, 0, 0
208849, 990, 1, 0, 0
208950, 1000, 1, 0, 0
209050, 1010, 1, 0, 0
209150, 950, 1, 0, 0
209249, 969, 1, 0, 0
209349, 990, 1, 0, 0
209449, 960, 1, 0, 0
209549, 990, 1, 0, 0
209649, 960, 1, 0, 0
209749, 1020, 1, 0, 0
209849, 1050, 1, 0, 0
209949, 990, 1, 0, 0
210049, 960, 1, 0, 0
210149, 970, 1, 0, 0
210249, 1030, 1, 0, 0
210350, 980, 1, 0, 0
210450, 970, 1, 0, 0
210550, 960, 1, 0, 0
210650, 1020, 1, 0, 0
210749, 1020, 1, 0, 0
210849, 960, 1, 0, 0
210949, 990, 1, 0, 0
211049, 1020, 1, 0, 0
211149, 950, 1, 0, 0
211249, 1030, 1, 0, 0
211349, 1000, 1, 0, 0
211449, 980, 1, 0, 0
211549, 990, 1, 0, 0
211650, 1010, 1, 0, 0
211749, 979, 1, 0, 0
211849, 990, 1, 0, 0
211949, 980, 1, 0, 0
212049, 960, 1, 0, 0
212149, 990, 1, 0, 0
212249, 980, 1, 0, 0
212349, 970, 1, 0, 0
212449, 960, 1, 0, 0
212549, 1030, 1, 0, 0
212649, 950, 1, 0, 0
212749, 910, 1, 0, 0
212849, 990, 1, 0, 0
212949, 930, 1, 0, 0
213050, 970, 1, 0, 0
213150, 990, 1, 0, 0
213249, 1030, 1, 0, 0
213349, 970, 1, 0, 0
213449, 990, 1, 0, 0
213549, 960, 1, 0, 0
213649, 970, 1, 0, 0
213749, 960, 1, 0, 0
213849, 970, 1, 0, 0
213949, 970, 1, 0, 0
214049, 950, 1, 0, 0
214149, 950, 1, 0, 0
214249, 980, 1, 0, 0
214350, 960, 1, 0, 0
214450, 950, 1, 0, 0
214550, 940, 1, 0, 0
214650, 990, 1, 0, 0
214749, 959, 1, 0, 0
214849, 940, 1, 0, 0
214949, 1010, 1, 0, 0
215049, 940, 1, 0, 0
215149, 970, 1, 0, 0
215249, 980, 1, 0, 0
215349, 960, 1, 0, 0
215449, 980, 1, 0, 0
215549, 950, 1, 0, 0
215649, 990, 1, 0, 0
215750, 950, 1, 0, 0
215850, 990, 1, 0, 0
215950, 1000, 1, 0, 0
216050, 930, 1, 0, 0
216150, 1000, 1, 0, 0
216249, 898, 1, 0, 0
216349, 970, 1, 0, 0
216449, 930, 1, 0, 0
216549, 990, 1, 0, 0
216649, 990, 1, 0, 0
216749, 1000, 1, 0, 0
216849, 980, 1, 0, 0
216949, 960, 1, 0, 0
217049, 970, 1, 0, 0
217149, 970, 1, 0, 0
217250, 1000, 1, 0, 0
217350, 960, 1, 0, 0
217450, 990, 1, 0, 0
217550, 970, 1, 0, 0
217650, 1000, 1, 0, 0
217749, 949, 1, 0, 0
217849, 970, 1, 0, 0
217949, 980, 1, 0, 0
218049, 990, 1, 0, 0
218149, 970, 1, 0, 0
218249, 1000, 1, 0, 0
218349, 980, 1, 0, 0
218449, 920, 1, 0, 0
218549, 900, 1, 0, 0
218649, 970, 1, 0, 0
218750, 1000, 1, 0, 0
218850, 960, 1, 0, 0
218950, 980, 1, 0, 0
219050, 980, 1, 0, 0
219150, 990, 1, 0, 0
219249, 939, 1, 0, 0
219349, 960, 1, 0, 0
219449, 980, 1, 0, 0
219549, 960, 1, 0, 0
219649, 970, 1, 0, 0
219749, 980, 1, 0, 0
219849, 950, 1, 0, 0
219949, 970, 1, 0, 0
220049, 880, 1, 0, 0
220149, 960, 1, 0, 0
220250, 1000, 1, 0, 0
220350, 940, 1, 0, 0
220450, 960, 1, 0, 0
220550, 950, 1, 0, 0
220650, 970, 1, 0, 0
220749, 989, 1, 0, 0
220849, 920, 1, 0, 0
220949, 930, 1, 0, 0
221049, 1050, 1, 0, 0
221149, 960, 1, 0, 0
221249, 990, 1, 0, 0
221349, 940, 1, 0, 0
221449, 990, 1, 0, 0
221549, 970, 1, 0, 0
221650, 940, 1, 0, 0
221749, 959, 1, 0, 0
221849, 960, 1, 0, 0
221949, 990, 1, 0, 0
222049, 1010, 1, 0, 0
222149, 980, 1, 0, 0
222249, 980, 1, 0, 0
222349, 1040, 1, 0, 0
222449, 950, 1, 0, 0
222549, 980, 1, 0, 0
222649, 1020, 1, 0, 0
222749, 960, 1, 0, 0
222849, 940, 1, 0, 0
222949, 930, 1, 0, 0
223049, 960, 1, 0, 0
223150, 950, 1, 0, 0
223249, 969, 1, 0, 0
223349, 970, 1, 0, 0
223449, 980, 1, 0, 0
223549, 1000, 1, 0, 0
223649, 980, 1, 0, 0
223749, 990, 1, 0, 0
223849, 980, 1, 0, 0
223949, 1000, 1, 0, 0
224049, 990, 1, 0, 0
224149, 990, 1, 0, 0
224249, 970, 1, 0, 0
224349, 1020, 1, 0, 0
224449, 980, 1, 0, 0
224550, 950, 1, 0, 0
224650, 960, 1, 0, 0
224749, 1010, 1, 0, 0
224849, 970, 1, 0, 0
224949, 930, 1, 0, 0
225049, 1020, 1, 0, 0
225149, 970, 1, 0, 0
225249, 1020, 1, 0, 0
225349, 980, 1, 0, 0
225449, 940, 1, 0, 0
225549, 1000, 1, 0, 0
225649, 970, 1, 0, 0
225749, 960, 1, 0, 0
225849, 980, 1, 0, 0
225950, 1000, 1, 0, 0
226050, 920, 1, 0, 0
226150, 1030, 1, 0, 0
226249, 929, 1, 0, 0
226349, 1020, 1, 0, 0
226449, 980, 1, 0, 0
226549, 980, 1, 0, 0
226649, 1000, 1, 0, 0
226749, 950, 1, 0, 0
226849, 1010, 1, 0, 0
226949, 1000, 1, 0, 0
227049, 1020, 1, 0, 0
227149, 1000, 1, 0, 0
227250, 1020, 1, 0, 0
227350, 980, 1, 0, 0
227450, 970, 1, 0, 0
227550, 1000, 1, 0, 0
227650, 990, 1, 0, 0
227749, 989, 1, 0, 0
227849, 990, 1, 0, 0
227949, 970, 1, 0, 0
228049, 1000, 1, 0, 0
228149, 960, 1, 0, 0
228249, 980, 1, 0, 0
228349, 970, 1, 0, 0
228449, 980, 1, 0, 0
228550, 1050, 1, 0, 0
228650, 1000, 1, 0, 0
228749, 1010, 1, 0, 0
228849, 990, 1, 0, 0
228949, 1010, 1, 0, 0
229049, 1010, 1, 0, 0
229149, 990, 1, 0, 0
229249, 960, 1, 0, 0
229349, 970, 1, 0, 0
229449, 980, 1, 0, 0
229549, 980, 1, 0, 0
229649, 930, 1, 0, 0
229750, 960, 1, 0, 0
229850, 920, 1, 0, 0
229950, 980, 1, 0, 0
230050, 940, 1, 0, 0
230150, 940, 1, 0, 0
230249, 1010, 1, 0, 0
230349, 980, 1, 0, 0
230449, 970, 1, 0, 0
230549, 1010, 1, 0, 0
230649, 1000, 1, 0, 0
230749, 990, 1, 0, 0
230849, 960, 1, 0, 0
230949, 980, 1, 0, 0
231050, 970, 1, 0, 0
231150, 1000, 1, 0, 0
231249, 1040, 1, 0, 0
231349, 980, 1, 0, 0
231449, 1020, 1, 0, 0
231549, 1020, 1, 0, 0
231649, 990, 1, 0, 0
231749, 970, 1, 0, 0
231849, 990, 1, 0, 0
231949, 1010, 1, 0, 0
232049, 960, 1, 0, 0
232149, 970, 1, 0, 0
232249, 980, 1, 0, 0
232349, 960, 1, 0, 0
232450, 970, 1, 0, 0
232550, 1010, 1, 0, 0
232650, 930, 1, 0, 0
232749, 1010, 1, 0, 0
232849, 970, 1, 0, 0
232949, 970, 1, 0, 0
233049, 960, 1, 0, 0
233149, 990, 1, 0, 0
233249, 1010, 1, 0, 0
233349, 1000, 1, 0, 0
233449, 990, 1, 0, 0
233549, 970, 1, 0, 0
233650, 1000, 1, 0, 0
233749, 979, 1, 0, 0
233849, 1000, 1, 0, 0
233949, 1010, 1, 0, 0
234049, 900, 1, 0, 0
234149, 1020, 1, 0, 0
234249, 960, 1, 0, 0
234349, 940, 1, 0, 0
234449, 1030, 1, 0, 0
234549, 1010, 1, 0, 0
234649, 990, 1, 0, 0
234749, 1020, 1, 0, 0
234849, 960, 1, 0, 0
234950, 980, 1, 0, 0
235050, 940, 1, 0, 0
235150, 960, 1, 0, 0
235249, 1000, 1, 0, 0
235349, 1000, 1, 0, 0
235449, 1020, 1, 0, 0
235549, 1000, 1, 0, 0
235649, 960, 1, 0, 0
235749, 980, 1, 0, 0
235849, 1030, 1, 0, 0
235949, 990, 1, 0, 0
236049, 940, 1, 0, 0
236150, 1000, 1, 0, 0
236249, 949, 1, 0, 0
236349, 1000, 1, 0, 0
236449, 990, 1, 0, 0
236549, 1000, 1, 0, 0
236649, 970, 1, 0, 0
236749, 1030, 1, 0, 0
236849, 1020, 1, 0, 0
236949, 990, 1, 0, 0
237049, 990, 1, 0, 0
237149, 950, 1, 0, 0
237249, 980, 1, 0, 0
237349, 970, 1, 0, 0
237449, 1000, 1, 0, 0
237549, 980, 1, 0, 0
237650, 980, 1, 0, 0
237749, 979, 1, 0, 0
237849, 970, 1, 0, 0
237949, 1000, 1, 0, 0
238049, 990, 1, 0, 0
238149, 980, 1, 0, 0
238249, 980, 1, 0, 0
238349, 980, 1, 0, 0
238449, 980, 1, 0, 0
238549, 1000, 1, 0, 0
238649, 960, 1, 0, 0
238749, 980, 1, 0, 0
238849, 1000, 1, 0, 0
238950, 970, 1, 0, 0
239050, 980, 1, 0, 0
239150, 1010, 1, 0, 0
239249, 969, 1, 0, 0
239349, 1020, 1, 0, 0
239449, 1020, 1, 0, 0
239549, 970, 1, 0, 0
239649, 960, 1, 0, 0
239749, 980, 1, 0, 0
239849, 990, 1, 0, 0
239949, 930, 1, 0, 0
240049, 970, 1, 0, 0
240149, 980, 1, 0, 0
240250, 920, 1, 0, 0
240350, 940, 1, 0, 0
240450, 970, 1, 0, 0
240550, 950, 1, 0, 0
240650, 960, 1, 0, 0
240749, 1020, 1, 0, 0
240849, 980, 1, 0, 0
240949, 980, 1, 0, 0
241049, 960, 1, 0, 0
241149, 980, 1, 0, 0
241249, 910, 1, 0, 0
241349, 990, 1, 0, 0
241449, 1000, 1, 0, 0
241550, 1010, 1, 0, 0
241650, 980, 1, 0, 0
241749, 919, 1, 0, 0
241849, 990, 1, 0, 0
241949, 950, 1, 0, 0
242049, 980, 1, 0, 0
242149, 980, 1, 0, 0
242249, 950, 1, 0, 0
242349, 1000, 1, 0, 0
242449, 990, 1, 0, 0
242549, 950, 1, 0, 0
242649, 950, 1, 0, 0
242749, 990, 1, 0, 0
242849, 970, 1, 0, 0
242950, 1000, 1, 0, 0
243050, 960, 1, 0, 0
243150, 950, 1, 0, 0
243249, 949, 1, 0, 0
243349, 960, 1, 0, 0
243449, 960, 1, 0, 0
243549, 970, 1, 0, 0
243649, 1030, 1, 0, 0
243749, 950, 1, 0, 0
243849, 990, 1, 0, 0
243949, 1000, 1, 0, 0
244049, 980, 1, 0, 0
244150, 950, 1, 0, 0
244249, 939, 1, 0, 0
244349, 960, 1, 0, 0
244449, 1010, 1, 0, 0
244549, 970, 1, 0, 0
244649, 950, 1, 0, 0
244749, 920, 1, 0, 0
244849, 960, 1, 0, 0
244949, 930, 1, 0, 0
245049, 960, 1, 0, 0
245149, 1000, 1, 0, 0
245249, 920, 1, 0, 0
245349, 960, 1, 0, 0
245449, 980, 1, 0, 0
245550, 940, 1, 0, 0
245650, 930, 1, 0, 0
245749, 969, 1, 0, 0
245849, 950, 1, 0, 0
245949, 990, 1, 0, 0
246049, 960, 1, 0, 0
246149, 990, 1, 0, 0
246249, 930, 1, 0, 0
246349, 940, 1, 0, 0
246449, 930, 1, 0, 0
246549, 950, 1, 0, 0
246649, 930, 1, 0, 0
246750, 1000, 1, 0, 0
246850, 960, 1, 0, 0
246950, 950, 1, 0, 0
247050, 920, 1, 0, 0
247150, 970, 1, 0, 0
247249, 949, 1, 0, 0
247349, 930, 1, 0, 0
247449, 940, 1, 0, 0
247549, 950, 1, 0, 0
247649, 970, 1, 0, 0
247749, 980, 1, 0, 0
247849, 960, 1, 0, 0
247949, 950, 1, 0, 0
248050, 930, 1, 0, 0
248150, 980, 1, 0, 0
248249, 959, 1, 0, 0
248349, 980, 1, 0, 0
248449, 960, 1, 0, 0
248549, 1000, 1, 0, 0
248649, 960, 1, 0, 0
248749, 950, 1, 0, 0
248849, 970, 1, 0, 0
248949, 980, 1, 0, 0
249049, 950, 1, 0, 0
249149, 960, 1, 0, 0
249250, 990, 1, 0, 0
249350, 960, 1, 0, 0
249450, 1000, 1, 0, 0
249550, 920, 1, 0, 0
249650, 970, 1, 0, 0
249749, 969, 1, 0, 0
249849, 990, 1, 0, 0
249949, 970, 1, 0, 0
250049, 1020, 1, 0, 0
250149, 960, 1, 0, 0
250249, 980, 1, 0, 0
250349, 970, 1, 0, 0
250450, 1010, 1, 0, 0
250550, 930, 1, 0, 0
250650, 950, 1, 0, 0
250749, 959, 1, 0, 0
250849, 970, 1, 0, 0
250949, 950, 1, 0, 0
251049, 980, 1, 0, 0
251149, 970, 1, 0, 0
251249, 980, 1, 0, 0
251349, 1020, 1, 0, 0
251449, 960, 1, 0, 0
251549, 940, 1, 0, 0
251649, 940, 1, 0, 0
251750, 1000, 1, 0, 0
251850, 930, 1, 0, 0
251950, 990, 1, 0, 0
252050, 990, 1, 0, 0
252150, 960, 1, 0, 0
252249, 989, 1, 0, 0
252349, 1000, 1, 0, 0
252449, 990, 1, 0, 0
252549, 950, 1, 0, 0
252649, 1000, 1, 0, 0
252749, 950, 1, 0, 0
252849, 970, 1, 0, 0
252949, 980, 1, 0, 0
253050, 900, 1, 0, 0
253150, 1010, 1, 0, 0
253249, 1000, 1, 0, 0
253349, 950, 1, 0, 0
253449, 920, 1, 0, 0
253549, 950, 1, 0, 0
253649, 940, 1, 0, 0
253749, 960, 1, 0, 0
253849, 980, 1, 0, 0
253949, 1000, 1, 0, 0
254049, 950, 1, 0, 0
254149, 970, 1, 0, 0
254250, 950, 1, 0, 0
254350, 1000, 1, 0, 0
254450, 1000, 1, 0, 0
254550, 960, 1, 0, 0
254650, 980, 1, 0, 0
254749, 979, 1, 0, 0
254849, 970, 1, 0, 0
254949, 950, 1, 0, 0
255049, 970, 1, 0, 0
255149, 990, 1, 0, 0
255249, 1000, 1, 0, 0
255349, 970, 1, 0, 0
255449, 1020, 1, 0, 0
255550, 1000, 1, 0, 0
255650, 970, 1, 0, 0
255749, 1000, 1, 0, 0
255849, 960, 1, 0, 0
255949, 950, 1, 0, 0
256049, 970, 1, 0, 0
256149, 990, 1, 0, 0
256249, 960, 1, 0, 0
256349, 990, 1, 0, 0
256449, 980, 1, 0, 0
256549, 1000, 1, 0, 0
256649, 990, 1, 0, 0
256750, 960, 1, 0, 0
256850, 970, 1, 0, 0
256950, 970, 1, 0, 0
257050, 960, 1, 0, 0
257150, 980, 1, 0, 0
257249, 989, 1, 0, 0
257349, 1000, 1, 0, 0
257449, 1000, 1, 0, 0
257549, 1010, 1, 0, 0
257649, 980, 1, 0, 0
257749, 990, 1, 0, 0
257849, 970, 1, 0, 0
257949, 990, 1, 0, 0
258049, 1010, 1, 0, 0
258150, 980, 1, 0, 0
258249, 1020, 1, 0, 0
258349, 990, 1, 0, 0
258449, 930, 1, 0, 0
258549, 960, 1, 0, 0
258649, 990, 1, 0, 0
258749, 1010, 1, 0, 0
258849, 1040, 1, 0, 0
258949, 960, 1, 0, 0
259049, 980, 1, 0, 0
259149, 1010, 1, 0, 0
259249, 970, 1, 0, 0
259349, 990, 1, 0, 0
259450, 1000, 1, 0, 0
259550, 940, 1, 0, 0
259650, 1010, 1, 0, 0
259749, 969, 1, 0, 0
259849, 1040, 1, 0, 0
259949, 1020, 1, 0, 0
260049, 1040, 1, 0, 0
260149, 970, 1, 0, 0
260249, 1000, 1, 0, 0
260349, 940, 1, 0, 0
260449, 1020, 1, 0, 0
260549, 990, 1, 0, 0
260649, 1010, 1, 0, 0
260750, 990, 1, 0, 0
260850, 980, 1, 0, 0
260950, 990, 1, 0, 0
261050, 1020, 1, 0, 0
261150, 1010, 1, 0, 0
261249, 1030, 1, 0, 0
261349, 1000, 1, 0, 0
261449, 960, 1, 0, 0
261549, 980, 1, 0, 0
261649, 1000, 1, 0, 0
261749, 1010, 1, 0, 0
261849, 950, 1, 0, 0
261949, 990, 1, 0, 0
262050, 1000, 1, 0, 0
262150, 950, 1, 0, 0
262249, 1020, 1, 0, 0
262349, 1000, 1, 0, 0
262449, 1020, 1, 0, 0
262549, 980, 1, 0, 0
262649, 960, 1, 0, 0
262749, 980, 1, 0, 0
262849, 980, 1, 0, 0
262949, 970, 1, 0, 0
263049, 990, 1, 0, 0
263149, 1010, 1, 0, 0
263250, 980, 1, 0, 0
263350, 1020, 1, 0, 0
263450, 970, 1, 0, 0
263550, 1000, 1, 0, 0
263650, 1030, 1, 0, 0
263749, 989, 1, 0, 0
263849, 940, 1, 0, 0
263949, 950, 1, 0, 0
264049, 900, 1, 0, 0
264149, 1010, 1, 0, 0
264249, 970, 1, 0, 0
264349, 970, 1, 0, 0
264449, 970, 1, 0, 0
264550, 980, 1, 0, 0
264650, 1010, 1, 0, 0
264749, 1000, 1, 0, 0
264849, 1030, 1, 0, 0
264949, 1020, 1, 0, 0
265049, 1000, 1, 0, 0
265149, 1000, 1, 0, 0
265249, 1000, 1, 0, 0
265349, 990, 1, 0, 0
265449, 1020, 1, 0, 0
265549, 1020, 1, 0, 0
265649, 990, 1, 0, 0
265749, 990, 1, 0, 0
265850, 960, 1, 0, 0
265950, 990, 1, 0, 0
266050, 1010, 1, 0, 0
266150, 980, 1, 0, 0
266249, 1070, 1, 0, 0
266349, 960, 1, 0, 0
266449, 990, 1, 0, 0
266549, 1000, 1, 0, 0
266649, 970, 1, 0, 0
266749, 980, 1, 0, 0
266849, 970, 1, 0, 0
266949, 1010, 1, 0, 0
267049, 970, 1, 0, 0
267150, 1000, 1, 0, 0
267249, 949, 1, 0, 0
267349, 1010, 1, 0, 0
267449, 970, 1, 0, 0
267549, 1010, 1, 0, 0
267649, 1010, 1, 0, 0
267749, 970, 1, 0, 0
267849, 990, 1, 0, 0
267949, 940, 1, 0, 0
268049, 960, 1, 0, 0
268149, 1010, 1, 0, 0
268249, 960, 1, 0, 0
268349, 950, 1, 0, 0
268449, 980, 1, 0, 0
268550, 990, 1, 0, 0
268650, 960, 1, 0, 0
268749, 949, 1, 0, 0
268849, 950, 1, 0, 0
268949, 980, 1, 0, 0
269049, 990, 1, 0, 0
269149, 970, 1, 0, 0
269249, 970, 1, 0, 0
269349, 920, 1, 0, 0
269449, 950, 1, 0, 0
269549, 980, 1, 0, 0
269649, 980, 1, 0, 0
269749, 930, 1, 0, 0
269850, 980, 1, 0, 0
269950, 960, 1, 0, 0
270050, 1030, 1, 0, 0
270150, 990, 1, 0, 0
270249, 1030, 1, 0, 0
270349, 990, 1, 0, 0
270449, 970, 1, 0, 0
270549, 1010, 1, 0, 0
270649, 980, 1, 0, 0
270749, 970, 1, 0, 0
270849, 1010, 1, 0, 0
270949, 1010, 1, 0, 0
271049, 980, 1, 0, 0
271150, 1040, 1, 0, 0
271249, 1030, 1, 0, 0
271349, 960, 1, 0, 0
271449, 970, 1, 0, 0
271549, 960, 1, 0, 0
271649, 1010, 1, 0, 0
271749, 990, 1, 0, 0
271849, 1000, 1, 0, 0
271949, 980, 1, 0, 0
272049, 1020, 1, 0, 0
272149, 940, 1, 0, 0
272249, 1010, 1, 0, 0
272350, 980, 1, 0, 0
272450, 990, 1, 0, 0
272550, 990, 1, 0, 0
272650, 940, 1, 0, 0
272749, 1010, 1, 0, 0
272849, 980, 1, 0, 0
272949, 1010, 1, 0, 0
273049, 1050, 1, 0, 0
273149, 980, 1, 0, 0
273249, 980, 1, 0, 0
273349, 960, 1, 0, 0
273449, 1000, 1, 0, 0
273549, 980, 1, 0, 0
273649, 1010, 1, 0, 0
273750, 1030, 1, 0, 0
273850, 990, 1, 0, 0
273950, 970, 1, 0, 0
274050, 1030, 1, 0, 0
274150, 1040, 1, 0, 0
274249, 989, 1, 0, 0
274349, 960, 1, 0, 0
274449, 990, 1, 0, 0
274549, 1010, 1, 0, 0
274649, 990, 1, 0, 0
274749, 950, 1, 0, 0
274849, 1000, 1, 0, 0
274949, 1000, 1, 0, 0
275050, 1010, 1, 0, 0
275150, 990, 1, 0, 0
275249, 1000, 1, 0, 0
275349, 1000, 1, 0, 0
275449, 1000, 1, 0, 0
275549, 980, 1, 0, 0
275649, 990, 1, 0, 0
275749, 960, 1, 0, 0
275849, 960, 1, 0, 0
275949, 1010, 1, 0, 0
276049, 980, 1, 0, 0
276149, 990, 1, 0, 0
276249, 1010, 1, 0, 0
276350, 950, 1, 0, 0
276450, 950, 1, 0, 0
276550, 1010, 1, 0, 0
276650, 940, 1, 0, 0
276749, 1010, 1, 0, 0
276849, 980, 1, 0, 0
276949, 990, 1, 0, 0
277049, 1020, 1, 0, 0
277149, 1020, 1, 0, 0
277249, 970, 1, 0, 0
277349, 1000, 1, 0, 0
277449, 1000, 1, 0, 0
277550, 1020, 1, 0, 0
277650, 1020, 1, 0, 0
277749, 1030, 1, 0, 0
277849, 980, 1, 0, 0
277949, 1050, 1, 0, 0
278049, 1000, 1, 0, 0
278149, 980, 1, 0, 0
278249, 960, 1, 0, 0
278349, 1020, 1, 0, 0
278449, 960, 1, 0, 0
278549, 1030, 1, 0, 0
278649, 1020, 1, 0, 0
278750, 1020, 1, 0, 0
278850, 1010, 1, 0, 0
278950, 970, 1, 0, 0
279050, 950, 1, 0, 0
279150, 970, 1, 0, 0
279249, 969, 1, 0, 0
279349, 990, 1, 0, 0
279449, 1010, 1, 0, 0
279549, 1000, 1, 0, 0
279649, 970, 1, 0, 0
279749, 990, 1, 0, 0
279849, 990, 1, 0, 0
279949, 1010, 1, 0, 0
280050, 1020, 1, 0, 0
280150, 1020, 1, 0, 0
280249, 1010, 1, 0, 0
280349, 1020, 1, 0, 0
280449, 1040, 1, 0, 0
280549, 1040, 1, 0, 0
280649, 1000, 1, 0, 0
280749, 1000, 1, 0, 0
280849, 940, 1, 0, 0
280949, 930, 1, 0, 0
281049, 990, 1, 0, 0
281149, 990, 1, 0, 0
281249, 930, 1, 0, 0
281350, 980, 1, 0, 0
281450, 1010, 1, 0, 0
281550, 980, 1, 0, 0
281650, 990, 1, 0, 0
281749, 989, 1, 0, 0
281849, 1020, 1, 0, 0
281949, 950, 1, 0, 0
282049, 970, 1, 0, 0
282149, 1030, 1, 0, 0
282249, 1040, 1, 0, 0
282349, 980, 1, 0, 0
282449, 1010, 1, 0, 0
282549, 990, 1, 0, 0
282649, 1000, 1, 0, 0
282750, 990, 1, 0, 0
282850, 1040, 1, 0, 0
282950, 990, 1, 0, 0
283050, 1000, 1, 0, 0
283150, 990, 1, 0, 0
283249, 989, 1, 0, 0
283349, 1000, 1, 0, 0
283449, 1050, 1, 0, 0
283549, 1030, 1, 0, 0
283649, 990, 1, 0, 0
283749, 1000, 1, 0, 0
283849, 1050, 1, 0, 0
283949, 1030, 1, 0, 0
284050, 1010, 1, 0, 0
284150, 1010, 1, 0, 0
284249, 1020, 1, 0, 0
284349, 970, 1, 0, 0
284449, 1010, 1, 0, 0
284549, 970, 1, 0, 0
284649, 990, 1, 0, 0
284749, 980, 1, 0, 0
284849, 980, 1, 0, 0
284949, 960, 1, 0, 0
285049, 1060, 1, 0, 0
285149, 970, 1, 0, 0
285249, 970, 1, 0, 0
285349, 1020, 1, 0, 0
285450, 1020, 1, 0, 0
285550, 980, 1, 0, 0
285650, 970, 1, 0, 0
285749, 1000, 1, 0, 0
285849, 1030, 1, 0, 0
285949, 920, 1, 0, 0
286049, 1000, 1, 0, 0
286149, 1050, 1, 0, 0
286249, 1000, 1, 0, 0
286349, 980, 1, 0, 0
286449, 980, 1, 0, 0
286549, 980, 1, 0, 0
286649, 930, 1, 0, 0
286750, 1020, 1, 0, 0
286850, 980, 1, 0, 0
286950, 970, 1, 0, 0
287050, 1010, 1, 0, 0
287150, 990, 1, 0, 0
287249, 979, 1, 0, 0
287349, 1030, 1, 0, 0
287449, 1000, 1, 0, 0
287549, 1000, 1, 0, 0
287649, 990, 1, 0, 0
287749, 1000, 1, 0, 0
287849, 970, 1, 0, 0
287949, 990, 1, 0, 0
288050, 1020, 1, 0, 0
288150, 990, 1, 0, 0
288249, 979, 1, 0, 0
288349, 990, 1, 0, 0
288449, 1010, 1, 0, 0
288549, 990, 1, 0, 0
288649, 980, 1, 0, 0
288749, 1010, 1, 0, 0
288849, 980, 1, 0, 0
288949, 990, 1, 0, 0
289049, 970, 1, 0, 0
289149, 980, 1, 0, 0
289249, 1030, 1, 0, 0
289350, 1010, 1, 0, 0
289450, 970, 1, 0, 0
289550, 990, 1, 0, 0
289650, 960, 1, 0, 0
289749, 1000, 1, 0, 0
289849, 960, 1, 0, 0
289949, 960, 1, 0, 0
290049, 1000, 1, 0, 0
290149, 970, 1, 0, 0
290249, 1000, 1, 0, 0
290349, 950, 1, 0, 0
290449, 1020, 1, 0, 0
290549, 1000, 1, 0, 0
290649, 1000, 1, 0, 0
290750, 990, 1, 0, 0
290850, 1010, 1, 0, 0
290950, 990, 1, 0, 0
291050, 990, 1, 0, 0
291150, 990, 1, 0, 0
291249, 959, 1, 0, 0
291349, 980, 1, 0, 0
291449, 990, 1, 0, 0
291549, 1010, 1, 0, 0
291649, 1010, 1, 0, 0
291749, 990, 1, 0, 0
291849, 1020, 1, 0, 0
291949, 1010, 1, 0, 0
292049, 960, 1, 0, 0
292149, 970, 1, 0, 0
292249, 1030, 1, 0, 0
292349, 1020, 1, 0, 0
292449, 980, 1, 0, 0
292549, 1030, 1, 0, 0
292649, 1010, 1, 0, 0
292749, 960, 1, 0, 0
292849, 940, 1, 0, 0
292949, 950, 1, 0, 0
293049, 990, 1, 0, 0
293149, 960, 1, 0, 0
293249, 940, 1, 0, 0
293349, 980, 1, 0, 0
293449, 980, 1, 0, 0
293550, 1000, 1, 0, 0
293650, 1020, 1, 0, 0
293749, 1000, 1, 0, 0
293849, 980, 1, 0, 0
293949, 1020, 1, 0, 0
294049, 940, 1, 0, 0
294149, 1000, 1, 0, 0
294249, 1040, 1, 0, 0
294349, 980, 1, 0, 0
294449, 1020, 1, 0, 0
294549, 990, 1, 0, 0
294649, 1030, 1, 0, 0
294749, 1010, 1, 0, 0
294850, 1030, 1, 0, 0
294950, 940, 1, 0, 0
295050, 1010, 1, 0, 0
295150, 980, 1, 0, 0
295249, 1010, 1, 0, 0
295349, 1010, 1, 0, 0
295449, 980, 1, 0, 0
295549, 990, 1, 0, 0
295649, 1000, 1, 0, 0
295749, 1000, 1, 0, 0
295849, 980, 1, 0, 0
295949, 1000, 1, 0, 0
296049, 930, 1, 0, 0
296150, 990, 1, 0, 0
296249, 969, 1, 0, 0
296349, 960, 1, 0, 0
296449, 1030, 1, 0, 0
296549, 980, 1, 0, 0
296649, 960, 1, 0, 0
296749, 1000, 1, 0, 0
296849, 950, 1, 0, 0
296949, 1000, 1, 0, 0
297049, 1020, 1, 0, 0
297149, 1000, 1, 0, 0
297250, 1000, 1, 0, 0
297350, 980, 1, 0, 0
297450, 1040, 1, 0, 0
297550, 1010, 1, 0, 0
297650, 1000, 1, 0, 0
297749, 1010, 1, 0, 0
297849, 940, 1, 0, 0
297949, 950, 1, 0, 0
298049, 990, 1, 0, 0
298149, 1030, 1, 0, 0
298249, 1000, 1, 0, 0
298349, 1000, 1, 0, 0
298449, 950, 1, 0, 0
298549, 990, 1, 0, 0
298650, 1010, 1, 0, 0
298749, 959, 1, 0, 0
298849, 960, 1, 0, 0
298949, 1000, 1, 0, 0
299049, 1000, 1, 0, 0
299149, 970, 1, 0, 0
299249, 960, 1, 0, 0
299349, 950, 1, 0, 0
299449, 940, 1, 0, 0
299549, 980, 1, 0, 0
299649, 970, 1, 0, 0
299750, 960, 1, 0, 0
299850, 950, 1, 0, 0
299950, 1000, 1, 0, 0
300050, 980, 1, 0, 0
300150, 970, 1, 0, 0
300249, 969, 1, 0, 0
300349, 970, 1, 0, 0
300449, 1010, 1, 0, 0
300549, 970, 1, 0, 0
300649, 960, 1, 0, 0
300749, 970, 1, 0, 0
300849, 1020, 1, 0, 0
300949, 990, 1, 0, 0
301049, 980, 1, 0, 0
301150, 990, 1, 0, 0
301249, 1010, 1, 0, 0
301349, 990, 1, 0, 0
301449, 1010, 1, 0, 0
301549, 1000, 1, 0, 0
301649, 940, 1, 0, 0
301749, 1030, 1, 0, 0
301849, 950, 1, 0, 0
301949, 990, 1, 0, 0
302049, 990, 1, 0, 0
302149, 960, 1, 0, 0
302249, 1000, 1, 0, 0
302349, 920, 1, 0, 0
302450, 980, 1, 0, 0
302550, 1020, 1, 0, 0
302650, 980, 1, 0, 0
302749, 979, 1, 0, 0
302849, 1000, 1, 0, 0
302949, 990, 1, 0, 0
303049, 980, 1, 0, 0
303149, 980, 1, 0, 0
303249, 960, 1, 0, 0
303349, 990, 1, 0, 0
303449, 1020, 1, 0, 0
303549, 970, 1, 0, 0
303650, 930, 1, 0, 0
303749, 989, 1, 0, 0
303849, 1000, 1, 0, 0
303949, 1010, 1, 0, 0
304049, 990, 1, 0, 0
304149, 950, 1, 0, 0
304249, 1030, 1, 0, 0
304349, 1000, 1, 0, 0
304449, 1010, 1, 0, 0
304549, 1020, 1, 0, 0
304649, 960, 1, 0, 0
304749, 990, 1, 0, 0
304850, 930, 1, 0, 0
304950, 930, 1, 0, 0
305050, 990, 1, 0, 0
305150, 1000, 1, 0, 0
305249, 989, 1, 0, 0
305349, 980, 1, 0, 0
305449, 980, 1, 0, 0
305549, 960, 1, 0, 0
305649, 1020, 1, 0, 0
305749, 1040, 1, 0, 0
305849, 970, 1, 0, 0
305949, 970, 1, 0, 0
306050, 970, 1, 0, 0
306150, 1010, 1, 0, 0
306249, 1010, 1, 0, 0
306349, 950, 1, 0, 0
306449, 960, 1, 0, 0
306549, 970, 1, 0, 0
306649, 990, 1, 0, 0
306749, 970, 1, 0, 0
306849, 980, 1, 0, 0
306949, 950, 1, 0, 0
307049, 960, 1, 0, 0
307149, 1010, 1, 0, 0
307249, 1000, 1, 0, 0
307349, 1020, 1, 0, 0
307450, 950, 1, 0, 0
307550, 970, 1, 0, 0
307650, 1010, 1, 0, 0
307749, 1000, 1, 0, 0
307849, 960, 1, 0, 0
307949, 980, 1, 0, 0
308049, 980, 1, 0, 0
308149, 960, 1, 0, 0
308249, 970, 1, 0, 0
308349, 1000, 1, 0, 0
308449, 970, 1, 0, 0
308550, 990, 1, 0, 0
308650, 960, 1, 0, 0
308749, 1000, 1, 0, 0
308849, 970, 1, 0, 0
308949, 1010, 1, 0, 0
309049, 1000, 1, 0, 0
309149, 960, 1, 0, 0
309249, 980, 1, 0, 0
309349, 1010, 1, 0, 0
309449, 1030, 1, 0, 0
309549, 1010, 1, 0, 0
309649, 1010, 1, 0, 0
309749, 1000, 1, 0, 0
309850, 1010, 1, 0, 0
309950, 1010, 1, 0, 0
310050, 1010, 1, 0, 0
310150, 1010, 1, 0, 0
310249, 949, 1, 0, 0
310349, 980, 1, 0, 0
310449, 990, 1, 0, 0
310549, 950, 1, 0, 0
310649, 1020, 1, 0, 0
310749, 1010, 1, 0, 0
310849, 990, 1, 0, 0
310949, 990, 1, 0, 0
311049, 980, 1, 0, 0
311150, 1000, 1, 0, 0
311249, 979, 1, 0, 0
311349, 1010, 1, 0, 0
311449, 1020, 1, 0, 0
311549, 1010, 1, 0, 0
311649, 1020, 1, 0, 0
311749, 960, 1, 0, 0
311849, 1010, 1, 0, 0
311949, 1020, 1, 0, 0
312049, 980, 1, 0, 0
312149, 1000, 1, 0, 0
312249, 980, 1, 0, 0
312349, 980, 1, 0, 0
312450, 1010, 1, 0, 0
312550, 1010, 1, 0, 0
312650, 970, 1, 0, 0
312749, 1020, 1, 0, 0
312849, 960, 1, 0, 0
312949, 1010, 1, 0, 0
313049, 970, 1, 0, 0
313149, 950, 1, 0, 0
313249, 910, 1, 0, 0
313349, 940, 1, 0, 0
313449, 960, 1, 0, 0
313549, 970, 1, 0, 0
313649, 990, 1, 0, 0
313750, 1000, 1, 0, 0
313850, 980, 1, 0, 0
313950, 960, 1, 0, 0
314050, 970, 1, 0, 0
314150, 1010, 1, 0, 0
314249, 1010, 1, 0, 0
314349, 960, 1, 0, 0
314449, 1000, 1, 0, 0
314549, 1020, 1, 0, 0
314649, 940, 1, 0, 0
314749, 1000, 1, 0, 0
314849, 980, 1, 0, 0
314949, 950, 1, 0, 0
315050, 980, 1, 0, 0
315150, 990, 1, 0, 0
315249, 939, 1, 0, 0
315349, 950, 1, 0, 0
315449, 970, 1, 0, 0
315549, 980, 1, 0, 0
315649, 980, 1, 0, 0
315749, 950, 1, 0, 0
315849, 1000, 1, 0, 0
315949, 1020, 1, 0, 0
316049, 950, 1, 0, 0
316149, 990, 1, 0, 0
316249, 960, 1, 0, 0
316350, 920, 1, 0, 0
316450, 980, 1, 0, 0
316550, 930, 1, 0, 0
316650, 960, 1, 0, 0
316749, 969, 1, 0, 0
316849, 980, 1, 0, 0
316949, 940, 1, 0, 0
317049, 980, 1, 0, 0
317149, 950, 1, 0, 0
317249, 910, 1, 0, 0
317349, 980, 1, 0, 0
317449, 980, 1, 0, 0
317550, 1000, 1, 0, 0
317650, 950, 1, 0, 0
317749, 979, 1, 0, 0
317849, 990, 1, 0, 0
317949, 940, 1, 0, 0
318049, 970, 1, 0, 0
318149, 980, 1, 0, 0
318249, 990, 1, 0, 0
318349, 970, 1, 0, 0
318449, 990, 1, 0, 0
318549, 940, 1, 0, 0
318649, 970, 1, 0, 0
318750, 960, 1, 0, 0
318850, 960, 1, 0, 0
318950, 930, 1, 0, 0
319050, 990, 1, 0, 0
319150, 960, 1, 0, 0
319249, 939, 1, 0, 0
319349, 920, 1, 0, 0
319449, 950, 1, 0, 0
319549, 940, 1, 0, 0
319649, 980, 1, 0, 0
319749, 940, 1, 0, 0
319849, 960, 1, 0, 0
319949, 940, 1, 0, 0
320050, 940, 1, 0, 0
320150, 970, 1, 0, 0
320249, 939, 1, 0, 0
320349, 970, 1, 0, 0
320449, 960, 1, 0, 0
320549, 980, 1, 0, 0
320649, 970, 1, 0, 0
320749, 950, 1, 0, 0
320849, 980, 1, 0, 0
320949, 980, 1, 0, 0
321049, 940, 1, 0, 0
321149, 1020, 1, 0, 0
321250, 950, 1, 0, 0
321350, 950, 1, 0, 0
321450, 970, 1, 0, 0
321550, 970, 1, 0, 0
321650, 990, 1, 0, 0
321749, 959, 1, 0, 0
321849, 950, 1, 0, 0
321949, 1010, 1, 0, 0
322049, 990, 1, 0, 0
322149, 990, 1, 0, 0
322249, 950, 1, 0, 0
322349, 1000, 1, 0, 0
322449, 980, 1, 0, 0
322550, 980, 1, 0, 0
322650, 990, 1, 0, 0
322749, 929, 1, 0, 0
322849, 970, 1, 0, 0
322949, 960, 1, 0, 0
323049, 940, 1, 0, 0
323149, 960, 1, 0, 0
323249, 1000, 1, 0, 0
323349, 960, 1, 0, 0
323449, 990, 1, 0, 0
323549, 940, 1, 0, 0
323649, 960, 1, 0, 0
323750, 960, 1, 0, 0
323850, 1010, 1, 0, 0
323950, 980, 1, 0, 0
324050, 1000, 1, 0, 0
324150, 960, 1, 0, 0
324249, 969, 1, 0, 0
324349, 930, 1, 0, 0
324449, 970, 1, 0, 0
324549, 960, 1, 0, 0
324649, 970, 1, 0, 0
324749, 980, 1, 0, 0
324849, 970, 1, 0, 0
324949, 930, 1, 0, 0
325050, 960, 1, 0, 0
325150, 890, 1, 0, 0
325249, 959, 1, 0, 0
325349, 970, 1, 0, 0
325449, 970, 1, 0, 0
325549, 1010, 1, 0, 0
325649, 990, 1, 0, 0
325749, 1030, 1, 0, 0
325849, 1010, 1, 0, 0
325949, 990, 1, 0, 0
326049, 1010, 1, 0, 0
326149, 1020, 1, 0, 0
326249, 980, 1, 0, 0
326349, 980, 1, 0, 0
326450, 1040, 1, 0, 0
326550, 1020, 1, 0, 0
326650, 1010, 1, 0, 0
326749, 1050, 1, 0, 0
326849, 1060, 1, 0, 0
326949, 1050, 1, 0, 0
327049, 1020, 1, 0, 0
327149, 1030, 1, 0, 0
327249, 960, 1, 0, 0
327349, 1000, 1, 0, 0
327449, 980, 1, 0, 0
327549, 960, 1, 0, 0
327650, 1030, 1, 0, 0
327749, 1030, 1, 0, 0
327849, 1030, 1, 0, 0
327949, 980, 1, 0, 0
328049, 970, 1, 0, 0
328149, 980, 1, 0, 0
328249, 1010, 1, 0, 0
328349, 1030, 1, 0, 0
328449, 1030, 1, 0, 0
328549, 1040, 1, 0, 0
328649, 1030, 1, 0, 0
328749, 1030, 1, 0, 0
328849, 970, 1, 0, 0
328949, 980, 1, 0, 0
329050, 990, 1, 0, 0
329150, 980, 1, 0, 0
329249, 1000, 1, 0, 0
329349, 1000, 1, 0, 0
329449, 990, 1, 0, 0
329549, 990, 1, 0, 0
329649, 1020, 1, 0, 0
329749, 960, 1, 0, 0
329849, 1040, 1, 0, 0
329949, 1040, 1, 0, 0
330049, 990, 1, 0, 0
330149, 960, 1, 0, 0
330250, 1020, 1, 0, 0
330350, 1010, 1, 0, 0
330450, 1000, 1, 0, 0
330550, 1040, 1, 0, 0
330650, 1030, 1, 0, 0
330749, 989, 1, 0, 0
330849, 980, 1, 0, 0
330949, 960, 1, 0, 0
331049, 990, 1, 0, 0
331149, 960, 1, 0, 0
331249, 990, 1, 0, 0
331349, 950, 1, 0, 0
331449, 940, 1, 0, 0
331550, 970, 1, 0, 0
331650, 950, 1, 0, 0
331749, 989, 1, 0, 0
331849, 1000, 1, 0, 0
331949, 1020, 1, 0, 0
332049, 940, 1, 0, 0
332149, 990, 1, 0, 0
332249, 970, 1, 0, 0
332349, 1000, 1, 0, 0
332449, 1040, 1, 0, 0
332549, 1030, 1, 0, 0
332649, 1000, 1, 0, 0
332749, 1030, 1, 0, 0
332849, 1020, 1, 0, 0
332950, 1010, 1, 0, 0
333050, 1020, 1, 0, 0
333150, 1020, 1, 0, 0
333249, 979, 1, 0, 0
333349, 970, 1, 0, 0
333449, 960, 1, 0, 0
333549, 960, 1, 0, 0
333649, 1010, 1, 0, 0
333749, 990, 1, 0, 0
333849, 980, 1, 0, 0
333949, 980, 1, 0, 0
334049, 980, 1, 0, 0
334150, 970, 1, 0, 0
334249, 989, 1, 0, 0
334349, 1000, 1, 0, 0
334449, 970, 1, 0, 0
334549, 1010, 1, 0, 0
334649, 970, 1, 0, 0
334749, 960, 1, 0, 0
334849, 980, 1, 0, 0
334949, 950, 1, 0, 0
335049, 960, 1, 0, 0
335149, 980, 1, 0, 0
335249, 950, 1, 0, 0
335350, 1030, 1, 0, 0
335450, 1020, 1, 0, 0
335550, 950, 1, 0, 0
335650, 930, 1, 0, 0
335749, 959, 1, 0, 0
335849, 980, 1, 0, 0
335949, 980, 1, 0, 0
336049, 1010, 1, 0, 0
336149, 1010, 1, 0, 0
336249, 970, 1, 0, 0
336349, 1040, 1, 0, 0
336449, 1010, 1, 0, 0
336549, 990, 1, 0, 0
336649, 1010, 1, 0, 0
336749, 1000, 1, 0, 0
336849, 1000, 1, 0, 0
336949, 1040, 1, 0, 0
337049, 1010, 1, 0, 0
337149, 1000, 1, 0, 0
337249, 980, 1, 0, 0
337349, 1000, 1, 0, 0
337449, 1000, 1, 0, 0
337549, 1020, 1, 0, 0
337649, 1000, 1, 0, 0
337749, 1020, 1, 0, 0
337849, 990, 1, 0, 0
337949, 1010, 1, 0, 0
338050, 950, 1, 0, 0
338150, 990, 1, 0, 0
338249, 1000, 1, 0, 0
338349, 970, 1, 0, 0
338449, 1000, 1, 0, 0
338549, 980, 1, 0, 0
338649, 990, 1, 0, 0
338749, 1000, 1, 0, 0
338849, 980, 1, 0, 0
338949, 1040, 1, 0, 0
339049, 1040, 1, 0, 0
339149, 980, 1, 0, 0
339249, 990, 1, 0, 0
339350, 970, 1, 0, 0
339450, 990, 1, 0, 0
339550, 990, 1, 0, 0
339650, 990, 1, 0, 0
339749, 969, 1, 0, 0
339849, 1000, 1, 0, 0
339949, 970, 1, 0, 0
340049, 990, 1, 0, 0
340149, 990, 1, 0, 0
340249, 970, 1, 0, 0
340349, 1010, 1, 0, 0
340449, 1000, 1, 0, 0
340549, 1000, 1, 0, 0
340649, 980, 1, 0, 0
340749, 1050, 1, 0, 0
340849, 1030, 1, 0, 0
340949, 1020, 1, 0, 0
341049, 980, 1, 0, 0
341149, 960, 1, 0, 0
341249, 950, 1, 0, 0
341349, 980, 1, 0, 0
341449, 1000, 1, 0, 0
341549, 960, 1, 0, 0
341649, 940, 1, 0, 0
341749, 1030, 1, 0, 0
341849, 1010, 1, 0, 0
341949, 990, 1, 0, 0
342050, 980, 1, 0, 0
342150, 960, 1, 0, 0
342249, 979, 1, 0, 0
342349, 1020, 1, 0, 0
342449, 1000, 1, 0, 0
342549, 980, 1, 0, 0
342649, 990, 1, 0, 0
342749, 980, 1, 0, 0
342849, 990, 1, 0, 0
342949, 970, 1, 0, 0
343049, 980, 1, 0, 0
343149, 960, 1, 0, 0
343249, 970, 1, 0, 0
343349, 950, 1, 0, 0
343450, 980, 1, 0, 0
343550, 980, 1, 0, 0
343650, 990, 1, 0, 0
343749, 1000, 1, 0, 0
343849, 1010, 1, 0, 0
343949, 980, 1, 0, 0
344049, 1000, 1, 0, 0
344149, 1020, 1, 0, 0
344249, 980, 1, 0, 0
344349, 1010, 1, 0, 0
344449, 1010, 1, 0, 0
344549, 990, 1, 0, 0
344649, 970, 1, 0, 0
344749, 979, 1, 0, 0
344849, 1000, 1, 0, 0
344949, 1000, 1, 0, 0
345049, 1060, 1, 0, 0
345149, 990, 1, 0, 0
345249, 980, 1, 0, 0
345349, 1020, 1, 0, 0
345449, 1010, 1, 0, 0
345549, 990, 1, 0, 0
345649, 1000, 1, 0, 0
345749, 1030, 1, 0, 0
345850, 990, 1, 0, 0
345950, 980, 1, 0, 0
346050, 1000, 1, 0, 0
346150, 1020, 1, 0, 0
346249, 1030, 1, 0, 0
346349, 1000, 1, 0, 0
346449, 1010, 1, 0, 0
346549, 960, 1, 0, 0
346649, 1020, 1, 0, 0
346749, 1000, 1, 0, 0
346849, 1010, 1, 0, 0
346949, 1010, 1, 0, 0
347049, 1040, 1, 0, 0
347149, 1020, 1, 0, 0
347250, 1010, 1, 0, 0
347350, 1000, 1, 0, 0
347450, 1030, 1, 0, 0
347550, 1010, 1, 0, 0
347650, 1020, 1, 0, 0
347749, 1050, 1, 0, 0
347849, 1030, 1, 0, 0
347949, 1050, 1, 0, 0
348049, 1010, 1, 0, 0
348149, 980, 1, 0, 0
348249, 960, 1, 0, 0
348349, 1000, 1, 0, 0
348450, 1010, 1, 0, 0
348550, 990, 1, 0, 0
348650, 1000, 1, 0, 0
348749, 1010, 1, 0, 0
348849, 970, 1, 0, 0
348949, 1000, 1, 0, 0
349049, 960, 1, 0, 0
349149, 1000, 1, 0, 0
349249, 1040, 1, 0, 0
349349, 1010, 1, 0, 0
349449, 950, 1, 0, 0
349549, 1010, 1, 0, 0
349649, 1010, 1, 0, 0
349749, 1020, 1, 0, 0
349850, 1050, 1, 0, 0
349950, 1000, 1, 0, 0
350050, 950, 1, 0, 0
350150, 990, 1, 0, 0
350249, 1020, 1, 0, 0
350349, 1000, 1, 0, 0
350449, 950, 1, 0, 0
350549, 1040, 1, 0, 0
350649, 970, 1, 0, 0
350749, 990, 1, 0, 0
350849, 1040, 1, 0, 0
350949, 970, 1, 0, 0
351049, 970, 1, 0, 0
351149, 1000, 1, 0, 0
351249, 1000, 1, 0, 0
351349, 1020, 1, 0, 0
351449, 970, 1, 0, 0
351549, 1000, 1, 0, 0
351649, 1000, 1, 0, 0
351749, 970, 1, 0, 0
351849, 1010, 1, 0, 0
351949, 960, 1, 0, 0
352049, 1000, 1, 0, 0
352149, 1020, 1, 0, 0
352249, 970, 1, 0, 0
352349, 960, 1, 0, 0
352450, 950, 1, 0, 0
352550, 1010, 1, 0, 0
352650, 1010, 1, 0, 0
352749, 1010, 1, 0, 0
352849, 970, 1, 0, 0
352949, 990, 1, 0, 0
353049, 1020, 1, 0, 0
353149, 1010, 1, 0, 0
353249, 1000, 1, 0, 0
353349, 990, 1, 0, 0
353449, 1010, 1, 0, 0
353549, 980, 1, 0, 0
353649, 960, 1, 0, 0
353749, 979, 1, 0, 0
353849, 1020, 1, 0, 0
353949, 950, 1, 0, 0
354049, 940, 1, 0, 0
354149, 980, 1, 0, 0
354249, 1000, 1, 0, 0
354349, 980, 1, 0, 0
354449, 950, 1, 0, 0
354549, 1010, 1, 0, 0
354649, 940, 1, 0, 0
354749, 970, 1, 0, 0
354849, 950, 1, 0, 0
354949, 940, 1, 0, 0
355050, 950, 1, 0, 0
355150, 910, 1, 0, 0
355249, 939, 1, 0, 0
355349, 990, 1, 0, 0
355449, 940, 1, 0, 0
355549, 1000, 1, 0, 0
355649, 940, 1, 0, 0
355749, 1010, 1, 0, 0
355849, 940, 1, 0, 0
355949, 1010, 1, 0, 0
356049, 950, 1, 0, 0
356149, 990, 1, 0, 0
356250, 960, 1, 0, 0
356350, 1000, 1, 0, 0
356450, 990, 1, 0, 0
356550, 980, 1, 0, 0
356650, 980, 1, 0, 0
356749, 1010, 1, 0, 0
356849, 1030, 1, 0, 0
356949, 920, 1, 0, 0
357049, 1010, 1, 0, 0
357149, 1020, 1, 0, 0
357249, 980, 1, 0, 0
357349, 990, 1, 0, 0
357449, 980, 1, 0, 0
357550, 960, 1, 0, 0
357650, 970, 1, 0, 0
357749, 1000, 1, 0, 0
357849, 960, 1, 0, 0
357949, 1020, 1, 0, 0
358049, 990, 1, 0, 0
358149, 1000, 1, 0, 0
358249, 1000, 1, 0, 0
358349, 970, 1, 0, 0
358449, 1000, 1, 0, 0
358549, 1000, 1, 0, 0
358649, 990, 1, 0, 0
358749, 960, 1, 0, 0
358850, 1000, 1, 0, 0
358950, 960, 1, 0, 0
359050, 1010, 1, 0, 0
359150, 970, 1, 0, 0
359249, 969, 1, 0, 0
359349, 990, 1, 0, 0
359449, 970, 1, 0, 0
359549, 960, 1, 0, 0
359649, 950, 1, 0, 0
359749, 980, 1, 0, 0
359849, 980, 1, 0, 0
359949, 990, 1, 0, 0
360050, 1020, 1, 0, 0
360150, 980, 1, 0, 0
360249, 959, 1, 0, 0
360349, 960, 1, 0, 0
360449, 980, 1, 0, 0
360549, 970, 1, 0, 0
360649, 950, 1, 0, 0
360749, 1020, 1, 0, 0
360849, 950, 1, 0, 0
360949, 970, 1, 0, 0
361049, 940, 1, 0, 0
361149, 990, 1, 0, 0
361250, 990, 1, 0, 0
361350, 940, 1, 0, 0
361450, 970, 1, 0, 0
361550, 1000, 1, 0, 0
361650, 980, 1, 0, 0
361749, 929, 1, 0, 0
361849, 950, 1, 0, 0
361949, 990, 1, 0, 0
362049, 950, 1, 0, 0
362149, 960, 1, 0, 0
362249, 990, 1, 0, 0
362349, 960, 1, 0, 0
362449, 960, 1, 0, 0
362550, 970, 1, 0, 0
362650, 910, 1, 0, 0
362749, 878, 1, 0, 0
362849, 990, 1, 0, 0
362949, 970, 1, 0, 0
363049, 960, 1, 0, 0
363149, 970, 1, 0, 0
363249, 1020, 1, 0, 0
363349, 950, 1, 0, 0
363449, 1000, 1, 0, 0
363549, 950, 1, 0, 0
363649, 960, 1, 0, 0
363749, 970, 1, 0, 0
363850, 990, 1, 0, 0
363950, 920, 1, 0, 0
364050, 950, 1, 0, 0
364150, 940, 1, 0, 0
364249, 949, 1, 0, 0
364349, 970, 1, 0, 0
364449, 980, 1, 0, 0
364549, 980, 1, 0, 0
364649, 980, 1, 0, 0
364749, 980, 1, 0, 0
364849, 900, 1, 0, 0
364949, 920, 1, 0, 0
365050, 970, 1, 0, 0
365150, 950, 1, 0, 0
365249, 929, 1, 0, 0
365349, 930, 1, 0, 0
365449, 920, 1, 0, 0
365549, 970, 1, 0, 0
365649, 930, 1, 0, 0
365749, 960, 1, 0, 0
365849, 970, 1, 0, 0
365949, 940, 1, 0, 0
366049, 910, 1, 0, 0
366149, 960, 1, 0, 0
366249, 990, 1, 0, 0
366350, 1000, 1, 0, 0
366450, 1000, 1, 0, 0
366550, 940, 1, 0, 0
366650, 990, 1, 0, 0
366749, 949, 1, 0, 0
366849, 940, 1, 0, 0
366949, 940, 1, 0, 0
367049, 980, 1, 0, 0
367149, 990, 1, 0, 0
367249, 980, 1, 0, 0
367349, 1030, 1, 0, 0
367449, 910, 1, 0, 0
367549, 990, 1, 0, 0
367650, 980, 1, 0, 0
367749, 1010, 1, 0, 0
367849, 940, 1, 0, 0
367949, 990, 1, 0, 0
368049, 1000, 1, 0, 0
368149, 1010, 1, 0, 0
368249, 980, 1, 0, 0
368349, 1000, 1, 0, 0
368449, 1030, 1, 0, 0
368549, 970, 1, 0, 0
368649, 1000, 1, 0, 0
368749, 960, 1, 0, 0
368850, 1010, 1, 0, 0
368950, 980, 1, 0, 0
369050, 1020, 1, 0, 0
369150, 990, 1, 0, 0
369249, 1010, 1, 0, 0
369349, 990, 1, 0, 0
369449, 1000, 1, 0, 0
369549, 1020, 1, 0, 0
369649, 1000, 1, 0, 0
369749, 980, 1, 0, 0
369849, 980, 1, 0, 0
369949, 990, 1, 0, 0
370049, 1040, 1, 0, 0
370149, 990, 1, 0, 0
370250, 970, 1, 0, 0
370350, 980, 1, 0, 0
370450, 990, 1, 0, 0
370550, 980, 1, 0, 0
370650, 970, 1, 0, 0
370749, 969, 1, 0, 0
370849, 980, 1, 0, 0
370949, 950, 1, 0, 0
371049, 1010, 1, 0, 0
371149, 1000, 1, 0, 0
371249, 990, 1, 0, 0
371349, 990, 1, 0, 0
371449, 1010, 1, 0, 0
371550, 970, 1, 0, 0
371650, 980, 1, 0, 0
371749, 1010, 1, 0, 0
371849, 1020, 1, 0, 0
371949, 1020, 1, 0, 0
372049, 990, 1, 0, 0
372149, 1030, 1, 0, 0
372249, 990, 1, 0, 0
372349, 1010, 1, 0, 0
372449, 990, 1, 0, 0
372549, 960, 1, 0, 0
372649, 960, 1, 0, 0
372749, 960, 1, 0, 0
372850, 1010, 1, 0, 0
372950, 990, 1, 0, 0
373050, 980, 1, 0, 0
373150, 1020, 1, 0, 0
373249, 989, 1, 0, 0
373349, 1000, 1, 0, 0
373449, 960, 1, 0, 0
373549, 970, 1, 0, 0
373649, 980, 1, 0, 0
373749, 970, 1, 0, 0
373849, 1000, 1, 0, 0
373949, 950, 1, 0, 0
374049, 940, 1, 0, 0
374150, 980, 1, 0, 0
374249, 939, 1, 0, 0
374349, 980, 1, 0, 0
374449, 1000, 1, 0, 0
374549, 1000, 1, 0, 0
374649, 1020, 1, 0, 0
374749, 1050, 1, 0, 0
374849, 1020, 1, 0, 0
374949, 990, 1, 0, 0
375049, 970, 1, 0, 0
375149, 1000, 1, 0, 0
375249, 940, 1, 0, 0
375349, 1000, 1, 0, 0
375450, 1000, 1, 0, 0
375550, 1020, 1, 0, 0
375650, 1040, 1, 0, 0
375749, 1040, 1, 0, 0
375849, 1060, 1, 0, 0
375949, 1020, 1, 0, 0
376049, 960, 1, 0, 0
376149, 960, 1, 0, 0
376249, 950, 1, 0, 0
376349, 970, 1, 0, 0
376449, 950, 1, 0, 0
376549, 980, 1, 0, 0
376649, 960, 1, 0, 0
376750, 970, 1, 0, 0
376850, 960, 1, 0, 0
376950, 980, 1, 0, 0
377050, 970, 1, 0, 0
377150, 970, 1, 0, 0
377249, 959, 1, 0, 0
377349, 980, 1, 0, 0
377449, 970, 1, 0, 0
377549, 980, 1, 0, 0
377649, 1000, 1, 0, 0
377749, 970, 1, 0, 0
377849, 970, 1, 0, 0
377949, 970, 1, 0, 0
378050, 960, 1, 0, 0
378150, 960, 1, 0, 0
378249, 1000, 1, 0, 0
378349, 1010, 1, 0, 0
378449, 1010, 1, 0, 0
378549, 1000, 1, 0, 0
378649, 930, 1, 0, 0
378749, 990, 1, 0, 0
378849, 960, 1, 0, 0
378949, 1010, 1, 0, 0
379049, 980, 1, 0, 0
379149, 960, 1, 0, 0
379249, 1030, 1, 0, 0
379350, 980, 1, 0, 0
379450, 940, 1, 0, 0
379550, 930, 1, 0, 0
379650, 920, 1, 0, 0
379749, 989, 1, 0, 0
379849, 990, 1, 0, 0
379949, 970, 1, 0, 0
380049, 980, 1, 0, 0
380149, 940, 1, 0, 0
380249, 980, 1, 0, 0
380349, 940, 1, 0, 0
380449, 1030, 1, 0, 0
380549, 950, 1, 0, 0
380650, 920, 1, 0, 0
380749, 969, 1, 0, 0
380849, 980, 1, 0, 0
380949, 950, 1, 0, 0
381049, 990, 1, 0, 0
381149, 970, 1, 0, 0
381249, 1030, 1, 0, 0
381349, 990, 1, 0, 0
381449, 950, 1, 0, 0
381549, 940, 1, 0, 0
381649, 1000, 1, 0, 0
381749, 970, 1, 0, 0
381849, 970, 1, 0, 0
381949, 1020, 1, 0, 0
382050, 950, 1, 0, 0
382150, 990, 1, 0, 0
382249, 969, 1, 0, 0
382349, 940, 1, 0, 0
382449, 940, 1, 0, 0
382549, 1020, 1, 0, 0
382649, 990, 1, 0, 0
382749, 950, 1, 0, 0
382849, 940, 1, 0, 0
382949, 960, 1, 0, 0
383049, 950, 1, 0, 0
383149, 970, 1, 0, 0
383249, 1000, 1, 0, 0
383350, 980, 1, 0, 0
383450, 960, 1, 0, 0
383550, 1000, 1, 0, 0
383650, 990, 1, 0, 0
383749, 949, 1, 0, 0
383849, 980, 1, 0, 0
383949, 970, 1, 0, 0
384049, 940, 1, 0, 0
384149, 990, 1, 0, 0
384249, 980, 1, 0, 0
384349, 980, 1, 0, 0
384449, 980, 1, 0, 0
384550, 980, 1, 0, 0
384650, 960, 1, 0, 0
384749, 1030, 1, 0, 0
384849, 990, 1, 0, 0
384949, 1000, 1, 0, 0
385049, 1000, 1, 0, 0
385149, 1040, 1, 0, 0
385249, 960, 1, 0, 0
385349, 1000, 1, 0, 0
385449, 980, 1, 0, 0
385549, 980, 1, 0, 0
385649, 900, 1, 0, 0
385749, 990, 1, 0, 0
385850, 990, 1, 0, 0
385950, 930, 1, 0, 0
386050, 1030, 1, 0, 0
386150, 1000, 1, 0, 0
386249, 1030, 1, 0, 0
386349, 980, 1, 0, 0
386449, 960, 1, 0, 0
386549, 1010, 1, 0, 0
386649, 1020, 1, 0, 0
386749, 1000, 1, 0, 0
386849, 990, 1, 0, 0
386949, 1000, 1, 0, 0
387049, 970, 1, 0, 0
387150, 1000, 1, 0, 0
387249, 969, 1, 0, 0
387349, 1010, 1, 0, 0
387449, 1020, 1, 0, 0
387549, 980, 1, 0, 0
387649, 970, 1, 0, 0
387749, 970, 1, 0, 0
387849, 960, 1, 0, 0
387949, 990, 1, 0, 0
388049, 1020, 1, 0, 0
388149, 1000, 1, 0, 0
388249, 970, 1, 0, 0
388350, 1000, 1, 0, 0
388450, 1020, 1, 0, 0
388550, 970, 1, 0, 0
388650, 990, 1, 0, 0
388749, 959, 1, 0, 0
388849, 980, 1, 0, 0
388949, 970, 1, 0, 0
389049, 1000, 1, 0, 0
389149, 1010, 1, 0, 0
389249, 990, 1, 0, 0
389349, 1000, 1, 0, 0
389449, 1030, 1, 0, 0
389549, 980, 1, 0, 0
389650, 960, 1, 0, 0
389749, 969, 1, 0, 0
389849, 960, 1, 0, 0
389949, 980, 1, 0, 0
390049, 970, 1, 0, 0
390149, 1010, 1, 0, 0
390249, 1000, 1, 0, 0
390349, 1000, 1, 0, 0
390449, 1020, 1, 0, 0
390549, 1020, 1, 0, 0
390649, 970, 1, 0, 0
390749, 1020, 1, 0, 0
390850, 990, 1, 0, 0
390950, 1070, 1, 0, 0
391050, 1000, 1, 0, 0
391150, 1000, 1, 0, 0
391249, 1030, 1, 0, 0
391349, 960, 1, 0, 0
391449, 990, 1, 0, 0
391549, 1030, 1, 0, 0
391649, 1010, 1, 0, 0
391749, 940, 1, 0, 0
391849, 980, 1, 0, 0
391949, 960, 1, 0, 0
392049, 1010, 1, 0, 0
392150, 1000, 1, 0, 0
392249, 959, 1, 0, 0
392349, 990, 1, 0, 0
392449, 990, 1, 0, 0
392549, 980, 1, 0, 0
392649, 1020, 1, 0, 0
392749, 970, 1, 0, 0
392849, 1030, 1, 0, 0
392949, 1020, 1, 0, 0
393049, 980, 1, 0, 0
393149, 1020, 1, 0, 0
393249, 960, 1, 0, 0
393349, 1020, 1, 0, 0
393450, 1050, 1, 0, 0
393550, 970, 1, 0, 0
393650, 1010, 1, 0, 0
393749, 1010, 1, 0, 0
393849, 990, 1, 0, 0
393949, 1000, 1, 0, 0
394049, 1010, 1, 0, 0
394149, 990, 1, 0, 0
394249, 1020, 1, 0, 0
394349, 1000, 1, 0, 0
394449, 1000, 1, 0, 0
394549, 960, 1, 0, 0
394649, 980, 1, 0, 0
394750, 980, 1, 0, 0
394850, 990, 1, 0, 0
394950, 990, 1, 0, 0
395050, 980, 1, 0, 0
395150, 1000, 1, 0, 0
395249, 979, 1, 0, 0
395349, 990, 1, 0, 0
395449, 950, 1, 0, 0
395549, 940, 1, 0, 0
395649, 930, 1, 0, 0
395749, 980, 1, 0, 0
395849, 990, 1, 0, 0
395949, 910, 1, 0, 0
396050, 1010, 1, 0, 0
396150, 950, 1, 0, 0
396249, 979, 1, 0, 0
396349, 1000, 1, 0, 0
396449, 1050, 1, 0, 0
396549, 1010, 1, 0, 0
396649, 1000, 1, 0, 0
396749, 1040, 1, 0, 0
396849, 1010, 1, 0, 0
396949, 1020, 1, 0, 0
397049, 1010, 1, 0, 0
397149, 980, 1, 0, 0
397250, 1020, 1, 0, 0
397350, 980, 1, 0, 0
397450, 990, 1, 0, 0
397550, 960, 1, 0, 0
397650, 940, 1, 0, 0
397749, 1010, 1, 0, 0
397849, 1020, 1, 0, 0
397949, 960, 1, 0, 0
398049, 950, 1, 0, 0
398149, 970, 1, 0, 0
398249, 950, 1, 0, 0
398349, 970, 1, 0, 0
398449, 1000, 1, 0, 0
398549, 1010, 1, 0, 0
398650, 990, 1, 0, 0
398749, 939, 1, 0, 0
398849, 1020, 1, 0, 0
398949, 980, 1, 0, 0
399049, 960, 1, 0, 0
399149, 1000, 1, 0, 0
399249, 1030, 1, 0, 0
399349, 1010, 1, 0, 0
399449, 1030, 1, 0, 0
399549, 1020, 1, 0, 0
399649, 1000, 1, 0, 0
399749, 1040, 1, 0, 0
399850, 1010, 1, 0, 0
399950, 1000, 1, 0, 0
400050, 970, 1, 0, 0
400150, 1010, 1, 0, 0
400249, 969, 1, 0, 0
400349, 990, 1, 0, 0
400449, 990, 1, 0, 0
400549, 960, 1, 0, 0
400649, 1030, 1, 0, 0
400749, 1000, 1, 0, 0
400849, 990, 1, 0, 0
400949, 1020, 1, 0, 0
401049, 950, 1, 0, 0
401150, 980, 1, 0, 0
401249, 1020, 1, 0, 0
401349, 990, 1, 0, 0
401449, 1020, 1, 0, 0
401549, 1020, 1, 0, 0
401649, 1010, 1, 0, 0
401749, 1000, 1, 0, 0
401849, 1010, 1, 0, 0
401949, 1000, 1, 0, 0
402049, 990, 1, 0, 0
402149, 1010, 1, 0, 0
402249, 980, 1, 0, 0
402350, 1020, 1, 0, 0
402450, 1030, 1, 0, 0
402550, 1000, 1, 0, 0
402650, 1000, 1, 0, 0
402749, 989, 1, 0, 0
402849, 1000, 1, 0, 0
402949, 1030, 1, 0, 0
403049, 1010, 1, 0, 0
403149, 990, 1, 0, 0
403249, 950, 1, 0, 0
403349, 1040, 1, 0, 0
403449, 980, 1, 0, 0
403549, 1000, 1, 0, 0
403649, 1000, 1, 0, 0
403749, 1030, 1, 0, 0
403849, 990, 1, 0, 0
403949, 930, 1, 0, 0
404049, 1050, 1, 0, 0
404149, 1010, 1, 0, 0
404249, 1000, 1, 0, 0
404349, 1000, 1, 0, 0
404449, 1020, 1, 0, 0
404549, 1020, 1, 0, 0
404649, 1010, 1, 0, 0
404749, 1020, 1, 0, 0
404849, 940, 1, 0, 0
404950, 1010, 1, 0, 0
405050, 990, 1, 0, 0
405150, 1020, 1, 0, 0
405249, 969, 1, 0, 0
405349, 970, 1, 0, 0
405449, 970, 1, 0, 0
405549, 930, 1, 0, 0
405649, 960, 1, 0, 0
405749, 1020, 1, 0, 0
405849, 980, 1, 0, 0
405949, 1030, 1, 0, 0
406049, 1010, 1, 0, 0
406150, 990, 1, 0, 0
406249, 979, 1, 0, 0
406349, 960, 1, 0, 0
406449, 940, 1, 0, 0
406549, 990, 1, 0, 0
406649, 980, 1, 0, 0
406749, 950, 1, 0, 0
406849, 940, 1, 0, 0
406949, 920, 1, 0, 0
407049, 950, 1, 0, 0
407149, 960, 1, 0, 0
407249, 990, 1, 0, 0
407349, 960, 1, 0, 0
407450, 930, 1, 0, 0
407550, 970, 1, 0, 0
407650, 910, 1, 0, 0
407749, 939, 1, 0, 0
407849, 970, 1, 0, 0
407949, 980, 1, 0, 0
408049, 960, 1, 0, 0
408149, 980, 1, 0, 0
408249, 1000, 1, 0, 0
408349, 980, 1, 0, 0
408449, 1010, 1, 0, 0
408549, 970, 1, 0, 0
408649, 950, 1, 0, 0
408749, 969, 1, 0, 0
408849, 970, 1, 0, 0
408949, 920, 1, 0, 0
409049, 970, 1, 0, 0
409149, 990, 1, 0, 0
409249, 1010, 1, 0, 0
409349, 990, 1, 0, 0
409449, 980, 1, 0, 0
409549, 960, 1, 0, 0
409649, 950, 1, 0, 0
409749, 970, 1, 0, 0
409849, 980, 1, 0, 0
409949, 950, 1, 0, 0
410050, 970, 1, 0, 0
410150, 1000, 1, 0, 0
410249, 919, 1, 0, 0
410349, 920, 1, 0, 0
410449, 980, 1, 0, 0
410549, 980, 1, 0, 0
410649, 990, 1, 0, 0
410749, 970, 1, 0, 0
410849, 980, 1, 0, 0
410949, 970, 1, 0, 0
411049, 950, 1, 0, 0
411149, 1010, 1, 0, 0
411250, 990, 1, 0, 0
411350, 930, 1, 0, 0
411450, 970, 1, 0, 0
411550, 1020, 1, 0, 0
411650, 1000, 1, 0, 0
411749, 989, 1, 0, 0
411849, 930, 1, 0, 0
411949, 950, 1, 0, 0
412049, 980, 1, 0, 0
412149, 970, 1, 0, 0
412249, 970, 1, 0, 0
412349, 980, 1, 0, 0
412449, 960, 1, 0, 0
412550, 980, 1, 0, 0
412650, 990, 1, 0, 0
412749, 989, 1, 0, 0
412849, 960, 1, 0, 0
412949, 980, 1, 0, 0
413049, 960, 1, 0, 0
413149, 940, 1, 0, 0
413249, 970, 1, 0, 0
413349, 930, 1, 0, 0
413449, 980, 1, 0, 0
413549, 970, 1, 0, 0
413649, 970, 1, 0, 0
413750, 940, 1, 0, 0
413850, 990, 1, 0, 0
413950, 1000, 1, 0, 0
414050, 1010, 1, 0, 0
414150, 990, 1, 0, 0
414249, 989, 1, 0, 0
414349, 990, 1, 0, 0
414449, 1020, 1, 0, 0
414549, 990, 1, 0, 0
414649, 950, 1, 0, 0
414749, 990, 1, 0, 0
414849, 1020, 1, 0, 0
414949, 970, 1, 0, 0
415050, 970, 1, 0, 0
415150, 970, 1, 0, 0
415249, 1010, 1, 0, 0
415349, 940, 1, 0, 0
415449, 980, 1, 0, 0
415549, 980, 1, 0, 0
415649, 970, 1, 0, 0
415749, 1000, 1, 0, 0
415849, 970, 1, 0, 0
415949, 990, 1, 0, 0
416049, 960, 1, 0, 0
416149, 960, 1, 0, 0
416250, 990, 1, 0, 0
416350, 980, 1, 0, 0
416450, 960, 1, 0, 0
416550, 930, 1, 0, 0
416650, 990, 1, 0, 0
416749, 969, 1, 0, 0
416849, 980, 1, 0, 0
416949, 1010, 1, 0, 0
417049, 1020, 1, 0, 0
417149, 990, 1, 0, 0
417249, 1000, 1, 0, 0
417349, 990, 1, 0, 0
417449, 1000, 1, 0, 0
417550, 970, 1, 0, 0
417650, 990, 1, 0, 0
417749, 979, 1, 0, 0
417849, 1010, 1, 0, 0
417949, 980, 1, 0, 0
418049, 1000, 1, 0, 0
418149, 1000, 1, 0, 0
418249, 990, 1, 0, 0
418349, 960, 1, 0, 0
418449, 970, 1, 0, 0
418549, 970, 1, 0, 0
418649, 970, 1, 0, 0
418750, 1000, 1, 0, 0
418850, 1020, 1, 0, 0
418950, 1040, 1, 0, 0
419050, 980, 1, 0, 0
419150, 990, 1, 0, 0
419249, 989, 1, 0, 0
419349, 990, 1, 0, 0
419449, 1000, 1, 0, 0
419549, 950, 1, 0, 0
419649, 980, 1, 0, 0
419749, 950, 1, 0, 0
419849, 1010, 1, 0, 0
419949, 990, 1, 0, 0
420050, 970, 1, 0, 0
420150, 1000, 1, 0, 0
420249, 989, 1, 0, 0
420349, 960, 1, 0, 0
420449, 990, 1, 0, 0
420549, 1000, 1, 0, 0
420649, 990, 1, 0, 0
420749, 1040, 1, 0, 0
420849, 1000, 1, 0, 0
420949, 990, 1, 0, 0
421049, 1000, 1, 0, 0
421149, 970, 1, 0, 0
421249, 990, 1, 0, 0
421350, 990, 1, 0, 0
421450, 950, 1, 0, 0
421550, 1010, 1, 0, 0
421650, 1000, 1, 0, 0
421749, 929, 1, 0, 0
421849, 1000, 1, 0, 0
421949, 1030, 1, 0, 0
422049, 970, 1, 0, 0
422149, 980, 1, 0, 0
422249, 900, 1, 0, 0
422349, 980, 1, 0, 0
422449, 930, 1, 0, 0
422550, 960, 1, 0, 0
422650, 960, 1, 0, 0
422749, 929, 1, 0, 0
422849, 960, 1, 0, 0
422949, 970, 1, 0, 0
423049, 960, 1, 0, 0
423149, 960, 1, 0, 0
423249, 980, 1, 0, 0
423349, 970, 1, 0, 0
423449, 960, 1, 0, 0
423549, 990, 1, 0, 0
423649, 930, 1, 0, 0
423749, 960, 1, 0, 0
423850, 980, 1, 0, 0
423950, 970, 1, 0, 0
424050, 980, 1, 0, 0
424150, 980, 1, 0, 0
424249, 979, 1, 0, 0
424349, 980, 1, 0, 0
424449, 990, 1, 0, 0
424549, 990, 1, 0, 0
424649, 950, 1, 0, 0
424749, 950, 1, 0, 0
424849, 1010, 1, 0, 0
424949, 1010, 1, 0, 0
425049, 980, 1, 0, 0
425150, 940, 1, 0, 0
425249, 949, 1, 0, 0
425349, 900, 1, 0, 0
425449, 940, 1, 0, 0
425549, 970, 1, 0, 0
425649, 940, 1, 0, 0
425749, 930, 1, 0, 0
425849, 940, 1, 0, 0
425949, 940, 1, 0, 0
426049, 940, 1, 0, 0
426149, 1000, 1, 0, 0
426249, 980, 1, 0, 0
426350, 930, 1, 0, 0
426450, 970, 1, 0, 0
426550, 1010, 1, 0, 0
426650, 970, 1, 0, 0
426749, 929, 1, 0, 0
426849, 910, 1, 0, 0
426949, 960, 1, 0, 0
427049, 930, 1, 0, 0
427149, 990, 1, 0, 0
427249, 960, 1, 0, 0
427349, 940, 1, 0, 0
427449, 960, 1, 0, 0
427549, 970, 1, 0, 0
427649, 1000, 1, 0, 0
427749, 989, 1, 0, 0
427849, 970, 1, 0, 0
427949, 950, 1, 0, 0
428049, 970, 1, 0, 0
428149, 970, 1, 0, 0
428249, 960, 1, 0, 0
428349, 950, 1, 0, 0
428449, 940, 1, 0, 0
428549, 910, 1, 0, 0
428649, 950, 1, 0, 0
428749, 960, 1, 0, 0
428849, 950, 1, 0, 0
428949, 970, 1, 0, 0
429050, 950, 1, 0, 0
429150, 970, 1, 0, 0
429249, 969, 1, 0, 0
429349, 960, 1, 0, 0
429449, 950, 1, 0, 0
429549, 940, 1, 0, 0
429649, 970, 1, 0, 0
429749, 970, 1, 0, 0
429849, 940, 1, 0, 0
429949, 930, 1, 0, 0
430049, 950, 1, 0, 0
430149, 960, 1, 0, 0
430249, 890, 1, 0, 0
430349, 910, 1, 0, 0
430450, 910, 1, 0, 0
430550, 930, 1, 0, 0
430650, 990, 1, 0, 0
430749, 979, 1, 0, 0
430849, 940, 1, 0, 0
430949, 970, 1, 0, 0
431049, 1000, 1, 0, 0
431149, 880, 1, 0, 0
431249, 930, 1, 0, 0
431349, 960, 1, 0, 0
431449, 940, 1, 0, 0
431549, 950, 1, 0, 0
431649, 1010, 1, 0, 0
431750, 1000, 1, 0, 0
431850, 950, 1, 0, 0
431950, 970, 1, 0, 0
432050, 960, 1, 0, 0
432150, 980, 1, 0, 0
432249, 1010, 1, 0, 0
432349, 970, 1, 0, 0
432449, 1030, 1, 0, 0
432549, 1000, 1, 0, 0
432649, 1000, 1, 0, 0
432749, 1010, 1, 0, 0
432849, 1000, 1, 0, 0
432949, 1000, 1, 0, 0
433049, 1040, 1, 0, 0
433150, 1000, 1, 0, 0
433249, 989, 1, 0, 0
433349, 980, 1, 0, 0
433449, 950, 1, 0, 0
433549, 990, 1, 0, 0
433649, 990, 1, 0, 0
433749, 940, 1, 0, 0
433849, 980, 1, 0, 0
433949, 1000, 1, 0, 0
434049, 990, 1, 0, 0
434149, 1020, 1, 0, 0
434249, 990, 1, 0, 0
434349, 980, 1, 0, 0
434449, 990, 1, 0, 0
434550, 1040, 1, 0, 0
434650, 990, 1, 0, 0
434749, 1010, 1, 0, 0
434849, 1000, 1, 0, 0
434949, 1020, 1, 0, 0
435049, 1030, 1, 0, 0
435149, 990, 1, 0, 0
435249, 1010, 1, 0, 0
435349, 930, 1, 0, 0
435449, 990, 1, 0, 0
435549, 1010, 1, 0, 0
435649, 1010, 1, 0, 0
435749, 970, 1, 0, 0
435849, 950, 1, 0, 0
435949, 980, 1, 0, 0
436050, 1000, 1, 0, 0
436150, 980, 1, 0, 0
436249, 979, 1, 0, 0
436349, 990, 1, 0, 0
436449, 950, 1, 0, 0
436549, 1010, 1, 0, 0
436649, 960, 1, 0, 0
436749, 1010, 1, 0, 0
436849, 1000, 1, 0, 0
436949, 980, 1, 0, 0
437049, 1010, 1, 0, 0
437149, 1000, 1, 0, 0
437250, 980, 1, 0, 0
437350, 1010, 1, 0, 0
437450, 990, 1, 0, 0
437550, 990, 1, 0, 0
437650, 990, 1, 0, 0
437749, 959, 1, 0, 0
437849, 980, 1, 0, 0
437949, 960, 1, 0, 0
438049, 910, 1, 0, 0
438149, 1020, 1, 0, 0
438249, 1050, 1, 0, 0
438349, 940, 1, 0, 0
438449, 1000, 1, 0, 0
438550, 1020, 1, 0, 0
438650, 990, 1, 0, 0
438749, 949, 1, 0, 0
438849, 1010, 1, 0, 0
438949, 970, 1, 0, 0
439049, 950, 1, 0, 0
439149, 940, 1, 0, 0
439249, 960, 1, 0, 0
439349, 980, 1, 0, 0
439449, 990, 1, 0, 0
439549, 980, 1, 0, 0
439649, 1000, 1, 0, 0
439749, 1010, 1, 0, 0
439850, 970, 1, 0, 0
439950, 940, 1, 0, 0
440050, 1010, 1, 0, 0
440150, 960, 1, 0, 0
440249, 1040, 1, 0, 0
440349, 1040, 1, 0, 0
440449, 1010, 1, 0, 0
440549, 1020, 1, 0, 0
440649, 950, 1, 0, 0
440749, 1020, 1, 0, 0
440849, 970, 1, 0, 0
440949, 980, 1, 0, 0
441049, 940, 1, 0, 0
441149, 1030, 1, 0, 0
441249, 989, 1, 0, 0
441349, 950, 1, 0, 0
441449, 950, 1, 0, 0
441549, 1030, 1, 0, 0
441649, 980, 1, 0, 0
441749, 960, 1, 0, 0
441849, 990, 1, 0, 0
441949, 990, 1, 0, 0
442049, 1020, 1, 0, 0
442149, 1000, 1, 0, 0
442249, 970, 1, 0, 0
442349, 950, 1, 0, 0
442449, 950, 1, 0, 0
442550, 940, 1, 0, 0
442650, 970, 1, 0, 0
442749, 1020, 1, 0, 0
442849, 1000, 1, 0, 0
442949, 1000, 1, 0, 0
443049, 970, 1, 0, 0
443149, 980, 1, 0, 0
443249, 970, 1, 0, 0
443349, 1010, 1, 0, 0
443449, 980, 1, 0, 0
443549, 970, 1, 0, 0
443649, 990, 1, 0, 0
443750, 1000, 1, 0, 0
443850, 990, 1, 0, 0
443950, 980, 1, 0, 0
444050, 990, 1, 0, 0
444150, 950, 1, 0, 0
444249, 1000, 1, 0, 0
444349, 1010, 1, 0, 0
444449, 1020, 1, 0, 0
444549, 1020, 1, 0, 0
444649, 940, 1, 0, 0
444749, 970, 1, 0, 0
444849, 1000, 1, 0, 0
444949, 1020, 1, 0, 0
445049, 1000, 1, 0, 0
445149, 980, 1, 0, 0
445249, 969, 1, 0, 0
445349, 930, 1, 0, 0
445449, 1020, 1, 0, 0
445549, 980, 1, 0, 0
445649, 970, 1, 0, 0
445749, 1010, 1, 0, 0
445849, 940, 1, 0, 0
445949, 980, 1, 0, 0
446049, 990, 1, 0, 0
446149, 980, 1, 0, 0
446249, 980, 1, 0, 0
446349, 970, 1, 0, 0
446449, 1010, 1, 0, 0
446549, 960, 1, 0, 0
446650, 970, 1, 0, 0
446749, 919, 1, 0, 0
446849, 1040, 1, 0, 0
446949, 1030, 1, 0, 0
447049, 960, 1, 0, 0
447149, 960, 1, 0, 0
447249, 930, 1, 0, 0
447349, 970, 1, 0, 0
447449, 970, 1, 0, 0
447549, 960, 1, 0, 0
447649, 960, 1, 0, 0
447749, 950, 1, 0, 0
447849, 950, 1, 0, 0
447949, 940, 1, 0, 0
448050, 930, 1, 0, 0
448150, 1010, 1, 0, 0
448249, 939, 1, 0, 0
448349, 960, 1, 0, 0
448449, 980, 1, 0, 0
448549, 970, 1, 0, 0
448649, 990, 1, 0, 0
448749, 950, 1, 0, 0
448849, 970, 1, 0, 0
448949, 960, 1, 0, 0
449049, 950, 1, 0, 0
449149, 960, 1, 0, 0
449249, 930, 1, 0, 0
449349, 970, 1, 0, 0
449450, 940, 1, 0, 0
449550, 1000, 1, 0, 0
449650, 940, 1, 0, 0
449749, 939, 1, 0, 0
449849, 990, 1, 0, 0
449949, 950, 1, 0, 0
450049, 970, 1, 0, 0
450149, 950, 1, 0, 0
450249, 950, 1, 0, 0
450349, 920, 1, 0, 0
450449, 950, 1, 0, 0
450549, 960, 1, 0, 0
450650, 920, 1, 0, 0
450749, 949, 1, 0, 0
450849, 950, 1, 0, 0
450949, 970, 1, 0, 0
451049, 930, 1, 0, 0
451149, 950, 1, 0, 0
451249, 930, 1, 0, 0
451349, 900, 1, 0, 0
451449, 960, 1, 0, 0
451549, 940, 1, 0, 0
451649, 940, 1, 0, 0
451750, 920, 1, 0, 0
451850, 930, 1, 0, 0
451950, 980, 1, 0, 0
452050, 980, 1, 0, 0
452150, 1030, 1, 0, 0
452249, 939, 1, 0, 0
452349, 990, 1, 0, 0
452449, 980, 1, 0, 0
452549, 960, 1, 0, 0
452649, 960, 1, 0, 0
452749, 930, 1, 0, 0
452849, 920, 1, 0, 0
452949, 1000, 1, 0, 0
453050, 980, 1, 0, 0
453150, 940, 1, 0, 0
453249, 949, 1, 0, 0
453349, 970, 1, 0, 0
453449, 920, 1, 0, 0
453549, 980, 1, 0, 0
453649, 1000, 1, 0, 0
453749, 960, 1, 0, 0
453849, 940, 1, 0, 0
453949, 950, 1, 0, 0
454049, 970, 1, 0, 0
454149, 960, 1, 0, 0
454249, 939, 1, 0, 0
454349, 960, 1, 0, 0
454449, 980, 1, 0, 0
454549, 990, 1, 0, 0
454649, 1000, 1, 0, 0
454749, 960, 1, 0, 0
454849, 970, 1, 0, 0
454949, 960, 1, 0, 0
455049, 1020, 1, 0, 0
455149, 970, 1, 0, 0
455249, 980, 1, 0, 0
455349, 980, 1, 0, 0
455449, 970, 1, 0, 0
455550, 950, 1, 0, 0
455650, 980, 1, 0, 0
455749, 989, 1, 0, 0
455849, 990, 1, 0, 0
455949, 960, 1, 0, 0
456049, 1000, 1, 0, 0
456149, 1020, 1, 0, 0
456249, 990, 1, 0, 0
456349, 990, 1, 0, 0
456449, 980, 1, 0, 0
456549, 960, 1, 0, 0
456649, 1010, 1, 0, 0
456750, 1000, 1, 0, 0
456850, 960, 1, 0, 0
456950, 1000, 1, 0, 0
457050, 970, 1, 0, 0
457150, 980, 1, 0, 0
457249, 989, 1, 0, 0
457349, 970, 1, 0, 0
457449, 960, 1, 0, 0
457549, 960, 1, 0, 0
457649, 960, 1, 0, 0
457749, 980, 1, 0, 0
457849, 940, 1, 0, 0
457949, 990, 1, 0, 0
458049, 960, 1, 0, 0
458149, 980, 1, 0, 0
458249, 949, 1, 0, 0
458349, 1000, 1, 0, 0
458449, 1010, 1, 0, 0
458549, 1010, 1, 0, 0
458649, 970, 1, 0, 0
458749, 1010, 1, 0, 0
458849, 970, 1, 0, 0
458949, 1040, 1, 0, 0
459049, 1010, 1, 0, 0
459149, 1000, 1, 0, 0
459249, 990, 1, 0, 0
459349, 970, 1, 0, 0
459449, 950, 1, 0, 0
459550, 1000, 1, 0, 0
459650, 990, 1, 0, 0
459749, 959, 1, 0, 0
459849, 1000, 1, 0, 0
459949, 1020, 1, 0, 0
460049, 980, 1, 0, 0
460149, 970, 1, 0, 0
460249, 980, 1, 0, 0
460349, 1030, 1, 0, 0
460449, 1020, 1, 0, 0
460549, 980, 1, 0, 0
460649, 980, 1, 0, 0
460749, 1010, 1, 0, 0
460850, 1020, 1, 0, 0
460950, 970, 1, 0, 0
461050, 1010, 1, 0, 0
461150, 1050, 1, 0, 0
461249, 1010, 1, 0, 0
461349, 1030, 1, 0, 0
461449, 980, 1, 0, 0
461549, 1020, 1, 0, 0
461649, 980, 1, 0, 0
461749, 1000, 1, 0, 0
461849, 1000, 1, 0, 0
461949, 1010, 1, 0, 0
462049, 1020, 1, 0, 0
462149, 990, 1, 0, 0
462249, 980, 1, 0, 0
462349, 950, 1, 0, 0
462449, 980, 1, 0, 0
462550, 990, 1, 0, 0
462650, 980, 1, 0, 0
462749, 969, 1, 0, 0
462849, 980, 1, 0, 0
462949, 990, 1, 0, 0
463049, 930, 1, 0, 0
463149, 980, 1, 0, 0
463249, 1000, 1, 0, 0
463349, 1030, 1, 0, 0
463449, 980, 1, 0, 0
463549, 990, 1, 0, 0
463649, 990, 1, 0, 0
463749, 1000, 1, 0, 0
463849, 1000, 1, 0, 0
463949, 1000, 1, 0, 0
464049, 1000, 1, 0, 0
464149, 1000, 1, 0, 0
464249, 970, 1, 0, 0
464349, 960, 1, 0, 0
464449, 960, 1, 0, 0
464549, 990, 1, 0, 0
464649, 1020, 1, 0, 0
464749, 1020, 1, 0, 0
464849, 960, 1, 0, 0
464950, 1010, 1, 0, 0
465050, 940, 1, 0, 0
465150, 970, 1, 0, 0
465249, 979, 1, 0, 0
465349, 1010, 1, 0, 0
465449, 960, 1, 0, 0
465549, 990, 1, 0, 0
465649, 960, 1, 0, 0
465749, 1000, 1, 0, 0
465849, 990, 1, 0, 0
465949, 920, 1, 0, 0
466049, 940, 1, 0, 0
466149, 980, 1, 0, 0
466249, 949, 1, 0, 0
466349, 1010, 1, 0, 0
466449, 1000, 1, 0, 0
466549, 1000, 1, 0, 0
466649, 980, 1, 0, 0
466749, 1010, 1, 0, 0
466849, 980, 1, 0, 0
466949, 980, 1, 0, 0
467049, 1010, 1, 0, 0
467149, 1010, 1, 0, 0
467249, 1000, 1, 0, 0
467349, 990, 1, 0, 0
467450, 1000, 1, 0, 0
467550, 950, 1, 0, 0
467650, 950, 1, 0, 0
467749, 969, 1, 0, 0
467849, 1020, 1, 0, 0
467949, 990, 1, 0, 0
468049, 940, 1, 0, 0
468149, 980, 1, 0, 0
468249, 940, 1, 0, 0
468349, 950, 1, 0, 0
468449, 920, 1, 0, 0
468549, 980, 1, 0, 0
468650, 910, 1, 0, 0
468749, 969, 1, 0, 0
468849, 940, 1, 0, 0
468949, 980, 1, 0, 0
469049, 960, 1, 0, 0
469149, 970, 1, 0, 0
469249, 970, 1, 0, 0
469349, 960, 1, 0, 0
469449, 990, 1, 0, 0
469549, 960, 1, 0, 0
469649, 1020, 1, 0, 0
469749, 990, 1, 0, 0
469849, 950, 1, 0, 0
469949, 990, 1, 0, 0
470050, 1010, 1, 0, 0
470150, 980, 1, 0, 0
470249, 959, 1, 0, 0
470349, 990, 1, 0, 0
470449, 1010, 1, 0, 0
470549, 1020, 1, 0, 0
470649, 960, 1, 0, 0
470749, 1010, 1, 0, 0
470849, 990, 1, 0, 0
470949, 930, 1, 0, 0
471049, 950, 1, 0, 0
471149, 1010, 1, 0, 0
471250, 1000, 1, 0, 0
471350, 1000, 1, 0, 0
471450, 980, 1, 0, 0
471550, 990, 1, 0, 0
471650, 950, 1, 0, 0
471749, 949, 1, 0, 0
471849, 960, 1, 0, 0
471949, 980, 1, 0, 0
472049, 960, 1, 0, 0
472149, 980, 1, 0, 0
472249, 990, 1, 0, 0
472349, 1000, 1, 0, 0
472449, 970, 1, 0, 0
472549, 1020, 1, 0, 0
472650, 990, 1, 0, 0
472749, 929, 1, 0, 0
472849, 950, 1, 0, 0
472949, 1010, 1, 0, 0
473049, 990, 1, 0, 0
473149, 1000, 1, 0, 0
473249, 960, 1, 0, 0
473349, 1000, 1, 0, 0
473449, 980, 1, 0, 0
473549, 970, 1, 0, 0
473649, 950, 1, 0, 0
473749, 920, 1, 0, 0
473849, 930, 1, 0, 0
473949, 970, 1, 0, 0
474050, 950, 1, 0, 0
474150, 960, 1, 0, 0
474249, 1010, 1, 0, 0
474349, 1010, 1, 0, 0
474449, 970, 1, 0, 0
474549, 1010, 1, 0, 0
474649, 960, 1, 0, 0
474749, 1000, 1, 0, 0
474849, 990, 1, 0, 0
474949, 1000, 1, 0, 0
475049, 990, 1, 0, 0
475149, 970, 1, 0, 0
475249, 969, 1, 0, 0
475349, 1010, 1, 0, 0
475449, 1030, 1, 0, 0
475549, 1030, 1, 0, 0
475649, 970, 1, 0, 0
475749, 1000, 1, 0, 0
475849, 1010, 1, 0, 0
475949, 980, 1, 0, 0
476049, 970, 1, 0, 0
476149, 1000, 1, 0, 0
476249, 1020, 1, 0, 0
476349, 1030, 1, 0, 0
476449, 1020, 1, 0, 0
476550, 990, 1, 0, 0
476650, 980, 1, 0, 0
476749, 1020, 1, 0, 0
476849, 950, 1, 0, 0
476949, 990, 1, 0, 0
477049, 930, 1, 0, 0
477149, 1000, 1, 0, 0
477249, 970, 1, 0, 0
477349, 950, 1, 0, 0
477449, 960, 1, 0, 0
477549, 1000, 1, 0, 0
477649, 1030, 1, 0, 0
477749, 970, 1, 0, 0
477849, 1000, 1, 0, 0
477950, 970, 1, 0, 0
478050, 990, 1, 0, 0
478150, 990, 1, 0, 0
478249, 1000, 1, 0, 0
478349, 990, 1, 0, 0
478449, 1020, 1, 0, 0
478549, 1000, 1, 0, 0
478649, 1000, 1, 0, 0
478749, 960, 1, 0, 0
478849, 960, 1, 0, 0
478949, 990, 1, 0, 0
479049, 970, 1, 0, 0
479149, 1010, 1, 0, 0
479250, 940, 1, 0, 0
479350, 990, 1, 0, 0
479450, 1000, 1, 0, 0
479550, 910, 1, 0, 0
479650, 1020, 1, 0, 0
479749, 939, 1, 0, 0
479849, 1010, 1, 0, 0
479949, 1000, 1, 0, 0
480049, 980, 1, 0, 0
480149, 950, 1, 0, 0
480249, 980, 1, 0, 0
480349, 1040, 1, 0, 0
480449, 980, 1, 0, 0
480550, 940, 1, 0, 0
480650, 1000, 1, 0, 0
480749, 1050, 1, 0, 0
480849, 960, 1, 0, 0
480949, 970, 1, 0, 0
481049, 1000, 1, 0, 0
481149, 990, 1, 0, 0
481249, 960, 1, 0, 0
481349, 1000, 1, 0, 0
481449, 980, 1, 0, 0
481549, 970, 1, 0, 0
481649, 1010, 1, 0, 0
481750, 980, 1, 0, 0
481850, 950, 1, 0, 0
481950, 910, 1, 0, 0
482050, 980, 1, 0, 0
482150, 960, 1, 0, 0
482249, 949, 1, 0, 0
482349, 950, 1, 0, 0
482449, 980, 1, 0, 0
482549, 930, 1, 0, 0
482649, 960, 1, 0, 0
482749, 980, 1, 0, 0
482849, 980, 1, 0, 0
482949, 930, 1, 0, 0
483050, 950, 1, 0, 0
483150, 1000, 1, 0, 0
483249, 949, 1, 0, 0
483349, 960, 1, 0, 0
483449, 970, 1, 0, 0
483549, 940, 1, 0, 0
483649, 960, 1, 0, 0
483749, 980, 1, 0, 0
483849, 970, 1, 0, 0
483949, 980, 1, 0, 0
484049, 950, 1, 0, 0
484149, 1010, 1, 0, 0
484249, 930, 1, 0, 0
484350, 950, 1, 0, 0
484450, 960, 1, 0, 0
484550, 900, 1, 0, 0
484650, 920, 1, 0, 0
484749, 979, 1, 0, 0
484849, 920, 1, 0, 0
484949, 990, 1, 0, 0
485049, 970, 1, 0, 0
485149, 980, 1, 0, 0
485249, 980, 1, 0, 0
485349, 920, 1, 0, 0
485449, 940, 1, 0, 0
485550, 970, 1, 0, 0
485650, 980, 1, 0, 0
485749, 939, 1, 0, 0
485849, 980, 1, 0, 0
485949, 970, 1, 0, 0
486049, 950, 1, 0, 0
486149, 990, 1, 0, 0
486249, 980, 1, 0, 0
486349, 930, 1, 0, 0
486449, 960, 1, 0, 0
486549, 970, 1, 0, 0
486649, 1000, 1, 0, 0
486750, 980, 1, 0, 0
486850, 950, 1, 0, 0
486950, 1010, 1, 0, 0
487050, 990, 1, 0, 0
487150, 960, 1, 0, 0
487249, 959, 1, 0, 0
487349, 970, 1, 0, 0
487449, 970, 1, 0, 0
487549, 1010, 1, 0, 0
487649, 990, 1, 0, 0
487749, 960, 1, 0, 0
487849, 970, 1, 0, 0
487949, 950, 1, 0, 0
488050, 970, 1, 0, 0
488150, 970, 1, 0, 0
488249, 1020, 1, 0, 0
488349, 960, 1, 0, 0
488449, 970, 1, 0, 0
488549, 990, 1, 0, 0
488649, 1000, 1, 0, 0
488749, 970, 1, 0, 0
488849, 900, 1, 0, 0
488949, 940, 1, 0, 0
489049, 970, 1, 0, 0
489149, 1010, 1, 0, 0
489250, 940, 1, 0, 0
489350, 980, 1, 0, 0
489450, 990, 1, 0, 0
489550, 970, 1, 0, 0
489650, 970, 1, 0, 0
489749, 989, 1, 0, 0
489849, 970, 1, 0, 0
489949, 980, 1, 0, 0
490049, 1000, 1, 0, 0
490149, 920, 1, 0, 0
490249, 990, 1, 0, 0
490349, 960, 1, 0, 0
490449, 970, 1, 0, 0
490550, 990, 1, 0, 0
490650, 1010, 1, 0, 0
490749, 979, 1, 0, 0
490849, 1000, 1, 0, 0
490949, 940, 1, 0, 0
491049, 960, 1, 0, 0
491149, 1010, 1, 0, 0
491249, 1000, 1, 0, 0
491349, 1020, 1, 0, 0
491449, 990, 1, 0, 0
491549, 980, 1, 0, 0
491649, 970, 1, 0, 0
491749, 970, 1, 0, 0
491850, 960, 1, 0, 0
491950, 980, 1, 0, 0
492050, 980, 1, 0, 0
492150, 940, 1, 0, 0
492249, 878, 1, 0, 0
492349, 940, 1, 0, 0
492449, 910, 1, 0, 0
492549, 950, 1, 0, 0
492649, 950, 1, 0, 0
492749, 1000, 1, 0, 0
492849, 940, 1, 0, 0
492949, 1000, 1, 0, 0
493050, 960, 1, 0, 0
493150, 940, 1, 0, 0
493249, 909, 1, 0, 0
493349, 990, 1, 0, 0
493449, 980, 1, 0, 0
493549, 950, 1, 0, 0
493649, 950, 1, 0, 0
493749, 1000, 1, 0, 0
493849, 950, 1, 0, 0
493949, 980, 1, 0, 0
494049, 960, 1, 0, 0
494149, 970, 1, 0, 0
494250, 980, 1, 0, 0
494350, 1000, 1, 0, 0
494450, 900, 1, 0, 0
494550, 930, 1, 0, 0
494650, 960, 1, 0, 0
494749, 919, 1, 0, 0
494849, 970, 1, 0, 0
494949, 920, 1, 0, 0
495049, 970, 1, 0, 0
495149, 920, 1, 0, 0
495249, 960, 1, 0, 0
495349, 950, 1, 0, 0
495449, 940, 1, 0, 0
495549, 930, 1, 0, 0
495650, 910, 1, 0, 0
495749, 979, 1, 0, 0
495849, 970, 1, 0, 0
495949, 970, 1, 0, 0
496049, 960, 1, 0, 0
496149, 970, 1, 0, 0
496249, 970, 1, 0, 0
496349, 930, 1, 0, 0
496449, 950, 1, 0, 0
496549, 960, 1, 0, 0
496649, 1000, 1, 0, 0
496749, 970, 1, 0, 0
496849, 940, 1, 0, 0
496949, 920, 1, 0, 0
497050, 970, 1, 0, 0
497150, 960, 1, 0, 0
497249, 979, 1, 0, 0
497349, 970, 1, 0, 0
497449, 960, 1, 0, 0
497549, 970, 1, 0, 0
497649, 960, 1, 0, 0
497749, 930, 1, 0, 0
497849, 920, 1, 0, 0
497949, 880, 1, 0, 0
498049, 920, 1, 0, 0
498149, 930, 1, 0, 0
498250, 950, 1, 0, 0
498350, 970, 1, 0, 0
498450, 910, 1, 0, 0
498550, 960, 1, 0, 0
498650, 900, 1, 0, 0
498749, 959, 1, 0, 0
498849, 910, 1, 0, 0
498949, 930, 1, 0, 0
499049, 980, 1, 0, 0
499149, 970, 1, 0, 0
499249, 1000, 1, 0, 0
499349, 980, 1, 0, 0
499449, 1010, 1, 0, 0
499549, 970, 1, 0, 0
499649, 980, 1, 0, 0
499749, 1020, 1, 0, 0
499849, 990, 1, 0, 0
499949, 960, 1, 0, 0
500049, 980, 1, 0, 0
500149, 960, 1, 0, 0
500249, 1000, 1, 0, 0
500349, 990, 1, 0, 0
500449, 970, 1, 0, 0
500549, 970, 1, 0, 0
500649, 970, 1, 0, 0
500749, 980, 1, 0, 0
500849, 1010, 1, 0, 0
500949, 990, 1, 0, 0
501050, 990, 1, 0, 0
501150, 990, 1, 0, 0
501249, 1000, 1, 0, 0
501349, 970, 1, 0, 0
501449, 1020, 1, 0, 0
501549, 960, 1, 0, 0
501649, 970, 1, 0, 0
501749, 990, 1, 0, 0
501849, 970, 1, 0, 0
501949, 960, 1, 0, 0
502049, 1040, 1, 0, 0
502149, 1040, 1, 0, 0
502249, 1050, 1, 0, 0
502349, 970, 1, 0, 0
502450, 970, 1, 0, 0
502550, 950, 1, 0, 0
502650, 930, 1, 0, 0
502749, 989, 1, 0, 0
502849, 940, 1, 0, 0
502949, 970, 1, 0, 0
503049, 980, 1, 0, 0
503149, 1000, 1, 0, 0
503249, 1010, 1, 0, 0
503349, 990, 1, 0, 0
503449, 1040, 1, 0, 0
503549, 1000, 1, 0, 0
503649, 1030, 1, 0, 0
503749, 1060, 1, 0, 0
503849, 1010, 1, 0, 0
503949, 1030, 1, 0, 0
504049, 960, 1, 0, 0
504149, 940, 1, 0, 0
504249, 990, 1, 0, 0
504349, 980, 1, 0, 0
504449, 990, 1, 0, 0
504549, 960, 1, 0, 0
504649, 980, 1, 0, 0
504749, 1010, 1, 0, 0
504849, 980, 1, 0, 0
504949, 1020, 1, 0, 0
505050, 1000, 1, 0, 0
505150, 980, 1, 0, 0
505249, 989, 1, 0, 0
505349, 980, 1, 0, 0
505449, 1000, 1, 0, 0
505549, 970, 1, 0, 0
505649, 990, 1, 0, 0
505749, 940, 1, 0, 0
505849, 1020, 1, 0, 0
505949, 1030, 1, 0, 0
506049, 1020, 1, 0, 0
506149, 1020, 1, 0, 0
506249, 980, 1, 0, 0
506350, 1020, 1, 0, 0
506450, 1000, 1, 0, 0
506550, 980, 1, 0, 0
506650, 1010, 1, 0, 0
506749, 969, 1, 0, 0
506849, 970, 1, 0, 0
506949, 950, 1, 0, 0
507049, 1000, 1, 0, 0
507149, 980, 1, 0, 0
507249, 920, 1, 0, 0
507349, 990, 1, 0, 0
507449, 970, 1, 0, 0
507549, 1010, 1, 0, 0
507649, 980, 1, 0, 0
507750, 1010, 1, 0, 0
507850, 1000, 1, 0, 0
507950, 960, 1, 0, 0
508050, 980, 1, 0, 0
508150, 970, 1, 0, 0
508249, 979, 1, 0, 0
508349, 1010, 1, 0, 0
508449, 960, 1, 0, 0
508549, 990, 1, 0, 0
508649, 980, 1, 0, 0
508749, 1000, 1, 0, 0
508849, 1010, 1, 0, 0
508949, 940, 1, 0, 0
509049, 950, 1, 0, 0
509149, 960, 1, 0, 0
509249, 959, 1, 0, 0
509349, 1000, 1, 0, 0
509449, 990, 1, 0, 0
509549, 980, 1, 0, 0
509649, 1020, 1, 0, 0
509749, 990, 1, 0, 0
509849, 970, 1, 0, 0
509949, 980, 1, 0, 0
510049, 990, 1, 0, 0
510149, 980, 1, 0, 0
510249, 970, 1, 0, 0
510349, 1020, 1, 0, 0
510449, 1000, 1, 0, 0
510550, 990, 1, 0, 0
510650, 990, 1, 0, 0
510749, 989, 1, 0, 0
510849, 1000, 1, 0, 0
510949, 990, 1, 0, 0
511049, 1000, 1, 0, 0
511149, 1000, 1, 0, 0
511249, 960, 1, 0, 0
511349, 990, 1, 0, 0
511449, 980, 1, 0, 0
511549, 950, 1, 0, 0
511649, 990, 1, 0, 0
511750, 1010, 1, 0, 0
511850, 960, 1, 0, 0
511950, 980, 1, 0, 0
512050, 960, 1, 0, 0
512150, 1000, 1, 0, 0
512249, 969, 1, 0, 0
512349, 1010, 1, 0, 0
512449, 1010, 1, 0, 0
512549, 980, 1, 0, 0
512649, 970, 1, 0, 0
512749, 960, 1, 0, 0
512849, 930, 1, 0, 0
512949, 980, 1, 0, 0
513050, 980, 1, 0, 0
513150, 990, 1, 0, 0
513249, 969, 1, 0, 0
513349, 970, 1, 0, 0
513449, 1000, 1, 0, 0
513549, 970, 1, 0, 0
513649, 960, 1, 0, 0
513749, 980, 1, 0, 0
513849, 980, 1, 0, 0
513949, 980, 1, 0, 0
514049, 1010, 1, 0, 0
514149, 1000, 1, 0, 0
514249, 1010, 1, 0, 0
514350, 1010, 1, 0, 0
514450, 980, 1, 0, 0
514550, 950, 1, 0, 0
514650, 1020, 1, 0, 0
514749, 969, 1, 0, 0
514849, 940, 1, 0, 0
514949, 990, 1, 0, 0
515049, 990, 1, 0, 0
515149, 990, 1, 0, 0
515249, 990, 1, 0, 0
515349, 1000, 1, 0, 0
515449, 960, 1, 0, 0
515549, 980, 1, 0, 0
515650, 940, 1, 0, 0
515749, 969, 1, 0, 0
515849, 960, 1, 0, 0
515949, 1010, 1, 0, 0
516049, 1000, 1, 0, 0
516149, 1030, 1, 0, 0
516249, 980, 1, 0, 0
516349, 1010, 1, 0, 0
516449, 950, 1, 0, 0
516549, 980, 1, 0, 0
516649, 990, 1, 0, 0
516749, 1000, 1, 0, 0
516850, 960, 1, 0, 0
516950, 1020, 1, 0, 0
517050, 1040, 1, 0, 0
517150, 1000, 1, 0, 0
517249, 1000, 1, 0, 0
517349, 1000, 1, 0, 0
517449, 1000, 1, 0, 0
517549, 1020, 1, 0, 0
517649, 960, 1, 0, 0
517749, 950, 1, 0, 0
517849, 1010, 1, 0, 0
517949, 980, 1, 0, 0
518049, 1010, 1, 0, 0
518150, 980, 1, 0, 0
518249, 969, 1, 0, 0
518349, 950, 1, 0, 0
518449, 980, 1, 0, 0
518549, 990, 1, 0, 0
518649, 970, 1, 0, 0
518749, 1000, 1, 0, 0
518849, 1010, 1, 0, 0
518949, 1000, 1, 0, 0
519049, 1010, 1, 0, 0
519149, 990, 1, 0, 0
519249, 1000, 1, 0, 0
519350, 950, 1, 0, 0
519450, 1010, 1, 0, 0
519550, 1020, 1, 0, 0
519650, 1020, 1, 0, 0
519749, 939, 1, 0, 0
519849, 950, 1, 0, 0
519949, 1000, 1, 0, 0
520049, 1010, 1, 0, 0
520149, 1010, 1, 0, 0
520249, 980, 1, 0, 0
520349, 1010, 1, 0, 0
520449, 1000, 1, 0, 0
520549, 1020, 1, 0, 0
520650, 1010, 1, 0, 0
520749, 989, 1, 0, 0
520849, 990, 1, 0, 0
520949, 1000, 1, 0, 0
521049, 990, 1, 0, 0
521149, 930, 1, 0, 0
521249, 1000, 1, 0, 0
521349, 990, 1, 0, 0
521449, 1040, 1, 0, 0
521549, 1020, 1, 0, 0
521649, 1030, 1, 0, 0
521749, 1000, 1, 0, 0
521850, 960, 1, 0, 0
521950, 980, 1, 0, 0
522050, 1000, 1, 0, 0
522150, 980, 1, 0, 0
522249, 1000, 1, 0, 0
522349, 1000, 1, 0, 0
522449, 1000, 1, 0, 0
522549, 990, 1, 0, 0
522649, 1000, 1, 0, 0
522749, 1010, 1, 0, 0
522849, 990, 1, 0, 0
522949, 1030, 1, 0, 0
523050, 960, 1, 0, 0
523150, 960, 1, 0, 0
523249, 989, 1, 0, 0
523349, 1050, 1, 0, 0
523449, 970, 1, 0, 0
523549, 990, 1, 0, 0
523649, 1050, 1, 0, 0
523749, 1010, 1, 0, 0
523849, 990, 1, 0, 0
523949, 1000, 1, 0, 0
524049, 970, 1, 0, 0
524149, 960, 1, 0, 0
524250, 990, 1, 0, 0
524350, 980, 1, 0, 0
524450, 980, 1, 0, 0
524550, 980, 1, 0, 0
524650, 990, 1, 0, 0
524749, 979, 1, 0, 0
524849, 960, 1, 0, 0
524949, 990, 1, 0, 0
525049, 1000, 1, 0, 0
525149, 990, 1, 0, 0
525249, 990, 1, 0, 0
525349, 970, 1, 0, 0
525449, 970, 1, 0, 0
525550, 1010, 1, 0, 0
525650, 1000, 1, 0, 0
525749, 1010, 1, 0, 0
525849, 980, 1, 0, 0
525949, 950, 1, 0, 0
526049, 1010, 1, 0, 0
526149, 1000, 1, 0, 0
526249, 1040, 1, 0, 0
526349, 970, 1, 0, 0
526449, 990, 1, 0, 0
526549, 990, 1, 0, 0
526649, 970, 1, 0, 0
526749, 990, 1, 0, 0
526849, 950, 1, 0, 0
526950, 1000, 1, 0, 0
527050, 990, 1, 0, 0
527150, 970, 1, 0, 0
527249, 969, 1, 0, 0
527349, 980, 1, 0, 0
527449, 1020, 1, 0, 0
527549, 1000, 1, 0, 0
527649, 920, 1, 0, 0
527749, 1020, 1, 0, 0
527849, 1000, 1, 0, 0
527949, 1020, 1, 0, 0
528049, 1010, 1, 0, 0
528149, 960, 1, 0, 0
528249, 1000, 1, 0, 0
528349, 950, 1, 0, 0
528449, 1020, 1, 0, 0
528549, 980, 1, 0, 0
528649, 1030, 1, 0, 0
528749, 950, 1, 0, 0
528849, 1000, 1, 0, 0
528949, 990, 1, 0, 0
529049, 1030, 1, 0, 0
529149, 1000, 1, 0, 0
529249, 970, 1, 0, 0
529349, 980, 1, 0, 0
529449, 1010, 1, 0, 0
529550, 1020, 1, 0, 0
529650, 1020, 1, 0, 0
529749, 979, 1, 0, 0
529849, 950, 1, 0, 0
529949, 970, 1, 0, 0
530049, 990, 1, 0, 0
530149, 970, 1, 0, 0
530249, 1010, 1, 0, 0
530349, 960, 1, 0, 0
530449, 960, 1, 0, 0
530549, 960, 1, 0, 0
530649, 1000, 1, 0, 0
530749, 950, 1, 0, 0
530850, 960, 1, 0, 0
530950, 980, 1, 0, 0
531050, 990, 1, 0, 0
531150, 1010, 1, 0, 0
531249, 1010, 1, 0, 0
531349, 970, 1, 0, 0
531449, 960, 1, 0, 0
531549, 980, 1, 0, 0
531649, 930, 1, 0, 0
531749, 940, 1, 0, 0
531849, 930, 1, 0, 0
531949, 980, 1, 0, 0
532049, 920, 1, 0, 0
532150, 920, 1, 0, 0
532249, 1020, 1, 0, 0
532349, 970, 1, 0, 0
532449, 960, 1, 0, 0
532549, 970, 1, 0, 0
532649, 970, 1, 0, 0
532749, 980, 1, 0, 0
532849, 980, 1, 0, 0
532949, 990, 1, 0, 0
533049, 1010, 1, 0, 0
533149, 1020, 1, 0, 0
533249, 930, 1, 0, 0
533349, 960, 1, 0, 0
533449, 930, 1, 0, 0
533550, 960, 1, 0, 0
533650, 930, 1, 0, 0
533749, 989, 1, 0, 0
533849, 990, 1, 0, 0
533949, 980, 1, 0, 0
534049, 950, 1, 0, 0
534149, 960, 1, 0, 0
534249, 950, 1, 0, 0
534349, 960, 1, 0, 0
534449, 930, 1, 0, 0
534549, 970, 1, 0, 0
534649, 960, 1, 0, 0
534749, 1010, 1, 0, 0
534849, 1000, 1, 0, 0
534949, 970, 1, 0, 0
535049, 1000, 1, 0, 0
535149, 980, 1, 0, 0
535249, 970, 1, 0, 0
535349, 950, 1, 0, 0
535449, 960, 1, 0, 0
535549, 930, 1, 0, 0
535649, 1010, 1, 0, 0
535749, 910, 1, 0, 0
535849, 970, 1, 0, 0
535949, 990, 1, 0, 0
536050, 990, 1, 0, 0
536150, 990, 1, 0, 0
536249, 989, 1, 0, 0
536349, 960, 1, 0, 0
536449, 960, 1, 0, 0
536549, 980, 1, 0, 0
536649, 960, 1, 0, 0
536749, 960, 1, 0, 0
536849, 1020, 1, 0, 0
536949, 950, 1, 0, 0
537049, 960, 1, 0, 0
537149, 990, 1, 0, 0
537249, 980, 1, 0, 0
537350, 960, 1, 0, 0
537450, 930, 1, 0, 0
537550, 1000, 1, 0, 0
537650, 970, 1, 0, 0
537749, 969, 1, 0, 0
537849, 1030, 1, 0, 0
537949, 980, 1, 0, 0
538049, 1030, 1, 0, 0
538149, 950, 1, 0, 0
538249, 970, 1, 0, 0
538349, 960, 1, 0, 0
538449, 1010, 1, 0, 0
538549, 990, 1, 0, 0
538650, 950, 1, 0, 0
538749, 979, 1, 0, 0
538849, 970, 1, 0, 0
538949, 990, 1, 0, 0
539049, 960, 1, 0, 0
539149, 980, 1, 0, 0
539249, 960, 1, 0, 0
539349, 950, 1, 0, 0
539449, 990, 1, 0, 0
539549, 1000, 1, 0, 0
539649, 980, 1, 0, 0
539749, 960, 1, 0, 0
539849, 980, 1, 0, 0
539949, 980, 1, 0, 0
540050, 1010, 1, 0, 0
540150, 990, 1, 0, 0
540249, 979, 1, 0, 0
540349, 1030, 1, 0, 0
540449, 970, 1, 0, 0
540549, 1040, 1, 0, 0
540649, 990, 1, 0, 0
540749, 1020, 1, 0, 0
540849, 980, 1, 0, 0
540949, 960, 1, 0, 0
541049, 980, 1, 0, 0
541149, 1000, 1, 0, 0
541249, 970, 1, 0, 0
541350, 970, 1, 0, 0
541450, 970, 1, 0, 0
541550, 1030, 1, 0, 0
541650, 980, 1, 0, 0
541749, 979, 1, 0, 0
541849, 950, 1, 0, 0
541949, 1050, 1, 0, 0
542049, 970, 1, 0, 0
542149, 1040, 1, 0, 0
542249, 1020, 1, 0, 0
542349, 940, 1, 0, 0
542449, 970, 1, 0, 0
542549, 960, 1, 0, 0
542650, 1040, 1, 0, 0
542749, 989, 1, 0, 0
542849, 980, 1, 0, 0
542949, 990, 1, 0, 0
543049, 950, 1, 0, 0
543149, 970, 1, 0, 0
543249, 1020, 1, 0, 0
543349, 1000, 1, 0, 0
543449, 1010, 1, 0, 0
543549, 1010, 1, 0, 0
543649, 970, 1, 0, 0
543750, 970, 1, 0, 0
543850, 970, 1, 0, 0
543950, 970, 1, 0, 0
544050, 990, 1, 0, 0
544150, 1040, 1, 0, 0
544249, 1010, 1, 0, 0
544349, 990, 1, 0, 0
544449, 990, 1, 0, 0
544549, 990, 1, 0, 0
544649, 980, 1, 0, 0
544749, 1010, 1, 0, 0
544849, 990, 1, 0, 0
544949, 1010, 1, 0, 0
545050, 980, 1, 0, 0
545150, 1000, 1, 0, 0
545249, 989, 1, 0, 0
545349, 1000, 1, 0, 0
545449, 990, 1, 0, 0
545549, 990, 1, 0, 0
545649, 1000, 1, 0, 0
545749, 1000, 1, 0, 0
545849, 1000, 1, 0, 0
545949, 1010, 1, 0, 0
546049, 1040, 1, 0, 0
546149, 1000, 1, 0, 0
546249, 1030, 1, 0, 0
546350, 990, 1, 0, 0
546450, 1010, 1, 0, 0
546550, 1010, 1, 0, 0
546650, 1000, 1, 0, 0
546749, 989, 1, 0, 0
546849, 1010, 1, 0, 0
546949, 1030, 1, 0, 0
547049, 980, 1, 0, 0
547149, 1020, 1, 0, 0
547249, 1000, 1, 0, 0
547349, 1010, 1, 0, 0
547449, 1020, 1, 0, 0
547549, 1020, 1, 0, 0
547650, 1040, 1, 0, 0
547749, 1000, 1, 0, 0
547849, 1020, 1, 0, 0
547949, 1030, 1, 0, 0
548049, 990, 1, 0, 0
548149, 1010, 1, 0, 0
548249, 1020, 1, 0, 0
548349, 1020, 1, 0, 0
548449, 1010, 1, 0, 0
548549, 1000, 1, 0, 0
548649, 1000, 1, 0, 0
548749, 960, 1, 0, 0
548849, 950, 1, 0, 0
548950, 1010, 1, 0, 0
549050, 980, 1, 0, 0
549150, 1000, 1, 0, 0
549249, 1020, 1, 0, 0
549349, 1000, 1, 0, 0
549449, 980, 1, 0, 0
549549, 1000, 1, 0, 0
549649, 990, 1, 0, 0
549749, 1020, 1, 0, 0
549849, 1000, 1, 0, 0
549949, 980, 1, 0, 0
550049, 1000, 1, 0, 0
550149, 1020, 1, 0, 0
550249, 1020, 1, 0, 0
550349, 1010, 1, 0, 0
550449, 970, 1, 0, 0
550549, 990, 1, 0, 0
550649, 1020, 1, 0, 0
550749, 1060, 1, 0, 0
550849, 1010, 1, 0, 0
550949, 1040, 1, 0, 0
551049, 980, 1, 0, 0
551149, 1010, 1, 0, 0
551249, 1000, 1, 0, 0
551349, 970, 1, 0, 0
551449, 1000, 1, 0, 0
551550, 1000, 1, 0, 0
551650, 1010, 1, 0, 0
551749, 959, 1, 0, 0
551849, 980, 1, 0, 0
551949, 1010, 1, 0, 0
552049, 990, 1, 0, 0
552149, 980, 1, 0, 0
552249, 1010, 1, 0, 0
552349, 970, 1, 0, 0
552449, 980, 1, 0, 0
552549, 990, 1, 0, 0
552649, 990, 1, 0, 0
552750, 980, 1, 0, 0
552850, 1000, 1, 0, 0
552950, 990, 1, 0, 0
553050, 1000, 1, 0, 0
553150, 960, 1, 0, 0
553249, 969, 1, 0, 0
553349, 980, 1, 0, 0
553449, 980, 1, 0, 0
553549, 990, 1, 0, 0
553649, 940, 1, 0, 0
553749, 1010, 1, 0, 0
553849, 970, 1, 0, 0
553949, 1010, 1, 0, 0
554050, 970, 1, 0, 0
554150, 1010, 1, 0, 0
554249, 1010, 1, 0, 0
554349, 980, 1, 0, 0
554449, 1010, 1, 0, 0
554549, 1000, 1, 0, 0
554649, 990, 1, 0, 0
554749, 1000, 1, 0, 0
554849, 1000, 1, 0, 0
554949, 1020, 1, 0, 0
555049, 960, 1, 0, 0
555149, 1020, 1, 0, 0
555250, 990, 1, 0, 0
555350, 980, 1, 0, 0
555450, 990, 1, 0, 0
555550, 980, 1, 0, 0
555650, 980, 1, 0, 0
555749, 969, 1, 0, 0
555849, 1000, 1, 0, 0
555949, 1010, 1, 0, 0
556049, 950, 1, 0, 0
556149, 990, 1, 0, 0
556249, 1010, 1, 0, 0
556349, 1020, 1, 0, 0
556449, 1020, 1, 0, 0
556550, 970, 1, 0, 0
556650, 980, 1, 0, 0
556749, 1000, 1, 0, 0
556849, 1030, 1, 0, 0
556949, 1000, 1, 0, 0
557049, 1050, 1, 0, 0
557149, 1020, 1, 0, 0
557249, 920, 1, 0, 0
557349, 980, 1, 0, 0
557449, 1010, 1, 0, 0
557549, 1000, 1, 0, 0
557649, 990, 1, 0, 0
557750, 1010, 1, 0, 0
557850, 1010, 1, 0, 0
557950, 990, 1, 0, 0
558050, 980, 1, 0, 0
558150, 980, 1, 0, 0
558249, 919, 1, 0, 0
558349, 1000, 1, 0, 0
558449, 980, 1, 0, 0
558549, 1020, 1, 0, 0
558649, 1010, 1, 0, 0
558749, 1020, 1, 0, 0
558849, 1000, 1, 0, 0
558949, 980, 1, 0, 0
559050, 960, 1, 0, 0
559150, 1000, 1, 0, 0
559249, 989, 1, 0, 0
559349, 1030, 1, 0, 0
559449, 1020, 1, 0, 0
559549, 1000, 1, 0, 0
559649, 990, 1, 0, 0
559749, 980, 1, 0, 0
559849, 1010, 1, 0, 0
559949, 980, 1, 0, 0
560049, 980, 1, 0, 0
560149, 1020, 1, 0, 0
560249, 970, 1, 0, 0
560350, 980, 1, 0, 0
560450, 1050, 1, 0, 0
560550, 990, 1, 0, 0
560650, 970, 1, 0, 0
560749, 1010, 1, 0, 0
560849, 970, 1, 0, 0
560949, 990, 1, 0, 0
561049, 1010, 1, 0, 0
561149, 1010, 1, 0, 0
561249, 1010, 1, 0, 0
561349, 1010, 1, 0, 0
561449, 970, 1, 0, 0
561549, 980, 1, 0, 0
561650, 960, 1, 0, 0
561749, 989, 1, 0, 0
561849, 970, 1, 0, 0
561949, 980, 1, 0, 0
562049, 1010, 1, 0, 0
562149, 990, 1, 0, 0
562249, 920, 1, 0, 0
562349, 990, 1, 0, 0
562449, 960, 1, 0, 0
562549, 990, 1, 0, 0
562649, 950, 1, 0, 0
562749, 1010, 1, 0, 0
562850, 970, 1, 0, 0
562950, 1020, 1, 0, 0
563050, 990, 1, 0, 0
563150, 1010, 1, 0, 0
563249, 979, 1, 0, 0
563349, 970, 1, 0, 0
563449, 960, 1, 0, 0
563549, 990, 1, 0, 0
563649, 970, 1, 0, 0
563749, 1030, 1, 0, 0
563849, 1010, 1, 0, 0
563949, 980, 1, 0, 0
564049, 990, 1, 0, 0
564149, 970, 1, 0, 0
564249, 949, 1, 0, 0
564349, 960, 1, 0, 0
564449, 1000, 1, 0, 0
564549, 950, 1, 0, 0
564649, 950, 1, 0, 0
564749, 950, 1, 0, 0
564849, 970, 1, 0, 0
564949, 950, 1, 0, 0
565049, 960, 1, 0, 0
565149, 960, 1, 0, 0
565249, 960, 1, 0, 0
565350, 930, 1, 0, 0
565450, 1000, 1, 0, 0
565550, 970, 1, 0, 0
565650, 960, 1, 0, 0
565749, 979, 1, 0, 0
565849, 980, 1, 0, 0
565949, 970, 1, 0, 0
566049, 960, 1, 0, 0
566149, 990, 1, 0, 0
566249, 970, 1, 0, 0
566349, 990, 1, 0, 0
566449, 990, 1, 0, 0
566549, 990, 1, 0, 0
566650, 1000, 1, 0, 0
566749, 959, 1, 0, 0
566849, 960, 1, 0, 0
566949, 1000, 1, 0, 0
567049, 1010, 1, 0, 0
567149, 940, 1, 0, 0
567249, 970, 1, 0, 0
567349, 930, 1, 0, 0
567449, 960, 1, 0, 0
567549, 980, 1, 0, 0
567649, 1000, 1, 0, 0
567749, 940, 1, 0, 0
567850, 950, 1, 0, 0
567950, 980, 1, 0, 0
568050, 1000, 1, 0, 0
568150, 990, 1, 0, 0
568249, 989, 1, 0, 0
568349, 990, 1, 0, 0
568449, 990, 1, 0, 0
568549, 990, 1, 0, 0
568649, 970, 1, 0, 0
568749, 920, 1, 0, 0
568849, 960, 1, 0, 0
568949, 980, 1, 0, 0
569049, 950, 1, 0, 0
569150, 1010, 1, 0, 0
569249, 1010, 1, 0, 0
569349, 970, 1, 0, 0
569449, 1010, 1, 0, 0
569549, 1020, 1, 0, 0
569649, 970, 1, 0, 0
569749, 970, 1, 0, 0
569849, 980, 1, 0, 0
569949, 930, 1, 0, 0
570049, 990, 1, 0, 0
570149, 940, 1, 0, 0
570250, 920, 1, 0, 0
570350, 960, 1, 0, 0
570450, 960, 1, 0, 0
570550, 930, 1, 0, 0
570650, 970, 1, 0, 0
570749, 919, 1, 0, 0
570849, 980, 1, 0, 0
570949, 960, 1, 0, 0
571049, 980, 1, 0, 0
571149, 980, 1, 0, 0
571249, 930, 1, 0, 0
571349, 990, 1, 0, 0
571449, 980, 1, 0, 0
571549, 920, 1, 0, 0
571650, 1010, 1, 0, 0
571749, 1000, 1, 0, 0
571849, 1000, 1, 0, 0
571949, 940, 1, 0, 0
572049, 990, 1, 0, 0
572149, 930, 1, 0, 0
572249, 920, 1, 0, 0
572349, 980, 1, 0, 0
572449, 990, 1, 0, 0
572549, 1010, 1, 0, 0
572649, 970, 1, 0, 0
572749, 990, 1, 0, 0
572849, 930, 1, 0, 0
572950, 970, 1, 0, 0
573050, 990, 1, 0, 0
573150, 1020, 1, 0, 0
573249, 1020, 1, 0, 0
573349, 1020, 1, 0, 0
573449, 990, 1, 0, 0
573549, 1020, 1, 0, 0
573649, 1000, 1, 0, 0
573749, 1030, 1, 0, 0
573849, 960, 1, 0, 0
573949, 990, 1, 0, 0
574049, 1060, 1, 0, 0
574150, 990, 1, 0, 0
574249, 969, 1, 0, 0
574349, 960, 1, 0, 0
574449, 1020, 1, 0, 0
574549, 930, 1, 0, 0
574649, 990, 1, 0, 0
574749, 1000, 1, 0, 0
574849, 1000, 1, 0, 0
574949, 990, 1, 0, 0
575049, 980, 1, 0, 0
575149, 960, 1, 0, 0
575249, 980, 1, 0, 0
575349, 1020, 1, 0, 0
575450, 1000, 1, 0, 0
575550, 1020, 1, 0, 0
575650, 1000, 1, 0, 0
575749, 989, 1, 0, 0
575849, 990, 1, 0, 0
575949, 1010, 1, 0, 0
576049, 990, 1, 0, 0
576149, 990, 1, 0, 0
576249, 920, 1, 0, 0
576349, 980, 1, 0, 0
576449, 960, 1, 0, 0
576549, 960, 1, 0, 0
576650, 950, 1, 0, 0
576749, 1010, 1, 0, 0
576849, 1010, 1, 0, 0
576949, 1010, 1, 0, 0
577049, 990, 1, 0, 0
577149, 960, 1, 0, 0
577249, 950, 1, 0, 0
577349, 970, 1, 0, 0
577449, 1010, 1, 0, 0
577549, 990, 1, 0, 0
577649, 990, 1, 0, 0
577749, 980, 1, 0, 0
577849, 980, 1, 0, 0
577949, 1000, 1, 0, 0
578050, 1010, 1, 0, 0
578150, 1010, 1, 0, 0
578249, 1010, 1, 0, 0
578349, 1000, 1, 0, 0
578449, 1040, 1, 0, 0
578549, 1020, 1, 0, 0
578649, 1080, 1, 0, 0
578749, 1010, 1, 0, 0
578849, 980, 1, 0, 0
578949, 1010, 1, 0, 0
579049, 990, 1, 0, 0
579149, 990, 1, 0, 0
579249, 1040, 1, 0, 0
579350, 990, 1, 0, 0
579450, 1000, 1, 0, 0
579550, 970, 1, 0, 0
579650, 1030, 1, 0, 0
579749, 1060, 1, 0, 0
579849, 1030, 1, 0, 0
579949, 950, 1, 0, 0
580049, 990, 1, 0, 0
580149, 1040, 1, 0, 0
580249, 980, 1, 0, 0
580349, 1020, 1, 0, 0
580449, 980, 1, 0, 0
580549, 940, 1, 0, 0
580649, 1010, 1, 0, 0
580749, 1000, 1, 0, 0
580849, 1030, 1, 0, 0
580949, 980, 1, 0, 0
581049, 1000, 1, 0, 0
581149, 1010, 1, 0, 0
581249, 980, 1, 0, 0
581349, 980, 1, 0, 0
581449, 970, 1, 0, 0
581549, 930, 1, 0, 0
581649, 1020, 1, 0, 0
581749, 1040, 1, 0, 0
581849, 960, 1, 0, 0
581949, 1010, 1, 0, 0
582050, 970, 1, 0, 0
582150, 960, 1, 0, 0
582249, 979, 1, 0, 0
582349, 1010, 1, 0, 0
582449, 950, 1, 0, 0
582549, 1030, 1, 0, 0
582649, 990, 1, 0, 0
582749, 1000, 1, 0, 0
582849, 980, 1, 0, 0
582949, 940, 1, 0, 0
583049, 1020, 1, 0, 0
583149, 1010, 1, 0, 0
583249, 1020, 1, 0, 0
583349, 1010, 1, 0, 0
583449, 990, 1, 0, 0
583550, 1010, 1, 0, 0
583650, 970, 1, 0, 0
583749, 969, 1, 0, 0
583849, 1020, 1, 0, 0
583949, 1060, 1, 0, 0
584049, 1000, 1, 0, 0
584149, 990, 1, 0, 0
584249, 1020, 1, 0, 0
584349, 1010, 1, 0, 0
584449, 1030, 1, 0, 0
584549, 1020, 1, 0, 0
584649, 1010, 1, 0, 0
584749, 1010, 1, 0, 0
584849, 980, 1, 0, 0
584950, 980, 1, 0, 0
585050, 1020, 1, 0, 0
585150, 960, 1, 0, 0
585249, 1010, 1, 0, 0
585349, 1000, 1, 0, 0
585449, 970, 1, 0, 0
585549, 970, 1, 0, 0
585649, 1000, 1, 0, 0
585749, 1000, 1, 0, 0
585849, 1020, 1, 0, 0
585949, 1070, 1, 0, 0
586049, 1010, 1, 0, 0
586149, 980, 1, 0, 0
586249, 1030, 1, 0, 0
586349, 990, 1, 0, 0
586450, 1050, 1, 0, 0
586550, 990, 1, 0, 0
586650, 990, 1, 0, 0
586749, 1010, 1, 0, 0
586849, 990, 1, 0, 0
586949, 1010, 1, 0, 0
587049, 1030, 1, 0, 0
587149, 990, 1, 0, 0
587249, 1010, 1, 0, 0
587349, 1020, 1, 0, 0
587449, 970, 1, 0, 0
587549, 1010, 1, 0, 0
587649, 1010, 1, 0, 0
587749, 989, 1, 0, 0
587849, 1000, 1, 0, 0
587949, 950, 1, 0, 0
588049, 980, 1, 0, 0
588149, 1000, 1, 0, 0
588249, 1000, 1, 0, 0
588349, 950, 1, 0, 0
588449, 970, 1, 0, 0
588549, 980, 1, 0, 0
588649, 970, 1, 0, 0
588749, 960, 1, 0, 0
588850, 970, 1, 0, 0
588950, 970, 1, 0, 0
589050, 970, 1, 0, 0
589150, 970, 1, 0, 0
589249, 979, 1, 0, 0
589349, 950, 1, 0, 0
589449, 1000, 1, 0, 0
589549, 970, 1, 0, 0
589649, 1010, 1, 0, 0
589749, 960, 1, 0, 0
589849, 950, 1, 0, 0
589949, 1030, 1, 0, 0
590049, 1000, 1, 0, 0
590150, 970, 1, 0, 0
590249, 1010, 1, 0, 0
590349, 960, 1, 0, 0
590449, 960, 1, 0, 0
590549, 1010, 1, 0, 0
590649, 1010, 1, 0, 0
590749, 1010, 1, 0, 0
590849, 990, 1, 0, 0
590949, 970, 1, 0, 0
591049, 1040, 1, 0, 0
591149, 960, 1, 0, 0
591250, 1000, 1, 0, 0
591350, 960, 1, 0, 0
591450, 980, 1, 0, 0
591550, 960, 1, 0, 0
591650, 950, 1, 0, 0
591749, 979, 1, 0, 0
591849, 1010, 1, 0, 0
591949, 940, 1, 0, 0
592049, 960, 1, 0, 0
592149, 960, 1, 0, 0
592249, 990, 1, 0, 0
592349, 990, 1, 0, 0
592449, 960, 1, 0, 0
592550, 960, 1, 0, 0
592650, 990, 1, 0, 0
592749, 949, 1, 0, 0
592849, 1030, 1, 0, 0
592949, 960, 1, 0, 0
593049, 980, 1, 0, 0
593149, 970, 1, 0, 0
593249, 990, 1, 0, 0
593349, 960, 1, 0, 0
593449, 990, 1, 0, 0
593549, 1070, 1, 0, 0
593649, 1000, 1, 0, 0
593749, 1010, 1, 0, 0
593849, 990, 1, 0, 0
593950, 950, 1, 0, 0
594050, 1010, 1, 0, 0
594150, 1000, 1, 0, 0
594249, 1010, 1, 0, 0
594349, 1020, 1, 0, 0
594449, 960, 1, 0, 0
594549, 920, 1, 0, 0
594649, 950, 1, 0, 0
594749, 960, 1, 0, 0
594849, 970, 1, 0, 0
594949, 980, 1, 0, 0
595049, 990, 1, 0, 0
595150, 980, 1, 0, 0
595249, 909, 1, 0, 0
595349, 950, 1, 0, 0
595449, 980, 1, 0, 0
595549, 970, 1, 0, 0
595649, 960, 1, 0, 0
595749, 940, 1, 0, 0
595849, 970, 1, 0, 0
595949, 980, 1, 0, 0
596049, 960, 1, 0, 0
596149, 960, 1, 0, 0
596249, 980, 1, 0, 0
596349, 1000, 1, 0, 0
596450, 990, 1, 0, 0
596550, 950, 1, 0, 0
596650, 1050, 1, 0, 0
596749, 979, 1, 0, 0
596849, 980, 1, 0, 0
596949, 970, 1, 0, 0
597049, 980, 1, 0, 0
597149, 1000, 1, 0, 0
597249, 1000, 1, 0, 0
597349, 1000, 1, 0, 0
597449, 980, 1, 0, 0
597550, 1080, 1, 0, 0
597650, 1010, 1, 0, 0
597749, 969, 1, 0, 0
597849, 1020, 1, 0, 0
597949, 1010, 1, 0, 0
598049, 1010, 1, 0, 0
598149, 950, 1, 0, 0
598249, 950, 1, 0, 0
598349, 920, 1, 0, 0
598449, 1000, 1, 0, 0
598549, 1000, 1, 0, 0
598649, 1000, 1, 0, 0
598749, 989, 1, 0, 0
598849, 1010, 1, 0, 0
598949, 980, 1, 0, 0
599049, 1000, 1, 0, 0
599149, 1010, 1, 0, 0
599249, 980, 1, 0, 0
599349, 1020, 1, 0, 0
599449, 1040, 1, 0, 0
599549, 1010, 1, 0, 0
599649, 1000, 1, 0, 0
599749, 950, 1, 0, 0
599849, 970, 1, 0, 0
599949, 980, 1, 0, 0
