250, 728, 1, 0, 0
350, 770, 1, 0, 0
450, 740, 1, 0, 0
550, 720, 1, 0, 0
650, 730, 1, 0, 0
749, 727, 1, 0, 0
849, 710, 1, 0, 0
949, 720, 1, 0, 0
1049, 770, 1, 0, 0
1150, 720, 1, 0, 0
1249, 737, 1, 0, 0
1349, 780, 1, 0, 0
1449, 750, 1, 0, 0
1549, 790, 1, 0, 0
1649, 770, 1, 0, 0
1749, 730, 1, 0, 0
1849, 730, 1, 0, 0
1949, 740, 1, 0, 0
2049, 770, 1, 0, 0
2149, 750, 1, 0, 0
2249, 720, 1, 0, 0
2349, 780, 1, 0, 0
2449, 740, 1, 0, 0
2550, 750, 1, 0, 0
2650, 730, 1, 0, 0
2749, 727, 1, 0, 0
2849, 730, 1, 0, 0
2949, 750, 1, 0, 0
3049, 740, 1, 0, 0
3149, 760, 1, 0, 0
3249, 710, 1, 0, 0
3349, 750, 1, 0, 0
3449, 780, 1, 0, 0
3549, 750, 1, 0, 0
3650, 740, 1, 0, 0
3750, 740, 1, 0, 0
3850, 720, 1, 0, 0
3950, 780, 1, 0, 0
4050, 770, 1, 0, 0
4150, 760, 1, 0, 0
4249, 676, 1, 0, 0
4349, 770, 1, 0, 0
4449, 700, 1, 0, 0
4549, 720, 1, 0, 0
4649, 720, 1, 0, 0
4749, 760, 1, 0, 0
4849, 760, 1, 0, 0
4949, 770, 1, 0, 0
5050, 780, 1, 0, 0
5150, 790, 1, 0, 0
5249, 737, 1, 0, 0
5349, 780, 1, 0, 0
5449, 740, 1, 0, 0
5549, 750, 1, 0, 0
5649, 740, 1, 0, 0
5749, 790, 1, 0, 0
5849, 730, 1, 0, 0
5949, 760, 1, 0, 0
6049, 730, 1, 0, 0
6149, 730, 1, 0, 0
6250, 780, 1, 0, 0
6350, 700, 1, 0, 0
6450, 750, 1, 0, 0
6550, 750, 1, 0, 0
6650, 740, 1, 0, 0
6749, 717, 1, 0, 0
6849, 810, 1, 0, 0
6949, 740, 1, 0, 0
7049, 670, 1, 0, 0
7149, 770, 1, 0, 0
7249, 720, 1, 0, 0
7349, 740, 1, 0, 0
7449, 780, 1, 0, 0
7549, 770, 1, 0, 0
7650, 730, 1, 0, 0
7749, 737, 1, 0, 0
7849, 790, 1, 0, 0
7949, 760, 1, 0, 0
8049, 780, 1, 0, 0
8149, 750, 1, 0, 0
8249, 760, 1, 0, 0
8349, 740, 1, 0, 0
8449, 780, 1, 0, 0
8549, 770, 1, 0, 0
8649, 790, 1, 0, 0
8749, 770, 1, 0, 0
8849, 800, 1, 0, 0
8949, 750, 1, 0, 0
9050, 770, 1, 0, 0
9150, 720, 1, 0, 0
9249, 797, 1, 0, 0
9349, 740, 1, 0, 0
9449, 780, 1, 0, 0
9549, 820, 1, 0, 0
9649, 810, 1, 0, 0
9749, 740, 1, 0, 0
9849, 760, 1, 0, 0
9949, 720, 1, 0, 0
10049, 750, 1, 0, 0
10149, 750, 1, 0, 0
10250, 790, 1, 0, 0
10350, 770, 1, 0, 0
10450, 810, 1, 0, 0
10550, 760, 1, 0, 0
10650, 750, 1, 0, 0
10749, 777, 1, 0, 0
10849, 780, 1, 0, 0
10949, 780, 1, 0, 0
11049, 790, 1, 0, 0
11149, 780, 1, 0, 0
11249, 760, 1, 0, 0
11349, 760, 1, 0, 0
11449, 760, 1, 0, 0
11550, 760, 1, 0, 0
11650, 770, 1, 0, 0
11749, 777, 1, 0, 0
11849, 730, 1, 0, 0
11949, 780, 1, 0, 0
12049, 730, 1, 0, 0
12149, 790, 1, 0, 0
12249, 770, 1, 0, 0
12349, 750, 1, 0, 0
12449, 790, 1, 0, 0
12549, 790, 1, 0, 0
12649, 750, 1, 0, 0
12749, 750, 1, 0, 0
12850, 730, 1, 0, 0
12950, 760, 1, 0, 0
13050, 780, 1, 0, 0
13150, 790, 1, 0, 0
13249, 777, 1, 0, 0
13349, 770, 1, 0, 0
13449, 760, 1, 0, 0
13549, 760, 1, 0, 0
13649, 810, 1, 0, 0
13749, 780, 1, 0, 0
13849, 800, 1, 0, 0
13949, 770, 1, 0, 0
14049, 790, 1, 0, 0
14149, 720, 1, 0, 0
14250, 770, 1, 0, 0
14350, 750, 1, 0, 0
14450, 740, 1, 0, 0
14550, 720, 1, 0, 0
14650, 720, 1, 0, 0
14749, 767, 1, 0, 0
14849, 770, 1, 0, 0
14949, 780, 1, 0, 0
15049, 770, 1, 0, 0
15149, 790, 1, 0, 0
15249, 740, 1, 0, 0
15349, 830, 1, 0, 0
15449, 770, 1, 0, 0
15550, 730, 1, 0, 0
15650, 780, 1, 0, 0
15749, 717, 1, 0, 0
15849, 730, 1, 0, 0
15949, 770, 1, 0, 0
16049, 740, 1, 0, 0
16149, 750, 1, 0, 0
16249, 810, 1, 0, 0
16349, 800, 1, 0, 0
16449, 760, 1, 0, 0
16549, 810, 1, 0, 0
16649, 730, 1, 0, 0
16750, 780, 1, 0, 0
16850, 780, 1, 0, 0
16950, 810, 1, 0, 0
17050, 800, 1, 0, 0
17150, 780, 1, 0, 0
17249, 808, 1, 0, 0
17349, 790, 1, 0, 0
17449, 800, 1, 0, 0
17549, 770, 1, 0, 0
17649, 750, 1, 0, 0
17749, 750, 1, 0, 0
17849, 790, 1, 0, 0
17949, 730, 1, 0, 0
18050, 740, 1, 0, 0
18150, 770, 1, 0, 0
18249, 767, 1, 0, 0
18349, 730, 1, 0, 0
18449, 790, 1, 0, 0
18549, 740, 1, 0, 0
18649, 770, 1, 0, 0
18749, 800, 1, 0, 0
18849, 730, 1, 0, 0
18949, 750, 1, 0, 0
19049, 770, 1, 0, 0
19149, 710, 1, 0, 0
19249, 720, 1, 0, 0
19349, 760, 1, 0, 0
19450, 810, 1, 0, 0
19550, 770, 1, 0, 0
19650, 770, 1, 0, 0
19749, 757, 1, 0, 0
19849, 750, 1, 0, 0
19949, 790, 1, 0, 0
20049, 770, 1, 0, 0
20149, 770, 1, 0, 0
20249, 790, 1, 0, 0
20349, 730, 1, 0, 0
20449, 820, 1, 0, 0
20549, 800, 1, 0, 0
20649, 780, 1, 0, 0
20750, 750, 1, 0, 0
20850, 780, 1, 0, 0
20950, 790, 1, 0, 0
21050, 730, 1, 0, 0
21150, 750, 1, 0, 0
21249, 777, 1, 0, 0
21349, 750, 1, 0, 0
21449, 710, 1, 0, 0
21549, 760, 1, 0, 0
21649, 800, 1, 0, 0
21749, 800, 1, 0, 0
21849, 730, 1, 0, 0
21949, 790, 1, 0, 0
22050, 740, 1, 0, 0
22150, 790, 1, 0, 0
22249, 767, 1, 0, 0
22349, 770, 1, 0, 0
22449, 760, 1, 0, 0
22549, 800, 1, 0, 0
22649, 730, 1, 0, 0
22750, 810, 1, 0, 0
22850, 750, 1, 0, 0
22950, 760, 1, 0, 0
23050, 710, 1, 0, 0
23150, 780, 1, 0, 0
23249, 757, 1, 0, 0
23349, 750, 1, 0, 0
23449, 760, 1, 0, 0
23549, 740, 1, 0, 0
23649, 740, 1, 0, 0
23749, 740, 1, 0, 0
23849, 720, 1, 0, 0
23949, 780, 1, 0, 0
24050, 750, 1, 0, 0
24150, 750, 1, 0, 0
24249, 767, 1, 0, 0
24349, 760, 1, 0, 0
24449, 770, 1, 0, 0
24549, 790, 1, 0, 0
24649, 740, 1, 0, 0
24749, 770, 1, 0, 0
24849, 770, 1, 0, 0
24949, 740, 1, 0, 0
25049, 760, 1, 0, 0
25150, 750, 1, 0, 0
25249, 797, 1, 0, 0
25349, 730, 1, 0, 0
25449, 780, 1, 0, 0
25549, 750, 1, 0, 0
25649, 800, 1, 0, 0
25749, 750, 1, 0, 0
25849, 720, 1, 0, 0
25949, 790, 1, 0, 0
26049, 780, 1, 0, 0
26149, 760, 1, 0, 0
26249, 750, 1, 0, 0
26349, 810, 1, 0, 0
26450, 770, 1, 0, 0
26550, 750, 1, 0, 0
26650, 760, 1, 0, 0
26749, 777, 1, 0, 0
26849, 750, 1, 0, 0
26949, 780, 1, 0, 0
27049, 740, 1, 0, 0
27149, 740, 1, 0, 0
27249, 770, 1, 0, 0
27349, 720, 1, 0, 0
27449, 770, 1, 0, 0
27549, 780, 1, 0, 0
27649, 840, 1, 0, 0
27750, 750, 1, 0, 0
27850, 700, 1, 0, 0
27950, 750, 1, 0, 0
28050, 810, 1, 0, 0
28150, 780, 1, 0, 0
28249, 747, 1, 0, 0
28349, 800, 1, 0, 0
28449, 790, 1, 0, 0
28549, 770, 1, 0, 0
28649, 790, 1, 0, 0
28749, 730, 1, 0, 0
28849, 760, 1, 0, 0
28949, 740, 1, 0, 0
29050, 790, 1, 0, 0
29150, 780, 1, 0, 0
29249, 777, 1, 0, 0
29349, 780, 1, 0, 0
29449, 780, 1, 0, 0
29549, 740, 1, 0, 0
29649, 810, 1, 0, 0
29749, 770, 1, 0, 0
29849, 780, 1, 0, 0
29949, 740, 1, 0, 0
30049, 730, 1, 0, 0
30149, 760, 1, 0, 0
30250, 780, 1, 0, 0
30350, 790, 1, 0, 0
30450, 770, 1, 0, 0
30550, 780, 1, 0, 0
30650, 820, 1, 0, 0
30749, 767, 1, 0, 0
30849, 770, 1, 0, 0
30949, 750, 1, 0, 0
31049, 810, 1, 0, 0
31149, 770, 1, 0, 0
31249, 720, 1, 0, 0
31349, 740, 1, 0, 0
31449, 790, 1, 0, 0
31550, 770, 1, 0, 0
31650, 770, 1, 0, 0
31749, 737, 1, 0, 0
31849, 760, 1, 0, 0
31949, 760, 1, 0, 0
32049, 750, 1, 0, 0
32149, 770, 1, 0, 0
32249, 740, 1, 0, 0
32349, 720, 1, 0, 0
32449, 790, 1, 0, 0
32549, 750, 1, 0, 0
32649, 730, 1, 0, 0
32749, 800, 1, 0, 0
32850, 780, 1, 0, 0
32950, 730, 1, 0, 0
33050, 740, 1, 0, 0
33150, 790, 1, 0, 0
33249, 767, 1, 0, 0
33349, 740, 1, 0, 0
33449, 740, 1, 0, 0
33549, 800, 1, 0, 0
33649, 750, 1, 0, 0
33749, 740, 1, 0, 0
33849, 750, 1, 0, 0
33949, 790, 1, 0, 0
34050, 730, 1, 0, 0
34150, 810, 1, 0, 0
34249, 787, 1, 0, 0
34349, 780, 1, 0, 0
34449, 750, 1, 0, 0
34549, 770, 1, 0, 0
34649, 790, 1, 0, 0
34749, 780, 1, 0, 0
34849, 770, 1, 0, 0
34949, 780, 1, 0, 0
35049, 770, 1, 0, 0
35149, 810, 1, 0, 0
35249, 710, 1, 0, 0
35350, 810, 1, 0, 0
35450, 770, 1, 0, 0
35550, 770, 1, 0, 0
35650, 750, 1, 0, 0
35749, 737, 1, 0, 0
35849, 790, 1, 0, 0
35949, 750, 1, 0, 0
36049, 770, 1, 0, 0
36149, 740, 1, 0, 0
36249, 770, 1, 0, 0
36349, 750, 1, 0, 0
36449, 770, 1, 0, 0
36550, 730, 1, 0, 0
36650, 780, 1, 0, 0
36749, 787, 1, 0, 0
36849, 800, 1, 0, 0
36949, 770, 1, 0, 0
37049, 770, 1, 0, 0
37149, 860, 1, 0, 0
37249, 730, 1, 0, 0
37349, 750, 1, 0, 0
37449, 790, 1, 0, 0
37549, 790, 1, 0, 0
37649, 770, 1, 0, 0
37750, 800, 1, 0, 0
37850, 810, 1, 0, 0
37950, 800, 1, 0, 0
38050, 840, 1, 0, 0
38150, 750, 1, 0, 0
38249, 747, 1, 0, 0
38349, 750, 1, 0, 0
38449, 790, 1, 0, 0
38549, 750, 1, 0, 0
38649, 790, 1, 0, 0
38749, 810, 1, 0, 0
38849, 830, 1, 0, 0
38949, 760, 1, 0, 0
39050, 780, 1, 0, 0
39150, 780, 1, 0, 0
39249, 777, 1, 0, 0
39349, 720, 1, 0, 0
39449, 800, 1, 0, 0
39549, 800, 1, 0, 0
39649, 750, 1, 0, 0
39749, 750, 1, 0, 0
39849, 800, 1, 0, 0
39949, 820, 1, 0, 0
40049, 800, 1, 0, 0
40149, 760, 1, 0, 0
40250, 770, 1, 0, 0
40350, 750, 1, 0, 0
40450, 760, 1, 0, 0
40550, 750, 1, 0, 0
40650, 790, 1, 0, 0
40749, 747, 1, 0, 0
40849, 780, 1, 0, 0
40949, 780, 1, 0, 0
41049, 810, 1, 0, 0
41149, 840, 1, 0, 0
41249, 800, 1, 0, 0
41349, 780, 1, 0, 0
41449, 750, 1, 0, 0
41550, 750, 1, 0, 0
41650, 790, 1, 0, 0
41749, 787, 1, 0, 0
41849, 830, 1, 0, 0
41949, 820, 1, 0, 0
42049, 820, 1, 0, 0
42149, 810, 1, 0, 0
42249, 770, 1, 0, 0
42349, 800, 1, 0, 0
42449, 750, 1, 0, 0
42549, 830, 1, 0, 0
42649, 730, 1, 0, 0
42750, 800, 1, 0, 0
42850, 810, 1, 0, 0
42950, 790, 1, 0, 0
43050, 790, 1, 0, 0
43150, 760, 1, 0, 0
43249, 818, 1, 0, 0
43349, 730, 1, 0, 0
43449, 820, 1, 0, 0
43549, 800, 1, 0, 0
43649, 780, 1, 0, 0
43749, 800, 1, 0, 0
43849, 780, 1, 0, 0
43949, 790, 1, 0, 0
44050, 790, 1, 0, 0
44150, 810, 1, 0, 0
44249, 787, 1, 0, 0
44349, 790, 1, 0, 0
44449, 790, 1, 0, 0
44549, 830, 1, 0, 0
44649, 800, 1, 0, 0
44749, 820, 1, 0, 0
44849, 840, 1, 0, 0
44949, 800, 1, 0, 0
45049, 840, 1, 0, 0
45149, 840, 1, 0, 0
45250, 750, 1, 0, 0
45350, 770, 1, 0, 0
45450, 790, 1, 0, 0
45550, 830, 1, 0, 0
45650, 810, 1, 0, 0
45749, 838, 1, 0, 0
45849, 840, 1, 0, 0
45949, 780, 1, 0, 0
46049, 760, 1, 0, 0
46149, 820, 1, 0, 0
46249, 830, 1, 0, 0
46349, 820, 1, 0, 0
46449, 830, 1, 0, 0
46550, 820, 1, 0, 0
46650, 820, 1, 0, 0
46749, 828, 1, 0, 0
46849, 760, 1, 0, 0
46949, 820, 1, 0, 0
47049, 780, 1, 0, 0
47149, 800, 1, 0, 0
47249, 770, 1, 0, 0
47349, 780, 1, 0, 0
47449, 790, 1, 0, 0
47549, 760, 1, 0, 0
47649, 780, 1, 0, 0
47749, 770, 1, 0, 0
47849, 790, 1, 0, 0
47949, 810, 1, 0, 0
48050, 820, 1, 0, 0
48150, 850, 1, 0, 0
48249, 787, 1, 0, 0
48349, 780, 1, 0, 0
48449, 790, 1, 0, 0
48549, 840, 1, 0, 0
48649, 810, 1, 0, 0
48749, 800, 1, 0, 0
48849, 840, 1, 0, 0
48949, 770, 1, 0, 0
49049, 850, 1, 0, 0
49149, 810, 1, 0, 0
49250, 800, 1, 0, 0
49350, 770, 1, 0, 0
49450, 800, 1, 0, 0
49550, 840, 1, 0, 0
49650, 800, 1, 0, 0
49749, 787, 1, 0, 0
49849, 800, 1, 0, 0
49949, 760, 1, 0, 0
50049, 820, 1, 0, 0
50149, 870, 1, 0, 0
50249, 860, 1, 0, 0
50349, 820, 1, 0, 0
50449, 830, 1, 0, 0
50550, 790, 1, 0, 0
50650, 790, 1, 0, 0
50749, 838, 1, 0, 0
50849, 810, 1, 0, 0
50949, 820, 1, 0, 0
51049, 790, 1, 0, 0
51149, 830, 1, 0, 0
51249, 830, 1, 0, 0
51349, 790, 1, 0, 0
51449, 760, 1, 0, 0
51549, 810, 1, 0, 0
51650, 800, 1, 0, 0
51750, 780, 1, 0, 0
51850, 820, 1, 0, 0
51950, 820, 1, 0, 0
52050, 750, 1, 0, 0
52150, 820, 1, 0, 0
52249, 848, 1, 0, 0
52349, 810, 1, 0, 0
52449, 800, 1, 0, 0
52549, 780, 1, 0, 0
52649, 760, 1, 0, 0
52749, 820, 1, 0, 0
52850, 780, 1, 0, 0
52950, 820, 1, 0, 0
53050, 810, 1, 0, 0
53150, 850, 1, 0, 0
53249, 828, 1, 0, 0
53349, 790, 1, 0, 0
53449, 800, 1, 0, 0
53549, 790, 1, 0, 0
53649, 850, 1, 0, 0
53749, 820, 1, 0, 0
53849, 840, 1, 0, 0
53949, 820, 1, 0, 0
54050, 820, 1, 0, 0
54150, 840, 1, 0, 0
54249, 858, 1, 0, 0
54349, 860, 1, 0, 0
54449, 810, 1, 0, 0
54549, 850, 1, 0, 0
54649, 830, 1, 0, 0
54749, 790, 1, 0, 0
54849, 810, 1, 0, 0
54949, 850, 1, 0, 0
55049, 780, 1, 0, 0
55149, 820, 1, 0, 0
55250, 800, 1, 0, 0
55350, 840, 1, 0, 0
55450, 820, 1, 0, 0
55550, 860, 1, 0, 0
55650, 840, 1, 0, 0
55749, 878, 1, 0, 0
55849, 840, 1, 0, 0
55949, 830, 1, 0, 0
56049, 820, 1, 0, 0
56149, 840, 1, 0, 0
56249, 830, 1, 0, 0
56349, 830, 1, 0, 0
56449, 840, 1, 0, 0
56550, 850, 1, 0, 0
56650, 800, 1, 0, 0
56749, 797, 1, 0, 0
56849, 840, 1, 0, 0
56949, 830, 1, 0, 0
57049, 870, 1, 0, 0
57149, 800, 1, 0, 0
57249, 830, 1, 0, 0
57349, 840, 1, 0, 0
57449, 800, 1, 0, 0
57549, 800, 1, 0, 0
57649, 840, 1, 0, 0
57749, 820, 1, 0, 0
57850, 840, 1, 0, 0
57950, 890, 1, 0, 0
58050, 870, 1, 0, 0
58150, 920, 1, 0, 0
58249, 838, 1, 0, 0
58349, 850, 1, 0, 0
58449, 810, 1, 0, 0
58549, 820, 1, 0, 0
58649, 810, 1, 0, 0
58749, 860, 1, 0, 0
58849, 840, 1, 0, 0
58949, 830, 1, 0, 0
59049, 810, 1, 0, 0
59149, 850, 1, 0, 0
59250, 790, 1, 0, 0
59350, 800, 1, 0, 0
59450, 760, 1, 0, 0
59550, 770, 1, 0, 0
59650, 780, 1, 0, 0
59749, 787, 1, 0, 0
59849, 830, 1, 0, 0
59949, 790, 1, 0, 0
60049, 830, 1, 0, 0
60149, 840, 1, 0, 0
60249, 840, 1, 0, 0
60349, 750, 1, 0, 0
60450, 830, 1, 0, 0
60550, 870, 1, 0, 0
60650, 820, 1, 0, 0
60749, 818, 1, 0, 0
60849, 830, 1, 0, 0
60949, 840, 1, 0, 0
61049, 830, 1, 0, 0
61149, 780, 1, 0, 0
61249, 830, 1, 0, 0
61349, 840, 1, 0, 0
61449, 800, 1, 0, 0
61550, 810, 1, 0, 0
61650, 840, 1, 0, 0
61749, 848, 1, 0, 0
61849, 850, 1, 0, 0
61949, 810, 1, 0, 0
62049, 800, 1, 0, 0
62149, 850, 1, 0, 0
62249, 850, 1, 0, 0
62349, 850, 1, 0, 0
62449, 830, 1, 0, 0
62549, 840, 1, 0, 0
62649, 850, 1, 0, 0
62750, 830, 1, 0, 0
62850, 840, 1, 0, 0
62950, 860, 1, 0, 0
63050, 850, 1, 0, 0
63150, 840, 1, 0, 0
63249, 787, 1, 0, 0
63349, 830, 1, 0, 0
63449, 820, 1, 0, 0
63549, 830, 1, 0, 0
63649, 850, 1, 0, 0
63749, 800, 1, 0, 0
63849, 850, 1, 0, 0
63949, 830, 1, 0, 0
64050, 840, 1, 0, 0
64150, 770, 1, 0, 0
64249, 888, 1, 0, 0
64349, 780, 1, 0, 0
64449, 880, 1, 0, 0
64549, 830, 1, 0, 0
64649, 780, 1, 0, 0
64749, 840, 1, 0, 0
64849, 810, 1, 0, 0
64949, 810, 1, 0, 0
65049, 840, 1, 0, 0
65149, 820, 1, 0, 0
65250, 810, 1, 0, 0
65350, 820, 1, 0, 0
65450, 790, 1, 0, 0
65550, 820, 1, 0, 0
65650, 830, 1, 0, 0
65749, 777, 1, 0, 0
65849, 890, 1, 0, 0
65949, 820, 1, 0, 0
66049, 830, 1, 0, 0
66149, 870, 1, 0, 0
66249, 870, 1, 0, 0
66349, 860, 1, 0, 0
66449, 820, 1, 0, 0
66550, 880, 1, 0, 0
66650, 820, 1, 0, 0
66749, 838, 1, 0, 0
66849, 830, 1, 0, 0
66949, 770, 1, 0, 0
67049, 810, 1, 0, 0
67149, 840, 1, 0, 0
67249, 800, 1, 0, 0
67349, 740, 1, 0, 0
67449, 760, 1, 0, 0
67549, 810, 1, 0, 0
67649, 820, 1, 0, 0
67750, 810, 1, 0, 0
67850, 850, 1, 0, 0
67950, 870, 1, 0, 0
68050, 850, 1, 0, 0
68150, 840, 1, 0, 0
68249, 848, 1, 0, 0
68349, 810, 1, 0, 0
68449, 770, 1, 0, 0
68549, 850, 1, 0, 0
68649, 830, 1, 0, 0
68749, 830, 1, 0, 0
68849, 850, 1, 0, 0
68949, 820, 1, 0, 0
69050, 800, 1, 0, 0
69150, 850, 1, 0, 0
69249, 848, 1, 0, 0
69349, 820, 1, 0, 0
69449, 850, 1, 0, 0
69549, 830, 1, 0, 0
69649, 860, 1, 0, 0
69749, 820, 1, 0, 0
69849, 800, 1, 0, 0
69949, 820, 1, 0, 0
70049, 830, 1, 0, 0
70149, 850, 1, 0, 0
70250, 830, 1, 0, 0
70350, 830, 1, 0, 0
70450, 830, 1, 0, 0
70550, 850, 1, 0, 0
70650, 830, 1, 0, 0
70749, 848, 1, 0, 0
70849, 820, 1, 0, 0
70949, 830, 1, 0, 0
71049, 840, 1, 0, 0
71149, 840, 1, 0, 0
71249, 880, 1, 0, 0
71349, 870, 1, 0, 0
71449, 860, 1, 0, 0
71550, 790, 1, 0, 0
71650, 830, 1, 0, 0
71749, 797, 1, 0, 0
71849, 820, 1, 0, 0
71949, 850, 1, 0, 0
72049, 860, 1, 0, 0
72149, 880, 1, 0, 0
72249, 830, 1, 0, 0
72349, 880, 1, 0, 0
72449, 800, 1, 0, 0
72549, 870, 1, 0, 0
72649, 890, 1, 0, 0
72750, 820, 1, 0, 0
72850, 840, 1, 0, 0
72950, 840, 1, 0, 0
73050, 860, 1, 0, 0
73150, 840, 1, 0, 0
73249, 878, 1, 0, 0
73349, 860, 1, 0, 0
73449, 890, 1, 0, 0
73549, 870, 1, 0, 0
73649, 830, 1, 0, 0
73749, 870, 1, 0, 0
73850, 880, 1, 0, 0
73950, 820, 1, 0, 0
74050, 860, 1, 0, 0
74150, 870, 1, 0, 0
74249, 909, 1, 0, 0
74349, 850, 1, 0, 0
74449, 850, 1, 0, 0
74549, 850, 1, 0, 0
74649, 800, 1, 0, 0
74749, 860, 1, 0, 0
74849, 870, 1, 0, 0
74949, 880, 1, 0, 0
75049, 890, 1, 0, 0
75150, 900, 1, 0, 0
75250, 860, 1, 0, 0
75350, 880, 1, 0, 0
75450, 850, 1, 0, 0
75550, 820, 1, 0, 0
75650, 820, 1, 0, 0
75749, 878, 1, 0, 0
75849, 820, 1, 0, 0
75949, 870, 1, 0, 0
76049, 850, 1, 0, 0
76149, 780, 1, 0, 0
76249, 830, 1, 0, 0
76349, 890, 1, 0, 0
76450, 850, 1, 0, 0
76550, 860, 1, 0, 0
76650, 840, 1, 0, 0
76749, 848, 1, 0, 0
76849, 840, 1, 0, 0
76949, 840, 1, 0, 0
77049, 830, 1, 0, 0
77149, 790, 1, 0, 0
77249, 820, 1, 0, 0
77349, 840, 1, 0, 0
77449, 820, 1, 0, 0
77550, 880, 1, 0, 0
77650, 840, 1, 0, 0
77749, 797, 1, 0, 0
77849, 820, 1, 0, 0
77949, 780, 1, 0, 0
78049, 790, 1, 0, 0
78149, 790, 1, 0, 0
78249, 780, 1, 0, 0
78349, 820, 1, 0, 0
78449, 820, 1, 0, 0
78550, 800, 1, 0, 0
78650, 830, 1, 0, 0
78749, 838, 1, 0, 0
78849, 820, 1, 0, 0
78949, 850, 1, 0, 0
79049, 880, 1, 0, 0
79149, 760, 1, 0, 0
79249, 860, 1, 0, 0
79349, 810, 1, 0, 0
79449, 870, 1, 0, 0
79549, 840, 1, 0, 0
79649, 840, 1, 0, 0
79750, 820, 1, 0, 0
79850, 820, 1, 0, 0
79950, 850, 1, 0, 0
80050, 820, 1, 0, 0
80150, 860, 1, 0, 0
80249, 828, 1, 0, 0
80349, 830, 1, 0, 0
80449, 840, 1, 0, 0
80549, 810, 1, 0, 0
80649, 800, 1, 0, 0
80749, 900, 1, 0, 0
80850, 810, 1, 0, 0
80950, 840, 1, 0, 0
81050, 790, 1, 0, 0
81150, 860, 1, 0, 0
81249, 868, 1, 0, 0
81349, 810, 1, 0, 0
81449, 860, 1, 0, 0
81549, 830, 1, 0, 0
81649, 820, 1, 0, 0
81749, 810, 1, 0, 0
81849, 810, 1, 0, 0
81949, 810, 1, 0, 0
82050, 880, 1, 0, 0
82150, 880, 1, 0, 0
82249, 818, 1, 0, 0
82349, 870, 1, 0, 0
82449, 810, 1, 0, 0
82549, 810, 1, 0, 0
82649, 910, 1, 0, 0
82749, 830, 1, 0, 0
82849, 850, 1, 0, 0
82949, 860, 1, 0, 0
83049, 870, 1, 0, 0
83150, 880, 1, 0, 0
83250, 820, 1, 0, 0
83350, 890, 1, 0, 0
83450, 820, 1, 0, 0
83550, 780, 1, 0, 0
83650, 880, 1, 0, 0
83749, 898, 1, 0, 0
83849, 860, 1, 0, 0
83949, 830, 1, 0, 0
84049, 860, 1, 0, 0
84149, 850, 1, 0, 0
84249, 830, 1, 0, 0
84350, 820, 1, 0, 0
84450, 790, 1, 0, 0
84550, 830, 1, 0, 0
84650, 870, 1, 0, 0
84749, 898, 1, 0, 0
84849, 820, 1, 0, 0
84949, 850, 1, 0, 0
85049, 850, 1, 0, 0
85149, 910, 1, 0, 0
85249, 820, 1, 0, 0
85349, 830, 1, 0, 0
85449, 860, 1, 0, 0
85550, 890, 1, 0, 0
85650, 880, 1, 0, 0
85749, 838, 1, 0, 0
85849, 820, 1, 0, 0
85949, 830, 1, 0, 0
86049, 860, 1, 0, 0
86149, 810, 1, 0, 0
86249, 850, 1, 0, 0
86349, 850, 1, 0, 0
86449, 840, 1, 0, 0
86549, 860, 1, 0, 0
86650, 830, 1, 0, 0
86749, 898, 1, 0, 0
86849, 830, 1, 0, 0
86949, 870, 1, 0, 0
87049, 850, 1, 0, 0
87149, 830, 1, 0, 0
87249, 860, 1, 0, 0
87349, 840, 1, 0, 0
87449, 860, 1, 0, 0
87549, 820, 1, 0, 0
87649, 830, 1, 0, 0
87750, 810, 1, 0, 0
87850, 870, 1, 0, 0
87950, 870, 1, 0, 0
88050, 870, 1, 0, 0
88150, 870, 1, 0, 0
88249, 797, 1, 0, 0
88349, 860, 1, 0, 0
88449, 870, 1, 0, 0
88549, 830, 1, 0, 0
88649, 860, 1, 0, 0
88749, 850, 1, 0, 0
88849, 840, 1, 0, 0
88949, 870, 1, 0, 0
89050, 900, 1, 0, 0
89150, 850, 1, 0, 0
89249, 878, 1, 0, 0
89349, 870, 1, 0, 0
89449, 850, 1, 0, 0
89549, 860, 1, 0, 0
89649, 840, 1, 0, 0
89749, 830, 1, 0, 0
89849, 880, 1, 0, 0
89949, 830, 1, 0, 0
90049, 860, 1, 0, 0
90149, 830, 1, 0, 0
90249, 850, 1, 0, 0
90350, 850, 1, 0, 0
90450, 880, 1, 0, 0
90550, 880, 1, 0, 0
90650, 860, 1, 0, 0
90749, 888, 1, 0, 0
90849, 820, 1, 0, 0
90949, 870, 1, 0, 0
91049, 870, 1, 0, 0
91149, 850, 1, 0, 0
91249, 870, 1, 0, 0
91349, 860, 1, 0, 0
91449, 820, 1, 0, 0
91549, 870, 1, 0, 0
91650, 850, 1, 0, 0
91750, 820, 1, 0, 0
91850, 870, 1, 0, 0
91950, 860, 1, 0, 0
92050, 870, 1, 0, 0
92150, 830, 1, 0, 0
92249, 888, 1, 0, 0
92349, 850, 1, 0, 0
92449, 870, 1, 0, 0
92549, 820, 1, 0, 0
92649, 860, 1, 0, 0
92749, 870, 1, 0, 0
92849, 860, 1, 0, 0
92949, 810, 1, 0, 0
93050, 840, 1, 0, 0
93150, 890, 1, 0, 0
93249, 858, 1, 0, 0
93349, 850, 1, 0, 0
93449, 920, 1, 0, 0
93549, 840, 1, 0, 0
93649, 890, 1, 0, 0
93749, 900, 1, 0, 0
93849, 860, 1, 0, 0
93949, 840, 1, 0, 0
94050, 840, 1, 0, 0
94150, 840, 1, 0, 0
94249, 848, 1, 0, 0
94349, 820, 1, 0, 0
94449, 840, 1, 0, 0
94549, 900, 1, 0, 0
94649, 900, 1, 0, 0
94749, 850, 1, 0, 0
94849, 810, 1, 0, 0
94949, 820, 1, 0, 0
95049, 870, 1, 0, 0
95149, 840, 1, 0, 0
95250, 860, 1, 0, 0
95350, 840, 1, 0, 0
95450, 870, 1, 0, 0
95550, 830, 1, 0, 0
95650, 870, 1, 0, 0
95749, 868, 1, 0, 0
95849, 840, 1, 0, 0
95949, 810, 1, 0, 0
96049, 870, 1, 0, 0
96149, 790, 1, 0, 0
96249, 820, 1, 0, 0
96349, 830, 1, 0, 0
96449, 880, 1, 0, 0
96550, 870, 1, 0, 0
96650, 890, 1, 0, 0
96749, 828, 1, 0, 0
96849, 860, 1, 0, 0
96949, 860, 1, 0, 0
97049, 890, 1, 0, 0
97149, 860, 1, 0, 0
97249, 900, 1, 0, 0
97349, 880, 1, 0, 0
97449, 890, 1, 0, 0
97549, 830, 1, 0, 0
97650, 870, 1, 0, 0
97749, 848, 1, 0, 0
97849, 840, 1, 0, 0
97949, 870, 1, 0, 0
98049, 910, 1, 0, 0
98149, 860, 1, 0, 0
98249, 870, 1, 0, 0
98349, 820, 1, 0, 0
98449, 860, 1, 0, 0
98549, 860, 1, 0, 0
98649, 860, 1, 0, 0
98749, 840, 1, 0, 0
98849, 870, 1, 0, 0
98950, 870, 1, 0, 0
99050, 840, 1, 0, 0
99150, 880, 1, 0, 0
99249, 888, 1, 0, 0
99349, 910, 1, 0, 0
99449, 840, 1, 0, 0
99549, 840, 1, 0, 0
99649, 840, 1, 0, 0
99749, 860, 1, 0, 0
99849, 850, 1, 0, 0
99949, 840, 1, 0, 0
100049, 840, 1, 0, 0
100149, 850, 1, 0, 0
100250, 930, 1, 0, 0
100350, 830, 1, 0, 0
100450, 850, 1, 0, 0
100550, 820, 1, 0, 0
100650, 850, 1, 0, 0
100749, 858, 1, 0, 0
100849, 860, 1, 0, 0
100949, 860, 1, 0, 0
101049, 860, 1, 0, 0
101149, 860, 1, 0, 0
101249, 820, 1, 0, 0
101349, 860, 1, 0, 0
101449, 840, 1, 0, 0
101550, 900, 1, 0, 0
101650, 850, 1, 0, 0
101749, 797, 1, 0, 0
101849, 850, 1, 0, 0
101949, 820, 1, 0, 0
102049, 840, 1, 0, 0
102149, 880, 1, 0, 0
102249, 830, 1, 0, 0
102349, 850, 1, 0, 0
102449, 850, 1, 0, 0
102550, 900, 1, 0, 0
102650, 880, 1, 0, 0
102749, 828, 1, 0, 0
102849, 880, 1, 0, 0
102949, 820, 1, 0, 0
103049, 880, 1, 0, 0
103149, 860, 1, 0, 0
103249, 890, 1, 0, 0
103349, 870, 1, 0, 0
103449, 870, 1, 0, 0
103550, 840, 1, 0, 0
103650, 900, 1, 0, 0
103749, 909, 1, 0, 0
103849, 840, 1, 0, 0
103949, 860, 1, 0, 0
104049, 880, 1, 0, 0
104149, 860, 1, 0, 0
104249, 890, 1, 0, 0
104349, 870, 1, 0, 0
104449, 850, 1, 0, 0
104549, 860, 1, 0, 0
104649, 870, 1, 0, 0
104750, 930, 1, 0, 0
104850, 850, 1, 0, 0
104950, 870, 1, 0, 0
105050, 850, 1, 0, 0
105150, 830, 1, 0, 0
105249, 858, 1, 0, 0
105349, 890, 1, 0, 0
105449, 860, 1, 0, 0
105549, 890, 1, 0, 0
105649, 860, 1, 0, 0
105749, 840, 1, 0, 0
105849, 860, 1, 0, 0
105949, 880, 1, 0, 0
106050, 870, 1, 0, 0
106150, 880, 1, 0, 0
106249, 888, 1, 0, 0
106349, 830, 1, 0, 0
106449, 880, 1, 0, 0
106549, 910, 1, 0, 0
106649, 860, 1, 0, 0
106749, 890, 1, 0, 0
106849, 890, 1, 0, 0
106949, 900, 1, 0, 0
107049, 850, 1, 0, 0
107149, 870, 1, 0, 0
107250, 880, 1, 0, 0
107350, 910, 1, 0, 0
107450, 830, 1, 0, 0
107550, 890, 1, 0, 0
107650, 940, 1, 0, 0
107749, 919, 1, 0, 0
107849, 900, 1, 0, 0
107949, 900, 1, 0, 0
108049, 920, 1, 0, 0
108149, 880, 1, 0, 0
108249, 910, 1, 0, 0
108349, 900, 1, 0, 0
108449, 840, 1, 0, 0
108550, 870, 1, 0, 0
108650, 880, 1, 0, 0
108749, 888, 1, 0, 0
108849, 870, 1, 0, 0
108949, 940, 1, 0, 0
109049, 880, 1, 0, 0
109149, 890, 1, 0, 0
109249, 870, 1, 0, 0
109349, 870, 1, 0, 0
109449, 910, 1, 0, 0
109549, 870, 1, 0, 0
109649, 860, 1, 0, 0
109750, 890, 1, 0, 0
109850, 900, 1, 0, 0
109950, 920, 1, 0, 0
110050, 920, 1, 0, 0
110150, 890, 1, 0, 0
110249, 888, 1, 0, 0
110349, 920, 1, 0, 0
110449, 880, 1, 0, 0
110549, 880, 1, 0, 0
110649, 880, 1, 0, 0
110749, 860, 1, 0, 0
110849, 870, 1, 0, 0
110949, 870, 1, 0, 0
111050, 940, 1, 0, 0
111150, 960, 1, 0, 0
111249, 858, 1, 0, 0
111349, 910, 1, 0, 0
111449, 890, 1, 0, 0
111549, 900, 1, 0, 0
111649, 880, 1, 0, 0
111749, 930, 1, 0, 0
111849, 900, 1, 0, 0
111949, 880, 1, 0, 0
112049, 870, 1, 0, 0
112149, 840, 1, 0, 0
112250, 880, 1, 0, 0
112350, 920, 1, 0, 0
112450, 880, 1, 0, 0
112550, 880, 1, 0, 0
112650, 940, 1, 0, 0
112749, 898, 1, 0, 0
112849, 910, 1, 0, 0
112949, 920, 1, 0, 0
113049, 960, 1, 0, 0
113149, 920, 1, 0, 0
113249, 930, 1, 0, 0
113349, 920, 1, 0, 0
113449, 910, 1, 0, 0
113550, 930, 1, 0, 0
113650, 890, 1, 0, 0
113749, 909, 1, 0, 0
113849, 930, 1, 0, 0
113949, 920, 1, 0, 0
114049, 900, 1, 0, 0
114149, 920, 1, 0, 0
114249, 810, 1, 0, 0
114349, 880, 1, 0, 0
114449, 900, 1, 0, 0
114549, 860, 1, 0, 0
114649, 910, 1, 0, 0
114750, 910, 1, 0, 0
114850, 860, 1, 0, 0
114950, 930, 1, 0, 0
115050, 910, 1, 0, 0
115150, 870, 1, 0, 0
115249, 919, 1, 0, 0
115349, 910, 1, 0, 0
115449, 920, 1, 0, 0
115549, 900, 1, 0, 0
115649, 940, 1, 0, 0
115749, 890, 1, 0, 0
115849, 910, 1, 0, 0
115950, 890, 1, 0, 0
116050, 890, 1, 0, 0
116150, 930, 1, 0, 0
116249, 939, 1, 0, 0
116349, 870, 1, 0, 0
116449, 900, 1, 0, 0
116549, 930, 1, 0, 0
116649, 900, 1, 0, 0
116749, 880, 1, 0, 0
116849, 940, 1, 0, 0
116949, 940, 1, 0, 0
117049, 890, 1, 0, 0
117149, 890, 1, 0, 0
117250, 890, 1, 0, 0
117350, 920, 1, 0, 0
117450, 920, 1, 0, 0
117550, 860, 1, 0, 0
117650, 910, 1, 0, 0
117749, 868, 1, 0, 0
117849, 920, 1, 0, 0
117949, 890, 1, 0, 0
118049, 910, 1, 0, 0
118149, 880, 1, 0, 0
118249, 910, 1, 0, 0
118349, 960, 1, 0, 0
118449, 920, 1, 0, 0
118550, 940, 1, 0, 0
118650, 870, 1, 0, 0
118749, 929, 1, 0, 0
118849, 940, 1, 0, 0
118949, 940, 1, 0, 0
119049, 880, 1, 0, 0
119149, 910, 1, 0, 0
119249, 880, 1, 0, 0
119349, 910, 1, 0, 0
119449, 870, 1, 0, 0
119549, 880, 1, 0, 0
119649, 920, 1, 0, 0
119750, 860, 1, 0, 0
119850, 910, 1, 0, 0
119950, 910, 1, 0, 0
120050, 900, 1, 0, 0
120150, 910, 1, 0, 0
120249, 919, 1, 0, 0
120349, 960, 1, 0, 0
120449, 870, 1, 0, 0
120549, 920, 1, 0, 0
120649, 970, 1, 0, 0
120749, 920, 1, 0, 0
120849, 950, 1, 0, 0
120949, 950, 1, 0, 0
121049, 950, 1, 0, 0
121149, 910, 1, 0, 0
121250, 900, 1, 0, 0
121350, 950, 1, 0, 0
121450, 970, 1, 0, 0
121550, 910, 1, 0, 0
121650, 940, 1, 0, 0
121749, 919, 1, 0, 0
121849, 910, 1, 0, 0
121949, 920, 1, 0, 0
122049, 910, 1, 0, 0
122149, 930, 1, 0, 0
122249, 950, 1, 0, 0
122349, 930, 1, 0, 0
122449, 900, 1, 0, 0
122550, 960, 1, 0, 0
122650, 910, 1, 0, 0
122749, 898, 1, 0, 0
122849, 930, 1, 0, 0
122949, 930, 1, 0, 0
123049, 950, 1, 0, 0
123149, 1000, 1, 0, 0
123249, 930, 1, 0, 0
123349, 930, 1, 0, 0
123449, 930, 1, 0, 0
123549, 930, 1, 0, 0
123649, 910, 1, 0, 0
123750, 940, 1, 0, 0
123850, 950, 1, 0, 0
123950, 930, 1, 0, 0
124050, 910, 1, 0, 0
124150, 920, 1, 0, 0
124249, 939, 1, 0, 0
124349, 940, 1, 0, 0
124449, 920, 1, 0, 0
124549, 860, 1, 0, 0
124649, 940, 1, 0, 0
124749, 900, 1, 0, 0
124849, 910, 1, 0, 0
124949, 920, 1, 0, 0
125049, 910, 1, 0, 0
125150, 890, 1, 0, 0
125250, 920, 1, 0, 0
125350, 910, 1, 0, 0
125450, 880, 1, 0, 0
125550, 950, 1, 0, 0
125650, 860, 1, 0, 0
125749, 909, 1, 0, 0
125849, 900, 1, 0, 0
125949, 930, 1, 0, 0
126049, 880, 1, 0, 0
126149, 910, 1, 0, 0
126249, 890, 1, 0, 0
126349, 880, 1, 0, 0
126449, 990, 1, 0, 0
126550, 970, 1, 0, 0
126650, 900, 1, 0, 0
126749, 969, 1, 0, 0
126849, 940, 1, 0, 0
126949, 910, 1, 0, 0
127049, 920, 1, 0, 0
127149, 940, 1, 0, 0
127249, 890, 1, 0, 0
127349, 940, 1, 0, 0
127449, 910, 1, 0, 0
127549, 880, 1, 0, 0
127649, 960, 1, 0, 0
127750, 920, 1, 0, 0
127850, 870, 1, 0, 0
127950, 890, 1, 0, 0
128050, 930, 1, 0, 0
128150, 930, 1, 0, 0
128249, 949, 1, 0, 0
128349, 890, 1, 0, 0
128449, 900, 1, 0, 0
128549, 900, 1, 0, 0
128649, 950, 1, 0, 0
128749, 910, 1, 0, 0
128849, 890, 1, 0, 0
128949, 910, 1, 0, 0
129050, 870, 1, 0, 0
129150, 920, 1, 0, 0
129249, 878, 1, 0, 0
129349, 930, 1, 0, 0
129449, 920, 1, 0, 0
129549, 910, 1, 0, 0
129649, 940, 1, 0, 0
129749, 900, 1, 0, 0
129849, 930, 1, 0, 0
129949, 940, 1, 0, 0
130049, 890, 1, 0, 0
130149, 900, 1, 0, 0
130250, 910, 1, 0, 0
130350, 890, 1, 0, 0
130450, 900, 1, 0, 0
130550, 910, 1, 0, 0
130650, 930, 1, 0, 0
130749, 939, 1, 0, 0
130849, 960, 1, 0, 0
130949, 890, 1, 0, 0
131049, 970, 1, 0, 0
131149, 930, 1, 0, 0
131249, 950, 1, 0, 0
131349, 910, 1, 0, 0
131449, 930, 1, 0, 0
131549, 910, 1, 0, 0
131650, 920, 1, 0, 0
131749, 858, 1, 0, 0
131849, 950, 1, 0, 0
131949, 900, 1, 0, 0
132049, 910, 1, 0, 0
132149, 940, 1, 0, 0
132249, 900, 1, 0, 0
132349, 910, 1, 0, 0
132449, 920, 1, 0, 0
132549, 910, 1, 0, 0
132649, 950, 1, 0, 0
132749, 920, 1, 0, 0
132849, 880, 1, 0, 0
132949, 880, 1, 0, 0
133050, 890, 1, 0, 0
133150, 870, 1, 0, 0
133249, 929, 1, 0, 0
133349, 950, 1, 0, 0
133449, 860, 1, 0, 0
133549, 920, 1, 0, 0
133649, 910, 1, 0, 0
133749, 900, 1, 0, 0
133849, 930, 1, 0, 0
133949, 880, 1, 0, 0
134049, 910, 1, 0, 0
134149, 950, 1, 0, 0
134250, 910, 1, 0, 0
134350, 910, 1, 0, 0
134450, 920, 1, 0, 0
134550, 910, 1, 0, 0
134650, 900, 1, 0, 0
134749, 959, 1, 0, 0
134849, 930, 1, 0, 0
134949, 930, 1, 0, 0
135049, 920, 1, 0, 0
135149, 910, 1, 0, 0
135249, 950, 1, 0, 0
135349, 950, 1, 0, 0
135449, 920, 1, 0, 0
135550, 880, 1, 0, 0
135650, 940, 1, 0, 0
135749, 909, 1, 0, 0
135849, 920, 1, 0, 0
135949, 910, 1, 0, 0
136049, 900, 1, 0, 0
136149, 940, 1, 0, 0
136249, 910, 1, 0, 0
136349, 890, 1, 0, 0
136449, 970, 1, 0, 0
136549, 840, 1, 0, 0
136649, 910, 1, 0, 0
136750, 900, 1, 0, 0
136850, 930, 1, 0, 0
136950, 910, 1, 0, 0
137050, 880, 1, 0, 0
137150, 920, 1, 0, 0
137249, 898, 1, 0, 0
137349, 900, 1, 0, 0
137449, 890, 1, 0, 0
137549, 890, 1, 0, 0
137649, 960, 1, 0, 0
137749, 930, 1, 0, 0
137849, 900, 1, 0, 0
137949, 960, 1, 0, 0
138050, 930, 1, 0, 0
138150, 950, 1, 0, 0
138249, 909, 1, 0, 0
138349, 930, 1, 0, 0
138449, 940, 1, 0, 0
138549, 930, 1, 0, 0
138649, 890, 1, 0, 0
138749, 920, 1, 0, 0
138849, 950, 1, 0, 0
138949, 920, 1, 0, 0
139049, 920, 1, 0, 0
139149, 920, 1, 0, 0
139250, 930, 1, 0, 0
139350, 910, 1, 0, 0
139450, 880, 1, 0, 0
139550, 950, 1, 0, 0
139650, 920, 1, 0, 0
139749, 909, 1, 0, 0
139849, 870, 1, 0, 0
139949, 940, 1, 0, 0
140049, 930, 1, 0, 0
140149, 960, 1, 0, 0
140249, 910, 1, 0, 0
140349, 900, 1, 0, 0
140449, 900, 1, 0, 0
140550, 970, 1, 0, 0
140650, 880, 1, 0, 0
140749, 898, 1, 0, 0
140849, 960, 1, 0, 0
140949, 950, 1, 0, 0
141049, 900, 1, 0, 0
141149, 940, 1, 0, 0
141249, 880, 1, 0, 0
141349, 920, 1, 0, 0
141449, 910, 1, 0, 0
141549, 930, 1, 0, 0
141649, 890, 1, 0, 0
141750, 930, 1, 0, 0
141850, 880, 1, 0, 0
141950, 910, 1, 0, 0
142050, 910, 1, 0, 0
142150, 980, 1, 0, 0
142249, 939, 1, 0, 0
142349, 950, 1, 0, 0
142449, 910, 1, 0, 0
142549, 980, 1, 0, 0
142649, 910, 1, 0, 0
142749, 930, 1, 0, 0
142849, 940, 1, 0, 0
142949, 940, 1, 0, 0
143050, 940, 1, 0, 0
143150, 930, 1, 0, 0
143249, 959, 1, 0, 0
143349, 950, 1, 0, 0
143449, 900, 1, 0, 0
143549, 940, 1, 0, 0
143649, 970, 1, 0, 0
143749, 940, 1, 0, 0
143849, 900, 1, 0, 0
143949, 890, 1, 0, 0
144049, 990, 1, 0, 0
144149, 940, 1, 0, 0
144250, 970, 1, 0, 0
144350, 960, 1, 0, 0
144450, 900, 1, 0, 0
144550, 910, 1, 0, 0
144650, 880, 1, 0, 0
144749, 909, 1, 0, 0
144849, 910, 1, 0, 0
144949, 950, 1, 0, 0
145049, 910, 1, 0, 0
145149, 940, 1, 0, 0
145249, 940, 1, 0, 0
145349, 920, 1, 0, 0
145449, 920, 1, 0, 0
145550, 960, 1, 0, 0
145650, 930, 1, 0, 0
145749, 939, 1, 0, 0
145849, 960, 1, 0, 0
145949, 960, 1, 0, 0
146049, 930, 1, 0, 0
146149, 920, 1, 0, 0
146249, 900, 1, 0, 0
146349, 930, 1, 0, 0
146449, 880, 1, 0, 0
146549, 880, 1, 0, 0
146649, 930, 1, 0, 0
146750, 980, 1, 0, 0
146850, 870, 1, 0, 0
146950, 900, 1, 0, 0
147050, 890, 1, 0, 0
147150, 930, 1, 0, 0
147249, 939, 1, 0, 0
147349, 960, 1, 0, 0
147449, 920, 1, 0, 0
147549, 940, 1, 0, 0
147649, 970, 1, 0, 0
147749, 950, 1, 0, 0
147849, 920, 1, 0, 0
147950, 930, 1, 0, 0
148050, 950, 1, 0, 0
148150, 910, 1, 0, 0
148249, 929, 1, 0, 0
148349, 920, 1, 0, 0
148449, 970, 1, 0, 0
148549, 910, 1, 0, 0
148649, 970, 1, 0, 0
148749, 940, 1, 0, 0
148849, 930, 1, 0, 0
148949, 940, 1, 0, 0
149049, 940, 1, 0, 0
149149, 930, 1, 0, 0
149250, 920, 1, 0, 0
149350, 970, 1, 0, 0
149450, 950, 1, 0, 0
149550, 910, 1, 0, 0
149650, 900, 1, 0, 0
149749, 929, 1, 0, 0
149849, 950, 1, 0, 0
149949, 1000, 1, 0, 0
150049, 940, 1, 0, 0
150149, 990, 1, 0, 0
150249, 930, 1, 0, 0
150350, 960, 1, 0, 0
150450, 980, 1, 0, 0
150550, 940, 1, 0, 0
150650, 890, 1, 0, 0
150749, 898, 1, 0, 0
150849, 900, 1, 0, 0
150949, 940, 1, 0, 0
151049, 940, 1, 0, 0
151149, 930, 1, 0, 0
151249, 900, 1, 0, 0
151349, 950, 1, 0, 0
151449, 920, 1, 0, 0
151549, 880, 1, 0, 0
151649, 1010, 1, 0, 0
151750, 920, 1, 0, 0
151850, 920, 1, 0, 0
151950, 910, 1, 0, 0
152050, 930, 1, 0, 0
152150, 900, 1, 0, 0
152249, 969, 1, 0, 0
152349, 920, 1, 0, 0
152449, 950, 1, 0, 0
152549, 940, 1, 0, 0
152649, 940, 1, 0, 0
152749, 950, 1, 0, 0
152849, 910, 1, 0, 0
152949, 940, 1, 0, 0
153050, 940, 1, 0, 0
153150, 920, 1, 0, 0
153249, 909, 1, 0, 0
153349, 930, 1, 0, 0
153449, 940, 1, 0, 0
153549, 930, 1, 0, 0
153649, 890, 1, 0, 0
153749, 910, 1, 0, 0
153849, 950, 1, 0, 0
153949, 870, 1, 0, 0
154049, 940, 1, 0, 0
154149, 960, 1, 0, 0
154249, 940, 1, 0, 0
154350, 940, 1, 0, 0
154450, 940, 1, 0, 0
154550, 920, 1, 0, 0
154650, 940, 1, 0, 0
154749, 969, 1, 0, 0
154849, 940, 1, 0, 0
154949, 950, 1, 0, 0
155049, 940, 1, 0, 0
155149, 920, 1, 0, 0
155249, 970, 1, 0, 0
155349, 930, 1, 0, 0
155449, 920, 1, 0, 0
155549, 960, 1, 0, 0
155649, 910, 1, 0, 0
155750, 930, 1, 0, 0
155850, 920, 1, 0, 0
155950, 960, 1, 0, 0
156050, 970, 1, 0, 0
156150, 980, 1, 0, 0
156249, 949, 1, 0, 0
156349, 920, 1, 0, 0
156449, 970, 1, 0, 0
156549, 970, 1, 0, 0
156649, 950, 1, 0, 0
156749, 930, 1, 0, 0
156849, 930, 1, 0, 0
156949, 910, 1, 0, 0
157050, 940, 1, 0, 0
157150, 920, 1, 0, 0
157249, 949, 1, 0, 0
157349, 930, 1, 0, 0
157449, 920, 1, 0, 0
157549, 920, 1, 0, 0
157649, 930, 1, 0, 0
157749, 880, 1, 0, 0
157849, 950, 1, 0, 0
157949, 920, 1, 0, 0
158049, 930, 1, 0, 0
158149, 940, 1, 0, 0
158250, 960, 1, 0, 0
158350, 910, 1, 0, 0
158450, 940, 1, 0, 0
158550, 950, 1, 0, 0
158650, 960, 1, 0, 0
158749, 919, 1, 0, 0
158849, 900, 1, 0, 0
158949, 920, 1, 0, 0
159049, 960, 1, 0, 0
159149, 900, 1, 0, 0
159249, 900, 1, 0, 0
159349, 890, 1, 0, 0
159449, 900, 1, 0, 0
159550, 910, 1, 0, 0
159650, 900, 1, 0, 0
159749, 919, 1, 0, 0
159849, 950, 1, 0, 0
159949, 940, 1, 0, 0
160049, 960, 1, 0, 0
160149, 940, 1, 0, 0
160249, 990, 1, 0, 0
160349, 950, 1, 0, 0
160449, 950, 1, 0, 0
160549, 920, 1, 0, 0
160649, 940, 1, 0, 0
160750, 910, 1, 0, 0
160850, 940, 1, 0, 0
160950, 960, 1, 0, 0
161050, 980, 1, 0, 0
161150, 900, 1, 0, 0
161249, 939, 1, 0, 0
161349, 980, 1, 0, 0
161449, 910, 1, 0, 0
161549, 1000, 1, 0, 0
161649, 930, 1, 0, 0
161749, 950, 1, 0, 0
161849, 960, 1, 0, 0
161949, 910, 1, 0, 0
162050, 970, 1, 0, 0
162150, 1000, 1, 0, 0
162249, 979, 1, 0, 0
162349, 970, 1, 0, 0
162449, 950, 1, 0, 0
162549, 970, 1, 0, 0
162649, 970, 1, 0, 0
162749, 960, 1, 0, 0
162849, 940, 1, 0, 0
162949, 940, 1, 0, 0
163049, 940, 1, 0, 0
163149, 920, 1, 0, 0
163249, 950, 1, 0, 0
163350, 950, 1, 0, 0
163450, 980, 1, 0, 0
163550, 870, 1, 0, 0
163650, 920, 1, 0, 0
163749, 919, 1, 0, 0
163849, 910, 1, 0, 0
163949, 930, 1, 0, 0
164049, 940, 1, 0, 0
164149, 970, 1, 0, 0
164249, 970, 1, 0, 0
164349, 980, 1, 0, 0
164449, 960, 1, 0, 0
164549, 930, 1, 0, 0
164649, 980, 1, 0, 0
164750, 950, 1, 0, 0
164850, 980, 1, 0, 0
164950, 950, 1, 0, 0
165050, 900, 1, 0, 0
165150, 980, 1, 0, 0
165249, 939, 1, 0, 0
165349, 910, 1, 0, 0
165449, 940, 1, 0, 0
165549, 980, 1, 0, 0
165649, 970, 1, 0, 0
165749, 950, 1, 0, 0
165849, 980, 1, 0, 0
165950, 930, 1, 0, 0
166050, 970, 1, 0, 0
166150, 930, 1, 0, 0
166249, 949, 1, 0, 0
166349, 920, 1, 0, 0
166449, 940, 1, 0, 0
166549, 970, 1, 0, 0
166649, 950, 1, 0, 0
166749, 940, 1, 0, 0
166849, 960, 1, 0, 0
166949, 1000, 1, 0, 0
167049, 980, 1, 0, 0
167150, 960, 1, 0, 0
167249, 1000, 1, 0, 0
167349, 930, 1, 0, 0
167449, 940, 1, 0, 0
167549, 930, 1, 0, 0
167649, 950, 1, 0, 0
167749, 960, 1, 0, 0
167849, 1000, 1, 0, 0
167949, 960, 1, 0, 0
168049, 940, 1, 0, 0
168149, 990, 1, 0, 0
168249, 940, 1, 0, 0
168349, 960, 1, 0, 0
168449, 920, 1, 0, 0
168550, 970, 1, 0, 0
168650, 980, 1, 0, 0
168749, 919, 1, 0, 0
168849, 990, 1, 0, 0
168949, 910, 1, 0, 0
169049, 890, 1, 0, 0
169149, 900, 1, 0, 0
169249, 980, 1, 0, 0
169349, 960, 1, 0, 0
169449, 920, 1, 0, 0
169549, 1000, 1, 0, 0
169649, 970, 1, 0, 0
169750, 970, 1, 0, 0
169850, 940, 1, 0, 0
169950, 920, 1, 0, 0
170050, 970, 1, 0, 0
170150, 970, 1, 0, 0
170249, 949, 1, 0, 0
170349, 980, 1, 0, 0
170449, 990, 1, 0, 0
170549, 960, 1, 0, 0
170649, 970, 1, 0, 0
170749, 960, 1, 0, 0
170849, 970, 1, 0, 0
170949, 1000, 1, 0, 0
171050, 990, 1, 0, 0
171150, 970, 1, 0, 0
171249, 969, 1, 0, 0
171349, 970, 1, 0, 0
171449, 950, 1, 0, 0
171549, 970, 1, 0, 0
171649, 1000, 1, 0, 0
171749, 1020, 1, 0, 0
171849, 960, 1, 0, 0
171949, 1000, 1, 0, 0
172049, 970, 1, 0, 0
172149, 980, 1, 0, 0
172250, 960, 1, 0, 0
172350, 950, 1, 0, 0
172450, 950, 1, 0, 0
172550, 1010, 1, 0, 0
172650, 940, 1, 0, 0
172749, 969, 1, 0, 0
172849, 970, 1, 0, 0
172949, 1020, 1, 0, 0
173049, 940, 1, 0, 0
173149, 930, 1, 0, 0
173249, 970, 1, 0, 0
173349, 950, 1, 0, 0
173449, 970, 1, 0, 0
173549, 1000, 1, 0, 0
173650, 980, 1, 0, 0
173749, 989, 1, 0, 0
173849, 990, 1, 0, 0
173949, 960, 1, 0, 0
174049, 960, 1, 0, 0
174149, 1010, 1, 0, 0
174249, 950, 1, 0, 0
174349, 940, 1, 0, 0
174449, 1010, 1, 0, 0
174549, 940, 1, 0, 0
174649, 940, 1, 0, 0
174749, 970, 1, 0, 0
174849, 950, 1, 0, 0
174950, 970, 1, 0, 0
175050, 950, 1, 0, 0
175150, 960, 1, 0, 0
175249, 949, 1, 0, 0
175349, 910, 1, 0, 0
175449, 940, 1, 0, 0
175549, 910, 1, 0, 0
175649, 990, 1, 0, 0
175749, 950, 1, 0, 0
175849, 970, 1, 0, 0
175949, 990, 1, 0, 0
176049, 950, 1, 0, 0
176149, 960, 1, 0, 0
176249, 970, 1, 0, 0
176350, 910, 1, 0, 0
176450, 920, 1, 0, 0
176550, 960, 1, 0, 0
176650, 940, 1, 0, 0
176749, 959, 1, 0, 0
176849, 980, 1, 0, 0
176949, 940, 1, 0, 0
177049, 950, 1, 0, 0
177149, 990, 1, 0, 0
177249, 970, 1, 0, 0
177349, 1000, 1, 0, 0
177449, 960, 1, 0, 0
177549, 1070, 1, 0, 0
177649, 950, 1, 0, 0
177750, 970, 1, 0, 0
177850, 960, 1, 0, 0
177950, 940, 1, 0, 0
178050, 930, 1, 0, 0
178150, 980, 1, 0, 0
178249, 959, 1, 0, 0
178349, 940, 1, 0, 0
178449, 960, 1, 0, 0
178549, 960, 1, 0, 0
178649, 930, 1, 0, 0
178749, 1020, 1, 0, 0
178850, 1010, 1, 0, 0
178950, 960, 1, 0, 0
179050, 960, 1, 0, 0
179150, 960, 1, 0, 0
179249, 939, 1, 0, 0
179349, 960, 1, 0, 0
179449, 950, 1, 0, 0
179549, 960, 1, 0, 0
179649, 930, 1, 0, 0
179749, 970, 1, 0, 0
179849, 920, 1, 0, 0
179949, 940, 1, 0, 0
180050, 960, 1, 0, 0
180150, 990, 1, 0, 0
180249, 939, 1, 0, 0
180349, 930, 1, 0, 0
180449, 930, 1, 0, 0
180549, 950, 1, 0, 0
180649, 930, 1, 0, 0
180749, 900, 1, 0, 0
180849, 930, 1, 0, 0
180949, 940, 1, 0, 0
181049, 950, 1, 0, 0
181149, 930, 1, 0, 0
181249, 970, 1, 0, 0
181349, 940, 1, 0, 0
181450, 960, 1, 0, 0
181550, 1000, 1, 0, 0
181650, 960, 1, 0, 0
181749, 919, 1, 0, 0
181849, 940, 1, 0, 0
181949, 940, 1, 0, 0
182049, 970, 1, 0, 0
182149, 980, 1, 0, 0
182249, 950, 1, 0, 0
182349, 960, 1, 0, 0
182449, 950, 1, 0, 0
182549, 920, 1, 0, 0
182649, 930, 1, 0, 0
182750, 1000, 1, 0, 0
182850, 950, 1, 0, 0
182950, 920, 1, 0, 0
183050, 970, 1, 0, 0
183150, 930, 1, 0, 0
183249, 959, 1, 0, 0
183349, 930, 1, 0, 0
183449, 950, 1, 0, 0
183549, 920, 1, 0, 0
183649, 960, 1, 0, 0
183749, 930, 1, 0, 0
183849, 960, 1, 0, 0
183949, 890, 1, 0, 0
184050, 950, 1, 0, 0
184150, 970, 1, 0, 0
184249, 929, 1, 0, 0
184349, 900, 1, 0, 0
184449, 930, 1, 0, 0
184549, 930, 1, 0, 0
184649, 930, 1, 0, 0
184749, 960, 1, 0, 0
184849, 960, 1, 0, 0
184949, 930, 1, 0, 0
185049, 910, 1, 0, 0
185149, 950, 1, 0, 0
185250, 960, 1, 0, 0
185350, 940, 1, 0, 0
185450, 930, 1, 0, 0
185550, 950, 1, 0, 0
185650, 940, 1, 0, 0
185749, 949, 1, 0, 0
185849, 970, 1, 0, 0
185949, 930, 1, 0, 0
186049, 950, 1, 0, 0
186149, 950, 1, 0, 0
186249, 950, 1, 0, 0
186349, 920, 1, 0, 0
186449, 920, 1, 0, 0
186550, 970, 1, 0, 0
186650, 930, 1, 0, 0
186749, 909, 1, 0, 0
186849, 960, 1, 0, 0
186949, 920, 1, 0, 0
187049, 970, 1, 0, 0
187149, 970, 1, 0, 0
187249, 930, 1, 0, 0
187349, 950, 1, 0, 0
187449, 990, 1, 0, 0
187549, 990, 1, 0, 0
187649, 970, 1, 0, 0
187750, 950, 1, 0, 0
187850, 990, 1, 0, 0
187950, 950, 1, 0, 0
188050, 980, 1, 0, 0
188150, 960, 1, 0, 0
188249, 919, 1, 0, 0
188349, 920, 1, 0, 0
188449, 970, 1, 0, 0
188549, 920, 1, 0, 0
188649, 950, 1, 0, 0
188749, 990, 1, 0, 0
188849, 970, 1, 0, 0
188949, 870, 1, 0, 0
189050, 960, 1, 0, 0
189150, 900, 1, 0, 0
189249, 929, 1, 0, 0
189349, 990, 1, 0, 0
189449, 940, 1, 0, 0
189549, 950, 1, 0, 0
189649, 920, 1, 0, 0
189749, 910, 1, 0, 0
189849, 950, 1, 0, 0
189949, 930, 1, 0, 0
190049, 930, 1, 0, 0
190149, 960, 1, 0, 0
190250, 900, 1, 0, 0
190350, 950, 1, 0, 0
190450, 890, 1, 0, 0
190550, 920, 1, 0, 0
190650, 920, 1, 0, 0
190749, 898, 1, 0, 0
190849, 920, 1, 0, 0
190949, 950, 1, 0, 0
191049, 950, 1, 0, 0
191149, 920, 1, 0, 0
191249, 970, 1, 0, 0
191349, 1010, 1, 0, 0
191449, 970, 1, 0, 0
191550, 950, 1, 0, 0
191650, 990, 1, 0, 0
191749, 939, 1, 0, 0
191849, 950, 1, 0, 0
191949, 910, 1, 0, 0
192049, 980, 1, 0, 0
192149, 970, 1, 0, 0
192249, 920, 1, 0, 0
192349, 980, 1, 0, 0
192449, 930, 1, 0, 0
192549, 950, 1, 0, 0
192649, 950, 1, 0, 0
192750, 940, 1, 0, 0
192850, 990, 1, 0, 0
192950, 970, 1, 0, 0
193050, 960, 1, 0, 0
193150, 1010, 1, 0, 0
193249, 979, 1, 0, 0
193349, 970, 1, 0, 0
193449, 960, 1, 0, 0
193549, 930, 1, 0, 0
193649, 950, 1, 0, 0
193749, 970, 1, 0, 0
193849, 950, 1, 0, 0
193949, 970, 1, 0, 0
194050, 900, 1, 0, 0
194150, 990, 1, 0, 0
194249, 979, 1, 0, 0
194349, 950, 1, 0, 0
194449, 920, 1, 0, 0
194549, 900, 1, 0, 0
194649, 890, 1, 0, 0
194749, 960, 1, 0, 0
194849, 950, 1, 0, 0
194949, 960, 1, 0, 0
195049, 950, 1, 0, 0
195149, 960, 1, 0, 0
195250, 960, 1, 0, 0
195350, 990, 1, 0, 0
195450, 950, 1, 0, 0
195550, 970, 1, 0, 0
195650, 990, 1, 0, 0
195749, 949, 1, 0, 0
195849, 930, 1, 0, 0
195949, 980, 1, 0, 0
196049, 960, 1, 0, 0
196149, 990, 1, 0, 0
196249, 980, 1, 0, 0
196349, 970, 1, 0, 0
196449, 960, 1, 0, 0
196549, 960, 1, 0, 0
196650, 950, 1, 0, 0
196749, 1000, 1, 0, 0
196849, 910, 1, 0, 0
196949, 930, 1, 0, 0
197049, 930, 1, 0, 0
197149, 930, 1, 0, 0
197249, 940, 1, 0, 0
197349, 970, 1, 0, 0
197449, 950, 1, 0, 0
197549, 950, 1, 0, 0
197649, 930, 1, 0, 0
197749, 990, 1, 0, 0
197849, 1010, 1, 0, 0
197949, 970, 1, 0, 0
198050, 930, 1, 0, 0
198150, 990, 1, 0, 0
198249, 959, 1, 0, 0
198349, 980, 1, 0, 0
198449, 970, 1, 0, 0
198549, 880, 1, 0, 0
198649, 940, 1, 0, 0
198749, 970, 1, 0, 0
198849, 970, 1, 0, 0
198949, 960, 1, 0, 0
199049, 990, 1, 0, 0
199149, 910, 1, 0, 0
199250, 940, 1, 0, 0
199350, 990, 1, 0, 0
199450, 1010, 1, 0, 0
199550, 910, 1, 0, 0
199650, 930, 1, 0, 0
199749, 989, 1, 0, 0
199849, 940, 1, 0, 0
199949, 920, 1, 0, 0
200049, 950, 1, 0, 0
200149, 960, 1, 0, 0
200249, 970, 1, 0, 0
200349, 940, 1, 0, 0
200449, 930, 1, 0, 0
200550, 940, 1, 0, 0
200650, 980, 1, 0, 0
200749, 919, 1, 0, 0
200849, 950, 1, 0, 0
200949, 970, 1, 0, 0
201049, 990, 1, 0, 0
201149, 990, 1, 0, 0
201249, 940, 1, 0, 0
201349, 910, 1, 0, 0
201449, 900, 1, 0, 0
201549, 940, 1, 0, 0
201649, 960, 1, 0, 0
201750, 1010, 1, 0, 0
201850, 930, 1, 0, 0
201950, 950, 1, 0, 0
202050, 910, 1, 0, 0
202150, 930, 1, 0, 0
202249, 959, 1, 0, 0
202349, 930, 1, 0, 0
202449, 920, 1, 0, 0
202549, 960, 1, 0, 0
202649, 940, 1, 0, 0
202749, 970, 1, 0, 0
202849, 970, 1, 0, 0
202949, 1000, 1, 0, 0
203050, 960, 1, 0, 0
203150, 930, 1, 0, 0
203249, 959, 1, 0, 0
203349, 940, 1, 0, 0
203449, 970, 1, 0, 0
203549, 1000, 1, 0, 0
203649, 990, 1, 0, 0
203749, 970, 1, 0, 0
203849, 1000, 1, 0, 0
203949, 970, 1, 0, 0
204049, 950, 1, 0, 0
204149, 990, 1, 0, 0
204250, 970, 1, 0, 0
204350, 940, 1, 0, 0
204450, 950, 1, 0, 0
204550, 960, 1, 0, 0
204650, 980, 1, 0, 0
204749, 979, 1, 0, 0
204849, 980, 1, 0, 0
204949, 970, 1, 0, 0
205049, 1000, 1, 0, 0
205149, 1010, 1, 0, 0
205249, 980, 1, 0, 0
205349, 1010, 1, 0, 0
205449, 990, 1, 0, 0
205550, 970, 1, 0, 0
205650, 950, 1, 0, 0
205749, 939, 1, 0, 0
205849, 950, 1, 0, 0
205949, 950, 1, 0, 0
206049, 970, 1, 0, 0
206149, 950, 1, 0, 0
206249, 970, 1, 0, 0
206349, 890, 1, 0, 0
206449, 930, 1, 0, 0
206549, 1010, 1, 0, 0
206649, 960, 1, 0, 0
206750, 940, 1, 0, 0
206850, 980, 1, 0, 0
206950, 960, 1, 0, 0
207050, 920, 1, 0, 0
207150, 970, 1, 0, 0
207249, 919, 1, 0, 0
207349, 950, 1, 0, 0
207449, 970, 1, 0, 0
207549, 930, 1, 0, 0
207649, 970, 1, 0, 0
207749, 980, 1, 0, 0
207849, 970, 1, 0, 0
207949, 960, 1, 0, 0
208049, 970, 1, 0, 0
208150, 1000, 1, 0, 0
208249, 989, 1, 0, 0
208349, 980, 1, 0, 0
208449, 990, 1, 0, 0
208549, 940, 1, 0, 0
208649, 970, 1, 0, 0
208749, 1010, 1, 0, 0
208849, 950, 1, 0, 0
208949, 980, 1, 0, 0
209049, 980, 1, 0, 0
209149, 930, 1, 0, 0
209249, 1000, 1, 0, 0
209349, 1000, 1, 0, 0
209450, 970, 1, 0, 0
209550, 950, 1, 0, 0
209650, 980, 1, 0, 0
209749, 969, 1, 0, 0
209849, 1040, 1, 0, 0
209949, 950, 1, 0, 0
210049, 980, 1, 0, 0
210149, 980, 1, 0, 0
210249, 960, 1, 0, 0
210349, 1000, 1, 0, 0
210449, 960, 1, 0, 0
210549, 960, 1, 0, 0
210649, 990, 1, 0, 0
210750, 980, 1, 0, 0
210850, 1010, 1, 0, 0
210950, 1010, 1, 0, 0
211050, 980, 1, 0, 0
211150, 990, 1, 0, 0
211249, 1000, 1, 0, 0
211349, 1010, 1, 0, 0
211449, 950, 1, 0, 0
211549, 960, 1, 0, 0
211649, 970, 1, 0, 0
211749, 1010, 1, 0, 0
211849, 990, 1, 0, 0
211949, 960, 1, 0, 0
212049, 980, 1, 0, 0
212150, 960, 1, 0, 0
212249, 989, 1, 0, 0
212349, 950, 1, 0, 0
212449, 990, 1, 0, 0
212549, 990, 1, 0, 0
212649, 1010, 1, 0, 0
212749, 940, 1, 0, 0
212849, 960, 1, 0, 0
212949, 1000, 1, 0, 0
213049, 960, 1, 0, 0
213149, 990, 1, 0, 0
213249, 1020, 1, 0, 0
213350, 1000, 1, 0, 0
213450, 980, 1, 0, 0
213550, 1010, 1, 0, 0
213650, 960, 1, 0, 0
213749, 919, 1, 0, 0
213849, 970, 1, 0, 0
213949, 940, 1, 0, 0
214049, 980, 1, 0, 0
214149, 960, 1, 0, 0
214249, 970, 1, 0, 0
214349, 940, 1, 0, 0
214449, 950, 1, 0, 0
214549, 960, 1, 0, 0
214650, 980, 1, 0, 0
214749, 969, 1, 0, 0
214849, 960, 1, 0, 0
214949, 930, 1, 0, 0
215049, 960, 1, 0, 0
215149, 950, 1, 0, 0
215249, 1010, 1, 0, 0
215349, 950, 1, 0, 0
215449, 950, 1, 0, 0
215549, 950, 1, 0, 0
215649, 990, 1, 0, 0
215750, 930, 1, 0, 0
215850, 980, 1, 0, 0
215950, 940, 1, 0, 0
216050, 980, 1, 0, 0
216150, 980, 1, 0, 0
216249, 949, 1, 0, 0
216349, 940, 1, 0, 0
216449, 960, 1, 0, 0
216549, 1000, 1, 0, 0
216649, 960, 1, 0, 0
216749, 980, 1, 0, 0
216849, 950, 1, 0, 0
216949, 1000, 1, 0, 0
217050, 990, 1, 0, 0
217150, 1010, 1, 0, 0
217249, 959, 1, 0, 0
217349, 960, 1, 0, 0
217449, 940, 1, 0, 0
217549, 980, 1, 0, 0
217649, 990, 1, 0, 0
217749, 980, 1, 0, 0
217849, 970, 1, 0, 0
217949, 920, 1, 0, 0
218049, 970, 1, 0, 0
218149, 960, 1, 0, 0
218250, 950, 1, 0, 0
218350, 960, 1, 0, 0
218450, 960, 1, 0, 0
218550, 950, 1, 0, 0
218650, 980, 1, 0, 0
218749, 949, 1, 0, 0
218849, 990, 1, 0, 0
218949, 960, 1, 0, 0
219049, 980, 1, 0, 0
219149, 960, 1, 0, 0
219249, 950, 1, 0, 0
219349, 990, 1, 0, 0
219449, 970, 1, 0, 0
219550, 970, 1, 0, 0
219650, 960, 1, 0, 0
219749, 1000, 1, 0, 0
219849, 940, 1, 0, 0
219949, 980, 1, 0, 0
220049, 980, 1, 0, 0
220149, 950, 1, 0, 0
220249, 990, 1, 0, 0
220349, 990, 1, 0, 0
220449, 910, 1, 0, 0
220549, 950, 1, 0, 0
220649, 940, 1, 0, 0
220750, 980, 1, 0, 0
220850, 980, 1, 0, 0
220950, 930, 1, 0, 0
221050, 960, 1, 0, 0
221150, 960, 1, 0, 0
221249, 959, 1, 0, 0
221349, 940, 1, 0, 0
221449, 960, 1, 0, 0
221549, 950, 1, 0, 0
221649, 970, 1, 0, 0
221749, 940, 1, 0, 0
221849, 950, 1, 0, 0
221949, 990, 1, 0, 0
222050, 970, 1, 0, 0
222150, 940, 1, 0, 0
222249, 919, 1, 0, 0
222349, 1010, 1, 0, 0
222449, 1010, 1, 0, 0
222549, 980, 1, 0, 0
222649, 980, 1, 0, 0
222749, 950, 1, 0, 0
222849, 950, 1, 0, 0
222949, 970, 1, 0, 0
223049, 950, 1, 0, 0
223149, 950, 1, 0, 0
223249, 970, 1, 0, 0
223350, 970, 1, 0, 0
223450, 950, 1, 0, 0
223550, 970, 1, 0, 0
223650, 970, 1, 0, 0
223749, 1010, 1, 0, 0
223849, 980, 1, 0, 0
223949, 970, 1, 0, 0
224049, 920, 1, 0, 0
224149, 970, 1, 0, 0
224249, 980, 1, 0, 0
224349, 960, 1, 0, 0
224449, 980, 1, 0, 0
224550, 950, 1, 0, 0
224650, 950, 1, 0, 0
224749, 979, 1, 0, 0
224849, 960, 1, 0, 0
224949, 950, 1, 0, 0
225049, 960, 1, 0, 0
225149, 990, 1, 0, 0
225249, 1000, 1, 0, 0
225349, 1000, 1, 0, 0
225449, 990, 1, 0, 0
225550, 990, 1, 0, 0
225650, 980, 1, 0, 0
225749, 969, 1, 0, 0
225849, 950, 1, 0, 0
225949, 1020, 1, 0, 0
226049, 1000, 1, 0, 0
226149, 990, 1, 0, 0
226249, 980, 1, 0, 0
226349, 1000, 1, 0, 0
226449, 980, 1, 0, 0
226549, 990, 1, 0, 0
226649, 980, 1, 0, 0
226750, 1030, 1, 0, 0
226850, 940, 1, 0, 0
226950, 1020, 1, 0, 0
227050, 980, 1, 0, 0
227150, 1010, 1, 0, 0
227249, 1010, 1, 0, 0
227349, 1010, 1, 0, 0
227449, 1010, 1, 0, 0
227549, 960, 1, 0, 0
227649, 1000, 1, 0, 0
227749, 1000, 1, 0, 0
227850, 1020, 1, 0, 0
227950, 990, 1, 0, 0
228050, 960, 1, 0, 0
228150, 940, 1, 0, 0
228249, 959, 1, 0, 0
228349, 1010, 1, 0, 0
228449, 1020, 1, 0, 0
228549, 940, 1, 0, 0
228649, 980, 1, 0, 0
228749, 1020, 1, 0, 0
228849, 1010, 1, 0, 0
228949, 1020, 1, 0, 0
229049, 1010, 1, 0, 0
229149, 1000, 1, 0, 0
229250, 960, 1, 0, 0
229350, 980, 1, 0, 0
229450, 940, 1, 0, 0
229550, 940, 1, 0, 0
229650, 910, 1, 0, 0
229749, 969, 1, 0, 0
229849, 1010, 1, 0, 0
229949, 960, 1, 0, 0
230049, 970, 1, 0, 0
230149, 1030, 1, 0, 0
230249, 1000, 1, 0, 0
230349, 1020, 1, 0, 0
230449, 1000, 1, 0, 0
230550, 990, 1, 0, 0
230650, 1000, 1, 0, 0
230749, 989, 1, 0, 0
230849, 970, 1, 0, 0
230949, 980, 1, 0, 0
231049, 1030, 1, 0, 0
231149, 1000, 1, 0, 0
231249, 1020, 1, 0, 0
231349, 980, 1, 0, 0
231449, 1030, 1, 0, 0
231549, 990, 1, 0, 0
231649, 980, 1, 0, 0
231750, 1020, 1, 0, 0
231850, 1000, 1, 0, 0
231950, 970, 1, 0, 0
232050, 960, 1, 0, 0
232150, 970, 1, 0, 0
232249, 929, 1, 0, 0
232349, 1000, 1, 0, 0
232449, 960, 1, 0, 0
232549, 1000, 1, 0, 0
232649, 960, 1, 0, 0
232749, 1000, 1, 0, 0
232849, 970, 1, 0, 0
232949, 1010, 1, 0, 0
233050, 980, 1, 0, 0
233150, 990, 1, 0, 0
233249, 1020, 1, 0, 0
233349, 990, 1, 0, 0
233449, 1020, 1, 0, 0
233549, 1000, 1, 0, 0
233649, 980, 1, 0, 0
233749, 970, 1, 0, 0
233849, 980, 1, 0, 0
233949, 980, 1, 0, 0
234049, 1010, 1, 0, 0
234149, 990, 1, 0, 0
234250, 950, 1, 0, 0
234350, 990, 1, 0, 0
234450, 980, 1, 0, 0
234550, 990, 1, 0, 0
234650, 950, 1, 0, 0
234749, 959, 1, 0, 0
234849, 1000, 1, 0, 0
234949, 970, 1, 0, 0
235049, 1030, 1, 0, 0
235149, 1010, 1, 0, 0
235249, 970, 1, 0, 0
235349, 1010, 1, 0, 0
235449, 990, 1, 0, 0
235550, 960, 1, 0, 0
235650, 930, 1, 0, 0
235749, 1000, 1, 0, 0
235849, 980, 1, 0, 0
235949, 980, 1, 0, 0
236049, 1010, 1, 0, 0
236149, 950, 1, 0, 0
236249, 1000, 1, 0, 0
236349, 990, 1, 0, 0
236449, 990, 1, 0, 0
236549, 920, 1, 0, 0
236649, 970, 1, 0, 0
236749, 1000, 1, 0, 0
236849, 920, 1, 0, 0
236950, 900, 1, 0, 0
237050, 940, 1, 0, 0
237150, 950, 1, 0, 0
237249, 939, 1, 0, 0
237349, 980, 1, 0, 0
237449, 980, 1, 0, 0
237549, 990, 1, 0, 0
237649, 980, 1, 0, 0
237749, 1000, 1, 0, 0
237849, 990, 1, 0, 0
237949, 960, 1, 0, 0
238049, 1020, 1, 0, 0
238149, 990, 1, 0, 0
238250, 970, 1, 0, 0
238350, 1020, 1, 0, 0
238450, 1030, 1, 0, 0
238550, 1020, 1, 0, 0
238650, 1000, 1, 0, 0
238749, 959, 1, 0, 0
238849, 970, 1, 0, 0
238949, 1000, 1, 0, 0
239049, 1000, 1, 0, 0
239149, 980, 1, 0, 0
239249, 950, 1, 0, 0
239349, 1000, 1, 0, 0
239449, 960, 1, 0, 0
239550, 980, 1, 0, 0
239650, 960, 1, 0, 0
239749, 969, 1, 0, 0
239849, 930, 1, 0, 0
239949, 1000, 1, 0, 0
240049, 950, 1, 0, 0
240149, 960, 1, 0, 0
240249, 950, 1, 0, 0
240349, 960, 1, 0, 0
240449, 960, 1, 0, 0
240549, 930, 1, 0, 0
240649, 940, 1, 0, 0
240749, 950, 1, 0, 0
240849, 980, 1, 0, 0
240950, 970, 1, 0, 0
241050, 960, 1, 0, 0
241150, 950, 1, 0, 0
241249, 1010, 1, 0, 0
241349, 960, 1, 0, 0
241449, 920, 1, 0, 0
241549, 1020, 1, 0, 0
241649, 990, 1, 0, 0
241749, 910, 1, 0, 0
241849, 970, 1, 0, 0
241949, 1010, 1, 0, 0
242049, 990, 1, 0, 0
242149, 1000, 1, 0, 0
242250, 970, 1, 0, 0
242350, 980, 1, 0, 0
242450, 970, 1, 0, 0
242550, 980, 1, 0, 0
242650, 980, 1, 0, 0
242749, 939, 1, 0, 0
242849, 970, 1, 0, 0
242949, 1000, 1, 0, 0
243049, 960, 1, 0, 0
243149, 990, 1, 0, 0
243249, 950, 1, 0, 0
243349, 990, 1, 0, 0
243449, 950, 1, 0, 0
243550, 950, 1, 0, 0
243650, 970, 1, 0, 0
243749, 969, 1, 0, 0
243849, 980, 1, 0, 0
243949, 940, 1, 0, 0
244049, 960, 1, 0, 0
244149, 960, 1, 0, 0
244249, 930, 1, 0, 0
244349, 960, 1, 0, 0
244449, 980, 1, 0, 0
244549, 990, 1, 0, 0
244649, 940, 1, 0, 0
244749, 940, 1, 0, 0
244850, 970, 1, 0, 0
244950, 960, 1, 0, 0
245050, 990, 1, 0, 0
245150, 940, 1, 0, 0
245249, 969, 1, 0, 0
245349, 990, 1, 0, 0
245449, 970, 1, 0, 0
245549, 990, 1, 0, 0
245649, 920, 1, 0, 0
245749, 960, 1, 0, 0
245849, 940, 1, 0, 0
245949, 970, 1, 0, 0
246049, 960, 1, 0, 0
246150, 1010, 1, 0, 0
246249, 949, 1, 0, 0
246349, 930, 1, 0, 0
246449, 960, 1, 0, 0
246549, 890, 1, 0, 0
246649, 910, 1, 0, 0
246749, 980, 1, 0, 0
246849, 960, 1, 0, 0
246949, 930, 1, 0, 0
247049, 890, 1, 0, 0
247149, 960, 1, 0, 0
247249, 920, 1, 0, 0
247349, 930, 1, 0, 0
247449, 960, 1, 0, 0
247550, 970, 1, 0, 0
247650, 970, 1, 0, 0
247749, 949, 1, 0, 0
247849, 1000, 1, 0, 0
247949, 980, 1, 0, 0
248049, 980, 1, 0, 0
248149, 960, 1, 0, 0
248249, 920, 1, 0, 0
248349, 940, 1, 0, 0
248449, 950, 1, 0, 0
248549, 950, 1, 0, 0
248649, 960, 1, 0, 0
248750, 960, 1, 0, 0
248850, 970, 1, 0, 0
248950, 960, 1, 0, 0
249050, 950, 1, 0, 0
249150, 950, 1, 0, 0
249249, 959, 1, 0, 0
249349, 970, 1, 0, 0
249449, 1000, 1, 0, 0
249549, 1030, 1, 0, 0
249649, 960, 1, 0, 0
249749, 1020, 1, 0, 0
249849, 960, 1, 0, 0
249950, 970, 1, 0, 0
250050, 940, 1, 0, 0
250150, 1000, 1, 0, 0
250249, 989, 1, 0, 0
250349, 930, 1, 0, 0
250449, 950, 1, 0, 0
250549, 980, 1, 0, 0
250649, 1000, 1, 0, 0
250749, 910, 1, 0, 0
250849, 1000, 1, 0, 0
250949, 970, 1, 0, 0
251049, 1000, 1, 0, 0
251149, 980, 1, 0, 0
251250, 950, 1, 0, 0
251350, 920, 1, 0, 0
251450, 930, 1, 0, 0
251550, 990, 1, 0, 0
251650, 950, 1, 0, 0
251749, 969, 1, 0, 0
251849, 980, 1, 0, 0
251949, 1030, 1, 0, 0
252049, 930, 1, 0, 0
252149, 950, 1, 0, 0
252249, 980, 1, 0, 0
252349, 1010, 1, 0, 0
252450, 950, 1, 0, 0
252550, 960, 1, 0, 0
252650, 940, 1, 0, 0
252749, 989, 1, 0, 0
252849, 930, 1, 0, 0
252949, 1030, 1, 0, 0
253049, 960, 1, 0, 0
253149, 970, 1, 0, 0
253249, 1020, 1, 0, 0
253349, 970, 1, 0, 0
253449, 920, 1, 0, 0
253549, 950, 1, 0, 0
253649, 960, 1, 0, 0
253750, 930, 1, 0, 0
253850, 970, 1, 0, 0
253950, 970, 1, 0, 0
254050, 970, 1, 0, 0
254150, 990, 1, 0, 0
254249, 878, 1, 0, 0
254349, 950, 1, 0, 0
254449, 980, 1, 0, 0
254549, 950, 1, 0, 0
254649, 980, 1, 0, 0
254749, 1000, 1, 0, 0
254849, 980, 1, 0, 0
254949, 960, 1, 0, 0
255050, 970, 1, 0, 0
255150, 950, 1, 0, 0
255249, 959, 1, 0, 0
255349, 990, 1, 0, 0
255449, 970, 1, 0, 0
255549, 980, 1, 0, 0
255649, 990, 1, 0, 0
255749, 1000, 1, 0, 0
255849, 990, 1, 0, 0
255949, 1000, 1, 0, 0
256049, 970, 1, 0, 0
256149, 970, 1, 0, 0
256250, 1030, 1, 0, 0
256350, 1000, 1, 0, 0
256450, 1030, 1, 0, 0
256550, 980, 1, 0, 0
256650, 1010, 1, 0, 0
256749, 1010, 1, 0, 0
256849, 970, 1, 0, 0
256949, 1000, 1, 0, 0
257049, 990, 1, 0, 0
257149, 1010, 1, 0, 0
257249, 970, 1, 0, 0
257349, 990, 1, 0, 0
257449, 1000, 1, 0, 0
257550, 1000, 1, 0, 0
257650, 990, 1, 0, 0
257749, 1000, 1, 0, 0
257849, 950, 1, 0, 0
257949, 1010, 1, 0, 0
258049, 970, 1, 0, 0
258149, 1000, 1, 0, 0
258249, 900, 1, 0, 0
258349, 1030, 1, 0, 0
258449, 990, 1, 0, 0
258549, 900, 1, 0, 0
258649, 1000, 1, 0, 0
258750, 970, 1, 0, 0
258850, 950, 1, 0, 0
258950, 970, 1, 0, 0
259050, 980, 1, 0, 0
259150, 1010, 1, 0, 0
259249, 979, 1, 0, 0
259349, 1000, 1, 0, 0
259449, 990, 1, 0, 0
259549, 990, 1, 0, 0
259649, 950, 1, 0, 0
259749, 1020, 1, 0, 0
259849, 1010, 1, 0, 0
259949, 1000, 1, 0, 0
260049, 950, 1, 0, 0
260150, 970, 1, 0, 0
260249, 1020, 1, 0, 0
260349, 990, 1, 0, 0
260449, 1070, 1, 0, 0
260549, 970, 1, 0, 0
260649, 1000, 1, 0, 0
260749, 990, 1, 0, 0
260849, 960, 1, 0, 0
260949, 980, 1, 0, 0
261049, 990, 1, 0, 0
261149, 980, 1, 0, 0
261249, 970, 1, 0, 0
261349, 990, 1, 0, 0
261449, 980, 1, 0, 0
261550, 970, 1, 0, 0
261650, 990, 1, 0, 0
261749, 1010, 1, 0, 0
261849, 940, 1, 0, 0
261949, 960, 1, 0, 0
262049, 970, 1, 0, 0
262149, 990, 1, 0, 0
262249, 1010, 1, 0, 0
262349, 1030, 1, 0, 0
262449, 980, 1, 0, 0
262549, 960, 1, 0, 0
262649, 1000, 1, 0, 0
262750, 930, 1, 0, 0
262850, 990, 1, 0, 0
262950, 980, 1, 0, 0
263050, 1000, 1, 0, 0
263150, 980, 1, 0, 0
263249, 1020, 1, 0, 0
263349, 990, 1, 0, 0
263449, 1000, 1, 0, 0
263549, 990, 1, 0, 0
263649, 990, 1, 0, 0
263749, 970, 1, 0, 0
263849, 940, 1, 0, 0
263949, 960, 1, 0, 0
264050, 950, 1, 0, 0
264150, 990, 1, 0, 0
264249, 959, 1, 0, 0
264349, 960, 1, 0, 0
264449, 960, 1, 0, 0
264549, 1000, 1, 0, 0
264649, 1040, 1, 0, 0
264749, 980, 1, 0, 0
264849, 990, 1, 0, 0
264949, 970, 1, 0, 0
265049, 1030, 1, 0, 0
265149, 990, 1, 0, 0
265250, 1030, 1, 0, 0
265350, 990, 1, 0, 0
265450, 980, 1, 0, 0
265550, 980, 1, 0, 0
265650, 990, 1, 0, 0
265749, 989, 1, 0, 0
265849, 960, 1, 0, 0
265949, 970, 1, 0, 0
266049, 940, 1, 0, 0
266149, 1040, 1, 0, 0
266249, 1030, 1, 0, 0
266349, 1020, 1, 0, 0
266449, 1020, 1, 0, 0
266550, 960, 1, 0, 0
266650, 1000, 1, 0, 0
266749, 989, 1, 0, 0
266849, 970, 1, 0, 0
266949, 1010, 1, 0, 0
267049, 1010, 1, 0, 0
267149, 1030, 1, 0, 0
267249, 980, 1, 0, 0
267349, 1010, 1, 0, 0
267449, 980, 1, 0, 0
267549, 990, 1, 0, 0
267649, 1040, 1, 0, 0
267749, 1000, 1, 0, 0
267850, 970, 1, 0, 0
267950, 980, 1, 0, 0
268050, 960, 1, 0, 0
268150, 1010, 1, 0, 0
268249, 929, 1, 0, 0
268349, 990, 1, 0, 0
268449, 960, 1, 0, 0
268549, 1000, 1, 0, 0
268649, 1000, 1, 0, 0
268749, 980, 1, 0, 0
268849, 910, 1, 0, 0
268949, 950, 1, 0, 0
269049, 930, 1, 0, 0
269149, 990, 1, 0, 0
269250, 1010, 1, 0, 0
269350, 910, 1, 0, 0
269450, 920, 1, 0, 0
269550, 960, 1, 0, 0
269650, 940, 1, 0, 0
269749, 949, 1, 0, 0
269849, 1000, 1, 0, 0
269949, 900, 1, 0, 0
270049, 980, 1, 0, 0
270149, 990, 1, 0, 0
270249, 1020, 1, 0, 0
270349, 1020, 1, 0, 0
270449, 1000, 1, 0, 0
270550, 1010, 1, 0, 0
270650, 990, 1, 0, 0
270749, 1000, 1, 0, 0
270849, 980, 1, 0, 0
270949, 990, 1, 0, 0
271049, 1010, 1, 0, 0
271149, 990, 1, 0, 0
271249, 1040, 1, 0, 0
271349, 960, 1, 0, 0
271449, 1010, 1, 0, 0
271549, 940, 1, 0, 0
271649, 990, 1, 0, 0
271750, 970, 1, 0, 0
271850, 990, 1, 0, 0
271950, 1000, 1, 0, 0
272050, 1020, 1, 0, 0
272150, 910, 1, 0, 0
272249, 939, 1, 0, 0
272349, 1000, 1, 0, 0
272449, 980, 1, 0, 0
272549, 950, 1, 0, 0
272649, 950, 1, 0, 0
272749, 1000, 1, 0, 0
272849, 1040, 1, 0, 0
272949, 1000, 1, 0, 0
273050, 1010, 1, 0, 0
273150, 1050, 1, 0, 0
273249, 989, 1, 0, 0
273349, 950, 1, 0, 0
273449, 1010, 1, 0, 0
273549, 1000, 1, 0, 0
273649, 1010, 1, 0, 0
273749, 1030, 1, 0, 0
273849, 1000, 1, 0, 0
273949, 1030, 1, 0, 0
274049, 960, 1, 0, 0
274149, 1010, 1, 0, 0
274249, 990, 1, 0, 0
274350, 970, 1, 0, 0
274450, 1010, 1, 0, 0
274550, 970, 1, 0, 0
274650, 970, 1, 0, 0
274749, 989, 1, 0, 0
274849, 1020, 1, 0, 0
274949, 980, 1, 0, 0
275049, 1010, 1, 0, 0
275149, 970, 1, 0, 0
275249, 980, 1, 0, 0
275349, 980, 1, 0, 0
275449, 1000, 1, 0, 0
275549, 960, 1, 0, 0
275649, 1020, 1, 0, 0
275750, 980, 1, 0, 0
275850, 1020, 1, 0, 0
275950, 990, 1, 0, 0
276050, 990, 1, 0, 0
276150, 970, 1, 0, 0
276249, 1010, 1, 0, 0
276349, 990, 1, 0, 0
276449, 1000, 1, 0, 0
276549, 1000, 1, 0, 0
276649, 980, 1, 0, 0
276749, 970, 1, 0, 0
276849, 950, 1, 0, 0
276949, 980, 1, 0, 0
277050, 990, 1, 0, 0
277150, 1020, 1, 0, 0
277249, 969, 1, 0, 0
277349, 970, 1, 0, 0
277449, 1010, 1, 0, 0
277549, 1000, 1, 0, 0
277649, 1040, 1, 0, 0
277749, 1010, 1, 0, 0
277849, 1000, 1, 0, 0
277949, 1020, 1, 0, 0
278049, 1020, 1, 0, 0
278149, 1000, 1, 0, 0
278250, 970, 1, 0, 0
278350, 950, 1, 0, 0
278450, 960, 1, 0, 0
278550, 960, 1, 0, 0
278650, 950, 1, 0, 0
278749, 989, 1, 0, 0
278849, 990, 1, 0, 0
278949, 980, 1, 0, 0
279049, 990, 1, 0, 0
279149, 960, 1, 0, 0
279249, 980, 1, 0, 0
279349, 950, 1, 0, 0
279449, 1020, 1, 0, 0
279550, 1000, 1, 0, 0
279650, 950, 1, 0, 0
279749, 939, 1, 0, 0
279849, 970, 1, 0, 0
279949, 940, 1, 0, 0
280049, 960, 1, 0, 0
280149, 990, 1, 0, 0
280249, 1050, 1, 0, 0
280349, 960, 1, 0, 0
280449, 1010, 1, 0, 0
280549, 1040, 1, 0, 0
280649, 980, 1, 0, 0
280750, 980, 1, 0, 0
280850, 960, 1, 0, 0
280950, 970, 1, 0, 0
281050, 990, 1, 0, 0
281150, 1000, 1, 0, 0
281249, 969, 1, 0, 0
281349, 980, 1, 0, 0
281449, 930, 1, 0, 0
281549, 960, 1, 0, 0
281649, 970, 1, 0, 0
281749, 960, 1, 0, 0
281849, 980, 1, 0, 0
281949, 950, 1, 0, 0
282050, 1030, 1, 0, 0
282150, 1040, 1, 0, 0
282249, 1000, 1, 0, 0
282349, 1000, 1, 0, 0
282449, 1020, 1, 0, 0
282549, 1000, 1, 0, 0
282649, 1040, 1, 0, 0
282749, 1010, 1, 0, 0
282849, 1000, 1, 0, 0
282949, 960, 1, 0, 0
283049, 980, 1, 0, 0
283149, 1010, 1, 0, 0
283249, 980, 1, 0, 0
283350, 1020, 1, 0, 0
283450, 1000, 1, 0, 0
283550, 1010, 1, 0, 0
283650, 1010, 1, 0, 0
283749, 979, 1, 0, 0
283849, 990, 1, 0, 0
283949, 1000, 1, 0, 0
284049, 960, 1, 0, 0
284149, 970, 1, 0, 0
284249, 1010, 1, 0, 0
284349, 1030, 1, 0, 0
284449, 1010, 1, 0, 0
284549, 980, 1, 0, 0
284649, 1010, 1, 0, 0
284749, 1010, 1, 0, 0
284849, 970, 1, 0, 0
284949, 970, 1, 0, 0
285049, 1010, 1, 0, 0
285149, 980, 1, 0, 0
285249, 960, 1, 0, 0
285349, 1040, 1, 0, 0
285449, 1000, 1, 0, 0
285549, 1050, 1, 0, 0
285649, 970, 1, 0, 0
285749, 960, 1, 0, 0
285849, 980, 1, 0, 0
285949, 960, 1, 0, 0
286050, 980, 1, 0, 0
286150, 1010, 1, 0, 0
286249, 1020, 1, 0, 0
286349, 970, 1, 0, 0
286449, 1010, 1, 0, 0
286549, 990, 1, 0, 0
286649, 990, 1, 0, 0
286749, 980, 1, 0, 0
286849, 1010, 1, 0, 0
286949, 970, 1, 0, 0
287049, 1020, 1, 0, 0
287149, 1010, 1, 0, 0
287250, 980, 1, 0, 0
287350, 980, 1, 0, 0
287450, 1030, 1, 0, 0
287550, 1060, 1, 0, 0
287650, 1000, 1, 0, 0
287749, 969, 1, 0, 0
287849, 990, 1, 0, 0
287949, 960, 1, 0, 0
288049, 1010, 1, 0, 0
288149, 1000, 1, 0, 0
288249, 1000, 1, 0, 0
288349, 940, 1, 0, 0
288449, 1010, 1, 0, 0
288550, 970, 1, 0, 0
288650, 990, 1, 0, 0
288749, 1010, 1, 0, 0
288849, 970, 1, 0, 0
288949, 940, 1, 0, 0
289049, 1000, 1, 0, 0
289149, 990, 1, 0, 0
289249, 980, 1, 0, 0
289349, 1000, 1, 0, 0
289449, 1010, 1, 0, 0
289549, 970, 1, 0, 0
289649, 1030, 1, 0, 0
289750, 980, 1, 0, 0
289850, 1000, 1, 0, 0
289950, 1010, 1, 0, 0
290050, 950, 1, 0, 0
290150, 1000, 1, 0, 0
290249, 1030, 1, 0, 0
290349, 1010, 1, 0, 0
290449, 990, 1, 0, 0
290549, 930, 1, 0, 0
290649, 940, 1, 0, 0
290749, 960, 1, 0, 0
290849, 1000, 1, 0, 0
290949, 990, 1, 0, 0
291050, 1010, 1, 0, 0
291150, 970, 1, 0, 0
291249, 969, 1, 0, 0
291349, 950, 1, 0, 0
291449, 1010, 1, 0, 0
291549, 990, 1, 0, 0
291649, 1060, 1, 0, 0
291749, 1000, 1, 0, 0
291849, 1020, 1, 0, 0
291949, 1010, 1, 0, 0
292049, 960, 1, 0, 0
292149, 930, 1, 0, 0
292249, 1000, 1, 0, 0
292349, 1000, 1, 0, 0
292449, 940, 1, 0, 0
292549, 980, 1, 0, 0
292649, 960, 1, 0, 0
292749, 980, 1, 0, 0
292849, 980, 1, 0, 0
292949, 1000, 1, 0, 0
293049, 970, 1, 0, 0
293149, 970, 1, 0, 0
293249, 989, 1, 0, 0
293349, 970, 1, 0, 0
293449, 990, 1, 0, 0
293549, 1020, 1, 0, 0
293649, 970, 1, 0, 0
293749, 960, 1, 0, 0
293849, 1000, 1, 0, 0
293949, 970, 1, 0, 0
294049, 970, 1, 0, 0
294149, 970, 1, 0, 0
294250, 940, 1, 0, 0
294350, 990, 1, 0, 0
294450, 990, 1, 0, 0
294550, 950, 1, 0, 0
294650, 970, 1, 0, 0
294749, 919, 1, 0, 0
294849, 1020, 1, 0, 0
294949, 950, 1, 0, 0
295049, 930, 1, 0, 0
295149, 980, 1, 0, 0
295249, 950, 1, 0, 0
295349, 980, 1, 0, 0
295449, 1030, 1, 0, 0
295550, 1000, 1, 0, 0
295650, 950, 1, 0, 0
295749, 1030, 1, 0, 0
295849, 970, 1, 0, 0
295949, 950, 1, 0, 0
296049, 950, 1, 0, 0
296149, 990, 1, 0, 0
296249, 1030, 1, 0, 0
296349, 990, 1, 0, 0
296449, 1010, 1, 0, 0
296549, 1000, 1, 0, 0
296649, 990, 1, 0, 0
296750, 1010, 1, 0, 0
296850, 1030, 1, 0, 0
296950, 1020, 1, 0, 0
297050, 990, 1, 0, 0
297150, 1000, 1, 0, 0
297249, 1000, 1, 0, 0
297349, 980, 1, 0, 0
297449, 1000, 1, 0, 0
297549, 990, 1, 0, 0
297649, 1000, 1, 0, 0
297749, 990, 1, 0, 0
297849, 970, 1, 0, 0
297949, 950, 1, 0, 0
298050, 1000, 1, 0, 0
298150, 960, 1, 0, 0
298249, 979, 1, 0, 0
298349, 980, 1, 0, 0
298449, 990, 1, 0, 0
298549, 950, 1, 0, 0
298649, 970, 1, 0, 0
298749, 1000, 1, 0, 0
298849, 1010, 1, 0, 0
298949, 1000, 1, 0, 0
299049, 970, 1, 0, 0
299149, 990, 1, 0, 0
299250, 980, 1, 0, 0
299350, 1000, 1, 0, 0
299450, 960, 1, 0, 0
299550, 970, 1, 0, 0
299650, 980, 1, 0, 0
299749, 969, 1, 0, 0
299849, 950, 1, 0, 0
299949, 1000, 1, 0, 0
300049, 1040, 1, 0, 0
300149, 980, 1, 0, 0
300249, 920, 1, 0, 0
300349, 960, 1, 0, 0
300449, 990, 1, 0, 0
300550, 970, 1, 0, 0
300650, 1000, 1, 0, 0
300749, 1010, 1, 0, 0
300849, 1010, 1, 0, 0
300949, 980, 1, 0, 0
301049, 960, 1, 0, 0
301149, 990, 1, 0, 0
301249, 1020, 1, 0, 0
301349, 1060, 1, 0, 0
301449, 990, 1, 0, 0
301549, 1020, 1, 0, 0
301649, 920, 1, 0, 0
301750, 980, 1, 0, 0
301850, 970, 1, 0, 0
301950, 1010, 1, 0, 0
302050, 970, 1, 0, 0
302150, 970, 1, 0, 0
302249, 1000, 1, 0, 0
302349, 960, 1, 0, 0
302449, 990, 1, 0, 0
302549, 960, 1, 0, 0
302649, 950, 1, 0, 0
302749, 980, 1, 0, 0
302849, 970, 1, 0, 0
302949, 1000, 1, 0, 0
303050, 970, 1, 0, 0
303150, 960, 1, 0, 0
303249, 1000, 1, 0, 0
303349, 990, 1, 0, 0
303449, 960, 1, 0, 0
303549, 980, 1, 0, 0
303649, 1010, 1, 0, 0
303749, 950, 1, 0, 0
303849, 1020, 1, 0, 0
303949, 950, 1, 0, 0
304049, 1040, 1, 0, 0
304149, 1010, 1, 0, 0
304250, 1010, 1, 0, 0
304350, 990, 1, 0, 0
304450, 1010, 1, 0, 0
304550, 1050, 1, 0, 0
304650, 930, 1, 0, 0
304749, 979, 1, 0, 0
304849, 970, 1, 0, 0
304949, 970, 1, 0, 0
305049, 1000, 1, 0, 0
305149, 980, 1, 0, 0
305249, 1010, 1, 0, 0
305349, 980, 1, 0, 0
305449, 1010, 1, 0, 0
305550, 990, 1, 0, 0
305650, 930, 1, 0, 0
305749, 989, 1, 0, 0
305849, 980, 1, 0, 0
305949, 990, 1, 0, 0
306049, 1000, 1, 0, 0
306149, 990, 1, 0, 0
306249, 1010, 1, 0, 0
306349, 990, 1, 0, 0
306449, 960, 1, 0, 0
306549, 1000, 1, 0, 0
306649, 970, 1, 0, 0
306749, 960, 1, 0, 0
306850, 960, 1, 0, 0
306950, 960, 1, 0, 0
307050, 1000, 1, 0, 0
307150, 1010, 1, 0, 0
307249, 1010, 1, 0, 0
307349, 980, 1, 0, 0
307449, 980, 1, 0, 0
307549, 990, 1, 0, 0
307649, 980, 1, 0, 0
307749, 960, 1, 0, 0
307850, 1010, 1, 0, 0
307950, 980, 1, 0, 0
308050, 960, 1, 0, 0
308150, 1010, 1, 0, 0
308249, 1000, 1, 0, 0
308349, 1020, 1, 0, 0
308449, 990, 1, 0, 0
308549, 960, 1, 0, 0
308649, 1010, 1, 0, 0
308749, 1000, 1, 0, 0
308849, 1040, 1, 0, 0
308949, 960, 1, 0, 0
309049, 980, 1, 0, 0
309149, 1000, 1, 0, 0
309249, 989, 1, 0, 0
309349, 990, 1, 0, 0
309449, 990, 1, 0, 0
309549, 990, 1, 0, 0
309649, 970, 1, 0, 0
309749, 1000, 1, 0, 0
309849, 980, 1, 0, 0
309949, 1000, 1, 0, 0
310049, 1000, 1, 0, 0
310149, 1000, 1, 0, 0
310249, 1020, 1, 0, 0
310349, 1010, 1, 0, 0
310449, 980, 1, 0, 0
310550, 980, 1, 0, 0
310650, 1020, 1, 0, 0
310749, 1000, 1, 0, 0
310849, 1010, 1, 0, 0
310949, 960, 1, 0, 0
311049, 1020, 1, 0, 0
311149, 1020, 1, 0, 0
311249, 1010, 1, 0, 0
311349, 1010, 1, 0, 0
311449, 960, 1, 0, 0
311549, 1010, 1, 0, 0
311649, 970, 1, 0, 0
311750, 1010, 1, 0, 0
311850, 1000, 1, 0, 0
311950, 1010, 1, 0, 0
312050, 980, 1, 0, 0
312150, 990, 1, 0, 0
312249, 959, 1, 0, 0
312349, 980, 1, 0, 0
312449, 990, 1, 0, 0
312549, 990, 1, 0, 0
312649, 1010, 1, 0, 0
312749, 980, 1, 0, 0
312849, 1010, 1, 0, 0
312949, 960, 1, 0, 0
313049, 960, 1, 0, 0
313150, 960, 1, 0, 0
313249, 959, 1, 0, 0
313349, 970, 1, 0, 0
313449, 970, 1, 0, 0
313549, 950, 1, 0, 0
313649, 1010, 1, 0, 0
313749, 1000, 1, 0, 0
313849, 990, 1, 0, 0
313949, 940, 1, 0, 0
314049, 1000, 1, 0, 0
314149, 940, 1, 0, 0
314249, 980, 1, 0, 0
314349, 950, 1, 0, 0
314449, 980, 1, 0, 0
314550, 940, 1, 0, 0
314650, 990, 1, 0, 0
314749, 969, 1, 0, 0
314849, 990, 1, 0, 0
314949, 1020, 1, 0, 0
315049, 970, 1, 0, 0
315149, 920, 1, 0, 0
315249, 940, 1, 0, 0
315349, 930, 1, 0, 0
315449, 930, 1, 0, 0
315549, 950, 1, 0, 0
315649, 960, 1, 0, 0
315750, 990, 1, 0, 0
315850, 970, 1, 0, 0
315950, 1030, 1, 0, 0
316050, 980, 1, 0, 0
316150, 1000, 1, 0, 0
316249, 1010, 1, 0, 0
316349, 960, 1, 0, 0
316449, 1000, 1, 0, 0
316549, 980, 1, 0, 0
316649, 950, 1, 0, 0
316749, 970, 1, 0, 0
316849, 1000, 1, 0, 0
316949, 980, 1, 0, 0
317050, 920, 1, 0, 0
317150, 960, 1, 0, 0
317249, 919, 1, 0, 0
317349, 960, 1, 0, 0
317449, 940, 1, 0, 0
317549, 950, 1, 0, 0
317649, 980, 1, 0, 0
317749, 960, 1, 0, 0
317849, 1040, 1, 0, 0
317949, 940, 1, 0, 0
318049, 980, 1, 0, 0
318149, 980, 1, 0, 0
318250, 980, 1, 0, 0
318350, 920, 1, 0, 0
318450, 960, 1, 0, 0
318550, 950, 1, 0, 0
318650, 950, 1, 0, 0
318749, 1010, 1, 0, 0
318849, 940, 1, 0, 0
318949, 950, 1, 0, 0
319049, 960, 1, 0, 0
319149, 900, 1, 0, 0
319249, 890, 1, 0, 0
319349, 950, 1, 0, 0
319450, 970, 1, 0, 0
319550, 930, 1, 0, 0
319650, 950, 1, 0, 0
319749, 1020, 1, 0, 0
319849, 960, 1, 0, 0
319949, 940, 1, 0, 0
320049, 950, 1, 0, 0
320149, 950, 1, 0, 0
320249, 970, 1, 0, 0
320349, 940, 1, 0, 0
320449, 970, 1, 0, 0
320549, 920, 1, 0, 0
320649, 970, 1, 0, 0
320750, 980, 1, 0, 0
320850, 990, 1, 0, 0
320950, 1000, 1, 0, 0
321050, 1000, 1, 0, 0
321150, 970, 1, 0, 0
321249, 929, 1, 0, 0
321349, 940, 1, 0, 0
321449, 990, 1, 0, 0
321549, 970, 1, 0, 0
321649, 980, 1, 0, 0
321749, 960, 1, 0, 0
321849, 940, 1, 0, 0
321950, 980, 1, 0, 0
322050, 950, 1, 0, 0
322150, 960, 1, 0, 0
322249, 1010, 1, 0, 0
322349, 990, 1, 0, 0
322449, 980, 1, 0, 0
322549, 1000, 1, 0, 0
322649, 950, 1, 0, 0
322749, 960, 1, 0, 0
322849, 930, 1, 0, 0
322949, 970, 1, 0, 0
323049, 970, 1, 0, 0
323149, 960, 1, 0, 0
323250, 970, 1, 0, 0
323350, 980, 1, 0, 0
323450, 970, 1, 0, 0
323550, 930, 1, 0, 0
323650, 970, 1, 0, 0
323749, 959, 1, 0, 0
323849, 990, 1, 0, 0
323949, 980, 1, 0, 0
324049, 980, 1, 0, 0
324149, 980, 1, 0, 0
324249, 930, 1, 0, 0
324349, 940, 1, 0, 0
324449, 930, 1, 0, 0
324550, 940, 1, 0, 0
324650, 940, 1, 0, 0
324749, 979, 1, 0, 0
324849, 970, 1, 0, 0
324949, 970, 1, 0, 0
325049, 970, 1, 0, 0
325149, 970, 1, 0, 0
325249, 1030, 1, 0, 0
325349, 970, 1, 0, 0
325449, 980, 1, 0, 0
325549, 1000, 1, 0, 0
325649, 980, 1, 0, 0
325750, 1020, 1, 0, 0
325850, 1060, 1, 0, 0
325950, 970, 1, 0, 0
326050, 970, 1, 0, 0
326150, 1010, 1, 0, 0
326249, 979, 1, 0, 0
326349, 990, 1, 0, 0
326449, 990, 1, 0, 0
326549, 1020, 1, 0, 0
326649, 970, 1, 0, 0
326749, 990, 1, 0, 0
326849, 1010, 1, 0, 0
326949, 1030, 1, 0, 0
327050, 1010, 1, 0, 0
327150, 1020, 1, 0, 0
327249, 989, 1, 0, 0
327349, 980, 1, 0, 0
327449, 1000, 1, 0, 0
327549, 960, 1, 0, 0
327649, 970, 1, 0, 0
327749, 1040, 1, 0, 0
327849, 1050, 1, 0, 0
327949, 990, 1, 0, 0
328049, 990, 1, 0, 0
328149, 1000, 1, 0, 0
328250, 970, 1, 0, 0
328350, 990, 1, 0, 0
328450, 1040, 1, 0, 0
328550, 1000, 1, 0, 0
328650, 1000, 1, 0, 0
328749, 1050, 1, 0, 0
328849, 1020, 1, 0, 0
328949, 990, 1, 0, 0
329049, 970, 1, 0, 0
329149, 980, 1, 0, 0
329249, 1010, 1, 0, 0
329349, 1020, 1, 0, 0
329449, 960, 1, 0, 0
329549, 1000, 1, 0, 0
329650, 1030, 1, 0, 0
329749, 969, 1, 0, 0
329849, 1010, 1, 0, 0
329949, 1020, 1, 0, 0
330049, 980, 1, 0, 0
330149, 1030, 1, 0, 0
330249, 1020, 1, 0, 0
330349, 1030, 1, 0, 0
330449, 990, 1, 0, 0
330549, 1010, 1, 0, 0
330649, 1030, 1, 0, 0
330749, 1010, 1, 0, 0
330849, 940, 1, 0, 0
330949, 960, 1, 0, 0
331050, 960, 1, 0, 0
331150, 980, 1, 0, 0
331249, 1000, 1, 0, 0
331349, 960, 1, 0, 0
331449, 990, 1, 0, 0
331549, 900, 1, 0, 0
331649, 970, 1, 0, 0
331749, 990, 1, 0, 0
331849, 1020, 1, 0, 0
331949, 1020, 1, 0, 0
332049, 1010, 1, 0, 0
332149, 990, 1, 0, 0
332250, 980, 1, 0, 0
332350, 970, 1, 0, 0
332450, 1000, 1, 0, 0
332550, 1010, 1, 0, 0
332650, 1010, 1, 0, 0
332749, 1040, 1, 0, 0
332849, 1010, 1, 0, 0
332949, 1000, 1, 0, 0
333049, 960, 1, 0, 0
333149, 980, 1, 0, 0
333249, 950, 1, 0, 0
333349, 1030, 1, 0, 0
333449, 970, 1, 0, 0
333550, 970, 1, 0, 0
333650, 1010, 1, 0, 0
333749, 1000, 1, 0, 0
333849, 1000, 1, 0, 0
333949, 990, 1, 0, 0
334049, 950, 1, 0, 0
334149, 910, 1, 0, 0
334249, 1020, 1, 0, 0
334349, 990, 1, 0, 0
334449, 1000, 1, 0, 0
334549, 940, 1, 0, 0
334649, 980, 1, 0, 0
334750, 1000, 1, 0, 0
334850, 990, 1, 0, 0
334950, 1010, 1, 0, 0
335050, 1010, 1, 0, 0
335150, 1000, 1, 0, 0
335249, 979, 1, 0, 0
335349, 1000, 1, 0, 0
335449, 1010, 1, 0, 0
335549, 1020, 1, 0, 0
335649, 990, 1, 0, 0
335749, 980, 1, 0, 0
335849, 990, 1, 0, 0
335949, 1010, 1, 0, 0
336050, 990, 1, 0, 0
336150, 970, 1, 0, 0
336249, 989, 1, 0, 0
336349, 1030, 1, 0, 0
336449, 990, 1, 0, 0
336549, 1000, 1, 0, 0
336649, 1000, 1, 0, 0
336749, 980, 1, 0, 0
336849, 1010, 1, 0, 0
336949, 1000, 1, 0, 0
337049, 1030, 1, 0, 0
337149, 1060, 1, 0, 0
337250, 1030, 1, 0, 0
337350, 900, 1, 0, 0
337450, 1000, 1, 0, 0
337550, 1030, 1, 0, 0
337650, 1000, 1, 0, 0
337749, 949, 1, 0, 0
337849, 950, 1, 0, 0
337949, 1020, 1, 0, 0
338049, 960, 1, 0, 0
338149, 960, 1, 0, 0
338249, 1000, 1, 0, 0
338349, 1010, 1, 0, 0
338449, 970, 1, 0, 0
338549, 1020, 1, 0, 0
338650, 1020, 1, 0, 0
338749, 1010, 1, 0, 0
338849, 1030, 1, 0, 0
338949, 990, 1, 0, 0
339049, 990, 1, 0, 0
339149, 980, 1, 0, 0
339249, 930, 1, 0, 0
339349, 1000, 1, 0, 0
339449, 960, 1, 0, 0
339549, 970, 1, 0, 0
339649, 970, 1, 0, 0
339749, 960, 1, 0, 0
339849, 990, 1, 0, 0
339949, 1000, 1, 0, 0
340050, 1000, 1, 0, 0
340150, 950, 1, 0, 0
340249, 979, 1, 0, 0
340349, 1000, 1, 0, 0
340449, 1010, 1, 0, 0
340549, 990, 1, 0, 0
340649, 1000, 1, 0, 0
340749, 1020, 1, 0, 0
340849, 1030, 1, 0, 0
340949, 1030, 1, 0, 0
341049, 960, 1, 0, 0
341149, 970, 1, 0, 0
341250, 1010, 1, 0, 0
341350, 1000, 1, 0, 0
341450, 1000, 1, 0, 0
341550, 950, 1, 0, 0
341650, 990, 1, 0, 0
341749, 959, 1, 0, 0
341849, 950, 1, 0, 0
341949, 990, 1, 0, 0
342049, 1010, 1, 0, 0
342149, 970, 1, 0, 0
342249, 990, 1, 0, 0
342349, 990, 1, 0, 0
342449, 960, 1, 0, 0
342549, 970, 1, 0, 0
342650, 1010, 1, 0, 0
342749, 969, 1, 0, 0
342849, 990, 1, 0, 0
342949, 980, 1, 0, 0
343049, 970, 1, 0, 0
343149, 1000, 1, 0, 0
343249, 960, 1, 0, 0
343349, 960, 1, 0, 0
343449, 990, 1, 0, 0
343549, 990, 1, 0, 0
343649, 1010, 1, 0, 0
343749, 980, 1, 0, 0
343849, 1010, 1, 0, 0
343950, 990, 1, 0, 0
344050, 1020, 1, 0, 0
344150, 1040, 1, 0, 0
344249, 1020, 1, 0, 0
344349, 1030, 1, 0, 0
344449, 1010, 1, 0, 0
344549, 1020, 1, 0, 0
344649, 1050, 1, 0, 0
344749, 990, 1, 0, 0
344849, 1020, 1, 0, 0
344949, 1040, 1, 0, 0
345049, 1030, 1, 0, 0
345149, 990, 1, 0, 0
345250, 1020, 1, 0, 0
345350, 1010, 1, 0, 0
345450, 1040, 1, 0, 0
345550, 980, 1, 0, 0
345650, 1020, 1, 0, 0
345749, 949, 1, 0, 0
345849, 950, 1, 0, 0
345949, 1000, 1, 0, 0
346049, 1020, 1, 0, 0
346149, 980, 1, 0, 0
346249, 1030, 1, 0, 0
346349, 980, 1, 0, 0
346449, 1050, 1, 0, 0
346550, 980, 1, 0, 0
346650, 980, 1, 0, 0
346749, 969, 1, 0, 0
346849, 1030, 1, 0, 0
346949, 1040, 1, 0, 0
347049, 1000, 1, 0, 0
347149, 1020, 1, 0, 0
347249, 1000, 1, 0, 0
347349, 1020, 1, 0, 0
347449, 970, 1, 0, 0
347549, 990, 1, 0, 0
347649, 1000, 1, 0, 0
347749, 1010, 1, 0, 0
347850, 1000, 1, 0, 0
347950, 1000, 1, 0, 0
348050, 1030, 1, 0, 0
348150, 970, 1, 0, 0
348249, 979, 1, 0, 0
348349, 1030, 1, 0, 0
348449, 1040, 1, 0, 0
348549, 1000, 1, 0, 0
348649, 1000, 1, 0, 0
348749, 1020, 1, 0, 0
348849, 1030, 1, 0, 0
348949, 1030, 1, 0, 0
349049, 1000, 1, 0, 0
349149, 920, 1, 0, 0
349249, 959, 1, 0, 0
349349, 1030, 1, 0, 0
349449, 990, 1, 0, 0
349549, 950, 1, 0, 0
349649, 980, 1, 0, 0
349749, 1010, 1, 0, 0
349849, 1020, 1, 0, 0
349949, 980, 1, 0, 0
350049, 950, 1, 0, 0
350149, 940, 1, 0, 0
350249, 970, 1, 0, 0
350349, 1020, 1, 0, 0
350449, 1000, 1, 0, 0
350550, 1030, 1, 0, 0
350650, 930, 1, 0, 0
350749, 969, 1, 0, 0
350849, 1020, 1, 0, 0
350949, 970, 1, 0, 0
351049, 950, 1, 0, 0
351149, 970, 1, 0, 0
351249, 1020, 1, 0, 0
351349, 1000, 1, 0, 0
351449, 1000, 1, 0, 0
351549, 950, 1, 0, 0
351649, 980, 1, 0, 0
351750, 1000, 1, 0, 0
351850, 1000, 1, 0, 0
351950, 950, 1, 0, 0
352050, 1010, 1, 0, 0
352150, 1010, 1, 0, 0
352249, 1000, 1, 0, 0
352349, 970, 1, 0, 0
352449, 940, 1, 0, 0
352549, 1000, 1, 0, 0
352649, 990, 1, 0, 0
352749, 1040, 1, 0, 0
352849, 940, 1, 0, 0
352949, 970, 1, 0, 0
353050, 1000, 1, 0, 0
353150, 1060, 1, 0, 0
353249, 1020, 1, 0, 0
353349, 960, 1, 0, 0
353449, 1000, 1, 0, 0
353549, 960, 1, 0, 0
353649, 1010, 1, 0, 0
353749, 990, 1, 0, 0
353849, 1020, 1, 0, 0
353949, 990, 1, 0, 0
354049, 970, 1, 0, 0
354149, 1000, 1, 0, 0
354250, 970, 1, 0, 0
354350, 990, 1, 0, 0
354450, 1000, 1, 0, 0
354550, 940, 1, 0, 0
354650, 990, 1, 0, 0
354749, 959, 1, 0, 0
354849, 930, 1, 0, 0
354949, 930, 1, 0, 0
355049, 940, 1, 0, 0
355149, 950, 1, 0, 0
355249, 930, 1, 0, 0
355349, 1020, 1, 0, 0
355449, 990, 1, 0, 0
355549, 960, 1, 0, 0
355650, 970, 1, 0, 0
355749, 1010, 1, 0, 0
355849, 970, 1, 0, 0
355949, 970, 1, 0, 0
356049, 970, 1, 0, 0
356149, 970, 1, 0, 0
356249, 980, 1, 0, 0
356349, 980, 1, 0, 0
356449, 1020, 1, 0, 0
356549, 960, 1, 0, 0
356649, 990, 1, 0, 0
356749, 1020, 1, 0, 0
356849, 1010, 1, 0, 0
356950, 960, 1, 0, 0
357050, 930, 1, 0, 0
357150, 1010, 1, 0, 0
357249, 969, 1, 0, 0
357349, 910, 1, 0, 0
357449, 980, 1, 0, 0
357549, 970, 1, 0, 0
357649, 1000, 1, 0, 0
357749, 980, 1, 0, 0
357849, 960, 1, 0, 0
357949, 990, 1, 0, 0
358050, 990, 1, 0, 0
358150, 970, 1, 0, 0
358249, 979, 1, 0, 0
358349, 970, 1, 0, 0
358449, 980, 1, 0, 0
358549, 960, 1, 0, 0
358649, 940, 1, 0, 0
358749, 970, 1, 0, 0
358849, 950, 1, 0, 0
358949, 940, 1, 0, 0
359049, 970, 1, 0, 0
359149, 910, 1, 0, 0
359249, 950, 1, 0, 0
359349, 990, 1, 0, 0
359449, 960, 1, 0, 0
359550, 990, 1, 0, 0
359650, 970, 1, 0, 0
359749, 919, 1, 0, 0
359849, 940, 1, 0, 0
359949, 980, 1, 0, 0
360049, 970, 1, 0, 0
360149, 960, 1, 0, 0
360249, 960, 1, 0, 0
360349, 980, 1, 0, 0
360449, 970, 1, 0, 0
360549, 990, 1, 0, 0
360649, 960, 1, 0, 0
360750, 930, 1, 0, 0
360850, 970, 1, 0, 0
360950, 920, 1, 0, 0
361050, 950, 1, 0, 0
361150, 1010, 1, 0, 0
361249, 959, 1, 0, 0
361349, 960, 1, 0, 0
361449, 980, 1, 0, 0
361549, 980, 1, 0, 0
361649, 1000, 1, 0, 0
361749, 990, 1, 0, 0
361849, 960, 1, 0, 0
361949, 950, 1, 0, 0
362050, 930, 1, 0, 0
362150, 950, 1, 0, 0
362249, 979, 1, 0, 0
362349, 1010, 1, 0, 0
362449, 1000, 1, 0, 0
362549, 1010, 1, 0, 0
362649, 1010, 1, 0, 0
362749, 960, 1, 0, 0
362849, 970, 1, 0, 0
362949, 980, 1, 0, 0
363049, 940, 1, 0, 0
363149, 980, 1, 0, 0
363250, 990, 1, 0, 0
363350, 1000, 1, 0, 0
363450, 940, 1, 0, 0
363550, 960, 1, 0, 0
363650, 900, 1, 0, 0
363749, 959, 1, 0, 0
363849, 1010, 1, 0, 0
363949, 990, 1, 0, 0
364049, 950, 1, 0, 0
364149, 920, 1, 0, 0
364249, 980, 1, 0, 0
364349, 970, 1, 0, 0
364449, 960, 1, 0, 0
364550, 980, 1, 0, 0
364650, 950, 1, 0, 0
364749, 979, 1, 0, 0
364849, 970, 1, 0, 0
364949, 970, 1, 0, 0
365049, 940, 1, 0, 0
365149, 1010, 1, 0, 0
365249, 970, 1, 0, 0
365349, 990, 1, 0, 0
365449, 940, 1, 0, 0
365549, 940, 1, 0, 0
365649, 960, 1, 0, 0
365750, 970, 1, 0, 0
365850, 950, 1, 0, 0
365950, 980, 1, 0, 0
366050, 970, 1, 0, 0
366150, 960, 1, 0, 0
366249, 989, 1, 0, 0
366349, 990, 1, 0, 0
366449, 970, 1, 0, 0
366549, 960, 1, 0, 0
366649, 950, 1, 0, 0
366749, 1000, 1, 0, 0
366849, 980, 1, 0, 0
366949, 920, 1, 0, 0
367050, 980, 1, 0, 0
367150, 990, 1, 0, 0
367249, 979, 1, 0, 0
367349, 970, 1, 0, 0
367449, 960, 1, 0, 0
367549, 1000, 1, 0, 0
367649, 990, 1, 0, 0
367749, 940, 1, 0, 0
367849, 1040, 1, 0, 0
367949, 1010, 1, 0, 0
368049, 990, 1, 0, 0
368149, 1040, 1, 0, 0
368250, 910, 1, 0, 0
368350, 1000, 1, 0, 0
368450, 1030, 1, 0, 0
368550, 980, 1, 0, 0
368650, 990, 1, 0, 0
368749, 989, 1, 0, 0
368849, 1040, 1, 0, 0
368949, 1050, 1, 0, 0
369049, 970, 1, 0, 0
369149, 1010, 1, 0, 0
369249, 1000, 1, 0, 0
369349, 1050, 1, 0, 0
369449, 1020, 1, 0, 0
369550, 990, 1, 0, 0
369650, 1030, 1, 0, 0
369749, 949, 1, 0, 0
369849, 1020, 1, 0, 0
369949, 1020, 1, 0, 0
370049, 1000, 1, 0, 0
370149, 990, 1, 0, 0
370249, 1000, 1, 0, 0
370349, 1010, 1, 0, 0
370449, 990, 1, 0, 0
370549, 980, 1, 0, 0
370649, 990, 1, 0, 0
370749, 1000, 1, 0, 0
370849, 1010, 1, 0, 0
370950, 960, 1, 0, 0
371050, 1030, 1, 0, 0
371150, 1000, 1, 0, 0
371249, 959, 1, 0, 0
371349, 1030, 1, 0, 0
371449, 1010, 1, 0, 0
371549, 920, 1, 0, 0
371649, 990, 1, 0, 0
371749, 1000, 1, 0, 0
371849, 980, 1, 0, 0
371949, 1010, 1, 0, 0
372049, 1030, 1, 0, 0
372150, 970, 1, 0, 0
372249, 1010, 1, 0, 0
372349, 980, 1, 0, 0
372449, 1010, 1, 0, 0
372549, 1020, 1, 0, 0
372649, 1030, 1, 0, 0
372749, 970, 1, 0, 0
372849, 960, 1, 0, 0
372949, 1030, 1, 0, 0
373049, 980, 1, 0, 0
373149, 1000, 1, 0, 0
373249, 1050, 1, 0, 0
373349, 990, 1, 0, 0
373450, 930, 1, 0, 0
373550, 990, 1, 0, 0
373650, 1010, 1, 0, 0
373749, 979, 1, 0, 0
373849, 1000, 1, 0, 0
373949, 950, 1, 0, 0
374049, 970, 1, 0, 0
374149, 970, 1, 0, 0
374249, 970, 1, 0, 0
374349, 990, 1, 0, 0
374449, 1000, 1, 0, 0
374549, 990, 1, 0, 0
374649, 990, 1, 0, 0
374750, 1040, 1, 0, 0
374850, 1010, 1, 0, 0
374950, 1040, 1, 0, 0
375050, 960, 1, 0, 0
375150, 990, 1, 0, 0
375249, 969, 1, 0, 0
375349, 970, 1, 0, 0
375449, 980, 1, 0, 0
375549, 1010, 1, 0, 0
375649, 990, 1, 0, 0
375749, 1060, 1, 0, 0
375849, 1050, 1, 0, 0
375949, 1020, 1, 0, 0
376049, 980, 1, 0, 0
376150, 940, 1, 0, 0
376249, 989, 1, 0, 0
376349, 950, 1, 0, 0
376449, 940, 1, 0, 0
376549, 970, 1, 0, 0
376649, 930, 1, 0, 0
376749, 980, 1, 0, 0
376849, 980, 1, 0, 0
376949, 990, 1, 0, 0
377049, 950, 1, 0, 0
377149, 950, 1, 0, 0
377249, 990, 1, 0, 0
377349, 980, 1, 0, 0
377449, 960, 1, 0, 0
377550, 1020, 1, 0, 0
377650, 1010, 1, 0, 0
377749, 1020, 1, 0, 0
377849, 950, 1, 0, 0
377949, 960, 1, 0, 0
378049, 970, 1, 0, 0
378149, 1010, 1, 0, 0
378249, 950, 1, 0, 0
378349, 920, 1, 0, 0
378449, 980, 1, 0, 0
378549, 1000, 1, 0, 0
378649, 1000, 1, 0, 0
378749, 989, 1, 0, 0
378849, 1010, 1, 0, 0
378949, 980, 1, 0, 0
379049, 990, 1, 0, 0
379149, 1000, 1, 0, 0
379249, 960, 1, 0, 0
379349, 1000, 1, 0, 0
379449, 950, 1, 0, 0
379549, 970, 1, 0, 0
379649, 990, 1, 0, 0
379749, 940, 1, 0, 0
379849, 940, 1, 0, 0
379949, 980, 1, 0, 0
380050, 960, 1, 0, 0
380150, 960, 1, 0, 0
380249, 989, 1, 0, 0
380349, 940, 1, 0, 0
380449, 990, 1, 0, 0
380549, 980, 1, 0, 0
380649, 930, 1, 0, 0
380749, 940, 1, 0, 0
380849, 980, 1, 0, 0
380949, 1000, 1, 0, 0
381049, 990, 1, 0, 0
381149, 980, 1, 0, 0
381249, 1000, 1, 0, 0
381350, 980, 1, 0, 0
381450, 1000, 1, 0, 0
381550, 970, 1, 0, 0
381650, 1020, 1, 0, 0
381749, 949, 1, 0, 0
381849, 980, 1, 0, 0
381949, 1000, 1, 0, 0
382049, 960, 1, 0, 0
382149, 950, 1, 0, 0
382249, 980, 1, 0, 0
382349, 930, 1, 0, 0
382449, 940, 1, 0, 0
382549, 970, 1, 0, 0
382650, 980, 1, 0, 0
382749, 979, 1, 0, 0
382849, 970, 1, 0, 0
382949, 950, 1, 0, 0
383049, 1030, 1, 0, 0
383149, 950, 1, 0, 0
383249, 970, 1, 0, 0
383349, 920, 1, 0, 0
383449, 950, 1, 0, 0
383549, 970, 1, 0, 0
383649, 1010, 1, 0, 0
383749, 980, 1, 0, 0
383849, 1000, 1, 0, 0
383949, 970, 1, 0, 0
384050, 950, 1, 0, 0
384150, 990, 1, 0, 0
384249, 959, 1, 0, 0
384349, 1010, 1, 0, 0
384449, 980, 1, 0, 0
384549, 970, 1, 0, 0
384649, 980, 1, 0, 0
384749, 990, 1, 0, 0
384849, 970, 1, 0, 0
384949, 1000, 1, 0, 0
385049, 1020, 1, 0, 0
385149, 1020, 1, 0, 0
385250, 970, 1, 0, 0
385350, 990, 1, 0, 0
385450, 980, 1, 0, 0
385550, 950, 1, 0, 0
385650, 990, 1, 0, 0
385749, 969, 1, 0, 0
385849, 980, 1, 0, 0
385949, 970, 1, 0, 0
386049, 980, 1, 0, 0
386149, 1000, 1, 0, 0
386249, 980, 1, 0, 0
386349, 1010, 1, 0, 0
386449, 950, 1, 0, 0
386550, 1020, 1, 0, 0
386650, 980, 1, 0, 0
386749, 989, 1, 0, 0
386849, 980, 1, 0, 0
386949, 1030, 1, 0, 0
387049, 1000, 1, 0, 0
387149, 1010, 1, 0, 0
387249, 1000, 1, 0, 0
387349, 990, 1, 0, 0
387449, 1000, 1, 0, 0
387549, 1010, 1, 0, 0
387649, 970, 1, 0, 0
387750, 990, 1, 0, 0
387850, 980, 1, 0, 0
387950, 1050, 1, 0, 0
388050, 990, 1, 0, 0
388150, 1030, 1, 0, 0
388249, 1000, 1, 0, 0
388349, 1000, 1, 0, 0
388449, 990, 1, 0, 0
388549, 1010, 1, 0, 0
388649, 1030, 1, 0, 0
388749, 990, 1, 0, 0
388849, 960, 1, 0, 0
388949, 1020, 1, 0, 0
389050, 1000, 1, 0, 0
389150, 1010, 1, 0, 0
389249, 1010, 1, 0, 0
389349, 940, 1, 0, 0
389449, 1000, 1, 0, 0
389549, 970, 1, 0, 0
389649, 970, 1, 0, 0
389749, 1000, 1, 0, 0
389849, 930, 1, 0, 0
389949, 990, 1, 0, 0
390049, 1030, 1, 0, 0
390149, 980, 1, 0, 0
390250, 1000, 1, 0, 0
390350, 1000, 1, 0, 0
390450, 990, 1, 0, 0
390550, 990, 1, 0, 0
390650, 990, 1, 0, 0
390749, 979, 1, 0, 0
390849, 1020, 1, 0, 0
390949, 1000, 1, 0, 0
391049, 1020, 1, 0, 0
391149, 980, 1, 0, 0
391249, 1030, 1, 0, 0
391349, 970, 1, 0, 0
391449, 1010, 1, 0, 0
391550, 1010, 1, 0, 0
391650, 1020, 1, 0, 0
391749, 959, 1, 0, 0
391849, 1010, 1, 0, 0
391949, 960, 1, 0, 0
392049, 980, 1, 0, 0
392149, 960, 1, 0, 0
392249, 1000, 1, 0, 0
392349, 1040, 1, 0, 0
392449, 1000, 1, 0, 0
392549, 1010, 1, 0, 0
392649, 1030, 1, 0, 0
392749, 1010, 1, 0, 0
392850, 970, 1, 0, 0
392950, 950, 1, 0, 0
393050, 990, 1, 0, 0
393150, 1040, 1, 0, 0
393249, 1010, 1, 0, 0
393349, 1010, 1, 0, 0
393449, 1020, 1, 0, 0
393549, 980, 1, 0, 0
393649, 1010, 1, 0, 0
393749, 930, 1, 0, 0
393849, 990, 1, 0, 0
393949, 1020, 1, 0, 0
394049, 980, 1, 0, 0
394150, 1010, 1, 0, 0
394249, 969, 1, 0, 0
394349, 970, 1, 0, 0
394449, 980, 1, 0, 0
394549, 920, 1, 0, 0
394649, 960, 1, 0, 0
394749, 980, 1, 0, 0
394849, 940, 1, 0, 0
394949, 980, 1, 0, 0
395049, 980, 1, 0, 0
395149, 980, 1, 0, 0
395249, 980, 1, 0, 0
395349, 980, 1, 0, 0
395449, 950, 1, 0, 0
395550, 960, 1, 0, 0
395650, 930, 1, 0, 0
395749, 969, 1, 0, 0
395849, 970, 1, 0, 0
395949, 940, 1, 0, 0
396049, 960, 1, 0, 0
396149, 980, 1, 0, 0
396249, 1010, 1, 0, 0
396349, 1010, 1, 0, 0
396449, 990, 1, 0, 0
396549, 980, 1, 0, 0
396649, 990, 1, 0, 0
396750, 1020, 1, 0, 0
396850, 960, 1, 0, 0
396950, 980, 1, 0, 0
397050, 960, 1, 0, 0
397150, 960, 1, 0, 0
397249, 1010, 1, 0, 0
397349, 980, 1, 0, 0
397449, 1000, 1, 0, 0
397549, 990, 1, 0, 0
397649, 900, 1, 0, 0
397749, 1010, 1, 0, 0
397849, 1010, 1, 0, 0
397949, 980, 1, 0, 0
398050, 970, 1, 0, 0
398150, 930, 1, 0, 0
398249, 959, 1, 0, 0
398349, 960, 1, 0, 0
398449, 1000, 1, 0, 0
398549, 990, 1, 0, 0
398649, 980, 1, 0, 0
398749, 970, 1, 0, 0
398849, 980, 1, 0, 0
398949, 990, 1, 0, 0
399049, 990, 1, 0, 0
399149, 990, 1, 0, 0
399250, 970, 1, 0, 0
399350, 1030, 1, 0, 0
399450, 980, 1, 0, 0
399550, 1030, 1, 0, 0
399650, 1030, 1, 0, 0
399749, 1000, 1, 0, 0
399849, 960, 1, 0, 0
399949, 980, 1, 0, 0
400049, 1000, 1, 0, 0
400149, 990, 1, 0, 0
400249, 960, 1, 0, 0
400349, 980, 1, 0, 0
400449, 940, 1, 0, 0
400550, 930, 1, 0, 0
400650, 970, 1, 0, 0
400749, 939, 1, 0, 0
400849, 990, 1, 0, 0
400949, 950, 1, 0, 0
401049, 1010, 1, 0, 0
401149, 1030, 1, 0, 0
401249, 1000, 1, 0, 0
401349, 1010, 1, 0, 0
401449, 970, 1, 0, 0
401549, 1030, 1, 0, 0
401649, 980, 1, 0, 0
401750, 990, 1, 0, 0
401850, 1010, 1, 0, 0
401950, 1000, 1, 0, 0
402050, 1010, 1, 0, 0
402150, 1010, 1, 0, 0
402249, 939, 1, 0, 0
402349, 1010, 1, 0, 0
402449, 1030, 1, 0, 0
402549, 1010, 1, 0, 0
402649, 1030, 1, 0, 0
402749, 1020, 1, 0, 0
402849, 980, 1, 0, 0
402949, 1010, 1, 0, 0
403050, 930, 1, 0, 0
403150, 990, 1, 0, 0
403249, 1000, 1, 0, 0
403349, 990, 1, 0, 0
403449, 970, 1, 0, 0
403549, 970, 1, 0, 0
403649, 1000, 1, 0, 0
403749, 1000, 1, 0, 0
403849, 990, 1, 0, 0
403949, 1060, 1, 0, 0
404049, 1010, 1, 0, 0
404149, 990, 1, 0, 0
404250, 990, 1, 0, 0
404350, 1000, 1, 0, 0
404450, 1020, 1, 0, 0
404550, 960, 1, 0, 0
404650, 990, 1, 0, 0
404749, 1000, 1, 0, 0
404849, 1000, 1, 0, 0
404949, 960, 1, 0, 0
405049, 1010, 1, 0, 0
405149, 960, 1, 0, 0
405249, 1020, 1, 0, 0
405349, 950, 1, 0, 0
405449, 950, 1, 0, 0
405550, 980, 1, 0, 0
405650, 980, 1, 0, 0
405749, 949, 1, 0, 0
405849, 990, 1, 0, 0
405949, 1050, 1, 0, 0
406049, 1020, 1, 0, 0
406149, 980, 1, 0, 0
406249, 1010, 1, 0, 0
406349, 1000, 1, 0, 0
406449, 990, 1, 0, 0
406549, 970, 1, 0, 0
406649, 1020, 1, 0, 0
406749, 1010, 1, 0, 0
406850, 1000, 1, 0, 0
406950, 1000, 1, 0, 0
407050, 950, 1, 0, 0
407150, 940, 1, 0, 0
407249, 959, 1, 0, 0
407349, 920, 1, 0, 0
407449, 950, 1, 0, 0
407549, 990, 1, 0, 0
407649, 950, 1, 0, 0
407749, 980, 1, 0, 0
407849, 980, 1, 0, 0
407949, 1000, 1, 0, 0
408050, 1010, 1, 0, 0
408150, 960, 1, 0, 0
408249, 989, 1, 0, 0
408349, 980, 1, 0, 0
408449, 990, 1, 0, 0
408549, 970, 1, 0, 0
408649, 980, 1, 0, 0
408749, 960, 1, 0, 0
408849, 940, 1, 0, 0
408949, 950, 1, 0, 0
409049, 970, 1, 0, 0
409149, 990, 1, 0, 0
409249, 970, 1, 0, 0
409349, 1000, 1, 0, 0
409450, 970, 1, 0, 0
409550, 970, 1, 0, 0
409650, 970, 1, 0, 0
409749, 959, 1, 0, 0
409849, 990, 1, 0, 0
409949, 1030, 1, 0, 0
410049, 960, 1, 0, 0
410149, 950, 1, 0, 0
410249, 1000, 1, 0, 0
410349, 1020, 1, 0, 0
410449, 980, 1, 0, 0
410549, 1010, 1, 0, 0
410649, 980, 1, 0, 0
410750, 1000, 1, 0, 0
410850, 980, 1, 0, 0
410950, 980, 1, 0, 0
411050, 950, 1, 0, 0
411150, 960, 1, 0, 0
411249, 1010, 1, 0, 0
411349, 960, 1, 0, 0
411449, 940, 1, 0, 0
411549, 980, 1, 0, 0
411649, 1000, 1, 0, 0
411749, 1010, 1, 0, 0
411849, 980, 1, 0, 0
411949, 960, 1, 0, 0
412050, 950, 1, 0, 0
412150, 930, 1, 0, 0
412249, 989, 1, 0, 0
412349, 950, 1, 0, 0
412449, 980, 1, 0, 0
412549, 950, 1, 0, 0
412649, 980, 1, 0, 0
412749, 1010, 1, 0, 0
412849, 1000, 1, 0, 0
412949, 980, 1, 0, 0
413049, 970, 1, 0, 0
413149, 1020, 1, 0, 0
413250, 980, 1, 0, 0
413350, 980, 1, 0, 0
413450, 1000, 1, 0, 0
413550, 980, 1, 0, 0
413650, 970, 1, 0, 0
413749, 969, 1, 0, 0
413849, 970, 1, 0, 0
413949, 990, 1, 0, 0
414049, 1010, 1, 0, 0
414149, 990, 1, 0, 0
414249, 990, 1, 0, 0
414349, 1000, 1, 0, 0
414449, 1010, 1, 0, 0
414550, 1010, 1, 0, 0
414650, 970, 1, 0, 0
414749, 1010, 1, 0, 0
414849, 980, 1, 0, 0
414949, 980, 1, 0, 0
415049, 980, 1, 0, 0
415149, 960, 1, 0, 0
415249, 980, 1, 0, 0
415349, 980, 1, 0, 0
415449, 980, 1, 0, 0
415549, 970, 1, 0, 0
415649, 990, 1, 0, 0
415750, 950, 1, 0, 0
415850, 990, 1, 0, 0
415950, 990, 1, 0, 0
416050, 1010, 1, 0, 0
416150, 990, 1, 0, 0
416249, 959, 1, 0, 0
416349, 1000, 1, 0, 0
416449, 950, 1, 0, 0
416549, 990, 1, 0, 0
416649, 1000, 1, 0, 0
416749, 1000, 1, 0, 0
416849, 1010, 1, 0, 0
416949, 970, 1, 0, 0
417050, 970, 1, 0, 0
417150, 990, 1, 0, 0
417249, 989, 1, 0, 0
417349, 1000, 1, 0, 0
417449, 1030, 1, 0, 0
417549, 930, 1, 0, 0
417649, 980, 1, 0, 0
417749, 960, 1, 0, 0
417849, 1020, 1, 0, 0
417949, 960, 1, 0, 0
418049, 980, 1, 0, 0
418149, 990, 1, 0, 0
418250, 1020, 1, 0, 0
418350, 1010, 1, 0, 0
418450, 1000, 1, 0, 0
418550, 1030, 1, 0, 0
418650, 980, 1, 0, 0
418749, 1000, 1, 0, 0
418849, 1000, 1, 0, 0
418949, 990, 1, 0, 0
419049, 1010, 1, 0, 0
419149, 1010, 1, 0, 0
419249, 950, 1, 0, 0
419349, 980, 1, 0, 0
419449, 1000, 1, 0, 0
419550, 930, 1, 0, 0
419650, 990, 1, 0, 0
419749, 969, 1, 0, 0
419849, 960, 1, 0, 0
419949, 1000, 1, 0, 0
420049, 990, 1, 0, 0
420149, 990, 1, 0, 0
420249, 990, 1, 0, 0
420349, 1010, 1, 0, 0
420449, 990, 1, 0, 0
420549, 1010, 1, 0, 0
420649, 960, 1, 0, 0
420750, 980, 1, 0, 0
420850, 1000, 1, 0, 0
420950, 1040, 1, 0, 0
421050, 970, 1, 0, 0
421150, 980, 1, 0, 0
421249, 969, 1, 0, 0
421349, 970, 1, 0, 0
421449, 1000, 1, 0, 0
421549, 1000, 1, 0, 0
421649, 930, 1, 0, 0
421749, 1010, 1, 0, 0
421849, 990, 1, 0, 0
421949, 980, 1, 0, 0
422050, 940, 1, 0, 0
422150, 980, 1, 0, 0
422249, 929, 1, 0, 0
422349, 950, 1, 0, 0
422449, 1000, 1, 0, 0
422549, 940, 1, 0, 0
422649, 1000, 1, 0, 0
422749, 950, 1, 0, 0
422849, 980, 1, 0, 0
422949, 970, 1, 0, 0
423049, 950, 1, 0, 0
423149, 970, 1, 0, 0
423250, 970, 1, 0, 0
423350, 980, 1, 0, 0
423450, 920, 1, 0, 0
423550, 920, 1, 0, 0
423650, 930, 1, 0, 0
423749, 959, 1, 0, 0
423849, 960, 1, 0, 0
423949, 930, 1, 0, 0
424049, 960, 1, 0, 0
424149, 970, 1, 0, 0
424249, 950, 1, 0, 0
424349, 940, 1, 0, 0
424449, 970, 1, 0, 0
424550, 920, 1, 0, 0
424650, 1010, 1, 0, 0
424749, 1010, 1, 0, 0
424849, 970, 1, 0, 0
424949, 940, 1, 0, 0
425049, 990, 1, 0, 0
425149, 930, 1, 0, 0
425249, 980, 1, 0, 0
425349, 930, 1, 0, 0
425449, 980, 1, 0, 0
425549, 930, 1, 0, 0
425649, 1000, 1, 0, 0
425750, 980, 1, 0, 0
425850, 940, 1, 0, 0
425950, 920, 1, 0, 0
426050, 970, 1, 0, 0
426150, 960, 1, 0, 0
426249, 979, 1, 0, 0
426349, 940, 1, 0, 0
426449, 1000, 1, 0, 0
426549, 950, 1, 0, 0
426649, 940, 1, 0, 0
426749, 940, 1, 0, 0
426849, 930, 1, 0, 0
426949, 970, 1, 0, 0
427050, 920, 1, 0, 0
427150, 1010, 1, 0, 0
427249, 959, 1, 0, 0
427349, 950, 1, 0, 0
427449, 960, 1, 0, 0
427549, 960, 1, 0, 0
427649, 1000, 1, 0, 0
427749, 930, 1, 0, 0
427849, 940, 1, 0, 0
427949, 940, 1, 0, 0
428049, 930, 1, 0, 0
428149, 960, 1, 0, 0
428249, 950, 1, 0, 0
428350, 940, 1, 0, 0
428450, 910, 1, 0, 0
428550, 950, 1, 0, 0
428650, 880, 1, 0, 0
428749, 898, 1, 0, 0
428849, 940, 1, 0, 0
428949, 980, 1, 0, 0
429049, 970, 1, 0, 0
429149, 940, 1, 0, 0
429249, 940, 1, 0, 0
429349, 940, 1, 0, 0
429449, 950, 1, 0, 0
429549, 930, 1, 0, 0
429650, 960, 1, 0, 0
429749, 1000, 1, 0, 0
429849, 990, 1, 0, 0
429949, 990, 1, 0, 0
430049, 930, 1, 0, 0
430149, 940, 1, 0, 0
430249, 930, 1, 0, 0
430349, 930, 1, 0, 0
430449, 970, 1, 0, 0
430549, 960, 1, 0, 0
430649, 970, 1, 0, 0
430749, 980, 1, 0, 0
430849, 920, 1, 0, 0
430950, 950, 1, 0, 0
431050, 940, 1, 0, 0
431150, 940, 1, 0, 0
431249, 898, 1, 0, 0
431349, 980, 1, 0, 0
431449, 1000, 1, 0, 0
431549, 1010, 1, 0, 0
431649, 960, 1, 0, 0
431749, 1050, 1, 0, 0
431849, 990, 1, 0, 0
431949, 1030, 1, 0, 0
432049, 950, 1, 0, 0
432149, 1010, 1, 0, 0
432249, 1020, 1, 0, 0
432349, 1000, 1, 0, 0
432449, 1000, 1, 0, 0
432549, 1010, 1, 0, 0
432649, 990, 1, 0, 0
432749, 960, 1, 0, 0
432849, 1010, 1, 0, 0
432949, 1030, 1, 0, 0
433049, 1010, 1, 0, 0
433149, 990, 1, 0, 0
433249, 980, 1, 0, 0
433349, 1000, 1, 0, 0
433450, 950, 1, 0, 0
433550, 1000, 1, 0, 0
433650, 1000, 1, 0, 0
433749, 1000, 1, 0, 0
433849, 970, 1, 0, 0
433949, 950, 1, 0, 0
434049, 990, 1, 0, 0
434149, 1010, 1, 0, 0
434249, 990, 1, 0, 0
434349, 990, 1, 0, 0
434449, 940, 1, 0, 0
434550, 1010, 1, 0, 0
434650, 1000, 1, 0, 0
434749, 1000, 1, 0, 0
434849, 1010, 1, 0, 0
434949, 940, 1, 0, 0
435049, 990, 1, 0, 0
435149, 1010, 1, 0, 0
435249, 1000, 1, 0, 0
435349, 1030, 1, 0, 0
435449, 990, 1, 0, 0
435550, 1030, 1, 0, 0
435650, 970, 1, 0, 0
435749, 949, 1, 0, 0
435849, 950, 1, 0, 0
435949, 980, 1, 0, 0
436049, 1000, 1, 0, 0
436149, 950, 1, 0, 0
436249, 970, 1, 0, 0
436349, 1020, 1, 0, 0
436449, 970, 1, 0, 0
436549, 960, 1, 0, 0
436649, 990, 1, 0, 0
436750, 1000, 1, 0, 0
436850, 990, 1, 0, 0
436950, 980, 1, 0, 0
437050, 1010, 1, 0, 0
437150, 960, 1, 0, 0
437249, 1000, 1, 0, 0
437349, 970, 1, 0, 0
437449, 1030, 1, 0, 0
437549, 970, 1, 0, 0
437649, 1000, 1, 0, 0
437749, 970, 1, 0, 0
437849, 960, 1, 0, 0
437949, 970, 1, 0, 0
438050, 990, 1, 0, 0
438150, 950, 1, 0, 0
438249, 1030, 1, 0, 0
438349, 1010, 1, 0, 0
438449, 1010, 1, 0, 0
438549, 1020, 1, 0, 0
438649, 1010, 1, 0, 0
438749, 970, 1, 0, 0
438849, 990, 1, 0, 0
438949, 970, 1, 0, 0
439049, 1000, 1, 0, 0
439149, 960, 1, 0, 0
439249, 949, 1, 0, 0
439349, 1000, 1, 0, 0
439449, 1040, 1, 0, 0
439549, 990, 1, 0, 0
439649, 1000, 1, 0, 0
439749, 1000, 1, 0, 0
439849, 1000, 1, 0, 0
439949, 1020, 1, 0, 0
440049, 1030, 1, 0, 0
440149, 1020, 1, 0, 0
440249, 1010, 1, 0, 0
440349, 1000, 1, 0, 0
440450, 1020, 1, 0, 0
440550, 1000, 1, 0, 0
440650, 1010, 1, 0, 0
440749, 989, 1, 0, 0
440849, 980, 1, 0, 0
440949, 970, 1, 0, 0
441049, 1020, 1, 0, 0
441149, 1010, 1, 0, 0
441249, 980, 1, 0, 0
441349, 970, 1, 0, 0
441449, 940, 1, 0, 0
441549, 980, 1, 0, 0
441650, 1020, 1, 0, 0
441749, 969, 1, 0, 0
441849, 980, 1, 0, 0
441949, 960, 1, 0, 0
442049, 980, 1, 0, 0
442149, 1010, 1, 0, 0
442249, 970, 1, 0, 0
442349, 960, 1, 0, 0
442449, 1000, 1, 0, 0
442549, 970, 1, 0, 0
442649, 980, 1, 0, 0
442749, 980, 1, 0, 0
442850, 1010, 1, 0, 0
442950, 1000, 1, 0, 0
443050, 940, 1, 0, 0
443150, 1000, 1, 0, 0
443249, 1000, 1, 0, 0
443349, 980, 1, 0, 0
443449, 1000, 1, 0, 0
443549, 950, 1, 0, 0
443649, 970, 1, 0, 0
443749, 1030, 1, 0, 0
443849, 1030, 1, 0, 0
443949, 980, 1, 0, 0
444050, 980, 1, 0, 0
444150, 1010, 1, 0, 0
444249, 979, 1, 0, 0
444349, 980, 1, 0, 0
444449, 980, 1, 0, 0
444549, 990, 1, 0, 0
444649, 940, 1, 0, 0
444749, 930, 1, 0, 0
444849, 960, 1, 0, 0
444949, 990, 1, 0, 0
445049, 1030, 1, 0, 0
445149, 960, 1, 0, 0
445249, 950, 1, 0, 0
445350, 970, 1, 0, 0
445450, 1000, 1, 0, 0
445550, 990, 1, 0, 0
445650, 970, 1, 0, 0
445749, 969, 1, 0, 0
445849, 970, 1, 0, 0
445949, 990, 1, 0, 0
446049, 930, 1, 0, 0
446149, 990, 1, 0, 0
446249, 940, 1, 0, 0
446349, 1010, 1, 0, 0
446449, 1010, 1, 0, 0
446550, 930, 1, 0, 0
446650, 990, 1, 0, 0
446749, 989, 1, 0, 0
446849, 950, 1, 0, 0
446949, 980, 1, 0, 0
447049, 970, 1, 0, 0
447149, 960, 1, 0, 0
447249, 950, 1, 0, 0
447349, 970, 1, 0, 0
447449, 950, 1, 0, 0
447549, 960, 1, 0, 0
447650, 960, 1, 0, 0
447749, 939, 1, 0, 0
447849, 960, 1, 0, 0
447949, 910, 1, 0, 0
448049, 950, 1, 0, 0
448149, 950, 1, 0, 0
448249, 930, 1, 0, 0
448349, 980, 1, 0, 0
448449, 1000, 1, 0, 0
448549, 960, 1, 0, 0
448649, 970, 1, 0, 0
448750, 1010, 1, 0, 0
448850, 990, 1, 0, 0
448950, 980, 1, 0, 0
449050, 960, 1, 0, 0
449150, 1010, 1, 0, 0
449249, 929, 1, 0, 0
449349, 970, 1, 0, 0
449449, 1000, 1, 0, 0
449549, 950, 1, 0, 0
449649, 930, 1, 0, 0
449749, 980, 1, 0, 0
449849, 970, 1, 0, 0
449949, 990, 1, 0, 0
450050, 950, 1, 0, 0
450150, 900, 1, 0, 0
450249, 969, 1, 0, 0
450349, 890, 1, 0, 0
450449, 950, 1, 0, 0
450549, 950, 1, 0, 0
450649, 980, 1, 0, 0
450749, 950, 1, 0, 0
450849, 950, 1, 0, 0
450949, 920, 1, 0, 0
451049, 940, 1, 0, 0
451149, 940, 1, 0, 0
451250, 960, 1, 0, 0
451350, 960, 1, 0, 0
451450, 930, 1, 0, 0
451550, 970, 1, 0, 0
451650, 970, 1, 0, 0
451749, 989, 1, 0, 0
451849, 960, 1, 0, 0
451949, 970, 1, 0, 0
452049, 960, 1, 0, 0
452149, 990, 1, 0, 0
452249, 990, 1, 0, 0
452349, 950, 1, 0, 0
452449, 970, 1, 0, 0
452550, 950, 1, 0, 0
452650, 930, 1, 0, 0
452749, 949, 1, 0, 0
452849, 960, 1, 0, 0
452949, 960, 1, 0, 0
453049, 950, 1, 0, 0
453149, 1000, 1, 0, 0
453249, 940, 1, 0, 0
453349, 1020, 1, 0, 0
453449, 960, 1, 0, 0
453549, 960, 1, 0, 0
453649, 980, 1, 0, 0
453750, 980, 1, 0, 0
453850, 950, 1, 0, 0
453950, 960, 1, 0, 0
454050, 960, 1, 0, 0
454150, 970, 1, 0, 0
454249, 969, 1, 0, 0
454349, 990, 1, 0, 0
454449, 970, 1, 0, 0
454549, 960, 1, 0, 0
454649, 980, 1, 0, 0
454749, 940, 1, 0, 0
454850, 950, 1, 0, 0
454950, 970, 1, 0, 0
455050, 990, 1, 0, 0
455150, 960, 1, 0, 0
455249, 989, 1, 0, 0
455349, 980, 1, 0, 0
455449, 980, 1, 0, 0
455549, 990, 1, 0, 0
455649, 990, 1, 0, 0
455749, 960, 1, 0, 0
455849, 980, 1, 0, 0
455949, 960, 1, 0, 0
456049, 980, 1, 0, 0
456150, 980, 1, 0, 0
456249, 949, 1, 0, 0
456349, 990, 1, 0, 0
456449, 970, 1, 0, 0
456549, 1000, 1, 0, 0
456649, 940, 1, 0, 0
456749, 970, 1, 0, 0
456849, 970, 1, 0, 0
456949, 940, 1, 0, 0
457049, 980, 1, 0, 0
457149, 1000, 1, 0, 0
457249, 990, 1, 0, 0
457349, 950, 1, 0, 0
457449, 990, 1, 0, 0
457550, 950, 1, 0, 0
457650, 960, 1, 0, 0
457749, 959, 1, 0, 0
457849, 1000, 1, 0, 0
457949, 970, 1, 0, 0
458049, 990, 1, 0, 0
458149, 1000, 1, 0, 0
458249, 960, 1, 0, 0
458349, 970, 1, 0, 0
458449, 960, 1, 0, 0
458549, 980, 1, 0, 0
458649, 970, 1, 0, 0
458749, 979, 1, 0, 0
458849, 1000, 1, 0, 0
458949, 970, 1, 0, 0
459049, 1000, 1, 0, 0
459149, 1000, 1, 0, 0
459249, 990, 1, 0, 0
459349, 980, 1, 0, 0
459449, 980, 1, 0, 0
459549, 1000, 1, 0, 0
459649, 990, 1, 0, 0
459749, 1030, 1, 0, 0
459849, 1010, 1, 0, 0
459950, 970, 1, 0, 0
460050, 1040, 1, 0, 0
460150, 1000, 1, 0, 0
460249, 1020, 1, 0, 0
460349, 1010, 1, 0, 0
460449, 940, 1, 0, 0
460549, 1000, 1, 0, 0
460649, 1000, 1, 0, 0
460749, 970, 1, 0, 0
460849, 1030, 1, 0, 0
460949, 990, 1, 0, 0
461050, 930, 1, 0, 0
461150, 1030, 1, 0, 0
461249, 1000, 1, 0, 0
461349, 990, 1, 0, 0
461449, 1010, 1, 0, 0
461549, 1010, 1, 0, 0
461649, 1000, 1, 0, 0
461749, 1000, 1, 0, 0
461849, 990, 1, 0, 0
461949, 960, 1, 0, 0
462049, 1020, 1, 0, 0
462149, 1000, 1, 0, 0
462249, 969, 1, 0, 0
462349, 980, 1, 0, 0
462449, 940, 1, 0, 0
462549, 1020, 1, 0, 0
462649, 990, 1, 0, 0
462749, 1010, 1, 0, 0
462849, 1000, 1, 0, 0
462949, 1000, 1, 0, 0
463049, 970, 1, 0, 0
463149, 1030, 1, 0, 0
463250, 980, 1, 0, 0
463350, 980, 1, 0, 0
463450, 1020, 1, 0, 0
463550, 970, 1, 0, 0
463650, 1000, 1, 0, 0
463749, 1030, 1, 0, 0
463849, 950, 1, 0, 0
463949, 980, 1, 0, 0
464049, 1020, 1, 0, 0
464149, 1010, 1, 0, 0
464250, 980, 1, 0, 0
464350, 1010, 1, 0, 0
464450, 950, 1, 0, 0
464550, 980, 1, 0, 0
464650, 960, 1, 0, 0
464749, 969, 1, 0, 0
464849, 1000, 1, 0, 0
464949, 960, 1, 0, 0
465049, 970, 1, 0, 0
465149, 1030, 1, 0, 0
465249, 1020, 1, 0, 0
465349, 990, 1, 0, 0
465449, 1000, 1, 0, 0
465550, 1000, 1, 0, 0
465650, 970, 1, 0, 0
465749, 969, 1, 0, 0
465849, 950, 1, 0, 0
465949, 980, 1, 0, 0
466049, 940, 1, 0, 0
466149, 950, 1, 0, 0
466249, 970, 1, 0, 0
466349, 1000, 1, 0, 0
466449, 1030, 1, 0, 0
466549, 1000, 1, 0, 0
466649, 1010, 1, 0, 0
466750, 960, 1, 0, 0
466850, 970, 1, 0, 0
466950, 1000, 1, 0, 0
467050, 960, 1, 0, 0
467150, 990, 1, 0, 0
467249, 979, 1, 0, 0
467349, 1020, 1, 0, 0
467449, 940, 1, 0, 0
467549, 940, 1, 0, 0
467649, 970, 1, 0, 0
467749, 1050, 1, 0, 0
467849, 980, 1, 0, 0
467949, 930, 1, 0, 0
468050, 970, 1, 0, 0
468150, 980, 1, 0, 0
468249, 949, 1, 0, 0
468349, 950, 1, 0, 0
468449, 960, 1, 0, 0
468549, 960, 1, 0, 0
468649, 920, 1, 0, 0
468749, 950, 1, 0, 0
468849, 980, 1, 0, 0
468949, 990, 1, 0, 0
469049, 970, 1, 0, 0
469149, 1010, 1, 0, 0
469249, 990, 1, 0, 0
469350, 950, 1, 0, 0
469450, 960, 1, 0, 0
469550, 980, 1, 0, 0
469650, 980, 1, 0, 0
469749, 979, 1, 0, 0
469849, 970, 1, 0, 0
469949, 960, 1, 0, 0
470049, 880, 1, 0, 0
470149, 960, 1, 0, 0
470249, 980, 1, 0, 0
470349, 1020, 1, 0, 0
470449, 970, 1, 0, 0
470549, 1020, 1, 0, 0
470650, 1010, 1, 0, 0
470749, 979, 1, 0, 0
470849, 980, 1, 0, 0
470949, 950, 1, 0, 0
471049, 980, 1, 0, 0
471149, 1000, 1, 0, 0
471249, 1010, 1, 0, 0
471349, 980, 1, 0, 0
471449, 970, 1, 0, 0
471549, 980, 1, 0, 0
471649, 910, 1, 0, 0
471749, 960, 1, 0, 0
471849, 930, 1, 0, 0
471950, 940, 1, 0, 0
472050, 950, 1, 0, 0
472150, 950, 1, 0, 0
472249, 979, 1, 0, 0
472349, 1030, 1, 0, 0
472449, 960, 1, 0, 0
472549, 990, 1, 0, 0
472649, 960, 1, 0, 0
472749, 970, 1, 0, 0
472849, 950, 1, 0, 0
472949, 1020, 1, 0, 0
473049, 1010, 1, 0, 0
473149, 1010, 1, 0, 0
473250, 1010, 1, 0, 0
473350, 970, 1, 0, 0
473450, 990, 1, 0, 0
473550, 890, 1, 0, 0
473650, 970, 1, 0, 0
473749, 929, 1, 0, 0
473849, 930, 1, 0, 0
473949, 980, 1, 0, 0
474049, 940, 1, 0, 0
474149, 980, 1, 0, 0
474249, 990, 1, 0, 0
474349, 950, 1, 0, 0
474449, 990, 1, 0, 0
474550, 980, 1, 0, 0
474650, 980, 1, 0, 0
474749, 1000, 1, 0, 0
474849, 1010, 1, 0, 0
474949, 1010, 1, 0, 0
475049, 970, 1, 0, 0
475149, 970, 1, 0, 0
475249, 990, 1, 0, 0
475349, 970, 1, 0, 0
475449, 1030, 1, 0, 0
475549, 1010, 1, 0, 0
475649, 990, 1, 0, 0
475749, 1010, 1, 0, 0
475849, 970, 1, 0, 0
475950, 990, 1, 0, 0
476050, 970, 1, 0, 0
476150, 970, 1, 0, 0
476249, 1020, 1, 0, 0
476349, 980, 1, 0, 0
476449, 1020, 1, 0, 0
476549, 1030, 1, 0, 0
476649, 1010, 1, 0, 0
476749, 970, 1, 0, 0
476849, 950, 1, 0, 0
476949, 990, 1, 0, 0
477049, 990, 1, 0, 0
477149, 980, 1, 0, 0
477249, 929, 1, 0, 0
477349, 1010, 1, 0, 0
477449, 940, 1, 0, 0
477549, 970, 1, 0, 0
477649, 980, 1, 0, 0
477749, 1030, 1, 0, 0
477849, 960, 1, 0, 0
477949, 940, 1, 0, 0
478049, 960, 1, 0, 0
478149, 950, 1, 0, 0
478249, 1010, 1, 0, 0
478349, 970, 1, 0, 0
478449, 1010, 1, 0, 0
478550, 1010, 1, 0, 0
478650, 1010, 1, 0, 0
478749, 1000, 1, 0, 0
478849, 1040, 1, 0, 0
478949, 1010, 1, 0, 0
479049, 990, 1, 0, 0
479149, 950, 1, 0, 0
479249, 980, 1, 0, 0
479349, 980, 1, 0, 0
479449, 1000, 1, 0, 0
479549, 990, 1, 0, 0
479649, 980, 1, 0, 0
479749, 980, 1, 0, 0
479849, 970, 1, 0, 0
479950, 1020, 1, 0, 0
480050, 980, 1, 0, 0
480150, 1030, 1, 0, 0
480249, 1010, 1, 0, 0
480349, 1000, 1, 0, 0
480449, 970, 1, 0, 0
480549, 1000, 1, 0, 0
480649, 990, 1, 0, 0
480749, 1000, 1, 0, 0
480849, 990, 1, 0, 0
480949, 980, 1, 0, 0
481049, 950, 1, 0, 0
481149, 990, 1, 0, 0
481250, 930, 1, 0, 0
481350, 1030, 1, 0, 0
481450, 970, 1, 0, 0
481550, 970, 1, 0, 0
481650, 1000, 1, 0, 0
481749, 949, 1, 0, 0
481849, 940, 1, 0, 0
481949, 980, 1, 0, 0
482049, 960, 1, 0, 0
482149, 970, 1, 0, 0
482249, 950, 1, 0, 0
482349, 980, 1, 0, 0
482449, 960, 1, 0, 0
482550, 1020, 1, 0, 0
482650, 990, 1, 0, 0
482749, 989, 1, 0, 0
482849, 990, 1, 0, 0
482949, 970, 1, 0, 0
483049, 960, 1, 0, 0
483149, 970, 1, 0, 0
483249, 960, 1, 0, 0
483349, 1000, 1, 0, 0
483449, 960, 1, 0, 0
483549, 1000, 1, 0, 0
483649, 940, 1, 0, 0
483750, 920, 1, 0, 0
483850, 970, 1, 0, 0
483950, 930, 1, 0, 0
484050, 960, 1, 0, 0
484150, 980, 1, 0, 0
484249, 989, 1, 0, 0
484349, 950, 1, 0, 0
484449, 910, 1, 0, 0
484549, 940, 1, 0, 0
484649, 920, 1, 0, 0
484749, 960, 1, 0, 0
484849, 900, 1, 0, 0
484949, 950, 1, 0, 0
485050, 930, 1, 0, 0
485150, 960, 1, 0, 0
485249, 979, 1, 0, 0
485349, 950, 1, 0, 0
485449, 920, 1, 0, 0
485549, 930, 1, 0, 0
485649, 960, 1, 0, 0
485749, 970, 1, 0, 0
485849, 990, 1, 0, 0
485949, 970, 1, 0, 0
486049, 980, 1, 0, 0
486149, 910, 1, 0, 0
486250, 940, 1, 0, 0
486350, 950, 1, 0, 0
486450, 970, 1, 0, 0
486550, 990, 1, 0, 0
486650, 960, 1, 0, 0
486749, 969, 1, 0, 0
486849, 930, 1, 0, 0
486949, 950, 1, 0, 0
487049, 980, 1, 0, 0
487149, 1000, 1, 0, 0
487249, 990, 1, 0, 0
487349, 980, 1, 0, 0
487449, 970, 1, 0, 0
487550, 970, 1, 0, 0
487650, 1030, 1, 0, 0
487749, 959, 1, 0, 0
487849, 970, 1, 0, 0
487949, 950, 1, 0, 0
488049, 980, 1, 0, 0
488149, 950, 1, 0, 0
488249, 980, 1, 0, 0
488349, 980, 1, 0, 0
488449, 980, 1, 0, 0
488549, 950, 1, 0, 0
488649, 940, 1, 0, 0
488750, 880, 1, 0, 0
488850, 940, 1, 0, 0
488950, 970, 1, 0, 0
489050, 950, 1, 0, 0
489150, 950, 1, 0, 0
489249, 949, 1, 0, 0
489349, 980, 1, 0, 0
489449, 1030, 1, 0, 0
489549, 950, 1, 0, 0
489649, 970, 1, 0, 0
489749, 940, 1, 0, 0
489849, 940, 1, 0, 0
489949, 950, 1, 0, 0
490050, 970, 1, 0, 0
490150, 1020, 1, 0, 0
490249, 1010, 1, 0, 0
490349, 990, 1, 0, 0
490449, 980, 1, 0, 0
490549, 1030, 1, 0, 0
490649, 970, 1, 0, 0
490749, 1020, 1, 0, 0
490849, 970, 1, 0, 0
490949, 1010, 1, 0, 0
491049, 1010, 1, 0, 0
491149, 990, 1, 0, 0
491250, 950, 1, 0, 0
491350, 970, 1, 0, 0
491450, 990, 1, 0, 0
491550, 1020, 1, 0, 0
491650, 990, 1, 0, 0
491749, 979, 1, 0, 0
491849, 950, 1, 0, 0
491949, 940, 1, 0, 0
492049, 970, 1, 0, 0
492149, 920, 1, 0, 0
492249, 960, 1, 0, 0
492349, 940, 1, 0, 0
492449, 930, 1, 0, 0
492550, 1030, 1, 0, 0
492650, 980, 1, 0, 0
492749, 969, 1, 0, 0
492849, 990, 1, 0, 0
492949, 970, 1, 0, 0
493049, 1000, 1, 0, 0
493149, 970, 1, 0, 0
493249, 960, 1, 0, 0
493349, 970, 1, 0, 0
493449, 980, 1, 0, 0
493549, 970, 1, 0, 0
493649, 880, 1, 0, 0
493750, 920, 1, 0, 0
493850, 960, 1, 0, 0
493950, 930, 1, 0, 0
494050, 940, 1, 0, 0
494150, 930, 1, 0, 0
494249, 989, 1, 0, 0
494349, 970, 1, 0, 0
494449, 960, 1, 0, 0
494549, 930, 1, 0, 0
494649, 920, 1, 0, 0
494749, 970, 1, 0, 0
494849, 930, 1, 0, 0
494949, 970, 1, 0, 0
495050, 970, 1, 0, 0
495150, 970, 1, 0, 0
495249, 949, 1, 0, 0
495349, 930, 1, 0, 0
495449, 940, 1, 0, 0
495549, 960, 1, 0, 0
495649, 970, 1, 0, 0
495749, 970, 1, 0, 0
495849, 970, 1, 0, 0
495949, 960, 1, 0, 0
496049, 950, 1, 0, 0
496149, 990, 1, 0, 0
496249, 960, 1, 0, 0
496350, 960, 1, 0, 0
496450, 910, 1, 0, 0
496550, 930, 1, 0, 0
496650, 970, 1, 0, 0
496749, 949, 1, 0, 0
496849, 940, 1, 0, 0
496949, 960, 1, 0, 0
497049, 940, 1, 0, 0
497149, 940, 1, 0, 0
497249, 950, 1, 0, 0
497349, 950, 1, 0, 0
497449, 970, 1, 0, 0
497549, 950, 1, 0, 0
497650, 960, 1, 0, 0
497749, 929, 1, 0, 0
497849, 920, 1, 0, 0
497949, 930, 1, 0, 0
498049, 910, 1, 0, 0
498149, 920, 1, 0, 0
498249, 930, 1, 0, 0
498349, 930, 1, 0, 0
498449, 970, 1, 0, 0
498549, 1000, 1, 0, 0
498649, 940, 1, 0, 0
498749, 960, 1, 0, 0
498849, 930, 1, 0, 0
498949, 990, 1, 0, 0
499050, 920, 1, 0, 0
499150, 970, 1, 0, 0
499249, 929, 1, 0, 0
499349, 980, 1, 0, 0
499449, 970, 1, 0, 0
499549, 980, 1, 0, 0
499649, 890, 1, 0, 0
499749, 1010, 1, 0, 0
499849, 930, 1, 0, 0
499949, 1010, 1, 0, 0
500049, 960, 1, 0, 0
500149, 990, 1, 0, 0
500250, 980, 1, 0, 0
500350, 980, 1, 0, 0
500450, 940, 1, 0, 0
500550, 1010, 1, 0, 0
500650, 1000, 1, 0, 0
500749, 969, 1, 0, 0
500849, 1010, 1, 0, 0
500949, 1010, 1, 0, 0
501049, 970, 1, 0, 0
501149, 950, 1, 0, 0
501249, 960, 1, 0, 0
501349, 1000, 1, 0, 0
501449, 1010, 1, 0, 0
501549, 1020, 1, 0, 0
501650, 1020, 1, 0, 0
501749, 1020, 1, 0, 0
501849, 950, 1, 0, 0
501949, 1010, 1, 0, 0
502049, 1010, 1, 0, 0
502149, 1020, 1, 0, 0
502249, 990, 1, 0, 0
502349, 960, 1, 0, 0
502449, 990, 1, 0, 0
502549, 1000, 1, 0, 0
502649, 970, 1, 0, 0
502749, 1000, 1, 0, 0
502850, 970, 1, 0, 0
502950, 1000, 1, 0, 0
503050, 980, 1, 0, 0
503150, 990, 1, 0, 0
503249, 1000, 1, 0, 0
503349, 950, 1, 0, 0
503449, 980, 1, 0, 0
503549, 1040, 1, 0, 0
503649, 1050, 1, 0, 0
503749, 970, 1, 0, 0
503849, 1030, 1, 0, 0
503949, 970, 1, 0, 0
504050, 980, 1, 0, 0
504150, 990, 1, 0, 0
504249, 1000, 1, 0, 0
504349, 940, 1, 0, 0
504449, 1000, 1, 0, 0
504549, 930, 1, 0, 0
504649, 990, 1, 0, 0
504749, 970, 1, 0, 0
504849, 990, 1, 0, 0
504949, 1010, 1, 0, 0
505049, 1020, 1, 0, 0
505149, 1010, 1, 0, 0
505249, 980, 1, 0, 0
505350, 1010, 1, 0, 0
505450, 990, 1, 0, 0
505550, 990, 1, 0, 0
505650, 1000, 1, 0, 0
505749, 1000, 1, 0, 0
505849, 1020, 1, 0, 0
505949, 1030, 1, 0, 0
506049, 980, 1, 0, 0
506149, 980, 1, 0, 0
506249, 1000, 1, 0, 0
506349, 1010, 1, 0, 0
506449, 1000, 1, 0, 0
506549, 930, 1, 0, 0
506650, 980, 1, 0, 0
506749, 969, 1, 0, 0
506849, 990, 1, 0, 0
506949, 1010, 1, 0, 0
507049, 960, 1, 0, 0
507149, 970, 1, 0, 0
507249, 980, 1, 0, 0
507349, 1000, 1, 0, 0
507449, 1000, 1, 0, 0
507549, 990, 1, 0, 0
507649, 980, 1, 0, 0
507749, 1040, 1, 0, 0
507850, 960, 1, 0, 0
507950, 1020, 1, 0, 0
508050, 960, 1, 0, 0
508150, 950, 1, 0, 0
508249, 1010, 1, 0, 0
508349, 970, 1, 0, 0
508449, 1010, 1, 0, 0
508549, 970, 1, 0, 0
508649, 1030, 1, 0, 0
508749, 950, 1, 0, 0
508849, 960, 1, 0, 0
508950, 980, 1, 0, 0
509050, 960, 1, 0, 0
509150, 940, 1, 0, 0
509249, 949, 1, 0, 0
509349, 980, 1, 0, 0
509449, 980, 1, 0, 0
509549, 970, 1, 0, 0
509649, 990, 1, 0, 0
509749, 970, 1, 0, 0
509849, 970, 1, 0, 0
509949, 980, 1, 0, 0
510050, 1010, 1, 0, 0
510150, 920, 1, 0, 0
510249, 1000, 1, 0, 0
510349, 1000, 1, 0, 0
510449, 1000, 1, 0, 0
510549, 990, 1, 0, 0
510649, 960, 1, 0, 0
510749, 1000, 1, 0, 0
510849, 960, 1, 0, 0
510949, 990, 1, 0, 0
511049, 1000, 1, 0, 0
511149, 970, 1, 0, 0
511250, 980, 1, 0, 0
511350, 990, 1, 0, 0
511450, 990, 1, 0, 0
511550, 970, 1, 0, 0
511650, 1020, 1, 0, 0
511749, 959, 1, 0, 0
511849, 970, 1, 0, 0
511949, 970, 1, 0, 0
512049, 1000, 1, 0, 0
512149, 990, 1, 0, 0
512249, 990, 1, 0, 0
512349, 990, 1, 0, 0
512449, 980, 1, 0, 0
512550, 980, 1, 0, 0
512650, 980, 1, 0, 0
512749, 989, 1, 0, 0
512849, 930, 1, 0, 0
512949, 1010, 1, 0, 0
513049, 990, 1, 0, 0
513149, 960, 1, 0, 0
513249, 970, 1, 0, 0
513349, 1000, 1, 0, 0
513449, 970, 1, 0, 0
513549, 970, 1, 0, 0
513649, 990, 1, 0, 0
513750, 1000, 1, 0, 0
513850, 970, 1, 0, 0
513950, 1000, 1, 0, 0
514050, 990, 1, 0, 0
514150, 980, 1, 0, 0
514249, 979, 1, 0, 0
514349, 940, 1, 0, 0
514449, 960, 1, 0, 0
514549, 950, 1, 0, 0
514649, 940, 1, 0, 0
514749, 980, 1, 0, 0
514849, 990, 1, 0, 0
514949, 960, 1, 0, 0
515050, 1000, 1, 0, 0
515150, 990, 1, 0, 0
515249, 979, 1, 0, 0
515349, 1000, 1, 0, 0
515449, 1000, 1, 0, 0
515549, 990, 1, 0, 0
515649, 1030, 1, 0, 0
515749, 1030, 1, 0, 0
515849, 990, 1, 0, 0
515949, 990, 1, 0, 0
516049, 960, 1, 0, 0
516149, 1000, 1, 0, 0
516250, 1020, 1, 0, 0
516350, 1010, 1, 0, 0
516450, 970, 1, 0, 0
516550, 950, 1, 0, 0
516650, 1020, 1, 0, 0
516749, 1000, 1, 0, 0
516849, 1000, 1, 0, 0
516949, 960, 1, 0, 0
517049, 1010, 1, 0, 0
517149, 960, 1, 0, 0
517249, 1000, 1, 0, 0
517349, 920, 1, 0, 0
517449, 970, 1, 0, 0
517550, 990, 1, 0, 0
517650, 990, 1, 0, 0
517749, 989, 1, 0, 0
517849, 1010, 1, 0, 0
517949, 1030, 1, 0, 0
518049, 1000, 1, 0, 0
518149, 970, 1, 0, 0
518249, 1030, 1, 0, 0
518349, 1000, 1, 0, 0
518449, 970, 1, 0, 0
518549, 990, 1, 0, 0
518649, 970, 1, 0, 0
518749, 980, 1, 0, 0
518850, 1000, 1, 0, 0
518950, 970, 1, 0, 0
519050, 1040, 1, 0, 0
519150, 1000, 1, 0, 0
519249, 949, 1, 0, 0
519349, 990, 1, 0, 0
519449, 1020, 1, 0, 0
519549, 980, 1, 0, 0
519649, 970, 1, 0, 0
519749, 970, 1, 0, 0
519849, 960, 1, 0, 0
519949, 990, 1, 0, 0
520050, 990, 1, 0, 0
520150, 1000, 1, 0, 0
520249, 1000, 1, 0, 0
520349, 1030, 1, 0, 0
520449, 1020, 1, 0, 0
520549, 930, 1, 0, 0
520649, 980, 1, 0, 0
520749, 1030, 1, 0, 0
520849, 990, 1, 0, 0
520949, 970, 1, 0, 0
521049, 1050, 1, 0, 0
521149, 1010, 1, 0, 0
521250, 1050, 1, 0, 0
521350, 990, 1, 0, 0
521450, 1000, 1, 0, 0
521550, 990, 1, 0, 0
521650, 1000, 1, 0, 0
521749, 1000, 1, 0, 0
521849, 1020, 1, 0, 0
521949, 980, 1, 0, 0
522049, 980, 1, 0, 0
522149, 970, 1, 0, 0
522249, 930, 1, 0, 0
522349, 1000, 1, 0, 0
522449, 1060, 1, 0, 0
522550, 960, 1, 0, 0
522650, 1010, 1, 0, 0
522749, 969, 1, 0, 0
522849, 1010, 1, 0, 0
522949, 1010, 1, 0, 0
523049, 990, 1, 0, 0
523149, 1040, 1, 0, 0
523249, 1030, 1, 0, 0
523349, 1040, 1, 0, 0
523449, 1000, 1, 0, 0
523549, 940, 1, 0, 0
523649, 950, 1, 0, 0
523750, 1030, 1, 0, 0
523850, 1000, 1, 0, 0
523950, 950, 1, 0, 0
524050, 1010, 1, 0, 0
524150, 960, 1, 0, 0
524249, 1010, 1, 0, 0
524349, 950, 1, 0, 0
524449, 1000, 1, 0, 0
524549, 990, 1, 0, 0
524649, 990, 1, 0, 0
524749, 940, 1, 0, 0
524849, 950, 1, 0, 0
524949, 980, 1, 0, 0
525050, 980, 1, 0, 0
525150, 980, 1, 0, 0
525249, 1000, 1, 0, 0
525349, 970, 1, 0, 0
525449, 940, 1, 0, 0
525549, 1010, 1, 0, 0
525649, 970, 1, 0, 0
525749, 960, 1, 0, 0
525849, 980, 1, 0, 0
525949, 1000, 1, 0, 0
526049, 980, 1, 0, 0
526149, 960, 1, 0, 0
526250, 1030, 1, 0, 0
526350, 1000, 1, 0, 0
526450, 1010, 1, 0, 0
526550, 950, 1, 0, 0
526650, 1000, 1, 0, 0
526749, 979, 1, 0, 0
526849, 970, 1, 0, 0
526949, 1000, 1, 0, 0
527049, 980, 1, 0, 0
527149, 950, 1, 0, 0
527249, 990, 1, 0, 0
527349, 1010, 1, 0, 0
527449, 970, 1, 0, 0
527549, 1040, 1, 0, 0
527650, 990, 1, 0, 0
527749, 1000, 1, 0, 0
527849, 960, 1, 0, 0
527949, 1000, 1, 0, 0
528049, 990, 1, 0, 0
528149, 1000, 1, 0, 0
528249, 1040, 1, 0, 0
528349, 1030, 1, 0, 0
528449, 1000, 1, 0, 0
528549, 940, 1, 0, 0
528649, 990, 1, 0, 0
528749, 980, 1, 0, 0
528850, 940, 1, 0, 0
528950, 1020, 1, 0, 0
529050, 1030, 1, 0, 0
529150, 950, 1, 0, 0
529249, 989, 1, 0, 0
529349, 950, 1, 0, 0
529449, 1010, 1, 0, 0
529549, 950, 1, 0, 0
529649, 1010, 1, 0, 0
529749, 1020, 1, 0, 0
529849, 990, 1, 0, 0
529949, 990, 1, 0, 0
530049, 950, 1, 0, 0
530149, 980, 1, 0, 0
530250, 1000, 1, 0, 0
530350, 970, 1, 0, 0
530450, 1000, 1, 0, 0
530550, 990, 1, 0, 0
530650, 1000, 1, 0, 0
530749, 929, 1, 0, 0
530849, 1010, 1, 0, 0
530949, 940, 1, 0, 0
531049, 990, 1, 0, 0
531149, 1000, 1, 0, 0
531249, 1010, 1, 0, 0
531349, 1000, 1, 0, 0
531449, 980, 1, 0, 0
531550, 960, 1, 0, 0
531650, 920, 1, 0, 0
531749, 939, 1, 0, 0
531849, 940, 1, 0, 0
531949, 970, 1, 0, 0
532049, 980, 1, 0, 0
532149, 940, 1, 0, 0
532249, 1000, 1, 0, 0
532349, 970, 1, 0, 0
532449, 940, 1, 0, 0
532549, 1020, 1, 0, 0
532649, 990, 1, 0, 0
532749, 960, 1, 0, 0
532850, 950, 1, 0, 0
532950, 980, 1, 0, 0
533050, 1000, 1, 0, 0
533150, 970, 1, 0, 0
533249, 1020, 1, 0, 0
533349, 980, 1, 0, 0
533449, 970, 1, 0, 0
533549, 960, 1, 0, 0
533649, 990, 1, 0, 0
533749, 990, 1, 0, 0
533849, 960, 1, 0, 0
533949, 970, 1, 0, 0
534050, 1020, 1, 0, 0
534150, 990, 1, 0, 0
534249, 949, 1, 0, 0
534349, 960, 1, 0, 0
534449, 920, 1, 0, 0
534549, 970, 1, 0, 0
534649, 980, 1, 0, 0
534749, 930, 1, 0, 0
534849, 1010, 1, 0, 0
534949, 960, 1, 0, 0
535049, 1000, 1, 0, 0
535149, 980, 1, 0, 0
535249, 960, 1, 0, 0
535350, 960, 1, 0, 0
535450, 940, 1, 0, 0
535550, 930, 1, 0, 0
535650, 970, 1, 0, 0
535749, 929, 1, 0, 0
535849, 1010, 1, 0, 0
535949, 940, 1, 0, 0
536049, 960, 1, 0, 0
536149, 990, 1, 0, 0
536249, 960, 1, 0, 0
536349, 970, 1, 0, 0
536449, 980, 1, 0, 0
536549, 960, 1, 0, 0
536649, 990, 1, 0, 0
536749, 979, 1, 0, 0
536849, 1000, 1, 0, 0
536949, 980, 1, 0, 0
537049, 950, 1, 0, 0
537149, 980, 1, 0, 0
537249, 950, 1, 0, 0
537349, 1000, 1, 0, 0
537449, 980, 1, 0, 0
537549, 1000, 1, 0, 0
537649, 990, 1, 0, 0
537749, 940, 1, 0, 0
537849, 1020, 1, 0, 0
537949, 1000, 1, 0, 0
538050, 950, 1, 0, 0
538150, 990, 1, 0, 0
538249, 1000, 1, 0, 0
538349, 950, 1, 0, 0
538449, 970, 1, 0, 0
538549, 970, 1, 0, 0
538649, 960, 1, 0, 0
538749, 1000, 1, 0, 0
538849, 1020, 1, 0, 0
538949, 1010, 1, 0, 0
539049, 980, 1, 0, 0
539149, 980, 1, 0, 0
539249, 1000, 1, 0, 0
539350, 980, 1, 0, 0
539450, 930, 1, 0, 0
539550, 990, 1, 0, 0
539650, 1000, 1, 0, 0
539749, 1030, 1, 0, 0
539849, 970, 1, 0, 0
539949, 1030, 1, 0, 0
540049, 990, 1, 0, 0
540149, 990, 1, 0, 0
540249, 950, 1, 0, 0
540349, 980, 1, 0, 0
540449, 980, 1, 0, 0
540549, 1000, 1, 0, 0
540649, 970, 1, 0, 0
540749, 1010, 1, 0, 0
540849, 1010, 1, 0, 0
540949, 960, 1, 0, 0
541049, 960, 1, 0, 0
541149, 970, 1, 0, 0
541249, 970, 1, 0, 0
541349, 940, 1, 0, 0
541449, 980, 1, 0, 0
541549, 1030, 1, 0, 0
541649, 940, 1, 0, 0
541749, 990, 1, 0, 0
541849, 950, 1, 0, 0
541949, 990, 1, 0, 0
542050, 990, 1, 0, 0
542150, 1020, 1, 0, 0
542249, 1010, 1, 0, 0
542349, 970, 1, 0, 0
542449, 940, 1, 0, 0
542549, 980, 1, 0, 0
542649, 1000, 1, 0, 0
542749, 950, 1, 0, 0
542849, 970, 1, 0, 0
542949, 970, 1, 0, 0
543049, 960, 1, 0, 0
543149, 1000, 1, 0, 0
543250, 940, 1, 0, 0
543350, 960, 1, 0, 0
543450, 980, 1, 0, 0
543550, 980, 1, 0, 0
543650, 960, 1, 0, 0
543749, 969, 1, 0, 0
543849, 960, 1, 0, 0
543949, 1020, 1, 0, 0
544049, 1020, 1, 0, 0
544149, 990, 1, 0, 0
544249, 960, 1, 0, 0
544349, 980, 1, 0, 0
544449, 980, 1, 0, 0
544550, 1000, 1, 0, 0
544650, 1020, 1, 0, 0
544749, 939, 1, 0, 0
544849, 990, 1, 0, 0
544949, 1010, 1, 0, 0
545049, 1000, 1, 0, 0
545149, 990, 1, 0, 0
545249, 960, 1, 0, 0
545349, 920, 1, 0, 0
545449, 1020, 1, 0, 0
545549, 1000, 1, 0, 0
545649, 1020, 1, 0, 0
545750, 1000, 1, 0, 0
545850, 1000, 1, 0, 0
545950, 1010, 1, 0, 0
546050, 1010, 1, 0, 0
546150, 1010, 1, 0, 0
546249, 1020, 1, 0, 0
546349, 1030, 1, 0, 0
546449, 990, 1, 0, 0
546549, 1070, 1, 0, 0
546649, 1000, 1, 0, 0
546749, 1030, 1, 0, 0
546849, 990, 1, 0, 0
546949, 1030, 1, 0, 0
547050, 980, 1, 0, 0
547150, 1000, 1, 0, 0
547249, 1020, 1, 0, 0
547349, 970, 1, 0, 0
547449, 1040, 1, 0, 0
547549, 980, 1, 0, 0
547649, 1010, 1, 0, 0
547749, 1010, 1, 0, 0
547849, 990, 1, 0, 0
547949, 1000, 1, 0, 0
548049, 990, 1, 0, 0
548149, 1000, 1, 0, 0
548250, 990, 1, 0, 0
548350, 1020, 1, 0, 0
548450, 1020, 1, 0, 0
548550, 1000, 1, 0, 0
548650, 970, 1, 0, 0
548749, 979, 1, 0, 0
548849, 970, 1, 0, 0
548949, 980, 1, 0, 0
549049, 1020, 1, 0, 0
549149, 1010, 1, 0, 0
549249, 1010, 1, 0, 0
549349, 1010, 1, 0, 0
549449, 1000, 1, 0, 0
549549, 1020, 1, 0, 0
549650, 1020, 1, 0, 0
549749, 1010, 1, 0, 0
549849, 1020, 1, 0, 0
549949, 1030, 1, 0, 0
550049, 960, 1, 0, 0
550149, 940, 1, 0, 0
550249, 1030, 1, 0, 0
550349, 1000, 1, 0, 0
550449, 1010, 1, 0, 0
550549, 1000, 1, 0, 0
550649, 1030, 1, 0, 0
550749, 990, 1, 0, 0
550849, 1000, 1, 0, 0
550950, 960, 1, 0, 0
551050, 1000, 1, 0, 0
551150, 960, 1, 0, 0
551249, 1020, 1, 0, 0
551349, 950, 1, 0, 0
551449, 990, 1, 0, 0
551549, 1020, 1, 0, 0
551649, 1030, 1, 0, 0
551749, 1010, 1, 0, 0
551849, 970, 1, 0, 0
551949, 990, 1, 0, 0
552049, 1030, 1, 0, 0
552150, 980, 1, 0, 0
552249, 989, 1, 0, 0
552349, 1020, 1, 0, 0
552449, 980, 1, 0, 0
552549, 1040, 1, 0, 0
552649, 940, 1, 0, 0
552749, 990, 1, 0, 0
552849, 980, 1, 0, 0
552949, 990, 1, 0, 0
553049, 1010, 1, 0, 0
553149, 990, 1, 0, 0
553249, 970, 1, 0, 0
553349, 1000, 1, 0, 0
553449, 1000, 1, 0, 0
553550, 980, 1, 0, 0
553650, 990, 1, 0, 0
553749, 979, 1, 0, 0
553849, 920, 1, 0, 0
553949, 990, 1, 0, 0
554049, 1000, 1, 0, 0
554149, 970, 1, 0, 0
554249, 1010, 1, 0, 0
554349, 940, 1, 0, 0
554449, 990, 1, 0, 0
554549, 1000, 1, 0, 0
554649, 1000, 1, 0, 0
554750, 990, 1, 0, 0
554850, 990, 1, 0, 0
554950, 950, 1, 0, 0
555050, 1000, 1, 0, 0
555150, 1010, 1, 0, 0
555249, 1030, 1, 0, 0
555349, 990, 1, 0, 0
555449, 1000, 1, 0, 0
555549, 990, 1, 0, 0
555649, 960, 1, 0, 0
555749, 1000, 1, 0, 0
555849, 980, 1, 0, 0
555949, 1020, 1, 0, 0
556050, 960, 1, 0, 0
556150, 1010, 1, 0, 0
556249, 1000, 1, 0, 0
556349, 960, 1, 0, 0
556449, 980, 1, 0, 0
556549, 990, 1, 0, 0
556649, 1000, 1, 0, 0
556749, 1010, 1, 0, 0
556849, 990, 1, 0, 0
556949, 980, 1, 0, 0
557049, 970, 1, 0, 0
557149, 1040, 1, 0, 0
557250, 930, 1, 0, 0
557350, 980, 1, 0, 0
557450, 920, 1, 0, 0
557550, 960, 1, 0, 0
557650, 980, 1, 0, 0
557749, 1010, 1, 0, 0
557849, 1010, 1, 0, 0
557949, 1040, 1, 0, 0
558049, 980, 1, 0, 0
558149, 950, 1, 0, 0
558249, 980, 1, 0, 0
558349, 1020, 1, 0, 0
558449, 960, 1, 0, 0
558550, 980, 1, 0, 0
558650, 960, 1, 0, 0
558749, 989, 1, 0, 0
558849, 990, 1, 0, 0
558949, 990, 1, 0, 0
559049, 990, 1, 0, 0
559149, 1010, 1, 0, 0
559249, 980, 1, 0, 0
559349, 980, 1, 0, 0
559449, 1000, 1, 0, 0
559549, 970, 1, 0, 0
559649, 950, 1, 0, 0
559750, 990, 1, 0, 0
559850, 990, 1, 0, 0
559950, 990, 1, 0, 0
560050, 950, 1, 0, 0
560150, 1010, 1, 0, 0
560249, 1000, 1, 0, 0
560349, 970, 1, 0, 0
560449, 1030, 1, 0, 0
560549, 1000, 1, 0, 0
560649, 1000, 1, 0, 0
560749, 990, 1, 0, 0
560849, 960, 1, 0, 0
560949, 960, 1, 0, 0
561050, 1000, 1, 0, 0
561150, 980, 1, 0, 0
561249, 1000, 1, 0, 0
561349, 970, 1, 0, 0
561449, 970, 1, 0, 0
561549, 960, 1, 0, 0
561649, 970, 1, 0, 0
561749, 970, 1, 0, 0
561849, 1000, 1, 0, 0
561949, 960, 1, 0, 0
562049, 960, 1, 0, 0
562149, 960, 1, 0, 0
562249, 930, 1, 0, 0
562350, 960, 1, 0, 0
562450, 970, 1, 0, 0
562550, 1000, 1, 0, 0
562650, 990, 1, 0, 0
562749, 969, 1, 0, 0
562849, 990, 1, 0, 0
562949, 980, 1, 0, 0
563049, 970, 1, 0, 0
563149, 950, 1, 0, 0
563249, 980, 1, 0, 0
563349, 960, 1, 0, 0
563449, 980, 1, 0, 0
563550, 1000, 1, 0, 0
563650, 980, 1, 0, 0
563749, 989, 1, 0, 0
563849, 950, 1, 0, 0
563949, 940, 1, 0, 0
564049, 960, 1, 0, 0
564149, 940, 1, 0, 0
564249, 980, 1, 0, 0
564349, 970, 1, 0, 0
564449, 970, 1, 0, 0
564549, 970, 1, 0, 0
564649, 930, 1, 0, 0
564750, 960, 1, 0, 0
564850, 970, 1, 0, 0
564950, 960, 1, 0, 0
565050, 960, 1, 0, 0
565150, 990, 1, 0, 0
565249, 929, 1, 0, 0
565349, 980, 1, 0, 0
565449, 970, 1, 0, 0
565549, 980, 1, 0, 0
565649, 920, 1, 0, 0
565749, 970, 1, 0, 0
565849, 920, 1, 0, 0
565949, 940, 1, 0, 0
566050, 960, 1, 0, 0
566150, 1020, 1, 0, 0
566249, 949, 1, 0, 0
566349, 960, 1, 0, 0
566449, 960, 1, 0, 0
566549, 980, 1, 0, 0
566649, 990, 1, 0, 0
566749, 980, 1, 0, 0
566849, 990, 1, 0, 0
566949, 960, 1, 0, 0
567049, 1030, 1, 0, 0
567149, 980, 1, 0, 0
567250, 1000, 1, 0, 0
567350, 970, 1, 0, 0
567450, 950, 1, 0, 0
567550, 1000, 1, 0, 0
567650, 970, 1, 0, 0
567749, 969, 1, 0, 0
567849, 1000, 1, 0, 0
567949, 990, 1, 0, 0
568049, 990, 1, 0, 0
568149, 990, 1, 0, 0
568249, 950, 1, 0, 0
568349, 970, 1, 0, 0
568449, 950, 1, 0, 0
568550, 950, 1, 0, 0
568650, 1010, 1, 0, 0
568749, 959, 1, 0, 0
568849, 970, 1, 0, 0
568949, 980, 1, 0, 0
569049, 990, 1, 0, 0
569149, 980, 1, 0, 0
569249, 1000, 1, 0, 0
569349, 990, 1, 0, 0
569449, 980, 1, 0, 0
569549, 980, 1, 0, 0
569649, 960, 1, 0, 0
569750, 960, 1, 0, 0
569850, 980, 1, 0, 0
569950, 980, 1, 0, 0
570050, 960, 1, 0, 0
570150, 940, 1, 0, 0
570249, 939, 1, 0, 0
570349, 970, 1, 0, 0
570449, 950, 1, 0, 0
570549, 960, 1, 0, 0
570649, 940, 1, 0, 0
570749, 940, 1, 0, 0
570849, 950, 1, 0, 0
570949, 900, 1, 0, 0
571050, 960, 1, 0, 0
571150, 990, 1, 0, 0
571249, 1030, 1, 0, 0
571349, 980, 1, 0, 0
571449, 970, 1, 0, 0
571549, 950, 1, 0, 0
571649, 1000, 1, 0, 0
571749, 970, 1, 0, 0
571849, 930, 1, 0, 0
571949, 960, 1, 0, 0
572049, 920, 1, 0, 0
572149, 930, 1, 0, 0
572250, 980, 1, 0, 0
572350, 940, 1, 0, 0
572450, 990, 1, 0, 0
572550, 980, 1, 0, 0
572650, 950, 1, 0, 0
572749, 949, 1, 0, 0
572849, 980, 1, 0, 0
572949, 990, 1, 0, 0
573049, 1010, 1, 0, 0
573149, 1030, 1, 0, 0
573249, 990, 1, 0, 0
573349, 1010, 1, 0, 0
573449, 1010, 1, 0, 0
573550, 970, 1, 0, 0
573650, 970, 1, 0, 0
573749, 1040, 1, 0, 0
573849, 980, 1, 0, 0
573949, 1020, 1, 0, 0
574049, 990, 1, 0, 0
574149, 990, 1, 0, 0
574249, 990, 1, 0, 0
574349, 960, 1, 0, 0
574449, 980, 1, 0, 0
574549, 1000, 1, 0, 0
574649, 980, 1, 0, 0
574750, 1000, 1, 0, 0
574850, 960, 1, 0, 0
574950, 960, 1, 0, 0
575050, 970, 1, 0, 0
575150, 1010, 1, 0, 0
575249, 1000, 1, 0, 0
575349, 1000, 1, 0, 0
575449, 990, 1, 0, 0
575549, 980, 1, 0, 0
575649, 980, 1, 0, 0
575749, 960, 1, 0, 0
575849, 1000, 1, 0, 0
575949, 1010, 1, 0, 0
576050, 1030, 1, 0, 0
576150, 1010, 1, 0, 0
576249, 969, 1, 0, 0
576349, 950, 1, 0, 0
576449, 960, 1, 0, 0
576549, 990, 1, 0, 0
576649, 1000, 1, 0, 0
576749, 990, 1, 0, 0
576849, 970, 1, 0, 0
576949, 940, 1, 0, 0
577049, 1030, 1, 0, 0
577149, 990, 1, 0, 0
577249, 970, 1, 0, 0
577350, 970, 1, 0, 0
577450, 960, 1, 0, 0
577550, 990, 1, 0, 0
577650, 1010, 1, 0, 0
577749, 1020, 1, 0, 0
577849, 1010, 1, 0, 0
577949, 1010, 1, 0, 0
578049, 1020, 1, 0, 0
578149, 1020, 1, 0, 0
578249, 1010, 1, 0, 0
578349, 990, 1, 0, 0
578449, 1030, 1, 0, 0
578549, 1030, 1, 0, 0
578649, 1000, 1, 0, 0
578749, 969, 1, 0, 0
578849, 970, 1, 0, 0
578949, 950, 1, 0, 0
579049, 990, 1, 0, 0
579149, 1000, 1, 0, 0
579249, 1030, 1, 0, 0
579349, 990, 1, 0, 0
579449, 960, 1, 0, 0
579549, 980, 1, 0, 0
579649, 990, 1, 0, 0
579749, 1010, 1, 0, 0
579849, 1010, 1, 0, 0
579949, 980, 1, 0, 0
580050, 980, 1, 0, 0
580150, 1000, 1, 0, 0
580249, 1020, 1, 0, 0
580349, 1020, 1, 0, 0
580449, 1030, 1, 0, 0
580549, 950, 1, 0, 0
580649, 1020, 1, 0, 0
580749, 1000, 1, 0, 0
580849, 1010, 1, 0, 0
580949, 990, 1, 0, 0
581049, 1030, 1, 0, 0
581149, 1020, 1, 0, 0
581249, 1000, 1, 0, 0
581349, 1020, 1, 0, 0
581449, 970, 1, 0, 0
581549, 990, 1, 0, 0
581649, 970, 1, 0, 0
581749, 1000, 1, 0, 0
581849, 1030, 1, 0, 0
581949, 980, 1, 0, 0
582049, 970, 1, 0, 0
582149, 990, 1, 0, 0
582250, 990, 1, 0, 0
582350, 970, 1, 0, 0
582450, 1000, 1, 0, 0
582550, 1000, 1, 0, 0
582650, 1030, 1, 0, 0
582749, 989, 1, 0, 0
582849, 1010, 1, 0, 0
582949, 990, 1, 0, 0
583049, 980, 1, 0, 0
583149, 970, 1, 0, 0
583249, 1010, 1, 0, 0
583349, 1010, 1, 0, 0
583449, 1000, 1, 0, 0
583550, 980, 1, 0, 0
583650, 1000, 1, 0, 0
583749, 1010, 1, 0, 0
583849, 1000, 1, 0, 0
583949, 980, 1, 0, 0
584049, 1000, 1, 0, 0
584149, 1010, 1, 0, 0
584249, 1050, 1, 0, 0
584349, 960, 1, 0, 0
584449, 950, 1, 0, 0
584549, 1020, 1, 0, 0
584649, 990, 1, 0, 0
584750, 1020, 1, 0, 0
584850, 1010, 1, 0, 0
584950, 990, 1, 0, 0
585050, 970, 1, 0, 0
585150, 940, 1, 0, 0
585249, 1040, 1, 0, 0
585349, 1000, 1, 0, 0
585449, 970, 1, 0, 0
585549, 990, 1, 0, 0
585649, 1010, 1, 0, 0
585749, 1000, 1, 0, 0
585849, 980, 1, 0, 0
585949, 1010, 1, 0, 0
586050, 1020, 1, 0, 0
586150, 1030, 1, 0, 0
586249, 1030, 1, 0, 0
586349, 1010, 1, 0, 0
586449, 1030, 1, 0, 0
586549, 1000, 1, 0, 0
586649, 1010, 1, 0, 0
586749, 1020, 1, 0, 0
586849, 1050, 1, 0, 0
586949, 980, 1, 0, 0
587050, 1010, 1, 0, 0
587150, 1010, 1, 0, 0
587249, 1000, 1, 0, 0
587349, 1010, 1, 0, 0
587449, 1030, 1, 0, 0
587549, 980, 1, 0, 0
587649, 1000, 1, 0, 0
587749, 930, 1, 0, 0
587849, 970, 1, 0, 0
587949, 960, 1, 0, 0
588049, 980, 1, 0, 0
588149, 950, 1, 0, 0
588249, 980, 1, 0, 0
588350, 960, 1, 0, 0
588450, 1010, 1, 0, 0
588550, 990, 1, 0, 0
588650, 970, 1, 0, 0
588749, 979, 1, 0, 0
588849, 990, 1, 0, 0
588949, 1000, 1, 0, 0
589049, 960, 1, 0, 0
589149, 950, 1, 0, 0
589249, 990, 1, 0, 0
589349, 960, 1, 0, 0
589449, 990, 1, 0, 0
589550, 960, 1, 0, 0
589650, 980, 1, 0, 0
589749, 1020, 1, 0, 0
589849, 1000, 1, 0, 0
589949, 990, 1, 0, 0
590049, 960, 1, 0, 0
590149, 1000, 1, 0, 0
590249, 1000, 1, 0, 0
590349, 970, 1, 0, 0
590449, 960, 1, 0, 0
590549, 990, 1, 0, 0
590649, 990, 1, 0, 0
590750, 960, 1, 0, 0
590850, 970, 1, 0, 0
590950, 990, 1, 0, 0
591050, 1000, 1, 0, 0
591150, 970, 1, 0, 0
591249, 959, 1, 0, 0
591349, 990, 1, 0, 0
591449, 1030, 1, 0, 0
591549, 1030, 1, 0, 0
591649, 970, 1, 0, 0
591749, 1020, 1, 0, 0
591849, 980, 1, 0, 0
591949, 960, 1, 0, 0
592050, 970, 1, 0, 0
592150, 960, 1, 0, 0
592249, 989, 1, 0, 0
592349, 920, 1, 0, 0
592449, 960, 1, 0, 0
592549, 960, 1, 0, 0
592649, 970, 1, 0, 0
592749, 980, 1, 0, 0
592849, 1000, 1, 0, 0
592949, 990, 1, 0, 0
593049, 980, 1, 0, 0
593149, 950, 1, 0, 0
593250, 990, 1, 0, 0
593350, 960, 1, 0, 0
593450, 980, 1, 0, 0
593550, 1040, 1, 0, 0
593650, 990, 1, 0, 0
593749, 969, 1, 0, 0
593849, 960, 1, 0, 0
593949, 950, 1, 0, 0
594049, 1030, 1, 0, 0
594149, 960, 1, 0, 0
594249, 960, 1, 0, 0
594349, 960, 1, 0, 0
594449, 980, 1, 0, 0
594550, 960, 1, 0, 0
594650, 980, 1, 0, 0
594749, 969, 1, 0, 0
594849, 910, 1, 0, 0
594949, 940, 1, 0, 0
595049, 970, 1, 0, 0
595149, 950, 1, 0, 0
595249, 980, 1, 0, 0
595349, 980, 1, 0, 0
595449, 980, 1, 0, 0
595549, 950, 1, 0, 0
595649, 980, 1, 0, 0
595749, 940, 1, 0, 0
595850, 930, 1, 0, 0
595950, 960, 1, 0, 0
596050, 970, 1, 0, 0
596150, 980, 1, 0, 0
596249, 969, 1, 0, 0
596349, 990, 1, 0, 0
596449, 910, 1, 0, 0
596549, 940, 1, 0, 0
596649, 990, 1, 0, 0
596749, 1000, 1, 0, 0
596849, 980, 1, 0, 0
596949, 1010, 1, 0, 0
597050, 1030, 1, 0, 0
597150, 1020, 1, 0, 0
597249, 969, 1, 0, 0
597349, 1000, 1, 0, 0
597449, 960, 1, 0, 0
597549, 1030, 1, 0, 0
597649, 1000, 1, 0, 0
597749, 980, 1, 0, 0
597849, 970, 1, 0, 0
597949, 940, 1, 0, 0
598049, 1030, 1, 0, 0
598149, 970, 1, 0, 0
598250, 970, 1, 0, 0
598350, 950, 1, 0, 0
598450, 970, 1, 0, 0
598550, 1000, 1, 0, 0
598650, 1000, 1, 0, 0
598749, 1010, 1, 0, 0
598849, 950, 1, 0, 0
598949, 950, 1, 0, 0
599049, 1000, 1, 0, 0
599149, 980, 1, 0, 0
599249, 980, 1, 0, 0
599349, 950, 1, 0, 0
599450, 1000, 1, 0, 0
599550, 970, 1, 0, 0
599650, 950, 1, 0, 0
599749, 1000, 1, 0, 0
599849, 1000, 1, 0, 0
599949, 1000, 1, 0, 0
