250, 48640, 1, 0, 0
350, 47360, 1, 0, 0
450, 48000, 1, 0, 0
550, 48640, 1, 0, 0
650, 46720, 1, 0, 0
749, 47838, 1, 0, 0
849, 48640, 1, 0, 0
949, 46720, 1, 0, 0
1049, 50560, 1, 0, 0
1149, 50560, 1, 0, 0
1249, 47360, 1, 0, 0
1349, 48640, 1, 0, 0
1449, 48640, 1, 0, 0
1549, 45440, 1, 0, 0
1650, 50560, 1, 0, 0
1749, 48484, 1, 0, 0
1849, 49280, 1, 0, 0
1949, 48640, 1, 0, 0
2049, 52480, 1, 0, 0
2149, 48000, 1, 0, 0
2249, 48000, 1, 0, 0
2349, 51840, 1, 0, 0
2449, 50560, 1, 0, 0
2549, 48000, 1, 0, 0
2649, 46080, 1, 0, 0
2749, 48000, 1, 0, 0
2849, 47360, 1, 0, 0
2949, 48000, 1, 0, 0
3050, 50560, 1, 0, 0
3150, 52480, 1, 0, 0
3249, 50424, 1, 0, 0
3349, 48000, 1, 0, 0
3449, 50560, 1, 0, 0
3549, 46720, 1, 0, 0
3649, 51200, 1, 0, 0
3749, 49280, 1, 0, 0
3849, 48000, 1, 0, 0
3949, 47360, 1, 0, 0
4049, 48000, 1, 0, 0
4149, 46080, 1, 0, 0
4250, 47360, 1, 0, 0
4350, 48000, 1, 0, 0
4450, 48000, 1, 0, 0
4550, 50560, 1, 0, 0
4650, 48000, 1, 0, 0
4749, 49777, 1, 0, 0
4849, 47360, 1, 0, 0
4949, 49280, 1, 0, 0
5049, 49280, 1, 0, 0
5149, 50560, 1, 0, 0
5249, 45440, 1, 0, 0
5349, 48000, 1, 0, 0
5449, 49280, 1, 0, 0
5549, 44800, 1, 0, 0
5650, 46720, 1, 0, 0
5749, 48484, 1, 0, 0
5849, 51840, 1, 0, 0
5949, 50560, 1, 0, 0
6049, 48000, 1, 0, 0
6149, 50560, 1, 0, 0
6249, 44800, 1, 0, 0
6349, 47360, 1, 0, 0
6449, 48640, 1, 0, 0
6549, 46720, 1, 0, 0
6649, 49280, 1, 0, 0
6749, 48000, 1, 0, 0
6849, 49280, 1, 0, 0
6950, 46080, 1, 0, 0
7050, 48640, 1, 0, 0
7150, 46720, 1, 0, 0
7249, 47838, 1, 0, 0
7349, 49920, 1, 0, 0
7449, 53120, 1, 0, 0
7549, 47360, 1, 0, 0
7649, 50560, 1, 0, 0
7749, 52480, 1, 0, 0
7849, 48640, 1, 0, 0
7949, 49920, 1, 0, 0
8049, 50560, 1, 0, 0
8149, 46080, 1, 0, 0
8250, 48640, 1, 0, 0
8350, 49920, 1, 0, 0
8450, 49920, 1, 0, 0
8550, 48640, 1, 0, 0
8650, 49280, 1, 0, 0
8749, 50424, 1, 0, 0
8849, 50560, 1, 0, 0
8949, 50560, 1, 0, 0
9049, 51840, 1, 0, 0
9149, 52480, 1, 0, 0
9249, 51840, 1, 0, 0
9349, 49920, 1, 0, 0
9449, 49280, 1, 0, 0
9550, 50560, 1, 0, 0
9650, 48640, 1, 0, 0
9749, 49131, 1, 0, 0
9849, 48000, 1, 0, 0
9949, 51200, 1, 0, 0
10049, 50560, 1, 0, 0
10149, 49920, 1, 0, 0
10249, 48640, 1, 0, 0
10349, 48640, 1, 0, 0
10449, 53120, 1, 0, 0
10549, 51840, 1, 0, 0
10649, 49280, 1, 0, 0
10749, 49280, 1, 0, 0
10850, 50560, 1, 0, 0
10950, 48000, 1, 0, 0
11050, 48640, 1, 0, 0
11150, 49280, 1, 0, 0
11249, 47838, 1, 0, 0
11349, 49920, 1, 0, 0
11449, 48640, 1, 0, 0
11549, 50560, 1, 0, 0
11649, 49920, 1, 0, 0
11749, 53120, 1, 0, 0
11849, 53120, 1, 0, 0
11949, 51200, 1, 0, 0
12049, 50560, 1, 0, 0
12149, 49920, 1, 0, 0
12250, 50560, 1, 0, 0
12350, 49280, 1, 0, 0
12450, 49920, 1, 0, 0
12550, 52480, 1, 0, 0
12650, 47360, 1, 0, 0
12749, 49777, 1, 0, 0
12849, 50560, 1, 0, 0
12949, 47360, 1, 0, 0
13049, 50560, 1, 0, 0
13149, 50560, 1, 0, 0
13249, 48000, 1, 0, 0
13349, 50560, 1, 0, 0
13449, 49280, 1, 0, 0
13550, 47360, 1, 0, 0
13650, 50560, 1, 0, 0
13749, 48484, 1, 0, 0
13849, 47360, 1, 0, 0
13949, 49280, 1, 0, 0
14049, 48640, 1, 0, 0
14149, 49920, 1, 0, 0
14249, 48000, 1, 0, 0
14349, 47360, 1, 0, 0
14449, 45440, 1, 0, 0
14549, 49920, 1, 0, 0
14649, 48640, 1, 0, 0
14750, 51200, 1, 0, 0
14850, 49920, 1, 0, 0
14950, 49280, 1, 0, 0
15050, 47360, 1, 0, 0
15150, 51200, 1, 0, 0
15249, 47838, 1, 0, 0
15349, 50560, 1, 0, 0
15449, 50560, 1, 0, 0
15549, 49920, 1, 0, 0
15649, 48640, 1, 0, 0
15749, 50560, 1, 0, 0
15849, 49920, 1, 0, 0
15949, 50560, 1, 0, 0
16050, 48640, 1, 0, 0
16150, 51840, 1, 0, 0
16249, 51717, 1, 0, 0
16349, 52480, 1, 0, 0
16449, 50560, 1, 0, 0
16549, 49280, 1, 0, 0
16649, 49280, 1, 0, 0
16749, 49280, 1, 0, 0
16849, 49920, 1, 0, 0
16949, 50560, 1, 0, 0
17049, 48640, 1, 0, 0
17149, 51840, 1, 0, 0
17249, 49920, 1, 0, 0
17350, 51840, 1, 0, 0
17450, 50560, 1, 0, 0
17550, 46720, 1, 0, 0
17650, 50560, 1, 0, 0
17749, 49777, 1, 0, 0
17849, 49920, 1, 0, 0
17949, 51840, 1, 0, 0
18049, 48000, 1, 0, 0
18149, 51840, 1, 0, 0
18249, 48640, 1, 0, 0
18349, 50560, 1, 0, 0
18449, 49920, 1, 0, 0
18549, 49920, 1, 0, 0
18649, 49280, 1, 0, 0
18750, 50560, 1, 0, 0
18850, 48640, 1, 0, 0
18950, 48000, 1, 0, 0
19050, 47360, 1, 0, 0
19150, 48640, 1, 0, 0
19249, 49777, 1, 0, 0
19349, 50560, 1, 0, 0
19449, 48000, 1, 0, 0
19549, 48640, 1, 0, 0
19649, 49920, 1, 0, 0
19749, 48640, 1, 0, 0
19849, 50560, 1, 0, 0
19949, 50560, 1, 0, 0
20050, 51840, 1, 0, 0
20150, 48000, 1, 0, 0
20249, 50424, 1, 0, 0
20349, 49920, 1, 0, 0
20449, 50560, 1, 0, 0
20549, 49280, 1, 0, 0
20649, 48000, 1, 0, 0
20749, 49920, 1, 0, 0
20849, 52480, 1, 0, 0
20949, 48640, 1, 0, 0
21049, 54400, 1, 0, 0
21149, 51200, 1, 0, 0
21249, 50560, 1, 0, 0
21349, 50560, 1, 0, 0
21450, 46720, 1, 0, 0
21550, 51200, 1, 0, 0
21650, 48640, 1, 0, 0
21749, 50424, 1, 0, 0
21849, 51840, 1, 0, 0
21949, 54400, 1, 0, 0
22049, 49920, 1, 0, 0
22149, 49920, 1, 0, 0
22249, 49920, 1, 0, 0
22349, 50560, 1, 0, 0
22449, 47360, 1, 0, 0
22549, 50560, 1, 0, 0
22649, 48640, 1, 0, 0
22750, 50560, 1, 0, 0
22850, 48640, 1, 0, 0
22950, 49280, 1, 0, 0
23050, 48640, 1, 0, 0
23150, 51840, 1, 0, 0
23249, 46545, 1, 0, 0
23349, 49920, 1, 0, 0
23449, 51840, 1, 0, 0
23549, 48000, 1, 0, 0
23649, 49280, 1, 0, 0
23749, 48000, 1, 0, 0
23849, 48640, 1, 0, 0
23949, 49280, 1, 0, 0
24049, 49280, 1, 0, 0
24149, 48640, 1, 0, 0
24249, 51840, 1, 0, 0
24350, 52480, 1, 0, 0
24450, 51840, 1, 0, 0
24550, 49280, 1, 0, 0
24650, 50560, 1, 0, 0
24749, 49777, 1, 0, 0
24849, 49280, 1, 0, 0
24949, 50560, 1, 0, 0
25049, 48640, 1, 0, 0
25149, 48000, 1, 0, 0
25249, 49920, 1, 0, 0
25349, 51200, 1, 0, 0
25449, 52480, 1, 0, 0
25549, 49280, 1, 0, 0
25649, 52480, 1, 0, 0
25750, 49920, 1, 0, 0
25850, 48000, 1, 0, 0
25950, 48640, 1, 0, 0
26050, 49920, 1, 0, 0
26150, 51200, 1, 0, 0
26249, 47838, 1, 0, 0
26349, 51200, 1, 0, 0
26449, 48000, 1, 0, 0
26549, 48640, 1, 0, 0
26649, 49280, 1, 0, 0
26749, 50560, 1, 0, 0
26849, 50560, 1, 0, 0
26949, 48000, 1, 0, 0
27050, 45440, 1, 0, 0
27150, 44800, 1, 0, 0
27249, 48484, 1, 0, 0
27349, 48000, 1, 0, 0
27449, 47360, 1, 0, 0
27549, 49280, 1, 0, 0
27649, 50560, 1, 0, 0
27749, 51840, 1, 0, 0
27849, 50560, 1, 0, 0
27949, 49280, 1, 0, 0
28049, 53760, 1, 0, 0
28149, 49920, 1, 0, 0
28249, 50560, 1, 0, 0
28349, 51200, 1, 0, 0
28450, 49920, 1, 0, 0
28550, 49280, 1, 0, 0
28650, 49280, 1, 0, 0
28749, 51717, 1, 0, 0
28849, 50560, 1, 0, 0
28949, 51840, 1, 0, 0
29049, 53760, 1, 0, 0
29149, 50560, 1, 0, 0
29249, 46080, 1, 0, 0
29349, 49920, 1, 0, 0
29449, 49920, 1, 0, 0
29549, 52480, 1, 0, 0
29650, 51200, 1, 0, 0
29749, 51717, 1, 0, 0
29849, 50560, 1, 0, 0
29949, 48000, 1, 0, 0
30049, 51200, 1, 0, 0
30149, 48640, 1, 0, 0
30249, 51840, 1, 0, 0
30349, 50560, 1, 0, 0
30449, 50560, 1, 0, 0
30549, 51840, 1, 0, 0
30649, 50560, 1, 0, 0
30749, 51200, 1, 0, 0
30849, 49920, 1, 0, 0
30950, 51200, 1, 0, 0
31050, 52480, 1, 0, 0
31150, 48000, 1, 0, 0
31249, 49131, 1, 0, 0
31349, 49920, 1, 0, 0
31449, 48000, 1, 0, 0
31549, 51840, 1, 0, 0
31649, 49280, 1, 0, 0
31749, 50560, 1, 0, 0
31849, 51200, 1, 0, 0
31949, 50560, 1, 0, 0
32049, 48640, 1, 0, 0
32149, 49920, 1, 0, 0
32249, 49280, 1, 0, 0
32349, 50560, 1, 0, 0
32449, 48000, 1, 0, 0
32550, 51200, 1, 0, 0
32650, 50560, 1, 0, 0
32749, 52363, 1, 0, 0
32849, 47360, 1, 0, 0
32949, 49920, 1, 0, 0
33049, 49920, 1, 0, 0
33149, 49920, 1, 0, 0
33249, 51840, 1, 0, 0
33349, 49280, 1, 0, 0
33449, 50560, 1, 0, 0
33549, 46720, 1, 0, 0
33649, 50560, 1, 0, 0
33749, 49280, 1, 0, 0
33849, 47360, 1, 0, 0
33950, 50560, 1, 0, 0
34050, 51200, 1, 0, 0
34150, 49280, 1, 0, 0
34249, 50424, 1, 0, 0
34349, 50560, 1, 0, 0
34449, 49920, 1, 0, 0
34549, 52480, 1, 0, 0
34649, 51840, 1, 0, 0
34749, 52480, 1, 0, 0
34849, 48640, 1, 0, 0
34949, 50560, 1, 0, 0
35049, 50560, 1, 0, 0
35149, 50560, 1, 0, 0
35249, 49920, 1, 0, 0
35349, 49920, 1, 0, 0
35449, 49280, 1, 0, 0
35550, 50560, 1, 0, 0
35650, 48000, 1, 0, 0
35749, 53010, 1, 0, 0
35849, 51200, 1, 0, 0
35949, 49280, 1, 0, 0
36049, 48640, 1, 0, 0
36149, 51840, 1, 0, 0
36249, 49280, 1, 0, 0
36349, 48640, 1, 0, 0
36449, 48000, 1, 0, 0
36549, 48000, 1, 0, 0
36649, 49920, 1, 0, 0
36749, 49920, 1, 0, 0
36849, 52480, 1, 0, 0
36949, 50560, 1, 0, 0
37050, 49920, 1, 0, 0
37150, 52480, 1, 0, 0
37249, 49131, 1, 0, 0
37349, 49920, 1, 0, 0
37449, 52480, 1, 0, 0
37549, 48640, 1, 0, 0
37649, 46720, 1, 0, 0
37749, 47360, 1, 0, 0
37849, 52480, 1, 0, 0
37949, 50560, 1, 0, 0
38049, 51840, 1, 0, 0
38149, 48640, 1, 0, 0
38250, 49280, 1, 0, 0
38350, 51840, 1, 0, 0
38450, 49280, 1, 0, 0
38550, 48640, 1, 0, 0
38650, 51840, 1, 0, 0
38749, 51717, 1, 0, 0
38849, 50560, 1, 0, 0
38949, 52480, 1, 0, 0
39049, 50560, 1, 0, 0
39149, 51200, 1, 0, 0
39249, 51840, 1, 0, 0
39349, 48640, 1, 0, 0
39449, 50560, 1, 0, 0
39550, 51200, 1, 0, 0
39650, 49280, 1, 0, 0
39749, 48484, 1, 0, 0
39849, 49920, 1, 0, 0
39949, 51840, 1, 0, 0
40049, 50560, 1, 0, 0
40149, 54400, 1, 0, 0
40249, 50560, 1, 0, 0
40349, 50560, 1, 0, 0
40449, 51840, 1, 0, 0
40549, 49280, 1, 0, 0
40649, 52480, 1, 0, 0
40749, 51840, 1, 0, 0
40849, 53760, 1, 0, 0
40950, 49280, 1, 0, 0
41050, 53120, 1, 0, 0
41150, 49280, 1, 0, 0
41249, 51717, 1, 0, 0
41349, 53120, 1, 0, 0
41449, 50560, 1, 0, 0
41549, 49920, 1, 0, 0
41649, 49280, 1, 0, 0
41749, 51200, 1, 0, 0
41849, 50560, 1, 0, 0
41949, 49920, 1, 0, 0
42049, 44800, 1, 0, 0
42150, 49280, 1, 0, 0
42249, 50424, 1, 0, 0
42349, 49920, 1, 0, 0
42449, 50560, 1, 0, 0
42549, 51840, 1, 0, 0
42649, 52480, 1, 0, 0
42749, 51200, 1, 0, 0
42849, 51200, 1, 0, 0
42949, 51200, 1, 0, 0
43049, 53120, 1, 0, 0
43149, 48640, 1, 0, 0
43249, 53760, 1, 0, 0
43350, 49920, 1, 0, 0
43450, 49920, 1, 0, 0
43550, 53760, 1, 0, 0
43650, 51840, 1, 0, 0
43749, 55595, 1, 0, 0
43849, 50560, 1, 0, 0
43949, 52480, 1, 0, 0
44049, 49920, 1, 0, 0
44149, 49920, 1, 0, 0
44249, 49920, 1, 0, 0
44349, 49920, 1, 0, 0
44449, 54400, 1, 0, 0
44549, 51840, 1, 0, 0
44650, 53760, 1, 0, 0
44749, 51717, 1, 0, 0
44849, 50560, 1, 0, 0
44949, 51200, 1, 0, 0
45049, 48640, 1, 0, 0
45149, 51840, 1, 0, 0
45249, 51200, 1, 0, 0
45349, 49280, 1, 0, 0
45449, 53120, 1, 0, 0
45549, 55040, 1, 0, 0
45649, 54400, 1, 0, 0
45749, 52480, 1, 0, 0
45849, 51840, 1, 0, 0
45950, 55040, 1, 0, 0
46050, 49920, 1, 0, 0
46150, 48640, 1, 0, 0
46249, 51070, 1, 0, 0
46349, 51200, 1, 0, 0
46449, 50560, 1, 0, 0
46549, 49920, 1, 0, 0
46649, 50560, 1, 0, 0
46749, 54400, 1, 0, 0
46849, 49920, 1, 0, 0
46949, 54400, 1, 0, 0
47049, 52480, 1, 0, 0
47149, 52480, 1, 0, 0
47250, 51200, 1, 0, 0
47350, 49280, 1, 0, 0
47450, 47360, 1, 0, 0
47550, 51200, 1, 0, 0
47650, 49280, 1, 0, 0
47749, 49131, 1, 0, 0
47849, 51200, 1, 0, 0
47949, 53120, 1, 0, 0
48049, 53120, 1, 0, 0
48149, 51200, 1, 0, 0
48249, 51200, 1, 0, 0
48349, 53760, 1, 0, 0
48449, 50560, 1, 0, 0
48550, 51200, 1, 0, 0
48650, 53760, 1, 0, 0
48749, 51717, 1, 0, 0
48849, 49920, 1, 0, 0
48949, 48000, 1, 0, 0
49049, 52480, 1, 0, 0
49149, 53760, 1, 0, 0
49249, 51840, 1, 0, 0
49349, 49920, 1, 0, 0
49449, 51200, 1, 0, 0
49549, 50560, 1, 0, 0
49649, 54400, 1, 0, 0
49750, 53120, 1, 0, 0
49850, 51200, 1, 0, 0
49950, 53760, 1, 0, 0
50050, 52480, 1, 0, 0
50150, 52480, 1, 0, 0
50249, 50424, 1, 0, 0
50349, 54400, 1, 0, 0
50449, 54400, 1, 0, 0
50549, 51200, 1, 0, 0
50649, 53120, 1, 0, 0
50749, 54400, 1, 0, 0
50849, 53760, 1, 0, 0
50949, 54400, 1, 0, 0
51050, 52480, 1, 0, 0
51150, 50560, 1, 0, 0
51249, 56888, 1, 0, 0
51349, 51840, 1, 0, 0
51449, 52480, 1, 0, 0
51549, 53120, 1, 0, 0
51649, 53120, 1, 0, 0
51749, 51840, 1, 0, 0
51849, 51200, 1, 0, 0
51949, 53760, 1, 0, 0
52049, 51200, 1, 0, 0
52149, 51840, 1, 0, 0
52250, 54400, 1, 0, 0
52350, 51840, 1, 0, 0
52450, 55040, 1, 0, 0
52550, 53120, 1, 0, 0
52650, 51840, 1, 0, 0
52749, 53656, 1, 0, 0
52849, 54400, 1, 0, 0
52949, 51200, 1, 0, 0
53049, 54400, 1, 0, 0
53149, 55680, 1, 0, 0
53249, 55680, 1, 0, 0
53349, 51840, 1, 0, 0
53450, 55040, 1, 0, 0
53550, 53120, 1, 0, 0
53650, 53120, 1, 0, 0
53749, 54949, 1, 0, 0
53849, 52480, 1, 0, 0
53949, 54400, 1, 0, 0
54049, 54400, 1, 0, 0
54149, 53760, 1, 0, 0
54249, 52480, 1, 0, 0
54349, 55040, 1, 0, 0
54449, 53760, 1, 0, 0
54549, 57600, 1, 0, 0
54649, 53760, 1, 0, 0
54750, 55040, 1, 0, 0
54850, 51840, 1, 0, 0
54950, 52480, 1, 0, 0
55050, 52480, 1, 0, 0
55150, 54400, 1, 0, 0
55249, 55595, 1, 0, 0
55349, 53760, 1, 0, 0
55449, 56960, 1, 0, 0
55549, 53760, 1, 0, 0
55649, 55040, 1, 0, 0
55749, 55680, 1, 0, 0
55849, 51840, 1, 0, 0
55949, 53760, 1, 0, 0
56049, 55680, 1, 0, 0
56149, 58240, 1, 0, 0
56250, 55680, 1, 0, 0
56350, 54400, 1, 0, 0
56450, 52480, 1, 0, 0
56550, 55040, 1, 0, 0
56650, 55680, 1, 0, 0
56749, 54303, 1, 0, 0
56849, 53120, 1, 0, 0
56949, 58240, 1, 0, 0
57049, 56960, 1, 0, 0
57149, 52480, 1, 0, 0
57249, 54400, 1, 0, 0
57349, 56960, 1, 0, 0
57449, 54400, 1, 0, 0
57550, 55040, 1, 0, 0
57650, 54400, 1, 0, 0
57749, 56888, 1, 0, 0
57849, 55040, 1, 0, 0
57949, 54400, 1, 0, 0
58049, 53120, 1, 0, 0
58149, 55680, 1, 0, 0
58249, 53760, 1, 0, 0
58349, 49920, 1, 0, 0
58449, 52480, 1, 0, 0
58549, 51840, 1, 0, 0
58649, 53120, 1, 0, 0
58749, 52480, 1, 0, 0
58849, 55040, 1, 0, 0
58949, 55680, 1, 0, 0
59050, 54400, 1, 0, 0
59150, 54400, 1, 0, 0
59249, 56242, 1, 0, 0
59349, 53760, 1, 0, 0
59449, 52480, 1, 0, 0
59549, 51200, 1, 0, 0
59649, 53760, 1, 0, 0
59749, 55040, 1, 0, 0
59849, 53760, 1, 0, 0
59949, 53120, 1, 0, 0
60049, 55040, 1, 0, 0
60149, 55680, 1, 0, 0
60249, 51840, 1, 0, 0
60349, 53120, 1, 0, 0
60449, 51840, 1, 0, 0
60550, 56320, 1, 0, 0
60650, 54400, 1, 0, 0
60749, 53010, 1, 0, 0
60849, 58240, 1, 0, 0
60949, 53760, 1, 0, 0
61049, 55680, 1, 0, 0
61149, 55680, 1, 0, 0
61249, 51200, 1, 0, 0
61349, 54400, 1, 0, 0
61449, 57600, 1, 0, 0
61549, 53120, 1, 0, 0
61649, 52480, 1, 0, 0
61749, 53760, 1, 0, 0
61849, 51200, 1, 0, 0
61949, 51200, 1, 0, 0
62050, 51840, 1, 0, 0
62150, 53120, 1, 0, 0
62249, 55595, 1, 0, 0
62349, 55680, 1, 0, 0
62449, 55040, 1, 0, 0
62549, 53120, 1, 0, 0
62649, 54400, 1, 0, 0
62749, 53120, 1, 0, 0
62849, 55040, 1, 0, 0
62949, 56320, 1, 0, 0
63049, 54400, 1, 0, 0
63149, 54400, 1, 0, 0
63250, 53760, 1, 0, 0
63350, 51840, 1, 0, 0
63450, 56320, 1, 0, 0
63550, 56320, 1, 0, 0
63650, 54400, 1, 0, 0
63749, 53656, 1, 0, 0
63849, 53120, 1, 0, 0
63949, 53760, 1, 0, 0
64049, 55040, 1, 0, 0
64149, 53760, 1, 0, 0
64249, 55680, 1, 0, 0
64349, 52480, 1, 0, 0
64449, 53760, 1, 0, 0
64550, 52480, 1, 0, 0
64650, 53760, 1, 0, 0
64749, 54303, 1, 0, 0
64849, 56960, 1, 0, 0
64949, 53120, 1, 0, 0
65049, 53760, 1, 0, 0
65149, 48000, 1, 0, 0
65249, 54400, 1, 0, 0
65349, 53120, 1, 0, 0
65449, 53760, 1, 0, 0
65549, 51200, 1, 0, 0
65649, 51840, 1, 0, 0
65749, 52480, 1, 0, 0
65850, 55680, 1, 0, 0
65950, 49920, 1, 0, 0
66050, 53760, 1, 0, 0
66150, 52480, 1, 0, 0
66249, 54303, 1, 0, 0
66349, 52480, 1, 0, 0
66449, 54400, 1, 0, 0
66549, 51840, 1, 0, 0
66649, 51840, 1, 0, 0
66749, 51200, 1, 0, 0
66849, 51840, 1, 0, 0
66949, 55040, 1, 0, 0
67049, 54400, 1, 0, 0
67150, 54400, 1, 0, 0
67249, 56888, 1, 0, 0
67349, 55040, 1, 0, 0
67449, 53120, 1, 0, 0
67549, 51840, 1, 0, 0
67649, 53760, 1, 0, 0
67749, 53760, 1, 0, 0
67849, 56320, 1, 0, 0
67949, 51840, 1, 0, 0
68049, 52480, 1, 0, 0
68149, 49280, 1, 0, 0
68250, 55040, 1, 0, 0
68350, 53120, 1, 0, 0
68450, 55040, 1, 0, 0
68550, 55040, 1, 0, 0
68650, 49280, 1, 0, 0
68749, 52363, 1, 0, 0
68849, 55040, 1, 0, 0
68949, 54400, 1, 0, 0
69049, 53120, 1, 0, 0
69149, 54400, 1, 0, 0
69249, 55680, 1, 0, 0
69349, 53760, 1, 0, 0
69449, 53760, 1, 0, 0
69550, 56960, 1, 0, 0
69650, 53760, 1, 0, 0
69749, 51070, 1, 0, 0
69849, 53120, 1, 0, 0
69949, 56320, 1, 0, 0
70049, 56960, 1, 0, 0
70149, 53760, 1, 0, 0
70249, 53760, 1, 0, 0
70349, 51840, 1, 0, 0
70449, 55040, 1, 0, 0
70549, 53760, 1, 0, 0
70649, 55680, 1, 0, 0
70749, 53760, 1, 0, 0
70850, 51840, 1, 0, 0
70950, 53760, 1, 0, 0
71050, 55680, 1, 0, 0
71150, 51200, 1, 0, 0
71249, 59474, 1, 0, 0
71349, 54400, 1, 0, 0
71449, 53120, 1, 0, 0
71549, 53760, 1, 0, 0
71649, 52480, 1, 0, 0
71749, 51840, 1, 0, 0
71849, 54400, 1, 0, 0
71949, 53120, 1, 0, 0
72050, 53120, 1, 0, 0
72150, 53120, 1, 0, 0
72249, 56242, 1, 0, 0
72349, 55680, 1, 0, 0
72449, 51840, 1, 0, 0
72549, 55680, 1, 0, 0
72649, 51200, 1, 0, 0
72749, 51840, 1, 0, 0
72849, 54400, 1, 0, 0
72949, 54400, 1, 0, 0
73049, 53760, 1, 0, 0
73149, 56320, 1, 0, 0
73250, 55680, 1, 0, 0
73350, 54400, 1, 0, 0
73450, 53760, 1, 0, 0
73550, 53760, 1, 0, 0
73650, 51200, 1, 0, 0
73749, 56888, 1, 0, 0
73849, 55680, 1, 0, 0
73949, 53760, 1, 0, 0
74049, 53760, 1, 0, 0
74149, 52480, 1, 0, 0
74249, 53760, 1, 0, 0
74349, 53120, 1, 0, 0
74449, 54400, 1, 0, 0
74550, 53760, 1, 0, 0
74650, 54400, 1, 0, 0
74749, 55595, 1, 0, 0
74849, 56320, 1, 0, 0
74949, 55680, 1, 0, 0
75049, 56320, 1, 0, 0
75149, 56960, 1, 0, 0
75249, 51200, 1, 0, 0
75349, 54400, 1, 0, 0
75449, 51200, 1, 0, 0
75549, 52480, 1, 0, 0
75649, 51840, 1, 0, 0
75750, 51840, 1, 0, 0
75850, 55680, 1, 0, 0
75950, 55680, 1, 0, 0
76050, 53760, 1, 0, 0
76150, 58240, 1, 0, 0
76249, 52363, 1, 0, 0
76349, 54400, 1, 0, 0
76449, 55040, 1, 0, 0
76549, 53760, 1, 0, 0
76649, 54400, 1, 0, 0
76749, 53120, 1, 0, 0
76849, 55680, 1, 0, 0
76950, 51200, 1, 0, 0
77050, 53760, 1, 0, 0
77150, 53120, 1, 0, 0
77249, 52363, 1, 0, 0
77349, 51840, 1, 0, 0
77449, 50560, 1, 0, 0
77549, 50560, 1, 0, 0
77649, 53760, 1, 0, 0
77749, 51200, 1, 0, 0
77849, 49920, 1, 0, 0
77949, 51840, 1, 0, 0
78049, 51840, 1, 0, 0
78149, 51840, 1, 0, 0
78250, 50560, 1, 0, 0
78350, 54400, 1, 0, 0
78450, 55040, 1, 0, 0
78550, 55040, 1, 0, 0
78650, 54400, 1, 0, 0
78749, 54949, 1, 0, 0
78849, 54400, 1, 0, 0
78949, 55680, 1, 0, 0
79049, 54400, 1, 0, 0
79149, 55680, 1, 0, 0
79249, 52480, 1, 0, 0
79349, 56960, 1, 0, 0
79449, 54400, 1, 0, 0
79549, 53760, 1, 0, 0
79649, 53760, 1, 0, 0
79749, 53760, 1, 0, 0
79850, 56960, 1, 0, 0
79950, 51840, 1, 0, 0
80050, 55040, 1, 0, 0
80150, 55680, 1, 0, 0
80249, 51070, 1, 0, 0
80349, 53760, 1, 0, 0
80449, 54400, 1, 0, 0
80549, 57600, 1, 0, 0
80649, 57600, 1, 0, 0
80749, 52480, 1, 0, 0
80849, 56960, 1, 0, 0
80949, 55680, 1, 0, 0
81049, 51840, 1, 0, 0
81149, 49280, 1, 0, 0
81250, 53760, 1, 0, 0
81350, 55040, 1, 0, 0
81450, 56320, 1, 0, 0
81550, 55040, 1, 0, 0
81650, 56320, 1, 0, 0
81749, 54303, 1, 0, 0
81849, 53120, 1, 0, 0
81949, 53120, 1, 0, 0
82049, 54400, 1, 0, 0
82149, 54400, 1, 0, 0
82249, 52480, 1, 0, 0
82349, 52480, 1, 0, 0
82449, 53120, 1, 0, 0
82549, 55040, 1, 0, 0
82649, 55680, 1, 0, 0
82750, 53760, 1, 0, 0
82850, 55040, 1, 0, 0
82950, 55680, 1, 0, 0
83050, 52480, 1, 0, 0
83150, 51840, 1, 0, 0
83249, 51717, 1, 0, 0
83349, 53120, 1, 0, 0
83449, 55040, 1, 0, 0
83549, 50560, 1, 0, 0
83649, 55680, 1, 0, 0
83749, 55680, 1, 0, 0
83849, 54400, 1, 0, 0
83949, 52480, 1, 0, 0
84049, 54400, 1, 0, 0
84150, 53120, 1, 0, 0
84249, 57535, 1, 0, 0
84349, 55680, 1, 0, 0
84449, 51840, 1, 0, 0
84549, 54400, 1, 0, 0
84649, 55040, 1, 0, 0
84749, 53120, 1, 0, 0
84849, 57600, 1, 0, 0
84949, 55040, 1, 0, 0
85049, 54400, 1, 0, 0
85149, 55680, 1, 0, 0
85249, 55680, 1, 0, 0
85349, 54400, 1, 0, 0
85449, 53120, 1, 0, 0
85550, 55680, 1, 0, 0
85650, 53760, 1, 0, 0
85749, 53656, 1, 0, 0
85849, 54400, 1, 0, 0
85949, 54400, 1, 0, 0
86049, 55040, 1, 0, 0
86149, 51840, 1, 0, 0
86249, 51840, 1, 0, 0
86349, 56320, 1, 0, 0
86449, 55040, 1, 0, 0
86549, 55680, 1, 0, 0
86649, 55040, 1, 0, 0
86749, 53120, 1, 0, 0
86849, 55680, 1, 0, 0
86949, 54400, 1, 0, 0
87050, 56320, 1, 0, 0
87150, 55680, 1, 0, 0
87249, 53656, 1, 0, 0
87349, 55040, 1, 0, 0
87449, 56320, 1, 0, 0
87549, 56320, 1, 0, 0
87649, 55040, 1, 0, 0
87749, 54400, 1, 0, 0
87849, 53760, 1, 0, 0
87949, 54400, 1, 0, 0
88049, 56960, 1, 0, 0
88149, 55040, 1, 0, 0
88249, 55040, 1, 0, 0
88349, 53120, 1, 0, 0
88449, 51200, 1, 0, 0
88550, 53760, 1, 0, 0
88650, 55680, 1, 0, 0
88749, 54303, 1, 0, 0
88849, 54400, 1, 0, 0
88949, 53120, 1, 0, 0
89049, 52480, 1, 0, 0
89149, 53120, 1, 0, 0
89249, 55040, 1, 0, 0
89349, 55680, 1, 0, 0
89449, 52480, 1, 0, 0
89549, 58880, 1, 0, 0
89649, 53120, 1, 0, 0
89750, 53760, 1, 0, 0
89850, 53760, 1, 0, 0
89950, 56960, 1, 0, 0
90050, 55680, 1, 0, 0
90150, 55040, 1, 0, 0
90249, 58181, 1, 0, 0
90349, 55040, 1, 0, 0
90449, 56320, 1, 0, 0
90549, 55040, 1, 0, 0
90649, 59520, 1, 0, 0
90749, 56320, 1, 0, 0
90849, 56960, 1, 0, 0
90949, 54400, 1, 0, 0
91049, 56960, 1, 0, 0
91149, 54400, 1, 0, 0
91250, 54400, 1, 0, 0
91350, 55040, 1, 0, 0
91450, 54400, 1, 0, 0
91550, 54400, 1, 0, 0
91650, 54400, 1, 0, 0
91749, 54949, 1, 0, 0
91849, 57600, 1, 0, 0
91949, 56960, 1, 0, 0
92049, 56320, 1, 0, 0
92149, 53120, 1, 0, 0
92249, 54400, 1, 0, 0
92349, 55680, 1, 0, 0
92449, 55680, 1, 0, 0
92549, 52480, 1, 0, 0
92650, 52480, 1, 0, 0
92750, 53120, 1, 0, 0
92850, 55040, 1, 0, 0
92950, 54400, 1, 0, 0
93050, 53760, 1, 0, 0
93150, 53760, 1, 0, 0
93249, 56242, 1, 0, 0
93349, 56320, 1, 0, 0
93449, 53120, 1, 0, 0
93549, 55680, 1, 0, 0
93649, 58240, 1, 0, 0
93749, 54400, 1, 0, 0
93849, 52480, 1, 0, 0
93949, 56320, 1, 0, 0
94049, 54400, 1, 0, 0
94150, 56960, 1, 0, 0
94249, 54949, 1, 0, 0
94349, 56320, 1, 0, 0
94449, 57600, 1, 0, 0
94549, 51840, 1, 0, 0
94649, 56320, 1, 0, 0
94749, 53120, 1, 0, 0
94849, 55680, 1, 0, 0
94949, 53120, 1, 0, 0
95049, 55040, 1, 0, 0
95149, 57600, 1, 0, 0
95249, 53760, 1, 0, 0
95349, 56320, 1, 0, 0
95449, 54400, 1, 0, 0
95549, 52480, 1, 0, 0
95650, 52480, 1, 0, 0
95750, 55040, 1, 0, 0
95850, 55040, 1, 0, 0
95950, 55680, 1, 0, 0
96050, 53760, 1, 0, 0
96150, 51200, 1, 0, 0
96249, 54949, 1, 0, 0
96349, 58240, 1, 0, 0
96449, 55040, 1, 0, 0
96549, 58240, 1, 0, 0
96649, 55680, 1, 0, 0
96749, 56960, 1, 0, 0
96849, 55040, 1, 0, 0
96949, 51840, 1, 0, 0
97050, 55040, 1, 0, 0
97150, 55040, 1, 0, 0
97249, 54303, 1, 0, 0
97349, 54400, 1, 0, 0
97449, 55680, 1, 0, 0
97549, 55040, 1, 0, 0
97649, 56320, 1, 0, 0
97749, 55040, 1, 0, 0
97849, 55040, 1, 0, 0
97949, 58240, 1, 0, 0
98049, 53120, 1, 0, 0
98149, 52480, 1, 0, 0
98249, 53120, 1, 0, 0
98349, 54400, 1, 0, 0
98449, 53120, 1, 0, 0
98550, 55040, 1, 0, 0
98650, 55680, 1, 0, 0
98749, 55595, 1, 0, 0
98849, 59520, 1, 0, 0
98949, 55040, 1, 0, 0
99049, 52480, 1, 0, 0
99149, 57600, 1, 0, 0
99249, 55040, 1, 0, 0
99349, 56960, 1, 0, 0
99449, 54400, 1, 0, 0
99549, 54400, 1, 0, 0
99649, 55040, 1, 0, 0
99750, 57600, 1, 0, 0
99850, 51840, 1, 0, 0
99950, 55680, 1, 0, 0
100050, 55680, 1, 0, 0
100150, 56320, 1, 0, 0
100249, 56242, 1, 0, 0
100349, 53760, 1, 0, 0
100449, 55680, 1, 0, 0
100549, 52480, 1, 0, 0
100649, 53760, 1, 0, 0
100749, 58240, 1, 0, 0
100849, 58240, 1, 0, 0
100949, 58240, 1, 0, 0
101049, 54400, 1, 0, 0
101149, 54400, 1, 0, 0
101250, 52480, 1, 0, 0
101350, 55680, 1, 0, 0
101450, 57600, 1, 0, 0
101550, 55680, 1, 0, 0
101650, 55680, 1, 0, 0
101749, 54949, 1, 0, 0
101849, 56960, 1, 0, 0
101949, 55680, 1, 0, 0
102049, 53760, 1, 0, 0
102149, 52480, 1, 0, 0
102249, 57600, 1, 0, 0
102349, 55680, 1, 0, 0
102449, 57600, 1, 0, 0
102549, 55040, 1, 0, 0
102649, 55680, 1, 0, 0
102749, 55595, 1, 0, 0
102849, 53760, 1, 0, 0
102949, 54400, 1, 0, 0
103049, 55680, 1, 0, 0
103149, 55040, 1, 0, 0
103249, 57600, 1, 0, 0
103349, 56960, 1, 0, 0
103449, 56320, 1, 0, 0
103549, 51840, 1, 0, 0
103649, 53760, 1, 0, 0
103749, 56320, 1, 0, 0
103849, 53120, 1, 0, 0
103949, 53120, 1, 0, 0
104050, 55680, 1, 0, 0
104150, 54400, 1, 0, 0
104249, 54949, 1, 0, 0
104349, 55040, 1, 0, 0
104449, 56960, 1, 0, 0
104549, 58240, 1, 0, 0
104649, 56320, 1, 0, 0
104749, 56320, 1, 0, 0
104849, 57600, 1, 0, 0
104949, 55040, 1, 0, 0
105049, 57600, 1, 0, 0
105149, 53760, 1, 0, 0
105250, 57600, 1, 0, 0
105350, 55040, 1, 0, 0
105450, 56320, 1, 0, 0
105550, 57600, 1, 0, 0
105650, 56320, 1, 0, 0
105749, 52363, 1, 0, 0
105849, 57600, 1, 0, 0
105949, 58880, 1, 0, 0
106049, 56320, 1, 0, 0
106149, 55680, 1, 0, 0
106249, 58240, 1, 0, 0
106349, 55040, 1, 0, 0
106449, 59520, 1, 0, 0
106550, 56960, 1, 0, 0
106650, 55040, 1, 0, 0
106749, 56888, 1, 0, 0
106849, 54400, 1, 0, 0
106949, 59520, 1, 0, 0
107049, 58240, 1, 0, 0
107149, 55680, 1, 0, 0
107249, 55040, 1, 0, 0
107349, 56320, 1, 0, 0
107449, 57600, 1, 0, 0
107549, 57600, 1, 0, 0
107649, 60160, 1, 0, 0
107749, 54400, 1, 0, 0
107849, 59520, 1, 0, 0
107950, 58880, 1, 0, 0
108050, 56320, 1, 0, 0
108150, 55680, 1, 0, 0
108249, 59474, 1, 0, 0
108349, 57600, 1, 0, 0
108449, 54400, 1, 0, 0
108549, 60160, 1, 0, 0
108649, 55680, 1, 0, 0
108749, 56960, 1, 0, 0
108849, 59520, 1, 0, 0
108949, 57600, 1, 0, 0
109049, 59520, 1, 0, 0
109149, 59520, 1, 0, 0
109250, 58240, 1, 0, 0
109350, 55680, 1, 0, 0
109450, 55680, 1, 0, 0
109550, 56320, 1, 0, 0
109650, 55680, 1, 0, 0
109749, 57535, 1, 0, 0
109849, 57600, 1, 0, 0
109949, 59520, 1, 0, 0
110049, 56960, 1, 0, 0
110149, 56960, 1, 0, 0
110249, 58240, 1, 0, 0
110349, 58240, 1, 0, 0
110449, 56960, 1, 0, 0
110549, 58240, 1, 0, 0
110650, 53120, 1, 0, 0
110749, 56242, 1, 0, 0
110849, 56960, 1, 0, 0
110949, 56960, 1, 0, 0
111049, 60160, 1, 0, 0
111149, 58880, 1, 0, 0
111249, 59520, 1, 0, 0
111349, 56320, 1, 0, 0
111449, 59520, 1, 0, 0
111549, 58880, 1, 0, 0
111649, 62080, 1, 0, 0
111749, 56960, 1, 0, 0
111849, 60800, 1, 0, 0
111949, 60800, 1, 0, 0
112050, 58240, 1, 0, 0
112150, 57600, 1, 0, 0
112249, 60767, 1, 0, 0
112349, 58880, 1, 0, 0
112449, 58240, 1, 0, 0
112549, 60800, 1, 0, 0
112649, 58240, 1, 0, 0
112749, 59520, 1, 0, 0
112849, 60800, 1, 0, 0
112949, 55680, 1, 0, 0
113049, 58880, 1, 0, 0
113149, 56960, 1, 0, 0
113249, 59520, 1, 0, 0
113349, 58880, 1, 0, 0
113449, 60800, 1, 0, 0
113550, 58880, 1, 0, 0
113650, 58240, 1, 0, 0
113749, 61414, 1, 0, 0
113849, 59520, 1, 0, 0
113949, 56960, 1, 0, 0
114049, 55680, 1, 0, 0
114149, 55680, 1, 0, 0
114249, 56320, 1, 0, 0
114349, 58880, 1, 0, 0
114449, 60800, 1, 0, 0
114549, 56320, 1, 0, 0
114649, 57600, 1, 0, 0
114749, 58880, 1, 0, 0
114849, 56960, 1, 0, 0
114949, 56320, 1, 0, 0
115050, 56960, 1, 0, 0
115150, 55680, 1, 0, 0
115249, 59474, 1, 0, 0
115349, 57600, 1, 0, 0
115449, 60160, 1, 0, 0
115549, 56960, 1, 0, 0
115649, 56320, 1, 0, 0
115749, 60160, 1, 0, 0
115849, 61440, 1, 0, 0
115949, 58240, 1, 0, 0
116049, 55040, 1, 0, 0
116149, 56960, 1, 0, 0
116249, 58240, 1, 0, 0
116349, 59520, 1, 0, 0
116449, 60800, 1, 0, 0
116550, 56320, 1, 0, 0
116650, 58880, 1, 0, 0
116749, 60121, 1, 0, 0
116849, 57600, 1, 0, 0
116949, 57600, 1, 0, 0
117049, 58880, 1, 0, 0
117149, 57600, 1, 0, 0
117249, 59520, 1, 0, 0
117349, 57600, 1, 0, 0
117449, 57600, 1, 0, 0
117549, 56960, 1, 0, 0
117649, 57600, 1, 0, 0
117749, 56320, 1, 0, 0
117850, 61440, 1, 0, 0
117950, 56960, 1, 0, 0
118050, 52480, 1, 0, 0
118150, 62080, 1, 0, 0
118249, 56242, 1, 0, 0
118349, 58880, 1, 0, 0
118449, 60160, 1, 0, 0
118549, 56960, 1, 0, 0
118649, 56960, 1, 0, 0
118749, 60160, 1, 0, 0
118849, 57600, 1, 0, 0
118949, 56960, 1, 0, 0
119049, 58880, 1, 0, 0
119150, 60160, 1, 0, 0
119250, 59520, 1, 0, 0
119350, 56960, 1, 0, 0
119450, 62720, 1, 0, 0
119550, 57600, 1, 0, 0
119650, 59520, 1, 0, 0
119749, 58181, 1, 0, 0
119849, 59520, 1, 0, 0
119949, 58880, 1, 0, 0
120049, 56320, 1, 0, 0
120149, 60160, 1, 0, 0
120249, 58880, 1, 0, 0
120349, 57600, 1, 0, 0
120449, 60800, 1, 0, 0
120549, 58240, 1, 0, 0
120650, 57600, 1, 0, 0
120749, 59474, 1, 0, 0
120849, 58880, 1, 0, 0
120949, 62720, 1, 0, 0
121049, 59520, 1, 0, 0
121149, 56960, 1, 0, 0
121249, 61440, 1, 0, 0
121349, 58880, 1, 0, 0
121449, 58880, 1, 0, 0
121549, 60160, 1, 0, 0
121649, 60800, 1, 0, 0
121749, 56960, 1, 0, 0
121850, 58240, 1, 0, 0
121950, 56320, 1, 0, 0
122050, 60160, 1, 0, 0
122150, 56320, 1, 0, 0
122249, 60121, 1, 0, 0
122349, 61440, 1, 0, 0
122449, 60160, 1, 0, 0
122549, 56960, 1, 0, 0
122649, 62080, 1, 0, 0
122749, 59520, 1, 0, 0
122849, 58240, 1, 0, 0
122949, 58880, 1, 0, 0
123049, 60800, 1, 0, 0
123149, 60160, 1, 0, 0
123250, 60160, 1, 0, 0
123350, 60800, 1, 0, 0
123450, 60160, 1, 0, 0
123550, 60800, 1, 0, 0
123650, 60800, 1, 0, 0
123749, 58181, 1, 0, 0
123849, 61440, 1, 0, 0
123949, 58240, 1, 0, 0
124049, 60160, 1, 0, 0
124149, 59520, 1, 0, 0
124249, 60160, 1, 0, 0
124349, 60160, 1, 0, 0
124449, 60160, 1, 0, 0
124550, 56960, 1, 0, 0
124650, 62080, 1, 0, 0
124749, 54303, 1, 0, 0
124849, 58240, 1, 0, 0
124949, 55040, 1, 0, 0
125049, 60160, 1, 0, 0
125149, 58240, 1, 0, 0
125249, 56960, 1, 0, 0
125349, 60800, 1, 0, 0
125449, 58880, 1, 0, 0
125549, 58240, 1, 0, 0
125649, 58240, 1, 0, 0
125750, 58240, 1, 0, 0
125850, 58880, 1, 0, 0
125950, 56960, 1, 0, 0
126050, 56960, 1, 0, 0
126150, 56960, 1, 0, 0
126249, 56242, 1, 0, 0
126349, 55680, 1, 0, 0
126449, 59520, 1, 0, 0
126549, 56960, 1, 0, 0
126649, 60160, 1, 0, 0
126749, 58240, 1, 0, 0
126849, 62080, 1, 0, 0
126949, 62080, 1, 0, 0
127050, 56960, 1, 0, 0
127150, 57600, 1, 0, 0
127249, 56242, 1, 0, 0
127349, 60160, 1, 0, 0
127449, 58240, 1, 0, 0
127549, 58880, 1, 0, 0
127649, 61440, 1, 0, 0
127749, 58240, 1, 0, 0
127849, 58240, 1, 0, 0
127949, 56960, 1, 0, 0
128049, 60160, 1, 0, 0
128149, 59520, 1, 0, 0
128250, 56960, 1, 0, 0
128350, 58240, 1, 0, 0
128450, 56960, 1, 0, 0
128550, 57600, 1, 0, 0
128650, 59520, 1, 0, 0
128749, 61414, 1, 0, 0
128849, 58880, 1, 0, 0
128949, 53760, 1, 0, 0
129049, 59520, 1, 0, 0
129149, 55680, 1, 0, 0
129249, 63360, 1, 0, 0
129349, 60160, 1, 0, 0
129449, 56320, 1, 0, 0
129549, 60160, 1, 0, 0
129650, 59520, 1, 0, 0
129749, 62060, 1, 0, 0
129849, 60160, 1, 0, 0
129949, 55680, 1, 0, 0
130049, 56960, 1, 0, 0
130149, 57600, 1, 0, 0
130249, 61440, 1, 0, 0
130349, 59520, 1, 0, 0
130449, 58880, 1, 0, 0
130549, 56960, 1, 0, 0
130649, 58240, 1, 0, 0
130749, 60800, 1, 0, 0
130850, 56960, 1, 0, 0
130950, 60160, 1, 0, 0
131050, 61440, 1, 0, 0
131150, 58240, 1, 0, 0
131249, 56888, 1, 0, 0
131349, 60160, 1, 0, 0
131449, 57600, 1, 0, 0
131549, 59520, 1, 0, 0
131649, 57600, 1, 0, 0
131749, 57600, 1, 0, 0
131849, 57600, 1, 0, 0
131949, 60160, 1, 0, 0
132049, 56960, 1, 0, 0
132149, 58240, 1, 0, 0
132249, 58880, 1, 0, 0
132350, 58240, 1, 0, 0
132450, 60800, 1, 0, 0
132550, 57600, 1, 0, 0
132650, 59520, 1, 0, 0
132749, 58828, 1, 0, 0
132849, 57600, 1, 0, 0
132949, 56960, 1, 0, 0
133049, 60160, 1, 0, 0
133149, 60800, 1, 0, 0
133249, 56320, 1, 0, 0
133349, 58880, 1, 0, 0
133449, 59520, 1, 0, 0
133550, 58240, 1, 0, 0
133650, 58240, 1, 0, 0
133749, 60121, 1, 0, 0
133849, 56960, 1, 0, 0
133949, 60160, 1, 0, 0
134049, 58880, 1, 0, 0
134149, 59520, 1, 0, 0
134249, 58240, 1, 0, 0
134349, 58240, 1, 0, 0
134449, 57600, 1, 0, 0
134549, 62080, 1, 0, 0
134649, 57600, 1, 0, 0
134749, 58880, 1, 0, 0
134849, 58880, 1, 0, 0
134950, 60800, 1, 0, 0
135050, 61440, 1, 0, 0
135150, 56960, 1, 0, 0
135249, 56242, 1, 0, 0
135349, 58880, 1, 0, 0
135449, 60160, 1, 0, 0
135549, 58240, 1, 0, 0
135649, 62080, 1, 0, 0
135749, 56960, 1, 0, 0
135849, 59520, 1, 0, 0
135949, 59520, 1, 0, 0
136050, 58880, 1, 0, 0
136150, 58240, 1, 0, 0
136249, 60767, 1, 0, 0
136349, 60800, 1, 0, 0
136449, 56960, 1, 0, 0
136549, 58880, 1, 0, 0
136649, 59520, 1, 0, 0
136749, 58240, 1, 0, 0
136849, 58240, 1, 0, 0
136949, 61440, 1, 0, 0
137049, 58880, 1, 0, 0
137149, 57600, 1, 0, 0
137250, 57600, 1, 0, 0
137350, 60800, 1, 0, 0
137450, 60800, 1, 0, 0
137550, 58880, 1, 0, 0
137650, 60160, 1, 0, 0
137749, 58828, 1, 0, 0
137849, 61440, 1, 0, 0
137949, 57600, 1, 0, 0
138049, 57600, 1, 0, 0
138149, 58240, 1, 0, 0
138249, 58880, 1, 0, 0
138349, 57600, 1, 0, 0
138449, 61440, 1, 0, 0
138550, 56960, 1, 0, 0
138650, 57600, 1, 0, 0
138749, 60121, 1, 0, 0
138849, 59520, 1, 0, 0
138949, 56320, 1, 0, 0
139049, 60160, 1, 0, 0
139149, 57600, 1, 0, 0
139249, 56320, 1, 0, 0
139349, 55680, 1, 0, 0
139449, 59520, 1, 0, 0
139549, 58880, 1, 0, 0
139649, 57600, 1, 0, 0
139750, 59520, 1, 0, 0
139850, 58880, 1, 0, 0
139950, 60800, 1, 0, 0
140050, 58880, 1, 0, 0
140150, 60160, 1, 0, 0
140249, 59474, 1, 0, 0
140349, 58240, 1, 0, 0
140449, 56320, 1, 0, 0
140549, 60800, 1, 0, 0
140649, 61440, 1, 0, 0
140749, 57600, 1, 0, 0
140849, 62720, 1, 0, 0
140949, 56960, 1, 0, 0
141050, 60160, 1, 0, 0
141150, 60160, 1, 0, 0
141249, 60121, 1, 0, 0
141349, 59520, 1, 0, 0
141449, 60800, 1, 0, 0
141549, 57600, 1, 0, 0
141649, 60160, 1, 0, 0
141749, 62080, 1, 0, 0
141849, 60800, 1, 0, 0
141949, 61440, 1, 0, 0
142049, 59520, 1, 0, 0
142149, 59520, 1, 0, 0
142250, 56960, 1, 0, 0
142350, 60160, 1, 0, 0
142450, 64000, 1, 0, 0
142550, 62720, 1, 0, 0
142650, 61440, 1, 0, 0
142749, 58181, 1, 0, 0
142849, 58880, 1, 0, 0
142949, 61440, 1, 0, 0
143049, 64000, 1, 0, 0
143149, 62720, 1, 0, 0
143249, 55680, 1, 0, 0
143349, 60160, 1, 0, 0
143449, 56960, 1, 0, 0
143550, 56320, 1, 0, 0
143650, 57600, 1, 0, 0
143749, 59474, 1, 0, 0
143849, 59520, 1, 0, 0
143949, 62080, 1, 0, 0
144049, 61440, 1, 0, 0
144149, 62080, 1, 0, 0
144249, 60800, 1, 0, 0
144349, 62080, 1, 0, 0
144449, 60160, 1, 0, 0
144549, 58240, 1, 0, 0
144649, 65280, 1, 0, 0
144750, 58240, 1, 0, 0
144850, 55680, 1, 0, 0
144950, 58880, 1, 0, 0
145050, 58880, 1, 0, 0
145150, 59520, 1, 0, 0
145249, 62060, 1, 0, 0
145349, 61440, 1, 0, 0
145449, 56960, 1, 0, 0
145549, 59520, 1, 0, 0
145649, 57600, 1, 0, 0
145749, 60800, 1, 0, 0
145849, 58880, 1, 0, 0
145949, 59520, 1, 0, 0
146050, 61440, 1, 0, 0
146150, 60800, 1, 0, 0
146249, 56888, 1, 0, 0
146349, 56320, 1, 0, 0
146449, 57600, 1, 0, 0
146549, 60800, 1, 0, 0
146649, 60160, 1, 0, 0
146749, 56960, 1, 0, 0
146849, 61440, 1, 0, 0
146949, 59520, 1, 0, 0
147049, 61440, 1, 0, 0
147149, 58880, 1, 0, 0
147250, 57600, 1, 0, 0
147350, 61440, 1, 0, 0
147450, 58240, 1, 0, 0
147550, 58240, 1, 0, 0
147650, 59520, 1, 0, 0
147749, 61414, 1, 0, 0
147849, 60160, 1, 0, 0
147949, 60160, 1, 0, 0
148049, 58240, 1, 0, 0
148149, 58880, 1, 0, 0
148249, 60160, 1, 0, 0
148349, 61440, 1, 0, 0
148449, 60800, 1, 0, 0
148550, 59520, 1, 0, 0
148650, 59520, 1, 0, 0
148749, 58828, 1, 0, 0
148849, 59520, 1, 0, 0
148949, 60160, 1, 0, 0
149049, 59520, 1, 0, 0
149149, 59520, 1, 0, 0
149249, 60160, 1, 0, 0
149349, 58240, 1, 0, 0
149449, 56320, 1, 0, 0
149549, 58880, 1, 0, 0
149649, 62720, 1, 0, 0
149750, 60800, 1, 0, 0
149850, 59520, 1, 0, 0
149950, 60160, 1, 0, 0
150050, 62720, 1, 0, 0
150150, 62080, 1, 0, 0
150249, 60767, 1, 0, 0
150349, 59520, 1, 0, 0
150449, 61440, 1, 0, 0
150549, 62080, 1, 0, 0
150649, 60160, 1, 0, 0
150749, 58880, 1, 0, 0
150849, 60800, 1, 0, 0
150949, 58240, 1, 0, 0
151050, 60160, 1, 0, 0
151150, 61440, 1, 0, 0
151249, 61414, 1, 0, 0
151349, 60800, 1, 0, 0
151449, 58880, 1, 0, 0
151549, 54400, 1, 0, 0
151649, 59520, 1, 0, 0
151749, 61440, 1, 0, 0
151849, 56320, 1, 0, 0
151949, 56320, 1, 0, 0
152049, 60160, 1, 0, 0
152149, 61440, 1, 0, 0
152249, 64000, 1, 0, 0
152350, 58880, 1, 0, 0
152450, 62720, 1, 0, 0
152550, 62720, 1, 0, 0
152650, 58880, 1, 0, 0
152749, 58181, 1, 0, 0
152849, 60160, 1, 0, 0
152949, 60800, 1, 0, 0
153049, 56960, 1, 0, 0
153149, 58240, 1, 0, 0
153249, 57600, 1, 0, 0
153349, 58240, 1, 0, 0
153449, 55680, 1, 0, 0
153549, 59520, 1, 0, 0
153649, 58240, 1, 0, 0
153750, 58880, 1, 0, 0
153850, 62080, 1, 0, 0
153950, 62720, 1, 0, 0
154050, 62080, 1, 0, 0
154150, 60160, 1, 0, 0
154249, 60767, 1, 0, 0
154349, 59520, 1, 0, 0
154449, 59520, 1, 0, 0
154549, 58880, 1, 0, 0
154649, 60800, 1, 0, 0
154749, 60800, 1, 0, 0
154849, 59520, 1, 0, 0
154949, 59520, 1, 0, 0
155050, 60160, 1, 0, 0
155150, 60160, 1, 0, 0
155249, 60121, 1, 0, 0
155349, 58240, 1, 0, 0
155449, 59520, 1, 0, 0
155549, 58240, 1, 0, 0
155649, 58240, 1, 0, 0
155749, 62080, 1, 0, 0
155849, 61440, 1, 0, 0
155949, 59520, 1, 0, 0
156049, 62720, 1, 0, 0
156149, 62080, 1, 0, 0
156250, 60800, 1, 0, 0
156350, 61440, 1, 0, 0
156450, 62720, 1, 0, 0
156550, 61440, 1, 0, 0
156650, 59520, 1, 0, 0
156749, 59474, 1, 0, 0
156849, 60800, 1, 0, 0
156949, 58880, 1, 0, 0
157049, 61440, 1, 0, 0
157149, 60160, 1, 0, 0
157249, 64000, 1, 0, 0
157349, 62080, 1, 0, 0
157449, 62080, 1, 0, 0
157550, 57600, 1, 0, 0
157650, 62720, 1, 0, 0
157749, 61414, 1, 0, 0
157849, 56320, 1, 0, 0
157949, 58880, 1, 0, 0
158049, 61440, 1, 0, 0
158149, 62080, 1, 0, 0
158249, 62720, 1, 0, 0
158349, 60800, 1, 0, 0
158449, 60160, 1, 0, 0
158549, 58880, 1, 0, 0
158649, 59520, 1, 0, 0
158749, 61440, 1, 0, 0
158850, 59520, 1, 0, 0
158950, 62080, 1, 0, 0
159050, 62080, 1, 0, 0
159150, 60160, 1, 0, 0
159249, 60121, 1, 0, 0
159349, 58880, 1, 0, 0
159449, 59520, 1, 0, 0
159549, 57600, 1, 0, 0
159649, 59520, 1, 0, 0
159749, 58880, 1, 0, 0
159849, 62080, 1, 0, 0
159949, 60800, 1, 0, 0
160050, 62080, 1, 0, 0
160150, 58240, 1, 0, 0
160249, 61414, 1, 0, 0
160349, 58240, 1, 0, 0
160449, 63360, 1, 0, 0
160549, 61440, 1, 0, 0
160649, 59520, 1, 0, 0
160749, 62080, 1, 0, 0
160849, 58880, 1, 0, 0
160949, 60800, 1, 0, 0
161049, 58240, 1, 0, 0
161149, 62080, 1, 0, 0
161249, 61440, 1, 0, 0
161349, 58880, 1, 0, 0
161450, 58240, 1, 0, 0
161550, 62720, 1, 0, 0
161650, 62080, 1, 0, 0
161749, 59474, 1, 0, 0
161849, 61440, 1, 0, 0
161949, 60800, 1, 0, 0
162049, 58880, 1, 0, 0
162149, 60160, 1, 0, 0
162249, 58880, 1, 0, 0
162349, 62720, 1, 0, 0
162449, 60800, 1, 0, 0
162549, 61440, 1, 0, 0
162649, 58880, 1, 0, 0
162750, 58880, 1, 0, 0
162850, 60160, 1, 0, 0
162950, 59520, 1, 0, 0
163050, 59520, 1, 0, 0
163150, 60160, 1, 0, 0
163249, 60767, 1, 0, 0
163349, 62720, 1, 0, 0
163449, 60160, 1, 0, 0
163549, 61440, 1, 0, 0
163649, 59520, 1, 0, 0
163749, 60800, 1, 0, 0
163849, 60800, 1, 0, 0
163949, 61440, 1, 0, 0
164050, 61440, 1, 0, 0
164150, 60160, 1, 0, 0
164249, 63353, 1, 0, 0
164349, 60160, 1, 0, 0
164449, 60800, 1, 0, 0
164549, 62080, 1, 0, 0
164649, 62720, 1, 0, 0
164749, 61440, 1, 0, 0
164849, 59520, 1, 0, 0
164949, 62720, 1, 0, 0
165049, 58880, 1, 0, 0
165149, 60800, 1, 0, 0
165250, 59520, 1, 0, 0
165350, 58240, 1, 0, 0
165450, 61440, 1, 0, 0
165550, 61440, 1, 0, 0
165650, 62720, 1, 0, 0
165749, 61414, 1, 0, 0
165849, 60160, 1, 0, 0
165949, 59520, 1, 0, 0
166049, 62720, 1, 0, 0
166149, 58880, 1, 0, 0
166249, 64000, 1, 0, 0
166349, 57600, 1, 0, 0
166449, 62720, 1, 0, 0
166550, 62080, 1, 0, 0
166650, 59520, 1, 0, 0
166749, 60121, 1, 0, 0
166849, 59520, 1, 0, 0
166949, 64000, 1, 0, 0
167049, 60800, 1, 0, 0
167149, 62720, 1, 0, 0
167249, 64000, 1, 0, 0
167349, 60160, 1, 0, 0
167449, 62080, 1, 0, 0
167549, 59520, 1, 0, 0
167649, 60800, 1, 0, 0
167750, 62080, 1, 0, 0
167850, 60160, 1, 0, 0
167950, 60160, 1, 0, 0
168050, 63360, 1, 0, 0
168150, 61440, 1, 0, 0
168249, 58828, 1, 0, 0
168349, 61440, 1, 0, 0
168449, 62080, 1, 0, 0
168549, 61440, 1, 0, 0
168649, 62720, 1, 0, 0
168749, 61440, 1, 0, 0
168849, 64000, 1, 0, 0
168949, 60800, 1, 0, 0
169050, 62080, 1, 0, 0
169150, 61440, 1, 0, 0
169249, 61414, 1, 0, 0
169349, 57600, 1, 0, 0
169449, 62080, 1, 0, 0
169549, 58240, 1, 0, 0
169649, 59520, 1, 0, 0
169749, 62720, 1, 0, 0
169849, 59520, 1, 0, 0
169949, 60800, 1, 0, 0
170049, 63360, 1, 0, 0
170149, 64000, 1, 0, 0
170249, 58240, 1, 0, 0
170350, 62720, 1, 0, 0
170450, 59520, 1, 0, 0
170550, 63360, 1, 0, 0
170650, 60160, 1, 0, 0
170749, 62707, 1, 0, 0
170849, 62080, 1, 0, 0
170949, 62720, 1, 0, 0
171049, 59520, 1, 0, 0
171149, 62720, 1, 0, 0
171249, 64000, 1, 0, 0
171349, 65280, 1, 0, 0
171449, 62080, 1, 0, 0
171549, 61440, 1, 0, 0
171650, 61440, 1, 0, 0
171749, 64000, 1, 0, 0
171849, 66560, 1, 0, 0
171949, 65920, 1, 0, 0
172049, 60800, 1, 0, 0
172149, 64000, 1, 0, 0
172249, 65280, 1, 0, 0
172349, 58880, 1, 0, 0
172449, 59520, 1, 0, 0
172549, 63360, 1, 0, 0
172649, 60160, 1, 0, 0
172749, 60160, 1, 0, 0
172849, 61440, 1, 0, 0
172949, 64000, 1, 0, 0
173050, 56960, 1, 0, 0
173150, 60800, 1, 0, 0
173249, 64000, 1, 0, 0
173349, 62080, 1, 0, 0
173449, 60160, 1, 0, 0
173549, 62080, 1, 0, 0
173649, 64640, 1, 0, 0
173749, 61440, 1, 0, 0
173849, 60160, 1, 0, 0
173949, 62720, 1, 0, 0
174049, 62080, 1, 0, 0
174149, 62080, 1, 0, 0
174249, 64000, 1, 0, 0
174350, 60800, 1, 0, 0
174450, 65280, 1, 0, 0
174550, 61440, 1, 0, 0
174650, 59520, 1, 0, 0
174749, 64000, 1, 0, 0
174849, 61440, 1, 0, 0
174949, 60160, 1, 0, 0
175049, 61440, 1, 0, 0
175149, 60160, 1, 0, 0
175249, 62720, 1, 0, 0
175349, 62080, 1, 0, 0
175449, 61440, 1, 0, 0
175549, 63360, 1, 0, 0
175650, 62720, 1, 0, 0
175749, 62060, 1, 0, 0
175849, 62080, 1, 0, 0
175949, 61440, 1, 0, 0
176049, 60160, 1, 0, 0
176149, 62080, 1, 0, 0
176249, 63360, 1, 0, 0
176349, 58880, 1, 0, 0
176449, 56960, 1, 0, 0
176549, 61440, 1, 0, 0
176649, 64000, 1, 0, 0
176749, 58880, 1, 0, 0
176849, 60800, 1, 0, 0
176950, 64000, 1, 0, 0
177050, 65280, 1, 0, 0
177150, 64000, 1, 0, 0
177249, 62707, 1, 0, 0
177349, 61440, 1, 0, 0
177449, 60800, 1, 0, 0
177549, 62720, 1, 0, 0
177649, 58880, 1, 0, 0
177749, 65280, 1, 0, 0
177849, 64640, 1, 0, 0
177949, 64000, 1, 0, 0
178049, 62080, 1, 0, 0
178149, 62720, 1, 0, 0
178250, 60160, 1, 0, 0
178350, 59520, 1, 0, 0
178450, 61440, 1, 0, 0
178550, 64000, 1, 0, 0
178650, 60800, 1, 0, 0
178749, 60121, 1, 0, 0
178849, 62720, 1, 0, 0
178949, 60800, 1, 0, 0
179049, 60800, 1, 0, 0
179149, 64000, 1, 0, 0
179249, 60160, 1, 0, 0
179349, 63360, 1, 0, 0
179449, 59520, 1, 0, 0
179550, 59520, 1, 0, 0
179650, 65280, 1, 0, 0
179749, 63353, 1, 0, 0
179849, 63360, 1, 0, 0
179949, 60800, 1, 0, 0
180049, 58880, 1, 0, 0
180149, 62720, 1, 0, 0
180249, 65280, 1, 0, 0
180349, 62080, 1, 0, 0
180449, 61440, 1, 0, 0
180549, 60800, 1, 0, 0
180649, 61440, 1, 0, 0
180750, 61440, 1, 0, 0
180850, 62080, 1, 0, 0
180950, 61440, 1, 0, 0
181050, 63360, 1, 0, 0
181150, 63360, 1, 0, 0
181249, 64646, 1, 0, 0
181349, 60160, 1, 0, 0
181449, 60160, 1, 0, 0
181549, 62080, 1, 0, 0
181649, 61440, 1, 0, 0
181749, 58880, 1, 0, 0
181849, 62080, 1, 0, 0
181949, 62720, 1, 0, 0
182050, 62720, 1, 0, 0
182150, 60160, 1, 0, 0
182249, 60767, 1, 0, 0
182349, 62080, 1, 0, 0
182449, 60160, 1, 0, 0
182549, 63360, 1, 0, 0
182649, 60800, 1, 0, 0
182749, 62720, 1, 0, 0
182849, 60160, 1, 0, 0
182949, 58880, 1, 0, 0
183049, 61440, 1, 0, 0
183149, 57600, 1, 0, 0
183250, 60160, 1, 0, 0
183350, 62080, 1, 0, 0
183450, 61440, 1, 0, 0
183550, 60160, 1, 0, 0
183650, 62720, 1, 0, 0
183749, 59474, 1, 0, 0
183849, 58240, 1, 0, 0
183949, 60800, 1, 0, 0
184049, 61440, 1, 0, 0
184149, 61440, 1, 0, 0
184249, 62080, 1, 0, 0
184349, 59520, 1, 0, 0
184449, 59520, 1, 0, 0
184550, 60800, 1, 0, 0
184650, 61440, 1, 0, 0
184749, 59474, 1, 0, 0
184849, 58880, 1, 0, 0
184949, 60800, 1, 0, 0
185049, 59520, 1, 0, 0
185149, 60800, 1, 0, 0
185249, 59520, 1, 0, 0
185349, 61440, 1, 0, 0
185449, 64640, 1, 0, 0
185549, 62080, 1, 0, 0
185649, 60800, 1, 0, 0
185749, 59520, 1, 0, 0
185849, 61440, 1, 0, 0
185950, 58880, 1, 0, 0
186050, 60800, 1, 0, 0
186150, 61440, 1, 0, 0
186249, 57535, 1, 0, 0
186349, 60800, 1, 0, 0
186449, 60800, 1, 0, 0
186549, 59520, 1, 0, 0
186649, 60800, 1, 0, 0
186749, 62080, 1, 0, 0
186849, 62080, 1, 0, 0
186949, 59520, 1, 0, 0
187050, 61440, 1, 0, 0
187150, 58240, 1, 0, 0
187249, 60767, 1, 0, 0
187349, 59520, 1, 0, 0
187449, 61440, 1, 0, 0
187549, 61440, 1, 0, 0
187649, 61440, 1, 0, 0
187749, 58880, 1, 0, 0
187849, 60800, 1, 0, 0
187949, 60800, 1, 0, 0
188049, 63360, 1, 0, 0
188149, 59520, 1, 0, 0
188249, 60800, 1, 0, 0
188350, 60160, 1, 0, 0
188450, 64640, 1, 0, 0
188550, 62720, 1, 0, 0
188650, 60800, 1, 0, 0
188749, 62060, 1, 0, 0
188849, 62080, 1, 0, 0
188949, 58240, 1, 0, 0
189049, 61440, 1, 0, 0
189149, 59520, 1, 0, 0
189249, 60160, 1, 0, 0
189349, 61440, 1, 0, 0
189449, 59520, 1, 0, 0
189550, 59520, 1, 0, 0
189650, 62720, 1, 0, 0
189749, 60121, 1, 0, 0
189849, 60160, 1, 0, 0
189949, 60800, 1, 0, 0
190049, 58240, 1, 0, 0
190149, 58240, 1, 0, 0
190249, 58880, 1, 0, 0
190349, 62720, 1, 0, 0
190449, 60160, 1, 0, 0
190549, 62080, 1, 0, 0
190649, 60800, 1, 0, 0
190750, 58880, 1, 0, 0
190850, 58880, 1, 0, 0
190950, 57600, 1, 0, 0
191050, 62080, 1, 0, 0
191150, 61440, 1, 0, 0
191249, 62060, 1, 0, 0
191349, 60160, 1, 0, 0
191449, 64000, 1, 0, 0
191549, 62720, 1, 0, 0
191649, 63360, 1, 0, 0
191749, 62720, 1, 0, 0
191849, 63360, 1, 0, 0
191949, 60160, 1, 0, 0
192050, 64000, 1, 0, 0
192150, 62080, 1, 0, 0
192249, 60767, 1, 0, 0
192349, 60160, 1, 0, 0
192449, 63360, 1, 0, 0
192549, 63360, 1, 0, 0
192649, 62080, 1, 0, 0
192749, 61440, 1, 0, 0
192849, 62720, 1, 0, 0
192949, 60800, 1, 0, 0
193049, 63360, 1, 0, 0
193149, 60800, 1, 0, 0
193249, 61440, 1, 0, 0
193350, 62720, 1, 0, 0
193450, 62080, 1, 0, 0
193550, 59520, 1, 0, 0
193650, 62720, 1, 0, 0
193749, 62707, 1, 0, 0
193849, 62080, 1, 0, 0
193949, 59520, 1, 0, 0
194049, 60160, 1, 0, 0
194149, 61440, 1, 0, 0
194249, 59520, 1, 0, 0
194349, 61440, 1, 0, 0
194449, 60800, 1, 0, 0
194550, 63360, 1, 0, 0
194650, 57600, 1, 0, 0
194749, 61414, 1, 0, 0
194849, 57600, 1, 0, 0
194949, 60160, 1, 0, 0
195049, 61440, 1, 0, 0
195149, 59520, 1, 0, 0
195249, 62080, 1, 0, 0
195349, 60800, 1, 0, 0
195449, 58240, 1, 0, 0
195549, 64000, 1, 0, 0
195649, 59520, 1, 0, 0
195749, 62080, 1, 0, 0
195849, 60800, 1, 0, 0
195950, 62080, 1, 0, 0
196050, 62720, 1, 0, 0
196150, 65280, 1, 0, 0
196249, 61414, 1, 0, 0
196349, 60800, 1, 0, 0
196449, 62720, 1, 0, 0
196549, 60160, 1, 0, 0
196649, 61440, 1, 0, 0
196749, 60800, 1, 0, 0
196849, 60160, 1, 0, 0
196949, 62720, 1, 0, 0
197049, 60800, 1, 0, 0
197149, 62080, 1, 0, 0
197250, 60160, 1, 0, 0
197350, 63360, 1, 0, 0
197450, 58880, 1, 0, 0
197550, 62720, 1, 0, 0
197650, 59520, 1, 0, 0
197749, 60767, 1, 0, 0
197849, 64640, 1, 0, 0
197949, 64000, 1, 0, 0
198049, 63360, 1, 0, 0
198149, 60800, 1, 0, 0
198249, 63360, 1, 0, 0
198349, 62080, 1, 0, 0
198449, 58880, 1, 0, 0
198550, 61440, 1, 0, 0
198650, 60800, 1, 0, 0
198749, 58181, 1, 0, 0
198849, 57600, 1, 0, 0
198949, 60800, 1, 0, 0
199049, 60160, 1, 0, 0
199149, 58240, 1, 0, 0
199249, 62080, 1, 0, 0
199349, 62080, 1, 0, 0
199449, 61440, 1, 0, 0
199549, 58240, 1, 0, 0
199649, 60160, 1, 0, 0
199750, 61440, 1, 0, 0
199850, 61440, 1, 0, 0
199950, 62720, 1, 0, 0
200050, 63360, 1, 0, 0
200150, 62080, 1, 0, 0
200249, 60121, 1, 0, 0
200349, 59520, 1, 0, 0
200449, 62720, 1, 0, 0
200549, 62080, 1, 0, 0
200649, 62720, 1, 0, 0
200749, 59520, 1, 0, 0
200849, 58880, 1, 0, 0
200949, 63360, 1, 0, 0
201050, 62080, 1, 0, 0
201150, 63360, 1, 0, 0
201249, 63353, 1, 0, 0
201349, 60160, 1, 0, 0
201449, 58240, 1, 0, 0
201549, 62080, 1, 0, 0
201649, 59520, 1, 0, 0
201749, 63360, 1, 0, 0
201849, 62080, 1, 0, 0
201949, 56960, 1, 0, 0
202049, 61440, 1, 0, 0
202149, 62720, 1, 0, 0
202250, 62080, 1, 0, 0
202350, 60160, 1, 0, 0
202450, 62720, 1, 0, 0
202550, 60800, 1, 0, 0
202650, 59520, 1, 0, 0
202749, 63353, 1, 0, 0
202849, 60160, 1, 0, 0
202949, 60160, 1, 0, 0
203049, 60800, 1, 0, 0
203149, 65280, 1, 0, 0
203249, 60160, 1, 0, 0
203349, 62080, 1, 0, 0
203449, 60160, 1, 0, 0
203549, 62720, 1, 0, 0
203650, 64640, 1, 0, 0
203749, 63353, 1, 0, 0
203849, 62720, 1, 0, 0
203949, 63360, 1, 0, 0
204049, 62080, 1, 0, 0
204149, 61440, 1, 0, 0
204249, 64000, 1, 0, 0
204349, 62080, 1, 0, 0
204449, 61440, 1, 0, 0
204549, 63360, 1, 0, 0
204649, 60160, 1, 0, 0
204749, 60160, 1, 0, 0
204849, 61440, 1, 0, 0
204950, 62720, 1, 0, 0
205050, 62720, 1, 0, 0
205150, 61440, 1, 0, 0
205249, 60767, 1, 0, 0
205349, 64000, 1, 0, 0
205449, 62080, 1, 0, 0
205549, 64000, 1, 0, 0
205649, 62720, 1, 0, 0
205749, 63360, 1, 0, 0
205849, 61440, 1, 0, 0
205949, 60800, 1, 0, 0
206049, 61440, 1, 0, 0
206149, 64000, 1, 0, 0
206250, 61440, 1, 0, 0
206350, 60800, 1, 0, 0
206450, 62720, 1, 0, 0
206550, 60800, 1, 0, 0
206650, 62080, 1, 0, 0
206749, 62060, 1, 0, 0
206849, 62080, 1, 0, 0
206949, 59520, 1, 0, 0
207049, 59520, 1, 0, 0
207149, 63360, 1, 0, 0
207249, 62080, 1, 0, 0
207349, 60800, 1, 0, 0
207449, 62080, 1, 0, 0
207550, 60160, 1, 0, 0
207650, 60800, 1, 0, 0
207749, 62060, 1, 0, 0
207849, 62720, 1, 0, 0
207949, 61440, 1, 0, 0
208049, 64000, 1, 0, 0
208149, 60800, 1, 0, 0
208249, 61440, 1, 0, 0
208349, 65280, 1, 0, 0
208449, 59520, 1, 0, 0
208549, 64000, 1, 0, 0
208649, 65280, 1, 0, 0
208749, 61440, 1, 0, 0
208849, 65280, 1, 0, 0
208950, 65920, 1, 0, 0
209050, 62080, 1, 0, 0
209150, 61440, 1, 0, 0
209249, 60767, 1, 0, 0
209349, 64640, 1, 0, 0
209449, 64640, 1, 0, 0
209549, 60800, 1, 0, 0
209649, 61440, 1, 0, 0
209749, 65280, 1, 0, 0
209849, 64000, 1, 0, 0
209949, 62720, 1, 0, 0
210049, 65280, 1, 0, 0
210149, 61440, 1, 0, 0
210249, 60800, 1, 0, 0
210350, 60800, 1, 0, 0
210450, 63360, 1, 0, 0
210550, 62720, 1, 0, 0
210650, 61440, 1, 0, 0
210749, 62707, 1, 0, 0
210849, 62720, 1, 0, 0
210949, 63360, 1, 0, 0
211049, 59520, 1, 0, 0
211149, 64000, 1, 0, 0
211249, 62080, 1, 0, 0
211349, 64000, 1, 0, 0
211449, 62720, 1, 0, 0
211549, 62080, 1, 0, 0
211649, 63360, 1, 0, 0
211750, 63360, 1, 0, 0
211850, 64640, 1, 0, 0
211950, 62080, 1, 0, 0
212050, 62720, 1, 0, 0
212150, 62080, 1, 0, 0
212249, 64000, 1, 0, 0
212349, 61440, 1, 0, 0
212449, 59520, 1, 0, 0
212549, 62720, 1, 0, 0
212649, 60800, 1, 0, 0
212749, 60800, 1, 0, 0
212849, 62720, 1, 0, 0
212949, 60800, 1, 0, 0
213050, 64640, 1, 0, 0
213150, 64000, 1, 0, 0
213249, 65939, 1, 0, 0
213349, 64000, 1, 0, 0
213449, 63360, 1, 0, 0
213549, 64000, 1, 0, 0
213649, 61440, 1, 0, 0
213749, 62080, 1, 0, 0
213849, 63360, 1, 0, 0
213949, 62080, 1, 0, 0
214049, 61440, 1, 0, 0
214149, 58880, 1, 0, 0
214249, 62080, 1, 0, 0
214349, 59520, 1, 0, 0
214450, 60800, 1, 0, 0
214550, 62080, 1, 0, 0
214650, 60800, 1, 0, 0
214749, 60767, 1, 0, 0
214849, 59520, 1, 0, 0
214949, 61440, 1, 0, 0
215049, 62720, 1, 0, 0
215149, 61440, 1, 0, 0
215249, 64000, 1, 0, 0
215349, 63360, 1, 0, 0
215449, 61440, 1, 0, 0
215549, 62720, 1, 0, 0
215649, 62720, 1, 0, 0
215750, 60800, 1, 0, 0
215850, 62720, 1, 0, 0
215950, 58880, 1, 0, 0
216050, 63360, 1, 0, 0
216150, 62080, 1, 0, 0
216249, 59474, 1, 0, 0
216349, 63360, 1, 0, 0
216449, 62720, 1, 0, 0
216549, 62720, 1, 0, 0
216649, 63360, 1, 0, 0
216749, 63360, 1, 0, 0
216849, 64640, 1, 0, 0
216949, 60800, 1, 0, 0
217049, 59520, 1, 0, 0
217149, 61440, 1, 0, 0
217250, 59520, 1, 0, 0
217350, 59520, 1, 0, 0
217450, 61440, 1, 0, 0
217550, 65280, 1, 0, 0
217650, 62080, 1, 0, 0
217749, 61414, 1, 0, 0
217849, 62720, 1, 0, 0
217949, 62080, 1, 0, 0
218049, 64640, 1, 0, 0
218149, 61440, 1, 0, 0
218249, 65280, 1, 0, 0
218349, 60160, 1, 0, 0
218449, 62080, 1, 0, 0
218549, 60160, 1, 0, 0
218649, 62080, 1, 0, 0
218750, 62720, 1, 0, 0
218850, 63360, 1, 0, 0
218950, 61440, 1, 0, 0
219050, 59520, 1, 0, 0
219150, 58880, 1, 0, 0
219249, 62707, 1, 0, 0
219349, 62080, 1, 0, 0
219449, 62720, 1, 0, 0
219549, 65280, 1, 0, 0
219649, 62080, 1, 0, 0
219749, 60160, 1, 0, 0
219849, 61440, 1, 0, 0
219949, 62720, 1, 0, 0
220049, 60800, 1, 0, 0
220149, 62720, 1, 0, 0
220250, 60800, 1, 0, 0
220350, 62720, 1, 0, 0
220450, 62720, 1, 0, 0
220550, 62080, 1, 0, 0
220650, 60800, 1, 0, 0
220749, 62060, 1, 0, 0
220849, 63360, 1, 0, 0
220949, 62080, 1, 0, 0
221049, 64000, 1, 0, 0
221149, 63360, 1, 0, 0
221249, 64000, 1, 0, 0
221349, 62080, 1, 0, 0
221449, 60160, 1, 0, 0
221549, 60800, 1, 0, 0
221649, 60160, 1, 0, 0
221749, 62060, 1, 0, 0
221849, 62720, 1, 0, 0
221949, 62720, 1, 0, 0
222049, 64640, 1, 0, 0
222149, 61440, 1, 0, 0
222249, 62720, 1, 0, 0
222349, 64000, 1, 0, 0
222449, 60160, 1, 0, 0
222549, 60800, 1, 0, 0
222649, 64000, 1, 0, 0
222749, 60800, 1, 0, 0
222849, 58240, 1, 0, 0
222949, 60160, 1, 0, 0
223049, 63360, 1, 0, 0
223150, 58880, 1, 0, 0
223249, 61414, 1, 0, 0
223349, 60160, 1, 0, 0
223449, 62720, 1, 0, 0
223549, 63360, 1, 0, 0
223649, 62080, 1, 0, 0
223749, 60800, 1, 0, 0
223849, 63360, 1, 0, 0
223949, 62720, 1, 0, 0
224049, 62720, 1, 0, 0
224149, 62720, 1, 0, 0
224249, 65280, 1, 0, 0
224349, 65280, 1, 0, 0
224449, 64640, 1, 0, 0
224550, 64000, 1, 0, 0
224650, 59520, 1, 0, 0
224749, 62707, 1, 0, 0
224849, 62720, 1, 0, 0
224949, 63360, 1, 0, 0
225049, 65920, 1, 0, 0
225149, 61440, 1, 0, 0
225249, 65920, 1, 0, 0
225349, 64000, 1, 0, 0
225449, 64640, 1, 0, 0
225549, 62080, 1, 0, 0
225649, 62720, 1, 0, 0
225749, 62080, 1, 0, 0
225849, 61440, 1, 0, 0
225950, 63360, 1, 0, 0
226050, 65280, 1, 0, 0
226150, 62720, 1, 0, 0
226249, 63353, 1, 0, 0
226349, 61440, 1, 0, 0
226449, 61440, 1, 0, 0
226549, 62720, 1, 0, 0
226649, 61440, 1, 0, 0
226749, 65920, 1, 0, 0
226849, 67200, 1, 0, 0
226949, 64640, 1, 0, 0
227049, 63360, 1, 0, 0
227149, 61440, 1, 0, 0
227250, 65280, 1, 0, 0
227350, 64640, 1, 0, 0
227450, 62720, 1, 0, 0
227550, 61440, 1, 0, 0
227650, 63360, 1, 0, 0
227749, 65292, 1, 0, 0
227849, 64640, 1, 0, 0
227949, 64000, 1, 0, 0
228049, 62080, 1, 0, 0
228149, 62080, 1, 0, 0
228249, 63360, 1, 0, 0
228349, 62080, 1, 0, 0
228449, 65280, 1, 0, 0
228550, 64640, 1, 0, 0
228650, 64000, 1, 0, 0
228749, 64000, 1, 0, 0
228849, 65280, 1, 0, 0
228949, 64640, 1, 0, 0
229049, 65920, 1, 0, 0
229149, 63360, 1, 0, 0
229249, 63360, 1, 0, 0
229349, 64000, 1, 0, 0
229449, 61440, 1, 0, 0
229549, 60800, 1, 0, 0
229649, 62080, 1, 0, 0
229750, 60800, 1, 0, 0
229850, 62080, 1, 0, 0
229950, 62080, 1, 0, 0
230050, 64000, 1, 0, 0
230150, 64640, 1, 0, 0
230249, 64000, 1, 0, 0
230349, 64640, 1, 0, 0
230449, 64000, 1, 0, 0
230549, 62080, 1, 0, 0
230649, 63360, 1, 0, 0
230749, 63360, 1, 0, 0
230849, 62720, 1, 0, 0
230949, 65280, 1, 0, 0
231050, 65280, 1, 0, 0
231150, 62720, 1, 0, 0
231249, 62707, 1, 0, 0
231349, 65280, 1, 0, 0
231449, 64640, 1, 0, 0
231549, 64000, 1, 0, 0
231649, 64640, 1, 0, 0
231749, 62080, 1, 0, 0
231849, 62720, 1, 0, 0
231949, 62080, 1, 0, 0
232049, 61440, 1, 0, 0
232149, 63360, 1, 0, 0
232249, 65280, 1, 0, 0
232349, 66560, 1, 0, 0
232450, 64000, 1, 0, 0
232550, 62080, 1, 0, 0
232650, 65280, 1, 0, 0
232749, 62707, 1, 0, 0
232849, 64640, 1, 0, 0
232949, 64000, 1, 0, 0
233049, 62720, 1, 0, 0
233149, 65280, 1, 0, 0
233249, 62720, 1, 0, 0
233349, 65280, 1, 0, 0
233449, 65920, 1, 0, 0
233549, 60160, 1, 0, 0
233650, 64640, 1, 0, 0
233749, 62060, 1, 0, 0
233849, 65920, 1, 0, 0
233949, 64640, 1, 0, 0
234049, 64000, 1, 0, 0
234149, 65920, 1, 0, 0
234249, 64000, 1, 0, 0
234349, 64640, 1, 0, 0
234449, 67200, 1, 0, 0
234549, 64640, 1, 0, 0
234649, 59520, 1, 0, 0
234749, 62080, 1, 0, 0
234850, 64640, 1, 0, 0
234950, 63360, 1, 0, 0
235050, 65920, 1, 0, 0
235150, 60800, 1, 0, 0
235249, 64000, 1, 0, 0
235349, 62080, 1, 0, 0
235449, 62080, 1, 0, 0
235549, 62080, 1, 0, 0
235649, 62720, 1, 0, 0
235749, 63360, 1, 0, 0
235849, 62720, 1, 0, 0
235949, 64000, 1, 0, 0
236049, 62080, 1, 0, 0
236149, 63360, 1, 0, 0
236250, 64640, 1, 0, 0
236350, 60800, 1, 0, 0
236450, 65280, 1, 0, 0
236550, 64640, 1, 0, 0
236650, 62080, 1, 0, 0
236749, 59474, 1, 0, 0
236849, 62080, 1, 0, 0
236949, 61440, 1, 0, 0
237049, 64000, 1, 0, 0
237149, 62720, 1, 0, 0
237249, 60160, 1, 0, 0
237349, 62080, 1, 0, 0
237449, 65920, 1, 0, 0
237550, 63360, 1, 0, 0
237650, 62080, 1, 0, 0
237749, 64000, 1, 0, 0
237849, 61440, 1, 0, 0
237949, 63360, 1, 0, 0
238049, 62080, 1, 0, 0
238149, 64000, 1, 0, 0
238249, 65280, 1, 0, 0
238349, 67200, 1, 0, 0
238449, 62720, 1, 0, 0
238549, 64640, 1, 0, 0
238649, 64640, 1, 0, 0
238749, 62720, 1, 0, 0
238849, 63360, 1, 0, 0
238950, 62720, 1, 0, 0
239050, 60160, 1, 0, 0
239150, 67200, 1, 0, 0
239249, 63353, 1, 0, 0
239349, 61440, 1, 0, 0
239449, 62080, 1, 0, 0
239549, 64000, 1, 0, 0
239649, 62720, 1, 0, 0
239749, 64000, 1, 0, 0
239849, 61440, 1, 0, 0
239949, 62720, 1, 0, 0
240049, 60800, 1, 0, 0
240149, 60160, 1, 0, 0
240250, 61440, 1, 0, 0
240350, 62080, 1, 0, 0
240450, 60160, 1, 0, 0
240550, 64640, 1, 0, 0
240650, 64640, 1, 0, 0
240749, 63353, 1, 0, 0
240849, 60160, 1, 0, 0
240949, 61440, 1, 0, 0
241049, 62720, 1, 0, 0
241149, 60160, 1, 0, 0
241249, 60800, 1, 0, 0
241349, 64640, 1, 0, 0
241449, 63360, 1, 0, 0
241550, 65280, 1, 0, 0
241650, 62080, 1, 0, 0
241749, 63353, 1, 0, 0
241849, 62080, 1, 0, 0
241949, 60160, 1, 0, 0
242049, 62720, 1, 0, 0
242149, 60800, 1, 0, 0
242249, 63360, 1, 0, 0
242349, 62080, 1, 0, 0
242449, 64000, 1, 0, 0
242549, 63360, 1, 0, 0
242649, 64000, 1, 0, 0
242749, 62720, 1, 0, 0
242849, 61440, 1, 0, 0
242950, 64000, 1, 0, 0
243050, 58880, 1, 0, 0
243150, 62080, 1, 0, 0
243249, 60767, 1, 0, 0
243349, 61440, 1, 0, 0
243449, 63360, 1, 0, 0
243549, 60800, 1, 0, 0
243649, 60160, 1, 0, 0
243749, 63360, 1, 0, 0
243849, 59520, 1, 0, 0
243949, 60800, 1, 0, 0
244049, 64640, 1, 0, 0
244149, 60800, 1, 0, 0
244249, 62707, 1, 0, 0
244349, 62720, 1, 0, 0
244449, 61440, 1, 0, 0
244549, 62720, 1, 0, 0
244649, 64000, 1, 0, 0
244749, 63360, 1, 0, 0
244849, 60800, 1, 0, 0
244949, 59520, 1, 0, 0
245049, 60800, 1, 0, 0
245149, 62720, 1, 0, 0
245249, 62080, 1, 0, 0
245349, 65920, 1, 0, 0
245449, 62720, 1, 0, 0
245550, 62720, 1, 0, 0
245650, 61440, 1, 0, 0
245749, 62060, 1, 0, 0
245849, 61440, 1, 0, 0
245949, 64000, 1, 0, 0
246049, 61440, 1, 0, 0
246149, 61440, 1, 0, 0
246249, 61440, 1, 0, 0
246349, 63360, 1, 0, 0
246449, 59520, 1, 0, 0
246549, 59520, 1, 0, 0
246649, 62080, 1, 0, 0
246750, 59520, 1, 0, 0
246850, 60800, 1, 0, 0
246950, 60800, 1, 0, 0
247050, 61440, 1, 0, 0
247150, 58880, 1, 0, 0
247249, 59474, 1, 0, 0
247349, 58240, 1, 0, 0
247449, 62080, 1, 0, 0
247549, 62080, 1, 0, 0
247649, 62720, 1, 0, 0
247749, 62080, 1, 0, 0
247849, 60800, 1, 0, 0
247949, 62080, 1, 0, 0
248050, 60800, 1, 0, 0
248150, 63360, 1, 0, 0
248249, 62707, 1, 0, 0
248349, 62720, 1, 0, 0
248449, 62720, 1, 0, 0
248549, 62720, 1, 0, 0
248649, 61440, 1, 0, 0
248749, 62720, 1, 0, 0
248849, 58240, 1, 0, 0
248949, 62080, 1, 0, 0
249049, 60800, 1, 0, 0
249149, 60800, 1, 0, 0
249250, 64640, 1, 0, 0
249350, 61440, 1, 0, 0
249450, 63360, 1, 0, 0
249550, 64640, 1, 0, 0
249650, 63360, 1, 0, 0
249749, 62707, 1, 0, 0
249849, 64000, 1, 0, 0
249949, 63360, 1, 0, 0
250049, 65920, 1, 0, 0
250149, 62720, 1, 0, 0
250249, 63360, 1, 0, 0
250349, 63360, 1, 0, 0
250449, 62720, 1, 0, 0
250550, 56960, 1, 0, 0
250650, 58240, 1, 0, 0
250749, 64000, 1, 0, 0
250849, 65280, 1, 0, 0
250949, 64000, 1, 0, 0
251049, 63360, 1, 0, 0
251149, 63360, 1, 0, 0
251249, 61440, 1, 0, 0
251349, 64640, 1, 0, 0
251449, 60800, 1, 0, 0
251549, 61440, 1, 0, 0
251649, 58880, 1, 0, 0
251750, 60160, 1, 0, 0
251850, 60800, 1, 0, 0
251950, 63360, 1, 0, 0
252050, 64640, 1, 0, 0
252150, 60800, 1, 0, 0
252249, 64000, 1, 0, 0
252349, 62080, 1, 0, 0
252449, 61440, 1, 0, 0
252549, 64000, 1, 0, 0
252649, 60800, 1, 0, 0
252749, 64000, 1, 0, 0
252849, 61440, 1, 0, 0
252949, 62720, 1, 0, 0
253050, 62720, 1, 0, 0
253150, 63360, 1, 0, 0
253249, 65292, 1, 0, 0
253349, 62080, 1, 0, 0
253449, 60160, 1, 0, 0
253549, 62080, 1, 0, 0
253649, 61440, 1, 0, 0
253749, 63360, 1, 0, 0
253849, 60160, 1, 0, 0
253949, 62720, 1, 0, 0
254049, 61440, 1, 0, 0
254149, 62080, 1, 0, 0
254249, 62080, 1, 0, 0
254350, 61440, 1, 0, 0
254450, 60800, 1, 0, 0
254550, 62080, 1, 0, 0
254650, 61440, 1, 0, 0
254749, 62060, 1, 0, 0
254849, 60160, 1, 0, 0
254949, 59520, 1, 0, 0
255049, 60800, 1, 0, 0
255149, 65920, 1, 0, 0
255249, 63360, 1, 0, 0
255349, 63360, 1, 0, 0
255449, 62720, 1, 0, 0
255550, 61440, 1, 0, 0
255650, 60800, 1, 0, 0
255749, 61414, 1, 0, 0
255849, 64640, 1, 0, 0
255949, 61440, 1, 0, 0
256049, 63360, 1, 0, 0
256149, 62720, 1, 0, 0
256249, 64640, 1, 0, 0
256349, 64000, 1, 0, 0
256449, 63360, 1, 0, 0
256549, 64640, 1, 0, 0
256649, 65920, 1, 0, 0
256749, 60800, 1, 0, 0
256850, 62720, 1, 0, 0
256950, 62080, 1, 0, 0
257050, 63360, 1, 0, 0
257150, 60160, 1, 0, 0
257249, 62060, 1, 0, 0
257349, 64640, 1, 0, 0
257449, 62080, 1, 0, 0
257549, 61440, 1, 0, 0
257649, 64000, 1, 0, 0
257749, 60800, 1, 0, 0
257849, 61440, 1, 0, 0
257949, 64000, 1, 0, 0
258049, 64000, 1, 0, 0
258150, 63360, 1, 0, 0
258249, 61414, 1, 0, 0
258349, 64000, 1, 0, 0
258449, 64640, 1, 0, 0
258549, 63360, 1, 0, 0
258649, 61440, 1, 0, 0
258749, 65280, 1, 0, 0
258849, 67200, 1, 0, 0
258949, 63360, 1, 0, 0
259049, 64000, 1, 0, 0
259149, 63360, 1, 0, 0
259249, 61440, 1, 0, 0
259349, 66560, 1, 0, 0
259449, 65280, 1, 0, 0
259550, 64000, 1, 0, 0
259650, 61440, 1, 0, 0
259749, 64000, 1, 0, 0
259849, 62720, 1, 0, 0
259949, 62080, 1, 0, 0
260049, 64000, 1, 0, 0
260149, 62720, 1, 0, 0
260249, 63360, 1, 0, 0
260349, 62080, 1, 0, 0
260449, 67200, 1, 0, 0
260549, 60800, 1, 0, 0
260649, 63360, 1, 0, 0
260750, 64640, 1, 0, 0
260850, 63360, 1, 0, 0
260950, 65920, 1, 0, 0
261050, 62720, 1, 0, 0
261150, 60160, 1, 0, 0
261249, 62707, 1, 0, 0
261349, 64640, 1, 0, 0
261449, 64640, 1, 0, 0
261549, 62080, 1, 0, 0
261649, 64000, 1, 0, 0
261749, 62080, 1, 0, 0
261849, 62720, 1, 0, 0
261949, 61440, 1, 0, 0
262049, 59520, 1, 0, 0
262150, 61440, 1, 0, 0
262249, 65292, 1, 0, 0
262349, 62720, 1, 0, 0
262449, 63360, 1, 0, 0
262549, 62720, 1, 0, 0
262649, 62720, 1, 0, 0
262749, 62720, 1, 0, 0
262849, 60160, 1, 0, 0
262949, 61440, 1, 0, 0
263049, 64640, 1, 0, 0
263149, 62720, 1, 0, 0
263250, 60800, 1, 0, 0
263350, 64640, 1, 0, 0
263450, 59520, 1, 0, 0
263550, 62080, 1, 0, 0
263650, 61440, 1, 0, 0
263749, 62060, 1, 0, 0
263849, 59520, 1, 0, 0
263949, 64000, 1, 0, 0
264049, 62080, 1, 0, 0
264149, 66560, 1, 0, 0
264249, 63360, 1, 0, 0
264349, 64000, 1, 0, 0
264449, 62720, 1, 0, 0
264550, 64000, 1, 0, 0
264650, 65280, 1, 0, 0
264749, 65292, 1, 0, 0
264849, 64000, 1, 0, 0
264949, 64000, 1, 0, 0
265049, 63360, 1, 0, 0
265149, 65920, 1, 0, 0
265249, 64640, 1, 0, 0
265349, 63360, 1, 0, 0
265449, 63360, 1, 0, 0
265549, 64640, 1, 0, 0
265649, 63360, 1, 0, 0
265749, 65280, 1, 0, 0
265850, 61440, 1, 0, 0
265950, 64000, 1, 0, 0
266050, 62720, 1, 0, 0
266150, 67200, 1, 0, 0
266249, 62707, 1, 0, 0
266349, 62720, 1, 0, 0
266449, 65920, 1, 0, 0
266549, 64640, 1, 0, 0
266649, 60800, 1, 0, 0
266749, 62720, 1, 0, 0
266849, 58880, 1, 0, 0
266949, 62720, 1, 0, 0
267049, 65280, 1, 0, 0
267149, 60800, 1, 0, 0
267250, 62720, 1, 0, 0
267350, 64000, 1, 0, 0
267450, 65280, 1, 0, 0
267550, 66560, 1, 0, 0
267650, 65920, 1, 0, 0
267749, 63353, 1, 0, 0
267849, 66560, 1, 0, 0
267949, 62080, 1, 0, 0
268049, 62720, 1, 0, 0
268149, 64000, 1, 0, 0
268249, 63360, 1, 0, 0
268349, 62080, 1, 0, 0
268449, 62080, 1, 0, 0
268550, 62720, 1, 0, 0
268650, 64640, 1, 0, 0
268749, 61414, 1, 0, 0
268849, 62080, 1, 0, 0
268949, 60800, 1, 0, 0
269049, 62720, 1, 0, 0
269149, 65280, 1, 0, 0
269249, 64000, 1, 0, 0
269349, 61440, 1, 0, 0
269449, 61440, 1, 0, 0
269549, 59520, 1, 0, 0
269649, 63360, 1, 0, 0
269749, 60160, 1, 0, 0
269849, 64000, 1, 0, 0
269950, 62080, 1, 0, 0
270050, 65280, 1, 0, 0
270150, 63360, 1, 0, 0
270249, 64000, 1, 0, 0
270349, 65280, 1, 0, 0
270449, 66560, 1, 0, 0
270549, 64640, 1, 0, 0
270649, 63360, 1, 0, 0
270749, 64000, 1, 0, 0
270849, 63360, 1, 0, 0
270949, 64000, 1, 0, 0
271049, 58880, 1, 0, 0
271149, 65280, 1, 0, 0
271249, 61414, 1, 0, 0
271349, 60160, 1, 0, 0
271449, 66560, 1, 0, 0
271549, 60800, 1, 0, 0
271649, 65280, 1, 0, 0
271749, 60800, 1, 0, 0
271849, 64000, 1, 0, 0
271949, 62080, 1, 0, 0
272049, 61440, 1, 0, 0
272149, 64640, 1, 0, 0
272249, 62720, 1, 0, 0
272349, 60160, 1, 0, 0
272450, 62720, 1, 0, 0
272550, 62720, 1, 0, 0
272650, 58880, 1, 0, 0
272749, 64000, 1, 0, 0
272849, 62080, 1, 0, 0
272949, 65920, 1, 0, 0
273049, 63360, 1, 0, 0
273149, 62720, 1, 0, 0
273249, 61440, 1, 0, 0
273349, 65280, 1, 0, 0
273449, 64640, 1, 0, 0
273549, 64000, 1, 0, 0
273650, 65280, 1, 0, 0
273749, 66585, 1, 0, 0
273849, 63360, 1, 0, 0
273949, 64640, 1, 0, 0
274049, 62720, 1, 0, 0
274149, 64640, 1, 0, 0
274249, 62080, 1, 0, 0
274349, 64000, 1, 0, 0
274449, 67200, 1, 0, 0
274549, 61440, 1, 0, 0
274649, 61440, 1, 0, 0
274749, 61440, 1, 0, 0
274849, 64640, 1, 0, 0
274949, 60800, 1, 0, 0
275050, 65920, 1, 0, 0
275150, 61440, 1, 0, 0
275249, 65292, 1, 0, 0
275349, 64000, 1, 0, 0
275449, 63360, 1, 0, 0
275549, 64640, 1, 0, 0
275649, 64000, 1, 0, 0
275749, 64640, 1, 0, 0
275849, 65280, 1, 0, 0
275949, 64000, 1, 0, 0
276049, 65280, 1, 0, 0
276149, 58880, 1, 0, 0
276250, 62080, 1, 0, 0
276350, 62720, 1, 0, 0
276450, 64000, 1, 0, 0
276550, 62720, 1, 0, 0
276650, 62080, 1, 0, 0
276749, 64000, 1, 0, 0
276849, 62720, 1, 0, 0
276949, 64000, 1, 0, 0
277049, 65280, 1, 0, 0
277149, 61440, 1, 0, 0
277249, 62080, 1, 0, 0
277349, 65920, 1, 0, 0
277449, 64640, 1, 0, 0
277550, 62720, 1, 0, 0
277650, 63360, 1, 0, 0
277749, 65292, 1, 0, 0
277849, 64000, 1, 0, 0
277949, 62720, 1, 0, 0
278049, 65920, 1, 0, 0
278149, 62720, 1, 0, 0
278249, 63360, 1, 0, 0
278349, 64000, 1, 0, 0
278449, 65920, 1, 0, 0
278549, 62080, 1, 0, 0
278649, 63360, 1, 0, 0
278750, 62080, 1, 0, 0
278850, 59520, 1, 0, 0
278950, 63360, 1, 0, 0
279050, 62720, 1, 0, 0
279150, 65280, 1, 0, 0
279249, 63353, 1, 0, 0
279349, 64000, 1, 0, 0
279449, 63360, 1, 0, 0
279549, 65920, 1, 0, 0
279649, 63360, 1, 0, 0
279749, 60800, 1, 0, 0
279849, 62080, 1, 0, 0
279949, 62080, 1, 0, 0
280050, 62080, 1, 0, 0
280150, 64000, 1, 0, 0
280249, 63353, 1, 0, 0
280349, 63360, 1, 0, 0
280449, 66560, 1, 0, 0
280549, 64000, 1, 0, 0
280649, 64640, 1, 0, 0
280749, 65920, 1, 0, 0
280849, 65280, 1, 0, 0
280949, 64000, 1, 0, 0
281049, 62080, 1, 0, 0
281149, 63360, 1, 0, 0
281249, 64000, 1, 0, 0
281350, 64640, 1, 0, 0
281450, 63360, 1, 0, 0
281550, 61440, 1, 0, 0
281650, 63360, 1, 0, 0
281749, 62707, 1, 0, 0
281849, 63360, 1, 0, 0
281949, 66560, 1, 0, 0
282049, 64640, 1, 0, 0
282149, 66560, 1, 0, 0
282249, 60160, 1, 0, 0
282349, 65280, 1, 0, 0
282449, 65280, 1, 0, 0
282549, 62720, 1, 0, 0
282649, 65280, 1, 0, 0
282750, 64000, 1, 0, 0
282850, 67200, 1, 0, 0
282950, 62720, 1, 0, 0
283050, 65920, 1, 0, 0
283150, 62080, 1, 0, 0
283249, 64000, 1, 0, 0
283349, 65280, 1, 0, 0
283449, 67200, 1, 0, 0
283549, 65280, 1, 0, 0
283649, 64000, 1, 0, 0
283749, 65280, 1, 0, 0
283849, 65280, 1, 0, 0
283949, 65920, 1, 0, 0
284050, 64000, 1, 0, 0
284150, 65920, 1, 0, 0
284249, 63353, 1, 0, 0
284349, 62720, 1, 0, 0
284449, 64640, 1, 0, 0
284549, 64640, 1, 0, 0
284649, 64640, 1, 0, 0
284749, 63360, 1, 0, 0
284849, 65920, 1, 0, 0
284949, 64640, 1, 0, 0
285049, 64640, 1, 0, 0
285149, 64640, 1, 0, 0
285249, 63360, 1, 0, 0
285349, 65920, 1, 0, 0
285450, 64640, 1, 0, 0
285550, 67200, 1, 0, 0
285650, 57600, 1, 0, 0
285749, 64000, 1, 0, 0
285849, 67200, 1, 0, 0
285949, 65920, 1, 0, 0
286049, 62720, 1, 0, 0
286149, 67200, 1, 0, 0
286249, 65920, 1, 0, 0
286349, 65920, 1, 0, 0
286449, 62080, 1, 0, 0
286549, 60800, 1, 0, 0
286649, 64000, 1, 0, 0
286750, 65280, 1, 0, 0
286850, 64640, 1, 0, 0
286950, 63360, 1, 0, 0
287050, 64000, 1, 0, 0
287150, 64640, 1, 0, 0
287249, 65939, 1, 0, 0
287349, 65280, 1, 0, 0
287449, 64640, 1, 0, 0
287549, 64000, 1, 0, 0
287649, 62720, 1, 0, 0
287749, 63360, 1, 0, 0
287849, 64000, 1, 0, 0
287949, 64640, 1, 0, 0
288050, 64640, 1, 0, 0
288150, 61440, 1, 0, 0
288249, 64000, 1, 0, 0
288349, 62720, 1, 0, 0
288449, 62720, 1, 0, 0
288549, 63360, 1, 0, 0
288649, 65280, 1, 0, 0
288749, 64000, 1, 0, 0
288849, 62720, 1, 0, 0
288949, 60800, 1, 0, 0
289049, 60800, 1, 0, 0
289149, 65920, 1, 0, 0
289249, 64640, 1, 0, 0
289349, 64640, 1, 0, 0
289450, 62720, 1, 0, 0
289550, 60160, 1, 0, 0
289650, 61440, 1, 0, 0
289749, 65292, 1, 0, 0
289849, 63360, 1, 0, 0
289949, 62080, 1, 0, 0
290049, 62720, 1, 0, 0
290149, 64000, 1, 0, 0
290249, 64000, 1, 0, 0
290349, 64000, 1, 0, 0
290449, 64000, 1, 0, 0
290549, 65280, 1, 0, 0
290649, 62720, 1, 0, 0
290750, 63360, 1, 0, 0
290850, 62080, 1, 0, 0
290950, 60800, 1, 0, 0
291050, 63360, 1, 0, 0
291150, 63360, 1, 0, 0
291249, 58828, 1, 0, 0
291349, 66560, 1, 0, 0
291449, 65920, 1, 0, 0
291549, 63360, 1, 0, 0
291649, 61440, 1, 0, 0
291749, 63360, 1, 0, 0
291849, 65920, 1, 0, 0
291949, 58880, 1, 0, 0
292049, 64640, 1, 0, 0
292150, 64000, 1, 0, 0
292249, 65292, 1, 0, 0
292349, 65280, 1, 0, 0
292449, 62720, 1, 0, 0
292549, 62720, 1, 0, 0
292649, 64640, 1, 0, 0
292749, 62720, 1, 0, 0
292849, 63360, 1, 0, 0
292949, 64640, 1, 0, 0
293049, 64640, 1, 0, 0
293149, 64000, 1, 0, 0
293249, 62080, 1, 0, 0
293349, 63360, 1, 0, 0
293449, 61440, 1, 0, 0
293550, 63360, 1, 0, 0
293650, 60800, 1, 0, 0
293749, 63353, 1, 0, 0
293849, 64640, 1, 0, 0
293949, 61440, 1, 0, 0
294049, 64000, 1, 0, 0
294149, 61440, 1, 0, 0
294249, 62080, 1, 0, 0
294349, 60160, 1, 0, 0
294449, 62080, 1, 0, 0
294549, 64000, 1, 0, 0
294649, 64640, 1, 0, 0
294749, 63360, 1, 0, 0
294850, 65280, 1, 0, 0
294950, 62720, 1, 0, 0
295050, 62720, 1, 0, 0
295150, 61440, 1, 0, 0
295249, 62060, 1, 0, 0
295349, 62080, 1, 0, 0
295449, 62080, 1, 0, 0
295549, 65280, 1, 0, 0
295649, 64000, 1, 0, 0
295749, 62720, 1, 0, 0
295849, 64000, 1, 0, 0
295949, 61440, 1, 0, 0
296049, 61440, 1, 0, 0
296150, 63360, 1, 0, 0
296249, 63353, 1, 0, 0
296349, 63360, 1, 0, 0
296449, 65920, 1, 0, 0
296549, 65920, 1, 0, 0
296649, 64640, 1, 0, 0
296749, 63360, 1, 0, 0
296849, 65280, 1, 0, 0
296949, 65280, 1, 0, 0
297049, 65920, 1, 0, 0
297149, 61440, 1, 0, 0
297250, 62080, 1, 0, 0
297350, 65280, 1, 0, 0
297450, 61440, 1, 0, 0
297550, 63360, 1, 0, 0
297650, 62720, 1, 0, 0
297749, 65292, 1, 0, 0
297849, 64000, 1, 0, 0
297949, 62720, 1, 0, 0
298049, 65280, 1, 0, 0
298149, 66560, 1, 0, 0
298249, 63360, 1, 0, 0
298349, 63360, 1, 0, 0
298449, 62720, 1, 0, 0
298549, 61440, 1, 0, 0
298650, 62080, 1, 0, 0
298749, 60767, 1, 0, 0
298849, 62720, 1, 0, 0
298949, 62080, 1, 0, 0
299049, 64000, 1, 0, 0
299149, 59520, 1, 0, 0
299249, 63360, 1, 0, 0
299349, 61440, 1, 0, 0
299449, 58880, 1, 0, 0
299549, 62720, 1, 0, 0
299649, 61440, 1, 0, 0
299749, 60800, 1, 0, 0
299850, 65920, 1, 0, 0
299950, 65280, 1, 0, 0
300050, 64000, 1, 0, 0
300150, 61440, 1, 0, 0
300249, 59474, 1, 0, 0
300349, 64000, 1, 0, 0
300449, 62720, 1, 0, 0
300549, 60800, 1, 0, 0
300649, 64640, 1, 0, 0
300749, 65280, 1, 0, 0
300849, 63360, 1, 0, 0
300949, 61440, 1, 0, 0
301050, 60800, 1, 0, 0
301150, 64000, 1, 0, 0
301249, 64646, 1, 0, 0
301349, 64000, 1, 0, 0
301449, 63360, 1, 0, 0
301549, 64000, 1, 0, 0
301649, 65280, 1, 0, 0
301749, 65280, 1, 0, 0
301849, 64000, 1, 0, 0
301949, 64000, 1, 0, 0
302049, 60800, 1, 0, 0
302149, 62080, 1, 0, 0
302249, 60800, 1, 0, 0
302349, 62720, 1, 0, 0
302450, 62080, 1, 0, 0
302550, 64000, 1, 0, 0
302650, 63360, 1, 0, 0
302749, 64000, 1, 0, 0
302849, 64640, 1, 0, 0
302949, 64640, 1, 0, 0
303049, 60800, 1, 0, 0
303149, 65280, 1, 0, 0
303249, 64640, 1, 0, 0
303349, 66560, 1, 0, 0
303449, 62080, 1, 0, 0
303549, 62080, 1, 0, 0
303650, 60800, 1, 0, 0
303749, 62707, 1, 0, 0
303849, 64640, 1, 0, 0
303949, 62080, 1, 0, 0
304049, 65280, 1, 0, 0
304149, 65280, 1, 0, 0
304249, 64640, 1, 0, 0
304349, 64000, 1, 0, 0
304449, 63360, 1, 0, 0
304549, 64640, 1, 0, 0
304649, 56960, 1, 0, 0
304749, 60160, 1, 0, 0
304850, 63360, 1, 0, 0
304950, 62720, 1, 0, 0
305050, 62720, 1, 0, 0
305150, 65920, 1, 0, 0
305249, 62707, 1, 0, 0
305349, 64640, 1, 0, 0
305449, 65920, 1, 0, 0
305549, 63360, 1, 0, 0
305649, 62720, 1, 0, 0
305749, 65920, 1, 0, 0
305849, 61440, 1, 0, 0
305949, 64000, 1, 0, 0
306050, 64640, 1, 0, 0
306150, 63360, 1, 0, 0
306249, 62060, 1, 0, 0
306349, 63360, 1, 0, 0
306449, 65280, 1, 0, 0
306549, 62720, 1, 0, 0
306649, 64000, 1, 0, 0
306749, 60160, 1, 0, 0
306849, 62080, 1, 0, 0
306949, 64640, 1, 0, 0
307049, 62080, 1, 0, 0
307149, 64640, 1, 0, 0
307249, 62720, 1, 0, 0
307349, 64000, 1, 0, 0
307449, 63360, 1, 0, 0
307550, 65920, 1, 0, 0
307650, 64000, 1, 0, 0
307749, 63353, 1, 0, 0
307849, 65280, 1, 0, 0
307949, 63360, 1, 0, 0
308049, 63360, 1, 0, 0
308149, 63360, 1, 0, 0
308249, 62080, 1, 0, 0
308349, 63360, 1, 0, 0
308449, 60800, 1, 0, 0
308550, 62720, 1, 0, 0
308650, 64000, 1, 0, 0
308749, 62707, 1, 0, 0
308849, 66560, 1, 0, 0
308949, 65280, 1, 0, 0
309049, 64640, 1, 0, 0
309149, 62720, 1, 0, 0
309249, 63360, 1, 0, 0
309349, 63360, 1, 0, 0
309449, 65280, 1, 0, 0
309549, 64640, 1, 0, 0
309649, 64000, 1, 0, 0
309749, 65920, 1, 0, 0
309849, 67200, 1, 0, 0
309950, 64000, 1, 0, 0
310050, 66560, 1, 0, 0
310150, 65280, 1, 0, 0
310249, 65292, 1, 0, 0
310349, 60800, 1, 0, 0
310449, 62720, 1, 0, 0
310549, 61440, 1, 0, 0
310649, 64640, 1, 0, 0
310749, 62080, 1, 0, 0
310849, 64000, 1, 0, 0
310949, 66560, 1, 0, 0
311049, 64000, 1, 0, 0
311150, 62080, 1, 0, 0
311249, 63353, 1, 0, 0
311349, 62720, 1, 0, 0
311449, 63360, 1, 0, 0
311549, 63360, 1, 0, 0
311649, 64000, 1, 0, 0
311749, 62720, 1, 0, 0
311849, 64000, 1, 0, 0
311949, 65920, 1, 0, 0
312049, 64640, 1, 0, 0
312149, 64000, 1, 0, 0
312249, 59520, 1, 0, 0
312349, 62720, 1, 0, 0
312449, 63360, 1, 0, 0
312550, 62720, 1, 0, 0
312650, 62720, 1, 0, 0
312749, 62707, 1, 0, 0
312849, 62080, 1, 0, 0
312949, 62720, 1, 0, 0
313049, 63360, 1, 0, 0
313149, 62080, 1, 0, 0
313249, 61440, 1, 0, 0
313349, 64640, 1, 0, 0
313449, 64000, 1, 0, 0
313549, 62720, 1, 0, 0
313649, 63360, 1, 0, 0
313749, 64640, 1, 0, 0
313850, 59520, 1, 0, 0
313950, 65920, 1, 0, 0
314050, 62080, 1, 0, 0
314150, 65920, 1, 0, 0
314249, 65292, 1, 0, 0
314349, 64000, 1, 0, 0
314449, 63360, 1, 0, 0
314549, 62080, 1, 0, 0
314649, 65280, 1, 0, 0
314749, 62080, 1, 0, 0
314849, 62080, 1, 0, 0
314949, 61440, 1, 0, 0
315050, 62080, 1, 0, 0
315150, 64000, 1, 0, 0
315249, 60767, 1, 0, 0
315349, 63360, 1, 0, 0
315449, 62080, 1, 0, 0
315549, 61440, 1, 0, 0
315649, 62080, 1, 0, 0
315749, 62080, 1, 0, 0
315849, 62720, 1, 0, 0
315949, 62720, 1, 0, 0
316049, 64640, 1, 0, 0
316149, 59520, 1, 0, 0
316249, 62720, 1, 0, 0
316350, 62720, 1, 0, 0
316450, 63360, 1, 0, 0
316550, 61440, 1, 0, 0
316650, 62080, 1, 0, 0
316749, 60121, 1, 0, 0
316849, 63360, 1, 0, 0
316949, 64000, 1, 0, 0
317049, 62080, 1, 0, 0
317149, 62080, 1, 0, 0
317249, 58880, 1, 0, 0
317349, 62720, 1, 0, 0
317449, 63360, 1, 0, 0
317550, 60800, 1, 0, 0
317650, 64640, 1, 0, 0
317749, 58181, 1, 0, 0
317849, 60800, 1, 0, 0
317949, 64000, 1, 0, 0
318049, 62720, 1, 0, 0
318149, 61440, 1, 0, 0
318249, 62720, 1, 0, 0
318349, 62080, 1, 0, 0
318449, 60160, 1, 0, 0
318549, 59520, 1, 0, 0
318649, 61440, 1, 0, 0
318750, 61440, 1, 0, 0
318850, 62720, 1, 0, 0
318950, 61440, 1, 0, 0
319050, 59520, 1, 0, 0
319150, 60160, 1, 0, 0
319249, 58828, 1, 0, 0
319349, 63360, 1, 0, 0
319449, 61440, 1, 0, 0
319549, 62720, 1, 0, 0
319649, 62080, 1, 0, 0
319749, 60160, 1, 0, 0
319849, 62080, 1, 0, 0
319949, 60160, 1, 0, 0
320050, 61440, 1, 0, 0
320150, 62080, 1, 0, 0
320249, 62060, 1, 0, 0
320349, 61440, 1, 0, 0
320449, 64000, 1, 0, 0
320549, 62080, 1, 0, 0
320649, 62720, 1, 0, 0
320749, 61440, 1, 0, 0
320849, 60800, 1, 0, 0
320949, 62080, 1, 0, 0
321049, 58240, 1, 0, 0
321149, 64640, 1, 0, 0
321250, 58880, 1, 0, 0
321350, 62720, 1, 0, 0
321450, 58240, 1, 0, 0
321550, 62720, 1, 0, 0
321650, 62080, 1, 0, 0
321749, 64646, 1, 0, 0
321849, 62720, 1, 0, 0
321949, 63360, 1, 0, 0
322049, 61440, 1, 0, 0
322149, 64000, 1, 0, 0
322249, 62720, 1, 0, 0
322349, 62720, 1, 0, 0
322449, 60800, 1, 0, 0
322550, 60800, 1, 0, 0
322650, 64000, 1, 0, 0
322749, 58828, 1, 0, 0
322849, 62720, 1, 0, 0
322949, 59520, 1, 0, 0
323049, 64000, 1, 0, 0
323149, 59520, 1, 0, 0
323249, 62080, 1, 0, 0
323349, 60800, 1, 0, 0
323449, 62720, 1, 0, 0
323549, 64640, 1, 0, 0
323649, 62720, 1, 0, 0
323749, 62720, 1, 0, 0
323850, 63360, 1, 0, 0
323950, 64640, 1, 0, 0
324050, 61440, 1, 0, 0
324150, 65920, 1, 0, 0
324249, 60767, 1, 0, 0
324349, 61440, 1, 0, 0
324449, 59520, 1, 0, 0
324549, 59520, 1, 0, 0
324649, 62720, 1, 0, 0
324749, 61440, 1, 0, 0
324849, 62720, 1, 0, 0
324949, 59520, 1, 0, 0
325049, 61440, 1, 0, 0
325150, 62080, 1, 0, 0
325249, 59474, 1, 0, 0
325349, 64640, 1, 0, 0
325449, 65280, 1, 0, 0
325549, 63360, 1, 0, 0
325649, 65280, 1, 0, 0
325749, 64640, 1, 0, 0
325849, 61440, 1, 0, 0
325949, 65920, 1, 0, 0
326049, 63360, 1, 0, 0
326149, 62080, 1, 0, 0
326249, 62080, 1, 0, 0
326349, 65280, 1, 0, 0
326450, 67200, 1, 0, 0
326550, 64640, 1, 0, 0
326650, 65280, 1, 0, 0
326749, 65939, 1, 0, 0
326849, 62720, 1, 0, 0
326949, 65920, 1, 0, 0
327049, 65280, 1, 0, 0
327149, 65280, 1, 0, 0
327249, 64000, 1, 0, 0
327349, 66560, 1, 0, 0
327449, 62080, 1, 0, 0
327549, 64640, 1, 0, 0
327649, 65920, 1, 0, 0
327749, 65939, 1, 0, 0
327849, 61440, 1, 0, 0
327949, 63360, 1, 0, 0
328049, 64640, 1, 0, 0
328149, 67840, 1, 0, 0
328249, 63360, 1, 0, 0
328349, 67200, 1, 0, 0
328449, 66560, 1, 0, 0
328549, 64640, 1, 0, 0
328649, 63360, 1, 0, 0
328749, 64000, 1, 0, 0
328849, 64640, 1, 0, 0
328949, 64000, 1, 0, 0
329050, 64000, 1, 0, 0
329150, 60800, 1, 0, 0
329249, 64000, 1, 0, 0
329349, 63360, 1, 0, 0
329449, 62720, 1, 0, 0
329549, 63360, 1, 0, 0
329649, 65280, 1, 0, 0
329749, 62720, 1, 0, 0
329849, 64000, 1, 0, 0
329949, 59520, 1, 0, 0
330049, 64000, 1, 0, 0
330149, 64640, 1, 0, 0
330249, 64640, 1, 0, 0
330350, 67200, 1, 0, 0
330450, 64000, 1, 0, 0
330550, 66560, 1, 0, 0
330650, 65280, 1, 0, 0
330749, 65292, 1, 0, 0
330849, 65920, 1, 0, 0
330949, 65280, 1, 0, 0
331049, 60160, 1, 0, 0
331149, 65280, 1, 0, 0
331249, 64000, 1, 0, 0
331349, 62080, 1, 0, 0
331449, 60160, 1, 0, 0
331550, 59520, 1, 0, 0
331650, 60160, 1, 0, 0
331749, 63353, 1, 0, 0
331849, 64000, 1, 0, 0
331949, 64000, 1, 0, 0
332049, 64000, 1, 0, 0
332149, 65920, 1, 0, 0
332249, 64000, 1, 0, 0
332349, 64640, 1, 0, 0
332449, 60800, 1, 0, 0
332549, 64000, 1, 0, 0
332649, 63360, 1, 0, 0
332749, 62080, 1, 0, 0
332850, 62720, 1, 0, 0
332950, 62720, 1, 0, 0
333050, 62720, 1, 0, 0
333150, 64640, 1, 0, 0
333249, 66585, 1, 0, 0
333349, 62720, 1, 0, 0
333449, 62720, 1, 0, 0
333549, 65280, 1, 0, 0
333649, 62720, 1, 0, 0
333749, 62080, 1, 0, 0
333849, 63360, 1, 0, 0
333949, 63360, 1, 0, 0
334049, 60160, 1, 0, 0
334149, 60800, 1, 0, 0
334249, 63353, 1, 0, 0
334349, 61440, 1, 0, 0
334449, 65280, 1, 0, 0
334549, 65280, 1, 0, 0
334649, 64000, 1, 0, 0
334749, 67200, 1, 0, 0
334849, 65280, 1, 0, 0
334949, 64000, 1, 0, 0
335049, 65280, 1, 0, 0
335149, 66560, 1, 0, 0
335249, 63360, 1, 0, 0
335349, 64000, 1, 0, 0
335450, 65280, 1, 0, 0
335550, 60800, 1, 0, 0
335650, 62080, 1, 0, 0
335749, 62060, 1, 0, 0
335849, 63360, 1, 0, 0
335949, 60800, 1, 0, 0
336049, 62720, 1, 0, 0
336149, 64640, 1, 0, 0
336249, 62720, 1, 0, 0
336349, 65280, 1, 0, 0
336449, 65920, 1, 0, 0
336549, 60800, 1, 0, 0
336649, 62080, 1, 0, 0
336749, 64646, 1, 0, 0
336849, 62080, 1, 0, 0
336949, 65280, 1, 0, 0
337049, 66560, 1, 0, 0
337149, 62720, 1, 0, 0
337249, 66560, 1, 0, 0
337349, 66560, 1, 0, 0
337449, 64640, 1, 0, 0
337549, 62720, 1, 0, 0
337649, 63360, 1, 0, 0
337749, 67200, 1, 0, 0
337850, 65920, 1, 0, 0
337950, 65280, 1, 0, 0
338050, 62720, 1, 0, 0
338150, 60800, 1, 0, 0
338249, 60121, 1, 0, 0
338349, 62720, 1, 0, 0
338449, 60800, 1, 0, 0
338549, 64000, 1, 0, 0
338649, 64000, 1, 0, 0
338749, 64000, 1, 0, 0
338849, 60160, 1, 0, 0
338949, 65920, 1, 0, 0
339049, 60160, 1, 0, 0
339149, 63360, 1, 0, 0
339249, 62080, 1, 0, 0
339349, 61440, 1, 0, 0
339450, 59520, 1, 0, 0
339550, 65920, 1, 0, 0
339650, 62720, 1, 0, 0
339749, 60767, 1, 0, 0
339849, 64000, 1, 0, 0
339949, 64000, 1, 0, 0
340049, 66560, 1, 0, 0
340149, 63360, 1, 0, 0
340249, 60800, 1, 0, 0
340349, 65280, 1, 0, 0
340449, 64640, 1, 0, 0
340549, 62720, 1, 0, 0
340649, 62720, 1, 0, 0
340750, 63360, 1, 0, 0
340850, 62720, 1, 0, 0
340950, 64640, 1, 0, 0
341050, 60800, 1, 0, 0
341150, 60160, 1, 0, 0
341249, 62707, 1, 0, 0
341349, 64000, 1, 0, 0
341449, 65280, 1, 0, 0
341549, 62080, 1, 0, 0
341649, 63360, 1, 0, 0
341749, 65280, 1, 0, 0
341849, 64000, 1, 0, 0
341949, 63360, 1, 0, 0
342050, 62720, 1, 0, 0
342150, 62080, 1, 0, 0
342249, 64000, 1, 0, 0
342349, 65280, 1, 0, 0
342449, 62080, 1, 0, 0
342549, 64640, 1, 0, 0
342649, 63360, 1, 0, 0
342749, 65280, 1, 0, 0
342849, 60160, 1, 0, 0
342949, 60160, 1, 0, 0
343049, 60800, 1, 0, 0
343149, 60800, 1, 0, 0
343249, 62720, 1, 0, 0
343350, 61440, 1, 0, 0
343450, 64000, 1, 0, 0
343550, 62080, 1, 0, 0
343650, 63360, 1, 0, 0
343749, 65939, 1, 0, 0
343849, 67200, 1, 0, 0
343949, 64000, 1, 0, 0
344049, 66560, 1, 0, 0
344149, 62720, 1, 0, 0
344249, 60800, 1, 0, 0
344349, 63360, 1, 0, 0
344449, 64640, 1, 0, 0
344549, 61440, 1, 0, 0
344649, 65920, 1, 0, 0
344749, 62707, 1, 0, 0
344849, 65280, 1, 0, 0
344949, 63360, 1, 0, 0
345049, 65280, 1, 0, 0
345149, 62080, 1, 0, 0
345249, 66560, 1, 0, 0
345349, 64000, 1, 0, 0
345449, 67200, 1, 0, 0
345549, 62080, 1, 0, 0
345649, 62080, 1, 0, 0
345749, 65280, 1, 0, 0
345849, 64640, 1, 0, 0
345950, 62720, 1, 0, 0
346050, 64000, 1, 0, 0
346150, 65920, 1, 0, 0
346249, 64000, 1, 0, 0
346349, 65280, 1, 0, 0
346449, 63360, 1, 0, 0
346549, 62080, 1, 0, 0
346649, 65920, 1, 0, 0
346749, 65280, 1, 0, 0
346849, 67200, 1, 0, 0
346949, 64000, 1, 0, 0
347049, 64000, 1, 0, 0
347149, 65920, 1, 0, 0
347249, 62707, 1, 0, 0
347349, 63360, 1, 0, 0
347449, 64640, 1, 0, 0
347549, 65280, 1, 0, 0
347649, 65920, 1, 0, 0
347749, 64640, 1, 0, 0
347849, 64640, 1, 0, 0
347949, 64000, 1, 0, 0
348049, 64000, 1, 0, 0
348149, 64000, 1, 0, 0
348249, 64640, 1, 0, 0
348349, 62720, 1, 0, 0
348449, 63360, 1, 0, 0
348550, 64640, 1, 0, 0
348650, 62080, 1, 0, 0
348749, 62707, 1, 0, 0
348849, 64640, 1, 0, 0
348949, 64000, 1, 0, 0
349049, 64000, 1, 0, 0
349149, 64640, 1, 0, 0
349249, 65920, 1, 0, 0
349349, 64640, 1, 0, 0
349449, 62080, 1, 0, 0
349549, 64640, 1, 0, 0
349649, 62720, 1, 0, 0
349749, 64640, 1, 0, 0
349850, 64000, 1, 0, 0
349950, 63360, 1, 0, 0
350050, 64640, 1, 0, 0
350150, 60800, 1, 0, 0
350249, 62060, 1, 0, 0
350349, 66560, 1, 0, 0
350449, 65280, 1, 0, 0
350549, 64640, 1, 0, 0
350649, 62720, 1, 0, 0
350749, 64000, 1, 0, 0
350849, 63360, 1, 0, 0
350949, 65920, 1, 0, 0
351049, 64000, 1, 0, 0
351150, 65920, 1, 0, 0
351249, 62707, 1, 0, 0
351349, 63360, 1, 0, 0
351449, 62080, 1, 0, 0
351549, 64000, 1, 0, 0
351649, 62080, 1, 0, 0
351749, 62080, 1, 0, 0
351849, 64640, 1, 0, 0
351949, 62080, 1, 0, 0
352049, 65280, 1, 0, 0
352149, 65920, 1, 0, 0
352249, 65280, 1, 0, 0
352349, 60160, 1, 0, 0
352450, 60160, 1, 0, 0
352550, 64000, 1, 0, 0
352650, 63360, 1, 0, 0
352749, 61414, 1, 0, 0
352849, 64000, 1, 0, 0
352949, 65280, 1, 0, 0
353049, 64640, 1, 0, 0
353149, 64640, 1, 0, 0
353249, 65920, 1, 0, 0
353349, 64640, 1, 0, 0
353449, 62720, 1, 0, 0
353549, 64640, 1, 0, 0
353649, 62080, 1, 0, 0
353749, 61414, 1, 0, 0
353849, 61440, 1, 0, 0
353949, 65280, 1, 0, 0
354049, 62080, 1, 0, 0
354149, 63360, 1, 0, 0
354249, 64640, 1, 0, 0
354349, 64640, 1, 0, 0
354449, 61440, 1, 0, 0
354549, 63360, 1, 0, 0
354649, 60800, 1, 0, 0
354749, 62080, 1, 0, 0
354849, 63360, 1, 0, 0
354949, 63360, 1, 0, 0
355050, 59520, 1, 0, 0
355150, 60800, 1, 0, 0
355249, 64000, 1, 0, 0
355349, 63360, 1, 0, 0
355449, 58240, 1, 0, 0
355549, 62080, 1, 0, 0
355649, 59520, 1, 0, 0
355749, 64000, 1, 0, 0
355849, 59520, 1, 0, 0
355949, 60160, 1, 0, 0
356049, 62080, 1, 0, 0
356149, 63360, 1, 0, 0
356250, 62080, 1, 0, 0
356350, 63360, 1, 0, 0
356450, 61440, 1, 0, 0
356550, 62720, 1, 0, 0
356650, 60800, 1, 0, 0
356749, 65939, 1, 0, 0
356849, 64640, 1, 0, 0
356949, 63360, 1, 0, 0
357049, 62080, 1, 0, 0
357149, 63360, 1, 0, 0
357249, 64000, 1, 0, 0
357349, 63360, 1, 0, 0
357449, 64640, 1, 0, 0
357550, 59520, 1, 0, 0
357650, 63360, 1, 0, 0
357749, 65939, 1, 0, 0
357849, 61440, 1, 0, 0
357949, 64640, 1, 0, 0
358049, 64000, 1, 0, 0
358149, 62080, 1, 0, 0
358249, 64640, 1, 0, 0
358349, 58240, 1, 0, 0
358449, 64640, 1, 0, 0
358549, 62720, 1, 0, 0
358649, 63360, 1, 0, 0
358749, 62080, 1, 0, 0
358849, 62720, 1, 0, 0
358950, 62080, 1, 0, 0
359050, 63360, 1, 0, 0
359150, 64640, 1, 0, 0
359249, 63353, 1, 0, 0
359349, 60160, 1, 0, 0
359449, 62720, 1, 0, 0
359549, 61440, 1, 0, 0
359649, 59520, 1, 0, 0
359749, 63360, 1, 0, 0
359849, 63360, 1, 0, 0
359949, 64640, 1, 0, 0
360049, 62720, 1, 0, 0
360149, 64000, 1, 0, 0
360249, 62707, 1, 0, 0
360349, 62720, 1, 0, 0
360449, 62720, 1, 0, 0
360549, 64000, 1, 0, 0
360649, 61440, 1, 0, 0
360749, 65920, 1, 0, 0
360849, 63360, 1, 0, 0
360949, 61440, 1, 0, 0
361049, 64000, 1, 0, 0
361149, 65280, 1, 0, 0
361249, 61440, 1, 0, 0
361350, 61440, 1, 0, 0
361450, 62720, 1, 0, 0
361550, 65280, 1, 0, 0
361650, 62720, 1, 0, 0
361749, 64000, 1, 0, 0
361849, 59520, 1, 0, 0
361949, 60160, 1, 0, 0
362049, 61440, 1, 0, 0
362149, 62720, 1, 0, 0
362249, 63360, 1, 0, 0
362349, 64640, 1, 0, 0
362449, 64000, 1, 0, 0
362550, 64000, 1, 0, 0
362650, 62080, 1, 0, 0
362749, 62707, 1, 0, 0
362849, 60800, 1, 0, 0
362949, 62720, 1, 0, 0
363049, 60800, 1, 0, 0
363149, 62080, 1, 0, 0
363249, 63360, 1, 0, 0
363349, 62080, 1, 0, 0
363449, 60800, 1, 0, 0
363549, 63360, 1, 0, 0
363649, 63360, 1, 0, 0
363750, 59520, 1, 0, 0
363850, 60160, 1, 0, 0
363950, 62080, 1, 0, 0
364050, 62080, 1, 0, 0
364150, 61440, 1, 0, 0
364249, 60767, 1, 0, 0
364349, 62720, 1, 0, 0
364449, 62080, 1, 0, 0
364549, 64000, 1, 0, 0
364649, 64000, 1, 0, 0
364749, 61440, 1, 0, 0
364849, 58240, 1, 0, 0
364949, 60800, 1, 0, 0
365050, 62080, 1, 0, 0
365150, 63360, 1, 0, 0
365249, 63353, 1, 0, 0
365349, 62080, 1, 0, 0
365449, 60800, 1, 0, 0
365549, 60800, 1, 0, 0
365649, 59520, 1, 0, 0
365749, 60160, 1, 0, 0
365849, 62720, 1, 0, 0
365949, 65920, 1, 0, 0
366049, 60160, 1, 0, 0
366149, 65280, 1, 0, 0
366249, 62720, 1, 0, 0
366350, 65280, 1, 0, 0
366450, 63360, 1, 0, 0
366550, 62720, 1, 0, 0
366650, 62720, 1, 0, 0
366749, 62707, 1, 0, 0
366849, 60800, 1, 0, 0
366949, 58880, 1, 0, 0
367049, 58880, 1, 0, 0
367149, 63360, 1, 0, 0
367249, 62720, 1, 0, 0
367349, 62720, 1, 0, 0
367449, 64000, 1, 0, 0
367549, 64640, 1, 0, 0
367650, 64640, 1, 0, 0
367749, 60767, 1, 0, 0
367849, 63360, 1, 0, 0
367949, 64640, 1, 0, 0
368049, 64640, 1, 0, 0
368149, 64000, 1, 0, 0
368249, 61440, 1, 0, 0
368349, 63360, 1, 0, 0
368449, 65280, 1, 0, 0
368549, 64000, 1, 0, 0
368649, 64000, 1, 0, 0
368749, 66560, 1, 0, 0
368850, 64640, 1, 0, 0
368950, 62720, 1, 0, 0
369050, 64000, 1, 0, 0
369150, 64000, 1, 0, 0
369249, 63353, 1, 0, 0
369349, 60800, 1, 0, 0
369449, 63360, 1, 0, 0
369549, 65920, 1, 0, 0
369649, 63360, 1, 0, 0
369749, 63360, 1, 0, 0
369849, 65920, 1, 0, 0
369949, 64640, 1, 0, 0
370049, 64640, 1, 0, 0
370149, 62720, 1, 0, 0
370250, 62080, 1, 0, 0
370350, 63360, 1, 0, 0
370450, 59520, 1, 0, 0
370550, 62080, 1, 0, 0
370650, 60800, 1, 0, 0
370749, 63353, 1, 0, 0
370849, 63360, 1, 0, 0
370949, 64640, 1, 0, 0
371049, 65280, 1, 0, 0
371149, 62080, 1, 0, 0
371249, 64000, 1, 0, 0
371349, 60800, 1, 0, 0
371449, 64000, 1, 0, 0
371550, 65920, 1, 0, 0
371650, 65280, 1, 0, 0
371749, 65292, 1, 0, 0
371849, 63360, 1, 0, 0
371949, 63360, 1, 0, 0
372049, 64640, 1, 0, 0
372149, 63360, 1, 0, 0
372249, 66560, 1, 0, 0
372349, 64640, 1, 0, 0
372449, 65280, 1, 0, 0
372549, 60160, 1, 0, 0
372649, 60800, 1, 0, 0
372749, 65280, 1, 0, 0
372849, 65280, 1, 0, 0
372950, 65280, 1, 0, 0
373050, 62720, 1, 0, 0
373150, 62720, 1, 0, 0
373249, 64000, 1, 0, 0
373349, 62720, 1, 0, 0
373449, 65280, 1, 0, 0
373549, 61440, 1, 0, 0
373649, 61440, 1, 0, 0
373749, 60160, 1, 0, 0
373849, 62080, 1, 0, 0
373949, 65280, 1, 0, 0
374049, 60800, 1, 0, 0
374149, 60800, 1, 0, 0
374249, 64000, 1, 0, 0
374349, 65920, 1, 0, 0
374449, 64000, 1, 0, 0
374549, 66560, 1, 0, 0
374649, 64640, 1, 0, 0
374749, 65280, 1, 0, 0
374849, 65280, 1, 0, 0
374949, 65280, 1, 0, 0
375049, 65920, 1, 0, 0
375149, 64640, 1, 0, 0
375249, 64640, 1, 0, 0
375349, 62720, 1, 0, 0
375450, 64000, 1, 0, 0
375550, 64000, 1, 0, 0
375650, 64000, 1, 0, 0
375749, 64646, 1, 0, 0
375849, 67840, 1, 0, 0
375949, 65920, 1, 0, 0
376049, 62720, 1, 0, 0
376149, 64640, 1, 0, 0
376249, 64640, 1, 0, 0
376349, 64640, 1, 0, 0
376449, 59520, 1, 0, 0
376549, 64000, 1, 0, 0
376649, 62720, 1, 0, 0
376750, 63360, 1, 0, 0
376850, 62080, 1, 0, 0
376950, 60800, 1, 0, 0
377050, 62720, 1, 0, 0
377150, 59520, 1, 0, 0
377249, 61414, 1, 0, 0
377349, 64000, 1, 0, 0
377449, 64000, 1, 0, 0
377549, 64640, 1, 0, 0
377649, 61440, 1, 0, 0
377749, 59520, 1, 0, 0
377849, 62080, 1, 0, 0
377949, 59520, 1, 0, 0
378050, 62080, 1, 0, 0
378150, 62720, 1, 0, 0
378249, 65939, 1, 0, 0
378349, 63360, 1, 0, 0
378449, 62080, 1, 0, 0
378549, 60800, 1, 0, 0
378649, 61440, 1, 0, 0
378749, 63360, 1, 0, 0
378849, 60800, 1, 0, 0
378949, 62720, 1, 0, 0
379049, 62720, 1, 0, 0
379149, 65280, 1, 0, 0
379249, 61440, 1, 0, 0
379349, 63360, 1, 0, 0
379450, 60800, 1, 0, 0
379550, 62080, 1, 0, 0
379650, 60800, 1, 0, 0
379749, 58181, 1, 0, 0
379849, 61440, 1, 0, 0
379949, 60800, 1, 0, 0
380049, 61440, 1, 0, 0
380149, 59520, 1, 0, 0
380249, 63360, 1, 0, 0
380349, 63360, 1, 0, 0
380449, 62080, 1, 0, 0
380549, 64640, 1, 0, 0
380649, 64000, 1, 0, 0
380749, 62707, 1, 0, 0
380849, 65280, 1, 0, 0
380949, 65280, 1, 0, 0
381049, 61440, 1, 0, 0
381149, 62080, 1, 0, 0
381249, 60800, 1, 0, 0
381349, 63360, 1, 0, 0
381449, 60800, 1, 0, 0
381549, 58880, 1, 0, 0
381649, 61440, 1, 0, 0
381749, 63360, 1, 0, 0
381849, 64640, 1, 0, 0
381949, 63360, 1, 0, 0
382050, 60800, 1, 0, 0
382150, 61440, 1, 0, 0
382249, 60121, 1, 0, 0
382349, 62080, 1, 0, 0
382449, 60800, 1, 0, 0
382549, 63360, 1, 0, 0
382649, 64640, 1, 0, 0
382749, 60160, 1, 0, 0
382849, 62720, 1, 0, 0
382949, 61440, 1, 0, 0
383049, 62720, 1, 0, 0
383149, 60800, 1, 0, 0
383250, 62720, 1, 0, 0
383350, 63360, 1, 0, 0
383450, 62080, 1, 0, 0
383550, 62080, 1, 0, 0
383650, 64000, 1, 0, 0
383749, 62707, 1, 0, 0
383849, 62080, 1, 0, 0
383949, 65280, 1, 0, 0
384049, 62080, 1, 0, 0
384149, 64000, 1, 0, 0
384249, 64000, 1, 0, 0
384349, 61440, 1, 0, 0
384449, 62080, 1, 0, 0
384550, 62080, 1, 0, 0
384650, 64000, 1, 0, 0
384749, 65292, 1, 0, 0
384849, 64000, 1, 0, 0
384949, 64000, 1, 0, 0
385049, 62080, 1, 0, 0
385149, 62720, 1, 0, 0
385249, 60800, 1, 0, 0
385349, 65920, 1, 0, 0
385449, 65280, 1, 0, 0
385549, 64640, 1, 0, 0
385649, 63360, 1, 0, 0
385749, 62080, 1, 0, 0
385850, 62720, 1, 0, 0
385950, 64640, 1, 0, 0
386050, 61440, 1, 0, 0
386150, 61440, 1, 0, 0
386249, 62060, 1, 0, 0
386349, 64640, 1, 0, 0
386449, 63360, 1, 0, 0
386549, 63360, 1, 0, 0
386649, 64640, 1, 0, 0
386749, 62720, 1, 0, 0
386849, 64000, 1, 0, 0
386949, 62720, 1, 0, 0
387049, 61440, 1, 0, 0
387150, 64000, 1, 0, 0
387249, 66585, 1, 0, 0
387349, 65920, 1, 0, 0
387449, 63360, 1, 0, 0
387549, 65280, 1, 0, 0
387649, 64000, 1, 0, 0
387749, 65280, 1, 0, 0
387849, 64000, 1, 0, 0
387949, 60800, 1, 0, 0
388049, 64000, 1, 0, 0
388149, 62720, 1, 0, 0
388249, 65920, 1, 0, 0
388350, 60800, 1, 0, 0
388450, 62080, 1, 0, 0
388550, 64000, 1, 0, 0
388650, 65920, 1, 0, 0
388749, 64646, 1, 0, 0
388849, 62080, 1, 0, 0
388949, 66560, 1, 0, 0
389049, 64000, 1, 0, 0
389149, 64000, 1, 0, 0
389249, 64000, 1, 0, 0
389349, 63360, 1, 0, 0
389449, 66560, 1, 0, 0
389549, 62720, 1, 0, 0
389650, 63360, 1, 0, 0
389749, 62060, 1, 0, 0
389849, 60800, 1, 0, 0
389949, 63360, 1, 0, 0
390049, 63360, 1, 0, 0
390149, 65920, 1, 0, 0
390249, 62720, 1, 0, 0
390349, 62080, 1, 0, 0
390449, 63360, 1, 0, 0
390549, 62720, 1, 0, 0
390649, 65280, 1, 0, 0
390749, 65280, 1, 0, 0
390849, 64000, 1, 0, 0
390950, 64640, 1, 0, 0
391050, 64640, 1, 0, 0
391150, 64000, 1, 0, 0
391249, 64000, 1, 0, 0
391349, 61440, 1, 0, 0
391449, 63360, 1, 0, 0
391549, 61440, 1, 0, 0
391649, 63360, 1, 0, 0
391749, 64640, 1, 0, 0
391849, 61440, 1, 0, 0
391949, 63360, 1, 0, 0
392049, 65280, 1, 0, 0
392150, 65280, 1, 0, 0
392249, 64000, 1, 0, 0
392349, 64000, 1, 0, 0
392449, 64640, 1, 0, 0
392549, 67840, 1, 0, 0
392649, 60800, 1, 0, 0
392749, 65920, 1, 0, 0
392849, 62080, 1, 0, 0
392949, 65920, 1, 0, 0
393049, 64640, 1, 0, 0
393149, 62080, 1, 0, 0
393249, 65920, 1, 0, 0
393349, 64640, 1, 0, 0
393449, 62720, 1, 0, 0
393550, 65920, 1, 0, 0
393650, 64000, 1, 0, 0
393749, 63353, 1, 0, 0
393849, 64640, 1, 0, 0
393949, 60800, 1, 0, 0
394049, 64640, 1, 0, 0
394149, 64000, 1, 0, 0
394249, 62720, 1, 0, 0
394349, 62720, 1, 0, 0
394449, 64640, 1, 0, 0
394549, 59520, 1, 0, 0
394649, 62080, 1, 0, 0
394750, 63360, 1, 0, 0
394850, 64000, 1, 0, 0
394950, 62080, 1, 0, 0
395050, 61440, 1, 0, 0
395150, 62720, 1, 0, 0
395249, 64646, 1, 0, 0
395349, 66560, 1, 0, 0
395449, 58240, 1, 0, 0
395549, 61440, 1, 0, 0
395649, 62080, 1, 0, 0
395749, 59520, 1, 0, 0
395849, 60160, 1, 0, 0
395949, 62080, 1, 0, 0
396050, 64640, 1, 0, 0
396150, 62080, 1, 0, 0
396249, 62060, 1, 0, 0
396349, 64640, 1, 0, 0
396449, 67840, 1, 0, 0
396549, 62720, 1, 0, 0
396649, 66560, 1, 0, 0
396749, 64000, 1, 0, 0
396849, 64640, 1, 0, 0
396949, 64640, 1, 0, 0
397049, 62720, 1, 0, 0
397149, 62720, 1, 0, 0
397249, 61440, 1, 0, 0
397349, 63360, 1, 0, 0
397450, 63360, 1, 0, 0
397550, 65920, 1, 0, 0
397650, 62080, 1, 0, 0
397749, 64000, 1, 0, 0
397849, 64640, 1, 0, 0
397949, 61440, 1, 0, 0
398049, 62080, 1, 0, 0
398149, 60800, 1, 0, 0
398249, 62720, 1, 0, 0
398349, 63360, 1, 0, 0
398449, 64000, 1, 0, 0
398549, 67840, 1, 0, 0
398649, 64000, 1, 0, 0
398749, 62060, 1, 0, 0
398849, 59520, 1, 0, 0
398949, 65280, 1, 0, 0
399049, 64000, 1, 0, 0
399149, 63360, 1, 0, 0
399249, 63360, 1, 0, 0
399349, 64000, 1, 0, 0
399449, 63360, 1, 0, 0
399549, 66560, 1, 0, 0
399649, 65280, 1, 0, 0
399749, 65920, 1, 0, 0
399849, 64640, 1, 0, 0
399950, 63360, 1, 0, 0
400050, 64640, 1, 0, 0
400150, 65280, 1, 0, 0
400249, 64000, 1, 0, 0
400349, 60800, 1, 0, 0
400449, 60800, 1, 0, 0
400549, 65280, 1, 0, 0
400649, 64640, 1, 0, 0
400749, 65920, 1, 0, 0
400849, 64640, 1, 0, 0
400949, 64000, 1, 0, 0
401050, 61440, 1, 0, 0
401150, 62720, 1, 0, 0
401249, 64646, 1, 0, 0
401349, 66560, 1, 0, 0
401449, 64000, 1, 0, 0
401549, 62720, 1, 0, 0
401649, 62720, 1, 0, 0
401749, 60800, 1, 0, 0
401849, 64640, 1, 0, 0
401949, 65280, 1, 0, 0
402049, 62720, 1, 0, 0
402149, 62720, 1, 0, 0
402249, 62720, 1, 0, 0
402350, 62720, 1, 0, 0
402450, 65280, 1, 0, 0
402550, 65920, 1, 0, 0
402650, 62720, 1, 0, 0
402749, 63353, 1, 0, 0
402849, 64640, 1, 0, 0
402949, 64000, 1, 0, 0
403049, 62720, 1, 0, 0
403149, 64000, 1, 0, 0
403249, 65920, 1, 0, 0
403349, 64000, 1, 0, 0
403449, 63360, 1, 0, 0
403549, 60800, 1, 0, 0
403649, 63360, 1, 0, 0
403749, 63353, 1, 0, 0
403849, 64000, 1, 0, 0
403949, 65280, 1, 0, 0
404049, 64000, 1, 0, 0
404149, 64640, 1, 0, 0
404249, 61440, 1, 0, 0
404349, 63360, 1, 0, 0
404449, 67200, 1, 0, 0
404549, 63360, 1, 0, 0
404649, 62080, 1, 0, 0
404749, 61440, 1, 0, 0
404849, 62720, 1, 0, 0
404950, 64000, 1, 0, 0
405050, 64000, 1, 0, 0
405150, 62720, 1, 0, 0
405249, 62707, 1, 0, 0
405349, 62080, 1, 0, 0
405449, 64640, 1, 0, 0
405549, 62080, 1, 0, 0
405649, 63360, 1, 0, 0
405749, 63360, 1, 0, 0
405849, 62080, 1, 0, 0
405949, 65920, 1, 0, 0
406049, 61440, 1, 0, 0
406149, 61440, 1, 0, 0
406249, 64646, 1, 0, 0
406349, 62720, 1, 0, 0
406449, 64000, 1, 0, 0
406549, 63360, 1, 0, 0
406649, 64000, 1, 0, 0
406749, 65920, 1, 0, 0
406849, 64000, 1, 0, 0
406949, 61440, 1, 0, 0
407049, 64640, 1, 0, 0
407149, 61440, 1, 0, 0
407249, 60800, 1, 0, 0
407349, 64640, 1, 0, 0
407450, 62720, 1, 0, 0
407550, 62080, 1, 0, 0
407650, 62080, 1, 0, 0
407749, 59474, 1, 0, 0
407849, 60160, 1, 0, 0
407949, 64000, 1, 0, 0
408049, 62080, 1, 0, 0
408149, 62720, 1, 0, 0
408249, 60800, 1, 0, 0
408349, 65280, 1, 0, 0
408449, 62720, 1, 0, 0
408549, 62720, 1, 0, 0
408649, 62080, 1, 0, 0
408750, 63360, 1, 0, 0
408850, 62720, 1, 0, 0
408950, 61440, 1, 0, 0
409050, 62080, 1, 0, 0
409150, 62720, 1, 0, 0
409249, 61414, 1, 0, 0
409349, 60160, 1, 0, 0
409449, 65280, 1, 0, 0
409549, 62080, 1, 0, 0
409649, 63360, 1, 0, 0
409749, 61440, 1, 0, 0
409849, 63360, 1, 0, 0
409949, 64640, 1, 0, 0
410050, 61440, 1, 0, 0
410150, 64000, 1, 0, 0
410249, 62707, 1, 0, 0
410349, 62720, 1, 0, 0
410449, 64000, 1, 0, 0
410549, 64640, 1, 0, 0
410649, 60800, 1, 0, 0
410749, 64640, 1, 0, 0
410849, 63360, 1, 0, 0
410949, 63360, 1, 0, 0
411049, 62080, 1, 0, 0
411149, 60800, 1, 0, 0
411250, 62720, 1, 0, 0
411350, 60800, 1, 0, 0
411450, 60800, 1, 0, 0
411550, 62720, 1, 0, 0
411650, 62080, 1, 0, 0
411749, 63353, 1, 0, 0
411849, 63360, 1, 0, 0
411949, 62720, 1, 0, 0
412049, 60160, 1, 0, 0
412149, 62720, 1, 0, 0
412249, 62720, 1, 0, 0
412349, 60800, 1, 0, 0
412449, 62080, 1, 0, 0
412550, 61440, 1, 0, 0
412650, 62080, 1, 0, 0
412749, 63353, 1, 0, 0
412849, 62720, 1, 0, 0
412949, 61440, 1, 0, 0
413049, 61440, 1, 0, 0
413149, 62720, 1, 0, 0
413249, 64000, 1, 0, 0
413349, 63360, 1, 0, 0
413449, 63360, 1, 0, 0
413549, 61440, 1, 0, 0
413649, 60160, 1, 0, 0
413750, 65280, 1, 0, 0
413850, 61440, 1, 0, 0
413950, 65280, 1, 0, 0
414050, 63360, 1, 0, 0
414150, 62080, 1, 0, 0
414249, 65292, 1, 0, 0
414349, 63360, 1, 0, 0
414449, 65280, 1, 0, 0
414549, 67200, 1, 0, 0
414649, 62080, 1, 0, 0
414749, 64000, 1, 0, 0
414849, 60800, 1, 0, 0
414949, 63360, 1, 0, 0
415050, 61440, 1, 0, 0
415150, 62720, 1, 0, 0
415249, 60121, 1, 0, 0
415349, 63360, 1, 0, 0
415449, 64000, 1, 0, 0
415549, 62080, 1, 0, 0
415649, 61440, 1, 0, 0
415749, 62720, 1, 0, 0
415849, 64000, 1, 0, 0
415949, 61440, 1, 0, 0
416049, 62720, 1, 0, 0
416149, 62720, 1, 0, 0
416250, 62720, 1, 0, 0
416350, 64640, 1, 0, 0
416450, 63360, 1, 0, 0
416550, 63360, 1, 0, 0
416650, 63360, 1, 0, 0
416749, 62060, 1, 0, 0
416849, 62720, 1, 0, 0
416949, 65280, 1, 0, 0
417049, 62720, 1, 0, 0
417149, 63360, 1, 0, 0
417249, 66560, 1, 0, 0
417349, 64640, 1, 0, 0
417449, 62720, 1, 0, 0
417550, 60800, 1, 0, 0
417650, 59520, 1, 0, 0
417749, 64000, 1, 0, 0
417849, 62080, 1, 0, 0
417949, 64000, 1, 0, 0
418049, 65920, 1, 0, 0
418149, 64000, 1, 0, 0
418249, 63360, 1, 0, 0
418349, 60160, 1, 0, 0
418449, 64000, 1, 0, 0
418549, 63360, 1, 0, 0
418649, 64640, 1, 0, 0
418749, 59520, 1, 0, 0
418850, 62720, 1, 0, 0
418950, 62720, 1, 0, 0
419050, 66560, 1, 0, 0
419150, 65920, 1, 0, 0
419249, 65292, 1, 0, 0
419349, 63360, 1, 0, 0
419449, 65280, 1, 0, 0
419549, 61440, 1, 0, 0
419649, 63360, 1, 0, 0
419749, 63360, 1, 0, 0
419849, 65280, 1, 0, 0
419949, 64000, 1, 0, 0
420050, 64000, 1, 0, 0
420150, 64000, 1, 0, 0
420249, 64000, 1, 0, 0
420349, 62720, 1, 0, 0
420449, 64000, 1, 0, 0
420549, 60800, 1, 0, 0
420649, 65280, 1, 0, 0
420749, 64640, 1, 0, 0
420849, 62720, 1, 0, 0
420949, 64000, 1, 0, 0
421049, 64000, 1, 0, 0
421149, 63360, 1, 0, 0
421249, 65280, 1, 0, 0
421349, 64640, 1, 0, 0
421450, 60160, 1, 0, 0
421550, 62720, 1, 0, 0
421650, 60800, 1, 0, 0
421749, 62060, 1, 0, 0
421849, 63360, 1, 0, 0
421949, 63360, 1, 0, 0
422049, 61440, 1, 0, 0
422149, 62080, 1, 0, 0
422249, 61440, 1, 0, 0
422349, 64000, 1, 0, 0
422449, 61440, 1, 0, 0
422550, 61440, 1, 0, 0
422650, 65280, 1, 0, 0
422749, 58828, 1, 0, 0
422849, 66560, 1, 0, 0
422949, 61440, 1, 0, 0
423049, 64000, 1, 0, 0
423149, 62720, 1, 0, 0
423249, 62720, 1, 0, 0
423349, 58880, 1, 0, 0
423449, 60800, 1, 0, 0
423549, 57600, 1, 0, 0
423649, 62720, 1, 0, 0
423749, 62080, 1, 0, 0
423850, 62720, 1, 0, 0
423950, 62080, 1, 0, 0
424050, 63360, 1, 0, 0
424150, 63360, 1, 0, 0
424249, 62060, 1, 0, 0
424349, 62720, 1, 0, 0
424449, 64000, 1, 0, 0
424549, 60800, 1, 0, 0
424649, 61440, 1, 0, 0
424749, 62720, 1, 0, 0
424849, 62080, 1, 0, 0
424949, 62720, 1, 0, 0
425049, 62080, 1, 0, 0
425149, 60800, 1, 0, 0
425249, 63353, 1, 0, 0
425349, 62080, 1, 0, 0
425449, 61440, 1, 0, 0
425549, 61440, 1, 0, 0
425649, 62080, 1, 0, 0
425749, 60800, 1, 0, 0
425849, 62720, 1, 0, 0
425949, 60800, 1, 0, 0
426049, 62720, 1, 0, 0
426149, 61440, 1, 0, 0
426249, 64000, 1, 0, 0
426349, 59520, 1, 0, 0
426450, 62080, 1, 0, 0
426550, 60800, 1, 0, 0
426650, 62080, 1, 0, 0
426749, 63353, 1, 0, 0
426849, 60800, 1, 0, 0
426949, 63360, 1, 0, 0
427049, 61440, 1, 0, 0
427149, 63360, 1, 0, 0
427249, 62080, 1, 0, 0
427349, 61440, 1, 0, 0
427449, 58880, 1, 0, 0
427549, 64640, 1, 0, 0
427650, 65920, 1, 0, 0
427749, 62060, 1, 0, 0
427849, 63360, 1, 0, 0
427949, 62720, 1, 0, 0
428049, 62720, 1, 0, 0
428149, 61440, 1, 0, 0
428249, 60160, 1, 0, 0
428349, 61440, 1, 0, 0
428449, 62720, 1, 0, 0
428549, 62080, 1, 0, 0
428649, 62720, 1, 0, 0
428749, 60800, 1, 0, 0
428849, 62080, 1, 0, 0
428949, 60800, 1, 0, 0
429050, 59520, 1, 0, 0
429150, 58880, 1, 0, 0
429249, 63353, 1, 0, 0
429349, 60160, 1, 0, 0
429449, 60800, 1, 0, 0
429549, 59520, 1, 0, 0
429649, 60800, 1, 0, 0
429749, 59520, 1, 0, 0
429849, 60800, 1, 0, 0
429949, 60160, 1, 0, 0
430049, 64000, 1, 0, 0
430149, 59520, 1, 0, 0
430249, 58880, 1, 0, 0
430349, 60800, 1, 0, 0
430450, 61440, 1, 0, 0
430550, 58240, 1, 0, 0
430650, 64000, 1, 0, 0
430749, 63353, 1, 0, 0
430849, 62080, 1, 0, 0
430949, 61440, 1, 0, 0
431049, 61440, 1, 0, 0
431149, 61440, 1, 0, 0
431249, 61440, 1, 0, 0
431349, 64000, 1, 0, 0
431449, 62720, 1, 0, 0
431549, 64000, 1, 0, 0
431649, 66560, 1, 0, 0
431750, 65280, 1, 0, 0
431850, 64000, 1, 0, 0
431950, 64640, 1, 0, 0
432050, 62720, 1, 0, 0
432150, 63360, 1, 0, 0
432249, 65292, 1, 0, 0
432349, 60800, 1, 0, 0
432449, 65280, 1, 0, 0
432549, 64000, 1, 0, 0
432649, 62080, 1, 0, 0
432749, 66560, 1, 0, 0
432849, 61440, 1, 0, 0
432949, 64640, 1, 0, 0
433049, 64000, 1, 0, 0
433149, 63360, 1, 0, 0
433249, 61414, 1, 0, 0
433349, 65920, 1, 0, 0
433449, 62720, 1, 0, 0
433549, 62080, 1, 0, 0
433649, 63360, 1, 0, 0
433749, 62720, 1, 0, 0
433849, 64000, 1, 0, 0
433949, 64640, 1, 0, 0
434049, 62080, 1, 0, 0
434149, 64000, 1, 0, 0
434249, 65920, 1, 0, 0
434349, 60160, 1, 0, 0
434449, 62080, 1, 0, 0
434550, 63360, 1, 0, 0
434650, 62080, 1, 0, 0
434749, 65292, 1, 0, 0
434849, 64640, 1, 0, 0
434949, 62720, 1, 0, 0
435049, 65920, 1, 0, 0
435149, 62720, 1, 0, 0
435249, 61440, 1, 0, 0
435349, 60800, 1, 0, 0
435449, 63360, 1, 0, 0
435549, 66560, 1, 0, 0
435649, 62080, 1, 0, 0
435749, 62720, 1, 0, 0
435849, 62080, 1, 0, 0
435949, 60800, 1, 0, 0
436050, 64000, 1, 0, 0
436150, 65920, 1, 0, 0
436249, 62060, 1, 0, 0
436349, 64000, 1, 0, 0
436449, 62080, 1, 0, 0
436549, 62720, 1, 0, 0
436649, 65280, 1, 0, 0
436749, 62720, 1, 0, 0
436849, 65920, 1, 0, 0
436949, 64000, 1, 0, 0
437049, 66560, 1, 0, 0
437149, 64000, 1, 0, 0
437250, 64000, 1, 0, 0
437350, 65280, 1, 0, 0
437450, 62720, 1, 0, 0
437550, 63360, 1, 0, 0
437650, 59520, 1, 0, 0
437749, 61414, 1, 0, 0
437849, 63360, 1, 0, 0
437949, 63360, 1, 0, 0
438049, 58880, 1, 0, 0
438149, 64000, 1, 0, 0
438249, 65280, 1, 0, 0
438349, 65280, 1, 0, 0
438449, 66560, 1, 0, 0
438550, 64640, 1, 0, 0
438650, 64640, 1, 0, 0
438749, 62060, 1, 0, 0
438849, 65280, 1, 0, 0
438949, 62080, 1, 0, 0
439049, 62080, 1, 0, 0
439149, 62080, 1, 0, 0
439249, 62080, 1, 0, 0
439349, 60800, 1, 0, 0
439449, 65920, 1, 0, 0
439549, 62720, 1, 0, 0
439649, 64000, 1, 0, 0
439749, 62720, 1, 0, 0
439850, 65920, 1, 0, 0
439950, 62720, 1, 0, 0
440050, 66560, 1, 0, 0
440150, 65280, 1, 0, 0
440249, 65939, 1, 0, 0
440349, 61440, 1, 0, 0
440449, 67200, 1, 0, 0
440549, 65280, 1, 0, 0
440649, 65920, 1, 0, 0
440749, 61440, 1, 0, 0
440849, 66560, 1, 0, 0
440949, 63360, 1, 0, 0
441049, 63360, 1, 0, 0
441150, 66560, 1, 0, 0
441249, 65292, 1, 0, 0
441349, 63360, 1, 0, 0
441449, 66560, 1, 0, 0
441549, 64640, 1, 0, 0
441649, 63360, 1, 0, 0
441749, 61440, 1, 0, 0
441849, 64640, 1, 0, 0
441949, 62080, 1, 0, 0
442049, 64000, 1, 0, 0
442149, 62720, 1, 0, 0
442249, 61440, 1, 0, 0
442349, 61440, 1, 0, 0
442449, 62720, 1, 0, 0
442550, 60160, 1, 0, 0
442650, 65280, 1, 0, 0
442749, 64646, 1, 0, 0
442849, 65920, 1, 0, 0
442949, 63360, 1, 0, 0
443049, 60800, 1, 0, 0
443149, 62080, 1, 0, 0
443249, 64640, 1, 0, 0
443349, 63360, 1, 0, 0
443449, 64640, 1, 0, 0
443549, 61440, 1, 0, 0
443649, 64000, 1, 0, 0
443750, 64000, 1, 0, 0
443850, 63360, 1, 0, 0
443950, 64000, 1, 0, 0
444050, 62080, 1, 0, 0
444150, 64640, 1, 0, 0
444249, 64000, 1, 0, 0
444349, 65280, 1, 0, 0
444449, 62080, 1, 0, 0
444549, 60160, 1, 0, 0
444649, 60800, 1, 0, 0
444749, 61440, 1, 0, 0
444849, 62720, 1, 0, 0
444949, 64640, 1, 0, 0
445050, 65280, 1, 0, 0
445150, 63360, 1, 0, 0
445249, 62707, 1, 0, 0
445349, 62080, 1, 0, 0
445449, 62080, 1, 0, 0
445549, 65920, 1, 0, 0
445649, 62080, 1, 0, 0
445749, 61440, 1, 0, 0
445849, 63360, 1, 0, 0
445949, 63360, 1, 0, 0
446049, 64000, 1, 0, 0
446149, 59520, 1, 0, 0
446249, 62080, 1, 0, 0
446349, 65280, 1, 0, 0
446449, 63360, 1, 0, 0
446550, 61440, 1, 0, 0
446650, 60800, 1, 0, 0
446749, 64000, 1, 0, 0
446849, 65920, 1, 0, 0
446949, 65920, 1, 0, 0
447049, 62720, 1, 0, 0
447149, 60800, 1, 0, 0
447249, 62080, 1, 0, 0
447349, 64640, 1, 0, 0
447449, 62080, 1, 0, 0
447549, 61440, 1, 0, 0
447649, 63360, 1, 0, 0
447749, 60160, 1, 0, 0
447850, 60160, 1, 0, 0
447950, 61440, 1, 0, 0
448050, 63360, 1, 0, 0
448150, 60160, 1, 0, 0
448249, 65292, 1, 0, 0
448349, 62080, 1, 0, 0
448449, 61440, 1, 0, 0
448549, 62080, 1, 0, 0
448649, 60800, 1, 0, 0
448749, 63360, 1, 0, 0
448849, 61440, 1, 0, 0
448949, 62720, 1, 0, 0
449049, 60160, 1, 0, 0
449149, 63360, 1, 0, 0
449249, 59520, 1, 0, 0
449350, 63360, 1, 0, 0
449450, 61440, 1, 0, 0
449550, 64000, 1, 0, 0
449650, 61440, 1, 0, 0
449749, 58828, 1, 0, 0
449849, 63360, 1, 0, 0
449949, 59520, 1, 0, 0
450049, 59520, 1, 0, 0
450149, 56960, 1, 0, 0
450249, 63360, 1, 0, 0
450349, 58240, 1, 0, 0
450449, 60160, 1, 0, 0
450549, 60800, 1, 0, 0
450650, 61440, 1, 0, 0
450749, 61414, 1, 0, 0
450849, 59520, 1, 0, 0
450949, 61440, 1, 0, 0
451049, 57600, 1, 0, 0
451149, 59520, 1, 0, 0
451249, 58880, 1, 0, 0
451349, 60160, 1, 0, 0
451449, 59520, 1, 0, 0
451549, 60800, 1, 0, 0
451649, 60800, 1, 0, 0
451749, 62080, 1, 0, 0
451850, 62720, 1, 0, 0
451950, 62080, 1, 0, 0
452050, 64000, 1, 0, 0
452150, 60800, 1, 0, 0
452249, 62707, 1, 0, 0
452349, 61440, 1, 0, 0
452449, 61440, 1, 0, 0
452549, 62720, 1, 0, 0
452649, 60800, 1, 0, 0
452749, 61440, 1, 0, 0
452849, 63360, 1, 0, 0
452949, 62080, 1, 0, 0
453050, 60800, 1, 0, 0
453150, 62720, 1, 0, 0
453249, 62060, 1, 0, 0
453349, 60160, 1, 0, 0
453449, 60800, 1, 0, 0
453549, 62080, 1, 0, 0
453649, 62080, 1, 0, 0
453749, 62080, 1, 0, 0
453849, 63360, 1, 0, 0
453949, 63360, 1, 0, 0
454049, 61440, 1, 0, 0
454149, 62720, 1, 0, 0
454249, 63353, 1, 0, 0
454349, 62080, 1, 0, 0
454449, 62080, 1, 0, 0
454549, 60800, 1, 0, 0
454649, 63360, 1, 0, 0
454749, 62080, 1, 0, 0
454849, 62080, 1, 0, 0
454949, 62720, 1, 0, 0
455049, 60800, 1, 0, 0
455149, 62720, 1, 0, 0
455249, 65280, 1, 0, 0
455349, 63360, 1, 0, 0
455449, 60160, 1, 0, 0
455550, 61440, 1, 0, 0
455650, 62720, 1, 0, 0
455749, 57535, 1, 0, 0
455849, 62080, 1, 0, 0
455949, 63360, 1, 0, 0
456049, 60800, 1, 0, 0
456149, 64640, 1, 0, 0
456249, 62080, 1, 0, 0
456349, 63360, 1, 0, 0
456449, 63360, 1, 0, 0
456549, 60800, 1, 0, 0
456649, 61440, 1, 0, 0
456749, 64000, 1, 0, 0
456849, 62720, 1, 0, 0
456950, 62720, 1, 0, 0
457050, 61440, 1, 0, 0
457150, 63360, 1, 0, 0
457249, 61414, 1, 0, 0
457349, 61440, 1, 0, 0
457449, 61440, 1, 0, 0
457549, 58880, 1, 0, 0
457649, 62080, 1, 0, 0
457749, 58880, 1, 0, 0
457849, 64000, 1, 0, 0
457949, 64640, 1, 0, 0
458049, 62720, 1, 0, 0
458149, 62080, 1, 0, 0
458249, 58828, 1, 0, 0
458349, 61440, 1, 0, 0
458449, 64000, 1, 0, 0
458549, 62720, 1, 0, 0
458649, 62080, 1, 0, 0
458749, 62720, 1, 0, 0
458849, 64640, 1, 0, 0
458949, 62080, 1, 0, 0
459049, 62720, 1, 0, 0
459149, 62720, 1, 0, 0
459249, 67840, 1, 0, 0
459349, 62720, 1, 0, 0
459449, 63360, 1, 0, 0
459550, 61440, 1, 0, 0
459650, 64640, 1, 0, 0
459749, 63353, 1, 0, 0
459849, 64000, 1, 0, 0
459949, 64000, 1, 0, 0
460049, 62720, 1, 0, 0
460149, 62720, 1, 0, 0
460249, 64000, 1, 0, 0
460349, 63360, 1, 0, 0
460449, 65280, 1, 0, 0
460549, 65920, 1, 0, 0
460649, 60160, 1, 0, 0
460749, 65920, 1, 0, 0
460849, 64000, 1, 0, 0
460950, 64000, 1, 0, 0
461050, 63360, 1, 0, 0
461150, 64640, 1, 0, 0
461249, 64646, 1, 0, 0
461349, 64000, 1, 0, 0
461449, 64000, 1, 0, 0
461549, 62720, 1, 0, 0
461649, 64640, 1, 0, 0
461749, 62080, 1, 0, 0
461849, 65280, 1, 0, 0
461949, 63360, 1, 0, 0
462049, 65920, 1, 0, 0
462149, 66560, 1, 0, 0
462249, 63360, 1, 0, 0
462349, 61440, 1, 0, 0
462450, 64640, 1, 0, 0
462550, 63360, 1, 0, 0
462650, 64000, 1, 0, 0
462749, 65292, 1, 0, 0
462849, 62720, 1, 0, 0
462949, 63360, 1, 0, 0
463049, 61440, 1, 0, 0
463149, 66560, 1, 0, 0
463249, 64640, 1, 0, 0
463349, 64640, 1, 0, 0
463449, 63360, 1, 0, 0
463549, 62720, 1, 0, 0
463649, 62720, 1, 0, 0
463749, 64000, 1, 0, 0
463849, 62720, 1, 0, 0
463949, 62080, 1, 0, 0
464049, 63360, 1, 0, 0
464149, 63360, 1, 0, 0
464249, 62080, 1, 0, 0
464349, 62080, 1, 0, 0
464449, 62080, 1, 0, 0
464549, 59520, 1, 0, 0
464649, 60160, 1, 0, 0
464749, 64000, 1, 0, 0
464849, 64640, 1, 0, 0
464949, 60160, 1, 0, 0
465050, 64000, 1, 0, 0
465150, 64640, 1, 0, 0
465249, 64646, 1, 0, 0
465349, 62080, 1, 0, 0
465449, 62080, 1, 0, 0
465549, 62720, 1, 0, 0
465649, 61440, 1, 0, 0
465749, 61440, 1, 0, 0
465849, 60800, 1, 0, 0
465949, 64000, 1, 0, 0
466049, 64000, 1, 0, 0
466149, 60800, 1, 0, 0
466249, 60767, 1, 0, 0
466349, 64000, 1, 0, 0
466449, 64000, 1, 0, 0
466549, 64000, 1, 0, 0
466649, 62720, 1, 0, 0
466749, 60800, 1, 0, 0
466849, 65920, 1, 0, 0
466949, 59520, 1, 0, 0
467049, 64640, 1, 0, 0
467149, 62720, 1, 0, 0
467249, 64000, 1, 0, 0
467350, 63360, 1, 0, 0
467450, 65920, 1, 0, 0
467550, 61440, 1, 0, 0
467650, 60800, 1, 0, 0
467749, 60767, 1, 0, 0
467849, 64640, 1, 0, 0
467949, 60800, 1, 0, 0
468049, 63360, 1, 0, 0
468149, 64640, 1, 0, 0
468249, 60800, 1, 0, 0
468349, 60800, 1, 0, 0
468449, 62080, 1, 0, 0
468550, 60160, 1, 0, 0
468650, 59520, 1, 0, 0
468749, 62060, 1, 0, 0
468849, 64000, 1, 0, 0
468949, 61440, 1, 0, 0
469049, 60800, 1, 0, 0
469149, 62080, 1, 0, 0
469249, 62720, 1, 0, 0
469349, 62080, 1, 0, 0
469449, 63360, 1, 0, 0
469549, 61440, 1, 0, 0
469649, 64000, 1, 0, 0
469749, 62720, 1, 0, 0
469849, 62720, 1, 0, 0
469950, 61440, 1, 0, 0
470050, 62080, 1, 0, 0
470150, 64000, 1, 0, 0
470249, 64000, 1, 0, 0
470349, 65280, 1, 0, 0
470449, 64640, 1, 0, 0
470549, 62080, 1, 0, 0
470649, 62080, 1, 0, 0
470749, 64640, 1, 0, 0
470849, 64000, 1, 0, 0
470949, 63360, 1, 0, 0
471049, 64000, 1, 0, 0
471149, 63360, 1, 0, 0
471250, 62080, 1, 0, 0
471350, 60800, 1, 0, 0
471450, 60800, 1, 0, 0
471550, 60800, 1, 0, 0
471650, 61440, 1, 0, 0
471749, 60767, 1, 0, 0
471849, 58880, 1, 0, 0
471949, 64000, 1, 0, 0
472049, 61440, 1, 0, 0
472149, 65280, 1, 0, 0
472249, 60160, 1, 0, 0
472349, 62720, 1, 0, 0
472449, 60800, 1, 0, 0
472549, 58880, 1, 0, 0
472649, 60800, 1, 0, 0
472749, 63353, 1, 0, 0
472849, 62080, 1, 0, 0
472949, 62080, 1, 0, 0
473049, 65280, 1, 0, 0
473149, 63360, 1, 0, 0
473249, 63360, 1, 0, 0
473349, 62720, 1, 0, 0
473449, 64000, 1, 0, 0
473549, 60160, 1, 0, 0
473649, 62720, 1, 0, 0
473749, 63360, 1, 0, 0
473849, 60800, 1, 0, 0
473949, 62080, 1, 0, 0
474050, 64640, 1, 0, 0
474150, 64640, 1, 0, 0
474249, 61414, 1, 0, 0
474349, 64640, 1, 0, 0
474449, 62720, 1, 0, 0
474549, 64640, 1, 0, 0
474649, 59520, 1, 0, 0
474749, 62720, 1, 0, 0
474849, 62720, 1, 0, 0
474949, 64000, 1, 0, 0
475049, 64640, 1, 0, 0
475149, 64000, 1, 0, 0
475250, 64640, 1, 0, 0
475350, 61440, 1, 0, 0
475450, 64640, 1, 0, 0
475550, 62720, 1, 0, 0
475650, 63360, 1, 0, 0
475749, 62707, 1, 0, 0
475849, 63360, 1, 0, 0
475949, 62720, 1, 0, 0
476049, 60800, 1, 0, 0
476149, 64000, 1, 0, 0
476249, 65920, 1, 0, 0
476349, 64000, 1, 0, 0
476449, 68480, 1, 0, 0
476550, 65280, 1, 0, 0
476650, 63360, 1, 0, 0
476749, 64646, 1, 0, 0
476849, 62720, 1, 0, 0
476949, 65920, 1, 0, 0
477049, 63360, 1, 0, 0
477149, 67200, 1, 0, 0
477249, 64000, 1, 0, 0
477349, 59520, 1, 0, 0
477449, 60800, 1, 0, 0
477549, 63360, 1, 0, 0
477649, 63360, 1, 0, 0
477749, 62080, 1, 0, 0
477849, 62720, 1, 0, 0
477950, 65920, 1, 0, 0
478050, 64000, 1, 0, 0
478150, 62720, 1, 0, 0
478249, 60767, 1, 0, 0
478349, 63360, 1, 0, 0
478449, 62720, 1, 0, 0
478549, 62720, 1, 0, 0
478649, 62720, 1, 0, 0
478749, 64640, 1, 0, 0
478849, 64000, 1, 0, 0
478949, 65280, 1, 0, 0
479049, 63360, 1, 0, 0
479149, 58880, 1, 0, 0
479250, 62720, 1, 0, 0
479350, 63360, 1, 0, 0
479450, 62080, 1, 0, 0
479550, 60160, 1, 0, 0
479650, 62720, 1, 0, 0
479749, 62060, 1, 0, 0
479849, 61440, 1, 0, 0
479949, 64000, 1, 0, 0
480049, 65280, 1, 0, 0
480149, 67200, 1, 0, 0
480249, 65280, 1, 0, 0
480349, 65280, 1, 0, 0
480449, 65280, 1, 0, 0
480550, 65280, 1, 0, 0
480650, 65920, 1, 0, 0
480749, 62060, 1, 0, 0
480849, 65280, 1, 0, 0
480949, 60800, 1, 0, 0
481049, 64000, 1, 0, 0
481149, 64640, 1, 0, 0
481249, 65920, 1, 0, 0
481349, 62080, 1, 0, 0
481449, 65280, 1, 0, 0
481549, 64640, 1, 0, 0
481649, 62080, 1, 0, 0
481749, 62080, 1, 0, 0
481850, 61440, 1, 0, 0
481950, 61440, 1, 0, 0
482050, 62080, 1, 0, 0
482150, 63360, 1, 0, 0
482249, 62707, 1, 0, 0
482349, 61440, 1, 0, 0
482449, 61440, 1, 0, 0
482549, 62720, 1, 0, 0
482649, 63360, 1, 0, 0
482749, 64640, 1, 0, 0
482849, 62080, 1, 0, 0
482949, 59520, 1, 0, 0
483050, 62080, 1, 0, 0
483150, 62080, 1, 0, 0
483249, 61414, 1, 0, 0
483349, 59520, 1, 0, 0
483449, 63360, 1, 0, 0
483549, 62720, 1, 0, 0
483649, 59520, 1, 0, 0
483749, 60800, 1, 0, 0
483849, 61440, 1, 0, 0
483949, 62080, 1, 0, 0
484049, 62720, 1, 0, 0
484149, 62720, 1, 0, 0
484249, 63360, 1, 0, 0
484350, 62720, 1, 0, 0
484450, 60160, 1, 0, 0
484550, 58880, 1, 0, 0
484650, 61440, 1, 0, 0
484749, 60767, 1, 0, 0
484849, 62720, 1, 0, 0
484949, 62080, 1, 0, 0
485049, 62080, 1, 0, 0
485149, 63360, 1, 0, 0
485249, 63360, 1, 0, 0
485349, 60800, 1, 0, 0
485449, 59520, 1, 0, 0
485549, 62080, 1, 0, 0
485650, 63360, 1, 0, 0
485749, 62707, 1, 0, 0
485849, 63360, 1, 0, 0
485949, 61440, 1, 0, 0
486049, 58880, 1, 0, 0
486149, 62720, 1, 0, 0
486249, 60160, 1, 0, 0
486349, 62720, 1, 0, 0
486449, 62720, 1, 0, 0
486549, 60160, 1, 0, 0
486649, 60160, 1, 0, 0
486749, 63360, 1, 0, 0
486850, 62080, 1, 0, 0
486950, 62080, 1, 0, 0
487050, 62080, 1, 0, 0
487150, 58880, 1, 0, 0
487249, 62060, 1, 0, 0
487349, 61440, 1, 0, 0
487449, 62720, 1, 0, 0
487549, 63360, 1, 0, 0
487649, 64000, 1, 0, 0
487749, 62720, 1, 0, 0
487849, 60800, 1, 0, 0
487949, 59520, 1, 0, 0
488050, 61440, 1, 0, 0
488150, 62080, 1, 0, 0
488249, 62060, 1, 0, 0
488349, 62720, 1, 0, 0
488449, 62080, 1, 0, 0
488549, 63360, 1, 0, 0
488649, 62720, 1, 0, 0
488749, 58880, 1, 0, 0
488849, 64000, 1, 0, 0
488949, 62720, 1, 0, 0
489049, 65280, 1, 0, 0
489149, 62720, 1, 0, 0
489250, 60160, 1, 0, 0
489350, 62080, 1, 0, 0
489450, 61440, 1, 0, 0
489550, 60800, 1, 0, 0
489650, 60160, 1, 0, 0
489749, 62707, 1, 0, 0
489849, 65920, 1, 0, 0
489949, 62080, 1, 0, 0
490049, 60160, 1, 0, 0
490149, 65920, 1, 0, 0
490249, 67840, 1, 0, 0
490349, 65280, 1, 0, 0
490449, 62720, 1, 0, 0
490550, 62080, 1, 0, 0
490650, 60160, 1, 0, 0
490749, 62707, 1, 0, 0
490849, 64640, 1, 0, 0
490949, 60800, 1, 0, 0
491049, 64000, 1, 0, 0
491149, 64640, 1, 0, 0
491249, 60800, 1, 0, 0
491349, 62080, 1, 0, 0
491449, 61440, 1, 0, 0
491549, 64000, 1, 0, 0
491649, 63360, 1, 0, 0
491749, 62080, 1, 0, 0
491850, 62080, 1, 0, 0
491950, 63360, 1, 0, 0
492050, 62720, 1, 0, 0
492150, 59520, 1, 0, 0
492249, 60767, 1, 0, 0
492349, 63360, 1, 0, 0
492449, 61440, 1, 0, 0
492549, 62080, 1, 0, 0
492649, 62080, 1, 0, 0
492749, 64000, 1, 0, 0
492849, 62720, 1, 0, 0
492949, 64000, 1, 0, 0
493050, 62720, 1, 0, 0
493150, 63360, 1, 0, 0
493249, 61414, 1, 0, 0
493349, 60160, 1, 0, 0
493449, 61440, 1, 0, 0
493549, 61440, 1, 0, 0
493649, 58240, 1, 0, 0
493749, 62080, 1, 0, 0
493849, 56320, 1, 0, 0
493949, 60800, 1, 0, 0
494049, 60160, 1, 0, 0
494149, 60800, 1, 0, 0
494249, 60160, 1, 0, 0
494349, 58880, 1, 0, 0
494450, 60800, 1, 0, 0
494550, 60160, 1, 0, 0
494650, 61440, 1, 0, 0
494749, 60767, 1, 0, 0
494849, 61440, 1, 0, 0
494949, 59520, 1, 0, 0
495049, 62720, 1, 0, 0
495149, 60160, 1, 0, 0
495249, 63360, 1, 0, 0
495349, 62080, 1, 0, 0
495449, 60800, 1, 0, 0
495549, 62080, 1, 0, 0
495649, 59520, 1, 0, 0
495749, 61414, 1, 0, 0
495849, 61440, 1, 0, 0
495949, 60800, 1, 0, 0
496049, 61440, 1, 0, 0
496149, 62080, 1, 0, 0
496249, 64000, 1, 0, 0
496349, 62720, 1, 0, 0
496449, 58240, 1, 0, 0
496549, 63360, 1, 0, 0
496649, 63360, 1, 0, 0
496749, 61440, 1, 0, 0
496849, 61440, 1, 0, 0
496949, 62080, 1, 0, 0
497050, 62080, 1, 0, 0
497150, 62720, 1, 0, 0
497249, 63353, 1, 0, 0
497349, 61440, 1, 0, 0
497449, 59520, 1, 0, 0
497549, 58880, 1, 0, 0
497649, 58880, 1, 0, 0
497749, 59520, 1, 0, 0
497849, 60160, 1, 0, 0
497949, 61440, 1, 0, 0
498049, 60160, 1, 0, 0
498149, 61440, 1, 0, 0
498249, 62080, 1, 0, 0
498350, 62080, 1, 0, 0
498450, 63360, 1, 0, 0
498550, 66560, 1, 0, 0
498650, 64000, 1, 0, 0
498749, 63353, 1, 0, 0
498849, 60800, 1, 0, 0
498949, 62080, 1, 0, 0
499049, 62720, 1, 0, 0
499149, 60800, 1, 0, 0
499249, 63360, 1, 0, 0
499349, 56960, 1, 0, 0
499449, 64640, 1, 0, 0
499549, 61440, 1, 0, 0
499649, 64640, 1, 0, 0
499749, 63353, 1, 0, 0
499849, 62720, 1, 0, 0
499949, 62720, 1, 0, 0
500049, 62080, 1, 0, 0
500149, 62720, 1, 0, 0
500249, 62080, 1, 0, 0
500349, 63360, 1, 0, 0
500449, 63360, 1, 0, 0
500549, 58880, 1, 0, 0
500649, 59520, 1, 0, 0
500749, 64640, 1, 0, 0
500849, 62720, 1, 0, 0
500949, 63360, 1, 0, 0
501050, 64640, 1, 0, 0
501150, 63360, 1, 0, 0
501249, 60121, 1, 0, 0
501349, 63360, 1, 0, 0
501449, 63360, 1, 0, 0
501549, 63360, 1, 0, 0
501649, 62080, 1, 0, 0
501749, 65920, 1, 0, 0
501849, 67200, 1, 0, 0
501949, 64640, 1, 0, 0
502049, 64000, 1, 0, 0
502149, 64000, 1, 0, 0
502249, 64640, 1, 0, 0
502349, 64640, 1, 0, 0
502449, 63360, 1, 0, 0
502550, 62080, 1, 0, 0
502650, 65280, 1, 0, 0
502749, 62060, 1, 0, 0
502849, 63360, 1, 0, 0
502949, 65920, 1, 0, 0
503049, 62720, 1, 0, 0
503149, 63360, 1, 0, 0
503249, 62080, 1, 0, 0
503349, 64000, 1, 0, 0
503449, 62720, 1, 0, 0
503549, 64640, 1, 0, 0
503649, 66560, 1, 0, 0
503749, 60767, 1, 0, 0
503849, 63360, 1, 0, 0
503949, 61440, 1, 0, 0
504049, 67200, 1, 0, 0
504149, 63360, 1, 0, 0
504249, 64640, 1, 0, 0
504349, 62720, 1, 0, 0
504449, 63360, 1, 0, 0
504549, 64000, 1, 0, 0
504649, 63360, 1, 0, 0
504749, 65280, 1, 0, 0
504849, 64000, 1, 0, 0
504949, 64000, 1, 0, 0
505050, 64000, 1, 0, 0
505150, 62720, 1, 0, 0
505249, 64646, 1, 0, 0
505349, 62720, 1, 0, 0
505449, 63360, 1, 0, 0
505549, 63360, 1, 0, 0
505649, 63360, 1, 0, 0
505749, 60800, 1, 0, 0
505849, 62080, 1, 0, 0
505949, 64000, 1, 0, 0
506049, 64000, 1, 0, 0
506149, 65280, 1, 0, 0
506249, 65920, 1, 0, 0
506350, 62720, 1, 0, 0
506450, 63360, 1, 0, 0
506550, 62720, 1, 0, 0
506650, 64640, 1, 0, 0
506749, 65292, 1, 0, 0
506849, 65280, 1, 0, 0
506949, 62720, 1, 0, 0
507049, 62720, 1, 0, 0
507149, 62080, 1, 0, 0
507249, 63360, 1, 0, 0
507349, 64000, 1, 0, 0
507449, 60160, 1, 0, 0
507549, 66560, 1, 0, 0
507649, 62720, 1, 0, 0
507750, 62080, 1, 0, 0
507850, 61440, 1, 0, 0
507950, 61440, 1, 0, 0
508050, 60160, 1, 0, 0
508150, 62080, 1, 0, 0
508249, 65292, 1, 0, 0
508349, 60800, 1, 0, 0
508449, 62080, 1, 0, 0
508549, 62720, 1, 0, 0
508649, 65280, 1, 0, 0
508749, 60800, 1, 0, 0
508849, 61440, 1, 0, 0
508949, 60800, 1, 0, 0
509049, 61440, 1, 0, 0
509149, 64640, 1, 0, 0
509250, 62720, 1, 0, 0
509350, 64000, 1, 0, 0
509450, 64000, 1, 0, 0
509550, 62720, 1, 0, 0
509650, 65920, 1, 0, 0
509749, 65292, 1, 0, 0
509849, 63360, 1, 0, 0
509949, 63360, 1, 0, 0
510049, 64000, 1, 0, 0
510149, 62720, 1, 0, 0
510249, 64000, 1, 0, 0
510349, 65280, 1, 0, 0
510449, 62080, 1, 0, 0
510549, 62080, 1, 0, 0
510650, 61440, 1, 0, 0
510749, 63353, 1, 0, 0
510849, 62080, 1, 0, 0
510949, 65280, 1, 0, 0
511049, 63360, 1, 0, 0
511149, 61440, 1, 0, 0
511249, 60800, 1, 0, 0
511349, 59520, 1, 0, 0
511449, 64000, 1, 0, 0
511549, 60800, 1, 0, 0
511649, 62720, 1, 0, 0
511750, 65920, 1, 0, 0
511850, 62720, 1, 0, 0
511950, 59520, 1, 0, 0
512050, 63360, 1, 0, 0
512150, 64640, 1, 0, 0
512249, 62060, 1, 0, 0
512349, 63360, 1, 0, 0
512449, 62720, 1, 0, 0
512549, 63360, 1, 0, 0
512649, 60800, 1, 0, 0
512749, 64640, 1, 0, 0
512849, 62720, 1, 0, 0
512949, 63360, 1, 0, 0
513050, 65280, 1, 0, 0
513150, 63360, 1, 0, 0
513249, 64646, 1, 0, 0
513349, 60800, 1, 0, 0
513449, 65920, 1, 0, 0
513549, 63360, 1, 0, 0
513649, 60800, 1, 0, 0
513749, 62080, 1, 0, 0
513849, 62720, 1, 0, 0
513949, 65920, 1, 0, 0
514049, 64640, 1, 0, 0
514149, 62720, 1, 0, 0
514249, 62080, 1, 0, 0
514349, 63360, 1, 0, 0
514450, 62720, 1, 0, 0
514550, 63360, 1, 0, 0
514650, 60160, 1, 0, 0
514749, 61414, 1, 0, 0
514849, 65280, 1, 0, 0
514949, 64000, 1, 0, 0
515049, 64640, 1, 0, 0
515149, 63360, 1, 0, 0
515249, 62080, 1, 0, 0
515349, 65280, 1, 0, 0
515449, 62080, 1, 0, 0
515549, 64640, 1, 0, 0
515649, 62720, 1, 0, 0
515749, 65292, 1, 0, 0
515849, 60800, 1, 0, 0
515949, 64640, 1, 0, 0
516049, 60800, 1, 0, 0
516149, 64000, 1, 0, 0
516249, 64640, 1, 0, 0
516349, 62720, 1, 0, 0
516449, 62720, 1, 0, 0
516549, 63360, 1, 0, 0
516649, 64000, 1, 0, 0
516749, 62720, 1, 0, 0
516849, 65280, 1, 0, 0
516950, 65280, 1, 0, 0
517050, 67200, 1, 0, 0
517150, 65280, 1, 0, 0
517249, 64000, 1, 0, 0
517349, 60160, 1, 0, 0
517449, 65280, 1, 0, 0
517549, 62080, 1, 0, 0
517649, 64640, 1, 0, 0
517749, 62720, 1, 0, 0
517849, 63360, 1, 0, 0
517949, 60800, 1, 0, 0
518050, 64000, 1, 0, 0
518150, 66560, 1, 0, 0
518249, 65939, 1, 0, 0
518349, 63360, 1, 0, 0
518449, 63360, 1, 0, 0
518549, 64000, 1, 0, 0
518649, 65920, 1, 0, 0
518749, 62720, 1, 0, 0
518849, 65280, 1, 0, 0
518949, 63360, 1, 0, 0
519049, 64640, 1, 0, 0
519149, 62080, 1, 0, 0
519249, 62720, 1, 0, 0
519349, 63360, 1, 0, 0
519450, 64640, 1, 0, 0
519550, 63360, 1, 0, 0
519650, 62720, 1, 0, 0
519749, 64000, 1, 0, 0
519849, 64640, 1, 0, 0
519949, 60160, 1, 0, 0
520049, 65280, 1, 0, 0
520149, 67200, 1, 0, 0
520249, 64640, 1, 0, 0
520349, 64000, 1, 0, 0
520449, 66560, 1, 0, 0
520549, 64000, 1, 0, 0
520650, 62720, 1, 0, 0
520749, 61414, 1, 0, 0
520849, 65920, 1, 0, 0
520949, 64000, 1, 0, 0
521049, 62080, 1, 0, 0
521149, 65280, 1, 0, 0
521249, 62720, 1, 0, 0
521349, 62720, 1, 0, 0
521449, 62720, 1, 0, 0
521549, 61440, 1, 0, 0
521649, 64000, 1, 0, 0
521749, 67840, 1, 0, 0
521850, 64640, 1, 0, 0
521950, 60800, 1, 0, 0
522050, 63360, 1, 0, 0
522150, 62080, 1, 0, 0
522249, 60121, 1, 0, 0
522349, 64000, 1, 0, 0
522449, 65280, 1, 0, 0
522549, 65280, 1, 0, 0
522649, 63360, 1, 0, 0
522749, 65280, 1, 0, 0
522849, 64000, 1, 0, 0
522949, 65280, 1, 0, 0
523049, 64000, 1, 0, 0
523150, 62080, 1, 0, 0
523249, 64000, 1, 0, 0
523349, 65920, 1, 0, 0
523449, 64640, 1, 0, 0
523549, 62720, 1, 0, 0
523649, 64000, 1, 0, 0
523749, 62080, 1, 0, 0
523849, 64640, 1, 0, 0
523949, 64000, 1, 0, 0
524049, 63360, 1, 0, 0
524149, 63360, 1, 0, 0
524250, 60800, 1, 0, 0
524350, 64000, 1, 0, 0
524450, 64000, 1, 0, 0
524550, 64000, 1, 0, 0
524650, 66560, 1, 0, 0
524749, 64000, 1, 0, 0
524849, 60160, 1, 0, 0
524949, 62720, 1, 0, 0
525049, 64640, 1, 0, 0
525149, 61440, 1, 0, 0
525249, 65920, 1, 0, 0
525349, 62080, 1, 0, 0
525449, 62080, 1, 0, 0
525549, 62720, 1, 0, 0
525650, 64000, 1, 0, 0
525749, 67232, 1, 0, 0
525849, 63360, 1, 0, 0
525949, 63360, 1, 0, 0
526049, 64640, 1, 0, 0
526149, 63360, 1, 0, 0
526249, 67200, 1, 0, 0
526349, 65280, 1, 0, 0
526449, 64000, 1, 0, 0
526549, 64000, 1, 0, 0
526649, 65280, 1, 0, 0
526749, 64000, 1, 0, 0
526849, 62080, 1, 0, 0
526950, 64640, 1, 0, 0
527050, 62080, 1, 0, 0
527150, 62720, 1, 0, 0
527249, 61414, 1, 0, 0
527349, 63360, 1, 0, 0
527449, 63360, 1, 0, 0
527549, 65280, 1, 0, 0
527649, 60800, 1, 0, 0
527749, 62720, 1, 0, 0
527849, 64640, 1, 0, 0
527949, 65280, 1, 0, 0
528049, 60800, 1, 0, 0
528149, 64640, 1, 0, 0
528249, 65939, 1, 0, 0
528349, 63360, 1, 0, 0
528449, 64640, 1, 0, 0
528549, 62080, 1, 0, 0
528649, 65280, 1, 0, 0
528749, 65920, 1, 0, 0
528849, 65280, 1, 0, 0
528949, 62080, 1, 0, 0
529049, 65920, 1, 0, 0
529149, 64640, 1, 0, 0
529249, 64640, 1, 0, 0
529349, 61440, 1, 0, 0
529449, 67200, 1, 0, 0
529550, 64000, 1, 0, 0
529650, 66560, 1, 0, 0
529749, 63353, 1, 0, 0
529849, 62720, 1, 0, 0
529949, 60800, 1, 0, 0
530049, 64000, 1, 0, 0
530149, 64000, 1, 0, 0
530249, 62720, 1, 0, 0
530349, 62720, 1, 0, 0
530449, 61440, 1, 0, 0
530549, 64640, 1, 0, 0
530649, 61440, 1, 0, 0
530749, 63360, 1, 0, 0
530850, 65280, 1, 0, 0
530950, 64000, 1, 0, 0
531050, 65280, 1, 0, 0
531150, 62720, 1, 0, 0
531249, 62707, 1, 0, 0
531349, 62720, 1, 0, 0
531449, 60800, 1, 0, 0
531549, 64640, 1, 0, 0
531649, 63360, 1, 0, 0
531749, 62080, 1, 0, 0
531849, 59520, 1, 0, 0
531949, 59520, 1, 0, 0
532049, 60160, 1, 0, 0
532149, 64000, 1, 0, 0
532249, 66585, 1, 0, 0
532349, 64000, 1, 0, 0
532449, 64000, 1, 0, 0
532549, 64640, 1, 0, 0
532649, 62720, 1, 0, 0
532749, 62720, 1, 0, 0
532849, 64640, 1, 0, 0
532949, 62720, 1, 0, 0
533049, 63360, 1, 0, 0
533149, 62080, 1, 0, 0
533249, 64640, 1, 0, 0
533349, 66560, 1, 0, 0
533449, 64640, 1, 0, 0
533550, 62720, 1, 0, 0
533650, 65280, 1, 0, 0
533749, 65292, 1, 0, 0
533849, 60800, 1, 0, 0
533949, 65920, 1, 0, 0
534049, 63360, 1, 0, 0
534149, 63360, 1, 0, 0
534249, 62080, 1, 0, 0
534349, 60800, 1, 0, 0
534449, 61440, 1, 0, 0
534549, 64000, 1, 0, 0
534649, 64000, 1, 0, 0
534750, 61440, 1, 0, 0
534850, 64000, 1, 0, 0
534950, 63360, 1, 0, 0
535050, 64000, 1, 0, 0
535150, 58240, 1, 0, 0
535249, 61414, 1, 0, 0
535349, 58880, 1, 0, 0
535449, 62080, 1, 0, 0
535549, 62720, 1, 0, 0
535649, 61440, 1, 0, 0
535749, 62720, 1, 0, 0
535849, 67200, 1, 0, 0
535949, 61440, 1, 0, 0
536050, 61440, 1, 0, 0
536150, 63360, 1, 0, 0
536249, 63353, 1, 0, 0
536349, 63360, 1, 0, 0
536449, 60800, 1, 0, 0
536549, 64000, 1, 0, 0
536649, 60800, 1, 0, 0
536749, 63360, 1, 0, 0
536849, 61440, 1, 0, 0
536949, 63360, 1, 0, 0
537049, 60160, 1, 0, 0
537149, 61440, 1, 0, 0
537249, 64000, 1, 0, 0
537349, 60800, 1, 0, 0
537449, 61440, 1, 0, 0
537550, 62720, 1, 0, 0
537650, 64000, 1, 0, 0
537749, 60767, 1, 0, 0
537849, 65280, 1, 0, 0
537949, 61440, 1, 0, 0
538049, 61440, 1, 0, 0
538149, 62080, 1, 0, 0
538249, 64000, 1, 0, 0
538349, 63360, 1, 0, 0
538449, 63360, 1, 0, 0
538549, 65280, 1, 0, 0
538649, 61440, 1, 0, 0
538749, 63353, 1, 0, 0
538849, 62720, 1, 0, 0
538949, 60800, 1, 0, 0
539049, 60800, 1, 0, 0
539149, 62720, 1, 0, 0
539249, 61440, 1, 0, 0
539349, 64640, 1, 0, 0
539449, 62080, 1, 0, 0
539549, 62720, 1, 0, 0
539649, 62720, 1, 0, 0
539749, 58880, 1, 0, 0
539849, 62720, 1, 0, 0
539949, 63360, 1, 0, 0
540050, 64640, 1, 0, 0
540150, 62720, 1, 0, 0
540249, 63353, 1, 0, 0
540349, 62720, 1, 0, 0
540449, 64000, 1, 0, 0
540549, 64000, 1, 0, 0
540649, 63360, 1, 0, 0
540749, 62720, 1, 0, 0
540849, 64000, 1, 0, 0
540949, 63360, 1, 0, 0
541049, 62720, 1, 0, 0
541149, 64000, 1, 0, 0
541249, 63360, 1, 0, 0
541349, 61440, 1, 0, 0
541450, 65280, 1, 0, 0
541550, 64000, 1, 0, 0
541650, 62080, 1, 0, 0
541749, 64000, 1, 0, 0
541849, 64640, 1, 0, 0
541949, 65920, 1, 0, 0
542049, 64000, 1, 0, 0
542149, 62080, 1, 0, 0
542249, 60800, 1, 0, 0
542349, 63360, 1, 0, 0
542449, 62720, 1, 0, 0
542549, 62720, 1, 0, 0
542649, 64000, 1, 0, 0
542749, 64646, 1, 0, 0
542849, 64640, 1, 0, 0
542949, 64640, 1, 0, 0
543049, 59520, 1, 0, 0
543149, 62720, 1, 0, 0
543249, 65280, 1, 0, 0
543349, 65280, 1, 0, 0
543449, 61440, 1, 0, 0
543549, 65280, 1, 0, 0
543649, 64000, 1, 0, 0
543749, 63360, 1, 0, 0
543850, 62080, 1, 0, 0
543950, 63360, 1, 0, 0
544050, 65920, 1, 0, 0
544150, 62720, 1, 0, 0
544249, 65939, 1, 0, 0
544349, 64000, 1, 0, 0
544449, 65280, 1, 0, 0
544549, 62720, 1, 0, 0
544649, 62720, 1, 0, 0
544749, 64640, 1, 0, 0
544849, 60160, 1, 0, 0
544949, 62720, 1, 0, 0
545049, 66560, 1, 0, 0
545150, 64000, 1, 0, 0
545249, 60767, 1, 0, 0
545349, 62720, 1, 0, 0
545449, 62720, 1, 0, 0
545549, 61440, 1, 0, 0
545649, 63360, 1, 0, 0
545749, 64640, 1, 0, 0
545849, 63360, 1, 0, 0
545949, 64640, 1, 0, 0
546049, 64640, 1, 0, 0
546149, 62720, 1, 0, 0
546249, 62720, 1, 0, 0
546349, 63360, 1, 0, 0
546450, 63360, 1, 0, 0
546550, 65920, 1, 0, 0
546650, 63360, 1, 0, 0
546749, 66585, 1, 0, 0
546849, 63360, 1, 0, 0
546949, 65280, 1, 0, 0
547049, 62080, 1, 0, 0
547149, 65920, 1, 0, 0
547249, 63360, 1, 0, 0
547349, 65920, 1, 0, 0
547449, 66560, 1, 0, 0
547549, 62720, 1, 0, 0
547650, 60160, 1, 0, 0
547749, 65292, 1, 0, 0
547849, 59520, 1, 0, 0
547949, 62080, 1, 0, 0
548049, 62080, 1, 0, 0
548149, 64640, 1, 0, 0
548249, 64000, 1, 0, 0
548349, 65280, 1, 0, 0
548449, 67200, 1, 0, 0
548549, 65280, 1, 0, 0
548649, 62720, 1, 0, 0
548749, 62720, 1, 0, 0
548849, 64640, 1, 0, 0
548950, 62720, 1, 0, 0
549050, 67840, 1, 0, 0
549150, 66560, 1, 0, 0
549249, 64000, 1, 0, 0
549349, 63360, 1, 0, 0
549449, 63360, 1, 0, 0
549549, 64000, 1, 0, 0
549649, 63360, 1, 0, 0
549749, 64640, 1, 0, 0
549849, 66560, 1, 0, 0
549949, 64640, 1, 0, 0
550049, 64640, 1, 0, 0
550149, 64640, 1, 0, 0
550249, 64000, 1, 0, 0
550349, 65920, 1, 0, 0
550449, 62080, 1, 0, 0
550549, 64000, 1, 0, 0
550649, 67200, 1, 0, 0
550749, 67200, 1, 0, 0
550849, 62720, 1, 0, 0
550949, 61440, 1, 0, 0
551049, 65920, 1, 0, 0
551149, 64000, 1, 0, 0
551249, 64640, 1, 0, 0
551349, 64640, 1, 0, 0
551449, 64000, 1, 0, 0
551550, 64000, 1, 0, 0
551650, 60800, 1, 0, 0
551749, 64646, 1, 0, 0
551849, 64000, 1, 0, 0
551949, 62720, 1, 0, 0
552049, 64640, 1, 0, 0
552149, 64000, 1, 0, 0
552249, 66560, 1, 0, 0
552349, 64000, 1, 0, 0
552449, 65280, 1, 0, 0
552549, 61440, 1, 0, 0
552649, 63360, 1, 0, 0
552750, 63360, 1, 0, 0
552850, 64000, 1, 0, 0
552950, 61440, 1, 0, 0
553050, 65920, 1, 0, 0
553150, 64640, 1, 0, 0
553249, 65292, 1, 0, 0
553349, 62720, 1, 0, 0
553449, 64000, 1, 0, 0
553549, 62720, 1, 0, 0
553649, 61440, 1, 0, 0
553749, 64000, 1, 0, 0
553849, 64000, 1, 0, 0
553949, 65280, 1, 0, 0
554050, 64640, 1, 0, 0
554150, 62080, 1, 0, 0
554249, 63353, 1, 0, 0
554349, 62720, 1, 0, 0
554449, 64000, 1, 0, 0
554549, 64000, 1, 0, 0
554649, 64640, 1, 0, 0
554749, 64640, 1, 0, 0
554849, 65920, 1, 0, 0
554949, 63360, 1, 0, 0
555049, 64000, 1, 0, 0
555149, 62080, 1, 0, 0
555250, 64000, 1, 0, 0
555350, 62720, 1, 0, 0
555450, 64640, 1, 0, 0
555550, 62720, 1, 0, 0
555650, 61440, 1, 0, 0
555749, 67232, 1, 0, 0
555849, 64000, 1, 0, 0
555949, 67200, 1, 0, 0
556049, 63360, 1, 0, 0
556149, 64000, 1, 0, 0
556249, 64640, 1, 0, 0
556349, 64640, 1, 0, 0
556449, 61440, 1, 0, 0
556550, 62080, 1, 0, 0
556650, 64000, 1, 0, 0
556749, 62707, 1, 0, 0
556849, 64000, 1, 0, 0
556949, 65280, 1, 0, 0
557049, 62080, 1, 0, 0
557149, 66560, 1, 0, 0
557249, 63360, 1, 0, 0
557349, 64000, 1, 0, 0
557449, 64640, 1, 0, 0
557549, 64640, 1, 0, 0
557649, 60800, 1, 0, 0
557749, 64640, 1, 0, 0
557850, 63360, 1, 0, 0
557950, 64640, 1, 0, 0
558050, 62720, 1, 0, 0
558150, 67200, 1, 0, 0
558249, 61414, 1, 0, 0
558349, 65920, 1, 0, 0
558449, 65280, 1, 0, 0
558549, 62080, 1, 0, 0
558649, 65920, 1, 0, 0
558749, 64640, 1, 0, 0
558849, 61440, 1, 0, 0
558949, 64000, 1, 0, 0
559050, 60800, 1, 0, 0
559150, 63360, 1, 0, 0
559249, 63353, 1, 0, 0
559349, 61440, 1, 0, 0
559449, 64000, 1, 0, 0
559549, 63360, 1, 0, 0
559649, 62080, 1, 0, 0
559749, 62720, 1, 0, 0
559849, 65920, 1, 0, 0
559949, 62080, 1, 0, 0
560049, 64000, 1, 0, 0
560149, 64000, 1, 0, 0
560249, 62720, 1, 0, 0
560350, 60800, 1, 0, 0
560450, 64640, 1, 0, 0
560550, 65920, 1, 0, 0
560650, 64000, 1, 0, 0
560749, 60121, 1, 0, 0
560849, 64000, 1, 0, 0
560949, 64000, 1, 0, 0
561049, 62080, 1, 0, 0
561149, 65280, 1, 0, 0
561249, 66560, 1, 0, 0
561349, 60800, 1, 0, 0
561449, 62720, 1, 0, 0
561549, 65280, 1, 0, 0
561650, 62720, 1, 0, 0
561749, 64000, 1, 0, 0
561849, 66560, 1, 0, 0
561949, 62080, 1, 0, 0
562049, 64640, 1, 0, 0
562149, 61440, 1, 0, 0
562249, 64000, 1, 0, 0
562349, 63360, 1, 0, 0
562449, 63360, 1, 0, 0
562549, 58880, 1, 0, 0
562649, 64000, 1, 0, 0
562749, 63360, 1, 0, 0
562849, 60800, 1, 0, 0
562950, 61440, 1, 0, 0
563050, 61440, 1, 0, 0
563150, 62080, 1, 0, 0
563249, 62060, 1, 0, 0
563349, 62720, 1, 0, 0
563449, 60800, 1, 0, 0
563549, 64640, 1, 0, 0
563649, 64640, 1, 0, 0
563749, 62720, 1, 0, 0
563849, 62720, 1, 0, 0
563949, 60800, 1, 0, 0
564049, 61440, 1, 0, 0
564149, 61440, 1, 0, 0
564249, 61414, 1, 0, 0
564349, 61440, 1, 0, 0
564449, 60800, 1, 0, 0
564549, 63360, 1, 0, 0
564649, 60800, 1, 0, 0
564749, 60800, 1, 0, 0
564849, 60160, 1, 0, 0
564949, 59520, 1, 0, 0
565049, 62720, 1, 0, 0
565149, 62080, 1, 0, 0
565249, 62080, 1, 0, 0
565350, 62080, 1, 0, 0
565450, 58240, 1, 0, 0
565550, 64640, 1, 0, 0
565650, 62080, 1, 0, 0
565749, 64646, 1, 0, 0
565849, 60160, 1, 0, 0
565949, 60800, 1, 0, 0
566049, 62720, 1, 0, 0
566149, 62720, 1, 0, 0
566249, 62720, 1, 0, 0
566349, 61440, 1, 0, 0
566449, 64000, 1, 0, 0
566550, 63360, 1, 0, 0
566650, 60800, 1, 0, 0
566749, 62060, 1, 0, 0
566849, 62080, 1, 0, 0
566949, 61440, 1, 0, 0
567049, 62720, 1, 0, 0
567149, 62720, 1, 0, 0
567249, 60160, 1, 0, 0
567349, 62080, 1, 0, 0
567449, 60800, 1, 0, 0
567549, 63360, 1, 0, 0
567649, 62080, 1, 0, 0
567749, 64000, 1, 0, 0
567849, 63360, 1, 0, 0
567950, 64000, 1, 0, 0
568050, 62720, 1, 0, 0
568150, 60160, 1, 0, 0
568249, 63353, 1, 0, 0
568349, 62080, 1, 0, 0
568449, 58240, 1, 0, 0
568549, 63360, 1, 0, 0
568649, 58880, 1, 0, 0
568749, 63360, 1, 0, 0
568849, 63360, 1, 0, 0
568949, 64640, 1, 0, 0
569049, 62720, 1, 0, 0
569149, 64640, 1, 0, 0
569249, 62707, 1, 0, 0
569349, 63360, 1, 0, 0
569449, 65280, 1, 0, 0
569549, 64000, 1, 0, 0
569649, 61440, 1, 0, 0
569749, 62720, 1, 0, 0
569849, 63360, 1, 0, 0
569949, 63360, 1, 0, 0
570049, 64000, 1, 0, 0
570149, 62720, 1, 0, 0
570250, 63360, 1, 0, 0
570350, 59520, 1, 0, 0
570450, 62720, 1, 0, 0
570550, 61440, 1, 0, 0
570650, 60160, 1, 0, 0
570749, 60767, 1, 0, 0
570849, 60160, 1, 0, 0
570949, 60160, 1, 0, 0
571049, 64000, 1, 0, 0
571149, 64000, 1, 0, 0
571249, 61440, 1, 0, 0
571349, 62720, 1, 0, 0
571449, 62080, 1, 0, 0
571549, 60800, 1, 0, 0
571650, 63360, 1, 0, 0
571749, 64000, 1, 0, 0
571849, 64640, 1, 0, 0
571949, 63360, 1, 0, 0
572049, 65920, 1, 0, 0
572149, 62080, 1, 0, 0
572249, 62080, 1, 0, 0
572349, 60800, 1, 0, 0
572449, 63360, 1, 0, 0
572549, 65920, 1, 0, 0
572649, 62720, 1, 0, 0
572749, 64640, 1, 0, 0
572850, 65920, 1, 0, 0
572950, 64000, 1, 0, 0
573050, 64640, 1, 0, 0
573150, 65280, 1, 0, 0
573249, 65939, 1, 0, 0
573349, 62720, 1, 0, 0
573449, 67200, 1, 0, 0
573549, 65920, 1, 0, 0
573649, 64640, 1, 0, 0
573749, 65920, 1, 0, 0
573849, 64640, 1, 0, 0
573949, 63360, 1, 0, 0
574050, 64640, 1, 0, 0
574150, 64640, 1, 0, 0
574249, 64646, 1, 0, 0
574349, 65280, 1, 0, 0
574449, 64640, 1, 0, 0
574549, 63360, 1, 0, 0
574649, 64000, 1, 0, 0
574749, 60800, 1, 0, 0
574849, 62080, 1, 0, 0
574949, 60800, 1, 0, 0
575049, 61440, 1, 0, 0
575149, 65920, 1, 0, 0
575249, 64640, 1, 0, 0
575349, 62720, 1, 0, 0
575450, 63360, 1, 0, 0
575550, 65920, 1, 0, 0
575650, 63360, 1, 0, 0
575749, 63353, 1, 0, 0
575849, 64640, 1, 0, 0
575949, 64000, 1, 0, 0
576049, 65280, 1, 0, 0
576149, 62720, 1, 0, 0
576249, 61440, 1, 0, 0
576349, 64000, 1, 0, 0
576449, 64000, 1, 0, 0
576549, 63360, 1, 0, 0
576649, 62720, 1, 0, 0
576749, 67232, 1, 0, 0
576849, 64640, 1, 0, 0
576949, 60800, 1, 0, 0
577049, 65280, 1, 0, 0
577149, 60160, 1, 0, 0
577249, 65280, 1, 0, 0
577349, 65280, 1, 0, 0
577449, 64640, 1, 0, 0
577549, 60160, 1, 0, 0
577649, 63360, 1, 0, 0
577749, 65920, 1, 0, 0
577849, 63360, 1, 0, 0
577949, 67840, 1, 0, 0
578050, 65920, 1, 0, 0
578150, 64000, 1, 0, 0
578249, 64646, 1, 0, 0
578349, 65280, 1, 0, 0
578449, 64640, 1, 0, 0
578549, 63360, 1, 0, 0
578649, 67840, 1, 0, 0
578749, 64640, 1, 0, 0
578849, 62720, 1, 0, 0
578949, 64000, 1, 0, 0
579049, 64640, 1, 0, 0
579149, 64000, 1, 0, 0
579249, 65280, 1, 0, 0
579349, 67840, 1, 0, 0
579450, 64000, 1, 0, 0
579550, 62080, 1, 0, 0
579650, 65920, 1, 0, 0
579749, 66585, 1, 0, 0
579849, 65920, 1, 0, 0
579949, 64000, 1, 0, 0
580049, 64000, 1, 0, 0
580149, 62080, 1, 0, 0
580249, 65920, 1, 0, 0
580349, 65920, 1, 0, 0
580449, 61440, 1, 0, 0
580549, 63360, 1, 0, 0
580649, 64000, 1, 0, 0
580750, 62720, 1, 0, 0
580850, 64640, 1, 0, 0
580950, 62720, 1, 0, 0
581050, 63360, 1, 0, 0
581150, 64000, 1, 0, 0
581249, 65939, 1, 0, 0
581349, 62080, 1, 0, 0
581449, 62720, 1, 0, 0
581549, 62080, 1, 0, 0
581649, 64640, 1, 0, 0
581749, 63360, 1, 0, 0
581849, 62720, 1, 0, 0
581949, 63360, 1, 0, 0
582049, 62720, 1, 0, 0
582149, 62080, 1, 0, 0
582249, 61414, 1, 0, 0
582349, 65280, 1, 0, 0
582449, 63360, 1, 0, 0
582549, 65920, 1, 0, 0
582649, 64640, 1, 0, 0
582749, 63360, 1, 0, 0
582849, 65920, 1, 0, 0
582949, 65920, 1, 0, 0
583049, 64640, 1, 0, 0
583149, 64640, 1, 0, 0
583249, 67200, 1, 0, 0
583349, 67200, 1, 0, 0
583449, 65280, 1, 0, 0
583549, 64000, 1, 0, 0
583649, 67200, 1, 0, 0
583750, 65920, 1, 0, 0
583850, 65920, 1, 0, 0
583950, 69120, 1, 0, 0
584050, 63360, 1, 0, 0
584150, 66560, 1, 0, 0
584249, 66585, 1, 0, 0
584349, 64640, 1, 0, 0
584449, 66560, 1, 0, 0
584549, 65280, 1, 0, 0
584649, 64640, 1, 0, 0
584749, 62080, 1, 0, 0
584849, 62080, 1, 0, 0
584949, 64000, 1, 0, 0
585049, 64000, 1, 0, 0
585149, 65920, 1, 0, 0
585249, 64640, 1, 0, 0
585349, 63360, 1, 0, 0
585450, 63360, 1, 0, 0
585550, 63360, 1, 0, 0
585650, 64640, 1, 0, 0
585749, 64646, 1, 0, 0
585849, 67200, 1, 0, 0
585949, 67200, 1, 0, 0
586049, 65280, 1, 0, 0
586149, 64640, 1, 0, 0
586249, 64640, 1, 0, 0
586349, 65920, 1, 0, 0
586449, 62720, 1, 0, 0
586549, 64640, 1, 0, 0
586649, 65280, 1, 0, 0
586750, 64640, 1, 0, 0
586850, 62720, 1, 0, 0
586950, 62720, 1, 0, 0
587050, 65920, 1, 0, 0
587150, 64640, 1, 0, 0
587249, 62060, 1, 0, 0
587349, 65280, 1, 0, 0
587449, 65920, 1, 0, 0
587549, 64000, 1, 0, 0
587649, 64640, 1, 0, 0
587749, 63360, 1, 0, 0
587849, 63360, 1, 0, 0
587949, 60160, 1, 0, 0
588049, 60160, 1, 0, 0
588149, 60800, 1, 0, 0
588249, 64000, 1, 0, 0
588349, 62720, 1, 0, 0
588449, 64000, 1, 0, 0
588549, 64000, 1, 0, 0
588649, 61440, 1, 0, 0
588749, 60160, 1, 0, 0
588849, 61440, 1, 0, 0
588949, 64000, 1, 0, 0
589049, 64000, 1, 0, 0
589149, 63360, 1, 0, 0
589249, 62080, 1, 0, 0
589349, 61440, 1, 0, 0
589449, 63360, 1, 0, 0
589549, 64640, 1, 0, 0
589649, 62080, 1, 0, 0
589749, 65280, 1, 0, 0
589850, 63360, 1, 0, 0
589950, 64640, 1, 0, 0
590050, 62720, 1, 0, 0
590150, 62720, 1, 0, 0
590249, 64646, 1, 0, 0
590349, 58240, 1, 0, 0
590449, 62080, 1, 0, 0
590549, 62080, 1, 0, 0
590649, 63360, 1, 0, 0
590749, 63360, 1, 0, 0
590849, 64000, 1, 0, 0
590949, 65280, 1, 0, 0
591049, 62080, 1, 0, 0
591149, 64640, 1, 0, 0
591249, 62720, 1, 0, 0
591350, 62720, 1, 0, 0
591450, 62080, 1, 0, 0
591550, 63360, 1, 0, 0
591650, 63360, 1, 0, 0
591749, 64646, 1, 0, 0
591849, 63360, 1, 0, 0
591949, 63360, 1, 0, 0
592049, 64640, 1, 0, 0
592149, 61440, 1, 0, 0
592249, 63360, 1, 0, 0
592349, 60800, 1, 0, 0
592449, 61440, 1, 0, 0
592549, 64000, 1, 0, 0
592650, 61440, 1, 0, 0
592749, 60767, 1, 0, 0
592849, 63360, 1, 0, 0
592949, 62080, 1, 0, 0
593049, 62080, 1, 0, 0
593149, 62720, 1, 0, 0
593249, 62080, 1, 0, 0
593349, 60800, 1, 0, 0
593449, 64640, 1, 0, 0
593549, 66560, 1, 0, 0
593649, 62080, 1, 0, 0
593749, 64000, 1, 0, 0
593850, 62720, 1, 0, 0
593950, 64000, 1, 0, 0
594050, 62080, 1, 0, 0
594150, 62720, 1, 0, 0
594249, 65292, 1, 0, 0
594349, 62080, 1, 0, 0
594449, 60800, 1, 0, 0
594549, 62720, 1, 0, 0
594649, 65280, 1, 0, 0
594749, 62080, 1, 0, 0
594849, 61440, 1, 0, 0
594949, 62720, 1, 0, 0
595049, 62720, 1, 0, 0
595149, 59520, 1, 0, 0
595249, 59474, 1, 0, 0
595349, 66560, 1, 0, 0
595449, 62720, 1, 0, 0
595549, 58880, 1, 0, 0
595649, 60160, 1, 0, 0
595749, 64000, 1, 0, 0
595849, 60800, 1, 0, 0
595949, 61440, 1, 0, 0
596049, 62720, 1, 0, 0
596149, 62720, 1, 0, 0
596249, 64640, 1, 0, 0
596349, 61440, 1, 0, 0
596450, 62080, 1, 0, 0
596550, 59520, 1, 0, 0
596650, 63360, 1, 0, 0
596749, 62707, 1, 0, 0
596849, 64000, 1, 0, 0
596949, 64640, 1, 0, 0
597049, 64000, 1, 0, 0
597149, 64640, 1, 0, 0
597249, 64640, 1, 0, 0
597349, 61440, 1, 0, 0
597449, 64000, 1, 0, 0
597550, 62720, 1, 0, 0
597650, 60800, 1, 0, 0
597749, 65292, 1, 0, 0
597849, 62720, 1, 0, 0
597949, 67840, 1, 0, 0
598049, 63360, 1, 0, 0
598149, 65280, 1, 0, 0
598249, 62080, 1, 0, 0
598349, 62720, 1, 0, 0
598449, 63360, 1, 0, 0
598549, 62720, 1, 0, 0
598649, 63360, 1, 0, 0
598749, 63353, 1, 0, 0
598849, 60800, 1, 0, 0
598949, 65280, 1, 0, 0
599049, 62080, 1, 0, 0
599149, 65920, 1, 0, 0
599249, 63360, 1, 0, 0
599349, 65280, 1, 0, 0
599449, 61440, 1, 0, 0
599549, 64640, 1, 0, 0
599649, 61440, 1, 0, 0
599749, 63360, 1, 0, 0
599849, 63360, 1, 0, 0
599949, 64000, 1, 0, 0
