250, 736, 1, 0, 0
350, 750, 1, 0, 0
450, 780, 1, 0, 0
550, 750, 1, 0, 0
650, 750, 1, 0, 0
749, 737, 1, 0, 0
849, 700, 1, 0, 0
949, 730, 1, 0, 0
1049, 780, 1, 0, 0
1149, 740, 1, 0, 0
1249, 730, 1, 0, 0
1349, 750, 1, 0, 0
1449, 810, 1, 0, 0
1550, 790, 1, 0, 0
1650, 780, 1, 0, 0
1749, 757, 1, 0, 0
1849, 710, 1, 0, 0
1949, 810, 1, 0, 0
2049, 780, 1, 0, 0
2149, 790, 1, 0, 0
2249, 740, 1, 0, 0
2349, 770, 1, 0, 0
2449, 800, 1, 0, 0
2549, 750, 1, 0, 0
2649, 780, 1, 0, 0
2750, 740, 1, 0, 0
2850, 730, 1, 0, 0
2950, 760, 1, 0, 0
3050, 750, 1, 0, 0
3150, 770, 1, 0, 0
3249, 727, 1, 0, 0
3349, 760, 1, 0, 0
3449, 780, 1, 0, 0
3549, 770, 1, 0, 0
3649, 770, 1, 0, 0
3749, 770, 1, 0, 0
3849, 740, 1, 0, 0
3949, 770, 1, 0, 0
4049, 770, 1, 0, 0
4149, 740, 1, 0, 0
4250, 760, 1, 0, 0
4350, 740, 1, 0, 0
4450, 760, 1, 0, 0
4550, 730, 1, 0, 0
4650, 710, 1, 0, 0
4749, 717, 1, 0, 0
4849, 790, 1, 0, 0
4949, 790, 1, 0, 0
5049, 770, 1, 0, 0
5149, 770, 1, 0, 0
5249, 780, 1, 0, 0
5349, 750, 1, 0, 0
5449, 740, 1, 0, 0
5550, 750, 1, 0, 0
5650, 770, 1, 0, 0
5749, 777, 1, 0, 0
5849, 700, 1, 0, 0
5949, 750, 1, 0, 0
6049, 730, 1, 0, 0
6149, 780, 1, 0, 0
6249, 740, 1, 0, 0
6349, 730, 1, 0, 0
6449, 720, 1, 0, 0
6549, 750, 1, 0, 0
6649, 750, 1, 0, 0
6749, 780, 1, 0, 0
6849, 750, 1, 0, 0
6949, 730, 1, 0, 0
7050, 720, 1, 0, 0
7150, 800, 1, 0, 0
7249, 757, 1, 0, 0
7349, 800, 1, 0, 0
7449, 800, 1, 0, 0
7549, 730, 1, 0, 0
7649, 780, 1, 0, 0
7749, 790, 1, 0, 0
7849, 770, 1, 0, 0
7949, 790, 1, 0, 0
8049, 790, 1, 0, 0
8149, 770, 1, 0, 0
8249, 830, 1, 0, 0
8349, 760, 1, 0, 0
8449, 780, 1, 0, 0
8550, 810, 1, 0, 0
8650, 780, 1, 0, 0
8749, 767, 1, 0, 0
8849, 740, 1, 0, 0
8949, 800, 1, 0, 0
9049, 770, 1, 0, 0
9149, 800, 1, 0, 0
9249, 780, 1, 0, 0
9349, 740, 1, 0, 0
9449, 760, 1, 0, 0
9549, 760, 1, 0, 0
9649, 780, 1, 0, 0
9749, 770, 1, 0, 0
9850, 810, 1, 0, 0
9950, 770, 1, 0, 0
10050, 810, 1, 0, 0
10150, 800, 1, 0, 0
10249, 757, 1, 0, 0
10349, 760, 1, 0, 0
10449, 770, 1, 0, 0
10549, 810, 1, 0, 0
10649, 750, 1, 0, 0
10749, 790, 1, 0, 0
10849, 750, 1, 0, 0
10949, 770, 1, 0, 0
11049, 720, 1, 0, 0
11149, 780, 1, 0, 0
11249, 770, 1, 0, 0
11349, 800, 1, 0, 0
11450, 770, 1, 0, 0
11550, 780, 1, 0, 0
11650, 810, 1, 0, 0
11749, 757, 1, 0, 0
11849, 800, 1, 0, 0
11949, 770, 1, 0, 0
12049, 770, 1, 0, 0
12149, 780, 1, 0, 0
12249, 760, 1, 0, 0
12349, 790, 1, 0, 0
12449, 750, 1, 0, 0
12549, 760, 1, 0, 0
12649, 740, 1, 0, 0
12750, 790, 1, 0, 0
12850, 730, 1, 0, 0
12950, 790, 1, 0, 0
13050, 760, 1, 0, 0
13150, 770, 1, 0, 0
13249, 787, 1, 0, 0
13349, 750, 1, 0, 0
13449, 790, 1, 0, 0
13549, 770, 1, 0, 0
13649, 790, 1, 0, 0
13749, 780, 1, 0, 0
13849, 790, 1, 0, 0
13949, 760, 1, 0, 0
14050, 780, 1, 0, 0
14150, 780, 1, 0, 0
14249, 757, 1, 0, 0
14349, 710, 1, 0, 0
14449, 770, 1, 0, 0
14549, 740, 1, 0, 0
14649, 780, 1, 0, 0
14749, 770, 1, 0, 0
14849, 740, 1, 0, 0
14949, 810, 1, 0, 0
15049, 770, 1, 0, 0
15149, 770, 1, 0, 0
15249, 810, 1, 0, 0
15349, 740, 1, 0, 0
15449, 720, 1, 0, 0
15550, 800, 1, 0, 0
15650, 730, 1, 0, 0
15749, 747, 1, 0, 0
15849, 760, 1, 0, 0
15949, 740, 1, 0, 0
16049, 770, 1, 0, 0
16149, 840, 1, 0, 0
16249, 740, 1, 0, 0
16349, 800, 1, 0, 0
16449, 740, 1, 0, 0
16549, 800, 1, 0, 0
16649, 790, 1, 0, 0
16749, 810, 1, 0, 0
16850, 770, 1, 0, 0
16950, 740, 1, 0, 0
17050, 790, 1, 0, 0
17150, 800, 1, 0, 0
17249, 767, 1, 0, 0
17349, 770, 1, 0, 0
17449, 780, 1, 0, 0
17549, 800, 1, 0, 0
17649, 820, 1, 0, 0
17749, 780, 1, 0, 0
17849, 830, 1, 0, 0
17949, 810, 1, 0, 0
18049, 750, 1, 0, 0
18149, 760, 1, 0, 0
18250, 770, 1, 0, 0
18350, 750, 1, 0, 0
18450, 770, 1, 0, 0
18550, 820, 1, 0, 0
18650, 810, 1, 0, 0
18749, 747, 1, 0, 0
18849, 740, 1, 0, 0
18949, 780, 1, 0, 0
19049, 720, 1, 0, 0
19149, 790, 1, 0, 0
19249, 760, 1, 0, 0
19349, 780, 1, 0, 0
19449, 800, 1, 0, 0
19550, 800, 1, 0, 0
19650, 720, 1, 0, 0
19749, 767, 1, 0, 0
19849, 760, 1, 0, 0
19949, 790, 1, 0, 0
20049, 750, 1, 0, 0
20149, 810, 1, 0, 0
20249, 770, 1, 0, 0
20349, 810, 1, 0, 0
20449, 760, 1, 0, 0
20549, 810, 1, 0, 0
20649, 770, 1, 0, 0
20749, 820, 1, 0, 0
20849, 740, 1, 0, 0
20950, 790, 1, 0, 0
21050, 770, 1, 0, 0
21150, 750, 1, 0, 0
21249, 767, 1, 0, 0
21349, 770, 1, 0, 0
21449, 810, 1, 0, 0
21549, 790, 1, 0, 0
21649, 740, 1, 0, 0
21749, 760, 1, 0, 0
21849, 760, 1, 0, 0
21949, 730, 1, 0, 0
22049, 740, 1, 0, 0
22149, 780, 1, 0, 0
22250, 770, 1, 0, 0
22350, 770, 1, 0, 0
22450, 800, 1, 0, 0
22550, 750, 1, 0, 0
22650, 750, 1, 0, 0
22749, 787, 1, 0, 0
22849, 780, 1, 0, 0
22949, 780, 1, 0, 0
23049, 740, 1, 0, 0
23149, 760, 1, 0, 0
23249, 770, 1, 0, 0
23349, 810, 1, 0, 0
23449, 760, 1, 0, 0
23549, 780, 1, 0, 0
23649, 750, 1, 0, 0
23750, 750, 1, 0, 0
23850, 740, 1, 0, 0
23950, 780, 1, 0, 0
24050, 770, 1, 0, 0
24150, 780, 1, 0, 0
24249, 747, 1, 0, 0
24349, 790, 1, 0, 0
24449, 730, 1, 0, 0
24549, 750, 1, 0, 0
24649, 710, 1, 0, 0
24749, 810, 1, 0, 0
24849, 760, 1, 0, 0
24949, 780, 1, 0, 0
25050, 760, 1, 0, 0
25150, 760, 1, 0, 0
25249, 696, 1, 0, 0
25349, 790, 1, 0, 0
25449, 760, 1, 0, 0
25549, 770, 1, 0, 0
25649, 770, 1, 0, 0
25749, 720, 1, 0, 0
25849, 760, 1, 0, 0
25949, 760, 1, 0, 0
26049, 750, 1, 0, 0
26149, 810, 1, 0, 0
26249, 730, 1, 0, 0
26350, 730, 1, 0, 0
26450, 750, 1, 0, 0
26550, 770, 1, 0, 0
26650, 770, 1, 0, 0
26749, 747, 1, 0, 0
26849, 790, 1, 0, 0
26949, 740, 1, 0, 0
27049, 780, 1, 0, 0
27149, 730, 1, 0, 0
27249, 760, 1, 0, 0
27349, 750, 1, 0, 0
27449, 830, 1, 0, 0
27549, 780, 1, 0, 0
27649, 770, 1, 0, 0
27750, 760, 1, 0, 0
27850, 750, 1, 0, 0
27950, 760, 1, 0, 0
28050, 730, 1, 0, 0
28150, 780, 1, 0, 0
28249, 747, 1, 0, 0
28349, 770, 1, 0, 0
28449, 770, 1, 0, 0
28549, 810, 1, 0, 0
28649, 800, 1, 0, 0
28749, 770, 1, 0, 0
28849, 820, 1, 0, 0
28949, 780, 1, 0, 0
29049, 780, 1, 0, 0
29150, 760, 1, 0, 0
29250, 760, 1, 0, 0
29350, 770, 1, 0, 0
29450, 800, 1, 0, 0
29550, 820, 1, 0, 0
29650, 780, 1, 0, 0
29749, 767, 1, 0, 0
29849, 760, 1, 0, 0
29949, 760, 1, 0, 0
30049, 770, 1, 0, 0
30149, 790, 1, 0, 0
30249, 760, 1, 0, 0
30349, 780, 1, 0, 0
30449, 740, 1, 0, 0
30550, 810, 1, 0, 0
30650, 760, 1, 0, 0
30749, 757, 1, 0, 0
30849, 780, 1, 0, 0
30949, 750, 1, 0, 0
31049, 790, 1, 0, 0
31149, 820, 1, 0, 0
31249, 770, 1, 0, 0
31349, 780, 1, 0, 0
31449, 720, 1, 0, 0
31549, 760, 1, 0, 0
31649, 760, 1, 0, 0
31750, 730, 1, 0, 0
31850, 780, 1, 0, 0
31950, 760, 1, 0, 0
32050, 770, 1, 0, 0
32150, 720, 1, 0, 0
32249, 737, 1, 0, 0
32349, 740, 1, 0, 0
32449, 770, 1, 0, 0
32549, 770, 1, 0, 0
32649, 740, 1, 0, 0
32749, 740, 1, 0, 0
32849, 810, 1, 0, 0
32949, 760, 1, 0, 0
33050, 780, 1, 0, 0
33150, 770, 1, 0, 0
33249, 777, 1, 0, 0
33349, 770, 1, 0, 0
33449, 760, 1, 0, 0
33549, 730, 1, 0, 0
33649, 740, 1, 0, 0
33749, 760, 1, 0, 0
33849, 750, 1, 0, 0
33949, 790, 1, 0, 0
34049, 810, 1, 0, 0
34149, 780, 1, 0, 0
34249, 780, 1, 0, 0
34349, 800, 1, 0, 0
34450, 770, 1, 0, 0
34550, 730, 1, 0, 0
34650, 750, 1, 0, 0
34749, 838, 1, 0, 0
34849, 800, 1, 0, 0
34949, 760, 1, 0, 0
35049, 790, 1, 0, 0
35149, 760, 1, 0, 0
35249, 770, 1, 0, 0
35349, 780, 1, 0, 0
35449, 790, 1, 0, 0
35549, 830, 1, 0, 0
35649, 750, 1, 0, 0
35750, 820, 1, 0, 0
35850, 800, 1, 0, 0
35950, 810, 1, 0, 0
36050, 750, 1, 0, 0
36150, 770, 1, 0, 0
36249, 787, 1, 0, 0
36349, 800, 1, 0, 0
36449, 760, 1, 0, 0
36549, 760, 1, 0, 0
36649, 750, 1, 0, 0
36749, 800, 1, 0, 0
36849, 800, 1, 0, 0
36949, 770, 1, 0, 0
37049, 760, 1, 0, 0
37149, 770, 1, 0, 0
37250, 790, 1, 0, 0
37350, 770, 1, 0, 0
37450, 770, 1, 0, 0
37550, 750, 1, 0, 0
37650, 790, 1, 0, 0
37749, 757, 1, 0, 0
37849, 740, 1, 0, 0
37949, 720, 1, 0, 0
38049, 780, 1, 0, 0
38149, 770, 1, 0, 0
38249, 770, 1, 0, 0
38349, 730, 1, 0, 0
38449, 770, 1, 0, 0
38550, 780, 1, 0, 0
38650, 770, 1, 0, 0
38749, 767, 1, 0, 0
38849, 840, 1, 0, 0
38949, 790, 1, 0, 0
39049, 790, 1, 0, 0
39149, 750, 1, 0, 0
39249, 810, 1, 0, 0
39349, 780, 1, 0, 0
39449, 760, 1, 0, 0
39549, 780, 1, 0, 0
39649, 760, 1, 0, 0
39749, 820, 1, 0, 0
39849, 750, 1, 0, 0
39949, 760, 1, 0, 0
40050, 770, 1, 0, 0
40150, 780, 1, 0, 0
40249, 757, 1, 0, 0
40349, 800, 1, 0, 0
40449, 800, 1, 0, 0
40549, 810, 1, 0, 0
40649, 760, 1, 0, 0
40749, 780, 1, 0, 0
40849, 820, 1, 0, 0
40949, 830, 1, 0, 0
41049, 790, 1, 0, 0
41149, 780, 1, 0, 0
41249, 760, 1, 0, 0
41350, 810, 1, 0, 0
41450, 840, 1, 0, 0
41550, 750, 1, 0, 0
41650, 780, 1, 0, 0
41749, 777, 1, 0, 0
41849, 800, 1, 0, 0
41949, 790, 1, 0, 0
42049, 790, 1, 0, 0
42149, 810, 1, 0, 0
42249, 790, 1, 0, 0
42349, 750, 1, 0, 0
42449, 790, 1, 0, 0
42549, 760, 1, 0, 0
42649, 780, 1, 0, 0
42750, 820, 1, 0, 0
42850, 730, 1, 0, 0
42950, 790, 1, 0, 0
43050, 790, 1, 0, 0
43150, 780, 1, 0, 0
43249, 767, 1, 0, 0
43349, 750, 1, 0, 0
43449, 780, 1, 0, 0
43549, 790, 1, 0, 0
43649, 770, 1, 0, 0
43749, 820, 1, 0, 0
43849, 790, 1, 0, 0
43949, 840, 1, 0, 0
44050, 830, 1, 0, 0
44150, 800, 1, 0, 0
44249, 787, 1, 0, 0
44349, 770, 1, 0, 0
44449, 780, 1, 0, 0
44549, 840, 1, 0, 0
44649, 820, 1, 0, 0
44749, 820, 1, 0, 0
44849, 820, 1, 0, 0
44949, 800, 1, 0, 0
45049, 800, 1, 0, 0
45149, 810, 1, 0, 0
45249, 780, 1, 0, 0
45349, 820, 1, 0, 0
45449, 810, 1, 0, 0
45550, 800, 1, 0, 0
45650, 770, 1, 0, 0
45749, 777, 1, 0, 0
45849, 790, 1, 0, 0
45949, 790, 1, 0, 0
46049, 800, 1, 0, 0
46149, 790, 1, 0, 0
46249, 870, 1, 0, 0
46349, 810, 1, 0, 0
46449, 810, 1, 0, 0
46549, 780, 1, 0, 0
46649, 800, 1, 0, 0
46750, 850, 1, 0, 0
46850, 820, 1, 0, 0
46950, 830, 1, 0, 0
47050, 770, 1, 0, 0
47150, 770, 1, 0, 0
47249, 787, 1, 0, 0
47349, 760, 1, 0, 0
47449, 760, 1, 0, 0
47549, 780, 1, 0, 0
47649, 780, 1, 0, 0
47749, 780, 1, 0, 0
47849, 830, 1, 0, 0
47949, 800, 1, 0, 0
48050, 800, 1, 0, 0
48150, 770, 1, 0, 0
48249, 808, 1, 0, 0
48349, 770, 1, 0, 0
48449, 830, 1, 0, 0
48549, 820, 1, 0, 0
48649, 760, 1, 0, 0
48749, 810, 1, 0, 0
48849, 790, 1, 0, 0
48949, 820, 1, 0, 0
49049, 790, 1, 0, 0
49149, 860, 1, 0, 0
49250, 830, 1, 0, 0
49350, 770, 1, 0, 0
49450, 750, 1, 0, 0
49550, 810, 1, 0, 0
49650, 780, 1, 0, 0
49749, 828, 1, 0, 0
49849, 830, 1, 0, 0
49949, 820, 1, 0, 0
50049, 770, 1, 0, 0
50149, 740, 1, 0, 0
50249, 860, 1, 0, 0
50349, 800, 1, 0, 0
50449, 830, 1, 0, 0
50550, 810, 1, 0, 0
50650, 800, 1, 0, 0
50749, 777, 1, 0, 0
50849, 830, 1, 0, 0
50949, 790, 1, 0, 0
51049, 830, 1, 0, 0
51149, 840, 1, 0, 0
51249, 830, 1, 0, 0
51349, 790, 1, 0, 0
51449, 870, 1, 0, 0
51549, 850, 1, 0, 0
51649, 860, 1, 0, 0
51749, 830, 1, 0, 0
51849, 780, 1, 0, 0
51949, 850, 1, 0, 0
52050, 820, 1, 0, 0
52150, 810, 1, 0, 0
52249, 787, 1, 0, 0
52349, 840, 1, 0, 0
52449, 860, 1, 0, 0
52549, 800, 1, 0, 0
52649, 770, 1, 0, 0
52749, 820, 1, 0, 0
52849, 820, 1, 0, 0
52949, 830, 1, 0, 0
53049, 860, 1, 0, 0
53149, 820, 1, 0, 0
53250, 840, 1, 0, 0
53350, 820, 1, 0, 0
53450, 820, 1, 0, 0
53550, 830, 1, 0, 0
53650, 780, 1, 0, 0
53749, 848, 1, 0, 0
53849, 820, 1, 0, 0
53949, 860, 1, 0, 0
54049, 830, 1, 0, 0
54149, 830, 1, 0, 0
54249, 860, 1, 0, 0
54349, 800, 1, 0, 0
54449, 830, 1, 0, 0
54550, 850, 1, 0, 0
54650, 790, 1, 0, 0
54749, 787, 1, 0, 0
54849, 810, 1, 0, 0
54949, 820, 1, 0, 0
55049, 810, 1, 0, 0
55149, 810, 1, 0, 0
55249, 850, 1, 0, 0
55349, 840, 1, 0, 0
55449, 810, 1, 0, 0
55549, 840, 1, 0, 0
55649, 810, 1, 0, 0
55749, 830, 1, 0, 0
55849, 780, 1, 0, 0
55950, 850, 1, 0, 0
56050, 820, 1, 0, 0
56150, 820, 1, 0, 0
56249, 858, 1, 0, 0
56349, 820, 1, 0, 0
56449, 840, 1, 0, 0
56549, 800, 1, 0, 0
56649, 850, 1, 0, 0
56749, 870, 1, 0, 0
56849, 870, 1, 0, 0
56949, 850, 1, 0, 0
57049, 850, 1, 0, 0
57149, 810, 1, 0, 0
57250, 840, 1, 0, 0
57350, 830, 1, 0, 0
57450, 850, 1, 0, 0
57550, 870, 1, 0, 0
57650, 810, 1, 0, 0
57749, 888, 1, 0, 0
57849, 860, 1, 0, 0
57949, 800, 1, 0, 0
58049, 820, 1, 0, 0
58149, 850, 1, 0, 0
58249, 810, 1, 0, 0
58349, 780, 1, 0, 0
58449, 820, 1, 0, 0
58549, 830, 1, 0, 0
58650, 900, 1, 0, 0
58749, 848, 1, 0, 0
58849, 800, 1, 0, 0
58949, 780, 1, 0, 0
59049, 860, 1, 0, 0
59149, 850, 1, 0, 0
59249, 830, 1, 0, 0
59349, 820, 1, 0, 0
59449, 820, 1, 0, 0
59549, 790, 1, 0, 0
59649, 830, 1, 0, 0
59749, 850, 1, 0, 0
59849, 850, 1, 0, 0
59950, 820, 1, 0, 0
60050, 800, 1, 0, 0
60150, 840, 1, 0, 0
60249, 828, 1, 0, 0
60349, 730, 1, 0, 0
60449, 820, 1, 0, 0
60549, 830, 1, 0, 0
60649, 880, 1, 0, 0
60749, 800, 1, 0, 0
60849, 810, 1, 0, 0
60949, 820, 1, 0, 0
61049, 820, 1, 0, 0
61149, 840, 1, 0, 0
61250, 850, 1, 0, 0
61350, 770, 1, 0, 0
61450, 790, 1, 0, 0
61550, 850, 1, 0, 0
61650, 860, 1, 0, 0
61749, 828, 1, 0, 0
61849, 870, 1, 0, 0
61949, 790, 1, 0, 0
62049, 830, 1, 0, 0
62149, 840, 1, 0, 0
62249, 810, 1, 0, 0
62349, 820, 1, 0, 0
62449, 860, 1, 0, 0
62550, 870, 1, 0, 0
62650, 840, 1, 0, 0
62749, 787, 1, 0, 0
62849, 870, 1, 0, 0
62949, 840, 1, 0, 0
63049, 840, 1, 0, 0
63149, 830, 1, 0, 0
63249, 900, 1, 0, 0
63349, 830, 1, 0, 0
63449, 860, 1, 0, 0
63549, 790, 1, 0, 0
63649, 850, 1, 0, 0
63749, 830, 1, 0, 0
63850, 860, 1, 0, 0
63950, 820, 1, 0, 0
64050, 810, 1, 0, 0
64150, 770, 1, 0, 0
64249, 828, 1, 0, 0
64349, 780, 1, 0, 0
64449, 830, 1, 0, 0
64549, 810, 1, 0, 0
64649, 830, 1, 0, 0
64749, 810, 1, 0, 0
64849, 800, 1, 0, 0
64949, 830, 1, 0, 0
65049, 800, 1, 0, 0
65149, 860, 1, 0, 0
65250, 780, 1, 0, 0
65350, 850, 1, 0, 0
65450, 840, 1, 0, 0
65550, 820, 1, 0, 0
65650, 800, 1, 0, 0
65749, 838, 1, 0, 0
65849, 900, 1, 0, 0
65949, 860, 1, 0, 0
66049, 820, 1, 0, 0
66149, 830, 1, 0, 0
66249, 850, 1, 0, 0
66349, 840, 1, 0, 0
66449, 870, 1, 0, 0
66549, 790, 1, 0, 0
66650, 820, 1, 0, 0
66750, 820, 1, 0, 0
66850, 810, 1, 0, 0
66950, 800, 1, 0, 0
67050, 800, 1, 0, 0
67150, 840, 1, 0, 0
67249, 848, 1, 0, 0
67349, 790, 1, 0, 0
67449, 830, 1, 0, 0
67549, 840, 1, 0, 0
67649, 810, 1, 0, 0
67749, 850, 1, 0, 0
67849, 830, 1, 0, 0
67949, 850, 1, 0, 0
68050, 830, 1, 0, 0
68150, 880, 1, 0, 0
68249, 818, 1, 0, 0
68349, 860, 1, 0, 0
68449, 840, 1, 0, 0
68549, 830, 1, 0, 0
68649, 810, 1, 0, 0
68749, 800, 1, 0, 0
68849, 870, 1, 0, 0
68949, 820, 1, 0, 0
69049, 860, 1, 0, 0
69149, 820, 1, 0, 0
69250, 810, 1, 0, 0
69350, 830, 1, 0, 0
69450, 820, 1, 0, 0
69550, 840, 1, 0, 0
69650, 840, 1, 0, 0
69749, 808, 1, 0, 0
69849, 770, 1, 0, 0
69949, 880, 1, 0, 0
70049, 800, 1, 0, 0
70149, 890, 1, 0, 0
70249, 840, 1, 0, 0
70349, 820, 1, 0, 0
70449, 840, 1, 0, 0
70550, 830, 1, 0, 0
70650, 850, 1, 0, 0
70749, 797, 1, 0, 0
70849, 860, 1, 0, 0
70949, 850, 1, 0, 0
71049, 860, 1, 0, 0
71149, 870, 1, 0, 0
71249, 830, 1, 0, 0
71349, 790, 1, 0, 0
71449, 820, 1, 0, 0
71549, 810, 1, 0, 0
71649, 840, 1, 0, 0
71749, 850, 1, 0, 0
71849, 810, 1, 0, 0
71949, 810, 1, 0, 0
72050, 890, 1, 0, 0
72150, 820, 1, 0, 0
72249, 838, 1, 0, 0
72349, 840, 1, 0, 0
72449, 830, 1, 0, 0
72549, 850, 1, 0, 0
72649, 860, 1, 0, 0
72749, 840, 1, 0, 0
72849, 830, 1, 0, 0
72949, 860, 1, 0, 0
73049, 840, 1, 0, 0
73149, 860, 1, 0, 0
73249, 860, 1, 0, 0
73349, 870, 1, 0, 0
73450, 800, 1, 0, 0
73550, 880, 1, 0, 0
73650, 850, 1, 0, 0
73749, 797, 1, 0, 0
73849, 870, 1, 0, 0
73949, 840, 1, 0, 0
74049, 840, 1, 0, 0
74149, 830, 1, 0, 0
74249, 850, 1, 0, 0
74349, 830, 1, 0, 0
74449, 890, 1, 0, 0
74549, 870, 1, 0, 0
74649, 850, 1, 0, 0
74750, 910, 1, 0, 0
74850, 820, 1, 0, 0
74950, 860, 1, 0, 0
75050, 840, 1, 0, 0
75150, 950, 1, 0, 0
75249, 828, 1, 0, 0
75349, 810, 1, 0, 0
75449, 860, 1, 0, 0
75549, 860, 1, 0, 0
75649, 830, 1, 0, 0
75749, 830, 1, 0, 0
75849, 850, 1, 0, 0
75949, 850, 1, 0, 0
76050, 840, 1, 0, 0
76150, 840, 1, 0, 0
76249, 828, 1, 0, 0
76349, 810, 1, 0, 0
76449, 860, 1, 0, 0
76549, 880, 1, 0, 0
76649, 810, 1, 0, 0
76749, 820, 1, 0, 0
76849, 840, 1, 0, 0
76949, 860, 1, 0, 0
77049, 830, 1, 0, 0
77149, 810, 1, 0, 0
77249, 830, 1, 0, 0
77349, 870, 1, 0, 0
77450, 830, 1, 0, 0
77550, 850, 1, 0, 0
77650, 830, 1, 0, 0
77749, 808, 1, 0, 0
77849, 810, 1, 0, 0
77949, 810, 1, 0, 0
78049, 780, 1, 0, 0
78149, 830, 1, 0, 0
78249, 840, 1, 0, 0
78349, 810, 1, 0, 0
78449, 870, 1, 0, 0
78549, 780, 1, 0, 0
78649, 830, 1, 0, 0
78750, 860, 1, 0, 0
78850, 820, 1, 0, 0
78950, 850, 1, 0, 0
79050, 870, 1, 0, 0
79150, 810, 1, 0, 0
79249, 888, 1, 0, 0
79349, 810, 1, 0, 0
79449, 850, 1, 0, 0
79549, 840, 1, 0, 0
79649, 830, 1, 0, 0
79749, 830, 1, 0, 0
79849, 860, 1, 0, 0
79949, 820, 1, 0, 0
80049, 850, 1, 0, 0
80150, 860, 1, 0, 0
80249, 808, 1, 0, 0
80349, 800, 1, 0, 0
80449, 850, 1, 0, 0
80549, 890, 1, 0, 0
80649, 840, 1, 0, 0
80749, 850, 1, 0, 0
80849, 860, 1, 0, 0
80949, 800, 1, 0, 0
81049, 840, 1, 0, 0
81149, 860, 1, 0, 0
81249, 780, 1, 0, 0
81349, 860, 1, 0, 0
81449, 790, 1, 0, 0
81550, 880, 1, 0, 0
81650, 840, 1, 0, 0
81749, 868, 1, 0, 0
81849, 860, 1, 0, 0
81949, 840, 1, 0, 0
82049, 840, 1, 0, 0
82149, 840, 1, 0, 0
82249, 820, 1, 0, 0
82349, 780, 1, 0, 0
82449, 830, 1, 0, 0
82549, 880, 1, 0, 0
82649, 840, 1, 0, 0
82749, 880, 1, 0, 0
82849, 850, 1, 0, 0
82950, 870, 1, 0, 0
83050, 780, 1, 0, 0
83150, 880, 1, 0, 0
83249, 858, 1, 0, 0
83349, 860, 1, 0, 0
83449, 860, 1, 0, 0
83549, 810, 1, 0, 0
83649, 830, 1, 0, 0
83749, 880, 1, 0, 0
83849, 830, 1, 0, 0
83949, 860, 1, 0, 0
84049, 850, 1, 0, 0
84149, 890, 1, 0, 0
84250, 810, 1, 0, 0
84350, 820, 1, 0, 0
84450, 830, 1, 0, 0
84550, 830, 1, 0, 0
84650, 820, 1, 0, 0
84749, 848, 1, 0, 0
84849, 880, 1, 0, 0
84949, 860, 1, 0, 0
85049, 860, 1, 0, 0
85149, 800, 1, 0, 0
85249, 870, 1, 0, 0
85349, 880, 1, 0, 0
85449, 820, 1, 0, 0
85549, 790, 1, 0, 0
85650, 830, 1, 0, 0
85749, 838, 1, 0, 0
85849, 860, 1, 0, 0
85949, 850, 1, 0, 0
86049, 880, 1, 0, 0
86149, 820, 1, 0, 0
86249, 880, 1, 0, 0
86349, 860, 1, 0, 0
86449, 900, 1, 0, 0
86549, 840, 1, 0, 0
86649, 810, 1, 0, 0
86749, 820, 1, 0, 0
86849, 840, 1, 0, 0
86949, 830, 1, 0, 0
87050, 810, 1, 0, 0
87150, 860, 1, 0, 0
87249, 878, 1, 0, 0
87349, 830, 1, 0, 0
87449, 860, 1, 0, 0
87549, 850, 1, 0, 0
87649, 870, 1, 0, 0
87749, 830, 1, 0, 0
87849, 860, 1, 0, 0
87949, 870, 1, 0, 0
88049, 830, 1, 0, 0
88149, 850, 1, 0, 0
88249, 860, 1, 0, 0
88349, 830, 1, 0, 0
88449, 880, 1, 0, 0
88550, 870, 1, 0, 0
88650, 870, 1, 0, 0
88749, 858, 1, 0, 0
88849, 860, 1, 0, 0
88949, 880, 1, 0, 0
89049, 850, 1, 0, 0
89149, 830, 1, 0, 0
89249, 870, 1, 0, 0
89349, 860, 1, 0, 0
89449, 840, 1, 0, 0
89549, 850, 1, 0, 0
89649, 860, 1, 0, 0
89749, 870, 1, 0, 0
89849, 860, 1, 0, 0
89950, 860, 1, 0, 0
90050, 900, 1, 0, 0
90150, 860, 1, 0, 0
90249, 828, 1, 0, 0
90349, 820, 1, 0, 0
90449, 890, 1, 0, 0
90549, 830, 1, 0, 0
90649, 890, 1, 0, 0
90749, 910, 1, 0, 0
90849, 820, 1, 0, 0
90949, 900, 1, 0, 0
91049, 880, 1, 0, 0
91149, 820, 1, 0, 0
91250, 870, 1, 0, 0
91350, 840, 1, 0, 0
91450, 850, 1, 0, 0
91550, 890, 1, 0, 0
91650, 850, 1, 0, 0
91749, 898, 1, 0, 0
91849, 820, 1, 0, 0
91949, 900, 1, 0, 0
92049, 860, 1, 0, 0
92149, 880, 1, 0, 0
92249, 880, 1, 0, 0
92349, 830, 1, 0, 0
92449, 860, 1, 0, 0
92550, 830, 1, 0, 0
92650, 840, 1, 0, 0
92749, 888, 1, 0, 0
92849, 860, 1, 0, 0
92949, 870, 1, 0, 0
93049, 880, 1, 0, 0
93149, 870, 1, 0, 0
93249, 850, 1, 0, 0
93349, 860, 1, 0, 0
93449, 830, 1, 0, 0
93549, 900, 1, 0, 0
93649, 870, 1, 0, 0
93749, 860, 1, 0, 0
93850, 870, 1, 0, 0
93950, 890, 1, 0, 0
94050, 880, 1, 0, 0
94150, 870, 1, 0, 0
94249, 888, 1, 0, 0
94349, 840, 1, 0, 0
94449, 870, 1, 0, 0
94549, 870, 1, 0, 0
94649, 880, 1, 0, 0
94749, 820, 1, 0, 0
94849, 830, 1, 0, 0
94949, 830, 1, 0, 0
95049, 850, 1, 0, 0
95149, 800, 1, 0, 0
95250, 870, 1, 0, 0
95350, 860, 1, 0, 0
95450, 860, 1, 0, 0
95550, 870, 1, 0, 0
95650, 810, 1, 0, 0
95749, 878, 1, 0, 0
95849, 840, 1, 0, 0
95949, 860, 1, 0, 0
96049, 860, 1, 0, 0
96149, 850, 1, 0, 0
96249, 840, 1, 0, 0
96349, 860, 1, 0, 0
96449, 850, 1, 0, 0
96550, 840, 1, 0, 0
96650, 860, 1, 0, 0
96749, 838, 1, 0, 0
96849, 840, 1, 0, 0
96949, 860, 1, 0, 0
97049, 850, 1, 0, 0
97149, 870, 1, 0, 0
97249, 860, 1, 0, 0
97349, 900, 1, 0, 0
97449, 930, 1, 0, 0
97549, 860, 1, 0, 0
97649, 850, 1, 0, 0
97749, 880, 1, 0, 0
97850, 840, 1, 0, 0
97950, 800, 1, 0, 0
98050, 810, 1, 0, 0
98150, 860, 1, 0, 0
98249, 828, 1, 0, 0
98349, 890, 1, 0, 0
98449, 850, 1, 0, 0
98549, 840, 1, 0, 0
98649, 900, 1, 0, 0
98749, 860, 1, 0, 0
98849, 890, 1, 0, 0
98949, 840, 1, 0, 0
99049, 870, 1, 0, 0
99149, 850, 1, 0, 0
99250, 810, 1, 0, 0
99350, 830, 1, 0, 0
99450, 880, 1, 0, 0
99550, 820, 1, 0, 0
99650, 840, 1, 0, 0
99749, 868, 1, 0, 0
99849, 890, 1, 0, 0
99949, 890, 1, 0, 0
100049, 860, 1, 0, 0
100149, 850, 1, 0, 0
100249, 860, 1, 0, 0
100349, 840, 1, 0, 0
100449, 870, 1, 0, 0
100550, 790, 1, 0, 0
100650, 860, 1, 0, 0
100749, 868, 1, 0, 0
100849, 860, 1, 0, 0
100949, 860, 1, 0, 0
101049, 890, 1, 0, 0
101149, 770, 1, 0, 0
101249, 860, 1, 0, 0
101349, 820, 1, 0, 0
101449, 830, 1, 0, 0
101549, 850, 1, 0, 0
101649, 880, 1, 0, 0
101749, 840, 1, 0, 0
101850, 850, 1, 0, 0
101950, 860, 1, 0, 0
102050, 860, 1, 0, 0
102150, 800, 1, 0, 0
102249, 838, 1, 0, 0
102349, 870, 1, 0, 0
102449, 850, 1, 0, 0
102549, 850, 1, 0, 0
102649, 870, 1, 0, 0
102749, 900, 1, 0, 0
102849, 850, 1, 0, 0
102949, 900, 1, 0, 0
103050, 840, 1, 0, 0
103150, 860, 1, 0, 0
103249, 868, 1, 0, 0
103349, 870, 1, 0, 0
103449, 890, 1, 0, 0
103549, 870, 1, 0, 0
103649, 870, 1, 0, 0
103749, 850, 1, 0, 0
103849, 860, 1, 0, 0
103949, 870, 1, 0, 0
104049, 890, 1, 0, 0
104149, 900, 1, 0, 0
104249, 860, 1, 0, 0
104350, 870, 1, 0, 0
104450, 930, 1, 0, 0
104550, 880, 1, 0, 0
104650, 860, 1, 0, 0
104749, 878, 1, 0, 0
104849, 890, 1, 0, 0
104949, 890, 1, 0, 0
105049, 860, 1, 0, 0
105149, 860, 1, 0, 0
105249, 880, 1, 0, 0
105349, 890, 1, 0, 0
105449, 910, 1, 0, 0
105549, 870, 1, 0, 0
105649, 860, 1, 0, 0
105750, 900, 1, 0, 0
105850, 880, 1, 0, 0
105950, 840, 1, 0, 0
106050, 870, 1, 0, 0
106150, 860, 1, 0, 0
106249, 878, 1, 0, 0
106349, 850, 1, 0, 0
106449, 820, 1, 0, 0
106549, 880, 1, 0, 0
106649, 920, 1, 0, 0
106749, 920, 1, 0, 0
106849, 860, 1, 0, 0
106949, 880, 1, 0, 0
107050, 860, 1, 0, 0
107150, 880, 1, 0, 0
107249, 909, 1, 0, 0
107349, 920, 1, 0, 0
107449, 900, 1, 0, 0
107549, 870, 1, 0, 0
107649, 920, 1, 0, 0
107749, 910, 1, 0, 0
107849, 920, 1, 0, 0
107949, 890, 1, 0, 0
108049, 880, 1, 0, 0
108149, 900, 1, 0, 0
108249, 920, 1, 0, 0
108349, 900, 1, 0, 0
108449, 900, 1, 0, 0
108550, 900, 1, 0, 0
108650, 880, 1, 0, 0
108749, 888, 1, 0, 0
108849, 900, 1, 0, 0
108949, 880, 1, 0, 0
109049, 890, 1, 0, 0
109149, 910, 1, 0, 0
109249, 900, 1, 0, 0
109349, 880, 1, 0, 0
109449, 920, 1, 0, 0
109549, 900, 1, 0, 0
109649, 920, 1, 0, 0
109750, 850, 1, 0, 0
109850, 920, 1, 0, 0
109950, 950, 1, 0, 0
110050, 940, 1, 0, 0
110150, 920, 1, 0, 0
110249, 919, 1, 0, 0
110349, 920, 1, 0, 0
110449, 890, 1, 0, 0
110549, 920, 1, 0, 0
110649, 900, 1, 0, 0
110749, 860, 1, 0, 0
110849, 890, 1, 0, 0
110949, 870, 1, 0, 0
111049, 890, 1, 0, 0
111149, 840, 1, 0, 0
111250, 920, 1, 0, 0
111350, 890, 1, 0, 0
111450, 880, 1, 0, 0
111550, 910, 1, 0, 0
111650, 920, 1, 0, 0
111749, 898, 1, 0, 0
111849, 890, 1, 0, 0
111949, 940, 1, 0, 0
112049, 910, 1, 0, 0
112149, 880, 1, 0, 0
112249, 880, 1, 0, 0
112349, 890, 1, 0, 0
112449, 880, 1, 0, 0
112550, 890, 1, 0, 0
112650, 940, 1, 0, 0
112749, 878, 1, 0, 0
112849, 940, 1, 0, 0
112949, 920, 1, 0, 0
113049, 900, 1, 0, 0
113149, 950, 1, 0, 0
113249, 920, 1, 0, 0
113349, 930, 1, 0, 0
113449, 890, 1, 0, 0
113549, 900, 1, 0, 0
113649, 880, 1, 0, 0
113750, 960, 1, 0, 0
113850, 930, 1, 0, 0
113950, 880, 1, 0, 0
114050, 870, 1, 0, 0
114150, 890, 1, 0, 0
114249, 868, 1, 0, 0
114349, 910, 1, 0, 0
114449, 890, 1, 0, 0
114549, 900, 1, 0, 0
114649, 880, 1, 0, 0
114749, 920, 1, 0, 0
114849, 910, 1, 0, 0
114949, 910, 1, 0, 0
115050, 920, 1, 0, 0
115150, 970, 1, 0, 0
115249, 868, 1, 0, 0
115349, 960, 1, 0, 0
115449, 950, 1, 0, 0
115549, 880, 1, 0, 0
115649, 930, 1, 0, 0
115749, 970, 1, 0, 0
115849, 880, 1, 0, 0
115949, 880, 1, 0, 0
116049, 900, 1, 0, 0
116149, 900, 1, 0, 0
116249, 920, 1, 0, 0
116349, 940, 1, 0, 0
116450, 910, 1, 0, 0
116550, 920, 1, 0, 0
116650, 880, 1, 0, 0
116749, 898, 1, 0, 0
116849, 940, 1, 0, 0
116949, 940, 1, 0, 0
117049, 900, 1, 0, 0
117149, 950, 1, 0, 0
117249, 910, 1, 0, 0
117349, 850, 1, 0, 0
117449, 880, 1, 0, 0
117549, 890, 1, 0, 0
117649, 890, 1, 0, 0
117749, 880, 1, 0, 0
117849, 880, 1, 0, 0
117950, 910, 1, 0, 0
118050, 940, 1, 0, 0
118150, 940, 1, 0, 0
118249, 888, 1, 0, 0
118349, 880, 1, 0, 0
118449, 940, 1, 0, 0
118549, 930, 1, 0, 0
118649, 820, 1, 0, 0
118749, 950, 1, 0, 0
118849, 860, 1, 0, 0
118949, 970, 1, 0, 0
119049, 930, 1, 0, 0
119149, 830, 1, 0, 0
119250, 930, 1, 0, 0
119350, 890, 1, 0, 0
119450, 920, 1, 0, 0
119550, 920, 1, 0, 0
119650, 860, 1, 0, 0
119749, 898, 1, 0, 0
119849, 860, 1, 0, 0
119949, 880, 1, 0, 0
120049, 890, 1, 0, 0
120149, 910, 1, 0, 0
120249, 950, 1, 0, 0
120349, 880, 1, 0, 0
120449, 940, 1, 0, 0
120550, 910, 1, 0, 0
120650, 910, 1, 0, 0
120749, 919, 1, 0, 0
120849, 920, 1, 0, 0
120949, 950, 1, 0, 0
121049, 1000, 1, 0, 0
121149, 930, 1, 0, 0
121249, 960, 1, 0, 0
121349, 910, 1, 0, 0
121449, 900, 1, 0, 0
121549, 960, 1, 0, 0
121649, 910, 1, 0, 0
121749, 930, 1, 0, 0
121850, 950, 1, 0, 0
121950, 930, 1, 0, 0
122050, 960, 1, 0, 0
122150, 910, 1, 0, 0
122249, 949, 1, 0, 0
122349, 950, 1, 0, 0
122449, 950, 1, 0, 0
122549, 920, 1, 0, 0
122649, 940, 1, 0, 0
122749, 930, 1, 0, 0
122849, 950, 1, 0, 0
122949, 900, 1, 0, 0
123049, 960, 1, 0, 0
123149, 940, 1, 0, 0
123250, 960, 1, 0, 0
123350, 940, 1, 0, 0
123450, 890, 1, 0, 0
123550, 880, 1, 0, 0
123650, 910, 1, 0, 0
123749, 898, 1, 0, 0
123849, 930, 1, 0, 0
123949, 960, 1, 0, 0
124049, 900, 1, 0, 0
124149, 930, 1, 0, 0
124249, 940, 1, 0, 0
124349, 880, 1, 0, 0
124449, 900, 1, 0, 0
124550, 960, 1, 0, 0
124650, 980, 1, 0, 0
124749, 919, 1, 0, 0
124849, 850, 1, 0, 0
124949, 830, 1, 0, 0
125049, 910, 1, 0, 0
125149, 870, 1, 0, 0
125249, 910, 1, 0, 0
125349, 910, 1, 0, 0
125449, 920, 1, 0, 0
125549, 970, 1, 0, 0
125649, 960, 1, 0, 0
125750, 900, 1, 0, 0
125850, 890, 1, 0, 0
125950, 860, 1, 0, 0
126050, 920, 1, 0, 0
126150, 940, 1, 0, 0
126249, 909, 1, 0, 0
126349, 920, 1, 0, 0
126449, 950, 1, 0, 0
126549, 930, 1, 0, 0
126649, 870, 1, 0, 0
126749, 930, 1, 0, 0
126849, 930, 1, 0, 0
126949, 950, 1, 0, 0
127050, 960, 1, 0, 0
127150, 870, 1, 0, 0
127249, 878, 1, 0, 0
127349, 880, 1, 0, 0
127449, 880, 1, 0, 0
127549, 870, 1, 0, 0
127649, 910, 1, 0, 0
127749, 900, 1, 0, 0
127849, 940, 1, 0, 0
127949, 960, 1, 0, 0
128049, 920, 1, 0, 0
128149, 930, 1, 0, 0
128249, 930, 1, 0, 0
128349, 910, 1, 0, 0
128449, 870, 1, 0, 0
128550, 960, 1, 0, 0
128650, 900, 1, 0, 0
128749, 949, 1, 0, 0
128849, 900, 1, 0, 0
128949, 930, 1, 0, 0
129049, 940, 1, 0, 0
129149, 880, 1, 0, 0
129249, 930, 1, 0, 0
129349, 920, 1, 0, 0
129449, 930, 1, 0, 0
129549, 930, 1, 0, 0
129649, 890, 1, 0, 0
129750, 910, 1, 0, 0
129850, 900, 1, 0, 0
129950, 900, 1, 0, 0
130050, 900, 1, 0, 0
130150, 920, 1, 0, 0
130249, 919, 1, 0, 0
130349, 910, 1, 0, 0
130449, 910, 1, 0, 0
130549, 880, 1, 0, 0
130649, 890, 1, 0, 0
130749, 940, 1, 0, 0
130849, 950, 1, 0, 0
130949, 930, 1, 0, 0
131049, 930, 1, 0, 0
131150, 900, 1, 0, 0
131249, 858, 1, 0, 0
131349, 910, 1, 0, 0
131449, 950, 1, 0, 0
131549, 920, 1, 0, 0
131649, 930, 1, 0, 0
131749, 890, 1, 0, 0
131849, 870, 1, 0, 0
131949, 940, 1, 0, 0
132049, 920, 1, 0, 0
132149, 920, 1, 0, 0
132249, 920, 1, 0, 0
132349, 950, 1, 0, 0
132449, 850, 1, 0, 0
132550, 910, 1, 0, 0
132650, 910, 1, 0, 0
132749, 919, 1, 0, 0
132849, 850, 1, 0, 0
132949, 870, 1, 0, 0
133049, 880, 1, 0, 0
133149, 910, 1, 0, 0
133249, 890, 1, 0, 0
133349, 920, 1, 0, 0
133449, 870, 1, 0, 0
133549, 900, 1, 0, 0
133649, 900, 1, 0, 0
133750, 940, 1, 0, 0
133850, 910, 1, 0, 0
133950, 880, 1, 0, 0
134050, 840, 1, 0, 0
134150, 910, 1, 0, 0
134249, 979, 1, 0, 0
134349, 930, 1, 0, 0
134449, 880, 1, 0, 0
134549, 890, 1, 0, 0
134649, 890, 1, 0, 0
134749, 900, 1, 0, 0
134849, 920, 1, 0, 0
134949, 890, 1, 0, 0
135049, 900, 1, 0, 0
135150, 930, 1, 0, 0
135249, 878, 1, 0, 0
135349, 900, 1, 0, 0
135449, 940, 1, 0, 0
135549, 910, 1, 0, 0
135649, 920, 1, 0, 0
135749, 920, 1, 0, 0
135849, 900, 1, 0, 0
135949, 900, 1, 0, 0
136049, 910, 1, 0, 0
136149, 920, 1, 0, 0
136249, 900, 1, 0, 0
136349, 880, 1, 0, 0
136449, 900, 1, 0, 0
136550, 940, 1, 0, 0
136650, 920, 1, 0, 0
136749, 888, 1, 0, 0
136849, 920, 1, 0, 0
136949, 920, 1, 0, 0
137049, 930, 1, 0, 0
137149, 930, 1, 0, 0
137249, 930, 1, 0, 0
137349, 920, 1, 0, 0
137449, 970, 1, 0, 0
137549, 910, 1, 0, 0
137649, 980, 1, 0, 0
137750, 910, 1, 0, 0
137850, 930, 1, 0, 0
137950, 930, 1, 0, 0
138050, 910, 1, 0, 0
138150, 960, 1, 0, 0
138249, 939, 1, 0, 0
138349, 930, 1, 0, 0
138449, 900, 1, 0, 0
138549, 900, 1, 0, 0
138649, 960, 1, 0, 0
138749, 960, 1, 0, 0
138849, 900, 1, 0, 0
138949, 950, 1, 0, 0
139050, 930, 1, 0, 0
139150, 910, 1, 0, 0
139249, 828, 1, 0, 0
139349, 900, 1, 0, 0
139449, 890, 1, 0, 0
139549, 900, 1, 0, 0
139649, 950, 1, 0, 0
139749, 950, 1, 0, 0
139849, 940, 1, 0, 0
139949, 930, 1, 0, 0
140049, 890, 1, 0, 0
140149, 930, 1, 0, 0
140250, 920, 1, 0, 0
140350, 900, 1, 0, 0
140450, 920, 1, 0, 0
140550, 940, 1, 0, 0
140650, 890, 1, 0, 0
140749, 919, 1, 0, 0
140849, 940, 1, 0, 0
140949, 930, 1, 0, 0
141049, 890, 1, 0, 0
141149, 910, 1, 0, 0
141249, 900, 1, 0, 0
141349, 900, 1, 0, 0
141449, 900, 1, 0, 0
141549, 920, 1, 0, 0
141649, 930, 1, 0, 0
141750, 930, 1, 0, 0
141850, 930, 1, 0, 0
141950, 940, 1, 0, 0
142050, 940, 1, 0, 0
142150, 920, 1, 0, 0
142249, 969, 1, 0, 0
142349, 940, 1, 0, 0
142449, 910, 1, 0, 0
142549, 960, 1, 0, 0
142649, 970, 1, 0, 0
142749, 930, 1, 0, 0
142849, 960, 1, 0, 0
142949, 960, 1, 0, 0
143050, 980, 1, 0, 0
143150, 970, 1, 0, 0
143249, 969, 1, 0, 0
143349, 950, 1, 0, 0
143449, 910, 1, 0, 0
143549, 900, 1, 0, 0
143649, 960, 1, 0, 0
143749, 950, 1, 0, 0
143849, 910, 1, 0, 0
143949, 900, 1, 0, 0
144049, 950, 1, 0, 0
144149, 910, 1, 0, 0
144249, 910, 1, 0, 0
144349, 930, 1, 0, 0
144449, 990, 1, 0, 0
144550, 960, 1, 0, 0
144650, 910, 1, 0, 0
144749, 898, 1, 0, 0
144849, 900, 1, 0, 0
144949, 950, 1, 0, 0
145049, 890, 1, 0, 0
145149, 970, 1, 0, 0
145249, 970, 1, 0, 0
145349, 950, 1, 0, 0
145449, 940, 1, 0, 0
145549, 970, 1, 0, 0
145649, 910, 1, 0, 0
145750, 930, 1, 0, 0
145850, 960, 1, 0, 0
145950, 960, 1, 0, 0
146050, 940, 1, 0, 0
146150, 910, 1, 0, 0
146249, 888, 1, 0, 0
146349, 920, 1, 0, 0
146449, 900, 1, 0, 0
146549, 950, 1, 0, 0
146649, 970, 1, 0, 0
146749, 970, 1, 0, 0
146849, 910, 1, 0, 0
146949, 920, 1, 0, 0
147049, 960, 1, 0, 0
147150, 970, 1, 0, 0
147249, 979, 1, 0, 0
147349, 910, 1, 0, 0
147449, 920, 1, 0, 0
147549, 930, 1, 0, 0
147649, 1000, 1, 0, 0
147749, 910, 1, 0, 0
147849, 930, 1, 0, 0
147949, 960, 1, 0, 0
148049, 950, 1, 0, 0
148149, 950, 1, 0, 0
148249, 910, 1, 0, 0
148349, 900, 1, 0, 0
148450, 920, 1, 0, 0
148550, 920, 1, 0, 0
148650, 910, 1, 0, 0
148749, 939, 1, 0, 0
148849, 910, 1, 0, 0
148949, 950, 1, 0, 0
149049, 930, 1, 0, 0
149149, 930, 1, 0, 0
149249, 980, 1, 0, 0
149349, 900, 1, 0, 0
149449, 930, 1, 0, 0
149549, 960, 1, 0, 0
149649, 920, 1, 0, 0
149750, 900, 1, 0, 0
149850, 930, 1, 0, 0
149950, 930, 1, 0, 0
150050, 990, 1, 0, 0
150150, 960, 1, 0, 0
150249, 949, 1, 0, 0
150349, 920, 1, 0, 0
150449, 920, 1, 0, 0
150549, 950, 1, 0, 0
150649, 930, 1, 0, 0
150749, 940, 1, 0, 0
150849, 910, 1, 0, 0
150949, 970, 1, 0, 0
151050, 950, 1, 0, 0
151150, 950, 1, 0, 0
151249, 919, 1, 0, 0
151349, 930, 1, 0, 0
151449, 920, 1, 0, 0
151549, 930, 1, 0, 0
151649, 920, 1, 0, 0
151749, 940, 1, 0, 0
151849, 910, 1, 0, 0
151949, 920, 1, 0, 0
152049, 940, 1, 0, 0
152149, 940, 1, 0, 0
152250, 920, 1, 0, 0
152350, 950, 1, 0, 0
152450, 930, 1, 0, 0
152550, 970, 1, 0, 0
152650, 930, 1, 0, 0
152749, 949, 1, 0, 0
152849, 930, 1, 0, 0
152949, 950, 1, 0, 0
153049, 960, 1, 0, 0
153149, 900, 1, 0, 0
153249, 910, 1, 0, 0
153349, 880, 1, 0, 0
153449, 940, 1, 0, 0
153549, 900, 1, 0, 0
153649, 910, 1, 0, 0
153750, 920, 1, 0, 0
153850, 920, 1, 0, 0
153950, 920, 1, 0, 0
154050, 910, 1, 0, 0
154150, 940, 1, 0, 0
154249, 959, 1, 0, 0
154349, 960, 1, 0, 0
154449, 940, 1, 0, 0
154549, 960, 1, 0, 0
154649, 910, 1, 0, 0
154749, 950, 1, 0, 0
154849, 980, 1, 0, 0
154949, 980, 1, 0, 0
155050, 940, 1, 0, 0
155150, 990, 1, 0, 0
155249, 959, 1, 0, 0
155349, 900, 1, 0, 0
155449, 910, 1, 0, 0
155549, 900, 1, 0, 0
155649, 920, 1, 0, 0
155749, 940, 1, 0, 0
155849, 950, 1, 0, 0
155949, 950, 1, 0, 0
156049, 880, 1, 0, 0
156149, 940, 1, 0, 0
156249, 930, 1, 0, 0
156350, 960, 1, 0, 0
156450, 950, 1, 0, 0
156550, 940, 1, 0, 0
156650, 940, 1, 0, 0
156749, 919, 1, 0, 0
156849, 950, 1, 0, 0
156949, 940, 1, 0, 0
157049, 890, 1, 0, 0
157149, 970, 1, 0, 0
157249, 910, 1, 0, 0
157349, 970, 1, 0, 0
157449, 920, 1, 0, 0
157549, 980, 1, 0, 0
157649, 950, 1, 0, 0
157750, 930, 1, 0, 0
157850, 940, 1, 0, 0
157950, 970, 1, 0, 0
158050, 900, 1, 0, 0
158150, 930, 1, 0, 0
158249, 949, 1, 0, 0
158349, 990, 1, 0, 0
158449, 950, 1, 0, 0
158549, 880, 1, 0, 0
158649, 940, 1, 0, 0
158749, 920, 1, 0, 0
158849, 930, 1, 0, 0
158949, 940, 1, 0, 0
159050, 930, 1, 0, 0
159150, 930, 1, 0, 0
159249, 939, 1, 0, 0
159349, 980, 1, 0, 0
159449, 950, 1, 0, 0
159549, 930, 1, 0, 0
159649, 890, 1, 0, 0
159749, 960, 1, 0, 0
159849, 950, 1, 0, 0
159949, 960, 1, 0, 0
160049, 960, 1, 0, 0
160149, 910, 1, 0, 0
160250, 990, 1, 0, 0
160350, 920, 1, 0, 0
160450, 950, 1, 0, 0
160550, 940, 1, 0, 0
160650, 970, 1, 0, 0
160749, 909, 1, 0, 0
160849, 950, 1, 0, 0
160949, 950, 1, 0, 0
161049, 930, 1, 0, 0
161149, 940, 1, 0, 0
161249, 920, 1, 0, 0
161349, 910, 1, 0, 0
161449, 960, 1, 0, 0
161550, 960, 1, 0, 0
161650, 910, 1, 0, 0
161749, 909, 1, 0, 0
161849, 970, 1, 0, 0
161949, 940, 1, 0, 0
162049, 960, 1, 0, 0
162149, 940, 1, 0, 0
162249, 920, 1, 0, 0
162349, 940, 1, 0, 0
162449, 950, 1, 0, 0
162549, 910, 1, 0, 0
162649, 940, 1, 0, 0
162749, 930, 1, 0, 0
162850, 920, 1, 0, 0
162950, 980, 1, 0, 0
163050, 910, 1, 0, 0
163150, 920, 1, 0, 0
163249, 939, 1, 0, 0
163349, 950, 1, 0, 0
163449, 910, 1, 0, 0
163549, 920, 1, 0, 0
163649, 960, 1, 0, 0
163749, 920, 1, 0, 0
163849, 930, 1, 0, 0
163949, 940, 1, 0, 0
164049, 950, 1, 0, 0
164149, 940, 1, 0, 0
164250, 910, 1, 0, 0
164350, 930, 1, 0, 0
164450, 950, 1, 0, 0
164550, 940, 1, 0, 0
164650, 1010, 1, 0, 0
164749, 929, 1, 0, 0
164849, 990, 1, 0, 0
164949, 930, 1, 0, 0
165049, 950, 1, 0, 0
165149, 940, 1, 0, 0
165249, 970, 1, 0, 0
165349, 960, 1, 0, 0
165449, 910, 1, 0, 0
165550, 950, 1, 0, 0
165650, 910, 1, 0, 0
165749, 949, 1, 0, 0
165849, 920, 1, 0, 0
165949, 900, 1, 0, 0
166049, 1020, 1, 0, 0
166149, 930, 1, 0, 0
166249, 990, 1, 0, 0
166349, 920, 1, 0, 0
166449, 970, 1, 0, 0
166549, 940, 1, 0, 0
166649, 900, 1, 0, 0
166749, 950, 1, 0, 0
166850, 980, 1, 0, 0
166950, 980, 1, 0, 0
167050, 960, 1, 0, 0
167150, 980, 1, 0, 0
167249, 969, 1, 0, 0
167349, 940, 1, 0, 0
167449, 980, 1, 0, 0
167549, 980, 1, 0, 0
167649, 1000, 1, 0, 0
167749, 950, 1, 0, 0
167849, 940, 1, 0, 0
167949, 950, 1, 0, 0
168049, 930, 1, 0, 0
168150, 970, 1, 0, 0
168249, 1000, 1, 0, 0
168349, 950, 1, 0, 0
168449, 970, 1, 0, 0
168549, 970, 1, 0, 0
168649, 950, 1, 0, 0
168749, 920, 1, 0, 0
168849, 970, 1, 0, 0
168949, 980, 1, 0, 0
169049, 980, 1, 0, 0
169149, 910, 1, 0, 0
169249, 940, 1, 0, 0
169349, 920, 1, 0, 0
169449, 960, 1, 0, 0
169550, 920, 1, 0, 0
169650, 960, 1, 0, 0
169749, 1010, 1, 0, 0
169849, 950, 1, 0, 0
169949, 1000, 1, 0, 0
170049, 960, 1, 0, 0
170149, 980, 1, 0, 0
170249, 890, 1, 0, 0
170349, 950, 1, 0, 0
170449, 940, 1, 0, 0
170549, 960, 1, 0, 0
170649, 970, 1, 0, 0
170749, 960, 1, 0, 0
170849, 890, 1, 0, 0
170949, 980, 1, 0, 0
171050, 950, 1, 0, 0
171150, 960, 1, 0, 0
171249, 939, 1, 0, 0
171349, 980, 1, 0, 0
171449, 950, 1, 0, 0
171549, 990, 1, 0, 0
171649, 980, 1, 0, 0
171749, 980, 1, 0, 0
171849, 1030, 1, 0, 0
171949, 990, 1, 0, 0
172049, 1000, 1, 0, 0
172149, 990, 1, 0, 0
172250, 950, 1, 0, 0
172350, 960, 1, 0, 0
172450, 990, 1, 0, 0
172550, 1000, 1, 0, 0
172650, 950, 1, 0, 0
172749, 969, 1, 0, 0
172849, 940, 1, 0, 0
172949, 990, 1, 0, 0
173049, 960, 1, 0, 0
173149, 970, 1, 0, 0
173249, 950, 1, 0, 0
173349, 970, 1, 0, 0
173449, 980, 1, 0, 0
173550, 960, 1, 0, 0
173650, 990, 1, 0, 0
173749, 1010, 1, 0, 0
173849, 970, 1, 0, 0
173949, 1020, 1, 0, 0
174049, 960, 1, 0, 0
174149, 980, 1, 0, 0
174249, 990, 1, 0, 0
174349, 950, 1, 0, 0
174449, 940, 1, 0, 0
174549, 1000, 1, 0, 0
174649, 950, 1, 0, 0
174749, 960, 1, 0, 0
174849, 970, 1, 0, 0
174950, 970, 1, 0, 0
175050, 970, 1, 0, 0
175150, 890, 1, 0, 0
175249, 979, 1, 0, 0
175349, 990, 1, 0, 0
175449, 970, 1, 0, 0
175549, 960, 1, 0, 0
175649, 960, 1, 0, 0
175749, 930, 1, 0, 0
175849, 970, 1, 0, 0
175949, 980, 1, 0, 0
176049, 990, 1, 0, 0
176149, 920, 1, 0, 0
176249, 1000, 1, 0, 0
176350, 920, 1, 0, 0
176450, 950, 1, 0, 0
176550, 970, 1, 0, 0
176650, 930, 1, 0, 0
176749, 949, 1, 0, 0
176849, 970, 1, 0, 0
176949, 990, 1, 0, 0
177049, 940, 1, 0, 0
177149, 990, 1, 0, 0
177249, 930, 1, 0, 0
177349, 990, 1, 0, 0
177449, 910, 1, 0, 0
177549, 1020, 1, 0, 0
177649, 960, 1, 0, 0
177750, 910, 1, 0, 0
177850, 1000, 1, 0, 0
177950, 970, 1, 0, 0
178050, 930, 1, 0, 0
178150, 950, 1, 0, 0
178249, 959, 1, 0, 0
178349, 960, 1, 0, 0
178449, 970, 1, 0, 0
178549, 950, 1, 0, 0
178649, 940, 1, 0, 0
178749, 980, 1, 0, 0
178849, 1010, 1, 0, 0
178949, 990, 1, 0, 0
179050, 940, 1, 0, 0
179150, 950, 1, 0, 0
179249, 1020, 1, 0, 0
179349, 1000, 1, 0, 0
179449, 940, 1, 0, 0
179549, 950, 1, 0, 0
179649, 980, 1, 0, 0
179749, 910, 1, 0, 0
179849, 940, 1, 0, 0
179949, 960, 1, 0, 0
180049, 970, 1, 0, 0
180149, 980, 1, 0, 0
180249, 970, 1, 0, 0
180349, 950, 1, 0, 0
180450, 1010, 1, 0, 0
180550, 990, 1, 0, 0
180650, 900, 1, 0, 0
180749, 929, 1, 0, 0
180849, 980, 1, 0, 0
180949, 930, 1, 0, 0
181049, 960, 1, 0, 0
181149, 1000, 1, 0, 0
181249, 980, 1, 0, 0
181349, 950, 1, 0, 0
181449, 940, 1, 0, 0
181549, 980, 1, 0, 0
181649, 920, 1, 0, 0
181750, 980, 1, 0, 0
181850, 990, 1, 0, 0
181950, 910, 1, 0, 0
182050, 960, 1, 0, 0
182150, 960, 1, 0, 0
182249, 898, 1, 0, 0
182349, 920, 1, 0, 0
182449, 970, 1, 0, 0
182549, 950, 1, 0, 0
182649, 950, 1, 0, 0
182749, 910, 1, 0, 0
182849, 950, 1, 0, 0
182949, 1000, 1, 0, 0
183050, 970, 1, 0, 0
183150, 960, 1, 0, 0
183249, 989, 1, 0, 0
183349, 930, 1, 0, 0
183449, 970, 1, 0, 0
183549, 980, 1, 0, 0
183649, 960, 1, 0, 0
183749, 930, 1, 0, 0
183849, 970, 1, 0, 0
183949, 980, 1, 0, 0
184049, 1000, 1, 0, 0
184149, 970, 1, 0, 0
184249, 940, 1, 0, 0
184349, 870, 1, 0, 0
184450, 910, 1, 0, 0
184550, 890, 1, 0, 0
184650, 890, 1, 0, 0
184749, 898, 1, 0, 0
184849, 950, 1, 0, 0
184949, 930, 1, 0, 0
185049, 930, 1, 0, 0
185149, 960, 1, 0, 0
185249, 990, 1, 0, 0
185349, 950, 1, 0, 0
185449, 940, 1, 0, 0
185550, 930, 1, 0, 0
185650, 950, 1, 0, 0
185749, 949, 1, 0, 0
185849, 960, 1, 0, 0
185949, 950, 1, 0, 0
186049, 980, 1, 0, 0
186149, 940, 1, 0, 0
186249, 910, 1, 0, 0
186349, 970, 1, 0, 0
186449, 930, 1, 0, 0
186549, 900, 1, 0, 0
186649, 920, 1, 0, 0
186750, 950, 1, 0, 0
186850, 910, 1, 0, 0
186950, 960, 1, 0, 0
187050, 960, 1, 0, 0
187150, 980, 1, 0, 0
187249, 969, 1, 0, 0
187349, 950, 1, 0, 0
187449, 950, 1, 0, 0
187549, 920, 1, 0, 0
187649, 1030, 1, 0, 0
187749, 940, 1, 0, 0
187849, 960, 1, 0, 0
187949, 970, 1, 0, 0
188050, 950, 1, 0, 0
188150, 970, 1, 0, 0
188249, 929, 1, 0, 0
188349, 990, 1, 0, 0
188449, 930, 1, 0, 0
188549, 960, 1, 0, 0
188649, 910, 1, 0, 0
188749, 950, 1, 0, 0
188849, 970, 1, 0, 0
188949, 970, 1, 0, 0
189049, 940, 1, 0, 0
189149, 980, 1, 0, 0
189250, 950, 1, 0, 0
189350, 950, 1, 0, 0
189450, 970, 1, 0, 0
189550, 900, 1, 0, 0
189650, 950, 1, 0, 0
189749, 929, 1, 0, 0
189849, 860, 1, 0, 0
189949, 940, 1, 0, 0
190049, 940, 1, 0, 0
190149, 950, 1, 0, 0
190249, 930, 1, 0, 0
190349, 960, 1, 0, 0
190449, 970, 1, 0, 0
190550, 960, 1, 0, 0
190650, 920, 1, 0, 0
190749, 969, 1, 0, 0
190849, 980, 1, 0, 0
190949, 950, 1, 0, 0
191049, 880, 1, 0, 0
191149, 930, 1, 0, 0
191249, 970, 1, 0, 0
191349, 950, 1, 0, 0
191449, 960, 1, 0, 0
191549, 1020, 1, 0, 0
191649, 950, 1, 0, 0
191749, 980, 1, 0, 0
191850, 1000, 1, 0, 0
191950, 960, 1, 0, 0
192050, 940, 1, 0, 0
192150, 970, 1, 0, 0
192249, 989, 1, 0, 0
192349, 1000, 1, 0, 0
192449, 940, 1, 0, 0
192549, 940, 1, 0, 0
192649, 960, 1, 0, 0
192749, 990, 1, 0, 0
192849, 960, 1, 0, 0
192949, 980, 1, 0, 0
193049, 930, 1, 0, 0
193150, 990, 1, 0, 0
193249, 949, 1, 0, 0
193349, 970, 1, 0, 0
193449, 1000, 1, 0, 0
193549, 970, 1, 0, 0
193649, 970, 1, 0, 0
193749, 980, 1, 0, 0
193849, 920, 1, 0, 0
193949, 930, 1, 0, 0
194049, 940, 1, 0, 0
194149, 940, 1, 0, 0
194249, 970, 1, 0, 0
194349, 970, 1, 0, 0
194450, 970, 1, 0, 0
194550, 980, 1, 0, 0
194650, 890, 1, 0, 0
194749, 939, 1, 0, 0
194849, 920, 1, 0, 0
194949, 950, 1, 0, 0
195049, 940, 1, 0, 0
195149, 940, 1, 0, 0
195249, 960, 1, 0, 0
195349, 950, 1, 0, 0
195449, 950, 1, 0, 0
195549, 950, 1, 0, 0
195649, 990, 1, 0, 0
195750, 980, 1, 0, 0
195850, 940, 1, 0, 0
195950, 980, 1, 0, 0
196050, 960, 1, 0, 0
196150, 910, 1, 0, 0
196249, 939, 1, 0, 0
196349, 920, 1, 0, 0
196449, 970, 1, 0, 0
196549, 1000, 1, 0, 0
196649, 960, 1, 0, 0
196749, 940, 1, 0, 0
196849, 930, 1, 0, 0
196949, 940, 1, 0, 0
197050, 960, 1, 0, 0
197150, 870, 1, 0, 0
197249, 979, 1, 0, 0
197349, 940, 1, 0, 0
197449, 920, 1, 0, 0
197549, 990, 1, 0, 0
197649, 960, 1, 0, 0
197749, 1010, 1, 0, 0
197849, 970, 1, 0, 0
197949, 950, 1, 0, 0
198049, 970, 1, 0, 0
198149, 950, 1, 0, 0
198250, 1000, 1, 0, 0
198350, 970, 1, 0, 0
198450, 950, 1, 0, 0
198550, 960, 1, 0, 0
198650, 980, 1, 0, 0
198749, 939, 1, 0, 0
198849, 910, 1, 0, 0
198949, 930, 1, 0, 0
199049, 920, 1, 0, 0
199149, 920, 1, 0, 0
199249, 970, 1, 0, 0
199349, 990, 1, 0, 0
199449, 970, 1, 0, 0
199549, 930, 1, 0, 0
199650, 950, 1, 0, 0
199749, 949, 1, 0, 0
199849, 930, 1, 0, 0
199949, 920, 1, 0, 0
200049, 940, 1, 0, 0
200149, 1010, 1, 0, 0
200249, 960, 1, 0, 0
200349, 950, 1, 0, 0
200449, 990, 1, 0, 0
200549, 930, 1, 0, 0
200649, 940, 1, 0, 0
200749, 1010, 1, 0, 0
200849, 940, 1, 0, 0
200949, 1000, 1, 0, 0
201050, 950, 1, 0, 0
201150, 940, 1, 0, 0
201249, 969, 1, 0, 0
201349, 990, 1, 0, 0
201449, 900, 1, 0, 0
201549, 980, 1, 0, 0
201649, 940, 1, 0, 0
201749, 960, 1, 0, 0
201849, 970, 1, 0, 0
201949, 930, 1, 0, 0
202049, 970, 1, 0, 0
202149, 970, 1, 0, 0
202249, 960, 1, 0, 0
202349, 950, 1, 0, 0
202449, 890, 1, 0, 0
202550, 920, 1, 0, 0
202650, 940, 1, 0, 0
202749, 929, 1, 0, 0
202849, 910, 1, 0, 0
202949, 990, 1, 0, 0
203049, 1000, 1, 0, 0
203149, 960, 1, 0, 0
203249, 960, 1, 0, 0
203349, 940, 1, 0, 0
203449, 960, 1, 0, 0
203549, 950, 1, 0, 0
203649, 1000, 1, 0, 0
203750, 960, 1, 0, 0
203850, 950, 1, 0, 0
203950, 960, 1, 0, 0
204050, 970, 1, 0, 0
204150, 1000, 1, 0, 0
204249, 1000, 1, 0, 0
204349, 990, 1, 0, 0
204449, 910, 1, 0, 0
204549, 980, 1, 0, 0
204649, 990, 1, 0, 0
204749, 930, 1, 0, 0
204849, 930, 1, 0, 0
204949, 980, 1, 0, 0
205049, 1040, 1, 0, 0
205150, 970, 1, 0, 0
205249, 959, 1, 0, 0
205349, 970, 1, 0, 0
205449, 980, 1, 0, 0
205549, 990, 1, 0, 0
205649, 1000, 1, 0, 0
205749, 980, 1, 0, 0
205849, 950, 1, 0, 0
205949, 960, 1, 0, 0
206049, 990, 1, 0, 0
206149, 970, 1, 0, 0
206249, 980, 1, 0, 0
206349, 950, 1, 0, 0
206449, 930, 1, 0, 0
206550, 970, 1, 0, 0
206650, 980, 1, 0, 0
206749, 949, 1, 0, 0
206849, 970, 1, 0, 0
206949, 930, 1, 0, 0
207049, 910, 1, 0, 0
207149, 1000, 1, 0, 0
207249, 940, 1, 0, 0
207349, 940, 1, 0, 0
207449, 920, 1, 0, 0
207549, 930, 1, 0, 0
207649, 990, 1, 0, 0
207750, 940, 1, 0, 0
207850, 960, 1, 0, 0
207950, 980, 1, 0, 0
208050, 980, 1, 0, 0
208150, 990, 1, 0, 0
208249, 949, 1, 0, 0
208349, 940, 1, 0, 0
208449, 990, 1, 0, 0
208549, 930, 1, 0, 0
208649, 950, 1, 0, 0
208749, 950, 1, 0, 0
208849, 990, 1, 0, 0
208949, 1020, 1, 0, 0
209049, 970, 1, 0, 0
209150, 970, 1, 0, 0
209249, 989, 1, 0, 0
209349, 960, 1, 0, 0
209449, 960, 1, 0, 0
209549, 950, 1, 0, 0
209649, 1040, 1, 0, 0
209749, 1000, 1, 0, 0
209849, 960, 1, 0, 0
209949, 1000, 1, 0, 0
210049, 960, 1, 0, 0
210149, 1030, 1, 0, 0
210249, 970, 1, 0, 0
210349, 990, 1, 0, 0
210449, 930, 1, 0, 0
210550, 1020, 1, 0, 0
210650, 970, 1, 0, 0
210749, 969, 1, 0, 0
210849, 990, 1, 0, 0
210949, 950, 1, 0, 0
211049, 960, 1, 0, 0
211149, 990, 1, 0, 0
211249, 960, 1, 0, 0
211349, 1010, 1, 0, 0
211449, 1010, 1, 0, 0
211549, 960, 1, 0, 0
211649, 980, 1, 0, 0
211750, 930, 1, 0, 0
211850, 980, 1, 0, 0
211950, 940, 1, 0, 0
212050, 980, 1, 0, 0
212150, 960, 1, 0, 0
212249, 1000, 1, 0, 0
212349, 990, 1, 0, 0
212449, 960, 1, 0, 0
212549, 1000, 1, 0, 0
212649, 920, 1, 0, 0
212749, 950, 1, 0, 0
212849, 970, 1, 0, 0
212949, 940, 1, 0, 0
213049, 970, 1, 0, 0
213150, 1010, 1, 0, 0
213249, 939, 1, 0, 0
213349, 990, 1, 0, 0
213449, 960, 1, 0, 0
213549, 950, 1, 0, 0
213649, 940, 1, 0, 0
213749, 940, 1, 0, 0
213849, 990, 1, 0, 0
213949, 950, 1, 0, 0
214049, 980, 1, 0, 0
214149, 930, 1, 0, 0
214249, 1010, 1, 0, 0
214349, 970, 1, 0, 0
214450, 970, 1, 0, 0
214550, 950, 1, 0, 0
214650, 980, 1, 0, 0
214749, 969, 1, 0, 0
214849, 960, 1, 0, 0
214949, 960, 1, 0, 0
215049, 950, 1, 0, 0
215149, 970, 1, 0, 0
215249, 990, 1, 0, 0
215349, 980, 1, 0, 0
215449, 950, 1, 0, 0
215549, 980, 1, 0, 0
215649, 980, 1, 0, 0
215750, 930, 1, 0, 0
215850, 940, 1, 0, 0
215950, 970, 1, 0, 0
216050, 960, 1, 0, 0
216150, 970, 1, 0, 0
216249, 969, 1, 0, 0
216349, 980, 1, 0, 0
216449, 970, 1, 0, 0
216549, 990, 1, 0, 0
216649, 1000, 1, 0, 0
216749, 980, 1, 0, 0
216849, 930, 1, 0, 0
216949, 990, 1, 0, 0
217049, 970, 1, 0, 0
217150, 950, 1, 0, 0
217249, 959, 1, 0, 0
217349, 960, 1, 0, 0
217449, 980, 1, 0, 0
217549, 940, 1, 0, 0
217649, 940, 1, 0, 0
217749, 940, 1, 0, 0
217849, 940, 1, 0, 0
217949, 940, 1, 0, 0
218049, 940, 1, 0, 0
218149, 990, 1, 0, 0
218249, 950, 1, 0, 0
218349, 970, 1, 0, 0
218449, 980, 1, 0, 0
218550, 980, 1, 0, 0
218650, 950, 1, 0, 0
218749, 959, 1, 0, 0
218849, 970, 1, 0, 0
218949, 1010, 1, 0, 0
219049, 950, 1, 0, 0
219149, 980, 1, 0, 0
219249, 1000, 1, 0, 0
219349, 960, 1, 0, 0
219449, 960, 1, 0, 0
219549, 960, 1, 0, 0
219649, 980, 1, 0, 0
219750, 950, 1, 0, 0
219850, 1010, 1, 0, 0
219950, 960, 1, 0, 0
220050, 930, 1, 0, 0
220150, 980, 1, 0, 0
220249, 979, 1, 0, 0
220349, 980, 1, 0, 0
220449, 980, 1, 0, 0
220549, 920, 1, 0, 0
220649, 930, 1, 0, 0
220749, 940, 1, 0, 0
220849, 960, 1, 0, 0
220949, 890, 1, 0, 0
221049, 990, 1, 0, 0
221150, 1010, 1, 0, 0
221249, 979, 1, 0, 0
221349, 930, 1, 0, 0
221449, 970, 1, 0, 0
221549, 930, 1, 0, 0
221649, 950, 1, 0, 0
221749, 980, 1, 0, 0
221849, 910, 1, 0, 0
221949, 950, 1, 0, 0
222049, 970, 1, 0, 0
222149, 1000, 1, 0, 0
222249, 920, 1, 0, 0
222349, 960, 1, 0, 0
222450, 970, 1, 0, 0
222550, 980, 1, 0, 0
222650, 1020, 1, 0, 0
222749, 979, 1, 0, 0
222849, 990, 1, 0, 0
222949, 1000, 1, 0, 0
223049, 920, 1, 0, 0
223149, 1000, 1, 0, 0
223249, 980, 1, 0, 0
223349, 1010, 1, 0, 0
223449, 1020, 1, 0, 0
223549, 1000, 1, 0, 0
223649, 1000, 1, 0, 0
223750, 960, 1, 0, 0
223850, 930, 1, 0, 0
223950, 960, 1, 0, 0
224050, 980, 1, 0, 0
224150, 990, 1, 0, 0
224249, 959, 1, 0, 0
224349, 960, 1, 0, 0
224449, 1030, 1, 0, 0
224549, 1010, 1, 0, 0
224649, 900, 1, 0, 0
224749, 960, 1, 0, 0
224849, 960, 1, 0, 0
224949, 990, 1, 0, 0
225050, 980, 1, 0, 0
225150, 1010, 1, 0, 0
225249, 1000, 1, 0, 0
225349, 970, 1, 0, 0
225449, 970, 1, 0, 0
225549, 1010, 1, 0, 0
225649, 1010, 1, 0, 0
225749, 970, 1, 0, 0
225849, 980, 1, 0, 0
225949, 960, 1, 0, 0
226049, 990, 1, 0, 0
226149, 970, 1, 0, 0
226249, 970, 1, 0, 0
226350, 980, 1, 0, 0
226450, 1020, 1, 0, 0
226550, 990, 1, 0, 0
226650, 1010, 1, 0, 0
226749, 1030, 1, 0, 0
226849, 980, 1, 0, 0
226949, 950, 1, 0, 0
227049, 970, 1, 0, 0
227149, 1000, 1, 0, 0
227249, 990, 1, 0, 0
227349, 980, 1, 0, 0
227449, 950, 1, 0, 0
227549, 1000, 1, 0, 0
227649, 1010, 1, 0, 0
227750, 990, 1, 0, 0
227850, 1030, 1, 0, 0
227950, 950, 1, 0, 0
228050, 970, 1, 0, 0
228150, 950, 1, 0, 0
228249, 1000, 1, 0, 0
228349, 980, 1, 0, 0
228449, 1020, 1, 0, 0
228549, 1020, 1, 0, 0
228649, 990, 1, 0, 0
228749, 1000, 1, 0, 0
228849, 1010, 1, 0, 0
228949, 980, 1, 0, 0
229050, 1030, 1, 0, 0
229150, 1030, 1, 0, 0
229249, 969, 1, 0, 0
229349, 1000, 1, 0, 0
229449, 1000, 1, 0, 0
229549, 970, 1, 0, 0
229649, 930, 1, 0, 0
229749, 980, 1, 0, 0
229849, 1010, 1, 0, 0
229949, 1010, 1, 0, 0
230049, 1000, 1, 0, 0
230149, 1020, 1, 0, 0
230249, 1010, 1, 0, 0
230350, 1010, 1, 0, 0
230450, 1050, 1, 0, 0
230550, 1010, 1, 0, 0
230650, 960, 1, 0, 0
230749, 989, 1, 0, 0
230849, 1000, 1, 0, 0
230949, 980, 1, 0, 0
231049, 990, 1, 0, 0
231149, 970, 1, 0, 0
231249, 1010, 1, 0, 0
231349, 950, 1, 0, 0
231449, 1020, 1, 0, 0
231550, 990, 1, 0, 0
231650, 1020, 1, 0, 0
231749, 989, 1, 0, 0
231849, 930, 1, 0, 0
231949, 960, 1, 0, 0
232049, 960, 1, 0, 0
232149, 970, 1, 0, 0
232249, 960, 1, 0, 0
232349, 1030, 1, 0, 0
232449, 980, 1, 0, 0
232549, 980, 1, 0, 0
232649, 1000, 1, 0, 0
232749, 970, 1, 0, 0
232849, 1010, 1, 0, 0
232949, 1020, 1, 0, 0
233050, 1020, 1, 0, 0
233150, 1000, 1, 0, 0
233249, 989, 1, 0, 0
233349, 970, 1, 0, 0
233449, 990, 1, 0, 0
233549, 990, 1, 0, 0
233649, 1000, 1, 0, 0
233749, 980, 1, 0, 0
233849, 970, 1, 0, 0
233949, 1010, 1, 0, 0
234049, 960, 1, 0, 0
234150, 1010, 1, 0, 0
234249, 929, 1, 0, 0
234349, 980, 1, 0, 0
234449, 1030, 1, 0, 0
234549, 1040, 1, 0, 0
234649, 980, 1, 0, 0
234749, 1000, 1, 0, 0
234849, 1020, 1, 0, 0
234949, 980, 1, 0, 0
235049, 970, 1, 0, 0
235149, 1000, 1, 0, 0
235249, 970, 1, 0, 0
235350, 950, 1, 0, 0
235450, 990, 1, 0, 0
235550, 1020, 1, 0, 0
235650, 960, 1, 0, 0
235749, 949, 1, 0, 0
235849, 990, 1, 0, 0
235949, 990, 1, 0, 0
236049, 980, 1, 0, 0
236149, 1000, 1, 0, 0
236249, 980, 1, 0, 0
236349, 960, 1, 0, 0
236449, 960, 1, 0, 0
236549, 1000, 1, 0, 0
236650, 970, 1, 0, 0
236749, 1000, 1, 0, 0
236849, 1020, 1, 0, 0
236949, 1000, 1, 0, 0
237049, 970, 1, 0, 0
237149, 950, 1, 0, 0
237249, 990, 1, 0, 0
237349, 960, 1, 0, 0
237449, 990, 1, 0, 0
237549, 1050, 1, 0, 0
237649, 980, 1, 0, 0
237749, 990, 1, 0, 0
237849, 1010, 1, 0, 0
237949, 960, 1, 0, 0
238050, 940, 1, 0, 0
238150, 990, 1, 0, 0
238249, 1000, 1, 0, 0
238349, 1010, 1, 0, 0
238449, 960, 1, 0, 0
238549, 970, 1, 0, 0
238649, 980, 1, 0, 0
238749, 990, 1, 0, 0
238849, 1000, 1, 0, 0
238949, 920, 1, 0, 0
239049, 940, 1, 0, 0
239149, 1000, 1, 0, 0
239249, 990, 1, 0, 0
239349, 980, 1, 0, 0
239449, 950, 1, 0, 0
239550, 970, 1, 0, 0
239650, 1000, 1, 0, 0
239749, 939, 1, 0, 0
239849, 980, 1, 0, 0
239949, 970, 1, 0, 0
240049, 990, 1, 0, 0
240149, 950, 1, 0, 0
240249, 910, 1, 0, 0
240349, 970, 1, 0, 0
240449, 1000, 1, 0, 0
240549, 960, 1, 0, 0
240649, 1020, 1, 0, 0
240750, 1000, 1, 0, 0
240850, 1010, 1, 0, 0
240950, 990, 1, 0, 0
241050, 1000, 1, 0, 0
241150, 970, 1, 0, 0
241249, 929, 1, 0, 0
241349, 980, 1, 0, 0
241449, 980, 1, 0, 0
241549, 990, 1, 0, 0
241649, 1010, 1, 0, 0
241749, 950, 1, 0, 0
241849, 970, 1, 0, 0
241949, 1030, 1, 0, 0
242049, 1040, 1, 0, 0
242150, 1000, 1, 0, 0
242249, 979, 1, 0, 0
242349, 990, 1, 0, 0
242449, 990, 1, 0, 0
242549, 1030, 1, 0, 0
242649, 970, 1, 0, 0
242749, 1000, 1, 0, 0
242849, 1030, 1, 0, 0
242949, 940, 1, 0, 0
243049, 970, 1, 0, 0
243149, 1020, 1, 0, 0
243249, 980, 1, 0, 0
243349, 960, 1, 0, 0
243450, 990, 1, 0, 0
243550, 960, 1, 0, 0
243650, 960, 1, 0, 0
243749, 959, 1, 0, 0
243849, 990, 1, 0, 0
243949, 1010, 1, 0, 0
244049, 970, 1, 0, 0
244149, 980, 1, 0, 0
244249, 970, 1, 0, 0
244349, 970, 1, 0, 0
244449, 990, 1, 0, 0
244549, 960, 1, 0, 0
244649, 910, 1, 0, 0
244749, 970, 1, 0, 0
244850, 930, 1, 0, 0
244950, 970, 1, 0, 0
245050, 1000, 1, 0, 0
245150, 960, 1, 0, 0
245249, 979, 1, 0, 0
245349, 960, 1, 0, 0
245449, 960, 1, 0, 0
245549, 970, 1, 0, 0
245649, 960, 1, 0, 0
245749, 950, 1, 0, 0
245849, 970, 1, 0, 0
245949, 990, 1, 0, 0
246050, 940, 1, 0, 0
246150, 970, 1, 0, 0
246249, 939, 1, 0, 0
246349, 940, 1, 0, 0
246449, 950, 1, 0, 0
246549, 920, 1, 0, 0
246649, 940, 1, 0, 0
246749, 960, 1, 0, 0
246849, 990, 1, 0, 0
246949, 930, 1, 0, 0
247049, 920, 1, 0, 0
247149, 940, 1, 0, 0
247249, 970, 1, 0, 0
247349, 930, 1, 0, 0
247450, 950, 1, 0, 0
247550, 960, 1, 0, 0
247650, 960, 1, 0, 0
247749, 1010, 1, 0, 0
247849, 1020, 1, 0, 0
247949, 950, 1, 0, 0
248049, 960, 1, 0, 0
248149, 970, 1, 0, 0
248249, 960, 1, 0, 0
248349, 990, 1, 0, 0
248449, 970, 1, 0, 0
248549, 960, 1, 0, 0
248649, 910, 1, 0, 0
248750, 930, 1, 0, 0
248850, 980, 1, 0, 0
248950, 960, 1, 0, 0
249050, 960, 1, 0, 0
249150, 960, 1, 0, 0
249249, 1000, 1, 0, 0
249349, 1010, 1, 0, 0
249449, 970, 1, 0, 0
249549, 960, 1, 0, 0
249649, 990, 1, 0, 0
249749, 1000, 1, 0, 0
249849, 1000, 1, 0, 0
249949, 1020, 1, 0, 0
250050, 970, 1, 0, 0
250150, 970, 1, 0, 0
250249, 989, 1, 0, 0
250349, 980, 1, 0, 0
250449, 960, 1, 0, 0
250549, 980, 1, 0, 0
250649, 980, 1, 0, 0
250749, 960, 1, 0, 0
250849, 920, 1, 0, 0
250949, 990, 1, 0, 0
251049, 970, 1, 0, 0
251149, 980, 1, 0, 0
251249, 920, 1, 0, 0
251350, 980, 1, 0, 0
251450, 980, 1, 0, 0
251550, 980, 1, 0, 0
251650, 990, 1, 0, 0
251749, 949, 1, 0, 0
251849, 970, 1, 0, 0
251949, 960, 1, 0, 0
252049, 940, 1, 0, 0
252149, 960, 1, 0, 0
252249, 960, 1, 0, 0
252349, 990, 1, 0, 0
252449, 990, 1, 0, 0
252549, 950, 1, 0, 0
252649, 950, 1, 0, 0
252750, 970, 1, 0, 0
252850, 1000, 1, 0, 0
252950, 990, 1, 0, 0
253050, 980, 1, 0, 0
253150, 970, 1, 0, 0
253249, 969, 1, 0, 0
253349, 970, 1, 0, 0
253449, 950, 1, 0, 0
253549, 990, 1, 0, 0
253649, 970, 1, 0, 0
253749, 980, 1, 0, 0
253849, 940, 1, 0, 0
253949, 1000, 1, 0, 0
254050, 990, 1, 0, 0
254150, 980, 1, 0, 0
254249, 929, 1, 0, 0
254349, 1010, 1, 0, 0
254449, 970, 1, 0, 0
254549, 970, 1, 0, 0
254649, 940, 1, 0, 0
254749, 980, 1, 0, 0
254849, 970, 1, 0, 0
254949, 970, 1, 0, 0
255049, 990, 1, 0, 0
255149, 930, 1, 0, 0
255249, 1020, 1, 0, 0
255349, 1010, 1, 0, 0
255450, 980, 1, 0, 0
255550, 1010, 1, 0, 0
255650, 950, 1, 0, 0
255749, 979, 1, 0, 0
255849, 1000, 1, 0, 0
255949, 980, 1, 0, 0
256049, 990, 1, 0, 0
256149, 970, 1, 0, 0
256249, 1020, 1, 0, 0
256349, 1000, 1, 0, 0
256449, 980, 1, 0, 0
256549, 1040, 1, 0, 0
256649, 1010, 1, 0, 0
256750, 980, 1, 0, 0
256850, 1010, 1, 0, 0
256950, 970, 1, 0, 0
257050, 990, 1, 0, 0
257150, 940, 1, 0, 0
257249, 969, 1, 0, 0
257349, 980, 1, 0, 0
257449, 980, 1, 0, 0
257549, 1010, 1, 0, 0
257649, 990, 1, 0, 0
257749, 1000, 1, 0, 0
257849, 970, 1, 0, 0
257949, 1020, 1, 0, 0
258050, 980, 1, 0, 0
258150, 1000, 1, 0, 0
258249, 1000, 1, 0, 0
258349, 990, 1, 0, 0
258449, 960, 1, 0, 0
258549, 980, 1, 0, 0
258649, 970, 1, 0, 0
258749, 980, 1, 0, 0
258849, 1020, 1, 0, 0
258949, 1030, 1, 0, 0
259049, 1000, 1, 0, 0
259149, 1000, 1, 0, 0
259249, 990, 1, 0, 0
259349, 1020, 1, 0, 0
259450, 1010, 1, 0, 0
259550, 980, 1, 0, 0
259650, 990, 1, 0, 0
259749, 969, 1, 0, 0
259849, 1040, 1, 0, 0
259949, 960, 1, 0, 0
260049, 960, 1, 0, 0
260149, 1000, 1, 0, 0
260249, 1010, 1, 0, 0
260349, 930, 1, 0, 0
260449, 1000, 1, 0, 0
260549, 1020, 1, 0, 0
260650, 1010, 1, 0, 0
260749, 1030, 1, 0, 0
260849, 980, 1, 0, 0
260949, 990, 1, 0, 0
261049, 960, 1, 0, 0
261149, 970, 1, 0, 0
261249, 990, 1, 0, 0
261349, 980, 1, 0, 0
261449, 990, 1, 0, 0
261549, 1010, 1, 0, 0
261649, 1000, 1, 0, 0
261749, 1020, 1, 0, 0
261849, 970, 1, 0, 0
261949, 980, 1, 0, 0
262050, 1020, 1, 0, 0
262150, 990, 1, 0, 0
262249, 1010, 1, 0, 0
262349, 1010, 1, 0, 0
262449, 1010, 1, 0, 0
262549, 960, 1, 0, 0
262649, 960, 1, 0, 0
262749, 970, 1, 0, 0
262849, 970, 1, 0, 0
262949, 930, 1, 0, 0
263049, 990, 1, 0, 0
263149, 970, 1, 0, 0
263250, 970, 1, 0, 0
263350, 980, 1, 0, 0
263450, 990, 1, 0, 0
263550, 1010, 1, 0, 0
263650, 970, 1, 0, 0
263749, 969, 1, 0, 0
263849, 980, 1, 0, 0
263949, 1000, 1, 0, 0
264049, 960, 1, 0, 0
264149, 980, 1, 0, 0
264249, 1010, 1, 0, 0
264349, 960, 1, 0, 0
264449, 970, 1, 0, 0
264549, 960, 1, 0, 0
264649, 950, 1, 0, 0
264750, 1030, 1, 0, 0
264850, 1000, 1, 0, 0
264950, 990, 1, 0, 0
265050, 1030, 1, 0, 0
265150, 1020, 1, 0, 0
265249, 1030, 1, 0, 0
265349, 1000, 1, 0, 0
265449, 1040, 1, 0, 0
265549, 1040, 1, 0, 0
265649, 970, 1, 0, 0
265749, 1000, 1, 0, 0
265849, 1000, 1, 0, 0
265949, 960, 1, 0, 0
266050, 970, 1, 0, 0
266150, 970, 1, 0, 0
266249, 1050, 1, 0, 0
266349, 1010, 1, 0, 0
266449, 990, 1, 0, 0
266549, 1000, 1, 0, 0
266649, 990, 1, 0, 0
266749, 1020, 1, 0, 0
266849, 1020, 1, 0, 0
266949, 1000, 1, 0, 0
267049, 1020, 1, 0, 0
267149, 990, 1, 0, 0
267249, 1010, 1, 0, 0
267350, 1020, 1, 0, 0
267450, 1030, 1, 0, 0
267550, 970, 1, 0, 0
267650, 1050, 1, 0, 0
267749, 1040, 1, 0, 0
267849, 1000, 1, 0, 0
267949, 990, 1, 0, 0
268049, 970, 1, 0, 0
268149, 1000, 1, 0, 0
268249, 1010, 1, 0, 0
268349, 990, 1, 0, 0
268449, 990, 1, 0, 0
268550, 1020, 1, 0, 0
268650, 1020, 1, 0, 0
268749, 969, 1, 0, 0
268849, 920, 1, 0, 0
268949, 930, 1, 0, 0
269049, 980, 1, 0, 0
269149, 1010, 1, 0, 0
269249, 970, 1, 0, 0
269349, 970, 1, 0, 0
269449, 930, 1, 0, 0
269549, 990, 1, 0, 0
269649, 980, 1, 0, 0
269750, 910, 1, 0, 0
269850, 990, 1, 0, 0
269950, 930, 1, 0, 0
270050, 990, 1, 0, 0
270150, 1020, 1, 0, 0
270249, 979, 1, 0, 0
270349, 1010, 1, 0, 0
270449, 990, 1, 0, 0
270549, 1030, 1, 0, 0
270649, 990, 1, 0, 0
270749, 980, 1, 0, 0
270849, 970, 1, 0, 0
270949, 980, 1, 0, 0
271050, 1000, 1, 0, 0
271150, 1000, 1, 0, 0
271249, 1030, 1, 0, 0
271349, 1000, 1, 0, 0
271449, 1010, 1, 0, 0
271549, 1030, 1, 0, 0
271649, 960, 1, 0, 0
271749, 960, 1, 0, 0
271849, 950, 1, 0, 0
271949, 980, 1, 0, 0
272049, 970, 1, 0, 0
272149, 1000, 1, 0, 0
272249, 940, 1, 0, 0
272350, 1010, 1, 0, 0
272450, 1010, 1, 0, 0
272550, 1000, 1, 0, 0
272650, 990, 1, 0, 0
272749, 1000, 1, 0, 0
272849, 990, 1, 0, 0
272949, 990, 1, 0, 0
273049, 1020, 1, 0, 0
273149, 1070, 1, 0, 0
273249, 980, 1, 0, 0
273349, 1000, 1, 0, 0
273449, 1010, 1, 0, 0
273549, 1050, 1, 0, 0
273649, 1030, 1, 0, 0
273750, 1020, 1, 0, 0
273850, 950, 1, 0, 0
273950, 970, 1, 0, 0
274050, 1010, 1, 0, 0
274150, 990, 1, 0, 0
274249, 989, 1, 0, 0
274349, 970, 1, 0, 0
274449, 1000, 1, 0, 0
274549, 980, 1, 0, 0
274649, 950, 1, 0, 0
274749, 960, 1, 0, 0
274849, 980, 1, 0, 0
274949, 1010, 1, 0, 0
275050, 960, 1, 0, 0
275150, 1000, 1, 0, 0
275249, 969, 1, 0, 0
275349, 980, 1, 0, 0
275449, 1020, 1, 0, 0
275549, 990, 1, 0, 0
275649, 990, 1, 0, 0
275749, 1000, 1, 0, 0
275849, 1020, 1, 0, 0
275949, 1010, 1, 0, 0
276049, 950, 1, 0, 0
276149, 970, 1, 0, 0
276249, 980, 1, 0, 0
276349, 1010, 1, 0, 0
276449, 1010, 1, 0, 0
276550, 1030, 1, 0, 0
276650, 1020, 1, 0, 0
276749, 1000, 1, 0, 0
276849, 990, 1, 0, 0
276949, 1010, 1, 0, 0
277049, 1020, 1, 0, 0
277149, 1020, 1, 0, 0
277249, 970, 1, 0, 0
277349, 980, 1, 0, 0
277449, 1020, 1, 0, 0
277549, 990, 1, 0, 0
277649, 990, 1, 0, 0
277749, 1020, 1, 0, 0
277850, 1000, 1, 0, 0
277950, 1000, 1, 0, 0
278050, 1000, 1, 0, 0
278150, 1000, 1, 0, 0
278249, 1000, 1, 0, 0
278349, 1020, 1, 0, 0
278449, 970, 1, 0, 0
278549, 950, 1, 0, 0
278649, 980, 1, 0, 0
278749, 1040, 1, 0, 0
278849, 960, 1, 0, 0
278949, 990, 1, 0, 0
279049, 990, 1, 0, 0
279149, 1010, 1, 0, 0
279249, 969, 1, 0, 0
279349, 990, 1, 0, 0
279449, 1010, 1, 0, 0
279549, 1010, 1, 0, 0
279649, 1010, 1, 0, 0
279749, 990, 1, 0, 0
279849, 980, 1, 0, 0
279949, 1010, 1, 0, 0
280049, 970, 1, 0, 0
280149, 1000, 1, 0, 0
280249, 1050, 1, 0, 0
280349, 950, 1, 0, 0
280449, 1030, 1, 0, 0
280550, 1020, 1, 0, 0
280650, 980, 1, 0, 0
280749, 1000, 1, 0, 0
280849, 940, 1, 0, 0
280949, 950, 1, 0, 0
281049, 950, 1, 0, 0
281149, 990, 1, 0, 0
281249, 970, 1, 0, 0
281349, 1030, 1, 0, 0
281449, 990, 1, 0, 0
281549, 950, 1, 0, 0
281649, 990, 1, 0, 0
281750, 970, 1, 0, 0
281850, 1000, 1, 0, 0
281950, 1000, 1, 0, 0
282050, 1010, 1, 0, 0
282150, 1000, 1, 0, 0
282249, 989, 1, 0, 0
282349, 1000, 1, 0, 0
282449, 970, 1, 0, 0
282549, 1020, 1, 0, 0
282649, 1000, 1, 0, 0
282749, 990, 1, 0, 0
282849, 1030, 1, 0, 0
282949, 1000, 1, 0, 0
283049, 1030, 1, 0, 0
283150, 1020, 1, 0, 0
283249, 1020, 1, 0, 0
283349, 1010, 1, 0, 0
283449, 1020, 1, 0, 0
283549, 1030, 1, 0, 0
283649, 1050, 1, 0, 0
283749, 1000, 1, 0, 0
283849, 1020, 1, 0, 0
283949, 1040, 1, 0, 0
284049, 960, 1, 0, 0
284149, 970, 1, 0, 0
284249, 1030, 1, 0, 0
284349, 1000, 1, 0, 0
284450, 990, 1, 0, 0
284550, 970, 1, 0, 0
284650, 1020, 1, 0, 0
284749, 1010, 1, 0, 0
284849, 1030, 1, 0, 0
284949, 930, 1, 0, 0
285049, 1010, 1, 0, 0
285149, 960, 1, 0, 0
285249, 990, 1, 0, 0
285349, 960, 1, 0, 0
285449, 1010, 1, 0, 0
285549, 1030, 1, 0, 0
285649, 1020, 1, 0, 0
285750, 1000, 1, 0, 0
285850, 1020, 1, 0, 0
285950, 990, 1, 0, 0
286050, 960, 1, 0, 0
286150, 1020, 1, 0, 0
286249, 1040, 1, 0, 0
286349, 980, 1, 0, 0
286449, 990, 1, 0, 0
286549, 980, 1, 0, 0
286649, 950, 1, 0, 0
286749, 1010, 1, 0, 0
286849, 1000, 1, 0, 0
286949, 1050, 1, 0, 0
287050, 960, 1, 0, 0
287150, 1000, 1, 0, 0
287249, 989, 1, 0, 0
287349, 1010, 1, 0, 0
287449, 1010, 1, 0, 0
287549, 1030, 1, 0, 0
287649, 960, 1, 0, 0
287749, 980, 1, 0, 0
287849, 1010, 1, 0, 0
287949, 990, 1, 0, 0
288049, 950, 1, 0, 0
288149, 980, 1, 0, 0
288250, 1000, 1, 0, 0
288350, 1030, 1, 0, 0
288450, 950, 1, 0, 0
288550, 960, 1, 0, 0
288650, 990, 1, 0, 0
288749, 939, 1, 0, 0
288849, 970, 1, 0, 0
288949, 980, 1, 0, 0
289049, 1000, 1, 0, 0
289149, 980, 1, 0, 0
289249, 980, 1, 0, 0
289349, 990, 1, 0, 0
289449, 1000, 1, 0, 0
289550, 950, 1, 0, 0
289650, 990, 1, 0, 0
289749, 1000, 1, 0, 0
289849, 980, 1, 0, 0
289949, 1010, 1, 0, 0
290049, 950, 1, 0, 0
290149, 980, 1, 0, 0
290249, 1010, 1, 0, 0
290349, 1020, 1, 0, 0
290449, 1020, 1, 0, 0
290549, 990, 1, 0, 0
290649, 990, 1, 0, 0
290749, 1020, 1, 0, 0
290849, 930, 1, 0, 0
290950, 920, 1, 0, 0
291050, 1000, 1, 0, 0
291150, 1000, 1, 0, 0
291249, 969, 1, 0, 0
291349, 940, 1, 0, 0
291449, 1020, 1, 0, 0
291549, 990, 1, 0, 0
291649, 1000, 1, 0, 0
291749, 1030, 1, 0, 0
291849, 1040, 1, 0, 0
291949, 1050, 1, 0, 0
292049, 1000, 1, 0, 0
292149, 1030, 1, 0, 0
292250, 970, 1, 0, 0
292350, 1030, 1, 0, 0
292450, 980, 1, 0, 0
292550, 980, 1, 0, 0
292650, 950, 1, 0, 0
292749, 959, 1, 0, 0
292849, 960, 1, 0, 0
292949, 980, 1, 0, 0
293049, 970, 1, 0, 0
293149, 970, 1, 0, 0
293249, 980, 1, 0, 0
293349, 930, 1, 0, 0
293449, 960, 1, 0, 0
293549, 970, 1, 0, 0
293650, 980, 1, 0, 0
293749, 979, 1, 0, 0
293849, 980, 1, 0, 0
293949, 1000, 1, 0, 0
294049, 990, 1, 0, 0
294149, 980, 1, 0, 0
294249, 960, 1, 0, 0
294349, 1000, 1, 0, 0
294449, 980, 1, 0, 0
294549, 950, 1, 0, 0
294649, 1010, 1, 0, 0
294749, 1020, 1, 0, 0
294849, 990, 1, 0, 0
294950, 1000, 1, 0, 0
295050, 990, 1, 0, 0
295150, 940, 1, 0, 0
295249, 969, 1, 0, 0
295349, 1000, 1, 0, 0
295449, 1000, 1, 0, 0
295549, 1010, 1, 0, 0
295649, 970, 1, 0, 0
295749, 990, 1, 0, 0
295849, 970, 1, 0, 0
295949, 970, 1, 0, 0
296049, 990, 1, 0, 0
296150, 960, 1, 0, 0
296249, 1020, 1, 0, 0
296349, 1000, 1, 0, 0
296449, 990, 1, 0, 0
296549, 1030, 1, 0, 0
296649, 970, 1, 0, 0
296749, 1010, 1, 0, 0
296849, 1000, 1, 0, 0
296949, 1010, 1, 0, 0
297049, 1010, 1, 0, 0
297149, 960, 1, 0, 0
297249, 1030, 1, 0, 0
297349, 960, 1, 0, 0
297450, 1040, 1, 0, 0
297550, 990, 1, 0, 0
297650, 1040, 1, 0, 0
297749, 989, 1, 0, 0
297849, 960, 1, 0, 0
297949, 1010, 1, 0, 0
298049, 960, 1, 0, 0
298149, 980, 1, 0, 0
298249, 960, 1, 0, 0
298349, 990, 1, 0, 0
298449, 930, 1, 0, 0
298549, 990, 1, 0, 0
298649, 970, 1, 0, 0
298750, 1000, 1, 0, 0
298850, 1010, 1, 0, 0
298950, 980, 1, 0, 0
299050, 970, 1, 0, 0
299150, 1000, 1, 0, 0
299249, 1020, 1, 0, 0
299349, 980, 1, 0, 0
299449, 980, 1, 0, 0
299549, 1000, 1, 0, 0
299649, 960, 1, 0, 0
299749, 990, 1, 0, 0
299849, 950, 1, 0, 0
299949, 960, 1, 0, 0
300049, 930, 1, 0, 0
300150, 930, 1, 0, 0
300249, 949, 1, 0, 0
300349, 950, 1, 0, 0
300449, 930, 1, 0, 0
300549, 980, 1, 0, 0
300649, 1000, 1, 0, 0
300749, 1010, 1, 0, 0
300849, 970, 1, 0, 0
300949, 960, 1, 0, 0
301049, 960, 1, 0, 0
301149, 990, 1, 0, 0
301249, 1010, 1, 0, 0
301349, 1020, 1, 0, 0
301449, 980, 1, 0, 0
301550, 1030, 1, 0, 0
301650, 1000, 1, 0, 0
301749, 959, 1, 0, 0
301849, 960, 1, 0, 0
301949, 970, 1, 0, 0
302049, 1000, 1, 0, 0
302149, 940, 1, 0, 0
302249, 960, 1, 0, 0
302349, 940, 1, 0, 0
302449, 1000, 1, 0, 0
302549, 1010, 1, 0, 0
302649, 1000, 1, 0, 0
302749, 990, 1, 0, 0
302850, 980, 1, 0, 0
302950, 990, 1, 0, 0
303050, 970, 1, 0, 0
303150, 960, 1, 0, 0
303249, 1000, 1, 0, 0
303349, 1020, 1, 0, 0
303449, 980, 1, 0, 0
303549, 1000, 1, 0, 0
303649, 1010, 1, 0, 0
303749, 960, 1, 0, 0
303849, 980, 1, 0, 0
303949, 970, 1, 0, 0
304049, 1060, 1, 0, 0
304150, 1050, 1, 0, 0
304249, 989, 1, 0, 0
304349, 1030, 1, 0, 0
304449, 970, 1, 0, 0
304549, 1030, 1, 0, 0
304649, 920, 1, 0, 0
304749, 980, 1, 0, 0
304849, 970, 1, 0, 0
304949, 1020, 1, 0, 0
305049, 940, 1, 0, 0
305149, 990, 1, 0, 0
305249, 1010, 1, 0, 0
305349, 980, 1, 0, 0
305449, 990, 1, 0, 0
305550, 960, 1, 0, 0
305650, 990, 1, 0, 0
305749, 1000, 1, 0, 0
305849, 990, 1, 0, 0
305949, 960, 1, 0, 0
306049, 990, 1, 0, 0
306149, 950, 1, 0, 0
306249, 1020, 1, 0, 0
306349, 970, 1, 0, 0
306449, 970, 1, 0, 0
306549, 1000, 1, 0, 0
306649, 1010, 1, 0, 0
306749, 990, 1, 0, 0
306850, 960, 1, 0, 0
306950, 970, 1, 0, 0
307050, 1000, 1, 0, 0
307150, 960, 1, 0, 0
307249, 1030, 1, 0, 0
307349, 990, 1, 0, 0
307449, 1010, 1, 0, 0
307549, 1000, 1, 0, 0
307649, 980, 1, 0, 0
307749, 960, 1, 0, 0
307849, 1050, 1, 0, 0
307949, 960, 1, 0, 0
308050, 1010, 1, 0, 0
308150, 940, 1, 0, 0
308249, 979, 1, 0, 0
308349, 1010, 1, 0, 0
308449, 1040, 1, 0, 0
308549, 950, 1, 0, 0
308649, 980, 1, 0, 0
308749, 1030, 1, 0, 0
308849, 1010, 1, 0, 0
308949, 970, 1, 0, 0
309049, 970, 1, 0, 0
309149, 1000, 1, 0, 0
309250, 950, 1, 0, 0
309350, 1000, 1, 0, 0
309450, 990, 1, 0, 0
309550, 950, 1, 0, 0
309650, 1010, 1, 0, 0
309749, 919, 1, 0, 0
309849, 1000, 1, 0, 0
309949, 1000, 1, 0, 0
310049, 950, 1, 0, 0
310149, 1020, 1, 0, 0
310249, 1030, 1, 0, 0
310349, 1010, 1, 0, 0
310449, 970, 1, 0, 0
310550, 1010, 1, 0, 0
310650, 1010, 1, 0, 0
310749, 959, 1, 0, 0
310849, 1000, 1, 0, 0
310949, 970, 1, 0, 0
311049, 1000, 1, 0, 0
311149, 1000, 1, 0, 0
311249, 990, 1, 0, 0
311349, 1010, 1, 0, 0
311449, 1040, 1, 0, 0
311549, 1010, 1, 0, 0
311649, 980, 1, 0, 0
311749, 960, 1, 0, 0
311850, 990, 1, 0, 0
311950, 980, 1, 0, 0
312050, 1010, 1, 0, 0
312150, 990, 1, 0, 0
312249, 979, 1, 0, 0
312349, 980, 1, 0, 0
312449, 980, 1, 0, 0
312549, 1010, 1, 0, 0
312649, 990, 1, 0, 0
312749, 970, 1, 0, 0
312849, 960, 1, 0, 0
312949, 1000, 1, 0, 0
313049, 980, 1, 0, 0
313149, 970, 1, 0, 0
313249, 979, 1, 0, 0
313349, 960, 1, 0, 0
313449, 980, 1, 0, 0
313549, 980, 1, 0, 0
313649, 990, 1, 0, 0
313749, 1000, 1, 0, 0
313849, 970, 1, 0, 0
313949, 960, 1, 0, 0
314049, 980, 1, 0, 0
314149, 990, 1, 0, 0
314249, 1010, 1, 0, 0
314349, 1030, 1, 0, 0
314449, 970, 1, 0, 0
314550, 960, 1, 0, 0
314650, 990, 1, 0, 0
314749, 939, 1, 0, 0
314849, 1020, 1, 0, 0
314949, 990, 1, 0, 0
315049, 950, 1, 0, 0
315149, 980, 1, 0, 0
315249, 960, 1, 0, 0
315349, 980, 1, 0, 0
315449, 980, 1, 0, 0
315549, 1020, 1, 0, 0
315649, 980, 1, 0, 0
315750, 1000, 1, 0, 0
315850, 1000, 1, 0, 0
315950, 960, 1, 0, 0
316050, 970, 1, 0, 0
316150, 960, 1, 0, 0
316249, 1020, 1, 0, 0
316349, 1030, 1, 0, 0
316449, 930, 1, 0, 0
316549, 980, 1, 0, 0
316649, 980, 1, 0, 0
316749, 910, 1, 0, 0
316849, 970, 1, 0, 0
316949, 1000, 1, 0, 0
317050, 950, 1, 0, 0
317150, 960, 1, 0, 0
317249, 949, 1, 0, 0
317349, 960, 1, 0, 0
317449, 980, 1, 0, 0
317549, 910, 1, 0, 0
317649, 960, 1, 0, 0
317749, 940, 1, 0, 0
317849, 970, 1, 0, 0
317949, 980, 1, 0, 0
318049, 960, 1, 0, 0
318149, 910, 1, 0, 0
318249, 970, 1, 0, 0
318350, 970, 1, 0, 0
318450, 990, 1, 0, 0
318550, 960, 1, 0, 0
318650, 970, 1, 0, 0
318749, 939, 1, 0, 0
318849, 980, 1, 0, 0
318949, 970, 1, 0, 0
319049, 950, 1, 0, 0
319149, 920, 1, 0, 0
319249, 930, 1, 0, 0
319349, 920, 1, 0, 0
319449, 940, 1, 0, 0
319549, 950, 1, 0, 0
319649, 970, 1, 0, 0
319750, 950, 1, 0, 0
319850, 990, 1, 0, 0
319950, 940, 1, 0, 0
320050, 950, 1, 0, 0
320150, 960, 1, 0, 0
320249, 949, 1, 0, 0
320349, 960, 1, 0, 0
320449, 940, 1, 0, 0
320549, 970, 1, 0, 0
320649, 960, 1, 0, 0
320749, 980, 1, 0, 0
320849, 970, 1, 0, 0
320949, 970, 1, 0, 0
321049, 940, 1, 0, 0
321150, 970, 1, 0, 0
321249, 939, 1, 0, 0
321349, 970, 1, 0, 0
321449, 940, 1, 0, 0
321549, 980, 1, 0, 0
321649, 990, 1, 0, 0
321749, 1030, 1, 0, 0
321849, 970, 1, 0, 0
321949, 980, 1, 0, 0
322049, 1010, 1, 0, 0
322149, 950, 1, 0, 0
322249, 980, 1, 0, 0
322349, 970, 1, 0, 0
322449, 970, 1, 0, 0
322550, 960, 1, 0, 0
322650, 980, 1, 0, 0
322749, 929, 1, 0, 0
322849, 930, 1, 0, 0
322949, 940, 1, 0, 0
323049, 960, 1, 0, 0
323149, 970, 1, 0, 0
323249, 990, 1, 0, 0
323349, 990, 1, 0, 0
323449, 990, 1, 0, 0
323549, 890, 1, 0, 0
323649, 990, 1, 0, 0
323750, 960, 1, 0, 0
323850, 1000, 1, 0, 0
323950, 980, 1, 0, 0
324050, 970, 1, 0, 0
324150, 970, 1, 0, 0
324249, 959, 1, 0, 0
324349, 980, 1, 0, 0
324449, 930, 1, 0, 0
324549, 960, 1, 0, 0
324649, 920, 1, 0, 0
324749, 930, 1, 0, 0
324849, 950, 1, 0, 0
324949, 990, 1, 0, 0
325050, 960, 1, 0, 0
325150, 970, 1, 0, 0
325249, 979, 1, 0, 0
325349, 980, 1, 0, 0
325449, 1000, 1, 0, 0
325549, 1010, 1, 0, 0
325649, 970, 1, 0, 0
325749, 1010, 1, 0, 0
325849, 960, 1, 0, 0
325949, 980, 1, 0, 0
326049, 990, 1, 0, 0
326149, 1000, 1, 0, 0
326249, 980, 1, 0, 0
326349, 990, 1, 0, 0
326450, 1030, 1, 0, 0
326550, 1040, 1, 0, 0
326650, 1010, 1, 0, 0
326749, 989, 1, 0, 0
326849, 1000, 1, 0, 0
326949, 1030, 1, 0, 0
327049, 1000, 1, 0, 0
327149, 1030, 1, 0, 0
327249, 1010, 1, 0, 0
327349, 1010, 1, 0, 0
327449, 990, 1, 0, 0
327549, 990, 1, 0, 0
327649, 980, 1, 0, 0
327750, 1020, 1, 0, 0
327850, 1000, 1, 0, 0
327950, 1000, 1, 0, 0
328050, 960, 1, 0, 0
328150, 1020, 1, 0, 0
328249, 1030, 1, 0, 0
328349, 980, 1, 0, 0
328449, 1050, 1, 0, 0
328549, 1010, 1, 0, 0
328649, 990, 1, 0, 0
328749, 990, 1, 0, 0
328849, 1000, 1, 0, 0
328949, 1000, 1, 0, 0
329049, 970, 1, 0, 0
329150, 1000, 1, 0, 0
329249, 949, 1, 0, 0
329349, 1000, 1, 0, 0
329449, 990, 1, 0, 0
329549, 1010, 1, 0, 0
329649, 990, 1, 0, 0
329749, 1010, 1, 0, 0
329849, 1050, 1, 0, 0
329949, 1030, 1, 0, 0
330049, 1000, 1, 0, 0
330149, 1010, 1, 0, 0
330249, 990, 1, 0, 0
330349, 1050, 1, 0, 0
330449, 1010, 1, 0, 0
330550, 1060, 1, 0, 0
330650, 990, 1, 0, 0
330749, 1010, 1, 0, 0
330849, 980, 1, 0, 0
330949, 950, 1, 0, 0
331049, 1030, 1, 0, 0
331149, 980, 1, 0, 0
331249, 960, 1, 0, 0
331349, 940, 1, 0, 0
331449, 990, 1, 0, 0
331549, 980, 1, 0, 0
331649, 970, 1, 0, 0
331750, 1030, 1, 0, 0
331850, 970, 1, 0, 0
331950, 1020, 1, 0, 0
332050, 1020, 1, 0, 0
332150, 1030, 1, 0, 0
332249, 1020, 1, 0, 0
332349, 1030, 1, 0, 0
332449, 960, 1, 0, 0
332549, 970, 1, 0, 0
332649, 1040, 1, 0, 0
332749, 990, 1, 0, 0
332849, 1010, 1, 0, 0
332949, 990, 1, 0, 0
333050, 1010, 1, 0, 0
333150, 970, 1, 0, 0
333249, 979, 1, 0, 0
333349, 990, 1, 0, 0
333449, 990, 1, 0, 0
333549, 1010, 1, 0, 0
333649, 1010, 1, 0, 0
333749, 1010, 1, 0, 0
333849, 990, 1, 0, 0
333949, 970, 1, 0, 0
334049, 980, 1, 0, 0
334149, 960, 1, 0, 0
334249, 1010, 1, 0, 0
334349, 970, 1, 0, 0
334449, 1010, 1, 0, 0
334550, 980, 1, 0, 0
334650, 1000, 1, 0, 0
334749, 1040, 1, 0, 0
334849, 990, 1, 0, 0
334949, 990, 1, 0, 0
335049, 1010, 1, 0, 0
335149, 990, 1, 0, 0
335249, 1000, 1, 0, 0
335349, 990, 1, 0, 0
335449, 1020, 1, 0, 0
335549, 990, 1, 0, 0
335649, 960, 1, 0, 0
335749, 970, 1, 0, 0
335849, 1020, 1, 0, 0
335950, 1040, 1, 0, 0
336050, 1000, 1, 0, 0
336150, 1040, 1, 0, 0
336249, 1000, 1, 0, 0
336349, 1000, 1, 0, 0
336449, 990, 1, 0, 0
336549, 970, 1, 0, 0
336649, 990, 1, 0, 0
336749, 1010, 1, 0, 0
336849, 1000, 1, 0, 0
336949, 1010, 1, 0, 0
337049, 1000, 1, 0, 0
337149, 1000, 1, 0, 0
337249, 979, 1, 0, 0
337349, 970, 1, 0, 0
337449, 1010, 1, 0, 0
337549, 1020, 1, 0, 0
337649, 1010, 1, 0, 0
337749, 990, 1, 0, 0
337849, 1010, 1, 0, 0
337949, 970, 1, 0, 0
338049, 1020, 1, 0, 0
338149, 960, 1, 0, 0
338249, 960, 1, 0, 0
338349, 960, 1, 0, 0
338449, 950, 1, 0, 0
338550, 1010, 1, 0, 0
338650, 990, 1, 0, 0
338749, 989, 1, 0, 0
338849, 970, 1, 0, 0
338949, 1010, 1, 0, 0
339049, 990, 1, 0, 0
339149, 970, 1, 0, 0
339249, 1020, 1, 0, 0
339349, 1000, 1, 0, 0
339449, 1020, 1, 0, 0
339549, 980, 1, 0, 0
339649, 960, 1, 0, 0
339749, 1000, 1, 0, 0
339850, 980, 1, 0, 0
339950, 1030, 1, 0, 0
340050, 990, 1, 0, 0
340150, 980, 1, 0, 0
340249, 1000, 1, 0, 0
340349, 980, 1, 0, 0
340449, 990, 1, 0, 0
340549, 960, 1, 0, 0
340649, 1020, 1, 0, 0
340749, 970, 1, 0, 0
340849, 970, 1, 0, 0
340949, 990, 1, 0, 0
341049, 970, 1, 0, 0
341149, 950, 1, 0, 0
341249, 969, 1, 0, 0
341349, 970, 1, 0, 0
341449, 1010, 1, 0, 0
341549, 980, 1, 0, 0
341649, 960, 1, 0, 0
341749, 980, 1, 0, 0
341849, 1000, 1, 0, 0
341949, 980, 1, 0, 0
342049, 1030, 1, 0, 0
342149, 990, 1, 0, 0
342249, 930, 1, 0, 0
342349, 1020, 1, 0, 0
342449, 1000, 1, 0, 0
342550, 1000, 1, 0, 0
342650, 980, 1, 0, 0
342749, 969, 1, 0, 0
342849, 960, 1, 0, 0
342949, 970, 1, 0, 0
343049, 960, 1, 0, 0
343149, 970, 1, 0, 0
343249, 1000, 1, 0, 0
343349, 1010, 1, 0, 0
343449, 1020, 1, 0, 0
343549, 930, 1, 0, 0
343649, 1010, 1, 0, 0
343749, 930, 1, 0, 0
343849, 980, 1, 0, 0
343949, 980, 1, 0, 0
344050, 1010, 1, 0, 0
344150, 970, 1, 0, 0
344249, 1010, 1, 0, 0
344349, 990, 1, 0, 0
344449, 970, 1, 0, 0
344549, 990, 1, 0, 0
344649, 970, 1, 0, 0
344749, 1020, 1, 0, 0
344849, 1000, 1, 0, 0
344949, 1010, 1, 0, 0
345049, 1050, 1, 0, 0
345149, 990, 1, 0, 0
345250, 1060, 1, 0, 0
345350, 1010, 1, 0, 0
345450, 1020, 1, 0, 0
345550, 1000, 1, 0, 0
345650, 1040, 1, 0, 0
345749, 989, 1, 0, 0
345849, 980, 1, 0, 0
345949, 1010, 1, 0, 0
346049, 990, 1, 0, 0
346149, 980, 1, 0, 0
346249, 1050, 1, 0, 0
346349, 990, 1, 0, 0
346449, 1000, 1, 0, 0
346550, 1020, 1, 0, 0
346650, 980, 1, 0, 0
346749, 1010, 1, 0, 0
346849, 990, 1, 0, 0
346949, 1020, 1, 0, 0
347049, 1030, 1, 0, 0
347149, 1010, 1, 0, 0
347249, 1010, 1, 0, 0
347349, 970, 1, 0, 0
347449, 960, 1, 0, 0
347549, 1010, 1, 0, 0
347649, 1020, 1, 0, 0
347749, 960, 1, 0, 0
347850, 980, 1, 0, 0
347950, 1020, 1, 0, 0
348050, 1030, 1, 0, 0
348150, 1030, 1, 0, 0
348249, 1020, 1, 0, 0
348349, 1000, 1, 0, 0
348449, 1040, 1, 0, 0
348549, 990, 1, 0, 0
348649, 1040, 1, 0, 0
348749, 990, 1, 0, 0
348849, 1000, 1, 0, 0
348949, 960, 1, 0, 0
349049, 1010, 1, 0, 0
349150, 1010, 1, 0, 0
349249, 1000, 1, 0, 0
349349, 1030, 1, 0, 0
349449, 1010, 1, 0, 0
349549, 980, 1, 0, 0
349649, 980, 1, 0, 0
349749, 1000, 1, 0, 0
349849, 1050, 1, 0, 0
349949, 1020, 1, 0, 0
350049, 1000, 1, 0, 0
350149, 940, 1, 0, 0
350249, 1030, 1, 0, 0
350349, 1010, 1, 0, 0
350449, 1030, 1, 0, 0
350550, 1000, 1, 0, 0
350650, 990, 1, 0, 0
350749, 979, 1, 0, 0
350849, 1020, 1, 0, 0
350949, 1010, 1, 0, 0
351049, 1020, 1, 0, 0
351149, 980, 1, 0, 0
351249, 1000, 1, 0, 0
351349, 970, 1, 0, 0
351449, 1000, 1, 0, 0
351549, 970, 1, 0, 0
351649, 930, 1, 0, 0
351749, 1000, 1, 0, 0
351850, 1030, 1, 0, 0
351950, 960, 1, 0, 0
352050, 1020, 1, 0, 0
352150, 1020, 1, 0, 0
352249, 1010, 1, 0, 0
352349, 980, 1, 0, 0
352449, 980, 1, 0, 0
352549, 1020, 1, 0, 0
352649, 1010, 1, 0, 0
352749, 980, 1, 0, 0
352849, 990, 1, 0, 0
352949, 970, 1, 0, 0
353049, 1020, 1, 0, 0
353149, 1000, 1, 0, 0
353250, 1000, 1, 0, 0
353350, 1000, 1, 0, 0
353450, 1000, 1, 0, 0
353550, 940, 1, 0, 0
353650, 990, 1, 0, 0
353749, 979, 1, 0, 0
353849, 1020, 1, 0, 0
353949, 980, 1, 0, 0
354049, 1040, 1, 0, 0
354149, 1020, 1, 0, 0
354249, 970, 1, 0, 0
354349, 930, 1, 0, 0
354449, 1030, 1, 0, 0
354550, 980, 1, 0, 0
354650, 920, 1, 0, 0
354749, 1020, 1, 0, 0
354849, 990, 1, 0, 0
354949, 990, 1, 0, 0
355049, 1000, 1, 0, 0
355149, 1000, 1, 0, 0
355249, 990, 1, 0, 0
355349, 920, 1, 0, 0
355449, 980, 1, 0, 0
355549, 1000, 1, 0, 0
355649, 940, 1, 0, 0
355749, 950, 1, 0, 0
355849, 970, 1, 0, 0
355950, 1020, 1, 0, 0
356050, 990, 1, 0, 0
356150, 960, 1, 0, 0
356249, 989, 1, 0, 0
356349, 1000, 1, 0, 0
356449, 930, 1, 0, 0
356549, 960, 1, 0, 0
356649, 980, 1, 0, 0
356749, 1010, 1, 0, 0
356849, 1000, 1, 0, 0
356949, 1000, 1, 0, 0
357049, 970, 1, 0, 0
357149, 1010, 1, 0, 0
357250, 950, 1, 0, 0
357350, 960, 1, 0, 0
357450, 1000, 1, 0, 0
357550, 990, 1, 0, 0
357650, 1020, 1, 0, 0
357749, 1000, 1, 0, 0
357849, 990, 1, 0, 0
357949, 1000, 1, 0, 0
358049, 980, 1, 0, 0
358149, 990, 1, 0, 0
358249, 1020, 1, 0, 0
358349, 950, 1, 0, 0
358449, 980, 1, 0, 0
358550, 960, 1, 0, 0
358650, 970, 1, 0, 0
358749, 1020, 1, 0, 0
358849, 920, 1, 0, 0
358949, 980, 1, 0, 0
359049, 970, 1, 0, 0
359149, 1000, 1, 0, 0
359249, 950, 1, 0, 0
359349, 1010, 1, 0, 0
359449, 1000, 1, 0, 0
359549, 970, 1, 0, 0
359649, 940, 1, 0, 0
359749, 890, 1, 0, 0
359849, 980, 1, 0, 0
359950, 970, 1, 0, 0
360050, 1000, 1, 0, 0
360150, 970, 1, 0, 0
360249, 979, 1, 0, 0
360349, 990, 1, 0, 0
360449, 950, 1, 0, 0
360549, 990, 1, 0, 0
360649, 940, 1, 0, 0
360749, 1010, 1, 0, 0
360849, 1000, 1, 0, 0
360949, 990, 1, 0, 0
361049, 920, 1, 0, 0
361149, 980, 1, 0, 0
361250, 980, 1, 0, 0
361350, 980, 1, 0, 0
361450, 980, 1, 0, 0
361550, 980, 1, 0, 0
361650, 980, 1, 0, 0
361749, 929, 1, 0, 0
361849, 960, 1, 0, 0
361949, 1000, 1, 0, 0
362049, 910, 1, 0, 0
362149, 980, 1, 0, 0
362249, 960, 1, 0, 0
362349, 1010, 1, 0, 0
362449, 1000, 1, 0, 0
362550, 1000, 1, 0, 0
362650, 1010, 1, 0, 0
362749, 939, 1, 0, 0
362849, 990, 1, 0, 0
362949, 1000, 1, 0, 0
363049, 970, 1, 0, 0
363149, 1000, 1, 0, 0
363249, 970, 1, 0, 0
363349, 970, 1, 0, 0
363449, 950, 1, 0, 0
363549, 1000, 1, 0, 0
363649, 950, 1, 0, 0
363750, 980, 1, 0, 0
363850, 1000, 1, 0, 0
363950, 1010, 1, 0, 0
364050, 950, 1, 0, 0
364150, 1000, 1, 0, 0
364249, 949, 1, 0, 0
364349, 960, 1, 0, 0
364449, 1010, 1, 0, 0
364549, 960, 1, 0, 0
364649, 960, 1, 0, 0
364749, 990, 1, 0, 0
364849, 950, 1, 0, 0
364949, 940, 1, 0, 0
365050, 940, 1, 0, 0
365150, 960, 1, 0, 0
365249, 929, 1, 0, 0
365349, 910, 1, 0, 0
365449, 920, 1, 0, 0
365549, 960, 1, 0, 0
365649, 910, 1, 0, 0
365749, 960, 1, 0, 0
365849, 1030, 1, 0, 0
365949, 940, 1, 0, 0
366049, 980, 1, 0, 0
366149, 980, 1, 0, 0
366249, 970, 1, 0, 0
366349, 1040, 1, 0, 0
366450, 990, 1, 0, 0
366550, 950, 1, 0, 0
366650, 1000, 1, 0, 0
366749, 959, 1, 0, 0
366849, 960, 1, 0, 0
366949, 970, 1, 0, 0
367049, 950, 1, 0, 0
367149, 930, 1, 0, 0
367249, 990, 1, 0, 0
367349, 970, 1, 0, 0
367449, 1000, 1, 0, 0
367549, 1010, 1, 0, 0
367649, 1050, 1, 0, 0
367749, 980, 1, 0, 0
367850, 1010, 1, 0, 0
367950, 1010, 1, 0, 0
368050, 990, 1, 0, 0
368150, 990, 1, 0, 0
368249, 1000, 1, 0, 0
368349, 1010, 1, 0, 0
368449, 1010, 1, 0, 0
368549, 990, 1, 0, 0
368649, 1010, 1, 0, 0
368749, 1000, 1, 0, 0
368849, 960, 1, 0, 0
368949, 990, 1, 0, 0
369049, 1030, 1, 0, 0
369149, 980, 1, 0, 0
369250, 1010, 1, 0, 0
369350, 1000, 1, 0, 0
369450, 1040, 1, 0, 0
369550, 1000, 1, 0, 0
369650, 1040, 1, 0, 0
369749, 1020, 1, 0, 0
369849, 960, 1, 0, 0
369949, 1020, 1, 0, 0
370049, 990, 1, 0, 0
370149, 1000, 1, 0, 0
370249, 970, 1, 0, 0
370349, 1010, 1, 0, 0
370449, 1010, 1, 0, 0
370550, 920, 1, 0, 0
370650, 950, 1, 0, 0
370749, 1000, 1, 0, 0
370849, 1000, 1, 0, 0
370949, 990, 1, 0, 0
371049, 1010, 1, 0, 0
371149, 1000, 1, 0, 0
371249, 990, 1, 0, 0
371349, 980, 1, 0, 0
371449, 960, 1, 0, 0
371549, 990, 1, 0, 0
371649, 1020, 1, 0, 0
371749, 1000, 1, 0, 0
371849, 990, 1, 0, 0
371949, 930, 1, 0, 0
372050, 1000, 1, 0, 0
372150, 1000, 1, 0, 0
372249, 979, 1, 0, 0
372349, 1020, 1, 0, 0
372449, 1000, 1, 0, 0
372549, 990, 1, 0, 0
372649, 980, 1, 0, 0
372749, 1060, 1, 0, 0
372849, 990, 1, 0, 0
372949, 990, 1, 0, 0
373049, 960, 1, 0, 0
373149, 1010, 1, 0, 0
373250, 1020, 1, 0, 0
373350, 1010, 1, 0, 0
373450, 980, 1, 0, 0
373550, 980, 1, 0, 0
373650, 980, 1, 0, 0
373749, 1000, 1, 0, 0
373849, 950, 1, 0, 0
373949, 980, 1, 0, 0
374049, 1000, 1, 0, 0
374149, 920, 1, 0, 0
374249, 990, 1, 0, 0
374349, 1030, 1, 0, 0
374449, 1020, 1, 0, 0
374549, 990, 1, 0, 0
374649, 970, 1, 0, 0
374749, 1020, 1, 0, 0
374849, 1010, 1, 0, 0
374949, 1010, 1, 0, 0
375049, 1010, 1, 0, 0
375149, 970, 1, 0, 0
375249, 980, 1, 0, 0
375349, 980, 1, 0, 0
375449, 1020, 1, 0, 0
375549, 1000, 1, 0, 0
375649, 1000, 1, 0, 0
375749, 1000, 1, 0, 0
375849, 1010, 1, 0, 0
375949, 1040, 1, 0, 0
376050, 1010, 1, 0, 0
376150, 940, 1, 0, 0
376249, 1040, 1, 0, 0
376349, 940, 1, 0, 0
376449, 960, 1, 0, 0
376549, 960, 1, 0, 0
376649, 970, 1, 0, 0
376749, 980, 1, 0, 0
376849, 980, 1, 0, 0
376949, 970, 1, 0, 0
377049, 940, 1, 0, 0
377149, 950, 1, 0, 0
377249, 940, 1, 0, 0
377350, 980, 1, 0, 0
377450, 960, 1, 0, 0
377550, 930, 1, 0, 0
377650, 1010, 1, 0, 0
377749, 989, 1, 0, 0
377849, 980, 1, 0, 0
377949, 1000, 1, 0, 0
378049, 970, 1, 0, 0
378149, 1010, 1, 0, 0
378249, 960, 1, 0, 0
378349, 950, 1, 0, 0
378449, 980, 1, 0, 0
378549, 960, 1, 0, 0
378649, 980, 1, 0, 0
378750, 960, 1, 0, 0
378850, 960, 1, 0, 0
378950, 950, 1, 0, 0
379050, 1030, 1, 0, 0
379150, 1010, 1, 0, 0
379249, 1010, 1, 0, 0
379349, 1030, 1, 0, 0
379449, 930, 1, 0, 0
379549, 940, 1, 0, 0
379649, 990, 1, 0, 0
379749, 980, 1, 0, 0
379849, 990, 1, 0, 0
379949, 990, 1, 0, 0
380050, 950, 1, 0, 0
380150, 960, 1, 0, 0
380249, 959, 1, 0, 0
380349, 990, 1, 0, 0
380449, 940, 1, 0, 0
380549, 990, 1, 0, 0
380649, 960, 1, 0, 0
380749, 970, 1, 0, 0
380849, 980, 1, 0, 0
380949, 1010, 1, 0, 0
381049, 950, 1, 0, 0
381149, 980, 1, 0, 0
381249, 960, 1, 0, 0
381350, 950, 1, 0, 0
381450, 950, 1, 0, 0
381550, 990, 1, 0, 0
381650, 990, 1, 0, 0
381749, 969, 1, 0, 0
381849, 1000, 1, 0, 0
381949, 1010, 1, 0, 0
382049, 1030, 1, 0, 0
382149, 960, 1, 0, 0
382249, 960, 1, 0, 0
382349, 980, 1, 0, 0
382449, 920, 1, 0, 0
382549, 960, 1, 0, 0
382650, 960, 1, 0, 0
382749, 949, 1, 0, 0
382849, 950, 1, 0, 0
382949, 920, 1, 0, 0
383049, 930, 1, 0, 0
383149, 970, 1, 0, 0
383249, 920, 1, 0, 0
383349, 930, 1, 0, 0
383449, 970, 1, 0, 0
383549, 980, 1, 0, 0
383649, 990, 1, 0, 0
383749, 1000, 1, 0, 0
383849, 940, 1, 0, 0
383950, 1010, 1, 0, 0
384050, 970, 1, 0, 0
384150, 1000, 1, 0, 0
384249, 959, 1, 0, 0
384349, 980, 1, 0, 0
384449, 940, 1, 0, 0
384549, 990, 1, 0, 0
384649, 970, 1, 0, 0
384749, 960, 1, 0, 0
384849, 980, 1, 0, 0
384949, 920, 1, 0, 0
385049, 980, 1, 0, 0
385149, 980, 1, 0, 0
385250, 1010, 1, 0, 0
385350, 980, 1, 0, 0
385450, 1030, 1, 0, 0
385550, 990, 1, 0, 0
385650, 1000, 1, 0, 0
385749, 939, 1, 0, 0
385849, 960, 1, 0, 0
385949, 980, 1, 0, 0
386049, 920, 1, 0, 0
386149, 1000, 1, 0, 0
386249, 1000, 1, 0, 0
386349, 1000, 1, 0, 0
386449, 1020, 1, 0, 0
386550, 1020, 1, 0, 0
386650, 1000, 1, 0, 0
386749, 979, 1, 0, 0
386849, 1000, 1, 0, 0
386949, 980, 1, 0, 0
387049, 990, 1, 0, 0
387149, 1020, 1, 0, 0
387249, 970, 1, 0, 0
387349, 980, 1, 0, 0
387449, 990, 1, 0, 0
387549, 1020, 1, 0, 0
387649, 980, 1, 0, 0
387749, 970, 1, 0, 0
387849, 1030, 1, 0, 0
387950, 980, 1, 0, 0
388050, 1040, 1, 0, 0
388150, 1000, 1, 0, 0
388249, 1010, 1, 0, 0
388349, 1000, 1, 0, 0
388449, 970, 1, 0, 0
388549, 980, 1, 0, 0
388649, 1020, 1, 0, 0
388749, 1010, 1, 0, 0
388849, 980, 1, 0, 0
388949, 930, 1, 0, 0
389049, 1020, 1, 0, 0
389149, 1030, 1, 0, 0
389250, 1020, 1, 0, 0
389350, 970, 1, 0, 0
389450, 1010, 1, 0, 0
389550, 960, 1, 0, 0
389650, 960, 1, 0, 0
389749, 1000, 1, 0, 0
389849, 1000, 1, 0, 0
389949, 950, 1, 0, 0
390049, 1000, 1, 0, 0
390149, 990, 1, 0, 0
390249, 1000, 1, 0, 0
390349, 1000, 1, 0, 0
390449, 990, 1, 0, 0
390550, 960, 1, 0, 0
390650, 990, 1, 0, 0
390749, 1020, 1, 0, 0
390849, 980, 1, 0, 0
390949, 1030, 1, 0, 0
391049, 990, 1, 0, 0
391149, 960, 1, 0, 0
391249, 1030, 1, 0, 0
391349, 990, 1, 0, 0
391449, 1050, 1, 0, 0
391549, 1010, 1, 0, 0
391649, 1040, 1, 0, 0
391749, 1010, 1, 0, 0
391850, 1030, 1, 0, 0
391950, 970, 1, 0, 0
392050, 980, 1, 0, 0
392150, 1020, 1, 0, 0
392249, 979, 1, 0, 0
392349, 1020, 1, 0, 0
392449, 1030, 1, 0, 0
392549, 1040, 1, 0, 0
392649, 980, 1, 0, 0
392749, 990, 1, 0, 0
392849, 980, 1, 0, 0
392949, 980, 1, 0, 0
393049, 990, 1, 0, 0
393149, 1000, 1, 0, 0
393249, 1010, 1, 0, 0
393349, 1000, 1, 0, 0
393449, 990, 1, 0, 0
393549, 1000, 1, 0, 0
393649, 990, 1, 0, 0
393749, 1010, 1, 0, 0
393849, 990, 1, 0, 0
393949, 960, 1, 0, 0
394049, 970, 1, 0, 0
394149, 1000, 1, 0, 0
394249, 1030, 1, 0, 0
394349, 1000, 1, 0, 0
394449, 980, 1, 0, 0
394550, 1010, 1, 0, 0
394650, 1000, 1, 0, 0
394749, 989, 1, 0, 0
394849, 1000, 1, 0, 0
394949, 970, 1, 0, 0
395049, 970, 1, 0, 0
395149, 1010, 1, 0, 0
395249, 960, 1, 0, 0
395349, 950, 1, 0, 0
395449, 1010, 1, 0, 0
395549, 990, 1, 0, 0
395649, 920, 1, 0, 0
395750, 940, 1, 0, 0
395850, 930, 1, 0, 0
395950, 970, 1, 0, 0
396050, 1000, 1, 0, 0
396150, 980, 1, 0, 0
396249, 989, 1, 0, 0
396349, 1040, 1, 0, 0
396449, 990, 1, 0, 0
396549, 990, 1, 0, 0
396649, 1030, 1, 0, 0
396749, 1020, 1, 0, 0
396849, 1010, 1, 0, 0
396949, 1000, 1, 0, 0
397050, 1000, 1, 0, 0
397150, 990, 1, 0, 0
397249, 939, 1, 0, 0
397349, 990, 1, 0, 0
397449, 970, 1, 0, 0
397549, 970, 1, 0, 0
397649, 1000, 1, 0, 0
397749, 960, 1, 0, 0
397849, 1000, 1, 0, 0
397949, 990, 1, 0, 0
398049, 940, 1, 0, 0
398149, 990, 1, 0, 0
398250, 990, 1, 0, 0
398350, 960, 1, 0, 0
398450, 960, 1, 0, 0
398550, 1000, 1, 0, 0
398650, 1000, 1, 0, 0
398749, 949, 1, 0, 0
398849, 990, 1, 0, 0
398949, 980, 1, 0, 0
399049, 1010, 1, 0, 0
399149, 1000, 1, 0, 0
399249, 1000, 1, 0, 0
399349, 1010, 1, 0, 0
399449, 1030, 1, 0, 0
399549, 1020, 1, 0, 0
399649, 1040, 1, 0, 0
399750, 1010, 1, 0, 0
399850, 1010, 1, 0, 0
399950, 1010, 1, 0, 0
400050, 1010, 1, 0, 0
400150, 1010, 1, 0, 0
400249, 1020, 1, 0, 0
400349, 1000, 1, 0, 0
400449, 980, 1, 0, 0
400549, 960, 1, 0, 0
400649, 970, 1, 0, 0
400749, 1010, 1, 0, 0
400849, 1010, 1, 0, 0
400949, 990, 1, 0, 0
401050, 1020, 1, 0, 0
401150, 1010, 1, 0, 0
401249, 1030, 1, 0, 0
401349, 1000, 1, 0, 0
401449, 1010, 1, 0, 0
401549, 970, 1, 0, 0
401649, 980, 1, 0, 0
401749, 990, 1, 0, 0
401849, 980, 1, 0, 0
401949, 1000, 1, 0, 0
402049, 1000, 1, 0, 0
402149, 970, 1, 0, 0
402249, 1000, 1, 0, 0
402349, 1010, 1, 0, 0
402449, 980, 1, 0, 0
402550, 1010, 1, 0, 0
402650, 960, 1, 0, 0
402749, 989, 1, 0, 0
402849, 1000, 1, 0, 0
402949, 1010, 1, 0, 0
403049, 980, 1, 0, 0
403149, 990, 1, 0, 0
403249, 1000, 1, 0, 0
403349, 990, 1, 0, 0
403449, 990, 1, 0, 0
403549, 990, 1, 0, 0
403649, 1000, 1, 0, 0
403750, 1020, 1, 0, 0
403850, 970, 1, 0, 0
403950, 1010, 1, 0, 0
404050, 960, 1, 0, 0
404150, 990, 1, 0, 0
404249, 1010, 1, 0, 0
404349, 960, 1, 0, 0
404449, 1000, 1, 0, 0
404549, 1020, 1, 0, 0
404649, 1030, 1, 0, 0
404749, 990, 1, 0, 0
404849, 970, 1, 0, 0
404949, 960, 1, 0, 0
405049, 1020, 1, 0, 0
405149, 960, 1, 0, 0
405249, 989, 1, 0, 0
405349, 980, 1, 0, 0
405449, 980, 1, 0, 0
405549, 940, 1, 0, 0
405649, 980, 1, 0, 0
405749, 1000, 1, 0, 0
405849, 990, 1, 0, 0
405949, 970, 1, 0, 0
406049, 1010, 1, 0, 0
406149, 1010, 1, 0, 0
406249, 950, 1, 0, 0
406349, 990, 1, 0, 0
406449, 960, 1, 0, 0
406550, 970, 1, 0, 0
406650, 980, 1, 0, 0
406749, 969, 1, 0, 0
406849, 990, 1, 0, 0
406949, 990, 1, 0, 0
407049, 980, 1, 0, 0
407149, 1000, 1, 0, 0
407249, 940, 1, 0, 0
407349, 940, 1, 0, 0
407449, 980, 1, 0, 0
407549, 980, 1, 0, 0
407649, 960, 1, 0, 0
407750, 990, 1, 0, 0
407850, 970, 1, 0, 0
407950, 980, 1, 0, 0
408050, 1000, 1, 0, 0
408150, 940, 1, 0, 0
408249, 969, 1, 0, 0
408349, 1000, 1, 0, 0
408449, 970, 1, 0, 0
408549, 990, 1, 0, 0
408649, 920, 1, 0, 0
408749, 940, 1, 0, 0
408849, 980, 1, 0, 0
408949, 970, 1, 0, 0
409049, 990, 1, 0, 0
409150, 950, 1, 0, 0
409249, 969, 1, 0, 0
409349, 980, 1, 0, 0
409449, 990, 1, 0, 0
409549, 990, 1, 0, 0
409649, 980, 1, 0, 0
409749, 1000, 1, 0, 0
409849, 970, 1, 0, 0
409949, 990, 1, 0, 0
410049, 980, 1, 0, 0
410149, 980, 1, 0, 0
410249, 990, 1, 0, 0
410349, 1040, 1, 0, 0
410449, 960, 1, 0, 0
410550, 1010, 1, 0, 0
410650, 960, 1, 0, 0
410749, 989, 1, 0, 0
410849, 970, 1, 0, 0
410949, 990, 1, 0, 0
411049, 970, 1, 0, 0
411149, 1000, 1, 0, 0
411249, 970, 1, 0, 0
411349, 970, 1, 0, 0
411449, 950, 1, 0, 0
411549, 960, 1, 0, 0
411649, 1020, 1, 0, 0
411749, 1040, 1, 0, 0
411850, 1000, 1, 0, 0
411950, 990, 1, 0, 0
412050, 1010, 1, 0, 0
412150, 990, 1, 0, 0
412249, 959, 1, 0, 0
412349, 950, 1, 0, 0
412449, 1010, 1, 0, 0
412549, 970, 1, 0, 0
412649, 980, 1, 0, 0
412749, 970, 1, 0, 0
412849, 980, 1, 0, 0
412949, 990, 1, 0, 0
413049, 970, 1, 0, 0
413150, 990, 1, 0, 0
413249, 1000, 1, 0, 0
413349, 980, 1, 0, 0
413449, 940, 1, 0, 0
413549, 960, 1, 0, 0
413649, 980, 1, 0, 0
413749, 920, 1, 0, 0
413849, 950, 1, 0, 0
413949, 1020, 1, 0, 0
414049, 990, 1, 0, 0
414149, 980, 1, 0, 0
414249, 1030, 1, 0, 0
414349, 980, 1, 0, 0
414449, 1010, 1, 0, 0
414550, 970, 1, 0, 0
414650, 960, 1, 0, 0
414749, 969, 1, 0, 0
414849, 990, 1, 0, 0
414949, 1020, 1, 0, 0
415049, 990, 1, 0, 0
415149, 1000, 1, 0, 0
415249, 1000, 1, 0, 0
415349, 1010, 1, 0, 0
415449, 990, 1, 0, 0
415549, 970, 1, 0, 0
415649, 1020, 1, 0, 0
415749, 980, 1, 0, 0
415849, 960, 1, 0, 0
415950, 990, 1, 0, 0
416050, 990, 1, 0, 0
416150, 970, 1, 0, 0
416249, 1000, 1, 0, 0
416349, 1000, 1, 0, 0
416449, 970, 1, 0, 0
416549, 940, 1, 0, 0
416649, 960, 1, 0, 0
416749, 970, 1, 0, 0
416849, 1000, 1, 0, 0
416949, 990, 1, 0, 0
417049, 1000, 1, 0, 0
417149, 990, 1, 0, 0
417250, 1030, 1, 0, 0
417350, 1020, 1, 0, 0
417450, 960, 1, 0, 0
417550, 960, 1, 0, 0
417650, 960, 1, 0, 0
417749, 929, 1, 0, 0
417849, 960, 1, 0, 0
417949, 1020, 1, 0, 0
418049, 1000, 1, 0, 0
418149, 1040, 1, 0, 0
418249, 1040, 1, 0, 0
418349, 980, 1, 0, 0
418449, 1010, 1, 0, 0
418550, 990, 1, 0, 0
418650, 990, 1, 0, 0
418749, 979, 1, 0, 0
418849, 990, 1, 0, 0
418949, 1000, 1, 0, 0
419049, 950, 1, 0, 0
419149, 1000, 1, 0, 0
419249, 1020, 1, 0, 0
419349, 970, 1, 0, 0
419449, 960, 1, 0, 0
419549, 1000, 1, 0, 0
419649, 950, 1, 0, 0
419749, 990, 1, 0, 0
419849, 1000, 1, 0, 0
419950, 990, 1, 0, 0
420050, 990, 1, 0, 0
420150, 970, 1, 0, 0
420249, 1010, 1, 0, 0
420349, 1000, 1, 0, 0
420449, 990, 1, 0, 0
420549, 990, 1, 0, 0
420649, 990, 1, 0, 0
420749, 1030, 1, 0, 0
420849, 1010, 1, 0, 0
420949, 990, 1, 0, 0
421049, 990, 1, 0, 0
421149, 1000, 1, 0, 0
421250, 1020, 1, 0, 0
421350, 1000, 1, 0, 0
421450, 980, 1, 0, 0
421550, 960, 1, 0, 0
421650, 970, 1, 0, 0
421749, 979, 1, 0, 0
421849, 1010, 1, 0, 0
421949, 1010, 1, 0, 0
422049, 940, 1, 0, 0
422149, 1000, 1, 0, 0
422249, 990, 1, 0, 0
422349, 950, 1, 0, 0
422449, 960, 1, 0, 0
422550, 930, 1, 0, 0
422650, 990, 1, 0, 0
422749, 1010, 1, 0, 0
422849, 1000, 1, 0, 0
422949, 990, 1, 0, 0
423049, 960, 1, 0, 0
423149, 960, 1, 0, 0
423249, 980, 1, 0, 0
423349, 940, 1, 0, 0
423449, 970, 1, 0, 0
423549, 940, 1, 0, 0
423649, 920, 1, 0, 0
423749, 960, 1, 0, 0
423850, 960, 1, 0, 0
423950, 950, 1, 0, 0
424050, 1010, 1, 0, 0
424150, 990, 1, 0, 0
424249, 1000, 1, 0, 0
424349, 980, 1, 0, 0
424449, 950, 1, 0, 0
424549, 970, 1, 0, 0
424649, 980, 1, 0, 0
424749, 950, 1, 0, 0
424849, 970, 1, 0, 0
424949, 940, 1, 0, 0
425049, 1010, 1, 0, 0
425149, 1030, 1, 0, 0
425249, 1000, 1, 0, 0
425349, 950, 1, 0, 0
425449, 930, 1, 0, 0
425549, 990, 1, 0, 0
425649, 1010, 1, 0, 0
425749, 990, 1, 0, 0
425849, 900, 1, 0, 0
425949, 990, 1, 0, 0
426049, 930, 1, 0, 0
426149, 970, 1, 0, 0
426249, 990, 1, 0, 0
426349, 940, 1, 0, 0
426449, 960, 1, 0, 0
426550, 940, 1, 0, 0
426650, 990, 1, 0, 0
426749, 979, 1, 0, 0
426849, 950, 1, 0, 0
426949, 960, 1, 0, 0
427049, 930, 1, 0, 0
427149, 940, 1, 0, 0
427249, 930, 1, 0, 0
427349, 960, 1, 0, 0
427449, 1000, 1, 0, 0
427549, 980, 1, 0, 0
427649, 1010, 1, 0, 0
427750, 970, 1, 0, 0
427850, 970, 1, 0, 0
427950, 970, 1, 0, 0
428050, 980, 1, 0, 0
428150, 940, 1, 0, 0
428249, 979, 1, 0, 0
428349, 940, 1, 0, 0
428449, 990, 1, 0, 0
428549, 940, 1, 0, 0
428649, 980, 1, 0, 0
428749, 880, 1, 0, 0
428849, 1000, 1, 0, 0
428949, 990, 1, 0, 0
429050, 940, 1, 0, 0
429150, 990, 1, 0, 0
429249, 929, 1, 0, 0
429349, 980, 1, 0, 0
429449, 980, 1, 0, 0
429549, 900, 1, 0, 0
429649, 950, 1, 0, 0
429749, 930, 1, 0, 0
429849, 980, 1, 0, 0
429949, 950, 1, 0, 0
430049, 940, 1, 0, 0
430149, 940, 1, 0, 0
430250, 970, 1, 0, 0
430350, 950, 1, 0, 0
430450, 950, 1, 0, 0
430550, 940, 1, 0, 0
430650, 980, 1, 0, 0
430749, 979, 1, 0, 0
430849, 990, 1, 0, 0
430949, 920, 1, 0, 0
431049, 950, 1, 0, 0
431149, 970, 1, 0, 0
431249, 960, 1, 0, 0
431349, 960, 1, 0, 0
431449, 990, 1, 0, 0
431550, 1030, 1, 0, 0
431650, 990, 1, 0, 0
431749, 979, 1, 0, 0
431849, 1020, 1, 0, 0
431949, 990, 1, 0, 0
432049, 950, 1, 0, 0
432149, 1010, 1, 0, 0
432249, 1010, 1, 0, 0
432349, 1020, 1, 0, 0
432449, 980, 1, 0, 0
432549, 1020, 1, 0, 0
432649, 970, 1, 0, 0
432749, 970, 1, 0, 0
432849, 990, 1, 0, 0
432949, 970, 1, 0, 0
433050, 990, 1, 0, 0
433150, 1010, 1, 0, 0
433249, 1010, 1, 0, 0
433349, 980, 1, 0, 0
433449, 1000, 1, 0, 0
433549, 1010, 1, 0, 0
433649, 960, 1, 0, 0
433749, 950, 1, 0, 0
433849, 950, 1, 0, 0
433949, 970, 1, 0, 0
434049, 980, 1, 0, 0
434149, 980, 1, 0, 0
434250, 1030, 1, 0, 0
434350, 1000, 1, 0, 0
434450, 1020, 1, 0, 0
434550, 980, 1, 0, 0
434650, 950, 1, 0, 0
434749, 1000, 1, 0, 0
434849, 1020, 1, 0, 0
434949, 1010, 1, 0, 0
435049, 1030, 1, 0, 0
435149, 970, 1, 0, 0
435249, 1000, 1, 0, 0
435349, 990, 1, 0, 0
435449, 970, 1, 0, 0
435549, 1060, 1, 0, 0
435650, 1000, 1, 0, 0
435749, 1010, 1, 0, 0
435849, 940, 1, 0, 0
435949, 1000, 1, 0, 0
436049, 1020, 1, 0, 0
436149, 1030, 1, 0, 0
436249, 980, 1, 0, 0
436349, 1030, 1, 0, 0
436449, 1030, 1, 0, 0
436549, 990, 1, 0, 0
436649, 990, 1, 0, 0
436749, 960, 1, 0, 0
436849, 990, 1, 0, 0
436949, 1050, 1, 0, 0
437050, 990, 1, 0, 0
437150, 990, 1, 0, 0
437249, 989, 1, 0, 0
437349, 960, 1, 0, 0
437449, 1030, 1, 0, 0
437549, 1000, 1, 0, 0
437649, 1030, 1, 0, 0
437749, 960, 1, 0, 0
437849, 960, 1, 0, 0
437949, 960, 1, 0, 0
438049, 980, 1, 0, 0
438149, 980, 1, 0, 0
438250, 1000, 1, 0, 0
438350, 1020, 1, 0, 0
438450, 1020, 1, 0, 0
438550, 970, 1, 0, 0
438650, 1040, 1, 0, 0
438749, 969, 1, 0, 0
438849, 990, 1, 0, 0
438949, 1000, 1, 0, 0
439049, 1030, 1, 0, 0
439149, 960, 1, 0, 0
439249, 1000, 1, 0, 0
439349, 990, 1, 0, 0
439449, 970, 1, 0, 0
439550, 990, 1, 0, 0
439650, 980, 1, 0, 0
439749, 1020, 1, 0, 0
439849, 1000, 1, 0, 0
439949, 990, 1, 0, 0
440049, 1090, 1, 0, 0
440149, 1040, 1, 0, 0
440249, 1030, 1, 0, 0
440349, 1000, 1, 0, 0
440449, 1020, 1, 0, 0
440549, 980, 1, 0, 0
440649, 990, 1, 0, 0
440749, 1020, 1, 0, 0
440850, 990, 1, 0, 0
440950, 1010, 1, 0, 0
441050, 1010, 1, 0, 0
441150, 1010, 1, 0, 0
441249, 1000, 1, 0, 0
441349, 1000, 1, 0, 0
441449, 940, 1, 0, 0
441549, 1000, 1, 0, 0
441649, 1040, 1, 0, 0
441749, 990, 1, 0, 0
441849, 1000, 1, 0, 0
441949, 960, 1, 0, 0
442049, 960, 1, 0, 0
442149, 1010, 1, 0, 0
442249, 979, 1, 0, 0
442349, 950, 1, 0, 0
442449, 950, 1, 0, 0
442549, 950, 1, 0, 0
442649, 990, 1, 0, 0
442749, 980, 1, 0, 0
442849, 1030, 1, 0, 0
442949, 1000, 1, 0, 0
443049, 990, 1, 0, 0
443149, 980, 1, 0, 0
443249, 1020, 1, 0, 0
443349, 1030, 1, 0, 0
443449, 1050, 1, 0, 0
443550, 970, 1, 0, 0
443650, 1010, 1, 0, 0
443749, 1030, 1, 0, 0
443849, 1000, 1, 0, 0
443949, 970, 1, 0, 0
444049, 930, 1, 0, 0
444149, 1000, 1, 0, 0
444249, 970, 1, 0, 0
444349, 1000, 1, 0, 0
444449, 1000, 1, 0, 0
444549, 970, 1, 0, 0
444649, 970, 1, 0, 0
444749, 980, 1, 0, 0
444850, 980, 1, 0, 0
444950, 970, 1, 0, 0
445050, 1000, 1, 0, 0
445150, 980, 1, 0, 0
445249, 949, 1, 0, 0
445349, 970, 1, 0, 0
445449, 990, 1, 0, 0
445549, 1010, 1, 0, 0
445649, 1020, 1, 0, 0
445749, 980, 1, 0, 0
445849, 950, 1, 0, 0
445949, 970, 1, 0, 0
446049, 970, 1, 0, 0
446150, 980, 1, 0, 0
446249, 969, 1, 0, 0
446349, 920, 1, 0, 0
446449, 1000, 1, 0, 0
446549, 900, 1, 0, 0
446649, 940, 1, 0, 0
446749, 950, 1, 0, 0
446849, 950, 1, 0, 0
446949, 990, 1, 0, 0
447049, 950, 1, 0, 0
447149, 980, 1, 0, 0
447249, 940, 1, 0, 0
447349, 940, 1, 0, 0
447449, 980, 1, 0, 0
447550, 970, 1, 0, 0
447650, 940, 1, 0, 0
447749, 979, 1, 0, 0
447849, 980, 1, 0, 0
447949, 990, 1, 0, 0
448049, 980, 1, 0, 0
448149, 920, 1, 0, 0
448249, 990, 1, 0, 0
448349, 930, 1, 0, 0
448449, 970, 1, 0, 0
448549, 940, 1, 0, 0
448649, 980, 1, 0, 0
448749, 940, 1, 0, 0
448850, 920, 1, 0, 0
448950, 990, 1, 0, 0
449050, 990, 1, 0, 0
449150, 980, 1, 0, 0
449249, 979, 1, 0, 0
449349, 930, 1, 0, 0
449449, 970, 1, 0, 0
449549, 1000, 1, 0, 0
449649, 960, 1, 0, 0
449749, 970, 1, 0, 0
449849, 950, 1, 0, 0
449949, 1000, 1, 0, 0
450049, 910, 1, 0, 0
450150, 950, 1, 0, 0
450249, 959, 1, 0, 0
450349, 930, 1, 0, 0
450449, 940, 1, 0, 0
450549, 920, 1, 0, 0
450649, 950, 1, 0, 0
450749, 930, 1, 0, 0
450849, 920, 1, 0, 0
450949, 930, 1, 0, 0
451049, 970, 1, 0, 0
451149, 980, 1, 0, 0
451249, 900, 1, 0, 0
451349, 980, 1, 0, 0
451449, 940, 1, 0, 0
451550, 950, 1, 0, 0
451650, 940, 1, 0, 0
451749, 929, 1, 0, 0
451849, 940, 1, 0, 0
451949, 980, 1, 0, 0
452049, 950, 1, 0, 0
452149, 1020, 1, 0, 0
452249, 960, 1, 0, 0
452349, 990, 1, 0, 0
452449, 980, 1, 0, 0
452549, 930, 1, 0, 0
452649, 960, 1, 0, 0
452749, 979, 1, 0, 0
452849, 1000, 1, 0, 0
452949, 990, 1, 0, 0
453049, 960, 1, 0, 0
453149, 960, 1, 0, 0
453249, 990, 1, 0, 0
453349, 910, 1, 0, 0
453449, 990, 1, 0, 0
453549, 990, 1, 0, 0
453649, 1000, 1, 0, 0
453749, 970, 1, 0, 0
453849, 940, 1, 0, 0
453949, 1000, 1, 0, 0
454050, 940, 1, 0, 0
454150, 990, 1, 0, 0
454249, 1000, 1, 0, 0
454349, 970, 1, 0, 0
454449, 1030, 1, 0, 0
454549, 980, 1, 0, 0
454649, 990, 1, 0, 0
454749, 1000, 1, 0, 0
454849, 970, 1, 0, 0
454949, 960, 1, 0, 0
455049, 980, 1, 0, 0
455149, 980, 1, 0, 0
455249, 1010, 1, 0, 0
455350, 1000, 1, 0, 0
455450, 950, 1, 0, 0
455550, 990, 1, 0, 0
455650, 960, 1, 0, 0
455749, 949, 1, 0, 0
455849, 970, 1, 0, 0
455949, 970, 1, 0, 0
456049, 1000, 1, 0, 0
456149, 970, 1, 0, 0
456249, 1000, 1, 0, 0
456349, 960, 1, 0, 0
456449, 970, 1, 0, 0
456549, 990, 1, 0, 0
456649, 960, 1, 0, 0
456750, 940, 1, 0, 0
456850, 990, 1, 0, 0
456950, 980, 1, 0, 0
457050, 960, 1, 0, 0
457150, 970, 1, 0, 0
457249, 979, 1, 0, 0
457349, 980, 1, 0, 0
457449, 950, 1, 0, 0
457549, 980, 1, 0, 0
457649, 930, 1, 0, 0
457749, 940, 1, 0, 0
457849, 990, 1, 0, 0
457949, 960, 1, 0, 0
458049, 970, 1, 0, 0
458150, 1010, 1, 0, 0
458249, 1010, 1, 0, 0
458349, 990, 1, 0, 0
458449, 990, 1, 0, 0
458549, 1000, 1, 0, 0
458649, 990, 1, 0, 0
458749, 940, 1, 0, 0
458849, 970, 1, 0, 0
458949, 1030, 1, 0, 0
459049, 1030, 1, 0, 0
459149, 980, 1, 0, 0
459249, 990, 1, 0, 0
459349, 990, 1, 0, 0
459450, 990, 1, 0, 0
459550, 1040, 1, 0, 0
459650, 980, 1, 0, 0
459749, 979, 1, 0, 0
459849, 970, 1, 0, 0
459949, 980, 1, 0, 0
460049, 980, 1, 0, 0
460149, 1010, 1, 0, 0
460249, 970, 1, 0, 0
460349, 990, 1, 0, 0
460449, 950, 1, 0, 0
460549, 990, 1, 0, 0
460650, 990, 1, 0, 0
460749, 1010, 1, 0, 0
460849, 1010, 1, 0, 0
460949, 1000, 1, 0, 0
461049, 1000, 1, 0, 0
461149, 1010, 1, 0, 0
461249, 1000, 1, 0, 0
461349, 1010, 1, 0, 0
461449, 1020, 1, 0, 0
461549, 1000, 1, 0, 0
461649, 980, 1, 0, 0
461749, 970, 1, 0, 0
461849, 1000, 1, 0, 0
461949, 1010, 1, 0, 0
462050, 1010, 1, 0, 0
462150, 1040, 1, 0, 0
462249, 939, 1, 0, 0
462349, 940, 1, 0, 0
462449, 960, 1, 0, 0
462549, 990, 1, 0, 0
462649, 1020, 1, 0, 0
462749, 1010, 1, 0, 0
462849, 1000, 1, 0, 0
462949, 1020, 1, 0, 0
463049, 1020, 1, 0, 0
463149, 980, 1, 0, 0
463250, 1020, 1, 0, 0
463350, 1000, 1, 0, 0
463450, 970, 1, 0, 0
463550, 1030, 1, 0, 0
463650, 1010, 1, 0, 0
463749, 989, 1, 0, 0
463849, 1010, 1, 0, 0
463949, 950, 1, 0, 0
464049, 970, 1, 0, 0
464149, 940, 1, 0, 0
464249, 960, 1, 0, 0
464349, 1000, 1, 0, 0
464449, 950, 1, 0, 0
464550, 990, 1, 0, 0
464650, 1010, 1, 0, 0
464749, 1000, 1, 0, 0
464849, 1020, 1, 0, 0
464949, 1010, 1, 0, 0
465049, 990, 1, 0, 0
465149, 1030, 1, 0, 0
465249, 990, 1, 0, 0
465349, 980, 1, 0, 0
465449, 1010, 1, 0, 0
465549, 980, 1, 0, 0
465649, 950, 1, 0, 0
465749, 970, 1, 0, 0
465850, 980, 1, 0, 0
465950, 950, 1, 0, 0
466050, 980, 1, 0, 0
466150, 940, 1, 0, 0
466249, 989, 1, 0, 0
466349, 1000, 1, 0, 0
466449, 1040, 1, 0, 0
466549, 1010, 1, 0, 0
466649, 990, 1, 0, 0
466749, 1010, 1, 0, 0
466849, 940, 1, 0, 0
466949, 990, 1, 0, 0
467049, 980, 1, 0, 0
467150, 990, 1, 0, 0
467249, 919, 1, 0, 0
467349, 970, 1, 0, 0
467449, 950, 1, 0, 0
467549, 990, 1, 0, 0
467649, 940, 1, 0, 0
467749, 1000, 1, 0, 0
467849, 980, 1, 0, 0
467949, 990, 1, 0, 0
468049, 980, 1, 0, 0
468149, 970, 1, 0, 0
468249, 970, 1, 0, 0
468349, 970, 1, 0, 0
468449, 970, 1, 0, 0
468550, 880, 1, 0, 0
468650, 940, 1, 0, 0
468749, 929, 1, 0, 0
468849, 970, 1, 0, 0
468949, 1020, 1, 0, 0
469049, 960, 1, 0, 0
469149, 1010, 1, 0, 0
469249, 1000, 1, 0, 0
469349, 990, 1, 0, 0
469449, 1020, 1, 0, 0
469549, 960, 1, 0, 0
469649, 950, 1, 0, 0
469750, 1010, 1, 0, 0
469850, 960, 1, 0, 0
469950, 940, 1, 0, 0
470050, 980, 1, 0, 0
470150, 990, 1, 0, 0
470249, 959, 1, 0, 0
470349, 1020, 1, 0, 0
470449, 980, 1, 0, 0
470549, 970, 1, 0, 0
470649, 980, 1, 0, 0
470749, 960, 1, 0, 0
470849, 950, 1, 0, 0
470950, 970, 1, 0, 0
471050, 980, 1, 0, 0
471150, 950, 1, 0, 0
471249, 979, 1, 0, 0
471349, 980, 1, 0, 0
471449, 980, 1, 0, 0
471549, 970, 1, 0, 0
471649, 980, 1, 0, 0
471749, 940, 1, 0, 0
471849, 910, 1, 0, 0
471949, 980, 1, 0, 0
472049, 950, 1, 0, 0
472149, 980, 1, 0, 0
472250, 980, 1, 0, 0
472350, 970, 1, 0, 0
472450, 990, 1, 0, 0
472550, 940, 1, 0, 0
472650, 960, 1, 0, 0
472749, 959, 1, 0, 0
472849, 960, 1, 0, 0
472949, 1000, 1, 0, 0
473049, 940, 1, 0, 0
473149, 1020, 1, 0, 0
473249, 1000, 1, 0, 0
473349, 960, 1, 0, 0
473449, 960, 1, 0, 0
473550, 1000, 1, 0, 0
473650, 980, 1, 0, 0
473749, 989, 1, 0, 0
473849, 940, 1, 0, 0
473949, 980, 1, 0, 0
474049, 990, 1, 0, 0
474149, 1000, 1, 0, 0
474249, 940, 1, 0, 0
474349, 1020, 1, 0, 0
474449, 1010, 1, 0, 0
474549, 1000, 1, 0, 0
474649, 950, 1, 0, 0
474749, 990, 1, 0, 0
474849, 970, 1, 0, 0
474950, 1030, 1, 0, 0
475050, 1010, 1, 0, 0
475150, 1000, 1, 0, 0
475249, 989, 1, 0, 0
475349, 990, 1, 0, 0
475449, 1040, 1, 0, 0
475549, 1020, 1, 0, 0
475649, 980, 1, 0, 0
475749, 970, 1, 0, 0
475849, 960, 1, 0, 0
475949, 1010, 1, 0, 0
476049, 980, 1, 0, 0
476149, 1010, 1, 0, 0
476250, 1000, 1, 0, 0
476350, 1030, 1, 0, 0
476450, 970, 1, 0, 0
476550, 1030, 1, 0, 0
476650, 1000, 1, 0, 0
476749, 1030, 1, 0, 0
476849, 970, 1, 0, 0
476949, 980, 1, 0, 0
477049, 960, 1, 0, 0
477149, 1010, 1, 0, 0
477249, 980, 1, 0, 0
477349, 970, 1, 0, 0
477449, 970, 1, 0, 0
477549, 930, 1, 0, 0
477649, 950, 1, 0, 0
477749, 1010, 1, 0, 0
477849, 970, 1, 0, 0
477949, 1010, 1, 0, 0
478049, 990, 1, 0, 0
478149, 930, 1, 0, 0
478249, 940, 1, 0, 0
478349, 1000, 1, 0, 0
478449, 1000, 1, 0, 0
478549, 990, 1, 0, 0
478649, 1020, 1, 0, 0
478749, 980, 1, 0, 0
478849, 980, 1, 0, 0
478949, 950, 1, 0, 0
479050, 970, 1, 0, 0
479150, 940, 1, 0, 0
479249, 989, 1, 0, 0
479349, 990, 1, 0, 0
479449, 990, 1, 0, 0
479549, 950, 1, 0, 0
479649, 960, 1, 0, 0
479749, 920, 1, 0, 0
479849, 950, 1, 0, 0
479949, 990, 1, 0, 0
480049, 980, 1, 0, 0
480149, 990, 1, 0, 0
480249, 950, 1, 0, 0
480349, 960, 1, 0, 0
480450, 1040, 1, 0, 0
480550, 1000, 1, 0, 0
480650, 1030, 1, 0, 0
480749, 979, 1, 0, 0
480849, 990, 1, 0, 0
480949, 1020, 1, 0, 0
481049, 960, 1, 0, 0
481149, 970, 1, 0, 0
481249, 1000, 1, 0, 0
481349, 1030, 1, 0, 0
481449, 1000, 1, 0, 0
481549, 940, 1, 0, 0
481649, 990, 1, 0, 0
481750, 950, 1, 0, 0
481850, 990, 1, 0, 0
481950, 950, 1, 0, 0
482050, 1010, 1, 0, 0
482150, 970, 1, 0, 0
482249, 989, 1, 0, 0
482349, 1010, 1, 0, 0
482449, 1010, 1, 0, 0
482549, 990, 1, 0, 0
482649, 960, 1, 0, 0
482749, 980, 1, 0, 0
482849, 970, 1, 0, 0
482949, 970, 1, 0, 0
483050, 960, 1, 0, 0
483150, 960, 1, 0, 0
483249, 1000, 1, 0, 0
483349, 950, 1, 0, 0
483449, 920, 1, 0, 0
483549, 990, 1, 0, 0
483649, 950, 1, 0, 0
483749, 910, 1, 0, 0
483849, 970, 1, 0, 0
483949, 950, 1, 0, 0
484049, 970, 1, 0, 0
484149, 970, 1, 0, 0
484249, 940, 1, 0, 0
484349, 1000, 1, 0, 0
484450, 960, 1, 0, 0
484550, 960, 1, 0, 0
484650, 970, 1, 0, 0
484749, 949, 1, 0, 0
484849, 980, 1, 0, 0
484949, 940, 1, 0, 0
485049, 990, 1, 0, 0
485149, 940, 1, 0, 0
485249, 960, 1, 0, 0
485349, 950, 1, 0, 0
485449, 990, 1, 0, 0
485549, 980, 1, 0, 0
485649, 950, 1, 0, 0
485749, 969, 1, 0, 0
485849, 950, 1, 0, 0
485949, 930, 1, 0, 0
486049, 970, 1, 0, 0
486149, 970, 1, 0, 0
486249, 950, 1, 0, 0
486349, 950, 1, 0, 0
486449, 990, 1, 0, 0
486549, 980, 1, 0, 0
486649, 930, 1, 0, 0
486749, 1010, 1, 0, 0
486849, 1000, 1, 0, 0
486949, 920, 1, 0, 0
487050, 1010, 1, 0, 0
487150, 980, 1, 0, 0
487249, 979, 1, 0, 0
487349, 1000, 1, 0, 0
487449, 970, 1, 0, 0
487549, 980, 1, 0, 0
487649, 1030, 1, 0, 0
487749, 930, 1, 0, 0
487849, 950, 1, 0, 0
487949, 950, 1, 0, 0
488049, 990, 1, 0, 0
488149, 980, 1, 0, 0
488249, 970, 1, 0, 0
488349, 920, 1, 0, 0
488450, 970, 1, 0, 0
488550, 960, 1, 0, 0
488650, 960, 1, 0, 0
488749, 959, 1, 0, 0
488849, 970, 1, 0, 0
488949, 970, 1, 0, 0
489049, 970, 1, 0, 0
489149, 990, 1, 0, 0
489249, 960, 1, 0, 0
489349, 1000, 1, 0, 0
489449, 980, 1, 0, 0
489549, 1010, 1, 0, 0
489649, 960, 1, 0, 0
489749, 1000, 1, 0, 0
489849, 1020, 1, 0, 0
489949, 970, 1, 0, 0
490049, 1010, 1, 0, 0
490149, 1000, 1, 0, 0
490249, 1000, 1, 0, 0
490349, 1000, 1, 0, 0
490449, 1000, 1, 0, 0
490549, 1060, 1, 0, 0
490649, 980, 1, 0, 0
490749, 970, 1, 0, 0
490849, 950, 1, 0, 0
490949, 950, 1, 0, 0
491050, 990, 1, 0, 0
491150, 970, 1, 0, 0
491249, 969, 1, 0, 0
491349, 980, 1, 0, 0
491449, 990, 1, 0, 0
491549, 980, 1, 0, 0
491649, 970, 1, 0, 0
491749, 1020, 1, 0, 0
491849, 990, 1, 0, 0
491949, 950, 1, 0, 0
492049, 1000, 1, 0, 0
492149, 990, 1, 0, 0
492250, 970, 1, 0, 0
492350, 920, 1, 0, 0
492450, 890, 1, 0, 0
492550, 930, 1, 0, 0
492650, 980, 1, 0, 0
492749, 929, 1, 0, 0
492849, 960, 1, 0, 0
492949, 990, 1, 0, 0
493049, 990, 1, 0, 0
493149, 970, 1, 0, 0
493249, 920, 1, 0, 0
493349, 920, 1, 0, 0
493449, 980, 1, 0, 0
493549, 950, 1, 0, 0
493649, 950, 1, 0, 0
493749, 989, 1, 0, 0
493849, 970, 1, 0, 0
493949, 950, 1, 0, 0
494049, 950, 1, 0, 0
494149, 970, 1, 0, 0
494249, 940, 1, 0, 0
494349, 930, 1, 0, 0
494449, 980, 1, 0, 0
494549, 930, 1, 0, 0
494649, 930, 1, 0, 0
494749, 980, 1, 0, 0
494849, 940, 1, 0, 0
494949, 970, 1, 0, 0
495050, 950, 1, 0, 0
495150, 940, 1, 0, 0
495249, 979, 1, 0, 0
495349, 920, 1, 0, 0
495449, 950, 1, 0, 0
495549, 930, 1, 0, 0
495649, 880, 1, 0, 0
495749, 920, 1, 0, 0
495849, 960, 1, 0, 0
495949, 970, 1, 0, 0
496049, 1000, 1, 0, 0
496149, 990, 1, 0, 0
496250, 960, 1, 0, 0
496350, 940, 1, 0, 0
496450, 930, 1, 0, 0
496550, 930, 1, 0, 0
496650, 970, 1, 0, 0
496749, 959, 1, 0, 0
496849, 940, 1, 0, 0
496949, 960, 1, 0, 0
497049, 950, 1, 0, 0
497149, 920, 1, 0, 0
497249, 960, 1, 0, 0
497349, 970, 1, 0, 0
497449, 950, 1, 0, 0
497549, 940, 1, 0, 0
497650, 960, 1, 0, 0
497749, 989, 1, 0, 0
497849, 970, 1, 0, 0
497949, 950, 1, 0, 0
498049, 920, 1, 0, 0
498149, 990, 1, 0, 0
498249, 930, 1, 0, 0
498349, 960, 1, 0, 0
498449, 980, 1, 0, 0
498549, 950, 1, 0, 0
498649, 1000, 1, 0, 0
498749, 930, 1, 0, 0
498849, 990, 1, 0, 0
498950, 940, 1, 0, 0
499050, 940, 1, 0, 0
499150, 970, 1, 0, 0
499249, 979, 1, 0, 0
499349, 1010, 1, 0, 0
499449, 980, 1, 0, 0
499549, 1010, 1, 0, 0
499649, 950, 1, 0, 0
499749, 990, 1, 0, 0
499849, 1000, 1, 0, 0
499949, 990, 1, 0, 0
500049, 1000, 1, 0, 0
500149, 990, 1, 0, 0
500250, 970, 1, 0, 0
500350, 1010, 1, 0, 0
500450, 990, 1, 0, 0
500550, 990, 1, 0, 0
500650, 950, 1, 0, 0
500749, 1000, 1, 0, 0
500849, 1000, 1, 0, 0
500949, 960, 1, 0, 0
501049, 970, 1, 0, 0
501149, 980, 1, 0, 0
501249, 970, 1, 0, 0
501349, 990, 1, 0, 0
501449, 990, 1, 0, 0
501549, 1000, 1, 0, 0
501649, 1020, 1, 0, 0
501749, 1040, 1, 0, 0
501849, 960, 1, 0, 0
501949, 940, 1, 0, 0
502049, 940, 1, 0, 0
502149, 990, 1, 0, 0
502249, 980, 1, 0, 0
502349, 1040, 1, 0, 0
502449, 970, 1, 0, 0
502549, 1000, 1, 0, 0
502649, 1000, 1, 0, 0
502749, 980, 1, 0, 0
502849, 980, 1, 0, 0
502949, 980, 1, 0, 0
503050, 1010, 1, 0, 0
503150, 1000, 1, 0, 0
503249, 1000, 1, 0, 0
503349, 1000, 1, 0, 0
503449, 1010, 1, 0, 0
503549, 1010, 1, 0, 0
503649, 1030, 1, 0, 0
503749, 1010, 1, 0, 0
503849, 980, 1, 0, 0
503949, 1000, 1, 0, 0
504049, 1020, 1, 0, 0
504149, 990, 1, 0, 0
504250, 990, 1, 0, 0
504350, 990, 1, 0, 0
504450, 1010, 1, 0, 0
504550, 960, 1, 0, 0
504650, 1000, 1, 0, 0
504749, 979, 1, 0, 0
504849, 1020, 1, 0, 0
504949, 980, 1, 0, 0
505049, 1020, 1, 0, 0
505149, 1020, 1, 0, 0
505249, 990, 1, 0, 0
505349, 980, 1, 0, 0
505449, 1020, 1, 0, 0
505550, 1010, 1, 0, 0
505650, 980, 1, 0, 0
505749, 919, 1, 0, 0
505849, 1000, 1, 0, 0
505949, 1010, 1, 0, 0
506049, 970, 1, 0, 0
506149, 990, 1, 0, 0
506249, 950, 1, 0, 0
506349, 1010, 1, 0, 0
506449, 990, 1, 0, 0
506549, 980, 1, 0, 0
506649, 940, 1, 0, 0
506750, 980, 1, 0, 0
506850, 1010, 1, 0, 0
506950, 970, 1, 0, 0
507050, 950, 1, 0, 0
507150, 980, 1, 0, 0
507249, 1030, 1, 0, 0
507349, 970, 1, 0, 0
507449, 960, 1, 0, 0
507549, 980, 1, 0, 0
507649, 1000, 1, 0, 0
507749, 990, 1, 0, 0
507849, 970, 1, 0, 0
507949, 1000, 1, 0, 0
508049, 920, 1, 0, 0
508149, 920, 1, 0, 0
508249, 1000, 1, 0, 0
508349, 970, 1, 0, 0
508449, 1000, 1, 0, 0
508549, 1000, 1, 0, 0
508649, 990, 1, 0, 0
508749, 980, 1, 0, 0
508849, 960, 1, 0, 0
508949, 970, 1, 0, 0
509049, 920, 1, 0, 0
509149, 980, 1, 0, 0
509249, 990, 1, 0, 0
509349, 960, 1, 0, 0
509449, 950, 1, 0, 0
509550, 960, 1, 0, 0
509650, 1020, 1, 0, 0
509749, 939, 1, 0, 0
509849, 990, 1, 0, 0
509949, 1000, 1, 0, 0
510049, 990, 1, 0, 0
510149, 950, 1, 0, 0
510249, 940, 1, 0, 0
510349, 1010, 1, 0, 0
510449, 980, 1, 0, 0
510549, 950, 1, 0, 0
510649, 960, 1, 0, 0
510749, 930, 1, 0, 0
510849, 990, 1, 0, 0
510950, 1000, 1, 0, 0
511050, 990, 1, 0, 0
511150, 970, 1, 0, 0
511249, 969, 1, 0, 0
511349, 980, 1, 0, 0
511449, 1000, 1, 0, 0
511549, 1000, 1, 0, 0
511649, 970, 1, 0, 0
511749, 1000, 1, 0, 0
511849, 970, 1, 0, 0
511949, 940, 1, 0, 0
512049, 980, 1, 0, 0
512149, 1010, 1, 0, 0
512250, 1010, 1, 0, 0
512350, 970, 1, 0, 0
512450, 1020, 1, 0, 0
512550, 1010, 1, 0, 0
512650, 1000, 1, 0, 0
512749, 989, 1, 0, 0
512849, 980, 1, 0, 0
512949, 980, 1, 0, 0
513049, 1000, 1, 0, 0
513149, 960, 1, 0, 0
513249, 1010, 1, 0, 0
513349, 990, 1, 0, 0
513449, 970, 1, 0, 0
513550, 970, 1, 0, 0
513650, 910, 1, 0, 0
513749, 979, 1, 0, 0
513849, 990, 1, 0, 0
513949, 990, 1, 0, 0
514049, 970, 1, 0, 0
514149, 970, 1, 0, 0
514249, 980, 1, 0, 0
514349, 1020, 1, 0, 0
514449, 980, 1, 0, 0
514549, 970, 1, 0, 0
514649, 990, 1, 0, 0
514749, 940, 1, 0, 0
514849, 950, 1, 0, 0
514949, 950, 1, 0, 0
515050, 940, 1, 0, 0
515150, 1000, 1, 0, 0
515249, 1030, 1, 0, 0
515349, 980, 1, 0, 0
515449, 960, 1, 0, 0
515549, 1040, 1, 0, 0
515649, 970, 1, 0, 0
515749, 960, 1, 0, 0
515849, 980, 1, 0, 0
515949, 1000, 1, 0, 0
516049, 1000, 1, 0, 0
516149, 900, 1, 0, 0
516250, 1000, 1, 0, 0
516350, 1010, 1, 0, 0
516450, 1050, 1, 0, 0
516550, 980, 1, 0, 0
516650, 1020, 1, 0, 0
516749, 989, 1, 0, 0
516849, 950, 1, 0, 0
516949, 1030, 1, 0, 0
517049, 950, 1, 0, 0
517149, 1020, 1, 0, 0
517249, 990, 1, 0, 0
517349, 940, 1, 0, 0
517449, 1010, 1, 0, 0
517550, 990, 1, 0, 0
517650, 1000, 1, 0, 0
517749, 979, 1, 0, 0
517849, 1030, 1, 0, 0
517949, 940, 1, 0, 0
518049, 990, 1, 0, 0
518149, 1000, 1, 0, 0
518249, 1000, 1, 0, 0
518349, 1010, 1, 0, 0
518449, 990, 1, 0, 0
518549, 1030, 1, 0, 0
518649, 970, 1, 0, 0
518749, 1010, 1, 0, 0
518850, 1030, 1, 0, 0
518950, 1020, 1, 0, 0
519050, 990, 1, 0, 0
519150, 1000, 1, 0, 0
519249, 1010, 1, 0, 0
519349, 1020, 1, 0, 0
519449, 1010, 1, 0, 0
519549, 930, 1, 0, 0
519649, 990, 1, 0, 0
519749, 980, 1, 0, 0
519849, 1010, 1, 0, 0
519949, 970, 1, 0, 0
520049, 1020, 1, 0, 0
520150, 1020, 1, 0, 0
520249, 979, 1, 0, 0
520349, 1040, 1, 0, 0
520449, 1020, 1, 0, 0
520549, 1000, 1, 0, 0
520649, 980, 1, 0, 0
520749, 1000, 1, 0, 0
520849, 980, 1, 0, 0
520949, 1030, 1, 0, 0
521049, 1010, 1, 0, 0
521149, 980, 1, 0, 0
521249, 990, 1, 0, 0
521349, 960, 1, 0, 0
521449, 1000, 1, 0, 0
521550, 950, 1, 0, 0
521650, 980, 1, 0, 0
521749, 979, 1, 0, 0
521849, 1000, 1, 0, 0
521949, 1040, 1, 0, 0
522049, 980, 1, 0, 0
522149, 950, 1, 0, 0
522249, 950, 1, 0, 0
522349, 960, 1, 0, 0
522449, 960, 1, 0, 0
522549, 970, 1, 0, 0
522649, 1010, 1, 0, 0
522749, 1000, 1, 0, 0
522849, 1010, 1, 0, 0
522950, 1050, 1, 0, 0
523050, 1030, 1, 0, 0
523150, 980, 1, 0, 0
523249, 979, 1, 0, 0
523349, 1000, 1, 0, 0
523449, 1030, 1, 0, 0
523549, 990, 1, 0, 0
523649, 970, 1, 0, 0
523749, 990, 1, 0, 0
523849, 1020, 1, 0, 0
523949, 1010, 1, 0, 0
524049, 1010, 1, 0, 0
524149, 970, 1, 0, 0
524250, 980, 1, 0, 0
524350, 960, 1, 0, 0
524450, 1010, 1, 0, 0
524550, 1040, 1, 0, 0
524650, 980, 1, 0, 0
524749, 989, 1, 0, 0
524849, 980, 1, 0, 0
524949, 1010, 1, 0, 0
525049, 1040, 1, 0, 0
525149, 980, 1, 0, 0
525249, 970, 1, 0, 0
525349, 1030, 1, 0, 0
525449, 1010, 1, 0, 0
525550, 1010, 1, 0, 0
525650, 1010, 1, 0, 0
525749, 969, 1, 0, 0
525849, 980, 1, 0, 0
525949, 1010, 1, 0, 0
526049, 1010, 1, 0, 0
526149, 1010, 1, 0, 0
526249, 970, 1, 0, 0
526349, 1000, 1, 0, 0
526449, 1020, 1, 0, 0
526549, 990, 1, 0, 0
526649, 1020, 1, 0, 0
526749, 1010, 1, 0, 0
526849, 1000, 1, 0, 0
526950, 980, 1, 0, 0
527050, 970, 1, 0, 0
527150, 960, 1, 0, 0
527249, 949, 1, 0, 0
527349, 1000, 1, 0, 0
527449, 1000, 1, 0, 0
527549, 990, 1, 0, 0
527649, 960, 1, 0, 0
527749, 980, 1, 0, 0
527849, 990, 1, 0, 0
527949, 970, 1, 0, 0
528049, 1000, 1, 0, 0
528149, 1040, 1, 0, 0
528249, 1000, 1, 0, 0
528349, 970, 1, 0, 0
528449, 1010, 1, 0, 0
528549, 1030, 1, 0, 0
528649, 1010, 1, 0, 0
528749, 990, 1, 0, 0
528849, 1010, 1, 0, 0
528949, 1020, 1, 0, 0
529049, 1010, 1, 0, 0
529149, 1010, 1, 0, 0
529249, 980, 1, 0, 0
529349, 970, 1, 0, 0
529449, 1010, 1, 0, 0
529550, 1010, 1, 0, 0
529650, 1030, 1, 0, 0
529749, 1020, 1, 0, 0
529849, 1030, 1, 0, 0
529949, 970, 1, 0, 0
530049, 950, 1, 0, 0
530149, 1000, 1, 0, 0
530249, 1010, 1, 0, 0
530349, 980, 1, 0, 0
530449, 970, 1, 0, 0
530549, 990, 1, 0, 0
530649, 1020, 1, 0, 0
530749, 960, 1, 0, 0
530849, 1000, 1, 0, 0
530950, 1050, 1, 0, 0
531050, 990, 1, 0, 0
531150, 1020, 1, 0, 0
531249, 959, 1, 0, 0
531349, 970, 1, 0, 0
531449, 990, 1, 0, 0
531549, 990, 1, 0, 0
531649, 980, 1, 0, 0
531749, 1010, 1, 0, 0
531849, 910, 1, 0, 0
531949, 940, 1, 0, 0
532049, 950, 1, 0, 0
532149, 1000, 1, 0, 0
532250, 990, 1, 0, 0
532350, 990, 1, 0, 0
532450, 980, 1, 0, 0
532550, 1000, 1, 0, 0
532650, 1010, 1, 0, 0
532749, 969, 1, 0, 0
532849, 980, 1, 0, 0
532949, 980, 1, 0, 0
533049, 980, 1, 0, 0
533149, 920, 1, 0, 0
533249, 980, 1, 0, 0
533349, 990, 1, 0, 0
533449, 930, 1, 0, 0
533550, 970, 1, 0, 0
533650, 950, 1, 0, 0
533749, 1000, 1, 0, 0
533849, 980, 1, 0, 0
533949, 980, 1, 0, 0
534049, 980, 1, 0, 0
534149, 990, 1, 0, 0
534249, 950, 1, 0, 0
534349, 960, 1, 0, 0
534449, 950, 1, 0, 0
534549, 960, 1, 0, 0
534649, 950, 1, 0, 0
534749, 1010, 1, 0, 0
534850, 1010, 1, 0, 0
534950, 950, 1, 0, 0
535050, 970, 1, 0, 0
535150, 1010, 1, 0, 0
535249, 939, 1, 0, 0
535349, 980, 1, 0, 0
535449, 950, 1, 0, 0
535549, 980, 1, 0, 0
535649, 940, 1, 0, 0
535749, 990, 1, 0, 0
535849, 960, 1, 0, 0
535949, 1000, 1, 0, 0
536049, 1000, 1, 0, 0
536149, 970, 1, 0, 0
536249, 1050, 1, 0, 0
536349, 910, 1, 0, 0
536449, 950, 1, 0, 0
536549, 970, 1, 0, 0
536649, 940, 1, 0, 0
536749, 1020, 1, 0, 0
536849, 990, 1, 0, 0
536949, 970, 1, 0, 0
537049, 940, 1, 0, 0
537149, 970, 1, 0, 0
537249, 950, 1, 0, 0
537349, 970, 1, 0, 0
537449, 950, 1, 0, 0
537550, 980, 1, 0, 0
537650, 980, 1, 0, 0
537749, 959, 1, 0, 0
537849, 1030, 1, 0, 0
537949, 960, 1, 0, 0
538049, 970, 1, 0, 0
538149, 970, 1, 0, 0
538249, 970, 1, 0, 0
538349, 990, 1, 0, 0
538449, 980, 1, 0, 0
538549, 1000, 1, 0, 0
538649, 950, 1, 0, 0
538750, 990, 1, 0, 0
538850, 960, 1, 0, 0
538950, 980, 1, 0, 0
539050, 1000, 1, 0, 0
539150, 1020, 1, 0, 0
539249, 1010, 1, 0, 0
539349, 970, 1, 0, 0
539449, 960, 1, 0, 0
539549, 990, 1, 0, 0
539649, 990, 1, 0, 0
539749, 990, 1, 0, 0
539849, 1000, 1, 0, 0
539949, 990, 1, 0, 0
540050, 1030, 1, 0, 0
540150, 910, 1, 0, 0
540249, 1000, 1, 0, 0
540349, 1000, 1, 0, 0
540449, 1000, 1, 0, 0
540549, 990, 1, 0, 0
540649, 960, 1, 0, 0
540749, 1000, 1, 0, 0
540849, 1000, 1, 0, 0
540949, 1010, 1, 0, 0
541049, 980, 1, 0, 0
541149, 980, 1, 0, 0
541249, 980, 1, 0, 0
541350, 950, 1, 0, 0
541450, 1000, 1, 0, 0
541550, 980, 1, 0, 0
541650, 980, 1, 0, 0
541749, 1020, 1, 0, 0
541849, 1020, 1, 0, 0
541949, 1010, 1, 0, 0
542049, 1030, 1, 0, 0
542149, 980, 1, 0, 0
542249, 950, 1, 0, 0
542349, 990, 1, 0, 0
542449, 980, 1, 0, 0
542549, 970, 1, 0, 0
542649, 1020, 1, 0, 0
542749, 979, 1, 0, 0
542849, 1020, 1, 0, 0
542949, 980, 1, 0, 0
543049, 950, 1, 0, 0
543149, 960, 1, 0, 0
543249, 980, 1, 0, 0
543349, 1050, 1, 0, 0
543449, 970, 1, 0, 0
543549, 1000, 1, 0, 0
543649, 1000, 1, 0, 0
543749, 940, 1, 0, 0
543849, 990, 1, 0, 0
543949, 950, 1, 0, 0
544050, 960, 1, 0, 0
544150, 1000, 1, 0, 0
544249, 979, 1, 0, 0
544349, 1000, 1, 0, 0
544449, 1010, 1, 0, 0
544549, 970, 1, 0, 0
544649, 990, 1, 0, 0
544749, 950, 1, 0, 0
544849, 950, 1, 0, 0
544949, 980, 1, 0, 0
545049, 1000, 1, 0, 0
545149, 1010, 1, 0, 0
545249, 990, 1, 0, 0
545350, 980, 1, 0, 0
545450, 980, 1, 0, 0
545550, 960, 1, 0, 0
545650, 990, 1, 0, 0
545749, 989, 1, 0, 0
545849, 1020, 1, 0, 0
545949, 1010, 1, 0, 0
546049, 1040, 1, 0, 0
546149, 990, 1, 0, 0
546249, 1000, 1, 0, 0
546349, 1030, 1, 0, 0
546449, 1020, 1, 0, 0
546549, 1000, 1, 0, 0
546649, 1030, 1, 0, 0
546749, 1020, 1, 0, 0
546849, 1000, 1, 0, 0
546949, 1020, 1, 0, 0
547049, 1030, 1, 0, 0
547149, 1020, 1, 0, 0
547249, 960, 1, 0, 0
547349, 960, 1, 0, 0
547449, 1020, 1, 0, 0
547549, 1020, 1, 0, 0
547649, 1040, 1, 0, 0
547749, 980, 1, 0, 0
547849, 1010, 1, 0, 0
547949, 980, 1, 0, 0
548050, 1010, 1, 0, 0
548150, 1050, 1, 0, 0
548249, 1000, 1, 0, 0
548349, 990, 1, 0, 0
548449, 980, 1, 0, 0
548549, 1020, 1, 0, 0
548649, 970, 1, 0, 0
548749, 980, 1, 0, 0
548849, 960, 1, 0, 0
548949, 1020, 1, 0, 0
549049, 1020, 1, 0, 0
549149, 1000, 1, 0, 0
549249, 1020, 1, 0, 0
549350, 1030, 1, 0, 0
549450, 990, 1, 0, 0
549550, 1020, 1, 0, 0
549650, 1000, 1, 0, 0
549749, 969, 1, 0, 0
549849, 1000, 1, 0, 0
549949, 1030, 1, 0, 0
550049, 1020, 1, 0, 0
550149, 1030, 1, 0, 0
550249, 1050, 1, 0, 0
550349, 990, 1, 0, 0
550449, 1000, 1, 0, 0
550549, 1000, 1, 0, 0
550649, 1020, 1, 0, 0
550749, 1060, 1, 0, 0
550849, 1010, 1, 0, 0
550949, 1010, 1, 0, 0
551049, 960, 1, 0, 0
551149, 1000, 1, 0, 0
551249, 1010, 1, 0, 0
551349, 980, 1, 0, 0
551449, 1030, 1, 0, 0
551549, 1010, 1, 0, 0
551649, 1000, 1, 0, 0
551749, 1010, 1, 0, 0
551849, 1000, 1, 0, 0
551949, 970, 1, 0, 0
552050, 1000, 1, 0, 0
552150, 980, 1, 0, 0
552249, 989, 1, 0, 0
552349, 1000, 1, 0, 0
552449, 1020, 1, 0, 0
552549, 1020, 1, 0, 0
552649, 980, 1, 0, 0
552749, 990, 1, 0, 0
552849, 1030, 1, 0, 0
552949, 1010, 1, 0, 0
553049, 950, 1, 0, 0
553149, 1010, 1, 0, 0
553249, 940, 1, 0, 0
553349, 1000, 1, 0, 0
553450, 960, 1, 0, 0
553550, 1010, 1, 0, 0
553650, 990, 1, 0, 0
553749, 989, 1, 0, 0
553849, 1000, 1, 0, 0
553949, 960, 1, 0, 0
554049, 970, 1, 0, 0
554149, 990, 1, 0, 0
554249, 950, 1, 0, 0
554349, 1010, 1, 0, 0
554449, 990, 1, 0, 0
554549, 990, 1, 0, 0
554649, 1010, 1, 0, 0
554750, 1050, 1, 0, 0
554850, 1000, 1, 0, 0
554950, 990, 1, 0, 0
555050, 1000, 1, 0, 0
555150, 970, 1, 0, 0
555249, 979, 1, 0, 0
555349, 990, 1, 0, 0
555449, 1000, 1, 0, 0
555549, 990, 1, 0, 0
555649, 950, 1, 0, 0
555749, 950, 1, 0, 0
555849, 970, 1, 0, 0
555949, 1030, 1, 0, 0
556049, 990, 1, 0, 0
556150, 1000, 1, 0, 0
556249, 989, 1, 0, 0
556349, 1010, 1, 0, 0
556449, 1000, 1, 0, 0
556549, 990, 1, 0, 0
556649, 990, 1, 0, 0
556749, 1010, 1, 0, 0
556849, 1030, 1, 0, 0
556949, 1040, 1, 0, 0
557049, 1050, 1, 0, 0
557149, 1010, 1, 0, 0
557249, 940, 1, 0, 0
557349, 970, 1, 0, 0
557449, 980, 1, 0, 0
557550, 1010, 1, 0, 0
557650, 1020, 1, 0, 0
557749, 929, 1, 0, 0
557849, 1010, 1, 0, 0
557949, 1000, 1, 0, 0
558049, 1010, 1, 0, 0
558149, 990, 1, 0, 0
558249, 960, 1, 0, 0
558349, 990, 1, 0, 0
558449, 980, 1, 0, 0
558549, 1010, 1, 0, 0
558649, 1000, 1, 0, 0
558749, 990, 1, 0, 0
558850, 950, 1, 0, 0
558950, 1000, 1, 0, 0
559050, 990, 1, 0, 0
559150, 970, 1, 0, 0
559249, 1020, 1, 0, 0
559349, 1020, 1, 0, 0
559449, 960, 1, 0, 0
559549, 990, 1, 0, 0
559649, 950, 1, 0, 0
559749, 1010, 1, 0, 0
559849, 950, 1, 0, 0
559949, 980, 1, 0, 0
560050, 980, 1, 0, 0
560150, 1010, 1, 0, 0
560249, 979, 1, 0, 0
560349, 1010, 1, 0, 0
560449, 970, 1, 0, 0
560549, 970, 1, 0, 0
560649, 1000, 1, 0, 0
560749, 930, 1, 0, 0
560849, 970, 1, 0, 0
560949, 990, 1, 0, 0
561049, 1000, 1, 0, 0
561149, 1020, 1, 0, 0
561249, 1020, 1, 0, 0
561350, 980, 1, 0, 0
561450, 990, 1, 0, 0
561550, 960, 1, 0, 0
561650, 970, 1, 0, 0
561749, 989, 1, 0, 0
561849, 950, 1, 0, 0
561949, 1000, 1, 0, 0
562049, 960, 1, 0, 0
562149, 1010, 1, 0, 0
562249, 940, 1, 0, 0
562349, 1000, 1, 0, 0
562449, 990, 1, 0, 0
562549, 990, 1, 0, 0
562649, 990, 1, 0, 0
562750, 940, 1, 0, 0
562850, 980, 1, 0, 0
562950, 950, 1, 0, 0
563050, 990, 1, 0, 0
563150, 970, 1, 0, 0
563249, 1000, 1, 0, 0
563349, 980, 1, 0, 0
563449, 990, 1, 0, 0
563549, 960, 1, 0, 0
563649, 1010, 1, 0, 0
563749, 1010, 1, 0, 0
563849, 990, 1, 0, 0
563949, 980, 1, 0, 0
564049, 960, 1, 0, 0
564150, 980, 1, 0, 0
564249, 929, 1, 0, 0
564349, 940, 1, 0, 0
564449, 960, 1, 0, 0
564549, 950, 1, 0, 0
564649, 940, 1, 0, 0
564749, 990, 1, 0, 0
564849, 950, 1, 0, 0
564949, 930, 1, 0, 0
565049, 940, 1, 0, 0
565149, 1000, 1, 0, 0
565249, 940, 1, 0, 0
565349, 960, 1, 0, 0
565449, 980, 1, 0, 0
565550, 990, 1, 0, 0
565650, 1010, 1, 0, 0
565749, 959, 1, 0, 0
565849, 940, 1, 0, 0
565949, 920, 1, 0, 0
566049, 970, 1, 0, 0
566149, 980, 1, 0, 0
566249, 930, 1, 0, 0
566349, 960, 1, 0, 0
566449, 950, 1, 0, 0
566549, 990, 1, 0, 0
566649, 1010, 1, 0, 0
566750, 970, 1, 0, 0
566850, 970, 1, 0, 0
566950, 1010, 1, 0, 0
567050, 970, 1, 0, 0
567150, 990, 1, 0, 0
567249, 1020, 1, 0, 0
567349, 940, 1, 0, 0
567449, 980, 1, 0, 0
567549, 1020, 1, 0, 0
567649, 1000, 1, 0, 0
567749, 1030, 1, 0, 0
567849, 980, 1, 0, 0
567949, 1000, 1, 0, 0
568050, 1010, 1, 0, 0
568150, 970, 1, 0, 0
568249, 979, 1, 0, 0
568349, 970, 1, 0, 0
568449, 980, 1, 0, 0
568549, 1040, 1, 0, 0
568649, 970, 1, 0, 0
568749, 940, 1, 0, 0
568849, 1020, 1, 0, 0
568949, 1030, 1, 0, 0
569049, 960, 1, 0, 0
569149, 950, 1, 0, 0
569249, 970, 1, 0, 0
569349, 980, 1, 0, 0
569450, 980, 1, 0, 0
569550, 950, 1, 0, 0
569650, 1000, 1, 0, 0
569749, 979, 1, 0, 0
569849, 990, 1, 0, 0
569949, 960, 1, 0, 0
570049, 1000, 1, 0, 0
570149, 930, 1, 0, 0
570249, 950, 1, 0, 0
570349, 970, 1, 0, 0
570449, 970, 1, 0, 0
570549, 990, 1, 0, 0
570649, 970, 1, 0, 0
570750, 970, 1, 0, 0
570850, 980, 1, 0, 0
570950, 970, 1, 0, 0
571050, 950, 1, 0, 0
571150, 980, 1, 0, 0
571249, 939, 1, 0, 0
571349, 980, 1, 0, 0
571449, 1000, 1, 0, 0
571549, 920, 1, 0, 0
571649, 1020, 1, 0, 0
571749, 970, 1, 0, 0
571849, 960, 1, 0, 0
571949, 1000, 1, 0, 0
572049, 980, 1, 0, 0
572150, 1000, 1, 0, 0
572249, 929, 1, 0, 0
572349, 970, 1, 0, 0
572449, 990, 1, 0, 0
572549, 1000, 1, 0, 0
572649, 980, 1, 0, 0
572749, 1010, 1, 0, 0
572849, 920, 1, 0, 0
572949, 970, 1, 0, 0
573049, 990, 1, 0, 0
573149, 990, 1, 0, 0
573249, 1020, 1, 0, 0
573350, 1010, 1, 0, 0
573450, 1020, 1, 0, 0
573550, 1010, 1, 0, 0
573650, 1010, 1, 0, 0
573749, 989, 1, 0, 0
573849, 1010, 1, 0, 0
573949, 1000, 1, 0, 0
574049, 990, 1, 0, 0
574149, 1020, 1, 0, 0
574249, 1030, 1, 0, 0
574349, 1020, 1, 0, 0
574449, 1030, 1, 0, 0
574550, 1000, 1, 0, 0
574650, 1000, 1, 0, 0
574749, 1020, 1, 0, 0
574849, 1000, 1, 0, 0
574949, 980, 1, 0, 0
575049, 990, 1, 0, 0
575149, 990, 1, 0, 0
575249, 1020, 1, 0, 0
575349, 990, 1, 0, 0
575449, 970, 1, 0, 0
575549, 1040, 1, 0, 0
575649, 970, 1, 0, 0
575749, 1030, 1, 0, 0
575850, 990, 1, 0, 0
575950, 1000, 1, 0, 0
576050, 1010, 1, 0, 0
576150, 1050, 1, 0, 0
576249, 969, 1, 0, 0
576349, 950, 1, 0, 0
576449, 980, 1, 0, 0
576549, 980, 1, 0, 0
576649, 950, 1, 0, 0
576749, 1020, 1, 0, 0
576849, 1020, 1, 0, 0
576949, 1000, 1, 0, 0
577050, 920, 1, 0, 0
577150, 950, 1, 0, 0
577249, 1000, 1, 0, 0
577349, 1020, 1, 0, 0
577449, 990, 1, 0, 0
577549, 1030, 1, 0, 0
577649, 1000, 1, 0, 0
577749, 1000, 1, 0, 0
577849, 980, 1, 0, 0
577949, 1050, 1, 0, 0
578049, 1000, 1, 0, 0
578149, 1000, 1, 0, 0
578249, 980, 1, 0, 0
578349, 1010, 1, 0, 0
578449, 1000, 1, 0, 0
578550, 1040, 1, 0, 0
578650, 1040, 1, 0, 0
578749, 969, 1, 0, 0
578849, 980, 1, 0, 0
578949, 950, 1, 0, 0
579049, 1020, 1, 0, 0
579149, 1000, 1, 0, 0
579249, 1030, 1, 0, 0
579349, 1010, 1, 0, 0
579449, 1030, 1, 0, 0
579549, 1000, 1, 0, 0
579649, 1010, 1, 0, 0
579750, 1000, 1, 0, 0
579850, 1020, 1, 0, 0
579950, 980, 1, 0, 0
580050, 960, 1, 0, 0
580150, 980, 1, 0, 0
580249, 979, 1, 0, 0
580349, 1020, 1, 0, 0
580449, 980, 1, 0, 0
580549, 970, 1, 0, 0
580649, 1030, 1, 0, 0
580749, 990, 1, 0, 0
580849, 1010, 1, 0, 0
580949, 990, 1, 0, 0
581049, 990, 1, 0, 0
581149, 1010, 1, 0, 0
581249, 969, 1, 0, 0
581349, 1020, 1, 0, 0
581449, 980, 1, 0, 0
581549, 990, 1, 0, 0
581649, 980, 1, 0, 0
581749, 980, 1, 0, 0
581849, 1010, 1, 0, 0
581949, 1000, 1, 0, 0
582049, 1010, 1, 0, 0
582149, 990, 1, 0, 0
582249, 980, 1, 0, 0
582349, 990, 1, 0, 0
582449, 990, 1, 0, 0
582550, 1030, 1, 0, 0
582650, 1050, 1, 0, 0
582749, 969, 1, 0, 0
582849, 1000, 1, 0, 0
582949, 1000, 1, 0, 0
583049, 1040, 1, 0, 0
583149, 1000, 1, 0, 0
583249, 1060, 1, 0, 0
583349, 1030, 1, 0, 0
583449, 1030, 1, 0, 0
583549, 1010, 1, 0, 0
583649, 980, 1, 0, 0
583749, 1030, 1, 0, 0
583849, 940, 1, 0, 0
583949, 990, 1, 0, 0
584050, 960, 1, 0, 0
584150, 1020, 1, 0, 0
584249, 1000, 1, 0, 0
584349, 950, 1, 0, 0
584449, 1020, 1, 0, 0
584549, 1010, 1, 0, 0
584649, 1020, 1, 0, 0
584749, 1010, 1, 0, 0
584849, 1000, 1, 0, 0
584949, 980, 1, 0, 0
585049, 1020, 1, 0, 0
585149, 990, 1, 0, 0
585250, 1000, 1, 0, 0
585350, 990, 1, 0, 0
585450, 960, 1, 0, 0
585550, 1000, 1, 0, 0
585650, 1000, 1, 0, 0
585749, 1010, 1, 0, 0
585849, 1010, 1, 0, 0
585949, 1040, 1, 0, 0
586049, 1020, 1, 0, 0
586149, 1010, 1, 0, 0
586249, 1020, 1, 0, 0
586349, 970, 1, 0, 0
586449, 1000, 1, 0, 0
586550, 1030, 1, 0, 0
586650, 990, 1, 0, 0
586749, 969, 1, 0, 0
586849, 1000, 1, 0, 0
586949, 1040, 1, 0, 0
587049, 1000, 1, 0, 0
587149, 1000, 1, 0, 0
587249, 970, 1, 0, 0
587349, 980, 1, 0, 0
587449, 990, 1, 0, 0
587549, 1020, 1, 0, 0
587649, 1020, 1, 0, 0
587749, 1000, 1, 0, 0
587849, 940, 1, 0, 0
587950, 940, 1, 0, 0
588050, 960, 1, 0, 0
588150, 980, 1, 0, 0
588249, 1010, 1, 0, 0
588349, 1010, 1, 0, 0
588449, 990, 1, 0, 0
588549, 930, 1, 0, 0
588649, 960, 1, 0, 0
588749, 960, 1, 0, 0
588849, 990, 1, 0, 0
588949, 980, 1, 0, 0
589049, 980, 1, 0, 0
589149, 990, 1, 0, 0
589249, 919, 1, 0, 0
589349, 960, 1, 0, 0
589449, 990, 1, 0, 0
589549, 960, 1, 0, 0
589649, 990, 1, 0, 0
589749, 990, 1, 0, 0
589849, 1000, 1, 0, 0
589949, 990, 1, 0, 0
590049, 960, 1, 0, 0
590149, 990, 1, 0, 0
590249, 990, 1, 0, 0
590349, 910, 1, 0, 0
590449, 950, 1, 0, 0
590550, 970, 1, 0, 0
590650, 970, 1, 0, 0
590749, 969, 1, 0, 0
590849, 940, 1, 0, 0
590949, 960, 1, 0, 0
591049, 1040, 1, 0, 0
591149, 920, 1, 0, 0
591249, 990, 1, 0, 0
591349, 970, 1, 0, 0
591449, 1010, 1, 0, 0
591549, 1000, 1, 0, 0
591649, 990, 1, 0, 0
591750, 950, 1, 0, 0
591850, 1030, 1, 0, 0
591950, 980, 1, 0, 0
592050, 970, 1, 0, 0
592150, 990, 1, 0, 0
592249, 979, 1, 0, 0
592349, 980, 1, 0, 0
592449, 1030, 1, 0, 0
592549, 1010, 1, 0, 0
592649, 970, 1, 0, 0
592749, 1000, 1, 0, 0
592849, 1010, 1, 0, 0
592949, 1000, 1, 0, 0
593050, 1000, 1, 0, 0
593150, 1010, 1, 0, 0
593249, 969, 1, 0, 0
593349, 970, 1, 0, 0
593449, 970, 1, 0, 0
593549, 980, 1, 0, 0
593649, 990, 1, 0, 0
593749, 980, 1, 0, 0
593849, 990, 1, 0, 0
593949, 920, 1, 0, 0
594049, 1050, 1, 0, 0
594149, 990, 1, 0, 0
594249, 1010, 1, 0, 0
594350, 980, 1, 0, 0
594450, 980, 1, 0, 0
594550, 940, 1, 0, 0
594650, 930, 1, 0, 0
594749, 959, 1, 0, 0
594849, 980, 1, 0, 0
594949, 980, 1, 0, 0
595049, 940, 1, 0, 0
595149, 1010, 1, 0, 0
595249, 910, 1, 0, 0
595349, 980, 1, 0, 0
595449, 970, 1, 0, 0
595549, 940, 1, 0, 0
595650, 980, 1, 0, 0
595749, 939, 1, 0, 0
595849, 990, 1, 0, 0
595949, 960, 1, 0, 0
596049, 980, 1, 0, 0
596149, 920, 1, 0, 0
596249, 1010, 1, 0, 0
596349, 940, 1, 0, 0
596449, 980, 1, 0, 0
596549, 920, 1, 0, 0
596649, 1010, 1, 0, 0
596749, 1020, 1, 0, 0
596849, 930, 1, 0, 0
596949, 980, 1, 0, 0
597050, 990, 1, 0, 0
597150, 1040, 1, 0, 0
597249, 1010, 1, 0, 0
597349, 950, 1, 0, 0
597449, 990, 1, 0, 0
597549, 1030, 1, 0, 0
597649, 960, 1, 0, 0
597749, 1020, 1, 0, 0
597849, 1040, 1, 0, 0
597949, 980, 1, 0, 0
598049, 1010, 1, 0, 0
598150, 960, 1, 0, 0
598249, 979, 1, 0, 0
598349, 940, 1, 0, 0
598449, 910, 1, 0, 0
598549, 1000, 1, 0, 0
598649, 980, 1, 0, 0
598749, 990, 1, 0, 0
598849, 950, 1, 0, 0
598949, 970, 1, 0, 0
599049, 920, 1, 0, 0
599149, 990, 1, 0, 0
599249, 980, 1, 0, 0
599349, 990, 1, 0, 0
599450, 1000, 1, 0, 0
599550, 980, 1, 0, 0
599650, 960, 1, 0, 0
599749, 959, 1, 0, 0
599849, 960, 1, 0, 0
599949, 990, 1, 0, 0
