250, 48128, 1, 0, 0
350, 46720, 1, 0, 0
450, 46720, 1, 0, 0
550, 46720, 1, 0, 0
650, 47360, 1, 0, 0
749, 45898, 1, 0, 0
849, 48000, 1, 0, 0
949, 48000, 1, 0, 0
1049, 48640, 1, 0, 0
1149, 48000, 1, 0, 0
1250, 46720, 1, 0, 0
1350, 48000, 1, 0, 0
1450, 48000, 1, 0, 0
1550, 48640, 1, 0, 0
1650, 46720, 1, 0, 0
1749, 49131, 1, 0, 0
1849, 48640, 1, 0, 0
1949, 48640, 1, 0, 0
2049, 51840, 1, 0, 0
2149, 48640, 1, 0, 0
2249, 48640, 1, 0, 0
2349, 46720, 1, 0, 0
2449, 48640, 1, 0, 0
2550, 50560, 1, 0, 0
2650, 48000, 1, 0, 0
2749, 45252, 1, 0, 0
2849, 49280, 1, 0, 0
2949, 46720, 1, 0, 0
3049, 49280, 1, 0, 0
3149, 48640, 1, 0, 0
3249, 45440, 1, 0, 0
3349, 48640, 1, 0, 0
3449, 49280, 1, 0, 0
3549, 49280, 1, 0, 0
3649, 48640, 1, 0, 0
3750, 49920, 1, 0, 0
3850, 48640, 1, 0, 0
3950, 50560, 1, 0, 0
4050, 50560, 1, 0, 0
4150, 46720, 1, 0, 0
4249, 48484, 1, 0, 0
4349, 49280, 1, 0, 0
4449, 49920, 1, 0, 0
4549, 46080, 1, 0, 0
4649, 43520, 1, 0, 0
4749, 48000, 1, 0, 0
4849, 49280, 1, 0, 0
4949, 49920, 1, 0, 0
5050, 48640, 1, 0, 0
5150, 49280, 1, 0, 0
5249, 45252, 1, 0, 0
5349, 48000, 1, 0, 0
5449, 46720, 1, 0, 0
5549, 50560, 1, 0, 0
5649, 46080, 1, 0, 0
5749, 46080, 1, 0, 0
5849, 51840, 1, 0, 0
5949, 44800, 1, 0, 0
6049, 48640, 1, 0, 0
6150, 47360, 1, 0, 0
6250, 47360, 1, 0, 0
6350, 47360, 1, 0, 0
6450, 45440, 1, 0, 0
6550, 50560, 1, 0, 0
6650, 47360, 1, 0, 0
6749, 47838, 1, 0, 0
6849, 50560, 1, 0, 0
6949, 47360, 1, 0, 0
7049, 48640, 1, 0, 0
7149, 48640, 1, 0, 0
7249, 48000, 1, 0, 0
7349, 48000, 1, 0, 0
7450, 48640, 1, 0, 0
7550, 49280, 1, 0, 0
7650, 51200, 1, 0, 0
7749, 49131, 1, 0, 0
7849, 49280, 1, 0, 0
7949, 48640, 1, 0, 0
8049, 49920, 1, 0, 0
8149, 47360, 1, 0, 0
8249, 50560, 1, 0, 0
8349, 50560, 1, 0, 0
8449, 47360, 1, 0, 0
8549, 49280, 1, 0, 0
8649, 48000, 1, 0, 0
8750, 53760, 1, 0, 0
8850, 45440, 1, 0, 0
8950, 49280, 1, 0, 0
9050, 49280, 1, 0, 0
9150, 48000, 1, 0, 0
9249, 48484, 1, 0, 0
9349, 49280, 1, 0, 0
9449, 50560, 1, 0, 0
9549, 50560, 1, 0, 0
9649, 49920, 1, 0, 0
9749, 49920, 1, 0, 0
9849, 49920, 1, 0, 0
9949, 49920, 1, 0, 0
10050, 49280, 1, 0, 0
10150, 51200, 1, 0, 0
10249, 49131, 1, 0, 0
10349, 49280, 1, 0, 0
10449, 48000, 1, 0, 0
10549, 51200, 1, 0, 0
10649, 49280, 1, 0, 0
10749, 46080, 1, 0, 0
10849, 49920, 1, 0, 0
10949, 48640, 1, 0, 0
11049, 47360, 1, 0, 0
11149, 48640, 1, 0, 0
11250, 49920, 1, 0, 0
11350, 48000, 1, 0, 0
11450, 48000, 1, 0, 0
11550, 49920, 1, 0, 0
11650, 48640, 1, 0, 0
11749, 49777, 1, 0, 0
11849, 49280, 1, 0, 0
11949, 47360, 1, 0, 0
12049, 47360, 1, 0, 0
12149, 48000, 1, 0, 0
12249, 50560, 1, 0, 0
12349, 52480, 1, 0, 0
12449, 50560, 1, 0, 0
12550, 46080, 1, 0, 0
12650, 49920, 1, 0, 0
12749, 47838, 1, 0, 0
12849, 48640, 1, 0, 0
12949, 45440, 1, 0, 0
13049, 49280, 1, 0, 0
13149, 49920, 1, 0, 0
13249, 49280, 1, 0, 0
13349, 51200, 1, 0, 0
13449, 49920, 1, 0, 0
13549, 52480, 1, 0, 0
13649, 48000, 1, 0, 0
13750, 49280, 1, 0, 0
13850, 48640, 1, 0, 0
13950, 48000, 1, 0, 0
14050, 48640, 1, 0, 0
14150, 49280, 1, 0, 0
14249, 49131, 1, 0, 0
14349, 47360, 1, 0, 0
14449, 50560, 1, 0, 0
14549, 46720, 1, 0, 0
14649, 47360, 1, 0, 0
14749, 49920, 1, 0, 0
14849, 51840, 1, 0, 0
14949, 51200, 1, 0, 0
15050, 51200, 1, 0, 0
15150, 46080, 1, 0, 0
15249, 51070, 1, 0, 0
15349, 51200, 1, 0, 0
15449, 51840, 1, 0, 0
15549, 49920, 1, 0, 0
15649, 49920, 1, 0, 0
15749, 46720, 1, 0, 0
15849, 49280, 1, 0, 0
15949, 49280, 1, 0, 0
16049, 50560, 1, 0, 0
16149, 52480, 1, 0, 0
16250, 54400, 1, 0, 0
16350, 51200, 1, 0, 0
16450, 49920, 1, 0, 0
16550, 46720, 1, 0, 0
16650, 51840, 1, 0, 0
16749, 48484, 1, 0, 0
16849, 49280, 1, 0, 0
16949, 49280, 1, 0, 0
17049, 48640, 1, 0, 0
17149, 48640, 1, 0, 0
17249, 49920, 1, 0, 0
17349, 50560, 1, 0, 0
17449, 51840, 1, 0, 0
17550, 48000, 1, 0, 0
17650, 52480, 1, 0, 0
17749, 50424, 1, 0, 0
17849, 46720, 1, 0, 0
17949, 49920, 1, 0, 0
18049, 48640, 1, 0, 0
18149, 49920, 1, 0, 0
18249, 49280, 1, 0, 0
18349, 50560, 1, 0, 0
18449, 50560, 1, 0, 0
18549, 46720, 1, 0, 0
18649, 54400, 1, 0, 0
18750, 49280, 1, 0, 0
18850, 48000, 1, 0, 0
18950, 48000, 1, 0, 0
19050, 49920, 1, 0, 0
19150, 49280, 1, 0, 0
19249, 47191, 1, 0, 0
19349, 49920, 1, 0, 0
19449, 50560, 1, 0, 0
19549, 51840, 1, 0, 0
19649, 49280, 1, 0, 0
19749, 50560, 1, 0, 0
19849, 48000, 1, 0, 0
19949, 51840, 1, 0, 0
20050, 48640, 1, 0, 0
20150, 51840, 1, 0, 0
20249, 50424, 1, 0, 0
20349, 49280, 1, 0, 0
20449, 50560, 1, 0, 0
20549, 48640, 1, 0, 0
20649, 47360, 1, 0, 0
20749, 50560, 1, 0, 0
20849, 51840, 1, 0, 0
20949, 49920, 1, 0, 0
21049, 49280, 1, 0, 0
21149, 48640, 1, 0, 0
21250, 47360, 1, 0, 0
21350, 49920, 1, 0, 0
21450, 50560, 1, 0, 0
21550, 51200, 1, 0, 0
21650, 51200, 1, 0, 0
21749, 48484, 1, 0, 0
21849, 49920, 1, 0, 0
21949, 50560, 1, 0, 0
22049, 44800, 1, 0, 0
22149, 49280, 1, 0, 0
22249, 49920, 1, 0, 0
22349, 49920, 1, 0, 0
22449, 51200, 1, 0, 0
22550, 49920, 1, 0, 0
22650, 47360, 1, 0, 0
22749, 47838, 1, 0, 0
22849, 48000, 1, 0, 0
22949, 48640, 1, 0, 0
23049, 46080, 1, 0, 0
23149, 47360, 1, 0, 0
23249, 49920, 1, 0, 0
23349, 46720, 1, 0, 0
23449, 51200, 1, 0, 0
23549, 47360, 1, 0, 0
23649, 50560, 1, 0, 0
23750, 49280, 1, 0, 0
23850, 48000, 1, 0, 0
23950, 48640, 1, 0, 0
24050, 49920, 1, 0, 0
24150, 49920, 1, 0, 0
24249, 51070, 1, 0, 0
24349, 51840, 1, 0, 0
24449, 48000, 1, 0, 0
24549, 50560, 1, 0, 0
24649, 49920, 1, 0, 0
24749, 48640, 1, 0, 0
24849, 48640, 1, 0, 0
24949, 48000, 1, 0, 0
25050, 49920, 1, 0, 0
25150, 47360, 1, 0, 0
25249, 49131, 1, 0, 0
25349, 44800, 1, 0, 0
25449, 49920, 1, 0, 0
25549, 48640, 1, 0, 0
25649, 47360, 1, 0, 0
25749, 49280, 1, 0, 0
25849, 48000, 1, 0, 0
25949, 48640, 1, 0, 0
26049, 51840, 1, 0, 0
26149, 47360, 1, 0, 0
26250, 49280, 1, 0, 0
26350, 48640, 1, 0, 0
26450, 50560, 1, 0, 0
26550, 46720, 1, 0, 0
26650, 49280, 1, 0, 0
26749, 51070, 1, 0, 0
26849, 48000, 1, 0, 0
26949, 51200, 1, 0, 0
27049, 48000, 1, 0, 0
27149, 46080, 1, 0, 0
27249, 51200, 1, 0, 0
27349, 48000, 1, 0, 0
27449, 51840, 1, 0, 0
27550, 51840, 1, 0, 0
27650, 50560, 1, 0, 0
27749, 51070, 1, 0, 0
27849, 47360, 1, 0, 0
27949, 49920, 1, 0, 0
28049, 49920, 1, 0, 0
28149, 50560, 1, 0, 0
28249, 47360, 1, 0, 0
28349, 49280, 1, 0, 0
28449, 44800, 1, 0, 0
28549, 47360, 1, 0, 0
28649, 51200, 1, 0, 0
28750, 49920, 1, 0, 0
28850, 48640, 1, 0, 0
28950, 48640, 1, 0, 0
29050, 51200, 1, 0, 0
29150, 50560, 1, 0, 0
29249, 51070, 1, 0, 0
29349, 50560, 1, 0, 0
29449, 49280, 1, 0, 0
29549, 49920, 1, 0, 0
29649, 49280, 1, 0, 0
29749, 48640, 1, 0, 0
29849, 46080, 1, 0, 0
29949, 49920, 1, 0, 0
30050, 50560, 1, 0, 0
30150, 49280, 1, 0, 0
30249, 51070, 1, 0, 0
30349, 50560, 1, 0, 0
30449, 48000, 1, 0, 0
30549, 50560, 1, 0, 0
30649, 51840, 1, 0, 0
30749, 49920, 1, 0, 0
30849, 53760, 1, 0, 0
30949, 48000, 1, 0, 0
31049, 48640, 1, 0, 0
31149, 48000, 1, 0, 0
31250, 49280, 1, 0, 0
31350, 48000, 1, 0, 0
31450, 46080, 1, 0, 0
31550, 48000, 1, 0, 0
31650, 52480, 1, 0, 0
31749, 48484, 1, 0, 0
31849, 45440, 1, 0, 0
31949, 49280, 1, 0, 0
32049, 51840, 1, 0, 0
32149, 46720, 1, 0, 0
32249, 48640, 1, 0, 0
32349, 47360, 1, 0, 0
32450, 49920, 1, 0, 0
32550, 46720, 1, 0, 0
32650, 50560, 1, 0, 0
32749, 48484, 1, 0, 0
32849, 47360, 1, 0, 0
32949, 49920, 1, 0, 0
33049, 49920, 1, 0, 0
33149, 48640, 1, 0, 0
33249, 49920, 1, 0, 0
33349, 51840, 1, 0, 0
33449, 46720, 1, 0, 0
33549, 48000, 1, 0, 0
33649, 48640, 1, 0, 0
33750, 51840, 1, 0, 0
33850, 47360, 1, 0, 0
33950, 48000, 1, 0, 0
34050, 49280, 1, 0, 0
34150, 51840, 1, 0, 0
34249, 49131, 1, 0, 0
34349, 50560, 1, 0, 0
34449, 48640, 1, 0, 0
34549, 49280, 1, 0, 0
34649, 49920, 1, 0, 0
34749, 49920, 1, 0, 0
34849, 48640, 1, 0, 0
34949, 49920, 1, 0, 0
35050, 48000, 1, 0, 0
35150, 49920, 1, 0, 0
35249, 51070, 1, 0, 0
35349, 48640, 1, 0, 0
35449, 48640, 1, 0, 0
35549, 50560, 1, 0, 0
35649, 48640, 1, 0, 0
35749, 49920, 1, 0, 0
35849, 51200, 1, 0, 0
35949, 51840, 1, 0, 0
36049, 48000, 1, 0, 0
36149, 49280, 1, 0, 0
36250, 49280, 1, 0, 0
36350, 49280, 1, 0, 0
36450, 50560, 1, 0, 0
36550, 48000, 1, 0, 0
36650, 50560, 1, 0, 0
36749, 50424, 1, 0, 0
36849, 48640, 1, 0, 0
36949, 49280, 1, 0, 0
37049, 51200, 1, 0, 0
37149, 51200, 1, 0, 0
37249, 48000, 1, 0, 0
37349, 45440, 1, 0, 0
37449, 47360, 1, 0, 0
37550, 47360, 1, 0, 0
37650, 46720, 1, 0, 0
37749, 49131, 1, 0, 0
37849, 50560, 1, 0, 0
37949, 48640, 1, 0, 0
38049, 49280, 1, 0, 0
38149, 49280, 1, 0, 0
38249, 51200, 1, 0, 0
38349, 46080, 1, 0, 0
38449, 48000, 1, 0, 0
38549, 49920, 1, 0, 0
38649, 54400, 1, 0, 0
38750, 51840, 1, 0, 0
38850, 51840, 1, 0, 0
38950, 48640, 1, 0, 0
39050, 51200, 1, 0, 0
39150, 55040, 1, 0, 0
39249, 47838, 1, 0, 0
39349, 48000, 1, 0, 0
39449, 51200, 1, 0, 0
39549, 48000, 1, 0, 0
39649, 49280, 1, 0, 0
39749, 48640, 1, 0, 0
39849, 49280, 1, 0, 0
39949, 50560, 1, 0, 0
40050, 51200, 1, 0, 0
40150, 49280, 1, 0, 0
40249, 51717, 1, 0, 0
40349, 51200, 1, 0, 0
40449, 51200, 1, 0, 0
40549, 49280, 1, 0, 0
40649, 50560, 1, 0, 0
40749, 48000, 1, 0, 0
40849, 53120, 1, 0, 0
40949, 50560, 1, 0, 0
41049, 52480, 1, 0, 0
41149, 51200, 1, 0, 0
41250, 50560, 1, 0, 0
41350, 47360, 1, 0, 0
41450, 52480, 1, 0, 0
41550, 50560, 1, 0, 0
41650, 51840, 1, 0, 0
41749, 50424, 1, 0, 0
41849, 52480, 1, 0, 0
41949, 52480, 1, 0, 0
42049, 46720, 1, 0, 0
42149, 51200, 1, 0, 0
42249, 50560, 1, 0, 0
42349, 50560, 1, 0, 0
42449, 50560, 1, 0, 0
42550, 54400, 1, 0, 0
42650, 50560, 1, 0, 0
42749, 50424, 1, 0, 0
42849, 49280, 1, 0, 0
42949, 49280, 1, 0, 0
43049, 51200, 1, 0, 0
43149, 53760, 1, 0, 0
43249, 50560, 1, 0, 0
43349, 51840, 1, 0, 0
43449, 48000, 1, 0, 0
43549, 52480, 1, 0, 0
43649, 47360, 1, 0, 0
43750, 53120, 1, 0, 0
43850, 51200, 1, 0, 0
43950, 55680, 1, 0, 0
44050, 51200, 1, 0, 0
44150, 51200, 1, 0, 0
44249, 48484, 1, 0, 0
44349, 53120, 1, 0, 0
44449, 48000, 1, 0, 0
44549, 53760, 1, 0, 0
44649, 51840, 1, 0, 0
44749, 49280, 1, 0, 0
44849, 51200, 1, 0, 0
44949, 51840, 1, 0, 0
45050, 49280, 1, 0, 0
45150, 53120, 1, 0, 0
45249, 51717, 1, 0, 0
45349, 50560, 1, 0, 0
45449, 48640, 1, 0, 0
45549, 53760, 1, 0, 0
45649, 53760, 1, 0, 0
45749, 51200, 1, 0, 0
45849, 51840, 1, 0, 0
45949, 54400, 1, 0, 0
46049, 50560, 1, 0, 0
46149, 50560, 1, 0, 0
46250, 54400, 1, 0, 0
46350, 53120, 1, 0, 0
46450, 53760, 1, 0, 0
46550, 51200, 1, 0, 0
46650, 49280, 1, 0, 0
46749, 52363, 1, 0, 0
46849, 51200, 1, 0, 0
46949, 52480, 1, 0, 0
47049, 50560, 1, 0, 0
47149, 48000, 1, 0, 0
47249, 49920, 1, 0, 0
47349, 49920, 1, 0, 0
47449, 47360, 1, 0, 0
47550, 49920, 1, 0, 0
47650, 49920, 1, 0, 0
47749, 50424, 1, 0, 0
47849, 52480, 1, 0, 0
47949, 49280, 1, 0, 0
48049, 49920, 1, 0, 0
48149, 53120, 1, 0, 0
48249, 53120, 1, 0, 0
48349, 48640, 1, 0, 0
48449, 51200, 1, 0, 0
48549, 50560, 1, 0, 0
48649, 48640, 1, 0, 0
48750, 50560, 1, 0, 0
48850, 49280, 1, 0, 0
48950, 51200, 1, 0, 0
49050, 50560, 1, 0, 0
49150, 53760, 1, 0, 0
49249, 51070, 1, 0, 0
49349, 52480, 1, 0, 0
49449, 51840, 1, 0, 0
49549, 49280, 1, 0, 0
49649, 50560, 1, 0, 0
49749, 50560, 1, 0, 0
49849, 50560, 1, 0, 0
49950, 53760, 1, 0, 0
50050, 53120, 1, 0, 0
50150, 50560, 1, 0, 0
50249, 48484, 1, 0, 0
50349, 51840, 1, 0, 0
50449, 52480, 1, 0, 0
50549, 51840, 1, 0, 0
50649, 47360, 1, 0, 0
50749, 53760, 1, 0, 0
50849, 49920, 1, 0, 0
50949, 53760, 1, 0, 0
51049, 53120, 1, 0, 0
51150, 52480, 1, 0, 0
51249, 53010, 1, 0, 0
51349, 50560, 1, 0, 0
51449, 53760, 1, 0, 0
51549, 55680, 1, 0, 0
51649, 51840, 1, 0, 0
51749, 53760, 1, 0, 0
51849, 51840, 1, 0, 0
51949, 51840, 1, 0, 0
52049, 53760, 1, 0, 0
52149, 53760, 1, 0, 0
52249, 53760, 1, 0, 0
52349, 51840, 1, 0, 0
52450, 54400, 1, 0, 0
52550, 52480, 1, 0, 0
52650, 45440, 1, 0, 0
52749, 54303, 1, 0, 0
52849, 51840, 1, 0, 0
52949, 51840, 1, 0, 0
53049, 55680, 1, 0, 0
53149, 54400, 1, 0, 0
53249, 54400, 1, 0, 0
53349, 53760, 1, 0, 0
53449, 52480, 1, 0, 0
53549, 53760, 1, 0, 0
53650, 54400, 1, 0, 0
53749, 50424, 1, 0, 0
53849, 55040, 1, 0, 0
53949, 55040, 1, 0, 0
54049, 53120, 1, 0, 0
54149, 53120, 1, 0, 0
54249, 53760, 1, 0, 0
54349, 55040, 1, 0, 0
54449, 55040, 1, 0, 0
54549, 54400, 1, 0, 0
54649, 51840, 1, 0, 0
54749, 51840, 1, 0, 0
54849, 53760, 1, 0, 0
54950, 54400, 1, 0, 0
55050, 53760, 1, 0, 0
55150, 53120, 1, 0, 0
55249, 54303, 1, 0, 0
55349, 55040, 1, 0, 0
55449, 53760, 1, 0, 0
55549, 51200, 1, 0, 0
55649, 53120, 1, 0, 0
55749, 53120, 1, 0, 0
55849, 51840, 1, 0, 0
55949, 54400, 1, 0, 0
56049, 52480, 1, 0, 0
56149, 53760, 1, 0, 0
56250, 54400, 1, 0, 0
56350, 53120, 1, 0, 0
56450, 49920, 1, 0, 0
56550, 53120, 1, 0, 0
56650, 51200, 1, 0, 0
56749, 53656, 1, 0, 0
56849, 53120, 1, 0, 0
56949, 58240, 1, 0, 0
57049, 55680, 1, 0, 0
57149, 56320, 1, 0, 0
57249, 55040, 1, 0, 0
57349, 51200, 1, 0, 0
57449, 56320, 1, 0, 0
57550, 52480, 1, 0, 0
57650, 53760, 1, 0, 0
57749, 53010, 1, 0, 0
57849, 58880, 1, 0, 0
57949, 53760, 1, 0, 0
58049, 53760, 1, 0, 0
58149, 54400, 1, 0, 0
58249, 55680, 1, 0, 0
58349, 51840, 1, 0, 0
58449, 53120, 1, 0, 0
58549, 54400, 1, 0, 0
58649, 54400, 1, 0, 0
58750, 53120, 1, 0, 0
58850, 56320, 1, 0, 0
58950, 52480, 1, 0, 0
59050, 56960, 1, 0, 0
59150, 53120, 1, 0, 0
59249, 51717, 1, 0, 0
59349, 51840, 1, 0, 0
59449, 49920, 1, 0, 0
59549, 53120, 1, 0, 0
59649, 52480, 1, 0, 0
59749, 51840, 1, 0, 0
59849, 53760, 1, 0, 0
59949, 55680, 1, 0, 0
60050, 51200, 1, 0, 0
60150, 55040, 1, 0, 0
60249, 53010, 1, 0, 0
60349, 52480, 1, 0, 0
60449, 51200, 1, 0, 0
60549, 52480, 1, 0, 0
60649, 53120, 1, 0, 0
60749, 52480, 1, 0, 0
60849, 55680, 1, 0, 0
60949, 53120, 1, 0, 0
61049, 53120, 1, 0, 0
61149, 50560, 1, 0, 0
61250, 54400, 1, 0, 0
61350, 53120, 1, 0, 0
61450, 55680, 1, 0, 0
61550, 51200, 1, 0, 0
61650, 52480, 1, 0, 0
61749, 55595, 1, 0, 0
61849, 50560, 1, 0, 0
61949, 51840, 1, 0, 0
62049, 51840, 1, 0, 0
62149, 53120, 1, 0, 0
62249, 54400, 1, 0, 0
62349, 53120, 1, 0, 0
62449, 52480, 1, 0, 0
62550, 53120, 1, 0, 0
62650, 51840, 1, 0, 0
62749, 52363, 1, 0, 0
62849, 53120, 1, 0, 0
62949, 55040, 1, 0, 0
63049, 52480, 1, 0, 0
63149, 53120, 1, 0, 0
63249, 53760, 1, 0, 0
63349, 55040, 1, 0, 0
63449, 55680, 1, 0, 0
63549, 52480, 1, 0, 0
63649, 55040, 1, 0, 0
63750, 51840, 1, 0, 0
63850, 53120, 1, 0, 0
63950, 53760, 1, 0, 0
64050, 52480, 1, 0, 0
64150, 54400, 1, 0, 0
64249, 53656, 1, 0, 0
64349, 51200, 1, 0, 0
64449, 56320, 1, 0, 0
64549, 51840, 1, 0, 0
64649, 54400, 1, 0, 0
64749, 51840, 1, 0, 0
64849, 54400, 1, 0, 0
64949, 51840, 1, 0, 0
65050, 54400, 1, 0, 0
65150, 51200, 1, 0, 0
65249, 56888, 1, 0, 0
65349, 51840, 1, 0, 0
65449, 54400, 1, 0, 0
65549, 53120, 1, 0, 0
65649, 51840, 1, 0, 0
65749, 55040, 1, 0, 0
65849, 54400, 1, 0, 0
65949, 52480, 1, 0, 0
66049, 51840, 1, 0, 0
66149, 51840, 1, 0, 0
66250, 59520, 1, 0, 0
66350, 56960, 1, 0, 0
66450, 55680, 1, 0, 0
66550, 52480, 1, 0, 0
66650, 51200, 1, 0, 0
66749, 49777, 1, 0, 0
66849, 53120, 1, 0, 0
66949, 51200, 1, 0, 0
67049, 53120, 1, 0, 0
67149, 53120, 1, 0, 0
67249, 49920, 1, 0, 0
67349, 55680, 1, 0, 0
67449, 53760, 1, 0, 0
67550, 51840, 1, 0, 0
67650, 56320, 1, 0, 0
67749, 53010, 1, 0, 0
67849, 51200, 1, 0, 0
67949, 53760, 1, 0, 0
68049, 52480, 1, 0, 0
68149, 53760, 1, 0, 0
68249, 53120, 1, 0, 0
68349, 51200, 1, 0, 0
68449, 57600, 1, 0, 0
68549, 53120, 1, 0, 0
68649, 51200, 1, 0, 0
68750, 56960, 1, 0, 0
68850, 53120, 1, 0, 0
68950, 53760, 1, 0, 0
69050, 54400, 1, 0, 0
69150, 50560, 1, 0, 0
69249, 54949, 1, 0, 0
69349, 53120, 1, 0, 0
69449, 53760, 1, 0, 0
69549, 51840, 1, 0, 0
69649, 50560, 1, 0, 0
69749, 53120, 1, 0, 0
69849, 53120, 1, 0, 0
69950, 52480, 1, 0, 0
70050, 51840, 1, 0, 0
70150, 54400, 1, 0, 0
70249, 53656, 1, 0, 0
70349, 52480, 1, 0, 0
70449, 53760, 1, 0, 0
70549, 56320, 1, 0, 0
70649, 54400, 1, 0, 0
70749, 51200, 1, 0, 0
70849, 54400, 1, 0, 0
70949, 53120, 1, 0, 0
71049, 55680, 1, 0, 0
71150, 53760, 1, 0, 0
71250, 53760, 1, 0, 0
71350, 52480, 1, 0, 0
71450, 51840, 1, 0, 0
71550, 52480, 1, 0, 0
71650, 52480, 1, 0, 0
71749, 53656, 1, 0, 0
71849, 50560, 1, 0, 0
71949, 55680, 1, 0, 0
72049, 53120, 1, 0, 0
72149, 56320, 1, 0, 0
72249, 53760, 1, 0, 0
72349, 55040, 1, 0, 0
72449, 49920, 1, 0, 0
72550, 51840, 1, 0, 0
72650, 53120, 1, 0, 0
72749, 53656, 1, 0, 0
72849, 53760, 1, 0, 0
72949, 53120, 1, 0, 0
73049, 53120, 1, 0, 0
73149, 53120, 1, 0, 0
73249, 56320, 1, 0, 0
73349, 56320, 1, 0, 0
73449, 55040, 1, 0, 0
73549, 56320, 1, 0, 0
73649, 55680, 1, 0, 0
73750, 53760, 1, 0, 0
73850, 54400, 1, 0, 0
73950, 53120, 1, 0, 0
74050, 53760, 1, 0, 0
74150, 55040, 1, 0, 0
74249, 49777, 1, 0, 0
74349, 54400, 1, 0, 0
74449, 55040, 1, 0, 0
74549, 53120, 1, 0, 0
74649, 55040, 1, 0, 0
74749, 55040, 1, 0, 0
74849, 54400, 1, 0, 0
74949, 55040, 1, 0, 0
75050, 52480, 1, 0, 0
75150, 55680, 1, 0, 0
75249, 53010, 1, 0, 0
75349, 56960, 1, 0, 0
75449, 52480, 1, 0, 0
75549, 50560, 1, 0, 0
75649, 52480, 1, 0, 0
75749, 53760, 1, 0, 0
75849, 52480, 1, 0, 0
75949, 55680, 1, 0, 0
76049, 52480, 1, 0, 0
76149, 52480, 1, 0, 0
76250, 54400, 1, 0, 0
76350, 54400, 1, 0, 0
76450, 52480, 1, 0, 0
76550, 56320, 1, 0, 0
76650, 53760, 1, 0, 0
76749, 49131, 1, 0, 0
76849, 53120, 1, 0, 0
76949, 53120, 1, 0, 0
77049, 55040, 1, 0, 0
77149, 48640, 1, 0, 0
77249, 56320, 1, 0, 0
77349, 56960, 1, 0, 0
77449, 53120, 1, 0, 0
77550, 51200, 1, 0, 0
77650, 51200, 1, 0, 0
77749, 49131, 1, 0, 0
77849, 56320, 1, 0, 0
77949, 51840, 1, 0, 0
78049, 53120, 1, 0, 0
78149, 51200, 1, 0, 0
78249, 54400, 1, 0, 0
78349, 49920, 1, 0, 0
78449, 51200, 1, 0, 0
78549, 51840, 1, 0, 0
78649, 53760, 1, 0, 0
78750, 53120, 1, 0, 0
78850, 53760, 1, 0, 0
78950, 51840, 1, 0, 0
79050, 54400, 1, 0, 0
79150, 55680, 1, 0, 0
79249, 52363, 1, 0, 0
79349, 51200, 1, 0, 0
79449, 55040, 1, 0, 0
79549, 53760, 1, 0, 0
79649, 54400, 1, 0, 0
79749, 55040, 1, 0, 0
79849, 54400, 1, 0, 0
79949, 51200, 1, 0, 0
80050, 55040, 1, 0, 0
80150, 54400, 1, 0, 0
80249, 53010, 1, 0, 0
80349, 55680, 1, 0, 0
80449, 54400, 1, 0, 0
80549, 58240, 1, 0, 0
80649, 51840, 1, 0, 0
80749, 52480, 1, 0, 0
80849, 50560, 1, 0, 0
80949, 55680, 1, 0, 0
81049, 50560, 1, 0, 0
81149, 52480, 1, 0, 0
81250, 53120, 1, 0, 0
81350, 54400, 1, 0, 0
81450, 51200, 1, 0, 0
81550, 56960, 1, 0, 0
81650, 55680, 1, 0, 0
81749, 55595, 1, 0, 0
81849, 53120, 1, 0, 0
81949, 55040, 1, 0, 0
82049, 55040, 1, 0, 0
82149, 51840, 1, 0, 0
82249, 53120, 1, 0, 0
82349, 51840, 1, 0, 0
82449, 55040, 1, 0, 0
82550, 54400, 1, 0, 0
82650, 53760, 1, 0, 0
82749, 54949, 1, 0, 0
82849, 54400, 1, 0, 0
82949, 49920, 1, 0, 0
83049, 58880, 1, 0, 0
83149, 49920, 1, 0, 0
83249, 55040, 1, 0, 0
83349, 55680, 1, 0, 0
83449, 53760, 1, 0, 0
83549, 53760, 1, 0, 0
83649, 52480, 1, 0, 0
83750, 53760, 1, 0, 0
83850, 55040, 1, 0, 0
83950, 53120, 1, 0, 0
84050, 56320, 1, 0, 0
84150, 54400, 1, 0, 0
84249, 53010, 1, 0, 0
84349, 55680, 1, 0, 0
84449, 55040, 1, 0, 0
84549, 56320, 1, 0, 0
84649, 54400, 1, 0, 0
84749, 55680, 1, 0, 0
84849, 54400, 1, 0, 0
84950, 56320, 1, 0, 0
85050, 55680, 1, 0, 0
85150, 57600, 1, 0, 0
85249, 53010, 1, 0, 0
85349, 51840, 1, 0, 0
85449, 53120, 1, 0, 0
85549, 53760, 1, 0, 0
85649, 53760, 1, 0, 0
85749, 53760, 1, 0, 0
85849, 55040, 1, 0, 0
85949, 56960, 1, 0, 0
86049, 56320, 1, 0, 0
86149, 52480, 1, 0, 0
86250, 56960, 1, 0, 0
86350, 53760, 1, 0, 0
86450, 56960, 1, 0, 0
86550, 53120, 1, 0, 0
86650, 53120, 1, 0, 0
86749, 52363, 1, 0, 0
86849, 53760, 1, 0, 0
86949, 51840, 1, 0, 0
87049, 56960, 1, 0, 0
87149, 53760, 1, 0, 0
87249, 52480, 1, 0, 0
87349, 56320, 1, 0, 0
87450, 53120, 1, 0, 0
87550, 55680, 1, 0, 0
87650, 52480, 1, 0, 0
87749, 55595, 1, 0, 0
87849, 53120, 1, 0, 0
87949, 57600, 1, 0, 0
88049, 55680, 1, 0, 0
88149, 55040, 1, 0, 0
88249, 57600, 1, 0, 0
88349, 53760, 1, 0, 0
88449, 54400, 1, 0, 0
88549, 55040, 1, 0, 0
88649, 56320, 1, 0, 0
88750, 53120, 1, 0, 0
88850, 51840, 1, 0, 0
88950, 53120, 1, 0, 0
89050, 53760, 1, 0, 0
89150, 53760, 1, 0, 0
89249, 58181, 1, 0, 0
89349, 52480, 1, 0, 0
89449, 55040, 1, 0, 0
89549, 51840, 1, 0, 0
89649, 53120, 1, 0, 0
89749, 54400, 1, 0, 0
89849, 55680, 1, 0, 0
89950, 56960, 1, 0, 0
90050, 54400, 1, 0, 0
90150, 57600, 1, 0, 0
90249, 58181, 1, 0, 0
90349, 53120, 1, 0, 0
90449, 55040, 1, 0, 0
90549, 53120, 1, 0, 0
90649, 56320, 1, 0, 0
90749, 54400, 1, 0, 0
90849, 53120, 1, 0, 0
90949, 55680, 1, 0, 0
91049, 57600, 1, 0, 0
91150, 56960, 1, 0, 0
91249, 54949, 1, 0, 0
91349, 56320, 1, 0, 0
91449, 53120, 1, 0, 0
91549, 55680, 1, 0, 0
91649, 56960, 1, 0, 0
91749, 55680, 1, 0, 0
91849, 55680, 1, 0, 0
91949, 56320, 1, 0, 0
92049, 56320, 1, 0, 0
92149, 53120, 1, 0, 0
92249, 55680, 1, 0, 0
92349, 51200, 1, 0, 0
92450, 55040, 1, 0, 0
92550, 54400, 1, 0, 0
92650, 51200, 1, 0, 0
92749, 53656, 1, 0, 0
92849, 55040, 1, 0, 0
92949, 53760, 1, 0, 0
93049, 56960, 1, 0, 0
93149, 51840, 1, 0, 0
93249, 53760, 1, 0, 0
93349, 54400, 1, 0, 0
93449, 54400, 1, 0, 0
93550, 56320, 1, 0, 0
93650, 54400, 1, 0, 0
93749, 56242, 1, 0, 0
93849, 58880, 1, 0, 0
93949, 58880, 1, 0, 0
94049, 56320, 1, 0, 0
94149, 53120, 1, 0, 0
94249, 56960, 1, 0, 0
94349, 52480, 1, 0, 0
94449, 53760, 1, 0, 0
94549, 55680, 1, 0, 0
94649, 57600, 1, 0, 0
94750, 58240, 1, 0, 0
94850, 52480, 1, 0, 0
94950, 53760, 1, 0, 0
95050, 55040, 1, 0, 0
95150, 53120, 1, 0, 0
95249, 54949, 1, 0, 0
95349, 55680, 1, 0, 0
95449, 53760, 1, 0, 0
95549, 53120, 1, 0, 0
95649, 53120, 1, 0, 0
95749, 55680, 1, 0, 0
95849, 55680, 1, 0, 0
95949, 53120, 1, 0, 0
96050, 54400, 1, 0, 0
96150, 57600, 1, 0, 0
96249, 57535, 1, 0, 0
96349, 57600, 1, 0, 0
96449, 56320, 1, 0, 0
96549, 53760, 1, 0, 0
96649, 53120, 1, 0, 0
96749, 53760, 1, 0, 0
96849, 56960, 1, 0, 0
96949, 54400, 1, 0, 0
97049, 55040, 1, 0, 0
97149, 55040, 1, 0, 0
97250, 55040, 1, 0, 0
97350, 58240, 1, 0, 0
97450, 55680, 1, 0, 0
97550, 53760, 1, 0, 0
97650, 55680, 1, 0, 0
97749, 54303, 1, 0, 0
97849, 56960, 1, 0, 0
97949, 51200, 1, 0, 0
98049, 55040, 1, 0, 0
98149, 53760, 1, 0, 0
98249, 56320, 1, 0, 0
98350, 51200, 1, 0, 0
98450, 53120, 1, 0, 0
98550, 54400, 1, 0, 0
98650, 53120, 1, 0, 0
98749, 54303, 1, 0, 0
98849, 56320, 1, 0, 0
98949, 54400, 1, 0, 0
99049, 55040, 1, 0, 0
99149, 54400, 1, 0, 0
99249, 53760, 1, 0, 0
99349, 55680, 1, 0, 0
99449, 58880, 1, 0, 0
99550, 51200, 1, 0, 0
99650, 56320, 1, 0, 0
99749, 56888, 1, 0, 0
99849, 56320, 1, 0, 0
99949, 56320, 1, 0, 0
100049, 57600, 1, 0, 0
100149, 53760, 1, 0, 0
100249, 55040, 1, 0, 0
100349, 53760, 1, 0, 0
100449, 51840, 1, 0, 0
100549, 55680, 1, 0, 0
100649, 53120, 1, 0, 0
100749, 54400, 1, 0, 0
100850, 54400, 1, 0, 0
100950, 56320, 1, 0, 0
101050, 52480, 1, 0, 0
101150, 54400, 1, 0, 0
101249, 56242, 1, 0, 0
101349, 51840, 1, 0, 0
101449, 52480, 1, 0, 0
101549, 55040, 1, 0, 0
101649, 55040, 1, 0, 0
101749, 53120, 1, 0, 0
101849, 55680, 1, 0, 0
101949, 55680, 1, 0, 0
102050, 55040, 1, 0, 0
102150, 53120, 1, 0, 0
102249, 56242, 1, 0, 0
102349, 53760, 1, 0, 0
102449, 53120, 1, 0, 0
102549, 55680, 1, 0, 0
102649, 55680, 1, 0, 0
102749, 56960, 1, 0, 0
102849, 56320, 1, 0, 0
102949, 56960, 1, 0, 0
103049, 54400, 1, 0, 0
103149, 54400, 1, 0, 0
103250, 54400, 1, 0, 0
103350, 58880, 1, 0, 0
103450, 54400, 1, 0, 0
103550, 55680, 1, 0, 0
103650, 54400, 1, 0, 0
103749, 57535, 1, 0, 0
103849, 56960, 1, 0, 0
103949, 53120, 1, 0, 0
104049, 56960, 1, 0, 0
104149, 57600, 1, 0, 0
104249, 56960, 1, 0, 0
104349, 59520, 1, 0, 0
104450, 55040, 1, 0, 0
104550, 56320, 1, 0, 0
104650, 55680, 1, 0, 0
104749, 53656, 1, 0, 0
104849, 53120, 1, 0, 0
104949, 56960, 1, 0, 0
105049, 56320, 1, 0, 0
105149, 56320, 1, 0, 0
105249, 55040, 1, 0, 0
105349, 56320, 1, 0, 0
105449, 55680, 1, 0, 0
105549, 58240, 1, 0, 0
105650, 55680, 1, 0, 0
105750, 53760, 1, 0, 0
105850, 56320, 1, 0, 0
105950, 55040, 1, 0, 0
106050, 58880, 1, 0, 0
106150, 55040, 1, 0, 0
106249, 55595, 1, 0, 0
106349, 56960, 1, 0, 0
106449, 55680, 1, 0, 0
106549, 59520, 1, 0, 0
106649, 57600, 1, 0, 0
106749, 58880, 1, 0, 0
106850, 56960, 1, 0, 0
106950, 57600, 1, 0, 0
107050, 56320, 1, 0, 0
107150, 56960, 1, 0, 0
107249, 55595, 1, 0, 0
107349, 56320, 1, 0, 0
107449, 58240, 1, 0, 0
107549, 57600, 1, 0, 0
107649, 55040, 1, 0, 0
107749, 56320, 1, 0, 0
107849, 58240, 1, 0, 0
107949, 56960, 1, 0, 0
108049, 55680, 1, 0, 0
108150, 56960, 1, 0, 0
108250, 59520, 1, 0, 0
108350, 56320, 1, 0, 0
108450, 57600, 1, 0, 0
108550, 58880, 1, 0, 0
108650, 54400, 1, 0, 0
108749, 58181, 1, 0, 0
108849, 58880, 1, 0, 0
108949, 58880, 1, 0, 0
109049, 58880, 1, 0, 0
109149, 58240, 1, 0, 0
109249, 56960, 1, 0, 0
109349, 54400, 1, 0, 0
109449, 58240, 1, 0, 0
109550, 55680, 1, 0, 0
109650, 58240, 1, 0, 0
109749, 56242, 1, 0, 0
109849, 56320, 1, 0, 0
109949, 57600, 1, 0, 0
110049, 59520, 1, 0, 0
110149, 60160, 1, 0, 0
110249, 58240, 1, 0, 0
110349, 56960, 1, 0, 0
110449, 60800, 1, 0, 0
110549, 58240, 1, 0, 0
110649, 58240, 1, 0, 0
110750, 55680, 1, 0, 0
110850, 54400, 1, 0, 0
110950, 55680, 1, 0, 0
111050, 57600, 1, 0, 0
111150, 56960, 1, 0, 0
111249, 57535, 1, 0, 0
111349, 55040, 1, 0, 0
111449, 56320, 1, 0, 0
111549, 60800, 1, 0, 0
111649, 55680, 1, 0, 0
111749, 57600, 1, 0, 0
111849, 55680, 1, 0, 0
111949, 56960, 1, 0, 0
112050, 60160, 1, 0, 0
112150, 56960, 1, 0, 0
112249, 60121, 1, 0, 0
112349, 57600, 1, 0, 0
112449, 55680, 1, 0, 0
112549, 60800, 1, 0, 0
112649, 58240, 1, 0, 0
112749, 55040, 1, 0, 0
112849, 59520, 1, 0, 0
112949, 57600, 1, 0, 0
113049, 58880, 1, 0, 0
113149, 58880, 1, 0, 0
113250, 58240, 1, 0, 0
113350, 56320, 1, 0, 0
113450, 59520, 1, 0, 0
113550, 56960, 1, 0, 0
113650, 56960, 1, 0, 0
113749, 58828, 1, 0, 0
113849, 58240, 1, 0, 0
113949, 58240, 1, 0, 0
114049, 55680, 1, 0, 0
114149, 55680, 1, 0, 0
114249, 58240, 1, 0, 0
114349, 60800, 1, 0, 0
114449, 57600, 1, 0, 0
114550, 58880, 1, 0, 0
114650, 60160, 1, 0, 0
114749, 58181, 1, 0, 0
114849, 58880, 1, 0, 0
114949, 58880, 1, 0, 0
115049, 60160, 1, 0, 0
115149, 62080, 1, 0, 0
115249, 58240, 1, 0, 0
115349, 60160, 1, 0, 0
115449, 60800, 1, 0, 0
115549, 59520, 1, 0, 0
115650, 60800, 1, 0, 0
115750, 58880, 1, 0, 0
115850, 57600, 1, 0, 0
115950, 57600, 1, 0, 0
116050, 57600, 1, 0, 0
116150, 59520, 1, 0, 0
116249, 60121, 1, 0, 0
116349, 59520, 1, 0, 0
116449, 60160, 1, 0, 0
116549, 58880, 1, 0, 0
116649, 59520, 1, 0, 0
116749, 58240, 1, 0, 0
116849, 58240, 1, 0, 0
116950, 62080, 1, 0, 0
117050, 57600, 1, 0, 0
117150, 58880, 1, 0, 0
117249, 56242, 1, 0, 0
117349, 56960, 1, 0, 0
117449, 58880, 1, 0, 0
117549, 59520, 1, 0, 0
117649, 58240, 1, 0, 0
117749, 58240, 1, 0, 0
117849, 60800, 1, 0, 0
117949, 60800, 1, 0, 0
118049, 58240, 1, 0, 0
118149, 59520, 1, 0, 0
118250, 57600, 1, 0, 0
118350, 56960, 1, 0, 0
118450, 58880, 1, 0, 0
118550, 58880, 1, 0, 0
118650, 56320, 1, 0, 0
118749, 59474, 1, 0, 0
118849, 60160, 1, 0, 0
118949, 58240, 1, 0, 0
119049, 53120, 1, 0, 0
119149, 58880, 1, 0, 0
119249, 61440, 1, 0, 0
119349, 59520, 1, 0, 0
119449, 57600, 1, 0, 0
119550, 56960, 1, 0, 0
119650, 58880, 1, 0, 0
119749, 58828, 1, 0, 0
119849, 57600, 1, 0, 0
119949, 57600, 1, 0, 0
120049, 60800, 1, 0, 0
120149, 58880, 1, 0, 0
120249, 59520, 1, 0, 0
120349, 58880, 1, 0, 0
120449, 60800, 1, 0, 0
120549, 57600, 1, 0, 0
120649, 59520, 1, 0, 0
120750, 59520, 1, 0, 0
120850, 57600, 1, 0, 0
120950, 59520, 1, 0, 0
121050, 59520, 1, 0, 0
121150, 60160, 1, 0, 0
121249, 62060, 1, 0, 0
121349, 61440, 1, 0, 0
121449, 59520, 1, 0, 0
121549, 57600, 1, 0, 0
121649, 58880, 1, 0, 0
121749, 58240, 1, 0, 0
121849, 58880, 1, 0, 0
121949, 58240, 1, 0, 0
122050, 58240, 1, 0, 0
122150, 61440, 1, 0, 0
122249, 60767, 1, 0, 0
122349, 55680, 1, 0, 0
122449, 58240, 1, 0, 0
122549, 60160, 1, 0, 0
122649, 59520, 1, 0, 0
122749, 62080, 1, 0, 0
122849, 59520, 1, 0, 0
122949, 60800, 1, 0, 0
123049, 59520, 1, 0, 0
123149, 60160, 1, 0, 0
123250, 59520, 1, 0, 0
123350, 62080, 1, 0, 0
123450, 59520, 1, 0, 0
123550, 61440, 1, 0, 0
123650, 58880, 1, 0, 0
123749, 56888, 1, 0, 0
123849, 58240, 1, 0, 0
123949, 58240, 1, 0, 0
124049, 58240, 1, 0, 0
124149, 56960, 1, 0, 0
124249, 60160, 1, 0, 0
124349, 59520, 1, 0, 0
124449, 60800, 1, 0, 0
124550, 60160, 1, 0, 0
124650, 58880, 1, 0, 0
124749, 56242, 1, 0, 0
124849, 55680, 1, 0, 0
124949, 56320, 1, 0, 0
125049, 56320, 1, 0, 0
125149, 60160, 1, 0, 0
125249, 57600, 1, 0, 0
125349, 59520, 1, 0, 0
125449, 56960, 1, 0, 0
125549, 58880, 1, 0, 0
125649, 56320, 1, 0, 0
125750, 58880, 1, 0, 0
125850, 58240, 1, 0, 0
125950, 56960, 1, 0, 0
126050, 56960, 1, 0, 0
126150, 59520, 1, 0, 0
126249, 58181, 1, 0, 0
126349, 60160, 1, 0, 0
126449, 58880, 1, 0, 0
126549, 59520, 1, 0, 0
126649, 60160, 1, 0, 0
126749, 60160, 1, 0, 0
126849, 58880, 1, 0, 0
126950, 61440, 1, 0, 0
127050, 56320, 1, 0, 0
127150, 58240, 1, 0, 0
127249, 56242, 1, 0, 0
127349, 58240, 1, 0, 0
127449, 58240, 1, 0, 0
127549, 60800, 1, 0, 0
127649, 57600, 1, 0, 0
127749, 56320, 1, 0, 0
127849, 58240, 1, 0, 0
127949, 59520, 1, 0, 0
128050, 57600, 1, 0, 0
128150, 60800, 1, 0, 0
128249, 56888, 1, 0, 0
128349, 58240, 1, 0, 0
128449, 60160, 1, 0, 0
128549, 56960, 1, 0, 0
128649, 57600, 1, 0, 0
128749, 60800, 1, 0, 0
128849, 60160, 1, 0, 0
128949, 55680, 1, 0, 0
129049, 60160, 1, 0, 0
129149, 59520, 1, 0, 0
129250, 60160, 1, 0, 0
129350, 56960, 1, 0, 0
129450, 58240, 1, 0, 0
129550, 61440, 1, 0, 0
129650, 57600, 1, 0, 0
129749, 58828, 1, 0, 0
129849, 57600, 1, 0, 0
129949, 58240, 1, 0, 0
130049, 59520, 1, 0, 0
130149, 53760, 1, 0, 0
130249, 57600, 1, 0, 0
130349, 63360, 1, 0, 0
130449, 56960, 1, 0, 0
130550, 60160, 1, 0, 0
130650, 56960, 1, 0, 0
130749, 62707, 1, 0, 0
130849, 59520, 1, 0, 0
130949, 59520, 1, 0, 0
131049, 60800, 1, 0, 0
131149, 57600, 1, 0, 0
131249, 55680, 1, 0, 0
131349, 56960, 1, 0, 0
131449, 58240, 1, 0, 0
131549, 56320, 1, 0, 0
131650, 57600, 1, 0, 0
131750, 55680, 1, 0, 0
131850, 56960, 1, 0, 0
131950, 58880, 1, 0, 0
132050, 56320, 1, 0, 0
132150, 61440, 1, 0, 0
132249, 60121, 1, 0, 0
132349, 55680, 1, 0, 0
132449, 61440, 1, 0, 0
132549, 59520, 1, 0, 0
132649, 60800, 1, 0, 0
132749, 58880, 1, 0, 0
132849, 57600, 1, 0, 0
132950, 58240, 1, 0, 0
133050, 58880, 1, 0, 0
133150, 58880, 1, 0, 0
133249, 59474, 1, 0, 0
133349, 60160, 1, 0, 0
133449, 60160, 1, 0, 0
133549, 60800, 1, 0, 0
133649, 55680, 1, 0, 0
133749, 59520, 1, 0, 0
133849, 58240, 1, 0, 0
133949, 58240, 1, 0, 0
134049, 58880, 1, 0, 0
134149, 62080, 1, 0, 0
134250, 57600, 1, 0, 0
134350, 55040, 1, 0, 0
134450, 59520, 1, 0, 0
134550, 58240, 1, 0, 0
134650, 59520, 1, 0, 0
134749, 58828, 1, 0, 0
134849, 61440, 1, 0, 0
134949, 58240, 1, 0, 0
135049, 60160, 1, 0, 0
135149, 58240, 1, 0, 0
135249, 56960, 1, 0, 0
135349, 59520, 1, 0, 0
135450, 58880, 1, 0, 0
135550, 61440, 1, 0, 0
135650, 61440, 1, 0, 0
135749, 57535, 1, 0, 0
135849, 55040, 1, 0, 0
135949, 60160, 1, 0, 0
136049, 57600, 1, 0, 0
136149, 59520, 1, 0, 0
136249, 61440, 1, 0, 0
136349, 56320, 1, 0, 0
136449, 56960, 1, 0, 0
136549, 58240, 1, 0, 0
136649, 58880, 1, 0, 0
136750, 58240, 1, 0, 0
136850, 58240, 1, 0, 0
136950, 58880, 1, 0, 0
137050, 58880, 1, 0, 0
137150, 60160, 1, 0, 0
137249, 59474, 1, 0, 0
137349, 58880, 1, 0, 0
137449, 59520, 1, 0, 0
137549, 55680, 1, 0, 0
137649, 64000, 1, 0, 0
137749, 56960, 1, 0, 0
137849, 59520, 1, 0, 0
137949, 58880, 1, 0, 0
138050, 59520, 1, 0, 0
138150, 58240, 1, 0, 0
138249, 58181, 1, 0, 0
138349, 58880, 1, 0, 0
138449, 60800, 1, 0, 0
138549, 59520, 1, 0, 0
138649, 61440, 1, 0, 0
138749, 56960, 1, 0, 0
138849, 61440, 1, 0, 0
138949, 57600, 1, 0, 0
139049, 60800, 1, 0, 0
139149, 60800, 1, 0, 0
139250, 61440, 1, 0, 0
139350, 56960, 1, 0, 0
139450, 60160, 1, 0, 0
139550, 59520, 1, 0, 0
139650, 56960, 1, 0, 0
139749, 54303, 1, 0, 0
139849, 58240, 1, 0, 0
139949, 60160, 1, 0, 0
140049, 56320, 1, 0, 0
140149, 59520, 1, 0, 0
140249, 55680, 1, 0, 0
140349, 58880, 1, 0, 0
140450, 58880, 1, 0, 0
140550, 58240, 1, 0, 0
140650, 58240, 1, 0, 0
140749, 58828, 1, 0, 0
140849, 56960, 1, 0, 0
140949, 58880, 1, 0, 0
141049, 56960, 1, 0, 0
141149, 58240, 1, 0, 0
141249, 57600, 1, 0, 0
141349, 54400, 1, 0, 0
141449, 57600, 1, 0, 0
141549, 57600, 1, 0, 0
141650, 57600, 1, 0, 0
141750, 62720, 1, 0, 0
141850, 60160, 1, 0, 0
141950, 56960, 1, 0, 0
142050, 57600, 1, 0, 0
142150, 58240, 1, 0, 0
142249, 59474, 1, 0, 0
142349, 60800, 1, 0, 0
142449, 61440, 1, 0, 0
142549, 58240, 1, 0, 0
142649, 56320, 1, 0, 0
142749, 60800, 1, 0, 0
142849, 59520, 1, 0, 0
142950, 60160, 1, 0, 0
143050, 58880, 1, 0, 0
143150, 62720, 1, 0, 0
143249, 59474, 1, 0, 0
143349, 60160, 1, 0, 0
143449, 58880, 1, 0, 0
143549, 58240, 1, 0, 0
143649, 60800, 1, 0, 0
143749, 59520, 1, 0, 0
143849, 59520, 1, 0, 0
143949, 58880, 1, 0, 0
144049, 60800, 1, 0, 0
144150, 57600, 1, 0, 0
144250, 60160, 1, 0, 0
144350, 63360, 1, 0, 0
144450, 60160, 1, 0, 0
144550, 57600, 1, 0, 0
144650, 56960, 1, 0, 0
144749, 53656, 1, 0, 0
144849, 58240, 1, 0, 0
144949, 58240, 1, 0, 0
145049, 60160, 1, 0, 0
145149, 62080, 1, 0, 0
145249, 58880, 1, 0, 0
145350, 60800, 1, 0, 0
145450, 60800, 1, 0, 0
145550, 58240, 1, 0, 0
145650, 56960, 1, 0, 0
145749, 62060, 1, 0, 0
145849, 62720, 1, 0, 0
145949, 60800, 1, 0, 0
146049, 58880, 1, 0, 0
146149, 62080, 1, 0, 0
146249, 58880, 1, 0, 0
146349, 56960, 1, 0, 0
146449, 58880, 1, 0, 0
146550, 59520, 1, 0, 0
146650, 59520, 1, 0, 0
146749, 62060, 1, 0, 0
146849, 55680, 1, 0, 0
146949, 58240, 1, 0, 0
147049, 59520, 1, 0, 0
147149, 61440, 1, 0, 0
147249, 62720, 1, 0, 0
147349, 59520, 1, 0, 0
147449, 57600, 1, 0, 0
147549, 61440, 1, 0, 0
147649, 58240, 1, 0, 0
147750, 60160, 1, 0, 0
147850, 58880, 1, 0, 0
147950, 62080, 1, 0, 0
148050, 58240, 1, 0, 0
148150, 62080, 1, 0, 0
148249, 59474, 1, 0, 0
148349, 60800, 1, 0, 0
148449, 57600, 1, 0, 0
148549, 59520, 1, 0, 0
148649, 61440, 1, 0, 0
148749, 60160, 1, 0, 0
148849, 62720, 1, 0, 0
148949, 60160, 1, 0, 0
149050, 62080, 1, 0, 0
149150, 60800, 1, 0, 0
149249, 59474, 1, 0, 0
149349, 61440, 1, 0, 0
149449, 57600, 1, 0, 0
149549, 59520, 1, 0, 0
149649, 58880, 1, 0, 0
149749, 58240, 1, 0, 0
149849, 60160, 1, 0, 0
149949, 59520, 1, 0, 0
150049, 60160, 1, 0, 0
150149, 63360, 1, 0, 0
150250, 62720, 1, 0, 0
150350, 58880, 1, 0, 0
150450, 58880, 1, 0, 0
150550, 59520, 1, 0, 0
150650, 60800, 1, 0, 0
150749, 58828, 1, 0, 0
150849, 61440, 1, 0, 0
150949, 61440, 1, 0, 0
151049, 58880, 1, 0, 0
151149, 58880, 1, 0, 0
151249, 63360, 1, 0, 0
151349, 58880, 1, 0, 0
151449, 56960, 1, 0, 0
151550, 59520, 1, 0, 0
151650, 62080, 1, 0, 0
151749, 60767, 1, 0, 0
151849, 60160, 1, 0, 0
151949, 59520, 1, 0, 0
152049, 58240, 1, 0, 0
152149, 60800, 1, 0, 0
152249, 61440, 1, 0, 0
152349, 61440, 1, 0, 0
152449, 58880, 1, 0, 0
152549, 61440, 1, 0, 0
152649, 61440, 1, 0, 0
152750, 60160, 1, 0, 0
152850, 59520, 1, 0, 0
152950, 59520, 1, 0, 0
153050, 56960, 1, 0, 0
153150, 60800, 1, 0, 0
153249, 58181, 1, 0, 0
153349, 59520, 1, 0, 0
153449, 54400, 1, 0, 0
153549, 58240, 1, 0, 0
153649, 61440, 1, 0, 0
153749, 60160, 1, 0, 0
153849, 60160, 1, 0, 0
153949, 59520, 1, 0, 0
154050, 60800, 1, 0, 0
154150, 60160, 1, 0, 0
154249, 62707, 1, 0, 0
154349, 55040, 1, 0, 0
154449, 60800, 1, 0, 0
154549, 59520, 1, 0, 0
154649, 60160, 1, 0, 0
154749, 61440, 1, 0, 0
154849, 60160, 1, 0, 0
154949, 60800, 1, 0, 0
155049, 62080, 1, 0, 0
155149, 60160, 1, 0, 0
155250, 60800, 1, 0, 0
155350, 60800, 1, 0, 0
155450, 60800, 1, 0, 0
155550, 59520, 1, 0, 0
155650, 62080, 1, 0, 0
155749, 60121, 1, 0, 0
155849, 56320, 1, 0, 0
155949, 60800, 1, 0, 0
156049, 62080, 1, 0, 0
156149, 57600, 1, 0, 0
156249, 64640, 1, 0, 0
156349, 60160, 1, 0, 0
156449, 60160, 1, 0, 0
156550, 58880, 1, 0, 0
156650, 60160, 1, 0, 0
156749, 61414, 1, 0, 0
156849, 63360, 1, 0, 0
156949, 60160, 1, 0, 0
157049, 60160, 1, 0, 0
157149, 61440, 1, 0, 0
157249, 58880, 1, 0, 0
157349, 65280, 1, 0, 0
157449, 60800, 1, 0, 0
157549, 59520, 1, 0, 0
157649, 58880, 1, 0, 0
157750, 58880, 1, 0, 0
157850, 61440, 1, 0, 0
157950, 57600, 1, 0, 0
158050, 60800, 1, 0, 0
158150, 58240, 1, 0, 0
158249, 60121, 1, 0, 0
158349, 59520, 1, 0, 0
158449, 60160, 1, 0, 0
158549, 59520, 1, 0, 0
158649, 58880, 1, 0, 0
158749, 64000, 1, 0, 0
158849, 58880, 1, 0, 0
158950, 58880, 1, 0, 0
159050, 63360, 1, 0, 0
159150, 60160, 1, 0, 0
159249, 62060, 1, 0, 0
159349, 59520, 1, 0, 0
159449, 58880, 1, 0, 0
159549, 62080, 1, 0, 0
159649, 57600, 1, 0, 0
159749, 62720, 1, 0, 0
159849, 64000, 1, 0, 0
159949, 58880, 1, 0, 0
160049, 58880, 1, 0, 0
160149, 60800, 1, 0, 0
160250, 60160, 1, 0, 0
160350, 60800, 1, 0, 0
160450, 62080, 1, 0, 0
160550, 58880, 1, 0, 0
160650, 59520, 1, 0, 0
160749, 59474, 1, 0, 0
160849, 60800, 1, 0, 0
160949, 62080, 1, 0, 0
161049, 61440, 1, 0, 0
161149, 58880, 1, 0, 0
161249, 60800, 1, 0, 0
161349, 61440, 1, 0, 0
161449, 59520, 1, 0, 0
161550, 58240, 1, 0, 0
161650, 60800, 1, 0, 0
161749, 63353, 1, 0, 0
161849, 61440, 1, 0, 0
161949, 56960, 1, 0, 0
162049, 60800, 1, 0, 0
162149, 64000, 1, 0, 0
162249, 63360, 1, 0, 0
162349, 60800, 1, 0, 0
162449, 58880, 1, 0, 0
162549, 60160, 1, 0, 0
162649, 60160, 1, 0, 0
162750, 63360, 1, 0, 0
162850, 61440, 1, 0, 0
162950, 60800, 1, 0, 0
163050, 57600, 1, 0, 0
163150, 56320, 1, 0, 0
163249, 58181, 1, 0, 0
163349, 57600, 1, 0, 0
163449, 61440, 1, 0, 0
163549, 58880, 1, 0, 0
163649, 61440, 1, 0, 0
163749, 58880, 1, 0, 0
163849, 60800, 1, 0, 0
163950, 60160, 1, 0, 0
164050, 61440, 1, 0, 0
164150, 60160, 1, 0, 0
164249, 64000, 1, 0, 0
164349, 60160, 1, 0, 0
164449, 62720, 1, 0, 0
164549, 61440, 1, 0, 0
164649, 61440, 1, 0, 0
164749, 62080, 1, 0, 0
164849, 62080, 1, 0, 0
164949, 56320, 1, 0, 0
165049, 62720, 1, 0, 0
165150, 59520, 1, 0, 0
165249, 59474, 1, 0, 0
165349, 60800, 1, 0, 0
165449, 58240, 1, 0, 0
165549, 60800, 1, 0, 0
165649, 60800, 1, 0, 0
165749, 61440, 1, 0, 0
165849, 64640, 1, 0, 0
165949, 59520, 1, 0, 0
166049, 61440, 1, 0, 0
166149, 59520, 1, 0, 0
166250, 58880, 1, 0, 0
166350, 60800, 1, 0, 0
166450, 60160, 1, 0, 0
166550, 62720, 1, 0, 0
166650, 60160, 1, 0, 0
166749, 60767, 1, 0, 0
166849, 59520, 1, 0, 0
166949, 63360, 1, 0, 0
167049, 64640, 1, 0, 0
167149, 63360, 1, 0, 0
167249, 60800, 1, 0, 0
167349, 60800, 1, 0, 0
167449, 60160, 1, 0, 0
167550, 63360, 1, 0, 0
167650, 59520, 1, 0, 0
167749, 61414, 1, 0, 0
167849, 63360, 1, 0, 0
167949, 60800, 1, 0, 0
168049, 61440, 1, 0, 0
168149, 62720, 1, 0, 0
168249, 64000, 1, 0, 0
168349, 64640, 1, 0, 0
168449, 62080, 1, 0, 0
168549, 59520, 1, 0, 0
168649, 62080, 1, 0, 0
168750, 60800, 1, 0, 0
168850, 62080, 1, 0, 0
168950, 63360, 1, 0, 0
169050, 60160, 1, 0, 0
169150, 60800, 1, 0, 0
169249, 58181, 1, 0, 0
169349, 61440, 1, 0, 0
169449, 58880, 1, 0, 0
169549, 60160, 1, 0, 0
169649, 63360, 1, 0, 0
169749, 61440, 1, 0, 0
169849, 63360, 1, 0, 0
169949, 60160, 1, 0, 0
170050, 65920, 1, 0, 0
170150, 60800, 1, 0, 0
170249, 60767, 1, 0, 0
170349, 61440, 1, 0, 0
170449, 62080, 1, 0, 0
170549, 62720, 1, 0, 0
170649, 60160, 1, 0, 0
170749, 61440, 1, 0, 0
170849, 60800, 1, 0, 0
170949, 59520, 1, 0, 0
171049, 61440, 1, 0, 0
171149, 59520, 1, 0, 0
171250, 62080, 1, 0, 0
171350, 61440, 1, 0, 0
171450, 60160, 1, 0, 0
171550, 61440, 1, 0, 0
171650, 62720, 1, 0, 0
171749, 60767, 1, 0, 0
171849, 61440, 1, 0, 0
171949, 64640, 1, 0, 0
172049, 62720, 1, 0, 0
172149, 62720, 1, 0, 0
172249, 64000, 1, 0, 0
172349, 62080, 1, 0, 0
172449, 64640, 1, 0, 0
172550, 61440, 1, 0, 0
172650, 60800, 1, 0, 0
172749, 61414, 1, 0, 0
172849, 60800, 1, 0, 0
172949, 63360, 1, 0, 0
173049, 62080, 1, 0, 0
173149, 60800, 1, 0, 0
173249, 65280, 1, 0, 0
173349, 61440, 1, 0, 0
173449, 61440, 1, 0, 0
173549, 64000, 1, 0, 0
173649, 65920, 1, 0, 0
173750, 64640, 1, 0, 0
173850, 62080, 1, 0, 0
173950, 63360, 1, 0, 0
174050, 61440, 1, 0, 0
174150, 62080, 1, 0, 0
174249, 63353, 1, 0, 0
174349, 60800, 1, 0, 0
174449, 60800, 1, 0, 0
174549, 65280, 1, 0, 0
174649, 62080, 1, 0, 0
174749, 61440, 1, 0, 0
174849, 64000, 1, 0, 0
174949, 61440, 1, 0, 0
175050, 60160, 1, 0, 0
175150, 60800, 1, 0, 0
175249, 62707, 1, 0, 0
175349, 62720, 1, 0, 0
175449, 62720, 1, 0, 0
175549, 61440, 1, 0, 0
175649, 63360, 1, 0, 0
175749, 62080, 1, 0, 0
175849, 61440, 1, 0, 0
175949, 62720, 1, 0, 0
176049, 60160, 1, 0, 0
176149, 62080, 1, 0, 0
176250, 64000, 1, 0, 0
176350, 55040, 1, 0, 0
176450, 60160, 1, 0, 0
176550, 58240, 1, 0, 0
176650, 58240, 1, 0, 0
176749, 60121, 1, 0, 0
176849, 58880, 1, 0, 0
176949, 61440, 1, 0, 0
177049, 58880, 1, 0, 0
177149, 61440, 1, 0, 0
177249, 60160, 1, 0, 0
177349, 60800, 1, 0, 0
177449, 61440, 1, 0, 0
177550, 63360, 1, 0, 0
177650, 62720, 1, 0, 0
177749, 64000, 1, 0, 0
177849, 62080, 1, 0, 0
177949, 62720, 1, 0, 0
178049, 64640, 1, 0, 0
178149, 63360, 1, 0, 0
178249, 62080, 1, 0, 0
178349, 60800, 1, 0, 0
178449, 60800, 1, 0, 0
178549, 62720, 1, 0, 0
178649, 58880, 1, 0, 0
178750, 63360, 1, 0, 0
178850, 58880, 1, 0, 0
178950, 62720, 1, 0, 0
179050, 63360, 1, 0, 0
179150, 64640, 1, 0, 0
179249, 61414, 1, 0, 0
179349, 59520, 1, 0, 0
179449, 62080, 1, 0, 0
179549, 65280, 1, 0, 0
179649, 60800, 1, 0, 0
179749, 61440, 1, 0, 0
179849, 60160, 1, 0, 0
179949, 57600, 1, 0, 0
180050, 62720, 1, 0, 0
180150, 60800, 1, 0, 0
180249, 66585, 1, 0, 0
180349, 62080, 1, 0, 0
180449, 65280, 1, 0, 0
180549, 62080, 1, 0, 0
180649, 60160, 1, 0, 0
180749, 62720, 1, 0, 0
180849, 61440, 1, 0, 0
180949, 60160, 1, 0, 0
181049, 60160, 1, 0, 0
181149, 62080, 1, 0, 0
181250, 61440, 1, 0, 0
181350, 62720, 1, 0, 0
181450, 58880, 1, 0, 0
181550, 62080, 1, 0, 0
181650, 63360, 1, 0, 0
181749, 60767, 1, 0, 0
181849, 58240, 1, 0, 0
181949, 60160, 1, 0, 0
182049, 62080, 1, 0, 0
182149, 58880, 1, 0, 0
182249, 58240, 1, 0, 0
182349, 65280, 1, 0, 0
182449, 62720, 1, 0, 0
182550, 64000, 1, 0, 0
182650, 62080, 1, 0, 0
182749, 61414, 1, 0, 0
182849, 58240, 1, 0, 0
182949, 60800, 1, 0, 0
183049, 63360, 1, 0, 0
183149, 61440, 1, 0, 0
183249, 60160, 1, 0, 0
183349, 61440, 1, 0, 0
183449, 60800, 1, 0, 0
183549, 58880, 1, 0, 0
183649, 56960, 1, 0, 0
183750, 62720, 1, 0, 0
183850, 62720, 1, 0, 0
183950, 61440, 1, 0, 0
184050, 62080, 1, 0, 0
184150, 61440, 1, 0, 0
184249, 58828, 1, 0, 0
184349, 58240, 1, 0, 0
184449, 58240, 1, 0, 0
184549, 59520, 1, 0, 0
184649, 59520, 1, 0, 0
184749, 58880, 1, 0, 0
184849, 61440, 1, 0, 0
184949, 61440, 1, 0, 0
185050, 63360, 1, 0, 0
185150, 63360, 1, 0, 0
185249, 60767, 1, 0, 0
185349, 62080, 1, 0, 0
185449, 60160, 1, 0, 0
185549, 61440, 1, 0, 0
185649, 56960, 1, 0, 0
185749, 59520, 1, 0, 0
185849, 61440, 1, 0, 0
185949, 60800, 1, 0, 0
186049, 60160, 1, 0, 0
186149, 60800, 1, 0, 0
186250, 60800, 1, 0, 0
186350, 60800, 1, 0, 0
186450, 61440, 1, 0, 0
186550, 61440, 1, 0, 0
186650, 61440, 1, 0, 0
186749, 60121, 1, 0, 0
186849, 60800, 1, 0, 0
186949, 60800, 1, 0, 0
187049, 58880, 1, 0, 0
187149, 61440, 1, 0, 0
187249, 63360, 1, 0, 0
187349, 61440, 1, 0, 0
187450, 61440, 1, 0, 0
187550, 60800, 1, 0, 0
187650, 57600, 1, 0, 0
187749, 62060, 1, 0, 0
187849, 62720, 1, 0, 0
187949, 61440, 1, 0, 0
188049, 61440, 1, 0, 0
188149, 61440, 1, 0, 0
188249, 55680, 1, 0, 0
188349, 61440, 1, 0, 0
188449, 58240, 1, 0, 0
188550, 63360, 1, 0, 0
188650, 60800, 1, 0, 0
188749, 62707, 1, 0, 0
188849, 61440, 1, 0, 0
188949, 62080, 1, 0, 0
189049, 60160, 1, 0, 0
189149, 62720, 1, 0, 0
189249, 62080, 1, 0, 0
189349, 62720, 1, 0, 0
189449, 61440, 1, 0, 0
189549, 62080, 1, 0, 0
189649, 59520, 1, 0, 0
189749, 58880, 1, 0, 0
189850, 58240, 1, 0, 0
189950, 59520, 1, 0, 0
190050, 60160, 1, 0, 0
190150, 62720, 1, 0, 0
190249, 60121, 1, 0, 0
190349, 58880, 1, 0, 0
190449, 58240, 1, 0, 0
190549, 59520, 1, 0, 0
190649, 59520, 1, 0, 0
190749, 60800, 1, 0, 0
190849, 59520, 1, 0, 0
190949, 59520, 1, 0, 0
191050, 60160, 1, 0, 0
191150, 61440, 1, 0, 0
191249, 61414, 1, 0, 0
191349, 62080, 1, 0, 0
191449, 58880, 1, 0, 0
191549, 64000, 1, 0, 0
191649, 62080, 1, 0, 0
191749, 62080, 1, 0, 0
191849, 61440, 1, 0, 0
191949, 59520, 1, 0, 0
192049, 63360, 1, 0, 0
192149, 58240, 1, 0, 0
192250, 60160, 1, 0, 0
192350, 62720, 1, 0, 0
192450, 62080, 1, 0, 0
192550, 63360, 1, 0, 0
192650, 61440, 1, 0, 0
192749, 62060, 1, 0, 0
192849, 59520, 1, 0, 0
192949, 62720, 1, 0, 0
193049, 59520, 1, 0, 0
193149, 61440, 1, 0, 0
193249, 61440, 1, 0, 0
193349, 62720, 1, 0, 0
193449, 61440, 1, 0, 0
193550, 61440, 1, 0, 0
193650, 61440, 1, 0, 0
193749, 61414, 1, 0, 0
193849, 57600, 1, 0, 0
193949, 62720, 1, 0, 0
194049, 59520, 1, 0, 0
194149, 64000, 1, 0, 0
194249, 61440, 1, 0, 0
194349, 60160, 1, 0, 0
194449, 62720, 1, 0, 0
194549, 64000, 1, 0, 0
194649, 59520, 1, 0, 0
194750, 62080, 1, 0, 0
194850, 60800, 1, 0, 0
194950, 60160, 1, 0, 0
195050, 60800, 1, 0, 0
195150, 62080, 1, 0, 0
195249, 60121, 1, 0, 0
195349, 60800, 1, 0, 0
195449, 64640, 1, 0, 0
195549, 60800, 1, 0, 0
195650, 61440, 1, 0, 0
195749, 60121, 1, 0, 0
195849, 59520, 1, 0, 0
195949, 61440, 1, 0, 0
196049, 60160, 1, 0, 0
196149, 58880, 1, 0, 0
196249, 63360, 1, 0, 0
196349, 62080, 1, 0, 0
196449, 60800, 1, 0, 0
196550, 60800, 1, 0, 0
196650, 58880, 1, 0, 0
196749, 62707, 1, 0, 0
196849, 56320, 1, 0, 0
196949, 62080, 1, 0, 0
197049, 59520, 1, 0, 0
197149, 60800, 1, 0, 0
197249, 62720, 1, 0, 0
197349, 60800, 1, 0, 0
197449, 60160, 1, 0, 0
197549, 61440, 1, 0, 0
197650, 64000, 1, 0, 0
197749, 62060, 1, 0, 0
197849, 62720, 1, 0, 0
197949, 60160, 1, 0, 0
198049, 62080, 1, 0, 0
198149, 62080, 1, 0, 0
198249, 66560, 1, 0, 0
198349, 61440, 1, 0, 0
198449, 62080, 1, 0, 0
198549, 60160, 1, 0, 0
198649, 60800, 1, 0, 0
198749, 58240, 1, 0, 0
198850, 60160, 1, 0, 0
198950, 62720, 1, 0, 0
199050, 59520, 1, 0, 0
199150, 59520, 1, 0, 0
199249, 61414, 1, 0, 0
199349, 60160, 1, 0, 0
199449, 62720, 1, 0, 0
199549, 58240, 1, 0, 0
199649, 59520, 1, 0, 0
199749, 60160, 1, 0, 0
199849, 60800, 1, 0, 0
199949, 58240, 1, 0, 0
200050, 60160, 1, 0, 0
200150, 60800, 1, 0, 0
200249, 62060, 1, 0, 0
200349, 60800, 1, 0, 0
200449, 62720, 1, 0, 0
200549, 62720, 1, 0, 0
200649, 60160, 1, 0, 0
200749, 62720, 1, 0, 0
200849, 62720, 1, 0, 0
200949, 62720, 1, 0, 0
201049, 65920, 1, 0, 0
201149, 62080, 1, 0, 0
201250, 60800, 1, 0, 0
201350, 60800, 1, 0, 0
201450, 58880, 1, 0, 0
201550, 62080, 1, 0, 0
201650, 59520, 1, 0, 0
201749, 60767, 1, 0, 0
201849, 61440, 1, 0, 0
201949, 61440, 1, 0, 0
202049, 60160, 1, 0, 0
202149, 58880, 1, 0, 0
202249, 60800, 1, 0, 0
202349, 63360, 1, 0, 0
202449, 62080, 1, 0, 0
202550, 60160, 1, 0, 0
202650, 62080, 1, 0, 0
202749, 60767, 1, 0, 0
202849, 59520, 1, 0, 0
202949, 63360, 1, 0, 0
203049, 62720, 1, 0, 0
203149, 61440, 1, 0, 0
203249, 63360, 1, 0, 0
203349, 61440, 1, 0, 0
203449, 61440, 1, 0, 0
203549, 60160, 1, 0, 0
203649, 61440, 1, 0, 0
203750, 64000, 1, 0, 0
203850, 65280, 1, 0, 0
203950, 64000, 1, 0, 0
204050, 61440, 1, 0, 0
204150, 61440, 1, 0, 0
204249, 64000, 1, 0, 0
204349, 63360, 1, 0, 0
204449, 62080, 1, 0, 0
204549, 60800, 1, 0, 0
204649, 60160, 1, 0, 0
204749, 63360, 1, 0, 0
204849, 63360, 1, 0, 0
204949, 64000, 1, 0, 0
205050, 62080, 1, 0, 0
205150, 63360, 1, 0, 0
205249, 57535, 1, 0, 0
205349, 60800, 1, 0, 0
205449, 64640, 1, 0, 0
205549, 62080, 1, 0, 0
205649, 62080, 1, 0, 0
205749, 60800, 1, 0, 0
205849, 61440, 1, 0, 0
205949, 60160, 1, 0, 0
206049, 61440, 1, 0, 0
206149, 61440, 1, 0, 0
206250, 64640, 1, 0, 0
206350, 60160, 1, 0, 0
206450, 60160, 1, 0, 0
206550, 62080, 1, 0, 0
206650, 60800, 1, 0, 0
206749, 60767, 1, 0, 0
206849, 61440, 1, 0, 0
206949, 61440, 1, 0, 0
207049, 56960, 1, 0, 0
207149, 62080, 1, 0, 0
207249, 61440, 1, 0, 0
207349, 61440, 1, 0, 0
207449, 58880, 1, 0, 0
207550, 60160, 1, 0, 0
207650, 64640, 1, 0, 0
207749, 60767, 1, 0, 0
207849, 62720, 1, 0, 0
207949, 64640, 1, 0, 0
208049, 60800, 1, 0, 0
208149, 62080, 1, 0, 0
208249, 58880, 1, 0, 0
208349, 61440, 1, 0, 0
208449, 62080, 1, 0, 0
208549, 62080, 1, 0, 0
208649, 64640, 1, 0, 0
208750, 62080, 1, 0, 0
208850, 61440, 1, 0, 0
208950, 62080, 1, 0, 0
209050, 62080, 1, 0, 0
209150, 62080, 1, 0, 0
209249, 61414, 1, 0, 0
209349, 60800, 1, 0, 0
209449, 62720, 1, 0, 0
209549, 62720, 1, 0, 0
209649, 65920, 1, 0, 0
209749, 63360, 1, 0, 0
209849, 60800, 1, 0, 0
209949, 62720, 1, 0, 0
210050, 64000, 1, 0, 0
210150, 63360, 1, 0, 0
210249, 62707, 1, 0, 0
210349, 59520, 1, 0, 0
210449, 61440, 1, 0, 0
210549, 62080, 1, 0, 0
210649, 62080, 1, 0, 0
210749, 64640, 1, 0, 0
210849, 64640, 1, 0, 0
210949, 63360, 1, 0, 0
211049, 62080, 1, 0, 0
211149, 59520, 1, 0, 0
211250, 64000, 1, 0, 0
211350, 62080, 1, 0, 0
211450, 58880, 1, 0, 0
211550, 64000, 1, 0, 0
211650, 59520, 1, 0, 0
211749, 63353, 1, 0, 0
211849, 60800, 1, 0, 0
211949, 62720, 1, 0, 0
212049, 63360, 1, 0, 0
212149, 64000, 1, 0, 0
212249, 64640, 1, 0, 0
212349, 62720, 1, 0, 0
212450, 63360, 1, 0, 0
212550, 61440, 1, 0, 0
212650, 61440, 1, 0, 0
212749, 61414, 1, 0, 0
212849, 59520, 1, 0, 0
212949, 60160, 1, 0, 0
213049, 61440, 1, 0, 0
213149, 60800, 1, 0, 0
213249, 64640, 1, 0, 0
213349, 60160, 1, 0, 0
213449, 64640, 1, 0, 0
213549, 63360, 1, 0, 0
213649, 61440, 1, 0, 0
213749, 62707, 1, 0, 0
213849, 63360, 1, 0, 0
213949, 62080, 1, 0, 0
214049, 62720, 1, 0, 0
214149, 62720, 1, 0, 0
214249, 60160, 1, 0, 0
214349, 60800, 1, 0, 0
214449, 61440, 1, 0, 0
214549, 64000, 1, 0, 0
214649, 62080, 1, 0, 0
214749, 60800, 1, 0, 0
214849, 58880, 1, 0, 0
214950, 60800, 1, 0, 0
215050, 62080, 1, 0, 0
215150, 58240, 1, 0, 0
215249, 64000, 1, 0, 0
215349, 62080, 1, 0, 0
215449, 60800, 1, 0, 0
215549, 64000, 1, 0, 0
215649, 59520, 1, 0, 0
215749, 60160, 1, 0, 0
215849, 56960, 1, 0, 0
215949, 62720, 1, 0, 0
216049, 62720, 1, 0, 0
216149, 63360, 1, 0, 0
216250, 58880, 1, 0, 0
216350, 60160, 1, 0, 0
216450, 64000, 1, 0, 0
216550, 60160, 1, 0, 0
216650, 61440, 1, 0, 0
216749, 62707, 1, 0, 0
216849, 64640, 1, 0, 0
216949, 60160, 1, 0, 0
217049, 61440, 1, 0, 0
217149, 61440, 1, 0, 0
217249, 58880, 1, 0, 0
217349, 60160, 1, 0, 0
217449, 62080, 1, 0, 0
217550, 60160, 1, 0, 0
217650, 62080, 1, 0, 0
217749, 57535, 1, 0, 0
217849, 59520, 1, 0, 0
217949, 64000, 1, 0, 0
218049, 65920, 1, 0, 0
218149, 59520, 1, 0, 0
218249, 62720, 1, 0, 0
218349, 63360, 1, 0, 0
218449, 60800, 1, 0, 0
218549, 56960, 1, 0, 0
218649, 64000, 1, 0, 0
218750, 59520, 1, 0, 0
218850, 64640, 1, 0, 0
218950, 62720, 1, 0, 0
219050, 62080, 1, 0, 0
219150, 62720, 1, 0, 0
219249, 61414, 1, 0, 0
219349, 62720, 1, 0, 0
219449, 60800, 1, 0, 0
219549, 62080, 1, 0, 0
219649, 64000, 1, 0, 0
219749, 64640, 1, 0, 0
219849, 61440, 1, 0, 0
219949, 62080, 1, 0, 0
220050, 62080, 1, 0, 0
220150, 62080, 1, 0, 0
220249, 61414, 1, 0, 0
220349, 62720, 1, 0, 0
220449, 58880, 1, 0, 0
220549, 58880, 1, 0, 0
220649, 59520, 1, 0, 0
220749, 62080, 1, 0, 0
220849, 60800, 1, 0, 0
220949, 60800, 1, 0, 0
221049, 64000, 1, 0, 0
221149, 63360, 1, 0, 0
221250, 60800, 1, 0, 0
221350, 62080, 1, 0, 0
221450, 62720, 1, 0, 0
221550, 59520, 1, 0, 0
221650, 60800, 1, 0, 0
221749, 58181, 1, 0, 0
221849, 62080, 1, 0, 0
221949, 62720, 1, 0, 0
222049, 63360, 1, 0, 0
222149, 62080, 1, 0, 0
222249, 64000, 1, 0, 0
222349, 63360, 1, 0, 0
222450, 63360, 1, 0, 0
222550, 61440, 1, 0, 0
222650, 64640, 1, 0, 0
222749, 60767, 1, 0, 0
222849, 63360, 1, 0, 0
222949, 60800, 1, 0, 0
223049, 60800, 1, 0, 0
223149, 61440, 1, 0, 0
223249, 62080, 1, 0, 0
223349, 64000, 1, 0, 0
223449, 60160, 1, 0, 0
223549, 63360, 1, 0, 0
223650, 62720, 1, 0, 0
223749, 60121, 1, 0, 0
223849, 62720, 1, 0, 0
223949, 60160, 1, 0, 0
224049, 62720, 1, 0, 0
224149, 62080, 1, 0, 0
224249, 64000, 1, 0, 0
224349, 62080, 1, 0, 0
224449, 61440, 1, 0, 0
224549, 63360, 1, 0, 0
224649, 62720, 1, 0, 0
224749, 65920, 1, 0, 0
224850, 60800, 1, 0, 0
224950, 63360, 1, 0, 0
225050, 62080, 1, 0, 0
225150, 63360, 1, 0, 0
225249, 62707, 1, 0, 0
225349, 61440, 1, 0, 0
225449, 64000, 1, 0, 0
225549, 65280, 1, 0, 0
225649, 62720, 1, 0, 0
225749, 62720, 1, 0, 0
225849, 62080, 1, 0, 0
225949, 62080, 1, 0, 0
226050, 66560, 1, 0, 0
226150, 62080, 1, 0, 0
226249, 60767, 1, 0, 0
226349, 63360, 1, 0, 0
226449, 61440, 1, 0, 0
226549, 62720, 1, 0, 0
226649, 63360, 1, 0, 0
226749, 65280, 1, 0, 0
226849, 64640, 1, 0, 0
226949, 61440, 1, 0, 0
227049, 60800, 1, 0, 0
227149, 62080, 1, 0, 0
227250, 64640, 1, 0, 0
227350, 65920, 1, 0, 0
227450, 64000, 1, 0, 0
227550, 60800, 1, 0, 0
227650, 65280, 1, 0, 0
227749, 62707, 1, 0, 0
227849, 62720, 1, 0, 0
227949, 59520, 1, 0, 0
228049, 64640, 1, 0, 0
228149, 62720, 1, 0, 0
228249, 62720, 1, 0, 0
228349, 62720, 1, 0, 0
228449, 64640, 1, 0, 0
228550, 65280, 1, 0, 0
228650, 65280, 1, 0, 0
228749, 62707, 1, 0, 0
228849, 64000, 1, 0, 0
228949, 65280, 1, 0, 0
229049, 63360, 1, 0, 0
229149, 65280, 1, 0, 0
229249, 64000, 1, 0, 0
229349, 64000, 1, 0, 0
229449, 62720, 1, 0, 0
229549, 61440, 1, 0, 0
229649, 62720, 1, 0, 0
229750, 58240, 1, 0, 0
229850, 64000, 1, 0, 0
229950, 59520, 1, 0, 0
230050, 62080, 1, 0, 0
230150, 65280, 1, 0, 0
230249, 65292, 1, 0, 0
230349, 62080, 1, 0, 0
230449, 64000, 1, 0, 0
230549, 62720, 1, 0, 0
230649, 62720, 1, 0, 0
230749, 65920, 1, 0, 0
230849, 64640, 1, 0, 0
230949, 63360, 1, 0, 0
231050, 62720, 1, 0, 0
231150, 64640, 1, 0, 0
231249, 65292, 1, 0, 0
231349, 66560, 1, 0, 0
231449, 62720, 1, 0, 0
231549, 63360, 1, 0, 0
231649, 60160, 1, 0, 0
231749, 63360, 1, 0, 0
231849, 63360, 1, 0, 0
231949, 63360, 1, 0, 0
232049, 62080, 1, 0, 0
232149, 62720, 1, 0, 0
232249, 61414, 1, 0, 0
232349, 60160, 1, 0, 0
232449, 62720, 1, 0, 0
232549, 59520, 1, 0, 0
232649, 65920, 1, 0, 0
232749, 63360, 1, 0, 0
232849, 64000, 1, 0, 0
232949, 63360, 1, 0, 0
233049, 64640, 1, 0, 0
233149, 62720, 1, 0, 0
233249, 63360, 1, 0, 0
233349, 61440, 1, 0, 0
233449, 65280, 1, 0, 0
233550, 67200, 1, 0, 0
233650, 64640, 1, 0, 0
233749, 62060, 1, 0, 0
233849, 62720, 1, 0, 0
233949, 60800, 1, 0, 0
234049, 61440, 1, 0, 0
234149, 64000, 1, 0, 0
234249, 64000, 1, 0, 0
234349, 62720, 1, 0, 0
234449, 62720, 1, 0, 0
234549, 64000, 1, 0, 0
234650, 64640, 1, 0, 0
234749, 64646, 1, 0, 0
234849, 65280, 1, 0, 0
234949, 61440, 1, 0, 0
235049, 63360, 1, 0, 0
235149, 62720, 1, 0, 0
235249, 65280, 1, 0, 0
235349, 62720, 1, 0, 0
235449, 63360, 1, 0, 0
235549, 65280, 1, 0, 0
235649, 64000, 1, 0, 0
235749, 59520, 1, 0, 0
235850, 63360, 1, 0, 0
235950, 63360, 1, 0, 0
236050, 61440, 1, 0, 0
236150, 62720, 1, 0, 0
236249, 62707, 1, 0, 0
236349, 61440, 1, 0, 0
236449, 63360, 1, 0, 0
236549, 60160, 1, 0, 0
236649, 65280, 1, 0, 0
236749, 60800, 1, 0, 0
236849, 61440, 1, 0, 0
236949, 65280, 1, 0, 0
237050, 60800, 1, 0, 0
237150, 64640, 1, 0, 0
237249, 64646, 1, 0, 0
237349, 62080, 1, 0, 0
237449, 64640, 1, 0, 0
237549, 61440, 1, 0, 0
237649, 64640, 1, 0, 0
237749, 62080, 1, 0, 0
237849, 62720, 1, 0, 0
237949, 60800, 1, 0, 0
238049, 62720, 1, 0, 0
238149, 64640, 1, 0, 0
238249, 62080, 1, 0, 0
238350, 64640, 1, 0, 0
238450, 64640, 1, 0, 0
238550, 60800, 1, 0, 0
238650, 62080, 1, 0, 0
238749, 64646, 1, 0, 0
238849, 61440, 1, 0, 0
238949, 60800, 1, 0, 0
239049, 60800, 1, 0, 0
239149, 62720, 1, 0, 0
239249, 64000, 1, 0, 0
239349, 65280, 1, 0, 0
239449, 60800, 1, 0, 0
239549, 62080, 1, 0, 0
239649, 61440, 1, 0, 0
239749, 61414, 1, 0, 0
239849, 62080, 1, 0, 0
239949, 60160, 1, 0, 0
240049, 63360, 1, 0, 0
240149, 61440, 1, 0, 0
240249, 56320, 1, 0, 0
240349, 60800, 1, 0, 0
240449, 62720, 1, 0, 0
240549, 60160, 1, 0, 0
240649, 62720, 1, 0, 0
240749, 61440, 1, 0, 0
240849, 60160, 1, 0, 0
240949, 60160, 1, 0, 0
241050, 62080, 1, 0, 0
241150, 60800, 1, 0, 0
241249, 62707, 1, 0, 0
241349, 60800, 1, 0, 0
241449, 62080, 1, 0, 0
241549, 60160, 1, 0, 0
241649, 61440, 1, 0, 0
241749, 62720, 1, 0, 0
241849, 62720, 1, 0, 0
241949, 63360, 1, 0, 0
242049, 65920, 1, 0, 0
242149, 60160, 1, 0, 0
242250, 59520, 1, 0, 0
242350, 62720, 1, 0, 0
242450, 63360, 1, 0, 0
242550, 60800, 1, 0, 0
242650, 60800, 1, 0, 0
242749, 64646, 1, 0, 0
242849, 63360, 1, 0, 0
242949, 62720, 1, 0, 0
243049, 64000, 1, 0, 0
243149, 65920, 1, 0, 0
243249, 64640, 1, 0, 0
243349, 64640, 1, 0, 0
243450, 61440, 1, 0, 0
243550, 60160, 1, 0, 0
243650, 58880, 1, 0, 0
243749, 62060, 1, 0, 0
243849, 61440, 1, 0, 0
243949, 62080, 1, 0, 0
244049, 61440, 1, 0, 0
244149, 60800, 1, 0, 0
244249, 63360, 1, 0, 0
244349, 62080, 1, 0, 0
244449, 64000, 1, 0, 0
244549, 62080, 1, 0, 0
244650, 64000, 1, 0, 0
244749, 60767, 1, 0, 0
244849, 62080, 1, 0, 0
244949, 60800, 1, 0, 0
245049, 61440, 1, 0, 0
245149, 62720, 1, 0, 0
245249, 57600, 1, 0, 0
245349, 62720, 1, 0, 0
245449, 62720, 1, 0, 0
245549, 62720, 1, 0, 0
245649, 62720, 1, 0, 0
245749, 60160, 1, 0, 0
245849, 64640, 1, 0, 0
245950, 61440, 1, 0, 0
246050, 61440, 1, 0, 0
246150, 62720, 1, 0, 0
246249, 61414, 1, 0, 0
246349, 57600, 1, 0, 0
246449, 58880, 1, 0, 0
246549, 62720, 1, 0, 0
246649, 59520, 1, 0, 0
246749, 61440, 1, 0, 0
246849, 58880, 1, 0, 0
246949, 60160, 1, 0, 0
247050, 59520, 1, 0, 0
247150, 62720, 1, 0, 0
247249, 60121, 1, 0, 0
247349, 60160, 1, 0, 0
247449, 62080, 1, 0, 0
247549, 62720, 1, 0, 0
247649, 62080, 1, 0, 0
247749, 60160, 1, 0, 0
247849, 62080, 1, 0, 0
247949, 61440, 1, 0, 0
248049, 59520, 1, 0, 0
248149, 62080, 1, 0, 0
248249, 61440, 1, 0, 0
248350, 59520, 1, 0, 0
248450, 59520, 1, 0, 0
248550, 63360, 1, 0, 0
248650, 64640, 1, 0, 0
248749, 60767, 1, 0, 0
248849, 60160, 1, 0, 0
248949, 62080, 1, 0, 0
249049, 62720, 1, 0, 0
249149, 59520, 1, 0, 0
249249, 64640, 1, 0, 0
249349, 61440, 1, 0, 0
249449, 62720, 1, 0, 0
249550, 63360, 1, 0, 0
249650, 64640, 1, 0, 0
249749, 65292, 1, 0, 0
249849, 65280, 1, 0, 0
249949, 63360, 1, 0, 0
250049, 63360, 1, 0, 0
250149, 63360, 1, 0, 0
250249, 60800, 1, 0, 0
250349, 63360, 1, 0, 0
250449, 60800, 1, 0, 0
250549, 62720, 1, 0, 0
250649, 63360, 1, 0, 0
250750, 62080, 1, 0, 0
250850, 60160, 1, 0, 0
250950, 63360, 1, 0, 0
251050, 58240, 1, 0, 0
251150, 64000, 1, 0, 0
251249, 62060, 1, 0, 0
251349, 62720, 1, 0, 0
251449, 61440, 1, 0, 0
251549, 61440, 1, 0, 0
251649, 63360, 1, 0, 0
251749, 61440, 1, 0, 0
251849, 61440, 1, 0, 0
251949, 62080, 1, 0, 0
252050, 65920, 1, 0, 0
252150, 62720, 1, 0, 0
252249, 62060, 1, 0, 0
252349, 63360, 1, 0, 0
252449, 62080, 1, 0, 0
252549, 63360, 1, 0, 0
252649, 62720, 1, 0, 0
252749, 61440, 1, 0, 0
252849, 64640, 1, 0, 0
252949, 63360, 1, 0, 0
253049, 59520, 1, 0, 0
253149, 60800, 1, 0, 0
253250, 64000, 1, 0, 0
253350, 61440, 1, 0, 0
253450, 58240, 1, 0, 0
253550, 59520, 1, 0, 0
253650, 60800, 1, 0, 0
253749, 65939, 1, 0, 0
253849, 60800, 1, 0, 0
253949, 59520, 1, 0, 0
254049, 60160, 1, 0, 0
254149, 59520, 1, 0, 0
254249, 61440, 1, 0, 0
254349, 63360, 1, 0, 0
254450, 60800, 1, 0, 0
254550, 65280, 1, 0, 0
254650, 58880, 1, 0, 0
254749, 61414, 1, 0, 0
254849, 62720, 1, 0, 0
254949, 62720, 1, 0, 0
255049, 64000, 1, 0, 0
255149, 60800, 1, 0, 0
255249, 63360, 1, 0, 0
255349, 65920, 1, 0, 0
255449, 65280, 1, 0, 0
255549, 63360, 1, 0, 0
255650, 63360, 1, 0, 0
255749, 61414, 1, 0, 0
255849, 62720, 1, 0, 0
255949, 64000, 1, 0, 0
256049, 63360, 1, 0, 0
256149, 64000, 1, 0, 0
256249, 64000, 1, 0, 0
256349, 63360, 1, 0, 0
256449, 66560, 1, 0, 0
256549, 66560, 1, 0, 0
256649, 64640, 1, 0, 0
256749, 62720, 1, 0, 0
256850, 60160, 1, 0, 0
256950, 65920, 1, 0, 0
257050, 62720, 1, 0, 0
257150, 62080, 1, 0, 0
257249, 60767, 1, 0, 0
257349, 59520, 1, 0, 0
257449, 63360, 1, 0, 0
257549, 62720, 1, 0, 0
257649, 64000, 1, 0, 0
257749, 64640, 1, 0, 0
257849, 62720, 1, 0, 0
257949, 64640, 1, 0, 0
258050, 64640, 1, 0, 0
258150, 64640, 1, 0, 0
258249, 64000, 1, 0, 0
258349, 63360, 1, 0, 0
258449, 65280, 1, 0, 0
258549, 60800, 1, 0, 0
258649, 62080, 1, 0, 0
258749, 64000, 1, 0, 0
258849, 61440, 1, 0, 0
258949, 62720, 1, 0, 0
259049, 65280, 1, 0, 0
259149, 62720, 1, 0, 0
259249, 62720, 1, 0, 0
259350, 62720, 1, 0, 0
259450, 63360, 1, 0, 0
259550, 62720, 1, 0, 0
259650, 65920, 1, 0, 0
259749, 64000, 1, 0, 0
259849, 64000, 1, 0, 0
259949, 64000, 1, 0, 0
260049, 62720, 1, 0, 0
260149, 64000, 1, 0, 0
260249, 63360, 1, 0, 0
260349, 62720, 1, 0, 0
260449, 62720, 1, 0, 0
260550, 67200, 1, 0, 0
260650, 65280, 1, 0, 0
260749, 61414, 1, 0, 0
260849, 62720, 1, 0, 0
260949, 64000, 1, 0, 0
261049, 64640, 1, 0, 0
261149, 61440, 1, 0, 0
261249, 63360, 1, 0, 0
261349, 61440, 1, 0, 0
261449, 59520, 1, 0, 0
261549, 63360, 1, 0, 0
261649, 61440, 1, 0, 0
261750, 65280, 1, 0, 0
261850, 60800, 1, 0, 0
261950, 60800, 1, 0, 0
262050, 59520, 1, 0, 0
262150, 60160, 1, 0, 0
262249, 62060, 1, 0, 0
262349, 62720, 1, 0, 0
262449, 64000, 1, 0, 0
262549, 62720, 1, 0, 0
262649, 64000, 1, 0, 0
262749, 64640, 1, 0, 0
262849, 60160, 1, 0, 0
262949, 60800, 1, 0, 0
263050, 62720, 1, 0, 0
263150, 62080, 1, 0, 0
263249, 60767, 1, 0, 0
263349, 62080, 1, 0, 0
263449, 64640, 1, 0, 0
263549, 62720, 1, 0, 0
263649, 61440, 1, 0, 0
263749, 64000, 1, 0, 0
263849, 62080, 1, 0, 0
263949, 63360, 1, 0, 0
264049, 64640, 1, 0, 0
264149, 64640, 1, 0, 0
264250, 65920, 1, 0, 0
264350, 61440, 1, 0, 0
264450, 63360, 1, 0, 0
264550, 60160, 1, 0, 0
264650, 61440, 1, 0, 0
264749, 63353, 1, 0, 0
264849, 64000, 1, 0, 0
264949, 64640, 1, 0, 0
265049, 62080, 1, 0, 0
265149, 63360, 1, 0, 0
265249, 64640, 1, 0, 0
265349, 65920, 1, 0, 0
265449, 63360, 1, 0, 0
265550, 66560, 1, 0, 0
265650, 64640, 1, 0, 0
265749, 64646, 1, 0, 0
265849, 64640, 1, 0, 0
265949, 65280, 1, 0, 0
266049, 62080, 1, 0, 0
266149, 61440, 1, 0, 0
266249, 66560, 1, 0, 0
266349, 64640, 1, 0, 0
266449, 64000, 1, 0, 0
266549, 65280, 1, 0, 0
266649, 60800, 1, 0, 0
266750, 64000, 1, 0, 0
266850, 61440, 1, 0, 0
266950, 65920, 1, 0, 0
267050, 65280, 1, 0, 0
267150, 64000, 1, 0, 0
267249, 64000, 1, 0, 0
267349, 64640, 1, 0, 0
267449, 61440, 1, 0, 0
267549, 63360, 1, 0, 0
267649, 67200, 1, 0, 0
267749, 63360, 1, 0, 0
267849, 64000, 1, 0, 0
267949, 62720, 1, 0, 0
268050, 65280, 1, 0, 0
268150, 64640, 1, 0, 0
268249, 62707, 1, 0, 0
268349, 62720, 1, 0, 0
268449, 60160, 1, 0, 0
268549, 66560, 1, 0, 0
268649, 61440, 1, 0, 0
268749, 60160, 1, 0, 0
268849, 62080, 1, 0, 0
268949, 60800, 1, 0, 0
269049, 62080, 1, 0, 0
269149, 63360, 1, 0, 0
269250, 60160, 1, 0, 0
269350, 62080, 1, 0, 0
269450, 60160, 1, 0, 0
269550, 64000, 1, 0, 0
269650, 62080, 1, 0, 0
269749, 62060, 1, 0, 0
269849, 62080, 1, 0, 0
269949, 64640, 1, 0, 0
270049, 63360, 1, 0, 0
270149, 61440, 1, 0, 0
270249, 62720, 1, 0, 0
270349, 65280, 1, 0, 0
270450, 65280, 1, 0, 0
270550, 65920, 1, 0, 0
270650, 62720, 1, 0, 0
270749, 65292, 1, 0, 0
270849, 63360, 1, 0, 0
270949, 64000, 1, 0, 0
271049, 60800, 1, 0, 0
271149, 60800, 1, 0, 0
271249, 66560, 1, 0, 0
271349, 60160, 1, 0, 0
271449, 64640, 1, 0, 0
271549, 64000, 1, 0, 0
271650, 63360, 1, 0, 0
271749, 63353, 1, 0, 0
271849, 64000, 1, 0, 0
271949, 64640, 1, 0, 0
272049, 62080, 1, 0, 0
272149, 62720, 1, 0, 0
272249, 62080, 1, 0, 0
272349, 62720, 1, 0, 0
272449, 64640, 1, 0, 0
272549, 64640, 1, 0, 0
272649, 60160, 1, 0, 0
272749, 61440, 1, 0, 0
272849, 63360, 1, 0, 0
272950, 62720, 1, 0, 0
273050, 60800, 1, 0, 0
273150, 65280, 1, 0, 0
273249, 61414, 1, 0, 0
273349, 62720, 1, 0, 0
273449, 63360, 1, 0, 0
273549, 64640, 1, 0, 0
273649, 66560, 1, 0, 0
273749, 66560, 1, 0, 0
273849, 64640, 1, 0, 0
273949, 65920, 1, 0, 0
274049, 64640, 1, 0, 0
274150, 64640, 1, 0, 0
274249, 61414, 1, 0, 0
274349, 63360, 1, 0, 0
274449, 63360, 1, 0, 0
274549, 62720, 1, 0, 0
274649, 63360, 1, 0, 0
274749, 61440, 1, 0, 0
274849, 64640, 1, 0, 0
274949, 65920, 1, 0, 0
275049, 63360, 1, 0, 0
275149, 64640, 1, 0, 0
275249, 64000, 1, 0, 0
275349, 64640, 1, 0, 0
275450, 65280, 1, 0, 0
275550, 65280, 1, 0, 0
275650, 62080, 1, 0, 0
275749, 65292, 1, 0, 0
275849, 64640, 1, 0, 0
275949, 60800, 1, 0, 0
276049, 62080, 1, 0, 0
276149, 64640, 1, 0, 0
276249, 61440, 1, 0, 0
276349, 66560, 1, 0, 0
276449, 60800, 1, 0, 0
276549, 62720, 1, 0, 0
276650, 62720, 1, 0, 0
276749, 66585, 1, 0, 0
276849, 65280, 1, 0, 0
276949, 64000, 1, 0, 0
277049, 62080, 1, 0, 0
277149, 64640, 1, 0, 0
277249, 64640, 1, 0, 0
277349, 64640, 1, 0, 0
277449, 62720, 1, 0, 0
277549, 63360, 1, 0, 0
277649, 66560, 1, 0, 0
277749, 65920, 1, 0, 0
277850, 60800, 1, 0, 0
277950, 63360, 1, 0, 0
278050, 64000, 1, 0, 0
278150, 64000, 1, 0, 0
278249, 63353, 1, 0, 0
278349, 64640, 1, 0, 0
278449, 63360, 1, 0, 0
278549, 63360, 1, 0, 0
278649, 63360, 1, 0, 0
278749, 63360, 1, 0, 0
278849, 62720, 1, 0, 0
278949, 63360, 1, 0, 0
279050, 60800, 1, 0, 0
279150, 63360, 1, 0, 0
279249, 62707, 1, 0, 0
279349, 60800, 1, 0, 0
279449, 61440, 1, 0, 0
279549, 67840, 1, 0, 0
279649, 65280, 1, 0, 0
279749, 63360, 1, 0, 0
279849, 62080, 1, 0, 0
279949, 62080, 1, 0, 0
280049, 64640, 1, 0, 0
280149, 63360, 1, 0, 0
280250, 62720, 1, 0, 0
280350, 63360, 1, 0, 0
280450, 67200, 1, 0, 0
280550, 64000, 1, 0, 0
280650, 64000, 1, 0, 0
280749, 64000, 1, 0, 0
280849, 58240, 1, 0, 0
280949, 64640, 1, 0, 0
281049, 63360, 1, 0, 0
281149, 62080, 1, 0, 0
281249, 65280, 1, 0, 0
281349, 63360, 1, 0, 0
281449, 61440, 1, 0, 0
281550, 62080, 1, 0, 0
281650, 65280, 1, 0, 0
281749, 62060, 1, 0, 0
281849, 63360, 1, 0, 0
281949, 58880, 1, 0, 0
282049, 66560, 1, 0, 0
282149, 59520, 1, 0, 0
282249, 58880, 1, 0, 0
282349, 65280, 1, 0, 0
282449, 65280, 1, 0, 0
282549, 64640, 1, 0, 0
282649, 62080, 1, 0, 0
282750, 64000, 1, 0, 0
282850, 64640, 1, 0, 0
282950, 62080, 1, 0, 0
283050, 63360, 1, 0, 0
283150, 64000, 1, 0, 0
283249, 64000, 1, 0, 0
283349, 62080, 1, 0, 0
283449, 64640, 1, 0, 0
283549, 65920, 1, 0, 0
283649, 63360, 1, 0, 0
283749, 66560, 1, 0, 0
283849, 66560, 1, 0, 0
283949, 62080, 1, 0, 0
284050, 62720, 1, 0, 0
284150, 64000, 1, 0, 0
284249, 64646, 1, 0, 0
284349, 63360, 1, 0, 0
284449, 63360, 1, 0, 0
284549, 63360, 1, 0, 0
284649, 63360, 1, 0, 0
284749, 65280, 1, 0, 0
284849, 65280, 1, 0, 0
284949, 61440, 1, 0, 0
285049, 65280, 1, 0, 0
285149, 64640, 1, 0, 0
285250, 66560, 1, 0, 0
285350, 62720, 1, 0, 0
285450, 63360, 1, 0, 0
285550, 62080, 1, 0, 0
285650, 64000, 1, 0, 0
285749, 65292, 1, 0, 0
285849, 62080, 1, 0, 0
285949, 64000, 1, 0, 0
286049, 64000, 1, 0, 0
286149, 66560, 1, 0, 0
286249, 63360, 1, 0, 0
286349, 62080, 1, 0, 0
286449, 64000, 1, 0, 0
286550, 63360, 1, 0, 0
286650, 62720, 1, 0, 0
286749, 65292, 1, 0, 0
286849, 64640, 1, 0, 0
286949, 65280, 1, 0, 0
287049, 62720, 1, 0, 0
287149, 62080, 1, 0, 0
287249, 65920, 1, 0, 0
287349, 63360, 1, 0, 0
287449, 65920, 1, 0, 0
287549, 63360, 1, 0, 0
287649, 63360, 1, 0, 0
287750, 64000, 1, 0, 0
287850, 63360, 1, 0, 0
287950, 62720, 1, 0, 0
288050, 64000, 1, 0, 0
288150, 64000, 1, 0, 0
288249, 62707, 1, 0, 0
288349, 62080, 1, 0, 0
288449, 63360, 1, 0, 0
288549, 62080, 1, 0, 0
288649, 64000, 1, 0, 0
288749, 65280, 1, 0, 0
288849, 62080, 1, 0, 0
288949, 62080, 1, 0, 0
289050, 62720, 1, 0, 0
289150, 63360, 1, 0, 0
289249, 65939, 1, 0, 0
289349, 64640, 1, 0, 0
289449, 64000, 1, 0, 0
289549, 61440, 1, 0, 0
289649, 65280, 1, 0, 0
289749, 60160, 1, 0, 0
289849, 64000, 1, 0, 0
289949, 63360, 1, 0, 0
290049, 64640, 1, 0, 0
290149, 63360, 1, 0, 0
290250, 62720, 1, 0, 0
290350, 63360, 1, 0, 0
290450, 61440, 1, 0, 0
290550, 64640, 1, 0, 0
290650, 64640, 1, 0, 0
290749, 62060, 1, 0, 0
290849, 61440, 1, 0, 0
290949, 59520, 1, 0, 0
291049, 59520, 1, 0, 0
291149, 62720, 1, 0, 0
291249, 64000, 1, 0, 0
291349, 62080, 1, 0, 0
291449, 62080, 1, 0, 0
291550, 64000, 1, 0, 0
291650, 65280, 1, 0, 0
291749, 64646, 1, 0, 0
291849, 61440, 1, 0, 0
291949, 64000, 1, 0, 0
292049, 64640, 1, 0, 0
292149, 62720, 1, 0, 0
292249, 64000, 1, 0, 0
292349, 60800, 1, 0, 0
292449, 64000, 1, 0, 0
292549, 62080, 1, 0, 0
292649, 64000, 1, 0, 0
292750, 62080, 1, 0, 0
292850, 62720, 1, 0, 0
292950, 64000, 1, 0, 0
293050, 60160, 1, 0, 0
293150, 61440, 1, 0, 0
293249, 62707, 1, 0, 0
293349, 62080, 1, 0, 0
293449, 58240, 1, 0, 0
293549, 64640, 1, 0, 0
293649, 63360, 1, 0, 0
293749, 60800, 1, 0, 0
293849, 60800, 1, 0, 0
293949, 62080, 1, 0, 0
294050, 62720, 1, 0, 0
294150, 62080, 1, 0, 0
294249, 62707, 1, 0, 0
294349, 63360, 1, 0, 0
294449, 65280, 1, 0, 0
294549, 63360, 1, 0, 0
294649, 64000, 1, 0, 0
294749, 64640, 1, 0, 0
294849, 64000, 1, 0, 0
294949, 61440, 1, 0, 0
295049, 60800, 1, 0, 0
295149, 62720, 1, 0, 0
295250, 62720, 1, 0, 0
295350, 65920, 1, 0, 0
295450, 63360, 1, 0, 0
295550, 64000, 1, 0, 0
295650, 65280, 1, 0, 0
295749, 60767, 1, 0, 0
295849, 62720, 1, 0, 0
295949, 64640, 1, 0, 0
296049, 64640, 1, 0, 0
296149, 57600, 1, 0, 0
296249, 62080, 1, 0, 0
296349, 63360, 1, 0, 0
296449, 62720, 1, 0, 0
296550, 64640, 1, 0, 0
296650, 62080, 1, 0, 0
296749, 62707, 1, 0, 0
296849, 62720, 1, 0, 0
296949, 64640, 1, 0, 0
297049, 62720, 1, 0, 0
297149, 60800, 1, 0, 0
297249, 64000, 1, 0, 0
297349, 61440, 1, 0, 0
297449, 62080, 1, 0, 0
297549, 64000, 1, 0, 0
297649, 67200, 1, 0, 0
297750, 64000, 1, 0, 0
297850, 62080, 1, 0, 0
297950, 62080, 1, 0, 0
298050, 64000, 1, 0, 0
298150, 64000, 1, 0, 0
298249, 61414, 1, 0, 0
298349, 62080, 1, 0, 0
298449, 62720, 1, 0, 0
298549, 62080, 1, 0, 0
298649, 64640, 1, 0, 0
298749, 64000, 1, 0, 0
298849, 65920, 1, 0, 0
298949, 62720, 1, 0, 0
299050, 64000, 1, 0, 0
299150, 64640, 1, 0, 0
299249, 63353, 1, 0, 0
299349, 63360, 1, 0, 0
299449, 64000, 1, 0, 0
299549, 65280, 1, 0, 0
299649, 63360, 1, 0, 0
299749, 62720, 1, 0, 0
299849, 62080, 1, 0, 0
299949, 64000, 1, 0, 0
300049, 66560, 1, 0, 0
300149, 60160, 1, 0, 0
300250, 59520, 1, 0, 0
300350, 62720, 1, 0, 0
300450, 62080, 1, 0, 0
300550, 62080, 1, 0, 0
300650, 60160, 1, 0, 0
300749, 64000, 1, 0, 0
300849, 63360, 1, 0, 0
300949, 64000, 1, 0, 0
301049, 64000, 1, 0, 0
301149, 60160, 1, 0, 0
301249, 64640, 1, 0, 0
301349, 64000, 1, 0, 0
301449, 64000, 1, 0, 0
301550, 67840, 1, 0, 0
301650, 60800, 1, 0, 0
301749, 64000, 1, 0, 0
301849, 62080, 1, 0, 0
301949, 62720, 1, 0, 0
302049, 64640, 1, 0, 0
302149, 62080, 1, 0, 0
302249, 61440, 1, 0, 0
302349, 64640, 1, 0, 0
302449, 62720, 1, 0, 0
302549, 64000, 1, 0, 0
302649, 64000, 1, 0, 0
302749, 62707, 1, 0, 0
302849, 63360, 1, 0, 0
302949, 64640, 1, 0, 0
303049, 60800, 1, 0, 0
303149, 63360, 1, 0, 0
303249, 64640, 1, 0, 0
303349, 63360, 1, 0, 0
303449, 62080, 1, 0, 0
303549, 64000, 1, 0, 0
303649, 62080, 1, 0, 0
303749, 63360, 1, 0, 0
303849, 62720, 1, 0, 0
303949, 60160, 1, 0, 0
304050, 63360, 1, 0, 0
304150, 63360, 1, 0, 0
304249, 64646, 1, 0, 0
304349, 64000, 1, 0, 0
304449, 62080, 1, 0, 0
304549, 65920, 1, 0, 0
304649, 56960, 1, 0, 0
304749, 59520, 1, 0, 0
304849, 65280, 1, 0, 0
304949, 63360, 1, 0, 0
305049, 61440, 1, 0, 0
305149, 63360, 1, 0, 0
305250, 62080, 1, 0, 0
305350, 60800, 1, 0, 0
305450, 62720, 1, 0, 0
305550, 61440, 1, 0, 0
305650, 62720, 1, 0, 0
305749, 64646, 1, 0, 0
305849, 62080, 1, 0, 0
305949, 61440, 1, 0, 0
306049, 64000, 1, 0, 0
306149, 65280, 1, 0, 0
306249, 65920, 1, 0, 0
306349, 62080, 1, 0, 0
306449, 60800, 1, 0, 0
306550, 65920, 1, 0, 0
306650, 62720, 1, 0, 0
306749, 64000, 1, 0, 0
306849, 62720, 1, 0, 0
306949, 62720, 1, 0, 0
307049, 64640, 1, 0, 0
307149, 66560, 1, 0, 0
307249, 61440, 1, 0, 0
307349, 64640, 1, 0, 0
307449, 64000, 1, 0, 0
307550, 64000, 1, 0, 0
307650, 65920, 1, 0, 0
307749, 62707, 1, 0, 0
307849, 65280, 1, 0, 0
307949, 62080, 1, 0, 0
308049, 64640, 1, 0, 0
308149, 63360, 1, 0, 0
308249, 62080, 1, 0, 0
308349, 61440, 1, 0, 0
308449, 67200, 1, 0, 0
308549, 61440, 1, 0, 0
308649, 62080, 1, 0, 0
308750, 64000, 1, 0, 0
308850, 61440, 1, 0, 0
308950, 64000, 1, 0, 0
309050, 62720, 1, 0, 0
309150, 64000, 1, 0, 0
309249, 62707, 1, 0, 0
309349, 60800, 1, 0, 0
309449, 64640, 1, 0, 0
309549, 62720, 1, 0, 0
309649, 63360, 1, 0, 0
309749, 65280, 1, 0, 0
309849, 64000, 1, 0, 0
309949, 64000, 1, 0, 0
310050, 65920, 1, 0, 0
310150, 64000, 1, 0, 0
310249, 68525, 1, 0, 0
310349, 64000, 1, 0, 0
310449, 62720, 1, 0, 0
310549, 63360, 1, 0, 0
310649, 63360, 1, 0, 0
310749, 65920, 1, 0, 0
310849, 62720, 1, 0, 0
310949, 64000, 1, 0, 0
311049, 62080, 1, 0, 0
311149, 62720, 1, 0, 0
311250, 62720, 1, 0, 0
311350, 65280, 1, 0, 0
311450, 62720, 1, 0, 0
311550, 63360, 1, 0, 0
311650, 64640, 1, 0, 0
311749, 64000, 1, 0, 0
311849, 62720, 1, 0, 0
311949, 64640, 1, 0, 0
312049, 64000, 1, 0, 0
312149, 64000, 1, 0, 0
312249, 63360, 1, 0, 0
312349, 62720, 1, 0, 0
312449, 60800, 1, 0, 0
312550, 62080, 1, 0, 0
312650, 61440, 1, 0, 0
312749, 62060, 1, 0, 0
312849, 64640, 1, 0, 0
312949, 61440, 1, 0, 0
313049, 60160, 1, 0, 0
313149, 61440, 1, 0, 0
313249, 62080, 1, 0, 0
313349, 61440, 1, 0, 0
313449, 62080, 1, 0, 0
313549, 60160, 1, 0, 0
313649, 60800, 1, 0, 0
313750, 62720, 1, 0, 0
313850, 62080, 1, 0, 0
313950, 63360, 1, 0, 0
314050, 63360, 1, 0, 0
314150, 62720, 1, 0, 0
314249, 65292, 1, 0, 0
314349, 64640, 1, 0, 0
314449, 60160, 1, 0, 0
314549, 64000, 1, 0, 0
314649, 63360, 1, 0, 0
314749, 62720, 1, 0, 0
314849, 63360, 1, 0, 0
314949, 64000, 1, 0, 0
315050, 58880, 1, 0, 0
315150, 58240, 1, 0, 0
315249, 60767, 1, 0, 0
315349, 62720, 1, 0, 0
315449, 64640, 1, 0, 0
315549, 64000, 1, 0, 0
315649, 63360, 1, 0, 0
315749, 62720, 1, 0, 0
315849, 60160, 1, 0, 0
315949, 64640, 1, 0, 0
316049, 62080, 1, 0, 0
316149, 59520, 1, 0, 0
316250, 64000, 1, 0, 0
316350, 60160, 1, 0, 0
316450, 60160, 1, 0, 0
316550, 59520, 1, 0, 0
316650, 62080, 1, 0, 0
316749, 62060, 1, 0, 0
316849, 60800, 1, 0, 0
316949, 64000, 1, 0, 0
317049, 60160, 1, 0, 0
317149, 60160, 1, 0, 0
317249, 59520, 1, 0, 0
317349, 62720, 1, 0, 0
317449, 60800, 1, 0, 0
317550, 60800, 1, 0, 0
317650, 63360, 1, 0, 0
317749, 65292, 1, 0, 0
317849, 62080, 1, 0, 0
317949, 61440, 1, 0, 0
318049, 62720, 1, 0, 0
318149, 60800, 1, 0, 0
318249, 60800, 1, 0, 0
318349, 61440, 1, 0, 0
318449, 62720, 1, 0, 0
318549, 58880, 1, 0, 0
318649, 62720, 1, 0, 0
318750, 61440, 1, 0, 0
318850, 62720, 1, 0, 0
318950, 59520, 1, 0, 0
319050, 63360, 1, 0, 0
319150, 61440, 1, 0, 0
319249, 62060, 1, 0, 0
319349, 56960, 1, 0, 0
319449, 63360, 1, 0, 0
319549, 59520, 1, 0, 0
319649, 62080, 1, 0, 0
319749, 62720, 1, 0, 0
319849, 60800, 1, 0, 0
319950, 60160, 1, 0, 0
320050, 60800, 1, 0, 0
320150, 64000, 1, 0, 0
320249, 61414, 1, 0, 0
320349, 62080, 1, 0, 0
320449, 60800, 1, 0, 0
320549, 62080, 1, 0, 0
320649, 62080, 1, 0, 0
320749, 62080, 1, 0, 0
320849, 61440, 1, 0, 0
320949, 63360, 1, 0, 0
321049, 62720, 1, 0, 0
321149, 63360, 1, 0, 0
321250, 57600, 1, 0, 0
321350, 60160, 1, 0, 0
321450, 62720, 1, 0, 0
321550, 61440, 1, 0, 0
321650, 65280, 1, 0, 0
321749, 65292, 1, 0, 0
321849, 63360, 1, 0, 0
321949, 62720, 1, 0, 0
322049, 65280, 1, 0, 0
322149, 62720, 1, 0, 0
322249, 62080, 1, 0, 0
322349, 62720, 1, 0, 0
322449, 62080, 1, 0, 0
322550, 60160, 1, 0, 0
322650, 64000, 1, 0, 0
322749, 61414, 1, 0, 0
322849, 62080, 1, 0, 0
322949, 64000, 1, 0, 0
323049, 63360, 1, 0, 0
323149, 60800, 1, 0, 0
323249, 60160, 1, 0, 0
323349, 62080, 1, 0, 0
323449, 60800, 1, 0, 0
323549, 62080, 1, 0, 0
323649, 62080, 1, 0, 0
323750, 61440, 1, 0, 0
323850, 62080, 1, 0, 0
323950, 64640, 1, 0, 0
324050, 63360, 1, 0, 0
324150, 62080, 1, 0, 0
324249, 57535, 1, 0, 0
324349, 59520, 1, 0, 0
324449, 57600, 1, 0, 0
324549, 61440, 1, 0, 0
324649, 61440, 1, 0, 0
324749, 64000, 1, 0, 0
324849, 61440, 1, 0, 0
324949, 64640, 1, 0, 0
325050, 62080, 1, 0, 0
325150, 62080, 1, 0, 0
325249, 60767, 1, 0, 0
325349, 65280, 1, 0, 0
325449, 64000, 1, 0, 0
325549, 62720, 1, 0, 0
325649, 65280, 1, 0, 0
325749, 64000, 1, 0, 0
325849, 65280, 1, 0, 0
325949, 65280, 1, 0, 0
326049, 64640, 1, 0, 0
326149, 60160, 1, 0, 0
326250, 63360, 1, 0, 0
326350, 63360, 1, 0, 0
326450, 64640, 1, 0, 0
326550, 64000, 1, 0, 0
326650, 64640, 1, 0, 0
326749, 62060, 1, 0, 0
326849, 63360, 1, 0, 0
326949, 61440, 1, 0, 0
327049, 64640, 1, 0, 0
327149, 67200, 1, 0, 0
327249, 65280, 1, 0, 0
327349, 64000, 1, 0, 0
327449, 63360, 1, 0, 0
327550, 64640, 1, 0, 0
327650, 64000, 1, 0, 0
327749, 64646, 1, 0, 0
327849, 65920, 1, 0, 0
327949, 60800, 1, 0, 0
328049, 64000, 1, 0, 0
328149, 64640, 1, 0, 0
328249, 64640, 1, 0, 0
328349, 62720, 1, 0, 0
328449, 62720, 1, 0, 0
328549, 63360, 1, 0, 0
328649, 64000, 1, 0, 0
328750, 62080, 1, 0, 0
328850, 65280, 1, 0, 0
328950, 60160, 1, 0, 0
329050, 63360, 1, 0, 0
329150, 64000, 1, 0, 0
329249, 64000, 1, 0, 0
329349, 61440, 1, 0, 0
329449, 62720, 1, 0, 0
329549, 64640, 1, 0, 0
329649, 64000, 1, 0, 0
329749, 64000, 1, 0, 0
329849, 62080, 1, 0, 0
329949, 62720, 1, 0, 0
330050, 65280, 1, 0, 0
330150, 65280, 1, 0, 0
330249, 64646, 1, 0, 0
330349, 65920, 1, 0, 0
330449, 65280, 1, 0, 0
330549, 62720, 1, 0, 0
330649, 66560, 1, 0, 0
330749, 65920, 1, 0, 0
330849, 62720, 1, 0, 0
330949, 64000, 1, 0, 0
331049, 65280, 1, 0, 0
331149, 62080, 1, 0, 0
331250, 63360, 1, 0, 0
331350, 62720, 1, 0, 0
331450, 63360, 1, 0, 0
331550, 60160, 1, 0, 0
331650, 59520, 1, 0, 0
331749, 66585, 1, 0, 0
331849, 63360, 1, 0, 0
331949, 65920, 1, 0, 0
332049, 63360, 1, 0, 0
332149, 65280, 1, 0, 0
332249, 64000, 1, 0, 0
332350, 64000, 1, 0, 0
332450, 64640, 1, 0, 0
332550, 65920, 1, 0, 0
332650, 64000, 1, 0, 0
332749, 64000, 1, 0, 0
332849, 65280, 1, 0, 0
332949, 63360, 1, 0, 0
333049, 63360, 1, 0, 0
333149, 64640, 1, 0, 0
333249, 63360, 1, 0, 0
333349, 62720, 1, 0, 0
333449, 65280, 1, 0, 0
333550, 62080, 1, 0, 0
333650, 62720, 1, 0, 0
333749, 65292, 1, 0, 0
333849, 62080, 1, 0, 0
333949, 61440, 1, 0, 0
334049, 62080, 1, 0, 0
334149, 62720, 1, 0, 0
334249, 64640, 1, 0, 0
334349, 64000, 1, 0, 0
334449, 66560, 1, 0, 0
334549, 62080, 1, 0, 0
334649, 60800, 1, 0, 0
334750, 67200, 1, 0, 0
334850, 64640, 1, 0, 0
334950, 61440, 1, 0, 0
335050, 66560, 1, 0, 0
335150, 62720, 1, 0, 0
335249, 65292, 1, 0, 0
335349, 62720, 1, 0, 0
335449, 64640, 1, 0, 0
335549, 63360, 1, 0, 0
335649, 65280, 1, 0, 0
335749, 60160, 1, 0, 0
335849, 62720, 1, 0, 0
335949, 67200, 1, 0, 0
336050, 63360, 1, 0, 0
336150, 63360, 1, 0, 0
336249, 65939, 1, 0, 0
336349, 64000, 1, 0, 0
336449, 65920, 1, 0, 0
336549, 62080, 1, 0, 0
336649, 64640, 1, 0, 0
336749, 65920, 1, 0, 0
336849, 60160, 1, 0, 0
336949, 62720, 1, 0, 0
337049, 62720, 1, 0, 0
337149, 65280, 1, 0, 0
337250, 62080, 1, 0, 0
337350, 64000, 1, 0, 0
337450, 64000, 1, 0, 0
337550, 65280, 1, 0, 0
337650, 62720, 1, 0, 0
337749, 64000, 1, 0, 0
337849, 63360, 1, 0, 0
337949, 63360, 1, 0, 0
338049, 62080, 1, 0, 0
338149, 58240, 1, 0, 0
338249, 62720, 1, 0, 0
338349, 63360, 1, 0, 0
338449, 62080, 1, 0, 0
338550, 64640, 1, 0, 0
338650, 63360, 1, 0, 0
338749, 66585, 1, 0, 0
338849, 63360, 1, 0, 0
338949, 65920, 1, 0, 0
339049, 62720, 1, 0, 0
339149, 64640, 1, 0, 0
339249, 64640, 1, 0, 0
339349, 61440, 1, 0, 0
339449, 64640, 1, 0, 0
339549, 62720, 1, 0, 0
339649, 62720, 1, 0, 0
339750, 61440, 1, 0, 0
339850, 64640, 1, 0, 0
339950, 64640, 1, 0, 0
340050, 66560, 1, 0, 0
340150, 64000, 1, 0, 0
340249, 63353, 1, 0, 0
340349, 62720, 1, 0, 0
340449, 62720, 1, 0, 0
340549, 62720, 1, 0, 0
340649, 59520, 1, 0, 0
340749, 65280, 1, 0, 0
340849, 64000, 1, 0, 0
340949, 63360, 1, 0, 0
341050, 62720, 1, 0, 0
341150, 64640, 1, 0, 0
341249, 63353, 1, 0, 0
341349, 62720, 1, 0, 0
341449, 63360, 1, 0, 0
341549, 64000, 1, 0, 0
341649, 64000, 1, 0, 0
341749, 60800, 1, 0, 0
341849, 65280, 1, 0, 0
341949, 63360, 1, 0, 0
342049, 62720, 1, 0, 0
342149, 62720, 1, 0, 0
342249, 60121, 1, 0, 0
342349, 64000, 1, 0, 0
342449, 64000, 1, 0, 0
342549, 65280, 1, 0, 0
342649, 62080, 1, 0, 0
342749, 64000, 1, 0, 0
342849, 62720, 1, 0, 0
342949, 59520, 1, 0, 0
343049, 61440, 1, 0, 0
343149, 62080, 1, 0, 0
343249, 64640, 1, 0, 0
343349, 62720, 1, 0, 0
343449, 64640, 1, 0, 0
343550, 62720, 1, 0, 0
343650, 64640, 1, 0, 0
343749, 64646, 1, 0, 0
343849, 62080, 1, 0, 0
343949, 65920, 1, 0, 0
344049, 62720, 1, 0, 0
344149, 64640, 1, 0, 0
344249, 61440, 1, 0, 0
344349, 64640, 1, 0, 0
344449, 62080, 1, 0, 0
344549, 64000, 1, 0, 0
344649, 64000, 1, 0, 0
344750, 63360, 1, 0, 0
344850, 65280, 1, 0, 0
344950, 62720, 1, 0, 0
345050, 62720, 1, 0, 0
345150, 65920, 1, 0, 0
345249, 62707, 1, 0, 0
345349, 67200, 1, 0, 0
345449, 62720, 1, 0, 0
345549, 63360, 1, 0, 0
345649, 64000, 1, 0, 0
345749, 65280, 1, 0, 0
345849, 65280, 1, 0, 0
345950, 64640, 1, 0, 0
346050, 64000, 1, 0, 0
346150, 64000, 1, 0, 0
346249, 65292, 1, 0, 0
346349, 63360, 1, 0, 0
346449, 59520, 1, 0, 0
346549, 64640, 1, 0, 0
346649, 61440, 1, 0, 0
346749, 64640, 1, 0, 0
346849, 62080, 1, 0, 0
346949, 62720, 1, 0, 0
347049, 61440, 1, 0, 0
347150, 64000, 1, 0, 0
347249, 62060, 1, 0, 0
347349, 64640, 1, 0, 0
347449, 65280, 1, 0, 0
347549, 64000, 1, 0, 0
347649, 65920, 1, 0, 0
347749, 65920, 1, 0, 0
347849, 65280, 1, 0, 0
347949, 61440, 1, 0, 0
348049, 66560, 1, 0, 0
348149, 65280, 1, 0, 0
348249, 63360, 1, 0, 0
348349, 58880, 1, 0, 0
348450, 64000, 1, 0, 0
348550, 62080, 1, 0, 0
348650, 64640, 1, 0, 0
348749, 64646, 1, 0, 0
348849, 62720, 1, 0, 0
348949, 60160, 1, 0, 0
349049, 64640, 1, 0, 0
349149, 63360, 1, 0, 0
349249, 64000, 1, 0, 0
349349, 66560, 1, 0, 0
349449, 63360, 1, 0, 0
349550, 64000, 1, 0, 0
349650, 65280, 1, 0, 0
349749, 65292, 1, 0, 0
349849, 62080, 1, 0, 0
349949, 63360, 1, 0, 0
350049, 62080, 1, 0, 0
350149, 62720, 1, 0, 0
350249, 63360, 1, 0, 0
350349, 64640, 1, 0, 0
350449, 64640, 1, 0, 0
350549, 64000, 1, 0, 0
350649, 65280, 1, 0, 0
350750, 62080, 1, 0, 0
350850, 61440, 1, 0, 0
350950, 64000, 1, 0, 0
351050, 64000, 1, 0, 0
351150, 65280, 1, 0, 0
351249, 64000, 1, 0, 0
351349, 65280, 1, 0, 0
351449, 64640, 1, 0, 0
351549, 64640, 1, 0, 0
351649, 60800, 1, 0, 0
351749, 62720, 1, 0, 0
351849, 65280, 1, 0, 0
351949, 61440, 1, 0, 0
352050, 64000, 1, 0, 0
352150, 65280, 1, 0, 0
352249, 66585, 1, 0, 0
352349, 63360, 1, 0, 0
352449, 64000, 1, 0, 0
352549, 64000, 1, 0, 0
352649, 64000, 1, 0, 0
352749, 60800, 1, 0, 0
352849, 61440, 1, 0, 0
352949, 64640, 1, 0, 0
353049, 64000, 1, 0, 0
353149, 64000, 1, 0, 0
353250, 64640, 1, 0, 0
353350, 64640, 1, 0, 0
353450, 65280, 1, 0, 0
353550, 61440, 1, 0, 0
353650, 64000, 1, 0, 0
353749, 61414, 1, 0, 0
353849, 62080, 1, 0, 0
353949, 64640, 1, 0, 0
354049, 64000, 1, 0, 0
354149, 64640, 1, 0, 0
354249, 64640, 1, 0, 0
354349, 62720, 1, 0, 0
354449, 67200, 1, 0, 0
354550, 61440, 1, 0, 0
354650, 61440, 1, 0, 0
354749, 60767, 1, 0, 0
354849, 62720, 1, 0, 0
354949, 60800, 1, 0, 0
355049, 61440, 1, 0, 0
355149, 59520, 1, 0, 0
355249, 58240, 1, 0, 0
355349, 60800, 1, 0, 0
355449, 62720, 1, 0, 0
355549, 59520, 1, 0, 0
355649, 62720, 1, 0, 0
355749, 60121, 1, 0, 0
355849, 62720, 1, 0, 0
355949, 63360, 1, 0, 0
356049, 62720, 1, 0, 0
356149, 60800, 1, 0, 0
356249, 62720, 1, 0, 0
356349, 62720, 1, 0, 0
356449, 60800, 1, 0, 0
356549, 62080, 1, 0, 0
356649, 63360, 1, 0, 0
356749, 63360, 1, 0, 0
356849, 61440, 1, 0, 0
356949, 64000, 1, 0, 0
357050, 64000, 1, 0, 0
357150, 64000, 1, 0, 0
357249, 62060, 1, 0, 0
357349, 62080, 1, 0, 0
357449, 62720, 1, 0, 0
357549, 66560, 1, 0, 0
357649, 60800, 1, 0, 0
357749, 60160, 1, 0, 0
357849, 62720, 1, 0, 0
357949, 64000, 1, 0, 0
358049, 62720, 1, 0, 0
358149, 62080, 1, 0, 0
358250, 65280, 1, 0, 0
358350, 62080, 1, 0, 0
358450, 62720, 1, 0, 0
358550, 62080, 1, 0, 0
358650, 60160, 1, 0, 0
358749, 62060, 1, 0, 0
358849, 60800, 1, 0, 0
358949, 61440, 1, 0, 0
359049, 62720, 1, 0, 0
359149, 63360, 1, 0, 0
359249, 62080, 1, 0, 0
359349, 64640, 1, 0, 0
359449, 61440, 1, 0, 0
359550, 64640, 1, 0, 0
359650, 62720, 1, 0, 0
359749, 62060, 1, 0, 0
359849, 61440, 1, 0, 0
359949, 63360, 1, 0, 0
360049, 62720, 1, 0, 0
360149, 65920, 1, 0, 0
360249, 64000, 1, 0, 0
360349, 62080, 1, 0, 0
360449, 61440, 1, 0, 0
360549, 65920, 1, 0, 0
360649, 64000, 1, 0, 0
360750, 64000, 1, 0, 0
360850, 63360, 1, 0, 0
360950, 64000, 1, 0, 0
361050, 61440, 1, 0, 0
361150, 62720, 1, 0, 0
361249, 60767, 1, 0, 0
361349, 63360, 1, 0, 0
361449, 66560, 1, 0, 0
361549, 63360, 1, 0, 0
361649, 64000, 1, 0, 0
361749, 61440, 1, 0, 0
361849, 60160, 1, 0, 0
361949, 61440, 1, 0, 0
362050, 60160, 1, 0, 0
362150, 64000, 1, 0, 0
362249, 63353, 1, 0, 0
362349, 64000, 1, 0, 0
362449, 64000, 1, 0, 0
362549, 61440, 1, 0, 0
362649, 62080, 1, 0, 0
362749, 61440, 1, 0, 0
362849, 63360, 1, 0, 0
362949, 62080, 1, 0, 0
363049, 62720, 1, 0, 0
363149, 61440, 1, 0, 0
363249, 61414, 1, 0, 0
363349, 59520, 1, 0, 0
363449, 64000, 1, 0, 0
363549, 59520, 1, 0, 0
363649, 61440, 1, 0, 0
363749, 63360, 1, 0, 0
363849, 64000, 1, 0, 0
363949, 62080, 1, 0, 0
364049, 62080, 1, 0, 0
364149, 63360, 1, 0, 0
364249, 59520, 1, 0, 0
364349, 61440, 1, 0, 0
364450, 60800, 1, 0, 0
364550, 61440, 1, 0, 0
364650, 61440, 1, 0, 0
364749, 62060, 1, 0, 0
364849, 60800, 1, 0, 0
364949, 58880, 1, 0, 0
365049, 61440, 1, 0, 0
365149, 63360, 1, 0, 0
365249, 58880, 1, 0, 0
365349, 60160, 1, 0, 0
365449, 58240, 1, 0, 0
365550, 60800, 1, 0, 0
365650, 60160, 1, 0, 0
365749, 62707, 1, 0, 0
365849, 62080, 1, 0, 0
365949, 60800, 1, 0, 0
366049, 61440, 1, 0, 0
366149, 60800, 1, 0, 0
366249, 62080, 1, 0, 0
366349, 63360, 1, 0, 0
366449, 61440, 1, 0, 0
366549, 62080, 1, 0, 0
366649, 61440, 1, 0, 0
366750, 60800, 1, 0, 0
366850, 59520, 1, 0, 0
366950, 60800, 1, 0, 0
367050, 62080, 1, 0, 0
367150, 59520, 1, 0, 0
367249, 64000, 1, 0, 0
367349, 64000, 1, 0, 0
367449, 65920, 1, 0, 0
367549, 62720, 1, 0, 0
367649, 63360, 1, 0, 0
367749, 63360, 1, 0, 0
367849, 61440, 1, 0, 0
367949, 64000, 1, 0, 0
368050, 62080, 1, 0, 0
368150, 64000, 1, 0, 0
368249, 62707, 1, 0, 0
368349, 64000, 1, 0, 0
368449, 63360, 1, 0, 0
368549, 62720, 1, 0, 0
368649, 62080, 1, 0, 0
368749, 65280, 1, 0, 0
368849, 63360, 1, 0, 0
368949, 64000, 1, 0, 0
369049, 64640, 1, 0, 0
369149, 62720, 1, 0, 0
369250, 60800, 1, 0, 0
369350, 64000, 1, 0, 0
369450, 65280, 1, 0, 0
369550, 65280, 1, 0, 0
369650, 66560, 1, 0, 0
369749, 61414, 1, 0, 0
369849, 64640, 1, 0, 0
369949, 65920, 1, 0, 0
370049, 64640, 1, 0, 0
370149, 67200, 1, 0, 0
370249, 62080, 1, 0, 0
370349, 65280, 1, 0, 0
370449, 62720, 1, 0, 0
370550, 63360, 1, 0, 0
370650, 61440, 1, 0, 0
370749, 63353, 1, 0, 0
370849, 63360, 1, 0, 0
370949, 64640, 1, 0, 0
371049, 62720, 1, 0, 0
371149, 64640, 1, 0, 0
371249, 62080, 1, 0, 0
371349, 64640, 1, 0, 0
371449, 64000, 1, 0, 0
371549, 62720, 1, 0, 0
371649, 63360, 1, 0, 0
371750, 61440, 1, 0, 0
371850, 62080, 1, 0, 0
371950, 62720, 1, 0, 0
372050, 64640, 1, 0, 0
372150, 67200, 1, 0, 0
372249, 64000, 1, 0, 0
372349, 64640, 1, 0, 0
372449, 62720, 1, 0, 0
372549, 62720, 1, 0, 0
372649, 61440, 1, 0, 0
372749, 64000, 1, 0, 0
372849, 63360, 1, 0, 0
372949, 64000, 1, 0, 0
373050, 64640, 1, 0, 0
373150, 63360, 1, 0, 0
373249, 64646, 1, 0, 0
373349, 62080, 1, 0, 0
373449, 59520, 1, 0, 0
373549, 62080, 1, 0, 0
373649, 63360, 1, 0, 0
373749, 64640, 1, 0, 0
373849, 61440, 1, 0, 0
373949, 62720, 1, 0, 0
374049, 62720, 1, 0, 0
374149, 65280, 1, 0, 0
374249, 63353, 1, 0, 0
374349, 56960, 1, 0, 0
374449, 63360, 1, 0, 0
374549, 62080, 1, 0, 0
374649, 62080, 1, 0, 0
374749, 65920, 1, 0, 0
374849, 63360, 1, 0, 0
374949, 64640, 1, 0, 0
375049, 65920, 1, 0, 0
375149, 61440, 1, 0, 0
375249, 64000, 1, 0, 0
375349, 63360, 1, 0, 0
375449, 64640, 1, 0, 0
375550, 64000, 1, 0, 0
375650, 64640, 1, 0, 0
375749, 64000, 1, 0, 0
375849, 65920, 1, 0, 0
375949, 64640, 1, 0, 0
376049, 62080, 1, 0, 0
376149, 60800, 1, 0, 0
376249, 65920, 1, 0, 0
376349, 60160, 1, 0, 0
376449, 62080, 1, 0, 0
376549, 62720, 1, 0, 0
376650, 62720, 1, 0, 0
376749, 65292, 1, 0, 0
376849, 62720, 1, 0, 0
376949, 62720, 1, 0, 0
377049, 62080, 1, 0, 0
377149, 61440, 1, 0, 0
377249, 62720, 1, 0, 0
377349, 64640, 1, 0, 0
377449, 62080, 1, 0, 0
377549, 64000, 1, 0, 0
377649, 65920, 1, 0, 0
377749, 61440, 1, 0, 0
377850, 62080, 1, 0, 0
377950, 62720, 1, 0, 0
378050, 64000, 1, 0, 0
378150, 58240, 1, 0, 0
378249, 64646, 1, 0, 0
378349, 64000, 1, 0, 0
378449, 64000, 1, 0, 0
378549, 64000, 1, 0, 0
378649, 63360, 1, 0, 0
378749, 64000, 1, 0, 0
378849, 60160, 1, 0, 0
378949, 59520, 1, 0, 0
379050, 62080, 1, 0, 0
379150, 63360, 1, 0, 0
379249, 62707, 1, 0, 0
379349, 62720, 1, 0, 0
379449, 65280, 1, 0, 0
379549, 59520, 1, 0, 0
379649, 62080, 1, 0, 0
379749, 60800, 1, 0, 0
379849, 62720, 1, 0, 0
379949, 62720, 1, 0, 0
380049, 62080, 1, 0, 0
380149, 58880, 1, 0, 0
380250, 60160, 1, 0, 0
380350, 61440, 1, 0, 0
380450, 62080, 1, 0, 0
380550, 63360, 1, 0, 0
380650, 62080, 1, 0, 0
380749, 62060, 1, 0, 0
380849, 63360, 1, 0, 0
380949, 64000, 1, 0, 0
381049, 64000, 1, 0, 0
381149, 61440, 1, 0, 0
381249, 62720, 1, 0, 0
381349, 62080, 1, 0, 0
381449, 62720, 1, 0, 0
381550, 59520, 1, 0, 0
381650, 63360, 1, 0, 0
381749, 62060, 1, 0, 0
381849, 63360, 1, 0, 0
381949, 64640, 1, 0, 0
382049, 60160, 1, 0, 0
382149, 64640, 1, 0, 0
382249, 60800, 1, 0, 0
382349, 61440, 1, 0, 0
382449, 60160, 1, 0, 0
382549, 62080, 1, 0, 0
382649, 62080, 1, 0, 0
382750, 62080, 1, 0, 0
382850, 62080, 1, 0, 0
382950, 62720, 1, 0, 0
383050, 62720, 1, 0, 0
383150, 62080, 1, 0, 0
383249, 62060, 1, 0, 0
383349, 64640, 1, 0, 0
383449, 60160, 1, 0, 0
383549, 60800, 1, 0, 0
383649, 62720, 1, 0, 0
383749, 61440, 1, 0, 0
383849, 63360, 1, 0, 0
383949, 63360, 1, 0, 0
384050, 60160, 1, 0, 0
384150, 62720, 1, 0, 0
384249, 64646, 1, 0, 0
384349, 64640, 1, 0, 0
384449, 59520, 1, 0, 0
384549, 62720, 1, 0, 0
384649, 62080, 1, 0, 0
384749, 63360, 1, 0, 0
384849, 61440, 1, 0, 0
384949, 59520, 1, 0, 0
385049, 64640, 1, 0, 0
385149, 64000, 1, 0, 0
385250, 64000, 1, 0, 0
385350, 62720, 1, 0, 0
385450, 64640, 1, 0, 0
385550, 62080, 1, 0, 0
385650, 64640, 1, 0, 0
385749, 62060, 1, 0, 0
385849, 64000, 1, 0, 0
385949, 63360, 1, 0, 0
386049, 64000, 1, 0, 0
386149, 62720, 1, 0, 0
386249, 64000, 1, 0, 0
386349, 62720, 1, 0, 0
386449, 61440, 1, 0, 0
386550, 62720, 1, 0, 0
386650, 61440, 1, 0, 0
386749, 64646, 1, 0, 0
386849, 64640, 1, 0, 0
386949, 61440, 1, 0, 0
387049, 63360, 1, 0, 0
387149, 64000, 1, 0, 0
387249, 64640, 1, 0, 0
387349, 62720, 1, 0, 0
387449, 64640, 1, 0, 0
387549, 63360, 1, 0, 0
387649, 64000, 1, 0, 0
387750, 64000, 1, 0, 0
387850, 64000, 1, 0, 0
387950, 65280, 1, 0, 0
388050, 63360, 1, 0, 0
388150, 62720, 1, 0, 0
388249, 62707, 1, 0, 0
388349, 65280, 1, 0, 0
388449, 64000, 1, 0, 0
388549, 65280, 1, 0, 0
388649, 65280, 1, 0, 0
388749, 65920, 1, 0, 0
388849, 65280, 1, 0, 0
388949, 62720, 1, 0, 0
389050, 64640, 1, 0, 0
389150, 62720, 1, 0, 0
389249, 64646, 1, 0, 0
389349, 61440, 1, 0, 0
389449, 63360, 1, 0, 0
389549, 64640, 1, 0, 0
389649, 60160, 1, 0, 0
389749, 64000, 1, 0, 0
389849, 62080, 1, 0, 0
389949, 58880, 1, 0, 0
390049, 62080, 1, 0, 0
390149, 62720, 1, 0, 0
390250, 65920, 1, 0, 0
390350, 63360, 1, 0, 0
390450, 64640, 1, 0, 0
390550, 64640, 1, 0, 0
390650, 63360, 1, 0, 0
390749, 62060, 1, 0, 0
390849, 65280, 1, 0, 0
390949, 64000, 1, 0, 0
391049, 64640, 1, 0, 0
391149, 62080, 1, 0, 0
391249, 62720, 1, 0, 0
391349, 66560, 1, 0, 0
391449, 64640, 1, 0, 0
391550, 62720, 1, 0, 0
391650, 65280, 1, 0, 0
391749, 64000, 1, 0, 0
391849, 63360, 1, 0, 0
391949, 63360, 1, 0, 0
392049, 64640, 1, 0, 0
392149, 62080, 1, 0, 0
392249, 65280, 1, 0, 0
392349, 63360, 1, 0, 0
392449, 64640, 1, 0, 0
392549, 65920, 1, 0, 0
392649, 62080, 1, 0, 0
392750, 62080, 1, 0, 0
392850, 64640, 1, 0, 0
392950, 64000, 1, 0, 0
393050, 63360, 1, 0, 0
393150, 65280, 1, 0, 0
393249, 64646, 1, 0, 0
393349, 62720, 1, 0, 0
393449, 63360, 1, 0, 0
393549, 64000, 1, 0, 0
393649, 64640, 1, 0, 0
393749, 64000, 1, 0, 0
393849, 63360, 1, 0, 0
393949, 62080, 1, 0, 0
394050, 62080, 1, 0, 0
394150, 62080, 1, 0, 0
394249, 65292, 1, 0, 0
394349, 64000, 1, 0, 0
394449, 60800, 1, 0, 0
394549, 60800, 1, 0, 0
394649, 62720, 1, 0, 0
394749, 63360, 1, 0, 0
394849, 61440, 1, 0, 0
394949, 63360, 1, 0, 0
395049, 61440, 1, 0, 0
395149, 62720, 1, 0, 0
395249, 61414, 1, 0, 0
395349, 62080, 1, 0, 0
395449, 60800, 1, 0, 0
395549, 58880, 1, 0, 0
395649, 60800, 1, 0, 0
395749, 62720, 1, 0, 0
395849, 60800, 1, 0, 0
395949, 59520, 1, 0, 0
396049, 60800, 1, 0, 0
396149, 63360, 1, 0, 0
396249, 61440, 1, 0, 0
396349, 62080, 1, 0, 0
396450, 65280, 1, 0, 0
396550, 65920, 1, 0, 0
396650, 65920, 1, 0, 0
396749, 62707, 1, 0, 0
396849, 67200, 1, 0, 0
396949, 65280, 1, 0, 0
397049, 62080, 1, 0, 0
397149, 62080, 1, 0, 0
397249, 64000, 1, 0, 0
397349, 62720, 1, 0, 0
397449, 62080, 1, 0, 0
397550, 64000, 1, 0, 0
397650, 60160, 1, 0, 0
397749, 64646, 1, 0, 0
397849, 63360, 1, 0, 0
397949, 62720, 1, 0, 0
398049, 62080, 1, 0, 0
398149, 63360, 1, 0, 0
398249, 62080, 1, 0, 0
398349, 64000, 1, 0, 0
398449, 61440, 1, 0, 0
398549, 62080, 1, 0, 0
398649, 64000, 1, 0, 0
398750, 60800, 1, 0, 0
398850, 64000, 1, 0, 0
398950, 63360, 1, 0, 0
399050, 64640, 1, 0, 0
399150, 63360, 1, 0, 0
399249, 62707, 1, 0, 0
399349, 62720, 1, 0, 0
399449, 65920, 1, 0, 0
399549, 65920, 1, 0, 0
399649, 66560, 1, 0, 0
399749, 64000, 1, 0, 0
399849, 65920, 1, 0, 0
399949, 62720, 1, 0, 0
400050, 64000, 1, 0, 0
400150, 62720, 1, 0, 0
400249, 64000, 1, 0, 0
400349, 60800, 1, 0, 0
400449, 60160, 1, 0, 0
400549, 60800, 1, 0, 0
400649, 60160, 1, 0, 0
400749, 64000, 1, 0, 0
400849, 62080, 1, 0, 0
400949, 64640, 1, 0, 0
401049, 60800, 1, 0, 0
401149, 62720, 1, 0, 0
401250, 67200, 1, 0, 0
401350, 62720, 1, 0, 0
401450, 65280, 1, 0, 0
401550, 63360, 1, 0, 0
401650, 63360, 1, 0, 0
401749, 64646, 1, 0, 0
401849, 64000, 1, 0, 0
401949, 64000, 1, 0, 0
402049, 64000, 1, 0, 0
402149, 64640, 1, 0, 0
402249, 61440, 1, 0, 0
402349, 64000, 1, 0, 0
402449, 65920, 1, 0, 0
402550, 63360, 1, 0, 0
402650, 62720, 1, 0, 0
402749, 64000, 1, 0, 0
402849, 63360, 1, 0, 0
402949, 65920, 1, 0, 0
403049, 63360, 1, 0, 0
403149, 61440, 1, 0, 0
403249, 64000, 1, 0, 0
403349, 66560, 1, 0, 0
403449, 65280, 1, 0, 0
403549, 64000, 1, 0, 0
403649, 63360, 1, 0, 0
403750, 64640, 1, 0, 0
403850, 64000, 1, 0, 0
403950, 62080, 1, 0, 0
404050, 63360, 1, 0, 0
404150, 64000, 1, 0, 0
404249, 62060, 1, 0, 0
404349, 62080, 1, 0, 0
404449, 64000, 1, 0, 0
404549, 65280, 1, 0, 0
404649, 59520, 1, 0, 0
404749, 67200, 1, 0, 0
404849, 62720, 1, 0, 0
404949, 63360, 1, 0, 0
405050, 65280, 1, 0, 0
405150, 62720, 1, 0, 0
405249, 63353, 1, 0, 0
405349, 61440, 1, 0, 0
405449, 62080, 1, 0, 0
405549, 62720, 1, 0, 0
405649, 58880, 1, 0, 0
405749, 62720, 1, 0, 0
405849, 60800, 1, 0, 0
405949, 65920, 1, 0, 0
406049, 62720, 1, 0, 0
406149, 63360, 1, 0, 0
406249, 62707, 1, 0, 0
406349, 64000, 1, 0, 0
406449, 58880, 1, 0, 0
406549, 64640, 1, 0, 0
406649, 64000, 1, 0, 0
406749, 65280, 1, 0, 0
406849, 62080, 1, 0, 0
406949, 58880, 1, 0, 0
407049, 64640, 1, 0, 0
407149, 63360, 1, 0, 0
407249, 60160, 1, 0, 0
407349, 60160, 1, 0, 0
407449, 60160, 1, 0, 0
407550, 63360, 1, 0, 0
407650, 62080, 1, 0, 0
407749, 62060, 1, 0, 0
407849, 63360, 1, 0, 0
407949, 62720, 1, 0, 0
408049, 62720, 1, 0, 0
408149, 60800, 1, 0, 0
408249, 60160, 1, 0, 0
408349, 63360, 1, 0, 0
408449, 64000, 1, 0, 0
408549, 64000, 1, 0, 0
408649, 60800, 1, 0, 0
408750, 57600, 1, 0, 0
408850, 62080, 1, 0, 0
408950, 60160, 1, 0, 0
409050, 59520, 1, 0, 0
409150, 62080, 1, 0, 0
409249, 63353, 1, 0, 0
409349, 58880, 1, 0, 0
409449, 65280, 1, 0, 0
409549, 63360, 1, 0, 0
409649, 64640, 1, 0, 0
409749, 63360, 1, 0, 0
409849, 62720, 1, 0, 0
409949, 63360, 1, 0, 0
410050, 60800, 1, 0, 0
410150, 65280, 1, 0, 0
410249, 63353, 1, 0, 0
410349, 64000, 1, 0, 0
410449, 63360, 1, 0, 0
410549, 64000, 1, 0, 0
410649, 64640, 1, 0, 0
410749, 62080, 1, 0, 0
410849, 62080, 1, 0, 0
410949, 62720, 1, 0, 0
411049, 64000, 1, 0, 0
411149, 63360, 1, 0, 0
411250, 58880, 1, 0, 0
411350, 62080, 1, 0, 0
411450, 60160, 1, 0, 0
411550, 59520, 1, 0, 0
411650, 61440, 1, 0, 0
411749, 64000, 1, 0, 0
411849, 64000, 1, 0, 0
411949, 62720, 1, 0, 0
412049, 62080, 1, 0, 0
412149, 62080, 1, 0, 0
412249, 63360, 1, 0, 0
412349, 61440, 1, 0, 0
412449, 63360, 1, 0, 0
412550, 64000, 1, 0, 0
412650, 60800, 1, 0, 0
412749, 62707, 1, 0, 0
412849, 62720, 1, 0, 0
412949, 67200, 1, 0, 0
413049, 62080, 1, 0, 0
413149, 62080, 1, 0, 0
413249, 64000, 1, 0, 0
413349, 60160, 1, 0, 0
413449, 61440, 1, 0, 0
413549, 60800, 1, 0, 0
413650, 64000, 1, 0, 0
413749, 63353, 1, 0, 0
413849, 60800, 1, 0, 0
413949, 61440, 1, 0, 0
414049, 59520, 1, 0, 0
414149, 64000, 1, 0, 0
414249, 64640, 1, 0, 0
414349, 63360, 1, 0, 0
414449, 64640, 1, 0, 0
414549, 64640, 1, 0, 0
414649, 62720, 1, 0, 0
414749, 64000, 1, 0, 0
414850, 64000, 1, 0, 0
414950, 64640, 1, 0, 0
415050, 63360, 1, 0, 0
415150, 62720, 1, 0, 0
415249, 64646, 1, 0, 0
415349, 61440, 1, 0, 0
415449, 62720, 1, 0, 0
415549, 64000, 1, 0, 0
415649, 62080, 1, 0, 0
415749, 61440, 1, 0, 0
415849, 62720, 1, 0, 0
415949, 64000, 1, 0, 0
416050, 60800, 1, 0, 0
416150, 63360, 1, 0, 0
416249, 62707, 1, 0, 0
416349, 62720, 1, 0, 0
416449, 62080, 1, 0, 0
416549, 57600, 1, 0, 0
416649, 64000, 1, 0, 0
416749, 58880, 1, 0, 0
416849, 62080, 1, 0, 0
416949, 63360, 1, 0, 0
417049, 62080, 1, 0, 0
417149, 62080, 1, 0, 0
417250, 64640, 1, 0, 0
417350, 64000, 1, 0, 0
417450, 64000, 1, 0, 0
417550, 62720, 1, 0, 0
417650, 62080, 1, 0, 0
417749, 61414, 1, 0, 0
417849, 61440, 1, 0, 0
417949, 62720, 1, 0, 0
418049, 63360, 1, 0, 0
418149, 62080, 1, 0, 0
418249, 67840, 1, 0, 0
418349, 62080, 1, 0, 0
418449, 64000, 1, 0, 0
418550, 62720, 1, 0, 0
418650, 65280, 1, 0, 0
418749, 61414, 1, 0, 0
418849, 65280, 1, 0, 0
418949, 67200, 1, 0, 0
419049, 64000, 1, 0, 0
419149, 62080, 1, 0, 0
419249, 62720, 1, 0, 0
419349, 63360, 1, 0, 0
419449, 62720, 1, 0, 0
419549, 62080, 1, 0, 0
419649, 60800, 1, 0, 0
419750, 63360, 1, 0, 0
419850, 60800, 1, 0, 0
419950, 62720, 1, 0, 0
420050, 65920, 1, 0, 0
420150, 62720, 1, 0, 0
420249, 63353, 1, 0, 0
420349, 64640, 1, 0, 0
420449, 62720, 1, 0, 0
420549, 64000, 1, 0, 0
420649, 64000, 1, 0, 0
420749, 64000, 1, 0, 0
420849, 64640, 1, 0, 0
420949, 62720, 1, 0, 0
421050, 62720, 1, 0, 0
421150, 64000, 1, 0, 0
421249, 63353, 1, 0, 0
421349, 64640, 1, 0, 0
421449, 61440, 1, 0, 0
421549, 65920, 1, 0, 0
421649, 59520, 1, 0, 0
421749, 61440, 1, 0, 0
421849, 64000, 1, 0, 0
421949, 63360, 1, 0, 0
422049, 65280, 1, 0, 0
422149, 61440, 1, 0, 0
422250, 64640, 1, 0, 0
422350, 62720, 1, 0, 0
422450, 62720, 1, 0, 0
422550, 60160, 1, 0, 0
422650, 61440, 1, 0, 0
422749, 60121, 1, 0, 0
422849, 63360, 1, 0, 0
422949, 62720, 1, 0, 0
423049, 62080, 1, 0, 0
423149, 59520, 1, 0, 0
423249, 62080, 1, 0, 0
423349, 63360, 1, 0, 0
423449, 61440, 1, 0, 0
423550, 60800, 1, 0, 0
423650, 60800, 1, 0, 0
423749, 60121, 1, 0, 0
423849, 58880, 1, 0, 0
423949, 62080, 1, 0, 0
424049, 60800, 1, 0, 0
424149, 63360, 1, 0, 0
424249, 60160, 1, 0, 0
424349, 63360, 1, 0, 0
424449, 63360, 1, 0, 0
424549, 62720, 1, 0, 0
424649, 64000, 1, 0, 0
424750, 62720, 1, 0, 0
424850, 62720, 1, 0, 0
424950, 60160, 1, 0, 0
425050, 62720, 1, 0, 0
425150, 60160, 1, 0, 0
425249, 62707, 1, 0, 0
425349, 64640, 1, 0, 0
425449, 62720, 1, 0, 0
425549, 62720, 1, 0, 0
425649, 62080, 1, 0, 0
425749, 61440, 1, 0, 0
425849, 60160, 1, 0, 0
425949, 59520, 1, 0, 0
426050, 62080, 1, 0, 0
426150, 62080, 1, 0, 0
426249, 59474, 1, 0, 0
426349, 62080, 1, 0, 0
426449, 64000, 1, 0, 0
426549, 62720, 1, 0, 0
426649, 63360, 1, 0, 0
426749, 59520, 1, 0, 0
426849, 61440, 1, 0, 0
426949, 60160, 1, 0, 0
427049, 58880, 1, 0, 0
427149, 60800, 1, 0, 0
427249, 60121, 1, 0, 0
427349, 60160, 1, 0, 0
427449, 60160, 1, 0, 0
427549, 61440, 1, 0, 0
427649, 62720, 1, 0, 0
427749, 62080, 1, 0, 0
427849, 60160, 1, 0, 0
427949, 61440, 1, 0, 0
428049, 60800, 1, 0, 0
428149, 61440, 1, 0, 0
428249, 60800, 1, 0, 0
428350, 62720, 1, 0, 0
428450, 59520, 1, 0, 0
428550, 63360, 1, 0, 0
428650, 62720, 1, 0, 0
428749, 59474, 1, 0, 0
428849, 60160, 1, 0, 0
428949, 63360, 1, 0, 0
429049, 62720, 1, 0, 0
429149, 60800, 1, 0, 0
429249, 62080, 1, 0, 0
429349, 58880, 1, 0, 0
429449, 60160, 1, 0, 0
429550, 60800, 1, 0, 0
429650, 62080, 1, 0, 0
429749, 58181, 1, 0, 0
429849, 64640, 1, 0, 0
429949, 60160, 1, 0, 0
430049, 62720, 1, 0, 0
430149, 58880, 1, 0, 0
430249, 59520, 1, 0, 0
430349, 60800, 1, 0, 0
430449, 62080, 1, 0, 0
430549, 61440, 1, 0, 0
430649, 62720, 1, 0, 0
430750, 63360, 1, 0, 0
430850, 60800, 1, 0, 0
430950, 60800, 1, 0, 0
431050, 60800, 1, 0, 0
431150, 61440, 1, 0, 0
431249, 62060, 1, 0, 0
431349, 64640, 1, 0, 0
431449, 61440, 1, 0, 0
431549, 62080, 1, 0, 0
431649, 64640, 1, 0, 0
431749, 61440, 1, 0, 0
431849, 65280, 1, 0, 0
431949, 65280, 1, 0, 0
432050, 66560, 1, 0, 0
432150, 61440, 1, 0, 0
432249, 63353, 1, 0, 0
432349, 65280, 1, 0, 0
432449, 60800, 1, 0, 0
432549, 65280, 1, 0, 0
432649, 64000, 1, 0, 0
432749, 64000, 1, 0, 0
432849, 63360, 1, 0, 0
432949, 64000, 1, 0, 0
433049, 63360, 1, 0, 0
433149, 67840, 1, 0, 0
433249, 64000, 1, 0, 0
433349, 64640, 1, 0, 0
433449, 66560, 1, 0, 0
433549, 60800, 1, 0, 0
433649, 60160, 1, 0, 0
433749, 65280, 1, 0, 0
433849, 64000, 1, 0, 0
433949, 62720, 1, 0, 0
434049, 64640, 1, 0, 0
434149, 64640, 1, 0, 0
434249, 65280, 1, 0, 0
434349, 60160, 1, 0, 0
434449, 63360, 1, 0, 0
434550, 65920, 1, 0, 0
434650, 64000, 1, 0, 0
434749, 61414, 1, 0, 0
434849, 64000, 1, 0, 0
434949, 59520, 1, 0, 0
435049, 62080, 1, 0, 0
435149, 63360, 1, 0, 0
435249, 64640, 1, 0, 0
435349, 64000, 1, 0, 0
435449, 60160, 1, 0, 0
435549, 63360, 1, 0, 0
435649, 63360, 1, 0, 0
435750, 64640, 1, 0, 0
435850, 64000, 1, 0, 0
435950, 65280, 1, 0, 0
436050, 62080, 1, 0, 0
436150, 64640, 1, 0, 0
436249, 63353, 1, 0, 0
436349, 63360, 1, 0, 0
436449, 65280, 1, 0, 0
436549, 61440, 1, 0, 0
436649, 61440, 1, 0, 0
436749, 62080, 1, 0, 0
436849, 65280, 1, 0, 0
436949, 64640, 1, 0, 0
437050, 64640, 1, 0, 0
437150, 64000, 1, 0, 0
437249, 62060, 1, 0, 0
437349, 63360, 1, 0, 0
437449, 64640, 1, 0, 0
437549, 62080, 1, 0, 0
437649, 62720, 1, 0, 0
437749, 62080, 1, 0, 0
437849, 61440, 1, 0, 0
437949, 63360, 1, 0, 0
438049, 64640, 1, 0, 0
438149, 60160, 1, 0, 0
438250, 62080, 1, 0, 0
438350, 66560, 1, 0, 0
438450, 63360, 1, 0, 0
438550, 65280, 1, 0, 0
438650, 64000, 1, 0, 0
438749, 63353, 1, 0, 0
438849, 64640, 1, 0, 0
438949, 61440, 1, 0, 0
439049, 64000, 1, 0, 0
439149, 67200, 1, 0, 0
439249, 60800, 1, 0, 0
439349, 62080, 1, 0, 0
439449, 63360, 1, 0, 0
439550, 67840, 1, 0, 0
439650, 64640, 1, 0, 0
439749, 62707, 1, 0, 0
439849, 62080, 1, 0, 0
439949, 62080, 1, 0, 0
440049, 66560, 1, 0, 0
440149, 64640, 1, 0, 0
440249, 63360, 1, 0, 0
440349, 67200, 1, 0, 0
440449, 64640, 1, 0, 0
440549, 63360, 1, 0, 0
440649, 64640, 1, 0, 0
440750, 62080, 1, 0, 0
440850, 64000, 1, 0, 0
440950, 62720, 1, 0, 0
441050, 64640, 1, 0, 0
441150, 63360, 1, 0, 0
441249, 65292, 1, 0, 0
441349, 62720, 1, 0, 0
441449, 63360, 1, 0, 0
441549, 64000, 1, 0, 0
441649, 62720, 1, 0, 0
441749, 63360, 1, 0, 0
441849, 65280, 1, 0, 0
441949, 63360, 1, 0, 0
442050, 61440, 1, 0, 0
442150, 62080, 1, 0, 0
442249, 62707, 1, 0, 0
442349, 62720, 1, 0, 0
442449, 62720, 1, 0, 0
442549, 58880, 1, 0, 0
442649, 61440, 1, 0, 0
442749, 63360, 1, 0, 0
442849, 65280, 1, 0, 0
442949, 65280, 1, 0, 0
443049, 64640, 1, 0, 0
443149, 64640, 1, 0, 0
443250, 65280, 1, 0, 0
443350, 63360, 1, 0, 0
443450, 61440, 1, 0, 0
443550, 62720, 1, 0, 0
443650, 60160, 1, 0, 0
443749, 64646, 1, 0, 0
443849, 64000, 1, 0, 0
443949, 63360, 1, 0, 0
444049, 62080, 1, 0, 0
444149, 63360, 1, 0, 0
444249, 62720, 1, 0, 0
444349, 64000, 1, 0, 0
444449, 64000, 1, 0, 0
444550, 65920, 1, 0, 0
444650, 64640, 1, 0, 0
444749, 61414, 1, 0, 0
444849, 61440, 1, 0, 0
444949, 60160, 1, 0, 0
445049, 65920, 1, 0, 0
445149, 61440, 1, 0, 0
445249, 64000, 1, 0, 0
445349, 62720, 1, 0, 0
445449, 62720, 1, 0, 0
445549, 62720, 1, 0, 0
445649, 62720, 1, 0, 0
445750, 64640, 1, 0, 0
445850, 62080, 1, 0, 0
445950, 64640, 1, 0, 0
446050, 64640, 1, 0, 0
446150, 64640, 1, 0, 0
446249, 65292, 1, 0, 0
446349, 65280, 1, 0, 0
446449, 63360, 1, 0, 0
446549, 64640, 1, 0, 0
446649, 61440, 1, 0, 0
446749, 64000, 1, 0, 0
446849, 63360, 1, 0, 0
446949, 65280, 1, 0, 0
447050, 61440, 1, 0, 0
447150, 60160, 1, 0, 0
447249, 60767, 1, 0, 0
447349, 63360, 1, 0, 0
447449, 63360, 1, 0, 0
447549, 60800, 1, 0, 0
447649, 63360, 1, 0, 0
447749, 61440, 1, 0, 0
447849, 60800, 1, 0, 0
447949, 61440, 1, 0, 0
448049, 61440, 1, 0, 0
448149, 58880, 1, 0, 0
448250, 60160, 1, 0, 0
448350, 62080, 1, 0, 0
448450, 62080, 1, 0, 0
448550, 60160, 1, 0, 0
448650, 64000, 1, 0, 0
448749, 60121, 1, 0, 0
448849, 61440, 1, 0, 0
448949, 62080, 1, 0, 0
449049, 59520, 1, 0, 0
449149, 61440, 1, 0, 0
449249, 63360, 1, 0, 0
449349, 64000, 1, 0, 0
449450, 60800, 1, 0, 0
449550, 62720, 1, 0, 0
449650, 58880, 1, 0, 0
449749, 60767, 1, 0, 0
449849, 60800, 1, 0, 0
449949, 62080, 1, 0, 0
450049, 60160, 1, 0, 0
450149, 56320, 1, 0, 0
450249, 60800, 1, 0, 0
450349, 62080, 1, 0, 0
450449, 58880, 1, 0, 0
450549, 62080, 1, 0, 0
450650, 59520, 1, 0, 0
450749, 64646, 1, 0, 0
450849, 63360, 1, 0, 0
450949, 60800, 1, 0, 0
451049, 60160, 1, 0, 0
451149, 60160, 1, 0, 0
451249, 60800, 1, 0, 0
451349, 60800, 1, 0, 0
451449, 60160, 1, 0, 0
451549, 62720, 1, 0, 0
451649, 60800, 1, 0, 0
451749, 58880, 1, 0, 0
451849, 58240, 1, 0, 0
451950, 60800, 1, 0, 0
452050, 59520, 1, 0, 0
452150, 64000, 1, 0, 0
452249, 60121, 1, 0, 0
452349, 62080, 1, 0, 0
452449, 65920, 1, 0, 0
452549, 61440, 1, 0, 0
452649, 61440, 1, 0, 0
452749, 62720, 1, 0, 0
452849, 62720, 1, 0, 0
452949, 60800, 1, 0, 0
453049, 62720, 1, 0, 0
453150, 63360, 1, 0, 0
453249, 61414, 1, 0, 0
453349, 62080, 1, 0, 0
453449, 60800, 1, 0, 0
453549, 64000, 1, 0, 0
453649, 64640, 1, 0, 0
453749, 65280, 1, 0, 0
453849, 64640, 1, 0, 0
453949, 63360, 1, 0, 0
454049, 60160, 1, 0, 0
454149, 60800, 1, 0, 0
454249, 61440, 1, 0, 0
454350, 62720, 1, 0, 0
454450, 62080, 1, 0, 0
454550, 64640, 1, 0, 0
454650, 60800, 1, 0, 0
454749, 64000, 1, 0, 0
454849, 60160, 1, 0, 0
454949, 63360, 1, 0, 0
455049, 58880, 1, 0, 0
455149, 62720, 1, 0, 0
455249, 65920, 1, 0, 0
455349, 65280, 1, 0, 0
455449, 60160, 1, 0, 0
455550, 62080, 1, 0, 0
455650, 59520, 1, 0, 0
455749, 61414, 1, 0, 0
455849, 63360, 1, 0, 0
455949, 62080, 1, 0, 0
456049, 58240, 1, 0, 0
456149, 62720, 1, 0, 0
456249, 60800, 1, 0, 0
456349, 62720, 1, 0, 0
456449, 64000, 1, 0, 0
456549, 64000, 1, 0, 0
456649, 62720, 1, 0, 0
456750, 59520, 1, 0, 0
456850, 67200, 1, 0, 0
456950, 63360, 1, 0, 0
457050, 63360, 1, 0, 0
457150, 62720, 1, 0, 0
457249, 65292, 1, 0, 0
457349, 62720, 1, 0, 0
457449, 61440, 1, 0, 0
457549, 62080, 1, 0, 0
457649, 62720, 1, 0, 0
457749, 63360, 1, 0, 0
457849, 62080, 1, 0, 0
457949, 63360, 1, 0, 0
458050, 64640, 1, 0, 0
458150, 61440, 1, 0, 0
458249, 66585, 1, 0, 0
458349, 60800, 1, 0, 0
458449, 65920, 1, 0, 0
458549, 62080, 1, 0, 0
458649, 63360, 1, 0, 0
458749, 60800, 1, 0, 0
458849, 64000, 1, 0, 0
458949, 64640, 1, 0, 0
459049, 62720, 1, 0, 0
459149, 63360, 1, 0, 0
459250, 62080, 1, 0, 0
459350, 65280, 1, 0, 0
459450, 67200, 1, 0, 0
459550, 63360, 1, 0, 0
459650, 64000, 1, 0, 0
459749, 63353, 1, 0, 0
459849, 63360, 1, 0, 0
459949, 62720, 1, 0, 0
460049, 65280, 1, 0, 0
460149, 65280, 1, 0, 0
460249, 65920, 1, 0, 0
460349, 65280, 1, 0, 0
460449, 64000, 1, 0, 0
460550, 64640, 1, 0, 0
460650, 62720, 1, 0, 0
460749, 64000, 1, 0, 0
460849, 65920, 1, 0, 0
460949, 63360, 1, 0, 0
461049, 62720, 1, 0, 0
461149, 65920, 1, 0, 0
461249, 64640, 1, 0, 0
461349, 63360, 1, 0, 0
461449, 65920, 1, 0, 0
461549, 63360, 1, 0, 0
461649, 62720, 1, 0, 0
461750, 62080, 1, 0, 0
461850, 59520, 1, 0, 0
461950, 62720, 1, 0, 0
462050, 62720, 1, 0, 0
462150, 64640, 1, 0, 0
462249, 62707, 1, 0, 0
462349, 60800, 1, 0, 0
462449, 62080, 1, 0, 0
462549, 64000, 1, 0, 0
462649, 63360, 1, 0, 0
462749, 63360, 1, 0, 0
462849, 65920, 1, 0, 0
462949, 64000, 1, 0, 0
463050, 62720, 1, 0, 0
463150, 63360, 1, 0, 0
463249, 64646, 1, 0, 0
463349, 62080, 1, 0, 0
463449, 65280, 1, 0, 0
463549, 62720, 1, 0, 0
463649, 63360, 1, 0, 0
463749, 66560, 1, 0, 0
463849, 65280, 1, 0, 0
463949, 63360, 1, 0, 0
464049, 63360, 1, 0, 0
464149, 61440, 1, 0, 0
464250, 62720, 1, 0, 0
464350, 62080, 1, 0, 0
464450, 62080, 1, 0, 0
464550, 61440, 1, 0, 0
464650, 61440, 1, 0, 0
464749, 64000, 1, 0, 0
464849, 64640, 1, 0, 0
464949, 63360, 1, 0, 0
465049, 64640, 1, 0, 0
465149, 59520, 1, 0, 0
465249, 64000, 1, 0, 0
465349, 61440, 1, 0, 0
465449, 64640, 1, 0, 0
465550, 64640, 1, 0, 0
465650, 59520, 1, 0, 0
465749, 63353, 1, 0, 0
465849, 63360, 1, 0, 0
465949, 61440, 1, 0, 0
466049, 61440, 1, 0, 0
466149, 64000, 1, 0, 0
466249, 62720, 1, 0, 0
466349, 62080, 1, 0, 0
466449, 64000, 1, 0, 0
466549, 66560, 1, 0, 0
466649, 64000, 1, 0, 0
466750, 64640, 1, 0, 0
466850, 66560, 1, 0, 0
466950, 64000, 1, 0, 0
467050, 62080, 1, 0, 0
467150, 62080, 1, 0, 0
467249, 60767, 1, 0, 0
467349, 64640, 1, 0, 0
467449, 62720, 1, 0, 0
467549, 60160, 1, 0, 0
467649, 61440, 1, 0, 0
467749, 63360, 1, 0, 0
467849, 62720, 1, 0, 0
467949, 62080, 1, 0, 0
468050, 62720, 1, 0, 0
468150, 62080, 1, 0, 0
468249, 64000, 1, 0, 0
468349, 61440, 1, 0, 0
468449, 60160, 1, 0, 0
468549, 63360, 1, 0, 0
468649, 61440, 1, 0, 0
468749, 62080, 1, 0, 0
468849, 60800, 1, 0, 0
468949, 62720, 1, 0, 0
469049, 62720, 1, 0, 0
469150, 60160, 1, 0, 0
469249, 64000, 1, 0, 0
469349, 60800, 1, 0, 0
469449, 61440, 1, 0, 0
469549, 64000, 1, 0, 0
469649, 62720, 1, 0, 0
469749, 62720, 1, 0, 0
469849, 65280, 1, 0, 0
469949, 65920, 1, 0, 0
470049, 61440, 1, 0, 0
470149, 64000, 1, 0, 0
470250, 60800, 1, 0, 0
470350, 62080, 1, 0, 0
470450, 65280, 1, 0, 0
470550, 64640, 1, 0, 0
470650, 64000, 1, 0, 0
470749, 60767, 1, 0, 0
470849, 55680, 1, 0, 0
470949, 62720, 1, 0, 0
471049, 65280, 1, 0, 0
471149, 60160, 1, 0, 0
471249, 62080, 1, 0, 0
471349, 62720, 1, 0, 0
471449, 63360, 1, 0, 0
471550, 62080, 1, 0, 0
471650, 64000, 1, 0, 0
471749, 59474, 1, 0, 0
471849, 61440, 1, 0, 0
471949, 60800, 1, 0, 0
472049, 64000, 1, 0, 0
472149, 63360, 1, 0, 0
472249, 65280, 1, 0, 0
472349, 64640, 1, 0, 0
472449, 63360, 1, 0, 0
472549, 62080, 1, 0, 0
472649, 60800, 1, 0, 0
472750, 60800, 1, 0, 0
472850, 62080, 1, 0, 0
472950, 63360, 1, 0, 0
473050, 63360, 1, 0, 0
473150, 64000, 1, 0, 0
473249, 65292, 1, 0, 0
473349, 63360, 1, 0, 0
473449, 64000, 1, 0, 0
473549, 62720, 1, 0, 0
473649, 62720, 1, 0, 0
473749, 62720, 1, 0, 0
473849, 62080, 1, 0, 0
473949, 62080, 1, 0, 0
474050, 64000, 1, 0, 0
474150, 60800, 1, 0, 0
474249, 64000, 1, 0, 0
474349, 64000, 1, 0, 0
474449, 64000, 1, 0, 0
474549, 59520, 1, 0, 0
474649, 63360, 1, 0, 0
474749, 63360, 1, 0, 0
474849, 62080, 1, 0, 0
474949, 60800, 1, 0, 0
475049, 65280, 1, 0, 0
475149, 62080, 1, 0, 0
475249, 62707, 1, 0, 0
475349, 65920, 1, 0, 0
475449, 64640, 1, 0, 0
475549, 62080, 1, 0, 0
475649, 61440, 1, 0, 0
475749, 63360, 1, 0, 0
475849, 60800, 1, 0, 0
475949, 62080, 1, 0, 0
476049, 64000, 1, 0, 0
476149, 62080, 1, 0, 0
476249, 64000, 1, 0, 0
476349, 65280, 1, 0, 0
476450, 65920, 1, 0, 0
476550, 66560, 1, 0, 0
476650, 66560, 1, 0, 0
476749, 63353, 1, 0, 0
476849, 59520, 1, 0, 0
476949, 64000, 1, 0, 0
477049, 61440, 1, 0, 0
477149, 64640, 1, 0, 0
477249, 62720, 1, 0, 0
477349, 62720, 1, 0, 0
477449, 63360, 1, 0, 0
477549, 62720, 1, 0, 0
477650, 62080, 1, 0, 0
477749, 62060, 1, 0, 0
477849, 64000, 1, 0, 0
477949, 59520, 1, 0, 0
478049, 62720, 1, 0, 0
478149, 62720, 1, 0, 0
478249, 63360, 1, 0, 0
478349, 64640, 1, 0, 0
478449, 61440, 1, 0, 0
478549, 64640, 1, 0, 0
478649, 62720, 1, 0, 0
478749, 66560, 1, 0, 0
478849, 62720, 1, 0, 0
478950, 64640, 1, 0, 0
479050, 64640, 1, 0, 0
479150, 61440, 1, 0, 0
479249, 63353, 1, 0, 0
479349, 62720, 1, 0, 0
479449, 62720, 1, 0, 0
479549, 64640, 1, 0, 0
479649, 62720, 1, 0, 0
479749, 62080, 1, 0, 0
479849, 58880, 1, 0, 0
479949, 64000, 1, 0, 0
480049, 63360, 1, 0, 0
480150, 62080, 1, 0, 0
480249, 61414, 1, 0, 0
480349, 64000, 1, 0, 0
480449, 64000, 1, 0, 0
480549, 64000, 1, 0, 0
480649, 60800, 1, 0, 0
480749, 65920, 1, 0, 0
480849, 62720, 1, 0, 0
480949, 62080, 1, 0, 0
481049, 62720, 1, 0, 0
481149, 62080, 1, 0, 0
481249, 65280, 1, 0, 0
481349, 62080, 1, 0, 0
481450, 65920, 1, 0, 0
481550, 64640, 1, 0, 0
481650, 64000, 1, 0, 0
481749, 61414, 1, 0, 0
481849, 60160, 1, 0, 0
481949, 60800, 1, 0, 0
482049, 59520, 1, 0, 0
482149, 60800, 1, 0, 0
482249, 64000, 1, 0, 0
482349, 58880, 1, 0, 0
482449, 60160, 1, 0, 0
482549, 62080, 1, 0, 0
482650, 62080, 1, 0, 0
482749, 62060, 1, 0, 0
482849, 60160, 1, 0, 0
482949, 60800, 1, 0, 0
483049, 60160, 1, 0, 0
483149, 62080, 1, 0, 0
483249, 64640, 1, 0, 0
483349, 60160, 1, 0, 0
483449, 63360, 1, 0, 0
483549, 60800, 1, 0, 0
483649, 62080, 1, 0, 0
483749, 61440, 1, 0, 0
483850, 58240, 1, 0, 0
483950, 62080, 1, 0, 0
484050, 61440, 1, 0, 0
484150, 62080, 1, 0, 0
484249, 63353, 1, 0, 0
484349, 62080, 1, 0, 0
484449, 58880, 1, 0, 0
484549, 63360, 1, 0, 0
484649, 58240, 1, 0, 0
484749, 64000, 1, 0, 0
484849, 60160, 1, 0, 0
484949, 61440, 1, 0, 0
485050, 61440, 1, 0, 0
485150, 57600, 1, 0, 0
485249, 61414, 1, 0, 0
485349, 58240, 1, 0, 0
485449, 60800, 1, 0, 0
485549, 64000, 1, 0, 0
485649, 62080, 1, 0, 0
485749, 64640, 1, 0, 0
485849, 64640, 1, 0, 0
485949, 60800, 1, 0, 0
486049, 63360, 1, 0, 0
486149, 60800, 1, 0, 0
486250, 60800, 1, 0, 0
486350, 61440, 1, 0, 0
486450, 61440, 1, 0, 0
486550, 61440, 1, 0, 0
486650, 62720, 1, 0, 0
486749, 63353, 1, 0, 0
486849, 63360, 1, 0, 0
486949, 60160, 1, 0, 0
487049, 60800, 1, 0, 0
487149, 61440, 1, 0, 0
487249, 63360, 1, 0, 0
487349, 62080, 1, 0, 0
487449, 62720, 1, 0, 0
487550, 62720, 1, 0, 0
487650, 61440, 1, 0, 0
487749, 62060, 1, 0, 0
487849, 61440, 1, 0, 0
487949, 60800, 1, 0, 0
488049, 60160, 1, 0, 0
488149, 63360, 1, 0, 0
488249, 61440, 1, 0, 0
488349, 63360, 1, 0, 0
488449, 62080, 1, 0, 0
488549, 62720, 1, 0, 0
488649, 62080, 1, 0, 0
488750, 64640, 1, 0, 0
488850, 58880, 1, 0, 0
488950, 61440, 1, 0, 0
489050, 62720, 1, 0, 0
489150, 62720, 1, 0, 0
489249, 61414, 1, 0, 0
489349, 63360, 1, 0, 0
489449, 64000, 1, 0, 0
489549, 63360, 1, 0, 0
489649, 58880, 1, 0, 0
489749, 62080, 1, 0, 0
489849, 62720, 1, 0, 0
489949, 62720, 1, 0, 0
490050, 64000, 1, 0, 0
490150, 61440, 1, 0, 0
490249, 63353, 1, 0, 0
490349, 65920, 1, 0, 0
490449, 62720, 1, 0, 0
490549, 65920, 1, 0, 0
490649, 62720, 1, 0, 0
490749, 63360, 1, 0, 0
490849, 63360, 1, 0, 0
490949, 60160, 1, 0, 0
491049, 59520, 1, 0, 0
491149, 64640, 1, 0, 0
491250, 62080, 1, 0, 0
491350, 64640, 1, 0, 0
491450, 62080, 1, 0, 0
491550, 64000, 1, 0, 0
491650, 58880, 1, 0, 0
491749, 60767, 1, 0, 0
491849, 62080, 1, 0, 0
491949, 63360, 1, 0, 0
492049, 61440, 1, 0, 0
492149, 62720, 1, 0, 0
492249, 60160, 1, 0, 0
492349, 62080, 1, 0, 0
492449, 58880, 1, 0, 0
492550, 59520, 1, 0, 0
492650, 61440, 1, 0, 0
492749, 59474, 1, 0, 0
492849, 61440, 1, 0, 0
492949, 63360, 1, 0, 0
493049, 63360, 1, 0, 0
493149, 61440, 1, 0, 0
493249, 60800, 1, 0, 0
493349, 57600, 1, 0, 0
493449, 62720, 1, 0, 0
493549, 62080, 1, 0, 0
493649, 60160, 1, 0, 0
493750, 59520, 1, 0, 0
493850, 60160, 1, 0, 0
493950, 61440, 1, 0, 0
494050, 62080, 1, 0, 0
494150, 61440, 1, 0, 0
494249, 61414, 1, 0, 0
494349, 64000, 1, 0, 0
494449, 56960, 1, 0, 0
494549, 60160, 1, 0, 0
494649, 60160, 1, 0, 0
494749, 61440, 1, 0, 0
494849, 61440, 1, 0, 0
494949, 62080, 1, 0, 0
495050, 58240, 1, 0, 0
495150, 62720, 1, 0, 0
495249, 60121, 1, 0, 0
495349, 57600, 1, 0, 0
495449, 60800, 1, 0, 0
495549, 62720, 1, 0, 0
495649, 60160, 1, 0, 0
495749, 60800, 1, 0, 0
495849, 60160, 1, 0, 0
495949, 60160, 1, 0, 0
496049, 57600, 1, 0, 0
496149, 56960, 1, 0, 0
496249, 58828, 1, 0, 0
496349, 61440, 1, 0, 0
496449, 61440, 1, 0, 0
496549, 64000, 1, 0, 0
496649, 60160, 1, 0, 0
496749, 62080, 1, 0, 0
496849, 61440, 1, 0, 0
496949, 60160, 1, 0, 0
497049, 59520, 1, 0, 0
497149, 62720, 1, 0, 0
497249, 61440, 1, 0, 0
497349, 60160, 1, 0, 0
497450, 60800, 1, 0, 0
497550, 60800, 1, 0, 0
497650, 60160, 1, 0, 0
497749, 61414, 1, 0, 0
497849, 63360, 1, 0, 0
497949, 59520, 1, 0, 0
498049, 59520, 1, 0, 0
498149, 59520, 1, 0, 0
498249, 57600, 1, 0, 0
498349, 60160, 1, 0, 0
498449, 64000, 1, 0, 0
498549, 61440, 1, 0, 0
498650, 63360, 1, 0, 0
498749, 62060, 1, 0, 0
498849, 60160, 1, 0, 0
498949, 61440, 1, 0, 0
499049, 62080, 1, 0, 0
499149, 61440, 1, 0, 0
499249, 59520, 1, 0, 0
499349, 61440, 1, 0, 0
499449, 61440, 1, 0, 0
499549, 63360, 1, 0, 0
499649, 62720, 1, 0, 0
499749, 61440, 1, 0, 0
499849, 63360, 1, 0, 0
499950, 61440, 1, 0, 0
500050, 59520, 1, 0, 0
500150, 64000, 1, 0, 0
500249, 65939, 1, 0, 0
500349, 66560, 1, 0, 0
500449, 62080, 1, 0, 0
500549, 65920, 1, 0, 0
500649, 62720, 1, 0, 0
500749, 64000, 1, 0, 0
500849, 62080, 1, 0, 0
500949, 60160, 1, 0, 0
501050, 64640, 1, 0, 0
501150, 58240, 1, 0, 0
501249, 58181, 1, 0, 0
501349, 64640, 1, 0, 0
501449, 63360, 1, 0, 0
501549, 62720, 1, 0, 0
501649, 64000, 1, 0, 0
501749, 66560, 1, 0, 0
501849, 65280, 1, 0, 0
501949, 67840, 1, 0, 0
502049, 62720, 1, 0, 0
502149, 65280, 1, 0, 0
502249, 64000, 1, 0, 0
502350, 64640, 1, 0, 0
502450, 62080, 1, 0, 0
502550, 58880, 1, 0, 0
502650, 63360, 1, 0, 0
502749, 62707, 1, 0, 0
502849, 64640, 1, 0, 0
502949, 62720, 1, 0, 0
503049, 63360, 1, 0, 0
503149, 67840, 1, 0, 0
503249, 65280, 1, 0, 0
503349, 64000, 1, 0, 0
503449, 64640, 1, 0, 0
503550, 61440, 1, 0, 0
503650, 67200, 1, 0, 0
503749, 64646, 1, 0, 0
503849, 64640, 1, 0, 0
503949, 65280, 1, 0, 0
504049, 61440, 1, 0, 0
504149, 60800, 1, 0, 0
504249, 62080, 1, 0, 0
504349, 62720, 1, 0, 0
504449, 64640, 1, 0, 0
504549, 64000, 1, 0, 0
504649, 64640, 1, 0, 0
504750, 65280, 1, 0, 0
504850, 63360, 1, 0, 0
504950, 65280, 1, 0, 0
505050, 65920, 1, 0, 0
505150, 62720, 1, 0, 0
505249, 63353, 1, 0, 0
505349, 64640, 1, 0, 0
505449, 61440, 1, 0, 0
505549, 64000, 1, 0, 0
505649, 62080, 1, 0, 0
505749, 62720, 1, 0, 0
505849, 62080, 1, 0, 0
505949, 64640, 1, 0, 0
506050, 62080, 1, 0, 0
506150, 64000, 1, 0, 0
506249, 64646, 1, 0, 0
506349, 64000, 1, 0, 0
506449, 62720, 1, 0, 0
506549, 61440, 1, 0, 0
506649, 64640, 1, 0, 0
506749, 62080, 1, 0, 0
506849, 60160, 1, 0, 0
506949, 66560, 1, 0, 0
507049, 58880, 1, 0, 0
507149, 60800, 1, 0, 0
507250, 60800, 1, 0, 0
507350, 62720, 1, 0, 0
507450, 65280, 1, 0, 0
507550, 65280, 1, 0, 0
507650, 62720, 1, 0, 0
507749, 64000, 1, 0, 0
507849, 64000, 1, 0, 0
507949, 62080, 1, 0, 0
508049, 60160, 1, 0, 0
508149, 56960, 1, 0, 0
508249, 60160, 1, 0, 0
508349, 61440, 1, 0, 0
508449, 64640, 1, 0, 0
508550, 60800, 1, 0, 0
508650, 63360, 1, 0, 0
508749, 65292, 1, 0, 0
508849, 58880, 1, 0, 0
508949, 62080, 1, 0, 0
509049, 62720, 1, 0, 0
509149, 60800, 1, 0, 0
509249, 62720, 1, 0, 0
509349, 60800, 1, 0, 0
509449, 64000, 1, 0, 0
509549, 62720, 1, 0, 0
509649, 65280, 1, 0, 0
509750, 65280, 1, 0, 0
509850, 63360, 1, 0, 0
509950, 62720, 1, 0, 0
510050, 58880, 1, 0, 0
510150, 63360, 1, 0, 0
510249, 62707, 1, 0, 0
510349, 65280, 1, 0, 0
510449, 62720, 1, 0, 0
510549, 65280, 1, 0, 0
510649, 62080, 1, 0, 0
510749, 64000, 1, 0, 0
510849, 63360, 1, 0, 0
510949, 64000, 1, 0, 0
511050, 64000, 1, 0, 0
511150, 65920, 1, 0, 0
511249, 60121, 1, 0, 0
511349, 64640, 1, 0, 0
511449, 62720, 1, 0, 0
511549, 61440, 1, 0, 0
511649, 62080, 1, 0, 0
511749, 64640, 1, 0, 0
511849, 64000, 1, 0, 0
511949, 60800, 1, 0, 0
512049, 65280, 1, 0, 0
512149, 62720, 1, 0, 0
512250, 64000, 1, 0, 0
512350, 62080, 1, 0, 0
512450, 65280, 1, 0, 0
512550, 64000, 1, 0, 0
512650, 64640, 1, 0, 0
512749, 63353, 1, 0, 0
512849, 62720, 1, 0, 0
512949, 64000, 1, 0, 0
513049, 64000, 1, 0, 0
513149, 61440, 1, 0, 0
513249, 64000, 1, 0, 0
513349, 63360, 1, 0, 0
513449, 64000, 1, 0, 0
513550, 63360, 1, 0, 0
513650, 64000, 1, 0, 0
513749, 63353, 1, 0, 0
513849, 60800, 1, 0, 0
513949, 63360, 1, 0, 0
514049, 65280, 1, 0, 0
514149, 65280, 1, 0, 0
514249, 64000, 1, 0, 0
514349, 62080, 1, 0, 0
514449, 64000, 1, 0, 0
514549, 64000, 1, 0, 0
514650, 60800, 1, 0, 0
514749, 63353, 1, 0, 0
514849, 62720, 1, 0, 0
514949, 62080, 1, 0, 0
515049, 63360, 1, 0, 0
515149, 65280, 1, 0, 0
515249, 65280, 1, 0, 0
515349, 65920, 1, 0, 0
515449, 64640, 1, 0, 0
515549, 66560, 1, 0, 0
515649, 62720, 1, 0, 0
515749, 64640, 1, 0, 0
515849, 64000, 1, 0, 0
515950, 64640, 1, 0, 0
516050, 62720, 1, 0, 0
516150, 62080, 1, 0, 0
516249, 62707, 1, 0, 0
516349, 63360, 1, 0, 0
516449, 65920, 1, 0, 0
516549, 63360, 1, 0, 0
516649, 63360, 1, 0, 0
516749, 62080, 1, 0, 0
516849, 63360, 1, 0, 0
516949, 63360, 1, 0, 0
517049, 64640, 1, 0, 0
517150, 64000, 1, 0, 0
517249, 60767, 1, 0, 0
517349, 63360, 1, 0, 0
517449, 63360, 1, 0, 0
517549, 65920, 1, 0, 0
517649, 64000, 1, 0, 0
517749, 64000, 1, 0, 0
517849, 64640, 1, 0, 0
517949, 65280, 1, 0, 0
518049, 64640, 1, 0, 0
518149, 63360, 1, 0, 0
518250, 65920, 1, 0, 0
518350, 63360, 1, 0, 0
518450, 64640, 1, 0, 0
518550, 65280, 1, 0, 0
518650, 62080, 1, 0, 0
518749, 63353, 1, 0, 0
518849, 64640, 1, 0, 0
518949, 65920, 1, 0, 0
519049, 63360, 1, 0, 0
519149, 62080, 1, 0, 0
519249, 65920, 1, 0, 0
519349, 65280, 1, 0, 0
519449, 64000, 1, 0, 0
519550, 65280, 1, 0, 0
519650, 61440, 1, 0, 0
519749, 61414, 1, 0, 0
519849, 60800, 1, 0, 0
519949, 62720, 1, 0, 0
520049, 62080, 1, 0, 0
520149, 63360, 1, 0, 0
520249, 65280, 1, 0, 0
520349, 61440, 1, 0, 0
520449, 62720, 1, 0, 0
520549, 64640, 1, 0, 0
520649, 64640, 1, 0, 0
520749, 63353, 1, 0, 0
520849, 64000, 1, 0, 0
520949, 63360, 1, 0, 0
521049, 66560, 1, 0, 0
521149, 67200, 1, 0, 0
521249, 64640, 1, 0, 0
521349, 64000, 1, 0, 0
521449, 63360, 1, 0, 0
521549, 65280, 1, 0, 0
521649, 61440, 1, 0, 0
521749, 65280, 1, 0, 0
521849, 61440, 1, 0, 0
521950, 64000, 1, 0, 0
522050, 64640, 1, 0, 0
522150, 62080, 1, 0, 0
522249, 65292, 1, 0, 0
522349, 65280, 1, 0, 0
522449, 66560, 1, 0, 0
522549, 65920, 1, 0, 0
522649, 65920, 1, 0, 0
522749, 65920, 1, 0, 0
522849, 63360, 1, 0, 0
522949, 65920, 1, 0, 0
523049, 63360, 1, 0, 0
523149, 65280, 1, 0, 0
523249, 65292, 1, 0, 0
523349, 60800, 1, 0, 0
523449, 64640, 1, 0, 0
523549, 65280, 1, 0, 0
523649, 64640, 1, 0, 0
523749, 62080, 1, 0, 0
523849, 64000, 1, 0, 0
523949, 63360, 1, 0, 0
524049, 62720, 1, 0, 0
524149, 64640, 1, 0, 0
524249, 63360, 1, 0, 0
524349, 65280, 1, 0, 0
524449, 62720, 1, 0, 0
524550, 64000, 1, 0, 0
524650, 64000, 1, 0, 0
524749, 64646, 1, 0, 0
524849, 62720, 1, 0, 0
524949, 65280, 1, 0, 0
525049, 66560, 1, 0, 0
525149, 64640, 1, 0, 0
525249, 64000, 1, 0, 0
525349, 62720, 1, 0, 0
525449, 64640, 1, 0, 0
525549, 62720, 1, 0, 0
525650, 64640, 1, 0, 0
525749, 64000, 1, 0, 0
525849, 65280, 1, 0, 0
525949, 65280, 1, 0, 0
526049, 62720, 1, 0, 0
526149, 64640, 1, 0, 0
526249, 65280, 1, 0, 0
526349, 65280, 1, 0, 0
526449, 61440, 1, 0, 0
526549, 64640, 1, 0, 0
526649, 64640, 1, 0, 0
526749, 65920, 1, 0, 0
526849, 62080, 1, 0, 0
526950, 63360, 1, 0, 0
527050, 62720, 1, 0, 0
527150, 62080, 1, 0, 0
527249, 62060, 1, 0, 0
527349, 62080, 1, 0, 0
527449, 64640, 1, 0, 0
527549, 64640, 1, 0, 0
527649, 63360, 1, 0, 0
527749, 62720, 1, 0, 0
527849, 65280, 1, 0, 0
527949, 65920, 1, 0, 0
528049, 64640, 1, 0, 0
528149, 63360, 1, 0, 0
528250, 63360, 1, 0, 0
528350, 62720, 1, 0, 0
528450, 62080, 1, 0, 0
528550, 64000, 1, 0, 0
528650, 64640, 1, 0, 0
528749, 63353, 1, 0, 0
528849, 66560, 1, 0, 0
528949, 62080, 1, 0, 0
529049, 65920, 1, 0, 0
529149, 63360, 1, 0, 0
529249, 60800, 1, 0, 0
529349, 64640, 1, 0, 0
529449, 62080, 1, 0, 0
529550, 64000, 1, 0, 0
529650, 65280, 1, 0, 0
529749, 64000, 1, 0, 0
529849, 61440, 1, 0, 0
529949, 62080, 1, 0, 0
530049, 64640, 1, 0, 0
530149, 63360, 1, 0, 0
530249, 62080, 1, 0, 0
530349, 64640, 1, 0, 0
530449, 62720, 1, 0, 0
530549, 64000, 1, 0, 0
530649, 63360, 1, 0, 0
530750, 64640, 1, 0, 0
530850, 65280, 1, 0, 0
530950, 63360, 1, 0, 0
531050, 61440, 1, 0, 0
531150, 64640, 1, 0, 0
531249, 63353, 1, 0, 0
531349, 63360, 1, 0, 0
531449, 64640, 1, 0, 0
531549, 62720, 1, 0, 0
531649, 62080, 1, 0, 0
531749, 60160, 1, 0, 0
531849, 60160, 1, 0, 0
531949, 60160, 1, 0, 0
532050, 62080, 1, 0, 0
532150, 61440, 1, 0, 0
532249, 61414, 1, 0, 0
532349, 60160, 1, 0, 0
532449, 61440, 1, 0, 0
532549, 64640, 1, 0, 0
532649, 62080, 1, 0, 0
532749, 64640, 1, 0, 0
532849, 64640, 1, 0, 0
532949, 63360, 1, 0, 0
533049, 65280, 1, 0, 0
533149, 61440, 1, 0, 0
533250, 64640, 1, 0, 0
533350, 62080, 1, 0, 0
533450, 62720, 1, 0, 0
533550, 63360, 1, 0, 0
533650, 62080, 1, 0, 0
533749, 62060, 1, 0, 0
533849, 61440, 1, 0, 0
533949, 62080, 1, 0, 0
534049, 64000, 1, 0, 0
534149, 61440, 1, 0, 0
534249, 61440, 1, 0, 0
534349, 62080, 1, 0, 0
534449, 58240, 1, 0, 0
534550, 62080, 1, 0, 0
534650, 62720, 1, 0, 0
534749, 63353, 1, 0, 0
534849, 63360, 1, 0, 0
534949, 62720, 1, 0, 0
535049, 64640, 1, 0, 0
535149, 63360, 1, 0, 0
535249, 63360, 1, 0, 0
535349, 59520, 1, 0, 0
535449, 56960, 1, 0, 0
535549, 61440, 1, 0, 0
535649, 62720, 1, 0, 0
535750, 63360, 1, 0, 0
535850, 62720, 1, 0, 0
535950, 61440, 1, 0, 0
536050, 65280, 1, 0, 0
536150, 61440, 1, 0, 0
536249, 65292, 1, 0, 0
536349, 60800, 1, 0, 0
536449, 61440, 1, 0, 0
536549, 62720, 1, 0, 0
536649, 59520, 1, 0, 0
536749, 62720, 1, 0, 0
536849, 64000, 1, 0, 0
536949, 62720, 1, 0, 0
537050, 61440, 1, 0, 0
537150, 62080, 1, 0, 0
537249, 65292, 1, 0, 0
537349, 63360, 1, 0, 0
537449, 62720, 1, 0, 0
537549, 62080, 1, 0, 0
537649, 61440, 1, 0, 0
537749, 63360, 1, 0, 0
537849, 62720, 1, 0, 0
537949, 62080, 1, 0, 0
538049, 64640, 1, 0, 0
538149, 61440, 1, 0, 0
538250, 61440, 1, 0, 0
538350, 63360, 1, 0, 0
538450, 63360, 1, 0, 0
538550, 64000, 1, 0, 0
538650, 61440, 1, 0, 0
538749, 62707, 1, 0, 0
538849, 65280, 1, 0, 0
538949, 63360, 1, 0, 0
539049, 62720, 1, 0, 0
539149, 63360, 1, 0, 0
539249, 63360, 1, 0, 0
539349, 62720, 1, 0, 0
539449, 64000, 1, 0, 0
539550, 64000, 1, 0, 0
539650, 60160, 1, 0, 0
539749, 60121, 1, 0, 0
539849, 62720, 1, 0, 0
539949, 62720, 1, 0, 0
540049, 65280, 1, 0, 0
540149, 63360, 1, 0, 0
540249, 63360, 1, 0, 0
540349, 61440, 1, 0, 0
540449, 63360, 1, 0, 0
540549, 64640, 1, 0, 0
540649, 62720, 1, 0, 0
540750, 61440, 1, 0, 0
540850, 62080, 1, 0, 0
540950, 60160, 1, 0, 0
541050, 62720, 1, 0, 0
541150, 62080, 1, 0, 0
541249, 63353, 1, 0, 0
541349, 58880, 1, 0, 0
541449, 61440, 1, 0, 0
541549, 64000, 1, 0, 0
541649, 61440, 1, 0, 0
541749, 62720, 1, 0, 0
541849, 62080, 1, 0, 0
541949, 64640, 1, 0, 0
542050, 62720, 1, 0, 0
542150, 63360, 1, 0, 0
542249, 65939, 1, 0, 0
542349, 60800, 1, 0, 0
542449, 62080, 1, 0, 0
542549, 64000, 1, 0, 0
542649, 62720, 1, 0, 0
542749, 64000, 1, 0, 0
542849, 64000, 1, 0, 0
542949, 62080, 1, 0, 0
543049, 58240, 1, 0, 0
543150, 62080, 1, 0, 0
543249, 61414, 1, 0, 0
543349, 63360, 1, 0, 0
543449, 62720, 1, 0, 0
543549, 63360, 1, 0, 0
543649, 64000, 1, 0, 0
543749, 63360, 1, 0, 0
543849, 64000, 1, 0, 0
543949, 65280, 1, 0, 0
544049, 65920, 1, 0, 0
544149, 64640, 1, 0, 0
544249, 65920, 1, 0, 0
544350, 62720, 1, 0, 0
544450, 66560, 1, 0, 0
544550, 62080, 1, 0, 0
544650, 63360, 1, 0, 0
544749, 62707, 1, 0, 0
544849, 62720, 1, 0, 0
544949, 64000, 1, 0, 0
545049, 64000, 1, 0, 0
545149, 64000, 1, 0, 0
545249, 64640, 1, 0, 0
545349, 62720, 1, 0, 0
545449, 63360, 1, 0, 0
545550, 62080, 1, 0, 0
545650, 65920, 1, 0, 0
545749, 63353, 1, 0, 0
545849, 62720, 1, 0, 0
545949, 64000, 1, 0, 0
546049, 64640, 1, 0, 0
546149, 64640, 1, 0, 0
546249, 65920, 1, 0, 0
546349, 65920, 1, 0, 0
546449, 66560, 1, 0, 0
546549, 64640, 1, 0, 0
546649, 65920, 1, 0, 0
546750, 65920, 1, 0, 0
546850, 64640, 1, 0, 0
546950, 67840, 1, 0, 0
547050, 64000, 1, 0, 0
547150, 61440, 1, 0, 0
547249, 62707, 1, 0, 0
547349, 60160, 1, 0, 0
547449, 63360, 1, 0, 0
547549, 63360, 1, 0, 0
547649, 65280, 1, 0, 0
547749, 62720, 1, 0, 0
547849, 64000, 1, 0, 0
547949, 63360, 1, 0, 0
548050, 64640, 1, 0, 0
548150, 64000, 1, 0, 0
548249, 65939, 1, 0, 0
548349, 65920, 1, 0, 0
548449, 65280, 1, 0, 0
548549, 64000, 1, 0, 0
548649, 62720, 1, 0, 0
548749, 62720, 1, 0, 0
548849, 63360, 1, 0, 0
548949, 64000, 1, 0, 0
549049, 62080, 1, 0, 0
549149, 65280, 1, 0, 0
549250, 63360, 1, 0, 0
549350, 65920, 1, 0, 0
549450, 64000, 1, 0, 0
549550, 67200, 1, 0, 0
549650, 63360, 1, 0, 0
549749, 66585, 1, 0, 0
549849, 63360, 1, 0, 0
549949, 65280, 1, 0, 0
550049, 62720, 1, 0, 0
550149, 63360, 1, 0, 0
550249, 65920, 1, 0, 0
550349, 64640, 1, 0, 0
550449, 63360, 1, 0, 0
550550, 64640, 1, 0, 0
550650, 66560, 1, 0, 0
550749, 64646, 1, 0, 0
550849, 65920, 1, 0, 0
550949, 63360, 1, 0, 0
551049, 65280, 1, 0, 0
551149, 62720, 1, 0, 0
551249, 64640, 1, 0, 0
551349, 63360, 1, 0, 0
551449, 65920, 1, 0, 0
551549, 62080, 1, 0, 0
551649, 64000, 1, 0, 0
551750, 61440, 1, 0, 0
551850, 65280, 1, 0, 0
551950, 62080, 1, 0, 0
552050, 64000, 1, 0, 0
552150, 62720, 1, 0, 0
552249, 65292, 1, 0, 0
552349, 63360, 1, 0, 0
552449, 67200, 1, 0, 0
552549, 62720, 1, 0, 0
552649, 62720, 1, 0, 0
552749, 62720, 1, 0, 0
552849, 65280, 1, 0, 0
552949, 64000, 1, 0, 0
553050, 63360, 1, 0, 0
553150, 62720, 1, 0, 0
553249, 62707, 1, 0, 0
553349, 63360, 1, 0, 0
553449, 62080, 1, 0, 0
553549, 64000, 1, 0, 0
553649, 61440, 1, 0, 0
553749, 62720, 1, 0, 0
553849, 64000, 1, 0, 0
553949, 62720, 1, 0, 0
554049, 64000, 1, 0, 0
554149, 64000, 1, 0, 0
554249, 62707, 1, 0, 0
554349, 62720, 1, 0, 0
554449, 64000, 1, 0, 0
554549, 63360, 1, 0, 0
554649, 63360, 1, 0, 0
554749, 63360, 1, 0, 0
554849, 65280, 1, 0, 0
554949, 63360, 1, 0, 0
555049, 62720, 1, 0, 0
555149, 62720, 1, 0, 0
555249, 62720, 1, 0, 0
555349, 62080, 1, 0, 0
555449, 64000, 1, 0, 0
555550, 62720, 1, 0, 0
555650, 64000, 1, 0, 0
555749, 62060, 1, 0, 0
555849, 60800, 1, 0, 0
555949, 62720, 1, 0, 0
556049, 62720, 1, 0, 0
556149, 62720, 1, 0, 0
556249, 64640, 1, 0, 0
556349, 63360, 1, 0, 0
556449, 63360, 1, 0, 0
556549, 64640, 1, 0, 0
556650, 64000, 1, 0, 0
556749, 62060, 1, 0, 0
556849, 67200, 1, 0, 0
556949, 62080, 1, 0, 0
557049, 65280, 1, 0, 0
557149, 65280, 1, 0, 0
557249, 62080, 1, 0, 0
557349, 65280, 1, 0, 0
557449, 65280, 1, 0, 0
557549, 63360, 1, 0, 0
557649, 62720, 1, 0, 0
557749, 65280, 1, 0, 0
557850, 64000, 1, 0, 0
557950, 64640, 1, 0, 0
558050, 62080, 1, 0, 0
558150, 64640, 1, 0, 0
558249, 64000, 1, 0, 0
558349, 63360, 1, 0, 0
558449, 62080, 1, 0, 0
558549, 64640, 1, 0, 0
558649, 60800, 1, 0, 0
558749, 62720, 1, 0, 0
558849, 65280, 1, 0, 0
558949, 63360, 1, 0, 0
559049, 61440, 1, 0, 0
559150, 60160, 1, 0, 0
559249, 64000, 1, 0, 0
559349, 64640, 1, 0, 0
559449, 62720, 1, 0, 0
559549, 61440, 1, 0, 0
559649, 62720, 1, 0, 0
559749, 64640, 1, 0, 0
559849, 60800, 1, 0, 0
559949, 65920, 1, 0, 0
560049, 63360, 1, 0, 0
560149, 62080, 1, 0, 0
560249, 61440, 1, 0, 0
560349, 63360, 1, 0, 0
560449, 64640, 1, 0, 0
560550, 65280, 1, 0, 0
560650, 60800, 1, 0, 0
560749, 63353, 1, 0, 0
560849, 61440, 1, 0, 0
560949, 61440, 1, 0, 0
561049, 63360, 1, 0, 0
561149, 62720, 1, 0, 0
561249, 65920, 1, 0, 0
561349, 65280, 1, 0, 0
561449, 60800, 1, 0, 0
561549, 62080, 1, 0, 0
561650, 62080, 1, 0, 0
561749, 64000, 1, 0, 0
561849, 60160, 1, 0, 0
561949, 63360, 1, 0, 0
562049, 63360, 1, 0, 0
562149, 62080, 1, 0, 0
562249, 60800, 1, 0, 0
562349, 62720, 1, 0, 0
562449, 62720, 1, 0, 0
562549, 63360, 1, 0, 0
562649, 62080, 1, 0, 0
562749, 64000, 1, 0, 0
562849, 61440, 1, 0, 0
562950, 64000, 1, 0, 0
563050, 60800, 1, 0, 0
563150, 62720, 1, 0, 0
563249, 60767, 1, 0, 0
563349, 62080, 1, 0, 0
563449, 61440, 1, 0, 0
563549, 62720, 1, 0, 0
563649, 63360, 1, 0, 0
563749, 64640, 1, 0, 0
563849, 65280, 1, 0, 0
563949, 62720, 1, 0, 0
564050, 63360, 1, 0, 0
564150, 62080, 1, 0, 0
564249, 61414, 1, 0, 0
564349, 64000, 1, 0, 0
564449, 60160, 1, 0, 0
564549, 64640, 1, 0, 0
564649, 62080, 1, 0, 0
564749, 62080, 1, 0, 0
564849, 61440, 1, 0, 0
564949, 60800, 1, 0, 0
565049, 60800, 1, 0, 0
565149, 61440, 1, 0, 0
565250, 60800, 1, 0, 0
565350, 60160, 1, 0, 0
565450, 61440, 1, 0, 0
565550, 64000, 1, 0, 0
565650, 60800, 1, 0, 0
565749, 59474, 1, 0, 0
565849, 63360, 1, 0, 0
565949, 59520, 1, 0, 0
566049, 60160, 1, 0, 0
566149, 60160, 1, 0, 0
566249, 60160, 1, 0, 0
566349, 62080, 1, 0, 0
566449, 59520, 1, 0, 0
566550, 64000, 1, 0, 0
566650, 64000, 1, 0, 0
566749, 61414, 1, 0, 0
566849, 63360, 1, 0, 0
566949, 63360, 1, 0, 0
567049, 61440, 1, 0, 0
567149, 60800, 1, 0, 0
567249, 63360, 1, 0, 0
567349, 60160, 1, 0, 0
567449, 60800, 1, 0, 0
567549, 59520, 1, 0, 0
567649, 62720, 1, 0, 0
567750, 63360, 1, 0, 0
567850, 60160, 1, 0, 0
567950, 63360, 1, 0, 0
568050, 63360, 1, 0, 0
568150, 63360, 1, 0, 0
568249, 61414, 1, 0, 0
568349, 64640, 1, 0, 0
568449, 59520, 1, 0, 0
568549, 64640, 1, 0, 0
568649, 62720, 1, 0, 0
568749, 61440, 1, 0, 0
568849, 64000, 1, 0, 0
568949, 65280, 1, 0, 0
569050, 62720, 1, 0, 0
569150, 63360, 1, 0, 0
569249, 64000, 1, 0, 0
569349, 64000, 1, 0, 0
569449, 62080, 1, 0, 0
569549, 60160, 1, 0, 0
569649, 65920, 1, 0, 0
569749, 63360, 1, 0, 0
569849, 60800, 1, 0, 0
569949, 60800, 1, 0, 0
570049, 62080, 1, 0, 0
570149, 62080, 1, 0, 0
570250, 63360, 1, 0, 0
570350, 62080, 1, 0, 0
570450, 63360, 1, 0, 0
570550, 64000, 1, 0, 0
570650, 64000, 1, 0, 0
570749, 60767, 1, 0, 0
570849, 62080, 1, 0, 0
570949, 61440, 1, 0, 0
571049, 61440, 1, 0, 0
571149, 62720, 1, 0, 0
571249, 63360, 1, 0, 0
571349, 62720, 1, 0, 0
571449, 63360, 1, 0, 0
571550, 64000, 1, 0, 0
571650, 63360, 1, 0, 0
571749, 65292, 1, 0, 0
571849, 58880, 1, 0, 0
571949, 61440, 1, 0, 0
572049, 60160, 1, 0, 0
572149, 61440, 1, 0, 0
572249, 61440, 1, 0, 0
572349, 64640, 1, 0, 0
572449, 60800, 1, 0, 0
572549, 64640, 1, 0, 0
572649, 62080, 1, 0, 0
572750, 61440, 1, 0, 0
572850, 62080, 1, 0, 0
572950, 60160, 1, 0, 0
573050, 62080, 1, 0, 0
573150, 63360, 1, 0, 0
573249, 65292, 1, 0, 0
573349, 65280, 1, 0, 0
573449, 63360, 1, 0, 0
573549, 67200, 1, 0, 0
573649, 65920, 1, 0, 0
573749, 63360, 1, 0, 0
573849, 63360, 1, 0, 0
573949, 65920, 1, 0, 0
574050, 62720, 1, 0, 0
574150, 63360, 1, 0, 0
574249, 64000, 1, 0, 0
574349, 64640, 1, 0, 0
574449, 65920, 1, 0, 0
574549, 64000, 1, 0, 0
574649, 62720, 1, 0, 0
574749, 66560, 1, 0, 0
574849, 64000, 1, 0, 0
574949, 64640, 1, 0, 0
575049, 62080, 1, 0, 0
575149, 63360, 1, 0, 0
575250, 65280, 1, 0, 0
575350, 64640, 1, 0, 0
575450, 62720, 1, 0, 0
575550, 65920, 1, 0, 0
575650, 62720, 1, 0, 0
575749, 62060, 1, 0, 0
575849, 65920, 1, 0, 0
575949, 62080, 1, 0, 0
576049, 64000, 1, 0, 0
576149, 64000, 1, 0, 0
576249, 63360, 1, 0, 0
576349, 62720, 1, 0, 0
576450, 61440, 1, 0, 0
576550, 63360, 1, 0, 0
576650, 61440, 1, 0, 0
576749, 62707, 1, 0, 0
576849, 64000, 1, 0, 0
576949, 59520, 1, 0, 0
577049, 65920, 1, 0, 0
577149, 63360, 1, 0, 0
577249, 62720, 1, 0, 0
577349, 62720, 1, 0, 0
577449, 64000, 1, 0, 0
577549, 59520, 1, 0, 0
577650, 67200, 1, 0, 0
577749, 62707, 1, 0, 0
577849, 65920, 1, 0, 0
577949, 64640, 1, 0, 0
578049, 66560, 1, 0, 0
578149, 67840, 1, 0, 0
578249, 64640, 1, 0, 0
578349, 64640, 1, 0, 0
578449, 64640, 1, 0, 0
578549, 65280, 1, 0, 0
578649, 66560, 1, 0, 0
578749, 64640, 1, 0, 0
578850, 60800, 1, 0, 0
578950, 63360, 1, 0, 0
579050, 63360, 1, 0, 0
579150, 65920, 1, 0, 0
579249, 65292, 1, 0, 0
579349, 66560, 1, 0, 0
579449, 65920, 1, 0, 0
579549, 62080, 1, 0, 0
579649, 65920, 1, 0, 0
579749, 63360, 1, 0, 0
579849, 65280, 1, 0, 0
579949, 64640, 1, 0, 0
580050, 65280, 1, 0, 0
580150, 64000, 1, 0, 0
580249, 65292, 1, 0, 0
580349, 63360, 1, 0, 0
580449, 64000, 1, 0, 0
580549, 66560, 1, 0, 0
580649, 64640, 1, 0, 0
580749, 65920, 1, 0, 0
580849, 65280, 1, 0, 0
580949, 65920, 1, 0, 0
581049, 63360, 1, 0, 0
581149, 64640, 1, 0, 0
581250, 66560, 1, 0, 0
581350, 67200, 1, 0, 0
581450, 61440, 1, 0, 0
581550, 62080, 1, 0, 0
581650, 64000, 1, 0, 0
581749, 65939, 1, 0, 0
581849, 64000, 1, 0, 0
581949, 63360, 1, 0, 0
582049, 65280, 1, 0, 0
582149, 62080, 1, 0, 0
582249, 65280, 1, 0, 0
582349, 62080, 1, 0, 0
582449, 65920, 1, 0, 0
582550, 64640, 1, 0, 0
582650, 62720, 1, 0, 0
582749, 64646, 1, 0, 0
582849, 62720, 1, 0, 0
582949, 66560, 1, 0, 0
583049, 63360, 1, 0, 0
583149, 65280, 1, 0, 0
583249, 65920, 1, 0, 0
583349, 65920, 1, 0, 0
583449, 63360, 1, 0, 0
583549, 64640, 1, 0, 0
583649, 67200, 1, 0, 0
583750, 62720, 1, 0, 0
583850, 65920, 1, 0, 0
583950, 64000, 1, 0, 0
584050, 64640, 1, 0, 0
584150, 64000, 1, 0, 0
584249, 65292, 1, 0, 0
584349, 62720, 1, 0, 0
584449, 65280, 1, 0, 0
584549, 62080, 1, 0, 0
584649, 62080, 1, 0, 0
584749, 65280, 1, 0, 0
584849, 65280, 1, 0, 0
584949, 65280, 1, 0, 0
585050, 62720, 1, 0, 0
585150, 64000, 1, 0, 0
585249, 62707, 1, 0, 0
585349, 62720, 1, 0, 0
585449, 64640, 1, 0, 0
585549, 62720, 1, 0, 0
585649, 65280, 1, 0, 0
585749, 65280, 1, 0, 0
585849, 64640, 1, 0, 0
585949, 64000, 1, 0, 0
586049, 65920, 1, 0, 0
586149, 64640, 1, 0, 0
586250, 65280, 1, 0, 0
586350, 64000, 1, 0, 0
586450, 63360, 1, 0, 0
586550, 65920, 1, 0, 0
586650, 64000, 1, 0, 0
586749, 62707, 1, 0, 0
586849, 64000, 1, 0, 0
586949, 62080, 1, 0, 0
587049, 64000, 1, 0, 0
587149, 62080, 1, 0, 0
587249, 64000, 1, 0, 0
587349, 60160, 1, 0, 0
587449, 60160, 1, 0, 0
587550, 66560, 1, 0, 0
587650, 65280, 1, 0, 0
587749, 62060, 1, 0, 0
587849, 61440, 1, 0, 0
587949, 60160, 1, 0, 0
588049, 62080, 1, 0, 0
588149, 62720, 1, 0, 0
588249, 64640, 1, 0, 0
588349, 64640, 1, 0, 0
588449, 60160, 1, 0, 0
588549, 61440, 1, 0, 0
588649, 62080, 1, 0, 0
588750, 64000, 1, 0, 0
588850, 62720, 1, 0, 0
588950, 60800, 1, 0, 0
589050, 62720, 1, 0, 0
589150, 62080, 1, 0, 0
589249, 63353, 1, 0, 0
589349, 63360, 1, 0, 0
589449, 62720, 1, 0, 0
589549, 62080, 1, 0, 0
589649, 63360, 1, 0, 0
589749, 60160, 1, 0, 0
589849, 64000, 1, 0, 0
589949, 62080, 1, 0, 0
590050, 62720, 1, 0, 0
590150, 62720, 1, 0, 0
590249, 64000, 1, 0, 0
590349, 61440, 1, 0, 0
590449, 61440, 1, 0, 0
590549, 64640, 1, 0, 0
590649, 64000, 1, 0, 0
590749, 59520, 1, 0, 0
590849, 63360, 1, 0, 0
590949, 61440, 1, 0, 0
591049, 62720, 1, 0, 0
591149, 62720, 1, 0, 0
591250, 62720, 1, 0, 0
591350, 60160, 1, 0, 0
591450, 63360, 1, 0, 0
591550, 67840, 1, 0, 0
591650, 65280, 1, 0, 0
591749, 64646, 1, 0, 0
591849, 65280, 1, 0, 0
591949, 63360, 1, 0, 0
592049, 62080, 1, 0, 0
592149, 61440, 1, 0, 0
592249, 64640, 1, 0, 0
592349, 62080, 1, 0, 0
592449, 62720, 1, 0, 0
592550, 62720, 1, 0, 0
592650, 62080, 1, 0, 0
592749, 65939, 1, 0, 0
592849, 64000, 1, 0, 0
592949, 61440, 1, 0, 0
593049, 60160, 1, 0, 0
593149, 62720, 1, 0, 0
593249, 64000, 1, 0, 0
593349, 60160, 1, 0, 0
593449, 64640, 1, 0, 0
593549, 64640, 1, 0, 0
593649, 64000, 1, 0, 0
593750, 65920, 1, 0, 0
593850, 64640, 1, 0, 0
593950, 63360, 1, 0, 0
594050, 64000, 1, 0, 0
594150, 64000, 1, 0, 0
594249, 61414, 1, 0, 0
594349, 62720, 1, 0, 0
594449, 62080, 1, 0, 0
594549, 63360, 1, 0, 0
594649, 60160, 1, 0, 0
594749, 62720, 1, 0, 0
594849, 62080, 1, 0, 0
594949, 62080, 1, 0, 0
595050, 61440, 1, 0, 0
595150, 63360, 1, 0, 0
595249, 61414, 1, 0, 0
595349, 60800, 1, 0, 0
595449, 65920, 1, 0, 0
595549, 62720, 1, 0, 0
595649, 62080, 1, 0, 0
595749, 58880, 1, 0, 0
595849, 61440, 1, 0, 0
595949, 61440, 1, 0, 0
596049, 62720, 1, 0, 0
596150, 62080, 1, 0, 0
596249, 62060, 1, 0, 0
596349, 61440, 1, 0, 0
596449, 62080, 1, 0, 0
596549, 62720, 1, 0, 0
596649, 62080, 1, 0, 0
596749, 64640, 1, 0, 0
596849, 62080, 1, 0, 0
596949, 65280, 1, 0, 0
597049, 64000, 1, 0, 0
597149, 64640, 1, 0, 0
597249, 64640, 1, 0, 0
597350, 62720, 1, 0, 0
597450, 65280, 1, 0, 0
597550, 63360, 1, 0, 0
597650, 64000, 1, 0, 0
597749, 63353, 1, 0, 0
597849, 65280, 1, 0, 0
597949, 65280, 1, 0, 0
598049, 67200, 1, 0, 0
598149, 62720, 1, 0, 0
598249, 65280, 1, 0, 0
598349, 62080, 1, 0, 0
598449, 62720, 1, 0, 0
598550, 64000, 1, 0, 0
598650, 62720, 1, 0, 0
598749, 61414, 1, 0, 0
598849, 62080, 1, 0, 0
598949, 63360, 1, 0, 0
599049, 60160, 1, 0, 0
599149, 62720, 1, 0, 0
599249, 63360, 1, 0, 0
599349, 64000, 1, 0, 0
599449, 65280, 1, 0, 0
599549, 67200, 1, 0, 0
599649, 66560, 1, 0, 0
599750, 63360, 1, 0, 0
599850, 62720, 1, 0, 0
599950, 62720, 1, 0, 0
