101, 1297974, 1, 0, 0
200, 1378971, 1, 0, 0
300, 1337838, 1, 0, 0
401, 1283287, 1, 0, 0
500, 1342569, 1, 0, 0
600, 1337381, 1, 0, 0
700, 1396244, 1, 0, 0
800, 1355764, 1, 0, 0
900, 1352154, 1, 0, 0
1000, 1304613, 1, 0, 0
1102, 1345724, 1, 0, 0
1200, 1313122, 1, 0, 0
1300, 1307863, 1, 0, 0
1401, 1310598, 1, 0, 0
1501, 1279874, 1, 0, 0
1600, 1357369, 1, 0, 0
1700, 1327963, 1, 0, 0
1800, 1281929, 1, 0, 0
1900, 1349107, 1, 0, 0
2000, 1285376, 1, 0, 0
2100, 1294283, 1, 0, 0
2200, 1252582, 1, 0, 0
2300, 1253758, 1, 0, 0
2400, 1316880, 1, 0, 0
2500, 1246627, 1, 0, 0
2601, 1278954, 1, 0, 0
2701, 1297188, 1, 0, 0
2800, 1350124, 1, 0, 0
2900, 1334100, 1, 0, 0
3001, 1337347, 1, 0, 0
3100, 1264644, 1, 0, 0
3201, 1213267, 1, 0, 0
3301, 1318207, 1, 0, 0
3400, 1328841, 1, 0, 0
3500, 1223499, 1, 0, 0
3601, 1344892, 1, 0, 0
3701, 1311113, 1, 0, 0
3801, 1333232, 1, 0, 0
3900, 1261548, 1, 0, 0
4000, 1234290, 1, 0, 0
4100, 1242075, 1, 0, 0
4200, 1314390, 1, 0, 0
4300, 1302173, 1, 0, 0
4400, 1347851, 1, 0, 0
4500, 1330007, 1, 0, 0
4600, 1344581, 1, 0, 0
4700, 1351990, 1, 0, 0
4800, 1287779, 1, 0, 0
4900, 1297327, 1, 0, 0
5000, 1365247, 1, 0, 0
5100, 1320756, 1, 0, 0
5200, 1315256, 1, 0, 0
5300, 1272997, 1, 0, 0
5401, 1269773, 1, 0, 0
5500, 1204474, 1, 0, 0
5601, 1274638, 1, 0, 0
5700, 1300266, 1, 0, 0
5800, 1322489, 1, 0, 0
5900, 1271996, 1, 0, 0
6001, 1276441, 1, 0, 0
6100, 1402957, 1, 0, 0
6200, 1390485, 1, 0, 0
6300, 1291119, 1, 0, 0
6401, 1260303, 1, 0, 0
6500, 1295283, 1, 0, 0
6600, 1262221, 1, 0, 0
6701, 1357773, 1, 0, 0
6800, 1285855, 1, 0, 0
6900, 1295838, 1, 0, 0
7001, 1318886, 1, 0, 0
7101, 1242362, 1, 0, 0
7200, 1334494, 1, 0, 0
7300, 1344302, 1, 0, 0
7401, 1301171, 1, 0, 0
7500, 1318905, 1, 0, 0
7600, 1288743, 1, 0, 0
7700, 1273359, 1, 0, 0
7800, 1306353, 1, 0, 0
7900, 1236076, 1, 0, 0
8000, 1242019, 1, 0, 0
8100, 1298242, 1, 0, 0
8201, 1238482, 1, 0, 0
8300, 1279220, 1, 0, 0
8400, 1290668, 1, 0, 0
8501, 1261354, 1, 0, 0
8600, 1321564, 1, 0, 0
8700, 1233389, 1, 0, 0
8802, 1324442, 1, 0, 0
8900, 1236928, 1, 0, 0
9000, 1317260, 1, 0, 0
9101, 1262075, 1, 0, 0
9200, 1256627, 1, 0, 0
9300, 1287862, 1, 0, 0
9400, 1279500, 1, 0, 0
9501, 1262709, 1, 0, 0
9600, 1358189, 1, 0, 0
9700, 1219748, 1, 0, 0
9800, 1352819, 1, 0, 0
9900, 1232744, 1, 0, 0
10000, 1279503, 1, 0, 0
10100, 1244373, 1, 0, 0
10201, 1258767, 1, 0, 0
10302, 1265350, 1, 0, 0
10400, 1357098, 1, 0, 0
10500, 1255665, 1, 0, 0
10600, 1279980, 1, 0, 0
10700, 1315517, 1, 0, 0
10800, 1292422, 1, 0, 0
10900, 1278942, 1, 0, 0
11000, 1274045, 1, 0, 0
11100, 1235960, 1, 0, 0
11200, 1270178, 1, 0, 0
11301, 1322073, 1, 0, 0
11400, 1275503, 1, 0, 0
11500, 1287321, 1, 0, 0
11600, 1247911, 1, 0, 0
11701, 1316002, 1, 0, 0
11801, 1282703, 1, 0, 0
11900, 1235465, 1, 0, 0
12001, 1268647, 1, 0, 0
12100, 1284906, 1, 0, 0
12200, 1245163, 1, 0, 0
12301, 1272676, 1, 0, 0
12400, 1260311, 1, 0, 0
12500, 1223558, 1, 0, 0
12601, 1302584, 1, 0, 0
12700, 1242125, 1, 0, 0
12800, 1281198, 1, 0, 0
12900, 1255796, 1, 0, 0
13002, 1242920, 1, 0, 0
13100, 1265414, 1, 0, 0
13200, 1241610, 1, 0, 0
13300, 1253805, 1, 0, 0
13400, 1284109, 1, 0, 0
13500, 1188457, 1, 0, 0
13600, 1268174, 1, 0, 0
13700, 1299035, 1, 0, 0
13800, 1293106, 1, 0, 0
13901, 1243626, 1, 0, 0
14000, 1346401, 1, 0, 0
14100, 1262648, 1, 0, 0
14201, 1262522, 1, 0, 0
14300, 1317986, 1, 0, 0
14400, 1291430, 1, 0, 0
14500, 1334841, 1, 0, 0
14600, 1338833, 1, 0, 0
14700, 1360329, 1, 0, 0
14800, 1249553, 1, 0, 0
14900, 1243566, 1, 0, 0
15000, 1288680, 1, 0, 0
15100, 1237882, 1, 0, 0
15200, 1278222, 1, 0, 0
15300, 1279074, 1, 0, 0
15400, 1284816, 1, 0, 0
15500, 1316783, 1, 0, 0
15600, 1287493, 1, 0, 0
15701, 1267998, 1, 0, 0
15801, 1273099, 1, 0, 0
15900, 1182082, 1, 0, 0
16000, 1224118, 1, 0, 0
16100, 1259611, 1, 0, 0
16200, 1261155, 1, 0, 0
16300, 1225919, 1, 0, 0
16401, 1233408, 1, 0, 0
16500, 1286071, 1, 0, 0
16600, 1252380, 1, 0, 0
16701, 1271685, 1, 0, 0
16802, 1269930, 1, 0, 0
16900, 1254688, 1, 0, 0
17000, 1253408, 1, 0, 0
17101, 1426024, 1, 0, 0
17201, 1293548, 1, 0, 0
17301, 1266477, 1, 0, 0
17400, 1257131, 1, 0, 0
17500, 1261734, 1, 0, 0
17600, 1244060, 1, 0, 0
17700, 1214674, 1, 0, 0
17800, 1260305, 1, 0, 0
17902, 1300766, 1, 0, 0
18000, 1293250, 1, 0, 0
18100, 1263763, 1, 0, 0
18200, 1233175, 1, 0, 0
18301, 1211475, 1, 0, 0
18401, 1300245, 1, 0, 0
18500, 1233810, 1, 0, 0
18600, 1227840, 1, 0, 0
18700, 1332166, 1, 0, 0
18801, 1283789, 1, 0, 0
18900, 1223680, 1, 0, 0
19000, 1241161, 1, 0, 0
19100, 1220377, 1, 0, 0
19200, 1321752, 1, 0, 0
19301, 1230958, 1, 0, 0
19400, 1302005, 1, 0, 0
19501, 1304212, 1, 0, 0
19600, 1295714, 1, 0, 0
19701, 1287301, 1, 0, 0
19800, 1264109, 1, 0, 0
19900, 1186011, 1, 0, 0
20001, 1259758, 1, 0, 0
20100, 1316256, 1, 0, 0
20200, 1245354, 1, 0, 0
20300, 1224165, 1, 0, 0
20400, 1205562, 1, 0, 0
20500, 1279560, 1, 0, 0
20600, 1259339, 1, 0, 0
20700, 1232823, 1, 0, 0
20800, 1301238, 1, 0, 0
20900, 1225242, 1, 0, 0
21001, 1259260, 1, 0, 0
21100, 1249083, 1, 0, 0
21200, 1199833, 1, 0, 0
21300, 1236019, 1, 0, 0
21400, 1305696, 1, 0, 0
21500, 1276641, 1, 0, 0
21601, 1264812, 1, 0, 0
21701, 1308533, 1, 0, 0
21800, 1252070, 1, 0, 0
21900, 1301182, 1, 0, 0
22001, 1224718, 1, 0, 0
22100, 1256697, 1, 0, 0
22200, 1207596, 1, 0, 0
22300, 1278143, 1, 0, 0
22401, 1325388, 1, 0, 0
22500, 1273096, 1, 0, 0
22600, 1273794, 1, 0, 0
22700, 1233598, 1, 0, 0
22800, 1276296, 1, 0, 0
22900, 1369634, 1, 0, 0
23000, 1242648, 1, 0, 0
23100, 1266108, 1, 0, 0
23200, 1215797, 1, 0, 0
23301, 1275360, 1, 0, 0
23400, 1297885, 1, 0, 0
23500, 1237844, 1, 0, 0
23600, 1349892, 1, 0, 0
23700, 1302156, 1, 0, 0
23801, 1225118, 1, 0, 0
23900, 1300838, 1, 0, 0
24001, 1198085, 1, 0, 0
24100, 1223879, 1, 0, 0
24200, 1264354, 1, 0, 0
24300, 1261201, 1, 0, 0
24400, 1239990, 1, 0, 0
24501, 1232873, 1, 0, 0
24600, 1230199, 1, 0, 0
24700, 1291539, 1, 0, 0
24800, 1270778, 1, 0, 0
24901, 1361514, 1, 0, 0
25000, 1244658, 1, 0, 0
25100, 1207751, 1, 0, 0
25201, 1283609, 1, 0, 0
25300, 1290756, 1, 0, 0
25400, 1253596, 1, 0, 0
25500, 1213474, 1, 0, 0
25600, 1266376, 1, 0, 0
25701, 1255055, 1, 0, 0
25800, 1181589, 1, 0, 0
25901, 1326178, 1, 0, 0
26000, 1242562, 1, 0, 0
26100, 1255545, 1, 0, 0
26201, 1228871, 1, 0, 0
26300, 1323612, 1, 0, 0
26400, 1285530, 1, 0, 0
26500, 1245090, 1, 0, 0
26601, 1250245, 1, 0, 0
26700, 1279661, 1, 0, 0
26800, 1265761, 1, 0, 0
26901, 1263065, 1, 0, 0
27000, 1199050, 1, 0, 0
27100, 1334774, 1, 0, 0
27200, 1382682, 1, 0, 0
27301, 1323340, 1, 0, 0
27400, 1281803, 1, 0, 0
27500, 1315869, 1, 0, 0
27600, 1276957, 1, 0, 0
27700, 1259097, 1, 0, 0
27800, 1253290, 1, 0, 0
27900, 1237362, 1, 0, 0
28000, 1269542, 1, 0, 0
28100, 1349889, 1, 0, 0
28200, 1300123, 1, 0, 0
28300, 1261362, 1, 0, 0
28400, 1293824, 1, 0, 0
28500, 1247444, 1, 0, 0
28600, 1216399, 1, 0, 0
28702, 1330395, 1, 0, 0
28800, 1256937, 1, 0, 0
28900, 1152443, 1, 0, 0
29000, 1235075, 1, 0, 0
29100, 1149120, 1, 0, 0
29200, 1235536, 1, 0, 0
29300, 1329554, 1, 0, 0
29400, 1302811, 1, 0, 0
29500, 1233719, 1, 0, 0
29600, 1329475, 1, 0, 0
29701, 1227279, 1, 0, 0
29800, 1257336, 1, 0, 0
29901, 1284494, 1, 0, 0
30000, 1258129, 1, 0, 0
30101, 1243153, 1, 0, 0
30200, 1280044, 1, 0, 0
30300, 1263245, 1, 0, 0
30400, 1252082, 1, 0, 0
30500, 1277628, 1, 0, 0
30600, 1201683, 1, 0, 0
30700, 1255902, 1, 0, 0
30801, 1320964, 1, 0, 0
30900, 1321306, 1, 0, 0
31000, 1305191, 1, 0, 0
31100, 1262292, 1, 0, 0
31200, 1225962, 1, 0, 0
31300, 1284033, 1, 0, 0
31400, 1259216, 1, 0, 0
31500, 1208401, 1, 0, 0
31600, 1261698, 1, 0, 0
31700, 1280776, 1, 0, 0
31801, 1280110, 1, 0, 0
31900, 1319380, 1, 0, 0
32001, 1226135, 1, 0, 0
32100, 1311960, 1, 0, 0
32201, 1289932, 1, 0, 0
32300, 1269197, 1, 0, 0
32401, 1223203, 1, 0, 0
32500, 1327282, 1, 0, 0
32600, 1250365, 1, 0, 0
32701, 1363999, 1, 0, 0
32800, 1244939, 1, 0, 0
32900, 1251644, 1, 0, 0
33000, 1275273, 1, 0, 0
33101, 1255448, 1, 0, 0
33200, 1311915, 1, 0, 0
33300, 1220154, 1, 0, 0
33400, 1256019, 1, 0, 0
33502, 1303159, 1, 0, 0
33601, 1336577, 1, 0, 0
33700, 1374035, 1, 0, 0
33800, 1293900, 1, 0, 0
33901, 1289516, 1, 0, 0
34000, 1275856, 1, 0, 0
34100, 1273200, 1, 0, 0
34200, 1184841, 1, 0, 0
34300, 1226766, 1, 0, 0
34400, 1252365, 1, 0, 0
34500, 1329902, 1, 0, 0
34600, 1215157, 1, 0, 0
34700, 1245732, 1, 0, 0
34800, 1281573, 1, 0, 0
34900, 1290023, 1, 0, 0
35000, 1332230, 1, 0, 0
35100, 1305262, 1, 0, 0
35200, 1245971, 1, 0, 0
35300, 1207634, 1, 0, 0
35400, 1261718, 1, 0, 0
35501, 1254479, 1, 0, 0
35601, 1243503, 1, 0, 0
35700, 1218996, 1, 0, 0
35800, 1283178, 1, 0, 0
35900, 1208877, 1, 0, 0
36000, 1175525, 1, 0, 0
36101, 1289262, 1, 0, 0
36200, 1266009, 1, 0, 0
36301, 1199896, 1, 0, 0
36400, 1309604, 1, 0, 0
36500, 1246059, 1, 0, 0
36600, 1254318, 1, 0, 0
36701, 1246031, 1, 0, 0
36802, 1314776, 1, 0, 0
36900, 1219129, 1, 0, 0
37001, 1280528, 1, 0, 0
37100, 1267253, 1, 0, 0
37200, 1241932, 1, 0, 0
37300, 1186540, 1, 0, 0
37400, 1233545, 1, 0, 0
37500, 1226084, 1, 0, 0
37600, 1201910, 1, 0, 0
37700, 1281082, 1, 0, 0
37800, 1226348, 1, 0, 0
37900, 1233833, 1, 0, 0
38000, 1201867, 1, 0, 0
38100, 1232305, 1, 0, 0
38201, 1256316, 1, 0, 0
38301, 1247345, 1, 0, 0
38401, 1249644, 1, 0, 0
38501, 1265115, 1, 0, 0
38601, 1226685, 1, 0, 0
38700, 1330981, 1, 0, 0
38800, 1186588, 1, 0, 0
38900, 1253754, 1, 0, 0
39000, 1199871, 1, 0, 0
39100, 1216523, 1, 0, 0
39200, 1319999, 1, 0, 0
39300, 1210384, 1, 0, 0
39401, 1242948, 1, 0, 0
39500, 1319344, 1, 0, 0
39601, 1303620, 1, 0, 0
39701, 1254027, 1, 0, 0
39800, 1258326, 1, 0, 0
39901, 1207575, 1, 0, 0
40000, 1189818, 1, 0, 0
40100, 1215165, 1, 0, 0
40200, 1248211, 1, 0, 0
40300, 1215476, 1, 0, 0
40401, 1261440, 1, 0, 0
40500, 1253848, 1, 0, 0
40600, 1202435, 1, 0, 0
40701, 1292515, 1, 0, 0
40801, 1193708, 1, 0, 0
40900, 1215624, 1, 0, 0
41000, 1299869, 1, 0, 0
41101, 1217891, 1, 0, 0
41200, 1305881, 1, 0, 0
41300, 1284259, 1, 0, 0
41400, 1195487, 1, 0, 0
41500, 1228718, 1, 0, 0
41601, 1271391, 1, 0, 0
41700, 1234540, 1, 0, 0
41800, 1252692, 1, 0, 0
41900, 1232490, 1, 0, 0
42000, 1225021, 1, 0, 0
42100, 1289718, 1, 0, 0
42200, 1225977, 1, 0, 0
42300, 1279228, 1, 0, 0
42400, 1246002, 1, 0, 0
42501, 1243839, 1, 0, 0
42600, 1215713, 1, 0, 0
42701, 1246160, 1, 0, 0
42800, 1269538, 1, 0, 0
42901, 1208321, 1, 0, 0
43001, 1251539, 1, 0, 0
43101, 1217802, 1, 0, 0
43200, 1268130, 1, 0, 0
43301, 1211142, 1, 0, 0
43401, 1234213, 1, 0, 0
43501, 1218601, 1, 0, 0
43600, 1211659, 1, 0, 0
43700, 1157479, 1, 0, 0
43800, 1180595, 1, 0, 0
43900, 1196923, 1, 0, 0
44001, 1188627, 1, 0, 0
44100, 1241617, 1, 0, 0
44200, 1230122, 1, 0, 0
44300, 1245705, 1, 0, 0
44400, 1182123, 1, 0, 0
44501, 1280446, 1, 0, 0
44600, 1178068, 1, 0, 0
44700, 1244829, 1, 0, 0
44800, 1182741, 1, 0, 0
44900, 1262284, 1, 0, 0
45000, 1283205, 1, 0, 0
45100, 1234607, 1, 0, 0
45200, 1324909, 1, 0, 0
45300, 1261874, 1, 0, 0
45401, 1304205, 1, 0, 0
45500, 1214128, 1, 0, 0
45600, 1184882, 1, 0, 0
45700, 1240688, 1, 0, 0
45800, 1201970, 1, 0, 0
45900, 1195678, 1, 0, 0
46000, 1168582, 1, 0, 0
46100, 1201008, 1, 0, 0
46200, 1242123, 1, 0, 0
46301, 1247661, 1, 0, 0
46400, 1200774, 1, 0, 0
46501, 1235071, 1, 0, 0
46600, 1229380, 1, 0, 0
46700, 1220202, 1, 0, 0
46801, 1239039, 1, 0, 0
46900, 1237271, 1, 0, 0
47000, 1213959, 1, 0, 0
47101, 1200236, 1, 0, 0
47200, 1229716, 1, 0, 0
47300, 1242494, 1, 0, 0
47400, 1270027, 1, 0, 0
47500, 1231582, 1, 0, 0
47600, 1250252, 1, 0, 0
47701, 1270194, 1, 0, 0
47800, 1204520, 1, 0, 0
47900, 1176534, 1, 0, 0
48000, 1232392, 1, 0, 0
48100, 1201303, 1, 0, 0
48200, 1162918, 1, 0, 0
48300, 1229791, 1, 0, 0
48400, 1228966, 1, 0, 0
48501, 1174886, 1, 0, 0
48600, 1213956, 1, 0, 0
48700, 1220616, 1, 0, 0
48801, 1271646, 1, 0, 0
48900, 1161525, 1, 0, 0
49000, 1202271, 1, 0, 0
49100, 1174100, 1, 0, 0
49200, 1202448, 1, 0, 0
49301, 1283711, 1, 0, 0
49400, 1200316, 1, 0, 0
49501, 1295124, 1, 0, 0
49601, 1228247, 1, 0, 0
49701, 1207722, 1, 0, 0
49800, 1197019, 1, 0, 0
49900, 1221322, 1, 0, 0
50000, 1190165, 1, 0, 0
50100, 1187769, 1, 0, 0
50200, 1223371, 1, 0, 0
50300, 1187095, 1, 0, 0
50401, 1150456, 1, 0, 0
50500, 1208820, 1, 0, 0
50601, 1299586, 1, 0, 0
50700, 1281053, 1, 0, 0
50800, 1160018, 1, 0, 0
50901, 1179881, 1, 0, 0
51000, 1197085, 1, 0, 0
51100, 1176365, 1, 0, 0
51200, 1211805, 1, 0, 0
51301, 1208364, 1, 0, 0
51401, 1115046, 1, 0, 0
51501, 1120108, 1, 0, 0
51600, 1207586, 1, 0, 0
51700, 1191674, 1, 0, 0
51800, 1133035, 1, 0, 0
51900, 1217750, 1, 0, 0
52000, 1156916, 1, 0, 0
52101, 1227200, 1, 0, 0
52201, 1206399, 1, 0, 0
52300, 1184532, 1, 0, 0
52400, 1195879, 1, 0, 0
52500, 1185752, 1, 0, 0
52600, 1253366, 1, 0, 0
52701, 1127013, 1, 0, 0
52800, 1270245, 1, 0, 0
52900, 1239526, 1, 0, 0
53000, 1193617, 1, 0, 0
53100, 1224052, 1, 0, 0
53200, 1113101, 1, 0, 0
53300, 1211343, 1, 0, 0
53400, 1156326, 1, 0, 0
53501, 1203899, 1, 0, 0
53600, 1168711, 1, 0, 0
53701, 1137088, 1, 0, 0
53800, 1170253, 1, 0, 0
53900, 1246525, 1, 0, 0
54001, 1207230, 1, 0, 0
54101, 1154476, 1, 0, 0
54200, 1200810, 1, 0, 0
54301, 1240124, 1, 0, 0
54400, 1171323, 1, 0, 0
54500, 1225505, 1, 0, 0
54601, 1186447, 1, 0, 0
54700, 1143034, 1, 0, 0
54800, 1278604, 1, 0, 0
54901, 1227281, 1, 0, 0
55000, 1174285, 1, 0, 0
55100, 1237623, 1, 0, 0
55201, 1155334, 1, 0, 0
55300, 1145428, 1, 0, 0
55400, 1192491, 1, 0, 0
55501, 1154431, 1, 0, 0
55600, 1138553, 1, 0, 0
55700, 1211309, 1, 0, 0
55801, 1094973, 1, 0, 0
55900, 1127699, 1, 0, 0
56001, 1149803, 1, 0, 0
56101, 1230461, 1, 0, 0
56200, 1124455, 1, 0, 0
56300, 1147809, 1, 0, 0
56400, 1161327, 1, 0, 0
56501, 1142377, 1, 0, 0
56601, 1254094, 1, 0, 0
56700, 1202758, 1, 0, 0
56801, 1146062, 1, 0, 0
56901, 1131917, 1, 0, 0
57000, 1140875, 1, 0, 0
57100, 1108671, 1, 0, 0
57200, 1130015, 1, 0, 0
57300, 1160235, 1, 0, 0
57400, 1181315, 1, 0, 0
57500, 1147420, 1, 0, 0
57602, 1238072, 1, 0, 0
57701, 1192188, 1, 0, 0
57800, 1163791, 1, 0, 0
57900, 1150529, 1, 0, 0
58000, 1232480, 1, 0, 0
58100, 1181002, 1, 0, 0
58200, 1217303, 1, 0, 0
58300, 1136381, 1, 0, 0
58400, 1204283, 1, 0, 0
58501, 1181053, 1, 0, 0
58600, 1200606, 1, 0, 0
58700, 1114790, 1, 0, 0
58800, 1190159, 1, 0, 0
58900, 1207977, 1, 0, 0
59000, 1155661, 1, 0, 0
59100, 1135267, 1, 0, 0
59200, 1198383, 1, 0, 0
59301, 1285475, 1, 0, 0
59400, 1191545, 1, 0, 0
59500, 1139848, 1, 0, 0
59600, 1201913, 1, 0, 0
59700, 1141295, 1, 0, 0
59801, 1156740, 1, 0, 0
59900, 1112681, 1, 0, 0
60000, 1164878, 1, 0, 0
60100, 1141746, 1, 0, 0
60201, 1205157, 1, 0, 0
60300, 1213207, 1, 0, 0
60401, 1191735, 1, 0, 0
60500, 1194845, 1, 0, 0
60600, 1160717, 1, 0, 0
60700, 1119344, 1, 0, 0
60801, 1156375, 1, 0, 0
60900, 1151915, 1, 0, 0
61000, 1165958, 1, 0, 0
61100, 1202761, 1, 0, 0
61200, 1192723, 1, 0, 0
61300, 1159877, 1, 0, 0
61400, 1233626, 1, 0, 0
61500, 1160214, 1, 0, 0
61600, 1164537, 1, 0, 0
61700, 1098527, 1, 0, 0
61800, 1152724, 1, 0, 0
61901, 1230043, 1, 0, 0
62000, 1164175, 1, 0, 0
62100, 1228196, 1, 0, 0
62200, 1193940, 1, 0, 0
62300, 1184013, 1, 0, 0
62400, 1186136, 1, 0, 0
62500, 1149490, 1, 0, 0
62600, 1194102, 1, 0, 0
62701, 1152314, 1, 0, 0
62800, 1159006, 1, 0, 0
62900, 1163566, 1, 0, 0
63000, 1200980, 1, 0, 0
63100, 1215163, 1, 0, 0
63200, 1185532, 1, 0, 0
63300, 1181339, 1, 0, 0
63400, 1192682, 1, 0, 0
63500, 1247525, 1, 0, 0
63600, 1188511, 1, 0, 0
63700, 1213944, 1, 0, 0
63800, 1170779, 1, 0, 0
63900, 1107396, 1, 0, 0
64000, 1215671, 1, 0, 0
64100, 1157581, 1, 0, 0
64201, 1153219, 1, 0, 0
64300, 1214656, 1, 0, 0
64400, 1120869, 1, 0, 0
64500, 1185096, 1, 0, 0
64600, 1203360, 1, 0, 0
64701, 1197610, 1, 0, 0
64800, 1157061, 1, 0, 0
64900, 1170530, 1, 0, 0
65000, 1213398, 1, 0, 0
65100, 1224911, 1, 0, 0
65200, 1163583, 1, 0, 0
65300, 1167132, 1, 0, 0
65400, 1225880, 1, 0, 0
65500, 1155945, 1, 0, 0
65600, 1105472, 1, 0, 0
65700, 1137084, 1, 0, 0
65800, 1137567, 1, 0, 0
65900, 1130818, 1, 0, 0
66000, 1182261, 1, 0, 0
66100, 1172328, 1, 0, 0
66200, 1106856, 1, 0, 0
66300, 1160120, 1, 0, 0
66401, 1159005, 1, 0, 0
66500, 1206242, 1, 0, 0
66601, 1175514, 1, 0, 0
66700, 1120694, 1, 0, 0
66800, 1184217, 1, 0, 0
66900, 1172847, 1, 0, 0
67000, 1179465, 1, 0, 0
67101, 1124222, 1, 0, 0
67200, 1147090, 1, 0, 0
67300, 1176585, 1, 0, 0
67400, 1164848, 1, 0, 0
67500, 1223088, 1, 0, 0
67600, 1175538, 1, 0, 0
67700, 1196640, 1, 0, 0
67800, 1189701, 1, 0, 0
67900, 1207414, 1, 0, 0
68000, 1154861, 1, 0, 0
68101, 1163944, 1, 0, 0
68201, 1160832, 1, 0, 0
68300, 1168239, 1, 0, 0
68400, 1169049, 1, 0, 0
68500, 1152808, 1, 0, 0
68600, 1183209, 1, 0, 0
68700, 1144733, 1, 0, 0
68801, 1170353, 1, 0, 0
68900, 1147142, 1, 0, 0
69000, 1172041, 1, 0, 0
69101, 1206580, 1, 0, 0
69200, 1156765, 1, 0, 0
69302, 1169359, 1, 0, 0
69400, 1168057, 1, 0, 0
69500, 1214733, 1, 0, 0
69600, 1176040, 1, 0, 0
69700, 1147626, 1, 0, 0
69800, 1214169, 1, 0, 0
69900, 1282705, 1, 0, 0
70000, 1111640, 1, 0, 0
70100, 1101605, 1, 0, 0
70200, 1121434, 1, 0, 0
70300, 1159978, 1, 0, 0
70400, 1222892, 1, 0, 0
70500, 1169440, 1, 0, 0
70600, 1138742, 1, 0, 0
70700, 1157322, 1, 0, 0
70801, 1138148, 1, 0, 0
70900, 1195862, 1, 0, 0
71000, 1133049, 1, 0, 0
71100, 1108799, 1, 0, 0
71200, 1149504, 1, 0, 0
71300, 1144578, 1, 0, 0
71400, 1163050, 1, 0, 0
71500, 1167749, 1, 0, 0
71601, 1221770, 1, 0, 0
71700, 1155668, 1, 0, 0
71801, 1249522, 1, 0, 0
71900, 1200712, 1, 0, 0
72000, 1142639, 1, 0, 0
72101, 1206238, 1, 0, 0
72201, 1124914, 1, 0, 0
72301, 1220495, 1, 0, 0
72400, 1176152, 1, 0, 0
72501, 1147468, 1, 0, 0
72600, 1234845, 1, 0, 0
72700, 1147820, 1, 0, 0
72800, 1191961, 1, 0, 0
72900, 1232331, 1, 0, 0
73000, 1162836, 1, 0, 0
73100, 1131689, 1, 0, 0
73200, 1136721, 1, 0, 0
73300, 1175215, 1, 0, 0
73400, 1248615, 1, 0, 0
73500, 1165204, 1, 0, 0
73600, 1097023, 1, 0, 0
73700, 1172072, 1, 0, 0
73800, 1223547, 1, 0, 0
73900, 1146084, 1, 0, 0
74000, 1164212, 1, 0, 0
74100, 1126226, 1, 0, 0
74200, 1131263, 1, 0, 0
74300, 1147125, 1, 0, 0
74400, 1187633, 1, 0, 0
74500, 1175721, 1, 0, 0
74600, 1161021, 1, 0, 0
74700, 1138726, 1, 0, 0
74800, 1131000, 1, 0, 0
74901, 1150781, 1, 0, 0
75000, 1127765, 1, 0, 0
75100, 1163907, 1, 0, 0
75200, 1185997, 1, 0, 0
75300, 1092950, 1, 0, 0
75400, 1261242, 1, 0, 0
75500, 1205973, 1, 0, 0
75600, 1208908, 1, 0, 0
75700, 1153654, 1, 0, 0
75800, 1178639, 1, 0, 0
75900, 1133486, 1, 0, 0
76000, 1156154, 1, 0, 0
76100, 1173793, 1, 0, 0
76201, 1153539, 1, 0, 0
76300, 1141871, 1, 0, 0
76400, 1127474, 1, 0, 0
76500, 1157279, 1, 0, 0
76600, 1132608, 1, 0, 0
76700, 1147351, 1, 0, 0
76801, 1179925, 1, 0, 0
76900, 1138433, 1, 0, 0
77000, 1224067, 1, 0, 0
77101, 1170781, 1, 0, 0
77200, 1122609, 1, 0, 0
77301, 1230148, 1, 0, 0
77400, 1192251, 1, 0, 0
77500, 1167963, 1, 0, 0
77600, 1147893, 1, 0, 0
77700, 1233004, 1, 0, 0
77800, 1198023, 1, 0, 0
77901, 1294321, 1, 0, 0
78000, 1228515, 1, 0, 0
78100, 1183880, 1, 0, 0
78201, 1208952, 1, 0, 0
78301, 1261642, 1, 0, 0
78400, 1215223, 1, 0, 0
78500, 1187742, 1, 0, 0
78600, 1196054, 1, 0, 0
78700, 1209346, 1, 0, 0
78801, 1161167, 1, 0, 0
78900, 1192714, 1, 0, 0
79001, 1178688, 1, 0, 0
79100, 1160609, 1, 0, 0
79201, 1195389, 1, 0, 0
79300, 1167895, 1, 0, 0
79400, 1171514, 1, 0, 0
79500, 1064098, 1, 0, 0
79600, 1152802, 1, 0, 0
79701, 1157413, 1, 0, 0
79801, 1157039, 1, 0, 0
79900, 1137854, 1, 0, 0
80000, 1144579, 1, 0, 0
80100, 1183424, 1, 0, 0
80200, 1173207, 1, 0, 0
80300, 1159689, 1, 0, 0
80400, 1185824, 1, 0, 0
80500, 1121327, 1, 0, 0
80600, 1081774, 1, 0, 0
80700, 1153821, 1, 0, 0
80800, 1181202, 1, 0, 0
80901, 1225874, 1, 0, 0
81000, 1180103, 1, 0, 0
81100, 1221124, 1, 0, 0
81201, 1215989, 1, 0, 0
81300, 1165973, 1, 0, 0
81400, 1163656, 1, 0, 0
81500, 1149369, 1, 0, 0
81600, 1195636, 1, 0, 0
81700, 1155861, 1, 0, 0
81800, 1157681, 1, 0, 0
81900, 1159648, 1, 0, 0
82000, 1200622, 1, 0, 0
82100, 1164904, 1, 0, 0
82200, 1126927, 1, 0, 0
82300, 1275843, 1, 0, 0
82400, 1130958, 1, 0, 0
82500, 1130698, 1, 0, 0
82600, 1162357, 1, 0, 0
82700, 1211317, 1, 0, 0
82800, 1100666, 1, 0, 0
82900, 1173007, 1, 0, 0
83000, 1229140, 1, 0, 0
83101, 1177716, 1, 0, 0
83200, 1203174, 1, 0, 0
83301, 1204358, 1, 0, 0
83400, 1206397, 1, 0, 0
83500, 1147168, 1, 0, 0
83600, 1173539, 1, 0, 0
83700, 1144826, 1, 0, 0
83800, 1134170, 1, 0, 0
83901, 1135338, 1, 0, 0
84001, 1164909, 1, 0, 0
84100, 1101194, 1, 0, 0
84201, 1141243, 1, 0, 0
84300, 1097506, 1, 0, 0
84400, 1167883, 1, 0, 0
84500, 1171251, 1, 0, 0
84601, 1191362, 1, 0, 0
84700, 1206241, 1, 0, 0
84800, 1129242, 1, 0, 0
84900, 1194475, 1, 0, 0
85000, 1148168, 1, 0, 0
85100, 1222239, 1, 0, 0
85200, 1157929, 1, 0, 0
85301, 1152906, 1, 0, 0
85400, 1192560, 1, 0, 0
85500, 1147915, 1, 0, 0
85600, 1152910, 1, 0, 0
85700, 1158164, 1, 0, 0
85800, 1136097, 1, 0, 0
85900, 1106464, 1, 0, 0
86000, 1126823, 1, 0, 0
86100, 1137298, 1, 0, 0
86201, 1131511, 1, 0, 0
86301, 1213587, 1, 0, 0
86400, 1156270, 1, 0, 0
86500, 1164924, 1, 0, 0
86600, 1147391, 1, 0, 0
86700, 1156808, 1, 0, 0
86800, 1174820, 1, 0, 0
86900, 1225705, 1, 0, 0
87000, 1126307, 1, 0, 0
87100, 1116848, 1, 0, 0
87200, 1084295, 1, 0, 0
87300, 1082916, 1, 0, 0
87400, 1216666, 1, 0, 0
87500, 1112050, 1, 0, 0
87601, 1105827, 1, 0, 0
87700, 1100065, 1, 0, 0
87800, 1148383, 1, 0, 0
87900, 1186829, 1, 0, 0
88000, 1208360, 1, 0, 0
88100, 1163946, 1, 0, 0
88200, 1095876, 1, 0, 0
88300, 1142539, 1, 0, 0
88400, 1231006, 1, 0, 0
88500, 1174810, 1, 0, 0
88600, 1073643, 1, 0, 0
88700, 1173795, 1, 0, 0
88800, 1131568, 1, 0, 0
88900, 1170400, 1, 0, 0
89000, 1208525, 1, 0, 0
89101, 1196381, 1, 0, 0
89201, 1150185, 1, 0, 0
89300, 1157329, 1, 0, 0
89400, 1206857, 1, 0, 0
89500, 1199240, 1, 0, 0
89600, 1163836, 1, 0, 0
89700, 1128384, 1, 0, 0
89800, 1198748, 1, 0, 0
89901, 1153910, 1, 0, 0
90000, 1114655, 1, 0, 0
90101, 1085257, 1, 0, 0
90200, 1116672, 1, 0, 0
90300, 1125211, 1, 0, 0
90400, 1092039, 1, 0, 0
90500, 1151389, 1, 0, 0
90600, 1127979, 1, 0, 0
90700, 1179647, 1, 0, 0
90800, 1076659, 1, 0, 0
90900, 1172259, 1, 0, 0
91000, 1155807, 1, 0, 0
91100, 1187131, 1, 0, 0
91200, 1158299, 1, 0, 0
91300, 1119962, 1, 0, 0
91400, 1188044, 1, 0, 0
91500, 1085304, 1, 0, 0
91601, 1127071, 1, 0, 0
91700, 1169166, 1, 0, 0
91800, 1196461, 1, 0, 0
91900, 1156314, 1, 0, 0
92000, 1108649, 1, 0, 0
92100, 1163344, 1, 0, 0
92200, 1111853, 1, 0, 0
92301, 1172534, 1, 0, 0
92400, 1206230, 1, 0, 0
92500, 1186759, 1, 0, 0
92600, 1159477, 1, 0, 0
92700, 1127723, 1, 0, 0
92800, 1167492, 1, 0, 0
92900, 1219340, 1, 0, 0
93000, 1072314, 1, 0, 0
93100, 1130165, 1, 0, 0
93200, 1183624, 1, 0, 0
93300, 1075292, 1, 0, 0
93400, 1178414, 1, 0, 0
93500, 1120660, 1, 0, 0
93600, 1175462, 1, 0, 0
93700, 1103947, 1, 0, 0
93800, 1157439, 1, 0, 0
93901, 1126797, 1, 0, 0
94000, 1138996, 1, 0, 0
94100, 1136049, 1, 0, 0
94200, 1132906, 1, 0, 0
94300, 1162311, 1, 0, 0
94400, 1164032, 1, 0, 0
94500, 1106330, 1, 0, 0
94600, 1124389, 1, 0, 0
94700, 1184769, 1, 0, 0
94800, 1085941, 1, 0, 0
94900, 1195884, 1, 0, 0
95001, 1148571, 1, 0, 0
95101, 1172661, 1, 0, 0
95200, 1154327, 1, 0, 0
95300, 1063583, 1, 0, 0
95400, 1168156, 1, 0, 0
95500, 1137810, 1, 0, 0
95600, 1204725, 1, 0, 0
95701, 1188127, 1, 0, 0
95800, 1131833, 1, 0, 0
95900, 1099993, 1, 0, 0
96000, 1239048, 1, 0, 0
96100, 1094758, 1, 0, 0
96200, 1152099, 1, 0, 0
96300, 1148742, 1, 0, 0
96400, 1160532, 1, 0, 0
96501, 1127321, 1, 0, 0
96601, 1096237, 1, 0, 0
96702, 1081226, 1, 0, 0
96800, 1159778, 1, 0, 0
96900, 1090719, 1, 0, 0
97000, 1221767, 1, 0, 0
97100, 1140763, 1, 0, 0
97200, 1136999, 1, 0, 0
97300, 1146131, 1, 0, 0
97400, 1130178, 1, 0, 0
97500, 1122741, 1, 0, 0
97601, 1164521, 1, 0, 0
97700, 1207184, 1, 0, 0
97800, 1129924, 1, 0, 0
97901, 1107871, 1, 0, 0
98000, 1126008, 1, 0, 0
98100, 1159284, 1, 0, 0
98201, 1187461, 1, 0, 0
98300, 1185144, 1, 0, 0
98400, 1219467, 1, 0, 0
98500, 1098039, 1, 0, 0
98600, 1165646, 1, 0, 0
98700, 1150581, 1, 0, 0
98801, 1095650, 1, 0, 0
98900, 1110521, 1, 0, 0
99001, 1068129, 1, 0, 0
99100, 1147023, 1, 0, 0
99200, 1145220, 1, 0, 0
99300, 1123111, 1, 0, 0
99400, 1206669, 1, 0, 0
99501, 1129553, 1, 0, 0
99600, 1151698, 1, 0, 0
99700, 1080706, 1, 0, 0
99800, 1132508, 1, 0, 0
99900, 1185073, 1, 0, 0
100000, 1179853, 1, 0, 0
100100, 1175169, 1, 0, 0
100200, 1073029, 1, 0, 0
100300, 1214101, 1, 0, 0
100401, 1206917, 1, 0, 0
100500, 1163656, 1, 0, 0
100600, 1203935, 1, 0, 0
100700, 1140244, 1, 0, 0
100800, 1158322, 1, 0, 0
100900, 1181459, 1, 0, 0
101000, 1147169, 1, 0, 0
101100, 1136373, 1, 0, 0
101200, 1163400, 1, 0, 0
101301, 1128556, 1, 0, 0
101400, 1176550, 1, 0, 0
101500, 1185859, 1, 0, 0
101600, 1131769, 1, 0, 0
101700, 1155614, 1, 0, 0
101800, 1146585, 1, 0, 0
101902, 1156453, 1, 0, 0
102000, 1112537, 1, 0, 0
102101, 1139319, 1, 0, 0
102200, 1171741, 1, 0, 0
102300, 1218673, 1, 0, 0
102400, 1181323, 1, 0, 0
102500, 1136782, 1, 0, 0
102600, 1155619, 1, 0, 0
102700, 1144623, 1, 0, 0
102800, 1110863, 1, 0, 0
102901, 1113300, 1, 0, 0
103000, 1138485, 1, 0, 0
103100, 1168371, 1, 0, 0
103200, 1119271, 1, 0, 0
103300, 1144456, 1, 0, 0
103400, 1082400, 1, 0, 0
103500, 1120513, 1, 0, 0
103600, 1128156, 1, 0, 0
103700, 1114783, 1, 0, 0
103800, 1182145, 1, 0, 0
103900, 1202457, 1, 0, 0
104001, 1098928, 1, 0, 0
104100, 1149190, 1, 0, 0
104201, 1125830, 1, 0, 0
104300, 1162503, 1, 0, 0
104400, 1139150, 1, 0, 0
104501, 1154822, 1, 0, 0
104601, 1157043, 1, 0, 0
104700, 1148220, 1, 0, 0
104801, 1180090, 1, 0, 0
104900, 1142517, 1, 0, 0
105001, 1111035, 1, 0, 0
105102, 1083984, 1, 0, 0
105200, 1112533, 1, 0, 0
105300, 1118179, 1, 0, 0
105401, 1117602, 1, 0, 0
105500, 1181095, 1, 0, 0
105601, 1166150, 1, 0, 0
105701, 1090637, 1, 0, 0
105800, 1097442, 1, 0, 0
105901, 1125757, 1, 0, 0
106001, 1127838, 1, 0, 0
106100, 1155691, 1, 0, 0
106200, 1186644, 1, 0, 0
106300, 1189428, 1, 0, 0
106400, 1112112, 1, 0, 0
106500, 1110592, 1, 0, 0
106600, 1093603, 1, 0, 0
106700, 1188596, 1, 0, 0
106800, 1155126, 1, 0, 0
106900, 1125112, 1, 0, 0
107000, 1048918, 1, 0, 0
107100, 1143143, 1, 0, 0
107200, 1163487, 1, 0, 0
107300, 1113164, 1, 0, 0
107400, 1119940, 1, 0, 0
107500, 1122985, 1, 0, 0
107600, 1118670, 1, 0, 0
107700, 1074995, 1, 0, 0
107800, 1070472, 1, 0, 0
107900, 1096395, 1, 0, 0
108000, 1147732, 1, 0, 0
108100, 1061409, 1, 0, 0
108200, 1117330, 1, 0, 0
108300, 1183388, 1, 0, 0
108400, 1129834, 1, 0, 0
108500, 1123424, 1, 0, 0
108600, 1138047, 1, 0, 0
108701, 1062659, 1, 0, 0
108800, 1116091, 1, 0, 0
108900, 1097846, 1, 0, 0
109001, 1076156, 1, 0, 0
109100, 1089000, 1, 0, 0
109201, 1125712, 1, 0, 0
109300, 1085228, 1, 0, 0
109400, 1142772, 1, 0, 0
109500, 1090298, 1, 0, 0
109600, 1087966, 1, 0, 0
109700, 1108237, 1, 0, 0
109800, 1108848, 1, 0, 0
109900, 1055890, 1, 0, 0
110000, 1047905, 1, 0, 0
110100, 1103257, 1, 0, 0
110201, 1098025, 1, 0, 0
110300, 1064586, 1, 0, 0
110400, 1140232, 1, 0, 0
110500, 1131862, 1, 0, 0
110600, 1081064, 1, 0, 0
110700, 1147311, 1, 0, 0
110800, 1107563, 1, 0, 0
110900, 1175129, 1, 0, 0
111000, 1086961, 1, 0, 0
111100, 1052287, 1, 0, 0
111200, 1080538, 1, 0, 0
111301, 1158217, 1, 0, 0
111400, 1121554, 1, 0, 0
111500, 1082934, 1, 0, 0
111600, 1099116, 1, 0, 0
111700, 1078036, 1, 0, 0
111800, 1059747, 1, 0, 0
111900, 1092211, 1, 0, 0
112000, 1073288, 1, 0, 0
112100, 1108023, 1, 0, 0
112200, 1079323, 1, 0, 0
112300, 1063809, 1, 0, 0
112401, 1063069, 1, 0, 0
112500, 1085946, 1, 0, 0
112600, 1141205, 1, 0, 0
112700, 1036357, 1, 0, 0
112800, 1024729, 1, 0, 0
112900, 1036713, 1, 0, 0
113000, 1162215, 1, 0, 0
113100, 1077567, 1, 0, 0
113200, 1104976, 1, 0, 0
113300, 1099984, 1, 0, 0
113400, 1119975, 1, 0, 0
113500, 1111603, 1, 0, 0
113600, 1122726, 1, 0, 0
113700, 1055979, 1, 0, 0
113801, 1094021, 1, 0, 0
113901, 1100396, 1, 0, 0
114000, 1117334, 1, 0, 0
114100, 1055925, 1, 0, 0
114200, 1116011, 1, 0, 0
114300, 1055886, 1, 0, 0
114400, 1126532, 1, 0, 0
114500, 1111138, 1, 0, 0
114600, 1058594, 1, 0, 0
114702, 1017634, 1, 0, 0
114800, 1080094, 1, 0, 0
114900, 1095612, 1, 0, 0
115000, 1113523, 1, 0, 0
115100, 1052468, 1, 0, 0
115200, 1085913, 1, 0, 0
115300, 1073300, 1, 0, 0
115400, 1097858, 1, 0, 0
115500, 1072188, 1, 0, 0
115600, 1021727, 1, 0, 0
115700, 1056245, 1, 0, 0
115800, 1150995, 1, 0, 0
115900, 1106761, 1, 0, 0
116000, 1045448, 1, 0, 0
116100, 1037750, 1, 0, 0
116200, 1094360, 1, 0, 0
116300, 1087867, 1, 0, 0
116400, 1083043, 1, 0, 0
116500, 1090613, 1, 0, 0
116601, 1060267, 1, 0, 0
116700, 1084584, 1, 0, 0
116800, 1069288, 1, 0, 0
116900, 1077945, 1, 0, 0
117000, 1081065, 1, 0, 0
117100, 1074634, 1, 0, 0
117200, 1041970, 1, 0, 0
117300, 1098509, 1, 0, 0
117400, 1150973, 1, 0, 0
117500, 1073189, 1, 0, 0
117601, 1115889, 1, 0, 0
117700, 1077782, 1, 0, 0
117800, 1073131, 1, 0, 0
117900, 1102017, 1, 0, 0
118000, 1049434, 1, 0, 0
118100, 1035944, 1, 0, 0
118200, 1118734, 1, 0, 0
118300, 1071926, 1, 0, 0
118400, 1059155, 1, 0, 0
118500, 1095095, 1, 0, 0
118600, 1040577, 1, 0, 0
118700, 1096824, 1, 0, 0
118800, 1086378, 1, 0, 0
118900, 1173256, 1, 0, 0
119000, 1101666, 1, 0, 0
119101, 1102072, 1, 0, 0
119200, 1137464, 1, 0, 0
119300, 1079845, 1, 0, 0
119401, 1079331, 1, 0, 0
119500, 1074606, 1, 0, 0
119601, 1097567, 1, 0, 0
119700, 1074078, 1, 0, 0
119800, 1068670, 1, 0, 0
119900, 1041351, 1, 0, 0
120000, 1098850, 1, 0, 0
120100, 1066348, 1, 0, 0
120201, 1027835, 1, 0, 0
120300, 1075674, 1, 0, 0
120400, 1069435, 1, 0, 0
120500, 1033874, 1, 0, 0
120600, 1052641, 1, 0, 0
120700, 1065145, 1, 0, 0
120801, 1145862, 1, 0, 0
120900, 1067375, 1, 0, 0
121000, 1046591, 1, 0, 0
121100, 1062920, 1, 0, 0
121200, 1031839, 1, 0, 0
121300, 1090266, 1, 0, 0
121400, 1043385, 1, 0, 0
121500, 1046464, 1, 0, 0
121600, 1039665, 1, 0, 0
121700, 1079776, 1, 0, 0
121800, 1028272, 1, 0, 0
121900, 1031136, 1, 0, 0
122001, 1052745, 1, 0, 0
122100, 1047696, 1, 0, 0
122200, 1055101, 1, 0, 0
122300, 1068900, 1, 0, 0
122400, 1083982, 1, 0, 0
122500, 1028962, 1, 0, 0
122600, 1031546, 1, 0, 0
122700, 1054182, 1, 0, 0
122800, 1056150, 1, 0, 0
122900, 1038031, 1, 0, 0
123000, 1041266, 1, 0, 0
123100, 1107914, 1, 0, 0
123200, 1100993, 1, 0, 0
123300, 1081033, 1, 0, 0
123400, 1029049, 1, 0, 0
123500, 1136962, 1, 0, 0
123601, 1046498, 1, 0, 0
123700, 1072253, 1, 0, 0
123801, 1079911, 1, 0, 0
123900, 1005149, 1, 0, 0
124000, 1084197, 1, 0, 0
124100, 1019090, 1, 0, 0
124200, 1080950, 1, 0, 0
124300, 1047910, 1, 0, 0
124400, 1067195, 1, 0, 0
124500, 1065616, 1, 0, 0
124600, 1071256, 1, 0, 0
124700, 1051323, 1, 0, 0
124800, 1115187, 1, 0, 0
124900, 1089318, 1, 0, 0
125000, 1083156, 1, 0, 0
125100, 1081249, 1, 0, 0
125200, 1078712, 1, 0, 0
125300, 1066242, 1, 0, 0
125400, 1042712, 1, 0, 0
125500, 1056650, 1, 0, 0
125600, 1077205, 1, 0, 0
125700, 1037689, 1, 0, 0
125800, 1133063, 1, 0, 0
125901, 1083223, 1, 0, 0
126000, 1160882, 1, 0, 0
126100, 1076189, 1, 0, 0
126200, 1086663, 1, 0, 0
126300, 1062182, 1, 0, 0
126400, 1080282, 1, 0, 0
126500, 1046057, 1, 0, 0
126600, 1087034, 1, 0, 0
126700, 1096704, 1, 0, 0
126800, 1037045, 1, 0, 0
126900, 1081950, 1, 0, 0
127001, 1081594, 1, 0, 0
127100, 1059912, 1, 0, 0
127200, 1125756, 1, 0, 0
127300, 1088949, 1, 0, 0
127400, 1126776, 1, 0, 0
127500, 1053602, 1, 0, 0
127600, 1069684, 1, 0, 0
127700, 1046955, 1, 0, 0
127800, 1097089, 1, 0, 0
127900, 1074519, 1, 0, 0
128000, 1099756, 1, 0, 0
128100, 1025765, 1, 0, 0
128201, 1079011, 1, 0, 0
128300, 1083368, 1, 0, 0
128400, 1042048, 1, 0, 0
128500, 1076705, 1, 0, 0
128600, 1058194, 1, 0, 0
128700, 1051633, 1, 0, 0
128800, 1094745, 1, 0, 0
128901, 1054541, 1, 0, 0
129000, 1059940, 1, 0, 0
129100, 1043345, 1, 0, 0
129200, 1142731, 1, 0, 0
129300, 1065358, 1, 0, 0
129400, 1095399, 1, 0, 0
129500, 1056306, 1, 0, 0
129600, 1036564, 1, 0, 0
129700, 1047994, 1, 0, 0
129800, 1059658, 1, 0, 0
129900, 1067369, 1, 0, 0
130000, 1054768, 1, 0, 0
130100, 1120470, 1, 0, 0
130200, 1058436, 1, 0, 0
130300, 1017931, 1, 0, 0
130400, 1090582, 1, 0, 0
130500, 1049875, 1, 0, 0
130601, 1098720, 1, 0, 0
130700, 1123025, 1, 0, 0
130800, 1090050, 1, 0, 0
130900, 1087568, 1, 0, 0
131000, 1079030, 1, 0, 0
131100, 1056786, 1, 0, 0
131200, 1056161, 1, 0, 0
131302, 1091815, 1, 0, 0
131400, 1070249, 1, 0, 0
131500, 1156916, 1, 0, 0
131600, 1127161, 1, 0, 0
131700, 1096986, 1, 0, 0
131800, 1155193, 1, 0, 0
131901, 1147261, 1, 0, 0
132000, 1107778, 1, 0, 0
132100, 1098077, 1, 0, 0
132200, 1084938, 1, 0, 0
132300, 1055282, 1, 0, 0
132400, 1135946, 1, 0, 0
132500, 1053594, 1, 0, 0
132600, 1027261, 1, 0, 0
132700, 1079023, 1, 0, 0
132800, 1102161, 1, 0, 0
132900, 1044534, 1, 0, 0
133000, 1124872, 1, 0, 0
133101, 1133339, 1, 0, 0
133200, 1049139, 1, 0, 0
133300, 1113109, 1, 0, 0
133400, 1014130, 1, 0, 0
133500, 1072172, 1, 0, 0
133600, 1077015, 1, 0, 0
133700, 1042327, 1, 0, 0
133800, 1038180, 1, 0, 0
133900, 1066069, 1, 0, 0
134000, 1087066, 1, 0, 0
134100, 1051089, 1, 0, 0
134200, 1024449, 1, 0, 0
134300, 1085067, 1, 0, 0
134400, 1044300, 1, 0, 0
134500, 1056725, 1, 0, 0
134600, 1040624, 1, 0, 0
134700, 1086469, 1, 0, 0
134800, 1027167, 1, 0, 0
134900, 1094138, 1, 0, 0
135000, 1101572, 1, 0, 0
135100, 1100018, 1, 0, 0
135200, 1083479, 1, 0, 0
135301, 1072806, 1, 0, 0
135400, 1113576, 1, 0, 0
135500, 1062025, 1, 0, 0
135600, 1056716, 1, 0, 0
135700, 1104837, 1, 0, 0
135800, 1123616, 1, 0, 0
135900, 1101927, 1, 0, 0
136000, 1061489, 1, 0, 0
136100, 1117827, 1, 0, 0
136200, 1082044, 1, 0, 0
136301, 1064492, 1, 0, 0
136400, 1029986, 1, 0, 0
136500, 1083603, 1, 0, 0
136600, 1112514, 1, 0, 0
136700, 1052481, 1, 0, 0
136800, 1132553, 1, 0, 0
136900, 1066526, 1, 0, 0
137000, 1046690, 1, 0, 0
137101, 1068558, 1, 0, 0
137200, 1082281, 1, 0, 0
137300, 1017846, 1, 0, 0
137400, 1043020, 1, 0, 0
137500, 1065128, 1, 0, 0
137600, 1026174, 1, 0, 0
137700, 1042105, 1, 0, 0
137800, 1090727, 1, 0, 0
137901, 1021831, 1, 0, 0
138000, 1032751, 1, 0, 0
138100, 1046502, 1, 0, 0
138201, 1030870, 1, 0, 0
138300, 1031979, 1, 0, 0
138400, 1061371, 1, 0, 0
138500, 1069158, 1, 0, 0
138601, 1166252, 1, 0, 0
138700, 1043628, 1, 0, 0
138800, 1081020, 1, 0, 0
138900, 1102772, 1, 0, 0
139000, 1116375, 1, 0, 0
139101, 1092850, 1, 0, 0
139200, 1083252, 1, 0, 0
139300, 1121891, 1, 0, 0
139400, 1075242, 1, 0, 0
139500, 1067196, 1, 0, 0
139600, 1030259, 1, 0, 0
139700, 1013831, 1, 0, 0
139800, 1033592, 1, 0, 0
139900, 1031070, 1, 0, 0
140000, 998993, 1, 0, 0
140100, 1035773, 1, 0, 0
140200, 1069124, 1, 0, 0
140301, 1113494, 1, 0, 0
140400, 1040220, 1, 0, 0
140500, 1068347, 1, 0, 0
140600, 1073819, 1, 0, 0
140700, 1070880, 1, 0, 0
140800, 1116000, 1, 0, 0
140900, 1054375, 1, 0, 0
141000, 1063215, 1, 0, 0
141100, 1052073, 1, 0, 0
141200, 1060854, 1, 0, 0
141300, 1075952, 1, 0, 0
141400, 1098173, 1, 0, 0
141500, 1052770, 1, 0, 0
141600, 1022429, 1, 0, 0
141700, 1018070, 1, 0, 0
141800, 1104486, 1, 0, 0
141900, 1014132, 1, 0, 0
142000, 1019525, 1, 0, 0
142100, 1094955, 1, 0, 0
142200, 1030819, 1, 0, 0
142300, 1028649, 1, 0, 0
142400, 1034990, 1, 0, 0
142500, 1042654, 1, 0, 0
142601, 1021895, 1, 0, 0
142700, 1074474, 1, 0, 0
142800, 983936, 1, 0, 0
142900, 1064348, 1, 0, 0
143001, 1023306, 1, 0, 0
143100, 1021936, 1, 0, 0
143200, 1052863, 1, 0, 0
143300, 1070193, 1, 0, 0
143400, 1129384, 1, 0, 0
143501, 1084800, 1, 0, 0
143600, 1047919, 1, 0, 0
143701, 1078702, 1, 0, 0
143802, 1086359, 1, 0, 0
143901, 1104528, 1, 0, 0
144000, 1076801, 1, 0, 0
144100, 1035233, 1, 0, 0
144200, 1025623, 1, 0, 0
144301, 1044539, 1, 0, 0
144400, 1027011, 1, 0, 0
144500, 1108644, 1, 0, 0
144600, 1053246, 1, 0, 0
144700, 1043327, 1, 0, 0
144800, 1095280, 1, 0, 0
144900, 1031680, 1, 0, 0
145000, 1041745, 1, 0, 0
145100, 1057406, 1, 0, 0
145200, 1081373, 1, 0, 0
145300, 1029932, 1, 0, 0
145400, 1031708, 1, 0, 0
145500, 994814, 1, 0, 0
145600, 1076853, 1, 0, 0
145700, 1074270, 1, 0, 0
145800, 1069458, 1, 0, 0
145900, 1047444, 1, 0, 0
146000, 1066248, 1, 0, 0
146100, 1007817, 1, 0, 0
146201, 1018873, 1, 0, 0
146302, 1111425, 1, 0, 0
146400, 1101652, 1, 0, 0
146500, 1035603, 1, 0, 0
146600, 1049686, 1, 0, 0
146700, 1044712, 1, 0, 0
146800, 1027319, 1, 0, 0
146900, 1036439, 1, 0, 0
147000, 1105802, 1, 0, 0
147101, 1004361, 1, 0, 0
147200, 1084495, 1, 0, 0
147300, 1091929, 1, 0, 0
147400, 1085794, 1, 0, 0
147500, 1045598, 1, 0, 0
147600, 1052810, 1, 0, 0
147700, 1057974, 1, 0, 0
147801, 1026907, 1, 0, 0
147900, 1030797, 1, 0, 0
148000, 1019350, 1, 0, 0
148100, 1017409, 1, 0, 0
148200, 975237, 1, 0, 0
148300, 1044931, 1, 0, 0
148400, 1072914, 1, 0, 0
148500, 1045997, 1, 0, 0
148600, 1067504, 1, 0, 0
148700, 1015908, 1, 0, 0
148800, 1132667, 1, 0, 0
148900, 1061827, 1, 0, 0
149000, 1055846, 1, 0, 0
149100, 1043497, 1, 0, 0
149200, 1095093, 1, 0, 0
149300, 1060086, 1, 0, 0
149400, 1049909, 1, 0, 0
149501, 1080110, 1, 0, 0
149600, 1063315, 1, 0, 0
149700, 1060141, 1, 0, 0
149800, 1070784, 1, 0, 0
149900, 1056746, 1, 0, 0
150000, 1044512, 1, 0, 0
150100, 1004737, 1, 0, 0
150200, 1077281, 1, 0, 0
150300, 1065286, 1, 0, 0
150400, 1029805, 1, 0, 0
150500, 1066045, 1, 0, 0
150600, 1036689, 1, 0, 0
150700, 1064177, 1, 0, 0
150800, 1032437, 1, 0, 0
150900, 1033343, 1, 0, 0
151000, 1074776, 1, 0, 0
151100, 1042440, 1, 0, 0
151201, 1079713, 1, 0, 0
151300, 1078122, 1, 0, 0
151400, 1027426, 1, 0, 0
151500, 1055562, 1, 0, 0
151600, 1050267, 1, 0, 0
151701, 1023797, 1, 0, 0
151800, 1049137, 1, 0, 0
151900, 1081181, 1, 0, 0
152000, 1085248, 1, 0, 0
152100, 1035354, 1, 0, 0
152200, 1026369, 1, 0, 0
152300, 1066622, 1, 0, 0
152400, 1049916, 1, 0, 0
152500, 1020228, 1, 0, 0
152600, 1037372, 1, 0, 0
152700, 1056574, 1, 0, 0
152800, 1061218, 1, 0, 0
152900, 1059163, 1, 0, 0
153000, 1047135, 1, 0, 0
153100, 1104093, 1, 0, 0
153201, 1065735, 1, 0, 0
153300, 1040377, 1, 0, 0
153400, 1052526, 1, 0, 0
153500, 1017465, 1, 0, 0
153600, 1068708, 1, 0, 0
153700, 1088001, 1, 0, 0
153800, 1018030, 1, 0, 0
153901, 1007803, 1, 0, 0
154000, 1047848, 1, 0, 0
154100, 1070242, 1, 0, 0
154200, 1021875, 1, 0, 0
154300, 1069236, 1, 0, 0
154400, 1029139, 1, 0, 0
154501, 1093131, 1, 0, 0
154600, 1051893, 1, 0, 0
154700, 1071097, 1, 0, 0
154800, 1035005, 1, 0, 0
154900, 1024843, 1, 0, 0
155000, 1040808, 1, 0, 0
155100, 1061321, 1, 0, 0
155200, 1063984, 1, 0, 0
155300, 1035372, 1, 0, 0
155400, 1028905, 1, 0, 0
155500, 1047047, 1, 0, 0
155600, 1064624, 1, 0, 0
155700, 1083578, 1, 0, 0
155800, 1084396, 1, 0, 0
155900, 1011004, 1, 0, 0
156001, 1046262, 1, 0, 0
156100, 1039993, 1, 0, 0
156200, 1057848, 1, 0, 0
156300, 1037047, 1, 0, 0
156400, 1022449, 1, 0, 0
156500, 1015214, 1, 0, 0
156600, 1030587, 1, 0, 0
156700, 1024919, 1, 0, 0
156800, 1035588, 1, 0, 0
156900, 1041847, 1, 0, 0
157000, 984665, 1, 0, 0
157100, 1015773, 1, 0, 0
157200, 1090844, 1, 0, 0
157300, 1006339, 1, 0, 0
157400, 1006213, 1, 0, 0
157500, 1047626, 1, 0, 0
157601, 1036332, 1, 0, 0
157700, 1078261, 1, 0, 0
157800, 1066176, 1, 0, 0
157901, 1056388, 1, 0, 0
158000, 1023529, 1, 0, 0
158100, 1064103, 1, 0, 0
158200, 1037830, 1, 0, 0
158300, 1078613, 1, 0, 0
158400, 980840, 1, 0, 0
158500, 1052232, 1, 0, 0
158600, 1053695, 1, 0, 0
158701, 1016116, 1, 0, 0
158800, 1004029, 1, 0, 0
158900, 1045067, 1, 0, 0
159000, 970296, 1, 0, 0
159100, 1025273, 1, 0, 0
159200, 1028811, 1, 0, 0
159300, 1023068, 1, 0, 0
159400, 1071621, 1, 0, 0
159500, 1054818, 1, 0, 0
159600, 1080633, 1, 0, 0
159700, 1058313, 1, 0, 0
159801, 1061975, 1, 0, 0
159900, 1035326, 1, 0, 0
160000, 1031402, 1, 0, 0
160100, 1021047, 1, 0, 0
160200, 1038049, 1, 0, 0
160300, 1022957, 1, 0, 0
160400, 1019675, 1, 0, 0
160500, 1009582, 1, 0, 0
160600, 1070019, 1, 0, 0
160700, 1023766, 1, 0, 0
160800, 1022371, 1, 0, 0
160900, 1025709, 1, 0, 0
161001, 1058217, 1, 0, 0
161100, 1052197, 1, 0, 0
161200, 1121379, 1, 0, 0
161300, 1055363, 1, 0, 0
161400, 1069968, 1, 0, 0
161500, 1049962, 1, 0, 0
161600, 1027405, 1, 0, 0
161700, 1072515, 1, 0, 0
161801, 1003846, 1, 0, 0
161901, 1072742, 1, 0, 0
162000, 1072280, 1, 0, 0
162100, 1034149, 1, 0, 0
162200, 999798, 1, 0, 0
162300, 1074630, 1, 0, 0
162400, 1054146, 1, 0, 0
162500, 1038988, 1, 0, 0
162600, 1018666, 1, 0, 0
162700, 994851, 1, 0, 0
162800, 1019214, 1, 0, 0
162901, 1117502, 1, 0, 0
163000, 1064070, 1, 0, 0
163100, 1098087, 1, 0, 0
163200, 1052133, 1, 0, 0
163300, 1033014, 1, 0, 0
163400, 1029638, 1, 0, 0
163500, 987224, 1, 0, 0
163600, 1031828, 1, 0, 0
163700, 1037949, 1, 0, 0
163800, 1042630, 1, 0, 0
163900, 1072327, 1, 0, 0
164000, 1046685, 1, 0, 0
164100, 1046713, 1, 0, 0
164201, 1073630, 1, 0, 0
164300, 1028821, 1, 0, 0
164401, 1009679, 1, 0, 0
164500, 1043689, 1, 0, 0
164600, 1045815, 1, 0, 0
164700, 1044104, 1, 0, 0
164800, 1078203, 1, 0, 0
164900, 1033114, 1, 0, 0
165000, 1060212, 1, 0, 0
165100, 1070575, 1, 0, 0
165200, 1018038, 1, 0, 0
165301, 1044101, 1, 0, 0
165400, 1053107, 1, 0, 0
165500, 1064700, 1, 0, 0
165600, 1048867, 1, 0, 0
165700, 1052012, 1, 0, 0
165800, 1030015, 1, 0, 0
165900, 1030253, 1, 0, 0
166000, 1052547, 1, 0, 0
166100, 992237, 1, 0, 0
166200, 1030341, 1, 0, 0
166300, 1081591, 1, 0, 0
166400, 1035464, 1, 0, 0
166500, 1008144, 1, 0, 0
166600, 1058592, 1, 0, 0
166700, 1017853, 1, 0, 0
166800, 1023787, 1, 0, 0
166901, 1009918, 1, 0, 0
167001, 1020649, 1, 0, 0
167100, 991538, 1, 0, 0
167201, 1107665, 1, 0, 0
167301, 1033936, 1, 0, 0
167400, 986759, 1, 0, 0
167500, 992680, 1, 0, 0
167600, 1043337, 1, 0, 0
167700, 1021253, 1, 0, 0
167800, 1062920, 1, 0, 0
167901, 1025960, 1, 0, 0
168000, 1008451, 1, 0, 0
168100, 1018965, 1, 0, 0
168200, 981964, 1, 0, 0
168300, 983827, 1, 0, 0
168400, 1015269, 1, 0, 0
168500, 1037562, 1, 0, 0
168601, 1037716, 1, 0, 0
168700, 1037285, 1, 0, 0
168800, 1080485, 1, 0, 0
168901, 1033546, 1, 0, 0
169000, 1062279, 1, 0, 0
169100, 1021304, 1, 0, 0
169200, 1024238, 1, 0, 0
169300, 980848, 1, 0, 0
169400, 1025484, 1, 0, 0
169501, 1056491, 1, 0, 0
169601, 1021512, 1, 0, 0
169700, 1009918, 1, 0, 0
169800, 1055424, 1, 0, 0
169900, 1017776, 1, 0, 0
170000, 999135, 1, 0, 0
170100, 978090, 1, 0, 0
170200, 1028018, 1, 0, 0
170300, 1043782, 1, 0, 0
170400, 927776, 1, 0, 0
170500, 1039850, 1, 0, 0
170600, 984425, 1, 0, 0
170701, 1017625, 1, 0, 0
170800, 995032, 1, 0, 0
170900, 1068842, 1, 0, 0
171001, 1038509, 1, 0, 0
171100, 1050053, 1, 0, 0
171200, 1010065, 1, 0, 0
171300, 1016608, 1, 0, 0
171400, 1031544, 1, 0, 0
171500, 1024905, 1, 0, 0
171600, 956549, 1, 0, 0
171700, 993090, 1, 0, 0
171800, 1006272, 1, 0, 0
171900, 997535, 1, 0, 0
172000, 1028544, 1, 0, 0
172100, 989902, 1, 0, 0
172200, 983066, 1, 0, 0
172301, 1026281, 1, 0, 0
172400, 1000923, 1, 0, 0
172500, 1017529, 1, 0, 0
172600, 994373, 1, 0, 0
172700, 1066714, 1, 0, 0
172800, 1047069, 1, 0, 0
172900, 968594, 1, 0, 0
173001, 1020632, 1, 0, 0
173100, 971343, 1, 0, 0
173200, 1005778, 1, 0, 0
173300, 1008183, 1, 0, 0
173401, 1076631, 1, 0, 0
173500, 1018724, 1, 0, 0
173600, 982318, 1, 0, 0
173700, 1024157, 1, 0, 0
173800, 1084143, 1, 0, 0
173900, 1040720, 1, 0, 0
174001, 1019420, 1, 0, 0
174100, 1029998, 1, 0, 0
174201, 994953, 1, 0, 0
174300, 996825, 1, 0, 0
174400, 1019591, 1, 0, 0
174500, 1046682, 1, 0, 0
174600, 982885, 1, 0, 0
174700, 1001435, 1, 0, 0
174800, 1002092, 1, 0, 0
174901, 1031424, 1, 0, 0
175000, 996813, 1, 0, 0
175100, 979399, 1, 0, 0
175200, 1030937, 1, 0, 0
175300, 1030031, 1, 0, 0
175400, 1011479, 1, 0, 0
175501, 1031198, 1, 0, 0
175600, 1018350, 1, 0, 0
175700, 1016390, 1, 0, 0
175800, 1017095, 1, 0, 0
175900, 995029, 1, 0, 0
176000, 980454, 1, 0, 0
176100, 1021815, 1, 0, 0
176200, 1004706, 1, 0, 0
176300, 1031312, 1, 0, 0
176400, 994232, 1, 0, 0
176501, 1019710, 1, 0, 0
176601, 1079732, 1, 0, 0
176700, 1038650, 1, 0, 0
176800, 1012921, 1, 0, 0
176900, 996573, 1, 0, 0
177000, 1032387, 1, 0, 0
177101, 1016682, 1, 0, 0
177200, 1021748, 1, 0, 0
177300, 1008955, 1, 0, 0
177400, 970336, 1, 0, 0
177500, 1015824, 1, 0, 0
177600, 974389, 1, 0, 0
177700, 1032171, 1, 0, 0
177800, 1017572, 1, 0, 0
177900, 1034439, 1, 0, 0
178000, 1015111, 1, 0, 0
178100, 999268, 1, 0, 0
178200, 1036586, 1, 0, 0
178300, 1008376, 1, 0, 0
178400, 1039569, 1, 0, 0
178501, 1069178, 1, 0, 0
178601, 1012207, 1, 0, 0
178700, 1024856, 1, 0, 0
178800, 1002801, 1, 0, 0
178900, 1022600, 1, 0, 0
179000, 1030635, 1, 0, 0
179100, 1036477, 1, 0, 0
179200, 1025687, 1, 0, 0
179300, 1041015, 1, 0, 0
179400, 997854, 1, 0, 0
179500, 1028396, 1, 0, 0
179600, 1044604, 1, 0, 0
179700, 1031214, 1, 0, 0
179800, 1025817, 1, 0, 0
179901, 980658, 1, 0, 0
180000, 961426, 1, 0, 0
180100, 997764, 1, 0, 0
180200, 1044303, 1, 0, 0
180300, 1001140, 1, 0, 0
180400, 1000826, 1, 0, 0
180500, 1052686, 1, 0, 0
180600, 1017669, 1, 0, 0
180700, 1046164, 1, 0, 0
180800, 1057296, 1, 0, 0
180900, 1099534, 1, 0, 0
181000, 1049718, 1, 0, 0
181100, 1059986, 1, 0, 0
181200, 1063550, 1, 0, 0
181300, 1030972, 1, 0, 0
181400, 1018918, 1, 0, 0
181500, 1019631, 1, 0, 0
181600, 1053429, 1, 0, 0
181700, 999848, 1, 0, 0
181800, 1044309, 1, 0, 0
181900, 1007398, 1, 0, 0
182000, 991681, 1, 0, 0
182100, 1054253, 1, 0, 0
182200, 1051781, 1, 0, 0
182300, 1089190, 1, 0, 0
182400, 1088491, 1, 0, 0
182501, 1014869, 1, 0, 0
182600, 1020629, 1, 0, 0
182700, 1074874, 1, 0, 0
182800, 996675, 1, 0, 0
182900, 1058358, 1, 0, 0
183000, 995624, 1, 0, 0
183101, 1012420, 1, 0, 0
183200, 1045231, 1, 0, 0
183300, 1080982, 1, 0, 0
183400, 1034859, 1, 0, 0
183501, 1059881, 1, 0, 0
183600, 1026447, 1, 0, 0
183700, 1120413, 1, 0, 0
183800, 1081953, 1, 0, 0
183900, 1092486, 1, 0, 0
184000, 1001229, 1, 0, 0
184100, 1021461, 1, 0, 0
184200, 1007944, 1, 0, 0
184300, 1042406, 1, 0, 0
184400, 1107723, 1, 0, 0
184500, 1093662, 1, 0, 0
184600, 1043110, 1, 0, 0
184700, 1010684, 1, 0, 0
184800, 979407, 1, 0, 0
184900, 1037137, 1, 0, 0
185000, 1064309, 1, 0, 0
185100, 1032198, 1, 0, 0
185200, 1083167, 1, 0, 0
185300, 1085831, 1, 0, 0
185400, 1046029, 1, 0, 0
185500, 1060001, 1, 0, 0
185600, 1032391, 1, 0, 0
185700, 1030003, 1, 0, 0
185800, 1020133, 1, 0, 0
185900, 989038, 1, 0, 0
186000, 1069837, 1, 0, 0
186100, 995253, 1, 0, 0
186200, 1013149, 1, 0, 0
186300, 1034971, 1, 0, 0
186400, 1053912, 1, 0, 0
186500, 1024528, 1, 0, 0
186600, 1027230, 1, 0, 0
186700, 1032978, 1, 0, 0
186801, 1038602, 1, 0, 0
186900, 1022766, 1, 0, 0
187000, 1049190, 1, 0, 0
187100, 983807, 1, 0, 0
187200, 994640, 1, 0, 0
187300, 1022134, 1, 0, 0
187400, 1018186, 1, 0, 0
187500, 1056376, 1, 0, 0
187600, 1077734, 1, 0, 0
187701, 1031824, 1, 0, 0
187800, 1016742, 1, 0, 0
187901, 1006411, 1, 0, 0
188000, 1017891, 1, 0, 0
188100, 1003279, 1, 0, 0
188200, 1015979, 1, 0, 0
188300, 1090816, 1, 0, 0
188400, 1009293, 1, 0, 0
188500, 1013221, 1, 0, 0
188600, 998598, 1, 0, 0
188700, 1027055, 1, 0, 0
188800, 1026461, 1, 0, 0
188900, 1035314, 1, 0, 0
189000, 1025853, 1, 0, 0
189101, 993358, 1, 0, 0
189200, 1059640, 1, 0, 0
189300, 1028432, 1, 0, 0
189400, 1062346, 1, 0, 0
189500, 1053623, 1, 0, 0
189600, 1050535, 1, 0, 0
189700, 1059702, 1, 0, 0
189800, 1032945, 1, 0, 0
189900, 1014780, 1, 0, 0
190000, 1045608, 1, 0, 0
190100, 1082040, 1, 0, 0
190200, 1063602, 1, 0, 0
190300, 1076949, 1, 0, 0
190400, 1113084, 1, 0, 0
190500, 1046924, 1, 0, 0
190600, 1040086, 1, 0, 0
190700, 1087376, 1, 0, 0
190800, 1041735, 1, 0, 0
190900, 994091, 1, 0, 0
191000, 1059342, 1, 0, 0
191100, 1049268, 1, 0, 0
191200, 1066545, 1, 0, 0
191300, 1028854, 1, 0, 0
191400, 1040695, 1, 0, 0
191500, 1002794, 1, 0, 0
191600, 1044531, 1, 0, 0
191700, 997987, 1, 0, 0
191800, 1011219, 1, 0, 0
191900, 1045965, 1, 0, 0
192000, 1015762, 1, 0, 0
192100, 999832, 1, 0, 0
192200, 1053643, 1, 0, 0
192300, 1007396, 1, 0, 0
192400, 1026812, 1, 0, 0
192500, 989017, 1, 0, 0
192600, 1022980, 1, 0, 0
192700, 1040159, 1, 0, 0
192800, 975435, 1, 0, 0
192900, 978953, 1, 0, 0
193000, 1020926, 1, 0, 0
193100, 1002654, 1, 0, 0
193200, 1081812, 1, 0, 0
193300, 999627, 1, 0, 0
193400, 974498, 1, 0, 0
193500, 1059168, 1, 0, 0
193600, 1076132, 1, 0, 0
193700, 1018962, 1, 0, 0
193800, 1022983, 1, 0, 0
193900, 1018657, 1, 0, 0
194000, 1039127, 1, 0, 0
194100, 1099707, 1, 0, 0
194200, 1025504, 1, 0, 0
194300, 994590, 1, 0, 0
194400, 1017237, 1, 0, 0
194500, 979564, 1, 0, 0
194600, 1001202, 1, 0, 0
194700, 1045317, 1, 0, 0
194800, 1002901, 1, 0, 0
194900, 1054995, 1, 0, 0
195000, 1017584, 1, 0, 0
195100, 1043074, 1, 0, 0
195200, 1006278, 1, 0, 0
195300, 993246, 1, 0, 0
195401, 1031001, 1, 0, 0
195500, 977017, 1, 0, 0
195600, 1022133, 1, 0, 0
195700, 1034091, 1, 0, 0
195800, 1066266, 1, 0, 0
195900, 996045, 1, 0, 0
196000, 1025186, 1, 0, 0
196100, 1015025, 1, 0, 0
196200, 1006811, 1, 0, 0
196301, 1010411, 1, 0, 0
196400, 1044241, 1, 0, 0
196500, 1038918, 1, 0, 0
196600, 1079412, 1, 0, 0
196700, 1018231, 1, 0, 0
196800, 1065764, 1, 0, 0
196900, 1030851, 1, 0, 0
197000, 1087344, 1, 0, 0
197100, 1082135, 1, 0, 0
197200, 1000341, 1, 0, 0
197300, 1036330, 1, 0, 0
197400, 977938, 1, 0, 0
197500, 982778, 1, 0, 0
197600, 1009070, 1, 0, 0
197700, 1005890, 1, 0, 0
197800, 1037567, 1, 0, 0
197900, 980101, 1, 0, 0
198000, 982069, 1, 0, 0
198100, 989669, 1, 0, 0
198200, 945826, 1, 0, 0
198300, 1043154, 1, 0, 0
198400, 1007416, 1, 0, 0
198501, 1031420, 1, 0, 0
198600, 1056421, 1, 0, 0
198700, 1083421, 1, 0, 0
198800, 1073067, 1, 0, 0
198900, 1094594, 1, 0, 0
199000, 1073411, 1, 0, 0
199100, 1078454, 1, 0, 0
199200, 1053022, 1, 0, 0
199301, 1039056, 1, 0, 0
199400, 1043156, 1, 0, 0
199500, 1055077, 1, 0, 0
199600, 1015840, 1, 0, 0
199700, 1024356, 1, 0, 0
199800, 1021166, 1, 0, 0
199900, 1052066, 1, 0, 0
200000, 1084050, 1, 0, 0
200100, 1039622, 1, 0, 0
200200, 1001200, 1, 0, 0
200300, 1043949, 1, 0, 0
200400, 1084504, 1, 0, 0
200500, 1050415, 1, 0, 0
200600, 1035049, 1, 0, 0
200700, 977331, 1, 0, 0
200800, 1058045, 1, 0, 0
200900, 991135, 1, 0, 0
201000, 1002298, 1, 0, 0
201100, 966216, 1, 0, 0
201200, 970474, 1, 0, 0
201300, 1057867, 1, 0, 0
201400, 1082006, 1, 0, 0
201500, 1035916, 1, 0, 0
201600, 1038582, 1, 0, 0
201700, 992638, 1, 0, 0
201800, 996666, 1, 0, 0
201900, 1030259, 1, 0, 0
202000, 996154, 1, 0, 0
202100, 1058774, 1, 0, 0
202200, 1089416, 1, 0, 0
202301, 1029048, 1, 0, 0
202400, 1008412, 1, 0, 0
202501, 1018572, 1, 0, 0
202600, 1025686, 1, 0, 0
202700, 1072849, 1, 0, 0
202800, 1062202, 1, 0, 0
202900, 1020442, 1, 0, 0
203000, 958841, 1, 0, 0
203100, 1018976, 1, 0, 0
203200, 1021017, 1, 0, 0
203300, 988143, 1, 0, 0
203400, 1055727, 1, 0, 0
203500, 1038058, 1, 0, 0
203600, 1000684, 1, 0, 0
203700, 1020775, 1, 0, 0
203800, 982988, 1, 0, 0
203900, 1006915, 1, 0, 0
204001, 1015012, 1, 0, 0
204100, 985443, 1, 0, 0
204200, 944386, 1, 0, 0
204302, 990579, 1, 0, 0
204400, 1086065, 1, 0, 0
204500, 1032730, 1, 0, 0
204601, 1068481, 1, 0, 0
204700, 1056917, 1, 0, 0
204800, 1009818, 1, 0, 0
204900, 980780, 1, 0, 0
205000, 1031308, 1, 0, 0
205100, 966107, 1, 0, 0
205200, 1010611, 1, 0, 0
205300, 1043980, 1, 0, 0
205400, 1032059, 1, 0, 0
205500, 1049613, 1, 0, 0
205601, 1066921, 1, 0, 0
205700, 1046220, 1, 0, 0
205800, 1040563, 1, 0, 0
205900, 1021181, 1, 0, 0
206000, 1017393, 1, 0, 0
206101, 1036773, 1, 0, 0
206200, 998971, 1, 0, 0
206300, 1070912, 1, 0, 0
206400, 1008975, 1, 0, 0
206500, 992924, 1, 0, 0
206600, 995997, 1, 0, 0
206700, 1016906, 1, 0, 0
206800, 1014458, 1, 0, 0
206900, 1015296, 1, 0, 0
207000, 1017477, 1, 0, 0
207100, 994704, 1, 0, 0
207200, 1030414, 1, 0, 0
207300, 986748, 1, 0, 0
207400, 1044643, 1, 0, 0
207500, 1045159, 1, 0, 0
207601, 1014876, 1, 0, 0
207701, 1021843, 1, 0, 0
207800, 1004081, 1, 0, 0
207900, 1027384, 1, 0, 0
208001, 997706, 1, 0, 0
208100, 990852, 1, 0, 0
208200, 1028465, 1, 0, 0
208300, 979177, 1, 0, 0
208400, 1034428, 1, 0, 0
208500, 1016633, 1, 0, 0
208600, 1049801, 1, 0, 0
208700, 1040551, 1, 0, 0
208800, 989754, 1, 0, 0
208900, 1039932, 1, 0, 0
209000, 986931, 1, 0, 0
209100, 972659, 1, 0, 0
209200, 1000477, 1, 0, 0
209300, 996599, 1, 0, 0
209400, 1012846, 1, 0, 0
209500, 1006729, 1, 0, 0
209600, 968196, 1, 0, 0
209700, 1079227, 1, 0, 0
209800, 995174, 1, 0, 0
209900, 1029792, 1, 0, 0
210001, 1048109, 1, 0, 0
210100, 1013262, 1, 0, 0
210200, 1008296, 1, 0, 0
210300, 1039910, 1, 0, 0
210400, 945976, 1, 0, 0
210500, 1010273, 1, 0, 0
210600, 1024031, 1, 0, 0
210700, 1017203, 1, 0, 0
210800, 968204, 1, 0, 0
210900, 1037866, 1, 0, 0
211000, 1023065, 1, 0, 0
211100, 997097, 1, 0, 0
211200, 966314, 1, 0, 0
211300, 1011203, 1, 0, 0
211400, 1000606, 1, 0, 0
211501, 980029, 1, 0, 0
211600, 995429, 1, 0, 0
211700, 977887, 1, 0, 0
211800, 978171, 1, 0, 0
211900, 1059189, 1, 0, 0
212000, 1052589, 1, 0, 0
212100, 984835, 1, 0, 0
212200, 1016216, 1, 0, 0
212300, 1024797, 1, 0, 0
212401, 981870, 1, 0, 0
212500, 987857, 1, 0, 0
212600, 958733, 1, 0, 0
212700, 1018056, 1, 0, 0
212800, 1056318, 1, 0, 0
212900, 1012726, 1, 0, 0
213000, 1000307, 1, 0, 0
213100, 1027039, 1, 0, 0
213200, 957722, 1, 0, 0
213300, 979369, 1, 0, 0
213400, 969017, 1, 0, 0
213500, 995781, 1, 0, 0
213600, 978037, 1, 0, 0
213700, 1011290, 1, 0, 0
213800, 1017897, 1, 0, 0
213900, 1001933, 1, 0, 0
214000, 973385, 1, 0, 0
214100, 1005326, 1, 0, 0
214200, 1037980, 1, 0, 0
214300, 1039972, 1, 0, 0
214400, 996679, 1, 0, 0
214500, 1027599, 1, 0, 0
214601, 1033651, 1, 0, 0
214700, 1040056, 1, 0, 0
214800, 1065826, 1, 0, 0
214900, 1034745, 1, 0, 0
215000, 1043074, 1, 0, 0
215100, 1057444, 1, 0, 0
215200, 1011083, 1, 0, 0
215300, 1012077, 1, 0, 0
215400, 970730, 1, 0, 0
215500, 1001884, 1, 0, 0
215600, 1005620, 1, 0, 0
215700, 1002730, 1, 0, 0
215801, 1008796, 1, 0, 0
215900, 985707, 1, 0, 0
216000, 970736, 1, 0, 0
216100, 1017707, 1, 0, 0
216200, 1025179, 1, 0, 0
216301, 988495, 1, 0, 0
216400, 1018325, 1, 0, 0
216500, 992806, 1, 0, 0
216600, 1025297, 1, 0, 0
216701, 993505, 1, 0, 0
216800, 1057959, 1, 0, 0
216900, 1026482, 1, 0, 0
217000, 1031416, 1, 0, 0
217100, 983164, 1, 0, 0
217200, 983590, 1, 0, 0
217300, 1045814, 1, 0, 0
217400, 993137, 1, 0, 0
217500, 1021014, 1, 0, 0
217600, 989699, 1, 0, 0
217700, 1051785, 1, 0, 0
217800, 993705, 1, 0, 0
217900, 1011679, 1, 0, 0
218000, 1006182, 1, 0, 0
218100, 1030887, 1, 0, 0
218200, 1009438, 1, 0, 0
218300, 974629, 1, 0, 0
218400, 1044462, 1, 0, 0
218500, 987875, 1, 0, 0
218600, 1033515, 1, 0, 0
218700, 991522, 1, 0, 0
218800, 1008613, 1, 0, 0
218900, 1017711, 1, 0, 0
219000, 1051877, 1, 0, 0
219101, 1007248, 1, 0, 0
219200, 1019164, 1, 0, 0
219300, 998077, 1, 0, 0
219400, 1030645, 1, 0, 0
219500, 975029, 1, 0, 0
219600, 1025144, 1, 0, 0
219700, 1018387, 1, 0, 0
219800, 1010000, 1, 0, 0
219900, 1058330, 1, 0, 0
220000, 990607, 1, 0, 0
220100, 1019418, 1, 0, 0
220200, 1010201, 1, 0, 0
220300, 975472, 1, 0, 0
220401, 999932, 1, 0, 0
220500, 964385, 1, 0, 0
220600, 1008461, 1, 0, 0
220700, 1008701, 1, 0, 0
220800, 960229, 1, 0, 0
220900, 998181, 1, 0, 0
221000, 1044566, 1, 0, 0
221100, 1006075, 1, 0, 0
221200, 993802, 1, 0, 0
221300, 997166, 1, 0, 0
221400, 1016448, 1, 0, 0
221500, 1039646, 1, 0, 0
221600, 1021937, 1, 0, 0
221700, 1082751, 1, 0, 0
221800, 1027794, 1, 0, 0
221900, 1015462, 1, 0, 0
222000, 1025100, 1, 0, 0
222100, 1038477, 1, 0, 0
222200, 1003742, 1, 0, 0
222301, 1006582, 1, 0, 0
222400, 1000345, 1, 0, 0
222500, 1037339, 1, 0, 0
222600, 961788, 1, 0, 0
222700, 974279, 1, 0, 0
222800, 999306, 1, 0, 0
222900, 1020570, 1, 0, 0
223000, 1022716, 1, 0, 0
223100, 1048804, 1, 0, 0
223200, 990154, 1, 0, 0
223300, 1018830, 1, 0, 0
223400, 1067887, 1, 0, 0
223500, 1012365, 1, 0, 0
223600, 1019718, 1, 0, 0
223700, 985059, 1, 0, 0
223800, 988241, 1, 0, 0
223901, 949575, 1, 0, 0
224000, 1004164, 1, 0, 0
224100, 1001432, 1, 0, 0
224200, 962498, 1, 0, 0
224300, 987811, 1, 0, 0
224400, 1045896, 1, 0, 0
224501, 1054257, 1, 0, 0
224600, 994391, 1, 0, 0
224701, 1027810, 1, 0, 0
224800, 999349, 1, 0, 0
224900, 1009787, 1, 0, 0
225000, 1052833, 1, 0, 0
225100, 1045823, 1, 0, 0
225200, 962550, 1, 0, 0
225300, 1021171, 1, 0, 0
225400, 983329, 1, 0, 0
225500, 1020332, 1, 0, 0
225600, 983833, 1, 0, 0
225701, 985198, 1, 0, 0
225800, 1028174, 1, 0, 0
225900, 935051, 1, 0, 0
226001, 1010640, 1, 0, 0
226100, 986566, 1, 0, 0
226200, 1033682, 1, 0, 0
226300, 1003363, 1, 0, 0
226400, 983671, 1, 0, 0
226500, 951214, 1, 0, 0
226600, 978291, 1, 0, 0
226700, 1037272, 1, 0, 0
226800, 1003430, 1, 0, 0
226900, 1000759, 1, 0, 0
227000, 1018545, 1, 0, 0
227100, 983363, 1, 0, 0
227200, 974082, 1, 0, 0
227300, 985663, 1, 0, 0
227400, 959005, 1, 0, 0
227500, 994299, 1, 0, 0
227600, 1003231, 1, 0, 0
227700, 1002235, 1, 0, 0
227800, 955376, 1, 0, 0
227900, 1037360, 1, 0, 0
228000, 1020255, 1, 0, 0
228100, 1033351, 1, 0, 0
228200, 987510, 1, 0, 0
228300, 977604, 1, 0, 0
228400, 954570, 1, 0, 0
228501, 1008553, 1, 0, 0
228600, 993463, 1, 0, 0
228700, 962748, 1, 0, 0
228800, 986373, 1, 0, 0
228900, 951970, 1, 0, 0
229000, 951518, 1, 0, 0
229100, 962216, 1, 0, 0
229200, 965539, 1, 0, 0
229300, 989569, 1, 0, 0
229400, 995931, 1, 0, 0
229500, 1039391, 1, 0, 0
229600, 1082223, 1, 0, 0
229700, 1032556, 1, 0, 0
229800, 998496, 1, 0, 0
229900, 1035226, 1, 0, 0
230000, 1040164, 1, 0, 0
230100, 996484, 1, 0, 0
230200, 961088, 1, 0, 0
230300, 968628, 1, 0, 0
230400, 972992, 1, 0, 0
230500, 1039695, 1, 0, 0
230600, 983224, 1, 0, 0
230700, 987463, 1, 0, 0
230800, 956422, 1, 0, 0
230900, 962114, 1, 0, 0
231000, 988360, 1, 0, 0
231100, 955172, 1, 0, 0
231200, 1011939, 1, 0, 0
231301, 959241, 1, 0, 0
231400, 999922, 1, 0, 0
231500, 1005186, 1, 0, 0
231600, 967146, 1, 0, 0
231700, 983387, 1, 0, 0
231800, 983785, 1, 0, 0
231900, 1017998, 1, 0, 0
232000, 993856, 1, 0, 0
232100, 1023965, 1, 0, 0
232200, 1008550, 1, 0, 0
232300, 968884, 1, 0, 0
232400, 991209, 1, 0, 0
232500, 1042652, 1, 0, 0
232600, 975424, 1, 0, 0
232700, 1018543, 1, 0, 0
232800, 986360, 1, 0, 0
232900, 981073, 1, 0, 0
233000, 997111, 1, 0, 0
233100, 1041886, 1, 0, 0
233200, 1005583, 1, 0, 0
233300, 1002127, 1, 0, 0
233400, 1005076, 1, 0, 0
233500, 967316, 1, 0, 0
233600, 997484, 1, 0, 0
233700, 1002688, 1, 0, 0
233800, 976997, 1, 0, 0
233900, 956001, 1, 0, 0
234000, 964403, 1, 0, 0
234101, 975459, 1, 0, 0
234200, 1003003, 1, 0, 0
234300, 985032, 1, 0, 0
234400, 951113, 1, 0, 0
234500, 958009, 1, 0, 0
234600, 937371, 1, 0, 0
234700, 984356, 1, 0, 0
234800, 976258, 1, 0, 0
234900, 990012, 1, 0, 0
235000, 964894, 1, 0, 0
235100, 1001165, 1, 0, 0
235200, 991051, 1, 0, 0
235300, 983829, 1, 0, 0
235400, 1020309, 1, 0, 0
235500, 1001989, 1, 0, 0
235600, 985194, 1, 0, 0
235700, 1011594, 1, 0, 0
235800, 983316, 1, 0, 0
235900, 968890, 1, 0, 0
236000, 1039628, 1, 0, 0
236100, 1019232, 1, 0, 0
236201, 1005962, 1, 0, 0
236300, 1041055, 1, 0, 0
236400, 988699, 1, 0, 0
236500, 997459, 1, 0, 0
236600, 1021042, 1, 0, 0
236700, 993041, 1, 0, 0
236800, 992739, 1, 0, 0
236900, 1000130, 1, 0, 0
237000, 1004237, 1, 0, 0
237100, 1022310, 1, 0, 0
237200, 997853, 1, 0, 0
237300, 996988, 1, 0, 0
237400, 965755, 1, 0, 0
237500, 968460, 1, 0, 0
237600, 1001396, 1, 0, 0
237700, 1013587, 1, 0, 0
237800, 1002887, 1, 0, 0
237900, 987855, 1, 0, 0
238000, 1036498, 1, 0, 0
238100, 1007302, 1, 0, 0
238200, 1001755, 1, 0, 0
238300, 1013198, 1, 0, 0
238400, 996058, 1, 0, 0
238501, 1020406, 1, 0, 0
238600, 981897, 1, 0, 0
238700, 1041339, 1, 0, 0
238800, 1021978, 1, 0, 0
238900, 1015717, 1, 0, 0
239000, 1018982, 1, 0, 0
239100, 1015017, 1, 0, 0
239200, 992918, 1, 0, 0
239300, 974767, 1, 0, 0
239400, 997426, 1, 0, 0
239500, 1051261, 1, 0, 0
239600, 992032, 1, 0, 0
239700, 960873, 1, 0, 0
239800, 1000149, 1, 0, 0
239900, 1015903, 1, 0, 0
240000, 1028433, 1, 0, 0
240100, 1067668, 1, 0, 0
240200, 1089758, 1, 0, 0
240300, 1005297, 1, 0, 0
240401, 1011799, 1, 0, 0
240500, 994004, 1, 0, 0
240600, 1049271, 1, 0, 0
240700, 1036399, 1, 0, 0
240800, 985839, 1, 0, 0
240900, 1028171, 1, 0, 0
241000, 971425, 1, 0, 0
241100, 1030077, 1, 0, 0
241200, 1018144, 1, 0, 0
241300, 980956, 1, 0, 0
241400, 1022105, 1, 0, 0
241500, 989748, 1, 0, 0
241600, 990593, 1, 0, 0
241700, 970681, 1, 0, 0
241800, 1015279, 1, 0, 0
241900, 1011258, 1, 0, 0
242000, 998347, 1, 0, 0
242100, 961102, 1, 0, 0
242200, 988519, 1, 0, 0
242300, 1015863, 1, 0, 0
242400, 998859, 1, 0, 0
242500, 1005136, 1, 0, 0
242601, 979034, 1, 0, 0
242700, 1029389, 1, 0, 0
242800, 1021948, 1, 0, 0
242900, 979092, 1, 0, 0
243000, 1017016, 1, 0, 0
243100, 990399, 1, 0, 0
243201, 988967, 1, 0, 0
243300, 1026289, 1, 0, 0
243400, 983753, 1, 0, 0
243500, 977785, 1, 0, 0
243600, 1014521, 1, 0, 0
243701, 1042171, 1, 0, 0
243800, 1029336, 1, 0, 0
243900, 1006840, 1, 0, 0
244000, 996434, 1, 0, 0
244100, 1013282, 1, 0, 0
244200, 989642, 1, 0, 0
244301, 1008362, 1, 0, 0
244400, 1005363, 1, 0, 0
244500, 1058165, 1, 0, 0
244600, 1015612, 1, 0, 0
244700, 988101, 1, 0, 0
244800, 1059507, 1, 0, 0
244900, 1027487, 1, 0, 0
245000, 1004266, 1, 0, 0
245100, 984949, 1, 0, 0
245200, 1031947, 1, 0, 0
245300, 962814, 1, 0, 0
245400, 1009849, 1, 0, 0
245500, 985430, 1, 0, 0
245602, 1051879, 1, 0, 0
245701, 1033361, 1, 0, 0
245800, 1008456, 1, 0, 0
245900, 1007172, 1, 0, 0
246001, 1053895, 1, 0, 0
246100, 1028894, 1, 0, 0
246200, 991049, 1, 0, 0
246300, 1029318, 1, 0, 0
246400, 1038972, 1, 0, 0
246500, 1032388, 1, 0, 0
246600, 1009208, 1, 0, 0
246701, 1052342, 1, 0, 0
246801, 1022976, 1, 0, 0
246900, 1042309, 1, 0, 0
247000, 999216, 1, 0, 0
247100, 1049620, 1, 0, 0
247200, 1019351, 1, 0, 0
247300, 1069358, 1, 0, 0
247400, 1036321, 1, 0, 0
247500, 1054406, 1, 0, 0
247600, 1027055, 1, 0, 0
247700, 1028604, 1, 0, 0
247800, 987965, 1, 0, 0
247900, 1009859, 1, 0, 0
248000, 1046741, 1, 0, 0
248100, 1014364, 1, 0, 0
248201, 1000474, 1, 0, 0
248301, 1034916, 1, 0, 0
248400, 978117, 1, 0, 0
248500, 1019527, 1, 0, 0
248600, 1040955, 1, 0, 0
248700, 995180, 1, 0, 0
248801, 1035404, 1, 0, 0
248901, 1037555, 1, 0, 0
249000, 1044768, 1, 0, 0
249101, 1033116, 1, 0, 0
249200, 1015082, 1, 0, 0
249300, 969563, 1, 0, 0
249400, 1016336, 1, 0, 0
249500, 973014, 1, 0, 0
249600, 1010412, 1, 0, 0
249700, 1006561, 1, 0, 0
249800, 1022332, 1, 0, 0
249900, 1036201, 1, 0, 0
250000, 1006805, 1, 0, 0
250100, 986479, 1, 0, 0
250200, 962304, 1, 0, 0
250300, 1000961, 1, 0, 0
250400, 1004151, 1, 0, 0
250500, 1051059, 1, 0, 0
250600, 1033809, 1, 0, 0
250700, 1024530, 1, 0, 0
250800, 1047062, 1, 0, 0
250900, 1048976, 1, 0, 0
251000, 1038762, 1, 0, 0
251100, 988894, 1, 0, 0
251200, 1037322, 1, 0, 0
251300, 997623, 1, 0, 0
251400, 1016522, 1, 0, 0
251500, 1048065, 1, 0, 0
251600, 1091618, 1, 0, 0
251700, 1011266, 1, 0, 0
251800, 1055566, 1, 0, 0
251900, 993059, 1, 0, 0
252000, 981026, 1, 0, 0
252100, 982727, 1, 0, 0
252200, 992661, 1, 0, 0
252300, 977580, 1, 0, 0
252400, 1008387, 1, 0, 0
252500, 1028199, 1, 0, 0
252600, 1016251, 1, 0, 0
252701, 1009227, 1, 0, 0
252800, 981048, 1, 0, 0
252900, 1050619, 1, 0, 0
253000, 1011897, 1, 0, 0
253100, 1006395, 1, 0, 0
253200, 985874, 1, 0, 0
253301, 984362, 1, 0, 0
253401, 1033019, 1, 0, 0
253501, 1030051, 1, 0, 0
253600, 1079371, 1, 0, 0
253700, 984262, 1, 0, 0
253800, 986884, 1, 0, 0
253900, 1013511, 1, 0, 0
254000, 1023936, 1, 0, 0
254100, 1020809, 1, 0, 0
254200, 993996, 1, 0, 0
254300, 987751, 1, 0, 0
254400, 1053516, 1, 0, 0
254500, 997184, 1, 0, 0
254600, 1036760, 1, 0, 0
254700, 1026691, 1, 0, 0
254800, 1030632, 1, 0, 0
254900, 1021896, 1, 0, 0
255000, 1017575, 1, 0, 0
255100, 1037015, 1, 0, 0
255200, 973041, 1, 0, 0
255300, 1008143, 1, 0, 0
255400, 1000719, 1, 0, 0
255501, 955954, 1, 0, 0
255600, 1015590, 1, 0, 0
255700, 992916, 1, 0, 0
255800, 1011871, 1, 0, 0
255900, 988435, 1, 0, 0
256000, 977230, 1, 0, 0
256100, 987566, 1, 0, 0
256200, 994553, 1, 0, 0
256300, 964869, 1, 0, 0
256400, 1023391, 1, 0, 0
256500, 1009376, 1, 0, 0
256601, 991467, 1, 0, 0
256700, 1000465, 1, 0, 0
256800, 990547, 1, 0, 0
256900, 994730, 1, 0, 0
257000, 969223, 1, 0, 0
257100, 983684, 1, 0, 0
257200, 1051423, 1, 0, 0
257300, 990330, 1, 0, 0
257400, 952388, 1, 0, 0
257500, 952431, 1, 0, 0
257600, 1014526, 1, 0, 0
257700, 968783, 1, 0, 0
257800, 997709, 1, 0, 0
257900, 1068028, 1, 0, 0
258000, 972350, 1, 0, 0
258100, 970114, 1, 0, 0
258200, 969966, 1, 0, 0
258300, 962522, 1, 0, 0
258400, 1005251, 1, 0, 0
258501, 1013390, 1, 0, 0
258600, 1017903, 1, 0, 0
258700, 1009246, 1, 0, 0
258800, 1003801, 1, 0, 0
258900, 972655, 1, 0, 0
259000, 955016, 1, 0, 0
259100, 971001, 1, 0, 0
259200, 994209, 1, 0, 0
259300, 984871, 1, 0, 0
259400, 945665, 1, 0, 0
259500, 1007309, 1, 0, 0
259600, 1003746, 1, 0, 0
259700, 974985, 1, 0, 0
259800, 961413, 1, 0, 0
259900, 1006420, 1, 0, 0
260000, 995208, 1, 0, 0
260102, 991804, 1, 0, 0
260200, 1008285, 1, 0, 0
260301, 1005522, 1, 0, 0
260400, 986863, 1, 0, 0
260500, 954412, 1, 0, 0
260600, 1010108, 1, 0, 0
260700, 1027525, 1, 0, 0
260800, 1002973, 1, 0, 0
260901, 1087457, 1, 0, 0
261000, 979990, 1, 0, 0
261101, 1017330, 1, 0, 0
261200, 1033442, 1, 0, 0
261300, 971513, 1, 0, 0
261401, 1049354, 1, 0, 0
261500, 999421, 1, 0, 0
261600, 1000622, 1, 0, 0
261701, 1011845, 1, 0, 0
261800, 1022128, 1, 0, 0
261900, 1002020, 1, 0, 0
262001, 1002394, 1, 0, 0
262100, 1004575, 1, 0, 0
262200, 982655, 1, 0, 0
262300, 967050, 1, 0, 0
262400, 982504, 1, 0, 0
262500, 980712, 1, 0, 0
262600, 1032132, 1, 0, 0
262701, 1018925, 1, 0, 0
262800, 1003526, 1, 0, 0
262900, 1083889, 1, 0, 0
263000, 930462, 1, 0, 0
263100, 1032708, 1, 0, 0
263200, 1018988, 1, 0, 0
263300, 1012645, 1, 0, 0
263400, 949763, 1, 0, 0
263500, 989273, 1, 0, 0
263600, 1076552, 1, 0, 0
263700, 1012785, 1, 0, 0
263800, 1013176, 1, 0, 0
263900, 1027386, 1, 0, 0
264000, 986010, 1, 0, 0
264100, 1009644, 1, 0, 0
264201, 973851, 1, 0, 0
264300, 1006657, 1, 0, 0
264400, 983332, 1, 0, 0
264500, 957896, 1, 0, 0
264600, 999900, 1, 0, 0
264700, 975121, 1, 0, 0
264800, 927868, 1, 0, 0
264900, 987078, 1, 0, 0
265000, 978229, 1, 0, 0
265100, 1044814, 1, 0, 0
265200, 1011460, 1, 0, 0
265300, 959791, 1, 0, 0
265400, 973401, 1, 0, 0
265500, 986533, 1, 0, 0
265600, 1017540, 1, 0, 0
265700, 1006745, 1, 0, 0
265800, 1012290, 1, 0, 0
265900, 1003434, 1, 0, 0
266000, 1034386, 1, 0, 0
266100, 939381, 1, 0, 0
266200, 961090, 1, 0, 0
266300, 980274, 1, 0, 0
266400, 1025183, 1, 0, 0
266500, 952963, 1, 0, 0
266600, 1012180, 1, 0, 0
266700, 1009316, 1, 0, 0
266800, 963323, 1, 0, 0
266901, 971358, 1, 0, 0
267000, 985491, 1, 0, 0
267100, 972133, 1, 0, 0
267200, 970505, 1, 0, 0
267300, 989150, 1, 0, 0
267400, 1006923, 1, 0, 0
267500, 1010446, 1, 0, 0
267600, 983258, 1, 0, 0
267700, 969626, 1, 0, 0
267800, 969041, 1, 0, 0
267900, 976649, 1, 0, 0
268000, 1027766, 1, 0, 0
268100, 967700, 1, 0, 0
268200, 953084, 1, 0, 0
268300, 1012873, 1, 0, 0
268400, 1055810, 1, 0, 0
268500, 992619, 1, 0, 0
268600, 978291, 1, 0, 0
268700, 1013152, 1, 0, 0
268800, 1001110, 1, 0, 0
268900, 1024765, 1, 0, 0
269000, 997487, 1, 0, 0
269100, 1021545, 1, 0, 0
269201, 1014010, 1, 0, 0
269300, 1022452, 1, 0, 0
269400, 1004616, 1, 0, 0
269500, 1004765, 1, 0, 0
269600, 1000386, 1, 0, 0
269700, 1077797, 1, 0, 0
269800, 996291, 1, 0, 0
269900, 1016904, 1, 0, 0
270000, 984619, 1, 0, 0
270100, 989872, 1, 0, 0
270200, 996720, 1, 0, 0
270300, 981609, 1, 0, 0
270400, 1006453, 1, 0, 0
270500, 1006315, 1, 0, 0
270600, 1025968, 1, 0, 0
270700, 1005369, 1, 0, 0
270800, 1002694, 1, 0, 0
270900, 980305, 1, 0, 0
271000, 1014450, 1, 0, 0
271100, 1071224, 1, 0, 0
271200, 979694, 1, 0, 0
271300, 990909, 1, 0, 0
271400, 1016728, 1, 0, 0
271500, 996978, 1, 0, 0
271600, 998637, 1, 0, 0
271700, 988940, 1, 0, 0
271800, 1071546, 1, 0, 0
271900, 1004119, 1, 0, 0
272000, 1010255, 1, 0, 0
272100, 1010114, 1, 0, 0
272201, 1011438, 1, 0, 0
272300, 1009731, 1, 0, 0
272400, 971845, 1, 0, 0
272500, 1018395, 1, 0, 0
272601, 1045062, 1, 0, 0
272700, 1018716, 1, 0, 0
272801, 929986, 1, 0, 0
272900, 990610, 1, 0, 0
273000, 990595, 1, 0, 0
273100, 962211, 1, 0, 0
273200, 999330, 1, 0, 0
273300, 984366, 1, 0, 0
273400, 1008078, 1, 0, 0
273500, 998665, 1, 0, 0
273600, 1025506, 1, 0, 0
273700, 951993, 1, 0, 0
273800, 988843, 1, 0, 0
273900, 974770, 1, 0, 0
274000, 986315, 1, 0, 0
274100, 952659, 1, 0, 0
274200, 970510, 1, 0, 0
274300, 1004365, 1, 0, 0
274400, 959416, 1, 0, 0
274500, 985102, 1, 0, 0
274600, 1013255, 1, 0, 0
274700, 1070983, 1, 0, 0
274800, 968772, 1, 0, 0
274900, 962036, 1, 0, 0
275000, 1009759, 1, 0, 0
275100, 991961, 1, 0, 0
275200, 1006778, 1, 0, 0
275301, 1038056, 1, 0, 0
275400, 947103, 1, 0, 0
275500, 1003961, 1, 0, 0
275600, 1059257, 1, 0, 0
275700, 989397, 1, 0, 0
275800, 1018789, 1, 0, 0
275900, 979421, 1, 0, 0
276000, 1026361, 1, 0, 0
276100, 1022217, 1, 0, 0
276200, 945980, 1, 0, 0
276300, 1001841, 1, 0, 0
276400, 1000594, 1, 0, 0
276500, 996015, 1, 0, 0
276600, 951430, 1, 0, 0
276700, 993182, 1, 0, 0
276800, 976757, 1, 0, 0
276900, 999103, 1, 0, 0
277000, 998163, 1, 0, 0
277101, 990284, 1, 0, 0
277200, 1017142, 1, 0, 0
277300, 962807, 1, 0, 0
277400, 980433, 1, 0, 0
277501, 1018348, 1, 0, 0
277600, 982693, 1, 0, 0
277700, 957438, 1, 0, 0
277800, 1010578, 1, 0, 0
277900, 997912, 1, 0, 0
278000, 941425, 1, 0, 0
278100, 979853, 1, 0, 0
278200, 1020433, 1, 0, 0
278300, 985620, 1, 0, 0
278401, 1014998, 1, 0, 0
278500, 985388, 1, 0, 0
278600, 975520, 1, 0, 0
278700, 967353, 1, 0, 0
278800, 960805, 1, 0, 0
278900, 1027824, 1, 0, 0
279000, 972752, 1, 0, 0
279100, 988522, 1, 0, 0
279200, 1009763, 1, 0, 0
279300, 1018301, 1, 0, 0
279400, 972041, 1, 0, 0
279500, 965804, 1, 0, 0
279600, 987620, 1, 0, 0
279701, 1054084, 1, 0, 0
279800, 1004934, 1, 0, 0
279900, 998424, 1, 0, 0
280000, 1008723, 1, 0, 0
280100, 1034828, 1, 0, 0
280200, 954552, 1, 0, 0
280300, 912814, 1, 0, 0
280400, 946851, 1, 0, 0
280500, 977283, 1, 0, 0
280600, 999794, 1, 0, 0
280700, 1023097, 1, 0, 0
280801, 977619, 1, 0, 0
280900, 981688, 1, 0, 0
281000, 985347, 1, 0, 0
281100, 1025976, 1, 0, 0
281200, 1007090, 1, 0, 0
281300, 1002471, 1, 0, 0
281400, 962087, 1, 0, 0
281500, 983653, 1, 0, 0
281600, 992296, 1, 0, 0
281700, 1018624, 1, 0, 0
281800, 987331, 1, 0, 0
281900, 1007334, 1, 0, 0
282000, 1006788, 1, 0, 0
282100, 997987, 1, 0, 0
282200, 960244, 1, 0, 0
282300, 960680, 1, 0, 0
282400, 999080, 1, 0, 0
282500, 992839, 1, 0, 0
282600, 970054, 1, 0, 0
282700, 952566, 1, 0, 0
282800, 975189, 1, 0, 0
282900, 979473, 1, 0, 0
283000, 997479, 1, 0, 0
283100, 980128, 1, 0, 0
283200, 1006563, 1, 0, 0
283300, 950335, 1, 0, 0
283400, 937734, 1, 0, 0
283500, 982522, 1, 0, 0
283600, 987718, 1, 0, 0
283700, 969262, 1, 0, 0
283800, 947094, 1, 0, 0
283900, 973187, 1, 0, 0
284000, 1036871, 1, 0, 0
284101, 1032059, 1, 0, 0
284201, 1032321, 1, 0, 0
284300, 964629, 1, 0, 0
284400, 1028989, 1, 0, 0
284500, 958243, 1, 0, 0
284600, 974564, 1, 0, 0
284701, 963234, 1, 0, 0
284801, 1005183, 1, 0, 0
284900, 968235, 1, 0, 0
285000, 996097, 1, 0, 0
285100, 957807, 1, 0, 0
285200, 964569, 1, 0, 0
285300, 992151, 1, 0, 0
285400, 966662, 1, 0, 0
285500, 983910, 1, 0, 0
285600, 1034596, 1, 0, 0
285700, 1065491, 1, 0, 0
285800, 981676, 1, 0, 0
285900, 1020582, 1, 0, 0
286000, 986616, 1, 0, 0
286100, 1009457, 1, 0, 0
286200, 984540, 1, 0, 0
286300, 972370, 1, 0, 0
286400, 1027491, 1, 0, 0
286500, 974714, 1, 0, 0
286600, 984265, 1, 0, 0
286700, 976053, 1, 0, 0
286800, 978946, 1, 0, 0
286900, 981848, 1, 0, 0
287000, 962428, 1, 0, 0
287100, 974418, 1, 0, 0
287200, 1035550, 1, 0, 0
287300, 1036414, 1, 0, 0
287400, 1000688, 1, 0, 0
287500, 1006888, 1, 0, 0
287600, 1003699, 1, 0, 0
287700, 998781, 1, 0, 0
287800, 978786, 1, 0, 0
287900, 1002210, 1, 0, 0
288000, 989573, 1, 0, 0
288100, 974327, 1, 0, 0
288200, 989194, 1, 0, 0
288300, 1031194, 1, 0, 0
288400, 1000645, 1, 0, 0
288500, 1021529, 1, 0, 0
288600, 987318, 1, 0, 0
288700, 964385, 1, 0, 0
288800, 987865, 1, 0, 0
288900, 1005363, 1, 0, 0
289000, 996844, 1, 0, 0
289100, 980968, 1, 0, 0
289200, 981520, 1, 0, 0
289300, 1008957, 1, 0, 0
289401, 992788, 1, 0, 0
289500, 1035810, 1, 0, 0
289600, 991806, 1, 0, 0
289700, 1004000, 1, 0, 0
289800, 974122, 1, 0, 0
289900, 1020146, 1, 0, 0
290000, 1001523, 1, 0, 0
290100, 1006999, 1, 0, 0
290200, 1009918, 1, 0, 0
290300, 976887, 1, 0, 0
290400, 959988, 1, 0, 0
290500, 1012478, 1, 0, 0
290600, 946276, 1, 0, 0
290700, 1005220, 1, 0, 0
290800, 1058622, 1, 0, 0
290900, 982429, 1, 0, 0
291000, 970672, 1, 0, 0
291100, 1030490, 1, 0, 0
291200, 997037, 1, 0, 0
291300, 1015675, 1, 0, 0
291400, 965971, 1, 0, 0
291500, 999305, 1, 0, 0
291600, 976518, 1, 0, 0
291700, 1001857, 1, 0, 0
291800, 977701, 1, 0, 0
291900, 967220, 1, 0, 0
292000, 986511, 1, 0, 0
292100, 998170, 1, 0, 0
292200, 970827, 1, 0, 0
292301, 948956, 1, 0, 0
292400, 985361, 1, 0, 0
292500, 1047762, 1, 0, 0
292600, 944189, 1, 0, 0
292700, 996360, 1, 0, 0
292801, 998636, 1, 0, 0
292901, 1014013, 1, 0, 0
293000, 1016789, 1, 0, 0
293100, 1037934, 1, 0, 0
293200, 977965, 1, 0, 0
293300, 1035280, 1, 0, 0
293400, 991414, 1, 0, 0
293500, 1022728, 1, 0, 0
293600, 980807, 1, 0, 0
293700, 1023143, 1, 0, 0
293800, 992679, 1, 0, 0
293900, 1096261, 1, 0, 0
294000, 985966, 1, 0, 0
294100, 1029552, 1, 0, 0
294200, 1010017, 1, 0, 0
294300, 992571, 1, 0, 0
294400, 974331, 1, 0, 0
294501, 1016571, 1, 0, 0
294600, 1025990, 1, 0, 0
294700, 988877, 1, 0, 0
294800, 997850, 1, 0, 0
294900, 980633, 1, 0, 0
295000, 1039795, 1, 0, 0
295101, 978356, 1, 0, 0
295200, 1040233, 1, 0, 0
295300, 1027381, 1, 0, 0
295400, 952612, 1, 0, 0
295500, 966931, 1, 0, 0
295600, 985950, 1, 0, 0
295700, 962423, 1, 0, 0
295800, 960402, 1, 0, 0
295900, 989352, 1, 0, 0
296000, 1015672, 1, 0, 0
296100, 1014584, 1, 0, 0
296200, 1023940, 1, 0, 0
296300, 1013529, 1, 0, 0
296400, 1026389, 1, 0, 0
296500, 954835, 1, 0, 0
296600, 947827, 1, 0, 0
296700, 933906, 1, 0, 0
296800, 1022653, 1, 0, 0
296900, 975410, 1, 0, 0
297000, 962078, 1, 0, 0
297100, 1050937, 1, 0, 0
297200, 987404, 1, 0, 0
297300, 986207, 1, 0, 0
297400, 965553, 1, 0, 0
297500, 983727, 1, 0, 0
297600, 1011274, 1, 0, 0
297700, 1021032, 1, 0, 0
297800, 1017963, 1, 0, 0
297900, 970257, 1, 0, 0
298000, 966904, 1, 0, 0
298100, 970285, 1, 0, 0
298200, 959115, 1, 0, 0
298300, 1037247, 1, 0, 0
298400, 993820, 1, 0, 0
298500, 977311, 1, 0, 0
298600, 999699, 1, 0, 0
298700, 987909, 1, 0, 0
298800, 974436, 1, 0, 0
298901, 1012951, 1, 0, 0
299000, 1015754, 1, 0, 0
299100, 975109, 1, 0, 0
299200, 1028839, 1, 0, 0
299301, 997255, 1, 0, 0
299400, 1002530, 1, 0, 0
299500, 1084634, 1, 0, 0
299600, 1002453, 1, 0, 0
299700, 1019648, 1, 0, 0
299800, 1002843, 1, 0, 0
299900, 1019729, 1, 0, 0
300000, 993588, 1, 0, 0
300100, 1021244, 1, 0, 0
300200, 990492, 1, 0, 0
300300, 1017460, 1, 0, 0
300400, 1005269, 1, 0, 0
300500, 992801, 1, 0, 0
300600, 981763, 1, 0, 0
300700, 950420, 1, 0, 0
300800, 958600, 1, 0, 0
300901, 1026387, 1, 0, 0
301000, 980874, 1, 0, 0
301100, 1042684, 1, 0, 0
301200, 977310, 1, 0, 0
301300, 959220, 1, 0, 0
301400, 983120, 1, 0, 0
301500, 991660, 1, 0, 0
301600, 976941, 1, 0, 0
301700, 1007174, 1, 0, 0
301800, 1013534, 1, 0, 0
301900, 979634, 1, 0, 0
302002, 1042087, 1, 0, 0
302100, 1013240, 1, 0, 0
302200, 990291, 1, 0, 0
302300, 1010839, 1, 0, 0
302400, 1019988, 1, 0, 0
302501, 982114, 1, 0, 0
302600, 1012535, 1, 0, 0
302701, 975441, 1, 0, 0
302800, 1035188, 1, 0, 0
302900, 989415, 1, 0, 0
303000, 992542, 1, 0, 0
303100, 1013796, 1, 0, 0
303200, 1056340, 1, 0, 0
303300, 969131, 1, 0, 0
303400, 965498, 1, 0, 0
303500, 997301, 1, 0, 0
303600, 994038, 1, 0, 0
303700, 976605, 1, 0, 0
303800, 983553, 1, 0, 0
303900, 986655, 1, 0, 0
304000, 961334, 1, 0, 0
304100, 1011068, 1, 0, 0
304200, 970351, 1, 0, 0
304300, 991519, 1, 0, 0
304400, 1022276, 1, 0, 0
304500, 960984, 1, 0, 0
304601, 962761, 1, 0, 0
304700, 1062978, 1, 0, 0
304800, 1021175, 1, 0, 0
304901, 1038509, 1, 0, 0
305000, 1027620, 1, 0, 0
305100, 1017941, 1, 0, 0
305200, 1012127, 1, 0, 0
305301, 961724, 1, 0, 0
305400, 1050643, 1, 0, 0
305500, 1003246, 1, 0, 0
305600, 1012727, 1, 0, 0
305700, 962515, 1, 0, 0
305800, 969035, 1, 0, 0
305900, 970139, 1, 0, 0
306000, 950989, 1, 0, 0
306100, 981886, 1, 0, 0
306201, 980625, 1, 0, 0
306300, 1034926, 1, 0, 0
306400, 981445, 1, 0, 0
306500, 970426, 1, 0, 0
306600, 992826, 1, 0, 0
306700, 1036885, 1, 0, 0
306800, 1031714, 1, 0, 0
306900, 1029095, 1, 0, 0
307000, 999583, 1, 0, 0
307100, 969367, 1, 0, 0
307200, 995030, 1, 0, 0
307300, 942586, 1, 0, 0
307400, 1010259, 1, 0, 0
307500, 1031612, 1, 0, 0
307600, 979090, 1, 0, 0
307700, 990610, 1, 0, 0
307800, 968408, 1, 0, 0
307901, 999303, 1, 0, 0
308000, 993979, 1, 0, 0
308100, 991723, 1, 0, 0
308200, 1018390, 1, 0, 0
308300, 1048694, 1, 0, 0
308400, 999281, 1, 0, 0
308500, 998172, 1, 0, 0
308600, 1006328, 1, 0, 0
308700, 969351, 1, 0, 0
308800, 975783, 1, 0, 0
308900, 999232, 1, 0, 0
309000, 1026294, 1, 0, 0
309100, 1014760, 1, 0, 0
309201, 1026199, 1, 0, 0
309300, 996932, 1, 0, 0
309400, 924345, 1, 0, 0
309500, 956047, 1, 0, 0
309600, 953197, 1, 0, 0
309700, 1036683, 1, 0, 0
309800, 1013962, 1, 0, 0
309900, 1002689, 1, 0, 0
310000, 989249, 1, 0, 0
310100, 966006, 1, 0, 0
310201, 977254, 1, 0, 0
310300, 1014817, 1, 0, 0
310401, 999108, 1, 0, 0
310500, 1003340, 1, 0, 0
310600, 972276, 1, 0, 0
310700, 994073, 1, 0, 0
310800, 1013978, 1, 0, 0
310900, 998309, 1, 0, 0
311001, 1005514, 1, 0, 0
311100, 964296, 1, 0, 0
311200, 949897, 1, 0, 0
311300, 953560, 1, 0, 0
311400, 1041397, 1, 0, 0
311500, 969251, 1, 0, 0
311600, 994226, 1, 0, 0
311700, 1010336, 1, 0, 0
311800, 994586, 1, 0, 0
311900, 955855, 1, 0, 0
312000, 960531, 1, 0, 0
312100, 996352, 1, 0, 0
312200, 1010080, 1, 0, 0
312300, 1045097, 1, 0, 0
312400, 999690, 1, 0, 0
312500, 1030461, 1, 0, 0
312600, 1015339, 1, 0, 0
312700, 975191, 1, 0, 0
312800, 976970, 1, 0, 0
312900, 1037661, 1, 0, 0
313000, 1027688, 1, 0, 0
313100, 981601, 1, 0, 0
313200, 1021113, 1, 0, 0
313300, 973432, 1, 0, 0
313400, 1028771, 1, 0, 0
313501, 986976, 1, 0, 0
313600, 1009302, 1, 0, 0
313700, 962362, 1, 0, 0
313801, 960902, 1, 0, 0
313900, 1008768, 1, 0, 0
314000, 1017101, 1, 0, 0
314100, 987293, 1, 0, 0
314200, 973228, 1, 0, 0
314300, 972685, 1, 0, 0
314401, 1033455, 1, 0, 0
314500, 975019, 1, 0, 0
314600, 961896, 1, 0, 0
314700, 1049060, 1, 0, 0
314800, 985223, 1, 0, 0
314900, 989096, 1, 0, 0
315000, 1039212, 1, 0, 0
315100, 1014809, 1, 0, 0
315200, 1008128, 1, 0, 0
315300, 1006514, 1, 0, 0
315400, 1004372, 1, 0, 0
315500, 1025941, 1, 0, 0
315600, 1026765, 1, 0, 0
315701, 1038642, 1, 0, 0
315800, 977219, 1, 0, 0
315900, 951738, 1, 0, 0
316000, 947398, 1, 0, 0
316100, 1009741, 1, 0, 0
316200, 987811, 1, 0, 0
316300, 968448, 1, 0, 0
316400, 1001460, 1, 0, 0
316500, 1017820, 1, 0, 0
316600, 1018185, 1, 0, 0
316700, 1039933, 1, 0, 0
316800, 1031844, 1, 0, 0
316900, 992182, 1, 0, 0
317000, 1021034, 1, 0, 0
317100, 993498, 1, 0, 0
317200, 1081513, 1, 0, 0
317300, 1010131, 1, 0, 0
317400, 1018023, 1, 0, 0
317500, 986547, 1, 0, 0
317600, 1016607, 1, 0, 0
317700, 1013137, 1, 0, 0
317801, 1010976, 1, 0, 0
317900, 987410, 1, 0, 0
318000, 975474, 1, 0, 0
318100, 1012242, 1, 0, 0
318200, 1036716, 1, 0, 0
318300, 994382, 1, 0, 0
318400, 1027896, 1, 0, 0
318500, 1019033, 1, 0, 0
318600, 970742, 1, 0, 0
318700, 1013379, 1, 0, 0
318800, 988389, 1, 0, 0
318900, 1007414, 1, 0, 0
319000, 1052693, 1, 0, 0
319100, 1031026, 1, 0, 0
319200, 1021266, 1, 0, 0
319300, 1003982, 1, 0, 0
319400, 1025628, 1, 0, 0
319500, 1002005, 1, 0, 0
319600, 999016, 1, 0, 0
319700, 987214, 1, 0, 0
319800, 991754, 1, 0, 0
319900, 1060701, 1, 0, 0
320000, 1068909, 1, 0, 0
320100, 990761, 1, 0, 0
320200, 1037594, 1, 0, 0
320300, 1034683, 1, 0, 0
320400, 1018869, 1, 0, 0
320500, 1055667, 1, 0, 0
320601, 1053654, 1, 0, 0
320700, 1009690, 1, 0, 0
320800, 975812, 1, 0, 0
320900, 1010179, 1, 0, 0
321000, 1023598, 1, 0, 0
321100, 1018415, 1, 0, 0
321200, 1037668, 1, 0, 0
321300, 1023290, 1, 0, 0
321400, 1014901, 1, 0, 0
321500, 1008105, 1, 0, 0
321600, 997454, 1, 0, 0
321700, 1008767, 1, 0, 0
321800, 1005690, 1, 0, 0
321900, 1008691, 1, 0, 0
322000, 1030661, 1, 0, 0
322101, 1013000, 1, 0, 0
322200, 996763, 1, 0, 0
322300, 1018373, 1, 0, 0
322400, 982376, 1, 0, 0
322500, 1014249, 1, 0, 0
322600, 977418, 1, 0, 0
322701, 1016154, 1, 0, 0
322800, 1012220, 1, 0, 0
322900, 1009019, 1, 0, 0
323000, 994546, 1, 0, 0
323100, 1028179, 1, 0, 0
323200, 1024138, 1, 0, 0
323300, 1032517, 1, 0, 0
323400, 997443, 1, 0, 0
323500, 1045243, 1, 0, 0
323600, 986193, 1, 0, 0
323701, 1008184, 1, 0, 0
323800, 991844, 1, 0, 0
323900, 971167, 1, 0, 0
324000, 997279, 1, 0, 0
324100, 1013082, 1, 0, 0
324200, 987589, 1, 0, 0
324300, 1016755, 1, 0, 0
324400, 1015373, 1, 0, 0
324500, 1012366, 1, 0, 0
324600, 995051, 1, 0, 0
324700, 1020922, 1, 0, 0
324800, 1010226, 1, 0, 0
324900, 1001844, 1, 0, 0
325000, 1027009, 1, 0, 0
325100, 1030613, 1, 0, 0
325200, 1023915, 1, 0, 0
325300, 1008634, 1, 0, 0
325400, 1034285, 1, 0, 0
325500, 962707, 1, 0, 0
325600, 977750, 1, 0, 0
325700, 992531, 1, 0, 0
325800, 990076, 1, 0, 0
325900, 990920, 1, 0, 0
326000, 990223, 1, 0, 0
326100, 976018, 1, 0, 0
326200, 1003527, 1, 0, 0
326300, 981816, 1, 0, 0
326400, 969249, 1, 0, 0
326500, 933326, 1, 0, 0
326600, 981593, 1, 0, 0
326700, 1019517, 1, 0, 0
326800, 965941, 1, 0, 0
326900, 973527, 1, 0, 0
327000, 984425, 1, 0, 0
327100, 945476, 1, 0, 0
327200, 966439, 1, 0, 0
327300, 998568, 1, 0, 0
327401, 984673, 1, 0, 0
327500, 1012447, 1, 0, 0
327600, 958888, 1, 0, 0
327700, 951062, 1, 0, 0
327800, 960017, 1, 0, 0
327900, 1000327, 1, 0, 0
328000, 985392, 1, 0, 0
328100, 1010030, 1, 0, 0
328200, 968894, 1, 0, 0
328300, 1031728, 1, 0, 0
328400, 983905, 1, 0, 0
328500, 968953, 1, 0, 0
328600, 987343, 1, 0, 0
328700, 983244, 1, 0, 0
328800, 959916, 1, 0, 0
328900, 963432, 1, 0, 0
329000, 983109, 1, 0, 0
329101, 1031877, 1, 0, 0
329200, 1003919, 1, 0, 0
329300, 1031509, 1, 0, 0
329400, 973114, 1, 0, 0
329500, 1003309, 1, 0, 0
329600, 977043, 1, 0, 0
329700, 993542, 1, 0, 0
329800, 974298, 1, 0, 0
329900, 983304, 1, 0, 0
330000, 971331, 1, 0, 0
330100, 1017663, 1, 0, 0
330200, 989647, 1, 0, 0
330300, 967248, 1, 0, 0
330400, 982051, 1, 0, 0
330500, 997789, 1, 0, 0
330600, 1026765, 1, 0, 0
330700, 964156, 1, 0, 0
330800, 978871, 1, 0, 0
330900, 974233, 1, 0, 0
331000, 962770, 1, 0, 0
331100, 991136, 1, 0, 0
331200, 994605, 1, 0, 0
331300, 972411, 1, 0, 0
331400, 1026353, 1, 0, 0
331500, 972013, 1, 0, 0
331600, 1010757, 1, 0, 0
331700, 962551, 1, 0, 0
331800, 997601, 1, 0, 0
331900, 970927, 1, 0, 0
332000, 978166, 1, 0, 0
332100, 953280, 1, 0, 0
332200, 994240, 1, 0, 0
332300, 991594, 1, 0, 0
332400, 953671, 1, 0, 0
332500, 965843, 1, 0, 0
332600, 971261, 1, 0, 0
332700, 1020636, 1, 0, 0
332800, 960993, 1, 0, 0
332900, 996624, 1, 0, 0
333000, 984807, 1, 0, 0
333100, 981317, 1, 0, 0
333200, 968765, 1, 0, 0
333300, 965677, 1, 0, 0
333400, 998431, 1, 0, 0
333500, 1063592, 1, 0, 0
333600, 972861, 1, 0, 0
333700, 956414, 1, 0, 0
333801, 989777, 1, 0, 0
333900, 1002453, 1, 0, 0
334000, 1011641, 1, 0, 0
334101, 1029151, 1, 0, 0
334200, 980384, 1, 0, 0
334300, 970640, 1, 0, 0
334400, 957562, 1, 0, 0
334500, 960723, 1, 0, 0
334600, 1033707, 1, 0, 0
334700, 984698, 1, 0, 0
334800, 956473, 1, 0, 0
334900, 997475, 1, 0, 0
335000, 1010434, 1, 0, 0
335100, 998842, 1, 0, 0
335200, 977150, 1, 0, 0
335300, 996917, 1, 0, 0
335400, 968097, 1, 0, 0
335500, 1044738, 1, 0, 0
335600, 1031702, 1, 0, 0
335700, 989105, 1, 0, 0
335800, 996376, 1, 0, 0
335900, 954877, 1, 0, 0
336000, 963990, 1, 0, 0
336100, 983797, 1, 0, 0
336200, 976704, 1, 0, 0
336300, 1003473, 1, 0, 0
336400, 968663, 1, 0, 0
336500, 969997, 1, 0, 0
336600, 1045951, 1, 0, 0
336700, 1014503, 1, 0, 0
336800, 1014394, 1, 0, 0
336900, 966288, 1, 0, 0
337000, 995745, 1, 0, 0
337100, 996251, 1, 0, 0
337200, 1009531, 1, 0, 0
337300, 1006616, 1, 0, 0
337400, 974433, 1, 0, 0
337500, 982365, 1, 0, 0
337600, 939621, 1, 0, 0
337700, 991217, 1, 0, 0
337800, 1018334, 1, 0, 0
337900, 986130, 1, 0, 0
338000, 992842, 1, 0, 0
338100, 1039440, 1, 0, 0
338200, 1002389, 1, 0, 0
338300, 996425, 1, 0, 0
338400, 1013608, 1, 0, 0
338500, 1012621, 1, 0, 0
338600, 1010325, 1, 0, 0
338700, 991326, 1, 0, 0
338800, 995087, 1, 0, 0
338900, 982177, 1, 0, 0
339000, 948462, 1, 0, 0
339100, 1038491, 1, 0, 0
339200, 1008951, 1, 0, 0
339300, 1001684, 1, 0, 0
339400, 992995, 1, 0, 0
339500, 996015, 1, 0, 0
339600, 981241, 1, 0, 0
339700, 1016551, 1, 0, 0
339800, 1014926, 1, 0, 0
339900, 1004130, 1, 0, 0
340000, 973583, 1, 0, 0
340100, 1023615, 1, 0, 0
340200, 990103, 1, 0, 0
340300, 1003233, 1, 0, 0
340400, 960094, 1, 0, 0
340500, 1038428, 1, 0, 0
340600, 954825, 1, 0, 0
340700, 1018310, 1, 0, 0
340800, 978965, 1, 0, 0
340900, 1007476, 1, 0, 0
341000, 1000346, 1, 0, 0
341101, 997933, 1, 0, 0
341200, 998385, 1, 0, 0
341301, 956845, 1, 0, 0
341400, 1029005, 1, 0, 0
341500, 1010545, 1, 0, 0
341600, 984782, 1, 0, 0
341700, 959101, 1, 0, 0
341800, 965737, 1, 0, 0
341900, 1004644, 1, 0, 0
342000, 999779, 1, 0, 0
342100, 976834, 1, 0, 0
342200, 1030801, 1, 0, 0
342300, 1022619, 1, 0, 0
342400, 964627, 1, 0, 0
342500, 957864, 1, 0, 0
342600, 980189, 1, 0, 0
342700, 985272, 1, 0, 0
342800, 1027898, 1, 0, 0
342900, 1008925, 1, 0, 0
343000, 1003306, 1, 0, 0
343100, 1069573, 1, 0, 0
343200, 982969, 1, 0, 0
343300, 1010007, 1, 0, 0
343400, 999165, 1, 0, 0
343500, 1008454, 1, 0, 0
343600, 996760, 1, 0, 0
343700, 961728, 1, 0, 0
343800, 1004342, 1, 0, 0
343900, 952466, 1, 0, 0
344000, 977094, 1, 0, 0
344100, 963113, 1, 0, 0
344201, 962897, 1, 0, 0
344300, 1000398, 1, 0, 0
344400, 1023946, 1, 0, 0
344500, 1000966, 1, 0, 0
344600, 959145, 1, 0, 0
344700, 970152, 1, 0, 0
344800, 953114, 1, 0, 0
344900, 991474, 1, 0, 0
345000, 983673, 1, 0, 0
345100, 988017, 1, 0, 0
345200, 984912, 1, 0, 0
345300, 942857, 1, 0, 0
345400, 962698, 1, 0, 0
345500, 997045, 1, 0, 0
345600, 966268, 1, 0, 0
345700, 983850, 1, 0, 0
345800, 1034943, 1, 0, 0
345900, 987798, 1, 0, 0
346000, 1013081, 1, 0, 0
346100, 976153, 1, 0, 0
346200, 945479, 1, 0, 0
346300, 1010445, 1, 0, 0
346401, 1020028, 1, 0, 0
346500, 980455, 1, 0, 0
346600, 977213, 1, 0, 0
346700, 969726, 1, 0, 0
346800, 931199, 1, 0, 0
346900, 923804, 1, 0, 0
347000, 961688, 1, 0, 0
347101, 969508, 1, 0, 0
347200, 985112, 1, 0, 0
347301, 1024293, 1, 0, 0
347400, 953007, 1, 0, 0
347500, 971419, 1, 0, 0
347601, 984117, 1, 0, 0
347700, 965456, 1, 0, 0
347800, 949720, 1, 0, 0
347900, 1002135, 1, 0, 0
348000, 960305, 1, 0, 0
348100, 996092, 1, 0, 0
348200, 979720, 1, 0, 0
348300, 999431, 1, 0, 0
348400, 1009590, 1, 0, 0
348500, 960885, 1, 0, 0
348600, 965415, 1, 0, 0
348700, 983861, 1, 0, 0
348800, 964567, 1, 0, 0
348900, 973310, 1, 0, 0
349001, 987530, 1, 0, 0
349100, 1000785, 1, 0, 0
349200, 966977, 1, 0, 0
349300, 1013454, 1, 0, 0
349400, 987610, 1, 0, 0
349500, 961330, 1, 0, 0
349600, 1007837, 1, 0, 0
349701, 1015838, 1, 0, 0
349800, 997477, 1, 0, 0
349900, 985334, 1, 0, 0
350000, 1000691, 1, 0, 0
350100, 980545, 1, 0, 0
350200, 972844, 1, 0, 0
350300, 990614, 1, 0, 0
350401, 994314, 1, 0, 0
350500, 945756, 1, 0, 0
350600, 961532, 1, 0, 0
350700, 1013111, 1, 0, 0
350801, 994810, 1, 0, 0
350900, 972592, 1, 0, 0
351000, 956528, 1, 0, 0
351100, 1007272, 1, 0, 0
351201, 975980, 1, 0, 0
351300, 974979, 1, 0, 0
351401, 986191, 1, 0, 0
351500, 991482, 1, 0, 0
351600, 1021827, 1, 0, 0
351700, 999125, 1, 0, 0
351800, 974759, 1, 0, 0
351900, 1002977, 1, 0, 0
352000, 997367, 1, 0, 0
352100, 1015549, 1, 0, 0
352200, 983688, 1, 0, 0
352300, 1004426, 1, 0, 0
352400, 1001048, 1, 0, 0
352500, 996540, 1, 0, 0
352600, 972659, 1, 0, 0
352700, 1045634, 1, 0, 0
352800, 1079255, 1, 0, 0
352900, 982845, 1, 0, 0
353000, 949433, 1, 0, 0
353100, 1003780, 1, 0, 0
353200, 1003807, 1, 0, 0
353301, 1012569, 1, 0, 0
353400, 948357, 1, 0, 0
353500, 985103, 1, 0, 0
353600, 1005032, 1, 0, 0
353700, 966820, 1, 0, 0
353800, 1019159, 1, 0, 0
353900, 982778, 1, 0, 0
354000, 1041567, 1, 0, 0
354100, 981112, 1, 0, 0
354200, 963060, 1, 0, 0
354300, 1006565, 1, 0, 0
354400, 970031, 1, 0, 0
354500, 1045682, 1, 0, 0
354600, 986456, 1, 0, 0
354700, 1009128, 1, 0, 0
354801, 1029658, 1, 0, 0
354900, 975630, 1, 0, 0
355000, 1040702, 1, 0, 0
355100, 1001257, 1, 0, 0
355200, 1009076, 1, 0, 0
355300, 987746, 1, 0, 0
355400, 964898, 1, 0, 0
355500, 986843, 1, 0, 0
355600, 1027058, 1, 0, 0
355700, 1047112, 1, 0, 0
355800, 1010439, 1, 0, 0
355900, 1009989, 1, 0, 0
356000, 979643, 1, 0, 0
356100, 960817, 1, 0, 0
356200, 1049367, 1, 0, 0
356301, 989332, 1, 0, 0
356400, 963643, 1, 0, 0
356500, 1007717, 1, 0, 0
356600, 1018049, 1, 0, 0
356700, 978354, 1, 0, 0
356800, 948105, 1, 0, 0
356900, 1019709, 1, 0, 0
357000, 1001566, 1, 0, 0
357100, 1020284, 1, 0, 0
357200, 980536, 1, 0, 0
357300, 981529, 1, 0, 0
357400, 1008205, 1, 0, 0
357500, 967934, 1, 0, 0
357600, 1029064, 1, 0, 0
357700, 1021013, 1, 0, 0
357800, 1010212, 1, 0, 0
357900, 1017393, 1, 0, 0
358000, 970154, 1, 0, 0
358100, 970977, 1, 0, 0
358200, 966234, 1, 0, 0
358300, 1002869, 1, 0, 0
358400, 1053524, 1, 0, 0
358500, 992560, 1, 0, 0
358600, 985476, 1, 0, 0
358700, 1039980, 1, 0, 0
358801, 1039641, 1, 0, 0
358900, 990968, 1, 0, 0
359000, 995539, 1, 0, 0
359100, 997441, 1, 0, 0
359200, 1001470, 1, 0, 0
359300, 1013692, 1, 0, 0
359400, 976493, 1, 0, 0
359500, 1025950, 1, 0, 0
359600, 1053309, 1, 0, 0
359700, 1024073, 1, 0, 0
359800, 994591, 1, 0, 0
359900, 1006084, 1, 0, 0
360000, 999359, 1, 0, 0
360100, 1030954, 1, 0, 0
360200, 998444, 1, 0, 0
360300, 1037671, 1, 0, 0
360400, 997474, 1, 0, 0
360500, 1031239, 1, 0, 0
360600, 998438, 1, 0, 0
360700, 972638, 1, 0, 0
360800, 997357, 1, 0, 0
360900, 1026728, 1, 0, 0
361000, 1031655, 1, 0, 0
361100, 990684, 1, 0, 0
361200, 1024292, 1, 0, 0
361300, 1025028, 1, 0, 0
361400, 998275, 1, 0, 0
361500, 977784, 1, 0, 0
361600, 953035, 1, 0, 0
361700, 1031643, 1, 0, 0
361800, 1030161, 1, 0, 0
361900, 1005643, 1, 0, 0
362000, 1068798, 1, 0, 0
362100, 1002235, 1, 0, 0
362200, 1042221, 1, 0, 0
362300, 1018282, 1, 0, 0
362400, 963528, 1, 0, 0
362500, 1040033, 1, 0, 0
362600, 1042729, 1, 0, 0
362700, 995898, 1, 0, 0
362800, 977239, 1, 0, 0
362900, 1017169, 1, 0, 0
363000, 1003755, 1, 0, 0
363100, 1011757, 1, 0, 0
363200, 1011605, 1, 0, 0
363300, 1083601, 1, 0, 0
363400, 959747, 1, 0, 0
363500, 1004932, 1, 0, 0
363600, 1043788, 1, 0, 0
363700, 1032402, 1, 0, 0
363800, 1012367, 1, 0, 0
363900, 985773, 1, 0, 0
364000, 1037410, 1, 0, 0
364100, 1014696, 1, 0, 0
364200, 1046196, 1, 0, 0
364300, 1035895, 1, 0, 0
364400, 971686, 1, 0, 0
364500, 1054061, 1, 0, 0
364600, 1031825, 1, 0, 0
364700, 1011573, 1, 0, 0
364800, 985553, 1, 0, 0
364900, 1084962, 1, 0, 0
365000, 1046932, 1, 0, 0
365101, 1069398, 1, 0, 0
365200, 1028746, 1, 0, 0
365300, 1033154, 1, 0, 0
365400, 1039752, 1, 0, 0
365501, 1036884, 1, 0, 0
365600, 1091210, 1, 0, 0
365700, 995007, 1, 0, 0
365800, 1038439, 1, 0, 0
365901, 983207, 1, 0, 0
366000, 1019348, 1, 0, 0
366100, 1029660, 1, 0, 0
366200, 1011344, 1, 0, 0
366300, 997420, 1, 0, 0
366400, 1001958, 1, 0, 0
366501, 1033404, 1, 0, 0
366600, 1011898, 1, 0, 0
366700, 1006672, 1, 0, 0
366800, 1069811, 1, 0, 0
366900, 1004482, 1, 0, 0
367001, 1010847, 1, 0, 0
367100, 1006863, 1, 0, 0
367200, 1048597, 1, 0, 0
367300, 982343, 1, 0, 0
367400, 987705, 1, 0, 0
367500, 1009170, 1, 0, 0
367600, 994065, 1, 0, 0
367700, 1018454, 1, 0, 0
367801, 1011920, 1, 0, 0
367900, 986717, 1, 0, 0
368000, 964095, 1, 0, 0
368100, 977578, 1, 0, 0
368200, 1011618, 1, 0, 0
368300, 986777, 1, 0, 0
368400, 971200, 1, 0, 0
368500, 946475, 1, 0, 0
368600, 1014371, 1, 0, 0
368700, 980733, 1, 0, 0
368800, 997263, 1, 0, 0
368900, 963607, 1, 0, 0
369000, 958942, 1, 0, 0
369101, 1009330, 1, 0, 0
369200, 1006643, 1, 0, 0
369300, 988837, 1, 0, 0
369400, 1027930, 1, 0, 0
369500, 945608, 1, 0, 0
369600, 968643, 1, 0, 0
369700, 991588, 1, 0, 0
369800, 1010234, 1, 0, 0
369900, 1005440, 1, 0, 0
370000, 973132, 1, 0, 0
370100, 968506, 1, 0, 0
370200, 991763, 1, 0, 0
370300, 947343, 1, 0, 0
370400, 978152, 1, 0, 0
370500, 1024004, 1, 0, 0
370600, 1054487, 1, 0, 0
370700, 987565, 1, 0, 0
370800, 1002613, 1, 0, 0
370900, 985951, 1, 0, 0
371000, 995112, 1, 0, 0
371100, 967783, 1, 0, 0
371200, 1006083, 1, 0, 0
371300, 1015376, 1, 0, 0
371400, 989839, 1, 0, 0
371500, 988637, 1, 0, 0
371600, 993434, 1, 0, 0
371700, 1001883, 1, 0, 0
371800, 974724, 1, 0, 0
371900, 981963, 1, 0, 0
372000, 1015922, 1, 0, 0
372100, 957968, 1, 0, 0
372200, 998152, 1, 0, 0
372300, 967849, 1, 0, 0
372400, 962930, 1, 0, 0
372500, 972600, 1, 0, 0
372600, 992004, 1, 0, 0
372700, 994003, 1, 0, 0
372800, 1021403, 1, 0, 0
372900, 962149, 1, 0, 0
373000, 976182, 1, 0, 0
373100, 966710, 1, 0, 0
373200, 1000120, 1, 0, 0
373300, 1002385, 1, 0, 0
373400, 1061106, 1, 0, 0
373501, 984223, 1, 0, 0
373600, 1041741, 1, 0, 0
373700, 1030009, 1, 0, 0
373800, 981656, 1, 0, 0
373901, 1027353, 1, 0, 0
374000, 1009032, 1, 0, 0
374100, 990288, 1, 0, 0
374200, 1038576, 1, 0, 0
374300, 1024467, 1, 0, 0
374400, 962859, 1, 0, 0
374500, 989460, 1, 0, 0
374600, 940551, 1, 0, 0
374700, 983373, 1, 0, 0
374800, 976272, 1, 0, 0
374900, 1014194, 1, 0, 0
375000, 970026, 1, 0, 0
375100, 995400, 1, 0, 0
375200, 972119, 1, 0, 0
375300, 974929, 1, 0, 0
375400, 977943, 1, 0, 0
375500, 952920, 1, 0, 0
375600, 970950, 1, 0, 0
375700, 969910, 1, 0, 0
375800, 970353, 1, 0, 0
375900, 974948, 1, 0, 0
376000, 989397, 1, 0, 0
376100, 1009737, 1, 0, 0
376200, 1001323, 1, 0, 0
376300, 982576, 1, 0, 0
376400, 981434, 1, 0, 0
376500, 1003781, 1, 0, 0
376601, 997098, 1, 0, 0
376700, 1026559, 1, 0, 0
376800, 981789, 1, 0, 0
376900, 998547, 1, 0, 0
377000, 1001676, 1, 0, 0
377100, 1014275, 1, 0, 0
377200, 984483, 1, 0, 0
377300, 1011440, 1, 0, 0
377400, 1025359, 1, 0, 0
377500, 986913, 1, 0, 0
377600, 994752, 1, 0, 0
377700, 1062422, 1, 0, 0
377800, 1038661, 1, 0, 0
377900, 967326, 1, 0, 0
378001, 1022648, 1, 0, 0
378100, 1027341, 1, 0, 0
378200, 973916, 1, 0, 0
378300, 987829, 1, 0, 0
378400, 996198, 1, 0, 0
378500, 1016366, 1, 0, 0
378600, 1008055, 1, 0, 0
378700, 997281, 1, 0, 0
378800, 1069350, 1, 0, 0
378900, 1034704, 1, 0, 0
379000, 989632, 1, 0, 0
379100, 1001016, 1, 0, 0
379200, 1008550, 1, 0, 0
379300, 1006953, 1, 0, 0
379400, 1017970, 1, 0, 0
379500, 1046534, 1, 0, 0
379600, 1003123, 1, 0, 0
379700, 1081240, 1, 0, 0
379800, 1041584, 1, 0, 0
379900, 1023026, 1, 0, 0
380000, 1053155, 1, 0, 0
380100, 1071933, 1, 0, 0
380201, 1005238, 1, 0, 0
380300, 1037220, 1, 0, 0
380400, 1027100, 1, 0, 0
380500, 999534, 1, 0, 0
380600, 1011887, 1, 0, 0
380700, 1029050, 1, 0, 0
380801, 1076149, 1, 0, 0
380900, 1024663, 1, 0, 0
381000, 957814, 1, 0, 0
381100, 1001409, 1, 0, 0
381200, 989134, 1, 0, 0
381301, 1007981, 1, 0, 0
381400, 978290, 1, 0, 0
381500, 992066, 1, 0, 0
381600, 1025305, 1, 0, 0
381700, 1015946, 1, 0, 0
381801, 1008385, 1, 0, 0
381900, 979620, 1, 0, 0
382000, 1039317, 1, 0, 0
382100, 1069043, 1, 0, 0
382200, 1034663, 1, 0, 0
382301, 1030827, 1, 0, 0
382400, 1020456, 1, 0, 0
382500, 1031709, 1, 0, 0
382600, 1005017, 1, 0, 0
382700, 1020574, 1, 0, 0
382801, 1036033, 1, 0, 0
382900, 1046208, 1, 0, 0
383000, 1066764, 1, 0, 0
383101, 1021142, 1, 0, 0
383200, 995603, 1, 0, 0
383300, 1057412, 1, 0, 0
383400, 1044346, 1, 0, 0
383500, 1040241, 1, 0, 0
383600, 993946, 1, 0, 0
383700, 1020424, 1, 0, 0
383800, 1000372, 1, 0, 0
383900, 1011154, 1, 0, 0
384000, 1016093, 1, 0, 0
384100, 1005977, 1, 0, 0
384200, 987252, 1, 0, 0
384300, 968729, 1, 0, 0
384400, 1016724, 1, 0, 0
384501, 965179, 1, 0, 0
384600, 1060957, 1, 0, 0
384700, 1007277, 1, 0, 0
384800, 982558, 1, 0, 0
384900, 985367, 1, 0, 0
385000, 969409, 1, 0, 0
385100, 958298, 1, 0, 0
385200, 1031094, 1, 0, 0
385300, 983852, 1, 0, 0
385400, 952320, 1, 0, 0
385500, 993543, 1, 0, 0
385600, 1023070, 1, 0, 0
385700, 1083471, 1, 0, 0
385800, 993230, 1, 0, 0
385900, 1002517, 1, 0, 0
386000, 1000179, 1, 0, 0
386100, 948056, 1, 0, 0
386200, 962053, 1, 0, 0
386300, 1012599, 1, 0, 0
386400, 967083, 1, 0, 0
386500, 957362, 1, 0, 0
386600, 993608, 1, 0, 0
386701, 979731, 1, 0, 0
386800, 997117, 1, 0, 0
386900, 975934, 1, 0, 0
387000, 981390, 1, 0, 0
387100, 1023401, 1, 0, 0
387200, 981389, 1, 0, 0
387300, 1022734, 1, 0, 0
387400, 951953, 1, 0, 0
387500, 1016595, 1, 0, 0
387602, 1006038, 1, 0, 0
387700, 986596, 1, 0, 0
387800, 996138, 1, 0, 0
387900, 985423, 1, 0, 0
388000, 1001274, 1, 0, 0
388100, 1007682, 1, 0, 0
388200, 987251, 1, 0, 0
388300, 986577, 1, 0, 0
388400, 954668, 1, 0, 0
388500, 986966, 1, 0, 0
388600, 975787, 1, 0, 0
388700, 1007428, 1, 0, 0
388800, 1000234, 1, 0, 0
388900, 986500, 1, 0, 0
389001, 981269, 1, 0, 0
389100, 955212, 1, 0, 0
389200, 1009258, 1, 0, 0
389300, 988696, 1, 0, 0
389400, 1029856, 1, 0, 0
389502, 1012537, 1, 0, 0
389601, 1001182, 1, 0, 0
389700, 1054748, 1, 0, 0
389800, 997293, 1, 0, 0
389900, 1011075, 1, 0, 0
390000, 1007138, 1, 0, 0
390100, 961390, 1, 0, 0
390200, 975638, 1, 0, 0
390300, 998823, 1, 0, 0
390401, 981810, 1, 0, 0
390500, 974253, 1, 0, 0
390600, 1001541, 1, 0, 0
390700, 982052, 1, 0, 0
390800, 956609, 1, 0, 0
390900, 954807, 1, 0, 0
391000, 977935, 1, 0, 0
391100, 997522, 1, 0, 0
391200, 959494, 1, 0, 0
391300, 981324, 1, 0, 0
391400, 1014083, 1, 0, 0
391500, 976616, 1, 0, 0
391600, 985068, 1, 0, 0
391700, 990333, 1, 0, 0
391800, 961286, 1, 0, 0
391900, 1063195, 1, 0, 0
392000, 979874, 1, 0, 0
392100, 976236, 1, 0, 0
392200, 1010388, 1, 0, 0
392300, 960671, 1, 0, 0
392400, 1004217, 1, 0, 0
392500, 971643, 1, 0, 0
392600, 958688, 1, 0, 0
392700, 984147, 1, 0, 0
392800, 968730, 1, 0, 0
392900, 963410, 1, 0, 0
393000, 1027454, 1, 0, 0
393100, 939669, 1, 0, 0
393200, 968444, 1, 0, 0
393300, 1001910, 1, 0, 0
393400, 984243, 1, 0, 0
393500, 985117, 1, 0, 0
393600, 969243, 1, 0, 0
393700, 1021546, 1, 0, 0
393800, 954515, 1, 0, 0
393900, 977055, 1, 0, 0
394000, 1024419, 1, 0, 0
394100, 982117, 1, 0, 0
394200, 987610, 1, 0, 0
394300, 1001037, 1, 0, 0
394400, 1010521, 1, 0, 0
394500, 1005990, 1, 0, 0
394600, 980543, 1, 0, 0
394700, 990352, 1, 0, 0
394800, 988220, 1, 0, 0
394900, 1039628, 1, 0, 0
395000, 994742, 1, 0, 0
395100, 1000492, 1, 0, 0
395200, 1031583, 1, 0, 0
395300, 1023994, 1, 0, 0
395400, 1033329, 1, 0, 0
395500, 1007166, 1, 0, 0
395600, 1059908, 1, 0, 0
395700, 1031673, 1, 0, 0
395800, 1034226, 1, 0, 0
395900, 1046846, 1, 0, 0
396000, 995609, 1, 0, 0
396100, 996371, 1, 0, 0
396200, 985599, 1, 0, 0
396300, 965314, 1, 0, 0
396400, 975792, 1, 0, 0
396500, 991116, 1, 0, 0
396600, 996582, 1, 0, 0
396700, 968710, 1, 0, 0
396800, 978042, 1, 0, 0
396900, 949373, 1, 0, 0
397000, 1035792, 1, 0, 0
397100, 1013698, 1, 0, 0
397200, 979674, 1, 0, 0
397300, 1003938, 1, 0, 0
397400, 980865, 1, 0, 0
397500, 985636, 1, 0, 0
397600, 1017891, 1, 0, 0
397700, 991737, 1, 0, 0
397800, 954012, 1, 0, 0
397900, 1016281, 1, 0, 0
398000, 986488, 1, 0, 0
398102, 1018375, 1, 0, 0
398200, 1001609, 1, 0, 0
398300, 1064853, 1, 0, 0
398400, 975532, 1, 0, 0
398500, 982337, 1, 0, 0
398600, 1015471, 1, 0, 0
398700, 961657, 1, 0, 0
398801, 1001057, 1, 0, 0
398900, 975236, 1, 0, 0
399000, 996972, 1, 0, 0
399100, 980722, 1, 0, 0
399200, 971737, 1, 0, 0
399300, 964602, 1, 0, 0
399400, 981884, 1, 0, 0
399500, 969410, 1, 0, 0
399600, 953650, 1, 0, 0
399700, 968184, 1, 0, 0
399800, 961185, 1, 0, 0
399900, 988105, 1, 0, 0
400000, 978649, 1, 0, 0
400100, 979469, 1, 0, 0
400200, 981981, 1, 0, 0
400300, 984384, 1, 0, 0
400400, 1021534, 1, 0, 0
400500, 1017874, 1, 0, 0
400600, 988076, 1, 0, 0
400700, 969130, 1, 0, 0
400800, 984078, 1, 0, 0
400900, 999948, 1, 0, 0
401001, 1017177, 1, 0, 0
401100, 1004917, 1, 0, 0
401200, 988101, 1, 0, 0
401300, 956927, 1, 0, 0
401401, 984049, 1, 0, 0
401500, 973850, 1, 0, 0
401600, 971561, 1, 0, 0
401700, 1023615, 1, 0, 0
401800, 946353, 1, 0, 0
401900, 959476, 1, 0, 0
402000, 1015686, 1, 0, 0
402100, 981644, 1, 0, 0
402200, 1047039, 1, 0, 0
402300, 992521, 1, 0, 0
402400, 997860, 1, 0, 0
402501, 971052, 1, 0, 0
402600, 1009181, 1, 0, 0
402700, 969356, 1, 0, 0
402800, 970927, 1, 0, 0
402900, 1015869, 1, 0, 0
403000, 966166, 1, 0, 0
403100, 972094, 1, 0, 0
403200, 968216, 1, 0, 0
403300, 940530, 1, 0, 0
403400, 990859, 1, 0, 0
403500, 992221, 1, 0, 0
403600, 979334, 1, 0, 0
403700, 966149, 1, 0, 0
403800, 1052461, 1, 0, 0
403900, 963346, 1, 0, 0
404000, 983556, 1, 0, 0
404100, 1005933, 1, 0, 0
404200, 977573, 1, 0, 0
404300, 962678, 1, 0, 0
404400, 968809, 1, 0, 0
404500, 1010565, 1, 0, 0
404602, 992737, 1, 0, 0
404700, 975894, 1, 0, 0
404800, 1015573, 1, 0, 0
404900, 1012570, 1, 0, 0
405000, 951254, 1, 0, 0
405100, 1036177, 1, 0, 0
405200, 995600, 1, 0, 0
405300, 976440, 1, 0, 0
405400, 1021952, 1, 0, 0
405500, 994590, 1, 0, 0
405600, 1018922, 1, 0, 0
405700, 1040461, 1, 0, 0
405800, 1018798, 1, 0, 0
405900, 1017931, 1, 0, 0
406000, 987127, 1, 0, 0
406100, 993128, 1, 0, 0
406200, 1034048, 1, 0, 0
406300, 1027769, 1, 0, 0
406400, 990856, 1, 0, 0
406500, 1008248, 1, 0, 0
406600, 981441, 1, 0, 0
406700, 1035731, 1, 0, 0
406800, 1044278, 1, 0, 0
406900, 1049533, 1, 0, 0
407000, 1012277, 1, 0, 0
407100, 1002168, 1, 0, 0
407200, 1040785, 1, 0, 0
407300, 1003704, 1, 0, 0
407400, 995863, 1, 0, 0
407500, 1053182, 1, 0, 0
407600, 1062225, 1, 0, 0
407700, 1033551, 1, 0, 0
407800, 977426, 1, 0, 0
407900, 972161, 1, 0, 0
408000, 1015893, 1, 0, 0
408100, 1032502, 1, 0, 0
408200, 980570, 1, 0, 0
408300, 982005, 1, 0, 0
408400, 1082963, 1, 0, 0
408500, 975693, 1, 0, 0
408600, 974029, 1, 0, 0
408701, 1025715, 1, 0, 0
408800, 1000537, 1, 0, 0
408900, 1042176, 1, 0, 0
409000, 1024518, 1, 0, 0
409100, 998845, 1, 0, 0
409200, 995520, 1, 0, 0
409300, 995241, 1, 0, 0
409400, 1017665, 1, 0, 0
409500, 1002563, 1, 0, 0
409600, 1021469, 1, 0, 0
409700, 1007006, 1, 0, 0
409800, 1016856, 1, 0, 0
409900, 980387, 1, 0, 0
410000, 1022841, 1, 0, 0
410100, 1003747, 1, 0, 0
410200, 981258, 1, 0, 0
410300, 976215, 1, 0, 0
410400, 972177, 1, 0, 0
410500, 1015260, 1, 0, 0
410600, 1037216, 1, 0, 0
410700, 991650, 1, 0, 0
410800, 967271, 1, 0, 0
410900, 998103, 1, 0, 0
411000, 985273, 1, 0, 0
411100, 971598, 1, 0, 0
411200, 1030128, 1, 0, 0
411300, 1047950, 1, 0, 0
411400, 978257, 1, 0, 0
411500, 999796, 1, 0, 0
411600, 998611, 1, 0, 0
411700, 999882, 1, 0, 0
411800, 996924, 1, 0, 0
411900, 988352, 1, 0, 0
412000, 1015999, 1, 0, 0
412100, 988491, 1, 0, 0
412200, 971513, 1, 0, 0
412301, 1003831, 1, 0, 0
412400, 1016843, 1, 0, 0
412500, 1017497, 1, 0, 0
412600, 1009757, 1, 0, 0
412700, 994939, 1, 0, 0
412800, 1018041, 1, 0, 0
412900, 944274, 1, 0, 0
413000, 1024570, 1, 0, 0
413100, 1003063, 1, 0, 0
413200, 1000080, 1, 0, 0
413300, 1007206, 1, 0, 0
413400, 991155, 1, 0, 0
413500, 1009464, 1, 0, 0
413600, 996898, 1, 0, 0
413700, 1022637, 1, 0, 0
413800, 1074917, 1, 0, 0
413900, 987213, 1, 0, 0
414000, 941950, 1, 0, 0
414100, 1019146, 1, 0, 0
414200, 958613, 1, 0, 0
414300, 1001634, 1, 0, 0
414400, 949356, 1, 0, 0
414500, 961984, 1, 0, 0
414600, 1027795, 1, 0, 0
414700, 1020425, 1, 0, 0
414800, 986976, 1, 0, 0
414900, 1096079, 1, 0, 0
415000, 1009568, 1, 0, 0
415101, 1022984, 1, 0, 0
415200, 1010099, 1, 0, 0
415300, 1014175, 1, 0, 0
415400, 1028469, 1, 0, 0
415500, 996031, 1, 0, 0
415600, 974775, 1, 0, 0
415700, 993341, 1, 0, 0
415800, 998671, 1, 0, 0
415900, 1003960, 1, 0, 0
416000, 990977, 1, 0, 0
416100, 1037394, 1, 0, 0
416200, 976759, 1, 0, 0
416300, 984108, 1, 0, 0
416400, 975040, 1, 0, 0
416500, 1006738, 1, 0, 0
416600, 998861, 1, 0, 0
416700, 981087, 1, 0, 0
416800, 965671, 1, 0, 0
416900, 961408, 1, 0, 0
417000, 988438, 1, 0, 0
417100, 975180, 1, 0, 0
417200, 972348, 1, 0, 0
417301, 1011135, 1, 0, 0
417400, 975223, 1, 0, 0
417500, 1036457, 1, 0, 0
417600, 1032463, 1, 0, 0
417700, 997226, 1, 0, 0
417800, 1040893, 1, 0, 0
417900, 1023802, 1, 0, 0
418000, 997448, 1, 0, 0
418100, 984075, 1, 0, 0
418200, 1001421, 1, 0, 0
418300, 989862, 1, 0, 0
418400, 949832, 1, 0, 0
418501, 981123, 1, 0, 0
418600, 947057, 1, 0, 0
418701, 999191, 1, 0, 0
418800, 965934, 1, 0, 0
418900, 996332, 1, 0, 0
419000, 993625, 1, 0, 0
419100, 958765, 1, 0, 0
419201, 986221, 1, 0, 0
419300, 992265, 1, 0, 0
419400, 1045489, 1, 0, 0
419500, 980379, 1, 0, 0
419600, 999896, 1, 0, 0
419700, 988476, 1, 0, 0
419800, 967848, 1, 0, 0
419900, 957353, 1, 0, 0
420000, 990249, 1, 0, 0
420100, 995093, 1, 0, 0
420200, 1013434, 1, 0, 0
420300, 983138, 1, 0, 0
420400, 1026675, 1, 0, 0
420500, 988187, 1, 0, 0
420600, 1000423, 1, 0, 0
420700, 955157, 1, 0, 0
420800, 974533, 1, 0, 0
420901, 992553, 1, 0, 0
421000, 970925, 1, 0, 0
421101, 981718, 1, 0, 0
421200, 1023895, 1, 0, 0
421300, 1003910, 1, 0, 0
421400, 1013098, 1, 0, 0
421500, 1011966, 1, 0, 0
421601, 1036500, 1, 0, 0
421700, 1023945, 1, 0, 0
421800, 994338, 1, 0, 0
421900, 979847, 1, 0, 0
422000, 1000564, 1, 0, 0
422100, 1083974, 1, 0, 0
422200, 1048386, 1, 0, 0
422300, 1026754, 1, 0, 0
422400, 1016950, 1, 0, 0
422500, 1031513, 1, 0, 0
422600, 1024597, 1, 0, 0
422700, 1004646, 1, 0, 0
422800, 1031255, 1, 0, 0
422900, 1030503, 1, 0, 0
423000, 1025137, 1, 0, 0
423100, 1068808, 1, 0, 0
423200, 1026594, 1, 0, 0
423300, 1024044, 1, 0, 0
423400, 992509, 1, 0, 0
423500, 1050777, 1, 0, 0
423600, 1028083, 1, 0, 0
423700, 1035329, 1, 0, 0
423800, 1011886, 1, 0, 0
423900, 1030822, 1, 0, 0
424000, 991265, 1, 0, 0
424100, 973319, 1, 0, 0
424200, 971810, 1, 0, 0
424300, 1035174, 1, 0, 0
424400, 1046183, 1, 0, 0
424500, 1026028, 1, 0, 0
424600, 990267, 1, 0, 0
424700, 1020292, 1, 0, 0
424800, 1044026, 1, 0, 0
424900, 1029028, 1, 0, 0
425000, 1041402, 1, 0, 0
425100, 1000164, 1, 0, 0
425200, 1051311, 1, 0, 0
425300, 1036547, 1, 0, 0
425400, 1005069, 1, 0, 0
425500, 997954, 1, 0, 0
425600, 1045573, 1, 0, 0
425700, 992334, 1, 0, 0
425800, 1025891, 1, 0, 0
425900, 1034432, 1, 0, 0
426000, 1007747, 1, 0, 0
426100, 1015804, 1, 0, 0
426200, 1056639, 1, 0, 0
426300, 1002734, 1, 0, 0
426400, 1036409, 1, 0, 0
426502, 1025224, 1, 0, 0
426600, 986796, 1, 0, 0
426700, 1053618, 1, 0, 0
426800, 1012594, 1, 0, 0
426900, 1012733, 1, 0, 0
427000, 1042842, 1, 0, 0
427100, 1040675, 1, 0, 0
427201, 990761, 1, 0, 0
427300, 1050156, 1, 0, 0
427400, 1024640, 1, 0, 0
427501, 1040006, 1, 0, 0
427600, 1010686, 1, 0, 0
427700, 990800, 1, 0, 0
427800, 982865, 1, 0, 0
427900, 977962, 1, 0, 0
428000, 1018659, 1, 0, 0
428100, 1019789, 1, 0, 0
428200, 1034931, 1, 0, 0
428300, 1010733, 1, 0, 0
428400, 974363, 1, 0, 0
428500, 1006116, 1, 0, 0
428600, 1036046, 1, 0, 0
428700, 1022187, 1, 0, 0
428800, 1014011, 1, 0, 0
428900, 989699, 1, 0, 0
429000, 1055330, 1, 0, 0
429100, 1059492, 1, 0, 0
429200, 1027007, 1, 0, 0
429300, 1014575, 1, 0, 0
429400, 1009536, 1, 0, 0
429500, 1064517, 1, 0, 0
429600, 1065153, 1, 0, 0
429700, 1020331, 1, 0, 0
429800, 1047491, 1, 0, 0
429900, 1002767, 1, 0, 0
430000, 1022268, 1, 0, 0
430100, 1111874, 1, 0, 0
430200, 1028983, 1, 0, 0
430300, 1040072, 1, 0, 0
430400, 1017315, 1, 0, 0
430500, 1048305, 1, 0, 0
430600, 1054313, 1, 0, 0
430700, 1002758, 1, 0, 0
430800, 1037250, 1, 0, 0
430900, 1054943, 1, 0, 0
431000, 998933, 1, 0, 0
431100, 1014594, 1, 0, 0
431200, 1085555, 1, 0, 0
431300, 1026961, 1, 0, 0
431400, 1057257, 1, 0, 0
431500, 990146, 1, 0, 0
431600, 985469, 1, 0, 0
431700, 952469, 1, 0, 0
431801, 1004106, 1, 0, 0
431900, 1002413, 1, 0, 0
432000, 1007876, 1, 0, 0
432100, 1018355, 1, 0, 0
432200, 967185, 1, 0, 0
432301, 987326, 1, 0, 0
432400, 1013881, 1, 0, 0
432500, 963990, 1, 0, 0
432600, 962469, 1, 0, 0
432700, 986488, 1, 0, 0
432800, 1010926, 1, 0, 0
432901, 1009349, 1, 0, 0
433000, 981429, 1, 0, 0
433100, 968891, 1, 0, 0
433200, 1001406, 1, 0, 0
433300, 1009430, 1, 0, 0
433400, 986919, 1, 0, 0
433500, 956812, 1, 0, 0
433600, 1032994, 1, 0, 0
433700, 1008561, 1, 0, 0
433800, 1037111, 1, 0, 0
433900, 987592, 1, 0, 0
434000, 1014646, 1, 0, 0
434100, 963825, 1, 0, 0
434200, 1008209, 1, 0, 0
434300, 1018454, 1, 0, 0
434400, 999128, 1, 0, 0
434500, 968465, 1, 0, 0
434601, 946977, 1, 0, 0
434700, 950776, 1, 0, 0
434800, 994484, 1, 0, 0
434900, 1009130, 1, 0, 0
435001, 997910, 1, 0, 0
435100, 998583, 1, 0, 0
435200, 976589, 1, 0, 0
435300, 982747, 1, 0, 0
435400, 992383, 1, 0, 0
435500, 996797, 1, 0, 0
435600, 980154, 1, 0, 0
435700, 973644, 1, 0, 0
435800, 1035302, 1, 0, 0
435900, 991888, 1, 0, 0
436000, 977404, 1, 0, 0
436100, 1022674, 1, 0, 0
436201, 981819, 1, 0, 0
436300, 973447, 1, 0, 0
436400, 983810, 1, 0, 0
436500, 973563, 1, 0, 0
436600, 988163, 1, 0, 0
436700, 1012628, 1, 0, 0
436800, 1001891, 1, 0, 0
436900, 1027584, 1, 0, 0
437000, 972345, 1, 0, 0
437100, 1009316, 1, 0, 0
437200, 1015029, 1, 0, 0
437300, 1028730, 1, 0, 0
437400, 958343, 1, 0, 0
437500, 987354, 1, 0, 0
437600, 949915, 1, 0, 0
437700, 1020958, 1, 0, 0
437800, 991458, 1, 0, 0
437900, 1042047, 1, 0, 0
438000, 981779, 1, 0, 0
438100, 1020613, 1, 0, 0
438200, 986200, 1, 0, 0
438300, 1011079, 1, 0, 0
438400, 963702, 1, 0, 0
438500, 999133, 1, 0, 0
438600, 998431, 1, 0, 0
438700, 1001344, 1, 0, 0
438800, 992146, 1, 0, 0
438900, 961867, 1, 0, 0
439000, 959036, 1, 0, 0
439100, 1032350, 1, 0, 0
439200, 982105, 1, 0, 0
439300, 1047275, 1, 0, 0
439400, 978975, 1, 0, 0
439500, 991446, 1, 0, 0
439600, 970778, 1, 0, 0
439700, 1048199, 1, 0, 0
439800, 979269, 1, 0, 0
439900, 1020959, 1, 0, 0
440000, 987772, 1, 0, 0
440100, 984493, 1, 0, 0
440200, 976487, 1, 0, 0
440300, 963554, 1, 0, 0
440400, 960821, 1, 0, 0
440500, 989723, 1, 0, 0
440600, 945726, 1, 0, 0
440700, 967142, 1, 0, 0
440800, 994335, 1, 0, 0
440900, 1026946, 1, 0, 0
441000, 988053, 1, 0, 0
441100, 1013032, 1, 0, 0
441200, 984940, 1, 0, 0
441300, 992526, 1, 0, 0
441400, 974059, 1, 0, 0
441500, 973458, 1, 0, 0
441601, 1016959, 1, 0, 0
441700, 984767, 1, 0, 0
441800, 971481, 1, 0, 0
441900, 986542, 1, 0, 0
442000, 1005381, 1, 0, 0
442100, 1048151, 1, 0, 0
442200, 985638, 1, 0, 0
442300, 1029683, 1, 0, 0
442400, 1019101, 1, 0, 0
442500, 1051332, 1, 0, 0
442600, 1004145, 1, 0, 0
442700, 953186, 1, 0, 0
442800, 958096, 1, 0, 0
442900, 973692, 1, 0, 0
443000, 974351, 1, 0, 0
443100, 991705, 1, 0, 0
443200, 1009470, 1, 0, 0
443300, 991007, 1, 0, 0
443400, 969600, 1, 0, 0
443501, 1016432, 1, 0, 0
443600, 982967, 1, 0, 0
443700, 1024272, 1, 0, 0
443800, 993837, 1, 0, 0
443900, 981085, 1, 0, 0
444000, 1005692, 1, 0, 0
444100, 980530, 1, 0, 0
444200, 957527, 1, 0, 0
444300, 1000816, 1, 0, 0
444400, 994746, 1, 0, 0
444500, 1009486, 1, 0, 0
444601, 1054671, 1, 0, 0
444700, 1019101, 1, 0, 0
444801, 1003229, 1, 0, 0
444900, 1001204, 1, 0, 0
445001, 970906, 1, 0, 0
445100, 1004437, 1, 0, 0
445200, 993771, 1, 0, 0
445300, 987599, 1, 0, 0
445400, 979691, 1, 0, 0
445500, 998657, 1, 0, 0
445600, 1022889, 1, 0, 0
445700, 991583, 1, 0, 0
445800, 1024728, 1, 0, 0
445900, 1033068, 1, 0, 0
446000, 1003742, 1, 0, 0
446100, 993994, 1, 0, 0
446201, 992866, 1, 0, 0
446300, 997274, 1, 0, 0
446400, 1004927, 1, 0, 0
446500, 1022858, 1, 0, 0
446600, 1070346, 1, 0, 0
446700, 998802, 1, 0, 0
446800, 1020014, 1, 0, 0
446900, 1017828, 1, 0, 0
447000, 1022959, 1, 0, 0
447101, 1002018, 1, 0, 0
447200, 1089432, 1, 0, 0
447300, 1050099, 1, 0, 0
447400, 1019292, 1, 0, 0
447500, 1016964, 1, 0, 0
447600, 1061548, 1, 0, 0
447700, 1013431, 1, 0, 0
447800, 1059193, 1, 0, 0
447900, 1023513, 1, 0, 0
448000, 982621, 1, 0, 0
448100, 1015356, 1, 0, 0
448200, 978701, 1, 0, 0
448300, 1016077, 1, 0, 0
448400, 983878, 1, 0, 0
448500, 977202, 1, 0, 0
448600, 1003548, 1, 0, 0
448700, 1026104, 1, 0, 0
448800, 1037801, 1, 0, 0
448900, 1062417, 1, 0, 0
449000, 994327, 1, 0, 0
449100, 1000595, 1, 0, 0
449200, 1006487, 1, 0, 0
449300, 1012842, 1, 0, 0
449400, 1015291, 1, 0, 0
449500, 1028756, 1, 0, 0
449600, 1003360, 1, 0, 0
449700, 1030256, 1, 0, 0
449800, 1025843, 1, 0, 0
449900, 1025150, 1, 0, 0
450000, 1030453, 1, 0, 0
450100, 1041542, 1, 0, 0
450200, 1060533, 1, 0, 0
450300, 1023632, 1, 0, 0
450400, 1055246, 1, 0, 0
450500, 1064596, 1, 0, 0
450600, 1032714, 1, 0, 0
450700, 1016877, 1, 0, 0
450800, 1059367, 1, 0, 0
450900, 1023712, 1, 0, 0
451000, 1007958, 1, 0, 0
451100, 1022089, 1, 0, 0
451200, 1092068, 1, 0, 0
451301, 1054912, 1, 0, 0
451400, 1046464, 1, 0, 0
451500, 1059135, 1, 0, 0
451600, 1027202, 1, 0, 0
451700, 1063833, 1, 0, 0
451800, 978739, 1, 0, 0
451900, 1020145, 1, 0, 0
452000, 1012883, 1, 0, 0
452102, 1014573, 1, 0, 0
452200, 1009793, 1, 0, 0
452300, 1016004, 1, 0, 0
452400, 1034612, 1, 0, 0
452500, 992338, 1, 0, 0
452600, 1013940, 1, 0, 0
452700, 973446, 1, 0, 0
452800, 1022106, 1, 0, 0
452900, 999701, 1, 0, 0
453000, 993465, 1, 0, 0
453100, 1049559, 1, 0, 0
453200, 1025402, 1, 0, 0
453300, 1012978, 1, 0, 0
453400, 1030506, 1, 0, 0
453500, 1024174, 1, 0, 0
453600, 965469, 1, 0, 0
453700, 999684, 1, 0, 0
453800, 1035662, 1, 0, 0
453900, 1025247, 1, 0, 0
454000, 981987, 1, 0, 0
454100, 1037872, 1, 0, 0
454200, 1068848, 1, 0, 0
454300, 988308, 1, 0, 0
454400, 977860, 1, 0, 0
454500, 1011731, 1, 0, 0
454600, 984417, 1, 0, 0
454700, 1047639, 1, 0, 0
454800, 1040189, 1, 0, 0
454901, 1019735, 1, 0, 0
455000, 1020073, 1, 0, 0
455100, 990734, 1, 0, 0
455200, 987220, 1, 0, 0
455301, 990486, 1, 0, 0
455400, 991518, 1, 0, 0
455500, 1010020, 1, 0, 0
455600, 1014271, 1, 0, 0
455700, 1004397, 1, 0, 0
455800, 1012832, 1, 0, 0
455900, 978803, 1, 0, 0
456001, 973777, 1, 0, 0
456100, 973162, 1, 0, 0
456200, 976908, 1, 0, 0
456301, 1062158, 1, 0, 0
456400, 1060543, 1, 0, 0
456500, 1035085, 1, 0, 0
456600, 1012123, 1, 0, 0
456700, 996068, 1, 0, 0
456801, 989309, 1, 0, 0
456900, 1001781, 1, 0, 0
457000, 1055175, 1, 0, 0
457100, 994566, 1, 0, 0
457200, 1012465, 1, 0, 0
457301, 1014586, 1, 0, 0
457400, 978984, 1, 0, 0
457500, 1063444, 1, 0, 0
457600, 1033354, 1, 0, 0
457700, 1084448, 1, 0, 0
457800, 1001872, 1, 0, 0
457900, 1011144, 1, 0, 0
458000, 1004493, 1, 0, 0
458100, 1017164, 1, 0, 0
458200, 996308, 1, 0, 0
458300, 1005664, 1, 0, 0
458400, 962094, 1, 0, 0
458501, 1002027, 1, 0, 0
458600, 1001957, 1, 0, 0
458700, 974492, 1, 0, 0
458800, 975436, 1, 0, 0
458901, 982056, 1, 0, 0
459000, 1008586, 1, 0, 0
459100, 986939, 1, 0, 0
459201, 968007, 1, 0, 0
459300, 978366, 1, 0, 0
459401, 1013163, 1, 0, 0
459500, 999836, 1, 0, 0
459600, 1030382, 1, 0, 0
459700, 1007537, 1, 0, 0
459800, 955609, 1, 0, 0
459900, 969946, 1, 0, 0
460002, 989514, 1, 0, 0
460100, 985895, 1, 0, 0
460200, 1002351, 1, 0, 0
460300, 986414, 1, 0, 0
460400, 998924, 1, 0, 0
460500, 969066, 1, 0, 0
460601, 998952, 1, 0, 0
460700, 981962, 1, 0, 0
460800, 937409, 1, 0, 0
460900, 974920, 1, 0, 0
461000, 1016004, 1, 0, 0
461100, 997553, 1, 0, 0
461200, 942861, 1, 0, 0
461300, 977211, 1, 0, 0
461400, 1055530, 1, 0, 0
461500, 996625, 1, 0, 0
461600, 987341, 1, 0, 0
461700, 1023358, 1, 0, 0
461800, 1055810, 1, 0, 0
461901, 963423, 1, 0, 0
462000, 1022150, 1, 0, 0
462100, 972683, 1, 0, 0
462200, 1031895, 1, 0, 0
462300, 978302, 1, 0, 0
462400, 1027464, 1, 0, 0
462500, 980786, 1, 0, 0
462600, 959451, 1, 0, 0
462700, 989350, 1, 0, 0
462800, 949565, 1, 0, 0
462900, 998158, 1, 0, 0
463000, 1005337, 1, 0, 0
463100, 998566, 1, 0, 0
463200, 958944, 1, 0, 0
463300, 1057502, 1, 0, 0
463400, 947745, 1, 0, 0
463500, 989826, 1, 0, 0
463600, 1005283, 1, 0, 0
463700, 954385, 1, 0, 0
463800, 961618, 1, 0, 0
463902, 1004859, 1, 0, 0
464000, 996547, 1, 0, 0
464100, 1021771, 1, 0, 0
464200, 1024072, 1, 0, 0
464300, 985567, 1, 0, 0
464400, 1002412, 1, 0, 0
464500, 970615, 1, 0, 0
464600, 1007656, 1, 0, 0
464700, 1043366, 1, 0, 0
464800, 1004739, 1, 0, 0
464900, 974943, 1, 0, 0
465000, 1000521, 1, 0, 0
465100, 986718, 1, 0, 0
465200, 997732, 1, 0, 0
465300, 991617, 1, 0, 0
465400, 1056899, 1, 0, 0
465500, 976107, 1, 0, 0
465600, 989830, 1, 0, 0
465700, 983389, 1, 0, 0
465800, 1014428, 1, 0, 0
465900, 996882, 1, 0, 0
466000, 1010785, 1, 0, 0
466100, 1006933, 1, 0, 0
466200, 1016991, 1, 0, 0
466300, 992160, 1, 0, 0
466400, 985925, 1, 0, 0
466500, 989967, 1, 0, 0
466600, 1071166, 1, 0, 0
466700, 961956, 1, 0, 0
466800, 1061938, 1, 0, 0
466900, 1005222, 1, 0, 0
467000, 953016, 1, 0, 0
467100, 1022477, 1, 0, 0
467201, 996124, 1, 0, 0
467300, 986382, 1, 0, 0
467400, 1007937, 1, 0, 0
467500, 1017323, 1, 0, 0
467600, 987538, 1, 0, 0
467700, 1001915, 1, 0, 0
467800, 980626, 1, 0, 0
467900, 986228, 1, 0, 0
468000, 1002280, 1, 0, 0
468100, 997040, 1, 0, 0
468200, 1032887, 1, 0, 0
468300, 1039926, 1, 0, 0
468400, 995663, 1, 0, 0
468500, 1042268, 1, 0, 0
468600, 1050480, 1, 0, 0
468701, 1031070, 1, 0, 0
468800, 1003955, 1, 0, 0
468900, 1023867, 1, 0, 0
469000, 997042, 1, 0, 0
469100, 1029024, 1, 0, 0
469200, 987402, 1, 0, 0
469300, 1016139, 1, 0, 0
469400, 1004550, 1, 0, 0
469500, 996971, 1, 0, 0
469600, 1016342, 1, 0, 0
469700, 1008393, 1, 0, 0
469800, 998766, 1, 0, 0
469901, 1005664, 1, 0, 0
470000, 1028019, 1, 0, 0
470100, 993702, 1, 0, 0
470200, 999236, 1, 0, 0
470300, 974114, 1, 0, 0
470400, 961417, 1, 0, 0
470500, 1027162, 1, 0, 0
470601, 1011228, 1, 0, 0
470700, 976027, 1, 0, 0
470800, 1022083, 1, 0, 0
470900, 1024947, 1, 0, 0
471000, 1032324, 1, 0, 0
471100, 997348, 1, 0, 0
471200, 982282, 1, 0, 0
471300, 976506, 1, 0, 0
471400, 1009438, 1, 0, 0
471500, 999173, 1, 0, 0
471600, 1035556, 1, 0, 0
471700, 1005406, 1, 0, 0
471800, 1039635, 1, 0, 0
471900, 998065, 1, 0, 0
472000, 1044147, 1, 0, 0
472100, 1015250, 1, 0, 0
472200, 1038097, 1, 0, 0
472300, 1016030, 1, 0, 0
472400, 946673, 1, 0, 0
472500, 1040600, 1, 0, 0
472600, 1078430, 1, 0, 0
472700, 974078, 1, 0, 0
472800, 994291, 1, 0, 0
472901, 1032770, 1, 0, 0
473000, 973840, 1, 0, 0
473100, 976626, 1, 0, 0
473200, 984817, 1, 0, 0
473300, 976352, 1, 0, 0
473400, 1031118, 1, 0, 0
473500, 1020616, 1, 0, 0
473600, 1021539, 1, 0, 0
473700, 1015669, 1, 0, 0
473800, 1041501, 1, 0, 0
473900, 1004604, 1, 0, 0
474000, 982125, 1, 0, 0
474100, 964794, 1, 0, 0
474200, 1023453, 1, 0, 0
474300, 1019111, 1, 0, 0
474400, 965008, 1, 0, 0
474500, 998141, 1, 0, 0
474600, 1069723, 1, 0, 0
474700, 1013686, 1, 0, 0
474800, 1008583, 1, 0, 0
474900, 981726, 1, 0, 0
475000, 989509, 1, 0, 0
475100, 1026277, 1, 0, 0
475200, 973093, 1, 0, 0
475300, 976354, 1, 0, 0
475400, 981284, 1, 0, 0
475500, 946355, 1, 0, 0
475600, 1005348, 1, 0, 0
475700, 974632, 1, 0, 0
475800, 1000817, 1, 0, 0
475900, 980731, 1, 0, 0
476000, 1024038, 1, 0, 0
476100, 1033849, 1, 0, 0
476200, 1003719, 1, 0, 0
476300, 965895, 1, 0, 0
476400, 994648, 1, 0, 0
476500, 986102, 1, 0, 0
476600, 1028630, 1, 0, 0
476700, 993829, 1, 0, 0
476800, 1042778, 1, 0, 0
476900, 1015986, 1, 0, 0
477000, 1010883, 1, 0, 0
477100, 995918, 1, 0, 0
477200, 982951, 1, 0, 0
477300, 1024732, 1, 0, 0
477400, 1017421, 1, 0, 0
477500, 989686, 1, 0, 0
477600, 1063163, 1, 0, 0
477700, 991048, 1, 0, 0
477800, 1032616, 1, 0, 0
477900, 1031656, 1, 0, 0
478000, 1002403, 1, 0, 0
478100, 1002219, 1, 0, 0
478200, 978980, 1, 0, 0
478300, 979596, 1, 0, 0
478400, 1018221, 1, 0, 0
478500, 964058, 1, 0, 0
478600, 980390, 1, 0, 0
478700, 969757, 1, 0, 0
478800, 1011544, 1, 0, 0
478900, 956384, 1, 0, 0
479000, 1000058, 1, 0, 0
479100, 1026103, 1, 0, 0
479200, 989101, 1, 0, 0
479300, 1030014, 1, 0, 0
479400, 983032, 1, 0, 0
479500, 1034828, 1, 0, 0
479600, 977932, 1, 0, 0
479700, 1023839, 1, 0, 0
479800, 1007731, 1, 0, 0
479900, 994122, 1, 0, 0
480000, 991394, 1, 0, 0
480100, 952391, 1, 0, 0
480200, 997096, 1, 0, 0
480300, 1019201, 1, 0, 0
480400, 1001917, 1, 0, 0
480500, 1023737, 1, 0, 0
480600, 964835, 1, 0, 0
480700, 982585, 1, 0, 0
480800, 984740, 1, 0, 0
480900, 968079, 1, 0, 0
481000, 963126, 1, 0, 0
481100, 1000312, 1, 0, 0
481200, 1007428, 1, 0, 0
481300, 1001947, 1, 0, 0
481400, 1059589, 1, 0, 0
481500, 963042, 1, 0, 0
481600, 987999, 1, 0, 0
481700, 1090432, 1, 0, 0
481800, 1062500, 1, 0, 0
481900, 999233, 1, 0, 0
482000, 983112, 1, 0, 0
482101, 1081805, 1, 0, 0
482200, 1060320, 1, 0, 0
482300, 989078, 1, 0, 0
482400, 1070335, 1, 0, 0
482500, 971593, 1, 0, 0
482600, 972195, 1, 0, 0
482700, 999166, 1, 0, 0
482800, 1032281, 1, 0, 0
482900, 977625, 1, 0, 0
483000, 1019876, 1, 0, 0
483100, 1011136, 1, 0, 0
483200, 1004525, 1, 0, 0
483300, 1031397, 1, 0, 0
483400, 1061824, 1, 0, 0
483500, 1028650, 1, 0, 0
483600, 1070228, 1, 0, 0
483700, 994120, 1, 0, 0
483800, 1021767, 1, 0, 0
483900, 1016918, 1, 0, 0
484000, 979323, 1, 0, 0
484100, 983687, 1, 0, 0
484200, 1045051, 1, 0, 0
484300, 982280, 1, 0, 0
484402, 1026061, 1, 0, 0
484500, 1083748, 1, 0, 0
484600, 1046925, 1, 0, 0
484700, 1036567, 1, 0, 0
484800, 994787, 1, 0, 0
484900, 1036512, 1, 0, 0
485000, 995924, 1, 0, 0
485100, 1013291, 1, 0, 0
485200, 1043836, 1, 0, 0
485300, 1028410, 1, 0, 0
485400, 1063508, 1, 0, 0
485500, 1000094, 1, 0, 0
485600, 1000445, 1, 0, 0
485700, 1018259, 1, 0, 0
485800, 1008242, 1, 0, 0
485900, 1020695, 1, 0, 0
486000, 992064, 1, 0, 0
486101, 1027258, 1, 0, 0
486201, 1031037, 1, 0, 0
486300, 1058699, 1, 0, 0
486401, 1040108, 1, 0, 0
486500, 1003245, 1, 0, 0
486601, 1108089, 1, 0, 0
486700, 1047211, 1, 0, 0
486800, 1033588, 1, 0, 0
486900, 1021372, 1, 0, 0
487000, 1024159, 1, 0, 0
487100, 983768, 1, 0, 0
487200, 1008423, 1, 0, 0
487300, 991354, 1, 0, 0
487400, 983731, 1, 0, 0
487500, 1067999, 1, 0, 0
487600, 1008221, 1, 0, 0
487700, 993712, 1, 0, 0
487801, 1037408, 1, 0, 0
487900, 1028905, 1, 0, 0
488000, 1009882, 1, 0, 0
488100, 985883, 1, 0, 0
488200, 1070253, 1, 0, 0
488300, 1020621, 1, 0, 0
488400, 970793, 1, 0, 0
488500, 1024892, 1, 0, 0
488600, 1033445, 1, 0, 0
488701, 1022543, 1, 0, 0
488800, 1095290, 1, 0, 0
488900, 1006881, 1, 0, 0
489000, 1008912, 1, 0, 0
489100, 995507, 1, 0, 0
489200, 977417, 1, 0, 0
489300, 995294, 1, 0, 0
489400, 992732, 1, 0, 0
489500, 989364, 1, 0, 0
489600, 1035848, 1, 0, 0
489700, 1030763, 1, 0, 0
489801, 1002242, 1, 0, 0
489900, 1059355, 1, 0, 0
490000, 990425, 1, 0, 0
490100, 982570, 1, 0, 0
490200, 986068, 1, 0, 0
490300, 1022075, 1, 0, 0
490400, 979702, 1, 0, 0
490500, 961440, 1, 0, 0
490600, 1023105, 1, 0, 0
490700, 991679, 1, 0, 0
490800, 985991, 1, 0, 0
490900, 1024531, 1, 0, 0
491000, 967298, 1, 0, 0
491100, 1008160, 1, 0, 0
491200, 978059, 1, 0, 0
491300, 969337, 1, 0, 0
491401, 992856, 1, 0, 0
491500, 1036841, 1, 0, 0
491600, 1027082, 1, 0, 0
491700, 1017220, 1, 0, 0
491800, 1062951, 1, 0, 0
491900, 994996, 1, 0, 0
492000, 1001657, 1, 0, 0
492100, 1034610, 1, 0, 0
492200, 1060257, 1, 0, 0
492300, 1045042, 1, 0, 0
492400, 1059487, 1, 0, 0
492500, 1038712, 1, 0, 0
492600, 964596, 1, 0, 0
492701, 1013096, 1, 0, 0
492800, 1070022, 1, 0, 0
492901, 1016997, 1, 0, 0
493000, 987395, 1, 0, 0
493100, 1021472, 1, 0, 0
493200, 1005630, 1, 0, 0
493300, 999196, 1, 0, 0
493400, 994139, 1, 0, 0
493500, 1030878, 1, 0, 0
493600, 1032716, 1, 0, 0
493700, 1050134, 1, 0, 0
493800, 1073209, 1, 0, 0
493900, 1021474, 1, 0, 0
494000, 1031329, 1, 0, 0
494100, 988101, 1, 0, 0
494200, 1004044, 1, 0, 0
494300, 990392, 1, 0, 0
494400, 1054736, 1, 0, 0
494500, 1047077, 1, 0, 0
494600, 1080911, 1, 0, 0
494700, 1039870, 1, 0, 0
494802, 1069780, 1, 0, 0
494900, 1020194, 1, 0, 0
495000, 1036708, 1, 0, 0
495100, 1047470, 1, 0, 0
495200, 1021816, 1, 0, 0
495300, 1045119, 1, 0, 0
495401, 1081090, 1, 0, 0
495500, 1010774, 1, 0, 0
495600, 1047607, 1, 0, 0
495700, 1035485, 1, 0, 0
495800, 1021557, 1, 0, 0
495900, 1045292, 1, 0, 0
496000, 1050459, 1, 0, 0
496101, 992365, 1, 0, 0
496200, 1046212, 1, 0, 0
496300, 1004181, 1, 0, 0
496400, 989896, 1, 0, 0
496500, 1003230, 1, 0, 0
496600, 978792, 1, 0, 0
496700, 1031355, 1, 0, 0
496800, 975606, 1, 0, 0
496901, 1035682, 1, 0, 0
497000, 1059603, 1, 0, 0
497100, 1021947, 1, 0, 0
497200, 984541, 1, 0, 0
497300, 1059746, 1, 0, 0
497400, 1070971, 1, 0, 0
497500, 1022507, 1, 0, 0
497600, 1019337, 1, 0, 0
497700, 1044159, 1, 0, 0
497800, 1074497, 1, 0, 0
497900, 1035860, 1, 0, 0
498000, 1091639, 1, 0, 0
498100, 1061931, 1, 0, 0
498200, 1028848, 1, 0, 0
498300, 1030716, 1, 0, 0
498400, 1009239, 1, 0, 0
498500, 1070506, 1, 0, 0
498601, 1009458, 1, 0, 0
498700, 1078614, 1, 0, 0
498801, 985964, 1, 0, 0
498900, 1070972, 1, 0, 0
499000, 1035337, 1, 0, 0
499100, 1015599, 1, 0, 0
499200, 1006184, 1, 0, 0
499300, 985810, 1, 0, 0
499400, 1056329, 1, 0, 0
499500, 986266, 1, 0, 0
499600, 1001205, 1, 0, 0
499700, 987113, 1, 0, 0
499800, 979907, 1, 0, 0
499900, 1064536, 1, 0, 0
500000, 1013618, 1, 0, 0
500100, 1021126, 1, 0, 0
500200, 1040465, 1, 0, 0
500301, 1000616, 1, 0, 0
500400, 985702, 1, 0, 0
500500, 1038474, 1, 0, 0
500600, 1024026, 1, 0, 0
500700, 978422, 1, 0, 0
500800, 1005442, 1, 0, 0
500900, 984401, 1, 0, 0
501000, 987624, 1, 0, 0
501101, 1041911, 1, 0, 0
501200, 981566, 1, 0, 0
501301, 989309, 1, 0, 0
501400, 1028522, 1, 0, 0
501500, 1062052, 1, 0, 0
501600, 991597, 1, 0, 0
501700, 1014229, 1, 0, 0
501800, 986749, 1, 0, 0
501900, 954109, 1, 0, 0
502000, 1014634, 1, 0, 0
502100, 930301, 1, 0, 0
502200, 985026, 1, 0, 0
502300, 962851, 1, 0, 0
502400, 979569, 1, 0, 0
502500, 1036298, 1, 0, 0
502600, 1006519, 1, 0, 0
502700, 975408, 1, 0, 0
502800, 1020160, 1, 0, 0
502900, 993430, 1, 0, 0
503000, 1019405, 1, 0, 0
503100, 966887, 1, 0, 0
503200, 973432, 1, 0, 0
503300, 998983, 1, 0, 0
503400, 949776, 1, 0, 0
503500, 981429, 1, 0, 0
503600, 952004, 1, 0, 0
503700, 941016, 1, 0, 0
503800, 984005, 1, 0, 0
503900, 955806, 1, 0, 0
504000, 972835, 1, 0, 0
504100, 1005015, 1, 0, 0
504200, 1007832, 1, 0, 0
504300, 973042, 1, 0, 0
504402, 1024685, 1, 0, 0
504500, 1006852, 1, 0, 0
504600, 1021308, 1, 0, 0
504700, 962228, 1, 0, 0
504801, 994398, 1, 0, 0
504900, 1001059, 1, 0, 0
505000, 937585, 1, 0, 0
505100, 1021746, 1, 0, 0
505200, 991051, 1, 0, 0
505300, 1006228, 1, 0, 0
505400, 998255, 1, 0, 0
505500, 1011437, 1, 0, 0
505600, 951829, 1, 0, 0
505700, 996972, 1, 0, 0
505800, 994025, 1, 0, 0
505900, 976430, 1, 0, 0
506000, 995175, 1, 0, 0
506100, 954867, 1, 0, 0
506200, 1006231, 1, 0, 0
506300, 974047, 1, 0, 0
506400, 994617, 1, 0, 0
506500, 995972, 1, 0, 0
506600, 1009474, 1, 0, 0
506700, 1025937, 1, 0, 0
506800, 991181, 1, 0, 0
506900, 1007159, 1, 0, 0
507000, 1042404, 1, 0, 0
507100, 1007413, 1, 0, 0
507200, 1008648, 1, 0, 0
507300, 960623, 1, 0, 0
507400, 993001, 1, 0, 0
507500, 1006413, 1, 0, 0
507600, 1018033, 1, 0, 0
507700, 1018216, 1, 0, 0
507800, 951803, 1, 0, 0
507900, 977766, 1, 0, 0
508000, 1048305, 1, 0, 0
508100, 1018449, 1, 0, 0
508200, 1015184, 1, 0, 0
508300, 1013613, 1, 0, 0
508400, 1019482, 1, 0, 0
508500, 1012138, 1, 0, 0
508600, 991847, 1, 0, 0
508700, 995066, 1, 0, 0
508800, 993114, 1, 0, 0
508901, 1026618, 1, 0, 0
509001, 1005536, 1, 0, 0
509100, 987958, 1, 0, 0
509201, 1056666, 1, 0, 0
509300, 1064997, 1, 0, 0
509400, 1030063, 1, 0, 0
509500, 989427, 1, 0, 0
509600, 993388, 1, 0, 0
509700, 1014962, 1, 0, 0
509800, 1024218, 1, 0, 0
509900, 988815, 1, 0, 0
510000, 986876, 1, 0, 0
510100, 999044, 1, 0, 0
510200, 974838, 1, 0, 0
510300, 961587, 1, 0, 0
510400, 977962, 1, 0, 0
510500, 949021, 1, 0, 0
510600, 993307, 1, 0, 0
510701, 1007814, 1, 0, 0
510800, 986310, 1, 0, 0
510900, 1000096, 1, 0, 0
511001, 988607, 1, 0, 0
511101, 990656, 1, 0, 0
511200, 987965, 1, 0, 0
511300, 1066506, 1, 0, 0
511400, 1008511, 1, 0, 0
511500, 1063319, 1, 0, 0
511600, 958234, 1, 0, 0
511700, 973115, 1, 0, 0
511800, 989655, 1, 0, 0
511900, 1016843, 1, 0, 0
512000, 1007205, 1, 0, 0
512100, 990718, 1, 0, 0
512200, 978099, 1, 0, 0
512300, 986804, 1, 0, 0
512400, 1001999, 1, 0, 0
512500, 987913, 1, 0, 0
512600, 993837, 1, 0, 0
512700, 967875, 1, 0, 0
512800, 989881, 1, 0, 0
512900, 1034738, 1, 0, 0
513000, 984798, 1, 0, 0
513100, 1003737, 1, 0, 0
513200, 984869, 1, 0, 0
513300, 998749, 1, 0, 0
513400, 1017672, 1, 0, 0
513500, 1018554, 1, 0, 0
513600, 972823, 1, 0, 0
513700, 992770, 1, 0, 0
513800, 1016303, 1, 0, 0
513900, 988565, 1, 0, 0
514000, 943542, 1, 0, 0
514100, 1021719, 1, 0, 0
514200, 988506, 1, 0, 0
514300, 973957, 1, 0, 0
514400, 1027501, 1, 0, 0
514500, 1017055, 1, 0, 0
514600, 989692, 1, 0, 0
514700, 1023681, 1, 0, 0
514800, 994733, 1, 0, 0
514900, 1014704, 1, 0, 0
515000, 1005024, 1, 0, 0
515100, 990954, 1, 0, 0
515200, 978176, 1, 0, 0
515300, 971971, 1, 0, 0
515400, 975486, 1, 0, 0
515500, 1007743, 1, 0, 0
515600, 1026396, 1, 0, 0
515700, 983861, 1, 0, 0
515800, 987296, 1, 0, 0
515900, 981365, 1, 0, 0
516000, 1029489, 1, 0, 0
516100, 982540, 1, 0, 0
516200, 1008857, 1, 0, 0
516300, 977288, 1, 0, 0
516400, 972308, 1, 0, 0
516501, 1008010, 1, 0, 0
516600, 950675, 1, 0, 0
516700, 957321, 1, 0, 0
516800, 947473, 1, 0, 0
516900, 953333, 1, 0, 0
517000, 958265, 1, 0, 0
517100, 946954, 1, 0, 0
517200, 981674, 1, 0, 0
517300, 973392, 1, 0, 0
517400, 967575, 1, 0, 0
517500, 1000164, 1, 0, 0
517600, 976106, 1, 0, 0
517701, 981185, 1, 0, 0
517800, 963802, 1, 0, 0
517900, 1043951, 1, 0, 0
518001, 969415, 1, 0, 0
518100, 964842, 1, 0, 0
518200, 979226, 1, 0, 0
518300, 977648, 1, 0, 0
518400, 1003655, 1, 0, 0
518500, 1028155, 1, 0, 0
518600, 1000076, 1, 0, 0
518700, 1000453, 1, 0, 0
518800, 981324, 1, 0, 0
518900, 1024187, 1, 0, 0
519000, 944556, 1, 0, 0
519100, 992466, 1, 0, 0
519200, 987433, 1, 0, 0
519300, 1014806, 1, 0, 0
519400, 982153, 1, 0, 0
519500, 991423, 1, 0, 0
519600, 977365, 1, 0, 0
519700, 1022900, 1, 0, 0
519800, 999918, 1, 0, 0
519900, 1019544, 1, 0, 0
520000, 970856, 1, 0, 0
520100, 979726, 1, 0, 0
520200, 956910, 1, 0, 0
520300, 981826, 1, 0, 0
520400, 1014235, 1, 0, 0
520500, 961521, 1, 0, 0
520600, 971569, 1, 0, 0
520700, 977263, 1, 0, 0
520800, 985733, 1, 0, 0
520900, 992077, 1, 0, 0
521000, 996450, 1, 0, 0
521100, 985039, 1, 0, 0
521200, 966830, 1, 0, 0
521300, 975722, 1, 0, 0
521401, 978629, 1, 0, 0
521500, 980339, 1, 0, 0
521600, 965746, 1, 0, 0
521700, 948236, 1, 0, 0
521801, 968720, 1, 0, 0
521900, 943243, 1, 0, 0
522000, 1000463, 1, 0, 0
522100, 1006694, 1, 0, 0
522200, 1004258, 1, 0, 0
522300, 1005446, 1, 0, 0
522400, 980567, 1, 0, 0
522500, 943326, 1, 0, 0
522600, 994056, 1, 0, 0
522700, 969111, 1, 0, 0
522800, 979094, 1, 0, 0
522900, 975706, 1, 0, 0
523000, 983119, 1, 0, 0
523100, 973242, 1, 0, 0
523200, 1003936, 1, 0, 0
523300, 1011674, 1, 0, 0
523400, 967352, 1, 0, 0
523500, 1002622, 1, 0, 0
523600, 1017440, 1, 0, 0
523700, 964589, 1, 0, 0
523800, 967825, 1, 0, 0
523900, 968991, 1, 0, 0
524000, 971743, 1, 0, 0
524100, 989082, 1, 0, 0
524200, 1053093, 1, 0, 0
524300, 999746, 1, 0, 0
524400, 950351, 1, 0, 0
524500, 962599, 1, 0, 0
524600, 1011883, 1, 0, 0
524701, 973577, 1, 0, 0
524800, 1003117, 1, 0, 0
524900, 1060690, 1, 0, 0
525001, 1024495, 1, 0, 0
525100, 1002827, 1, 0, 0
525200, 987067, 1, 0, 0
525300, 1048150, 1, 0, 0
525400, 960032, 1, 0, 0
525500, 1008466, 1, 0, 0
525600, 984479, 1, 0, 0
525700, 981705, 1, 0, 0
525801, 994566, 1, 0, 0
525900, 991566, 1, 0, 0
526000, 962196, 1, 0, 0
526100, 946828, 1, 0, 0
526200, 969922, 1, 0, 0
526300, 946412, 1, 0, 0
526400, 1012051, 1, 0, 0
526500, 993970, 1, 0, 0
526600, 996372, 1, 0, 0
526700, 992919, 1, 0, 0
526800, 969490, 1, 0, 0
526900, 1012760, 1, 0, 0
527000, 996392, 1, 0, 0
527100, 980418, 1, 0, 0
527200, 1011854, 1, 0, 0
527300, 1039474, 1, 0, 0
527400, 1000078, 1, 0, 0
527501, 981188, 1, 0, 0
527600, 1046674, 1, 0, 0
527700, 997835, 1, 0, 0
527800, 990109, 1, 0, 0
527900, 965605, 1, 0, 0
528000, 982440, 1, 0, 0
528100, 967676, 1, 0, 0
528200, 990871, 1, 0, 0
528300, 1008588, 1, 0, 0
528400, 991682, 1, 0, 0
528500, 988504, 1, 0, 0
528600, 1011754, 1, 0, 0
528700, 936524, 1, 0, 0
528800, 1017582, 1, 0, 0
528900, 983269, 1, 0, 0
529000, 994399, 1, 0, 0
529100, 1016838, 1, 0, 0
529201, 980778, 1, 0, 0
529301, 990580, 1, 0, 0
529401, 995148, 1, 0, 0
529500, 988927, 1, 0, 0
529600, 960018, 1, 0, 0
529700, 1009941, 1, 0, 0
529800, 987016, 1, 0, 0
529900, 994347, 1, 0, 0
530000, 1002830, 1, 0, 0
530100, 1004850, 1, 0, 0
530200, 995204, 1, 0, 0
530300, 1032710, 1, 0, 0
530400, 1032263, 1, 0, 0
530500, 1000154, 1, 0, 0
530600, 1001970, 1, 0, 0
530700, 1009456, 1, 0, 0
530800, 946521, 1, 0, 0
530900, 1021307, 1, 0, 0
531000, 1010019, 1, 0, 0
531100, 978736, 1, 0, 0
531200, 1013796, 1, 0, 0
531300, 985865, 1, 0, 0
531400, 1042491, 1, 0, 0
531500, 1020229, 1, 0, 0
531600, 1000672, 1, 0, 0
531701, 1000517, 1, 0, 0
531800, 1010259, 1, 0, 0
531901, 1016035, 1, 0, 0
532000, 973022, 1, 0, 0
532100, 1040971, 1, 0, 0
532200, 970603, 1, 0, 0
532300, 999645, 1, 0, 0
532401, 977037, 1, 0, 0
532500, 996110, 1, 0, 0
532600, 1003829, 1, 0, 0
532700, 1022759, 1, 0, 0
532800, 975479, 1, 0, 0
532900, 1003230, 1, 0, 0
533000, 969607, 1, 0, 0
533100, 1028284, 1, 0, 0
533200, 955967, 1, 0, 0
533300, 1023465, 1, 0, 0
533400, 982728, 1, 0, 0
533500, 1016053, 1, 0, 0
533600, 999474, 1, 0, 0
533700, 994289, 1, 0, 0
533800, 1004818, 1, 0, 0
533900, 995006, 1, 0, 0
534000, 1026360, 1, 0, 0
534101, 983008, 1, 0, 0
534200, 1048227, 1, 0, 0
534300, 1012404, 1, 0, 0
534400, 1009407, 1, 0, 0
534500, 1017982, 1, 0, 0
534600, 963977, 1, 0, 0
534700, 1017335, 1, 0, 0
534800, 1016223, 1, 0, 0
534900, 980519, 1, 0, 0
535000, 1021646, 1, 0, 0
535100, 1000036, 1, 0, 0
535200, 988070, 1, 0, 0
535300, 1055710, 1, 0, 0
535400, 1050201, 1, 0, 0
535500, 1037691, 1, 0, 0
535600, 1020326, 1, 0, 0
535700, 1011031, 1, 0, 0
535800, 1000676, 1, 0, 0
535900, 1021790, 1, 0, 0
536000, 1014654, 1, 0, 0
536100, 992111, 1, 0, 0
536200, 1006415, 1, 0, 0
536301, 1037281, 1, 0, 0
536400, 983468, 1, 0, 0
536500, 1015402, 1, 0, 0
536600, 1037422, 1, 0, 0
536700, 982486, 1, 0, 0
536800, 959176, 1, 0, 0
536900, 999605, 1, 0, 0
537000, 1041208, 1, 0, 0
537100, 997305, 1, 0, 0
537200, 986108, 1, 0, 0
537300, 1001321, 1, 0, 0
537400, 1026586, 1, 0, 0
537500, 1038404, 1, 0, 0
537600, 1000835, 1, 0, 0
537701, 955179, 1, 0, 0
537800, 962661, 1, 0, 0
537900, 997418, 1, 0, 0
538000, 980888, 1, 0, 0
538100, 1001715, 1, 0, 0
538200, 1039630, 1, 0, 0
538301, 1000908, 1, 0, 0
538400, 1022356, 1, 0, 0
538500, 992523, 1, 0, 0
538601, 964920, 1, 0, 0
538700, 1009313, 1, 0, 0
538800, 987362, 1, 0, 0
538900, 975596, 1, 0, 0
539000, 1018309, 1, 0, 0
539101, 1046613, 1, 0, 0
539200, 972175, 1, 0, 0
539300, 1048382, 1, 0, 0
539400, 1077123, 1, 0, 0
539500, 968861, 1, 0, 0
539600, 974687, 1, 0, 0
539700, 997582, 1, 0, 0
539800, 1010465, 1, 0, 0
539900, 966434, 1, 0, 0
540000, 953913, 1, 0, 0
540100, 1024907, 1, 0, 0
540200, 979463, 1, 0, 0
540300, 1013093, 1, 0, 0
540400, 1000040, 1, 0, 0
540500, 989363, 1, 0, 0
540600, 969446, 1, 0, 0
540700, 975947, 1, 0, 0
540800, 1011287, 1, 0, 0
540900, 967157, 1, 0, 0
541000, 1024341, 1, 0, 0
541100, 998255, 1, 0, 0
541200, 1014564, 1, 0, 0
541300, 985193, 1, 0, 0
541400, 1020738, 1, 0, 0
541500, 989009, 1, 0, 0
541600, 1011208, 1, 0, 0
541700, 1049854, 1, 0, 0
541800, 1011402, 1, 0, 0
541900, 1006267, 1, 0, 0
542000, 1014805, 1, 0, 0
542100, 988077, 1, 0, 0
542200, 1008166, 1, 0, 0
542300, 973549, 1, 0, 0
542400, 1009009, 1, 0, 0
542500, 989939, 1, 0, 0
542601, 1023307, 1, 0, 0
542700, 996363, 1, 0, 0
542800, 1015948, 1, 0, 0
542900, 996421, 1, 0, 0
543000, 1010261, 1, 0, 0
543100, 999451, 1, 0, 0
543200, 989710, 1, 0, 0
543300, 987190, 1, 0, 0
543400, 990214, 1, 0, 0
543500, 984294, 1, 0, 0
543600, 1018921, 1, 0, 0
543700, 1042491, 1, 0, 0
543800, 1022825, 1, 0, 0
543900, 1075280, 1, 0, 0
544000, 991646, 1, 0, 0
544101, 982673, 1, 0, 0
544200, 971928, 1, 0, 0
544300, 1011276, 1, 0, 0
544400, 977415, 1, 0, 0
544500, 952044, 1, 0, 0
544600, 967610, 1, 0, 0
544701, 1019851, 1, 0, 0
544800, 1033880, 1, 0, 0
544900, 978756, 1, 0, 0
545000, 960296, 1, 0, 0
545100, 963930, 1, 0, 0
545200, 1035297, 1, 0, 0
545300, 938888, 1, 0, 0
545400, 1048380, 1, 0, 0
545500, 996247, 1, 0, 0
545600, 1019124, 1, 0, 0
545700, 966809, 1, 0, 0
545800, 969722, 1, 0, 0
545900, 949540, 1, 0, 0
546000, 1009239, 1, 0, 0
546100, 970613, 1, 0, 0
546200, 961508, 1, 0, 0
546300, 956448, 1, 0, 0
546400, 993725, 1, 0, 0
546500, 968663, 1, 0, 0
546600, 961902, 1, 0, 0
546700, 1010055, 1, 0, 0
546800, 985485, 1, 0, 0
546900, 977515, 1, 0, 0
547001, 956053, 1, 0, 0
547100, 946748, 1, 0, 0
547200, 968983, 1, 0, 0
547300, 979160, 1, 0, 0
547400, 992976, 1, 0, 0
547501, 974063, 1, 0, 0
547601, 969417, 1, 0, 0
547700, 1028625, 1, 0, 0
547800, 971241, 1, 0, 0
547900, 975470, 1, 0, 0
548000, 989069, 1, 0, 0
548100, 983069, 1, 0, 0
548200, 961455, 1, 0, 0
548300, 982166, 1, 0, 0
548400, 990069, 1, 0, 0
548500, 959728, 1, 0, 0
548600, 958418, 1, 0, 0
548700, 974589, 1, 0, 0
548801, 996914, 1, 0, 0
548900, 1010868, 1, 0, 0
549000, 967609, 1, 0, 0
549100, 983661, 1, 0, 0
549200, 972155, 1, 0, 0
549300, 991821, 1, 0, 0
549400, 985056, 1, 0, 0
549500, 983795, 1, 0, 0
549600, 966750, 1, 0, 0
549701, 987605, 1, 0, 0
549801, 946695, 1, 0, 0
549900, 953959, 1, 0, 0
550000, 962544, 1, 0, 0
550100, 973130, 1, 0, 0
550200, 983986, 1, 0, 0
550300, 949032, 1, 0, 0
550400, 958814, 1, 0, 0
550500, 1000275, 1, 0, 0
550600, 947664, 1, 0, 0
550700, 963372, 1, 0, 0
550800, 972423, 1, 0, 0
550900, 972854, 1, 0, 0
551000, 960328, 1, 0, 0
551100, 978739, 1, 0, 0
551200, 1010598, 1, 0, 0
551300, 1040530, 1, 0, 0
551400, 980343, 1, 0, 0
551500, 992459, 1, 0, 0
551600, 965977, 1, 0, 0
551700, 978261, 1, 0, 0
551800, 1014938, 1, 0, 0
551900, 970873, 1, 0, 0
552000, 964428, 1, 0, 0
552101, 1020394, 1, 0, 0
552200, 950584, 1, 0, 0
552300, 965789, 1, 0, 0
552400, 981522, 1, 0, 0
552501, 959858, 1, 0, 0
552600, 974394, 1, 0, 0
552700, 954170, 1, 0, 0
552801, 1021771, 1, 0, 0
552900, 1025747, 1, 0, 0
553000, 975245, 1, 0, 0
553100, 967130, 1, 0, 0
553200, 997555, 1, 0, 0
553300, 944917, 1, 0, 0
553400, 996142, 1, 0, 0
553500, 944232, 1, 0, 0
553600, 972415, 1, 0, 0
553700, 982885, 1, 0, 0
553800, 977284, 1, 0, 0
553900, 1001336, 1, 0, 0
554000, 967470, 1, 0, 0
554101, 1017375, 1, 0, 0
554200, 984589, 1, 0, 0
554300, 1001867, 1, 0, 0
554400, 993575, 1, 0, 0
554500, 935122, 1, 0, 0
554600, 1008017, 1, 0, 0
554700, 953459, 1, 0, 0
554800, 1002925, 1, 0, 0
554900, 992237, 1, 0, 0
555000, 1039099, 1, 0, 0
555100, 1038613, 1, 0, 0
555200, 1024298, 1, 0, 0
555300, 1015980, 1, 0, 0
555400, 975345, 1, 0, 0
555500, 1021532, 1, 0, 0
555600, 972892, 1, 0, 0
555700, 1022585, 1, 0, 0
555800, 987311, 1, 0, 0
555900, 962946, 1, 0, 0
556000, 964511, 1, 0, 0
556100, 963894, 1, 0, 0
556200, 1017781, 1, 0, 0
556300, 955692, 1, 0, 0
556400, 988411, 1, 0, 0
556500, 1022610, 1, 0, 0
556600, 968528, 1, 0, 0
556700, 968849, 1, 0, 0
556800, 1013517, 1, 0, 0
556900, 929276, 1, 0, 0
557000, 990719, 1, 0, 0
557100, 963149, 1, 0, 0
557200, 1000720, 1, 0, 0
557300, 1001646, 1, 0, 0
557400, 974774, 1, 0, 0
557500, 998610, 1, 0, 0
557600, 1036470, 1, 0, 0
557700, 963595, 1, 0, 0
557801, 977597, 1, 0, 0
557900, 958206, 1, 0, 0
558000, 986051, 1, 0, 0
558100, 987069, 1, 0, 0
558200, 1134324, 1, 0, 0
558300, 1024597, 1, 0, 0
558400, 973675, 1, 0, 0
558500, 1057299, 1, 0, 0
558600, 964875, 1, 0, 0
558700, 976139, 1, 0, 0
558800, 1018390, 1, 0, 0
558900, 970642, 1, 0, 0
559000, 1035372, 1, 0, 0
559100, 991834, 1, 0, 0
559200, 1001745, 1, 0, 0
559300, 1030956, 1, 0, 0
559400, 992524, 1, 0, 0
559500, 981018, 1, 0, 0
559600, 1012610, 1, 0, 0
559700, 963296, 1, 0, 0
559800, 1006292, 1, 0, 0
559900, 1001529, 1, 0, 0
560000, 982889, 1, 0, 0
560101, 1006589, 1, 0, 0
560200, 985988, 1, 0, 0
560300, 986287, 1, 0, 0
560400, 1012386, 1, 0, 0
560500, 992579, 1, 0, 0
560601, 957254, 1, 0, 0
560700, 1010748, 1, 0, 0
560800, 989725, 1, 0, 0
560900, 1016963, 1, 0, 0
561001, 1004234, 1, 0, 0
561100, 1010216, 1, 0, 0
561200, 959666, 1, 0, 0
561300, 1004427, 1, 0, 0
561400, 986133, 1, 0, 0
561500, 1080441, 1, 0, 0
561600, 992112, 1, 0, 0
561700, 980333, 1, 0, 0
561800, 977975, 1, 0, 0
561900, 1023468, 1, 0, 0
562000, 1035579, 1, 0, 0
562100, 1020405, 1, 0, 0
562200, 1014581, 1, 0, 0
562300, 980717, 1, 0, 0
562400, 955601, 1, 0, 0
562500, 1013953, 1, 0, 0
562600, 987828, 1, 0, 0
562700, 1019062, 1, 0, 0
562800, 992094, 1, 0, 0
562900, 1080098, 1, 0, 0
563001, 992866, 1, 0, 0
563100, 1026177, 1, 0, 0
563200, 1031797, 1, 0, 0
563300, 1020240, 1, 0, 0
563400, 1002856, 1, 0, 0
563500, 1038324, 1, 0, 0
563600, 970265, 1, 0, 0
563700, 968146, 1, 0, 0
563801, 1009044, 1, 0, 0
563900, 1027845, 1, 0, 0
564000, 1008183, 1, 0, 0
564100, 1044800, 1, 0, 0
564200, 1056863, 1, 0, 0
564300, 1007659, 1, 0, 0
564400, 1015675, 1, 0, 0
564500, 999545, 1, 0, 0
564600, 1014592, 1, 0, 0
564700, 1039189, 1, 0, 0
564800, 1014404, 1, 0, 0
564901, 989718, 1, 0, 0
565000, 1040779, 1, 0, 0
565100, 1066805, 1, 0, 0
565200, 1065326, 1, 0, 0
565300, 1088128, 1, 0, 0
565400, 1012811, 1, 0, 0
565500, 1024402, 1, 0, 0
565600, 1017743, 1, 0, 0
565700, 1053684, 1, 0, 0
565800, 997300, 1, 0, 0
565900, 993207, 1, 0, 0
566000, 1020115, 1, 0, 0
566100, 1018803, 1, 0, 0
566200, 1027720, 1, 0, 0
566300, 1028363, 1, 0, 0
566402, 1026031, 1, 0, 0
566500, 1017475, 1, 0, 0
566600, 1021476, 1, 0, 0
566700, 1026514, 1, 0, 0
566800, 1014071, 1, 0, 0
566900, 1023734, 1, 0, 0
567000, 1009413, 1, 0, 0
567100, 1019227, 1, 0, 0
567200, 1032777, 1, 0, 0
567300, 1042689, 1, 0, 0
567400, 1006908, 1, 0, 0
567500, 993142, 1, 0, 0
567600, 1042061, 1, 0, 0
567700, 954411, 1, 0, 0
567800, 963119, 1, 0, 0
567900, 1043734, 1, 0, 0
568000, 961398, 1, 0, 0
568101, 994636, 1, 0, 0
568200, 1003571, 1, 0, 0
568300, 1037700, 1, 0, 0
568400, 1001666, 1, 0, 0
568500, 1021838, 1, 0, 0
568600, 1016337, 1, 0, 0
568701, 1041451, 1, 0, 0
568800, 970679, 1, 0, 0
568900, 985666, 1, 0, 0
569000, 977082, 1, 0, 0
569100, 995594, 1, 0, 0
569200, 994543, 1, 0, 0
569300, 997191, 1, 0, 0
569401, 977424, 1, 0, 0
569500, 981065, 1, 0, 0
569600, 986715, 1, 0, 0
569700, 994587, 1, 0, 0
569800, 997408, 1, 0, 0
569900, 1004276, 1, 0, 0
570000, 994332, 1, 0, 0
570100, 991718, 1, 0, 0
570200, 1019270, 1, 0, 0
570300, 1053904, 1, 0, 0
570400, 1003871, 1, 0, 0
570500, 1037617, 1, 0, 0
570600, 1008333, 1, 0, 0
570700, 1025342, 1, 0, 0
570800, 1029603, 1, 0, 0
570900, 1027226, 1, 0, 0
571000, 1004229, 1, 0, 0
571100, 1015921, 1, 0, 0
571200, 1030881, 1, 0, 0
571300, 998474, 1, 0, 0
571400, 1020365, 1, 0, 0
571500, 1049320, 1, 0, 0
571600, 991916, 1, 0, 0
571700, 983641, 1, 0, 0
571800, 989015, 1, 0, 0
571900, 1010076, 1, 0, 0
572000, 977902, 1, 0, 0
572100, 1010223, 1, 0, 0
572200, 1021576, 1, 0, 0
572300, 1030165, 1, 0, 0
572400, 987048, 1, 0, 0
572500, 984509, 1, 0, 0
572600, 1019153, 1, 0, 0
572700, 976944, 1, 0, 0
572800, 1044837, 1, 0, 0
572900, 1012739, 1, 0, 0
573000, 976992, 1, 0, 0
573100, 1000989, 1, 0, 0
573200, 1020166, 1, 0, 0
573300, 969038, 1, 0, 0
573400, 984155, 1, 0, 0
573500, 995168, 1, 0, 0
573600, 974770, 1, 0, 0
573700, 935471, 1, 0, 0
573800, 986400, 1, 0, 0
573900, 964148, 1, 0, 0
574000, 983250, 1, 0, 0
574100, 962627, 1, 0, 0
574200, 1002091, 1, 0, 0
574300, 959973, 1, 0, 0
574400, 960331, 1, 0, 0
574500, 990343, 1, 0, 0
574600, 967004, 1, 0, 0
574700, 978903, 1, 0, 0
574800, 961776, 1, 0, 0
574900, 986855, 1, 0, 0
575000, 1018298, 1, 0, 0
575100, 978079, 1, 0, 0
575200, 937575, 1, 0, 0
575301, 976764, 1, 0, 0
575400, 950898, 1, 0, 0
575500, 992236, 1, 0, 0
575600, 974129, 1, 0, 0
575700, 958607, 1, 0, 0
575800, 1013872, 1, 0, 0
575900, 1045596, 1, 0, 0
576000, 985719, 1, 0, 0
576100, 981738, 1, 0, 0
576200, 968305, 1, 0, 0
576300, 998321, 1, 0, 0
576400, 1021234, 1, 0, 0
576500, 976198, 1, 0, 0
576600, 1018756, 1, 0, 0
576700, 941287, 1, 0, 0
576800, 993292, 1, 0, 0
576900, 983292, 1, 0, 0
577000, 1000377, 1, 0, 0
577100, 982710, 1, 0, 0
577200, 995172, 1, 0, 0
577300, 1002636, 1, 0, 0
577400, 1005380, 1, 0, 0
577500, 1049441, 1, 0, 0
577600, 1010287, 1, 0, 0
577700, 963681, 1, 0, 0
577800, 912156, 1, 0, 0
577900, 964815, 1, 0, 0
578000, 957789, 1, 0, 0
578101, 987123, 1, 0, 0
578200, 991152, 1, 0, 0
578300, 947572, 1, 0, 0
578400, 966365, 1, 0, 0
578500, 988845, 1, 0, 0
578600, 977107, 1, 0, 0
578700, 987966, 1, 0, 0
578800, 1018910, 1, 0, 0
578900, 981003, 1, 0, 0
579000, 947643, 1, 0, 0
579100, 992899, 1, 0, 0
579200, 975314, 1, 0, 0
579300, 988068, 1, 0, 0
579400, 972768, 1, 0, 0
579500, 969358, 1, 0, 0
579600, 975337, 1, 0, 0
579700, 943008, 1, 0, 0
579800, 962980, 1, 0, 0
579900, 968601, 1, 0, 0
580000, 947907, 1, 0, 0
580100, 1000608, 1, 0, 0
580200, 1003150, 1, 0, 0
580300, 960614, 1, 0, 0
580400, 943608, 1, 0, 0
580500, 941020, 1, 0, 0
580600, 971633, 1, 0, 0
580700, 997618, 1, 0, 0
580801, 1016290, 1, 0, 0
580900, 1001688, 1, 0, 0
581000, 986034, 1, 0, 0
581100, 965018, 1, 0, 0
581200, 987084, 1, 0, 0
581300, 1009178, 1, 0, 0
581400, 1011424, 1, 0, 0
581501, 1015672, 1, 0, 0
581600, 992678, 1, 0, 0
581700, 1020480, 1, 0, 0
581800, 951581, 1, 0, 0
581900, 972783, 1, 0, 0
582000, 976876, 1, 0, 0
582100, 990927, 1, 0, 0
582200, 1018901, 1, 0, 0
582300, 1057349, 1, 0, 0
582400, 975405, 1, 0, 0
582500, 997422, 1, 0, 0
582600, 969876, 1, 0, 0
582700, 975833, 1, 0, 0
582800, 978021, 1, 0, 0
582900, 963738, 1, 0, 0
583000, 1008986, 1, 0, 0
583101, 979053, 1, 0, 0
583200, 953549, 1, 0, 0
583300, 982697, 1, 0, 0
583400, 943421, 1, 0, 0
583500, 973973, 1, 0, 0
583601, 981294, 1, 0, 0
583700, 979744, 1, 0, 0
583800, 985434, 1, 0, 0
583900, 930812, 1, 0, 0
584000, 958740, 1, 0, 0
584100, 967279, 1, 0, 0
584200, 1000517, 1, 0, 0
584300, 1027115, 1, 0, 0
584400, 1013123, 1, 0, 0
584500, 968270, 1, 0, 0
584600, 1008575, 1, 0, 0
584700, 954468, 1, 0, 0
584800, 992796, 1, 0, 0
584900, 1016066, 1, 0, 0
585000, 999300, 1, 0, 0
585100, 1010069, 1, 0, 0
585200, 977819, 1, 0, 0
585300, 991427, 1, 0, 0
585400, 997445, 1, 0, 0
585500, 994615, 1, 0, 0
585601, 996302, 1, 0, 0
585700, 924807, 1, 0, 0
585800, 938747, 1, 0, 0
585900, 932322, 1, 0, 0
586000, 965047, 1, 0, 0
586100, 931404, 1, 0, 0
586200, 989886, 1, 0, 0
586300, 962413, 1, 0, 0
586400, 970028, 1, 0, 0
586500, 993302, 1, 0, 0
586600, 958054, 1, 0, 0
586700, 968824, 1, 0, 0
586800, 1005026, 1, 0, 0
586900, 979501, 1, 0, 0
587000, 958596, 1, 0, 0
587100, 966165, 1, 0, 0
587200, 995687, 1, 0, 0
587300, 1006736, 1, 0, 0
587400, 980170, 1, 0, 0
587500, 965534, 1, 0, 0
587600, 999229, 1, 0, 0
587701, 975549, 1, 0, 0
587800, 1023396, 1, 0, 0
587900, 1029284, 1, 0, 0
588000, 993101, 1, 0, 0
588100, 1006148, 1, 0, 0
588200, 989652, 1, 0, 0
588300, 1000034, 1, 0, 0
588400, 1007136, 1, 0, 0
588500, 965602, 1, 0, 0
588600, 970652, 1, 0, 0
588700, 1057962, 1, 0, 0
588801, 1009957, 1, 0, 0
588900, 1062778, 1, 0, 0
589000, 988198, 1, 0, 0
589100, 1012677, 1, 0, 0
589200, 961316, 1, 0, 0
589301, 986343, 1, 0, 0
589400, 988479, 1, 0, 0
589500, 970402, 1, 0, 0
589600, 1023470, 1, 0, 0
589700, 1021197, 1, 0, 0
589800, 1018599, 1, 0, 0
589900, 985288, 1, 0, 0
590001, 1035764, 1, 0, 0
590102, 1081428, 1, 0, 0
590200, 972805, 1, 0, 0
590300, 1041771, 1, 0, 0
590400, 1015932, 1, 0, 0
590500, 1002186, 1, 0, 0
590600, 977091, 1, 0, 0
590700, 1042886, 1, 0, 0
590800, 964372, 1, 0, 0
590900, 984671, 1, 0, 0
591000, 1008319, 1, 0, 0
591100, 1001062, 1, 0, 0
591201, 953635, 1, 0, 0
591300, 1000838, 1, 0, 0
591401, 1044474, 1, 0, 0
591500, 958896, 1, 0, 0
591600, 984746, 1, 0, 0
591700, 966855, 1, 0, 0
591800, 1013204, 1, 0, 0
591900, 980330, 1, 0, 0
592000, 997810, 1, 0, 0
592100, 976257, 1, 0, 0
592200, 1023477, 1, 0, 0
592300, 1007634, 1, 0, 0
592400, 1029622, 1, 0, 0
592502, 991466, 1, 0, 0
592600, 1045446, 1, 0, 0
592700, 1003624, 1, 0, 0
592800, 989697, 1, 0, 0
592900, 973634, 1, 0, 0
593000, 1011162, 1, 0, 0
593100, 967008, 1, 0, 0
593200, 1029082, 1, 0, 0
593300, 973856, 1, 0, 0
593400, 966763, 1, 0, 0
593500, 952799, 1, 0, 0
593601, 946621, 1, 0, 0
593700, 976646, 1, 0, 0
593800, 994575, 1, 0, 0
593900, 1009189, 1, 0, 0
594000, 1034113, 1, 0, 0
594100, 997833, 1, 0, 0
594200, 1012574, 1, 0, 0
594300, 991249, 1, 0, 0
594400, 1036574, 1, 0, 0
594500, 1012604, 1, 0, 0
594600, 1017754, 1, 0, 0
594700, 1042796, 1, 0, 0
594801, 1055949, 1, 0, 0
594900, 1064397, 1, 0, 0
595000, 1005862, 1, 0, 0
595100, 1023642, 1, 0, 0
595200, 1047865, 1, 0, 0
595300, 998951, 1, 0, 0
595400, 978079, 1, 0, 0
595500, 1009480, 1, 0, 0
595600, 1037781, 1, 0, 0
595700, 990754, 1, 0, 0
595800, 1002010, 1, 0, 0
595900, 1014332, 1, 0, 0
596000, 1030098, 1, 0, 0
596100, 1014432, 1, 0, 0
596200, 998931, 1, 0, 0
596300, 995948, 1, 0, 0
596400, 1011616, 1, 0, 0
596500, 1031706, 1, 0, 0
596601, 1020547, 1, 0, 0
596700, 999332, 1, 0, 0
596800, 983189, 1, 0, 0
596900, 970095, 1, 0, 0
597000, 985865, 1, 0, 0
597100, 956702, 1, 0, 0
597200, 992892, 1, 0, 0
597300, 1012166, 1, 0, 0
597400, 1003277, 1, 0, 0
597500, 1018467, 1, 0, 0
597600, 1016981, 1, 0, 0
597700, 1020508, 1, 0, 0
597801, 963602, 1, 0, 0
597900, 964588, 1, 0, 0
598000, 995436, 1, 0, 0
598100, 1039446, 1, 0, 0
598200, 1012302, 1, 0, 0
598300, 1032689, 1, 0, 0
598400, 1032870, 1, 0, 0
598500, 976170, 1, 0, 0
598600, 984932, 1, 0, 0
598700, 975705, 1, 0, 0
598800, 1000048, 1, 0, 0
598900, 1002974, 1, 0, 0
599000, 1051937, 1, 0, 0
599100, 988381, 1, 0, 0
599200, 1007868, 1, 0, 0
599300, 1015538, 1, 0, 0
599400, 982006, 1, 0, 0
599500, 993433, 1, 0, 0
599600, 1026608, 1, 0, 0
599700, 1001981, 1, 0, 0
599800, 978497, 1, 0, 0
599900, 982716, 1, 0, 0
600000, 994978, 1, 0, 0
