250, 748, 1, 0, 0
350, 770, 1, 0, 0
450, 760, 1, 0, 0
550, 740, 1, 0, 0
650, 720, 1, 0, 0
749, 787, 1, 0, 0
849, 730, 1, 0, 0
949, 740, 1, 0, 0
1049, 770, 1, 0, 0
1149, 750, 1, 0, 0
1250, 810, 1, 0, 0
1350, 740, 1, 0, 0
1450, 780, 1, 0, 0
1550, 760, 1, 0, 0
1650, 810, 1, 0, 0
1749, 787, 1, 0, 0
1849, 770, 1, 0, 0
1949, 790, 1, 0, 0
2049, 730, 1, 0, 0
2149, 760, 1, 0, 0
2249, 740, 1, 0, 0
2350, 760, 1, 0, 0
2450, 780, 1, 0, 0
2550, 770, 1, 0, 0
2650, 730, 1, 0, 0
2749, 767, 1, 0, 0
2849, 740, 1, 0, 0
2949, 770, 1, 0, 0
3049, 740, 1, 0, 0
3149, 810, 1, 0, 0
3249, 780, 1, 0, 0
3349, 760, 1, 0, 0
3449, 770, 1, 0, 0
3550, 760, 1, 0, 0
3650, 770, 1, 0, 0
3749, 787, 1, 0, 0
3849, 750, 1, 0, 0
3949, 770, 1, 0, 0
4049, 770, 1, 0, 0
4149, 760, 1, 0, 0
4249, 730, 1, 0, 0
4349, 710, 1, 0, 0
4449, 750, 1, 0, 0
4550, 780, 1, 0, 0
4650, 750, 1, 0, 0
4749, 737, 1, 0, 0
4849, 760, 1, 0, 0
4949, 730, 1, 0, 0
5049, 790, 1, 0, 0
5149, 790, 1, 0, 0
5249, 750, 1, 0, 0
5349, 750, 1, 0, 0
5449, 800, 1, 0, 0
5549, 750, 1, 0, 0
5649, 810, 1, 0, 0
5750, 730, 1, 0, 0
5850, 800, 1, 0, 0
5950, 760, 1, 0, 0
6050, 730, 1, 0, 0
6150, 780, 1, 0, 0
6249, 767, 1, 0, 0
6349, 770, 1, 0, 0
6449, 800, 1, 0, 0
6549, 780, 1, 0, 0
6649, 740, 1, 0, 0
6749, 790, 1, 0, 0
6849, 750, 1, 0, 0
6949, 800, 1, 0, 0
7050, 760, 1, 0, 0
7150, 730, 1, 0, 0
7249, 696, 1, 0, 0
7349, 780, 1, 0, 0
7449, 770, 1, 0, 0
7549, 780, 1, 0, 0
7649, 760, 1, 0, 0
7749, 730, 1, 0, 0
7849, 750, 1, 0, 0
7949, 810, 1, 0, 0
8049, 780, 1, 0, 0
8149, 800, 1, 0, 0
8250, 730, 1, 0, 0
8350, 750, 1, 0, 0
8450, 770, 1, 0, 0
8550, 770, 1, 0, 0
8650, 790, 1, 0, 0
8749, 838, 1, 0, 0
8849, 760, 1, 0, 0
8949, 760, 1, 0, 0
9049, 810, 1, 0, 0
9149, 820, 1, 0, 0
9249, 790, 1, 0, 0
9350, 790, 1, 0, 0
9450, 750, 1, 0, 0
9550, 770, 1, 0, 0
9650, 770, 1, 0, 0
9749, 828, 1, 0, 0
9849, 760, 1, 0, 0
9949, 800, 1, 0, 0
10049, 770, 1, 0, 0
10149, 790, 1, 0, 0
10249, 790, 1, 0, 0
10349, 780, 1, 0, 0
10449, 820, 1, 0, 0
10550, 820, 1, 0, 0
10650, 760, 1, 0, 0
10749, 787, 1, 0, 0
10849, 790, 1, 0, 0
10949, 730, 1, 0, 0
11049, 760, 1, 0, 0
11149, 770, 1, 0, 0
11249, 750, 1, 0, 0
11349, 760, 1, 0, 0
11449, 740, 1, 0, 0
11550, 790, 1, 0, 0
11650, 820, 1, 0, 0
11749, 787, 1, 0, 0
11849, 760, 1, 0, 0
11949, 850, 1, 0, 0
12049, 820, 1, 0, 0
12149, 770, 1, 0, 0
12249, 760, 1, 0, 0
12349, 780, 1, 0, 0
12449, 740, 1, 0, 0
12549, 790, 1, 0, 0
12649, 800, 1, 0, 0
12750, 820, 1, 0, 0
12850, 800, 1, 0, 0
12950, 740, 1, 0, 0
13050, 780, 1, 0, 0
13150, 770, 1, 0, 0
13249, 787, 1, 0, 0
13349, 780, 1, 0, 0
13449, 780, 1, 0, 0
13549, 790, 1, 0, 0
13649, 780, 1, 0, 0
13749, 750, 1, 0, 0
13850, 800, 1, 0, 0
13950, 770, 1, 0, 0
14050, 800, 1, 0, 0
14150, 800, 1, 0, 0
14249, 787, 1, 0, 0
14349, 760, 1, 0, 0
14449, 770, 1, 0, 0
14549, 780, 1, 0, 0
14649, 790, 1, 0, 0
14749, 740, 1, 0, 0
14849, 820, 1, 0, 0
14949, 790, 1, 0, 0
15050, 770, 1, 0, 0
15150, 740, 1, 0, 0
15249, 767, 1, 0, 0
15349, 800, 1, 0, 0
15449, 730, 1, 0, 0
15549, 810, 1, 0, 0
15649, 770, 1, 0, 0
15749, 790, 1, 0, 0
15849, 800, 1, 0, 0
15949, 800, 1, 0, 0
16050, 780, 1, 0, 0
16150, 770, 1, 0, 0
16249, 818, 1, 0, 0
16349, 840, 1, 0, 0
16449, 810, 1, 0, 0
16549, 770, 1, 0, 0
16649, 740, 1, 0, 0
16749, 750, 1, 0, 0
16849, 780, 1, 0, 0
16949, 780, 1, 0, 0
17049, 760, 1, 0, 0
17149, 750, 1, 0, 0
17250, 780, 1, 0, 0
17350, 830, 1, 0, 0
17450, 790, 1, 0, 0
17550, 770, 1, 0, 0
17650, 750, 1, 0, 0
17749, 767, 1, 0, 0
17849, 800, 1, 0, 0
17949, 770, 1, 0, 0
18049, 790, 1, 0, 0
18149, 800, 1, 0, 0
18250, 790, 1, 0, 0
18350, 760, 1, 0, 0
18450, 770, 1, 0, 0
18550, 770, 1, 0, 0
18650, 770, 1, 0, 0
18749, 777, 1, 0, 0
18849, 790, 1, 0, 0
18949, 810, 1, 0, 0
19049, 740, 1, 0, 0
19149, 750, 1, 0, 0
19249, 820, 1, 0, 0
19349, 780, 1, 0, 0
19449, 730, 1, 0, 0
19550, 780, 1, 0, 0
19650, 770, 1, 0, 0
19749, 747, 1, 0, 0
19849, 840, 1, 0, 0
19949, 780, 1, 0, 0
20049, 770, 1, 0, 0
20149, 770, 1, 0, 0
20249, 760, 1, 0, 0
20349, 760, 1, 0, 0
20449, 760, 1, 0, 0
20550, 790, 1, 0, 0
20650, 780, 1, 0, 0
20749, 797, 1, 0, 0
20849, 770, 1, 0, 0
20949, 800, 1, 0, 0
21049, 820, 1, 0, 0
21149, 770, 1, 0, 0
21249, 790, 1, 0, 0
21349, 780, 1, 0, 0
21449, 770, 1, 0, 0
21549, 790, 1, 0, 0
21649, 750, 1, 0, 0
21750, 760, 1, 0, 0
21850, 810, 1, 0, 0
21950, 790, 1, 0, 0
22050, 740, 1, 0, 0
22150, 790, 1, 0, 0
22249, 767, 1, 0, 0
22349, 810, 1, 0, 0
22449, 770, 1, 0, 0
22549, 770, 1, 0, 0
22649, 800, 1, 0, 0
22749, 760, 1, 0, 0
22849, 790, 1, 0, 0
22949, 720, 1, 0, 0
23050, 730, 1, 0, 0
23150, 780, 1, 0, 0
23249, 808, 1, 0, 0
23349, 790, 1, 0, 0
23449, 770, 1, 0, 0
23549, 750, 1, 0, 0
23649, 730, 1, 0, 0
23749, 730, 1, 0, 0
23849, 720, 1, 0, 0
23949, 800, 1, 0, 0
24049, 810, 1, 0, 0
24150, 750, 1, 0, 0
24249, 777, 1, 0, 0
24349, 810, 1, 0, 0
24449, 760, 1, 0, 0
24549, 800, 1, 0, 0
24649, 770, 1, 0, 0
24749, 780, 1, 0, 0
24849, 770, 1, 0, 0
24949, 780, 1, 0, 0
25049, 750, 1, 0, 0
25149, 780, 1, 0, 0
25250, 770, 1, 0, 0
25350, 790, 1, 0, 0
25450, 780, 1, 0, 0
25550, 770, 1, 0, 0
25650, 790, 1, 0, 0
25749, 787, 1, 0, 0
25849, 770, 1, 0, 0
25949, 780, 1, 0, 0
26049, 820, 1, 0, 0
26149, 830, 1, 0, 0
26249, 770, 1, 0, 0
26349, 770, 1, 0, 0
26449, 820, 1, 0, 0
26550, 790, 1, 0, 0
26650, 770, 1, 0, 0
26749, 767, 1, 0, 0
26849, 780, 1, 0, 0
26949, 790, 1, 0, 0
27049, 740, 1, 0, 0
27149, 790, 1, 0, 0
27249, 810, 1, 0, 0
27349, 710, 1, 0, 0
27449, 810, 1, 0, 0
27549, 720, 1, 0, 0
27649, 760, 1, 0, 0
27750, 800, 1, 0, 0
27850, 810, 1, 0, 0
27950, 790, 1, 0, 0
28050, 820, 1, 0, 0
28150, 830, 1, 0, 0
28249, 777, 1, 0, 0
28349, 810, 1, 0, 0
28449, 730, 1, 0, 0
28549, 810, 1, 0, 0
28649, 800, 1, 0, 0
28750, 800, 1, 0, 0
28850, 840, 1, 0, 0
28950, 790, 1, 0, 0
29050, 820, 1, 0, 0
29150, 740, 1, 0, 0
29249, 828, 1, 0, 0
29349, 790, 1, 0, 0
29449, 800, 1, 0, 0
29549, 780, 1, 0, 0
29649, 820, 1, 0, 0
29749, 820, 1, 0, 0
29849, 790, 1, 0, 0
29949, 770, 1, 0, 0
30050, 820, 1, 0, 0
30150, 770, 1, 0, 0
30249, 797, 1, 0, 0
30349, 750, 1, 0, 0
30449, 770, 1, 0, 0
30549, 790, 1, 0, 0
30649, 790, 1, 0, 0
30749, 740, 1, 0, 0
30849, 780, 1, 0, 0
30949, 780, 1, 0, 0
31050, 790, 1, 0, 0
31150, 770, 1, 0, 0
31249, 787, 1, 0, 0
31349, 810, 1, 0, 0
31449, 750, 1, 0, 0
31549, 800, 1, 0, 0
31649, 820, 1, 0, 0
31749, 780, 1, 0, 0
31849, 770, 1, 0, 0
31949, 760, 1, 0, 0
32049, 760, 1, 0, 0
32149, 730, 1, 0, 0
32250, 770, 1, 0, 0
32350, 780, 1, 0, 0
32450, 750, 1, 0, 0
32550, 800, 1, 0, 0
32650, 820, 1, 0, 0
32749, 808, 1, 0, 0
32849, 780, 1, 0, 0
32949, 760, 1, 0, 0
33049, 800, 1, 0, 0
33149, 770, 1, 0, 0
33250, 820, 1, 0, 0
33350, 770, 1, 0, 0
33450, 820, 1, 0, 0
33550, 730, 1, 0, 0
33650, 790, 1, 0, 0
33749, 777, 1, 0, 0
33849, 760, 1, 0, 0
33949, 740, 1, 0, 0
34049, 780, 1, 0, 0
34149, 760, 1, 0, 0
34249, 790, 1, 0, 0
34349, 750, 1, 0, 0
34449, 760, 1, 0, 0
34550, 800, 1, 0, 0
34650, 820, 1, 0, 0
34749, 808, 1, 0, 0
34849, 820, 1, 0, 0
34949, 810, 1, 0, 0
35049, 770, 1, 0, 0
35149, 770, 1, 0, 0
35249, 810, 1, 0, 0
35349, 760, 1, 0, 0
35449, 790, 1, 0, 0
35549, 790, 1, 0, 0
35649, 810, 1, 0, 0
35750, 810, 1, 0, 0
35850, 760, 1, 0, 0
35950, 790, 1, 0, 0
36050, 800, 1, 0, 0
36150, 820, 1, 0, 0
36249, 797, 1, 0, 0
36349, 810, 1, 0, 0
36449, 780, 1, 0, 0
36549, 820, 1, 0, 0
36649, 830, 1, 0, 0
36749, 780, 1, 0, 0
36849, 800, 1, 0, 0
36950, 790, 1, 0, 0
37050, 790, 1, 0, 0
37150, 830, 1, 0, 0
37249, 757, 1, 0, 0
37349, 830, 1, 0, 0
37449, 770, 1, 0, 0
37549, 750, 1, 0, 0
37649, 720, 1, 0, 0
37749, 780, 1, 0, 0
37849, 800, 1, 0, 0
37949, 810, 1, 0, 0
38050, 800, 1, 0, 0
38150, 810, 1, 0, 0
38249, 787, 1, 0, 0
38349, 790, 1, 0, 0
38449, 820, 1, 0, 0
38549, 770, 1, 0, 0
38649, 810, 1, 0, 0
38749, 810, 1, 0, 0
38849, 790, 1, 0, 0
38949, 760, 1, 0, 0
39049, 790, 1, 0, 0
39149, 820, 1, 0, 0
39250, 790, 1, 0, 0
39350, 770, 1, 0, 0
39450, 770, 1, 0, 0
39550, 810, 1, 0, 0
39650, 760, 1, 0, 0
39749, 787, 1, 0, 0
39849, 760, 1, 0, 0
39949, 790, 1, 0, 0
40049, 790, 1, 0, 0
40149, 880, 1, 0, 0
40249, 780, 1, 0, 0
40350, 830, 1, 0, 0
40450, 780, 1, 0, 0
40550, 780, 1, 0, 0
40650, 800, 1, 0, 0
40749, 787, 1, 0, 0
40849, 820, 1, 0, 0
40949, 850, 1, 0, 0
41049, 840, 1, 0, 0
41149, 830, 1, 0, 0
41249, 770, 1, 0, 0
41349, 770, 1, 0, 0
41449, 790, 1, 0, 0
41550, 800, 1, 0, 0
41650, 790, 1, 0, 0
41749, 828, 1, 0, 0
41849, 800, 1, 0, 0
41949, 720, 1, 0, 0
42049, 800, 1, 0, 0
42149, 730, 1, 0, 0
42249, 780, 1, 0, 0
42349, 820, 1, 0, 0
42449, 750, 1, 0, 0
42549, 800, 1, 0, 0
42650, 790, 1, 0, 0
42749, 808, 1, 0, 0
42849, 810, 1, 0, 0
42949, 830, 1, 0, 0
43049, 820, 1, 0, 0
43149, 840, 1, 0, 0
43249, 780, 1, 0, 0
43349, 780, 1, 0, 0
43449, 830, 1, 0, 0
43549, 840, 1, 0, 0
43649, 820, 1, 0, 0
43750, 880, 1, 0, 0
43850, 850, 1, 0, 0
43950, 880, 1, 0, 0
44050, 810, 1, 0, 0
44150, 820, 1, 0, 0
44249, 777, 1, 0, 0
44349, 790, 1, 0, 0
44449, 800, 1, 0, 0
44549, 820, 1, 0, 0
44649, 830, 1, 0, 0
44749, 780, 1, 0, 0
44850, 780, 1, 0, 0
44950, 800, 1, 0, 0
45050, 810, 1, 0, 0
45150, 820, 1, 0, 0
45249, 777, 1, 0, 0
45349, 760, 1, 0, 0
45449, 820, 1, 0, 0
45549, 820, 1, 0, 0
45649, 820, 1, 0, 0
45749, 780, 1, 0, 0
45849, 820, 1, 0, 0
45949, 780, 1, 0, 0
46050, 810, 1, 0, 0
46150, 850, 1, 0, 0
46249, 797, 1, 0, 0
46349, 780, 1, 0, 0
46449, 750, 1, 0, 0
46549, 790, 1, 0, 0
46649, 820, 1, 0, 0
46749, 790, 1, 0, 0
46849, 810, 1, 0, 0
46949, 820, 1, 0, 0
47049, 820, 1, 0, 0
47149, 810, 1, 0, 0
47250, 740, 1, 0, 0
47350, 830, 1, 0, 0
47450, 840, 1, 0, 0
47550, 790, 1, 0, 0
47650, 770, 1, 0, 0
47749, 767, 1, 0, 0
47849, 810, 1, 0, 0
47949, 770, 1, 0, 0
48049, 810, 1, 0, 0
48149, 820, 1, 0, 0
48250, 830, 1, 0, 0
48350, 800, 1, 0, 0
48450, 820, 1, 0, 0
48550, 780, 1, 0, 0
48650, 800, 1, 0, 0
48749, 808, 1, 0, 0
48849, 790, 1, 0, 0
48949, 790, 1, 0, 0
49049, 800, 1, 0, 0
49149, 840, 1, 0, 0
49249, 750, 1, 0, 0
49349, 790, 1, 0, 0
49449, 790, 1, 0, 0
49550, 830, 1, 0, 0
49650, 840, 1, 0, 0
49749, 818, 1, 0, 0
49849, 790, 1, 0, 0
49949, 810, 1, 0, 0
50049, 820, 1, 0, 0
50149, 820, 1, 0, 0
50249, 830, 1, 0, 0
50349, 790, 1, 0, 0
50449, 840, 1, 0, 0
50549, 800, 1, 0, 0
50650, 800, 1, 0, 0
50749, 787, 1, 0, 0
50849, 830, 1, 0, 0
50949, 840, 1, 0, 0
51049, 820, 1, 0, 0
51149, 860, 1, 0, 0
51249, 820, 1, 0, 0
51349, 810, 1, 0, 0
51449, 840, 1, 0, 0
51549, 850, 1, 0, 0
51649, 810, 1, 0, 0
51749, 820, 1, 0, 0
51850, 840, 1, 0, 0
51950, 860, 1, 0, 0
52050, 820, 1, 0, 0
52150, 840, 1, 0, 0
52249, 828, 1, 0, 0
52349, 870, 1, 0, 0
52449, 830, 1, 0, 0
52549, 760, 1, 0, 0
52649, 830, 1, 0, 0
52749, 860, 1, 0, 0
52849, 790, 1, 0, 0
52949, 810, 1, 0, 0
53050, 850, 1, 0, 0
53150, 830, 1, 0, 0
53249, 888, 1, 0, 0
53349, 850, 1, 0, 0
53449, 850, 1, 0, 0
53549, 830, 1, 0, 0
53649, 850, 1, 0, 0
53749, 870, 1, 0, 0
53849, 810, 1, 0, 0
53949, 860, 1, 0, 0
54049, 820, 1, 0, 0
54149, 850, 1, 0, 0
54250, 820, 1, 0, 0
54350, 850, 1, 0, 0
54450, 820, 1, 0, 0
54550, 810, 1, 0, 0
54650, 850, 1, 0, 0
54749, 818, 1, 0, 0
54849, 830, 1, 0, 0
54949, 830, 1, 0, 0
55049, 790, 1, 0, 0
55149, 810, 1, 0, 0
55249, 860, 1, 0, 0
55349, 850, 1, 0, 0
55449, 820, 1, 0, 0
55550, 840, 1, 0, 0
55650, 860, 1, 0, 0
55749, 848, 1, 0, 0
55849, 870, 1, 0, 0
55949, 890, 1, 0, 0
56049, 900, 1, 0, 0
56149, 890, 1, 0, 0
56249, 870, 1, 0, 0
56349, 840, 1, 0, 0
56449, 830, 1, 0, 0
56550, 830, 1, 0, 0
56650, 880, 1, 0, 0
56749, 828, 1, 0, 0
56849, 870, 1, 0, 0
56949, 850, 1, 0, 0
57049, 850, 1, 0, 0
57149, 850, 1, 0, 0
57249, 820, 1, 0, 0
57349, 810, 1, 0, 0
57449, 830, 1, 0, 0
57549, 850, 1, 0, 0
57649, 870, 1, 0, 0
57750, 840, 1, 0, 0
57850, 880, 1, 0, 0
57950, 860, 1, 0, 0
58050, 840, 1, 0, 0
58150, 860, 1, 0, 0
58249, 838, 1, 0, 0
58349, 820, 1, 0, 0
58449, 860, 1, 0, 0
58549, 820, 1, 0, 0
58649, 830, 1, 0, 0
58749, 850, 1, 0, 0
58850, 830, 1, 0, 0
58950, 840, 1, 0, 0
59050, 850, 1, 0, 0
59150, 870, 1, 0, 0
59249, 888, 1, 0, 0
59349, 820, 1, 0, 0
59449, 790, 1, 0, 0
59549, 820, 1, 0, 0
59649, 850, 1, 0, 0
59749, 840, 1, 0, 0
59849, 830, 1, 0, 0
59949, 820, 1, 0, 0
60050, 800, 1, 0, 0
60150, 910, 1, 0, 0
60249, 838, 1, 0, 0
60349, 850, 1, 0, 0
60449, 810, 1, 0, 0
60549, 850, 1, 0, 0
60649, 880, 1, 0, 0
60749, 790, 1, 0, 0
60849, 860, 1, 0, 0
60949, 850, 1, 0, 0
61049, 850, 1, 0, 0
61149, 860, 1, 0, 0
61250, 850, 1, 0, 0
61350, 860, 1, 0, 0
61450, 880, 1, 0, 0
61550, 910, 1, 0, 0
61650, 830, 1, 0, 0
61749, 828, 1, 0, 0
61849, 840, 1, 0, 0
61949, 790, 1, 0, 0
62049, 870, 1, 0, 0
62149, 840, 1, 0, 0
62250, 880, 1, 0, 0
62350, 840, 1, 0, 0
62450, 870, 1, 0, 0
62550, 800, 1, 0, 0
62650, 840, 1, 0, 0
62749, 808, 1, 0, 0
62849, 840, 1, 0, 0
62949, 800, 1, 0, 0
63049, 830, 1, 0, 0
63149, 900, 1, 0, 0
63249, 870, 1, 0, 0
63349, 820, 1, 0, 0
63450, 800, 1, 0, 0
63550, 860, 1, 0, 0
63650, 850, 1, 0, 0
63749, 828, 1, 0, 0
63849, 840, 1, 0, 0
63949, 810, 1, 0, 0
64049, 790, 1, 0, 0
64149, 850, 1, 0, 0
64249, 850, 1, 0, 0
64349, 810, 1, 0, 0
64449, 850, 1, 0, 0
64550, 810, 1, 0, 0
64650, 840, 1, 0, 0
64749, 868, 1, 0, 0
64849, 870, 1, 0, 0
64949, 830, 1, 0, 0
65049, 830, 1, 0, 0
65149, 790, 1, 0, 0
65249, 840, 1, 0, 0
65349, 800, 1, 0, 0
65449, 840, 1, 0, 0
65549, 850, 1, 0, 0
65649, 820, 1, 0, 0
65750, 890, 1, 0, 0
65850, 830, 1, 0, 0
65950, 840, 1, 0, 0
66050, 830, 1, 0, 0
66150, 830, 1, 0, 0
66249, 868, 1, 0, 0
66349, 860, 1, 0, 0
66449, 840, 1, 0, 0
66549, 880, 1, 0, 0
66649, 800, 1, 0, 0
66749, 860, 1, 0, 0
66849, 860, 1, 0, 0
66949, 810, 1, 0, 0
67050, 860, 1, 0, 0
67150, 820, 1, 0, 0
67249, 838, 1, 0, 0
67349, 870, 1, 0, 0
67449, 890, 1, 0, 0
67549, 830, 1, 0, 0
67649, 830, 1, 0, 0
67749, 870, 1, 0, 0
67849, 890, 1, 0, 0
67949, 860, 1, 0, 0
68049, 840, 1, 0, 0
68150, 790, 1, 0, 0
68249, 818, 1, 0, 0
68349, 840, 1, 0, 0
68449, 880, 1, 0, 0
68549, 820, 1, 0, 0
68649, 830, 1, 0, 0
68749, 890, 1, 0, 0
68849, 890, 1, 0, 0
68949, 870, 1, 0, 0
69049, 870, 1, 0, 0
69149, 840, 1, 0, 0
69249, 840, 1, 0, 0
69350, 840, 1, 0, 0
69450, 840, 1, 0, 0
69550, 900, 1, 0, 0
69650, 830, 1, 0, 0
69749, 797, 1, 0, 0
69849, 840, 1, 0, 0
69949, 870, 1, 0, 0
70049, 880, 1, 0, 0
70149, 860, 1, 0, 0
70249, 810, 1, 0, 0
70349, 770, 1, 0, 0
70449, 800, 1, 0, 0
70550, 880, 1, 0, 0
70650, 860, 1, 0, 0
70749, 898, 1, 0, 0
70849, 790, 1, 0, 0
70949, 870, 1, 0, 0
71049, 840, 1, 0, 0
71149, 860, 1, 0, 0
71249, 880, 1, 0, 0
71349, 800, 1, 0, 0
71449, 810, 1, 0, 0
71549, 820, 1, 0, 0
71650, 790, 1, 0, 0
71749, 797, 1, 0, 0
71849, 800, 1, 0, 0
71949, 890, 1, 0, 0
72049, 840, 1, 0, 0
72149, 850, 1, 0, 0
72249, 840, 1, 0, 0
72349, 880, 1, 0, 0
72449, 820, 1, 0, 0
72549, 850, 1, 0, 0
72649, 820, 1, 0, 0
72750, 830, 1, 0, 0
72850, 900, 1, 0, 0
72950, 880, 1, 0, 0
73050, 820, 1, 0, 0
73150, 870, 1, 0, 0
73249, 848, 1, 0, 0
73349, 860, 1, 0, 0
73449, 860, 1, 0, 0
73549, 830, 1, 0, 0
73649, 830, 1, 0, 0
73749, 910, 1, 0, 0
73849, 830, 1, 0, 0
73949, 860, 1, 0, 0
74050, 890, 1, 0, 0
74150, 830, 1, 0, 0
74249, 838, 1, 0, 0
74349, 900, 1, 0, 0
74449, 850, 1, 0, 0
74549, 850, 1, 0, 0
74649, 830, 1, 0, 0
74749, 830, 1, 0, 0
74849, 860, 1, 0, 0
74949, 890, 1, 0, 0
75050, 850, 1, 0, 0
75150, 890, 1, 0, 0
75249, 848, 1, 0, 0
75349, 860, 1, 0, 0
75449, 850, 1, 0, 0
75549, 820, 1, 0, 0
75649, 840, 1, 0, 0
75749, 850, 1, 0, 0
75849, 850, 1, 0, 0
75949, 860, 1, 0, 0
76049, 810, 1, 0, 0
76149, 840, 1, 0, 0
76250, 860, 1, 0, 0
76350, 820, 1, 0, 0
76450, 850, 1, 0, 0
76550, 810, 1, 0, 0
76650, 820, 1, 0, 0
76749, 848, 1, 0, 0
76849, 830, 1, 0, 0
76949, 840, 1, 0, 0
77049, 830, 1, 0, 0
77149, 850, 1, 0, 0
77249, 820, 1, 0, 0
77350, 810, 1, 0, 0
77450, 850, 1, 0, 0
77550, 870, 1, 0, 0
77650, 830, 1, 0, 0
77749, 777, 1, 0, 0
77849, 800, 1, 0, 0
77949, 790, 1, 0, 0
78049, 790, 1, 0, 0
78149, 840, 1, 0, 0
78249, 860, 1, 0, 0
78349, 830, 1, 0, 0
78449, 870, 1, 0, 0
78550, 830, 1, 0, 0
78650, 870, 1, 0, 0
78749, 868, 1, 0, 0
78849, 880, 1, 0, 0
78949, 870, 1, 0, 0
79049, 860, 1, 0, 0
79149, 810, 1, 0, 0
79249, 860, 1, 0, 0
79349, 870, 1, 0, 0
79449, 850, 1, 0, 0
79549, 820, 1, 0, 0
79649, 850, 1, 0, 0
79750, 890, 1, 0, 0
79850, 850, 1, 0, 0
79950, 840, 1, 0, 0
80050, 850, 1, 0, 0
80150, 850, 1, 0, 0
80249, 777, 1, 0, 0
80349, 840, 1, 0, 0
80449, 860, 1, 0, 0
80549, 910, 1, 0, 0
80649, 850, 1, 0, 0
80750, 860, 1, 0, 0
80850, 890, 1, 0, 0
80950, 750, 1, 0, 0
81050, 800, 1, 0, 0
81150, 790, 1, 0, 0
81249, 848, 1, 0, 0
81349, 840, 1, 0, 0
81449, 800, 1, 0, 0
81549, 890, 1, 0, 0
81649, 870, 1, 0, 0
81749, 860, 1, 0, 0
81849, 880, 1, 0, 0
81949, 850, 1, 0, 0
82050, 820, 1, 0, 0
82150, 880, 1, 0, 0
82249, 878, 1, 0, 0
82349, 810, 1, 0, 0
82449, 880, 1, 0, 0
82549, 870, 1, 0, 0
82649, 810, 1, 0, 0
82749, 850, 1, 0, 0
82849, 870, 1, 0, 0
82949, 890, 1, 0, 0
83049, 840, 1, 0, 0
83150, 830, 1, 0, 0
83249, 858, 1, 0, 0
83349, 880, 1, 0, 0
83449, 810, 1, 0, 0
83549, 810, 1, 0, 0
83649, 890, 1, 0, 0
83749, 880, 1, 0, 0
83849, 870, 1, 0, 0
83949, 840, 1, 0, 0
84049, 850, 1, 0, 0
84149, 890, 1, 0, 0
84250, 880, 1, 0, 0
84350, 840, 1, 0, 0
84450, 850, 1, 0, 0
84550, 830, 1, 0, 0
84650, 870, 1, 0, 0
84749, 919, 1, 0, 0
84849, 850, 1, 0, 0
84949, 840, 1, 0, 0
85049, 840, 1, 0, 0
85149, 860, 1, 0, 0
85249, 860, 1, 0, 0
85349, 870, 1, 0, 0
85449, 790, 1, 0, 0
85550, 860, 1, 0, 0
85650, 820, 1, 0, 0
85749, 818, 1, 0, 0
85849, 820, 1, 0, 0
85949, 860, 1, 0, 0
86049, 880, 1, 0, 0
86149, 830, 1, 0, 0
86249, 840, 1, 0, 0
86349, 830, 1, 0, 0
86449, 890, 1, 0, 0
86550, 830, 1, 0, 0
86650, 890, 1, 0, 0
86749, 868, 1, 0, 0
86849, 870, 1, 0, 0
86949, 850, 1, 0, 0
87049, 860, 1, 0, 0
87149, 870, 1, 0, 0
87249, 910, 1, 0, 0
87349, 880, 1, 0, 0
87449, 910, 1, 0, 0
87549, 880, 1, 0, 0
87649, 890, 1, 0, 0
87750, 860, 1, 0, 0
87850, 900, 1, 0, 0
87950, 860, 1, 0, 0
88050, 840, 1, 0, 0
88150, 800, 1, 0, 0
88249, 898, 1, 0, 0
88349, 830, 1, 0, 0
88449, 810, 1, 0, 0
88549, 890, 1, 0, 0
88649, 840, 1, 0, 0
88749, 900, 1, 0, 0
88850, 850, 1, 0, 0
88950, 850, 1, 0, 0
89050, 810, 1, 0, 0
89150, 860, 1, 0, 0
89249, 868, 1, 0, 0
89349, 830, 1, 0, 0
89449, 920, 1, 0, 0
89549, 850, 1, 0, 0
89649, 840, 1, 0, 0
89749, 850, 1, 0, 0
89849, 860, 1, 0, 0
89949, 880, 1, 0, 0
90050, 890, 1, 0, 0
90150, 870, 1, 0, 0
90249, 858, 1, 0, 0
90349, 850, 1, 0, 0
90449, 840, 1, 0, 0
90549, 910, 1, 0, 0
90649, 840, 1, 0, 0
90749, 920, 1, 0, 0
90849, 820, 1, 0, 0
90949, 800, 1, 0, 0
91050, 830, 1, 0, 0
91150, 860, 1, 0, 0
91249, 878, 1, 0, 0
91349, 780, 1, 0, 0
91449, 860, 1, 0, 0
91549, 830, 1, 0, 0
91649, 830, 1, 0, 0
91749, 840, 1, 0, 0
91849, 910, 1, 0, 0
91949, 900, 1, 0, 0
92049, 870, 1, 0, 0
92149, 830, 1, 0, 0
92250, 860, 1, 0, 0
92350, 830, 1, 0, 0
92450, 840, 1, 0, 0
92550, 830, 1, 0, 0
92650, 790, 1, 0, 0
92749, 888, 1, 0, 0
92849, 830, 1, 0, 0
92949, 830, 1, 0, 0
93049, 840, 1, 0, 0
93149, 920, 1, 0, 0
93250, 870, 1, 0, 0
93350, 860, 1, 0, 0
93450, 870, 1, 0, 0
93550, 840, 1, 0, 0
93650, 850, 1, 0, 0
93749, 878, 1, 0, 0
93849, 890, 1, 0, 0
93949, 840, 1, 0, 0
94049, 900, 1, 0, 0
94149, 860, 1, 0, 0
94249, 890, 1, 0, 0
94349, 880, 1, 0, 0
94450, 850, 1, 0, 0
94550, 910, 1, 0, 0
94650, 900, 1, 0, 0
94749, 848, 1, 0, 0
94849, 890, 1, 0, 0
94949, 830, 1, 0, 0
95049, 900, 1, 0, 0
95149, 890, 1, 0, 0
95249, 830, 1, 0, 0
95349, 830, 1, 0, 0
95449, 850, 1, 0, 0
95550, 840, 1, 0, 0
95650, 890, 1, 0, 0
95749, 848, 1, 0, 0
95849, 840, 1, 0, 0
95949, 850, 1, 0, 0
96049, 830, 1, 0, 0
96149, 850, 1, 0, 0
96249, 910, 1, 0, 0
96349, 830, 1, 0, 0
96449, 880, 1, 0, 0
96549, 890, 1, 0, 0
96650, 880, 1, 0, 0
96750, 840, 1, 0, 0
96850, 860, 1, 0, 0
96950, 820, 1, 0, 0
97050, 860, 1, 0, 0
97150, 840, 1, 0, 0
97249, 838, 1, 0, 0
97349, 860, 1, 0, 0
97449, 850, 1, 0, 0
97549, 880, 1, 0, 0
97649, 900, 1, 0, 0
97749, 800, 1, 0, 0
97850, 900, 1, 0, 0
97950, 870, 1, 0, 0
98050, 810, 1, 0, 0
98150, 870, 1, 0, 0
98249, 858, 1, 0, 0
98349, 840, 1, 0, 0
98449, 880, 1, 0, 0
98549, 870, 1, 0, 0
98649, 860, 1, 0, 0
98749, 940, 1, 0, 0
98849, 880, 1, 0, 0
98949, 860, 1, 0, 0
99050, 870, 1, 0, 0
99150, 890, 1, 0, 0
99249, 868, 1, 0, 0
99349, 920, 1, 0, 0
99449, 900, 1, 0, 0
99549, 870, 1, 0, 0
99649, 900, 1, 0, 0
99749, 870, 1, 0, 0
99849, 870, 1, 0, 0
99949, 880, 1, 0, 0
100050, 860, 1, 0, 0
100150, 890, 1, 0, 0
100249, 828, 1, 0, 0
100349, 870, 1, 0, 0
100449, 890, 1, 0, 0
100549, 850, 1, 0, 0
100649, 860, 1, 0, 0
100749, 910, 1, 0, 0
100849, 900, 1, 0, 0
100949, 900, 1, 0, 0
101050, 830, 1, 0, 0
101150, 860, 1, 0, 0
101249, 898, 1, 0, 0
101349, 830, 1, 0, 0
101449, 890, 1, 0, 0
101549, 890, 1, 0, 0
101649, 880, 1, 0, 0
101749, 870, 1, 0, 0
101849, 860, 1, 0, 0
101949, 830, 1, 0, 0
102050, 860, 1, 0, 0
102150, 880, 1, 0, 0
102249, 888, 1, 0, 0
102349, 890, 1, 0, 0
102449, 870, 1, 0, 0
102549, 890, 1, 0, 0
102649, 890, 1, 0, 0
102749, 840, 1, 0, 0
102849, 860, 1, 0, 0
102949, 880, 1, 0, 0
103050, 850, 1, 0, 0
103150, 900, 1, 0, 0
103249, 898, 1, 0, 0
103349, 910, 1, 0, 0
103449, 880, 1, 0, 0
103549, 870, 1, 0, 0
103649, 870, 1, 0, 0
103749, 890, 1, 0, 0
103849, 890, 1, 0, 0
103949, 860, 1, 0, 0
104049, 870, 1, 0, 0
104149, 860, 1, 0, 0
104250, 870, 1, 0, 0
104350, 890, 1, 0, 0
104450, 860, 1, 0, 0
104550, 890, 1, 0, 0
104650, 900, 1, 0, 0
104749, 808, 1, 0, 0
104849, 900, 1, 0, 0
104949, 850, 1, 0, 0
105049, 840, 1, 0, 0
105149, 860, 1, 0, 0
105250, 810, 1, 0, 0
105350, 870, 1, 0, 0
105450, 860, 1, 0, 0
105550, 890, 1, 0, 0
105650, 850, 1, 0, 0
105749, 858, 1, 0, 0
105849, 860, 1, 0, 0
105949, 890, 1, 0, 0
106049, 910, 1, 0, 0
106149, 870, 1, 0, 0
106250, 910, 1, 0, 0
106350, 860, 1, 0, 0
106450, 870, 1, 0, 0
106550, 880, 1, 0, 0
106650, 920, 1, 0, 0
106749, 888, 1, 0, 0
106849, 860, 1, 0, 0
106949, 890, 1, 0, 0
107049, 830, 1, 0, 0
107149, 870, 1, 0, 0
107249, 870, 1, 0, 0
107349, 880, 1, 0, 0
107449, 840, 1, 0, 0
107550, 900, 1, 0, 0
107650, 920, 1, 0, 0
107749, 919, 1, 0, 0
107849, 900, 1, 0, 0
107949, 900, 1, 0, 0
108049, 860, 1, 0, 0
108149, 910, 1, 0, 0
108249, 870, 1, 0, 0
108349, 890, 1, 0, 0
108449, 890, 1, 0, 0
108549, 850, 1, 0, 0
108650, 880, 1, 0, 0
108750, 890, 1, 0, 0
108850, 900, 1, 0, 0
108950, 900, 1, 0, 0
109050, 900, 1, 0, 0
109150, 910, 1, 0, 0
109249, 898, 1, 0, 0
109349, 910, 1, 0, 0
109449, 940, 1, 0, 0
109549, 930, 1, 0, 0
109649, 850, 1, 0, 0
109750, 930, 1, 0, 0
109850, 890, 1, 0, 0
109950, 890, 1, 0, 0
110050, 900, 1, 0, 0
110150, 880, 1, 0, 0
110249, 868, 1, 0, 0
110349, 860, 1, 0, 0
110449, 930, 1, 0, 0
110549, 890, 1, 0, 0
110649, 900, 1, 0, 0
110749, 850, 1, 0, 0
110849, 890, 1, 0, 0
110950, 840, 1, 0, 0
111050, 950, 1, 0, 0
111150, 910, 1, 0, 0
111249, 878, 1, 0, 0
111349, 900, 1, 0, 0
111449, 930, 1, 0, 0
111549, 900, 1, 0, 0
111649, 900, 1, 0, 0
111749, 880, 1, 0, 0
111849, 910, 1, 0, 0
111949, 910, 1, 0, 0
112050, 880, 1, 0, 0
112150, 900, 1, 0, 0
112249, 868, 1, 0, 0
112349, 850, 1, 0, 0
112449, 850, 1, 0, 0
112549, 860, 1, 0, 0
112649, 950, 1, 0, 0
112749, 910, 1, 0, 0
112849, 930, 1, 0, 0
112949, 900, 1, 0, 0
113050, 910, 1, 0, 0
113150, 890, 1, 0, 0
113249, 898, 1, 0, 0
113349, 930, 1, 0, 0
113449, 910, 1, 0, 0
113549, 910, 1, 0, 0
113649, 980, 1, 0, 0
113749, 910, 1, 0, 0
113849, 930, 1, 0, 0
113949, 940, 1, 0, 0
114049, 870, 1, 0, 0
114149, 940, 1, 0, 0
114250, 890, 1, 0, 0
114350, 960, 1, 0, 0
114450, 920, 1, 0, 0
114550, 930, 1, 0, 0
114650, 860, 1, 0, 0
114749, 898, 1, 0, 0
114849, 870, 1, 0, 0
114949, 920, 1, 0, 0
115049, 930, 1, 0, 0
115149, 910, 1, 0, 0
115250, 920, 1, 0, 0
115350, 920, 1, 0, 0
115450, 880, 1, 0, 0
115550, 910, 1, 0, 0
115650, 920, 1, 0, 0
115749, 878, 1, 0, 0
115849, 950, 1, 0, 0
115949, 940, 1, 0, 0
116049, 930, 1, 0, 0
116149, 920, 1, 0, 0
116249, 860, 1, 0, 0
116349, 940, 1, 0, 0
116449, 890, 1, 0, 0
116550, 900, 1, 0, 0
116650, 920, 1, 0, 0
116749, 898, 1, 0, 0
116849, 980, 1, 0, 0
116949, 900, 1, 0, 0
117049, 930, 1, 0, 0
117149, 950, 1, 0, 0
117249, 940, 1, 0, 0
117349, 910, 1, 0, 0
117449, 930, 1, 0, 0
117550, 900, 1, 0, 0
117650, 880, 1, 0, 0
117749, 959, 1, 0, 0
117849, 910, 1, 0, 0
117949, 910, 1, 0, 0
118049, 880, 1, 0, 0
118149, 920, 1, 0, 0
118249, 910, 1, 0, 0
118349, 930, 1, 0, 0
118449, 880, 1, 0, 0
118549, 890, 1, 0, 0
118649, 890, 1, 0, 0
118750, 930, 1, 0, 0
118850, 920, 1, 0, 0
118950, 930, 1, 0, 0
119050, 930, 1, 0, 0
119150, 930, 1, 0, 0
119249, 898, 1, 0, 0
119349, 930, 1, 0, 0
119449, 900, 1, 0, 0
119549, 880, 1, 0, 0
119649, 870, 1, 0, 0
119750, 940, 1, 0, 0
119850, 940, 1, 0, 0
119950, 880, 1, 0, 0
120050, 930, 1, 0, 0
120150, 910, 1, 0, 0
120249, 939, 1, 0, 0
120349, 860, 1, 0, 0
120449, 870, 1, 0, 0
120549, 910, 1, 0, 0
120649, 950, 1, 0, 0
120749, 920, 1, 0, 0
120849, 930, 1, 0, 0
120949, 920, 1, 0, 0
121050, 970, 1, 0, 0
121150, 930, 1, 0, 0
121249, 949, 1, 0, 0
121349, 910, 1, 0, 0
121449, 980, 1, 0, 0
121549, 990, 1, 0, 0
121649, 940, 1, 0, 0
121749, 910, 1, 0, 0
121849, 920, 1, 0, 0
121949, 980, 1, 0, 0
122050, 930, 1, 0, 0
122150, 950, 1, 0, 0
122249, 979, 1, 0, 0
122349, 920, 1, 0, 0
122449, 920, 1, 0, 0
122549, 970, 1, 0, 0
122649, 910, 1, 0, 0
122749, 930, 1, 0, 0
122849, 910, 1, 0, 0
122949, 900, 1, 0, 0
123049, 940, 1, 0, 0
123149, 950, 1, 0, 0
123250, 940, 1, 0, 0
123350, 930, 1, 0, 0
123450, 940, 1, 0, 0
123550, 970, 1, 0, 0
123650, 880, 1, 0, 0
123749, 888, 1, 0, 0
123849, 930, 1, 0, 0
123949, 960, 1, 0, 0
124049, 950, 1, 0, 0
124149, 920, 1, 0, 0
124250, 950, 1, 0, 0
124350, 960, 1, 0, 0
124450, 910, 1, 0, 0
124550, 910, 1, 0, 0
124650, 910, 1, 0, 0
124749, 898, 1, 0, 0
124849, 900, 1, 0, 0
124949, 900, 1, 0, 0
125049, 920, 1, 0, 0
125149, 930, 1, 0, 0
125250, 910, 1, 0, 0
125350, 900, 1, 0, 0
125450, 940, 1, 0, 0
125550, 910, 1, 0, 0
125650, 930, 1, 0, 0
125749, 898, 1, 0, 0
125849, 910, 1, 0, 0
125949, 900, 1, 0, 0
126049, 900, 1, 0, 0
126149, 930, 1, 0, 0
126249, 910, 1, 0, 0
126349, 920, 1, 0, 0
126449, 890, 1, 0, 0
126550, 890, 1, 0, 0
126650, 930, 1, 0, 0
126749, 878, 1, 0, 0
126849, 920, 1, 0, 0
126949, 930, 1, 0, 0
127049, 860, 1, 0, 0
127149, 970, 1, 0, 0
127249, 900, 1, 0, 0
127349, 920, 1, 0, 0
127449, 880, 1, 0, 0
127549, 960, 1, 0, 0
127650, 920, 1, 0, 0
127750, 920, 1, 0, 0
127850, 910, 1, 0, 0
127950, 920, 1, 0, 0
128050, 970, 1, 0, 0
128150, 910, 1, 0, 0
128249, 919, 1, 0, 0
128349, 910, 1, 0, 0
128449, 970, 1, 0, 0
128549, 900, 1, 0, 0
128649, 950, 1, 0, 0
128750, 920, 1, 0, 0
128850, 920, 1, 0, 0
128950, 910, 1, 0, 0
129050, 920, 1, 0, 0
129150, 930, 1, 0, 0
129249, 929, 1, 0, 0
129349, 910, 1, 0, 0
129449, 960, 1, 0, 0
129549, 920, 1, 0, 0
129649, 930, 1, 0, 0
129749, 910, 1, 0, 0
129849, 910, 1, 0, 0
129950, 900, 1, 0, 0
130050, 890, 1, 0, 0
130150, 860, 1, 0, 0
130249, 868, 1, 0, 0
130349, 930, 1, 0, 0
130449, 880, 1, 0, 0
130549, 930, 1, 0, 0
130649, 910, 1, 0, 0
130749, 930, 1, 0, 0
130849, 930, 1, 0, 0
130949, 930, 1, 0, 0
131050, 930, 1, 0, 0
131150, 910, 1, 0, 0
131249, 939, 1, 0, 0
131349, 920, 1, 0, 0
131449, 900, 1, 0, 0
131549, 930, 1, 0, 0
131649, 890, 1, 0, 0
131749, 920, 1, 0, 0
131849, 920, 1, 0, 0
131949, 940, 1, 0, 0
132049, 890, 1, 0, 0
132149, 910, 1, 0, 0
132250, 900, 1, 0, 0
132350, 910, 1, 0, 0
132450, 910, 1, 0, 0
132550, 880, 1, 0, 0
132650, 900, 1, 0, 0
132749, 939, 1, 0, 0
132849, 910, 1, 0, 0
132949, 930, 1, 0, 0
133049, 920, 1, 0, 0
133149, 850, 1, 0, 0
133249, 920, 1, 0, 0
133350, 900, 1, 0, 0
133450, 900, 1, 0, 0
133550, 880, 1, 0, 0
133650, 900, 1, 0, 0
133749, 888, 1, 0, 0
133849, 920, 1, 0, 0
133949, 890, 1, 0, 0
134049, 920, 1, 0, 0
134149, 900, 1, 0, 0
134249, 910, 1, 0, 0
134349, 880, 1, 0, 0
134449, 900, 1, 0, 0
134550, 940, 1, 0, 0
134650, 940, 1, 0, 0
134749, 868, 1, 0, 0
134849, 870, 1, 0, 0
134949, 950, 1, 0, 0
135049, 960, 1, 0, 0
135149, 950, 1, 0, 0
135249, 940, 1, 0, 0
135349, 920, 1, 0, 0
135449, 950, 1, 0, 0
135549, 920, 1, 0, 0
135650, 890, 1, 0, 0
135749, 919, 1, 0, 0
135849, 880, 1, 0, 0
135949, 940, 1, 0, 0
136049, 950, 1, 0, 0
136149, 900, 1, 0, 0
136249, 930, 1, 0, 0
136349, 880, 1, 0, 0
136449, 910, 1, 0, 0
136549, 900, 1, 0, 0
136649, 900, 1, 0, 0
136750, 900, 1, 0, 0
136850, 950, 1, 0, 0
136950, 960, 1, 0, 0
137050, 920, 1, 0, 0
137150, 940, 1, 0, 0
137249, 939, 1, 0, 0
137349, 940, 1, 0, 0
137449, 910, 1, 0, 0
137549, 900, 1, 0, 0
137649, 910, 1, 0, 0
137749, 880, 1, 0, 0
137850, 930, 1, 0, 0
137950, 930, 1, 0, 0
138050, 910, 1, 0, 0
138150, 920, 1, 0, 0
138249, 858, 1, 0, 0
138349, 920, 1, 0, 0
138449, 900, 1, 0, 0
138549, 920, 1, 0, 0
138649, 920, 1, 0, 0
138749, 900, 1, 0, 0
138849, 930, 1, 0, 0
138949, 910, 1, 0, 0
139050, 920, 1, 0, 0
139150, 890, 1, 0, 0
139249, 898, 1, 0, 0
139349, 910, 1, 0, 0
139449, 920, 1, 0, 0
139549, 910, 1, 0, 0
139649, 910, 1, 0, 0
139749, 930, 1, 0, 0
139849, 940, 1, 0, 0
139949, 950, 1, 0, 0
140050, 950, 1, 0, 0
140150, 950, 1, 0, 0
140249, 929, 1, 0, 0
140349, 910, 1, 0, 0
140449, 920, 1, 0, 0
140549, 960, 1, 0, 0
140649, 900, 1, 0, 0
140749, 930, 1, 0, 0
140849, 930, 1, 0, 0
140949, 970, 1, 0, 0
141049, 930, 1, 0, 0
141150, 950, 1, 0, 0
141249, 888, 1, 0, 0
141349, 960, 1, 0, 0
141449, 910, 1, 0, 0
141549, 920, 1, 0, 0
141649, 920, 1, 0, 0
141749, 940, 1, 0, 0
141849, 930, 1, 0, 0
141949, 920, 1, 0, 0
142049, 900, 1, 0, 0
142149, 900, 1, 0, 0
142250, 920, 1, 0, 0
142350, 910, 1, 0, 0
142450, 1020, 1, 0, 0
142550, 940, 1, 0, 0
142650, 950, 1, 0, 0
142749, 959, 1, 0, 0
142849, 960, 1, 0, 0
142949, 940, 1, 0, 0
143049, 990, 1, 0, 0
143149, 970, 1, 0, 0
143249, 970, 1, 0, 0
143349, 920, 1, 0, 0
143450, 900, 1, 0, 0
143550, 940, 1, 0, 0
143650, 890, 1, 0, 0
143749, 919, 1, 0, 0
143849, 950, 1, 0, 0
143949, 980, 1, 0, 0
144049, 930, 1, 0, 0
144149, 990, 1, 0, 0
144249, 980, 1, 0, 0
144349, 980, 1, 0, 0
144449, 950, 1, 0, 0
144550, 930, 1, 0, 0
144650, 960, 1, 0, 0
144749, 949, 1, 0, 0
144849, 920, 1, 0, 0
144949, 950, 1, 0, 0
145049, 910, 1, 0, 0
145149, 910, 1, 0, 0
145249, 960, 1, 0, 0
145349, 950, 1, 0, 0
145449, 920, 1, 0, 0
145549, 950, 1, 0, 0
145650, 890, 1, 0, 0
145749, 919, 1, 0, 0
145849, 1040, 1, 0, 0
145949, 980, 1, 0, 0
146049, 1000, 1, 0, 0
146149, 880, 1, 0, 0
146249, 920, 1, 0, 0
146349, 950, 1, 0, 0
146449, 880, 1, 0, 0
146549, 940, 1, 0, 0
146649, 930, 1, 0, 0
146750, 950, 1, 0, 0
146850, 910, 1, 0, 0
146950, 950, 1, 0, 0
147050, 940, 1, 0, 0
147150, 940, 1, 0, 0
147249, 989, 1, 0, 0
147349, 920, 1, 0, 0
147449, 960, 1, 0, 0
147549, 920, 1, 0, 0
147649, 940, 1, 0, 0
147749, 910, 1, 0, 0
147849, 910, 1, 0, 0
147950, 980, 1, 0, 0
148050, 940, 1, 0, 0
148150, 960, 1, 0, 0
148249, 949, 1, 0, 0
148349, 950, 1, 0, 0
148449, 900, 1, 0, 0
148549, 910, 1, 0, 0
148649, 960, 1, 0, 0
148749, 980, 1, 0, 0
148849, 960, 1, 0, 0
148949, 930, 1, 0, 0
149050, 960, 1, 0, 0
149150, 900, 1, 0, 0
149249, 929, 1, 0, 0
149349, 920, 1, 0, 0
149449, 960, 1, 0, 0
149549, 960, 1, 0, 0
149649, 950, 1, 0, 0
149749, 930, 1, 0, 0
149849, 920, 1, 0, 0
149949, 890, 1, 0, 0
150049, 960, 1, 0, 0
150149, 920, 1, 0, 0
150250, 890, 1, 0, 0
150350, 880, 1, 0, 0
150450, 960, 1, 0, 0
150550, 920, 1, 0, 0
150650, 960, 1, 0, 0
150749, 919, 1, 0, 0
150849, 870, 1, 0, 0
150949, 920, 1, 0, 0
151049, 910, 1, 0, 0
151149, 930, 1, 0, 0
151250, 960, 1, 0, 0
151350, 940, 1, 0, 0
151450, 950, 1, 0, 0
151550, 940, 1, 0, 0
151650, 930, 1, 0, 0
151749, 929, 1, 0, 0
151849, 960, 1, 0, 0
151949, 900, 1, 0, 0
152049, 930, 1, 0, 0
152149, 940, 1, 0, 0
152249, 940, 1, 0, 0
152350, 950, 1, 0, 0
152450, 950, 1, 0, 0
152550, 960, 1, 0, 0
152650, 980, 1, 0, 0
152749, 959, 1, 0, 0
152849, 970, 1, 0, 0
152949, 980, 1, 0, 0
153049, 960, 1, 0, 0
153149, 880, 1, 0, 0
153249, 950, 1, 0, 0
153349, 900, 1, 0, 0
153449, 960, 1, 0, 0
153550, 910, 1, 0, 0
153650, 970, 1, 0, 0
153749, 969, 1, 0, 0
153849, 980, 1, 0, 0
153949, 950, 1, 0, 0
154049, 960, 1, 0, 0
154149, 960, 1, 0, 0
154249, 920, 1, 0, 0
154349, 960, 1, 0, 0
154449, 950, 1, 0, 0
154550, 940, 1, 0, 0
154650, 890, 1, 0, 0
154749, 949, 1, 0, 0
154849, 950, 1, 0, 0
154949, 960, 1, 0, 0
155049, 980, 1, 0, 0
155149, 920, 1, 0, 0
155249, 910, 1, 0, 0
155349, 970, 1, 0, 0
155449, 940, 1, 0, 0
155549, 920, 1, 0, 0
155650, 930, 1, 0, 0
155749, 959, 1, 0, 0
155849, 960, 1, 0, 0
155949, 920, 1, 0, 0
156049, 950, 1, 0, 0
156149, 940, 1, 0, 0
156249, 1000, 1, 0, 0
156349, 940, 1, 0, 0
156449, 950, 1, 0, 0
156549, 960, 1, 0, 0
156649, 980, 1, 0, 0
156750, 950, 1, 0, 0
156850, 920, 1, 0, 0
156950, 920, 1, 0, 0
157050, 950, 1, 0, 0
157150, 960, 1, 0, 0
157249, 969, 1, 0, 0
157349, 930, 1, 0, 0
157449, 940, 1, 0, 0
157549, 900, 1, 0, 0
157649, 960, 1, 0, 0
157749, 900, 1, 0, 0
157849, 950, 1, 0, 0
157950, 940, 1, 0, 0
158050, 970, 1, 0, 0
158150, 930, 1, 0, 0
158249, 969, 1, 0, 0
158349, 990, 1, 0, 0
158449, 950, 1, 0, 0
158549, 990, 1, 0, 0
158649, 940, 1, 0, 0
158749, 970, 1, 0, 0
158849, 950, 1, 0, 0
158949, 960, 1, 0, 0
159050, 970, 1, 0, 0
159150, 990, 1, 0, 0
159249, 989, 1, 0, 0
159349, 890, 1, 0, 0
159449, 900, 1, 0, 0
159549, 950, 1, 0, 0
159649, 910, 1, 0, 0
159749, 980, 1, 0, 0
159849, 950, 1, 0, 0
159949, 930, 1, 0, 0
160049, 970, 1, 0, 0
160150, 950, 1, 0, 0
160249, 919, 1, 0, 0
160349, 960, 1, 0, 0
160449, 940, 1, 0, 0
160549, 910, 1, 0, 0
160649, 960, 1, 0, 0
160749, 890, 1, 0, 0
160849, 910, 1, 0, 0
160949, 960, 1, 0, 0
161049, 940, 1, 0, 0
161149, 930, 1, 0, 0
161250, 930, 1, 0, 0
161350, 970, 1, 0, 0
161450, 950, 1, 0, 0
161550, 950, 1, 0, 0
161650, 920, 1, 0, 0
161749, 939, 1, 0, 0
161849, 940, 1, 0, 0
161949, 860, 1, 0, 0
162049, 950, 1, 0, 0
162149, 950, 1, 0, 0
162250, 980, 1, 0, 0
162350, 950, 1, 0, 0
162450, 1000, 1, 0, 0
162550, 930, 1, 0, 0
162650, 900, 1, 0, 0
162749, 969, 1, 0, 0
162849, 880, 1, 0, 0
162949, 890, 1, 0, 0
163049, 910, 1, 0, 0
163149, 950, 1, 0, 0
163249, 970, 1, 0, 0
163349, 960, 1, 0, 0
163450, 960, 1, 0, 0
163550, 980, 1, 0, 0
163650, 960, 1, 0, 0
163749, 888, 1, 0, 0
163849, 940, 1, 0, 0
163949, 960, 1, 0, 0
164049, 970, 1, 0, 0
164149, 930, 1, 0, 0
164249, 950, 1, 0, 0
164349, 920, 1, 0, 0
164449, 970, 1, 0, 0
164550, 920, 1, 0, 0
164650, 920, 1, 0, 0
164749, 1000, 1, 0, 0
164849, 1010, 1, 0, 0
164949, 910, 1, 0, 0
165049, 910, 1, 0, 0
165149, 950, 1, 0, 0
165249, 940, 1, 0, 0
165349, 940, 1, 0, 0
165449, 940, 1, 0, 0
165549, 970, 1, 0, 0
165649, 960, 1, 0, 0
165750, 970, 1, 0, 0
165850, 930, 1, 0, 0
165950, 970, 1, 0, 0
166050, 950, 1, 0, 0
166150, 970, 1, 0, 0
166249, 939, 1, 0, 0
166349, 960, 1, 0, 0
166449, 960, 1, 0, 0
166549, 950, 1, 0, 0
166649, 950, 1, 0, 0
166749, 940, 1, 0, 0
166849, 970, 1, 0, 0
166950, 970, 1, 0, 0
167050, 1000, 1, 0, 0
167150, 1000, 1, 0, 0
167249, 969, 1, 0, 0
167349, 930, 1, 0, 0
167449, 970, 1, 0, 0
167549, 1000, 1, 0, 0
167649, 990, 1, 0, 0
167749, 960, 1, 0, 0
167849, 990, 1, 0, 0
167949, 980, 1, 0, 0
168050, 970, 1, 0, 0
168150, 970, 1, 0, 0
168249, 959, 1, 0, 0
168349, 980, 1, 0, 0
168449, 980, 1, 0, 0
168549, 940, 1, 0, 0
168649, 910, 1, 0, 0
168749, 970, 1, 0, 0
168849, 1020, 1, 0, 0
168949, 960, 1, 0, 0
169049, 990, 1, 0, 0
169149, 920, 1, 0, 0
169250, 950, 1, 0, 0
169350, 920, 1, 0, 0
169450, 910, 1, 0, 0
169550, 980, 1, 0, 0
169650, 950, 1, 0, 0
169749, 969, 1, 0, 0
169849, 920, 1, 0, 0
169949, 990, 1, 0, 0
170049, 1020, 1, 0, 0
170149, 930, 1, 0, 0
170250, 930, 1, 0, 0
170350, 1000, 1, 0, 0
170450, 980, 1, 0, 0
170550, 960, 1, 0, 0
170650, 940, 1, 0, 0
170749, 1010, 1, 0, 0
170849, 1000, 1, 0, 0
170949, 950, 1, 0, 0
171049, 970, 1, 0, 0
171149, 990, 1, 0, 0
171249, 1010, 1, 0, 0
171350, 970, 1, 0, 0
171450, 960, 1, 0, 0
171550, 950, 1, 0, 0
171650, 960, 1, 0, 0
171749, 969, 1, 0, 0
171849, 990, 1, 0, 0
171949, 980, 1, 0, 0
172049, 960, 1, 0, 0
172149, 980, 1, 0, 0
172249, 980, 1, 0, 0
172349, 980, 1, 0, 0
172449, 980, 1, 0, 0
172550, 900, 1, 0, 0
172650, 1000, 1, 0, 0
172749, 969, 1, 0, 0
172849, 960, 1, 0, 0
172949, 960, 1, 0, 0
173049, 920, 1, 0, 0
173149, 960, 1, 0, 0
173249, 970, 1, 0, 0
173349, 980, 1, 0, 0
173449, 970, 1, 0, 0
173550, 960, 1, 0, 0
173650, 1020, 1, 0, 0
173749, 1000, 1, 0, 0
173849, 940, 1, 0, 0
173949, 960, 1, 0, 0
174049, 980, 1, 0, 0
174149, 970, 1, 0, 0
174249, 970, 1, 0, 0
174349, 970, 1, 0, 0
174449, 1020, 1, 0, 0
174550, 950, 1, 0, 0
174650, 1030, 1, 0, 0
174749, 959, 1, 0, 0
174849, 950, 1, 0, 0
174949, 920, 1, 0, 0
175049, 1000, 1, 0, 0
175149, 960, 1, 0, 0
175249, 960, 1, 0, 0
175349, 970, 1, 0, 0
175449, 960, 1, 0, 0
175549, 960, 1, 0, 0
175649, 980, 1, 0, 0
175750, 950, 1, 0, 0
175850, 960, 1, 0, 0
175950, 980, 1, 0, 0
176050, 940, 1, 0, 0
176150, 950, 1, 0, 0
176249, 969, 1, 0, 0
176349, 990, 1, 0, 0
176449, 990, 1, 0, 0
176549, 920, 1, 0, 0
176649, 980, 1, 0, 0
176749, 950, 1, 0, 0
176849, 970, 1, 0, 0
176950, 1010, 1, 0, 0
177050, 990, 1, 0, 0
177150, 1040, 1, 0, 0
177249, 949, 1, 0, 0
177349, 930, 1, 0, 0
177449, 980, 1, 0, 0
177549, 980, 1, 0, 0
177649, 970, 1, 0, 0
177749, 930, 1, 0, 0
177849, 1000, 1, 0, 0
177949, 950, 1, 0, 0
178050, 960, 1, 0, 0
178150, 940, 1, 0, 0
178249, 979, 1, 0, 0
178349, 990, 1, 0, 0
178449, 930, 1, 0, 0
178549, 920, 1, 0, 0
178649, 970, 1, 0, 0
178749, 980, 1, 0, 0
178849, 970, 1, 0, 0
178949, 980, 1, 0, 0
179050, 1010, 1, 0, 0
179150, 940, 1, 0, 0
179249, 1010, 1, 0, 0
179349, 960, 1, 0, 0
179449, 990, 1, 0, 0
179549, 930, 1, 0, 0
179649, 1010, 1, 0, 0
179749, 1010, 1, 0, 0
179849, 950, 1, 0, 0
179949, 930, 1, 0, 0
180049, 970, 1, 0, 0
180149, 970, 1, 0, 0
180250, 980, 1, 0, 0
180350, 980, 1, 0, 0
180450, 960, 1, 0, 0
180550, 950, 1, 0, 0
180650, 890, 1, 0, 0
180749, 959, 1, 0, 0
180849, 930, 1, 0, 0
180949, 920, 1, 0, 0
181049, 960, 1, 0, 0
181149, 930, 1, 0, 0
181250, 1010, 1, 0, 0
181350, 980, 1, 0, 0
181450, 950, 1, 0, 0
181550, 960, 1, 0, 0
181650, 960, 1, 0, 0
181749, 929, 1, 0, 0
181849, 950, 1, 0, 0
181949, 990, 1, 0, 0
182049, 960, 1, 0, 0
182149, 930, 1, 0, 0
182249, 960, 1, 0, 0
182349, 1000, 1, 0, 0
182450, 930, 1, 0, 0
182550, 960, 1, 0, 0
182650, 940, 1, 0, 0
182749, 949, 1, 0, 0
182849, 910, 1, 0, 0
182949, 960, 1, 0, 0
183049, 930, 1, 0, 0
183149, 940, 1, 0, 0
183249, 980, 1, 0, 0
183349, 930, 1, 0, 0
183449, 980, 1, 0, 0
183550, 950, 1, 0, 0
183650, 940, 1, 0, 0
183749, 949, 1, 0, 0
183849, 950, 1, 0, 0
183949, 960, 1, 0, 0
184049, 950, 1, 0, 0
184149, 930, 1, 0, 0
184249, 940, 1, 0, 0
184349, 900, 1, 0, 0
184449, 890, 1, 0, 0
184549, 930, 1, 0, 0
184649, 930, 1, 0, 0
184750, 970, 1, 0, 0
184850, 950, 1, 0, 0
184950, 930, 1, 0, 0
185050, 940, 1, 0, 0
185150, 990, 1, 0, 0
185249, 949, 1, 0, 0
185349, 970, 1, 0, 0
185449, 970, 1, 0, 0
185549, 970, 1, 0, 0
185649, 950, 1, 0, 0
185750, 930, 1, 0, 0
185850, 900, 1, 0, 0
185950, 940, 1, 0, 0
186050, 960, 1, 0, 0
186150, 940, 1, 0, 0
186249, 909, 1, 0, 0
186349, 910, 1, 0, 0
186449, 930, 1, 0, 0
186549, 970, 1, 0, 0
186649, 970, 1, 0, 0
186749, 940, 1, 0, 0
186849, 920, 1, 0, 0
186950, 970, 1, 0, 0
187050, 930, 1, 0, 0
187150, 980, 1, 0, 0
187249, 919, 1, 0, 0
187349, 940, 1, 0, 0
187449, 950, 1, 0, 0
187549, 950, 1, 0, 0
187649, 920, 1, 0, 0
187749, 960, 1, 0, 0
187849, 930, 1, 0, 0
187949, 980, 1, 0, 0
188049, 920, 1, 0, 0
188150, 980, 1, 0, 0
188249, 919, 1, 0, 0
188349, 1010, 1, 0, 0
188449, 960, 1, 0, 0
188549, 950, 1, 0, 0
188649, 950, 1, 0, 0
188749, 980, 1, 0, 0
188849, 970, 1, 0, 0
188949, 950, 1, 0, 0
189049, 970, 1, 0, 0
189149, 950, 1, 0, 0
189250, 950, 1, 0, 0
189350, 960, 1, 0, 0
189450, 940, 1, 0, 0
189550, 950, 1, 0, 0
189650, 910, 1, 0, 0
189749, 898, 1, 0, 0
189849, 940, 1, 0, 0
189949, 910, 1, 0, 0
190049, 940, 1, 0, 0
190149, 910, 1, 0, 0
190249, 930, 1, 0, 0
190350, 940, 1, 0, 0
190450, 920, 1, 0, 0
190550, 950, 1, 0, 0
190650, 950, 1, 0, 0
190749, 939, 1, 0, 0
190849, 930, 1, 0, 0
190949, 930, 1, 0, 0
191049, 900, 1, 0, 0
191150, 940, 1, 0, 0
191249, 929, 1, 0, 0
191349, 990, 1, 0, 0
191449, 970, 1, 0, 0
191549, 950, 1, 0, 0
191649, 970, 1, 0, 0
191749, 980, 1, 0, 0
191849, 940, 1, 0, 0
191949, 970, 1, 0, 0
192049, 1000, 1, 0, 0
192149, 960, 1, 0, 0
192250, 910, 1, 0, 0
192350, 990, 1, 0, 0
192450, 940, 1, 0, 0
192550, 970, 1, 0, 0
192650, 970, 1, 0, 0
192749, 989, 1, 0, 0
192849, 950, 1, 0, 0
192949, 920, 1, 0, 0
193049, 970, 1, 0, 0
193149, 910, 1, 0, 0
193249, 950, 1, 0, 0
193349, 970, 1, 0, 0
193449, 980, 1, 0, 0
193550, 950, 1, 0, 0
193650, 950, 1, 0, 0
193749, 949, 1, 0, 0
193849, 930, 1, 0, 0
193949, 980, 1, 0, 0
194049, 920, 1, 0, 0
194149, 910, 1, 0, 0
194249, 1000, 1, 0, 0
194349, 980, 1, 0, 0
194449, 990, 1, 0, 0
194550, 1020, 1, 0, 0
194650, 920, 1, 0, 0
194749, 969, 1, 0, 0
194849, 950, 1, 0, 0
194949, 970, 1, 0, 0
195049, 940, 1, 0, 0
195149, 960, 1, 0, 0
195249, 950, 1, 0, 0
195349, 990, 1, 0, 0
195449, 980, 1, 0, 0
195550, 990, 1, 0, 0
195650, 970, 1, 0, 0
195749, 969, 1, 0, 0
195849, 960, 1, 0, 0
195949, 950, 1, 0, 0
196049, 1010, 1, 0, 0
196149, 930, 1, 0, 0
196250, 980, 1, 0, 0
196350, 970, 1, 0, 0
196450, 970, 1, 0, 0
196550, 920, 1, 0, 0
196650, 950, 1, 0, 0
196749, 979, 1, 0, 0
196849, 960, 1, 0, 0
196949, 950, 1, 0, 0
197049, 960, 1, 0, 0
197149, 930, 1, 0, 0
197250, 960, 1, 0, 0
197350, 930, 1, 0, 0
197450, 960, 1, 0, 0
197550, 970, 1, 0, 0
197650, 960, 1, 0, 0
197749, 989, 1, 0, 0
197849, 990, 1, 0, 0
197949, 960, 1, 0, 0
198049, 950, 1, 0, 0
198149, 930, 1, 0, 0
198249, 970, 1, 0, 0
198350, 980, 1, 0, 0
198450, 990, 1, 0, 0
198550, 920, 1, 0, 0
198650, 940, 1, 0, 0
198749, 919, 1, 0, 0
198849, 930, 1, 0, 0
198949, 940, 1, 0, 0
199049, 940, 1, 0, 0
199149, 920, 1, 0, 0
199249, 990, 1, 0, 0
199349, 980, 1, 0, 0
199449, 940, 1, 0, 0
199550, 960, 1, 0, 0
199650, 910, 1, 0, 0
199749, 939, 1, 0, 0
199849, 970, 1, 0, 0
199949, 950, 1, 0, 0
200049, 930, 1, 0, 0
200149, 960, 1, 0, 0
200249, 970, 1, 0, 0
200349, 940, 1, 0, 0
200449, 960, 1, 0, 0
200549, 920, 1, 0, 0
200649, 950, 1, 0, 0
200750, 980, 1, 0, 0
200850, 950, 1, 0, 0
200950, 1010, 1, 0, 0
201050, 980, 1, 0, 0
201150, 980, 1, 0, 0
201249, 939, 1, 0, 0
201349, 970, 1, 0, 0
201449, 980, 1, 0, 0
201549, 960, 1, 0, 0
201649, 920, 1, 0, 0
201750, 980, 1, 0, 0
201850, 960, 1, 0, 0
201950, 950, 1, 0, 0
202050, 950, 1, 0, 0
202150, 960, 1, 0, 0
202249, 949, 1, 0, 0
202349, 910, 1, 0, 0
202449, 940, 1, 0, 0
202549, 970, 1, 0, 0
202649, 950, 1, 0, 0
202749, 980, 1, 0, 0
202849, 910, 1, 0, 0
202950, 1000, 1, 0, 0
203050, 940, 1, 0, 0
203150, 990, 1, 0, 0
203249, 989, 1, 0, 0
203349, 1020, 1, 0, 0
203449, 950, 1, 0, 0
203549, 1000, 1, 0, 0
203649, 960, 1, 0, 0
203749, 1010, 1, 0, 0
203849, 990, 1, 0, 0
203949, 960, 1, 0, 0
204050, 950, 1, 0, 0
204150, 1000, 1, 0, 0
204249, 989, 1, 0, 0
204349, 960, 1, 0, 0
204449, 950, 1, 0, 0
204549, 960, 1, 0, 0
204649, 1000, 1, 0, 0
204749, 940, 1, 0, 0
204849, 970, 1, 0, 0
204949, 1000, 1, 0, 0
205049, 950, 1, 0, 0
205150, 930, 1, 0, 0
205249, 939, 1, 0, 0
205349, 950, 1, 0, 0
205449, 950, 1, 0, 0
205549, 990, 1, 0, 0
205649, 980, 1, 0, 0
205749, 1030, 1, 0, 0
205849, 970, 1, 0, 0
205949, 910, 1, 0, 0
206049, 980, 1, 0, 0
206149, 1000, 1, 0, 0
206250, 1020, 1, 0, 0
206350, 950, 1, 0, 0
206450, 920, 1, 0, 0
206550, 990, 1, 0, 0
206650, 960, 1, 0, 0
206749, 979, 1, 0, 0
206849, 970, 1, 0, 0
206949, 950, 1, 0, 0
207049, 930, 1, 0, 0
207149, 950, 1, 0, 0
207249, 960, 1, 0, 0
207350, 940, 1, 0, 0
207450, 980, 1, 0, 0
207550, 920, 1, 0, 0
207650, 1000, 1, 0, 0
207749, 969, 1, 0, 0
207849, 970, 1, 0, 0
207949, 970, 1, 0, 0
208049, 960, 1, 0, 0
208149, 950, 1, 0, 0
208249, 1000, 1, 0, 0
208349, 1010, 1, 0, 0
208449, 940, 1, 0, 0
208550, 1010, 1, 0, 0
208650, 940, 1, 0, 0
208749, 929, 1, 0, 0
208849, 990, 1, 0, 0
208949, 1000, 1, 0, 0
209049, 1000, 1, 0, 0
209149, 970, 1, 0, 0
209249, 960, 1, 0, 0
209349, 990, 1, 0, 0
209449, 1000, 1, 0, 0
209550, 950, 1, 0, 0
209650, 990, 1, 0, 0
209749, 1020, 1, 0, 0
209849, 1000, 1, 0, 0
209949, 980, 1, 0, 0
210049, 990, 1, 0, 0
210149, 960, 1, 0, 0
210249, 980, 1, 0, 0
210349, 960, 1, 0, 0
210449, 960, 1, 0, 0
210549, 970, 1, 0, 0
210650, 980, 1, 0, 0
210749, 979, 1, 0, 0
210849, 990, 1, 0, 0
210949, 960, 1, 0, 0
211049, 990, 1, 0, 0
211149, 990, 1, 0, 0
211249, 980, 1, 0, 0
211349, 1000, 1, 0, 0
211449, 970, 1, 0, 0
211549, 1000, 1, 0, 0
211649, 970, 1, 0, 0
211750, 1010, 1, 0, 0
211850, 960, 1, 0, 0
211950, 1010, 1, 0, 0
212050, 990, 1, 0, 0
212150, 950, 1, 0, 0
212249, 1020, 1, 0, 0
212349, 990, 1, 0, 0
212449, 990, 1, 0, 0
212549, 980, 1, 0, 0
212649, 1030, 1, 0, 0
212749, 970, 1, 0, 0
212849, 1000, 1, 0, 0
212949, 980, 1, 0, 0
213050, 930, 1, 0, 0
213150, 990, 1, 0, 0
213249, 959, 1, 0, 0
213349, 1010, 1, 0, 0
213449, 960, 1, 0, 0
213549, 990, 1, 0, 0
213649, 990, 1, 0, 0
213749, 950, 1, 0, 0
213849, 980, 1, 0, 0
213949, 940, 1, 0, 0
214049, 950, 1, 0, 0
214149, 960, 1, 0, 0
214250, 930, 1, 0, 0
214350, 960, 1, 0, 0
214450, 940, 1, 0, 0
214550, 940, 1, 0, 0
214650, 990, 1, 0, 0
214749, 969, 1, 0, 0
214849, 930, 1, 0, 0
214949, 980, 1, 0, 0
215049, 950, 1, 0, 0
215149, 980, 1, 0, 0
215249, 1020, 1, 0, 0
215350, 940, 1, 0, 0
215450, 970, 1, 0, 0
215550, 980, 1, 0, 0
215650, 1000, 1, 0, 0
215749, 929, 1, 0, 0
215849, 920, 1, 0, 0
215949, 940, 1, 0, 0
216049, 940, 1, 0, 0
216149, 960, 1, 0, 0
216249, 950, 1, 0, 0
216349, 960, 1, 0, 0
216449, 950, 1, 0, 0
216550, 870, 1, 0, 0
216650, 990, 1, 0, 0
216749, 989, 1, 0, 0
216849, 990, 1, 0, 0
216949, 930, 1, 0, 0
217049, 990, 1, 0, 0
217149, 980, 1, 0, 0
217249, 930, 1, 0, 0
217349, 900, 1, 0, 0
217449, 1000, 1, 0, 0
217549, 950, 1, 0, 0
217650, 960, 1, 0, 0
217749, 1000, 1, 0, 0
217849, 960, 1, 0, 0
217949, 950, 1, 0, 0
218049, 990, 1, 0, 0
218149, 990, 1, 0, 0
218249, 1030, 1, 0, 0
218349, 1000, 1, 0, 0
218449, 1000, 1, 0, 0
218549, 980, 1, 0, 0
218649, 990, 1, 0, 0
218750, 960, 1, 0, 0
218850, 940, 1, 0, 0
218950, 1010, 1, 0, 0
219050, 950, 1, 0, 0
219150, 970, 1, 0, 0
219249, 959, 1, 0, 0
219349, 980, 1, 0, 0
219449, 980, 1, 0, 0
219549, 1010, 1, 0, 0
219649, 990, 1, 0, 0
219750, 990, 1, 0, 0
219850, 970, 1, 0, 0
219950, 970, 1, 0, 0
220050, 970, 1, 0, 0
220150, 960, 1, 0, 0
220249, 959, 1, 0, 0
220349, 950, 1, 0, 0
220449, 980, 1, 0, 0
220549, 940, 1, 0, 0
220649, 940, 1, 0, 0
220750, 990, 1, 0, 0
220850, 990, 1, 0, 0
220950, 950, 1, 0, 0
221050, 970, 1, 0, 0
221150, 980, 1, 0, 0
221249, 929, 1, 0, 0
221349, 920, 1, 0, 0
221449, 970, 1, 0, 0
221549, 900, 1, 0, 0
221649, 940, 1, 0, 0
221749, 950, 1, 0, 0
221849, 960, 1, 0, 0
221949, 990, 1, 0, 0
222050, 960, 1, 0, 0
222150, 1000, 1, 0, 0
222249, 969, 1, 0, 0
222349, 980, 1, 0, 0
222449, 970, 1, 0, 0
222549, 950, 1, 0, 0
222649, 1010, 1, 0, 0
222749, 960, 1, 0, 0
222849, 940, 1, 0, 0
222949, 950, 1, 0, 0
223050, 970, 1, 0, 0
223150, 980, 1, 0, 0
223249, 939, 1, 0, 0
223349, 930, 1, 0, 0
223449, 960, 1, 0, 0
223549, 1030, 1, 0, 0
223649, 1010, 1, 0, 0
223749, 940, 1, 0, 0
223849, 1020, 1, 0, 0
223949, 980, 1, 0, 0
224049, 970, 1, 0, 0
224149, 1000, 1, 0, 0
224250, 990, 1, 0, 0
224350, 990, 1, 0, 0
224450, 980, 1, 0, 0
224550, 940, 1, 0, 0
224650, 940, 1, 0, 0
224749, 919, 1, 0, 0
224849, 990, 1, 0, 0
224949, 980, 1, 0, 0
225049, 980, 1, 0, 0
225149, 1020, 1, 0, 0
225250, 980, 1, 0, 0
225350, 940, 1, 0, 0
225450, 980, 1, 0, 0
225550, 960, 1, 0, 0
225650, 1030, 1, 0, 0
225749, 989, 1, 0, 0
225849, 890, 1, 0, 0
225949, 950, 1, 0, 0
226049, 1010, 1, 0, 0
226149, 1020, 1, 0, 0
226249, 970, 1, 0, 0
226349, 950, 1, 0, 0
226449, 990, 1, 0, 0
226550, 970, 1, 0, 0
226650, 1000, 1, 0, 0
226749, 989, 1, 0, 0
226849, 960, 1, 0, 0
226949, 1020, 1, 0, 0
227049, 980, 1, 0, 0
227149, 1000, 1, 0, 0
227249, 980, 1, 0, 0
227349, 980, 1, 0, 0
227449, 1010, 1, 0, 0
227550, 950, 1, 0, 0
227650, 1000, 1, 0, 0
227749, 989, 1, 0, 0
227849, 990, 1, 0, 0
227949, 970, 1, 0, 0
228049, 980, 1, 0, 0
228149, 960, 1, 0, 0
228249, 1000, 1, 0, 0
228349, 1020, 1, 0, 0
228449, 970, 1, 0, 0
228549, 980, 1, 0, 0
228649, 1030, 1, 0, 0
228750, 1000, 1, 0, 0
228850, 1000, 1, 0, 0
228950, 970, 1, 0, 0
229050, 1020, 1, 0, 0
229150, 990, 1, 0, 0
229249, 1010, 1, 0, 0
229349, 940, 1, 0, 0
229449, 990, 1, 0, 0
229549, 990, 1, 0, 0
229649, 1000, 1, 0, 0
229749, 940, 1, 0, 0
229850, 970, 1, 0, 0
229950, 960, 1, 0, 0
230050, 990, 1, 0, 0
230150, 990, 1, 0, 0
230249, 1010, 1, 0, 0
230349, 990, 1, 0, 0
230449, 970, 1, 0, 0
230549, 940, 1, 0, 0
230649, 970, 1, 0, 0
230749, 1020, 1, 0, 0
230849, 980, 1, 0, 0
230949, 1020, 1, 0, 0
231050, 1000, 1, 0, 0
231150, 1000, 1, 0, 0
231249, 989, 1, 0, 0
231349, 1030, 1, 0, 0
231449, 970, 1, 0, 0
231549, 1010, 1, 0, 0
231649, 1030, 1, 0, 0
231749, 1040, 1, 0, 0
231849, 970, 1, 0, 0
231949, 990, 1, 0, 0
232050, 940, 1, 0, 0
232150, 980, 1, 0, 0
232249, 979, 1, 0, 0
232349, 1010, 1, 0, 0
232449, 970, 1, 0, 0
232549, 960, 1, 0, 0
232649, 960, 1, 0, 0
232749, 1010, 1, 0, 0
232849, 980, 1, 0, 0
232949, 980, 1, 0, 0
233049, 1010, 1, 0, 0
233149, 990, 1, 0, 0
233250, 970, 1, 0, 0
233350, 1010, 1, 0, 0
233450, 1000, 1, 0, 0
233550, 1000, 1, 0, 0
233650, 1030, 1, 0, 0
233749, 969, 1, 0, 0
233849, 1040, 1, 0, 0
233949, 990, 1, 0, 0
234049, 1000, 1, 0, 0
234149, 1020, 1, 0, 0
234250, 960, 1, 0, 0
234350, 980, 1, 0, 0
234450, 980, 1, 0, 0
234550, 990, 1, 0, 0
234650, 1020, 1, 0, 0
234749, 959, 1, 0, 0
234849, 1000, 1, 0, 0
234949, 990, 1, 0, 0
235049, 1000, 1, 0, 0
235149, 970, 1, 0, 0
235249, 990, 1, 0, 0
235349, 970, 1, 0, 0
235449, 1000, 1, 0, 0
235550, 1000, 1, 0, 0
235650, 960, 1, 0, 0
235749, 1000, 1, 0, 0
235849, 970, 1, 0, 0
235949, 1000, 1, 0, 0
236049, 980, 1, 0, 0
236149, 1010, 1, 0, 0
236249, 990, 1, 0, 0
236349, 970, 1, 0, 0
236449, 960, 1, 0, 0
236549, 1000, 1, 0, 0
236650, 980, 1, 0, 0
236749, 969, 1, 0, 0
236849, 950, 1, 0, 0
236949, 990, 1, 0, 0
237049, 1010, 1, 0, 0
237149, 930, 1, 0, 0
237249, 1000, 1, 0, 0
237349, 970, 1, 0, 0
237449, 990, 1, 0, 0
237549, 980, 1, 0, 0
237649, 1050, 1, 0, 0
237750, 960, 1, 0, 0
237850, 1000, 1, 0, 0
237950, 1020, 1, 0, 0
238050, 970, 1, 0, 0
238150, 980, 1, 0, 0
238249, 1030, 1, 0, 0
238349, 990, 1, 0, 0
238449, 990, 1, 0, 0
238549, 960, 1, 0, 0
238649, 1020, 1, 0, 0
238749, 930, 1, 0, 0
238849, 960, 1, 0, 0
238949, 910, 1, 0, 0
239050, 980, 1, 0, 0
239150, 940, 1, 0, 0
239249, 1020, 1, 0, 0
239349, 1010, 1, 0, 0
239449, 990, 1, 0, 0
239549, 990, 1, 0, 0
239649, 990, 1, 0, 0
239749, 1020, 1, 0, 0
239849, 960, 1, 0, 0
239949, 1020, 1, 0, 0
240049, 950, 1, 0, 0
240150, 940, 1, 0, 0
240249, 898, 1, 0, 0
240349, 940, 1, 0, 0
240449, 940, 1, 0, 0
240549, 1010, 1, 0, 0
240649, 1010, 1, 0, 0
240749, 990, 1, 0, 0
240849, 980, 1, 0, 0
240949, 990, 1, 0, 0
241049, 960, 1, 0, 0
241149, 930, 1, 0, 0
241250, 1000, 1, 0, 0
241350, 970, 1, 0, 0
241450, 1010, 1, 0, 0
241550, 980, 1, 0, 0
241650, 970, 1, 0, 0
241749, 969, 1, 0, 0
241849, 980, 1, 0, 0
241949, 940, 1, 0, 0
242049, 1060, 1, 0, 0
242149, 950, 1, 0, 0
242250, 990, 1, 0, 0
242350, 950, 1, 0, 0
242450, 990, 1, 0, 0
242550, 980, 1, 0, 0
242650, 990, 1, 0, 0
242749, 979, 1, 0, 0
242849, 960, 1, 0, 0
242949, 930, 1, 0, 0
243049, 940, 1, 0, 0
243149, 1000, 1, 0, 0
243249, 990, 1, 0, 0
243349, 990, 1, 0, 0
243449, 1000, 1, 0, 0
243550, 990, 1, 0, 0
243650, 990, 1, 0, 0
243749, 979, 1, 0, 0
243849, 970, 1, 0, 0
243949, 980, 1, 0, 0
244049, 1020, 1, 0, 0
244149, 980, 1, 0, 0
244249, 990, 1, 0, 0
244349, 960, 1, 0, 0
244449, 1030, 1, 0, 0
244550, 970, 1, 0, 0
244650, 970, 1, 0, 0
244749, 949, 1, 0, 0
244849, 960, 1, 0, 0
244949, 1010, 1, 0, 0
245049, 960, 1, 0, 0
245149, 940, 1, 0, 0
245249, 960, 1, 0, 0
245349, 960, 1, 0, 0
245449, 1010, 1, 0, 0
245549, 980, 1, 0, 0
245649, 970, 1, 0, 0
245749, 959, 1, 0, 0
245849, 970, 1, 0, 0
245949, 960, 1, 0, 0
246049, 980, 1, 0, 0
246149, 980, 1, 0, 0
246249, 950, 1, 0, 0
246349, 990, 1, 0, 0
246449, 950, 1, 0, 0
246549, 910, 1, 0, 0
246649, 950, 1, 0, 0
246750, 930, 1, 0, 0
246850, 920, 1, 0, 0
246950, 950, 1, 0, 0
247050, 930, 1, 0, 0
247150, 950, 1, 0, 0
247249, 959, 1, 0, 0
247349, 970, 1, 0, 0
247449, 940, 1, 0, 0
247549, 990, 1, 0, 0
247649, 970, 1, 0, 0
247749, 980, 1, 0, 0
247849, 970, 1, 0, 0
247950, 950, 1, 0, 0
248050, 920, 1, 0, 0
248150, 940, 1, 0, 0
248249, 969, 1, 0, 0
248349, 990, 1, 0, 0
248449, 930, 1, 0, 0
248549, 980, 1, 0, 0
248649, 960, 1, 0, 0
248749, 980, 1, 0, 0
248849, 1000, 1, 0, 0
248949, 970, 1, 0, 0
249050, 970, 1, 0, 0
249150, 960, 1, 0, 0
249249, 1000, 1, 0, 0
249349, 960, 1, 0, 0
249449, 960, 1, 0, 0
249549, 1020, 1, 0, 0
249649, 940, 1, 0, 0
249749, 960, 1, 0, 0
249849, 980, 1, 0, 0
249949, 1000, 1, 0, 0
250049, 940, 1, 0, 0
250150, 1020, 1, 0, 0
250249, 989, 1, 0, 0
250349, 940, 1, 0, 0
250449, 940, 1, 0, 0
250549, 900, 1, 0, 0
250649, 970, 1, 0, 0
250749, 990, 1, 0, 0
250849, 1000, 1, 0, 0
250949, 1000, 1, 0, 0
251049, 980, 1, 0, 0
251149, 990, 1, 0, 0
251250, 960, 1, 0, 0
251350, 1020, 1, 0, 0
251450, 990, 1, 0, 0
251550, 970, 1, 0, 0
251650, 990, 1, 0, 0
251749, 919, 1, 0, 0
251849, 970, 1, 0, 0
251949, 980, 1, 0, 0
252049, 990, 1, 0, 0
252149, 940, 1, 0, 0
252250, 950, 1, 0, 0
252350, 1040, 1, 0, 0
252450, 970, 1, 0, 0
252550, 980, 1, 0, 0
252650, 960, 1, 0, 0
252749, 959, 1, 0, 0
252849, 1010, 1, 0, 0
252949, 990, 1, 0, 0
253049, 950, 1, 0, 0
253149, 990, 1, 0, 0
253249, 1010, 1, 0, 0
253349, 1010, 1, 0, 0
253449, 910, 1, 0, 0
253550, 980, 1, 0, 0
253650, 930, 1, 0, 0
253749, 969, 1, 0, 0
253849, 990, 1, 0, 0
253949, 1000, 1, 0, 0
254049, 980, 1, 0, 0
254149, 980, 1, 0, 0
254249, 1010, 1, 0, 0
254349, 970, 1, 0, 0
254449, 940, 1, 0, 0
254550, 1010, 1, 0, 0
254650, 980, 1, 0, 0
254749, 939, 1, 0, 0
254849, 970, 1, 0, 0
254949, 960, 1, 0, 0
255049, 1000, 1, 0, 0
255149, 990, 1, 0, 0
255249, 1000, 1, 0, 0
255349, 950, 1, 0, 0
255449, 950, 1, 0, 0
255549, 1000, 1, 0, 0
255649, 940, 1, 0, 0
255750, 950, 1, 0, 0
255850, 950, 1, 0, 0
255950, 990, 1, 0, 0
256050, 990, 1, 0, 0
256150, 970, 1, 0, 0
256249, 1020, 1, 0, 0
256349, 1020, 1, 0, 0
256449, 1000, 1, 0, 0
256549, 990, 1, 0, 0
256649, 990, 1, 0, 0
256749, 1020, 1, 0, 0
256849, 960, 1, 0, 0
256949, 1010, 1, 0, 0
257050, 1030, 1, 0, 0
257150, 970, 1, 0, 0
257249, 1000, 1, 0, 0
257349, 990, 1, 0, 0
257449, 1000, 1, 0, 0
257549, 990, 1, 0, 0
257649, 1000, 1, 0, 0
257749, 1010, 1, 0, 0
257849, 980, 1, 0, 0
257949, 980, 1, 0, 0
258050, 990, 1, 0, 0
258150, 980, 1, 0, 0
258249, 1020, 1, 0, 0
258349, 970, 1, 0, 0
258449, 1000, 1, 0, 0
258549, 1020, 1, 0, 0
258649, 940, 1, 0, 0
258749, 1000, 1, 0, 0
258849, 1010, 1, 0, 0
258949, 970, 1, 0, 0
259049, 980, 1, 0, 0
259149, 960, 1, 0, 0
259249, 1010, 1, 0, 0
259349, 1000, 1, 0, 0
259449, 1000, 1, 0, 0
259549, 1010, 1, 0, 0
259649, 1010, 1, 0, 0
259749, 1010, 1, 0, 0
259849, 960, 1, 0, 0
259949, 960, 1, 0, 0
260049, 1000, 1, 0, 0
260149, 960, 1, 0, 0
260250, 1010, 1, 0, 0
260350, 990, 1, 0, 0
260450, 1000, 1, 0, 0
260550, 970, 1, 0, 0
260650, 970, 1, 0, 0
260749, 959, 1, 0, 0
260849, 990, 1, 0, 0
260949, 1000, 1, 0, 0
261049, 980, 1, 0, 0
261149, 940, 1, 0, 0
261249, 1010, 1, 0, 0
261349, 950, 1, 0, 0
261450, 980, 1, 0, 0
261550, 970, 1, 0, 0
261650, 970, 1, 0, 0
261749, 989, 1, 0, 0
261849, 980, 1, 0, 0
261949, 940, 1, 0, 0
262049, 950, 1, 0, 0
262149, 940, 1, 0, 0
262249, 1010, 1, 0, 0
262349, 960, 1, 0, 0
262449, 1000, 1, 0, 0
262550, 1000, 1, 0, 0
262650, 980, 1, 0, 0
262749, 1000, 1, 0, 0
262849, 940, 1, 0, 0
262949, 970, 1, 0, 0
263049, 1000, 1, 0, 0
263149, 980, 1, 0, 0
263249, 920, 1, 0, 0
263349, 1010, 1, 0, 0
263449, 1010, 1, 0, 0
263549, 960, 1, 0, 0
263649, 1000, 1, 0, 0
263750, 990, 1, 0, 0
263850, 980, 1, 0, 0
263950, 960, 1, 0, 0
264050, 980, 1, 0, 0
264150, 970, 1, 0, 0
264249, 979, 1, 0, 0
264349, 940, 1, 0, 0
264449, 950, 1, 0, 0
264549, 1010, 1, 0, 0
264649, 1030, 1, 0, 0
264749, 990, 1, 0, 0
264850, 990, 1, 0, 0
264950, 1040, 1, 0, 0
265050, 1040, 1, 0, 0
265150, 1000, 1, 0, 0
265249, 1020, 1, 0, 0
265349, 1000, 1, 0, 0
265449, 980, 1, 0, 0
265549, 990, 1, 0, 0
265649, 1010, 1, 0, 0
265749, 1010, 1, 0, 0
265849, 960, 1, 0, 0
265949, 980, 1, 0, 0
266050, 960, 1, 0, 0
266150, 1030, 1, 0, 0
266249, 1030, 1, 0, 0
266349, 980, 1, 0, 0
266449, 960, 1, 0, 0
266549, 1000, 1, 0, 0
266649, 1020, 1, 0, 0
266749, 970, 1, 0, 0
266849, 980, 1, 0, 0
266949, 980, 1, 0, 0
267049, 990, 1, 0, 0
267150, 1010, 1, 0, 0
267249, 1010, 1, 0, 0
267349, 990, 1, 0, 0
267449, 990, 1, 0, 0
267549, 1000, 1, 0, 0
267649, 1020, 1, 0, 0
267749, 930, 1, 0, 0
267849, 1020, 1, 0, 0
267949, 980, 1, 0, 0
268049, 990, 1, 0, 0
268149, 980, 1, 0, 0
268250, 1010, 1, 0, 0
268350, 980, 1, 0, 0
268450, 970, 1, 0, 0
268550, 1010, 1, 0, 0
268650, 1030, 1, 0, 0
268749, 949, 1, 0, 0
268849, 950, 1, 0, 0
268949, 980, 1, 0, 0
269049, 930, 1, 0, 0
269149, 1010, 1, 0, 0
269249, 1010, 1, 0, 0
269350, 940, 1, 0, 0
269450, 960, 1, 0, 0
269550, 960, 1, 0, 0
269650, 970, 1, 0, 0
269749, 959, 1, 0, 0
269849, 990, 1, 0, 0
269949, 970, 1, 0, 0
270049, 1000, 1, 0, 0
270149, 960, 1, 0, 0
270249, 1060, 1, 0, 0
270349, 1020, 1, 0, 0
270449, 1010, 1, 0, 0
270550, 1040, 1, 0, 0
270650, 980, 1, 0, 0
270749, 979, 1, 0, 0
270849, 970, 1, 0, 0
270949, 1000, 1, 0, 0
271049, 970, 1, 0, 0
271149, 970, 1, 0, 0
271249, 1020, 1, 0, 0
271349, 940, 1, 0, 0
271449, 1010, 1, 0, 0
271549, 940, 1, 0, 0
271650, 960, 1, 0, 0
271749, 989, 1, 0, 0
271849, 920, 1, 0, 0
271949, 990, 1, 0, 0
272049, 980, 1, 0, 0
272149, 1000, 1, 0, 0
272249, 980, 1, 0, 0
272349, 1020, 1, 0, 0
272449, 1030, 1, 0, 0
272549, 980, 1, 0, 0
272649, 980, 1, 0, 0
272750, 1000, 1, 0, 0
272850, 970, 1, 0, 0
272950, 1010, 1, 0, 0
273050, 1020, 1, 0, 0
273150, 1020, 1, 0, 0
273249, 1010, 1, 0, 0
273349, 960, 1, 0, 0
273449, 980, 1, 0, 0
273549, 1040, 1, 0, 0
273649, 1010, 1, 0, 0
273749, 1040, 1, 0, 0
273850, 1020, 1, 0, 0
273950, 1000, 1, 0, 0
274050, 990, 1, 0, 0
274150, 980, 1, 0, 0
274249, 1040, 1, 0, 0
274349, 1010, 1, 0, 0
274449, 1030, 1, 0, 0
274549, 1000, 1, 0, 0
274649, 960, 1, 0, 0
274749, 940, 1, 0, 0
274849, 970, 1, 0, 0
274949, 1020, 1, 0, 0
275050, 1070, 1, 0, 0
275150, 1020, 1, 0, 0
275249, 1030, 1, 0, 0
275349, 990, 1, 0, 0
275449, 1020, 1, 0, 0
275549, 990, 1, 0, 0
275649, 960, 1, 0, 0
275749, 1000, 1, 0, 0
275849, 1000, 1, 0, 0
275949, 1010, 1, 0, 0
276049, 980, 1, 0, 0
276150, 980, 1, 0, 0
276249, 1000, 1, 0, 0
276349, 1000, 1, 0, 0
276449, 1010, 1, 0, 0
276549, 980, 1, 0, 0
276649, 1000, 1, 0, 0
276749, 970, 1, 0, 0
276849, 1040, 1, 0, 0
276949, 960, 1, 0, 0
277049, 970, 1, 0, 0
277149, 1000, 1, 0, 0
277250, 1030, 1, 0, 0
277350, 1020, 1, 0, 0
277450, 970, 1, 0, 0
277550, 950, 1, 0, 0
277650, 970, 1, 0, 0
277749, 959, 1, 0, 0
277849, 950, 1, 0, 0
277949, 1030, 1, 0, 0
278049, 1050, 1, 0, 0
278149, 1040, 1, 0, 0
278249, 1020, 1, 0, 0
278349, 1000, 1, 0, 0
278449, 940, 1, 0, 0
278550, 950, 1, 0, 0
278650, 1010, 1, 0, 0
278749, 989, 1, 0, 0
278849, 990, 1, 0, 0
278949, 970, 1, 0, 0
279049, 990, 1, 0, 0
279149, 920, 1, 0, 0
279249, 1030, 1, 0, 0
279349, 1000, 1, 0, 0
279449, 990, 1, 0, 0
279550, 1010, 1, 0, 0
279650, 1010, 1, 0, 0
279749, 949, 1, 0, 0
279849, 1030, 1, 0, 0
279949, 1020, 1, 0, 0
280049, 1000, 1, 0, 0
280149, 1020, 1, 0, 0
280249, 1020, 1, 0, 0
280349, 1010, 1, 0, 0
280449, 1020, 1, 0, 0
280549, 1050, 1, 0, 0
280650, 1000, 1, 0, 0
280749, 1010, 1, 0, 0
280849, 940, 1, 0, 0
280949, 990, 1, 0, 0
281049, 1000, 1, 0, 0
281149, 980, 1, 0, 0
281249, 1000, 1, 0, 0
281349, 990, 1, 0, 0
281449, 990, 1, 0, 0
281549, 970, 1, 0, 0
281649, 970, 1, 0, 0
281750, 980, 1, 0, 0
281850, 1030, 1, 0, 0
281950, 960, 1, 0, 0
282050, 980, 1, 0, 0
282150, 1000, 1, 0, 0
282249, 1020, 1, 0, 0
282349, 980, 1, 0, 0
282449, 990, 1, 0, 0
282549, 1000, 1, 0, 0
282649, 1040, 1, 0, 0
282749, 1040, 1, 0, 0
282849, 1040, 1, 0, 0
282949, 1010, 1, 0, 0
283050, 1030, 1, 0, 0
283150, 990, 1, 0, 0
283249, 1010, 1, 0, 0
283349, 1000, 1, 0, 0
283449, 1030, 1, 0, 0
283549, 1010, 1, 0, 0
283649, 980, 1, 0, 0
283749, 990, 1, 0, 0
283849, 1040, 1, 0, 0
283949, 1000, 1, 0, 0
284049, 980, 1, 0, 0
284150, 990, 1, 0, 0
284249, 1040, 1, 0, 0
284349, 1020, 1, 0, 0
284449, 970, 1, 0, 0
284549, 1000, 1, 0, 0
284649, 990, 1, 0, 0
284749, 970, 1, 0, 0
284849, 980, 1, 0, 0
284949, 990, 1, 0, 0
285049, 1030, 1, 0, 0
285149, 990, 1, 0, 0
285250, 1010, 1, 0, 0
285350, 1000, 1, 0, 0
285450, 1010, 1, 0, 0
285550, 1040, 1, 0, 0
285650, 970, 1, 0, 0
285749, 949, 1, 0, 0
285849, 990, 1, 0, 0
285949, 1010, 1, 0, 0
286049, 970, 1, 0, 0
286149, 1010, 1, 0, 0
286249, 1030, 1, 0, 0
286349, 1010, 1, 0, 0
286450, 1000, 1, 0, 0
286550, 990, 1, 0, 0
286650, 960, 1, 0, 0
286749, 1000, 1, 0, 0
286849, 950, 1, 0, 0
286949, 1010, 1, 0, 0
287049, 1010, 1, 0, 0
287149, 1000, 1, 0, 0
287249, 950, 1, 0, 0
287349, 990, 1, 0, 0
287449, 1010, 1, 0, 0
287550, 1040, 1, 0, 0
287650, 990, 1, 0, 0
287749, 1010, 1, 0, 0
287849, 1020, 1, 0, 0
287949, 950, 1, 0, 0
288049, 1010, 1, 0, 0
288149, 990, 1, 0, 0
288249, 1010, 1, 0, 0
288349, 970, 1, 0, 0
288449, 980, 1, 0, 0
288550, 1040, 1, 0, 0
288650, 950, 1, 0, 0
288749, 1040, 1, 0, 0
288849, 990, 1, 0, 0
288949, 980, 1, 0, 0
289049, 940, 1, 0, 0
289149, 1010, 1, 0, 0
289249, 1020, 1, 0, 0
289349, 950, 1, 0, 0
289449, 960, 1, 0, 0
289549, 1010, 1, 0, 0
289650, 970, 1, 0, 0
289749, 989, 1, 0, 0
289849, 1000, 1, 0, 0
289949, 1010, 1, 0, 0
290049, 990, 1, 0, 0
290149, 960, 1, 0, 0
290249, 1000, 1, 0, 0
290349, 960, 1, 0, 0
290449, 950, 1, 0, 0
290549, 1020, 1, 0, 0
290649, 1010, 1, 0, 0
290750, 930, 1, 0, 0
290850, 950, 1, 0, 0
290950, 950, 1, 0, 0
291050, 960, 1, 0, 0
291150, 980, 1, 0, 0
291249, 1010, 1, 0, 0
291349, 970, 1, 0, 0
291449, 990, 1, 0, 0
291549, 1010, 1, 0, 0
291649, 1030, 1, 0, 0
291749, 970, 1, 0, 0
291850, 990, 1, 0, 0
291950, 970, 1, 0, 0
292050, 970, 1, 0, 0
292150, 960, 1, 0, 0
292249, 1010, 1, 0, 0
292349, 1050, 1, 0, 0
292449, 1040, 1, 0, 0
292549, 1020, 1, 0, 0
292649, 960, 1, 0, 0
292749, 1020, 1, 0, 0
292849, 980, 1, 0, 0
292949, 960, 1, 0, 0
293050, 1010, 1, 0, 0
293150, 980, 1, 0, 0
293249, 1030, 1, 0, 0
293349, 990, 1, 0, 0
293449, 990, 1, 0, 0
293549, 990, 1, 0, 0
293649, 980, 1, 0, 0
293749, 940, 1, 0, 0
293849, 1030, 1, 0, 0
293949, 1010, 1, 0, 0
294050, 1000, 1, 0, 0
294150, 960, 1, 0, 0
294249, 949, 1, 0, 0
294349, 1020, 1, 0, 0
294449, 1010, 1, 0, 0
294549, 960, 1, 0, 0
294649, 1060, 1, 0, 0
294749, 960, 1, 0, 0
294849, 990, 1, 0, 0
294949, 1020, 1, 0, 0
295049, 960, 1, 0, 0
295149, 1010, 1, 0, 0
295250, 980, 1, 0, 0
295350, 960, 1, 0, 0
295450, 1010, 1, 0, 0
295550, 990, 1, 0, 0
295650, 1010, 1, 0, 0
295749, 959, 1, 0, 0
295849, 1000, 1, 0, 0
295949, 970, 1, 0, 0
296049, 990, 1, 0, 0
296149, 1020, 1, 0, 0
296249, 1000, 1, 0, 0
296350, 980, 1, 0, 0
296450, 960, 1, 0, 0
296550, 1000, 1, 0, 0
296650, 970, 1, 0, 0
296749, 1010, 1, 0, 0
296849, 1010, 1, 0, 0
296949, 990, 1, 0, 0
297049, 1030, 1, 0, 0
297149, 1010, 1, 0, 0
297249, 990, 1, 0, 0
297349, 1030, 1, 0, 0
297450, 1010, 1, 0, 0
297550, 990, 1, 0, 0
297650, 1030, 1, 0, 0
297749, 1010, 1, 0, 0
297849, 1010, 1, 0, 0
297949, 970, 1, 0, 0
298049, 1030, 1, 0, 0
298149, 1000, 1, 0, 0
298249, 1010, 1, 0, 0
298349, 990, 1, 0, 0
298449, 930, 1, 0, 0
298550, 960, 1, 0, 0
298650, 1010, 1, 0, 0
298749, 959, 1, 0, 0
298849, 970, 1, 0, 0
298949, 990, 1, 0, 0
299049, 990, 1, 0, 0
299149, 980, 1, 0, 0
299249, 970, 1, 0, 0
299349, 940, 1, 0, 0
299449, 980, 1, 0, 0
299549, 950, 1, 0, 0
299649, 960, 1, 0, 0
299749, 959, 1, 0, 0
299849, 1010, 1, 0, 0
299949, 980, 1, 0, 0
300049, 990, 1, 0, 0
300149, 1000, 1, 0, 0
300249, 980, 1, 0, 0
300349, 1020, 1, 0, 0
300449, 970, 1, 0, 0
300549, 970, 1, 0, 0
300649, 1020, 1, 0, 0
300750, 1030, 1, 0, 0
300850, 1020, 1, 0, 0
300950, 990, 1, 0, 0
301050, 970, 1, 0, 0
301150, 960, 1, 0, 0
301249, 1000, 1, 0, 0
301349, 1020, 1, 0, 0
301449, 930, 1, 0, 0
301549, 940, 1, 0, 0
301649, 1000, 1, 0, 0
301749, 960, 1, 0, 0
301850, 980, 1, 0, 0
301950, 960, 1, 0, 0
302050, 970, 1, 0, 0
302150, 970, 1, 0, 0
302249, 959, 1, 0, 0
302349, 1000, 1, 0, 0
302449, 940, 1, 0, 0
302549, 990, 1, 0, 0
302649, 990, 1, 0, 0
302749, 990, 1, 0, 0
302849, 950, 1, 0, 0
302949, 1010, 1, 0, 0
303050, 970, 1, 0, 0
303150, 980, 1, 0, 0
303249, 989, 1, 0, 0
303349, 1020, 1, 0, 0
303449, 1000, 1, 0, 0
303549, 1020, 1, 0, 0
303649, 970, 1, 0, 0
303749, 970, 1, 0, 0
303849, 980, 1, 0, 0
303949, 990, 1, 0, 0
304049, 1020, 1, 0, 0
304149, 1010, 1, 0, 0
304250, 990, 1, 0, 0
304350, 1030, 1, 0, 0
304450, 990, 1, 0, 0
304550, 1040, 1, 0, 0
304650, 960, 1, 0, 0
304749, 1000, 1, 0, 0
304849, 980, 1, 0, 0
304949, 940, 1, 0, 0
305049, 1000, 1, 0, 0
305149, 1000, 1, 0, 0
305249, 1000, 1, 0, 0
305350, 980, 1, 0, 0
305450, 1010, 1, 0, 0
305550, 930, 1, 0, 0
305650, 1010, 1, 0, 0
305749, 979, 1, 0, 0
305849, 970, 1, 0, 0
305949, 1030, 1, 0, 0
306049, 1000, 1, 0, 0
306149, 1000, 1, 0, 0
306249, 990, 1, 0, 0
306349, 1000, 1, 0, 0
306449, 960, 1, 0, 0
306550, 1000, 1, 0, 0
306650, 1000, 1, 0, 0
306749, 949, 1, 0, 0
306849, 1010, 1, 0, 0
306949, 950, 1, 0, 0
307049, 1050, 1, 0, 0
307149, 1040, 1, 0, 0
307249, 1010, 1, 0, 0
307349, 1050, 1, 0, 0
307449, 980, 1, 0, 0
307550, 960, 1, 0, 0
307650, 1000, 1, 0, 0
307749, 979, 1, 0, 0
307849, 970, 1, 0, 0
307949, 970, 1, 0, 0
308049, 990, 1, 0, 0
308149, 990, 1, 0, 0
308249, 960, 1, 0, 0
308349, 990, 1, 0, 0
308449, 990, 1, 0, 0
308550, 1010, 1, 0, 0
308650, 990, 1, 0, 0
308749, 959, 1, 0, 0
308849, 990, 1, 0, 0
308949, 1030, 1, 0, 0
309049, 980, 1, 0, 0
309149, 950, 1, 0, 0
309249, 940, 1, 0, 0
309349, 1020, 1, 0, 0
309449, 970, 1, 0, 0
309550, 1000, 1, 0, 0
309650, 1020, 1, 0, 0
309749, 989, 1, 0, 0
309849, 1000, 1, 0, 0
309949, 970, 1, 0, 0
310049, 1000, 1, 0, 0
310149, 1020, 1, 0, 0
310249, 1030, 1, 0, 0
310349, 1020, 1, 0, 0
310449, 1030, 1, 0, 0
310549, 1010, 1, 0, 0
310649, 970, 1, 0, 0
310750, 1000, 1, 0, 0
310850, 910, 1, 0, 0
310950, 970, 1, 0, 0
311050, 1010, 1, 0, 0
311150, 1020, 1, 0, 0
311249, 1000, 1, 0, 0
311349, 1010, 1, 0, 0
311449, 990, 1, 0, 0
311549, 1040, 1, 0, 0
311649, 990, 1, 0, 0
311749, 1000, 1, 0, 0
311849, 1030, 1, 0, 0
311950, 1020, 1, 0, 0
312050, 990, 1, 0, 0
312150, 950, 1, 0, 0
312249, 979, 1, 0, 0
312349, 960, 1, 0, 0
312449, 960, 1, 0, 0
312549, 1000, 1, 0, 0
312649, 940, 1, 0, 0
312749, 970, 1, 0, 0
312849, 1000, 1, 0, 0
312949, 970, 1, 0, 0
313050, 920, 1, 0, 0
313150, 980, 1, 0, 0
313249, 1000, 1, 0, 0
313349, 970, 1, 0, 0
313449, 950, 1, 0, 0
313549, 1010, 1, 0, 0
313649, 970, 1, 0, 0
313749, 990, 1, 0, 0
313849, 970, 1, 0, 0
313949, 970, 1, 0, 0
314050, 990, 1, 0, 0
314150, 1000, 1, 0, 0
314249, 979, 1, 0, 0
314349, 1040, 1, 0, 0
314449, 990, 1, 0, 0
314549, 970, 1, 0, 0
314649, 990, 1, 0, 0
314749, 970, 1, 0, 0
314849, 1000, 1, 0, 0
314949, 960, 1, 0, 0
315049, 970, 1, 0, 0
315150, 960, 1, 0, 0
315249, 929, 1, 0, 0
315349, 920, 1, 0, 0
315449, 980, 1, 0, 0
315549, 960, 1, 0, 0
315649, 970, 1, 0, 0
315749, 960, 1, 0, 0
315849, 950, 1, 0, 0
315949, 940, 1, 0, 0
316049, 980, 1, 0, 0
316150, 900, 1, 0, 0
316249, 969, 1, 0, 0
316349, 970, 1, 0, 0
316449, 930, 1, 0, 0
316549, 980, 1, 0, 0
316649, 980, 1, 0, 0
316749, 850, 1, 0, 0
316849, 950, 1, 0, 0
316949, 970, 1, 0, 0
317049, 950, 1, 0, 0
317149, 970, 1, 0, 0
317250, 970, 1, 0, 0
317350, 990, 1, 0, 0
317450, 950, 1, 0, 0
317550, 970, 1, 0, 0
317650, 930, 1, 0, 0
317749, 1030, 1, 0, 0
317849, 970, 1, 0, 0
317949, 920, 1, 0, 0
318049, 980, 1, 0, 0
318149, 970, 1, 0, 0
318249, 990, 1, 0, 0
318350, 1010, 1, 0, 0
318450, 970, 1, 0, 0
318550, 960, 1, 0, 0
318650, 980, 1, 0, 0
318749, 969, 1, 0, 0
318849, 970, 1, 0, 0
318949, 970, 1, 0, 0
319049, 950, 1, 0, 0
319149, 970, 1, 0, 0
319249, 920, 1, 0, 0
319349, 920, 1, 0, 0
319450, 960, 1, 0, 0
319550, 930, 1, 0, 0
319650, 930, 1, 0, 0
319749, 969, 1, 0, 0
319849, 950, 1, 0, 0
319949, 960, 1, 0, 0
320049, 930, 1, 0, 0
320149, 980, 1, 0, 0
320249, 960, 1, 0, 0
320349, 950, 1, 0, 0
320449, 950, 1, 0, 0
320550, 950, 1, 0, 0
320650, 950, 1, 0, 0
320749, 989, 1, 0, 0
320849, 1020, 1, 0, 0
320949, 1010, 1, 0, 0
321049, 970, 1, 0, 0
321149, 960, 1, 0, 0
321249, 960, 1, 0, 0
321349, 1010, 1, 0, 0
321449, 980, 1, 0, 0
321549, 1010, 1, 0, 0
321649, 900, 1, 0, 0
321750, 980, 1, 0, 0
321850, 910, 1, 0, 0
321950, 980, 1, 0, 0
322050, 960, 1, 0, 0
322150, 980, 1, 0, 0
322249, 939, 1, 0, 0
322349, 940, 1, 0, 0
322449, 980, 1, 0, 0
322549, 980, 1, 0, 0
322649, 990, 1, 0, 0
322750, 1000, 1, 0, 0
322850, 1000, 1, 0, 0
322950, 980, 1, 0, 0
323050, 980, 1, 0, 0
323150, 980, 1, 0, 0
323249, 959, 1, 0, 0
323349, 990, 1, 0, 0
323449, 950, 1, 0, 0
323549, 1020, 1, 0, 0
323649, 930, 1, 0, 0
323749, 970, 1, 0, 0
323850, 1010, 1, 0, 0
323950, 1010, 1, 0, 0
324050, 950, 1, 0, 0
324150, 980, 1, 0, 0
324249, 929, 1, 0, 0
324349, 940, 1, 0, 0
324449, 980, 1, 0, 0
324549, 930, 1, 0, 0
324649, 920, 1, 0, 0
324749, 990, 1, 0, 0
324849, 940, 1, 0, 0
324949, 980, 1, 0, 0
325050, 980, 1, 0, 0
325150, 970, 1, 0, 0
325249, 1000, 1, 0, 0
325349, 990, 1, 0, 0
325449, 960, 1, 0, 0
325549, 1040, 1, 0, 0
325649, 1010, 1, 0, 0
325749, 1010, 1, 0, 0
325849, 1060, 1, 0, 0
325949, 950, 1, 0, 0
326050, 970, 1, 0, 0
326150, 1000, 1, 0, 0
326249, 969, 1, 0, 0
326349, 1000, 1, 0, 0
326449, 1040, 1, 0, 0
326549, 1060, 1, 0, 0
326649, 1010, 1, 0, 0
326749, 1020, 1, 0, 0
326849, 1020, 1, 0, 0
326949, 980, 1, 0, 0
327049, 1030, 1, 0, 0
327149, 1000, 1, 0, 0
327250, 1020, 1, 0, 0
327350, 1000, 1, 0, 0
327450, 990, 1, 0, 0
327550, 1000, 1, 0, 0
327650, 1010, 1, 0, 0
327749, 1010, 1, 0, 0
327849, 1020, 1, 0, 0
327949, 950, 1, 0, 0
328049, 970, 1, 0, 0
328149, 1040, 1, 0, 0
328250, 1000, 1, 0, 0
328350, 980, 1, 0, 0
328450, 910, 1, 0, 0
328550, 990, 1, 0, 0
328650, 1030, 1, 0, 0
328749, 979, 1, 0, 0
328849, 1000, 1, 0, 0
328949, 970, 1, 0, 0
329049, 1000, 1, 0, 0
329149, 1040, 1, 0, 0
329249, 960, 1, 0, 0
329349, 980, 1, 0, 0
329450, 1000, 1, 0, 0
329550, 1000, 1, 0, 0
329650, 1030, 1, 0, 0
329749, 1040, 1, 0, 0
329849, 980, 1, 0, 0
329949, 1030, 1, 0, 0
330049, 1000, 1, 0, 0
330149, 1010, 1, 0, 0
330249, 1040, 1, 0, 0
330349, 1020, 1, 0, 0
330449, 1000, 1, 0, 0
330550, 1030, 1, 0, 0
330650, 1050, 1, 0, 0
330749, 1040, 1, 0, 0
330849, 980, 1, 0, 0
330949, 1000, 1, 0, 0
331049, 980, 1, 0, 0
331149, 1020, 1, 0, 0
331249, 1010, 1, 0, 0
331349, 1020, 1, 0, 0
331449, 980, 1, 0, 0
331549, 1010, 1, 0, 0
331650, 930, 1, 0, 0
331749, 1010, 1, 0, 0
331849, 980, 1, 0, 0
331949, 1040, 1, 0, 0
332049, 1010, 1, 0, 0
332149, 1000, 1, 0, 0
332249, 1010, 1, 0, 0
332349, 1000, 1, 0, 0
332449, 1030, 1, 0, 0
332549, 980, 1, 0, 0
332649, 1030, 1, 0, 0
332750, 1020, 1, 0, 0
332850, 940, 1, 0, 0
332950, 950, 1, 0, 0
333050, 960, 1, 0, 0
333150, 980, 1, 0, 0
333249, 1000, 1, 0, 0
333349, 1000, 1, 0, 0
333449, 1010, 1, 0, 0
333549, 960, 1, 0, 0
333649, 990, 1, 0, 0
333749, 1020, 1, 0, 0
333849, 960, 1, 0, 0
333950, 950, 1, 0, 0
334050, 950, 1, 0, 0
334150, 970, 1, 0, 0
334249, 1000, 1, 0, 0
334349, 990, 1, 0, 0
334449, 950, 1, 0, 0
334549, 1000, 1, 0, 0
334649, 1000, 1, 0, 0
334749, 990, 1, 0, 0
334849, 1040, 1, 0, 0
334949, 1010, 1, 0, 0
335050, 960, 1, 0, 0
335150, 1020, 1, 0, 0
335249, 1010, 1, 0, 0
335349, 1050, 1, 0, 0
335449, 990, 1, 0, 0
335549, 960, 1, 0, 0
335649, 1000, 1, 0, 0
335749, 980, 1, 0, 0
335849, 970, 1, 0, 0
335949, 1000, 1, 0, 0
336049, 1010, 1, 0, 0
336150, 1050, 1, 0, 0
336249, 1010, 1, 0, 0
336349, 950, 1, 0, 0
336449, 1000, 1, 0, 0
336549, 980, 1, 0, 0
336649, 990, 1, 0, 0
336749, 990, 1, 0, 0
336849, 980, 1, 0, 0
336949, 990, 1, 0, 0
337049, 1000, 1, 0, 0
337149, 1010, 1, 0, 0
337249, 1000, 1, 0, 0
337349, 1010, 1, 0, 0
337449, 990, 1, 0, 0
337549, 970, 1, 0, 0
337649, 1010, 1, 0, 0
337749, 980, 1, 0, 0
337849, 1020, 1, 0, 0
337949, 1020, 1, 0, 0
338049, 990, 1, 0, 0
338149, 930, 1, 0, 0
338250, 970, 1, 0, 0
338350, 990, 1, 0, 0
338450, 1000, 1, 0, 0
338550, 990, 1, 0, 0
338650, 1020, 1, 0, 0
338749, 989, 1, 0, 0
338849, 980, 1, 0, 0
338949, 970, 1, 0, 0
339049, 1030, 1, 0, 0
339149, 990, 1, 0, 0
339250, 980, 1, 0, 0
339350, 1000, 1, 0, 0
339450, 980, 1, 0, 0
339550, 970, 1, 0, 0
339650, 1000, 1, 0, 0
339749, 1030, 1, 0, 0
339849, 930, 1, 0, 0
339949, 1000, 1, 0, 0
340049, 1010, 1, 0, 0
340149, 960, 1, 0, 0
340249, 1000, 1, 0, 0
340349, 1010, 1, 0, 0
340450, 1020, 1, 0, 0
340550, 980, 1, 0, 0
340650, 1010, 1, 0, 0
340749, 1000, 1, 0, 0
340849, 1000, 1, 0, 0
340949, 1010, 1, 0, 0
341049, 1000, 1, 0, 0
341149, 990, 1, 0, 0
341249, 960, 1, 0, 0
341349, 980, 1, 0, 0
341449, 990, 1, 0, 0
341550, 1020, 1, 0, 0
341650, 1020, 1, 0, 0
341749, 1030, 1, 0, 0
341849, 970, 1, 0, 0
341949, 950, 1, 0, 0
342049, 990, 1, 0, 0
342149, 960, 1, 0, 0
342249, 1000, 1, 0, 0
342349, 970, 1, 0, 0
342449, 1010, 1, 0, 0
342549, 990, 1, 0, 0
342650, 990, 1, 0, 0
342749, 989, 1, 0, 0
342849, 960, 1, 0, 0
342949, 970, 1, 0, 0
343049, 940, 1, 0, 0
343149, 930, 1, 0, 0
343249, 970, 1, 0, 0
343349, 980, 1, 0, 0
343449, 980, 1, 0, 0
343549, 970, 1, 0, 0
343649, 960, 1, 0, 0
343750, 1020, 1, 0, 0
343850, 1050, 1, 0, 0
343950, 1010, 1, 0, 0
344050, 1020, 1, 0, 0
344150, 1010, 1, 0, 0
344249, 1010, 1, 0, 0
344349, 940, 1, 0, 0
344449, 1010, 1, 0, 0
344549, 1030, 1, 0, 0
344649, 1000, 1, 0, 0
344750, 990, 1, 0, 0
344850, 1030, 1, 0, 0
344950, 1010, 1, 0, 0
345050, 1010, 1, 0, 0
345150, 1020, 1, 0, 0
345249, 1040, 1, 0, 0
345349, 980, 1, 0, 0
345449, 990, 1, 0, 0
345549, 990, 1, 0, 0
345649, 1000, 1, 0, 0
345749, 980, 1, 0, 0
345850, 1000, 1, 0, 0
345950, 980, 1, 0, 0
346050, 990, 1, 0, 0
346150, 1070, 1, 0, 0
346249, 1060, 1, 0, 0
346349, 1010, 1, 0, 0
346449, 1010, 1, 0, 0
346549, 1020, 1, 0, 0
346649, 990, 1, 0, 0
346749, 1040, 1, 0, 0
346849, 960, 1, 0, 0
346949, 1030, 1, 0, 0
347050, 1050, 1, 0, 0
347150, 1010, 1, 0, 0
347249, 969, 1, 0, 0
347349, 980, 1, 0, 0
347449, 990, 1, 0, 0
347549, 1010, 1, 0, 0
347649, 1010, 1, 0, 0
347749, 1020, 1, 0, 0
347849, 1020, 1, 0, 0
347949, 1000, 1, 0, 0
348050, 950, 1, 0, 0
348150, 1030, 1, 0, 0
348249, 979, 1, 0, 0
348349, 1040, 1, 0, 0
348449, 1000, 1, 0, 0
348549, 990, 1, 0, 0
348649, 950, 1, 0, 0
348749, 980, 1, 0, 0
348849, 970, 1, 0, 0
348949, 1010, 1, 0, 0
349049, 980, 1, 0, 0
349149, 980, 1, 0, 0
349249, 979, 1, 0, 0
349349, 1000, 1, 0, 0
349449, 1020, 1, 0, 0
349549, 980, 1, 0, 0
349649, 980, 1, 0, 0
349749, 1000, 1, 0, 0
349849, 990, 1, 0, 0
349949, 990, 1, 0, 0
350049, 1010, 1, 0, 0
350149, 1000, 1, 0, 0
350250, 1030, 1, 0, 0
350350, 980, 1, 0, 0
350450, 1030, 1, 0, 0
350550, 1030, 1, 0, 0
350650, 1010, 1, 0, 0
350749, 1020, 1, 0, 0
350849, 1020, 1, 0, 0
350949, 1050, 1, 0, 0
351049, 970, 1, 0, 0
351149, 1020, 1, 0, 0
351249, 1010, 1, 0, 0
351349, 990, 1, 0, 0
351449, 980, 1, 0, 0
351550, 970, 1, 0, 0
351650, 940, 1, 0, 0
351749, 969, 1, 0, 0
351849, 990, 1, 0, 0
351949, 950, 1, 0, 0
352049, 990, 1, 0, 0
352149, 990, 1, 0, 0
352249, 1030, 1, 0, 0
352349, 960, 1, 0, 0
352449, 980, 1, 0, 0
352549, 1000, 1, 0, 0
352649, 1000, 1, 0, 0
352749, 959, 1, 0, 0
352849, 940, 1, 0, 0
352949, 960, 1, 0, 0
353049, 1020, 1, 0, 0
353149, 1000, 1, 0, 0
353249, 1020, 1, 0, 0
353349, 1020, 1, 0, 0
353449, 1010, 1, 0, 0
353549, 970, 1, 0, 0
353649, 960, 1, 0, 0
353750, 940, 1, 0, 0
353850, 940, 1, 0, 0
353950, 1020, 1, 0, 0
354050, 1010, 1, 0, 0
354150, 990, 1, 0, 0
354249, 1000, 1, 0, 0
354349, 1020, 1, 0, 0
354449, 990, 1, 0, 0
354549, 1010, 1, 0, 0
354649, 960, 1, 0, 0
354749, 960, 1, 0, 0
354849, 1000, 1, 0, 0
354950, 990, 1, 0, 0
355050, 960, 1, 0, 0
355150, 920, 1, 0, 0
355249, 949, 1, 0, 0
355349, 960, 1, 0, 0
355449, 930, 1, 0, 0
355549, 930, 1, 0, 0
355649, 940, 1, 0, 0
355749, 970, 1, 0, 0
355849, 940, 1, 0, 0
355949, 960, 1, 0, 0
356050, 980, 1, 0, 0
356150, 960, 1, 0, 0
356249, 959, 1, 0, 0
356349, 930, 1, 0, 0
356449, 960, 1, 0, 0
356549, 960, 1, 0, 0
356649, 1000, 1, 0, 0
356749, 980, 1, 0, 0
356849, 960, 1, 0, 0
356949, 990, 1, 0, 0
357049, 970, 1, 0, 0
357149, 1010, 1, 0, 0
357250, 930, 1, 0, 0
357350, 970, 1, 0, 0
357450, 980, 1, 0, 0
357550, 990, 1, 0, 0
357650, 980, 1, 0, 0
357749, 1000, 1, 0, 0
357849, 960, 1, 0, 0
357949, 1030, 1, 0, 0
358049, 970, 1, 0, 0
358149, 980, 1, 0, 0
358250, 980, 1, 0, 0
358350, 960, 1, 0, 0
358450, 980, 1, 0, 0
358550, 990, 1, 0, 0
358650, 970, 1, 0, 0
358749, 1010, 1, 0, 0
358849, 960, 1, 0, 0
358949, 990, 1, 0, 0
359049, 980, 1, 0, 0
359149, 1000, 1, 0, 0
359250, 1010, 1, 0, 0
359350, 960, 1, 0, 0
359450, 980, 1, 0, 0
359550, 970, 1, 0, 0
359650, 960, 1, 0, 0
359749, 969, 1, 0, 0
359849, 970, 1, 0, 0
359949, 970, 1, 0, 0
360049, 980, 1, 0, 0
360149, 1000, 1, 0, 0
360249, 970, 1, 0, 0
360349, 1030, 1, 0, 0
360449, 940, 1, 0, 0
360550, 970, 1, 0, 0
360650, 980, 1, 0, 0
360749, 1000, 1, 0, 0
360849, 970, 1, 0, 0
360949, 990, 1, 0, 0
361049, 960, 1, 0, 0
361149, 980, 1, 0, 0
361249, 1000, 1, 0, 0
361349, 960, 1, 0, 0
361449, 1000, 1, 0, 0
361550, 980, 1, 0, 0
361650, 1010, 1, 0, 0
361749, 909, 1, 0, 0
361849, 950, 1, 0, 0
361949, 960, 1, 0, 0
362049, 930, 1, 0, 0
362149, 960, 1, 0, 0
362249, 970, 1, 0, 0
362349, 990, 1, 0, 0
362449, 990, 1, 0, 0
362549, 1020, 1, 0, 0
362649, 990, 1, 0, 0
362749, 1000, 1, 0, 0
362849, 1010, 1, 0, 0
362949, 960, 1, 0, 0
363049, 1010, 1, 0, 0
363149, 970, 1, 0, 0
363249, 980, 1, 0, 0
363349, 980, 1, 0, 0
363449, 980, 1, 0, 0
363549, 920, 1, 0, 0
363649, 980, 1, 0, 0
363750, 960, 1, 0, 0
363850, 1000, 1, 0, 0
363950, 960, 1, 0, 0
364050, 950, 1, 0, 0
364150, 980, 1, 0, 0
364249, 949, 1, 0, 0
364349, 970, 1, 0, 0
364449, 980, 1, 0, 0
364549, 950, 1, 0, 0
364649, 980, 1, 0, 0
364749, 960, 1, 0, 0
364850, 980, 1, 0, 0
364950, 930, 1, 0, 0
365050, 970, 1, 0, 0
365150, 960, 1, 0, 0
365249, 959, 1, 0, 0
365349, 940, 1, 0, 0
365449, 900, 1, 0, 0
365549, 1000, 1, 0, 0
365649, 930, 1, 0, 0
365749, 970, 1, 0, 0
365849, 970, 1, 0, 0
365949, 980, 1, 0, 0
366050, 960, 1, 0, 0
366150, 1000, 1, 0, 0
366249, 989, 1, 0, 0
366349, 1010, 1, 0, 0
366449, 990, 1, 0, 0
366549, 970, 1, 0, 0
366649, 970, 1, 0, 0
366749, 970, 1, 0, 0
366849, 930, 1, 0, 0
366949, 950, 1, 0, 0
367049, 960, 1, 0, 0
367150, 990, 1, 0, 0
367249, 989, 1, 0, 0
367349, 990, 1, 0, 0
367449, 940, 1, 0, 0
367549, 980, 1, 0, 0
367649, 1040, 1, 0, 0
367749, 1010, 1, 0, 0
367849, 980, 1, 0, 0
367949, 980, 1, 0, 0
368049, 970, 1, 0, 0
368149, 1020, 1, 0, 0
368250, 1020, 1, 0, 0
368350, 980, 1, 0, 0
368450, 1030, 1, 0, 0
368550, 1000, 1, 0, 0
368650, 970, 1, 0, 0
368749, 1010, 1, 0, 0
368849, 1010, 1, 0, 0
368949, 1040, 1, 0, 0
369049, 990, 1, 0, 0
369149, 1010, 1, 0, 0
369249, 960, 1, 0, 0
369350, 1000, 1, 0, 0
369450, 1040, 1, 0, 0
369550, 1010, 1, 0, 0
369650, 1020, 1, 0, 0
369749, 1050, 1, 0, 0
369849, 990, 1, 0, 0
369949, 1020, 1, 0, 0
370049, 1020, 1, 0, 0
370149, 990, 1, 0, 0
370249, 1030, 1, 0, 0
370349, 1020, 1, 0, 0
370449, 1010, 1, 0, 0
370550, 1010, 1, 0, 0
370650, 990, 1, 0, 0
370749, 939, 1, 0, 0
370849, 980, 1, 0, 0
370949, 1020, 1, 0, 0
371049, 990, 1, 0, 0
371149, 980, 1, 0, 0
371249, 970, 1, 0, 0
371349, 980, 1, 0, 0
371449, 980, 1, 0, 0
371550, 980, 1, 0, 0
371650, 1030, 1, 0, 0
371749, 1020, 1, 0, 0
371849, 980, 1, 0, 0
371949, 1030, 1, 0, 0
372049, 990, 1, 0, 0
372149, 990, 1, 0, 0
372249, 970, 1, 0, 0
372349, 980, 1, 0, 0
372449, 960, 1, 0, 0
372549, 1020, 1, 0, 0
372650, 980, 1, 0, 0
372749, 989, 1, 0, 0
372849, 970, 1, 0, 0
372949, 960, 1, 0, 0
373049, 1020, 1, 0, 0
373149, 990, 1, 0, 0
373249, 1010, 1, 0, 0
373349, 1000, 1, 0, 0
373449, 970, 1, 0, 0
373549, 950, 1, 0, 0
373649, 940, 1, 0, 0
373750, 990, 1, 0, 0
373850, 970, 1, 0, 0
373950, 1030, 1, 0, 0
374050, 980, 1, 0, 0
374150, 950, 1, 0, 0
374249, 969, 1, 0, 0
374349, 960, 1, 0, 0
374449, 980, 1, 0, 0
374549, 1010, 1, 0, 0
374649, 1010, 1, 0, 0
374749, 990, 1, 0, 0
374849, 1010, 1, 0, 0
374950, 1030, 1, 0, 0
375050, 1040, 1, 0, 0
375150, 980, 1, 0, 0
375249, 1000, 1, 0, 0
375349, 1020, 1, 0, 0
375449, 960, 1, 0, 0
375549, 990, 1, 0, 0
375649, 970, 1, 0, 0
375749, 1000, 1, 0, 0
375849, 1020, 1, 0, 0
375949, 1010, 1, 0, 0
376050, 1030, 1, 0, 0
376150, 980, 1, 0, 0
376249, 979, 1, 0, 0
376349, 1020, 1, 0, 0
376449, 1010, 1, 0, 0
376549, 990, 1, 0, 0
376649, 990, 1, 0, 0
376749, 1000, 1, 0, 0
376849, 970, 1, 0, 0
376949, 990, 1, 0, 0
377049, 1000, 1, 0, 0
377149, 930, 1, 0, 0
377250, 960, 1, 0, 0
377350, 990, 1, 0, 0
377450, 970, 1, 0, 0
377550, 970, 1, 0, 0
377650, 1000, 1, 0, 0
377749, 959, 1, 0, 0
377849, 1000, 1, 0, 0
377949, 940, 1, 0, 0
378049, 990, 1, 0, 0
378149, 990, 1, 0, 0
378249, 970, 1, 0, 0
378349, 990, 1, 0, 0
378450, 970, 1, 0, 0
378550, 970, 1, 0, 0
378650, 990, 1, 0, 0
378749, 979, 1, 0, 0
378849, 990, 1, 0, 0
378949, 950, 1, 0, 0
379049, 1000, 1, 0, 0
379149, 950, 1, 0, 0
379249, 950, 1, 0, 0
379349, 980, 1, 0, 0
379449, 990, 1, 0, 0
379550, 980, 1, 0, 0
379650, 970, 1, 0, 0
379749, 989, 1, 0, 0
379849, 960, 1, 0, 0
379949, 980, 1, 0, 0
380049, 960, 1, 0, 0
380149, 960, 1, 0, 0
380249, 940, 1, 0, 0
380349, 930, 1, 0, 0
380449, 960, 1, 0, 0
380549, 1000, 1, 0, 0
380650, 1040, 1, 0, 0
380749, 969, 1, 0, 0
380849, 1000, 1, 0, 0
380949, 1000, 1, 0, 0
381049, 1030, 1, 0, 0
381149, 990, 1, 0, 0
381249, 1020, 1, 0, 0
381349, 990, 1, 0, 0
381449, 930, 1, 0, 0
381549, 970, 1, 0, 0
381649, 970, 1, 0, 0
381750, 940, 1, 0, 0
381850, 1000, 1, 0, 0
381950, 1000, 1, 0, 0
382050, 1010, 1, 0, 0
382150, 970, 1, 0, 0
382249, 949, 1, 0, 0
382349, 950, 1, 0, 0
382449, 940, 1, 0, 0
382549, 980, 1, 0, 0
382649, 1010, 1, 0, 0
382749, 990, 1, 0, 0
382850, 1010, 1, 0, 0
382950, 940, 1, 0, 0
383050, 930, 1, 0, 0
383150, 980, 1, 0, 0
383249, 949, 1, 0, 0
383349, 940, 1, 0, 0
383449, 900, 1, 0, 0
383549, 950, 1, 0, 0
383649, 990, 1, 0, 0
383749, 1000, 1, 0, 0
383849, 980, 1, 0, 0
383949, 1010, 1, 0, 0
384050, 990, 1, 0, 0
384150, 1010, 1, 0, 0
384249, 989, 1, 0, 0
384349, 990, 1, 0, 0
384449, 970, 1, 0, 0
384549, 930, 1, 0, 0
384649, 980, 1, 0, 0
384749, 970, 1, 0, 0
384849, 980, 1, 0, 0
384949, 940, 1, 0, 0
385050, 1000, 1, 0, 0
385150, 1000, 1, 0, 0
385249, 989, 1, 0, 0
385349, 1000, 1, 0, 0
385449, 1000, 1, 0, 0
385549, 960, 1, 0, 0
385649, 1010, 1, 0, 0
385749, 1030, 1, 0, 0
385849, 960, 1, 0, 0
385949, 990, 1, 0, 0
386050, 930, 1, 0, 0
386150, 990, 1, 0, 0
386249, 959, 1, 0, 0
386349, 1010, 1, 0, 0
386449, 990, 1, 0, 0
386549, 930, 1, 0, 0
386649, 980, 1, 0, 0
386749, 990, 1, 0, 0
386849, 950, 1, 0, 0
386949, 1030, 1, 0, 0
387049, 980, 1, 0, 0
387150, 990, 1, 0, 0
387249, 989, 1, 0, 0
387349, 1010, 1, 0, 0
387449, 960, 1, 0, 0
387549, 980, 1, 0, 0
387649, 950, 1, 0, 0
387749, 950, 1, 0, 0
387849, 960, 1, 0, 0
387949, 960, 1, 0, 0
388049, 990, 1, 0, 0
388149, 1010, 1, 0, 0
388250, 980, 1, 0, 0
388350, 1000, 1, 0, 0
388450, 1000, 1, 0, 0
388550, 990, 1, 0, 0
388650, 1050, 1, 0, 0
388749, 1020, 1, 0, 0
388849, 950, 1, 0, 0
388949, 1000, 1, 0, 0
389049, 980, 1, 0, 0
389149, 970, 1, 0, 0
389249, 980, 1, 0, 0
389350, 1010, 1, 0, 0
389450, 1010, 1, 0, 0
389550, 990, 1, 0, 0
389650, 1000, 1, 0, 0
389749, 959, 1, 0, 0
389849, 970, 1, 0, 0
389949, 1020, 1, 0, 0
390049, 1010, 1, 0, 0
390149, 970, 1, 0, 0
390249, 1040, 1, 0, 0
390349, 1010, 1, 0, 0
390449, 1000, 1, 0, 0
390550, 1000, 1, 0, 0
390650, 980, 1, 0, 0
390749, 1000, 1, 0, 0
390849, 1010, 1, 0, 0
390949, 1040, 1, 0, 0
391049, 1000, 1, 0, 0
391149, 1010, 1, 0, 0
391249, 940, 1, 0, 0
391349, 1050, 1, 0, 0
391449, 1010, 1, 0, 0
391550, 1030, 1, 0, 0
391650, 1040, 1, 0, 0
391749, 1020, 1, 0, 0
391849, 980, 1, 0, 0
391949, 950, 1, 0, 0
392049, 990, 1, 0, 0
392149, 1010, 1, 0, 0
392249, 970, 1, 0, 0
392349, 1010, 1, 0, 0
392449, 970, 1, 0, 0
392549, 1040, 1, 0, 0
392649, 1010, 1, 0, 0
392749, 969, 1, 0, 0
392849, 990, 1, 0, 0
392949, 1000, 1, 0, 0
393049, 960, 1, 0, 0
393149, 1030, 1, 0, 0
393249, 980, 1, 0, 0
393349, 980, 1, 0, 0
393449, 990, 1, 0, 0
393549, 970, 1, 0, 0
393649, 1000, 1, 0, 0
393750, 990, 1, 0, 0
393850, 980, 1, 0, 0
393950, 1010, 1, 0, 0
394050, 990, 1, 0, 0
394150, 1020, 1, 0, 0
394249, 989, 1, 0, 0
394349, 970, 1, 0, 0
394449, 950, 1, 0, 0
394549, 970, 1, 0, 0
394649, 950, 1, 0, 0
394749, 940, 1, 0, 0
394849, 940, 1, 0, 0
394950, 960, 1, 0, 0
395050, 1000, 1, 0, 0
395150, 980, 1, 0, 0
395249, 989, 1, 0, 0
395349, 950, 1, 0, 0
395449, 990, 1, 0, 0
395549, 960, 1, 0, 0
395649, 950, 1, 0, 0
395749, 960, 1, 0, 0
395849, 940, 1, 0, 0
395949, 1000, 1, 0, 0
396050, 970, 1, 0, 0
396150, 990, 1, 0, 0
396249, 969, 1, 0, 0
396349, 970, 1, 0, 0
396449, 980, 1, 0, 0
396549, 1040, 1, 0, 0
396649, 1000, 1, 0, 0
396749, 1060, 1, 0, 0
396849, 1000, 1, 0, 0
396949, 1010, 1, 0, 0
397049, 1000, 1, 0, 0
397149, 1030, 1, 0, 0
397249, 1040, 1, 0, 0
397349, 960, 1, 0, 0
397449, 970, 1, 0, 0
397549, 970, 1, 0, 0
397649, 970, 1, 0, 0
397749, 920, 1, 0, 0
397849, 970, 1, 0, 0
397949, 980, 1, 0, 0
398049, 960, 1, 0, 0
398149, 950, 1, 0, 0
398249, 960, 1, 0, 0
398350, 990, 1, 0, 0
398450, 1010, 1, 0, 0
398550, 1000, 1, 0, 0
398650, 1010, 1, 0, 0
398749, 979, 1, 0, 0
398849, 1000, 1, 0, 0
398949, 1030, 1, 0, 0
399049, 1000, 1, 0, 0
399149, 1040, 1, 0, 0
399249, 950, 1, 0, 0
399349, 1020, 1, 0, 0
399449, 1010, 1, 0, 0
399550, 1040, 1, 0, 0
399650, 1050, 1, 0, 0
399749, 1000, 1, 0, 0
399849, 1020, 1, 0, 0
399949, 980, 1, 0, 0
400049, 980, 1, 0, 0
400149, 1020, 1, 0, 0
400249, 980, 1, 0, 0
400349, 960, 1, 0, 0
400449, 940, 1, 0, 0
400549, 920, 1, 0, 0
400650, 960, 1, 0, 0
400749, 1010, 1, 0, 0
400849, 1020, 1, 0, 0
400949, 1000, 1, 0, 0
401049, 980, 1, 0, 0
401149, 1020, 1, 0, 0
401249, 1010, 1, 0, 0
401349, 980, 1, 0, 0
401449, 1020, 1, 0, 0
401549, 1000, 1, 0, 0
401649, 990, 1, 0, 0
401750, 1000, 1, 0, 0
401850, 990, 1, 0, 0
401950, 1010, 1, 0, 0
402050, 1010, 1, 0, 0
402150, 1010, 1, 0, 0
402249, 949, 1, 0, 0
402349, 910, 1, 0, 0
402449, 1020, 1, 0, 0
402549, 1010, 1, 0, 0
402649, 980, 1, 0, 0
402749, 1030, 1, 0, 0
402850, 1010, 1, 0, 0
402950, 980, 1, 0, 0
403050, 960, 1, 0, 0
403150, 960, 1, 0, 0
403249, 1020, 1, 0, 0
403349, 1020, 1, 0, 0
403449, 1010, 1, 0, 0
403549, 990, 1, 0, 0
403649, 1000, 1, 0, 0
403749, 1020, 1, 0, 0
403849, 950, 1, 0, 0
403949, 980, 1, 0, 0
404050, 990, 1, 0, 0
404150, 1010, 1, 0, 0
404249, 1030, 1, 0, 0
404349, 980, 1, 0, 0
404449, 990, 1, 0, 0
404549, 990, 1, 0, 0
404649, 1030, 1, 0, 0
404749, 1000, 1, 0, 0
404849, 1020, 1, 0, 0
404949, 930, 1, 0, 0
405049, 1010, 1, 0, 0
405150, 970, 1, 0, 0
405249, 989, 1, 0, 0
405349, 980, 1, 0, 0
405449, 910, 1, 0, 0
405549, 1000, 1, 0, 0
405649, 990, 1, 0, 0
405749, 970, 1, 0, 0
405849, 970, 1, 0, 0
405949, 1000, 1, 0, 0
406049, 1020, 1, 0, 0
406149, 1000, 1, 0, 0
406250, 960, 1, 0, 0
406350, 980, 1, 0, 0
406450, 940, 1, 0, 0
406550, 990, 1, 0, 0
406650, 990, 1, 0, 0
406749, 989, 1, 0, 0
406849, 980, 1, 0, 0
406949, 930, 1, 0, 0
407049, 980, 1, 0, 0
407149, 970, 1, 0, 0
407250, 920, 1, 0, 0
407350, 950, 1, 0, 0
407450, 980, 1, 0, 0
407550, 990, 1, 0, 0
407650, 960, 1, 0, 0
407749, 959, 1, 0, 0
407849, 960, 1, 0, 0
407949, 1000, 1, 0, 0
408049, 960, 1, 0, 0
408149, 1020, 1, 0, 0
408249, 990, 1, 0, 0
408349, 970, 1, 0, 0
408450, 940, 1, 0, 0
408550, 990, 1, 0, 0
408650, 960, 1, 0, 0
408749, 979, 1, 0, 0
408849, 940, 1, 0, 0
408949, 990, 1, 0, 0
409049, 970, 1, 0, 0
409149, 940, 1, 0, 0
409249, 940, 1, 0, 0
409349, 970, 1, 0, 0
409449, 1010, 1, 0, 0
409550, 960, 1, 0, 0
409650, 960, 1, 0, 0
409749, 939, 1, 0, 0
409849, 970, 1, 0, 0
409949, 980, 1, 0, 0
410049, 990, 1, 0, 0
410149, 1020, 1, 0, 0
410249, 1000, 1, 0, 0
410349, 990, 1, 0, 0
410449, 1000, 1, 0, 0
410549, 970, 1, 0, 0
410650, 950, 1, 0, 0
410749, 959, 1, 0, 0
410849, 1010, 1, 0, 0
410949, 1030, 1, 0, 0
411049, 940, 1, 0, 0
411149, 970, 1, 0, 0
411249, 960, 1, 0, 0
411349, 970, 1, 0, 0
411449, 970, 1, 0, 0
411549, 960, 1, 0, 0
411649, 980, 1, 0, 0
411750, 1030, 1, 0, 0
411850, 970, 1, 0, 0
411950, 980, 1, 0, 0
412050, 950, 1, 0, 0
412150, 960, 1, 0, 0
412249, 989, 1, 0, 0
412349, 960, 1, 0, 0
412449, 970, 1, 0, 0
412549, 970, 1, 0, 0
412649, 950, 1, 0, 0
412749, 970, 1, 0, 0
412850, 970, 1, 0, 0
412950, 1020, 1, 0, 0
413050, 970, 1, 0, 0
413150, 980, 1, 0, 0
413249, 959, 1, 0, 0
413349, 980, 1, 0, 0
413449, 980, 1, 0, 0
413549, 960, 1, 0, 0
413649, 950, 1, 0, 0
413749, 990, 1, 0, 0
413849, 960, 1, 0, 0
413949, 970, 1, 0, 0
414050, 1010, 1, 0, 0
414150, 1000, 1, 0, 0
414249, 949, 1, 0, 0
414349, 990, 1, 0, 0
414449, 1000, 1, 0, 0
414549, 990, 1, 0, 0
414649, 950, 1, 0, 0
414749, 1030, 1, 0, 0
414849, 1010, 1, 0, 0
414949, 990, 1, 0, 0
415049, 1000, 1, 0, 0
415149, 1010, 1, 0, 0
415249, 959, 1, 0, 0
415349, 990, 1, 0, 0
415449, 1010, 1, 0, 0
415549, 1020, 1, 0, 0
415649, 960, 1, 0, 0
415749, 980, 1, 0, 0
415849, 1020, 1, 0, 0
415949, 1030, 1, 0, 0
416049, 990, 1, 0, 0
416149, 980, 1, 0, 0
416250, 970, 1, 0, 0
416350, 1000, 1, 0, 0
416450, 970, 1, 0, 0
416550, 970, 1, 0, 0
416650, 970, 1, 0, 0
416749, 989, 1, 0, 0
416849, 970, 1, 0, 0
416949, 990, 1, 0, 0
417049, 1010, 1, 0, 0
417149, 1000, 1, 0, 0
417250, 1010, 1, 0, 0
417350, 1050, 1, 0, 0
417450, 960, 1, 0, 0
417550, 960, 1, 0, 0
417650, 970, 1, 0, 0
417749, 939, 1, 0, 0
417849, 1000, 1, 0, 0
417949, 1050, 1, 0, 0
418049, 1010, 1, 0, 0
418149, 980, 1, 0, 0
418249, 1050, 1, 0, 0
418349, 1010, 1, 0, 0
418450, 990, 1, 0, 0
418550, 970, 1, 0, 0
418650, 1000, 1, 0, 0
418749, 989, 1, 0, 0
418849, 1020, 1, 0, 0
418949, 1010, 1, 0, 0
419049, 1000, 1, 0, 0
419149, 1020, 1, 0, 0
419249, 1010, 1, 0, 0
419349, 1000, 1, 0, 0
419449, 980, 1, 0, 0
419550, 1000, 1, 0, 0
419650, 990, 1, 0, 0
419749, 989, 1, 0, 0
419849, 990, 1, 0, 0
419949, 980, 1, 0, 0
420049, 970, 1, 0, 0
420149, 1000, 1, 0, 0
420249, 1020, 1, 0, 0
420349, 1010, 1, 0, 0
420449, 990, 1, 0, 0
420550, 1010, 1, 0, 0
420650, 960, 1, 0, 0
420749, 969, 1, 0, 0
420849, 1010, 1, 0, 0
420949, 960, 1, 0, 0
421049, 960, 1, 0, 0
421149, 960, 1, 0, 0
421249, 990, 1, 0, 0
421349, 980, 1, 0, 0
421449, 1000, 1, 0, 0
421549, 980, 1, 0, 0
421649, 940, 1, 0, 0
421749, 989, 1, 0, 0
421849, 990, 1, 0, 0
421949, 990, 1, 0, 0
422049, 950, 1, 0, 0
422149, 970, 1, 0, 0
422249, 990, 1, 0, 0
422349, 940, 1, 0, 0
422449, 970, 1, 0, 0
422549, 940, 1, 0, 0
422649, 980, 1, 0, 0
422750, 980, 1, 0, 0
422850, 1000, 1, 0, 0
422950, 970, 1, 0, 0
423050, 940, 1, 0, 0
423150, 960, 1, 0, 0
423249, 979, 1, 0, 0
423349, 960, 1, 0, 0
423449, 940, 1, 0, 0
423549, 980, 1, 0, 0
423649, 970, 1, 0, 0
423749, 920, 1, 0, 0
423849, 1010, 1, 0, 0
423950, 1020, 1, 0, 0
424050, 970, 1, 0, 0
424150, 970, 1, 0, 0
424249, 959, 1, 0, 0
424349, 1010, 1, 0, 0
424449, 970, 1, 0, 0
424549, 970, 1, 0, 0
424649, 940, 1, 0, 0
424749, 970, 1, 0, 0
424849, 990, 1, 0, 0
424949, 980, 1, 0, 0
425050, 970, 1, 0, 0
425150, 980, 1, 0, 0
425249, 979, 1, 0, 0
425349, 990, 1, 0, 0
425449, 940, 1, 0, 0
425549, 960, 1, 0, 0
425649, 960, 1, 0, 0
425749, 940, 1, 0, 0
425849, 950, 1, 0, 0
425949, 960, 1, 0, 0
426049, 940, 1, 0, 0
426150, 940, 1, 0, 0
426249, 979, 1, 0, 0
426349, 970, 1, 0, 0
426449, 940, 1, 0, 0
426549, 980, 1, 0, 0
426649, 1020, 1, 0, 0
426749, 930, 1, 0, 0
426849, 950, 1, 0, 0
426949, 960, 1, 0, 0
427049, 980, 1, 0, 0
427149, 980, 1, 0, 0
427249, 979, 1, 0, 0
427349, 950, 1, 0, 0
427449, 960, 1, 0, 0
427549, 970, 1, 0, 0
427649, 940, 1, 0, 0
427749, 960, 1, 0, 0
427849, 970, 1, 0, 0
427949, 950, 1, 0, 0
428049, 970, 1, 0, 0
428149, 930, 1, 0, 0
428250, 960, 1, 0, 0
428350, 970, 1, 0, 0
428450, 960, 1, 0, 0
428550, 980, 1, 0, 0
428650, 950, 1, 0, 0
428749, 888, 1, 0, 0
428849, 970, 1, 0, 0
428949, 970, 1, 0, 0
429049, 950, 1, 0, 0
429149, 970, 1, 0, 0
429249, 960, 1, 0, 0
429350, 930, 1, 0, 0
429450, 930, 1, 0, 0
429550, 960, 1, 0, 0
429650, 930, 1, 0, 0
429749, 979, 1, 0, 0
429849, 990, 1, 0, 0
429949, 900, 1, 0, 0
430049, 960, 1, 0, 0
430149, 940, 1, 0, 0
430249, 910, 1, 0, 0
430349, 960, 1, 0, 0
430449, 950, 1, 0, 0
430550, 970, 1, 0, 0
430650, 970, 1, 0, 0
430749, 929, 1, 0, 0
430849, 970, 1, 0, 0
430949, 910, 1, 0, 0
431049, 970, 1, 0, 0
431149, 960, 1, 0, 0
431249, 960, 1, 0, 0
431349, 960, 1, 0, 0
431449, 1020, 1, 0, 0
431550, 960, 1, 0, 0
431650, 960, 1, 0, 0
431749, 1030, 1, 0, 0
431849, 1030, 1, 0, 0
431949, 1030, 1, 0, 0
432049, 960, 1, 0, 0
432149, 1000, 1, 0, 0
432249, 1020, 1, 0, 0
432349, 990, 1, 0, 0
432449, 950, 1, 0, 0
432549, 990, 1, 0, 0
432649, 1030, 1, 0, 0
432750, 1010, 1, 0, 0
432850, 960, 1, 0, 0
432950, 1030, 1, 0, 0
433050, 980, 1, 0, 0
433150, 1030, 1, 0, 0
433249, 949, 1, 0, 0
433349, 1000, 1, 0, 0
433449, 1000, 1, 0, 0
433549, 1020, 1, 0, 0
433649, 980, 1, 0, 0
433749, 960, 1, 0, 0
433849, 1020, 1, 0, 0
433949, 1010, 1, 0, 0
434050, 990, 1, 0, 0
434150, 1000, 1, 0, 0
434249, 1040, 1, 0, 0
434349, 950, 1, 0, 0
434449, 980, 1, 0, 0
434549, 1040, 1, 0, 0
434649, 1000, 1, 0, 0
434749, 1000, 1, 0, 0
434849, 1040, 1, 0, 0
434949, 1010, 1, 0, 0
435050, 1030, 1, 0, 0
435150, 990, 1, 0, 0
435249, 1020, 1, 0, 0
435349, 1010, 1, 0, 0
435449, 1000, 1, 0, 0
435549, 1040, 1, 0, 0
435649, 1010, 1, 0, 0
435749, 990, 1, 0, 0
435849, 980, 1, 0, 0
435949, 960, 1, 0, 0
436049, 1000, 1, 0, 0
436149, 950, 1, 0, 0
436249, 1000, 1, 0, 0
436349, 970, 1, 0, 0
436449, 1000, 1, 0, 0
436549, 990, 1, 0, 0
436649, 990, 1, 0, 0
436749, 980, 1, 0, 0
436849, 1020, 1, 0, 0
436949, 1000, 1, 0, 0
437049, 980, 1, 0, 0
437149, 940, 1, 0, 0
437249, 980, 1, 0, 0
437349, 1000, 1, 0, 0
437450, 1000, 1, 0, 0
437550, 1000, 1, 0, 0
437650, 1000, 1, 0, 0
437749, 1010, 1, 0, 0
437849, 950, 1, 0, 0
437949, 1000, 1, 0, 0
438049, 940, 1, 0, 0
438149, 980, 1, 0, 0
438249, 1000, 1, 0, 0
438349, 1010, 1, 0, 0
438449, 1010, 1, 0, 0
438550, 1000, 1, 0, 0
438650, 1050, 1, 0, 0
438749, 979, 1, 0, 0
438849, 1000, 1, 0, 0
438949, 1000, 1, 0, 0
439049, 990, 1, 0, 0
439149, 1010, 1, 0, 0
439249, 990, 1, 0, 0
439349, 990, 1, 0, 0
439449, 1010, 1, 0, 0
439549, 980, 1, 0, 0
439649, 1000, 1, 0, 0
439749, 979, 1, 0, 0
439849, 1010, 1, 0, 0
439949, 940, 1, 0, 0
440049, 1040, 1, 0, 0
440149, 1040, 1, 0, 0
440249, 1010, 1, 0, 0
440349, 980, 1, 0, 0
440449, 1040, 1, 0, 0
440549, 1010, 1, 0, 0
440649, 1020, 1, 0, 0
440750, 990, 1, 0, 0
440850, 1010, 1, 0, 0
440950, 1020, 1, 0, 0
441050, 990, 1, 0, 0
441150, 980, 1, 0, 0
441249, 1010, 1, 0, 0
441349, 1030, 1, 0, 0
441449, 1000, 1, 0, 0
441549, 1030, 1, 0, 0
441649, 950, 1, 0, 0
441749, 1000, 1, 0, 0
441849, 970, 1, 0, 0
441950, 980, 1, 0, 0
442050, 980, 1, 0, 0
442150, 1000, 1, 0, 0
442249, 949, 1, 0, 0
442349, 960, 1, 0, 0
442449, 950, 1, 0, 0
442549, 920, 1, 0, 0
442649, 940, 1, 0, 0
442749, 990, 1, 0, 0
442849, 1040, 1, 0, 0
442949, 1000, 1, 0, 0
443050, 980, 1, 0, 0
443150, 1010, 1, 0, 0
443249, 989, 1, 0, 0
443349, 1010, 1, 0, 0
443449, 990, 1, 0, 0
443549, 970, 1, 0, 0
443649, 1020, 1, 0, 0
443749, 1010, 1, 0, 0
443849, 980, 1, 0, 0
443949, 960, 1, 0, 0
444050, 1000, 1, 0, 0
444150, 960, 1, 0, 0
444249, 1020, 1, 0, 0
444349, 990, 1, 0, 0
444449, 1000, 1, 0, 0
444549, 960, 1, 0, 0
444649, 980, 1, 0, 0
444749, 950, 1, 0, 0
444849, 950, 1, 0, 0
444949, 960, 1, 0, 0
445049, 1040, 1, 0, 0
445149, 990, 1, 0, 0
445249, 969, 1, 0, 0
445349, 930, 1, 0, 0
445449, 1020, 1, 0, 0
445549, 990, 1, 0, 0
445649, 1010, 1, 0, 0
445749, 940, 1, 0, 0
445849, 960, 1, 0, 0
445949, 970, 1, 0, 0
446049, 970, 1, 0, 0
446149, 1020, 1, 0, 0
446250, 1020, 1, 0, 0
446350, 970, 1, 0, 0
446450, 970, 1, 0, 0
446550, 950, 1, 0, 0
446650, 930, 1, 0, 0
446749, 939, 1, 0, 0
446849, 1000, 1, 0, 0
446949, 960, 1, 0, 0
447049, 990, 1, 0, 0
447149, 970, 1, 0, 0
447249, 940, 1, 0, 0
447349, 990, 1, 0, 0
447449, 940, 1, 0, 0
447550, 920, 1, 0, 0
447650, 960, 1, 0, 0
447749, 939, 1, 0, 0
447849, 960, 1, 0, 0
447949, 990, 1, 0, 0
448049, 930, 1, 0, 0
448149, 920, 1, 0, 0
448249, 1040, 1, 0, 0
448349, 1000, 1, 0, 0
448449, 980, 1, 0, 0
448550, 960, 1, 0, 0
448650, 1000, 1, 0, 0
448749, 929, 1, 0, 0
448849, 970, 1, 0, 0
448949, 960, 1, 0, 0
449049, 1000, 1, 0, 0
449149, 990, 1, 0, 0
449249, 950, 1, 0, 0
449349, 990, 1, 0, 0
449449, 990, 1, 0, 0
449549, 970, 1, 0, 0
449650, 970, 1, 0, 0
449749, 949, 1, 0, 0
449849, 950, 1, 0, 0
449949, 990, 1, 0, 0
450049, 970, 1, 0, 0
450149, 990, 1, 0, 0
450249, 990, 1, 0, 0
450349, 980, 1, 0, 0
450449, 950, 1, 0, 0
450549, 940, 1, 0, 0
450649, 900, 1, 0, 0
450750, 940, 1, 0, 0
450850, 980, 1, 0, 0
450950, 960, 1, 0, 0
451050, 940, 1, 0, 0
451150, 890, 1, 0, 0
451249, 929, 1, 0, 0
451349, 970, 1, 0, 0
451449, 940, 1, 0, 0
451549, 940, 1, 0, 0
451649, 960, 1, 0, 0
451750, 920, 1, 0, 0
451850, 980, 1, 0, 0
451950, 950, 1, 0, 0
452050, 940, 1, 0, 0
452150, 950, 1, 0, 0
452249, 959, 1, 0, 0
452349, 940, 1, 0, 0
452449, 990, 1, 0, 0
452549, 1000, 1, 0, 0
452649, 970, 1, 0, 0
452749, 940, 1, 0, 0
452849, 1010, 1, 0, 0
452950, 960, 1, 0, 0
453050, 950, 1, 0, 0
453150, 960, 1, 0, 0
453249, 949, 1, 0, 0
453349, 980, 1, 0, 0
453449, 1010, 1, 0, 0
453549, 960, 1, 0, 0
453649, 960, 1, 0, 0
453749, 910, 1, 0, 0
453849, 990, 1, 0, 0
453949, 960, 1, 0, 0
454050, 960, 1, 0, 0
454150, 970, 1, 0, 0
454249, 939, 1, 0, 0
454349, 990, 1, 0, 0
454449, 980, 1, 0, 0
454549, 970, 1, 0, 0
454649, 990, 1, 0, 0
454749, 940, 1, 0, 0
454849, 960, 1, 0, 0
454949, 960, 1, 0, 0
455050, 940, 1, 0, 0
455150, 960, 1, 0, 0
455249, 989, 1, 0, 0
455349, 1000, 1, 0, 0
455449, 970, 1, 0, 0
455549, 1020, 1, 0, 0
455649, 910, 1, 0, 0
455749, 990, 1, 0, 0
455849, 970, 1, 0, 0
455949, 960, 1, 0, 0
456049, 940, 1, 0, 0
456150, 1000, 1, 0, 0
456249, 1010, 1, 0, 0
456349, 980, 1, 0, 0
456449, 930, 1, 0, 0
456549, 960, 1, 0, 0
456649, 980, 1, 0, 0
456749, 1010, 1, 0, 0
456849, 980, 1, 0, 0
456949, 960, 1, 0, 0
457049, 950, 1, 0, 0
457149, 980, 1, 0, 0
457250, 940, 1, 0, 0
457350, 970, 1, 0, 0
457450, 940, 1, 0, 0
457550, 970, 1, 0, 0
457650, 970, 1, 0, 0
457749, 939, 1, 0, 0
457849, 990, 1, 0, 0
457949, 950, 1, 0, 0
458049, 990, 1, 0, 0
458149, 1010, 1, 0, 0
458250, 980, 1, 0, 0
458350, 1000, 1, 0, 0
458450, 990, 1, 0, 0
458550, 970, 1, 0, 0
458650, 980, 1, 0, 0
458749, 979, 1, 0, 0
458849, 1000, 1, 0, 0
458949, 1020, 1, 0, 0
459049, 960, 1, 0, 0
459149, 980, 1, 0, 0
459249, 1040, 1, 0, 0
459349, 1020, 1, 0, 0
459449, 1000, 1, 0, 0
459550, 970, 1, 0, 0
459650, 990, 1, 0, 0
459749, 989, 1, 0, 0
459849, 1040, 1, 0, 0
459949, 1000, 1, 0, 0
460049, 990, 1, 0, 0
460149, 980, 1, 0, 0
460249, 1020, 1, 0, 0
460349, 1030, 1, 0, 0
460449, 1030, 1, 0, 0
460549, 1010, 1, 0, 0
460650, 1000, 1, 0, 0
460749, 989, 1, 0, 0
460849, 980, 1, 0, 0
460949, 1020, 1, 0, 0
461049, 1000, 1, 0, 0
461149, 1010, 1, 0, 0
461249, 1000, 1, 0, 0
461349, 990, 1, 0, 0
461449, 1010, 1, 0, 0
461549, 1010, 1, 0, 0
461649, 1000, 1, 0, 0
461749, 939, 1, 0, 0
461849, 960, 1, 0, 0
461949, 1010, 1, 0, 0
462049, 970, 1, 0, 0
462149, 1020, 1, 0, 0
462249, 1020, 1, 0, 0
462349, 970, 1, 0, 0
462449, 950, 1, 0, 0
462549, 950, 1, 0, 0
462649, 1030, 1, 0, 0
462750, 1010, 1, 0, 0
462850, 980, 1, 0, 0
462950, 1010, 1, 0, 0
463050, 1020, 1, 0, 0
463150, 1010, 1, 0, 0
463249, 1020, 1, 0, 0
463349, 980, 1, 0, 0
463449, 1050, 1, 0, 0
463549, 1000, 1, 0, 0
463649, 1020, 1, 0, 0
463750, 1000, 1, 0, 0
463850, 1000, 1, 0, 0
463950, 990, 1, 0, 0
464050, 1040, 1, 0, 0
464150, 990, 1, 0, 0
464249, 939, 1, 0, 0
464349, 960, 1, 0, 0
464449, 960, 1, 0, 0
464549, 960, 1, 0, 0
464649, 960, 1, 0, 0
464749, 990, 1, 0, 0
464849, 1010, 1, 0, 0
464949, 980, 1, 0, 0
465050, 950, 1, 0, 0
465150, 1020, 1, 0, 0
465249, 1010, 1, 0, 0
465349, 990, 1, 0, 0
465449, 960, 1, 0, 0
465549, 980, 1, 0, 0
465649, 980, 1, 0, 0
465749, 990, 1, 0, 0
465849, 980, 1, 0, 0
465949, 960, 1, 0, 0
466050, 1000, 1, 0, 0
466150, 940, 1, 0, 0
466249, 1030, 1, 0, 0
466349, 970, 1, 0, 0
466449, 990, 1, 0, 0
466549, 1020, 1, 0, 0
466649, 1020, 1, 0, 0
466749, 1030, 1, 0, 0
466849, 960, 1, 0, 0
466949, 1000, 1, 0, 0
467049, 1000, 1, 0, 0
467150, 990, 1, 0, 0
467249, 949, 1, 0, 0
467349, 970, 1, 0, 0
467449, 990, 1, 0, 0
467549, 1000, 1, 0, 0
467649, 1020, 1, 0, 0
467749, 980, 1, 0, 0
467849, 990, 1, 0, 0
467949, 980, 1, 0, 0
468049, 980, 1, 0, 0
468149, 930, 1, 0, 0
468250, 990, 1, 0, 0
468350, 960, 1, 0, 0
468450, 920, 1, 0, 0
468550, 950, 1, 0, 0
468650, 950, 1, 0, 0
468749, 979, 1, 0, 0
468849, 980, 1, 0, 0
468949, 990, 1, 0, 0
469049, 980, 1, 0, 0
469149, 1000, 1, 0, 0
469249, 980, 1, 0, 0
469350, 970, 1, 0, 0
469450, 980, 1, 0, 0
469550, 990, 1, 0, 0
469650, 1040, 1, 0, 0
469749, 979, 1, 0, 0
469849, 1000, 1, 0, 0
469949, 970, 1, 0, 0
470049, 970, 1, 0, 0
470149, 1010, 1, 0, 0
470249, 970, 1, 0, 0
470349, 950, 1, 0, 0
470449, 930, 1, 0, 0
470550, 1000, 1, 0, 0
470650, 980, 1, 0, 0
470749, 1000, 1, 0, 0
470849, 990, 1, 0, 0
470949, 990, 1, 0, 0
471049, 970, 1, 0, 0
471149, 980, 1, 0, 0
471249, 960, 1, 0, 0
471349, 980, 1, 0, 0
471449, 950, 1, 0, 0
471550, 1000, 1, 0, 0
471650, 970, 1, 0, 0
471749, 959, 1, 0, 0
471849, 970, 1, 0, 0
471949, 1010, 1, 0, 0
472049, 980, 1, 0, 0
472149, 980, 1, 0, 0
472249, 1030, 1, 0, 0
472349, 1000, 1, 0, 0
472449, 970, 1, 0, 0
472550, 920, 1, 0, 0
472650, 980, 1, 0, 0
472749, 969, 1, 0, 0
472849, 1010, 1, 0, 0
472949, 1000, 1, 0, 0
473049, 950, 1, 0, 0
473149, 1000, 1, 0, 0
473249, 1000, 1, 0, 0
473349, 1020, 1, 0, 0
473449, 990, 1, 0, 0
473549, 1020, 1, 0, 0
473649, 970, 1, 0, 0
473749, 949, 1, 0, 0
473849, 970, 1, 0, 0
473949, 1010, 1, 0, 0
474049, 940, 1, 0, 0
474149, 990, 1, 0, 0
474249, 950, 1, 0, 0
474349, 1000, 1, 0, 0
474449, 1000, 1, 0, 0
474549, 980, 1, 0, 0
474649, 940, 1, 0, 0
474750, 1000, 1, 0, 0
474850, 1000, 1, 0, 0
474950, 1030, 1, 0, 0
475050, 990, 1, 0, 0
475150, 1010, 1, 0, 0
475249, 979, 1, 0, 0
475349, 1040, 1, 0, 0
475449, 1010, 1, 0, 0
475549, 1000, 1, 0, 0
475649, 950, 1, 0, 0
475749, 1000, 1, 0, 0
475849, 990, 1, 0, 0
475950, 1000, 1, 0, 0
476050, 950, 1, 0, 0
476150, 990, 1, 0, 0
476249, 1010, 1, 0, 0
476349, 1000, 1, 0, 0
476449, 1020, 1, 0, 0
476549, 1040, 1, 0, 0
476649, 1070, 1, 0, 0
476749, 1050, 1, 0, 0
476849, 970, 1, 0, 0
476949, 1020, 1, 0, 0
477050, 980, 1, 0, 0
477150, 970, 1, 0, 0
477249, 989, 1, 0, 0
477349, 1000, 1, 0, 0
477449, 980, 1, 0, 0
477549, 990, 1, 0, 0
477649, 960, 1, 0, 0
477749, 990, 1, 0, 0
477849, 990, 1, 0, 0
477949, 990, 1, 0, 0
478049, 1010, 1, 0, 0
478149, 980, 1, 0, 0
478249, 1020, 1, 0, 0
478349, 1010, 1, 0, 0
478449, 1000, 1, 0, 0
478549, 970, 1, 0, 0
478649, 980, 1, 0, 0
478749, 990, 1, 0, 0
478849, 910, 1, 0, 0
478949, 1000, 1, 0, 0
479049, 1000, 1, 0, 0
479149, 960, 1, 0, 0
479249, 989, 1, 0, 0
479349, 940, 1, 0, 0
479449, 980, 1, 0, 0
479549, 1010, 1, 0, 0
479649, 940, 1, 0, 0
479749, 1030, 1, 0, 0
479849, 980, 1, 0, 0
479949, 990, 1, 0, 0
480049, 1000, 1, 0, 0
480149, 1030, 1, 0, 0
480250, 920, 1, 0, 0
480350, 1050, 1, 0, 0
480450, 1030, 1, 0, 0
480550, 1000, 1, 0, 0
480650, 1010, 1, 0, 0
480749, 1020, 1, 0, 0
480849, 990, 1, 0, 0
480949, 1020, 1, 0, 0
481049, 940, 1, 0, 0
481149, 960, 1, 0, 0
481249, 1010, 1, 0, 0
481349, 1010, 1, 0, 0
481449, 950, 1, 0, 0
481550, 1030, 1, 0, 0
481650, 960, 1, 0, 0
481749, 979, 1, 0, 0
481849, 950, 1, 0, 0
481949, 910, 1, 0, 0
482049, 1010, 1, 0, 0
482149, 960, 1, 0, 0
482249, 1000, 1, 0, 0
482349, 950, 1, 0, 0
482449, 960, 1, 0, 0
482550, 990, 1, 0, 0
482650, 990, 1, 0, 0
482749, 949, 1, 0, 0
482849, 970, 1, 0, 0
482949, 970, 1, 0, 0
483049, 930, 1, 0, 0
483149, 1000, 1, 0, 0
483249, 970, 1, 0, 0
483349, 990, 1, 0, 0
483449, 960, 1, 0, 0
483550, 980, 1, 0, 0
483650, 930, 1, 0, 0
483749, 939, 1, 0, 0
483849, 930, 1, 0, 0
483949, 980, 1, 0, 0
484049, 930, 1, 0, 0
484149, 980, 1, 0, 0
484249, 1000, 1, 0, 0
484349, 960, 1, 0, 0
484449, 990, 1, 0, 0
484549, 940, 1, 0, 0
484650, 930, 1, 0, 0
484749, 939, 1, 0, 0
484849, 880, 1, 0, 0
484949, 980, 1, 0, 0
485049, 990, 1, 0, 0
485149, 970, 1, 0, 0
485249, 990, 1, 0, 0
485349, 940, 1, 0, 0
485449, 990, 1, 0, 0
485549, 930, 1, 0, 0
485649, 950, 1, 0, 0
485750, 990, 1, 0, 0
485850, 970, 1, 0, 0
485950, 980, 1, 0, 0
486050, 950, 1, 0, 0
486150, 920, 1, 0, 0
486249, 979, 1, 0, 0
486349, 930, 1, 0, 0
486449, 920, 1, 0, 0
486549, 940, 1, 0, 0
486649, 990, 1, 0, 0
486749, 970, 1, 0, 0
486849, 950, 1, 0, 0
486950, 960, 1, 0, 0
487050, 980, 1, 0, 0
487150, 1000, 1, 0, 0
487249, 959, 1, 0, 0
487349, 980, 1, 0, 0
487449, 1010, 1, 0, 0
487549, 970, 1, 0, 0
487649, 970, 1, 0, 0
487749, 1010, 1, 0, 0
487849, 960, 1, 0, 0
487949, 940, 1, 0, 0
488050, 1000, 1, 0, 0
488150, 970, 1, 0, 0
488249, 1000, 1, 0, 0
488349, 950, 1, 0, 0
488449, 980, 1, 0, 0
488549, 950, 1, 0, 0
488649, 940, 1, 0, 0
488749, 990, 1, 0, 0
488849, 920, 1, 0, 0
488949, 870, 1, 0, 0
489049, 1000, 1, 0, 0
489150, 980, 1, 0, 0
489249, 979, 1, 0, 0
489349, 990, 1, 0, 0
489449, 990, 1, 0, 0
489549, 1030, 1, 0, 0
489649, 960, 1, 0, 0
489749, 940, 1, 0, 0
489849, 1030, 1, 0, 0
489949, 930, 1, 0, 0
490049, 980, 1, 0, 0
490149, 960, 1, 0, 0
490250, 1010, 1, 0, 0
490350, 1000, 1, 0, 0
490450, 980, 1, 0, 0
490550, 1010, 1, 0, 0
490650, 990, 1, 0, 0
490749, 1010, 1, 0, 0
490849, 950, 1, 0, 0
490949, 980, 1, 0, 0
491049, 980, 1, 0, 0
491149, 1000, 1, 0, 0
491249, 980, 1, 0, 0
491350, 1010, 1, 0, 0
491450, 970, 1, 0, 0
491550, 980, 1, 0, 0
491650, 950, 1, 0, 0
491749, 959, 1, 0, 0
491849, 920, 1, 0, 0
491949, 910, 1, 0, 0
492049, 1000, 1, 0, 0
492149, 930, 1, 0, 0
492249, 990, 1, 0, 0
492349, 940, 1, 0, 0
492449, 960, 1, 0, 0
492550, 960, 1, 0, 0
492650, 1010, 1, 0, 0
492749, 969, 1, 0, 0
492849, 960, 1, 0, 0
492949, 950, 1, 0, 0
493049, 1000, 1, 0, 0
493149, 960, 1, 0, 0
493249, 940, 1, 0, 0
493349, 950, 1, 0, 0
493449, 940, 1, 0, 0
493550, 970, 1, 0, 0
493650, 960, 1, 0, 0
493749, 949, 1, 0, 0
493849, 940, 1, 0, 0
493949, 900, 1, 0, 0
494049, 940, 1, 0, 0
494149, 910, 1, 0, 0
494249, 980, 1, 0, 0
494349, 990, 1, 0, 0
494449, 960, 1, 0, 0
494549, 930, 1, 0, 0
494650, 960, 1, 0, 0
494749, 939, 1, 0, 0
494849, 970, 1, 0, 0
494949, 970, 1, 0, 0
495049, 950, 1, 0, 0
495149, 940, 1, 0, 0
495249, 930, 1, 0, 0
495349, 970, 1, 0, 0
495449, 940, 1, 0, 0
495549, 990, 1, 0, 0
495649, 950, 1, 0, 0
495750, 960, 1, 0, 0
495850, 980, 1, 0, 0
495950, 990, 1, 0, 0
496050, 970, 1, 0, 0
496150, 1000, 1, 0, 0
496249, 969, 1, 0, 0
496349, 990, 1, 0, 0
496449, 980, 1, 0, 0
496549, 940, 1, 0, 0
496649, 970, 1, 0, 0
496749, 990, 1, 0, 0
496850, 930, 1, 0, 0
496950, 920, 1, 0, 0
497050, 960, 1, 0, 0
497150, 1000, 1, 0, 0
497249, 979, 1, 0, 0
497349, 910, 1, 0, 0
497449, 950, 1, 0, 0
497549, 980, 1, 0, 0
497649, 950, 1, 0, 0
497749, 950, 1, 0, 0
497849, 960, 1, 0, 0
497949, 970, 1, 0, 0
498050, 940, 1, 0, 0
498150, 940, 1, 0, 0
498249, 919, 1, 0, 0
498349, 940, 1, 0, 0
498449, 980, 1, 0, 0
498549, 960, 1, 0, 0
498649, 950, 1, 0, 0
498749, 940, 1, 0, 0
498849, 950, 1, 0, 0
498949, 1010, 1, 0, 0
499049, 950, 1, 0, 0
499149, 960, 1, 0, 0
499249, 969, 1, 0, 0
499349, 940, 1, 0, 0
499449, 970, 1, 0, 0
499549, 960, 1, 0, 0
499649, 980, 1, 0, 0
499749, 1000, 1, 0, 0
499849, 980, 1, 0, 0
499949, 990, 1, 0, 0
500049, 960, 1, 0, 0
500149, 990, 1, 0, 0
500250, 1000, 1, 0, 0
500350, 1010, 1, 0, 0
500450, 960, 1, 0, 0
500550, 1000, 1, 0, 0
500650, 990, 1, 0, 0
500749, 949, 1, 0, 0
500849, 990, 1, 0, 0
500949, 1000, 1, 0, 0
501049, 1000, 1, 0, 0
501149, 950, 1, 0, 0
501249, 910, 1, 0, 0
501350, 940, 1, 0, 0
501450, 980, 1, 0, 0
501550, 940, 1, 0, 0
501650, 990, 1, 0, 0
501749, 1010, 1, 0, 0
501849, 1020, 1, 0, 0
501949, 1000, 1, 0, 0
502049, 1010, 1, 0, 0
502149, 1050, 1, 0, 0
502249, 1020, 1, 0, 0
502349, 1000, 1, 0, 0
502449, 970, 1, 0, 0
502550, 970, 1, 0, 0
502650, 990, 1, 0, 0
502749, 989, 1, 0, 0
502849, 980, 1, 0, 0
502949, 960, 1, 0, 0
503049, 980, 1, 0, 0
503149, 970, 1, 0, 0
503249, 1050, 1, 0, 0
503349, 1000, 1, 0, 0
503449, 1030, 1, 0, 0
503550, 1010, 1, 0, 0
503650, 1020, 1, 0, 0
503749, 1020, 1, 0, 0
503849, 980, 1, 0, 0
503949, 970, 1, 0, 0
504049, 1030, 1, 0, 0
504149, 990, 1, 0, 0
504249, 990, 1, 0, 0
504349, 990, 1, 0, 0
504449, 1000, 1, 0, 0
504549, 980, 1, 0, 0
504650, 1020, 1, 0, 0
504749, 979, 1, 0, 0
504849, 1010, 1, 0, 0
504949, 1040, 1, 0, 0
505049, 1030, 1, 0, 0
505149, 1000, 1, 0, 0
505249, 1010, 1, 0, 0
505349, 980, 1, 0, 0
505449, 1010, 1, 0, 0
505549, 1000, 1, 0, 0
505649, 960, 1, 0, 0
505750, 960, 1, 0, 0
505850, 970, 1, 0, 0
505950, 970, 1, 0, 0
506050, 1010, 1, 0, 0
506150, 980, 1, 0, 0
506249, 989, 1, 0, 0
506349, 1010, 1, 0, 0
506449, 1010, 1, 0, 0
506549, 990, 1, 0, 0
506649, 980, 1, 0, 0
506749, 970, 1, 0, 0
506850, 980, 1, 0, 0
506950, 950, 1, 0, 0
507050, 1010, 1, 0, 0
507150, 940, 1, 0, 0
507249, 969, 1, 0, 0
507349, 990, 1, 0, 0
507449, 970, 1, 0, 0
507549, 1000, 1, 0, 0
507649, 1000, 1, 0, 0
507749, 960, 1, 0, 0
507849, 1000, 1, 0, 0
507949, 990, 1, 0, 0
508050, 990, 1, 0, 0
508150, 920, 1, 0, 0
508249, 1000, 1, 0, 0
508349, 990, 1, 0, 0
508449, 990, 1, 0, 0
508549, 1000, 1, 0, 0
508649, 980, 1, 0, 0
508749, 1010, 1, 0, 0
508849, 980, 1, 0, 0
508949, 970, 1, 0, 0
509050, 990, 1, 0, 0
509150, 950, 1, 0, 0
509249, 979, 1, 0, 0
509349, 980, 1, 0, 0
509449, 1000, 1, 0, 0
509549, 960, 1, 0, 0
509649, 1000, 1, 0, 0
509749, 990, 1, 0, 0
509849, 1000, 1, 0, 0
509949, 980, 1, 0, 0
510049, 970, 1, 0, 0
510149, 1020, 1, 0, 0
510250, 990, 1, 0, 0
510350, 1000, 1, 0, 0
510450, 900, 1, 0, 0
510550, 920, 1, 0, 0
510650, 980, 1, 0, 0
510749, 979, 1, 0, 0
510849, 1010, 1, 0, 0
510949, 1000, 1, 0, 0
511049, 990, 1, 0, 0
511149, 940, 1, 0, 0
511249, 1020, 1, 0, 0
511349, 1000, 1, 0, 0
511450, 1010, 1, 0, 0
511550, 960, 1, 0, 0
511650, 970, 1, 0, 0
511749, 989, 1, 0, 0
511849, 970, 1, 0, 0
511949, 990, 1, 0, 0
512049, 990, 1, 0, 0
512149, 960, 1, 0, 0
512249, 1000, 1, 0, 0
512349, 1010, 1, 0, 0
512449, 960, 1, 0, 0
512550, 1010, 1, 0, 0
512650, 1020, 1, 0, 0
512749, 1000, 1, 0, 0
512849, 990, 1, 0, 0
512949, 960, 1, 0, 0
513049, 1010, 1, 0, 0
513149, 960, 1, 0, 0
513249, 990, 1, 0, 0
513349, 970, 1, 0, 0
513449, 1010, 1, 0, 0
513549, 940, 1, 0, 0
513650, 990, 1, 0, 0
513749, 959, 1, 0, 0
513849, 1000, 1, 0, 0
513949, 990, 1, 0, 0
514049, 1030, 1, 0, 0
514149, 1000, 1, 0, 0
514249, 980, 1, 0, 0
514349, 1020, 1, 0, 0
514449, 980, 1, 0, 0
514549, 940, 1, 0, 0
514649, 970, 1, 0, 0
514750, 950, 1, 0, 0
514850, 970, 1, 0, 0
514950, 990, 1, 0, 0
515050, 1010, 1, 0, 0
515150, 1000, 1, 0, 0
515249, 1030, 1, 0, 0
515349, 980, 1, 0, 0
515449, 990, 1, 0, 0
515549, 1010, 1, 0, 0
515649, 970, 1, 0, 0
515749, 1010, 1, 0, 0
515849, 990, 1, 0, 0
515950, 1020, 1, 0, 0
516050, 1010, 1, 0, 0
516150, 970, 1, 0, 0
516249, 979, 1, 0, 0
516349, 1000, 1, 0, 0
516449, 1020, 1, 0, 0
516549, 1000, 1, 0, 0
516649, 990, 1, 0, 0
516749, 960, 1, 0, 0
516849, 970, 1, 0, 0
516949, 1040, 1, 0, 0
517050, 1000, 1, 0, 0
517150, 1030, 1, 0, 0
517249, 959, 1, 0, 0
517349, 970, 1, 0, 0
517449, 1000, 1, 0, 0
517549, 980, 1, 0, 0
517649, 990, 1, 0, 0
517749, 1000, 1, 0, 0
517849, 1000, 1, 0, 0
517949, 1040, 1, 0, 0
518050, 1000, 1, 0, 0
518150, 980, 1, 0, 0
518249, 1010, 1, 0, 0
518349, 950, 1, 0, 0
518449, 930, 1, 0, 0
518549, 1020, 1, 0, 0
518649, 990, 1, 0, 0
518749, 1010, 1, 0, 0
518849, 1000, 1, 0, 0
518949, 1020, 1, 0, 0
519050, 1010, 1, 0, 0
519150, 1000, 1, 0, 0
519249, 1000, 1, 0, 0
519349, 1020, 1, 0, 0
519449, 950, 1, 0, 0
519549, 1010, 1, 0, 0
519649, 1010, 1, 0, 0
519749, 980, 1, 0, 0
519849, 960, 1, 0, 0
519949, 920, 1, 0, 0
520050, 1000, 1, 0, 0
520150, 1040, 1, 0, 0
520249, 1050, 1, 0, 0
520349, 1010, 1, 0, 0
520449, 1030, 1, 0, 0
520549, 1020, 1, 0, 0
520649, 1010, 1, 0, 0
520749, 1030, 1, 0, 0
520849, 990, 1, 0, 0
520949, 1020, 1, 0, 0
521049, 1030, 1, 0, 0
521149, 990, 1, 0, 0
521250, 1010, 1, 0, 0
521350, 980, 1, 0, 0
521450, 1020, 1, 0, 0
521550, 980, 1, 0, 0
521650, 950, 1, 0, 0
521749, 979, 1, 0, 0
521849, 1020, 1, 0, 0
521949, 1020, 1, 0, 0
522049, 1030, 1, 0, 0
522149, 980, 1, 0, 0
522250, 980, 1, 0, 0
522350, 980, 1, 0, 0
522450, 1010, 1, 0, 0
522550, 980, 1, 0, 0
522650, 990, 1, 0, 0
522749, 1020, 1, 0, 0
522849, 1010, 1, 0, 0
522949, 990, 1, 0, 0
523049, 980, 1, 0, 0
523149, 1010, 1, 0, 0
523249, 1030, 1, 0, 0
523349, 1020, 1, 0, 0
523449, 1040, 1, 0, 0
523550, 960, 1, 0, 0
523650, 1040, 1, 0, 0
523749, 939, 1, 0, 0
523849, 1000, 1, 0, 0
523949, 1010, 1, 0, 0
524049, 1030, 1, 0, 0
524149, 1000, 1, 0, 0
524249, 980, 1, 0, 0
524349, 990, 1, 0, 0
524449, 960, 1, 0, 0
524550, 940, 1, 0, 0
524650, 990, 1, 0, 0
524749, 989, 1, 0, 0
524849, 990, 1, 0, 0
524949, 990, 1, 0, 0
525049, 990, 1, 0, 0
525149, 940, 1, 0, 0
525249, 1010, 1, 0, 0
525349, 990, 1, 0, 0
525449, 1040, 1, 0, 0
525549, 1010, 1, 0, 0
525649, 1010, 1, 0, 0
525750, 990, 1, 0, 0
525850, 990, 1, 0, 0
525950, 1030, 1, 0, 0
526050, 980, 1, 0, 0
526150, 1010, 1, 0, 0
526249, 1030, 1, 0, 0
526349, 1010, 1, 0, 0
526449, 980, 1, 0, 0
526549, 990, 1, 0, 0
526649, 1000, 1, 0, 0
526749, 990, 1, 0, 0
526849, 990, 1, 0, 0
526949, 980, 1, 0, 0
527050, 1010, 1, 0, 0
527150, 970, 1, 0, 0
527249, 989, 1, 0, 0
527349, 960, 1, 0, 0
527449, 1010, 1, 0, 0
527549, 990, 1, 0, 0
527649, 920, 1, 0, 0
527749, 1010, 1, 0, 0
527849, 970, 1, 0, 0
527949, 990, 1, 0, 0
528049, 1010, 1, 0, 0
528150, 1020, 1, 0, 0
528249, 959, 1, 0, 0
528349, 990, 1, 0, 0
528449, 970, 1, 0, 0
528549, 1010, 1, 0, 0
528649, 990, 1, 0, 0
528749, 940, 1, 0, 0
528849, 1010, 1, 0, 0
528949, 970, 1, 0, 0
529049, 1020, 1, 0, 0
529149, 1060, 1, 0, 0
529249, 989, 1, 0, 0
529349, 970, 1, 0, 0
529449, 950, 1, 0, 0
529549, 1000, 1, 0, 0
529649, 980, 1, 0, 0
529749, 1030, 1, 0, 0
529849, 1030, 1, 0, 0
529949, 980, 1, 0, 0
530049, 990, 1, 0, 0
530149, 950, 1, 0, 0
530250, 1020, 1, 0, 0
530350, 1010, 1, 0, 0
530450, 990, 1, 0, 0
530550, 940, 1, 0, 0
530650, 970, 1, 0, 0
530749, 1010, 1, 0, 0
530849, 1020, 1, 0, 0
530949, 970, 1, 0, 0
531049, 1000, 1, 0, 0
531149, 970, 1, 0, 0
531249, 1020, 1, 0, 0
531349, 990, 1, 0, 0
531450, 980, 1, 0, 0
531550, 1000, 1, 0, 0
531650, 990, 1, 0, 0
531749, 969, 1, 0, 0
531849, 940, 1, 0, 0
531949, 920, 1, 0, 0
532049, 940, 1, 0, 0
532149, 990, 1, 0, 0
532249, 990, 1, 0, 0
532349, 970, 1, 0, 0
532449, 1010, 1, 0, 0
532550, 990, 1, 0, 0
532650, 990, 1, 0, 0
532749, 1010, 1, 0, 0
532849, 970, 1, 0, 0
532949, 1010, 1, 0, 0
533049, 990, 1, 0, 0
533149, 980, 1, 0, 0
533249, 960, 1, 0, 0
533349, 970, 1, 0, 0
533449, 950, 1, 0, 0
533549, 1010, 1, 0, 0
533649, 1000, 1, 0, 0
533750, 980, 1, 0, 0
533850, 1030, 1, 0, 0
533950, 990, 1, 0, 0
534050, 970, 1, 0, 0
534150, 990, 1, 0, 0
534249, 929, 1, 0, 0
534349, 980, 1, 0, 0
534449, 970, 1, 0, 0
534549, 940, 1, 0, 0
534649, 1020, 1, 0, 0
534749, 1010, 1, 0, 0
534849, 990, 1, 0, 0
534949, 990, 1, 0, 0
535050, 1000, 1, 0, 0
535150, 940, 1, 0, 0
535249, 989, 1, 0, 0
535349, 920, 1, 0, 0
535449, 960, 1, 0, 0
535549, 970, 1, 0, 0
535649, 930, 1, 0, 0
535749, 970, 1, 0, 0
535849, 980, 1, 0, 0
535949, 960, 1, 0, 0
536050, 990, 1, 0, 0
536150, 970, 1, 0, 0
536249, 1040, 1, 0, 0
536349, 980, 1, 0, 0
536449, 970, 1, 0, 0
536549, 950, 1, 0, 0
536649, 970, 1, 0, 0
536749, 980, 1, 0, 0
536849, 1020, 1, 0, 0
536949, 930, 1, 0, 0
537049, 1010, 1, 0, 0
537150, 1000, 1, 0, 0
537249, 959, 1, 0, 0
537349, 910, 1, 0, 0
537449, 910, 1, 0, 0
537549, 990, 1, 0, 0
537649, 1000, 1, 0, 0
537749, 970, 1, 0, 0
537849, 1010, 1, 0, 0
537949, 980, 1, 0, 0
538049, 980, 1, 0, 0
538149, 990, 1, 0, 0
538250, 970, 1, 0, 0
538350, 970, 1, 0, 0
538450, 900, 1, 0, 0
538550, 1010, 1, 0, 0
538650, 960, 1, 0, 0
538749, 929, 1, 0, 0
538849, 960, 1, 0, 0
538949, 990, 1, 0, 0
539049, 1000, 1, 0, 0
539149, 940, 1, 0, 0
539250, 990, 1, 0, 0
539350, 940, 1, 0, 0
539450, 1000, 1, 0, 0
539550, 970, 1, 0, 0
539650, 990, 1, 0, 0
539749, 1010, 1, 0, 0
539849, 970, 1, 0, 0
539949, 1000, 1, 0, 0
540049, 990, 1, 0, 0
540149, 950, 1, 0, 0
540250, 960, 1, 0, 0
540350, 970, 1, 0, 0
540450, 1010, 1, 0, 0
540550, 990, 1, 0, 0
540650, 970, 1, 0, 0
540749, 1010, 1, 0, 0
540849, 1020, 1, 0, 0
540949, 960, 1, 0, 0
541049, 970, 1, 0, 0
541149, 970, 1, 0, 0
541249, 940, 1, 0, 0
541349, 940, 1, 0, 0
541450, 980, 1, 0, 0
541550, 1020, 1, 0, 0
541650, 1000, 1, 0, 0
541749, 1020, 1, 0, 0
541849, 990, 1, 0, 0
541949, 980, 1, 0, 0
542049, 980, 1, 0, 0
542149, 1000, 1, 0, 0
542249, 990, 1, 0, 0
542349, 1020, 1, 0, 0
542449, 1000, 1, 0, 0
542550, 1000, 1, 0, 0
542650, 950, 1, 0, 0
542749, 1020, 1, 0, 0
542849, 1010, 1, 0, 0
542949, 1000, 1, 0, 0
543049, 930, 1, 0, 0
543149, 990, 1, 0, 0
543249, 920, 1, 0, 0
543349, 1010, 1, 0, 0
543449, 980, 1, 0, 0
543549, 970, 1, 0, 0
543649, 990, 1, 0, 0
543749, 1020, 1, 0, 0
543849, 1000, 1, 0, 0
543949, 1010, 1, 0, 0
544049, 970, 1, 0, 0
544149, 1020, 1, 0, 0
544249, 980, 1, 0, 0
544349, 980, 1, 0, 0
544449, 1000, 1, 0, 0
544549, 1000, 1, 0, 0
544649, 940, 1, 0, 0
544750, 980, 1, 0, 0
544850, 950, 1, 0, 0
544950, 990, 1, 0, 0
545050, 1010, 1, 0, 0
545150, 980, 1, 0, 0
545249, 969, 1, 0, 0
545349, 1000, 1, 0, 0
545449, 920, 1, 0, 0
545549, 910, 1, 0, 0
545649, 990, 1, 0, 0
545749, 1010, 1, 0, 0
545849, 990, 1, 0, 0
545950, 980, 1, 0, 0
546050, 1020, 1, 0, 0
546150, 1000, 1, 0, 0
546249, 1030, 1, 0, 0
546349, 1020, 1, 0, 0
546449, 1030, 1, 0, 0
546549, 1040, 1, 0, 0
546649, 1010, 1, 0, 0
546749, 1040, 1, 0, 0
546849, 1000, 1, 0, 0
546949, 1000, 1, 0, 0
547050, 1020, 1, 0, 0
547150, 980, 1, 0, 0
547249, 969, 1, 0, 0
547349, 1000, 1, 0, 0
547449, 970, 1, 0, 0
547549, 1000, 1, 0, 0
547649, 980, 1, 0, 0
547749, 1020, 1, 0, 0
547849, 970, 1, 0, 0
547949, 1020, 1, 0, 0
548049, 970, 1, 0, 0
548149, 1000, 1, 0, 0
548249, 1050, 1, 0, 0
548349, 1000, 1, 0, 0
548449, 980, 1, 0, 0
548549, 970, 1, 0, 0
548649, 990, 1, 0, 0
548749, 950, 1, 0, 0
548849, 1030, 1, 0, 0
548949, 1010, 1, 0, 0
549049, 1050, 1, 0, 0
549149, 1020, 1, 0, 0
549250, 1050, 1, 0, 0
549350, 990, 1, 0, 0
549450, 970, 1, 0, 0
549550, 1020, 1, 0, 0
549650, 1010, 1, 0, 0
549749, 1000, 1, 0, 0
549849, 1000, 1, 0, 0
549949, 1010, 1, 0, 0
550049, 1030, 1, 0, 0
550149, 1010, 1, 0, 0
550250, 970, 1, 0, 0
550350, 960, 1, 0, 0
550450, 1040, 1, 0, 0
550550, 990, 1, 0, 0
550650, 980, 1, 0, 0
550749, 1050, 1, 0, 0
550849, 990, 1, 0, 0
550949, 960, 1, 0, 0
551049, 950, 1, 0, 0
551149, 1020, 1, 0, 0
551249, 1050, 1, 0, 0
551350, 980, 1, 0, 0
551450, 1010, 1, 0, 0
551550, 990, 1, 0, 0
551650, 990, 1, 0, 0
551749, 1010, 1, 0, 0
551849, 970, 1, 0, 0
551949, 960, 1, 0, 0
552049, 1030, 1, 0, 0
552149, 960, 1, 0, 0
552249, 1030, 1, 0, 0
552349, 1030, 1, 0, 0
552449, 990, 1, 0, 0
552550, 990, 1, 0, 0
552650, 1000, 1, 0, 0
552749, 1030, 1, 0, 0
552849, 990, 1, 0, 0
552949, 1000, 1, 0, 0
553049, 990, 1, 0, 0
553149, 990, 1, 0, 0
553249, 990, 1, 0, 0
553349, 950, 1, 0, 0
553449, 970, 1, 0, 0
553549, 980, 1, 0, 0
553649, 990, 1, 0, 0
553749, 939, 1, 0, 0
553849, 1000, 1, 0, 0
553949, 990, 1, 0, 0
554049, 1010, 1, 0, 0
554149, 1030, 1, 0, 0
554249, 930, 1, 0, 0
554349, 990, 1, 0, 0
554449, 980, 1, 0, 0
554549, 1000, 1, 0, 0
554649, 1010, 1, 0, 0
554749, 1040, 1, 0, 0
554850, 1020, 1, 0, 0
554950, 1000, 1, 0, 0
555050, 990, 1, 0, 0
555150, 1020, 1, 0, 0
555249, 989, 1, 0, 0
555349, 960, 1, 0, 0
555449, 990, 1, 0, 0
555549, 970, 1, 0, 0
555649, 950, 1, 0, 0
555749, 980, 1, 0, 0
555849, 990, 1, 0, 0
555949, 1020, 1, 0, 0
556050, 980, 1, 0, 0
556150, 1010, 1, 0, 0
556249, 1020, 1, 0, 0
556349, 1020, 1, 0, 0
556449, 1010, 1, 0, 0
556549, 990, 1, 0, 0
556649, 970, 1, 0, 0
556749, 1030, 1, 0, 0
556849, 1020, 1, 0, 0
556949, 970, 1, 0, 0
557050, 1010, 1, 0, 0
557150, 1000, 1, 0, 0
557249, 1010, 1, 0, 0
557349, 980, 1, 0, 0
557449, 1000, 1, 0, 0
557549, 990, 1, 0, 0
557649, 1000, 1, 0, 0
557749, 1040, 1, 0, 0
557849, 970, 1, 0, 0
557949, 1030, 1, 0, 0
558049, 1000, 1, 0, 0
558150, 990, 1, 0, 0
558249, 1000, 1, 0, 0
558349, 960, 1, 0, 0
558449, 1000, 1, 0, 0
558549, 1000, 1, 0, 0
558649, 950, 1, 0, 0
558749, 980, 1, 0, 0
558849, 980, 1, 0, 0
558949, 1000, 1, 0, 0
559049, 960, 1, 0, 0
559149, 1010, 1, 0, 0
559250, 1010, 1, 0, 0
559350, 950, 1, 0, 0
559450, 990, 1, 0, 0
559550, 960, 1, 0, 0
559650, 920, 1, 0, 0
559749, 959, 1, 0, 0
559849, 1000, 1, 0, 0
559949, 1010, 1, 0, 0
560049, 990, 1, 0, 0
560149, 990, 1, 0, 0
560250, 1010, 1, 0, 0
560350, 990, 1, 0, 0
560450, 990, 1, 0, 0
560550, 970, 1, 0, 0
560650, 1010, 1, 0, 0
560749, 1000, 1, 0, 0
560849, 920, 1, 0, 0
560949, 970, 1, 0, 0
561049, 990, 1, 0, 0
561149, 1020, 1, 0, 0
561250, 990, 1, 0, 0
561350, 1000, 1, 0, 0
561450, 990, 1, 0, 0
561550, 940, 1, 0, 0
561650, 1000, 1, 0, 0
561749, 959, 1, 0, 0
561849, 950, 1, 0, 0
561949, 940, 1, 0, 0
562049, 990, 1, 0, 0
562149, 1010, 1, 0, 0
562249, 950, 1, 0, 0
562349, 980, 1, 0, 0
562450, 980, 1, 0, 0
562550, 990, 1, 0, 0
562650, 980, 1, 0, 0
562749, 1000, 1, 0, 0
562849, 940, 1, 0, 0
562949, 1000, 1, 0, 0
563049, 1000, 1, 0, 0
563149, 980, 1, 0, 0
563249, 990, 1, 0, 0
563349, 1000, 1, 0, 0
563449, 950, 1, 0, 0
563550, 970, 1, 0, 0
563650, 1010, 1, 0, 0
563749, 1000, 1, 0, 0
563849, 1000, 1, 0, 0
563949, 990, 1, 0, 0
564049, 950, 1, 0, 0
564149, 950, 1, 0, 0
564249, 930, 1, 0, 0
564349, 960, 1, 0, 0
564449, 960, 1, 0, 0
564549, 970, 1, 0, 0
564649, 950, 1, 0, 0
564749, 969, 1, 0, 0
564849, 980, 1, 0, 0
564949, 930, 1, 0, 0
565049, 980, 1, 0, 0
565149, 900, 1, 0, 0
565249, 960, 1, 0, 0
565349, 950, 1, 0, 0
565449, 970, 1, 0, 0
565549, 960, 1, 0, 0
565649, 960, 1, 0, 0
565750, 980, 1, 0, 0
565850, 950, 1, 0, 0
565950, 980, 1, 0, 0
566050, 1000, 1, 0, 0
566150, 970, 1, 0, 0
566249, 969, 1, 0, 0
566349, 970, 1, 0, 0
566449, 1000, 1, 0, 0
566549, 990, 1, 0, 0
566649, 1000, 1, 0, 0
566749, 950, 1, 0, 0
566850, 990, 1, 0, 0
566950, 990, 1, 0, 0
567050, 940, 1, 0, 0
567150, 1010, 1, 0, 0
567249, 989, 1, 0, 0
567349, 970, 1, 0, 0
567449, 960, 1, 0, 0
567549, 980, 1, 0, 0
567649, 970, 1, 0, 0
567749, 1020, 1, 0, 0
567849, 1000, 1, 0, 0
567949, 960, 1, 0, 0
568050, 970, 1, 0, 0
568150, 970, 1, 0, 0
568249, 1010, 1, 0, 0
568349, 1000, 1, 0, 0
568449, 960, 1, 0, 0
568549, 980, 1, 0, 0
568649, 960, 1, 0, 0
568749, 980, 1, 0, 0
568849, 970, 1, 0, 0
568949, 1000, 1, 0, 0
569049, 1010, 1, 0, 0
569150, 970, 1, 0, 0
569249, 1000, 1, 0, 0
569349, 980, 1, 0, 0
569449, 990, 1, 0, 0
569549, 1010, 1, 0, 0
569649, 970, 1, 0, 0
569749, 990, 1, 0, 0
569849, 1010, 1, 0, 0
569949, 950, 1, 0, 0
570049, 970, 1, 0, 0
570149, 890, 1, 0, 0
570250, 980, 1, 0, 0
570350, 940, 1, 0, 0
570450, 950, 1, 0, 0
570550, 940, 1, 0, 0
570650, 1010, 1, 0, 0
570749, 929, 1, 0, 0
570849, 940, 1, 0, 0
570949, 1000, 1, 0, 0
571049, 990, 1, 0, 0
571149, 960, 1, 0, 0
571249, 980, 1, 0, 0
571350, 950, 1, 0, 0
571450, 960, 1, 0, 0
571550, 990, 1, 0, 0
571650, 980, 1, 0, 0
571749, 989, 1, 0, 0
571849, 1000, 1, 0, 0
571949, 970, 1, 0, 0
572049, 970, 1, 0, 0
572149, 980, 1, 0, 0
572249, 920, 1, 0, 0
572349, 940, 1, 0, 0
572450, 950, 1, 0, 0
572550, 960, 1, 0, 0
572650, 970, 1, 0, 0
572749, 989, 1, 0, 0
572849, 1020, 1, 0, 0
572949, 1000, 1, 0, 0
573049, 960, 1, 0, 0
573149, 1000, 1, 0, 0
573249, 1030, 1, 0, 0
573349, 980, 1, 0, 0
573449, 1000, 1, 0, 0
573550, 1060, 1, 0, 0
573650, 1040, 1, 0, 0
573749, 1010, 1, 0, 0
573849, 1060, 1, 0, 0
573949, 990, 1, 0, 0
574049, 1010, 1, 0, 0
574149, 1030, 1, 0, 0
574249, 1020, 1, 0, 0
574349, 1030, 1, 0, 0
574449, 1010, 1, 0, 0
574549, 970, 1, 0, 0
574649, 1050, 1, 0, 0
574750, 1000, 1, 0, 0
574850, 950, 1, 0, 0
574950, 970, 1, 0, 0
575050, 950, 1, 0, 0
575150, 980, 1, 0, 0
575249, 1020, 1, 0, 0
575349, 990, 1, 0, 0
575449, 990, 1, 0, 0
575549, 990, 1, 0, 0
575649, 980, 1, 0, 0
575749, 980, 1, 0, 0
575849, 980, 1, 0, 0
575949, 990, 1, 0, 0
576050, 1000, 1, 0, 0
576150, 1020, 1, 0, 0
576249, 969, 1, 0, 0
576349, 930, 1, 0, 0
576449, 950, 1, 0, 0
576549, 980, 1, 0, 0
576649, 950, 1, 0, 0
576749, 1000, 1, 0, 0
576849, 960, 1, 0, 0
576949, 960, 1, 0, 0
577050, 990, 1, 0, 0
577150, 1000, 1, 0, 0
577249, 979, 1, 0, 0
577349, 1010, 1, 0, 0
577449, 990, 1, 0, 0
577549, 980, 1, 0, 0
577649, 990, 1, 0, 0
577749, 1000, 1, 0, 0
577849, 1010, 1, 0, 0
577949, 1030, 1, 0, 0
578049, 990, 1, 0, 0
578149, 1040, 1, 0, 0
578249, 1020, 1, 0, 0
578349, 990, 1, 0, 0
578449, 970, 1, 0, 0
578549, 980, 1, 0, 0
578649, 1040, 1, 0, 0
578749, 1020, 1, 0, 0
578849, 980, 1, 0, 0
578949, 1010, 1, 0, 0
579049, 1030, 1, 0, 0
579149, 1030, 1, 0, 0
579250, 1040, 1, 0, 0
579350, 980, 1, 0, 0
579450, 990, 1, 0, 0
579550, 980, 1, 0, 0
579650, 1030, 1, 0, 0
579749, 1000, 1, 0, 0
579849, 1070, 1, 0, 0
579949, 1020, 1, 0, 0
580049, 990, 1, 0, 0
580149, 1030, 1, 0, 0
580249, 980, 1, 0, 0
580349, 1000, 1, 0, 0
580449, 1000, 1, 0, 0
580550, 1010, 1, 0, 0
580650, 950, 1, 0, 0
580749, 1020, 1, 0, 0
580849, 1010, 1, 0, 0
580949, 1020, 1, 0, 0
581049, 990, 1, 0, 0
581149, 1020, 1, 0, 0
581249, 980, 1, 0, 0
581349, 970, 1, 0, 0
581449, 960, 1, 0, 0
581550, 970, 1, 0, 0
581650, 1010, 1, 0, 0
581749, 1000, 1, 0, 0
581849, 1020, 1, 0, 0
581949, 990, 1, 0, 0
582049, 990, 1, 0, 0
582149, 940, 1, 0, 0
582249, 980, 1, 0, 0
582349, 1020, 1, 0, 0
582449, 1020, 1, 0, 0
582549, 980, 1, 0, 0
582650, 1020, 1, 0, 0
582749, 1010, 1, 0, 0
582849, 1010, 1, 0, 0
582949, 1010, 1, 0, 0
583049, 980, 1, 0, 0
583149, 1010, 1, 0, 0
583249, 1040, 1, 0, 0
583349, 1050, 1, 0, 0
583449, 1010, 1, 0, 0
583549, 1030, 1, 0, 0
583649, 930, 1, 0, 0
583750, 950, 1, 0, 0
583850, 980, 1, 0, 0
583950, 990, 1, 0, 0
584050, 990, 1, 0, 0
584150, 980, 1, 0, 0
584249, 1010, 1, 0, 0
584349, 990, 1, 0, 0
584449, 1020, 1, 0, 0
584549, 1010, 1, 0, 0
584649, 980, 1, 0, 0
584749, 980, 1, 0, 0
584849, 1000, 1, 0, 0
584950, 1020, 1, 0, 0
585050, 980, 1, 0, 0
585150, 1010, 1, 0, 0
585249, 1020, 1, 0, 0
585349, 1000, 1, 0, 0
585449, 1000, 1, 0, 0
585549, 970, 1, 0, 0
585649, 1010, 1, 0, 0
585749, 1030, 1, 0, 0
585849, 950, 1, 0, 0
585949, 1060, 1, 0, 0
586050, 980, 1, 0, 0
586150, 1000, 1, 0, 0
586249, 1050, 1, 0, 0
586349, 1020, 1, 0, 0
586449, 1000, 1, 0, 0
586549, 1030, 1, 0, 0
586649, 990, 1, 0, 0
586749, 920, 1, 0, 0
586849, 1030, 1, 0, 0
586949, 990, 1, 0, 0
587050, 1000, 1, 0, 0
587150, 980, 1, 0, 0
587249, 1030, 1, 0, 0
587349, 1010, 1, 0, 0
587449, 990, 1, 0, 0
587549, 1030, 1, 0, 0
587649, 1020, 1, 0, 0
587749, 1010, 1, 0, 0
587849, 950, 1, 0, 0
587949, 910, 1, 0, 0
588049, 960, 1, 0, 0
588149, 950, 1, 0, 0
588249, 959, 1, 0, 0
588349, 1000, 1, 0, 0
588449, 960, 1, 0, 0
588549, 990, 1, 0, 0
588649, 960, 1, 0, 0
588749, 990, 1, 0, 0
588849, 1000, 1, 0, 0
588949, 950, 1, 0, 0
589049, 940, 1, 0, 0
589149, 960, 1, 0, 0
589249, 990, 1, 0, 0
589350, 940, 1, 0, 0
589450, 980, 1, 0, 0
589550, 980, 1, 0, 0
589650, 1010, 1, 0, 0
589749, 979, 1, 0, 0
589849, 1010, 1, 0, 0
589949, 1000, 1, 0, 0
590049, 1000, 1, 0, 0
590149, 950, 1, 0, 0
590249, 1000, 1, 0, 0
590349, 990, 1, 0, 0
590449, 930, 1, 0, 0
590550, 970, 1, 0, 0
590650, 950, 1, 0, 0
590749, 979, 1, 0, 0
590849, 980, 1, 0, 0
590949, 950, 1, 0, 0
591049, 1000, 1, 0, 0
591149, 970, 1, 0, 0
591249, 1020, 1, 0, 0
591349, 960, 1, 0, 0
591449, 1000, 1, 0, 0
591549, 930, 1, 0, 0
591649, 1000, 1, 0, 0
591749, 979, 1, 0, 0
591849, 980, 1, 0, 0
591949, 970, 1, 0, 0
592049, 1010, 1, 0, 0
592149, 980, 1, 0, 0
592249, 1000, 1, 0, 0
592349, 940, 1, 0, 0
592449, 960, 1, 0, 0
592549, 970, 1, 0, 0
592649, 950, 1, 0, 0
592749, 1040, 1, 0, 0
592850, 960, 1, 0, 0
592950, 1010, 1, 0, 0
593050, 1000, 1, 0, 0
593150, 1010, 1, 0, 0
593249, 979, 1, 0, 0
593349, 970, 1, 0, 0
593449, 1000, 1, 0, 0
593549, 1030, 1, 0, 0
593649, 1010, 1, 0, 0
593749, 1000, 1, 0, 0
593849, 970, 1, 0, 0
593949, 970, 1, 0, 0
594050, 990, 1, 0, 0
594150, 980, 1, 0, 0
594249, 989, 1, 0, 0
594349, 980, 1, 0, 0
594449, 980, 1, 0, 0
594549, 1010, 1, 0, 0
594649, 940, 1, 0, 0
594749, 1010, 1, 0, 0
594849, 950, 1, 0, 0
594949, 920, 1, 0, 0
595049, 940, 1, 0, 0
595149, 960, 1, 0, 0
595249, 959, 1, 0, 0
595349, 1000, 1, 0, 0
595449, 970, 1, 0, 0
595549, 990, 1, 0, 0
595649, 970, 1, 0, 0
595749, 980, 1, 0, 0
595849, 960, 1, 0, 0
595949, 970, 1, 0, 0
596049, 940, 1, 0, 0
596149, 960, 1, 0, 0
596250, 980, 1, 0, 0
596350, 960, 1, 0, 0
596450, 990, 1, 0, 0
596550, 1020, 1, 0, 0
596650, 990, 1, 0, 0
596749, 969, 1, 0, 0
596849, 980, 1, 0, 0
596949, 930, 1, 0, 0
597049, 960, 1, 0, 0
597149, 1000, 1, 0, 0
597249, 980, 1, 0, 0
597350, 1030, 1, 0, 0
597450, 990, 1, 0, 0
597550, 1000, 1, 0, 0
597650, 990, 1, 0, 0
597749, 929, 1, 0, 0
597849, 1010, 1, 0, 0
597949, 1030, 1, 0, 0
598049, 1050, 1, 0, 0
598149, 980, 1, 0, 0
598249, 990, 1, 0, 0
598349, 1000, 1, 0, 0
598449, 1000, 1, 0, 0
598550, 980, 1, 0, 0
598650, 990, 1, 0, 0
598749, 1000, 1, 0, 0
598849, 990, 1, 0, 0
598949, 980, 1, 0, 0
599049, 1000, 1, 0, 0
599149, 1030, 1, 0, 0
599249, 1000, 1, 0, 0
599349, 1010, 1, 0, 0
599449, 970, 1, 0, 0
599550, 1020, 1, 0, 0
599650, 960, 1, 0, 0
599749, 969, 1, 0, 0
599849, 980, 1, 0, 0
599949, 960, 1, 0, 0
