100, 20299, 1, 0, 0
200, 19980, 1, 0, 0
300, 13159, 1, 0, 0
400, 14510, 1, 0, 0
500, 18432, 1, 0, 0
601, 18724, 1, 0, 0
700, 13153, 1, 0, 0
800, 12078, 1, 0, 0
901, 18840, 1, 0, 0
1000, 14232, 1, 0, 0
1100, 19701, 1, 0, 0
1200, 15233, 1, 0, 0
1300, 15619, 1, 0, 0
1400, 14742, 1, 0, 0
1500, 12242, 1, 0, 0
1601, 13220, 1, 0, 0
1700, 16282, 1, 0, 0
1800, 16600, 1, 0, 0
1900, 14647, 1, 0, 0
2000, 16755, 1, 0, 0
2101, 15916, 1, 0, 0
2201, 15814, 1, 0, 0
2300, 13565, 1, 0, 0
2400, 17097, 1, 0, 0
2501, 16914, 1, 0, 0
2600, 16505, 1, 0, 0
2700, 14371, 1, 0, 0
2800, 15036, 1, 0, 0
2900, 14342, 1, 0, 0
3000, 17706, 1, 0, 0
3100, 21226, 1, 0, 0
3200, 12737, 1, 0, 0
3301, 16927, 1, 0, 0
3401, 15457, 1, 0, 0
3500, 13564, 1, 0, 0
3600, 15859, 1, 0, 0
3700, 17381, 1, 0, 0
3801, 17068, 1, 0, 0
3900, 16967, 1, 0, 0
4000, 14327, 1, 0, 0
4100, 19997, 1, 0, 0
4200, 16303, 1, 0, 0
4300, 19693, 1, 0, 0
4400, 16003, 1, 0, 0
4500, 14311, 1, 0, 0
4600, 14097, 1, 0, 0
4700, 15104, 1, 0, 0
4800, 16131, 1, 0, 0
4900, 19650, 1, 0, 0
5000, 14024, 1, 0, 0
5100, 16176, 1, 0, 0
5201, 18822, 1, 0, 0
5300, 13424, 1, 0, 0
5400, 19283, 1, 0, 0
5501, 17343, 1, 0, 0
5600, 13881, 1, 0, 0
5701, 15347, 1, 0, 0
5800, 15243, 1, 0, 0
5902, 13713, 1, 0, 0
6000, 18121, 1, 0, 0
6100, 16817, 1, 0, 0
6200, 13933, 1, 0, 0
6301, 15938, 1, 0, 0
6400, 16041, 1, 0, 0
6500, 16898, 1, 0, 0
6600, 13590, 1, 0, 0
6700, 12813, 1, 0, 0
6800, 16835, 1, 0, 0
6900, 16121, 1, 0, 0
7000, 20920, 1, 0, 0
7100, 17386, 1, 0, 0
7200, 15860, 1, 0, 0
7301, 13801, 1, 0, 0
7401, 14777, 1, 0, 0
7500, 16936, 1, 0, 0
7600, 16583, 1, 0, 0
7700, 17128, 1, 0, 0
7800, 17526, 1, 0, 0
7900, 14982, 1, 0, 0
8001, 16203, 1, 0, 0
8100, 16305, 1, 0, 0
8200, 14110, 1, 0, 0
8301, 18178, 1, 0, 0
8400, 18553, 1, 0, 0
8500, 15776, 1, 0, 0
8600, 15400, 1, 0, 0
8700, 13778, 1, 0, 0
8800, 12589, 1, 0, 0
8900, 17127, 1, 0, 0
9001, 13460, 1, 0, 0
9101, 16166, 1, 0, 0
9201, 14998, 1, 0, 0
9300, 21229, 1, 0, 0
9400, 18779, 1, 0, 0
9500, 13486, 1, 0, 0
9601, 14313, 1, 0, 0
9701, 13755, 1, 0, 0
9800, 19053, 1, 0, 0
9901, 15310, 1, 0, 0
10001, 13624, 1, 0, 0
10100, 14846, 1, 0, 0
10200, 14432, 1, 0, 0
10300, 14384, 1, 0, 0
10400, 12944, 1, 0, 0
10500, 13369, 1, 0, 0
10601, 16076, 1, 0, 0
10700, 19374, 1, 0, 0
10800, 15297, 1, 0, 0
10900, 15710, 1, 0, 0
11000, 18353, 1, 0, 0
11100, 14346, 1, 0, 0
11201, 14427, 1, 0, 0
11300, 16098, 1, 0, 0
11400, 14100, 1, 0, 0
11500, 15776, 1, 0, 0
11600, 15900, 1, 0, 0
11700, 14825, 1, 0, 0
11800, 14416, 1, 0, 0
11900, 13570, 1, 0, 0
12000, 17216, 1, 0, 0
12100, 14766, 1, 0, 0
12200, 16927, 1, 0, 0
12300, 16093, 1, 0, 0
12401, 14627, 1, 0, 0
12500, 16790, 1, 0, 0
12600, 16917, 1, 0, 0
12700, 17626, 1, 0, 0
12801, 17812, 1, 0, 0
12900, 15022, 1, 0, 0
13000, 12890, 1, 0, 0
13100, 18076, 1, 0, 0
13200, 15234, 1, 0, 0
13301, 13940, 1, 0, 0
13400, 13564, 1, 0, 0
13501, 16804, 1, 0, 0
13600, 15933, 1, 0, 0
13700, 12703, 1, 0, 0
13800, 16144, 1, 0, 0
13900, 20073, 1, 0, 0
14000, 16799, 1, 0, 0
14101, 18004, 1, 0, 0
14200, 20323, 1, 0, 0
14300, 16796, 1, 0, 0
14401, 20244, 1, 0, 0
14501, 13053, 1, 0, 0
14601, 18045, 1, 0, 0
14701, 18154, 1, 0, 0
14800, 14282, 1, 0, 0
14900, 19435, 1, 0, 0
15000, 13991, 1, 0, 0
15100, 13058, 1, 0, 0
15200, 16909, 1, 0, 0
15301, 14414, 1, 0, 0
15400, 16685, 1, 0, 0
15501, 15008, 1, 0, 0
15601, 17288, 1, 0, 0
15701, 16763, 1, 0, 0
15801, 16677, 1, 0, 0
15901, 15244, 1, 0, 0
16000, 13282, 1, 0, 0
16101, 14039, 1, 0, 0
16201, 14282, 1, 0, 0
16300, 12380, 1, 0, 0
16401, 20463, 1, 0, 0
16501, 15105, 1, 0, 0
16601, 13826, 1, 0, 0
16700, 13443, 1, 0, 0
16800, 17784, 1, 0, 0
16901, 14593, 1, 0, 0
17000, 16746, 1, 0, 0
17100, 13992, 1, 0, 0
17201, 16437, 1, 0, 0
17300, 13785, 1, 0, 0
17400, 15564, 1, 0, 0
17500, 12643, 1, 0, 0
17600, 15036, 1, 0, 0
17700, 16343, 1, 0, 0
17800, 17530, 1, 0, 0
17900, 14793, 1, 0, 0
18000, 12178, 1, 0, 0
18100, 14742, 1, 0, 0
18200, 17473, 1, 0, 0
18300, 15278, 1, 0, 0
18400, 17297, 1, 0, 0
18500, 16546, 1, 0, 0
18600, 14972, 1, 0, 0
18700, 16386, 1, 0, 0
18800, 13146, 1, 0, 0
18901, 12461, 1, 0, 0
19000, 12435, 1, 0, 0
19100, 18461, 1, 0, 0
19201, 20122, 1, 0, 0
19300, 16849, 1, 0, 0
19400, 13096, 1, 0, 0
19500, 15339, 1, 0, 0
19601, 15469, 1, 0, 0
19700, 13551, 1, 0, 0
19801, 17106, 1, 0, 0
19900, 17160, 1, 0, 0
20003, 14703, 1, 0, 0
20100, 13964, 1, 0, 0
20200, 13597, 1, 0, 0
20301, 14403, 1, 0, 0
20401, 18904, 1, 0, 0
20500, 16678, 1, 0, 0
20600, 13410, 1, 0, 0
20700, 16290, 1, 0, 0
20800, 13409, 1, 0, 0
20900, 15824, 1, 0, 0
21000, 17132, 1, 0, 0
21100, 12286, 1, 0, 0
21200, 12959, 1, 0, 0
21300, 16160, 1, 0, 0
21400, 15472, 1, 0, 0
21500, 15196, 1, 0, 0
21600, 15035, 1, 0, 0
21700, 13785, 1, 0, 0
21800, 14552, 1, 0, 0
21900, 14456, 1, 0, 0
22001, 14621, 1, 0, 0
22100, 16739, 1, 0, 0
22200, 13937, 1, 0, 0
22300, 15288, 1, 0, 0
22401, 15373, 1, 0, 0
22500, 19681, 1, 0, 0
22600, 15297, 1, 0, 0
22700, 16244, 1, 0, 0
22800, 20130, 1, 0, 0
22900, 16707, 1, 0, 0
23000, 15840, 1, 0, 0
23100, 13293, 1, 0, 0
23201, 13826, 1, 0, 0
23300, 17625, 1, 0, 0
23401, 13586, 1, 0, 0
23500, 17471, 1, 0, 0
23600, 18190, 1, 0, 0
23700, 14686, 1, 0, 0
23800, 17773, 1, 0, 0
23901, 15362, 1, 0, 0
24002, 13568, 1, 0, 0
24101, 13374, 1, 0, 0
24200, 16081, 1, 0, 0
24301, 17510, 1, 0, 0
24401, 11976, 1, 0, 0
24500, 13496, 1, 0, 0
24600, 17620, 1, 0, 0
24700, 18993, 1, 0, 0
24800, 14767, 1, 0, 0
24900, 15467, 1, 0, 0
25000, 16995, 1, 0, 0
25101, 16212, 1, 0, 0
25200, 15457, 1, 0, 0
25300, 14604, 1, 0, 0
25400, 15812, 1, 0, 0
25500, 14809, 1, 0, 0
25601, 17400, 1, 0, 0
25700, 15393, 1, 0, 0
25800, 17995, 1, 0, 0
25900, 16880, 1, 0, 0
26000, 16014, 1, 0, 0
26100, 13678, 1, 0, 0
26200, 15265, 1, 0, 0
26301, 12691, 1, 0, 0
26401, 13325, 1, 0, 0
26500, 17934, 1, 0, 0
26600, 15714, 1, 0, 0
26700, 16488, 1, 0, 0
26800, 17039, 1, 0, 0
26901, 13697, 1, 0, 0
27000, 15423, 1, 0, 0
27100, 15239, 1, 0, 0
27201, 18527, 1, 0, 0
27300, 16111, 1, 0, 0
27400, 18946, 1, 0, 0
27500, 16890, 1, 0, 0
27600, 13145, 1, 0, 0
27700, 12636, 1, 0, 0
27800, 17016, 1, 0, 0
27900, 17907, 1, 0, 0
28000, 15960, 1, 0, 0
28100, 12952, 1, 0, 0
28200, 13989, 1, 0, 0
28300, 13574, 1, 0, 0
28400, 14907, 1, 0, 0
28501, 15865, 1, 0, 0
28600, 13906, 1, 0, 0
28700, 16553, 1, 0, 0
28800, 15377, 1, 0, 0
28901, 19187, 1, 0, 0
29000, 20922, 1, 0, 0
29100, 19771, 1, 0, 0
29200, 13333, 1, 0, 0
29300, 14851, 1, 0, 0
29400, 18413, 1, 0, 0
29500, 14404, 1, 0, 0
29600, 14837, 1, 0, 0
29700, 17122, 1, 0, 0
29801, 15412, 1, 0, 0
29900, 18380, 1, 0, 0
30000, 17379, 1, 0, 0
30100, 15095, 1, 0, 0
30201, 18958, 1, 0, 0
30300, 18147, 1, 0, 0
30400, 13631, 1, 0, 0
30500, 19768, 1, 0, 0
30601, 18855, 1, 0, 0
30700, 14634, 1, 0, 0
30800, 17573, 1, 0, 0
30901, 14502, 1, 0, 0
31000, 17645, 1, 0, 0
31100, 17312, 1, 0, 0
31200, 15576, 1, 0, 0
31301, 18229, 1, 0, 0
31400, 17094, 1, 0, 0
31500, 15471, 1, 0, 0
31601, 18885, 1, 0, 0
31701, 17905, 1, 0, 0
31800, 16866, 1, 0, 0
31900, 16089, 1, 0, 0
32000, 16354, 1, 0, 0
32101, 20240, 1, 0, 0
32200, 15782, 1, 0, 0
32301, 18693, 1, 0, 0
32400, 20397, 1, 0, 0
32500, 15492, 1, 0, 0
32600, 15015, 1, 0, 0
32701, 14009, 1, 0, 0
32800, 14636, 1, 0, 0
32900, 16979, 1, 0, 0
33001, 13724, 1, 0, 0
33100, 15774, 1, 0, 0
33200, 13531, 1, 0, 0
33301, 14028, 1, 0, 0
33400, 12676, 1, 0, 0
33501, 17818, 1, 0, 0
33601, 15009, 1, 0, 0
33700, 16226, 1, 0, 0
33800, 14056, 1, 0, 0
33900, 16316, 1, 0, 0
34000, 17544, 1, 0, 0
34101, 17301, 1, 0, 0
34201, 12835, 1, 0, 0
34300, 12716, 1, 0, 0
34401, 16746, 1, 0, 0
34500, 20833, 1, 0, 0
34600, 13131, 1, 0, 0
34701, 20586, 1, 0, 0
34800, 17548, 1, 0, 0
34900, 15820, 1, 0, 0
35000, 15998, 1, 0, 0
35100, 13998, 1, 0, 0
35201, 14230, 1, 0, 0
35300, 14544, 1, 0, 0
35400, 13332, 1, 0, 0
35500, 13195, 1, 0, 0
35601, 17129, 1, 0, 0
35700, 20646, 1, 0, 0
35800, 15307, 1, 0, 0
35900, 15599, 1, 0, 0
36001, 16030, 1, 0, 0
36100, 13484, 1, 0, 0
36200, 18344, 1, 0, 0
36300, 20889, 1, 0, 0
36400, 15243, 1, 0, 0
36500, 19951, 1, 0, 0
36600, 15582, 1, 0, 0
36700, 17995, 1, 0, 0
36800, 15999, 1, 0, 0
36901, 14709, 1, 0, 0
37000, 14995, 1, 0, 0
37100, 18077, 1, 0, 0
37200, 17050, 1, 0, 0
37300, 19073, 1, 0, 0
37401, 16150, 1, 0, 0
37500, 15412, 1, 0, 0
37600, 15780, 1, 0, 0
37701, 14251, 1, 0, 0
37800, 17606, 1, 0, 0
37900, 15328, 1, 0, 0
38000, 13955, 1, 0, 0
38100, 14313, 1, 0, 0
38200, 17549, 1, 0, 0
38300, 17353, 1, 0, 0
38400, 15072, 1, 0, 0
38500, 15321, 1, 0, 0
38600, 16642, 1, 0, 0
38700, 15652, 1, 0, 0
38800, 16817, 1, 0, 0
38900, 14120, 1, 0, 0
39000, 12976, 1, 0, 0
39100, 13603, 1, 0, 0
39201, 18426, 1, 0, 0
39300, 15726, 1, 0, 0
39400, 14772, 1, 0, 0
39500, 14876, 1, 0, 0
39601, 15894, 1, 0, 0
39700, 12664, 1, 0, 0
39800, 17255, 1, 0, 0
39902, 13342, 1, 0, 0
40001, 14200, 1, 0, 0
40100, 17207, 1, 0, 0
40201, 17222, 1, 0, 0
40300, 16429, 1, 0, 0
40400, 15062, 1, 0, 0
40500, 16763, 1, 0, 0
40601, 17212, 1, 0, 0
40700, 16248, 1, 0, 0
40801, 13118, 1, 0, 0
40900, 14777, 1, 0, 0
41000, 14574, 1, 0, 0
41101, 14477, 1, 0, 0
41200, 15402, 1, 0, 0
41300, 17858, 1, 0, 0
41400, 13944, 1, 0, 0
41500, 19918, 1, 0, 0
41600, 16803, 1, 0, 0
41701, 16699, 1, 0, 0
41800, 16183, 1, 0, 0
41900, 14038, 1, 0, 0
42000, 15604, 1, 0, 0
42100, 15840, 1, 0, 0
42200, 14540, 1, 0, 0
42300, 18241, 1, 0, 0
42400, 18237, 1, 0, 0
42501, 15524, 1, 0, 0
42600, 14245, 1, 0, 0
42700, 16221, 1, 0, 0
42800, 17325, 1, 0, 0
42901, 13285, 1, 0, 0
43000, 14142, 1, 0, 0
43101, 13154, 1, 0, 0
43200, 14641, 1, 0, 0
43300, 16228, 1, 0, 0
43400, 14248, 1, 0, 0
43500, 14028, 1, 0, 0
43600, 16421, 1, 0, 0
43701, 17640, 1, 0, 0
43800, 14635, 1, 0, 0
43900, 16581, 1, 0, 0
44000, 14478, 1, 0, 0
44101, 15128, 1, 0, 0
44200, 14344, 1, 0, 0
44301, 16449, 1, 0, 0
44400, 14969, 1, 0, 0
44500, 14995, 1, 0, 0
44600, 13031, 1, 0, 0
44700, 16761, 1, 0, 0
44800, 14618, 1, 0, 0
44900, 14830, 1, 0, 0
45000, 15589, 1, 0, 0
45101, 15771, 1, 0, 0
45200, 13454, 1, 0, 0
45301, 14169, 1, 0, 0
45400, 16853, 1, 0, 0
45500, 18931, 1, 0, 0
45600, 14168, 1, 0, 0
45700, 16214, 1, 0, 0
45800, 13950, 1, 0, 0
45900, 17846, 1, 0, 0
46000, 13989, 1, 0, 0
46101, 17640, 1, 0, 0
46201, 17166, 1, 0, 0
46300, 14404, 1, 0, 0
46400, 16041, 1, 0, 0
46501, 17313, 1, 0, 0
46600, 17423, 1, 0, 0
46700, 15778, 1, 0, 0
46801, 17455, 1, 0, 0
46900, 14745, 1, 0, 0
47000, 12800, 1, 0, 0
47100, 16992, 1, 0, 0
47201, 17089, 1, 0, 0
47300, 15435, 1, 0, 0
47401, 14069, 1, 0, 0
47500, 19014, 1, 0, 0
47600, 20051, 1, 0, 0
47701, 14799, 1, 0, 0
47800, 19214, 1, 0, 0
47900, 14830, 1, 0, 0
48001, 13128, 1, 0, 0
48100, 14489, 1, 0, 0
48200, 13875, 1, 0, 0
48300, 16836, 1, 0, 0
48401, 14841, 1, 0, 0
48500, 13583, 1, 0, 0
48600, 13308, 1, 0, 0
48700, 14002, 1, 0, 0
48801, 13317, 1, 0, 0
48900, 14306, 1, 0, 0
49001, 15767, 1, 0, 0
49100, 12558, 1, 0, 0
49202, 14954, 1, 0, 0
49301, 19179, 1, 0, 0
49400, 17910, 1, 0, 0
49500, 14555, 1, 0, 0
49601, 16695, 1, 0, 0
49700, 21104, 1, 0, 0
49801, 16081, 1, 0, 0
49900, 15311, 1, 0, 0
50000, 16445, 1, 0, 0
50100, 15155, 1, 0, 0
50200, 12716, 1, 0, 0
50300, 12898, 1, 0, 0
50400, 14074, 1, 0, 0
50500, 16127, 1, 0, 0
50600, 14488, 1, 0, 0
50700, 14261, 1, 0, 0
50800, 16078, 1, 0, 0
50900, 17511, 1, 0, 0
51001, 13830, 1, 0, 0
51100, 14182, 1, 0, 0
51200, 14263, 1, 0, 0
51300, 13707, 1, 0, 0
51401, 15845, 1, 0, 0
51500, 15892, 1, 0, 0
51601, 16381, 1, 0, 0
51701, 17794, 1, 0, 0
51800, 19576, 1, 0, 0
51900, 14217, 1, 0, 0
52001, 14862, 1, 0, 0
52101, 17229, 1, 0, 0
52200, 17105, 1, 0, 0
52300, 13660, 1, 0, 0
52400, 16829, 1, 0, 0
52500, 16403, 1, 0, 0
52600, 16439, 1, 0, 0
52700, 15168, 1, 0, 0
52800, 16905, 1, 0, 0
52901, 14545, 1, 0, 0
53001, 19196, 1, 0, 0
53100, 16014, 1, 0, 0
53200, 17745, 1, 0, 0
53301, 19138, 1, 0, 0
53400, 20213, 1, 0, 0
53500, 14766, 1, 0, 0
53600, 12490, 1, 0, 0
53700, 11620, 1, 0, 0
53800, 16125, 1, 0, 0
53900, 15523, 1, 0, 0
54000, 14424, 1, 0, 0
54101, 17065, 1, 0, 0
54201, 13873, 1, 0, 0
54300, 13633, 1, 0, 0
54400, 14427, 1, 0, 0
54500, 18446, 1, 0, 0
54600, 13118, 1, 0, 0
54700, 15420, 1, 0, 0
54801, 17983, 1, 0, 0
54900, 15673, 1, 0, 0
55001, 17610, 1, 0, 0
55100, 16335, 1, 0, 0
55200, 13121, 1, 0, 0
55301, 12462, 1, 0, 0
55401, 13477, 1, 0, 0
55501, 13046, 1, 0, 0
55600, 13587, 1, 0, 0
55700, 14701, 1, 0, 0
55801, 13031, 1, 0, 0
55900, 12959, 1, 0, 0
56001, 16333, 1, 0, 0
56100, 12900, 1, 0, 0
56200, 15166, 1, 0, 0
56300, 19421, 1, 0, 0
56400, 14965, 1, 0, 0
56500, 14178, 1, 0, 0
56600, 16894, 1, 0, 0
56701, 19479, 1, 0, 0
56801, 14508, 1, 0, 0
56900, 13960, 1, 0, 0
57000, 14915, 1, 0, 0
57100, 13551, 1, 0, 0
57200, 14569, 1, 0, 0
57301, 17357, 1, 0, 0
57401, 15465, 1, 0, 0
57500, 14814, 1, 0, 0
57600, 13643, 1, 0, 0
57701, 18318, 1, 0, 0
57801, 16764, 1, 0, 0
57900, 15594, 1, 0, 0
58000, 14428, 1, 0, 0
58100, 15008, 1, 0, 0
58200, 19672, 1, 0, 0
58300, 16785, 1, 0, 0
58400, 14539, 1, 0, 0
58500, 13754, 1, 0, 0
58600, 13943, 1, 0, 0
58701, 16369, 1, 0, 0
58801, 13384, 1, 0, 0
58900, 16466, 1, 0, 0
59000, 17204, 1, 0, 0
59100, 17084, 1, 0, 0
59201, 12713, 1, 0, 0
59302, 18258, 1, 0, 0
59400, 14798, 1, 0, 0
59500, 13565, 1, 0, 0
59600, 15446, 1, 0, 0
59700, 16698, 1, 0, 0
59800, 20034, 1, 0, 0
59900, 13106, 1, 0, 0
60001, 14391, 1, 0, 0
60101, 18502, 1, 0, 0
60200, 15612, 1, 0, 0
60300, 14302, 1, 0, 0
60400, 15209, 1, 0, 0
60500, 15856, 1, 0, 0
60600, 14525, 1, 0, 0
60700, 13252, 1, 0, 0
60800, 15475, 1, 0, 0
60900, 13813, 1, 0, 0
61000, 13825, 1, 0, 0
61100, 18087, 1, 0, 0
61201, 12907, 1, 0, 0
61300, 18238, 1, 0, 0
61400, 18739, 1, 0, 0
61501, 16362, 1, 0, 0
61600, 12934, 1, 0, 0
61700, 14170, 1, 0, 0
61801, 14633, 1, 0, 0
61900, 16121, 1, 0, 0
62001, 13840, 1, 0, 0
62101, 15208, 1, 0, 0
62200, 17801, 1, 0, 0
62301, 15295, 1, 0, 0
62401, 15056, 1, 0, 0
62500, 13755, 1, 0, 0
62600, 12419, 1, 0, 0
62700, 12781, 1, 0, 0
62801, 11908, 1, 0, 0
62900, 16701, 1, 0, 0
63000, 13272, 1, 0, 0
63100, 12976, 1, 0, 0
63200, 17101, 1, 0, 0
63300, 16408, 1, 0, 0
63401, 12143, 1, 0, 0
63500, 19867, 1, 0, 0
63601, 15791, 1, 0, 0
63700, 17460, 1, 0, 0
63800, 13464, 1, 0, 0
63900, 12903, 1, 0, 0
64000, 17777, 1, 0, 0
64101, 15481, 1, 0, 0
64200, 14164, 1, 0, 0
64300, 14924, 1, 0, 0
64400, 14833, 1, 0, 0
64500, 12769, 1, 0, 0
64600, 15146, 1, 0, 0
64701, 14771, 1, 0, 0
64800, 15316, 1, 0, 0
64900, 14278, 1, 0, 0
65001, 19423, 1, 0, 0
65100, 15269, 1, 0, 0
65201, 18809, 1, 0, 0
65300, 14094, 1, 0, 0
65400, 15376, 1, 0, 0
65500, 14912, 1, 0, 0
65601, 16168, 1, 0, 0
65700, 14698, 1, 0, 0
65800, 17602, 1, 0, 0
65900, 17202, 1, 0, 0
66000, 16838, 1, 0, 0
66100, 18318, 1, 0, 0
66200, 13328, 1, 0, 0
66300, 13612, 1, 0, 0
66400, 15637, 1, 0, 0
66500, 15228, 1, 0, 0
66600, 14067, 1, 0, 0
66700, 17227, 1, 0, 0
66800, 13620, 1, 0, 0
66900, 15967, 1, 0, 0
67000, 16069, 1, 0, 0
67100, 16636, 1, 0, 0
67201, 17352, 1, 0, 0
67301, 19221, 1, 0, 0
67400, 19124, 1, 0, 0
67500, 13884, 1, 0, 0
67600, 15564, 1, 0, 0
67700, 14189, 1, 0, 0
67800, 15335, 1, 0, 0
67901, 16291, 1, 0, 0
68000, 16588, 1, 0, 0
68100, 15322, 1, 0, 0
68201, 19827, 1, 0, 0
68300, 17395, 1, 0, 0
68400, 18585, 1, 0, 0
68500, 15505, 1, 0, 0
68601, 13232, 1, 0, 0
68700, 16684, 1, 0, 0
68800, 15515, 1, 0, 0
68900, 16976, 1, 0, 0
69001, 14268, 1, 0, 0
69101, 12976, 1, 0, 0
69201, 17482, 1, 0, 0
69300, 19539, 1, 0, 0
69400, 18355, 1, 0, 0
69501, 16660, 1, 0, 0
69601, 16640, 1, 0, 0
69700, 17211, 1, 0, 0
69800, 16207, 1, 0, 0
69900, 17153, 1, 0, 0
70001, 15804, 1, 0, 0
70100, 18927, 1, 0, 0
70200, 14117, 1, 0, 0
70300, 16487, 1, 0, 0
70401, 17505, 1, 0, 0
70500, 13153, 1, 0, 0
70600, 14302, 1, 0, 0
70700, 13924, 1, 0, 0
70801, 17141, 1, 0, 0
70901, 19520, 1, 0, 0
71001, 15960, 1, 0, 0
71100, 15377, 1, 0, 0
71200, 14658, 1, 0, 0
71300, 13208, 1, 0, 0
71400, 14600, 1, 0, 0
71500, 13933, 1, 0, 0
71600, 16297, 1, 0, 0
71700, 14543, 1, 0, 0
71801, 15724, 1, 0, 0
71901, 15783, 1, 0, 0
72000, 13122, 1, 0, 0
72100, 13779, 1, 0, 0
72200, 13768, 1, 0, 0
72301, 13952, 1, 0, 0
72400, 13744, 1, 0, 0
72500, 14526, 1, 0, 0
72601, 15639, 1, 0, 0
72700, 15191, 1, 0, 0
72800, 14123, 1, 0, 0
72900, 13485, 1, 0, 0
73001, 15488, 1, 0, 0
73100, 14352, 1, 0, 0
73201, 13678, 1, 0, 0
73300, 12800, 1, 0, 0
73400, 14720, 1, 0, 0
73500, 14833, 1, 0, 0
73600, 17316, 1, 0, 0
73700, 13684, 1, 0, 0
73800, 13357, 1, 0, 0
73900, 14118, 1, 0, 0
74000, 15638, 1, 0, 0
74100, 15026, 1, 0, 0
74201, 14270, 1, 0, 0
74300, 12849, 1, 0, 0
74400, 19028, 1, 0, 0
74501, 16009, 1, 0, 0
74600, 16965, 1, 0, 0
74700, 14893, 1, 0, 0
74800, 14244, 1, 0, 0
74901, 14472, 1, 0, 0
75000, 13616, 1, 0, 0
75100, 13683, 1, 0, 0
75201, 13311, 1, 0, 0
75300, 16428, 1, 0, 0
75400, 15853, 1, 0, 0
75500, 15931, 1, 0, 0
75600, 17587, 1, 0, 0
75701, 13630, 1, 0, 0
75800, 15287, 1, 0, 0
75900, 19364, 1, 0, 0
76000, 17085, 1, 0, 0
76100, 18268, 1, 0, 0
76200, 17981, 1, 0, 0
76300, 18101, 1, 0, 0
76400, 16562, 1, 0, 0
76500, 15349, 1, 0, 0
76600, 13760, 1, 0, 0
76700, 14608, 1, 0, 0
76800, 14585, 1, 0, 0
76901, 13803, 1, 0, 0
77000, 13507, 1, 0, 0
77100, 14985, 1, 0, 0
77200, 18354, 1, 0, 0
77300, 17190, 1, 0, 0
77400, 18339, 1, 0, 0
77500, 16205, 1, 0, 0
77600, 17286, 1, 0, 0
77700, 14731, 1, 0, 0
77800, 15420, 1, 0, 0
77900, 16025, 1, 0, 0
78000, 15732, 1, 0, 0
78101, 20636, 1, 0, 0
78200, 19645, 1, 0, 0
78301, 14961, 1, 0, 0
78400, 15609, 1, 0, 0
78500, 14677, 1, 0, 0
78600, 19833, 1, 0, 0
78700, 14611, 1, 0, 0
78800, 13017, 1, 0, 0
78900, 15759, 1, 0, 0
79000, 17490, 1, 0, 0
79102, 16768, 1, 0, 0
79200, 16675, 1, 0, 0
79300, 19315, 1, 0, 0
79400, 16740, 1, 0, 0
79500, 14581, 1, 0, 0
79601, 18900, 1, 0, 0
79700, 20900, 1, 0, 0
79800, 17143, 1, 0, 0
79900, 17941, 1, 0, 0
80001, 17403, 1, 0, 0
80100, 15424, 1, 0, 0
80200, 15062, 1, 0, 0
80300, 14551, 1, 0, 0
80400, 16909, 1, 0, 0
80500, 19373, 1, 0, 0
80601, 15385, 1, 0, 0
80700, 18322, 1, 0, 0
80800, 19250, 1, 0, 0
80900, 17112, 1, 0, 0
81000, 16040, 1, 0, 0
81100, 20336, 1, 0, 0
81201, 18657, 1, 0, 0
81301, 15788, 1, 0, 0
81400, 17277, 1, 0, 0
81502, 17469, 1, 0, 0
81600, 15345, 1, 0, 0
81703, 16696, 1, 0, 0
81800, 21075, 1, 0, 0
81901, 17118, 1, 0, 0
82000, 16737, 1, 0, 0
82100, 14477, 1, 0, 0
82201, 15722, 1, 0, 0
82300, 15367, 1, 0, 0
82400, 19721, 1, 0, 0
82500, 18427, 1, 0, 0
82600, 16558, 1, 0, 0
82701, 16489, 1, 0, 0
82800, 17754, 1, 0, 0
82900, 13357, 1, 0, 0
83000, 14957, 1, 0, 0
83101, 14465, 1, 0, 0
83200, 17901, 1, 0, 0
83300, 15577, 1, 0, 0
83401, 16413, 1, 0, 0
83500, 16019, 1, 0, 0
83600, 16895, 1, 0, 0
83700, 14011, 1, 0, 0
83800, 14413, 1, 0, 0
83900, 16531, 1, 0, 0
84001, 15710, 1, 0, 0
84100, 15129, 1, 0, 0
84200, 15806, 1, 0, 0
84300, 15425, 1, 0, 0
84401, 15014, 1, 0, 0
84500, 14094, 1, 0, 0
84600, 14844, 1, 0, 0
84700, 18447, 1, 0, 0
84800, 17866, 1, 0, 0
84900, 16602, 1, 0, 0
85000, 16370, 1, 0, 0
85100, 14705, 1, 0, 0
85200, 13155, 1, 0, 0
85300, 17478, 1, 0, 0
85400, 18780, 1, 0, 0
85500, 13750, 1, 0, 0
85601, 13905, 1, 0, 0
85700, 18172, 1, 0, 0
85800, 19748, 1, 0, 0
85901, 18815, 1, 0, 0
86000, 18192, 1, 0, 0
86100, 14017, 1, 0, 0
86200, 17792, 1, 0, 0
86301, 17114, 1, 0, 0
86400, 15152, 1, 0, 0
86501, 16878, 1, 0, 0
86600, 14902, 1, 0, 0
86700, 15570, 1, 0, 0
86800, 14348, 1, 0, 0
86900, 16114, 1, 0, 0
87001, 16734, 1, 0, 0
87100, 15927, 1, 0, 0
87200, 16488, 1, 0, 0
87301, 14893, 1, 0, 0
87400, 13692, 1, 0, 0
87501, 15038, 1, 0, 0
87600, 18311, 1, 0, 0
87700, 14194, 1, 0, 0
87801, 16242, 1, 0, 0
87900, 16569, 1, 0, 0
88001, 15869, 1, 0, 0
88100, 21267, 1, 0, 0
88201, 14196, 1, 0, 0
88300, 14711, 1, 0, 0
88400, 14260, 1, 0, 0
88501, 16550, 1, 0, 0
88600, 18654, 1, 0, 0
88700, 16764, 1, 0, 0
88800, 15218, 1, 0, 0
88900, 21587, 1, 0, 0
89000, 17179, 1, 0, 0
89100, 18422, 1, 0, 0
89200, 18682, 1, 0, 0
89300, 16947, 1, 0, 0
89401, 13928, 1, 0, 0
89500, 13202, 1, 0, 0
89601, 16297, 1, 0, 0
89700, 14574, 1, 0, 0
89800, 14908, 1, 0, 0
89900, 17959, 1, 0, 0
90000, 17311, 1, 0, 0
90100, 17218, 1, 0, 0
90200, 14926, 1, 0, 0
90300, 14311, 1, 0, 0
90400, 15131, 1, 0, 0
90500, 15275, 1, 0, 0
90600, 14914, 1, 0, 0
90700, 15747, 1, 0, 0
90800, 19597, 1, 0, 0
90900, 14618, 1, 0, 0
91000, 16092, 1, 0, 0
91100, 13695, 1, 0, 0
91201, 14546, 1, 0, 0
91300, 13697, 1, 0, 0
91400, 14260, 1, 0, 0
91501, 14361, 1, 0, 0
91600, 14444, 1, 0, 0
91701, 15086, 1, 0, 0
91801, 18122, 1, 0, 0
91900, 14252, 1, 0, 0
92000, 14591, 1, 0, 0
92100, 15661, 1, 0, 0
92200, 16755, 1, 0, 0
92300, 18063, 1, 0, 0
92401, 16457, 1, 0, 0
92500, 17122, 1, 0, 0
92600, 15910, 1, 0, 0
92701, 14806, 1, 0, 0
92800, 15654, 1, 0, 0
92900, 18075, 1, 0, 0
93000, 15750, 1, 0, 0
93100, 14695, 1, 0, 0
93200, 15971, 1, 0, 0
93301, 16042, 1, 0, 0
93401, 14431, 1, 0, 0
93500, 13429, 1, 0, 0
93600, 14373, 1, 0, 0
93700, 13751, 1, 0, 0
93800, 15386, 1, 0, 0
93900, 17647, 1, 0, 0
94001, 14555, 1, 0, 0
94101, 16653, 1, 0, 0
94200, 20299, 1, 0, 0
94300, 16585, 1, 0, 0
94400, 16025, 1, 0, 0
94500, 14386, 1, 0, 0
94600, 17276, 1, 0, 0
94700, 12743, 1, 0, 0
94801, 19164, 1, 0, 0
94900, 17552, 1, 0, 0
95001, 17306, 1, 0, 0
95101, 18735, 1, 0, 0
95200, 15660, 1, 0, 0
95301, 14277, 1, 0, 0
95400, 17449, 1, 0, 0
95500, 17599, 1, 0, 0
95600, 18268, 1, 0, 0
95700, 16535, 1, 0, 0
95800, 17118, 1, 0, 0
95900, 14116, 1, 0, 0
96000, 14341, 1, 0, 0
96100, 17005, 1, 0, 0
96201, 18658, 1, 0, 0
96300, 17435, 1, 0, 0
96400, 15155, 1, 0, 0
96500, 17830, 1, 0, 0
96601, 18302, 1, 0, 0
96701, 19922, 1, 0, 0
96800, 17942, 1, 0, 0
96900, 14562, 1, 0, 0
97001, 14523, 1, 0, 0
97100, 16150, 1, 0, 0
97200, 13950, 1, 0, 0
97300, 14471, 1, 0, 0
97400, 14368, 1, 0, 0
97500, 18972, 1, 0, 0
97600, 19916, 1, 0, 0
97701, 15201, 1, 0, 0
97800, 17537, 1, 0, 0
97900, 19224, 1, 0, 0
98000, 14357, 1, 0, 0
98101, 13278, 1, 0, 0
98200, 15694, 1, 0, 0
98300, 14311, 1, 0, 0
98400, 14820, 1, 0, 0
98500, 18355, 1, 0, 0
98600, 15859, 1, 0, 0
98700, 20617, 1, 0, 0
98800, 18157, 1, 0, 0
98901, 14679, 1, 0, 0
99000, 13950, 1, 0, 0
99100, 15980, 1, 0, 0
99200, 19049, 1, 0, 0
99301, 16055, 1, 0, 0
99400, 14596, 1, 0, 0
99501, 21830, 1, 0, 0
99601, 15058, 1, 0, 0
99700, 16913, 1, 0, 0
99800, 14577, 1, 0, 0
99900, 15979, 1, 0, 0
100001, 13421, 1, 0, 0
100100, 15676, 1, 0, 0
100200, 14670, 1, 0, 0
100300, 15807, 1, 0, 0
100400, 16956, 1, 0, 0
100500, 16162, 1, 0, 0
100600, 17370, 1, 0, 0
100700, 15346, 1, 0, 0
100800, 16996, 1, 0, 0
100900, 14596, 1, 0, 0
101000, 14548, 1, 0, 0
101100, 17029, 1, 0, 0
101200, 16517, 1, 0, 0
101300, 15848, 1, 0, 0
101400, 15291, 1, 0, 0
101500, 16562, 1, 0, 0
101600, 17279, 1, 0, 0
101700, 16651, 1, 0, 0
101801, 19344, 1, 0, 0
101900, 15546, 1, 0, 0
102000, 19778, 1, 0, 0
102100, 14422, 1, 0, 0
102201, 19168, 1, 0, 0
102300, 19266, 1, 0, 0
102400, 15452, 1, 0, 0
102500, 21074, 1, 0, 0
102600, 14388, 1, 0, 0
102700, 17088, 1, 0, 0
102800, 15633, 1, 0, 0
102900, 14808, 1, 0, 0
103000, 20250, 1, 0, 0
103100, 15303, 1, 0, 0
103200, 15819, 1, 0, 0
103300, 13906, 1, 0, 0
103400, 19676, 1, 0, 0
103500, 15755, 1, 0, 0
103600, 16601, 1, 0, 0
103701, 13471, 1, 0, 0
103800, 16127, 1, 0, 0
103900, 14462, 1, 0, 0
104000, 14213, 1, 0, 0
104101, 16013, 1, 0, 0
104200, 16528, 1, 0, 0
104301, 15329, 1, 0, 0
104400, 15465, 1, 0, 0
104500, 15826, 1, 0, 0
104600, 19597, 1, 0, 0
104700, 14566, 1, 0, 0
104801, 13726, 1, 0, 0
104900, 18651, 1, 0, 0
105000, 13943, 1, 0, 0
105100, 17234, 1, 0, 0
105201, 18382, 1, 0, 0
105300, 18189, 1, 0, 0
105400, 13653, 1, 0, 0
105500, 16084, 1, 0, 0
105600, 18061, 1, 0, 0
105700, 17017, 1, 0, 0
105800, 14391, 1, 0, 0
105900, 13216, 1, 0, 0
106000, 15702, 1, 0, 0
106100, 14824, 1, 0, 0
106200, 14409, 1, 0, 0
106300, 16544, 1, 0, 0
106401, 14949, 1, 0, 0
106501, 18004, 1, 0, 0
106600, 13987, 1, 0, 0
106700, 14670, 1, 0, 0
106800, 14485, 1, 0, 0
106900, 16155, 1, 0, 0
107000, 17572, 1, 0, 0
107100, 16989, 1, 0, 0
107200, 18308, 1, 0, 0
107301, 16623, 1, 0, 0
107400, 17866, 1, 0, 0
107500, 14937, 1, 0, 0
107602, 14723, 1, 0, 0
107700, 14062, 1, 0, 0
107800, 14987, 1, 0, 0
107900, 15739, 1, 0, 0
108000, 16300, 1, 0, 0
108100, 16813, 1, 0, 0
108201, 14951, 1, 0, 0
108302, 18389, 1, 0, 0
108400, 18311, 1, 0, 0
108500, 18770, 1, 0, 0
108600, 17520, 1, 0, 0
108700, 15358, 1, 0, 0
108800, 16231, 1, 0, 0
108900, 13395, 1, 0, 0
109000, 18449, 1, 0, 0
109100, 17111, 1, 0, 0
109200, 15867, 1, 0, 0
109300, 18645, 1, 0, 0
109400, 16953, 1, 0, 0
109501, 14376, 1, 0, 0
109600, 19549, 1, 0, 0
109700, 17121, 1, 0, 0
109800, 17308, 1, 0, 0
109900, 16743, 1, 0, 0
110000, 15323, 1, 0, 0
110101, 16266, 1, 0, 0
110200, 15029, 1, 0, 0
110300, 16588, 1, 0, 0
110400, 15540, 1, 0, 0
110500, 16761, 1, 0, 0
110600, 16131, 1, 0, 0
110700, 13842, 1, 0, 0
110800, 18669, 1, 0, 0
110900, 16084, 1, 0, 0
111000, 15413, 1, 0, 0
111100, 16038, 1, 0, 0
111201, 16208, 1, 0, 0
111300, 15169, 1, 0, 0
111401, 15871, 1, 0, 0
111501, 16529, 1, 0, 0
111601, 16744, 1, 0, 0
111700, 14343, 1, 0, 0
111801, 16775, 1, 0, 0
111900, 22577, 1, 0, 0
112000, 17038, 1, 0, 0
112100, 20470, 1, 0, 0
112200, 14346, 1, 0, 0
112300, 13848, 1, 0, 0
112400, 14967, 1, 0, 0
112500, 17991, 1, 0, 0
112600, 14182, 1, 0, 0
112701, 14181, 1, 0, 0
112800, 14481, 1, 0, 0
112900, 16281, 1, 0, 0
113000, 16858, 1, 0, 0
113100, 14484, 1, 0, 0
113200, 17978, 1, 0, 0
113301, 19467, 1, 0, 0
113400, 15180, 1, 0, 0
113500, 15447, 1, 0, 0
113600, 14118, 1, 0, 0
113700, 15573, 1, 0, 0
113800, 14037, 1, 0, 0
113900, 13592, 1, 0, 0
114000, 13571, 1, 0, 0
114100, 15161, 1, 0, 0
114201, 18296, 1, 0, 0
114301, 15223, 1, 0, 0
114400, 12906, 1, 0, 0
114500, 13714, 1, 0, 0
114600, 18063, 1, 0, 0
114700, 16527, 1, 0, 0
114800, 16615, 1, 0, 0
114900, 14104, 1, 0, 0
115000, 15119, 1, 0, 0
115101, 15706, 1, 0, 0
115200, 16002, 1, 0, 0
115300, 17187, 1, 0, 0
115401, 15384, 1, 0, 0
115500, 15037, 1, 0, 0
115600, 15055, 1, 0, 0
115700, 13776, 1, 0, 0
115800, 16350, 1, 0, 0
115900, 15190, 1, 0, 0
116000, 14679, 1, 0, 0
116100, 15868, 1, 0, 0
116200, 13982, 1, 0, 0
116300, 12775, 1, 0, 0
116400, 17687, 1, 0, 0
116500, 17641, 1, 0, 0
116600, 16569, 1, 0, 0
116700, 17729, 1, 0, 0
116801, 19471, 1, 0, 0
116900, 15610, 1, 0, 0
117000, 17021, 1, 0, 0
117101, 17348, 1, 0, 0
117200, 20400, 1, 0, 0
117300, 17932, 1, 0, 0
117400, 16534, 1, 0, 0
117500, 15289, 1, 0, 0
117600, 14131, 1, 0, 0
117700, 14931, 1, 0, 0
117800, 16973, 1, 0, 0
117900, 15465, 1, 0, 0
118000, 14706, 1, 0, 0
118100, 15474, 1, 0, 0
118200, 15036, 1, 0, 0
118300, 16086, 1, 0, 0
118400, 13825, 1, 0, 0
118500, 13228, 1, 0, 0
118600, 17877, 1, 0, 0
118700, 18303, 1, 0, 0
118800, 15121, 1, 0, 0
118900, 13964, 1, 0, 0
119000, 15099, 1, 0, 0
119100, 16558, 1, 0, 0
119200, 16330, 1, 0, 0
119300, 14998, 1, 0, 0
119400, 13827, 1, 0, 0
119501, 16503, 1, 0, 0
119600, 17367, 1, 0, 0
119700, 14000, 1, 0, 0
119800, 13779, 1, 0, 0
119900, 15178, 1, 0, 0
120000, 17520, 1, 0, 0
120100, 16148, 1, 0, 0
120202, 13544, 1, 0, 0
120300, 15304, 1, 0, 0
120400, 12321, 1, 0, 0
120500, 17569, 1, 0, 0
120600, 16498, 1, 0, 0
120700, 13148, 1, 0, 0
120800, 13305, 1, 0, 0
120900, 15921, 1, 0, 0
121000, 17099, 1, 0, 0
121100, 16065, 1, 0, 0
121200, 14177, 1, 0, 0
121301, 15746, 1, 0, 0
121400, 15439, 1, 0, 0
121500, 15862, 1, 0, 0
121600, 14122, 1, 0, 0
121700, 14404, 1, 0, 0
121800, 14331, 1, 0, 0
121900, 14167, 1, 0, 0
122001, 16651, 1, 0, 0
122100, 14655, 1, 0, 0
122200, 17231, 1, 0, 0
122300, 12588, 1, 0, 0
122400, 14103, 1, 0, 0
122501, 16018, 1, 0, 0
122600, 14034, 1, 0, 0
122700, 20341, 1, 0, 0
122800, 18300, 1, 0, 0
122900, 18099, 1, 0, 0
123000, 14157, 1, 0, 0
123100, 15225, 1, 0, 0
123200, 15519, 1, 0, 0
123300, 13651, 1, 0, 0
123400, 13349, 1, 0, 0
123501, 15701, 1, 0, 0
123600, 13784, 1, 0, 0
123700, 15241, 1, 0, 0
123801, 15425, 1, 0, 0
123900, 18600, 1, 0, 0
124001, 17840, 1, 0, 0
124101, 17823, 1, 0, 0
124200, 13288, 1, 0, 0
124300, 13629, 1, 0, 0
124400, 14189, 1, 0, 0
124500, 13359, 1, 0, 0
124600, 13031, 1, 0, 0
124700, 13739, 1, 0, 0
124801, 18010, 1, 0, 0
124900, 17338, 1, 0, 0
125000, 16414, 1, 0, 0
125100, 16502, 1, 0, 0
125200, 14232, 1, 0, 0
125300, 18502, 1, 0, 0
125400, 15770, 1, 0, 0
125501, 15809, 1, 0, 0
125600, 14191, 1, 0, 0
125700, 16892, 1, 0, 0
125800, 18448, 1, 0, 0
125900, 15248, 1, 0, 0
126000, 14841, 1, 0, 0
126100, 14424, 1, 0, 0
126200, 13388, 1, 0, 0
126300, 13622, 1, 0, 0
126400, 14086, 1, 0, 0
126500, 14920, 1, 0, 0
126601, 13618, 1, 0, 0
126700, 17298, 1, 0, 0
126800, 18807, 1, 0, 0
126900, 13855, 1, 0, 0
127000, 18042, 1, 0, 0
127100, 14806, 1, 0, 0
127201, 14947, 1, 0, 0
127300, 13572, 1, 0, 0
127401, 19204, 1, 0, 0
127500, 18035, 1, 0, 0
127600, 15061, 1, 0, 0
127700, 13497, 1, 0, 0
127800, 13838, 1, 0, 0
127900, 15203, 1, 0, 0
128000, 16563, 1, 0, 0
128101, 19293, 1, 0, 0
128201, 15813, 1, 0, 0
128301, 14164, 1, 0, 0
128400, 14916, 1, 0, 0
128500, 16495, 1, 0, 0
128600, 16665, 1, 0, 0
128700, 17085, 1, 0, 0
128800, 17139, 1, 0, 0
128901, 17839, 1, 0, 0
129000, 14788, 1, 0, 0
129100, 15609, 1, 0, 0
129200, 17011, 1, 0, 0
129301, 18177, 1, 0, 0
129400, 16550, 1, 0, 0
129500, 18228, 1, 0, 0
129601, 16797, 1, 0, 0
129700, 17818, 1, 0, 0
129800, 17664, 1, 0, 0
129900, 16758, 1, 0, 0
130000, 15717, 1, 0, 0
130100, 20021, 1, 0, 0
130200, 14168, 1, 0, 0
130300, 17097, 1, 0, 0
130401, 17697, 1, 0, 0
130500, 15129, 1, 0, 0
130600, 13931, 1, 0, 0
130700, 15189, 1, 0, 0
130800, 15520, 1, 0, 0
130901, 14939, 1, 0, 0
131000, 16190, 1, 0, 0
131100, 13518, 1, 0, 0
131200, 13501, 1, 0, 0
131301, 13575, 1, 0, 0
131400, 17973, 1, 0, 0
131500, 16611, 1, 0, 0
131600, 18707, 1, 0, 0
131700, 15362, 1, 0, 0
131800, 16295, 1, 0, 0
131900, 16934, 1, 0, 0
132000, 15405, 1, 0, 0
132101, 15033, 1, 0, 0
132200, 19100, 1, 0, 0
132300, 16068, 1, 0, 0
132400, 13436, 1, 0, 0
132500, 14872, 1, 0, 0
132601, 15024, 1, 0, 0
132701, 17650, 1, 0, 0
132800, 18205, 1, 0, 0
132900, 16567, 1, 0, 0
133000, 13850, 1, 0, 0
133100, 16474, 1, 0, 0
133200, 14775, 1, 0, 0
133300, 15579, 1, 0, 0
133402, 17066, 1, 0, 0
133500, 14303, 1, 0, 0
133600, 13735, 1, 0, 0
133700, 13774, 1, 0, 0
133800, 16235, 1, 0, 0
133900, 14758, 1, 0, 0
134000, 14024, 1, 0, 0
134100, 16568, 1, 0, 0
134200, 14850, 1, 0, 0
134300, 15913, 1, 0, 0
134401, 17292, 1, 0, 0
134500, 16082, 1, 0, 0
134600, 18720, 1, 0, 0
134700, 15257, 1, 0, 0
134800, 16096, 1, 0, 0
134900, 15738, 1, 0, 0
135000, 15038, 1, 0, 0
135100, 17400, 1, 0, 0
135201, 16865, 1, 0, 0
135300, 15521, 1, 0, 0
135400, 19361, 1, 0, 0
135500, 15815, 1, 0, 0
135600, 14421, 1, 0, 0
135700, 17246, 1, 0, 0
135800, 17137, 1, 0, 0
135901, 14817, 1, 0, 0
136000, 15277, 1, 0, 0
136100, 18941, 1, 0, 0
136200, 14902, 1, 0, 0
136300, 16708, 1, 0, 0
136400, 17878, 1, 0, 0
136500, 16114, 1, 0, 0
136600, 16162, 1, 0, 0
136700, 16616, 1, 0, 0
136800, 14743, 1, 0, 0
136900, 14251, 1, 0, 0
137000, 13855, 1, 0, 0
137100, 14898, 1, 0, 0
137200, 17425, 1, 0, 0
137300, 15756, 1, 0, 0
137400, 14667, 1, 0, 0
137501, 18074, 1, 0, 0
137600, 18734, 1, 0, 0
137700, 14063, 1, 0, 0
137800, 17258, 1, 0, 0
137900, 14325, 1, 0, 0
138000, 16582, 1, 0, 0
138101, 14361, 1, 0, 0
138201, 17027, 1, 0, 0
138300, 13226, 1, 0, 0
138400, 15242, 1, 0, 0
138501, 16872, 1, 0, 0
138600, 14306, 1, 0, 0
138701, 17910, 1, 0, 0
138800, 15868, 1, 0, 0
138900, 14494, 1, 0, 0
139000, 16676, 1, 0, 0
139100, 14896, 1, 0, 0
139200, 13246, 1, 0, 0
139300, 14575, 1, 0, 0
139400, 15372, 1, 0, 0
139500, 14874, 1, 0, 0
139600, 13429, 1, 0, 0
139700, 13565, 1, 0, 0
139801, 21788, 1, 0, 0
139900, 16282, 1, 0, 0
140000, 16628, 1, 0, 0
140100, 14991, 1, 0, 0
140200, 16252, 1, 0, 0
140300, 13581, 1, 0, 0
140400, 19797, 1, 0, 0
140500, 17360, 1, 0, 0
140600, 17670, 1, 0, 0
140700, 16137, 1, 0, 0
140800, 12862, 1, 0, 0
140900, 14083, 1, 0, 0
141002, 15160, 1, 0, 0
141100, 16126, 1, 0, 0
141200, 17813, 1, 0, 0
141300, 18199, 1, 0, 0
141401, 16254, 1, 0, 0
141500, 15072, 1, 0, 0
141600, 19135, 1, 0, 0
141700, 19664, 1, 0, 0
141800, 19921, 1, 0, 0
141900, 16937, 1, 0, 0
142000, 18685, 1, 0, 0
142100, 14321, 1, 0, 0
142200, 14997, 1, 0, 0
142300, 14233, 1, 0, 0
142400, 18955, 1, 0, 0
142500, 15206, 1, 0, 0
142601, 17436, 1, 0, 0
142700, 14320, 1, 0, 0
142800, 15809, 1, 0, 0
142900, 13750, 1, 0, 0
143000, 15912, 1, 0, 0
143100, 16494, 1, 0, 0
143201, 15209, 1, 0, 0
143300, 15462, 1, 0, 0
143400, 14487, 1, 0, 0
143500, 20289, 1, 0, 0
143601, 14937, 1, 0, 0
143700, 14695, 1, 0, 0
143800, 19209, 1, 0, 0
143900, 18383, 1, 0, 0
144000, 13411, 1, 0, 0
144100, 14461, 1, 0, 0
144200, 19033, 1, 0, 0
144300, 14282, 1, 0, 0
144401, 20239, 1, 0, 0
144500, 18353, 1, 0, 0
144600, 19352, 1, 0, 0
144701, 17754, 1, 0, 0
144800, 14424, 1, 0, 0
144900, 17001, 1, 0, 0
145000, 19062, 1, 0, 0
145100, 18224, 1, 0, 0
145200, 17130, 1, 0, 0
145300, 13616, 1, 0, 0
145400, 16916, 1, 0, 0
145500, 19156, 1, 0, 0
145600, 18128, 1, 0, 0
145700, 17436, 1, 0, 0
145800, 13820, 1, 0, 0
145900, 16111, 1, 0, 0
146000, 16492, 1, 0, 0
146100, 16424, 1, 0, 0
146201, 18404, 1, 0, 0
146301, 14761, 1, 0, 0
146400, 16506, 1, 0, 0
146501, 14941, 1, 0, 0
146600, 18769, 1, 0, 0
146700, 16661, 1, 0, 0
146800, 16249, 1, 0, 0
146900, 16660, 1, 0, 0
147000, 16745, 1, 0, 0
147100, 14821, 1, 0, 0
147200, 16072, 1, 0, 0
147300, 14975, 1, 0, 0
147400, 14365, 1, 0, 0
147500, 17640, 1, 0, 0
147600, 13231, 1, 0, 0
147700, 17662, 1, 0, 0
147801, 15987, 1, 0, 0
147900, 15533, 1, 0, 0
148000, 14523, 1, 0, 0
148100, 13450, 1, 0, 0
148200, 16279, 1, 0, 0
148300, 17988, 1, 0, 0
148401, 13247, 1, 0, 0
148501, 13835, 1, 0, 0
148600, 12739, 1, 0, 0
148700, 18648, 1, 0, 0
148800, 17259, 1, 0, 0
148900, 16938, 1, 0, 0
149000, 19622, 1, 0, 0
149100, 17498, 1, 0, 0
149200, 17776, 1, 0, 0
149300, 15683, 1, 0, 0
149400, 13527, 1, 0, 0
149500, 16085, 1, 0, 0
149601, 16663, 1, 0, 0
149700, 20264, 1, 0, 0
149800, 16720, 1, 0, 0
149900, 16102, 1, 0, 0
150000, 16255, 1, 0, 0
150100, 16473, 1, 0, 0
150200, 13515, 1, 0, 0
150301, 18616, 1, 0, 0
150400, 14559, 1, 0, 0
150500, 15693, 1, 0, 0
150600, 15649, 1, 0, 0
150700, 16866, 1, 0, 0
150800, 15654, 1, 0, 0
150900, 16256, 1, 0, 0
151000, 12834, 1, 0, 0
151100, 16426, 1, 0, 0
151200, 16897, 1, 0, 0
151300, 18233, 1, 0, 0
151400, 19398, 1, 0, 0
151503, 17946, 1, 0, 0
151600, 15343, 1, 0, 0
151700, 16451, 1, 0, 0
151800, 13517, 1, 0, 0
151900, 14139, 1, 0, 0
152002, 14019, 1, 0, 0
152100, 16154, 1, 0, 0
152200, 16875, 1, 0, 0
152300, 19038, 1, 0, 0
152400, 15715, 1, 0, 0
152500, 15939, 1, 0, 0
152600, 14488, 1, 0, 0
152700, 16628, 1, 0, 0
152800, 15041, 1, 0, 0
152900, 14963, 1, 0, 0
153001, 14392, 1, 0, 0
153101, 15807, 1, 0, 0
153200, 15429, 1, 0, 0
153300, 18467, 1, 0, 0
153401, 13866, 1, 0, 0
153500, 20375, 1, 0, 0
153600, 20271, 1, 0, 0
153700, 18504, 1, 0, 0
153800, 15096, 1, 0, 0
153901, 14667, 1, 0, 0
154000, 18342, 1, 0, 0
154102, 15020, 1, 0, 0
154200, 19917, 1, 0, 0
154300, 14145, 1, 0, 0
154400, 13669, 1, 0, 0
154501, 16516, 1, 0, 0
154600, 15613, 1, 0, 0
154700, 15299, 1, 0, 0
154800, 14243, 1, 0, 0
154900, 16066, 1, 0, 0
155000, 15892, 1, 0, 0
155100, 14963, 1, 0, 0
155200, 14271, 1, 0, 0
155300, 14558, 1, 0, 0
155400, 15784, 1, 0, 0
155500, 18159, 1, 0, 0
155600, 14569, 1, 0, 0
155700, 13931, 1, 0, 0
155800, 16492, 1, 0, 0
155900, 18361, 1, 0, 0
156000, 15110, 1, 0, 0
156100, 14979, 1, 0, 0
156200, 15159, 1, 0, 0
156300, 16411, 1, 0, 0
156400, 16112, 1, 0, 0
156500, 14953, 1, 0, 0
156600, 14723, 1, 0, 0
156701, 16979, 1, 0, 0
156800, 15037, 1, 0, 0
156901, 13876, 1, 0, 0
157000, 16345, 1, 0, 0
157100, 17153, 1, 0, 0
157200, 13917, 1, 0, 0
157300, 13283, 1, 0, 0
157400, 19455, 1, 0, 0
157501, 16551, 1, 0, 0
157600, 14678, 1, 0, 0
157700, 16723, 1, 0, 0
157800, 15960, 1, 0, 0
157900, 17068, 1, 0, 0
158000, 17692, 1, 0, 0
158100, 15414, 1, 0, 0
158200, 14466, 1, 0, 0
158300, 14557, 1, 0, 0
158400, 12785, 1, 0, 0
158500, 15719, 1, 0, 0
158600, 14746, 1, 0, 0
158700, 14891, 1, 0, 0
158800, 14264, 1, 0, 0
158900, 17313, 1, 0, 0
159000, 18823, 1, 0, 0
159100, 14628, 1, 0, 0
159200, 20520, 1, 0, 0
159300, 18058, 1, 0, 0
159400, 15838, 1, 0, 0
159500, 15461, 1, 0, 0
159600, 16173, 1, 0, 0
159700, 17127, 1, 0, 0
159800, 17822, 1, 0, 0
159900, 14372, 1, 0, 0
160000, 19552, 1, 0, 0
160100, 15675, 1, 0, 0
160201, 14541, 1, 0, 0
160300, 13733, 1, 0, 0
160400, 14807, 1, 0, 0
160500, 15072, 1, 0, 0
160600, 14349, 1, 0, 0
160700, 15753, 1, 0, 0
160800, 13291, 1, 0, 0
160900, 18230, 1, 0, 0
161000, 15026, 1, 0, 0
161100, 12689, 1, 0, 0
161201, 13029, 1, 0, 0
161301, 13053, 1, 0, 0
161400, 14768, 1, 0, 0
161500, 14560, 1, 0, 0
161600, 12676, 1, 0, 0
161700, 18214, 1, 0, 0
161800, 18700, 1, 0, 0
161900, 13001, 1, 0, 0
162000, 14348, 1, 0, 0
162100, 15737, 1, 0, 0
162200, 12981, 1, 0, 0
162300, 15400, 1, 0, 0
162400, 15788, 1, 0, 0
162501, 17254, 1, 0, 0
162600, 16819, 1, 0, 0
162701, 13204, 1, 0, 0
162800, 13846, 1, 0, 0
162901, 17212, 1, 0, 0
163000, 15521, 1, 0, 0
163100, 14693, 1, 0, 0
163200, 14491, 1, 0, 0
163300, 12727, 1, 0, 0
163401, 14139, 1, 0, 0
163500, 16243, 1, 0, 0
163600, 17894, 1, 0, 0
163700, 15251, 1, 0, 0
163800, 16350, 1, 0, 0
163900, 16337, 1, 0, 0
164000, 14357, 1, 0, 0
164100, 14133, 1, 0, 0
164200, 14619, 1, 0, 0
164300, 13746, 1, 0, 0
164400, 17996, 1, 0, 0
164500, 15065, 1, 0, 0
164600, 14748, 1, 0, 0
164700, 13763, 1, 0, 0
164800, 14739, 1, 0, 0
164900, 14590, 1, 0, 0
165000, 16928, 1, 0, 0
165100, 16978, 1, 0, 0
165200, 15400, 1, 0, 0
165300, 15395, 1, 0, 0
165400, 15998, 1, 0, 0
165500, 15591, 1, 0, 0
165600, 15520, 1, 0, 0
165700, 14045, 1, 0, 0
165800, 12599, 1, 0, 0
165901, 16488, 1, 0, 0
166000, 18204, 1, 0, 0
166100, 14272, 1, 0, 0
166200, 16115, 1, 0, 0
166300, 15447, 1, 0, 0
166401, 14026, 1, 0, 0
166500, 15744, 1, 0, 0
166600, 12911, 1, 0, 0
166700, 16837, 1, 0, 0
166800, 14605, 1, 0, 0
166900, 14172, 1, 0, 0
167000, 17208, 1, 0, 0
167100, 15438, 1, 0, 0
167200, 14764, 1, 0, 0
167300, 13721, 1, 0, 0
167400, 14002, 1, 0, 0
167500, 16998, 1, 0, 0
167600, 15429, 1, 0, 0
167700, 16962, 1, 0, 0
167800, 16522, 1, 0, 0
167900, 17047, 1, 0, 0
168001, 15353, 1, 0, 0
168100, 15552, 1, 0, 0
168200, 14559, 1, 0, 0
168300, 18688, 1, 0, 0
168400, 14951, 1, 0, 0
168500, 16982, 1, 0, 0
168601, 17460, 1, 0, 0
168700, 19717, 1, 0, 0
168800, 14865, 1, 0, 0
168900, 16661, 1, 0, 0
169000, 21323, 1, 0, 0
169101, 17983, 1, 0, 0
169200, 18008, 1, 0, 0
169300, 14862, 1, 0, 0
169400, 14675, 1, 0, 0
169500, 16406, 1, 0, 0
169600, 18136, 1, 0, 0
169700, 17445, 1, 0, 0
169800, 15638, 1, 0, 0
169900, 16883, 1, 0, 0
170000, 13440, 1, 0, 0
170100, 14758, 1, 0, 0
170200, 13703, 1, 0, 0
170301, 14832, 1, 0, 0
170400, 13727, 1, 0, 0
170500, 18098, 1, 0, 0
170600, 17917, 1, 0, 0
170700, 16825, 1, 0, 0
170800, 14521, 1, 0, 0
170901, 13978, 1, 0, 0
171000, 13948, 1, 0, 0
171100, 16383, 1, 0, 0
171200, 15881, 1, 0, 0
171300, 14020, 1, 0, 0
171400, 15000, 1, 0, 0
171500, 18250, 1, 0, 0
171600, 13676, 1, 0, 0
171700, 17085, 1, 0, 0
171800, 18852, 1, 0, 0
171900, 16480, 1, 0, 0
172000, 16016, 1, 0, 0
172100, 13344, 1, 0, 0
172200, 20651, 1, 0, 0
172300, 18429, 1, 0, 0
172400, 17703, 1, 0, 0
172500, 14391, 1, 0, 0
172600, 13254, 1, 0, 0
172700, 14673, 1, 0, 0
172800, 17786, 1, 0, 0
172900, 16931, 1, 0, 0
173000, 13936, 1, 0, 0
173100, 14293, 1, 0, 0
173200, 15956, 1, 0, 0
173300, 18511, 1, 0, 0
173400, 14319, 1, 0, 0
173500, 16432, 1, 0, 0
173601, 18070, 1, 0, 0
173700, 14172, 1, 0, 0
173800, 16037, 1, 0, 0
173900, 15101, 1, 0, 0
174000, 15213, 1, 0, 0
174100, 14083, 1, 0, 0
174200, 13571, 1, 0, 0
174300, 15759, 1, 0, 0
174400, 14921, 1, 0, 0
174500, 16026, 1, 0, 0
174600, 15404, 1, 0, 0
174700, 17545, 1, 0, 0
174800, 13766, 1, 0, 0
174901, 16695, 1, 0, 0
175000, 16956, 1, 0, 0
175101, 17897, 1, 0, 0
175200, 13346, 1, 0, 0
175301, 18050, 1, 0, 0
175400, 20705, 1, 0, 0
175501, 16645, 1, 0, 0
175600, 16616, 1, 0, 0
175700, 14814, 1, 0, 0
175800, 14891, 1, 0, 0
175900, 14066, 1, 0, 0
176000, 16924, 1, 0, 0
176100, 13225, 1, 0, 0
176200, 16545, 1, 0, 0
176301, 15681, 1, 0, 0
176400, 16995, 1, 0, 0
176501, 16782, 1, 0, 0
176600, 14042, 1, 0, 0
176700, 17355, 1, 0, 0
176800, 13733, 1, 0, 0
176900, 14512, 1, 0, 0
177000, 16772, 1, 0, 0
177100, 14798, 1, 0, 0
177200, 15929, 1, 0, 0
177301, 15368, 1, 0, 0
177400, 14069, 1, 0, 0
177500, 15604, 1, 0, 0
177600, 16877, 1, 0, 0
177700, 13851, 1, 0, 0
177800, 17140, 1, 0, 0
177900, 13763, 1, 0, 0
178000, 17852, 1, 0, 0
178100, 16638, 1, 0, 0
178200, 16824, 1, 0, 0
178301, 17865, 1, 0, 0
178400, 19047, 1, 0, 0
178500, 17930, 1, 0, 0
178600, 15658, 1, 0, 0
178700, 14870, 1, 0, 0
178800, 16033, 1, 0, 0
178900, 17595, 1, 0, 0
179000, 12801, 1, 0, 0
179100, 16305, 1, 0, 0
179200, 15374, 1, 0, 0
179300, 17085, 1, 0, 0
179400, 16929, 1, 0, 0
179500, 19007, 1, 0, 0
179600, 17846, 1, 0, 0
179700, 17139, 1, 0, 0
179800, 18409, 1, 0, 0
179900, 17915, 1, 0, 0
180000, 17661, 1, 0, 0
180100, 14275, 1, 0, 0
180200, 16396, 1, 0, 0
180300, 17729, 1, 0, 0
180400, 16900, 1, 0, 0
180500, 14168, 1, 0, 0
180600, 16078, 1, 0, 0
180700, 17398, 1, 0, 0
180801, 13676, 1, 0, 0
180900, 15946, 1, 0, 0
181000, 14072, 1, 0, 0
181100, 18143, 1, 0, 0
181200, 20199, 1, 0, 0
181300, 15090, 1, 0, 0
181400, 17003, 1, 0, 0
181500, 18850, 1, 0, 0
181600, 14183, 1, 0, 0
181700, 18613, 1, 0, 0
181800, 14887, 1, 0, 0
181900, 19239, 1, 0, 0
182000, 13504, 1, 0, 0
182100, 14346, 1, 0, 0
182200, 13914, 1, 0, 0
182300, 16828, 1, 0, 0
182401, 14131, 1, 0, 0
182500, 15165, 1, 0, 0
182600, 13437, 1, 0, 0
182700, 19016, 1, 0, 0
182801, 14676, 1, 0, 0
182901, 16671, 1, 0, 0
183000, 14510, 1, 0, 0
183102, 17535, 1, 0, 0
183200, 18528, 1, 0, 0
183300, 14437, 1, 0, 0
183400, 17323, 1, 0, 0
183500, 15894, 1, 0, 0
183600, 15041, 1, 0, 0
183702, 14620, 1, 0, 0
183800, 14288, 1, 0, 0
183900, 16091, 1, 0, 0
184001, 16150, 1, 0, 0
184100, 15160, 1, 0, 0
184201, 17282, 1, 0, 0
184300, 15680, 1, 0, 0
184400, 16312, 1, 0, 0
184500, 17942, 1, 0, 0
184600, 14113, 1, 0, 0
184700, 14428, 1, 0, 0
184800, 15833, 1, 0, 0
184900, 16564, 1, 0, 0
185000, 15068, 1, 0, 0
185100, 15779, 1, 0, 0
185200, 15170, 1, 0, 0
185301, 18129, 1, 0, 0
185400, 15652, 1, 0, 0
185500, 14027, 1, 0, 0
185600, 16022, 1, 0, 0
185700, 15736, 1, 0, 0
185800, 15365, 1, 0, 0
185900, 13294, 1, 0, 0
186000, 18797, 1, 0, 0
186101, 14628, 1, 0, 0
186201, 15644, 1, 0, 0
186300, 16904, 1, 0, 0
186400, 16531, 1, 0, 0
186500, 15578, 1, 0, 0
186600, 19109, 1, 0, 0
186700, 14775, 1, 0, 0
186802, 15677, 1, 0, 0
186900, 15079, 1, 0, 0
187001, 16287, 1, 0, 0
187100, 13650, 1, 0, 0
187200, 15692, 1, 0, 0
187300, 17869, 1, 0, 0
187400, 15334, 1, 0, 0
187500, 15440, 1, 0, 0
187600, 13823, 1, 0, 0
187700, 17604, 1, 0, 0
187800, 15653, 1, 0, 0
187900, 13157, 1, 0, 0
188000, 13738, 1, 0, 0
188100, 12415, 1, 0, 0
188200, 16954, 1, 0, 0
188300, 19869, 1, 0, 0
188400, 14235, 1, 0, 0
188500, 13606, 1, 0, 0
188601, 16169, 1, 0, 0
188700, 15513, 1, 0, 0
188800, 13545, 1, 0, 0
188900, 17800, 1, 0, 0
189000, 20619, 1, 0, 0
189100, 16804, 1, 0, 0
189200, 19316, 1, 0, 0
189300, 18999, 1, 0, 0
189400, 13557, 1, 0, 0
189500, 14942, 1, 0, 0
189600, 14757, 1, 0, 0
189700, 18006, 1, 0, 0
189801, 18658, 1, 0, 0
189900, 19653, 1, 0, 0
190000, 14238, 1, 0, 0
190100, 18465, 1, 0, 0
190200, 16655, 1, 0, 0
190300, 15718, 1, 0, 0
190401, 19015, 1, 0, 0
190500, 16244, 1, 0, 0
190600, 13665, 1, 0, 0
190700, 13872, 1, 0, 0
190800, 18672, 1, 0, 0
190900, 16537, 1, 0, 0
191000, 15982, 1, 0, 0
191100, 15399, 1, 0, 0
191200, 16124, 1, 0, 0
191300, 14709, 1, 0, 0
191400, 17910, 1, 0, 0
191500, 15137, 1, 0, 0
191600, 19525, 1, 0, 0
191700, 16500, 1, 0, 0
191800, 13448, 1, 0, 0
191900, 14658, 1, 0, 0
192000, 16687, 1, 0, 0
192100, 18664, 1, 0, 0
192200, 17989, 1, 0, 0
192300, 16000, 1, 0, 0
192402, 13081, 1, 0, 0
192500, 17754, 1, 0, 0
192600, 21131, 1, 0, 0
192700, 17099, 1, 0, 0
192800, 15724, 1, 0, 0
192900, 18641, 1, 0, 0
193000, 14517, 1, 0, 0
193100, 14695, 1, 0, 0
193200, 15211, 1, 0, 0
193300, 18415, 1, 0, 0
193400, 14133, 1, 0, 0
193500, 15023, 1, 0, 0
193600, 14056, 1, 0, 0
193700, 14204, 1, 0, 0
193801, 16125, 1, 0, 0
193900, 16234, 1, 0, 0
194000, 18709, 1, 0, 0
194100, 18277, 1, 0, 0
194200, 13792, 1, 0, 0
194300, 18958, 1, 0, 0
194400, 18195, 1, 0, 0
194500, 16460, 1, 0, 0
194600, 17028, 1, 0, 0
194700, 15439, 1, 0, 0
194801, 15746, 1, 0, 0
194900, 19204, 1, 0, 0
195000, 15297, 1, 0, 0
195100, 15098, 1, 0, 0
195200, 16726, 1, 0, 0
195300, 13230, 1, 0, 0
195400, 20255, 1, 0, 0
195500, 19676, 1, 0, 0
195600, 16429, 1, 0, 0
195700, 14101, 1, 0, 0
195800, 16710, 1, 0, 0
195900, 14005, 1, 0, 0
196000, 16387, 1, 0, 0
196100, 13751, 1, 0, 0
196201, 14835, 1, 0, 0
196300, 14148, 1, 0, 0
196400, 16848, 1, 0, 0
196500, 16769, 1, 0, 0
196600, 15517, 1, 0, 0
196700, 14239, 1, 0, 0
196800, 15199, 1, 0, 0
196900, 16565, 1, 0, 0
197001, 13349, 1, 0, 0
197100, 15365, 1, 0, 0
197200, 15901, 1, 0, 0
197300, 15018, 1, 0, 0
197400, 15925, 1, 0, 0
197500, 17822, 1, 0, 0
197600, 16898, 1, 0, 0
197700, 16524, 1, 0, 0
197800, 17279, 1, 0, 0
197900, 18823, 1, 0, 0
198000, 16672, 1, 0, 0
198100, 15427, 1, 0, 0
198200, 17611, 1, 0, 0
198300, 13754, 1, 0, 0
198400, 14861, 1, 0, 0
198500, 17616, 1, 0, 0
198600, 17372, 1, 0, 0
198700, 15117, 1, 0, 0
198800, 15168, 1, 0, 0
198900, 20179, 1, 0, 0
199000, 14240, 1, 0, 0
199100, 14511, 1, 0, 0
199200, 15517, 1, 0, 0
199300, 15045, 1, 0, 0
199400, 13928, 1, 0, 0
199500, 16228, 1, 0, 0
199600, 20298, 1, 0, 0
199700, 13795, 1, 0, 0
199801, 13551, 1, 0, 0
199900, 16513, 1, 0, 0
200000, 19147, 1, 0, 0
200100, 15008, 1, 0, 0
200200, 15509, 1, 0, 0
200300, 15753, 1, 0, 0
200400, 17676, 1, 0, 0
200500, 14703, 1, 0, 0
200600, 13644, 1, 0, 0
200700, 18499, 1, 0, 0
200800, 18165, 1, 0, 0
200900, 15231, 1, 0, 0
201001, 18183, 1, 0, 0
201100, 16225, 1, 0, 0
201200, 17672, 1, 0, 0
201300, 15923, 1, 0, 0
201400, 14943, 1, 0, 0
201500, 17072, 1, 0, 0
201600, 14295, 1, 0, 0
201700, 13273, 1, 0, 0
201801, 13549, 1, 0, 0
201900, 16216, 1, 0, 0
202000, 21350, 1, 0, 0
202100, 14381, 1, 0, 0
202201, 17383, 1, 0, 0
202300, 17869, 1, 0, 0
202401, 16083, 1, 0, 0
202500, 17259, 1, 0, 0
202600, 20661, 1, 0, 0
202700, 14447, 1, 0, 0
202800, 16549, 1, 0, 0
202900, 15803, 1, 0, 0
203000, 15210, 1, 0, 0
203100, 18000, 1, 0, 0
203200, 17306, 1, 0, 0
203300, 18989, 1, 0, 0
203400, 15631, 1, 0, 0
203500, 15270, 1, 0, 0
203600, 14273, 1, 0, 0
203700, 14478, 1, 0, 0
203801, 15680, 1, 0, 0
203900, 15213, 1, 0, 0
204000, 17274, 1, 0, 0
204100, 18021, 1, 0, 0
204200, 17683, 1, 0, 0
204300, 15989, 1, 0, 0
204400, 16591, 1, 0, 0
204500, 15271, 1, 0, 0
204600, 17434, 1, 0, 0
204700, 16770, 1, 0, 0
204800, 15411, 1, 0, 0
204900, 13776, 1, 0, 0
205000, 13602, 1, 0, 0
205100, 15362, 1, 0, 0
205200, 14120, 1, 0, 0
205300, 13225, 1, 0, 0
205400, 14399, 1, 0, 0
205500, 14097, 1, 0, 0
205601, 18112, 1, 0, 0
205700, 15899, 1, 0, 0
205800, 15562, 1, 0, 0
205900, 15699, 1, 0, 0
206000, 15988, 1, 0, 0
206100, 15123, 1, 0, 0
206200, 16592, 1, 0, 0
206300, 14457, 1, 0, 0
206400, 18064, 1, 0, 0
206500, 15077, 1, 0, 0
206600, 13431, 1, 0, 0
206700, 14840, 1, 0, 0
206802, 19928, 1, 0, 0
206900, 14511, 1, 0, 0
207000, 16941, 1, 0, 0
207100, 18205, 1, 0, 0
207200, 16338, 1, 0, 0
207300, 15178, 1, 0, 0
207400, 14530, 1, 0, 0
207500, 16288, 1, 0, 0
207600, 17451, 1, 0, 0
207700, 13580, 1, 0, 0
207800, 15442, 1, 0, 0
207900, 18214, 1, 0, 0
208000, 17307, 1, 0, 0
208100, 15350, 1, 0, 0
208201, 18868, 1, 0, 0
208300, 14594, 1, 0, 0
208400, 16664, 1, 0, 0
208500, 14605, 1, 0, 0
208600, 19610, 1, 0, 0
208700, 15674, 1, 0, 0
208800, 16874, 1, 0, 0
208900, 15644, 1, 0, 0
209000, 15905, 1, 0, 0
209101, 14486, 1, 0, 0
209200, 15335, 1, 0, 0
209300, 15351, 1, 0, 0
209400, 14285, 1, 0, 0
209500, 16170, 1, 0, 0
209600, 15087, 1, 0, 0
209700, 16677, 1, 0, 0
209800, 17086, 1, 0, 0
209900, 15172, 1, 0, 0
210000, 18508, 1, 0, 0
210100, 18454, 1, 0, 0
210201, 13785, 1, 0, 0
210300, 15630, 1, 0, 0
210400, 15521, 1, 0, 0
210500, 14018, 1, 0, 0
210600, 14834, 1, 0, 0
210701, 16438, 1, 0, 0
210800, 18674, 1, 0, 0
210900, 15823, 1, 0, 0
211000, 17670, 1, 0, 0
211101, 16319, 1, 0, 0
211200, 13353, 1, 0, 0
211300, 16523, 1, 0, 0
211400, 13824, 1, 0, 0
211500, 17964, 1, 0, 0
211600, 17310, 1, 0, 0
211700, 17371, 1, 0, 0
211800, 14128, 1, 0, 0
211900, 19727, 1, 0, 0
212001, 16013, 1, 0, 0
212100, 16162, 1, 0, 0
212200, 15396, 1, 0, 0
212300, 13772, 1, 0, 0
212400, 16598, 1, 0, 0
212500, 18435, 1, 0, 0
212600, 15238, 1, 0, 0
212700, 14754, 1, 0, 0
212801, 17187, 1, 0, 0
212900, 15435, 1, 0, 0
213000, 14947, 1, 0, 0
213100, 18059, 1, 0, 0
213200, 13627, 1, 0, 0
213300, 13155, 1, 0, 0
213400, 14859, 1, 0, 0
213500, 16849, 1, 0, 0
213601, 14784, 1, 0, 0
213700, 17610, 1, 0, 0
213800, 17553, 1, 0, 0
213900, 18976, 1, 0, 0
214000, 17895, 1, 0, 0
214100, 13370, 1, 0, 0
214200, 13566, 1, 0, 0
214300, 15312, 1, 0, 0
214400, 14653, 1, 0, 0
214500, 14668, 1, 0, 0
214600, 15100, 1, 0, 0
214700, 17252, 1, 0, 0
214800, 14478, 1, 0, 0
214900, 15508, 1, 0, 0
215000, 17730, 1, 0, 0
215100, 17751, 1, 0, 0
215200, 14202, 1, 0, 0
215300, 17361, 1, 0, 0
215400, 15641, 1, 0, 0
215500, 15004, 1, 0, 0
215600, 14407, 1, 0, 0
215700, 15159, 1, 0, 0
215800, 16009, 1, 0, 0
215901, 15075, 1, 0, 0
216000, 17796, 1, 0, 0
216100, 15479, 1, 0, 0
216200, 17247, 1, 0, 0
216300, 18346, 1, 0, 0
216400, 17047, 1, 0, 0
216500, 16865, 1, 0, 0
216600, 16393, 1, 0, 0
216700, 19538, 1, 0, 0
216800, 16347, 1, 0, 0
216900, 12853, 1, 0, 0
217000, 13734, 1, 0, 0
217100, 16635, 1, 0, 0
217200, 17079, 1, 0, 0
217300, 19403, 1, 0, 0
217400, 15983, 1, 0, 0
217500, 14091, 1, 0, 0
217600, 15966, 1, 0, 0
217700, 17502, 1, 0, 0
217800, 14908, 1, 0, 0
217900, 17141, 1, 0, 0
218000, 15855, 1, 0, 0
218100, 16652, 1, 0, 0
218200, 16318, 1, 0, 0
218300, 13969, 1, 0, 0
218400, 15919, 1, 0, 0
218500, 18209, 1, 0, 0
218600, 15072, 1, 0, 0
218700, 16679, 1, 0, 0
218800, 13822, 1, 0, 0
218900, 13976, 1, 0, 0
219000, 18524, 1, 0, 0
219100, 20492, 1, 0, 0
219200, 14486, 1, 0, 0
219300, 18199, 1, 0, 0
219400, 14523, 1, 0, 0
219500, 16532, 1, 0, 0
219600, 19475, 1, 0, 0
219700, 15573, 1, 0, 0
219800, 15572, 1, 0, 0
219900, 16171, 1, 0, 0
220000, 12924, 1, 0, 0
220100, 14779, 1, 0, 0
220201, 16849, 1, 0, 0
220300, 14721, 1, 0, 0
220400, 17763, 1, 0, 0
220500, 16807, 1, 0, 0
220601, 15357, 1, 0, 0
220700, 14802, 1, 0, 0
220800, 15407, 1, 0, 0
220900, 15021, 1, 0, 0
221000, 18645, 1, 0, 0
221100, 16103, 1, 0, 0
221200, 14924, 1, 0, 0
221300, 19429, 1, 0, 0
221400, 15442, 1, 0, 0
221500, 15194, 1, 0, 0
221600, 15144, 1, 0, 0
221700, 15794, 1, 0, 0
221800, 14074, 1, 0, 0
221900, 15250, 1, 0, 0
222001, 14746, 1, 0, 0
222100, 17676, 1, 0, 0
222200, 16393, 1, 0, 0
222300, 16411, 1, 0, 0
222400, 13480, 1, 0, 0
222500, 13579, 1, 0, 0
222600, 18582, 1, 0, 0
222700, 14760, 1, 0, 0
222800, 15885, 1, 0, 0
222900, 13600, 1, 0, 0
223000, 16541, 1, 0, 0
223100, 14614, 1, 0, 0
223200, 14318, 1, 0, 0
223300, 15412, 1, 0, 0
223400, 16081, 1, 0, 0
223500, 15605, 1, 0, 0
223600, 14508, 1, 0, 0
223700, 16375, 1, 0, 0
223800, 16104, 1, 0, 0
223900, 15638, 1, 0, 0
224000, 15265, 1, 0, 0
224100, 17873, 1, 0, 0
224200, 14590, 1, 0, 0
224300, 16986, 1, 0, 0
224400, 16055, 1, 0, 0
224500, 18533, 1, 0, 0
224600, 16017, 1, 0, 0
224700, 14379, 1, 0, 0
224800, 16174, 1, 0, 0
224900, 15956, 1, 0, 0
225000, 16557, 1, 0, 0
225100, 15724, 1, 0, 0
225200, 17466, 1, 0, 0
225300, 18278, 1, 0, 0
225400, 15683, 1, 0, 0
225500, 16153, 1, 0, 0
225600, 16840, 1, 0, 0
225700, 18940, 1, 0, 0
225800, 16117, 1, 0, 0
225900, 16267, 1, 0, 0
226000, 14028, 1, 0, 0
226101, 16725, 1, 0, 0
226200, 13575, 1, 0, 0
226300, 14475, 1, 0, 0
226400, 17578, 1, 0, 0
226500, 14313, 1, 0, 0
226600, 15447, 1, 0, 0
226700, 13284, 1, 0, 0
226800, 14264, 1, 0, 0
226900, 17053, 1, 0, 0
227000, 14135, 1, 0, 0
227100, 14623, 1, 0, 0
227200, 14376, 1, 0, 0
227300, 14859, 1, 0, 0
227400, 15135, 1, 0, 0
227500, 15388, 1, 0, 0
227600, 17855, 1, 0, 0
227700, 16799, 1, 0, 0
227800, 16755, 1, 0, 0
227900, 14505, 1, 0, 0
228000, 18076, 1, 0, 0
228100, 18129, 1, 0, 0
228200, 17140, 1, 0, 0
228300, 14985, 1, 0, 0
228400, 14702, 1, 0, 0
228500, 13056, 1, 0, 0
228600, 17097, 1, 0, 0
228700, 16476, 1, 0, 0
228800, 14171, 1, 0, 0
228900, 15307, 1, 0, 0
229000, 14224, 1, 0, 0
229101, 21319, 1, 0, 0
229200, 15466, 1, 0, 0
229300, 16894, 1, 0, 0
229400, 19138, 1, 0, 0
229500, 17355, 1, 0, 0
229600, 21612, 1, 0, 0
229700, 17276, 1, 0, 0
229800, 17680, 1, 0, 0
229900, 15741, 1, 0, 0
230000, 15459, 1, 0, 0
230101, 14467, 1, 0, 0
230200, 17528, 1, 0, 0
230300, 15595, 1, 0, 0
230400, 15740, 1, 0, 0
230501, 15703, 1, 0, 0
230600, 15191, 1, 0, 0
230700, 17746, 1, 0, 0
230800, 14320, 1, 0, 0
230900, 16495, 1, 0, 0
231000, 14890, 1, 0, 0
231100, 16906, 1, 0, 0
231200, 14674, 1, 0, 0
231300, 17493, 1, 0, 0
231400, 16969, 1, 0, 0
231500, 14700, 1, 0, 0
231601, 14552, 1, 0, 0
231700, 14579, 1, 0, 0
231800, 12988, 1, 0, 0
231900, 15748, 1, 0, 0
232000, 14955, 1, 0, 0
232100, 17592, 1, 0, 0
232200, 15305, 1, 0, 0
232300, 14559, 1, 0, 0
232400, 12929, 1, 0, 0
232500, 13507, 1, 0, 0
232600, 19643, 1, 0, 0
232700, 13271, 1, 0, 0
232800, 15639, 1, 0, 0
232900, 17370, 1, 0, 0
233000, 19365, 1, 0, 0
233100, 19357, 1, 0, 0
233200, 14412, 1, 0, 0
233300, 14968, 1, 0, 0
233400, 13955, 1, 0, 0
233500, 18707, 1, 0, 0
233602, 13481, 1, 0, 0
233700, 16907, 1, 0, 0
233801, 14086, 1, 0, 0
233901, 13660, 1, 0, 0
234000, 14153, 1, 0, 0
234100, 14071, 1, 0, 0
234200, 13104, 1, 0, 0
234300, 15024, 1, 0, 0
234400, 18519, 1, 0, 0
234500, 19647, 1, 0, 0
234600, 13840, 1, 0, 0
234700, 17411, 1, 0, 0
234800, 17303, 1, 0, 0
234900, 14376, 1, 0, 0
235000, 14865, 1, 0, 0
235100, 17116, 1, 0, 0
235200, 18277, 1, 0, 0
235300, 13048, 1, 0, 0
235400, 17891, 1, 0, 0
235501, 16397, 1, 0, 0
235600, 18737, 1, 0, 0
235700, 14125, 1, 0, 0
235800, 19068, 1, 0, 0
235901, 18780, 1, 0, 0
236000, 16242, 1, 0, 0
236100, 16757, 1, 0, 0
236200, 18292, 1, 0, 0
236300, 13585, 1, 0, 0
236400, 16032, 1, 0, 0
236500, 18246, 1, 0, 0
236600, 16796, 1, 0, 0
236700, 13837, 1, 0, 0
236800, 17014, 1, 0, 0
236900, 18095, 1, 0, 0
237000, 13293, 1, 0, 0
237100, 14427, 1, 0, 0
237200, 16037, 1, 0, 0
237300, 14909, 1, 0, 0
237400, 12205, 1, 0, 0
237500, 14709, 1, 0, 0
237600, 15710, 1, 0, 0
237700, 15520, 1, 0, 0
237800, 18575, 1, 0, 0
237900, 14892, 1, 0, 0
238000, 16576, 1, 0, 0
238100, 13792, 1, 0, 0
238200, 17155, 1, 0, 0
238300, 17500, 1, 0, 0
238400, 16657, 1, 0, 0
238500, 14458, 1, 0, 0
238600, 12684, 1, 0, 0
238700, 15440, 1, 0, 0
238800, 13818, 1, 0, 0
238900, 13227, 1, 0, 0
239000, 15084, 1, 0, 0
239100, 15527, 1, 0, 0
239200, 15202, 1, 0, 0
239300, 15316, 1, 0, 0
239401, 13124, 1, 0, 0
239500, 17129, 1, 0, 0
239600, 17150, 1, 0, 0
239701, 15897, 1, 0, 0
239800, 17874, 1, 0, 0
239901, 16380, 1, 0, 0
240000, 15043, 1, 0, 0
240100, 17318, 1, 0, 0
240200, 16571, 1, 0, 0
240300, 15671, 1, 0, 0
240400, 16148, 1, 0, 0
240501, 16213, 1, 0, 0
240600, 13787, 1, 0, 0
240700, 15983, 1, 0, 0
240800, 15237, 1, 0, 0
240900, 13556, 1, 0, 0
241000, 16925, 1, 0, 0
241100, 18501, 1, 0, 0
241200, 13558, 1, 0, 0
241301, 14284, 1, 0, 0
241400, 18529, 1, 0, 0
241500, 17674, 1, 0, 0
241600, 15293, 1, 0, 0
241700, 19321, 1, 0, 0
241800, 18789, 1, 0, 0
241900, 13646, 1, 0, 0
242000, 13626, 1, 0, 0
242100, 13081, 1, 0, 0
242201, 17276, 1, 0, 0
242300, 15175, 1, 0, 0
242400, 16096, 1, 0, 0
242501, 14931, 1, 0, 0
242600, 15505, 1, 0, 0
242700, 15319, 1, 0, 0
242800, 17877, 1, 0, 0
242900, 13718, 1, 0, 0
243001, 16598, 1, 0, 0
243100, 17071, 1, 0, 0
243200, 14684, 1, 0, 0
243300, 15991, 1, 0, 0
243400, 17177, 1, 0, 0
243500, 13865, 1, 0, 0
243600, 15580, 1, 0, 0
243700, 15230, 1, 0, 0
243800, 15000, 1, 0, 0
243900, 16366, 1, 0, 0
244000, 19894, 1, 0, 0
244100, 14363, 1, 0, 0
244200, 17936, 1, 0, 0
244300, 18725, 1, 0, 0
244400, 16467, 1, 0, 0
244500, 15520, 1, 0, 0
244600, 14537, 1, 0, 0
244700, 15136, 1, 0, 0
244801, 13733, 1, 0, 0
244900, 17781, 1, 0, 0
245000, 13617, 1, 0, 0
245100, 17639, 1, 0, 0
245200, 18800, 1, 0, 0
245301, 17507, 1, 0, 0
245400, 17063, 1, 0, 0
245500, 17779, 1, 0, 0
245600, 13970, 1, 0, 0
245700, 16841, 1, 0, 0
245800, 17162, 1, 0, 0
245900, 16147, 1, 0, 0
246000, 16345, 1, 0, 0
246100, 14813, 1, 0, 0
246200, 17275, 1, 0, 0
246301, 17273, 1, 0, 0
246401, 16607, 1, 0, 0
246500, 17834, 1, 0, 0
246601, 22646, 1, 0, 0
246700, 16645, 1, 0, 0
246801, 18306, 1, 0, 0
246901, 13582, 1, 0, 0
247000, 18687, 1, 0, 0
247100, 15820, 1, 0, 0
247200, 13931, 1, 0, 0
247300, 19188, 1, 0, 0
247400, 20281, 1, 0, 0
247500, 18190, 1, 0, 0
247600, 14877, 1, 0, 0
247700, 15027, 1, 0, 0
247800, 17319, 1, 0, 0
247900, 16169, 1, 0, 0
248000, 15591, 1, 0, 0
248100, 17144, 1, 0, 0
248200, 13769, 1, 0, 0
248300, 17781, 1, 0, 0
248400, 18984, 1, 0, 0
248500, 19800, 1, 0, 0
248600, 17655, 1, 0, 0
248701, 13571, 1, 0, 0
248800, 16956, 1, 0, 0
248900, 16247, 1, 0, 0
249001, 13794, 1, 0, 0
249100, 16889, 1, 0, 0
249200, 14241, 1, 0, 0
249300, 16239, 1, 0, 0
249401, 17275, 1, 0, 0
249500, 16002, 1, 0, 0
249600, 17217, 1, 0, 0
249700, 16368, 1, 0, 0
249801, 14590, 1, 0, 0
249900, 15363, 1, 0, 0
250000, 16033, 1, 0, 0
250100, 15979, 1, 0, 0
250200, 14979, 1, 0, 0
250300, 16554, 1, 0, 0
250400, 18363, 1, 0, 0
250500, 14463, 1, 0, 0
250600, 16626, 1, 0, 0
250700, 16182, 1, 0, 0
250800, 17267, 1, 0, 0
250900, 18186, 1, 0, 0
251000, 15560, 1, 0, 0
251100, 13182, 1, 0, 0
251200, 17080, 1, 0, 0
251300, 19241, 1, 0, 0
251400, 17468, 1, 0, 0
251500, 17153, 1, 0, 0
251601, 15185, 1, 0, 0
251700, 17521, 1, 0, 0
251800, 16459, 1, 0, 0
251900, 17275, 1, 0, 0
252001, 17933, 1, 0, 0
252100, 16728, 1, 0, 0
252201, 14391, 1, 0, 0
252300, 16011, 1, 0, 0
252400, 13583, 1, 0, 0
252500, 13812, 1, 0, 0
252600, 16962, 1, 0, 0
252700, 16544, 1, 0, 0
252800, 15575, 1, 0, 0
252900, 13504, 1, 0, 0
253000, 17388, 1, 0, 0
253100, 14210, 1, 0, 0
253200, 15191, 1, 0, 0
253300, 13796, 1, 0, 0
253400, 14577, 1, 0, 0
253500, 16214, 1, 0, 0
253600, 16818, 1, 0, 0
253702, 14830, 1, 0, 0
253800, 14132, 1, 0, 0
253900, 16039, 1, 0, 0
254000, 15458, 1, 0, 0
254100, 16172, 1, 0, 0
254200, 16182, 1, 0, 0
254300, 17407, 1, 0, 0
254400, 16407, 1, 0, 0
254500, 14263, 1, 0, 0
254600, 19069, 1, 0, 0
254700, 14466, 1, 0, 0
254800, 15689, 1, 0, 0
254900, 13262, 1, 0, 0
255000, 14955, 1, 0, 0
255100, 13959, 1, 0, 0
255200, 20252, 1, 0, 0
255300, 14961, 1, 0, 0
255401, 13906, 1, 0, 0
255500, 17050, 1, 0, 0
255600, 16001, 1, 0, 0
255700, 13469, 1, 0, 0
255800, 16691, 1, 0, 0
255900, 17936, 1, 0, 0
256000, 15571, 1, 0, 0
256100, 16316, 1, 0, 0
256200, 17934, 1, 0, 0
256300, 12817, 1, 0, 0
256400, 14940, 1, 0, 0
256500, 13369, 1, 0, 0
256601, 17261, 1, 0, 0
256700, 14648, 1, 0, 0
256800, 13560, 1, 0, 0
256900, 13778, 1, 0, 0
257000, 15448, 1, 0, 0
257100, 16073, 1, 0, 0
257201, 13344, 1, 0, 0
257300, 13391, 1, 0, 0
257400, 14395, 1, 0, 0
257500, 13468, 1, 0, 0
257600, 15015, 1, 0, 0
257700, 14770, 1, 0, 0
257800, 16915, 1, 0, 0
257900, 15320, 1, 0, 0
258001, 14091, 1, 0, 0
258100, 15549, 1, 0, 0
258200, 16520, 1, 0, 0
258300, 17107, 1, 0, 0
258400, 14754, 1, 0, 0
258500, 17351, 1, 0, 0
258600, 14388, 1, 0, 0
258700, 12894, 1, 0, 0
258800, 19424, 1, 0, 0
258900, 16908, 1, 0, 0
259000, 17594, 1, 0, 0
259100, 13457, 1, 0, 0
259200, 15631, 1, 0, 0
259300, 19477, 1, 0, 0
259400, 18431, 1, 0, 0
259500, 17267, 1, 0, 0
259600, 14025, 1, 0, 0
259700, 17821, 1, 0, 0
259800, 17731, 1, 0, 0
259900, 18094, 1, 0, 0
260000, 16137, 1, 0, 0
260100, 14080, 1, 0, 0
260200, 16814, 1, 0, 0
260300, 16051, 1, 0, 0
260400, 13769, 1, 0, 0
260500, 15506, 1, 0, 0
260600, 17749, 1, 0, 0
260700, 17782, 1, 0, 0
260800, 15371, 1, 0, 0
260900, 13423, 1, 0, 0
261000, 16195, 1, 0, 0
261100, 12920, 1, 0, 0
261200, 13755, 1, 0, 0
261300, 17724, 1, 0, 0
261400, 18923, 1, 0, 0
261501, 14761, 1, 0, 0
261600, 15305, 1, 0, 0
261701, 19555, 1, 0, 0
261800, 16367, 1, 0, 0
261900, 16007, 1, 0, 0
262000, 16800, 1, 0, 0
262101, 16034, 1, 0, 0
262200, 16198, 1, 0, 0
262300, 16342, 1, 0, 0
262400, 16944, 1, 0, 0
262500, 15546, 1, 0, 0
262600, 14185, 1, 0, 0
262700, 15940, 1, 0, 0
262800, 15931, 1, 0, 0
262900, 15480, 1, 0, 0
263000, 13381, 1, 0, 0
263100, 15724, 1, 0, 0
263200, 16694, 1, 0, 0
263300, 17787, 1, 0, 0
263401, 14751, 1, 0, 0
263500, 13990, 1, 0, 0
263601, 17210, 1, 0, 0
263700, 14302, 1, 0, 0
263800, 19487, 1, 0, 0
263900, 17155, 1, 0, 0
264000, 15115, 1, 0, 0
264100, 14703, 1, 0, 0
264200, 18698, 1, 0, 0
264300, 15099, 1, 0, 0
264400, 14927, 1, 0, 0
264500, 13944, 1, 0, 0
264600, 14939, 1, 0, 0
264700, 14182, 1, 0, 0
264800, 15537, 1, 0, 0
264900, 17938, 1, 0, 0
265000, 19266, 1, 0, 0
265100, 13083, 1, 0, 0
265200, 13530, 1, 0, 0
265300, 15447, 1, 0, 0
265400, 16279, 1, 0, 0
265500, 15103, 1, 0, 0
265600, 16963, 1, 0, 0
265700, 16416, 1, 0, 0
265800, 14654, 1, 0, 0
265901, 13383, 1, 0, 0
266000, 15030, 1, 0, 0
266100, 15381, 1, 0, 0
266200, 16327, 1, 0, 0
266300, 14737, 1, 0, 0
266400, 16013, 1, 0, 0
266500, 18056, 1, 0, 0
266600, 14178, 1, 0, 0
266700, 20375, 1, 0, 0
266800, 16498, 1, 0, 0
266900, 12428, 1, 0, 0
267000, 15603, 1, 0, 0
267100, 16777, 1, 0, 0
267200, 15251, 1, 0, 0
267300, 13741, 1, 0, 0
267401, 14764, 1, 0, 0
267500, 18220, 1, 0, 0
267600, 14825, 1, 0, 0
267700, 15441, 1, 0, 0
267800, 20080, 1, 0, 0
267900, 17042, 1, 0, 0
268000, 15902, 1, 0, 0
268100, 14853, 1, 0, 0
268200, 15136, 1, 0, 0
268300, 15216, 1, 0, 0
268400, 13940, 1, 0, 0
268500, 14416, 1, 0, 0
268600, 15650, 1, 0, 0
268700, 13835, 1, 0, 0
268800, 17855, 1, 0, 0
268900, 13787, 1, 0, 0
269000, 17253, 1, 0, 0
269100, 17308, 1, 0, 0
269200, 19679, 1, 0, 0
269300, 16468, 1, 0, 0
269400, 18086, 1, 0, 0
269500, 15968, 1, 0, 0
269600, 14711, 1, 0, 0
269700, 16608, 1, 0, 0
269800, 16016, 1, 0, 0
269900, 13172, 1, 0, 0
270000, 16398, 1, 0, 0
270100, 18157, 1, 0, 0
270200, 13185, 1, 0, 0
270300, 12918, 1, 0, 0
270400, 15224, 1, 0, 0
270500, 17674, 1, 0, 0
270600, 15814, 1, 0, 0
270700, 16406, 1, 0, 0
270800, 15979, 1, 0, 0
270900, 15162, 1, 0, 0
271000, 13983, 1, 0, 0
271100, 16534, 1, 0, 0
271200, 14361, 1, 0, 0
271300, 15445, 1, 0, 0
271400, 18741, 1, 0, 0
271500, 18686, 1, 0, 0
271600, 19457, 1, 0, 0
271700, 16641, 1, 0, 0
271800, 13864, 1, 0, 0
271900, 12852, 1, 0, 0
272000, 16520, 1, 0, 0
272100, 13692, 1, 0, 0
272200, 18727, 1, 0, 0
272300, 15770, 1, 0, 0
272400, 17210, 1, 0, 0
272500, 17746, 1, 0, 0
272600, 16473, 1, 0, 0
272700, 18864, 1, 0, 0
272800, 16381, 1, 0, 0
272900, 15134, 1, 0, 0
273000, 15297, 1, 0, 0
273100, 15886, 1, 0, 0
273200, 13397, 1, 0, 0
273300, 16945, 1, 0, 0
273400, 18817, 1, 0, 0
273500, 15231, 1, 0, 0
273600, 15484, 1, 0, 0
273700, 16182, 1, 0, 0
273800, 13082, 1, 0, 0
273900, 14289, 1, 0, 0
274000, 15462, 1, 0, 0
274100, 15584, 1, 0, 0
274200, 16505, 1, 0, 0
274300, 15408, 1, 0, 0
274400, 17030, 1, 0, 0
274500, 16296, 1, 0, 0
274600, 19254, 1, 0, 0
274700, 14010, 1, 0, 0
274800, 14172, 1, 0, 0
274900, 17371, 1, 0, 0
275000, 15427, 1, 0, 0
275100, 17883, 1, 0, 0
275200, 14249, 1, 0, 0
275300, 13245, 1, 0, 0
275400, 15214, 1, 0, 0
275500, 16876, 1, 0, 0
275600, 14716, 1, 0, 0
275700, 16154, 1, 0, 0
275800, 17710, 1, 0, 0
275900, 14763, 1, 0, 0
276000, 16056, 1, 0, 0
276100, 16091, 1, 0, 0
276200, 15182, 1, 0, 0
276300, 14086, 1, 0, 0
276400, 18172, 1, 0, 0
276500, 15324, 1, 0, 0
276600, 16242, 1, 0, 0
276701, 15876, 1, 0, 0
276800, 20428, 1, 0, 0
276901, 13751, 1, 0, 0
277000, 20708, 1, 0, 0
277100, 14095, 1, 0, 0
277200, 13664, 1, 0, 0
277301, 18676, 1, 0, 0
277400, 17592, 1, 0, 0
277500, 17188, 1, 0, 0
277600, 13620, 1, 0, 0
277700, 15062, 1, 0, 0
277800, 14671, 1, 0, 0
277900, 16101, 1, 0, 0
278000, 16988, 1, 0, 0
278100, 15750, 1, 0, 0
278200, 13553, 1, 0, 0
278300, 14611, 1, 0, 0
278400, 17409, 1, 0, 0
278500, 20478, 1, 0, 0
278600, 16732, 1, 0, 0
278700, 17245, 1, 0, 0
278800, 14866, 1, 0, 0
278900, 14536, 1, 0, 0
279000, 16643, 1, 0, 0
279100, 13709, 1, 0, 0
279200, 15110, 1, 0, 0
279300, 17083, 1, 0, 0
279400, 15004, 1, 0, 0
279500, 14039, 1, 0, 0
279600, 15974, 1, 0, 0
279700, 17125, 1, 0, 0
279801, 17598, 1, 0, 0
279901, 16367, 1, 0, 0
280000, 16532, 1, 0, 0
280100, 17122, 1, 0, 0
280200, 15296, 1, 0, 0
280300, 15553, 1, 0, 0
280401, 17194, 1, 0, 0
280500, 15202, 1, 0, 0
280600, 13681, 1, 0, 0
280700, 16221, 1, 0, 0
280801, 13435, 1, 0, 0
280900, 13174, 1, 0, 0
281000, 13496, 1, 0, 0
281100, 15397, 1, 0, 0
281200, 17818, 1, 0, 0
281300, 17493, 1, 0, 0
281400, 17824, 1, 0, 0
281500, 16752, 1, 0, 0
281600, 17199, 1, 0, 0
281700, 17048, 1, 0, 0
281800, 18774, 1, 0, 0
281900, 15391, 1, 0, 0
282001, 14034, 1, 0, 0
282100, 15388, 1, 0, 0
282200, 13806, 1, 0, 0
282300, 14732, 1, 0, 0
282400, 15448, 1, 0, 0
282500, 18012, 1, 0, 0
282600, 14497, 1, 0, 0
282700, 15127, 1, 0, 0
282800, 14273, 1, 0, 0
282900, 16708, 1, 0, 0
283000, 13152, 1, 0, 0
283100, 15760, 1, 0, 0
283201, 14900, 1, 0, 0
283301, 15225, 1, 0, 0
283400, 16245, 1, 0, 0
283500, 15056, 1, 0, 0
283600, 14778, 1, 0, 0
283700, 13883, 1, 0, 0
283800, 16579, 1, 0, 0
283900, 16466, 1, 0, 0
284000, 15005, 1, 0, 0
284101, 17552, 1, 0, 0
284200, 15995, 1, 0, 0
284300, 14126, 1, 0, 0
284400, 14899, 1, 0, 0
284500, 17050, 1, 0, 0
284600, 13238, 1, 0, 0
284700, 14281, 1, 0, 0
284800, 18244, 1, 0, 0
284900, 16492, 1, 0, 0
285000, 14560, 1, 0, 0
285100, 17674, 1, 0, 0
285200, 13393, 1, 0, 0
285300, 14115, 1, 0, 0
285400, 15190, 1, 0, 0
285500, 15347, 1, 0, 0
285600, 14711, 1, 0, 0
285700, 13926, 1, 0, 0
285800, 17159, 1, 0, 0
285900, 15271, 1, 0, 0
286000, 18152, 1, 0, 0
286100, 15454, 1, 0, 0
286200, 19245, 1, 0, 0
286300, 14988, 1, 0, 0
286400, 16249, 1, 0, 0
286500, 14055, 1, 0, 0
286600, 20479, 1, 0, 0
286700, 19631, 1, 0, 0
286800, 16747, 1, 0, 0
286900, 15474, 1, 0, 0
287000, 15939, 1, 0, 0
287100, 15324, 1, 0, 0
287201, 13883, 1, 0, 0
287300, 13819, 1, 0, 0
287400, 12980, 1, 0, 0
287500, 12398, 1, 0, 0
287600, 13672, 1, 0, 0
287700, 15154, 1, 0, 0
287800, 16382, 1, 0, 0
287900, 14936, 1, 0, 0
288000, 15993, 1, 0, 0
288100, 16863, 1, 0, 0
288200, 14092, 1, 0, 0
288300, 16616, 1, 0, 0
288400, 16714, 1, 0, 0
288500, 16112, 1, 0, 0
288600, 17884, 1, 0, 0
288700, 13491, 1, 0, 0
288800, 14886, 1, 0, 0
288901, 14232, 1, 0, 0
289000, 15333, 1, 0, 0
289100, 16966, 1, 0, 0
289200, 16787, 1, 0, 0
289300, 14552, 1, 0, 0
289400, 16910, 1, 0, 0
289500, 21708, 1, 0, 0
289601, 14204, 1, 0, 0
289700, 15151, 1, 0, 0
289800, 14151, 1, 0, 0
289900, 14944, 1, 0, 0
290000, 14548, 1, 0, 0
290100, 12793, 1, 0, 0
290200, 14760, 1, 0, 0
290300, 12909, 1, 0, 0
290400, 16911, 1, 0, 0
290500, 15104, 1, 0, 0
290600, 15815, 1, 0, 0
290700, 16637, 1, 0, 0
290800, 14656, 1, 0, 0
290900, 17918, 1, 0, 0
291000, 13600, 1, 0, 0
291100, 14066, 1, 0, 0
291200, 13822, 1, 0, 0
291301, 14581, 1, 0, 0
291400, 13439, 1, 0, 0
291501, 14436, 1, 0, 0
291600, 13738, 1, 0, 0
291700, 14969, 1, 0, 0
291800, 14942, 1, 0, 0
291900, 13091, 1, 0, 0
292001, 15721, 1, 0, 0
292101, 16477, 1, 0, 0
292200, 12880, 1, 0, 0
292300, 13551, 1, 0, 0
292400, 15684, 1, 0, 0
292500, 14781, 1, 0, 0
292601, 14851, 1, 0, 0
292700, 15510, 1, 0, 0
292800, 16273, 1, 0, 0
292900, 13520, 1, 0, 0
293000, 17794, 1, 0, 0
293100, 16097, 1, 0, 0
293200, 17371, 1, 0, 0
293300, 19425, 1, 0, 0
293400, 18916, 1, 0, 0
293500, 17913, 1, 0, 0
293600, 14731, 1, 0, 0
293700, 18514, 1, 0, 0
293800, 15798, 1, 0, 0
293900, 15649, 1, 0, 0
294000, 14842, 1, 0, 0
294100, 16366, 1, 0, 0
294200, 17686, 1, 0, 0
294301, 13947, 1, 0, 0
294400, 13881, 1, 0, 0
294500, 16267, 1, 0, 0
294600, 14051, 1, 0, 0
294700, 18840, 1, 0, 0
294800, 16665, 1, 0, 0
294901, 16272, 1, 0, 0
295000, 17359, 1, 0, 0
295100, 17679, 1, 0, 0
295200, 14813, 1, 0, 0
295300, 14274, 1, 0, 0
295400, 15516, 1, 0, 0
295500, 16225, 1, 0, 0
295600, 17248, 1, 0, 0
295700, 17373, 1, 0, 0
295800, 15782, 1, 0, 0
295901, 19376, 1, 0, 0
296001, 15354, 1, 0, 0
296100, 17097, 1, 0, 0
296200, 16965, 1, 0, 0
296300, 17311, 1, 0, 0
296400, 14612, 1, 0, 0
296500, 20310, 1, 0, 0
296600, 16592, 1, 0, 0
296701, 14747, 1, 0, 0
296800, 15739, 1, 0, 0
296900, 13238, 1, 0, 0
297000, 15474, 1, 0, 0
297100, 17608, 1, 0, 0
297200, 13504, 1, 0, 0
297300, 20520, 1, 0, 0
297400, 16268, 1, 0, 0
297500, 15646, 1, 0, 0
297600, 17935, 1, 0, 0
297700, 16831, 1, 0, 0
297800, 15260, 1, 0, 0
297901, 15090, 1, 0, 0
298000, 14331, 1, 0, 0
298100, 15351, 1, 0, 0
298200, 13886, 1, 0, 0
298300, 19914, 1, 0, 0
298400, 17081, 1, 0, 0
298501, 20365, 1, 0, 0
298600, 15396, 1, 0, 0
298700, 16340, 1, 0, 0
298800, 15539, 1, 0, 0
298900, 15340, 1, 0, 0
299001, 15663, 1, 0, 0
299100, 13992, 1, 0, 0
299200, 16771, 1, 0, 0
299300, 14000, 1, 0, 0
299400, 13395, 1, 0, 0
299500, 13283, 1, 0, 0
299600, 13414, 1, 0, 0
299700, 12298, 1, 0, 0
299800, 17367, 1, 0, 0
299900, 15474, 1, 0, 0
300000, 14701, 1, 0, 0
300101, 18416, 1, 0, 0
300200, 14478, 1, 0, 0
300300, 17473, 1, 0, 0
300400, 16228, 1, 0, 0
300500, 16460, 1, 0, 0
300600, 16953, 1, 0, 0
300700, 14413, 1, 0, 0
300800, 15289, 1, 0, 0
300900, 15525, 1, 0, 0
301000, 16944, 1, 0, 0
301100, 18113, 1, 0, 0
301200, 13678, 1, 0, 0
301300, 13562, 1, 0, 0
301400, 14083, 1, 0, 0
301500, 13921, 1, 0, 0
301600, 16387, 1, 0, 0
301700, 15009, 1, 0, 0
301800, 14599, 1, 0, 0
301900, 13655, 1, 0, 0
302000, 15185, 1, 0, 0
302100, 14226, 1, 0, 0
302201, 13120, 1, 0, 0
302300, 14222, 1, 0, 0
302400, 13837, 1, 0, 0
302500, 16908, 1, 0, 0
302600, 19032, 1, 0, 0
302700, 13754, 1, 0, 0
302800, 14825, 1, 0, 0
302900, 14552, 1, 0, 0
303000, 13834, 1, 0, 0
303100, 13450, 1, 0, 0
303200, 13706, 1, 0, 0
303300, 17588, 1, 0, 0
303400, 17541, 1, 0, 0
303500, 16883, 1, 0, 0
303600, 15769, 1, 0, 0
303700, 15868, 1, 0, 0
303800, 15629, 1, 0, 0
303900, 14202, 1, 0, 0
304000, 15161, 1, 0, 0
304101, 13478, 1, 0, 0
304200, 16513, 1, 0, 0
304301, 19981, 1, 0, 0
304400, 15964, 1, 0, 0
304500, 13754, 1, 0, 0
304600, 16084, 1, 0, 0
304701, 16405, 1, 0, 0
304800, 15150, 1, 0, 0
304900, 17369, 1, 0, 0
305000, 13445, 1, 0, 0
305100, 14649, 1, 0, 0
305201, 15974, 1, 0, 0
305300, 17037, 1, 0, 0
305400, 17378, 1, 0, 0
305500, 16506, 1, 0, 0
305600, 15315, 1, 0, 0
305700, 17556, 1, 0, 0
305800, 15400, 1, 0, 0
305900, 16500, 1, 0, 0
306000, 15175, 1, 0, 0
306100, 15045, 1, 0, 0
306200, 16741, 1, 0, 0
306300, 19305, 1, 0, 0
306400, 17195, 1, 0, 0
306500, 15484, 1, 0, 0
306600, 14836, 1, 0, 0
306701, 18114, 1, 0, 0
306800, 19449, 1, 0, 0
306900, 16504, 1, 0, 0
307000, 15220, 1, 0, 0
307100, 13685, 1, 0, 0
307200, 13634, 1, 0, 0
307300, 14308, 1, 0, 0
307400, 13777, 1, 0, 0
307500, 16690, 1, 0, 0
307600, 15860, 1, 0, 0
307700, 14053, 1, 0, 0
307800, 14818, 1, 0, 0
307900, 13407, 1, 0, 0
308000, 14121, 1, 0, 0
308100, 14524, 1, 0, 0
308200, 14703, 1, 0, 0
308300, 14852, 1, 0, 0
308400, 17862, 1, 0, 0
308500, 15379, 1, 0, 0
308600, 19963, 1, 0, 0
308700, 15047, 1, 0, 0
308800, 12615, 1, 0, 0
308900, 15183, 1, 0, 0
309000, 14273, 1, 0, 0
309100, 13314, 1, 0, 0
309200, 18605, 1, 0, 0
309300, 16508, 1, 0, 0
309400, 13065, 1, 0, 0
309500, 13696, 1, 0, 0
309600, 17765, 1, 0, 0
309700, 17529, 1, 0, 0
309800, 17039, 1, 0, 0
309900, 17712, 1, 0, 0
310000, 15411, 1, 0, 0
310100, 14445, 1, 0, 0
310200, 13345, 1, 0, 0
310300, 14656, 1, 0, 0
310400, 16805, 1, 0, 0
310500, 14904, 1, 0, 0
310600, 16982, 1, 0, 0
310700, 14081, 1, 0, 0
310800, 15306, 1, 0, 0
310900, 14277, 1, 0, 0
311000, 13479, 1, 0, 0
311100, 15997, 1, 0, 0
311200, 15796, 1, 0, 0
311300, 13246, 1, 0, 0
311400, 14415, 1, 0, 0
311500, 12695, 1, 0, 0
311600, 14662, 1, 0, 0
311700, 21750, 1, 0, 0
311800, 16099, 1, 0, 0
311900, 14780, 1, 0, 0
312000, 15057, 1, 0, 0
312100, 18555, 1, 0, 0
312200, 13709, 1, 0, 0
312300, 14034, 1, 0, 0
312400, 17102, 1, 0, 0
312500, 19467, 1, 0, 0
312600, 16024, 1, 0, 0
312700, 14601, 1, 0, 0
312800, 13429, 1, 0, 0
312900, 15222, 1, 0, 0
313000, 16246, 1, 0, 0
313100, 15601, 1, 0, 0
313200, 13656, 1, 0, 0
313300, 15149, 1, 0, 0
313400, 15171, 1, 0, 0
313500, 18325, 1, 0, 0
313600, 15143, 1, 0, 0
313700, 13471, 1, 0, 0
313800, 17371, 1, 0, 0
313900, 17901, 1, 0, 0
314000, 17670, 1, 0, 0
314100, 13834, 1, 0, 0
314200, 14372, 1, 0, 0
314300, 16988, 1, 0, 0
314401, 17315, 1, 0, 0
314501, 15111, 1, 0, 0
314600, 16444, 1, 0, 0
314700, 15143, 1, 0, 0
314800, 15009, 1, 0, 0
314900, 14931, 1, 0, 0
315000, 14948, 1, 0, 0
315101, 14402, 1, 0, 0
315200, 16368, 1, 0, 0
315300, 14049, 1, 0, 0
315400, 18146, 1, 0, 0
315500, 16018, 1, 0, 0
315600, 15182, 1, 0, 0
315700, 14674, 1, 0, 0
315800, 15870, 1, 0, 0
315900, 13140, 1, 0, 0
316000, 17872, 1, 0, 0
316100, 13480, 1, 0, 0
316200, 15799, 1, 0, 0
316301, 15866, 1, 0, 0
316400, 18957, 1, 0, 0
316500, 14772, 1, 0, 0
316601, 14380, 1, 0, 0
316700, 19959, 1, 0, 0
316800, 13940, 1, 0, 0
316901, 16971, 1, 0, 0
317000, 14938, 1, 0, 0
317100, 16559, 1, 0, 0
317200, 14147, 1, 0, 0
317300, 16756, 1, 0, 0
317400, 17915, 1, 0, 0
317500, 13939, 1, 0, 0
317600, 15037, 1, 0, 0
317700, 13665, 1, 0, 0
317800, 15866, 1, 0, 0
317900, 13713, 1, 0, 0
318000, 17414, 1, 0, 0
318100, 15452, 1, 0, 0
318200, 17058, 1, 0, 0
318300, 18599, 1, 0, 0
318400, 17716, 1, 0, 0
318500, 17385, 1, 0, 0
318600, 13135, 1, 0, 0
318700, 12444, 1, 0, 0
318800, 14834, 1, 0, 0
318900, 14699, 1, 0, 0
319000, 16112, 1, 0, 0
319100, 15019, 1, 0, 0
319200, 16268, 1, 0, 0
319300, 15218, 1, 0, 0
319400, 17424, 1, 0, 0
319501, 16936, 1, 0, 0
319600, 17876, 1, 0, 0
319700, 17550, 1, 0, 0
319800, 15307, 1, 0, 0
319900, 16007, 1, 0, 0
320000, 16135, 1, 0, 0
320100, 13540, 1, 0, 0
320200, 13878, 1, 0, 0
320300, 18264, 1, 0, 0
320400, 17457, 1, 0, 0
320500, 15804, 1, 0, 0
320600, 14607, 1, 0, 0
320700, 17559, 1, 0, 0
320800, 15151, 1, 0, 0
320900, 14850, 1, 0, 0
321000, 17761, 1, 0, 0
321100, 14904, 1, 0, 0
321200, 16207, 1, 0, 0
321300, 17207, 1, 0, 0
321400, 16921, 1, 0, 0
321500, 14136, 1, 0, 0
321600, 17276, 1, 0, 0
321700, 18943, 1, 0, 0
321800, 17389, 1, 0, 0
321900, 14435, 1, 0, 0
322000, 14296, 1, 0, 0
322100, 17557, 1, 0, 0
322200, 16048, 1, 0, 0
322300, 17513, 1, 0, 0
322400, 19744, 1, 0, 0
322500, 15287, 1, 0, 0
322600, 16201, 1, 0, 0
322700, 15994, 1, 0, 0
322800, 21721, 1, 0, 0
322900, 14713, 1, 0, 0
323000, 15600, 1, 0, 0
323100, 14869, 1, 0, 0
323200, 18931, 1, 0, 0
323300, 19316, 1, 0, 0
323400, 15530, 1, 0, 0
323500, 19947, 1, 0, 0
323600, 17438, 1, 0, 0
323700, 15066, 1, 0, 0
323800, 15705, 1, 0, 0
323901, 18226, 1, 0, 0
324000, 14081, 1, 0, 0
324100, 15045, 1, 0, 0
324200, 18965, 1, 0, 0
324300, 17751, 1, 0, 0
324400, 17602, 1, 0, 0
324500, 17444, 1, 0, 0
324600, 16423, 1, 0, 0
324700, 20280, 1, 0, 0
324801, 15429, 1, 0, 0
324900, 16929, 1, 0, 0
325000, 14675, 1, 0, 0
325100, 17929, 1, 0, 0
325200, 16134, 1, 0, 0
325300, 15250, 1, 0, 0
325400, 13460, 1, 0, 0
325500, 19123, 1, 0, 0
325601, 16869, 1, 0, 0
325700, 13693, 1, 0, 0
325800, 13456, 1, 0, 0
325900, 15754, 1, 0, 0
326001, 15941, 1, 0, 0
326100, 17346, 1, 0, 0
326200, 17496, 1, 0, 0
326300, 17428, 1, 0, 0
326400, 16081, 1, 0, 0
326500, 18370, 1, 0, 0
326600, 14832, 1, 0, 0
326700, 17011, 1, 0, 0
326800, 14606, 1, 0, 0
326900, 17297, 1, 0, 0
327000, 15371, 1, 0, 0
327100, 17261, 1, 0, 0
327200, 14590, 1, 0, 0
327301, 18076, 1, 0, 0
327400, 16948, 1, 0, 0
327500, 13130, 1, 0, 0
327600, 18533, 1, 0, 0
327700, 13846, 1, 0, 0
327800, 14178, 1, 0, 0
327900, 14076, 1, 0, 0
328000, 16695, 1, 0, 0
328100, 15545, 1, 0, 0
328201, 14706, 1, 0, 0
328300, 17706, 1, 0, 0
328400, 13447, 1, 0, 0
328500, 14026, 1, 0, 0
328600, 16498, 1, 0, 0
328700, 14316, 1, 0, 0
328801, 13389, 1, 0, 0
328900, 12656, 1, 0, 0
329000, 15148, 1, 0, 0
329100, 15888, 1, 0, 0
329200, 14686, 1, 0, 0
329300, 15528, 1, 0, 0
329400, 15213, 1, 0, 0
329500, 14431, 1, 0, 0
329600, 14274, 1, 0, 0
329700, 17985, 1, 0, 0
329800, 15988, 1, 0, 0
329902, 13057, 1, 0, 0
330000, 15624, 1, 0, 0
330100, 13433, 1, 0, 0
330200, 14225, 1, 0, 0
330300, 16829, 1, 0, 0
330400, 16744, 1, 0, 0
330500, 16316, 1, 0, 0
330600, 13882, 1, 0, 0
330700, 14755, 1, 0, 0
330800, 15393, 1, 0, 0
330900, 20325, 1, 0, 0
331000, 18120, 1, 0, 0
331100, 17560, 1, 0, 0
331200, 14866, 1, 0, 0
331300, 15333, 1, 0, 0
331400, 13926, 1, 0, 0
331500, 20462, 1, 0, 0
331600, 19233, 1, 0, 0
331700, 18607, 1, 0, 0
331800, 14152, 1, 0, 0
331900, 15098, 1, 0, 0
332001, 14745, 1, 0, 0
332100, 13423, 1, 0, 0
332200, 18099, 1, 0, 0
332302, 15135, 1, 0, 0
332400, 13283, 1, 0, 0
332500, 15526, 1, 0, 0
332600, 16208, 1, 0, 0
332700, 13865, 1, 0, 0
332800, 15497, 1, 0, 0
332900, 13955, 1, 0, 0
333000, 14999, 1, 0, 0
333100, 16289, 1, 0, 0
333200, 14830, 1, 0, 0
333301, 19010, 1, 0, 0
333400, 19391, 1, 0, 0
333500, 15431, 1, 0, 0
333600, 14631, 1, 0, 0
333700, 14965, 1, 0, 0
333800, 17507, 1, 0, 0
333900, 16188, 1, 0, 0
334000, 14188, 1, 0, 0
334100, 17395, 1, 0, 0
334200, 15429, 1, 0, 0
334300, 15364, 1, 0, 0
334400, 16827, 1, 0, 0
334500, 13559, 1, 0, 0
334600, 16226, 1, 0, 0
334700, 14273, 1, 0, 0
334800, 14990, 1, 0, 0
334900, 15951, 1, 0, 0
335000, 16465, 1, 0, 0
335100, 14525, 1, 0, 0
335200, 14901, 1, 0, 0
335300, 15646, 1, 0, 0
335400, 16742, 1, 0, 0
335500, 14614, 1, 0, 0
335600, 16211, 1, 0, 0
335700, 14122, 1, 0, 0
335800, 15161, 1, 0, 0
335900, 16492, 1, 0, 0
336000, 20632, 1, 0, 0
336100, 16899, 1, 0, 0
336200, 16586, 1, 0, 0
336300, 16839, 1, 0, 0
336400, 13266, 1, 0, 0
336500, 12656, 1, 0, 0
336600, 16823, 1, 0, 0
336700, 17898, 1, 0, 0
336800, 15425, 1, 0, 0
336901, 18408, 1, 0, 0
337000, 14842, 1, 0, 0
337100, 13572, 1, 0, 0
337200, 13466, 1, 0, 0
337300, 13634, 1, 0, 0
337400, 13192, 1, 0, 0
337500, 13850, 1, 0, 0
337600, 18031, 1, 0, 0
337700, 17158, 1, 0, 0
337800, 17602, 1, 0, 0
337900, 14803, 1, 0, 0
338000, 16544, 1, 0, 0
338101, 15084, 1, 0, 0
338200, 16595, 1, 0, 0
338300, 15749, 1, 0, 0
338401, 14901, 1, 0, 0
338500, 16251, 1, 0, 0
338600, 15582, 1, 0, 0
338700, 13936, 1, 0, 0
338800, 12572, 1, 0, 0
338900, 14022, 1, 0, 0
339000, 13145, 1, 0, 0
339100, 13741, 1, 0, 0
339202, 18931, 1, 0, 0
339301, 15397, 1, 0, 0
339400, 16053, 1, 0, 0
339500, 18142, 1, 0, 0
339600, 15022, 1, 0, 0
339700, 14876, 1, 0, 0
339800, 17919, 1, 0, 0
339900, 15919, 1, 0, 0
340000, 16622, 1, 0, 0
340100, 17262, 1, 0, 0
340200, 18181, 1, 0, 0
340301, 18026, 1, 0, 0
340400, 14912, 1, 0, 0
340500, 15181, 1, 0, 0
340600, 14085, 1, 0, 0
340700, 16381, 1, 0, 0
340800, 14816, 1, 0, 0
340900, 14088, 1, 0, 0
341000, 16780, 1, 0, 0
341100, 16052, 1, 0, 0
341200, 13393, 1, 0, 0
341300, 13690, 1, 0, 0
341400, 17077, 1, 0, 0
341500, 16275, 1, 0, 0
341600, 21578, 1, 0, 0
341700, 15919, 1, 0, 0
341800, 15645, 1, 0, 0
341900, 13438, 1, 0, 0
342000, 16769, 1, 0, 0
342100, 14621, 1, 0, 0
342200, 16602, 1, 0, 0
342300, 15851, 1, 0, 0
342400, 16223, 1, 0, 0
342500, 17610, 1, 0, 0
342600, 18616, 1, 0, 0
342700, 15379, 1, 0, 0
342800, 14654, 1, 0, 0
342900, 15627, 1, 0, 0
343000, 14605, 1, 0, 0
343100, 12950, 1, 0, 0
343200, 16337, 1, 0, 0
343300, 14707, 1, 0, 0
343400, 17246, 1, 0, 0
343500, 15443, 1, 0, 0
343600, 15935, 1, 0, 0
343700, 17563, 1, 0, 0
343801, 13690, 1, 0, 0
343900, 12426, 1, 0, 0
344000, 15877, 1, 0, 0
344100, 18064, 1, 0, 0
344200, 15199, 1, 0, 0
344300, 16062, 1, 0, 0
344400, 15787, 1, 0, 0
344500, 12478, 1, 0, 0
344600, 18699, 1, 0, 0
344700, 14746, 1, 0, 0
344800, 15159, 1, 0, 0
344900, 17076, 1, 0, 0
345000, 15833, 1, 0, 0
345100, 14193, 1, 0, 0
345200, 16157, 1, 0, 0
345300, 14175, 1, 0, 0
345400, 16104, 1, 0, 0
345500, 16890, 1, 0, 0
345600, 13250, 1, 0, 0
345700, 14103, 1, 0, 0
345800, 15322, 1, 0, 0
345900, 16612, 1, 0, 0
346000, 16146, 1, 0, 0
346100, 14595, 1, 0, 0
346200, 18791, 1, 0, 0
346300, 14441, 1, 0, 0
346400, 13392, 1, 0, 0
346500, 14563, 1, 0, 0
346600, 16832, 1, 0, 0
346701, 18697, 1, 0, 0
346800, 19560, 1, 0, 0
346900, 15894, 1, 0, 0
347000, 17174, 1, 0, 0
347101, 15032, 1, 0, 0
347200, 12519, 1, 0, 0
347300, 13233, 1, 0, 0
347400, 12893, 1, 0, 0
347500, 14012, 1, 0, 0
347600, 19395, 1, 0, 0
347700, 14369, 1, 0, 0
347800, 13983, 1, 0, 0
347900, 18625, 1, 0, 0
348000, 14981, 1, 0, 0
348100, 16674, 1, 0, 0
348201, 17429, 1, 0, 0
348300, 15703, 1, 0, 0
348400, 14870, 1, 0, 0
348500, 13735, 1, 0, 0
348600, 16076, 1, 0, 0
348700, 15734, 1, 0, 0
348800, 14628, 1, 0, 0
348900, 13224, 1, 0, 0
349002, 14728, 1, 0, 0
349100, 18388, 1, 0, 0
349200, 19543, 1, 0, 0
349300, 15924, 1, 0, 0
349400, 17212, 1, 0, 0
349501, 16739, 1, 0, 0
349601, 14493, 1, 0, 0
349700, 15848, 1, 0, 0
349800, 15046, 1, 0, 0
349900, 18628, 1, 0, 0
350000, 13851, 1, 0, 0
350100, 20408, 1, 0, 0
350200, 16852, 1, 0, 0
350300, 18402, 1, 0, 0
350400, 15279, 1, 0, 0
350500, 13804, 1, 0, 0
350600, 13266, 1, 0, 0
350700, 15295, 1, 0, 0
350800, 13489, 1, 0, 0
350900, 18483, 1, 0, 0
351000, 19960, 1, 0, 0
351100, 20032, 1, 0, 0
351200, 15828, 1, 0, 0
351300, 14430, 1, 0, 0
351400, 15653, 1, 0, 0
351500, 16112, 1, 0, 0
351600, 13511, 1, 0, 0
351700, 16457, 1, 0, 0
351800, 13124, 1, 0, 0
351900, 14292, 1, 0, 0
352000, 13429, 1, 0, 0
352100, 13735, 1, 0, 0
352200, 12298, 1, 0, 0
352300, 15511, 1, 0, 0
352400, 16103, 1, 0, 0
352500, 16074, 1, 0, 0
352600, 16707, 1, 0, 0
352700, 13599, 1, 0, 0
352801, 15028, 1, 0, 0
352900, 18467, 1, 0, 0
353000, 14008, 1, 0, 0
353100, 13387, 1, 0, 0
353200, 13797, 1, 0, 0
353300, 16341, 1, 0, 0
353400, 15386, 1, 0, 0
353500, 15744, 1, 0, 0
353600, 16027, 1, 0, 0
353700, 18462, 1, 0, 0
353800, 19629, 1, 0, 0
353900, 16161, 1, 0, 0
354000, 16982, 1, 0, 0
354100, 17365, 1, 0, 0
354200, 14154, 1, 0, 0
354300, 15245, 1, 0, 0
354400, 16047, 1, 0, 0
354500, 14940, 1, 0, 0
354600, 16036, 1, 0, 0
354700, 15022, 1, 0, 0
354802, 19439, 1, 0, 0
354900, 17175, 1, 0, 0
355000, 18755, 1, 0, 0
355100, 19135, 1, 0, 0
355200, 17164, 1, 0, 0
355300, 17782, 1, 0, 0
355400, 14071, 1, 0, 0
355500, 16257, 1, 0, 0
355600, 16915, 1, 0, 0
355700, 15447, 1, 0, 0
355800, 17523, 1, 0, 0
355900, 15060, 1, 0, 0
356000, 14249, 1, 0, 0
356100, 16373, 1, 0, 0
356201, 14569, 1, 0, 0
356300, 15106, 1, 0, 0
356400, 15087, 1, 0, 0
356500, 14144, 1, 0, 0
356600, 14243, 1, 0, 0
356700, 16181, 1, 0, 0
356800, 13627, 1, 0, 0
356901, 14644, 1, 0, 0
357000, 19481, 1, 0, 0
357100, 17738, 1, 0, 0
357200, 17412, 1, 0, 0
357300, 17889, 1, 0, 0
357400, 18432, 1, 0, 0
357500, 16444, 1, 0, 0
357600, 14362, 1, 0, 0
357700, 14767, 1, 0, 0
357800, 13755, 1, 0, 0
357900, 16704, 1, 0, 0
358000, 15539, 1, 0, 0
358100, 17613, 1, 0, 0
358200, 18861, 1, 0, 0
358300, 16749, 1, 0, 0
358400, 12955, 1, 0, 0
358500, 16837, 1, 0, 0
358600, 18191, 1, 0, 0
358700, 19415, 1, 0, 0
358800, 20435, 1, 0, 0
358900, 17419, 1, 0, 0
359000, 18250, 1, 0, 0
359100, 13884, 1, 0, 0
359200, 16801, 1, 0, 0
359300, 13796, 1, 0, 0
359400, 17889, 1, 0, 0
359500, 18310, 1, 0, 0
359600, 16822, 1, 0, 0
359700, 17587, 1, 0, 0
359800, 18468, 1, 0, 0
359900, 13638, 1, 0, 0
360000, 16171, 1, 0, 0
360100, 16269, 1, 0, 0
360200, 16666, 1, 0, 0
360300, 17684, 1, 0, 0
360400, 17264, 1, 0, 0
360500, 13702, 1, 0, 0
360600, 14753, 1, 0, 0
360700, 16873, 1, 0, 0
360800, 16648, 1, 0, 0
360900, 16234, 1, 0, 0
361000, 17271, 1, 0, 0
361100, 15129, 1, 0, 0
361200, 15906, 1, 0, 0
361300, 13931, 1, 0, 0
361400, 18820, 1, 0, 0
361500, 14087, 1, 0, 0
361600, 14580, 1, 0, 0
361700, 16465, 1, 0, 0
361800, 12865, 1, 0, 0
361900, 13467, 1, 0, 0
362000, 13919, 1, 0, 0
362100, 13168, 1, 0, 0
362201, 13139, 1, 0, 0
362300, 13101, 1, 0, 0
362400, 16204, 1, 0, 0
362500, 13764, 1, 0, 0
362600, 13101, 1, 0, 0
362700, 16998, 1, 0, 0
362800, 15772, 1, 0, 0
362900, 16369, 1, 0, 0
363000, 15517, 1, 0, 0
363100, 16216, 1, 0, 0
363200, 14293, 1, 0, 0
363300, 12355, 1, 0, 0
363400, 15765, 1, 0, 0
363500, 19040, 1, 0, 0
363601, 17061, 1, 0, 0
363700, 15895, 1, 0, 0
363800, 13545, 1, 0, 0
363900, 16950, 1, 0, 0
364000, 14474, 1, 0, 0
364100, 14420, 1, 0, 0
364200, 14532, 1, 0, 0
364300, 15415, 1, 0, 0
364400, 19584, 1, 0, 0
364500, 17553, 1, 0, 0
364600, 16006, 1, 0, 0
364701, 13990, 1, 0, 0
364800, 14966, 1, 0, 0
364900, 13719, 1, 0, 0
365000, 15090, 1, 0, 0
365100, 15898, 1, 0, 0
365200, 13085, 1, 0, 0
365300, 17131, 1, 0, 0
365400, 15768, 1, 0, 0
365500, 14672, 1, 0, 0
365600, 14129, 1, 0, 0
365700, 15450, 1, 0, 0
365800, 16642, 1, 0, 0
365900, 13904, 1, 0, 0
366000, 16758, 1, 0, 0
366100, 18588, 1, 0, 0
366200, 16973, 1, 0, 0
366300, 18433, 1, 0, 0
366400, 20173, 1, 0, 0
366500, 18016, 1, 0, 0
366600, 15838, 1, 0, 0
366700, 15631, 1, 0, 0
366800, 14456, 1, 0, 0
366900, 17203, 1, 0, 0
367001, 13100, 1, 0, 0
367100, 15872, 1, 0, 0
367200, 15397, 1, 0, 0
367300, 16567, 1, 0, 0
367400, 13138, 1, 0, 0
367501, 15813, 1, 0, 0
367600, 15806, 1, 0, 0
367700, 14477, 1, 0, 0
367800, 16065, 1, 0, 0
367900, 13334, 1, 0, 0
368000, 16843, 1, 0, 0
368100, 13631, 1, 0, 0
368200, 14799, 1, 0, 0
368300, 20405, 1, 0, 0
368401, 13040, 1, 0, 0
368500, 13705, 1, 0, 0
368601, 19278, 1, 0, 0
368701, 14563, 1, 0, 0
368800, 14614, 1, 0, 0
368900, 12520, 1, 0, 0
369000, 13558, 1, 0, 0
369100, 14095, 1, 0, 0
369200, 12601, 1, 0, 0
369300, 14358, 1, 0, 0
369401, 13764, 1, 0, 0
369501, 14550, 1, 0, 0
369600, 16481, 1, 0, 0
369700, 17576, 1, 0, 0
369800, 17029, 1, 0, 0
369900, 15983, 1, 0, 0
370000, 17340, 1, 0, 0
370101, 13673, 1, 0, 0
370200, 17604, 1, 0, 0
370301, 16791, 1, 0, 0
370400, 13555, 1, 0, 0
370500, 14717, 1, 0, 0
370600, 16555, 1, 0, 0
370700, 14420, 1, 0, 0
370801, 15055, 1, 0, 0
370900, 15946, 1, 0, 0
371000, 15644, 1, 0, 0
371100, 14288, 1, 0, 0
371200, 15505, 1, 0, 0
371300, 16910, 1, 0, 0
371400, 13317, 1, 0, 0
371500, 16232, 1, 0, 0
371600, 16695, 1, 0, 0
371700, 14654, 1, 0, 0
371800, 17103, 1, 0, 0
371900, 19060, 1, 0, 0
372000, 17733, 1, 0, 0
372100, 13914, 1, 0, 0
372200, 13904, 1, 0, 0
372300, 16663, 1, 0, 0
372400, 18135, 1, 0, 0
372500, 12029, 1, 0, 0
372600, 13094, 1, 0, 0
372700, 13781, 1, 0, 0
372800, 16220, 1, 0, 0
372900, 13538, 1, 0, 0
373000, 14935, 1, 0, 0
373100, 16270, 1, 0, 0
373200, 15560, 1, 0, 0
373301, 13920, 1, 0, 0
373400, 15643, 1, 0, 0
373500, 17791, 1, 0, 0
373601, 13691, 1, 0, 0
373701, 16450, 1, 0, 0
373800, 15598, 1, 0, 0
373900, 13173, 1, 0, 0
374000, 18317, 1, 0, 0
374100, 17812, 1, 0, 0
374200, 17001, 1, 0, 0
374300, 17756, 1, 0, 0
374400, 17580, 1, 0, 0
374500, 13709, 1, 0, 0
374600, 18578, 1, 0, 0
374700, 13248, 1, 0, 0
374800, 16574, 1, 0, 0
374900, 18329, 1, 0, 0
375000, 14367, 1, 0, 0
375100, 18706, 1, 0, 0
375200, 16788, 1, 0, 0
375300, 17973, 1, 0, 0
375400, 16007, 1, 0, 0
375500, 15530, 1, 0, 0
375600, 15143, 1, 0, 0
375700, 14715, 1, 0, 0
375800, 16048, 1, 0, 0
375900, 16306, 1, 0, 0
376000, 16606, 1, 0, 0
376100, 16282, 1, 0, 0
376200, 14903, 1, 0, 0
376300, 14043, 1, 0, 0
376400, 15269, 1, 0, 0
376500, 17131, 1, 0, 0
376600, 14473, 1, 0, 0
376700, 15049, 1, 0, 0
376800, 12258, 1, 0, 0
376900, 14367, 1, 0, 0
377001, 16833, 1, 0, 0
377100, 15169, 1, 0, 0
377200, 17717, 1, 0, 0
377300, 15842, 1, 0, 0
377400, 16765, 1, 0, 0
377500, 16124, 1, 0, 0
377600, 17645, 1, 0, 0
377700, 14139, 1, 0, 0
377800, 14753, 1, 0, 0
377900, 16248, 1, 0, 0
378000, 14153, 1, 0, 0
378100, 15428, 1, 0, 0
378200, 15663, 1, 0, 0
378300, 17011, 1, 0, 0
378401, 14323, 1, 0, 0
378500, 13434, 1, 0, 0
378601, 13906, 1, 0, 0
378700, 14026, 1, 0, 0
378800, 14706, 1, 0, 0
378900, 16137, 1, 0, 0
379000, 19683, 1, 0, 0
379100, 15621, 1, 0, 0
379200, 19082, 1, 0, 0
379300, 14684, 1, 0, 0
379400, 15145, 1, 0, 0
379501, 16817, 1, 0, 0
379600, 14988, 1, 0, 0
379700, 14316, 1, 0, 0
379800, 20111, 1, 0, 0
379900, 15248, 1, 0, 0
380000, 14765, 1, 0, 0
380100, 16107, 1, 0, 0
380200, 12826, 1, 0, 0
380300, 14841, 1, 0, 0
380400, 16294, 1, 0, 0
380500, 13792, 1, 0, 0
380600, 18411, 1, 0, 0
380700, 18572, 1, 0, 0
380800, 14815, 1, 0, 0
380900, 15571, 1, 0, 0
381000, 13465, 1, 0, 0
381100, 16564, 1, 0, 0
381200, 15124, 1, 0, 0
381300, 14392, 1, 0, 0
381400, 13989, 1, 0, 0
381500, 16684, 1, 0, 0
381600, 14346, 1, 0, 0
381700, 16661, 1, 0, 0
381800, 17005, 1, 0, 0
381900, 16767, 1, 0, 0
382000, 15920, 1, 0, 0
382100, 15275, 1, 0, 0
382200, 16669, 1, 0, 0
382300, 16049, 1, 0, 0
382400, 16099, 1, 0, 0
382500, 18809, 1, 0, 0
382600, 15623, 1, 0, 0
382700, 14939, 1, 0, 0
382800, 15989, 1, 0, 0
382901, 19391, 1, 0, 0
383000, 18576, 1, 0, 0
383100, 18532, 1, 0, 0
383200, 16310, 1, 0, 0
383300, 19859, 1, 0, 0
383400, 19005, 1, 0, 0
383500, 17885, 1, 0, 0
383600, 17022, 1, 0, 0
383700, 17657, 1, 0, 0
383800, 12721, 1, 0, 0
383901, 14582, 1, 0, 0
384000, 15199, 1, 0, 0
384100, 15072, 1, 0, 0
384200, 15382, 1, 0, 0
384301, 15729, 1, 0, 0
384400, 14109, 1, 0, 0
384500, 17317, 1, 0, 0
384600, 16357, 1, 0, 0
384700, 16426, 1, 0, 0
384800, 17942, 1, 0, 0
384900, 14415, 1, 0, 0
385000, 14564, 1, 0, 0
385101, 14814, 1, 0, 0
385200, 15295, 1, 0, 0
385300, 17147, 1, 0, 0
385400, 14987, 1, 0, 0
385500, 16413, 1, 0, 0
385600, 18316, 1, 0, 0
385700, 15653, 1, 0, 0
385800, 15235, 1, 0, 0
385901, 15887, 1, 0, 0
386000, 16144, 1, 0, 0
386100, 17027, 1, 0, 0
386200, 17095, 1, 0, 0
386300, 18693, 1, 0, 0
386400, 16199, 1, 0, 0
386500, 13393, 1, 0, 0
386600, 15644, 1, 0, 0
386701, 14183, 1, 0, 0
386800, 13595, 1, 0, 0
386900, 18214, 1, 0, 0
387000, 13533, 1, 0, 0
387100, 17024, 1, 0, 0
387200, 16546, 1, 0, 0
387300, 16336, 1, 0, 0
387400, 15731, 1, 0, 0
387500, 20422, 1, 0, 0
387600, 14414, 1, 0, 0
387700, 16474, 1, 0, 0
387800, 13302, 1, 0, 0
387900, 14836, 1, 0, 0
388000, 14937, 1, 0, 0
388100, 12273, 1, 0, 0
388200, 13567, 1, 0, 0
388300, 15187, 1, 0, 0
388400, 16367, 1, 0, 0
388500, 18868, 1, 0, 0
388600, 15026, 1, 0, 0
388700, 16326, 1, 0, 0
388800, 18081, 1, 0, 0
388900, 12343, 1, 0, 0
389000, 14423, 1, 0, 0
389100, 13655, 1, 0, 0
389200, 14828, 1, 0, 0
389300, 19193, 1, 0, 0
389400, 13365, 1, 0, 0
389500, 17443, 1, 0, 0
389600, 17577, 1, 0, 0
389701, 14614, 1, 0, 0
389800, 17195, 1, 0, 0
389900, 16222, 1, 0, 0
390000, 13815, 1, 0, 0
390100, 17529, 1, 0, 0
390200, 15684, 1, 0, 0
390300, 13541, 1, 0, 0
390400, 14203, 1, 0, 0
390500, 17020, 1, 0, 0
390600, 16849, 1, 0, 0
390700, 15941, 1, 0, 0
390800, 13374, 1, 0, 0
390900, 17194, 1, 0, 0
391000, 17181, 1, 0, 0
391100, 14500, 1, 0, 0
391200, 14093, 1, 0, 0
391300, 17392, 1, 0, 0
391400, 16686, 1, 0, 0
391500, 15145, 1, 0, 0
391600, 15637, 1, 0, 0
391700, 15348, 1, 0, 0
391800, 17157, 1, 0, 0
391900, 15789, 1, 0, 0
392000, 15708, 1, 0, 0
392100, 14180, 1, 0, 0
392200, 17567, 1, 0, 0
392300, 14454, 1, 0, 0
392400, 16818, 1, 0, 0
392501, 16314, 1, 0, 0
392600, 14523, 1, 0, 0
392700, 15310, 1, 0, 0
392800, 13195, 1, 0, 0
392900, 13234, 1, 0, 0
393000, 13534, 1, 0, 0
393100, 15867, 1, 0, 0
393200, 15309, 1, 0, 0
393300, 15070, 1, 0, 0
393400, 16268, 1, 0, 0
393500, 19547, 1, 0, 0
393601, 13406, 1, 0, 0
393701, 14311, 1, 0, 0
393800, 19673, 1, 0, 0
393901, 16575, 1, 0, 0
394000, 15196, 1, 0, 0
394100, 13786, 1, 0, 0
394200, 14318, 1, 0, 0
394300, 17405, 1, 0, 0
394400, 16454, 1, 0, 0
394501, 15128, 1, 0, 0
394600, 17290, 1, 0, 0
394700, 14297, 1, 0, 0
394800, 16463, 1, 0, 0
394900, 16186, 1, 0, 0
395000, 17074, 1, 0, 0
395101, 19826, 1, 0, 0
395200, 17183, 1, 0, 0
395301, 18105, 1, 0, 0
395400, 15577, 1, 0, 0
395500, 14837, 1, 0, 0
395600, 15549, 1, 0, 0
395700, 22296, 1, 0, 0
395800, 19736, 1, 0, 0
395900, 14141, 1, 0, 0
396000, 17105, 1, 0, 0
396100, 16515, 1, 0, 0
396200, 16239, 1, 0, 0
396300, 13140, 1, 0, 0
396400, 14497, 1, 0, 0
396500, 15071, 1, 0, 0
396600, 15960, 1, 0, 0
396700, 15487, 1, 0, 0
396801, 15672, 1, 0, 0
396900, 17864, 1, 0, 0
397000, 17752, 1, 0, 0
397100, 19649, 1, 0, 0
397200, 14606, 1, 0, 0
397300, 14673, 1, 0, 0
397400, 16147, 1, 0, 0
397500, 17055, 1, 0, 0
397600, 16184, 1, 0, 0
397700, 21476, 1, 0, 0
397800, 15419, 1, 0, 0
397901, 14801, 1, 0, 0
398000, 12828, 1, 0, 0
398100, 15348, 1, 0, 0
398200, 17880, 1, 0, 0
398300, 15782, 1, 0, 0
398400, 13251, 1, 0, 0
398500, 14456, 1, 0, 0
398600, 17667, 1, 0, 0
398700, 15183, 1, 0, 0
398800, 16072, 1, 0, 0
398900, 17031, 1, 0, 0
399000, 17268, 1, 0, 0
399100, 15059, 1, 0, 0
399200, 15234, 1, 0, 0
399300, 16167, 1, 0, 0
399400, 16910, 1, 0, 0
399500, 16114, 1, 0, 0
399600, 15850, 1, 0, 0
399700, 13156, 1, 0, 0
399800, 20607, 1, 0, 0
399900, 16358, 1, 0, 0
400000, 17699, 1, 0, 0
400100, 15017, 1, 0, 0
400200, 14433, 1, 0, 0
400300, 13131, 1, 0, 0
400400, 16361, 1, 0, 0
400500, 17907, 1, 0, 0
400600, 16291, 1, 0, 0
400701, 14170, 1, 0, 0
400800, 16833, 1, 0, 0
400900, 16540, 1, 0, 0
401000, 15844, 1, 0, 0
401100, 14087, 1, 0, 0
401200, 15900, 1, 0, 0
401300, 15965, 1, 0, 0
401400, 16645, 1, 0, 0
401500, 12946, 1, 0, 0
401600, 14732, 1, 0, 0
401700, 19043, 1, 0, 0
401800, 16474, 1, 0, 0
401900, 14680, 1, 0, 0
402000, 17569, 1, 0, 0
402100, 14067, 1, 0, 0
402200, 17215, 1, 0, 0
402300, 16951, 1, 0, 0
402400, 16146, 1, 0, 0
402500, 17509, 1, 0, 0
402600, 13747, 1, 0, 0
402700, 15950, 1, 0, 0
402800, 15952, 1, 0, 0
402900, 17003, 1, 0, 0
403000, 17543, 1, 0, 0
403100, 19633, 1, 0, 0
403200, 13916, 1, 0, 0
403300, 17162, 1, 0, 0
403400, 16975, 1, 0, 0
403500, 17034, 1, 0, 0
403601, 16904, 1, 0, 0
403701, 14353, 1, 0, 0
403801, 14357, 1, 0, 0
403900, 14659, 1, 0, 0
404000, 16468, 1, 0, 0
404100, 17506, 1, 0, 0
404200, 20048, 1, 0, 0
404300, 18675, 1, 0, 0
404400, 14907, 1, 0, 0
404500, 17919, 1, 0, 0
404600, 18777, 1, 0, 0
404700, 17310, 1, 0, 0
404800, 17435, 1, 0, 0
404901, 15718, 1, 0, 0
405000, 20433, 1, 0, 0
405100, 16590, 1, 0, 0
405200, 20042, 1, 0, 0
405300, 19522, 1, 0, 0
405400, 18508, 1, 0, 0
405500, 14242, 1, 0, 0
405600, 13325, 1, 0, 0
405700, 16982, 1, 0, 0
405800, 14902, 1, 0, 0
405901, 17848, 1, 0, 0
406001, 13666, 1, 0, 0
406101, 13520, 1, 0, 0
406201, 14569, 1, 0, 0
406300, 13598, 1, 0, 0
406400, 13730, 1, 0, 0
406500, 17110, 1, 0, 0
406600, 15774, 1, 0, 0
406700, 14850, 1, 0, 0
406800, 14204, 1, 0, 0
406900, 14688, 1, 0, 0
407001, 14376, 1, 0, 0
407100, 17050, 1, 0, 0
407200, 17394, 1, 0, 0
407300, 19724, 1, 0, 0
407401, 17502, 1, 0, 0
407500, 12961, 1, 0, 0
407600, 14392, 1, 0, 0
407700, 12033, 1, 0, 0
407800, 15055, 1, 0, 0
407900, 12966, 1, 0, 0
408000, 14746, 1, 0, 0
408100, 14027, 1, 0, 0
408200, 17974, 1, 0, 0
408300, 16205, 1, 0, 0
408400, 17724, 1, 0, 0
408500, 13133, 1, 0, 0
408601, 14077, 1, 0, 0
408700, 13211, 1, 0, 0
408800, 17335, 1, 0, 0
408900, 18325, 1, 0, 0
409000, 18919, 1, 0, 0
409101, 16120, 1, 0, 0
409201, 15499, 1, 0, 0
409300, 14906, 1, 0, 0
409400, 17719, 1, 0, 0
409500, 14800, 1, 0, 0
409600, 14114, 1, 0, 0
409700, 15230, 1, 0, 0
409800, 17659, 1, 0, 0
409900, 14120, 1, 0, 0
410000, 16197, 1, 0, 0
410100, 15616, 1, 0, 0
410200, 16125, 1, 0, 0
410300, 14837, 1, 0, 0
410400, 14195, 1, 0, 0
410500, 14470, 1, 0, 0
410600, 14428, 1, 0, 0
410700, 17062, 1, 0, 0
410800, 18598, 1, 0, 0
410900, 18102, 1, 0, 0
411000, 16281, 1, 0, 0
411100, 15805, 1, 0, 0
411200, 14318, 1, 0, 0
411300, 14896, 1, 0, 0
411400, 14732, 1, 0, 0
411500, 18904, 1, 0, 0
411600, 17476, 1, 0, 0
411700, 14888, 1, 0, 0
411800, 15551, 1, 0, 0
411900, 15463, 1, 0, 0
412000, 13138, 1, 0, 0
412100, 16403, 1, 0, 0
412201, 19542, 1, 0, 0
412300, 15284, 1, 0, 0
412400, 15135, 1, 0, 0
412500, 14507, 1, 0, 0
412600, 17825, 1, 0, 0
412700, 13643, 1, 0, 0
412800, 17633, 1, 0, 0
412900, 17035, 1, 0, 0
413000, 17453, 1, 0, 0
413100, 12904, 1, 0, 0
413200, 13358, 1, 0, 0
413300, 20033, 1, 0, 0
413401, 16483, 1, 0, 0
413500, 15414, 1, 0, 0
413600, 15205, 1, 0, 0
413700, 16029, 1, 0, 0
413800, 13777, 1, 0, 0
413900, 14886, 1, 0, 0
414000, 18163, 1, 0, 0
414100, 15403, 1, 0, 0
414200, 14633, 1, 0, 0
414300, 15379, 1, 0, 0
414400, 14603, 1, 0, 0
414500, 14787, 1, 0, 0
414600, 17368, 1, 0, 0
414700, 17050, 1, 0, 0
414800, 16116, 1, 0, 0
414900, 15343, 1, 0, 0
415000, 15576, 1, 0, 0
415100, 16744, 1, 0, 0
415200, 17158, 1, 0, 0
415300, 17086, 1, 0, 0
415400, 19317, 1, 0, 0
415500, 14436, 1, 0, 0
415601, 16808, 1, 0, 0
415700, 13932, 1, 0, 0
415800, 13858, 1, 0, 0
415900, 15625, 1, 0, 0
416000, 15311, 1, 0, 0
416100, 17576, 1, 0, 0
416200, 13066, 1, 0, 0
416300, 18007, 1, 0, 0
416400, 17429, 1, 0, 0
416500, 14526, 1, 0, 0
416600, 14240, 1, 0, 0
416700, 15917, 1, 0, 0
416800, 13082, 1, 0, 0
416900, 14556, 1, 0, 0
417000, 17515, 1, 0, 0
417100, 15871, 1, 0, 0
417200, 14145, 1, 0, 0
417300, 15667, 1, 0, 0
417400, 13410, 1, 0, 0
417500, 16096, 1, 0, 0
417600, 17598, 1, 0, 0
417700, 16200, 1, 0, 0
417800, 14777, 1, 0, 0
417900, 15974, 1, 0, 0
418000, 17541, 1, 0, 0
418100, 14511, 1, 0, 0
418200, 14059, 1, 0, 0
418300, 16460, 1, 0, 0
418400, 16782, 1, 0, 0
418500, 15111, 1, 0, 0
418600, 17353, 1, 0, 0
418700, 16115, 1, 0, 0
418800, 16759, 1, 0, 0
418900, 14709, 1, 0, 0
419000, 15681, 1, 0, 0
419100, 14446, 1, 0, 0
419200, 14653, 1, 0, 0
419300, 16118, 1, 0, 0
419400, 13064, 1, 0, 0
419500, 14788, 1, 0, 0
419600, 17230, 1, 0, 0
419700, 15584, 1, 0, 0
419800, 13761, 1, 0, 0
419900, 13690, 1, 0, 0
420000, 14924, 1, 0, 0
420100, 16263, 1, 0, 0
420200, 12665, 1, 0, 0
420300, 17817, 1, 0, 0
420400, 16546, 1, 0, 0
420500, 18591, 1, 0, 0
420600, 14422, 1, 0, 0
420700, 16733, 1, 0, 0
420800, 16288, 1, 0, 0
420900, 13950, 1, 0, 0
421000, 17753, 1, 0, 0
421100, 14487, 1, 0, 0
421200, 16980, 1, 0, 0
421300, 18746, 1, 0, 0
421401, 15620, 1, 0, 0
421500, 14559, 1, 0, 0
421600, 16118, 1, 0, 0
421700, 14328, 1, 0, 0
421800, 18934, 1, 0, 0
421900, 13239, 1, 0, 0
422000, 14878, 1, 0, 0
422100, 15684, 1, 0, 0
422200, 16771, 1, 0, 0
422300, 17686, 1, 0, 0
422400, 16124, 1, 0, 0
422502, 14001, 1, 0, 0
422600, 16482, 1, 0, 0
422700, 16413, 1, 0, 0
422800, 16323, 1, 0, 0
422900, 13690, 1, 0, 0
423001, 17395, 1, 0, 0
423100, 15760, 1, 0, 0
423200, 18182, 1, 0, 0
423300, 16878, 1, 0, 0
423400, 15036, 1, 0, 0
423501, 17211, 1, 0, 0
423600, 18450, 1, 0, 0
423700, 14821, 1, 0, 0
423801, 17849, 1, 0, 0
423900, 19444, 1, 0, 0
424000, 16667, 1, 0, 0
424100, 17396, 1, 0, 0
424200, 14977, 1, 0, 0
424300, 15467, 1, 0, 0
424400, 16026, 1, 0, 0
424500, 14471, 1, 0, 0
424600, 14357, 1, 0, 0
424700, 13117, 1, 0, 0
424800, 16169, 1, 0, 0
424900, 17942, 1, 0, 0
425000, 18261, 1, 0, 0
425100, 15141, 1, 0, 0
425200, 13192, 1, 0, 0
425300, 14924, 1, 0, 0
425400, 13935, 1, 0, 0
425500, 14162, 1, 0, 0
425600, 15594, 1, 0, 0
425700, 14279, 1, 0, 0
425800, 16897, 1, 0, 0
425900, 17296, 1, 0, 0
426000, 20300, 1, 0, 0
426100, 12981, 1, 0, 0
426200, 12942, 1, 0, 0
426300, 15778, 1, 0, 0
426400, 14729, 1, 0, 0
426500, 19050, 1, 0, 0
426600, 15415, 1, 0, 0
426700, 18117, 1, 0, 0
426800, 18493, 1, 0, 0
426900, 14638, 1, 0, 0
427000, 15428, 1, 0, 0
427100, 16097, 1, 0, 0
427200, 15489, 1, 0, 0
427300, 13288, 1, 0, 0
427400, 14833, 1, 0, 0
427500, 15276, 1, 0, 0
427600, 14493, 1, 0, 0
427700, 13702, 1, 0, 0
427800, 16218, 1, 0, 0
427900, 18227, 1, 0, 0
428000, 17709, 1, 0, 0
428101, 18488, 1, 0, 0
428200, 14569, 1, 0, 0
428300, 14175, 1, 0, 0
428400, 17765, 1, 0, 0
428500, 16247, 1, 0, 0
428601, 16783, 1, 0, 0
428700, 17493, 1, 0, 0
428800, 16779, 1, 0, 0
428900, 17677, 1, 0, 0
429000, 15243, 1, 0, 0
429100, 17555, 1, 0, 0
429200, 15076, 1, 0, 0
429300, 15032, 1, 0, 0
429400, 16678, 1, 0, 0
429500, 16641, 1, 0, 0
429600, 15019, 1, 0, 0
429700, 15853, 1, 0, 0
429801, 12828, 1, 0, 0
429901, 17480, 1, 0, 0
430000, 16554, 1, 0, 0
430100, 16753, 1, 0, 0
430200, 18266, 1, 0, 0
430300, 17968, 1, 0, 0
430400, 17161, 1, 0, 0
430500, 13793, 1, 0, 0
430600, 15827, 1, 0, 0
430700, 18577, 1, 0, 0
430800, 15130, 1, 0, 0
430900, 16297, 1, 0, 0
431000, 17798, 1, 0, 0
431100, 14131, 1, 0, 0
431200, 16688, 1, 0, 0
431300, 15586, 1, 0, 0
431400, 15837, 1, 0, 0
431500, 15789, 1, 0, 0
431600, 13827, 1, 0, 0
431700, 13230, 1, 0, 0
431800, 13307, 1, 0, 0
431900, 13685, 1, 0, 0
432001, 16325, 1, 0, 0
432100, 14683, 1, 0, 0
432200, 14478, 1, 0, 0
432300, 16910, 1, 0, 0
432401, 15207, 1, 0, 0
432500, 16075, 1, 0, 0
432600, 15236, 1, 0, 0
432700, 17361, 1, 0, 0
432800, 20356, 1, 0, 0
432901, 15831, 1, 0, 0
433000, 14108, 1, 0, 0
433100, 17342, 1, 0, 0
433200, 14948, 1, 0, 0
433300, 16936, 1, 0, 0
433400, 17113, 1, 0, 0
433500, 15686, 1, 0, 0
433600, 16251, 1, 0, 0
433700, 16720, 1, 0, 0
433800, 15639, 1, 0, 0
433900, 15893, 1, 0, 0
434000, 13584, 1, 0, 0
434100, 15793, 1, 0, 0
434200, 15553, 1, 0, 0
434302, 19224, 1, 0, 0
434400, 18081, 1, 0, 0
434500, 15350, 1, 0, 0
434600, 15223, 1, 0, 0
434700, 14710, 1, 0, 0
434800, 17296, 1, 0, 0
434900, 14869, 1, 0, 0
435000, 18531, 1, 0, 0
435100, 13833, 1, 0, 0
435200, 14425, 1, 0, 0
435300, 13094, 1, 0, 0
435400, 13334, 1, 0, 0
435500, 18851, 1, 0, 0
435601, 17324, 1, 0, 0
435700, 14030, 1, 0, 0
435800, 17423, 1, 0, 0
435902, 18076, 1, 0, 0
436000, 13618, 1, 0, 0
436100, 15024, 1, 0, 0
436200, 17176, 1, 0, 0
436300, 14836, 1, 0, 0
436400, 16371, 1, 0, 0
436500, 15634, 1, 0, 0
436600, 14922, 1, 0, 0
436700, 15341, 1, 0, 0
436800, 15682, 1, 0, 0
436900, 14969, 1, 0, 0
437000, 15315, 1, 0, 0
437100, 13524, 1, 0, 0
437200, 14837, 1, 0, 0
437300, 15872, 1, 0, 0
437400, 14525, 1, 0, 0
437500, 17774, 1, 0, 0
437600, 16064, 1, 0, 0
437700, 16242, 1, 0, 0
437800, 14220, 1, 0, 0
437900, 15899, 1, 0, 0
438000, 13409, 1, 0, 0
438100, 15657, 1, 0, 0
438200, 17218, 1, 0, 0
438300, 17212, 1, 0, 0
438400, 13558, 1, 0, 0
438500, 14907, 1, 0, 0
438600, 14528, 1, 0, 0
438700, 15209, 1, 0, 0
438800, 12710, 1, 0, 0
438900, 15271, 1, 0, 0
439000, 13832, 1, 0, 0
439100, 17794, 1, 0, 0
439200, 19654, 1, 0, 0
439300, 17948, 1, 0, 0
439400, 13110, 1, 0, 0
439500, 13223, 1, 0, 0
439600, 16859, 1, 0, 0
439700, 14657, 1, 0, 0
439800, 17156, 1, 0, 0
439901, 13281, 1, 0, 0
440000, 13945, 1, 0, 0
440100, 15758, 1, 0, 0
440200, 17947, 1, 0, 0
440300, 15386, 1, 0, 0
440400, 14282, 1, 0, 0
440500, 19205, 1, 0, 0
440600, 14318, 1, 0, 0
440700, 17299, 1, 0, 0
440800, 15231, 1, 0, 0
440900, 15765, 1, 0, 0
441000, 17231, 1, 0, 0
441100, 13881, 1, 0, 0
441200, 14136, 1, 0, 0
441300, 18201, 1, 0, 0
441400, 16081, 1, 0, 0
441500, 17230, 1, 0, 0
441600, 16566, 1, 0, 0
441700, 13364, 1, 0, 0
441800, 12987, 1, 0, 0
441900, 13924, 1, 0, 0
442000, 15331, 1, 0, 0
442100, 13829, 1, 0, 0
442200, 13898, 1, 0, 0
442301, 13931, 1, 0, 0
442400, 13334, 1, 0, 0
442501, 13798, 1, 0, 0
442600, 13266, 1, 0, 0
442700, 17193, 1, 0, 0
442800, 17590, 1, 0, 0
442900, 16282, 1, 0, 0
443000, 16451, 1, 0, 0
443100, 16777, 1, 0, 0
443200, 18415, 1, 0, 0
443300, 17924, 1, 0, 0
443400, 17649, 1, 0, 0
443500, 15687, 1, 0, 0
443600, 17448, 1, 0, 0
443700, 17359, 1, 0, 0
443800, 15485, 1, 0, 0
443900, 14350, 1, 0, 0
444000, 14949, 1, 0, 0
444100, 16320, 1, 0, 0
444200, 14347, 1, 0, 0
444300, 13452, 1, 0, 0
444400, 16979, 1, 0, 0
444500, 16154, 1, 0, 0
444600, 14701, 1, 0, 0
444700, 17973, 1, 0, 0
444800, 16917, 1, 0, 0
444900, 14339, 1, 0, 0
445000, 16374, 1, 0, 0
445100, 15261, 1, 0, 0
445202, 16865, 1, 0, 0
445300, 17488, 1, 0, 0
445400, 17755, 1, 0, 0
445500, 17143, 1, 0, 0
445600, 16597, 1, 0, 0
445700, 15405, 1, 0, 0
445800, 14562, 1, 0, 0
445900, 18658, 1, 0, 0
446000, 16088, 1, 0, 0
446100, 15057, 1, 0, 0
446200, 18660, 1, 0, 0
446300, 15825, 1, 0, 0
446401, 16106, 1, 0, 0
446500, 15149, 1, 0, 0
446600, 17644, 1, 0, 0
446700, 13632, 1, 0, 0
446800, 16419, 1, 0, 0
446900, 16890, 1, 0, 0
447000, 17718, 1, 0, 0
447100, 15969, 1, 0, 0
447200, 16814, 1, 0, 0
447300, 14375, 1, 0, 0
447400, 15940, 1, 0, 0
447500, 13605, 1, 0, 0
447600, 16778, 1, 0, 0
447700, 17181, 1, 0, 0
447800, 18165, 1, 0, 0
447900, 15565, 1, 0, 0
448000, 15560, 1, 0, 0
448100, 14504, 1, 0, 0
448200, 19139, 1, 0, 0
448300, 19021, 1, 0, 0
448400, 15716, 1, 0, 0
448500, 16994, 1, 0, 0
448600, 14571, 1, 0, 0
448700, 16066, 1, 0, 0
448800, 13424, 1, 0, 0
448900, 15279, 1, 0, 0
449000, 17646, 1, 0, 0
449100, 14591, 1, 0, 0
449200, 15504, 1, 0, 0
449300, 19998, 1, 0, 0
449400, 13698, 1, 0, 0
449500, 15331, 1, 0, 0
449600, 20642, 1, 0, 0
449700, 19245, 1, 0, 0
449800, 18472, 1, 0, 0
449900, 16324, 1, 0, 0
450000, 15970, 1, 0, 0
450100, 20036, 1, 0, 0
450200, 13527, 1, 0, 0
450300, 17908, 1, 0, 0
450400, 19733, 1, 0, 0
450500, 15471, 1, 0, 0
450600, 14110, 1, 0, 0
450700, 16623, 1, 0, 0
450801, 16865, 1, 0, 0
450900, 17966, 1, 0, 0
451000, 15161, 1, 0, 0
451100, 15296, 1, 0, 0
451200, 15586, 1, 0, 0
451300, 14468, 1, 0, 0
451400, 15996, 1, 0, 0
451500, 18653, 1, 0, 0
451600, 18609, 1, 0, 0
451700, 15515, 1, 0, 0
451800, 15452, 1, 0, 0
451901, 16293, 1, 0, 0
452000, 16565, 1, 0, 0
452100, 15328, 1, 0, 0
452200, 17877, 1, 0, 0
452300, 15127, 1, 0, 0
452400, 16104, 1, 0, 0
452500, 16557, 1, 0, 0
452600, 17774, 1, 0, 0
452700, 14037, 1, 0, 0
452801, 19108, 1, 0, 0
452900, 17392, 1, 0, 0
453000, 15935, 1, 0, 0
453100, 18652, 1, 0, 0
453200, 14571, 1, 0, 0
453300, 15783, 1, 0, 0
453400, 18237, 1, 0, 0
453500, 19046, 1, 0, 0
453600, 14132, 1, 0, 0
453701, 14706, 1, 0, 0
453800, 15884, 1, 0, 0
453900, 17257, 1, 0, 0
454000, 19404, 1, 0, 0
454100, 14568, 1, 0, 0
454200, 17000, 1, 0, 0
454300, 16913, 1, 0, 0
454400, 16274, 1, 0, 0
454500, 17594, 1, 0, 0
454600, 20671, 1, 0, 0
454700, 18205, 1, 0, 0
454800, 18486, 1, 0, 0
454900, 13731, 1, 0, 0
455000, 17272, 1, 0, 0
455100, 15908, 1, 0, 0
455200, 15116, 1, 0, 0
455300, 15293, 1, 0, 0
455400, 14381, 1, 0, 0
455500, 18272, 1, 0, 0
455600, 16916, 1, 0, 0
455700, 18867, 1, 0, 0
455800, 14917, 1, 0, 0
455900, 18113, 1, 0, 0
456000, 13430, 1, 0, 0
456100, 14379, 1, 0, 0
456200, 19457, 1, 0, 0
456300, 16884, 1, 0, 0
456400, 17466, 1, 0, 0
456500, 18189, 1, 0, 0
456600, 13883, 1, 0, 0
456700, 14883, 1, 0, 0
456800, 14763, 1, 0, 0
456900, 16423, 1, 0, 0
457000, 17919, 1, 0, 0
457100, 14257, 1, 0, 0
457200, 15417, 1, 0, 0
457300, 15297, 1, 0, 0
457400, 16682, 1, 0, 0
457500, 13295, 1, 0, 0
457600, 15422, 1, 0, 0
457700, 17818, 1, 0, 0
457800, 16350, 1, 0, 0
457900, 14629, 1, 0, 0
458000, 16893, 1, 0, 0
458101, 14794, 1, 0, 0
458200, 15268, 1, 0, 0
458300, 19073, 1, 0, 0
458400, 15709, 1, 0, 0
458500, 16044, 1, 0, 0
458601, 17339, 1, 0, 0
458700, 15969, 1, 0, 0
458800, 14816, 1, 0, 0
458901, 17833, 1, 0, 0
459000, 15718, 1, 0, 0
459100, 14352, 1, 0, 0
459200, 18309, 1, 0, 0
459301, 17713, 1, 0, 0
459400, 16138, 1, 0, 0
459500, 15287, 1, 0, 0
459600, 16085, 1, 0, 0
459700, 13230, 1, 0, 0
459800, 13903, 1, 0, 0
459900, 14993, 1, 0, 0
460000, 16019, 1, 0, 0
460100, 17340, 1, 0, 0
460200, 15029, 1, 0, 0
460300, 13006, 1, 0, 0
460401, 16633, 1, 0, 0
460500, 21766, 1, 0, 0
460600, 13556, 1, 0, 0
460700, 16936, 1, 0, 0
460800, 13374, 1, 0, 0
460900, 15019, 1, 0, 0
461000, 14441, 1, 0, 0
461100, 17115, 1, 0, 0
461200, 15043, 1, 0, 0
461300, 14500, 1, 0, 0
461400, 15526, 1, 0, 0
461500, 14146, 1, 0, 0
461600, 16053, 1, 0, 0
461700, 13336, 1, 0, 0
461800, 12860, 1, 0, 0
461901, 15540, 1, 0, 0
462000, 17352, 1, 0, 0
462101, 17405, 1, 0, 0
462201, 21051, 1, 0, 0
462300, 18341, 1, 0, 0
462400, 14542, 1, 0, 0
462500, 18851, 1, 0, 0
462600, 16962, 1, 0, 0
462700, 15000, 1, 0, 0
462800, 13835, 1, 0, 0
462900, 18242, 1, 0, 0
463000, 12740, 1, 0, 0
463100, 12479, 1, 0, 0
463200, 16702, 1, 0, 0
463300, 18011, 1, 0, 0
463400, 17149, 1, 0, 0
463500, 14690, 1, 0, 0
463600, 19017, 1, 0, 0
463700, 13049, 1, 0, 0
463800, 16005, 1, 0, 0
463900, 18893, 1, 0, 0
464000, 14038, 1, 0, 0
464100, 12894, 1, 0, 0
464200, 13350, 1, 0, 0
464300, 15401, 1, 0, 0
464400, 15311, 1, 0, 0
464500, 13393, 1, 0, 0
464600, 13502, 1, 0, 0
464700, 13863, 1, 0, 0
464800, 17064, 1, 0, 0
464900, 13543, 1, 0, 0
465000, 18480, 1, 0, 0
465100, 12907, 1, 0, 0
465200, 14570, 1, 0, 0
465300, 15063, 1, 0, 0
465400, 16487, 1, 0, 0
465500, 15605, 1, 0, 0
465600, 15021, 1, 0, 0
465700, 15861, 1, 0, 0
465800, 16945, 1, 0, 0
465900, 15891, 1, 0, 0
466000, 16368, 1, 0, 0
466100, 16598, 1, 0, 0
466200, 14328, 1, 0, 0
466300, 16198, 1, 0, 0
466400, 15777, 1, 0, 0
466500, 17205, 1, 0, 0
466600, 14954, 1, 0, 0
466700, 14427, 1, 0, 0
466800, 19834, 1, 0, 0
466900, 17482, 1, 0, 0
467000, 14279, 1, 0, 0
467101, 17024, 1, 0, 0
467201, 15418, 1, 0, 0
467300, 13932, 1, 0, 0
467400, 14961, 1, 0, 0
467500, 14772, 1, 0, 0
467600, 17790, 1, 0, 0
467700, 14450, 1, 0, 0
467800, 13081, 1, 0, 0
467900, 15747, 1, 0, 0
468001, 19212, 1, 0, 0
468100, 17589, 1, 0, 0
468200, 13665, 1, 0, 0
468300, 16460, 1, 0, 0
468400, 15319, 1, 0, 0
468500, 14669, 1, 0, 0
468600, 14000, 1, 0, 0
468701, 17146, 1, 0, 0
468800, 14877, 1, 0, 0
468900, 14468, 1, 0, 0
469000, 15483, 1, 0, 0
469100, 12616, 1, 0, 0
469200, 18458, 1, 0, 0
469300, 16486, 1, 0, 0
469400, 16128, 1, 0, 0
469500, 14859, 1, 0, 0
469600, 13362, 1, 0, 0
469700, 15312, 1, 0, 0
469800, 16046, 1, 0, 0
469900, 18383, 1, 0, 0
470000, 17046, 1, 0, 0
470100, 18884, 1, 0, 0
470200, 16187, 1, 0, 0
470300, 13592, 1, 0, 0
470400, 15288, 1, 0, 0
470500, 16756, 1, 0, 0
470600, 17152, 1, 0, 0
470700, 16912, 1, 0, 0
470800, 13752, 1, 0, 0
470900, 16422, 1, 0, 0
471000, 16879, 1, 0, 0
471100, 14632, 1, 0, 0
471200, 15821, 1, 0, 0
471300, 13779, 1, 0, 0
471400, 15172, 1, 0, 0
471500, 13667, 1, 0, 0
471600, 14414, 1, 0, 0
471700, 15552, 1, 0, 0
471800, 15231, 1, 0, 0
471900, 14591, 1, 0, 0
472000, 19126, 1, 0, 0
472100, 15787, 1, 0, 0
472200, 18323, 1, 0, 0
472300, 13399, 1, 0, 0
472400, 17301, 1, 0, 0
472500, 20963, 1, 0, 0
472600, 14886, 1, 0, 0
472700, 18161, 1, 0, 0
472800, 16496, 1, 0, 0
472900, 18007, 1, 0, 0
473000, 13967, 1, 0, 0
473100, 15018, 1, 0, 0
473200, 14156, 1, 0, 0
473300, 18703, 1, 0, 0
473400, 17399, 1, 0, 0
473500, 13464, 1, 0, 0
473600, 16963, 1, 0, 0
473700, 15747, 1, 0, 0
473800, 14061, 1, 0, 0
473900, 13774, 1, 0, 0
474000, 13923, 1, 0, 0
474100, 15914, 1, 0, 0
474200, 14141, 1, 0, 0
474301, 16471, 1, 0, 0
474400, 21723, 1, 0, 0
474500, 15918, 1, 0, 0
474601, 13516, 1, 0, 0
474700, 16471, 1, 0, 0
474801, 14092, 1, 0, 0
474901, 12319, 1, 0, 0
475000, 17735, 1, 0, 0
475100, 19537, 1, 0, 0
475200, 16378, 1, 0, 0
475300, 15309, 1, 0, 0
475400, 12713, 1, 0, 0
475500, 17162, 1, 0, 0
475600, 14414, 1, 0, 0
475700, 14979, 1, 0, 0
475800, 13663, 1, 0, 0
475900, 12946, 1, 0, 0
476000, 15225, 1, 0, 0
476100, 16444, 1, 0, 0
476200, 14295, 1, 0, 0
476300, 18218, 1, 0, 0
476400, 17315, 1, 0, 0
476500, 15570, 1, 0, 0
476600, 15213, 1, 0, 0
476700, 14507, 1, 0, 0
476800, 19407, 1, 0, 0
476900, 16313, 1, 0, 0
477000, 16611, 1, 0, 0
477100, 14760, 1, 0, 0
477200, 19420, 1, 0, 0
477300, 14140, 1, 0, 0
477400, 16204, 1, 0, 0
477500, 17872, 1, 0, 0
477600, 15444, 1, 0, 0
477701, 16102, 1, 0, 0
477800, 16638, 1, 0, 0
477900, 15936, 1, 0, 0
478000, 17255, 1, 0, 0
478100, 17933, 1, 0, 0
478200, 15206, 1, 0, 0
478300, 13474, 1, 0, 0
478400, 14707, 1, 0, 0
478500, 14301, 1, 0, 0
478601, 15439, 1, 0, 0
478700, 14819, 1, 0, 0
478800, 13739, 1, 0, 0
478900, 16011, 1, 0, 0
479000, 14178, 1, 0, 0
479100, 17715, 1, 0, 0
479200, 18220, 1, 0, 0
479300, 14983, 1, 0, 0
479400, 15670, 1, 0, 0
479500, 15868, 1, 0, 0
479601, 13553, 1, 0, 0
479700, 15850, 1, 0, 0
479800, 15763, 1, 0, 0
479900, 16613, 1, 0, 0
480000, 14946, 1, 0, 0
480100, 13673, 1, 0, 0
480200, 13137, 1, 0, 0
480300, 13781, 1, 0, 0
480400, 15462, 1, 0, 0
480500, 17193, 1, 0, 0
480600, 14686, 1, 0, 0
480700, 16012, 1, 0, 0
480800, 16222, 1, 0, 0
480900, 15044, 1, 0, 0
481000, 13228, 1, 0, 0
481100, 17472, 1, 0, 0
481200, 14005, 1, 0, 0
481300, 13155, 1, 0, 0
481400, 13053, 1, 0, 0
481501, 17861, 1, 0, 0
481600, 16658, 1, 0, 0
481700, 14102, 1, 0, 0
481800, 18663, 1, 0, 0
481900, 17576, 1, 0, 0
482000, 15721, 1, 0, 0
482100, 19119, 1, 0, 0
482200, 14433, 1, 0, 0
482301, 14718, 1, 0, 0
482400, 17319, 1, 0, 0
482500, 19193, 1, 0, 0
482600, 14147, 1, 0, 0
482700, 16748, 1, 0, 0
482800, 15237, 1, 0, 0
482900, 14465, 1, 0, 0
483000, 16495, 1, 0, 0
483100, 14080, 1, 0, 0
483200, 16802, 1, 0, 0
483300, 15828, 1, 0, 0
483400, 13246, 1, 0, 0
483500, 18733, 1, 0, 0
483602, 15550, 1, 0, 0
483700, 17059, 1, 0, 0
483800, 15689, 1, 0, 0
483900, 15817, 1, 0, 0
484000, 18389, 1, 0, 0
484100, 15865, 1, 0, 0
484200, 18558, 1, 0, 0
484300, 18743, 1, 0, 0
484400, 19007, 1, 0, 0
484500, 14369, 1, 0, 0
484600, 15194, 1, 0, 0
484700, 14810, 1, 0, 0
484800, 15224, 1, 0, 0
484901, 16049, 1, 0, 0
485000, 16561, 1, 0, 0
485100, 16795, 1, 0, 0
485200, 15132, 1, 0, 0
485300, 17487, 1, 0, 0
485400, 13685, 1, 0, 0
485500, 20093, 1, 0, 0
485600, 14861, 1, 0, 0
485700, 15483, 1, 0, 0
485800, 17405, 1, 0, 0
485900, 16148, 1, 0, 0
486000, 14181, 1, 0, 0
486100, 15141, 1, 0, 0
486200, 14141, 1, 0, 0
486300, 15946, 1, 0, 0
486400, 14064, 1, 0, 0
486500, 16354, 1, 0, 0
486600, 13992, 1, 0, 0
486700, 15188, 1, 0, 0
486800, 19046, 1, 0, 0
486900, 19198, 1, 0, 0
487000, 16777, 1, 0, 0
487100, 15270, 1, 0, 0
487200, 13357, 1, 0, 0
487300, 18157, 1, 0, 0
487400, 15410, 1, 0, 0
487500, 14781, 1, 0, 0
487600, 15117, 1, 0, 0
487700, 15227, 1, 0, 0
487800, 14934, 1, 0, 0
487900, 19399, 1, 0, 0
488000, 14920, 1, 0, 0
488100, 16994, 1, 0, 0
488200, 18411, 1, 0, 0
488300, 13475, 1, 0, 0
488401, 16687, 1, 0, 0
488500, 17545, 1, 0, 0
488600, 17487, 1, 0, 0
488700, 16893, 1, 0, 0
488800, 15563, 1, 0, 0
488900, 18303, 1, 0, 0
489000, 14925, 1, 0, 0
489100, 17034, 1, 0, 0
489200, 18877, 1, 0, 0
489301, 16401, 1, 0, 0
489400, 16490, 1, 0, 0
489500, 15827, 1, 0, 0
489601, 16524, 1, 0, 0
489700, 13657, 1, 0, 0
489800, 16460, 1, 0, 0
489900, 13422, 1, 0, 0
490000, 17474, 1, 0, 0
490100, 13037, 1, 0, 0
490200, 13093, 1, 0, 0
490300, 17063, 1, 0, 0
490401, 18133, 1, 0, 0
490500, 15891, 1, 0, 0
490600, 14366, 1, 0, 0
490701, 19228, 1, 0, 0
490801, 16050, 1, 0, 0
490900, 13120, 1, 0, 0
491000, 13970, 1, 0, 0
491100, 14963, 1, 0, 0
491200, 14732, 1, 0, 0
491300, 15607, 1, 0, 0
491400, 16947, 1, 0, 0
491500, 13164, 1, 0, 0
491600, 14495, 1, 0, 0
491700, 13694, 1, 0, 0
491800, 18209, 1, 0, 0
491900, 14091, 1, 0, 0
492000, 18442, 1, 0, 0
492101, 14956, 1, 0, 0
492201, 14266, 1, 0, 0
492300, 13792, 1, 0, 0
492400, 13835, 1, 0, 0
492500, 15395, 1, 0, 0
492600, 16695, 1, 0, 0
492700, 17340, 1, 0, 0
492800, 16370, 1, 0, 0
492900, 13891, 1, 0, 0
493000, 15222, 1, 0, 0
493100, 13589, 1, 0, 0
493200, 13983, 1, 0, 0
493300, 16747, 1, 0, 0
493400, 19129, 1, 0, 0
493500, 14939, 1, 0, 0
493600, 16079, 1, 0, 0
493700, 16074, 1, 0, 0
493800, 16683, 1, 0, 0
493900, 16595, 1, 0, 0
494000, 13428, 1, 0, 0
494100, 14484, 1, 0, 0
494200, 16036, 1, 0, 0
494300, 17420, 1, 0, 0
494400, 19278, 1, 0, 0
494500, 18380, 1, 0, 0
494600, 15316, 1, 0, 0
494700, 14187, 1, 0, 0
494800, 18356, 1, 0, 0
494900, 16594, 1, 0, 0
495000, 16775, 1, 0, 0
495100, 19183, 1, 0, 0
495200, 17217, 1, 0, 0
495301, 18233, 1, 0, 0
495401, 16889, 1, 0, 0
495500, 16053, 1, 0, 0
495600, 15187, 1, 0, 0
495700, 15737, 1, 0, 0
495800, 15663, 1, 0, 0
495900, 17494, 1, 0, 0
496000, 13523, 1, 0, 0
496100, 13955, 1, 0, 0
496200, 15304, 1, 0, 0
496300, 17046, 1, 0, 0
496400, 15878, 1, 0, 0
496500, 16875, 1, 0, 0
496601, 16016, 1, 0, 0
496700, 16830, 1, 0, 0
496801, 17180, 1, 0, 0
496900, 15557, 1, 0, 0
497000, 17449, 1, 0, 0
497100, 16026, 1, 0, 0
497200, 17484, 1, 0, 0
497300, 16204, 1, 0, 0
497400, 13694, 1, 0, 0
497500, 14126, 1, 0, 0
497600, 13456, 1, 0, 0
497700, 14705, 1, 0, 0
497800, 16289, 1, 0, 0
497900, 15849, 1, 0, 0
498000, 16029, 1, 0, 0
498100, 15600, 1, 0, 0
498200, 16898, 1, 0, 0
498300, 16837, 1, 0, 0
498400, 18112, 1, 0, 0
498501, 16624, 1, 0, 0
498600, 16560, 1, 0, 0
498700, 18973, 1, 0, 0
498800, 17463, 1, 0, 0
498900, 15627, 1, 0, 0
499000, 15720, 1, 0, 0
499100, 16428, 1, 0, 0
499201, 17898, 1, 0, 0
499300, 16707, 1, 0, 0
499400, 14464, 1, 0, 0
499500, 14019, 1, 0, 0
499600, 15054, 1, 0, 0
499700, 19132, 1, 0, 0
499800, 16563, 1, 0, 0
499900, 15021, 1, 0, 0
500000, 18446, 1, 0, 0
500100, 14947, 1, 0, 0
500201, 14057, 1, 0, 0
500300, 17395, 1, 0, 0
500400, 17734, 1, 0, 0
500500, 15530, 1, 0, 0
500600, 13481, 1, 0, 0
500702, 13716, 1, 0, 0
500800, 14187, 1, 0, 0
500900, 16257, 1, 0, 0
501000, 16217, 1, 0, 0
501100, 17485, 1, 0, 0
501200, 18072, 1, 0, 0
501300, 13540, 1, 0, 0
501400, 18256, 1, 0, 0
501500, 14391, 1, 0, 0
501600, 16488, 1, 0, 0
501700, 16862, 1, 0, 0
501800, 18970, 1, 0, 0
501900, 13361, 1, 0, 0
502000, 13344, 1, 0, 0
502100, 16867, 1, 0, 0
502200, 14104, 1, 0, 0
502300, 18397, 1, 0, 0
502400, 14410, 1, 0, 0
502500, 16055, 1, 0, 0
502600, 13015, 1, 0, 0
502701, 15683, 1, 0, 0
502801, 14328, 1, 0, 0
502900, 12386, 1, 0, 0
503000, 15394, 1, 0, 0
503100, 15381, 1, 0, 0
503200, 15371, 1, 0, 0
503300, 15283, 1, 0, 0
503400, 18300, 1, 0, 0
503500, 18102, 1, 0, 0
503600, 17518, 1, 0, 0
503700, 13997, 1, 0, 0
503800, 14509, 1, 0, 0
503900, 13329, 1, 0, 0
504000, 14931, 1, 0, 0
504100, 20174, 1, 0, 0
504200, 15274, 1, 0, 0
504300, 15042, 1, 0, 0
504400, 14696, 1, 0, 0
504501, 14276, 1, 0, 0
504600, 14000, 1, 0, 0
504700, 13977, 1, 0, 0
504802, 14121, 1, 0, 0
504902, 17997, 1, 0, 0
505000, 17435, 1, 0, 0
505100, 14219, 1, 0, 0
505200, 16273, 1, 0, 0
505300, 14498, 1, 0, 0
505400, 15712, 1, 0, 0
505500, 17161, 1, 0, 0
505600, 15087, 1, 0, 0
505700, 15286, 1, 0, 0
505800, 14269, 1, 0, 0
505900, 13951, 1, 0, 0
506000, 15203, 1, 0, 0
506100, 16240, 1, 0, 0
506200, 14042, 1, 0, 0
506300, 13542, 1, 0, 0
506400, 13970, 1, 0, 0
506500, 14880, 1, 0, 0
506600, 16393, 1, 0, 0
506700, 15826, 1, 0, 0
506800, 15008, 1, 0, 0
506900, 13439, 1, 0, 0
507002, 14799, 1, 0, 0
507100, 14294, 1, 0, 0
507200, 15826, 1, 0, 0
507300, 16132, 1, 0, 0
507400, 17975, 1, 0, 0
507500, 13747, 1, 0, 0
507600, 16911, 1, 0, 0
507700, 13379, 1, 0, 0
507800, 13120, 1, 0, 0
507900, 15264, 1, 0, 0
508000, 14813, 1, 0, 0
508100, 14011, 1, 0, 0
508200, 16424, 1, 0, 0
508300, 14784, 1, 0, 0
508400, 15540, 1, 0, 0
508500, 13670, 1, 0, 0
508600, 14749, 1, 0, 0
508700, 15506, 1, 0, 0
508801, 14794, 1, 0, 0
508900, 15960, 1, 0, 0
509000, 13917, 1, 0, 0
509100, 14025, 1, 0, 0
509200, 14947, 1, 0, 0
509300, 16372, 1, 0, 0
509400, 16431, 1, 0, 0
509500, 15136, 1, 0, 0
509600, 14454, 1, 0, 0
509700, 15452, 1, 0, 0
509800, 15253, 1, 0, 0
509900, 16285, 1, 0, 0
510000, 16696, 1, 0, 0
510101, 16187, 1, 0, 0
510200, 14840, 1, 0, 0
510300, 13516, 1, 0, 0
510400, 14507, 1, 0, 0
510500, 14232, 1, 0, 0
510600, 18586, 1, 0, 0
510700, 15378, 1, 0, 0
510800, 17764, 1, 0, 0
510900, 19528, 1, 0, 0
511000, 16256, 1, 0, 0
511100, 15007, 1, 0, 0
511200, 17151, 1, 0, 0
511300, 14503, 1, 0, 0
511400, 17427, 1, 0, 0
511500, 16447, 1, 0, 0
511600, 14743, 1, 0, 0
511701, 16449, 1, 0, 0
511800, 14624, 1, 0, 0
511900, 16032, 1, 0, 0
512000, 16825, 1, 0, 0
512100, 15221, 1, 0, 0
512200, 15883, 1, 0, 0
512300, 18114, 1, 0, 0
512400, 16025, 1, 0, 0
512500, 15772, 1, 0, 0
512600, 15498, 1, 0, 0
512700, 13863, 1, 0, 0
512800, 14406, 1, 0, 0
512900, 14957, 1, 0, 0
513000, 15030, 1, 0, 0
513100, 15603, 1, 0, 0
513200, 17586, 1, 0, 0
513300, 14879, 1, 0, 0
513400, 15323, 1, 0, 0
513500, 18516, 1, 0, 0
513600, 14159, 1, 0, 0
513700, 13395, 1, 0, 0
513800, 15470, 1, 0, 0
513900, 19900, 1, 0, 0
514000, 16381, 1, 0, 0
514100, 16362, 1, 0, 0
514200, 18486, 1, 0, 0
514300, 16470, 1, 0, 0
514400, 14896, 1, 0, 0
514500, 15345, 1, 0, 0
514601, 15613, 1, 0, 0
514700, 19957, 1, 0, 0
514800, 14360, 1, 0, 0
514900, 13621, 1, 0, 0
515000, 15951, 1, 0, 0
515100, 14437, 1, 0, 0
515200, 15969, 1, 0, 0
515300, 13844, 1, 0, 0
515401, 13758, 1, 0, 0
515500, 12908, 1, 0, 0
515601, 13469, 1, 0, 0
515700, 14634, 1, 0, 0
515800, 17190, 1, 0, 0
515900, 15634, 1, 0, 0
516000, 16139, 1, 0, 0
516100, 14232, 1, 0, 0
516200, 14490, 1, 0, 0
516300, 14851, 1, 0, 0
516400, 15083, 1, 0, 0
516500, 16482, 1, 0, 0
516600, 16729, 1, 0, 0
516700, 18030, 1, 0, 0
516800, 17882, 1, 0, 0
516900, 18127, 1, 0, 0
517000, 16420, 1, 0, 0
517100, 16051, 1, 0, 0
517200, 19046, 1, 0, 0
517300, 15772, 1, 0, 0
517400, 17727, 1, 0, 0
517500, 16735, 1, 0, 0
517600, 19476, 1, 0, 0
517700, 16988, 1, 0, 0
517800, 13926, 1, 0, 0
517900, 14188, 1, 0, 0
518000, 16048, 1, 0, 0
518100, 13298, 1, 0, 0
518201, 15597, 1, 0, 0
518300, 12571, 1, 0, 0
518400, 17712, 1, 0, 0
518500, 15680, 1, 0, 0
518600, 15921, 1, 0, 0
518700, 16730, 1, 0, 0
518800, 14535, 1, 0, 0
518900, 14229, 1, 0, 0
519000, 12957, 1, 0, 0
519100, 19030, 1, 0, 0
519200, 15868, 1, 0, 0
519300, 15173, 1, 0, 0
519400, 16829, 1, 0, 0
519500, 17606, 1, 0, 0
519600, 16479, 1, 0, 0
519700, 14665, 1, 0, 0
519800, 15719, 1, 0, 0
519900, 13079, 1, 0, 0
520000, 17117, 1, 0, 0
520100, 16151, 1, 0, 0
520200, 15672, 1, 0, 0
520300, 14898, 1, 0, 0
520400, 16507, 1, 0, 0
520500, 16792, 1, 0, 0
520600, 14590, 1, 0, 0
520700, 14194, 1, 0, 0
520801, 13189, 1, 0, 0
520900, 14929, 1, 0, 0
521000, 15797, 1, 0, 0
521101, 13949, 1, 0, 0
521200, 14837, 1, 0, 0
521300, 14631, 1, 0, 0
521400, 16986, 1, 0, 0
521500, 15788, 1, 0, 0
521600, 14853, 1, 0, 0
521700, 15085, 1, 0, 0
521800, 15214, 1, 0, 0
521900, 13415, 1, 0, 0
522000, 12846, 1, 0, 0
522100, 16017, 1, 0, 0
522200, 14602, 1, 0, 0
522300, 17551, 1, 0, 0
522400, 15027, 1, 0, 0
522500, 15581, 1, 0, 0
522600, 19199, 1, 0, 0
522700, 13578, 1, 0, 0
522800, 15420, 1, 0, 0
522900, 18265, 1, 0, 0
523000, 18114, 1, 0, 0
523100, 14770, 1, 0, 0
523200, 15483, 1, 0, 0
523300, 15089, 1, 0, 0
523401, 15595, 1, 0, 0
523501, 13563, 1, 0, 0
523600, 18729, 1, 0, 0
523700, 12666, 1, 0, 0
523800, 13606, 1, 0, 0
523900, 16942, 1, 0, 0
524000, 13801, 1, 0, 0
524100, 16574, 1, 0, 0
524200, 16142, 1, 0, 0
524300, 17752, 1, 0, 0
524401, 15732, 1, 0, 0
524501, 17002, 1, 0, 0
524600, 12928, 1, 0, 0
524700, 17512, 1, 0, 0
524800, 15321, 1, 0, 0
524900, 17200, 1, 0, 0
525000, 15458, 1, 0, 0
525100, 15222, 1, 0, 0
525200, 13202, 1, 0, 0
525300, 13426, 1, 0, 0
525400, 20567, 1, 0, 0
525500, 18507, 1, 0, 0
525600, 15419, 1, 0, 0
525700, 13914, 1, 0, 0
525800, 16774, 1, 0, 0
525900, 17600, 1, 0, 0
526000, 16105, 1, 0, 0
526100, 18252, 1, 0, 0
526200, 14299, 1, 0, 0
526300, 13558, 1, 0, 0
526400, 14725, 1, 0, 0
526500, 14320, 1, 0, 0
526600, 16693, 1, 0, 0
526700, 16719, 1, 0, 0
526800, 15702, 1, 0, 0
526900, 15241, 1, 0, 0
527000, 18315, 1, 0, 0
527100, 15879, 1, 0, 0
527200, 14140, 1, 0, 0
527300, 15245, 1, 0, 0
527401, 16231, 1, 0, 0
527500, 15026, 1, 0, 0
527600, 15966, 1, 0, 0
527700, 17407, 1, 0, 0
527800, 14842, 1, 0, 0
527900, 17913, 1, 0, 0
528000, 14038, 1, 0, 0
528100, 13858, 1, 0, 0
528200, 15540, 1, 0, 0
528300, 14078, 1, 0, 0
528400, 15071, 1, 0, 0
528500, 16180, 1, 0, 0
528600, 17598, 1, 0, 0
528700, 14298, 1, 0, 0
528800, 13167, 1, 0, 0
528900, 15377, 1, 0, 0
529000, 13568, 1, 0, 0
529100, 18375, 1, 0, 0
529200, 15822, 1, 0, 0
529300, 16375, 1, 0, 0
529400, 16419, 1, 0, 0
529500, 16341, 1, 0, 0
529600, 14870, 1, 0, 0
529700, 18627, 1, 0, 0
529800, 13470, 1, 0, 0
529900, 14563, 1, 0, 0
530000, 15611, 1, 0, 0
530100, 17186, 1, 0, 0
530200, 16676, 1, 0, 0
530300, 16905, 1, 0, 0
530400, 15118, 1, 0, 0
530500, 15610, 1, 0, 0
530600, 16627, 1, 0, 0
530700, 15149, 1, 0, 0
530800, 13799, 1, 0, 0
530900, 15894, 1, 0, 0
531000, 16764, 1, 0, 0
531100, 13576, 1, 0, 0
531200, 13416, 1, 0, 0
531300, 16479, 1, 0, 0
531400, 19455, 1, 0, 0
531500, 15879, 1, 0, 0
531600, 18508, 1, 0, 0
531700, 14677, 1, 0, 0
531800, 17454, 1, 0, 0
531900, 17191, 1, 0, 0
532000, 19998, 1, 0, 0
532100, 15766, 1, 0, 0
532200, 13884, 1, 0, 0
532300, 13780, 1, 0, 0
532400, 16610, 1, 0, 0
532500, 15340, 1, 0, 0
532600, 13752, 1, 0, 0
532700, 18200, 1, 0, 0
532800, 17914, 1, 0, 0
532900, 19109, 1, 0, 0
533000, 17583, 1, 0, 0
533100, 14024, 1, 0, 0
533200, 15183, 1, 0, 0
533300, 15375, 1, 0, 0
533400, 19697, 1, 0, 0
533500, 16389, 1, 0, 0
533600, 17646, 1, 0, 0
533700, 14773, 1, 0, 0
533800, 20806, 1, 0, 0
533900, 17278, 1, 0, 0
534000, 13994, 1, 0, 0
534100, 17142, 1, 0, 0
534201, 14850, 1, 0, 0
534301, 16354, 1, 0, 0
534400, 19316, 1, 0, 0
534500, 15706, 1, 0, 0
534600, 14007, 1, 0, 0
534700, 15516, 1, 0, 0
534800, 16859, 1, 0, 0
534900, 13879, 1, 0, 0
535000, 13609, 1, 0, 0
535100, 16398, 1, 0, 0
535200, 15071, 1, 0, 0
535300, 17354, 1, 0, 0
535400, 18126, 1, 0, 0
535500, 18046, 1, 0, 0
535600, 17275, 1, 0, 0
535700, 16471, 1, 0, 0
535800, 13682, 1, 0, 0
535900, 16833, 1, 0, 0
536000, 14936, 1, 0, 0
536100, 15470, 1, 0, 0
536200, 14717, 1, 0, 0
536300, 15059, 1, 0, 0
536400, 14515, 1, 0, 0
536500, 16714, 1, 0, 0
536600, 15500, 1, 0, 0
536700, 17547, 1, 0, 0
536800, 16101, 1, 0, 0
536900, 17219, 1, 0, 0
537000, 15699, 1, 0, 0
537100, 21813, 1, 0, 0
537200, 16043, 1, 0, 0
537300, 18779, 1, 0, 0
537400, 15357, 1, 0, 0
537500, 17760, 1, 0, 0
537600, 18137, 1, 0, 0
537700, 15953, 1, 0, 0
537800, 17334, 1, 0, 0
537900, 17782, 1, 0, 0
538000, 15124, 1, 0, 0
538100, 19913, 1, 0, 0
538200, 15053, 1, 0, 0
538301, 14720, 1, 0, 0
538400, 15062, 1, 0, 0
538500, 14504, 1, 0, 0
538600, 15014, 1, 0, 0
538700, 17411, 1, 0, 0
538801, 14593, 1, 0, 0
538900, 15357, 1, 0, 0
539000, 15095, 1, 0, 0
539100, 17979, 1, 0, 0
539200, 13188, 1, 0, 0
539300, 15727, 1, 0, 0
539400, 13011, 1, 0, 0
539500, 16466, 1, 0, 0
539600, 17886, 1, 0, 0
539700, 14841, 1, 0, 0
539800, 15218, 1, 0, 0
539900, 14001, 1, 0, 0
540000, 15147, 1, 0, 0
540100, 17147, 1, 0, 0
540200, 18234, 1, 0, 0
540300, 16171, 1, 0, 0
540400, 17345, 1, 0, 0
540500, 13225, 1, 0, 0
540600, 15237, 1, 0, 0
540700, 14140, 1, 0, 0
540800, 15815, 1, 0, 0
540900, 17082, 1, 0, 0
541000, 15369, 1, 0, 0
541100, 14750, 1, 0, 0
541200, 15984, 1, 0, 0
541301, 15893, 1, 0, 0
541400, 16778, 1, 0, 0
541500, 14457, 1, 0, 0
541600, 14360, 1, 0, 0
541700, 13453, 1, 0, 0
541801, 19067, 1, 0, 0
541900, 16982, 1, 0, 0
542000, 13652, 1, 0, 0
542100, 13592, 1, 0, 0
542200, 15079, 1, 0, 0
542300, 13656, 1, 0, 0
542400, 17581, 1, 0, 0
542500, 17549, 1, 0, 0
542600, 15051, 1, 0, 0
542700, 14869, 1, 0, 0
542800, 15864, 1, 0, 0
542900, 15503, 1, 0, 0
543000, 14127, 1, 0, 0
543100, 16274, 1, 0, 0
543200, 19025, 1, 0, 0
543300, 17982, 1, 0, 0
543400, 16462, 1, 0, 0
543501, 16027, 1, 0, 0
543600, 16645, 1, 0, 0
543700, 17604, 1, 0, 0
543800, 15464, 1, 0, 0
543900, 16383, 1, 0, 0
544000, 16254, 1, 0, 0
544100, 14872, 1, 0, 0
544200, 16396, 1, 0, 0
544300, 18650, 1, 0, 0
544400, 13359, 1, 0, 0
544501, 13131, 1, 0, 0
544600, 13250, 1, 0, 0
544700, 16840, 1, 0, 0
544800, 14615, 1, 0, 0
544900, 15328, 1, 0, 0
545001, 12873, 1, 0, 0
545100, 18703, 1, 0, 0
545200, 17170, 1, 0, 0
545300, 16666, 1, 0, 0
545400, 14566, 1, 0, 0
545500, 17177, 1, 0, 0
545600, 14757, 1, 0, 0
545700, 16248, 1, 0, 0
545800, 18857, 1, 0, 0
545900, 18804, 1, 0, 0
546000, 16280, 1, 0, 0
546100, 13776, 1, 0, 0
546200, 14115, 1, 0, 0
546300, 13197, 1, 0, 0
546400, 14759, 1, 0, 0
546500, 13580, 1, 0, 0
546600, 16188, 1, 0, 0
546700, 15084, 1, 0, 0
546800, 15899, 1, 0, 0
546900, 15167, 1, 0, 0
547000, 17158, 1, 0, 0
547100, 13285, 1, 0, 0
547201, 15625, 1, 0, 0
547300, 18359, 1, 0, 0
547400, 15796, 1, 0, 0
547500, 13190, 1, 0, 0
547600, 18460, 1, 0, 0
547700, 13936, 1, 0, 0
547800, 13041, 1, 0, 0
547900, 17670, 1, 0, 0
548000, 17120, 1, 0, 0
548100, 14534, 1, 0, 0
548201, 15505, 1, 0, 0
548300, 17521, 1, 0, 0
548400, 14596, 1, 0, 0
548500, 15460, 1, 0, 0
548600, 14669, 1, 0, 0
548700, 14093, 1, 0, 0
548800, 12996, 1, 0, 0
548900, 18568, 1, 0, 0
549000, 19000, 1, 0, 0
549100, 15938, 1, 0, 0
549200, 15071, 1, 0, 0
549300, 19748, 1, 0, 0
549400, 18320, 1, 0, 0
549500, 17247, 1, 0, 0
549600, 15422, 1, 0, 0
549700, 15485, 1, 0, 0
549800, 18648, 1, 0, 0
549900, 13873, 1, 0, 0
550001, 15788, 1, 0, 0
550100, 16934, 1, 0, 0
550200, 17202, 1, 0, 0
550300, 15200, 1, 0, 0
550400, 16899, 1, 0, 0
550501, 16248, 1, 0, 0
550600, 18578, 1, 0, 0
550700, 18530, 1, 0, 0
550800, 16873, 1, 0, 0
550900, 18626, 1, 0, 0
551000, 18731, 1, 0, 0
551100, 14554, 1, 0, 0
551200, 15118, 1, 0, 0
551300, 20108, 1, 0, 0
551400, 18578, 1, 0, 0
551500, 16321, 1, 0, 0
551600, 16006, 1, 0, 0
551700, 14508, 1, 0, 0
551800, 13019, 1, 0, 0
551900, 15132, 1, 0, 0
552000, 16247, 1, 0, 0
552102, 15192, 1, 0, 0
552200, 14247, 1, 0, 0
552300, 15972, 1, 0, 0
552400, 13336, 1, 0, 0
552500, 15350, 1, 0, 0
552600, 14494, 1, 0, 0
552700, 16120, 1, 0, 0
552800, 15529, 1, 0, 0
552900, 14706, 1, 0, 0
553000, 17341, 1, 0, 0
553101, 15435, 1, 0, 0
553200, 16504, 1, 0, 0
553300, 19669, 1, 0, 0
553400, 17196, 1, 0, 0
553500, 15804, 1, 0, 0
553600, 16576, 1, 0, 0
553700, 16892, 1, 0, 0
553801, 17051, 1, 0, 0
553900, 15939, 1, 0, 0
554000, 13744, 1, 0, 0
554100, 16291, 1, 0, 0
554200, 14244, 1, 0, 0
554300, 15725, 1, 0, 0
554400, 17014, 1, 0, 0
554500, 17728, 1, 0, 0
554601, 16543, 1, 0, 0
554700, 14478, 1, 0, 0
554800, 17268, 1, 0, 0
554900, 18841, 1, 0, 0
555000, 14440, 1, 0, 0
555100, 13887, 1, 0, 0
555200, 14763, 1, 0, 0
555301, 17242, 1, 0, 0
555400, 13869, 1, 0, 0
555500, 18437, 1, 0, 0
555601, 14907, 1, 0, 0
555700, 15150, 1, 0, 0
555800, 17608, 1, 0, 0
555900, 18578, 1, 0, 0
556000, 16867, 1, 0, 0
556101, 16816, 1, 0, 0
556201, 18291, 1, 0, 0
556300, 15474, 1, 0, 0
556400, 16044, 1, 0, 0
556500, 16567, 1, 0, 0
556600, 18059, 1, 0, 0
556700, 15744, 1, 0, 0
556801, 16475, 1, 0, 0
556900, 14269, 1, 0, 0
557000, 15493, 1, 0, 0
557100, 19680, 1, 0, 0
557200, 15019, 1, 0, 0
557300, 17388, 1, 0, 0
557400, 15164, 1, 0, 0
557500, 19513, 1, 0, 0
557600, 15411, 1, 0, 0
557700, 15251, 1, 0, 0
557800, 14853, 1, 0, 0
557900, 13676, 1, 0, 0
558000, 15063, 1, 0, 0
558100, 16656, 1, 0, 0
558200, 20550, 1, 0, 0
558300, 16283, 1, 0, 0
558400, 17370, 1, 0, 0
558500, 13793, 1, 0, 0
558600, 15708, 1, 0, 0
558700, 17001, 1, 0, 0
558800, 15440, 1, 0, 0
558900, 15511, 1, 0, 0
559000, 14118, 1, 0, 0
559100, 17926, 1, 0, 0
559200, 15226, 1, 0, 0
559300, 16018, 1, 0, 0
559400, 14695, 1, 0, 0
559500, 18564, 1, 0, 0
559600, 18550, 1, 0, 0
559700, 17329, 1, 0, 0
559800, 13788, 1, 0, 0
559900, 14247, 1, 0, 0
560001, 16926, 1, 0, 0
560100, 19146, 1, 0, 0
560200, 17759, 1, 0, 0
560300, 15968, 1, 0, 0
560400, 15342, 1, 0, 0
560500, 18510, 1, 0, 0
560600, 14742, 1, 0, 0
560700, 14119, 1, 0, 0
560800, 15943, 1, 0, 0
560900, 17744, 1, 0, 0
561000, 17621, 1, 0, 0
561101, 18082, 1, 0, 0
561200, 13820, 1, 0, 0
561300, 19749, 1, 0, 0
561400, 15261, 1, 0, 0
561500, 14248, 1, 0, 0
561600, 14829, 1, 0, 0
561700, 14770, 1, 0, 0
561800, 17314, 1, 0, 0
561900, 16604, 1, 0, 0
562000, 13951, 1, 0, 0
562100, 19947, 1, 0, 0
562200, 16835, 1, 0, 0
562300, 19847, 1, 0, 0
562401, 17929, 1, 0, 0
562500, 16149, 1, 0, 0
562600, 14268, 1, 0, 0
562700, 17852, 1, 0, 0
562800, 17690, 1, 0, 0
562901, 14101, 1, 0, 0
563000, 14438, 1, 0, 0
563100, 16295, 1, 0, 0
563200, 16843, 1, 0, 0
563300, 14916, 1, 0, 0
563400, 14584, 1, 0, 0
563500, 13188, 1, 0, 0
563600, 17341, 1, 0, 0
563700, 16506, 1, 0, 0
563800, 20634, 1, 0, 0
563900, 20815, 1, 0, 0
564000, 15756, 1, 0, 0
564100, 14602, 1, 0, 0
564200, 17313, 1, 0, 0
564300, 16007, 1, 0, 0
564400, 19507, 1, 0, 0
564500, 20403, 1, 0, 0
564600, 16230, 1, 0, 0
564700, 15166, 1, 0, 0
564800, 19529, 1, 0, 0
564900, 16748, 1, 0, 0
565000, 16443, 1, 0, 0
565101, 17065, 1, 0, 0
565200, 14588, 1, 0, 0
565300, 14568, 1, 0, 0
565400, 14683, 1, 0, 0
565500, 14684, 1, 0, 0
565600, 19893, 1, 0, 0
565700, 18649, 1, 0, 0
565800, 15835, 1, 0, 0
565900, 18220, 1, 0, 0
566001, 17665, 1, 0, 0
566100, 13604, 1, 0, 0
566200, 13571, 1, 0, 0
566300, 15434, 1, 0, 0
566400, 20048, 1, 0, 0
566500, 14063, 1, 0, 0
566601, 16678, 1, 0, 0
566700, 16640, 1, 0, 0
566800, 13667, 1, 0, 0
566900, 14218, 1, 0, 0
567000, 13438, 1, 0, 0
567100, 15536, 1, 0, 0
567200, 17295, 1, 0, 0
567300, 14874, 1, 0, 0
567400, 14495, 1, 0, 0
567500, 17740, 1, 0, 0
567600, 19729, 1, 0, 0
567700, 19291, 1, 0, 0
567800, 14462, 1, 0, 0
567900, 13674, 1, 0, 0
568000, 16466, 1, 0, 0
568100, 14235, 1, 0, 0
568200, 15459, 1, 0, 0
568300, 20211, 1, 0, 0
568400, 18090, 1, 0, 0
568500, 16432, 1, 0, 0
568600, 16621, 1, 0, 0
568700, 14000, 1, 0, 0
568800, 17481, 1, 0, 0
568900, 13894, 1, 0, 0
569000, 16669, 1, 0, 0
569100, 16154, 1, 0, 0
569200, 14087, 1, 0, 0
569300, 17739, 1, 0, 0
569400, 16000, 1, 0, 0
569500, 14212, 1, 0, 0
569600, 15401, 1, 0, 0
569700, 16626, 1, 0, 0
569800, 13780, 1, 0, 0
569900, 15242, 1, 0, 0
570000, 16127, 1, 0, 0
570100, 16326, 1, 0, 0
570200, 19352, 1, 0, 0
570300, 13538, 1, 0, 0
570400, 16467, 1, 0, 0
570500, 17892, 1, 0, 0
570600, 17370, 1, 0, 0
570700, 16001, 1, 0, 0
570800, 20074, 1, 0, 0
570900, 18187, 1, 0, 0
571000, 15545, 1, 0, 0
571101, 14434, 1, 0, 0
571200, 14863, 1, 0, 0
571300, 15374, 1, 0, 0
571400, 12910, 1, 0, 0
571500, 13798, 1, 0, 0
571601, 18472, 1, 0, 0
571700, 16891, 1, 0, 0
571800, 16931, 1, 0, 0
571900, 16139, 1, 0, 0
572000, 16392, 1, 0, 0
572100, 17083, 1, 0, 0
572200, 16417, 1, 0, 0
572300, 14477, 1, 0, 0
572400, 14559, 1, 0, 0
572500, 17438, 1, 0, 0
572600, 18117, 1, 0, 0
572700, 18447, 1, 0, 0
572800, 15242, 1, 0, 0
572901, 16992, 1, 0, 0
573000, 15616, 1, 0, 0
573100, 16931, 1, 0, 0
573200, 15906, 1, 0, 0
573300, 13415, 1, 0, 0
573400, 14783, 1, 0, 0
573500, 14917, 1, 0, 0
573600, 16424, 1, 0, 0
573700, 16121, 1, 0, 0
573800, 15410, 1, 0, 0
573901, 13749, 1, 0, 0
574000, 15324, 1, 0, 0
574100, 16181, 1, 0, 0
574201, 16104, 1, 0, 0
574300, 16294, 1, 0, 0
574400, 19469, 1, 0, 0
574500, 20470, 1, 0, 0
574600, 14530, 1, 0, 0
574700, 15443, 1, 0, 0
574800, 14793, 1, 0, 0
574900, 17427, 1, 0, 0
575000, 14084, 1, 0, 0
575100, 15749, 1, 0, 0
575200, 15988, 1, 0, 0
575300, 18956, 1, 0, 0
575400, 14537, 1, 0, 0
575500, 14153, 1, 0, 0
575600, 17570, 1, 0, 0
575702, 13748, 1, 0, 0
575800, 15379, 1, 0, 0
575900, 16055, 1, 0, 0
576000, 15069, 1, 0, 0
576100, 16384, 1, 0, 0
576200, 17285, 1, 0, 0
576300, 15009, 1, 0, 0
576400, 16510, 1, 0, 0
576500, 16761, 1, 0, 0
576600, 14057, 1, 0, 0
576700, 15059, 1, 0, 0
576801, 17836, 1, 0, 0
576900, 17457, 1, 0, 0
577000, 16229, 1, 0, 0
577100, 15690, 1, 0, 0
577200, 14989, 1, 0, 0
577300, 14136, 1, 0, 0
577400, 15201, 1, 0, 0
577500, 15658, 1, 0, 0
577600, 13430, 1, 0, 0
577700, 15889, 1, 0, 0
577800, 17807, 1, 0, 0
577900, 14925, 1, 0, 0
578000, 14549, 1, 0, 0
578100, 14082, 1, 0, 0
578201, 17055, 1, 0, 0
578300, 18109, 1, 0, 0
578400, 15436, 1, 0, 0
578500, 13146, 1, 0, 0
578600, 15264, 1, 0, 0
578700, 16397, 1, 0, 0
578800, 15269, 1, 0, 0
578900, 13999, 1, 0, 0
579000, 16794, 1, 0, 0
579100, 14221, 1, 0, 0
579200, 16706, 1, 0, 0
579300, 17843, 1, 0, 0
579400, 13887, 1, 0, 0
579500, 19428, 1, 0, 0
579600, 14576, 1, 0, 0
579700, 13120, 1, 0, 0
579800, 18885, 1, 0, 0
579900, 17684, 1, 0, 0
580000, 13609, 1, 0, 0
580100, 15943, 1, 0, 0
580200, 13103, 1, 0, 0
580300, 18256, 1, 0, 0
580400, 15918, 1, 0, 0
580500, 15290, 1, 0, 0
580600, 17665, 1, 0, 0
580700, 17563, 1, 0, 0
580800, 16296, 1, 0, 0
580900, 17614, 1, 0, 0
581000, 15454, 1, 0, 0
581100, 14677, 1, 0, 0
581200, 20010, 1, 0, 0
581300, 13408, 1, 0, 0
581400, 13177, 1, 0, 0
581500, 16335, 1, 0, 0
581600, 17957, 1, 0, 0
581700, 13816, 1, 0, 0
581800, 17298, 1, 0, 0
581900, 12882, 1, 0, 0
582000, 16923, 1, 0, 0
582101, 15367, 1, 0, 0
582200, 12678, 1, 0, 0
582300, 13885, 1, 0, 0
582400, 14067, 1, 0, 0
582500, 14660, 1, 0, 0
582600, 18038, 1, 0, 0
582700, 13982, 1, 0, 0
582800, 17808, 1, 0, 0
582900, 18024, 1, 0, 0
583000, 15200, 1, 0, 0
583100, 14483, 1, 0, 0
583200, 17230, 1, 0, 0
583300, 16332, 1, 0, 0
583400, 18930, 1, 0, 0
583500, 14607, 1, 0, 0
583600, 15785, 1, 0, 0
583700, 13129, 1, 0, 0
583800, 14858, 1, 0, 0
583900, 16505, 1, 0, 0
584000, 14891, 1, 0, 0
584100, 13695, 1, 0, 0
584200, 14386, 1, 0, 0
584301, 15172, 1, 0, 0
584400, 16777, 1, 0, 0
584500, 17850, 1, 0, 0
584600, 17410, 1, 0, 0
584700, 14120, 1, 0, 0
584800, 13722, 1, 0, 0
584900, 14908, 1, 0, 0
585000, 16771, 1, 0, 0
585100, 18071, 1, 0, 0
585200, 17106, 1, 0, 0
585300, 19344, 1, 0, 0
585400, 15380, 1, 0, 0
585500, 16985, 1, 0, 0
585600, 16668, 1, 0, 0
585700, 13516, 1, 0, 0
585800, 16727, 1, 0, 0
585900, 18025, 1, 0, 0
586000, 17552, 1, 0, 0
586100, 15946, 1, 0, 0
586200, 13495, 1, 0, 0
586300, 13200, 1, 0, 0
586400, 13924, 1, 0, 0
586500, 17526, 1, 0, 0
586600, 14226, 1, 0, 0
586700, 14067, 1, 0, 0
586800, 16105, 1, 0, 0
586900, 14353, 1, 0, 0
587000, 18315, 1, 0, 0
587100, 18152, 1, 0, 0
587200, 13730, 1, 0, 0
587300, 12908, 1, 0, 0
587400, 13110, 1, 0, 0
587500, 16408, 1, 0, 0
587600, 13954, 1, 0, 0
587700, 16628, 1, 0, 0
587800, 15957, 1, 0, 0
587900, 16130, 1, 0, 0
588000, 18849, 1, 0, 0
588100, 16946, 1, 0, 0
588200, 18427, 1, 0, 0
588300, 17785, 1, 0, 0
588400, 16858, 1, 0, 0
588500, 16186, 1, 0, 0
588600, 13252, 1, 0, 0
588700, 18393, 1, 0, 0
588800, 18562, 1, 0, 0
588900, 16408, 1, 0, 0
589000, 13721, 1, 0, 0
589100, 16262, 1, 0, 0
589200, 15611, 1, 0, 0
589300, 14149, 1, 0, 0
589400, 16213, 1, 0, 0
589500, 13827, 1, 0, 0
589600, 19749, 1, 0, 0
589701, 13813, 1, 0, 0
589800, 16618, 1, 0, 0
589900, 17894, 1, 0, 0
590000, 16934, 1, 0, 0
590100, 14021, 1, 0, 0
590200, 16104, 1, 0, 0
590300, 17191, 1, 0, 0
590400, 14806, 1, 0, 0
590500, 16551, 1, 0, 0
590600, 15036, 1, 0, 0
590700, 15454, 1, 0, 0
590800, 17857, 1, 0, 0
590900, 13975, 1, 0, 0
591000, 13604, 1, 0, 0
591100, 16400, 1, 0, 0
591200, 17134, 1, 0, 0
591300, 16290, 1, 0, 0
591400, 11764, 1, 0, 0
591500, 14232, 1, 0, 0
591600, 17912, 1, 0, 0
591700, 13852, 1, 0, 0
591801, 13668, 1, 0, 0
591900, 16574, 1, 0, 0
592000, 14661, 1, 0, 0
592100, 17578, 1, 0, 0
592200, 14468, 1, 0, 0
592300, 17530, 1, 0, 0
592400, 17205, 1, 0, 0
592501, 15652, 1, 0, 0
592600, 17130, 1, 0, 0
592700, 15980, 1, 0, 0
592800, 13984, 1, 0, 0
592900, 14657, 1, 0, 0
593000, 14760, 1, 0, 0
593100, 17556, 1, 0, 0
593200, 13576, 1, 0, 0
593300, 13730, 1, 0, 0
593400, 14846, 1, 0, 0
593500, 14354, 1, 0, 0
593600, 16677, 1, 0, 0
593700, 18088, 1, 0, 0
593800, 16793, 1, 0, 0
593900, 15083, 1, 0, 0
594000, 23142, 1, 0, 0
594100, 15205, 1, 0, 0
594200, 19131, 1, 0, 0
594300, 16184, 1, 0, 0
594400, 17188, 1, 0, 0
594500, 16587, 1, 0, 0
594600, 15639, 1, 0, 0
594700, 16439, 1, 0, 0
594800, 16587, 1, 0, 0
594900, 15197, 1, 0, 0
595000, 14173, 1, 0, 0
595100, 14114, 1, 0, 0
595200, 17366, 1, 0, 0
595300, 16700, 1, 0, 0
595400, 15871, 1, 0, 0
595500, 17167, 1, 0, 0
595600, 14904, 1, 0, 0
595700, 15209, 1, 0, 0
595800, 14971, 1, 0, 0
595900, 16786, 1, 0, 0
596000, 17822, 1, 0, 0
596100, 13769, 1, 0, 0
596200, 14549, 1, 0, 0
596300, 18150, 1, 0, 0
596400, 13841, 1, 0, 0
596500, 16600, 1, 0, 0
596600, 21776, 1, 0, 0
596701, 15029, 1, 0, 0
596800, 14802, 1, 0, 0
596900, 15038, 1, 0, 0
597000, 12439, 1, 0, 0
597100, 13023, 1, 0, 0
597200, 15746, 1, 0, 0
597300, 18807, 1, 0, 0
597400, 17512, 1, 0, 0
597500, 15320, 1, 0, 0
597600, 18769, 1, 0, 0
597700, 17626, 1, 0, 0
597800, 19442, 1, 0, 0
597901, 18690, 1, 0, 0
598000, 17208, 1, 0, 0
598100, 14513, 1, 0, 0
598200, 15448, 1, 0, 0
598300, 16512, 1, 0, 0
598400, 16905, 1, 0, 0
598500, 15619, 1, 0, 0
598601, 14816, 1, 0, 0
598700, 15727, 1, 0, 0
598800, 15432, 1, 0, 0
598900, 15174, 1, 0, 0
599000, 15765, 1, 0, 0
599101, 17946, 1, 0, 0
599200, 18021, 1, 0, 0
599300, 16081, 1, 0, 0
599400, 15708, 1, 0, 0
599501, 18114, 1, 0, 0
599600, 16738, 1, 0, 0
599700, 15628, 1, 0, 0
599800, 16082, 1, 0, 0
599900, 16789, 1, 0, 0
600000, 16164, 1, 0, 0
