250, 46592, 1, 0, 0
350, 49280, 1, 0, 0
450, 47360, 1, 0, 0
550, 46080, 1, 0, 0
650, 46720, 1, 0, 0
749, 46545, 1, 0, 0
849, 45440, 1, 0, 0
949, 46080, 1, 0, 0
1049, 49280, 1, 0, 0
1150, 46080, 1, 0, 0
1249, 47191, 1, 0, 0
1349, 49920, 1, 0, 0
1449, 48000, 1, 0, 0
1549, 50560, 1, 0, 0
1649, 49280, 1, 0, 0
1749, 46720, 1, 0, 0
1849, 46720, 1, 0, 0
1949, 47360, 1, 0, 0
2049, 49280, 1, 0, 0
2149, 48000, 1, 0, 0
2249, 46080, 1, 0, 0
2349, 49920, 1, 0, 0
2449, 47360, 1, 0, 0
2550, 48000, 1, 0, 0
2650, 46720, 1, 0, 0
2749, 46545, 1, 0, 0
2849, 46720, 1, 0, 0
2949, 48000, 1, 0, 0
3049, 47360, 1, 0, 0
3149, 48640, 1, 0, 0
3249, 45440, 1, 0, 0
3349, 48000, 1, 0, 0
3449, 49920, 1, 0, 0
3549, 48000, 1, 0, 0
3650, 47360, 1, 0, 0
3750, 47360, 1, 0, 0
3850, 46080, 1, 0, 0
3950, 49920, 1, 0, 0
4050, 49280, 1, 0, 0
4150, 48640, 1, 0, 0
4249, 43313, 1, 0, 0
4349, 49280, 1, 0, 0
4449, 44800, 1, 0, 0
4549, 46080, 1, 0, 0
4649, 46080, 1, 0, 0
4749, 48640, 1, 0, 0
4849, 48640, 1, 0, 0
4949, 49280, 1, 0, 0
5050, 49920, 1, 0, 0
5150, 50560, 1, 0, 0
5249, 47191, 1, 0, 0
5349, 49920, 1, 0, 0
5449, 47360, 1, 0, 0
5549, 48000, 1, 0, 0
5649, 47360, 1, 0, 0
5749, 50560, 1, 0, 0
5849, 46720, 1, 0, 0
5949, 48640, 1, 0, 0
6049, 46720, 1, 0, 0
6149, 46720, 1, 0, 0
6250, 49920, 1, 0, 0
6350, 44800, 1, 0, 0
6450, 48000, 1, 0, 0
6550, 48000, 1, 0, 0
6650, 47360, 1, 0, 0
6749, 45898, 1, 0, 0
6849, 51840, 1, 0, 0
6949, 47360, 1, 0, 0
7049, 42880, 1, 0, 0
7149, 49280, 1, 0, 0
7249, 46080, 1, 0, 0
7349, 47360, 1, 0, 0
7449, 49920, 1, 0, 0
7549, 49280, 1, 0, 0
7650, 46720, 1, 0, 0
7749, 47191, 1, 0, 0
7849, 50560, 1, 0, 0
7949, 48640, 1, 0, 0
8049, 49920, 1, 0, 0
8149, 48000, 1, 0, 0
8249, 48640, 1, 0, 0
8349, 47360, 1, 0, 0
8449, 49920, 1, 0, 0
8549, 49280, 1, 0, 0
8649, 50560, 1, 0, 0
8749, 49280, 1, 0, 0
8849, 51200, 1, 0, 0
8949, 48000, 1, 0, 0
9050, 49280, 1, 0, 0
9150, 46080, 1, 0, 0
9249, 51070, 1, 0, 0
9349, 47360, 1, 0, 0
9449, 49920, 1, 0, 0
9549, 52480, 1, 0, 0
9649, 51840, 1, 0, 0
9749, 47360, 1, 0, 0
9849, 48640, 1, 0, 0
9949, 46080, 1, 0, 0
10049, 48000, 1, 0, 0
10149, 48000, 1, 0, 0
10250, 50560, 1, 0, 0
10350, 49280, 1, 0, 0
10450, 51840, 1, 0, 0
10550, 48640, 1, 0, 0
10650, 48000, 1, 0, 0
10749, 49777, 1, 0, 0
10849, 49920, 1, 0, 0
10949, 49920, 1, 0, 0
11049, 50560, 1, 0, 0
11149, 49920, 1, 0, 0
11249, 48640, 1, 0, 0
11349, 48640, 1, 0, 0
11449, 48640, 1, 0, 0
11550, 48640, 1, 0, 0
11650, 49280, 1, 0, 0
11749, 49777, 1, 0, 0
11849, 46720, 1, 0, 0
11949, 49920, 1, 0, 0
12049, 46720, 1, 0, 0
12149, 50560, 1, 0, 0
12249, 49280, 1, 0, 0
12349, 48000, 1, 0, 0
12449, 50560, 1, 0, 0
12549, 50560, 1, 0, 0
12649, 48000, 1, 0, 0
12749, 48000, 1, 0, 0
12850, 46720, 1, 0, 0
12950, 48640, 1, 0, 0
13050, 49920, 1, 0, 0
13150, 50560, 1, 0, 0
13249, 49777, 1, 0, 0
13349, 49280, 1, 0, 0
13449, 48640, 1, 0, 0
13549, 48640, 1, 0, 0
13649, 51840, 1, 0, 0
13749, 49920, 1, 0, 0
13849, 51200, 1, 0, 0
13949, 49280, 1, 0, 0
14049, 50560, 1, 0, 0
14149, 46080, 1, 0, 0
14250, 49280, 1, 0, 0
14350, 48000, 1, 0, 0
14450, 47360, 1, 0, 0
14550, 46080, 1, 0, 0
14650, 46080, 1, 0, 0
14749, 49131, 1, 0, 0
14849, 49280, 1, 0, 0
14949, 49920, 1, 0, 0
15049, 49280, 1, 0, 0
15149, 50560, 1, 0, 0
15249, 47360, 1, 0, 0
15349, 53120, 1, 0, 0
15449, 49280, 1, 0, 0
15550, 46720, 1, 0, 0
15650, 49920, 1, 0, 0
15749, 45898, 1, 0, 0
15849, 46720, 1, 0, 0
15949, 49280, 1, 0, 0
16049, 47360, 1, 0, 0
16149, 48000, 1, 0, 0
16249, 51840, 1, 0, 0
16349, 51200, 1, 0, 0
16449, 48640, 1, 0, 0
16549, 51840, 1, 0, 0
16649, 46720, 1, 0, 0
16750, 49920, 1, 0, 0
16850, 49920, 1, 0, 0
16950, 51840, 1, 0, 0
17050, 51200, 1, 0, 0
17150, 49920, 1, 0, 0
17249, 51717, 1, 0, 0
17349, 50560, 1, 0, 0
17449, 51200, 1, 0, 0
17549, 49280, 1, 0, 0
17649, 48000, 1, 0, 0
17749, 48000, 1, 0, 0
17849, 50560, 1, 0, 0
17949, 46720, 1, 0, 0
18050, 47360, 1, 0, 0
18150, 49280, 1, 0, 0
18249, 49131, 1, 0, 0
18349, 46720, 1, 0, 0
18449, 50560, 1, 0, 0
18549, 47360, 1, 0, 0
18649, 49280, 1, 0, 0
18749, 51200, 1, 0, 0
18849, 46720, 1, 0, 0
18949, 48000, 1, 0, 0
19049, 49280, 1, 0, 0
19149, 45440, 1, 0, 0
19249, 46080, 1, 0, 0
19349, 48640, 1, 0, 0
19450, 51840, 1, 0, 0
19550, 49280, 1, 0, 0
19650, 49280, 1, 0, 0
19749, 48484, 1, 0, 0
19849, 48000, 1, 0, 0
19949, 50560, 1, 0, 0
20049, 49280, 1, 0, 0
20149, 49280, 1, 0, 0
20249, 50560, 1, 0, 0
20349, 46720, 1, 0, 0
20449, 52480, 1, 0, 0
20549, 51200, 1, 0, 0
20649, 49920, 1, 0, 0
20750, 48000, 1, 0, 0
20850, 49920, 1, 0, 0
20950, 50560, 1, 0, 0
21050, 46720, 1, 0, 0
21150, 48000, 1, 0, 0
21249, 49777, 1, 0, 0
21349, 48000, 1, 0, 0
21449, 45440, 1, 0, 0
21549, 48640, 1, 0, 0
21649, 51200, 1, 0, 0
21749, 51200, 1, 0, 0
21849, 46720, 1, 0, 0
21949, 50560, 1, 0, 0
22050, 47360, 1, 0, 0
22150, 50560, 1, 0, 0
22249, 49131, 1, 0, 0
22349, 49280, 1, 0, 0
22449, 48640, 1, 0, 0
22549, 51200, 1, 0, 0
22649, 46720, 1, 0, 0
22750, 51840, 1, 0, 0
22850, 48000, 1, 0, 0
22950, 48640, 1, 0, 0
23050, 45440, 1, 0, 0
23150, 49920, 1, 0, 0
23249, 48484, 1, 0, 0
23349, 48000, 1, 0, 0
23449, 48640, 1, 0, 0
23549, 47360, 1, 0, 0
23649, 47360, 1, 0, 0
23749, 47360, 1, 0, 0
23849, 46080, 1, 0, 0
23949, 49920, 1, 0, 0
24050, 48000, 1, 0, 0
24150, 48000, 1, 0, 0
24249, 49131, 1, 0, 0
24349, 48640, 1, 0, 0
24449, 49280, 1, 0, 0
24549, 50560, 1, 0, 0
24649, 47360, 1, 0, 0
24749, 49280, 1, 0, 0
24849, 49280, 1, 0, 0
24949, 47360, 1, 0, 0
25049, 48640, 1, 0, 0
25150, 48000, 1, 0, 0
25249, 51070, 1, 0, 0
25349, 46720, 1, 0, 0
25449, 49920, 1, 0, 0
25549, 48000, 1, 0, 0
25649, 51200, 1, 0, 0
25749, 48000, 1, 0, 0
25849, 46080, 1, 0, 0
25949, 50560, 1, 0, 0
26049, 49920, 1, 0, 0
26149, 48640, 1, 0, 0
26249, 48000, 1, 0, 0
26349, 51840, 1, 0, 0
26450, 49280, 1, 0, 0
26550, 48000, 1, 0, 0
26650, 48640, 1, 0, 0
26749, 49777, 1, 0, 0
26849, 48000, 1, 0, 0
26949, 49920, 1, 0, 0
27049, 47360, 1, 0, 0
27149, 47360, 1, 0, 0
27249, 49280, 1, 0, 0
27349, 46080, 1, 0, 0
27449, 49280, 1, 0, 0
27549, 49920, 1, 0, 0
27649, 53760, 1, 0, 0
27750, 48000, 1, 0, 0
27850, 44800, 1, 0, 0
27950, 48000, 1, 0, 0
28050, 51840, 1, 0, 0
28150, 49920, 1, 0, 0
28249, 47838, 1, 0, 0
28349, 51200, 1, 0, 0
28449, 50560, 1, 0, 0
28549, 49280, 1, 0, 0
28649, 50560, 1, 0, 0
28749, 46720, 1, 0, 0
28849, 48640, 1, 0, 0
28949, 47360, 1, 0, 0
29050, 50560, 1, 0, 0
29150, 49920, 1, 0, 0
29249, 49777, 1, 0, 0
29349, 49920, 1, 0, 0
29449, 49920, 1, 0, 0
29549, 47360, 1, 0, 0
29649, 51840, 1, 0, 0
29749, 49280, 1, 0, 0
29849, 49920, 1, 0, 0
29949, 47360, 1, 0, 0
30049, 46720, 1, 0, 0
30149, 48640, 1, 0, 0
30250, 49920, 1, 0, 0
30350, 50560, 1, 0, 0
30450, 49280, 1, 0, 0
30550, 49920, 1, 0, 0
30650, 52480, 1, 0, 0
30749, 49131, 1, 0, 0
30849, 49280, 1, 0, 0
30949, 48000, 1, 0, 0
31049, 51840, 1, 0, 0
31149, 49280, 1, 0, 0
31249, 46080, 1, 0, 0
31349, 47360, 1, 0, 0
31449, 50560, 1, 0, 0
31550, 49280, 1, 0, 0
31650, 49280, 1, 0, 0
31749, 47191, 1, 0, 0
31849, 48640, 1, 0, 0
31949, 48640, 1, 0, 0
32049, 48000, 1, 0, 0
32149, 49280, 1, 0, 0
32249, 47360, 1, 0, 0
32349, 46080, 1, 0, 0
32449, 50560, 1, 0, 0
32549, 48000, 1, 0, 0
32649, 46720, 1, 0, 0
32749, 51200, 1, 0, 0
32850, 49920, 1, 0, 0
32950, 46720, 1, 0, 0
33050, 47360, 1, 0, 0
33150, 50560, 1, 0, 0
33249, 49131, 1, 0, 0
33349, 47360, 1, 0, 0
33449, 47360, 1, 0, 0
33549, 51200, 1, 0, 0
33649, 48000, 1, 0, 0
33749, 47360, 1, 0, 0
33849, 48000, 1, 0, 0
33949, 50560, 1, 0, 0
34050, 46720, 1, 0, 0
34150, 51840, 1, 0, 0
34249, 50424, 1, 0, 0
34349, 49920, 1, 0, 0
34449, 48000, 1, 0, 0
34549, 49280, 1, 0, 0
34649, 50560, 1, 0, 0
34749, 49920, 1, 0, 0
34849, 49280, 1, 0, 0
34949, 49920, 1, 0, 0
35049, 49280, 1, 0, 0
35149, 51840, 1, 0, 0
35249, 45440, 1, 0, 0
35350, 51840, 1, 0, 0
35450, 49280, 1, 0, 0
35550, 49280, 1, 0, 0
35650, 48000, 1, 0, 0
35749, 47191, 1, 0, 0
35849, 50560, 1, 0, 0
35949, 48000, 1, 0, 0
36049, 49280, 1, 0, 0
36149, 47360, 1, 0, 0
36249, 49280, 1, 0, 0
36349, 48000, 1, 0, 0
36449, 49280, 1, 0, 0
36550, 46720, 1, 0, 0
36650, 49920, 1, 0, 0
36749, 50424, 1, 0, 0
36849, 51200, 1, 0, 0
36949, 49280, 1, 0, 0
37049, 49280, 1, 0, 0
37149, 55040, 1, 0, 0
37249, 46720, 1, 0, 0
37349, 48000, 1, 0, 0
37449, 50560, 1, 0, 0
37549, 50560, 1, 0, 0
37649, 49280, 1, 0, 0
37750, 51200, 1, 0, 0
37850, 51840, 1, 0, 0
37950, 51200, 1, 0, 0
38050, 53760, 1, 0, 0
38150, 48000, 1, 0, 0
38249, 47838, 1, 0, 0
38349, 48000, 1, 0, 0
38449, 50560, 1, 0, 0
38549, 48000, 1, 0, 0
38649, 50560, 1, 0, 0
38749, 51840, 1, 0, 0
38849, 53120, 1, 0, 0
38949, 48640, 1, 0, 0
39050, 49920, 1, 0, 0
39150, 49920, 1, 0, 0
39249, 49777, 1, 0, 0
39349, 46080, 1, 0, 0
39449, 51200, 1, 0, 0
39549, 51200, 1, 0, 0
39649, 48000, 1, 0, 0
39749, 48000, 1, 0, 0
39849, 51200, 1, 0, 0
39949, 52480, 1, 0, 0
40049, 51200, 1, 0, 0
40149, 48640, 1, 0, 0
40250, 49280, 1, 0, 0
40350, 48000, 1, 0, 0
40450, 48640, 1, 0, 0
40550, 48000, 1, 0, 0
40650, 50560, 1, 0, 0
40749, 47838, 1, 0, 0
40849, 49920, 1, 0, 0
40949, 49920, 1, 0, 0
41049, 51840, 1, 0, 0
41149, 53760, 1, 0, 0
41249, 51200, 1, 0, 0
41349, 49920, 1, 0, 0
41449, 48000, 1, 0, 0
41550, 48000, 1, 0, 0
41650, 50560, 1, 0, 0
41749, 50424, 1, 0, 0
41849, 53120, 1, 0, 0
41949, 52480, 1, 0, 0
42049, 52480, 1, 0, 0
42149, 51840, 1, 0, 0
42249, 49280, 1, 0, 0
42349, 51200, 1, 0, 0
42449, 48000, 1, 0, 0
42549, 53120, 1, 0, 0
42649, 46720, 1, 0, 0
42750, 51200, 1, 0, 0
42850, 51840, 1, 0, 0
42950, 50560, 1, 0, 0
43050, 50560, 1, 0, 0
43150, 48640, 1, 0, 0
43249, 52363, 1, 0, 0
43349, 46720, 1, 0, 0
43449, 52480, 1, 0, 0
43549, 51200, 1, 0, 0
43649, 49920, 1, 0, 0
43749, 51200, 1, 0, 0
43849, 49920, 1, 0, 0
43949, 50560, 1, 0, 0
44050, 50560, 1, 0, 0
44150, 51840, 1, 0, 0
44249, 50424, 1, 0, 0
44349, 50560, 1, 0, 0
44449, 50560, 1, 0, 0
44549, 53120, 1, 0, 0
44649, 51200, 1, 0, 0
44749, 52480, 1, 0, 0
44849, 53760, 1, 0, 0
44949, 51200, 1, 0, 0
45049, 53760, 1, 0, 0
45149, 53760, 1, 0, 0
45250, 48000, 1, 0, 0
45350, 49280, 1, 0, 0
45450, 50560, 1, 0, 0
45550, 53120, 1, 0, 0
45650, 51840, 1, 0, 0
45749, 53656, 1, 0, 0
45849, 53760, 1, 0, 0
45949, 49920, 1, 0, 0
46049, 48640, 1, 0, 0
46149, 52480, 1, 0, 0
46249, 53120, 1, 0, 0
46349, 52480, 1, 0, 0
46449, 53120, 1, 0, 0
46550, 52480, 1, 0, 0
46650, 52480, 1, 0, 0
46749, 53010, 1, 0, 0
46849, 48640, 1, 0, 0
46949, 52480, 1, 0, 0
47049, 49920, 1, 0, 0
47149, 51200, 1, 0, 0
47249, 49280, 1, 0, 0
47349, 49920, 1, 0, 0
47449, 50560, 1, 0, 0
47549, 48640, 1, 0, 0
47649, 49920, 1, 0, 0
47749, 49280, 1, 0, 0
47849, 50560, 1, 0, 0
47949, 51840, 1, 0, 0
48050, 52480, 1, 0, 0
48150, 54400, 1, 0, 0
48249, 50424, 1, 0, 0
48349, 49920, 1, 0, 0
48449, 50560, 1, 0, 0
48549, 53760, 1, 0, 0
48649, 51840, 1, 0, 0
48749, 51200, 1, 0, 0
48849, 53760, 1, 0, 0
48949, 49280, 1, 0, 0
49049, 54400, 1, 0, 0
49149, 51840, 1, 0, 0
49250, 51200, 1, 0, 0
49350, 49280, 1, 0, 0
49450, 51200, 1, 0, 0
49550, 53760, 1, 0, 0
49650, 51200, 1, 0, 0
49749, 50424, 1, 0, 0
49849, 51200, 1, 0, 0
49949, 48640, 1, 0, 0
50049, 52480, 1, 0, 0
50149, 55680, 1, 0, 0
50249, 55040, 1, 0, 0
50349, 52480, 1, 0, 0
50449, 53120, 1, 0, 0
50550, 50560, 1, 0, 0
50650, 50560, 1, 0, 0
50749, 53656, 1, 0, 0
50849, 51840, 1, 0, 0
50949, 52480, 1, 0, 0
51049, 50560, 1, 0, 0
51149, 53120, 1, 0, 0
51249, 53120, 1, 0, 0
51349, 50560, 1, 0, 0
51449, 48640, 1, 0, 0
51549, 51840, 1, 0, 0
51650, 51200, 1, 0, 0
51750, 49920, 1, 0, 0
51850, 52480, 1, 0, 0
51950, 52480, 1, 0, 0
52050, 48000, 1, 0, 0
52150, 52480, 1, 0, 0
52249, 54303, 1, 0, 0
52349, 51840, 1, 0, 0
52449, 51200, 1, 0, 0
52549, 49920, 1, 0, 0
52649, 48640, 1, 0, 0
52749, 52480, 1, 0, 0
52850, 49920, 1, 0, 0
52950, 52480, 1, 0, 0
53050, 51840, 1, 0, 0
53150, 54400, 1, 0, 0
53249, 53010, 1, 0, 0
53349, 50560, 1, 0, 0
53449, 51200, 1, 0, 0
53549, 50560, 1, 0, 0
53649, 54400, 1, 0, 0
53749, 52480, 1, 0, 0
53849, 53760, 1, 0, 0
53949, 52480, 1, 0, 0
54050, 52480, 1, 0, 0
54150, 53760, 1, 0, 0
54249, 54949, 1, 0, 0
54349, 55040, 1, 0, 0
54449, 51840, 1, 0, 0
54549, 54400, 1, 0, 0
54649, 53120, 1, 0, 0
54749, 50560, 1, 0, 0
54849, 51840, 1, 0, 0
54949, 54400, 1, 0, 0
55049, 49920, 1, 0, 0
55149, 52480, 1, 0, 0
55250, 51200, 1, 0, 0
55350, 53760, 1, 0, 0
55450, 52480, 1, 0, 0
55550, 55040, 1, 0, 0
55650, 53760, 1, 0, 0
55749, 56242, 1, 0, 0
55849, 53760, 1, 0, 0
55949, 53120, 1, 0, 0
56049, 52480, 1, 0, 0
56149, 53760, 1, 0, 0
56249, 53120, 1, 0, 0
56349, 53120, 1, 0, 0
56449, 53760, 1, 0, 0
56550, 54400, 1, 0, 0
56650, 51200, 1, 0, 0
56749, 51070, 1, 0, 0
56849, 53760, 1, 0, 0
56949, 53120, 1, 0, 0
57049, 55680, 1, 0, 0
57149, 51200, 1, 0, 0
57249, 53120, 1, 0, 0
57349, 53760, 1, 0, 0
57449, 51200, 1, 0, 0
57549, 51200, 1, 0, 0
57649, 53760, 1, 0, 0
57749, 52480, 1, 0, 0
57850, 53760, 1, 0, 0
57950, 56960, 1, 0, 0
58050, 55680, 1, 0, 0
58150, 58880, 1, 0, 0
58249, 53656, 1, 0, 0
58349, 54400, 1, 0, 0
58449, 51840, 1, 0, 0
58549, 52480, 1, 0, 0
58649, 51840, 1, 0, 0
58749, 55040, 1, 0, 0
58849, 53760, 1, 0, 0
58949, 53120, 1, 0, 0
59049, 51840, 1, 0, 0
59149, 54400, 1, 0, 0
59250, 50560, 1, 0, 0
59350, 51200, 1, 0, 0
59450, 48640, 1, 0, 0
59550, 49280, 1, 0, 0
59650, 49920, 1, 0, 0
59749, 50424, 1, 0, 0
59849, 53120, 1, 0, 0
59949, 50560, 1, 0, 0
60049, 53120, 1, 0, 0
60149, 53760, 1, 0, 0
60249, 53760, 1, 0, 0
60349, 48000, 1, 0, 0
60450, 53120, 1, 0, 0
60550, 55680, 1, 0, 0
60650, 52480, 1, 0, 0
60749, 52363, 1, 0, 0
60849, 53120, 1, 0, 0
60949, 53760, 1, 0, 0
61049, 53120, 1, 0, 0
61149, 49920, 1, 0, 0
61249, 53120, 1, 0, 0
61349, 53760, 1, 0, 0
61449, 51200, 1, 0, 0
61550, 51840, 1, 0, 0
61650, 53760, 1, 0, 0
61749, 54303, 1, 0, 0
61849, 54400, 1, 0, 0
61949, 51840, 1, 0, 0
62049, 51200, 1, 0, 0
62149, 54400, 1, 0, 0
62249, 54400, 1, 0, 0
62349, 54400, 1, 0, 0
62449, 53120, 1, 0, 0
62549, 53760, 1, 0, 0
62649, 54400, 1, 0, 0
62750, 53120, 1, 0, 0
62850, 53760, 1, 0, 0
62950, 55040, 1, 0, 0
63050, 54400, 1, 0, 0
63150, 53760, 1, 0, 0
63249, 50424, 1, 0, 0
63349, 53120, 1, 0, 0
63449, 52480, 1, 0, 0
63549, 53120, 1, 0, 0
63649, 54400, 1, 0, 0
63749, 51200, 1, 0, 0
63849, 54400, 1, 0, 0
63949, 53120, 1, 0, 0
64050, 53760, 1, 0, 0
64150, 49280, 1, 0, 0
64249, 56888, 1, 0, 0
64349, 49920, 1, 0, 0
64449, 56320, 1, 0, 0
64549, 53120, 1, 0, 0
64649, 49920, 1, 0, 0
64749, 53760, 1, 0, 0
64849, 51840, 1, 0, 0
64949, 51840, 1, 0, 0
65049, 53760, 1, 0, 0
65149, 52480, 1, 0, 0
65250, 51840, 1, 0, 0
65350, 52480, 1, 0, 0
65450, 50560, 1, 0, 0
65550, 52480, 1, 0, 0
65650, 53120, 1, 0, 0
65749, 49777, 1, 0, 0
65849, 56960, 1, 0, 0
65949, 52480, 1, 0, 0
66049, 53120, 1, 0, 0
66149, 55680, 1, 0, 0
66249, 55680, 1, 0, 0
66349, 55040, 1, 0, 0
66449, 52480, 1, 0, 0
66550, 56320, 1, 0, 0
66650, 52480, 1, 0, 0
66749, 53656, 1, 0, 0
66849, 53120, 1, 0, 0
66949, 49280, 1, 0, 0
67049, 51840, 1, 0, 0
67149, 53760, 1, 0, 0
67249, 51200, 1, 0, 0
67349, 47360, 1, 0, 0
67449, 48640, 1, 0, 0
67549, 51840, 1, 0, 0
67649, 52480, 1, 0, 0
67750, 51840, 1, 0, 0
67850, 54400, 1, 0, 0
67950, 55680, 1, 0, 0
68050, 54400, 1, 0, 0
68150, 53760, 1, 0, 0
68249, 54303, 1, 0, 0
68349, 51840, 1, 0, 0
68449, 49280, 1, 0, 0
68549, 54400, 1, 0, 0
68649, 53120, 1, 0, 0
68749, 53120, 1, 0, 0
68849, 54400, 1, 0, 0
68949, 52480, 1, 0, 0
69050, 51200, 1, 0, 0
69150, 54400, 1, 0, 0
69249, 54303, 1, 0, 0
69349, 52480, 1, 0, 0
69449, 54400, 1, 0, 0
69549, 53120, 1, 0, 0
69649, 55040, 1, 0, 0
69749, 52480, 1, 0, 0
69849, 51200, 1, 0, 0
69949, 52480, 1, 0, 0
70049, 53120, 1, 0, 0
70149, 54400, 1, 0, 0
70250, 53120, 1, 0, 0
70350, 53120, 1, 0, 0
70450, 53120, 1, 0, 0
70550, 54400, 1, 0, 0
70650, 53120, 1, 0, 0
70749, 54303, 1, 0, 0
70849, 52480, 1, 0, 0
70949, 53120, 1, 0, 0
71049, 53760, 1, 0, 0
71149, 53760, 1, 0, 0
71249, 56320, 1, 0, 0
71349, 55680, 1, 0, 0
71449, 55040, 1, 0, 0
71550, 50560, 1, 0, 0
71650, 53120, 1, 0, 0
71749, 51070, 1, 0, 0
71849, 52480, 1, 0, 0
71949, 54400, 1, 0, 0
72049, 55040, 1, 0, 0
72149, 56320, 1, 0, 0
72249, 53120, 1, 0, 0
72349, 56320, 1, 0, 0
72449, 51200, 1, 0, 0
72549, 55680, 1, 0, 0
72649, 56960, 1, 0, 0
72750, 52480, 1, 0, 0
72850, 53760, 1, 0, 0
72950, 53760, 1, 0, 0
73050, 55040, 1, 0, 0
73150, 53760, 1, 0, 0
73249, 56242, 1, 0, 0
73349, 55040, 1, 0, 0
73449, 56960, 1, 0, 0
73549, 55680, 1, 0, 0
73649, 53120, 1, 0, 0
73749, 55680, 1, 0, 0
73850, 56320, 1, 0, 0
73950, 52480, 1, 0, 0
74050, 55040, 1, 0, 0
74150, 55680, 1, 0, 0
74249, 58181, 1, 0, 0
74349, 54400, 1, 0, 0
74449, 54400, 1, 0, 0
74549, 54400, 1, 0, 0
74649, 51200, 1, 0, 0
74749, 55040, 1, 0, 0
74849, 55680, 1, 0, 0
74949, 56320, 1, 0, 0
75049, 56960, 1, 0, 0
75150, 57600, 1, 0, 0
75250, 55040, 1, 0, 0
75350, 56320, 1, 0, 0
75450, 54400, 1, 0, 0
75550, 52480, 1, 0, 0
75650, 52480, 1, 0, 0
75749, 56242, 1, 0, 0
75849, 52480, 1, 0, 0
75949, 55680, 1, 0, 0
76049, 54400, 1, 0, 0
76149, 49920, 1, 0, 0
76249, 53120, 1, 0, 0
76349, 56960, 1, 0, 0
76450, 54400, 1, 0, 0
76550, 55040, 1, 0, 0
76650, 53760, 1, 0, 0
76749, 54303, 1, 0, 0
76849, 53760, 1, 0, 0
76949, 53760, 1, 0, 0
77049, 53120, 1, 0, 0
77149, 50560, 1, 0, 0
77249, 52480, 1, 0, 0
77349, 53760, 1, 0, 0
77449, 52480, 1, 0, 0
77550, 56320, 1, 0, 0
77650, 53760, 1, 0, 0
77749, 51070, 1, 0, 0
77849, 52480, 1, 0, 0
77949, 49920, 1, 0, 0
78049, 50560, 1, 0, 0
78149, 50560, 1, 0, 0
78249, 49920, 1, 0, 0
78349, 52480, 1, 0, 0
78449, 52480, 1, 0, 0
78550, 51200, 1, 0, 0
78650, 53120, 1, 0, 0
78749, 53656, 1, 0, 0
78849, 52480, 1, 0, 0
78949, 54400, 1, 0, 0
79049, 56320, 1, 0, 0
79149, 48640, 1, 0, 0
79249, 55040, 1, 0, 0
79349, 51840, 1, 0, 0
79449, 55680, 1, 0, 0
79549, 53760, 1, 0, 0
79649, 53760, 1, 0, 0
79750, 52480, 1, 0, 0
79850, 52480, 1, 0, 0
79950, 54400, 1, 0, 0
80050, 52480, 1, 0, 0
80150, 55040, 1, 0, 0
80249, 53010, 1, 0, 0
80349, 53120, 1, 0, 0
80449, 53760, 1, 0, 0
80549, 51840, 1, 0, 0
80649, 51200, 1, 0, 0
80749, 57600, 1, 0, 0
80850, 51840, 1, 0, 0
80950, 53760, 1, 0, 0
81050, 50560, 1, 0, 0
81150, 55040, 1, 0, 0
81249, 55595, 1, 0, 0
81349, 51840, 1, 0, 0
81449, 55040, 1, 0, 0
81549, 53120, 1, 0, 0
81649, 52480, 1, 0, 0
81749, 51840, 1, 0, 0
81849, 51840, 1, 0, 0
81949, 51840, 1, 0, 0
82050, 56320, 1, 0, 0
82150, 56320, 1, 0, 0
82249, 52363, 1, 0, 0
82349, 55680, 1, 0, 0
82449, 51840, 1, 0, 0
82549, 51840, 1, 0, 0
82649, 58240, 1, 0, 0
82749, 53120, 1, 0, 0
82849, 54400, 1, 0, 0
82949, 55040, 1, 0, 0
83049, 55680, 1, 0, 0
83150, 56320, 1, 0, 0
83250, 52480, 1, 0, 0
83350, 56960, 1, 0, 0
83450, 52480, 1, 0, 0
83550, 49920, 1, 0, 0
83650, 56320, 1, 0, 0
83749, 57535, 1, 0, 0
83849, 55040, 1, 0, 0
83949, 53120, 1, 0, 0
84049, 55040, 1, 0, 0
84149, 54400, 1, 0, 0
84249, 53120, 1, 0, 0
84350, 52480, 1, 0, 0
84450, 50560, 1, 0, 0
84550, 53120, 1, 0, 0
84650, 55680, 1, 0, 0
84749, 57535, 1, 0, 0
84849, 52480, 1, 0, 0
84949, 54400, 1, 0, 0
85049, 54400, 1, 0, 0
85149, 58240, 1, 0, 0
85249, 52480, 1, 0, 0
85349, 53120, 1, 0, 0
85449, 55040, 1, 0, 0
85550, 56960, 1, 0, 0
85650, 56320, 1, 0, 0
85749, 53656, 1, 0, 0
85849, 52480, 1, 0, 0
85949, 53120, 1, 0, 0
86049, 55040, 1, 0, 0
86149, 51840, 1, 0, 0
86249, 54400, 1, 0, 0
86349, 54400, 1, 0, 0
86449, 53760, 1, 0, 0
86549, 55040, 1, 0, 0
86650, 53120, 1, 0, 0
86749, 57535, 1, 0, 0
86849, 53120, 1, 0, 0
86949, 55680, 1, 0, 0
87049, 54400, 1, 0, 0
87149, 53120, 1, 0, 0
87249, 55040, 1, 0, 0
87349, 53760, 1, 0, 0
87449, 55040, 1, 0, 0
87549, 52480, 1, 0, 0
87649, 53120, 1, 0, 0
87750, 51840, 1, 0, 0
87850, 55680, 1, 0, 0
87950, 55680, 1, 0, 0
88050, 55680, 1, 0, 0
88150, 55680, 1, 0, 0
88249, 51070, 1, 0, 0
88349, 55040, 1, 0, 0
88449, 55680, 1, 0, 0
88549, 53120, 1, 0, 0
88649, 55040, 1, 0, 0
88749, 54400, 1, 0, 0
88849, 53760, 1, 0, 0
88949, 55680, 1, 0, 0
89050, 57600, 1, 0, 0
89150, 54400, 1, 0, 0
89249, 56242, 1, 0, 0
89349, 55680, 1, 0, 0
89449, 54400, 1, 0, 0
89549, 55040, 1, 0, 0
89649, 53760, 1, 0, 0
89749, 53120, 1, 0, 0
89849, 56320, 1, 0, 0
89949, 53120, 1, 0, 0
90049, 55040, 1, 0, 0
90149, 53120, 1, 0, 0
90249, 54400, 1, 0, 0
90350, 54400, 1, 0, 0
90450, 56320, 1, 0, 0
90550, 56320, 1, 0, 0
90650, 55040, 1, 0, 0
90749, 56888, 1, 0, 0
90849, 52480, 1, 0, 0
90949, 55680, 1, 0, 0
91049, 55680, 1, 0, 0
91149, 54400, 1, 0, 0
91249, 55680, 1, 0, 0
91349, 55040, 1, 0, 0
91449, 52480, 1, 0, 0
91549, 55680, 1, 0, 0
91649, 54400, 1, 0, 0
91750, 52480, 1, 0, 0
91850, 55680, 1, 0, 0
91950, 55040, 1, 0, 0
92050, 55680, 1, 0, 0
92150, 53120, 1, 0, 0
92249, 56888, 1, 0, 0
92349, 54400, 1, 0, 0
92449, 55680, 1, 0, 0
92549, 52480, 1, 0, 0
92649, 55040, 1, 0, 0
92749, 55680, 1, 0, 0
92849, 55040, 1, 0, 0
92949, 51840, 1, 0, 0
93050, 53760, 1, 0, 0
93150, 56960, 1, 0, 0
93249, 54949, 1, 0, 0
93349, 54400, 1, 0, 0
93449, 58880, 1, 0, 0
93549, 53760, 1, 0, 0
93649, 56960, 1, 0, 0
93749, 57600, 1, 0, 0
93849, 55040, 1, 0, 0
93949, 53760, 1, 0, 0
94050, 53760, 1, 0, 0
94150, 53760, 1, 0, 0
94249, 54303, 1, 0, 0
94349, 52480, 1, 0, 0
94449, 53760, 1, 0, 0
94549, 57600, 1, 0, 0
94649, 57600, 1, 0, 0
94749, 54400, 1, 0, 0
94849, 51840, 1, 0, 0
94949, 52480, 1, 0, 0
95049, 55680, 1, 0, 0
95149, 53760, 1, 0, 0
95250, 55040, 1, 0, 0
95350, 53760, 1, 0, 0
95450, 55680, 1, 0, 0
95550, 53120, 1, 0, 0
95650, 55680, 1, 0, 0
95749, 55595, 1, 0, 0
95849, 53760, 1, 0, 0
95949, 51840, 1, 0, 0
96049, 55680, 1, 0, 0
96149, 50560, 1, 0, 0
96249, 52480, 1, 0, 0
96349, 53120, 1, 0, 0
96449, 56320, 1, 0, 0
96550, 55680, 1, 0, 0
96650, 56960, 1, 0, 0
96749, 53010, 1, 0, 0
96849, 55040, 1, 0, 0
96949, 55040, 1, 0, 0
97049, 56960, 1, 0, 0
97149, 55040, 1, 0, 0
97249, 57600, 1, 0, 0
97349, 56320, 1, 0, 0
97449, 56960, 1, 0, 0
97549, 53120, 1, 0, 0
97650, 55680, 1, 0, 0
97749, 54303, 1, 0, 0
97849, 53760, 1, 0, 0
97949, 55680, 1, 0, 0
98049, 58240, 1, 0, 0
98149, 55040, 1, 0, 0
98249, 55680, 1, 0, 0
98349, 52480, 1, 0, 0
98449, 55040, 1, 0, 0
98549, 55040, 1, 0, 0
98649, 55040, 1, 0, 0
98749, 53760, 1, 0, 0
98849, 55680, 1, 0, 0
98950, 55680, 1, 0, 0
99050, 53760, 1, 0, 0
99150, 56320, 1, 0, 0
99249, 56888, 1, 0, 0
99349, 58240, 1, 0, 0
99449, 53760, 1, 0, 0
99549, 53760, 1, 0, 0
99649, 53760, 1, 0, 0
99749, 55040, 1, 0, 0
99849, 54400, 1, 0, 0
99949, 53760, 1, 0, 0
100049, 53760, 1, 0, 0
100149, 54400, 1, 0, 0
100250, 59520, 1, 0, 0
100350, 53120, 1, 0, 0
100450, 54400, 1, 0, 0
100550, 52480, 1, 0, 0
100650, 54400, 1, 0, 0
100749, 54949, 1, 0, 0
100849, 55040, 1, 0, 0
100949, 55040, 1, 0, 0
101049, 55040, 1, 0, 0
101149, 55040, 1, 0, 0
101249, 52480, 1, 0, 0
101349, 55040, 1, 0, 0
101449, 53760, 1, 0, 0
101550, 57600, 1, 0, 0
101650, 54400, 1, 0, 0
101749, 51070, 1, 0, 0
101849, 54400, 1, 0, 0
101949, 52480, 1, 0, 0
102049, 53760, 1, 0, 0
102149, 56320, 1, 0, 0
102249, 53120, 1, 0, 0
102349, 54400, 1, 0, 0
102449, 54400, 1, 0, 0
102550, 57600, 1, 0, 0
102650, 55680, 1, 0, 0
102749, 53010, 1, 0, 0
102849, 56320, 1, 0, 0
102949, 52480, 1, 0, 0
103049, 56320, 1, 0, 0
103149, 55040, 1, 0, 0
103249, 56960, 1, 0, 0
103349, 55680, 1, 0, 0
103449, 55680, 1, 0, 0
103550, 53760, 1, 0, 0
103650, 57600, 1, 0, 0
103749, 58181, 1, 0, 0
103849, 53760, 1, 0, 0
103949, 55040, 1, 0, 0
104049, 56320, 1, 0, 0
104149, 55040, 1, 0, 0
104249, 56960, 1, 0, 0
104349, 55680, 1, 0, 0
104449, 54400, 1, 0, 0
104549, 55040, 1, 0, 0
104649, 55680, 1, 0, 0
104750, 59520, 1, 0, 0
104850, 54400, 1, 0, 0
104950, 55680, 1, 0, 0
105050, 54400, 1, 0, 0
105150, 53120, 1, 0, 0
105249, 54949, 1, 0, 0
105349, 56960, 1, 0, 0
105449, 55040, 1, 0, 0
105549, 56960, 1, 0, 0
105649, 55040, 1, 0, 0
105749, 53760, 1, 0, 0
105849, 55040, 1, 0, 0
105949, 56320, 1, 0, 0
106050, 55680, 1, 0, 0
106150, 56320, 1, 0, 0
106249, 56888, 1, 0, 0
106349, 53120, 1, 0, 0
106449, 56320, 1, 0, 0
106549, 58240, 1, 0, 0
106649, 55040, 1, 0, 0
106749, 56960, 1, 0, 0
106849, 56960, 1, 0, 0
106949, 57600, 1, 0, 0
107049, 54400, 1, 0, 0
107149, 55680, 1, 0, 0
107250, 56320, 1, 0, 0
107350, 58240, 1, 0, 0
107450, 53120, 1, 0, 0
107550, 56960, 1, 0, 0
107650, 60160, 1, 0, 0
107749, 58828, 1, 0, 0
107849, 57600, 1, 0, 0
107949, 57600, 1, 0, 0
108049, 58880, 1, 0, 0
108149, 56320, 1, 0, 0
108249, 58240, 1, 0, 0
108349, 57600, 1, 0, 0
108449, 53760, 1, 0, 0
108550, 55680, 1, 0, 0
108650, 56320, 1, 0, 0
108749, 56888, 1, 0, 0
108849, 55680, 1, 0, 0
108949, 60160, 1, 0, 0
109049, 56320, 1, 0, 0
109149, 56960, 1, 0, 0
109249, 55680, 1, 0, 0
109349, 55680, 1, 0, 0
109449, 58240, 1, 0, 0
109549, 55680, 1, 0, 0
109649, 55040, 1, 0, 0
109750, 56960, 1, 0, 0
109850, 57600, 1, 0, 0
109950, 58880, 1, 0, 0
110050, 58880, 1, 0, 0
110150, 56960, 1, 0, 0
110249, 56888, 1, 0, 0
110349, 58880, 1, 0, 0
110449, 56320, 1, 0, 0
110549, 56320, 1, 0, 0
110649, 56320, 1, 0, 0
110749, 55040, 1, 0, 0
110849, 55680, 1, 0, 0
110949, 55680, 1, 0, 0
111050, 60160, 1, 0, 0
111150, 61440, 1, 0, 0
111249, 54949, 1, 0, 0
111349, 58240, 1, 0, 0
111449, 56960, 1, 0, 0
111549, 57600, 1, 0, 0
111649, 56320, 1, 0, 0
111749, 59520, 1, 0, 0
111849, 57600, 1, 0, 0
111949, 56320, 1, 0, 0
112049, 55680, 1, 0, 0
112149, 53760, 1, 0, 0
112250, 56320, 1, 0, 0
112350, 58880, 1, 0, 0
112450, 56320, 1, 0, 0
112550, 56320, 1, 0, 0
112650, 60160, 1, 0, 0
112749, 57535, 1, 0, 0
112849, 58240, 1, 0, 0
112949, 58880, 1, 0, 0
113049, 61440, 1, 0, 0
113149, 58880, 1, 0, 0
113249, 59520, 1, 0, 0
113349, 58880, 1, 0, 0
113449, 58240, 1, 0, 0
113550, 59520, 1, 0, 0
113650, 56960, 1, 0, 0
113749, 58181, 1, 0, 0
113849, 59520, 1, 0, 0
113949, 58880, 1, 0, 0
114049, 57600, 1, 0, 0
114149, 58880, 1, 0, 0
114249, 51840, 1, 0, 0
114349, 56320, 1, 0, 0
114449, 57600, 1, 0, 0
114549, 55040, 1, 0, 0
114649, 58240, 1, 0, 0
114750, 58240, 1, 0, 0
114850, 55040, 1, 0, 0
114950, 59520, 1, 0, 0
115050, 58240, 1, 0, 0
115150, 55680, 1, 0, 0
115249, 58828, 1, 0, 0
115349, 58240, 1, 0, 0
115449, 58880, 1, 0, 0
115549, 57600, 1, 0, 0
115649, 60160, 1, 0, 0
115749, 56960, 1, 0, 0
115849, 58240, 1, 0, 0
115950, 56960, 1, 0, 0
116050, 56960, 1, 0, 0
116150, 59520, 1, 0, 0
116249, 60121, 1, 0, 0
116349, 55680, 1, 0, 0
116449, 57600, 1, 0, 0
116549, 58880, 1, 0, 0
116649, 57600, 1, 0, 0
116749, 56320, 1, 0, 0
116849, 60160, 1, 0, 0
116949, 60160, 1, 0, 0
117049, 56960, 1, 0, 0
117149, 56960, 1, 0, 0
117250, 56960, 1, 0, 0
117350, 58880, 1, 0, 0
117450, 58880, 1, 0, 0
117550, 55040, 1, 0, 0
117650, 58240, 1, 0, 0
117749, 55595, 1, 0, 0
117849, 58880, 1, 0, 0
117949, 56960, 1, 0, 0
118049, 58240, 1, 0, 0
118149, 56320, 1, 0, 0
118249, 58240, 1, 0, 0
118349, 61440, 1, 0, 0
118449, 58880, 1, 0, 0
118550, 60160, 1, 0, 0
118650, 55680, 1, 0, 0
118749, 59474, 1, 0, 0
118849, 60160, 1, 0, 0
118949, 60160, 1, 0, 0
119049, 56320, 1, 0, 0
119149, 58240, 1, 0, 0
119249, 56320, 1, 0, 0
119349, 58240, 1, 0, 0
119449, 55680, 1, 0, 0
119549, 56320, 1, 0, 0
119649, 58880, 1, 0, 0
119750, 55040, 1, 0, 0
119850, 58240, 1, 0, 0
119950, 58240, 1, 0, 0
120050, 57600, 1, 0, 0
120150, 58240, 1, 0, 0
120249, 58828, 1, 0, 0
120349, 61440, 1, 0, 0
120449, 55680, 1, 0, 0
120549, 58880, 1, 0, 0
120649, 62080, 1, 0, 0
120749, 58880, 1, 0, 0
120849, 60800, 1, 0, 0
120949, 60800, 1, 0, 0
121049, 60800, 1, 0, 0
121149, 58240, 1, 0, 0
121250, 57600, 1, 0, 0
121350, 60800, 1, 0, 0
121450, 62080, 1, 0, 0
121550, 58240, 1, 0, 0
121650, 60160, 1, 0, 0
121749, 58828, 1, 0, 0
121849, 58240, 1, 0, 0
121949, 58880, 1, 0, 0
122049, 58240, 1, 0, 0
122149, 59520, 1, 0, 0
122249, 60800, 1, 0, 0
122349, 59520, 1, 0, 0
122449, 57600, 1, 0, 0
122550, 61440, 1, 0, 0
122650, 58240, 1, 0, 0
122749, 57535, 1, 0, 0
122849, 59520, 1, 0, 0
122949, 59520, 1, 0, 0
123049, 60800, 1, 0, 0
123149, 64000, 1, 0, 0
123249, 59520, 1, 0, 0
123349, 59520, 1, 0, 0
123449, 59520, 1, 0, 0
123549, 59520, 1, 0, 0
123649, 58240, 1, 0, 0
123750, 60160, 1, 0, 0
123850, 60800, 1, 0, 0
123950, 59520, 1, 0, 0
124050, 58240, 1, 0, 0
124150, 58880, 1, 0, 0
124249, 60121, 1, 0, 0
124349, 60160, 1, 0, 0
124449, 58880, 1, 0, 0
124549, 55040, 1, 0, 0
124649, 60160, 1, 0, 0
124749, 57600, 1, 0, 0
124849, 58240, 1, 0, 0
124949, 58880, 1, 0, 0
125049, 58240, 1, 0, 0
125150, 56960, 1, 0, 0
125250, 58880, 1, 0, 0
125350, 58240, 1, 0, 0
125450, 56320, 1, 0, 0
125550, 60800, 1, 0, 0
125650, 55040, 1, 0, 0
125749, 58181, 1, 0, 0
125849, 57600, 1, 0, 0
125949, 59520, 1, 0, 0
126049, 56320, 1, 0, 0
126149, 58240, 1, 0, 0
126249, 56960, 1, 0, 0
126349, 56320, 1, 0, 0
126449, 63360, 1, 0, 0
126550, 62080, 1, 0, 0
126650, 57600, 1, 0, 0
126749, 62060, 1, 0, 0
126849, 60160, 1, 0, 0
126949, 58240, 1, 0, 0
127049, 58880, 1, 0, 0
127149, 60160, 1, 0, 0
127249, 56960, 1, 0, 0
127349, 60160, 1, 0, 0
127449, 58240, 1, 0, 0
127549, 56320, 1, 0, 0
127649, 61440, 1, 0, 0
127750, 58880, 1, 0, 0
127850, 55680, 1, 0, 0
127950, 56960, 1, 0, 0
128050, 59520, 1, 0, 0
128150, 59520, 1, 0, 0
128249, 60767, 1, 0, 0
128349, 56960, 1, 0, 0
128449, 57600, 1, 0, 0
128549, 57600, 1, 0, 0
128649, 60800, 1, 0, 0
128749, 58240, 1, 0, 0
128849, 56960, 1, 0, 0
128949, 58240, 1, 0, 0
129050, 55680, 1, 0, 0
129150, 58880, 1, 0, 0
129249, 56242, 1, 0, 0
129349, 59520, 1, 0, 0
129449, 58880, 1, 0, 0
129549, 58240, 1, 0, 0
129649, 60160, 1, 0, 0
129749, 57600, 1, 0, 0
129849, 59520, 1, 0, 0
129949, 60160, 1, 0, 0
130049, 56960, 1, 0, 0
130149, 57600, 1, 0, 0
130250, 58240, 1, 0, 0
130350, 56960, 1, 0, 0
130450, 57600, 1, 0, 0
130550, 58240, 1, 0, 0
130650, 59520, 1, 0, 0
130749, 60121, 1, 0, 0
130849, 61440, 1, 0, 0
130949, 56960, 1, 0, 0
131049, 62080, 1, 0, 0
131149, 59520, 1, 0, 0
131249, 60800, 1, 0, 0
131349, 58240, 1, 0, 0
131449, 59520, 1, 0, 0
131549, 58240, 1, 0, 0
131650, 58880, 1, 0, 0
131749, 54949, 1, 0, 0
131849, 60800, 1, 0, 0
131949, 57600, 1, 0, 0
132049, 58240, 1, 0, 0
132149, 60160, 1, 0, 0
132249, 57600, 1, 0, 0
132349, 58240, 1, 0, 0
132449, 58880, 1, 0, 0
132549, 58240, 1, 0, 0
132649, 60800, 1, 0, 0
132749, 58880, 1, 0, 0
132849, 56320, 1, 0, 0
132949, 56320, 1, 0, 0
133050, 56960, 1, 0, 0
133150, 55680, 1, 0, 0
133249, 59474, 1, 0, 0
133349, 60800, 1, 0, 0
133449, 55040, 1, 0, 0
133549, 58880, 1, 0, 0
133649, 58240, 1, 0, 0
133749, 57600, 1, 0, 0
133849, 59520, 1, 0, 0
133949, 56320, 1, 0, 0
134049, 58240, 1, 0, 0
134149, 60800, 1, 0, 0
134250, 58240, 1, 0, 0
134350, 58240, 1, 0, 0
134450, 58880, 1, 0, 0
134550, 58240, 1, 0, 0
134650, 57600, 1, 0, 0
134749, 61414, 1, 0, 0
134849, 59520, 1, 0, 0
134949, 59520, 1, 0, 0
135049, 58880, 1, 0, 0
135149, 58240, 1, 0, 0
135249, 60800, 1, 0, 0
135349, 60800, 1, 0, 0
135449, 58880, 1, 0, 0
135550, 56320, 1, 0, 0
135650, 60160, 1, 0, 0
135749, 58181, 1, 0, 0
135849, 58880, 1, 0, 0
135949, 58240, 1, 0, 0
136049, 57600, 1, 0, 0
136149, 60160, 1, 0, 0
136249, 58240, 1, 0, 0
136349, 56960, 1, 0, 0
136449, 62080, 1, 0, 0
136549, 53760, 1, 0, 0
136649, 58240, 1, 0, 0
136750, 57600, 1, 0, 0
136850, 59520, 1, 0, 0
136950, 58240, 1, 0, 0
137050, 56320, 1, 0, 0
137150, 58880, 1, 0, 0
137249, 57535, 1, 0, 0
137349, 57600, 1, 0, 0
137449, 56960, 1, 0, 0
137549, 56960, 1, 0, 0
137649, 61440, 1, 0, 0
137749, 59520, 1, 0, 0
137849, 57600, 1, 0, 0
137949, 61440, 1, 0, 0
138050, 59520, 1, 0, 0
138150, 60800, 1, 0, 0
138249, 58181, 1, 0, 0
138349, 59520, 1, 0, 0
138449, 60160, 1, 0, 0
138549, 59520, 1, 0, 0
138649, 56960, 1, 0, 0
138749, 58880, 1, 0, 0
138849, 60800, 1, 0, 0
138949, 58880, 1, 0, 0
139049, 58880, 1, 0, 0
139149, 58880, 1, 0, 0
139250, 59520, 1, 0, 0
139350, 58240, 1, 0, 0
139450, 56320, 1, 0, 0
139550, 60800, 1, 0, 0
139650, 58880, 1, 0, 0
139749, 58181, 1, 0, 0
139849, 55680, 1, 0, 0
139949, 60160, 1, 0, 0
140049, 59520, 1, 0, 0
140149, 61440, 1, 0, 0
140249, 58240, 1, 0, 0
140349, 57600, 1, 0, 0
140449, 57600, 1, 0, 0
140550, 62080, 1, 0, 0
140650, 56320, 1, 0, 0
140749, 57535, 1, 0, 0
140849, 61440, 1, 0, 0
140949, 60800, 1, 0, 0
141049, 57600, 1, 0, 0
141149, 60160, 1, 0, 0
141249, 56320, 1, 0, 0
141349, 58880, 1, 0, 0
141449, 58240, 1, 0, 0
141549, 59520, 1, 0, 0
141649, 56960, 1, 0, 0
141750, 59520, 1, 0, 0
141850, 56320, 1, 0, 0
141950, 58240, 1, 0, 0
142050, 58240, 1, 0, 0
142150, 62720, 1, 0, 0
142249, 60121, 1, 0, 0
142349, 60800, 1, 0, 0
142449, 58240, 1, 0, 0
142549, 62720, 1, 0, 0
142649, 58240, 1, 0, 0
142749, 59520, 1, 0, 0
142849, 60160, 1, 0, 0
142949, 60160, 1, 0, 0
143050, 60160, 1, 0, 0
143150, 59520, 1, 0, 0
143249, 61414, 1, 0, 0
143349, 60800, 1, 0, 0
143449, 57600, 1, 0, 0
143549, 60160, 1, 0, 0
143649, 62080, 1, 0, 0
143749, 60160, 1, 0, 0
143849, 57600, 1, 0, 0
143949, 56960, 1, 0, 0
144049, 63360, 1, 0, 0
144149, 60160, 1, 0, 0
144250, 62080, 1, 0, 0
144350, 61440, 1, 0, 0
144450, 57600, 1, 0, 0
144550, 58240, 1, 0, 0
144650, 56320, 1, 0, 0
144749, 58181, 1, 0, 0
144849, 58240, 1, 0, 0
144949, 60800, 1, 0, 0
145049, 58240, 1, 0, 0
145149, 60160, 1, 0, 0
145249, 60160, 1, 0, 0
145349, 58880, 1, 0, 0
145449, 58880, 1, 0, 0
145550, 61440, 1, 0, 0
145650, 59520, 1, 0, 0
145749, 60121, 1, 0, 0
145849, 61440, 1, 0, 0
145949, 61440, 1, 0, 0
146049, 59520, 1, 0, 0
146149, 58880, 1, 0, 0
146249, 57600, 1, 0, 0
146349, 59520, 1, 0, 0
146449, 56320, 1, 0, 0
146549, 56320, 1, 0, 0
146649, 59520, 1, 0, 0
146750, 62720, 1, 0, 0
146850, 55680, 1, 0, 0
146950, 57600, 1, 0, 0
147050, 56960, 1, 0, 0
147150, 59520, 1, 0, 0
147249, 60121, 1, 0, 0
147349, 61440, 1, 0, 0
147449, 58880, 1, 0, 0
147549, 60160, 1, 0, 0
147649, 62080, 1, 0, 0
147749, 60800, 1, 0, 0
147849, 58880, 1, 0, 0
147950, 59520, 1, 0, 0
148050, 60800, 1, 0, 0
148150, 58240, 1, 0, 0
148249, 59474, 1, 0, 0
148349, 58880, 1, 0, 0
148449, 62080, 1, 0, 0
148549, 58240, 1, 0, 0
148649, 62080, 1, 0, 0
148749, 60160, 1, 0, 0
148849, 59520, 1, 0, 0
148949, 60160, 1, 0, 0
149049, 60160, 1, 0, 0
149149, 59520, 1, 0, 0
149250, 58880, 1, 0, 0
149350, 62080, 1, 0, 0
149450, 60800, 1, 0, 0
149550, 58240, 1, 0, 0
149650, 57600, 1, 0, 0
149749, 59474, 1, 0, 0
149849, 60800, 1, 0, 0
149949, 64000, 1, 0, 0
150049, 60160, 1, 0, 0
150149, 63360, 1, 0, 0
150249, 59520, 1, 0, 0
150350, 61440, 1, 0, 0
150450, 62720, 1, 0, 0
150550, 60160, 1, 0, 0
150650, 56960, 1, 0, 0
150749, 57535, 1, 0, 0
150849, 57600, 1, 0, 0
150949, 60160, 1, 0, 0
151049, 60160, 1, 0, 0
151149, 59520, 1, 0, 0
151249, 57600, 1, 0, 0
151349, 60800, 1, 0, 0
151449, 58880, 1, 0, 0
151549, 56320, 1, 0, 0
151649, 64640, 1, 0, 0
151750, 58880, 1, 0, 0
151850, 58880, 1, 0, 0
151950, 58240, 1, 0, 0
152050, 59520, 1, 0, 0
152150, 57600, 1, 0, 0
152249, 62060, 1, 0, 0
152349, 58880, 1, 0, 0
152449, 60800, 1, 0, 0
152549, 60160, 1, 0, 0
152649, 60160, 1, 0, 0
152749, 60800, 1, 0, 0
152849, 58240, 1, 0, 0
152949, 60160, 1, 0, 0
153050, 60160, 1, 0, 0
153150, 58880, 1, 0, 0
153249, 58181, 1, 0, 0
153349, 59520, 1, 0, 0
153449, 60160, 1, 0, 0
153549, 59520, 1, 0, 0
153649, 56960, 1, 0, 0
153749, 58240, 1, 0, 0
153849, 60800, 1, 0, 0
153949, 55680, 1, 0, 0
154049, 60160, 1, 0, 0
154149, 61440, 1, 0, 0
154249, 60160, 1, 0, 0
154350, 60160, 1, 0, 0
154450, 60160, 1, 0, 0
154550, 58880, 1, 0, 0
154650, 60160, 1, 0, 0
154749, 62060, 1, 0, 0
154849, 60160, 1, 0, 0
154949, 60800, 1, 0, 0
155049, 60160, 1, 0, 0
155149, 58880, 1, 0, 0
155249, 62080, 1, 0, 0
155349, 59520, 1, 0, 0
155449, 58880, 1, 0, 0
155549, 61440, 1, 0, 0
155649, 58240, 1, 0, 0
155750, 59520, 1, 0, 0
155850, 58880, 1, 0, 0
155950, 61440, 1, 0, 0
156050, 62080, 1, 0, 0
156150, 62720, 1, 0, 0
156249, 60767, 1, 0, 0
156349, 58880, 1, 0, 0
156449, 62080, 1, 0, 0
156549, 62080, 1, 0, 0
156649, 60800, 1, 0, 0
156749, 59520, 1, 0, 0
156849, 59520, 1, 0, 0
156949, 58240, 1, 0, 0
157050, 60160, 1, 0, 0
157150, 58880, 1, 0, 0
157249, 60767, 1, 0, 0
157349, 59520, 1, 0, 0
157449, 58880, 1, 0, 0
157549, 58880, 1, 0, 0
157649, 59520, 1, 0, 0
157749, 56320, 1, 0, 0
157849, 60800, 1, 0, 0
157949, 58880, 1, 0, 0
158049, 59520, 1, 0, 0
158149, 60160, 1, 0, 0
158250, 61440, 1, 0, 0
158350, 58240, 1, 0, 0
158450, 60160, 1, 0, 0
158550, 60800, 1, 0, 0
158650, 61440, 1, 0, 0
158749, 58828, 1, 0, 0
158849, 57600, 1, 0, 0
158949, 58880, 1, 0, 0
159049, 61440, 1, 0, 0
159149, 57600, 1, 0, 0
159249, 57600, 1, 0, 0
159349, 56960, 1, 0, 0
159449, 57600, 1, 0, 0
159550, 58240, 1, 0, 0
159650, 57600, 1, 0, 0
159749, 58828, 1, 0, 0
159849, 60800, 1, 0, 0
159949, 60160, 1, 0, 0
160049, 61440, 1, 0, 0
160149, 60160, 1, 0, 0
160249, 63360, 1, 0, 0
160349, 60800, 1, 0, 0
160449, 60800, 1, 0, 0
160549, 58880, 1, 0, 0
160649, 60160, 1, 0, 0
160750, 58240, 1, 0, 0
160850, 60160, 1, 0, 0
160950, 61440, 1, 0, 0
161050, 62720, 1, 0, 0
161150, 57600, 1, 0, 0
161249, 60121, 1, 0, 0
161349, 62720, 1, 0, 0
161449, 58240, 1, 0, 0
161549, 64000, 1, 0, 0
161649, 59520, 1, 0, 0
161749, 60800, 1, 0, 0
161849, 61440, 1, 0, 0
161949, 58240, 1, 0, 0
162050, 62080, 1, 0, 0
162150, 64000, 1, 0, 0
162249, 62707, 1, 0, 0
162349, 62080, 1, 0, 0
162449, 60800, 1, 0, 0
162549, 62080, 1, 0, 0
162649, 62080, 1, 0, 0
162749, 61440, 1, 0, 0
162849, 60160, 1, 0, 0
162949, 60160, 1, 0, 0
163049, 60160, 1, 0, 0
163149, 58880, 1, 0, 0
163249, 60800, 1, 0, 0
163350, 60800, 1, 0, 0
163450, 62720, 1, 0, 0
163550, 55680, 1, 0, 0
163650, 58880, 1, 0, 0
163749, 58828, 1, 0, 0
163849, 58240, 1, 0, 0
163949, 59520, 1, 0, 0
164049, 60160, 1, 0, 0
164149, 62080, 1, 0, 0
164249, 62080, 1, 0, 0
164349, 62720, 1, 0, 0
164449, 61440, 1, 0, 0
164549, 59520, 1, 0, 0
164649, 62720, 1, 0, 0
164750, 60800, 1, 0, 0
164850, 62720, 1, 0, 0
164950, 60800, 1, 0, 0
165050, 57600, 1, 0, 0
165150, 62720, 1, 0, 0
165249, 60121, 1, 0, 0
165349, 58240, 1, 0, 0
165449, 60160, 1, 0, 0
165549, 62720, 1, 0, 0
165649, 62080, 1, 0, 0
165749, 60800, 1, 0, 0
165849, 62720, 1, 0, 0
165950, 59520, 1, 0, 0
166050, 62080, 1, 0, 0
166150, 59520, 1, 0, 0
166249, 60767, 1, 0, 0
166349, 58880, 1, 0, 0
166449, 60160, 1, 0, 0
166549, 62080, 1, 0, 0
166649, 60800, 1, 0, 0
166749, 60160, 1, 0, 0
166849, 61440, 1, 0, 0
166949, 64000, 1, 0, 0
167049, 62720, 1, 0, 0
167150, 61440, 1, 0, 0
167249, 64000, 1, 0, 0
167349, 59520, 1, 0, 0
167449, 60160, 1, 0, 0
167549, 59520, 1, 0, 0
167649, 60800, 1, 0, 0
167749, 61440, 1, 0, 0
167849, 64000, 1, 0, 0
167949, 61440, 1, 0, 0
168049, 60160, 1, 0, 0
168149, 63360, 1, 0, 0
168249, 60160, 1, 0, 0
168349, 61440, 1, 0, 0
168449, 58880, 1, 0, 0
168550, 62080, 1, 0, 0
168650, 62720, 1, 0, 0
168749, 58828, 1, 0, 0
168849, 63360, 1, 0, 0
168949, 58240, 1, 0, 0
169049, 56960, 1, 0, 0
169149, 57600, 1, 0, 0
169249, 62720, 1, 0, 0
169349, 61440, 1, 0, 0
169449, 58880, 1, 0, 0
169549, 64000, 1, 0, 0
169649, 62080, 1, 0, 0
169750, 62080, 1, 0, 0
169850, 60160, 1, 0, 0
169950, 58880, 1, 0, 0
170050, 62080, 1, 0, 0
170150, 62080, 1, 0, 0
170249, 60767, 1, 0, 0
170349, 62720, 1, 0, 0
170449, 63360, 1, 0, 0
170549, 61440, 1, 0, 0
170649, 62080, 1, 0, 0
170749, 61440, 1, 0, 0
170849, 62080, 1, 0, 0
170949, 64000, 1, 0, 0
171050, 63360, 1, 0, 0
171150, 62080, 1, 0, 0
171249, 62060, 1, 0, 0
171349, 62080, 1, 0, 0
171449, 60800, 1, 0, 0
171549, 62080, 1, 0, 0
171649, 64000, 1, 0, 0
171749, 65280, 1, 0, 0
171849, 61440, 1, 0, 0
171949, 64000, 1, 0, 0
172049, 62080, 1, 0, 0
172149, 62720, 1, 0, 0
172250, 61440, 1, 0, 0
172350, 60800, 1, 0, 0
172450, 60800, 1, 0, 0
172550, 64640, 1, 0, 0
172650, 60160, 1, 0, 0
172749, 62060, 1, 0, 0
172849, 62080, 1, 0, 0
172949, 65280, 1, 0, 0
173049, 60160, 1, 0, 0
173149, 59520, 1, 0, 0
173249, 62080, 1, 0, 0
173349, 60800, 1, 0, 0
173449, 62080, 1, 0, 0
173549, 64000, 1, 0, 0
173650, 62720, 1, 0, 0
173749, 63353, 1, 0, 0
173849, 63360, 1, 0, 0
173949, 61440, 1, 0, 0
174049, 61440, 1, 0, 0
174149, 64640, 1, 0, 0
174249, 60800, 1, 0, 0
174349, 60160, 1, 0, 0
174449, 64640, 1, 0, 0
174549, 60160, 1, 0, 0
174649, 60160, 1, 0, 0
174749, 62080, 1, 0, 0
174849, 60800, 1, 0, 0
174950, 62080, 1, 0, 0
175050, 60800, 1, 0, 0
175150, 61440, 1, 0, 0
175249, 60767, 1, 0, 0
175349, 58240, 1, 0, 0
175449, 60160, 1, 0, 0
175549, 58240, 1, 0, 0
175649, 63360, 1, 0, 0
175749, 60800, 1, 0, 0
175849, 62080, 1, 0, 0
175949, 63360, 1, 0, 0
176049, 60800, 1, 0, 0
176149, 61440, 1, 0, 0
176249, 62080, 1, 0, 0
176350, 58240, 1, 0, 0
176450, 58880, 1, 0, 0
176550, 61440, 1, 0, 0
176650, 60160, 1, 0, 0
176749, 61414, 1, 0, 0
176849, 62720, 1, 0, 0
176949, 60160, 1, 0, 0
177049, 60800, 1, 0, 0
177149, 63360, 1, 0, 0
177249, 62080, 1, 0, 0
177349, 64000, 1, 0, 0
177449, 61440, 1, 0, 0
177549, 68480, 1, 0, 0
177649, 60800, 1, 0, 0
177750, 62080, 1, 0, 0
177850, 61440, 1, 0, 0
177950, 60160, 1, 0, 0
178050, 59520, 1, 0, 0
178150, 62720, 1, 0, 0
178249, 61414, 1, 0, 0
178349, 60160, 1, 0, 0
178449, 61440, 1, 0, 0
178549, 61440, 1, 0, 0
178649, 59520, 1, 0, 0
178749, 65280, 1, 0, 0
178850, 64640, 1, 0, 0
178950, 61440, 1, 0, 0
179050, 61440, 1, 0, 0
179150, 61440, 1, 0, 0
179249, 60121, 1, 0, 0
179349, 61440, 1, 0, 0
179449, 60800, 1, 0, 0
179549, 61440, 1, 0, 0
179649, 59520, 1, 0, 0
179749, 62080, 1, 0, 0
179849, 58880, 1, 0, 0
179949, 60160, 1, 0, 0
180050, 61440, 1, 0, 0
180150, 63360, 1, 0, 0
180249, 60121, 1, 0, 0
180349, 59520, 1, 0, 0
180449, 59520, 1, 0, 0
180549, 60800, 1, 0, 0
180649, 59520, 1, 0, 0
180749, 57600, 1, 0, 0
180849, 59520, 1, 0, 0
180949, 60160, 1, 0, 0
181049, 60800, 1, 0, 0
181149, 59520, 1, 0, 0
181249, 62080, 1, 0, 0
181349, 60160, 1, 0, 0
181450, 61440, 1, 0, 0
181550, 64000, 1, 0, 0
181650, 61440, 1, 0, 0
181749, 58828, 1, 0, 0
181849, 60160, 1, 0, 0
181949, 60160, 1, 0, 0
182049, 62080, 1, 0, 0
182149, 62720, 1, 0, 0
182249, 60800, 1, 0, 0
182349, 61440, 1, 0, 0
182449, 60800, 1, 0, 0
182549, 58880, 1, 0, 0
182649, 59520, 1, 0, 0
182750, 64000, 1, 0, 0
182850, 60800, 1, 0, 0
182950, 58880, 1, 0, 0
183050, 62080, 1, 0, 0
183150, 59520, 1, 0, 0
183249, 61414, 1, 0, 0
183349, 59520, 1, 0, 0
183449, 60800, 1, 0, 0
183549, 58880, 1, 0, 0
183649, 61440, 1, 0, 0
183749, 59520, 1, 0, 0
183849, 61440, 1, 0, 0
183949, 56960, 1, 0, 0
184050, 60800, 1, 0, 0
184150, 62080, 1, 0, 0
184249, 59474, 1, 0, 0
184349, 57600, 1, 0, 0
184449, 59520, 1, 0, 0
184549, 59520, 1, 0, 0
184649, 59520, 1, 0, 0
184749, 61440, 1, 0, 0
184849, 61440, 1, 0, 0
184949, 59520, 1, 0, 0
185049, 58240, 1, 0, 0
185149, 60800, 1, 0, 0
185250, 61440, 1, 0, 0
185350, 60160, 1, 0, 0
185450, 59520, 1, 0, 0
185550, 60800, 1, 0, 0
185650, 60160, 1, 0, 0
185749, 60767, 1, 0, 0
185849, 62080, 1, 0, 0
185949, 59520, 1, 0, 0
186049, 60800, 1, 0, 0
186149, 60800, 1, 0, 0
186249, 60800, 1, 0, 0
186349, 58880, 1, 0, 0
186449, 58880, 1, 0, 0
186550, 62080, 1, 0, 0
186650, 59520, 1, 0, 0
186749, 58181, 1, 0, 0
186849, 61440, 1, 0, 0
186949, 58880, 1, 0, 0
187049, 62080, 1, 0, 0
187149, 62080, 1, 0, 0
187249, 59520, 1, 0, 0
187349, 60800, 1, 0, 0
187449, 63360, 1, 0, 0
187549, 63360, 1, 0, 0
187649, 62080, 1, 0, 0
187750, 60800, 1, 0, 0
187850, 63360, 1, 0, 0
187950, 60800, 1, 0, 0
188050, 62720, 1, 0, 0
188150, 61440, 1, 0, 0
188249, 58828, 1, 0, 0
188349, 58880, 1, 0, 0
188449, 62080, 1, 0, 0
188549, 58880, 1, 0, 0
188649, 60800, 1, 0, 0
188749, 63360, 1, 0, 0
188849, 62080, 1, 0, 0
188949, 55680, 1, 0, 0
189050, 61440, 1, 0, 0
189150, 57600, 1, 0, 0
189249, 59474, 1, 0, 0
189349, 63360, 1, 0, 0
189449, 60160, 1, 0, 0
189549, 60800, 1, 0, 0
189649, 58880, 1, 0, 0
189749, 58240, 1, 0, 0
189849, 60800, 1, 0, 0
189949, 59520, 1, 0, 0
190049, 59520, 1, 0, 0
190149, 61440, 1, 0, 0
190250, 57600, 1, 0, 0
190350, 60800, 1, 0, 0
190450, 56960, 1, 0, 0
190550, 58880, 1, 0, 0
190650, 58880, 1, 0, 0
190749, 57535, 1, 0, 0
190849, 58880, 1, 0, 0
190949, 60800, 1, 0, 0
191049, 60800, 1, 0, 0
191149, 58880, 1, 0, 0
191249, 62080, 1, 0, 0
191349, 64640, 1, 0, 0
191449, 62080, 1, 0, 0
191550, 60800, 1, 0, 0
191650, 63360, 1, 0, 0
191749, 60121, 1, 0, 0
191849, 60800, 1, 0, 0
191949, 58240, 1, 0, 0
192049, 62720, 1, 0, 0
192149, 62080, 1, 0, 0
192249, 58880, 1, 0, 0
192349, 62720, 1, 0, 0
192449, 59520, 1, 0, 0
192549, 60800, 1, 0, 0
192649, 60800, 1, 0, 0
192750, 60160, 1, 0, 0
192850, 63360, 1, 0, 0
192950, 62080, 1, 0, 0
193050, 61440, 1, 0, 0
193150, 64640, 1, 0, 0
193249, 62707, 1, 0, 0
193349, 62080, 1, 0, 0
193449, 61440, 1, 0, 0
193549, 59520, 1, 0, 0
193649, 60800, 1, 0, 0
193749, 62080, 1, 0, 0
193849, 60800, 1, 0, 0
193949, 62080, 1, 0, 0
194050, 57600, 1, 0, 0
194150, 63360, 1, 0, 0
194249, 62707, 1, 0, 0
194349, 60800, 1, 0, 0
194449, 58880, 1, 0, 0
194549, 57600, 1, 0, 0
194649, 56960, 1, 0, 0
194749, 61440, 1, 0, 0
194849, 60800, 1, 0, 0
194949, 61440, 1, 0, 0
195049, 60800, 1, 0, 0
195149, 61440, 1, 0, 0
195250, 61440, 1, 0, 0
195350, 63360, 1, 0, 0
195450, 60800, 1, 0, 0
195550, 62080, 1, 0, 0
195650, 63360, 1, 0, 0
195749, 60767, 1, 0, 0
195849, 59520, 1, 0, 0
195949, 62720, 1, 0, 0
196049, 61440, 1, 0, 0
196149, 63360, 1, 0, 0
196249, 62720, 1, 0, 0
196349, 62080, 1, 0, 0
196449, 61440, 1, 0, 0
196549, 61440, 1, 0, 0
196650, 60800, 1, 0, 0
196749, 64000, 1, 0, 0
196849, 58240, 1, 0, 0
196949, 59520, 1, 0, 0
197049, 59520, 1, 0, 0
197149, 59520, 1, 0, 0
197249, 60160, 1, 0, 0
197349, 62080, 1, 0, 0
197449, 60800, 1, 0, 0
197549, 60800, 1, 0, 0
197649, 59520, 1, 0, 0
197749, 63360, 1, 0, 0
197849, 64640, 1, 0, 0
197949, 62080, 1, 0, 0
198050, 59520, 1, 0, 0
198150, 63360, 1, 0, 0
198249, 61414, 1, 0, 0
198349, 62720, 1, 0, 0
198449, 62080, 1, 0, 0
198549, 56320, 1, 0, 0
198649, 60160, 1, 0, 0
198749, 62080, 1, 0, 0
198849, 62080, 1, 0, 0
198949, 61440, 1, 0, 0
199049, 63360, 1, 0, 0
199149, 58240, 1, 0, 0
199250, 60160, 1, 0, 0
199350, 63360, 1, 0, 0
199450, 64640, 1, 0, 0
199550, 58240, 1, 0, 0
199650, 59520, 1, 0, 0
199749, 63353, 1, 0, 0
199849, 60160, 1, 0, 0
199949, 58880, 1, 0, 0
200049, 60800, 1, 0, 0
200149, 61440, 1, 0, 0
200249, 62080, 1, 0, 0
200349, 60160, 1, 0, 0
200449, 59520, 1, 0, 0
200550, 60160, 1, 0, 0
200650, 62720, 1, 0, 0
200749, 58828, 1, 0, 0
200849, 60800, 1, 0, 0
200949, 62080, 1, 0, 0
201049, 63360, 1, 0, 0
201149, 63360, 1, 0, 0
201249, 60160, 1, 0, 0
201349, 58240, 1, 0, 0
201449, 57600, 1, 0, 0
201549, 60160, 1, 0, 0
201649, 61440, 1, 0, 0
201750, 64640, 1, 0, 0
201850, 59520, 1, 0, 0
201950, 60800, 1, 0, 0
202050, 58240, 1, 0, 0
202150, 59520, 1, 0, 0
202249, 61414, 1, 0, 0
202349, 59520, 1, 0, 0
202449, 58880, 1, 0, 0
202549, 61440, 1, 0, 0
202649, 60160, 1, 0, 0
202749, 62080, 1, 0, 0
202849, 62080, 1, 0, 0
202949, 64000, 1, 0, 0
203050, 61440, 1, 0, 0
203150, 59520, 1, 0, 0
203249, 61414, 1, 0, 0
203349, 60160, 1, 0, 0
203449, 62080, 1, 0, 0
203549, 64000, 1, 0, 0
203649, 63360, 1, 0, 0
203749, 62080, 1, 0, 0
203849, 64000, 1, 0, 0
203949, 62080, 1, 0, 0
204049, 60800, 1, 0, 0
204149, 63360, 1, 0, 0
204250, 62080, 1, 0, 0
204350, 60160, 1, 0, 0
204450, 60800, 1, 0, 0
204550, 61440, 1, 0, 0
204650, 62720, 1, 0, 0
204749, 62707, 1, 0, 0
204849, 62720, 1, 0, 0
204949, 62080, 1, 0, 0
205049, 64000, 1, 0, 0
205149, 64640, 1, 0, 0
205249, 62720, 1, 0, 0
205349, 64640, 1, 0, 0
205449, 63360, 1, 0, 0
205550, 62080, 1, 0, 0
205650, 60800, 1, 0, 0
205749, 60121, 1, 0, 0
205849, 60800, 1, 0, 0
205949, 60800, 1, 0, 0
206049, 62080, 1, 0, 0
206149, 60160, 1, 0, 0
206249, 62080, 1, 0, 0
206349, 56960, 1, 0, 0
206449, 59520, 1, 0, 0
206549, 64640, 1, 0, 0
206649, 61440, 1, 0, 0
206750, 60160, 1, 0, 0
206850, 62720, 1, 0, 0
206950, 61440, 1, 0, 0
207050, 58880, 1, 0, 0
207150, 62080, 1, 0, 0
207249, 58828, 1, 0, 0
207349, 60800, 1, 0, 0
207449, 62080, 1, 0, 0
207549, 59520, 1, 0, 0
207649, 62080, 1, 0, 0
207749, 62720, 1, 0, 0
207849, 62080, 1, 0, 0
207949, 61440, 1, 0, 0
208049, 62080, 1, 0, 0
208150, 64000, 1, 0, 0
208249, 63353, 1, 0, 0
208349, 62720, 1, 0, 0
208449, 63360, 1, 0, 0
208549, 60160, 1, 0, 0
208649, 62080, 1, 0, 0
208749, 64640, 1, 0, 0
208849, 60800, 1, 0, 0
208949, 62720, 1, 0, 0
209049, 62720, 1, 0, 0
209149, 59520, 1, 0, 0
209249, 64000, 1, 0, 0
209349, 64000, 1, 0, 0
209450, 62080, 1, 0, 0
209550, 60800, 1, 0, 0
209650, 62720, 1, 0, 0
209749, 62060, 1, 0, 0
209849, 66560, 1, 0, 0
209949, 60800, 1, 0, 0
210049, 62720, 1, 0, 0
210149, 62720, 1, 0, 0
210249, 61440, 1, 0, 0
210349, 64000, 1, 0, 0
210449, 61440, 1, 0, 0
210549, 61440, 1, 0, 0
210649, 63360, 1, 0, 0
210750, 62720, 1, 0, 0
210850, 64640, 1, 0, 0
210950, 64640, 1, 0, 0
211050, 62720, 1, 0, 0
211150, 63360, 1, 0, 0
211249, 64000, 1, 0, 0
211349, 64640, 1, 0, 0
211449, 60800, 1, 0, 0
211549, 61440, 1, 0, 0
211649, 62080, 1, 0, 0
211749, 64640, 1, 0, 0
211849, 63360, 1, 0, 0
211949, 61440, 1, 0, 0
212049, 62720, 1, 0, 0
212150, 61440, 1, 0, 0
212249, 63353, 1, 0, 0
212349, 60800, 1, 0, 0
212449, 63360, 1, 0, 0
212549, 63360, 1, 0, 0
212649, 64640, 1, 0, 0
212749, 60160, 1, 0, 0
212849, 61440, 1, 0, 0
212949, 64000, 1, 0, 0
213049, 61440, 1, 0, 0
213149, 63360, 1, 0, 0
213249, 65280, 1, 0, 0
213350, 64000, 1, 0, 0
213450, 62720, 1, 0, 0
213550, 64640, 1, 0, 0
213650, 61440, 1, 0, 0
213749, 58828, 1, 0, 0
213849, 62080, 1, 0, 0
213949, 60160, 1, 0, 0
214049, 62720, 1, 0, 0
214149, 61440, 1, 0, 0
214249, 62080, 1, 0, 0
214349, 60160, 1, 0, 0
214449, 60800, 1, 0, 0
214549, 61440, 1, 0, 0
214650, 62720, 1, 0, 0
214749, 62060, 1, 0, 0
214849, 61440, 1, 0, 0
214949, 59520, 1, 0, 0
215049, 61440, 1, 0, 0
215149, 60800, 1, 0, 0
215249, 64640, 1, 0, 0
215349, 60800, 1, 0, 0
215449, 60800, 1, 0, 0
215549, 60800, 1, 0, 0
215649, 63360, 1, 0, 0
215750, 59520, 1, 0, 0
215850, 62720, 1, 0, 0
215950, 60160, 1, 0, 0
216050, 62720, 1, 0, 0
216150, 62720, 1, 0, 0
216249, 60767, 1, 0, 0
216349, 60160, 1, 0, 0
216449, 61440, 1, 0, 0
216549, 64000, 1, 0, 0
216649, 61440, 1, 0, 0
216749, 62720, 1, 0, 0
216849, 60800, 1, 0, 0
216949, 64000, 1, 0, 0
217050, 63360, 1, 0, 0
217150, 64640, 1, 0, 0
217249, 61414, 1, 0, 0
217349, 61440, 1, 0, 0
217449, 60160, 1, 0, 0
217549, 62720, 1, 0, 0
217649, 63360, 1, 0, 0
217749, 62720, 1, 0, 0
217849, 62080, 1, 0, 0
217949, 58880, 1, 0, 0
218049, 62080, 1, 0, 0
218149, 61440, 1, 0, 0
218250, 60800, 1, 0, 0
218350, 61440, 1, 0, 0
218450, 61440, 1, 0, 0
218550, 60800, 1, 0, 0
218650, 62720, 1, 0, 0
218749, 60767, 1, 0, 0
218849, 63360, 1, 0, 0
218949, 61440, 1, 0, 0
219049, 62720, 1, 0, 0
219149, 61440, 1, 0, 0
219249, 60800, 1, 0, 0
219349, 63360, 1, 0, 0
219449, 62080, 1, 0, 0
219550, 62080, 1, 0, 0
219650, 61440, 1, 0, 0
219749, 64000, 1, 0, 0
219849, 60160, 1, 0, 0
219949, 62720, 1, 0, 0
220049, 62720, 1, 0, 0
220149, 60800, 1, 0, 0
220249, 63360, 1, 0, 0
220349, 63360, 1, 0, 0
220449, 58240, 1, 0, 0
220549, 60800, 1, 0, 0
220649, 60160, 1, 0, 0
220750, 62720, 1, 0, 0
220850, 62720, 1, 0, 0
220950, 59520, 1, 0, 0
221050, 61440, 1, 0, 0
221150, 61440, 1, 0, 0
221249, 61414, 1, 0, 0
221349, 60160, 1, 0, 0
221449, 61440, 1, 0, 0
221549, 60800, 1, 0, 0
221649, 62080, 1, 0, 0
221749, 60160, 1, 0, 0
221849, 60800, 1, 0, 0
221949, 63360, 1, 0, 0
222050, 62080, 1, 0, 0
222150, 60160, 1, 0, 0
222249, 58828, 1, 0, 0
222349, 64640, 1, 0, 0
222449, 64640, 1, 0, 0
222549, 62720, 1, 0, 0
222649, 62720, 1, 0, 0
222749, 60800, 1, 0, 0
222849, 60800, 1, 0, 0
222949, 62080, 1, 0, 0
223049, 60800, 1, 0, 0
223149, 60800, 1, 0, 0
223249, 62080, 1, 0, 0
223350, 62080, 1, 0, 0
223450, 60800, 1, 0, 0
223550, 62080, 1, 0, 0
223650, 62080, 1, 0, 0
223749, 64646, 1, 0, 0
223849, 62720, 1, 0, 0
223949, 62080, 1, 0, 0
224049, 58880, 1, 0, 0
224149, 62080, 1, 0, 0
224249, 62720, 1, 0, 0
224349, 61440, 1, 0, 0
224449, 62720, 1, 0, 0
224550, 60800, 1, 0, 0
224650, 60800, 1, 0, 0
224749, 62707, 1, 0, 0
224849, 61440, 1, 0, 0
224949, 60160, 1, 0, 0
225049, 61440, 1, 0, 0
225149, 63360, 1, 0, 0
225249, 64000, 1, 0, 0
225349, 64000, 1, 0, 0
225449, 63360, 1, 0, 0
225550, 63360, 1, 0, 0
225650, 62720, 1, 0, 0
225749, 62060, 1, 0, 0
225849, 60800, 1, 0, 0
225949, 65280, 1, 0, 0
226049, 64000, 1, 0, 0
226149, 63360, 1, 0, 0
226249, 62720, 1, 0, 0
226349, 64000, 1, 0, 0
226449, 62720, 1, 0, 0
226549, 63360, 1, 0, 0
226649, 62720, 1, 0, 0
226750, 65920, 1, 0, 0
226850, 60160, 1, 0, 0
226950, 65280, 1, 0, 0
227050, 62720, 1, 0, 0
227150, 64640, 1, 0, 0
227249, 64646, 1, 0, 0
227349, 64640, 1, 0, 0
227449, 64640, 1, 0, 0
227549, 61440, 1, 0, 0
227649, 64000, 1, 0, 0
227749, 64000, 1, 0, 0
227849, 65280, 1, 0, 0
227950, 63360, 1, 0, 0
228050, 61440, 1, 0, 0
228150, 60160, 1, 0, 0
228249, 61414, 1, 0, 0
228349, 64640, 1, 0, 0
228449, 65920, 1, 0, 0
228549, 60160, 1, 0, 0
228649, 62720, 1, 0, 0
228749, 65280, 1, 0, 0
228849, 64640, 1, 0, 0
228949, 65280, 1, 0, 0
229049, 64640, 1, 0, 0
229149, 64000, 1, 0, 0
229250, 61440, 1, 0, 0
229350, 62720, 1, 0, 0
229450, 60160, 1, 0, 0
229550, 60160, 1, 0, 0
229650, 58240, 1, 0, 0
229749, 62060, 1, 0, 0
229849, 64640, 1, 0, 0
229949, 61440, 1, 0, 0
230049, 62080, 1, 0, 0
230149, 65920, 1, 0, 0
230249, 64000, 1, 0, 0
230349, 65280, 1, 0, 0
230449, 64000, 1, 0, 0
230550, 63360, 1, 0, 0
230650, 64000, 1, 0, 0
230749, 63353, 1, 0, 0
230849, 62080, 1, 0, 0
230949, 62720, 1, 0, 0
231049, 65920, 1, 0, 0
231149, 64000, 1, 0, 0
231249, 65280, 1, 0, 0
231349, 62720, 1, 0, 0
231449, 65920, 1, 0, 0
231549, 63360, 1, 0, 0
231649, 62720, 1, 0, 0
231750, 65280, 1, 0, 0
231850, 64000, 1, 0, 0
231950, 62080, 1, 0, 0
232050, 61440, 1, 0, 0
232150, 62080, 1, 0, 0
232249, 59474, 1, 0, 0
232349, 64000, 1, 0, 0
232449, 61440, 1, 0, 0
232549, 64000, 1, 0, 0
232649, 61440, 1, 0, 0
232749, 64000, 1, 0, 0
232849, 62080, 1, 0, 0
232949, 64640, 1, 0, 0
233050, 62720, 1, 0, 0
233150, 63360, 1, 0, 0
233249, 65292, 1, 0, 0
233349, 63360, 1, 0, 0
233449, 65280, 1, 0, 0
233549, 64000, 1, 0, 0
233649, 62720, 1, 0, 0
233749, 62080, 1, 0, 0
233849, 62720, 1, 0, 0
233949, 62720, 1, 0, 0
234049, 64640, 1, 0, 0
234149, 63360, 1, 0, 0
234250, 60800, 1, 0, 0
234350, 63360, 1, 0, 0
234450, 62720, 1, 0, 0
234550, 63360, 1, 0, 0
234650, 60800, 1, 0, 0
234749, 61414, 1, 0, 0
234849, 64000, 1, 0, 0
234949, 62080, 1, 0, 0
235049, 65920, 1, 0, 0
235149, 64640, 1, 0, 0
235249, 62080, 1, 0, 0
235349, 64640, 1, 0, 0
235449, 63360, 1, 0, 0
235550, 61440, 1, 0, 0
235650, 59520, 1, 0, 0
235749, 64000, 1, 0, 0
235849, 62720, 1, 0, 0
235949, 62720, 1, 0, 0
236049, 64640, 1, 0, 0
236149, 60800, 1, 0, 0
236249, 64000, 1, 0, 0
236349, 63360, 1, 0, 0
236449, 63360, 1, 0, 0
236549, 58880, 1, 0, 0
236649, 62080, 1, 0, 0
236749, 64000, 1, 0, 0
236849, 58880, 1, 0, 0
236950, 57600, 1, 0, 0
237050, 60160, 1, 0, 0
237150, 60800, 1, 0, 0
237249, 60121, 1, 0, 0
237349, 62720, 1, 0, 0
237449, 62720, 1, 0, 0
237549, 63360, 1, 0, 0
237649, 62720, 1, 0, 0
237749, 64000, 1, 0, 0
237849, 63360, 1, 0, 0
237949, 61440, 1, 0, 0
238049, 65280, 1, 0, 0
238149, 63360, 1, 0, 0
238250, 62080, 1, 0, 0
238350, 65280, 1, 0, 0
238450, 65920, 1, 0, 0
238550, 65280, 1, 0, 0
238650, 64000, 1, 0, 0
238749, 61414, 1, 0, 0
238849, 62080, 1, 0, 0
238949, 64000, 1, 0, 0
239049, 64000, 1, 0, 0
239149, 62720, 1, 0, 0
239249, 60800, 1, 0, 0
239349, 64000, 1, 0, 0
239449, 61440, 1, 0, 0
239550, 62720, 1, 0, 0
239650, 61440, 1, 0, 0
239749, 62060, 1, 0, 0
239849, 59520, 1, 0, 0
239949, 64000, 1, 0, 0
240049, 60800, 1, 0, 0
240149, 61440, 1, 0, 0
240249, 60800, 1, 0, 0
240349, 61440, 1, 0, 0
240449, 61440, 1, 0, 0
240549, 59520, 1, 0, 0
240649, 60160, 1, 0, 0
240749, 60800, 1, 0, 0
240849, 62720, 1, 0, 0
240950, 62080, 1, 0, 0
241050, 61440, 1, 0, 0
241150, 60800, 1, 0, 0
241249, 64646, 1, 0, 0
241349, 61440, 1, 0, 0
241449, 58880, 1, 0, 0
241549, 65280, 1, 0, 0
241649, 63360, 1, 0, 0
241749, 58240, 1, 0, 0
241849, 62080, 1, 0, 0
241949, 64640, 1, 0, 0
242049, 63360, 1, 0, 0
242149, 64000, 1, 0, 0
242250, 62080, 1, 0, 0
242350, 62720, 1, 0, 0
242450, 62080, 1, 0, 0
242550, 62720, 1, 0, 0
242650, 62720, 1, 0, 0
242749, 60121, 1, 0, 0
242849, 62080, 1, 0, 0
242949, 64000, 1, 0, 0
243049, 61440, 1, 0, 0
243149, 63360, 1, 0, 0
243249, 60800, 1, 0, 0
243349, 63360, 1, 0, 0
243449, 60800, 1, 0, 0
243550, 60800, 1, 0, 0
243650, 62080, 1, 0, 0
243749, 62060, 1, 0, 0
243849, 62720, 1, 0, 0
243949, 60160, 1, 0, 0
244049, 61440, 1, 0, 0
244149, 61440, 1, 0, 0
244249, 59520, 1, 0, 0
244349, 61440, 1, 0, 0
244449, 62720, 1, 0, 0
244549, 63360, 1, 0, 0
244649, 60160, 1, 0, 0
244749, 60160, 1, 0, 0
244850, 62080, 1, 0, 0
244950, 61440, 1, 0, 0
245050, 63360, 1, 0, 0
245150, 60160, 1, 0, 0
245249, 62060, 1, 0, 0
245349, 63360, 1, 0, 0
245449, 62080, 1, 0, 0
245549, 63360, 1, 0, 0
245649, 58880, 1, 0, 0
245749, 61440, 1, 0, 0
245849, 60160, 1, 0, 0
245949, 62080, 1, 0, 0
246049, 61440, 1, 0, 0
246150, 64640, 1, 0, 0
246249, 60767, 1, 0, 0
246349, 59520, 1, 0, 0
246449, 61440, 1, 0, 0
246549, 56960, 1, 0, 0
246649, 58240, 1, 0, 0
246749, 62720, 1, 0, 0
246849, 61440, 1, 0, 0
246949, 59520, 1, 0, 0
247049, 56960, 1, 0, 0
247149, 61440, 1, 0, 0
247249, 58880, 1, 0, 0
247349, 59520, 1, 0, 0
247449, 61440, 1, 0, 0
247550, 62080, 1, 0, 0
247650, 62080, 1, 0, 0
247749, 60767, 1, 0, 0
247849, 64000, 1, 0, 0
247949, 62720, 1, 0, 0
248049, 62720, 1, 0, 0
248149, 61440, 1, 0, 0
248249, 58880, 1, 0, 0
248349, 60160, 1, 0, 0
248449, 60800, 1, 0, 0
248549, 60800, 1, 0, 0
248649, 61440, 1, 0, 0
248750, 61440, 1, 0, 0
248850, 62080, 1, 0, 0
248950, 61440, 1, 0, 0
249050, 60800, 1, 0, 0
249150, 60800, 1, 0, 0
249249, 61414, 1, 0, 0
249349, 62080, 1, 0, 0
249449, 64000, 1, 0, 0
249549, 65920, 1, 0, 0
249649, 61440, 1, 0, 0
249749, 65280, 1, 0, 0
249849, 61440, 1, 0, 0
249950, 62080, 1, 0, 0
250050, 60160, 1, 0, 0
250150, 64000, 1, 0, 0
250249, 63353, 1, 0, 0
250349, 59520, 1, 0, 0
250449, 60800, 1, 0, 0
250549, 62720, 1, 0, 0
250649, 64000, 1, 0, 0
250749, 58240, 1, 0, 0
250849, 64000, 1, 0, 0
250949, 62080, 1, 0, 0
251049, 64000, 1, 0, 0
251149, 62720, 1, 0, 0
251250, 60800, 1, 0, 0
251350, 58880, 1, 0, 0
251450, 59520, 1, 0, 0
251550, 63360, 1, 0, 0
251650, 60800, 1, 0, 0
251749, 62060, 1, 0, 0
251849, 62720, 1, 0, 0
251949, 65920, 1, 0, 0
252049, 59520, 1, 0, 0
252149, 60800, 1, 0, 0
252249, 62720, 1, 0, 0
252349, 64640, 1, 0, 0
252450, 60800, 1, 0, 0
252550, 61440, 1, 0, 0
252650, 60160, 1, 0, 0
252749, 63353, 1, 0, 0
252849, 59520, 1, 0, 0
252949, 65920, 1, 0, 0
253049, 61440, 1, 0, 0
253149, 62080, 1, 0, 0
253249, 65280, 1, 0, 0
253349, 62080, 1, 0, 0
253449, 58880, 1, 0, 0
253549, 60800, 1, 0, 0
253649, 61440, 1, 0, 0
253750, 59520, 1, 0, 0
253850, 62080, 1, 0, 0
253950, 62080, 1, 0, 0
254050, 62080, 1, 0, 0
254150, 63360, 1, 0, 0
254249, 56242, 1, 0, 0
254349, 60800, 1, 0, 0
254449, 62720, 1, 0, 0
254549, 60800, 1, 0, 0
254649, 62720, 1, 0, 0
254749, 64000, 1, 0, 0
254849, 62720, 1, 0, 0
254949, 61440, 1, 0, 0
255050, 62080, 1, 0, 0
255150, 60800, 1, 0, 0
255249, 61414, 1, 0, 0
255349, 63360, 1, 0, 0
255449, 62080, 1, 0, 0
255549, 62720, 1, 0, 0
255649, 63360, 1, 0, 0
255749, 64000, 1, 0, 0
255849, 63360, 1, 0, 0
255949, 64000, 1, 0, 0
256049, 62080, 1, 0, 0
256149, 62080, 1, 0, 0
256250, 65920, 1, 0, 0
256350, 64000, 1, 0, 0
256450, 65920, 1, 0, 0
256550, 62720, 1, 0, 0
256650, 64640, 1, 0, 0
256749, 64646, 1, 0, 0
256849, 62080, 1, 0, 0
256949, 64000, 1, 0, 0
257049, 63360, 1, 0, 0
257149, 64640, 1, 0, 0
257249, 62080, 1, 0, 0
257349, 63360, 1, 0, 0
257449, 64000, 1, 0, 0
257550, 64000, 1, 0, 0
257650, 63360, 1, 0, 0
257749, 64000, 1, 0, 0
257849, 60800, 1, 0, 0
257949, 64640, 1, 0, 0
258049, 62080, 1, 0, 0
258149, 64000, 1, 0, 0
258249, 57600, 1, 0, 0
258349, 65920, 1, 0, 0
258449, 63360, 1, 0, 0
258549, 57600, 1, 0, 0
258649, 64000, 1, 0, 0
258750, 62080, 1, 0, 0
258850, 60800, 1, 0, 0
258950, 62080, 1, 0, 0
259050, 62720, 1, 0, 0
259150, 64640, 1, 0, 0
259249, 62707, 1, 0, 0
259349, 64000, 1, 0, 0
259449, 63360, 1, 0, 0
259549, 63360, 1, 0, 0
259649, 60800, 1, 0, 0
259749, 65280, 1, 0, 0
259849, 64640, 1, 0, 0
259949, 64000, 1, 0, 0
260049, 60800, 1, 0, 0
260150, 62080, 1, 0, 0
260249, 65292, 1, 0, 0
260349, 63360, 1, 0, 0
260449, 68480, 1, 0, 0
260549, 62080, 1, 0, 0
260649, 64000, 1, 0, 0
260749, 63360, 1, 0, 0
260849, 61440, 1, 0, 0
260949, 62720, 1, 0, 0
261049, 63360, 1, 0, 0
261149, 62720, 1, 0, 0
261249, 62080, 1, 0, 0
261349, 63360, 1, 0, 0
261449, 62720, 1, 0, 0
261550, 62080, 1, 0, 0
261650, 63360, 1, 0, 0
261749, 64646, 1, 0, 0
261849, 60160, 1, 0, 0
261949, 61440, 1, 0, 0
262049, 62080, 1, 0, 0
262149, 63360, 1, 0, 0
262249, 64640, 1, 0, 0
262349, 65920, 1, 0, 0
262449, 62720, 1, 0, 0
262549, 61440, 1, 0, 0
262649, 64000, 1, 0, 0
262750, 59520, 1, 0, 0
262850, 63360, 1, 0, 0
262950, 62720, 1, 0, 0
263050, 64000, 1, 0, 0
263150, 62720, 1, 0, 0
263249, 65292, 1, 0, 0
263349, 63360, 1, 0, 0
263449, 64000, 1, 0, 0
263549, 63360, 1, 0, 0
263649, 63360, 1, 0, 0
263749, 62080, 1, 0, 0
263849, 60160, 1, 0, 0
263949, 61440, 1, 0, 0
264050, 60800, 1, 0, 0
264150, 63360, 1, 0, 0
264249, 61414, 1, 0, 0
264349, 61440, 1, 0, 0
264449, 61440, 1, 0, 0
264549, 64000, 1, 0, 0
264649, 66560, 1, 0, 0
264749, 62720, 1, 0, 0
264849, 63360, 1, 0, 0
264949, 62080, 1, 0, 0
265049, 65920, 1, 0, 0
265149, 63360, 1, 0, 0
265250, 65920, 1, 0, 0
265350, 63360, 1, 0, 0
265450, 62720, 1, 0, 0
265550, 62720, 1, 0, 0
265650, 63360, 1, 0, 0
265749, 63353, 1, 0, 0
265849, 61440, 1, 0, 0
265949, 62080, 1, 0, 0
266049, 60160, 1, 0, 0
266149, 66560, 1, 0, 0
266249, 65920, 1, 0, 0
266349, 65280, 1, 0, 0
266449, 65280, 1, 0, 0
266550, 61440, 1, 0, 0
266650, 64000, 1, 0, 0
266749, 63353, 1, 0, 0
266849, 62080, 1, 0, 0
266949, 64640, 1, 0, 0
267049, 64640, 1, 0, 0
267149, 65920, 1, 0, 0
267249, 62720, 1, 0, 0
267349, 64640, 1, 0, 0
267449, 62720, 1, 0, 0
267549, 63360, 1, 0, 0
267649, 66560, 1, 0, 0
267749, 64000, 1, 0, 0
267850, 62080, 1, 0, 0
267950, 62720, 1, 0, 0
268050, 61440, 1, 0, 0
268150, 64640, 1, 0, 0
268249, 59474, 1, 0, 0
268349, 63360, 1, 0, 0
268449, 61440, 1, 0, 0
268549, 64000, 1, 0, 0
268649, 64000, 1, 0, 0
268749, 62720, 1, 0, 0
268849, 58240, 1, 0, 0
268949, 60800, 1, 0, 0
269049, 59520, 1, 0, 0
269149, 63360, 1, 0, 0
269250, 64640, 1, 0, 0
269350, 58240, 1, 0, 0
269450, 58880, 1, 0, 0
269550, 61440, 1, 0, 0
269650, 60160, 1, 0, 0
269749, 60767, 1, 0, 0
269849, 64000, 1, 0, 0
269949, 57600, 1, 0, 0
270049, 62720, 1, 0, 0
270149, 63360, 1, 0, 0
270249, 65280, 1, 0, 0
270349, 65280, 1, 0, 0
270449, 64000, 1, 0, 0
270550, 64640, 1, 0, 0
270650, 63360, 1, 0, 0
270749, 64000, 1, 0, 0
270849, 62720, 1, 0, 0
270949, 63360, 1, 0, 0
271049, 64640, 1, 0, 0
271149, 63360, 1, 0, 0
271249, 66560, 1, 0, 0
271349, 61440, 1, 0, 0
271449, 64640, 1, 0, 0
271549, 60160, 1, 0, 0
271649, 63360, 1, 0, 0
271750, 62080, 1, 0, 0
271850, 63360, 1, 0, 0
271950, 64000, 1, 0, 0
272050, 65280, 1, 0, 0
272150, 58240, 1, 0, 0
272249, 60121, 1, 0, 0
272349, 64000, 1, 0, 0
272449, 62720, 1, 0, 0
272549, 60800, 1, 0, 0
272649, 60800, 1, 0, 0
272749, 64000, 1, 0, 0
272849, 66560, 1, 0, 0
272949, 64000, 1, 0, 0
273050, 64640, 1, 0, 0
273150, 67200, 1, 0, 0
273249, 63353, 1, 0, 0
273349, 60800, 1, 0, 0
273449, 64640, 1, 0, 0
273549, 64000, 1, 0, 0
273649, 64640, 1, 0, 0
273749, 65920, 1, 0, 0
273849, 64000, 1, 0, 0
273949, 65920, 1, 0, 0
274049, 61440, 1, 0, 0
274149, 64640, 1, 0, 0
274249, 63360, 1, 0, 0
274350, 62080, 1, 0, 0
274450, 64640, 1, 0, 0
274550, 62080, 1, 0, 0
274650, 62080, 1, 0, 0
274749, 63353, 1, 0, 0
274849, 65280, 1, 0, 0
274949, 62720, 1, 0, 0
275049, 64640, 1, 0, 0
275149, 62080, 1, 0, 0
275249, 62720, 1, 0, 0
275349, 62720, 1, 0, 0
275449, 64000, 1, 0, 0
275549, 61440, 1, 0, 0
275649, 65280, 1, 0, 0
275750, 62720, 1, 0, 0
275850, 65280, 1, 0, 0
275950, 63360, 1, 0, 0
276050, 63360, 1, 0, 0
276150, 62080, 1, 0, 0
276249, 64646, 1, 0, 0
276349, 63360, 1, 0, 0
276449, 64000, 1, 0, 0
276549, 64000, 1, 0, 0
276649, 62720, 1, 0, 0
276749, 62080, 1, 0, 0
276849, 60800, 1, 0, 0
276949, 62720, 1, 0, 0
277050, 63360, 1, 0, 0
277150, 65280, 1, 0, 0
277249, 62060, 1, 0, 0
277349, 62080, 1, 0, 0
277449, 64640, 1, 0, 0
277549, 64000, 1, 0, 0
277649, 66560, 1, 0, 0
277749, 64640, 1, 0, 0
277849, 64000, 1, 0, 0
277949, 65280, 1, 0, 0
278049, 65280, 1, 0, 0
278149, 64000, 1, 0, 0
278250, 62080, 1, 0, 0
278350, 60800, 1, 0, 0
278450, 61440, 1, 0, 0
278550, 61440, 1, 0, 0
278650, 60800, 1, 0, 0
278749, 63353, 1, 0, 0
278849, 63360, 1, 0, 0
278949, 62720, 1, 0, 0
279049, 63360, 1, 0, 0
279149, 61440, 1, 0, 0
279249, 62720, 1, 0, 0
279349, 60800, 1, 0, 0
279449, 65280, 1, 0, 0
279550, 64000, 1, 0, 0
279650, 60800, 1, 0, 0
279749, 60121, 1, 0, 0
279849, 62080, 1, 0, 0
279949, 60160, 1, 0, 0
280049, 61440, 1, 0, 0
280149, 63360, 1, 0, 0
280249, 67200, 1, 0, 0
280349, 61440, 1, 0, 0
280449, 64640, 1, 0, 0
280549, 66560, 1, 0, 0
280649, 62720, 1, 0, 0
280750, 62720, 1, 0, 0
280850, 61440, 1, 0, 0
280950, 62080, 1, 0, 0
281050, 63360, 1, 0, 0
281150, 64000, 1, 0, 0
281249, 62060, 1, 0, 0
281349, 62720, 1, 0, 0
281449, 59520, 1, 0, 0
281549, 61440, 1, 0, 0
281649, 62080, 1, 0, 0
281749, 61440, 1, 0, 0
281849, 62720, 1, 0, 0
281949, 60800, 1, 0, 0
282050, 65920, 1, 0, 0
282150, 66560, 1, 0, 0
282249, 64000, 1, 0, 0
282349, 64000, 1, 0, 0
282449, 65280, 1, 0, 0
282549, 64000, 1, 0, 0
282649, 66560, 1, 0, 0
282749, 64640, 1, 0, 0
282849, 64000, 1, 0, 0
282949, 61440, 1, 0, 0
283049, 62720, 1, 0, 0
283149, 64640, 1, 0, 0
283249, 62720, 1, 0, 0
283350, 65280, 1, 0, 0
283450, 64000, 1, 0, 0
283550, 64640, 1, 0, 0
283650, 64640, 1, 0, 0
283749, 62707, 1, 0, 0
283849, 63360, 1, 0, 0
283949, 64000, 1, 0, 0
284049, 61440, 1, 0, 0
284149, 62080, 1, 0, 0
284249, 64640, 1, 0, 0
284349, 65920, 1, 0, 0
284449, 64640, 1, 0, 0
284549, 62720, 1, 0, 0
284649, 64640, 1, 0, 0
284749, 64646, 1, 0, 0
284849, 62080, 1, 0, 0
284949, 62080, 1, 0, 0
285049, 64640, 1, 0, 0
285149, 62720, 1, 0, 0
285249, 61440, 1, 0, 0
285349, 66560, 1, 0, 0
285449, 64000, 1, 0, 0
285549, 67200, 1, 0, 0
285649, 62080, 1, 0, 0
285749, 61440, 1, 0, 0
285849, 62720, 1, 0, 0
285949, 61440, 1, 0, 0
286050, 62720, 1, 0, 0
286150, 64640, 1, 0, 0
286249, 65292, 1, 0, 0
286349, 62080, 1, 0, 0
286449, 64640, 1, 0, 0
286549, 63360, 1, 0, 0
286649, 63360, 1, 0, 0
286749, 62720, 1, 0, 0
286849, 64640, 1, 0, 0
286949, 62080, 1, 0, 0
287049, 65280, 1, 0, 0
287149, 64640, 1, 0, 0
287250, 62720, 1, 0, 0
287350, 62720, 1, 0, 0
287450, 65920, 1, 0, 0
287550, 67840, 1, 0, 0
287650, 64000, 1, 0, 0
287749, 62060, 1, 0, 0
287849, 63360, 1, 0, 0
287949, 61440, 1, 0, 0
288049, 64640, 1, 0, 0
288149, 64000, 1, 0, 0
288249, 64000, 1, 0, 0
288349, 60160, 1, 0, 0
288449, 64640, 1, 0, 0
288550, 62080, 1, 0, 0
288650, 63360, 1, 0, 0
288749, 64646, 1, 0, 0
288849, 62080, 1, 0, 0
288949, 60160, 1, 0, 0
289049, 64000, 1, 0, 0
289149, 63360, 1, 0, 0
289249, 62720, 1, 0, 0
289349, 63360, 1, 0, 0
289449, 64640, 1, 0, 0
289549, 62080, 1, 0, 0
289649, 65920, 1, 0, 0
289750, 62720, 1, 0, 0
289850, 64000, 1, 0, 0
289950, 64640, 1, 0, 0
290050, 60800, 1, 0, 0
290150, 64000, 1, 0, 0
290249, 65939, 1, 0, 0
290349, 64640, 1, 0, 0
290449, 63360, 1, 0, 0
290549, 59520, 1, 0, 0
290649, 60160, 1, 0, 0
290749, 61440, 1, 0, 0
290849, 64000, 1, 0, 0
290949, 63360, 1, 0, 0
291050, 64640, 1, 0, 0
291150, 62080, 1, 0, 0
291249, 62060, 1, 0, 0
291349, 60800, 1, 0, 0
291449, 64640, 1, 0, 0
291549, 63360, 1, 0, 0
291649, 67840, 1, 0, 0
291749, 64000, 1, 0, 0
291849, 65280, 1, 0, 0
291949, 64640, 1, 0, 0
292049, 61440, 1, 0, 0
292149, 59520, 1, 0, 0
292249, 64000, 1, 0, 0
292349, 64000, 1, 0, 0
292449, 60160, 1, 0, 0
292549, 62720, 1, 0, 0
292649, 61440, 1, 0, 0
292749, 62720, 1, 0, 0
292849, 62720, 1, 0, 0
292949, 64000, 1, 0, 0
293049, 62080, 1, 0, 0
293149, 62080, 1, 0, 0
293249, 63353, 1, 0, 0
293349, 62080, 1, 0, 0
293449, 63360, 1, 0, 0
293549, 65280, 1, 0, 0
293649, 62080, 1, 0, 0
293749, 61440, 1, 0, 0
293849, 64000, 1, 0, 0
293949, 62080, 1, 0, 0
294049, 62080, 1, 0, 0
294149, 62080, 1, 0, 0
294250, 60160, 1, 0, 0
294350, 63360, 1, 0, 0
294450, 63360, 1, 0, 0
294550, 60800, 1, 0, 0
294650, 62080, 1, 0, 0
294749, 58828, 1, 0, 0
294849, 65280, 1, 0, 0
294949, 60800, 1, 0, 0
295049, 59520, 1, 0, 0
295149, 62720, 1, 0, 0
295249, 60800, 1, 0, 0
295349, 62720, 1, 0, 0
295449, 65920, 1, 0, 0
295550, 64000, 1, 0, 0
295650, 60800, 1, 0, 0
295749, 65939, 1, 0, 0
295849, 62080, 1, 0, 0
295949, 60800, 1, 0, 0
296049, 60800, 1, 0, 0
296149, 63360, 1, 0, 0
296249, 65920, 1, 0, 0
296349, 63360, 1, 0, 0
296449, 64640, 1, 0, 0
296549, 64000, 1, 0, 0
296649, 63360, 1, 0, 0
296750, 64640, 1, 0, 0
296850, 65920, 1, 0, 0
296950, 65280, 1, 0, 0
297050, 63360, 1, 0, 0
297150, 64000, 1, 0, 0
297249, 64000, 1, 0, 0
297349, 62720, 1, 0, 0
297449, 64000, 1, 0, 0
297549, 63360, 1, 0, 0
297649, 64000, 1, 0, 0
297749, 63360, 1, 0, 0
297849, 62080, 1, 0, 0
297949, 60800, 1, 0, 0
298050, 64000, 1, 0, 0
298150, 61440, 1, 0, 0
298249, 62707, 1, 0, 0
298349, 62720, 1, 0, 0
298449, 63360, 1, 0, 0
298549, 60800, 1, 0, 0
298649, 62080, 1, 0, 0
298749, 64000, 1, 0, 0
298849, 64640, 1, 0, 0
298949, 64000, 1, 0, 0
299049, 62080, 1, 0, 0
299149, 63360, 1, 0, 0
299250, 62720, 1, 0, 0
299350, 64000, 1, 0, 0
299450, 61440, 1, 0, 0
299550, 62080, 1, 0, 0
299650, 62720, 1, 0, 0
299749, 62060, 1, 0, 0
299849, 60800, 1, 0, 0
299949, 64000, 1, 0, 0
300049, 66560, 1, 0, 0
300149, 62720, 1, 0, 0
300249, 58880, 1, 0, 0
300349, 61440, 1, 0, 0
300449, 63360, 1, 0, 0
300550, 62080, 1, 0, 0
300650, 64000, 1, 0, 0
300749, 64646, 1, 0, 0
300849, 64640, 1, 0, 0
300949, 62720, 1, 0, 0
301049, 61440, 1, 0, 0
301149, 63360, 1, 0, 0
301249, 65280, 1, 0, 0
301349, 67840, 1, 0, 0
301449, 63360, 1, 0, 0
301549, 65280, 1, 0, 0
301649, 58880, 1, 0, 0
301750, 62720, 1, 0, 0
301850, 62080, 1, 0, 0
301950, 64640, 1, 0, 0
302050, 62080, 1, 0, 0
302150, 62080, 1, 0, 0
302249, 64000, 1, 0, 0
302349, 61440, 1, 0, 0
302449, 63360, 1, 0, 0
302549, 61440, 1, 0, 0
302649, 60800, 1, 0, 0
302749, 62720, 1, 0, 0
302849, 62080, 1, 0, 0
302949, 64000, 1, 0, 0
303050, 62080, 1, 0, 0
303150, 61440, 1, 0, 0
303249, 64000, 1, 0, 0
303349, 63360, 1, 0, 0
303449, 61440, 1, 0, 0
303549, 62720, 1, 0, 0
303649, 64640, 1, 0, 0
303749, 60800, 1, 0, 0
303849, 65280, 1, 0, 0
303949, 60800, 1, 0, 0
304049, 66560, 1, 0, 0
304149, 64640, 1, 0, 0
304250, 64640, 1, 0, 0
304350, 63360, 1, 0, 0
304450, 64640, 1, 0, 0
304550, 67200, 1, 0, 0
304650, 59520, 1, 0, 0
304749, 62707, 1, 0, 0
304849, 62080, 1, 0, 0
304949, 62080, 1, 0, 0
305049, 64000, 1, 0, 0
305149, 62720, 1, 0, 0
305249, 64640, 1, 0, 0
305349, 62720, 1, 0, 0
305449, 64640, 1, 0, 0
305550, 63360, 1, 0, 0
305650, 59520, 1, 0, 0
305749, 63353, 1, 0, 0
305849, 62720, 1, 0, 0
305949, 63360, 1, 0, 0
306049, 64000, 1, 0, 0
306149, 63360, 1, 0, 0
306249, 64640, 1, 0, 0
306349, 63360, 1, 0, 0
306449, 61440, 1, 0, 0
306549, 64000, 1, 0, 0
306649, 62080, 1, 0, 0
306749, 61440, 1, 0, 0
306850, 61440, 1, 0, 0
306950, 61440, 1, 0, 0
307050, 64000, 1, 0, 0
307150, 64000, 1, 0, 0
307249, 64646, 1, 0, 0
307349, 62720, 1, 0, 0
307449, 62720, 1, 0, 0
307549, 63360, 1, 0, 0
307649, 62720, 1, 0, 0
307749, 61440, 1, 0, 0
307850, 64640, 1, 0, 0
307950, 62720, 1, 0, 0
308050, 61440, 1, 0, 0
308150, 64640, 1, 0, 0
308249, 64000, 1, 0, 0
308349, 65280, 1, 0, 0
308449, 63360, 1, 0, 0
308549, 61440, 1, 0, 0
308649, 64640, 1, 0, 0
308749, 64000, 1, 0, 0
308849, 66560, 1, 0, 0
308949, 61440, 1, 0, 0
309049, 62720, 1, 0, 0
309149, 64000, 1, 0, 0
309249, 63353, 1, 0, 0
309349, 63360, 1, 0, 0
309449, 63360, 1, 0, 0
309549, 63360, 1, 0, 0
309649, 62080, 1, 0, 0
309749, 64000, 1, 0, 0
309849, 62720, 1, 0, 0
309949, 64000, 1, 0, 0
310049, 64000, 1, 0, 0
310149, 64000, 1, 0, 0
310249, 65280, 1, 0, 0
310349, 64640, 1, 0, 0
310449, 62720, 1, 0, 0
310550, 62720, 1, 0, 0
310650, 65280, 1, 0, 0
310749, 64000, 1, 0, 0
310849, 64640, 1, 0, 0
310949, 61440, 1, 0, 0
311049, 65280, 1, 0, 0
311149, 65280, 1, 0, 0
311249, 64640, 1, 0, 0
311349, 64640, 1, 0, 0
311449, 61440, 1, 0, 0
311549, 64640, 1, 0, 0
311649, 62080, 1, 0, 0
311750, 64640, 1, 0, 0
311850, 64000, 1, 0, 0
311950, 64640, 1, 0, 0
312050, 62720, 1, 0, 0
312150, 63360, 1, 0, 0
312249, 61414, 1, 0, 0
312349, 62720, 1, 0, 0
312449, 63360, 1, 0, 0
312549, 63360, 1, 0, 0
312649, 64640, 1, 0, 0
312749, 62720, 1, 0, 0
312849, 64640, 1, 0, 0
312949, 61440, 1, 0, 0
313049, 61440, 1, 0, 0
313150, 61440, 1, 0, 0
313249, 61414, 1, 0, 0
313349, 62080, 1, 0, 0
313449, 62080, 1, 0, 0
313549, 60800, 1, 0, 0
313649, 64640, 1, 0, 0
313749, 64000, 1, 0, 0
313849, 63360, 1, 0, 0
313949, 60160, 1, 0, 0
314049, 64000, 1, 0, 0
314149, 60160, 1, 0, 0
314249, 62720, 1, 0, 0
314349, 60800, 1, 0, 0
314449, 62720, 1, 0, 0
314550, 60160, 1, 0, 0
314650, 63360, 1, 0, 0
314749, 62060, 1, 0, 0
314849, 63360, 1, 0, 0
314949, 65280, 1, 0, 0
315049, 62080, 1, 0, 0
315149, 58880, 1, 0, 0
315249, 60160, 1, 0, 0
315349, 59520, 1, 0, 0
315449, 59520, 1, 0, 0
315549, 60800, 1, 0, 0
315649, 61440, 1, 0, 0
315750, 63360, 1, 0, 0
315850, 62080, 1, 0, 0
315950, 65920, 1, 0, 0
316050, 62720, 1, 0, 0
316150, 64000, 1, 0, 0
316249, 64646, 1, 0, 0
316349, 61440, 1, 0, 0
316449, 64000, 1, 0, 0
316549, 62720, 1, 0, 0
316649, 60800, 1, 0, 0
316749, 62080, 1, 0, 0
316849, 64000, 1, 0, 0
316949, 62720, 1, 0, 0
317050, 58880, 1, 0, 0
317150, 61440, 1, 0, 0
317249, 58828, 1, 0, 0
317349, 61440, 1, 0, 0
317449, 60160, 1, 0, 0
317549, 60800, 1, 0, 0
317649, 62720, 1, 0, 0
317749, 61440, 1, 0, 0
317849, 66560, 1, 0, 0
317949, 60160, 1, 0, 0
318049, 62720, 1, 0, 0
318149, 62720, 1, 0, 0
318250, 62720, 1, 0, 0
318350, 58880, 1, 0, 0
318450, 61440, 1, 0, 0
318550, 60800, 1, 0, 0
318650, 60800, 1, 0, 0
318749, 64646, 1, 0, 0
318849, 60160, 1, 0, 0
318949, 60800, 1, 0, 0
319049, 61440, 1, 0, 0
319149, 57600, 1, 0, 0
319249, 56960, 1, 0, 0
319349, 60800, 1, 0, 0
319450, 62080, 1, 0, 0
319550, 59520, 1, 0, 0
319650, 60800, 1, 0, 0
319749, 65292, 1, 0, 0
319849, 61440, 1, 0, 0
319949, 60160, 1, 0, 0
320049, 60800, 1, 0, 0
320149, 60800, 1, 0, 0
320249, 62080, 1, 0, 0
320349, 60160, 1, 0, 0
320449, 62080, 1, 0, 0
320549, 58880, 1, 0, 0
320649, 62080, 1, 0, 0
320750, 62720, 1, 0, 0
320850, 63360, 1, 0, 0
320950, 64000, 1, 0, 0
321050, 64000, 1, 0, 0
321150, 62080, 1, 0, 0
321249, 59474, 1, 0, 0
321349, 60160, 1, 0, 0
321449, 63360, 1, 0, 0
321549, 62080, 1, 0, 0
321649, 62720, 1, 0, 0
321749, 61440, 1, 0, 0
321849, 60160, 1, 0, 0
321950, 62720, 1, 0, 0
322050, 60800, 1, 0, 0
322150, 61440, 1, 0, 0
322249, 64646, 1, 0, 0
322349, 63360, 1, 0, 0
322449, 62720, 1, 0, 0
322549, 64000, 1, 0, 0
322649, 60800, 1, 0, 0
322749, 61440, 1, 0, 0
322849, 59520, 1, 0, 0
322949, 62080, 1, 0, 0
323049, 62080, 1, 0, 0
323149, 61440, 1, 0, 0
323250, 62080, 1, 0, 0
323350, 62720, 1, 0, 0
323450, 62080, 1, 0, 0
323550, 59520, 1, 0, 0
323650, 62080, 1, 0, 0
323749, 61414, 1, 0, 0
323849, 63360, 1, 0, 0
323949, 62720, 1, 0, 0
324049, 62720, 1, 0, 0
324149, 62720, 1, 0, 0
324249, 59520, 1, 0, 0
324349, 60160, 1, 0, 0
324449, 59520, 1, 0, 0
324550, 60160, 1, 0, 0
324650, 60160, 1, 0, 0
324749, 62707, 1, 0, 0
324849, 62080, 1, 0, 0
324949, 62080, 1, 0, 0
325049, 62080, 1, 0, 0
325149, 62080, 1, 0, 0
325249, 65920, 1, 0, 0
325349, 62080, 1, 0, 0
325449, 62720, 1, 0, 0
325549, 64000, 1, 0, 0
325649, 62720, 1, 0, 0
325750, 65280, 1, 0, 0
325850, 67840, 1, 0, 0
325950, 62080, 1, 0, 0
326050, 62080, 1, 0, 0
326150, 64640, 1, 0, 0
326249, 62707, 1, 0, 0
326349, 63360, 1, 0, 0
326449, 63360, 1, 0, 0
326549, 65280, 1, 0, 0
326649, 62080, 1, 0, 0
326749, 63360, 1, 0, 0
326849, 64640, 1, 0, 0
326949, 65920, 1, 0, 0
327050, 64640, 1, 0, 0
327150, 65280, 1, 0, 0
327249, 63353, 1, 0, 0
327349, 62720, 1, 0, 0
327449, 64000, 1, 0, 0
327549, 61440, 1, 0, 0
327649, 62080, 1, 0, 0
327749, 66560, 1, 0, 0
327849, 67200, 1, 0, 0
327949, 63360, 1, 0, 0
328049, 63360, 1, 0, 0
328149, 64000, 1, 0, 0
328250, 62080, 1, 0, 0
328350, 63360, 1, 0, 0
328450, 66560, 1, 0, 0
328550, 64000, 1, 0, 0
328650, 64000, 1, 0, 0
328749, 67232, 1, 0, 0
328849, 65280, 1, 0, 0
328949, 63360, 1, 0, 0
329049, 62080, 1, 0, 0
329149, 62720, 1, 0, 0
329249, 64640, 1, 0, 0
329349, 65280, 1, 0, 0
329449, 61440, 1, 0, 0
329549, 64000, 1, 0, 0
329650, 65920, 1, 0, 0
329749, 62060, 1, 0, 0
329849, 64640, 1, 0, 0
329949, 65280, 1, 0, 0
330049, 62720, 1, 0, 0
330149, 65920, 1, 0, 0
330249, 65280, 1, 0, 0
330349, 65920, 1, 0, 0
330449, 63360, 1, 0, 0
330549, 64640, 1, 0, 0
330649, 65920, 1, 0, 0
330749, 64640, 1, 0, 0
330849, 60160, 1, 0, 0
330949, 61440, 1, 0, 0
331050, 61440, 1, 0, 0
331150, 62720, 1, 0, 0
331249, 64000, 1, 0, 0
331349, 61440, 1, 0, 0
331449, 63360, 1, 0, 0
331549, 57600, 1, 0, 0
331649, 62080, 1, 0, 0
331749, 63360, 1, 0, 0
331849, 65280, 1, 0, 0
331949, 65280, 1, 0, 0
332049, 64640, 1, 0, 0
332149, 63360, 1, 0, 0
332250, 62720, 1, 0, 0
332350, 62080, 1, 0, 0
332450, 64000, 1, 0, 0
332550, 64640, 1, 0, 0
332650, 64640, 1, 0, 0
332749, 66585, 1, 0, 0
332849, 64640, 1, 0, 0
332949, 64000, 1, 0, 0
333049, 61440, 1, 0, 0
333149, 62720, 1, 0, 0
333249, 60800, 1, 0, 0
333349, 65920, 1, 0, 0
333449, 62080, 1, 0, 0
333550, 62080, 1, 0, 0
333650, 64640, 1, 0, 0
333749, 64000, 1, 0, 0
333849, 64000, 1, 0, 0
333949, 63360, 1, 0, 0
334049, 60800, 1, 0, 0
334149, 58240, 1, 0, 0
334249, 65280, 1, 0, 0
334349, 63360, 1, 0, 0
334449, 64000, 1, 0, 0
334549, 60160, 1, 0, 0
334649, 62720, 1, 0, 0
334750, 64000, 1, 0, 0
334850, 63360, 1, 0, 0
334950, 64640, 1, 0, 0
335050, 64640, 1, 0, 0
335150, 64000, 1, 0, 0
335249, 62707, 1, 0, 0
335349, 64000, 1, 0, 0
335449, 64640, 1, 0, 0
335549, 65280, 1, 0, 0
335649, 63360, 1, 0, 0
335749, 62720, 1, 0, 0
335849, 63360, 1, 0, 0
335949, 64640, 1, 0, 0
336050, 63360, 1, 0, 0
336150, 62080, 1, 0, 0
336249, 63353, 1, 0, 0
336349, 65920, 1, 0, 0
336449, 63360, 1, 0, 0
336549, 64000, 1, 0, 0
336649, 64000, 1, 0, 0
336749, 62720, 1, 0, 0
336849, 64640, 1, 0, 0
336949, 64000, 1, 0, 0
337049, 65920, 1, 0, 0
337149, 67840, 1, 0, 0
337250, 65920, 1, 0, 0
337350, 57600, 1, 0, 0
337450, 64000, 1, 0, 0
337550, 65920, 1, 0, 0
337650, 64000, 1, 0, 0
337749, 60767, 1, 0, 0
337849, 60800, 1, 0, 0
337949, 65280, 1, 0, 0
338049, 61440, 1, 0, 0
338149, 61440, 1, 0, 0
338249, 64000, 1, 0, 0
338349, 64640, 1, 0, 0
338449, 62080, 1, 0, 0
338549, 65280, 1, 0, 0
338650, 65280, 1, 0, 0
338749, 64646, 1, 0, 0
338849, 65920, 1, 0, 0
338949, 63360, 1, 0, 0
339049, 63360, 1, 0, 0
339149, 62720, 1, 0, 0
339249, 59520, 1, 0, 0
339349, 64000, 1, 0, 0
339449, 61440, 1, 0, 0
339549, 62080, 1, 0, 0
339649, 62080, 1, 0, 0
339749, 61440, 1, 0, 0
339849, 63360, 1, 0, 0
339949, 64000, 1, 0, 0
340050, 64000, 1, 0, 0
340150, 60800, 1, 0, 0
340249, 62707, 1, 0, 0
340349, 64000, 1, 0, 0
340449, 64640, 1, 0, 0
340549, 63360, 1, 0, 0
340649, 64000, 1, 0, 0
340749, 65280, 1, 0, 0
340849, 65920, 1, 0, 0
340949, 65920, 1, 0, 0
341049, 61440, 1, 0, 0
341149, 62080, 1, 0, 0
341250, 64640, 1, 0, 0
341350, 64000, 1, 0, 0
341450, 64000, 1, 0, 0
341550, 60800, 1, 0, 0
341650, 63360, 1, 0, 0
341749, 61414, 1, 0, 0
341849, 60800, 1, 0, 0
341949, 63360, 1, 0, 0
342049, 64640, 1, 0, 0
342149, 62080, 1, 0, 0
342249, 63360, 1, 0, 0
342349, 63360, 1, 0, 0
342449, 61440, 1, 0, 0
342549, 62080, 1, 0, 0
342650, 64640, 1, 0, 0
342749, 62060, 1, 0, 0
342849, 63360, 1, 0, 0
342949, 62720, 1, 0, 0
343049, 62080, 1, 0, 0
343149, 64000, 1, 0, 0
343249, 61440, 1, 0, 0
343349, 61440, 1, 0, 0
343449, 63360, 1, 0, 0
343549, 63360, 1, 0, 0
343649, 64640, 1, 0, 0
343749, 62720, 1, 0, 0
343849, 64640, 1, 0, 0
343950, 63360, 1, 0, 0
344050, 65280, 1, 0, 0
344150, 66560, 1, 0, 0
344249, 65292, 1, 0, 0
344349, 65920, 1, 0, 0
344449, 64640, 1, 0, 0
344549, 65280, 1, 0, 0
344649, 67200, 1, 0, 0
344749, 63360, 1, 0, 0
344849, 65280, 1, 0, 0
344949, 66560, 1, 0, 0
345049, 65920, 1, 0, 0
345149, 63360, 1, 0, 0
345250, 65280, 1, 0, 0
345350, 64640, 1, 0, 0
345450, 66560, 1, 0, 0
345550, 62720, 1, 0, 0
345650, 65280, 1, 0, 0
345749, 60767, 1, 0, 0
345849, 60800, 1, 0, 0
345949, 64000, 1, 0, 0
346049, 65280, 1, 0, 0
346149, 62720, 1, 0, 0
346249, 65920, 1, 0, 0
346349, 62720, 1, 0, 0
346449, 67200, 1, 0, 0
346550, 62720, 1, 0, 0
346650, 62720, 1, 0, 0
346749, 62060, 1, 0, 0
346849, 65920, 1, 0, 0
346949, 66560, 1, 0, 0
347049, 64000, 1, 0, 0
347149, 65280, 1, 0, 0
347249, 64000, 1, 0, 0
347349, 65280, 1, 0, 0
347449, 62080, 1, 0, 0
347549, 63360, 1, 0, 0
347649, 64000, 1, 0, 0
347749, 64640, 1, 0, 0
347850, 64000, 1, 0, 0
347950, 64000, 1, 0, 0
348050, 65920, 1, 0, 0
348150, 62080, 1, 0, 0
348249, 62707, 1, 0, 0
348349, 65920, 1, 0, 0
348449, 66560, 1, 0, 0
348549, 64000, 1, 0, 0
348649, 64000, 1, 0, 0
348749, 65280, 1, 0, 0
348849, 65920, 1, 0, 0
348949, 65920, 1, 0, 0
349049, 64000, 1, 0, 0
349149, 58880, 1, 0, 0
349249, 61414, 1, 0, 0
349349, 65920, 1, 0, 0
349449, 63360, 1, 0, 0
349549, 60800, 1, 0, 0
349649, 62720, 1, 0, 0
349749, 64640, 1, 0, 0
349849, 65280, 1, 0, 0
349949, 62720, 1, 0, 0
350049, 60800, 1, 0, 0
350149, 60160, 1, 0, 0
350249, 62080, 1, 0, 0
350349, 65280, 1, 0, 0
350449, 64000, 1, 0, 0
350550, 65920, 1, 0, 0
350650, 59520, 1, 0, 0
350749, 62060, 1, 0, 0
350849, 65280, 1, 0, 0
350949, 62080, 1, 0, 0
351049, 60800, 1, 0, 0
351149, 62080, 1, 0, 0
351249, 65280, 1, 0, 0
351349, 64000, 1, 0, 0
351449, 64000, 1, 0, 0
351549, 60800, 1, 0, 0
351649, 62720, 1, 0, 0
351750, 64000, 1, 0, 0
351850, 64000, 1, 0, 0
351950, 60800, 1, 0, 0
352050, 64640, 1, 0, 0
352150, 64640, 1, 0, 0
352249, 64000, 1, 0, 0
352349, 62080, 1, 0, 0
352449, 60160, 1, 0, 0
352549, 64000, 1, 0, 0
352649, 63360, 1, 0, 0
352749, 66560, 1, 0, 0
352849, 60160, 1, 0, 0
352949, 62080, 1, 0, 0
353050, 64000, 1, 0, 0
353150, 67840, 1, 0, 0
353249, 65292, 1, 0, 0
353349, 61440, 1, 0, 0
353449, 64000, 1, 0, 0
353549, 61440, 1, 0, 0
353649, 64640, 1, 0, 0
353749, 63360, 1, 0, 0
353849, 65280, 1, 0, 0
353949, 63360, 1, 0, 0
354049, 62080, 1, 0, 0
354149, 64000, 1, 0, 0
354249, 62080, 1, 0, 0
354350, 63360, 1, 0, 0
354450, 64000, 1, 0, 0
354550, 60160, 1, 0, 0
354650, 63360, 1, 0, 0
354749, 61414, 1, 0, 0
354849, 59520, 1, 0, 0
354949, 59520, 1, 0, 0
355049, 60160, 1, 0, 0
355149, 60800, 1, 0, 0
355249, 59520, 1, 0, 0
355349, 65280, 1, 0, 0
355449, 63360, 1, 0, 0
355549, 61440, 1, 0, 0
355650, 62080, 1, 0, 0
355749, 64646, 1, 0, 0
355849, 62080, 1, 0, 0
355949, 62080, 1, 0, 0
356049, 62080, 1, 0, 0
356149, 62080, 1, 0, 0
356249, 62720, 1, 0, 0
356349, 62720, 1, 0, 0
356449, 65280, 1, 0, 0
356549, 61440, 1, 0, 0
356649, 63360, 1, 0, 0
356749, 65280, 1, 0, 0
356849, 64640, 1, 0, 0
356950, 61440, 1, 0, 0
357050, 59520, 1, 0, 0
357150, 64640, 1, 0, 0
357249, 62060, 1, 0, 0
357349, 58240, 1, 0, 0
357449, 62720, 1, 0, 0
357549, 62080, 1, 0, 0
357649, 64000, 1, 0, 0
357749, 62720, 1, 0, 0
357849, 61440, 1, 0, 0
357949, 63360, 1, 0, 0
358050, 63360, 1, 0, 0
358150, 62080, 1, 0, 0
358249, 62707, 1, 0, 0
358349, 62080, 1, 0, 0
358449, 62720, 1, 0, 0
358549, 61440, 1, 0, 0
358649, 60160, 1, 0, 0
358749, 62080, 1, 0, 0
358849, 60800, 1, 0, 0
358949, 60160, 1, 0, 0
359049, 62080, 1, 0, 0
359149, 58240, 1, 0, 0
359249, 60800, 1, 0, 0
359349, 63360, 1, 0, 0
359449, 61440, 1, 0, 0
359550, 63360, 1, 0, 0
359650, 62080, 1, 0, 0
359749, 58828, 1, 0, 0
359849, 60160, 1, 0, 0
359949, 62720, 1, 0, 0
360049, 62080, 1, 0, 0
360149, 61440, 1, 0, 0
360249, 61440, 1, 0, 0
360349, 62720, 1, 0, 0
360449, 62080, 1, 0, 0
360549, 63360, 1, 0, 0
360649, 61440, 1, 0, 0
360750, 59520, 1, 0, 0
360850, 62080, 1, 0, 0
360950, 58880, 1, 0, 0
361050, 60800, 1, 0, 0
361150, 64640, 1, 0, 0
361249, 61414, 1, 0, 0
361349, 61440, 1, 0, 0
361449, 62720, 1, 0, 0
361549, 62720, 1, 0, 0
361649, 64000, 1, 0, 0
361749, 63360, 1, 0, 0
361849, 61440, 1, 0, 0
361949, 60800, 1, 0, 0
362050, 59520, 1, 0, 0
362150, 60800, 1, 0, 0
362249, 62707, 1, 0, 0
362349, 64640, 1, 0, 0
362449, 64000, 1, 0, 0
362549, 64640, 1, 0, 0
362649, 64640, 1, 0, 0
362749, 61440, 1, 0, 0
362849, 62080, 1, 0, 0
362949, 62720, 1, 0, 0
363049, 60160, 1, 0, 0
363149, 62720, 1, 0, 0
363250, 63360, 1, 0, 0
363350, 64000, 1, 0, 0
363450, 60160, 1, 0, 0
363550, 61440, 1, 0, 0
363650, 57600, 1, 0, 0
363749, 61414, 1, 0, 0
363849, 64640, 1, 0, 0
363949, 63360, 1, 0, 0
364049, 60800, 1, 0, 0
364149, 58880, 1, 0, 0
364249, 62720, 1, 0, 0
364349, 62080, 1, 0, 0
364449, 61440, 1, 0, 0
364550, 62720, 1, 0, 0
364650, 60800, 1, 0, 0
364749, 62707, 1, 0, 0
364849, 62080, 1, 0, 0
364949, 62080, 1, 0, 0
365049, 60160, 1, 0, 0
365149, 64640, 1, 0, 0
365249, 62080, 1, 0, 0
365349, 63360, 1, 0, 0
365449, 60160, 1, 0, 0
365549, 60160, 1, 0, 0
365649, 61440, 1, 0, 0
365750, 62080, 1, 0, 0
365850, 60800, 1, 0, 0
365950, 62720, 1, 0, 0
366050, 62080, 1, 0, 0
366150, 61440, 1, 0, 0
366249, 63353, 1, 0, 0
366349, 63360, 1, 0, 0
366449, 62080, 1, 0, 0
366549, 61440, 1, 0, 0
366649, 60800, 1, 0, 0
366749, 64000, 1, 0, 0
366849, 62720, 1, 0, 0
366949, 58880, 1, 0, 0
367050, 62720, 1, 0, 0
367150, 63360, 1, 0, 0
367249, 62707, 1, 0, 0
367349, 62080, 1, 0, 0
367449, 61440, 1, 0, 0
367549, 64000, 1, 0, 0
367649, 63360, 1, 0, 0
367749, 60160, 1, 0, 0
367849, 66560, 1, 0, 0
367949, 64640, 1, 0, 0
368049, 63360, 1, 0, 0
368149, 66560, 1, 0, 0
368250, 58240, 1, 0, 0
368350, 64000, 1, 0, 0
368450, 65920, 1, 0, 0
368550, 62720, 1, 0, 0
368650, 63360, 1, 0, 0
368749, 63353, 1, 0, 0
368849, 66560, 1, 0, 0
368949, 67200, 1, 0, 0
369049, 62080, 1, 0, 0
369149, 64640, 1, 0, 0
369249, 64000, 1, 0, 0
369349, 67200, 1, 0, 0
369449, 65280, 1, 0, 0
369550, 63360, 1, 0, 0
369650, 65920, 1, 0, 0
369749, 60767, 1, 0, 0
369849, 65280, 1, 0, 0
369949, 65280, 1, 0, 0
370049, 64000, 1, 0, 0
370149, 63360, 1, 0, 0
370249, 64000, 1, 0, 0
370349, 64640, 1, 0, 0
370449, 63360, 1, 0, 0
370549, 62720, 1, 0, 0
370649, 63360, 1, 0, 0
370749, 64000, 1, 0, 0
370849, 64640, 1, 0, 0
370950, 61440, 1, 0, 0
371050, 65920, 1, 0, 0
371150, 64000, 1, 0, 0
371249, 61414, 1, 0, 0
371349, 65920, 1, 0, 0
371449, 64640, 1, 0, 0
371549, 58880, 1, 0, 0
371649, 63360, 1, 0, 0
371749, 64000, 1, 0, 0
371849, 62720, 1, 0, 0
371949, 64640, 1, 0, 0
372049, 65920, 1, 0, 0
372150, 62080, 1, 0, 0
372249, 64646, 1, 0, 0
372349, 62720, 1, 0, 0
372449, 64640, 1, 0, 0
372549, 65280, 1, 0, 0
372649, 65920, 1, 0, 0
372749, 62080, 1, 0, 0
372849, 61440, 1, 0, 0
372949, 65920, 1, 0, 0
373049, 62720, 1, 0, 0
373149, 64000, 1, 0, 0
373249, 67200, 1, 0, 0
373349, 63360, 1, 0, 0
373450, 59520, 1, 0, 0
373550, 63360, 1, 0, 0
373650, 64640, 1, 0, 0
373749, 62707, 1, 0, 0
373849, 64000, 1, 0, 0
373949, 60800, 1, 0, 0
374049, 62080, 1, 0, 0
374149, 62080, 1, 0, 0
374249, 62080, 1, 0, 0
374349, 63360, 1, 0, 0
374449, 64000, 1, 0, 0
374549, 63360, 1, 0, 0
374649, 63360, 1, 0, 0
374750, 66560, 1, 0, 0
374850, 64640, 1, 0, 0
374950, 66560, 1, 0, 0
375050, 61440, 1, 0, 0
375150, 63360, 1, 0, 0
375249, 62060, 1, 0, 0
375349, 62080, 1, 0, 0
375449, 62720, 1, 0, 0
375549, 64640, 1, 0, 0
375649, 63360, 1, 0, 0
375749, 67840, 1, 0, 0
375849, 67200, 1, 0, 0
375949, 65280, 1, 0, 0
376049, 62720, 1, 0, 0
376150, 60160, 1, 0, 0
376249, 63353, 1, 0, 0
376349, 60800, 1, 0, 0
376449, 60160, 1, 0, 0
376549, 62080, 1, 0, 0
376649, 59520, 1, 0, 0
376749, 62720, 1, 0, 0
376849, 62720, 1, 0, 0
376949, 63360, 1, 0, 0
377049, 60800, 1, 0, 0
377149, 60800, 1, 0, 0
377249, 63360, 1, 0, 0
377349, 62720, 1, 0, 0
377449, 61440, 1, 0, 0
377550, 65280, 1, 0, 0
377650, 64640, 1, 0, 0
377749, 65292, 1, 0, 0
377849, 60800, 1, 0, 0
377949, 61440, 1, 0, 0
378049, 62080, 1, 0, 0
378149, 64640, 1, 0, 0
378249, 60800, 1, 0, 0
378349, 58880, 1, 0, 0
378449, 62720, 1, 0, 0
378549, 64000, 1, 0, 0
378649, 64000, 1, 0, 0
378749, 63353, 1, 0, 0
378849, 64640, 1, 0, 0
378949, 62720, 1, 0, 0
379049, 63360, 1, 0, 0
379149, 64000, 1, 0, 0
379249, 61440, 1, 0, 0
379349, 64000, 1, 0, 0
379449, 60800, 1, 0, 0
379549, 62080, 1, 0, 0
379649, 63360, 1, 0, 0
379749, 60160, 1, 0, 0
379849, 60160, 1, 0, 0
379949, 62720, 1, 0, 0
380050, 61440, 1, 0, 0
380150, 61440, 1, 0, 0
380249, 63353, 1, 0, 0
380349, 60160, 1, 0, 0
380449, 63360, 1, 0, 0
380549, 62720, 1, 0, 0
380649, 59520, 1, 0, 0
380749, 60160, 1, 0, 0
380849, 62720, 1, 0, 0
380949, 64000, 1, 0, 0
381049, 63360, 1, 0, 0
381149, 62720, 1, 0, 0
381249, 64000, 1, 0, 0
381350, 62720, 1, 0, 0
381450, 64000, 1, 0, 0
381550, 62080, 1, 0, 0
381650, 65280, 1, 0, 0
381749, 60767, 1, 0, 0
381849, 62720, 1, 0, 0
381949, 64000, 1, 0, 0
382049, 61440, 1, 0, 0
382149, 60800, 1, 0, 0
382249, 62720, 1, 0, 0
382349, 59520, 1, 0, 0
382449, 60160, 1, 0, 0
382549, 62080, 1, 0, 0
382650, 62720, 1, 0, 0
382749, 62707, 1, 0, 0
382849, 62080, 1, 0, 0
382949, 60800, 1, 0, 0
383049, 65920, 1, 0, 0
383149, 60800, 1, 0, 0
383249, 62080, 1, 0, 0
383349, 58880, 1, 0, 0
383449, 60800, 1, 0, 0
383549, 62080, 1, 0, 0
383649, 64640, 1, 0, 0
383749, 62720, 1, 0, 0
383849, 64000, 1, 0, 0
383949, 62080, 1, 0, 0
384050, 60800, 1, 0, 0
384150, 63360, 1, 0, 0
384249, 61414, 1, 0, 0
384349, 64640, 1, 0, 0
384449, 62720, 1, 0, 0
384549, 62080, 1, 0, 0
384649, 62720, 1, 0, 0
384749, 63360, 1, 0, 0
384849, 62080, 1, 0, 0
384949, 64000, 1, 0, 0
385049, 65280, 1, 0, 0
385149, 65280, 1, 0, 0
385250, 62080, 1, 0, 0
385350, 63360, 1, 0, 0
385450, 62720, 1, 0, 0
385550, 60800, 1, 0, 0
385650, 63360, 1, 0, 0
385749, 62060, 1, 0, 0
385849, 62720, 1, 0, 0
385949, 62080, 1, 0, 0
386049, 62720, 1, 0, 0
386149, 64000, 1, 0, 0
386249, 62720, 1, 0, 0
386349, 64640, 1, 0, 0
386449, 60800, 1, 0, 0
386550, 65280, 1, 0, 0
386650, 62720, 1, 0, 0
386749, 63353, 1, 0, 0
386849, 62720, 1, 0, 0
386949, 65920, 1, 0, 0
387049, 64000, 1, 0, 0
387149, 64640, 1, 0, 0
387249, 64000, 1, 0, 0
387349, 63360, 1, 0, 0
387449, 64000, 1, 0, 0
387549, 64640, 1, 0, 0
387649, 62080, 1, 0, 0
387750, 63360, 1, 0, 0
387850, 62720, 1, 0, 0
387950, 67200, 1, 0, 0
388050, 63360, 1, 0, 0
388150, 65920, 1, 0, 0
388249, 64000, 1, 0, 0
388349, 64000, 1, 0, 0
388449, 63360, 1, 0, 0
388549, 64640, 1, 0, 0
388649, 65920, 1, 0, 0
388749, 63360, 1, 0, 0
388849, 61440, 1, 0, 0
388949, 65280, 1, 0, 0
389050, 64000, 1, 0, 0
389150, 64640, 1, 0, 0
389249, 64646, 1, 0, 0
389349, 60160, 1, 0, 0
389449, 64000, 1, 0, 0
389549, 62080, 1, 0, 0
389649, 62080, 1, 0, 0
389749, 64000, 1, 0, 0
389849, 59520, 1, 0, 0
389949, 63360, 1, 0, 0
390049, 65920, 1, 0, 0
390149, 62720, 1, 0, 0
390250, 64000, 1, 0, 0
390350, 64000, 1, 0, 0
390450, 63360, 1, 0, 0
390550, 63360, 1, 0, 0
390650, 63360, 1, 0, 0
390749, 62707, 1, 0, 0
390849, 65280, 1, 0, 0
390949, 64000, 1, 0, 0
391049, 65280, 1, 0, 0
391149, 62720, 1, 0, 0
391249, 65920, 1, 0, 0
391349, 62080, 1, 0, 0
391449, 64640, 1, 0, 0
391550, 64640, 1, 0, 0
391650, 65280, 1, 0, 0
391749, 61414, 1, 0, 0
391849, 64640, 1, 0, 0
391949, 61440, 1, 0, 0
392049, 62720, 1, 0, 0
392149, 61440, 1, 0, 0
392249, 64000, 1, 0, 0
392349, 66560, 1, 0, 0
392449, 64000, 1, 0, 0
392549, 64640, 1, 0, 0
392649, 65920, 1, 0, 0
392749, 64640, 1, 0, 0
392850, 62080, 1, 0, 0
392950, 60800, 1, 0, 0
393050, 63360, 1, 0, 0
393150, 66560, 1, 0, 0
393249, 64646, 1, 0, 0
393349, 64640, 1, 0, 0
393449, 65280, 1, 0, 0
393549, 62720, 1, 0, 0
393649, 64640, 1, 0, 0
393749, 59520, 1, 0, 0
393849, 63360, 1, 0, 0
393949, 65280, 1, 0, 0
394049, 62720, 1, 0, 0
394150, 64640, 1, 0, 0
394249, 62707, 1, 0, 0
394349, 62080, 1, 0, 0
394449, 62720, 1, 0, 0
394549, 58880, 1, 0, 0
394649, 61440, 1, 0, 0
394749, 62720, 1, 0, 0
394849, 60160, 1, 0, 0
394949, 62720, 1, 0, 0
395049, 62720, 1, 0, 0
395149, 62720, 1, 0, 0
395249, 62720, 1, 0, 0
395349, 62720, 1, 0, 0
395449, 60800, 1, 0, 0
395550, 61440, 1, 0, 0
395650, 59520, 1, 0, 0
395749, 62060, 1, 0, 0
395849, 62080, 1, 0, 0
395949, 60160, 1, 0, 0
396049, 61440, 1, 0, 0
396149, 62720, 1, 0, 0
396249, 64640, 1, 0, 0
396349, 64640, 1, 0, 0
396449, 63360, 1, 0, 0
396549, 62720, 1, 0, 0
396649, 63360, 1, 0, 0
396750, 65280, 1, 0, 0
396850, 61440, 1, 0, 0
396950, 62720, 1, 0, 0
397050, 61440, 1, 0, 0
397150, 61440, 1, 0, 0
397249, 64646, 1, 0, 0
397349, 62720, 1, 0, 0
397449, 64000, 1, 0, 0
397549, 63360, 1, 0, 0
397649, 57600, 1, 0, 0
397749, 64640, 1, 0, 0
397849, 64640, 1, 0, 0
397949, 62720, 1, 0, 0
398050, 62080, 1, 0, 0
398150, 59520, 1, 0, 0
398249, 61414, 1, 0, 0
398349, 61440, 1, 0, 0
398449, 64000, 1, 0, 0
398549, 63360, 1, 0, 0
398649, 62720, 1, 0, 0
398749, 62080, 1, 0, 0
398849, 62720, 1, 0, 0
398949, 63360, 1, 0, 0
399049, 63360, 1, 0, 0
399149, 63360, 1, 0, 0
399250, 62080, 1, 0, 0
399350, 65920, 1, 0, 0
399450, 62720, 1, 0, 0
399550, 65920, 1, 0, 0
399650, 65920, 1, 0, 0
399749, 64000, 1, 0, 0
399849, 61440, 1, 0, 0
399949, 62720, 1, 0, 0
400049, 64000, 1, 0, 0
400149, 63360, 1, 0, 0
400249, 61440, 1, 0, 0
400349, 62720, 1, 0, 0
400449, 60160, 1, 0, 0
400550, 59520, 1, 0, 0
400650, 62080, 1, 0, 0
400749, 60121, 1, 0, 0
400849, 63360, 1, 0, 0
400949, 60800, 1, 0, 0
401049, 64640, 1, 0, 0
401149, 65920, 1, 0, 0
401249, 64000, 1, 0, 0
401349, 64640, 1, 0, 0
401449, 62080, 1, 0, 0
401549, 65920, 1, 0, 0
401649, 62720, 1, 0, 0
401750, 63360, 1, 0, 0
401850, 64640, 1, 0, 0
401950, 64000, 1, 0, 0
402050, 64640, 1, 0, 0
402150, 64640, 1, 0, 0
402249, 60121, 1, 0, 0
402349, 64640, 1, 0, 0
402449, 65920, 1, 0, 0
402549, 64640, 1, 0, 0
402649, 65920, 1, 0, 0
402749, 65280, 1, 0, 0
402849, 62720, 1, 0, 0
402949, 64640, 1, 0, 0
403050, 59520, 1, 0, 0
403150, 63360, 1, 0, 0
403249, 64000, 1, 0, 0
403349, 63360, 1, 0, 0
403449, 62080, 1, 0, 0
403549, 62080, 1, 0, 0
403649, 64000, 1, 0, 0
403749, 64000, 1, 0, 0
403849, 63360, 1, 0, 0
403949, 67840, 1, 0, 0
404049, 64640, 1, 0, 0
404149, 63360, 1, 0, 0
404250, 63360, 1, 0, 0
404350, 64000, 1, 0, 0
404450, 65280, 1, 0, 0
404550, 61440, 1, 0, 0
404650, 63360, 1, 0, 0
404749, 64000, 1, 0, 0
404849, 64000, 1, 0, 0
404949, 61440, 1, 0, 0
405049, 64640, 1, 0, 0
405149, 61440, 1, 0, 0
405249, 65280, 1, 0, 0
405349, 60800, 1, 0, 0
405449, 60800, 1, 0, 0
405550, 62720, 1, 0, 0
405650, 62720, 1, 0, 0
405749, 60767, 1, 0, 0
405849, 63360, 1, 0, 0
405949, 67200, 1, 0, 0
406049, 65280, 1, 0, 0
406149, 62720, 1, 0, 0
406249, 64640, 1, 0, 0
406349, 64000, 1, 0, 0
406449, 63360, 1, 0, 0
406549, 62080, 1, 0, 0
406649, 65280, 1, 0, 0
406749, 64640, 1, 0, 0
406850, 64000, 1, 0, 0
406950, 64000, 1, 0, 0
407050, 60800, 1, 0, 0
407150, 60160, 1, 0, 0
407249, 61414, 1, 0, 0
407349, 58880, 1, 0, 0
407449, 60800, 1, 0, 0
407549, 63360, 1, 0, 0
407649, 60800, 1, 0, 0
407749, 62720, 1, 0, 0
407849, 62720, 1, 0, 0
407949, 64000, 1, 0, 0
408050, 64640, 1, 0, 0
408150, 61440, 1, 0, 0
408249, 63353, 1, 0, 0
408349, 62720, 1, 0, 0
408449, 63360, 1, 0, 0
408549, 62080, 1, 0, 0
408649, 62720, 1, 0, 0
408749, 61440, 1, 0, 0
408849, 60160, 1, 0, 0
408949, 60800, 1, 0, 0
409049, 62080, 1, 0, 0
409149, 63360, 1, 0, 0
409249, 62080, 1, 0, 0
409349, 64000, 1, 0, 0
409450, 62080, 1, 0, 0
409550, 62080, 1, 0, 0
409650, 62080, 1, 0, 0
409749, 61414, 1, 0, 0
409849, 63360, 1, 0, 0
409949, 65920, 1, 0, 0
410049, 61440, 1, 0, 0
410149, 60800, 1, 0, 0
410249, 64000, 1, 0, 0
410349, 65280, 1, 0, 0
410449, 62720, 1, 0, 0
410549, 64640, 1, 0, 0
410649, 62720, 1, 0, 0
410750, 64000, 1, 0, 0
410850, 62720, 1, 0, 0
410950, 62720, 1, 0, 0
411050, 60800, 1, 0, 0
411150, 61440, 1, 0, 0
411249, 64646, 1, 0, 0
411349, 61440, 1, 0, 0
411449, 60160, 1, 0, 0
411549, 62720, 1, 0, 0
411649, 64000, 1, 0, 0
411749, 64640, 1, 0, 0
411849, 62720, 1, 0, 0
411949, 61440, 1, 0, 0
412050, 60800, 1, 0, 0
412150, 59520, 1, 0, 0
412249, 63353, 1, 0, 0
412349, 60800, 1, 0, 0
412449, 62720, 1, 0, 0
412549, 60800, 1, 0, 0
412649, 62080, 1, 0, 0
412749, 64640, 1, 0, 0
412849, 64000, 1, 0, 0
412949, 62720, 1, 0, 0
413049, 62080, 1, 0, 0
413149, 65280, 1, 0, 0
413250, 62720, 1, 0, 0
413350, 62720, 1, 0, 0
413450, 64000, 1, 0, 0
413550, 62720, 1, 0, 0
413650, 62080, 1, 0, 0
413749, 62060, 1, 0, 0
413849, 62080, 1, 0, 0
413949, 63360, 1, 0, 0
414049, 64640, 1, 0, 0
414149, 63360, 1, 0, 0
414249, 63360, 1, 0, 0
414349, 64000, 1, 0, 0
414449, 64640, 1, 0, 0
414550, 64640, 1, 0, 0
414650, 62080, 1, 0, 0
414749, 64646, 1, 0, 0
414849, 62720, 1, 0, 0
414949, 62720, 1, 0, 0
415049, 62720, 1, 0, 0
415149, 61440, 1, 0, 0
415249, 62720, 1, 0, 0
415349, 62720, 1, 0, 0
415449, 62720, 1, 0, 0
415549, 62080, 1, 0, 0
415649, 63360, 1, 0, 0
415750, 60800, 1, 0, 0
415850, 63360, 1, 0, 0
415950, 63360, 1, 0, 0
416050, 64640, 1, 0, 0
416150, 63360, 1, 0, 0
416249, 61414, 1, 0, 0
416349, 64000, 1, 0, 0
416449, 60800, 1, 0, 0
416549, 63360, 1, 0, 0
416649, 64000, 1, 0, 0
416749, 64000, 1, 0, 0
416849, 64640, 1, 0, 0
416949, 62080, 1, 0, 0
417050, 62080, 1, 0, 0
417150, 63360, 1, 0, 0
417249, 63353, 1, 0, 0
417349, 64000, 1, 0, 0
417449, 65920, 1, 0, 0
417549, 59520, 1, 0, 0
417649, 62720, 1, 0, 0
417749, 61440, 1, 0, 0
417849, 65280, 1, 0, 0
417949, 61440, 1, 0, 0
418049, 62720, 1, 0, 0
418149, 63360, 1, 0, 0
418250, 65280, 1, 0, 0
418350, 64640, 1, 0, 0
418450, 64000, 1, 0, 0
418550, 65920, 1, 0, 0
418650, 62720, 1, 0, 0
418749, 64000, 1, 0, 0
418849, 64000, 1, 0, 0
418949, 63360, 1, 0, 0
419049, 64640, 1, 0, 0
419149, 64640, 1, 0, 0
419249, 60800, 1, 0, 0
419349, 62720, 1, 0, 0
419449, 64000, 1, 0, 0
419550, 59520, 1, 0, 0
419650, 63360, 1, 0, 0
419749, 62060, 1, 0, 0
419849, 61440, 1, 0, 0
419949, 64000, 1, 0, 0
420049, 63360, 1, 0, 0
420149, 63360, 1, 0, 0
420249, 63360, 1, 0, 0
420349, 64640, 1, 0, 0
420449, 63360, 1, 0, 0
420549, 64640, 1, 0, 0
420649, 61440, 1, 0, 0
420750, 62720, 1, 0, 0
420850, 64000, 1, 0, 0
420950, 66560, 1, 0, 0
421050, 62080, 1, 0, 0
421150, 62720, 1, 0, 0
421249, 62060, 1, 0, 0
421349, 62080, 1, 0, 0
421449, 64000, 1, 0, 0
421549, 64000, 1, 0, 0
421649, 59520, 1, 0, 0
421749, 64640, 1, 0, 0
421849, 63360, 1, 0, 0
421949, 62720, 1, 0, 0
422050, 60160, 1, 0, 0
422150, 62720, 1, 0, 0
422249, 59474, 1, 0, 0
422349, 60800, 1, 0, 0
422449, 64000, 1, 0, 0
422549, 60160, 1, 0, 0
422649, 64000, 1, 0, 0
422749, 60800, 1, 0, 0
422849, 62720, 1, 0, 0
422949, 62080, 1, 0, 0
423049, 60800, 1, 0, 0
423149, 62080, 1, 0, 0
423250, 62080, 1, 0, 0
423350, 62720, 1, 0, 0
423450, 58880, 1, 0, 0
423550, 58880, 1, 0, 0
423650, 59520, 1, 0, 0
423749, 61414, 1, 0, 0
423849, 61440, 1, 0, 0
423949, 59520, 1, 0, 0
424049, 61440, 1, 0, 0
424149, 62080, 1, 0, 0
424249, 60800, 1, 0, 0
424349, 60160, 1, 0, 0
424449, 62080, 1, 0, 0
424550, 58880, 1, 0, 0
424650, 64640, 1, 0, 0
424749, 64646, 1, 0, 0
424849, 62080, 1, 0, 0
424949, 60160, 1, 0, 0
425049, 63360, 1, 0, 0
425149, 59520, 1, 0, 0
425249, 62720, 1, 0, 0
425349, 59520, 1, 0, 0
425449, 62720, 1, 0, 0
425549, 59520, 1, 0, 0
425649, 64000, 1, 0, 0
425750, 62720, 1, 0, 0
425850, 60160, 1, 0, 0
425950, 58880, 1, 0, 0
426050, 62080, 1, 0, 0
426150, 61440, 1, 0, 0
426249, 62707, 1, 0, 0
426349, 60160, 1, 0, 0
426449, 64000, 1, 0, 0
426549, 60800, 1, 0, 0
426649, 60160, 1, 0, 0
426749, 60160, 1, 0, 0
426849, 59520, 1, 0, 0
426949, 62080, 1, 0, 0
427050, 58880, 1, 0, 0
427150, 64640, 1, 0, 0
427249, 61414, 1, 0, 0
427349, 60800, 1, 0, 0
427449, 61440, 1, 0, 0
427549, 61440, 1, 0, 0
427649, 64000, 1, 0, 0
427749, 59520, 1, 0, 0
427849, 60160, 1, 0, 0
427949, 60160, 1, 0, 0
428049, 59520, 1, 0, 0
428149, 61440, 1, 0, 0
428249, 60800, 1, 0, 0
428350, 60160, 1, 0, 0
428450, 58240, 1, 0, 0
428550, 60800, 1, 0, 0
428650, 56320, 1, 0, 0
428749, 57535, 1, 0, 0
428849, 60160, 1, 0, 0
428949, 62720, 1, 0, 0
429049, 62080, 1, 0, 0
429149, 60160, 1, 0, 0
429249, 60160, 1, 0, 0
429349, 60160, 1, 0, 0
429449, 60800, 1, 0, 0
429549, 59520, 1, 0, 0
429650, 61440, 1, 0, 0
429749, 64000, 1, 0, 0
429849, 63360, 1, 0, 0
429949, 63360, 1, 0, 0
430049, 59520, 1, 0, 0
430149, 60160, 1, 0, 0
430249, 59520, 1, 0, 0
430349, 59520, 1, 0, 0
430449, 62080, 1, 0, 0
430549, 61440, 1, 0, 0
430649, 62080, 1, 0, 0
430749, 62720, 1, 0, 0
430849, 58880, 1, 0, 0
430950, 60800, 1, 0, 0
431050, 60160, 1, 0, 0
431150, 60160, 1, 0, 0
431249, 57535, 1, 0, 0
431349, 62720, 1, 0, 0
431449, 64000, 1, 0, 0
431549, 64640, 1, 0, 0
431649, 61440, 1, 0, 0
431749, 67200, 1, 0, 0
431849, 63360, 1, 0, 0
431949, 65920, 1, 0, 0
432049, 60800, 1, 0, 0
432149, 64640, 1, 0, 0
432249, 65292, 1, 0, 0
432349, 64000, 1, 0, 0
432449, 64000, 1, 0, 0
432549, 64640, 1, 0, 0
432649, 63360, 1, 0, 0
432749, 61440, 1, 0, 0
432849, 64640, 1, 0, 0
432949, 65920, 1, 0, 0
433049, 64640, 1, 0, 0
433149, 63360, 1, 0, 0
433249, 62720, 1, 0, 0
433349, 64000, 1, 0, 0
433450, 60800, 1, 0, 0
433550, 64000, 1, 0, 0
433650, 64000, 1, 0, 0
433749, 64000, 1, 0, 0
433849, 62080, 1, 0, 0
433949, 60800, 1, 0, 0
434049, 63360, 1, 0, 0
434149, 64640, 1, 0, 0
434249, 63360, 1, 0, 0
434349, 63360, 1, 0, 0
434449, 60160, 1, 0, 0
434550, 64640, 1, 0, 0
434650, 64000, 1, 0, 0
434749, 64000, 1, 0, 0
434849, 64640, 1, 0, 0
434949, 60160, 1, 0, 0
435049, 63360, 1, 0, 0
435149, 64640, 1, 0, 0
435249, 64000, 1, 0, 0
435349, 65920, 1, 0, 0
435449, 63360, 1, 0, 0
435550, 65920, 1, 0, 0
435650, 62080, 1, 0, 0
435749, 60767, 1, 0, 0
435849, 60800, 1, 0, 0
435949, 62720, 1, 0, 0
436049, 64000, 1, 0, 0
436149, 60800, 1, 0, 0
436249, 62080, 1, 0, 0
436349, 65280, 1, 0, 0
436449, 62080, 1, 0, 0
436549, 61440, 1, 0, 0
436649, 63360, 1, 0, 0
436750, 64000, 1, 0, 0
436850, 63360, 1, 0, 0
436950, 62720, 1, 0, 0
437050, 64640, 1, 0, 0
437150, 61440, 1, 0, 0
437249, 64000, 1, 0, 0
437349, 62080, 1, 0, 0
437449, 65920, 1, 0, 0
437549, 62080, 1, 0, 0
437649, 64000, 1, 0, 0
437749, 62080, 1, 0, 0
437849, 61440, 1, 0, 0
437949, 62080, 1, 0, 0
438050, 63360, 1, 0, 0
438150, 60800, 1, 0, 0
438249, 65939, 1, 0, 0
438349, 64640, 1, 0, 0
438449, 64640, 1, 0, 0
438549, 65280, 1, 0, 0
438649, 64640, 1, 0, 0
438749, 62080, 1, 0, 0
438849, 63360, 1, 0, 0
438949, 62080, 1, 0, 0
439049, 64000, 1, 0, 0
439149, 61440, 1, 0, 0
439249, 60767, 1, 0, 0
439349, 64000, 1, 0, 0
439449, 66560, 1, 0, 0
439549, 63360, 1, 0, 0
439649, 64000, 1, 0, 0
439749, 64000, 1, 0, 0
439849, 64000, 1, 0, 0
439949, 65280, 1, 0, 0
440049, 65920, 1, 0, 0
440149, 65280, 1, 0, 0
440249, 64640, 1, 0, 0
440349, 64000, 1, 0, 0
440450, 65280, 1, 0, 0
440550, 64000, 1, 0, 0
440650, 64640, 1, 0, 0
440749, 63353, 1, 0, 0
440849, 62720, 1, 0, 0
440949, 62080, 1, 0, 0
441049, 65280, 1, 0, 0
441149, 64640, 1, 0, 0
441249, 62720, 1, 0, 0
441349, 62080, 1, 0, 0
441449, 60160, 1, 0, 0
441549, 62720, 1, 0, 0
441650, 65280, 1, 0, 0
441749, 62060, 1, 0, 0
441849, 62720, 1, 0, 0
441949, 61440, 1, 0, 0
442049, 62720, 1, 0, 0
442149, 64640, 1, 0, 0
442249, 62080, 1, 0, 0
442349, 61440, 1, 0, 0
442449, 64000, 1, 0, 0
442549, 62080, 1, 0, 0
442649, 62720, 1, 0, 0
442749, 62720, 1, 0, 0
442850, 64640, 1, 0, 0
442950, 64000, 1, 0, 0
443050, 60160, 1, 0, 0
443150, 64000, 1, 0, 0
443249, 64000, 1, 0, 0
443349, 62720, 1, 0, 0
443449, 64000, 1, 0, 0
443549, 60800, 1, 0, 0
443649, 62080, 1, 0, 0
443749, 65920, 1, 0, 0
443849, 65920, 1, 0, 0
443949, 62720, 1, 0, 0
444050, 62720, 1, 0, 0
444150, 64640, 1, 0, 0
444249, 62707, 1, 0, 0
444349, 62720, 1, 0, 0
444449, 62720, 1, 0, 0
444549, 63360, 1, 0, 0
444649, 60160, 1, 0, 0
444749, 59520, 1, 0, 0
444849, 61440, 1, 0, 0
444949, 63360, 1, 0, 0
445049, 65920, 1, 0, 0
445149, 61440, 1, 0, 0
445249, 60800, 1, 0, 0
445350, 62080, 1, 0, 0
445450, 64000, 1, 0, 0
445550, 63360, 1, 0, 0
445650, 62080, 1, 0, 0
445749, 62060, 1, 0, 0
445849, 62080, 1, 0, 0
445949, 63360, 1, 0, 0
446049, 59520, 1, 0, 0
446149, 63360, 1, 0, 0
446249, 60160, 1, 0, 0
446349, 64640, 1, 0, 0
446449, 64640, 1, 0, 0
446550, 59520, 1, 0, 0
446650, 63360, 1, 0, 0
446749, 63353, 1, 0, 0
446849, 60800, 1, 0, 0
446949, 62720, 1, 0, 0
447049, 62080, 1, 0, 0
447149, 61440, 1, 0, 0
447249, 60800, 1, 0, 0
447349, 62080, 1, 0, 0
447449, 60800, 1, 0, 0
447549, 61440, 1, 0, 0
447650, 61440, 1, 0, 0
447749, 60121, 1, 0, 0
447849, 61440, 1, 0, 0
447949, 58240, 1, 0, 0
448049, 60800, 1, 0, 0
448149, 60800, 1, 0, 0
448249, 59520, 1, 0, 0
448349, 62720, 1, 0, 0
448449, 64000, 1, 0, 0
448549, 61440, 1, 0, 0
448649, 62080, 1, 0, 0
448750, 64640, 1, 0, 0
448850, 63360, 1, 0, 0
448950, 62720, 1, 0, 0
449050, 61440, 1, 0, 0
449150, 64640, 1, 0, 0
449249, 59474, 1, 0, 0
449349, 62080, 1, 0, 0
449449, 64000, 1, 0, 0
449549, 60800, 1, 0, 0
449649, 59520, 1, 0, 0
449749, 62720, 1, 0, 0
449849, 62080, 1, 0, 0
449949, 63360, 1, 0, 0
450050, 60800, 1, 0, 0
450150, 57600, 1, 0, 0
450249, 62060, 1, 0, 0
450349, 56960, 1, 0, 0
450449, 60800, 1, 0, 0
450549, 60800, 1, 0, 0
450649, 62720, 1, 0, 0
450749, 60800, 1, 0, 0
450849, 60800, 1, 0, 0
450949, 58880, 1, 0, 0
451049, 60160, 1, 0, 0
451149, 60160, 1, 0, 0
451250, 61440, 1, 0, 0
451350, 61440, 1, 0, 0
451450, 59520, 1, 0, 0
451550, 62080, 1, 0, 0
451650, 62080, 1, 0, 0
451749, 63353, 1, 0, 0
451849, 61440, 1, 0, 0
451949, 62080, 1, 0, 0
452049, 61440, 1, 0, 0
452149, 63360, 1, 0, 0
452249, 63360, 1, 0, 0
452349, 60800, 1, 0, 0
452449, 62080, 1, 0, 0
452550, 60800, 1, 0, 0
452650, 59520, 1, 0, 0
452749, 60767, 1, 0, 0
452849, 61440, 1, 0, 0
452949, 61440, 1, 0, 0
453049, 60800, 1, 0, 0
453149, 64000, 1, 0, 0
453249, 60160, 1, 0, 0
453349, 65280, 1, 0, 0
453449, 60800, 1, 0, 0
453549, 61440, 1, 0, 0
453649, 62720, 1, 0, 0
453750, 62720, 1, 0, 0
453850, 60800, 1, 0, 0
453950, 61440, 1, 0, 0
454050, 61440, 1, 0, 0
454150, 62080, 1, 0, 0
454249, 62060, 1, 0, 0
454349, 63360, 1, 0, 0
454449, 62080, 1, 0, 0
454549, 61440, 1, 0, 0
454649, 62720, 1, 0, 0
454749, 60160, 1, 0, 0
454850, 60800, 1, 0, 0
454950, 62080, 1, 0, 0
455050, 63360, 1, 0, 0
455150, 61440, 1, 0, 0
455249, 63353, 1, 0, 0
455349, 62720, 1, 0, 0
455449, 62720, 1, 0, 0
455549, 63360, 1, 0, 0
455649, 63360, 1, 0, 0
455749, 61440, 1, 0, 0
455849, 62720, 1, 0, 0
455949, 61440, 1, 0, 0
456049, 62720, 1, 0, 0
456150, 62720, 1, 0, 0
456249, 60767, 1, 0, 0
456349, 63360, 1, 0, 0
456449, 62080, 1, 0, 0
456549, 64000, 1, 0, 0
456649, 60160, 1, 0, 0
456749, 62080, 1, 0, 0
456849, 62080, 1, 0, 0
456949, 60160, 1, 0, 0
457049, 62720, 1, 0, 0
457149, 64000, 1, 0, 0
457249, 63360, 1, 0, 0
457349, 60800, 1, 0, 0
457449, 63360, 1, 0, 0
457550, 60800, 1, 0, 0
457650, 61440, 1, 0, 0
457749, 61414, 1, 0, 0
457849, 64000, 1, 0, 0
457949, 62080, 1, 0, 0
458049, 63360, 1, 0, 0
458149, 64000, 1, 0, 0
458249, 61440, 1, 0, 0
458349, 62080, 1, 0, 0
458449, 61440, 1, 0, 0
458549, 62720, 1, 0, 0
458649, 62080, 1, 0, 0
458749, 62707, 1, 0, 0
458849, 64000, 1, 0, 0
458949, 62080, 1, 0, 0
459049, 64000, 1, 0, 0
459149, 64000, 1, 0, 0
459249, 63360, 1, 0, 0
459349, 62720, 1, 0, 0
459449, 62720, 1, 0, 0
459549, 64000, 1, 0, 0
459649, 63360, 1, 0, 0
459749, 65920, 1, 0, 0
459849, 64640, 1, 0, 0
459950, 62080, 1, 0, 0
460050, 66560, 1, 0, 0
460150, 64000, 1, 0, 0
460249, 65292, 1, 0, 0
460349, 64640, 1, 0, 0
460449, 60160, 1, 0, 0
460549, 64000, 1, 0, 0
460649, 64000, 1, 0, 0
460749, 62080, 1, 0, 0
460849, 65920, 1, 0, 0
460949, 63360, 1, 0, 0
461050, 59520, 1, 0, 0
461150, 65920, 1, 0, 0
461249, 64000, 1, 0, 0
461349, 63360, 1, 0, 0
461449, 64640, 1, 0, 0
461549, 64640, 1, 0, 0
461649, 64000, 1, 0, 0
461749, 64000, 1, 0, 0
461849, 63360, 1, 0, 0
461949, 61440, 1, 0, 0
462049, 65280, 1, 0, 0
462149, 64000, 1, 0, 0
462249, 62060, 1, 0, 0
462349, 62720, 1, 0, 0
462449, 60160, 1, 0, 0
462549, 65280, 1, 0, 0
462649, 63360, 1, 0, 0
462749, 64640, 1, 0, 0
462849, 64000, 1, 0, 0
462949, 64000, 1, 0, 0
463049, 62080, 1, 0, 0
463149, 65920, 1, 0, 0
463250, 62720, 1, 0, 0
463350, 62720, 1, 0, 0
463450, 65280, 1, 0, 0
463550, 62080, 1, 0, 0
463650, 64000, 1, 0, 0
463749, 65939, 1, 0, 0
463849, 60800, 1, 0, 0
463949, 62720, 1, 0, 0
464049, 65280, 1, 0, 0
464149, 64640, 1, 0, 0
464250, 62720, 1, 0, 0
464350, 64640, 1, 0, 0
464450, 60800, 1, 0, 0
464550, 62720, 1, 0, 0
464650, 61440, 1, 0, 0
464749, 62060, 1, 0, 0
464849, 64000, 1, 0, 0
464949, 61440, 1, 0, 0
465049, 62080, 1, 0, 0
465149, 65920, 1, 0, 0
465249, 65280, 1, 0, 0
465349, 63360, 1, 0, 0
465449, 64000, 1, 0, 0
465550, 64000, 1, 0, 0
465650, 62080, 1, 0, 0
465749, 62060, 1, 0, 0
465849, 60800, 1, 0, 0
465949, 62720, 1, 0, 0
466049, 60160, 1, 0, 0
466149, 60800, 1, 0, 0
466249, 62080, 1, 0, 0
466349, 64000, 1, 0, 0
466449, 65920, 1, 0, 0
466549, 64000, 1, 0, 0
466649, 64640, 1, 0, 0
466750, 61440, 1, 0, 0
466850, 62080, 1, 0, 0
466950, 64000, 1, 0, 0
467050, 61440, 1, 0, 0
467150, 63360, 1, 0, 0
467249, 62707, 1, 0, 0
467349, 65280, 1, 0, 0
467449, 60160, 1, 0, 0
467549, 60160, 1, 0, 0
467649, 62080, 1, 0, 0
467749, 67200, 1, 0, 0
467849, 62720, 1, 0, 0
467949, 59520, 1, 0, 0
468050, 62080, 1, 0, 0
468150, 62720, 1, 0, 0
468249, 60767, 1, 0, 0
468349, 60800, 1, 0, 0
468449, 61440, 1, 0, 0
468549, 61440, 1, 0, 0
468649, 58880, 1, 0, 0
468749, 60800, 1, 0, 0
468849, 62720, 1, 0, 0
468949, 63360, 1, 0, 0
469049, 62080, 1, 0, 0
469149, 64640, 1, 0, 0
469249, 63360, 1, 0, 0
469350, 60800, 1, 0, 0
469450, 61440, 1, 0, 0
469550, 62720, 1, 0, 0
469650, 62720, 1, 0, 0
469749, 62707, 1, 0, 0
469849, 62080, 1, 0, 0
469949, 61440, 1, 0, 0
470049, 56320, 1, 0, 0
470149, 61440, 1, 0, 0
470249, 62720, 1, 0, 0
470349, 65280, 1, 0, 0
470449, 62080, 1, 0, 0
470549, 65280, 1, 0, 0
470650, 64640, 1, 0, 0
470749, 62707, 1, 0, 0
470849, 62720, 1, 0, 0
470949, 60800, 1, 0, 0
471049, 62720, 1, 0, 0
471149, 64000, 1, 0, 0
471249, 64640, 1, 0, 0
471349, 62720, 1, 0, 0
471449, 62080, 1, 0, 0
471549, 62720, 1, 0, 0
471649, 58240, 1, 0, 0
471749, 61440, 1, 0, 0
471849, 59520, 1, 0, 0
471950, 60160, 1, 0, 0
472050, 60800, 1, 0, 0
472150, 60800, 1, 0, 0
472249, 62707, 1, 0, 0
472349, 65920, 1, 0, 0
472449, 61440, 1, 0, 0
472549, 63360, 1, 0, 0
472649, 61440, 1, 0, 0
472749, 62080, 1, 0, 0
472849, 60800, 1, 0, 0
472949, 65280, 1, 0, 0
473049, 64640, 1, 0, 0
473149, 64640, 1, 0, 0
473250, 64640, 1, 0, 0
473350, 62080, 1, 0, 0
473450, 63360, 1, 0, 0
473550, 56960, 1, 0, 0
473650, 62080, 1, 0, 0
473749, 59474, 1, 0, 0
473849, 59520, 1, 0, 0
473949, 62720, 1, 0, 0
474049, 60160, 1, 0, 0
474149, 62720, 1, 0, 0
474249, 63360, 1, 0, 0
474349, 60800, 1, 0, 0
474449, 63360, 1, 0, 0
474550, 62720, 1, 0, 0
474650, 62720, 1, 0, 0
474749, 64000, 1, 0, 0
474849, 64640, 1, 0, 0
474949, 64640, 1, 0, 0
475049, 62080, 1, 0, 0
475149, 62080, 1, 0, 0
475249, 63360, 1, 0, 0
475349, 62080, 1, 0, 0
475449, 65920, 1, 0, 0
475549, 64640, 1, 0, 0
475649, 63360, 1, 0, 0
475749, 64640, 1, 0, 0
475849, 62080, 1, 0, 0
475950, 63360, 1, 0, 0
476050, 62080, 1, 0, 0
476150, 62080, 1, 0, 0
476249, 65292, 1, 0, 0
476349, 62720, 1, 0, 0
476449, 65280, 1, 0, 0
476549, 65920, 1, 0, 0
476649, 64640, 1, 0, 0
476749, 62080, 1, 0, 0
476849, 60800, 1, 0, 0
476949, 63360, 1, 0, 0
477049, 63360, 1, 0, 0
477149, 62720, 1, 0, 0
477249, 59474, 1, 0, 0
477349, 64640, 1, 0, 0
477449, 60160, 1, 0, 0
477549, 62080, 1, 0, 0
477649, 62720, 1, 0, 0
477749, 65920, 1, 0, 0
477849, 61440, 1, 0, 0
477949, 60160, 1, 0, 0
478049, 61440, 1, 0, 0
478149, 60800, 1, 0, 0
478249, 64640, 1, 0, 0
478349, 62080, 1, 0, 0
478449, 64640, 1, 0, 0
478550, 64640, 1, 0, 0
478650, 64640, 1, 0, 0
478749, 64000, 1, 0, 0
478849, 66560, 1, 0, 0
478949, 64640, 1, 0, 0
479049, 63360, 1, 0, 0
479149, 60800, 1, 0, 0
479249, 62720, 1, 0, 0
479349, 62720, 1, 0, 0
479449, 64000, 1, 0, 0
479549, 63360, 1, 0, 0
479649, 62720, 1, 0, 0
479749, 62720, 1, 0, 0
479849, 62080, 1, 0, 0
479950, 65280, 1, 0, 0
480050, 62720, 1, 0, 0
480150, 65920, 1, 0, 0
480249, 64646, 1, 0, 0
480349, 64000, 1, 0, 0
480449, 62080, 1, 0, 0
480549, 64000, 1, 0, 0
480649, 63360, 1, 0, 0
480749, 64000, 1, 0, 0
480849, 63360, 1, 0, 0
480949, 62720, 1, 0, 0
481049, 60800, 1, 0, 0
481149, 63360, 1, 0, 0
481250, 59520, 1, 0, 0
481350, 65920, 1, 0, 0
481450, 62080, 1, 0, 0
481550, 62080, 1, 0, 0
481650, 64000, 1, 0, 0
481749, 60767, 1, 0, 0
481849, 60160, 1, 0, 0
481949, 62720, 1, 0, 0
482049, 61440, 1, 0, 0
482149, 62080, 1, 0, 0
482249, 60800, 1, 0, 0
482349, 62720, 1, 0, 0
482449, 61440, 1, 0, 0
482550, 65280, 1, 0, 0
482650, 63360, 1, 0, 0
482749, 63353, 1, 0, 0
482849, 63360, 1, 0, 0
482949, 62080, 1, 0, 0
483049, 61440, 1, 0, 0
483149, 62080, 1, 0, 0
483249, 61440, 1, 0, 0
483349, 64000, 1, 0, 0
483449, 61440, 1, 0, 0
483549, 64000, 1, 0, 0
483649, 60160, 1, 0, 0
483750, 58880, 1, 0, 0
483850, 62080, 1, 0, 0
483950, 59520, 1, 0, 0
484050, 61440, 1, 0, 0
484150, 62720, 1, 0, 0
484249, 63353, 1, 0, 0
484349, 60800, 1, 0, 0
484449, 58240, 1, 0, 0
484549, 60160, 1, 0, 0
484649, 58880, 1, 0, 0
484749, 61440, 1, 0, 0
484849, 57600, 1, 0, 0
484949, 60800, 1, 0, 0
485050, 59520, 1, 0, 0
485150, 61440, 1, 0, 0
485249, 62707, 1, 0, 0
485349, 60800, 1, 0, 0
485449, 58880, 1, 0, 0
485549, 59520, 1, 0, 0
485649, 61440, 1, 0, 0
485749, 62080, 1, 0, 0
485849, 63360, 1, 0, 0
485949, 62080, 1, 0, 0
486049, 62720, 1, 0, 0
486149, 58240, 1, 0, 0
486250, 60160, 1, 0, 0
486350, 60800, 1, 0, 0
486450, 62080, 1, 0, 0
486550, 63360, 1, 0, 0
486650, 61440, 1, 0, 0
486749, 62060, 1, 0, 0
486849, 59520, 1, 0, 0
486949, 60800, 1, 0, 0
487049, 62720, 1, 0, 0
487149, 64000, 1, 0, 0
487249, 63360, 1, 0, 0
487349, 62720, 1, 0, 0
487449, 62080, 1, 0, 0
487550, 62080, 1, 0, 0
487650, 65920, 1, 0, 0
487749, 61414, 1, 0, 0
487849, 62080, 1, 0, 0
487949, 60800, 1, 0, 0
488049, 62720, 1, 0, 0
488149, 60800, 1, 0, 0
488249, 62720, 1, 0, 0
488349, 62720, 1, 0, 0
488449, 62720, 1, 0, 0
488549, 60800, 1, 0, 0
488649, 60160, 1, 0, 0
488750, 56320, 1, 0, 0
488850, 60160, 1, 0, 0
488950, 62080, 1, 0, 0
489050, 60800, 1, 0, 0
489150, 60800, 1, 0, 0
489249, 60767, 1, 0, 0
489349, 62720, 1, 0, 0
489449, 65920, 1, 0, 0
489549, 60800, 1, 0, 0
489649, 62080, 1, 0, 0
489749, 60160, 1, 0, 0
489849, 60160, 1, 0, 0
489949, 60800, 1, 0, 0
490050, 62080, 1, 0, 0
490150, 65280, 1, 0, 0
490249, 64646, 1, 0, 0
490349, 63360, 1, 0, 0
490449, 62720, 1, 0, 0
490549, 65920, 1, 0, 0
490649, 62080, 1, 0, 0
490749, 65280, 1, 0, 0
490849, 62080, 1, 0, 0
490949, 64640, 1, 0, 0
491049, 64640, 1, 0, 0
491149, 63360, 1, 0, 0
491250, 60800, 1, 0, 0
491350, 62080, 1, 0, 0
491450, 63360, 1, 0, 0
491550, 65280, 1, 0, 0
491650, 63360, 1, 0, 0
491749, 62707, 1, 0, 0
491849, 60800, 1, 0, 0
491949, 60160, 1, 0, 0
492049, 62080, 1, 0, 0
492149, 58880, 1, 0, 0
492249, 61440, 1, 0, 0
492349, 60160, 1, 0, 0
492449, 59520, 1, 0, 0
492550, 65920, 1, 0, 0
492650, 62720, 1, 0, 0
492749, 62060, 1, 0, 0
492849, 63360, 1, 0, 0
492949, 62080, 1, 0, 0
493049, 64000, 1, 0, 0
493149, 62080, 1, 0, 0
493249, 61440, 1, 0, 0
493349, 62080, 1, 0, 0
493449, 62720, 1, 0, 0
493549, 62080, 1, 0, 0
493649, 56320, 1, 0, 0
493750, 58880, 1, 0, 0
493850, 61440, 1, 0, 0
493950, 59520, 1, 0, 0
494050, 60160, 1, 0, 0
494150, 59520, 1, 0, 0
494249, 63353, 1, 0, 0
494349, 62080, 1, 0, 0
494449, 61440, 1, 0, 0
494549, 59520, 1, 0, 0
494649, 58880, 1, 0, 0
494749, 62080, 1, 0, 0
494849, 59520, 1, 0, 0
494949, 62080, 1, 0, 0
495050, 62080, 1, 0, 0
495150, 62080, 1, 0, 0
495249, 60767, 1, 0, 0
495349, 59520, 1, 0, 0
495449, 60160, 1, 0, 0
495549, 61440, 1, 0, 0
495649, 62080, 1, 0, 0
495749, 62080, 1, 0, 0
495849, 62080, 1, 0, 0
495949, 61440, 1, 0, 0
496049, 60800, 1, 0, 0
496149, 63360, 1, 0, 0
496249, 61440, 1, 0, 0
496350, 61440, 1, 0, 0
496450, 58240, 1, 0, 0
496550, 59520, 1, 0, 0
496650, 62080, 1, 0, 0
496749, 60767, 1, 0, 0
496849, 60160, 1, 0, 0
496949, 61440, 1, 0, 0
497049, 60160, 1, 0, 0
497149, 60160, 1, 0, 0
497249, 60800, 1, 0, 0
497349, 60800, 1, 0, 0
497449, 62080, 1, 0, 0
497549, 60800, 1, 0, 0
497650, 61440, 1, 0, 0
497749, 59474, 1, 0, 0
497849, 58880, 1, 0, 0
497949, 59520, 1, 0, 0
498049, 58240, 1, 0, 0
498149, 58880, 1, 0, 0
498249, 59520, 1, 0, 0
498349, 59520, 1, 0, 0
498449, 62080, 1, 0, 0
498549, 64000, 1, 0, 0
498649, 60160, 1, 0, 0
498749, 61440, 1, 0, 0
498849, 59520, 1, 0, 0
498949, 63360, 1, 0, 0
499050, 58880, 1, 0, 0
499150, 62080, 1, 0, 0
499249, 59474, 1, 0, 0
499349, 62720, 1, 0, 0
499449, 62080, 1, 0, 0
499549, 62720, 1, 0, 0
499649, 56960, 1, 0, 0
499749, 64640, 1, 0, 0
499849, 59520, 1, 0, 0
499949, 64640, 1, 0, 0
500049, 61440, 1, 0, 0
500149, 63360, 1, 0, 0
500250, 62720, 1, 0, 0
500350, 62720, 1, 0, 0
500450, 60160, 1, 0, 0
500550, 64640, 1, 0, 0
500650, 64000, 1, 0, 0
500749, 62060, 1, 0, 0
500849, 64640, 1, 0, 0
500949, 64640, 1, 0, 0
501049, 62080, 1, 0, 0
501149, 60800, 1, 0, 0
501249, 61440, 1, 0, 0
501349, 64000, 1, 0, 0
501449, 64640, 1, 0, 0
501549, 65280, 1, 0, 0
501650, 65280, 1, 0, 0
501749, 65292, 1, 0, 0
501849, 60800, 1, 0, 0
501949, 64640, 1, 0, 0
502049, 64640, 1, 0, 0
502149, 65280, 1, 0, 0
502249, 63360, 1, 0, 0
502349, 61440, 1, 0, 0
502449, 63360, 1, 0, 0
502549, 64000, 1, 0, 0
502649, 62080, 1, 0, 0
502749, 64000, 1, 0, 0
502850, 62080, 1, 0, 0
502950, 64000, 1, 0, 0
503050, 62720, 1, 0, 0
503150, 63360, 1, 0, 0
503249, 64000, 1, 0, 0
503349, 60800, 1, 0, 0
503449, 62720, 1, 0, 0
503549, 66560, 1, 0, 0
503649, 66560, 1, 0, 0
503749, 62080, 1, 0, 0
503849, 65920, 1, 0, 0
503949, 62080, 1, 0, 0
504050, 62720, 1, 0, 0
504150, 63360, 1, 0, 0
504249, 64000, 1, 0, 0
504349, 60160, 1, 0, 0
504449, 64000, 1, 0, 0
504549, 59520, 1, 0, 0
504649, 63360, 1, 0, 0
504749, 62080, 1, 0, 0
504849, 63360, 1, 0, 0
504949, 64640, 1, 0, 0
505049, 65280, 1, 0, 0
505149, 64640, 1, 0, 0
505249, 62720, 1, 0, 0
505350, 64640, 1, 0, 0
505450, 63360, 1, 0, 0
505550, 63360, 1, 0, 0
505650, 64000, 1, 0, 0
505749, 64000, 1, 0, 0
505849, 65280, 1, 0, 0
505949, 65920, 1, 0, 0
506049, 62720, 1, 0, 0
506149, 62720, 1, 0, 0
506249, 64000, 1, 0, 0
506349, 64640, 1, 0, 0
506449, 64000, 1, 0, 0
506549, 59520, 1, 0, 0
506650, 62720, 1, 0, 0
506749, 62060, 1, 0, 0
506849, 63360, 1, 0, 0
506949, 64640, 1, 0, 0
507049, 61440, 1, 0, 0
507149, 62080, 1, 0, 0
507249, 62720, 1, 0, 0
507349, 64000, 1, 0, 0
507449, 64000, 1, 0, 0
507549, 63360, 1, 0, 0
507649, 62720, 1, 0, 0
507749, 66560, 1, 0, 0
507850, 61440, 1, 0, 0
507950, 65280, 1, 0, 0
508050, 61440, 1, 0, 0
508150, 60800, 1, 0, 0
508249, 64646, 1, 0, 0
508349, 62080, 1, 0, 0
508449, 64640, 1, 0, 0
508549, 62080, 1, 0, 0
508649, 65920, 1, 0, 0
508749, 60800, 1, 0, 0
508849, 61440, 1, 0, 0
508950, 62720, 1, 0, 0
509050, 61440, 1, 0, 0
509150, 60160, 1, 0, 0
509249, 60767, 1, 0, 0
509349, 62720, 1, 0, 0
509449, 62720, 1, 0, 0
509549, 62080, 1, 0, 0
509649, 63360, 1, 0, 0
509749, 62080, 1, 0, 0
509849, 62080, 1, 0, 0
509949, 62720, 1, 0, 0
510050, 64640, 1, 0, 0
510150, 58880, 1, 0, 0
510249, 64000, 1, 0, 0
510349, 64000, 1, 0, 0
510449, 64000, 1, 0, 0
510549, 63360, 1, 0, 0
510649, 61440, 1, 0, 0
510749, 64000, 1, 0, 0
510849, 61440, 1, 0, 0
510949, 63360, 1, 0, 0
511049, 64000, 1, 0, 0
511149, 62080, 1, 0, 0
511250, 62720, 1, 0, 0
511350, 63360, 1, 0, 0
511450, 63360, 1, 0, 0
511550, 62080, 1, 0, 0
511650, 65280, 1, 0, 0
511749, 61414, 1, 0, 0
511849, 62080, 1, 0, 0
511949, 62080, 1, 0, 0
512049, 64000, 1, 0, 0
512149, 63360, 1, 0, 0
512249, 63360, 1, 0, 0
512349, 63360, 1, 0, 0
512449, 62720, 1, 0, 0
512550, 62720, 1, 0, 0
512650, 62720, 1, 0, 0
512749, 63353, 1, 0, 0
512849, 59520, 1, 0, 0
512949, 64640, 1, 0, 0
513049, 63360, 1, 0, 0
513149, 61440, 1, 0, 0
513249, 62080, 1, 0, 0
513349, 64000, 1, 0, 0
513449, 62080, 1, 0, 0
513549, 62080, 1, 0, 0
513649, 63360, 1, 0, 0
513750, 64000, 1, 0, 0
513850, 62080, 1, 0, 0
513950, 64000, 1, 0, 0
514050, 63360, 1, 0, 0
514150, 62720, 1, 0, 0
514249, 62707, 1, 0, 0
514349, 60160, 1, 0, 0
514449, 61440, 1, 0, 0
514549, 60800, 1, 0, 0
514649, 60160, 1, 0, 0
514749, 62720, 1, 0, 0
514849, 63360, 1, 0, 0
514949, 61440, 1, 0, 0
515050, 64000, 1, 0, 0
515150, 63360, 1, 0, 0
515249, 62707, 1, 0, 0
515349, 64000, 1, 0, 0
515449, 64000, 1, 0, 0
515549, 63360, 1, 0, 0
515649, 65920, 1, 0, 0
515749, 65920, 1, 0, 0
515849, 63360, 1, 0, 0
515949, 63360, 1, 0, 0
516049, 61440, 1, 0, 0
516149, 64000, 1, 0, 0
516250, 65280, 1, 0, 0
516350, 64640, 1, 0, 0
516450, 62080, 1, 0, 0
516550, 60800, 1, 0, 0
516650, 65280, 1, 0, 0
516749, 64000, 1, 0, 0
516849, 64000, 1, 0, 0
516949, 61440, 1, 0, 0
517049, 64640, 1, 0, 0
517149, 61440, 1, 0, 0
517249, 64000, 1, 0, 0
517349, 58880, 1, 0, 0
517449, 62080, 1, 0, 0
517550, 63360, 1, 0, 0
517650, 63360, 1, 0, 0
517749, 63353, 1, 0, 0
517849, 64640, 1, 0, 0
517949, 65920, 1, 0, 0
518049, 64000, 1, 0, 0
518149, 62080, 1, 0, 0
518249, 65920, 1, 0, 0
518349, 64000, 1, 0, 0
518449, 62080, 1, 0, 0
518549, 63360, 1, 0, 0
518649, 62080, 1, 0, 0
518749, 62720, 1, 0, 0
518850, 64000, 1, 0, 0
518950, 62080, 1, 0, 0
519050, 66560, 1, 0, 0
519150, 64000, 1, 0, 0
519249, 60767, 1, 0, 0
519349, 63360, 1, 0, 0
519449, 65280, 1, 0, 0
519549, 62720, 1, 0, 0
519649, 62080, 1, 0, 0
519749, 62080, 1, 0, 0
519849, 61440, 1, 0, 0
519949, 63360, 1, 0, 0
520050, 63360, 1, 0, 0
520150, 64000, 1, 0, 0
520249, 64000, 1, 0, 0
520349, 65920, 1, 0, 0
520449, 65280, 1, 0, 0
520549, 59520, 1, 0, 0
520649, 62720, 1, 0, 0
520749, 65920, 1, 0, 0
520849, 63360, 1, 0, 0
520949, 62080, 1, 0, 0
521049, 67200, 1, 0, 0
521149, 64640, 1, 0, 0
521250, 67200, 1, 0, 0
521350, 63360, 1, 0, 0
521450, 64000, 1, 0, 0
521550, 63360, 1, 0, 0
521650, 64000, 1, 0, 0
521749, 64000, 1, 0, 0
521849, 65280, 1, 0, 0
521949, 62720, 1, 0, 0
522049, 62720, 1, 0, 0
522149, 62080, 1, 0, 0
522249, 59520, 1, 0, 0
522349, 64000, 1, 0, 0
522449, 67840, 1, 0, 0
522550, 61440, 1, 0, 0
522650, 64640, 1, 0, 0
522749, 62060, 1, 0, 0
522849, 64640, 1, 0, 0
522949, 64640, 1, 0, 0
523049, 63360, 1, 0, 0
523149, 66560, 1, 0, 0
523249, 65920, 1, 0, 0
523349, 66560, 1, 0, 0
523449, 64000, 1, 0, 0
523549, 60160, 1, 0, 0
523649, 60800, 1, 0, 0
523750, 65920, 1, 0, 0
523850, 64000, 1, 0, 0
523950, 60800, 1, 0, 0
524050, 64640, 1, 0, 0
524150, 61440, 1, 0, 0
524249, 64646, 1, 0, 0
524349, 60800, 1, 0, 0
524449, 64000, 1, 0, 0
524549, 63360, 1, 0, 0
524649, 63360, 1, 0, 0
524749, 60160, 1, 0, 0
524849, 60800, 1, 0, 0
524949, 62720, 1, 0, 0
525050, 62720, 1, 0, 0
525150, 62720, 1, 0, 0
525249, 64000, 1, 0, 0
525349, 62080, 1, 0, 0
525449, 60160, 1, 0, 0
525549, 64640, 1, 0, 0
525649, 62080, 1, 0, 0
525749, 61440, 1, 0, 0
525849, 62720, 1, 0, 0
525949, 64000, 1, 0, 0
526049, 62720, 1, 0, 0
526149, 61440, 1, 0, 0
526250, 65920, 1, 0, 0
526350, 64000, 1, 0, 0
526450, 64640, 1, 0, 0
526550, 60800, 1, 0, 0
526650, 64000, 1, 0, 0
526749, 62707, 1, 0, 0
526849, 62080, 1, 0, 0
526949, 64000, 1, 0, 0
527049, 62720, 1, 0, 0
527149, 60800, 1, 0, 0
527249, 63360, 1, 0, 0
527349, 64640, 1, 0, 0
527449, 62080, 1, 0, 0
527549, 66560, 1, 0, 0
527650, 63360, 1, 0, 0
527749, 64000, 1, 0, 0
527849, 61440, 1, 0, 0
527949, 64000, 1, 0, 0
528049, 63360, 1, 0, 0
528149, 64000, 1, 0, 0
528249, 66560, 1, 0, 0
528349, 65920, 1, 0, 0
528449, 64000, 1, 0, 0
528549, 60160, 1, 0, 0
528649, 63360, 1, 0, 0
528749, 62720, 1, 0, 0
528850, 60160, 1, 0, 0
528950, 65280, 1, 0, 0
529050, 65920, 1, 0, 0
529150, 60800, 1, 0, 0
529249, 63353, 1, 0, 0
529349, 60800, 1, 0, 0
529449, 64640, 1, 0, 0
529549, 60800, 1, 0, 0
529649, 64640, 1, 0, 0
529749, 65280, 1, 0, 0
529849, 63360, 1, 0, 0
529949, 63360, 1, 0, 0
530049, 60800, 1, 0, 0
530149, 62720, 1, 0, 0
530250, 64000, 1, 0, 0
530350, 62080, 1, 0, 0
530450, 64000, 1, 0, 0
530550, 63360, 1, 0, 0
530650, 64000, 1, 0, 0
530749, 59474, 1, 0, 0
530849, 64640, 1, 0, 0
530949, 60160, 1, 0, 0
531049, 63360, 1, 0, 0
531149, 64000, 1, 0, 0
531249, 64640, 1, 0, 0
531349, 64000, 1, 0, 0
531449, 62720, 1, 0, 0
531550, 61440, 1, 0, 0
531650, 58880, 1, 0, 0
531749, 60121, 1, 0, 0
531849, 60160, 1, 0, 0
531949, 62080, 1, 0, 0
532049, 62720, 1, 0, 0
532149, 60160, 1, 0, 0
532249, 64000, 1, 0, 0
532349, 62080, 1, 0, 0
532449, 60160, 1, 0, 0
532549, 65280, 1, 0, 0
532649, 63360, 1, 0, 0
532749, 61440, 1, 0, 0
532850, 60800, 1, 0, 0
532950, 62720, 1, 0, 0
533050, 64000, 1, 0, 0
533150, 62080, 1, 0, 0
533249, 65292, 1, 0, 0
533349, 62720, 1, 0, 0
533449, 62080, 1, 0, 0
533549, 61440, 1, 0, 0
533649, 63360, 1, 0, 0
533749, 63360, 1, 0, 0
533849, 61440, 1, 0, 0
533949, 62080, 1, 0, 0
534050, 65280, 1, 0, 0
534150, 63360, 1, 0, 0
534249, 60767, 1, 0, 0
534349, 61440, 1, 0, 0
534449, 58880, 1, 0, 0
534549, 62080, 1, 0, 0
534649, 62720, 1, 0, 0
534749, 59520, 1, 0, 0
534849, 64640, 1, 0, 0
534949, 61440, 1, 0, 0
535049, 64000, 1, 0, 0
535149, 62720, 1, 0, 0
535249, 61440, 1, 0, 0
535350, 61440, 1, 0, 0
535450, 60160, 1, 0, 0
535550, 59520, 1, 0, 0
535650, 62080, 1, 0, 0
535749, 59474, 1, 0, 0
535849, 64640, 1, 0, 0
535949, 60160, 1, 0, 0
536049, 61440, 1, 0, 0
536149, 63360, 1, 0, 0
536249, 61440, 1, 0, 0
536349, 62080, 1, 0, 0
536449, 62720, 1, 0, 0
536549, 61440, 1, 0, 0
536649, 63360, 1, 0, 0
536749, 62707, 1, 0, 0
536849, 64000, 1, 0, 0
536949, 62720, 1, 0, 0
537049, 60800, 1, 0, 0
537149, 62720, 1, 0, 0
537249, 60800, 1, 0, 0
537349, 64000, 1, 0, 0
537449, 62720, 1, 0, 0
537549, 64000, 1, 0, 0
537649, 63360, 1, 0, 0
537749, 60160, 1, 0, 0
537849, 65280, 1, 0, 0
537949, 64000, 1, 0, 0
538050, 60800, 1, 0, 0
538150, 63360, 1, 0, 0
538249, 64000, 1, 0, 0
538349, 60800, 1, 0, 0
538449, 62080, 1, 0, 0
538549, 62080, 1, 0, 0
538649, 61440, 1, 0, 0
538749, 64000, 1, 0, 0
538849, 65280, 1, 0, 0
538949, 64640, 1, 0, 0
539049, 62720, 1, 0, 0
539149, 62720, 1, 0, 0
539249, 64000, 1, 0, 0
539350, 62720, 1, 0, 0
539450, 59520, 1, 0, 0
539550, 63360, 1, 0, 0
539650, 64000, 1, 0, 0
539749, 65939, 1, 0, 0
539849, 62080, 1, 0, 0
539949, 65920, 1, 0, 0
540049, 63360, 1, 0, 0
540149, 63360, 1, 0, 0
540249, 60800, 1, 0, 0
540349, 62720, 1, 0, 0
540449, 62720, 1, 0, 0
540549, 64000, 1, 0, 0
540649, 62080, 1, 0, 0
540749, 64646, 1, 0, 0
540849, 64640, 1, 0, 0
540949, 61440, 1, 0, 0
541049, 61440, 1, 0, 0
541149, 62080, 1, 0, 0
541249, 62080, 1, 0, 0
541349, 60160, 1, 0, 0
541449, 62720, 1, 0, 0
541549, 65920, 1, 0, 0
541649, 60160, 1, 0, 0
541749, 63360, 1, 0, 0
541849, 60800, 1, 0, 0
541949, 63360, 1, 0, 0
542050, 63360, 1, 0, 0
542150, 65280, 1, 0, 0
542249, 64646, 1, 0, 0
542349, 62080, 1, 0, 0
542449, 60160, 1, 0, 0
542549, 62720, 1, 0, 0
542649, 64000, 1, 0, 0
542749, 60800, 1, 0, 0
542849, 62080, 1, 0, 0
542949, 62080, 1, 0, 0
543049, 61440, 1, 0, 0
543149, 64000, 1, 0, 0
543250, 60160, 1, 0, 0
543350, 61440, 1, 0, 0
543450, 62720, 1, 0, 0
543550, 62720, 1, 0, 0
543650, 61440, 1, 0, 0
543749, 62060, 1, 0, 0
543849, 61440, 1, 0, 0
543949, 65280, 1, 0, 0
544049, 65280, 1, 0, 0
544149, 63360, 1, 0, 0
544249, 61440, 1, 0, 0
544349, 62720, 1, 0, 0
544449, 62720, 1, 0, 0
544550, 64000, 1, 0, 0
544650, 65280, 1, 0, 0
544749, 60121, 1, 0, 0
544849, 63360, 1, 0, 0
544949, 64640, 1, 0, 0
545049, 64000, 1, 0, 0
545149, 63360, 1, 0, 0
545249, 61440, 1, 0, 0
545349, 58880, 1, 0, 0
545449, 65280, 1, 0, 0
545549, 64000, 1, 0, 0
545649, 65280, 1, 0, 0
545750, 64000, 1, 0, 0
545850, 64000, 1, 0, 0
545950, 64640, 1, 0, 0
546050, 64640, 1, 0, 0
546150, 64640, 1, 0, 0
546249, 65292, 1, 0, 0
546349, 65920, 1, 0, 0
546449, 63360, 1, 0, 0
546549, 68480, 1, 0, 0
546649, 64000, 1, 0, 0
546749, 65920, 1, 0, 0
546849, 63360, 1, 0, 0
546949, 65920, 1, 0, 0
547050, 62720, 1, 0, 0
547150, 64000, 1, 0, 0
547249, 65292, 1, 0, 0
547349, 62080, 1, 0, 0
547449, 66560, 1, 0, 0
547549, 62720, 1, 0, 0
547649, 64640, 1, 0, 0
547749, 64640, 1, 0, 0
547849, 63360, 1, 0, 0
547949, 64000, 1, 0, 0
548049, 63360, 1, 0, 0
548149, 64000, 1, 0, 0
548250, 63360, 1, 0, 0
548350, 65280, 1, 0, 0
548450, 65280, 1, 0, 0
548550, 64000, 1, 0, 0
548650, 62080, 1, 0, 0
548749, 62707, 1, 0, 0
548849, 62080, 1, 0, 0
548949, 62720, 1, 0, 0
549049, 65280, 1, 0, 0
549149, 64640, 1, 0, 0
549249, 64640, 1, 0, 0
549349, 64640, 1, 0, 0
549449, 64000, 1, 0, 0
549549, 65280, 1, 0, 0
549650, 65280, 1, 0, 0
549749, 64646, 1, 0, 0
549849, 65280, 1, 0, 0
549949, 65920, 1, 0, 0
550049, 61440, 1, 0, 0
550149, 60160, 1, 0, 0
550249, 65920, 1, 0, 0
550349, 64000, 1, 0, 0
550449, 64640, 1, 0, 0
550549, 64000, 1, 0, 0
550649, 65920, 1, 0, 0
550749, 63360, 1, 0, 0
550849, 64000, 1, 0, 0
550950, 61440, 1, 0, 0
551050, 64000, 1, 0, 0
551150, 61440, 1, 0, 0
551249, 65292, 1, 0, 0
551349, 60800, 1, 0, 0
551449, 63360, 1, 0, 0
551549, 65280, 1, 0, 0
551649, 65920, 1, 0, 0
551749, 64640, 1, 0, 0
551849, 62080, 1, 0, 0
551949, 63360, 1, 0, 0
552049, 65920, 1, 0, 0
552150, 62720, 1, 0, 0
552249, 63353, 1, 0, 0
552349, 65280, 1, 0, 0
552449, 62720, 1, 0, 0
552549, 66560, 1, 0, 0
552649, 60160, 1, 0, 0
552749, 63360, 1, 0, 0
552849, 62720, 1, 0, 0
552949, 63360, 1, 0, 0
553049, 64640, 1, 0, 0
553149, 63360, 1, 0, 0
553249, 62080, 1, 0, 0
553349, 64000, 1, 0, 0
553449, 64000, 1, 0, 0
553550, 62720, 1, 0, 0
553650, 63360, 1, 0, 0
553749, 62707, 1, 0, 0
553849, 58880, 1, 0, 0
553949, 63360, 1, 0, 0
554049, 64000, 1, 0, 0
554149, 62080, 1, 0, 0
554249, 64640, 1, 0, 0
554349, 60160, 1, 0, 0
554449, 63360, 1, 0, 0
554549, 64000, 1, 0, 0
554649, 64000, 1, 0, 0
554750, 63360, 1, 0, 0
554850, 63360, 1, 0, 0
554950, 60800, 1, 0, 0
555050, 64000, 1, 0, 0
555150, 64640, 1, 0, 0
555249, 65939, 1, 0, 0
555349, 63360, 1, 0, 0
555449, 64000, 1, 0, 0
555549, 63360, 1, 0, 0
555649, 61440, 1, 0, 0
555749, 64000, 1, 0, 0
555849, 62720, 1, 0, 0
555949, 65280, 1, 0, 0
556050, 61440, 1, 0, 0
556150, 64640, 1, 0, 0
556249, 64000, 1, 0, 0
556349, 61440, 1, 0, 0
556449, 62720, 1, 0, 0
556549, 63360, 1, 0, 0
556649, 64000, 1, 0, 0
556749, 64640, 1, 0, 0
556849, 63360, 1, 0, 0
556949, 62720, 1, 0, 0
557049, 62080, 1, 0, 0
557149, 66560, 1, 0, 0
557250, 59520, 1, 0, 0
557350, 62720, 1, 0, 0
557450, 58880, 1, 0, 0
557550, 61440, 1, 0, 0
557650, 62720, 1, 0, 0
557749, 64646, 1, 0, 0
557849, 64640, 1, 0, 0
557949, 66560, 1, 0, 0
558049, 62720, 1, 0, 0
558149, 60800, 1, 0, 0
558249, 62720, 1, 0, 0
558349, 65280, 1, 0, 0
558449, 61440, 1, 0, 0
558550, 62720, 1, 0, 0
558650, 61440, 1, 0, 0
558749, 63353, 1, 0, 0
558849, 63360, 1, 0, 0
558949, 63360, 1, 0, 0
559049, 63360, 1, 0, 0
559149, 64640, 1, 0, 0
559249, 62720, 1, 0, 0
559349, 62720, 1, 0, 0
559449, 64000, 1, 0, 0
559549, 62080, 1, 0, 0
559649, 60800, 1, 0, 0
559750, 63360, 1, 0, 0
559850, 63360, 1, 0, 0
559950, 63360, 1, 0, 0
560050, 60800, 1, 0, 0
560150, 64640, 1, 0, 0
560249, 64000, 1, 0, 0
560349, 62080, 1, 0, 0
560449, 65920, 1, 0, 0
560549, 64000, 1, 0, 0
560649, 64000, 1, 0, 0
560749, 63360, 1, 0, 0
560849, 61440, 1, 0, 0
560949, 61440, 1, 0, 0
561050, 64000, 1, 0, 0
561150, 62720, 1, 0, 0
561249, 64000, 1, 0, 0
561349, 62080, 1, 0, 0
561449, 62080, 1, 0, 0
561549, 61440, 1, 0, 0
561649, 62080, 1, 0, 0
561749, 62080, 1, 0, 0
561849, 64000, 1, 0, 0
561949, 61440, 1, 0, 0
562049, 61440, 1, 0, 0
562149, 61440, 1, 0, 0
562249, 59520, 1, 0, 0
562350, 61440, 1, 0, 0
562450, 62080, 1, 0, 0
562550, 64000, 1, 0, 0
562650, 63360, 1, 0, 0
562749, 62060, 1, 0, 0
562849, 63360, 1, 0, 0
562949, 62720, 1, 0, 0
563049, 62080, 1, 0, 0
563149, 60800, 1, 0, 0
563249, 62720, 1, 0, 0
563349, 61440, 1, 0, 0
563449, 62720, 1, 0, 0
563550, 64000, 1, 0, 0
563650, 62720, 1, 0, 0
563749, 63353, 1, 0, 0
563849, 60800, 1, 0, 0
563949, 60160, 1, 0, 0
564049, 61440, 1, 0, 0
564149, 60160, 1, 0, 0
564249, 62720, 1, 0, 0
564349, 62080, 1, 0, 0
564449, 62080, 1, 0, 0
564549, 62080, 1, 0, 0
564649, 59520, 1, 0, 0
564750, 61440, 1, 0, 0
564850, 62080, 1, 0, 0
564950, 61440, 1, 0, 0
565050, 61440, 1, 0, 0
565150, 63360, 1, 0, 0
565249, 59474, 1, 0, 0
565349, 62720, 1, 0, 0
565449, 62080, 1, 0, 0
565549, 62720, 1, 0, 0
565649, 58880, 1, 0, 0
565749, 62080, 1, 0, 0
565849, 58880, 1, 0, 0
565949, 60160, 1, 0, 0
566050, 61440, 1, 0, 0
566150, 65280, 1, 0, 0
566249, 60767, 1, 0, 0
566349, 61440, 1, 0, 0
566449, 61440, 1, 0, 0
566549, 62720, 1, 0, 0
566649, 63360, 1, 0, 0
566749, 62720, 1, 0, 0
566849, 63360, 1, 0, 0
566949, 61440, 1, 0, 0
567049, 65920, 1, 0, 0
567149, 62720, 1, 0, 0
567250, 64000, 1, 0, 0
567350, 62080, 1, 0, 0
567450, 60800, 1, 0, 0
567550, 64000, 1, 0, 0
567650, 62080, 1, 0, 0
567749, 62060, 1, 0, 0
567849, 64000, 1, 0, 0
567949, 63360, 1, 0, 0
568049, 63360, 1, 0, 0
568149, 63360, 1, 0, 0
568249, 60800, 1, 0, 0
568349, 62080, 1, 0, 0
568449, 60800, 1, 0, 0
568550, 60800, 1, 0, 0
568650, 64640, 1, 0, 0
568749, 61414, 1, 0, 0
568849, 62080, 1, 0, 0
568949, 62720, 1, 0, 0
569049, 63360, 1, 0, 0
569149, 62720, 1, 0, 0
569249, 64000, 1, 0, 0
569349, 63360, 1, 0, 0
569449, 62720, 1, 0, 0
569549, 62720, 1, 0, 0
569649, 61440, 1, 0, 0
569750, 61440, 1, 0, 0
569850, 62720, 1, 0, 0
569950, 62720, 1, 0, 0
570050, 61440, 1, 0, 0
570150, 60160, 1, 0, 0
570249, 60121, 1, 0, 0
570349, 62080, 1, 0, 0
570449, 60800, 1, 0, 0
570549, 61440, 1, 0, 0
570649, 60160, 1, 0, 0
570749, 60160, 1, 0, 0
570849, 60800, 1, 0, 0
570949, 57600, 1, 0, 0
571050, 61440, 1, 0, 0
571150, 63360, 1, 0, 0
571249, 65939, 1, 0, 0
571349, 62720, 1, 0, 0
571449, 62080, 1, 0, 0
571549, 60800, 1, 0, 0
571649, 64000, 1, 0, 0
571749, 62080, 1, 0, 0
571849, 59520, 1, 0, 0
571949, 61440, 1, 0, 0
572049, 58880, 1, 0, 0
572149, 58880, 1, 0, 0
572250, 62720, 1, 0, 0
572350, 60160, 1, 0, 0
572450, 63360, 1, 0, 0
572550, 62720, 1, 0, 0
572650, 60800, 1, 0, 0
572749, 60767, 1, 0, 0
572849, 62720, 1, 0, 0
572949, 63360, 1, 0, 0
573049, 64640, 1, 0, 0
573149, 65920, 1, 0, 0
573249, 63360, 1, 0, 0
573349, 64640, 1, 0, 0
573449, 64640, 1, 0, 0
573550, 62080, 1, 0, 0
573650, 62080, 1, 0, 0
573749, 66585, 1, 0, 0
573849, 62720, 1, 0, 0
573949, 65280, 1, 0, 0
574049, 63360, 1, 0, 0
574149, 63360, 1, 0, 0
574249, 63360, 1, 0, 0
574349, 61440, 1, 0, 0
574449, 62720, 1, 0, 0
574549, 64000, 1, 0, 0
574649, 62720, 1, 0, 0
574750, 64000, 1, 0, 0
574850, 61440, 1, 0, 0
574950, 61440, 1, 0, 0
575050, 62080, 1, 0, 0
575150, 64640, 1, 0, 0
575249, 64000, 1, 0, 0
575349, 64000, 1, 0, 0
575449, 63360, 1, 0, 0
575549, 62720, 1, 0, 0
575649, 62720, 1, 0, 0
575749, 61440, 1, 0, 0
575849, 64000, 1, 0, 0
575949, 64640, 1, 0, 0
576050, 65920, 1, 0, 0
576150, 64640, 1, 0, 0
576249, 62060, 1, 0, 0
576349, 60800, 1, 0, 0
576449, 61440, 1, 0, 0
576549, 63360, 1, 0, 0
576649, 64000, 1, 0, 0
576749, 63360, 1, 0, 0
576849, 62080, 1, 0, 0
576949, 60160, 1, 0, 0
577049, 65920, 1, 0, 0
577149, 63360, 1, 0, 0
577249, 62080, 1, 0, 0
577350, 62080, 1, 0, 0
577450, 61440, 1, 0, 0
577550, 63360, 1, 0, 0
577650, 64640, 1, 0, 0
577749, 65292, 1, 0, 0
577849, 64640, 1, 0, 0
577949, 64640, 1, 0, 0
578049, 65280, 1, 0, 0
578149, 65280, 1, 0, 0
578249, 64640, 1, 0, 0
578349, 63360, 1, 0, 0
578449, 65920, 1, 0, 0
578549, 65920, 1, 0, 0
578649, 64000, 1, 0, 0
578749, 62060, 1, 0, 0
578849, 62080, 1, 0, 0
578949, 60800, 1, 0, 0
579049, 63360, 1, 0, 0
579149, 64000, 1, 0, 0
579249, 65920, 1, 0, 0
579349, 63360, 1, 0, 0
579449, 61440, 1, 0, 0
579549, 62720, 1, 0, 0
579649, 63360, 1, 0, 0
579749, 64640, 1, 0, 0
579849, 64640, 1, 0, 0
579949, 62720, 1, 0, 0
580050, 62720, 1, 0, 0
580150, 64000, 1, 0, 0
580249, 65292, 1, 0, 0
580349, 65280, 1, 0, 0
580449, 65920, 1, 0, 0
580549, 60800, 1, 0, 0
580649, 65280, 1, 0, 0
580749, 64000, 1, 0, 0
580849, 64640, 1, 0, 0
580949, 63360, 1, 0, 0
581049, 65920, 1, 0, 0
581149, 65280, 1, 0, 0
581249, 64000, 1, 0, 0
581349, 65280, 1, 0, 0
581449, 62080, 1, 0, 0
581549, 63360, 1, 0, 0
581649, 62080, 1, 0, 0
581749, 64000, 1, 0, 0
581849, 65920, 1, 0, 0
581949, 62720, 1, 0, 0
582049, 62080, 1, 0, 0
582149, 63360, 1, 0, 0
582250, 63360, 1, 0, 0
582350, 62080, 1, 0, 0
582450, 64000, 1, 0, 0
582550, 64000, 1, 0, 0
582650, 65920, 1, 0, 0
582749, 63353, 1, 0, 0
582849, 64640, 1, 0, 0
582949, 63360, 1, 0, 0
583049, 62720, 1, 0, 0
583149, 62080, 1, 0, 0
583249, 64640, 1, 0, 0
583349, 64640, 1, 0, 0
583449, 64000, 1, 0, 0
583550, 62720, 1, 0, 0
583650, 64000, 1, 0, 0
583749, 64646, 1, 0, 0
583849, 64000, 1, 0, 0
583949, 62720, 1, 0, 0
584049, 64000, 1, 0, 0
584149, 64640, 1, 0, 0
584249, 67200, 1, 0, 0
584349, 61440, 1, 0, 0
584449, 60800, 1, 0, 0
584549, 65280, 1, 0, 0
584649, 63360, 1, 0, 0
584750, 65280, 1, 0, 0
584850, 64640, 1, 0, 0
584950, 63360, 1, 0, 0
585050, 62080, 1, 0, 0
585150, 60160, 1, 0, 0
585249, 66585, 1, 0, 0
585349, 64000, 1, 0, 0
585449, 62080, 1, 0, 0
585549, 63360, 1, 0, 0
585649, 64640, 1, 0, 0
585749, 64000, 1, 0, 0
585849, 62720, 1, 0, 0
585949, 64640, 1, 0, 0
586050, 65280, 1, 0, 0
586150, 65920, 1, 0, 0
586249, 65939, 1, 0, 0
586349, 64640, 1, 0, 0
586449, 65920, 1, 0, 0
586549, 64000, 1, 0, 0
586649, 64640, 1, 0, 0
586749, 65280, 1, 0, 0
586849, 67200, 1, 0, 0
586949, 62720, 1, 0, 0
587050, 64640, 1, 0, 0
587150, 64640, 1, 0, 0
587249, 64000, 1, 0, 0
587349, 64640, 1, 0, 0
587449, 65920, 1, 0, 0
587549, 62720, 1, 0, 0
587649, 64000, 1, 0, 0
587749, 59520, 1, 0, 0
587849, 62080, 1, 0, 0
587949, 61440, 1, 0, 0
588049, 62720, 1, 0, 0
588149, 60800, 1, 0, 0
588249, 62720, 1, 0, 0
588350, 61440, 1, 0, 0
588450, 64640, 1, 0, 0
588550, 63360, 1, 0, 0
588650, 62080, 1, 0, 0
588749, 62707, 1, 0, 0
588849, 63360, 1, 0, 0
588949, 64000, 1, 0, 0
589049, 61440, 1, 0, 0
589149, 60800, 1, 0, 0
589249, 63360, 1, 0, 0
589349, 61440, 1, 0, 0
589449, 63360, 1, 0, 0
589550, 61440, 1, 0, 0
589650, 62720, 1, 0, 0
589749, 65292, 1, 0, 0
589849, 64000, 1, 0, 0
589949, 63360, 1, 0, 0
590049, 61440, 1, 0, 0
590149, 64000, 1, 0, 0
590249, 64000, 1, 0, 0
590349, 62080, 1, 0, 0
590449, 61440, 1, 0, 0
590549, 63360, 1, 0, 0
590649, 63360, 1, 0, 0
590750, 61440, 1, 0, 0
590850, 62080, 1, 0, 0
590950, 63360, 1, 0, 0
591050, 64000, 1, 0, 0
591150, 62080, 1, 0, 0
591249, 61414, 1, 0, 0
591349, 63360, 1, 0, 0
591449, 66560, 1, 0, 0
591549, 65920, 1, 0, 0
591649, 62080, 1, 0, 0
591749, 65280, 1, 0, 0
591849, 62720, 1, 0, 0
591949, 61440, 1, 0, 0
592050, 62080, 1, 0, 0
592150, 61440, 1, 0, 0
592249, 63353, 1, 0, 0
592349, 58880, 1, 0, 0
592449, 61440, 1, 0, 0
592549, 61440, 1, 0, 0
592649, 62080, 1, 0, 0
592749, 62720, 1, 0, 0
592849, 64000, 1, 0, 0
592949, 63360, 1, 0, 0
593049, 62720, 1, 0, 0
593149, 60800, 1, 0, 0
593250, 63360, 1, 0, 0
593350, 61440, 1, 0, 0
593450, 62720, 1, 0, 0
593550, 66560, 1, 0, 0
593650, 63360, 1, 0, 0
593749, 62060, 1, 0, 0
593849, 61440, 1, 0, 0
593949, 60800, 1, 0, 0
594049, 65920, 1, 0, 0
594149, 61440, 1, 0, 0
594249, 61440, 1, 0, 0
594349, 61440, 1, 0, 0
594449, 62720, 1, 0, 0
594550, 61440, 1, 0, 0
594650, 62720, 1, 0, 0
594749, 62060, 1, 0, 0
594849, 58240, 1, 0, 0
594949, 60160, 1, 0, 0
595049, 62080, 1, 0, 0
595149, 60800, 1, 0, 0
595249, 62720, 1, 0, 0
595349, 62720, 1, 0, 0
595449, 62720, 1, 0, 0
595549, 60800, 1, 0, 0
595649, 62720, 1, 0, 0
595749, 60160, 1, 0, 0
595850, 59520, 1, 0, 0
595950, 61440, 1, 0, 0
596050, 62080, 1, 0, 0
596150, 62720, 1, 0, 0
596249, 62060, 1, 0, 0
596349, 63360, 1, 0, 0
596449, 58240, 1, 0, 0
596549, 60160, 1, 0, 0
596649, 63360, 1, 0, 0
596749, 64000, 1, 0, 0
596849, 62720, 1, 0, 0
596949, 64640, 1, 0, 0
597050, 65920, 1, 0, 0
597150, 65280, 1, 0, 0
597249, 62060, 1, 0, 0
597349, 64000, 1, 0, 0
597449, 61440, 1, 0, 0
597549, 65920, 1, 0, 0
597649, 64000, 1, 0, 0
597749, 62720, 1, 0, 0
597849, 62080, 1, 0, 0
597949, 60160, 1, 0, 0
598049, 65920, 1, 0, 0
598149, 62080, 1, 0, 0
598250, 62080, 1, 0, 0
598350, 60800, 1, 0, 0
598450, 62080, 1, 0, 0
598550, 64000, 1, 0, 0
598650, 64000, 1, 0, 0
598749, 64646, 1, 0, 0
598849, 60800, 1, 0, 0
598949, 60800, 1, 0, 0
599049, 64000, 1, 0, 0
599149, 62720, 1, 0, 0
599249, 62720, 1, 0, 0
599349, 60800, 1, 0, 0
599450, 64000, 1, 0, 0
599550, 62080, 1, 0, 0
599650, 60800, 1, 0, 0
599749, 64000, 1, 0, 0
599849, 64000, 1, 0, 0
599949, 64000, 1, 0, 0
