250, 764, 1, 0, 0
350, 790, 1, 0, 0
450, 830, 1, 0, 0
550, 770, 1, 0, 0
650, 820, 1, 0, 0
749, 767, 1, 0, 0
849, 780, 1, 0, 0
949, 770, 1, 0, 0
1049, 760, 1, 0, 0
1149, 790, 1, 0, 0
1249, 730, 1, 0, 0
1349, 810, 1, 0, 0
1449, 780, 1, 0, 0
1550, 790, 1, 0, 0
1650, 750, 1, 0, 0
1749, 777, 1, 0, 0
1849, 850, 1, 0, 0
1949, 820, 1, 0, 0
2049, 810, 1, 0, 0
2149, 780, 1, 0, 0
2249, 820, 1, 0, 0
2349, 840, 1, 0, 0
2449, 800, 1, 0, 0
2549, 830, 1, 0, 0
2649, 790, 1, 0, 0
2749, 800, 1, 0, 0
2849, 810, 1, 0, 0
2949, 800, 1, 0, 0
3050, 790, 1, 0, 0
3150, 780, 1, 0, 0
3249, 808, 1, 0, 0
3349, 810, 1, 0, 0
3449, 840, 1, 0, 0
3549, 790, 1, 0, 0
3649, 810, 1, 0, 0
3749, 810, 1, 0, 0
3849, 810, 1, 0, 0
3949, 790, 1, 0, 0
4049, 780, 1, 0, 0
4149, 850, 1, 0, 0
4250, 790, 1, 0, 0
4350, 810, 1, 0, 0
4450, 850, 1, 0, 0
4550, 800, 1, 0, 0
4650, 750, 1, 0, 0
4749, 777, 1, 0, 0
4849, 810, 1, 0, 0
4949, 810, 1, 0, 0
5049, 770, 1, 0, 0
5149, 780, 1, 0, 0
5249, 790, 1, 0, 0
5349, 770, 1, 0, 0
5449, 780, 1, 0, 0
5549, 810, 1, 0, 0
5649, 830, 1, 0, 0
5750, 810, 1, 0, 0
5850, 810, 1, 0, 0
5950, 840, 1, 0, 0
6050, 780, 1, 0, 0
6150, 780, 1, 0, 0
6249, 818, 1, 0, 0
6349, 810, 1, 0, 0
6449, 780, 1, 0, 0
6549, 810, 1, 0, 0
6649, 790, 1, 0, 0
6749, 780, 1, 0, 0
6849, 840, 1, 0, 0
6949, 820, 1, 0, 0
7050, 790, 1, 0, 0
7150, 800, 1, 0, 0
7249, 797, 1, 0, 0
7349, 800, 1, 0, 0
7449, 800, 1, 0, 0
7549, 800, 1, 0, 0
7649, 800, 1, 0, 0
7749, 810, 1, 0, 0
7849, 830, 1, 0, 0
7949, 760, 1, 0, 0
8049, 760, 1, 0, 0
8149, 820, 1, 0, 0
8249, 770, 1, 0, 0
8349, 760, 1, 0, 0
8449, 790, 1, 0, 0
8550, 800, 1, 0, 0
8650, 860, 1, 0, 0
8749, 818, 1, 0, 0
8849, 830, 1, 0, 0
8949, 780, 1, 0, 0
9049, 750, 1, 0, 0
9149, 770, 1, 0, 0
9249, 830, 1, 0, 0
9349, 780, 1, 0, 0
9449, 830, 1, 0, 0
9549, 810, 1, 0, 0
9649, 850, 1, 0, 0
9749, 800, 1, 0, 0
9849, 830, 1, 0, 0
9949, 820, 1, 0, 0
10050, 840, 1, 0, 0
10150, 810, 1, 0, 0
10249, 777, 1, 0, 0
10349, 840, 1, 0, 0
10449, 780, 1, 0, 0
10549, 810, 1, 0, 0
10649, 780, 1, 0, 0
10749, 800, 1, 0, 0
10849, 820, 1, 0, 0
10949, 810, 1, 0, 0
11049, 830, 1, 0, 0
11149, 840, 1, 0, 0
11249, 800, 1, 0, 0
11349, 890, 1, 0, 0
11449, 830, 1, 0, 0
11550, 860, 1, 0, 0
11650, 820, 1, 0, 0
11749, 868, 1, 0, 0
11849, 770, 1, 0, 0
11949, 810, 1, 0, 0
12049, 820, 1, 0, 0
12149, 900, 1, 0, 0
12249, 850, 1, 0, 0
12349, 810, 1, 0, 0
12449, 810, 1, 0, 0
12549, 800, 1, 0, 0
12649, 810, 1, 0, 0
12749, 830, 1, 0, 0
12849, 800, 1, 0, 0
12949, 850, 1, 0, 0
13050, 790, 1, 0, 0
13150, 820, 1, 0, 0
13249, 868, 1, 0, 0
13349, 840, 1, 0, 0
13449, 820, 1, 0, 0
13549, 830, 1, 0, 0
13649, 840, 1, 0, 0
13749, 840, 1, 0, 0
13849, 840, 1, 0, 0
13949, 820, 1, 0, 0
14049, 870, 1, 0, 0
14149, 840, 1, 0, 0
14249, 820, 1, 0, 0
14350, 820, 1, 0, 0
14450, 840, 1, 0, 0
14550, 840, 1, 0, 0
14650, 860, 1, 0, 0
14749, 858, 1, 0, 0
14849, 880, 1, 0, 0
14949, 830, 1, 0, 0
15049, 850, 1, 0, 0
15149, 840, 1, 0, 0
15249, 860, 1, 0, 0
15349, 890, 1, 0, 0
15449, 850, 1, 0, 0
15549, 890, 1, 0, 0
15650, 840, 1, 0, 0
15749, 878, 1, 0, 0
15849, 890, 1, 0, 0
15949, 880, 1, 0, 0
16049, 840, 1, 0, 0
16149, 860, 1, 0, 0
16249, 890, 1, 0, 0
16349, 830, 1, 0, 0
16449, 860, 1, 0, 0
16549, 810, 1, 0, 0
16649, 840, 1, 0, 0
16749, 850, 1, 0, 0
16849, 850, 1, 0, 0
16949, 880, 1, 0, 0
17050, 840, 1, 0, 0
17150, 840, 1, 0, 0
17249, 898, 1, 0, 0
17349, 910, 1, 0, 0
17449, 910, 1, 0, 0
17549, 850, 1, 0, 0
17649, 820, 1, 0, 0
17749, 880, 1, 0, 0
17849, 870, 1, 0, 0
17949, 890, 1, 0, 0
18049, 880, 1, 0, 0
18149, 900, 1, 0, 0
18249, 890, 1, 0, 0
18349, 840, 1, 0, 0
18450, 860, 1, 0, 0
18550, 860, 1, 0, 0
18650, 870, 1, 0, 0
18749, 838, 1, 0, 0
18849, 860, 1, 0, 0
18949, 810, 1, 0, 0
19049, 830, 1, 0, 0
19149, 850, 1, 0, 0
19249, 840, 1, 0, 0
19349, 860, 1, 0, 0
19449, 840, 1, 0, 0
19549, 840, 1, 0, 0
19649, 860, 1, 0, 0
19749, 820, 1, 0, 0
19849, 880, 1, 0, 0
19950, 870, 1, 0, 0
20050, 840, 1, 0, 0
20150, 870, 1, 0, 0
20249, 878, 1, 0, 0
20349, 900, 1, 0, 0
20449, 870, 1, 0, 0
20549, 850, 1, 0, 0
20649, 860, 1, 0, 0
20749, 810, 1, 0, 0
20849, 870, 1, 0, 0
20949, 820, 1, 0, 0
21049, 890, 1, 0, 0
21149, 860, 1, 0, 0
21249, 870, 1, 0, 0
21349, 910, 1, 0, 0
21449, 850, 1, 0, 0
21550, 850, 1, 0, 0
21650, 850, 1, 0, 0
21749, 808, 1, 0, 0
21849, 830, 1, 0, 0
21949, 870, 1, 0, 0
22049, 790, 1, 0, 0
22149, 840, 1, 0, 0
22249, 870, 1, 0, 0
22349, 860, 1, 0, 0
22449, 800, 1, 0, 0
22549, 870, 1, 0, 0
22649, 820, 1, 0, 0
22749, 860, 1, 0, 0
22849, 830, 1, 0, 0
22949, 880, 1, 0, 0
23050, 820, 1, 0, 0
23150, 860, 1, 0, 0
23249, 818, 1, 0, 0
23349, 780, 1, 0, 0
23449, 860, 1, 0, 0
23549, 860, 1, 0, 0
23649, 820, 1, 0, 0
23749, 860, 1, 0, 0
23849, 870, 1, 0, 0
23949, 900, 1, 0, 0
24049, 880, 1, 0, 0
24149, 900, 1, 0, 0
24250, 880, 1, 0, 0
24350, 880, 1, 0, 0
24450, 840, 1, 0, 0
24550, 830, 1, 0, 0
24650, 840, 1, 0, 0
24749, 868, 1, 0, 0
24849, 860, 1, 0, 0
24949, 870, 1, 0, 0
25049, 830, 1, 0, 0
25149, 830, 1, 0, 0
25249, 860, 1, 0, 0
25349, 870, 1, 0, 0
25449, 900, 1, 0, 0
25549, 870, 1, 0, 0
25649, 830, 1, 0, 0
25750, 850, 1, 0, 0
25850, 860, 1, 0, 0
25950, 870, 1, 0, 0
26050, 840, 1, 0, 0
26150, 850, 1, 0, 0
26249, 828, 1, 0, 0
26349, 880, 1, 0, 0
26449, 870, 1, 0, 0
26549, 870, 1, 0, 0
26649, 870, 1, 0, 0
26749, 800, 1, 0, 0
26849, 860, 1, 0, 0
26949, 860, 1, 0, 0
27049, 790, 1, 0, 0
27150, 920, 1, 0, 0
27249, 868, 1, 0, 0
27349, 910, 1, 0, 0
27449, 870, 1, 0, 0
27549, 910, 1, 0, 0
27649, 870, 1, 0, 0
27749, 870, 1, 0, 0
27849, 860, 1, 0, 0
27949, 890, 1, 0, 0
28049, 870, 1, 0, 0
28149, 810, 1, 0, 0
28249, 850, 1, 0, 0
28349, 880, 1, 0, 0
28449, 830, 1, 0, 0
28550, 850, 1, 0, 0
28650, 880, 1, 0, 0
28749, 868, 1, 0, 0
28849, 870, 1, 0, 0
28949, 820, 1, 0, 0
29049, 950, 1, 0, 0
29149, 890, 1, 0, 0
29249, 890, 1, 0, 0
29349, 890, 1, 0, 0
29449, 890, 1, 0, 0
29549, 860, 1, 0, 0
29649, 850, 1, 0, 0
29749, 910, 1, 0, 0
29849, 880, 1, 0, 0
29950, 900, 1, 0, 0
30050, 870, 1, 0, 0
30150, 820, 1, 0, 0
30249, 888, 1, 0, 0
30349, 920, 1, 0, 0
30449, 900, 1, 0, 0
30549, 850, 1, 0, 0
30649, 910, 1, 0, 0
30749, 910, 1, 0, 0
30849, 870, 1, 0, 0
30949, 870, 1, 0, 0
31049, 900, 1, 0, 0
31149, 920, 1, 0, 0
31249, 850, 1, 0, 0
31349, 860, 1, 0, 0
31449, 860, 1, 0, 0
31550, 890, 1, 0, 0
31650, 860, 1, 0, 0
31749, 898, 1, 0, 0
31849, 900, 1, 0, 0
31949, 910, 1, 0, 0
32049, 890, 1, 0, 0
32149, 900, 1, 0, 0
32249, 900, 1, 0, 0
32349, 890, 1, 0, 0
32449, 880, 1, 0, 0
32549, 880, 1, 0, 0
32649, 930, 1, 0, 0
32749, 880, 1, 0, 0
32849, 890, 1, 0, 0
32949, 900, 1, 0, 0
33050, 930, 1, 0, 0
33150, 910, 1, 0, 0
33249, 888, 1, 0, 0
33349, 890, 1, 0, 0
33449, 930, 1, 0, 0
33549, 900, 1, 0, 0
33649, 860, 1, 0, 0
33749, 870, 1, 0, 0
33849, 860, 1, 0, 0
33949, 910, 1, 0, 0
34049, 920, 1, 0, 0
34149, 940, 1, 0, 0
34249, 920, 1, 0, 0
34350, 940, 1, 0, 0
34450, 920, 1, 0, 0
34550, 910, 1, 0, 0
34650, 900, 1, 0, 0
34749, 898, 1, 0, 0
34849, 910, 1, 0, 0
34949, 920, 1, 0, 0
35049, 930, 1, 0, 0
35149, 850, 1, 0, 0
35249, 870, 1, 0, 0
35349, 870, 1, 0, 0
35449, 870, 1, 0, 0
35549, 930, 1, 0, 0
35649, 920, 1, 0, 0
35749, 900, 1, 0, 0
35850, 880, 1, 0, 0
35950, 880, 1, 0, 0
36050, 910, 1, 0, 0
36150, 880, 1, 0, 0
36249, 888, 1, 0, 0
36349, 920, 1, 0, 0
36449, 910, 1, 0, 0
36549, 920, 1, 0, 0
36649, 900, 1, 0, 0
36749, 940, 1, 0, 0
36849, 890, 1, 0, 0
36949, 900, 1, 0, 0
37049, 890, 1, 0, 0
37150, 870, 1, 0, 0
37249, 878, 1, 0, 0
37349, 870, 1, 0, 0
37449, 950, 1, 0, 0
37549, 910, 1, 0, 0
37649, 820, 1, 0, 0
37749, 930, 1, 0, 0
37849, 850, 1, 0, 0
37949, 890, 1, 0, 0
38049, 910, 1, 0, 0
38149, 910, 1, 0, 0
38249, 820, 1, 0, 0
38349, 870, 1, 0, 0
38449, 900, 1, 0, 0
38550, 890, 1, 0, 0
38650, 900, 1, 0, 0
38749, 868, 1, 0, 0
38849, 890, 1, 0, 0
38949, 840, 1, 0, 0
39049, 880, 1, 0, 0
39149, 890, 1, 0, 0
39249, 900, 1, 0, 0
39349, 860, 1, 0, 0
39449, 910, 1, 0, 0
39549, 880, 1, 0, 0
39649, 840, 1, 0, 0
39749, 840, 1, 0, 0
39849, 890, 1, 0, 0
39949, 860, 1, 0, 0
40050, 920, 1, 0, 0
40150, 890, 1, 0, 0
40249, 888, 1, 0, 0
40349, 890, 1, 0, 0
40449, 930, 1, 0, 0
40549, 920, 1, 0, 0
40649, 860, 1, 0, 0
40749, 870, 1, 0, 0
40849, 890, 1, 0, 0
40949, 900, 1, 0, 0
41049, 920, 1, 0, 0
41149, 940, 1, 0, 0
41249, 930, 1, 0, 0
41349, 870, 1, 0, 0
41449, 910, 1, 0, 0
41550, 920, 1, 0, 0
41650, 910, 1, 0, 0
41749, 949, 1, 0, 0
41849, 880, 1, 0, 0
41949, 940, 1, 0, 0
42049, 880, 1, 0, 0
42149, 920, 1, 0, 0
42249, 860, 1, 0, 0
42349, 940, 1, 0, 0
42449, 900, 1, 0, 0
42549, 830, 1, 0, 0
42649, 880, 1, 0, 0
42749, 880, 1, 0, 0
42849, 910, 1, 0, 0
42950, 900, 1, 0, 0
43050, 890, 1, 0, 0
43150, 920, 1, 0, 0
43249, 898, 1, 0, 0
43349, 910, 1, 0, 0
43449, 880, 1, 0, 0
43549, 870, 1, 0, 0
43649, 900, 1, 0, 0
43749, 930, 1, 0, 0
43849, 890, 1, 0, 0
43949, 880, 1, 0, 0
44049, 870, 1, 0, 0
44149, 850, 1, 0, 0
44249, 860, 1, 0, 0
44350, 910, 1, 0, 0
44450, 910, 1, 0, 0
44550, 880, 1, 0, 0
44650, 900, 1, 0, 0
44749, 868, 1, 0, 0
44849, 870, 1, 0, 0
44949, 920, 1, 0, 0
45049, 870, 1, 0, 0
45149, 860, 1, 0, 0
45249, 880, 1, 0, 0
45349, 890, 1, 0, 0
45449, 880, 1, 0, 0
45549, 850, 1, 0, 0
45649, 900, 1, 0, 0
45749, 900, 1, 0, 0
45849, 880, 1, 0, 0
45949, 910, 1, 0, 0
46050, 900, 1, 0, 0
46150, 920, 1, 0, 0
46249, 898, 1, 0, 0
46349, 870, 1, 0, 0
46449, 900, 1, 0, 0
46549, 830, 1, 0, 0
46649, 800, 1, 0, 0
46749, 890, 1, 0, 0
46849, 830, 1, 0, 0
46949, 830, 1, 0, 0
47049, 910, 1, 0, 0
47149, 900, 1, 0, 0
47249, 870, 1, 0, 0
47349, 890, 1, 0, 0
47449, 920, 1, 0, 0
47550, 850, 1, 0, 0
47650, 850, 1, 0, 0
47749, 878, 1, 0, 0
47849, 870, 1, 0, 0
47949, 890, 1, 0, 0
48049, 940, 1, 0, 0
48149, 870, 1, 0, 0
48249, 910, 1, 0, 0
48349, 890, 1, 0, 0
48449, 860, 1, 0, 0
48549, 900, 1, 0, 0
48649, 900, 1, 0, 0
48749, 910, 1, 0, 0
48849, 910, 1, 0, 0
48949, 880, 1, 0, 0
49050, 940, 1, 0, 0
49150, 920, 1, 0, 0
49249, 888, 1, 0, 0
49349, 910, 1, 0, 0
49449, 890, 1, 0, 0
49549, 880, 1, 0, 0
49649, 910, 1, 0, 0
49749, 900, 1, 0, 0
49849, 930, 1, 0, 0
49949, 940, 1, 0, 0
50049, 950, 1, 0, 0
50149, 920, 1, 0, 0
50249, 890, 1, 0, 0
50349, 880, 1, 0, 0
50449, 940, 1, 0, 0
50550, 910, 1, 0, 0
50650, 880, 1, 0, 0
50749, 878, 1, 0, 0
50849, 860, 1, 0, 0
50949, 940, 1, 0, 0
51049, 910, 1, 0, 0
51149, 880, 1, 0, 0
51249, 910, 1, 0, 0
51349, 890, 1, 0, 0
51449, 960, 1, 0, 0
51549, 920, 1, 0, 0
51649, 920, 1, 0, 0
51749, 930, 1, 0, 0
51849, 920, 1, 0, 0
51949, 890, 1, 0, 0
52050, 920, 1, 0, 0
52150, 890, 1, 0, 0
52249, 939, 1, 0, 0
52349, 870, 1, 0, 0
52449, 900, 1, 0, 0
52549, 940, 1, 0, 0
52649, 920, 1, 0, 0
52749, 880, 1, 0, 0
52849, 930, 1, 0, 0
52949, 890, 1, 0, 0
53049, 900, 1, 0, 0
53149, 870, 1, 0, 0
53249, 920, 1, 0, 0
53349, 880, 1, 0, 0
53450, 930, 1, 0, 0
53550, 910, 1, 0, 0
53650, 930, 1, 0, 0
53749, 909, 1, 0, 0
53849, 940, 1, 0, 0
53949, 920, 1, 0, 0
54049, 830, 1, 0, 0
54149, 910, 1, 0, 0
54249, 880, 1, 0, 0
54349, 910, 1, 0, 0
54449, 940, 1, 0, 0
54549, 940, 1, 0, 0
54649, 910, 1, 0, 0
54749, 870, 1, 0, 0
54850, 930, 1, 0, 0
54950, 870, 1, 0, 0
55050, 940, 1, 0, 0
55150, 920, 1, 0, 0
55249, 888, 1, 0, 0
55349, 890, 1, 0, 0
55449, 880, 1, 0, 0
55549, 900, 1, 0, 0
55649, 860, 1, 0, 0
55749, 910, 1, 0, 0
55849, 910, 1, 0, 0
55949, 930, 1, 0, 0
56049, 900, 1, 0, 0
56149, 890, 1, 0, 0
56249, 920, 1, 0, 0
56350, 890, 1, 0, 0
56450, 950, 1, 0, 0
56550, 960, 1, 0, 0
56650, 900, 1, 0, 0
56749, 959, 1, 0, 0
56849, 900, 1, 0, 0
56949, 950, 1, 0, 0
57049, 890, 1, 0, 0
57149, 850, 1, 0, 0
57249, 920, 1, 0, 0
57349, 880, 1, 0, 0
57449, 890, 1, 0, 0
57549, 900, 1, 0, 0
57649, 900, 1, 0, 0
57750, 910, 1, 0, 0
57850, 880, 1, 0, 0
57950, 900, 1, 0, 0
58050, 910, 1, 0, 0
58150, 900, 1, 0, 0
58249, 898, 1, 0, 0
58349, 880, 1, 0, 0
58449, 880, 1, 0, 0
58549, 890, 1, 0, 0
58649, 890, 1, 0, 0
58749, 870, 1, 0, 0
58849, 860, 1, 0, 0
58949, 870, 1, 0, 0
59050, 870, 1, 0, 0
59150, 840, 1, 0, 0
59249, 898, 1, 0, 0
59349, 900, 1, 0, 0
59449, 880, 1, 0, 0
59549, 900, 1, 0, 0
59649, 860, 1, 0, 0
59749, 920, 1, 0, 0
59849, 890, 1, 0, 0
59949, 930, 1, 0, 0
60049, 970, 1, 0, 0
60149, 890, 1, 0, 0
60249, 870, 1, 0, 0
60350, 900, 1, 0, 0
60450, 910, 1, 0, 0
60550, 870, 1, 0, 0
60650, 870, 1, 0, 0
60749, 888, 1, 0, 0
60849, 950, 1, 0, 0
60949, 860, 1, 0, 0
61049, 880, 1, 0, 0
61149, 880, 1, 0, 0
61249, 880, 1, 0, 0
61349, 910, 1, 0, 0
61449, 890, 1, 0, 0
61549, 930, 1, 0, 0
61649, 900, 1, 0, 0
61749, 940, 1, 0, 0
61849, 830, 1, 0, 0
61950, 870, 1, 0, 0
62050, 900, 1, 0, 0
62150, 850, 1, 0, 0
62249, 848, 1, 0, 0
62349, 930, 1, 0, 0
62449, 920, 1, 0, 0
62549, 930, 1, 0, 0
62649, 880, 1, 0, 0
62749, 880, 1, 0, 0
62849, 900, 1, 0, 0
62949, 900, 1, 0, 0
63049, 920, 1, 0, 0
63149, 900, 1, 0, 0
63249, 890, 1, 0, 0
63349, 950, 1, 0, 0
63449, 910, 1, 0, 0
63550, 900, 1, 0, 0
63650, 930, 1, 0, 0
63749, 888, 1, 0, 0
63849, 880, 1, 0, 0
63949, 940, 1, 0, 0
64049, 920, 1, 0, 0
64149, 900, 1, 0, 0
64249, 930, 1, 0, 0
64349, 940, 1, 0, 0
64449, 880, 1, 0, 0
64549, 930, 1, 0, 0
64649, 900, 1, 0, 0
64749, 870, 1, 0, 0
64849, 880, 1, 0, 0
64949, 900, 1, 0, 0
65050, 890, 1, 0, 0
65150, 890, 1, 0, 0
65249, 878, 1, 0, 0
65349, 880, 1, 0, 0
65449, 900, 1, 0, 0
65549, 890, 1, 0, 0
65649, 860, 1, 0, 0
65749, 910, 1, 0, 0
65849, 880, 1, 0, 0
65949, 860, 1, 0, 0
66049, 910, 1, 0, 0
66149, 890, 1, 0, 0
66249, 920, 1, 0, 0
66350, 860, 1, 0, 0
66450, 900, 1, 0, 0
66550, 960, 1, 0, 0
66650, 890, 1, 0, 0
66749, 929, 1, 0, 0
66849, 910, 1, 0, 0
66949, 870, 1, 0, 0
67049, 870, 1, 0, 0
67149, 920, 1, 0, 0
67249, 890, 1, 0, 0
67349, 890, 1, 0, 0
67449, 850, 1, 0, 0
67549, 900, 1, 0, 0
67649, 880, 1, 0, 0
67750, 890, 1, 0, 0
67850, 900, 1, 0, 0
67950, 930, 1, 0, 0
68050, 940, 1, 0, 0
68150, 950, 1, 0, 0
68249, 868, 1, 0, 0
68349, 940, 1, 0, 0
68449, 920, 1, 0, 0
68549, 920, 1, 0, 0
68649, 880, 1, 0, 0
68749, 930, 1, 0, 0
68849, 920, 1, 0, 0
68949, 940, 1, 0, 0
69050, 970, 1, 0, 0
69150, 910, 1, 0, 0
69249, 929, 1, 0, 0
69349, 960, 1, 0, 0
69449, 880, 1, 0, 0
69549, 890, 1, 0, 0
69649, 950, 1, 0, 0
69749, 870, 1, 0, 0
69849, 970, 1, 0, 0
69949, 960, 1, 0, 0
70049, 910, 1, 0, 0
70149, 880, 1, 0, 0
70249, 970, 1, 0, 0
70349, 960, 1, 0, 0
70450, 890, 1, 0, 0
70550, 930, 1, 0, 0
70650, 960, 1, 0, 0
70749, 919, 1, 0, 0
70849, 920, 1, 0, 0
70949, 940, 1, 0, 0
71049, 940, 1, 0, 0
71149, 890, 1, 0, 0
71249, 970, 1, 0, 0
71349, 940, 1, 0, 0
71449, 940, 1, 0, 0
71549, 920, 1, 0, 0
71649, 940, 1, 0, 0
71749, 880, 1, 0, 0
71849, 930, 1, 0, 0
71950, 890, 1, 0, 0
72050, 890, 1, 0, 0
72150, 890, 1, 0, 0
72249, 919, 1, 0, 0
72349, 950, 1, 0, 0
72449, 960, 1, 0, 0
72549, 880, 1, 0, 0
72649, 930, 1, 0, 0
72749, 950, 1, 0, 0
72849, 910, 1, 0, 0
72949, 910, 1, 0, 0
73049, 940, 1, 0, 0
73149, 900, 1, 0, 0
73250, 910, 1, 0, 0
73350, 940, 1, 0, 0
73450, 900, 1, 0, 0
73550, 940, 1, 0, 0
73650, 930, 1, 0, 0
73749, 898, 1, 0, 0
73849, 970, 1, 0, 0
73949, 930, 1, 0, 0
74049, 930, 1, 0, 0
74149, 990, 1, 0, 0
74249, 960, 1, 0, 0
74349, 940, 1, 0, 0
74449, 940, 1, 0, 0
74549, 900, 1, 0, 0
74649, 1000, 1, 0, 0
74750, 930, 1, 0, 0
74850, 950, 1, 0, 0
74950, 940, 1, 0, 0
75050, 910, 1, 0, 0
75150, 940, 1, 0, 0
75249, 969, 1, 0, 0
75349, 980, 1, 0, 0
75449, 950, 1, 0, 0
75549, 950, 1, 0, 0
75649, 910, 1, 0, 0
75749, 930, 1, 0, 0
75849, 950, 1, 0, 0
75949, 920, 1, 0, 0
76049, 950, 1, 0, 0
76149, 980, 1, 0, 0
76250, 910, 1, 0, 0
76350, 980, 1, 0, 0
76450, 980, 1, 0, 0
76550, 870, 1, 0, 0
76650, 940, 1, 0, 0
76749, 898, 1, 0, 0
76849, 920, 1, 0, 0
76949, 920, 1, 0, 0
77049, 940, 1, 0, 0
77149, 940, 1, 0, 0
77249, 900, 1, 0, 0
77349, 930, 1, 0, 0
77449, 940, 1, 0, 0
77549, 940, 1, 0, 0
77649, 960, 1, 0, 0
77749, 950, 1, 0, 0
77849, 970, 1, 0, 0
77950, 870, 1, 0, 0
78050, 920, 1, 0, 0
78150, 890, 1, 0, 0
78249, 898, 1, 0, 0
78349, 920, 1, 0, 0
78449, 980, 1, 0, 0
78549, 900, 1, 0, 0
78649, 930, 1, 0, 0
78749, 950, 1, 0, 0
78849, 940, 1, 0, 0
78949, 960, 1, 0, 0
79049, 950, 1, 0, 0
79149, 950, 1, 0, 0
79249, 900, 1, 0, 0
79349, 920, 1, 0, 0
79449, 920, 1, 0, 0
79550, 930, 1, 0, 0
79650, 940, 1, 0, 0
79749, 939, 1, 0, 0
79849, 970, 1, 0, 0
79949, 910, 1, 0, 0
80049, 890, 1, 0, 0
80149, 930, 1, 0, 0
80249, 920, 1, 0, 0
80349, 870, 1, 0, 0
80449, 930, 1, 0, 0
80549, 890, 1, 0, 0
80649, 930, 1, 0, 0
80749, 880, 1, 0, 0
80850, 940, 1, 0, 0
80950, 950, 1, 0, 0
81050, 890, 1, 0, 0
81150, 900, 1, 0, 0
81249, 878, 1, 0, 0
81349, 920, 1, 0, 0
81449, 950, 1, 0, 0
81549, 910, 1, 0, 0
81649, 880, 1, 0, 0
81749, 960, 1, 0, 0
81849, 940, 1, 0, 0
81949, 950, 1, 0, 0
82049, 910, 1, 0, 0
82149, 880, 1, 0, 0
82250, 950, 1, 0, 0
82350, 980, 1, 0, 0
82450, 930, 1, 0, 0
82550, 890, 1, 0, 0
82650, 940, 1, 0, 0
82749, 969, 1, 0, 0
82849, 940, 1, 0, 0
82949, 890, 1, 0, 0
83049, 920, 1, 0, 0
83149, 930, 1, 0, 0
83249, 890, 1, 0, 0
83349, 930, 1, 0, 0
83449, 970, 1, 0, 0
83549, 910, 1, 0, 0
83649, 900, 1, 0, 0
83749, 940, 1, 0, 0
83850, 910, 1, 0, 0
83950, 940, 1, 0, 0
84050, 960, 1, 0, 0
84150, 900, 1, 0, 0
84249, 868, 1, 0, 0
84349, 900, 1, 0, 0
84449, 950, 1, 0, 0
84549, 910, 1, 0, 0
84649, 910, 1, 0, 0
84749, 880, 1, 0, 0
84849, 880, 1, 0, 0
84949, 920, 1, 0, 0
85049, 840, 1, 0, 0
85149, 900, 1, 0, 0
85250, 940, 1, 0, 0
85350, 970, 1, 0, 0
85450, 920, 1, 0, 0
85550, 950, 1, 0, 0
85650, 950, 1, 0, 0
85749, 949, 1, 0, 0
85849, 930, 1, 0, 0
85949, 930, 1, 0, 0
86049, 940, 1, 0, 0
86149, 910, 1, 0, 0
86249, 930, 1, 0, 0
86349, 980, 1, 0, 0
86449, 930, 1, 0, 0
86549, 990, 1, 0, 0
86650, 940, 1, 0, 0
86750, 940, 1, 0, 0
86850, 940, 1, 0, 0
86950, 940, 1, 0, 0
87050, 920, 1, 0, 0
87150, 900, 1, 0, 0
87249, 898, 1, 0, 0
87349, 930, 1, 0, 0
87449, 900, 1, 0, 0
87549, 950, 1, 0, 0
87649, 880, 1, 0, 0
87749, 900, 1, 0, 0
87849, 840, 1, 0, 0
87949, 910, 1, 0, 0
88050, 870, 1, 0, 0
88150, 940, 1, 0, 0
88249, 888, 1, 0, 0
88349, 920, 1, 0, 0
88449, 900, 1, 0, 0
88549, 920, 1, 0, 0
88649, 920, 1, 0, 0
88749, 910, 1, 0, 0
88849, 930, 1, 0, 0
88949, 900, 1, 0, 0
89049, 930, 1, 0, 0
89149, 970, 1, 0, 0
89249, 990, 1, 0, 0
89350, 980, 1, 0, 0
89450, 970, 1, 0, 0
89550, 950, 1, 0, 0
89650, 970, 1, 0, 0
89749, 919, 1, 0, 0
89849, 920, 1, 0, 0
89949, 930, 1, 0, 0
90049, 950, 1, 0, 0
90149, 940, 1, 0, 0
90249, 920, 1, 0, 0
90349, 890, 1, 0, 0
90449, 920, 1, 0, 0
90549, 920, 1, 0, 0
90649, 890, 1, 0, 0
90750, 940, 1, 0, 0
90850, 970, 1, 0, 0
90950, 980, 1, 0, 0
91050, 940, 1, 0, 0
91150, 930, 1, 0, 0
91249, 888, 1, 0, 0
91349, 920, 1, 0, 0
91449, 930, 1, 0, 0
91549, 930, 1, 0, 0
91649, 930, 1, 0, 0
91749, 930, 1, 0, 0
91849, 950, 1, 0, 0
91949, 950, 1, 0, 0
92049, 940, 1, 0, 0
92149, 970, 1, 0, 0
92250, 940, 1, 0, 0
92350, 930, 1, 0, 0
92450, 920, 1, 0, 0
92550, 940, 1, 0, 0
92650, 930, 1, 0, 0
92749, 919, 1, 0, 0
92849, 900, 1, 0, 0
92949, 920, 1, 0, 0
93049, 900, 1, 0, 0
93149, 910, 1, 0, 0
93249, 900, 1, 0, 0
93349, 930, 1, 0, 0
93449, 890, 1, 0, 0
93550, 960, 1, 0, 0
93650, 970, 1, 0, 0
93749, 898, 1, 0, 0
93849, 1020, 1, 0, 0
93949, 950, 1, 0, 0
94049, 970, 1, 0, 0
94149, 950, 1, 0, 0
94249, 950, 1, 0, 0
94349, 950, 1, 0, 0
94449, 930, 1, 0, 0
94549, 960, 1, 0, 0
94649, 940, 1, 0, 0
94749, 930, 1, 0, 0
94849, 910, 1, 0, 0
94949, 960, 1, 0, 0
95050, 870, 1, 0, 0
95150, 960, 1, 0, 0
95249, 979, 1, 0, 0
95349, 940, 1, 0, 0
95449, 880, 1, 0, 0
95549, 910, 1, 0, 0
95649, 940, 1, 0, 0
95749, 910, 1, 0, 0
95849, 940, 1, 0, 0
95949, 960, 1, 0, 0
96049, 990, 1, 0, 0
96149, 930, 1, 0, 0
96249, 920, 1, 0, 0
96349, 990, 1, 0, 0
96449, 960, 1, 0, 0
96550, 930, 1, 0, 0
96650, 940, 1, 0, 0
96749, 949, 1, 0, 0
96849, 960, 1, 0, 0
96949, 900, 1, 0, 0
97049, 910, 1, 0, 0
97149, 950, 1, 0, 0
97249, 1010, 1, 0, 0
97349, 990, 1, 0, 0
97449, 970, 1, 0, 0
97549, 880, 1, 0, 0
97649, 950, 1, 0, 0
97749, 930, 1, 0, 0
97850, 920, 1, 0, 0
97950, 940, 1, 0, 0
98050, 970, 1, 0, 0
98150, 900, 1, 0, 0
98249, 949, 1, 0, 0
98349, 910, 1, 0, 0
98449, 910, 1, 0, 0
98549, 950, 1, 0, 0
98649, 920, 1, 0, 0
98749, 930, 1, 0, 0
98849, 910, 1, 0, 0
98949, 950, 1, 0, 0
99049, 960, 1, 0, 0
99149, 930, 1, 0, 0
99249, 960, 1, 0, 0
99350, 970, 1, 0, 0
99450, 930, 1, 0, 0
99550, 900, 1, 0, 0
99650, 980, 1, 0, 0
99749, 929, 1, 0, 0
99849, 930, 1, 0, 0
99949, 940, 1, 0, 0
100049, 970, 1, 0, 0
100149, 930, 1, 0, 0
100249, 920, 1, 0, 0
100349, 980, 1, 0, 0
100449, 950, 1, 0, 0
100549, 940, 1, 0, 0
100649, 890, 1, 0, 0
100750, 950, 1, 0, 0
100850, 930, 1, 0, 0
100950, 930, 1, 0, 0
101050, 890, 1, 0, 0
101150, 940, 1, 0, 0
101249, 929, 1, 0, 0
101349, 900, 1, 0, 0
101449, 930, 1, 0, 0
101549, 930, 1, 0, 0
101649, 920, 1, 0, 0
101749, 970, 1, 0, 0
101849, 930, 1, 0, 0
101949, 960, 1, 0, 0
102049, 910, 1, 0, 0
102150, 910, 1, 0, 0
102250, 920, 1, 0, 0
102350, 900, 1, 0, 0
102450, 950, 1, 0, 0
102550, 950, 1, 0, 0
102650, 960, 1, 0, 0
102749, 939, 1, 0, 0
102849, 970, 1, 0, 0
102949, 950, 1, 0, 0
103049, 900, 1, 0, 0
103149, 900, 1, 0, 0
103249, 880, 1, 0, 0
103350, 900, 1, 0, 0
103450, 930, 1, 0, 0
103550, 870, 1, 0, 0
103650, 950, 1, 0, 0
103749, 949, 1, 0, 0
103849, 880, 1, 0, 0
103949, 900, 1, 0, 0
104049, 920, 1, 0, 0
104149, 910, 1, 0, 0
104249, 970, 1, 0, 0
104349, 960, 1, 0, 0
104449, 960, 1, 0, 0
104549, 920, 1, 0, 0
104649, 900, 1, 0, 0
104750, 940, 1, 0, 0
104850, 910, 1, 0, 0
104950, 950, 1, 0, 0
105050, 920, 1, 0, 0
105150, 920, 1, 0, 0
105249, 979, 1, 0, 0
105349, 940, 1, 0, 0
105449, 990, 1, 0, 0
105549, 960, 1, 0, 0
105649, 960, 1, 0, 0
105749, 970, 1, 0, 0
105849, 940, 1, 0, 0
105949, 960, 1, 0, 0
106050, 960, 1, 0, 0
106150, 900, 1, 0, 0
106249, 969, 1, 0, 0
106349, 920, 1, 0, 0
106449, 920, 1, 0, 0
106549, 910, 1, 0, 0
106649, 950, 1, 0, 0
106749, 950, 1, 0, 0
106849, 950, 1, 0, 0
106949, 930, 1, 0, 0
107049, 940, 1, 0, 0
107149, 910, 1, 0, 0
107250, 930, 1, 0, 0
107350, 890, 1, 0, 0
107450, 900, 1, 0, 0
107550, 970, 1, 0, 0
107650, 950, 1, 0, 0
107749, 959, 1, 0, 0
107849, 970, 1, 0, 0
107949, 960, 1, 0, 0
108049, 940, 1, 0, 0
108149, 930, 1, 0, 0
108249, 980, 1, 0, 0
108349, 940, 1, 0, 0
108449, 940, 1, 0, 0
108550, 930, 1, 0, 0
108650, 960, 1, 0, 0
108749, 919, 1, 0, 0
108849, 940, 1, 0, 0
108949, 930, 1, 0, 0
109049, 940, 1, 0, 0
109149, 950, 1, 0, 0
109249, 940, 1, 0, 0
109349, 950, 1, 0, 0
109449, 900, 1, 0, 0
109549, 960, 1, 0, 0
109649, 940, 1, 0, 0
109749, 970, 1, 0, 0
109849, 910, 1, 0, 0
109950, 910, 1, 0, 0
110050, 940, 1, 0, 0
110150, 940, 1, 0, 0
110249, 929, 1, 0, 0
110349, 960, 1, 0, 0
110449, 940, 1, 0, 0
110549, 900, 1, 0, 0
110649, 920, 1, 0, 0
110749, 900, 1, 0, 0
110849, 920, 1, 0, 0
110949, 960, 1, 0, 0
111049, 930, 1, 0, 0
111149, 940, 1, 0, 0
111250, 910, 1, 0, 0
111350, 880, 1, 0, 0
111450, 960, 1, 0, 0
111550, 920, 1, 0, 0
111650, 950, 1, 0, 0
111749, 1000, 1, 0, 0
111849, 990, 1, 0, 0
111949, 930, 1, 0, 0
112049, 980, 1, 0, 0
112149, 970, 1, 0, 0
112249, 970, 1, 0, 0
112349, 970, 1, 0, 0
112449, 910, 1, 0, 0
112550, 940, 1, 0, 0
112650, 990, 1, 0, 0
112750, 960, 1, 0, 0
112850, 920, 1, 0, 0
112950, 940, 1, 0, 0
113050, 980, 1, 0, 0
113150, 970, 1, 0, 0
113249, 909, 1, 0, 0
113349, 980, 1, 0, 0
113449, 950, 1, 0, 0
113549, 920, 1, 0, 0
113649, 950, 1, 0, 0
113749, 860, 1, 0, 0
113849, 970, 1, 0, 0
113949, 920, 1, 0, 0
114050, 950, 1, 0, 0
114150, 950, 1, 0, 0
114249, 949, 1, 0, 0
114349, 920, 1, 0, 0
114449, 950, 1, 0, 0
114549, 950, 1, 0, 0
114649, 930, 1, 0, 0
114749, 1000, 1, 0, 0
114849, 970, 1, 0, 0
114949, 920, 1, 0, 0
115049, 960, 1, 0, 0
115149, 890, 1, 0, 0
115249, 950, 1, 0, 0
115349, 960, 1, 0, 0
115449, 930, 1, 0, 0
115550, 900, 1, 0, 0
115650, 930, 1, 0, 0
115749, 939, 1, 0, 0
115849, 940, 1, 0, 0
115949, 950, 1, 0, 0
116049, 950, 1, 0, 0
116149, 950, 1, 0, 0
116249, 970, 1, 0, 0
116349, 990, 1, 0, 0
116449, 970, 1, 0, 0
116549, 950, 1, 0, 0
116649, 910, 1, 0, 0
116749, 920, 1, 0, 0
116849, 990, 1, 0, 0
116949, 970, 1, 0, 0
117050, 990, 1, 0, 0
117150, 960, 1, 0, 0
117249, 989, 1, 0, 0
117349, 950, 1, 0, 0
117449, 880, 1, 0, 0
117549, 920, 1, 0, 0
117649, 950, 1, 0, 0
117749, 990, 1, 0, 0
117849, 980, 1, 0, 0
117949, 930, 1, 0, 0
118049, 950, 1, 0, 0
118149, 940, 1, 0, 0
118249, 990, 1, 0, 0
118349, 960, 1, 0, 0
118449, 950, 1, 0, 0
118550, 1000, 1, 0, 0
118650, 940, 1, 0, 0
118749, 939, 1, 0, 0
118849, 960, 1, 0, 0
118949, 930, 1, 0, 0
119049, 950, 1, 0, 0
119149, 950, 1, 0, 0
119249, 920, 1, 0, 0
119349, 960, 1, 0, 0
119449, 920, 1, 0, 0
119549, 940, 1, 0, 0
119649, 940, 1, 0, 0
119749, 950, 1, 0, 0
119849, 990, 1, 0, 0
119950, 960, 1, 0, 0
120050, 970, 1, 0, 0
120150, 960, 1, 0, 0
120249, 959, 1, 0, 0
120349, 930, 1, 0, 0
120449, 960, 1, 0, 0
120549, 950, 1, 0, 0
120649, 990, 1, 0, 0
120749, 960, 1, 0, 0
120849, 970, 1, 0, 0
120949, 980, 1, 0, 0
121049, 990, 1, 0, 0
121149, 980, 1, 0, 0
121250, 970, 1, 0, 0
121350, 990, 1, 0, 0
121450, 970, 1, 0, 0
121550, 990, 1, 0, 0
121650, 940, 1, 0, 0
121749, 939, 1, 0, 0
121849, 980, 1, 0, 0
121949, 900, 1, 0, 0
122049, 930, 1, 0, 0
122149, 940, 1, 0, 0
122249, 940, 1, 0, 0
122349, 970, 1, 0, 0
122449, 910, 1, 0, 0
122549, 980, 1, 0, 0
122649, 980, 1, 0, 0
122750, 1010, 1, 0, 0
122850, 980, 1, 0, 0
122950, 920, 1, 0, 0
123050, 870, 1, 0, 0
123150, 900, 1, 0, 0
123249, 878, 1, 0, 0
123349, 860, 1, 0, 0
123449, 920, 1, 0, 0
123549, 980, 1, 0, 0
123649, 930, 1, 0, 0
123749, 910, 1, 0, 0
123849, 930, 1, 0, 0
123949, 970, 1, 0, 0
124049, 960, 1, 0, 0
124149, 960, 1, 0, 0
124250, 930, 1, 0, 0
124350, 960, 1, 0, 0
124450, 980, 1, 0, 0
124550, 990, 1, 0, 0
124650, 950, 1, 0, 0
124749, 959, 1, 0, 0
124849, 910, 1, 0, 0
124949, 950, 1, 0, 0
125049, 960, 1, 0, 0
125149, 1020, 1, 0, 0
125249, 960, 1, 0, 0
125349, 950, 1, 0, 0
125449, 940, 1, 0, 0
125549, 960, 1, 0, 0
125649, 990, 1, 0, 0
125750, 930, 1, 0, 0
125850, 970, 1, 0, 0
125950, 900, 1, 0, 0
126050, 970, 1, 0, 0
126150, 970, 1, 0, 0
126249, 959, 1, 0, 0
126349, 970, 1, 0, 0
126449, 990, 1, 0, 0
126549, 960, 1, 0, 0
126649, 990, 1, 0, 0
126749, 960, 1, 0, 0
126849, 970, 1, 0, 0
126949, 950, 1, 0, 0
127049, 930, 1, 0, 0
127150, 960, 1, 0, 0
127250, 970, 1, 0, 0
127350, 970, 1, 0, 0
127450, 910, 1, 0, 0
127550, 930, 1, 0, 0
127650, 970, 1, 0, 0
127749, 949, 1, 0, 0
127849, 950, 1, 0, 0
127949, 970, 1, 0, 0
128049, 950, 1, 0, 0
128149, 1010, 1, 0, 0
128249, 950, 1, 0, 0
128349, 980, 1, 0, 0
128449, 980, 1, 0, 0
128550, 940, 1, 0, 0
128650, 930, 1, 0, 0
128749, 909, 1, 0, 0
128849, 960, 1, 0, 0
128949, 930, 1, 0, 0
129049, 940, 1, 0, 0
129149, 940, 1, 0, 0
129249, 900, 1, 0, 0
129349, 950, 1, 0, 0
129449, 940, 1, 0, 0
129549, 980, 1, 0, 0
129649, 910, 1, 0, 0
129749, 970, 1, 0, 0
129850, 950, 1, 0, 0
129950, 950, 1, 0, 0
130050, 950, 1, 0, 0
130150, 950, 1, 0, 0
130249, 939, 1, 0, 0
130349, 960, 1, 0, 0
130449, 920, 1, 0, 0
130549, 940, 1, 0, 0
130649, 910, 1, 0, 0
130749, 990, 1, 0, 0
130849, 980, 1, 0, 0
130949, 990, 1, 0, 0
131049, 950, 1, 0, 0
131149, 970, 1, 0, 0
131250, 970, 1, 0, 0
131350, 970, 1, 0, 0
131450, 960, 1, 0, 0
131550, 940, 1, 0, 0
131650, 990, 1, 0, 0
131749, 959, 1, 0, 0
131849, 890, 1, 0, 0
131949, 950, 1, 0, 0
132049, 970, 1, 0, 0
132149, 970, 1, 0, 0
132249, 970, 1, 0, 0
132349, 990, 1, 0, 0
132449, 940, 1, 0, 0
132549, 950, 1, 0, 0
132650, 960, 1, 0, 0
132750, 940, 1, 0, 0
132850, 980, 1, 0, 0
132950, 980, 1, 0, 0
133050, 930, 1, 0, 0
133150, 930, 1, 0, 0
133249, 949, 1, 0, 0
133349, 980, 1, 0, 0
133449, 950, 1, 0, 0
133549, 900, 1, 0, 0
133649, 1000, 1, 0, 0
133749, 910, 1, 0, 0
133849, 970, 1, 0, 0
133949, 940, 1, 0, 0
134050, 950, 1, 0, 0
134150, 940, 1, 0, 0
134249, 959, 1, 0, 0
134349, 960, 1, 0, 0
134449, 970, 1, 0, 0
134549, 870, 1, 0, 0
134649, 960, 1, 0, 0
134749, 950, 1, 0, 0
134849, 990, 1, 0, 0
134949, 940, 1, 0, 0
135049, 930, 1, 0, 0
135149, 940, 1, 0, 0
135249, 960, 1, 0, 0
135349, 940, 1, 0, 0
135449, 930, 1, 0, 0
135550, 900, 1, 0, 0
135650, 900, 1, 0, 0
135749, 959, 1, 0, 0
135849, 940, 1, 0, 0
135949, 950, 1, 0, 0
136049, 950, 1, 0, 0
136149, 930, 1, 0, 0
136249, 970, 1, 0, 0
136349, 950, 1, 0, 0
136449, 920, 1, 0, 0
136549, 970, 1, 0, 0
136649, 970, 1, 0, 0
136749, 940, 1, 0, 0
136849, 920, 1, 0, 0
136949, 940, 1, 0, 0
137050, 920, 1, 0, 0
137150, 880, 1, 0, 0
137249, 919, 1, 0, 0
137349, 920, 1, 0, 0
137449, 980, 1, 0, 0
137549, 960, 1, 0, 0
137649, 950, 1, 0, 0
137749, 940, 1, 0, 0
137849, 920, 1, 0, 0
137949, 910, 1, 0, 0
138049, 940, 1, 0, 0
138149, 960, 1, 0, 0
138249, 950, 1, 0, 0
138349, 950, 1, 0, 0
138449, 910, 1, 0, 0
138550, 960, 1, 0, 0
138650, 950, 1, 0, 0
138749, 969, 1, 0, 0
138849, 950, 1, 0, 0
138949, 960, 1, 0, 0
139049, 980, 1, 0, 0
139149, 950, 1, 0, 0
139249, 920, 1, 0, 0
139349, 970, 1, 0, 0
139449, 960, 1, 0, 0
139549, 1010, 1, 0, 0
139649, 950, 1, 0, 0
139749, 960, 1, 0, 0
139849, 900, 1, 0, 0
139949, 980, 1, 0, 0
140050, 920, 1, 0, 0
140150, 960, 1, 0, 0
140249, 949, 1, 0, 0
140349, 930, 1, 0, 0
140449, 980, 1, 0, 0
140549, 970, 1, 0, 0
140649, 910, 1, 0, 0
140749, 960, 1, 0, 0
140849, 980, 1, 0, 0
140949, 960, 1, 0, 0
141049, 940, 1, 0, 0
141149, 970, 1, 0, 0
141250, 970, 1, 0, 0
141350, 940, 1, 0, 0
141450, 920, 1, 0, 0
141550, 970, 1, 0, 0
141650, 900, 1, 0, 0
141749, 929, 1, 0, 0
141849, 900, 1, 0, 0
141949, 940, 1, 0, 0
142049, 930, 1, 0, 0
142149, 950, 1, 0, 0
142249, 940, 1, 0, 0
142349, 940, 1, 0, 0
142449, 970, 1, 0, 0
142550, 930, 1, 0, 0
142650, 930, 1, 0, 0
142749, 929, 1, 0, 0
142849, 880, 1, 0, 0
142949, 920, 1, 0, 0
143049, 930, 1, 0, 0
143149, 940, 1, 0, 0
143249, 900, 1, 0, 0
143349, 980, 1, 0, 0
143449, 980, 1, 0, 0
143549, 960, 1, 0, 0
143649, 900, 1, 0, 0
143750, 900, 1, 0, 0
143850, 920, 1, 0, 0
143950, 930, 1, 0, 0
144050, 900, 1, 0, 0
144150, 920, 1, 0, 0
144249, 959, 1, 0, 0
144349, 970, 1, 0, 0
144449, 940, 1, 0, 0
144549, 920, 1, 0, 0
144649, 980, 1, 0, 0
144749, 930, 1, 0, 0
144849, 970, 1, 0, 0
144949, 980, 1, 0, 0
145050, 930, 1, 0, 0
145150, 990, 1, 0, 0
145249, 989, 1, 0, 0
145349, 920, 1, 0, 0
145449, 970, 1, 0, 0
145549, 940, 1, 0, 0
145649, 950, 1, 0, 0
145749, 930, 1, 0, 0
145849, 960, 1, 0, 0
145949, 940, 1, 0, 0
146049, 970, 1, 0, 0
146149, 950, 1, 0, 0
146249, 920, 1, 0, 0
146350, 950, 1, 0, 0
146450, 890, 1, 0, 0
146550, 920, 1, 0, 0
146650, 950, 1, 0, 0
146749, 959, 1, 0, 0
146849, 970, 1, 0, 0
146949, 910, 1, 0, 0
147049, 930, 1, 0, 0
147149, 1000, 1, 0, 0
147249, 950, 1, 0, 0
147349, 980, 1, 0, 0
147449, 980, 1, 0, 0
147549, 980, 1, 0, 0
147650, 950, 1, 0, 0
147750, 920, 1, 0, 0
147850, 980, 1, 0, 0
147950, 890, 1, 0, 0
148050, 910, 1, 0, 0
148150, 910, 1, 0, 0
148249, 929, 1, 0, 0
148349, 910, 1, 0, 0
148449, 920, 1, 0, 0
148549, 950, 1, 0, 0
148649, 960, 1, 0, 0
148749, 940, 1, 0, 0
148849, 940, 1, 0, 0
148949, 940, 1, 0, 0
149049, 950, 1, 0, 0
149150, 960, 1, 0, 0
149250, 980, 1, 0, 0
149350, 930, 1, 0, 0
149450, 1000, 1, 0, 0
149550, 970, 1, 0, 0
149650, 970, 1, 0, 0
149749, 919, 1, 0, 0
149849, 910, 1, 0, 0
149949, 960, 1, 0, 0
150049, 960, 1, 0, 0
150149, 1000, 1, 0, 0
150249, 930, 1, 0, 0
150349, 990, 1, 0, 0
150449, 970, 1, 0, 0
150549, 930, 1, 0, 0
150649, 970, 1, 0, 0
150750, 990, 1, 0, 0
150850, 1000, 1, 0, 0
150950, 930, 1, 0, 0
151050, 980, 1, 0, 0
151150, 950, 1, 0, 0
151249, 919, 1, 0, 0
151349, 980, 1, 0, 0
151449, 950, 1, 0, 0
151549, 900, 1, 0, 0
151649, 960, 1, 0, 0
151749, 920, 1, 0, 0
151849, 930, 1, 0, 0
151949, 970, 1, 0, 0
152049, 970, 1, 0, 0
152149, 980, 1, 0, 0
152250, 940, 1, 0, 0
152350, 940, 1, 0, 0
152450, 960, 1, 0, 0
152550, 970, 1, 0, 0
152650, 960, 1, 0, 0
152749, 959, 1, 0, 0
152849, 950, 1, 0, 0
152949, 970, 1, 0, 0
153049, 950, 1, 0, 0
153149, 1000, 1, 0, 0
153249, 970, 1, 0, 0
153349, 970, 1, 0, 0
153449, 950, 1, 0, 0
153549, 940, 1, 0, 0
153649, 870, 1, 0, 0
153750, 970, 1, 0, 0
153850, 980, 1, 0, 0
153950, 940, 1, 0, 0
154050, 970, 1, 0, 0
154150, 960, 1, 0, 0
154249, 898, 1, 0, 0
154349, 890, 1, 0, 0
154449, 920, 1, 0, 0
154549, 920, 1, 0, 0
154649, 930, 1, 0, 0
154749, 990, 1, 0, 0
154849, 970, 1, 0, 0
154949, 950, 1, 0, 0
155050, 980, 1, 0, 0
155150, 940, 1, 0, 0
155249, 909, 1, 0, 0
155349, 890, 1, 0, 0
155449, 880, 1, 0, 0
155549, 910, 1, 0, 0
155649, 900, 1, 0, 0
155749, 980, 1, 0, 0
155849, 990, 1, 0, 0
155949, 1000, 1, 0, 0
156049, 980, 1, 0, 0
156149, 930, 1, 0, 0
156250, 960, 1, 0, 0
156350, 970, 1, 0, 0
156450, 940, 1, 0, 0
156550, 920, 1, 0, 0
156650, 960, 1, 0, 0
156749, 969, 1, 0, 0
156849, 950, 1, 0, 0
156949, 930, 1, 0, 0
157049, 950, 1, 0, 0
157149, 960, 1, 0, 0
157249, 970, 1, 0, 0
157349, 990, 1, 0, 0
157449, 970, 1, 0, 0
157550, 980, 1, 0, 0
157650, 970, 1, 0, 0
157749, 949, 1, 0, 0
157849, 940, 1, 0, 0
157949, 920, 1, 0, 0
158049, 950, 1, 0, 0
158149, 940, 1, 0, 0
158249, 990, 1, 0, 0
158349, 940, 1, 0, 0
158449, 920, 1, 0, 0
158549, 970, 1, 0, 0
158649, 970, 1, 0, 0
158749, 950, 1, 0, 0
158850, 920, 1, 0, 0
158950, 950, 1, 0, 0
159050, 970, 1, 0, 0
159150, 940, 1, 0, 0
159249, 949, 1, 0, 0
159349, 910, 1, 0, 0
159449, 940, 1, 0, 0
159549, 920, 1, 0, 0
159649, 920, 1, 0, 0
159749, 940, 1, 0, 0
159849, 940, 1, 0, 0
159949, 950, 1, 0, 0
160049, 920, 1, 0, 0
160149, 920, 1, 0, 0
160250, 890, 1, 0, 0
160350, 960, 1, 0, 0
160450, 940, 1, 0, 0
160550, 950, 1, 0, 0
160650, 910, 1, 0, 0
160749, 939, 1, 0, 0
160849, 940, 1, 0, 0
160949, 890, 1, 0, 0
161049, 900, 1, 0, 0
161149, 930, 1, 0, 0
161249, 960, 1, 0, 0
161349, 980, 1, 0, 0
161449, 950, 1, 0, 0
161549, 920, 1, 0, 0
161650, 930, 1, 0, 0
161750, 910, 1, 0, 0
161850, 940, 1, 0, 0
161950, 890, 1, 0, 0
162050, 940, 1, 0, 0
162150, 930, 1, 0, 0
162249, 949, 1, 0, 0
162349, 930, 1, 0, 0
162449, 930, 1, 0, 0
162549, 980, 1, 0, 0
162649, 910, 1, 0, 0
162749, 930, 1, 0, 0
162849, 970, 1, 0, 0
162949, 960, 1, 0, 0
163050, 940, 1, 0, 0
163150, 1000, 1, 0, 0
163250, 960, 1, 0, 0
163350, 940, 1, 0, 0
163450, 910, 1, 0, 0
163550, 940, 1, 0, 0
163650, 950, 1, 0, 0
163749, 929, 1, 0, 0
163849, 930, 1, 0, 0
163949, 980, 1, 0, 0
164049, 940, 1, 0, 0
164149, 960, 1, 0, 0
164249, 930, 1, 0, 0
164349, 960, 1, 0, 0
164449, 940, 1, 0, 0
164550, 920, 1, 0, 0
164650, 940, 1, 0, 0
164750, 950, 1, 0, 0
164850, 950, 1, 0, 0
164950, 930, 1, 0, 0
165050, 980, 1, 0, 0
165150, 990, 1, 0, 0
165249, 939, 1, 0, 0
165349, 960, 1, 0, 0
165449, 940, 1, 0, 0
165549, 930, 1, 0, 0
165649, 940, 1, 0, 0
165749, 900, 1, 0, 0
165849, 970, 1, 0, 0
165949, 960, 1, 0, 0
166049, 960, 1, 0, 0
166150, 890, 1, 0, 0
166250, 930, 1, 0, 0
166350, 910, 1, 0, 0
166450, 900, 1, 0, 0
166550, 920, 1, 0, 0
166650, 950, 1, 0, 0
166749, 959, 1, 0, 0
166849, 950, 1, 0, 0
166949, 970, 1, 0, 0
167049, 960, 1, 0, 0
167149, 970, 1, 0, 0
167249, 1000, 1, 0, 0
167349, 970, 1, 0, 0
167449, 940, 1, 0, 0
167550, 960, 1, 0, 0
167650, 980, 1, 0, 0
167749, 959, 1, 0, 0
167849, 970, 1, 0, 0
167949, 950, 1, 0, 0
168049, 910, 1, 0, 0
168149, 940, 1, 0, 0
168249, 970, 1, 0, 0
168349, 970, 1, 0, 0
168449, 970, 1, 0, 0
168549, 940, 1, 0, 0
168649, 960, 1, 0, 0
168750, 930, 1, 0, 0
168850, 930, 1, 0, 0
168950, 1000, 1, 0, 0
169050, 940, 1, 0, 0
169150, 970, 1, 0, 0
169249, 949, 1, 0, 0
169349, 980, 1, 0, 0
169449, 990, 1, 0, 0
169549, 1020, 1, 0, 0
169649, 930, 1, 0, 0
169749, 930, 1, 0, 0
169849, 990, 1, 0, 0
169949, 980, 1, 0, 0
170049, 940, 1, 0, 0
170149, 960, 1, 0, 0
170250, 930, 1, 0, 0
170350, 950, 1, 0, 0
170450, 1000, 1, 0, 0
170550, 980, 1, 0, 0
170650, 950, 1, 0, 0
170749, 989, 1, 0, 0
170849, 950, 1, 0, 0
170949, 990, 1, 0, 0
171049, 940, 1, 0, 0
171149, 970, 1, 0, 0
171249, 990, 1, 0, 0
171349, 970, 1, 0, 0
171449, 970, 1, 0, 0
171550, 930, 1, 0, 0
171650, 940, 1, 0, 0
171749, 919, 1, 0, 0
171849, 980, 1, 0, 0
171949, 880, 1, 0, 0
172049, 930, 1, 0, 0
172149, 980, 1, 0, 0
172249, 920, 1, 0, 0
172349, 950, 1, 0, 0
172449, 920, 1, 0, 0
172549, 970, 1, 0, 0
172649, 990, 1, 0, 0
172749, 970, 1, 0, 0
172849, 920, 1, 0, 0
172950, 910, 1, 0, 0
173050, 980, 1, 0, 0
173150, 980, 1, 0, 0
173249, 949, 1, 0, 0
173349, 910, 1, 0, 0
173449, 990, 1, 0, 0
173549, 1000, 1, 0, 0
173649, 950, 1, 0, 0
173749, 970, 1, 0, 0
173849, 980, 1, 0, 0
173949, 940, 1, 0, 0
174049, 950, 1, 0, 0
174149, 960, 1, 0, 0
174250, 960, 1, 0, 0
174350, 960, 1, 0, 0
174450, 970, 1, 0, 0
174550, 930, 1, 0, 0
174650, 950, 1, 0, 0
174749, 949, 1, 0, 0
174849, 930, 1, 0, 0
174949, 950, 1, 0, 0
175049, 940, 1, 0, 0
175149, 940, 1, 0, 0
175249, 920, 1, 0, 0
175349, 960, 1, 0, 0
175449, 950, 1, 0, 0
175549, 990, 1, 0, 0
175649, 940, 1, 0, 0
175750, 900, 1, 0, 0
175850, 900, 1, 0, 0
175950, 980, 1, 0, 0
176050, 1000, 1, 0, 0
176150, 960, 1, 0, 0
176249, 939, 1, 0, 0
176349, 940, 1, 0, 0
176449, 950, 1, 0, 0
176549, 980, 1, 0, 0
176649, 970, 1, 0, 0
176749, 970, 1, 0, 0
176849, 990, 1, 0, 0
176949, 970, 1, 0, 0
177049, 960, 1, 0, 0
177149, 1000, 1, 0, 0
177250, 970, 1, 0, 0
177350, 950, 1, 0, 0
177450, 950, 1, 0, 0
177550, 970, 1, 0, 0
177650, 960, 1, 0, 0
177749, 959, 1, 0, 0
177849, 960, 1, 0, 0
177949, 980, 1, 0, 0
178049, 1040, 1, 0, 0
178149, 970, 1, 0, 0
178249, 960, 1, 0, 0
178349, 990, 1, 0, 0
178449, 950, 1, 0, 0
178549, 970, 1, 0, 0
178649, 930, 1, 0, 0
178750, 980, 1, 0, 0
178850, 950, 1, 0, 0
178950, 940, 1, 0, 0
179050, 950, 1, 0, 0
179150, 1000, 1, 0, 0
179249, 1010, 1, 0, 0
179349, 990, 1, 0, 0
179449, 930, 1, 0, 0
179549, 960, 1, 0, 0
179649, 970, 1, 0, 0
179749, 970, 1, 0, 0
179849, 980, 1, 0, 0
179949, 1010, 1, 0, 0
180049, 980, 1, 0, 0
180149, 970, 1, 0, 0
180250, 990, 1, 0, 0
180350, 970, 1, 0, 0
180450, 990, 1, 0, 0
180550, 970, 1, 0, 0
180650, 1010, 1, 0, 0
180749, 919, 1, 0, 0
180849, 1010, 1, 0, 0
180949, 940, 1, 0, 0
181049, 980, 1, 0, 0
181149, 980, 1, 0, 0
181249, 960, 1, 0, 0
181349, 890, 1, 0, 0
181449, 990, 1, 0, 0
181549, 1000, 1, 0, 0
181650, 990, 1, 0, 0
181750, 960, 1, 0, 0
181850, 970, 1, 0, 0
181950, 950, 1, 0, 0
182050, 920, 1, 0, 0
182150, 980, 1, 0, 0
182249, 969, 1, 0, 0
182349, 980, 1, 0, 0
182449, 950, 1, 0, 0
182549, 940, 1, 0, 0
182649, 930, 1, 0, 0
182749, 970, 1, 0, 0
182849, 970, 1, 0, 0
182949, 960, 1, 0, 0
183050, 930, 1, 0, 0
183150, 1030, 1, 0, 0
183249, 979, 1, 0, 0
183349, 1000, 1, 0, 0
183449, 990, 1, 0, 0
183549, 920, 1, 0, 0
183649, 1020, 1, 0, 0
183749, 970, 1, 0, 0
183849, 970, 1, 0, 0
183949, 970, 1, 0, 0
184049, 970, 1, 0, 0
184149, 960, 1, 0, 0
184249, 960, 1, 0, 0
184349, 930, 1, 0, 0
184449, 990, 1, 0, 0
184550, 890, 1, 0, 0
184650, 910, 1, 0, 0
184750, 980, 1, 0, 0
184850, 940, 1, 0, 0
184950, 990, 1, 0, 0
185050, 970, 1, 0, 0
185150, 950, 1, 0, 0
185249, 979, 1, 0, 0
185349, 960, 1, 0, 0
185449, 950, 1, 0, 0
185549, 960, 1, 0, 0
185649, 940, 1, 0, 0
185749, 970, 1, 0, 0
185849, 950, 1, 0, 0
185949, 950, 1, 0, 0
186049, 980, 1, 0, 0
186150, 920, 1, 0, 0
186250, 960, 1, 0, 0
186350, 1020, 1, 0, 0
186450, 940, 1, 0, 0
186550, 980, 1, 0, 0
186650, 950, 1, 0, 0
186749, 949, 1, 0, 0
186849, 1010, 1, 0, 0
186949, 980, 1, 0, 0
187049, 960, 1, 0, 0
187149, 1000, 1, 0, 0
187249, 990, 1, 0, 0
187349, 930, 1, 0, 0
187449, 950, 1, 0, 0
187550, 950, 1, 0, 0
187650, 970, 1, 0, 0
187750, 970, 1, 0, 0
187850, 980, 1, 0, 0
187950, 990, 1, 0, 0
188050, 960, 1, 0, 0
188150, 960, 1, 0, 0
188249, 969, 1, 0, 0
188349, 970, 1, 0, 0
188449, 980, 1, 0, 0
188549, 950, 1, 0, 0
188649, 950, 1, 0, 0
188749, 980, 1, 0, 0
188849, 970, 1, 0, 0
188949, 980, 1, 0, 0
189050, 990, 1, 0, 0
189150, 1000, 1, 0, 0
189249, 969, 1, 0, 0
189349, 990, 1, 0, 0
189449, 980, 1, 0, 0
189549, 960, 1, 0, 0
189649, 960, 1, 0, 0
189749, 930, 1, 0, 0
189849, 980, 1, 0, 0
189949, 990, 1, 0, 0
190049, 950, 1, 0, 0
190149, 1010, 1, 0, 0
190250, 980, 1, 0, 0
190350, 950, 1, 0, 0
190450, 970, 1, 0, 0
190550, 1010, 1, 0, 0
190650, 1000, 1, 0, 0
190749, 989, 1, 0, 0
190849, 980, 1, 0, 0
190949, 940, 1, 0, 0
191049, 970, 1, 0, 0
191149, 920, 1, 0, 0
191249, 990, 1, 0, 0
191349, 980, 1, 0, 0
191449, 920, 1, 0, 0
191550, 990, 1, 0, 0
191650, 950, 1, 0, 0
191750, 990, 1, 0, 0
191850, 980, 1, 0, 0
191950, 930, 1, 0, 0
192050, 950, 1, 0, 0
192150, 990, 1, 0, 0
192249, 1000, 1, 0, 0
192349, 990, 1, 0, 0
192449, 990, 1, 0, 0
192549, 1030, 1, 0, 0
192649, 960, 1, 0, 0
192749, 970, 1, 0, 0
192849, 970, 1, 0, 0
192950, 960, 1, 0, 0
193050, 980, 1, 0, 0
193150, 950, 1, 0, 0
193249, 989, 1, 0, 0
193349, 1000, 1, 0, 0
193449, 990, 1, 0, 0
193549, 940, 1, 0, 0
193649, 1000, 1, 0, 0
193749, 940, 1, 0, 0
193849, 950, 1, 0, 0
193949, 960, 1, 0, 0
194049, 980, 1, 0, 0
194150, 960, 1, 0, 0
194250, 970, 1, 0, 0
194350, 960, 1, 0, 0
194450, 990, 1, 0, 0
194550, 990, 1, 0, 0
194650, 970, 1, 0, 0
194749, 959, 1, 0, 0
194849, 940, 1, 0, 0
194949, 920, 1, 0, 0
195049, 980, 1, 0, 0
195149, 950, 1, 0, 0
195249, 960, 1, 0, 0
195349, 980, 1, 0, 0
195449, 980, 1, 0, 0
195550, 940, 1, 0, 0
195650, 960, 1, 0, 0
195750, 930, 1, 0, 0
195850, 960, 1, 0, 0
195950, 940, 1, 0, 0
196050, 950, 1, 0, 0
196150, 910, 1, 0, 0
196249, 888, 1, 0, 0
196349, 970, 1, 0, 0
196449, 940, 1, 0, 0
196549, 970, 1, 0, 0
196649, 970, 1, 0, 0
196749, 980, 1, 0, 0
196849, 990, 1, 0, 0
196949, 940, 1, 0, 0
197049, 1000, 1, 0, 0
197150, 960, 1, 0, 0
197250, 960, 1, 0, 0
197350, 960, 1, 0, 0
197450, 950, 1, 0, 0
197550, 960, 1, 0, 0
197650, 940, 1, 0, 0
197749, 949, 1, 0, 0
197849, 950, 1, 0, 0
197949, 930, 1, 0, 0
198049, 940, 1, 0, 0
198149, 960, 1, 0, 0
198249, 970, 1, 0, 0
198349, 960, 1, 0, 0
198449, 980, 1, 0, 0
198550, 960, 1, 0, 0
198650, 980, 1, 0, 0
198750, 930, 1, 0, 0
198850, 920, 1, 0, 0
198950, 960, 1, 0, 0
199050, 950, 1, 0, 0
199150, 1020, 1, 0, 0
199249, 1000, 1, 0, 0
199349, 930, 1, 0, 0
199449, 910, 1, 0, 0
199549, 920, 1, 0, 0
199649, 970, 1, 0, 0
199749, 970, 1, 0, 0
199849, 1020, 1, 0, 0
199949, 1010, 1, 0, 0
200050, 960, 1, 0, 0
200150, 970, 1, 0, 0
200250, 950, 1, 0, 0
200350, 960, 1, 0, 0
200450, 980, 1, 0, 0
200550, 960, 1, 0, 0
200650, 990, 1, 0, 0
200749, 969, 1, 0, 0
200849, 960, 1, 0, 0
200949, 970, 1, 0, 0
201049, 950, 1, 0, 0
201149, 960, 1, 0, 0
201249, 950, 1, 0, 0
201349, 960, 1, 0, 0
201449, 950, 1, 0, 0
201549, 990, 1, 0, 0
201650, 970, 1, 0, 0
201750, 1010, 1, 0, 0
201850, 990, 1, 0, 0
201950, 930, 1, 0, 0
202050, 900, 1, 0, 0
202150, 990, 1, 0, 0
202249, 949, 1, 0, 0
202349, 930, 1, 0, 0
202449, 960, 1, 0, 0
202549, 950, 1, 0, 0
202649, 830, 1, 0, 0
202749, 1000, 1, 0, 0
202849, 980, 1, 0, 0
202949, 960, 1, 0, 0
203049, 1010, 1, 0, 0
203150, 1050, 1, 0, 0
203250, 960, 1, 0, 0
203350, 950, 1, 0, 0
203450, 1000, 1, 0, 0
203550, 980, 1, 0, 0
203650, 990, 1, 0, 0
203749, 969, 1, 0, 0
203849, 970, 1, 0, 0
203949, 980, 1, 0, 0
204049, 970, 1, 0, 0
204149, 980, 1, 0, 0
204249, 1000, 1, 0, 0
204349, 960, 1, 0, 0
204449, 970, 1, 0, 0
204549, 1020, 1, 0, 0
204649, 1000, 1, 0, 0
204750, 990, 1, 0, 0
204850, 920, 1, 0, 0
204950, 960, 1, 0, 0
205050, 960, 1, 0, 0
205150, 1000, 1, 0, 0
205249, 959, 1, 0, 0
205349, 1000, 1, 0, 0
205449, 1030, 1, 0, 0
205549, 1000, 1, 0, 0
205649, 940, 1, 0, 0
205749, 990, 1, 0, 0
205849, 1000, 1, 0, 0
205949, 990, 1, 0, 0
206049, 950, 1, 0, 0
206149, 960, 1, 0, 0
206250, 960, 1, 0, 0
206350, 960, 1, 0, 0
206450, 940, 1, 0, 0
206550, 960, 1, 0, 0
206650, 960, 1, 0, 0
206749, 949, 1, 0, 0
206849, 950, 1, 0, 0
206949, 1000, 1, 0, 0
207049, 910, 1, 0, 0
207149, 870, 1, 0, 0
207249, 1020, 1, 0, 0
207349, 900, 1, 0, 0
207449, 930, 1, 0, 0
207549, 950, 1, 0, 0
207650, 970, 1, 0, 0
207750, 950, 1, 0, 0
207850, 940, 1, 0, 0
207950, 970, 1, 0, 0
208050, 940, 1, 0, 0
208150, 930, 1, 0, 0
208249, 969, 1, 0, 0
208349, 920, 1, 0, 0
208449, 960, 1, 0, 0
208549, 1010, 1, 0, 0
208649, 970, 1, 0, 0
208749, 990, 1, 0, 0
208849, 950, 1, 0, 0
208949, 970, 1, 0, 0
209049, 990, 1, 0, 0
209149, 910, 1, 0, 0
209250, 960, 1, 0, 0
209350, 950, 1, 0, 0
209450, 960, 1, 0, 0
209550, 950, 1, 0, 0
209650, 910, 1, 0, 0
209749, 919, 1, 0, 0
209849, 930, 1, 0, 0
209949, 990, 1, 0, 0
210049, 920, 1, 0, 0
210149, 960, 1, 0, 0
210249, 940, 1, 0, 0
210349, 990, 1, 0, 0
210449, 910, 1, 0, 0
210549, 970, 1, 0, 0
210649, 930, 1, 0, 0
210750, 960, 1, 0, 0
210850, 920, 1, 0, 0
210950, 940, 1, 0, 0
211050, 970, 1, 0, 0
211150, 940, 1, 0, 0
211249, 959, 1, 0, 0
211349, 940, 1, 0, 0
211449, 970, 1, 0, 0
211549, 980, 1, 0, 0
211649, 930, 1, 0, 0
211749, 960, 1, 0, 0
211849, 960, 1, 0, 0
211949, 960, 1, 0, 0
212050, 970, 1, 0, 0
212150, 940, 1, 0, 0
212250, 940, 1, 0, 0
212350, 940, 1, 0, 0
212450, 910, 1, 0, 0
212550, 880, 1, 0, 0
212650, 940, 1, 0, 0
212749, 929, 1, 0, 0
212849, 960, 1, 0, 0
212949, 920, 1, 0, 0
213049, 960, 1, 0, 0
213149, 890, 1, 0, 0
213249, 980, 1, 0, 0
213349, 960, 1, 0, 0
213449, 960, 1, 0, 0
213550, 940, 1, 0, 0
213650, 940, 1, 0, 0
213750, 970, 1, 0, 0
213850, 950, 1, 0, 0
213950, 930, 1, 0, 0
214050, 930, 1, 0, 0
214150, 940, 1, 0, 0
214249, 979, 1, 0, 0
214349, 940, 1, 0, 0
214449, 960, 1, 0, 0
214549, 940, 1, 0, 0
214649, 980, 1, 0, 0
214749, 1000, 1, 0, 0
214849, 940, 1, 0, 0
214949, 920, 1, 0, 0
215050, 950, 1, 0, 0
215150, 960, 1, 0, 0
215250, 920, 1, 0, 0
215350, 960, 1, 0, 0
215450, 980, 1, 0, 0
215550, 980, 1, 0, 0
215650, 900, 1, 0, 0
215749, 939, 1, 0, 0
215849, 920, 1, 0, 0
215949, 920, 1, 0, 0
216049, 950, 1, 0, 0
216149, 920, 1, 0, 0
216249, 950, 1, 0, 0
216349, 950, 1, 0, 0
216449, 990, 1, 0, 0
216550, 980, 1, 0, 0
216650, 930, 1, 0, 0
216750, 890, 1, 0, 0
216850, 930, 1, 0, 0
216950, 1010, 1, 0, 0
217050, 1010, 1, 0, 0
217150, 1000, 1, 0, 0
217249, 949, 1, 0, 0
217349, 960, 1, 0, 0
217449, 960, 1, 0, 0
217549, 970, 1, 0, 0
217649, 990, 1, 0, 0
217749, 960, 1, 0, 0
217849, 920, 1, 0, 0
217950, 1040, 1, 0, 0
218050, 940, 1, 0, 0
218150, 900, 1, 0, 0
218249, 969, 1, 0, 0
218349, 940, 1, 0, 0
218449, 970, 1, 0, 0
218549, 980, 1, 0, 0
218649, 980, 1, 0, 0
218749, 990, 1, 0, 0
218849, 960, 1, 0, 0
218949, 960, 1, 0, 0
219049, 960, 1, 0, 0
219149, 950, 1, 0, 0
219250, 940, 1, 0, 0
219350, 940, 1, 0, 0
219450, 960, 1, 0, 0
219550, 1000, 1, 0, 0
219650, 1000, 1, 0, 0
219749, 969, 1, 0, 0
219849, 990, 1, 0, 0
219949, 940, 1, 0, 0
220049, 1000, 1, 0, 0
220149, 960, 1, 0, 0
220249, 940, 1, 0, 0
220349, 980, 1, 0, 0
220449, 950, 1, 0, 0
220549, 1020, 1, 0, 0
220650, 980, 1, 0, 0
220750, 970, 1, 0, 0
220850, 1040, 1, 0, 0
220950, 980, 1, 0, 0
221050, 970, 1, 0, 0
221150, 980, 1, 0, 0
221249, 979, 1, 0, 0
221349, 1000, 1, 0, 0
221449, 970, 1, 0, 0
221549, 990, 1, 0, 0
221649, 990, 1, 0, 0
221749, 980, 1, 0, 0
221849, 970, 1, 0, 0
221949, 990, 1, 0, 0
222050, 940, 1, 0, 0
222150, 940, 1, 0, 0
222250, 970, 1, 0, 0
222350, 980, 1, 0, 0
222450, 930, 1, 0, 0
222550, 960, 1, 0, 0
222650, 970, 1, 0, 0
222749, 959, 1, 0, 0
222849, 960, 1, 0, 0
222949, 1000, 1, 0, 0
223049, 1000, 1, 0, 0
223149, 970, 1, 0, 0
223249, 950, 1, 0, 0
223349, 980, 1, 0, 0
223449, 990, 1, 0, 0
223550, 990, 1, 0, 0
223650, 980, 1, 0, 0
223750, 960, 1, 0, 0
223850, 960, 1, 0, 0
223950, 1000, 1, 0, 0
224050, 990, 1, 0, 0
224150, 950, 1, 0, 0
224249, 929, 1, 0, 0
224349, 960, 1, 0, 0
224449, 910, 1, 0, 0
224549, 970, 1, 0, 0
224649, 970, 1, 0, 0
224749, 980, 1, 0, 0
224849, 1010, 1, 0, 0
224949, 960, 1, 0, 0
225050, 1000, 1, 0, 0
225150, 990, 1, 0, 0
225250, 950, 1, 0, 0
225350, 920, 1, 0, 0
225450, 940, 1, 0, 0
225550, 940, 1, 0, 0
225650, 930, 1, 0, 0
225749, 979, 1, 0, 0
225849, 990, 1, 0, 0
225949, 940, 1, 0, 0
226049, 940, 1, 0, 0
226149, 940, 1, 0, 0
226249, 940, 1, 0, 0
226349, 890, 1, 0, 0
226449, 960, 1, 0, 0
226550, 890, 1, 0, 0
226650, 980, 1, 0, 0
226750, 960, 1, 0, 0
226850, 930, 1, 0, 0
226950, 960, 1, 0, 0
227050, 1000, 1, 0, 0
227150, 960, 1, 0, 0
227249, 969, 1, 0, 0
227349, 1000, 1, 0, 0
227449, 980, 1, 0, 0
227549, 940, 1, 0, 0
227649, 1000, 1, 0, 0
227749, 980, 1, 0, 0
227849, 990, 1, 0, 0
227949, 980, 1, 0, 0
228050, 970, 1, 0, 0
228150, 930, 1, 0, 0
228250, 980, 1, 0, 0
228350, 950, 1, 0, 0
228450, 960, 1, 0, 0
228550, 970, 1, 0, 0
228650, 970, 1, 0, 0
228749, 969, 1, 0, 0
228849, 920, 1, 0, 0
228949, 990, 1, 0, 0
229049, 930, 1, 0, 0
229149, 1010, 1, 0, 0
229249, 990, 1, 0, 0
229349, 950, 1, 0, 0
229450, 950, 1, 0, 0
229550, 980, 1, 0, 0
229650, 980, 1, 0, 0
229749, 949, 1, 0, 0
229849, 990, 1, 0, 0
229949, 980, 1, 0, 0
230049, 970, 1, 0, 0
230149, 930, 1, 0, 0
230249, 940, 1, 0, 0
230349, 930, 1, 0, 0
230449, 920, 1, 0, 0
230549, 920, 1, 0, 0
230649, 970, 1, 0, 0
230750, 990, 1, 0, 0
230850, 910, 1, 0, 0
230950, 960, 1, 0, 0
231050, 920, 1, 0, 0
231150, 980, 1, 0, 0
231249, 959, 1, 0, 0
231349, 960, 1, 0, 0
231449, 950, 1, 0, 0
231549, 960, 1, 0, 0
231649, 900, 1, 0, 0
231749, 930, 1, 0, 0
231849, 940, 1, 0, 0
231949, 980, 1, 0, 0
232050, 970, 1, 0, 0
232150, 930, 1, 0, 0
232250, 920, 1, 0, 0
232350, 970, 1, 0, 0
232450, 930, 1, 0, 0
232550, 940, 1, 0, 0
232650, 940, 1, 0, 0
232749, 949, 1, 0, 0
232849, 940, 1, 0, 0
232949, 950, 1, 0, 0
233049, 950, 1, 0, 0
233149, 930, 1, 0, 0
233249, 970, 1, 0, 0
233349, 910, 1, 0, 0
233449, 1000, 1, 0, 0
233550, 970, 1, 0, 0
233650, 990, 1, 0, 0
233749, 959, 1, 0, 0
233849, 950, 1, 0, 0
233949, 980, 1, 0, 0
234049, 930, 1, 0, 0
234149, 1000, 1, 0, 0
234249, 980, 1, 0, 0
234349, 980, 1, 0, 0
234449, 960, 1, 0, 0
234549, 980, 1, 0, 0
234649, 960, 1, 0, 0
234749, 990, 1, 0, 0
234850, 940, 1, 0, 0
234950, 980, 1, 0, 0
235050, 960, 1, 0, 0
235150, 950, 1, 0, 0
235249, 979, 1, 0, 0
235349, 970, 1, 0, 0
235449, 930, 1, 0, 0
235549, 980, 1, 0, 0
235649, 940, 1, 0, 0
235749, 940, 1, 0, 0
235849, 960, 1, 0, 0
235949, 980, 1, 0, 0
236049, 950, 1, 0, 0
236149, 1000, 1, 0, 0
236249, 960, 1, 0, 0
236349, 970, 1, 0, 0
236450, 980, 1, 0, 0
236550, 1000, 1, 0, 0
236650, 940, 1, 0, 0
236749, 959, 1, 0, 0
236849, 980, 1, 0, 0
236949, 1000, 1, 0, 0
237049, 940, 1, 0, 0
237149, 970, 1, 0, 0
237249, 940, 1, 0, 0
237349, 990, 1, 0, 0
237449, 940, 1, 0, 0
237549, 980, 1, 0, 0
237649, 990, 1, 0, 0
237749, 1000, 1, 0, 0
237849, 990, 1, 0, 0
237949, 950, 1, 0, 0
238050, 980, 1, 0, 0
238150, 1000, 1, 0, 0
238249, 1010, 1, 0, 0
238349, 970, 1, 0, 0
238449, 1000, 1, 0, 0
238549, 960, 1, 0, 0
238649, 980, 1, 0, 0
238749, 1010, 1, 0, 0
238849, 990, 1, 0, 0
238949, 990, 1, 0, 0
239049, 960, 1, 0, 0
239149, 930, 1, 0, 0
239249, 1030, 1, 0, 0
239349, 1020, 1, 0, 0
239449, 960, 1, 0, 0
239550, 960, 1, 0, 0
239650, 960, 1, 0, 0
239749, 1000, 1, 0, 0
239849, 930, 1, 0, 0
239949, 1000, 1, 0, 0
240049, 990, 1, 0, 0
240149, 1020, 1, 0, 0
240249, 950, 1, 0, 0
240349, 980, 1, 0, 0
240449, 1000, 1, 0, 0
240549, 960, 1, 0, 0
240649, 980, 1, 0, 0
240750, 980, 1, 0, 0
240850, 970, 1, 0, 0
240950, 970, 1, 0, 0
241050, 940, 1, 0, 0
241150, 970, 1, 0, 0
241249, 949, 1, 0, 0
241349, 960, 1, 0, 0
241449, 950, 1, 0, 0
241549, 970, 1, 0, 0
241649, 990, 1, 0, 0
241749, 940, 1, 0, 0
241849, 970, 1, 0, 0
241949, 970, 1, 0, 0
242050, 970, 1, 0, 0
242150, 980, 1, 0, 0
242249, 1010, 1, 0, 0
242349, 1010, 1, 0, 0
242449, 960, 1, 0, 0
242549, 1020, 1, 0, 0
242649, 940, 1, 0, 0
242749, 990, 1, 0, 0
242849, 980, 1, 0, 0
242949, 980, 1, 0, 0
243049, 980, 1, 0, 0
243149, 980, 1, 0, 0
243250, 960, 1, 0, 0
243350, 970, 1, 0, 0
243450, 1010, 1, 0, 0
243550, 980, 1, 0, 0
243650, 960, 1, 0, 0
243749, 959, 1, 0, 0
243849, 980, 1, 0, 0
243949, 940, 1, 0, 0
244049, 930, 1, 0, 0
244149, 940, 1, 0, 0
244249, 940, 1, 0, 0
244349, 960, 1, 0, 0
244449, 1000, 1, 0, 0
244549, 970, 1, 0, 0
244649, 980, 1, 0, 0
244750, 980, 1, 0, 0
244850, 960, 1, 0, 0
244950, 920, 1, 0, 0
245050, 980, 1, 0, 0
245150, 950, 1, 0, 0
245249, 939, 1, 0, 0
245349, 1000, 1, 0, 0
245449, 980, 1, 0, 0
245549, 1010, 1, 0, 0
245649, 950, 1, 0, 0
245749, 1030, 1, 0, 0
245849, 960, 1, 0, 0
245949, 990, 1, 0, 0
246049, 970, 1, 0, 0
246149, 980, 1, 0, 0
246250, 1000, 1, 0, 0
246350, 1010, 1, 0, 0
246450, 980, 1, 0, 0
246550, 940, 1, 0, 0
246650, 980, 1, 0, 0
246749, 989, 1, 0, 0
246849, 950, 1, 0, 0
246949, 970, 1, 0, 0
247049, 970, 1, 0, 0
247149, 980, 1, 0, 0
247249, 950, 1, 0, 0
247349, 960, 1, 0, 0
247449, 940, 1, 0, 0
247549, 950, 1, 0, 0
247649, 1010, 1, 0, 0
247749, 960, 1, 0, 0
247850, 920, 1, 0, 0
247950, 910, 1, 0, 0
248050, 950, 1, 0, 0
248150, 960, 1, 0, 0
248249, 929, 1, 0, 0
248349, 940, 1, 0, 0
248449, 920, 1, 0, 0
248549, 910, 1, 0, 0
248649, 930, 1, 0, 0
248749, 980, 1, 0, 0
248849, 930, 1, 0, 0
248949, 950, 1, 0, 0
249049, 990, 1, 0, 0
249149, 970, 1, 0, 0
249249, 940, 1, 0, 0
249350, 950, 1, 0, 0
249450, 990, 1, 0, 0
249550, 980, 1, 0, 0
249650, 920, 1, 0, 0
249749, 939, 1, 0, 0
249849, 970, 1, 0, 0
249949, 970, 1, 0, 0
250049, 980, 1, 0, 0
250149, 970, 1, 0, 0
250249, 960, 1, 0, 0
250349, 970, 1, 0, 0
250449, 940, 1, 0, 0
250549, 950, 1, 0, 0
250649, 980, 1, 0, 0
250750, 980, 1, 0, 0
250850, 940, 1, 0, 0
250950, 920, 1, 0, 0
251050, 980, 1, 0, 0
251150, 940, 1, 0, 0
251249, 1000, 1, 0, 0
251349, 950, 1, 0, 0
251449, 950, 1, 0, 0
251549, 960, 1, 0, 0
251649, 940, 1, 0, 0
251749, 980, 1, 0, 0
251849, 910, 1, 0, 0
251949, 990, 1, 0, 0
252050, 910, 1, 0, 0
252150, 930, 1, 0, 0
252250, 950, 1, 0, 0
252350, 980, 1, 0, 0
252450, 950, 1, 0, 0
252550, 950, 1, 0, 0
252650, 960, 1, 0, 0
252749, 969, 1, 0, 0
252849, 950, 1, 0, 0
252949, 970, 1, 0, 0
253049, 980, 1, 0, 0
253149, 940, 1, 0, 0
253249, 910, 1, 0, 0
253349, 960, 1, 0, 0
253449, 1000, 1, 0, 0
253550, 920, 1, 0, 0
253650, 980, 1, 0, 0
253749, 949, 1, 0, 0
253849, 960, 1, 0, 0
253949, 970, 1, 0, 0
254049, 970, 1, 0, 0
254149, 960, 1, 0, 0
254249, 920, 1, 0, 0
254349, 1000, 1, 0, 0
254449, 950, 1, 0, 0
254549, 930, 1, 0, 0
254649, 970, 1, 0, 0
254749, 980, 1, 0, 0
254849, 970, 1, 0, 0
254950, 930, 1, 0, 0
255050, 980, 1, 0, 0
255150, 970, 1, 0, 0
255249, 989, 1, 0, 0
255349, 920, 1, 0, 0
255449, 910, 1, 0, 0
255549, 1000, 1, 0, 0
255649, 950, 1, 0, 0
255749, 990, 1, 0, 0
255849, 940, 1, 0, 0
255949, 940, 1, 0, 0
256049, 950, 1, 0, 0
256149, 980, 1, 0, 0
256249, 970, 1, 0, 0
256349, 950, 1, 0, 0
256450, 930, 1, 0, 0
256550, 920, 1, 0, 0
256650, 940, 1, 0, 0
256749, 949, 1, 0, 0
256849, 950, 1, 0, 0
256949, 980, 1, 0, 0
257049, 950, 1, 0, 0
257149, 970, 1, 0, 0
257249, 1040, 1, 0, 0
257349, 970, 1, 0, 0
257449, 980, 1, 0, 0
257549, 1030, 1, 0, 0
257649, 930, 1, 0, 0
257749, 970, 1, 0, 0
257849, 930, 1, 0, 0
257949, 1000, 1, 0, 0
258050, 950, 1, 0, 0
258150, 930, 1, 0, 0
258249, 959, 1, 0, 0
258349, 960, 1, 0, 0
258449, 990, 1, 0, 0
258549, 980, 1, 0, 0
258649, 980, 1, 0, 0
258749, 950, 1, 0, 0
258849, 1010, 1, 0, 0
258949, 950, 1, 0, 0
259049, 990, 1, 0, 0
259149, 930, 1, 0, 0
259249, 980, 1, 0, 0
259350, 960, 1, 0, 0
259450, 970, 1, 0, 0
259550, 970, 1, 0, 0
259650, 940, 1, 0, 0
259749, 959, 1, 0, 0
259849, 920, 1, 0, 0
259949, 920, 1, 0, 0
260049, 900, 1, 0, 0
260149, 980, 1, 0, 0
260249, 920, 1, 0, 0
260349, 960, 1, 0, 0
260449, 940, 1, 0, 0
260549, 980, 1, 0, 0
260650, 960, 1, 0, 0
260750, 940, 1, 0, 0
260850, 1000, 1, 0, 0
260950, 970, 1, 0, 0
261050, 960, 1, 0, 0
261150, 960, 1, 0, 0
261249, 969, 1, 0, 0
261349, 980, 1, 0, 0
261449, 940, 1, 0, 0
261549, 960, 1, 0, 0
261649, 970, 1, 0, 0
261749, 990, 1, 0, 0
261849, 960, 1, 0, 0
261950, 940, 1, 0, 0
262050, 960, 1, 0, 0
262150, 980, 1, 0, 0
262249, 1000, 1, 0, 0
262349, 990, 1, 0, 0
262449, 940, 1, 0, 0
262549, 960, 1, 0, 0
262649, 920, 1, 0, 0
262749, 1000, 1, 0, 0
262849, 960, 1, 0, 0
262949, 970, 1, 0, 0
263049, 970, 1, 0, 0
263149, 960, 1, 0, 0
263250, 920, 1, 0, 0
263350, 950, 1, 0, 0
263450, 960, 1, 0, 0
263550, 960, 1, 0, 0
263650, 930, 1, 0, 0
263749, 959, 1, 0, 0
263849, 890, 1, 0, 0
263949, 920, 1, 0, 0
264049, 950, 1, 0, 0
264149, 960, 1, 0, 0
264249, 890, 1, 0, 0
264349, 950, 1, 0, 0
264449, 950, 1, 0, 0
264549, 910, 1, 0, 0
264649, 960, 1, 0, 0
264750, 990, 1, 0, 0
264850, 940, 1, 0, 0
264950, 960, 1, 0, 0
265050, 980, 1, 0, 0
265150, 910, 1, 0, 0
265249, 919, 1, 0, 0
265349, 960, 1, 0, 0
265449, 950, 1, 0, 0
265549, 930, 1, 0, 0
265649, 920, 1, 0, 0
265749, 910, 1, 0, 0
265849, 940, 1, 0, 0
265949, 900, 1, 0, 0
266049, 950, 1, 0, 0
266149, 950, 1, 0, 0
266250, 940, 1, 0, 0
266350, 920, 1, 0, 0
266450, 920, 1, 0, 0
266550, 950, 1, 0, 0
266650, 960, 1, 0, 0
266749, 949, 1, 0, 0
266849, 960, 1, 0, 0
266949, 920, 1, 0, 0
267049, 900, 1, 0, 0
267149, 950, 1, 0, 0
267249, 950, 1, 0, 0
267349, 960, 1, 0, 0
267449, 910, 1, 0, 0
267550, 860, 1, 0, 0
267650, 950, 1, 0, 0
267750, 950, 1, 0, 0
267850, 970, 1, 0, 0
267950, 950, 1, 0, 0
268050, 880, 1, 0, 0
268150, 910, 1, 0, 0
268249, 959, 1, 0, 0
268349, 950, 1, 0, 0
268449, 940, 1, 0, 0
268549, 950, 1, 0, 0
268649, 940, 1, 0, 0
268749, 920, 1, 0, 0
268849, 970, 1, 0, 0
268949, 930, 1, 0, 0
269050, 1000, 1, 0, 0
269150, 950, 1, 0, 0
269250, 980, 1, 0, 0
269350, 940, 1, 0, 0
269450, 890, 1, 0, 0
269550, 960, 1, 0, 0
269650, 910, 1, 0, 0
269749, 949, 1, 0, 0
269849, 970, 1, 0, 0
269949, 920, 1, 0, 0
270049, 960, 1, 0, 0
270149, 930, 1, 0, 0
270249, 910, 1, 0, 0
270349, 980, 1, 0, 0
270450, 960, 1, 0, 0
270550, 950, 1, 0, 0
270650, 970, 1, 0, 0
270749, 959, 1, 0, 0
270849, 1000, 1, 0, 0
270949, 940, 1, 0, 0
271049, 940, 1, 0, 0
271149, 970, 1, 0, 0
271249, 920, 1, 0, 0
271349, 1010, 1, 0, 0
271449, 940, 1, 0, 0
271549, 970, 1, 0, 0
271649, 890, 1, 0, 0
271750, 960, 1, 0, 0
271850, 1000, 1, 0, 0
271950, 960, 1, 0, 0
272050, 1000, 1, 0, 0
272150, 960, 1, 0, 0
272249, 989, 1, 0, 0
272349, 900, 1, 0, 0
272449, 950, 1, 0, 0
272549, 970, 1, 0, 0
272649, 920, 1, 0, 0
272749, 950, 1, 0, 0
272849, 970, 1, 0, 0
272949, 930, 1, 0, 0
273050, 940, 1, 0, 0
273150, 960, 1, 0, 0
273250, 960, 1, 0, 0
273350, 940, 1, 0, 0
273450, 960, 1, 0, 0
273550, 940, 1, 0, 0
273650, 960, 1, 0, 0
273749, 989, 1, 0, 0
273849, 970, 1, 0, 0
273949, 930, 1, 0, 0
274049, 980, 1, 0, 0
274149, 930, 1, 0, 0
274249, 990, 1, 0, 0
274349, 980, 1, 0, 0
274450, 1020, 1, 0, 0
274550, 970, 1, 0, 0
274650, 950, 1, 0, 0
274749, 919, 1, 0, 0
274849, 980, 1, 0, 0
274949, 980, 1, 0, 0
275049, 980, 1, 0, 0
275149, 920, 1, 0, 0
275249, 960, 1, 0, 0
275349, 940, 1, 0, 0
275449, 990, 1, 0, 0
275549, 980, 1, 0, 0
275649, 980, 1, 0, 0
275749, 980, 1, 0, 0
275850, 960, 1, 0, 0
275950, 1000, 1, 0, 0
276050, 970, 1, 0, 0
276150, 940, 1, 0, 0
276249, 989, 1, 0, 0
276349, 970, 1, 0, 0
276449, 980, 1, 0, 0
276549, 960, 1, 0, 0
276649, 960, 1, 0, 0
276749, 980, 1, 0, 0
276849, 920, 1, 0, 0
276949, 950, 1, 0, 0
277049, 960, 1, 0, 0
277149, 950, 1, 0, 0
277250, 980, 1, 0, 0
277350, 970, 1, 0, 0
277450, 1000, 1, 0, 0
277550, 1000, 1, 0, 0
277650, 960, 1, 0, 0
277749, 979, 1, 0, 0
277849, 980, 1, 0, 0
277949, 960, 1, 0, 0
278049, 950, 1, 0, 0
278149, 950, 1, 0, 0
278249, 940, 1, 0, 0
278349, 960, 1, 0, 0
278449, 950, 1, 0, 0
278549, 930, 1, 0, 0
278649, 980, 1, 0, 0
278750, 960, 1, 0, 0
278850, 960, 1, 0, 0
278950, 1000, 1, 0, 0
279050, 960, 1, 0, 0
279150, 1010, 1, 0, 0
279249, 1010, 1, 0, 0
279349, 960, 1, 0, 0
279449, 960, 1, 0, 0
279549, 1000, 1, 0, 0
279649, 970, 1, 0, 0
279749, 960, 1, 0, 0
279849, 960, 1, 0, 0
279949, 980, 1, 0, 0
280049, 950, 1, 0, 0
280149, 920, 1, 0, 0
280250, 960, 1, 0, 0
280350, 950, 1, 0, 0
280450, 950, 1, 0, 0
280550, 950, 1, 0, 0
280650, 950, 1, 0, 0
280749, 989, 1, 0, 0
280849, 990, 1, 0, 0
280949, 990, 1, 0, 0
281049, 960, 1, 0, 0
281149, 970, 1, 0, 0
281249, 970, 1, 0, 0
281349, 960, 1, 0, 0
281449, 980, 1, 0, 0
281549, 950, 1, 0, 0
281650, 940, 1, 0, 0
281750, 1010, 1, 0, 0
281850, 930, 1, 0, 0
281950, 1010, 1, 0, 0
282050, 990, 1, 0, 0
282150, 960, 1, 0, 0
282249, 989, 1, 0, 0
282349, 950, 1, 0, 0
282449, 960, 1, 0, 0
282549, 950, 1, 0, 0
282649, 970, 1, 0, 0
282749, 990, 1, 0, 0
282849, 950, 1, 0, 0
282949, 970, 1, 0, 0
283050, 940, 1, 0, 0
283150, 930, 1, 0, 0
283250, 970, 1, 0, 0
283350, 990, 1, 0, 0
283450, 1010, 1, 0, 0
283550, 950, 1, 0, 0
283650, 950, 1, 0, 0
283749, 959, 1, 0, 0
283849, 980, 1, 0, 0
283949, 940, 1, 0, 0
284049, 960, 1, 0, 0
284149, 950, 1, 0, 0
284249, 960, 1, 0, 0
284349, 910, 1, 0, 0
284449, 950, 1, 0, 0
284550, 1010, 1, 0, 0
284650, 1000, 1, 0, 0
284749, 959, 1, 0, 0
284849, 970, 1, 0, 0
284949, 950, 1, 0, 0
285049, 980, 1, 0, 0
285149, 980, 1, 0, 0
285249, 970, 1, 0, 0
285349, 990, 1, 0, 0
285449, 960, 1, 0, 0
285549, 980, 1, 0, 0
285649, 940, 1, 0, 0
285749, 940, 1, 0, 0
285849, 930, 1, 0, 0
285950, 930, 1, 0, 0
286050, 960, 1, 0, 0
286150, 960, 1, 0, 0
286249, 949, 1, 0, 0
286349, 950, 1, 0, 0
286449, 990, 1, 0, 0
286549, 970, 1, 0, 0
286649, 1000, 1, 0, 0
286749, 940, 1, 0, 0
286849, 960, 1, 0, 0
286949, 970, 1, 0, 0
287049, 990, 1, 0, 0
287149, 1010, 1, 0, 0
287250, 1010, 1, 0, 0
287350, 990, 1, 0, 0
287450, 1020, 1, 0, 0
287550, 940, 1, 0, 0
287650, 970, 1, 0, 0
287749, 949, 1, 0, 0
287849, 950, 1, 0, 0
287949, 960, 1, 0, 0
288049, 930, 1, 0, 0
288149, 970, 1, 0, 0
288249, 990, 1, 0, 0
288349, 960, 1, 0, 0
288449, 990, 1, 0, 0
288549, 1010, 1, 0, 0
288649, 1020, 1, 0, 0
288750, 950, 1, 0, 0
288850, 990, 1, 0, 0
288950, 950, 1, 0, 0
289050, 970, 1, 0, 0
289150, 960, 1, 0, 0
289249, 959, 1, 0, 0
289349, 940, 1, 0, 0
289449, 960, 1, 0, 0
289549, 960, 1, 0, 0
289649, 970, 1, 0, 0
289749, 1020, 1, 0, 0
289849, 990, 1, 0, 0
289949, 1000, 1, 0, 0
290050, 980, 1, 0, 0
290150, 970, 1, 0, 0
290250, 1030, 1, 0, 0
290350, 970, 1, 0, 0
290450, 980, 1, 0, 0
290550, 960, 1, 0, 0
290650, 980, 1, 0, 0
290749, 979, 1, 0, 0
290849, 990, 1, 0, 0
290949, 980, 1, 0, 0
291049, 970, 1, 0, 0
291149, 970, 1, 0, 0
291249, 950, 1, 0, 0
291349, 990, 1, 0, 0
291449, 970, 1, 0, 0
291550, 970, 1, 0, 0
291650, 950, 1, 0, 0
291750, 1000, 1, 0, 0
291850, 970, 1, 0, 0
291950, 950, 1, 0, 0
292050, 920, 1, 0, 0
292150, 970, 1, 0, 0
292249, 979, 1, 0, 0
292349, 930, 1, 0, 0
292449, 920, 1, 0, 0
292549, 940, 1, 0, 0
292649, 990, 1, 0, 0
292749, 950, 1, 0, 0
292849, 920, 1, 0, 0
292949, 1010, 1, 0, 0
293050, 970, 1, 0, 0
293150, 950, 1, 0, 0
293250, 940, 1, 0, 0
293350, 950, 1, 0, 0
293450, 970, 1, 0, 0
293550, 990, 1, 0, 0
293650, 930, 1, 0, 0
293749, 1000, 1, 0, 0
293849, 990, 1, 0, 0
293949, 970, 1, 0, 0
294049, 920, 1, 0, 0
294149, 900, 1, 0, 0
294249, 1010, 1, 0, 0
294349, 990, 1, 0, 0
294449, 970, 1, 0, 0
294550, 970, 1, 0, 0
294650, 950, 1, 0, 0
294749, 959, 1, 0, 0
294849, 950, 1, 0, 0
294949, 950, 1, 0, 0
295049, 950, 1, 0, 0
295149, 980, 1, 0, 0
295249, 980, 1, 0, 0
295349, 970, 1, 0, 0
295449, 930, 1, 0, 0
295549, 900, 1, 0, 0
295649, 920, 1, 0, 0
295749, 950, 1, 0, 0
295849, 970, 1, 0, 0
295950, 990, 1, 0, 0
296050, 880, 1, 0, 0
296150, 910, 1, 0, 0
296249, 949, 1, 0, 0
296349, 990, 1, 0, 0
296449, 950, 1, 0, 0
296549, 950, 1, 0, 0
296649, 930, 1, 0, 0
296749, 980, 1, 0, 0
296849, 950, 1, 0, 0
296949, 970, 1, 0, 0
297049, 940, 1, 0, 0
297149, 980, 1, 0, 0
297249, 960, 1, 0, 0
297350, 950, 1, 0, 0
297450, 940, 1, 0, 0
297550, 960, 1, 0, 0
297650, 990, 1, 0, 0
297749, 919, 1, 0, 0
297849, 940, 1, 0, 0
297949, 990, 1, 0, 0
298049, 940, 1, 0, 0
298149, 940, 1, 0, 0
298249, 980, 1, 0, 0
298349, 920, 1, 0, 0
298449, 920, 1, 0, 0
298549, 970, 1, 0, 0
298649, 960, 1, 0, 0
298750, 930, 1, 0, 0
298850, 960, 1, 0, 0
298950, 950, 1, 0, 0
299050, 930, 1, 0, 0
299150, 970, 1, 0, 0
299249, 949, 1, 0, 0
299349, 960, 1, 0, 0
299449, 970, 1, 0, 0
299549, 980, 1, 0, 0
299649, 990, 1, 0, 0
299749, 1000, 1, 0, 0
299849, 990, 1, 0, 0
299949, 920, 1, 0, 0
300050, 990, 1, 0, 0
300150, 990, 1, 0, 0
300249, 959, 1, 0, 0
300349, 960, 1, 0, 0
300449, 940, 1, 0, 0
300549, 950, 1, 0, 0
300649, 920, 1, 0, 0
300749, 910, 1, 0, 0
300849, 920, 1, 0, 0
300949, 950, 1, 0, 0
301049, 970, 1, 0, 0
301149, 980, 1, 0, 0
301250, 1000, 1, 0, 0
301350, 980, 1, 0, 0
301450, 970, 1, 0, 0
301550, 930, 1, 0, 0
301650, 950, 1, 0, 0
301749, 979, 1, 0, 0
301849, 1000, 1, 0, 0
301949, 980, 1, 0, 0
302049, 1000, 1, 0, 0
302149, 980, 1, 0, 0
302249, 990, 1, 0, 0
302349, 1020, 1, 0, 0
302449, 990, 1, 0, 0
302550, 1000, 1, 0, 0
302650, 920, 1, 0, 0
302750, 930, 1, 0, 0
302850, 950, 1, 0, 0
302950, 960, 1, 0, 0
303050, 990, 1, 0, 0
303150, 940, 1, 0, 0
303249, 959, 1, 0, 0
303349, 980, 1, 0, 0
303449, 1000, 1, 0, 0
303549, 990, 1, 0, 0
303649, 980, 1, 0, 0
303749, 1030, 1, 0, 0
303849, 990, 1, 0, 0
303950, 980, 1, 0, 0
304050, 960, 1, 0, 0
304150, 950, 1, 0, 0
304249, 969, 1, 0, 0
304349, 980, 1, 0, 0
304449, 980, 1, 0, 0
304549, 970, 1, 0, 0
304649, 980, 1, 0, 0
304749, 950, 1, 0, 0
304849, 1020, 1, 0, 0
304949, 970, 1, 0, 0
305049, 970, 1, 0, 0
305149, 940, 1, 0, 0
305250, 970, 1, 0, 0
305350, 970, 1, 0, 0
305450, 940, 1, 0, 0
305550, 990, 1, 0, 0
305650, 960, 1, 0, 0
305749, 1000, 1, 0, 0
305849, 960, 1, 0, 0
305949, 960, 1, 0, 0
306049, 990, 1, 0, 0
306149, 960, 1, 0, 0
306249, 970, 1, 0, 0
306349, 910, 1, 0, 0
306449, 1010, 1, 0, 0
306549, 980, 1, 0, 0
306650, 960, 1, 0, 0
306750, 1000, 1, 0, 0
306850, 980, 1, 0, 0
306950, 990, 1, 0, 0
307050, 1000, 1, 0, 0
307150, 960, 1, 0, 0
307249, 969, 1, 0, 0
307349, 970, 1, 0, 0
307449, 990, 1, 0, 0
307549, 950, 1, 0, 0
307649, 970, 1, 0, 0
307750, 970, 1, 0, 0
307850, 920, 1, 0, 0
307950, 980, 1, 0, 0
308050, 1010, 1, 0, 0
308150, 970, 1, 0, 0
308249, 949, 1, 0, 0
308349, 970, 1, 0, 0
308449, 980, 1, 0, 0
308549, 990, 1, 0, 0
308649, 1010, 1, 0, 0
308749, 940, 1, 0, 0
308849, 990, 1, 0, 0
308949, 990, 1, 0, 0
309049, 980, 1, 0, 0
309149, 930, 1, 0, 0
309249, 990, 1, 0, 0
309350, 930, 1, 0, 0
309450, 970, 1, 0, 0
309550, 910, 1, 0, 0
309650, 980, 1, 0, 0
309749, 959, 1, 0, 0
309849, 990, 1, 0, 0
309949, 960, 1, 0, 0
310049, 980, 1, 0, 0
310149, 980, 1, 0, 0
310249, 900, 1, 0, 0
310349, 990, 1, 0, 0
310449, 990, 1, 0, 0
310549, 990, 1, 0, 0
310649, 980, 1, 0, 0
310749, 970, 1, 0, 0
310849, 940, 1, 0, 0
310950, 960, 1, 0, 0
311050, 980, 1, 0, 0
311150, 970, 1, 0, 0
311249, 939, 1, 0, 0
311349, 1030, 1, 0, 0
311449, 940, 1, 0, 0
311549, 990, 1, 0, 0
311649, 990, 1, 0, 0
311749, 960, 1, 0, 0
311849, 1020, 1, 0, 0
311949, 940, 1, 0, 0
312049, 980, 1, 0, 0
312149, 970, 1, 0, 0
312250, 980, 1, 0, 0
312350, 1010, 1, 0, 0
312450, 1010, 1, 0, 0
312550, 910, 1, 0, 0
312650, 910, 1, 0, 0
312749, 909, 1, 0, 0
312849, 940, 1, 0, 0
312949, 940, 1, 0, 0
313049, 950, 1, 0, 0
313149, 990, 1, 0, 0
313249, 980, 1, 0, 0
313349, 960, 1, 0, 0
313449, 960, 1, 0, 0
313550, 1020, 1, 0, 0
313650, 980, 1, 0, 0
313750, 970, 1, 0, 0
313850, 990, 1, 0, 0
313950, 1010, 1, 0, 0
314050, 980, 1, 0, 0
314150, 950, 1, 0, 0
314249, 989, 1, 0, 0
314349, 950, 1, 0, 0
314449, 960, 1, 0, 0
314549, 930, 1, 0, 0
314649, 980, 1, 0, 0
314749, 910, 1, 0, 0
314849, 960, 1, 0, 0
314949, 940, 1, 0, 0
315050, 950, 1, 0, 0
315150, 950, 1, 0, 0
315250, 960, 1, 0, 0
315350, 960, 1, 0, 0
315450, 990, 1, 0, 0
315550, 990, 1, 0, 0
315650, 930, 1, 0, 0
315749, 909, 1, 0, 0
315849, 1020, 1, 0, 0
315949, 1010, 1, 0, 0
316049, 1020, 1, 0, 0
316149, 1020, 1, 0, 0
316249, 940, 1, 0, 0
316349, 960, 1, 0, 0
316449, 990, 1, 0, 0
316550, 1000, 1, 0, 0
316650, 980, 1, 0, 0
316750, 990, 1, 0, 0
316850, 980, 1, 0, 0
316950, 940, 1, 0, 0
317050, 960, 1, 0, 0
317150, 950, 1, 0, 0
317249, 969, 1, 0, 0
317349, 950, 1, 0, 0
317449, 970, 1, 0, 0
317549, 980, 1, 0, 0
317649, 920, 1, 0, 0
317749, 950, 1, 0, 0
317849, 990, 1, 0, 0
317949, 950, 1, 0, 0
318050, 980, 1, 0, 0
318150, 950, 1, 0, 0
318250, 920, 1, 0, 0
318350, 970, 1, 0, 0
318450, 950, 1, 0, 0
318550, 970, 1, 0, 0
318650, 1000, 1, 0, 0
318749, 969, 1, 0, 0
318849, 930, 1, 0, 0
318949, 980, 1, 0, 0
319049, 920, 1, 0, 0
319149, 930, 1, 0, 0
319249, 890, 1, 0, 0
319349, 910, 1, 0, 0
319449, 990, 1, 0, 0
319550, 1020, 1, 0, 0
319650, 930, 1, 0, 0
319750, 990, 1, 0, 0
319850, 980, 1, 0, 0
319950, 980, 1, 0, 0
320050, 970, 1, 0, 0
320150, 1010, 1, 0, 0
320249, 989, 1, 0, 0
320349, 950, 1, 0, 0
320449, 990, 1, 0, 0
320549, 980, 1, 0, 0
320649, 960, 1, 0, 0
320749, 970, 1, 0, 0
320850, 1000, 1, 0, 0
320950, 980, 1, 0, 0
321050, 990, 1, 0, 0
321150, 1000, 1, 0, 0
321249, 959, 1, 0, 0
321349, 1010, 1, 0, 0
321449, 1010, 1, 0, 0
321549, 1000, 1, 0, 0
321649, 990, 1, 0, 0
321749, 1000, 1, 0, 0
321849, 990, 1, 0, 0
321949, 1000, 1, 0, 0
322049, 1040, 1, 0, 0
322150, 1020, 1, 0, 0
322250, 990, 1, 0, 0
322350, 970, 1, 0, 0
322450, 930, 1, 0, 0
322550, 970, 1, 0, 0
322650, 960, 1, 0, 0
322749, 979, 1, 0, 0
322849, 1010, 1, 0, 0
322949, 970, 1, 0, 0
323049, 960, 1, 0, 0
323149, 920, 1, 0, 0
323249, 1000, 1, 0, 0
323349, 960, 1, 0, 0
323449, 990, 1, 0, 0
323550, 960, 1, 0, 0
323650, 1000, 1, 0, 0
323750, 940, 1, 0, 0
323850, 950, 1, 0, 0
323950, 940, 1, 0, 0
324050, 960, 1, 0, 0
324150, 900, 1, 0, 0
324249, 979, 1, 0, 0
324349, 920, 1, 0, 0
324449, 960, 1, 0, 0
324549, 930, 1, 0, 0
324649, 930, 1, 0, 0
324749, 970, 1, 0, 0
324849, 1010, 1, 0, 0
324949, 950, 1, 0, 0
325050, 980, 1, 0, 0
325150, 960, 1, 0, 0
325250, 990, 1, 0, 0
325350, 970, 1, 0, 0
325450, 930, 1, 0, 0
325550, 1010, 1, 0, 0
325650, 960, 1, 0, 0
325749, 989, 1, 0, 0
325849, 960, 1, 0, 0
325949, 980, 1, 0, 0
326049, 970, 1, 0, 0
326149, 950, 1, 0, 0
326249, 960, 1, 0, 0
326349, 970, 1, 0, 0
326449, 970, 1, 0, 0
326550, 980, 1, 0, 0
326650, 970, 1, 0, 0
326750, 980, 1, 0, 0
326850, 960, 1, 0, 0
326950, 970, 1, 0, 0
327050, 940, 1, 0, 0
327150, 1010, 1, 0, 0
327249, 929, 1, 0, 0
327349, 950, 1, 0, 0
327449, 970, 1, 0, 0
327549, 970, 1, 0, 0
327649, 960, 1, 0, 0
327749, 980, 1, 0, 0
327849, 1000, 1, 0, 0
327950, 980, 1, 0, 0
328050, 980, 1, 0, 0
328150, 970, 1, 0, 0
328249, 1000, 1, 0, 0
328349, 1010, 1, 0, 0
328449, 950, 1, 0, 0
328549, 990, 1, 0, 0
328649, 950, 1, 0, 0
328749, 1030, 1, 0, 0
328849, 930, 1, 0, 0
328949, 930, 1, 0, 0
329049, 920, 1, 0, 0
329149, 940, 1, 0, 0
329249, 990, 1, 0, 0
329349, 950, 1, 0, 0
329449, 970, 1, 0, 0
329550, 970, 1, 0, 0
329650, 960, 1, 0, 0
329750, 950, 1, 0, 0
329850, 930, 1, 0, 0
329950, 950, 1, 0, 0
330050, 980, 1, 0, 0
330150, 1000, 1, 0, 0
330249, 949, 1, 0, 0
330349, 990, 1, 0, 0
330449, 990, 1, 0, 0
330549, 970, 1, 0, 0
330649, 990, 1, 0, 0
330749, 1000, 1, 0, 0
330849, 1000, 1, 0, 0
330949, 990, 1, 0, 0
331050, 1030, 1, 0, 0
331150, 970, 1, 0, 0
331250, 930, 1, 0, 0
331350, 950, 1, 0, 0
331450, 950, 1, 0, 0
331550, 970, 1, 0, 0
331650, 960, 1, 0, 0
331749, 949, 1, 0, 0
331849, 960, 1, 0, 0
331949, 960, 1, 0, 0
332049, 960, 1, 0, 0
332149, 920, 1, 0, 0
332249, 990, 1, 0, 0
332349, 970, 1, 0, 0
332449, 1000, 1, 0, 0
332550, 970, 1, 0, 0
332650, 1000, 1, 0, 0
332750, 970, 1, 0, 0
332850, 910, 1, 0, 0
332950, 980, 1, 0, 0
333050, 960, 1, 0, 0
333150, 990, 1, 0, 0
333249, 1000, 1, 0, 0
333349, 960, 1, 0, 0
333449, 960, 1, 0, 0
333549, 960, 1, 0, 0
333649, 970, 1, 0, 0
333749, 970, 1, 0, 0
333849, 960, 1, 0, 0
333949, 1010, 1, 0, 0
334050, 1010, 1, 0, 0
334150, 990, 1, 0, 0
334249, 949, 1, 0, 0
334349, 950, 1, 0, 0
334449, 970, 1, 0, 0
334549, 1010, 1, 0, 0
334649, 1000, 1, 0, 0
334749, 970, 1, 0, 0
334849, 980, 1, 0, 0
334949, 990, 1, 0, 0
335049, 940, 1, 0, 0
335149, 960, 1, 0, 0
335249, 970, 1, 0, 0
335349, 1000, 1, 0, 0
335450, 1000, 1, 0, 0
335550, 960, 1, 0, 0
335650, 1000, 1, 0, 0
335749, 939, 1, 0, 0
335849, 950, 1, 0, 0
335949, 1000, 1, 0, 0
336049, 980, 1, 0, 0
336149, 980, 1, 0, 0
336249, 970, 1, 0, 0
336349, 960, 1, 0, 0
336449, 970, 1, 0, 0
336549, 970, 1, 0, 0
336649, 960, 1, 0, 0
336750, 990, 1, 0, 0
336850, 910, 1, 0, 0
336950, 1000, 1, 0, 0
337050, 960, 1, 0, 0
337150, 1000, 1, 0, 0
337249, 979, 1, 0, 0
337349, 1000, 1, 0, 0
337449, 1010, 1, 0, 0
337549, 980, 1, 0, 0
337649, 1000, 1, 0, 0
337749, 990, 1, 0, 0
337849, 970, 1, 0, 0
337949, 960, 1, 0, 0
338049, 970, 1, 0, 0
338149, 970, 1, 0, 0
338250, 1020, 1, 0, 0
338350, 940, 1, 0, 0
338450, 990, 1, 0, 0
338550, 950, 1, 0, 0
338650, 950, 1, 0, 0
338749, 969, 1, 0, 0
338849, 990, 1, 0, 0
338949, 980, 1, 0, 0
339049, 960, 1, 0, 0
339149, 990, 1, 0, 0
339249, 890, 1, 0, 0
339349, 950, 1, 0, 0
339449, 1000, 1, 0, 0
339549, 980, 1, 0, 0
339649, 970, 1, 0, 0
339750, 920, 1, 0, 0
339850, 970, 1, 0, 0
339950, 960, 1, 0, 0
340050, 950, 1, 0, 0
340150, 970, 1, 0, 0
340249, 949, 1, 0, 0
340349, 970, 1, 0, 0
340449, 980, 1, 0, 0
340549, 920, 1, 0, 0
340649, 960, 1, 0, 0
340749, 980, 1, 0, 0
340849, 940, 1, 0, 0
340949, 940, 1, 0, 0
341049, 930, 1, 0, 0
341149, 950, 1, 0, 0
341250, 940, 1, 0, 0
341350, 1000, 1, 0, 0
341450, 1010, 1, 0, 0
341550, 960, 1, 0, 0
341650, 980, 1, 0, 0
341749, 949, 1, 0, 0
341849, 990, 1, 0, 0
341949, 920, 1, 0, 0
342049, 1000, 1, 0, 0
342149, 940, 1, 0, 0
342249, 930, 1, 0, 0
342349, 950, 1, 0, 0
342449, 950, 1, 0, 0
342549, 970, 1, 0, 0
342649, 980, 1, 0, 0
342750, 970, 1, 0, 0
342850, 920, 1, 0, 0
342950, 990, 1, 0, 0
343050, 940, 1, 0, 0
343150, 970, 1, 0, 0
343249, 979, 1, 0, 0
343349, 960, 1, 0, 0
343449, 980, 1, 0, 0
343549, 1000, 1, 0, 0
343649, 930, 1, 0, 0
343749, 970, 1, 0, 0
343849, 960, 1, 0, 0
343949, 970, 1, 0, 0
344049, 980, 1, 0, 0
344149, 950, 1, 0, 0
344250, 920, 1, 0, 0
344350, 920, 1, 0, 0
344450, 910, 1, 0, 0
344550, 970, 1, 0, 0
344650, 980, 1, 0, 0
344749, 959, 1, 0, 0
344849, 950, 1, 0, 0
344949, 950, 1, 0, 0
345049, 910, 1, 0, 0
345149, 970, 1, 0, 0
345249, 940, 1, 0, 0
345349, 960, 1, 0, 0
345449, 1000, 1, 0, 0
345549, 950, 1, 0, 0
345649, 940, 1, 0, 0
345750, 930, 1, 0, 0
345850, 900, 1, 0, 0
345950, 930, 1, 0, 0
346050, 970, 1, 0, 0
346150, 910, 1, 0, 0
346249, 959, 1, 0, 0
346349, 890, 1, 0, 0
346449, 960, 1, 0, 0
346549, 940, 1, 0, 0
346649, 930, 1, 0, 0
346749, 930, 1, 0, 0
346849, 860, 1, 0, 0
346949, 960, 1, 0, 0
347050, 970, 1, 0, 0
347150, 950, 1, 0, 0
347250, 890, 1, 0, 0
347350, 970, 1, 0, 0
347450, 890, 1, 0, 0
347550, 910, 1, 0, 0
347650, 910, 1, 0, 0
347749, 909, 1, 0, 0
347849, 940, 1, 0, 0
347949, 900, 1, 0, 0
348049, 930, 1, 0, 0
348149, 940, 1, 0, 0
348250, 940, 1, 0, 0
348350, 930, 1, 0, 0
348450, 920, 1, 0, 0
348550, 960, 1, 0, 0
348650, 930, 1, 0, 0
348749, 919, 1, 0, 0
348849, 950, 1, 0, 0
348949, 930, 1, 0, 0
349049, 940, 1, 0, 0
349149, 930, 1, 0, 0
349249, 920, 1, 0, 0
349349, 1010, 1, 0, 0
349449, 890, 1, 0, 0
349549, 880, 1, 0, 0
349649, 940, 1, 0, 0
349750, 940, 1, 0, 0
349850, 920, 1, 0, 0
349950, 970, 1, 0, 0
350050, 930, 1, 0, 0
350150, 930, 1, 0, 0
350249, 949, 1, 0, 0
350349, 940, 1, 0, 0
350449, 870, 1, 0, 0
350549, 910, 1, 0, 0
350649, 890, 1, 0, 0
350749, 870, 1, 0, 0
350849, 940, 1, 0, 0
350949, 910, 1, 0, 0
351049, 920, 1, 0, 0
351149, 970, 1, 0, 0
351250, 940, 1, 0, 0
351350, 930, 1, 0, 0
351450, 890, 1, 0, 0
351550, 930, 1, 0, 0
351650, 940, 1, 0, 0
351749, 949, 1, 0, 0
351849, 960, 1, 0, 0
351949, 990, 1, 0, 0
352049, 930, 1, 0, 0
352149, 850, 1, 0, 0
352249, 940, 1, 0, 0
352349, 930, 1, 0, 0
352449, 950, 1, 0, 0
352549, 960, 1, 0, 0
352649, 950, 1, 0, 0
352750, 970, 1, 0, 0
352850, 950, 1, 0, 0
352950, 960, 1, 0, 0
353050, 910, 1, 0, 0
353150, 920, 1, 0, 0
353249, 919, 1, 0, 0
353349, 980, 1, 0, 0
353449, 930, 1, 0, 0
353549, 960, 1, 0, 0
353649, 980, 1, 0, 0
353749, 950, 1, 0, 0
353849, 990, 1, 0, 0
353949, 940, 1, 0, 0
354049, 970, 1, 0, 0
354149, 980, 1, 0, 0
354250, 980, 1, 0, 0
354350, 970, 1, 0, 0
354450, 950, 1, 0, 0
354550, 920, 1, 0, 0
354650, 910, 1, 0, 0
354749, 949, 1, 0, 0
354849, 960, 1, 0, 0
354949, 940, 1, 0, 0
355049, 950, 1, 0, 0
355149, 980, 1, 0, 0
355249, 970, 1, 0, 0
355349, 980, 1, 0, 0
355449, 930, 1, 0, 0
355549, 940, 1, 0, 0
355650, 1000, 1, 0, 0
355750, 890, 1, 0, 0
355850, 990, 1, 0, 0
355950, 960, 1, 0, 0
356050, 920, 1, 0, 0
356150, 890, 1, 0, 0
356249, 959, 1, 0, 0
356349, 930, 1, 0, 0
356449, 930, 1, 0, 0
356549, 930, 1, 0, 0
356649, 930, 1, 0, 0
356749, 960, 1, 0, 0
356849, 930, 1, 0, 0
356949, 930, 1, 0, 0
357050, 960, 1, 0, 0
357150, 910, 1, 0, 0
357249, 959, 1, 0, 0
357349, 930, 1, 0, 0
357449, 990, 1, 0, 0
357549, 930, 1, 0, 0
357649, 880, 1, 0, 0
357749, 990, 1, 0, 0
357849, 980, 1, 0, 0
357949, 950, 1, 0, 0
358049, 990, 1, 0, 0
358149, 920, 1, 0, 0
358250, 890, 1, 0, 0
358350, 880, 1, 0, 0
358450, 950, 1, 0, 0
358550, 970, 1, 0, 0
358650, 980, 1, 0, 0
358749, 929, 1, 0, 0
358849, 940, 1, 0, 0
358949, 960, 1, 0, 0
359049, 890, 1, 0, 0
359149, 880, 1, 0, 0
359249, 930, 1, 0, 0
359349, 860, 1, 0, 0
359449, 990, 1, 0, 0
359550, 910, 1, 0, 0
359650, 940, 1, 0, 0
359750, 930, 1, 0, 0
359850, 960, 1, 0, 0
359950, 950, 1, 0, 0
360050, 930, 1, 0, 0
360150, 980, 1, 0, 0
360249, 959, 1, 0, 0
360349, 970, 1, 0, 0
360449, 1010, 1, 0, 0
360549, 980, 1, 0, 0
360649, 930, 1, 0, 0
360749, 990, 1, 0, 0
360849, 950, 1, 0, 0
360949, 960, 1, 0, 0
361050, 920, 1, 0, 0
361150, 920, 1, 0, 0
361250, 950, 1, 0, 0
361350, 910, 1, 0, 0
361450, 960, 1, 0, 0
361550, 1010, 1, 0, 0
361650, 920, 1, 0, 0
361749, 929, 1, 0, 0
361849, 930, 1, 0, 0
361949, 950, 1, 0, 0
362049, 950, 1, 0, 0
362149, 950, 1, 0, 0
362249, 960, 1, 0, 0
362349, 960, 1, 0, 0
362450, 970, 1, 0, 0
362550, 970, 1, 0, 0
362650, 970, 1, 0, 0
362749, 949, 1, 0, 0
362849, 1010, 1, 0, 0
362949, 1000, 1, 0, 0
363049, 980, 1, 0, 0
363149, 910, 1, 0, 0
363249, 970, 1, 0, 0
363349, 960, 1, 0, 0
363449, 980, 1, 0, 0
363549, 940, 1, 0, 0
363649, 970, 1, 0, 0
363750, 970, 1, 0, 0
363850, 970, 1, 0, 0
363950, 950, 1, 0, 0
364050, 980, 1, 0, 0
364150, 1000, 1, 0, 0
364249, 949, 1, 0, 0
364349, 970, 1, 0, 0
364449, 980, 1, 0, 0
364549, 1000, 1, 0, 0
364649, 960, 1, 0, 0
364749, 980, 1, 0, 0
364849, 940, 1, 0, 0
364949, 980, 1, 0, 0
365049, 950, 1, 0, 0
365149, 970, 1, 0, 0
365249, 950, 1, 0, 0
365349, 940, 1, 0, 0
365450, 1000, 1, 0, 0
365550, 980, 1, 0, 0
365650, 970, 1, 0, 0
365750, 980, 1, 0, 0
365850, 960, 1, 0, 0
365950, 960, 1, 0, 0
366050, 940, 1, 0, 0
366150, 1010, 1, 0, 0
366249, 929, 1, 0, 0
366349, 960, 1, 0, 0
366449, 940, 1, 0, 0
366549, 930, 1, 0, 0
366649, 960, 1, 0, 0
366749, 960, 1, 0, 0
366849, 1000, 1, 0, 0
366949, 950, 1, 0, 0
367050, 960, 1, 0, 0
367150, 980, 1, 0, 0
367249, 979, 1, 0, 0
367349, 970, 1, 0, 0
367449, 990, 1, 0, 0
367549, 980, 1, 0, 0
367649, 960, 1, 0, 0
367749, 990, 1, 0, 0
367849, 960, 1, 0, 0
367949, 960, 1, 0, 0
368049, 980, 1, 0, 0
368149, 980, 1, 0, 0
368250, 1000, 1, 0, 0
368350, 950, 1, 0, 0
368450, 970, 1, 0, 0
368550, 950, 1, 0, 0
368650, 970, 1, 0, 0
368749, 1000, 1, 0, 0
368849, 970, 1, 0, 0
368949, 990, 1, 0, 0
369049, 990, 1, 0, 0
369149, 960, 1, 0, 0
369249, 910, 1, 0, 0
369349, 970, 1, 0, 0
369449, 980, 1, 0, 0
369550, 980, 1, 0, 0
369650, 990, 1, 0, 0
369750, 980, 1, 0, 0
369850, 950, 1, 0, 0
369950, 940, 1, 0, 0
370050, 920, 1, 0, 0
370150, 990, 1, 0, 0
370249, 959, 1, 0, 0
370349, 950, 1, 0, 0
370449, 940, 1, 0, 0
370549, 930, 1, 0, 0
370649, 930, 1, 0, 0
370749, 980, 1, 0, 0
370850, 970, 1, 0, 0
370950, 950, 1, 0, 0
371050, 970, 1, 0, 0
371150, 960, 1, 0, 0
371249, 929, 1, 0, 0
371349, 1000, 1, 0, 0
371449, 980, 1, 0, 0
371549, 970, 1, 0, 0
371649, 930, 1, 0, 0
371749, 980, 1, 0, 0
371849, 960, 1, 0, 0
371949, 980, 1, 0, 0
372049, 940, 1, 0, 0
372149, 970, 1, 0, 0
372250, 990, 1, 0, 0
372350, 970, 1, 0, 0
372450, 930, 1, 0, 0
372550, 920, 1, 0, 0
372650, 930, 1, 0, 0
372749, 959, 1, 0, 0
372849, 940, 1, 0, 0
372949, 990, 1, 0, 0
373049, 960, 1, 0, 0
373149, 940, 1, 0, 0
373249, 960, 1, 0, 0
373349, 940, 1, 0, 0
373449, 960, 1, 0, 0
373549, 950, 1, 0, 0
373649, 970, 1, 0, 0
373750, 940, 1, 0, 0
373850, 950, 1, 0, 0
373950, 960, 1, 0, 0
374050, 930, 1, 0, 0
374150, 960, 1, 0, 0
374249, 959, 1, 0, 0
374349, 970, 1, 0, 0
374449, 940, 1, 0, 0
374549, 950, 1, 0, 0
374649, 990, 1, 0, 0
374749, 960, 1, 0, 0
374849, 930, 1, 0, 0
374949, 930, 1, 0, 0
375049, 940, 1, 0, 0
375149, 970, 1, 0, 0
375249, 950, 1, 0, 0
375349, 930, 1, 0, 0
375450, 960, 1, 0, 0
375550, 960, 1, 0, 0
375650, 950, 1, 0, 0
375749, 878, 1, 0, 0
375849, 980, 1, 0, 0
375949, 960, 1, 0, 0
376049, 970, 1, 0, 0
376149, 960, 1, 0, 0
376249, 990, 1, 0, 0
376349, 940, 1, 0, 0
376449, 950, 1, 0, 0
376549, 900, 1, 0, 0
376649, 950, 1, 0, 0
376750, 950, 1, 0, 0
376850, 960, 1, 0, 0
376950, 960, 1, 0, 0
377050, 950, 1, 0, 0
377150, 970, 1, 0, 0
377249, 919, 1, 0, 0
377349, 870, 1, 0, 0
377449, 960, 1, 0, 0
377549, 980, 1, 0, 0
377649, 960, 1, 0, 0
377749, 910, 1, 0, 0
377849, 930, 1, 0, 0
377950, 920, 1, 0, 0
378050, 920, 1, 0, 0
378150, 960, 1, 0, 0
378249, 949, 1, 0, 0
378349, 970, 1, 0, 0
378449, 960, 1, 0, 0
378549, 960, 1, 0, 0
378649, 970, 1, 0, 0
378749, 940, 1, 0, 0
378849, 960, 1, 0, 0
378949, 960, 1, 0, 0
379049, 890, 1, 0, 0
379149, 980, 1, 0, 0
379250, 980, 1, 0, 0
379350, 980, 1, 0, 0
379450, 940, 1, 0, 0
379550, 960, 1, 0, 0
379650, 980, 1, 0, 0
379749, 1000, 1, 0, 0
379849, 950, 1, 0, 0
379949, 950, 1, 0, 0
380049, 980, 1, 0, 0
380149, 980, 1, 0, 0
380249, 960, 1, 0, 0
380349, 960, 1, 0, 0
380449, 980, 1, 0, 0
380549, 970, 1, 0, 0
380649, 930, 1, 0, 0
380750, 990, 1, 0, 0
380850, 980, 1, 0, 0
380950, 950, 1, 0, 0
381050, 1010, 1, 0, 0
381150, 970, 1, 0, 0
381249, 959, 1, 0, 0
381349, 1020, 1, 0, 0
381449, 990, 1, 0, 0
381549, 970, 1, 0, 0
381649, 980, 1, 0, 0
381749, 1010, 1, 0, 0
381849, 1030, 1, 0, 0
381949, 980, 1, 0, 0
382049, 990, 1, 0, 0
382149, 920, 1, 0, 0
382250, 950, 1, 0, 0
382350, 920, 1, 0, 0
382450, 950, 1, 0, 0
382550, 930, 1, 0, 0
382650, 950, 1, 0, 0
382749, 939, 1, 0, 0
382849, 970, 1, 0, 0
382949, 960, 1, 0, 0
383049, 980, 1, 0, 0
383149, 940, 1, 0, 0
383249, 980, 1, 0, 0
383349, 940, 1, 0, 0
383449, 950, 1, 0, 0
383549, 970, 1, 0, 0
383649, 1020, 1, 0, 0
383750, 970, 1, 0, 0
383850, 980, 1, 0, 0
383950, 980, 1, 0, 0
384050, 990, 1, 0, 0
384150, 960, 1, 0, 0
384249, 969, 1, 0, 0
384349, 960, 1, 0, 0
384449, 980, 1, 0, 0
384549, 1010, 1, 0, 0
384649, 940, 1, 0, 0
384749, 980, 1, 0, 0
384849, 940, 1, 0, 0
384949, 940, 1, 0, 0
385049, 990, 1, 0, 0
385149, 960, 1, 0, 0
385250, 940, 1, 0, 0
385350, 880, 1, 0, 0
385450, 960, 1, 0, 0
385550, 960, 1, 0, 0
385650, 980, 1, 0, 0
385749, 1020, 1, 0, 0
385849, 970, 1, 0, 0
385949, 960, 1, 0, 0
386049, 920, 1, 0, 0
386149, 980, 1, 0, 0
386249, 990, 1, 0, 0
386349, 970, 1, 0, 0
386449, 960, 1, 0, 0
386550, 950, 1, 0, 0
386650, 960, 1, 0, 0
386750, 950, 1, 0, 0
386850, 960, 1, 0, 0
386950, 940, 1, 0, 0
387050, 970, 1, 0, 0
387150, 960, 1, 0, 0
387249, 969, 1, 0, 0
387349, 980, 1, 0, 0
387449, 970, 1, 0, 0
387549, 940, 1, 0, 0
387649, 970, 1, 0, 0
387749, 930, 1, 0, 0
387849, 990, 1, 0, 0
387949, 990, 1, 0, 0
388050, 970, 1, 0, 0
388150, 1000, 1, 0, 0
388250, 990, 1, 0, 0
388350, 970, 1, 0, 0
388450, 940, 1, 0, 0
388550, 970, 1, 0, 0
388650, 920, 1, 0, 0
388749, 959, 1, 0, 0
388849, 950, 1, 0, 0
388949, 960, 1, 0, 0
389049, 1000, 1, 0, 0
389149, 920, 1, 0, 0
389249, 1010, 1, 0, 0
389349, 1000, 1, 0, 0
389450, 980, 1, 0, 0
389550, 990, 1, 0, 0
389650, 940, 1, 0, 0
389749, 969, 1, 0, 0
389849, 980, 1, 0, 0
389949, 1000, 1, 0, 0
390049, 980, 1, 0, 0
390149, 970, 1, 0, 0
390249, 970, 1, 0, 0
390349, 1000, 1, 0, 0
390449, 970, 1, 0, 0
390549, 930, 1, 0, 0
390649, 950, 1, 0, 0
390749, 1030, 1, 0, 0
390850, 940, 1, 0, 0
390950, 990, 1, 0, 0
391050, 970, 1, 0, 0
391150, 910, 1, 0, 0
391249, 969, 1, 0, 0
391349, 960, 1, 0, 0
391449, 970, 1, 0, 0
391549, 950, 1, 0, 0
391649, 980, 1, 0, 0
391749, 980, 1, 0, 0
391849, 960, 1, 0, 0
391949, 970, 1, 0, 0
392049, 980, 1, 0, 0
392149, 970, 1, 0, 0
392250, 940, 1, 0, 0
392350, 950, 1, 0, 0
392450, 960, 1, 0, 0
392550, 970, 1, 0, 0
392650, 960, 1, 0, 0
392749, 989, 1, 0, 0
392849, 900, 1, 0, 0
392949, 950, 1, 0, 0
393049, 1000, 1, 0, 0
393149, 920, 1, 0, 0
393249, 930, 1, 0, 0
393349, 970, 1, 0, 0
393449, 930, 1, 0, 0
393549, 940, 1, 0, 0
393649, 940, 1, 0, 0
393750, 920, 1, 0, 0
393850, 960, 1, 0, 0
393950, 970, 1, 0, 0
394050, 970, 1, 0, 0
394150, 990, 1, 0, 0
394249, 959, 1, 0, 0
394349, 890, 1, 0, 0
394449, 950, 1, 0, 0
394549, 940, 1, 0, 0
394649, 1020, 1, 0, 0
394749, 920, 1, 0, 0
394849, 990, 1, 0, 0
394949, 960, 1, 0, 0
395049, 920, 1, 0, 0
395149, 950, 1, 0, 0
395249, 940, 1, 0, 0
395350, 980, 1, 0, 0
395450, 990, 1, 0, 0
395550, 940, 1, 0, 0
395650, 950, 1, 0, 0
395749, 969, 1, 0, 0
395849, 950, 1, 0, 0
395949, 960, 1, 0, 0
396049, 960, 1, 0, 0
396149, 930, 1, 0, 0
396249, 960, 1, 0, 0
396349, 950, 1, 0, 0
396449, 950, 1, 0, 0
396549, 950, 1, 0, 0
396649, 950, 1, 0, 0
396750, 960, 1, 0, 0
396850, 940, 1, 0, 0
396950, 960, 1, 0, 0
397050, 920, 1, 0, 0
397150, 920, 1, 0, 0
397249, 898, 1, 0, 0
397349, 1000, 1, 0, 0
397449, 920, 1, 0, 0
397549, 940, 1, 0, 0
397649, 980, 1, 0, 0
397749, 950, 1, 0, 0
397849, 1000, 1, 0, 0
397949, 970, 1, 0, 0
398050, 970, 1, 0, 0
398150, 930, 1, 0, 0
398250, 970, 1, 0, 0
398350, 890, 1, 0, 0
398450, 900, 1, 0, 0
398550, 960, 1, 0, 0
398650, 930, 1, 0, 0
398749, 949, 1, 0, 0
398849, 1000, 1, 0, 0
398949, 950, 1, 0, 0
399049, 930, 1, 0, 0
399149, 920, 1, 0, 0
399249, 910, 1, 0, 0
399349, 990, 1, 0, 0
399450, 970, 1, 0, 0
399550, 980, 1, 0, 0
399650, 930, 1, 0, 0
399749, 959, 1, 0, 0
399849, 980, 1, 0, 0
399949, 980, 1, 0, 0
400049, 920, 1, 0, 0
400149, 910, 1, 0, 0
400249, 950, 1, 0, 0
400349, 940, 1, 0, 0
400449, 960, 1, 0, 0
400549, 920, 1, 0, 0
400649, 940, 1, 0, 0
400750, 960, 1, 0, 0
400850, 960, 1, 0, 0
400950, 920, 1, 0, 0
401050, 940, 1, 0, 0
401150, 960, 1, 0, 0
401249, 989, 1, 0, 0
401349, 1000, 1, 0, 0
401449, 970, 1, 0, 0
401549, 980, 1, 0, 0
401649, 980, 1, 0, 0
401749, 920, 1, 0, 0
401849, 920, 1, 0, 0
401949, 990, 1, 0, 0
402050, 1020, 1, 0, 0
402150, 950, 1, 0, 0
402250, 910, 1, 0, 0
402350, 970, 1, 0, 0
402450, 950, 1, 0, 0
402550, 970, 1, 0, 0
402650, 950, 1, 0, 0
402749, 969, 1, 0, 0
402849, 970, 1, 0, 0
402949, 980, 1, 0, 0
403049, 960, 1, 0, 0
403149, 950, 1, 0, 0
403249, 950, 1, 0, 0
403349, 970, 1, 0, 0
403449, 920, 1, 0, 0
403550, 920, 1, 0, 0
403650, 980, 1, 0, 0
403750, 1000, 1, 0, 0
403850, 950, 1, 0, 0
403950, 960, 1, 0, 0
404050, 980, 1, 0, 0
404150, 940, 1, 0, 0
404249, 949, 1, 0, 0
404349, 970, 1, 0, 0
404449, 960, 1, 0, 0
404549, 950, 1, 0, 0
404649, 930, 1, 0, 0
404749, 980, 1, 0, 0
404849, 970, 1, 0, 0
404949, 1000, 1, 0, 0
405050, 950, 1, 0, 0
405150, 950, 1, 0, 0
405250, 960, 1, 0, 0
405350, 950, 1, 0, 0
405450, 960, 1, 0, 0
405550, 910, 1, 0, 0
405650, 950, 1, 0, 0
405749, 909, 1, 0, 0
405849, 1000, 1, 0, 0
405949, 930, 1, 0, 0
406049, 910, 1, 0, 0
406149, 950, 1, 0, 0
406249, 950, 1, 0, 0
406349, 970, 1, 0, 0
406449, 960, 1, 0, 0
406550, 920, 1, 0, 0
406650, 950, 1, 0, 0
406750, 930, 1, 0, 0
406850, 950, 1, 0, 0
406950, 950, 1, 0, 0
407050, 940, 1, 0, 0
407150, 950, 1, 0, 0
407249, 979, 1, 0, 0
407349, 950, 1, 0, 0
407449, 940, 1, 0, 0
407549, 960, 1, 0, 0
407649, 910, 1, 0, 0
407749, 920, 1, 0, 0
407849, 930, 1, 0, 0
407949, 960, 1, 0, 0
408050, 920, 1, 0, 0
408150, 930, 1, 0, 0
408250, 930, 1, 0, 0
408350, 990, 1, 0, 0
408450, 960, 1, 0, 0
408550, 940, 1, 0, 0
408650, 950, 1, 0, 0
408749, 979, 1, 0, 0
408849, 940, 1, 0, 0
408949, 910, 1, 0, 0
409049, 920, 1, 0, 0
409149, 980, 1, 0, 0
409249, 980, 1, 0, 0
409349, 950, 1, 0, 0
409449, 920, 1, 0, 0
409550, 940, 1, 0, 0
409650, 970, 1, 0, 0
409750, 940, 1, 0, 0
409850, 950, 1, 0, 0
409950, 950, 1, 0, 0
410050, 1000, 1, 0, 0
410150, 890, 1, 0, 0
410249, 919, 1, 0, 0
410349, 960, 1, 0, 0
410449, 960, 1, 0, 0
410549, 900, 1, 0, 0
410649, 970, 1, 0, 0
410749, 940, 1, 0, 0
410849, 920, 1, 0, 0
410950, 940, 1, 0, 0
411050, 940, 1, 0, 0
411150, 920, 1, 0, 0
411250, 920, 1, 0, 0
411350, 950, 1, 0, 0
411450, 910, 1, 0, 0
411550, 920, 1, 0, 0
411650, 980, 1, 0, 0
411749, 939, 1, 0, 0
411849, 950, 1, 0, 0
411949, 970, 1, 0, 0
412049, 960, 1, 0, 0
412149, 950, 1, 0, 0
412249, 950, 1, 0, 0
412349, 950, 1, 0, 0
412449, 970, 1, 0, 0
412550, 900, 1, 0, 0
412650, 980, 1, 0, 0
412750, 960, 1, 0, 0
412850, 970, 1, 0, 0
412950, 960, 1, 0, 0
413050, 940, 1, 0, 0
413150, 920, 1, 0, 0
413249, 979, 1, 0, 0
413349, 970, 1, 0, 0
413449, 980, 1, 0, 0
413549, 940, 1, 0, 0
413649, 980, 1, 0, 0
413749, 980, 1, 0, 0
413849, 920, 1, 0, 0
413950, 890, 1, 0, 0
414050, 920, 1, 0, 0
414150, 920, 1, 0, 0
414250, 930, 1, 0, 0
414350, 920, 1, 0, 0
414450, 970, 1, 0, 0
414550, 970, 1, 0, 0
414650, 1020, 1, 0, 0
414749, 989, 1, 0, 0
414849, 960, 1, 0, 0
414949, 960, 1, 0, 0
415049, 1010, 1, 0, 0
415149, 960, 1, 0, 0
415249, 1010, 1, 0, 0
415349, 960, 1, 0, 0
415449, 970, 1, 0, 0
415550, 980, 1, 0, 0
415650, 980, 1, 0, 0
415750, 970, 1, 0, 0
415850, 950, 1, 0, 0
415950, 940, 1, 0, 0
416050, 1010, 1, 0, 0
416150, 990, 1, 0, 0
416249, 1050, 1, 0, 0
416349, 960, 1, 0, 0
416449, 950, 1, 0, 0
416549, 990, 1, 0, 0
416649, 960, 1, 0, 0
416749, 940, 1, 0, 0
416849, 940, 1, 0, 0
416949, 950, 1, 0, 0
417050, 980, 1, 0, 0
417150, 950, 1, 0, 0
417250, 990, 1, 0, 0
417350, 970, 1, 0, 0
417450, 960, 1, 0, 0
417550, 950, 1, 0, 0
417650, 1010, 1, 0, 0
417749, 969, 1, 0, 0
417849, 930, 1, 0, 0
417949, 920, 1, 0, 0
418049, 1000, 1, 0, 0
418149, 960, 1, 0, 0
418249, 960, 1, 0, 0
418349, 990, 1, 0, 0
418449, 920, 1, 0, 0
418550, 930, 1, 0, 0
418650, 960, 1, 0, 0
418750, 1010, 1, 0, 0
418850, 990, 1, 0, 0
418950, 950, 1, 0, 0
419050, 950, 1, 0, 0
419150, 1000, 1, 0, 0
419249, 949, 1, 0, 0
419349, 960, 1, 0, 0
419449, 920, 1, 0, 0
419549, 910, 1, 0, 0
419649, 960, 1, 0, 0
419749, 960, 1, 0, 0
419849, 950, 1, 0, 0
419950, 1030, 1, 0, 0
420050, 1010, 1, 0, 0
420150, 950, 1, 0, 0
420249, 979, 1, 0, 0
420349, 1030, 1, 0, 0
420449, 970, 1, 0, 0
420549, 950, 1, 0, 0
420649, 960, 1, 0, 0
420749, 960, 1, 0, 0
420849, 1000, 1, 0, 0
420949, 970, 1, 0, 0
421049, 980, 1, 0, 0
421149, 1030, 1, 0, 0
421250, 950, 1, 0, 0
421350, 980, 1, 0, 0
421450, 920, 1, 0, 0
421550, 1000, 1, 0, 0
421650, 940, 1, 0, 0
421749, 1010, 1, 0, 0
421849, 960, 1, 0, 0
421949, 980, 1, 0, 0
422049, 910, 1, 0, 0
422149, 990, 1, 0, 0
422249, 980, 1, 0, 0
422349, 960, 1, 0, 0
422449, 960, 1, 0, 0
422549, 950, 1, 0, 0
422649, 950, 1, 0, 0
422750, 940, 1, 0, 0
422850, 940, 1, 0, 0
422950, 980, 1, 0, 0
423050, 950, 1, 0, 0
423150, 890, 1, 0, 0
423249, 1000, 1, 0, 0
423349, 930, 1, 0, 0
423449, 990, 1, 0, 0
423549, 960, 1, 0, 0
423649, 1000, 1, 0, 0
423749, 980, 1, 0, 0
423849, 950, 1, 0, 0
423949, 980, 1, 0, 0
424050, 970, 1, 0, 0
424150, 990, 1, 0, 0
424250, 970, 1, 0, 0
424350, 980, 1, 0, 0
424450, 940, 1, 0, 0
424550, 1000, 1, 0, 0
424650, 960, 1, 0, 0
424749, 959, 1, 0, 0
424849, 1010, 1, 0, 0
424949, 960, 1, 0, 0
425049, 980, 1, 0, 0
425149, 960, 1, 0, 0
425249, 970, 1, 0, 0
425349, 990, 1, 0, 0
425449, 970, 1, 0, 0
425550, 960, 1, 0, 0
425650, 980, 1, 0, 0
425750, 960, 1, 0, 0
425850, 930, 1, 0, 0
425950, 950, 1, 0, 0
426050, 970, 1, 0, 0
426150, 970, 1, 0, 0
426249, 1010, 1, 0, 0
426349, 970, 1, 0, 0
426449, 980, 1, 0, 0
426549, 940, 1, 0, 0
426649, 970, 1, 0, 0
426749, 990, 1, 0, 0
426849, 950, 1, 0, 0
426950, 1000, 1, 0, 0
427050, 950, 1, 0, 0
427150, 940, 1, 0, 0
427250, 940, 1, 0, 0
427350, 1000, 1, 0, 0
427450, 950, 1, 0, 0
427550, 950, 1, 0, 0
427650, 990, 1, 0, 0
427749, 959, 1, 0, 0
427849, 990, 1, 0, 0
427949, 940, 1, 0, 0
428049, 990, 1, 0, 0
428149, 990, 1, 0, 0
428249, 950, 1, 0, 0
428350, 950, 1, 0, 0
428450, 980, 1, 0, 0
428550, 1000, 1, 0, 0
428650, 1000, 1, 0, 0
428749, 969, 1, 0, 0
428849, 990, 1, 0, 0
428949, 980, 1, 0, 0
429049, 960, 1, 0, 0
429149, 980, 1, 0, 0
429249, 990, 1, 0, 0
429349, 990, 1, 0, 0
429449, 1000, 1, 0, 0
429549, 960, 1, 0, 0
429649, 990, 1, 0, 0
429750, 960, 1, 0, 0
429850, 990, 1, 0, 0
429950, 970, 1, 0, 0
430050, 970, 1, 0, 0
430150, 970, 1, 0, 0
430249, 979, 1, 0, 0
430349, 910, 1, 0, 0
430449, 930, 1, 0, 0
430549, 990, 1, 0, 0
430649, 910, 1, 0, 0
430749, 960, 1, 0, 0
430849, 940, 1, 0, 0
430949, 960, 1, 0, 0
431049, 960, 1, 0, 0
431149, 960, 1, 0, 0
431250, 950, 1, 0, 0
431350, 950, 1, 0, 0
431450, 960, 1, 0, 0
431550, 970, 1, 0, 0
431650, 960, 1, 0, 0
431749, 989, 1, 0, 0
431849, 950, 1, 0, 0
431949, 990, 1, 0, 0
432049, 980, 1, 0, 0
432149, 1020, 1, 0, 0
432249, 950, 1, 0, 0
432349, 960, 1, 0, 0
432449, 950, 1, 0, 0
432549, 920, 1, 0, 0
432649, 900, 1, 0, 0
432750, 940, 1, 0, 0
432850, 910, 1, 0, 0
432950, 890, 1, 0, 0
433050, 910, 1, 0, 0
433150, 950, 1, 0, 0
433249, 898, 1, 0, 0
433349, 960, 1, 0, 0
433449, 970, 1, 0, 0
433549, 920, 1, 0, 0
433649, 980, 1, 0, 0
433749, 950, 1, 0, 0
433849, 970, 1, 0, 0
433949, 950, 1, 0, 0
434050, 920, 1, 0, 0
434150, 920, 1, 0, 0
434250, 920, 1, 0, 0
434350, 910, 1, 0, 0
434450, 960, 1, 0, 0
434550, 950, 1, 0, 0
434650, 970, 1, 0, 0
434749, 919, 1, 0, 0
434849, 940, 1, 0, 0
434949, 930, 1, 0, 0
435049, 950, 1, 0, 0
435149, 960, 1, 0, 0
435249, 930, 1, 0, 0
435349, 940, 1, 0, 0
435449, 910, 1, 0, 0
435550, 900, 1, 0, 0
435650, 920, 1, 0, 0
435750, 940, 1, 0, 0
435850, 960, 1, 0, 0
435950, 950, 1, 0, 0
436050, 920, 1, 0, 0
436150, 960, 1, 0, 0
436249, 929, 1, 0, 0
436349, 920, 1, 0, 0
436449, 980, 1, 0, 0
436549, 930, 1, 0, 0
436649, 780, 1, 0, 0
436749, 970, 1, 0, 0
436850, 890, 1, 0, 0
436950, 900, 1, 0, 0
437050, 930, 1, 0, 0
437150, 930, 1, 0, 0
437249, 939, 1, 0, 0
437349, 940, 1, 0, 0
437449, 900, 1, 0, 0
437549, 910, 1, 0, 0
437649, 890, 1, 0, 0
437749, 950, 1, 0, 0
437849, 950, 1, 0, 0
437949, 960, 1, 0, 0
438049, 990, 1, 0, 0
438149, 980, 1, 0, 0
438250, 950, 1, 0, 0
438350, 950, 1, 0, 0
438450, 960, 1, 0, 0
438550, 970, 1, 0, 0
438650, 950, 1, 0, 0
438749, 949, 1, 0, 0
438849, 1020, 1, 0, 0
438949, 930, 1, 0, 0
439049, 970, 1, 0, 0
439149, 960, 1, 0, 0
439249, 980, 1, 0, 0
439349, 980, 1, 0, 0
439449, 990, 1, 0, 0
439549, 920, 1, 0, 0
439650, 950, 1, 0, 0
439750, 900, 1, 0, 0
439850, 960, 1, 0, 0
439950, 970, 1, 0, 0
440050, 960, 1, 0, 0
440150, 960, 1, 0, 0
440249, 939, 1, 0, 0
440349, 920, 1, 0, 0
440449, 990, 1, 0, 0
440549, 1020, 1, 0, 0
440649, 970, 1, 0, 0
440749, 970, 1, 0, 0
440849, 1020, 1, 0, 0
440949, 970, 1, 0, 0
441050, 950, 1, 0, 0
441150, 940, 1, 0, 0
441250, 990, 1, 0, 0
441350, 970, 1, 0, 0
441450, 950, 1, 0, 0
441550, 970, 1, 0, 0
441650, 910, 1, 0, 0
441749, 929, 1, 0, 0
441849, 1000, 1, 0, 0
441949, 930, 1, 0, 0
442049, 960, 1, 0, 0
442149, 990, 1, 0, 0
442249, 990, 1, 0, 0
442349, 1000, 1, 0, 0
442449, 980, 1, 0, 0
442550, 1030, 1, 0, 0
442650, 1000, 1, 0, 0
442750, 980, 1, 0, 0
442850, 970, 1, 0, 0
442950, 1020, 1, 0, 0
443050, 950, 1, 0, 0
443150, 950, 1, 0, 0
443249, 969, 1, 0, 0
443349, 1000, 1, 0, 0
443449, 960, 1, 0, 0
443549, 930, 1, 0, 0
443649, 960, 1, 0, 0
443749, 970, 1, 0, 0
443849, 930, 1, 0, 0
443949, 990, 1, 0, 0
444050, 960, 1, 0, 0
444150, 940, 1, 0, 0
444250, 980, 1, 0, 0
444350, 930, 1, 0, 0
444450, 1000, 1, 0, 0
444550, 990, 1, 0, 0
444650, 920, 1, 0, 0
444749, 979, 1, 0, 0
444849, 960, 1, 0, 0
444949, 980, 1, 0, 0
445049, 1010, 1, 0, 0
445149, 970, 1, 0, 0
445249, 1000, 1, 0, 0
445349, 980, 1, 0, 0
445449, 970, 1, 0, 0
445550, 970, 1, 0, 0
445650, 970, 1, 0, 0
445750, 940, 1, 0, 0
445850, 970, 1, 0, 0
445950, 980, 1, 0, 0
446050, 980, 1, 0, 0
446150, 970, 1, 0, 0
446249, 919, 1, 0, 0
446349, 950, 1, 0, 0
446449, 980, 1, 0, 0
446549, 980, 1, 0, 0
446649, 1000, 1, 0, 0
446749, 930, 1, 0, 0
446849, 990, 1, 0, 0
446949, 980, 1, 0, 0
447050, 950, 1, 0, 0
447150, 940, 1, 0, 0
447250, 950, 1, 0, 0
447350, 920, 1, 0, 0
447450, 960, 1, 0, 0
447550, 940, 1, 0, 0
447650, 960, 1, 0, 0
447749, 949, 1, 0, 0
447849, 920, 1, 0, 0
447949, 920, 1, 0, 0
448049, 930, 1, 0, 0
448149, 920, 1, 0, 0
448249, 940, 1, 0, 0
448350, 940, 1, 0, 0
448450, 920, 1, 0, 0
448550, 980, 1, 0, 0
448650, 900, 1, 0, 0
448749, 949, 1, 0, 0
448849, 890, 1, 0, 0
448949, 1020, 1, 0, 0
449049, 980, 1, 0, 0
449149, 920, 1, 0, 0
449249, 860, 1, 0, 0
449349, 900, 1, 0, 0
449449, 940, 1, 0, 0
449550, 980, 1, 0, 0
449650, 960, 1, 0, 0
449750, 960, 1, 0, 0
449850, 970, 1, 0, 0
449950, 930, 1, 0, 0
450050, 930, 1, 0, 0
450150, 990, 1, 0, 0
450249, 969, 1, 0, 0
450349, 960, 1, 0, 0
450449, 960, 1, 0, 0
450549, 980, 1, 0, 0
450649, 920, 1, 0, 0
450749, 980, 1, 0, 0
450850, 950, 1, 0, 0
450950, 970, 1, 0, 0
451050, 960, 1, 0, 0
451150, 970, 1, 0, 0
451249, 919, 1, 0, 0
451349, 940, 1, 0, 0
451449, 940, 1, 0, 0
451549, 940, 1, 0, 0
451649, 910, 1, 0, 0
451749, 930, 1, 0, 0
451849, 970, 1, 0, 0
451949, 960, 1, 0, 0
452049, 960, 1, 0, 0
452149, 890, 1, 0, 0
452250, 940, 1, 0, 0
452350, 890, 1, 0, 0
452450, 930, 1, 0, 0
452550, 930, 1, 0, 0
452650, 900, 1, 0, 0
452749, 939, 1, 0, 0
452849, 920, 1, 0, 0
452949, 910, 1, 0, 0
453049, 940, 1, 0, 0
453149, 900, 1, 0, 0
453249, 940, 1, 0, 0
453349, 910, 1, 0, 0
453449, 930, 1, 0, 0
453550, 960, 1, 0, 0
453650, 950, 1, 0, 0
453750, 960, 1, 0, 0
453850, 1000, 1, 0, 0
453950, 950, 1, 0, 0
454050, 980, 1, 0, 0
454150, 960, 1, 0, 0
454249, 979, 1, 0, 0
454349, 970, 1, 0, 0
454449, 980, 1, 0, 0
454549, 940, 1, 0, 0
454649, 970, 1, 0, 0
454749, 940, 1, 0, 0
454849, 970, 1, 0, 0
454949, 940, 1, 0, 0
455050, 960, 1, 0, 0
455150, 990, 1, 0, 0
455250, 970, 1, 0, 0
455350, 960, 1, 0, 0
455450, 940, 1, 0, 0
455550, 930, 1, 0, 0
455650, 970, 1, 0, 0
455749, 979, 1, 0, 0
455849, 970, 1, 0, 0
455949, 1020, 1, 0, 0
456049, 990, 1, 0, 0
456149, 930, 1, 0, 0
456249, 1000, 1, 0, 0
456349, 960, 1, 0, 0
456450, 980, 1, 0, 0
456550, 920, 1, 0, 0
456650, 980, 1, 0, 0
456750, 990, 1, 0, 0
456850, 990, 1, 0, 0
456950, 950, 1, 0, 0
457050, 1000, 1, 0, 0
457150, 1000, 1, 0, 0
457249, 989, 1, 0, 0
457349, 970, 1, 0, 0
457449, 960, 1, 0, 0
457549, 990, 1, 0, 0
457649, 930, 1, 0, 0
457749, 960, 1, 0, 0
457849, 1000, 1, 0, 0
457950, 950, 1, 0, 0
458050, 970, 1, 0, 0
458150, 980, 1, 0, 0
458250, 970, 1, 0, 0
458350, 990, 1, 0, 0
458450, 980, 1, 0, 0
458550, 990, 1, 0, 0
458650, 950, 1, 0, 0
458749, 979, 1, 0, 0
458849, 990, 1, 0, 0
458949, 1000, 1, 0, 0
459049, 970, 1, 0, 0
459149, 1020, 1, 0, 0
459249, 970, 1, 0, 0
459349, 970, 1, 0, 0
459450, 950, 1, 0, 0
459550, 1000, 1, 0, 0
459650, 960, 1, 0, 0
459750, 970, 1, 0, 0
459850, 1000, 1, 0, 0
459950, 960, 1, 0, 0
460050, 1000, 1, 0, 0
460150, 1010, 1, 0, 0
460249, 959, 1, 0, 0
460349, 960, 1, 0, 0
460449, 950, 1, 0, 0
460549, 990, 1, 0, 0
460649, 1010, 1, 0, 0
460749, 980, 1, 0, 0
460849, 1000, 1, 0, 0
460950, 1000, 1, 0, 0
461050, 980, 1, 0, 0
461150, 920, 1, 0, 0
461250, 980, 1, 0, 0
461350, 930, 1, 0, 0
461450, 960, 1, 0, 0
461550, 1030, 1, 0, 0
461650, 1010, 1, 0, 0
461749, 939, 1, 0, 0
461849, 930, 1, 0, 0
461949, 970, 1, 0, 0
462049, 910, 1, 0, 0
462149, 990, 1, 0, 0
462249, 1000, 1, 0, 0
462349, 980, 1, 0, 0
462449, 1020, 1, 0, 0
462550, 980, 1, 0, 0
462650, 980, 1, 0, 0
462750, 940, 1, 0, 0
462850, 900, 1, 0, 0
462950, 990, 1, 0, 0
463050, 1020, 1, 0, 0
463150, 1010, 1, 0, 0
463249, 989, 1, 0, 0
463349, 960, 1, 0, 0
463449, 980, 1, 0, 0
463549, 980, 1, 0, 0
463649, 940, 1, 0, 0
463749, 950, 1, 0, 0
463849, 910, 1, 0, 0
463949, 1000, 1, 0, 0
464050, 980, 1, 0, 0
464150, 970, 1, 0, 0
464250, 920, 1, 0, 0
464350, 920, 1, 0, 0
464450, 890, 1, 0, 0
464550, 930, 1, 0, 0
464650, 980, 1, 0, 0
464749, 959, 1, 0, 0
464849, 970, 1, 0, 0
464949, 950, 1, 0, 0
465049, 950, 1, 0, 0
465149, 920, 1, 0, 0
465250, 990, 1, 0, 0
465350, 980, 1, 0, 0
465450, 1000, 1, 0, 0
465550, 970, 1, 0, 0
465650, 980, 1, 0, 0
465749, 979, 1, 0, 0
465849, 950, 1, 0, 0
465949, 940, 1, 0, 0
466049, 970, 1, 0, 0
466149, 990, 1, 0, 0
466249, 980, 1, 0, 0
466349, 960, 1, 0, 0
466449, 980, 1, 0, 0
466549, 970, 1, 0, 0
466649, 990, 1, 0, 0
466750, 980, 1, 0, 0
466850, 960, 1, 0, 0
466950, 960, 1, 0, 0
467050, 1000, 1, 0, 0
467150, 980, 1, 0, 0
467249, 949, 1, 0, 0
467349, 1000, 1, 0, 0
467449, 1020, 1, 0, 0
467549, 960, 1, 0, 0
467649, 940, 1, 0, 0
467749, 1000, 1, 0, 0
467849, 960, 1, 0, 0
467949, 970, 1, 0, 0
468049, 990, 1, 0, 0
468150, 990, 1, 0, 0
468250, 1020, 1, 0, 0
468350, 960, 1, 0, 0
468450, 1010, 1, 0, 0
468550, 950, 1, 0, 0
468650, 970, 1, 0, 0
468749, 959, 1, 0, 0
468849, 970, 1, 0, 0
468949, 970, 1, 0, 0
469049, 940, 1, 0, 0
469149, 1030, 1, 0, 0
469249, 950, 1, 0, 0
469349, 970, 1, 0, 0
469449, 950, 1, 0, 0
469550, 980, 1, 0, 0
469650, 970, 1, 0, 0
469750, 920, 1, 0, 0
469850, 980, 1, 0, 0
469950, 920, 1, 0, 0
470050, 990, 1, 0, 0
470150, 950, 1, 0, 0
470249, 1030, 1, 0, 0
470349, 950, 1, 0, 0
470449, 980, 1, 0, 0
470549, 970, 1, 0, 0
470649, 980, 1, 0, 0
470749, 940, 1, 0, 0
470849, 980, 1, 0, 0
470949, 970, 1, 0, 0
471050, 930, 1, 0, 0
471150, 980, 1, 0, 0
471250, 990, 1, 0, 0
471350, 950, 1, 0, 0
471450, 990, 1, 0, 0
471550, 1010, 1, 0, 0
471650, 1010, 1, 0, 0
471749, 969, 1, 0, 0
471849, 980, 1, 0, 0
471949, 980, 1, 0, 0
472049, 970, 1, 0, 0
472149, 970, 1, 0, 0
472249, 960, 1, 0, 0
472349, 960, 1, 0, 0
472449, 920, 1, 0, 0
472550, 910, 1, 0, 0
472650, 970, 1, 0, 0
472750, 950, 1, 0, 0
472850, 980, 1, 0, 0
472950, 930, 1, 0, 0
473050, 960, 1, 0, 0
473150, 990, 1, 0, 0
473249, 949, 1, 0, 0
473349, 980, 1, 0, 0
473449, 950, 1, 0, 0
473549, 990, 1, 0, 0
473649, 920, 1, 0, 0
473749, 930, 1, 0, 0
473849, 960, 1, 0, 0
473949, 960, 1, 0, 0
474050, 970, 1, 0, 0
474150, 940, 1, 0, 0
474250, 930, 1, 0, 0
474350, 970, 1, 0, 0
474450, 970, 1, 0, 0
474550, 980, 1, 0, 0
474650, 970, 1, 0, 0
474749, 979, 1, 0, 0
474849, 940, 1, 0, 0
474949, 880, 1, 0, 0
475049, 970, 1, 0, 0
475149, 970, 1, 0, 0
475250, 950, 1, 0, 0
475350, 930, 1, 0, 0
475450, 960, 1, 0, 0
475550, 960, 1, 0, 0
475650, 980, 1, 0, 0
475749, 1010, 1, 0, 0
475849, 960, 1, 0, 0
475949, 990, 1, 0, 0
476049, 950, 1, 0, 0
476149, 980, 1, 0, 0
476249, 960, 1, 0, 0
476349, 950, 1, 0, 0
476449, 960, 1, 0, 0
476549, 960, 1, 0, 0
476650, 900, 1, 0, 0
476750, 900, 1, 0, 0
476850, 910, 1, 0, 0
476950, 1000, 1, 0, 0
477050, 990, 1, 0, 0
477150, 930, 1, 0, 0
477249, 979, 1, 0, 0
477349, 950, 1, 0, 0
477449, 970, 1, 0, 0
477549, 980, 1, 0, 0
477649, 940, 1, 0, 0
477749, 950, 1, 0, 0
477849, 960, 1, 0, 0
477949, 980, 1, 0, 0
478050, 970, 1, 0, 0
478150, 940, 1, 0, 0
478250, 910, 1, 0, 0
478350, 890, 1, 0, 0
478450, 930, 1, 0, 0
478550, 940, 1, 0, 0
478650, 970, 1, 0, 0
478749, 909, 1, 0, 0
478849, 930, 1, 0, 0
478949, 960, 1, 0, 0
479049, 920, 1, 0, 0
479149, 980, 1, 0, 0
479249, 990, 1, 0, 0
479349, 940, 1, 0, 0
479450, 930, 1, 0, 0
479550, 950, 1, 0, 0
479650, 940, 1, 0, 0
479750, 930, 1, 0, 0
479850, 960, 1, 0, 0
479950, 960, 1, 0, 0
480050, 950, 1, 0, 0
480150, 960, 1, 0, 0
480249, 909, 1, 0, 0
480349, 970, 1, 0, 0
480449, 960, 1, 0, 0
480549, 940, 1, 0, 0
480649, 950, 1, 0, 0
480750, 980, 1, 0, 0
480850, 970, 1, 0, 0
480950, 970, 1, 0, 0
481050, 970, 1, 0, 0
481150, 930, 1, 0, 0
481249, 939, 1, 0, 0
481349, 920, 1, 0, 0
481449, 960, 1, 0, 0
481549, 950, 1, 0, 0
481649, 970, 1, 0, 0
481749, 960, 1, 0, 0
481849, 970, 1, 0, 0
481949, 950, 1, 0, 0
482049, 910, 1, 0, 0
482149, 980, 1, 0, 0
482249, 1000, 1, 0, 0
482350, 930, 1, 0, 0
482450, 960, 1, 0, 0
482550, 950, 1, 0, 0
482650, 970, 1, 0, 0
482750, 960, 1, 0, 0
482850, 940, 1, 0, 0
482950, 960, 1, 0, 0
483050, 930, 1, 0, 0
483150, 950, 1, 0, 0
483249, 939, 1, 0, 0
483349, 940, 1, 0, 0
483449, 1010, 1, 0, 0
483549, 890, 1, 0, 0
483649, 950, 1, 0, 0
483749, 980, 1, 0, 0
483849, 990, 1, 0, 0
483949, 950, 1, 0, 0
484050, 970, 1, 0, 0
484150, 960, 1, 0, 0
484250, 950, 1, 0, 0
484350, 980, 1, 0, 0
484450, 940, 1, 0, 0
484550, 1020, 1, 0, 0
484650, 930, 1, 0, 0
484749, 959, 1, 0, 0
484849, 990, 1, 0, 0
484949, 960, 1, 0, 0
485049, 970, 1, 0, 0
485149, 970, 1, 0, 0
485249, 970, 1, 0, 0
485349, 970, 1, 0, 0
485449, 980, 1, 0, 0
485550, 920, 1, 0, 0
485650, 970, 1, 0, 0
485750, 980, 1, 0, 0
485850, 980, 1, 0, 0
485950, 1000, 1, 0, 0
486050, 980, 1, 0, 0
486150, 950, 1, 0, 0
486249, 959, 1, 0, 0
486349, 960, 1, 0, 0
486449, 930, 1, 0, 0
486549, 940, 1, 0, 0
486649, 940, 1, 0, 0
486749, 970, 1, 0, 0
486849, 990, 1, 0, 0
486949, 1020, 1, 0, 0
487050, 960, 1, 0, 0
487150, 950, 1, 0, 0
487250, 950, 1, 0, 0
487350, 950, 1, 0, 0
487450, 960, 1, 0, 0
487550, 910, 1, 0, 0
487650, 940, 1, 0, 0
487749, 949, 1, 0, 0
487849, 990, 1, 0, 0
487949, 900, 1, 0, 0
488049, 940, 1, 0, 0
488149, 960, 1, 0, 0
488249, 940, 1, 0, 0
488350, 950, 1, 0, 0
488450, 950, 1, 0, 0
488550, 910, 1, 0, 0
488650, 1000, 1, 0, 0
488749, 919, 1, 0, 0
488849, 940, 1, 0, 0
488949, 950, 1, 0, 0
489049, 980, 1, 0, 0
489149, 970, 1, 0, 0
489249, 940, 1, 0, 0
489349, 950, 1, 0, 0
489449, 990, 1, 0, 0
489549, 950, 1, 0, 0
489649, 900, 1, 0, 0
489749, 920, 1, 0, 0
489850, 970, 1, 0, 0
489950, 960, 1, 0, 0
490050, 960, 1, 0, 0
490150, 950, 1, 0, 0
490249, 979, 1, 0, 0
490349, 990, 1, 0, 0
490449, 990, 1, 0, 0
490549, 950, 1, 0, 0
490649, 900, 1, 0, 0
490749, 990, 1, 0, 0
490849, 940, 1, 0, 0
490949, 960, 1, 0, 0
491049, 970, 1, 0, 0
491149, 980, 1, 0, 0
491250, 960, 1, 0, 0
491350, 990, 1, 0, 0
491450, 940, 1, 0, 0
491550, 970, 1, 0, 0
491650, 980, 1, 0, 0
491749, 949, 1, 0, 0
491849, 970, 1, 0, 0
491949, 970, 1, 0, 0
492049, 930, 1, 0, 0
492149, 930, 1, 0, 0
492249, 950, 1, 0, 0
492349, 890, 1, 0, 0
492449, 960, 1, 0, 0
492550, 950, 1, 0, 0
492650, 950, 1, 0, 0
492750, 970, 1, 0, 0
492850, 950, 1, 0, 0
492950, 970, 1, 0, 0
493050, 940, 1, 0, 0
493150, 930, 1, 0, 0
493249, 939, 1, 0, 0
493349, 930, 1, 0, 0
493449, 950, 1, 0, 0
493549, 950, 1, 0, 0
493649, 950, 1, 0, 0
493749, 930, 1, 0, 0
493849, 980, 1, 0, 0
493950, 980, 1, 0, 0
494050, 940, 1, 0, 0
494150, 930, 1, 0, 0
494250, 950, 1, 0, 0
494350, 960, 1, 0, 0
494450, 930, 1, 0, 0
494550, 980, 1, 0, 0
494650, 990, 1, 0, 0
494749, 939, 1, 0, 0
494849, 930, 1, 0, 0
494949, 960, 1, 0, 0
495049, 940, 1, 0, 0
495149, 940, 1, 0, 0
495250, 990, 1, 0, 0
495350, 970, 1, 0, 0
495450, 930, 1, 0, 0
495550, 950, 1, 0, 0
495650, 960, 1, 0, 0
495749, 959, 1, 0, 0
495849, 1000, 1, 0, 0
495949, 960, 1, 0, 0
496049, 900, 1, 0, 0
496149, 930, 1, 0, 0
496249, 920, 1, 0, 0
496349, 930, 1, 0, 0
496449, 1000, 1, 0, 0
496549, 940, 1, 0, 0
496650, 960, 1, 0, 0
496750, 970, 1, 0, 0
496850, 920, 1, 0, 0
496950, 960, 1, 0, 0
497050, 970, 1, 0, 0
497150, 940, 1, 0, 0
497249, 959, 1, 0, 0
497349, 930, 1, 0, 0
497449, 960, 1, 0, 0
497549, 930, 1, 0, 0
497649, 980, 1, 0, 0
497749, 930, 1, 0, 0
497849, 990, 1, 0, 0
497950, 960, 1, 0, 0
498050, 980, 1, 0, 0
498150, 940, 1, 0, 0
498250, 940, 1, 0, 0
498350, 990, 1, 0, 0
498450, 1000, 1, 0, 0
498550, 970, 1, 0, 0
498650, 970, 1, 0, 0
498749, 1010, 1, 0, 0
498849, 940, 1, 0, 0
498949, 960, 1, 0, 0
499049, 950, 1, 0, 0
499149, 990, 1, 0, 0
499249, 950, 1, 0, 0
499350, 990, 1, 0, 0
499450, 940, 1, 0, 0
499550, 990, 1, 0, 0
499650, 1010, 1, 0, 0
499749, 979, 1, 0, 0
499849, 940, 1, 0, 0
499949, 950, 1, 0, 0
500049, 960, 1, 0, 0
500149, 950, 1, 0, 0
500249, 940, 1, 0, 0
500349, 940, 1, 0, 0
500449, 940, 1, 0, 0
500549, 950, 1, 0, 0
500649, 970, 1, 0, 0
500750, 970, 1, 0, 0
500850, 960, 1, 0, 0
500950, 940, 1, 0, 0
501050, 1000, 1, 0, 0
501150, 980, 1, 0, 0
501249, 959, 1, 0, 0
501349, 910, 1, 0, 0
501449, 960, 1, 0, 0
501549, 910, 1, 0, 0
501649, 960, 1, 0, 0
501749, 920, 1, 0, 0
501849, 980, 1, 0, 0
501949, 970, 1, 0, 0
502049, 950, 1, 0, 0
502149, 990, 1, 0, 0
502250, 940, 1, 0, 0
502350, 930, 1, 0, 0
502450, 980, 1, 0, 0
502550, 920, 1, 0, 0
502650, 970, 1, 0, 0
502749, 969, 1, 0, 0
502849, 970, 1, 0, 0
502949, 1010, 1, 0, 0
503049, 950, 1, 0, 0
503149, 980, 1, 0, 0
503249, 960, 1, 0, 0
503349, 970, 1, 0, 0
503449, 990, 1, 0, 0
503549, 1000, 1, 0, 0
503650, 930, 1, 0, 0
503750, 970, 1, 0, 0
503850, 990, 1, 0, 0
503950, 970, 1, 0, 0
504050, 970, 1, 0, 0
504150, 980, 1, 0, 0
504249, 949, 1, 0, 0
504349, 970, 1, 0, 0
504449, 990, 1, 0, 0
504549, 960, 1, 0, 0
504649, 940, 1, 0, 0
504749, 910, 1, 0, 0
504849, 950, 1, 0, 0
504950, 970, 1, 0, 0
505050, 980, 1, 0, 0
505150, 960, 1, 0, 0
505250, 970, 1, 0, 0
505350, 980, 1, 0, 0
505450, 980, 1, 0, 0
505550, 980, 1, 0, 0
505650, 1000, 1, 0, 0
505749, 939, 1, 0, 0
505849, 980, 1, 0, 0
505949, 990, 1, 0, 0
506049, 1010, 1, 0, 0
506149, 970, 1, 0, 0
506249, 980, 1, 0, 0
506349, 980, 1, 0, 0
506450, 980, 1, 0, 0
506550, 960, 1, 0, 0
506650, 960, 1, 0, 0
506750, 960, 1, 0, 0
506850, 890, 1, 0, 0
506950, 960, 1, 0, 0
507050, 970, 1, 0, 0
507150, 920, 1, 0, 0
507249, 969, 1, 0, 0
507349, 980, 1, 0, 0
507449, 950, 1, 0, 0
507549, 960, 1, 0, 0
507649, 970, 1, 0, 0
507749, 960, 1, 0, 0
507849, 960, 1, 0, 0
507949, 950, 1, 0, 0
508050, 960, 1, 0, 0
508150, 980, 1, 0, 0
508250, 970, 1, 0, 0
508350, 1000, 1, 0, 0
508450, 960, 1, 0, 0
508550, 980, 1, 0, 0
508650, 990, 1, 0, 0
508749, 989, 1, 0, 0
508849, 980, 1, 0, 0
508949, 970, 1, 0, 0
509049, 960, 1, 0, 0
509149, 950, 1, 0, 0
509249, 980, 1, 0, 0
509349, 970, 1, 0, 0
509449, 980, 1, 0, 0
509550, 980, 1, 0, 0
509650, 930, 1, 0, 0
509750, 980, 1, 0, 0
509850, 950, 1, 0, 0
509950, 970, 1, 0, 0
510050, 990, 1, 0, 0
510150, 960, 1, 0, 0
510249, 969, 1, 0, 0
510349, 930, 1, 0, 0
510449, 1000, 1, 0, 0
510549, 990, 1, 0, 0
510649, 980, 1, 0, 0
510750, 980, 1, 0, 0
510850, 980, 1, 0, 0
510950, 940, 1, 0, 0
511050, 980, 1, 0, 0
511150, 1000, 1, 0, 0
511249, 1000, 1, 0, 0
511349, 980, 1, 0, 0
511449, 990, 1, 0, 0
511549, 1010, 1, 0, 0
511649, 990, 1, 0, 0
511749, 1030, 1, 0, 0
511849, 1000, 1, 0, 0
511949, 970, 1, 0, 0
512050, 1030, 1, 0, 0
512150, 950, 1, 0, 0
512250, 960, 1, 0, 0
512350, 930, 1, 0, 0
512450, 970, 1, 0, 0
512550, 980, 1, 0, 0
512650, 1020, 1, 0, 0
512749, 939, 1, 0, 0
512849, 950, 1, 0, 0
512949, 1000, 1, 0, 0
513049, 1010, 1, 0, 0
513149, 970, 1, 0, 0
513249, 950, 1, 0, 0
513349, 970, 1, 0, 0
513449, 990, 1, 0, 0
513550, 990, 1, 0, 0
513650, 970, 1, 0, 0
513750, 1000, 1, 0, 0
513850, 980, 1, 0, 0
513950, 980, 1, 0, 0
514050, 970, 1, 0, 0
514150, 920, 1, 0, 0
514249, 1000, 1, 0, 0
514349, 990, 1, 0, 0
514449, 950, 1, 0, 0
514549, 990, 1, 0, 0
514649, 950, 1, 0, 0
514749, 990, 1, 0, 0
514850, 970, 1, 0, 0
514950, 930, 1, 0, 0
515050, 990, 1, 0, 0
515150, 970, 1, 0, 0
515249, 1040, 1, 0, 0
515349, 1010, 1, 0, 0
515449, 940, 1, 0, 0
515549, 940, 1, 0, 0
515649, 960, 1, 0, 0
515749, 1010, 1, 0, 0
515849, 950, 1, 0, 0
515949, 970, 1, 0, 0
516049, 980, 1, 0, 0
516150, 970, 1, 0, 0
516250, 990, 1, 0, 0
516350, 970, 1, 0, 0
516450, 1000, 1, 0, 0
516550, 1010, 1, 0, 0
516650, 960, 1, 0, 0
516749, 969, 1, 0, 0
516849, 980, 1, 0, 0
516949, 950, 1, 0, 0
517049, 960, 1, 0, 0
517149, 940, 1, 0, 0
517249, 980, 1, 0, 0
517349, 940, 1, 0, 0
517449, 1010, 1, 0, 0
517549, 980, 1, 0, 0
517650, 910, 1, 0, 0
517750, 980, 1, 0, 0
517850, 1000, 1, 0, 0
517950, 960, 1, 0, 0
518050, 1000, 1, 0, 0
518150, 1010, 1, 0, 0
518249, 959, 1, 0, 0
518349, 960, 1, 0, 0
518449, 1000, 1, 0, 0
518549, 990, 1, 0, 0
518649, 940, 1, 0, 0
518749, 980, 1, 0, 0
518849, 950, 1, 0, 0
518949, 1010, 1, 0, 0
519050, 990, 1, 0, 0
519150, 840, 1, 0, 0
519250, 950, 1, 0, 0
519350, 980, 1, 0, 0
519450, 970, 1, 0, 0
519550, 960, 1, 0, 0
519650, 960, 1, 0, 0
519749, 969, 1, 0, 0
519849, 980, 1, 0, 0
519949, 1010, 1, 0, 0
520049, 1000, 1, 0, 0
520149, 980, 1, 0, 0
520249, 990, 1, 0, 0
520349, 960, 1, 0, 0
520449, 970, 1, 0, 0
520549, 940, 1, 0, 0
520649, 940, 1, 0, 0
520750, 980, 1, 0, 0
520850, 960, 1, 0, 0
520950, 1000, 1, 0, 0
521050, 980, 1, 0, 0
521150, 930, 1, 0, 0
521249, 969, 1, 0, 0
521349, 980, 1, 0, 0
521449, 1010, 1, 0, 0
521549, 970, 1, 0, 0
521649, 980, 1, 0, 0
521749, 980, 1, 0, 0
521849, 950, 1, 0, 0
521949, 1010, 1, 0, 0
522050, 980, 1, 0, 0
522150, 980, 1, 0, 0
522250, 1000, 1, 0, 0
522350, 1020, 1, 0, 0
522450, 930, 1, 0, 0
522550, 960, 1, 0, 0
522650, 980, 1, 0, 0
522749, 1010, 1, 0, 0
522849, 940, 1, 0, 0
522949, 970, 1, 0, 0
523049, 940, 1, 0, 0
523149, 960, 1, 0, 0
523250, 890, 1, 0, 0
523350, 980, 1, 0, 0
523450, 960, 1, 0, 0
523550, 990, 1, 0, 0
523650, 960, 1, 0, 0
523749, 989, 1, 0, 0
523849, 1000, 1, 0, 0
523949, 970, 1, 0, 0
524049, 930, 1, 0, 0
524149, 1010, 1, 0, 0
524249, 910, 1, 0, 0
524349, 960, 1, 0, 0
524449, 1000, 1, 0, 0
524549, 970, 1, 0, 0
524649, 970, 1, 0, 0
524750, 1000, 1, 0, 0
524850, 1010, 1, 0, 0
524950, 940, 1, 0, 0
525050, 990, 1, 0, 0
525150, 950, 1, 0, 0
525249, 969, 1, 0, 0
525349, 970, 1, 0, 0
525449, 990, 1, 0, 0
525549, 970, 1, 0, 0
525649, 940, 1, 0, 0
525749, 960, 1, 0, 0
525849, 1020, 1, 0, 0
525949, 950, 1, 0, 0
526049, 950, 1, 0, 0
526150, 960, 1, 0, 0
526250, 960, 1, 0, 0
526350, 950, 1, 0, 0
526450, 960, 1, 0, 0
526550, 990, 1, 0, 0
526650, 950, 1, 0, 0
526749, 959, 1, 0, 0
526849, 970, 1, 0, 0
526949, 920, 1, 0, 0
527049, 960, 1, 0, 0
527149, 960, 1, 0, 0
527249, 970, 1, 0, 0
527349, 970, 1, 0, 0
527449, 960, 1, 0, 0
527550, 970, 1, 0, 0
527650, 940, 1, 0, 0
527750, 950, 1, 0, 0
527850, 940, 1, 0, 0
527950, 930, 1, 0, 0
528050, 990, 1, 0, 0
528150, 950, 1, 0, 0
528249, 1020, 1, 0, 0
528349, 930, 1, 0, 0
528449, 980, 1, 0, 0
528549, 970, 1, 0, 0
528649, 960, 1, 0, 0
528749, 930, 1, 0, 0
528849, 970, 1, 0, 0
528949, 960, 1, 0, 0
529050, 1000, 1, 0, 0
529150, 1020, 1, 0, 0
529250, 960, 1, 0, 0
529350, 950, 1, 0, 0
529450, 960, 1, 0, 0
529550, 980, 1, 0, 0
529650, 950, 1, 0, 0
529749, 969, 1, 0, 0
529849, 920, 1, 0, 0
529949, 950, 1, 0, 0
530049, 990, 1, 0, 0
530149, 1010, 1, 0, 0
530249, 980, 1, 0, 0
530349, 960, 1, 0, 0
530449, 990, 1, 0, 0
530549, 980, 1, 0, 0
530649, 950, 1, 0, 0
530750, 950, 1, 0, 0
530850, 970, 1, 0, 0
530950, 980, 1, 0, 0
531050, 940, 1, 0, 0
531150, 970, 1, 0, 0
531249, 919, 1, 0, 0
531349, 950, 1, 0, 0
531449, 950, 1, 0, 0
531549, 970, 1, 0, 0
531649, 960, 1, 0, 0
531749, 990, 1, 0, 0
531849, 930, 1, 0, 0
531949, 960, 1, 0, 0
532050, 920, 1, 0, 0
532150, 990, 1, 0, 0
532250, 970, 1, 0, 0
532350, 940, 1, 0, 0
532450, 930, 1, 0, 0
532550, 970, 1, 0, 0
532650, 960, 1, 0, 0
532749, 919, 1, 0, 0
532849, 940, 1, 0, 0
532949, 970, 1, 0, 0
533049, 980, 1, 0, 0
533149, 960, 1, 0, 0
533249, 950, 1, 0, 0
533349, 970, 1, 0, 0
533450, 940, 1, 0, 0
533550, 920, 1, 0, 0
533650, 940, 1, 0, 0
533750, 890, 1, 0, 0
533850, 970, 1, 0, 0
533950, 910, 1, 0, 0
534050, 920, 1, 0, 0
534150, 970, 1, 0, 0
534249, 929, 1, 0, 0
534349, 970, 1, 0, 0
534449, 940, 1, 0, 0
534549, 980, 1, 0, 0
534649, 930, 1, 0, 0
534750, 980, 1, 0, 0
534850, 940, 1, 0, 0
534950, 950, 1, 0, 0
535050, 940, 1, 0, 0
535150, 940, 1, 0, 0
535249, 949, 1, 0, 0
535349, 930, 1, 0, 0
535449, 910, 1, 0, 0
535549, 910, 1, 0, 0
535649, 920, 1, 0, 0
535749, 920, 1, 0, 0
535849, 940, 1, 0, 0
535949, 930, 1, 0, 0
536049, 960, 1, 0, 0
536150, 990, 1, 0, 0
536250, 1000, 1, 0, 0
536350, 1000, 1, 0, 0
536450, 970, 1, 0, 0
536550, 930, 1, 0, 0
536650, 980, 1, 0, 0
536749, 969, 1, 0, 0
536849, 950, 1, 0, 0
536949, 980, 1, 0, 0
537049, 950, 1, 0, 0
537149, 970, 1, 0, 0
537249, 960, 1, 0, 0
537349, 960, 1, 0, 0
537449, 930, 1, 0, 0
537550, 970, 1, 0, 0
537650, 950, 1, 0, 0
537750, 930, 1, 0, 0
537850, 940, 1, 0, 0
537950, 910, 1, 0, 0
538050, 920, 1, 0, 0
538150, 970, 1, 0, 0
538249, 939, 1, 0, 0
538349, 970, 1, 0, 0
538449, 980, 1, 0, 0
538549, 980, 1, 0, 0
538649, 990, 1, 0, 0
538749, 970, 1, 0, 0
538849, 960, 1, 0, 0
538949, 960, 1, 0, 0
539050, 970, 1, 0, 0
539150, 950, 1, 0, 0
539250, 1000, 1, 0, 0
539350, 910, 1, 0, 0
539450, 980, 1, 0, 0
539550, 1000, 1, 0, 0
539650, 950, 1, 0, 0
539749, 949, 1, 0, 0
539849, 910, 1, 0, 0
539949, 930, 1, 0, 0
540049, 990, 1, 0, 0
540149, 970, 1, 0, 0
540249, 930, 1, 0, 0
540349, 920, 1, 0, 0
540449, 930, 1, 0, 0
540550, 940, 1, 0, 0
540650, 950, 1, 0, 0
540750, 930, 1, 0, 0
540850, 980, 1, 0, 0
540950, 950, 1, 0, 0
541050, 900, 1, 0, 0
541150, 970, 1, 0, 0
541249, 969, 1, 0, 0
541349, 950, 1, 0, 0
541449, 990, 1, 0, 0
541549, 970, 1, 0, 0
541649, 940, 1, 0, 0
541749, 930, 1, 0, 0
541849, 980, 1, 0, 0
541950, 990, 1, 0, 0
542050, 1000, 1, 0, 0
542150, 970, 1, 0, 0
542250, 980, 1, 0, 0
542350, 980, 1, 0, 0
542450, 980, 1, 0, 0
542550, 980, 1, 0, 0
542650, 960, 1, 0, 0
542749, 969, 1, 0, 0
542849, 940, 1, 0, 0
542949, 990, 1, 0, 0
543049, 970, 1, 0, 0
543149, 980, 1, 0, 0
543250, 950, 1, 0, 0
543350, 970, 1, 0, 0
543450, 980, 1, 0, 0
543550, 990, 1, 0, 0
543650, 970, 1, 0, 0
543749, 959, 1, 0, 0
543849, 940, 1, 0, 0
543949, 930, 1, 0, 0
544049, 970, 1, 0, 0
544149, 950, 1, 0, 0
544249, 1030, 1, 0, 0
544349, 950, 1, 0, 0
544449, 1020, 1, 0, 0
544550, 970, 1, 0, 0
544650, 1020, 1, 0, 0
544750, 960, 1, 0, 0
544850, 910, 1, 0, 0
544950, 1000, 1, 0, 0
545050, 950, 1, 0, 0
545150, 970, 1, 0, 0
545249, 989, 1, 0, 0
545349, 940, 1, 0, 0
545449, 990, 1, 0, 0
545549, 1030, 1, 0, 0
545649, 960, 1, 0, 0
545749, 960, 1, 0, 0
545850, 980, 1, 0, 0
545950, 980, 1, 0, 0
546050, 930, 1, 0, 0
546150, 980, 1, 0, 0
546249, 959, 1, 0, 0
546349, 970, 1, 0, 0
546449, 1000, 1, 0, 0
546549, 980, 1, 0, 0
546649, 980, 1, 0, 0
546749, 980, 1, 0, 0
546849, 960, 1, 0, 0
546949, 990, 1, 0, 0
547050, 990, 1, 0, 0
547150, 970, 1, 0, 0
547250, 1000, 1, 0, 0
547350, 980, 1, 0, 0
547450, 960, 1, 0, 0
547550, 960, 1, 0, 0
547650, 1010, 1, 0, 0
547749, 979, 1, 0, 0
547849, 970, 1, 0, 0
547949, 990, 1, 0, 0
548049, 970, 1, 0, 0
548149, 920, 1, 0, 0
548249, 940, 1, 0, 0
548350, 940, 1, 0, 0
548450, 960, 1, 0, 0
548550, 980, 1, 0, 0
548650, 940, 1, 0, 0
548749, 979, 1, 0, 0
548849, 990, 1, 0, 0
548949, 980, 1, 0, 0
549049, 930, 1, 0, 0
549149, 1010, 1, 0, 0
549249, 930, 1, 0, 0
549349, 930, 1, 0, 0
549449, 940, 1, 0, 0
549550, 960, 1, 0, 0
549650, 970, 1, 0, 0
549750, 1000, 1, 0, 0
549850, 960, 1, 0, 0
549950, 980, 1, 0, 0
550050, 960, 1, 0, 0
550150, 910, 1, 0, 0
550249, 949, 1, 0, 0
550349, 1000, 1, 0, 0
550449, 960, 1, 0, 0
550549, 950, 1, 0, 0
550649, 970, 1, 0, 0
550749, 980, 1, 0, 0
550850, 950, 1, 0, 0
550950, 940, 1, 0, 0
551050, 960, 1, 0, 0
551150, 930, 1, 0, 0
551249, 929, 1, 0, 0
551349, 910, 1, 0, 0
551449, 950, 1, 0, 0
551549, 950, 1, 0, 0
551649, 940, 1, 0, 0
551749, 900, 1, 0, 0
551849, 960, 1, 0, 0
551949, 970, 1, 0, 0
552050, 960, 1, 0, 0
552150, 970, 1, 0, 0
552250, 970, 1, 0, 0
552350, 920, 1, 0, 0
552450, 940, 1, 0, 0
552550, 900, 1, 0, 0
552650, 930, 1, 0, 0
552749, 909, 1, 0, 0
552849, 950, 1, 0, 0
552949, 950, 1, 0, 0
553049, 980, 1, 0, 0
553149, 930, 1, 0, 0
553249, 960, 1, 0, 0
553349, 940, 1, 0, 0
553449, 960, 1, 0, 0
553550, 960, 1, 0, 0
553650, 940, 1, 0, 0
553750, 990, 1, 0, 0
553850, 960, 1, 0, 0
553950, 960, 1, 0, 0
554050, 960, 1, 0, 0
554150, 920, 1, 0, 0
554249, 939, 1, 0, 0
554349, 960, 1, 0, 0
554449, 1000, 1, 0, 0
554549, 950, 1, 0, 0
554649, 960, 1, 0, 0
554750, 940, 1, 0, 0
554850, 980, 1, 0, 0
554950, 980, 1, 0, 0
555050, 940, 1, 0, 0
555150, 960, 1, 0, 0
555249, 959, 1, 0, 0
555349, 970, 1, 0, 0
555449, 910, 1, 0, 0
555549, 970, 1, 0, 0
555649, 930, 1, 0, 0
555749, 990, 1, 0, 0
555849, 1010, 1, 0, 0
555949, 950, 1, 0, 0
556050, 910, 1, 0, 0
556150, 990, 1, 0, 0
556250, 1010, 1, 0, 0
556350, 980, 1, 0, 0
556450, 970, 1, 0, 0
556550, 1000, 1, 0, 0
556650, 1000, 1, 0, 0
556749, 959, 1, 0, 0
556849, 950, 1, 0, 0
556949, 1060, 1, 0, 0
557049, 1000, 1, 0, 0
557149, 990, 1, 0, 0
557249, 990, 1, 0, 0
557349, 990, 1, 0, 0
557449, 920, 1, 0, 0
557550, 970, 1, 0, 0
557650, 950, 1, 0, 0
557750, 940, 1, 0, 0
557850, 990, 1, 0, 0
557950, 970, 1, 0, 0
558050, 970, 1, 0, 0
558150, 960, 1, 0, 0
558249, 929, 1, 0, 0
558349, 980, 1, 0, 0
558449, 990, 1, 0, 0
558549, 970, 1, 0, 0
558649, 970, 1, 0, 0
558749, 980, 1, 0, 0
558850, 1000, 1, 0, 0
558950, 990, 1, 0, 0
559050, 910, 1, 0, 0
559150, 940, 1, 0, 0
559250, 970, 1, 0, 0
559350, 940, 1, 0, 0
559450, 930, 1, 0, 0
559550, 960, 1, 0, 0
559650, 960, 1, 0, 0
559749, 959, 1, 0, 0
559849, 980, 1, 0, 0
559949, 990, 1, 0, 0
560049, 940, 1, 0, 0
560149, 950, 1, 0, 0
560250, 960, 1, 0, 0
560350, 930, 1, 0, 0
560450, 940, 1, 0, 0
560550, 950, 1, 0, 0
560650, 970, 1, 0, 0
560749, 959, 1, 0, 0
560849, 960, 1, 0, 0
560949, 960, 1, 0, 0
561049, 950, 1, 0, 0
561149, 970, 1, 0, 0
561249, 960, 1, 0, 0
561349, 990, 1, 0, 0
561449, 990, 1, 0, 0
561549, 960, 1, 0, 0
561649, 990, 1, 0, 0
561750, 920, 1, 0, 0
561850, 950, 1, 0, 0
561950, 930, 1, 0, 0
562050, 950, 1, 0, 0
562150, 980, 1, 0, 0
562249, 959, 1, 0, 0
562349, 920, 1, 0, 0
562449, 940, 1, 0, 0
562549, 940, 1, 0, 0
562649, 960, 1, 0, 0
562749, 980, 1, 0, 0
562849, 980, 1, 0, 0
562949, 950, 1, 0, 0
563049, 960, 1, 0, 0
563149, 970, 1, 0, 0
563249, 970, 1, 0, 0
563350, 990, 1, 0, 0
563450, 940, 1, 0, 0
563550, 1010, 1, 0, 0
563650, 950, 1, 0, 0
563750, 980, 1, 0, 0
563850, 990, 1, 0, 0
563950, 960, 1, 0, 0
564050, 940, 1, 0, 0
564150, 930, 1, 0, 0
564249, 929, 1, 0, 0
564349, 980, 1, 0, 0
564449, 950, 1, 0, 0
564549, 970, 1, 0, 0
564649, 990, 1, 0, 0
564750, 940, 1, 0, 0
564850, 960, 1, 0, 0
564950, 980, 1, 0, 0
565050, 990, 1, 0, 0
565150, 970, 1, 0, 0
565249, 1040, 1, 0, 0
565349, 1030, 1, 0, 0
565449, 970, 1, 0, 0
565549, 960, 1, 0, 0
565649, 970, 1, 0, 0
565749, 1000, 1, 0, 0
565849, 980, 1, 0, 0
565949, 960, 1, 0, 0
566050, 960, 1, 0, 0
566150, 950, 1, 0, 0
566250, 980, 1, 0, 0
566350, 980, 1, 0, 0
566450, 960, 1, 0, 0
566550, 1010, 1, 0, 0
566650, 950, 1, 0, 0
566749, 949, 1, 0, 0
566849, 930, 1, 0, 0
566949, 1010, 1, 0, 0
567049, 950, 1, 0, 0
567149, 1000, 1, 0, 0
567250, 980, 1, 0, 0
567350, 990, 1, 0, 0
567450, 970, 1, 0, 0
567550, 960, 1, 0, 0
567650, 990, 1, 0, 0
567749, 929, 1, 0, 0
567849, 940, 1, 0, 0
567949, 990, 1, 0, 0
568049, 990, 1, 0, 0
568149, 1020, 1, 0, 0
568249, 1000, 1, 0, 0
568349, 980, 1, 0, 0
568449, 980, 1, 0, 0
568549, 970, 1, 0, 0
568650, 930, 1, 0, 0
568750, 960, 1, 0, 0
568850, 980, 1, 0, 0
568950, 970, 1, 0, 0
569050, 970, 1, 0, 0
569150, 970, 1, 0, 0
569249, 959, 1, 0, 0
569349, 980, 1, 0, 0
569449, 950, 1, 0, 0
569549, 1010, 1, 0, 0
569649, 940, 1, 0, 0
569749, 930, 1, 0, 0
569849, 950, 1, 0, 0
569949, 930, 1, 0, 0
570050, 980, 1, 0, 0
570150, 960, 1, 0, 0
570250, 950, 1, 0, 0
570350, 970, 1, 0, 0
570450, 940, 1, 0, 0
570550, 950, 1, 0, 0
570650, 940, 1, 0, 0
570749, 949, 1, 0, 0
570849, 940, 1, 0, 0
570949, 980, 1, 0, 0
571049, 930, 1, 0, 0
571149, 950, 1, 0, 0
571249, 950, 1, 0, 0
571349, 910, 1, 0, 0
571449, 990, 1, 0, 0
571550, 920, 1, 0, 0
571650, 960, 1, 0, 0
571750, 960, 1, 0, 0
571850, 990, 1, 0, 0
571950, 950, 1, 0, 0
572050, 960, 1, 0, 0
572150, 990, 1, 0, 0
572249, 929, 1, 0, 0
572349, 940, 1, 0, 0
572449, 960, 1, 0, 0
572549, 1010, 1, 0, 0
572649, 990, 1, 0, 0
572749, 960, 1, 0, 0
572850, 970, 1, 0, 0
572950, 920, 1, 0, 0
573050, 960, 1, 0, 0
573150, 1000, 1, 0, 0
573249, 929, 1, 0, 0
573349, 950, 1, 0, 0
573449, 1000, 1, 0, 0
573549, 1000, 1, 0, 0
573649, 970, 1, 0, 0
573749, 960, 1, 0, 0
573849, 980, 1, 0, 0
573949, 940, 1, 0, 0
574049, 960, 1, 0, 0
574149, 990, 1, 0, 0
574249, 960, 1, 0, 0
574350, 1000, 1, 0, 0
574450, 1010, 1, 0, 0
574550, 990, 1, 0, 0
574650, 960, 1, 0, 0
574750, 940, 1, 0, 0
574850, 950, 1, 0, 0
574950, 970, 1, 0, 0
575050, 940, 1, 0, 0
575150, 1010, 1, 0, 0
575249, 1030, 1, 0, 0
575349, 960, 1, 0, 0
575449, 960, 1, 0, 0
575549, 960, 1, 0, 0
575649, 930, 1, 0, 0
575749, 950, 1, 0, 0
575849, 980, 1, 0, 0
575950, 1010, 1, 0, 0
576050, 960, 1, 0, 0
576150, 1020, 1, 0, 0
576250, 980, 1, 0, 0
576350, 940, 1, 0, 0
576450, 980, 1, 0, 0
576550, 960, 1, 0, 0
576650, 1000, 1, 0, 0
576749, 989, 1, 0, 0
576849, 980, 1, 0, 0
576949, 920, 1, 0, 0
577049, 960, 1, 0, 0
577149, 950, 1, 0, 0
577249, 1000, 1, 0, 0
577349, 1000, 1, 0, 0
577449, 980, 1, 0, 0
577550, 970, 1, 0, 0
577650, 970, 1, 0, 0
577750, 970, 1, 0, 0
577850, 950, 1, 0, 0
577950, 1000, 1, 0, 0
578050, 950, 1, 0, 0
578150, 960, 1, 0, 0
578249, 979, 1, 0, 0
578349, 990, 1, 0, 0
578449, 960, 1, 0, 0
578549, 930, 1, 0, 0
578649, 990, 1, 0, 0
578749, 940, 1, 0, 0
578849, 980, 1, 0, 0
578949, 990, 1, 0, 0
579050, 970, 1, 0, 0
579150, 950, 1, 0, 0
579250, 960, 1, 0, 0
579350, 880, 1, 0, 0
579450, 960, 1, 0, 0
579550, 930, 1, 0, 0
579650, 930, 1, 0, 0
579749, 959, 1, 0, 0
579849, 950, 1, 0, 0
579949, 950, 1, 0, 0
580049, 950, 1, 0, 0
580149, 960, 1, 0, 0
580249, 980, 1, 0, 0
580349, 990, 1, 0, 0
580450, 960, 1, 0, 0
580550, 970, 1, 0, 0
580650, 940, 1, 0, 0
580750, 960, 1, 0, 0
580850, 980, 1, 0, 0
580950, 940, 1, 0, 0
581050, 930, 1, 0, 0
581150, 970, 1, 0, 0
581249, 979, 1, 0, 0
581349, 920, 1, 0, 0
581449, 960, 1, 0, 0
581549, 960, 1, 0, 0
581649, 990, 1, 0, 0
581750, 980, 1, 0, 0
581850, 1000, 1, 0, 0
581950, 970, 1, 0, 0
582050, 930, 1, 0, 0
582150, 990, 1, 0, 0
582249, 949, 1, 0, 0
582349, 970, 1, 0, 0
582449, 940, 1, 0, 0
582549, 1020, 1, 0, 0
582649, 950, 1, 0, 0
582749, 930, 1, 0, 0
582849, 920, 1, 0, 0
582949, 970, 1, 0, 0
583050, 960, 1, 0, 0
583150, 980, 1, 0, 0
583250, 930, 1, 0, 0
583350, 970, 1, 0, 0
583450, 960, 1, 0, 0
583550, 980, 1, 0, 0
583650, 960, 1, 0, 0
583749, 969, 1, 0, 0
583849, 950, 1, 0, 0
583949, 950, 1, 0, 0
584049, 930, 1, 0, 0
584149, 950, 1, 0, 0
584249, 920, 1, 0, 0
584350, 960, 1, 0, 0
584450, 920, 1, 0, 0
584550, 970, 1, 0, 0
584650, 940, 1, 0, 0
584750, 940, 1, 0, 0
584850, 970, 1, 0, 0
584950, 930, 1, 0, 0
585050, 900, 1, 0, 0
585150, 930, 1, 0, 0
585249, 1000, 1, 0, 0
585349, 990, 1, 0, 0
585449, 950, 1, 0, 0
585549, 960, 1, 0, 0
585649, 940, 1, 0, 0
585750, 970, 1, 0, 0
585850, 960, 1, 0, 0
585950, 920, 1, 0, 0
586050, 930, 1, 0, 0
586150, 940, 1, 0, 0
586249, 959, 1, 0, 0
586349, 960, 1, 0, 0
586449, 940, 1, 0, 0
586549, 970, 1, 0, 0
586649, 950, 1, 0, 0
586749, 980, 1, 0, 0
586849, 940, 1, 0, 0
586949, 940, 1, 0, 0
587049, 960, 1, 0, 0
587150, 870, 1, 0, 0
587250, 960, 1, 0, 0
587350, 960, 1, 0, 0
587450, 920, 1, 0, 0
587550, 990, 1, 0, 0
587650, 950, 1, 0, 0
587749, 919, 1, 0, 0
587849, 920, 1, 0, 0
587949, 950, 1, 0, 0
588049, 950, 1, 0, 0
588149, 870, 1, 0, 0
588249, 940, 1, 0, 0
588349, 970, 1, 0, 0
588449, 960, 1, 0, 0
588550, 990, 1, 0, 0
588650, 970, 1, 0, 0
588750, 930, 1, 0, 0
588850, 940, 1, 0, 0
588950, 960, 1, 0, 0
589050, 940, 1, 0, 0
589150, 920, 1, 0, 0
589249, 919, 1, 0, 0
589349, 950, 1, 0, 0
589449, 970, 1, 0, 0
589549, 980, 1, 0, 0
589649, 930, 1, 0, 0
589749, 960, 1, 0, 0
589849, 990, 1, 0, 0
589949, 950, 1, 0, 0
590050, 930, 1, 0, 0
590150, 940, 1, 0, 0
590250, 960, 1, 0, 0
590350, 950, 1, 0, 0
590450, 980, 1, 0, 0
590550, 940, 1, 0, 0
590650, 950, 1, 0, 0
590749, 949, 1, 0, 0
590849, 900, 1, 0, 0
590949, 920, 1, 0, 0
591049, 950, 1, 0, 0
591149, 980, 1, 0, 0
591249, 970, 1, 0, 0
591349, 950, 1, 0, 0
591449, 940, 1, 0, 0
591550, 960, 1, 0, 0
591650, 990, 1, 0, 0
591750, 980, 1, 0, 0
591850, 930, 1, 0, 0
591950, 930, 1, 0, 0
592050, 960, 1, 0, 0
592150, 960, 1, 0, 0
592249, 949, 1, 0, 0
592349, 960, 1, 0, 0
592449, 970, 1, 0, 0
592549, 950, 1, 0, 0
592649, 990, 1, 0, 0
592749, 990, 1, 0, 0
592849, 940, 1, 0, 0
592949, 980, 1, 0, 0
593050, 930, 1, 0, 0
593150, 870, 1, 0, 0
593250, 910, 1, 0, 0
593350, 960, 1, 0, 0
593450, 960, 1, 0, 0
593550, 980, 1, 0, 0
593650, 990, 1, 0, 0
593749, 989, 1, 0, 0
593849, 950, 1, 0, 0
593949, 940, 1, 0, 0
594049, 950, 1, 0, 0
594149, 970, 1, 0, 0
594250, 950, 1, 0, 0
594350, 950, 1, 0, 0
594450, 950, 1, 0, 0
594550, 940, 1, 0, 0
594650, 940, 1, 0, 0
594749, 949, 1, 0, 0
594849, 1020, 1, 0, 0
594949, 960, 1, 0, 0
595049, 940, 1, 0, 0
595149, 920, 1, 0, 0
595249, 970, 1, 0, 0
595349, 960, 1, 0, 0
595449, 1000, 1, 0, 0
595549, 950, 1, 0, 0
595650, 960, 1, 0, 0
595750, 950, 1, 0, 0
595850, 970, 1, 0, 0
595950, 910, 1, 0, 0
596050, 970, 1, 0, 0
596150, 970, 1, 0, 0
596249, 909, 1, 0, 0
596349, 920, 1, 0, 0
596449, 960, 1, 0, 0
596549, 980, 1, 0, 0
596649, 970, 1, 0, 0
596749, 950, 1, 0, 0
596849, 960, 1, 0, 0
596949, 980, 1, 0, 0
597050, 970, 1, 0, 0
597150, 980, 1, 0, 0
597250, 990, 1, 0, 0
597350, 1010, 1, 0, 0
597450, 960, 1, 0, 0
597550, 970, 1, 0, 0
597650, 970, 1, 0, 0
597749, 979, 1, 0, 0
597849, 980, 1, 0, 0
597949, 960, 1, 0, 0
598049, 930, 1, 0, 0
598149, 990, 1, 0, 0
598249, 960, 1, 0, 0
598349, 950, 1, 0, 0
598450, 1000, 1, 0, 0
598550, 930, 1, 0, 0
598650, 950, 1, 0, 0
598750, 960, 1, 0, 0
598850, 990, 1, 0, 0
598950, 990, 1, 0, 0
599050, 940, 1, 0, 0
599150, 950, 1, 0, 0
599249, 969, 1, 0, 0
599349, 930, 1, 0, 0
599449, 960, 1, 0, 0
599549, 940, 1, 0, 0
599649, 990, 1, 0, 0
599749, 970, 1, 0, 0
599850, 930, 1, 0, 0
599950, 980, 1, 0, 0
