100, 16870, 1, 0, 0
201, 13735, 1, 0, 0
300, 19538, 1, 0, 0
400, 18244, 1, 0, 0
501, 17747, 1, 0, 0
601, 15639, 1, 0, 0
700, 17313, 1, 0, 0
800, 17404, 1, 0, 0
900, 17490, 1, 0, 0
1000, 19700, 1, 0, 0
1100, 13386, 1, 0, 0
1200, 17027, 1, 0, 0
1300, 17203, 1, 0, 0
1400, 14740, 1, 0, 0
1500, 15738, 1, 0, 0
1600, 14956, 1, 0, 0
1700, 17183, 1, 0, 0
1800, 19621, 1, 0, 0
1900, 17175, 1, 0, 0
2000, 15993, 1, 0, 0
2100, 16552, 1, 0, 0
2200, 20875, 1, 0, 0
2301, 15815, 1, 0, 0
2400, 13837, 1, 0, 0
2500, 18185, 1, 0, 0
2600, 13304, 1, 0, 0
2700, 15837, 1, 0, 0
2800, 13896, 1, 0, 0
2900, 21652, 1, 0, 0
3001, 19703, 1, 0, 0
3100, 15356, 1, 0, 0
3200, 16694, 1, 0, 0
3300, 15465, 1, 0, 0
3401, 16490, 1, 0, 0
3500, 17440, 1, 0, 0
3600, 18157, 1, 0, 0
3700, 15593, 1, 0, 0
3800, 17865, 1, 0, 0
3900, 17743, 1, 0, 0
4000, 17649, 1, 0, 0
4100, 14875, 1, 0, 0
4200, 16923, 1, 0, 0
4301, 17018, 1, 0, 0
4400, 15015, 1, 0, 0
4500, 17809, 1, 0, 0
4600, 16471, 1, 0, 0
4700, 15218, 1, 0, 0
4800, 17014, 1, 0, 0
4900, 16109, 1, 0, 0
5000, 14734, 1, 0, 0
5101, 14596, 1, 0, 0
5200, 14008, 1, 0, 0
5301, 16605, 1, 0, 0
5400, 15328, 1, 0, 0
5500, 15598, 1, 0, 0
5600, 14007, 1, 0, 0
5700, 16885, 1, 0, 0
5800, 16323, 1, 0, 0
5901, 19558, 1, 0, 0
6000, 14594, 1, 0, 0
6100, 14257, 1, 0, 0
6201, 13718, 1, 0, 0
6300, 19343, 1, 0, 0
6400, 14910, 1, 0, 0
6500, 14377, 1, 0, 0
6601, 14771, 1, 0, 0
6700, 15001, 1, 0, 0
6801, 17365, 1, 0, 0
6901, 17979, 1, 0, 0
7001, 17740, 1, 0, 0
7101, 13975, 1, 0, 0
7200, 19290, 1, 0, 0
7300, 14473, 1, 0, 0
7400, 14808, 1, 0, 0
7500, 14395, 1, 0, 0
7600, 13101, 1, 0, 0
7700, 13816, 1, 0, 0
7801, 19653, 1, 0, 0
7900, 16827, 1, 0, 0
8000, 12949, 1, 0, 0
8100, 17129, 1, 0, 0
8200, 19735, 1, 0, 0
8300, 19303, 1, 0, 0
8400, 13653, 1, 0, 0
8500, 16060, 1, 0, 0
8601, 13357, 1, 0, 0
8700, 17176, 1, 0, 0
8800, 21228, 1, 0, 0
8901, 21560, 1, 0, 0
9000, 18359, 1, 0, 0
9100, 14548, 1, 0, 0
9201, 19534, 1, 0, 0
9301, 17769, 1, 0, 0
9401, 19049, 1, 0, 0
9500, 19927, 1, 0, 0
9600, 15295, 1, 0, 0
9700, 13225, 1, 0, 0
9800, 14106, 1, 0, 0
9901, 16402, 1, 0, 0
10000, 15372, 1, 0, 0
10100, 17339, 1, 0, 0
10200, 16109, 1, 0, 0
10300, 14436, 1, 0, 0
10400, 18212, 1, 0, 0
10501, 12684, 1, 0, 0
10600, 15220, 1, 0, 0
10701, 18095, 1, 0, 0
10800, 20142, 1, 0, 0
10900, 13855, 1, 0, 0
11000, 15521, 1, 0, 0
11100, 18624, 1, 0, 0
11200, 16209, 1, 0, 0
11301, 17719, 1, 0, 0
11400, 17578, 1, 0, 0
11500, 18464, 1, 0, 0
11600, 17868, 1, 0, 0
11700, 17534, 1, 0, 0
11800, 14074, 1, 0, 0
11900, 17642, 1, 0, 0
12000, 14751, 1, 0, 0
12100, 14035, 1, 0, 0
12200, 14224, 1, 0, 0
12302, 14016, 1, 0, 0
12400, 16580, 1, 0, 0
12501, 16715, 1, 0, 0
12600, 17609, 1, 0, 0
12700, 16778, 1, 0, 0
12801, 16126, 1, 0, 0
12901, 13826, 1, 0, 0
13000, 15203, 1, 0, 0
13100, 18270, 1, 0, 0
13202, 13321, 1, 0, 0
13300, 15328, 1, 0, 0
13400, 17979, 1, 0, 0
13500, 15825, 1, 0, 0
13600, 16902, 1, 0, 0
13700, 18551, 1, 0, 0
13800, 16140, 1, 0, 0
13900, 18755, 1, 0, 0
14000, 15140, 1, 0, 0
14100, 17290, 1, 0, 0
14200, 13830, 1, 0, 0
14300, 14175, 1, 0, 0
14401, 19374, 1, 0, 0
14500, 16316, 1, 0, 0
14601, 14196, 1, 0, 0
14700, 14504, 1, 0, 0
14801, 17297, 1, 0, 0
14900, 14512, 1, 0, 0
15000, 16223, 1, 0, 0
15100, 18052, 1, 0, 0
15200, 17407, 1, 0, 0
15300, 17593, 1, 0, 0
15400, 16975, 1, 0, 0
15500, 14814, 1, 0, 0
15600, 14357, 1, 0, 0
15700, 17849, 1, 0, 0
15800, 14092, 1, 0, 0
15900, 14251, 1, 0, 0
16000, 14773, 1, 0, 0
16100, 17773, 1, 0, 0
16200, 15415, 1, 0, 0
16300, 17865, 1, 0, 0
16400, 12728, 1, 0, 0
16500, 15259, 1, 0, 0
16600, 14421, 1, 0, 0
16700, 18901, 1, 0, 0
16800, 18759, 1, 0, 0
16901, 15936, 1, 0, 0
17000, 20061, 1, 0, 0
17101, 17231, 1, 0, 0
17200, 14243, 1, 0, 0
17300, 14658, 1, 0, 0
17401, 16764, 1, 0, 0
17500, 16470, 1, 0, 0
17600, 20281, 1, 0, 0
17700, 13944, 1, 0, 0
17800, 14499, 1, 0, 0
17900, 12905, 1, 0, 0
18000, 13755, 1, 0, 0
18101, 13730, 1, 0, 0
18200, 14942, 1, 0, 0
18300, 21731, 1, 0, 0
18400, 14857, 1, 0, 0
18500, 15031, 1, 0, 0
18600, 17509, 1, 0, 0
18700, 17853, 1, 0, 0
18801, 16767, 1, 0, 0
18900, 19124, 1, 0, 0
19000, 15630, 1, 0, 0
19100, 16351, 1, 0, 0
19200, 19112, 1, 0, 0
19300, 14509, 1, 0, 0
19401, 15824, 1, 0, 0
19500, 16317, 1, 0, 0
19600, 15927, 1, 0, 0
19701, 15833, 1, 0, 0
19800, 19282, 1, 0, 0
19900, 18111, 1, 0, 0
20000, 18832, 1, 0, 0
20100, 13859, 1, 0, 0
20200, 18187, 1, 0, 0
20301, 14903, 1, 0, 0
20400, 13874, 1, 0, 0
20500, 13902, 1, 0, 0
20600, 14860, 1, 0, 0
20700, 15822, 1, 0, 0
20800, 14741, 1, 0, 0
20900, 13787, 1, 0, 0
21000, 15451, 1, 0, 0
21100, 19138, 1, 0, 0
21201, 13765, 1, 0, 0
21300, 16130, 1, 0, 0
21400, 18385, 1, 0, 0
21500, 14782, 1, 0, 0
21600, 13026, 1, 0, 0
21700, 14029, 1, 0, 0
21800, 14566, 1, 0, 0
21901, 16241, 1, 0, 0
22000, 15748, 1, 0, 0
22100, 16351, 1, 0, 0
22201, 14366, 1, 0, 0
22300, 18443, 1, 0, 0
22400, 14389, 1, 0, 0
22500, 15953, 1, 0, 0
22600, 17461, 1, 0, 0
22701, 16589, 1, 0, 0
22800, 16754, 1, 0, 0
22900, 18794, 1, 0, 0
23000, 17362, 1, 0, 0
23100, 16440, 1, 0, 0
23200, 13796, 1, 0, 0
23300, 13830, 1, 0, 0
23400, 15779, 1, 0, 0
23500, 16113, 1, 0, 0
23601, 14645, 1, 0, 0
23702, 17018, 1, 0, 0
23800, 13931, 1, 0, 0
23900, 15805, 1, 0, 0
24000, 17908, 1, 0, 0
24100, 15449, 1, 0, 0
24200, 14242, 1, 0, 0
24300, 18587, 1, 0, 0
24400, 16723, 1, 0, 0
24500, 16738, 1, 0, 0
24600, 14237, 1, 0, 0
24700, 17879, 1, 0, 0
24800, 18910, 1, 0, 0
24900, 14146, 1, 0, 0
25001, 17908, 1, 0, 0
25100, 16764, 1, 0, 0
25200, 17304, 1, 0, 0
25300, 15317, 1, 0, 0
25400, 20342, 1, 0, 0
25500, 14842, 1, 0, 0
25600, 16534, 1, 0, 0
25701, 14204, 1, 0, 0
25800, 14265, 1, 0, 0
25901, 17527, 1, 0, 0
26001, 14321, 1, 0, 0
26100, 15984, 1, 0, 0
26200, 19310, 1, 0, 0
26300, 18131, 1, 0, 0
26400, 19283, 1, 0, 0
26500, 18463, 1, 0, 0
26600, 16728, 1, 0, 0
26700, 13505, 1, 0, 0
26801, 15985, 1, 0, 0
26900, 20073, 1, 0, 0
27000, 16954, 1, 0, 0
27100, 13742, 1, 0, 0
27201, 17193, 1, 0, 0
27300, 18065, 1, 0, 0
27400, 16456, 1, 0, 0
27500, 14335, 1, 0, 0
27600, 13318, 1, 0, 0
27700, 18441, 1, 0, 0
27800, 17221, 1, 0, 0
27900, 15866, 1, 0, 0
28000, 15578, 1, 0, 0
28100, 14308, 1, 0, 0
28200, 18679, 1, 0, 0
28300, 15548, 1, 0, 0
28400, 20060, 1, 0, 0
28500, 15288, 1, 0, 0
28600, 15704, 1, 0, 0
28700, 15969, 1, 0, 0
28800, 16263, 1, 0, 0
28900, 14364, 1, 0, 0
29000, 13714, 1, 0, 0
29100, 15478, 1, 0, 0
29200, 14936, 1, 0, 0
29300, 15623, 1, 0, 0
29400, 15444, 1, 0, 0
29500, 15190, 1, 0, 0
29600, 16016, 1, 0, 0
29700, 14850, 1, 0, 0
29800, 16244, 1, 0, 0
29901, 19413, 1, 0, 0
30000, 17266, 1, 0, 0
30100, 14942, 1, 0, 0
30200, 17650, 1, 0, 0
30300, 13978, 1, 0, 0
30400, 15207, 1, 0, 0
30501, 13352, 1, 0, 0
30601, 17483, 1, 0, 0
30700, 15861, 1, 0, 0
30800, 13712, 1, 0, 0
30900, 15424, 1, 0, 0
31000, 17245, 1, 0, 0
31100, 17461, 1, 0, 0
31200, 14100, 1, 0, 0
31300, 13356, 1, 0, 0
31401, 13798, 1, 0, 0
31501, 14221, 1, 0, 0
31600, 20544, 1, 0, 0
31700, 15824, 1, 0, 0
31800, 16757, 1, 0, 0
31900, 16920, 1, 0, 0
32000, 13449, 1, 0, 0
32100, 13290, 1, 0, 0
32200, 15467, 1, 0, 0
32300, 17728, 1, 0, 0
32401, 17083, 1, 0, 0
32500, 15272, 1, 0, 0
32600, 13726, 1, 0, 0
32700, 14072, 1, 0, 0
32800, 17111, 1, 0, 0
32900, 17573, 1, 0, 0
33001, 15149, 1, 0, 0
33100, 15007, 1, 0, 0
33200, 18421, 1, 0, 0
33300, 16442, 1, 0, 0
33400, 16104, 1, 0, 0
33500, 14508, 1, 0, 0
33601, 13406, 1, 0, 0
33700, 14460, 1, 0, 0
33800, 16299, 1, 0, 0
33900, 17847, 1, 0, 0
34001, 17263, 1, 0, 0
34100, 17281, 1, 0, 0
34200, 14347, 1, 0, 0
34300, 17718, 1, 0, 0
34400, 17889, 1, 0, 0
34500, 14684, 1, 0, 0
34600, 14885, 1, 0, 0
34700, 13940, 1, 0, 0
34800, 14818, 1, 0, 0
34900, 16481, 1, 0, 0
35001, 15689, 1, 0, 0
35100, 13532, 1, 0, 0
35200, 14977, 1, 0, 0
35300, 15327, 1, 0, 0
35400, 13495, 1, 0, 0
35500, 14945, 1, 0, 0
35601, 14421, 1, 0, 0
35700, 17236, 1, 0, 0
35800, 19236, 1, 0, 0
35900, 15952, 1, 0, 0
36000, 13511, 1, 0, 0
36100, 17184, 1, 0, 0
36200, 13939, 1, 0, 0
36301, 14228, 1, 0, 0
36400, 19543, 1, 0, 0
36501, 15865, 1, 0, 0
36600, 12516, 1, 0, 0
36700, 12737, 1, 0, 0
36800, 13988, 1, 0, 0
36900, 12543, 1, 0, 0
37000, 16522, 1, 0, 0
37100, 16395, 1, 0, 0
37200, 16422, 1, 0, 0
37300, 13902, 1, 0, 0
37400, 15439, 1, 0, 0
37500, 15101, 1, 0, 0
37600, 15432, 1, 0, 0
37700, 21797, 1, 0, 0
37801, 13262, 1, 0, 0
37901, 17901, 1, 0, 0
38000, 17528, 1, 0, 0
38100, 17066, 1, 0, 0
38200, 14502, 1, 0, 0
38300, 13348, 1, 0, 0
38400, 17156, 1, 0, 0
38500, 14063, 1, 0, 0
38600, 14589, 1, 0, 0
38700, 18803, 1, 0, 0
38800, 13385, 1, 0, 0
38900, 14074, 1, 0, 0
39000, 16823, 1, 0, 0
39100, 13515, 1, 0, 0
39200, 17594, 1, 0, 0
39300, 20147, 1, 0, 0
39400, 18926, 1, 0, 0
39500, 13008, 1, 0, 0
39600, 13491, 1, 0, 0
39700, 19227, 1, 0, 0
39800, 17496, 1, 0, 0
39900, 18737, 1, 0, 0
40000, 14894, 1, 0, 0
40100, 16258, 1, 0, 0
40200, 19640, 1, 0, 0
40300, 18078, 1, 0, 0
40400, 17092, 1, 0, 0
40500, 15420, 1, 0, 0
40600, 16241, 1, 0, 0
40700, 15300, 1, 0, 0
40800, 13989, 1, 0, 0
40900, 18921, 1, 0, 0
41000, 14947, 1, 0, 0
41100, 18226, 1, 0, 0
41200, 17867, 1, 0, 0
41301, 16780, 1, 0, 0
41400, 16492, 1, 0, 0
41500, 17524, 1, 0, 0
41600, 16460, 1, 0, 0
41702, 14147, 1, 0, 0
41800, 17177, 1, 0, 0
41900, 15981, 1, 0, 0
42001, 18645, 1, 0, 0
42101, 18405, 1, 0, 0
42200, 17152, 1, 0, 0
42300, 14028, 1, 0, 0
42400, 14034, 1, 0, 0
42500, 17928, 1, 0, 0
42600, 15992, 1, 0, 0
42700, 18390, 1, 0, 0
42800, 19695, 1, 0, 0
42900, 16289, 1, 0, 0
43001, 16586, 1, 0, 0
43100, 16350, 1, 0, 0
43200, 19462, 1, 0, 0
43300, 16198, 1, 0, 0
43401, 19114, 1, 0, 0
43500, 16603, 1, 0, 0
43600, 16135, 1, 0, 0
43701, 14191, 1, 0, 0
43800, 14702, 1, 0, 0
43900, 17622, 1, 0, 0
44000, 19576, 1, 0, 0
44100, 14566, 1, 0, 0
44200, 17646, 1, 0, 0
44301, 13503, 1, 0, 0
44400, 14422, 1, 0, 0
44500, 14842, 1, 0, 0
44600, 21334, 1, 0, 0
44700, 16495, 1, 0, 0
44802, 14407, 1, 0, 0
44900, 16519, 1, 0, 0
45000, 14852, 1, 0, 0
45100, 14695, 1, 0, 0
45200, 13694, 1, 0, 0
45300, 14773, 1, 0, 0
45400, 15205, 1, 0, 0
45500, 15665, 1, 0, 0
45600, 15523, 1, 0, 0
45700, 15436, 1, 0, 0
45800, 18690, 1, 0, 0
45900, 16441, 1, 0, 0
46000, 15253, 1, 0, 0
46101, 19490, 1, 0, 0
46200, 16516, 1, 0, 0
46301, 17063, 1, 0, 0
46400, 18621, 1, 0, 0
46501, 17534, 1, 0, 0
46600, 16945, 1, 0, 0
46701, 16990, 1, 0, 0
46800, 14027, 1, 0, 0
46900, 15672, 1, 0, 0
47000, 16517, 1, 0, 0
47100, 17393, 1, 0, 0
47200, 13556, 1, 0, 0
47300, 15014, 1, 0, 0
47400, 16138, 1, 0, 0
47500, 13448, 1, 0, 0
47600, 21886, 1, 0, 0
47701, 14822, 1, 0, 0
47800, 16503, 1, 0, 0
47900, 20358, 1, 0, 0
48001, 16315, 1, 0, 0
48100, 16708, 1, 0, 0
48200, 18948, 1, 0, 0
48300, 13019, 1, 0, 0
48400, 13200, 1, 0, 0
48501, 14471, 1, 0, 0
48600, 16198, 1, 0, 0
48701, 19314, 1, 0, 0
48800, 18128, 1, 0, 0
48900, 19198, 1, 0, 0
49001, 14483, 1, 0, 0
49100, 13096, 1, 0, 0
49200, 13473, 1, 0, 0
49300, 16381, 1, 0, 0
49400, 14476, 1, 0, 0
49500, 16912, 1, 0, 0
49600, 16445, 1, 0, 0
49700, 13272, 1, 0, 0
49800, 13206, 1, 0, 0
49900, 17243, 1, 0, 0
50000, 14985, 1, 0, 0
50100, 15819, 1, 0, 0
50201, 14449, 1, 0, 0
50300, 17521, 1, 0, 0
50400, 14039, 1, 0, 0
50500, 17007, 1, 0, 0
50600, 29796, 1, 0, 0
50700, 16603, 1, 0, 0
50801, 13960, 1, 0, 0
50900, 15135, 1, 0, 0
51000, 12729, 1, 0, 0
51100, 17031, 1, 0, 0
51201, 14279, 1, 0, 0
51301, 13860, 1, 0, 0
51400, 13788, 1, 0, 0
51500, 18811, 1, 0, 0
51600, 16929, 1, 0, 0
51700, 15733, 1, 0, 0
51800, 14705, 1, 0, 0
51900, 17343, 1, 0, 0
52000, 15815, 1, 0, 0
52100, 14574, 1, 0, 0
52200, 13786, 1, 0, 0
52300, 14437, 1, 0, 0
52400, 14912, 1, 0, 0
52501, 15888, 1, 0, 0
52600, 15442, 1, 0, 0
52701, 17750, 1, 0, 0
52800, 14478, 1, 0, 0
52900, 13699, 1, 0, 0
53000, 20468, 1, 0, 0
53100, 18073, 1, 0, 0
53200, 15266, 1, 0, 0
53300, 17063, 1, 0, 0
53400, 16371, 1, 0, 0
53500, 18083, 1, 0, 0
53600, 13690, 1, 0, 0
53700, 15926, 1, 0, 0
53800, 13515, 1, 0, 0
53900, 17364, 1, 0, 0
54000, 15407, 1, 0, 0
54100, 16135, 1, 0, 0
54201, 14993, 1, 0, 0
54300, 13488, 1, 0, 0
54400, 13467, 1, 0, 0
54500, 16486, 1, 0, 0
54600, 13806, 1, 0, 0
54700, 18414, 1, 0, 0
54801, 16547, 1, 0, 0
54900, 13138, 1, 0, 0
55000, 18229, 1, 0, 0
55100, 15141, 1, 0, 0
55201, 16957, 1, 0, 0
55301, 17927, 1, 0, 0
55400, 16159, 1, 0, 0
55500, 15256, 1, 0, 0
55600, 15924, 1, 0, 0
55700, 13530, 1, 0, 0
55801, 16960, 1, 0, 0
55900, 21185, 1, 0, 0
56001, 17188, 1, 0, 0
56100, 16880, 1, 0, 0
56200, 16999, 1, 0, 0
56300, 15307, 1, 0, 0
56400, 15633, 1, 0, 0
56500, 20439, 1, 0, 0
56600, 16201, 1, 0, 0
56700, 15686, 1, 0, 0
56800, 13008, 1, 0, 0
56900, 15620, 1, 0, 0
57000, 13616, 1, 0, 0
57100, 13041, 1, 0, 0
57200, 13131, 1, 0, 0
57300, 13443, 1, 0, 0
57400, 16775, 1, 0, 0
57500, 17031, 1, 0, 0
57600, 16632, 1, 0, 0
57700, 18815, 1, 0, 0
57800, 15743, 1, 0, 0
57901, 14771, 1, 0, 0
58001, 15129, 1, 0, 0
58101, 14559, 1, 0, 0
58200, 14617, 1, 0, 0
58300, 16602, 1, 0, 0
58402, 15281, 1, 0, 0
58500, 16748, 1, 0, 0
58601, 20229, 1, 0, 0
58700, 15420, 1, 0, 0
58800, 15443, 1, 0, 0
58900, 15883, 1, 0, 0
59000, 14350, 1, 0, 0
59100, 14198, 1, 0, 0
59200, 16049, 1, 0, 0
59302, 16091, 1, 0, 0
59400, 13989, 1, 0, 0
59500, 18148, 1, 0, 0
59601, 14678, 1, 0, 0
59700, 14266, 1, 0, 0
59800, 15752, 1, 0, 0
59900, 14851, 1, 0, 0
60000, 14276, 1, 0, 0
60100, 15858, 1, 0, 0
60202, 17304, 1, 0, 0
60300, 17357, 1, 0, 0
60400, 15705, 1, 0, 0
60501, 15878, 1, 0, 0
60601, 15526, 1, 0, 0
60700, 14249, 1, 0, 0
60800, 16303, 1, 0, 0
60900, 16371, 1, 0, 0
61000, 16780, 1, 0, 0
61100, 14512, 1, 0, 0
61200, 13259, 1, 0, 0
61301, 14516, 1, 0, 0
61400, 18680, 1, 0, 0
61500, 17354, 1, 0, 0
61600, 17281, 1, 0, 0
61700, 14663, 1, 0, 0
61800, 17006, 1, 0, 0
61900, 16900, 1, 0, 0
62001, 21531, 1, 0, 0
62100, 14201, 1, 0, 0
62200, 14398, 1, 0, 0
62301, 17151, 1, 0, 0
62400, 16360, 1, 0, 0
62500, 17478, 1, 0, 0
62600, 14061, 1, 0, 0
62700, 14282, 1, 0, 0
62800, 15026, 1, 0, 0
62900, 17262, 1, 0, 0
63000, 15796, 1, 0, 0
63101, 17230, 1, 0, 0
63200, 19046, 1, 0, 0
63300, 14369, 1, 0, 0
63400, 15393, 1, 0, 0
63500, 19322, 1, 0, 0
63600, 15641, 1, 0, 0
63700, 18275, 1, 0, 0
63800, 16773, 1, 0, 0
63900, 16987, 1, 0, 0
64001, 14009, 1, 0, 0
64100, 14888, 1, 0, 0
64200, 14219, 1, 0, 0
64300, 13407, 1, 0, 0
64400, 17697, 1, 0, 0
64500, 16988, 1, 0, 0
64601, 16295, 1, 0, 0
64702, 20785, 1, 0, 0
64800, 17096, 1, 0, 0
64900, 16376, 1, 0, 0
65000, 16009, 1, 0, 0
65100, 15170, 1, 0, 0
65200, 15424, 1, 0, 0
65300, 14722, 1, 0, 0
65401, 14308, 1, 0, 0
65500, 16667, 1, 0, 0
65600, 18170, 1, 0, 0
65700, 17845, 1, 0, 0
65800, 19895, 1, 0, 0
65900, 14430, 1, 0, 0
66000, 16477, 1, 0, 0
66100, 18566, 1, 0, 0
66200, 19135, 1, 0, 0
66300, 15816, 1, 0, 0
66400, 18336, 1, 0, 0
66501, 14221, 1, 0, 0
66600, 14279, 1, 0, 0
66700, 15342, 1, 0, 0
66801, 13564, 1, 0, 0
66900, 16441, 1, 0, 0
67001, 17385, 1, 0, 0
67100, 16298, 1, 0, 0
67200, 14715, 1, 0, 0
67300, 13860, 1, 0, 0
67401, 15045, 1, 0, 0
67500, 17114, 1, 0, 0
67601, 16481, 1, 0, 0
67700, 15502, 1, 0, 0
67801, 16109, 1, 0, 0
67900, 17071, 1, 0, 0
68000, 14287, 1, 0, 0
68100, 20745, 1, 0, 0
68200, 16863, 1, 0, 0
68300, 14543, 1, 0, 0
68400, 17383, 1, 0, 0
68500, 16597, 1, 0, 0
68600, 14163, 1, 0, 0
68700, 19147, 1, 0, 0
68800, 15357, 1, 0, 0
68901, 18682, 1, 0, 0
69000, 14236, 1, 0, 0
69100, 14938, 1, 0, 0
69200, 18117, 1, 0, 0
69300, 19558, 1, 0, 0
69400, 17275, 1, 0, 0
69500, 14286, 1, 0, 0
69600, 16110, 1, 0, 0
69700, 15130, 1, 0, 0
69800, 13389, 1, 0, 0
69900, 17721, 1, 0, 0
70000, 14433, 1, 0, 0
70100, 15977, 1, 0, 0
70200, 14295, 1, 0, 0
70300, 13653, 1, 0, 0
70400, 14544, 1, 0, 0
70500, 17665, 1, 0, 0
70600, 14510, 1, 0, 0
70700, 15116, 1, 0, 0
70800, 15235, 1, 0, 0
70900, 14445, 1, 0, 0
71000, 15719, 1, 0, 0
71100, 18435, 1, 0, 0
71200, 13747, 1, 0, 0
71300, 17800, 1, 0, 0
71400, 15199, 1, 0, 0
71500, 17281, 1, 0, 0
71600, 15051, 1, 0, 0
71700, 15435, 1, 0, 0
71801, 16997, 1, 0, 0
71901, 13691, 1, 0, 0
72000, 19530, 1, 0, 0
72100, 15591, 1, 0, 0
72200, 14278, 1, 0, 0
72300, 14266, 1, 0, 0
72400, 20232, 1, 0, 0
72500, 15359, 1, 0, 0
72600, 18416, 1, 0, 0
72700, 15265, 1, 0, 0
72800, 15671, 1, 0, 0
72900, 16464, 1, 0, 0
73000, 15310, 1, 0, 0
73100, 14217, 1, 0, 0
73200, 15580, 1, 0, 0
73300, 15274, 1, 0, 0
73400, 15753, 1, 0, 0
73500, 19024, 1, 0, 0
73600, 13184, 1, 0, 0
73700, 14151, 1, 0, 0
73800, 16423, 1, 0, 0
73900, 15161, 1, 0, 0
74000, 15477, 1, 0, 0
74100, 16734, 1, 0, 0
74200, 15338, 1, 0, 0
74300, 18581, 1, 0, 0
74400, 18357, 1, 0, 0
74500, 16878, 1, 0, 0
74600, 13193, 1, 0, 0
74700, 16063, 1, 0, 0
74800, 15669, 1, 0, 0
74900, 14800, 1, 0, 0
75000, 15417, 1, 0, 0
75101, 13198, 1, 0, 0
75200, 17599, 1, 0, 0
75301, 16129, 1, 0, 0
75400, 16380, 1, 0, 0
75500, 15301, 1, 0, 0
75600, 13133, 1, 0, 0
75700, 14343, 1, 0, 0
75800, 14796, 1, 0, 0
75901, 16266, 1, 0, 0
76000, 20373, 1, 0, 0
76100, 19188, 1, 0, 0
76200, 18771, 1, 0, 0
76300, 19435, 1, 0, 0
76400, 14253, 1, 0, 0
76501, 15004, 1, 0, 0
76600, 16376, 1, 0, 0
76700, 15374, 1, 0, 0
76800, 14442, 1, 0, 0
76901, 16602, 1, 0, 0
77000, 14075, 1, 0, 0
77100, 16069, 1, 0, 0
77200, 14470, 1, 0, 0
77300, 15146, 1, 0, 0
77400, 16557, 1, 0, 0
77500, 15879, 1, 0, 0
77601, 16844, 1, 0, 0
77700, 15039, 1, 0, 0
77800, 13390, 1, 0, 0
77900, 15176, 1, 0, 0
78000, 14602, 1, 0, 0
78100, 15713, 1, 0, 0
78200, 13994, 1, 0, 0
78300, 16274, 1, 0, 0
78400, 15592, 1, 0, 0
78500, 15252, 1, 0, 0
78600, 15063, 1, 0, 0
78700, 13852, 1, 0, 0
78800, 16071, 1, 0, 0
78900, 14970, 1, 0, 0
79000, 13322, 1, 0, 0
79100, 17792, 1, 0, 0
79200, 14618, 1, 0, 0
79300, 19105, 1, 0, 0
79400, 14892, 1, 0, 0
79500, 15227, 1, 0, 0
79600, 19771, 1, 0, 0
79700, 16006, 1, 0, 0
79800, 13710, 1, 0, 0
79900, 14266, 1, 0, 0
80000, 18859, 1, 0, 0
80100, 13673, 1, 0, 0
80200, 17350, 1, 0, 0
80300, 14988, 1, 0, 0
80400, 18346, 1, 0, 0
80500, 16180, 1, 0, 0
80600, 16223, 1, 0, 0
80700, 14291, 1, 0, 0
80801, 19528, 1, 0, 0
80900, 17697, 1, 0, 0
81000, 16833, 1, 0, 0
81100, 17178, 1, 0, 0
81200, 17215, 1, 0, 0
81300, 15704, 1, 0, 0
81400, 17421, 1, 0, 0
81501, 15710, 1, 0, 0
81600, 15579, 1, 0, 0
81701, 17286, 1, 0, 0
81800, 16739, 1, 0, 0
81900, 17928, 1, 0, 0
82001, 16153, 1, 0, 0
82101, 15690, 1, 0, 0
82200, 13153, 1, 0, 0
82300, 14997, 1, 0, 0
82400, 15250, 1, 0, 0
82500, 16621, 1, 0, 0
82601, 15657, 1, 0, 0
82700, 16738, 1, 0, 0
82800, 16361, 1, 0, 0
82901, 15955, 1, 0, 0
83001, 14729, 1, 0, 0
83100, 17115, 1, 0, 0
83200, 13668, 1, 0, 0
83300, 14150, 1, 0, 0
83400, 17883, 1, 0, 0
83500, 17731, 1, 0, 0
83600, 18591, 1, 0, 0
83700, 14619, 1, 0, 0
83800, 13739, 1, 0, 0
83900, 14475, 1, 0, 0
84000, 18856, 1, 0, 0
84100, 18689, 1, 0, 0
84200, 18571, 1, 0, 0
84300, 13387, 1, 0, 0
84400, 13328, 1, 0, 0
84500, 16673, 1, 0, 0
84600, 16773, 1, 0, 0
84700, 15675, 1, 0, 0
84800, 14624, 1, 0, 0
84900, 15491, 1, 0, 0
85000, 15292, 1, 0, 0
85100, 14209, 1, 0, 0
85200, 15619, 1, 0, 0
85300, 17455, 1, 0, 0
85400, 14770, 1, 0, 0
85500, 14556, 1, 0, 0
85600, 17405, 1, 0, 0
85700, 16635, 1, 0, 0
85800, 15834, 1, 0, 0
85900, 16290, 1, 0, 0
86000, 19823, 1, 0, 0
86100, 19952, 1, 0, 0
86200, 15435, 1, 0, 0
86300, 18296, 1, 0, 0
86400, 13855, 1, 0, 0
86501, 17282, 1, 0, 0
86600, 16280, 1, 0, 0
86700, 15275, 1, 0, 0
86800, 15886, 1, 0, 0
86900, 19035, 1, 0, 0
87000, 13756, 1, 0, 0
87101, 19846, 1, 0, 0
87201, 14274, 1, 0, 0
87300, 15136, 1, 0, 0
87400, 18795, 1, 0, 0
87500, 17726, 1, 0, 0
87600, 16923, 1, 0, 0
87700, 16040, 1, 0, 0
87800, 18532, 1, 0, 0
87901, 17009, 1, 0, 0
88000, 16903, 1, 0, 0
88100, 16175, 1, 0, 0
88201, 17656, 1, 0, 0
88300, 17115, 1, 0, 0
88400, 16239, 1, 0, 0
88500, 19584, 1, 0, 0
88600, 18638, 1, 0, 0
88700, 16368, 1, 0, 0
88800, 16615, 1, 0, 0
88900, 17707, 1, 0, 0
89000, 16729, 1, 0, 0
89100, 17132, 1, 0, 0
89200, 17704, 1, 0, 0
89300, 21193, 1, 0, 0
89400, 15381, 1, 0, 0
89500, 15431, 1, 0, 0
89601, 17223, 1, 0, 0
89700, 18777, 1, 0, 0
89800, 14638, 1, 0, 0
89900, 15251, 1, 0, 0
90000, 17579, 1, 0, 0
90100, 17753, 1, 0, 0
90200, 15156, 1, 0, 0
90300, 16848, 1, 0, 0
90401, 14421, 1, 0, 0
90500, 16446, 1, 0, 0
90600, 16622, 1, 0, 0
90700, 17331, 1, 0, 0
90800, 16110, 1, 0, 0
90900, 13641, 1, 0, 0
91000, 17834, 1, 0, 0
91100, 14291, 1, 0, 0
91200, 14875, 1, 0, 0
91300, 14630, 1, 0, 0
91400, 15843, 1, 0, 0
91500, 13526, 1, 0, 0
91601, 15228, 1, 0, 0
91700, 13627, 1, 0, 0
91800, 16522, 1, 0, 0
91900, 19367, 1, 0, 0
92000, 21184, 1, 0, 0
92100, 14042, 1, 0, 0
92200, 17467, 1, 0, 0
92300, 15011, 1, 0, 0
92401, 14915, 1, 0, 0
92500, 15137, 1, 0, 0
92600, 16253, 1, 0, 0
92700, 14610, 1, 0, 0
92801, 17376, 1, 0, 0
92900, 15380, 1, 0, 0
93000, 17605, 1, 0, 0
93100, 20501, 1, 0, 0
93200, 17073, 1, 0, 0
93300, 16568, 1, 0, 0
93401, 16460, 1, 0, 0
93500, 15410, 1, 0, 0
93600, 15881, 1, 0, 0
93700, 14450, 1, 0, 0
93800, 16102, 1, 0, 0
93900, 19116, 1, 0, 0
94000, 13499, 1, 0, 0
94100, 15272, 1, 0, 0
94200, 13696, 1, 0, 0
94300, 13733, 1, 0, 0
94401, 17297, 1, 0, 0
94500, 14325, 1, 0, 0
94600, 16280, 1, 0, 0
94700, 14414, 1, 0, 0
94800, 15575, 1, 0, 0
94901, 17911, 1, 0, 0
95000, 15018, 1, 0, 0
95100, 15026, 1, 0, 0
95200, 15316, 1, 0, 0
95300, 17712, 1, 0, 0
95400, 16112, 1, 0, 0
95501, 14070, 1, 0, 0
95600, 15771, 1, 0, 0
95700, 16390, 1, 0, 0
95800, 19063, 1, 0, 0
95900, 17061, 1, 0, 0
96000, 16868, 1, 0, 0
96100, 13930, 1, 0, 0
96200, 16994, 1, 0, 0
96301, 14769, 1, 0, 0
96400, 12823, 1, 0, 0
96500, 18814, 1, 0, 0
96600, 17468, 1, 0, 0
96700, 17949, 1, 0, 0
96800, 16369, 1, 0, 0
96900, 17597, 1, 0, 0
97000, 16737, 1, 0, 0
97100, 14944, 1, 0, 0
97200, 13536, 1, 0, 0
97300, 12914, 1, 0, 0
97400, 17070, 1, 0, 0
97500, 13094, 1, 0, 0
97601, 14814, 1, 0, 0
97700, 13862, 1, 0, 0
97800, 14557, 1, 0, 0
97900, 14595, 1, 0, 0
98000, 13327, 1, 0, 0
98100, 13678, 1, 0, 0
98200, 15633, 1, 0, 0
98300, 15769, 1, 0, 0
98400, 16129, 1, 0, 0
98500, 15557, 1, 0, 0
98600, 16784, 1, 0, 0
98701, 17596, 1, 0, 0
98800, 15118, 1, 0, 0
98901, 16288, 1, 0, 0
99000, 14570, 1, 0, 0
99100, 19989, 1, 0, 0
99200, 16157, 1, 0, 0
99301, 18424, 1, 0, 0
99400, 14345, 1, 0, 0
99500, 18766, 1, 0, 0
99600, 17522, 1, 0, 0
99700, 13623, 1, 0, 0
99800, 13947, 1, 0, 0
99900, 16758, 1, 0, 0
100000, 14644, 1, 0, 0
100100, 18168, 1, 0, 0
100200, 14559, 1, 0, 0
100300, 13604, 1, 0, 0
100400, 17310, 1, 0, 0
100500, 14875, 1, 0, 0
100600, 17942, 1, 0, 0
100700, 15205, 1, 0, 0
100800, 17202, 1, 0, 0
100900, 15096, 1, 0, 0
101000, 14103, 1, 0, 0
101100, 15649, 1, 0, 0
101200, 14675, 1, 0, 0
101300, 15087, 1, 0, 0
101400, 14721, 1, 0, 0
101500, 15563, 1, 0, 0
101600, 14757, 1, 0, 0
101700, 15541, 1, 0, 0
101800, 19505, 1, 0, 0
101900, 14492, 1, 0, 0
102000, 16368, 1, 0, 0
102100, 17369, 1, 0, 0
102200, 16674, 1, 0, 0
102300, 17272, 1, 0, 0
102400, 15351, 1, 0, 0
102500, 19864, 1, 0, 0
102600, 15244, 1, 0, 0
102700, 16186, 1, 0, 0
102800, 20054, 1, 0, 0
102900, 18507, 1, 0, 0
103000, 16050, 1, 0, 0
103100, 17572, 1, 0, 0
103200, 14142, 1, 0, 0
103300, 15240, 1, 0, 0
103400, 14089, 1, 0, 0
103500, 18427, 1, 0, 0
103600, 13746, 1, 0, 0
103700, 13100, 1, 0, 0
103800, 16620, 1, 0, 0
103901, 15506, 1, 0, 0
104000, 15659, 1, 0, 0
104100, 16358, 1, 0, 0
104200, 18016, 1, 0, 0
104300, 18144, 1, 0, 0
104400, 14663, 1, 0, 0
104500, 16848, 1, 0, 0
104600, 14811, 1, 0, 0
104700, 14967, 1, 0, 0
104801, 14416, 1, 0, 0
104900, 16991, 1, 0, 0
105000, 13245, 1, 0, 0
105100, 16807, 1, 0, 0
105200, 15357, 1, 0, 0
105300, 18098, 1, 0, 0
105400, 14846, 1, 0, 0
105500, 15432, 1, 0, 0
105600, 16348, 1, 0, 0
105700, 16305, 1, 0, 0
105801, 13967, 1, 0, 0
105900, 14052, 1, 0, 0
106001, 14461, 1, 0, 0
106100, 15273, 1, 0, 0
106200, 13453, 1, 0, 0
106300, 15097, 1, 0, 0
106400, 14418, 1, 0, 0
106500, 17259, 1, 0, 0
106600, 15916, 1, 0, 0
106700, 15062, 1, 0, 0
106800, 13910, 1, 0, 0
106901, 15027, 1, 0, 0
107000, 17115, 1, 0, 0
107100, 18310, 1, 0, 0
107200, 19486, 1, 0, 0
107300, 15076, 1, 0, 0
107400, 17928, 1, 0, 0
107500, 15152, 1, 0, 0
107601, 16212, 1, 0, 0
107700, 17197, 1, 0, 0
107800, 15374, 1, 0, 0
107900, 15774, 1, 0, 0
108000, 14903, 1, 0, 0
108100, 13865, 1, 0, 0
108201, 16171, 1, 0, 0
108300, 16516, 1, 0, 0
108400, 15796, 1, 0, 0
108500, 14934, 1, 0, 0
108600, 13701, 1, 0, 0
108700, 13839, 1, 0, 0
108800, 19032, 1, 0, 0
108900, 16474, 1, 0, 0
109000, 17492, 1, 0, 0
109100, 16558, 1, 0, 0
109200, 14594, 1, 0, 0
109300, 19252, 1, 0, 0
109400, 16007, 1, 0, 0
109500, 16552, 1, 0, 0
109601, 18863, 1, 0, 0
109700, 17714, 1, 0, 0
109800, 16249, 1, 0, 0
109900, 15078, 1, 0, 0
110001, 18251, 1, 0, 0
110100, 17006, 1, 0, 0
110200, 15951, 1, 0, 0
110300, 17105, 1, 0, 0
110400, 17919, 1, 0, 0
110500, 15176, 1, 0, 0
110600, 19127, 1, 0, 0
110700, 17241, 1, 0, 0
110800, 18787, 1, 0, 0
110900, 16755, 1, 0, 0
111000, 17869, 1, 0, 0
111100, 17959, 1, 0, 0
111200, 14938, 1, 0, 0
111300, 15835, 1, 0, 0
111400, 13625, 1, 0, 0
111500, 15167, 1, 0, 0
111600, 14222, 1, 0, 0
111701, 15410, 1, 0, 0
111800, 16336, 1, 0, 0
111900, 15028, 1, 0, 0
112000, 16386, 1, 0, 0
112101, 15905, 1, 0, 0
112200, 18060, 1, 0, 0
112301, 19003, 1, 0, 0
112400, 17583, 1, 0, 0
112500, 14843, 1, 0, 0
112600, 18601, 1, 0, 0
112700, 17820, 1, 0, 0
112800, 14026, 1, 0, 0
112900, 16952, 1, 0, 0
113000, 15144, 1, 0, 0
113100, 13031, 1, 0, 0
113200, 16881, 1, 0, 0
113300, 15871, 1, 0, 0
113400, 18962, 1, 0, 0
113500, 12843, 1, 0, 0
113600, 13813, 1, 0, 0
113700, 15582, 1, 0, 0
113800, 14220, 1, 0, 0
113900, 13875, 1, 0, 0
114000, 15388, 1, 0, 0
114100, 17486, 1, 0, 0
114201, 15745, 1, 0, 0
114300, 17230, 1, 0, 0
114401, 13833, 1, 0, 0
114500, 14327, 1, 0, 0
114600, 14075, 1, 0, 0
114700, 17914, 1, 0, 0
114800, 19931, 1, 0, 0
114900, 15922, 1, 0, 0
115000, 15726, 1, 0, 0
115100, 17519, 1, 0, 0
115201, 15434, 1, 0, 0
115300, 19832, 1, 0, 0
115400, 13925, 1, 0, 0
115500, 17657, 1, 0, 0
115600, 13594, 1, 0, 0
115701, 12687, 1, 0, 0
115800, 16458, 1, 0, 0
115900, 14234, 1, 0, 0
116001, 17246, 1, 0, 0
116100, 18702, 1, 0, 0
116200, 14822, 1, 0, 0
116301, 18018, 1, 0, 0
116400, 17846, 1, 0, 0
116501, 18837, 1, 0, 0
116600, 16691, 1, 0, 0
116700, 19325, 1, 0, 0
116800, 17167, 1, 0, 0
116900, 15303, 1, 0, 0
117000, 14201, 1, 0, 0
117100, 14892, 1, 0, 0
117200, 16228, 1, 0, 0
117300, 18029, 1, 0, 0
117400, 18778, 1, 0, 0
117500, 14732, 1, 0, 0
117600, 17844, 1, 0, 0
117700, 18165, 1, 0, 0
117800, 13894, 1, 0, 0
117900, 16540, 1, 0, 0
118000, 16199, 1, 0, 0
118100, 16253, 1, 0, 0
118200, 17693, 1, 0, 0
118300, 15811, 1, 0, 0
118400, 17867, 1, 0, 0
118501, 14878, 1, 0, 0
118600, 14077, 1, 0, 0
118700, 15004, 1, 0, 0
118801, 18146, 1, 0, 0
118900, 17426, 1, 0, 0
119000, 15051, 1, 0, 0
119100, 12666, 1, 0, 0
119200, 13434, 1, 0, 0
119300, 13372, 1, 0, 0
119400, 16457, 1, 0, 0
119500, 15248, 1, 0, 0
119600, 15261, 1, 0, 0
119700, 17333, 1, 0, 0
119800, 16757, 1, 0, 0
119900, 16839, 1, 0, 0
120000, 15391, 1, 0, 0
120100, 14829, 1, 0, 0
120200, 16888, 1, 0, 0
120300, 17112, 1, 0, 0
120400, 16991, 1, 0, 0
120500, 16375, 1, 0, 0
120600, 16842, 1, 0, 0
120700, 17161, 1, 0, 0
120801, 15468, 1, 0, 0
120900, 19423, 1, 0, 0
121000, 16938, 1, 0, 0
121100, 15074, 1, 0, 0
121200, 17082, 1, 0, 0
121300, 17156, 1, 0, 0
121400, 18989, 1, 0, 0
121500, 15285, 1, 0, 0
121600, 16340, 1, 0, 0
121700, 17475, 1, 0, 0
121800, 16553, 1, 0, 0
121900, 15749, 1, 0, 0
122000, 15092, 1, 0, 0
122100, 15508, 1, 0, 0
122200, 18923, 1, 0, 0
122300, 14641, 1, 0, 0
122401, 17428, 1, 0, 0
122500, 13953, 1, 0, 0
122601, 17384, 1, 0, 0
122700, 17717, 1, 0, 0
122800, 16825, 1, 0, 0
122900, 19156, 1, 0, 0
123000, 14868, 1, 0, 0
123100, 13654, 1, 0, 0
123200, 16646, 1, 0, 0
123300, 17682, 1, 0, 0
123400, 15455, 1, 0, 0
123500, 16653, 1, 0, 0
123600, 15311, 1, 0, 0
123700, 16297, 1, 0, 0
123800, 13287, 1, 0, 0
123900, 17401, 1, 0, 0
124000, 15766, 1, 0, 0
124100, 13988, 1, 0, 0
124200, 19206, 1, 0, 0
124300, 14954, 1, 0, 0
124400, 13633, 1, 0, 0
124500, 17045, 1, 0, 0
124600, 14631, 1, 0, 0
124700, 17187, 1, 0, 0
124800, 17048, 1, 0, 0
124900, 16122, 1, 0, 0
125000, 16911, 1, 0, 0
125100, 12979, 1, 0, 0
125200, 17775, 1, 0, 0
125301, 17720, 1, 0, 0
125400, 15446, 1, 0, 0
125500, 16456, 1, 0, 0
125600, 15861, 1, 0, 0
125700, 17500, 1, 0, 0
125800, 14764, 1, 0, 0
125900, 13012, 1, 0, 0
126001, 15041, 1, 0, 0
126100, 13923, 1, 0, 0
126200, 17057, 1, 0, 0
126300, 17795, 1, 0, 0
126400, 13251, 1, 0, 0
126500, 13644, 1, 0, 0
126600, 13599, 1, 0, 0
126700, 14663, 1, 0, 0
126800, 18653, 1, 0, 0
126900, 14730, 1, 0, 0
127000, 13229, 1, 0, 0
127100, 17416, 1, 0, 0
127200, 13771, 1, 0, 0
127300, 17770, 1, 0, 0
127400, 15957, 1, 0, 0
127500, 19838, 1, 0, 0
127600, 15072, 1, 0, 0
127700, 15247, 1, 0, 0
127800, 19285, 1, 0, 0
127901, 15874, 1, 0, 0
128000, 14349, 1, 0, 0
128100, 16826, 1, 0, 0
128200, 14001, 1, 0, 0
128300, 15457, 1, 0, 0
128400, 17177, 1, 0, 0
128500, 14186, 1, 0, 0
128600, 13623, 1, 0, 0
128700, 13550, 1, 0, 0
128800, 15543, 1, 0, 0
128900, 15170, 1, 0, 0
129000, 15269, 1, 0, 0
129100, 15129, 1, 0, 0
129200, 15447, 1, 0, 0
129300, 14188, 1, 0, 0
129400, 12754, 1, 0, 0
129500, 17549, 1, 0, 0
129600, 12838, 1, 0, 0
129700, 17792, 1, 0, 0
129801, 13247, 1, 0, 0
129900, 17781, 1, 0, 0
130000, 13378, 1, 0, 0
130100, 16205, 1, 0, 0
130200, 14563, 1, 0, 0
130300, 18272, 1, 0, 0
130400, 20753, 1, 0, 0
130500, 17194, 1, 0, 0
130600, 16331, 1, 0, 0
130700, 16418, 1, 0, 0
130800, 15173, 1, 0, 0
130901, 17276, 1, 0, 0
131000, 14749, 1, 0, 0
131100, 13977, 1, 0, 0
131200, 16594, 1, 0, 0
131300, 15399, 1, 0, 0
131400, 17666, 1, 0, 0
131500, 14082, 1, 0, 0
131600, 15117, 1, 0, 0
131700, 15395, 1, 0, 0
131800, 16188, 1, 0, 0
131900, 14844, 1, 0, 0
132000, 14156, 1, 0, 0
132100, 12995, 1, 0, 0
132201, 15727, 1, 0, 0
132300, 14276, 1, 0, 0
132400, 13136, 1, 0, 0
132500, 15017, 1, 0, 0
132600, 14426, 1, 0, 0
132700, 16025, 1, 0, 0
132800, 15565, 1, 0, 0
132900, 17417, 1, 0, 0
133000, 18359, 1, 0, 0
133100, 16123, 1, 0, 0
133200, 14388, 1, 0, 0
133300, 16230, 1, 0, 0
133401, 14250, 1, 0, 0
133501, 16283, 1, 0, 0
133600, 17122, 1, 0, 0
133700, 13770, 1, 0, 0
133800, 19289, 1, 0, 0
133900, 16755, 1, 0, 0
134000, 18046, 1, 0, 0
134100, 17490, 1, 0, 0
134200, 15259, 1, 0, 0
134300, 13012, 1, 0, 0
134400, 16156, 1, 0, 0
134501, 13881, 1, 0, 0
134600, 15349, 1, 0, 0
134700, 14176, 1, 0, 0
134801, 17278, 1, 0, 0
134900, 16515, 1, 0, 0
135000, 14198, 1, 0, 0
135101, 17357, 1, 0, 0
135200, 14262, 1, 0, 0
135300, 13086, 1, 0, 0
135400, 13388, 1, 0, 0
135500, 14285, 1, 0, 0
135600, 17648, 1, 0, 0
135700, 19288, 1, 0, 0
135801, 15430, 1, 0, 0
135900, 14164, 1, 0, 0
136000, 13547, 1, 0, 0
136100, 14513, 1, 0, 0
136201, 13890, 1, 0, 0
136300, 15390, 1, 0, 0
136401, 15739, 1, 0, 0
136501, 17915, 1, 0, 0
136601, 13420, 1, 0, 0
136700, 14710, 1, 0, 0
136800, 15126, 1, 0, 0
136900, 14614, 1, 0, 0
137000, 14513, 1, 0, 0
137101, 13849, 1, 0, 0
137200, 14916, 1, 0, 0
137301, 17807, 1, 0, 0
137400, 15547, 1, 0, 0
137500, 16586, 1, 0, 0
137600, 13299, 1, 0, 0
137701, 17643, 1, 0, 0
137800, 16418, 1, 0, 0
137900, 13988, 1, 0, 0
138000, 14423, 1, 0, 0
138100, 14455, 1, 0, 0
138200, 19250, 1, 0, 0
138300, 15560, 1, 0, 0
138400, 17015, 1, 0, 0
138500, 13270, 1, 0, 0
138600, 15528, 1, 0, 0
138700, 13230, 1, 0, 0
138800, 17974, 1, 0, 0
138900, 15527, 1, 0, 0
139000, 15231, 1, 0, 0
139100, 14591, 1, 0, 0
139200, 15753, 1, 0, 0
139300, 15826, 1, 0, 0
139401, 16984, 1, 0, 0
139500, 14254, 1, 0, 0
139600, 15079, 1, 0, 0
139700, 13833, 1, 0, 0
139800, 13558, 1, 0, 0
139900, 15555, 1, 0, 0
140000, 15019, 1, 0, 0
140100, 16970, 1, 0, 0
140200, 13926, 1, 0, 0
140300, 13850, 1, 0, 0
140400, 14619, 1, 0, 0
140500, 18742, 1, 0, 0
140600, 16364, 1, 0, 0
140700, 18489, 1, 0, 0
140800, 14571, 1, 0, 0
140901, 16350, 1, 0, 0
141000, 18802, 1, 0, 0
141100, 16388, 1, 0, 0
141200, 17218, 1, 0, 0
141300, 19212, 1, 0, 0
141400, 17521, 1, 0, 0
141500, 14762, 1, 0, 0
141600, 18055, 1, 0, 0
141700, 17734, 1, 0, 0
141800, 14009, 1, 0, 0
141900, 13740, 1, 0, 0
142000, 18496, 1, 0, 0
142100, 15918, 1, 0, 0
142200, 17751, 1, 0, 0
142300, 14559, 1, 0, 0
142400, 14333, 1, 0, 0
142500, 13616, 1, 0, 0
142600, 18181, 1, 0, 0
142700, 15470, 1, 0, 0
142801, 15499, 1, 0, 0
142900, 15830, 1, 0, 0
143000, 15853, 1, 0, 0
143100, 20340, 1, 0, 0
143200, 16124, 1, 0, 0
143300, 14070, 1, 0, 0
143401, 15893, 1, 0, 0
143501, 19033, 1, 0, 0
143600, 15061, 1, 0, 0
143700, 21897, 1, 0, 0
143800, 15521, 1, 0, 0
143900, 17083, 1, 0, 0
144000, 15555, 1, 0, 0
144100, 15690, 1, 0, 0
144200, 15973, 1, 0, 0
144300, 14762, 1, 0, 0
144400, 16907, 1, 0, 0
144500, 15511, 1, 0, 0
144601, 16509, 1, 0, 0
144700, 19448, 1, 0, 0
144800, 19270, 1, 0, 0
144900, 13248, 1, 0, 0
145000, 15398, 1, 0, 0
145100, 13622, 1, 0, 0
145200, 16614, 1, 0, 0
145300, 14287, 1, 0, 0
145400, 14276, 1, 0, 0
145500, 15496, 1, 0, 0
145600, 17905, 1, 0, 0
145700, 13844, 1, 0, 0
145800, 13647, 1, 0, 0
145902, 17715, 1, 0, 0
146000, 13339, 1, 0, 0
146100, 14113, 1, 0, 0
146201, 15731, 1, 0, 0
146300, 16478, 1, 0, 0
146400, 13503, 1, 0, 0
146500, 14143, 1, 0, 0
146600, 17713, 1, 0, 0
146700, 13134, 1, 0, 0
146800, 13787, 1, 0, 0
146900, 16309, 1, 0, 0
147000, 13428, 1, 0, 0
147100, 17525, 1, 0, 0
147200, 16878, 1, 0, 0
147300, 13255, 1, 0, 0
147400, 16282, 1, 0, 0
147500, 13599, 1, 0, 0
147600, 14511, 1, 0, 0
147700, 15016, 1, 0, 0
147800, 16237, 1, 0, 0
147900, 15841, 1, 0, 0
148000, 16925, 1, 0, 0
148100, 18008, 1, 0, 0
148201, 16016, 1, 0, 0
148300, 16387, 1, 0, 0
148400, 16156, 1, 0, 0
148500, 16849, 1, 0, 0
148600, 19773, 1, 0, 0
148700, 16045, 1, 0, 0
148800, 18965, 1, 0, 0
148900, 16305, 1, 0, 0
149000, 17856, 1, 0, 0
149101, 17019, 1, 0, 0
149200, 16200, 1, 0, 0
149301, 16447, 1, 0, 0
149400, 19371, 1, 0, 0
149500, 14577, 1, 0, 0
149600, 16485, 1, 0, 0
149700, 13693, 1, 0, 0
149800, 16141, 1, 0, 0
149900, 17454, 1, 0, 0
150000, 14439, 1, 0, 0
150100, 13628, 1, 0, 0
150200, 17996, 1, 0, 0
150300, 14334, 1, 0, 0
150400, 16821, 1, 0, 0
150500, 17249, 1, 0, 0
150600, 15685, 1, 0, 0
150700, 14574, 1, 0, 0
150800, 14455, 1, 0, 0
150900, 17567, 1, 0, 0
151000, 16529, 1, 0, 0
151100, 15640, 1, 0, 0
151200, 16113, 1, 0, 0
151301, 18355, 1, 0, 0
151400, 18137, 1, 0, 0
151500, 19119, 1, 0, 0
151600, 14183, 1, 0, 0
151700, 15333, 1, 0, 0
151800, 15976, 1, 0, 0
151900, 15253, 1, 0, 0
152000, 18077, 1, 0, 0
152100, 16378, 1, 0, 0
152200, 16682, 1, 0, 0
152300, 17705, 1, 0, 0
152401, 13769, 1, 0, 0
152500, 14715, 1, 0, 0
152600, 16142, 1, 0, 0
152700, 14633, 1, 0, 0
152800, 15543, 1, 0, 0
152900, 14037, 1, 0, 0
153000, 16182, 1, 0, 0
153100, 17203, 1, 0, 0
153201, 13568, 1, 0, 0
153302, 15181, 1, 0, 0
153400, 15115, 1, 0, 0
153500, 14981, 1, 0, 0
153600, 16729, 1, 0, 0
153700, 16225, 1, 0, 0
153800, 13848, 1, 0, 0
153900, 18775, 1, 0, 0
154000, 15588, 1, 0, 0
154100, 16198, 1, 0, 0
154200, 20344, 1, 0, 0
154300, 15694, 1, 0, 0
154400, 15499, 1, 0, 0
154500, 17721, 1, 0, 0
154600, 14266, 1, 0, 0
154700, 15737, 1, 0, 0
154800, 16372, 1, 0, 0
154900, 17308, 1, 0, 0
155000, 17645, 1, 0, 0
155100, 18458, 1, 0, 0
155200, 18412, 1, 0, 0
155300, 15590, 1, 0, 0
155400, 12919, 1, 0, 0
155500, 16198, 1, 0, 0
155600, 15414, 1, 0, 0
155700, 16164, 1, 0, 0
155800, 15205, 1, 0, 0
155900, 14500, 1, 0, 0
156000, 19300, 1, 0, 0
156100, 18627, 1, 0, 0
156200, 16565, 1, 0, 0
156300, 16177, 1, 0, 0
156400, 19649, 1, 0, 0
156501, 18950, 1, 0, 0
156600, 14849, 1, 0, 0
156700, 16771, 1, 0, 0
156801, 15845, 1, 0, 0
156900, 13886, 1, 0, 0
157000, 13440, 1, 0, 0
157100, 13455, 1, 0, 0
157200, 15405, 1, 0, 0
157300, 15308, 1, 0, 0
157400, 16285, 1, 0, 0
157500, 15757, 1, 0, 0
157600, 16778, 1, 0, 0
157700, 17753, 1, 0, 0
157800, 17750, 1, 0, 0
157900, 16572, 1, 0, 0
158001, 16913, 1, 0, 0
158100, 13611, 1, 0, 0
158200, 16996, 1, 0, 0
158301, 15406, 1, 0, 0
158400, 14097, 1, 0, 0
158500, 15614, 1, 0, 0
158600, 13820, 1, 0, 0
158700, 14647, 1, 0, 0
158801, 15201, 1, 0, 0
158901, 15505, 1, 0, 0
159000, 15047, 1, 0, 0
159100, 16128, 1, 0, 0
159200, 15021, 1, 0, 0
159300, 15780, 1, 0, 0
159400, 19747, 1, 0, 0
159500, 16047, 1, 0, 0
159600, 16609, 1, 0, 0
159700, 14385, 1, 0, 0
159800, 17367, 1, 0, 0
159900, 17707, 1, 0, 0
160000, 15059, 1, 0, 0
160100, 14903, 1, 0, 0
160201, 17351, 1, 0, 0
160300, 16626, 1, 0, 0
160401, 16077, 1, 0, 0
160500, 18838, 1, 0, 0
160600, 20183, 1, 0, 0
160700, 14675, 1, 0, 0
160800, 14545, 1, 0, 0
160900, 15172, 1, 0, 0
161000, 17382, 1, 0, 0
161100, 14380, 1, 0, 0
161200, 15356, 1, 0, 0
161300, 16621, 1, 0, 0
161401, 13611, 1, 0, 0
161500, 16267, 1, 0, 0
161600, 16504, 1, 0, 0
161701, 18773, 1, 0, 0
161800, 17936, 1, 0, 0
161900, 14699, 1, 0, 0
162000, 18022, 1, 0, 0
162100, 18350, 1, 0, 0
162201, 13823, 1, 0, 0
162300, 17150, 1, 0, 0
162400, 18165, 1, 0, 0
162500, 18621, 1, 0, 0
162600, 15400, 1, 0, 0
162700, 16733, 1, 0, 0
162800, 18603, 1, 0, 0
162900, 14572, 1, 0, 0
163000, 17122, 1, 0, 0
163100, 16176, 1, 0, 0
163200, 16792, 1, 0, 0
163300, 14810, 1, 0, 0
163400, 16802, 1, 0, 0
163500, 18009, 1, 0, 0
163600, 15079, 1, 0, 0
163700, 14975, 1, 0, 0
163800, 15641, 1, 0, 0
163900, 15456, 1, 0, 0
164000, 19232, 1, 0, 0
164100, 16143, 1, 0, 0
164200, 13823, 1, 0, 0
164300, 18496, 1, 0, 0
164400, 14394, 1, 0, 0
164500, 15976, 1, 0, 0
164600, 20742, 1, 0, 0
164700, 16562, 1, 0, 0
164800, 17071, 1, 0, 0
164900, 14440, 1, 0, 0
165000, 16077, 1, 0, 0
165100, 13522, 1, 0, 0
165201, 17701, 1, 0, 0
165300, 17847, 1, 0, 0
165400, 17967, 1, 0, 0
165500, 14153, 1, 0, 0
165600, 17750, 1, 0, 0
165700, 14159, 1, 0, 0
165800, 14139, 1, 0, 0
165900, 17053, 1, 0, 0
166000, 17040, 1, 0, 0
166100, 14755, 1, 0, 0
166200, 17307, 1, 0, 0
166300, 15115, 1, 0, 0
166400, 21339, 1, 0, 0
166500, 14511, 1, 0, 0
166600, 14990, 1, 0, 0
166701, 14538, 1, 0, 0
166800, 16189, 1, 0, 0
166900, 14930, 1, 0, 0
167000, 15484, 1, 0, 0
167101, 16088, 1, 0, 0
167200, 18890, 1, 0, 0
167300, 21585, 1, 0, 0
167400, 17959, 1, 0, 0
167500, 12538, 1, 0, 0
167600, 14497, 1, 0, 0
167700, 14927, 1, 0, 0
167800, 14585, 1, 0, 0
167900, 15299, 1, 0, 0
168000, 18081, 1, 0, 0
168100, 15899, 1, 0, 0
168200, 17429, 1, 0, 0
168300, 17780, 1, 0, 0
168400, 12943, 1, 0, 0
168500, 18368, 1, 0, 0
168600, 15784, 1, 0, 0
168701, 14194, 1, 0, 0
168800, 18932, 1, 0, 0
168900, 14219, 1, 0, 0
169000, 17995, 1, 0, 0
169100, 17493, 1, 0, 0
169200, 15585, 1, 0, 0
169300, 16710, 1, 0, 0
169400, 14593, 1, 0, 0
169500, 16571, 1, 0, 0
169600, 14466, 1, 0, 0
169700, 17331, 1, 0, 0
169800, 18269, 1, 0, 0
169900, 18826, 1, 0, 0
170000, 16903, 1, 0, 0
170100, 17980, 1, 0, 0
170200, 17076, 1, 0, 0
170301, 15281, 1, 0, 0
170400, 15035, 1, 0, 0
170500, 16127, 1, 0, 0
170600, 13069, 1, 0, 0
170700, 17465, 1, 0, 0
170800, 18121, 1, 0, 0
170900, 16974, 1, 0, 0
171000, 14860, 1, 0, 0
171100, 15707, 1, 0, 0
171200, 17006, 1, 0, 0
171300, 16457, 1, 0, 0
171400, 15597, 1, 0, 0
171501, 16245, 1, 0, 0
171600, 14923, 1, 0, 0
171700, 17465, 1, 0, 0
171800, 14291, 1, 0, 0
171900, 16307, 1, 0, 0
172000, 18506, 1, 0, 0
172100, 18531, 1, 0, 0
172200, 18696, 1, 0, 0
172300, 15090, 1, 0, 0
172400, 15935, 1, 0, 0
172500, 16292, 1, 0, 0
172600, 15008, 1, 0, 0
172700, 14772, 1, 0, 0
172800, 14717, 1, 0, 0
172900, 17890, 1, 0, 0
173000, 16657, 1, 0, 0
173100, 15589, 1, 0, 0
173200, 12964, 1, 0, 0
173300, 14129, 1, 0, 0
173400, 13168, 1, 0, 0
173500, 17434, 1, 0, 0
173600, 14888, 1, 0, 0
173700, 13218, 1, 0, 0
173800, 16813, 1, 0, 0
173900, 16891, 1, 0, 0
174000, 15780, 1, 0, 0
174100, 13770, 1, 0, 0
174200, 17461, 1, 0, 0
174300, 16487, 1, 0, 0
174400, 14621, 1, 0, 0
174500, 16418, 1, 0, 0
174600, 17840, 1, 0, 0
174700, 14866, 1, 0, 0
174800, 14777, 1, 0, 0
174900, 15418, 1, 0, 0
175000, 17385, 1, 0, 0
175100, 16176, 1, 0, 0
175200, 14039, 1, 0, 0
175301, 14237, 1, 0, 0
175400, 14378, 1, 0, 0
175501, 14737, 1, 0, 0
175600, 15257, 1, 0, 0
175700, 16261, 1, 0, 0
175800, 15690, 1, 0, 0
175900, 14417, 1, 0, 0
176002, 16471, 1, 0, 0
176100, 16777, 1, 0, 0
176200, 15792, 1, 0, 0
176300, 17318, 1, 0, 0
176401, 20863, 1, 0, 0
176500, 14887, 1, 0, 0
176600, 13812, 1, 0, 0
176700, 15407, 1, 0, 0
176800, 17930, 1, 0, 0
176900, 16232, 1, 0, 0
177000, 16011, 1, 0, 0
177100, 14059, 1, 0, 0
177200, 14401, 1, 0, 0
177300, 18575, 1, 0, 0
177400, 18207, 1, 0, 0
177500, 17043, 1, 0, 0
177600, 14650, 1, 0, 0
177700, 19501, 1, 0, 0
177800, 15290, 1, 0, 0
177901, 15538, 1, 0, 0
178000, 13653, 1, 0, 0
178100, 13742, 1, 0, 0
178200, 14375, 1, 0, 0
178300, 14184, 1, 0, 0
178400, 17487, 1, 0, 0
178500, 13848, 1, 0, 0
178601, 16235, 1, 0, 0
178700, 13767, 1, 0, 0
178800, 19249, 1, 0, 0
178900, 15490, 1, 0, 0
179000, 13699, 1, 0, 0
179100, 15783, 1, 0, 0
179201, 18682, 1, 0, 0
179300, 19071, 1, 0, 0
179400, 13794, 1, 0, 0
179500, 14144, 1, 0, 0
179600, 13536, 1, 0, 0
179700, 15011, 1, 0, 0
179800, 13304, 1, 0, 0
179900, 16529, 1, 0, 0
180000, 15514, 1, 0, 0
180100, 16174, 1, 0, 0
180200, 14550, 1, 0, 0
180300, 14433, 1, 0, 0
180400, 14781, 1, 0, 0
180500, 15416, 1, 0, 0
180600, 17959, 1, 0, 0
180700, 15603, 1, 0, 0
180800, 15224, 1, 0, 0
180900, 14541, 1, 0, 0
181000, 17971, 1, 0, 0
181100, 15988, 1, 0, 0
181200, 15161, 1, 0, 0
181300, 16341, 1, 0, 0
181400, 15201, 1, 0, 0
181500, 13707, 1, 0, 0
181601, 14637, 1, 0, 0
181700, 16597, 1, 0, 0
181800, 21792, 1, 0, 0
181900, 14590, 1, 0, 0
182000, 14129, 1, 0, 0
182100, 19532, 1, 0, 0
182200, 21477, 1, 0, 0
182300, 16935, 1, 0, 0
182400, 16520, 1, 0, 0
182500, 18698, 1, 0, 0
182600, 16291, 1, 0, 0
182700, 16025, 1, 0, 0
182800, 16061, 1, 0, 0
182900, 13415, 1, 0, 0
183000, 14777, 1, 0, 0
183100, 15721, 1, 0, 0
183200, 15265, 1, 0, 0
183300, 13874, 1, 0, 0
183400, 14569, 1, 0, 0
183500, 18971, 1, 0, 0
183600, 16170, 1, 0, 0
183700, 15639, 1, 0, 0
183800, 15530, 1, 0, 0
183900, 15331, 1, 0, 0
184000, 13974, 1, 0, 0
184100, 13619, 1, 0, 0
184200, 13983, 1, 0, 0
184301, 14652, 1, 0, 0
184400, 15945, 1, 0, 0
184500, 15238, 1, 0, 0
184600, 14423, 1, 0, 0
184700, 13637, 1, 0, 0
184800, 15218, 1, 0, 0
184900, 16422, 1, 0, 0
185000, 13259, 1, 0, 0
185100, 14232, 1, 0, 0
185200, 15656, 1, 0, 0
185300, 13826, 1, 0, 0
185400, 17018, 1, 0, 0
185500, 17503, 1, 0, 0
185600, 15893, 1, 0, 0
185700, 14961, 1, 0, 0
185800, 19801, 1, 0, 0
185900, 18096, 1, 0, 0
186000, 15677, 1, 0, 0
186100, 17455, 1, 0, 0
186200, 17425, 1, 0, 0
186300, 14941, 1, 0, 0
186401, 16895, 1, 0, 0
186500, 16941, 1, 0, 0
186600, 15220, 1, 0, 0
186701, 13458, 1, 0, 0
186801, 14679, 1, 0, 0
186900, 13937, 1, 0, 0
187000, 15306, 1, 0, 0
187100, 18443, 1, 0, 0
187200, 15980, 1, 0, 0
187300, 16002, 1, 0, 0
187400, 14737, 1, 0, 0
187500, 14342, 1, 0, 0
187600, 17025, 1, 0, 0
187700, 14703, 1, 0, 0
187800, 16485, 1, 0, 0
187900, 17474, 1, 0, 0
188000, 14169, 1, 0, 0
188100, 18601, 1, 0, 0
188200, 16396, 1, 0, 0
188300, 13808, 1, 0, 0
188400, 16544, 1, 0, 0
188500, 13080, 1, 0, 0
188600, 15154, 1, 0, 0
188700, 16253, 1, 0, 0
188800, 13783, 1, 0, 0
188900, 16613, 1, 0, 0
189000, 17567, 1, 0, 0
189100, 18305, 1, 0, 0
189200, 15148, 1, 0, 0
189300, 18505, 1, 0, 0
189400, 15929, 1, 0, 0
189500, 19579, 1, 0, 0
189601, 17377, 1, 0, 0
189700, 15521, 1, 0, 0
189800, 19017, 1, 0, 0
189900, 19597, 1, 0, 0
190001, 18283, 1, 0, 0
190100, 17081, 1, 0, 0
190200, 16273, 1, 0, 0
190300, 17155, 1, 0, 0
190400, 13310, 1, 0, 0
190500, 14815, 1, 0, 0
190600, 19703, 1, 0, 0
190700, 14933, 1, 0, 0
190800, 15339, 1, 0, 0
190900, 19295, 1, 0, 0
191000, 15446, 1, 0, 0
191101, 16633, 1, 0, 0
191200, 14886, 1, 0, 0
191300, 16074, 1, 0, 0
191400, 14325, 1, 0, 0
191500, 15974, 1, 0, 0
191600, 19742, 1, 0, 0
191700, 13161, 1, 0, 0
191800, 16079, 1, 0, 0
191900, 13992, 1, 0, 0
192000, 17326, 1, 0, 0
192101, 13418, 1, 0, 0
192200, 13077, 1, 0, 0
192301, 14592, 1, 0, 0
192400, 17690, 1, 0, 0
192500, 16876, 1, 0, 0
192601, 14654, 1, 0, 0
192700, 15519, 1, 0, 0
192800, 15293, 1, 0, 0
192900, 15040, 1, 0, 0
193000, 17168, 1, 0, 0
193100, 15619, 1, 0, 0
193200, 18140, 1, 0, 0
193300, 16597, 1, 0, 0
193400, 16576, 1, 0, 0
193500, 13786, 1, 0, 0
193600, 17339, 1, 0, 0
193701, 13555, 1, 0, 0
193800, 14371, 1, 0, 0
193900, 15802, 1, 0, 0
194001, 16712, 1, 0, 0
194100, 21736, 1, 0, 0
194200, 14444, 1, 0, 0
194300, 15349, 1, 0, 0
194400, 19239, 1, 0, 0
194500, 14699, 1, 0, 0
194600, 14886, 1, 0, 0
194700, 18054, 1, 0, 0
194800, 15653, 1, 0, 0
194900, 14891, 1, 0, 0
195000, 15586, 1, 0, 0
195100, 17424, 1, 0, 0
195200, 16086, 1, 0, 0
195301, 16981, 1, 0, 0
195400, 18904, 1, 0, 0
195500, 15172, 1, 0, 0
195601, 14885, 1, 0, 0
195701, 16486, 1, 0, 0
195800, 17286, 1, 0, 0
195900, 15080, 1, 0, 0
196000, 15934, 1, 0, 0
196100, 17024, 1, 0, 0
196200, 16198, 1, 0, 0
196300, 16106, 1, 0, 0
196400, 15331, 1, 0, 0
196500, 13031, 1, 0, 0
196600, 14014, 1, 0, 0
196700, 17221, 1, 0, 0
196800, 15636, 1, 0, 0
196900, 14443, 1, 0, 0
197000, 12973, 1, 0, 0
197100, 14340, 1, 0, 0
197200, 17466, 1, 0, 0
197300, 15934, 1, 0, 0
197400, 13285, 1, 0, 0
197500, 15333, 1, 0, 0
197600, 16628, 1, 0, 0
197700, 13487, 1, 0, 0
197800, 19109, 1, 0, 0
197900, 17840, 1, 0, 0
198000, 18261, 1, 0, 0
198100, 14303, 1, 0, 0
198200, 17908, 1, 0, 0
198300, 18827, 1, 0, 0
198401, 17447, 1, 0, 0
198500, 14500, 1, 0, 0
198600, 14019, 1, 0, 0
198700, 15075, 1, 0, 0
198800, 16133, 1, 0, 0
198900, 14575, 1, 0, 0
199000, 13607, 1, 0, 0
199100, 14880, 1, 0, 0
199200, 15394, 1, 0, 0
199300, 15147, 1, 0, 0
199400, 16732, 1, 0, 0
199500, 16500, 1, 0, 0
199600, 17808, 1, 0, 0
199700, 15660, 1, 0, 0
199800, 16382, 1, 0, 0
199900, 16938, 1, 0, 0
200001, 14712, 1, 0, 0
200100, 12703, 1, 0, 0
200200, 16484, 1, 0, 0
200300, 16925, 1, 0, 0
200400, 14684, 1, 0, 0
200500, 16360, 1, 0, 0
200600, 17736, 1, 0, 0
200700, 14100, 1, 0, 0
200800, 17063, 1, 0, 0
200900, 15231, 1, 0, 0
201000, 18573, 1, 0, 0
201100, 16618, 1, 0, 0
201200, 20957, 1, 0, 0
201300, 17110, 1, 0, 0
201400, 15137, 1, 0, 0
201500, 12695, 1, 0, 0
201600, 14469, 1, 0, 0
201700, 17431, 1, 0, 0
201800, 15145, 1, 0, 0
201900, 17496, 1, 0, 0
202000, 14409, 1, 0, 0
202100, 15366, 1, 0, 0
202200, 18819, 1, 0, 0
202300, 15762, 1, 0, 0
202400, 17074, 1, 0, 0
202500, 17727, 1, 0, 0
202600, 17760, 1, 0, 0
202700, 15626, 1, 0, 0
202800, 15298, 1, 0, 0
202900, 16401, 1, 0, 0
203001, 14512, 1, 0, 0
203100, 13707, 1, 0, 0
203200, 15528, 1, 0, 0
203300, 16083, 1, 0, 0
203401, 17993, 1, 0, 0
203500, 14378, 1, 0, 0
203600, 14363, 1, 0, 0
203700, 15212, 1, 0, 0
203800, 17789, 1, 0, 0
203900, 17361, 1, 0, 0
204000, 15878, 1, 0, 0
204100, 17492, 1, 0, 0
204200, 19210, 1, 0, 0
204300, 15910, 1, 0, 0
204400, 16836, 1, 0, 0
204500, 12967, 1, 0, 0
204600, 16161, 1, 0, 0
204700, 14583, 1, 0, 0
204800, 18199, 1, 0, 0
204900, 17198, 1, 0, 0
205000, 17717, 1, 0, 0
205100, 19067, 1, 0, 0
205200, 13866, 1, 0, 0
205300, 22112, 1, 0, 0
205400, 14550, 1, 0, 0
205501, 14847, 1, 0, 0
205600, 14662, 1, 0, 0
205701, 18507, 1, 0, 0
205800, 12635, 1, 0, 0
205900, 14450, 1, 0, 0
206000, 14500, 1, 0, 0
206100, 13346, 1, 0, 0
206200, 16001, 1, 0, 0
206300, 20412, 1, 0, 0
206400, 14156, 1, 0, 0
206500, 18662, 1, 0, 0
206600, 15376, 1, 0, 0
206700, 16158, 1, 0, 0
206800, 14921, 1, 0, 0
206901, 15185, 1, 0, 0
207000, 16119, 1, 0, 0
207100, 17117, 1, 0, 0
207200, 15673, 1, 0, 0
207300, 15299, 1, 0, 0
207400, 13585, 1, 0, 0
207500, 12854, 1, 0, 0
207600, 15629, 1, 0, 0
207700, 14721, 1, 0, 0
207800, 15164, 1, 0, 0
207900, 15890, 1, 0, 0
208000, 13761, 1, 0, 0
208100, 14906, 1, 0, 0
208200, 15306, 1, 0, 0
208300, 14073, 1, 0, 0
208400, 13475, 1, 0, 0
208500, 14933, 1, 0, 0
208600, 16668, 1, 0, 0
208700, 16121, 1, 0, 0
208800, 14571, 1, 0, 0
208900, 14211, 1, 0, 0
209000, 15964, 1, 0, 0
209100, 13960, 1, 0, 0
209200, 16772, 1, 0, 0
209300, 17024, 1, 0, 0
209400, 17672, 1, 0, 0
209500, 14876, 1, 0, 0
209600, 17883, 1, 0, 0
209701, 17315, 1, 0, 0
209800, 17446, 1, 0, 0
209900, 15684, 1, 0, 0
210000, 14382, 1, 0, 0
210100, 15979, 1, 0, 0
210201, 14202, 1, 0, 0
210300, 18704, 1, 0, 0
210400, 18111, 1, 0, 0
210500, 16586, 1, 0, 0
210600, 15551, 1, 0, 0
210700, 14667, 1, 0, 0
210800, 14517, 1, 0, 0
210900, 15136, 1, 0, 0
211000, 17729, 1, 0, 0
211100, 14270, 1, 0, 0
211200, 16862, 1, 0, 0
211300, 13248, 1, 0, 0
211400, 14378, 1, 0, 0
211500, 18127, 1, 0, 0
211600, 16750, 1, 0, 0
211700, 16436, 1, 0, 0
211800, 16538, 1, 0, 0
211900, 18770, 1, 0, 0
212000, 15228, 1, 0, 0
212100, 16059, 1, 0, 0
212200, 17768, 1, 0, 0
212300, 13907, 1, 0, 0
212400, 18437, 1, 0, 0
212500, 14746, 1, 0, 0
212600, 13534, 1, 0, 0
212700, 17125, 1, 0, 0
212800, 15683, 1, 0, 0
212900, 17622, 1, 0, 0
213000, 19884, 1, 0, 0
213100, 16293, 1, 0, 0
213201, 14594, 1, 0, 0
213300, 15159, 1, 0, 0
213401, 13382, 1, 0, 0
213500, 17076, 1, 0, 0
213600, 14780, 1, 0, 0
213700, 15229, 1, 0, 0
213800, 15233, 1, 0, 0
213900, 16299, 1, 0, 0
214000, 14355, 1, 0, 0
214100, 17508, 1, 0, 0
214200, 17137, 1, 0, 0
214300, 17294, 1, 0, 0
214400, 16801, 1, 0, 0
214501, 16463, 1, 0, 0
214600, 18073, 1, 0, 0
214700, 14215, 1, 0, 0
214800, 16295, 1, 0, 0
214901, 13795, 1, 0, 0
215000, 13438, 1, 0, 0
215100, 16468, 1, 0, 0
215200, 15797, 1, 0, 0
215301, 15765, 1, 0, 0
215401, 18914, 1, 0, 0
215500, 16478, 1, 0, 0
215600, 13448, 1, 0, 0
215700, 14467, 1, 0, 0
215801, 15707, 1, 0, 0
215900, 13883, 1, 0, 0
216000, 15169, 1, 0, 0
216100, 15654, 1, 0, 0
216200, 16992, 1, 0, 0
216300, 16191, 1, 0, 0
216400, 17203, 1, 0, 0
216500, 18775, 1, 0, 0
216600, 13075, 1, 0, 0
216700, 14268, 1, 0, 0
216800, 14454, 1, 0, 0
216900, 17024, 1, 0, 0
217000, 15437, 1, 0, 0
217100, 17495, 1, 0, 0
217200, 13249, 1, 0, 0
217300, 14896, 1, 0, 0
217400, 15113, 1, 0, 0
217501, 15309, 1, 0, 0
217600, 16240, 1, 0, 0
217700, 13361, 1, 0, 0
217800, 18578, 1, 0, 0
217900, 16355, 1, 0, 0
218000, 15938, 1, 0, 0
218100, 16906, 1, 0, 0
218200, 14181, 1, 0, 0
218300, 17125, 1, 0, 0
218400, 16034, 1, 0, 0
218500, 15944, 1, 0, 0
218600, 16816, 1, 0, 0
218700, 15806, 1, 0, 0
218800, 20373, 1, 0, 0
218900, 18674, 1, 0, 0
219000, 17872, 1, 0, 0
219100, 17872, 1, 0, 0
219200, 17969, 1, 0, 0
219300, 16802, 1, 0, 0
219400, 16265, 1, 0, 0
219500, 13222, 1, 0, 0
219600, 14784, 1, 0, 0
219700, 13786, 1, 0, 0
219800, 14804, 1, 0, 0
219900, 13763, 1, 0, 0
220000, 16410, 1, 0, 0
220100, 19626, 1, 0, 0
220200, 18297, 1, 0, 0
220300, 13992, 1, 0, 0
220400, 18762, 1, 0, 0
220500, 17461, 1, 0, 0
220600, 15142, 1, 0, 0
220700, 17274, 1, 0, 0
220800, 17877, 1, 0, 0
220900, 13887, 1, 0, 0
221000, 15120, 1, 0, 0
221100, 15046, 1, 0, 0
221200, 15942, 1, 0, 0
221300, 13128, 1, 0, 0
221400, 14041, 1, 0, 0
221500, 17525, 1, 0, 0
221601, 14283, 1, 0, 0
221700, 13379, 1, 0, 0
221800, 15396, 1, 0, 0
221900, 18872, 1, 0, 0
222000, 16622, 1, 0, 0
222100, 15325, 1, 0, 0
222200, 12882, 1, 0, 0
222300, 18341, 1, 0, 0
222400, 16839, 1, 0, 0
222501, 14461, 1, 0, 0
222600, 13469, 1, 0, 0
222700, 14959, 1, 0, 0
222800, 17487, 1, 0, 0
222900, 14881, 1, 0, 0
223000, 16557, 1, 0, 0
223100, 17612, 1, 0, 0
223200, 16579, 1, 0, 0
223300, 16767, 1, 0, 0
223400, 16095, 1, 0, 0
223500, 15925, 1, 0, 0
223600, 16920, 1, 0, 0
223700, 17422, 1, 0, 0
223800, 16614, 1, 0, 0
223900, 14745, 1, 0, 0
224000, 14766, 1, 0, 0
224100, 18035, 1, 0, 0
224200, 15270, 1, 0, 0
224300, 16762, 1, 0, 0
224400, 17833, 1, 0, 0
224501, 15000, 1, 0, 0
224601, 17127, 1, 0, 0
224700, 15083, 1, 0, 0
224800, 16889, 1, 0, 0
224900, 19134, 1, 0, 0
225000, 18901, 1, 0, 0
225100, 19419, 1, 0, 0
225200, 19419, 1, 0, 0
225300, 21098, 1, 0, 0
225400, 16968, 1, 0, 0
225500, 14498, 1, 0, 0
225600, 16816, 1, 0, 0
225700, 17172, 1, 0, 0
225801, 16425, 1, 0, 0
225900, 14792, 1, 0, 0
226000, 18116, 1, 0, 0
226101, 19305, 1, 0, 0
226200, 13106, 1, 0, 0
226300, 14384, 1, 0, 0
226400, 16631, 1, 0, 0
226500, 17854, 1, 0, 0
226600, 14818, 1, 0, 0
226700, 14731, 1, 0, 0
226800, 12940, 1, 0, 0
226900, 16745, 1, 0, 0
227000, 15800, 1, 0, 0
227100, 14124, 1, 0, 0
227200, 13924, 1, 0, 0
227300, 19210, 1, 0, 0
227400, 15622, 1, 0, 0
227500, 16308, 1, 0, 0
227600, 17239, 1, 0, 0
227700, 14872, 1, 0, 0
227801, 17352, 1, 0, 0
227900, 16070, 1, 0, 0
228000, 16230, 1, 0, 0
228100, 14780, 1, 0, 0
228200, 15840, 1, 0, 0
228300, 15219, 1, 0, 0
228400, 13908, 1, 0, 0
228500, 19853, 1, 0, 0
228600, 13662, 1, 0, 0
228700, 15541, 1, 0, 0
228800, 18922, 1, 0, 0
228900, 15360, 1, 0, 0
229000, 16494, 1, 0, 0
229100, 14121, 1, 0, 0
229201, 19469, 1, 0, 0
229300, 16332, 1, 0, 0
229400, 13983, 1, 0, 0
229500, 14974, 1, 0, 0
229600, 17474, 1, 0, 0
229700, 16951, 1, 0, 0
229800, 17815, 1, 0, 0
229900, 14657, 1, 0, 0
230000, 15114, 1, 0, 0
230101, 13465, 1, 0, 0
230201, 17696, 1, 0, 0
230300, 19774, 1, 0, 0
230400, 13823, 1, 0, 0
230500, 14765, 1, 0, 0
230600, 16861, 1, 0, 0
230700, 15764, 1, 0, 0
230800, 14358, 1, 0, 0
230900, 16056, 1, 0, 0
231000, 17149, 1, 0, 0
231100, 14302, 1, 0, 0
231200, 16214, 1, 0, 0
231301, 13600, 1, 0, 0
231400, 17384, 1, 0, 0
231500, 17821, 1, 0, 0
231600, 19663, 1, 0, 0
231701, 16837, 1, 0, 0
231800, 17482, 1, 0, 0
231900, 14490, 1, 0, 0
232000, 14906, 1, 0, 0
232100, 15211, 1, 0, 0
232200, 15763, 1, 0, 0
232300, 16158, 1, 0, 0
232400, 16079, 1, 0, 0
232500, 15233, 1, 0, 0
232600, 15198, 1, 0, 0
232700, 16410, 1, 0, 0
232800, 18110, 1, 0, 0
232900, 13872, 1, 0, 0
233000, 13243, 1, 0, 0
233100, 14331, 1, 0, 0
233200, 15348, 1, 0, 0
233300, 17973, 1, 0, 0
233400, 16823, 1, 0, 0
233501, 16015, 1, 0, 0
233600, 17872, 1, 0, 0
233700, 18375, 1, 0, 0
233800, 19796, 1, 0, 0
233900, 16763, 1, 0, 0
234000, 14106, 1, 0, 0
234101, 13425, 1, 0, 0
234200, 15562, 1, 0, 0
234300, 14210, 1, 0, 0
234400, 17297, 1, 0, 0
234500, 14970, 1, 0, 0
234601, 20694, 1, 0, 0
234700, 17491, 1, 0, 0
234800, 17341, 1, 0, 0
234900, 16345, 1, 0, 0
235000, 16824, 1, 0, 0
235100, 18656, 1, 0, 0
235200, 19875, 1, 0, 0
235300, 14833, 1, 0, 0
235400, 12941, 1, 0, 0
235500, 15440, 1, 0, 0
235600, 14993, 1, 0, 0
235700, 16671, 1, 0, 0
235800, 13668, 1, 0, 0
235900, 14218, 1, 0, 0
236000, 14628, 1, 0, 0
236100, 14052, 1, 0, 0
236200, 15498, 1, 0, 0
236300, 13789, 1, 0, 0
236400, 16851, 1, 0, 0
236500, 15205, 1, 0, 0
236600, 13637, 1, 0, 0
236700, 13811, 1, 0, 0
236800, 14634, 1, 0, 0
236900, 17624, 1, 0, 0
237001, 14127, 1, 0, 0
237100, 13715, 1, 0, 0
237201, 15848, 1, 0, 0
237301, 15375, 1, 0, 0
237400, 14268, 1, 0, 0
237500, 15811, 1, 0, 0
237600, 16409, 1, 0, 0
237700, 16802, 1, 0, 0
237800, 18473, 1, 0, 0
237900, 16358, 1, 0, 0
238000, 17377, 1, 0, 0
238100, 16632, 1, 0, 0
238200, 18478, 1, 0, 0
238300, 16009, 1, 0, 0
238400, 17962, 1, 0, 0
238500, 14816, 1, 0, 0
238600, 16541, 1, 0, 0
238700, 15010, 1, 0, 0
238800, 16317, 1, 0, 0
238900, 15449, 1, 0, 0
239000, 15110, 1, 0, 0
239100, 17785, 1, 0, 0
239200, 16840, 1, 0, 0
239301, 15205, 1, 0, 0
239400, 15234, 1, 0, 0
239500, 15053, 1, 0, 0
239601, 14941, 1, 0, 0
239700, 18228, 1, 0, 0
239800, 14294, 1, 0, 0
239900, 13447, 1, 0, 0
240001, 16339, 1, 0, 0
240100, 15904, 1, 0, 0
240200, 14820, 1, 0, 0
240300, 15312, 1, 0, 0
240400, 19252, 1, 0, 0
240500, 14486, 1, 0, 0
240600, 16130, 1, 0, 0
240700, 14283, 1, 0, 0
240802, 14322, 1, 0, 0
240900, 15110, 1, 0, 0
241000, 17332, 1, 0, 0
241100, 17133, 1, 0, 0
241200, 20493, 1, 0, 0
241300, 15923, 1, 0, 0
241400, 14103, 1, 0, 0
241500, 15137, 1, 0, 0
241600, 15055, 1, 0, 0
241701, 13479, 1, 0, 0
241800, 17176, 1, 0, 0
241900, 15052, 1, 0, 0
242000, 16466, 1, 0, 0
242101, 15869, 1, 0, 0
242200, 18779, 1, 0, 0
242301, 13387, 1, 0, 0
242401, 14123, 1, 0, 0
242500, 15699, 1, 0, 0
242600, 16593, 1, 0, 0
242700, 18852, 1, 0, 0
242800, 15691, 1, 0, 0
242900, 13457, 1, 0, 0
243000, 16402, 1, 0, 0
243100, 13843, 1, 0, 0
243200, 13517, 1, 0, 0
243300, 18153, 1, 0, 0
243400, 15463, 1, 0, 0
243500, 14903, 1, 0, 0
243600, 14277, 1, 0, 0
243700, 15134, 1, 0, 0
243800, 14689, 1, 0, 0
243901, 19992, 1, 0, 0
244000, 16539, 1, 0, 0
244100, 16900, 1, 0, 0
244200, 13861, 1, 0, 0
244300, 13575, 1, 0, 0
244400, 18393, 1, 0, 0
244500, 19293, 1, 0, 0
244600, 14261, 1, 0, 0
244700, 17844, 1, 0, 0
244800, 15527, 1, 0, 0
244900, 14172, 1, 0, 0
245000, 16035, 1, 0, 0
245100, 16454, 1, 0, 0
245200, 16559, 1, 0, 0
245300, 16855, 1, 0, 0
245400, 19574, 1, 0, 0
245500, 18659, 1, 0, 0
245600, 17944, 1, 0, 0
245700, 15168, 1, 0, 0
245800, 17113, 1, 0, 0
245901, 13305, 1, 0, 0
246000, 16275, 1, 0, 0
246100, 18597, 1, 0, 0
246200, 17325, 1, 0, 0
246300, 16938, 1, 0, 0
246400, 19480, 1, 0, 0
246500, 16513, 1, 0, 0
246602, 17435, 1, 0, 0
246700, 17603, 1, 0, 0
246800, 14006, 1, 0, 0
246901, 13750, 1, 0, 0
247000, 17409, 1, 0, 0
247100, 13785, 1, 0, 0
247200, 14933, 1, 0, 0
247300, 16009, 1, 0, 0
247401, 16482, 1, 0, 0
247500, 16633, 1, 0, 0
247601, 16106, 1, 0, 0
247700, 14193, 1, 0, 0
247800, 14804, 1, 0, 0
247900, 12816, 1, 0, 0
248000, 19502, 1, 0, 0
248100, 18761, 1, 0, 0
248200, 15553, 1, 0, 0
248300, 16383, 1, 0, 0
248400, 19296, 1, 0, 0
248500, 18758, 1, 0, 0
248601, 16398, 1, 0, 0
248700, 20094, 1, 0, 0
248801, 15953, 1, 0, 0
248900, 17381, 1, 0, 0
249000, 18631, 1, 0, 0
249100, 15048, 1, 0, 0
249200, 17114, 1, 0, 0
249300, 16330, 1, 0, 0
249400, 15362, 1, 0, 0
249500, 13088, 1, 0, 0
249600, 15162, 1, 0, 0
249700, 13967, 1, 0, 0
249800, 14275, 1, 0, 0
249900, 15973, 1, 0, 0
250000, 16035, 1, 0, 0
250101, 14694, 1, 0, 0
250200, 17163, 1, 0, 0
250300, 14562, 1, 0, 0
250400, 14213, 1, 0, 0
250500, 14613, 1, 0, 0
250600, 14810, 1, 0, 0
250700, 14014, 1, 0, 0
250800, 16293, 1, 0, 0
250900, 15926, 1, 0, 0
251000, 14738, 1, 0, 0
251100, 17798, 1, 0, 0
251200, 15829, 1, 0, 0
251300, 14019, 1, 0, 0
251400, 14611, 1, 0, 0
251500, 16890, 1, 0, 0
251600, 18385, 1, 0, 0
251700, 14377, 1, 0, 0
251800, 14493, 1, 0, 0
251900, 15983, 1, 0, 0
252000, 16692, 1, 0, 0
252100, 13204, 1, 0, 0
252200, 13257, 1, 0, 0
252300, 17681, 1, 0, 0
252400, 19822, 1, 0, 0
252500, 15182, 1, 0, 0
252600, 18297, 1, 0, 0
252700, 16811, 1, 0, 0
252800, 18360, 1, 0, 0
252900, 15537, 1, 0, 0
253000, 14277, 1, 0, 0
253100, 17452, 1, 0, 0
253201, 17061, 1, 0, 0
253300, 14672, 1, 0, 0
253400, 15791, 1, 0, 0
253500, 17879, 1, 0, 0
253600, 18907, 1, 0, 0
253700, 15046, 1, 0, 0
253800, 13731, 1, 0, 0
253901, 20270, 1, 0, 0
254000, 15093, 1, 0, 0
254100, 14318, 1, 0, 0
254200, 16182, 1, 0, 0
254300, 15585, 1, 0, 0
254400, 17582, 1, 0, 0
254500, 16892, 1, 0, 0
254600, 13477, 1, 0, 0
254700, 13972, 1, 0, 0
254800, 14686, 1, 0, 0
254900, 17190, 1, 0, 0
255000, 13409, 1, 0, 0
255100, 18372, 1, 0, 0
255200, 13339, 1, 0, 0
255300, 13549, 1, 0, 0
255401, 13008, 1, 0, 0
255500, 13491, 1, 0, 0
255600, 15290, 1, 0, 0
255700, 17117, 1, 0, 0
255800, 16821, 1, 0, 0
255900, 14488, 1, 0, 0
256000, 14851, 1, 0, 0
256100, 14872, 1, 0, 0
256200, 18713, 1, 0, 0
256300, 19508, 1, 0, 0
256400, 14620, 1, 0, 0
256500, 13872, 1, 0, 0
256600, 15481, 1, 0, 0
256700, 14442, 1, 0, 0
256800, 16486, 1, 0, 0
256900, 18770, 1, 0, 0
257001, 13667, 1, 0, 0
257100, 13307, 1, 0, 0
257200, 16218, 1, 0, 0
257300, 19462, 1, 0, 0
257400, 16980, 1, 0, 0
257500, 15047, 1, 0, 0
257600, 15207, 1, 0, 0
257701, 14229, 1, 0, 0
257800, 16470, 1, 0, 0
257900, 17141, 1, 0, 0
258000, 16034, 1, 0, 0
258101, 17606, 1, 0, 0
258200, 18893, 1, 0, 0
258301, 14072, 1, 0, 0
258400, 17149, 1, 0, 0
258500, 16208, 1, 0, 0
258600, 14293, 1, 0, 0
258700, 16162, 1, 0, 0
258800, 19398, 1, 0, 0
258901, 14571, 1, 0, 0
259000, 19689, 1, 0, 0
259100, 13855, 1, 0, 0
259200, 17396, 1, 0, 0
259301, 21388, 1, 0, 0
259400, 16883, 1, 0, 0
259501, 17850, 1, 0, 0
259600, 16760, 1, 0, 0
259700, 16299, 1, 0, 0
259800, 17047, 1, 0, 0
259900, 13101, 1, 0, 0
260000, 14924, 1, 0, 0
260100, 17916, 1, 0, 0
260200, 19377, 1, 0, 0
260300, 13646, 1, 0, 0
260400, 16053, 1, 0, 0
260500, 13432, 1, 0, 0
260600, 16616, 1, 0, 0
260700, 14491, 1, 0, 0
260800, 14659, 1, 0, 0
260900, 15731, 1, 0, 0
261000, 16898, 1, 0, 0
261100, 16708, 1, 0, 0
261200, 18528, 1, 0, 0
261300, 17932, 1, 0, 0
261400, 15549, 1, 0, 0
261500, 18643, 1, 0, 0
261600, 14067, 1, 0, 0
261700, 15800, 1, 0, 0
261800, 13619, 1, 0, 0
261900, 18388, 1, 0, 0
262000, 16598, 1, 0, 0
262101, 18165, 1, 0, 0
262200, 16078, 1, 0, 0
262300, 14325, 1, 0, 0
262400, 18248, 1, 0, 0
262500, 13365, 1, 0, 0
262600, 13364, 1, 0, 0
262700, 15004, 1, 0, 0
262800, 15890, 1, 0, 0
262900, 17978, 1, 0, 0
263000, 18249, 1, 0, 0
263100, 14885, 1, 0, 0
263200, 17713, 1, 0, 0
263300, 16414, 1, 0, 0
263400, 18443, 1, 0, 0
263500, 14040, 1, 0, 0
263600, 13798, 1, 0, 0
263700, 17458, 1, 0, 0
263800, 14399, 1, 0, 0
263900, 15120, 1, 0, 0
264001, 17998, 1, 0, 0
264101, 16254, 1, 0, 0
264200, 19658, 1, 0, 0
264301, 17609, 1, 0, 0
264400, 14878, 1, 0, 0
264501, 13445, 1, 0, 0
264600, 17492, 1, 0, 0
264700, 15954, 1, 0, 0
264801, 18559, 1, 0, 0
264901, 17725, 1, 0, 0
265000, 15303, 1, 0, 0
265100, 14919, 1, 0, 0
265201, 15779, 1, 0, 0
265301, 14341, 1, 0, 0
265400, 16737, 1, 0, 0
265500, 14772, 1, 0, 0
265600, 20679, 1, 0, 0
265700, 17828, 1, 0, 0
265800, 18217, 1, 0, 0
265900, 20180, 1, 0, 0
266000, 14182, 1, 0, 0
266100, 14614, 1, 0, 0
266201, 18247, 1, 0, 0
266300, 17772, 1, 0, 0
266400, 18357, 1, 0, 0
266500, 16288, 1, 0, 0
266600, 17108, 1, 0, 0
266700, 16086, 1, 0, 0
266800, 17862, 1, 0, 0
266900, 21069, 1, 0, 0
267000, 16374, 1, 0, 0
267100, 18740, 1, 0, 0
267201, 16409, 1, 0, 0
267300, 17430, 1, 0, 0
267400, 14147, 1, 0, 0
267500, 13756, 1, 0, 0
267600, 15262, 1, 0, 0
267700, 14861, 1, 0, 0
267800, 18842, 1, 0, 0
267900, 15777, 1, 0, 0
268000, 15382, 1, 0, 0
268100, 13784, 1, 0, 0
268200, 17366, 1, 0, 0
268301, 18300, 1, 0, 0
268400, 17894, 1, 0, 0
268500, 16505, 1, 0, 0
268600, 16800, 1, 0, 0
268700, 19667, 1, 0, 0
268800, 17080, 1, 0, 0
268900, 13522, 1, 0, 0
269000, 14255, 1, 0, 0
269100, 18356, 1, 0, 0
269200, 18653, 1, 0, 0
269300, 17086, 1, 0, 0
269401, 16208, 1, 0, 0
269500, 18549, 1, 0, 0
269600, 15599, 1, 0, 0
269700, 13414, 1, 0, 0
269800, 15986, 1, 0, 0
269900, 14311, 1, 0, 0
270000, 15942, 1, 0, 0
270100, 16958, 1, 0, 0
270200, 19260, 1, 0, 0
270300, 18666, 1, 0, 0
270400, 15636, 1, 0, 0
270500, 15471, 1, 0, 0
270601, 18256, 1, 0, 0
270700, 14815, 1, 0, 0
270800, 15408, 1, 0, 0
270900, 15438, 1, 0, 0
271000, 17575, 1, 0, 0
271100, 15147, 1, 0, 0
271200, 15972, 1, 0, 0
271301, 17848, 1, 0, 0
271400, 17796, 1, 0, 0
271500, 14217, 1, 0, 0
271601, 17693, 1, 0, 0
271700, 16518, 1, 0, 0
271800, 17428, 1, 0, 0
271900, 14635, 1, 0, 0
272000, 14250, 1, 0, 0
272101, 15676, 1, 0, 0
272201, 14393, 1, 0, 0
272301, 20539, 1, 0, 0
272400, 15281, 1, 0, 0
272500, 17973, 1, 0, 0
272600, 13637, 1, 0, 0
272700, 15068, 1, 0, 0
272800, 17923, 1, 0, 0
272900, 15717, 1, 0, 0
273000, 16385, 1, 0, 0
273100, 14640, 1, 0, 0
273200, 17264, 1, 0, 0
273300, 15141, 1, 0, 0
273400, 16175, 1, 0, 0
273500, 15342, 1, 0, 0
273600, 16722, 1, 0, 0
273700, 15199, 1, 0, 0
273800, 13326, 1, 0, 0
273901, 16749, 1, 0, 0
274000, 14693, 1, 0, 0
274100, 17600, 1, 0, 0
274200, 13726, 1, 0, 0
274300, 13951, 1, 0, 0
274400, 19203, 1, 0, 0
274500, 17248, 1, 0, 0
274600, 16872, 1, 0, 0
274700, 15849, 1, 0, 0
274802, 20004, 1, 0, 0
274900, 16746, 1, 0, 0
275000, 18133, 1, 0, 0
275100, 15756, 1, 0, 0
275200, 13265, 1, 0, 0
275300, 13395, 1, 0, 0
275400, 14275, 1, 0, 0
275501, 15398, 1, 0, 0
275600, 17389, 1, 0, 0
275700, 14710, 1, 0, 0
275800, 13363, 1, 0, 0
275900, 17317, 1, 0, 0
276000, 13715, 1, 0, 0
276100, 13551, 1, 0, 0
276200, 14408, 1, 0, 0
276300, 14620, 1, 0, 0
276401, 17037, 1, 0, 0
276500, 14324, 1, 0, 0
276600, 15320, 1, 0, 0
276701, 18308, 1, 0, 0
276800, 14126, 1, 0, 0
276900, 18921, 1, 0, 0
277000, 14838, 1, 0, 0
277101, 17584, 1, 0, 0
277200, 16542, 1, 0, 0
277300, 15130, 1, 0, 0
277400, 17657, 1, 0, 0
277500, 14097, 1, 0, 0
277600, 14578, 1, 0, 0
277700, 18807, 1, 0, 0
277800, 17934, 1, 0, 0
277900, 14154, 1, 0, 0
278000, 19694, 1, 0, 0
278100, 15714, 1, 0, 0
278200, 14133, 1, 0, 0
278300, 17938, 1, 0, 0
278400, 15581, 1, 0, 0
278500, 14297, 1, 0, 0
278600, 15974, 1, 0, 0
278700, 17346, 1, 0, 0
278800, 15581, 1, 0, 0
278900, 14133, 1, 0, 0
279000, 17199, 1, 0, 0
279101, 15573, 1, 0, 0
279200, 16646, 1, 0, 0
279301, 14666, 1, 0, 0
279400, 17980, 1, 0, 0
279500, 18515, 1, 0, 0
279600, 14471, 1, 0, 0
279700, 18254, 1, 0, 0
279800, 14836, 1, 0, 0
279900, 16586, 1, 0, 0
280000, 16007, 1, 0, 0
280100, 15023, 1, 0, 0
280200, 16401, 1, 0, 0
280302, 15021, 1, 0, 0
280400, 17519, 1, 0, 0
280500, 14536, 1, 0, 0
280600, 14191, 1, 0, 0
280700, 15435, 1, 0, 0
280800, 16949, 1, 0, 0
280900, 14974, 1, 0, 0
281000, 19007, 1, 0, 0
281100, 15102, 1, 0, 0
281200, 13908, 1, 0, 0
281300, 14262, 1, 0, 0
281400, 14704, 1, 0, 0
281500, 14149, 1, 0, 0
281600, 16746, 1, 0, 0
281700, 15126, 1, 0, 0
281800, 15252, 1, 0, 0
281900, 19364, 1, 0, 0
282001, 14775, 1, 0, 0
282100, 14767, 1, 0, 0
282200, 16882, 1, 0, 0
282300, 15462, 1, 0, 0
282400, 15353, 1, 0, 0
282500, 13992, 1, 0, 0
282600, 15830, 1, 0, 0
282700, 17843, 1, 0, 0
282800, 14435, 1, 0, 0
282901, 16142, 1, 0, 0
283002, 18882, 1, 0, 0
283101, 15540, 1, 0, 0
283200, 13993, 1, 0, 0
283300, 12503, 1, 0, 0
283400, 16031, 1, 0, 0
283500, 19650, 1, 0, 0
283600, 18766, 1, 0, 0
283700, 16776, 1, 0, 0
283800, 14418, 1, 0, 0
283900, 13784, 1, 0, 0
284000, 18477, 1, 0, 0
284100, 17461, 1, 0, 0
284200, 13549, 1, 0, 0
284300, 13173, 1, 0, 0
284401, 16211, 1, 0, 0
284500, 16171, 1, 0, 0
284600, 16809, 1, 0, 0
284700, 17934, 1, 0, 0
284800, 15707, 1, 0, 0
284900, 13465, 1, 0, 0
285000, 15661, 1, 0, 0
285100, 15893, 1, 0, 0
285200, 17900, 1, 0, 0
285300, 15364, 1, 0, 0
285400, 15379, 1, 0, 0
285500, 16686, 1, 0, 0
285600, 14499, 1, 0, 0
285701, 15615, 1, 0, 0
285801, 15326, 1, 0, 0
285900, 17716, 1, 0, 0
286000, 19636, 1, 0, 0
286100, 14017, 1, 0, 0
286200, 17794, 1, 0, 0
286300, 18320, 1, 0, 0
286400, 13844, 1, 0, 0
286500, 13970, 1, 0, 0
286600, 15982, 1, 0, 0
286700, 14731, 1, 0, 0
286800, 17571, 1, 0, 0
286900, 16661, 1, 0, 0
287000, 14393, 1, 0, 0
287100, 15736, 1, 0, 0
287200, 16279, 1, 0, 0
287300, 19121, 1, 0, 0
287400, 13035, 1, 0, 0
287500, 14397, 1, 0, 0
287600, 19226, 1, 0, 0
287700, 15782, 1, 0, 0
287800, 14296, 1, 0, 0
287900, 17493, 1, 0, 0
288000, 14275, 1, 0, 0
288100, 15291, 1, 0, 0
288200, 13466, 1, 0, 0
288300, 13831, 1, 0, 0
288400, 15941, 1, 0, 0
288500, 17432, 1, 0, 0
288600, 15016, 1, 0, 0
288700, 15006, 1, 0, 0
288800, 13472, 1, 0, 0
288900, 12990, 1, 0, 0
289000, 13420, 1, 0, 0
289101, 16026, 1, 0, 0
289200, 13389, 1, 0, 0
289300, 16827, 1, 0, 0
289400, 13874, 1, 0, 0
289500, 13599, 1, 0, 0
289600, 17158, 1, 0, 0
289700, 14846, 1, 0, 0
289800, 15991, 1, 0, 0
289900, 14135, 1, 0, 0
290000, 15809, 1, 0, 0
290100, 14566, 1, 0, 0
290201, 16059, 1, 0, 0
290300, 16523, 1, 0, 0
290401, 15779, 1, 0, 0
290500, 18013, 1, 0, 0
290600, 19779, 1, 0, 0
290700, 18583, 1, 0, 0
290800, 19026, 1, 0, 0
290900, 16169, 1, 0, 0
291000, 18148, 1, 0, 0
291100, 16019, 1, 0, 0
291201, 18866, 1, 0, 0
291300, 14608, 1, 0, 0
291400, 15408, 1, 0, 0
291500, 15316, 1, 0, 0
291600, 19548, 1, 0, 0
291701, 19901, 1, 0, 0
291800, 15712, 1, 0, 0
291900, 14021, 1, 0, 0
292000, 15194, 1, 0, 0
292100, 13474, 1, 0, 0
292200, 16218, 1, 0, 0
292300, 15005, 1, 0, 0
292400, 13489, 1, 0, 0
292500, 17043, 1, 0, 0
292600, 17435, 1, 0, 0
292700, 14299, 1, 0, 0
292800, 17498, 1, 0, 0
292900, 17889, 1, 0, 0
293000, 17162, 1, 0, 0
293100, 15113, 1, 0, 0
293200, 17998, 1, 0, 0
293300, 14051, 1, 0, 0
293400, 14518, 1, 0, 0
293500, 18020, 1, 0, 0
293600, 16400, 1, 0, 0
293700, 16909, 1, 0, 0
293800, 15634, 1, 0, 0
293900, 15654, 1, 0, 0
294000, 17987, 1, 0, 0
294100, 15029, 1, 0, 0
294200, 20128, 1, 0, 0
294300, 13566, 1, 0, 0
294400, 19490, 1, 0, 0
294500, 15320, 1, 0, 0
294600, 16954, 1, 0, 0
294700, 20431, 1, 0, 0
294800, 17984, 1, 0, 0
294900, 16730, 1, 0, 0
295000, 18510, 1, 0, 0
295100, 16721, 1, 0, 0
295200, 15270, 1, 0, 0
295300, 15525, 1, 0, 0
295400, 17830, 1, 0, 0
295501, 19641, 1, 0, 0
295600, 18713, 1, 0, 0
295700, 17882, 1, 0, 0
295800, 14144, 1, 0, 0
295900, 14150, 1, 0, 0
296000, 13221, 1, 0, 0
296100, 17199, 1, 0, 0
296200, 14567, 1, 0, 0
296300, 16631, 1, 0, 0
296400, 18438, 1, 0, 0
296500, 19671, 1, 0, 0
296600, 16158, 1, 0, 0
296700, 18180, 1, 0, 0
296800, 16440, 1, 0, 0
296900, 16474, 1, 0, 0
297000, 16923, 1, 0, 0
297100, 14049, 1, 0, 0
297200, 16878, 1, 0, 0
297300, 12759, 1, 0, 0
297400, 13424, 1, 0, 0
297500, 16365, 1, 0, 0
297600, 13909, 1, 0, 0
297700, 13993, 1, 0, 0
297800, 17044, 1, 0, 0
297900, 17016, 1, 0, 0
298000, 14508, 1, 0, 0
298100, 18681, 1, 0, 0
298200, 14919, 1, 0, 0
298300, 15494, 1, 0, 0
298400, 14964, 1, 0, 0
298500, 13335, 1, 0, 0
298600, 14854, 1, 0, 0
298700, 15235, 1, 0, 0
298800, 19599, 1, 0, 0
298900, 14732, 1, 0, 0
299000, 17787, 1, 0, 0
299100, 13819, 1, 0, 0
299200, 18224, 1, 0, 0
299300, 15972, 1, 0, 0
299400, 19099, 1, 0, 0
299501, 18494, 1, 0, 0
299600, 14811, 1, 0, 0
299700, 16284, 1, 0, 0
299800, 17044, 1, 0, 0
299900, 13159, 1, 0, 0
300000, 13591, 1, 0, 0
300100, 17234, 1, 0, 0
300200, 15175, 1, 0, 0
300300, 20506, 1, 0, 0
300400, 19795, 1, 0, 0
300501, 13889, 1, 0, 0
300600, 14879, 1, 0, 0
300700, 14843, 1, 0, 0
300801, 15570, 1, 0, 0
300900, 13855, 1, 0, 0
301000, 20098, 1, 0, 0
301101, 15697, 1, 0, 0
301200, 17673, 1, 0, 0
301300, 15656, 1, 0, 0
301400, 14483, 1, 0, 0
301500, 15013, 1, 0, 0
301600, 14481, 1, 0, 0
301700, 14563, 1, 0, 0
301800, 14426, 1, 0, 0
301900, 16481, 1, 0, 0
302000, 17547, 1, 0, 0
302100, 15331, 1, 0, 0
302200, 14057, 1, 0, 0
302300, 13471, 1, 0, 0
302400, 14029, 1, 0, 0
302500, 18869, 1, 0, 0
302600, 17746, 1, 0, 0
302700, 14578, 1, 0, 0
302800, 14568, 1, 0, 0
302900, 16630, 1, 0, 0
303000, 16476, 1, 0, 0
303100, 17785, 1, 0, 0
303200, 18548, 1, 0, 0
303300, 18053, 1, 0, 0
303400, 15903, 1, 0, 0
303500, 15440, 1, 0, 0
303600, 16087, 1, 0, 0
303700, 18348, 1, 0, 0
303800, 16016, 1, 0, 0
303900, 16369, 1, 0, 0
304000, 13678, 1, 0, 0
304100, 15192, 1, 0, 0
304200, 14019, 1, 0, 0
304300, 19216, 1, 0, 0
304400, 17056, 1, 0, 0
304500, 13534, 1, 0, 0
304600, 15359, 1, 0, 0
304700, 15346, 1, 0, 0
304800, 16557, 1, 0, 0
304900, 15860, 1, 0, 0
305000, 17078, 1, 0, 0
305100, 17531, 1, 0, 0
305200, 19084, 1, 0, 0
305300, 16130, 1, 0, 0
305400, 18858, 1, 0, 0
305500, 17045, 1, 0, 0
305602, 14440, 1, 0, 0
305700, 13686, 1, 0, 0
305800, 15049, 1, 0, 0
305900, 13504, 1, 0, 0
306000, 15926, 1, 0, 0
306101, 18634, 1, 0, 0
306200, 16126, 1, 0, 0
306300, 17687, 1, 0, 0
306400, 18640, 1, 0, 0
306500, 19670, 1, 0, 0
306600, 16699, 1, 0, 0
306700, 15686, 1, 0, 0
306800, 17685, 1, 0, 0
306900, 14575, 1, 0, 0
307000, 17137, 1, 0, 0
307100, 14022, 1, 0, 0
307200, 14953, 1, 0, 0
307300, 15612, 1, 0, 0
307400, 17311, 1, 0, 0
307500, 17908, 1, 0, 0
307601, 14819, 1, 0, 0
307700, 13414, 1, 0, 0
307800, 16370, 1, 0, 0
307900, 14355, 1, 0, 0
308000, 15103, 1, 0, 0
308100, 18579, 1, 0, 0
308201, 16599, 1, 0, 0
308300, 16607, 1, 0, 0
308400, 17161, 1, 0, 0
308501, 17000, 1, 0, 0
308600, 14713, 1, 0, 0
308701, 18410, 1, 0, 0
308800, 15133, 1, 0, 0
308900, 16284, 1, 0, 0
309000, 13446, 1, 0, 0
309100, 16670, 1, 0, 0
309200, 14380, 1, 0, 0
309300, 15438, 1, 0, 0
309400, 14775, 1, 0, 0
309500, 15949, 1, 0, 0
309600, 15124, 1, 0, 0
309701, 18360, 1, 0, 0
309800, 14599, 1, 0, 0
309900, 17714, 1, 0, 0
310000, 14639, 1, 0, 0
310100, 15439, 1, 0, 0
310200, 15028, 1, 0, 0
310300, 16315, 1, 0, 0
310400, 16375, 1, 0, 0
310500, 13387, 1, 0, 0
310600, 16448, 1, 0, 0
310700, 13468, 1, 0, 0
310800, 15282, 1, 0, 0
310901, 15643, 1, 0, 0
311000, 14644, 1, 0, 0
311100, 16260, 1, 0, 0
311200, 16397, 1, 0, 0
311300, 16347, 1, 0, 0
311400, 15444, 1, 0, 0
311500, 14277, 1, 0, 0
311601, 13828, 1, 0, 0
311701, 13545, 1, 0, 0
311800, 18024, 1, 0, 0
311900, 13609, 1, 0, 0
312000, 13786, 1, 0, 0
312100, 14914, 1, 0, 0
312200, 19150, 1, 0, 0
312300, 15562, 1, 0, 0
312400, 13794, 1, 0, 0
312500, 15447, 1, 0, 0
312600, 14001, 1, 0, 0
312700, 16966, 1, 0, 0
312800, 15843, 1, 0, 0
312900, 18349, 1, 0, 0
313000, 13779, 1, 0, 0
313100, 15108, 1, 0, 0
313200, 14226, 1, 0, 0
313300, 17082, 1, 0, 0
313400, 16374, 1, 0, 0
313500, 15231, 1, 0, 0
313600, 12803, 1, 0, 0
313700, 18018, 1, 0, 0
313800, 19054, 1, 0, 0
313902, 14439, 1, 0, 0
314000, 15833, 1, 0, 0
314100, 14863, 1, 0, 0
314200, 16293, 1, 0, 0
314300, 16888, 1, 0, 0
314400, 16449, 1, 0, 0
314500, 15426, 1, 0, 0
314600, 16504, 1, 0, 0
314700, 13490, 1, 0, 0
314800, 15916, 1, 0, 0
314900, 14473, 1, 0, 0
315000, 14991, 1, 0, 0
315100, 13407, 1, 0, 0
315200, 14547, 1, 0, 0
315300, 13722, 1, 0, 0
315400, 16352, 1, 0, 0
315500, 15126, 1, 0, 0
315600, 17828, 1, 0, 0
315700, 15654, 1, 0, 0
315800, 14235, 1, 0, 0
315900, 15433, 1, 0, 0
316000, 17693, 1, 0, 0
316101, 15685, 1, 0, 0
316200, 16517, 1, 0, 0
316300, 13195, 1, 0, 0
316400, 15360, 1, 0, 0
316500, 16694, 1, 0, 0
316600, 18700, 1, 0, 0
316700, 14791, 1, 0, 0
316800, 17651, 1, 0, 0
316901, 16032, 1, 0, 0
317000, 15798, 1, 0, 0
317100, 16315, 1, 0, 0
317200, 16044, 1, 0, 0
317300, 18210, 1, 0, 0
317400, 15838, 1, 0, 0
317500, 17571, 1, 0, 0
317600, 16832, 1, 0, 0
317700, 17212, 1, 0, 0
317800, 13995, 1, 0, 0
317900, 16626, 1, 0, 0
318000, 19405, 1, 0, 0
318100, 18092, 1, 0, 0
318200, 18957, 1, 0, 0
318300, 15312, 1, 0, 0
318400, 12977, 1, 0, 0
318500, 19570, 1, 0, 0
318600, 13431, 1, 0, 0
318700, 16987, 1, 0, 0
318800, 15937, 1, 0, 0
318900, 13154, 1, 0, 0
319000, 13844, 1, 0, 0
319100, 14502, 1, 0, 0
319200, 14176, 1, 0, 0
319300, 18483, 1, 0, 0
319400, 13586, 1, 0, 0
319500, 14807, 1, 0, 0
319600, 15411, 1, 0, 0
319700, 17480, 1, 0, 0
319800, 18629, 1, 0, 0
319900, 14947, 1, 0, 0
320000, 17685, 1, 0, 0
320100, 16213, 1, 0, 0
320200, 16904, 1, 0, 0
320300, 19576, 1, 0, 0
320400, 13850, 1, 0, 0
320500, 14730, 1, 0, 0
320600, 16081, 1, 0, 0
320700, 13223, 1, 0, 0
320800, 16381, 1, 0, 0
320900, 20233, 1, 0, 0
321001, 17671, 1, 0, 0
321100, 13587, 1, 0, 0
321200, 14546, 1, 0, 0
321300, 17135, 1, 0, 0
321400, 14476, 1, 0, 0
321500, 14209, 1, 0, 0
321600, 15868, 1, 0, 0
321700, 16694, 1, 0, 0
321800, 12456, 1, 0, 0
321900, 15500, 1, 0, 0
322000, 19795, 1, 0, 0
322100, 17025, 1, 0, 0
322200, 16927, 1, 0, 0
322300, 13862, 1, 0, 0
322400, 15566, 1, 0, 0
322500, 16961, 1, 0, 0
322600, 18052, 1, 0, 0
322700, 16305, 1, 0, 0
322801, 14973, 1, 0, 0
322900, 15032, 1, 0, 0
323000, 18048, 1, 0, 0
323100, 13539, 1, 0, 0
323200, 15575, 1, 0, 0
323300, 16485, 1, 0, 0
323400, 14181, 1, 0, 0
323500, 14372, 1, 0, 0
323601, 15700, 1, 0, 0
323700, 15800, 1, 0, 0
323800, 13035, 1, 0, 0
323900, 13939, 1, 0, 0
324001, 15740, 1, 0, 0
324100, 15265, 1, 0, 0
324200, 15177, 1, 0, 0
324300, 17188, 1, 0, 0
324400, 16190, 1, 0, 0
324500, 15351, 1, 0, 0
324600, 16841, 1, 0, 0
324700, 16012, 1, 0, 0
324800, 14879, 1, 0, 0
324900, 17523, 1, 0, 0
325000, 13293, 1, 0, 0
325100, 17511, 1, 0, 0
325200, 14785, 1, 0, 0
325300, 16031, 1, 0, 0
325400, 15272, 1, 0, 0
325500, 13612, 1, 0, 0
325600, 18532, 1, 0, 0
325700, 13800, 1, 0, 0
325800, 15227, 1, 0, 0
325900, 15300, 1, 0, 0
326000, 15245, 1, 0, 0
326100, 12784, 1, 0, 0
326201, 17665, 1, 0, 0
326300, 17056, 1, 0, 0
326400, 20642, 1, 0, 0
326500, 15619, 1, 0, 0
326600, 15382, 1, 0, 0
326700, 15016, 1, 0, 0
326800, 18694, 1, 0, 0
326900, 14840, 1, 0, 0
327000, 16070, 1, 0, 0
327100, 16910, 1, 0, 0
327200, 14787, 1, 0, 0
327300, 19193, 1, 0, 0
327400, 15676, 1, 0, 0
327501, 19262, 1, 0, 0
327600, 15329, 1, 0, 0
327700, 14749, 1, 0, 0
327800, 17229, 1, 0, 0
327900, 15150, 1, 0, 0
328000, 15261, 1, 0, 0
328100, 14012, 1, 0, 0
328200, 13612, 1, 0, 0
328300, 16894, 1, 0, 0
328401, 17847, 1, 0, 0
328500, 14820, 1, 0, 0
328600, 17586, 1, 0, 0
328700, 15786, 1, 0, 0
328800, 16614, 1, 0, 0
328900, 17969, 1, 0, 0
329000, 15374, 1, 0, 0
329100, 17277, 1, 0, 0
329201, 13746, 1, 0, 0
329300, 15410, 1, 0, 0
329400, 16779, 1, 0, 0
329500, 18806, 1, 0, 0
329601, 13743, 1, 0, 0
329700, 13033, 1, 0, 0
329800, 14476, 1, 0, 0
329900, 13752, 1, 0, 0
330000, 15423, 1, 0, 0
330100, 16285, 1, 0, 0
330200, 15644, 1, 0, 0
330300, 16140, 1, 0, 0
330400, 13905, 1, 0, 0
330501, 17253, 1, 0, 0
330600, 16839, 1, 0, 0
330700, 15886, 1, 0, 0
330801, 13158, 1, 0, 0
330900, 16653, 1, 0, 0
331000, 18732, 1, 0, 0
331100, 18803, 1, 0, 0
331200, 16487, 1, 0, 0
331300, 15017, 1, 0, 0
331400, 16130, 1, 0, 0
331500, 15063, 1, 0, 0
331600, 14075, 1, 0, 0
331700, 14825, 1, 0, 0
331800, 14205, 1, 0, 0
331900, 13587, 1, 0, 0
332000, 14099, 1, 0, 0
332100, 18054, 1, 0, 0
332200, 15697, 1, 0, 0
332300, 15256, 1, 0, 0
332400, 15077, 1, 0, 0
332500, 14695, 1, 0, 0
332600, 18854, 1, 0, 0
332700, 15242, 1, 0, 0
332801, 15208, 1, 0, 0
332900, 13055, 1, 0, 0
333000, 13793, 1, 0, 0
333100, 13274, 1, 0, 0
333200, 14741, 1, 0, 0
333300, 18381, 1, 0, 0
333400, 16292, 1, 0, 0
333500, 14111, 1, 0, 0
333600, 15592, 1, 0, 0
333701, 14267, 1, 0, 0
333801, 14311, 1, 0, 0
333900, 18452, 1, 0, 0
334000, 17184, 1, 0, 0
334101, 17166, 1, 0, 0
334200, 15947, 1, 0, 0
334300, 17731, 1, 0, 0
334400, 14409, 1, 0, 0
334500, 16278, 1, 0, 0
334600, 15432, 1, 0, 0
334700, 15523, 1, 0, 0
334800, 16222, 1, 0, 0
334900, 14409, 1, 0, 0
335000, 19826, 1, 0, 0
335101, 15879, 1, 0, 0
335200, 14886, 1, 0, 0
335300, 18923, 1, 0, 0
335400, 14498, 1, 0, 0
335500, 17872, 1, 0, 0
335601, 17518, 1, 0, 0
335700, 14905, 1, 0, 0
335800, 16269, 1, 0, 0
335900, 14826, 1, 0, 0
336000, 15441, 1, 0, 0
336102, 16593, 1, 0, 0
336200, 16603, 1, 0, 0
336300, 13210, 1, 0, 0
336400, 15824, 1, 0, 0
336500, 17425, 1, 0, 0
336600, 13958, 1, 0, 0
336700, 15611, 1, 0, 0
336800, 13162, 1, 0, 0
336900, 15301, 1, 0, 0
337000, 13344, 1, 0, 0
337100, 14697, 1, 0, 0
337200, 17084, 1, 0, 0
337300, 16432, 1, 0, 0
337400, 13643, 1, 0, 0
337500, 14249, 1, 0, 0
337600, 14459, 1, 0, 0
337700, 14027, 1, 0, 0
337800, 15668, 1, 0, 0
337900, 16449, 1, 0, 0
338001, 13790, 1, 0, 0
338100, 15683, 1, 0, 0
338200, 17232, 1, 0, 0
338300, 19614, 1, 0, 0
338400, 15024, 1, 0, 0
338500, 12819, 1, 0, 0
338600, 13411, 1, 0, 0
338700, 16918, 1, 0, 0
338801, 15204, 1, 0, 0
338901, 15655, 1, 0, 0
339000, 13730, 1, 0, 0
339100, 17908, 1, 0, 0
339200, 14592, 1, 0, 0
339300, 14588, 1, 0, 0
339400, 20150, 1, 0, 0
339500, 21094, 1, 0, 0
339600, 19270, 1, 0, 0
339701, 16550, 1, 0, 0
339800, 17864, 1, 0, 0
339900, 17371, 1, 0, 0
340000, 15834, 1, 0, 0
340100, 16337, 1, 0, 0
340200, 14559, 1, 0, 0
340300, 14234, 1, 0, 0
340400, 19168, 1, 0, 0
340500, 16674, 1, 0, 0
340600, 17350, 1, 0, 0
340700, 14848, 1, 0, 0
340800, 19594, 1, 0, 0
340900, 18144, 1, 0, 0
341000, 16879, 1, 0, 0
341100, 19051, 1, 0, 0
341200, 13694, 1, 0, 0
341300, 16255, 1, 0, 0
341400, 14086, 1, 0, 0
341500, 17646, 1, 0, 0
341600, 14571, 1, 0, 0
341700, 13637, 1, 0, 0
341800, 14013, 1, 0, 0
341900, 13304, 1, 0, 0
342000, 14643, 1, 0, 0
342100, 16492, 1, 0, 0
342200, 15328, 1, 0, 0
342300, 14887, 1, 0, 0
342400, 13766, 1, 0, 0
342500, 17448, 1, 0, 0
342600, 13986, 1, 0, 0
342700, 14383, 1, 0, 0
342800, 14782, 1, 0, 0
342901, 15777, 1, 0, 0
343000, 14917, 1, 0, 0
343100, 16598, 1, 0, 0
343200, 16641, 1, 0, 0
343300, 16280, 1, 0, 0
343400, 15101, 1, 0, 0
343500, 18271, 1, 0, 0
343600, 13944, 1, 0, 0
343700, 15549, 1, 0, 0
343800, 12985, 1, 0, 0
343900, 15373, 1, 0, 0
344000, 15128, 1, 0, 0
344100, 17642, 1, 0, 0
344200, 15013, 1, 0, 0
344301, 15589, 1, 0, 0
344400, 16459, 1, 0, 0
344500, 16821, 1, 0, 0
344600, 15103, 1, 0, 0
344700, 17592, 1, 0, 0
344800, 17456, 1, 0, 0
344900, 14411, 1, 0, 0
345000, 16200, 1, 0, 0
345100, 17068, 1, 0, 0
345200, 15999, 1, 0, 0
345300, 16381, 1, 0, 0
345400, 14852, 1, 0, 0
345500, 19107, 1, 0, 0
345600, 16007, 1, 0, 0
345700, 18823, 1, 0, 0
345800, 15836, 1, 0, 0
345900, 17243, 1, 0, 0
346000, 15509, 1, 0, 0
346100, 16550, 1, 0, 0
346200, 15410, 1, 0, 0
346300, 15542, 1, 0, 0
346400, 13140, 1, 0, 0
346500, 16648, 1, 0, 0
346600, 17546, 1, 0, 0
346700, 13595, 1, 0, 0
346800, 18657, 1, 0, 0
346900, 19454, 1, 0, 0
347000, 14976, 1, 0, 0
347100, 15212, 1, 0, 0
347200, 16297, 1, 0, 0
347300, 14022, 1, 0, 0
347400, 16355, 1, 0, 0
347500, 20604, 1, 0, 0
347600, 14981, 1, 0, 0
347700, 15387, 1, 0, 0
347800, 18563, 1, 0, 0
347900, 13033, 1, 0, 0
348000, 16182, 1, 0, 0
348100, 18469, 1, 0, 0
348200, 17039, 1, 0, 0
348300, 17957, 1, 0, 0
348400, 18397, 1, 0, 0
348500, 20011, 1, 0, 0
348600, 14883, 1, 0, 0
348700, 18641, 1, 0, 0
348800, 15260, 1, 0, 0
348900, 15777, 1, 0, 0
349000, 13608, 1, 0, 0
349101, 12541, 1, 0, 0
349200, 16261, 1, 0, 0
349300, 17589, 1, 0, 0
349400, 21034, 1, 0, 0
349500, 16962, 1, 0, 0
349600, 14142, 1, 0, 0
349700, 15882, 1, 0, 0
349800, 14643, 1, 0, 0
349900, 17767, 1, 0, 0
350000, 19459, 1, 0, 0
350100, 15383, 1, 0, 0
350200, 19943, 1, 0, 0
350300, 14919, 1, 0, 0
350400, 16182, 1, 0, 0
350500, 17499, 1, 0, 0
350600, 17001, 1, 0, 0
350700, 18939, 1, 0, 0
350801, 16693, 1, 0, 0
350900, 15383, 1, 0, 0
351000, 14295, 1, 0, 0
351100, 14877, 1, 0, 0
351200, 15312, 1, 0, 0
351300, 17359, 1, 0, 0
351400, 16683, 1, 0, 0
351500, 16806, 1, 0, 0
351600, 14429, 1, 0, 0
351700, 14483, 1, 0, 0
351800, 18229, 1, 0, 0
351900, 16500, 1, 0, 0
352000, 18076, 1, 0, 0
352100, 15794, 1, 0, 0
352200, 17253, 1, 0, 0
352300, 18140, 1, 0, 0
352401, 15356, 1, 0, 0
352500, 15483, 1, 0, 0
352600, 16029, 1, 0, 0
352700, 14527, 1, 0, 0
352800, 18098, 1, 0, 0
352900, 16000, 1, 0, 0
353000, 17293, 1, 0, 0
353100, 16425, 1, 0, 0
353200, 14827, 1, 0, 0
353300, 17966, 1, 0, 0
353400, 15318, 1, 0, 0
353500, 14921, 1, 0, 0
353601, 14504, 1, 0, 0
353700, 15626, 1, 0, 0
353800, 15144, 1, 0, 0
353900, 14093, 1, 0, 0
354000, 18228, 1, 0, 0
354100, 15311, 1, 0, 0
354200, 15223, 1, 0, 0
354300, 14696, 1, 0, 0
354400, 14579, 1, 0, 0
354500, 22388, 1, 0, 0
354600, 16681, 1, 0, 0
354700, 15481, 1, 0, 0
354800, 14136, 1, 0, 0
354900, 16837, 1, 0, 0
355000, 13494, 1, 0, 0
355100, 14486, 1, 0, 0
355201, 14525, 1, 0, 0
355300, 15944, 1, 0, 0
355401, 14555, 1, 0, 0
355500, 17707, 1, 0, 0
355600, 17908, 1, 0, 0
355700, 14808, 1, 0, 0
355800, 14583, 1, 0, 0
355900, 14751, 1, 0, 0
356000, 16125, 1, 0, 0
356100, 19959, 1, 0, 0
356200, 13736, 1, 0, 0
356300, 15866, 1, 0, 0
356400, 16317, 1, 0, 0
356500, 16360, 1, 0, 0
356600, 16342, 1, 0, 0
356700, 15761, 1, 0, 0
356801, 15562, 1, 0, 0
356900, 15603, 1, 0, 0
357000, 16153, 1, 0, 0
357100, 14321, 1, 0, 0
357200, 17745, 1, 0, 0
357301, 15832, 1, 0, 0
357400, 15447, 1, 0, 0
357500, 16999, 1, 0, 0
357600, 16563, 1, 0, 0
357700, 17144, 1, 0, 0
357800, 13118, 1, 0, 0
357900, 15147, 1, 0, 0
358001, 19051, 1, 0, 0
358100, 18612, 1, 0, 0
358200, 14781, 1, 0, 0
358301, 14403, 1, 0, 0
358400, 16996, 1, 0, 0
358500, 18435, 1, 0, 0
358601, 17064, 1, 0, 0
358700, 15186, 1, 0, 0
358800, 17339, 1, 0, 0
358900, 18069, 1, 0, 0
359000, 18463, 1, 0, 0
359102, 13780, 1, 0, 0
359200, 22467, 1, 0, 0
359300, 17774, 1, 0, 0
359401, 15082, 1, 0, 0
359500, 16512, 1, 0, 0
359600, 16465, 1, 0, 0
359700, 14082, 1, 0, 0
359801, 15884, 1, 0, 0
359901, 16763, 1, 0, 0
360000, 16624, 1, 0, 0
360100, 16243, 1, 0, 0
360201, 17917, 1, 0, 0
360300, 14305, 1, 0, 0
360400, 17757, 1, 0, 0
360500, 13679, 1, 0, 0
360600, 13825, 1, 0, 0
360700, 16939, 1, 0, 0
360800, 16285, 1, 0, 0
360900, 15808, 1, 0, 0
361000, 15727, 1, 0, 0
361100, 17276, 1, 0, 0
361200, 14170, 1, 0, 0
361300, 14122, 1, 0, 0
361400, 14133, 1, 0, 0
361500, 16584, 1, 0, 0
361600, 20118, 1, 0, 0
361700, 18394, 1, 0, 0
361800, 18933, 1, 0, 0
361900, 17177, 1, 0, 0
362000, 14234, 1, 0, 0
362100, 13659, 1, 0, 0
362200, 14241, 1, 0, 0
362300, 14407, 1, 0, 0
362400, 15176, 1, 0, 0
362501, 15220, 1, 0, 0
362600, 17537, 1, 0, 0
362700, 20779, 1, 0, 0
362800, 14671, 1, 0, 0
362900, 19275, 1, 0, 0
363000, 13872, 1, 0, 0
363100, 14530, 1, 0, 0
363200, 15224, 1, 0, 0
363300, 17208, 1, 0, 0
363400, 14032, 1, 0, 0
363500, 15604, 1, 0, 0
363600, 14431, 1, 0, 0
363700, 16844, 1, 0, 0
363800, 17440, 1, 0, 0
363901, 20323, 1, 0, 0
364000, 15102, 1, 0, 0
364100, 16915, 1, 0, 0
364200, 18625, 1, 0, 0
364300, 13825, 1, 0, 0
364400, 15852, 1, 0, 0
364500, 17591, 1, 0, 0
364601, 14086, 1, 0, 0
364700, 15825, 1, 0, 0
364801, 17096, 1, 0, 0
364900, 15216, 1, 0, 0
365000, 16604, 1, 0, 0
365100, 15903, 1, 0, 0
365200, 15916, 1, 0, 0
365300, 16930, 1, 0, 0
365400, 16405, 1, 0, 0
365500, 15276, 1, 0, 0
365600, 14430, 1, 0, 0
365700, 13787, 1, 0, 0
365800, 13461, 1, 0, 0
365900, 17809, 1, 0, 0
366000, 14523, 1, 0, 0
366100, 13870, 1, 0, 0
366200, 14354, 1, 0, 0
366301, 18650, 1, 0, 0
366401, 17898, 1, 0, 0
366500, 16302, 1, 0, 0
366601, 18051, 1, 0, 0
366700, 13850, 1, 0, 0
366800, 15773, 1, 0, 0
366900, 15329, 1, 0, 0
367000, 14580, 1, 0, 0
367100, 13359, 1, 0, 0
367200, 12475, 1, 0, 0
367300, 15073, 1, 0, 0
367400, 15761, 1, 0, 0
367500, 14147, 1, 0, 0
367600, 14689, 1, 0, 0
367700, 17366, 1, 0, 0
367800, 14665, 1, 0, 0
367900, 12944, 1, 0, 0
368000, 15182, 1, 0, 0
368100, 15266, 1, 0, 0
368200, 16177, 1, 0, 0
368300, 16347, 1, 0, 0
368400, 17078, 1, 0, 0
368500, 16218, 1, 0, 0
368600, 14513, 1, 0, 0
368700, 18954, 1, 0, 0
368801, 16358, 1, 0, 0
368900, 16502, 1, 0, 0
369001, 13091, 1, 0, 0
369100, 16131, 1, 0, 0
369200, 20323, 1, 0, 0
369300, 16226, 1, 0, 0
369400, 16154, 1, 0, 0
369500, 14789, 1, 0, 0
369600, 13930, 1, 0, 0
369700, 14029, 1, 0, 0
369800, 15165, 1, 0, 0
369900, 18428, 1, 0, 0
370000, 14670, 1, 0, 0
370100, 19020, 1, 0, 0
370200, 14582, 1, 0, 0
370300, 16405, 1, 0, 0
370400, 16765, 1, 0, 0
370500, 15602, 1, 0, 0
370600, 15867, 1, 0, 0
370700, 16101, 1, 0, 0
370800, 16071, 1, 0, 0
370900, 13849, 1, 0, 0
371000, 14371, 1, 0, 0
371100, 15074, 1, 0, 0
371200, 15734, 1, 0, 0
371300, 15604, 1, 0, 0
371400, 17234, 1, 0, 0
371500, 15578, 1, 0, 0
371602, 19148, 1, 0, 0
371700, 14738, 1, 0, 0
371801, 17461, 1, 0, 0
371900, 16745, 1, 0, 0
372000, 15572, 1, 0, 0
372100, 13895, 1, 0, 0
372200, 17172, 1, 0, 0
372300, 17077, 1, 0, 0
372400, 18775, 1, 0, 0
372500, 13681, 1, 0, 0
372600, 15659, 1, 0, 0
372700, 18036, 1, 0, 0
372800, 16443, 1, 0, 0
372900, 20831, 1, 0, 0
373000, 16764, 1, 0, 0
373100, 14370, 1, 0, 0
373200, 14459, 1, 0, 0
373300, 17887, 1, 0, 0
373400, 18166, 1, 0, 0
373500, 17769, 1, 0, 0
373600, 14538, 1, 0, 0
373700, 14971, 1, 0, 0
373800, 17118, 1, 0, 0
373900, 14404, 1, 0, 0
374001, 18297, 1, 0, 0
374100, 17188, 1, 0, 0
374200, 18578, 1, 0, 0
374300, 14653, 1, 0, 0
374400, 13970, 1, 0, 0
374500, 13767, 1, 0, 0
374600, 14694, 1, 0, 0
374700, 14285, 1, 0, 0
374800, 15641, 1, 0, 0
374900, 17535, 1, 0, 0
375000, 15338, 1, 0, 0
375100, 17502, 1, 0, 0
375200, 18184, 1, 0, 0
375302, 12947, 1, 0, 0
375400, 18173, 1, 0, 0
375500, 14977, 1, 0, 0
375600, 14422, 1, 0, 0
375700, 17517, 1, 0, 0
375800, 16117, 1, 0, 0
375901, 14468, 1, 0, 0
376000, 16623, 1, 0, 0
376100, 16550, 1, 0, 0
376200, 14874, 1, 0, 0
376300, 13508, 1, 0, 0
376400, 16164, 1, 0, 0
376500, 13877, 1, 0, 0
376601, 18008, 1, 0, 0
376700, 15929, 1, 0, 0
376800, 15177, 1, 0, 0
376900, 17571, 1, 0, 0
377000, 21267, 1, 0, 0
377100, 14981, 1, 0, 0
377200, 17004, 1, 0, 0
377300, 15867, 1, 0, 0
377400, 13669, 1, 0, 0
377500, 15375, 1, 0, 0
377600, 17504, 1, 0, 0
377700, 14215, 1, 0, 0
377800, 13712, 1, 0, 0
377900, 18555, 1, 0, 0
378001, 14639, 1, 0, 0
378100, 16443, 1, 0, 0
378200, 16384, 1, 0, 0
378300, 16809, 1, 0, 0
378400, 13306, 1, 0, 0
378500, 16128, 1, 0, 0
378600, 19611, 1, 0, 0
378700, 16773, 1, 0, 0
378800, 15920, 1, 0, 0
378901, 14266, 1, 0, 0
379000, 13808, 1, 0, 0
379100, 13621, 1, 0, 0
379200, 15023, 1, 0, 0
379300, 16558, 1, 0, 0
379400, 16273, 1, 0, 0
379500, 14507, 1, 0, 0
379600, 16441, 1, 0, 0
379700, 15825, 1, 0, 0
379800, 19363, 1, 0, 0
379900, 13766, 1, 0, 0
380000, 16036, 1, 0, 0
380100, 16960, 1, 0, 0
380200, 16918, 1, 0, 0
380300, 20769, 1, 0, 0
380400, 15496, 1, 0, 0
380500, 16474, 1, 0, 0
380600, 16560, 1, 0, 0
380700, 15806, 1, 0, 0
380800, 17512, 1, 0, 0
380900, 13874, 1, 0, 0
381000, 15545, 1, 0, 0
381100, 16936, 1, 0, 0
381200, 17382, 1, 0, 0
381300, 15826, 1, 0, 0
381400, 18478, 1, 0, 0
381500, 14050, 1, 0, 0
381600, 14285, 1, 0, 0
381700, 14493, 1, 0, 0
381800, 15645, 1, 0, 0
381900, 12906, 1, 0, 0
382000, 15968, 1, 0, 0
382100, 16999, 1, 0, 0
382200, 16236, 1, 0, 0
382300, 16993, 1, 0, 0
382400, 16169, 1, 0, 0
382500, 13661, 1, 0, 0
382600, 16046, 1, 0, 0
382700, 16047, 1, 0, 0
382800, 15527, 1, 0, 0
382900, 16758, 1, 0, 0
383000, 20680, 1, 0, 0
383100, 15373, 1, 0, 0
383200, 15323, 1, 0, 0
383300, 15234, 1, 0, 0
383400, 14742, 1, 0, 0
383500, 14046, 1, 0, 0
383600, 13450, 1, 0, 0
383700, 15441, 1, 0, 0
383800, 18670, 1, 0, 0
383900, 17995, 1, 0, 0
384000, 14803, 1, 0, 0
384100, 13517, 1, 0, 0
384200, 16599, 1, 0, 0
384300, 15623, 1, 0, 0
384400, 13028, 1, 0, 0
384500, 16207, 1, 0, 0
384601, 15183, 1, 0, 0
384700, 18211, 1, 0, 0
384801, 15685, 1, 0, 0
384900, 13779, 1, 0, 0
385000, 15427, 1, 0, 0
385100, 16553, 1, 0, 0
385200, 17751, 1, 0, 0
385300, 14937, 1, 0, 0
385400, 14980, 1, 0, 0
385500, 13880, 1, 0, 0
385600, 13357, 1, 0, 0
385700, 13845, 1, 0, 0
385800, 16598, 1, 0, 0
385900, 17014, 1, 0, 0
386000, 14745, 1, 0, 0
386100, 13196, 1, 0, 0
386200, 14728, 1, 0, 0
386300, 16586, 1, 0, 0
386400, 14932, 1, 0, 0
386500, 14727, 1, 0, 0
386600, 19707, 1, 0, 0
386700, 14361, 1, 0, 0
386800, 19127, 1, 0, 0
386900, 14872, 1, 0, 0
387000, 14863, 1, 0, 0
387100, 16980, 1, 0, 0
387200, 16556, 1, 0, 0
387300, 19194, 1, 0, 0
387400, 16387, 1, 0, 0
387500, 17463, 1, 0, 0
387600, 19946, 1, 0, 0
387700, 19946, 1, 0, 0
387800, 18307, 1, 0, 0
387900, 13473, 1, 0, 0
388000, 15854, 1, 0, 0
388100, 17566, 1, 0, 0
388200, 16979, 1, 0, 0
388300, 16098, 1, 0, 0
388400, 17383, 1, 0, 0
388500, 14300, 1, 0, 0
388600, 17107, 1, 0, 0
388700, 14249, 1, 0, 0
388801, 14688, 1, 0, 0
388900, 17601, 1, 0, 0
389000, 19085, 1, 0, 0
389100, 16085, 1, 0, 0
389200, 14476, 1, 0, 0
389300, 18463, 1, 0, 0
389400, 13937, 1, 0, 0
389500, 13998, 1, 0, 0
389600, 18329, 1, 0, 0
389700, 13477, 1, 0, 0
389800, 17266, 1, 0, 0
389900, 13752, 1, 0, 0
390001, 16166, 1, 0, 0
390100, 15701, 1, 0, 0
390200, 16341, 1, 0, 0
390300, 16156, 1, 0, 0
390400, 14805, 1, 0, 0
390500, 19065, 1, 0, 0
390600, 15240, 1, 0, 0
390700, 14084, 1, 0, 0
390800, 13809, 1, 0, 0
390900, 16669, 1, 0, 0
391001, 13995, 1, 0, 0
391100, 15629, 1, 0, 0
391200, 15449, 1, 0, 0
391300, 14980, 1, 0, 0
391400, 14278, 1, 0, 0
391501, 17754, 1, 0, 0
391600, 15685, 1, 0, 0
391700, 14724, 1, 0, 0
391800, 14815, 1, 0, 0
391900, 13484, 1, 0, 0
392000, 16196, 1, 0, 0
392100, 16872, 1, 0, 0
392200, 15883, 1, 0, 0
392300, 15715, 1, 0, 0
392400, 15485, 1, 0, 0
392500, 18558, 1, 0, 0
392600, 18476, 1, 0, 0
392700, 14433, 1, 0, 0
392800, 16001, 1, 0, 0
392900, 17486, 1, 0, 0
393000, 15648, 1, 0, 0
393100, 15719, 1, 0, 0
393200, 13503, 1, 0, 0
393300, 15264, 1, 0, 0
393402, 13412, 1, 0, 0
393500, 17889, 1, 0, 0
393601, 17158, 1, 0, 0
393700, 15121, 1, 0, 0
393800, 13769, 1, 0, 0
393900, 15906, 1, 0, 0
394000, 14252, 1, 0, 0
394100, 12998, 1, 0, 0
394200, 16815, 1, 0, 0
394300, 14184, 1, 0, 0
394401, 13786, 1, 0, 0
394500, 18480, 1, 0, 0
394600, 17076, 1, 0, 0
394700, 18419, 1, 0, 0
394800, 15456, 1, 0, 0
394900, 13945, 1, 0, 0
395001, 16330, 1, 0, 0
395100, 14735, 1, 0, 0
395202, 18509, 1, 0, 0
395301, 18589, 1, 0, 0
395400, 15259, 1, 0, 0
395500, 15915, 1, 0, 0
395600, 15225, 1, 0, 0
395700, 16159, 1, 0, 0
395801, 14778, 1, 0, 0
395900, 17642, 1, 0, 0
396000, 18577, 1, 0, 0
396100, 17599, 1, 0, 0
396200, 21531, 1, 0, 0
396300, 16168, 1, 0, 0
396400, 17471, 1, 0, 0
396500, 14237, 1, 0, 0
396600, 16951, 1, 0, 0
396700, 16064, 1, 0, 0
396800, 16981, 1, 0, 0
396900, 14991, 1, 0, 0
397000, 13614, 1, 0, 0
397100, 18912, 1, 0, 0
397200, 17499, 1, 0, 0
397300, 16541, 1, 0, 0
397400, 19492, 1, 0, 0
397500, 13636, 1, 0, 0
397601, 15330, 1, 0, 0
397700, 15052, 1, 0, 0
397800, 16070, 1, 0, 0
397900, 18283, 1, 0, 0
398000, 14544, 1, 0, 0
398100, 14064, 1, 0, 0
398200, 17453, 1, 0, 0
398300, 17257, 1, 0, 0
398400, 12862, 1, 0, 0
398500, 18694, 1, 0, 0
398600, 17366, 1, 0, 0
398700, 16738, 1, 0, 0
398800, 14935, 1, 0, 0
398900, 17243, 1, 0, 0
399000, 13596, 1, 0, 0
399100, 15123, 1, 0, 0
399200, 20409, 1, 0, 0
399300, 16109, 1, 0, 0
399400, 17729, 1, 0, 0
399500, 14933, 1, 0, 0
399600, 13594, 1, 0, 0
399700, 16162, 1, 0, 0
399800, 15170, 1, 0, 0
399900, 18414, 1, 0, 0
400000, 15810, 1, 0, 0
400100, 16339, 1, 0, 0
400200, 15106, 1, 0, 0
400300, 15901, 1, 0, 0
400401, 15828, 1, 0, 0
400500, 18068, 1, 0, 0
400600, 16799, 1, 0, 0
400700, 17101, 1, 0, 0
400800, 18473, 1, 0, 0
400901, 19212, 1, 0, 0
401000, 16865, 1, 0, 0
401100, 14773, 1, 0, 0
401200, 16577, 1, 0, 0
401300, 15677, 1, 0, 0
401400, 16378, 1, 0, 0
401500, 13444, 1, 0, 0
401600, 18185, 1, 0, 0
401700, 14235, 1, 0, 0
401800, 15609, 1, 0, 0
401900, 19490, 1, 0, 0
402000, 15026, 1, 0, 0
402100, 14248, 1, 0, 0
402200, 13789, 1, 0, 0
402300, 14716, 1, 0, 0
402400, 13262, 1, 0, 0
402500, 16494, 1, 0, 0
402600, 15466, 1, 0, 0
402700, 16906, 1, 0, 0
402800, 13377, 1, 0, 0
402900, 15858, 1, 0, 0
403000, 13629, 1, 0, 0
403100, 17153, 1, 0, 0
403200, 14448, 1, 0, 0
403300, 14579, 1, 0, 0
403400, 14378, 1, 0, 0
403500, 18502, 1, 0, 0
403600, 18896, 1, 0, 0
403700, 17683, 1, 0, 0
403800, 19186, 1, 0, 0
403900, 16743, 1, 0, 0
404001, 18190, 1, 0, 0
404100, 16232, 1, 0, 0
404200, 16041, 1, 0, 0
404300, 17059, 1, 0, 0
404400, 14801, 1, 0, 0
404500, 15943, 1, 0, 0
404600, 15585, 1, 0, 0
404700, 18383, 1, 0, 0
404800, 15258, 1, 0, 0
404900, 15603, 1, 0, 0
405000, 19708, 1, 0, 0
405100, 16403, 1, 0, 0
405200, 15655, 1, 0, 0
405300, 13441, 1, 0, 0
405400, 14569, 1, 0, 0
405500, 17923, 1, 0, 0
405601, 17115, 1, 0, 0
405700, 18131, 1, 0, 0
405800, 14055, 1, 0, 0
405900, 19656, 1, 0, 0
406000, 17978, 1, 0, 0
406100, 17033, 1, 0, 0
406200, 13173, 1, 0, 0
406301, 16115, 1, 0, 0
406400, 15501, 1, 0, 0
406500, 17539, 1, 0, 0
406600, 14345, 1, 0, 0
406700, 19502, 1, 0, 0
406800, 15955, 1, 0, 0
406900, 19387, 1, 0, 0
407000, 16934, 1, 0, 0
407100, 13811, 1, 0, 0
407200, 17969, 1, 0, 0
407300, 17435, 1, 0, 0
407400, 17457, 1, 0, 0
407500, 13574, 1, 0, 0
407600, 20045, 1, 0, 0
407700, 15644, 1, 0, 0
407800, 17901, 1, 0, 0
407900, 18783, 1, 0, 0
408001, 12897, 1, 0, 0
408100, 15450, 1, 0, 0
408200, 15455, 1, 0, 0
408300, 14663, 1, 0, 0
408400, 14547, 1, 0, 0
408500, 17315, 1, 0, 0
408600, 17739, 1, 0, 0
408700, 12745, 1, 0, 0
408801, 17306, 1, 0, 0
408900, 13154, 1, 0, 0
409000, 15322, 1, 0, 0
409100, 17274, 1, 0, 0
409200, 16548, 1, 0, 0
409300, 15793, 1, 0, 0
409400, 15826, 1, 0, 0
409500, 16694, 1, 0, 0
409600, 14588, 1, 0, 0
409700, 15650, 1, 0, 0
409800, 16145, 1, 0, 0
409900, 15358, 1, 0, 0
410001, 15260, 1, 0, 0
410100, 15832, 1, 0, 0
410201, 15829, 1, 0, 0
410301, 15180, 1, 0, 0
410400, 15245, 1, 0, 0
410500, 14572, 1, 0, 0
410600, 18401, 1, 0, 0
410700, 17031, 1, 0, 0
410800, 17692, 1, 0, 0
410900, 16776, 1, 0, 0
411000, 17809, 1, 0, 0
411100, 18558, 1, 0, 0
411200, 13380, 1, 0, 0
411300, 15112, 1, 0, 0
411400, 14359, 1, 0, 0
411500, 15529, 1, 0, 0
411601, 18622, 1, 0, 0
411700, 20833, 1, 0, 0
411800, 17006, 1, 0, 0
411900, 14638, 1, 0, 0
412000, 14088, 1, 0, 0
412100, 15041, 1, 0, 0
412200, 17337, 1, 0, 0
412300, 16256, 1, 0, 0
412400, 14534, 1, 0, 0
412500, 13345, 1, 0, 0
412600, 13781, 1, 0, 0
412700, 17673, 1, 0, 0
412802, 16946, 1, 0, 0
412901, 17059, 1, 0, 0
413000, 13898, 1, 0, 0
413100, 13976, 1, 0, 0
413200, 16265, 1, 0, 0
413300, 13307, 1, 0, 0
413400, 16034, 1, 0, 0
413500, 19967, 1, 0, 0
413600, 17742, 1, 0, 0
413700, 17043, 1, 0, 0
413800, 16449, 1, 0, 0
413900, 15600, 1, 0, 0
414000, 17240, 1, 0, 0
414100, 15215, 1, 0, 0
414200, 15981, 1, 0, 0
414300, 14301, 1, 0, 0
414400, 12984, 1, 0, 0
414500, 17936, 1, 0, 0
414600, 16740, 1, 0, 0
414700, 13750, 1, 0, 0
414800, 14870, 1, 0, 0
414900, 16927, 1, 0, 0
415000, 17887, 1, 0, 0
415100, 19083, 1, 0, 0
415200, 14747, 1, 0, 0
415300, 12705, 1, 0, 0
415400, 19754, 1, 0, 0
415501, 17222, 1, 0, 0
415600, 13288, 1, 0, 0
415700, 14285, 1, 0, 0
415800, 14040, 1, 0, 0
415900, 15948, 1, 0, 0
416000, 17240, 1, 0, 0
416102, 18170, 1, 0, 0
416200, 15995, 1, 0, 0
416300, 14541, 1, 0, 0
416400, 16540, 1, 0, 0
416500, 15428, 1, 0, 0
416600, 15188, 1, 0, 0
416700, 16747, 1, 0, 0
416800, 17640, 1, 0, 0
416900, 14583, 1, 0, 0
417001, 14864, 1, 0, 0
417100, 17573, 1, 0, 0
417200, 16989, 1, 0, 0
417300, 15715, 1, 0, 0
417400, 14225, 1, 0, 0
417500, 17146, 1, 0, 0
417600, 13334, 1, 0, 0
417700, 17431, 1, 0, 0
417800, 16662, 1, 0, 0
417900, 13854, 1, 0, 0
418000, 13450, 1, 0, 0
418100, 15010, 1, 0, 0
418200, 17932, 1, 0, 0
418300, 14923, 1, 0, 0
418400, 16335, 1, 0, 0
418500, 17112, 1, 0, 0
418600, 13366, 1, 0, 0
418700, 15118, 1, 0, 0
418800, 13949, 1, 0, 0
418900, 17714, 1, 0, 0
419000, 14909, 1, 0, 0
419100, 16215, 1, 0, 0
419200, 14439, 1, 0, 0
419300, 13642, 1, 0, 0
419401, 16068, 1, 0, 0
419500, 15717, 1, 0, 0
419600, 14225, 1, 0, 0
419701, 16176, 1, 0, 0
419800, 14973, 1, 0, 0
419901, 15757, 1, 0, 0
420000, 12856, 1, 0, 0
420100, 17058, 1, 0, 0
420200, 17584, 1, 0, 0
420300, 15635, 1, 0, 0
420401, 15526, 1, 0, 0
420500, 13279, 1, 0, 0
420601, 16277, 1, 0, 0
420700, 15869, 1, 0, 0
420800, 15788, 1, 0, 0
420900, 14319, 1, 0, 0
421001, 13342, 1, 0, 0
421100, 15687, 1, 0, 0
421200, 14843, 1, 0, 0
421300, 14340, 1, 0, 0
421400, 20000, 1, 0, 0
421501, 18775, 1, 0, 0
421600, 17358, 1, 0, 0
421700, 18010, 1, 0, 0
421800, 14601, 1, 0, 0
421901, 17771, 1, 0, 0
422000, 14874, 1, 0, 0
422100, 16983, 1, 0, 0
422200, 16571, 1, 0, 0
422300, 15713, 1, 0, 0
422400, 14102, 1, 0, 0
422500, 17472, 1, 0, 0
422600, 17897, 1, 0, 0
422700, 17235, 1, 0, 0
422800, 17224, 1, 0, 0
422900, 16742, 1, 0, 0
423000, 15773, 1, 0, 0
423100, 17119, 1, 0, 0
423200, 13117, 1, 0, 0
423300, 17900, 1, 0, 0
423401, 12792, 1, 0, 0
423500, 13998, 1, 0, 0
423600, 15175, 1, 0, 0
423700, 13664, 1, 0, 0
423800, 13388, 1, 0, 0
423900, 17444, 1, 0, 0
424000, 16645, 1, 0, 0
424100, 16209, 1, 0, 0
424200, 17067, 1, 0, 0
424300, 14061, 1, 0, 0
424400, 17804, 1, 0, 0
424500, 17262, 1, 0, 0
424601, 17832, 1, 0, 0
424700, 17056, 1, 0, 0
424800, 17867, 1, 0, 0
424900, 17474, 1, 0, 0
425000, 15614, 1, 0, 0
425100, 14431, 1, 0, 0
425200, 16326, 1, 0, 0
425300, 13719, 1, 0, 0
425400, 17912, 1, 0, 0
425500, 13880, 1, 0, 0
425600, 15603, 1, 0, 0
425700, 13851, 1, 0, 0
425800, 13635, 1, 0, 0
425900, 13863, 1, 0, 0
426000, 16054, 1, 0, 0
426100, 15940, 1, 0, 0
426200, 15025, 1, 0, 0
426300, 15644, 1, 0, 0
426401, 17379, 1, 0, 0
426500, 16190, 1, 0, 0
426602, 16399, 1, 0, 0
426700, 14414, 1, 0, 0
426800, 14179, 1, 0, 0
426901, 14647, 1, 0, 0
427000, 13332, 1, 0, 0
427100, 19522, 1, 0, 0
427200, 15223, 1, 0, 0
427300, 16355, 1, 0, 0
427400, 14912, 1, 0, 0
427500, 14759, 1, 0, 0
427600, 14661, 1, 0, 0
427700, 13254, 1, 0, 0
427800, 18286, 1, 0, 0
427900, 15654, 1, 0, 0
428000, 14397, 1, 0, 0
428100, 15711, 1, 0, 0
428200, 14742, 1, 0, 0
428300, 15368, 1, 0, 0
428400, 14331, 1, 0, 0
428500, 15899, 1, 0, 0
428600, 16365, 1, 0, 0
428701, 17890, 1, 0, 0
428800, 14089, 1, 0, 0
428900, 16898, 1, 0, 0
429000, 18551, 1, 0, 0
429100, 14929, 1, 0, 0
429200, 16172, 1, 0, 0
429300, 16971, 1, 0, 0
429400, 13995, 1, 0, 0
429500, 14465, 1, 0, 0
429600, 14816, 1, 0, 0
429700, 15624, 1, 0, 0
429800, 14824, 1, 0, 0
429900, 14387, 1, 0, 0
430000, 13399, 1, 0, 0
430100, 15672, 1, 0, 0
430200, 14645, 1, 0, 0
430300, 16989, 1, 0, 0
430400, 15227, 1, 0, 0
430502, 15697, 1, 0, 0
430600, 13521, 1, 0, 0
430700, 18681, 1, 0, 0
430800, 15093, 1, 0, 0
430900, 15477, 1, 0, 0
431000, 16376, 1, 0, 0
431100, 17944, 1, 0, 0
431200, 18763, 1, 0, 0
431300, 14868, 1, 0, 0
431400, 15055, 1, 0, 0
431500, 16852, 1, 0, 0
431600, 13044, 1, 0, 0
431701, 19621, 1, 0, 0
431800, 13910, 1, 0, 0
431900, 17543, 1, 0, 0
432000, 16230, 1, 0, 0
432100, 15588, 1, 0, 0
432200, 14215, 1, 0, 0
432300, 15462, 1, 0, 0
432400, 14518, 1, 0, 0
432501, 16049, 1, 0, 0
432600, 17496, 1, 0, 0
432700, 20508, 1, 0, 0
432800, 16163, 1, 0, 0
432901, 15854, 1, 0, 0
433000, 16925, 1, 0, 0
433100, 17785, 1, 0, 0
433200, 20614, 1, 0, 0
433300, 14918, 1, 0, 0
433400, 15648, 1, 0, 0
433500, 15956, 1, 0, 0
433600, 16385, 1, 0, 0
433700, 13931, 1, 0, 0
433800, 20266, 1, 0, 0
433900, 14680, 1, 0, 0
434000, 17699, 1, 0, 0
434100, 17536, 1, 0, 0
434200, 19184, 1, 0, 0
434300, 15429, 1, 0, 0
434400, 13661, 1, 0, 0
434500, 16528, 1, 0, 0
434600, 15297, 1, 0, 0
434701, 15770, 1, 0, 0
434800, 15403, 1, 0, 0
434900, 18181, 1, 0, 0
435000, 19743, 1, 0, 0
435100, 15360, 1, 0, 0
435200, 14559, 1, 0, 0
435300, 18132, 1, 0, 0
435400, 14919, 1, 0, 0
435500, 19326, 1, 0, 0
435600, 18004, 1, 0, 0
435700, 18402, 1, 0, 0
435800, 16342, 1, 0, 0
435900, 14478, 1, 0, 0
436000, 16642, 1, 0, 0
436101, 15607, 1, 0, 0
436201, 17223, 1, 0, 0
436301, 17755, 1, 0, 0
436400, 17633, 1, 0, 0
436500, 17266, 1, 0, 0
436600, 18431, 1, 0, 0
436700, 18879, 1, 0, 0
436800, 13874, 1, 0, 0
436900, 13753, 1, 0, 0
437000, 18100, 1, 0, 0
437100, 13941, 1, 0, 0
437200, 16229, 1, 0, 0
437300, 18421, 1, 0, 0
437400, 13883, 1, 0, 0
437500, 15662, 1, 0, 0
437600, 14034, 1, 0, 0
437700, 16381, 1, 0, 0
437800, 19873, 1, 0, 0
437900, 16548, 1, 0, 0
438000, 16568, 1, 0, 0
438100, 14059, 1, 0, 0
438201, 15681, 1, 0, 0
438300, 13957, 1, 0, 0
438400, 15459, 1, 0, 0
438501, 16975, 1, 0, 0
438600, 14547, 1, 0, 0
438700, 20016, 1, 0, 0
438800, 14612, 1, 0, 0
438900, 13896, 1, 0, 0
439000, 18455, 1, 0, 0
439100, 17373, 1, 0, 0
439200, 16940, 1, 0, 0
439300, 15749, 1, 0, 0
439400, 17198, 1, 0, 0
439500, 17175, 1, 0, 0
439600, 17310, 1, 0, 0
439700, 16285, 1, 0, 0
439800, 16526, 1, 0, 0
439900, 15278, 1, 0, 0
440000, 17941, 1, 0, 0
440100, 15674, 1, 0, 0
440200, 16824, 1, 0, 0
440300, 15776, 1, 0, 0
440401, 18805, 1, 0, 0
440500, 17256, 1, 0, 0
440600, 15621, 1, 0, 0
440700, 14950, 1, 0, 0
440800, 16488, 1, 0, 0
440900, 17774, 1, 0, 0
441000, 18688, 1, 0, 0
441100, 15949, 1, 0, 0
441200, 16429, 1, 0, 0
441300, 13618, 1, 0, 0
441400, 15053, 1, 0, 0
441500, 17084, 1, 0, 0
441600, 16804, 1, 0, 0
441700, 18905, 1, 0, 0
441800, 20745, 1, 0, 0
441900, 17898, 1, 0, 0
442000, 17465, 1, 0, 0
442100, 18288, 1, 0, 0
442200, 17024, 1, 0, 0
442300, 15672, 1, 0, 0
442402, 16412, 1, 0, 0
442500, 13878, 1, 0, 0
442600, 16599, 1, 0, 0
442700, 13469, 1, 0, 0
442800, 15737, 1, 0, 0
442900, 14787, 1, 0, 0
443000, 12725, 1, 0, 0
443100, 13959, 1, 0, 0
443200, 18663, 1, 0, 0
443300, 15705, 1, 0, 0
443400, 13895, 1, 0, 0
443500, 16228, 1, 0, 0
443600, 16967, 1, 0, 0
443700, 16910, 1, 0, 0
443800, 17366, 1, 0, 0
443901, 14541, 1, 0, 0
444000, 14570, 1, 0, 0
444100, 15585, 1, 0, 0
444201, 14847, 1, 0, 0
444300, 17623, 1, 0, 0
444400, 13661, 1, 0, 0
444500, 18621, 1, 0, 0
444600, 17432, 1, 0, 0
444700, 16617, 1, 0, 0
444800, 14996, 1, 0, 0
444900, 17252, 1, 0, 0
445000, 17969, 1, 0, 0
445101, 14245, 1, 0, 0
445200, 15072, 1, 0, 0
445300, 16475, 1, 0, 0
445400, 19432, 1, 0, 0
445500, 15874, 1, 0, 0
445600, 14234, 1, 0, 0
445701, 15211, 1, 0, 0
445800, 15784, 1, 0, 0
445900, 17727, 1, 0, 0
446000, 14823, 1, 0, 0
446100, 16407, 1, 0, 0
446200, 15395, 1, 0, 0
446300, 17948, 1, 0, 0
446400, 17683, 1, 0, 0
446500, 18218, 1, 0, 0
446600, 16249, 1, 0, 0
446700, 17285, 1, 0, 0
446800, 16869, 1, 0, 0
446900, 17466, 1, 0, 0
447000, 13188, 1, 0, 0
447100, 14154, 1, 0, 0
447200, 15049, 1, 0, 0
447300, 15281, 1, 0, 0
447400, 17170, 1, 0, 0
447500, 14811, 1, 0, 0
447600, 17677, 1, 0, 0
447700, 14937, 1, 0, 0
447800, 18523, 1, 0, 0
447900, 18369, 1, 0, 0
448000, 16611, 1, 0, 0
448100, 15894, 1, 0, 0
448200, 16020, 1, 0, 0
448300, 16208, 1, 0, 0
448401, 13800, 1, 0, 0
448500, 16736, 1, 0, 0
448600, 19390, 1, 0, 0
448700, 14574, 1, 0, 0
448800, 15329, 1, 0, 0
448900, 14654, 1, 0, 0
449000, 14841, 1, 0, 0
449101, 20047, 1, 0, 0
449200, 14727, 1, 0, 0
449300, 14130, 1, 0, 0
449400, 14983, 1, 0, 0
449500, 14928, 1, 0, 0
449600, 16996, 1, 0, 0
449700, 13938, 1, 0, 0
449800, 17332, 1, 0, 0
449900, 19603, 1, 0, 0
450000, 19675, 1, 0, 0
450100, 14287, 1, 0, 0
450200, 15511, 1, 0, 0
450300, 15921, 1, 0, 0
450400, 14382, 1, 0, 0
450500, 16299, 1, 0, 0
450600, 14552, 1, 0, 0
450700, 13480, 1, 0, 0
450800, 16210, 1, 0, 0
450901, 18535, 1, 0, 0
451000, 16844, 1, 0, 0
451100, 17792, 1, 0, 0
451200, 19674, 1, 0, 0
451300, 17085, 1, 0, 0
451400, 15858, 1, 0, 0
451500, 15126, 1, 0, 0
451600, 19321, 1, 0, 0
451700, 18634, 1, 0, 0
451800, 14604, 1, 0, 0
451900, 13488, 1, 0, 0
452000, 17543, 1, 0, 0
452100, 21359, 1, 0, 0
452201, 13569, 1, 0, 0
452300, 20625, 1, 0, 0
452400, 16456, 1, 0, 0
452500, 15751, 1, 0, 0
452600, 17099, 1, 0, 0
452700, 12875, 1, 0, 0
452800, 15696, 1, 0, 0
452900, 15624, 1, 0, 0
453000, 13130, 1, 0, 0
453100, 14534, 1, 0, 0
453200, 13981, 1, 0, 0
453300, 16583, 1, 0, 0
453400, 16661, 1, 0, 0
453501, 19645, 1, 0, 0
453600, 16975, 1, 0, 0
453700, 18249, 1, 0, 0
453800, 14462, 1, 0, 0
453901, 16392, 1, 0, 0
454000, 14670, 1, 0, 0
454100, 13222, 1, 0, 0
454200, 14762, 1, 0, 0
454300, 14660, 1, 0, 0
454400, 16782, 1, 0, 0
454500, 20604, 1, 0, 0
454600, 16546, 1, 0, 0
454700, 18018, 1, 0, 0
454800, 16982, 1, 0, 0
454900, 17531, 1, 0, 0
455000, 16414, 1, 0, 0
455100, 16151, 1, 0, 0
455200, 18189, 1, 0, 0
455300, 14927, 1, 0, 0
455400, 15935, 1, 0, 0
455500, 17869, 1, 0, 0
455600, 15491, 1, 0, 0
455700, 13877, 1, 0, 0
455800, 16790, 1, 0, 0
455900, 14875, 1, 0, 0
456001, 14635, 1, 0, 0
456100, 18272, 1, 0, 0
456200, 19152, 1, 0, 0
456300, 14272, 1, 0, 0
456400, 15805, 1, 0, 0
456500, 14449, 1, 0, 0
456600, 15794, 1, 0, 0
456700, 16399, 1, 0, 0
456801, 16810, 1, 0, 0
456900, 15448, 1, 0, 0
457000, 13517, 1, 0, 0
457100, 16667, 1, 0, 0
457200, 13220, 1, 0, 0
457300, 15363, 1, 0, 0
457400, 16480, 1, 0, 0
457500, 16472, 1, 0, 0
457600, 15293, 1, 0, 0
457700, 14743, 1, 0, 0
457800, 13873, 1, 0, 0
457900, 15630, 1, 0, 0
458000, 15740, 1, 0, 0
458100, 16042, 1, 0, 0
458200, 13734, 1, 0, 0
458300, 14939, 1, 0, 0
458401, 17254, 1, 0, 0
458500, 13162, 1, 0, 0
458601, 16345, 1, 0, 0
458700, 17971, 1, 0, 0
458800, 16362, 1, 0, 0
458900, 13349, 1, 0, 0
459000, 14439, 1, 0, 0
459100, 15802, 1, 0, 0
459200, 14018, 1, 0, 0
459300, 19595, 1, 0, 0
459400, 16237, 1, 0, 0
459502, 14644, 1, 0, 0
459601, 15545, 1, 0, 0
459700, 13537, 1, 0, 0
459800, 13485, 1, 0, 0
459901, 15992, 1, 0, 0
460000, 13532, 1, 0, 0
460100, 14270, 1, 0, 0
460200, 14024, 1, 0, 0
460300, 13480, 1, 0, 0
460400, 15270, 1, 0, 0
460500, 13352, 1, 0, 0
460600, 13553, 1, 0, 0
460700, 15850, 1, 0, 0
460800, 17757, 1, 0, 0
460900, 15754, 1, 0, 0
461000, 14361, 1, 0, 0
461100, 14653, 1, 0, 0
461200, 17277, 1, 0, 0
461300, 17703, 1, 0, 0
461401, 16804, 1, 0, 0
461500, 16038, 1, 0, 0
461600, 16847, 1, 0, 0
461700, 14768, 1, 0, 0
461800, 14989, 1, 0, 0
461900, 15363, 1, 0, 0
462000, 17648, 1, 0, 0
462100, 15301, 1, 0, 0
462201, 18053, 1, 0, 0
462300, 17234, 1, 0, 0
462400, 15823, 1, 0, 0
462500, 19250, 1, 0, 0
462600, 13260, 1, 0, 0
462701, 12722, 1, 0, 0
462800, 15807, 1, 0, 0
462900, 15118, 1, 0, 0
463000, 15949, 1, 0, 0
463100, 14333, 1, 0, 0
463200, 14642, 1, 0, 0
463300, 13543, 1, 0, 0
463400, 15259, 1, 0, 0
463500, 14045, 1, 0, 0
463600, 16951, 1, 0, 0
463700, 16277, 1, 0, 0
463800, 18385, 1, 0, 0
463900, 19937, 1, 0, 0
464000, 15295, 1, 0, 0
464100, 15718, 1, 0, 0
464200, 14085, 1, 0, 0
464300, 15064, 1, 0, 0
464400, 15270, 1, 0, 0
464500, 15304, 1, 0, 0
464600, 16112, 1, 0, 0
464701, 16368, 1, 0, 0
464800, 14762, 1, 0, 0
464900, 17112, 1, 0, 0
465000, 20627, 1, 0, 0
465100, 16904, 1, 0, 0
465200, 16138, 1, 0, 0
465300, 17039, 1, 0, 0
465400, 16386, 1, 0, 0
465500, 15183, 1, 0, 0
465600, 13134, 1, 0, 0
465700, 16007, 1, 0, 0
465800, 15150, 1, 0, 0
465900, 16639, 1, 0, 0
466000, 19337, 1, 0, 0
466100, 17078, 1, 0, 0
466200, 15025, 1, 0, 0
466300, 14648, 1, 0, 0
466400, 14668, 1, 0, 0
466500, 17089, 1, 0, 0
466601, 19868, 1, 0, 0
466700, 14844, 1, 0, 0
466801, 15457, 1, 0, 0
466901, 13896, 1, 0, 0
467001, 14783, 1, 0, 0
467100, 16033, 1, 0, 0
467200, 16383, 1, 0, 0
467300, 14408, 1, 0, 0
467400, 13969, 1, 0, 0
467500, 14610, 1, 0, 0
467600, 16953, 1, 0, 0
467700, 15969, 1, 0, 0
467800, 16695, 1, 0, 0
467900, 16071, 1, 0, 0
468000, 18807, 1, 0, 0
468100, 20588, 1, 0, 0
468200, 19832, 1, 0, 0
468300, 16911, 1, 0, 0
468400, 15435, 1, 0, 0
468500, 12891, 1, 0, 0
468600, 15893, 1, 0, 0
468700, 15247, 1, 0, 0
468800, 14617, 1, 0, 0
468900, 17723, 1, 0, 0
469000, 15613, 1, 0, 0
469100, 18889, 1, 0, 0
469200, 17758, 1, 0, 0
469301, 15469, 1, 0, 0
469400, 17211, 1, 0, 0
469500, 14895, 1, 0, 0
469600, 14954, 1, 0, 0
469700, 13745, 1, 0, 0
469800, 16305, 1, 0, 0
469900, 17382, 1, 0, 0
470000, 13446, 1, 0, 0
470100, 16189, 1, 0, 0
470200, 17033, 1, 0, 0
470300, 16216, 1, 0, 0
470400, 15675, 1, 0, 0
470500, 16609, 1, 0, 0
470600, 15384, 1, 0, 0
470700, 17517, 1, 0, 0
470800, 16018, 1, 0, 0
470900, 14018, 1, 0, 0
471000, 15678, 1, 0, 0
471100, 16406, 1, 0, 0
471200, 15250, 1, 0, 0
471300, 15171, 1, 0, 0
471400, 17999, 1, 0, 0
471500, 15440, 1, 0, 0
471600, 13852, 1, 0, 0
471700, 19241, 1, 0, 0
471800, 17558, 1, 0, 0
471900, 13100, 1, 0, 0
472000, 14696, 1, 0, 0
472100, 19190, 1, 0, 0
472200, 15641, 1, 0, 0
472300, 20474, 1, 0, 0
472400, 15909, 1, 0, 0
472500, 15806, 1, 0, 0
472600, 14305, 1, 0, 0
472700, 14992, 1, 0, 0
472800, 19349, 1, 0, 0
472900, 15313, 1, 0, 0
473000, 18717, 1, 0, 0
473100, 16180, 1, 0, 0
473200, 17816, 1, 0, 0
473300, 16531, 1, 0, 0
473400, 17007, 1, 0, 0
473501, 14963, 1, 0, 0
473600, 15299, 1, 0, 0
473700, 14276, 1, 0, 0
473801, 16415, 1, 0, 0
473900, 18367, 1, 0, 0
474000, 19599, 1, 0, 0
474100, 17382, 1, 0, 0
474200, 19802, 1, 0, 0
474300, 15646, 1, 0, 0
474400, 15576, 1, 0, 0
474500, 14799, 1, 0, 0
474600, 15255, 1, 0, 0
474700, 13982, 1, 0, 0
474800, 16147, 1, 0, 0
474900, 14693, 1, 0, 0
475000, 15085, 1, 0, 0
475100, 16637, 1, 0, 0
475200, 13964, 1, 0, 0
475300, 13303, 1, 0, 0
475400, 13195, 1, 0, 0
475500, 18001, 1, 0, 0
475600, 15174, 1, 0, 0
475700, 16534, 1, 0, 0
475800, 15235, 1, 0, 0
475900, 18764, 1, 0, 0
476000, 16988, 1, 0, 0
476100, 19613, 1, 0, 0
476200, 15707, 1, 0, 0
476300, 14664, 1, 0, 0
476400, 16829, 1, 0, 0
476500, 16410, 1, 0, 0
476600, 20693, 1, 0, 0
476700, 15418, 1, 0, 0
476800, 14371, 1, 0, 0
476900, 16987, 1, 0, 0
477000, 16202, 1, 0, 0
477100, 16889, 1, 0, 0
477200, 19299, 1, 0, 0
477300, 13694, 1, 0, 0
477400, 18820, 1, 0, 0
477500, 17226, 1, 0, 0
477600, 13878, 1, 0, 0
477700, 16058, 1, 0, 0
477800, 14281, 1, 0, 0
477900, 15711, 1, 0, 0
478000, 13842, 1, 0, 0
478100, 16219, 1, 0, 0
478200, 14145, 1, 0, 0
478300, 16008, 1, 0, 0
478400, 13628, 1, 0, 0
478500, 14943, 1, 0, 0
478600, 16607, 1, 0, 0
478700, 15293, 1, 0, 0
478800, 17209, 1, 0, 0
478900, 17488, 1, 0, 0
479000, 18148, 1, 0, 0
479100, 16415, 1, 0, 0
479200, 17014, 1, 0, 0
479300, 13881, 1, 0, 0
479400, 17780, 1, 0, 0
479500, 15790, 1, 0, 0
479601, 13837, 1, 0, 0
479700, 14752, 1, 0, 0
479800, 16557, 1, 0, 0
479900, 18248, 1, 0, 0
480000, 15081, 1, 0, 0
480100, 19904, 1, 0, 0
480200, 16268, 1, 0, 0
480300, 18027, 1, 0, 0
480401, 16775, 1, 0, 0
480500, 15952, 1, 0, 0
480600, 15454, 1, 0, 0
480700, 14003, 1, 0, 0
480800, 16848, 1, 0, 0
480900, 15085, 1, 0, 0
481000, 16992, 1, 0, 0
481100, 14899, 1, 0, 0
481200, 20061, 1, 0, 0
481300, 14831, 1, 0, 0
481400, 13837, 1, 0, 0
481500, 15444, 1, 0, 0
481600, 19733, 1, 0, 0
481700, 16921, 1, 0, 0
481800, 14389, 1, 0, 0
481900, 14889, 1, 0, 0
482000, 18469, 1, 0, 0
482100, 13125, 1, 0, 0
482201, 14155, 1, 0, 0
482300, 17098, 1, 0, 0
482401, 16829, 1, 0, 0
482501, 18521, 1, 0, 0
482600, 15608, 1, 0, 0
482700, 14365, 1, 0, 0
482800, 17317, 1, 0, 0
482900, 18422, 1, 0, 0
483000, 17274, 1, 0, 0
483100, 16686, 1, 0, 0
483200, 15315, 1, 0, 0
483300, 18663, 1, 0, 0
483400, 14850, 1, 0, 0
483501, 15038, 1, 0, 0
483600, 17003, 1, 0, 0
483700, 14262, 1, 0, 0
483800, 15589, 1, 0, 0
483900, 18777, 1, 0, 0
484000, 18103, 1, 0, 0
484101, 15191, 1, 0, 0
484201, 14194, 1, 0, 0
484300, 19458, 1, 0, 0
484401, 16899, 1, 0, 0
484500, 15540, 1, 0, 0
484600, 13917, 1, 0, 0
484700, 15017, 1, 0, 0
484800, 20370, 1, 0, 0
484900, 16814, 1, 0, 0
485000, 16734, 1, 0, 0
485100, 15961, 1, 0, 0
485200, 17990, 1, 0, 0
485300, 18751, 1, 0, 0
485400, 14285, 1, 0, 0
485500, 15869, 1, 0, 0
485600, 15991, 1, 0, 0
485700, 16024, 1, 0, 0
485800, 14221, 1, 0, 0
485900, 17829, 1, 0, 0
486000, 15802, 1, 0, 0
486100, 14301, 1, 0, 0
486200, 18291, 1, 0, 0
486301, 16158, 1, 0, 0
486400, 15848, 1, 0, 0
486501, 19886, 1, 0, 0
486600, 15654, 1, 0, 0
486700, 18427, 1, 0, 0
486800, 13406, 1, 0, 0
486900, 17234, 1, 0, 0
487000, 16803, 1, 0, 0
487100, 17303, 1, 0, 0
487200, 15112, 1, 0, 0
487300, 16706, 1, 0, 0
487400, 16708, 1, 0, 0
487500, 14903, 1, 0, 0
487600, 15264, 1, 0, 0
487701, 15466, 1, 0, 0
487800, 18148, 1, 0, 0
487900, 17516, 1, 0, 0
488000, 15804, 1, 0, 0
488101, 14423, 1, 0, 0
488200, 15618, 1, 0, 0
488300, 16361, 1, 0, 0
488400, 16622, 1, 0, 0
488500, 14548, 1, 0, 0
488600, 20054, 1, 0, 0
488700, 14066, 1, 0, 0
488800, 17058, 1, 0, 0
488900, 13179, 1, 0, 0
489000, 14163, 1, 0, 0
489100, 16661, 1, 0, 0
489200, 15112, 1, 0, 0
489300, 13283, 1, 0, 0
489400, 15000, 1, 0, 0
489500, 18036, 1, 0, 0
489600, 16636, 1, 0, 0
489700, 13528, 1, 0, 0
489800, 14543, 1, 0, 0
489900, 17211, 1, 0, 0
490000, 13724, 1, 0, 0
490100, 15986, 1, 0, 0
490200, 16053, 1, 0, 0
490300, 18709, 1, 0, 0
490400, 14323, 1, 0, 0
490500, 13089, 1, 0, 0
490600, 13497, 1, 0, 0
490700, 16963, 1, 0, 0
490800, 19895, 1, 0, 0
490900, 16085, 1, 0, 0
491000, 16162, 1, 0, 0
491100, 13440, 1, 0, 0
491200, 17305, 1, 0, 0
491300, 17065, 1, 0, 0
491400, 17845, 1, 0, 0
491500, 16644, 1, 0, 0
491600, 15861, 1, 0, 0
491700, 14468, 1, 0, 0
491800, 14324, 1, 0, 0
491900, 17276, 1, 0, 0
492000, 12659, 1, 0, 0
492101, 15166, 1, 0, 0
492200, 16490, 1, 0, 0
492300, 16446, 1, 0, 0
492400, 14726, 1, 0, 0
492500, 14621, 1, 0, 0
492600, 14963, 1, 0, 0
492700, 15453, 1, 0, 0
492800, 17056, 1, 0, 0
492900, 15618, 1, 0, 0
493000, 17933, 1, 0, 0
493100, 17589, 1, 0, 0
493200, 16902, 1, 0, 0
493301, 15782, 1, 0, 0
493400, 18288, 1, 0, 0
493500, 15579, 1, 0, 0
493600, 17580, 1, 0, 0
493700, 16166, 1, 0, 0
493801, 15197, 1, 0, 0
493900, 14266, 1, 0, 0
494000, 16133, 1, 0, 0
494100, 13857, 1, 0, 0
494200, 14360, 1, 0, 0
494300, 15129, 1, 0, 0
494400, 15943, 1, 0, 0
494500, 15307, 1, 0, 0
494600, 17320, 1, 0, 0
494700, 13389, 1, 0, 0
494800, 13649, 1, 0, 0
494900, 16360, 1, 0, 0
495000, 15612, 1, 0, 0
495100, 19669, 1, 0, 0
495200, 13757, 1, 0, 0
495300, 17486, 1, 0, 0
495400, 16488, 1, 0, 0
495501, 19141, 1, 0, 0
495600, 14260, 1, 0, 0
495700, 12950, 1, 0, 0
495800, 16773, 1, 0, 0
495900, 18283, 1, 0, 0
496001, 18133, 1, 0, 0
496100, 14109, 1, 0, 0
496200, 14806, 1, 0, 0
496300, 17522, 1, 0, 0
496400, 17899, 1, 0, 0
496500, 19222, 1, 0, 0
496600, 17403, 1, 0, 0
496700, 15369, 1, 0, 0
496800, 14010, 1, 0, 0
496900, 20070, 1, 0, 0
497000, 17707, 1, 0, 0
497100, 18166, 1, 0, 0
497200, 13380, 1, 0, 0
497301, 15943, 1, 0, 0
497400, 13063, 1, 0, 0
497500, 16029, 1, 0, 0
497600, 14728, 1, 0, 0
497700, 14834, 1, 0, 0
497800, 16488, 1, 0, 0
497900, 14440, 1, 0, 0
498000, 13131, 1, 0, 0
498100, 14590, 1, 0, 0
498201, 15783, 1, 0, 0
498300, 17596, 1, 0, 0
498401, 14215, 1, 0, 0
498500, 17662, 1, 0, 0
498600, 14526, 1, 0, 0
498700, 19180, 1, 0, 0
498800, 15003, 1, 0, 0
498901, 17125, 1, 0, 0
499000, 15489, 1, 0, 0
499100, 16107, 1, 0, 0
499200, 14706, 1, 0, 0
499301, 13755, 1, 0, 0
499400, 15796, 1, 0, 0
499500, 17146, 1, 0, 0
499600, 15393, 1, 0, 0
499700, 13613, 1, 0, 0
499801, 14007, 1, 0, 0
499900, 16114, 1, 0, 0
500000, 14507, 1, 0, 0
500100, 15279, 1, 0, 0
500200, 18347, 1, 0, 0
500302, 15808, 1, 0, 0
500400, 15354, 1, 0, 0
500500, 17874, 1, 0, 0
500600, 15970, 1, 0, 0
500700, 14433, 1, 0, 0
500800, 18018, 1, 0, 0
500900, 15567, 1, 0, 0
501000, 15516, 1, 0, 0
501100, 16924, 1, 0, 0
501200, 13152, 1, 0, 0
501300, 14571, 1, 0, 0
501400, 14829, 1, 0, 0
501500, 13055, 1, 0, 0
501600, 13893, 1, 0, 0
501700, 15904, 1, 0, 0
501800, 15592, 1, 0, 0
501900, 14715, 1, 0, 0
502000, 14053, 1, 0, 0
502100, 17457, 1, 0, 0
502200, 16332, 1, 0, 0
502300, 13731, 1, 0, 0
502401, 12781, 1, 0, 0
502500, 14827, 1, 0, 0
502600, 15885, 1, 0, 0
502700, 15534, 1, 0, 0
502800, 17427, 1, 0, 0
502900, 14907, 1, 0, 0
503000, 14491, 1, 0, 0
503100, 13428, 1, 0, 0
503200, 13435, 1, 0, 0
503301, 13604, 1, 0, 0
503400, 14499, 1, 0, 0
503500, 18576, 1, 0, 0
503600, 16496, 1, 0, 0
503700, 13683, 1, 0, 0
503800, 17958, 1, 0, 0
503900, 18100, 1, 0, 0
504000, 15620, 1, 0, 0
504100, 14806, 1, 0, 0
504200, 14990, 1, 0, 0
504300, 15345, 1, 0, 0
504400, 15916, 1, 0, 0
504500, 14277, 1, 0, 0
504600, 19405, 1, 0, 0
504700, 20181, 1, 0, 0
504800, 15197, 1, 0, 0
504900, 15986, 1, 0, 0
505000, 14212, 1, 0, 0
505100, 16395, 1, 0, 0
505200, 14845, 1, 0, 0
505300, 15437, 1, 0, 0
505400, 15251, 1, 0, 0
505500, 15676, 1, 0, 0
505600, 14276, 1, 0, 0
505700, 14250, 1, 0, 0
505800, 17882, 1, 0, 0
505900, 19854, 1, 0, 0
506000, 18222, 1, 0, 0
506101, 18499, 1, 0, 0
506200, 16965, 1, 0, 0
506301, 14813, 1, 0, 0
506400, 16707, 1, 0, 0
506500, 13174, 1, 0, 0
506600, 17639, 1, 0, 0
506700, 15017, 1, 0, 0
506800, 19559, 1, 0, 0
506900, 17280, 1, 0, 0
507000, 17449, 1, 0, 0
507100, 18361, 1, 0, 0
507200, 13811, 1, 0, 0
507300, 13320, 1, 0, 0
507400, 15136, 1, 0, 0
507500, 16292, 1, 0, 0
507601, 16898, 1, 0, 0
507701, 15375, 1, 0, 0
507800, 16684, 1, 0, 0
507900, 13862, 1, 0, 0
508000, 15481, 1, 0, 0
508100, 16234, 1, 0, 0
508200, 17713, 1, 0, 0
508300, 16516, 1, 0, 0
508400, 14743, 1, 0, 0
508500, 14896, 1, 0, 0
508600, 18535, 1, 0, 0
508700, 16796, 1, 0, 0
508800, 21739, 1, 0, 0
508900, 17693, 1, 0, 0
509000, 18350, 1, 0, 0
509100, 18646, 1, 0, 0
509201, 14474, 1, 0, 0
509300, 16465, 1, 0, 0
509401, 15536, 1, 0, 0
509500, 16831, 1, 0, 0
509600, 15068, 1, 0, 0
509701, 12566, 1, 0, 0
509800, 13211, 1, 0, 0
509900, 14288, 1, 0, 0
510000, 18535, 1, 0, 0
510100, 14842, 1, 0, 0
510200, 13540, 1, 0, 0
510300, 13531, 1, 0, 0
510400, 15776, 1, 0, 0
510500, 15235, 1, 0, 0
510600, 16584, 1, 0, 0
510700, 18709, 1, 0, 0
510800, 18274, 1, 0, 0
510900, 13568, 1, 0, 0
511001, 14032, 1, 0, 0
511101, 14606, 1, 0, 0
511200, 17343, 1, 0, 0
511300, 17618, 1, 0, 0
511400, 17877, 1, 0, 0
511500, 16765, 1, 0, 0
511600, 14927, 1, 0, 0
511700, 18582, 1, 0, 0
511800, 14887, 1, 0, 0
511900, 16046, 1, 0, 0
512000, 14094, 1, 0, 0
512100, 15906, 1, 0, 0
512200, 12030, 1, 0, 0
512300, 14861, 1, 0, 0
512400, 17306, 1, 0, 0
512500, 16670, 1, 0, 0
512600, 15571, 1, 0, 0
512700, 12793, 1, 0, 0
512800, 13802, 1, 0, 0
512900, 15774, 1, 0, 0
513000, 13865, 1, 0, 0
513100, 18602, 1, 0, 0
513200, 14217, 1, 0, 0
513300, 16552, 1, 0, 0
513400, 16789, 1, 0, 0
513500, 16154, 1, 0, 0
513600, 16581, 1, 0, 0
513700, 13870, 1, 0, 0
513800, 13955, 1, 0, 0
513900, 19310, 1, 0, 0
514000, 16470, 1, 0, 0
514100, 15019, 1, 0, 0
514200, 15784, 1, 0, 0
514300, 15973, 1, 0, 0
514400, 13928, 1, 0, 0
514501, 13835, 1, 0, 0
514600, 16418, 1, 0, 0
514700, 17012, 1, 0, 0
514800, 19267, 1, 0, 0
514900, 15019, 1, 0, 0
515000, 15259, 1, 0, 0
515100, 13824, 1, 0, 0
515200, 13927, 1, 0, 0
515300, 14885, 1, 0, 0
515400, 12839, 1, 0, 0
515503, 15911, 1, 0, 0
515602, 16030, 1, 0, 0
515700, 15229, 1, 0, 0
515800, 15399, 1, 0, 0
515900, 18260, 1, 0, 0
516000, 17322, 1, 0, 0
516100, 15440, 1, 0, 0
516200, 13481, 1, 0, 0
516300, 16447, 1, 0, 0
516400, 17413, 1, 0, 0
516500, 15551, 1, 0, 0
516600, 13053, 1, 0, 0
516700, 13219, 1, 0, 0
516800, 15953, 1, 0, 0
516900, 15477, 1, 0, 0
517001, 15557, 1, 0, 0
517100, 18398, 1, 0, 0
517200, 15799, 1, 0, 0
517300, 17829, 1, 0, 0
517400, 16561, 1, 0, 0
517500, 15605, 1, 0, 0
517600, 16741, 1, 0, 0
517701, 18134, 1, 0, 0
517800, 13388, 1, 0, 0
517900, 15905, 1, 0, 0
518000, 14918, 1, 0, 0
518100, 15738, 1, 0, 0
518200, 13256, 1, 0, 0
518300, 16492, 1, 0, 0
518400, 15676, 1, 0, 0
518500, 18943, 1, 0, 0
518600, 15464, 1, 0, 0
518700, 18414, 1, 0, 0
518800, 17548, 1, 0, 0
518900, 18025, 1, 0, 0
519000, 15544, 1, 0, 0
519100, 19382, 1, 0, 0
519200, 16818, 1, 0, 0
519300, 15702, 1, 0, 0
519400, 15439, 1, 0, 0
519501, 13111, 1, 0, 0
519600, 17505, 1, 0, 0
519700, 13610, 1, 0, 0
519800, 15326, 1, 0, 0
519900, 14342, 1, 0, 0
520000, 14816, 1, 0, 0
520100, 15522, 1, 0, 0
520200, 19046, 1, 0, 0
520300, 20352, 1, 0, 0
520400, 13594, 1, 0, 0
520500, 13982, 1, 0, 0
520600, 15509, 1, 0, 0
520700, 19170, 1, 0, 0
520800, 15034, 1, 0, 0
520901, 16191, 1, 0, 0
521000, 17447, 1, 0, 0
521100, 14908, 1, 0, 0
521200, 17065, 1, 0, 0
521300, 16345, 1, 0, 0
521400, 16206, 1, 0, 0
521500, 19728, 1, 0, 0
521600, 16712, 1, 0, 0
521700, 15728, 1, 0, 0
521800, 15621, 1, 0, 0
521900, 18287, 1, 0, 0
522000, 16001, 1, 0, 0
522100, 16347, 1, 0, 0
522200, 17575, 1, 0, 0
522300, 14553, 1, 0, 0
522400, 13736, 1, 0, 0
522500, 15801, 1, 0, 0
522600, 15739, 1, 0, 0
522700, 16677, 1, 0, 0
522800, 15417, 1, 0, 0
522900, 15839, 1, 0, 0
523000, 13275, 1, 0, 0
523100, 13400, 1, 0, 0
523201, 13876, 1, 0, 0
523300, 13634, 1, 0, 0
523400, 14623, 1, 0, 0
523500, 16119, 1, 0, 0
523600, 15694, 1, 0, 0
523700, 17111, 1, 0, 0
523800, 15241, 1, 0, 0
523900, 16225, 1, 0, 0
524001, 14428, 1, 0, 0
524100, 15108, 1, 0, 0
524200, 14285, 1, 0, 0
524300, 15118, 1, 0, 0
524400, 16923, 1, 0, 0
524500, 13894, 1, 0, 0
524600, 14230, 1, 0, 0
524700, 14496, 1, 0, 0
524800, 14411, 1, 0, 0
524900, 17423, 1, 0, 0
525000, 13575, 1, 0, 0
525100, 14039, 1, 0, 0
525200, 15856, 1, 0, 0
525300, 18120, 1, 0, 0
525400, 16723, 1, 0, 0
525500, 12498, 1, 0, 0
525600, 17022, 1, 0, 0
525700, 14714, 1, 0, 0
525800, 18097, 1, 0, 0
525900, 18003, 1, 0, 0
526000, 15846, 1, 0, 0
526100, 16985, 1, 0, 0
526200, 15787, 1, 0, 0
526300, 16600, 1, 0, 0
526400, 13924, 1, 0, 0
526500, 17383, 1, 0, 0
526600, 16259, 1, 0, 0
526700, 16152, 1, 0, 0
526801, 12770, 1, 0, 0
526900, 14774, 1, 0, 0
527000, 13932, 1, 0, 0
527100, 13778, 1, 0, 0
527200, 17109, 1, 0, 0
527300, 15063, 1, 0, 0
527400, 16025, 1, 0, 0
527500, 14224, 1, 0, 0
527600, 19136, 1, 0, 0
527700, 17451, 1, 0, 0
527801, 18209, 1, 0, 0
527900, 16682, 1, 0, 0
528001, 18193, 1, 0, 0
528100, 16319, 1, 0, 0
528200, 15679, 1, 0, 0
528300, 13037, 1, 0, 0
528400, 17497, 1, 0, 0
528500, 17942, 1, 0, 0
528601, 14669, 1, 0, 0
528700, 14967, 1, 0, 0
528800, 15741, 1, 0, 0
528900, 15478, 1, 0, 0
529000, 13518, 1, 0, 0
529100, 15162, 1, 0, 0
529200, 13391, 1, 0, 0
529300, 16684, 1, 0, 0
529400, 15603, 1, 0, 0
529500, 16939, 1, 0, 0
529600, 19612, 1, 0, 0
529700, 18199, 1, 0, 0
529801, 14137, 1, 0, 0
529900, 19195, 1, 0, 0
530000, 14442, 1, 0, 0
530100, 16530, 1, 0, 0
530200, 18732, 1, 0, 0
530300, 14451, 1, 0, 0
530400, 15116, 1, 0, 0
530500, 13622, 1, 0, 0
530600, 14645, 1, 0, 0
530700, 15684, 1, 0, 0
530800, 14637, 1, 0, 0
530900, 16046, 1, 0, 0
531000, 16702, 1, 0, 0
531101, 18176, 1, 0, 0
531200, 12815, 1, 0, 0
531300, 19196, 1, 0, 0
531400, 15136, 1, 0, 0
531500, 16830, 1, 0, 0
531600, 17481, 1, 0, 0
531700, 16445, 1, 0, 0
531801, 14363, 1, 0, 0
531900, 14632, 1, 0, 0
532000, 12899, 1, 0, 0
532100, 14050, 1, 0, 0
532200, 14803, 1, 0, 0
532300, 17948, 1, 0, 0
532400, 17743, 1, 0, 0
532500, 16438, 1, 0, 0
532600, 16589, 1, 0, 0
532700, 18036, 1, 0, 0
532800, 16076, 1, 0, 0
532901, 19061, 1, 0, 0
533000, 18247, 1, 0, 0
533100, 13782, 1, 0, 0
533201, 14807, 1, 0, 0
533300, 21745, 1, 0, 0
533400, 14457, 1, 0, 0
533500, 15844, 1, 0, 0
533601, 15518, 1, 0, 0
533700, 17434, 1, 0, 0
533801, 17764, 1, 0, 0
533900, 19560, 1, 0, 0
534000, 16599, 1, 0, 0
534100, 16753, 1, 0, 0
534200, 18850, 1, 0, 0
534300, 16160, 1, 0, 0
534400, 15677, 1, 0, 0
534500, 13616, 1, 0, 0
534600, 17157, 1, 0, 0
534700, 17301, 1, 0, 0
534800, 19261, 1, 0, 0
534900, 16513, 1, 0, 0
535001, 15874, 1, 0, 0
535100, 13827, 1, 0, 0
535200, 12634, 1, 0, 0
535300, 15650, 1, 0, 0
535400, 14985, 1, 0, 0
535500, 13953, 1, 0, 0
535600, 16245, 1, 0, 0
535701, 15471, 1, 0, 0
535800, 18266, 1, 0, 0
535900, 20487, 1, 0, 0
536000, 15440, 1, 0, 0
536102, 16488, 1, 0, 0
536200, 15605, 1, 0, 0
536300, 13667, 1, 0, 0
536400, 14696, 1, 0, 0
536500, 17450, 1, 0, 0
536600, 18875, 1, 0, 0
536700, 15284, 1, 0, 0
536800, 16546, 1, 0, 0
536900, 13647, 1, 0, 0
537000, 16996, 1, 0, 0
537101, 14442, 1, 0, 0
537200, 15481, 1, 0, 0
537300, 14975, 1, 0, 0
537400, 14411, 1, 0, 0
537500, 18117, 1, 0, 0
537600, 15721, 1, 0, 0
537700, 13429, 1, 0, 0
537800, 14867, 1, 0, 0
537900, 16425, 1, 0, 0
538001, 16141, 1, 0, 0
538100, 15078, 1, 0, 0
538200, 13700, 1, 0, 0
538300, 18259, 1, 0, 0
538400, 15606, 1, 0, 0
538500, 15851, 1, 0, 0
538600, 17275, 1, 0, 0
538700, 16518, 1, 0, 0
538800, 15061, 1, 0, 0
538900, 18231, 1, 0, 0
539000, 15065, 1, 0, 0
539100, 20028, 1, 0, 0
539200, 14083, 1, 0, 0
539301, 15771, 1, 0, 0
539400, 16307, 1, 0, 0
539500, 13607, 1, 0, 0
539600, 19510, 1, 0, 0
539700, 14934, 1, 0, 0
539800, 16976, 1, 0, 0
539901, 15496, 1, 0, 0
540000, 15151, 1, 0, 0
540101, 15080, 1, 0, 0
540200, 15613, 1, 0, 0
540300, 14481, 1, 0, 0
540400, 14626, 1, 0, 0
540500, 15300, 1, 0, 0
540600, 17497, 1, 0, 0
540701, 17261, 1, 0, 0
540800, 19701, 1, 0, 0
540900, 19001, 1, 0, 0
541000, 16291, 1, 0, 0
541100, 15806, 1, 0, 0
541200, 14418, 1, 0, 0
541300, 16402, 1, 0, 0
541401, 17180, 1, 0, 0
541500, 15601, 1, 0, 0
541600, 17732, 1, 0, 0
541700, 16342, 1, 0, 0
541801, 15478, 1, 0, 0
541900, 16278, 1, 0, 0
542000, 14736, 1, 0, 0
542100, 15475, 1, 0, 0
542200, 20861, 1, 0, 0
542301, 15664, 1, 0, 0
542400, 16176, 1, 0, 0
542500, 15605, 1, 0, 0
542600, 17337, 1, 0, 0
542700, 13232, 1, 0, 0
542801, 12645, 1, 0, 0
542900, 13571, 1, 0, 0
543000, 15776, 1, 0, 0
543100, 16651, 1, 0, 0
543200, 16509, 1, 0, 0
543300, 18479, 1, 0, 0
543400, 17132, 1, 0, 0
543500, 15536, 1, 0, 0
543600, 15734, 1, 0, 0
543700, 15307, 1, 0, 0
543800, 17111, 1, 0, 0
543900, 17303, 1, 0, 0
544000, 14596, 1, 0, 0
544100, 18515, 1, 0, 0
544201, 13456, 1, 0, 0
544300, 16735, 1, 0, 0
544400, 13587, 1, 0, 0
544500, 18161, 1, 0, 0
544600, 15645, 1, 0, 0
544701, 14664, 1, 0, 0
544800, 18294, 1, 0, 0
544900, 16108, 1, 0, 0
545000, 14422, 1, 0, 0
545100, 15728, 1, 0, 0
545200, 16509, 1, 0, 0
545300, 16270, 1, 0, 0
545400, 15102, 1, 0, 0
545500, 16702, 1, 0, 0
545601, 18134, 1, 0, 0
545700, 13438, 1, 0, 0
545801, 16772, 1, 0, 0
545900, 19834, 1, 0, 0
546000, 15914, 1, 0, 0
546100, 15460, 1, 0, 0
546200, 17908, 1, 0, 0
546300, 19866, 1, 0, 0
546400, 14484, 1, 0, 0
546500, 14267, 1, 0, 0
546600, 14512, 1, 0, 0
546700, 13286, 1, 0, 0
546801, 14064, 1, 0, 0
546900, 15500, 1, 0, 0
547000, 13997, 1, 0, 0
547100, 15256, 1, 0, 0
547200, 16611, 1, 0, 0
547300, 14670, 1, 0, 0
547400, 14084, 1, 0, 0
547500, 14672, 1, 0, 0
547600, 14326, 1, 0, 0
547700, 13869, 1, 0, 0
547800, 15314, 1, 0, 0
547900, 15361, 1, 0, 0
548000, 14272, 1, 0, 0
548100, 19208, 1, 0, 0
548200, 14195, 1, 0, 0
548300, 14481, 1, 0, 0
548400, 17165, 1, 0, 0
548500, 14072, 1, 0, 0
548600, 14025, 1, 0, 0
548700, 15433, 1, 0, 0
548800, 18672, 1, 0, 0
548900, 17000, 1, 0, 0
549000, 17564, 1, 0, 0
549100, 19641, 1, 0, 0
549200, 17455, 1, 0, 0
549300, 13458, 1, 0, 0
549400, 15611, 1, 0, 0
549500, 14674, 1, 0, 0
549600, 18809, 1, 0, 0
549700, 13293, 1, 0, 0
549800, 14629, 1, 0, 0
549900, 14484, 1, 0, 0
550000, 17598, 1, 0, 0
550100, 13683, 1, 0, 0
550201, 14899, 1, 0, 0
550300, 16779, 1, 0, 0
550400, 15946, 1, 0, 0
550500, 15400, 1, 0, 0
550600, 15367, 1, 0, 0
550700, 17445, 1, 0, 0
550800, 16387, 1, 0, 0
550900, 13644, 1, 0, 0
551000, 15989, 1, 0, 0
551100, 17034, 1, 0, 0
551200, 15931, 1, 0, 0
551300, 15235, 1, 0, 0
551400, 15639, 1, 0, 0
551500, 14858, 1, 0, 0
551600, 17638, 1, 0, 0
551700, 16308, 1, 0, 0
551800, 18683, 1, 0, 0
551900, 16078, 1, 0, 0
552000, 14044, 1, 0, 0
552100, 16173, 1, 0, 0
552200, 15724, 1, 0, 0
552300, 15232, 1, 0, 0
552400, 15028, 1, 0, 0
552500, 14213, 1, 0, 0
552600, 15817, 1, 0, 0
552700, 15329, 1, 0, 0
552800, 17485, 1, 0, 0
552900, 17876, 1, 0, 0
553000, 15922, 1, 0, 0
553100, 18393, 1, 0, 0
553200, 14026, 1, 0, 0
553300, 16976, 1, 0, 0
553400, 15272, 1, 0, 0
553500, 19627, 1, 0, 0
553601, 17077, 1, 0, 0
553700, 15592, 1, 0, 0
553800, 16371, 1, 0, 0
553900, 13430, 1, 0, 0
554000, 17309, 1, 0, 0
554100, 17686, 1, 0, 0
554200, 15161, 1, 0, 0
554300, 16233, 1, 0, 0
554400, 14124, 1, 0, 0
554500, 16938, 1, 0, 0
554600, 17095, 1, 0, 0
554700, 14911, 1, 0, 0
554800, 15961, 1, 0, 0
554900, 17759, 1, 0, 0
555000, 18323, 1, 0, 0
555100, 16252, 1, 0, 0
555200, 17705, 1, 0, 0
555300, 14618, 1, 0, 0
555400, 15888, 1, 0, 0
555500, 17399, 1, 0, 0
555600, 14340, 1, 0, 0
555700, 17884, 1, 0, 0
555800, 14697, 1, 0, 0
555900, 13571, 1, 0, 0
556000, 14573, 1, 0, 0
556100, 15884, 1, 0, 0
556200, 17250, 1, 0, 0
556300, 15849, 1, 0, 0
556400, 14392, 1, 0, 0
556500, 13734, 1, 0, 0
556600, 16988, 1, 0, 0
556700, 15951, 1, 0, 0
556800, 15863, 1, 0, 0
556900, 14066, 1, 0, 0
557000, 12489, 1, 0, 0
557100, 13516, 1, 0, 0
557200, 14676, 1, 0, 0
557300, 15953, 1, 0, 0
557400, 12921, 1, 0, 0
557500, 17147, 1, 0, 0
557600, 13096, 1, 0, 0
557700, 16085, 1, 0, 0
557800, 16049, 1, 0, 0
557900, 14770, 1, 0, 0
558000, 17299, 1, 0, 0
558100, 16936, 1, 0, 0
558200, 13301, 1, 0, 0
558300, 16349, 1, 0, 0
558400, 17551, 1, 0, 0
558500, 18142, 1, 0, 0
558600, 13738, 1, 0, 0
558700, 17683, 1, 0, 0
558800, 16329, 1, 0, 0
558900, 13364, 1, 0, 0
559000, 16025, 1, 0, 0
559100, 16857, 1, 0, 0
559200, 16296, 1, 0, 0
559300, 14240, 1, 0, 0
559400, 14805, 1, 0, 0
559500, 13398, 1, 0, 0
559600, 18474, 1, 0, 0
559700, 15131, 1, 0, 0
559800, 13931, 1, 0, 0
559900, 15181, 1, 0, 0
560000, 16022, 1, 0, 0
560100, 18545, 1, 0, 0
560200, 18043, 1, 0, 0
560300, 13074, 1, 0, 0
560400, 14004, 1, 0, 0
560500, 14585, 1, 0, 0
560600, 13699, 1, 0, 0
560700, 16463, 1, 0, 0
560800, 17332, 1, 0, 0
560900, 15809, 1, 0, 0
561000, 16453, 1, 0, 0
561100, 17105, 1, 0, 0
561200, 15434, 1, 0, 0
561300, 14805, 1, 0, 0
561400, 15378, 1, 0, 0
561500, 15940, 1, 0, 0
561600, 16448, 1, 0, 0
561700, 19580, 1, 0, 0
561800, 16054, 1, 0, 0
561900, 16909, 1, 0, 0
562000, 18255, 1, 0, 0
562100, 16473, 1, 0, 0
562200, 15962, 1, 0, 0
562300, 16072, 1, 0, 0
562400, 15035, 1, 0, 0
562500, 15764, 1, 0, 0
562600, 13245, 1, 0, 0
562700, 14033, 1, 0, 0
562800, 18817, 1, 0, 0
562900, 15089, 1, 0, 0
563000, 16861, 1, 0, 0
563100, 15622, 1, 0, 0
563200, 16330, 1, 0, 0
563300, 14275, 1, 0, 0
563400, 16022, 1, 0, 0
563500, 16202, 1, 0, 0
563600, 13871, 1, 0, 0
563700, 20117, 1, 0, 0
563800, 18131, 1, 0, 0
563900, 18388, 1, 0, 0
564000, 21234, 1, 0, 0
564100, 16766, 1, 0, 0
564200, 13053, 1, 0, 0
564301, 14770, 1, 0, 0
564400, 15869, 1, 0, 0
564500, 15646, 1, 0, 0
564601, 15203, 1, 0, 0
564700, 16407, 1, 0, 0
564800, 15745, 1, 0, 0
564900, 15741, 1, 0, 0
565000, 17226, 1, 0, 0
565100, 15085, 1, 0, 0
565200, 15908, 1, 0, 0
565300, 16211, 1, 0, 0
565400, 16884, 1, 0, 0
565500, 18802, 1, 0, 0
565600, 13860, 1, 0, 0
565700, 13849, 1, 0, 0
565800, 14701, 1, 0, 0
565901, 15117, 1, 0, 0
566000, 18612, 1, 0, 0
566100, 17522, 1, 0, 0
566200, 16112, 1, 0, 0
566300, 14997, 1, 0, 0
566400, 14423, 1, 0, 0
566500, 15644, 1, 0, 0
566600, 14073, 1, 0, 0
566700, 13238, 1, 0, 0
566800, 14779, 1, 0, 0
566900, 13265, 1, 0, 0
567000, 16486, 1, 0, 0
567100, 19475, 1, 0, 0
567200, 16926, 1, 0, 0
567300, 15124, 1, 0, 0
567400, 15787, 1, 0, 0
567500, 14203, 1, 0, 0
567600, 17329, 1, 0, 0
567700, 14742, 1, 0, 0
567801, 15454, 1, 0, 0
567900, 15825, 1, 0, 0
568000, 14693, 1, 0, 0
568100, 16737, 1, 0, 0
568200, 14415, 1, 0, 0
568300, 13958, 1, 0, 0
568400, 17842, 1, 0, 0
568501, 14463, 1, 0, 0
568600, 13000, 1, 0, 0
568700, 14327, 1, 0, 0
568800, 14168, 1, 0, 0
568900, 16751, 1, 0, 0
569000, 14294, 1, 0, 0
569100, 19678, 1, 0, 0
569200, 15829, 1, 0, 0
569300, 16502, 1, 0, 0
569400, 14044, 1, 0, 0
569500, 16874, 1, 0, 0
569600, 14308, 1, 0, 0
569701, 15693, 1, 0, 0
569801, 15250, 1, 0, 0
569900, 16854, 1, 0, 0
570000, 18836, 1, 0, 0
570100, 18265, 1, 0, 0
570200, 15457, 1, 0, 0
570300, 17293, 1, 0, 0
570400, 16040, 1, 0, 0
570500, 14309, 1, 0, 0
570600, 15507, 1, 0, 0
570700, 17788, 1, 0, 0
570800, 13886, 1, 0, 0
570900, 17459, 1, 0, 0
571000, 15498, 1, 0, 0
571100, 13720, 1, 0, 0
571201, 18915, 1, 0, 0
571300, 17910, 1, 0, 0
571400, 19109, 1, 0, 0
571500, 16216, 1, 0, 0
571601, 16268, 1, 0, 0
571700, 17091, 1, 0, 0
571800, 18106, 1, 0, 0
571900, 17714, 1, 0, 0
572000, 16033, 1, 0, 0
572100, 16336, 1, 0, 0
572200, 13335, 1, 0, 0
572300, 18641, 1, 0, 0
572400, 18617, 1, 0, 0
572500, 17557, 1, 0, 0
572600, 15123, 1, 0, 0
572700, 13087, 1, 0, 0
572800, 13889, 1, 0, 0
572900, 15690, 1, 0, 0
573000, 14664, 1, 0, 0
573100, 17107, 1, 0, 0
573200, 13396, 1, 0, 0
573300, 14792, 1, 0, 0
573400, 15883, 1, 0, 0
573500, 15799, 1, 0, 0
573600, 15828, 1, 0, 0
573701, 13828, 1, 0, 0
573800, 19401, 1, 0, 0
573900, 19350, 1, 0, 0
574000, 17118, 1, 0, 0
574100, 13983, 1, 0, 0
574200, 17045, 1, 0, 0
574301, 15056, 1, 0, 0
574400, 13641, 1, 0, 0
574501, 14015, 1, 0, 0
574600, 14688, 1, 0, 0
574701, 17254, 1, 0, 0
574800, 15055, 1, 0, 0
574900, 15093, 1, 0, 0
575000, 15341, 1, 0, 0
575100, 15119, 1, 0, 0
575200, 16892, 1, 0, 0
575300, 19686, 1, 0, 0
575400, 17256, 1, 0, 0
575500, 18925, 1, 0, 0
575600, 15137, 1, 0, 0
575700, 18633, 1, 0, 0
575800, 15893, 1, 0, 0
575900, 14397, 1, 0, 0
576000, 17179, 1, 0, 0
576100, 13956, 1, 0, 0
576200, 15375, 1, 0, 0
576300, 14925, 1, 0, 0
576400, 13528, 1, 0, 0
576500, 14367, 1, 0, 0
576600, 13755, 1, 0, 0
576700, 16620, 1, 0, 0
576800, 14539, 1, 0, 0
576900, 20238, 1, 0, 0
577000, 14546, 1, 0, 0
577100, 16576, 1, 0, 0
577200, 21000, 1, 0, 0
577300, 18786, 1, 0, 0
577400, 12356, 1, 0, 0
577500, 14720, 1, 0, 0
577600, 15649, 1, 0, 0
577700, 13861, 1, 0, 0
577800, 18536, 1, 0, 0
577900, 15683, 1, 0, 0
578000, 17181, 1, 0, 0
578100, 18010, 1, 0, 0
578200, 17401, 1, 0, 0
578300, 17591, 1, 0, 0
578401, 15738, 1, 0, 0
578501, 13749, 1, 0, 0
578600, 17935, 1, 0, 0
578700, 15082, 1, 0, 0
578800, 17350, 1, 0, 0
578900, 14554, 1, 0, 0
579001, 19101, 1, 0, 0
579100, 16196, 1, 0, 0
579200, 14315, 1, 0, 0
579300, 16792, 1, 0, 0
579400, 16889, 1, 0, 0
579500, 15378, 1, 0, 0
579600, 16318, 1, 0, 0
579700, 13241, 1, 0, 0
579800, 17440, 1, 0, 0
579900, 16505, 1, 0, 0
580000, 13079, 1, 0, 0
580100, 17923, 1, 0, 0
580200, 17425, 1, 0, 0
580300, 13799, 1, 0, 0
580400, 15638, 1, 0, 0
580500, 14328, 1, 0, 0
580600, 17584, 1, 0, 0
580700, 15546, 1, 0, 0
580800, 13278, 1, 0, 0
580900, 16176, 1, 0, 0
581000, 16777, 1, 0, 0
581100, 15853, 1, 0, 0
581200, 17037, 1, 0, 0
581300, 15098, 1, 0, 0
581400, 18192, 1, 0, 0
581500, 18662, 1, 0, 0
581600, 17200, 1, 0, 0
581700, 16443, 1, 0, 0
581800, 14616, 1, 0, 0
581900, 15096, 1, 0, 0
582000, 17755, 1, 0, 0
582100, 14194, 1, 0, 0
582200, 14375, 1, 0, 0
582300, 13580, 1, 0, 0
582400, 14430, 1, 0, 0
582500, 13971, 1, 0, 0
582600, 15028, 1, 0, 0
582702, 15847, 1, 0, 0
582800, 18483, 1, 0, 0
582900, 17426, 1, 0, 0
583001, 18748, 1, 0, 0
583100, 16265, 1, 0, 0
583200, 15582, 1, 0, 0
583300, 14733, 1, 0, 0
583400, 13507, 1, 0, 0
583500, 14338, 1, 0, 0
583600, 16855, 1, 0, 0
583700, 13557, 1, 0, 0
583800, 13495, 1, 0, 0
583900, 15961, 1, 0, 0
584000, 16118, 1, 0, 0
584100, 14429, 1, 0, 0
584200, 16647, 1, 0, 0
584300, 18322, 1, 0, 0
584400, 18833, 1, 0, 0
584500, 20745, 1, 0, 0
584600, 16801, 1, 0, 0
584700, 13542, 1, 0, 0
584800, 15027, 1, 0, 0
584900, 14773, 1, 0, 0
585000, 18754, 1, 0, 0
585101, 12806, 1, 0, 0
585200, 17024, 1, 0, 0
585300, 15921, 1, 0, 0
585400, 15902, 1, 0, 0
585500, 14969, 1, 0, 0
585600, 14580, 1, 0, 0
585701, 13740, 1, 0, 0
585800, 15723, 1, 0, 0
585900, 22521, 1, 0, 0
586000, 20597, 1, 0, 0
586100, 14939, 1, 0, 0
586200, 17686, 1, 0, 0
586300, 17125, 1, 0, 0
586400, 17829, 1, 0, 0
586500, 13986, 1, 0, 0
586600, 18762, 1, 0, 0
586700, 14490, 1, 0, 0
586800, 17180, 1, 0, 0
586900, 16275, 1, 0, 0
587000, 17283, 1, 0, 0
587100, 18000, 1, 0, 0
587200, 14755, 1, 0, 0
587300, 20554, 1, 0, 0
587400, 13231, 1, 0, 0
587500, 14612, 1, 0, 0
587600, 16501, 1, 0, 0
587700, 13495, 1, 0, 0
587800, 18489, 1, 0, 0
587900, 15691, 1, 0, 0
588000, 16486, 1, 0, 0
588100, 17653, 1, 0, 0
588200, 15719, 1, 0, 0
588300, 19454, 1, 0, 0
588400, 15024, 1, 0, 0
588500, 15008, 1, 0, 0
588600, 19090, 1, 0, 0
588700, 14279, 1, 0, 0
588801, 15904, 1, 0, 0
588900, 17291, 1, 0, 0
589000, 19185, 1, 0, 0
589100, 13449, 1, 0, 0
589200, 16111, 1, 0, 0
589300, 13946, 1, 0, 0
589400, 19079, 1, 0, 0
589500, 18155, 1, 0, 0
589601, 15155, 1, 0, 0
589700, 13573, 1, 0, 0
589800, 15906, 1, 0, 0
589900, 15154, 1, 0, 0
590000, 14279, 1, 0, 0
590100, 20968, 1, 0, 0
590200, 20511, 1, 0, 0
590300, 19355, 1, 0, 0
590400, 16087, 1, 0, 0
590500, 16274, 1, 0, 0
590600, 18132, 1, 0, 0
590700, 14627, 1, 0, 0
590800, 17168, 1, 0, 0
590900, 16102, 1, 0, 0
591000, 14348, 1, 0, 0
591100, 14387, 1, 0, 0
591200, 16811, 1, 0, 0
591300, 16120, 1, 0, 0
591401, 13293, 1, 0, 0
591500, 16347, 1, 0, 0
591600, 16840, 1, 0, 0
591700, 17175, 1, 0, 0
591800, 17743, 1, 0, 0
591900, 15490, 1, 0, 0
592001, 15636, 1, 0, 0
592100, 14737, 1, 0, 0
592200, 17331, 1, 0, 0
592300, 15319, 1, 0, 0
592400, 15829, 1, 0, 0
592500, 17086, 1, 0, 0
592600, 15942, 1, 0, 0
592700, 13927, 1, 0, 0
592800, 18496, 1, 0, 0
592900, 16519, 1, 0, 0
593000, 14652, 1, 0, 0
593100, 15534, 1, 0, 0
593200, 13913, 1, 0, 0
593300, 14204, 1, 0, 0
593401, 15263, 1, 0, 0
593500, 17360, 1, 0, 0
593600, 16311, 1, 0, 0
593700, 18820, 1, 0, 0
593800, 15850, 1, 0, 0
593900, 14239, 1, 0, 0
594001, 16926, 1, 0, 0
594101, 16190, 1, 0, 0
594200, 16443, 1, 0, 0
594300, 17071, 1, 0, 0
594400, 15436, 1, 0, 0
594500, 15677, 1, 0, 0
594600, 14268, 1, 0, 0
594700, 14132, 1, 0, 0
594800, 17636, 1, 0, 0
594900, 14922, 1, 0, 0
595002, 17061, 1, 0, 0
595100, 17315, 1, 0, 0
595200, 13531, 1, 0, 0
595300, 12476, 1, 0, 0
595400, 13476, 1, 0, 0
595500, 15234, 1, 0, 0
595600, 16791, 1, 0, 0
595700, 16705, 1, 0, 0
595801, 16600, 1, 0, 0
595900, 20151, 1, 0, 0
596000, 19771, 1, 0, 0
596100, 18374, 1, 0, 0
596200, 17313, 1, 0, 0
596300, 13797, 1, 0, 0
596400, 15501, 1, 0, 0
596500, 15565, 1, 0, 0
596601, 17391, 1, 0, 0
596700, 16505, 1, 0, 0
596800, 17573, 1, 0, 0
596900, 14814, 1, 0, 0
597000, 13327, 1, 0, 0
597100, 15586, 1, 0, 0
597200, 13628, 1, 0, 0
597300, 19509, 1, 0, 0
597400, 16444, 1, 0, 0
597500, 14365, 1, 0, 0
597601, 16908, 1, 0, 0
597700, 13215, 1, 0, 0
597800, 14437, 1, 0, 0
597900, 15968, 1, 0, 0
598000, 19952, 1, 0, 0
598100, 15518, 1, 0, 0
598200, 14844, 1, 0, 0
598300, 14590, 1, 0, 0
598400, 13763, 1, 0, 0
598500, 14486, 1, 0, 0
598600, 16868, 1, 0, 0
598702, 14251, 1, 0, 0
598800, 15183, 1, 0, 0
598900, 13798, 1, 0, 0
599000, 14460, 1, 0, 0
599100, 16924, 1, 0, 0
599200, 14921, 1, 0, 0
599300, 14661, 1, 0, 0
599400, 15858, 1, 0, 0
599500, 15799, 1, 0, 0
599600, 14576, 1, 0, 0
599700, 15021, 1, 0, 0
599800, 17166, 1, 0, 0
599900, 14691, 1, 0, 0
600000, 17571, 1, 0, 0
