250, 48896, 1, 0, 0
350, 50560, 1, 0, 0
450, 53120, 1, 0, 0
550, 49280, 1, 0, 0
650, 52480, 1, 0, 0
749, 49131, 1, 0, 0
849, 49920, 1, 0, 0
949, 49280, 1, 0, 0
1049, 48640, 1, 0, 0
1149, 50560, 1, 0, 0
1249, 46720, 1, 0, 0
1349, 51840, 1, 0, 0
1449, 49920, 1, 0, 0
1550, 50560, 1, 0, 0
1650, 48000, 1, 0, 0
1749, 49777, 1, 0, 0
1849, 54400, 1, 0, 0
1949, 52480, 1, 0, 0
2049, 51840, 1, 0, 0
2149, 49920, 1, 0, 0
2249, 52480, 1, 0, 0
2349, 53760, 1, 0, 0
2449, 51200, 1, 0, 0
2549, 53120, 1, 0, 0
2649, 50560, 1, 0, 0
2749, 51200, 1, 0, 0
2849, 51840, 1, 0, 0
2949, 51200, 1, 0, 0
3050, 50560, 1, 0, 0
3150, 49920, 1, 0, 0
3249, 51717, 1, 0, 0
3349, 51840, 1, 0, 0
3449, 53760, 1, 0, 0
3549, 50560, 1, 0, 0
3649, 51840, 1, 0, 0
3749, 51840, 1, 0, 0
3849, 51840, 1, 0, 0
3949, 50560, 1, 0, 0
4049, 49920, 1, 0, 0
4149, 54400, 1, 0, 0
4250, 50560, 1, 0, 0
4350, 51840, 1, 0, 0
4450, 54400, 1, 0, 0
4550, 51200, 1, 0, 0
4650, 48000, 1, 0, 0
4749, 49777, 1, 0, 0
4849, 51840, 1, 0, 0
4949, 51840, 1, 0, 0
5049, 49280, 1, 0, 0
5149, 49920, 1, 0, 0
5249, 50560, 1, 0, 0
5349, 49280, 1, 0, 0
5449, 49920, 1, 0, 0
5549, 51840, 1, 0, 0
5649, 53120, 1, 0, 0
5750, 51840, 1, 0, 0
5850, 51840, 1, 0, 0
5950, 53760, 1, 0, 0
6050, 49920, 1, 0, 0
6150, 49920, 1, 0, 0
6249, 52363, 1, 0, 0
6349, 51840, 1, 0, 0
6449, 49920, 1, 0, 0
6549, 51840, 1, 0, 0
6649, 50560, 1, 0, 0
6749, 49920, 1, 0, 0
6849, 53760, 1, 0, 0
6949, 52480, 1, 0, 0
7050, 50560, 1, 0, 0
7150, 51200, 1, 0, 0
7249, 51070, 1, 0, 0
7349, 51200, 1, 0, 0
7449, 51200, 1, 0, 0
7549, 51200, 1, 0, 0
7649, 51200, 1, 0, 0
7749, 51840, 1, 0, 0
7849, 53120, 1, 0, 0
7949, 48640, 1, 0, 0
8049, 48640, 1, 0, 0
8149, 52480, 1, 0, 0
8249, 49280, 1, 0, 0
8349, 48640, 1, 0, 0
8449, 50560, 1, 0, 0
8550, 51200, 1, 0, 0
8650, 55040, 1, 0, 0
8749, 52363, 1, 0, 0
8849, 53120, 1, 0, 0
8949, 49920, 1, 0, 0
9049, 48000, 1, 0, 0
9149, 49280, 1, 0, 0
9249, 53120, 1, 0, 0
9349, 49920, 1, 0, 0
9449, 53120, 1, 0, 0
9549, 51840, 1, 0, 0
9649, 54400, 1, 0, 0
9749, 51200, 1, 0, 0
9849, 53120, 1, 0, 0
9949, 52480, 1, 0, 0
10050, 53760, 1, 0, 0
10150, 51840, 1, 0, 0
10249, 49777, 1, 0, 0
10349, 53760, 1, 0, 0
10449, 49920, 1, 0, 0
10549, 51840, 1, 0, 0
10649, 49920, 1, 0, 0
10749, 51200, 1, 0, 0
10849, 52480, 1, 0, 0
10949, 51840, 1, 0, 0
11049, 53120, 1, 0, 0
11149, 53760, 1, 0, 0
11249, 51200, 1, 0, 0
11349, 56960, 1, 0, 0
11449, 53120, 1, 0, 0
11550, 55040, 1, 0, 0
11650, 52480, 1, 0, 0
11749, 55595, 1, 0, 0
11849, 49280, 1, 0, 0
11949, 51840, 1, 0, 0
12049, 52480, 1, 0, 0
12149, 57600, 1, 0, 0
12249, 54400, 1, 0, 0
12349, 51840, 1, 0, 0
12449, 51840, 1, 0, 0
12549, 51200, 1, 0, 0
12649, 51840, 1, 0, 0
12749, 53120, 1, 0, 0
12849, 51200, 1, 0, 0
12949, 54400, 1, 0, 0
13050, 50560, 1, 0, 0
13150, 52480, 1, 0, 0
13249, 55595, 1, 0, 0
13349, 53760, 1, 0, 0
13449, 52480, 1, 0, 0
13549, 53120, 1, 0, 0
13649, 53760, 1, 0, 0
13749, 53760, 1, 0, 0
13849, 53760, 1, 0, 0
13949, 52480, 1, 0, 0
14049, 55680, 1, 0, 0
14149, 53760, 1, 0, 0
14249, 52480, 1, 0, 0
14350, 52480, 1, 0, 0
14450, 53760, 1, 0, 0
14550, 53760, 1, 0, 0
14650, 55040, 1, 0, 0
14749, 54949, 1, 0, 0
14849, 56320, 1, 0, 0
14949, 53120, 1, 0, 0
15049, 54400, 1, 0, 0
15149, 53760, 1, 0, 0
15249, 55040, 1, 0, 0
15349, 56960, 1, 0, 0
15449, 54400, 1, 0, 0
15549, 56960, 1, 0, 0
15650, 53760, 1, 0, 0
15749, 56242, 1, 0, 0
15849, 56960, 1, 0, 0
15949, 56320, 1, 0, 0
16049, 53760, 1, 0, 0
16149, 55040, 1, 0, 0
16249, 56960, 1, 0, 0
16349, 53120, 1, 0, 0
16449, 55040, 1, 0, 0
16549, 51840, 1, 0, 0
16649, 53760, 1, 0, 0
16749, 54400, 1, 0, 0
16849, 54400, 1, 0, 0
16949, 56320, 1, 0, 0
17050, 53760, 1, 0, 0
17150, 53760, 1, 0, 0
17249, 57535, 1, 0, 0
17349, 58240, 1, 0, 0
17449, 58240, 1, 0, 0
17549, 54400, 1, 0, 0
17649, 52480, 1, 0, 0
17749, 56320, 1, 0, 0
17849, 55680, 1, 0, 0
17949, 56960, 1, 0, 0
18049, 56320, 1, 0, 0
18149, 57600, 1, 0, 0
18249, 56960, 1, 0, 0
18349, 53760, 1, 0, 0
18450, 55040, 1, 0, 0
18550, 55040, 1, 0, 0
18650, 55680, 1, 0, 0
18749, 53656, 1, 0, 0
18849, 55040, 1, 0, 0
18949, 51840, 1, 0, 0
19049, 53120, 1, 0, 0
19149, 54400, 1, 0, 0
19249, 53760, 1, 0, 0
19349, 55040, 1, 0, 0
19449, 53760, 1, 0, 0
19549, 53760, 1, 0, 0
19649, 55040, 1, 0, 0
19749, 52480, 1, 0, 0
19849, 56320, 1, 0, 0
19950, 55680, 1, 0, 0
20050, 53760, 1, 0, 0
20150, 55680, 1, 0, 0
20249, 56242, 1, 0, 0
20349, 57600, 1, 0, 0
20449, 55680, 1, 0, 0
20549, 54400, 1, 0, 0
20649, 55040, 1, 0, 0
20749, 51840, 1, 0, 0
20849, 55680, 1, 0, 0
20949, 52480, 1, 0, 0
21049, 56960, 1, 0, 0
21149, 55040, 1, 0, 0
21249, 55680, 1, 0, 0
21349, 58240, 1, 0, 0
21449, 54400, 1, 0, 0
21550, 54400, 1, 0, 0
21650, 54400, 1, 0, 0
21749, 51717, 1, 0, 0
21849, 53120, 1, 0, 0
21949, 55680, 1, 0, 0
22049, 50560, 1, 0, 0
22149, 53760, 1, 0, 0
22249, 55680, 1, 0, 0
22349, 55040, 1, 0, 0
22449, 51200, 1, 0, 0
22549, 55680, 1, 0, 0
22649, 52480, 1, 0, 0
22749, 55040, 1, 0, 0
22849, 53120, 1, 0, 0
22949, 56320, 1, 0, 0
23050, 52480, 1, 0, 0
23150, 55040, 1, 0, 0
23249, 52363, 1, 0, 0
23349, 49920, 1, 0, 0
23449, 55040, 1, 0, 0
23549, 55040, 1, 0, 0
23649, 52480, 1, 0, 0
23749, 55040, 1, 0, 0
23849, 55680, 1, 0, 0
23949, 57600, 1, 0, 0
24049, 56320, 1, 0, 0
24149, 57600, 1, 0, 0
24250, 56320, 1, 0, 0
24350, 56320, 1, 0, 0
24450, 53760, 1, 0, 0
24550, 53120, 1, 0, 0
24650, 53760, 1, 0, 0
24749, 55595, 1, 0, 0
24849, 55040, 1, 0, 0
24949, 55680, 1, 0, 0
25049, 53120, 1, 0, 0
25149, 53120, 1, 0, 0
25249, 55040, 1, 0, 0
25349, 55680, 1, 0, 0
25449, 57600, 1, 0, 0
25549, 55680, 1, 0, 0
25649, 53120, 1, 0, 0
25750, 54400, 1, 0, 0
25850, 55040, 1, 0, 0
25950, 55680, 1, 0, 0
26050, 53760, 1, 0, 0
26150, 54400, 1, 0, 0
26249, 53010, 1, 0, 0
26349, 56320, 1, 0, 0
26449, 55680, 1, 0, 0
26549, 55680, 1, 0, 0
26649, 55680, 1, 0, 0
26749, 51200, 1, 0, 0
26849, 55040, 1, 0, 0
26949, 55040, 1, 0, 0
27049, 50560, 1, 0, 0
27150, 58880, 1, 0, 0
27249, 55595, 1, 0, 0
27349, 58240, 1, 0, 0
27449, 55680, 1, 0, 0
27549, 58240, 1, 0, 0
27649, 55680, 1, 0, 0
27749, 55680, 1, 0, 0
27849, 55040, 1, 0, 0
27949, 56960, 1, 0, 0
28049, 55680, 1, 0, 0
28149, 51840, 1, 0, 0
28249, 54400, 1, 0, 0
28349, 56320, 1, 0, 0
28449, 53120, 1, 0, 0
28550, 54400, 1, 0, 0
28650, 56320, 1, 0, 0
28749, 55595, 1, 0, 0
28849, 55680, 1, 0, 0
28949, 52480, 1, 0, 0
29049, 60800, 1, 0, 0
29149, 56960, 1, 0, 0
29249, 56960, 1, 0, 0
29349, 56960, 1, 0, 0
29449, 56960, 1, 0, 0
29549, 55040, 1, 0, 0
29649, 54400, 1, 0, 0
29749, 58240, 1, 0, 0
29849, 56320, 1, 0, 0
29950, 57600, 1, 0, 0
30050, 55680, 1, 0, 0
30150, 52480, 1, 0, 0
30249, 56888, 1, 0, 0
30349, 58880, 1, 0, 0
30449, 57600, 1, 0, 0
30549, 54400, 1, 0, 0
30649, 58240, 1, 0, 0
30749, 58240, 1, 0, 0
30849, 55680, 1, 0, 0
30949, 55680, 1, 0, 0
31049, 57600, 1, 0, 0
31149, 58880, 1, 0, 0
31249, 54400, 1, 0, 0
31349, 55040, 1, 0, 0
31449, 55040, 1, 0, 0
31550, 56960, 1, 0, 0
31650, 55040, 1, 0, 0
31749, 57535, 1, 0, 0
31849, 57600, 1, 0, 0
31949, 58240, 1, 0, 0
32049, 56960, 1, 0, 0
32149, 57600, 1, 0, 0
32249, 57600, 1, 0, 0
32349, 56960, 1, 0, 0
32449, 56320, 1, 0, 0
32549, 56320, 1, 0, 0
32649, 59520, 1, 0, 0
32749, 56320, 1, 0, 0
32849, 56960, 1, 0, 0
32949, 57600, 1, 0, 0
33050, 59520, 1, 0, 0
33150, 58240, 1, 0, 0
33249, 56888, 1, 0, 0
33349, 56960, 1, 0, 0
33449, 59520, 1, 0, 0
33549, 57600, 1, 0, 0
33649, 55040, 1, 0, 0
33749, 55680, 1, 0, 0
33849, 55040, 1, 0, 0
33949, 58240, 1, 0, 0
34049, 58880, 1, 0, 0
34149, 60160, 1, 0, 0
34249, 58880, 1, 0, 0
34350, 60160, 1, 0, 0
34450, 58880, 1, 0, 0
34550, 58240, 1, 0, 0
34650, 57600, 1, 0, 0
34749, 57535, 1, 0, 0
34849, 58240, 1, 0, 0
34949, 58880, 1, 0, 0
35049, 59520, 1, 0, 0
35149, 54400, 1, 0, 0
35249, 55680, 1, 0, 0
35349, 55680, 1, 0, 0
35449, 55680, 1, 0, 0
35549, 59520, 1, 0, 0
35649, 58880, 1, 0, 0
35749, 57600, 1, 0, 0
35850, 56320, 1, 0, 0
35950, 56320, 1, 0, 0
36050, 58240, 1, 0, 0
36150, 56320, 1, 0, 0
36249, 56888, 1, 0, 0
36349, 58880, 1, 0, 0
36449, 58240, 1, 0, 0
36549, 58880, 1, 0, 0
36649, 57600, 1, 0, 0
36749, 60160, 1, 0, 0
36849, 56960, 1, 0, 0
36949, 57600, 1, 0, 0
37049, 56960, 1, 0, 0
37150, 55680, 1, 0, 0
37249, 56242, 1, 0, 0
37349, 55680, 1, 0, 0
37449, 60800, 1, 0, 0
37549, 58240, 1, 0, 0
37649, 52480, 1, 0, 0
37749, 59520, 1, 0, 0
37849, 54400, 1, 0, 0
37949, 56960, 1, 0, 0
38049, 58240, 1, 0, 0
38149, 58240, 1, 0, 0
38249, 52480, 1, 0, 0
38349, 55680, 1, 0, 0
38449, 57600, 1, 0, 0
38550, 56960, 1, 0, 0
38650, 57600, 1, 0, 0
38749, 55595, 1, 0, 0
38849, 56960, 1, 0, 0
38949, 53760, 1, 0, 0
39049, 56320, 1, 0, 0
39149, 56960, 1, 0, 0
39249, 57600, 1, 0, 0
39349, 55040, 1, 0, 0
39449, 58240, 1, 0, 0
39549, 56320, 1, 0, 0
39649, 53760, 1, 0, 0
39749, 53760, 1, 0, 0
39849, 56960, 1, 0, 0
39949, 55040, 1, 0, 0
40050, 58880, 1, 0, 0
40150, 56960, 1, 0, 0
40249, 56888, 1, 0, 0
40349, 56960, 1, 0, 0
40449, 59520, 1, 0, 0
40549, 58880, 1, 0, 0
40649, 55040, 1, 0, 0
40749, 55680, 1, 0, 0
40849, 56960, 1, 0, 0
40949, 57600, 1, 0, 0
41049, 58880, 1, 0, 0
41149, 60160, 1, 0, 0
41249, 59520, 1, 0, 0
41349, 55680, 1, 0, 0
41449, 58240, 1, 0, 0
41550, 58880, 1, 0, 0
41650, 58240, 1, 0, 0
41749, 60767, 1, 0, 0
41849, 56320, 1, 0, 0
41949, 60160, 1, 0, 0
42049, 56320, 1, 0, 0
42149, 58880, 1, 0, 0
42249, 55040, 1, 0, 0
42349, 60160, 1, 0, 0
42449, 57600, 1, 0, 0
42549, 53120, 1, 0, 0
42649, 56320, 1, 0, 0
42749, 56320, 1, 0, 0
42849, 58240, 1, 0, 0
42950, 57600, 1, 0, 0
43050, 56960, 1, 0, 0
43150, 58880, 1, 0, 0
43249, 57535, 1, 0, 0
43349, 58240, 1, 0, 0
43449, 56320, 1, 0, 0
43549, 55680, 1, 0, 0
43649, 57600, 1, 0, 0
43749, 59520, 1, 0, 0
43849, 56960, 1, 0, 0
43949, 56320, 1, 0, 0
44049, 55680, 1, 0, 0
44149, 54400, 1, 0, 0
44249, 55040, 1, 0, 0
44350, 58240, 1, 0, 0
44450, 58240, 1, 0, 0
44550, 56320, 1, 0, 0
44650, 57600, 1, 0, 0
44749, 55595, 1, 0, 0
44849, 55680, 1, 0, 0
44949, 58880, 1, 0, 0
45049, 55680, 1, 0, 0
45149, 55040, 1, 0, 0
45249, 56320, 1, 0, 0
45349, 56960, 1, 0, 0
45449, 56320, 1, 0, 0
45549, 54400, 1, 0, 0
45649, 57600, 1, 0, 0
45749, 57600, 1, 0, 0
45849, 56320, 1, 0, 0
45949, 58240, 1, 0, 0
46050, 57600, 1, 0, 0
46150, 58880, 1, 0, 0
46249, 57535, 1, 0, 0
46349, 55680, 1, 0, 0
46449, 57600, 1, 0, 0
46549, 53120, 1, 0, 0
46649, 51200, 1, 0, 0
46749, 56960, 1, 0, 0
46849, 53120, 1, 0, 0
46949, 53120, 1, 0, 0
47049, 58240, 1, 0, 0
47149, 57600, 1, 0, 0
47249, 55680, 1, 0, 0
47349, 56960, 1, 0, 0
47449, 58880, 1, 0, 0
47550, 54400, 1, 0, 0
47650, 54400, 1, 0, 0
47749, 56242, 1, 0, 0
47849, 55680, 1, 0, 0
47949, 56960, 1, 0, 0
48049, 60160, 1, 0, 0
48149, 55680, 1, 0, 0
48249, 58240, 1, 0, 0
48349, 56960, 1, 0, 0
48449, 55040, 1, 0, 0
48549, 57600, 1, 0, 0
48649, 57600, 1, 0, 0
48749, 58240, 1, 0, 0
48849, 58240, 1, 0, 0
48949, 56320, 1, 0, 0
49050, 60160, 1, 0, 0
49150, 58880, 1, 0, 0
49249, 56888, 1, 0, 0
49349, 58240, 1, 0, 0
49449, 56960, 1, 0, 0
49549, 56320, 1, 0, 0
49649, 58240, 1, 0, 0
49749, 57600, 1, 0, 0
49849, 59520, 1, 0, 0
49949, 60160, 1, 0, 0
50049, 60800, 1, 0, 0
50149, 58880, 1, 0, 0
50249, 56960, 1, 0, 0
50349, 56320, 1, 0, 0
50449, 60160, 1, 0, 0
50550, 58240, 1, 0, 0
50650, 56320, 1, 0, 0
50749, 56242, 1, 0, 0
50849, 55040, 1, 0, 0
50949, 60160, 1, 0, 0
51049, 58240, 1, 0, 0
51149, 56320, 1, 0, 0
51249, 58240, 1, 0, 0
51349, 56960, 1, 0, 0
51449, 61440, 1, 0, 0
51549, 58880, 1, 0, 0
51649, 58880, 1, 0, 0
51749, 59520, 1, 0, 0
51849, 58880, 1, 0, 0
51949, 56960, 1, 0, 0
52050, 58880, 1, 0, 0
52150, 56960, 1, 0, 0
52249, 60121, 1, 0, 0
52349, 55680, 1, 0, 0
52449, 57600, 1, 0, 0
52549, 60160, 1, 0, 0
52649, 58880, 1, 0, 0
52749, 56320, 1, 0, 0
52849, 59520, 1, 0, 0
52949, 56960, 1, 0, 0
53049, 57600, 1, 0, 0
53149, 55680, 1, 0, 0
53249, 58880, 1, 0, 0
53349, 56320, 1, 0, 0
53450, 59520, 1, 0, 0
53550, 58240, 1, 0, 0
53650, 59520, 1, 0, 0
53749, 58181, 1, 0, 0
53849, 60160, 1, 0, 0
53949, 58880, 1, 0, 0
54049, 53120, 1, 0, 0
54149, 58240, 1, 0, 0
54249, 56320, 1, 0, 0
54349, 58240, 1, 0, 0
54449, 60160, 1, 0, 0
54549, 60160, 1, 0, 0
54649, 58240, 1, 0, 0
54749, 55680, 1, 0, 0
54850, 59520, 1, 0, 0
54950, 55680, 1, 0, 0
55050, 60160, 1, 0, 0
55150, 58880, 1, 0, 0
55249, 56888, 1, 0, 0
55349, 56960, 1, 0, 0
55449, 56320, 1, 0, 0
55549, 57600, 1, 0, 0
55649, 55040, 1, 0, 0
55749, 58240, 1, 0, 0
55849, 58240, 1, 0, 0
55949, 59520, 1, 0, 0
56049, 57600, 1, 0, 0
56149, 56960, 1, 0, 0
56249, 58880, 1, 0, 0
56350, 56960, 1, 0, 0
56450, 60800, 1, 0, 0
56550, 61440, 1, 0, 0
56650, 57600, 1, 0, 0
56749, 61414, 1, 0, 0
56849, 57600, 1, 0, 0
56949, 60800, 1, 0, 0
57049, 56960, 1, 0, 0
57149, 54400, 1, 0, 0
57249, 58880, 1, 0, 0
57349, 56320, 1, 0, 0
57449, 56960, 1, 0, 0
57549, 57600, 1, 0, 0
57649, 57600, 1, 0, 0
57750, 58240, 1, 0, 0
57850, 56320, 1, 0, 0
57950, 57600, 1, 0, 0
58050, 58240, 1, 0, 0
58150, 57600, 1, 0, 0
58249, 57535, 1, 0, 0
58349, 56320, 1, 0, 0
58449, 56320, 1, 0, 0
58549, 56960, 1, 0, 0
58649, 56960, 1, 0, 0
58749, 55680, 1, 0, 0
58849, 55040, 1, 0, 0
58949, 55680, 1, 0, 0
59050, 55680, 1, 0, 0
59150, 53760, 1, 0, 0
59249, 57535, 1, 0, 0
59349, 57600, 1, 0, 0
59449, 56320, 1, 0, 0
59549, 57600, 1, 0, 0
59649, 55040, 1, 0, 0
59749, 58880, 1, 0, 0
59849, 56960, 1, 0, 0
59949, 59520, 1, 0, 0
60049, 62080, 1, 0, 0
60149, 56960, 1, 0, 0
60249, 55680, 1, 0, 0
60350, 57600, 1, 0, 0
60450, 58240, 1, 0, 0
60550, 55680, 1, 0, 0
60650, 55680, 1, 0, 0
60749, 56888, 1, 0, 0
60849, 60800, 1, 0, 0
60949, 55040, 1, 0, 0
61049, 56320, 1, 0, 0
61149, 56320, 1, 0, 0
61249, 56320, 1, 0, 0
61349, 58240, 1, 0, 0
61449, 56960, 1, 0, 0
61549, 59520, 1, 0, 0
61649, 57600, 1, 0, 0
61749, 60160, 1, 0, 0
61849, 53120, 1, 0, 0
61950, 55680, 1, 0, 0
62050, 57600, 1, 0, 0
62150, 54400, 1, 0, 0
62249, 54303, 1, 0, 0
62349, 59520, 1, 0, 0
62449, 58880, 1, 0, 0
62549, 59520, 1, 0, 0
62649, 56320, 1, 0, 0
62749, 56320, 1, 0, 0
62849, 57600, 1, 0, 0
62949, 57600, 1, 0, 0
63049, 58880, 1, 0, 0
63149, 57600, 1, 0, 0
63249, 56960, 1, 0, 0
63349, 60800, 1, 0, 0
63449, 58240, 1, 0, 0
63550, 57600, 1, 0, 0
63650, 59520, 1, 0, 0
63749, 56888, 1, 0, 0
63849, 56320, 1, 0, 0
63949, 60160, 1, 0, 0
64049, 58880, 1, 0, 0
64149, 57600, 1, 0, 0
64249, 59520, 1, 0, 0
64349, 60160, 1, 0, 0
64449, 56320, 1, 0, 0
64549, 59520, 1, 0, 0
64649, 57600, 1, 0, 0
64749, 55680, 1, 0, 0
64849, 56320, 1, 0, 0
64949, 57600, 1, 0, 0
65050, 56960, 1, 0, 0
65150, 56960, 1, 0, 0
65249, 56242, 1, 0, 0
65349, 56320, 1, 0, 0
65449, 57600, 1, 0, 0
65549, 56960, 1, 0, 0
65649, 55040, 1, 0, 0
65749, 58240, 1, 0, 0
65849, 56320, 1, 0, 0
65949, 55040, 1, 0, 0
66049, 58240, 1, 0, 0
66149, 56960, 1, 0, 0
66249, 58880, 1, 0, 0
66350, 55040, 1, 0, 0
66450, 57600, 1, 0, 0
66550, 61440, 1, 0, 0
66650, 56960, 1, 0, 0
66749, 59474, 1, 0, 0
66849, 58240, 1, 0, 0
66949, 55680, 1, 0, 0
67049, 55680, 1, 0, 0
67149, 58880, 1, 0, 0
67249, 56960, 1, 0, 0
67349, 56960, 1, 0, 0
67449, 54400, 1, 0, 0
67549, 57600, 1, 0, 0
67649, 56320, 1, 0, 0
67750, 56960, 1, 0, 0
67850, 57600, 1, 0, 0
67950, 59520, 1, 0, 0
68050, 60160, 1, 0, 0
68150, 60800, 1, 0, 0
68249, 55595, 1, 0, 0
68349, 60160, 1, 0, 0
68449, 58880, 1, 0, 0
68549, 58880, 1, 0, 0
68649, 56320, 1, 0, 0
68749, 59520, 1, 0, 0
68849, 58880, 1, 0, 0
68949, 60160, 1, 0, 0
69050, 62080, 1, 0, 0
69150, 58240, 1, 0, 0
69249, 59474, 1, 0, 0
69349, 61440, 1, 0, 0
69449, 56320, 1, 0, 0
69549, 56960, 1, 0, 0
69649, 60800, 1, 0, 0
69749, 55680, 1, 0, 0
69849, 62080, 1, 0, 0
69949, 61440, 1, 0, 0
70049, 58240, 1, 0, 0
70149, 56320, 1, 0, 0
70249, 62080, 1, 0, 0
70349, 61440, 1, 0, 0
70450, 56960, 1, 0, 0
70550, 59520, 1, 0, 0
70650, 61440, 1, 0, 0
70749, 58828, 1, 0, 0
70849, 58880, 1, 0, 0
70949, 60160, 1, 0, 0
71049, 60160, 1, 0, 0
71149, 56960, 1, 0, 0
71249, 62080, 1, 0, 0
71349, 60160, 1, 0, 0
71449, 60160, 1, 0, 0
71549, 58880, 1, 0, 0
71649, 60160, 1, 0, 0
71749, 56320, 1, 0, 0
71849, 59520, 1, 0, 0
71950, 56960, 1, 0, 0
72050, 56960, 1, 0, 0
72150, 56960, 1, 0, 0
72249, 58828, 1, 0, 0
72349, 60800, 1, 0, 0
72449, 61440, 1, 0, 0
72549, 56320, 1, 0, 0
72649, 59520, 1, 0, 0
72749, 60800, 1, 0, 0
72849, 58240, 1, 0, 0
72949, 58240, 1, 0, 0
73049, 60160, 1, 0, 0
73149, 57600, 1, 0, 0
73250, 58240, 1, 0, 0
73350, 60160, 1, 0, 0
73450, 57600, 1, 0, 0
73550, 60160, 1, 0, 0
73650, 59520, 1, 0, 0
73749, 57535, 1, 0, 0
73849, 62080, 1, 0, 0
73949, 59520, 1, 0, 0
74049, 59520, 1, 0, 0
74149, 63360, 1, 0, 0
74249, 61440, 1, 0, 0
74349, 60160, 1, 0, 0
74449, 60160, 1, 0, 0
74549, 57600, 1, 0, 0
74649, 64000, 1, 0, 0
74750, 59520, 1, 0, 0
74850, 60800, 1, 0, 0
74950, 60160, 1, 0, 0
75050, 58240, 1, 0, 0
75150, 60160, 1, 0, 0
75249, 62060, 1, 0, 0
75349, 62720, 1, 0, 0
75449, 60800, 1, 0, 0
75549, 60800, 1, 0, 0
75649, 58240, 1, 0, 0
75749, 59520, 1, 0, 0
75849, 60800, 1, 0, 0
75949, 58880, 1, 0, 0
76049, 60800, 1, 0, 0
76149, 62720, 1, 0, 0
76250, 58240, 1, 0, 0
76350, 62720, 1, 0, 0
76450, 62720, 1, 0, 0
76550, 55680, 1, 0, 0
76650, 60160, 1, 0, 0
76749, 57535, 1, 0, 0
76849, 58880, 1, 0, 0
76949, 58880, 1, 0, 0
77049, 60160, 1, 0, 0
77149, 60160, 1, 0, 0
77249, 57600, 1, 0, 0
77349, 59520, 1, 0, 0
77449, 60160, 1, 0, 0
77549, 60160, 1, 0, 0
77649, 61440, 1, 0, 0
77749, 60800, 1, 0, 0
77849, 62080, 1, 0, 0
77950, 55680, 1, 0, 0
78050, 58880, 1, 0, 0
78150, 56960, 1, 0, 0
78249, 57535, 1, 0, 0
78349, 58880, 1, 0, 0
78449, 62720, 1, 0, 0
78549, 57600, 1, 0, 0
78649, 59520, 1, 0, 0
78749, 60800, 1, 0, 0
78849, 60160, 1, 0, 0
78949, 61440, 1, 0, 0
79049, 60800, 1, 0, 0
79149, 60800, 1, 0, 0
79249, 57600, 1, 0, 0
79349, 58880, 1, 0, 0
79449, 58880, 1, 0, 0
79550, 59520, 1, 0, 0
79650, 60160, 1, 0, 0
79749, 60121, 1, 0, 0
79849, 62080, 1, 0, 0
79949, 58240, 1, 0, 0
80049, 56960, 1, 0, 0
80149, 59520, 1, 0, 0
80249, 58880, 1, 0, 0
80349, 55680, 1, 0, 0
80449, 59520, 1, 0, 0
80549, 56960, 1, 0, 0
80649, 59520, 1, 0, 0
80749, 56320, 1, 0, 0
80850, 60160, 1, 0, 0
80950, 60800, 1, 0, 0
81050, 56960, 1, 0, 0
81150, 57600, 1, 0, 0
81249, 56242, 1, 0, 0
81349, 58880, 1, 0, 0
81449, 60800, 1, 0, 0
81549, 58240, 1, 0, 0
81649, 56320, 1, 0, 0
81749, 61440, 1, 0, 0
81849, 60160, 1, 0, 0
81949, 60800, 1, 0, 0
82049, 58240, 1, 0, 0
82149, 56320, 1, 0, 0
82250, 60800, 1, 0, 0
82350, 62720, 1, 0, 0
82450, 59520, 1, 0, 0
82550, 56960, 1, 0, 0
82650, 60160, 1, 0, 0
82749, 62060, 1, 0, 0
82849, 60160, 1, 0, 0
82949, 56960, 1, 0, 0
83049, 58880, 1, 0, 0
83149, 59520, 1, 0, 0
83249, 56960, 1, 0, 0
83349, 59520, 1, 0, 0
83449, 62080, 1, 0, 0
83549, 58240, 1, 0, 0
83649, 57600, 1, 0, 0
83749, 60160, 1, 0, 0
83850, 58240, 1, 0, 0
83950, 60160, 1, 0, 0
84050, 61440, 1, 0, 0
84150, 57600, 1, 0, 0
84249, 55595, 1, 0, 0
84349, 57600, 1, 0, 0
84449, 60800, 1, 0, 0
84549, 58240, 1, 0, 0
84649, 58240, 1, 0, 0
84749, 56320, 1, 0, 0
84849, 56320, 1, 0, 0
84949, 58880, 1, 0, 0
85049, 53760, 1, 0, 0
85149, 57600, 1, 0, 0
85250, 60160, 1, 0, 0
85350, 62080, 1, 0, 0
85450, 58880, 1, 0, 0
85550, 60800, 1, 0, 0
85650, 60800, 1, 0, 0
85749, 60767, 1, 0, 0
85849, 59520, 1, 0, 0
85949, 59520, 1, 0, 0
86049, 60160, 1, 0, 0
86149, 58240, 1, 0, 0
86249, 59520, 1, 0, 0
86349, 62720, 1, 0, 0
86449, 59520, 1, 0, 0
86549, 63360, 1, 0, 0
86650, 60160, 1, 0, 0
86750, 60160, 1, 0, 0
86850, 60160, 1, 0, 0
86950, 60160, 1, 0, 0
87050, 58880, 1, 0, 0
87150, 57600, 1, 0, 0
87249, 57535, 1, 0, 0
87349, 59520, 1, 0, 0
87449, 57600, 1, 0, 0
87549, 60800, 1, 0, 0
87649, 56320, 1, 0, 0
87749, 57600, 1, 0, 0
87849, 53760, 1, 0, 0
87949, 58240, 1, 0, 0
88050, 55680, 1, 0, 0
88150, 60160, 1, 0, 0
88249, 56888, 1, 0, 0
88349, 58880, 1, 0, 0
88449, 57600, 1, 0, 0
88549, 58880, 1, 0, 0
88649, 58880, 1, 0, 0
88749, 58240, 1, 0, 0
88849, 59520, 1, 0, 0
88949, 57600, 1, 0, 0
89049, 59520, 1, 0, 0
89149, 62080, 1, 0, 0
89249, 63360, 1, 0, 0
89350, 62720, 1, 0, 0
89450, 62080, 1, 0, 0
89550, 60800, 1, 0, 0
89650, 62080, 1, 0, 0
89749, 58828, 1, 0, 0
89849, 58880, 1, 0, 0
89949, 59520, 1, 0, 0
90049, 60800, 1, 0, 0
90149, 60160, 1, 0, 0
90249, 58880, 1, 0, 0
90349, 56960, 1, 0, 0
90449, 58880, 1, 0, 0
90549, 58880, 1, 0, 0
90649, 56960, 1, 0, 0
90750, 60160, 1, 0, 0
90850, 62080, 1, 0, 0
90950, 62720, 1, 0, 0
91050, 60160, 1, 0, 0
91150, 59520, 1, 0, 0
91249, 56888, 1, 0, 0
91349, 58880, 1, 0, 0
91449, 59520, 1, 0, 0
91549, 59520, 1, 0, 0
91649, 59520, 1, 0, 0
91749, 59520, 1, 0, 0
91849, 60800, 1, 0, 0
91949, 60800, 1, 0, 0
92049, 60160, 1, 0, 0
92149, 62080, 1, 0, 0
92250, 60160, 1, 0, 0
92350, 59520, 1, 0, 0
92450, 58880, 1, 0, 0
92550, 60160, 1, 0, 0
92650, 59520, 1, 0, 0
92749, 58828, 1, 0, 0
92849, 57600, 1, 0, 0
92949, 58880, 1, 0, 0
93049, 57600, 1, 0, 0
93149, 58240, 1, 0, 0
93249, 57600, 1, 0, 0
93349, 59520, 1, 0, 0
93449, 56960, 1, 0, 0
93550, 61440, 1, 0, 0
93650, 62080, 1, 0, 0
93749, 57535, 1, 0, 0
93849, 65280, 1, 0, 0
93949, 60800, 1, 0, 0
94049, 62080, 1, 0, 0
94149, 60800, 1, 0, 0
94249, 60800, 1, 0, 0
94349, 60800, 1, 0, 0
94449, 59520, 1, 0, 0
94549, 61440, 1, 0, 0
94649, 60160, 1, 0, 0
94749, 59520, 1, 0, 0
94849, 58240, 1, 0, 0
94949, 61440, 1, 0, 0
95050, 55680, 1, 0, 0
95150, 61440, 1, 0, 0
95249, 62707, 1, 0, 0
95349, 60160, 1, 0, 0
95449, 56320, 1, 0, 0
95549, 58240, 1, 0, 0
95649, 60160, 1, 0, 0
95749, 58240, 1, 0, 0
95849, 60160, 1, 0, 0
95949, 61440, 1, 0, 0
96049, 63360, 1, 0, 0
96149, 59520, 1, 0, 0
96249, 58880, 1, 0, 0
96349, 63360, 1, 0, 0
96449, 61440, 1, 0, 0
96550, 59520, 1, 0, 0
96650, 60160, 1, 0, 0
96749, 60767, 1, 0, 0
96849, 61440, 1, 0, 0
96949, 57600, 1, 0, 0
97049, 58240, 1, 0, 0
97149, 60800, 1, 0, 0
97249, 64640, 1, 0, 0
97349, 63360, 1, 0, 0
97449, 62080, 1, 0, 0
97549, 56320, 1, 0, 0
97649, 60800, 1, 0, 0
97749, 59520, 1, 0, 0
97850, 58880, 1, 0, 0
97950, 60160, 1, 0, 0
98050, 62080, 1, 0, 0
98150, 57600, 1, 0, 0
98249, 60767, 1, 0, 0
98349, 58240, 1, 0, 0
98449, 58240, 1, 0, 0
98549, 60800, 1, 0, 0
98649, 58880, 1, 0, 0
98749, 59520, 1, 0, 0
98849, 58240, 1, 0, 0
98949, 60800, 1, 0, 0
99049, 61440, 1, 0, 0
99149, 59520, 1, 0, 0
99249, 61440, 1, 0, 0
99350, 62080, 1, 0, 0
99450, 59520, 1, 0, 0
99550, 57600, 1, 0, 0
99650, 62720, 1, 0, 0
99749, 59474, 1, 0, 0
99849, 59520, 1, 0, 0
99949, 60160, 1, 0, 0
100049, 62080, 1, 0, 0
100149, 59520, 1, 0, 0
100249, 58880, 1, 0, 0
100349, 62720, 1, 0, 0
100449, 60800, 1, 0, 0
100549, 60160, 1, 0, 0
100649, 56960, 1, 0, 0
100750, 60800, 1, 0, 0
100850, 59520, 1, 0, 0
100950, 59520, 1, 0, 0
101050, 56960, 1, 0, 0
101150, 60160, 1, 0, 0
101249, 59474, 1, 0, 0
101349, 57600, 1, 0, 0
101449, 59520, 1, 0, 0
101549, 59520, 1, 0, 0
101649, 58880, 1, 0, 0
101749, 62080, 1, 0, 0
101849, 59520, 1, 0, 0
101949, 61440, 1, 0, 0
102049, 58240, 1, 0, 0
102150, 58240, 1, 0, 0
102250, 58880, 1, 0, 0
102350, 57600, 1, 0, 0
102450, 60800, 1, 0, 0
102550, 60800, 1, 0, 0
102650, 61440, 1, 0, 0
102749, 60121, 1, 0, 0
102849, 62080, 1, 0, 0
102949, 60800, 1, 0, 0
103049, 57600, 1, 0, 0
103149, 57600, 1, 0, 0
103249, 56320, 1, 0, 0
103350, 57600, 1, 0, 0
103450, 59520, 1, 0, 0
103550, 55680, 1, 0, 0
103650, 60800, 1, 0, 0
103749, 60767, 1, 0, 0
103849, 56320, 1, 0, 0
103949, 57600, 1, 0, 0
104049, 58880, 1, 0, 0
104149, 58240, 1, 0, 0
104249, 62080, 1, 0, 0
104349, 61440, 1, 0, 0
104449, 61440, 1, 0, 0
104549, 58880, 1, 0, 0
104649, 57600, 1, 0, 0
104750, 60160, 1, 0, 0
104850, 58240, 1, 0, 0
104950, 60800, 1, 0, 0
105050, 58880, 1, 0, 0
105150, 58880, 1, 0, 0
105249, 62707, 1, 0, 0
105349, 60160, 1, 0, 0
105449, 63360, 1, 0, 0
105549, 61440, 1, 0, 0
105649, 61440, 1, 0, 0
105749, 62080, 1, 0, 0
105849, 60160, 1, 0, 0
105949, 61440, 1, 0, 0
106050, 61440, 1, 0, 0
106150, 57600, 1, 0, 0
106249, 62060, 1, 0, 0
106349, 58880, 1, 0, 0
106449, 58880, 1, 0, 0
106549, 58240, 1, 0, 0
106649, 60800, 1, 0, 0
106749, 60800, 1, 0, 0
106849, 60800, 1, 0, 0
106949, 59520, 1, 0, 0
107049, 60160, 1, 0, 0
107149, 58240, 1, 0, 0
107250, 59520, 1, 0, 0
107350, 56960, 1, 0, 0
107450, 57600, 1, 0, 0
107550, 62080, 1, 0, 0
107650, 60800, 1, 0, 0
107749, 61414, 1, 0, 0
107849, 62080, 1, 0, 0
107949, 61440, 1, 0, 0
108049, 60160, 1, 0, 0
108149, 59520, 1, 0, 0
108249, 62720, 1, 0, 0
108349, 60160, 1, 0, 0
108449, 60160, 1, 0, 0
108550, 59520, 1, 0, 0
108650, 61440, 1, 0, 0
108749, 58828, 1, 0, 0
108849, 60160, 1, 0, 0
108949, 59520, 1, 0, 0
109049, 60160, 1, 0, 0
109149, 60800, 1, 0, 0
109249, 60160, 1, 0, 0
109349, 60800, 1, 0, 0
109449, 57600, 1, 0, 0
109549, 61440, 1, 0, 0
109649, 60160, 1, 0, 0
109749, 62080, 1, 0, 0
109849, 58240, 1, 0, 0
109950, 58240, 1, 0, 0
110050, 60160, 1, 0, 0
110150, 60160, 1, 0, 0
110249, 59474, 1, 0, 0
110349, 61440, 1, 0, 0
110449, 60160, 1, 0, 0
110549, 57600, 1, 0, 0
110649, 58880, 1, 0, 0
110749, 57600, 1, 0, 0
110849, 58880, 1, 0, 0
110949, 61440, 1, 0, 0
111049, 59520, 1, 0, 0
111149, 60160, 1, 0, 0
111250, 58240, 1, 0, 0
111350, 56320, 1, 0, 0
111450, 61440, 1, 0, 0
111550, 58880, 1, 0, 0
111650, 60800, 1, 0, 0
111749, 64000, 1, 0, 0
111849, 63360, 1, 0, 0
111949, 59520, 1, 0, 0
112049, 62720, 1, 0, 0
112149, 62080, 1, 0, 0
112249, 62080, 1, 0, 0
112349, 62080, 1, 0, 0
112449, 58240, 1, 0, 0
112550, 60160, 1, 0, 0
112650, 63360, 1, 0, 0
112750, 61440, 1, 0, 0
112850, 58880, 1, 0, 0
112950, 60160, 1, 0, 0
113050, 62720, 1, 0, 0
113150, 62080, 1, 0, 0
113249, 58181, 1, 0, 0
113349, 62720, 1, 0, 0
113449, 60800, 1, 0, 0
113549, 58880, 1, 0, 0
113649, 60800, 1, 0, 0
113749, 55040, 1, 0, 0
113849, 62080, 1, 0, 0
113949, 58880, 1, 0, 0
114050, 60800, 1, 0, 0
114150, 60800, 1, 0, 0
114249, 60767, 1, 0, 0
114349, 58880, 1, 0, 0
114449, 60800, 1, 0, 0
114549, 60800, 1, 0, 0
114649, 59520, 1, 0, 0
114749, 64000, 1, 0, 0
114849, 62080, 1, 0, 0
114949, 58880, 1, 0, 0
115049, 61440, 1, 0, 0
115149, 56960, 1, 0, 0
115249, 60800, 1, 0, 0
115349, 61440, 1, 0, 0
115449, 59520, 1, 0, 0
115550, 57600, 1, 0, 0
115650, 59520, 1, 0, 0
115749, 60121, 1, 0, 0
115849, 60160, 1, 0, 0
115949, 60800, 1, 0, 0
116049, 60800, 1, 0, 0
116149, 60800, 1, 0, 0
116249, 62080, 1, 0, 0
116349, 63360, 1, 0, 0
116449, 62080, 1, 0, 0
116549, 60800, 1, 0, 0
116649, 58240, 1, 0, 0
116749, 58880, 1, 0, 0
116849, 63360, 1, 0, 0
116949, 62080, 1, 0, 0
117050, 63360, 1, 0, 0
117150, 61440, 1, 0, 0
117249, 63353, 1, 0, 0
117349, 60800, 1, 0, 0
117449, 56320, 1, 0, 0
117549, 58880, 1, 0, 0
117649, 60800, 1, 0, 0
117749, 63360, 1, 0, 0
117849, 62720, 1, 0, 0
117949, 59520, 1, 0, 0
118049, 60800, 1, 0, 0
118149, 60160, 1, 0, 0
118249, 63360, 1, 0, 0
118349, 61440, 1, 0, 0
118449, 60800, 1, 0, 0
118550, 64000, 1, 0, 0
118650, 60160, 1, 0, 0
118749, 60121, 1, 0, 0
118849, 61440, 1, 0, 0
118949, 59520, 1, 0, 0
119049, 60800, 1, 0, 0
119149, 60800, 1, 0, 0
119249, 58880, 1, 0, 0
119349, 61440, 1, 0, 0
119449, 58880, 1, 0, 0
119549, 60160, 1, 0, 0
119649, 60160, 1, 0, 0
119749, 60800, 1, 0, 0
119849, 63360, 1, 0, 0
119950, 61440, 1, 0, 0
120050, 62080, 1, 0, 0
120150, 61440, 1, 0, 0
120249, 61414, 1, 0, 0
120349, 59520, 1, 0, 0
120449, 61440, 1, 0, 0
120549, 60800, 1, 0, 0
120649, 63360, 1, 0, 0
120749, 61440, 1, 0, 0
120849, 62080, 1, 0, 0
120949, 62720, 1, 0, 0
121049, 63360, 1, 0, 0
121149, 62720, 1, 0, 0
121250, 62080, 1, 0, 0
121350, 63360, 1, 0, 0
121450, 62080, 1, 0, 0
121550, 63360, 1, 0, 0
121650, 60160, 1, 0, 0
121749, 60121, 1, 0, 0
121849, 62720, 1, 0, 0
121949, 57600, 1, 0, 0
122049, 59520, 1, 0, 0
122149, 60160, 1, 0, 0
122249, 60160, 1, 0, 0
122349, 62080, 1, 0, 0
122449, 58240, 1, 0, 0
122549, 62720, 1, 0, 0
122649, 62720, 1, 0, 0
122750, 64640, 1, 0, 0
122850, 62720, 1, 0, 0
122950, 58880, 1, 0, 0
123050, 55680, 1, 0, 0
123150, 57600, 1, 0, 0
123249, 56242, 1, 0, 0
123349, 55040, 1, 0, 0
123449, 58880, 1, 0, 0
123549, 62720, 1, 0, 0
123649, 59520, 1, 0, 0
123749, 58240, 1, 0, 0
123849, 59520, 1, 0, 0
123949, 62080, 1, 0, 0
124049, 61440, 1, 0, 0
124149, 61440, 1, 0, 0
124250, 59520, 1, 0, 0
124350, 61440, 1, 0, 0
124450, 62720, 1, 0, 0
124550, 63360, 1, 0, 0
124650, 60800, 1, 0, 0
124749, 61414, 1, 0, 0
124849, 58240, 1, 0, 0
124949, 60800, 1, 0, 0
125049, 61440, 1, 0, 0
125149, 65280, 1, 0, 0
125249, 61440, 1, 0, 0
125349, 60800, 1, 0, 0
125449, 60160, 1, 0, 0
125549, 61440, 1, 0, 0
125649, 63360, 1, 0, 0
125750, 59520, 1, 0, 0
125850, 62080, 1, 0, 0
125950, 57600, 1, 0, 0
126050, 62080, 1, 0, 0
126150, 62080, 1, 0, 0
126249, 61414, 1, 0, 0
126349, 62080, 1, 0, 0
126449, 63360, 1, 0, 0
126549, 61440, 1, 0, 0
126649, 63360, 1, 0, 0
126749, 61440, 1, 0, 0
126849, 62080, 1, 0, 0
126949, 60800, 1, 0, 0
127049, 59520, 1, 0, 0
127150, 61440, 1, 0, 0
127250, 62080, 1, 0, 0
127350, 62080, 1, 0, 0
127450, 58240, 1, 0, 0
127550, 59520, 1, 0, 0
127650, 62080, 1, 0, 0
127749, 60767, 1, 0, 0
127849, 60800, 1, 0, 0
127949, 62080, 1, 0, 0
128049, 60800, 1, 0, 0
128149, 64640, 1, 0, 0
128249, 60800, 1, 0, 0
128349, 62720, 1, 0, 0
128449, 62720, 1, 0, 0
128550, 60160, 1, 0, 0
128650, 59520, 1, 0, 0
128749, 58181, 1, 0, 0
128849, 61440, 1, 0, 0
128949, 59520, 1, 0, 0
129049, 60160, 1, 0, 0
129149, 60160, 1, 0, 0
129249, 57600, 1, 0, 0
129349, 60800, 1, 0, 0
129449, 60160, 1, 0, 0
129549, 62720, 1, 0, 0
129649, 58240, 1, 0, 0
129749, 62080, 1, 0, 0
129850, 60800, 1, 0, 0
129950, 60800, 1, 0, 0
130050, 60800, 1, 0, 0
130150, 60800, 1, 0, 0
130249, 60121, 1, 0, 0
130349, 61440, 1, 0, 0
130449, 58880, 1, 0, 0
130549, 60160, 1, 0, 0
130649, 58240, 1, 0, 0
130749, 63360, 1, 0, 0
130849, 62720, 1, 0, 0
130949, 63360, 1, 0, 0
131049, 60800, 1, 0, 0
131149, 62080, 1, 0, 0
131250, 62080, 1, 0, 0
131350, 62080, 1, 0, 0
131450, 61440, 1, 0, 0
131550, 60160, 1, 0, 0
131650, 63360, 1, 0, 0
131749, 61414, 1, 0, 0
131849, 56960, 1, 0, 0
131949, 60800, 1, 0, 0
132049, 62080, 1, 0, 0
132149, 62080, 1, 0, 0
132249, 62080, 1, 0, 0
132349, 63360, 1, 0, 0
132449, 60160, 1, 0, 0
132549, 60800, 1, 0, 0
132650, 61440, 1, 0, 0
132750, 60160, 1, 0, 0
132850, 62720, 1, 0, 0
132950, 62720, 1, 0, 0
133050, 59520, 1, 0, 0
133150, 59520, 1, 0, 0
133249, 60767, 1, 0, 0
133349, 62720, 1, 0, 0
133449, 60800, 1, 0, 0
133549, 57600, 1, 0, 0
133649, 64000, 1, 0, 0
133749, 58240, 1, 0, 0
133849, 62080, 1, 0, 0
133949, 60160, 1, 0, 0
134050, 60800, 1, 0, 0
134150, 60160, 1, 0, 0
134249, 61414, 1, 0, 0
134349, 61440, 1, 0, 0
134449, 62080, 1, 0, 0
134549, 55680, 1, 0, 0
134649, 61440, 1, 0, 0
134749, 60800, 1, 0, 0
134849, 63360, 1, 0, 0
134949, 60160, 1, 0, 0
135049, 59520, 1, 0, 0
135149, 60160, 1, 0, 0
135249, 61440, 1, 0, 0
135349, 60160, 1, 0, 0
135449, 59520, 1, 0, 0
135550, 57600, 1, 0, 0
135650, 57600, 1, 0, 0
135749, 61414, 1, 0, 0
135849, 60160, 1, 0, 0
135949, 60800, 1, 0, 0
136049, 60800, 1, 0, 0
136149, 59520, 1, 0, 0
136249, 62080, 1, 0, 0
136349, 60800, 1, 0, 0
136449, 58880, 1, 0, 0
136549, 62080, 1, 0, 0
136649, 62080, 1, 0, 0
136749, 60160, 1, 0, 0
136849, 58880, 1, 0, 0
136949, 60160, 1, 0, 0
137050, 58880, 1, 0, 0
137150, 56320, 1, 0, 0
137249, 58828, 1, 0, 0
137349, 58880, 1, 0, 0
137449, 62720, 1, 0, 0
137549, 61440, 1, 0, 0
137649, 60800, 1, 0, 0
137749, 60160, 1, 0, 0
137849, 58880, 1, 0, 0
137949, 58240, 1, 0, 0
138049, 60160, 1, 0, 0
138149, 61440, 1, 0, 0
138249, 60800, 1, 0, 0
138349, 60800, 1, 0, 0
138449, 58240, 1, 0, 0
138550, 61440, 1, 0, 0
138650, 60800, 1, 0, 0
138749, 62060, 1, 0, 0
138849, 60800, 1, 0, 0
138949, 61440, 1, 0, 0
139049, 62720, 1, 0, 0
139149, 60800, 1, 0, 0
139249, 58880, 1, 0, 0
139349, 62080, 1, 0, 0
139449, 61440, 1, 0, 0
139549, 64640, 1, 0, 0
139649, 60800, 1, 0, 0
139749, 61440, 1, 0, 0
139849, 57600, 1, 0, 0
139949, 62720, 1, 0, 0
140050, 58880, 1, 0, 0
140150, 61440, 1, 0, 0
140249, 60767, 1, 0, 0
140349, 59520, 1, 0, 0
140449, 62720, 1, 0, 0
140549, 62080, 1, 0, 0
140649, 58240, 1, 0, 0
140749, 61440, 1, 0, 0
140849, 62720, 1, 0, 0
140949, 61440, 1, 0, 0
141049, 60160, 1, 0, 0
141149, 62080, 1, 0, 0
141250, 62080, 1, 0, 0
141350, 60160, 1, 0, 0
141450, 58880, 1, 0, 0
141550, 62080, 1, 0, 0
141650, 57600, 1, 0, 0
141749, 59474, 1, 0, 0
141849, 57600, 1, 0, 0
141949, 60160, 1, 0, 0
142049, 59520, 1, 0, 0
142149, 60800, 1, 0, 0
142249, 60160, 1, 0, 0
142349, 60160, 1, 0, 0
142449, 62080, 1, 0, 0
142550, 59520, 1, 0, 0
142650, 59520, 1, 0, 0
142749, 59474, 1, 0, 0
142849, 56320, 1, 0, 0
142949, 58880, 1, 0, 0
143049, 59520, 1, 0, 0
143149, 60160, 1, 0, 0
143249, 57600, 1, 0, 0
143349, 62720, 1, 0, 0
143449, 62720, 1, 0, 0
143549, 61440, 1, 0, 0
143649, 57600, 1, 0, 0
143750, 57600, 1, 0, 0
143850, 58880, 1, 0, 0
143950, 59520, 1, 0, 0
144050, 57600, 1, 0, 0
144150, 58880, 1, 0, 0
144249, 61414, 1, 0, 0
144349, 62080, 1, 0, 0
144449, 60160, 1, 0, 0
144549, 58880, 1, 0, 0
144649, 62720, 1, 0, 0
144749, 59520, 1, 0, 0
144849, 62080, 1, 0, 0
144949, 62720, 1, 0, 0
145050, 59520, 1, 0, 0
145150, 63360, 1, 0, 0
145249, 63353, 1, 0, 0
145349, 58880, 1, 0, 0
145449, 62080, 1, 0, 0
145549, 60160, 1, 0, 0
145649, 60800, 1, 0, 0
145749, 59520, 1, 0, 0
145849, 61440, 1, 0, 0
145949, 60160, 1, 0, 0
146049, 62080, 1, 0, 0
146149, 60800, 1, 0, 0
146249, 58880, 1, 0, 0
146350, 60800, 1, 0, 0
146450, 56960, 1, 0, 0
146550, 58880, 1, 0, 0
146650, 60800, 1, 0, 0
146749, 61414, 1, 0, 0
146849, 62080, 1, 0, 0
146949, 58240, 1, 0, 0
147049, 59520, 1, 0, 0
147149, 64000, 1, 0, 0
147249, 60800, 1, 0, 0
147349, 62720, 1, 0, 0
147449, 62720, 1, 0, 0
147549, 62720, 1, 0, 0
147650, 60800, 1, 0, 0
147750, 58880, 1, 0, 0
147850, 62720, 1, 0, 0
147950, 56960, 1, 0, 0
148050, 58240, 1, 0, 0
148150, 58240, 1, 0, 0
148249, 59474, 1, 0, 0
148349, 58240, 1, 0, 0
148449, 58880, 1, 0, 0
148549, 60800, 1, 0, 0
148649, 61440, 1, 0, 0
148749, 60160, 1, 0, 0
148849, 60160, 1, 0, 0
148949, 60160, 1, 0, 0
149049, 60800, 1, 0, 0
149150, 61440, 1, 0, 0
149250, 62720, 1, 0, 0
149350, 59520, 1, 0, 0
149450, 64000, 1, 0, 0
149550, 62080, 1, 0, 0
149650, 62080, 1, 0, 0
149749, 58828, 1, 0, 0
149849, 58240, 1, 0, 0
149949, 61440, 1, 0, 0
150049, 61440, 1, 0, 0
150149, 64000, 1, 0, 0
150249, 59520, 1, 0, 0
150349, 63360, 1, 0, 0
150449, 62080, 1, 0, 0
150549, 59520, 1, 0, 0
150649, 62080, 1, 0, 0
150750, 63360, 1, 0, 0
150850, 64000, 1, 0, 0
150950, 59520, 1, 0, 0
151050, 62720, 1, 0, 0
151150, 60800, 1, 0, 0
151249, 58828, 1, 0, 0
151349, 62720, 1, 0, 0
151449, 60800, 1, 0, 0
151549, 57600, 1, 0, 0
151649, 61440, 1, 0, 0
151749, 58880, 1, 0, 0
151849, 59520, 1, 0, 0
151949, 62080, 1, 0, 0
152049, 62080, 1, 0, 0
152149, 62720, 1, 0, 0
152250, 60160, 1, 0, 0
152350, 60160, 1, 0, 0
152450, 61440, 1, 0, 0
152550, 62080, 1, 0, 0
152650, 61440, 1, 0, 0
152749, 61414, 1, 0, 0
152849, 60800, 1, 0, 0
152949, 62080, 1, 0, 0
153049, 60800, 1, 0, 0
153149, 64000, 1, 0, 0
153249, 62080, 1, 0, 0
153349, 62080, 1, 0, 0
153449, 60800, 1, 0, 0
153549, 60160, 1, 0, 0
153649, 55680, 1, 0, 0
153750, 62080, 1, 0, 0
153850, 62720, 1, 0, 0
153950, 60160, 1, 0, 0
154050, 62080, 1, 0, 0
154150, 61440, 1, 0, 0
154249, 57535, 1, 0, 0
154349, 56960, 1, 0, 0
154449, 58880, 1, 0, 0
154549, 58880, 1, 0, 0
154649, 59520, 1, 0, 0
154749, 63360, 1, 0, 0
154849, 62080, 1, 0, 0
154949, 60800, 1, 0, 0
155050, 62720, 1, 0, 0
155150, 60160, 1, 0, 0
155249, 58181, 1, 0, 0
155349, 56960, 1, 0, 0
155449, 56320, 1, 0, 0
155549, 58240, 1, 0, 0
155649, 57600, 1, 0, 0
155749, 62720, 1, 0, 0
155849, 63360, 1, 0, 0
155949, 64000, 1, 0, 0
156049, 62720, 1, 0, 0
156149, 59520, 1, 0, 0
156250, 61440, 1, 0, 0
156350, 62080, 1, 0, 0
156450, 60160, 1, 0, 0
156550, 58880, 1, 0, 0
156650, 61440, 1, 0, 0
156749, 62060, 1, 0, 0
156849, 60800, 1, 0, 0
156949, 59520, 1, 0, 0
157049, 60800, 1, 0, 0
157149, 61440, 1, 0, 0
157249, 62080, 1, 0, 0
157349, 63360, 1, 0, 0
157449, 62080, 1, 0, 0
157550, 62720, 1, 0, 0
157650, 62080, 1, 0, 0
157749, 60767, 1, 0, 0
157849, 60160, 1, 0, 0
157949, 58880, 1, 0, 0
158049, 60800, 1, 0, 0
158149, 60160, 1, 0, 0
158249, 63360, 1, 0, 0
158349, 60160, 1, 0, 0
158449, 58880, 1, 0, 0
158549, 62080, 1, 0, 0
158649, 62080, 1, 0, 0
158749, 60800, 1, 0, 0
158850, 58880, 1, 0, 0
158950, 60800, 1, 0, 0
159050, 62080, 1, 0, 0
159150, 60160, 1, 0, 0
159249, 60767, 1, 0, 0
159349, 58240, 1, 0, 0
159449, 60160, 1, 0, 0
159549, 58880, 1, 0, 0
159649, 58880, 1, 0, 0
159749, 60160, 1, 0, 0
159849, 60160, 1, 0, 0
159949, 60800, 1, 0, 0
160049, 58880, 1, 0, 0
160149, 58880, 1, 0, 0
160250, 56960, 1, 0, 0
160350, 61440, 1, 0, 0
160450, 60160, 1, 0, 0
160550, 60800, 1, 0, 0
160650, 58240, 1, 0, 0
160749, 60121, 1, 0, 0
160849, 60160, 1, 0, 0
160949, 56960, 1, 0, 0
161049, 57600, 1, 0, 0
161149, 59520, 1, 0, 0
161249, 61440, 1, 0, 0
161349, 62720, 1, 0, 0
161449, 60800, 1, 0, 0
161549, 58880, 1, 0, 0
161650, 59520, 1, 0, 0
161750, 58240, 1, 0, 0
161850, 60160, 1, 0, 0
161950, 56960, 1, 0, 0
162050, 60160, 1, 0, 0
162150, 59520, 1, 0, 0
162249, 60767, 1, 0, 0
162349, 59520, 1, 0, 0
162449, 59520, 1, 0, 0
162549, 62720, 1, 0, 0
162649, 58240, 1, 0, 0
162749, 59520, 1, 0, 0
162849, 62080, 1, 0, 0
162949, 61440, 1, 0, 0
163050, 60160, 1, 0, 0
163150, 64000, 1, 0, 0
163250, 61440, 1, 0, 0
163350, 60160, 1, 0, 0
163450, 58240, 1, 0, 0
163550, 60160, 1, 0, 0
163650, 60800, 1, 0, 0
163749, 59474, 1, 0, 0
163849, 59520, 1, 0, 0
163949, 62720, 1, 0, 0
164049, 60160, 1, 0, 0
164149, 61440, 1, 0, 0
164249, 59520, 1, 0, 0
164349, 61440, 1, 0, 0
164449, 60160, 1, 0, 0
164550, 58880, 1, 0, 0
164650, 60160, 1, 0, 0
164750, 60800, 1, 0, 0
164850, 60800, 1, 0, 0
164950, 59520, 1, 0, 0
165050, 62720, 1, 0, 0
165150, 63360, 1, 0, 0
165249, 60121, 1, 0, 0
165349, 61440, 1, 0, 0
165449, 60160, 1, 0, 0
165549, 59520, 1, 0, 0
165649, 60160, 1, 0, 0
165749, 57600, 1, 0, 0
165849, 62080, 1, 0, 0
165949, 61440, 1, 0, 0
166049, 61440, 1, 0, 0
166150, 56960, 1, 0, 0
166250, 59520, 1, 0, 0
166350, 58240, 1, 0, 0
166450, 57600, 1, 0, 0
166550, 58880, 1, 0, 0
166650, 60800, 1, 0, 0
166749, 61414, 1, 0, 0
166849, 60800, 1, 0, 0
166949, 62080, 1, 0, 0
167049, 61440, 1, 0, 0
167149, 62080, 1, 0, 0
167249, 64000, 1, 0, 0
167349, 62080, 1, 0, 0
167449, 60160, 1, 0, 0
167550, 61440, 1, 0, 0
167650, 62720, 1, 0, 0
167749, 61414, 1, 0, 0
167849, 62080, 1, 0, 0
167949, 60800, 1, 0, 0
168049, 58240, 1, 0, 0
168149, 60160, 1, 0, 0
168249, 62080, 1, 0, 0
168349, 62080, 1, 0, 0
168449, 62080, 1, 0, 0
168549, 60160, 1, 0, 0
168649, 61440, 1, 0, 0
168750, 59520, 1, 0, 0
168850, 59520, 1, 0, 0
168950, 64000, 1, 0, 0
169050, 60160, 1, 0, 0
169150, 62080, 1, 0, 0
169249, 60767, 1, 0, 0
169349, 62720, 1, 0, 0
169449, 63360, 1, 0, 0
169549, 65280, 1, 0, 0
169649, 59520, 1, 0, 0
169749, 59520, 1, 0, 0
169849, 63360, 1, 0, 0
169949, 62720, 1, 0, 0
170049, 60160, 1, 0, 0
170149, 61440, 1, 0, 0
170250, 59520, 1, 0, 0
170350, 60800, 1, 0, 0
170450, 64000, 1, 0, 0
170550, 62720, 1, 0, 0
170650, 60800, 1, 0, 0
170749, 63353, 1, 0, 0
170849, 60800, 1, 0, 0
170949, 63360, 1, 0, 0
171049, 60160, 1, 0, 0
171149, 62080, 1, 0, 0
171249, 63360, 1, 0, 0
171349, 62080, 1, 0, 0
171449, 62080, 1, 0, 0
171550, 59520, 1, 0, 0
171650, 60160, 1, 0, 0
171749, 58828, 1, 0, 0
171849, 62720, 1, 0, 0
171949, 56320, 1, 0, 0
172049, 59520, 1, 0, 0
172149, 62720, 1, 0, 0
172249, 58880, 1, 0, 0
172349, 60800, 1, 0, 0
172449, 58880, 1, 0, 0
172549, 62080, 1, 0, 0
172649, 63360, 1, 0, 0
172749, 62080, 1, 0, 0
172849, 58880, 1, 0, 0
172950, 58240, 1, 0, 0
173050, 62720, 1, 0, 0
173150, 62720, 1, 0, 0
173249, 60767, 1, 0, 0
173349, 58240, 1, 0, 0
173449, 63360, 1, 0, 0
173549, 64000, 1, 0, 0
173649, 60800, 1, 0, 0
173749, 62080, 1, 0, 0
173849, 62720, 1, 0, 0
173949, 60160, 1, 0, 0
174049, 60800, 1, 0, 0
174149, 61440, 1, 0, 0
174249, 61440, 1, 0, 0
174350, 61440, 1, 0, 0
174450, 62080, 1, 0, 0
174550, 59520, 1, 0, 0
174650, 60800, 1, 0, 0
174749, 60767, 1, 0, 0
174849, 59520, 1, 0, 0
174949, 60800, 1, 0, 0
175049, 60160, 1, 0, 0
175149, 60160, 1, 0, 0
175249, 58880, 1, 0, 0
175349, 61440, 1, 0, 0
175449, 60800, 1, 0, 0
175549, 63360, 1, 0, 0
175649, 60160, 1, 0, 0
175750, 57600, 1, 0, 0
175850, 57600, 1, 0, 0
175950, 62720, 1, 0, 0
176050, 64000, 1, 0, 0
176150, 61440, 1, 0, 0
176249, 60121, 1, 0, 0
176349, 60160, 1, 0, 0
176449, 60800, 1, 0, 0
176549, 62720, 1, 0, 0
176649, 62080, 1, 0, 0
176749, 62080, 1, 0, 0
176849, 63360, 1, 0, 0
176949, 62080, 1, 0, 0
177049, 61440, 1, 0, 0
177149, 64000, 1, 0, 0
177250, 62080, 1, 0, 0
177350, 60800, 1, 0, 0
177450, 60800, 1, 0, 0
177550, 62080, 1, 0, 0
177650, 61440, 1, 0, 0
177749, 61414, 1, 0, 0
177849, 61440, 1, 0, 0
177949, 62720, 1, 0, 0
178049, 66560, 1, 0, 0
178149, 62080, 1, 0, 0
178249, 61440, 1, 0, 0
178349, 63360, 1, 0, 0
178449, 60800, 1, 0, 0
178549, 62080, 1, 0, 0
178649, 59520, 1, 0, 0
178750, 62720, 1, 0, 0
178850, 60800, 1, 0, 0
178950, 60160, 1, 0, 0
179050, 60800, 1, 0, 0
179150, 64000, 1, 0, 0
179249, 64646, 1, 0, 0
179349, 63360, 1, 0, 0
179449, 59520, 1, 0, 0
179549, 61440, 1, 0, 0
179649, 62080, 1, 0, 0
179749, 62080, 1, 0, 0
179849, 62720, 1, 0, 0
179949, 64640, 1, 0, 0
180049, 62720, 1, 0, 0
180149, 62080, 1, 0, 0
180250, 63360, 1, 0, 0
180350, 62080, 1, 0, 0
180450, 63360, 1, 0, 0
180550, 62080, 1, 0, 0
180650, 64640, 1, 0, 0
180749, 58828, 1, 0, 0
180849, 64640, 1, 0, 0
180949, 60160, 1, 0, 0
181049, 62720, 1, 0, 0
181149, 62720, 1, 0, 0
181249, 61440, 1, 0, 0
181349, 56960, 1, 0, 0
181449, 63360, 1, 0, 0
181549, 64000, 1, 0, 0
181650, 63360, 1, 0, 0
181750, 61440, 1, 0, 0
181850, 62080, 1, 0, 0
181950, 60800, 1, 0, 0
182050, 58880, 1, 0, 0
182150, 62720, 1, 0, 0
182249, 62060, 1, 0, 0
182349, 62720, 1, 0, 0
182449, 60800, 1, 0, 0
182549, 60160, 1, 0, 0
182649, 59520, 1, 0, 0
182749, 62080, 1, 0, 0
182849, 62080, 1, 0, 0
182949, 61440, 1, 0, 0
183050, 59520, 1, 0, 0
183150, 65920, 1, 0, 0
183249, 62707, 1, 0, 0
183349, 64000, 1, 0, 0
183449, 63360, 1, 0, 0
183549, 58880, 1, 0, 0
183649, 65280, 1, 0, 0
183749, 62080, 1, 0, 0
183849, 62080, 1, 0, 0
183949, 62080, 1, 0, 0
184049, 62080, 1, 0, 0
184149, 61440, 1, 0, 0
184249, 61440, 1, 0, 0
184349, 59520, 1, 0, 0
184449, 63360, 1, 0, 0
184550, 56960, 1, 0, 0
184650, 58240, 1, 0, 0
184750, 62720, 1, 0, 0
184850, 60160, 1, 0, 0
184950, 63360, 1, 0, 0
185050, 62080, 1, 0, 0
185150, 60800, 1, 0, 0
185249, 62707, 1, 0, 0
185349, 61440, 1, 0, 0
185449, 60800, 1, 0, 0
185549, 61440, 1, 0, 0
185649, 60160, 1, 0, 0
185749, 62080, 1, 0, 0
185849, 60800, 1, 0, 0
185949, 60800, 1, 0, 0
186049, 62720, 1, 0, 0
186150, 58880, 1, 0, 0
186250, 61440, 1, 0, 0
186350, 65280, 1, 0, 0
186450, 60160, 1, 0, 0
186550, 62720, 1, 0, 0
186650, 60800, 1, 0, 0
186749, 60767, 1, 0, 0
186849, 64640, 1, 0, 0
186949, 62720, 1, 0, 0
187049, 61440, 1, 0, 0
187149, 64000, 1, 0, 0
187249, 63360, 1, 0, 0
187349, 59520, 1, 0, 0
187449, 60800, 1, 0, 0
187550, 60800, 1, 0, 0
187650, 62080, 1, 0, 0
187750, 62080, 1, 0, 0
187850, 62720, 1, 0, 0
187950, 63360, 1, 0, 0
188050, 61440, 1, 0, 0
188150, 61440, 1, 0, 0
188249, 62060, 1, 0, 0
188349, 62080, 1, 0, 0
188449, 62720, 1, 0, 0
188549, 60800, 1, 0, 0
188649, 60800, 1, 0, 0
188749, 62720, 1, 0, 0
188849, 62080, 1, 0, 0
188949, 62720, 1, 0, 0
189050, 63360, 1, 0, 0
189150, 64000, 1, 0, 0
189249, 62060, 1, 0, 0
189349, 63360, 1, 0, 0
189449, 62720, 1, 0, 0
189549, 61440, 1, 0, 0
189649, 61440, 1, 0, 0
189749, 59520, 1, 0, 0
189849, 62720, 1, 0, 0
189949, 63360, 1, 0, 0
190049, 60800, 1, 0, 0
190149, 64640, 1, 0, 0
190250, 62720, 1, 0, 0
190350, 60800, 1, 0, 0
190450, 62080, 1, 0, 0
190550, 64640, 1, 0, 0
190650, 64000, 1, 0, 0
190749, 63353, 1, 0, 0
190849, 62720, 1, 0, 0
190949, 60160, 1, 0, 0
191049, 62080, 1, 0, 0
191149, 58880, 1, 0, 0
191249, 63360, 1, 0, 0
191349, 62720, 1, 0, 0
191449, 58880, 1, 0, 0
191550, 63360, 1, 0, 0
191650, 60800, 1, 0, 0
191750, 63360, 1, 0, 0
191850, 62720, 1, 0, 0
191950, 59520, 1, 0, 0
192050, 60800, 1, 0, 0
192150, 63360, 1, 0, 0
192249, 64000, 1, 0, 0
192349, 63360, 1, 0, 0
192449, 63360, 1, 0, 0
192549, 65920, 1, 0, 0
192649, 61440, 1, 0, 0
192749, 62080, 1, 0, 0
192849, 62080, 1, 0, 0
192950, 61440, 1, 0, 0
193050, 62720, 1, 0, 0
193150, 60800, 1, 0, 0
193249, 63353, 1, 0, 0
193349, 64000, 1, 0, 0
193449, 63360, 1, 0, 0
193549, 60160, 1, 0, 0
193649, 64000, 1, 0, 0
193749, 60160, 1, 0, 0
193849, 60800, 1, 0, 0
193949, 61440, 1, 0, 0
194049, 62720, 1, 0, 0
194150, 61440, 1, 0, 0
194250, 62080, 1, 0, 0
194350, 61440, 1, 0, 0
194450, 63360, 1, 0, 0
194550, 63360, 1, 0, 0
194650, 62080, 1, 0, 0
194749, 61414, 1, 0, 0
194849, 60160, 1, 0, 0
194949, 58880, 1, 0, 0
195049, 62720, 1, 0, 0
195149, 60800, 1, 0, 0
195249, 61440, 1, 0, 0
195349, 62720, 1, 0, 0
195449, 62720, 1, 0, 0
195550, 60160, 1, 0, 0
195650, 61440, 1, 0, 0
195750, 59520, 1, 0, 0
195850, 61440, 1, 0, 0
195950, 60160, 1, 0, 0
196050, 60800, 1, 0, 0
196150, 58240, 1, 0, 0
196249, 56888, 1, 0, 0
196349, 62080, 1, 0, 0
196449, 60160, 1, 0, 0
196549, 62080, 1, 0, 0
196649, 62080, 1, 0, 0
196749, 62720, 1, 0, 0
196849, 63360, 1, 0, 0
196949, 60160, 1, 0, 0
197049, 64000, 1, 0, 0
197150, 61440, 1, 0, 0
197250, 61440, 1, 0, 0
197350, 61440, 1, 0, 0
197450, 60800, 1, 0, 0
197550, 61440, 1, 0, 0
197650, 60160, 1, 0, 0
197749, 60767, 1, 0, 0
197849, 60800, 1, 0, 0
197949, 59520, 1, 0, 0
198049, 60160, 1, 0, 0
198149, 61440, 1, 0, 0
198249, 62080, 1, 0, 0
198349, 61440, 1, 0, 0
198449, 62720, 1, 0, 0
198550, 61440, 1, 0, 0
198650, 62720, 1, 0, 0
198750, 59520, 1, 0, 0
198850, 58880, 1, 0, 0
198950, 61440, 1, 0, 0
199050, 60800, 1, 0, 0
199150, 65280, 1, 0, 0
199249, 64000, 1, 0, 0
199349, 59520, 1, 0, 0
199449, 58240, 1, 0, 0
199549, 58880, 1, 0, 0
199649, 62080, 1, 0, 0
199749, 62080, 1, 0, 0
199849, 65280, 1, 0, 0
199949, 64640, 1, 0, 0
200049, 61440, 1, 0, 0
200150, 62080, 1, 0, 0
200250, 60800, 1, 0, 0
200350, 61440, 1, 0, 0
200450, 62720, 1, 0, 0
200550, 61440, 1, 0, 0
200650, 63360, 1, 0, 0
200749, 62060, 1, 0, 0
200849, 61440, 1, 0, 0
200949, 62080, 1, 0, 0
201049, 60800, 1, 0, 0
201149, 61440, 1, 0, 0
201249, 60800, 1, 0, 0
201349, 61440, 1, 0, 0
201449, 60800, 1, 0, 0
201549, 63360, 1, 0, 0
201650, 62080, 1, 0, 0
201750, 64640, 1, 0, 0
201850, 63360, 1, 0, 0
201950, 59520, 1, 0, 0
202050, 57600, 1, 0, 0
202150, 63360, 1, 0, 0
202249, 60767, 1, 0, 0
202349, 59520, 1, 0, 0
202449, 61440, 1, 0, 0
202549, 60800, 1, 0, 0
202649, 53120, 1, 0, 0
202749, 64000, 1, 0, 0
202849, 62720, 1, 0, 0
202949, 61440, 1, 0, 0
203049, 64640, 1, 0, 0
203150, 67200, 1, 0, 0
203250, 61440, 1, 0, 0
203350, 60800, 1, 0, 0
203450, 64000, 1, 0, 0
203550, 62720, 1, 0, 0
203650, 63360, 1, 0, 0
203749, 62060, 1, 0, 0
203849, 62080, 1, 0, 0
203949, 62720, 1, 0, 0
204049, 62080, 1, 0, 0
204149, 62720, 1, 0, 0
204249, 64000, 1, 0, 0
204349, 61440, 1, 0, 0
204449, 62080, 1, 0, 0
204549, 65280, 1, 0, 0
204649, 64000, 1, 0, 0
204750, 63360, 1, 0, 0
204850, 58880, 1, 0, 0
204950, 61440, 1, 0, 0
205050, 61440, 1, 0, 0
205150, 64000, 1, 0, 0
205249, 61414, 1, 0, 0
205349, 64000, 1, 0, 0
205449, 65920, 1, 0, 0
205549, 64000, 1, 0, 0
205649, 60160, 1, 0, 0
205749, 63360, 1, 0, 0
205849, 64000, 1, 0, 0
205949, 63360, 1, 0, 0
206049, 60800, 1, 0, 0
206149, 61440, 1, 0, 0
206250, 61440, 1, 0, 0
206350, 61440, 1, 0, 0
206450, 60160, 1, 0, 0
206550, 61440, 1, 0, 0
206650, 61440, 1, 0, 0
206749, 60767, 1, 0, 0
206849, 60800, 1, 0, 0
206949, 64000, 1, 0, 0
207049, 58240, 1, 0, 0
207149, 55680, 1, 0, 0
207249, 65280, 1, 0, 0
207349, 57600, 1, 0, 0
207449, 59520, 1, 0, 0
207549, 60800, 1, 0, 0
207650, 62080, 1, 0, 0
207750, 60800, 1, 0, 0
207850, 60160, 1, 0, 0
207950, 62080, 1, 0, 0
208050, 60160, 1, 0, 0
208150, 59520, 1, 0, 0
208249, 62060, 1, 0, 0
208349, 58880, 1, 0, 0
208449, 61440, 1, 0, 0
208549, 64640, 1, 0, 0
208649, 62080, 1, 0, 0
208749, 63360, 1, 0, 0
208849, 60800, 1, 0, 0
208949, 62080, 1, 0, 0
209049, 63360, 1, 0, 0
209149, 58240, 1, 0, 0
209250, 61440, 1, 0, 0
209350, 60800, 1, 0, 0
209450, 61440, 1, 0, 0
209550, 60800, 1, 0, 0
209650, 58240, 1, 0, 0
209749, 58828, 1, 0, 0
209849, 59520, 1, 0, 0
209949, 63360, 1, 0, 0
210049, 58880, 1, 0, 0
210149, 61440, 1, 0, 0
210249, 60160, 1, 0, 0
210349, 63360, 1, 0, 0
210449, 58240, 1, 0, 0
210549, 62080, 1, 0, 0
210649, 59520, 1, 0, 0
210750, 61440, 1, 0, 0
210850, 58880, 1, 0, 0
210950, 60160, 1, 0, 0
211050, 62080, 1, 0, 0
211150, 60160, 1, 0, 0
211249, 61414, 1, 0, 0
211349, 60160, 1, 0, 0
211449, 62080, 1, 0, 0
211549, 62720, 1, 0, 0
211649, 59520, 1, 0, 0
211749, 61440, 1, 0, 0
211849, 61440, 1, 0, 0
211949, 61440, 1, 0, 0
212050, 62080, 1, 0, 0
212150, 60160, 1, 0, 0
212250, 60160, 1, 0, 0
212350, 60160, 1, 0, 0
212450, 58240, 1, 0, 0
212550, 56320, 1, 0, 0
212650, 60160, 1, 0, 0
212749, 59474, 1, 0, 0
212849, 61440, 1, 0, 0
212949, 58880, 1, 0, 0
213049, 61440, 1, 0, 0
213149, 56960, 1, 0, 0
213249, 62720, 1, 0, 0
213349, 61440, 1, 0, 0
213449, 61440, 1, 0, 0
213550, 60160, 1, 0, 0
213650, 60160, 1, 0, 0
213750, 62080, 1, 0, 0
213850, 60800, 1, 0, 0
213950, 59520, 1, 0, 0
214050, 59520, 1, 0, 0
214150, 60160, 1, 0, 0
214249, 62707, 1, 0, 0
214349, 60160, 1, 0, 0
214449, 61440, 1, 0, 0
214549, 60160, 1, 0, 0
214649, 62720, 1, 0, 0
214749, 64000, 1, 0, 0
214849, 60160, 1, 0, 0
214949, 58880, 1, 0, 0
215050, 60800, 1, 0, 0
215150, 61440, 1, 0, 0
215250, 58880, 1, 0, 0
215350, 61440, 1, 0, 0
215450, 62720, 1, 0, 0
215550, 62720, 1, 0, 0
215650, 57600, 1, 0, 0
215749, 60121, 1, 0, 0
215849, 58880, 1, 0, 0
215949, 58880, 1, 0, 0
216049, 60800, 1, 0, 0
216149, 58880, 1, 0, 0
216249, 60800, 1, 0, 0
216349, 60800, 1, 0, 0
216449, 63360, 1, 0, 0
216550, 62720, 1, 0, 0
216650, 59520, 1, 0, 0
216750, 56960, 1, 0, 0
216850, 59520, 1, 0, 0
216950, 64640, 1, 0, 0
217050, 64640, 1, 0, 0
217150, 64000, 1, 0, 0
217249, 60767, 1, 0, 0
217349, 61440, 1, 0, 0
217449, 61440, 1, 0, 0
217549, 62080, 1, 0, 0
217649, 63360, 1, 0, 0
217749, 61440, 1, 0, 0
217849, 58880, 1, 0, 0
217950, 66560, 1, 0, 0
218050, 60160, 1, 0, 0
218150, 57600, 1, 0, 0
218249, 62060, 1, 0, 0
218349, 60160, 1, 0, 0
218449, 62080, 1, 0, 0
218549, 62720, 1, 0, 0
218649, 62720, 1, 0, 0
218749, 63360, 1, 0, 0
218849, 61440, 1, 0, 0
218949, 61440, 1, 0, 0
219049, 61440, 1, 0, 0
219149, 60800, 1, 0, 0
219250, 60160, 1, 0, 0
219350, 60160, 1, 0, 0
219450, 61440, 1, 0, 0
219550, 64000, 1, 0, 0
219650, 64000, 1, 0, 0
219749, 62060, 1, 0, 0
219849, 63360, 1, 0, 0
219949, 60160, 1, 0, 0
220049, 64000, 1, 0, 0
220149, 61440, 1, 0, 0
220249, 60160, 1, 0, 0
220349, 62720, 1, 0, 0
220449, 60800, 1, 0, 0
220549, 65280, 1, 0, 0
220650, 62720, 1, 0, 0
220750, 62080, 1, 0, 0
220850, 66560, 1, 0, 0
220950, 62720, 1, 0, 0
221050, 62080, 1, 0, 0
221150, 62720, 1, 0, 0
221249, 62707, 1, 0, 0
221349, 64000, 1, 0, 0
221449, 62080, 1, 0, 0
221549, 63360, 1, 0, 0
221649, 63360, 1, 0, 0
221749, 62720, 1, 0, 0
221849, 62080, 1, 0, 0
221949, 63360, 1, 0, 0
222050, 60160, 1, 0, 0
222150, 60160, 1, 0, 0
222250, 62080, 1, 0, 0
222350, 62720, 1, 0, 0
222450, 59520, 1, 0, 0
222550, 61440, 1, 0, 0
222650, 62080, 1, 0, 0
222749, 61414, 1, 0, 0
222849, 61440, 1, 0, 0
222949, 64000, 1, 0, 0
223049, 64000, 1, 0, 0
223149, 62080, 1, 0, 0
223249, 60800, 1, 0, 0
223349, 62720, 1, 0, 0
223449, 63360, 1, 0, 0
223550, 63360, 1, 0, 0
223650, 62720, 1, 0, 0
223750, 61440, 1, 0, 0
223850, 61440, 1, 0, 0
223950, 64000, 1, 0, 0
224050, 63360, 1, 0, 0
224150, 60800, 1, 0, 0
224249, 59474, 1, 0, 0
224349, 61440, 1, 0, 0
224449, 58240, 1, 0, 0
224549, 62080, 1, 0, 0
224649, 62080, 1, 0, 0
224749, 62720, 1, 0, 0
224849, 64640, 1, 0, 0
224949, 61440, 1, 0, 0
225050, 64000, 1, 0, 0
225150, 63360, 1, 0, 0
225250, 60800, 1, 0, 0
225350, 58880, 1, 0, 0
225450, 60160, 1, 0, 0
225550, 60160, 1, 0, 0
225650, 59520, 1, 0, 0
225749, 62707, 1, 0, 0
225849, 63360, 1, 0, 0
225949, 60160, 1, 0, 0
226049, 60160, 1, 0, 0
226149, 60160, 1, 0, 0
226249, 60160, 1, 0, 0
226349, 56960, 1, 0, 0
226449, 61440, 1, 0, 0
226550, 56960, 1, 0, 0
226650, 62720, 1, 0, 0
226750, 61440, 1, 0, 0
226850, 59520, 1, 0, 0
226950, 61440, 1, 0, 0
227050, 64000, 1, 0, 0
227150, 61440, 1, 0, 0
227249, 62060, 1, 0, 0
227349, 64000, 1, 0, 0
227449, 62720, 1, 0, 0
227549, 60160, 1, 0, 0
227649, 64000, 1, 0, 0
227749, 62720, 1, 0, 0
227849, 63360, 1, 0, 0
227949, 62720, 1, 0, 0
228050, 62080, 1, 0, 0
228150, 59520, 1, 0, 0
228250, 62720, 1, 0, 0
228350, 60800, 1, 0, 0
228450, 61440, 1, 0, 0
228550, 62080, 1, 0, 0
228650, 62080, 1, 0, 0
228749, 62060, 1, 0, 0
228849, 58880, 1, 0, 0
228949, 63360, 1, 0, 0
229049, 59520, 1, 0, 0
229149, 64640, 1, 0, 0
229249, 63360, 1, 0, 0
229349, 60800, 1, 0, 0
229450, 60800, 1, 0, 0
229550, 62720, 1, 0, 0
229650, 62720, 1, 0, 0
229749, 60767, 1, 0, 0
229849, 63360, 1, 0, 0
229949, 62720, 1, 0, 0
230049, 62080, 1, 0, 0
230149, 59520, 1, 0, 0
230249, 60160, 1, 0, 0
230349, 59520, 1, 0, 0
230449, 58880, 1, 0, 0
230549, 58880, 1, 0, 0
230649, 62080, 1, 0, 0
230750, 63360, 1, 0, 0
230850, 58240, 1, 0, 0
230950, 61440, 1, 0, 0
231050, 58880, 1, 0, 0
231150, 62720, 1, 0, 0
231249, 61414, 1, 0, 0
231349, 61440, 1, 0, 0
231449, 60800, 1, 0, 0
231549, 61440, 1, 0, 0
231649, 57600, 1, 0, 0
231749, 59520, 1, 0, 0
231849, 60160, 1, 0, 0
231949, 62720, 1, 0, 0
232050, 62080, 1, 0, 0
232150, 59520, 1, 0, 0
232250, 58880, 1, 0, 0
232350, 62080, 1, 0, 0
232450, 59520, 1, 0, 0
232550, 60160, 1, 0, 0
232650, 60160, 1, 0, 0
232749, 60767, 1, 0, 0
232849, 60160, 1, 0, 0
232949, 60800, 1, 0, 0
233049, 60800, 1, 0, 0
233149, 59520, 1, 0, 0
233249, 62080, 1, 0, 0
233349, 58240, 1, 0, 0
233449, 64000, 1, 0, 0
233550, 62080, 1, 0, 0
233650, 63360, 1, 0, 0
233749, 61414, 1, 0, 0
233849, 60800, 1, 0, 0
233949, 62720, 1, 0, 0
234049, 59520, 1, 0, 0
234149, 64000, 1, 0, 0
234249, 62720, 1, 0, 0
234349, 62720, 1, 0, 0
234449, 61440, 1, 0, 0
234549, 62720, 1, 0, 0
234649, 61440, 1, 0, 0
234749, 63360, 1, 0, 0
234850, 60160, 1, 0, 0
234950, 62720, 1, 0, 0
235050, 61440, 1, 0, 0
235150, 60800, 1, 0, 0
235249, 62707, 1, 0, 0
235349, 62080, 1, 0, 0
235449, 59520, 1, 0, 0
235549, 62720, 1, 0, 0
235649, 60160, 1, 0, 0
235749, 60160, 1, 0, 0
235849, 61440, 1, 0, 0
235949, 62720, 1, 0, 0
236049, 60800, 1, 0, 0
236149, 64000, 1, 0, 0
236249, 61440, 1, 0, 0
236349, 62080, 1, 0, 0
236450, 62720, 1, 0, 0
236550, 64000, 1, 0, 0
236650, 60160, 1, 0, 0
236749, 61414, 1, 0, 0
236849, 62720, 1, 0, 0
236949, 64000, 1, 0, 0
237049, 60160, 1, 0, 0
237149, 62080, 1, 0, 0
237249, 60160, 1, 0, 0
237349, 63360, 1, 0, 0
237449, 60160, 1, 0, 0
237549, 62720, 1, 0, 0
237649, 63360, 1, 0, 0
237749, 64000, 1, 0, 0
237849, 63360, 1, 0, 0
237949, 60800, 1, 0, 0
238050, 62720, 1, 0, 0
238150, 64000, 1, 0, 0
238249, 64646, 1, 0, 0
238349, 62080, 1, 0, 0
238449, 64000, 1, 0, 0
238549, 61440, 1, 0, 0
238649, 62720, 1, 0, 0
238749, 64640, 1, 0, 0
238849, 63360, 1, 0, 0
238949, 63360, 1, 0, 0
239049, 61440, 1, 0, 0
239149, 59520, 1, 0, 0
239249, 65920, 1, 0, 0
239349, 65280, 1, 0, 0
239449, 61440, 1, 0, 0
239550, 61440, 1, 0, 0
239650, 61440, 1, 0, 0
239749, 64000, 1, 0, 0
239849, 59520, 1, 0, 0
239949, 64000, 1, 0, 0
240049, 63360, 1, 0, 0
240149, 65280, 1, 0, 0
240249, 60800, 1, 0, 0
240349, 62720, 1, 0, 0
240449, 64000, 1, 0, 0
240549, 61440, 1, 0, 0
240649, 62720, 1, 0, 0
240750, 62720, 1, 0, 0
240850, 62080, 1, 0, 0
240950, 62080, 1, 0, 0
241050, 60160, 1, 0, 0
241150, 62080, 1, 0, 0
241249, 60767, 1, 0, 0
241349, 61440, 1, 0, 0
241449, 60800, 1, 0, 0
241549, 62080, 1, 0, 0
241649, 63360, 1, 0, 0
241749, 60160, 1, 0, 0
241849, 62080, 1, 0, 0
241949, 62080, 1, 0, 0
242050, 62080, 1, 0, 0
242150, 62720, 1, 0, 0
242249, 64646, 1, 0, 0
242349, 64640, 1, 0, 0
242449, 61440, 1, 0, 0
242549, 65280, 1, 0, 0
242649, 60160, 1, 0, 0
242749, 63360, 1, 0, 0
242849, 62720, 1, 0, 0
242949, 62720, 1, 0, 0
243049, 62720, 1, 0, 0
243149, 62720, 1, 0, 0
243250, 61440, 1, 0, 0
243350, 62080, 1, 0, 0
243450, 64640, 1, 0, 0
243550, 62720, 1, 0, 0
243650, 61440, 1, 0, 0
243749, 61414, 1, 0, 0
243849, 62720, 1, 0, 0
243949, 60160, 1, 0, 0
244049, 59520, 1, 0, 0
244149, 60160, 1, 0, 0
244249, 60160, 1, 0, 0
244349, 61440, 1, 0, 0
244449, 64000, 1, 0, 0
244549, 62080, 1, 0, 0
244649, 62720, 1, 0, 0
244750, 62720, 1, 0, 0
244850, 61440, 1, 0, 0
244950, 58880, 1, 0, 0
245050, 62720, 1, 0, 0
245150, 60800, 1, 0, 0
245249, 60121, 1, 0, 0
245349, 64000, 1, 0, 0
245449, 62720, 1, 0, 0
245549, 64640, 1, 0, 0
245649, 60800, 1, 0, 0
245749, 65920, 1, 0, 0
245849, 61440, 1, 0, 0
245949, 63360, 1, 0, 0
246049, 62080, 1, 0, 0
246149, 62720, 1, 0, 0
246250, 64000, 1, 0, 0
246350, 64640, 1, 0, 0
246450, 62720, 1, 0, 0
246550, 60160, 1, 0, 0
246650, 62720, 1, 0, 0
246749, 63353, 1, 0, 0
246849, 60800, 1, 0, 0
246949, 62080, 1, 0, 0
247049, 62080, 1, 0, 0
247149, 62720, 1, 0, 0
247249, 60800, 1, 0, 0
247349, 61440, 1, 0, 0
247449, 60160, 1, 0, 0
247549, 60800, 1, 0, 0
247649, 64640, 1, 0, 0
247749, 61440, 1, 0, 0
247850, 58880, 1, 0, 0
247950, 58240, 1, 0, 0
248050, 60800, 1, 0, 0
248150, 61440, 1, 0, 0
248249, 59474, 1, 0, 0
248349, 60160, 1, 0, 0
248449, 58880, 1, 0, 0
248549, 58240, 1, 0, 0
248649, 59520, 1, 0, 0
248749, 62720, 1, 0, 0
248849, 59520, 1, 0, 0
248949, 60800, 1, 0, 0
249049, 63360, 1, 0, 0
249149, 62080, 1, 0, 0
249249, 60160, 1, 0, 0
249350, 60800, 1, 0, 0
249450, 63360, 1, 0, 0
249550, 62720, 1, 0, 0
249650, 58880, 1, 0, 0
249749, 60121, 1, 0, 0
249849, 62080, 1, 0, 0
249949, 62080, 1, 0, 0
250049, 62720, 1, 0, 0
250149, 62080, 1, 0, 0
250249, 61440, 1, 0, 0
250349, 62080, 1, 0, 0
250449, 60160, 1, 0, 0
250549, 60800, 1, 0, 0
250649, 62720, 1, 0, 0
250750, 62720, 1, 0, 0
250850, 60160, 1, 0, 0
250950, 58880, 1, 0, 0
251050, 62720, 1, 0, 0
251150, 60160, 1, 0, 0
251249, 64000, 1, 0, 0
251349, 60800, 1, 0, 0
251449, 60800, 1, 0, 0
251549, 61440, 1, 0, 0
251649, 60160, 1, 0, 0
251749, 62720, 1, 0, 0
251849, 58240, 1, 0, 0
251949, 63360, 1, 0, 0
252050, 58240, 1, 0, 0
252150, 59520, 1, 0, 0
252250, 60800, 1, 0, 0
252350, 62720, 1, 0, 0
252450, 60800, 1, 0, 0
252550, 60800, 1, 0, 0
252650, 61440, 1, 0, 0
252749, 62060, 1, 0, 0
252849, 60800, 1, 0, 0
252949, 62080, 1, 0, 0
253049, 62720, 1, 0, 0
253149, 60160, 1, 0, 0
253249, 58240, 1, 0, 0
253349, 61440, 1, 0, 0
253449, 64000, 1, 0, 0
253550, 58880, 1, 0, 0
253650, 62720, 1, 0, 0
253749, 60767, 1, 0, 0
253849, 61440, 1, 0, 0
253949, 62080, 1, 0, 0
254049, 62080, 1, 0, 0
254149, 61440, 1, 0, 0
254249, 58880, 1, 0, 0
254349, 64000, 1, 0, 0
254449, 60800, 1, 0, 0
254549, 59520, 1, 0, 0
254649, 62080, 1, 0, 0
254749, 62720, 1, 0, 0
254849, 62080, 1, 0, 0
254950, 59520, 1, 0, 0
255050, 62720, 1, 0, 0
255150, 62080, 1, 0, 0
255249, 63353, 1, 0, 0
255349, 58880, 1, 0, 0
255449, 58240, 1, 0, 0
255549, 64000, 1, 0, 0
255649, 60800, 1, 0, 0
255749, 63360, 1, 0, 0
255849, 60160, 1, 0, 0
255949, 60160, 1, 0, 0
256049, 60800, 1, 0, 0
256149, 62720, 1, 0, 0
256249, 62080, 1, 0, 0
256349, 60800, 1, 0, 0
256450, 59520, 1, 0, 0
256550, 58880, 1, 0, 0
256650, 60160, 1, 0, 0
256749, 60767, 1, 0, 0
256849, 60800, 1, 0, 0
256949, 62720, 1, 0, 0
257049, 60800, 1, 0, 0
257149, 62080, 1, 0, 0
257249, 66560, 1, 0, 0
257349, 62080, 1, 0, 0
257449, 62720, 1, 0, 0
257549, 65920, 1, 0, 0
257649, 59520, 1, 0, 0
257749, 62080, 1, 0, 0
257849, 59520, 1, 0, 0
257949, 64000, 1, 0, 0
258050, 60800, 1, 0, 0
258150, 59520, 1, 0, 0
258249, 61414, 1, 0, 0
258349, 61440, 1, 0, 0
258449, 63360, 1, 0, 0
258549, 62720, 1, 0, 0
258649, 62720, 1, 0, 0
258749, 60800, 1, 0, 0
258849, 64640, 1, 0, 0
258949, 60800, 1, 0, 0
259049, 63360, 1, 0, 0
259149, 59520, 1, 0, 0
259249, 62720, 1, 0, 0
259350, 61440, 1, 0, 0
259450, 62080, 1, 0, 0
259550, 62080, 1, 0, 0
259650, 60160, 1, 0, 0
259749, 61414, 1, 0, 0
259849, 58880, 1, 0, 0
259949, 58880, 1, 0, 0
260049, 57600, 1, 0, 0
260149, 62720, 1, 0, 0
260249, 58880, 1, 0, 0
260349, 61440, 1, 0, 0
260449, 60160, 1, 0, 0
260549, 62720, 1, 0, 0
260650, 61440, 1, 0, 0
260750, 60160, 1, 0, 0
260850, 64000, 1, 0, 0
260950, 62080, 1, 0, 0
261050, 61440, 1, 0, 0
261150, 61440, 1, 0, 0
261249, 62060, 1, 0, 0
261349, 62720, 1, 0, 0
261449, 60160, 1, 0, 0
261549, 61440, 1, 0, 0
261649, 62080, 1, 0, 0
261749, 63360, 1, 0, 0
261849, 61440, 1, 0, 0
261950, 60160, 1, 0, 0
262050, 61440, 1, 0, 0
262150, 62720, 1, 0, 0
262249, 64000, 1, 0, 0
262349, 63360, 1, 0, 0
262449, 60160, 1, 0, 0
262549, 61440, 1, 0, 0
262649, 58880, 1, 0, 0
262749, 64000, 1, 0, 0
262849, 61440, 1, 0, 0
262949, 62080, 1, 0, 0
263049, 62080, 1, 0, 0
263149, 61440, 1, 0, 0
263250, 58880, 1, 0, 0
263350, 60800, 1, 0, 0
263450, 61440, 1, 0, 0
263550, 61440, 1, 0, 0
263650, 59520, 1, 0, 0
263749, 61414, 1, 0, 0
263849, 56960, 1, 0, 0
263949, 58880, 1, 0, 0
264049, 60800, 1, 0, 0
264149, 61440, 1, 0, 0
264249, 56960, 1, 0, 0
264349, 60800, 1, 0, 0
264449, 60800, 1, 0, 0
264549, 58240, 1, 0, 0
264649, 61440, 1, 0, 0
264750, 63360, 1, 0, 0
264850, 60160, 1, 0, 0
264950, 61440, 1, 0, 0
265050, 62720, 1, 0, 0
265150, 58240, 1, 0, 0
265249, 58828, 1, 0, 0
265349, 61440, 1, 0, 0
265449, 60800, 1, 0, 0
265549, 59520, 1, 0, 0
265649, 58880, 1, 0, 0
265749, 58240, 1, 0, 0
265849, 60160, 1, 0, 0
265949, 57600, 1, 0, 0
266049, 60800, 1, 0, 0
266149, 60800, 1, 0, 0
266250, 60160, 1, 0, 0
266350, 58880, 1, 0, 0
266450, 58880, 1, 0, 0
266550, 60800, 1, 0, 0
266650, 61440, 1, 0, 0
266749, 60767, 1, 0, 0
266849, 61440, 1, 0, 0
266949, 58880, 1, 0, 0
267049, 57600, 1, 0, 0
267149, 60800, 1, 0, 0
267249, 60800, 1, 0, 0
267349, 61440, 1, 0, 0
267449, 58240, 1, 0, 0
267550, 55040, 1, 0, 0
267650, 60800, 1, 0, 0
267750, 60800, 1, 0, 0
267850, 62080, 1, 0, 0
267950, 60800, 1, 0, 0
268050, 56320, 1, 0, 0
268150, 58240, 1, 0, 0
268249, 61414, 1, 0, 0
268349, 60800, 1, 0, 0
268449, 60160, 1, 0, 0
268549, 60800, 1, 0, 0
268649, 60160, 1, 0, 0
268749, 58880, 1, 0, 0
268849, 62080, 1, 0, 0
268949, 59520, 1, 0, 0
269050, 64000, 1, 0, 0
269150, 60800, 1, 0, 0
269250, 62720, 1, 0, 0
269350, 60160, 1, 0, 0
269450, 56960, 1, 0, 0
269550, 61440, 1, 0, 0
269650, 58240, 1, 0, 0
269749, 60767, 1, 0, 0
269849, 62080, 1, 0, 0
269949, 58880, 1, 0, 0
270049, 61440, 1, 0, 0
270149, 59520, 1, 0, 0
270249, 58240, 1, 0, 0
270349, 62720, 1, 0, 0
270450, 61440, 1, 0, 0
270550, 60800, 1, 0, 0
270650, 62080, 1, 0, 0
270749, 61414, 1, 0, 0
270849, 64000, 1, 0, 0
270949, 60160, 1, 0, 0
271049, 60160, 1, 0, 0
271149, 62080, 1, 0, 0
271249, 58880, 1, 0, 0
271349, 64640, 1, 0, 0
271449, 60160, 1, 0, 0
271549, 62080, 1, 0, 0
271649, 56960, 1, 0, 0
271750, 61440, 1, 0, 0
271850, 64000, 1, 0, 0
271950, 61440, 1, 0, 0
272050, 64000, 1, 0, 0
272150, 61440, 1, 0, 0
272249, 63353, 1, 0, 0
272349, 57600, 1, 0, 0
272449, 60800, 1, 0, 0
272549, 62080, 1, 0, 0
272649, 58880, 1, 0, 0
272749, 60800, 1, 0, 0
272849, 62080, 1, 0, 0
272949, 59520, 1, 0, 0
273050, 60160, 1, 0, 0
273150, 61440, 1, 0, 0
273250, 61440, 1, 0, 0
273350, 60160, 1, 0, 0
273450, 61440, 1, 0, 0
273550, 60160, 1, 0, 0
273650, 61440, 1, 0, 0
273749, 63353, 1, 0, 0
273849, 62080, 1, 0, 0
273949, 59520, 1, 0, 0
274049, 62080, 1, 0, 0
274149, 59520, 1, 0, 0
274249, 63360, 1, 0, 0
274349, 62720, 1, 0, 0
274450, 65280, 1, 0, 0
274550, 62080, 1, 0, 0
274650, 60800, 1, 0, 0
274749, 58828, 1, 0, 0
274849, 62720, 1, 0, 0
274949, 62720, 1, 0, 0
275049, 62720, 1, 0, 0
275149, 58880, 1, 0, 0
275249, 61440, 1, 0, 0
275349, 60160, 1, 0, 0
275449, 63360, 1, 0, 0
275549, 62720, 1, 0, 0
275649, 62720, 1, 0, 0
275749, 62720, 1, 0, 0
275850, 61440, 1, 0, 0
275950, 64000, 1, 0, 0
276050, 62080, 1, 0, 0
276150, 60160, 1, 0, 0
276249, 63353, 1, 0, 0
276349, 62080, 1, 0, 0
276449, 62720, 1, 0, 0
276549, 61440, 1, 0, 0
276649, 61440, 1, 0, 0
276749, 62720, 1, 0, 0
276849, 58880, 1, 0, 0
276949, 60800, 1, 0, 0
277049, 61440, 1, 0, 0
277149, 60800, 1, 0, 0
277250, 62720, 1, 0, 0
277350, 62080, 1, 0, 0
277450, 64000, 1, 0, 0
277550, 64000, 1, 0, 0
277650, 61440, 1, 0, 0
277749, 62707, 1, 0, 0
277849, 62720, 1, 0, 0
277949, 61440, 1, 0, 0
278049, 60800, 1, 0, 0
278149, 60800, 1, 0, 0
278249, 60160, 1, 0, 0
278349, 61440, 1, 0, 0
278449, 60800, 1, 0, 0
278549, 59520, 1, 0, 0
278649, 62720, 1, 0, 0
278750, 61440, 1, 0, 0
278850, 61440, 1, 0, 0
278950, 64000, 1, 0, 0
279050, 61440, 1, 0, 0
279150, 64640, 1, 0, 0
279249, 64646, 1, 0, 0
279349, 61440, 1, 0, 0
279449, 61440, 1, 0, 0
279549, 64000, 1, 0, 0
279649, 62080, 1, 0, 0
279749, 61440, 1, 0, 0
279849, 61440, 1, 0, 0
279949, 62720, 1, 0, 0
280049, 60800, 1, 0, 0
280149, 58880, 1, 0, 0
280250, 61440, 1, 0, 0
280350, 60800, 1, 0, 0
280450, 60800, 1, 0, 0
280550, 60800, 1, 0, 0
280650, 60800, 1, 0, 0
280749, 63353, 1, 0, 0
280849, 63360, 1, 0, 0
280949, 63360, 1, 0, 0
281049, 61440, 1, 0, 0
281149, 62080, 1, 0, 0
281249, 62080, 1, 0, 0
281349, 61440, 1, 0, 0
281449, 62720, 1, 0, 0
281549, 60800, 1, 0, 0
281650, 60160, 1, 0, 0
281750, 64640, 1, 0, 0
281850, 59520, 1, 0, 0
281950, 64640, 1, 0, 0
282050, 63360, 1, 0, 0
282150, 61440, 1, 0, 0
282249, 63353, 1, 0, 0
282349, 60800, 1, 0, 0
282449, 61440, 1, 0, 0
282549, 60800, 1, 0, 0
282649, 62080, 1, 0, 0
282749, 63360, 1, 0, 0
282849, 60800, 1, 0, 0
282949, 62080, 1, 0, 0
283050, 60160, 1, 0, 0
283150, 59520, 1, 0, 0
283250, 62080, 1, 0, 0
283350, 63360, 1, 0, 0
283450, 64640, 1, 0, 0
283550, 60800, 1, 0, 0
283650, 60800, 1, 0, 0
283749, 61414, 1, 0, 0
283849, 62720, 1, 0, 0
283949, 60160, 1, 0, 0
284049, 61440, 1, 0, 0
284149, 60800, 1, 0, 0
284249, 61440, 1, 0, 0
284349, 58240, 1, 0, 0
284449, 60800, 1, 0, 0
284550, 64640, 1, 0, 0
284650, 64000, 1, 0, 0
284749, 61414, 1, 0, 0
284849, 62080, 1, 0, 0
284949, 60800, 1, 0, 0
285049, 62720, 1, 0, 0
285149, 62720, 1, 0, 0
285249, 62080, 1, 0, 0
285349, 63360, 1, 0, 0
285449, 61440, 1, 0, 0
285549, 62720, 1, 0, 0
285649, 60160, 1, 0, 0
285749, 60160, 1, 0, 0
285849, 59520, 1, 0, 0
285950, 59520, 1, 0, 0
286050, 61440, 1, 0, 0
286150, 61440, 1, 0, 0
286249, 60767, 1, 0, 0
286349, 60800, 1, 0, 0
286449, 63360, 1, 0, 0
286549, 62080, 1, 0, 0
286649, 64000, 1, 0, 0
286749, 60160, 1, 0, 0
286849, 61440, 1, 0, 0
286949, 62080, 1, 0, 0
287049, 63360, 1, 0, 0
287149, 64640, 1, 0, 0
287250, 64640, 1, 0, 0
287350, 63360, 1, 0, 0
287450, 65280, 1, 0, 0
287550, 60160, 1, 0, 0
287650, 62080, 1, 0, 0
287749, 60767, 1, 0, 0
287849, 60800, 1, 0, 0
287949, 61440, 1, 0, 0
288049, 59520, 1, 0, 0
288149, 62080, 1, 0, 0
288249, 63360, 1, 0, 0
288349, 61440, 1, 0, 0
288449, 63360, 1, 0, 0
288549, 64640, 1, 0, 0
288649, 65280, 1, 0, 0
288750, 60800, 1, 0, 0
288850, 63360, 1, 0, 0
288950, 60800, 1, 0, 0
289050, 62080, 1, 0, 0
289150, 61440, 1, 0, 0
289249, 61414, 1, 0, 0
289349, 60160, 1, 0, 0
289449, 61440, 1, 0, 0
289549, 61440, 1, 0, 0
289649, 62080, 1, 0, 0
289749, 65280, 1, 0, 0
289849, 63360, 1, 0, 0
289949, 64000, 1, 0, 0
290050, 62720, 1, 0, 0
290150, 62080, 1, 0, 0
290250, 65920, 1, 0, 0
290350, 62080, 1, 0, 0
290450, 62720, 1, 0, 0
290550, 61440, 1, 0, 0
290650, 62720, 1, 0, 0
290749, 62707, 1, 0, 0
290849, 63360, 1, 0, 0
290949, 62720, 1, 0, 0
291049, 62080, 1, 0, 0
291149, 62080, 1, 0, 0
291249, 60800, 1, 0, 0
291349, 63360, 1, 0, 0
291449, 62080, 1, 0, 0
291550, 62080, 1, 0, 0
291650, 60800, 1, 0, 0
291750, 64000, 1, 0, 0
291850, 62080, 1, 0, 0
291950, 60800, 1, 0, 0
292050, 58880, 1, 0, 0
292150, 62080, 1, 0, 0
292249, 62707, 1, 0, 0
292349, 59520, 1, 0, 0
292449, 58880, 1, 0, 0
292549, 60160, 1, 0, 0
292649, 63360, 1, 0, 0
292749, 60800, 1, 0, 0
292849, 58880, 1, 0, 0
292949, 64640, 1, 0, 0
293050, 62080, 1, 0, 0
293150, 60800, 1, 0, 0
293250, 60160, 1, 0, 0
293350, 60800, 1, 0, 0
293450, 62080, 1, 0, 0
293550, 63360, 1, 0, 0
293650, 59520, 1, 0, 0
293749, 64000, 1, 0, 0
293849, 63360, 1, 0, 0
293949, 62080, 1, 0, 0
294049, 58880, 1, 0, 0
294149, 57600, 1, 0, 0
294249, 64640, 1, 0, 0
294349, 63360, 1, 0, 0
294449, 62080, 1, 0, 0
294550, 62080, 1, 0, 0
294650, 60800, 1, 0, 0
294749, 61414, 1, 0, 0
294849, 60800, 1, 0, 0
294949, 60800, 1, 0, 0
295049, 60800, 1, 0, 0
295149, 62720, 1, 0, 0
295249, 62720, 1, 0, 0
295349, 62080, 1, 0, 0
295449, 59520, 1, 0, 0
295549, 57600, 1, 0, 0
295649, 58880, 1, 0, 0
295749, 60800, 1, 0, 0
295849, 62080, 1, 0, 0
295950, 63360, 1, 0, 0
296050, 56320, 1, 0, 0
296150, 58240, 1, 0, 0
296249, 60767, 1, 0, 0
296349, 63360, 1, 0, 0
296449, 60800, 1, 0, 0
296549, 60800, 1, 0, 0
296649, 59520, 1, 0, 0
296749, 62720, 1, 0, 0
296849, 60800, 1, 0, 0
296949, 62080, 1, 0, 0
297049, 60160, 1, 0, 0
297149, 62720, 1, 0, 0
297249, 61440, 1, 0, 0
297350, 60800, 1, 0, 0
297450, 60160, 1, 0, 0
297550, 61440, 1, 0, 0
297650, 63360, 1, 0, 0
297749, 58828, 1, 0, 0
297849, 60160, 1, 0, 0
297949, 63360, 1, 0, 0
298049, 60160, 1, 0, 0
298149, 60160, 1, 0, 0
298249, 62720, 1, 0, 0
298349, 58880, 1, 0, 0
298449, 58880, 1, 0, 0
298549, 62080, 1, 0, 0
298649, 61440, 1, 0, 0
298750, 59520, 1, 0, 0
298850, 61440, 1, 0, 0
298950, 60800, 1, 0, 0
299050, 59520, 1, 0, 0
299150, 62080, 1, 0, 0
299249, 60767, 1, 0, 0
299349, 61440, 1, 0, 0
299449, 62080, 1, 0, 0
299549, 62720, 1, 0, 0
299649, 63360, 1, 0, 0
299749, 64000, 1, 0, 0
299849, 63360, 1, 0, 0
299949, 58880, 1, 0, 0
300050, 63360, 1, 0, 0
300150, 63360, 1, 0, 0
300249, 61414, 1, 0, 0
300349, 61440, 1, 0, 0
300449, 60160, 1, 0, 0
300549, 60800, 1, 0, 0
300649, 58880, 1, 0, 0
300749, 58240, 1, 0, 0
300849, 58880, 1, 0, 0
300949, 60800, 1, 0, 0
301049, 62080, 1, 0, 0
301149, 62720, 1, 0, 0
301250, 64000, 1, 0, 0
301350, 62720, 1, 0, 0
301450, 62080, 1, 0, 0
301550, 59520, 1, 0, 0
301650, 60800, 1, 0, 0
301749, 62707, 1, 0, 0
301849, 64000, 1, 0, 0
301949, 62720, 1, 0, 0
302049, 64000, 1, 0, 0
302149, 62720, 1, 0, 0
302249, 63360, 1, 0, 0
302349, 65280, 1, 0, 0
302449, 63360, 1, 0, 0
302550, 64000, 1, 0, 0
302650, 58880, 1, 0, 0
302750, 59520, 1, 0, 0
302850, 60800, 1, 0, 0
302950, 61440, 1, 0, 0
303050, 63360, 1, 0, 0
303150, 60160, 1, 0, 0
303249, 61414, 1, 0, 0
303349, 62720, 1, 0, 0
303449, 64000, 1, 0, 0
303549, 63360, 1, 0, 0
303649, 62720, 1, 0, 0
303749, 65920, 1, 0, 0
303849, 63360, 1, 0, 0
303950, 62720, 1, 0, 0
304050, 61440, 1, 0, 0
304150, 60800, 1, 0, 0
304249, 62060, 1, 0, 0
304349, 62720, 1, 0, 0
304449, 62720, 1, 0, 0
304549, 62080, 1, 0, 0
304649, 62720, 1, 0, 0
304749, 60800, 1, 0, 0
304849, 65280, 1, 0, 0
304949, 62080, 1, 0, 0
305049, 62080, 1, 0, 0
305149, 60160, 1, 0, 0
305250, 62080, 1, 0, 0
305350, 62080, 1, 0, 0
305450, 60160, 1, 0, 0
305550, 63360, 1, 0, 0
305650, 61440, 1, 0, 0
305749, 64000, 1, 0, 0
305849, 61440, 1, 0, 0
305949, 61440, 1, 0, 0
306049, 63360, 1, 0, 0
306149, 61440, 1, 0, 0
306249, 62080, 1, 0, 0
306349, 58240, 1, 0, 0
306449, 64640, 1, 0, 0
306549, 62720, 1, 0, 0
306650, 61440, 1, 0, 0
306750, 64000, 1, 0, 0
306850, 62720, 1, 0, 0
306950, 63360, 1, 0, 0
307050, 64000, 1, 0, 0
307150, 61440, 1, 0, 0
307249, 62060, 1, 0, 0
307349, 62080, 1, 0, 0
307449, 63360, 1, 0, 0
307549, 60800, 1, 0, 0
307649, 62080, 1, 0, 0
307750, 62080, 1, 0, 0
307850, 58880, 1, 0, 0
307950, 62720, 1, 0, 0
308050, 64640, 1, 0, 0
308150, 62080, 1, 0, 0
308249, 60767, 1, 0, 0
308349, 62080, 1, 0, 0
308449, 62720, 1, 0, 0
308549, 63360, 1, 0, 0
308649, 64640, 1, 0, 0
308749, 60160, 1, 0, 0
308849, 63360, 1, 0, 0
308949, 63360, 1, 0, 0
309049, 62720, 1, 0, 0
309149, 59520, 1, 0, 0
309249, 63360, 1, 0, 0
309350, 59520, 1, 0, 0
309450, 62080, 1, 0, 0
309550, 58240, 1, 0, 0
309650, 62720, 1, 0, 0
309749, 61414, 1, 0, 0
309849, 63360, 1, 0, 0
309949, 61440, 1, 0, 0
310049, 62720, 1, 0, 0
310149, 62720, 1, 0, 0
310249, 57600, 1, 0, 0
310349, 63360, 1, 0, 0
310449, 63360, 1, 0, 0
310549, 63360, 1, 0, 0
310649, 62720, 1, 0, 0
310749, 62080, 1, 0, 0
310849, 60160, 1, 0, 0
310950, 61440, 1, 0, 0
311050, 62720, 1, 0, 0
311150, 62080, 1, 0, 0
311249, 60121, 1, 0, 0
311349, 65920, 1, 0, 0
311449, 60160, 1, 0, 0
311549, 63360, 1, 0, 0
311649, 63360, 1, 0, 0
311749, 61440, 1, 0, 0
311849, 65280, 1, 0, 0
311949, 60160, 1, 0, 0
312049, 62720, 1, 0, 0
312149, 62080, 1, 0, 0
312250, 62720, 1, 0, 0
312350, 64640, 1, 0, 0
312450, 64640, 1, 0, 0
312550, 58240, 1, 0, 0
312650, 58240, 1, 0, 0
312749, 58181, 1, 0, 0
312849, 60160, 1, 0, 0
312949, 60160, 1, 0, 0
313049, 60800, 1, 0, 0
313149, 63360, 1, 0, 0
313249, 62720, 1, 0, 0
313349, 61440, 1, 0, 0
313449, 61440, 1, 0, 0
313550, 65280, 1, 0, 0
313650, 62720, 1, 0, 0
313750, 62080, 1, 0, 0
313850, 63360, 1, 0, 0
313950, 64640, 1, 0, 0
314050, 62720, 1, 0, 0
314150, 60800, 1, 0, 0
314249, 63353, 1, 0, 0
314349, 60800, 1, 0, 0
314449, 61440, 1, 0, 0
314549, 59520, 1, 0, 0
314649, 62720, 1, 0, 0
314749, 58240, 1, 0, 0
314849, 61440, 1, 0, 0
314949, 60160, 1, 0, 0
315050, 60800, 1, 0, 0
315150, 60800, 1, 0, 0
315250, 61440, 1, 0, 0
315350, 61440, 1, 0, 0
315450, 63360, 1, 0, 0
315550, 63360, 1, 0, 0
315650, 59520, 1, 0, 0
315749, 58181, 1, 0, 0
315849, 65280, 1, 0, 0
315949, 64640, 1, 0, 0
316049, 65280, 1, 0, 0
316149, 65280, 1, 0, 0
316249, 60160, 1, 0, 0
316349, 61440, 1, 0, 0
316449, 63360, 1, 0, 0
316550, 64000, 1, 0, 0
316650, 62720, 1, 0, 0
316750, 63360, 1, 0, 0
316850, 62720, 1, 0, 0
316950, 60160, 1, 0, 0
317050, 61440, 1, 0, 0
317150, 60800, 1, 0, 0
317249, 62060, 1, 0, 0
317349, 60800, 1, 0, 0
317449, 62080, 1, 0, 0
317549, 62720, 1, 0, 0
317649, 58880, 1, 0, 0
317749, 60800, 1, 0, 0
317849, 63360, 1, 0, 0
317949, 60800, 1, 0, 0
318050, 62720, 1, 0, 0
318150, 60800, 1, 0, 0
318250, 58880, 1, 0, 0
318350, 62080, 1, 0, 0
318450, 60800, 1, 0, 0
318550, 62080, 1, 0, 0
318650, 64000, 1, 0, 0
318749, 62060, 1, 0, 0
318849, 59520, 1, 0, 0
318949, 62720, 1, 0, 0
319049, 58880, 1, 0, 0
319149, 59520, 1, 0, 0
319249, 56960, 1, 0, 0
319349, 58240, 1, 0, 0
319449, 63360, 1, 0, 0
319550, 65280, 1, 0, 0
319650, 59520, 1, 0, 0
319750, 63360, 1, 0, 0
319850, 62720, 1, 0, 0
319950, 62720, 1, 0, 0
320050, 62080, 1, 0, 0
320150, 64640, 1, 0, 0
320249, 63353, 1, 0, 0
320349, 60800, 1, 0, 0
320449, 63360, 1, 0, 0
320549, 62720, 1, 0, 0
320649, 61440, 1, 0, 0
320749, 62080, 1, 0, 0
320850, 64000, 1, 0, 0
320950, 62720, 1, 0, 0
321050, 63360, 1, 0, 0
321150, 64000, 1, 0, 0
321249, 61414, 1, 0, 0
321349, 64640, 1, 0, 0
321449, 64640, 1, 0, 0
321549, 64000, 1, 0, 0
321649, 63360, 1, 0, 0
321749, 64000, 1, 0, 0
321849, 63360, 1, 0, 0
321949, 64000, 1, 0, 0
322049, 66560, 1, 0, 0
322150, 65280, 1, 0, 0
322250, 63360, 1, 0, 0
322350, 62080, 1, 0, 0
322450, 59520, 1, 0, 0
322550, 62080, 1, 0, 0
322650, 61440, 1, 0, 0
322749, 62707, 1, 0, 0
322849, 64640, 1, 0, 0
322949, 62080, 1, 0, 0
323049, 61440, 1, 0, 0
323149, 58880, 1, 0, 0
323249, 64000, 1, 0, 0
323349, 61440, 1, 0, 0
323449, 63360, 1, 0, 0
323550, 61440, 1, 0, 0
323650, 64000, 1, 0, 0
323750, 60160, 1, 0, 0
323850, 60800, 1, 0, 0
323950, 60160, 1, 0, 0
324050, 61440, 1, 0, 0
324150, 57600, 1, 0, 0
324249, 62707, 1, 0, 0
324349, 58880, 1, 0, 0
324449, 61440, 1, 0, 0
324549, 59520, 1, 0, 0
324649, 59520, 1, 0, 0
324749, 62080, 1, 0, 0
324849, 64640, 1, 0, 0
324949, 60800, 1, 0, 0
325050, 62720, 1, 0, 0
325150, 61440, 1, 0, 0
325250, 63360, 1, 0, 0
325350, 62080, 1, 0, 0
325450, 59520, 1, 0, 0
325550, 64640, 1, 0, 0
325650, 61440, 1, 0, 0
325749, 63353, 1, 0, 0
325849, 61440, 1, 0, 0
325949, 62720, 1, 0, 0
326049, 62080, 1, 0, 0
326149, 60800, 1, 0, 0
326249, 61440, 1, 0, 0
326349, 62080, 1, 0, 0
326449, 62080, 1, 0, 0
326550, 62720, 1, 0, 0
326650, 62080, 1, 0, 0
326750, 62720, 1, 0, 0
326850, 61440, 1, 0, 0
326950, 62080, 1, 0, 0
327050, 60160, 1, 0, 0
327150, 64640, 1, 0, 0
327249, 59474, 1, 0, 0
327349, 60800, 1, 0, 0
327449, 62080, 1, 0, 0
327549, 62080, 1, 0, 0
327649, 61440, 1, 0, 0
327749, 62720, 1, 0, 0
327849, 64000, 1, 0, 0
327950, 62720, 1, 0, 0
328050, 62720, 1, 0, 0
328150, 62080, 1, 0, 0
328249, 64000, 1, 0, 0
328349, 64640, 1, 0, 0
328449, 60800, 1, 0, 0
328549, 63360, 1, 0, 0
328649, 60800, 1, 0, 0
328749, 65920, 1, 0, 0
328849, 59520, 1, 0, 0
328949, 59520, 1, 0, 0
329049, 58880, 1, 0, 0
329149, 60160, 1, 0, 0
329249, 63360, 1, 0, 0
329349, 60800, 1, 0, 0
329449, 62080, 1, 0, 0
329550, 62080, 1, 0, 0
329650, 61440, 1, 0, 0
329750, 60800, 1, 0, 0
329850, 59520, 1, 0, 0
329950, 60800, 1, 0, 0
330050, 62720, 1, 0, 0
330150, 64000, 1, 0, 0
330249, 60767, 1, 0, 0
330349, 63360, 1, 0, 0
330449, 63360, 1, 0, 0
330549, 62080, 1, 0, 0
330649, 63360, 1, 0, 0
330749, 64000, 1, 0, 0
330849, 64000, 1, 0, 0
330949, 63360, 1, 0, 0
331050, 65920, 1, 0, 0
331150, 62080, 1, 0, 0
331250, 59520, 1, 0, 0
331350, 60800, 1, 0, 0
331450, 60800, 1, 0, 0
331550, 62080, 1, 0, 0
331650, 61440, 1, 0, 0
331749, 60767, 1, 0, 0
331849, 61440, 1, 0, 0
331949, 61440, 1, 0, 0
332049, 61440, 1, 0, 0
332149, 58880, 1, 0, 0
332249, 63360, 1, 0, 0
332349, 62080, 1, 0, 0
332449, 64000, 1, 0, 0
332550, 62080, 1, 0, 0
332650, 64000, 1, 0, 0
332750, 62080, 1, 0, 0
332850, 58240, 1, 0, 0
332950, 62720, 1, 0, 0
333050, 61440, 1, 0, 0
333150, 63360, 1, 0, 0
333249, 64000, 1, 0, 0
333349, 61440, 1, 0, 0
333449, 61440, 1, 0, 0
333549, 61440, 1, 0, 0
333649, 62080, 1, 0, 0
333749, 62080, 1, 0, 0
333849, 61440, 1, 0, 0
333949, 64640, 1, 0, 0
334050, 64640, 1, 0, 0
334150, 63360, 1, 0, 0
334249, 60767, 1, 0, 0
334349, 60800, 1, 0, 0
334449, 62080, 1, 0, 0
334549, 64640, 1, 0, 0
334649, 64000, 1, 0, 0
334749, 62080, 1, 0, 0
334849, 62720, 1, 0, 0
334949, 63360, 1, 0, 0
335049, 60160, 1, 0, 0
335149, 61440, 1, 0, 0
335249, 62080, 1, 0, 0
335349, 64000, 1, 0, 0
335450, 64000, 1, 0, 0
335550, 61440, 1, 0, 0
335650, 64000, 1, 0, 0
335749, 60121, 1, 0, 0
335849, 60800, 1, 0, 0
335949, 64000, 1, 0, 0
336049, 62720, 1, 0, 0
336149, 62720, 1, 0, 0
336249, 62080, 1, 0, 0
336349, 61440, 1, 0, 0
336449, 62080, 1, 0, 0
336549, 62080, 1, 0, 0
336649, 61440, 1, 0, 0
336750, 63360, 1, 0, 0
336850, 58240, 1, 0, 0
336950, 64000, 1, 0, 0
337050, 61440, 1, 0, 0
337150, 64000, 1, 0, 0
337249, 62707, 1, 0, 0
337349, 64000, 1, 0, 0
337449, 64640, 1, 0, 0
337549, 62720, 1, 0, 0
337649, 64000, 1, 0, 0
337749, 63360, 1, 0, 0
337849, 62080, 1, 0, 0
337949, 61440, 1, 0, 0
338049, 62080, 1, 0, 0
338149, 62080, 1, 0, 0
338250, 65280, 1, 0, 0
338350, 60160, 1, 0, 0
338450, 63360, 1, 0, 0
338550, 60800, 1, 0, 0
338650, 60800, 1, 0, 0
338749, 62060, 1, 0, 0
338849, 63360, 1, 0, 0
338949, 62720, 1, 0, 0
339049, 61440, 1, 0, 0
339149, 63360, 1, 0, 0
339249, 56960, 1, 0, 0
339349, 60800, 1, 0, 0
339449, 64000, 1, 0, 0
339549, 62720, 1, 0, 0
339649, 62080, 1, 0, 0
339750, 58880, 1, 0, 0
339850, 62080, 1, 0, 0
339950, 61440, 1, 0, 0
340050, 60800, 1, 0, 0
340150, 62080, 1, 0, 0
340249, 60767, 1, 0, 0
340349, 62080, 1, 0, 0
340449, 62720, 1, 0, 0
340549, 58880, 1, 0, 0
340649, 61440, 1, 0, 0
340749, 62720, 1, 0, 0
340849, 60160, 1, 0, 0
340949, 60160, 1, 0, 0
341049, 59520, 1, 0, 0
341149, 60800, 1, 0, 0
341250, 60160, 1, 0, 0
341350, 64000, 1, 0, 0
341450, 64640, 1, 0, 0
341550, 61440, 1, 0, 0
341650, 62720, 1, 0, 0
341749, 60767, 1, 0, 0
341849, 63360, 1, 0, 0
341949, 58880, 1, 0, 0
342049, 64000, 1, 0, 0
342149, 60160, 1, 0, 0
342249, 59520, 1, 0, 0
342349, 60800, 1, 0, 0
342449, 60800, 1, 0, 0
342549, 62080, 1, 0, 0
342649, 62720, 1, 0, 0
342750, 62080, 1, 0, 0
342850, 58880, 1, 0, 0
342950, 63360, 1, 0, 0
343050, 60160, 1, 0, 0
343150, 62080, 1, 0, 0
343249, 62707, 1, 0, 0
343349, 61440, 1, 0, 0
343449, 62720, 1, 0, 0
343549, 64000, 1, 0, 0
343649, 59520, 1, 0, 0
343749, 62080, 1, 0, 0
343849, 61440, 1, 0, 0
343949, 62080, 1, 0, 0
344049, 62720, 1, 0, 0
344149, 60800, 1, 0, 0
344250, 58880, 1, 0, 0
344350, 58880, 1, 0, 0
344450, 58240, 1, 0, 0
344550, 62080, 1, 0, 0
344650, 62720, 1, 0, 0
344749, 61414, 1, 0, 0
344849, 60800, 1, 0, 0
344949, 60800, 1, 0, 0
345049, 58240, 1, 0, 0
345149, 62080, 1, 0, 0
345249, 60160, 1, 0, 0
345349, 61440, 1, 0, 0
345449, 64000, 1, 0, 0
345549, 60800, 1, 0, 0
345649, 60160, 1, 0, 0
345750, 59520, 1, 0, 0
345850, 57600, 1, 0, 0
345950, 59520, 1, 0, 0
346050, 62080, 1, 0, 0
346150, 58240, 1, 0, 0
346249, 61414, 1, 0, 0
346349, 56960, 1, 0, 0
346449, 61440, 1, 0, 0
346549, 60160, 1, 0, 0
346649, 59520, 1, 0, 0
346749, 59520, 1, 0, 0
346849, 55040, 1, 0, 0
346949, 61440, 1, 0, 0
347050, 62080, 1, 0, 0
347150, 60800, 1, 0, 0
347250, 56960, 1, 0, 0
347350, 62080, 1, 0, 0
347450, 56960, 1, 0, 0
347550, 58240, 1, 0, 0
347650, 58240, 1, 0, 0
347749, 58181, 1, 0, 0
347849, 60160, 1, 0, 0
347949, 57600, 1, 0, 0
348049, 59520, 1, 0, 0
348149, 60160, 1, 0, 0
348250, 60160, 1, 0, 0
348350, 59520, 1, 0, 0
348450, 58880, 1, 0, 0
348550, 61440, 1, 0, 0
348650, 59520, 1, 0, 0
348749, 58828, 1, 0, 0
348849, 60800, 1, 0, 0
348949, 59520, 1, 0, 0
349049, 60160, 1, 0, 0
349149, 59520, 1, 0, 0
349249, 58880, 1, 0, 0
349349, 64640, 1, 0, 0
349449, 56960, 1, 0, 0
349549, 56320, 1, 0, 0
349649, 60160, 1, 0, 0
349750, 60160, 1, 0, 0
349850, 58880, 1, 0, 0
349950, 62080, 1, 0, 0
350050, 59520, 1, 0, 0
350150, 59520, 1, 0, 0
350249, 60767, 1, 0, 0
350349, 60160, 1, 0, 0
350449, 55680, 1, 0, 0
350549, 58240, 1, 0, 0
350649, 56960, 1, 0, 0
350749, 55680, 1, 0, 0
350849, 60160, 1, 0, 0
350949, 58240, 1, 0, 0
351049, 58880, 1, 0, 0
351149, 62080, 1, 0, 0
351250, 60160, 1, 0, 0
351350, 59520, 1, 0, 0
351450, 56960, 1, 0, 0
351550, 59520, 1, 0, 0
351650, 60160, 1, 0, 0
351749, 60767, 1, 0, 0
351849, 61440, 1, 0, 0
351949, 63360, 1, 0, 0
352049, 59520, 1, 0, 0
352149, 54400, 1, 0, 0
352249, 60160, 1, 0, 0
352349, 59520, 1, 0, 0
352449, 60800, 1, 0, 0
352549, 61440, 1, 0, 0
352649, 60800, 1, 0, 0
352750, 62080, 1, 0, 0
352850, 60800, 1, 0, 0
352950, 61440, 1, 0, 0
353050, 58240, 1, 0, 0
353150, 58880, 1, 0, 0
353249, 58828, 1, 0, 0
353349, 62720, 1, 0, 0
353449, 59520, 1, 0, 0
353549, 61440, 1, 0, 0
353649, 62720, 1, 0, 0
353749, 60800, 1, 0, 0
353849, 63360, 1, 0, 0
353949, 60160, 1, 0, 0
354049, 62080, 1, 0, 0
354149, 62720, 1, 0, 0
354250, 62720, 1, 0, 0
354350, 62080, 1, 0, 0
354450, 60800, 1, 0, 0
354550, 58880, 1, 0, 0
354650, 58240, 1, 0, 0
354749, 60767, 1, 0, 0
354849, 61440, 1, 0, 0
354949, 60160, 1, 0, 0
355049, 60800, 1, 0, 0
355149, 62720, 1, 0, 0
355249, 62080, 1, 0, 0
355349, 62720, 1, 0, 0
355449, 59520, 1, 0, 0
355549, 60160, 1, 0, 0
355649, 64000, 1, 0, 0
355750, 56960, 1, 0, 0
355850, 63360, 1, 0, 0
355950, 61440, 1, 0, 0
356050, 58880, 1, 0, 0
356150, 56960, 1, 0, 0
356249, 61414, 1, 0, 0
356349, 59520, 1, 0, 0
356449, 59520, 1, 0, 0
356549, 59520, 1, 0, 0
356649, 59520, 1, 0, 0
356749, 61440, 1, 0, 0
356849, 59520, 1, 0, 0
356949, 59520, 1, 0, 0
357050, 61440, 1, 0, 0
357150, 58240, 1, 0, 0
357249, 61414, 1, 0, 0
357349, 59520, 1, 0, 0
357449, 63360, 1, 0, 0
357549, 59520, 1, 0, 0
357649, 56320, 1, 0, 0
357749, 63360, 1, 0, 0
357849, 62720, 1, 0, 0
357949, 60800, 1, 0, 0
358049, 63360, 1, 0, 0
358149, 58880, 1, 0, 0
358250, 56960, 1, 0, 0
358350, 56320, 1, 0, 0
358450, 60800, 1, 0, 0
358550, 62080, 1, 0, 0
358650, 62720, 1, 0, 0
358749, 59474, 1, 0, 0
358849, 60160, 1, 0, 0
358949, 61440, 1, 0, 0
359049, 56960, 1, 0, 0
359149, 56320, 1, 0, 0
359249, 59520, 1, 0, 0
359349, 55040, 1, 0, 0
359449, 63360, 1, 0, 0
359550, 58240, 1, 0, 0
359650, 60160, 1, 0, 0
359750, 59520, 1, 0, 0
359850, 61440, 1, 0, 0
359950, 60800, 1, 0, 0
360050, 59520, 1, 0, 0
360150, 62720, 1, 0, 0
360249, 61414, 1, 0, 0
360349, 62080, 1, 0, 0
360449, 64640, 1, 0, 0
360549, 62720, 1, 0, 0
360649, 59520, 1, 0, 0
360749, 63360, 1, 0, 0
360849, 60800, 1, 0, 0
360949, 61440, 1, 0, 0
361050, 58880, 1, 0, 0
361150, 58880, 1, 0, 0
361250, 60800, 1, 0, 0
361350, 58240, 1, 0, 0
361450, 61440, 1, 0, 0
361550, 64640, 1, 0, 0
361650, 58880, 1, 0, 0
361749, 59474, 1, 0, 0
361849, 59520, 1, 0, 0
361949, 60800, 1, 0, 0
362049, 60800, 1, 0, 0
362149, 60800, 1, 0, 0
362249, 61440, 1, 0, 0
362349, 61440, 1, 0, 0
362450, 62080, 1, 0, 0
362550, 62080, 1, 0, 0
362650, 62080, 1, 0, 0
362749, 60767, 1, 0, 0
362849, 64640, 1, 0, 0
362949, 64000, 1, 0, 0
363049, 62720, 1, 0, 0
363149, 58240, 1, 0, 0
363249, 62080, 1, 0, 0
363349, 61440, 1, 0, 0
363449, 62720, 1, 0, 0
363549, 60160, 1, 0, 0
363649, 62080, 1, 0, 0
363750, 62080, 1, 0, 0
363850, 62080, 1, 0, 0
363950, 60800, 1, 0, 0
364050, 62720, 1, 0, 0
364150, 64000, 1, 0, 0
364249, 60767, 1, 0, 0
364349, 62080, 1, 0, 0
364449, 62720, 1, 0, 0
364549, 64000, 1, 0, 0
364649, 61440, 1, 0, 0
364749, 62720, 1, 0, 0
364849, 60160, 1, 0, 0
364949, 62720, 1, 0, 0
365049, 60800, 1, 0, 0
365149, 62080, 1, 0, 0
365249, 60800, 1, 0, 0
365349, 60160, 1, 0, 0
365450, 64000, 1, 0, 0
365550, 62720, 1, 0, 0
365650, 62080, 1, 0, 0
365750, 62720, 1, 0, 0
365850, 61440, 1, 0, 0
365950, 61440, 1, 0, 0
366050, 60160, 1, 0, 0
366150, 64640, 1, 0, 0
366249, 59474, 1, 0, 0
366349, 61440, 1, 0, 0
366449, 60160, 1, 0, 0
366549, 59520, 1, 0, 0
366649, 61440, 1, 0, 0
366749, 61440, 1, 0, 0
366849, 64000, 1, 0, 0
366949, 60800, 1, 0, 0
367050, 61440, 1, 0, 0
367150, 62720, 1, 0, 0
367249, 62707, 1, 0, 0
367349, 62080, 1, 0, 0
367449, 63360, 1, 0, 0
367549, 62720, 1, 0, 0
367649, 61440, 1, 0, 0
367749, 63360, 1, 0, 0
367849, 61440, 1, 0, 0
367949, 61440, 1, 0, 0
368049, 62720, 1, 0, 0
368149, 62720, 1, 0, 0
368250, 64000, 1, 0, 0
368350, 60800, 1, 0, 0
368450, 62080, 1, 0, 0
368550, 60800, 1, 0, 0
368650, 62080, 1, 0, 0
368749, 64000, 1, 0, 0
368849, 62080, 1, 0, 0
368949, 63360, 1, 0, 0
369049, 63360, 1, 0, 0
369149, 61440, 1, 0, 0
369249, 58240, 1, 0, 0
369349, 62080, 1, 0, 0
369449, 62720, 1, 0, 0
369550, 62720, 1, 0, 0
369650, 63360, 1, 0, 0
369750, 62720, 1, 0, 0
369850, 60800, 1, 0, 0
369950, 60160, 1, 0, 0
370050, 58880, 1, 0, 0
370150, 63360, 1, 0, 0
370249, 61414, 1, 0, 0
370349, 60800, 1, 0, 0
370449, 60160, 1, 0, 0
370549, 59520, 1, 0, 0
370649, 59520, 1, 0, 0
370749, 62720, 1, 0, 0
370850, 62080, 1, 0, 0
370950, 60160, 1, 0, 0
371050, 62080, 1, 0, 0
371150, 61440, 1, 0, 0
371249, 59474, 1, 0, 0
371349, 64000, 1, 0, 0
371449, 62720, 1, 0, 0
371549, 62080, 1, 0, 0
371649, 59520, 1, 0, 0
371749, 62720, 1, 0, 0
371849, 61440, 1, 0, 0
371949, 62720, 1, 0, 0
372049, 60160, 1, 0, 0
372149, 62080, 1, 0, 0
372250, 63360, 1, 0, 0
372350, 62080, 1, 0, 0
372450, 59520, 1, 0, 0
372550, 58880, 1, 0, 0
372650, 59520, 1, 0, 0
372749, 61414, 1, 0, 0
372849, 60160, 1, 0, 0
372949, 63360, 1, 0, 0
373049, 61440, 1, 0, 0
373149, 60160, 1, 0, 0
373249, 61440, 1, 0, 0
373349, 60160, 1, 0, 0
373449, 61440, 1, 0, 0
373549, 60800, 1, 0, 0
373649, 62080, 1, 0, 0
373750, 60160, 1, 0, 0
373850, 60800, 1, 0, 0
373950, 61440, 1, 0, 0
374050, 59520, 1, 0, 0
374150, 61440, 1, 0, 0
374249, 61414, 1, 0, 0
374349, 62080, 1, 0, 0
374449, 60160, 1, 0, 0
374549, 60800, 1, 0, 0
374649, 63360, 1, 0, 0
374749, 61440, 1, 0, 0
374849, 59520, 1, 0, 0
374949, 59520, 1, 0, 0
375049, 60160, 1, 0, 0
375149, 62080, 1, 0, 0
375249, 60800, 1, 0, 0
375349, 59520, 1, 0, 0
375450, 61440, 1, 0, 0
375550, 61440, 1, 0, 0
375650, 60800, 1, 0, 0
375749, 56242, 1, 0, 0
375849, 62720, 1, 0, 0
375949, 61440, 1, 0, 0
376049, 62080, 1, 0, 0
376149, 61440, 1, 0, 0
376249, 63360, 1, 0, 0
376349, 60160, 1, 0, 0
376449, 60800, 1, 0, 0
376549, 57600, 1, 0, 0
376649, 60800, 1, 0, 0
376750, 60800, 1, 0, 0
376850, 61440, 1, 0, 0
376950, 61440, 1, 0, 0
377050, 60800, 1, 0, 0
377150, 62080, 1, 0, 0
377249, 58828, 1, 0, 0
377349, 55680, 1, 0, 0
377449, 61440, 1, 0, 0
377549, 62720, 1, 0, 0
377649, 61440, 1, 0, 0
377749, 58240, 1, 0, 0
377849, 59520, 1, 0, 0
377950, 58880, 1, 0, 0
378050, 58880, 1, 0, 0
378150, 61440, 1, 0, 0
378249, 60767, 1, 0, 0
378349, 62080, 1, 0, 0
378449, 61440, 1, 0, 0
378549, 61440, 1, 0, 0
378649, 62080, 1, 0, 0
378749, 60160, 1, 0, 0
378849, 61440, 1, 0, 0
378949, 61440, 1, 0, 0
379049, 56960, 1, 0, 0
379149, 62720, 1, 0, 0
379250, 62720, 1, 0, 0
379350, 62720, 1, 0, 0
379450, 60160, 1, 0, 0
379550, 61440, 1, 0, 0
379650, 62720, 1, 0, 0
379749, 64000, 1, 0, 0
379849, 60800, 1, 0, 0
379949, 60800, 1, 0, 0
380049, 62720, 1, 0, 0
380149, 62720, 1, 0, 0
380249, 61440, 1, 0, 0
380349, 61440, 1, 0, 0
380449, 62720, 1, 0, 0
380549, 62080, 1, 0, 0
380649, 59520, 1, 0, 0
380750, 63360, 1, 0, 0
380850, 62720, 1, 0, 0
380950, 60800, 1, 0, 0
381050, 64640, 1, 0, 0
381150, 62080, 1, 0, 0
381249, 61414, 1, 0, 0
381349, 65280, 1, 0, 0
381449, 63360, 1, 0, 0
381549, 62080, 1, 0, 0
381649, 62720, 1, 0, 0
381749, 64640, 1, 0, 0
381849, 65920, 1, 0, 0
381949, 62720, 1, 0, 0
382049, 63360, 1, 0, 0
382149, 58880, 1, 0, 0
382250, 60800, 1, 0, 0
382350, 58880, 1, 0, 0
382450, 60800, 1, 0, 0
382550, 59520, 1, 0, 0
382650, 60800, 1, 0, 0
382749, 60121, 1, 0, 0
382849, 62080, 1, 0, 0
382949, 61440, 1, 0, 0
383049, 62720, 1, 0, 0
383149, 60160, 1, 0, 0
383249, 62720, 1, 0, 0
383349, 60160, 1, 0, 0
383449, 60800, 1, 0, 0
383549, 62080, 1, 0, 0
383649, 65280, 1, 0, 0
383750, 62080, 1, 0, 0
383850, 62720, 1, 0, 0
383950, 62720, 1, 0, 0
384050, 63360, 1, 0, 0
384150, 61440, 1, 0, 0
384249, 62060, 1, 0, 0
384349, 61440, 1, 0, 0
384449, 62720, 1, 0, 0
384549, 64640, 1, 0, 0
384649, 60160, 1, 0, 0
384749, 62720, 1, 0, 0
384849, 60160, 1, 0, 0
384949, 60160, 1, 0, 0
385049, 63360, 1, 0, 0
385149, 61440, 1, 0, 0
385250, 60160, 1, 0, 0
385350, 56320, 1, 0, 0
385450, 61440, 1, 0, 0
385550, 61440, 1, 0, 0
385650, 62720, 1, 0, 0
385749, 65292, 1, 0, 0
385849, 62080, 1, 0, 0
385949, 61440, 1, 0, 0
386049, 58880, 1, 0, 0
386149, 62720, 1, 0, 0
386249, 63360, 1, 0, 0
386349, 62080, 1, 0, 0
386449, 61440, 1, 0, 0
386550, 60800, 1, 0, 0
386650, 61440, 1, 0, 0
386750, 60800, 1, 0, 0
386850, 61440, 1, 0, 0
386950, 60160, 1, 0, 0
387050, 62080, 1, 0, 0
387150, 61440, 1, 0, 0
387249, 62060, 1, 0, 0
387349, 62720, 1, 0, 0
387449, 62080, 1, 0, 0
387549, 60160, 1, 0, 0
387649, 62080, 1, 0, 0
387749, 59520, 1, 0, 0
387849, 63360, 1, 0, 0
387949, 63360, 1, 0, 0
388050, 62080, 1, 0, 0
388150, 64000, 1, 0, 0
388250, 63360, 1, 0, 0
388350, 62080, 1, 0, 0
388450, 60160, 1, 0, 0
388550, 62080, 1, 0, 0
388650, 58880, 1, 0, 0
388749, 61414, 1, 0, 0
388849, 60800, 1, 0, 0
388949, 61440, 1, 0, 0
389049, 64000, 1, 0, 0
389149, 58880, 1, 0, 0
389249, 64640, 1, 0, 0
389349, 64000, 1, 0, 0
389450, 62720, 1, 0, 0
389550, 63360, 1, 0, 0
389650, 60160, 1, 0, 0
389749, 62060, 1, 0, 0
389849, 62720, 1, 0, 0
389949, 64000, 1, 0, 0
390049, 62720, 1, 0, 0
390149, 62080, 1, 0, 0
390249, 62080, 1, 0, 0
390349, 64000, 1, 0, 0
390449, 62080, 1, 0, 0
390549, 59520, 1, 0, 0
390649, 60800, 1, 0, 0
390749, 65920, 1, 0, 0
390850, 60160, 1, 0, 0
390950, 63360, 1, 0, 0
391050, 62080, 1, 0, 0
391150, 58240, 1, 0, 0
391249, 62060, 1, 0, 0
391349, 61440, 1, 0, 0
391449, 62080, 1, 0, 0
391549, 60800, 1, 0, 0
391649, 62720, 1, 0, 0
391749, 62720, 1, 0, 0
391849, 61440, 1, 0, 0
391949, 62080, 1, 0, 0
392049, 62720, 1, 0, 0
392149, 62080, 1, 0, 0
392250, 60160, 1, 0, 0
392350, 60800, 1, 0, 0
392450, 61440, 1, 0, 0
392550, 62080, 1, 0, 0
392650, 61440, 1, 0, 0
392749, 63353, 1, 0, 0
392849, 57600, 1, 0, 0
392949, 60800, 1, 0, 0
393049, 64000, 1, 0, 0
393149, 58880, 1, 0, 0
393249, 59520, 1, 0, 0
393349, 62080, 1, 0, 0
393449, 59520, 1, 0, 0
393549, 60160, 1, 0, 0
393649, 60160, 1, 0, 0
393750, 58880, 1, 0, 0
393850, 61440, 1, 0, 0
393950, 62080, 1, 0, 0
394050, 62080, 1, 0, 0
394150, 63360, 1, 0, 0
394249, 61414, 1, 0, 0
394349, 56960, 1, 0, 0
394449, 60800, 1, 0, 0
394549, 60160, 1, 0, 0
394649, 65280, 1, 0, 0
394749, 58880, 1, 0, 0
394849, 63360, 1, 0, 0
394949, 61440, 1, 0, 0
395049, 58880, 1, 0, 0
395149, 60800, 1, 0, 0
395249, 60160, 1, 0, 0
395350, 62720, 1, 0, 0
395450, 63360, 1, 0, 0
395550, 60160, 1, 0, 0
395650, 60800, 1, 0, 0
395749, 62060, 1, 0, 0
395849, 60800, 1, 0, 0
395949, 61440, 1, 0, 0
396049, 61440, 1, 0, 0
396149, 59520, 1, 0, 0
396249, 61440, 1, 0, 0
396349, 60800, 1, 0, 0
396449, 60800, 1, 0, 0
396549, 60800, 1, 0, 0
396649, 60800, 1, 0, 0
396750, 61440, 1, 0, 0
396850, 60160, 1, 0, 0
396950, 61440, 1, 0, 0
397050, 58880, 1, 0, 0
397150, 58880, 1, 0, 0
397249, 57535, 1, 0, 0
397349, 64000, 1, 0, 0
397449, 58880, 1, 0, 0
397549, 60160, 1, 0, 0
397649, 62720, 1, 0, 0
397749, 60800, 1, 0, 0
397849, 64000, 1, 0, 0
397949, 62080, 1, 0, 0
398050, 62080, 1, 0, 0
398150, 59520, 1, 0, 0
398250, 62080, 1, 0, 0
398350, 56960, 1, 0, 0
398450, 57600, 1, 0, 0
398550, 61440, 1, 0, 0
398650, 59520, 1, 0, 0
398749, 60767, 1, 0, 0
398849, 64000, 1, 0, 0
398949, 60800, 1, 0, 0
399049, 59520, 1, 0, 0
399149, 58880, 1, 0, 0
399249, 58240, 1, 0, 0
399349, 63360, 1, 0, 0
399450, 62080, 1, 0, 0
399550, 62720, 1, 0, 0
399650, 59520, 1, 0, 0
399749, 61414, 1, 0, 0
399849, 62720, 1, 0, 0
399949, 62720, 1, 0, 0
400049, 58880, 1, 0, 0
400149, 58240, 1, 0, 0
400249, 60800, 1, 0, 0
400349, 60160, 1, 0, 0
400449, 61440, 1, 0, 0
400549, 58880, 1, 0, 0
400649, 60160, 1, 0, 0
400750, 61440, 1, 0, 0
400850, 61440, 1, 0, 0
400950, 58880, 1, 0, 0
401050, 60160, 1, 0, 0
401150, 61440, 1, 0, 0
401249, 63353, 1, 0, 0
401349, 64000, 1, 0, 0
401449, 62080, 1, 0, 0
401549, 62720, 1, 0, 0
401649, 62720, 1, 0, 0
401749, 58880, 1, 0, 0
401849, 58880, 1, 0, 0
401949, 63360, 1, 0, 0
402050, 65280, 1, 0, 0
402150, 60800, 1, 0, 0
402250, 58240, 1, 0, 0
402350, 62080, 1, 0, 0
402450, 60800, 1, 0, 0
402550, 62080, 1, 0, 0
402650, 60800, 1, 0, 0
402749, 62060, 1, 0, 0
402849, 62080, 1, 0, 0
402949, 62720, 1, 0, 0
403049, 61440, 1, 0, 0
403149, 60800, 1, 0, 0
403249, 60800, 1, 0, 0
403349, 62080, 1, 0, 0
403449, 58880, 1, 0, 0
403550, 58880, 1, 0, 0
403650, 62720, 1, 0, 0
403750, 64000, 1, 0, 0
403850, 60800, 1, 0, 0
403950, 61440, 1, 0, 0
404050, 62720, 1, 0, 0
404150, 60160, 1, 0, 0
404249, 60767, 1, 0, 0
404349, 62080, 1, 0, 0
404449, 61440, 1, 0, 0
404549, 60800, 1, 0, 0
404649, 59520, 1, 0, 0
404749, 62720, 1, 0, 0
404849, 62080, 1, 0, 0
404949, 64000, 1, 0, 0
405050, 60800, 1, 0, 0
405150, 60800, 1, 0, 0
405250, 61440, 1, 0, 0
405350, 60800, 1, 0, 0
405450, 61440, 1, 0, 0
405550, 58240, 1, 0, 0
405650, 60800, 1, 0, 0
405749, 58181, 1, 0, 0
405849, 64000, 1, 0, 0
405949, 59520, 1, 0, 0
406049, 58240, 1, 0, 0
406149, 60800, 1, 0, 0
406249, 60800, 1, 0, 0
406349, 62080, 1, 0, 0
406449, 61440, 1, 0, 0
406550, 58880, 1, 0, 0
406650, 60800, 1, 0, 0
406750, 59520, 1, 0, 0
406850, 60800, 1, 0, 0
406950, 60800, 1, 0, 0
407050, 60160, 1, 0, 0
407150, 60800, 1, 0, 0
407249, 62707, 1, 0, 0
407349, 60800, 1, 0, 0
407449, 60160, 1, 0, 0
407549, 61440, 1, 0, 0
407649, 58240, 1, 0, 0
407749, 58880, 1, 0, 0
407849, 59520, 1, 0, 0
407949, 61440, 1, 0, 0
408050, 58880, 1, 0, 0
408150, 59520, 1, 0, 0
408250, 59520, 1, 0, 0
408350, 63360, 1, 0, 0
408450, 61440, 1, 0, 0
408550, 60160, 1, 0, 0
408650, 60800, 1, 0, 0
408749, 62707, 1, 0, 0
408849, 60160, 1, 0, 0
408949, 58240, 1, 0, 0
409049, 58880, 1, 0, 0
409149, 62720, 1, 0, 0
409249, 62720, 1, 0, 0
409349, 60800, 1, 0, 0
409449, 58880, 1, 0, 0
409550, 60160, 1, 0, 0
409650, 62080, 1, 0, 0
409750, 60160, 1, 0, 0
409850, 60800, 1, 0, 0
409950, 60800, 1, 0, 0
410050, 64000, 1, 0, 0
410150, 56960, 1, 0, 0
410249, 58828, 1, 0, 0
410349, 61440, 1, 0, 0
410449, 61440, 1, 0, 0
410549, 57600, 1, 0, 0
410649, 62080, 1, 0, 0
410749, 60160, 1, 0, 0
410849, 58880, 1, 0, 0
410950, 60160, 1, 0, 0
411050, 60160, 1, 0, 0
411150, 58880, 1, 0, 0
411250, 58880, 1, 0, 0
411350, 60800, 1, 0, 0
411450, 58240, 1, 0, 0
411550, 58880, 1, 0, 0
411650, 62720, 1, 0, 0
411749, 60121, 1, 0, 0
411849, 60800, 1, 0, 0
411949, 62080, 1, 0, 0
412049, 61440, 1, 0, 0
412149, 60800, 1, 0, 0
412249, 60800, 1, 0, 0
412349, 60800, 1, 0, 0
412449, 62080, 1, 0, 0
412550, 57600, 1, 0, 0
412650, 62720, 1, 0, 0
412750, 61440, 1, 0, 0
412850, 62080, 1, 0, 0
412950, 61440, 1, 0, 0
413050, 60160, 1, 0, 0
413150, 58880, 1, 0, 0
413249, 62707, 1, 0, 0
413349, 62080, 1, 0, 0
413449, 62720, 1, 0, 0
413549, 60160, 1, 0, 0
413649, 62720, 1, 0, 0
413749, 62720, 1, 0, 0
413849, 58880, 1, 0, 0
413950, 56960, 1, 0, 0
414050, 58240, 1, 0, 0
414150, 58880, 1, 0, 0
414250, 59520, 1, 0, 0
414350, 58880, 1, 0, 0
414450, 62080, 1, 0, 0
414550, 62080, 1, 0, 0
414650, 65280, 1, 0, 0
414749, 63353, 1, 0, 0
414849, 61440, 1, 0, 0
414949, 61440, 1, 0, 0
415049, 64640, 1, 0, 0
415149, 61440, 1, 0, 0
415249, 64640, 1, 0, 0
415349, 61440, 1, 0, 0
415449, 62080, 1, 0, 0
415550, 62720, 1, 0, 0
415650, 62720, 1, 0, 0
415750, 62080, 1, 0, 0
415850, 60800, 1, 0, 0
415950, 60160, 1, 0, 0
416050, 64640, 1, 0, 0
416150, 63360, 1, 0, 0
416249, 67232, 1, 0, 0
416349, 61440, 1, 0, 0
416449, 60800, 1, 0, 0
416549, 63360, 1, 0, 0
416649, 61440, 1, 0, 0
416749, 60160, 1, 0, 0
416849, 60160, 1, 0, 0
416949, 60800, 1, 0, 0
417050, 62720, 1, 0, 0
417150, 60800, 1, 0, 0
417250, 63360, 1, 0, 0
417350, 62080, 1, 0, 0
417450, 61440, 1, 0, 0
417550, 60800, 1, 0, 0
417650, 64640, 1, 0, 0
417749, 62060, 1, 0, 0
417849, 59520, 1, 0, 0
417949, 58880, 1, 0, 0
418049, 64000, 1, 0, 0
418149, 61440, 1, 0, 0
418249, 61440, 1, 0, 0
418349, 63360, 1, 0, 0
418449, 58880, 1, 0, 0
418550, 59520, 1, 0, 0
418650, 61440, 1, 0, 0
418750, 64640, 1, 0, 0
418850, 63360, 1, 0, 0
418950, 60800, 1, 0, 0
419050, 60800, 1, 0, 0
419150, 64000, 1, 0, 0
419249, 60767, 1, 0, 0
419349, 61440, 1, 0, 0
419449, 58880, 1, 0, 0
419549, 58240, 1, 0, 0
419649, 61440, 1, 0, 0
419749, 61440, 1, 0, 0
419849, 60800, 1, 0, 0
419950, 65920, 1, 0, 0
420050, 64640, 1, 0, 0
420150, 60800, 1, 0, 0
420249, 62707, 1, 0, 0
420349, 65920, 1, 0, 0
420449, 62080, 1, 0, 0
420549, 60800, 1, 0, 0
420649, 61440, 1, 0, 0
420749, 61440, 1, 0, 0
420849, 64000, 1, 0, 0
420949, 62080, 1, 0, 0
421049, 62720, 1, 0, 0
421149, 65920, 1, 0, 0
421250, 60800, 1, 0, 0
421350, 62720, 1, 0, 0
421450, 58880, 1, 0, 0
421550, 64000, 1, 0, 0
421650, 60160, 1, 0, 0
421749, 64646, 1, 0, 0
421849, 61440, 1, 0, 0
421949, 62720, 1, 0, 0
422049, 58240, 1, 0, 0
422149, 63360, 1, 0, 0
422249, 62720, 1, 0, 0
422349, 61440, 1, 0, 0
422449, 61440, 1, 0, 0
422549, 60800, 1, 0, 0
422649, 60800, 1, 0, 0
422750, 60160, 1, 0, 0
422850, 60160, 1, 0, 0
422950, 62720, 1, 0, 0
423050, 60800, 1, 0, 0
423150, 56960, 1, 0, 0
423249, 64000, 1, 0, 0
423349, 59520, 1, 0, 0
423449, 63360, 1, 0, 0
423549, 61440, 1, 0, 0
423649, 64000, 1, 0, 0
423749, 62720, 1, 0, 0
423849, 60800, 1, 0, 0
423949, 62720, 1, 0, 0
424050, 62080, 1, 0, 0
424150, 63360, 1, 0, 0
424250, 62080, 1, 0, 0
424350, 62720, 1, 0, 0
424450, 60160, 1, 0, 0
424550, 64000, 1, 0, 0
424650, 61440, 1, 0, 0
424749, 61414, 1, 0, 0
424849, 64640, 1, 0, 0
424949, 61440, 1, 0, 0
425049, 62720, 1, 0, 0
425149, 61440, 1, 0, 0
425249, 62080, 1, 0, 0
425349, 63360, 1, 0, 0
425449, 62080, 1, 0, 0
425550, 61440, 1, 0, 0
425650, 62720, 1, 0, 0
425750, 61440, 1, 0, 0
425850, 59520, 1, 0, 0
425950, 60800, 1, 0, 0
426050, 62080, 1, 0, 0
426150, 62080, 1, 0, 0
426249, 64646, 1, 0, 0
426349, 62080, 1, 0, 0
426449, 62720, 1, 0, 0
426549, 60160, 1, 0, 0
426649, 62080, 1, 0, 0
426749, 63360, 1, 0, 0
426849, 60800, 1, 0, 0
426950, 64000, 1, 0, 0
427050, 60800, 1, 0, 0
427150, 60160, 1, 0, 0
427250, 60160, 1, 0, 0
427350, 64000, 1, 0, 0
427450, 60800, 1, 0, 0
427550, 60800, 1, 0, 0
427650, 63360, 1, 0, 0
427749, 61414, 1, 0, 0
427849, 63360, 1, 0, 0
427949, 60160, 1, 0, 0
428049, 63360, 1, 0, 0
428149, 63360, 1, 0, 0
428249, 60800, 1, 0, 0
428350, 60800, 1, 0, 0
428450, 62720, 1, 0, 0
428550, 64000, 1, 0, 0
428650, 64000, 1, 0, 0
428749, 62060, 1, 0, 0
428849, 63360, 1, 0, 0
428949, 62720, 1, 0, 0
429049, 61440, 1, 0, 0
429149, 62720, 1, 0, 0
429249, 63360, 1, 0, 0
429349, 63360, 1, 0, 0
429449, 64000, 1, 0, 0
429549, 61440, 1, 0, 0
429649, 63360, 1, 0, 0
429750, 61440, 1, 0, 0
429850, 63360, 1, 0, 0
429950, 62080, 1, 0, 0
430050, 62080, 1, 0, 0
430150, 62080, 1, 0, 0
430249, 62707, 1, 0, 0
430349, 58240, 1, 0, 0
430449, 59520, 1, 0, 0
430549, 63360, 1, 0, 0
430649, 58240, 1, 0, 0
430749, 61440, 1, 0, 0
430849, 60160, 1, 0, 0
430949, 61440, 1, 0, 0
431049, 61440, 1, 0, 0
431149, 61440, 1, 0, 0
431250, 60800, 1, 0, 0
431350, 60800, 1, 0, 0
431450, 61440, 1, 0, 0
431550, 62080, 1, 0, 0
431650, 61440, 1, 0, 0
431749, 63353, 1, 0, 0
431849, 60800, 1, 0, 0
431949, 63360, 1, 0, 0
432049, 62720, 1, 0, 0
432149, 65280, 1, 0, 0
432249, 60800, 1, 0, 0
432349, 61440, 1, 0, 0
432449, 60800, 1, 0, 0
432549, 58880, 1, 0, 0
432649, 57600, 1, 0, 0
432750, 60160, 1, 0, 0
432850, 58240, 1, 0, 0
432950, 56960, 1, 0, 0
433050, 58240, 1, 0, 0
433150, 60800, 1, 0, 0
433249, 57535, 1, 0, 0
433349, 61440, 1, 0, 0
433449, 62080, 1, 0, 0
433549, 58880, 1, 0, 0
433649, 62720, 1, 0, 0
433749, 60800, 1, 0, 0
433849, 62080, 1, 0, 0
433949, 60800, 1, 0, 0
434050, 58880, 1, 0, 0
434150, 58880, 1, 0, 0
434250, 58880, 1, 0, 0
434350, 58240, 1, 0, 0
434450, 61440, 1, 0, 0
434550, 60800, 1, 0, 0
434650, 62080, 1, 0, 0
434749, 58828, 1, 0, 0
434849, 60160, 1, 0, 0
434949, 59520, 1, 0, 0
435049, 60800, 1, 0, 0
435149, 61440, 1, 0, 0
435249, 59520, 1, 0, 0
435349, 60160, 1, 0, 0
435449, 58240, 1, 0, 0
435550, 57600, 1, 0, 0
435650, 58880, 1, 0, 0
435750, 60160, 1, 0, 0
435850, 61440, 1, 0, 0
435950, 60800, 1, 0, 0
436050, 58880, 1, 0, 0
436150, 61440, 1, 0, 0
436249, 59474, 1, 0, 0
436349, 58880, 1, 0, 0
436449, 62720, 1, 0, 0
436549, 59520, 1, 0, 0
436649, 49920, 1, 0, 0
436749, 62080, 1, 0, 0
436850, 56960, 1, 0, 0
436950, 57600, 1, 0, 0
437050, 59520, 1, 0, 0
437150, 59520, 1, 0, 0
437249, 60121, 1, 0, 0
437349, 60160, 1, 0, 0
437449, 57600, 1, 0, 0
437549, 58240, 1, 0, 0
437649, 56960, 1, 0, 0
437749, 60800, 1, 0, 0
437849, 60800, 1, 0, 0
437949, 61440, 1, 0, 0
438049, 63360, 1, 0, 0
438149, 62720, 1, 0, 0
438250, 60800, 1, 0, 0
438350, 60800, 1, 0, 0
438450, 61440, 1, 0, 0
438550, 62080, 1, 0, 0
438650, 60800, 1, 0, 0
438749, 60767, 1, 0, 0
438849, 65280, 1, 0, 0
438949, 59520, 1, 0, 0
439049, 62080, 1, 0, 0
439149, 61440, 1, 0, 0
439249, 62720, 1, 0, 0
439349, 62720, 1, 0, 0
439449, 63360, 1, 0, 0
439549, 58880, 1, 0, 0
439650, 60800, 1, 0, 0
439750, 57600, 1, 0, 0
439850, 61440, 1, 0, 0
439950, 62080, 1, 0, 0
440050, 61440, 1, 0, 0
440150, 61440, 1, 0, 0
440249, 60121, 1, 0, 0
440349, 58880, 1, 0, 0
440449, 63360, 1, 0, 0
440549, 65280, 1, 0, 0
440649, 62080, 1, 0, 0
440749, 62080, 1, 0, 0
440849, 65280, 1, 0, 0
440949, 62080, 1, 0, 0
441050, 60800, 1, 0, 0
441150, 60160, 1, 0, 0
441250, 63360, 1, 0, 0
441350, 62080, 1, 0, 0
441450, 60800, 1, 0, 0
441550, 62080, 1, 0, 0
441650, 58240, 1, 0, 0
441749, 59474, 1, 0, 0
441849, 64000, 1, 0, 0
441949, 59520, 1, 0, 0
442049, 61440, 1, 0, 0
442149, 63360, 1, 0, 0
442249, 63360, 1, 0, 0
442349, 64000, 1, 0, 0
442449, 62720, 1, 0, 0
442550, 65920, 1, 0, 0
442650, 64000, 1, 0, 0
442750, 62720, 1, 0, 0
442850, 62080, 1, 0, 0
442950, 65280, 1, 0, 0
443050, 60800, 1, 0, 0
443150, 60800, 1, 0, 0
443249, 62060, 1, 0, 0
443349, 64000, 1, 0, 0
443449, 61440, 1, 0, 0
443549, 59520, 1, 0, 0
443649, 61440, 1, 0, 0
443749, 62080, 1, 0, 0
443849, 59520, 1, 0, 0
443949, 63360, 1, 0, 0
444050, 61440, 1, 0, 0
444150, 60160, 1, 0, 0
444250, 62720, 1, 0, 0
444350, 59520, 1, 0, 0
444450, 64000, 1, 0, 0
444550, 63360, 1, 0, 0
444650, 58880, 1, 0, 0
444749, 62707, 1, 0, 0
444849, 61440, 1, 0, 0
444949, 62720, 1, 0, 0
445049, 64640, 1, 0, 0
445149, 62080, 1, 0, 0
445249, 64000, 1, 0, 0
445349, 62720, 1, 0, 0
445449, 62080, 1, 0, 0
445550, 62080, 1, 0, 0
445650, 62080, 1, 0, 0
445750, 60160, 1, 0, 0
445850, 62080, 1, 0, 0
445950, 62720, 1, 0, 0
446050, 62720, 1, 0, 0
446150, 62080, 1, 0, 0
446249, 58828, 1, 0, 0
446349, 60800, 1, 0, 0
446449, 62720, 1, 0, 0
446549, 62720, 1, 0, 0
446649, 64000, 1, 0, 0
446749, 59520, 1, 0, 0
446849, 63360, 1, 0, 0
446949, 62720, 1, 0, 0
447050, 60800, 1, 0, 0
447150, 60160, 1, 0, 0
447250, 60800, 1, 0, 0
447350, 58880, 1, 0, 0
447450, 61440, 1, 0, 0
447550, 60160, 1, 0, 0
447650, 61440, 1, 0, 0
447749, 60767, 1, 0, 0
447849, 58880, 1, 0, 0
447949, 58880, 1, 0, 0
448049, 59520, 1, 0, 0
448149, 58880, 1, 0, 0
448249, 60160, 1, 0, 0
448350, 60160, 1, 0, 0
448450, 58880, 1, 0, 0
448550, 62720, 1, 0, 0
448650, 57600, 1, 0, 0
448749, 60767, 1, 0, 0
448849, 56960, 1, 0, 0
448949, 65280, 1, 0, 0
449049, 62720, 1, 0, 0
449149, 58880, 1, 0, 0
449249, 55040, 1, 0, 0
449349, 57600, 1, 0, 0
449449, 60160, 1, 0, 0
449550, 62720, 1, 0, 0
449650, 61440, 1, 0, 0
449750, 61440, 1, 0, 0
449850, 62080, 1, 0, 0
449950, 59520, 1, 0, 0
450050, 59520, 1, 0, 0
450150, 63360, 1, 0, 0
450249, 62060, 1, 0, 0
450349, 61440, 1, 0, 0
450449, 61440, 1, 0, 0
450549, 62720, 1, 0, 0
450649, 58880, 1, 0, 0
450749, 62720, 1, 0, 0
450850, 60800, 1, 0, 0
450950, 62080, 1, 0, 0
451050, 61440, 1, 0, 0
451150, 62080, 1, 0, 0
451249, 58828, 1, 0, 0
451349, 60160, 1, 0, 0
451449, 60160, 1, 0, 0
451549, 60160, 1, 0, 0
451649, 58240, 1, 0, 0
451749, 59520, 1, 0, 0
451849, 62080, 1, 0, 0
451949, 61440, 1, 0, 0
452049, 61440, 1, 0, 0
452149, 56960, 1, 0, 0
452250, 60160, 1, 0, 0
452350, 56960, 1, 0, 0
452450, 59520, 1, 0, 0
452550, 59520, 1, 0, 0
452650, 57600, 1, 0, 0
452749, 60121, 1, 0, 0
452849, 58880, 1, 0, 0
452949, 58240, 1, 0, 0
453049, 60160, 1, 0, 0
453149, 57600, 1, 0, 0
453249, 60160, 1, 0, 0
453349, 58240, 1, 0, 0
453449, 59520, 1, 0, 0
453550, 61440, 1, 0, 0
453650, 60800, 1, 0, 0
453750, 61440, 1, 0, 0
453850, 64000, 1, 0, 0
453950, 60800, 1, 0, 0
454050, 62720, 1, 0, 0
454150, 61440, 1, 0, 0
454249, 62707, 1, 0, 0
454349, 62080, 1, 0, 0
454449, 62720, 1, 0, 0
454549, 60160, 1, 0, 0
454649, 62080, 1, 0, 0
454749, 60160, 1, 0, 0
454849, 62080, 1, 0, 0
454949, 60160, 1, 0, 0
455050, 61440, 1, 0, 0
455150, 63360, 1, 0, 0
455250, 62080, 1, 0, 0
455350, 61440, 1, 0, 0
455450, 60160, 1, 0, 0
455550, 59520, 1, 0, 0
455650, 62080, 1, 0, 0
455749, 62707, 1, 0, 0
455849, 62080, 1, 0, 0
455949, 65280, 1, 0, 0
456049, 63360, 1, 0, 0
456149, 59520, 1, 0, 0
456249, 64000, 1, 0, 0
456349, 61440, 1, 0, 0
456450, 62720, 1, 0, 0
456550, 58880, 1, 0, 0
456650, 62720, 1, 0, 0
456750, 63360, 1, 0, 0
456850, 63360, 1, 0, 0
456950, 60800, 1, 0, 0
457050, 64000, 1, 0, 0
457150, 64000, 1, 0, 0
457249, 63353, 1, 0, 0
457349, 62080, 1, 0, 0
457449, 61440, 1, 0, 0
457549, 63360, 1, 0, 0
457649, 59520, 1, 0, 0
457749, 61440, 1, 0, 0
457849, 64000, 1, 0, 0
457950, 60800, 1, 0, 0
458050, 62080, 1, 0, 0
458150, 62720, 1, 0, 0
458250, 62080, 1, 0, 0
458350, 63360, 1, 0, 0
458450, 62720, 1, 0, 0
458550, 63360, 1, 0, 0
458650, 60800, 1, 0, 0
458749, 62707, 1, 0, 0
458849, 63360, 1, 0, 0
458949, 64000, 1, 0, 0
459049, 62080, 1, 0, 0
459149, 65280, 1, 0, 0
459249, 62080, 1, 0, 0
459349, 62720, 1, 0, 0
459449, 60800, 1, 0, 0
459550, 64000, 1, 0, 0
459650, 61440, 1, 0, 0
459750, 62080, 1, 0, 0
459850, 64000, 1, 0, 0
459950, 61440, 1, 0, 0
460050, 64000, 1, 0, 0
460150, 64640, 1, 0, 0
460249, 61414, 1, 0, 0
460349, 61440, 1, 0, 0
460449, 60800, 1, 0, 0
460549, 63360, 1, 0, 0
460649, 64640, 1, 0, 0
460749, 62720, 1, 0, 0
460849, 64000, 1, 0, 0
460950, 64000, 1, 0, 0
461050, 62720, 1, 0, 0
461150, 58880, 1, 0, 0
461250, 62720, 1, 0, 0
461350, 59520, 1, 0, 0
461450, 61440, 1, 0, 0
461550, 65920, 1, 0, 0
461650, 64640, 1, 0, 0
461749, 60121, 1, 0, 0
461849, 59520, 1, 0, 0
461949, 62080, 1, 0, 0
462049, 58240, 1, 0, 0
462149, 63360, 1, 0, 0
462249, 64000, 1, 0, 0
462349, 62720, 1, 0, 0
462449, 65280, 1, 0, 0
462550, 62720, 1, 0, 0
462650, 62720, 1, 0, 0
462750, 60160, 1, 0, 0
462850, 57600, 1, 0, 0
462950, 63360, 1, 0, 0
463050, 65280, 1, 0, 0
463150, 64640, 1, 0, 0
463249, 63353, 1, 0, 0
463349, 61440, 1, 0, 0
463449, 62720, 1, 0, 0
463549, 62720, 1, 0, 0
463649, 60160, 1, 0, 0
463749, 60800, 1, 0, 0
463849, 58240, 1, 0, 0
463949, 64000, 1, 0, 0
464050, 62720, 1, 0, 0
464150, 62080, 1, 0, 0
464250, 58880, 1, 0, 0
464350, 58880, 1, 0, 0
464450, 56960, 1, 0, 0
464550, 59520, 1, 0, 0
464650, 62720, 1, 0, 0
464749, 61414, 1, 0, 0
464849, 62080, 1, 0, 0
464949, 60800, 1, 0, 0
465049, 60800, 1, 0, 0
465149, 58880, 1, 0, 0
465250, 63360, 1, 0, 0
465350, 62720, 1, 0, 0
465450, 64000, 1, 0, 0
465550, 62080, 1, 0, 0
465650, 62720, 1, 0, 0
465749, 62707, 1, 0, 0
465849, 60800, 1, 0, 0
465949, 60160, 1, 0, 0
466049, 62080, 1, 0, 0
466149, 63360, 1, 0, 0
466249, 62720, 1, 0, 0
466349, 61440, 1, 0, 0
466449, 62720, 1, 0, 0
466549, 62080, 1, 0, 0
466649, 63360, 1, 0, 0
466750, 62720, 1, 0, 0
466850, 61440, 1, 0, 0
466950, 61440, 1, 0, 0
467050, 64000, 1, 0, 0
467150, 62720, 1, 0, 0
467249, 60767, 1, 0, 0
467349, 64000, 1, 0, 0
467449, 65280, 1, 0, 0
467549, 61440, 1, 0, 0
467649, 60160, 1, 0, 0
467749, 64000, 1, 0, 0
467849, 61440, 1, 0, 0
467949, 62080, 1, 0, 0
468049, 63360, 1, 0, 0
468150, 63360, 1, 0, 0
468250, 65280, 1, 0, 0
468350, 61440, 1, 0, 0
468450, 64640, 1, 0, 0
468550, 60800, 1, 0, 0
468650, 62080, 1, 0, 0
468749, 61414, 1, 0, 0
468849, 62080, 1, 0, 0
468949, 62080, 1, 0, 0
469049, 60160, 1, 0, 0
469149, 65920, 1, 0, 0
469249, 60800, 1, 0, 0
469349, 62080, 1, 0, 0
469449, 60800, 1, 0, 0
469550, 62720, 1, 0, 0
469650, 62080, 1, 0, 0
469750, 58880, 1, 0, 0
469850, 62720, 1, 0, 0
469950, 58880, 1, 0, 0
470050, 63360, 1, 0, 0
470150, 60800, 1, 0, 0
470249, 65939, 1, 0, 0
470349, 60800, 1, 0, 0
470449, 62720, 1, 0, 0
470549, 62080, 1, 0, 0
470649, 62720, 1, 0, 0
470749, 60160, 1, 0, 0
470849, 62720, 1, 0, 0
470949, 62080, 1, 0, 0
471050, 59520, 1, 0, 0
471150, 62720, 1, 0, 0
471250, 63360, 1, 0, 0
471350, 60800, 1, 0, 0
471450, 63360, 1, 0, 0
471550, 64640, 1, 0, 0
471650, 64640, 1, 0, 0
471749, 62060, 1, 0, 0
471849, 62720, 1, 0, 0
471949, 62720, 1, 0, 0
472049, 62080, 1, 0, 0
472149, 62080, 1, 0, 0
472249, 61440, 1, 0, 0
472349, 61440, 1, 0, 0
472449, 58880, 1, 0, 0
472550, 58240, 1, 0, 0
472650, 62080, 1, 0, 0
472750, 60800, 1, 0, 0
472850, 62720, 1, 0, 0
472950, 59520, 1, 0, 0
473050, 61440, 1, 0, 0
473150, 63360, 1, 0, 0
473249, 60767, 1, 0, 0
473349, 62720, 1, 0, 0
473449, 60800, 1, 0, 0
473549, 63360, 1, 0, 0
473649, 58880, 1, 0, 0
473749, 59520, 1, 0, 0
473849, 61440, 1, 0, 0
473949, 61440, 1, 0, 0
474050, 62080, 1, 0, 0
474150, 60160, 1, 0, 0
474250, 59520, 1, 0, 0
474350, 62080, 1, 0, 0
474450, 62080, 1, 0, 0
474550, 62720, 1, 0, 0
474650, 62080, 1, 0, 0
474749, 62707, 1, 0, 0
474849, 60160, 1, 0, 0
474949, 56320, 1, 0, 0
475049, 62080, 1, 0, 0
475149, 62080, 1, 0, 0
475250, 60800, 1, 0, 0
475350, 59520, 1, 0, 0
475450, 61440, 1, 0, 0
475550, 61440, 1, 0, 0
475650, 62720, 1, 0, 0
475749, 64646, 1, 0, 0
475849, 61440, 1, 0, 0
475949, 63360, 1, 0, 0
476049, 60800, 1, 0, 0
476149, 62720, 1, 0, 0
476249, 61440, 1, 0, 0
476349, 60800, 1, 0, 0
476449, 61440, 1, 0, 0
476549, 61440, 1, 0, 0
476650, 57600, 1, 0, 0
476750, 57600, 1, 0, 0
476850, 58240, 1, 0, 0
476950, 64000, 1, 0, 0
477050, 63360, 1, 0, 0
477150, 59520, 1, 0, 0
477249, 62707, 1, 0, 0
477349, 60800, 1, 0, 0
477449, 62080, 1, 0, 0
477549, 62720, 1, 0, 0
477649, 60160, 1, 0, 0
477749, 60800, 1, 0, 0
477849, 61440, 1, 0, 0
477949, 62720, 1, 0, 0
478050, 62080, 1, 0, 0
478150, 60160, 1, 0, 0
478250, 58240, 1, 0, 0
478350, 56960, 1, 0, 0
478450, 59520, 1, 0, 0
478550, 60160, 1, 0, 0
478650, 62080, 1, 0, 0
478749, 58181, 1, 0, 0
478849, 59520, 1, 0, 0
478949, 61440, 1, 0, 0
479049, 58880, 1, 0, 0
479149, 62720, 1, 0, 0
479249, 63360, 1, 0, 0
479349, 60160, 1, 0, 0
479450, 59520, 1, 0, 0
479550, 60800, 1, 0, 0
479650, 60160, 1, 0, 0
479750, 59520, 1, 0, 0
479850, 61440, 1, 0, 0
479950, 61440, 1, 0, 0
480050, 60800, 1, 0, 0
480150, 61440, 1, 0, 0
480249, 58181, 1, 0, 0
480349, 62080, 1, 0, 0
480449, 61440, 1, 0, 0
480549, 60160, 1, 0, 0
480649, 60800, 1, 0, 0
480750, 62720, 1, 0, 0
480850, 62080, 1, 0, 0
480950, 62080, 1, 0, 0
481050, 62080, 1, 0, 0
481150, 59520, 1, 0, 0
481249, 60121, 1, 0, 0
481349, 58880, 1, 0, 0
481449, 61440, 1, 0, 0
481549, 60800, 1, 0, 0
481649, 62080, 1, 0, 0
481749, 61440, 1, 0, 0
481849, 62080, 1, 0, 0
481949, 60800, 1, 0, 0
482049, 58240, 1, 0, 0
482149, 62720, 1, 0, 0
482249, 64000, 1, 0, 0
482350, 59520, 1, 0, 0
482450, 61440, 1, 0, 0
482550, 60800, 1, 0, 0
482650, 62080, 1, 0, 0
482750, 61440, 1, 0, 0
482850, 60160, 1, 0, 0
482950, 61440, 1, 0, 0
483050, 59520, 1, 0, 0
483150, 60800, 1, 0, 0
483249, 60121, 1, 0, 0
483349, 60160, 1, 0, 0
483449, 64640, 1, 0, 0
483549, 56960, 1, 0, 0
483649, 60800, 1, 0, 0
483749, 62720, 1, 0, 0
483849, 63360, 1, 0, 0
483949, 60800, 1, 0, 0
484050, 62080, 1, 0, 0
484150, 61440, 1, 0, 0
484250, 60800, 1, 0, 0
484350, 62720, 1, 0, 0
484450, 60160, 1, 0, 0
484550, 65280, 1, 0, 0
484650, 59520, 1, 0, 0
484749, 61414, 1, 0, 0
484849, 63360, 1, 0, 0
484949, 61440, 1, 0, 0
485049, 62080, 1, 0, 0
485149, 62080, 1, 0, 0
485249, 62080, 1, 0, 0
485349, 62080, 1, 0, 0
485449, 62720, 1, 0, 0
485550, 58880, 1, 0, 0
485650, 62080, 1, 0, 0
485750, 62720, 1, 0, 0
485850, 62720, 1, 0, 0
485950, 64000, 1, 0, 0
486050, 62720, 1, 0, 0
486150, 60800, 1, 0, 0
486249, 61414, 1, 0, 0
486349, 61440, 1, 0, 0
486449, 59520, 1, 0, 0
486549, 60160, 1, 0, 0
486649, 60160, 1, 0, 0
486749, 62080, 1, 0, 0
486849, 63360, 1, 0, 0
486949, 65280, 1, 0, 0
487050, 61440, 1, 0, 0
487150, 60800, 1, 0, 0
487250, 60800, 1, 0, 0
487350, 60800, 1, 0, 0
487450, 61440, 1, 0, 0
487550, 58240, 1, 0, 0
487650, 60160, 1, 0, 0
487749, 60767, 1, 0, 0
487849, 63360, 1, 0, 0
487949, 57600, 1, 0, 0
488049, 60160, 1, 0, 0
488149, 61440, 1, 0, 0
488249, 60160, 1, 0, 0
488350, 60800, 1, 0, 0
488450, 60800, 1, 0, 0
488550, 58240, 1, 0, 0
488650, 64000, 1, 0, 0
488749, 58828, 1, 0, 0
488849, 60160, 1, 0, 0
488949, 60800, 1, 0, 0
489049, 62720, 1, 0, 0
489149, 62080, 1, 0, 0
489249, 60160, 1, 0, 0
489349, 60800, 1, 0, 0
489449, 63360, 1, 0, 0
489549, 60800, 1, 0, 0
489649, 57600, 1, 0, 0
489749, 58880, 1, 0, 0
489850, 62080, 1, 0, 0
489950, 61440, 1, 0, 0
490050, 61440, 1, 0, 0
490150, 60800, 1, 0, 0
490249, 62707, 1, 0, 0
490349, 63360, 1, 0, 0
490449, 63360, 1, 0, 0
490549, 60800, 1, 0, 0
490649, 57600, 1, 0, 0
490749, 63360, 1, 0, 0
490849, 60160, 1, 0, 0
490949, 61440, 1, 0, 0
491049, 62080, 1, 0, 0
491149, 62720, 1, 0, 0
491250, 61440, 1, 0, 0
491350, 63360, 1, 0, 0
491450, 60160, 1, 0, 0
491550, 62080, 1, 0, 0
491650, 62720, 1, 0, 0
491749, 60767, 1, 0, 0
491849, 62080, 1, 0, 0
491949, 62080, 1, 0, 0
492049, 59520, 1, 0, 0
492149, 59520, 1, 0, 0
492249, 60800, 1, 0, 0
492349, 56960, 1, 0, 0
492449, 61440, 1, 0, 0
492550, 60800, 1, 0, 0
492650, 60800, 1, 0, 0
492750, 62080, 1, 0, 0
492850, 60800, 1, 0, 0
492950, 62080, 1, 0, 0
493050, 60160, 1, 0, 0
493150, 59520, 1, 0, 0
493249, 60121, 1, 0, 0
493349, 59520, 1, 0, 0
493449, 60800, 1, 0, 0
493549, 60800, 1, 0, 0
493649, 60800, 1, 0, 0
493749, 59520, 1, 0, 0
493849, 62720, 1, 0, 0
493950, 62720, 1, 0, 0
494050, 60160, 1, 0, 0
494150, 59520, 1, 0, 0
494250, 60800, 1, 0, 0
494350, 61440, 1, 0, 0
494450, 59520, 1, 0, 0
494550, 62720, 1, 0, 0
494650, 63360, 1, 0, 0
494749, 60121, 1, 0, 0
494849, 59520, 1, 0, 0
494949, 61440, 1, 0, 0
495049, 60160, 1, 0, 0
495149, 60160, 1, 0, 0
495250, 63360, 1, 0, 0
495350, 62080, 1, 0, 0
495450, 59520, 1, 0, 0
495550, 60800, 1, 0, 0
495650, 61440, 1, 0, 0
495749, 61414, 1, 0, 0
495849, 64000, 1, 0, 0
495949, 61440, 1, 0, 0
496049, 57600, 1, 0, 0
496149, 59520, 1, 0, 0
496249, 58880, 1, 0, 0
496349, 59520, 1, 0, 0
496449, 64000, 1, 0, 0
496549, 60160, 1, 0, 0
496650, 61440, 1, 0, 0
496750, 62080, 1, 0, 0
496850, 58880, 1, 0, 0
496950, 61440, 1, 0, 0
497050, 62080, 1, 0, 0
497150, 60160, 1, 0, 0
497249, 61414, 1, 0, 0
497349, 59520, 1, 0, 0
497449, 61440, 1, 0, 0
497549, 59520, 1, 0, 0
497649, 62720, 1, 0, 0
497749, 59520, 1, 0, 0
497849, 63360, 1, 0, 0
497950, 61440, 1, 0, 0
498050, 62720, 1, 0, 0
498150, 60160, 1, 0, 0
498250, 60160, 1, 0, 0
498350, 63360, 1, 0, 0
498450, 64000, 1, 0, 0
498550, 62080, 1, 0, 0
498650, 62080, 1, 0, 0
498749, 64646, 1, 0, 0
498849, 60160, 1, 0, 0
498949, 61440, 1, 0, 0
499049, 60800, 1, 0, 0
499149, 63360, 1, 0, 0
499249, 60800, 1, 0, 0
499350, 63360, 1, 0, 0
499450, 60160, 1, 0, 0
499550, 63360, 1, 0, 0
499650, 64640, 1, 0, 0
499749, 62707, 1, 0, 0
499849, 60160, 1, 0, 0
499949, 60800, 1, 0, 0
500049, 61440, 1, 0, 0
500149, 60800, 1, 0, 0
500249, 60160, 1, 0, 0
500349, 60160, 1, 0, 0
500449, 60160, 1, 0, 0
500549, 60800, 1, 0, 0
500649, 62080, 1, 0, 0
500750, 62080, 1, 0, 0
500850, 61440, 1, 0, 0
500950, 60160, 1, 0, 0
501050, 64000, 1, 0, 0
501150, 62720, 1, 0, 0
501249, 61414, 1, 0, 0
501349, 58240, 1, 0, 0
501449, 61440, 1, 0, 0
501549, 58240, 1, 0, 0
501649, 61440, 1, 0, 0
501749, 58880, 1, 0, 0
501849, 62720, 1, 0, 0
501949, 62080, 1, 0, 0
502049, 60800, 1, 0, 0
502149, 63360, 1, 0, 0
502250, 60160, 1, 0, 0
502350, 59520, 1, 0, 0
502450, 62720, 1, 0, 0
502550, 58880, 1, 0, 0
502650, 62080, 1, 0, 0
502749, 62060, 1, 0, 0
502849, 62080, 1, 0, 0
502949, 64640, 1, 0, 0
503049, 60800, 1, 0, 0
503149, 62720, 1, 0, 0
503249, 61440, 1, 0, 0
503349, 62080, 1, 0, 0
503449, 63360, 1, 0, 0
503549, 64000, 1, 0, 0
503650, 59520, 1, 0, 0
503750, 62080, 1, 0, 0
503850, 63360, 1, 0, 0
503950, 62080, 1, 0, 0
504050, 62080, 1, 0, 0
504150, 62720, 1, 0, 0
504249, 60767, 1, 0, 0
504349, 62080, 1, 0, 0
504449, 63360, 1, 0, 0
504549, 61440, 1, 0, 0
504649, 60160, 1, 0, 0
504749, 58240, 1, 0, 0
504849, 60800, 1, 0, 0
504950, 62080, 1, 0, 0
505050, 62720, 1, 0, 0
505150, 61440, 1, 0, 0
505250, 62080, 1, 0, 0
505350, 62720, 1, 0, 0
505450, 62720, 1, 0, 0
505550, 62720, 1, 0, 0
505650, 64000, 1, 0, 0
505749, 60121, 1, 0, 0
505849, 62720, 1, 0, 0
505949, 63360, 1, 0, 0
506049, 64640, 1, 0, 0
506149, 62080, 1, 0, 0
506249, 62720, 1, 0, 0
506349, 62720, 1, 0, 0
506450, 62720, 1, 0, 0
506550, 61440, 1, 0, 0
506650, 61440, 1, 0, 0
506750, 61440, 1, 0, 0
506850, 56960, 1, 0, 0
506950, 61440, 1, 0, 0
507050, 62080, 1, 0, 0
507150, 58880, 1, 0, 0
507249, 62060, 1, 0, 0
507349, 62720, 1, 0, 0
507449, 60800, 1, 0, 0
507549, 61440, 1, 0, 0
507649, 62080, 1, 0, 0
507749, 61440, 1, 0, 0
507849, 61440, 1, 0, 0
507949, 60800, 1, 0, 0
508050, 61440, 1, 0, 0
508150, 62720, 1, 0, 0
508250, 62080, 1, 0, 0
508350, 64000, 1, 0, 0
508450, 61440, 1, 0, 0
508550, 62720, 1, 0, 0
508650, 63360, 1, 0, 0
508749, 63353, 1, 0, 0
508849, 62720, 1, 0, 0
508949, 62080, 1, 0, 0
509049, 61440, 1, 0, 0
509149, 60800, 1, 0, 0
509249, 62720, 1, 0, 0
509349, 62080, 1, 0, 0
509449, 62720, 1, 0, 0
509550, 62720, 1, 0, 0
509650, 59520, 1, 0, 0
509750, 62720, 1, 0, 0
509850, 60800, 1, 0, 0
509950, 62080, 1, 0, 0
510050, 63360, 1, 0, 0
510150, 61440, 1, 0, 0
510249, 62060, 1, 0, 0
510349, 59520, 1, 0, 0
510449, 64000, 1, 0, 0
510549, 63360, 1, 0, 0
510649, 62720, 1, 0, 0
510750, 62720, 1, 0, 0
510850, 62720, 1, 0, 0
510950, 60160, 1, 0, 0
511050, 62720, 1, 0, 0
511150, 64000, 1, 0, 0
511249, 64000, 1, 0, 0
511349, 62720, 1, 0, 0
511449, 63360, 1, 0, 0
511549, 64640, 1, 0, 0
511649, 63360, 1, 0, 0
511749, 65920, 1, 0, 0
511849, 64000, 1, 0, 0
511949, 62080, 1, 0, 0
512049, 65920, 1, 0, 0
512150, 60800, 1, 0, 0
512250, 61440, 1, 0, 0
512350, 59520, 1, 0, 0
512450, 62080, 1, 0, 0
512550, 62720, 1, 0, 0
512650, 65280, 1, 0, 0
512749, 60121, 1, 0, 0
512849, 60800, 1, 0, 0
512949, 64000, 1, 0, 0
513049, 64640, 1, 0, 0
513149, 62080, 1, 0, 0
513249, 60800, 1, 0, 0
513349, 62080, 1, 0, 0
513449, 63360, 1, 0, 0
513550, 63360, 1, 0, 0
513650, 62080, 1, 0, 0
513750, 64000, 1, 0, 0
513850, 62720, 1, 0, 0
513950, 62720, 1, 0, 0
514050, 62080, 1, 0, 0
514150, 58880, 1, 0, 0
514249, 64000, 1, 0, 0
514349, 63360, 1, 0, 0
514449, 60800, 1, 0, 0
514549, 63360, 1, 0, 0
514649, 60800, 1, 0, 0
514749, 63360, 1, 0, 0
514850, 62080, 1, 0, 0
514950, 59520, 1, 0, 0
515050, 63360, 1, 0, 0
515150, 62080, 1, 0, 0
515249, 66585, 1, 0, 0
515349, 64640, 1, 0, 0
515449, 60160, 1, 0, 0
515549, 60160, 1, 0, 0
515649, 61440, 1, 0, 0
515749, 64640, 1, 0, 0
515849, 60800, 1, 0, 0
515949, 62080, 1, 0, 0
516049, 62720, 1, 0, 0
516150, 62080, 1, 0, 0
516250, 63360, 1, 0, 0
516350, 62080, 1, 0, 0
516450, 64000, 1, 0, 0
516550, 64640, 1, 0, 0
516650, 61440, 1, 0, 0
516749, 62060, 1, 0, 0
516849, 62720, 1, 0, 0
516949, 60800, 1, 0, 0
517049, 61440, 1, 0, 0
517149, 60160, 1, 0, 0
517249, 62720, 1, 0, 0
517349, 60160, 1, 0, 0
517449, 64640, 1, 0, 0
517549, 62720, 1, 0, 0
517650, 58240, 1, 0, 0
517750, 62720, 1, 0, 0
517850, 64000, 1, 0, 0
517950, 61440, 1, 0, 0
518050, 64000, 1, 0, 0
518150, 64640, 1, 0, 0
518249, 61414, 1, 0, 0
518349, 61440, 1, 0, 0
518449, 64000, 1, 0, 0
518549, 63360, 1, 0, 0
518649, 60160, 1, 0, 0
518749, 62720, 1, 0, 0
518849, 60800, 1, 0, 0
518949, 64640, 1, 0, 0
519050, 63360, 1, 0, 0
519150, 53760, 1, 0, 0
519250, 60800, 1, 0, 0
519350, 62720, 1, 0, 0
519450, 62080, 1, 0, 0
519550, 61440, 1, 0, 0
519650, 61440, 1, 0, 0
519749, 62060, 1, 0, 0
519849, 62720, 1, 0, 0
519949, 64640, 1, 0, 0
520049, 64000, 1, 0, 0
520149, 62720, 1, 0, 0
520249, 63360, 1, 0, 0
520349, 61440, 1, 0, 0
520449, 62080, 1, 0, 0
520549, 60160, 1, 0, 0
520649, 60160, 1, 0, 0
520750, 62720, 1, 0, 0
520850, 61440, 1, 0, 0
520950, 64000, 1, 0, 0
521050, 62720, 1, 0, 0
521150, 59520, 1, 0, 0
521249, 62060, 1, 0, 0
521349, 62720, 1, 0, 0
521449, 64640, 1, 0, 0
521549, 62080, 1, 0, 0
521649, 62720, 1, 0, 0
521749, 62720, 1, 0, 0
521849, 60800, 1, 0, 0
521949, 64640, 1, 0, 0
522050, 62720, 1, 0, 0
522150, 62720, 1, 0, 0
522250, 64000, 1, 0, 0
522350, 65280, 1, 0, 0
522450, 59520, 1, 0, 0
522550, 61440, 1, 0, 0
522650, 62720, 1, 0, 0
522749, 64646, 1, 0, 0
522849, 60160, 1, 0, 0
522949, 62080, 1, 0, 0
523049, 60160, 1, 0, 0
523149, 61440, 1, 0, 0
523250, 56960, 1, 0, 0
523350, 62720, 1, 0, 0
523450, 61440, 1, 0, 0
523550, 63360, 1, 0, 0
523650, 61440, 1, 0, 0
523749, 63353, 1, 0, 0
523849, 64000, 1, 0, 0
523949, 62080, 1, 0, 0
524049, 59520, 1, 0, 0
524149, 64640, 1, 0, 0
524249, 58240, 1, 0, 0
524349, 61440, 1, 0, 0
524449, 64000, 1, 0, 0
524549, 62080, 1, 0, 0
524649, 62080, 1, 0, 0
524750, 64000, 1, 0, 0
524850, 64640, 1, 0, 0
524950, 60160, 1, 0, 0
525050, 63360, 1, 0, 0
525150, 60800, 1, 0, 0
525249, 62060, 1, 0, 0
525349, 62080, 1, 0, 0
525449, 63360, 1, 0, 0
525549, 62080, 1, 0, 0
525649, 60160, 1, 0, 0
525749, 61440, 1, 0, 0
525849, 65280, 1, 0, 0
525949, 60800, 1, 0, 0
526049, 60800, 1, 0, 0
526150, 61440, 1, 0, 0
526250, 61440, 1, 0, 0
526350, 60800, 1, 0, 0
526450, 61440, 1, 0, 0
526550, 63360, 1, 0, 0
526650, 60800, 1, 0, 0
526749, 61414, 1, 0, 0
526849, 62080, 1, 0, 0
526949, 58880, 1, 0, 0
527049, 61440, 1, 0, 0
527149, 61440, 1, 0, 0
527249, 62080, 1, 0, 0
527349, 62080, 1, 0, 0
527449, 61440, 1, 0, 0
527550, 62080, 1, 0, 0
527650, 60160, 1, 0, 0
527750, 60800, 1, 0, 0
527850, 60160, 1, 0, 0
527950, 59520, 1, 0, 0
528050, 63360, 1, 0, 0
528150, 60800, 1, 0, 0
528249, 65292, 1, 0, 0
528349, 59520, 1, 0, 0
528449, 62720, 1, 0, 0
528549, 62080, 1, 0, 0
528649, 61440, 1, 0, 0
528749, 59520, 1, 0, 0
528849, 62080, 1, 0, 0
528949, 61440, 1, 0, 0
529050, 64000, 1, 0, 0
529150, 65280, 1, 0, 0
529250, 61440, 1, 0, 0
529350, 60800, 1, 0, 0
529450, 61440, 1, 0, 0
529550, 62720, 1, 0, 0
529650, 60800, 1, 0, 0
529749, 62060, 1, 0, 0
529849, 58880, 1, 0, 0
529949, 60800, 1, 0, 0
530049, 63360, 1, 0, 0
530149, 64640, 1, 0, 0
530249, 62720, 1, 0, 0
530349, 61440, 1, 0, 0
530449, 63360, 1, 0, 0
530549, 62720, 1, 0, 0
530649, 60800, 1, 0, 0
530750, 60800, 1, 0, 0
530850, 62080, 1, 0, 0
530950, 62720, 1, 0, 0
531050, 60160, 1, 0, 0
531150, 62080, 1, 0, 0
531249, 58828, 1, 0, 0
531349, 60800, 1, 0, 0
531449, 60800, 1, 0, 0
531549, 62080, 1, 0, 0
531649, 61440, 1, 0, 0
531749, 63360, 1, 0, 0
531849, 59520, 1, 0, 0
531949, 61440, 1, 0, 0
532050, 58880, 1, 0, 0
532150, 63360, 1, 0, 0
532250, 62080, 1, 0, 0
532350, 60160, 1, 0, 0
532450, 59520, 1, 0, 0
532550, 62080, 1, 0, 0
532650, 61440, 1, 0, 0
532749, 58828, 1, 0, 0
532849, 60160, 1, 0, 0
532949, 62080, 1, 0, 0
533049, 62720, 1, 0, 0
533149, 61440, 1, 0, 0
533249, 60800, 1, 0, 0
533349, 62080, 1, 0, 0
533450, 60160, 1, 0, 0
533550, 58880, 1, 0, 0
533650, 60160, 1, 0, 0
533750, 56960, 1, 0, 0
533850, 62080, 1, 0, 0
533950, 58240, 1, 0, 0
534050, 58880, 1, 0, 0
534150, 62080, 1, 0, 0
534249, 59474, 1, 0, 0
534349, 62080, 1, 0, 0
534449, 60160, 1, 0, 0
534549, 62720, 1, 0, 0
534649, 59520, 1, 0, 0
534750, 62720, 1, 0, 0
534850, 60160, 1, 0, 0
534950, 60800, 1, 0, 0
535050, 60160, 1, 0, 0
535150, 60160, 1, 0, 0
535249, 60767, 1, 0, 0
535349, 59520, 1, 0, 0
535449, 58240, 1, 0, 0
535549, 58240, 1, 0, 0
535649, 58880, 1, 0, 0
535749, 58880, 1, 0, 0
535849, 60160, 1, 0, 0
535949, 59520, 1, 0, 0
536049, 61440, 1, 0, 0
536150, 63360, 1, 0, 0
536250, 64000, 1, 0, 0
536350, 64000, 1, 0, 0
536450, 62080, 1, 0, 0
536550, 59520, 1, 0, 0
536650, 62720, 1, 0, 0
536749, 62060, 1, 0, 0
536849, 60800, 1, 0, 0
536949, 62720, 1, 0, 0
537049, 60800, 1, 0, 0
537149, 62080, 1, 0, 0
537249, 61440, 1, 0, 0
537349, 61440, 1, 0, 0
537449, 60160, 1, 0, 0
537550, 62080, 1, 0, 0
537650, 60800, 1, 0, 0
537750, 59520, 1, 0, 0
537850, 60160, 1, 0, 0
537950, 58240, 1, 0, 0
538050, 58880, 1, 0, 0
538150, 62080, 1, 0, 0
538249, 60121, 1, 0, 0
538349, 62080, 1, 0, 0
538449, 62720, 1, 0, 0
538549, 62720, 1, 0, 0
538649, 63360, 1, 0, 0
538749, 62080, 1, 0, 0
538849, 61440, 1, 0, 0
538949, 61440, 1, 0, 0
539050, 62080, 1, 0, 0
539150, 60800, 1, 0, 0
539250, 64000, 1, 0, 0
539350, 58240, 1, 0, 0
539450, 62720, 1, 0, 0
539550, 64000, 1, 0, 0
539650, 60800, 1, 0, 0
539749, 60767, 1, 0, 0
539849, 58240, 1, 0, 0
539949, 59520, 1, 0, 0
540049, 63360, 1, 0, 0
540149, 62080, 1, 0, 0
540249, 59520, 1, 0, 0
540349, 58880, 1, 0, 0
540449, 59520, 1, 0, 0
540550, 60160, 1, 0, 0
540650, 60800, 1, 0, 0
540750, 59520, 1, 0, 0
540850, 62720, 1, 0, 0
540950, 60800, 1, 0, 0
541050, 57600, 1, 0, 0
541150, 62080, 1, 0, 0
541249, 62060, 1, 0, 0
541349, 60800, 1, 0, 0
541449, 63360, 1, 0, 0
541549, 62080, 1, 0, 0
541649, 60160, 1, 0, 0
541749, 59520, 1, 0, 0
541849, 62720, 1, 0, 0
541950, 63360, 1, 0, 0
542050, 64000, 1, 0, 0
542150, 62080, 1, 0, 0
542250, 62720, 1, 0, 0
542350, 62720, 1, 0, 0
542450, 62720, 1, 0, 0
542550, 62720, 1, 0, 0
542650, 61440, 1, 0, 0
542749, 62060, 1, 0, 0
542849, 60160, 1, 0, 0
542949, 63360, 1, 0, 0
543049, 62080, 1, 0, 0
543149, 62720, 1, 0, 0
543250, 60800, 1, 0, 0
543350, 62080, 1, 0, 0
543450, 62720, 1, 0, 0
543550, 63360, 1, 0, 0
543650, 62080, 1, 0, 0
543749, 61414, 1, 0, 0
543849, 60160, 1, 0, 0
543949, 59520, 1, 0, 0
544049, 62080, 1, 0, 0
544149, 60800, 1, 0, 0
544249, 65920, 1, 0, 0
544349, 60800, 1, 0, 0
544449, 65280, 1, 0, 0
544550, 62080, 1, 0, 0
544650, 65280, 1, 0, 0
544750, 61440, 1, 0, 0
544850, 58240, 1, 0, 0
544950, 64000, 1, 0, 0
545050, 60800, 1, 0, 0
545150, 62080, 1, 0, 0
545249, 63353, 1, 0, 0
545349, 60160, 1, 0, 0
545449, 63360, 1, 0, 0
545549, 65920, 1, 0, 0
545649, 61440, 1, 0, 0
545749, 61440, 1, 0, 0
545850, 62720, 1, 0, 0
545950, 62720, 1, 0, 0
546050, 59520, 1, 0, 0
546150, 62720, 1, 0, 0
546249, 61414, 1, 0, 0
546349, 62080, 1, 0, 0
546449, 64000, 1, 0, 0
546549, 62720, 1, 0, 0
546649, 62720, 1, 0, 0
546749, 62720, 1, 0, 0
546849, 61440, 1, 0, 0
546949, 63360, 1, 0, 0
547050, 63360, 1, 0, 0
547150, 62080, 1, 0, 0
547250, 64000, 1, 0, 0
547350, 62720, 1, 0, 0
547450, 61440, 1, 0, 0
547550, 61440, 1, 0, 0
547650, 64640, 1, 0, 0
547749, 62707, 1, 0, 0
547849, 62080, 1, 0, 0
547949, 63360, 1, 0, 0
548049, 62080, 1, 0, 0
548149, 58880, 1, 0, 0
548249, 60160, 1, 0, 0
548350, 60160, 1, 0, 0
548450, 61440, 1, 0, 0
548550, 62720, 1, 0, 0
548650, 60160, 1, 0, 0
548749, 62707, 1, 0, 0
548849, 63360, 1, 0, 0
548949, 62720, 1, 0, 0
549049, 59520, 1, 0, 0
549149, 64000, 1, 0, 0
549249, 59520, 1, 0, 0
549349, 59520, 1, 0, 0
549449, 60160, 1, 0, 0
549550, 61440, 1, 0, 0
549650, 62080, 1, 0, 0
549750, 64000, 1, 0, 0
549850, 61440, 1, 0, 0
549950, 62720, 1, 0, 0
550050, 61440, 1, 0, 0
550150, 58240, 1, 0, 0
550249, 60767, 1, 0, 0
550349, 64000, 1, 0, 0
550449, 61440, 1, 0, 0
550549, 60800, 1, 0, 0
550649, 62080, 1, 0, 0
550749, 62720, 1, 0, 0
550850, 60800, 1, 0, 0
550950, 60160, 1, 0, 0
551050, 61440, 1, 0, 0
551150, 59520, 1, 0, 0
551249, 59474, 1, 0, 0
551349, 58240, 1, 0, 0
551449, 60800, 1, 0, 0
551549, 60800, 1, 0, 0
551649, 60160, 1, 0, 0
551749, 57600, 1, 0, 0
551849, 61440, 1, 0, 0
551949, 62080, 1, 0, 0
552050, 61440, 1, 0, 0
552150, 62080, 1, 0, 0
552250, 62080, 1, 0, 0
552350, 58880, 1, 0, 0
552450, 60160, 1, 0, 0
552550, 57600, 1, 0, 0
552650, 59520, 1, 0, 0
552749, 58181, 1, 0, 0
552849, 60800, 1, 0, 0
552949, 60800, 1, 0, 0
553049, 62720, 1, 0, 0
553149, 59520, 1, 0, 0
553249, 61440, 1, 0, 0
553349, 60160, 1, 0, 0
553449, 61440, 1, 0, 0
553550, 61440, 1, 0, 0
553650, 60160, 1, 0, 0
553750, 63360, 1, 0, 0
553850, 61440, 1, 0, 0
553950, 61440, 1, 0, 0
554050, 61440, 1, 0, 0
554150, 58880, 1, 0, 0
554249, 60121, 1, 0, 0
554349, 61440, 1, 0, 0
554449, 64000, 1, 0, 0
554549, 60800, 1, 0, 0
554649, 61440, 1, 0, 0
554750, 60160, 1, 0, 0
554850, 62720, 1, 0, 0
554950, 62720, 1, 0, 0
555050, 60160, 1, 0, 0
555150, 61440, 1, 0, 0
555249, 61414, 1, 0, 0
555349, 62080, 1, 0, 0
555449, 58240, 1, 0, 0
555549, 62080, 1, 0, 0
555649, 59520, 1, 0, 0
555749, 63360, 1, 0, 0
555849, 64640, 1, 0, 0
555949, 60800, 1, 0, 0
556050, 58240, 1, 0, 0
556150, 63360, 1, 0, 0
556250, 64640, 1, 0, 0
556350, 62720, 1, 0, 0
556450, 62080, 1, 0, 0
556550, 64000, 1, 0, 0
556650, 64000, 1, 0, 0
556749, 61414, 1, 0, 0
556849, 60800, 1, 0, 0
556949, 67840, 1, 0, 0
557049, 64000, 1, 0, 0
557149, 63360, 1, 0, 0
557249, 63360, 1, 0, 0
557349, 63360, 1, 0, 0
557449, 58880, 1, 0, 0
557550, 62080, 1, 0, 0
557650, 60800, 1, 0, 0
557750, 60160, 1, 0, 0
557850, 63360, 1, 0, 0
557950, 62080, 1, 0, 0
558050, 62080, 1, 0, 0
558150, 61440, 1, 0, 0
558249, 59474, 1, 0, 0
558349, 62720, 1, 0, 0
558449, 63360, 1, 0, 0
558549, 62080, 1, 0, 0
558649, 62080, 1, 0, 0
558749, 62720, 1, 0, 0
558850, 64000, 1, 0, 0
558950, 63360, 1, 0, 0
559050, 58240, 1, 0, 0
559150, 60160, 1, 0, 0
559250, 62080, 1, 0, 0
559350, 60160, 1, 0, 0
559450, 59520, 1, 0, 0
559550, 61440, 1, 0, 0
559650, 61440, 1, 0, 0
559749, 61414, 1, 0, 0
559849, 62720, 1, 0, 0
559949, 63360, 1, 0, 0
560049, 60160, 1, 0, 0
560149, 60800, 1, 0, 0
560250, 61440, 1, 0, 0
560350, 59520, 1, 0, 0
560450, 60160, 1, 0, 0
560550, 60800, 1, 0, 0
560650, 62080, 1, 0, 0
560749, 61414, 1, 0, 0
560849, 61440, 1, 0, 0
560949, 61440, 1, 0, 0
561049, 60800, 1, 0, 0
561149, 62080, 1, 0, 0
561249, 61440, 1, 0, 0
561349, 63360, 1, 0, 0
561449, 63360, 1, 0, 0
561549, 61440, 1, 0, 0
561649, 63360, 1, 0, 0
561750, 58880, 1, 0, 0
561850, 60800, 1, 0, 0
561950, 59520, 1, 0, 0
562050, 60800, 1, 0, 0
562150, 62720, 1, 0, 0
562249, 61414, 1, 0, 0
562349, 58880, 1, 0, 0
562449, 60160, 1, 0, 0
562549, 60160, 1, 0, 0
562649, 61440, 1, 0, 0
562749, 62720, 1, 0, 0
562849, 62720, 1, 0, 0
562949, 60800, 1, 0, 0
563049, 61440, 1, 0, 0
563149, 62080, 1, 0, 0
563249, 62080, 1, 0, 0
563350, 63360, 1, 0, 0
563450, 60160, 1, 0, 0
563550, 64640, 1, 0, 0
563650, 60800, 1, 0, 0
563750, 62720, 1, 0, 0
563850, 63360, 1, 0, 0
563950, 61440, 1, 0, 0
564050, 60160, 1, 0, 0
564150, 59520, 1, 0, 0
564249, 59474, 1, 0, 0
564349, 62720, 1, 0, 0
564449, 60800, 1, 0, 0
564549, 62080, 1, 0, 0
564649, 63360, 1, 0, 0
564750, 60160, 1, 0, 0
564850, 61440, 1, 0, 0
564950, 62720, 1, 0, 0
565050, 63360, 1, 0, 0
565150, 62080, 1, 0, 0
565249, 66585, 1, 0, 0
565349, 65920, 1, 0, 0
565449, 62080, 1, 0, 0
565549, 61440, 1, 0, 0
565649, 62080, 1, 0, 0
565749, 64000, 1, 0, 0
565849, 62720, 1, 0, 0
565949, 61440, 1, 0, 0
566050, 61440, 1, 0, 0
566150, 60800, 1, 0, 0
566250, 62720, 1, 0, 0
566350, 62720, 1, 0, 0
566450, 61440, 1, 0, 0
566550, 64640, 1, 0, 0
566650, 60800, 1, 0, 0
566749, 60767, 1, 0, 0
566849, 59520, 1, 0, 0
566949, 64640, 1, 0, 0
567049, 60800, 1, 0, 0
567149, 64000, 1, 0, 0
567250, 62720, 1, 0, 0
567350, 63360, 1, 0, 0
567450, 62080, 1, 0, 0
567550, 61440, 1, 0, 0
567650, 63360, 1, 0, 0
567749, 59474, 1, 0, 0
567849, 60160, 1, 0, 0
567949, 63360, 1, 0, 0
568049, 63360, 1, 0, 0
568149, 65280, 1, 0, 0
568249, 64000, 1, 0, 0
568349, 62720, 1, 0, 0
568449, 62720, 1, 0, 0
568549, 62080, 1, 0, 0
568650, 59520, 1, 0, 0
568750, 61440, 1, 0, 0
568850, 62720, 1, 0, 0
568950, 62080, 1, 0, 0
569050, 62080, 1, 0, 0
569150, 62080, 1, 0, 0
569249, 61414, 1, 0, 0
569349, 62720, 1, 0, 0
569449, 60800, 1, 0, 0
569549, 64640, 1, 0, 0
569649, 60160, 1, 0, 0
569749, 59520, 1, 0, 0
569849, 60800, 1, 0, 0
569949, 59520, 1, 0, 0
570050, 62720, 1, 0, 0
570150, 61440, 1, 0, 0
570250, 61440, 1, 0, 0
570350, 62080, 1, 0, 0
570450, 60160, 1, 0, 0
570550, 60800, 1, 0, 0
570650, 60160, 1, 0, 0
570749, 60767, 1, 0, 0
570849, 60160, 1, 0, 0
570949, 62720, 1, 0, 0
571049, 59520, 1, 0, 0
571149, 60800, 1, 0, 0
571249, 60800, 1, 0, 0
571349, 58240, 1, 0, 0
571449, 63360, 1, 0, 0
571550, 58880, 1, 0, 0
571650, 61440, 1, 0, 0
571750, 61440, 1, 0, 0
571850, 63360, 1, 0, 0
571950, 60800, 1, 0, 0
572050, 61440, 1, 0, 0
572150, 63360, 1, 0, 0
572249, 59474, 1, 0, 0
572349, 60160, 1, 0, 0
572449, 61440, 1, 0, 0
572549, 64640, 1, 0, 0
572649, 63360, 1, 0, 0
572749, 61440, 1, 0, 0
572850, 62080, 1, 0, 0
572950, 58880, 1, 0, 0
573050, 61440, 1, 0, 0
573150, 64000, 1, 0, 0
573249, 59474, 1, 0, 0
573349, 60800, 1, 0, 0
573449, 64000, 1, 0, 0
573549, 64000, 1, 0, 0
573649, 62080, 1, 0, 0
573749, 61440, 1, 0, 0
573849, 62720, 1, 0, 0
573949, 60160, 1, 0, 0
574049, 61440, 1, 0, 0
574149, 63360, 1, 0, 0
574249, 61440, 1, 0, 0
574350, 64000, 1, 0, 0
574450, 64640, 1, 0, 0
574550, 63360, 1, 0, 0
574650, 61440, 1, 0, 0
574750, 60160, 1, 0, 0
574850, 60800, 1, 0, 0
574950, 62080, 1, 0, 0
575050, 60160, 1, 0, 0
575150, 64640, 1, 0, 0
575249, 65939, 1, 0, 0
575349, 61440, 1, 0, 0
575449, 61440, 1, 0, 0
575549, 61440, 1, 0, 0
575649, 59520, 1, 0, 0
575749, 60800, 1, 0, 0
575849, 62720, 1, 0, 0
575950, 64640, 1, 0, 0
576050, 61440, 1, 0, 0
576150, 65280, 1, 0, 0
576250, 62720, 1, 0, 0
576350, 60160, 1, 0, 0
576450, 62720, 1, 0, 0
576550, 61440, 1, 0, 0
576650, 64000, 1, 0, 0
576749, 63353, 1, 0, 0
576849, 62720, 1, 0, 0
576949, 58880, 1, 0, 0
577049, 61440, 1, 0, 0
577149, 60800, 1, 0, 0
577249, 64000, 1, 0, 0
577349, 64000, 1, 0, 0
577449, 62720, 1, 0, 0
577550, 62080, 1, 0, 0
577650, 62080, 1, 0, 0
577750, 62080, 1, 0, 0
577850, 60800, 1, 0, 0
577950, 64000, 1, 0, 0
578050, 60800, 1, 0, 0
578150, 61440, 1, 0, 0
578249, 62707, 1, 0, 0
578349, 63360, 1, 0, 0
578449, 61440, 1, 0, 0
578549, 59520, 1, 0, 0
578649, 63360, 1, 0, 0
578749, 60160, 1, 0, 0
578849, 62720, 1, 0, 0
578949, 63360, 1, 0, 0
579050, 62080, 1, 0, 0
579150, 60800, 1, 0, 0
579250, 61440, 1, 0, 0
579350, 56320, 1, 0, 0
579450, 61440, 1, 0, 0
579550, 59520, 1, 0, 0
579650, 59520, 1, 0, 0
579749, 61414, 1, 0, 0
579849, 60800, 1, 0, 0
579949, 60800, 1, 0, 0
580049, 60800, 1, 0, 0
580149, 61440, 1, 0, 0
580249, 62720, 1, 0, 0
580349, 63360, 1, 0, 0
580450, 61440, 1, 0, 0
580550, 62080, 1, 0, 0
580650, 60160, 1, 0, 0
580750, 61440, 1, 0, 0
580850, 62720, 1, 0, 0
580950, 60160, 1, 0, 0
581050, 59520, 1, 0, 0
581150, 62080, 1, 0, 0
581249, 62707, 1, 0, 0
581349, 58880, 1, 0, 0
581449, 61440, 1, 0, 0
581549, 61440, 1, 0, 0
581649, 63360, 1, 0, 0
581750, 62720, 1, 0, 0
581850, 64000, 1, 0, 0
581950, 62080, 1, 0, 0
582050, 59520, 1, 0, 0
582150, 63360, 1, 0, 0
582249, 60767, 1, 0, 0
582349, 62080, 1, 0, 0
582449, 60160, 1, 0, 0
582549, 65280, 1, 0, 0
582649, 60800, 1, 0, 0
582749, 59520, 1, 0, 0
582849, 58880, 1, 0, 0
582949, 62080, 1, 0, 0
583050, 61440, 1, 0, 0
583150, 62720, 1, 0, 0
583250, 59520, 1, 0, 0
583350, 62080, 1, 0, 0
583450, 61440, 1, 0, 0
583550, 62720, 1, 0, 0
583650, 61440, 1, 0, 0
583749, 62060, 1, 0, 0
583849, 60800, 1, 0, 0
583949, 60800, 1, 0, 0
584049, 59520, 1, 0, 0
584149, 60800, 1, 0, 0
584249, 58880, 1, 0, 0
584350, 61440, 1, 0, 0
584450, 58880, 1, 0, 0
584550, 62080, 1, 0, 0
584650, 60160, 1, 0, 0
584750, 60160, 1, 0, 0
584850, 62080, 1, 0, 0
584950, 59520, 1, 0, 0
585050, 57600, 1, 0, 0
585150, 59520, 1, 0, 0
585249, 64000, 1, 0, 0
585349, 63360, 1, 0, 0
585449, 60800, 1, 0, 0
585549, 61440, 1, 0, 0
585649, 60160, 1, 0, 0
585750, 62080, 1, 0, 0
585850, 61440, 1, 0, 0
585950, 58880, 1, 0, 0
586050, 59520, 1, 0, 0
586150, 60160, 1, 0, 0
586249, 61414, 1, 0, 0
586349, 61440, 1, 0, 0
586449, 60160, 1, 0, 0
586549, 62080, 1, 0, 0
586649, 60800, 1, 0, 0
586749, 62720, 1, 0, 0
586849, 60160, 1, 0, 0
586949, 60160, 1, 0, 0
587049, 61440, 1, 0, 0
587150, 55680, 1, 0, 0
587250, 61440, 1, 0, 0
587350, 61440, 1, 0, 0
587450, 58880, 1, 0, 0
587550, 63360, 1, 0, 0
587650, 60800, 1, 0, 0
587749, 58828, 1, 0, 0
587849, 58880, 1, 0, 0
587949, 60800, 1, 0, 0
588049, 60800, 1, 0, 0
588149, 55680, 1, 0, 0
588249, 60160, 1, 0, 0
588349, 62080, 1, 0, 0
588449, 61440, 1, 0, 0
588550, 63360, 1, 0, 0
588650, 62080, 1, 0, 0
588750, 59520, 1, 0, 0
588850, 60160, 1, 0, 0
588950, 61440, 1, 0, 0
589050, 60160, 1, 0, 0
589150, 58880, 1, 0, 0
589249, 58828, 1, 0, 0
589349, 60800, 1, 0, 0
589449, 62080, 1, 0, 0
589549, 62720, 1, 0, 0
589649, 59520, 1, 0, 0
589749, 61440, 1, 0, 0
589849, 63360, 1, 0, 0
589949, 60800, 1, 0, 0
590050, 59520, 1, 0, 0
590150, 60160, 1, 0, 0
590250, 61440, 1, 0, 0
590350, 60800, 1, 0, 0
590450, 62720, 1, 0, 0
590550, 60160, 1, 0, 0
590650, 60800, 1, 0, 0
590749, 60767, 1, 0, 0
590849, 57600, 1, 0, 0
590949, 58880, 1, 0, 0
591049, 60800, 1, 0, 0
591149, 62720, 1, 0, 0
591249, 62080, 1, 0, 0
591349, 60800, 1, 0, 0
591449, 60160, 1, 0, 0
591550, 61440, 1, 0, 0
591650, 63360, 1, 0, 0
591750, 62720, 1, 0, 0
591850, 59520, 1, 0, 0
591950, 59520, 1, 0, 0
592050, 61440, 1, 0, 0
592150, 61440, 1, 0, 0
592249, 60767, 1, 0, 0
592349, 61440, 1, 0, 0
592449, 62080, 1, 0, 0
592549, 60800, 1, 0, 0
592649, 63360, 1, 0, 0
592749, 63360, 1, 0, 0
592849, 60160, 1, 0, 0
592949, 62720, 1, 0, 0
593050, 59520, 1, 0, 0
593150, 55680, 1, 0, 0
593250, 58240, 1, 0, 0
593350, 61440, 1, 0, 0
593450, 61440, 1, 0, 0
593550, 62720, 1, 0, 0
593650, 63360, 1, 0, 0
593749, 63353, 1, 0, 0
593849, 60800, 1, 0, 0
593949, 60160, 1, 0, 0
594049, 60800, 1, 0, 0
594149, 62080, 1, 0, 0
594250, 60800, 1, 0, 0
594350, 60800, 1, 0, 0
594450, 60800, 1, 0, 0
594550, 60160, 1, 0, 0
594650, 60160, 1, 0, 0
594749, 60767, 1, 0, 0
594849, 65280, 1, 0, 0
594949, 61440, 1, 0, 0
595049, 60160, 1, 0, 0
595149, 58880, 1, 0, 0
595249, 62080, 1, 0, 0
595349, 61440, 1, 0, 0
595449, 64000, 1, 0, 0
595549, 60800, 1, 0, 0
595650, 61440, 1, 0, 0
595750, 60800, 1, 0, 0
595850, 62080, 1, 0, 0
595950, 58240, 1, 0, 0
596050, 62080, 1, 0, 0
596150, 62080, 1, 0, 0
596249, 58181, 1, 0, 0
596349, 58880, 1, 0, 0
596449, 61440, 1, 0, 0
596549, 62720, 1, 0, 0
596649, 62080, 1, 0, 0
596749, 60800, 1, 0, 0
596849, 61440, 1, 0, 0
596949, 62720, 1, 0, 0
597050, 62080, 1, 0, 0
597150, 62720, 1, 0, 0
597250, 63360, 1, 0, 0
597350, 64640, 1, 0, 0
597450, 61440, 1, 0, 0
597550, 62080, 1, 0, 0
597650, 62080, 1, 0, 0
597749, 62707, 1, 0, 0
597849, 62720, 1, 0, 0
597949, 61440, 1, 0, 0
598049, 59520, 1, 0, 0
598149, 63360, 1, 0, 0
598249, 61440, 1, 0, 0
598349, 60800, 1, 0, 0
598450, 64000, 1, 0, 0
598550, 59520, 1, 0, 0
598650, 60800, 1, 0, 0
598750, 61440, 1, 0, 0
598850, 63360, 1, 0, 0
598950, 63360, 1, 0, 0
599050, 60160, 1, 0, 0
599150, 60800, 1, 0, 0
599249, 62060, 1, 0, 0
599349, 59520, 1, 0, 0
599449, 61440, 1, 0, 0
599549, 60160, 1, 0, 0
599649, 63360, 1, 0, 0
599749, 62080, 1, 0, 0
599850, 59520, 1, 0, 0
599950, 62720, 1, 0, 0
