100, 1314273, 1, 0, 0
202, 1376136, 1, 0, 0
300, 1290513, 1, 0, 0
400, 1270088, 1, 0, 0
500, 1231692, 1, 0, 0
601, 1222368, 1, 0, 0
700, 1271931, 1, 0, 0
801, 1337205, 1, 0, 0
901, 1319726, 1, 0, 0
1001, 1352425, 1, 0, 0
1100, 1310429, 1, 0, 0
1200, 1299922, 1, 0, 0
1300, 1388942, 1, 0, 0
1400, 1217229, 1, 0, 0
1500, 1282980, 1, 0, 0
1600, 1321953, 1, 0, 0
1700, 1281048, 1, 0, 0
1800, 1297133, 1, 0, 0
1900, 1268481, 1, 0, 0
2000, 1234911, 1, 0, 0
2100, 1298875, 1, 0, 0
2200, 1254744, 1, 0, 0
2300, 1218234, 1, 0, 0
2400, 1239387, 1, 0, 0
2500, 1248361, 1, 0, 0
2600, 1228323, 1, 0, 0
2700, 1212711, 1, 0, 0
2800, 1304723, 1, 0, 0
2901, 1250772, 1, 0, 0
3000, 1257689, 1, 0, 0
3100, 1318564, 1, 0, 0
3201, 1358056, 1, 0, 0
3300, 1281029, 1, 0, 0
3400, 1277307, 1, 0, 0
3501, 1186931, 1, 0, 0
3600, 1199309, 1, 0, 0
3701, 1243281, 1, 0, 0
3801, 1270699, 1, 0, 0
3901, 1239266, 1, 0, 0
4001, 1211393, 1, 0, 0
4100, 1242434, 1, 0, 0
4200, 1230809, 1, 0, 0
4301, 1245470, 1, 0, 0
4400, 1208429, 1, 0, 0
4501, 1234374, 1, 0, 0
4600, 1242865, 1, 0, 0
4700, 1327023, 1, 0, 0
4800, 1296816, 1, 0, 0
4900, 1297221, 1, 0, 0
5000, 1266272, 1, 0, 0
5100, 1281517, 1, 0, 0
5200, 1270863, 1, 0, 0
5300, 1256128, 1, 0, 0
5401, 1338090, 1, 0, 0
5500, 1304611, 1, 0, 0
5601, 1186008, 1, 0, 0
5700, 1164414, 1, 0, 0
5801, 1253192, 1, 0, 0
5900, 1259574, 1, 0, 0
6000, 1249569, 1, 0, 0
6100, 1262574, 1, 0, 0
6200, 1315373, 1, 0, 0
6300, 1239124, 1, 0, 0
6400, 1189950, 1, 0, 0
6500, 1201493, 1, 0, 0
6601, 1280363, 1, 0, 0
6701, 1269333, 1, 0, 0
6800, 1224721, 1, 0, 0
6900, 1237305, 1, 0, 0
7001, 1320907, 1, 0, 0
7100, 1272243, 1, 0, 0
7200, 1252541, 1, 0, 0
7301, 1250242, 1, 0, 0
7400, 1242068, 1, 0, 0
7500, 1222211, 1, 0, 0
7600, 1252981, 1, 0, 0
7701, 1237643, 1, 0, 0
7800, 1249454, 1, 0, 0
7901, 1209010, 1, 0, 0
8000, 1337094, 1, 0, 0
8100, 1239400, 1, 0, 0
8200, 1312745, 1, 0, 0
8301, 1287038, 1, 0, 0
8400, 1232882, 1, 0, 0
8500, 1319869, 1, 0, 0
8600, 1233271, 1, 0, 0
8700, 1255773, 1, 0, 0
8800, 1203854, 1, 0, 0
8901, 1230955, 1, 0, 0
9000, 1269000, 1, 0, 0
9100, 1222170, 1, 0, 0
9200, 1223666, 1, 0, 0
9300, 1233577, 1, 0, 0
9400, 1223032, 1, 0, 0
9500, 1204960, 1, 0, 0
9600, 1257658, 1, 0, 0
9700, 1199823, 1, 0, 0
9800, 1234780, 1, 0, 0
9900, 1166100, 1, 0, 0
10000, 1197522, 1, 0, 0
10100, 1150793, 1, 0, 0
10200, 1227280, 1, 0, 0
10300, 1181469, 1, 0, 0
10400, 1194832, 1, 0, 0
10500, 1269810, 1, 0, 0
10600, 1229802, 1, 0, 0
10700, 1245530, 1, 0, 0
10802, 1258828, 1, 0, 0
10900, 1198167, 1, 0, 0
11000, 1214369, 1, 0, 0
11103, 1236985, 1, 0, 0
11200, 1221515, 1, 0, 0
11301, 1232279, 1, 0, 0
11401, 1245971, 1, 0, 0
11500, 1172249, 1, 0, 0
11600, 1210375, 1, 0, 0
11700, 1247425, 1, 0, 0
11801, 1214145, 1, 0, 0
11900, 1239912, 1, 0, 0
12001, 1274395, 1, 0, 0
12100, 1196325, 1, 0, 0
12200, 1223792, 1, 0, 0
12300, 1165933, 1, 0, 0
12400, 1225556, 1, 0, 0
12501, 1264267, 1, 0, 0
12600, 1194972, 1, 0, 0
12700, 1218908, 1, 0, 0
12801, 1184969, 1, 0, 0
12900, 1214634, 1, 0, 0
13000, 1281229, 1, 0, 0
13101, 1129657, 1, 0, 0
13200, 1230793, 1, 0, 0
13300, 1111059, 1, 0, 0
13400, 1188402, 1, 0, 0
13500, 1150867, 1, 0, 0
13600, 1225614, 1, 0, 0
13700, 1181458, 1, 0, 0
13801, 1172189, 1, 0, 0
13900, 1205580, 1, 0, 0
14001, 1215169, 1, 0, 0
14100, 1124869, 1, 0, 0
14200, 1202996, 1, 0, 0
14300, 1306696, 1, 0, 0
14400, 1198481, 1, 0, 0
14500, 1215343, 1, 0, 0
14600, 1185040, 1, 0, 0
14701, 1200895, 1, 0, 0
14800, 1136338, 1, 0, 0
14900, 1160604, 1, 0, 0
15001, 1153173, 1, 0, 0
15100, 1106014, 1, 0, 0
15200, 1130385, 1, 0, 0
15300, 1123287, 1, 0, 0
15400, 1175840, 1, 0, 0
15500, 1115482, 1, 0, 0
15601, 1170850, 1, 0, 0
15700, 1178424, 1, 0, 0
15800, 1110938, 1, 0, 0
15900, 1217793, 1, 0, 0
16000, 1166485, 1, 0, 0
16100, 1165457, 1, 0, 0
16200, 1203421, 1, 0, 0
16301, 1159623, 1, 0, 0
16400, 1281787, 1, 0, 0
16502, 1187789, 1, 0, 0
16600, 1136944, 1, 0, 0
16700, 1205433, 1, 0, 0
16800, 1135182, 1, 0, 0
16901, 1182322, 1, 0, 0
17000, 1136379, 1, 0, 0
17101, 1241113, 1, 0, 0
17200, 1188101, 1, 0, 0
17300, 1230782, 1, 0, 0
17400, 1092191, 1, 0, 0
17500, 1125433, 1, 0, 0
17601, 1193505, 1, 0, 0
17700, 1097361, 1, 0, 0
17800, 1208092, 1, 0, 0
17901, 1155289, 1, 0, 0
18000, 1198287, 1, 0, 0
18100, 1193117, 1, 0, 0
18200, 1147735, 1, 0, 0
18300, 1163767, 1, 0, 0
18400, 1173654, 1, 0, 0
18500, 1103245, 1, 0, 0
18600, 1142820, 1, 0, 0
18701, 1152989, 1, 0, 0
18800, 1177257, 1, 0, 0
18901, 1110213, 1, 0, 0
19000, 1182800, 1, 0, 0
19101, 1137655, 1, 0, 0
19200, 1178795, 1, 0, 0
19300, 1145172, 1, 0, 0
19401, 1158012, 1, 0, 0
19500, 1185198, 1, 0, 0
19600, 1135831, 1, 0, 0
19700, 1169848, 1, 0, 0
19801, 1153646, 1, 0, 0
19900, 1165332, 1, 0, 0
20000, 1093645, 1, 0, 0
20100, 1170713, 1, 0, 0
20201, 1175621, 1, 0, 0
20300, 1210488, 1, 0, 0
20401, 1143807, 1, 0, 0
20500, 1151811, 1, 0, 0
20600, 1180384, 1, 0, 0
20700, 1223856, 1, 0, 0
20800, 1131241, 1, 0, 0
20900, 1163901, 1, 0, 0
21000, 1178940, 1, 0, 0
21101, 1209655, 1, 0, 0
21201, 1175958, 1, 0, 0
21300, 1152057, 1, 0, 0
21400, 1106465, 1, 0, 0
21501, 1121411, 1, 0, 0
21600, 1122484, 1, 0, 0
21700, 1162877, 1, 0, 0
21800, 1176494, 1, 0, 0
21900, 1155397, 1, 0, 0
22000, 1174671, 1, 0, 0
22100, 1111670, 1, 0, 0
22200, 1130628, 1, 0, 0
22300, 1145034, 1, 0, 0
22400, 1196467, 1, 0, 0
22500, 1209119, 1, 0, 0
22600, 1194353, 1, 0, 0
22700, 1228234, 1, 0, 0
22800, 1147997, 1, 0, 0
22900, 1168236, 1, 0, 0
23000, 1193760, 1, 0, 0
23100, 1126652, 1, 0, 0
23200, 1199382, 1, 0, 0
23300, 1176458, 1, 0, 0
23400, 1222794, 1, 0, 0
23501, 1178286, 1, 0, 0
23600, 1163913, 1, 0, 0
23700, 1127814, 1, 0, 0
23800, 1123954, 1, 0, 0
23900, 1152500, 1, 0, 0
24000, 1189773, 1, 0, 0
24100, 1100231, 1, 0, 0
24201, 1137643, 1, 0, 0
24300, 1184949, 1, 0, 0
24400, 1124864, 1, 0, 0
24501, 1160539, 1, 0, 0
24600, 1213454, 1, 0, 0
24700, 1154623, 1, 0, 0
24800, 1207080, 1, 0, 0
24900, 1213833, 1, 0, 0
25000, 1117565, 1, 0, 0
25100, 1187032, 1, 0, 0
25201, 1107403, 1, 0, 0
25300, 1137251, 1, 0, 0
25400, 1168188, 1, 0, 0
25500, 1123506, 1, 0, 0
25600, 1186073, 1, 0, 0
25700, 1211549, 1, 0, 0
25800, 1178722, 1, 0, 0
25900, 1128275, 1, 0, 0
26000, 1111579, 1, 0, 0
26100, 1189697, 1, 0, 0
26202, 1143550, 1, 0, 0
26300, 1147660, 1, 0, 0
26401, 1184586, 1, 0, 0
26500, 1155264, 1, 0, 0
26600, 1130931, 1, 0, 0
26700, 1200551, 1, 0, 0
26800, 1204247, 1, 0, 0
26900, 1138937, 1, 0, 0
27000, 1171898, 1, 0, 0
27101, 1177447, 1, 0, 0
27201, 1103154, 1, 0, 0
27302, 1156084, 1, 0, 0
27400, 1152298, 1, 0, 0
27501, 1061466, 1, 0, 0
27600, 1104548, 1, 0, 0
27701, 1151292, 1, 0, 0
27800, 1154275, 1, 0, 0
27900, 1158218, 1, 0, 0
28000, 1163019, 1, 0, 0
28100, 1137584, 1, 0, 0
28200, 1146134, 1, 0, 0
28300, 1166477, 1, 0, 0
28400, 1176734, 1, 0, 0
28500, 1094655, 1, 0, 0
28600, 1153572, 1, 0, 0
28700, 1131106, 1, 0, 0
28800, 1105743, 1, 0, 0
28900, 1152950, 1, 0, 0
29001, 1116284, 1, 0, 0
29100, 1123473, 1, 0, 0
29200, 1205784, 1, 0, 0
29300, 1069701, 1, 0, 0
29401, 1204998, 1, 0, 0
29500, 1163392, 1, 0, 0
29600, 1111555, 1, 0, 0
29700, 1137343, 1, 0, 0
29801, 1114121, 1, 0, 0
29900, 1119223, 1, 0, 0
30001, 1158783, 1, 0, 0
30100, 1175411, 1, 0, 0
30200, 1189023, 1, 0, 0
30300, 1138924, 1, 0, 0
30400, 1117558, 1, 0, 0
30500, 1162707, 1, 0, 0
30600, 1116856, 1, 0, 0
30700, 1076095, 1, 0, 0
30800, 1129075, 1, 0, 0
30900, 1155798, 1, 0, 0
31000, 1106197, 1, 0, 0
31101, 1175646, 1, 0, 0
31200, 1104839, 1, 0, 0
31301, 1186048, 1, 0, 0
31400, 1139111, 1, 0, 0
31500, 1123910, 1, 0, 0
31600, 1147678, 1, 0, 0
31700, 1197977, 1, 0, 0
31800, 1129215, 1, 0, 0
31900, 1121107, 1, 0, 0
32001, 1152194, 1, 0, 0
32100, 1096577, 1, 0, 0
32200, 1138061, 1, 0, 0
32300, 1080856, 1, 0, 0
32400, 1077832, 1, 0, 0
32501, 1091445, 1, 0, 0
32601, 1098458, 1, 0, 0
32700, 1109350, 1, 0, 0
32800, 1118307, 1, 0, 0
32900, 1140720, 1, 0, 0
33000, 1066075, 1, 0, 0
33100, 1038847, 1, 0, 0
33201, 1114029, 1, 0, 0
33301, 1107487, 1, 0, 0
33400, 1104753, 1, 0, 0
33500, 1094909, 1, 0, 0
33600, 1060582, 1, 0, 0
33700, 1149125, 1, 0, 0
33800, 1124902, 1, 0, 0
33901, 1179936, 1, 0, 0
34000, 1111485, 1, 0, 0
34100, 1077846, 1, 0, 0
34201, 1088342, 1, 0, 0
34300, 1137103, 1, 0, 0
34400, 1082157, 1, 0, 0
34500, 1116258, 1, 0, 0
34600, 1141921, 1, 0, 0
34700, 1102937, 1, 0, 0
34800, 1107622, 1, 0, 0
34900, 1088204, 1, 0, 0
35000, 1143894, 1, 0, 0
35100, 1124909, 1, 0, 0
35200, 1137812, 1, 0, 0
35300, 1121179, 1, 0, 0
35400, 1153204, 1, 0, 0
35500, 1142794, 1, 0, 0
35600, 1093937, 1, 0, 0
35700, 1093546, 1, 0, 0
35800, 1078263, 1, 0, 0
35900, 1140619, 1, 0, 0
36000, 1199164, 1, 0, 0
36100, 1098732, 1, 0, 0
36201, 1168725, 1, 0, 0
36300, 1170593, 1, 0, 0
36400, 1101696, 1, 0, 0
36500, 1126107, 1, 0, 0
36600, 1154812, 1, 0, 0
36701, 1087890, 1, 0, 0
36800, 1075993, 1, 0, 0
36900, 1135589, 1, 0, 0
37000, 1115299, 1, 0, 0
37101, 1088486, 1, 0, 0
37200, 1108612, 1, 0, 0
37300, 1137698, 1, 0, 0
37400, 1155118, 1, 0, 0
37500, 1104713, 1, 0, 0
37600, 1100943, 1, 0, 0
37700, 1086572, 1, 0, 0
37800, 1074039, 1, 0, 0
37900, 1123049, 1, 0, 0
38000, 1095242, 1, 0, 0
38100, 1131637, 1, 0, 0
38201, 1106564, 1, 0, 0
38301, 1151823, 1, 0, 0
38400, 1132621, 1, 0, 0
38500, 1075586, 1, 0, 0
38600, 1090222, 1, 0, 0
38701, 1152324, 1, 0, 0
38800, 1116854, 1, 0, 0
38900, 1100102, 1, 0, 0
39000, 1147841, 1, 0, 0
39100, 1146334, 1, 0, 0
39200, 1138950, 1, 0, 0
39300, 1126096, 1, 0, 0
39400, 1128526, 1, 0, 0
39500, 1152758, 1, 0, 0
39600, 1159990, 1, 0, 0
39700, 1117217, 1, 0, 0
39800, 1191114, 1, 0, 0
39900, 1115482, 1, 0, 0
40001, 1186068, 1, 0, 0
40100, 1074281, 1, 0, 0
40200, 1121851, 1, 0, 0
40300, 1116637, 1, 0, 0
40400, 1115262, 1, 0, 0
40500, 1107048, 1, 0, 0
40600, 1104762, 1, 0, 0
40700, 1095731, 1, 0, 0
40800, 1090512, 1, 0, 0
40900, 1114945, 1, 0, 0
41000, 1103052, 1, 0, 0
41100, 1062508, 1, 0, 0
41201, 1158476, 1, 0, 0
41300, 1089767, 1, 0, 0
41400, 1170861, 1, 0, 0
41500, 1053300, 1, 0, 0
41600, 1105249, 1, 0, 0
41700, 1185116, 1, 0, 0
41800, 1116496, 1, 0, 0
41900, 1095016, 1, 0, 0
42001, 1130207, 1, 0, 0
42100, 1059377, 1, 0, 0
42200, 1131720, 1, 0, 0
42300, 1204552, 1, 0, 0
42400, 1093644, 1, 0, 0
42500, 1166779, 1, 0, 0
42600, 1154894, 1, 0, 0
42700, 1081840, 1, 0, 0
42800, 1101289, 1, 0, 0
42900, 1109928, 1, 0, 0
43000, 1103632, 1, 0, 0
43100, 1150737, 1, 0, 0
43201, 1103518, 1, 0, 0
43300, 1167736, 1, 0, 0
43400, 1054818, 1, 0, 0
43500, 1124398, 1, 0, 0
43600, 1125375, 1, 0, 0
43700, 1120868, 1, 0, 0
43800, 1089000, 1, 0, 0
43900, 1093359, 1, 0, 0
44000, 1136076, 1, 0, 0
44100, 1185546, 1, 0, 0
44200, 1138335, 1, 0, 0
44301, 1078422, 1, 0, 0
44400, 1128002, 1, 0, 0
44500, 1091445, 1, 0, 0
44601, 1109245, 1, 0, 0
44700, 1141281, 1, 0, 0
44800, 1118945, 1, 0, 0
44900, 1123920, 1, 0, 0
45000, 1128499, 1, 0, 0
45100, 1107923, 1, 0, 0
45201, 1133627, 1, 0, 0
45300, 1147608, 1, 0, 0
45400, 1098694, 1, 0, 0
45501, 1094205, 1, 0, 0
45600, 1168045, 1, 0, 0
45700, 1100016, 1, 0, 0
45800, 1112534, 1, 0, 0
45900, 1134418, 1, 0, 0
46001, 1183089, 1, 0, 0
46100, 1113556, 1, 0, 0
46200, 1127904, 1, 0, 0
46300, 1075545, 1, 0, 0
46400, 1129843, 1, 0, 0
46500, 1083249, 1, 0, 0
46600, 1133170, 1, 0, 0
46700, 1176473, 1, 0, 0
46800, 1137793, 1, 0, 0
46901, 1139901, 1, 0, 0
47000, 1150734, 1, 0, 0
47100, 1087045, 1, 0, 0
47200, 1164372, 1, 0, 0
47300, 1116913, 1, 0, 0
47401, 1144747, 1, 0, 0
47500, 1211971, 1, 0, 0
47600, 1125380, 1, 0, 0
47700, 1190004, 1, 0, 0
47800, 1132459, 1, 0, 0
47901, 1131769, 1, 0, 0
48000, 1065863, 1, 0, 0
48100, 1154521, 1, 0, 0
48200, 1116009, 1, 0, 0
48300, 1097659, 1, 0, 0
48400, 1095251, 1, 0, 0
48500, 1114076, 1, 0, 0
48600, 1172842, 1, 0, 0
48700, 1102668, 1, 0, 0
48800, 1112153, 1, 0, 0
48901, 1168009, 1, 0, 0
49001, 1139067, 1, 0, 0
49100, 1176505, 1, 0, 0
49200, 1082513, 1, 0, 0
49301, 1106627, 1, 0, 0
49401, 1086539, 1, 0, 0
49500, 1103348, 1, 0, 0
49601, 1114875, 1, 0, 0
49700, 1145562, 1, 0, 0
49800, 1099489, 1, 0, 0
49901, 1093739, 1, 0, 0
50000, 1081131, 1, 0, 0
50101, 1065632, 1, 0, 0
50200, 1103722, 1, 0, 0
50301, 1071084, 1, 0, 0
50400, 1139299, 1, 0, 0
50500, 1071483, 1, 0, 0
50600, 1161338, 1, 0, 0
50701, 1101781, 1, 0, 0
50800, 1141396, 1, 0, 0
50900, 1096961, 1, 0, 0
51000, 1105214, 1, 0, 0
51100, 1094334, 1, 0, 0
51200, 1086639, 1, 0, 0
51300, 1066497, 1, 0, 0
51400, 1058825, 1, 0, 0
51501, 1117321, 1, 0, 0
51600, 1126110, 1, 0, 0
51700, 1053427, 1, 0, 0
51801, 1112717, 1, 0, 0
51900, 1133607, 1, 0, 0
52000, 1124597, 1, 0, 0
52100, 1116239, 1, 0, 0
52200, 1079542, 1, 0, 0
52302, 1108029, 1, 0, 0
52400, 1153052, 1, 0, 0
52501, 1067593, 1, 0, 0
52600, 1105780, 1, 0, 0
52701, 1124436, 1, 0, 0
52800, 1101011, 1, 0, 0
52900, 1087210, 1, 0, 0
53000, 1099268, 1, 0, 0
53100, 1125483, 1, 0, 0
53200, 1097746, 1, 0, 0
53300, 1081645, 1, 0, 0
53400, 1116023, 1, 0, 0
53500, 1071341, 1, 0, 0
53600, 1069629, 1, 0, 0
53700, 1092872, 1, 0, 0
53800, 1133957, 1, 0, 0
53900, 1147226, 1, 0, 0
54000, 1160350, 1, 0, 0
54100, 1078808, 1, 0, 0
54200, 1067148, 1, 0, 0
54300, 1114149, 1, 0, 0
54400, 1121222, 1, 0, 0
54500, 1087419, 1, 0, 0
54600, 1129736, 1, 0, 0
54701, 1088846, 1, 0, 0
54801, 1084544, 1, 0, 0
54900, 1080770, 1, 0, 0
55000, 1131780, 1, 0, 0
55100, 1151106, 1, 0, 0
55200, 1067869, 1, 0, 0
55300, 1195560, 1, 0, 0
55400, 1119059, 1, 0, 0
55500, 1119419, 1, 0, 0
55600, 1075970, 1, 0, 0
55700, 1129262, 1, 0, 0
55800, 1147802, 1, 0, 0
55901, 1080900, 1, 0, 0
56000, 1086725, 1, 0, 0
56100, 1103204, 1, 0, 0
56200, 1105556, 1, 0, 0
56300, 1127274, 1, 0, 0
56400, 1088910, 1, 0, 0
56500, 1100376, 1, 0, 0
56600, 1071485, 1, 0, 0
56700, 1048905, 1, 0, 0
56800, 1060406, 1, 0, 0
56900, 1080639, 1, 0, 0
57000, 1101498, 1, 0, 0
57100, 1161989, 1, 0, 0
57200, 1216278, 1, 0, 0
57300, 1140839, 1, 0, 0
57400, 1090242, 1, 0, 0
57500, 1153168, 1, 0, 0
57601, 1091788, 1, 0, 0
57701, 1132652, 1, 0, 0
57801, 1085459, 1, 0, 0
57900, 1150317, 1, 0, 0
58000, 1054501, 1, 0, 0
58100, 1123213, 1, 0, 0
58200, 1154961, 1, 0, 0
58301, 1118855, 1, 0, 0
58400, 1131401, 1, 0, 0
58500, 1100902, 1, 0, 0
58600, 1114362, 1, 0, 0
58700, 1088233, 1, 0, 0
58800, 1145231, 1, 0, 0
58900, 1134644, 1, 0, 0
59001, 1111300, 1, 0, 0
59100, 1131211, 1, 0, 0
59201, 1112487, 1, 0, 0
59301, 1147295, 1, 0, 0
59401, 1107896, 1, 0, 0
59500, 1138499, 1, 0, 0
59600, 1106448, 1, 0, 0
59700, 1182638, 1, 0, 0
59800, 1177109, 1, 0, 0
59900, 1134141, 1, 0, 0
60001, 1085034, 1, 0, 0
60100, 1090636, 1, 0, 0
60200, 1096845, 1, 0, 0
60300, 1076428, 1, 0, 0
60401, 1113114, 1, 0, 0
60500, 1094313, 1, 0, 0
60600, 1061632, 1, 0, 0
60700, 1143698, 1, 0, 0
60800, 1128943, 1, 0, 0
60901, 1146710, 1, 0, 0
61000, 1077094, 1, 0, 0
61100, 1134201, 1, 0, 0
61200, 1092271, 1, 0, 0
61300, 1191569, 1, 0, 0
61400, 1140328, 1, 0, 0
61500, 1068734, 1, 0, 0
61600, 1087879, 1, 0, 0
61701, 1077958, 1, 0, 0
61800, 1089376, 1, 0, 0
61900, 1138519, 1, 0, 0
62000, 1086046, 1, 0, 0
62100, 1139963, 1, 0, 0
62200, 1088233, 1, 0, 0
62300, 1137100, 1, 0, 0
62401, 1098839, 1, 0, 0
62500, 1116771, 1, 0, 0
62600, 1123764, 1, 0, 0
62700, 1194312, 1, 0, 0
62800, 1154414, 1, 0, 0
62900, 1079944, 1, 0, 0
63000, 1100937, 1, 0, 0
63100, 1116518, 1, 0, 0
63200, 1190245, 1, 0, 0
63300, 1104089, 1, 0, 0
63400, 1086859, 1, 0, 0
63500, 1115958, 1, 0, 0
63600, 1106461, 1, 0, 0
63700, 1073235, 1, 0, 0
63800, 1108955, 1, 0, 0
63900, 1122645, 1, 0, 0
64000, 1053502, 1, 0, 0
64100, 1116811, 1, 0, 0
64200, 1083861, 1, 0, 0
64300, 1256820, 1, 0, 0
64400, 1068664, 1, 0, 0
64500, 1134624, 1, 0, 0
64600, 1129780, 1, 0, 0
64700, 1159033, 1, 0, 0
64800, 1115166, 1, 0, 0
64900, 1111316, 1, 0, 0
65000, 1161261, 1, 0, 0
65100, 1106191, 1, 0, 0
65200, 1071719, 1, 0, 0
65300, 1148368, 1, 0, 0
65400, 1171243, 1, 0, 0
65501, 1105802, 1, 0, 0
65600, 1071124, 1, 0, 0
65700, 1155243, 1, 0, 0
65800, 1170880, 1, 0, 0
65901, 1151708, 1, 0, 0
66000, 1188112, 1, 0, 0
66100, 1074804, 1, 0, 0
66200, 1109335, 1, 0, 0
66300, 1107516, 1, 0, 0
66400, 1150920, 1, 0, 0
66500, 1161794, 1, 0, 0
66600, 1089673, 1, 0, 0
66700, 1107816, 1, 0, 0
66800, 1114232, 1, 0, 0
66900, 1097469, 1, 0, 0
67000, 1080538, 1, 0, 0
67100, 1146542, 1, 0, 0
67201, 1123208, 1, 0, 0
67300, 1133637, 1, 0, 0
67400, 1159467, 1, 0, 0
67500, 1119997, 1, 0, 0
67600, 1097501, 1, 0, 0
67701, 1109466, 1, 0, 0
67800, 1183407, 1, 0, 0
67900, 1076807, 1, 0, 0
68001, 1095506, 1, 0, 0
68100, 1058873, 1, 0, 0
68200, 1076373, 1, 0, 0
68300, 1123756, 1, 0, 0
68401, 1119040, 1, 0, 0
68502, 1108552, 1, 0, 0
68600, 1080743, 1, 0, 0
68700, 1119601, 1, 0, 0
68800, 1042227, 1, 0, 0
68900, 1128308, 1, 0, 0
69000, 1109300, 1, 0, 0
69100, 1106676, 1, 0, 0
69200, 1041229, 1, 0, 0
69300, 1043449, 1, 0, 0
69401, 1094779, 1, 0, 0
69500, 1123659, 1, 0, 0
69600, 1085698, 1, 0, 0
69700, 1120573, 1, 0, 0
69800, 1071253, 1, 0, 0
69900, 1073928, 1, 0, 0
70000, 1049576, 1, 0, 0
70100, 1063084, 1, 0, 0
70200, 1119472, 1, 0, 0
70300, 1068589, 1, 0, 0
70400, 1056594, 1, 0, 0
70500, 1088536, 1, 0, 0
70600, 1077242, 1, 0, 0
70700, 1083632, 1, 0, 0
70800, 1020019, 1, 0, 0
70900, 1093109, 1, 0, 0
71000, 1058230, 1, 0, 0
71100, 1083114, 1, 0, 0
71200, 1119596, 1, 0, 0
71300, 1081843, 1, 0, 0
71400, 1095393, 1, 0, 0
71500, 1045050, 1, 0, 0
71600, 1085341, 1, 0, 0
71700, 1064738, 1, 0, 0
71800, 1105480, 1, 0, 0
71900, 1061974, 1, 0, 0
72000, 1069756, 1, 0, 0
72101, 1060204, 1, 0, 0
72200, 1165715, 1, 0, 0
72300, 1041166, 1, 0, 0
72401, 1070067, 1, 0, 0
72500, 1077233, 1, 0, 0
72601, 1079906, 1, 0, 0
72700, 1106772, 1, 0, 0
72800, 1107953, 1, 0, 0
72900, 1107868, 1, 0, 0
73000, 1067331, 1, 0, 0
73101, 1097090, 1, 0, 0
73200, 1118427, 1, 0, 0
73300, 1118120, 1, 0, 0
73401, 1125243, 1, 0, 0
73500, 1038722, 1, 0, 0
73601, 1093647, 1, 0, 0
73701, 1165805, 1, 0, 0
73800, 1013444, 1, 0, 0
73900, 1049976, 1, 0, 0
74000, 1098223, 1, 0, 0
74100, 1108807, 1, 0, 0
74200, 1098485, 1, 0, 0
74300, 1066472, 1, 0, 0
74400, 1090428, 1, 0, 0
74500, 1036417, 1, 0, 0
74601, 1027288, 1, 0, 0
74700, 1077392, 1, 0, 0
74801, 1025559, 1, 0, 0
74900, 1098119, 1, 0, 0
75000, 1067836, 1, 0, 0
75100, 1135090, 1, 0, 0
75200, 1102661, 1, 0, 0
75300, 1088480, 1, 0, 0
75400, 1029090, 1, 0, 0
75500, 1078979, 1, 0, 0
75601, 1086849, 1, 0, 0
75700, 1061172, 1, 0, 0
75800, 1102082, 1, 0, 0
75900, 1071886, 1, 0, 0
76000, 1107774, 1, 0, 0
76100, 1040043, 1, 0, 0
76201, 1034469, 1, 0, 0
76300, 1064624, 1, 0, 0
76401, 1006584, 1, 0, 0
76500, 1027116, 1, 0, 0
76600, 1056818, 1, 0, 0
76700, 1082718, 1, 0, 0
76802, 1081868, 1, 0, 0
76900, 1029032, 1, 0, 0
77000, 994389, 1, 0, 0
77100, 1060702, 1, 0, 0
77200, 1057707, 1, 0, 0
77301, 1028577, 1, 0, 0
77400, 1053874, 1, 0, 0
77500, 1037587, 1, 0, 0
77600, 1062439, 1, 0, 0
77700, 1073352, 1, 0, 0
77800, 1062006, 1, 0, 0
77900, 1099391, 1, 0, 0
78000, 1100104, 1, 0, 0
78100, 1106602, 1, 0, 0
78200, 1135755, 1, 0, 0
78300, 1143443, 1, 0, 0
78401, 1102124, 1, 0, 0
78500, 1078929, 1, 0, 0
78601, 1127987, 1, 0, 0
78700, 1089280, 1, 0, 0
78801, 1069343, 1, 0, 0
78901, 1086840, 1, 0, 0
79001, 1086389, 1, 0, 0
79100, 1072095, 1, 0, 0
79200, 1064238, 1, 0, 0
79300, 1047106, 1, 0, 0
79400, 1097126, 1, 0, 0
79500, 1053555, 1, 0, 0
79600, 1047850, 1, 0, 0
79700, 1079088, 1, 0, 0
79801, 1054751, 1, 0, 0
79900, 1081283, 1, 0, 0
80001, 1094793, 1, 0, 0
80100, 1113718, 1, 0, 0
80200, 1112356, 1, 0, 0
80300, 1065533, 1, 0, 0
80400, 1075242, 1, 0, 0
80500, 1082594, 1, 0, 0
80600, 1074722, 1, 0, 0
80700, 1106795, 1, 0, 0
80800, 1074492, 1, 0, 0
80900, 1121574, 1, 0, 0
81001, 1154212, 1, 0, 0
81100, 1098764, 1, 0, 0
81200, 1117711, 1, 0, 0
81300, 1046207, 1, 0, 0
81400, 1070113, 1, 0, 0
81500, 1099442, 1, 0, 0
81600, 1074268, 1, 0, 0
81700, 1163642, 1, 0, 0
81800, 1059264, 1, 0, 0
81900, 1058703, 1, 0, 0
82000, 1036711, 1, 0, 0
82100, 1112031, 1, 0, 0
82200, 1096075, 1, 0, 0
82300, 1133076, 1, 0, 0
82401, 1121478, 1, 0, 0
82500, 1116083, 1, 0, 0
82600, 1071725, 1, 0, 0
82700, 1112043, 1, 0, 0
82800, 1091422, 1, 0, 0
82900, 1090513, 1, 0, 0
83001, 1176419, 1, 0, 0
83100, 1112736, 1, 0, 0
83200, 1111154, 1, 0, 0
83300, 1114591, 1, 0, 0
83400, 1082973, 1, 0, 0
83501, 1075333, 1, 0, 0
83600, 1085760, 1, 0, 0
83700, 1066435, 1, 0, 0
83800, 1080962, 1, 0, 0
83900, 1112811, 1, 0, 0
84000, 1096105, 1, 0, 0
84100, 1063316, 1, 0, 0
84200, 1083952, 1, 0, 0
84300, 1074573, 1, 0, 0
84400, 1124198, 1, 0, 0
84500, 1082655, 1, 0, 0
84600, 1056432, 1, 0, 0
84700, 1102013, 1, 0, 0
84800, 1073748, 1, 0, 0
84900, 1099917, 1, 0, 0
85000, 1125865, 1, 0, 0
85100, 1084168, 1, 0, 0
85200, 1086489, 1, 0, 0
85301, 1040491, 1, 0, 0
85400, 1036573, 1, 0, 0
85500, 1070120, 1, 0, 0
85600, 1088691, 1, 0, 0
85700, 1093936, 1, 0, 0
85800, 1037443, 1, 0, 0
85901, 1073979, 1, 0, 0
86000, 1111748, 1, 0, 0
86100, 1079165, 1, 0, 0
86200, 1119688, 1, 0, 0
86300, 1097781, 1, 0, 0
86400, 1009966, 1, 0, 0
86500, 1088780, 1, 0, 0
86600, 1109036, 1, 0, 0
86700, 1100671, 1, 0, 0
86801, 1017087, 1, 0, 0
86900, 1063343, 1, 0, 0
87000, 1076967, 1, 0, 0
87100, 1071963, 1, 0, 0
87200, 1076804, 1, 0, 0
87300, 1100234, 1, 0, 0
87400, 1127715, 1, 0, 0
87500, 1116934, 1, 0, 0
87600, 1153872, 1, 0, 0
87700, 1105857, 1, 0, 0
87800, 1179808, 1, 0, 0
87900, 1118038, 1, 0, 0
88001, 1057886, 1, 0, 0
88100, 1098288, 1, 0, 0
88200, 1062729, 1, 0, 0
88300, 1075508, 1, 0, 0
88400, 1064342, 1, 0, 0
88500, 1079310, 1, 0, 0
88600, 1103855, 1, 0, 0
88700, 1076650, 1, 0, 0
88800, 1115396, 1, 0, 0
88900, 1124685, 1, 0, 0
89000, 1179384, 1, 0, 0
89101, 1084218, 1, 0, 0
89200, 1110099, 1, 0, 0
89300, 1038999, 1, 0, 0
89400, 1051938, 1, 0, 0
89500, 1072632, 1, 0, 0
89601, 1037108, 1, 0, 0
89700, 1091159, 1, 0, 0
89800, 1145399, 1, 0, 0
89900, 1081820, 1, 0, 0
90000, 1098192, 1, 0, 0
90101, 1050232, 1, 0, 0
90200, 1040771, 1, 0, 0
90300, 1070789, 1, 0, 0
90400, 1088064, 1, 0, 0
90500, 1065826, 1, 0, 0
90600, 1128112, 1, 0, 0
90700, 1098465, 1, 0, 0
90800, 1062822, 1, 0, 0
90900, 1067348, 1, 0, 0
91000, 1000871, 1, 0, 0
91100, 1113763, 1, 0, 0
91200, 1072712, 1, 0, 0
91300, 1064176, 1, 0, 0
91400, 1086671, 1, 0, 0
91500, 1105769, 1, 0, 0
91600, 1141233, 1, 0, 0
91700, 1069834, 1, 0, 0
91800, 1055296, 1, 0, 0
91901, 1061907, 1, 0, 0
92000, 1125541, 1, 0, 0
92100, 1045584, 1, 0, 0
92200, 1039629, 1, 0, 0
92300, 1073895, 1, 0, 0
92400, 1077791, 1, 0, 0
92500, 1111100, 1, 0, 0
92600, 1058396, 1, 0, 0
92700, 1051678, 1, 0, 0
92800, 1051124, 1, 0, 0
92901, 1054949, 1, 0, 0
93000, 1068047, 1, 0, 0
93101, 1117933, 1, 0, 0
93200, 1073026, 1, 0, 0
93300, 1042573, 1, 0, 0
93400, 1100438, 1, 0, 0
93500, 1101766, 1, 0, 0
93600, 1010887, 1, 0, 0
93700, 1118353, 1, 0, 0
93800, 1062189, 1, 0, 0
93900, 1083487, 1, 0, 0
94000, 1033893, 1, 0, 0
94100, 1038925, 1, 0, 0
94200, 1112450, 1, 0, 0
94300, 1091138, 1, 0, 0
94400, 1022390, 1, 0, 0
94500, 1079058, 1, 0, 0
94600, 1120535, 1, 0, 0
94700, 1095926, 1, 0, 0
94800, 1069172, 1, 0, 0
94900, 1085149, 1, 0, 0
95000, 1086946, 1, 0, 0
95100, 1087884, 1, 0, 0
95201, 1149369, 1, 0, 0
95300, 1041164, 1, 0, 0
95400, 1069700, 1, 0, 0
95500, 1044865, 1, 0, 0
95600, 1197229, 1, 0, 0
95700, 1105860, 1, 0, 0
95800, 1115555, 1, 0, 0
95900, 1091875, 1, 0, 0
96000, 1048670, 1, 0, 0
96101, 1088919, 1, 0, 0
96200, 1028259, 1, 0, 0
96300, 1063222, 1, 0, 0
96400, 1109618, 1, 0, 0
96500, 1084305, 1, 0, 0
96600, 1055182, 1, 0, 0
96700, 1049750, 1, 0, 0
96800, 1077431, 1, 0, 0
96900, 1094495, 1, 0, 0
97000, 1081025, 1, 0, 0
97100, 1040101, 1, 0, 0
97200, 1065976, 1, 0, 0
97300, 1098160, 1, 0, 0
97401, 1071902, 1, 0, 0
97500, 1061738, 1, 0, 0
97601, 1049799, 1, 0, 0
97700, 1109355, 1, 0, 0
97800, 1088570, 1, 0, 0
97900, 1070103, 1, 0, 0
98000, 1040025, 1, 0, 0
98100, 1062407, 1, 0, 0
98200, 1112129, 1, 0, 0
98300, 1054149, 1, 0, 0
98401, 1113210, 1, 0, 0
98500, 1048213, 1, 0, 0
98600, 1067669, 1, 0, 0
98700, 1123701, 1, 0, 0
98800, 1053632, 1, 0, 0
98901, 1075873, 1, 0, 0
99000, 1062605, 1, 0, 0
99100, 1089113, 1, 0, 0
99200, 1054422, 1, 0, 0
99300, 1097157, 1, 0, 0
99400, 1045119, 1, 0, 0
99500, 1082975, 1, 0, 0
99600, 1043238, 1, 0, 0
99700, 1027874, 1, 0, 0
99800, 1120622, 1, 0, 0
99900, 1049667, 1, 0, 0
100000, 1042765, 1, 0, 0
100100, 1054253, 1, 0, 0
100201, 1065518, 1, 0, 0
100300, 1036680, 1, 0, 0
100400, 1080227, 1, 0, 0
100500, 1064344, 1, 0, 0
100600, 1008051, 1, 0, 0
100700, 1044648, 1, 0, 0
100800, 1055351, 1, 0, 0
100901, 1113526, 1, 0, 0
101000, 1075323, 1, 0, 0
101100, 1041794, 1, 0, 0
101201, 1041690, 1, 0, 0
101300, 1035190, 1, 0, 0
101400, 1083960, 1, 0, 0
101500, 1086932, 1, 0, 0
101601, 1075134, 1, 0, 0
101700, 1055175, 1, 0, 0
101800, 1070773, 1, 0, 0
101900, 1075565, 1, 0, 0
102000, 1084431, 1, 0, 0
102100, 1058909, 1, 0, 0
102200, 1075665, 1, 0, 0
102300, 1047822, 1, 0, 0
102400, 1146002, 1, 0, 0
102500, 1077183, 1, 0, 0
102600, 1112825, 1, 0, 0
102700, 1061372, 1, 0, 0
102800, 1083870, 1, 0, 0
102900, 1046191, 1, 0, 0
103001, 1089260, 1, 0, 0
103100, 1024032, 1, 0, 0
103200, 1063709, 1, 0, 0
103301, 1065537, 1, 0, 0
103400, 1078169, 1, 0, 0
103500, 1046703, 1, 0, 0
103600, 1069796, 1, 0, 0
103700, 1095929, 1, 0, 0
103800, 1084459, 1, 0, 0
103900, 1092979, 1, 0, 0
104000, 1083617, 1, 0, 0
104101, 1107240, 1, 0, 0
104200, 1108405, 1, 0, 0
104300, 1086804, 1, 0, 0
104400, 1087560, 1, 0, 0
104500, 1022379, 1, 0, 0
104600, 1096760, 1, 0, 0
104700, 1105415, 1, 0, 0
104800, 1035054, 1, 0, 0
104900, 1087753, 1, 0, 0
105000, 1070405, 1, 0, 0
105100, 1044909, 1, 0, 0
105200, 1047427, 1, 0, 0
105300, 1070555, 1, 0, 0
105400, 1017112, 1, 0, 0
105500, 1019833, 1, 0, 0
105600, 1098215, 1, 0, 0
105700, 1083234, 1, 0, 0
105800, 1097289, 1, 0, 0
105900, 1090726, 1, 0, 0
106000, 1033339, 1, 0, 0
106100, 1046607, 1, 0, 0
106200, 1086789, 1, 0, 0
106300, 1064978, 1, 0, 0
106401, 1116245, 1, 0, 0
106500, 1061872, 1, 0, 0
106600, 1090984, 1, 0, 0
106700, 1039883, 1, 0, 0
106800, 1071362, 1, 0, 0
106901, 1070603, 1, 0, 0
107000, 1079221, 1, 0, 0
107100, 1110702, 1, 0, 0
107200, 1120346, 1, 0, 0
107300, 1070657, 1, 0, 0
107400, 1151654, 1, 0, 0
107500, 1058737, 1, 0, 0
107600, 1051393, 1, 0, 0
107700, 1041080, 1, 0, 0
107800, 1055519, 1, 0, 0
107900, 1025623, 1, 0, 0
108000, 1062222, 1, 0, 0
108100, 1039692, 1, 0, 0
108200, 1038401, 1, 0, 0
108300, 1062464, 1, 0, 0
108400, 1056242, 1, 0, 0
108500, 1043181, 1, 0, 0
108600, 1016994, 1, 0, 0
108700, 1048559, 1, 0, 0
108800, 1064138, 1, 0, 0
108900, 1006181, 1, 0, 0
109000, 1065868, 1, 0, 0
109100, 1002998, 1, 0, 0
109200, 1056116, 1, 0, 0
109300, 1108013, 1, 0, 0
109400, 1109135, 1, 0, 0
109500, 1050889, 1, 0, 0
109600, 1092515, 1, 0, 0
109700, 1109634, 1, 0, 0
109800, 1006041, 1, 0, 0
109900, 1078983, 1, 0, 0
110000, 1096574, 1, 0, 0
110100, 1070150, 1, 0, 0
110201, 1103089, 1, 0, 0
110301, 1041489, 1, 0, 0
110400, 1094464, 1, 0, 0
110500, 1120066, 1, 0, 0
110600, 1131254, 1, 0, 0
110700, 1126761, 1, 0, 0
110800, 1129757, 1, 0, 0
110900, 1052260, 1, 0, 0
111001, 1087826, 1, 0, 0
111100, 1070527, 1, 0, 0
111200, 1054118, 1, 0, 0
111300, 1051583, 1, 0, 0
111400, 1023387, 1, 0, 0
111501, 1131687, 1, 0, 0
111600, 1132907, 1, 0, 0
111701, 1005401, 1, 0, 0
111800, 1097419, 1, 0, 0
111900, 1093073, 1, 0, 0
112000, 1039535, 1, 0, 0
112100, 1024882, 1, 0, 0
112200, 1076711, 1, 0, 0
112300, 1033371, 1, 0, 0
112400, 1056304, 1, 0, 0
112500, 1087798, 1, 0, 0
112600, 1035851, 1, 0, 0
112700, 1028126, 1, 0, 0
112800, 1048967, 1, 0, 0
112900, 1012058, 1, 0, 0
113000, 1060227, 1, 0, 0
113100, 1071866, 1, 0, 0
113200, 1035774, 1, 0, 0
113300, 1062033, 1, 0, 0
113400, 1026943, 1, 0, 0
113500, 1058109, 1, 0, 0
113600, 1009054, 1, 0, 0
113701, 1076629, 1, 0, 0
113800, 1033385, 1, 0, 0
113901, 1017965, 1, 0, 0
114000, 1078629, 1, 0, 0
114100, 1086512, 1, 0, 0
114200, 1092699, 1, 0, 0
114300, 1091852, 1, 0, 0
114400, 1033178, 1, 0, 0
114500, 1077378, 1, 0, 0
114600, 1081592, 1, 0, 0
114700, 1005839, 1, 0, 0
114800, 987827, 1, 0, 0
114900, 1100445, 1, 0, 0
115000, 1070846, 1, 0, 0
115100, 1040773, 1, 0, 0
115200, 1067427, 1, 0, 0
115300, 985079, 1, 0, 0
115400, 1069109, 1, 0, 0
115500, 1053300, 1, 0, 0
115600, 1059640, 1, 0, 0
115700, 1111404, 1, 0, 0
115800, 1089705, 1, 0, 0
115900, 1081395, 1, 0, 0
116000, 1065087, 1, 0, 0
116101, 1041748, 1, 0, 0
116200, 1015503, 1, 0, 0
116300, 1031560, 1, 0, 0
116400, 1060719, 1, 0, 0
116500, 1041018, 1, 0, 0
116600, 993028, 1, 0, 0
116700, 1009422, 1, 0, 0
116800, 1009718, 1, 0, 0
116900, 1068978, 1, 0, 0
117000, 994745, 1, 0, 0
117100, 1067226, 1, 0, 0
117200, 1046506, 1, 0, 0
117300, 1073408, 1, 0, 0
117400, 1045614, 1, 0, 0
117500, 1048590, 1, 0, 0
117600, 1073595, 1, 0, 0
117700, 1090677, 1, 0, 0
117800, 1061592, 1, 0, 0
117900, 1058418, 1, 0, 0
118000, 995050, 1, 0, 0
118100, 1011286, 1, 0, 0
118200, 1033891, 1, 0, 0
118300, 1048990, 1, 0, 0
118400, 1073325, 1, 0, 0
118500, 1044011, 1, 0, 0
118600, 1084452, 1, 0, 0
118700, 1049797, 1, 0, 0
118800, 1037310, 1, 0, 0
118900, 1020673, 1, 0, 0
119000, 1044928, 1, 0, 0
119100, 1039603, 1, 0, 0
119200, 1022485, 1, 0, 0
119300, 1059173, 1, 0, 0
119400, 1027772, 1, 0, 0
119500, 1050856, 1, 0, 0
119600, 1100951, 1, 0, 0
119701, 1014628, 1, 0, 0
119800, 1068836, 1, 0, 0
119900, 1078664, 1, 0, 0
120000, 1000086, 1, 0, 0
120100, 1014881, 1, 0, 0
120201, 1028246, 1, 0, 0
120300, 1024581, 1, 0, 0
120401, 1023083, 1, 0, 0
120500, 1049170, 1, 0, 0
120600, 1032182, 1, 0, 0
120700, 1033071, 1, 0, 0
120800, 1030108, 1, 0, 0
120900, 1046009, 1, 0, 0
121000, 1054731, 1, 0, 0
121100, 997149, 1, 0, 0
121200, 1016623, 1, 0, 0
121300, 1016111, 1, 0, 0
121400, 1053315, 1, 0, 0
121500, 1039564, 1, 0, 0
121600, 1055632, 1, 0, 0
121700, 1021705, 1, 0, 0
121800, 1012172, 1, 0, 0
121900, 1082263, 1, 0, 0
122000, 1040558, 1, 0, 0
122100, 1037752, 1, 0, 0
122200, 1026687, 1, 0, 0
122300, 1064757, 1, 0, 0
122400, 1063037, 1, 0, 0
122500, 1028282, 1, 0, 0
122600, 994943, 1, 0, 0
122700, 1025392, 1, 0, 0
122800, 1048250, 1, 0, 0
122900, 1010080, 1, 0, 0
123000, 1029147, 1, 0, 0
123100, 1027995, 1, 0, 0
123200, 1179779, 1, 0, 0
123300, 1164091, 1, 0, 0
123400, 1070135, 1, 0, 0
123500, 1088715, 1, 0, 0
123600, 1051286, 1, 0, 0
123700, 1035546, 1, 0, 0
123800, 1040037, 1, 0, 0
123900, 1037567, 1, 0, 0
124000, 1060302, 1, 0, 0
124100, 1104504, 1, 0, 0
124200, 1020108, 1, 0, 0
124300, 1038177, 1, 0, 0
124400, 1028294, 1, 0, 0
124500, 1048174, 1, 0, 0
124600, 1031277, 1, 0, 0
124700, 1094777, 1, 0, 0
124800, 1045226, 1, 0, 0
124900, 1122275, 1, 0, 0
125000, 1014931, 1, 0, 0
125100, 1027949, 1, 0, 0
125200, 992380, 1, 0, 0
125300, 1058267, 1, 0, 0
125400, 1036086, 1, 0, 0
125500, 1058028, 1, 0, 0
125600, 1026201, 1, 0, 0
125700, 1022153, 1, 0, 0
125800, 1035102, 1, 0, 0
125900, 1020785, 1, 0, 0
126000, 1059660, 1, 0, 0
126100, 1008030, 1, 0, 0
126200, 1062241, 1, 0, 0
126300, 1059011, 1, 0, 0
126400, 1015191, 1, 0, 0
126500, 1003930, 1, 0, 0
126600, 1059896, 1, 0, 0
126700, 1058308, 1, 0, 0
126800, 1075062, 1, 0, 0
126900, 1000586, 1, 0, 0
127000, 1018991, 1, 0, 0
127100, 1040114, 1, 0, 0
127200, 1023693, 1, 0, 0
127301, 1049143, 1, 0, 0
127400, 1051562, 1, 0, 0
127500, 1034831, 1, 0, 0
127600, 1084458, 1, 0, 0
127700, 1022298, 1, 0, 0
127800, 1056259, 1, 0, 0
127900, 1048391, 1, 0, 0
128000, 1031270, 1, 0, 0
128100, 1057668, 1, 0, 0
128200, 1042867, 1, 0, 0
128300, 1009593, 1, 0, 0
128400, 1078576, 1, 0, 0
128500, 1044445, 1, 0, 0
128600, 1079039, 1, 0, 0
128701, 1027639, 1, 0, 0
128800, 1035646, 1, 0, 0
128900, 1038935, 1, 0, 0
129000, 1087543, 1, 0, 0
129100, 1037215, 1, 0, 0
129201, 1079322, 1, 0, 0
129300, 1029037, 1, 0, 0
129400, 1052090, 1, 0, 0
129500, 1099278, 1, 0, 0
129600, 1026271, 1, 0, 0
129701, 1070585, 1, 0, 0
129800, 1016375, 1, 0, 0
129900, 1061855, 1, 0, 0
130000, 1035688, 1, 0, 0
130101, 1052187, 1, 0, 0
130200, 1077218, 1, 0, 0
130300, 1043332, 1, 0, 0
130401, 1094813, 1, 0, 0
130501, 1092710, 1, 0, 0
130600, 1053944, 1, 0, 0
130700, 1042440, 1, 0, 0
130800, 1065909, 1, 0, 0
130900, 1085207, 1, 0, 0
131000, 1057594, 1, 0, 0
131100, 1017936, 1, 0, 0
131200, 1038094, 1, 0, 0
131300, 1013410, 1, 0, 0
131400, 1110963, 1, 0, 0
131500, 1091180, 1, 0, 0
131600, 1096810, 1, 0, 0
131700, 1058612, 1, 0, 0
131800, 1076657, 1, 0, 0
131900, 1023490, 1, 0, 0
132000, 1058042, 1, 0, 0
132102, 1075275, 1, 0, 0
132200, 1078427, 1, 0, 0
132300, 1035821, 1, 0, 0
132400, 1039772, 1, 0, 0
132500, 1093806, 1, 0, 0
132600, 1003504, 1, 0, 0
132700, 1041784, 1, 0, 0
132800, 1120948, 1, 0, 0
132900, 1050491, 1, 0, 0
133000, 1018764, 1, 0, 0
133100, 1077930, 1, 0, 0
133200, 1047169, 1, 0, 0
133300, 1098529, 1, 0, 0
133400, 1053336, 1, 0, 0
133500, 1081460, 1, 0, 0
133600, 1059850, 1, 0, 0
133700, 1084950, 1, 0, 0
133800, 1026075, 1, 0, 0
133900, 1123496, 1, 0, 0
134000, 1083951, 1, 0, 0
134100, 1047670, 1, 0, 0
134201, 1056013, 1, 0, 0
134300, 1027683, 1, 0, 0
134400, 1018309, 1, 0, 0
134500, 1020132, 1, 0, 0
134600, 1155846, 1, 0, 0
134700, 1021338, 1, 0, 0
134800, 1078055, 1, 0, 0
134900, 1050025, 1, 0, 0
135000, 1071041, 1, 0, 0
135100, 1047664, 1, 0, 0
135200, 1039411, 1, 0, 0
135300, 1041482, 1, 0, 0
135400, 1024201, 1, 0, 0
135500, 1100065, 1, 0, 0
135600, 1107831, 1, 0, 0
135700, 1056314, 1, 0, 0
135800, 1099925, 1, 0, 0
135900, 1036192, 1, 0, 0
136000, 1105968, 1, 0, 0
136100, 1006533, 1, 0, 0
136201, 1071977, 1, 0, 0
136300, 1078609, 1, 0, 0
136400, 1068879, 1, 0, 0
136500, 1056914, 1, 0, 0
136600, 1078025, 1, 0, 0
136700, 1099010, 1, 0, 0
136800, 1019353, 1, 0, 0
136901, 1047229, 1, 0, 0
137000, 1074613, 1, 0, 0
137100, 1055354, 1, 0, 0
137200, 1109881, 1, 0, 0
137300, 1009234, 1, 0, 0
137400, 1038280, 1, 0, 0
137500, 1060804, 1, 0, 0
137600, 1065131, 1, 0, 0
137700, 1057060, 1, 0, 0
137800, 1100650, 1, 0, 0
137900, 1051990, 1, 0, 0
138000, 1035051, 1, 0, 0
138100, 1054721, 1, 0, 0
138201, 1074938, 1, 0, 0
138300, 1063100, 1, 0, 0
138400, 1068280, 1, 0, 0
138500, 1042240, 1, 0, 0
138600, 1016188, 1, 0, 0
138700, 1088954, 1, 0, 0
138800, 1068840, 1, 0, 0
138900, 1061109, 1, 0, 0
139000, 1119718, 1, 0, 0
139100, 1037365, 1, 0, 0
139200, 1049263, 1, 0, 0
139300, 1038842, 1, 0, 0
139400, 1032513, 1, 0, 0
139500, 1015617, 1, 0, 0
139600, 1044964, 1, 0, 0
139700, 1083294, 1, 0, 0
139800, 1043005, 1, 0, 0
139900, 1021907, 1, 0, 0
140000, 1075603, 1, 0, 0
140100, 1097150, 1, 0, 0
140201, 1005048, 1, 0, 0
140300, 1071068, 1, 0, 0
140400, 1104714, 1, 0, 0
140500, 1052805, 1, 0, 0
140600, 1079490, 1, 0, 0
140700, 1038956, 1, 0, 0
140800, 1034757, 1, 0, 0
140900, 1020381, 1, 0, 0
141000, 1082664, 1, 0, 0
141100, 1035204, 1, 0, 0
141200, 1040246, 1, 0, 0
141301, 1105700, 1, 0, 0
141400, 1044819, 1, 0, 0
141500, 1029249, 1, 0, 0
141600, 1055993, 1, 0, 0
141700, 1070868, 1, 0, 0
141800, 1058545, 1, 0, 0
141900, 1032109, 1, 0, 0
142001, 1098603, 1, 0, 0
142100, 1105020, 1, 0, 0
142200, 1080324, 1, 0, 0
142300, 1062770, 1, 0, 0
142400, 1054871, 1, 0, 0
142500, 1081954, 1, 0, 0
142600, 1039193, 1, 0, 0
142700, 1103793, 1, 0, 0
142800, 1122603, 1, 0, 0
142900, 1123040, 1, 0, 0
143001, 1096959, 1, 0, 0
143100, 1133456, 1, 0, 0
143200, 1101122, 1, 0, 0
143300, 1049869, 1, 0, 0
143400, 1082097, 1, 0, 0
143500, 1103196, 1, 0, 0
143600, 1111610, 1, 0, 0
143701, 1050911, 1, 0, 0
143800, 1058762, 1, 0, 0
143900, 1017034, 1, 0, 0
144000, 1048294, 1, 0, 0
144100, 1083464, 1, 0, 0
144200, 1035835, 1, 0, 0
144300, 1077102, 1, 0, 0
144400, 1089563, 1, 0, 0
144500, 1073226, 1, 0, 0
144600, 1050804, 1, 0, 0
144700, 1114788, 1, 0, 0
144800, 1036306, 1, 0, 0
144900, 1038962, 1, 0, 0
145000, 1060004, 1, 0, 0
145100, 1067036, 1, 0, 0
145200, 1022055, 1, 0, 0
145300, 1094666, 1, 0, 0
145400, 1087528, 1, 0, 0
145500, 1075937, 1, 0, 0
145601, 1085997, 1, 0, 0
145700, 1048606, 1, 0, 0
145800, 1098336, 1, 0, 0
145900, 1060331, 1, 0, 0
146000, 1039709, 1, 0, 0
146100, 1044396, 1, 0, 0
146200, 1067199, 1, 0, 0
146300, 1109266, 1, 0, 0
146400, 1086096, 1, 0, 0
146500, 1063267, 1, 0, 0
146600, 1036644, 1, 0, 0
146700, 1034060, 1, 0, 0
146800, 1036043, 1, 0, 0
146900, 1037419, 1, 0, 0
147000, 1046023, 1, 0, 0
147100, 1020071, 1, 0, 0
147200, 1042817, 1, 0, 0
147300, 1103459, 1, 0, 0
147400, 1072947, 1, 0, 0
147500, 1033046, 1, 0, 0
147600, 1031733, 1, 0, 0
147700, 988880, 1, 0, 0
147800, 1022343, 1, 0, 0
147901, 1049232, 1, 0, 0
148000, 1045110, 1, 0, 0
148100, 1050296, 1, 0, 0
148200, 1065214, 1, 0, 0
148300, 1104871, 1, 0, 0
148400, 1045396, 1, 0, 0
148500, 1044211, 1, 0, 0
148600, 1062768, 1, 0, 0
148700, 1073791, 1, 0, 0
148800, 1061551, 1, 0, 0
148900, 1037461, 1, 0, 0
149000, 1097287, 1, 0, 0
149101, 1129218, 1, 0, 0
149200, 1087555, 1, 0, 0
149300, 1127786, 1, 0, 0
149400, 1036545, 1, 0, 0
149500, 987391, 1, 0, 0
149600, 1042690, 1, 0, 0
149700, 1021264, 1, 0, 0
149800, 1046664, 1, 0, 0
149900, 1067142, 1, 0, 0
150000, 1011351, 1, 0, 0
150100, 1044189, 1, 0, 0
150200, 1052997, 1, 0, 0
150300, 1044463, 1, 0, 0
150401, 1047735, 1, 0, 0
150500, 1088864, 1, 0, 0
150600, 1042752, 1, 0, 0
150700, 1061849, 1, 0, 0
150800, 1024529, 1, 0, 0
150900, 1083055, 1, 0, 0
151000, 1056032, 1, 0, 0
151100, 1131438, 1, 0, 0
151201, 1068235, 1, 0, 0
151300, 1064985, 1, 0, 0
151400, 1042370, 1, 0, 0
151500, 1127755, 1, 0, 0
151600, 1060544, 1, 0, 0
151700, 1029196, 1, 0, 0
151800, 1103945, 1, 0, 0
151901, 1066854, 1, 0, 0
152000, 1026613, 1, 0, 0
152101, 1029193, 1, 0, 0
152200, 1037420, 1, 0, 0
152300, 1048325, 1, 0, 0
152400, 1030040, 1, 0, 0
152500, 1039274, 1, 0, 0
152600, 1052817, 1, 0, 0
152700, 1013931, 1, 0, 0
152800, 1025695, 1, 0, 0
152900, 1086691, 1, 0, 0
153000, 1042587, 1, 0, 0
153100, 1023893, 1, 0, 0
153200, 1038425, 1, 0, 0
153300, 1087492, 1, 0, 0
153400, 1057036, 1, 0, 0
153500, 1120349, 1, 0, 0
153600, 1111985, 1, 0, 0
153700, 1050606, 1, 0, 0
153800, 1087619, 1, 0, 0
153900, 1120324, 1, 0, 0
154000, 1049369, 1, 0, 0
154100, 1070856, 1, 0, 0
154201, 1074313, 1, 0, 0
154300, 1068596, 1, 0, 0
154400, 1045318, 1, 0, 0
154500, 1051990, 1, 0, 0
154600, 1108208, 1, 0, 0
154700, 1068050, 1, 0, 0
154800, 1108427, 1, 0, 0
154900, 1063455, 1, 0, 0
155000, 1079349, 1, 0, 0
155101, 1042474, 1, 0, 0
155200, 1056494, 1, 0, 0
155300, 1052038, 1, 0, 0
155400, 1118577, 1, 0, 0
155500, 1081625, 1, 0, 0
155602, 1111241, 1, 0, 0
155700, 1057360, 1, 0, 0
155800, 1045906, 1, 0, 0
155900, 1065052, 1, 0, 0
156000, 1014521, 1, 0, 0
156100, 1009244, 1, 0, 0
156200, 1046730, 1, 0, 0
156300, 1021057, 1, 0, 0
156400, 1025441, 1, 0, 0
156500, 1079983, 1, 0, 0
156600, 1051397, 1, 0, 0
156700, 1098627, 1, 0, 0
156800, 1052111, 1, 0, 0
156900, 1033479, 1, 0, 0
157000, 1054268, 1, 0, 0
157100, 1034246, 1, 0, 0
157200, 1020129, 1, 0, 0
157300, 1025202, 1, 0, 0
157400, 1030348, 1, 0, 0
157500, 1054056, 1, 0, 0
157600, 1038956, 1, 0, 0
157701, 1104833, 1, 0, 0
157800, 1066829, 1, 0, 0
157900, 1040909, 1, 0, 0
158000, 1063202, 1, 0, 0
158100, 1050504, 1, 0, 0
158200, 1049098, 1, 0, 0
158301, 1034013, 1, 0, 0
158401, 1043352, 1, 0, 0
158501, 1036523, 1, 0, 0
158600, 1032063, 1, 0, 0
158700, 1053700, 1, 0, 0
158800, 1059607, 1, 0, 0
158900, 1105365, 1, 0, 0
159000, 1071435, 1, 0, 0
159100, 1018134, 1, 0, 0
159200, 1115615, 1, 0, 0
159300, 1133214, 1, 0, 0
159400, 1040085, 1, 0, 0
159500, 1061190, 1, 0, 0
159601, 1078578, 1, 0, 0
159700, 1031477, 1, 0, 0
159800, 1064587, 1, 0, 0
159900, 1008617, 1, 0, 0
160000, 1098548, 1, 0, 0
160100, 1085139, 1, 0, 0
160200, 1115321, 1, 0, 0
160300, 1051441, 1, 0, 0
160401, 1116931, 1, 0, 0
160500, 1037702, 1, 0, 0
160600, 1085194, 1, 0, 0
160700, 1076836, 1, 0, 0
160801, 1061868, 1, 0, 0
160900, 1044654, 1, 0, 0
161000, 1045985, 1, 0, 0
161100, 1094363, 1, 0, 0
161200, 1047187, 1, 0, 0
161301, 1101239, 1, 0, 0
161400, 1077466, 1, 0, 0
161500, 1068786, 1, 0, 0
161600, 1062122, 1, 0, 0
161700, 1095385, 1, 0, 0
161800, 1142962, 1, 0, 0
161901, 1064275, 1, 0, 0
162000, 1042966, 1, 0, 0
162100, 1034585, 1, 0, 0
162200, 1069413, 1, 0, 0
162300, 1109690, 1, 0, 0
162400, 1069370, 1, 0, 0
162500, 1078119, 1, 0, 0
162600, 1060485, 1, 0, 0
162700, 1062611, 1, 0, 0
162800, 1026181, 1, 0, 0
162900, 1053786, 1, 0, 0
163001, 1057871, 1, 0, 0
163101, 1047294, 1, 0, 0
163201, 1074240, 1, 0, 0
163300, 1034535, 1, 0, 0
163400, 1051939, 1, 0, 0
163500, 1036982, 1, 0, 0
163601, 1067772, 1, 0, 0
163700, 1062906, 1, 0, 0
163800, 1047308, 1, 0, 0
163900, 1039032, 1, 0, 0
164000, 986731, 1, 0, 0
164100, 1061470, 1, 0, 0
164200, 1048014, 1, 0, 0
164300, 1016637, 1, 0, 0
164400, 1028223, 1, 0, 0
164501, 990238, 1, 0, 0
164600, 1118910, 1, 0, 0
164701, 1019086, 1, 0, 0
164801, 1147155, 1, 0, 0
164900, 1071091, 1, 0, 0
165000, 1081854, 1, 0, 0
165100, 1081633, 1, 0, 0
165200, 1045439, 1, 0, 0
165300, 1058918, 1, 0, 0
165400, 1014440, 1, 0, 0
165500, 1088702, 1, 0, 0
165600, 1044232, 1, 0, 0
165701, 1129319, 1, 0, 0
165801, 1076666, 1, 0, 0
165900, 1073345, 1, 0, 0
166001, 1041731, 1, 0, 0
166100, 1045996, 1, 0, 0
166200, 1055375, 1, 0, 0
166300, 1066927, 1, 0, 0
166401, 1087932, 1, 0, 0
166500, 1083494, 1, 0, 0
166600, 1064404, 1, 0, 0
166700, 1072621, 1, 0, 0
166800, 1023786, 1, 0, 0
166900, 1046967, 1, 0, 0
167000, 1054459, 1, 0, 0
167100, 1060336, 1, 0, 0
167200, 1036571, 1, 0, 0
167300, 1089701, 1, 0, 0
167400, 1045433, 1, 0, 0
167500, 1033693, 1, 0, 0
167600, 1043353, 1, 0, 0
167700, 1038463, 1, 0, 0
167800, 1055854, 1, 0, 0
167900, 1044880, 1, 0, 0
168000, 1013707, 1, 0, 0
168100, 1059498, 1, 0, 0
168200, 1062980, 1, 0, 0
168300, 1054203, 1, 0, 0
168400, 1074938, 1, 0, 0
168500, 1026400, 1, 0, 0
168600, 1053980, 1, 0, 0
168700, 1052830, 1, 0, 0
168800, 1056470, 1, 0, 0
168900, 998333, 1, 0, 0
169000, 1040938, 1, 0, 0
169100, 1090402, 1, 0, 0
169200, 1049703, 1, 0, 0
169300, 1016007, 1, 0, 0
169400, 1045065, 1, 0, 0
169500, 1036049, 1, 0, 0
169600, 1043303, 1, 0, 0
169700, 1063604, 1, 0, 0
169800, 1008688, 1, 0, 0
169900, 1018503, 1, 0, 0
170000, 1023836, 1, 0, 0
170100, 1069410, 1, 0, 0
170200, 1003533, 1, 0, 0
170300, 1041695, 1, 0, 0
170400, 1062200, 1, 0, 0
170501, 1138169, 1, 0, 0
170600, 1047276, 1, 0, 0
170700, 1033252, 1, 0, 0
170800, 1040866, 1, 0, 0
170900, 1030342, 1, 0, 0
171000, 1000978, 1, 0, 0
171100, 1016143, 1, 0, 0
171200, 1105640, 1, 0, 0
171300, 1069529, 1, 0, 0
171400, 1058178, 1, 0, 0
171501, 1048319, 1, 0, 0
171601, 1080538, 1, 0, 0
171700, 1085769, 1, 0, 0
171800, 1053977, 1, 0, 0
171900, 1053215, 1, 0, 0
172000, 1058084, 1, 0, 0
172100, 1097179, 1, 0, 0
172200, 1066586, 1, 0, 0
172300, 1092313, 1, 0, 0
172400, 1060366, 1, 0, 0
172500, 1048874, 1, 0, 0
172600, 1012484, 1, 0, 0
172701, 1093138, 1, 0, 0
172800, 1039844, 1, 0, 0
172900, 1098863, 1, 0, 0
173000, 1096490, 1, 0, 0
173100, 1134612, 1, 0, 0
173200, 1071218, 1, 0, 0
173300, 1099387, 1, 0, 0
173400, 1084751, 1, 0, 0
173500, 1036996, 1, 0, 0
173600, 1032483, 1, 0, 0
173700, 1042597, 1, 0, 0
173801, 1074854, 1, 0, 0
173900, 1049871, 1, 0, 0
174000, 1034444, 1, 0, 0
174100, 1020427, 1, 0, 0
174200, 1063593, 1, 0, 0
174300, 1024178, 1, 0, 0
174400, 1037242, 1, 0, 0
174501, 1070748, 1, 0, 0
174600, 1020074, 1, 0, 0
174700, 1080923, 1, 0, 0
174800, 1037273, 1, 0, 0
174900, 1060935, 1, 0, 0
175000, 1055428, 1, 0, 0
175100, 1004749, 1, 0, 0
175200, 1029372, 1, 0, 0
175300, 1079784, 1, 0, 0
175400, 1054019, 1, 0, 0
175500, 1061314, 1, 0, 0
175600, 1121039, 1, 0, 0
175700, 1091117, 1, 0, 0
175800, 1005349, 1, 0, 0
175901, 1024280, 1, 0, 0
176000, 1061084, 1, 0, 0
176100, 1014435, 1, 0, 0
176200, 1064427, 1, 0, 0
176300, 1038481, 1, 0, 0
176400, 1062560, 1, 0, 0
176500, 1062471, 1, 0, 0
176600, 1018672, 1, 0, 0
176700, 1003050, 1, 0, 0
176800, 1096982, 1, 0, 0
176900, 1040999, 1, 0, 0
177000, 1029660, 1, 0, 0
177100, 1034468, 1, 0, 0
177200, 1021423, 1, 0, 0
177300, 1027590, 1, 0, 0
177400, 1038257, 1, 0, 0
177500, 1034763, 1, 0, 0
177600, 1030375, 1, 0, 0
177700, 1005964, 1, 0, 0
177800, 1048014, 1, 0, 0
177900, 1019431, 1, 0, 0
178000, 1039401, 1, 0, 0
178100, 1032631, 1, 0, 0
178200, 1036568, 1, 0, 0
178300, 1027825, 1, 0, 0
178400, 1017748, 1, 0, 0
178500, 1051682, 1, 0, 0
178600, 1045747, 1, 0, 0
178700, 1046359, 1, 0, 0
178800, 1028058, 1, 0, 0
178900, 1022384, 1, 0, 0
179000, 1091461, 1, 0, 0
179100, 1094924, 1, 0, 0
179200, 1072041, 1, 0, 0
179300, 970172, 1, 0, 0
179400, 1056067, 1, 0, 0
179500, 1002141, 1, 0, 0
179600, 1004662, 1, 0, 0
179701, 1048588, 1, 0, 0
179800, 1022594, 1, 0, 0
179900, 1016743, 1, 0, 0
180000, 1041363, 1, 0, 0
180100, 1015673, 1, 0, 0
180200, 1000017, 1, 0, 0
180300, 1080095, 1, 0, 0
180400, 973847, 1, 0, 0
180500, 1043830, 1, 0, 0
180600, 991135, 1, 0, 0
180700, 1048191, 1, 0, 0
180800, 1063953, 1, 0, 0
180900, 1101382, 1, 0, 0
181000, 1010295, 1, 0, 0
181100, 1016384, 1, 0, 0
181200, 1035509, 1, 0, 0
181300, 1024802, 1, 0, 0
181401, 1087455, 1, 0, 0
181500, 1020160, 1, 0, 0
181600, 1007987, 1, 0, 0
181701, 1036099, 1, 0, 0
181800, 1018432, 1, 0, 0
181900, 1034477, 1, 0, 0
182000, 1061993, 1, 0, 0
182100, 1071511, 1, 0, 0
182200, 1012605, 1, 0, 0
182300, 1011475, 1, 0, 0
182400, 1028425, 1, 0, 0
182500, 1105745, 1, 0, 0
182600, 1068064, 1, 0, 0
182700, 1065159, 1, 0, 0
182800, 1128147, 1, 0, 0
182900, 1048265, 1, 0, 0
183000, 1051222, 1, 0, 0
183100, 973040, 1, 0, 0
183200, 1031001, 1, 0, 0
183301, 1047421, 1, 0, 0
183401, 1068442, 1, 0, 0
183500, 1055883, 1, 0, 0
183600, 1007457, 1, 0, 0
183701, 1084443, 1, 0, 0
183800, 999571, 1, 0, 0
183900, 1048629, 1, 0, 0
184000, 1001717, 1, 0, 0
184100, 1058026, 1, 0, 0
184200, 1019882, 1, 0, 0
184301, 1081109, 1, 0, 0
184400, 1022804, 1, 0, 0
184500, 1026159, 1, 0, 0
184600, 1063250, 1, 0, 0
184700, 1039580, 1, 0, 0
184800, 1081182, 1, 0, 0
184900, 1023008, 1, 0, 0
185000, 998264, 1, 0, 0
185100, 1056998, 1, 0, 0
185201, 1063074, 1, 0, 0
185300, 1084084, 1, 0, 0
185400, 1059803, 1, 0, 0
185501, 1037576, 1, 0, 0
185600, 1021171, 1, 0, 0
185700, 1012223, 1, 0, 0
185800, 1007059, 1, 0, 0
185900, 1064865, 1, 0, 0
186000, 1031970, 1, 0, 0
186101, 1049236, 1, 0, 0
186201, 989071, 1, 0, 0
186300, 1080279, 1, 0, 0
186400, 1006945, 1, 0, 0
186500, 1018030, 1, 0, 0
186600, 1046965, 1, 0, 0
186701, 1072247, 1, 0, 0
186801, 1048398, 1, 0, 0
186900, 1007116, 1, 0, 0
187000, 1059313, 1, 0, 0
187100, 994269, 1, 0, 0
187200, 994499, 1, 0, 0
187300, 1008955, 1, 0, 0
187400, 1015277, 1, 0, 0
187500, 995473, 1, 0, 0
187600, 1039061, 1, 0, 0
187701, 1014869, 1, 0, 0
187800, 1067622, 1, 0, 0
187900, 1015619, 1, 0, 0
188000, 1032252, 1, 0, 0
188100, 1014625, 1, 0, 0
188200, 1031178, 1, 0, 0
188300, 1084537, 1, 0, 0
188400, 1046958, 1, 0, 0
188500, 1064176, 1, 0, 0
188600, 1032522, 1, 0, 0
188700, 1043809, 1, 0, 0
188800, 992670, 1, 0, 0
188900, 1027634, 1, 0, 0
189001, 1049786, 1, 0, 0
189100, 1056856, 1, 0, 0
189200, 1017161, 1, 0, 0
189300, 982411, 1, 0, 0
189400, 995014, 1, 0, 0
189500, 1002773, 1, 0, 0
189600, 1074696, 1, 0, 0
189700, 1058289, 1, 0, 0
189800, 1054124, 1, 0, 0
189900, 1084496, 1, 0, 0
190000, 1014936, 1, 0, 0
190100, 1020600, 1, 0, 0
190200, 982981, 1, 0, 0
190300, 984819, 1, 0, 0
190400, 1051765, 1, 0, 0
190500, 1073552, 1, 0, 0
190600, 995976, 1, 0, 0
190700, 990616, 1, 0, 0
190800, 1010871, 1, 0, 0
190900, 1019649, 1, 0, 0
191000, 1018590, 1, 0, 0
191100, 1038198, 1, 0, 0
191200, 961986, 1, 0, 0
191300, 1072152, 1, 0, 0
191401, 1048393, 1, 0, 0
191500, 1057278, 1, 0, 0
191600, 1024084, 1, 0, 0
191700, 1024956, 1, 0, 0
191800, 1006075, 1, 0, 0
191900, 1044994, 1, 0, 0
192000, 1029911, 1, 0, 0
192100, 1053004, 1, 0, 0
192200, 1042361, 1, 0, 0
192300, 1028680, 1, 0, 0
192400, 978054, 1, 0, 0
192500, 1026749, 1, 0, 0
192600, 1000703, 1, 0, 0
192700, 1005439, 1, 0, 0
192800, 1039906, 1, 0, 0
192900, 984880, 1, 0, 0
193000, 1075264, 1, 0, 0
193100, 1047704, 1, 0, 0
193200, 1016366, 1, 0, 0
193301, 1039125, 1, 0, 0
193400, 1029453, 1, 0, 0
193500, 1069154, 1, 0, 0
193600, 1013339, 1, 0, 0
193700, 1023166, 1, 0, 0
193800, 1026169, 1, 0, 0
193900, 1060192, 1, 0, 0
194000, 1025402, 1, 0, 0
194100, 1026948, 1, 0, 0
194200, 1072164, 1, 0, 0
194300, 1045249, 1, 0, 0
194400, 1031817, 1, 0, 0
194500, 1023596, 1, 0, 0
194600, 1024033, 1, 0, 0
194700, 1030844, 1, 0, 0
194800, 1038546, 1, 0, 0
194900, 1057876, 1, 0, 0
195000, 1056494, 1, 0, 0
195100, 1025465, 1, 0, 0
195200, 1041628, 1, 0, 0
195300, 1043513, 1, 0, 0
195400, 1016061, 1, 0, 0
195501, 1040328, 1, 0, 0
195600, 1013666, 1, 0, 0
195700, 1071521, 1, 0, 0
195801, 1052114, 1, 0, 0
195900, 1029465, 1, 0, 0
196000, 1102581, 1, 0, 0
196100, 1073915, 1, 0, 0
196200, 1113435, 1, 0, 0
196300, 1104087, 1, 0, 0
196400, 1092830, 1, 0, 0
196500, 1047186, 1, 0, 0
196601, 1085199, 1, 0, 0
196700, 1031680, 1, 0, 0
196800, 1048001, 1, 0, 0
196900, 1020980, 1, 0, 0
197000, 1014001, 1, 0, 0
197100, 1022822, 1, 0, 0
197201, 994220, 1, 0, 0
197300, 1037057, 1, 0, 0
197401, 1043067, 1, 0, 0
197500, 1083434, 1, 0, 0
197600, 1007840, 1, 0, 0
197700, 1106596, 1, 0, 0
197801, 1066062, 1, 0, 0
197900, 1076780, 1, 0, 0
198001, 1045331, 1, 0, 0
198100, 1028364, 1, 0, 0
198200, 1061831, 1, 0, 0
198300, 1031164, 1, 0, 0
198400, 1055914, 1, 0, 0
198500, 1015701, 1, 0, 0
198600, 964892, 1, 0, 0
198700, 1050843, 1, 0, 0
198800, 1043375, 1, 0, 0
198900, 1055195, 1, 0, 0
199000, 1023741, 1, 0, 0
199100, 1024081, 1, 0, 0
199200, 1016691, 1, 0, 0
199300, 1072532, 1, 0, 0
199400, 1043266, 1, 0, 0
199500, 1091858, 1, 0, 0
199600, 1026659, 1, 0, 0
199700, 1017420, 1, 0, 0
199800, 1018861, 1, 0, 0
199900, 1019088, 1, 0, 0
200000, 1038546, 1, 0, 0
200100, 1041478, 1, 0, 0
200200, 1035088, 1, 0, 0
200300, 1062804, 1, 0, 0
200400, 1026105, 1, 0, 0
200500, 1001971, 1, 0, 0
200600, 1029942, 1, 0, 0
200700, 982626, 1, 0, 0
200800, 1043610, 1, 0, 0
200900, 1007406, 1, 0, 0
201001, 1049455, 1, 0, 0
201100, 1035506, 1, 0, 0
201200, 1046207, 1, 0, 0
201300, 1013929, 1, 0, 0
201400, 984090, 1, 0, 0
201500, 1000438, 1, 0, 0
201600, 1015749, 1, 0, 0
201700, 1024074, 1, 0, 0
201800, 1031983, 1, 0, 0
201900, 974203, 1, 0, 0
202000, 1036100, 1, 0, 0
202100, 1021104, 1, 0, 0
202200, 1055874, 1, 0, 0
202300, 1017571, 1, 0, 0
202400, 1042457, 1, 0, 0
202500, 1059732, 1, 0, 0
202600, 1086360, 1, 0, 0
202700, 1276140, 1, 0, 0
202800, 1061323, 1, 0, 0
202901, 998704, 1, 0, 0
203000, 1032445, 1, 0, 0
203100, 1015054, 1, 0, 0
203200, 1045439, 1, 0, 0
203300, 1029411, 1, 0, 0
203400, 994934, 1, 0, 0
203500, 1040706, 1, 0, 0
203600, 1033901, 1, 0, 0
203701, 1049989, 1, 0, 0
203800, 1018709, 1, 0, 0
203900, 997858, 1, 0, 0
204000, 1048312, 1, 0, 0
204100, 1037810, 1, 0, 0
204200, 1006523, 1, 0, 0
204300, 1025131, 1, 0, 0
204400, 1011521, 1, 0, 0
204500, 1043883, 1, 0, 0
204600, 1012161, 1, 0, 0
204700, 1064627, 1, 0, 0
204800, 1018826, 1, 0, 0
204900, 1049632, 1, 0, 0
205000, 1040729, 1, 0, 0
205100, 1023357, 1, 0, 0
205200, 1052607, 1, 0, 0
205300, 974674, 1, 0, 0
205400, 1023912, 1, 0, 0
205500, 998322, 1, 0, 0
205600, 1050330, 1, 0, 0
205700, 1050325, 1, 0, 0
205800, 1051788, 1, 0, 0
205900, 1023262, 1, 0, 0
206000, 1018934, 1, 0, 0
206100, 1016651, 1, 0, 0
206201, 1061302, 1, 0, 0
206300, 1019703, 1, 0, 0
206400, 1011616, 1, 0, 0
206501, 1047142, 1, 0, 0
206600, 1057663, 1, 0, 0
206700, 996358, 1, 0, 0
206800, 1012851, 1, 0, 0
206900, 1065186, 1, 0, 0
207000, 1065512, 1, 0, 0
207100, 1035669, 1, 0, 0
207200, 1003649, 1, 0, 0
207300, 1068733, 1, 0, 0
207400, 1045428, 1, 0, 0
207500, 1072441, 1, 0, 0
207600, 1130491, 1, 0, 0
207700, 1081066, 1, 0, 0
207800, 1042551, 1, 0, 0
207900, 1047452, 1, 0, 0
208000, 1073317, 1, 0, 0
208100, 1072354, 1, 0, 0
208200, 1020835, 1, 0, 0
208300, 1074263, 1, 0, 0
208400, 1052983, 1, 0, 0
208500, 1085480, 1, 0, 0
208600, 1007348, 1, 0, 0
208700, 1023415, 1, 0, 0
208800, 1042414, 1, 0, 0
208900, 1024827, 1, 0, 0
209000, 1061924, 1, 0, 0
209100, 1080970, 1, 0, 0
209200, 1067298, 1, 0, 0
209300, 1077476, 1, 0, 0
209400, 1017537, 1, 0, 0
209500, 1063961, 1, 0, 0
209600, 1097288, 1, 0, 0
209700, 1061559, 1, 0, 0
209800, 1018165, 1, 0, 0
209900, 1047375, 1, 0, 0
210000, 1050271, 1, 0, 0
210100, 1013138, 1, 0, 0
210202, 1072236, 1, 0, 0
210300, 1097864, 1, 0, 0
210400, 1023971, 1, 0, 0
210500, 1043718, 1, 0, 0
210600, 1046730, 1, 0, 0
210701, 1055651, 1, 0, 0
210800, 1050976, 1, 0, 0
210900, 1063892, 1, 0, 0
211000, 1063905, 1, 0, 0
211100, 1046169, 1, 0, 0
211200, 1037483, 1, 0, 0
211301, 1095230, 1, 0, 0
211400, 1049955, 1, 0, 0
211500, 1034020, 1, 0, 0
211600, 1052418, 1, 0, 0
211701, 1095260, 1, 0, 0
211800, 1069671, 1, 0, 0
211900, 1034742, 1, 0, 0
212000, 1039453, 1, 0, 0
212100, 1062285, 1, 0, 0
212200, 1045367, 1, 0, 0
212301, 1073272, 1, 0, 0
212400, 1068195, 1, 0, 0
212501, 1058808, 1, 0, 0
212600, 1082452, 1, 0, 0
212700, 1041044, 1, 0, 0
212800, 1066510, 1, 0, 0
212900, 1065495, 1, 0, 0
213000, 1040954, 1, 0, 0
213100, 1048183, 1, 0, 0
213200, 1077329, 1, 0, 0
213300, 1083397, 1, 0, 0
213400, 1060747, 1, 0, 0
213500, 1140582, 1, 0, 0
213600, 1133947, 1, 0, 0
213700, 1055495, 1, 0, 0
213800, 1026285, 1, 0, 0
213901, 1045015, 1, 0, 0
214000, 1164129, 1, 0, 0
214100, 1106374, 1, 0, 0
214200, 1075874, 1, 0, 0
214300, 1070580, 1, 0, 0
214400, 1065366, 1, 0, 0
214500, 1059593, 1, 0, 0
214600, 1041128, 1, 0, 0
214700, 1049494, 1, 0, 0
214800, 1017923, 1, 0, 0
214900, 1098712, 1, 0, 0
215000, 1040969, 1, 0, 0
215101, 1044156, 1, 0, 0
215200, 1046520, 1, 0, 0
215300, 1014981, 1, 0, 0
215400, 1025777, 1, 0, 0
215500, 1089532, 1, 0, 0
215601, 1064964, 1, 0, 0
215700, 1052307, 1, 0, 0
215800, 1051638, 1, 0, 0
215900, 1039686, 1, 0, 0
216000, 1054300, 1, 0, 0
216100, 1030566, 1, 0, 0
216200, 1046818, 1, 0, 0
216301, 1037606, 1, 0, 0
216400, 1084997, 1, 0, 0
216500, 1065233, 1, 0, 0
216600, 1033516, 1, 0, 0
216700, 1082404, 1, 0, 0
216800, 1106760, 1, 0, 0
216900, 1059738, 1, 0, 0
217000, 1003426, 1, 0, 0
217100, 1007691, 1, 0, 0
217200, 1041749, 1, 0, 0
217300, 1055128, 1, 0, 0
217400, 1037962, 1, 0, 0
217500, 1033085, 1, 0, 0
217600, 993583, 1, 0, 0
217700, 1094403, 1, 0, 0
217800, 1055336, 1, 0, 0
217900, 1025462, 1, 0, 0
218000, 1023493, 1, 0, 0
218100, 1075941, 1, 0, 0
218200, 1065680, 1, 0, 0
218300, 1010073, 1, 0, 0
218400, 1066596, 1, 0, 0
218500, 1042700, 1, 0, 0
218600, 1018120, 1, 0, 0
218700, 1063732, 1, 0, 0
218800, 1026876, 1, 0, 0
218900, 1044105, 1, 0, 0
219000, 1046012, 1, 0, 0
219100, 1043314, 1, 0, 0
219200, 1025974, 1, 0, 0
219300, 1030234, 1, 0, 0
219400, 1028338, 1, 0, 0
219500, 1034371, 1, 0, 0
219600, 997469, 1, 0, 0
219700, 1078214, 1, 0, 0
219800, 1052326, 1, 0, 0
219901, 1052037, 1, 0, 0
220000, 1055646, 1, 0, 0
220101, 1062957, 1, 0, 0
220200, 1045478, 1, 0, 0
220300, 1045211, 1, 0, 0
220400, 1021479, 1, 0, 0
220500, 1050044, 1, 0, 0
220602, 1026311, 1, 0, 0
220700, 1016979, 1, 0, 0
220801, 1025745, 1, 0, 0
220900, 1008120, 1, 0, 0
221000, 1010318, 1, 0, 0
221100, 993772, 1, 0, 0
221200, 1036445, 1, 0, 0
221300, 1028066, 1, 0, 0
221400, 1013383, 1, 0, 0
221500, 992095, 1, 0, 0
221600, 1028205, 1, 0, 0
221700, 1003223, 1, 0, 0
221800, 1019752, 1, 0, 0
221900, 1015192, 1, 0, 0
222000, 1044295, 1, 0, 0
222100, 1046317, 1, 0, 0
222200, 1015653, 1, 0, 0
222300, 1018991, 1, 0, 0
222400, 1068477, 1, 0, 0
222500, 1033000, 1, 0, 0
222600, 1011226, 1, 0, 0
222700, 1007684, 1, 0, 0
222800, 1039772, 1, 0, 0
222900, 1050264, 1, 0, 0
223000, 991540, 1, 0, 0
223100, 1068620, 1, 0, 0
223200, 1028712, 1, 0, 0
223300, 1084278, 1, 0, 0
223401, 1059678, 1, 0, 0
223500, 1070119, 1, 0, 0
223600, 1027448, 1, 0, 0
223701, 1012990, 1, 0, 0
223800, 1052383, 1, 0, 0
223900, 1052460, 1, 0, 0
224000, 1035641, 1, 0, 0
224100, 1052973, 1, 0, 0
224200, 1067115, 1, 0, 0
224300, 1081594, 1, 0, 0
224400, 1024754, 1, 0, 0
224500, 1028046, 1, 0, 0
224601, 1028457, 1, 0, 0
224700, 1007327, 1, 0, 0
224800, 1030038, 1, 0, 0
224900, 1034266, 1, 0, 0
225000, 995018, 1, 0, 0
225100, 1028015, 1, 0, 0
225200, 1026186, 1, 0, 0
225300, 1003577, 1, 0, 0
225400, 1014838, 1, 0, 0
225500, 1024866, 1, 0, 0
225600, 1012677, 1, 0, 0
225700, 1070813, 1, 0, 0
225800, 1035485, 1, 0, 0
225900, 1044360, 1, 0, 0
226000, 1020318, 1, 0, 0
226100, 1067079, 1, 0, 0
226200, 1058043, 1, 0, 0
226300, 1058623, 1, 0, 0
226400, 1048796, 1, 0, 0
226500, 1083764, 1, 0, 0
226600, 1048027, 1, 0, 0
226700, 1033584, 1, 0, 0
226800, 1056152, 1, 0, 0
226900, 1025945, 1, 0, 0
227000, 1012894, 1, 0, 0
227100, 1044439, 1, 0, 0
227200, 1019748, 1, 0, 0
227301, 1047544, 1, 0, 0
227400, 1009484, 1, 0, 0
227500, 1011696, 1, 0, 0
227600, 1071354, 1, 0, 0
227700, 1066606, 1, 0, 0
227800, 1044543, 1, 0, 0
227901, 1037353, 1, 0, 0
228000, 1017179, 1, 0, 0
228100, 1031401, 1, 0, 0
228200, 1032045, 1, 0, 0
228300, 1027147, 1, 0, 0
228400, 1065982, 1, 0, 0
228500, 995722, 1, 0, 0
228600, 1052768, 1, 0, 0
228700, 1039255, 1, 0, 0
228800, 1012289, 1, 0, 0
228900, 1042357, 1, 0, 0
229000, 1075073, 1, 0, 0
229100, 1025840, 1, 0, 0
229200, 1060885, 1, 0, 0
229300, 1003116, 1, 0, 0
229400, 1024950, 1, 0, 0
229500, 1064302, 1, 0, 0
229600, 1083984, 1, 0, 0
229700, 1059309, 1, 0, 0
229800, 997140, 1, 0, 0
229900, 1019042, 1, 0, 0
230000, 1055953, 1, 0, 0
230101, 1065889, 1, 0, 0
230200, 1028780, 1, 0, 0
230300, 1047660, 1, 0, 0
230400, 1043129, 1, 0, 0
230500, 1030354, 1, 0, 0
230600, 1107373, 1, 0, 0
230700, 1087307, 1, 0, 0
230800, 1123321, 1, 0, 0
230900, 1060613, 1, 0, 0
231000, 1050088, 1, 0, 0
231100, 1069726, 1, 0, 0
231200, 1014736, 1, 0, 0
231300, 1027781, 1, 0, 0
231400, 1014594, 1, 0, 0
231500, 1108416, 1, 0, 0
231600, 1033417, 1, 0, 0
231700, 1056357, 1, 0, 0
231800, 1035826, 1, 0, 0
231900, 1037041, 1, 0, 0
232000, 1029180, 1, 0, 0
232100, 1030878, 1, 0, 0
232200, 1054738, 1, 0, 0
232300, 1093455, 1, 0, 0
232400, 1025877, 1, 0, 0
232501, 1046286, 1, 0, 0
232600, 1067753, 1, 0, 0
232700, 1038636, 1, 0, 0
232800, 1102077, 1, 0, 0
232900, 1086652, 1, 0, 0
233000, 1108606, 1, 0, 0
233100, 1070964, 1, 0, 0
233200, 1063211, 1, 0, 0
233300, 1067547, 1, 0, 0
233400, 1051300, 1, 0, 0
233500, 1018882, 1, 0, 0
233600, 1097628, 1, 0, 0
233701, 1053776, 1, 0, 0
233800, 1079172, 1, 0, 0
233900, 1030956, 1, 0, 0
234000, 1038746, 1, 0, 0
234100, 1026252, 1, 0, 0
234200, 1061656, 1, 0, 0
234300, 1046837, 1, 0, 0
234401, 1038607, 1, 0, 0
234500, 1092016, 1, 0, 0
234600, 1021111, 1, 0, 0
234702, 1087981, 1, 0, 0
234800, 1029289, 1, 0, 0
234900, 1047870, 1, 0, 0
235000, 1031618, 1, 0, 0
235100, 1057177, 1, 0, 0
235200, 1069539, 1, 0, 0
235300, 1031045, 1, 0, 0
235400, 1066009, 1, 0, 0
235500, 1069355, 1, 0, 0
235600, 1037164, 1, 0, 0
235700, 1083068, 1, 0, 0
235800, 1034502, 1, 0, 0
235900, 1076581, 1, 0, 0
236000, 980379, 1, 0, 0
236100, 1074805, 1, 0, 0
236200, 1045122, 1, 0, 0
236300, 1086010, 1, 0, 0
236400, 1051981, 1, 0, 0
236500, 1053756, 1, 0, 0
236600, 1042442, 1, 0, 0
236700, 1031549, 1, 0, 0
236800, 1054321, 1, 0, 0
236900, 1016922, 1, 0, 0
237000, 1026610, 1, 0, 0
237100, 1008614, 1, 0, 0
237200, 1051170, 1, 0, 0
237300, 1065885, 1, 0, 0
237400, 1028216, 1, 0, 0
237500, 1000929, 1, 0, 0
237600, 1053929, 1, 0, 0
237701, 1058252, 1, 0, 0
237801, 1031246, 1, 0, 0
237900, 1043293, 1, 0, 0
238000, 1023303, 1, 0, 0
238100, 1020850, 1, 0, 0
238200, 1023796, 1, 0, 0
238300, 1014614, 1, 0, 0
238400, 1006358, 1, 0, 0
238500, 989429, 1, 0, 0
238600, 1019695, 1, 0, 0
238700, 1034781, 1, 0, 0
238800, 999244, 1, 0, 0
238900, 997551, 1, 0, 0
239001, 1032721, 1, 0, 0
239101, 1017196, 1, 0, 0
239200, 1056143, 1, 0, 0
239300, 1020684, 1, 0, 0
239400, 1024008, 1, 0, 0
239500, 1008999, 1, 0, 0
239600, 1035247, 1, 0, 0
239700, 1018086, 1, 0, 0
239800, 1032323, 1, 0, 0
239900, 1049109, 1, 0, 0
240000, 1011522, 1, 0, 0
240100, 1027563, 1, 0, 0
240202, 1035780, 1, 0, 0
240300, 1038769, 1, 0, 0
240400, 1000107, 1, 0, 0
240500, 1049617, 1, 0, 0
240600, 999046, 1, 0, 0
240700, 1019304, 1, 0, 0
240800, 1062259, 1, 0, 0
240900, 1060789, 1, 0, 0
241001, 1037978, 1, 0, 0
241100, 1088760, 1, 0, 0
241200, 1043010, 1, 0, 0
241300, 1057635, 1, 0, 0
241400, 1027529, 1, 0, 0
241501, 1035799, 1, 0, 0
241600, 960227, 1, 0, 0
241700, 1028241, 1, 0, 0
241800, 1011537, 1, 0, 0
241900, 1026914, 1, 0, 0
242000, 996640, 1, 0, 0
242100, 1025836, 1, 0, 0
242200, 1025817, 1, 0, 0
242300, 1025224, 1, 0, 0
242400, 1046614, 1, 0, 0
242500, 1088800, 1, 0, 0
242600, 976771, 1, 0, 0
242700, 1064290, 1, 0, 0
242800, 1028852, 1, 0, 0
242900, 1042786, 1, 0, 0
243000, 990178, 1, 0, 0
243100, 1028533, 1, 0, 0
243200, 1065891, 1, 0, 0
243300, 1004015, 1, 0, 0
243400, 1107177, 1, 0, 0
243500, 1071879, 1, 0, 0
243600, 1032088, 1, 0, 0
243700, 1085942, 1, 0, 0
243801, 1065441, 1, 0, 0
243900, 1022326, 1, 0, 0
244001, 1026667, 1, 0, 0
244100, 1040297, 1, 0, 0
244201, 1038577, 1, 0, 0
244300, 981109, 1, 0, 0
244400, 1024845, 1, 0, 0
244501, 1041056, 1, 0, 0
244600, 1022495, 1, 0, 0
244700, 1031920, 1, 0, 0
244800, 1057935, 1, 0, 0
244900, 1037950, 1, 0, 0
245000, 1022894, 1, 0, 0
245101, 1024261, 1, 0, 0
245200, 1002372, 1, 0, 0
245300, 1028492, 1, 0, 0
245401, 1041210, 1, 0, 0
245500, 1007544, 1, 0, 0
245600, 1100554, 1, 0, 0
245700, 1100109, 1, 0, 0
245800, 1047747, 1, 0, 0
245900, 1053442, 1, 0, 0
246000, 1019981, 1, 0, 0
246101, 1077364, 1, 0, 0
246200, 1004959, 1, 0, 0
246300, 1054260, 1, 0, 0
246400, 1062738, 1, 0, 0
246500, 1078315, 1, 0, 0
246600, 1053528, 1, 0, 0
246701, 1069249, 1, 0, 0
246800, 1048528, 1, 0, 0
246901, 1036320, 1, 0, 0
247000, 1012465, 1, 0, 0
247102, 1028881, 1, 0, 0
247200, 1012750, 1, 0, 0
247300, 1051900, 1, 0, 0
247400, 1065804, 1, 0, 0
247500, 1053265, 1, 0, 0
247601, 1020928, 1, 0, 0
247700, 1077039, 1, 0, 0
247800, 1058320, 1, 0, 0
247900, 1085651, 1, 0, 0
248001, 1120094, 1, 0, 0
248100, 1085221, 1, 0, 0
248200, 1087741, 1, 0, 0
248300, 1082556, 1, 0, 0
248400, 1065598, 1, 0, 0
248500, 1071316, 1, 0, 0
248600, 1059530, 1, 0, 0
248701, 1060400, 1, 0, 0
248800, 1014760, 1, 0, 0
248900, 1087024, 1, 0, 0
249000, 1042968, 1, 0, 0
249100, 1050350, 1, 0, 0
249200, 1058553, 1, 0, 0
249300, 1072886, 1, 0, 0
249400, 1037447, 1, 0, 0
249500, 1017266, 1, 0, 0
249600, 1019536, 1, 0, 0
249700, 1076551, 1, 0, 0
249800, 1037076, 1, 0, 0
249900, 1062040, 1, 0, 0
250000, 1087610, 1, 0, 0
250101, 1098283, 1, 0, 0
250200, 1012913, 1, 0, 0
250301, 1090209, 1, 0, 0
250400, 1050825, 1, 0, 0
250500, 1000333, 1, 0, 0
250600, 1033871, 1, 0, 0
250700, 1027033, 1, 0, 0
250800, 1032360, 1, 0, 0
250900, 1063995, 1, 0, 0
251000, 1046280, 1, 0, 0
251100, 1044110, 1, 0, 0
251200, 1041205, 1, 0, 0
251300, 1069328, 1, 0, 0
251400, 1022240, 1, 0, 0
251500, 1131242, 1, 0, 0
251600, 1056732, 1, 0, 0
251700, 1011878, 1, 0, 0
251800, 1040215, 1, 0, 0
251900, 1089664, 1, 0, 0
252000, 1040576, 1, 0, 0
252101, 1033337, 1, 0, 0
252200, 1063079, 1, 0, 0
252300, 1004081, 1, 0, 0
252400, 1097053, 1, 0, 0
252500, 1043174, 1, 0, 0
252600, 1096087, 1, 0, 0
252700, 1041189, 1, 0, 0
252800, 1071075, 1, 0, 0
252900, 1036831, 1, 0, 0
253000, 1038160, 1, 0, 0
253100, 1034185, 1, 0, 0
253200, 1075747, 1, 0, 0
253300, 1084494, 1, 0, 0
253400, 1086954, 1, 0, 0
253500, 1057978, 1, 0, 0
253600, 1020682, 1, 0, 0
253700, 1039720, 1, 0, 0
253801, 1117670, 1, 0, 0
253900, 1063018, 1, 0, 0
254000, 1027968, 1, 0, 0
254100, 1103750, 1, 0, 0
254200, 1039271, 1, 0, 0
254301, 1022684, 1, 0, 0
254401, 1018781, 1, 0, 0
254500, 1066739, 1, 0, 0
254600, 1009892, 1, 0, 0
254700, 1027346, 1, 0, 0
254800, 1020645, 1, 0, 0
254900, 1055713, 1, 0, 0
255000, 1021256, 1, 0, 0
255100, 1002308, 1, 0, 0
255200, 1009275, 1, 0, 0
255300, 1042461, 1, 0, 0
255400, 1050522, 1, 0, 0
255500, 1032971, 1, 0, 0
255600, 1010978, 1, 0, 0
255700, 1032594, 1, 0, 0
255800, 1010514, 1, 0, 0
255900, 1055494, 1, 0, 0
256000, 1014956, 1, 0, 0
256100, 1078637, 1, 0, 0
256200, 1045035, 1, 0, 0
256300, 1061001, 1, 0, 0
256400, 1050813, 1, 0, 0
256500, 1047112, 1, 0, 0
256600, 1056085, 1, 0, 0
256700, 1047881, 1, 0, 0
256800, 1031850, 1, 0, 0
256900, 1066544, 1, 0, 0
257000, 1004246, 1, 0, 0
257100, 1030536, 1, 0, 0
257200, 1022245, 1, 0, 0
257300, 1037754, 1, 0, 0
257400, 990913, 1, 0, 0
257500, 1058364, 1, 0, 0
257600, 1040520, 1, 0, 0
257700, 1054666, 1, 0, 0
257800, 1066667, 1, 0, 0
257900, 1034840, 1, 0, 0
258000, 1048668, 1, 0, 0
258100, 1058830, 1, 0, 0
258200, 1071388, 1, 0, 0
258301, 1050073, 1, 0, 0
258400, 1030651, 1, 0, 0
258501, 1006104, 1, 0, 0
258600, 1017778, 1, 0, 0
258700, 994001, 1, 0, 0
258802, 1077564, 1, 0, 0
258900, 1024192, 1, 0, 0
259000, 1058979, 1, 0, 0
259100, 1026359, 1, 0, 0
259200, 1015235, 1, 0, 0
259300, 1008827, 1, 0, 0
259400, 1060232, 1, 0, 0
259500, 1045086, 1, 0, 0
259601, 1061794, 1, 0, 0
259700, 1036887, 1, 0, 0
259800, 1141473, 1, 0, 0
259900, 1142963, 1, 0, 0
260000, 1080047, 1, 0, 0
260101, 1124763, 1, 0, 0
260201, 990264, 1, 0, 0
260300, 1039001, 1, 0, 0
260400, 1034373, 1, 0, 0
260500, 988619, 1, 0, 0
260600, 1059971, 1, 0, 0
260700, 1074785, 1, 0, 0
260800, 1048169, 1, 0, 0
260900, 1037153, 1, 0, 0
261000, 1040852, 1, 0, 0
261100, 1017963, 1, 0, 0
261201, 1005030, 1, 0, 0
261300, 1020015, 1, 0, 0
261400, 1008280, 1, 0, 0
261500, 1052974, 1, 0, 0
261600, 1030243, 1, 0, 0
261700, 1039755, 1, 0, 0
261800, 1010044, 1, 0, 0
261900, 1050406, 1, 0, 0
262000, 1020045, 1, 0, 0
262100, 1064551, 1, 0, 0
262200, 1030674, 1, 0, 0
262300, 1139901, 1, 0, 0
262400, 1023430, 1, 0, 0
262500, 1020318, 1, 0, 0
262600, 992960, 1, 0, 0
262701, 1074606, 1, 0, 0
262800, 1046851, 1, 0, 0
262900, 1025804, 1, 0, 0
263000, 1032351, 1, 0, 0
263100, 1023624, 1, 0, 0
263200, 1035252, 1, 0, 0
263300, 1052180, 1, 0, 0
263400, 1052020, 1, 0, 0
263500, 1019821, 1, 0, 0
263600, 1021454, 1, 0, 0
263700, 1041449, 1, 0, 0
263800, 1029991, 1, 0, 0
263900, 1066135, 1, 0, 0
264000, 1052021, 1, 0, 0
264100, 1043954, 1, 0, 0
264200, 1067760, 1, 0, 0
264300, 1056057, 1, 0, 0
264400, 1057095, 1, 0, 0
264500, 1038475, 1, 0, 0
264600, 1113317, 1, 0, 0
264700, 1103493, 1, 0, 0
264800, 1063595, 1, 0, 0
264900, 1041964, 1, 0, 0
265000, 1049689, 1, 0, 0
265100, 1070473, 1, 0, 0
265200, 1097278, 1, 0, 0
265300, 1018956, 1, 0, 0
265400, 1098119, 1, 0, 0
265500, 1097182, 1, 0, 0
265600, 1042708, 1, 0, 0
265700, 1046218, 1, 0, 0
265800, 1036400, 1, 0, 0
265900, 1019777, 1, 0, 0
266000, 1029805, 1, 0, 0
266100, 1026291, 1, 0, 0
266200, 1054447, 1, 0, 0
266300, 1129913, 1, 0, 0
266400, 1032007, 1, 0, 0
266500, 1077404, 1, 0, 0
266600, 1039642, 1, 0, 0
266700, 1078378, 1, 0, 0
266800, 1060414, 1, 0, 0
266901, 1038957, 1, 0, 0
267000, 1106354, 1, 0, 0
267100, 1058534, 1, 0, 0
267200, 1058274, 1, 0, 0
267301, 1063591, 1, 0, 0
267400, 1074728, 1, 0, 0
267500, 1162346, 1, 0, 0
267600, 1093025, 1, 0, 0
267700, 1126679, 1, 0, 0
267800, 1096495, 1, 0, 0
267900, 1091498, 1, 0, 0
268000, 1129099, 1, 0, 0
268101, 1123051, 1, 0, 0
268200, 1029123, 1, 0, 0
268300, 1061255, 1, 0, 0
268400, 1059722, 1, 0, 0
268500, 1023545, 1, 0, 0
268600, 1086809, 1, 0, 0
268700, 1051329, 1, 0, 0
268801, 1044058, 1, 0, 0
268900, 1022671, 1, 0, 0
269000, 1030318, 1, 0, 0
269100, 987497, 1, 0, 0
269200, 1043237, 1, 0, 0
269300, 1052027, 1, 0, 0
269400, 1032363, 1, 0, 0
269501, 1060681, 1, 0, 0
269600, 1055364, 1, 0, 0
269700, 1141724, 1, 0, 0
269800, 1083099, 1, 0, 0
269900, 1056212, 1, 0, 0
270000, 1005343, 1, 0, 0
270100, 998950, 1, 0, 0
270200, 1037490, 1, 0, 0
270300, 1059805, 1, 0, 0
270400, 1040133, 1, 0, 0
270500, 1141135, 1, 0, 0
270600, 1007737, 1, 0, 0
270700, 1007421, 1, 0, 0
270800, 1022149, 1, 0, 0
270900, 1069300, 1, 0, 0
271000, 1095313, 1, 0, 0
271100, 1117600, 1, 0, 0
271200, 1017639, 1, 0, 0
271300, 1040186, 1, 0, 0
271400, 1046977, 1, 0, 0
271500, 1101323, 1, 0, 0
271600, 1045543, 1, 0, 0
271700, 1058544, 1, 0, 0
271800, 1058222, 1, 0, 0
271900, 1052204, 1, 0, 0
272000, 1017419, 1, 0, 0
272100, 1100575, 1, 0, 0
272200, 1035738, 1, 0, 0
272300, 1096529, 1, 0, 0
272400, 1060711, 1, 0, 0
272500, 1087426, 1, 0, 0
272600, 1096569, 1, 0, 0
272700, 1070582, 1, 0, 0
272800, 1047173, 1, 0, 0
272900, 1061125, 1, 0, 0
273000, 1071748, 1, 0, 0
273100, 1050891, 1, 0, 0
273200, 1049510, 1, 0, 0
273300, 1025266, 1, 0, 0
273400, 1063469, 1, 0, 0
273500, 1054232, 1, 0, 0
273600, 1041413, 1, 0, 0
273700, 1083989, 1, 0, 0
273800, 1056484, 1, 0, 0
273900, 1094126, 1, 0, 0
274000, 1012169, 1, 0, 0
274100, 1086987, 1, 0, 0
274201, 1089516, 1, 0, 0
274300, 1035841, 1, 0, 0
274400, 1008923, 1, 0, 0
274500, 1049363, 1, 0, 0
274600, 1045520, 1, 0, 0
274700, 1013739, 1, 0, 0
274800, 1083764, 1, 0, 0
274900, 1013291, 1, 0, 0
275000, 1013361, 1, 0, 0
275100, 1006899, 1, 0, 0
275200, 1020635, 1, 0, 0
275300, 977302, 1, 0, 0
275400, 1050253, 1, 0, 0
275500, 1035014, 1, 0, 0
275600, 1033921, 1, 0, 0
275700, 1007723, 1, 0, 0
275800, 998581, 1, 0, 0
275900, 1038012, 1, 0, 0
276000, 1074118, 1, 0, 0
276100, 1073478, 1, 0, 0
276200, 1052271, 1, 0, 0
276300, 1018067, 1, 0, 0
276400, 1083207, 1, 0, 0
276501, 1052233, 1, 0, 0
276601, 979816, 1, 0, 0
276700, 984678, 1, 0, 0
276801, 1011234, 1, 0, 0
276900, 1012536, 1, 0, 0
277000, 1022861, 1, 0, 0
277100, 1089289, 1, 0, 0
277200, 1041674, 1, 0, 0
277300, 1044909, 1, 0, 0
277400, 1058041, 1, 0, 0
277500, 1039966, 1, 0, 0
277600, 1033121, 1, 0, 0
277700, 1044685, 1, 0, 0
277800, 1061211, 1, 0, 0
277900, 1036421, 1, 0, 0
278001, 1029915, 1, 0, 0
278100, 1021155, 1, 0, 0
278200, 1085830, 1, 0, 0
278300, 1047776, 1, 0, 0
278400, 1002587, 1, 0, 0
278500, 1028583, 1, 0, 0
278600, 1067037, 1, 0, 0
278700, 1072038, 1, 0, 0
278800, 1058025, 1, 0, 0
278900, 1061402, 1, 0, 0
279000, 1085037, 1, 0, 0
279100, 994578, 1, 0, 0
279200, 1075039, 1, 0, 0
279300, 978058, 1, 0, 0
279400, 1042075, 1, 0, 0
279500, 1025771, 1, 0, 0
279601, 1046244, 1, 0, 0
279700, 1034203, 1, 0, 0
279800, 1023256, 1, 0, 0
279900, 1089657, 1, 0, 0
280000, 1046025, 1, 0, 0
280101, 1002490, 1, 0, 0
280200, 1012634, 1, 0, 0
280300, 1013640, 1, 0, 0
280400, 1064220, 1, 0, 0
280500, 1037022, 1, 0, 0
280600, 1083859, 1, 0, 0
280700, 1030005, 1, 0, 0
280800, 1017157, 1, 0, 0
280900, 1094758, 1, 0, 0
281001, 1048936, 1, 0, 0
281101, 1051374, 1, 0, 0
281200, 1063516, 1, 0, 0
281300, 1078454, 1, 0, 0
281400, 1010753, 1, 0, 0
281500, 987542, 1, 0, 0
281601, 1053991, 1, 0, 0
281700, 1037140, 1, 0, 0
281800, 1059416, 1, 0, 0
281900, 1034141, 1, 0, 0
282000, 1074376, 1, 0, 0
282100, 1109611, 1, 0, 0
282200, 1065202, 1, 0, 0
282300, 1040331, 1, 0, 0
282400, 1045601, 1, 0, 0
282500, 1064293, 1, 0, 0
282600, 1033540, 1, 0, 0
282700, 1011678, 1, 0, 0
282800, 1023074, 1, 0, 0
282901, 1075811, 1, 0, 0
283000, 1055749, 1, 0, 0
283100, 1034808, 1, 0, 0
283200, 1028444, 1, 0, 0
283300, 1029143, 1, 0, 0
283400, 1099083, 1, 0, 0
283500, 1016697, 1, 0, 0
283601, 1032037, 1, 0, 0
283700, 1048318, 1, 0, 0
283800, 1110531, 1, 0, 0
283900, 1074734, 1, 0, 0
284000, 1048919, 1, 0, 0
284100, 1020922, 1, 0, 0
284200, 1033956, 1, 0, 0
284301, 1111573, 1, 0, 0
284400, 1072819, 1, 0, 0
284500, 1086924, 1, 0, 0
284600, 1037894, 1, 0, 0
284700, 1016117, 1, 0, 0
284800, 1009689, 1, 0, 0
284900, 1044650, 1, 0, 0
285000, 1084068, 1, 0, 0
285100, 1059592, 1, 0, 0
285200, 1052727, 1, 0, 0
285300, 1043457, 1, 0, 0
285400, 1090959, 1, 0, 0
285501, 1115334, 1, 0, 0
285600, 1009440, 1, 0, 0
285700, 1072050, 1, 0, 0
285800, 1108193, 1, 0, 0
285900, 1041597, 1, 0, 0
286000, 1026998, 1, 0, 0
286100, 1047122, 1, 0, 0
286200, 1071413, 1, 0, 0
286300, 1014178, 1, 0, 0
286400, 1044306, 1, 0, 0
286500, 1059379, 1, 0, 0
286600, 1048691, 1, 0, 0
286700, 1021634, 1, 0, 0
286800, 986016, 1, 0, 0
286900, 1053828, 1, 0, 0
287000, 1012199, 1, 0, 0
287100, 1008659, 1, 0, 0
287200, 1000872, 1, 0, 0
287300, 1002505, 1, 0, 0
287400, 994843, 1, 0, 0
287500, 1013465, 1, 0, 0
287600, 1016155, 1, 0, 0
287701, 1031520, 1, 0, 0
287800, 1022042, 1, 0, 0
287900, 1034267, 1, 0, 0
288000, 1099752, 1, 0, 0
288100, 1001195, 1, 0, 0
288200, 1022163, 1, 0, 0
288300, 1051705, 1, 0, 0
288400, 1041854, 1, 0, 0
288501, 1047824, 1, 0, 0
288600, 988608, 1, 0, 0
288700, 1026251, 1, 0, 0
288800, 1120244, 1, 0, 0
288900, 984988, 1, 0, 0
289000, 1029157, 1, 0, 0
289101, 1080579, 1, 0, 0
289200, 1039941, 1, 0, 0
289300, 979756, 1, 0, 0
289400, 1031166, 1, 0, 0
289500, 1030967, 1, 0, 0
289600, 1005833, 1, 0, 0
289701, 1050445, 1, 0, 0
289800, 1041155, 1, 0, 0
289900, 1017195, 1, 0, 0
290000, 1005901, 1, 0, 0
290100, 1027857, 1, 0, 0
290200, 1013603, 1, 0, 0
290300, 1007458, 1, 0, 0
290400, 1026003, 1, 0, 0
290500, 1021597, 1, 0, 0
290600, 1050907, 1, 0, 0
290700, 1020484, 1, 0, 0
290800, 965284, 1, 0, 0
290900, 1062542, 1, 0, 0
291000, 1035634, 1, 0, 0
291101, 1047606, 1, 0, 0
291200, 1039641, 1, 0, 0
291300, 1035386, 1, 0, 0
291400, 1030295, 1, 0, 0
291500, 1020642, 1, 0, 0
291600, 1054286, 1, 0, 0
291700, 1027768, 1, 0, 0
291800, 1052117, 1, 0, 0
291900, 1053061, 1, 0, 0
292000, 1010135, 1, 0, 0
292101, 999829, 1, 0, 0
292200, 1030130, 1, 0, 0
292300, 1055312, 1, 0, 0
292400, 1093399, 1, 0, 0
292500, 991974, 1, 0, 0
292600, 1001125, 1, 0, 0
292700, 1027315, 1, 0, 0
292800, 1037343, 1, 0, 0
292900, 1023794, 1, 0, 0
293001, 1026702, 1, 0, 0
293100, 1022494, 1, 0, 0
293201, 1068742, 1, 0, 0
293300, 1003512, 1, 0, 0
293400, 1028557, 1, 0, 0
293500, 1001231, 1, 0, 0
293600, 1007219, 1, 0, 0
293700, 1058951, 1, 0, 0
293800, 1042809, 1, 0, 0
293900, 1040016, 1, 0, 0
294001, 1053861, 1, 0, 0
294100, 1043098, 1, 0, 0
294200, 1075868, 1, 0, 0
294300, 1043560, 1, 0, 0
294400, 1087008, 1, 0, 0
294500, 1079322, 1, 0, 0
294600, 1046344, 1, 0, 0
294700, 1052659, 1, 0, 0
294800, 1004089, 1, 0, 0
294900, 1099555, 1, 0, 0
295000, 1059274, 1, 0, 0
295100, 1062280, 1, 0, 0
295200, 1093206, 1, 0, 0
295300, 1026054, 1, 0, 0
295400, 1065365, 1, 0, 0
295500, 999137, 1, 0, 0
295600, 1041420, 1, 0, 0
295700, 1143883, 1, 0, 0
295800, 1065463, 1, 0, 0
295900, 1083654, 1, 0, 0
296000, 1088560, 1, 0, 0
296100, 1026830, 1, 0, 0
296200, 1070830, 1, 0, 0
296300, 1026617, 1, 0, 0
296400, 1075472, 1, 0, 0
296500, 1042237, 1, 0, 0
296600, 1069968, 1, 0, 0
296700, 1069241, 1, 0, 0
296800, 977527, 1, 0, 0
296900, 1055919, 1, 0, 0
297000, 1068159, 1, 0, 0
297100, 1047851, 1, 0, 0
297200, 998268, 1, 0, 0
297300, 1060668, 1, 0, 0
297400, 1031593, 1, 0, 0
297500, 1061273, 1, 0, 0
297600, 1036083, 1, 0, 0
297701, 986180, 1, 0, 0
297801, 1028197, 1, 0, 0
297900, 1036125, 1, 0, 0
298000, 1059917, 1, 0, 0
298100, 1073027, 1, 0, 0
298200, 1052492, 1, 0, 0
298300, 1102793, 1, 0, 0
298400, 1060491, 1, 0, 0
298500, 1091479, 1, 0, 0
298600, 1083016, 1, 0, 0
298700, 1047428, 1, 0, 0
298800, 1022045, 1, 0, 0
298900, 1045023, 1, 0, 0
299001, 1040347, 1, 0, 0
299100, 1027004, 1, 0, 0
299200, 1073563, 1, 0, 0
299300, 1093570, 1, 0, 0
299400, 1027177, 1, 0, 0
299500, 1018963, 1, 0, 0
299600, 1043459, 1, 0, 0
299700, 1034753, 1, 0, 0
299800, 1032985, 1, 0, 0
299900, 1030415, 1, 0, 0
300000, 1140506, 1, 0, 0
300100, 1008010, 1, 0, 0
300200, 959896, 1, 0, 0
300300, 1072973, 1, 0, 0
300400, 1013685, 1, 0, 0
300501, 1093161, 1, 0, 0
300600, 1011967, 1, 0, 0
300700, 1037992, 1, 0, 0
300800, 1116648, 1, 0, 0
300900, 1059072, 1, 0, 0
301000, 1019816, 1, 0, 0
301100, 994863, 1, 0, 0
301200, 1028428, 1, 0, 0
301300, 1051755, 1, 0, 0
301400, 997073, 1, 0, 0
301500, 1022250, 1, 0, 0
301600, 1056456, 1, 0, 0
301700, 1005513, 1, 0, 0
301800, 1088757, 1, 0, 0
301900, 1042070, 1, 0, 0
302000, 1027835, 1, 0, 0
302100, 1048592, 1, 0, 0
302200, 1018545, 1, 0, 0
302300, 1041100, 1, 0, 0
302400, 1095659, 1, 0, 0
302501, 993840, 1, 0, 0
302600, 1009960, 1, 0, 0
302700, 1052463, 1, 0, 0
302800, 1032374, 1, 0, 0
302900, 1109788, 1, 0, 0
303000, 1028248, 1, 0, 0
303100, 1023091, 1, 0, 0
303200, 988652, 1, 0, 0
303300, 1009490, 1, 0, 0
303400, 1054732, 1, 0, 0
303500, 1038531, 1, 0, 0
303600, 1018067, 1, 0, 0
303700, 972384, 1, 0, 0
303800, 1039838, 1, 0, 0
303900, 1054770, 1, 0, 0
304000, 1082184, 1, 0, 0
304100, 1038107, 1, 0, 0
304200, 1001079, 1, 0, 0
304300, 1017676, 1, 0, 0
304400, 1039351, 1, 0, 0
304500, 1022587, 1, 0, 0
304600, 1075894, 1, 0, 0
304700, 1017993, 1, 0, 0
304800, 1052523, 1, 0, 0
304900, 1044709, 1, 0, 0
305000, 1004234, 1, 0, 0
305100, 1051421, 1, 0, 0
305200, 1002557, 1, 0, 0
305300, 1037478, 1, 0, 0
305400, 1004276, 1, 0, 0
305500, 1063383, 1, 0, 0
305600, 1036315, 1, 0, 0
305700, 1033947, 1, 0, 0
305800, 1039412, 1, 0, 0
305900, 1059033, 1, 0, 0
306000, 1028320, 1, 0, 0
306100, 995490, 1, 0, 0
306200, 1054779, 1, 0, 0
306300, 1012129, 1, 0, 0
306401, 1044175, 1, 0, 0
306500, 1063036, 1, 0, 0
306600, 1038018, 1, 0, 0
306701, 1071028, 1, 0, 0
306800, 1063331, 1, 0, 0
306900, 1040109, 1, 0, 0
307001, 995929, 1, 0, 0
307100, 1066588, 1, 0, 0
307200, 1031310, 1, 0, 0
307300, 1017380, 1, 0, 0
307400, 1005648, 1, 0, 0
307500, 1052249, 1, 0, 0
307600, 1038068, 1, 0, 0
307700, 1031561, 1, 0, 0
307800, 1046667, 1, 0, 0
307900, 1032296, 1, 0, 0
308001, 1023527, 1, 0, 0
308100, 1065954, 1, 0, 0
308200, 1020754, 1, 0, 0
308300, 1030976, 1, 0, 0
308400, 1046169, 1, 0, 0
308500, 1059519, 1, 0, 0
308600, 999162, 1, 0, 0
308700, 1023546, 1, 0, 0
308800, 1016096, 1, 0, 0
308900, 1010979, 1, 0, 0
309000, 1019307, 1, 0, 0
309100, 1038666, 1, 0, 0
309200, 1069147, 1, 0, 0
309300, 1062855, 1, 0, 0
309401, 1091975, 1, 0, 0
309500, 1050148, 1, 0, 0
309601, 1048529, 1, 0, 0
309700, 999376, 1, 0, 0
309800, 1017709, 1, 0, 0
309900, 996883, 1, 0, 0
310001, 997960, 1, 0, 0
310100, 1123345, 1, 0, 0
310200, 1052839, 1, 0, 0
310300, 1008534, 1, 0, 0
310400, 1040730, 1, 0, 0
310500, 1042298, 1, 0, 0
310600, 1035291, 1, 0, 0
310700, 1028832, 1, 0, 0
310801, 1047675, 1, 0, 0
310900, 1021192, 1, 0, 0
311000, 991969, 1, 0, 0
311100, 1024013, 1, 0, 0
311200, 1048697, 1, 0, 0
311300, 1047153, 1, 0, 0
311400, 1046152, 1, 0, 0
311500, 1050857, 1, 0, 0
311600, 1022735, 1, 0, 0
311701, 1041797, 1, 0, 0
311800, 1081482, 1, 0, 0
311900, 1012190, 1, 0, 0
312000, 1031275, 1, 0, 0
312100, 1068655, 1, 0, 0
312201, 1075720, 1, 0, 0
312300, 1028479, 1, 0, 0
312400, 991963, 1, 0, 0
312500, 1058077, 1, 0, 0
312601, 1070541, 1, 0, 0
312700, 1008160, 1, 0, 0
312800, 1064323, 1, 0, 0
312900, 1003264, 1, 0, 0
313000, 1029883, 1, 0, 0
313100, 1012480, 1, 0, 0
313200, 1096400, 1, 0, 0
313301, 1002449, 1, 0, 0
313400, 1048022, 1, 0, 0
313500, 1008427, 1, 0, 0
313600, 1024453, 1, 0, 0
313700, 1015704, 1, 0, 0
313800, 996047, 1, 0, 0
313900, 977809, 1, 0, 0
314000, 1024389, 1, 0, 0
314100, 1049429, 1, 0, 0
314200, 998262, 1, 0, 0
314300, 1033739, 1, 0, 0
314400, 1084570, 1, 0, 0
314500, 1040924, 1, 0, 0
314600, 1050334, 1, 0, 0
314700, 1004391, 1, 0, 0
314800, 1043507, 1, 0, 0
314900, 1046991, 1, 0, 0
315000, 1082909, 1, 0, 0
315100, 1018660, 1, 0, 0
315200, 1070463, 1, 0, 0
315300, 1045703, 1, 0, 0
315400, 1052876, 1, 0, 0
315501, 1019497, 1, 0, 0
315600, 977806, 1, 0, 0
315700, 1040732, 1, 0, 0
315800, 1054717, 1, 0, 0
315900, 1014111, 1, 0, 0
316001, 1027358, 1, 0, 0
316100, 1019464, 1, 0, 0
316200, 1088900, 1, 0, 0
316301, 1027376, 1, 0, 0
316400, 1009135, 1, 0, 0
316500, 1086409, 1, 0, 0
316600, 1008748, 1, 0, 0
316700, 1036399, 1, 0, 0
316800, 1015615, 1, 0, 0
316900, 1064546, 1, 0, 0
317000, 1022839, 1, 0, 0
317100, 1043226, 1, 0, 0
317200, 1023743, 1, 0, 0
317300, 1027586, 1, 0, 0
317400, 1014704, 1, 0, 0
317500, 1017192, 1, 0, 0
317600, 1066918, 1, 0, 0
317700, 1060362, 1, 0, 0
317800, 1083971, 1, 0, 0
317900, 1021517, 1, 0, 0
318000, 1001763, 1, 0, 0
318100, 1054498, 1, 0, 0
318201, 975136, 1, 0, 0
318301, 1044732, 1, 0, 0
318400, 986125, 1, 0, 0
318500, 995009, 1, 0, 0
318600, 1008920, 1, 0, 0
318700, 1032796, 1, 0, 0
318800, 1088076, 1, 0, 0
318901, 1032417, 1, 0, 0
319000, 1032423, 1, 0, 0
319100, 1044344, 1, 0, 0
319200, 1061409, 1, 0, 0
319300, 1048421, 1, 0, 0
319400, 1039700, 1, 0, 0
319500, 1013841, 1, 0, 0
319600, 1025244, 1, 0, 0
319700, 1037645, 1, 0, 0
319800, 1020671, 1, 0, 0
319900, 1004254, 1, 0, 0
320000, 975175, 1, 0, 0
320100, 1017033, 1, 0, 0
320200, 1041966, 1, 0, 0
320300, 1017938, 1, 0, 0
320400, 1023152, 1, 0, 0
320500, 1065591, 1, 0, 0
320600, 1029627, 1, 0, 0
320700, 994634, 1, 0, 0
320800, 1007903, 1, 0, 0
320900, 981491, 1, 0, 0
321001, 1062374, 1, 0, 0
321100, 1006783, 1, 0, 0
321200, 1019904, 1, 0, 0
321300, 1022706, 1, 0, 0
321400, 942571, 1, 0, 0
321501, 1022683, 1, 0, 0
321600, 1027911, 1, 0, 0
321700, 1014837, 1, 0, 0
321800, 997235, 1, 0, 0
321900, 992673, 1, 0, 0
322000, 1013718, 1, 0, 0
322100, 997658, 1, 0, 0
322200, 1032480, 1, 0, 0
322300, 1002679, 1, 0, 0
322400, 1021566, 1, 0, 0
322500, 1021877, 1, 0, 0
322600, 1038733, 1, 0, 0
322700, 1004382, 1, 0, 0
322802, 1053911, 1, 0, 0
322900, 1021586, 1, 0, 0
323000, 980317, 1, 0, 0
323100, 993179, 1, 0, 0
323200, 980969, 1, 0, 0
323300, 1041860, 1, 0, 0
323400, 1025034, 1, 0, 0
323500, 1014427, 1, 0, 0
323600, 1044849, 1, 0, 0
323700, 1094470, 1, 0, 0
323800, 1025694, 1, 0, 0
323900, 1035992, 1, 0, 0
324000, 1059974, 1, 0, 0
324100, 1073573, 1, 0, 0
324200, 1027818, 1, 0, 0
324300, 1023588, 1, 0, 0
324400, 1027132, 1, 0, 0
324500, 1091117, 1, 0, 0
324600, 1000828, 1, 0, 0
324700, 1052953, 1, 0, 0
324800, 1017406, 1, 0, 0
324900, 1027330, 1, 0, 0
325000, 1040906, 1, 0, 0
325100, 1021791, 1, 0, 0
325202, 1065967, 1, 0, 0
325300, 997725, 1, 0, 0
325400, 1013307, 1, 0, 0
325500, 995767, 1, 0, 0
325600, 1013648, 1, 0, 0
325700, 1019692, 1, 0, 0
325800, 1048075, 1, 0, 0
325900, 1034114, 1, 0, 0
326000, 1016398, 1, 0, 0
326100, 1063393, 1, 0, 0
326200, 995983, 1, 0, 0
326300, 1008273, 1, 0, 0
326400, 1021773, 1, 0, 0
326500, 1016270, 1, 0, 0
326600, 1056608, 1, 0, 0
326700, 1036389, 1, 0, 0
326800, 1070236, 1, 0, 0
326900, 1082572, 1, 0, 0
327000, 1048287, 1, 0, 0
327100, 1022633, 1, 0, 0
327200, 1015320, 1, 0, 0
327300, 1051617, 1, 0, 0
327400, 1039790, 1, 0, 0
327500, 1073587, 1, 0, 0
327600, 1039963, 1, 0, 0
327700, 1056584, 1, 0, 0
327800, 1024037, 1, 0, 0
327900, 1021673, 1, 0, 0
328000, 1056949, 1, 0, 0
328100, 1031117, 1, 0, 0
328201, 1045377, 1, 0, 0
328300, 1054572, 1, 0, 0
328403, 1057683, 1, 0, 0
328500, 984959, 1, 0, 0
328600, 1057228, 1, 0, 0
328701, 995966, 1, 0, 0
328800, 1020616, 1, 0, 0
328900, 1026794, 1, 0, 0
329000, 1024731, 1, 0, 0
329100, 1070877, 1, 0, 0
329200, 1038180, 1, 0, 0
329300, 1046042, 1, 0, 0
329400, 1027321, 1, 0, 0
329500, 1009903, 1, 0, 0
329600, 1051941, 1, 0, 0
329700, 1042424, 1, 0, 0
329800, 1000543, 1, 0, 0
329900, 1024916, 1, 0, 0
330000, 1001140, 1, 0, 0
330100, 993349, 1, 0, 0
330200, 1038333, 1, 0, 0
330300, 1043696, 1, 0, 0
330400, 996222, 1, 0, 0
330500, 1084260, 1, 0, 0
330600, 1004795, 1, 0, 0
330700, 998752, 1, 0, 0
330801, 1050057, 1, 0, 0
330900, 997240, 1, 0, 0
331000, 1030035, 1, 0, 0
331100, 1035229, 1, 0, 0
331200, 990095, 1, 0, 0
331300, 1097147, 1, 0, 0
331400, 1086443, 1, 0, 0
331500, 1062652, 1, 0, 0
331600, 1041552, 1, 0, 0
331700, 1041167, 1, 0, 0
331800, 1008532, 1, 0, 0
331900, 1026201, 1, 0, 0
332000, 1000101, 1, 0, 0
332101, 1034355, 1, 0, 0
332200, 1072410, 1, 0, 0
332300, 1034257, 1, 0, 0
332400, 1033199, 1, 0, 0
332500, 1024545, 1, 0, 0
332600, 1008345, 1, 0, 0
332700, 1039477, 1, 0, 0
332800, 1004915, 1, 0, 0
332900, 989793, 1, 0, 0
333000, 1014345, 1, 0, 0
333100, 1074882, 1, 0, 0
333200, 1016473, 1, 0, 0
333300, 1020844, 1, 0, 0
333400, 1017272, 1, 0, 0
333500, 1025741, 1, 0, 0
333600, 1044794, 1, 0, 0
333700, 1051476, 1, 0, 0
333800, 1040550, 1, 0, 0
333900, 1106474, 1, 0, 0
334000, 1002089, 1, 0, 0
334101, 1033915, 1, 0, 0
334200, 1037927, 1, 0, 0
334300, 1035643, 1, 0, 0
334400, 1060710, 1, 0, 0
334500, 1019589, 1, 0, 0
334600, 1036284, 1, 0, 0
334700, 1021716, 1, 0, 0
334800, 1026561, 1, 0, 0
334900, 1014459, 1, 0, 0
335000, 1015994, 1, 0, 0
335100, 1026656, 1, 0, 0
335200, 1015615, 1, 0, 0
335300, 1052702, 1, 0, 0
335400, 1023973, 1, 0, 0
335500, 1055347, 1, 0, 0
335600, 986626, 1, 0, 0
335700, 1022366, 1, 0, 0
335801, 1001666, 1, 0, 0
335900, 1034520, 1, 0, 0
336000, 981137, 1, 0, 0
336100, 1042429, 1, 0, 0
336200, 1006936, 1, 0, 0
336300, 1052688, 1, 0, 0
336400, 969560, 1, 0, 0
336500, 1042218, 1, 0, 0
336600, 1008912, 1, 0, 0
336700, 1030824, 1, 0, 0
336800, 1004748, 1, 0, 0
336900, 1020669, 1, 0, 0
337001, 1078989, 1, 0, 0
337101, 1063311, 1, 0, 0
337200, 1049843, 1, 0, 0
337300, 1074411, 1, 0, 0
337400, 1029825, 1, 0, 0
337500, 1033901, 1, 0, 0
337600, 1014784, 1, 0, 0
337700, 1043779, 1, 0, 0
337800, 1048540, 1, 0, 0
337900, 974343, 1, 0, 0
338000, 990840, 1, 0, 0
338100, 1049629, 1, 0, 0
338200, 996935, 1, 0, 0
338300, 1025121, 1, 0, 0
338400, 1022552, 1, 0, 0
338500, 1037346, 1, 0, 0
338600, 1039580, 1, 0, 0
338700, 1009861, 1, 0, 0
338801, 1047004, 1, 0, 0
338900, 1004914, 1, 0, 0
339000, 1006552, 1, 0, 0
339100, 1057050, 1, 0, 0
339200, 1043578, 1, 0, 0
339300, 1069677, 1, 0, 0
339400, 1009886, 1, 0, 0
339500, 1048526, 1, 0, 0
339600, 996767, 1, 0, 0
339700, 1020581, 1, 0, 0
339800, 1052841, 1, 0, 0
339900, 1048834, 1, 0, 0
340000, 1059899, 1, 0, 0
340100, 1041256, 1, 0, 0
340200, 1051455, 1, 0, 0
340300, 1051089, 1, 0, 0
340400, 1054137, 1, 0, 0
340500, 1040119, 1, 0, 0
340601, 1054272, 1, 0, 0
340701, 1073273, 1, 0, 0
340800, 1023526, 1, 0, 0
340900, 1019789, 1, 0, 0
341000, 1098754, 1, 0, 0
341100, 1015972, 1, 0, 0
341200, 1033643, 1, 0, 0
341300, 1075794, 1, 0, 0
341400, 1054379, 1, 0, 0
341500, 1026669, 1, 0, 0
341600, 994827, 1, 0, 0
341700, 1013416, 1, 0, 0
341800, 1068579, 1, 0, 0
341900, 1111006, 1, 0, 0
342000, 1043877, 1, 0, 0
342100, 1056032, 1, 0, 0
342200, 1045621, 1, 0, 0
342301, 1062920, 1, 0, 0
342400, 1053992, 1, 0, 0
342500, 1049224, 1, 0, 0
342600, 1035912, 1, 0, 0
342700, 1082405, 1, 0, 0
342800, 1030760, 1, 0, 0
342900, 1036815, 1, 0, 0
343000, 1026748, 1, 0, 0
343101, 1081523, 1, 0, 0
343200, 1058431, 1, 0, 0
343300, 1027763, 1, 0, 0
343400, 1058858, 1, 0, 0
343500, 1067355, 1, 0, 0
343600, 1060320, 1, 0, 0
343700, 1007214, 1, 0, 0
343800, 1115816, 1, 0, 0
343900, 1038131, 1, 0, 0
344000, 1036083, 1, 0, 0
344100, 1058752, 1, 0, 0
344200, 1053286, 1, 0, 0
344300, 1055341, 1, 0, 0
344400, 1062619, 1, 0, 0
344500, 1028787, 1, 0, 0
344600, 1013713, 1, 0, 0
344700, 1028280, 1, 0, 0
344800, 1027868, 1, 0, 0
344900, 1054337, 1, 0, 0
345000, 1143409, 1, 0, 0
345100, 1038806, 1, 0, 0
345200, 1033357, 1, 0, 0
345300, 1112569, 1, 0, 0
345401, 1062453, 1, 0, 0
345500, 1060731, 1, 0, 0
345600, 1117148, 1, 0, 0
345700, 1071053, 1, 0, 0
345801, 1102015, 1, 0, 0
345900, 1104007, 1, 0, 0
346000, 1146059, 1, 0, 0
346101, 1130713, 1, 0, 0
346200, 1048576, 1, 0, 0
346300, 1073387, 1, 0, 0
346400, 1038280, 1, 0, 0
346500, 1063535, 1, 0, 0
346600, 1083934, 1, 0, 0
346700, 1082640, 1, 0, 0
346801, 1122842, 1, 0, 0
346900, 1085531, 1, 0, 0
347000, 1086789, 1, 0, 0
347100, 1095910, 1, 0, 0
347200, 1004908, 1, 0, 0
347300, 1079994, 1, 0, 0
347400, 1086184, 1, 0, 0
347500, 1130584, 1, 0, 0
347600, 1097781, 1, 0, 0
347701, 1093824, 1, 0, 0
347800, 1085323, 1, 0, 0
347900, 1074617, 1, 0, 0
348001, 1061845, 1, 0, 0
348100, 1056081, 1, 0, 0
348200, 1104436, 1, 0, 0
348300, 1079118, 1, 0, 0
348400, 1053062, 1, 0, 0
348500, 1101200, 1, 0, 0
348600, 1081385, 1, 0, 0
348700, 1083791, 1, 0, 0
348800, 1079338, 1, 0, 0
348900, 1048963, 1, 0, 0
349000, 1094339, 1, 0, 0
349100, 1089104, 1, 0, 0
349200, 1086568, 1, 0, 0
349300, 1095484, 1, 0, 0
349400, 1063759, 1, 0, 0
349501, 1123832, 1, 0, 0
349600, 1076805, 1, 0, 0
349700, 1053547, 1, 0, 0
349800, 1082416, 1, 0, 0
349900, 1074690, 1, 0, 0
350000, 1115198, 1, 0, 0
350100, 1140577, 1, 0, 0
350200, 1071253, 1, 0, 0
350300, 1104687, 1, 0, 0
350400, 1070033, 1, 0, 0
350500, 1030101, 1, 0, 0
350600, 1152838, 1, 0, 0
350702, 1091739, 1, 0, 0
350800, 1164367, 1, 0, 0
350900, 1071674, 1, 0, 0
351000, 1082630, 1, 0, 0
351100, 1048732, 1, 0, 0
351200, 1033354, 1, 0, 0
351300, 1043830, 1, 0, 0
351400, 1066244, 1, 0, 0
351500, 1083747, 1, 0, 0
351601, 1053441, 1, 0, 0
351700, 1045682, 1, 0, 0
351800, 1083777, 1, 0, 0
351900, 1054189, 1, 0, 0
352000, 1081537, 1, 0, 0
352100, 1063502, 1, 0, 0
352200, 1038080, 1, 0, 0
352300, 1039963, 1, 0, 0
352400, 1051704, 1, 0, 0
352500, 1057848, 1, 0, 0
352600, 1065010, 1, 0, 0
352700, 1051750, 1, 0, 0
352800, 1038081, 1, 0, 0
352900, 1060158, 1, 0, 0
353000, 1084391, 1, 0, 0
353100, 1049177, 1, 0, 0
353200, 1074106, 1, 0, 0
353300, 1051998, 1, 0, 0
353400, 1079675, 1, 0, 0
353500, 1073121, 1, 0, 0
353600, 1044390, 1, 0, 0
353700, 1057741, 1, 0, 0
353800, 1066326, 1, 0, 0
353900, 1037192, 1, 0, 0
354000, 1023697, 1, 0, 0
354100, 1033850, 1, 0, 0
354200, 1013571, 1, 0, 0
354301, 1052408, 1, 0, 0
354400, 1054602, 1, 0, 0
354501, 1015391, 1, 0, 0
354600, 1057024, 1, 0, 0
354701, 1077437, 1, 0, 0
354800, 1071616, 1, 0, 0
354900, 1044487, 1, 0, 0
355000, 1048084, 1, 0, 0
355100, 1045053, 1, 0, 0
355201, 1135569, 1, 0, 0
355300, 1028658, 1, 0, 0
355400, 1117197, 1, 0, 0
355500, 1036722, 1, 0, 0
355600, 1069360, 1, 0, 0
355700, 1054428, 1, 0, 0
355800, 1069824, 1, 0, 0
355901, 1051200, 1, 0, 0
356000, 1051867, 1, 0, 0
356100, 1068172, 1, 0, 0
356200, 1054228, 1, 0, 0
356300, 1065701, 1, 0, 0
356400, 1064119, 1, 0, 0
356500, 1035519, 1, 0, 0
356600, 1063411, 1, 0, 0
356700, 1073308, 1, 0, 0
356800, 1081004, 1, 0, 0
356900, 1046905, 1, 0, 0
357000, 1082398, 1, 0, 0
357100, 1137558, 1, 0, 0
357200, 1023922, 1, 0, 0
357300, 1092505, 1, 0, 0
357400, 1060640, 1, 0, 0
357500, 1025135, 1, 0, 0
357600, 1087363, 1, 0, 0
357700, 1067137, 1, 0, 0
357800, 1018512, 1, 0, 0
357900, 1031640, 1, 0, 0
358000, 1102276, 1, 0, 0
358100, 1059359, 1, 0, 0
358201, 1094469, 1, 0, 0
358300, 1027568, 1, 0, 0
358401, 1025114, 1, 0, 0
358500, 1036397, 1, 0, 0
358600, 1069352, 1, 0, 0
358701, 1036494, 1, 0, 0
358800, 1116692, 1, 0, 0
358900, 1077770, 1, 0, 0
359000, 1048621, 1, 0, 0
359100, 1144427, 1, 0, 0
359200, 1116974, 1, 0, 0
359300, 1110999, 1, 0, 0
359400, 1092264, 1, 0, 0
359500, 1075162, 1, 0, 0
359600, 1038419, 1, 0, 0
359700, 1128357, 1, 0, 0
359800, 1106385, 1, 0, 0
359900, 1059188, 1, 0, 0
360000, 1086950, 1, 0, 0
360100, 1027940, 1, 0, 0
360200, 1055121, 1, 0, 0
360301, 1032258, 1, 0, 0
360400, 1001695, 1, 0, 0
360500, 1051715, 1, 0, 0
360600, 1022984, 1, 0, 0
360700, 1040553, 1, 0, 0
360800, 1018107, 1, 0, 0
360901, 1084931, 1, 0, 0
361000, 1063244, 1, 0, 0
361100, 1074190, 1, 0, 0
361200, 1059610, 1, 0, 0
361301, 1095882, 1, 0, 0
361400, 1005930, 1, 0, 0
361500, 1067658, 1, 0, 0
361600, 1088783, 1, 0, 0
361700, 1022505, 1, 0, 0
361800, 1069404, 1, 0, 0
361900, 1037981, 1, 0, 0
362000, 1064092, 1, 0, 0
362100, 1033699, 1, 0, 0
362201, 1120503, 1, 0, 0
362300, 1022589, 1, 0, 0
362400, 1019879, 1, 0, 0
362500, 1016990, 1, 0, 0
362600, 1039518, 1, 0, 0
362700, 1023357, 1, 0, 0
362800, 1039315, 1, 0, 0
362900, 1025846, 1, 0, 0
363000, 1037777, 1, 0, 0
363100, 1013523, 1, 0, 0
363200, 986875, 1, 0, 0
363300, 1025712, 1, 0, 0
363400, 1010394, 1, 0, 0
363500, 1024686, 1, 0, 0
363600, 1039387, 1, 0, 0
363700, 1006231, 1, 0, 0
363800, 1000367, 1, 0, 0
363900, 1014260, 1, 0, 0
364000, 997578, 1, 0, 0
364100, 1024206, 1, 0, 0
364200, 1012105, 1, 0, 0
364300, 1029528, 1, 0, 0
364400, 1008339, 1, 0, 0
364500, 985270, 1, 0, 0
364600, 1038269, 1, 0, 0
364700, 1050690, 1, 0, 0
364800, 1104165, 1, 0, 0
364900, 1040374, 1, 0, 0
365000, 1031064, 1, 0, 0
365100, 1043010, 1, 0, 0
365200, 998041, 1, 0, 0
365301, 1040155, 1, 0, 0
365400, 1056366, 1, 0, 0
365500, 1062106, 1, 0, 0
365600, 1060000, 1, 0, 0
365700, 1058944, 1, 0, 0
365800, 1047859, 1, 0, 0
365900, 1028848, 1, 0, 0
366000, 1045310, 1, 0, 0
366100, 1049467, 1, 0, 0
366200, 1074934, 1, 0, 0
366300, 1053118, 1, 0, 0
366400, 1032086, 1, 0, 0
366500, 999523, 1, 0, 0
366600, 1009804, 1, 0, 0
366700, 1031946, 1, 0, 0
366800, 1022509, 1, 0, 0
366900, 1058340, 1, 0, 0
367000, 1029739, 1, 0, 0
367100, 1043803, 1, 0, 0
367200, 1031514, 1, 0, 0
367300, 1004799, 1, 0, 0
367400, 1046385, 1, 0, 0
367500, 1051160, 1, 0, 0
367600, 1036820, 1, 0, 0
367700, 1045770, 1, 0, 0
367801, 1017793, 1, 0, 0
367900, 1026361, 1, 0, 0
368000, 1044829, 1, 0, 0
368101, 1047490, 1, 0, 0
368200, 1021580, 1, 0, 0
368300, 1025666, 1, 0, 0
368400, 1062118, 1, 0, 0
368500, 1050643, 1, 0, 0
368600, 1003574, 1, 0, 0
368700, 1007831, 1, 0, 0
368800, 993200, 1, 0, 0
368900, 1002893, 1, 0, 0
369000, 1031700, 1, 0, 0
369101, 989836, 1, 0, 0
369200, 1040525, 1, 0, 0
369300, 1022569, 1, 0, 0
369400, 1025585, 1, 0, 0
369500, 1005108, 1, 0, 0
369600, 1009158, 1, 0, 0
369700, 1029866, 1, 0, 0
369800, 1019415, 1, 0, 0
369900, 1055413, 1, 0, 0
370000, 1097786, 1, 0, 0
370100, 1064705, 1, 0, 0
370200, 1046801, 1, 0, 0
370300, 1047696, 1, 0, 0
370401, 1057286, 1, 0, 0
370500, 1092492, 1, 0, 0
370600, 1047190, 1, 0, 0
370700, 1068615, 1, 0, 0
370800, 1024113, 1, 0, 0
370900, 1059385, 1, 0, 0
371000, 1111895, 1, 0, 0
371100, 1029813, 1, 0, 0
371200, 1021914, 1, 0, 0
371300, 1069436, 1, 0, 0
371400, 1025038, 1, 0, 0
371500, 1063637, 1, 0, 0
371601, 1044465, 1, 0, 0
371700, 1068566, 1, 0, 0
371800, 1035954, 1, 0, 0
371900, 1104485, 1, 0, 0
372000, 1064695, 1, 0, 0
372100, 1011975, 1, 0, 0
372200, 1034293, 1, 0, 0
372300, 1040854, 1, 0, 0
372400, 1013718, 1, 0, 0
372501, 1041804, 1, 0, 0
372600, 1031011, 1, 0, 0
372700, 1082038, 1, 0, 0
372800, 1042093, 1, 0, 0
372900, 1024181, 1, 0, 0
373000, 1045210, 1, 0, 0
373100, 1042275, 1, 0, 0
373200, 1063672, 1, 0, 0
373300, 1014259, 1, 0, 0
373400, 1041806, 1, 0, 0
373500, 1054272, 1, 0, 0
373600, 1085900, 1, 0, 0
373700, 1045605, 1, 0, 0
373800, 1021573, 1, 0, 0
373900, 1049767, 1, 0, 0
374000, 1024871, 1, 0, 0
374100, 1023499, 1, 0, 0
374200, 1011803, 1, 0, 0
374300, 1055771, 1, 0, 0
374400, 1059690, 1, 0, 0
374500, 1041348, 1, 0, 0
374600, 1040313, 1, 0, 0
374700, 1119639, 1, 0, 0
374800, 1016759, 1, 0, 0
374900, 1123223, 1, 0, 0
375000, 1083781, 1, 0, 0
375100, 1107255, 1, 0, 0
375200, 1034102, 1, 0, 0
375300, 1054897, 1, 0, 0
375401, 1048135, 1, 0, 0
375500, 1098174, 1, 0, 0
375600, 1014384, 1, 0, 0
375700, 1072083, 1, 0, 0
375800, 1024069, 1, 0, 0
375900, 1022771, 1, 0, 0
376000, 1046810, 1, 0, 0
376100, 1055865, 1, 0, 0
376200, 1073236, 1, 0, 0
376300, 1034257, 1, 0, 0
376400, 1037242, 1, 0, 0
376500, 1076788, 1, 0, 0
376600, 1045851, 1, 0, 0
376701, 1029844, 1, 0, 0
376801, 1018853, 1, 0, 0
376900, 1026645, 1, 0, 0
377000, 1091626, 1, 0, 0
377101, 1069566, 1, 0, 0
377201, 1060434, 1, 0, 0
377300, 1081375, 1, 0, 0
377400, 1079643, 1, 0, 0
377500, 982847, 1, 0, 0
377600, 1083894, 1, 0, 0
377700, 1092182, 1, 0, 0
377800, 1018262, 1, 0, 0
377900, 1076136, 1, 0, 0
378000, 1073092, 1, 0, 0
378100, 1056098, 1, 0, 0
378200, 1152051, 1, 0, 0
378300, 1070291, 1, 0, 0
378401, 1075442, 1, 0, 0
378500, 1063096, 1, 0, 0
378600, 1064749, 1, 0, 0
378700, 1024054, 1, 0, 0
378800, 1014161, 1, 0, 0
378900, 1024562, 1, 0, 0
379000, 1076581, 1, 0, 0
379100, 1059989, 1, 0, 0
379200, 1058023, 1, 0, 0
379300, 1053078, 1, 0, 0
379400, 1092678, 1, 0, 0
379500, 1067264, 1, 0, 0
379600, 1014849, 1, 0, 0
379700, 1003256, 1, 0, 0
379800, 1118590, 1, 0, 0
379900, 1038697, 1, 0, 0
380000, 1010593, 1, 0, 0
380100, 1040429, 1, 0, 0
380200, 1004003, 1, 0, 0
380300, 1022566, 1, 0, 0
380400, 1073112, 1, 0, 0
380500, 1021501, 1, 0, 0
380600, 1017590, 1, 0, 0
380700, 1026560, 1, 0, 0
380800, 1023080, 1, 0, 0
380900, 1020836, 1, 0, 0
381000, 1028459, 1, 0, 0
381101, 1059683, 1, 0, 0
381201, 1029418, 1, 0, 0
381300, 1021531, 1, 0, 0
381400, 1028758, 1, 0, 0
381500, 1033604, 1, 0, 0
381600, 1012841, 1, 0, 0
381701, 1014735, 1, 0, 0
381800, 1033697, 1, 0, 0
381900, 954842, 1, 0, 0
382000, 994895, 1, 0, 0
382100, 1070084, 1, 0, 0
382200, 1029904, 1, 0, 0
382300, 1091271, 1, 0, 0
382400, 1030136, 1, 0, 0
382501, 1049754, 1, 0, 0
382600, 1023354, 1, 0, 0
382700, 1007314, 1, 0, 0
382800, 1011484, 1, 0, 0
382901, 1031304, 1, 0, 0
383000, 988476, 1, 0, 0
383100, 1035881, 1, 0, 0
383200, 1065967, 1, 0, 0
383300, 1019674, 1, 0, 0
383401, 1059453, 1, 0, 0
383500, 994748, 1, 0, 0
383601, 1024666, 1, 0, 0
383700, 1073793, 1, 0, 0
383800, 1033173, 1, 0, 0
383900, 985434, 1, 0, 0
384000, 1052244, 1, 0, 0
384100, 995690, 1, 0, 0
384200, 1013902, 1, 0, 0
384300, 1055441, 1, 0, 0
384400, 1030356, 1, 0, 0
384500, 1030048, 1, 0, 0
384600, 1035068, 1, 0, 0
384700, 1039614, 1, 0, 0
384800, 1028043, 1, 0, 0
384900, 1090810, 1, 0, 0
385000, 1050083, 1, 0, 0
385100, 997440, 1, 0, 0
385200, 972609, 1, 0, 0
385300, 1039264, 1, 0, 0
385400, 1009388, 1, 0, 0
385500, 1045308, 1, 0, 0
385600, 1030084, 1, 0, 0
385700, 1003613, 1, 0, 0
385800, 1028232, 1, 0, 0
385900, 1010970, 1, 0, 0
386000, 1040753, 1, 0, 0
386100, 1076340, 1, 0, 0
386200, 1021066, 1, 0, 0
386300, 1042956, 1, 0, 0
386400, 1051943, 1, 0, 0
386500, 1053840, 1, 0, 0
386600, 1025873, 1, 0, 0
386700, 1041961, 1, 0, 0
386800, 1039685, 1, 0, 0
386900, 1069985, 1, 0, 0
387000, 1074554, 1, 0, 0
387101, 1031248, 1, 0, 0
387200, 1062055, 1, 0, 0
387300, 1012906, 1, 0, 0
387400, 1013983, 1, 0, 0
387500, 1027926, 1, 0, 0
387601, 1039946, 1, 0, 0
387700, 1037205, 1, 0, 0
387800, 1035554, 1, 0, 0
387900, 1041805, 1, 0, 0
388000, 1061048, 1, 0, 0
388101, 1070312, 1, 0, 0
388200, 1047456, 1, 0, 0
388300, 1068721, 1, 0, 0
388401, 1044334, 1, 0, 0
388500, 1099989, 1, 0, 0
388600, 1104233, 1, 0, 0
388700, 1055670, 1, 0, 0
388800, 1022663, 1, 0, 0
388900, 1037310, 1, 0, 0
389000, 980440, 1, 0, 0
389100, 1042096, 1, 0, 0
389200, 1009126, 1, 0, 0
389300, 1037550, 1, 0, 0
389400, 1014932, 1, 0, 0
389500, 1006370, 1, 0, 0
389600, 1027974, 1, 0, 0
389701, 972519, 1, 0, 0
389800, 1046702, 1, 0, 0
389900, 1020060, 1, 0, 0
390000, 1030505, 1, 0, 0
390100, 1019172, 1, 0, 0
390200, 1007437, 1, 0, 0
390300, 1025134, 1, 0, 0
390400, 1024909, 1, 0, 0
390500, 1015478, 1, 0, 0
390600, 1051653, 1, 0, 0
390700, 1038531, 1, 0, 0
390800, 1011771, 1, 0, 0
390900, 1043133, 1, 0, 0
391000, 1047810, 1, 0, 0
391100, 1023258, 1, 0, 0
391200, 1065326, 1, 0, 0
391300, 1048945, 1, 0, 0
391400, 1051687, 1, 0, 0
391500, 996682, 1, 0, 0
391601, 1019318, 1, 0, 0
391700, 1029082, 1, 0, 0
391800, 1024101, 1, 0, 0
391900, 1051344, 1, 0, 0
392000, 1029592, 1, 0, 0
392100, 1037537, 1, 0, 0
392200, 1026914, 1, 0, 0
392300, 1038464, 1, 0, 0
392400, 1029588, 1, 0, 0
392500, 1024251, 1, 0, 0
392600, 1103711, 1, 0, 0
392700, 1014697, 1, 0, 0
392800, 1053559, 1, 0, 0
392900, 1071621, 1, 0, 0
393000, 1089669, 1, 0, 0
393100, 1065274, 1, 0, 0
393201, 1053857, 1, 0, 0
393300, 1064433, 1, 0, 0
393400, 1068954, 1, 0, 0
393500, 1026399, 1, 0, 0
393600, 1096681, 1, 0, 0
393700, 1092976, 1, 0, 0
393800, 1040793, 1, 0, 0
393900, 1033876, 1, 0, 0
394001, 1092324, 1, 0, 0
394100, 1054129, 1, 0, 0
394200, 1027607, 1, 0, 0
394300, 1039260, 1, 0, 0
394401, 1072595, 1, 0, 0
394500, 1034429, 1, 0, 0
394600, 1019088, 1, 0, 0
394700, 1022422, 1, 0, 0
394800, 1052827, 1, 0, 0
394900, 1064470, 1, 0, 0
395000, 1072474, 1, 0, 0
395100, 1030805, 1, 0, 0
395200, 1050663, 1, 0, 0
395300, 1013609, 1, 0, 0
395400, 1011432, 1, 0, 0
395500, 1088588, 1, 0, 0
395600, 1098440, 1, 0, 0
395701, 1073544, 1, 0, 0
395800, 1046482, 1, 0, 0
395900, 1068720, 1, 0, 0
396000, 1046570, 1, 0, 0
396100, 1068106, 1, 0, 0
396200, 1029275, 1, 0, 0
396300, 1041252, 1, 0, 0
396400, 1036439, 1, 0, 0
396500, 1106060, 1, 0, 0
396600, 1034357, 1, 0, 0
396700, 1006849, 1, 0, 0
396800, 1008901, 1, 0, 0
396900, 1024845, 1, 0, 0
397000, 1063020, 1, 0, 0
397100, 1061559, 1, 0, 0
397200, 1049921, 1, 0, 0
397300, 1022273, 1, 0, 0
397401, 1020161, 1, 0, 0
397500, 1087936, 1, 0, 0
397600, 1038432, 1, 0, 0
397700, 1024083, 1, 0, 0
397800, 1048288, 1, 0, 0
397901, 1079901, 1, 0, 0
398001, 1018527, 1, 0, 0
398101, 1061047, 1, 0, 0
398200, 1055217, 1, 0, 0
398300, 1042486, 1, 0, 0
398400, 1082581, 1, 0, 0
398501, 1080777, 1, 0, 0
398600, 1025960, 1, 0, 0
398701, 1065380, 1, 0, 0
398800, 1007528, 1, 0, 0
398900, 1056343, 1, 0, 0
399000, 1050195, 1, 0, 0
399100, 1116663, 1, 0, 0
399201, 1059125, 1, 0, 0
399300, 1059242, 1, 0, 0
399400, 1077117, 1, 0, 0
399500, 1076258, 1, 0, 0
399600, 1056520, 1, 0, 0
399700, 1037790, 1, 0, 0
399800, 1079699, 1, 0, 0
399900, 1026490, 1, 0, 0
400000, 1062868, 1, 0, 0
400100, 1073071, 1, 0, 0
400200, 1046847, 1, 0, 0
400300, 1069983, 1, 0, 0
400400, 1045552, 1, 0, 0
400500, 1085452, 1, 0, 0
400600, 1045752, 1, 0, 0
400700, 1044201, 1, 0, 0
400800, 1096315, 1, 0, 0
400900, 1086159, 1, 0, 0
401000, 1073318, 1, 0, 0
401100, 1021022, 1, 0, 0
401200, 1001636, 1, 0, 0
401300, 1014367, 1, 0, 0
401400, 1058770, 1, 0, 0
401500, 1031558, 1, 0, 0
401600, 1059303, 1, 0, 0
401700, 1035832, 1, 0, 0
401800, 1082463, 1, 0, 0
401900, 1027609, 1, 0, 0
402000, 1063349, 1, 0, 0
402100, 1018312, 1, 0, 0
402200, 1072221, 1, 0, 0
402300, 1098636, 1, 0, 0
402400, 1018868, 1, 0, 0
402500, 1002900, 1, 0, 0
402600, 1053956, 1, 0, 0
402700, 1040885, 1, 0, 0
402800, 1053927, 1, 0, 0
402900, 1009788, 1, 0, 0
403000, 1000829, 1, 0, 0
403101, 1068541, 1, 0, 0
403200, 1043301, 1, 0, 0
403300, 1071507, 1, 0, 0
403400, 1049764, 1, 0, 0
403500, 1053934, 1, 0, 0
403600, 1070648, 1, 0, 0
403700, 1016750, 1, 0, 0
403800, 1030587, 1, 0, 0
403900, 1040737, 1, 0, 0
404000, 1016488, 1, 0, 0
404100, 1043028, 1, 0, 0
404201, 1059677, 1, 0, 0
404300, 1094915, 1, 0, 0
404400, 1046780, 1, 0, 0
404500, 1070647, 1, 0, 0
404600, 1057568, 1, 0, 0
404700, 988497, 1, 0, 0
404801, 1005786, 1, 0, 0
404900, 1027066, 1, 0, 0
405000, 1024918, 1, 0, 0
405100, 1069097, 1, 0, 0
405200, 1061894, 1, 0, 0
405300, 1005578, 1, 0, 0
405400, 1042179, 1, 0, 0
405500, 1029986, 1, 0, 0
405600, 1016797, 1, 0, 0
405700, 1068486, 1, 0, 0
405800, 1025245, 1, 0, 0
405900, 1062040, 1, 0, 0
406000, 1072899, 1, 0, 0
406101, 1116432, 1, 0, 0
406200, 1033331, 1, 0, 0
406300, 1063595, 1, 0, 0
406401, 1014436, 1, 0, 0
406500, 1047438, 1, 0, 0
406600, 1065768, 1, 0, 0
406700, 1064910, 1, 0, 0
406800, 1054845, 1, 0, 0
406901, 1064988, 1, 0, 0
407000, 1073643, 1, 0, 0
407101, 1029432, 1, 0, 0
407200, 1034874, 1, 0, 0
407300, 1049152, 1, 0, 0
407400, 1029155, 1, 0, 0
407500, 1036424, 1, 0, 0
407600, 1004066, 1, 0, 0
407700, 1075801, 1, 0, 0
407800, 1134644, 1, 0, 0
407900, 1074217, 1, 0, 0
408000, 1070122, 1, 0, 0
408100, 1060174, 1, 0, 0
408200, 1041933, 1, 0, 0
408300, 1073825, 1, 0, 0
408400, 1056503, 1, 0, 0
408501, 1032772, 1, 0, 0
408600, 1119790, 1, 0, 0
408700, 1057383, 1, 0, 0
408800, 1056035, 1, 0, 0
408900, 1074532, 1, 0, 0
409000, 1066913, 1, 0, 0
409100, 1062920, 1, 0, 0
409200, 1044110, 1, 0, 0
409300, 1042568, 1, 0, 0
409400, 1070799, 1, 0, 0
409500, 1081645, 1, 0, 0
409600, 1043925, 1, 0, 0
409700, 1085359, 1, 0, 0
409800, 1051379, 1, 0, 0
409900, 1110056, 1, 0, 0
410000, 1024598, 1, 0, 0
410100, 1034516, 1, 0, 0
410200, 1039169, 1, 0, 0
410300, 1084778, 1, 0, 0
410400, 1083559, 1, 0, 0
410500, 1030917, 1, 0, 0
410600, 1060050, 1, 0, 0
410700, 1078673, 1, 0, 0
410800, 1053564, 1, 0, 0
410902, 1091298, 1, 0, 0
411000, 1052251, 1, 0, 0
411100, 1134478, 1, 0, 0
411200, 1097881, 1, 0, 0
411300, 1057319, 1, 0, 0
411401, 1136732, 1, 0, 0
411500, 1103037, 1, 0, 0
411600, 1072102, 1, 0, 0
411700, 1060424, 1, 0, 0
411800, 1063586, 1, 0, 0
411900, 1060459, 1, 0, 0
412000, 1064511, 1, 0, 0
412100, 1053497, 1, 0, 0
412200, 1080557, 1, 0, 0
412300, 1029788, 1, 0, 0
412400, 1059359, 1, 0, 0
412500, 1082537, 1, 0, 0
412600, 1052499, 1, 0, 0
412700, 1066540, 1, 0, 0
412800, 1076729, 1, 0, 0
412900, 1048438, 1, 0, 0
413001, 1065675, 1, 0, 0
413101, 1075095, 1, 0, 0
413200, 1035323, 1, 0, 0
413300, 1034117, 1, 0, 0
413400, 1115837, 1, 0, 0
413500, 1037041, 1, 0, 0
413600, 1039100, 1, 0, 0
413700, 1033190, 1, 0, 0
413801, 1028034, 1, 0, 0
413900, 1010871, 1, 0, 0
414000, 1062560, 1, 0, 0
414100, 1093136, 1, 0, 0
414200, 1067058, 1, 0, 0
414300, 1118486, 1, 0, 0
414400, 1050817, 1, 0, 0
414500, 1040696, 1, 0, 0
414600, 1032986, 1, 0, 0
414700, 1037538, 1, 0, 0
414800, 1041963, 1, 0, 0
414900, 1059673, 1, 0, 0
415000, 1033015, 1, 0, 0
415100, 1024537, 1, 0, 0
415201, 1036794, 1, 0, 0
415300, 1046566, 1, 0, 0
415400, 1036754, 1, 0, 0
415500, 1011386, 1, 0, 0
415600, 1033044, 1, 0, 0
415700, 1049407, 1, 0, 0
415800, 1035345, 1, 0, 0
415900, 997628, 1, 0, 0
416000, 975214, 1, 0, 0
416101, 1076624, 1, 0, 0
416200, 1035097, 1, 0, 0
416300, 1058455, 1, 0, 0
416400, 1015751, 1, 0, 0
416500, 1032482, 1, 0, 0
416600, 1009210, 1, 0, 0
416701, 1044876, 1, 0, 0
416800, 1025334, 1, 0, 0
416900, 996126, 1, 0, 0
417001, 1043784, 1, 0, 0
417100, 992108, 1, 0, 0
417200, 1022753, 1, 0, 0
417300, 1043337, 1, 0, 0
417400, 1109329, 1, 0, 0
417500, 1009345, 1, 0, 0
417600, 1006746, 1, 0, 0
417701, 1049784, 1, 0, 0
417800, 1029046, 1, 0, 0
417900, 1036590, 1, 0, 0
418000, 1021221, 1, 0, 0
418100, 1080377, 1, 0, 0
418200, 1048044, 1, 0, 0
418301, 1046786, 1, 0, 0
418400, 1030516, 1, 0, 0
418500, 1043746, 1, 0, 0
418600, 1063988, 1, 0, 0
418700, 1059195, 1, 0, 0
418800, 1024606, 1, 0, 0
418900, 1033332, 1, 0, 0
419000, 1012203, 1, 0, 0
419100, 984668, 1, 0, 0
419200, 1035342, 1, 0, 0
419300, 1078481, 1, 0, 0
419400, 1029786, 1, 0, 0
419500, 1061042, 1, 0, 0
419600, 1078467, 1, 0, 0
419700, 1047909, 1, 0, 0
419800, 1048608, 1, 0, 0
419900, 1074162, 1, 0, 0
420000, 1036413, 1, 0, 0
420100, 1029393, 1, 0, 0
420200, 1026602, 1, 0, 0
420300, 1051899, 1, 0, 0
420400, 1047524, 1, 0, 0
420500, 1063815, 1, 0, 0
420600, 991079, 1, 0, 0
420700, 1121261, 1, 0, 0
420800, 1036346, 1, 0, 0
420900, 1032218, 1, 0, 0
421000, 1025271, 1, 0, 0
421100, 980051, 1, 0, 0
421200, 1034372, 1, 0, 0
421300, 1072399, 1, 0, 0
421400, 1092360, 1, 0, 0
421500, 1055112, 1, 0, 0
421600, 1034421, 1, 0, 0
421700, 1038575, 1, 0, 0
421800, 1006281, 1, 0, 0
421900, 1073638, 1, 0, 0
422000, 1033392, 1, 0, 0
422100, 1001289, 1, 0, 0
422200, 1020947, 1, 0, 0
422300, 1016925, 1, 0, 0
422400, 1101890, 1, 0, 0
422500, 1067812, 1, 0, 0
422600, 1020555, 1, 0, 0
422700, 1055524, 1, 0, 0
422800, 1071794, 1, 0, 0
422900, 1036734, 1, 0, 0
423000, 1020150, 1, 0, 0
423100, 1091251, 1, 0, 0
423200, 1038565, 1, 0, 0
423300, 1165561, 1, 0, 0
423401, 1014381, 1, 0, 0
423500, 1042821, 1, 0, 0
423600, 1014442, 1, 0, 0
423700, 1044503, 1, 0, 0
423800, 1033633, 1, 0, 0
423900, 997415, 1, 0, 0
424000, 1016967, 1, 0, 0
424100, 992496, 1, 0, 0
424200, 1001358, 1, 0, 0
424300, 1047242, 1, 0, 0
424400, 1047427, 1, 0, 0
424500, 1049668, 1, 0, 0
424600, 1010521, 1, 0, 0
424701, 1073742, 1, 0, 0
424800, 1018599, 1, 0, 0
424901, 1038802, 1, 0, 0
425000, 1017004, 1, 0, 0
425100, 1005631, 1, 0, 0
425200, 992835, 1, 0, 0
425300, 1040538, 1, 0, 0
425400, 1005444, 1, 0, 0
425500, 1040574, 1, 0, 0
425600, 1012039, 1, 0, 0
425700, 1042594, 1, 0, 0
425800, 1016243, 1, 0, 0
425901, 1003404, 1, 0, 0
426000, 1041739, 1, 0, 0
426100, 1031798, 1, 0, 0
426200, 1067528, 1, 0, 0
426300, 1009765, 1, 0, 0
426401, 1038225, 1, 0, 0
426500, 994102, 1, 0, 0
426600, 1015426, 1, 0, 0
426700, 1017645, 1, 0, 0
426801, 1065702, 1, 0, 0
426900, 1047505, 1, 0, 0
427000, 1025417, 1, 0, 0
427100, 1045707, 1, 0, 0
427200, 1078426, 1, 0, 0
427300, 1093831, 1, 0, 0
427400, 973947, 1, 0, 0
427500, 999744, 1, 0, 0
427600, 1071942, 1, 0, 0
427700, 997724, 1, 0, 0
427800, 1010840, 1, 0, 0
427900, 1060149, 1, 0, 0
428000, 1044596, 1, 0, 0
428100, 1003169, 1, 0, 0
428200, 1042739, 1, 0, 0
428300, 1034767, 1, 0, 0
428400, 1003920, 1, 0, 0
428500, 1034229, 1, 0, 0
428600, 1041548, 1, 0, 0
428700, 1054767, 1, 0, 0
428800, 1103616, 1, 0, 0
428900, 1034695, 1, 0, 0
429000, 1040299, 1, 0, 0
429100, 1063894, 1, 0, 0
429200, 1072745, 1, 0, 0
429300, 1011869, 1, 0, 0
429400, 994838, 1, 0, 0
429501, 1045116, 1, 0, 0
429600, 1044448, 1, 0, 0
429700, 1090754, 1, 0, 0
429800, 1001137, 1, 0, 0
429900, 1058561, 1, 0, 0
430000, 1047529, 1, 0, 0
430100, 1071342, 1, 0, 0
430200, 1067554, 1, 0, 0
430301, 1041523, 1, 0, 0
430400, 1013310, 1, 0, 0
430500, 1143897, 1, 0, 0
430600, 1132383, 1, 0, 0
430700, 1065119, 1, 0, 0
430801, 1054553, 1, 0, 0
430900, 1028936, 1, 0, 0
431000, 1055197, 1, 0, 0
431100, 1018036, 1, 0, 0
431200, 1023177, 1, 0, 0
431300, 1001916, 1, 0, 0
431400, 1051577, 1, 0, 0
431500, 1065535, 1, 0, 0
431600, 1022149, 1, 0, 0
431700, 1024585, 1, 0, 0
431800, 1086970, 1, 0, 0
431900, 1049075, 1, 0, 0
432000, 1041151, 1, 0, 0
432100, 1056853, 1, 0, 0
432200, 1088603, 1, 0, 0
432300, 1025590, 1, 0, 0
432400, 1066233, 1, 0, 0
432500, 1073368, 1, 0, 0
432600, 1099563, 1, 0, 0
432700, 1067861, 1, 0, 0
432800, 1096372, 1, 0, 0
432900, 1121845, 1, 0, 0
433000, 1093405, 1, 0, 0
433100, 1076780, 1, 0, 0
433200, 1046912, 1, 0, 0
433300, 1020313, 1, 0, 0
433400, 1077882, 1, 0, 0
433500, 1055697, 1, 0, 0
433600, 1061713, 1, 0, 0
433701, 1077695, 1, 0, 0
433800, 1086039, 1, 0, 0
433900, 1026652, 1, 0, 0
434000, 1049065, 1, 0, 0
434100, 1052255, 1, 0, 0
434200, 1023817, 1, 0, 0
434300, 1069668, 1, 0, 0
434400, 1018858, 1, 0, 0
434500, 1075325, 1, 0, 0
434600, 1030335, 1, 0, 0
434700, 1039886, 1, 0, 0
434800, 1040510, 1, 0, 0
434900, 1068021, 1, 0, 0
435000, 1080967, 1, 0, 0
435100, 1083473, 1, 0, 0
435200, 1065337, 1, 0, 0
435300, 1062438, 1, 0, 0
435400, 1076681, 1, 0, 0
435500, 1097968, 1, 0, 0
435600, 1094796, 1, 0, 0
435700, 1111531, 1, 0, 0
435800, 1041004, 1, 0, 0
435900, 999328, 1, 0, 0
436000, 1088994, 1, 0, 0
436100, 1089182, 1, 0, 0
436200, 1057023, 1, 0, 0
436300, 1058559, 1, 0, 0
436400, 1075857, 1, 0, 0
436500, 1065066, 1, 0, 0
436600, 1255457, 1, 0, 0
436700, 1074999, 1, 0, 0
436800, 1013800, 1, 0, 0
436900, 1042319, 1, 0, 0
437000, 1034633, 1, 0, 0
437100, 1050640, 1, 0, 0
437200, 1045431, 1, 0, 0
437300, 1048724, 1, 0, 0
437400, 1049778, 1, 0, 0
437500, 1075810, 1, 0, 0
437600, 1079300, 1, 0, 0
437700, 1068876, 1, 0, 0
437800, 1085016, 1, 0, 0
437901, 1031138, 1, 0, 0
438000, 1031345, 1, 0, 0
438101, 1047756, 1, 0, 0
438200, 1031606, 1, 0, 0
438300, 1008095, 1, 0, 0
438400, 1010311, 1, 0, 0
438501, 1024206, 1, 0, 0
438600, 1066120, 1, 0, 0
438700, 1060948, 1, 0, 0
438800, 1087521, 1, 0, 0
438900, 1147260, 1, 0, 0
439000, 1062938, 1, 0, 0
439100, 1046950, 1, 0, 0
439200, 992675, 1, 0, 0
439300, 1035617, 1, 0, 0
439400, 1028614, 1, 0, 0
439500, 1097573, 1, 0, 0
439600, 1010514, 1, 0, 0
439700, 1068108, 1, 0, 0
439801, 1026455, 1, 0, 0
439900, 1045401, 1, 0, 0
440000, 1074589, 1, 0, 0
440100, 1029609, 1, 0, 0
440200, 971529, 1, 0, 0
440300, 1046623, 1, 0, 0
440400, 1026060, 1, 0, 0
440500, 1015910, 1, 0, 0
440600, 1034954, 1, 0, 0
440700, 1032592, 1, 0, 0
440800, 1000868, 1, 0, 0
440900, 1064566, 1, 0, 0
441000, 1043298, 1, 0, 0
441100, 1064132, 1, 0, 0
441200, 1076402, 1, 0, 0
441300, 1067774, 1, 0, 0
441400, 1051239, 1, 0, 0
441500, 1019250, 1, 0, 0
441601, 1038201, 1, 0, 0
441700, 1084629, 1, 0, 0
441800, 1045692, 1, 0, 0
441900, 1011891, 1, 0, 0
442000, 1012569, 1, 0, 0
442100, 1032990, 1, 0, 0
442201, 1021398, 1, 0, 0
442300, 1012377, 1, 0, 0
442400, 1029922, 1, 0, 0
442500, 1008665, 1, 0, 0
442600, 1047367, 1, 0, 0
442700, 1014455, 1, 0, 0
442800, 1068409, 1, 0, 0
442900, 1014879, 1, 0, 0
443000, 1032889, 1, 0, 0
443100, 1030219, 1, 0, 0
443200, 1052600, 1, 0, 0
443300, 1026077, 1, 0, 0
443400, 1013147, 1, 0, 0
443500, 1025881, 1, 0, 0
443600, 1025844, 1, 0, 0
443700, 1041513, 1, 0, 0
443800, 1097481, 1, 0, 0
443900, 1065026, 1, 0, 0
444000, 1034355, 1, 0, 0
444100, 1023989, 1, 0, 0
444200, 1008568, 1, 0, 0
444300, 987693, 1, 0, 0
444400, 999172, 1, 0, 0
444500, 1004280, 1, 0, 0
444600, 1022799, 1, 0, 0
444700, 1050150, 1, 0, 0
444800, 1070969, 1, 0, 0
444900, 1032746, 1, 0, 0
445000, 976544, 1, 0, 0
445100, 1004119, 1, 0, 0
445201, 1010699, 1, 0, 0
445300, 1043100, 1, 0, 0
445400, 1031127, 1, 0, 0
445500, 1062507, 1, 0, 0
445600, 1083736, 1, 0, 0
445700, 1040365, 1, 0, 0
445800, 1010309, 1, 0, 0
445900, 1076485, 1, 0, 0
446000, 1073924, 1, 0, 0
446100, 1008821, 1, 0, 0
446200, 1029700, 1, 0, 0
446300, 1046346, 1, 0, 0
446400, 1042659, 1, 0, 0
446500, 985739, 1, 0, 0
446600, 1087769, 1, 0, 0
446700, 1061120, 1, 0, 0
446800, 1054832, 1, 0, 0
446900, 1011558, 1, 0, 0
447000, 1016932, 1, 0, 0
447100, 1117947, 1, 0, 0
447200, 1071966, 1, 0, 0
447300, 1073248, 1, 0, 0
447400, 1040970, 1, 0, 0
447500, 1074558, 1, 0, 0
447600, 1040923, 1, 0, 0
447700, 1088732, 1, 0, 0
447800, 1074381, 1, 0, 0
447901, 1085355, 1, 0, 0
448000, 1148795, 1, 0, 0
448100, 1095089, 1, 0, 0
448200, 1047097, 1, 0, 0
448300, 1026464, 1, 0, 0
448400, 1059616, 1, 0, 0
448500, 1069626, 1, 0, 0
448600, 1091251, 1, 0, 0
448700, 1059951, 1, 0, 0
448800, 1075851, 1, 0, 0
448900, 1024156, 1, 0, 0
449000, 1166296, 1, 0, 0
449100, 1074380, 1, 0, 0
449200, 1135731, 1, 0, 0
449300, 1094891, 1, 0, 0
449400, 1095661, 1, 0, 0
449500, 1033837, 1, 0, 0
449600, 1085578, 1, 0, 0
449701, 1032265, 1, 0, 0
449800, 1081444, 1, 0, 0
449900, 1062978, 1, 0, 0
450000, 1071970, 1, 0, 0
450101, 1048599, 1, 0, 0
450200, 1032700, 1, 0, 0
450301, 1057348, 1, 0, 0
450400, 1029957, 1, 0, 0
450500, 1085592, 1, 0, 0
450600, 1054580, 1, 0, 0
450701, 1067277, 1, 0, 0
450800, 1088372, 1, 0, 0
450900, 1054604, 1, 0, 0
451000, 1027266, 1, 0, 0
451100, 1015457, 1, 0, 0
451200, 1065804, 1, 0, 0
451300, 1064515, 1, 0, 0
451400, 1062735, 1, 0, 0
451501, 1051045, 1, 0, 0
451600, 1045176, 1, 0, 0
451700, 1055038, 1, 0, 0
451800, 1041930, 1, 0, 0
451900, 1081431, 1, 0, 0
452000, 1032817, 1, 0, 0
452100, 1065377, 1, 0, 0
452200, 1075709, 1, 0, 0
452300, 1046863, 1, 0, 0
452400, 1087081, 1, 0, 0
452500, 1091515, 1, 0, 0
452601, 1096191, 1, 0, 0
452700, 1059772, 1, 0, 0
452800, 1078095, 1, 0, 0
452900, 1044369, 1, 0, 0
453000, 1080704, 1, 0, 0
453100, 1050547, 1, 0, 0
453200, 1086311, 1, 0, 0
453300, 1065112, 1, 0, 0
453400, 1054204, 1, 0, 0
453500, 1077085, 1, 0, 0
453600, 1074346, 1, 0, 0
453701, 1012808, 1, 0, 0
453800, 1078858, 1, 0, 0
453900, 1070274, 1, 0, 0
454000, 1070175, 1, 0, 0
454100, 1027070, 1, 0, 0
454200, 1037464, 1, 0, 0
454300, 992248, 1, 0, 0
454400, 1029580, 1, 0, 0
454500, 1057711, 1, 0, 0
454600, 1072286, 1, 0, 0
454700, 1024217, 1, 0, 0
454800, 1038200, 1, 0, 0
454900, 1113945, 1, 0, 0
455000, 1040491, 1, 0, 0
455100, 1025456, 1, 0, 0
455200, 1039942, 1, 0, 0
455300, 1037231, 1, 0, 0
455401, 1072217, 1, 0, 0
455500, 1040741, 1, 0, 0
455600, 1089788, 1, 0, 0
455700, 1043907, 1, 0, 0
455800, 1031425, 1, 0, 0
455900, 1021018, 1, 0, 0
456000, 1021798, 1, 0, 0
456100, 978849, 1, 0, 0
456201, 1056625, 1, 0, 0
456300, 1031306, 1, 0, 0
456400, 1065541, 1, 0, 0
456501, 989280, 1, 0, 0
456600, 1032997, 1, 0, 0
456700, 1024525, 1, 0, 0
456800, 1045785, 1, 0, 0
456900, 1041172, 1, 0, 0
457000, 1023273, 1, 0, 0
457100, 1049620, 1, 0, 0
457200, 979464, 1, 0, 0
457300, 977148, 1, 0, 0
457400, 1022232, 1, 0, 0
457500, 1004671, 1, 0, 0
457600, 1009603, 1, 0, 0
457702, 1035233, 1, 0, 0
457800, 1016076, 1, 0, 0
457900, 1101027, 1, 0, 0
458000, 1040862, 1, 0, 0
458100, 1020089, 1, 0, 0
458200, 977966, 1, 0, 0
458301, 1036192, 1, 0, 0
458400, 1060524, 1, 0, 0
458500, 1033936, 1, 0, 0
458600, 1017168, 1, 0, 0
458700, 1004241, 1, 0, 0
458800, 1017273, 1, 0, 0
458900, 1025829, 1, 0, 0
459000, 1020043, 1, 0, 0
459100, 1045255, 1, 0, 0
459200, 1017817, 1, 0, 0
459300, 996278, 1, 0, 0
459400, 1042253, 1, 0, 0
459500, 1023366, 1, 0, 0
459600, 1129405, 1, 0, 0
459700, 1048643, 1, 0, 0
459800, 1014371, 1, 0, 0
459900, 1016112, 1, 0, 0
460000, 1051271, 1, 0, 0
460100, 1017380, 1, 0, 0
460200, 1019869, 1, 0, 0
460300, 1019010, 1, 0, 0
460400, 994005, 1, 0, 0
460500, 989029, 1, 0, 0
460600, 988342, 1, 0, 0
460700, 1018642, 1, 0, 0
460800, 1012049, 1, 0, 0
460900, 1021629, 1, 0, 0
461000, 1032352, 1, 0, 0
461100, 1016334, 1, 0, 0
461200, 1042653, 1, 0, 0
461300, 1046251, 1, 0, 0
461400, 1078088, 1, 0, 0
461500, 1027401, 1, 0, 0
461600, 1061972, 1, 0, 0
461700, 1031193, 1, 0, 0
461800, 1011932, 1, 0, 0
461900, 1066527, 1, 0, 0
462000, 1100510, 1, 0, 0
462100, 1005316, 1, 0, 0
462200, 1018801, 1, 0, 0
462300, 997110, 1, 0, 0
462400, 1062324, 1, 0, 0
462500, 1003450, 1, 0, 0
462600, 1011556, 1, 0, 0
462700, 1028399, 1, 0, 0
462800, 1029908, 1, 0, 0
462900, 985879, 1, 0, 0
463000, 962785, 1, 0, 0
463100, 1010022, 1, 0, 0
463200, 1055053, 1, 0, 0
463300, 1019046, 1, 0, 0
463400, 1048169, 1, 0, 0
463500, 1034307, 1, 0, 0
463600, 1046813, 1, 0, 0
463700, 1019691, 1, 0, 0
463800, 1060406, 1, 0, 0
463900, 1069425, 1, 0, 0
464000, 994986, 1, 0, 0
464100, 1087278, 1, 0, 0
464201, 1112766, 1, 0, 0
464300, 1128597, 1, 0, 0
464400, 1090585, 1, 0, 0
464500, 1058317, 1, 0, 0
464600, 1090689, 1, 0, 0
464701, 1076236, 1, 0, 0
464800, 1071650, 1, 0, 0
464901, 1115958, 1, 0, 0
465001, 1008959, 1, 0, 0
465100, 1059859, 1, 0, 0
465200, 1036022, 1, 0, 0
465300, 1047317, 1, 0, 0
465400, 1002179, 1, 0, 0
465501, 1042785, 1, 0, 0
465600, 1030018, 1, 0, 0
465700, 1098497, 1, 0, 0
465800, 1033530, 1, 0, 0
465901, 1012318, 1, 0, 0
466000, 1067988, 1, 0, 0
466100, 997540, 1, 0, 0
466200, 1095439, 1, 0, 0
466300, 1051719, 1, 0, 0
466400, 1055933, 1, 0, 0
466500, 1029304, 1, 0, 0
466601, 996840, 1, 0, 0
466700, 1012874, 1, 0, 0
466800, 1053934, 1, 0, 0
466900, 962905, 1, 0, 0
467000, 985705, 1, 0, 0
467100, 1007754, 1, 0, 0
467200, 1059787, 1, 0, 0
467300, 1025564, 1, 0, 0
467401, 1004966, 1, 0, 0
467500, 1024389, 1, 0, 0
467600, 1019010, 1, 0, 0
467702, 1064851, 1, 0, 0
467800, 1070147, 1, 0, 0
467900, 991272, 1, 0, 0
468000, 991591, 1, 0, 0
468100, 1016597, 1, 0, 0
468200, 1110479, 1, 0, 0
468300, 1059598, 1, 0, 0
468400, 1084786, 1, 0, 0
468500, 1009421, 1, 0, 0
468600, 1006186, 1, 0, 0
468700, 1060852, 1, 0, 0
468800, 1021430, 1, 0, 0
468900, 1040940, 1, 0, 0
469000, 1011899, 1, 0, 0
469100, 1015832, 1, 0, 0
469200, 1032008, 1, 0, 0
469301, 1016261, 1, 0, 0
469400, 998940, 1, 0, 0
469500, 992177, 1, 0, 0
469600, 968152, 1, 0, 0
469700, 992950, 1, 0, 0
469800, 1061022, 1, 0, 0
469900, 1025046, 1, 0, 0
470000, 1032849, 1, 0, 0
470100, 1016247, 1, 0, 0
470200, 977074, 1, 0, 0
470300, 1022057, 1, 0, 0
470400, 970812, 1, 0, 0
470500, 997422, 1, 0, 0
470600, 988470, 1, 0, 0
470700, 1002730, 1, 0, 0
470800, 1062232, 1, 0, 0
470900, 1049738, 1, 0, 0
471000, 1050596, 1, 0, 0
471100, 1037231, 1, 0, 0
471200, 1053942, 1, 0, 0
471300, 995063, 1, 0, 0
471400, 1044767, 1, 0, 0
471500, 1020228, 1, 0, 0
471600, 995992, 1, 0, 0
471700, 987184, 1, 0, 0
471800, 1045840, 1, 0, 0
471900, 1036214, 1, 0, 0
472000, 1021351, 1, 0, 0
472100, 984059, 1, 0, 0
472200, 1026009, 1, 0, 0
472300, 1049202, 1, 0, 0
472400, 1021152, 1, 0, 0
472500, 1014803, 1, 0, 0
472600, 1047709, 1, 0, 0
472700, 990468, 1, 0, 0
472801, 1017127, 1, 0, 0
472900, 1045122, 1, 0, 0
473000, 1049365, 1, 0, 0
473100, 1047665, 1, 0, 0
473200, 1029765, 1, 0, 0
473300, 1018977, 1, 0, 0
473400, 1075696, 1, 0, 0
473500, 1018978, 1, 0, 0
473600, 1014452, 1, 0, 0
473700, 1032572, 1, 0, 0
473800, 1083746, 1, 0, 0
473900, 1029457, 1, 0, 0
474000, 1036305, 1, 0, 0
474100, 1067700, 1, 0, 0
474200, 1044583, 1, 0, 0
474300, 1024634, 1, 0, 0
474400, 1061324, 1, 0, 0
474500, 1029494, 1, 0, 0
474600, 1065414, 1, 0, 0
474700, 1014709, 1, 0, 0
474800, 1059553, 1, 0, 0
474900, 1065061, 1, 0, 0
475000, 1096496, 1, 0, 0
475100, 1070039, 1, 0, 0
475200, 1048750, 1, 0, 0
475300, 1030562, 1, 0, 0
475400, 1014110, 1, 0, 0
475500, 1051330, 1, 0, 0
475601, 1017700, 1, 0, 0
475700, 1070866, 1, 0, 0
475800, 1059561, 1, 0, 0
475901, 1077155, 1, 0, 0
476000, 1095709, 1, 0, 0
476100, 1081079, 1, 0, 0
476200, 1003755, 1, 0, 0
476300, 1055728, 1, 0, 0
476400, 1007178, 1, 0, 0
476500, 1034473, 1, 0, 0
476600, 1067650, 1, 0, 0
476700, 1117988, 1, 0, 0
476800, 1080996, 1, 0, 0
476900, 1005499, 1, 0, 0
477000, 1146871, 1, 0, 0
477100, 1029347, 1, 0, 0
477200, 1006150, 1, 0, 0
477300, 1035610, 1, 0, 0
477400, 1026040, 1, 0, 0
477500, 1054858, 1, 0, 0
477600, 1063341, 1, 0, 0
477700, 1098821, 1, 0, 0
477800, 1023080, 1, 0, 0
477900, 1009883, 1, 0, 0
478000, 1074071, 1, 0, 0
478100, 1036428, 1, 0, 0
478200, 1064451, 1, 0, 0
478301, 1079647, 1, 0, 0
478400, 1058052, 1, 0, 0
478500, 1018504, 1, 0, 0
478600, 1073333, 1, 0, 0
478700, 1060498, 1, 0, 0
478800, 1051679, 1, 0, 0
478902, 1089302, 1, 0, 0
479000, 1066019, 1, 0, 0
479100, 1061094, 1, 0, 0
479200, 1026445, 1, 0, 0
479300, 1053777, 1, 0, 0
479400, 1053063, 1, 0, 0
479500, 1079659, 1, 0, 0
479600, 1029703, 1, 0, 0
479700, 991951, 1, 0, 0
479800, 1036104, 1, 0, 0
479900, 1042237, 1, 0, 0
480000, 1057090, 1, 0, 0
480100, 1040166, 1, 0, 0
480200, 1099814, 1, 0, 0
480300, 1036608, 1, 0, 0
480400, 1065186, 1, 0, 0
480500, 1036288, 1, 0, 0
480600, 1034604, 1, 0, 0
480700, 1034042, 1, 0, 0
480800, 1038898, 1, 0, 0
480900, 1072449, 1, 0, 0
481000, 1062930, 1, 0, 0
481100, 1065333, 1, 0, 0
481200, 1069606, 1, 0, 0
481300, 1076078, 1, 0, 0
481400, 1082698, 1, 0, 0
481500, 1048884, 1, 0, 0
481600, 1077062, 1, 0, 0
481700, 1048561, 1, 0, 0
481800, 1059966, 1, 0, 0
481900, 992231, 1, 0, 0
482000, 1013742, 1, 0, 0
482100, 1072922, 1, 0, 0
482200, 1013978, 1, 0, 0
482300, 1077390, 1, 0, 0
482400, 1054300, 1, 0, 0
482500, 1000689, 1, 0, 0
482600, 1071608, 1, 0, 0
482700, 1031122, 1, 0, 0
482801, 1054038, 1, 0, 0
482900, 1027144, 1, 0, 0
483000, 1059628, 1, 0, 0
483100, 1040612, 1, 0, 0
483200, 1020119, 1, 0, 0
483300, 1131671, 1, 0, 0
483400, 1005546, 1, 0, 0
483500, 1061516, 1, 0, 0
483600, 1071130, 1, 0, 0
483700, 1031636, 1, 0, 0
483801, 1066963, 1, 0, 0
483900, 1033730, 1, 0, 0
484000, 1011661, 1, 0, 0
484100, 1054002, 1, 0, 0
484200, 1043612, 1, 0, 0
484300, 1047068, 1, 0, 0
484400, 1041533, 1, 0, 0
484500, 1031130, 1, 0, 0
484600, 1038839, 1, 0, 0
484700, 1064349, 1, 0, 0
484800, 1034488, 1, 0, 0
484900, 996816, 1, 0, 0
485000, 1027104, 1, 0, 0
485100, 1037848, 1, 0, 0
485200, 1055712, 1, 0, 0
485300, 1027141, 1, 0, 0
485400, 1029944, 1, 0, 0
485500, 1029557, 1, 0, 0
485600, 1099214, 1, 0, 0
485701, 1056828, 1, 0, 0
485800, 1036469, 1, 0, 0
485900, 1033680, 1, 0, 0
486000, 1036599, 1, 0, 0
486100, 995818, 1, 0, 0
486200, 1100700, 1, 0, 0
486300, 1048758, 1, 0, 0
486400, 1036344, 1, 0, 0
486500, 1015922, 1, 0, 0
486600, 1016136, 1, 0, 0
486700, 1021144, 1, 0, 0
486800, 1029048, 1, 0, 0
486900, 1014710, 1, 0, 0
487000, 1046784, 1, 0, 0
487100, 1024750, 1, 0, 0
487200, 1045583, 1, 0, 0
487301, 1085369, 1, 0, 0
487400, 1060402, 1, 0, 0
487500, 1032399, 1, 0, 0
487600, 999653, 1, 0, 0
487700, 1037829, 1, 0, 0
487800, 1019960, 1, 0, 0
487900, 1024201, 1, 0, 0
488000, 1046476, 1, 0, 0
488100, 1047116, 1, 0, 0
488200, 1054151, 1, 0, 0
488300, 1018951, 1, 0, 0
488400, 1049592, 1, 0, 0
488500, 1038140, 1, 0, 0
488600, 1062466, 1, 0, 0
488700, 1013572, 1, 0, 0
488800, 1053245, 1, 0, 0
488900, 1020932, 1, 0, 0
489000, 1051735, 1, 0, 0
489100, 1020749, 1, 0, 0
489200, 1094496, 1, 0, 0
489300, 1045950, 1, 0, 0
489400, 1044907, 1, 0, 0
489500, 1025766, 1, 0, 0
489600, 1055464, 1, 0, 0
489700, 1021870, 1, 0, 0
489801, 1027804, 1, 0, 0
489900, 1080536, 1, 0, 0
490000, 1038831, 1, 0, 0
490100, 1024004, 1, 0, 0
490200, 1051204, 1, 0, 0
490300, 1014231, 1, 0, 0
490400, 1030738, 1, 0, 0
490500, 1041382, 1, 0, 0
490600, 1021005, 1, 0, 0
490700, 1074268, 1, 0, 0
490800, 1076520, 1, 0, 0
490900, 1091505, 1, 0, 0
491000, 1131770, 1, 0, 0
491101, 1062221, 1, 0, 0
491200, 1056485, 1, 0, 0
491300, 1029544, 1, 0, 0
491400, 1077393, 1, 0, 0
491500, 1078411, 1, 0, 0
491600, 984908, 1, 0, 0
491700, 1051784, 1, 0, 0
491800, 1023895, 1, 0, 0
491900, 1111638, 1, 0, 0
492000, 1057389, 1, 0, 0
492100, 1075719, 1, 0, 0
492200, 1011092, 1, 0, 0
492300, 1017288, 1, 0, 0
492400, 1007982, 1, 0, 0
492500, 1040713, 1, 0, 0
492600, 1064566, 1, 0, 0
492700, 1010429, 1, 0, 0
492800, 1051542, 1, 0, 0
492900, 1027488, 1, 0, 0
493000, 1029804, 1, 0, 0
493100, 1042848, 1, 0, 0
493200, 1078287, 1, 0, 0
493300, 1081975, 1, 0, 0
493400, 1057635, 1, 0, 0
493500, 1096165, 1, 0, 0
493600, 1068408, 1, 0, 0
493700, 1070912, 1, 0, 0
493800, 1055135, 1, 0, 0
493901, 991975, 1, 0, 0
494000, 1071687, 1, 0, 0
494100, 1108750, 1, 0, 0
494200, 1003857, 1, 0, 0
494300, 1027399, 1, 0, 0
494400, 1039466, 1, 0, 0
494500, 992395, 1, 0, 0
494600, 1058394, 1, 0, 0
494700, 1018934, 1, 0, 0
494800, 1008841, 1, 0, 0
494900, 1056565, 1, 0, 0
495000, 1045819, 1, 0, 0
495100, 1040171, 1, 0, 0
495200, 1054384, 1, 0, 0
495300, 988784, 1, 0, 0
495400, 1011336, 1, 0, 0
495500, 1053079, 1, 0, 0
495600, 1080786, 1, 0, 0
495700, 1091552, 1, 0, 0
495800, 1046577, 1, 0, 0
495900, 1042547, 1, 0, 0
496000, 1049635, 1, 0, 0
496100, 1120316, 1, 0, 0
496200, 1121066, 1, 0, 0
496300, 1041078, 1, 0, 0
496400, 1054127, 1, 0, 0
496500, 1088599, 1, 0, 0
496601, 996066, 1, 0, 0
496700, 1044082, 1, 0, 0
496800, 1005377, 1, 0, 0
496900, 985753, 1, 0, 0
497000, 1030854, 1, 0, 0
497100, 1053578, 1, 0, 0
497201, 1045985, 1, 0, 0
497300, 1107947, 1, 0, 0
497400, 1059780, 1, 0, 0
497500, 1055114, 1, 0, 0
497600, 1068084, 1, 0, 0
497700, 1016139, 1, 0, 0
497800, 1055097, 1, 0, 0
497900, 1011259, 1, 0, 0
498000, 1011283, 1, 0, 0
498100, 1049703, 1, 0, 0
498200, 1101697, 1, 0, 0
498300, 1020008, 1, 0, 0
498400, 1061815, 1, 0, 0
498500, 1019044, 1, 0, 0
498600, 1083994, 1, 0, 0
498700, 1011077, 1, 0, 0
498800, 1001685, 1, 0, 0
498900, 1001869, 1, 0, 0
499000, 1054032, 1, 0, 0
499100, 1043947, 1, 0, 0
499200, 1010416, 1, 0, 0
499300, 1004250, 1, 0, 0
499400, 1013947, 1, 0, 0
499500, 1042702, 1, 0, 0
499600, 1007178, 1, 0, 0
499700, 1036764, 1, 0, 0
499800, 1066128, 1, 0, 0
499900, 1044183, 1, 0, 0
500000, 1031713, 1, 0, 0
500100, 1014285, 1, 0, 0
500200, 989588, 1, 0, 0
500300, 1020201, 1, 0, 0
500400, 1073082, 1, 0, 0
500500, 1016291, 1, 0, 0
500600, 1057439, 1, 0, 0
500700, 1015231, 1, 0, 0
500800, 1033179, 1, 0, 0
500900, 1079271, 1, 0, 0
501001, 998910, 1, 0, 0
501100, 1006319, 1, 0, 0
501200, 992052, 1, 0, 0
501300, 1001422, 1, 0, 0
501400, 1001020, 1, 0, 0
501501, 1054934, 1, 0, 0
501600, 1040591, 1, 0, 0
501700, 1058572, 1, 0, 0
501800, 1082052, 1, 0, 0
501900, 1045793, 1, 0, 0
502000, 1031816, 1, 0, 0
502100, 1078363, 1, 0, 0
502200, 1056933, 1, 0, 0
502300, 1027210, 1, 0, 0
502400, 1036978, 1, 0, 0
502500, 1016949, 1, 0, 0
502600, 1009701, 1, 0, 0
502700, 1008268, 1, 0, 0
502800, 1060592, 1, 0, 0
502900, 1019600, 1, 0, 0
503000, 1015723, 1, 0, 0
503100, 1005443, 1, 0, 0
503200, 997853, 1, 0, 0
503300, 1003748, 1, 0, 0
503400, 1041611, 1, 0, 0
503500, 989969, 1, 0, 0
503600, 1066795, 1, 0, 0
503700, 1004046, 1, 0, 0
503800, 1052811, 1, 0, 0
503900, 1046641, 1, 0, 0
504000, 1040074, 1, 0, 0
504100, 1070164, 1, 0, 0
504200, 1048044, 1, 0, 0
504301, 1068253, 1, 0, 0
504400, 1012772, 1, 0, 0
504500, 994094, 1, 0, 0
504600, 1077759, 1, 0, 0
504701, 1042336, 1, 0, 0
504800, 1050469, 1, 0, 0
504900, 1056195, 1, 0, 0
505000, 1059037, 1, 0, 0
505100, 1005239, 1, 0, 0
505200, 1021688, 1, 0, 0
505300, 1058331, 1, 0, 0
505400, 1055090, 1, 0, 0
505500, 1064179, 1, 0, 0
505600, 1052972, 1, 0, 0
505700, 1003952, 1, 0, 0
505800, 1023575, 1, 0, 0
505901, 1049535, 1, 0, 0
506000, 1053701, 1, 0, 0
506100, 1067098, 1, 0, 0
506200, 1027207, 1, 0, 0
506300, 997838, 1, 0, 0
506400, 1080419, 1, 0, 0
506500, 986983, 1, 0, 0
506600, 989169, 1, 0, 0
506700, 1036102, 1, 0, 0
506800, 1030671, 1, 0, 0
506900, 1023563, 1, 0, 0
507000, 1025223, 1, 0, 0
507100, 1064539, 1, 0, 0
507200, 1036187, 1, 0, 0
507301, 1018184, 1, 0, 0
507400, 1041434, 1, 0, 0
507500, 1090645, 1, 0, 0
507600, 1024484, 1, 0, 0
507700, 1073904, 1, 0, 0
507800, 1028498, 1, 0, 0
507900, 1046847, 1, 0, 0
508000, 1027373, 1, 0, 0
508100, 1006346, 1, 0, 0
508200, 1003749, 1, 0, 0
508300, 1071801, 1, 0, 0
508400, 1043770, 1, 0, 0
508500, 1027353, 1, 0, 0
508600, 1032510, 1, 0, 0
508700, 1011302, 1, 0, 0
508800, 1018571, 1, 0, 0
508902, 1027385, 1, 0, 0
509001, 1062646, 1, 0, 0
509100, 1080891, 1, 0, 0
509200, 1008314, 1, 0, 0
509300, 1035046, 1, 0, 0
509400, 1034878, 1, 0, 0
509500, 1077670, 1, 0, 0
509600, 1043072, 1, 0, 0
509701, 1055941, 1, 0, 0
509800, 1019066, 1, 0, 0
509900, 1032012, 1, 0, 0
510000, 988289, 1, 0, 0
510100, 965902, 1, 0, 0
510200, 1035816, 1, 0, 0
510300, 989866, 1, 0, 0
510400, 980138, 1, 0, 0
510500, 964980, 1, 0, 0
510600, 1009228, 1, 0, 0
510700, 1019808, 1, 0, 0
510800, 1051464, 1, 0, 0
510900, 1027678, 1, 0, 0
511000, 1022403, 1, 0, 0
511100, 1068922, 1, 0, 0
511200, 1024954, 1, 0, 0
511300, 1083665, 1, 0, 0
511400, 999625, 1, 0, 0
511500, 1094414, 1, 0, 0
511600, 1021802, 1, 0, 0
511700, 1045477, 1, 0, 0
511800, 1034074, 1, 0, 0
511900, 1003678, 1, 0, 0
512000, 1008929, 1, 0, 0
512100, 1000143, 1, 0, 0
512200, 1018152, 1, 0, 0
512300, 1026887, 1, 0, 0
512400, 1030807, 1, 0, 0
512501, 1057699, 1, 0, 0
512600, 1047510, 1, 0, 0
512700, 1054657, 1, 0, 0
512801, 1068536, 1, 0, 0
512900, 1006414, 1, 0, 0
513000, 1012274, 1, 0, 0
513100, 989963, 1, 0, 0
513200, 1075647, 1, 0, 0
513300, 1020904, 1, 0, 0
513400, 1053092, 1, 0, 0
513500, 1027115, 1, 0, 0
513600, 1059103, 1, 0, 0
513700, 1011292, 1, 0, 0
513801, 1083164, 1, 0, 0
513900, 1062133, 1, 0, 0
514000, 990925, 1, 0, 0
514100, 1085656, 1, 0, 0
514200, 983713, 1, 0, 0
514300, 1040922, 1, 0, 0
514400, 1034872, 1, 0, 0
514500, 960795, 1, 0, 0
514600, 1065605, 1, 0, 0
514700, 1034410, 1, 0, 0
514800, 1019323, 1, 0, 0
514900, 1055743, 1, 0, 0
515000, 1034852, 1, 0, 0
515100, 1104274, 1, 0, 0
515200, 1066005, 1, 0, 0
515300, 1041781, 1, 0, 0
515400, 1016138, 1, 0, 0
515500, 1007478, 1, 0, 0
515600, 1058077, 1, 0, 0
515700, 1008504, 1, 0, 0
515800, 1016656, 1, 0, 0
515900, 1035710, 1, 0, 0
516000, 1061530, 1, 0, 0
516100, 1045309, 1, 0, 0
516200, 1062441, 1, 0, 0
516300, 1057870, 1, 0, 0
516400, 1026381, 1, 0, 0
516500, 1049373, 1, 0, 0
516600, 1008772, 1, 0, 0
516700, 1016071, 1, 0, 0
516800, 1026308, 1, 0, 0
516900, 988879, 1, 0, 0
517000, 1014047, 1, 0, 0
517100, 1052640, 1, 0, 0
517200, 1029234, 1, 0, 0
517300, 1009920, 1, 0, 0
517400, 995124, 1, 0, 0
517500, 1027513, 1, 0, 0
517600, 988713, 1, 0, 0
517700, 1036705, 1, 0, 0
517800, 1030692, 1, 0, 0
517900, 1028480, 1, 0, 0
518000, 1045759, 1, 0, 0
518100, 1052514, 1, 0, 0
518200, 1018354, 1, 0, 0
518300, 1036031, 1, 0, 0
518400, 1021366, 1, 0, 0
518500, 1029031, 1, 0, 0
518600, 1062963, 1, 0, 0
518700, 1052427, 1, 0, 0
518800, 1036840, 1, 0, 0
518900, 1045964, 1, 0, 0
519000, 972892, 1, 0, 0
519100, 1005005, 1, 0, 0
519200, 1137030, 1, 0, 0
519300, 1004922, 1, 0, 0
519400, 1064025, 1, 0, 0
519500, 1016349, 1, 0, 0
519600, 1070423, 1, 0, 0
519700, 1052914, 1, 0, 0
519800, 999405, 1, 0, 0
519901, 1004984, 1, 0, 0
520000, 1072524, 1, 0, 0
520100, 1049369, 1, 0, 0
520200, 1035264, 1, 0, 0
520300, 1028359, 1, 0, 0
520400, 999817, 1, 0, 0
520501, 1072028, 1, 0, 0
520600, 1077240, 1, 0, 0
520700, 1084644, 1, 0, 0
520800, 1087522, 1, 0, 0
520900, 1046490, 1, 0, 0
521000, 1022989, 1, 0, 0
521100, 1073036, 1, 0, 0
521200, 1061848, 1, 0, 0
521300, 1063201, 1, 0, 0
521400, 1002597, 1, 0, 0
521500, 1037679, 1, 0, 0
521600, 1024241, 1, 0, 0
521700, 1014988, 1, 0, 0
521800, 1066805, 1, 0, 0
521901, 1033570, 1, 0, 0
522000, 1002664, 1, 0, 0
522100, 1081214, 1, 0, 0
522200, 1018753, 1, 0, 0
522301, 1029281, 1, 0, 0
522400, 1064318, 1, 0, 0
522500, 1033845, 1, 0, 0
522600, 1046430, 1, 0, 0
522700, 1091667, 1, 0, 0
522800, 1046537, 1, 0, 0
522900, 1004348, 1, 0, 0
523000, 1054090, 1, 0, 0
523101, 1060937, 1, 0, 0
523200, 1026295, 1, 0, 0
523301, 1074894, 1, 0, 0
523400, 1049845, 1, 0, 0
523501, 1058317, 1, 0, 0
523600, 1037371, 1, 0, 0
523700, 1020485, 1, 0, 0
523800, 1029890, 1, 0, 0
523900, 983712, 1, 0, 0
524001, 1012644, 1, 0, 0
524100, 999739, 1, 0, 0
524201, 1070437, 1, 0, 0
524300, 995901, 1, 0, 0
524400, 1082957, 1, 0, 0
524500, 998684, 1, 0, 0
524600, 1023751, 1, 0, 0
524701, 1026752, 1, 0, 0
524800, 1089225, 1, 0, 0
524900, 1056500, 1, 0, 0
525001, 1079303, 1, 0, 0
525102, 1039415, 1, 0, 0
525200, 1015093, 1, 0, 0
525300, 1004025, 1, 0, 0
525400, 990630, 1, 0, 0
525500, 1012263, 1, 0, 0
525600, 1055261, 1, 0, 0
525700, 1076678, 1, 0, 0
525800, 985235, 1, 0, 0
525900, 1047511, 1, 0, 0
526000, 988790, 1, 0, 0
526100, 1041027, 1, 0, 0
526200, 1016127, 1, 0, 0
526300, 1043143, 1, 0, 0
526400, 1076046, 1, 0, 0
526500, 1056838, 1, 0, 0
526600, 1053736, 1, 0, 0
526700, 1042582, 1, 0, 0
526800, 1007376, 1, 0, 0
526900, 1031300, 1, 0, 0
527000, 1043145, 1, 0, 0
527100, 1012382, 1, 0, 0
527200, 1028917, 1, 0, 0
527300, 1046019, 1, 0, 0
527400, 1037814, 1, 0, 0
527500, 1051598, 1, 0, 0
527601, 1012351, 1, 0, 0
527701, 1041788, 1, 0, 0
527800, 1061578, 1, 0, 0
527900, 1091291, 1, 0, 0
528000, 1059486, 1, 0, 0
528100, 1068239, 1, 0, 0
528200, 984410, 1, 0, 0
528300, 1004979, 1, 0, 0
528400, 1037521, 1, 0, 0
528500, 988953, 1, 0, 0
528600, 1072343, 1, 0, 0
528700, 1027766, 1, 0, 0
528800, 1050480, 1, 0, 0
528900, 1031043, 1, 0, 0
529000, 1061899, 1, 0, 0
529101, 1026284, 1, 0, 0
529200, 1017959, 1, 0, 0
529300, 1080141, 1, 0, 0
529400, 991424, 1, 0, 0
529500, 1047206, 1, 0, 0
529600, 1038997, 1, 0, 0
529700, 1023820, 1, 0, 0
529800, 1061161, 1, 0, 0
529900, 1049194, 1, 0, 0
530000, 1019561, 1, 0, 0
530100, 1067244, 1, 0, 0
530200, 1040039, 1, 0, 0
530300, 1030475, 1, 0, 0
530400, 1065433, 1, 0, 0
530500, 1031203, 1, 0, 0
530600, 1010582, 1, 0, 0
530700, 1045000, 1, 0, 0
530800, 1041380, 1, 0, 0
530900, 1018142, 1, 0, 0
531000, 1017202, 1, 0, 0
531100, 1001221, 1, 0, 0
531200, 1036081, 1, 0, 0
531300, 1057282, 1, 0, 0
531400, 1050094, 1, 0, 0
531500, 1038688, 1, 0, 0
531600, 1007095, 1, 0, 0
531700, 1037554, 1, 0, 0
531800, 1010965, 1, 0, 0
531900, 1047619, 1, 0, 0
532000, 993225, 1, 0, 0
532100, 1035114, 1, 0, 0
532200, 994751, 1, 0, 0
532300, 1016547, 1, 0, 0
532400, 1046004, 1, 0, 0
532500, 1051074, 1, 0, 0
532601, 1091209, 1, 0, 0
532700, 1072210, 1, 0, 0
532800, 1076104, 1, 0, 0
532900, 1037792, 1, 0, 0
533000, 1038637, 1, 0, 0
533100, 1045710, 1, 0, 0
533200, 1049614, 1, 0, 0
533301, 1068080, 1, 0, 0
533400, 1048930, 1, 0, 0
533500, 1102442, 1, 0, 0
533600, 1045153, 1, 0, 0
533700, 1115195, 1, 0, 0
533800, 1151438, 1, 0, 0
533901, 1077402, 1, 0, 0
534001, 1100225, 1, 0, 0
534100, 1072048, 1, 0, 0
534200, 1020564, 1, 0, 0
534300, 1032110, 1, 0, 0
534400, 1045279, 1, 0, 0
534500, 1029507, 1, 0, 0
534601, 1025939, 1, 0, 0
534700, 1076833, 1, 0, 0
534800, 1065486, 1, 0, 0
534900, 1026307, 1, 0, 0
535000, 1023381, 1, 0, 0
535100, 1048306, 1, 0, 0
535200, 1046085, 1, 0, 0
535300, 1037817, 1, 0, 0
535400, 1078534, 1, 0, 0
535500, 1055048, 1, 0, 0
535600, 1088448, 1, 0, 0
535700, 1055489, 1, 0, 0
535800, 1074140, 1, 0, 0
535900, 1083439, 1, 0, 0
536000, 1066982, 1, 0, 0
536100, 997165, 1, 0, 0
536200, 1020123, 1, 0, 0
536300, 1056706, 1, 0, 0
536400, 1101475, 1, 0, 0
536500, 1013406, 1, 0, 0
536600, 1042963, 1, 0, 0
536700, 1033411, 1, 0, 0
536800, 986765, 1, 0, 0
536900, 1036732, 1, 0, 0
537000, 1049838, 1, 0, 0
537100, 1037116, 1, 0, 0
537200, 1026583, 1, 0, 0
537300, 1081207, 1, 0, 0
537400, 1088754, 1, 0, 0
537500, 1058172, 1, 0, 0
537600, 1057589, 1, 0, 0
537700, 1098634, 1, 0, 0
537800, 1030336, 1, 0, 0
537900, 1044339, 1, 0, 0
538000, 1015570, 1, 0, 0
538100, 1059287, 1, 0, 0
538200, 1056040, 1, 0, 0
538300, 1031055, 1, 0, 0
538400, 1031385, 1, 0, 0
538500, 1079831, 1, 0, 0
538600, 1019315, 1, 0, 0
538700, 1008323, 1, 0, 0
538800, 1026417, 1, 0, 0
538900, 987001, 1, 0, 0
539001, 1098634, 1, 0, 0
539100, 1066906, 1, 0, 0
539200, 993184, 1, 0, 0
539300, 1020022, 1, 0, 0
539400, 1048677, 1, 0, 0
539501, 1023847, 1, 0, 0
539600, 1050637, 1, 0, 0
539700, 1065510, 1, 0, 0
539800, 1063772, 1, 0, 0
539900, 1024399, 1, 0, 0
540000, 1054185, 1, 0, 0
540100, 1035455, 1, 0, 0
540200, 1007232, 1, 0, 0
540300, 1056260, 1, 0, 0
540400, 1082544, 1, 0, 0
540500, 1028465, 1, 0, 0
540600, 1049816, 1, 0, 0
540701, 1057848, 1, 0, 0
540800, 1090502, 1, 0, 0
540901, 1080902, 1, 0, 0
541000, 1053352, 1, 0, 0
541100, 1076190, 1, 0, 0
541200, 1035571, 1, 0, 0
541300, 1017235, 1, 0, 0
541400, 1017748, 1, 0, 0
541500, 1036588, 1, 0, 0
541600, 1048514, 1, 0, 0
541700, 1067916, 1, 0, 0
541800, 1095369, 1, 0, 0
541900, 1048460, 1, 0, 0
542000, 1031028, 1, 0, 0
542100, 998742, 1, 0, 0
542200, 980650, 1, 0, 0
542300, 1033381, 1, 0, 0
542401, 1077046, 1, 0, 0
542500, 1036856, 1, 0, 0
542600, 1076053, 1, 0, 0
542700, 1032858, 1, 0, 0
542800, 1064549, 1, 0, 0
542901, 1031031, 1, 0, 0
543000, 1101364, 1, 0, 0
543100, 969429, 1, 0, 0
543200, 1028059, 1, 0, 0
543300, 1037060, 1, 0, 0
543400, 1012992, 1, 0, 0
543500, 1017927, 1, 0, 0
543600, 1059380, 1, 0, 0
543700, 1027706, 1, 0, 0
543800, 1002563, 1, 0, 0
543900, 1027490, 1, 0, 0
544000, 1074284, 1, 0, 0
544100, 1030066, 1, 0, 0
544200, 1031473, 1, 0, 0
544300, 1001555, 1, 0, 0
544400, 1045425, 1, 0, 0
544500, 1016164, 1, 0, 0
544600, 988535, 1, 0, 0
544700, 1009935, 1, 0, 0
544800, 1049365, 1, 0, 0
544900, 1071342, 1, 0, 0
545000, 1016818, 1, 0, 0
545100, 1085464, 1, 0, 0
545200, 1002155, 1, 0, 0
545300, 1014267, 1, 0, 0
545400, 971572, 1, 0, 0
545500, 1001300, 1, 0, 0
545600, 986154, 1, 0, 0
545700, 1071645, 1, 0, 0
545800, 1009949, 1, 0, 0
545900, 1036367, 1, 0, 0
546000, 1026589, 1, 0, 0
546100, 1060931, 1, 0, 0
546200, 1020447, 1, 0, 0
546300, 1020726, 1, 0, 0
546400, 1052923, 1, 0, 0
546501, 1013232, 1, 0, 0
546601, 1041853, 1, 0, 0
546700, 1104538, 1, 0, 0
546800, 1049282, 1, 0, 0
546900, 1074139, 1, 0, 0
547000, 1029281, 1, 0, 0
547100, 1028791, 1, 0, 0
547200, 1014241, 1, 0, 0
547300, 987504, 1, 0, 0
547400, 1047168, 1, 0, 0
547502, 1028299, 1, 0, 0
547600, 993503, 1, 0, 0
547700, 1038639, 1, 0, 0
547800, 1092324, 1, 0, 0
547900, 1029139, 1, 0, 0
548000, 1024910, 1, 0, 0
548101, 1058307, 1, 0, 0
548200, 1052986, 1, 0, 0
548300, 965215, 1, 0, 0
548400, 1064083, 1, 0, 0
548500, 1036271, 1, 0, 0
548600, 1066694, 1, 0, 0
548700, 1009697, 1, 0, 0
548800, 1018186, 1, 0, 0
548900, 993030, 1, 0, 0
549001, 1045339, 1, 0, 0
549100, 1044241, 1, 0, 0
549201, 1034036, 1, 0, 0
549300, 1057455, 1, 0, 0
549400, 1072782, 1, 0, 0
549500, 1048675, 1, 0, 0
549600, 1008400, 1, 0, 0
549700, 1058200, 1, 0, 0
549800, 1050895, 1, 0, 0
549900, 1020854, 1, 0, 0
550000, 1025551, 1, 0, 0
550100, 1164120, 1, 0, 0
550200, 1050939, 1, 0, 0
550300, 1028421, 1, 0, 0
550400, 1028258, 1, 0, 0
550500, 1023125, 1, 0, 0
550600, 1021972, 1, 0, 0
550700, 1076412, 1, 0, 0
550800, 1048820, 1, 0, 0
550900, 1080343, 1, 0, 0
551000, 1105926, 1, 0, 0
551101, 1057830, 1, 0, 0
551200, 1041193, 1, 0, 0
551300, 1070450, 1, 0, 0
551400, 1040453, 1, 0, 0
551500, 1086818, 1, 0, 0
551600, 1067328, 1, 0, 0
551700, 1077021, 1, 0, 0
551800, 1024852, 1, 0, 0
551900, 1047433, 1, 0, 0
552000, 1016028, 1, 0, 0
552100, 1033791, 1, 0, 0
552200, 1015474, 1, 0, 0
552300, 1043306, 1, 0, 0
552400, 992738, 1, 0, 0
552500, 1047573, 1, 0, 0
552600, 985804, 1, 0, 0
552700, 1077964, 1, 0, 0
552800, 1044273, 1, 0, 0
552900, 1064352, 1, 0, 0
553001, 1041601, 1, 0, 0
553100, 1022554, 1, 0, 0
553200, 997418, 1, 0, 0
553300, 1073516, 1, 0, 0
553400, 1027920, 1, 0, 0
553500, 1048621, 1, 0, 0
553601, 1028596, 1, 0, 0
553700, 1034370, 1, 0, 0
553800, 1029738, 1, 0, 0
553900, 1068029, 1, 0, 0
554000, 1048887, 1, 0, 0
554100, 1037061, 1, 0, 0
554200, 1032255, 1, 0, 0
554300, 1047891, 1, 0, 0
554400, 1053508, 1, 0, 0
554500, 1038249, 1, 0, 0
554600, 1008918, 1, 0, 0
554700, 1048676, 1, 0, 0
554800, 1025900, 1, 0, 0
554900, 1073254, 1, 0, 0
555000, 1048631, 1, 0, 0
555101, 1015091, 1, 0, 0
555200, 1022163, 1, 0, 0
555300, 1046874, 1, 0, 0
555401, 1037749, 1, 0, 0
555500, 1029322, 1, 0, 0
555600, 1075202, 1, 0, 0
555700, 1010585, 1, 0, 0
555800, 1010613, 1, 0, 0
555901, 1099613, 1, 0, 0
556000, 1063976, 1, 0, 0
556100, 1023259, 1, 0, 0
556200, 1018452, 1, 0, 0
556300, 1025443, 1, 0, 0
556400, 1017361, 1, 0, 0
556501, 1013872, 1, 0, 0
556600, 1050215, 1, 0, 0
556700, 1004740, 1, 0, 0
556800, 983556, 1, 0, 0
556901, 999224, 1, 0, 0
557000, 1008700, 1, 0, 0
557100, 1012368, 1, 0, 0
557200, 996014, 1, 0, 0
557300, 1063946, 1, 0, 0
557400, 1091191, 1, 0, 0
557500, 1024500, 1, 0, 0
557600, 1036732, 1, 0, 0
557701, 1026352, 1, 0, 0
557800, 1023081, 1, 0, 0
557900, 1030037, 1, 0, 0
558001, 1044175, 1, 0, 0
558100, 990448, 1, 0, 0
558200, 1014420, 1, 0, 0
558300, 999472, 1, 0, 0
558400, 1035187, 1, 0, 0
558501, 1030221, 1, 0, 0
558600, 1012622, 1, 0, 0
558700, 1060898, 1, 0, 0
558800, 1068725, 1, 0, 0
558900, 1019401, 1, 0, 0
559000, 1046039, 1, 0, 0
559100, 1051057, 1, 0, 0
559200, 1033007, 1, 0, 0
559300, 1024971, 1, 0, 0
559400, 1035527, 1, 0, 0
559500, 995502, 1, 0, 0
559600, 1052748, 1, 0, 0
559700, 999116, 1, 0, 0
559800, 1032869, 1, 0, 0
559900, 1062277, 1, 0, 0
560000, 1003652, 1, 0, 0
560100, 1015874, 1, 0, 0
560200, 1052723, 1, 0, 0
560301, 1027457, 1, 0, 0
560400, 1060519, 1, 0, 0
560500, 1050746, 1, 0, 0
560600, 1051973, 1, 0, 0
560700, 1025089, 1, 0, 0
560800, 1046877, 1, 0, 0
560902, 1005496, 1, 0, 0
561000, 1057665, 1, 0, 0
561101, 1049006, 1, 0, 0
561200, 1054011, 1, 0, 0
561300, 1043497, 1, 0, 0
561400, 1052511, 1, 0, 0
561500, 1056872, 1, 0, 0
561601, 1028168, 1, 0, 0
561700, 1062141, 1, 0, 0
561800, 1027727, 1, 0, 0
561900, 1071236, 1, 0, 0
562000, 1023871, 1, 0, 0
562100, 1045488, 1, 0, 0
562200, 1007762, 1, 0, 0
562300, 1091166, 1, 0, 0
562400, 1063529, 1, 0, 0
562500, 1061854, 1, 0, 0
562600, 1014527, 1, 0, 0
562700, 1058785, 1, 0, 0
562800, 1050863, 1, 0, 0
562900, 1086833, 1, 0, 0
563000, 1021004, 1, 0, 0
563100, 1051521, 1, 0, 0
563200, 1049582, 1, 0, 0
563300, 1029714, 1, 0, 0
563400, 1077245, 1, 0, 0
563500, 1019627, 1, 0, 0
563600, 1026926, 1, 0, 0
563700, 1025820, 1, 0, 0
563800, 1006477, 1, 0, 0
563900, 1057353, 1, 0, 0
564000, 1070066, 1, 0, 0
564100, 1064657, 1, 0, 0
564200, 1039301, 1, 0, 0
564300, 1046255, 1, 0, 0
564400, 1053085, 1, 0, 0
564502, 1012758, 1, 0, 0
564600, 1060270, 1, 0, 0
564700, 1043704, 1, 0, 0
564800, 1079901, 1, 0, 0
564900, 1097977, 1, 0, 0
565000, 1024122, 1, 0, 0
565100, 1042757, 1, 0, 0
565200, 1018094, 1, 0, 0
565300, 1008363, 1, 0, 0
565400, 991811, 1, 0, 0
565501, 1058218, 1, 0, 0
565600, 1025171, 1, 0, 0
565700, 968792, 1, 0, 0
565800, 1054252, 1, 0, 0
565900, 1024189, 1, 0, 0
566000, 1061702, 1, 0, 0
566100, 1080726, 1, 0, 0
566200, 1003885, 1, 0, 0
566300, 1033197, 1, 0, 0
566400, 992796, 1, 0, 0
566500, 1053523, 1, 0, 0
566600, 1026993, 1, 0, 0
566700, 1021621, 1, 0, 0
566800, 1026229, 1, 0, 0
566900, 1079701, 1, 0, 0
567000, 1025396, 1, 0, 0
567100, 1022994, 1, 0, 0
567200, 1002510, 1, 0, 0
567300, 998182, 1, 0, 0
567400, 987634, 1, 0, 0
567500, 1074506, 1, 0, 0
567600, 1012367, 1, 0, 0
567700, 996907, 1, 0, 0
567800, 1065864, 1, 0, 0
567900, 1008616, 1, 0, 0
568001, 1078330, 1, 0, 0
568100, 977537, 1, 0, 0
568200, 1002843, 1, 0, 0
568300, 985461, 1, 0, 0
568400, 1022304, 1, 0, 0
568500, 1030024, 1, 0, 0
568600, 1048774, 1, 0, 0
568700, 1035237, 1, 0, 0
568800, 991154, 1, 0, 0
568901, 1035854, 1, 0, 0
569000, 1019097, 1, 0, 0
569100, 1076421, 1, 0, 0
569200, 1016148, 1, 0, 0
569300, 1058520, 1, 0, 0
569401, 1021952, 1, 0, 0
569501, 1025710, 1, 0, 0
569600, 1014813, 1, 0, 0
569700, 1037375, 1, 0, 0
569800, 1111980, 1, 0, 0
569901, 1090025, 1, 0, 0
570000, 1052828, 1, 0, 0
570100, 1083130, 1, 0, 0
570200, 1021398, 1, 0, 0
570300, 1051294, 1, 0, 0
570400, 1023756, 1, 0, 0
570500, 1052190, 1, 0, 0
570600, 1026802, 1, 0, 0
570701, 1027880, 1, 0, 0
570800, 1071138, 1, 0, 0
570900, 1065304, 1, 0, 0
571000, 1030577, 1, 0, 0
571100, 1017545, 1, 0, 0
571200, 1052138, 1, 0, 0
571300, 1048147, 1, 0, 0
571400, 1013155, 1, 0, 0
571500, 1035115, 1, 0, 0
571600, 1044113, 1, 0, 0
571700, 1034229, 1, 0, 0
571800, 1047377, 1, 0, 0
571900, 1077737, 1, 0, 0
572000, 1007708, 1, 0, 0
572100, 995490, 1, 0, 0
572200, 1021781, 1, 0, 0
572300, 1065748, 1, 0, 0
572400, 1038663, 1, 0, 0
572500, 1063275, 1, 0, 0
572600, 1042522, 1, 0, 0
572700, 1002690, 1, 0, 0
572800, 1044215, 1, 0, 0
572900, 1060262, 1, 0, 0
573000, 992911, 1, 0, 0
573100, 1017696, 1, 0, 0
573200, 1011116, 1, 0, 0
573300, 998515, 1, 0, 0
573400, 1002699, 1, 0, 0
573500, 1035724, 1, 0, 0
573600, 1028725, 1, 0, 0
573700, 1055373, 1, 0, 0
573800, 1054000, 1, 0, 0
573900, 1046046, 1, 0, 0
574001, 1073986, 1, 0, 0
574100, 1098641, 1, 0, 0
574200, 1035502, 1, 0, 0
574300, 1028649, 1, 0, 0
574401, 1021924, 1, 0, 0
574500, 1062225, 1, 0, 0
574600, 1008876, 1, 0, 0
574700, 1027861, 1, 0, 0
574800, 1045211, 1, 0, 0
574900, 1046865, 1, 0, 0
575000, 1018500, 1, 0, 0
575100, 988973, 1, 0, 0
575200, 1016148, 1, 0, 0
575300, 1063355, 1, 0, 0
575400, 1000249, 1, 0, 0
575500, 1039122, 1, 0, 0
575600, 1058894, 1, 0, 0
575700, 1026472, 1, 0, 0
575800, 1001534, 1, 0, 0
575900, 995833, 1, 0, 0
576000, 1074627, 1, 0, 0
576101, 1028997, 1, 0, 0
576200, 1037747, 1, 0, 0
576300, 1089748, 1, 0, 0
576400, 1012961, 1, 0, 0
576500, 1018532, 1, 0, 0
576601, 1052274, 1, 0, 0
576700, 1014089, 1, 0, 0
576800, 1070564, 1, 0, 0
576900, 1038122, 1, 0, 0
577000, 1047422, 1, 0, 0
577100, 1040824, 1, 0, 0
577200, 1014128, 1, 0, 0
577301, 1091739, 1, 0, 0
577400, 995611, 1, 0, 0
577500, 1038828, 1, 0, 0
577600, 1033442, 1, 0, 0
577700, 988022, 1, 0, 0
577800, 1035375, 1, 0, 0
577900, 1052503, 1, 0, 0
578000, 1031366, 1, 0, 0
578100, 997105, 1, 0, 0
578200, 1053217, 1, 0, 0
578300, 1025195, 1, 0, 0
578400, 1016175, 1, 0, 0
578500, 1016815, 1, 0, 0
578600, 1048699, 1, 0, 0
578700, 1045732, 1, 0, 0
578800, 1017924, 1, 0, 0
578901, 1026594, 1, 0, 0
579000, 1044251, 1, 0, 0
579100, 1056176, 1, 0, 0
579200, 1078714, 1, 0, 0
579300, 1041953, 1, 0, 0
579400, 1014291, 1, 0, 0
579501, 1026427, 1, 0, 0
579600, 1039921, 1, 0, 0
579700, 1054540, 1, 0, 0
579800, 1026026, 1, 0, 0
579900, 1031146, 1, 0, 0
580000, 1043810, 1, 0, 0
580100, 1007974, 1, 0, 0
580200, 1040188, 1, 0, 0
580300, 1052892, 1, 0, 0
580401, 989417, 1, 0, 0
580500, 1018407, 1, 0, 0
580600, 1069191, 1, 0, 0
580701, 1043568, 1, 0, 0
580800, 1061061, 1, 0, 0
580900, 1069809, 1, 0, 0
581000, 1016622, 1, 0, 0
581101, 1034299, 1, 0, 0
581201, 1008710, 1, 0, 0
581300, 1052976, 1, 0, 0
581400, 1054237, 1, 0, 0
581500, 1058325, 1, 0, 0
581600, 1069543, 1, 0, 0
581700, 1051609, 1, 0, 0
581800, 1032317, 1, 0, 0
581900, 1033123, 1, 0, 0
582000, 1051466, 1, 0, 0
582100, 997903, 1, 0, 0
582200, 1042000, 1, 0, 0
582300, 1030587, 1, 0, 0
582400, 1028900, 1, 0, 0
582500, 1000388, 1, 0, 0
582600, 1037644, 1, 0, 0
582700, 1031935, 1, 0, 0
582800, 1007857, 1, 0, 0
582900, 1077963, 1, 0, 0
583000, 1011982, 1, 0, 0
583100, 1059517, 1, 0, 0
583200, 1045409, 1, 0, 0
583300, 1091090, 1, 0, 0
583400, 1055569, 1, 0, 0
583500, 991931, 1, 0, 0
583600, 1050222, 1, 0, 0
583700, 1011271, 1, 0, 0
583800, 1012905, 1, 0, 0
583900, 1043696, 1, 0, 0
584000, 1078077, 1, 0, 0
584100, 1100176, 1, 0, 0
584200, 1074806, 1, 0, 0
584300, 1051579, 1, 0, 0
584400, 1085605, 1, 0, 0
584500, 1019830, 1, 0, 0
584600, 1049199, 1, 0, 0
584700, 1058516, 1, 0, 0
584800, 1065946, 1, 0, 0
584901, 1070196, 1, 0, 0
585000, 1008508, 1, 0, 0
585100, 1090863, 1, 0, 0
585200, 1070624, 1, 0, 0
585300, 1048771, 1, 0, 0
585400, 1032660, 1, 0, 0
585501, 1042690, 1, 0, 0
585600, 1063216, 1, 0, 0
585700, 1020504, 1, 0, 0
585800, 1044542, 1, 0, 0
585900, 1095096, 1, 0, 0
586000, 1095776, 1, 0, 0
586100, 1096953, 1, 0, 0
586200, 1027405, 1, 0, 0
586300, 1043838, 1, 0, 0
586400, 1039164, 1, 0, 0
586500, 1105315, 1, 0, 0
586600, 1042297, 1, 0, 0
586700, 1050521, 1, 0, 0
586801, 1114040, 1, 0, 0
586900, 1100331, 1, 0, 0
587000, 1082146, 1, 0, 0
587100, 1091877, 1, 0, 0
587200, 1122118, 1, 0, 0
587300, 1069218, 1, 0, 0
587400, 1083172, 1, 0, 0
587500, 1067020, 1, 0, 0
587600, 1085240, 1, 0, 0
587700, 1097139, 1, 0, 0
587800, 1046987, 1, 0, 0
587901, 1080802, 1, 0, 0
588000, 1023674, 1, 0, 0
588100, 1075646, 1, 0, 0
588201, 1067817, 1, 0, 0
588300, 1101944, 1, 0, 0
588400, 1014634, 1, 0, 0
588500, 1116992, 1, 0, 0
588600, 1010462, 1, 0, 0
588700, 1019858, 1, 0, 0
588800, 1069695, 1, 0, 0
588900, 1015189, 1, 0, 0
589000, 1023972, 1, 0, 0
589100, 1041831, 1, 0, 0
589200, 1056301, 1, 0, 0
589300, 1069548, 1, 0, 0
589400, 1106867, 1, 0, 0
589500, 1057586, 1, 0, 0
589600, 1034309, 1, 0, 0
589701, 1032231, 1, 0, 0
589800, 1035763, 1, 0, 0
589900, 1026030, 1, 0, 0
590000, 1015305, 1, 0, 0
590100, 1088773, 1, 0, 0
590200, 1052501, 1, 0, 0
590300, 1045272, 1, 0, 0
590400, 1062787, 1, 0, 0
590500, 1058688, 1, 0, 0
590600, 1044190, 1, 0, 0
590700, 1043109, 1, 0, 0
590800, 1049849, 1, 0, 0
590900, 1094314, 1, 0, 0
591000, 1032037, 1, 0, 0
591100, 1037122, 1, 0, 0
591200, 1068100, 1, 0, 0
591301, 1027447, 1, 0, 0
591400, 1040624, 1, 0, 0
591500, 1046042, 1, 0, 0
591600, 1018621, 1, 0, 0
591700, 1063510, 1, 0, 0
591800, 1112903, 1, 0, 0
591900, 1089055, 1, 0, 0
592000, 1034603, 1, 0, 0
592100, 1067160, 1, 0, 0
592200, 1070193, 1, 0, 0
592300, 1044439, 1, 0, 0
592400, 1035004, 1, 0, 0
592500, 1087045, 1, 0, 0
592600, 1055936, 1, 0, 0
592700, 1035390, 1, 0, 0
592800, 1063795, 1, 0, 0
592901, 1032083, 1, 0, 0
593000, 1042160, 1, 0, 0
593100, 1123476, 1, 0, 0
593200, 1043441, 1, 0, 0
593300, 1017759, 1, 0, 0
593400, 1026443, 1, 0, 0
593500, 1099454, 1, 0, 0
593600, 1036516, 1, 0, 0
593700, 1026875, 1, 0, 0
593801, 1016481, 1, 0, 0
593900, 1048879, 1, 0, 0
594000, 1064281, 1, 0, 0
594100, 1111536, 1, 0, 0
594200, 1031187, 1, 0, 0
594300, 1094022, 1, 0, 0
594400, 1029692, 1, 0, 0
594500, 1066861, 1, 0, 0
594600, 1094425, 1, 0, 0
594700, 1063683, 1, 0, 0
594800, 1062376, 1, 0, 0
594900, 1072874, 1, 0, 0
595000, 1052713, 1, 0, 0
595100, 1041798, 1, 0, 0
595200, 1027846, 1, 0, 0
595300, 1108229, 1, 0, 0
595400, 1017716, 1, 0, 0
595500, 1028331, 1, 0, 0
595600, 1001423, 1, 0, 0
595700, 1044886, 1, 0, 0
595800, 1060317, 1, 0, 0
595900, 1021971, 1, 0, 0
596000, 1087647, 1, 0, 0
596100, 1058837, 1, 0, 0
596200, 1093173, 1, 0, 0
596300, 1051924, 1, 0, 0
596400, 1070137, 1, 0, 0
596500, 1030684, 1, 0, 0
596600, 1026834, 1, 0, 0
596700, 1042636, 1, 0, 0
596800, 1054779, 1, 0, 0
596901, 1037041, 1, 0, 0
597000, 1041276, 1, 0, 0
597100, 1032417, 1, 0, 0
597200, 1049986, 1, 0, 0
597300, 1008256, 1, 0, 0
597400, 1001336, 1, 0, 0
597500, 1045800, 1, 0, 0
597600, 1047171, 1, 0, 0
597700, 1019099, 1, 0, 0
597800, 1004858, 1, 0, 0
597901, 1011124, 1, 0, 0
598000, 1021365, 1, 0, 0
598100, 1009810, 1, 0, 0
598200, 1014867, 1, 0, 0
598300, 1071446, 1, 0, 0
598400, 995603, 1, 0, 0
598500, 997471, 1, 0, 0
598600, 1043951, 1, 0, 0
598700, 1013984, 1, 0, 0
598800, 1072328, 1, 0, 0
598900, 1016409, 1, 0, 0
599000, 1031521, 1, 0, 0
599100, 1021815, 1, 0, 0
599200, 1019765, 1, 0, 0
599300, 1040649, 1, 0, 0
599400, 998205, 1, 0, 0
599500, 1037431, 1, 0, 0
599600, 1033897, 1, 0, 0
599700, 1028096, 1, 0, 0
599800, 1034936, 1, 0, 0
599900, 1087577, 1, 0, 0
600000, 1033374, 1, 0, 0
