250, 48896, 1, 0, 0
350, 50560, 1, 0, 0
450, 51840, 1, 0, 0
550, 49280, 1, 0, 0
650, 51200, 1, 0, 0
749, 49131, 1, 0, 0
849, 46080, 1, 0, 0
949, 49280, 1, 0, 0
1049, 49920, 1, 0, 0
1149, 49280, 1, 0, 0
1249, 49280, 1, 0, 0
1349, 51200, 1, 0, 0
1450, 50560, 1, 0, 0
1550, 49280, 1, 0, 0
1650, 51200, 1, 0, 0
1749, 50424, 1, 0, 0
1849, 51840, 1, 0, 0
1949, 54400, 1, 0, 0
2049, 48000, 1, 0, 0
2149, 51200, 1, 0, 0
2249, 53120, 1, 0, 0
2349, 52480, 1, 0, 0
2449, 52480, 1, 0, 0
2549, 50560, 1, 0, 0
2649, 51840, 1, 0, 0
2749, 51840, 1, 0, 0
2850, 52480, 1, 0, 0
2950, 50560, 1, 0, 0
3050, 51840, 1, 0, 0
3150, 50560, 1, 0, 0
3249, 51717, 1, 0, 0
3349, 50560, 1, 0, 0
3449, 52480, 1, 0, 0
3549, 51200, 1, 0, 0
3649, 50560, 1, 0, 0
3749, 48640, 1, 0, 0
3849, 51840, 1, 0, 0
3949, 50560, 1, 0, 0
4049, 53120, 1, 0, 0
4149, 51840, 1, 0, 0
4250, 52480, 1, 0, 0
4350, 53120, 1, 0, 0
4450, 51200, 1, 0, 0
4550, 51840, 1, 0, 0
4650, 54400, 1, 0, 0
4749, 51070, 1, 0, 0
4849, 49280, 1, 0, 0
4949, 50560, 1, 0, 0
5049, 52480, 1, 0, 0
5149, 51840, 1, 0, 0
5249, 53760, 1, 0, 0
5349, 51840, 1, 0, 0
5449, 50560, 1, 0, 0
5550, 49280, 1, 0, 0
5650, 53120, 1, 0, 0
5749, 52363, 1, 0, 0
5849, 51840, 1, 0, 0
5949, 55040, 1, 0, 0
6049, 49280, 1, 0, 0
6149, 52480, 1, 0, 0
6249, 49920, 1, 0, 0
6349, 51840, 1, 0, 0
6449, 50560, 1, 0, 0
6549, 53120, 1, 0, 0
6649, 48000, 1, 0, 0
6749, 51200, 1, 0, 0
6849, 49920, 1, 0, 0
6949, 51200, 1, 0, 0
7050, 49920, 1, 0, 0
7150, 52480, 1, 0, 0
7249, 49777, 1, 0, 0
7349, 49920, 1, 0, 0
7449, 51200, 1, 0, 0
7549, 50560, 1, 0, 0
7649, 52480, 1, 0, 0
7749, 52480, 1, 0, 0
7849, 53120, 1, 0, 0
7949, 50560, 1, 0, 0
8049, 51840, 1, 0, 0
8149, 51840, 1, 0, 0
8249, 48640, 1, 0, 0
8350, 50560, 1, 0, 0
8450, 51200, 1, 0, 0
8550, 50560, 1, 0, 0
8650, 49920, 1, 0, 0
8749, 51717, 1, 0, 0
8849, 52480, 1, 0, 0
8949, 52480, 1, 0, 0
9049, 50560, 1, 0, 0
9149, 55680, 1, 0, 0
9249, 53120, 1, 0, 0
9349, 53120, 1, 0, 0
9449, 49920, 1, 0, 0
9549, 52480, 1, 0, 0
9650, 52480, 1, 0, 0
9749, 53010, 1, 0, 0
9849, 53120, 1, 0, 0
9949, 49920, 1, 0, 0
10049, 51840, 1, 0, 0
10149, 54400, 1, 0, 0
10249, 50560, 1, 0, 0
10349, 50560, 1, 0, 0
10449, 52480, 1, 0, 0
10549, 52480, 1, 0, 0
10649, 55040, 1, 0, 0
10749, 54400, 1, 0, 0
10849, 51200, 1, 0, 0
10949, 53120, 1, 0, 0
11050, 50560, 1, 0, 0
11150, 53120, 1, 0, 0
11249, 53656, 1, 0, 0
11349, 51840, 1, 0, 0
11449, 53120, 1, 0, 0
11549, 53760, 1, 0, 0
11649, 53120, 1, 0, 0
11749, 52480, 1, 0, 0
11849, 51200, 1, 0, 0
11949, 52480, 1, 0, 0
12049, 53120, 1, 0, 0
12149, 53760, 1, 0, 0
12250, 53760, 1, 0, 0
12350, 51200, 1, 0, 0
12450, 53120, 1, 0, 0
12550, 54400, 1, 0, 0
12650, 51200, 1, 0, 0
12749, 53010, 1, 0, 0
12849, 55680, 1, 0, 0
12949, 52480, 1, 0, 0
13049, 51200, 1, 0, 0
13149, 55040, 1, 0, 0
13249, 53760, 1, 0, 0
13349, 52480, 1, 0, 0
13449, 54400, 1, 0, 0
13550, 55680, 1, 0, 0
13650, 52480, 1, 0, 0
13749, 54949, 1, 0, 0
13849, 54400, 1, 0, 0
13949, 55680, 1, 0, 0
14049, 52480, 1, 0, 0
14149, 53120, 1, 0, 0
14249, 54400, 1, 0, 0
14349, 54400, 1, 0, 0
14449, 54400, 1, 0, 0
14549, 55680, 1, 0, 0
14649, 57600, 1, 0, 0
14749, 57600, 1, 0, 0
14849, 53120, 1, 0, 0
14950, 55680, 1, 0, 0
15050, 52480, 1, 0, 0
15150, 53120, 1, 0, 0
15249, 56888, 1, 0, 0
15349, 56320, 1, 0, 0
15449, 53120, 1, 0, 0
15549, 52480, 1, 0, 0
15649, 52480, 1, 0, 0
15749, 57600, 1, 0, 0
15849, 55680, 1, 0, 0
15949, 51840, 1, 0, 0
16049, 54400, 1, 0, 0
16149, 56320, 1, 0, 0
16249, 55680, 1, 0, 0
16350, 53120, 1, 0, 0
16450, 54400, 1, 0, 0
16550, 55040, 1, 0, 0
16650, 58240, 1, 0, 0
16749, 56242, 1, 0, 0
16849, 56320, 1, 0, 0
16949, 53120, 1, 0, 0
17049, 54400, 1, 0, 0
17149, 53120, 1, 0, 0
17249, 55680, 1, 0, 0
17349, 53760, 1, 0, 0
17449, 54400, 1, 0, 0
17549, 53120, 1, 0, 0
17649, 55040, 1, 0, 0
17749, 55040, 1, 0, 0
17850, 56960, 1, 0, 0
17950, 58240, 1, 0, 0
18050, 57600, 1, 0, 0
18150, 55680, 1, 0, 0
18249, 53656, 1, 0, 0
18349, 55680, 1, 0, 0
18449, 59520, 1, 0, 0
18549, 58240, 1, 0, 0
18649, 55040, 1, 0, 0
18749, 55040, 1, 0, 0
18849, 51840, 1, 0, 0
18949, 54400, 1, 0, 0
19049, 54400, 1, 0, 0
19149, 54400, 1, 0, 0
19250, 55040, 1, 0, 0
19350, 56960, 1, 0, 0
19450, 57600, 1, 0, 0
19550, 55040, 1, 0, 0
19650, 51200, 1, 0, 0
19749, 53010, 1, 0, 0
19849, 55040, 1, 0, 0
19949, 56320, 1, 0, 0
20049, 56320, 1, 0, 0
20149, 54400, 1, 0, 0
20249, 53760, 1, 0, 0
20349, 56320, 1, 0, 0
20449, 54400, 1, 0, 0
20550, 56960, 1, 0, 0
20650, 55040, 1, 0, 0
20749, 54303, 1, 0, 0
20849, 51200, 1, 0, 0
20949, 53760, 1, 0, 0
21049, 53120, 1, 0, 0
21149, 55680, 1, 0, 0
21249, 58880, 1, 0, 0
21349, 56320, 1, 0, 0
21449, 56960, 1, 0, 0
21549, 55040, 1, 0, 0
21649, 55680, 1, 0, 0
21750, 56960, 1, 0, 0
21850, 56320, 1, 0, 0
21950, 57600, 1, 0, 0
22050, 51840, 1, 0, 0
22150, 55040, 1, 0, 0
22249, 51717, 1, 0, 0
22349, 55680, 1, 0, 0
22449, 53120, 1, 0, 0
22549, 54400, 1, 0, 0
22649, 55040, 1, 0, 0
22749, 49920, 1, 0, 0
22849, 53760, 1, 0, 0
22949, 55680, 1, 0, 0
23049, 52480, 1, 0, 0
23149, 52480, 1, 0, 0
23250, 52480, 1, 0, 0
23350, 51840, 1, 0, 0
23450, 56960, 1, 0, 0
23550, 55040, 1, 0, 0
23650, 54400, 1, 0, 0
23749, 56242, 1, 0, 0
23849, 55680, 1, 0, 0
23949, 58880, 1, 0, 0
24049, 54400, 1, 0, 0
24149, 53120, 1, 0, 0
24249, 55680, 1, 0, 0
24349, 55040, 1, 0, 0
24449, 54400, 1, 0, 0
24550, 56320, 1, 0, 0
24650, 54400, 1, 0, 0
24749, 56888, 1, 0, 0
24849, 55040, 1, 0, 0
24949, 55040, 1, 0, 0
25049, 53760, 1, 0, 0
25149, 55680, 1, 0, 0
25249, 55040, 1, 0, 0
25349, 56320, 1, 0, 0
25449, 54400, 1, 0, 0
25549, 54400, 1, 0, 0
25649, 55680, 1, 0, 0
25749, 51840, 1, 0, 0
25849, 57600, 1, 0, 0
25949, 56320, 1, 0, 0
26050, 55680, 1, 0, 0
26150, 53760, 1, 0, 0
26249, 56888, 1, 0, 0
26349, 55680, 1, 0, 0
26449, 56960, 1, 0, 0
26549, 55680, 1, 0, 0
26649, 51840, 1, 0, 0
26749, 51840, 1, 0, 0
26849, 54400, 1, 0, 0
26949, 55040, 1, 0, 0
27049, 55680, 1, 0, 0
27149, 56960, 1, 0, 0
27249, 53760, 1, 0, 0
27349, 60160, 1, 0, 0
27449, 57600, 1, 0, 0
27550, 58880, 1, 0, 0
27650, 53760, 1, 0, 0
27749, 56888, 1, 0, 0
27849, 57600, 1, 0, 0
27949, 53120, 1, 0, 0
28049, 53760, 1, 0, 0
28149, 54400, 1, 0, 0
28249, 53760, 1, 0, 0
28349, 57600, 1, 0, 0
28449, 53120, 1, 0, 0
28549, 58880, 1, 0, 0
28649, 53760, 1, 0, 0
28750, 55680, 1, 0, 0
28850, 56320, 1, 0, 0
28950, 58880, 1, 0, 0
29050, 55040, 1, 0, 0
29150, 55680, 1, 0, 0
29249, 56888, 1, 0, 0
29349, 55040, 1, 0, 0
29449, 58240, 1, 0, 0
29549, 57600, 1, 0, 0
29649, 55040, 1, 0, 0
29749, 57600, 1, 0, 0
29849, 60800, 1, 0, 0
29949, 56320, 1, 0, 0
30050, 55680, 1, 0, 0
30150, 56320, 1, 0, 0
30249, 57535, 1, 0, 0
30349, 56320, 1, 0, 0
30449, 56960, 1, 0, 0
30549, 56960, 1, 0, 0
30649, 54400, 1, 0, 0
30749, 59520, 1, 0, 0
30849, 55040, 1, 0, 0
30949, 58880, 1, 0, 0
31049, 54400, 1, 0, 0
31149, 56320, 1, 0, 0
31249, 53760, 1, 0, 0
31349, 55040, 1, 0, 0
31449, 57600, 1, 0, 0
31550, 55680, 1, 0, 0
31650, 55680, 1, 0, 0
31749, 55595, 1, 0, 0
31849, 56320, 1, 0, 0
31949, 57600, 1, 0, 0
32049, 59520, 1, 0, 0
32149, 54400, 1, 0, 0
32249, 57600, 1, 0, 0
32349, 55680, 1, 0, 0
32449, 55680, 1, 0, 0
32549, 58880, 1, 0, 0
32649, 60800, 1, 0, 0
32749, 58240, 1, 0, 0
32850, 55680, 1, 0, 0
32950, 59520, 1, 0, 0
33050, 57600, 1, 0, 0
33150, 57600, 1, 0, 0
33249, 58828, 1, 0, 0
33349, 60800, 1, 0, 0
33449, 59520, 1, 0, 0
33549, 59520, 1, 0, 0
33649, 57600, 1, 0, 0
33749, 58240, 1, 0, 0
33849, 56320, 1, 0, 0
33949, 57600, 1, 0, 0
34049, 59520, 1, 0, 0
34149, 56960, 1, 0, 0
34250, 58240, 1, 0, 0
34350, 56960, 1, 0, 0
34450, 58240, 1, 0, 0
34550, 57600, 1, 0, 0
34650, 59520, 1, 0, 0
34749, 58181, 1, 0, 0
34849, 56320, 1, 0, 0
34949, 61440, 1, 0, 0
35049, 53760, 1, 0, 0
35149, 56320, 1, 0, 0
35249, 57600, 1, 0, 0
35349, 53760, 1, 0, 0
35449, 55040, 1, 0, 0
35550, 56960, 1, 0, 0
35650, 60160, 1, 0, 0
35749, 56242, 1, 0, 0
35849, 55680, 1, 0, 0
35949, 54400, 1, 0, 0
36049, 59520, 1, 0, 0
36149, 55680, 1, 0, 0
36249, 57600, 1, 0, 0
36349, 58880, 1, 0, 0
36449, 58880, 1, 0, 0
36549, 58240, 1, 0, 0
36649, 57600, 1, 0, 0
36749, 54400, 1, 0, 0
36849, 58880, 1, 0, 0
36950, 58880, 1, 0, 0
37050, 59520, 1, 0, 0
37150, 62080, 1, 0, 0
37249, 58181, 1, 0, 0
37349, 55680, 1, 0, 0
37449, 58240, 1, 0, 0
37549, 57600, 1, 0, 0
37649, 56320, 1, 0, 0
37749, 55680, 1, 0, 0
37849, 58880, 1, 0, 0
37949, 58880, 1, 0, 0
38049, 56320, 1, 0, 0
38149, 56320, 1, 0, 0
38249, 53120, 1, 0, 0
38349, 56960, 1, 0, 0
38450, 55680, 1, 0, 0
38550, 55680, 1, 0, 0
38650, 56960, 1, 0, 0
38749, 57535, 1, 0, 0
38849, 55040, 1, 0, 0
38949, 56960, 1, 0, 0
39049, 57600, 1, 0, 0
39149, 57600, 1, 0, 0
39249, 55680, 1, 0, 0
39349, 57600, 1, 0, 0
39449, 55040, 1, 0, 0
39549, 55040, 1, 0, 0
39649, 56960, 1, 0, 0
39750, 57600, 1, 0, 0
39850, 58880, 1, 0, 0
39950, 58240, 1, 0, 0
40050, 56320, 1, 0, 0
40150, 60800, 1, 0, 0
40249, 58828, 1, 0, 0
40349, 57600, 1, 0, 0
40449, 57600, 1, 0, 0
40549, 57600, 1, 0, 0
40649, 56960, 1, 0, 0
40749, 58240, 1, 0, 0
40849, 55680, 1, 0, 0
40949, 56320, 1, 0, 0
41049, 56960, 1, 0, 0
41149, 58880, 1, 0, 0
41250, 57600, 1, 0, 0
41350, 55680, 1, 0, 0
41450, 56960, 1, 0, 0
41550, 59520, 1, 0, 0
41650, 60160, 1, 0, 0
41749, 56888, 1, 0, 0
41849, 58240, 1, 0, 0
41949, 55040, 1, 0, 0
42049, 57600, 1, 0, 0
42149, 59520, 1, 0, 0
42249, 58880, 1, 0, 0
42349, 57600, 1, 0, 0
42449, 58240, 1, 0, 0
42550, 58880, 1, 0, 0
42650, 58240, 1, 0, 0
42749, 59474, 1, 0, 0
42849, 57600, 1, 0, 0
42949, 58880, 1, 0, 0
43049, 58240, 1, 0, 0
43149, 58880, 1, 0, 0
43249, 57600, 1, 0, 0
43349, 56320, 1, 0, 0
43449, 56960, 1, 0, 0
43549, 59520, 1, 0, 0
43649, 60800, 1, 0, 0
43749, 58880, 1, 0, 0
43849, 56960, 1, 0, 0
43949, 56320, 1, 0, 0
44050, 57600, 1, 0, 0
44150, 59520, 1, 0, 0
44249, 54949, 1, 0, 0
44349, 57600, 1, 0, 0
44449, 54400, 1, 0, 0
44549, 55040, 1, 0, 0
44649, 58240, 1, 0, 0
44749, 58240, 1, 0, 0
44849, 56960, 1, 0, 0
44949, 58240, 1, 0, 0
45049, 58880, 1, 0, 0
45149, 56960, 1, 0, 0
45249, 55680, 1, 0, 0
45350, 56320, 1, 0, 0
45450, 56320, 1, 0, 0
45550, 55680, 1, 0, 0
45650, 58240, 1, 0, 0
45749, 56242, 1, 0, 0
45849, 55040, 1, 0, 0
45949, 55040, 1, 0, 0
46049, 57600, 1, 0, 0
46149, 55040, 1, 0, 0
46249, 59520, 1, 0, 0
46349, 55680, 1, 0, 0
46449, 57600, 1, 0, 0
46549, 55680, 1, 0, 0
46649, 54400, 1, 0, 0
46750, 51840, 1, 0, 0
46850, 55680, 1, 0, 0
46950, 55040, 1, 0, 0
47050, 56960, 1, 0, 0
47150, 55680, 1, 0, 0
47249, 54303, 1, 0, 0
47349, 55680, 1, 0, 0
47449, 56320, 1, 0, 0
47549, 57600, 1, 0, 0
47649, 55040, 1, 0, 0
47749, 53760, 1, 0, 0
47849, 56960, 1, 0, 0
47949, 58240, 1, 0, 0
48050, 58240, 1, 0, 0
48150, 57600, 1, 0, 0
48249, 56242, 1, 0, 0
48349, 56320, 1, 0, 0
48449, 56960, 1, 0, 0
48549, 58880, 1, 0, 0
48649, 57600, 1, 0, 0
48749, 55680, 1, 0, 0
48849, 60160, 1, 0, 0
48949, 57600, 1, 0, 0
49049, 59520, 1, 0, 0
49149, 56320, 1, 0, 0
49249, 56320, 1, 0, 0
49349, 58240, 1, 0, 0
49449, 59520, 1, 0, 0
49550, 58880, 1, 0, 0
49650, 55680, 1, 0, 0
49749, 58181, 1, 0, 0
49849, 59520, 1, 0, 0
49949, 56320, 1, 0, 0
50049, 58880, 1, 0, 0
50149, 59520, 1, 0, 0
50249, 60160, 1, 0, 0
50349, 60160, 1, 0, 0
50449, 58880, 1, 0, 0
50549, 56960, 1, 0, 0
50649, 56960, 1, 0, 0
50750, 58240, 1, 0, 0
50850, 57600, 1, 0, 0
50950, 58240, 1, 0, 0
51050, 58240, 1, 0, 0
51150, 56320, 1, 0, 0
51249, 58181, 1, 0, 0
51349, 59520, 1, 0, 0
51449, 55680, 1, 0, 0
51549, 56320, 1, 0, 0
51649, 58880, 1, 0, 0
51749, 58880, 1, 0, 0
51849, 56960, 1, 0, 0
51949, 56320, 1, 0, 0
52049, 57600, 1, 0, 0
52150, 58880, 1, 0, 0
52249, 57535, 1, 0, 0
52349, 56320, 1, 0, 0
52449, 55680, 1, 0, 0
52549, 57600, 1, 0, 0
52649, 56320, 1, 0, 0
52749, 56320, 1, 0, 0
52849, 58240, 1, 0, 0
52949, 56960, 1, 0, 0
53049, 53760, 1, 0, 0
53149, 55680, 1, 0, 0
53249, 57600, 1, 0, 0
53349, 57600, 1, 0, 0
53449, 56320, 1, 0, 0
53550, 54400, 1, 0, 0
53650, 59520, 1, 0, 0
53749, 56888, 1, 0, 0
53849, 57600, 1, 0, 0
53949, 55680, 1, 0, 0
54049, 58240, 1, 0, 0
54149, 58240, 1, 0, 0
54249, 59520, 1, 0, 0
54349, 60160, 1, 0, 0
54449, 56960, 1, 0, 0
54549, 56320, 1, 0, 0
54649, 57600, 1, 0, 0
54750, 58240, 1, 0, 0
54850, 55040, 1, 0, 0
54950, 60160, 1, 0, 0
55050, 57600, 1, 0, 0
55150, 56960, 1, 0, 0
55249, 57535, 1, 0, 0
55349, 58880, 1, 0, 0
55449, 58880, 1, 0, 0
55549, 54400, 1, 0, 0
55649, 55680, 1, 0, 0
55749, 58880, 1, 0, 0
55849, 55680, 1, 0, 0
55949, 54400, 1, 0, 0
56049, 59520, 1, 0, 0
56149, 56320, 1, 0, 0
56250, 62080, 1, 0, 0
56350, 56960, 1, 0, 0
56450, 60800, 1, 0, 0
56550, 57600, 1, 0, 0
56650, 60800, 1, 0, 0
56749, 58828, 1, 0, 0
56849, 58880, 1, 0, 0
56949, 58240, 1, 0, 0
57049, 57600, 1, 0, 0
57149, 56960, 1, 0, 0
57249, 55040, 1, 0, 0
57349, 60160, 1, 0, 0
57449, 60800, 1, 0, 0
57550, 51840, 1, 0, 0
57650, 60160, 1, 0, 0
57749, 52363, 1, 0, 0
57849, 55040, 1, 0, 0
57949, 56960, 1, 0, 0
58049, 57600, 1, 0, 0
58149, 56320, 1, 0, 0
58249, 55040, 1, 0, 0
58349, 53760, 1, 0, 0
58449, 55680, 1, 0, 0
58549, 55040, 1, 0, 0
58649, 56960, 1, 0, 0
58749, 57600, 1, 0, 0
58849, 57600, 1, 0, 0
58950, 56320, 1, 0, 0
59050, 57600, 1, 0, 0
59150, 56320, 1, 0, 0
59249, 56242, 1, 0, 0
59349, 56960, 1, 0, 0
59449, 53760, 1, 0, 0
59549, 56320, 1, 0, 0
59649, 56320, 1, 0, 0
59749, 55040, 1, 0, 0
59849, 57600, 1, 0, 0
59949, 58880, 1, 0, 0
60049, 59520, 1, 0, 0
60149, 57600, 1, 0, 0
60250, 58240, 1, 0, 0
60350, 57600, 1, 0, 0
60450, 55680, 1, 0, 0
60550, 56960, 1, 0, 0
60650, 56320, 1, 0, 0
60749, 57535, 1, 0, 0
60849, 58240, 1, 0, 0
60949, 53120, 1, 0, 0
61049, 56320, 1, 0, 0
61149, 57600, 1, 0, 0
61249, 58240, 1, 0, 0
61349, 57600, 1, 0, 0
61449, 59520, 1, 0, 0
61550, 60160, 1, 0, 0
61650, 58880, 1, 0, 0
61749, 56888, 1, 0, 0
61849, 53760, 1, 0, 0
61949, 58240, 1, 0, 0
62049, 58880, 1, 0, 0
62149, 56320, 1, 0, 0
62249, 56960, 1, 0, 0
62349, 56960, 1, 0, 0
62449, 58880, 1, 0, 0
62549, 56320, 1, 0, 0
62649, 56320, 1, 0, 0
62750, 60160, 1, 0, 0
62850, 56960, 1, 0, 0
62950, 55680, 1, 0, 0
63050, 56960, 1, 0, 0
63150, 57600, 1, 0, 0
63249, 58181, 1, 0, 0
63349, 53760, 1, 0, 0
63449, 56320, 1, 0, 0
63549, 57600, 1, 0, 0
63649, 58240, 1, 0, 0
63749, 59520, 1, 0, 0
63849, 60800, 1, 0, 0
63949, 56960, 1, 0, 0
64049, 57600, 1, 0, 0
64149, 57600, 1, 0, 0
64249, 57535, 1, 0, 0
64349, 56320, 1, 0, 0
64449, 56320, 1, 0, 0
64549, 59520, 1, 0, 0
64649, 51200, 1, 0, 0
64749, 56960, 1, 0, 0
64849, 50560, 1, 0, 0
64949, 57600, 1, 0, 0
65049, 59520, 1, 0, 0
65149, 55680, 1, 0, 0
65249, 56960, 1, 0, 0
65349, 59520, 1, 0, 0
65449, 57600, 1, 0, 0
65550, 57600, 1, 0, 0
65650, 58240, 1, 0, 0
65749, 55595, 1, 0, 0
65849, 58240, 1, 0, 0
65949, 58240, 1, 0, 0
66049, 56960, 1, 0, 0
66149, 57600, 1, 0, 0
66249, 55040, 1, 0, 0
66349, 55040, 1, 0, 0
66449, 58240, 1, 0, 0
66549, 58880, 1, 0, 0
66649, 55680, 1, 0, 0
66750, 58880, 1, 0, 0
66850, 55680, 1, 0, 0
66950, 56960, 1, 0, 0
67050, 58240, 1, 0, 0
67150, 58880, 1, 0, 0
67249, 56242, 1, 0, 0
67349, 58880, 1, 0, 0
67449, 58880, 1, 0, 0
67549, 58240, 1, 0, 0
67649, 58240, 1, 0, 0
67749, 55040, 1, 0, 0
67849, 58240, 1, 0, 0
67949, 56960, 1, 0, 0
68050, 58240, 1, 0, 0
68150, 56320, 1, 0, 0
68249, 57535, 1, 0, 0
68349, 56960, 1, 0, 0
68449, 57600, 1, 0, 0
68549, 57600, 1, 0, 0
68649, 60160, 1, 0, 0
68749, 60800, 1, 0, 0
68849, 57600, 1, 0, 0
68949, 56960, 1, 0, 0
69049, 60160, 1, 0, 0
69149, 58240, 1, 0, 0
69249, 62080, 1, 0, 0
69349, 58880, 1, 0, 0
69449, 60160, 1, 0, 0
69550, 60160, 1, 0, 0
69650, 60800, 1, 0, 0
69749, 58828, 1, 0, 0
69849, 63360, 1, 0, 0
69949, 59520, 1, 0, 0
70049, 57600, 1, 0, 0
70149, 58880, 1, 0, 0
70249, 60800, 1, 0, 0
70349, 62080, 1, 0, 0
70449, 60160, 1, 0, 0
70549, 58880, 1, 0, 0
70649, 58880, 1, 0, 0
70749, 58880, 1, 0, 0
70849, 60160, 1, 0, 0
70949, 56320, 1, 0, 0
71050, 55680, 1, 0, 0
71150, 60800, 1, 0, 0
71249, 61414, 1, 0, 0
71349, 62080, 1, 0, 0
71449, 57600, 1, 0, 0
71549, 58880, 1, 0, 0
71649, 58240, 1, 0, 0
71749, 59520, 1, 0, 0
71849, 55680, 1, 0, 0
71949, 58240, 1, 0, 0
72049, 56320, 1, 0, 0
72149, 55680, 1, 0, 0
72250, 61440, 1, 0, 0
72350, 60160, 1, 0, 0
72450, 59520, 1, 0, 0
72550, 58880, 1, 0, 0
72650, 60160, 1, 0, 0
72749, 59474, 1, 0, 0
72849, 56320, 1, 0, 0
72949, 60160, 1, 0, 0
73049, 60160, 1, 0, 0
73149, 56960, 1, 0, 0
73249, 58240, 1, 0, 0
73349, 58880, 1, 0, 0
73449, 56960, 1, 0, 0
73550, 62720, 1, 0, 0
73650, 58880, 1, 0, 0
73749, 59474, 1, 0, 0
73849, 57600, 1, 0, 0
73949, 58880, 1, 0, 0
74049, 62720, 1, 0, 0
74149, 60800, 1, 0, 0
74249, 58240, 1, 0, 0
74349, 54400, 1, 0, 0
74449, 60160, 1, 0, 0
74549, 60800, 1, 0, 0
74649, 64000, 1, 0, 0
74749, 62080, 1, 0, 0
74849, 62080, 1, 0, 0
74949, 59520, 1, 0, 0
75050, 58240, 1, 0, 0
75150, 60160, 1, 0, 0
75249, 58181, 1, 0, 0
75349, 64640, 1, 0, 0
75449, 61440, 1, 0, 0
75549, 59520, 1, 0, 0
75649, 58880, 1, 0, 0
75749, 59520, 1, 0, 0
75849, 60800, 1, 0, 0
75949, 59520, 1, 0, 0
76049, 58880, 1, 0, 0
76149, 58240, 1, 0, 0
76250, 60800, 1, 0, 0
76350, 60800, 1, 0, 0
76450, 57600, 1, 0, 0
76550, 59520, 1, 0, 0
76650, 57600, 1, 0, 0
76749, 61414, 1, 0, 0
76849, 60160, 1, 0, 0
76949, 60800, 1, 0, 0
77049, 60160, 1, 0, 0
77149, 58880, 1, 0, 0
77249, 60160, 1, 0, 0
77349, 59520, 1, 0, 0
77449, 58240, 1, 0, 0
77549, 59520, 1, 0, 0
77649, 59520, 1, 0, 0
77750, 62080, 1, 0, 0
77850, 59520, 1, 0, 0
77950, 58880, 1, 0, 0
78050, 60800, 1, 0, 0
78150, 56320, 1, 0, 0
78249, 58828, 1, 0, 0
78349, 60160, 1, 0, 0
78449, 58240, 1, 0, 0
78549, 55040, 1, 0, 0
78649, 60160, 1, 0, 0
78749, 60800, 1, 0, 0
78849, 59520, 1, 0, 0
78949, 58240, 1, 0, 0
79050, 62080, 1, 0, 0
79150, 58240, 1, 0, 0
79249, 59474, 1, 0, 0
79349, 60800, 1, 0, 0
79449, 60160, 1, 0, 0
79549, 60800, 1, 0, 0
79649, 58240, 1, 0, 0
79749, 58240, 1, 0, 0
79849, 58880, 1, 0, 0
79949, 58240, 1, 0, 0
80049, 56320, 1, 0, 0
80149, 60160, 1, 0, 0
80249, 62080, 1, 0, 0
80349, 60160, 1, 0, 0
80449, 59520, 1, 0, 0
80550, 60800, 1, 0, 0
80650, 60160, 1, 0, 0
80749, 60121, 1, 0, 0
80849, 60800, 1, 0, 0
80949, 56960, 1, 0, 0
81049, 57600, 1, 0, 0
81149, 57600, 1, 0, 0
81249, 60160, 1, 0, 0
81349, 58240, 1, 0, 0
81449, 56960, 1, 0, 0
81549, 60160, 1, 0, 0
81649, 60160, 1, 0, 0
81750, 59520, 1, 0, 0
81850, 62080, 1, 0, 0
81950, 59520, 1, 0, 0
82050, 59520, 1, 0, 0
82150, 58880, 1, 0, 0
82249, 58828, 1, 0, 0
82349, 60160, 1, 0, 0
82449, 56960, 1, 0, 0
82549, 57600, 1, 0, 0
82649, 60800, 1, 0, 0
82749, 58880, 1, 0, 0
82849, 56960, 1, 0, 0
82949, 58880, 1, 0, 0
83049, 57600, 1, 0, 0
83150, 58240, 1, 0, 0
83249, 58828, 1, 0, 0
83349, 59520, 1, 0, 0
83449, 56960, 1, 0, 0
83549, 59520, 1, 0, 0
83649, 61440, 1, 0, 0
83749, 60160, 1, 0, 0
83849, 57600, 1, 0, 0
83949, 59520, 1, 0, 0
84049, 60800, 1, 0, 0
84149, 59520, 1, 0, 0
84249, 62080, 1, 0, 0
84349, 59520, 1, 0, 0
84449, 59520, 1, 0, 0
84550, 60160, 1, 0, 0
84650, 58240, 1, 0, 0
84749, 58181, 1, 0, 0
84849, 56960, 1, 0, 0
84949, 57600, 1, 0, 0
85049, 57600, 1, 0, 0
85149, 56960, 1, 0, 0
85249, 62720, 1, 0, 0
85349, 62080, 1, 0, 0
85449, 60160, 1, 0, 0
85549, 58240, 1, 0, 0
85649, 60800, 1, 0, 0
85750, 60160, 1, 0, 0
85850, 60800, 1, 0, 0
85950, 60160, 1, 0, 0
86050, 59520, 1, 0, 0
86150, 59520, 1, 0, 0
86249, 58828, 1, 0, 0
86349, 59520, 1, 0, 0
86449, 60160, 1, 0, 0
86549, 59520, 1, 0, 0
86649, 58240, 1, 0, 0
86749, 62080, 1, 0, 0
86849, 54400, 1, 0, 0
86949, 57600, 1, 0, 0
87049, 56960, 1, 0, 0
87150, 58240, 1, 0, 0
87249, 57535, 1, 0, 0
87349, 58880, 1, 0, 0
87449, 57600, 1, 0, 0
87549, 56960, 1, 0, 0
87649, 56320, 1, 0, 0
87749, 58240, 1, 0, 0
87849, 58240, 1, 0, 0
87949, 57600, 1, 0, 0
88049, 58240, 1, 0, 0
88149, 58880, 1, 0, 0
88249, 60160, 1, 0, 0
88349, 60800, 1, 0, 0
88449, 58880, 1, 0, 0
88550, 58240, 1, 0, 0
88650, 56960, 1, 0, 0
88749, 59474, 1, 0, 0
88849, 58240, 1, 0, 0
88949, 58240, 1, 0, 0
89049, 57600, 1, 0, 0
89149, 58240, 1, 0, 0
89249, 58880, 1, 0, 0
89349, 58240, 1, 0, 0
89449, 59520, 1, 0, 0
89549, 63360, 1, 0, 0
89649, 60800, 1, 0, 0
89750, 58240, 1, 0, 0
89850, 56320, 1, 0, 0
89950, 58240, 1, 0, 0
90050, 60160, 1, 0, 0
90150, 62080, 1, 0, 0
90249, 59474, 1, 0, 0
90349, 57600, 1, 0, 0
90449, 56960, 1, 0, 0
90549, 55040, 1, 0, 0
90649, 57600, 1, 0, 0
90749, 59520, 1, 0, 0
90849, 62080, 1, 0, 0
90949, 59520, 1, 0, 0
91050, 60800, 1, 0, 0
91150, 58240, 1, 0, 0
91249, 59474, 1, 0, 0
91349, 57600, 1, 0, 0
91449, 56960, 1, 0, 0
91549, 56960, 1, 0, 0
91649, 60160, 1, 0, 0
91749, 62080, 1, 0, 0
91849, 58240, 1, 0, 0
91949, 57600, 1, 0, 0
92049, 61440, 1, 0, 0
92149, 60160, 1, 0, 0
92249, 62080, 1, 0, 0
92350, 59520, 1, 0, 0
92450, 61440, 1, 0, 0
92550, 61440, 1, 0, 0
92650, 60160, 1, 0, 0
92749, 61414, 1, 0, 0
92849, 56960, 1, 0, 0
92949, 58880, 1, 0, 0
93049, 56960, 1, 0, 0
93149, 56320, 1, 0, 0
93249, 60160, 1, 0, 0
93349, 58880, 1, 0, 0
93449, 58240, 1, 0, 0
93550, 60160, 1, 0, 0
93650, 62720, 1, 0, 0
93749, 62060, 1, 0, 0
93849, 60160, 1, 0, 0
93949, 61440, 1, 0, 0
94049, 60800, 1, 0, 0
94149, 59520, 1, 0, 0
94249, 60160, 1, 0, 0
94349, 60160, 1, 0, 0
94449, 60160, 1, 0, 0
94549, 61440, 1, 0, 0
94649, 60160, 1, 0, 0
94749, 58880, 1, 0, 0
94849, 59520, 1, 0, 0
94950, 62080, 1, 0, 0
95050, 58240, 1, 0, 0
95150, 58240, 1, 0, 0
95249, 61414, 1, 0, 0
95349, 58880, 1, 0, 0
95449, 60800, 1, 0, 0
95549, 56960, 1, 0, 0
95649, 60800, 1, 0, 0
95749, 57600, 1, 0, 0
95849, 58880, 1, 0, 0
95949, 60800, 1, 0, 0
96049, 62080, 1, 0, 0
96149, 57600, 1, 0, 0
96249, 60767, 1, 0, 0
96349, 62080, 1, 0, 0
96449, 57600, 1, 0, 0
96549, 62080, 1, 0, 0
96649, 63360, 1, 0, 0
96749, 59520, 1, 0, 0
96849, 59520, 1, 0, 0
96949, 62080, 1, 0, 0
97049, 62080, 1, 0, 0
97149, 60160, 1, 0, 0
97249, 60160, 1, 0, 0
97349, 61440, 1, 0, 0
97449, 60800, 1, 0, 0
97550, 56320, 1, 0, 0
97650, 60800, 1, 0, 0
97749, 61414, 1, 0, 0
97849, 62080, 1, 0, 0
97949, 61440, 1, 0, 0
98049, 60160, 1, 0, 0
98149, 61440, 1, 0, 0
98249, 60160, 1, 0, 0
98349, 56320, 1, 0, 0
98449, 61440, 1, 0, 0
98549, 58240, 1, 0, 0
98649, 58880, 1, 0, 0
98749, 58880, 1, 0, 0
98850, 59520, 1, 0, 0
98950, 60800, 1, 0, 0
99050, 62080, 1, 0, 0
99150, 60160, 1, 0, 0
99249, 63353, 1, 0, 0
99349, 62080, 1, 0, 0
99449, 58880, 1, 0, 0
99549, 60160, 1, 0, 0
99649, 61440, 1, 0, 0
99749, 62080, 1, 0, 0
99849, 60800, 1, 0, 0
99949, 62720, 1, 0, 0
100050, 63360, 1, 0, 0
100150, 59520, 1, 0, 0
100249, 59474, 1, 0, 0
100349, 60800, 1, 0, 0
100449, 58880, 1, 0, 0
100549, 59520, 1, 0, 0
100649, 60160, 1, 0, 0
100749, 57600, 1, 0, 0
100849, 58880, 1, 0, 0
100949, 57600, 1, 0, 0
101049, 57600, 1, 0, 0
101149, 58880, 1, 0, 0
101249, 58880, 1, 0, 0
101349, 57600, 1, 0, 0
101449, 58880, 1, 0, 0
101550, 58880, 1, 0, 0
101650, 59520, 1, 0, 0
101749, 60767, 1, 0, 0
101849, 60800, 1, 0, 0
101949, 60800, 1, 0, 0
102049, 57600, 1, 0, 0
102149, 60800, 1, 0, 0
102249, 58880, 1, 0, 0
102349, 60160, 1, 0, 0
102449, 61440, 1, 0, 0
102549, 57600, 1, 0, 0
102649, 58240, 1, 0, 0
102750, 60800, 1, 0, 0
102850, 62080, 1, 0, 0
102950, 58880, 1, 0, 0
103050, 60160, 1, 0, 0
103150, 58240, 1, 0, 0
103249, 63353, 1, 0, 0
103349, 57600, 1, 0, 0
103449, 60160, 1, 0, 0
103549, 56960, 1, 0, 0
103649, 58880, 1, 0, 0
103749, 62720, 1, 0, 0
103849, 59520, 1, 0, 0
103949, 57600, 1, 0, 0
104049, 61440, 1, 0, 0
104150, 62080, 1, 0, 0
104249, 58181, 1, 0, 0
104349, 58240, 1, 0, 0
104449, 61440, 1, 0, 0
104549, 59520, 1, 0, 0
104649, 60800, 1, 0, 0
104749, 56320, 1, 0, 0
104849, 58240, 1, 0, 0
104949, 56960, 1, 0, 0
105049, 61440, 1, 0, 0
105149, 57600, 1, 0, 0
105249, 57600, 1, 0, 0
105349, 58880, 1, 0, 0
105449, 62080, 1, 0, 0
105550, 59520, 1, 0, 0
105650, 60160, 1, 0, 0
105749, 62707, 1, 0, 0
105849, 58880, 1, 0, 0
105949, 61440, 1, 0, 0
106049, 60800, 1, 0, 0
106149, 58240, 1, 0, 0
106249, 60160, 1, 0, 0
106349, 61440, 1, 0, 0
106449, 58880, 1, 0, 0
106549, 59520, 1, 0, 0
106649, 57600, 1, 0, 0
106749, 59520, 1, 0, 0
106849, 63360, 1, 0, 0
106950, 58240, 1, 0, 0
107050, 59520, 1, 0, 0
107150, 57600, 1, 0, 0
107249, 58181, 1, 0, 0
107349, 57600, 1, 0, 0
107449, 58880, 1, 0, 0
107549, 61440, 1, 0, 0
107649, 60160, 1, 0, 0
107749, 58880, 1, 0, 0
107849, 60800, 1, 0, 0
107949, 58240, 1, 0, 0
108049, 60160, 1, 0, 0
108149, 58880, 1, 0, 0
108250, 61440, 1, 0, 0
108350, 62720, 1, 0, 0
108450, 59520, 1, 0, 0
108550, 61440, 1, 0, 0
108650, 60160, 1, 0, 0
108749, 59474, 1, 0, 0
108849, 61440, 1, 0, 0
108949, 59520, 1, 0, 0
109049, 60160, 1, 0, 0
109149, 60800, 1, 0, 0
109249, 60160, 1, 0, 0
109349, 58880, 1, 0, 0
109449, 60160, 1, 0, 0
109550, 62080, 1, 0, 0
109650, 58880, 1, 0, 0
109749, 62060, 1, 0, 0
109849, 60160, 1, 0, 0
109949, 62720, 1, 0, 0
110049, 58240, 1, 0, 0
110149, 60800, 1, 0, 0
110249, 60800, 1, 0, 0
110349, 60800, 1, 0, 0
110449, 59520, 1, 0, 0
110549, 56320, 1, 0, 0
110649, 58240, 1, 0, 0
110749, 55680, 1, 0, 0
110850, 60160, 1, 0, 0
110950, 59520, 1, 0, 0
111050, 60160, 1, 0, 0
111150, 58240, 1, 0, 0
111249, 57535, 1, 0, 0
111349, 60160, 1, 0, 0
111449, 60800, 1, 0, 0
111549, 59520, 1, 0, 0
111649, 58240, 1, 0, 0
111749, 62720, 1, 0, 0
111849, 60800, 1, 0, 0
111949, 60160, 1, 0, 0
112049, 63360, 1, 0, 0
112150, 60160, 1, 0, 0
112249, 62060, 1, 0, 0
112349, 61440, 1, 0, 0
112449, 57600, 1, 0, 0
112549, 59520, 1, 0, 0
112649, 59520, 1, 0, 0
112749, 62080, 1, 0, 0
112849, 60160, 1, 0, 0
112949, 62720, 1, 0, 0
113049, 62080, 1, 0, 0
113149, 60800, 1, 0, 0
113249, 61440, 1, 0, 0
113349, 61440, 1, 0, 0
113449, 60160, 1, 0, 0
113550, 57600, 1, 0, 0
113650, 58880, 1, 0, 0
113749, 62707, 1, 0, 0
113849, 60800, 1, 0, 0
113949, 61440, 1, 0, 0
114049, 60160, 1, 0, 0
114149, 58880, 1, 0, 0
114249, 59520, 1, 0, 0
114349, 62080, 1, 0, 0
114449, 63360, 1, 0, 0
114549, 58880, 1, 0, 0
114649, 59520, 1, 0, 0
114750, 62080, 1, 0, 0
114850, 62720, 1, 0, 0
114950, 57600, 1, 0, 0
115050, 60160, 1, 0, 0
115150, 61440, 1, 0, 0
115249, 64000, 1, 0, 0
115349, 60160, 1, 0, 0
115449, 60800, 1, 0, 0
115549, 59520, 1, 0, 0
115649, 59520, 1, 0, 0
115749, 57600, 1, 0, 0
115849, 61440, 1, 0, 0
115949, 59520, 1, 0, 0
116049, 60800, 1, 0, 0
116150, 66560, 1, 0, 0
116249, 62060, 1, 0, 0
116349, 60160, 1, 0, 0
116449, 61440, 1, 0, 0
116549, 61440, 1, 0, 0
116649, 63360, 1, 0, 0
116749, 65280, 1, 0, 0
116849, 62080, 1, 0, 0
116949, 60160, 1, 0, 0
117049, 62080, 1, 0, 0
117149, 59520, 1, 0, 0
117249, 58240, 1, 0, 0
117349, 59520, 1, 0, 0
117449, 59520, 1, 0, 0
117550, 58240, 1, 0, 0
117650, 60160, 1, 0, 0
117749, 60767, 1, 0, 0
117849, 62720, 1, 0, 0
117949, 62720, 1, 0, 0
118049, 63360, 1, 0, 0
118149, 62720, 1, 0, 0
118249, 60800, 1, 0, 0
118349, 62720, 1, 0, 0
118449, 62080, 1, 0, 0
118549, 60800, 1, 0, 0
118649, 59520, 1, 0, 0
118749, 61440, 1, 0, 0
118849, 62720, 1, 0, 0
118950, 62080, 1, 0, 0
119050, 61440, 1, 0, 0
119150, 59520, 1, 0, 0
119249, 60121, 1, 0, 0
119349, 63360, 1, 0, 0
119449, 61440, 1, 0, 0
119549, 62080, 1, 0, 0
119649, 60160, 1, 0, 0
119749, 63360, 1, 0, 0
119849, 63360, 1, 0, 0
119949, 62080, 1, 0, 0
120049, 64000, 1, 0, 0
120149, 61440, 1, 0, 0
120249, 63360, 1, 0, 0
120349, 58880, 1, 0, 0
120450, 62080, 1, 0, 0
120550, 63360, 1, 0, 0
120650, 61440, 1, 0, 0
120749, 65292, 1, 0, 0
120849, 63360, 1, 0, 0
120949, 60800, 1, 0, 0
121049, 61440, 1, 0, 0
121149, 60800, 1, 0, 0
121249, 60160, 1, 0, 0
121349, 61440, 1, 0, 0
121449, 61440, 1, 0, 0
121549, 64000, 1, 0, 0
121649, 61440, 1, 0, 0
121750, 60800, 1, 0, 0
121850, 60800, 1, 0, 0
121950, 58240, 1, 0, 0
122050, 60160, 1, 0, 0
122150, 62080, 1, 0, 0
122249, 61414, 1, 0, 0
122349, 60800, 1, 0, 0
122449, 59520, 1, 0, 0
122549, 60800, 1, 0, 0
122649, 59520, 1, 0, 0
122749, 60800, 1, 0, 0
122849, 62720, 1, 0, 0
122949, 60160, 1, 0, 0
123049, 59520, 1, 0, 0
123150, 55680, 1, 0, 0
123249, 57535, 1, 0, 0
123349, 59520, 1, 0, 0
123449, 57600, 1, 0, 0
123549, 60800, 1, 0, 0
123649, 62080, 1, 0, 0
123749, 62720, 1, 0, 0
123849, 60160, 1, 0, 0
123949, 60800, 1, 0, 0
124049, 60160, 1, 0, 0
124149, 62720, 1, 0, 0
124249, 60800, 1, 0, 0
124349, 60800, 1, 0, 0
124449, 61440, 1, 0, 0
124550, 60160, 1, 0, 0
124650, 60800, 1, 0, 0
124749, 61414, 1, 0, 0
124849, 58880, 1, 0, 0
124949, 60160, 1, 0, 0
125049, 60160, 1, 0, 0
125149, 64640, 1, 0, 0
125249, 61440, 1, 0, 0
125349, 61440, 1, 0, 0
125449, 60800, 1, 0, 0
125549, 62720, 1, 0, 0
125649, 60160, 1, 0, 0
125749, 62720, 1, 0, 0
125849, 63360, 1, 0, 0
125950, 59520, 1, 0, 0
126050, 57600, 1, 0, 0
126150, 58240, 1, 0, 0
126249, 61414, 1, 0, 0
126349, 60160, 1, 0, 0
126449, 61440, 1, 0, 0
126549, 61440, 1, 0, 0
126649, 62080, 1, 0, 0
126749, 59520, 1, 0, 0
126849, 62720, 1, 0, 0
126949, 60800, 1, 0, 0
127049, 62080, 1, 0, 0
127149, 60800, 1, 0, 0
127250, 62720, 1, 0, 0
127350, 60160, 1, 0, 0
127450, 60800, 1, 0, 0
127550, 60800, 1, 0, 0
127650, 62080, 1, 0, 0
127749, 60767, 1, 0, 0
127849, 59520, 1, 0, 0
127949, 64000, 1, 0, 0
128049, 63360, 1, 0, 0
128149, 62720, 1, 0, 0
128249, 61440, 1, 0, 0
128349, 64000, 1, 0, 0
128449, 61440, 1, 0, 0
128550, 62080, 1, 0, 0
128650, 61440, 1, 0, 0
128749, 56888, 1, 0, 0
128849, 62080, 1, 0, 0
128949, 58880, 1, 0, 0
129049, 62080, 1, 0, 0
129149, 59520, 1, 0, 0
129249, 60800, 1, 0, 0
129349, 62720, 1, 0, 0
129449, 60160, 1, 0, 0
129549, 62720, 1, 0, 0
129649, 62080, 1, 0, 0
129749, 58880, 1, 0, 0
129850, 61440, 1, 0, 0
129950, 64000, 1, 0, 0
130050, 61440, 1, 0, 0
130150, 64640, 1, 0, 0
130249, 62707, 1, 0, 0
130349, 60800, 1, 0, 0
130449, 59520, 1, 0, 0
130549, 61440, 1, 0, 0
130649, 60160, 1, 0, 0
130749, 63360, 1, 0, 0
130849, 60160, 1, 0, 0
130949, 62080, 1, 0, 0
131049, 61440, 1, 0, 0
131149, 58240, 1, 0, 0
131250, 62720, 1, 0, 0
131350, 63360, 1, 0, 0
131450, 57600, 1, 0, 0
131550, 60800, 1, 0, 0
131650, 62720, 1, 0, 0
131749, 60767, 1, 0, 0
131849, 60800, 1, 0, 0
131949, 60800, 1, 0, 0
132049, 59520, 1, 0, 0
132149, 60160, 1, 0, 0
132249, 59520, 1, 0, 0
132349, 62720, 1, 0, 0
132449, 58880, 1, 0, 0
132550, 62080, 1, 0, 0
132650, 60800, 1, 0, 0
132749, 60767, 1, 0, 0
132849, 59520, 1, 0, 0
132949, 60160, 1, 0, 0
133049, 61440, 1, 0, 0
133149, 62720, 1, 0, 0
133249, 60160, 1, 0, 0
133349, 60800, 1, 0, 0
133449, 62080, 1, 0, 0
133549, 60160, 1, 0, 0
133649, 61440, 1, 0, 0
133749, 58880, 1, 0, 0
133849, 61440, 1, 0, 0
133950, 58240, 1, 0, 0
134050, 58240, 1, 0, 0
134150, 60800, 1, 0, 0
134249, 60767, 1, 0, 0
134349, 64000, 1, 0, 0
134449, 63360, 1, 0, 0
134549, 56960, 1, 0, 0
134649, 62080, 1, 0, 0
134749, 62720, 1, 0, 0
134849, 63360, 1, 0, 0
134949, 60800, 1, 0, 0
135049, 56960, 1, 0, 0
135149, 62720, 1, 0, 0
135250, 63360, 1, 0, 0
135350, 61440, 1, 0, 0
135450, 58880, 1, 0, 0
135550, 58880, 1, 0, 0
135650, 60160, 1, 0, 0
135749, 59474, 1, 0, 0
135849, 58240, 1, 0, 0
135949, 62080, 1, 0, 0
136049, 59520, 1, 0, 0
136149, 64640, 1, 0, 0
136249, 61440, 1, 0, 0
136349, 62720, 1, 0, 0
136449, 62080, 1, 0, 0
136550, 60160, 1, 0, 0
136650, 58880, 1, 0, 0
136749, 58828, 1, 0, 0
136849, 56320, 1, 0, 0
136949, 59520, 1, 0, 0
137049, 56960, 1, 0, 0
137149, 56960, 1, 0, 0
137249, 61440, 1, 0, 0
137349, 60160, 1, 0, 0
137449, 58240, 1, 0, 0
137549, 59520, 1, 0, 0
137649, 60160, 1, 0, 0
137749, 61440, 1, 0, 0
137849, 56320, 1, 0, 0
137950, 60160, 1, 0, 0
138050, 59520, 1, 0, 0
138150, 60800, 1, 0, 0
138249, 58828, 1, 0, 0
138349, 60800, 1, 0, 0
138449, 60160, 1, 0, 0
138549, 60800, 1, 0, 0
138649, 58880, 1, 0, 0
138749, 61440, 1, 0, 0
138849, 64000, 1, 0, 0
138949, 62720, 1, 0, 0
139049, 63360, 1, 0, 0
139149, 61440, 1, 0, 0
139250, 60160, 1, 0, 0
139350, 63360, 1, 0, 0
139450, 62720, 1, 0, 0
139550, 60800, 1, 0, 0
139650, 60800, 1, 0, 0
139749, 61414, 1, 0, 0
139849, 62080, 1, 0, 0
139949, 60800, 1, 0, 0
140049, 60800, 1, 0, 0
140149, 60800, 1, 0, 0
140249, 58880, 1, 0, 0
140349, 62720, 1, 0, 0
140449, 63360, 1, 0, 0
140550, 60160, 1, 0, 0
140650, 63360, 1, 0, 0
140749, 60121, 1, 0, 0
140849, 60800, 1, 0, 0
140949, 61440, 1, 0, 0
141049, 60160, 1, 0, 0
141149, 62080, 1, 0, 0
141249, 63360, 1, 0, 0
141349, 60800, 1, 0, 0
141449, 63360, 1, 0, 0
141549, 57600, 1, 0, 0
141649, 56960, 1, 0, 0
141749, 58240, 1, 0, 0
141849, 60800, 1, 0, 0
141949, 58240, 1, 0, 0
142050, 61440, 1, 0, 0
142150, 60160, 1, 0, 0
142249, 57535, 1, 0, 0
142349, 56320, 1, 0, 0
142449, 57600, 1, 0, 0
142549, 58880, 1, 0, 0
142649, 59520, 1, 0, 0
142749, 59520, 1, 0, 0
142849, 59520, 1, 0, 0
142949, 57600, 1, 0, 0
143049, 59520, 1, 0, 0
143149, 60800, 1, 0, 0
143250, 60160, 1, 0, 0
143350, 60160, 1, 0, 0
143450, 60160, 1, 0, 0
143550, 60800, 1, 0, 0
143650, 58240, 1, 0, 0
143749, 60121, 1, 0, 0
143849, 60800, 1, 0, 0
143949, 60800, 1, 0, 0
144049, 56960, 1, 0, 0
144149, 58880, 1, 0, 0
144249, 59520, 1, 0, 0
144349, 61440, 1, 0, 0
144449, 56960, 1, 0, 0
144550, 59520, 1, 0, 0
144650, 59520, 1, 0, 0
144749, 62060, 1, 0, 0
144849, 61440, 1, 0, 0
144949, 58240, 1, 0, 0
145049, 58240, 1, 0, 0
145149, 58240, 1, 0, 0
145249, 62720, 1, 0, 0
145349, 60160, 1, 0, 0
145449, 58240, 1, 0, 0
145549, 60800, 1, 0, 0
145649, 62080, 1, 0, 0
145749, 58880, 1, 0, 0
145849, 58880, 1, 0, 0
145949, 60160, 1, 0, 0
146050, 62720, 1, 0, 0
146150, 62080, 1, 0, 0
146249, 59474, 1, 0, 0
146349, 59520, 1, 0, 0
146449, 58240, 1, 0, 0
146549, 60800, 1, 0, 0
146649, 60160, 1, 0, 0
146749, 62720, 1, 0, 0
146849, 60160, 1, 0, 0
146949, 62720, 1, 0, 0
147049, 60160, 1, 0, 0
147149, 60800, 1, 0, 0
147249, 60800, 1, 0, 0
147350, 61440, 1, 0, 0
147450, 62080, 1, 0, 0
147550, 62080, 1, 0, 0
147650, 61440, 1, 0, 0
147749, 59474, 1, 0, 0
147849, 59520, 1, 0, 0
147949, 58240, 1, 0, 0
148049, 58240, 1, 0, 0
148149, 60160, 1, 0, 0
148249, 60800, 1, 0, 0
148349, 60800, 1, 0, 0
148449, 59520, 1, 0, 0
148549, 60800, 1, 0, 0
148649, 60800, 1, 0, 0
148749, 62060, 1, 0, 0
148849, 58880, 1, 0, 0
148949, 61440, 1, 0, 0
149049, 60160, 1, 0, 0
149149, 60800, 1, 0, 0
149249, 58880, 1, 0, 0
149349, 58880, 1, 0, 0
149449, 62080, 1, 0, 0
149549, 59520, 1, 0, 0
149649, 58880, 1, 0, 0
149749, 55680, 1, 0, 0
149849, 62080, 1, 0, 0
149949, 58880, 1, 0, 0
150050, 63360, 1, 0, 0
150150, 62080, 1, 0, 0
150249, 62707, 1, 0, 0
150349, 60160, 1, 0, 0
150449, 59520, 1, 0, 0
150549, 60160, 1, 0, 0
150649, 58880, 1, 0, 0
150749, 64000, 1, 0, 0
150849, 62720, 1, 0, 0
150949, 57600, 1, 0, 0
151049, 64640, 1, 0, 0
151149, 56320, 1, 0, 0
151249, 60800, 1, 0, 0
151349, 62720, 1, 0, 0
151449, 61440, 1, 0, 0
151550, 58880, 1, 0, 0
151650, 64640, 1, 0, 0
151749, 58181, 1, 0, 0
151849, 60800, 1, 0, 0
151949, 58240, 1, 0, 0
152049, 62080, 1, 0, 0
152149, 62080, 1, 0, 0
152249, 60800, 1, 0, 0
152349, 62720, 1, 0, 0
152449, 62720, 1, 0, 0
152549, 62080, 1, 0, 0
152649, 60800, 1, 0, 0
152750, 60800, 1, 0, 0
152850, 59520, 1, 0, 0
152950, 61440, 1, 0, 0
153050, 59520, 1, 0, 0
153150, 61440, 1, 0, 0
153249, 61414, 1, 0, 0
153349, 59520, 1, 0, 0
153449, 57600, 1, 0, 0
153549, 58240, 1, 0, 0
153649, 59520, 1, 0, 0
153749, 60160, 1, 0, 0
153849, 59520, 1, 0, 0
153949, 60160, 1, 0, 0
154049, 61440, 1, 0, 0
154150, 62720, 1, 0, 0
154249, 57535, 1, 0, 0
154349, 58880, 1, 0, 0
154449, 59520, 1, 0, 0
154549, 57600, 1, 0, 0
154649, 58880, 1, 0, 0
154749, 62080, 1, 0, 0
154849, 61440, 1, 0, 0
154949, 60160, 1, 0, 0
155049, 61440, 1, 0, 0
155149, 62080, 1, 0, 0
155249, 58240, 1, 0, 0
155349, 58240, 1, 0, 0
155449, 55680, 1, 0, 0
155550, 60160, 1, 0, 0
155650, 61440, 1, 0, 0
155749, 62707, 1, 0, 0
155849, 58880, 1, 0, 0
155949, 64000, 1, 0, 0
156049, 62080, 1, 0, 0
156149, 59520, 1, 0, 0
156249, 62080, 1, 0, 0
156349, 62720, 1, 0, 0
156449, 60800, 1, 0, 0
156549, 62720, 1, 0, 0
156649, 60800, 1, 0, 0
156749, 60800, 1, 0, 0
156850, 60160, 1, 0, 0
156950, 61440, 1, 0, 0
157050, 60800, 1, 0, 0
157150, 60160, 1, 0, 0
157249, 62707, 1, 0, 0
157349, 60800, 1, 0, 0
157449, 60800, 1, 0, 0
157549, 63360, 1, 0, 0
157649, 60160, 1, 0, 0
157749, 62720, 1, 0, 0
157849, 63360, 1, 0, 0
157949, 61440, 1, 0, 0
158049, 62720, 1, 0, 0
158149, 60160, 1, 0, 0
158249, 61414, 1, 0, 0
158349, 60160, 1, 0, 0
158449, 62720, 1, 0, 0
158549, 62080, 1, 0, 0
158649, 58240, 1, 0, 0
158749, 59520, 1, 0, 0
158849, 58240, 1, 0, 0
158949, 58880, 1, 0, 0
159049, 62720, 1, 0, 0
159149, 62720, 1, 0, 0
159249, 58880, 1, 0, 0
159349, 61440, 1, 0, 0
159449, 59520, 1, 0, 0
159550, 60160, 1, 0, 0
159650, 57600, 1, 0, 0
159749, 60121, 1, 0, 0
159849, 60800, 1, 0, 0
159949, 60800, 1, 0, 0
160049, 62080, 1, 0, 0
160149, 59520, 1, 0, 0
160249, 56960, 1, 0, 0
160349, 57600, 1, 0, 0
160449, 59520, 1, 0, 0
160549, 60160, 1, 0, 0
160649, 59520, 1, 0, 0
160749, 60800, 1, 0, 0
160850, 59520, 1, 0, 0
160950, 59520, 1, 0, 0
161050, 58880, 1, 0, 0
161150, 56960, 1, 0, 0
161249, 59474, 1, 0, 0
161349, 59520, 1, 0, 0
161449, 58880, 1, 0, 0
161549, 55680, 1, 0, 0
161649, 59520, 1, 0, 0
161749, 60160, 1, 0, 0
161849, 64640, 1, 0, 0
161949, 60800, 1, 0, 0
162049, 63360, 1, 0, 0
162149, 60160, 1, 0, 0
162249, 58828, 1, 0, 0
162349, 60800, 1, 0, 0
162449, 60160, 1, 0, 0
162549, 62080, 1, 0, 0
162649, 64000, 1, 0, 0
162749, 61440, 1, 0, 0
162849, 64000, 1, 0, 0
162949, 60800, 1, 0, 0
163049, 62080, 1, 0, 0
163149, 60800, 1, 0, 0
163249, 60800, 1, 0, 0
163349, 57600, 1, 0, 0
163449, 61440, 1, 0, 0
163550, 62080, 1, 0, 0
163650, 58240, 1, 0, 0
163749, 60121, 1, 0, 0
163849, 59520, 1, 0, 0
163949, 62720, 1, 0, 0
164049, 63360, 1, 0, 0
164149, 60800, 1, 0, 0
164249, 62080, 1, 0, 0
164349, 62080, 1, 0, 0
164449, 62080, 1, 0, 0
164549, 60160, 1, 0, 0
164649, 61440, 1, 0, 0
164749, 62080, 1, 0, 0
164849, 60160, 1, 0, 0
164950, 59520, 1, 0, 0
165050, 60800, 1, 0, 0
165150, 62080, 1, 0, 0
165249, 58828, 1, 0, 0
165349, 60800, 1, 0, 0
165449, 61440, 1, 0, 0
165549, 61440, 1, 0, 0
165649, 61440, 1, 0, 0
165749, 60160, 1, 0, 0
165849, 58240, 1, 0, 0
165949, 60160, 1, 0, 0
166049, 59520, 1, 0, 0
166149, 59520, 1, 0, 0
166250, 59520, 1, 0, 0
166350, 55680, 1, 0, 0
166450, 60800, 1, 0, 0
166550, 61440, 1, 0, 0
166650, 60800, 1, 0, 0
166749, 58181, 1, 0, 0
166849, 60800, 1, 0, 0
166949, 60160, 1, 0, 0
167049, 57600, 1, 0, 0
167149, 60800, 1, 0, 0
167249, 58880, 1, 0, 0
167349, 62080, 1, 0, 0
167449, 60800, 1, 0, 0
167549, 64000, 1, 0, 0
167650, 62080, 1, 0, 0
167749, 60767, 1, 0, 0
167849, 61440, 1, 0, 0
167949, 62080, 1, 0, 0
168049, 58880, 1, 0, 0
168149, 58240, 1, 0, 0
168249, 61440, 1, 0, 0
168349, 62080, 1, 0, 0
168449, 60800, 1, 0, 0
168549, 60800, 1, 0, 0
168649, 60800, 1, 0, 0
168749, 60160, 1, 0, 0
168849, 61440, 1, 0, 0
168949, 62080, 1, 0, 0
169050, 60160, 1, 0, 0
169150, 61440, 1, 0, 0
169249, 60121, 1, 0, 0
169349, 61440, 1, 0, 0
169449, 63360, 1, 0, 0
169549, 62080, 1, 0, 0
169649, 60800, 1, 0, 0
169749, 61440, 1, 0, 0
169849, 64640, 1, 0, 0
169949, 62720, 1, 0, 0
170049, 62080, 1, 0, 0
170149, 56960, 1, 0, 0
170250, 62720, 1, 0, 0
170350, 61440, 1, 0, 0
170450, 62080, 1, 0, 0
170550, 61440, 1, 0, 0
170650, 62720, 1, 0, 0
170749, 64000, 1, 0, 0
170849, 63360, 1, 0, 0
170949, 60800, 1, 0, 0
171049, 64000, 1, 0, 0
171149, 61440, 1, 0, 0
171249, 62080, 1, 0, 0
171349, 62720, 1, 0, 0
171449, 60800, 1, 0, 0
171550, 60800, 1, 0, 0
171650, 61440, 1, 0, 0
171749, 60767, 1, 0, 0
171849, 60160, 1, 0, 0
171949, 57600, 1, 0, 0
172049, 59520, 1, 0, 0
172149, 62720, 1, 0, 0
172249, 60160, 1, 0, 0
172349, 57600, 1, 0, 0
172449, 61440, 1, 0, 0
172549, 60160, 1, 0, 0
172649, 62720, 1, 0, 0
172749, 60800, 1, 0, 0
172849, 62080, 1, 0, 0
172950, 61440, 1, 0, 0
173050, 60160, 1, 0, 0
173150, 60160, 1, 0, 0
173249, 60767, 1, 0, 0
173349, 60160, 1, 0, 0
173449, 59520, 1, 0, 0
173549, 62720, 1, 0, 0
173649, 62080, 1, 0, 0
173749, 61440, 1, 0, 0
173849, 62720, 1, 0, 0
173949, 59520, 1, 0, 0
174049, 64000, 1, 0, 0
174149, 60800, 1, 0, 0
174250, 60160, 1, 0, 0
174350, 60800, 1, 0, 0
174450, 60160, 1, 0, 0
174550, 63360, 1, 0, 0
174650, 61440, 1, 0, 0
174749, 59474, 1, 0, 0
174849, 59520, 1, 0, 0
174949, 62080, 1, 0, 0
175049, 62720, 1, 0, 0
175149, 59520, 1, 0, 0
175249, 59520, 1, 0, 0
175349, 60800, 1, 0, 0
175449, 60800, 1, 0, 0
175550, 61440, 1, 0, 0
175650, 60800, 1, 0, 0
175749, 61414, 1, 0, 0
175849, 62720, 1, 0, 0
175949, 60800, 1, 0, 0
176049, 63360, 1, 0, 0
176149, 62720, 1, 0, 0
176249, 60800, 1, 0, 0
176349, 60800, 1, 0, 0
176449, 62720, 1, 0, 0
176549, 62080, 1, 0, 0
176649, 60160, 1, 0, 0
176749, 62080, 1, 0, 0
176849, 60160, 1, 0, 0
176950, 62080, 1, 0, 0
177050, 60160, 1, 0, 0
177150, 63360, 1, 0, 0
177249, 59474, 1, 0, 0
177349, 61440, 1, 0, 0
177449, 59520, 1, 0, 0
177549, 62080, 1, 0, 0
177649, 62080, 1, 0, 0
177749, 61440, 1, 0, 0
177849, 61440, 1, 0, 0
177949, 61440, 1, 0, 0
178049, 61440, 1, 0, 0
178149, 58240, 1, 0, 0
178250, 60800, 1, 0, 0
178350, 59520, 1, 0, 0
178450, 60800, 1, 0, 0
178550, 58880, 1, 0, 0
178650, 60800, 1, 0, 0
178749, 62060, 1, 0, 0
178849, 61440, 1, 0, 0
178949, 65280, 1, 0, 0
179049, 62080, 1, 0, 0
179149, 62720, 1, 0, 0
179249, 62080, 1, 0, 0
179349, 62720, 1, 0, 0
179449, 63360, 1, 0, 0
179550, 62720, 1, 0, 0
179650, 60800, 1, 0, 0
179749, 61414, 1, 0, 0
179849, 60160, 1, 0, 0
179949, 65920, 1, 0, 0
180049, 60800, 1, 0, 0
180149, 60160, 1, 0, 0
180249, 60800, 1, 0, 0
180349, 60160, 1, 0, 0
180449, 59520, 1, 0, 0
180549, 62080, 1, 0, 0
180649, 64000, 1, 0, 0
180749, 60160, 1, 0, 0
180849, 64640, 1, 0, 0
180949, 57600, 1, 0, 0
181050, 62720, 1, 0, 0
181150, 58880, 1, 0, 0
181249, 62060, 1, 0, 0
181349, 60800, 1, 0, 0
181449, 64000, 1, 0, 0
181549, 62720, 1, 0, 0
181649, 62720, 1, 0, 0
181749, 62720, 1, 0, 0
181849, 62720, 1, 0, 0
181949, 62720, 1, 0, 0
182049, 60160, 1, 0, 0
182149, 65920, 1, 0, 0
182249, 62720, 1, 0, 0
182350, 60800, 1, 0, 0
182450, 61440, 1, 0, 0
182550, 58880, 1, 0, 0
182650, 60160, 1, 0, 0
182749, 58828, 1, 0, 0
182849, 65280, 1, 0, 0
182949, 62080, 1, 0, 0
183049, 63360, 1, 0, 0
183149, 64000, 1, 0, 0
183249, 62080, 1, 0, 0
183349, 62080, 1, 0, 0
183449, 62080, 1, 0, 0
183549, 63360, 1, 0, 0
183649, 62720, 1, 0, 0
183750, 62720, 1, 0, 0
183850, 62080, 1, 0, 0
183950, 64000, 1, 0, 0
184050, 61440, 1, 0, 0
184150, 61440, 1, 0, 0
184249, 60121, 1, 0, 0
184349, 62080, 1, 0, 0
184449, 63360, 1, 0, 0
184549, 60800, 1, 0, 0
184649, 62080, 1, 0, 0
184749, 62720, 1, 0, 0
184849, 62720, 1, 0, 0
184949, 62080, 1, 0, 0
185050, 62080, 1, 0, 0
185150, 59520, 1, 0, 0
185249, 61414, 1, 0, 0
185349, 60800, 1, 0, 0
185449, 58880, 1, 0, 0
185549, 60160, 1, 0, 0
185649, 61440, 1, 0, 0
185749, 60160, 1, 0, 0
185849, 61440, 1, 0, 0
185949, 59520, 1, 0, 0
186049, 64000, 1, 0, 0
186149, 59520, 1, 0, 0
186249, 63360, 1, 0, 0
186350, 62080, 1, 0, 0
186450, 63360, 1, 0, 0
186550, 60800, 1, 0, 0
186650, 61440, 1, 0, 0
186749, 62060, 1, 0, 0
186849, 61440, 1, 0, 0
186949, 62080, 1, 0, 0
187049, 65920, 1, 0, 0
187149, 64000, 1, 0, 0
187249, 62080, 1, 0, 0
187349, 63360, 1, 0, 0
187449, 62080, 1, 0, 0
187550, 63360, 1, 0, 0
187650, 62080, 1, 0, 0
187749, 61414, 1, 0, 0
187849, 63360, 1, 0, 0
187949, 61440, 1, 0, 0
188049, 60160, 1, 0, 0
188149, 59520, 1, 0, 0
188249, 60800, 1, 0, 0
188349, 61440, 1, 0, 0
188449, 58880, 1, 0, 0
188549, 59520, 1, 0, 0
188649, 63360, 1, 0, 0
188749, 64640, 1, 0, 0
188849, 60800, 1, 0, 0
188950, 61440, 1, 0, 0
189050, 62080, 1, 0, 0
189150, 64640, 1, 0, 0
189249, 59474, 1, 0, 0
189349, 59520, 1, 0, 0
189449, 64000, 1, 0, 0
189549, 58240, 1, 0, 0
189649, 60160, 1, 0, 0
189749, 62720, 1, 0, 0
189849, 61440, 1, 0, 0
189949, 58240, 1, 0, 0
190049, 61440, 1, 0, 0
190149, 62720, 1, 0, 0
190250, 60800, 1, 0, 0
190350, 60800, 1, 0, 0
190450, 59520, 1, 0, 0
190550, 64000, 1, 0, 0
190650, 60800, 1, 0, 0
190749, 62707, 1, 0, 0
190849, 64640, 1, 0, 0
190949, 60160, 1, 0, 0
191049, 61440, 1, 0, 0
191149, 61440, 1, 0, 0
191249, 64000, 1, 0, 0
191349, 58880, 1, 0, 0
191449, 60160, 1, 0, 0
191550, 60160, 1, 0, 0
191650, 60160, 1, 0, 0
191749, 62707, 1, 0, 0
191849, 62720, 1, 0, 0
191949, 62720, 1, 0, 0
192049, 62720, 1, 0, 0
192149, 62720, 1, 0, 0
192249, 61440, 1, 0, 0
192349, 65280, 1, 0, 0
192449, 62720, 1, 0, 0
192549, 61440, 1, 0, 0
192649, 64000, 1, 0, 0
192749, 60160, 1, 0, 0
192849, 62720, 1, 0, 0
192949, 62080, 1, 0, 0
193050, 62080, 1, 0, 0
193150, 61440, 1, 0, 0
193249, 62707, 1, 0, 0
193349, 62720, 1, 0, 0
193449, 61440, 1, 0, 0
193549, 60160, 1, 0, 0
193649, 65280, 1, 0, 0
193749, 62080, 1, 0, 0
193849, 62080, 1, 0, 0
193949, 62720, 1, 0, 0
194049, 61440, 1, 0, 0
194149, 60800, 1, 0, 0
194250, 62080, 1, 0, 0
194350, 60800, 1, 0, 0
194450, 59520, 1, 0, 0
194550, 64000, 1, 0, 0
194650, 62080, 1, 0, 0
194749, 59474, 1, 0, 0
194849, 61440, 1, 0, 0
194949, 62720, 1, 0, 0
195049, 63360, 1, 0, 0
195149, 60160, 1, 0, 0
195249, 60800, 1, 0, 0
195349, 58880, 1, 0, 0
195449, 63360, 1, 0, 0
195549, 60800, 1, 0, 0
195649, 62720, 1, 0, 0
195749, 60121, 1, 0, 0
195849, 62080, 1, 0, 0
195949, 60800, 1, 0, 0
196049, 60160, 1, 0, 0
196149, 57600, 1, 0, 0
196249, 61440, 1, 0, 0
196349, 62080, 1, 0, 0
196449, 63360, 1, 0, 0
196549, 63360, 1, 0, 0
196649, 60800, 1, 0, 0
196749, 64000, 1, 0, 0
196849, 61440, 1, 0, 0
196949, 62080, 1, 0, 0
197050, 62720, 1, 0, 0
197150, 60800, 1, 0, 0
197249, 64000, 1, 0, 0
197349, 60800, 1, 0, 0
197449, 63360, 1, 0, 0
197549, 60800, 1, 0, 0
197649, 58240, 1, 0, 0
197749, 58880, 1, 0, 0
197849, 59520, 1, 0, 0
197949, 60800, 1, 0, 0
198049, 59520, 1, 0, 0
198149, 59520, 1, 0, 0
198249, 61440, 1, 0, 0
198349, 63360, 1, 0, 0
198450, 64000, 1, 0, 0
198550, 62720, 1, 0, 0
198650, 63360, 1, 0, 0
198749, 62060, 1, 0, 0
198849, 60160, 1, 0, 0
198949, 58880, 1, 0, 0
199049, 60160, 1, 0, 0
199149, 63360, 1, 0, 0
199249, 64000, 1, 0, 0
199349, 62720, 1, 0, 0
199449, 58240, 1, 0, 0
199549, 60160, 1, 0, 0
199649, 58880, 1, 0, 0
199750, 60800, 1, 0, 0
199850, 62080, 1, 0, 0
199950, 64640, 1, 0, 0
200050, 62720, 1, 0, 0
200150, 60800, 1, 0, 0
200249, 62707, 1, 0, 0
200349, 62720, 1, 0, 0
200449, 64000, 1, 0, 0
200549, 62080, 1, 0, 0
200649, 63360, 1, 0, 0
200749, 63360, 1, 0, 0
200849, 62720, 1, 0, 0
200949, 61440, 1, 0, 0
201049, 60160, 1, 0, 0
201149, 64640, 1, 0, 0
201249, 62060, 1, 0, 0
201349, 62720, 1, 0, 0
201449, 61440, 1, 0, 0
201549, 62720, 1, 0, 0
201649, 61440, 1, 0, 0
201749, 63360, 1, 0, 0
201849, 65280, 1, 0, 0
201949, 60160, 1, 0, 0
202049, 64640, 1, 0, 0
202149, 62720, 1, 0, 0
202249, 61440, 1, 0, 0
202349, 59520, 1, 0, 0
202449, 60800, 1, 0, 0
202550, 58880, 1, 0, 0
202650, 52480, 1, 0, 0
202749, 61414, 1, 0, 0
202849, 60800, 1, 0, 0
202949, 58240, 1, 0, 0
203049, 63360, 1, 0, 0
203149, 62080, 1, 0, 0
203249, 62080, 1, 0, 0
203349, 63360, 1, 0, 0
203449, 62720, 1, 0, 0
203549, 62080, 1, 0, 0
203649, 60800, 1, 0, 0
203749, 62720, 1, 0, 0
203850, 63360, 1, 0, 0
203950, 60800, 1, 0, 0
204050, 62080, 1, 0, 0
204150, 63360, 1, 0, 0
204249, 62707, 1, 0, 0
204349, 63360, 1, 0, 0
204449, 61440, 1, 0, 0
204549, 60800, 1, 0, 0
204649, 61440, 1, 0, 0
204749, 63360, 1, 0, 0
204849, 59520, 1, 0, 0
204949, 60160, 1, 0, 0
205049, 61440, 1, 0, 0
205150, 62080, 1, 0, 0
205249, 64000, 1, 0, 0
205349, 65280, 1, 0, 0
205449, 63360, 1, 0, 0
205549, 60800, 1, 0, 0
205649, 64000, 1, 0, 0
205749, 61440, 1, 0, 0
205849, 59520, 1, 0, 0
205949, 60800, 1, 0, 0
206049, 64000, 1, 0, 0
206149, 64640, 1, 0, 0
206249, 58880, 1, 0, 0
206349, 60800, 1, 0, 0
206449, 60800, 1, 0, 0
206550, 59520, 1, 0, 0
206650, 60160, 1, 0, 0
206749, 62707, 1, 0, 0
206849, 61440, 1, 0, 0
206949, 60800, 1, 0, 0
207049, 62080, 1, 0, 0
207149, 59520, 1, 0, 0
207249, 60800, 1, 0, 0
207349, 60800, 1, 0, 0
207449, 62080, 1, 0, 0
207549, 62720, 1, 0, 0
207649, 62080, 1, 0, 0
207750, 63360, 1, 0, 0
207850, 61440, 1, 0, 0
207950, 62080, 1, 0, 0
208050, 62080, 1, 0, 0
208150, 58240, 1, 0, 0
208249, 59474, 1, 0, 0
208349, 62080, 1, 0, 0
208449, 62720, 1, 0, 0
208549, 58880, 1, 0, 0
208649, 61440, 1, 0, 0
208749, 62080, 1, 0, 0
208849, 62080, 1, 0, 0
208949, 62080, 1, 0, 0
209049, 60800, 1, 0, 0
209149, 58240, 1, 0, 0
209250, 57600, 1, 0, 0
209350, 62720, 1, 0, 0
209450, 62720, 1, 0, 0
209550, 60160, 1, 0, 0
209650, 61440, 1, 0, 0
209749, 61414, 1, 0, 0
209849, 60800, 1, 0, 0
209949, 61440, 1, 0, 0
210049, 60800, 1, 0, 0
210149, 61440, 1, 0, 0
210249, 61440, 1, 0, 0
210349, 58240, 1, 0, 0
210449, 60800, 1, 0, 0
210549, 62080, 1, 0, 0
210650, 60160, 1, 0, 0
210749, 61414, 1, 0, 0
210849, 61440, 1, 0, 0
210949, 58880, 1, 0, 0
211049, 60160, 1, 0, 0
211149, 60800, 1, 0, 0
211249, 62080, 1, 0, 0
211349, 64640, 1, 0, 0
211449, 60160, 1, 0, 0
211549, 58240, 1, 0, 0
211649, 60800, 1, 0, 0
211749, 63360, 1, 0, 0
211849, 57600, 1, 0, 0
211949, 60800, 1, 0, 0
212050, 60160, 1, 0, 0
212150, 59520, 1, 0, 0
212249, 62060, 1, 0, 0
212349, 58880, 1, 0, 0
212449, 61440, 1, 0, 0
212549, 60160, 1, 0, 0
212649, 58240, 1, 0, 0
212749, 60800, 1, 0, 0
212849, 64000, 1, 0, 0
212949, 62080, 1, 0, 0
213049, 60160, 1, 0, 0
213149, 58880, 1, 0, 0
213250, 59520, 1, 0, 0
213350, 60800, 1, 0, 0
213450, 57600, 1, 0, 0
213550, 60800, 1, 0, 0
213650, 59520, 1, 0, 0
213749, 60121, 1, 0, 0
213849, 60160, 1, 0, 0
213949, 57600, 1, 0, 0
214049, 58240, 1, 0, 0
214149, 58880, 1, 0, 0
214249, 59520, 1, 0, 0
214349, 59520, 1, 0, 0
214449, 60800, 1, 0, 0
214549, 59520, 1, 0, 0
214650, 62720, 1, 0, 0
214749, 62060, 1, 0, 0
214849, 59520, 1, 0, 0
214949, 62080, 1, 0, 0
215049, 60160, 1, 0, 0
215149, 60800, 1, 0, 0
215249, 60800, 1, 0, 0
215349, 62080, 1, 0, 0
215449, 60800, 1, 0, 0
215549, 60160, 1, 0, 0
215649, 59520, 1, 0, 0
215749, 60160, 1, 0, 0
215849, 60160, 1, 0, 0
215949, 57600, 1, 0, 0
216050, 61440, 1, 0, 0
216150, 60160, 1, 0, 0
216249, 59474, 1, 0, 0
216349, 60800, 1, 0, 0
216449, 62720, 1, 0, 0
216549, 63360, 1, 0, 0
216649, 60800, 1, 0, 0
216749, 62080, 1, 0, 0
216849, 58880, 1, 0, 0
216949, 61440, 1, 0, 0
217049, 64640, 1, 0, 0
217149, 61440, 1, 0, 0
217249, 60160, 1, 0, 0
217349, 62720, 1, 0, 0
217449, 61440, 1, 0, 0
217550, 62080, 1, 0, 0
217650, 62080, 1, 0, 0
217749, 60121, 1, 0, 0
217849, 58880, 1, 0, 0
217949, 60800, 1, 0, 0
218049, 64640, 1, 0, 0
218149, 58240, 1, 0, 0
218249, 60800, 1, 0, 0
218349, 63360, 1, 0, 0
218449, 62080, 1, 0, 0
218549, 60800, 1, 0, 0
218649, 61440, 1, 0, 0
218750, 60160, 1, 0, 0
218850, 62720, 1, 0, 0
218950, 62080, 1, 0, 0
219050, 61440, 1, 0, 0
219150, 61440, 1, 0, 0
219249, 63353, 1, 0, 0
219349, 60160, 1, 0, 0
219449, 63360, 1, 0, 0
219549, 64000, 1, 0, 0
219649, 62720, 1, 0, 0
219749, 61440, 1, 0, 0
219849, 62080, 1, 0, 0
219949, 61440, 1, 0, 0
220049, 63360, 1, 0, 0
220150, 58880, 1, 0, 0
220249, 62707, 1, 0, 0
220349, 60800, 1, 0, 0
220449, 62720, 1, 0, 0
220549, 62080, 1, 0, 0
220649, 58880, 1, 0, 0
220749, 60160, 1, 0, 0
220849, 63360, 1, 0, 0
220949, 59520, 1, 0, 0
221049, 65280, 1, 0, 0
221149, 62080, 1, 0, 0
221249, 59520, 1, 0, 0
221349, 62080, 1, 0, 0
221450, 63360, 1, 0, 0
221550, 63360, 1, 0, 0
221650, 62720, 1, 0, 0
221749, 62707, 1, 0, 0
221849, 62720, 1, 0, 0
221949, 63360, 1, 0, 0
222049, 60800, 1, 0, 0
222149, 62720, 1, 0, 0
222249, 64000, 1, 0, 0
222349, 62080, 1, 0, 0
222449, 62720, 1, 0, 0
222549, 59520, 1, 0, 0
222649, 62720, 1, 0, 0
222750, 64000, 1, 0, 0
222850, 61440, 1, 0, 0
222950, 62080, 1, 0, 0
223050, 63360, 1, 0, 0
223150, 62720, 1, 0, 0
223249, 64000, 1, 0, 0
223349, 60800, 1, 0, 0
223449, 62080, 1, 0, 0
223549, 62720, 1, 0, 0
223649, 58880, 1, 0, 0
223749, 63360, 1, 0, 0
223849, 61440, 1, 0, 0
223949, 62720, 1, 0, 0
224050, 62720, 1, 0, 0
224150, 64000, 1, 0, 0
224249, 58828, 1, 0, 0
224349, 60160, 1, 0, 0
224449, 60800, 1, 0, 0
224549, 60160, 1, 0, 0
224649, 64640, 1, 0, 0
224749, 64000, 1, 0, 0
224849, 65280, 1, 0, 0
224949, 65920, 1, 0, 0
225049, 62720, 1, 0, 0
225149, 65280, 1, 0, 0
225249, 62720, 1, 0, 0
225349, 62720, 1, 0, 0
225450, 62080, 1, 0, 0
225550, 58880, 1, 0, 0
225650, 62080, 1, 0, 0
225749, 62707, 1, 0, 0
225849, 62080, 1, 0, 0
225949, 62720, 1, 0, 0
226049, 62720, 1, 0, 0
226149, 60800, 1, 0, 0
226249, 62080, 1, 0, 0
226349, 60800, 1, 0, 0
226449, 61440, 1, 0, 0
226549, 61440, 1, 0, 0
226649, 62080, 1, 0, 0
226750, 62080, 1, 0, 0
226850, 59520, 1, 0, 0
226950, 62720, 1, 0, 0
227050, 62080, 1, 0, 0
227150, 60160, 1, 0, 0
227249, 62060, 1, 0, 0
227349, 64640, 1, 0, 0
227449, 62720, 1, 0, 0
227549, 62080, 1, 0, 0
227649, 62720, 1, 0, 0
227749, 62080, 1, 0, 0
227849, 63360, 1, 0, 0
227949, 62080, 1, 0, 0
228049, 61440, 1, 0, 0
228150, 62720, 1, 0, 0
228249, 60767, 1, 0, 0
228349, 61440, 1, 0, 0
228449, 61440, 1, 0, 0
228549, 64640, 1, 0, 0
228649, 61440, 1, 0, 0
228749, 58880, 1, 0, 0
228849, 58880, 1, 0, 0
228949, 59520, 1, 0, 0
229049, 59520, 1, 0, 0
229149, 64000, 1, 0, 0
229249, 60800, 1, 0, 0
229349, 62080, 1, 0, 0
229450, 60160, 1, 0, 0
229550, 58880, 1, 0, 0
229650, 58880, 1, 0, 0
229749, 61414, 1, 0, 0
229849, 62080, 1, 0, 0
229949, 62720, 1, 0, 0
230049, 62080, 1, 0, 0
230149, 62720, 1, 0, 0
230249, 62080, 1, 0, 0
230349, 60160, 1, 0, 0
230449, 63360, 1, 0, 0
230549, 62080, 1, 0, 0
230649, 62080, 1, 0, 0
230750, 60160, 1, 0, 0
230850, 59520, 1, 0, 0
230950, 57600, 1, 0, 0
231050, 62080, 1, 0, 0
231150, 63360, 1, 0, 0
231249, 62060, 1, 0, 0
231349, 58880, 1, 0, 0
231449, 63360, 1, 0, 0
231549, 60800, 1, 0, 0
231649, 58880, 1, 0, 0
231749, 59520, 1, 0, 0
231849, 60800, 1, 0, 0
231949, 64000, 1, 0, 0
232050, 60160, 1, 0, 0
232150, 60160, 1, 0, 0
232249, 56888, 1, 0, 0
232349, 61440, 1, 0, 0
232449, 62720, 1, 0, 0
232549, 63360, 1, 0, 0
232649, 61440, 1, 0, 0
232749, 61440, 1, 0, 0
232849, 59520, 1, 0, 0
232949, 59520, 1, 0, 0
233049, 60800, 1, 0, 0
233149, 60160, 1, 0, 0
233250, 58240, 1, 0, 0
233350, 60800, 1, 0, 0
233450, 60160, 1, 0, 0
233550, 62720, 1, 0, 0
233650, 58880, 1, 0, 0
233749, 61414, 1, 0, 0
233849, 62720, 1, 0, 0
233949, 63360, 1, 0, 0
234049, 60800, 1, 0, 0
234149, 60160, 1, 0, 0
234249, 62720, 1, 0, 0
234349, 59520, 1, 0, 0
234449, 62080, 1, 0, 0
234550, 61440, 1, 0, 0
234650, 59520, 1, 0, 0
234749, 61414, 1, 0, 0
234849, 60800, 1, 0, 0
234949, 62720, 1, 0, 0
235049, 58880, 1, 0, 0
235149, 62080, 1, 0, 0
235249, 60160, 1, 0, 0
235349, 60800, 1, 0, 0
235449, 62080, 1, 0, 0
235549, 62080, 1, 0, 0
235649, 60800, 1, 0, 0
235749, 62080, 1, 0, 0
235849, 60160, 1, 0, 0
235950, 60800, 1, 0, 0
236050, 62720, 1, 0, 0
236150, 62080, 1, 0, 0
236249, 65939, 1, 0, 0
236349, 61440, 1, 0, 0
236449, 64640, 1, 0, 0
236549, 62720, 1, 0, 0
236649, 62080, 1, 0, 0
236749, 58880, 1, 0, 0
236849, 61440, 1, 0, 0
236949, 60160, 1, 0, 0
237049, 60160, 1, 0, 0
237149, 61440, 1, 0, 0
237250, 59520, 1, 0, 0
237350, 63360, 1, 0, 0
237450, 60160, 1, 0, 0
237550, 62080, 1, 0, 0
237650, 62720, 1, 0, 0
237749, 62707, 1, 0, 0
237849, 62080, 1, 0, 0
237949, 60800, 1, 0, 0
238049, 59520, 1, 0, 0
238149, 64640, 1, 0, 0
238249, 60800, 1, 0, 0
238349, 65280, 1, 0, 0
238449, 62080, 1, 0, 0
238550, 62720, 1, 0, 0
238650, 64000, 1, 0, 0
238749, 63353, 1, 0, 0
238849, 60160, 1, 0, 0
238949, 60800, 1, 0, 0
239049, 62080, 1, 0, 0
239149, 62720, 1, 0, 0
239249, 64000, 1, 0, 0
239349, 60800, 1, 0, 0
239449, 61440, 1, 0, 0
239549, 62720, 1, 0, 0
239649, 64640, 1, 0, 0
239749, 62080, 1, 0, 0
239850, 60160, 1, 0, 0
239950, 61440, 1, 0, 0
240050, 62080, 1, 0, 0
240150, 62720, 1, 0, 0
240249, 64646, 1, 0, 0
240349, 64640, 1, 0, 0
240449, 62080, 1, 0, 0
240549, 60800, 1, 0, 0
240649, 65280, 1, 0, 0
240749, 60160, 1, 0, 0
240849, 60800, 1, 0, 0
240949, 60800, 1, 0, 0
241049, 62080, 1, 0, 0
241149, 60800, 1, 0, 0
241250, 56320, 1, 0, 0
241350, 60800, 1, 0, 0
241450, 63360, 1, 0, 0
241550, 64000, 1, 0, 0
241650, 62720, 1, 0, 0
241749, 63353, 1, 0, 0
241849, 64640, 1, 0, 0
241949, 61440, 1, 0, 0
242049, 65920, 1, 0, 0
242149, 62720, 1, 0, 0
242249, 61440, 1, 0, 0
242349, 61440, 1, 0, 0
242449, 61440, 1, 0, 0
242550, 64000, 1, 0, 0
242650, 64640, 1, 0, 0
242749, 61414, 1, 0, 0
242849, 61440, 1, 0, 0
242949, 61440, 1, 0, 0
243049, 63360, 1, 0, 0
243149, 58880, 1, 0, 0
243249, 60800, 1, 0, 0
243349, 60800, 1, 0, 0
243449, 60800, 1, 0, 0
243549, 59520, 1, 0, 0
243649, 61440, 1, 0, 0
243749, 62080, 1, 0, 0
243849, 59520, 1, 0, 0
243949, 58880, 1, 0, 0
244050, 60160, 1, 0, 0
244150, 58880, 1, 0, 0
244249, 63353, 1, 0, 0
244349, 60160, 1, 0, 0
244449, 60800, 1, 0, 0
244549, 64000, 1, 0, 0
244649, 63360, 1, 0, 0
244749, 59520, 1, 0, 0
244849, 61440, 1, 0, 0
244949, 61440, 1, 0, 0
245049, 60800, 1, 0, 0
245149, 62720, 1, 0, 0
245250, 58240, 1, 0, 0
245350, 60160, 1, 0, 0
245450, 62720, 1, 0, 0
245550, 62720, 1, 0, 0
245650, 58880, 1, 0, 0
245749, 62060, 1, 0, 0
245849, 62080, 1, 0, 0
245949, 60160, 1, 0, 0
246049, 63360, 1, 0, 0
246149, 61440, 1, 0, 0
246249, 61440, 1, 0, 0
246349, 57600, 1, 0, 0
246449, 60800, 1, 0, 0
246549, 58240, 1, 0, 0
246650, 59520, 1, 0, 0
246749, 63353, 1, 0, 0
246849, 62080, 1, 0, 0
246949, 64000, 1, 0, 0
247049, 62720, 1, 0, 0
247149, 62720, 1, 0, 0
247249, 61440, 1, 0, 0
247349, 61440, 1, 0, 0
247449, 60800, 1, 0, 0
247549, 60160, 1, 0, 0
247649, 62720, 1, 0, 0
247749, 62720, 1, 0, 0
247849, 61440, 1, 0, 0
247950, 60160, 1, 0, 0
248050, 58240, 1, 0, 0
248150, 59520, 1, 0, 0
248249, 58181, 1, 0, 0
248349, 60160, 1, 0, 0
248449, 58880, 1, 0, 0
248549, 60160, 1, 0, 0
248649, 62080, 1, 0, 0
248749, 58880, 1, 0, 0
248849, 60160, 1, 0, 0
248949, 60160, 1, 0, 0
249049, 62080, 1, 0, 0
249149, 63360, 1, 0, 0
249250, 62080, 1, 0, 0
249350, 60800, 1, 0, 0
249450, 60160, 1, 0, 0
249550, 62720, 1, 0, 0
249650, 57600, 1, 0, 0
249749, 61414, 1, 0, 0
249849, 62720, 1, 0, 0
249949, 64000, 1, 0, 0
250049, 64640, 1, 0, 0
250149, 62080, 1, 0, 0
250249, 58880, 1, 0, 0
250349, 60160, 1, 0, 0
250449, 65920, 1, 0, 0
250549, 59520, 1, 0, 0
250650, 61440, 1, 0, 0
250749, 62060, 1, 0, 0
250849, 58880, 1, 0, 0
250949, 62080, 1, 0, 0
251049, 60800, 1, 0, 0
251149, 61440, 1, 0, 0
251249, 61440, 1, 0, 0
251349, 60160, 1, 0, 0
251449, 60800, 1, 0, 0
251549, 60160, 1, 0, 0
251649, 64640, 1, 0, 0
251749, 62720, 1, 0, 0
251850, 62080, 1, 0, 0
251950, 61440, 1, 0, 0
252050, 60800, 1, 0, 0
252150, 60800, 1, 0, 0
252249, 58828, 1, 0, 0
252349, 58240, 1, 0, 0
252449, 60160, 1, 0, 0
252549, 62080, 1, 0, 0
252649, 62720, 1, 0, 0
252749, 63360, 1, 0, 0
252849, 60160, 1, 0, 0
252949, 61440, 1, 0, 0
253049, 58240, 1, 0, 0
253150, 59520, 1, 0, 0
253249, 59474, 1, 0, 0
253349, 58880, 1, 0, 0
253449, 59520, 1, 0, 0
253549, 59520, 1, 0, 0
253649, 62080, 1, 0, 0
253749, 61440, 1, 0, 0
253849, 61440, 1, 0, 0
253949, 63360, 1, 0, 0
254049, 58240, 1, 0, 0
254149, 60160, 1, 0, 0
254249, 62720, 1, 0, 0
254349, 60800, 1, 0, 0
254449, 61440, 1, 0, 0
254550, 64640, 1, 0, 0
254650, 59520, 1, 0, 0
254749, 61414, 1, 0, 0
254849, 62080, 1, 0, 0
254949, 61440, 1, 0, 0
255049, 60800, 1, 0, 0
255149, 61440, 1, 0, 0
255249, 62080, 1, 0, 0
255349, 62720, 1, 0, 0
255449, 61440, 1, 0, 0
255549, 58240, 1, 0, 0
255649, 60160, 1, 0, 0
255750, 61440, 1, 0, 0
255850, 62720, 1, 0, 0
255950, 61440, 1, 0, 0
256050, 61440, 1, 0, 0
256150, 62720, 1, 0, 0
256249, 60121, 1, 0, 0
256349, 62080, 1, 0, 0
256449, 60800, 1, 0, 0
256549, 61440, 1, 0, 0
256649, 62080, 1, 0, 0
256749, 62720, 1, 0, 0
256849, 60160, 1, 0, 0
256949, 61440, 1, 0, 0
257049, 60160, 1, 0, 0
257150, 61440, 1, 0, 0
257249, 60767, 1, 0, 0
257349, 61440, 1, 0, 0
257449, 64000, 1, 0, 0
257549, 61440, 1, 0, 0
257649, 60800, 1, 0, 0
257749, 63360, 1, 0, 0
257849, 63360, 1, 0, 0
257949, 63360, 1, 0, 0
258049, 64000, 1, 0, 0
258149, 58880, 1, 0, 0
258249, 64000, 1, 0, 0
258349, 60160, 1, 0, 0
258449, 63360, 1, 0, 0
258550, 60800, 1, 0, 0
258650, 64640, 1, 0, 0
258749, 65939, 1, 0, 0
258849, 61440, 1, 0, 0
258949, 61440, 1, 0, 0
259049, 61440, 1, 0, 0
259149, 61440, 1, 0, 0
259249, 57600, 1, 0, 0
259349, 62720, 1, 0, 0
259449, 60800, 1, 0, 0
259549, 60800, 1, 0, 0
259649, 60160, 1, 0, 0
259750, 60160, 1, 0, 0
259850, 59520, 1, 0, 0
259950, 58240, 1, 0, 0
260050, 60160, 1, 0, 0
260150, 59520, 1, 0, 0
260249, 60767, 1, 0, 0
260349, 59520, 1, 0, 0
260449, 60800, 1, 0, 0
260549, 60160, 1, 0, 0
260649, 64640, 1, 0, 0
260749, 62080, 1, 0, 0
260849, 59520, 1, 0, 0
260949, 56960, 1, 0, 0
261049, 60160, 1, 0, 0
261150, 62080, 1, 0, 0
261249, 60767, 1, 0, 0
261349, 62720, 1, 0, 0
261449, 62720, 1, 0, 0
261549, 60160, 1, 0, 0
261649, 62080, 1, 0, 0
261749, 62720, 1, 0, 0
261849, 62720, 1, 0, 0
261949, 60800, 1, 0, 0
262049, 58880, 1, 0, 0
262149, 58240, 1, 0, 0
262249, 62720, 1, 0, 0
262349, 61440, 1, 0, 0
262449, 61440, 1, 0, 0
262550, 65280, 1, 0, 0
262650, 58880, 1, 0, 0
262749, 60767, 1, 0, 0
262849, 61440, 1, 0, 0
262949, 62080, 1, 0, 0
263049, 62720, 1, 0, 0
263149, 64000, 1, 0, 0
263249, 61440, 1, 0, 0
263349, 60800, 1, 0, 0
263449, 60160, 1, 0, 0
263549, 64640, 1, 0, 0
263649, 63360, 1, 0, 0
263749, 62720, 1, 0, 0
263850, 60160, 1, 0, 0
263950, 58880, 1, 0, 0
264050, 59520, 1, 0, 0
264150, 59520, 1, 0, 0
264249, 60121, 1, 0, 0
264349, 61440, 1, 0, 0
264449, 60160, 1, 0, 0
264549, 61440, 1, 0, 0
264649, 60800, 1, 0, 0
264749, 62080, 1, 0, 0
264849, 59520, 1, 0, 0
264949, 60160, 1, 0, 0
265049, 62080, 1, 0, 0
265150, 62080, 1, 0, 0
265249, 60121, 1, 0, 0
265349, 59520, 1, 0, 0
265449, 60160, 1, 0, 0
265549, 61440, 1, 0, 0
265649, 58240, 1, 0, 0
265749, 58880, 1, 0, 0
265849, 60800, 1, 0, 0
265949, 56960, 1, 0, 0
266049, 59520, 1, 0, 0
266149, 59520, 1, 0, 0
266249, 59520, 1, 0, 0
266349, 57600, 1, 0, 0
266450, 58880, 1, 0, 0
266550, 60160, 1, 0, 0
266650, 62080, 1, 0, 0
266749, 60767, 1, 0, 0
266849, 58240, 1, 0, 0
266949, 58240, 1, 0, 0
267049, 58880, 1, 0, 0
267149, 60800, 1, 0, 0
267249, 59520, 1, 0, 0
267349, 59520, 1, 0, 0
267449, 56960, 1, 0, 0
267549, 59520, 1, 0, 0
267649, 59520, 1, 0, 0
267750, 59520, 1, 0, 0
267850, 56960, 1, 0, 0
267950, 59520, 1, 0, 0
268050, 56960, 1, 0, 0
268150, 61440, 1, 0, 0
268249, 60767, 1, 0, 0
268349, 60160, 1, 0, 0
268449, 61440, 1, 0, 0
268549, 59520, 1, 0, 0
268649, 58240, 1, 0, 0
268749, 58240, 1, 0, 0
268849, 60800, 1, 0, 0
268949, 60160, 1, 0, 0
269050, 62080, 1, 0, 0
269150, 64000, 1, 0, 0
269249, 60121, 1, 0, 0
269349, 64000, 1, 0, 0
269449, 60800, 1, 0, 0
269549, 58880, 1, 0, 0
269649, 58880, 1, 0, 0
269749, 57600, 1, 0, 0
269849, 60160, 1, 0, 0
269949, 60160, 1, 0, 0
270049, 60800, 1, 0, 0
270149, 59520, 1, 0, 0
270249, 63360, 1, 0, 0
270350, 63360, 1, 0, 0
270450, 56960, 1, 0, 0
270550, 57600, 1, 0, 0
270650, 64000, 1, 0, 0
270749, 62707, 1, 0, 0
270849, 61440, 1, 0, 0
270949, 62720, 1, 0, 0
271049, 58240, 1, 0, 0
271149, 60160, 1, 0, 0
271249, 60160, 1, 0, 0
271349, 62080, 1, 0, 0
271449, 60800, 1, 0, 0
271549, 62080, 1, 0, 0
271649, 62720, 1, 0, 0
271749, 63353, 1, 0, 0
271849, 60800, 1, 0, 0
271949, 64640, 1, 0, 0
272049, 64000, 1, 0, 0
272149, 61440, 1, 0, 0
272249, 62720, 1, 0, 0
272349, 60160, 1, 0, 0
272449, 61440, 1, 0, 0
272549, 63360, 1, 0, 0
272649, 59520, 1, 0, 0
272749, 60160, 1, 0, 0
272849, 60800, 1, 0, 0
272949, 60800, 1, 0, 0
273050, 62720, 1, 0, 0
273150, 59520, 1, 0, 0
273249, 64000, 1, 0, 0
273349, 58240, 1, 0, 0
273449, 62080, 1, 0, 0
273549, 62080, 1, 0, 0
273649, 62720, 1, 0, 0
273749, 59520, 1, 0, 0
273849, 62080, 1, 0, 0
273949, 62080, 1, 0, 0
274049, 62080, 1, 0, 0
274149, 62720, 1, 0, 0
274249, 58880, 1, 0, 0
274349, 62720, 1, 0, 0
274450, 64640, 1, 0, 0
274550, 60800, 1, 0, 0
274650, 64000, 1, 0, 0
274749, 60121, 1, 0, 0
274849, 61440, 1, 0, 0
274949, 63360, 1, 0, 0
275049, 61440, 1, 0, 0
275149, 60160, 1, 0, 0
275249, 64640, 1, 0, 0
275349, 62720, 1, 0, 0
275449, 64640, 1, 0, 0
275549, 65280, 1, 0, 0
275649, 63360, 1, 0, 0
275750, 58880, 1, 0, 0
275850, 63360, 1, 0, 0
275950, 62720, 1, 0, 0
276050, 59520, 1, 0, 0
276150, 64000, 1, 0, 0
276249, 62060, 1, 0, 0
276349, 56960, 1, 0, 0
276449, 62720, 1, 0, 0
276549, 64000, 1, 0, 0
276649, 62720, 1, 0, 0
276749, 60160, 1, 0, 0
276849, 64640, 1, 0, 0
276949, 62720, 1, 0, 0
277049, 62720, 1, 0, 0
277150, 64640, 1, 0, 0
277249, 60767, 1, 0, 0
277349, 62720, 1, 0, 0
277449, 62080, 1, 0, 0
277549, 64000, 1, 0, 0
277649, 62080, 1, 0, 0
277749, 63360, 1, 0, 0
277849, 60800, 1, 0, 0
277949, 62720, 1, 0, 0
278049, 62080, 1, 0, 0
278149, 60800, 1, 0, 0
278249, 61440, 1, 0, 0
278349, 62720, 1, 0, 0
278449, 62720, 1, 0, 0
278550, 62080, 1, 0, 0
278650, 63360, 1, 0, 0
278749, 61414, 1, 0, 0
278849, 60800, 1, 0, 0
278949, 64000, 1, 0, 0
279049, 62080, 1, 0, 0
279149, 62080, 1, 0, 0
279249, 62720, 1, 0, 0
279349, 62080, 1, 0, 0
279449, 62720, 1, 0, 0
279549, 60160, 1, 0, 0
279649, 58880, 1, 0, 0
279749, 62080, 1, 0, 0
279849, 60160, 1, 0, 0
279950, 58880, 1, 0, 0
280050, 60160, 1, 0, 0
280150, 59520, 1, 0, 0
280249, 60121, 1, 0, 0
280349, 63360, 1, 0, 0
280449, 62720, 1, 0, 0
280549, 59520, 1, 0, 0
280649, 63360, 1, 0, 0
280749, 60800, 1, 0, 0
280849, 61440, 1, 0, 0
280949, 62080, 1, 0, 0
281049, 62080, 1, 0, 0
281149, 60800, 1, 0, 0
281250, 63360, 1, 0, 0
281350, 62720, 1, 0, 0
281450, 62080, 1, 0, 0
281550, 58880, 1, 0, 0
281650, 60160, 1, 0, 0
281749, 60121, 1, 0, 0
281849, 59520, 1, 0, 0
281949, 63360, 1, 0, 0
282049, 58880, 1, 0, 0
282149, 59520, 1, 0, 0
282249, 63360, 1, 0, 0
282349, 58880, 1, 0, 0
282449, 63360, 1, 0, 0
282550, 61440, 1, 0, 0
282650, 59520, 1, 0, 0
282749, 60767, 1, 0, 0
282849, 61440, 1, 0, 0
282949, 60800, 1, 0, 0
283049, 63360, 1, 0, 0
283149, 61440, 1, 0, 0
283249, 64640, 1, 0, 0
283349, 60800, 1, 0, 0
283449, 61440, 1, 0, 0
283549, 60160, 1, 0, 0
283649, 58880, 1, 0, 0
283749, 61440, 1, 0, 0
283849, 64000, 1, 0, 0
283950, 62080, 1, 0, 0
284050, 61440, 1, 0, 0
284150, 61440, 1, 0, 0
284249, 58828, 1, 0, 0
284349, 58240, 1, 0, 0
284449, 62080, 1, 0, 0
284549, 61440, 1, 0, 0
284649, 62080, 1, 0, 0
284749, 62720, 1, 0, 0
284849, 58240, 1, 0, 0
284949, 59520, 1, 0, 0
285049, 64640, 1, 0, 0
285149, 61440, 1, 0, 0
285250, 62080, 1, 0, 0
285350, 62720, 1, 0, 0
285450, 63360, 1, 0, 0
285550, 60160, 1, 0, 0
285650, 61440, 1, 0, 0
285749, 64000, 1, 0, 0
285849, 61440, 1, 0, 0
285949, 61440, 1, 0, 0
286049, 60800, 1, 0, 0
286149, 61440, 1, 0, 0
286249, 64000, 1, 0, 0
286349, 62720, 1, 0, 0
286449, 60800, 1, 0, 0
286549, 59520, 1, 0, 0
286650, 62080, 1, 0, 0
286749, 59474, 1, 0, 0
286849, 61440, 1, 0, 0
286949, 60160, 1, 0, 0
287049, 59520, 1, 0, 0
287149, 62720, 1, 0, 0
287249, 63360, 1, 0, 0
287349, 64000, 1, 0, 0
287449, 63360, 1, 0, 0
287549, 64000, 1, 0, 0
287649, 62720, 1, 0, 0
287749, 58880, 1, 0, 0
287849, 61440, 1, 0, 0
287949, 62720, 1, 0, 0
288050, 62080, 1, 0, 0
288150, 64000, 1, 0, 0
288249, 62060, 1, 0, 0
288349, 61440, 1, 0, 0
288449, 65920, 1, 0, 0
288549, 62080, 1, 0, 0
288649, 61440, 1, 0, 0
288749, 62080, 1, 0, 0
288849, 62720, 1, 0, 0
288949, 64640, 1, 0, 0
289049, 60800, 1, 0, 0
289149, 62080, 1, 0, 0
289250, 62720, 1, 0, 0
289350, 63360, 1, 0, 0
289450, 63360, 1, 0, 0
289550, 62720, 1, 0, 0
289650, 59520, 1, 0, 0
289749, 64000, 1, 0, 0
289849, 64640, 1, 0, 0
289949, 64000, 1, 0, 0
290049, 65920, 1, 0, 0
290149, 64000, 1, 0, 0
290249, 64000, 1, 0, 0
290349, 61440, 1, 0, 0
290449, 60800, 1, 0, 0
290550, 62720, 1, 0, 0
290650, 63360, 1, 0, 0
290749, 64646, 1, 0, 0
290849, 64000, 1, 0, 0
290949, 63360, 1, 0, 0
291049, 60160, 1, 0, 0
291149, 60160, 1, 0, 0
291249, 62720, 1, 0, 0
291349, 60160, 1, 0, 0
291449, 61440, 1, 0, 0
291549, 62720, 1, 0, 0
291649, 59520, 1, 0, 0
291749, 60160, 1, 0, 0
291849, 62080, 1, 0, 0
291949, 62080, 1, 0, 0
292050, 63360, 1, 0, 0
292150, 60800, 1, 0, 0
292249, 62707, 1, 0, 0
292349, 62720, 1, 0, 0
292449, 60160, 1, 0, 0
292549, 61440, 1, 0, 0
292649, 60800, 1, 0, 0
292749, 62080, 1, 0, 0
292849, 60800, 1, 0, 0
292949, 60800, 1, 0, 0
293049, 61440, 1, 0, 0
293149, 62080, 1, 0, 0
293250, 60160, 1, 0, 0
293350, 60800, 1, 0, 0
293450, 60160, 1, 0, 0
293550, 61440, 1, 0, 0
293650, 59520, 1, 0, 0
293749, 61414, 1, 0, 0
293849, 61440, 1, 0, 0
293949, 61440, 1, 0, 0
294049, 61440, 1, 0, 0
294149, 60800, 1, 0, 0
294249, 62080, 1, 0, 0
294349, 58880, 1, 0, 0
294449, 60160, 1, 0, 0
294550, 64000, 1, 0, 0
294650, 60800, 1, 0, 0
294749, 61414, 1, 0, 0
294849, 60800, 1, 0, 0
294949, 58880, 1, 0, 0
295049, 61440, 1, 0, 0
295149, 62720, 1, 0, 0
295249, 60160, 1, 0, 0
295349, 59520, 1, 0, 0
295449, 64000, 1, 0, 0
295549, 62720, 1, 0, 0
295650, 57600, 1, 0, 0
295749, 60121, 1, 0, 0
295849, 60800, 1, 0, 0
295949, 61440, 1, 0, 0
296049, 62720, 1, 0, 0
296149, 64000, 1, 0, 0
296249, 60160, 1, 0, 0
296349, 60800, 1, 0, 0
296449, 61440, 1, 0, 0
296549, 60800, 1, 0, 0
296649, 62720, 1, 0, 0
296749, 61440, 1, 0, 0
296849, 62080, 1, 0, 0
296949, 61440, 1, 0, 0
297050, 61440, 1, 0, 0
297150, 62720, 1, 0, 0
297249, 59474, 1, 0, 0
297349, 60160, 1, 0, 0
297449, 64000, 1, 0, 0
297549, 59520, 1, 0, 0
297649, 62080, 1, 0, 0
297749, 61440, 1, 0, 0
297849, 62080, 1, 0, 0
297949, 63360, 1, 0, 0
298049, 61440, 1, 0, 0
298149, 59520, 1, 0, 0
298249, 62720, 1, 0, 0
298350, 60160, 1, 0, 0
298450, 60800, 1, 0, 0
298550, 62080, 1, 0, 0
298650, 62080, 1, 0, 0
298749, 60121, 1, 0, 0
298849, 59520, 1, 0, 0
298949, 60800, 1, 0, 0
299049, 57600, 1, 0, 0
299149, 62080, 1, 0, 0
299249, 62080, 1, 0, 0
299349, 64000, 1, 0, 0
299449, 62720, 1, 0, 0
299549, 62080, 1, 0, 0
299649, 60800, 1, 0, 0
299750, 64000, 1, 0, 0
299850, 60800, 1, 0, 0
299950, 60800, 1, 0, 0
300050, 62720, 1, 0, 0
300150, 65280, 1, 0, 0
300249, 63353, 1, 0, 0
300349, 60800, 1, 0, 0
300449, 61440, 1, 0, 0
300549, 60800, 1, 0, 0
300649, 61440, 1, 0, 0
300749, 58880, 1, 0, 0
300849, 59520, 1, 0, 0
300949, 62080, 1, 0, 0
301050, 60800, 1, 0, 0
301150, 61440, 1, 0, 0
301249, 62707, 1, 0, 0
301349, 61440, 1, 0, 0
301449, 61440, 1, 0, 0
301549, 58880, 1, 0, 0
301649, 60800, 1, 0, 0
301749, 61440, 1, 0, 0
301849, 60800, 1, 0, 0
301949, 63360, 1, 0, 0
302049, 63360, 1, 0, 0
302149, 62720, 1, 0, 0
302249, 61440, 1, 0, 0
302349, 62080, 1, 0, 0
302449, 64000, 1, 0, 0
302550, 63360, 1, 0, 0
302650, 62720, 1, 0, 0
302749, 61414, 1, 0, 0
302849, 62720, 1, 0, 0
302949, 59520, 1, 0, 0
303049, 61440, 1, 0, 0
303149, 62080, 1, 0, 0
303249, 62720, 1, 0, 0
303349, 61440, 1, 0, 0
303449, 65280, 1, 0, 0
303549, 65280, 1, 0, 0
303649, 64000, 1, 0, 0
303750, 60800, 1, 0, 0
303850, 61440, 1, 0, 0
303950, 63360, 1, 0, 0
304050, 64000, 1, 0, 0
304150, 63360, 1, 0, 0
304249, 60767, 1, 0, 0
304349, 64000, 1, 0, 0
304449, 64640, 1, 0, 0
304549, 64640, 1, 0, 0
304649, 61440, 1, 0, 0
304749, 62720, 1, 0, 0
304849, 63360, 1, 0, 0
304949, 63360, 1, 0, 0
305050, 60160, 1, 0, 0
305150, 60800, 1, 0, 0
305249, 57535, 1, 0, 0
305349, 62080, 1, 0, 0
305449, 63360, 1, 0, 0
305549, 62080, 1, 0, 0
305649, 61440, 1, 0, 0
305749, 62720, 1, 0, 0
305849, 60800, 1, 0, 0
305949, 62720, 1, 0, 0
306049, 59520, 1, 0, 0
306149, 60160, 1, 0, 0
306249, 63360, 1, 0, 0
306349, 62080, 1, 0, 0
306450, 62720, 1, 0, 0
306550, 62720, 1, 0, 0
306650, 64640, 1, 0, 0
306749, 60767, 1, 0, 0
306849, 62720, 1, 0, 0
306949, 64640, 1, 0, 0
307049, 64000, 1, 0, 0
307149, 62080, 1, 0, 0
307249, 61440, 1, 0, 0
307349, 60160, 1, 0, 0
307449, 63360, 1, 0, 0
307550, 60800, 1, 0, 0
307650, 63360, 1, 0, 0
307749, 62060, 1, 0, 0
307849, 61440, 1, 0, 0
307949, 60160, 1, 0, 0
308049, 63360, 1, 0, 0
308149, 64640, 1, 0, 0
308249, 64000, 1, 0, 0
308349, 63360, 1, 0, 0
308449, 59520, 1, 0, 0
308549, 60160, 1, 0, 0
308649, 58880, 1, 0, 0
308749, 61440, 1, 0, 0
308849, 62720, 1, 0, 0
308950, 62080, 1, 0, 0
309050, 62080, 1, 0, 0
309150, 60800, 1, 0, 0
309249, 57535, 1, 0, 0
309349, 60160, 1, 0, 0
309449, 61440, 1, 0, 0
309549, 58880, 1, 0, 0
309649, 62080, 1, 0, 0
309749, 64640, 1, 0, 0
309849, 61440, 1, 0, 0
309949, 64000, 1, 0, 0
310049, 60160, 1, 0, 0
310149, 62080, 1, 0, 0
310250, 63360, 1, 0, 0
310350, 62720, 1, 0, 0
310450, 63360, 1, 0, 0
310550, 61440, 1, 0, 0
310650, 62720, 1, 0, 0
310749, 62707, 1, 0, 0
310849, 62080, 1, 0, 0
310949, 61440, 1, 0, 0
311049, 60160, 1, 0, 0
311149, 58880, 1, 0, 0
311249, 60800, 1, 0, 0
311349, 63360, 1, 0, 0
311449, 62080, 1, 0, 0
311550, 65920, 1, 0, 0
311650, 62080, 1, 0, 0
311749, 62707, 1, 0, 0
311849, 63360, 1, 0, 0
311949, 62720, 1, 0, 0
312049, 63360, 1, 0, 0
312149, 62080, 1, 0, 0
312249, 64000, 1, 0, 0
312349, 64640, 1, 0, 0
312449, 61440, 1, 0, 0
312549, 62080, 1, 0, 0
312649, 63360, 1, 0, 0
312749, 59520, 1, 0, 0
312849, 64000, 1, 0, 0
312950, 63360, 1, 0, 0
313050, 60160, 1, 0, 0
313150, 60160, 1, 0, 0
313249, 62707, 1, 0, 0
313349, 62720, 1, 0, 0
313449, 60160, 1, 0, 0
313549, 63360, 1, 0, 0
313649, 61440, 1, 0, 0
313749, 63360, 1, 0, 0
313849, 62720, 1, 0, 0
313949, 64640, 1, 0, 0
314049, 64000, 1, 0, 0
314149, 60160, 1, 0, 0
314249, 62707, 1, 0, 0
314349, 62720, 1, 0, 0
314449, 61440, 1, 0, 0
314549, 60800, 1, 0, 0
314649, 62720, 1, 0, 0
314749, 59520, 1, 0, 0
314849, 60800, 1, 0, 0
314949, 62080, 1, 0, 0
315049, 58880, 1, 0, 0
315149, 60800, 1, 0, 0
315249, 60160, 1, 0, 0
315349, 65280, 1, 0, 0
315449, 63360, 1, 0, 0
315550, 60800, 1, 0, 0
315650, 62080, 1, 0, 0
315749, 61414, 1, 0, 0
315849, 63360, 1, 0, 0
315949, 62080, 1, 0, 0
316049, 63360, 1, 0, 0
316149, 63360, 1, 0, 0
316249, 63360, 1, 0, 0
316349, 64640, 1, 0, 0
316449, 63360, 1, 0, 0
316549, 63360, 1, 0, 0
316649, 62080, 1, 0, 0
316749, 62080, 1, 0, 0
316850, 59520, 1, 0, 0
316950, 61440, 1, 0, 0
317050, 60800, 1, 0, 0
317150, 64000, 1, 0, 0
317249, 62060, 1, 0, 0
317349, 59520, 1, 0, 0
317449, 63360, 1, 0, 0
317549, 61440, 1, 0, 0
317649, 61440, 1, 0, 0
317749, 64000, 1, 0, 0
317849, 62720, 1, 0, 0
317949, 64000, 1, 0, 0
318049, 60800, 1, 0, 0
318150, 62720, 1, 0, 0
318249, 64646, 1, 0, 0
318349, 61440, 1, 0, 0
318449, 60800, 1, 0, 0
318549, 61440, 1, 0, 0
318649, 60160, 1, 0, 0
318749, 62080, 1, 0, 0
318849, 62720, 1, 0, 0
318949, 60800, 1, 0, 0
319049, 60160, 1, 0, 0
319149, 62080, 1, 0, 0
319249, 62080, 1, 0, 0
319349, 60800, 1, 0, 0
319449, 59520, 1, 0, 0
319550, 66560, 1, 0, 0
319650, 60800, 1, 0, 0
319749, 64000, 1, 0, 0
319849, 60800, 1, 0, 0
319949, 62080, 1, 0, 0
320049, 65920, 1, 0, 0
320149, 64640, 1, 0, 0
320249, 64000, 1, 0, 0
320349, 60800, 1, 0, 0
320449, 57600, 1, 0, 0
320549, 62720, 1, 0, 0
320649, 60800, 1, 0, 0
320749, 63360, 1, 0, 0
320849, 64000, 1, 0, 0
320950, 62720, 1, 0, 0
321050, 64640, 1, 0, 0
321150, 62720, 1, 0, 0
321249, 64000, 1, 0, 0
321349, 63360, 1, 0, 0
321449, 62080, 1, 0, 0
321549, 61440, 1, 0, 0
321649, 63360, 1, 0, 0
321749, 66560, 1, 0, 0
321849, 62720, 1, 0, 0
321949, 60800, 1, 0, 0
322049, 65920, 1, 0, 0
322149, 64640, 1, 0, 0
322250, 62080, 1, 0, 0
322350, 62720, 1, 0, 0
322450, 60160, 1, 0, 0
322550, 62720, 1, 0, 0
322650, 64000, 1, 0, 0
322749, 61414, 1, 0, 0
322849, 64000, 1, 0, 0
322949, 64640, 1, 0, 0
323049, 65280, 1, 0, 0
323149, 61440, 1, 0, 0
323249, 62720, 1, 0, 0
323349, 61440, 1, 0, 0
323449, 62080, 1, 0, 0
323549, 60160, 1, 0, 0
323649, 60800, 1, 0, 0
323749, 61414, 1, 0, 0
323849, 60800, 1, 0, 0
323949, 60160, 1, 0, 0
324049, 60800, 1, 0, 0
324149, 59520, 1, 0, 0
324249, 63360, 1, 0, 0
324349, 60800, 1, 0, 0
324449, 60800, 1, 0, 0
324549, 57600, 1, 0, 0
324649, 60800, 1, 0, 0
324749, 62720, 1, 0, 0
324849, 64640, 1, 0, 0
324949, 62720, 1, 0, 0
325050, 60160, 1, 0, 0
325150, 60160, 1, 0, 0
325249, 64000, 1, 0, 0
325349, 63360, 1, 0, 0
325449, 60160, 1, 0, 0
325549, 64000, 1, 0, 0
325649, 61440, 1, 0, 0
325749, 63360, 1, 0, 0
325849, 62080, 1, 0, 0
325949, 63360, 1, 0, 0
326049, 62720, 1, 0, 0
326149, 62080, 1, 0, 0
326249, 60800, 1, 0, 0
326349, 60800, 1, 0, 0
326450, 59520, 1, 0, 0
326550, 63360, 1, 0, 0
326650, 58880, 1, 0, 0
326749, 61414, 1, 0, 0
326849, 59520, 1, 0, 0
326949, 60800, 1, 0, 0
327049, 64640, 1, 0, 0
327149, 61440, 1, 0, 0
327249, 60800, 1, 0, 0
327349, 61440, 1, 0, 0
327449, 62720, 1, 0, 0
327549, 64640, 1, 0, 0
327649, 60160, 1, 0, 0
327749, 60121, 1, 0, 0
327849, 60800, 1, 0, 0
327949, 62720, 1, 0, 0
328049, 63360, 1, 0, 0
328149, 61440, 1, 0, 0
328249, 62080, 1, 0, 0
328349, 65280, 1, 0, 0
328449, 65280, 1, 0, 0
328549, 62720, 1, 0, 0
328649, 58880, 1, 0, 0
328749, 60160, 1, 0, 0
328849, 63360, 1, 0, 0
328949, 62080, 1, 0, 0
329050, 60800, 1, 0, 0
329150, 60800, 1, 0, 0
329249, 60121, 1, 0, 0
329349, 61440, 1, 0, 0
329449, 60160, 1, 0, 0
329549, 62720, 1, 0, 0
329649, 61440, 1, 0, 0
329749, 60800, 1, 0, 0
329849, 60800, 1, 0, 0
329949, 63360, 1, 0, 0
330049, 60160, 1, 0, 0
330149, 63360, 1, 0, 0
330249, 62720, 1, 0, 0
330349, 62080, 1, 0, 0
330450, 62720, 1, 0, 0
330550, 60160, 1, 0, 0
330650, 62080, 1, 0, 0
330749, 64646, 1, 0, 0
330849, 63360, 1, 0, 0
330949, 58880, 1, 0, 0
331049, 61440, 1, 0, 0
331149, 64640, 1, 0, 0
331249, 59520, 1, 0, 0
331349, 60160, 1, 0, 0
331449, 62720, 1, 0, 0
331549, 60800, 1, 0, 0
331649, 63360, 1, 0, 0
331750, 60160, 1, 0, 0
331850, 62720, 1, 0, 0
331950, 65280, 1, 0, 0
332050, 60800, 1, 0, 0
332150, 62080, 1, 0, 0
332249, 60767, 1, 0, 0
332349, 60800, 1, 0, 0
332449, 62720, 1, 0, 0
332549, 61440, 1, 0, 0
332649, 63360, 1, 0, 0
332749, 62720, 1, 0, 0
332849, 60800, 1, 0, 0
332949, 62720, 1, 0, 0
333049, 62080, 1, 0, 0
333150, 64000, 1, 0, 0
333249, 63353, 1, 0, 0
333349, 60800, 1, 0, 0
333449, 64000, 1, 0, 0
333549, 58880, 1, 0, 0
333649, 63360, 1, 0, 0
333749, 60800, 1, 0, 0
333849, 61440, 1, 0, 0
333949, 64000, 1, 0, 0
334049, 62720, 1, 0, 0
334149, 63360, 1, 0, 0
334249, 63360, 1, 0, 0
334349, 60160, 1, 0, 0
334449, 62080, 1, 0, 0
334550, 62080, 1, 0, 0
334650, 62720, 1, 0, 0
334749, 63353, 1, 0, 0
334849, 63360, 1, 0, 0
334949, 62720, 1, 0, 0
335049, 64000, 1, 0, 0
335149, 60800, 1, 0, 0
335249, 67200, 1, 0, 0
335349, 63360, 1, 0, 0
335449, 64000, 1, 0, 0
335549, 62080, 1, 0, 0
335649, 62720, 1, 0, 0
335750, 65280, 1, 0, 0
335850, 62080, 1, 0, 0
335950, 65920, 1, 0, 0
336050, 62720, 1, 0, 0
336150, 60800, 1, 0, 0
336249, 62707, 1, 0, 0
336349, 62080, 1, 0, 0
336449, 61440, 1, 0, 0
336549, 62080, 1, 0, 0
336649, 62080, 1, 0, 0
336749, 62720, 1, 0, 0
336849, 61440, 1, 0, 0
336949, 60800, 1, 0, 0
337050, 62720, 1, 0, 0
337150, 62720, 1, 0, 0
337249, 62060, 1, 0, 0
337349, 62720, 1, 0, 0
337449, 64640, 1, 0, 0
337549, 60800, 1, 0, 0
337649, 60160, 1, 0, 0
337749, 59520, 1, 0, 0
337849, 62720, 1, 0, 0
337949, 60800, 1, 0, 0
338049, 63360, 1, 0, 0
338149, 62080, 1, 0, 0
338249, 65280, 1, 0, 0
338349, 62080, 1, 0, 0
338449, 63360, 1, 0, 0
338550, 63360, 1, 0, 0
338650, 61440, 1, 0, 0
338749, 65939, 1, 0, 0
338849, 61440, 1, 0, 0
338949, 64640, 1, 0, 0
339049, 61440, 1, 0, 0
339149, 60800, 1, 0, 0
339249, 60160, 1, 0, 0
339349, 62080, 1, 0, 0
339449, 59520, 1, 0, 0
339549, 64640, 1, 0, 0
339649, 61440, 1, 0, 0
339750, 61440, 1, 0, 0
339850, 58880, 1, 0, 0
339950, 62080, 1, 0, 0
340050, 61440, 1, 0, 0
340150, 64000, 1, 0, 0
340249, 60121, 1, 0, 0
340349, 62080, 1, 0, 0
340449, 57600, 1, 0, 0
340549, 62720, 1, 0, 0
340649, 62080, 1, 0, 0
340749, 62080, 1, 0, 0
340849, 62080, 1, 0, 0
340949, 57600, 1, 0, 0
341049, 62080, 1, 0, 0
341150, 59520, 1, 0, 0
341249, 61414, 1, 0, 0
341349, 62720, 1, 0, 0
341449, 62080, 1, 0, 0
341549, 62720, 1, 0, 0
341649, 63360, 1, 0, 0
341749, 61440, 1, 0, 0
341849, 61440, 1, 0, 0
341949, 62720, 1, 0, 0
342049, 62080, 1, 0, 0
342149, 58880, 1, 0, 0
342249, 62720, 1, 0, 0
342349, 64640, 1, 0, 0
342449, 60800, 1, 0, 0
342550, 62720, 1, 0, 0
342650, 63360, 1, 0, 0
342749, 64000, 1, 0, 0
342849, 60800, 1, 0, 0
342949, 62720, 1, 0, 0
343049, 60160, 1, 0, 0
343149, 62720, 1, 0, 0
343249, 60160, 1, 0, 0
343349, 60800, 1, 0, 0
343449, 61440, 1, 0, 0
343549, 63360, 1, 0, 0
343649, 61440, 1, 0, 0
343749, 61440, 1, 0, 0
343849, 58240, 1, 0, 0
343950, 62080, 1, 0, 0
344050, 60800, 1, 0, 0
344150, 60160, 1, 0, 0
344249, 59474, 1, 0, 0
344349, 61440, 1, 0, 0
344449, 62720, 1, 0, 0
344549, 58880, 1, 0, 0
344649, 62720, 1, 0, 0
344749, 62080, 1, 0, 0
344849, 58880, 1, 0, 0
344949, 61440, 1, 0, 0
345049, 60800, 1, 0, 0
345149, 62080, 1, 0, 0
345250, 60800, 1, 0, 0
345350, 62080, 1, 0, 0
345450, 62080, 1, 0, 0
345550, 56960, 1, 0, 0
345650, 61440, 1, 0, 0
345749, 60767, 1, 0, 0
345849, 60160, 1, 0, 0
345949, 58880, 1, 0, 0
346049, 62080, 1, 0, 0
346149, 58880, 1, 0, 0
346249, 61440, 1, 0, 0
346349, 59520, 1, 0, 0
346449, 61440, 1, 0, 0
346549, 62080, 1, 0, 0
346650, 57600, 1, 0, 0
346749, 60121, 1, 0, 0
346849, 60800, 1, 0, 0
346949, 59520, 1, 0, 0
347049, 61440, 1, 0, 0
347149, 59520, 1, 0, 0
347249, 62720, 1, 0, 0
347349, 60800, 1, 0, 0
347449, 62080, 1, 0, 0
347549, 59520, 1, 0, 0
347649, 56320, 1, 0, 0
347749, 60160, 1, 0, 0
347849, 60160, 1, 0, 0
347949, 56960, 1, 0, 0
348050, 58880, 1, 0, 0
348150, 59520, 1, 0, 0
348249, 58828, 1, 0, 0
348349, 61440, 1, 0, 0
348449, 56320, 1, 0, 0
348549, 58240, 1, 0, 0
348649, 61440, 1, 0, 0
348749, 57600, 1, 0, 0
348849, 60160, 1, 0, 0
348949, 58880, 1, 0, 0
349049, 60160, 1, 0, 0
349149, 58240, 1, 0, 0
349250, 57600, 1, 0, 0
349350, 63360, 1, 0, 0
349450, 62080, 1, 0, 0
349550, 59520, 1, 0, 0
349650, 57600, 1, 0, 0
349749, 58181, 1, 0, 0
349849, 57600, 1, 0, 0
349949, 56960, 1, 0, 0
350049, 59520, 1, 0, 0
350149, 60160, 1, 0, 0
350249, 59520, 1, 0, 0
350349, 60160, 1, 0, 0
350449, 60800, 1, 0, 0
350550, 59520, 1, 0, 0
350650, 57600, 1, 0, 0
350749, 58181, 1, 0, 0
350849, 58240, 1, 0, 0
350949, 58880, 1, 0, 0
351049, 59520, 1, 0, 0
351149, 62080, 1, 0, 0
351249, 61440, 1, 0, 0
351349, 60800, 1, 0, 0
351449, 60160, 1, 0, 0
351549, 60160, 1, 0, 0
351649, 61440, 1, 0, 0
351749, 60160, 1, 0, 0
351849, 58880, 1, 0, 0
351950, 59520, 1, 0, 0
352050, 57600, 1, 0, 0
352150, 58240, 1, 0, 0
352249, 62707, 1, 0, 0
352349, 58880, 1, 0, 0
352449, 62080, 1, 0, 0
352549, 61440, 1, 0, 0
352649, 56960, 1, 0, 0
352749, 61440, 1, 0, 0
352849, 60160, 1, 0, 0
352949, 60160, 1, 0, 0
353049, 60160, 1, 0, 0
353149, 60160, 1, 0, 0
353250, 60800, 1, 0, 0
353350, 62720, 1, 0, 0
353450, 56960, 1, 0, 0
353550, 63360, 1, 0, 0
353650, 60800, 1, 0, 0
353749, 64646, 1, 0, 0
353849, 61440, 1, 0, 0
353949, 63360, 1, 0, 0
354049, 62720, 1, 0, 0
354149, 60800, 1, 0, 0
354249, 61440, 1, 0, 0
354349, 59520, 1, 0, 0
354449, 62080, 1, 0, 0
354550, 60160, 1, 0, 0
354650, 58240, 1, 0, 0
354749, 59474, 1, 0, 0
354849, 60800, 1, 0, 0
354949, 60800, 1, 0, 0
355049, 64000, 1, 0, 0
355149, 60800, 1, 0, 0
355249, 60160, 1, 0, 0
355349, 65280, 1, 0, 0
355449, 63360, 1, 0, 0
355549, 60160, 1, 0, 0
355649, 60160, 1, 0, 0
355749, 56960, 1, 0, 0
355849, 57600, 1, 0, 0
355950, 61440, 1, 0, 0
356050, 60800, 1, 0, 0
356150, 58880, 1, 0, 0
356249, 59474, 1, 0, 0
356349, 60160, 1, 0, 0
356449, 60800, 1, 0, 0
356549, 58240, 1, 0, 0
356649, 62720, 1, 0, 0
356749, 59520, 1, 0, 0
356849, 60160, 1, 0, 0
356949, 59520, 1, 0, 0
357049, 60160, 1, 0, 0
357149, 60800, 1, 0, 0
357249, 60121, 1, 0, 0
357349, 61440, 1, 0, 0
357449, 62080, 1, 0, 0
357549, 59520, 1, 0, 0
357649, 59520, 1, 0, 0
357749, 60160, 1, 0, 0
357849, 64000, 1, 0, 0
357949, 60160, 1, 0, 0
358049, 60800, 1, 0, 0
358149, 58880, 1, 0, 0
358249, 60160, 1, 0, 0
358349, 60800, 1, 0, 0
358449, 60160, 1, 0, 0
358550, 62080, 1, 0, 0
358650, 61440, 1, 0, 0
358749, 60121, 1, 0, 0
358849, 60160, 1, 0, 0
358949, 58880, 1, 0, 0
359049, 60160, 1, 0, 0
359149, 59520, 1, 0, 0
359249, 58240, 1, 0, 0
359349, 56960, 1, 0, 0
359449, 58240, 1, 0, 0
359549, 60800, 1, 0, 0
359649, 57600, 1, 0, 0
359749, 61440, 1, 0, 0
359850, 58240, 1, 0, 0
359950, 58240, 1, 0, 0
360050, 59520, 1, 0, 0
360150, 63360, 1, 0, 0
360249, 62707, 1, 0, 0
360349, 62720, 1, 0, 0
360449, 60800, 1, 0, 0
360549, 64000, 1, 0, 0
360649, 61440, 1, 0, 0
360749, 64640, 1, 0, 0
360849, 62080, 1, 0, 0
360949, 60160, 1, 0, 0
361049, 60160, 1, 0, 0
361149, 60160, 1, 0, 0
361249, 60767, 1, 0, 0
361349, 58240, 1, 0, 0
361449, 62720, 1, 0, 0
361549, 63360, 1, 0, 0
361649, 59520, 1, 0, 0
361749, 61440, 1, 0, 0
361849, 61440, 1, 0, 0
361949, 58880, 1, 0, 0
362049, 62080, 1, 0, 0
362149, 61440, 1, 0, 0
362249, 61440, 1, 0, 0
362349, 62720, 1, 0, 0
362449, 62080, 1, 0, 0
362550, 62720, 1, 0, 0
362650, 58240, 1, 0, 0
362749, 62707, 1, 0, 0
362849, 64000, 1, 0, 0
362949, 62720, 1, 0, 0
363049, 62080, 1, 0, 0
363149, 62080, 1, 0, 0
363249, 62720, 1, 0, 0
363349, 63360, 1, 0, 0
363449, 61440, 1, 0, 0
363549, 64640, 1, 0, 0
363649, 58240, 1, 0, 0
363749, 62720, 1, 0, 0
363849, 62080, 1, 0, 0
363950, 64000, 1, 0, 0
364050, 60800, 1, 0, 0
364150, 62080, 1, 0, 0
364249, 63353, 1, 0, 0
364349, 65280, 1, 0, 0
364449, 63360, 1, 0, 0
364549, 62080, 1, 0, 0
364649, 64000, 1, 0, 0
364749, 62080, 1, 0, 0
364849, 62720, 1, 0, 0
364949, 63360, 1, 0, 0
365049, 60800, 1, 0, 0
365149, 62720, 1, 0, 0
365250, 62080, 1, 0, 0
365350, 61440, 1, 0, 0
365450, 60160, 1, 0, 0
365550, 60800, 1, 0, 0
365650, 61440, 1, 0, 0
365749, 61414, 1, 0, 0
365849, 60800, 1, 0, 0
365949, 61440, 1, 0, 0
366049, 62080, 1, 0, 0
366149, 58240, 1, 0, 0
366249, 62080, 1, 0, 0
366349, 61440, 1, 0, 0
366449, 64000, 1, 0, 0
366550, 62080, 1, 0, 0
366650, 61440, 1, 0, 0
366749, 63353, 1, 0, 0
366849, 62080, 1, 0, 0
366949, 62080, 1, 0, 0
367049, 63360, 1, 0, 0
367149, 59520, 1, 0, 0
367249, 62080, 1, 0, 0
367349, 63360, 1, 0, 0
367449, 63360, 1, 0, 0
367549, 62720, 1, 0, 0
367649, 64640, 1, 0, 0
367749, 63360, 1, 0, 0
367849, 62080, 1, 0, 0
367949, 63360, 1, 0, 0
368050, 62720, 1, 0, 0
368150, 60160, 1, 0, 0
368249, 58828, 1, 0, 0
368349, 61440, 1, 0, 0
368449, 61440, 1, 0, 0
368549, 63360, 1, 0, 0
368649, 65280, 1, 0, 0
368749, 60800, 1, 0, 0
368849, 60800, 1, 0, 0
368949, 63360, 1, 0, 0
369049, 64640, 1, 0, 0
369149, 62720, 1, 0, 0
369250, 62720, 1, 0, 0
369350, 63360, 1, 0, 0
369450, 61440, 1, 0, 0
369550, 64000, 1, 0, 0
369650, 63360, 1, 0, 0
369749, 61414, 1, 0, 0
369849, 62080, 1, 0, 0
369949, 60160, 1, 0, 0
370049, 61440, 1, 0, 0
370149, 62080, 1, 0, 0
370249, 60800, 1, 0, 0
370349, 60800, 1, 0, 0
370449, 58880, 1, 0, 0
370550, 60160, 1, 0, 0
370650, 59520, 1, 0, 0
370749, 61414, 1, 0, 0
370849, 60160, 1, 0, 0
370949, 60800, 1, 0, 0
371049, 61440, 1, 0, 0
371149, 61440, 1, 0, 0
371249, 62720, 1, 0, 0
371349, 62720, 1, 0, 0
371449, 61440, 1, 0, 0
371549, 60800, 1, 0, 0
371649, 60800, 1, 0, 0
371749, 61440, 1, 0, 0
371849, 60160, 1, 0, 0
371950, 62080, 1, 0, 0
372050, 58880, 1, 0, 0
372150, 60800, 1, 0, 0
372249, 62707, 1, 0, 0
372349, 60160, 1, 0, 0
372449, 57600, 1, 0, 0
372549, 60800, 1, 0, 0
372649, 63360, 1, 0, 0
372749, 60800, 1, 0, 0
372849, 57600, 1, 0, 0
372949, 64000, 1, 0, 0
373049, 64640, 1, 0, 0
373149, 60800, 1, 0, 0
373249, 62060, 1, 0, 0
373349, 60800, 1, 0, 0
373449, 57600, 1, 0, 0
373549, 60160, 1, 0, 0
373649, 60800, 1, 0, 0
373749, 57600, 1, 0, 0
373849, 58880, 1, 0, 0
373949, 60160, 1, 0, 0
374049, 63360, 1, 0, 0
374149, 64000, 1, 0, 0
374249, 61440, 1, 0, 0
374349, 62720, 1, 0, 0
374449, 62720, 1, 0, 0
374550, 60160, 1, 0, 0
374650, 62720, 1, 0, 0
374749, 62060, 1, 0, 0
374849, 60800, 1, 0, 0
374949, 58240, 1, 0, 0
375049, 61440, 1, 0, 0
375149, 62080, 1, 0, 0
375249, 61440, 1, 0, 0
375349, 62720, 1, 0, 0
375449, 62720, 1, 0, 0
375549, 64640, 1, 0, 0
375649, 59520, 1, 0, 0
375749, 60800, 1, 0, 0
375849, 58880, 1, 0, 0
375950, 62080, 1, 0, 0
376050, 60800, 1, 0, 0
376150, 60800, 1, 0, 0
376249, 60121, 1, 0, 0
376349, 60160, 1, 0, 0
376449, 60160, 1, 0, 0
376549, 60160, 1, 0, 0
376649, 60800, 1, 0, 0
376749, 60160, 1, 0, 0
376849, 61440, 1, 0, 0
376949, 61440, 1, 0, 0
377049, 59520, 1, 0, 0
377149, 61440, 1, 0, 0
377249, 64000, 1, 0, 0
377349, 64000, 1, 0, 0
377449, 61440, 1, 0, 0
377549, 59520, 1, 0, 0
377649, 60800, 1, 0, 0
377749, 60800, 1, 0, 0
377849, 58880, 1, 0, 0
377949, 60160, 1, 0, 0
378049, 61440, 1, 0, 0
378149, 61440, 1, 0, 0
378249, 60160, 1, 0, 0
378349, 62080, 1, 0, 0
378449, 60800, 1, 0, 0
378550, 58880, 1, 0, 0
378650, 62720, 1, 0, 0
378749, 63353, 1, 0, 0
378849, 62080, 1, 0, 0
378949, 60160, 1, 0, 0
379049, 62080, 1, 0, 0
379149, 61440, 1, 0, 0
379249, 61440, 1, 0, 0
379349, 62720, 1, 0, 0
379449, 65920, 1, 0, 0
379549, 60160, 1, 0, 0
379649, 63360, 1, 0, 0
379749, 64640, 1, 0, 0
379849, 61440, 1, 0, 0
379950, 61440, 1, 0, 0
380050, 59520, 1, 0, 0
380150, 63360, 1, 0, 0
380249, 60767, 1, 0, 0
380349, 61440, 1, 0, 0
380449, 61440, 1, 0, 0
380549, 62720, 1, 0, 0
380649, 64000, 1, 0, 0
380749, 60800, 1, 0, 0
380849, 65280, 1, 0, 0
380949, 61440, 1, 0, 0
381049, 64640, 1, 0, 0
381149, 62720, 1, 0, 0
381250, 60800, 1, 0, 0
381350, 65280, 1, 0, 0
381450, 60160, 1, 0, 0
381550, 62720, 1, 0, 0
381650, 60160, 1, 0, 0
381749, 60121, 1, 0, 0
381849, 63360, 1, 0, 0
381949, 66560, 1, 0, 0
382049, 62080, 1, 0, 0
382149, 62080, 1, 0, 0
382249, 60800, 1, 0, 0
382349, 57600, 1, 0, 0
382449, 59520, 1, 0, 0
382549, 58880, 1, 0, 0
382650, 60800, 1, 0, 0
382749, 61414, 1, 0, 0
382849, 60160, 1, 0, 0
382949, 62080, 1, 0, 0
383049, 64640, 1, 0, 0
383149, 58240, 1, 0, 0
383249, 62080, 1, 0, 0
383349, 58880, 1, 0, 0
383449, 61440, 1, 0, 0
383549, 60160, 1, 0, 0
383649, 65280, 1, 0, 0
383749, 62720, 1, 0, 0
383849, 62080, 1, 0, 0
383949, 61440, 1, 0, 0
384050, 64640, 1, 0, 0
384150, 64640, 1, 0, 0
384249, 61414, 1, 0, 0
384349, 62720, 1, 0, 0
384449, 63360, 1, 0, 0
384549, 64000, 1, 0, 0
384649, 64000, 1, 0, 0
384749, 59520, 1, 0, 0
384849, 61440, 1, 0, 0
384949, 60800, 1, 0, 0
385049, 62080, 1, 0, 0
385149, 60800, 1, 0, 0
385249, 60160, 1, 0, 0
385350, 59520, 1, 0, 0
385450, 61440, 1, 0, 0
385550, 60160, 1, 0, 0
385650, 62080, 1, 0, 0
385749, 62060, 1, 0, 0
385849, 62080, 1, 0, 0
385949, 62080, 1, 0, 0
386049, 61440, 1, 0, 0
386149, 62720, 1, 0, 0
386249, 59520, 1, 0, 0
386349, 60160, 1, 0, 0
386449, 62080, 1, 0, 0
386549, 63360, 1, 0, 0
386650, 61440, 1, 0, 0
386749, 61414, 1, 0, 0
386849, 60160, 1, 0, 0
386949, 64000, 1, 0, 0
387049, 62720, 1, 0, 0
387149, 58880, 1, 0, 0
387249, 62080, 1, 0, 0
387349, 57600, 1, 0, 0
387449, 60800, 1, 0, 0
387549, 64000, 1, 0, 0
387649, 60800, 1, 0, 0
387749, 60160, 1, 0, 0
387849, 65920, 1, 0, 0
387949, 60800, 1, 0, 0
388050, 62080, 1, 0, 0
388150, 61440, 1, 0, 0
388249, 61414, 1, 0, 0
388349, 61440, 1, 0, 0
388449, 62720, 1, 0, 0
388549, 58240, 1, 0, 0
388649, 60160, 1, 0, 0
388749, 60800, 1, 0, 0
388849, 62720, 1, 0, 0
388949, 64000, 1, 0, 0
389049, 62720, 1, 0, 0
389149, 65280, 1, 0, 0
389249, 65920, 1, 0, 0
389349, 63360, 1, 0, 0
389450, 64000, 1, 0, 0
389550, 60160, 1, 0, 0
389650, 65920, 1, 0, 0
389749, 62060, 1, 0, 0
389849, 63360, 1, 0, 0
389949, 64640, 1, 0, 0
390049, 62080, 1, 0, 0
390149, 61440, 1, 0, 0
390249, 57600, 1, 0, 0
390349, 62080, 1, 0, 0
390449, 62080, 1, 0, 0
390549, 60800, 1, 0, 0
390649, 60800, 1, 0, 0
390750, 63360, 1, 0, 0
390850, 62720, 1, 0, 0
390950, 62080, 1, 0, 0
391050, 61440, 1, 0, 0
391150, 60800, 1, 0, 0
391249, 62707, 1, 0, 0
391349, 61440, 1, 0, 0
391449, 59520, 1, 0, 0
391549, 60800, 1, 0, 0
391649, 62080, 1, 0, 0
391749, 61440, 1, 0, 0
391849, 59520, 1, 0, 0
391949, 61440, 1, 0, 0
392050, 58880, 1, 0, 0
392150, 60800, 1, 0, 0
392249, 60121, 1, 0, 0
392349, 62720, 1, 0, 0
392449, 60800, 1, 0, 0
392549, 64000, 1, 0, 0
392649, 62720, 1, 0, 0
392749, 60160, 1, 0, 0
392849, 58240, 1, 0, 0
392949, 60800, 1, 0, 0
393049, 60160, 1, 0, 0
393149, 62080, 1, 0, 0
393249, 58880, 1, 0, 0
393349, 61440, 1, 0, 0
393449, 61440, 1, 0, 0
393550, 57600, 1, 0, 0
393650, 56960, 1, 0, 0
393749, 62060, 1, 0, 0
393849, 60160, 1, 0, 0
393949, 60160, 1, 0, 0
394049, 63360, 1, 0, 0
394149, 61440, 1, 0, 0
394249, 60800, 1, 0, 0
394349, 61440, 1, 0, 0
394449, 60800, 1, 0, 0
394549, 59520, 1, 0, 0
394650, 62080, 1, 0, 0
394749, 62060, 1, 0, 0
394849, 61440, 1, 0, 0
394949, 62080, 1, 0, 0
395049, 58240, 1, 0, 0
395149, 58880, 1, 0, 0
395249, 61440, 1, 0, 0
395349, 60800, 1, 0, 0
395449, 64000, 1, 0, 0
395549, 58880, 1, 0, 0
395649, 63360, 1, 0, 0
395749, 60800, 1, 0, 0
395849, 57600, 1, 0, 0
395950, 58240, 1, 0, 0
396050, 59520, 1, 0, 0
396150, 63360, 1, 0, 0
396249, 62707, 1, 0, 0
396349, 64000, 1, 0, 0
396449, 62720, 1, 0, 0
396549, 60160, 1, 0, 0
396649, 60800, 1, 0, 0
396749, 61440, 1, 0, 0
396849, 60800, 1, 0, 0
396949, 60160, 1, 0, 0
397049, 60160, 1, 0, 0
397149, 61440, 1, 0, 0
397249, 62060, 1, 0, 0
397349, 61440, 1, 0, 0
397449, 60160, 1, 0, 0
397549, 56960, 1, 0, 0
397649, 58240, 1, 0, 0
397749, 60160, 1, 0, 0
397849, 62080, 1, 0, 0
397949, 58880, 1, 0, 0
398049, 60160, 1, 0, 0
398149, 62720, 1, 0, 0
398249, 61440, 1, 0, 0
398349, 58240, 1, 0, 0
398450, 61440, 1, 0, 0
398550, 59520, 1, 0, 0
398650, 63360, 1, 0, 0
398749, 59474, 1, 0, 0
398849, 60160, 1, 0, 0
398949, 61440, 1, 0, 0
399049, 58880, 1, 0, 0
399149, 59520, 1, 0, 0
399249, 60160, 1, 0, 0
399349, 57600, 1, 0, 0
399449, 61440, 1, 0, 0
399549, 60160, 1, 0, 0
399649, 60800, 1, 0, 0
399749, 60121, 1, 0, 0
399849, 62080, 1, 0, 0
399949, 59520, 1, 0, 0
400049, 58880, 1, 0, 0
400149, 58880, 1, 0, 0
400249, 61440, 1, 0, 0
400349, 56320, 1, 0, 0
400449, 59520, 1, 0, 0
400549, 59520, 1, 0, 0
400649, 61440, 1, 0, 0
400749, 60160, 1, 0, 0
400849, 61440, 1, 0, 0
400949, 56960, 1, 0, 0
401050, 61440, 1, 0, 0
401150, 60800, 1, 0, 0
401249, 61414, 1, 0, 0
401349, 62720, 1, 0, 0
401449, 63360, 1, 0, 0
401549, 60800, 1, 0, 0
401649, 59520, 1, 0, 0
401749, 60160, 1, 0, 0
401849, 63360, 1, 0, 0
401949, 57600, 1, 0, 0
402049, 62080, 1, 0, 0
402149, 59520, 1, 0, 0
402249, 62080, 1, 0, 0
402349, 60800, 1, 0, 0
402450, 62080, 1, 0, 0
402550, 60160, 1, 0, 0
402650, 60800, 1, 0, 0
402749, 61414, 1, 0, 0
402849, 62080, 1, 0, 0
402949, 64000, 1, 0, 0
403049, 58880, 1, 0, 0
403149, 60800, 1, 0, 0
403249, 62080, 1, 0, 0
403349, 59520, 1, 0, 0
403449, 59520, 1, 0, 0
403549, 61440, 1, 0, 0
403650, 59520, 1, 0, 0
403749, 62060, 1, 0, 0
403849, 64640, 1, 0, 0
403949, 65280, 1, 0, 0
404049, 65280, 1, 0, 0
404149, 63360, 1, 0, 0
404249, 62080, 1, 0, 0
404349, 58240, 1, 0, 0
404449, 62720, 1, 0, 0
404549, 60800, 1, 0, 0
404649, 62080, 1, 0, 0
404749, 62720, 1, 0, 0
404849, 61440, 1, 0, 0
404949, 60160, 1, 0, 0
405050, 58880, 1, 0, 0
405150, 60160, 1, 0, 0
405249, 62707, 1, 0, 0
405349, 61440, 1, 0, 0
405449, 58240, 1, 0, 0
405549, 61440, 1, 0, 0
405649, 59520, 1, 0, 0
405749, 59520, 1, 0, 0
405849, 60800, 1, 0, 0
405949, 56320, 1, 0, 0
406049, 60160, 1, 0, 0
406149, 59520, 1, 0, 0
406249, 60800, 1, 0, 0
406350, 59520, 1, 0, 0
406450, 58240, 1, 0, 0
406550, 58240, 1, 0, 0
406650, 61440, 1, 0, 0
406749, 60767, 1, 0, 0
406849, 60160, 1, 0, 0
406949, 59520, 1, 0, 0
407049, 59520, 1, 0, 0
407149, 60160, 1, 0, 0
407249, 61440, 1, 0, 0
407349, 60160, 1, 0, 0
407449, 60800, 1, 0, 0
407549, 62080, 1, 0, 0
407649, 57600, 1, 0, 0
407749, 60121, 1, 0, 0
407849, 59520, 1, 0, 0
407949, 59520, 1, 0, 0
408049, 59520, 1, 0, 0
408149, 62080, 1, 0, 0
408249, 62720, 1, 0, 0
408349, 58880, 1, 0, 0
408449, 60160, 1, 0, 0
408549, 60160, 1, 0, 0
408649, 59520, 1, 0, 0
408749, 58880, 1, 0, 0
408849, 60160, 1, 0, 0
408949, 61440, 1, 0, 0
409050, 60800, 1, 0, 0
409150, 64000, 1, 0, 0
409249, 60767, 1, 0, 0
409349, 58880, 1, 0, 0
409449, 59520, 1, 0, 0
409549, 57600, 1, 0, 0
409649, 58240, 1, 0, 0
409749, 60160, 1, 0, 0
409849, 57600, 1, 0, 0
409949, 60800, 1, 0, 0
410049, 62080, 1, 0, 0
410149, 60160, 1, 0, 0
410249, 60800, 1, 0, 0
410349, 59520, 1, 0, 0
410450, 59520, 1, 0, 0
410550, 57600, 1, 0, 0
410650, 58880, 1, 0, 0
410749, 60767, 1, 0, 0
410849, 63360, 1, 0, 0
410949, 58240, 1, 0, 0
411049, 57600, 1, 0, 0
411149, 59520, 1, 0, 0
411249, 56320, 1, 0, 0
411349, 56960, 1, 0, 0
411449, 59520, 1, 0, 0
411549, 58880, 1, 0, 0
411649, 61440, 1, 0, 0
411749, 60121, 1, 0, 0
411849, 61440, 1, 0, 0
411949, 56960, 1, 0, 0
412049, 60800, 1, 0, 0
412149, 60800, 1, 0, 0
412249, 59520, 1, 0, 0
412349, 61440, 1, 0, 0
412449, 61440, 1, 0, 0
412549, 58240, 1, 0, 0
412649, 59520, 1, 0, 0
412749, 60160, 1, 0, 0
412849, 62080, 1, 0, 0
412949, 60160, 1, 0, 0
413050, 58240, 1, 0, 0
413150, 61440, 1, 0, 0
413249, 60767, 1, 0, 0
413349, 60160, 1, 0, 0
413449, 62720, 1, 0, 0
413549, 63360, 1, 0, 0
413649, 61440, 1, 0, 0
413749, 62720, 1, 0, 0
413849, 60800, 1, 0, 0
413949, 60160, 1, 0, 0
414049, 61440, 1, 0, 0
414149, 59520, 1, 0, 0
414250, 58240, 1, 0, 0
414350, 62080, 1, 0, 0
414450, 61440, 1, 0, 0
414550, 61440, 1, 0, 0
414650, 61440, 1, 0, 0
414749, 60121, 1, 0, 0
414849, 60800, 1, 0, 0
414949, 61440, 1, 0, 0
415049, 63360, 1, 0, 0
415149, 62080, 1, 0, 0
415249, 62080, 1, 0, 0
415349, 62720, 1, 0, 0
415449, 62080, 1, 0, 0
415549, 61440, 1, 0, 0
415650, 62720, 1, 0, 0
415749, 64000, 1, 0, 0
415849, 64000, 1, 0, 0
415949, 63360, 1, 0, 0
416049, 64000, 1, 0, 0
416149, 62720, 1, 0, 0
416249, 64000, 1, 0, 0
416349, 63360, 1, 0, 0
416449, 59520, 1, 0, 0
416549, 62720, 1, 0, 0
416649, 62720, 1, 0, 0
416749, 60800, 1, 0, 0
416849, 62080, 1, 0, 0
416949, 62720, 1, 0, 0
417050, 63360, 1, 0, 0
417150, 61440, 1, 0, 0
417249, 60767, 1, 0, 0
417349, 60160, 1, 0, 0
417449, 59520, 1, 0, 0
417549, 64000, 1, 0, 0
417649, 60160, 1, 0, 0
417749, 63360, 1, 0, 0
417849, 62080, 1, 0, 0
417949, 60800, 1, 0, 0
418049, 60800, 1, 0, 0
418149, 63360, 1, 0, 0
418250, 63360, 1, 0, 0
418350, 60160, 1, 0, 0
418450, 60800, 1, 0, 0
418550, 60160, 1, 0, 0
418650, 62080, 1, 0, 0
418749, 60121, 1, 0, 0
418849, 58880, 1, 0, 0
418949, 60160, 1, 0, 0
419049, 62720, 1, 0, 0
419149, 60160, 1, 0, 0
419249, 58880, 1, 0, 0
419349, 58240, 1, 0, 0
419449, 62080, 1, 0, 0
419549, 59520, 1, 0, 0
419649, 61440, 1, 0, 0
419749, 65292, 1, 0, 0
419849, 63360, 1, 0, 0
419949, 64000, 1, 0, 0
420049, 63360, 1, 0, 0
420149, 62720, 1, 0, 0
420249, 63360, 1, 0, 0
420349, 61440, 1, 0, 0
420449, 62080, 1, 0, 0
420549, 62720, 1, 0, 0
420649, 64000, 1, 0, 0
420749, 63360, 1, 0, 0
420849, 62080, 1, 0, 0
420949, 64640, 1, 0, 0
421050, 58880, 1, 0, 0
421150, 60800, 1, 0, 0
421249, 59474, 1, 0, 0
421349, 62720, 1, 0, 0
421449, 60160, 1, 0, 0
421549, 58880, 1, 0, 0
421649, 63360, 1, 0, 0
421749, 64000, 1, 0, 0
421849, 63360, 1, 0, 0
421949, 59520, 1, 0, 0
422049, 60800, 1, 0, 0
422149, 62720, 1, 0, 0
422249, 62080, 1, 0, 0
422350, 63360, 1, 0, 0
422450, 59520, 1, 0, 0
422550, 60800, 1, 0, 0
422650, 62080, 1, 0, 0
422749, 58181, 1, 0, 0
422849, 59520, 1, 0, 0
422949, 62720, 1, 0, 0
423049, 58880, 1, 0, 0
423149, 62080, 1, 0, 0
423249, 61440, 1, 0, 0
423349, 59520, 1, 0, 0
423449, 59520, 1, 0, 0
423549, 64000, 1, 0, 0
423649, 62080, 1, 0, 0
423750, 61440, 1, 0, 0
423850, 62720, 1, 0, 0
423950, 65280, 1, 0, 0
424050, 61440, 1, 0, 0
424150, 63360, 1, 0, 0
424249, 64646, 1, 0, 0
424349, 62720, 1, 0, 0
424449, 60800, 1, 0, 0
424549, 64000, 1, 0, 0
424649, 61440, 1, 0, 0
424749, 62080, 1, 0, 0
424849, 61440, 1, 0, 0
424949, 60800, 1, 0, 0
425050, 62080, 1, 0, 0
425150, 62720, 1, 0, 0
425249, 64000, 1, 0, 0
425349, 64000, 1, 0, 0
425449, 59520, 1, 0, 0
425549, 63360, 1, 0, 0
425649, 62080, 1, 0, 0
425749, 64000, 1, 0, 0
425849, 60800, 1, 0, 0
425949, 60800, 1, 0, 0
426049, 63360, 1, 0, 0
426149, 63360, 1, 0, 0
426249, 62720, 1, 0, 0
426350, 63360, 1, 0, 0
426450, 61440, 1, 0, 0
426550, 60160, 1, 0, 0
426650, 60160, 1, 0, 0
426749, 63353, 1, 0, 0
426849, 60160, 1, 0, 0
426949, 58880, 1, 0, 0
427049, 62080, 1, 0, 0
427149, 60160, 1, 0, 0
427249, 62720, 1, 0, 0
427349, 60800, 1, 0, 0
427449, 61440, 1, 0, 0
427549, 60800, 1, 0, 0
427649, 63360, 1, 0, 0
427749, 62707, 1, 0, 0
427849, 61440, 1, 0, 0
427949, 60800, 1, 0, 0
428049, 62080, 1, 0, 0
428149, 63360, 1, 0, 0
428249, 63360, 1, 0, 0
428349, 63360, 1, 0, 0
428449, 60160, 1, 0, 0
428549, 60800, 1, 0, 0
428649, 64000, 1, 0, 0
428749, 62720, 1, 0, 0
428849, 63360, 1, 0, 0
428949, 64640, 1, 0, 0
429050, 60160, 1, 0, 0
429150, 58240, 1, 0, 0
429249, 62060, 1, 0, 0
429349, 62080, 1, 0, 0
429449, 60160, 1, 0, 0
429549, 61440, 1, 0, 0
429649, 61440, 1, 0, 0
429749, 62720, 1, 0, 0
429849, 62080, 1, 0, 0
429949, 60800, 1, 0, 0
430049, 60160, 1, 0, 0
430149, 62720, 1, 0, 0
430249, 61440, 1, 0, 0
430349, 61440, 1, 0, 0
430449, 62720, 1, 0, 0
430550, 60160, 1, 0, 0
430650, 58880, 1, 0, 0
430749, 63353, 1, 0, 0
430849, 59520, 1, 0, 0
430949, 62080, 1, 0, 0
431049, 60800, 1, 0, 0
431149, 62720, 1, 0, 0
431249, 60160, 1, 0, 0
431349, 58240, 1, 0, 0
431449, 61440, 1, 0, 0
431549, 59520, 1, 0, 0
431649, 58880, 1, 0, 0
431750, 60800, 1, 0, 0
431850, 60800, 1, 0, 0
431950, 62720, 1, 0, 0
432050, 61440, 1, 0, 0
432150, 59520, 1, 0, 0
432249, 60121, 1, 0, 0
432349, 58880, 1, 0, 0
432449, 60160, 1, 0, 0
432549, 56320, 1, 0, 0
432649, 58240, 1, 0, 0
432749, 58880, 1, 0, 0
432849, 61440, 1, 0, 0
432949, 57600, 1, 0, 0
433049, 61440, 1, 0, 0
433149, 60160, 1, 0, 0
433249, 58181, 1, 0, 0
433349, 61440, 1, 0, 0
433449, 59520, 1, 0, 0
433549, 60800, 1, 0, 0
433649, 58240, 1, 0, 0
433749, 59520, 1, 0, 0
433849, 60800, 1, 0, 0
433949, 62080, 1, 0, 0
434049, 57600, 1, 0, 0
434149, 56960, 1, 0, 0
434249, 58880, 1, 0, 0
434349, 57600, 1, 0, 0
434449, 64640, 1, 0, 0
434550, 59520, 1, 0, 0
434650, 60800, 1, 0, 0
434749, 62707, 1, 0, 0
434849, 60160, 1, 0, 0
434949, 56960, 1, 0, 0
435049, 58880, 1, 0, 0
435149, 60160, 1, 0, 0
435249, 62080, 1, 0, 0
435349, 58880, 1, 0, 0
435449, 60160, 1, 0, 0
435549, 60160, 1, 0, 0
435649, 58880, 1, 0, 0
435750, 59520, 1, 0, 0
435850, 60800, 1, 0, 0
435950, 58880, 1, 0, 0
436050, 58240, 1, 0, 0
436150, 59520, 1, 0, 0
436249, 61414, 1, 0, 0
436349, 57600, 1, 0, 0
436449, 57600, 1, 0, 0
436549, 57600, 1, 0, 0
436649, 48640, 1, 0, 0
436749, 60160, 1, 0, 0
436849, 57600, 1, 0, 0
436949, 59520, 1, 0, 0
437049, 62080, 1, 0, 0
437150, 60160, 1, 0, 0
437249, 59474, 1, 0, 0
437349, 62080, 1, 0, 0
437449, 60160, 1, 0, 0
437549, 59520, 1, 0, 0
437649, 61440, 1, 0, 0
437749, 59520, 1, 0, 0
437849, 62080, 1, 0, 0
437949, 62080, 1, 0, 0
438049, 60800, 1, 0, 0
438149, 61440, 1, 0, 0
438249, 64000, 1, 0, 0
438349, 60800, 1, 0, 0
438449, 60160, 1, 0, 0
438550, 62080, 1, 0, 0
438650, 59520, 1, 0, 0
438749, 59474, 1, 0, 0
438849, 59520, 1, 0, 0
438949, 58880, 1, 0, 0
439049, 62720, 1, 0, 0
439149, 62720, 1, 0, 0
439249, 62080, 1, 0, 0
439349, 63360, 1, 0, 0
439449, 62080, 1, 0, 0
439549, 63360, 1, 0, 0
439649, 60800, 1, 0, 0
439749, 59520, 1, 0, 0
439849, 60160, 1, 0, 0
439950, 60800, 1, 0, 0
440050, 64000, 1, 0, 0
440150, 60160, 1, 0, 0
440249, 63353, 1, 0, 0
440349, 60160, 1, 0, 0
440449, 60160, 1, 0, 0
440549, 62080, 1, 0, 0
440649, 60800, 1, 0, 0
440749, 64000, 1, 0, 0
440849, 63360, 1, 0, 0
440949, 63360, 1, 0, 0
441049, 62720, 1, 0, 0
441149, 62080, 1, 0, 0
441249, 61414, 1, 0, 0
441349, 59520, 1, 0, 0
441449, 60800, 1, 0, 0
441549, 63360, 1, 0, 0
441649, 57600, 1, 0, 0
441749, 58240, 1, 0, 0
441849, 60160, 1, 0, 0
441949, 62080, 1, 0, 0
442049, 60800, 1, 0, 0
442149, 62720, 1, 0, 0
442249, 62720, 1, 0, 0
442349, 64000, 1, 0, 0
442449, 64640, 1, 0, 0
442550, 62720, 1, 0, 0
442650, 62720, 1, 0, 0
442749, 60121, 1, 0, 0
442849, 64640, 1, 0, 0
442949, 61440, 1, 0, 0
443049, 61440, 1, 0, 0
443149, 63360, 1, 0, 0
443249, 61440, 1, 0, 0
443349, 61440, 1, 0, 0
443449, 60800, 1, 0, 0
443549, 59520, 1, 0, 0
443649, 59520, 1, 0, 0
443749, 60160, 1, 0, 0
443849, 62720, 1, 0, 0
443950, 63360, 1, 0, 0
444050, 63360, 1, 0, 0
444150, 58240, 1, 0, 0
444249, 62060, 1, 0, 0
444349, 63360, 1, 0, 0
444449, 64000, 1, 0, 0
444549, 63360, 1, 0, 0
444649, 60160, 1, 0, 0
444749, 61440, 1, 0, 0
444849, 60800, 1, 0, 0
444949, 60160, 1, 0, 0
445049, 61440, 1, 0, 0
445149, 63360, 1, 0, 0
445249, 62707, 1, 0, 0
445349, 62080, 1, 0, 0
445449, 63360, 1, 0, 0
445549, 58240, 1, 0, 0
445649, 62080, 1, 0, 0
445749, 63360, 1, 0, 0
445849, 60800, 1, 0, 0
445949, 62080, 1, 0, 0
446049, 62720, 1, 0, 0
446149, 61440, 1, 0, 0
446249, 62080, 1, 0, 0
446349, 62080, 1, 0, 0
446449, 61440, 1, 0, 0
446550, 63360, 1, 0, 0
446650, 61440, 1, 0, 0
446749, 60767, 1, 0, 0
446849, 61440, 1, 0, 0
446949, 64000, 1, 0, 0
447049, 56960, 1, 0, 0
447149, 60160, 1, 0, 0
447249, 61440, 1, 0, 0
447349, 59520, 1, 0, 0
447449, 59520, 1, 0, 0
447549, 62720, 1, 0, 0
447649, 58240, 1, 0, 0
447750, 58880, 1, 0, 0
447850, 59520, 1, 0, 0
447950, 57600, 1, 0, 0
448050, 56960, 1, 0, 0
448150, 60800, 1, 0, 0
448249, 59474, 1, 0, 0
448349, 61440, 1, 0, 0
448449, 60800, 1, 0, 0
448549, 60800, 1, 0, 0
448649, 62080, 1, 0, 0
448749, 60160, 1, 0, 0
448849, 58880, 1, 0, 0
448949, 56320, 1, 0, 0
449049, 58880, 1, 0, 0
449150, 58880, 1, 0, 0
449249, 58828, 1, 0, 0
449349, 55680, 1, 0, 0
449449, 60800, 1, 0, 0
449549, 62080, 1, 0, 0
449649, 61440, 1, 0, 0
449749, 61440, 1, 0, 0
449849, 62720, 1, 0, 0
449949, 64000, 1, 0, 0
450049, 64000, 1, 0, 0
450149, 60160, 1, 0, 0
450249, 62080, 1, 0, 0
450349, 60160, 1, 0, 0
450450, 60160, 1, 0, 0
450550, 60800, 1, 0, 0
450650, 62080, 1, 0, 0
450749, 62060, 1, 0, 0
450849, 61440, 1, 0, 0
450949, 62720, 1, 0, 0
451049, 60160, 1, 0, 0
451149, 61440, 1, 0, 0
451249, 61440, 1, 0, 0
451349, 60160, 1, 0, 0
451449, 62720, 1, 0, 0
451549, 61440, 1, 0, 0
451649, 58240, 1, 0, 0
451749, 62707, 1, 0, 0
451849, 60800, 1, 0, 0
451949, 58880, 1, 0, 0
452049, 60800, 1, 0, 0
452149, 62080, 1, 0, 0
452249, 57600, 1, 0, 0
452349, 59520, 1, 0, 0
452449, 60160, 1, 0, 0
452549, 60800, 1, 0, 0
452649, 62080, 1, 0, 0
452749, 59520, 1, 0, 0
452849, 62720, 1, 0, 0
452949, 61440, 1, 0, 0
453050, 59520, 1, 0, 0
453150, 58240, 1, 0, 0
453249, 61414, 1, 0, 0
453349, 59520, 1, 0, 0
453449, 61440, 1, 0, 0
453549, 60800, 1, 0, 0
453649, 60160, 1, 0, 0
453749, 61440, 1, 0, 0
453849, 60160, 1, 0, 0
453949, 63360, 1, 0, 0
454049, 62720, 1, 0, 0
454149, 59520, 1, 0, 0
454250, 64640, 1, 0, 0
454350, 62720, 1, 0, 0
454450, 59520, 1, 0, 0
454550, 62720, 1, 0, 0
454650, 60160, 1, 0, 0
454749, 62707, 1, 0, 0
454849, 60800, 1, 0, 0
454949, 58240, 1, 0, 0
455049, 58880, 1, 0, 0
455149, 62080, 1, 0, 0
455249, 61440, 1, 0, 0
455349, 61440, 1, 0, 0
455449, 60160, 1, 0, 0
455549, 59520, 1, 0, 0
455650, 60160, 1, 0, 0
455749, 61414, 1, 0, 0
455849, 61440, 1, 0, 0
455949, 63360, 1, 0, 0
456049, 64000, 1, 0, 0
456149, 62080, 1, 0, 0
456249, 62720, 1, 0, 0
456349, 60160, 1, 0, 0
456449, 63360, 1, 0, 0
456549, 60800, 1, 0, 0
456649, 59520, 1, 0, 0
456749, 62080, 1, 0, 0
456849, 62080, 1, 0, 0
456949, 63360, 1, 0, 0
457050, 63360, 1, 0, 0
457150, 63360, 1, 0, 0
457249, 61414, 1, 0, 0
457349, 62080, 1, 0, 0
457449, 64000, 1, 0, 0
457549, 60800, 1, 0, 0
457649, 58240, 1, 0, 0
457749, 64640, 1, 0, 0
457849, 62080, 1, 0, 0
457949, 60160, 1, 0, 0
458049, 60800, 1, 0, 0
458149, 62080, 1, 0, 0
458249, 64000, 1, 0, 0
458350, 64000, 1, 0, 0
458450, 63360, 1, 0, 0
458550, 64000, 1, 0, 0
458650, 63360, 1, 0, 0
458749, 62707, 1, 0, 0
458849, 62720, 1, 0, 0
458949, 60160, 1, 0, 0
459049, 63360, 1, 0, 0
459149, 64000, 1, 0, 0
459249, 60800, 1, 0, 0
459349, 61440, 1, 0, 0
459449, 62080, 1, 0, 0
459549, 63360, 1, 0, 0
459649, 61440, 1, 0, 0
459749, 58181, 1, 0, 0
459849, 64640, 1, 0, 0
459949, 62720, 1, 0, 0
460049, 62720, 1, 0, 0
460149, 62720, 1, 0, 0
460249, 59520, 1, 0, 0
460349, 62080, 1, 0, 0
460449, 62720, 1, 0, 0
460549, 64000, 1, 0, 0
460649, 59520, 1, 0, 0
460749, 63360, 1, 0, 0
460849, 64000, 1, 0, 0
460949, 64000, 1, 0, 0
461050, 63360, 1, 0, 0
461150, 61440, 1, 0, 0
461249, 63353, 1, 0, 0
461349, 64000, 1, 0, 0
461449, 62080, 1, 0, 0
461549, 62080, 1, 0, 0
461649, 65280, 1, 0, 0
461749, 63360, 1, 0, 0
461849, 62080, 1, 0, 0
461949, 62720, 1, 0, 0
462049, 61440, 1, 0, 0
462149, 62080, 1, 0, 0
462249, 61440, 1, 0, 0
462349, 61440, 1, 0, 0
462450, 60160, 1, 0, 0
462550, 64640, 1, 0, 0
462650, 61440, 1, 0, 0
462749, 64000, 1, 0, 0
462849, 60800, 1, 0, 0
462949, 60800, 1, 0, 0
463049, 60800, 1, 0, 0
463149, 64000, 1, 0, 0
463249, 59520, 1, 0, 0
463349, 60160, 1, 0, 0
463449, 63360, 1, 0, 0
463549, 62080, 1, 0, 0
463649, 58880, 1, 0, 0
463749, 61414, 1, 0, 0
463849, 60800, 1, 0, 0
463949, 62720, 1, 0, 0
464049, 62720, 1, 0, 0
464149, 56960, 1, 0, 0
464249, 57600, 1, 0, 0
464349, 58240, 1, 0, 0
464449, 58240, 1, 0, 0
464549, 60800, 1, 0, 0
464649, 58240, 1, 0, 0
464749, 61440, 1, 0, 0
464849, 62080, 1, 0, 0
464949, 61440, 1, 0, 0
465049, 62720, 1, 0, 0
465150, 60160, 1, 0, 0
465249, 61414, 1, 0, 0
465349, 61440, 1, 0, 0
465449, 64000, 1, 0, 0
465549, 65280, 1, 0, 0
465649, 62720, 1, 0, 0
465749, 63360, 1, 0, 0
465849, 64000, 1, 0, 0
465949, 64640, 1, 0, 0
466049, 62720, 1, 0, 0
466149, 60800, 1, 0, 0
466249, 60800, 1, 0, 0
466349, 62080, 1, 0, 0
466449, 62720, 1, 0, 0
466550, 62080, 1, 0, 0
466650, 62720, 1, 0, 0
466749, 60121, 1, 0, 0
466849, 62080, 1, 0, 0
466949, 61440, 1, 0, 0
467049, 60160, 1, 0, 0
467149, 62080, 1, 0, 0
467249, 62720, 1, 0, 0
467349, 62720, 1, 0, 0
467449, 62720, 1, 0, 0
467549, 60160, 1, 0, 0
467649, 60800, 1, 0, 0
467749, 62720, 1, 0, 0
467849, 62720, 1, 0, 0
467950, 63360, 1, 0, 0
468050, 64640, 1, 0, 0
468150, 64000, 1, 0, 0
468249, 61414, 1, 0, 0
468349, 62080, 1, 0, 0
468449, 64000, 1, 0, 0
468549, 63360, 1, 0, 0
468649, 60800, 1, 0, 0
468749, 60800, 1, 0, 0
468849, 62720, 1, 0, 0
468949, 62080, 1, 0, 0
469049, 61440, 1, 0, 0
469150, 64000, 1, 0, 0
469249, 60767, 1, 0, 0
469349, 58880, 1, 0, 0
469449, 62720, 1, 0, 0
469549, 62720, 1, 0, 0
469649, 64640, 1, 0, 0
469749, 62720, 1, 0, 0
469849, 64000, 1, 0, 0
469949, 61440, 1, 0, 0
470049, 62720, 1, 0, 0
470149, 62080, 1, 0, 0
470249, 60160, 1, 0, 0
470349, 62080, 1, 0, 0
470449, 63360, 1, 0, 0
470550, 64000, 1, 0, 0
470650, 64000, 1, 0, 0
470749, 58181, 1, 0, 0
470849, 60800, 1, 0, 0
470949, 63360, 1, 0, 0
471049, 62720, 1, 0, 0
471149, 60160, 1, 0, 0
471249, 62080, 1, 0, 0
471349, 62720, 1, 0, 0
471449, 61440, 1, 0, 0
471549, 60160, 1, 0, 0
471649, 62080, 1, 0, 0
471749, 59520, 1, 0, 0
471849, 60160, 1, 0, 0
471949, 63360, 1, 0, 0
472050, 62720, 1, 0, 0
472150, 63360, 1, 0, 0
472249, 60121, 1, 0, 0
472349, 64000, 1, 0, 0
472449, 60160, 1, 0, 0
472549, 65280, 1, 0, 0
472649, 60800, 1, 0, 0
472749, 60160, 1, 0, 0
472849, 60800, 1, 0, 0
472949, 62720, 1, 0, 0
473049, 59520, 1, 0, 0
473149, 60800, 1, 0, 0
473249, 60160, 1, 0, 0
473350, 63360, 1, 0, 0
473450, 62080, 1, 0, 0
473550, 61440, 1, 0, 0
473650, 64000, 1, 0, 0
473749, 61414, 1, 0, 0
473849, 61440, 1, 0, 0
473949, 57600, 1, 0, 0
474049, 60160, 1, 0, 0
474149, 63360, 1, 0, 0
474249, 58880, 1, 0, 0
474349, 60800, 1, 0, 0
474449, 62080, 1, 0, 0
474549, 62720, 1, 0, 0
474650, 55680, 1, 0, 0
474749, 59474, 1, 0, 0
474849, 59520, 1, 0, 0
474949, 62720, 1, 0, 0
475049, 59520, 1, 0, 0
475149, 60160, 1, 0, 0
475249, 61440, 1, 0, 0
475349, 58880, 1, 0, 0
475449, 60160, 1, 0, 0
475549, 61440, 1, 0, 0
475649, 62720, 1, 0, 0
475749, 63360, 1, 0, 0
475849, 60800, 1, 0, 0
475949, 60800, 1, 0, 0
476050, 61440, 1, 0, 0
476150, 62080, 1, 0, 0
476249, 63353, 1, 0, 0
476349, 60800, 1, 0, 0
476449, 62720, 1, 0, 0
476549, 63360, 1, 0, 0
476649, 62080, 1, 0, 0
476749, 60800, 1, 0, 0
476849, 58240, 1, 0, 0
476949, 60800, 1, 0, 0
477049, 62080, 1, 0, 0
477149, 61440, 1, 0, 0
477249, 60160, 1, 0, 0
477350, 60800, 1, 0, 0
477450, 62720, 1, 0, 0
477550, 62720, 1, 0, 0
477650, 60160, 1, 0, 0
477749, 62060, 1, 0, 0
477849, 62080, 1, 0, 0
477949, 63360, 1, 0, 0
478049, 60160, 1, 0, 0
478149, 60800, 1, 0, 0
478249, 61440, 1, 0, 0
478349, 60800, 1, 0, 0
478449, 60160, 1, 0, 0
478549, 62720, 1, 0, 0
478649, 62080, 1, 0, 0
478749, 61414, 1, 0, 0
478849, 58240, 1, 0, 0
478949, 59520, 1, 0, 0
479049, 60160, 1, 0, 0
479149, 60800, 1, 0, 0
479249, 60160, 1, 0, 0
479349, 60160, 1, 0, 0
479449, 62080, 1, 0, 0
479549, 61440, 1, 0, 0
479649, 62080, 1, 0, 0
479749, 61440, 1, 0, 0
479849, 61440, 1, 0, 0
479949, 58240, 1, 0, 0
480050, 59520, 1, 0, 0
480150, 58880, 1, 0, 0
480249, 58828, 1, 0, 0
480349, 60800, 1, 0, 0
480449, 60160, 1, 0, 0
480549, 61440, 1, 0, 0
480649, 60160, 1, 0, 0
480749, 63360, 1, 0, 0
480849, 62720, 1, 0, 0
480949, 59520, 1, 0, 0
481049, 59520, 1, 0, 0
481149, 60800, 1, 0, 0
481250, 61440, 1, 0, 0
481350, 60800, 1, 0, 0
481450, 61440, 1, 0, 0
481550, 58880, 1, 0, 0
481650, 58240, 1, 0, 0
481749, 60121, 1, 0, 0
481849, 64000, 1, 0, 0
481949, 59520, 1, 0, 0
482049, 61440, 1, 0, 0
482149, 56960, 1, 0, 0
482249, 64000, 1, 0, 0
482349, 58240, 1, 0, 0
482449, 60800, 1, 0, 0
482549, 61440, 1, 0, 0
482649, 60160, 1, 0, 0
482749, 60767, 1, 0, 0
482849, 59520, 1, 0, 0
482949, 58880, 1, 0, 0
483049, 62080, 1, 0, 0
483149, 59520, 1, 0, 0
483249, 60160, 1, 0, 0
483349, 60800, 1, 0, 0
483449, 63360, 1, 0, 0
483549, 62080, 1, 0, 0
483649, 64000, 1, 0, 0
483749, 62720, 1, 0, 0
483849, 64000, 1, 0, 0
483949, 62720, 1, 0, 0
484050, 60160, 1, 0, 0
484150, 64000, 1, 0, 0
484249, 62060, 1, 0, 0
484349, 64000, 1, 0, 0
484449, 58880, 1, 0, 0
484549, 62080, 1, 0, 0
484649, 59520, 1, 0, 0
484749, 62720, 1, 0, 0
484849, 60800, 1, 0, 0
484949, 64000, 1, 0, 0
485049, 62720, 1, 0, 0
485149, 63360, 1, 0, 0
485249, 59520, 1, 0, 0
485350, 56960, 1, 0, 0
485450, 65280, 1, 0, 0
485550, 60800, 1, 0, 0
485650, 60160, 1, 0, 0
485749, 62707, 1, 0, 0
485849, 64640, 1, 0, 0
485949, 60160, 1, 0, 0
486049, 64640, 1, 0, 0
486149, 59520, 1, 0, 0
486249, 60160, 1, 0, 0
486349, 60160, 1, 0, 0
486449, 62720, 1, 0, 0
486549, 61440, 1, 0, 0
486649, 61440, 1, 0, 0
486749, 62060, 1, 0, 0
486849, 61440, 1, 0, 0
486949, 61440, 1, 0, 0
487049, 63360, 1, 0, 0
487149, 61440, 1, 0, 0
487249, 63360, 1, 0, 0
487349, 60800, 1, 0, 0
487449, 60800, 1, 0, 0
487549, 60800, 1, 0, 0
487649, 61440, 1, 0, 0
487749, 64000, 1, 0, 0
487849, 60800, 1, 0, 0
487949, 59520, 1, 0, 0
488050, 59520, 1, 0, 0
488150, 58880, 1, 0, 0
488249, 61414, 1, 0, 0
488349, 62080, 1, 0, 0
488449, 62080, 1, 0, 0
488549, 60160, 1, 0, 0
488649, 62080, 1, 0, 0
488749, 62080, 1, 0, 0
488849, 59520, 1, 0, 0
488949, 61440, 1, 0, 0
489049, 59520, 1, 0, 0
489149, 62080, 1, 0, 0
489249, 60160, 1, 0, 0
489350, 61440, 1, 0, 0
489450, 60800, 1, 0, 0
489550, 62720, 1, 0, 0
489650, 59520, 1, 0, 0
489749, 60767, 1, 0, 0
489849, 62720, 1, 0, 0
489949, 62080, 1, 0, 0
490049, 60800, 1, 0, 0
490149, 62080, 1, 0, 0
490249, 59520, 1, 0, 0
490349, 62720, 1, 0, 0
490449, 64000, 1, 0, 0
490549, 60160, 1, 0, 0
490649, 60800, 1, 0, 0
490749, 59474, 1, 0, 0
490849, 60160, 1, 0, 0
490949, 58240, 1, 0, 0
491049, 60160, 1, 0, 0
491149, 61440, 1, 0, 0
491249, 60800, 1, 0, 0
491349, 63360, 1, 0, 0
491449, 60800, 1, 0, 0
491549, 63360, 1, 0, 0
491649, 60800, 1, 0, 0
491749, 64000, 1, 0, 0
491849, 62080, 1, 0, 0
491949, 60800, 1, 0, 0
492050, 63360, 1, 0, 0
492150, 58240, 1, 0, 0
492249, 62707, 1, 0, 0
492349, 59520, 1, 0, 0
492449, 60800, 1, 0, 0
492549, 60800, 1, 0, 0
492649, 62080, 1, 0, 0
492749, 60160, 1, 0, 0
492849, 60800, 1, 0, 0
492949, 62080, 1, 0, 0
493049, 60800, 1, 0, 0
493149, 62720, 1, 0, 0
493249, 60767, 1, 0, 0
493349, 59520, 1, 0, 0
493449, 58240, 1, 0, 0
493549, 61440, 1, 0, 0
493649, 60800, 1, 0, 0
493749, 56320, 1, 0, 0
493849, 61440, 1, 0, 0
493949, 63360, 1, 0, 0
494049, 60800, 1, 0, 0
494149, 62720, 1, 0, 0
494249, 59520, 1, 0, 0
494349, 62720, 1, 0, 0
494449, 62720, 1, 0, 0
494550, 63360, 1, 0, 0
494650, 62720, 1, 0, 0
494749, 61414, 1, 0, 0
494849, 62080, 1, 0, 0
494949, 61440, 1, 0, 0
495049, 62080, 1, 0, 0
495149, 61440, 1, 0, 0
495249, 64000, 1, 0, 0
495349, 63360, 1, 0, 0
495449, 60160, 1, 0, 0
495549, 62080, 1, 0, 0
495649, 61440, 1, 0, 0
495749, 60160, 1, 0, 0
495849, 59520, 1, 0, 0
495950, 60160, 1, 0, 0
496050, 61440, 1, 0, 0
496150, 57600, 1, 0, 0
496249, 59474, 1, 0, 0
496349, 60800, 1, 0, 0
496449, 62720, 1, 0, 0
496549, 62080, 1, 0, 0
496649, 59520, 1, 0, 0
496749, 60800, 1, 0, 0
496849, 61440, 1, 0, 0
496949, 60800, 1, 0, 0
497049, 60800, 1, 0, 0
497149, 60800, 1, 0, 0
497249, 60121, 1, 0, 0
497349, 60800, 1, 0, 0
497449, 61440, 1, 0, 0
497549, 57600, 1, 0, 0
497649, 62720, 1, 0, 0
497749, 62720, 1, 0, 0
497849, 59520, 1, 0, 0
497949, 62720, 1, 0, 0
498049, 61440, 1, 0, 0
498149, 60800, 1, 0, 0
498249, 61440, 1, 0, 0
498349, 62720, 1, 0, 0
498449, 63360, 1, 0, 0
498549, 59520, 1, 0, 0
498650, 62720, 1, 0, 0
498749, 61414, 1, 0, 0
498849, 62080, 1, 0, 0
498949, 62720, 1, 0, 0
499049, 63360, 1, 0, 0
499149, 61440, 1, 0, 0
499249, 61440, 1, 0, 0
499349, 60800, 1, 0, 0
499449, 64000, 1, 0, 0
499549, 62720, 1, 0, 0
499649, 62720, 1, 0, 0
499749, 62720, 1, 0, 0
499849, 58240, 1, 0, 0
499950, 62720, 1, 0, 0
500050, 62080, 1, 0, 0
500150, 60160, 1, 0, 0
500249, 60121, 1, 0, 0
500349, 60160, 1, 0, 0
500449, 62080, 1, 0, 0
500549, 60800, 1, 0, 0
500649, 62080, 1, 0, 0
500749, 60800, 1, 0, 0
500849, 60160, 1, 0, 0
500949, 61440, 1, 0, 0
501049, 62080, 1, 0, 0
501149, 62080, 1, 0, 0
501250, 62080, 1, 0, 0
501350, 64000, 1, 0, 0
501450, 60800, 1, 0, 0
501550, 60160, 1, 0, 0
501650, 60160, 1, 0, 0
501749, 60121, 1, 0, 0
501849, 61440, 1, 0, 0
501949, 60160, 1, 0, 0
502049, 63360, 1, 0, 0
502149, 61440, 1, 0, 0
502249, 62720, 1, 0, 0
502349, 63360, 1, 0, 0
502449, 62720, 1, 0, 0
502549, 62080, 1, 0, 0
502650, 62720, 1, 0, 0
502749, 64000, 1, 0, 0
502849, 63360, 1, 0, 0
502949, 62080, 1, 0, 0
503049, 60800, 1, 0, 0
503149, 63360, 1, 0, 0
503249, 62720, 1, 0, 0
503349, 63360, 1, 0, 0
503449, 64640, 1, 0, 0
503549, 62080, 1, 0, 0
503649, 62720, 1, 0, 0
503749, 61440, 1, 0, 0
503849, 62080, 1, 0, 0
503949, 64640, 1, 0, 0
504050, 60800, 1, 0, 0
504150, 58880, 1, 0, 0
504249, 62060, 1, 0, 0
504349, 62720, 1, 0, 0
504449, 60800, 1, 0, 0
504549, 62720, 1, 0, 0
504649, 60800, 1, 0, 0
504749, 60160, 1, 0, 0
504849, 58880, 1, 0, 0
504949, 58880, 1, 0, 0
505049, 62080, 1, 0, 0
505149, 62080, 1, 0, 0
505249, 57600, 1, 0, 0
505350, 63360, 1, 0, 0
505450, 62720, 1, 0, 0
505550, 58240, 1, 0, 0
505650, 62080, 1, 0, 0
505749, 62060, 1, 0, 0
505849, 59520, 1, 0, 0
505949, 62080, 1, 0, 0
506049, 63360, 1, 0, 0
506149, 61440, 1, 0, 0
506249, 62080, 1, 0, 0
506349, 60160, 1, 0, 0
506449, 62720, 1, 0, 0
506549, 60800, 1, 0, 0
506649, 62080, 1, 0, 0
506749, 62060, 1, 0, 0
506849, 61440, 1, 0, 0
506949, 62720, 1, 0, 0
507049, 60800, 1, 0, 0
507149, 58880, 1, 0, 0
507249, 60800, 1, 0, 0
507349, 60800, 1, 0, 0
507449, 62080, 1, 0, 0
507549, 59520, 1, 0, 0
507649, 62080, 1, 0, 0
507749, 64000, 1, 0, 0
507849, 60160, 1, 0, 0
507949, 60160, 1, 0, 0
508050, 62080, 1, 0, 0
508150, 62080, 1, 0, 0
508249, 65939, 1, 0, 0
508349, 58880, 1, 0, 0
508449, 60800, 1, 0, 0
508549, 64000, 1, 0, 0
508649, 60800, 1, 0, 0
508749, 60800, 1, 0, 0
508849, 64000, 1, 0, 0
508949, 63360, 1, 0, 0
509049, 62720, 1, 0, 0
509149, 62720, 1, 0, 0
509250, 63360, 1, 0, 0
509350, 60800, 1, 0, 0
509450, 61440, 1, 0, 0
509550, 60800, 1, 0, 0
509650, 63360, 1, 0, 0
509749, 63353, 1, 0, 0
509849, 64000, 1, 0, 0
509949, 62080, 1, 0, 0
510049, 62080, 1, 0, 0
510149, 62080, 1, 0, 0
510249, 64640, 1, 0, 0
510349, 62080, 1, 0, 0
510449, 62080, 1, 0, 0
510550, 62720, 1, 0, 0
510650, 60800, 1, 0, 0
510749, 62060, 1, 0, 0
510849, 62720, 1, 0, 0
510949, 64000, 1, 0, 0
511049, 63360, 1, 0, 0
511149, 63360, 1, 0, 0
511249, 65280, 1, 0, 0
511349, 60800, 1, 0, 0
511449, 62720, 1, 0, 0
511549, 61440, 1, 0, 0
511649, 65280, 1, 0, 0
511749, 60800, 1, 0, 0
511850, 61440, 1, 0, 0
511950, 60160, 1, 0, 0
512050, 61440, 1, 0, 0
512150, 62720, 1, 0, 0
512249, 62060, 1, 0, 0
512349, 61440, 1, 0, 0
512449, 64640, 1, 0, 0
512549, 61440, 1, 0, 0
512649, 62720, 1, 0, 0
512749, 62080, 1, 0, 0
512849, 58880, 1, 0, 0
512949, 62720, 1, 0, 0
513049, 63360, 1, 0, 0
513149, 63360, 1, 0, 0
513249, 62060, 1, 0, 0
513349, 62720, 1, 0, 0
513449, 64000, 1, 0, 0
513549, 62080, 1, 0, 0
513649, 62720, 1, 0, 0
513749, 61440, 1, 0, 0
513849, 61440, 1, 0, 0
513949, 60800, 1, 0, 0
514049, 63360, 1, 0, 0
514149, 61440, 1, 0, 0
514249, 64640, 1, 0, 0
514349, 64000, 1, 0, 0
514449, 64000, 1, 0, 0
514550, 64640, 1, 0, 0
514650, 63360, 1, 0, 0
514749, 62707, 1, 0, 0
514849, 62080, 1, 0, 0
514949, 61440, 1, 0, 0
515049, 63360, 1, 0, 0
515149, 62080, 1, 0, 0
515249, 60800, 1, 0, 0
515349, 66560, 1, 0, 0
515449, 63360, 1, 0, 0
515549, 64000, 1, 0, 0
515649, 61440, 1, 0, 0
515749, 62720, 1, 0, 0
515849, 60160, 1, 0, 0
515949, 61440, 1, 0, 0
516050, 64640, 1, 0, 0
516150, 61440, 1, 0, 0
516249, 60767, 1, 0, 0
516349, 63360, 1, 0, 0
516449, 63360, 1, 0, 0
516549, 62720, 1, 0, 0
516649, 61440, 1, 0, 0
516749, 58880, 1, 0, 0
516849, 62080, 1, 0, 0
516949, 64000, 1, 0, 0
517049, 60800, 1, 0, 0
517149, 61440, 1, 0, 0
517249, 62720, 1, 0, 0
517350, 63360, 1, 0, 0
517450, 59520, 1, 0, 0
517550, 61440, 1, 0, 0
517650, 58240, 1, 0, 0
517749, 62060, 1, 0, 0
517849, 62080, 1, 0, 0
517949, 62080, 1, 0, 0
518049, 61440, 1, 0, 0
518149, 64000, 1, 0, 0
518249, 57600, 1, 0, 0
518349, 59520, 1, 0, 0
518449, 64640, 1, 0, 0
518549, 63360, 1, 0, 0
518649, 64000, 1, 0, 0
518749, 61414, 1, 0, 0
518849, 58880, 1, 0, 0
518949, 62720, 1, 0, 0
519049, 62080, 1, 0, 0
519149, 56320, 1, 0, 0
519249, 63360, 1, 0, 0
519349, 62080, 1, 0, 0
519449, 60800, 1, 0, 0
519549, 62720, 1, 0, 0
519649, 61440, 1, 0, 0
519749, 63360, 1, 0, 0
519849, 62080, 1, 0, 0
519949, 64640, 1, 0, 0
520050, 64000, 1, 0, 0
520150, 61440, 1, 0, 0
520249, 60767, 1, 0, 0
520349, 64640, 1, 0, 0
520449, 63360, 1, 0, 0
520549, 60800, 1, 0, 0
520649, 61440, 1, 0, 0
520749, 61440, 1, 0, 0
520849, 62080, 1, 0, 0
520949, 62080, 1, 0, 0
521049, 62720, 1, 0, 0
521149, 59520, 1, 0, 0
521249, 60800, 1, 0, 0
521349, 61440, 1, 0, 0
521450, 62080, 1, 0, 0
521550, 63360, 1, 0, 0
521650, 58880, 1, 0, 0
521749, 58828, 1, 0, 0
521849, 62080, 1, 0, 0
521949, 64000, 1, 0, 0
522049, 58880, 1, 0, 0
522149, 64000, 1, 0, 0
522249, 62720, 1, 0, 0
522349, 62080, 1, 0, 0
522449, 60160, 1, 0, 0
522549, 62720, 1, 0, 0
522649, 59520, 1, 0, 0
522750, 61440, 1, 0, 0
522850, 61440, 1, 0, 0
522950, 60800, 1, 0, 0
523050, 62080, 1, 0, 0
523150, 60160, 1, 0, 0
523249, 60121, 1, 0, 0
523349, 60800, 1, 0, 0
523449, 62720, 1, 0, 0
523549, 63360, 1, 0, 0
523649, 56320, 1, 0, 0
523749, 64000, 1, 0, 0
523849, 62080, 1, 0, 0
523949, 62720, 1, 0, 0
524050, 60800, 1, 0, 0
524150, 60800, 1, 0, 0
524249, 61414, 1, 0, 0
524349, 64640, 1, 0, 0
524449, 64640, 1, 0, 0
524549, 62720, 1, 0, 0
524649, 61440, 1, 0, 0
524749, 60800, 1, 0, 0
524849, 64000, 1, 0, 0
524949, 63360, 1, 0, 0
525049, 63360, 1, 0, 0
525149, 62720, 1, 0, 0
525249, 62720, 1, 0, 0
525349, 64640, 1, 0, 0
525450, 62080, 1, 0, 0
525550, 61440, 1, 0, 0
525650, 60800, 1, 0, 0
525749, 63353, 1, 0, 0
525849, 63360, 1, 0, 0
525949, 62080, 1, 0, 0
526049, 60160, 1, 0, 0
526149, 62720, 1, 0, 0
526249, 62080, 1, 0, 0
526349, 61440, 1, 0, 0
526449, 63360, 1, 0, 0
526549, 62720, 1, 0, 0
526649, 59520, 1, 0, 0
526750, 59520, 1, 0, 0
526850, 60800, 1, 0, 0
526950, 59520, 1, 0, 0
527050, 61440, 1, 0, 0
527150, 62720, 1, 0, 0
527249, 61414, 1, 0, 0
527349, 59520, 1, 0, 0
527449, 60160, 1, 0, 0
527549, 63360, 1, 0, 0
527649, 62080, 1, 0, 0
527749, 61440, 1, 0, 0
527849, 59520, 1, 0, 0
527949, 62720, 1, 0, 0
528049, 61440, 1, 0, 0
528150, 58880, 1, 0, 0
528249, 64000, 1, 0, 0
528349, 62080, 1, 0, 0
528449, 60800, 1, 0, 0
528549, 64000, 1, 0, 0
528649, 61440, 1, 0, 0
528749, 62080, 1, 0, 0
528849, 62720, 1, 0, 0
528949, 64000, 1, 0, 0
529049, 63360, 1, 0, 0
529149, 62720, 1, 0, 0
529249, 57600, 1, 0, 0
529349, 60800, 1, 0, 0
529450, 62080, 1, 0, 0
529550, 62720, 1, 0, 0
529650, 60160, 1, 0, 0
529749, 62707, 1, 0, 0
529849, 60800, 1, 0, 0
529949, 61440, 1, 0, 0
530049, 62720, 1, 0, 0
530149, 61440, 1, 0, 0
530249, 62080, 1, 0, 0
530349, 61440, 1, 0, 0
530449, 62720, 1, 0, 0
530549, 60160, 1, 0, 0
530649, 61440, 1, 0, 0
530749, 62707, 1, 0, 0
530849, 64640, 1, 0, 0
530949, 63360, 1, 0, 0
531049, 63360, 1, 0, 0
531149, 63360, 1, 0, 0
531249, 62080, 1, 0, 0
531349, 59520, 1, 0, 0
531449, 64000, 1, 0, 0
531549, 60800, 1, 0, 0
531649, 62720, 1, 0, 0
531749, 64000, 1, 0, 0
531849, 60800, 1, 0, 0
531949, 60800, 1, 0, 0
532050, 62720, 1, 0, 0
532150, 63360, 1, 0, 0
532249, 62707, 1, 0, 0
532349, 60800, 1, 0, 0
532449, 58880, 1, 0, 0
532549, 60800, 1, 0, 0
532649, 62720, 1, 0, 0
532749, 61440, 1, 0, 0
532849, 62720, 1, 0, 0
532949, 62720, 1, 0, 0
533049, 62720, 1, 0, 0
533149, 62080, 1, 0, 0
533250, 62720, 1, 0, 0
533350, 61440, 1, 0, 0
533450, 58240, 1, 0, 0
533550, 60160, 1, 0, 0
533650, 58240, 1, 0, 0
533749, 57535, 1, 0, 0
533849, 61440, 1, 0, 0
533949, 60800, 1, 0, 0
534049, 60800, 1, 0, 0
534149, 58880, 1, 0, 0
534249, 62080, 1, 0, 0
534349, 60160, 1, 0, 0
534449, 62720, 1, 0, 0
534549, 60800, 1, 0, 0
534650, 60800, 1, 0, 0
534749, 60121, 1, 0, 0
534849, 61440, 1, 0, 0
534949, 62080, 1, 0, 0
535049, 60800, 1, 0, 0
535149, 56960, 1, 0, 0
535249, 60800, 1, 0, 0
535349, 58880, 1, 0, 0
535449, 58880, 1, 0, 0
535549, 62080, 1, 0, 0
535649, 58240, 1, 0, 0
535749, 58240, 1, 0, 0
535850, 61440, 1, 0, 0
535950, 60800, 1, 0, 0
536050, 60160, 1, 0, 0
536150, 62080, 1, 0, 0
536249, 65292, 1, 0, 0
536349, 59520, 1, 0, 0
536449, 62720, 1, 0, 0
536549, 62720, 1, 0, 0
536649, 63360, 1, 0, 0
536749, 61440, 1, 0, 0
536849, 62080, 1, 0, 0
536949, 60800, 1, 0, 0
537049, 61440, 1, 0, 0
537149, 64000, 1, 0, 0
537249, 59474, 1, 0, 0
537349, 60800, 1, 0, 0
537449, 61440, 1, 0, 0
537549, 60160, 1, 0, 0
537649, 63360, 1, 0, 0
537749, 61440, 1, 0, 0
537849, 59520, 1, 0, 0
537949, 60800, 1, 0, 0
538049, 59520, 1, 0, 0
538149, 60800, 1, 0, 0
538249, 59520, 1, 0, 0
538349, 61440, 1, 0, 0
538449, 62080, 1, 0, 0
538550, 61440, 1, 0, 0
538650, 62720, 1, 0, 0
538749, 61414, 1, 0, 0
538849, 60800, 1, 0, 0
538949, 60160, 1, 0, 0
539049, 58240, 1, 0, 0
539149, 58880, 1, 0, 0
539249, 61440, 1, 0, 0
539349, 62080, 1, 0, 0
539449, 64000, 1, 0, 0
539549, 61440, 1, 0, 0
539649, 61440, 1, 0, 0
539750, 58240, 1, 0, 0
539850, 64000, 1, 0, 0
539950, 62080, 1, 0, 0
540050, 62080, 1, 0, 0
540150, 60160, 1, 0, 0
540249, 59474, 1, 0, 0
540349, 62080, 1, 0, 0
540449, 60160, 1, 0, 0
540549, 60800, 1, 0, 0
540649, 60800, 1, 0, 0
540749, 59520, 1, 0, 0
540849, 60800, 1, 0, 0
540949, 60160, 1, 0, 0
541050, 60800, 1, 0, 0
541150, 60800, 1, 0, 0
541249, 61414, 1, 0, 0
541349, 60800, 1, 0, 0
541449, 62720, 1, 0, 0
541549, 61440, 1, 0, 0
541649, 60800, 1, 0, 0
541749, 61440, 1, 0, 0
541849, 62080, 1, 0, 0
541949, 62720, 1, 0, 0
542049, 65280, 1, 0, 0
542149, 61440, 1, 0, 0
542250, 63360, 1, 0, 0
542350, 62720, 1, 0, 0
542450, 59520, 1, 0, 0
542550, 62080, 1, 0, 0
542650, 66560, 1, 0, 0
542749, 63353, 1, 0, 0
542849, 60800, 1, 0, 0
542949, 60160, 1, 0, 0
543049, 65280, 1, 0, 0
543149, 63360, 1, 0, 0
543249, 62080, 1, 0, 0
543349, 62720, 1, 0, 0
543449, 61440, 1, 0, 0
543549, 62720, 1, 0, 0
543649, 60800, 1, 0, 0
543749, 63353, 1, 0, 0
543849, 63360, 1, 0, 0
543949, 64000, 1, 0, 0
544049, 61440, 1, 0, 0
544149, 64000, 1, 0, 0
544249, 64640, 1, 0, 0
544349, 62080, 1, 0, 0
544449, 64000, 1, 0, 0
544549, 62080, 1, 0, 0
544649, 64000, 1, 0, 0
544749, 64640, 1, 0, 0
544849, 60160, 1, 0, 0
544949, 61440, 1, 0, 0
545050, 62080, 1, 0, 0
545150, 63360, 1, 0, 0
545249, 65292, 1, 0, 0
545349, 62720, 1, 0, 0
545449, 64640, 1, 0, 0
545549, 63360, 1, 0, 0
545649, 62720, 1, 0, 0
545749, 63360, 1, 0, 0
545849, 58240, 1, 0, 0
545949, 63360, 1, 0, 0
546049, 62080, 1, 0, 0
546149, 61440, 1, 0, 0
546250, 62720, 1, 0, 0
546350, 62720, 1, 0, 0
546450, 62080, 1, 0, 0
546550, 60160, 1, 0, 0
546650, 63360, 1, 0, 0
546749, 60121, 1, 0, 0
546849, 60160, 1, 0, 0
546949, 64000, 1, 0, 0
547049, 64000, 1, 0, 0
547149, 60800, 1, 0, 0
547249, 61440, 1, 0, 0
547349, 62080, 1, 0, 0
547449, 60800, 1, 0, 0
547549, 61440, 1, 0, 0
547650, 64640, 1, 0, 0
547749, 62060, 1, 0, 0
547849, 60800, 1, 0, 0
547949, 63360, 1, 0, 0
548049, 58240, 1, 0, 0
548149, 60160, 1, 0, 0
548249, 60160, 1, 0, 0
548349, 61440, 1, 0, 0
548449, 61440, 1, 0, 0
548549, 64000, 1, 0, 0
548649, 60800, 1, 0, 0
548749, 62720, 1, 0, 0
548849, 60800, 1, 0, 0
548949, 60160, 1, 0, 0
549050, 64000, 1, 0, 0
549150, 61440, 1, 0, 0
549249, 59474, 1, 0, 0
549349, 60160, 1, 0, 0
549449, 60800, 1, 0, 0
549549, 62080, 1, 0, 0
549649, 60160, 1, 0, 0
549749, 61440, 1, 0, 0
549849, 62720, 1, 0, 0
549949, 60800, 1, 0, 0
550049, 59520, 1, 0, 0
550149, 62080, 1, 0, 0
550249, 58181, 1, 0, 0
550349, 62720, 1, 0, 0
550449, 60800, 1, 0, 0
550549, 61440, 1, 0, 0
550649, 62720, 1, 0, 0
550749, 58240, 1, 0, 0
550849, 60160, 1, 0, 0
550949, 58880, 1, 0, 0
551049, 60160, 1, 0, 0
551149, 60800, 1, 0, 0
551249, 60800, 1, 0, 0
551349, 62720, 1, 0, 0
551449, 60800, 1, 0, 0
551549, 63360, 1, 0, 0
551650, 60160, 1, 0, 0
551749, 62707, 1, 0, 0
551849, 63360, 1, 0, 0
551949, 63360, 1, 0, 0
552049, 62080, 1, 0, 0
552149, 60160, 1, 0, 0
552249, 58240, 1, 0, 0
552349, 60160, 1, 0, 0
552449, 60160, 1, 0, 0
552549, 63360, 1, 0, 0
552649, 59520, 1, 0, 0
552749, 58880, 1, 0, 0
552849, 60160, 1, 0, 0
552949, 60800, 1, 0, 0
553050, 61440, 1, 0, 0
553150, 60800, 1, 0, 0
553249, 60121, 1, 0, 0
553349, 58880, 1, 0, 0
553449, 62080, 1, 0, 0
553549, 59520, 1, 0, 0
553649, 59520, 1, 0, 0
553749, 62720, 1, 0, 0
553849, 58880, 1, 0, 0
553949, 60160, 1, 0, 0
554049, 63360, 1, 0, 0
554149, 58240, 1, 0, 0
554250, 59520, 1, 0, 0
554350, 64000, 1, 0, 0
554450, 63360, 1, 0, 0
554550, 61440, 1, 0, 0
554650, 58240, 1, 0, 0
554749, 62707, 1, 0, 0
554849, 59520, 1, 0, 0
554949, 62720, 1, 0, 0
555049, 62720, 1, 0, 0
555149, 58240, 1, 0, 0
555249, 60800, 1, 0, 0
555349, 58880, 1, 0, 0
555449, 63360, 1, 0, 0
555550, 62080, 1, 0, 0
555650, 61440, 1, 0, 0
555749, 64646, 1, 0, 0
555849, 62720, 1, 0, 0
555949, 57600, 1, 0, 0
556049, 60800, 1, 0, 0
556149, 61440, 1, 0, 0
556249, 62720, 1, 0, 0
556349, 62080, 1, 0, 0
556449, 60800, 1, 0, 0
556549, 62720, 1, 0, 0
556649, 64000, 1, 0, 0
556749, 63360, 1, 0, 0
556850, 64000, 1, 0, 0
556950, 64000, 1, 0, 0
557050, 62080, 1, 0, 0
557150, 64000, 1, 0, 0
557249, 62707, 1, 0, 0
557349, 59520, 1, 0, 0
557449, 62080, 1, 0, 0
557549, 63360, 1, 0, 0
557649, 65280, 1, 0, 0
557749, 62720, 1, 0, 0
557849, 62720, 1, 0, 0
557949, 61440, 1, 0, 0
558049, 62080, 1, 0, 0
558149, 62720, 1, 0, 0
558249, 58181, 1, 0, 0
558349, 61440, 1, 0, 0
558449, 64000, 1, 0, 0
558549, 60160, 1, 0, 0
558649, 61440, 1, 0, 0
558749, 64000, 1, 0, 0
558849, 62080, 1, 0, 0
558949, 62080, 1, 0, 0
559049, 56960, 1, 0, 0
559149, 62080, 1, 0, 0
559249, 61440, 1, 0, 0
559349, 58240, 1, 0, 0
559449, 63360, 1, 0, 0
559550, 58880, 1, 0, 0
559650, 60800, 1, 0, 0
559749, 62060, 1, 0, 0
559849, 60160, 1, 0, 0
559949, 62080, 1, 0, 0
560049, 61440, 1, 0, 0
560149, 59520, 1, 0, 0
560249, 61440, 1, 0, 0
560349, 62080, 1, 0, 0
560449, 62080, 1, 0, 0
560549, 62720, 1, 0, 0
560649, 60800, 1, 0, 0
560749, 64640, 1, 0, 0
560849, 62720, 1, 0, 0
560949, 60800, 1, 0, 0
561050, 62720, 1, 0, 0
561150, 61440, 1, 0, 0
561249, 64000, 1, 0, 0
561349, 64000, 1, 0, 0
561449, 61440, 1, 0, 0
561549, 64000, 1, 0, 0
561649, 64000, 1, 0, 0
561749, 59520, 1, 0, 0
561849, 58240, 1, 0, 0
561949, 61440, 1, 0, 0
562049, 59520, 1, 0, 0
562149, 61440, 1, 0, 0
562249, 62080, 1, 0, 0
562350, 58880, 1, 0, 0
562450, 64000, 1, 0, 0
562550, 62720, 1, 0, 0
562650, 58880, 1, 0, 0
562749, 63353, 1, 0, 0
562849, 60800, 1, 0, 0
562949, 62080, 1, 0, 0
563049, 58880, 1, 0, 0
563149, 61440, 1, 0, 0
563249, 60800, 1, 0, 0
563349, 60800, 1, 0, 0
563449, 62720, 1, 0, 0
563549, 60800, 1, 0, 0
563650, 58240, 1, 0, 0
563749, 62707, 1, 0, 0
563849, 62080, 1, 0, 0
563949, 60160, 1, 0, 0
564049, 59520, 1, 0, 0
564149, 60160, 1, 0, 0
564249, 61440, 1, 0, 0
564349, 59520, 1, 0, 0
564449, 61440, 1, 0, 0
564549, 60160, 1, 0, 0
564649, 62080, 1, 0, 0
564749, 62080, 1, 0, 0
564849, 60800, 1, 0, 0
564949, 64000, 1, 0, 0
565050, 60800, 1, 0, 0
565150, 61440, 1, 0, 0
565249, 67232, 1, 0, 0
565349, 62080, 1, 0, 0
565449, 60800, 1, 0, 0
565549, 64000, 1, 0, 0
565649, 64000, 1, 0, 0
565749, 63360, 1, 0, 0
565849, 62720, 1, 0, 0
565949, 63360, 1, 0, 0
566049, 57600, 1, 0, 0
566149, 60160, 1, 0, 0
566249, 62080, 1, 0, 0
566349, 65920, 1, 0, 0
566450, 64000, 1, 0, 0
566550, 63360, 1, 0, 0
566650, 59520, 1, 0, 0
566749, 60121, 1, 0, 0
566849, 62720, 1, 0, 0
566949, 60800, 1, 0, 0
567049, 66560, 1, 0, 0
567149, 63360, 1, 0, 0
567249, 62080, 1, 0, 0
567349, 61440, 1, 0, 0
567449, 57600, 1, 0, 0
567549, 62080, 1, 0, 0
567649, 63360, 1, 0, 0
567749, 64000, 1, 0, 0
567849, 60160, 1, 0, 0
567949, 64000, 1, 0, 0
568049, 62080, 1, 0, 0
568149, 62720, 1, 0, 0
568249, 64000, 1, 0, 0
568349, 62720, 1, 0, 0
568449, 61440, 1, 0, 0
568549, 60160, 1, 0, 0
568649, 58880, 1, 0, 0
568749, 62720, 1, 0, 0
568849, 62080, 1, 0, 0
568949, 64000, 1, 0, 0
569050, 56960, 1, 0, 0
569150, 62080, 1, 0, 0
569249, 61414, 1, 0, 0
569349, 60160, 1, 0, 0
569449, 60160, 1, 0, 0
569549, 61440, 1, 0, 0
569649, 58240, 1, 0, 0
569749, 58240, 1, 0, 0
569849, 60800, 1, 0, 0
569949, 59520, 1, 0, 0
570049, 61440, 1, 0, 0
570149, 59520, 1, 0, 0
570249, 60160, 1, 0, 0
570350, 61440, 1, 0, 0
570450, 62080, 1, 0, 0
570550, 62720, 1, 0, 0
570650, 59520, 1, 0, 0
570749, 61414, 1, 0, 0
570849, 58880, 1, 0, 0
570949, 58880, 1, 0, 0
571049, 60160, 1, 0, 0
571149, 62080, 1, 0, 0
571249, 62720, 1, 0, 0
571349, 60800, 1, 0, 0
571449, 58240, 1, 0, 0
571549, 62080, 1, 0, 0
571649, 58880, 1, 0, 0
571749, 60767, 1, 0, 0
571849, 59520, 1, 0, 0
571949, 62080, 1, 0, 0
572049, 59520, 1, 0, 0
572149, 61440, 1, 0, 0
572249, 61440, 1, 0, 0
572349, 60160, 1, 0, 0
572449, 63360, 1, 0, 0
572549, 62080, 1, 0, 0
572649, 61440, 1, 0, 0
572749, 58880, 1, 0, 0
572849, 63360, 1, 0, 0
572949, 64000, 1, 0, 0
573050, 59520, 1, 0, 0
573150, 62080, 1, 0, 0
573249, 57535, 1, 0, 0
573349, 62080, 1, 0, 0
573449, 62720, 1, 0, 0
573549, 64000, 1, 0, 0
573649, 59520, 1, 0, 0
573749, 62720, 1, 0, 0
573849, 62720, 1, 0, 0
573949, 64000, 1, 0, 0
574049, 62080, 1, 0, 0
574149, 62720, 1, 0, 0
574249, 60800, 1, 0, 0
574349, 60800, 1, 0, 0
574449, 63360, 1, 0, 0
574550, 64640, 1, 0, 0
574650, 63360, 1, 0, 0
574749, 60121, 1, 0, 0
574849, 60160, 1, 0, 0
574949, 59520, 1, 0, 0
575049, 60160, 1, 0, 0
575149, 65280, 1, 0, 0
575249, 60800, 1, 0, 0
575349, 62080, 1, 0, 0
575449, 58880, 1, 0, 0
575549, 64640, 1, 0, 0
575649, 61440, 1, 0, 0
575750, 63360, 1, 0, 0
575850, 62080, 1, 0, 0
575950, 61440, 1, 0, 0
576050, 61440, 1, 0, 0
576150, 62080, 1, 0, 0
576249, 62060, 1, 0, 0
576349, 62720, 1, 0, 0
576449, 61440, 1, 0, 0
576549, 64000, 1, 0, 0
576649, 61440, 1, 0, 0
576749, 61440, 1, 0, 0
576849, 62720, 1, 0, 0
576949, 59520, 1, 0, 0
577049, 62720, 1, 0, 0
577149, 60160, 1, 0, 0
577249, 62060, 1, 0, 0
577349, 61440, 1, 0, 0
577449, 62720, 1, 0, 0
577549, 64000, 1, 0, 0
577649, 61440, 1, 0, 0
577749, 64000, 1, 0, 0
577849, 60160, 1, 0, 0
577949, 62720, 1, 0, 0
578049, 59520, 1, 0, 0
578149, 66560, 1, 0, 0
578249, 64000, 1, 0, 0
578349, 62720, 1, 0, 0
578449, 63360, 1, 0, 0
578550, 61440, 1, 0, 0
578650, 61440, 1, 0, 0
578749, 61414, 1, 0, 0
578849, 59520, 1, 0, 0
578949, 59520, 1, 0, 0
579049, 62080, 1, 0, 0
579149, 59520, 1, 0, 0
579249, 60800, 1, 0, 0
579349, 59520, 1, 0, 0
579449, 59520, 1, 0, 0
579549, 60160, 1, 0, 0
579649, 59520, 1, 0, 0
579749, 61440, 1, 0, 0
579850, 62720, 1, 0, 0
579950, 60160, 1, 0, 0
580050, 62080, 1, 0, 0
580150, 62720, 1, 0, 0
580249, 58828, 1, 0, 0
580349, 62080, 1, 0, 0
580449, 62720, 1, 0, 0
580549, 60800, 1, 0, 0
580649, 60160, 1, 0, 0
580749, 60160, 1, 0, 0
580849, 60800, 1, 0, 0
580949, 59520, 1, 0, 0
581049, 62080, 1, 0, 0
581149, 56960, 1, 0, 0
581249, 63353, 1, 0, 0
581349, 62080, 1, 0, 0
581449, 63360, 1, 0, 0
581549, 60800, 1, 0, 0
581649, 63360, 1, 0, 0
581749, 61440, 1, 0, 0
581849, 63360, 1, 0, 0
581949, 61440, 1, 0, 0
582049, 60160, 1, 0, 0
582149, 63360, 1, 0, 0
582249, 60800, 1, 0, 0
582349, 62080, 1, 0, 0
582449, 62720, 1, 0, 0
582550, 59520, 1, 0, 0
582650, 59520, 1, 0, 0
582749, 63353, 1, 0, 0
582849, 60160, 1, 0, 0
582949, 62080, 1, 0, 0
583049, 63360, 1, 0, 0
583149, 61440, 1, 0, 0
583249, 60160, 1, 0, 0
583349, 56320, 1, 0, 0
583449, 62080, 1, 0, 0
583549, 62080, 1, 0, 0
583649, 59520, 1, 0, 0
583749, 62080, 1, 0, 0
583850, 62720, 1, 0, 0
583950, 60800, 1, 0, 0
584050, 58880, 1, 0, 0
584150, 61440, 1, 0, 0
584249, 58828, 1, 0, 0
584349, 61440, 1, 0, 0
584449, 61440, 1, 0, 0
584549, 58880, 1, 0, 0
584649, 62080, 1, 0, 0
584749, 60800, 1, 0, 0
584849, 60160, 1, 0, 0
584949, 62080, 1, 0, 0
585049, 60800, 1, 0, 0
585149, 64000, 1, 0, 0
585249, 64000, 1, 0, 0
585349, 62080, 1, 0, 0
585449, 62720, 1, 0, 0
585549, 62080, 1, 0, 0
585649, 60800, 1, 0, 0
585749, 62080, 1, 0, 0
585849, 61440, 1, 0, 0
585949, 60160, 1, 0, 0
586049, 58240, 1, 0, 0
586149, 64640, 1, 0, 0
586249, 55680, 1, 0, 0
586349, 61440, 1, 0, 0
586449, 61440, 1, 0, 0
586550, 62080, 1, 0, 0
586650, 63360, 1, 0, 0
586749, 60121, 1, 0, 0
586849, 59520, 1, 0, 0
586949, 61440, 1, 0, 0
587049, 59520, 1, 0, 0
587149, 60160, 1, 0, 0
587249, 61440, 1, 0, 0
587349, 60800, 1, 0, 0
587449, 61440, 1, 0, 0
587549, 58880, 1, 0, 0
587649, 56960, 1, 0, 0
587749, 60160, 1, 0, 0
587849, 60800, 1, 0, 0
587949, 61440, 1, 0, 0
588050, 59520, 1, 0, 0
588150, 57600, 1, 0, 0
588249, 60767, 1, 0, 0
588349, 60160, 1, 0, 0
588449, 60160, 1, 0, 0
588549, 61440, 1, 0, 0
588649, 62720, 1, 0, 0
588749, 61440, 1, 0, 0
588849, 60160, 1, 0, 0
588949, 60800, 1, 0, 0
589049, 60800, 1, 0, 0
589149, 62080, 1, 0, 0
589249, 60121, 1, 0, 0
589349, 62720, 1, 0, 0
589449, 60800, 1, 0, 0
589549, 60160, 1, 0, 0
589649, 60160, 1, 0, 0
589749, 61440, 1, 0, 0
589849, 61440, 1, 0, 0
589949, 60800, 1, 0, 0
590049, 58880, 1, 0, 0
590149, 59520, 1, 0, 0
590249, 61440, 1, 0, 0
590349, 60800, 1, 0, 0
590449, 61440, 1, 0, 0
590550, 62720, 1, 0, 0
590650, 62080, 1, 0, 0
590749, 60767, 1, 0, 0
590849, 60160, 1, 0, 0
590949, 61440, 1, 0, 0
591049, 61440, 1, 0, 0
591149, 62080, 1, 0, 0
591249, 64640, 1, 0, 0
591349, 58240, 1, 0, 0
591449, 62720, 1, 0, 0
591549, 62720, 1, 0, 0
591649, 60160, 1, 0, 0
591749, 57600, 1, 0, 0
591849, 61440, 1, 0, 0
591950, 60160, 1, 0, 0
592050, 60160, 1, 0, 0
592150, 58240, 1, 0, 0
592249, 62707, 1, 0, 0
592349, 62080, 1, 0, 0
592449, 60160, 1, 0, 0
592549, 60160, 1, 0, 0
592649, 61440, 1, 0, 0
592749, 62080, 1, 0, 0
592849, 58240, 1, 0, 0
592949, 60800, 1, 0, 0
593049, 60800, 1, 0, 0
593149, 58240, 1, 0, 0
593249, 62060, 1, 0, 0
593349, 60800, 1, 0, 0
593449, 60800, 1, 0, 0
593549, 60160, 1, 0, 0
593649, 61440, 1, 0, 0
593749, 61440, 1, 0, 0
593849, 59520, 1, 0, 0
593949, 61440, 1, 0, 0
594049, 61440, 1, 0, 0
594149, 61440, 1, 0, 0
594249, 60800, 1, 0, 0
594349, 62720, 1, 0, 0
594449, 64000, 1, 0, 0
594550, 61440, 1, 0, 0
594650, 60800, 1, 0, 0
594749, 60121, 1, 0, 0
594849, 59520, 1, 0, 0
594949, 61440, 1, 0, 0
595049, 58880, 1, 0, 0
595149, 60160, 1, 0, 0
595249, 59520, 1, 0, 0
595349, 64000, 1, 0, 0
595449, 63360, 1, 0, 0
595549, 60160, 1, 0, 0
595649, 61440, 1, 0, 0
595749, 61440, 1, 0, 0
595850, 58240, 1, 0, 0
595950, 62720, 1, 0, 0
596050, 61440, 1, 0, 0
596150, 61440, 1, 0, 0
596249, 59474, 1, 0, 0
596349, 57600, 1, 0, 0
596449, 62080, 1, 0, 0
596549, 62080, 1, 0, 0
596649, 62720, 1, 0, 0
596749, 58880, 1, 0, 0
596849, 61440, 1, 0, 0
596949, 61440, 1, 0, 0
597049, 59520, 1, 0, 0
597150, 62720, 1, 0, 0
597249, 60767, 1, 0, 0
597349, 64640, 1, 0, 0
597449, 61440, 1, 0, 0
597549, 62720, 1, 0, 0
597649, 59520, 1, 0, 0
597749, 61440, 1, 0, 0
597849, 61440, 1, 0, 0
597949, 62080, 1, 0, 0
598049, 60800, 1, 0, 0
598149, 60800, 1, 0, 0
598249, 59520, 1, 0, 0
598349, 62720, 1, 0, 0
598449, 58880, 1, 0, 0
598550, 60800, 1, 0, 0
598650, 61440, 1, 0, 0
598749, 62707, 1, 0, 0
598849, 60800, 1, 0, 0
598949, 59520, 1, 0, 0
599049, 62720, 1, 0, 0
599149, 63360, 1, 0, 0
599249, 60160, 1, 0, 0
599349, 62080, 1, 0, 0
599449, 60800, 1, 0, 0
599549, 64000, 1, 0, 0
599649, 62720, 1, 0, 0
599749, 60767, 1, 0, 0
599849, 60160, 1, 0, 0
599949, 58240, 1, 0, 0
