250, 756, 1, 0, 0
350, 770, 1, 0, 0
450, 780, 1, 0, 0
550, 810, 1, 0, 0
650, 780, 1, 0, 0
749, 767, 1, 0, 0
849, 780, 1, 0, 0
949, 780, 1, 0, 0
1049, 770, 1, 0, 0
1149, 740, 1, 0, 0
1249, 750, 1, 0, 0
1349, 800, 1, 0, 0
1449, 790, 1, 0, 0
1550, 800, 1, 0, 0
1650, 800, 1, 0, 0
1749, 767, 1, 0, 0
1849, 800, 1, 0, 0
1949, 790, 1, 0, 0
2049, 840, 1, 0, 0
2149, 770, 1, 0, 0
2249, 790, 1, 0, 0
2349, 830, 1, 0, 0
2449, 830, 1, 0, 0
2549, 820, 1, 0, 0
2649, 840, 1, 0, 0
2750, 810, 1, 0, 0
2850, 750, 1, 0, 0
2950, 790, 1, 0, 0
3050, 810, 1, 0, 0
3150, 790, 1, 0, 0
3249, 747, 1, 0, 0
3349, 800, 1, 0, 0
3449, 810, 1, 0, 0
3549, 800, 1, 0, 0
3649, 820, 1, 0, 0
3749, 780, 1, 0, 0
3849, 770, 1, 0, 0
3949, 770, 1, 0, 0
4049, 780, 1, 0, 0
4149, 790, 1, 0, 0
4250, 770, 1, 0, 0
4350, 790, 1, 0, 0
4450, 790, 1, 0, 0
4550, 790, 1, 0, 0
4650, 870, 1, 0, 0
4749, 787, 1, 0, 0
4849, 850, 1, 0, 0
4949, 810, 1, 0, 0
5049, 830, 1, 0, 0
5149, 810, 1, 0, 0
5249, 790, 1, 0, 0
5349, 780, 1, 0, 0
5449, 800, 1, 0, 0
5550, 800, 1, 0, 0
5650, 800, 1, 0, 0
5749, 828, 1, 0, 0
5849, 790, 1, 0, 0
5949, 780, 1, 0, 0
6049, 790, 1, 0, 0
6149, 860, 1, 0, 0
6249, 760, 1, 0, 0
6349, 840, 1, 0, 0
6449, 810, 1, 0, 0
6549, 830, 1, 0, 0
6649, 800, 1, 0, 0
6749, 820, 1, 0, 0
6849, 800, 1, 0, 0
6950, 760, 1, 0, 0
7050, 810, 1, 0, 0
7150, 780, 1, 0, 0
7249, 818, 1, 0, 0
7349, 830, 1, 0, 0
7449, 800, 1, 0, 0
7549, 810, 1, 0, 0
7649, 820, 1, 0, 0
7749, 840, 1, 0, 0
7849, 770, 1, 0, 0
7949, 860, 1, 0, 0
8049, 840, 1, 0, 0
8149, 770, 1, 0, 0
8250, 750, 1, 0, 0
8350, 810, 1, 0, 0
8450, 780, 1, 0, 0
8550, 790, 1, 0, 0
8650, 800, 1, 0, 0
8749, 808, 1, 0, 0
8849, 810, 1, 0, 0
8949, 780, 1, 0, 0
9049, 800, 1, 0, 0
9149, 840, 1, 0, 0
9249, 800, 1, 0, 0
9349, 810, 1, 0, 0
9449, 800, 1, 0, 0
9550, 850, 1, 0, 0
9650, 790, 1, 0, 0
9749, 858, 1, 0, 0
9849, 810, 1, 0, 0
9949, 820, 1, 0, 0
10049, 850, 1, 0, 0
10149, 780, 1, 0, 0
10249, 800, 1, 0, 0
10349, 850, 1, 0, 0
10449, 800, 1, 0, 0
10549, 800, 1, 0, 0
10649, 830, 1, 0, 0
10749, 840, 1, 0, 0
10849, 890, 1, 0, 0
10950, 800, 1, 0, 0
11050, 790, 1, 0, 0
11150, 820, 1, 0, 0
11249, 777, 1, 0, 0
11349, 830, 1, 0, 0
11449, 820, 1, 0, 0
11549, 820, 1, 0, 0
11649, 820, 1, 0, 0
11749, 800, 1, 0, 0
11849, 810, 1, 0, 0
11949, 830, 1, 0, 0
12049, 850, 1, 0, 0
12149, 810, 1, 0, 0
12250, 860, 1, 0, 0
12350, 860, 1, 0, 0
12450, 840, 1, 0, 0
12550, 810, 1, 0, 0
12650, 850, 1, 0, 0
12749, 828, 1, 0, 0
12849, 810, 1, 0, 0
12949, 800, 1, 0, 0
13049, 870, 1, 0, 0
13149, 820, 1, 0, 0
13249, 840, 1, 0, 0
13349, 840, 1, 0, 0
13449, 850, 1, 0, 0
13549, 870, 1, 0, 0
13649, 860, 1, 0, 0
13750, 790, 1, 0, 0
13850, 830, 1, 0, 0
13950, 850, 1, 0, 0
14050, 820, 1, 0, 0
14150, 850, 1, 0, 0
14249, 828, 1, 0, 0
14349, 850, 1, 0, 0
14449, 870, 1, 0, 0
14549, 830, 1, 0, 0
14649, 850, 1, 0, 0
14749, 800, 1, 0, 0
14849, 870, 1, 0, 0
14949, 860, 1, 0, 0
15050, 850, 1, 0, 0
15150, 860, 1, 0, 0
15249, 868, 1, 0, 0
15349, 830, 1, 0, 0
15449, 840, 1, 0, 0
15549, 880, 1, 0, 0
15649, 870, 1, 0, 0
15749, 890, 1, 0, 0
15849, 860, 1, 0, 0
15949, 850, 1, 0, 0
16049, 830, 1, 0, 0
16149, 850, 1, 0, 0
16249, 870, 1, 0, 0
16349, 860, 1, 0, 0
16449, 820, 1, 0, 0
16550, 900, 1, 0, 0
16650, 840, 1, 0, 0
16749, 848, 1, 0, 0
16849, 840, 1, 0, 0
16949, 790, 1, 0, 0
17049, 810, 1, 0, 0
17149, 830, 1, 0, 0
17249, 840, 1, 0, 0
17349, 830, 1, 0, 0
17449, 860, 1, 0, 0
17549, 840, 1, 0, 0
17649, 850, 1, 0, 0
17749, 850, 1, 0, 0
17850, 850, 1, 0, 0
17950, 890, 1, 0, 0
18050, 880, 1, 0, 0
18150, 860, 1, 0, 0
18249, 848, 1, 0, 0
18349, 870, 1, 0, 0
18449, 880, 1, 0, 0
18549, 900, 1, 0, 0
18649, 890, 1, 0, 0
18749, 860, 1, 0, 0
18849, 870, 1, 0, 0
18949, 870, 1, 0, 0
19049, 880, 1, 0, 0
19149, 870, 1, 0, 0
19250, 880, 1, 0, 0
19350, 870, 1, 0, 0
19450, 840, 1, 0, 0
19550, 810, 1, 0, 0
19650, 820, 1, 0, 0
19749, 797, 1, 0, 0
19849, 850, 1, 0, 0
19949, 870, 1, 0, 0
20049, 800, 1, 0, 0
20149, 830, 1, 0, 0
20249, 840, 1, 0, 0
20349, 870, 1, 0, 0
20449, 900, 1, 0, 0
20549, 810, 1, 0, 0
20650, 820, 1, 0, 0
20749, 878, 1, 0, 0
20849, 850, 1, 0, 0
20949, 870, 1, 0, 0
21049, 840, 1, 0, 0
21149, 870, 1, 0, 0
21249, 870, 1, 0, 0
21349, 900, 1, 0, 0
21449, 910, 1, 0, 0
21549, 890, 1, 0, 0
21649, 900, 1, 0, 0
21749, 860, 1, 0, 0
21849, 900, 1, 0, 0
21949, 860, 1, 0, 0
22050, 850, 1, 0, 0
22150, 860, 1, 0, 0
22249, 858, 1, 0, 0
22349, 890, 1, 0, 0
22449, 840, 1, 0, 0
22549, 860, 1, 0, 0
22649, 880, 1, 0, 0
22749, 820, 1, 0, 0
22849, 850, 1, 0, 0
22949, 890, 1, 0, 0
23049, 820, 1, 0, 0
23149, 860, 1, 0, 0
23249, 900, 1, 0, 0
23349, 800, 1, 0, 0
23450, 830, 1, 0, 0
23550, 840, 1, 0, 0
23650, 870, 1, 0, 0
23749, 828, 1, 0, 0
23849, 930, 1, 0, 0
23949, 840, 1, 0, 0
24049, 890, 1, 0, 0
24149, 900, 1, 0, 0
24249, 870, 1, 0, 0
24349, 870, 1, 0, 0
24449, 870, 1, 0, 0
24549, 860, 1, 0, 0
24649, 830, 1, 0, 0
24750, 840, 1, 0, 0
24850, 840, 1, 0, 0
24950, 840, 1, 0, 0
25050, 850, 1, 0, 0
25150, 880, 1, 0, 0
25249, 858, 1, 0, 0
25349, 870, 1, 0, 0
25449, 830, 1, 0, 0
25549, 840, 1, 0, 0
25649, 850, 1, 0, 0
25749, 860, 1, 0, 0
25849, 860, 1, 0, 0
25949, 830, 1, 0, 0
26049, 870, 1, 0, 0
26150, 860, 1, 0, 0
26249, 848, 1, 0, 0
26349, 840, 1, 0, 0
26449, 840, 1, 0, 0
26549, 860, 1, 0, 0
26649, 870, 1, 0, 0
26749, 870, 1, 0, 0
26849, 790, 1, 0, 0
26949, 870, 1, 0, 0
27049, 860, 1, 0, 0
27149, 800, 1, 0, 0
27249, 870, 1, 0, 0
27349, 870, 1, 0, 0
27449, 920, 1, 0, 0
27550, 890, 1, 0, 0
27650, 850, 1, 0, 0
27749, 888, 1, 0, 0
27849, 920, 1, 0, 0
27949, 860, 1, 0, 0
28049, 850, 1, 0, 0
28149, 870, 1, 0, 0
28249, 850, 1, 0, 0
28349, 790, 1, 0, 0
28449, 870, 1, 0, 0
28549, 880, 1, 0, 0
28649, 860, 1, 0, 0
28749, 880, 1, 0, 0
28849, 910, 1, 0, 0
28950, 870, 1, 0, 0
29050, 850, 1, 0, 0
29150, 920, 1, 0, 0
29249, 898, 1, 0, 0
29349, 900, 1, 0, 0
29449, 880, 1, 0, 0
29549, 880, 1, 0, 0
29649, 890, 1, 0, 0
29749, 870, 1, 0, 0
29849, 900, 1, 0, 0
29949, 920, 1, 0, 0
30049, 870, 1, 0, 0
30149, 860, 1, 0, 0
30250, 870, 1, 0, 0
30350, 910, 1, 0, 0
30450, 910, 1, 0, 0
30550, 930, 1, 0, 0
30650, 920, 1, 0, 0
30749, 868, 1, 0, 0
30849, 900, 1, 0, 0
30949, 860, 1, 0, 0
31049, 870, 1, 0, 0
31149, 910, 1, 0, 0
31249, 870, 1, 0, 0
31349, 880, 1, 0, 0
31449, 890, 1, 0, 0
31549, 870, 1, 0, 0
31650, 850, 1, 0, 0
31750, 870, 1, 0, 0
31850, 880, 1, 0, 0
31950, 880, 1, 0, 0
32050, 920, 1, 0, 0
32150, 870, 1, 0, 0
32249, 909, 1, 0, 0
32349, 910, 1, 0, 0
32449, 890, 1, 0, 0
32549, 890, 1, 0, 0
32649, 900, 1, 0, 0
32749, 920, 1, 0, 0
32849, 850, 1, 0, 0
32949, 900, 1, 0, 0
33050, 890, 1, 0, 0
33150, 930, 1, 0, 0
33249, 919, 1, 0, 0
33349, 930, 1, 0, 0
33449, 880, 1, 0, 0
33549, 940, 1, 0, 0
33649, 900, 1, 0, 0
33749, 890, 1, 0, 0
33849, 940, 1, 0, 0
33949, 900, 1, 0, 0
34049, 870, 1, 0, 0
34149, 880, 1, 0, 0
34249, 870, 1, 0, 0
34349, 840, 1, 0, 0
34450, 900, 1, 0, 0
34550, 860, 1, 0, 0
34650, 860, 1, 0, 0
34749, 929, 1, 0, 0
34849, 910, 1, 0, 0
34949, 910, 1, 0, 0
35049, 880, 1, 0, 0
35149, 900, 1, 0, 0
35249, 880, 1, 0, 0
35349, 880, 1, 0, 0
35449, 840, 1, 0, 0
35549, 880, 1, 0, 0
35649, 870, 1, 0, 0
35750, 890, 1, 0, 0
35850, 930, 1, 0, 0
35950, 920, 1, 0, 0
36050, 840, 1, 0, 0
36150, 920, 1, 0, 0
36249, 909, 1, 0, 0
36349, 910, 1, 0, 0
36449, 890, 1, 0, 0
36549, 940, 1, 0, 0
36649, 900, 1, 0, 0
36749, 920, 1, 0, 0
36849, 910, 1, 0, 0
36949, 870, 1, 0, 0
37049, 880, 1, 0, 0
37150, 890, 1, 0, 0
37249, 939, 1, 0, 0
37349, 880, 1, 0, 0
37449, 880, 1, 0, 0
37549, 920, 1, 0, 0
37649, 860, 1, 0, 0
37749, 870, 1, 0, 0
37849, 940, 1, 0, 0
37949, 880, 1, 0, 0
38049, 850, 1, 0, 0
38149, 890, 1, 0, 0
38249, 900, 1, 0, 0
38349, 860, 1, 0, 0
38449, 910, 1, 0, 0
38550, 890, 1, 0, 0
38650, 880, 1, 0, 0
38749, 898, 1, 0, 0
38849, 940, 1, 0, 0
38949, 880, 1, 0, 0
39049, 870, 1, 0, 0
39149, 870, 1, 0, 0
39249, 870, 1, 0, 0
39349, 860, 1, 0, 0
39449, 870, 1, 0, 0
39549, 900, 1, 0, 0
39649, 860, 1, 0, 0
39749, 820, 1, 0, 0
39849, 830, 1, 0, 0
39949, 910, 1, 0, 0
40050, 890, 1, 0, 0
40150, 860, 1, 0, 0
40249, 888, 1, 0, 0
40349, 870, 1, 0, 0
40449, 870, 1, 0, 0
40549, 900, 1, 0, 0
40649, 900, 1, 0, 0
40749, 880, 1, 0, 0
40849, 880, 1, 0, 0
40949, 890, 1, 0, 0
41049, 920, 1, 0, 0
41149, 870, 1, 0, 0
41249, 920, 1, 0, 0
41349, 880, 1, 0, 0
41450, 900, 1, 0, 0
41550, 870, 1, 0, 0
41650, 910, 1, 0, 0
41749, 888, 1, 0, 0
41849, 910, 1, 0, 0
41949, 900, 1, 0, 0
42049, 930, 1, 0, 0
42149, 850, 1, 0, 0
42249, 880, 1, 0, 0
42349, 920, 1, 0, 0
42449, 870, 1, 0, 0
42549, 930, 1, 0, 0
42649, 870, 1, 0, 0
42750, 910, 1, 0, 0
42850, 830, 1, 0, 0
42950, 890, 1, 0, 0
43050, 920, 1, 0, 0
43150, 870, 1, 0, 0
43249, 898, 1, 0, 0
43349, 890, 1, 0, 0
43449, 890, 1, 0, 0
43549, 920, 1, 0, 0
43649, 940, 1, 0, 0
43749, 880, 1, 0, 0
43849, 910, 1, 0, 0
43949, 900, 1, 0, 0
44049, 910, 1, 0, 0
44150, 940, 1, 0, 0
44249, 858, 1, 0, 0
44349, 910, 1, 0, 0
44449, 900, 1, 0, 0
44549, 920, 1, 0, 0
44649, 860, 1, 0, 0
44749, 910, 1, 0, 0
44849, 890, 1, 0, 0
44949, 960, 1, 0, 0
45049, 860, 1, 0, 0
45149, 900, 1, 0, 0
45249, 900, 1, 0, 0
45349, 900, 1, 0, 0
45449, 900, 1, 0, 0
45550, 880, 1, 0, 0
45650, 910, 1, 0, 0
45749, 878, 1, 0, 0
45849, 880, 1, 0, 0
45949, 940, 1, 0, 0
46049, 900, 1, 0, 0
46149, 900, 1, 0, 0
46249, 920, 1, 0, 0
46349, 840, 1, 0, 0
46449, 890, 1, 0, 0
46549, 940, 1, 0, 0
46649, 840, 1, 0, 0
46749, 880, 1, 0, 0
46850, 850, 1, 0, 0
46950, 880, 1, 0, 0
47050, 830, 1, 0, 0
47150, 890, 1, 0, 0
47249, 888, 1, 0, 0
47349, 920, 1, 0, 0
47449, 860, 1, 0, 0
47549, 870, 1, 0, 0
47649, 830, 1, 0, 0
47749, 900, 1, 0, 0
47849, 900, 1, 0, 0
47949, 890, 1, 0, 0
48049, 920, 1, 0, 0
48149, 860, 1, 0, 0
48250, 890, 1, 0, 0
48350, 840, 1, 0, 0
48450, 910, 1, 0, 0
48550, 890, 1, 0, 0
48650, 900, 1, 0, 0
48749, 848, 1, 0, 0
48849, 860, 1, 0, 0
48949, 860, 1, 0, 0
49049, 920, 1, 0, 0
49149, 880, 1, 0, 0
49249, 910, 1, 0, 0
49349, 970, 1, 0, 0
49449, 910, 1, 0, 0
49549, 890, 1, 0, 0
49649, 890, 1, 0, 0
49750, 890, 1, 0, 0
49850, 920, 1, 0, 0
49950, 860, 1, 0, 0
50050, 930, 1, 0, 0
50150, 940, 1, 0, 0
50249, 898, 1, 0, 0
50349, 890, 1, 0, 0
50449, 910, 1, 0, 0
50549, 910, 1, 0, 0
50649, 900, 1, 0, 0
50749, 910, 1, 0, 0
50849, 920, 1, 0, 0
50949, 910, 1, 0, 0
51050, 900, 1, 0, 0
51150, 870, 1, 0, 0
51249, 959, 1, 0, 0
51349, 960, 1, 0, 0
51449, 920, 1, 0, 0
51549, 920, 1, 0, 0
51649, 900, 1, 0, 0
51749, 910, 1, 0, 0
51849, 920, 1, 0, 0
51949, 910, 1, 0, 0
52049, 920, 1, 0, 0
52149, 900, 1, 0, 0
52249, 960, 1, 0, 0
52349, 910, 1, 0, 0
52449, 920, 1, 0, 0
52550, 920, 1, 0, 0
52650, 920, 1, 0, 0
52749, 929, 1, 0, 0
52849, 920, 1, 0, 0
52949, 890, 1, 0, 0
53049, 840, 1, 0, 0
53149, 860, 1, 0, 0
53249, 930, 1, 0, 0
53349, 920, 1, 0, 0
53449, 940, 1, 0, 0
53549, 910, 1, 0, 0
53649, 870, 1, 0, 0
53749, 920, 1, 0, 0
53850, 890, 1, 0, 0
53950, 880, 1, 0, 0
54050, 950, 1, 0, 0
54150, 930, 1, 0, 0
54249, 888, 1, 0, 0
54349, 890, 1, 0, 0
54449, 920, 1, 0, 0
54549, 930, 1, 0, 0
54649, 910, 1, 0, 0
54749, 890, 1, 0, 0
54849, 930, 1, 0, 0
54949, 960, 1, 0, 0
55049, 860, 1, 0, 0
55149, 940, 1, 0, 0
55250, 930, 1, 0, 0
55350, 880, 1, 0, 0
55450, 940, 1, 0, 0
55550, 890, 1, 0, 0
55650, 890, 1, 0, 0
55749, 919, 1, 0, 0
55849, 890, 1, 0, 0
55949, 900, 1, 0, 0
56049, 830, 1, 0, 0
56149, 880, 1, 0, 0
56249, 950, 1, 0, 0
56349, 970, 1, 0, 0
56449, 890, 1, 0, 0
56549, 930, 1, 0, 0
56649, 950, 1, 0, 0
56750, 920, 1, 0, 0
56850, 940, 1, 0, 0
56950, 900, 1, 0, 0
57050, 930, 1, 0, 0
57150, 920, 1, 0, 0
57249, 909, 1, 0, 0
57349, 930, 1, 0, 0
57449, 930, 1, 0, 0
57549, 920, 1, 0, 0
57649, 910, 1, 0, 0
57749, 860, 1, 0, 0
57849, 910, 1, 0, 0
57949, 920, 1, 0, 0
58050, 930, 1, 0, 0
58150, 920, 1, 0, 0
58249, 919, 1, 0, 0
58349, 870, 1, 0, 0
58449, 860, 1, 0, 0
58549, 870, 1, 0, 0
58649, 900, 1, 0, 0
58749, 900, 1, 0, 0
58849, 900, 1, 0, 0
58949, 890, 1, 0, 0
59049, 870, 1, 0, 0
59149, 920, 1, 0, 0
59249, 860, 1, 0, 0
59350, 870, 1, 0, 0
59450, 880, 1, 0, 0
59550, 910, 1, 0, 0
59650, 930, 1, 0, 0
59749, 868, 1, 0, 0
59849, 840, 1, 0, 0
59949, 940, 1, 0, 0
60049, 910, 1, 0, 0
60149, 950, 1, 0, 0
60249, 910, 1, 0, 0
60349, 910, 1, 0, 0
60449, 860, 1, 0, 0
60549, 870, 1, 0, 0
60649, 860, 1, 0, 0
60750, 900, 1, 0, 0
60850, 890, 1, 0, 0
60950, 910, 1, 0, 0
61050, 900, 1, 0, 0
61150, 900, 1, 0, 0
61249, 909, 1, 0, 0
61349, 880, 1, 0, 0
61449, 900, 1, 0, 0
61549, 930, 1, 0, 0
61649, 910, 1, 0, 0
61749, 920, 1, 0, 0
61849, 920, 1, 0, 0
61949, 900, 1, 0, 0
62049, 910, 1, 0, 0
62149, 920, 1, 0, 0
62250, 950, 1, 0, 0
62350, 900, 1, 0, 0
62450, 940, 1, 0, 0
62550, 950, 1, 0, 0
62650, 860, 1, 0, 0
62749, 939, 1, 0, 0
62849, 900, 1, 0, 0
62949, 930, 1, 0, 0
63049, 930, 1, 0, 0
63149, 870, 1, 0, 0
63249, 890, 1, 0, 0
63349, 910, 1, 0, 0
63449, 870, 1, 0, 0
63550, 920, 1, 0, 0
63650, 910, 1, 0, 0
63749, 919, 1, 0, 0
63849, 920, 1, 0, 0
63949, 930, 1, 0, 0
64049, 930, 1, 0, 0
64149, 930, 1, 0, 0
64249, 870, 1, 0, 0
64349, 910, 1, 0, 0
64449, 930, 1, 0, 0
64549, 900, 1, 0, 0
64649, 890, 1, 0, 0
64749, 900, 1, 0, 0
64849, 810, 1, 0, 0
64950, 890, 1, 0, 0
65050, 840, 1, 0, 0
65150, 930, 1, 0, 0
65249, 878, 1, 0, 0
65349, 880, 1, 0, 0
65449, 890, 1, 0, 0
65549, 900, 1, 0, 0
65649, 920, 1, 0, 0
65749, 860, 1, 0, 0
65849, 870, 1, 0, 0
65949, 870, 1, 0, 0
66049, 910, 1, 0, 0
66149, 900, 1, 0, 0
66250, 890, 1, 0, 0
66350, 880, 1, 0, 0
66450, 900, 1, 0, 0
66550, 940, 1, 0, 0
66650, 960, 1, 0, 0
66749, 989, 1, 0, 0
66849, 920, 1, 0, 0
66949, 880, 1, 0, 0
67049, 910, 1, 0, 0
67149, 910, 1, 0, 0
67249, 920, 1, 0, 0
67349, 910, 1, 0, 0
67449, 880, 1, 0, 0
67550, 920, 1, 0, 0
67650, 920, 1, 0, 0
67749, 898, 1, 0, 0
67849, 890, 1, 0, 0
67949, 950, 1, 0, 0
68049, 940, 1, 0, 0
68149, 910, 1, 0, 0
68249, 890, 1, 0, 0
68349, 920, 1, 0, 0
68449, 930, 1, 0, 0
68549, 970, 1, 0, 0
68649, 960, 1, 0, 0
68749, 920, 1, 0, 0
68849, 920, 1, 0, 0
68949, 890, 1, 0, 0
69050, 950, 1, 0, 0
69150, 920, 1, 0, 0
69249, 969, 1, 0, 0
69349, 920, 1, 0, 0
69449, 920, 1, 0, 0
69549, 950, 1, 0, 0
69649, 950, 1, 0, 0
69749, 980, 1, 0, 0
69849, 950, 1, 0, 0
69949, 920, 1, 0, 0
70049, 940, 1, 0, 0
70149, 910, 1, 0, 0
70250, 930, 1, 0, 0
70350, 990, 1, 0, 0
70450, 900, 1, 0, 0
70550, 900, 1, 0, 0
70650, 980, 1, 0, 0
70749, 919, 1, 0, 0
70849, 920, 1, 0, 0
70949, 950, 1, 0, 0
71049, 960, 1, 0, 0
71149, 930, 1, 0, 0
71249, 940, 1, 0, 0
71349, 980, 1, 0, 0
71449, 900, 1, 0, 0
71549, 910, 1, 0, 0
71649, 930, 1, 0, 0
71750, 930, 1, 0, 0
71850, 940, 1, 0, 0
71950, 900, 1, 0, 0
72050, 910, 1, 0, 0
72150, 950, 1, 0, 0
72249, 989, 1, 0, 0
72349, 930, 1, 0, 0
72449, 900, 1, 0, 0
72549, 950, 1, 0, 0
72649, 860, 1, 0, 0
72749, 860, 1, 0, 0
72849, 900, 1, 0, 0
72949, 960, 1, 0, 0
73049, 950, 1, 0, 0
73150, 890, 1, 0, 0
73249, 959, 1, 0, 0
73349, 950, 1, 0, 0
73449, 920, 1, 0, 0
73549, 970, 1, 0, 0
73649, 950, 1, 0, 0
73749, 960, 1, 0, 0
73849, 930, 1, 0, 0
73949, 920, 1, 0, 0
74049, 910, 1, 0, 0
74149, 930, 1, 0, 0
74249, 930, 1, 0, 0
74349, 910, 1, 0, 0
74449, 950, 1, 0, 0
74550, 1000, 1, 0, 0
74650, 980, 1, 0, 0
74749, 939, 1, 0, 0
74849, 1000, 1, 0, 0
74949, 960, 1, 0, 0
75049, 940, 1, 0, 0
75149, 960, 1, 0, 0
75249, 980, 1, 0, 0
75349, 970, 1, 0, 0
75449, 980, 1, 0, 0
75549, 950, 1, 0, 0
75649, 950, 1, 0, 0
75749, 970, 1, 0, 0
75850, 960, 1, 0, 0
75950, 950, 1, 0, 0
76050, 910, 1, 0, 0
76150, 960, 1, 0, 0
76249, 959, 1, 0, 0
76349, 990, 1, 0, 0
76449, 950, 1, 0, 0
76549, 920, 1, 0, 0
76649, 910, 1, 0, 0
76749, 970, 1, 0, 0
76849, 970, 1, 0, 0
76949, 950, 1, 0, 0
77049, 950, 1, 0, 0
77149, 980, 1, 0, 0
77250, 930, 1, 0, 0
77350, 940, 1, 0, 0
77450, 970, 1, 0, 0
77550, 940, 1, 0, 0
77650, 990, 1, 0, 0
77749, 989, 1, 0, 0
77849, 950, 1, 0, 0
77949, 940, 1, 0, 0
78049, 940, 1, 0, 0
78149, 930, 1, 0, 0
78249, 930, 1, 0, 0
78349, 890, 1, 0, 0
78449, 940, 1, 0, 0
78549, 930, 1, 0, 0
78649, 930, 1, 0, 0
78750, 900, 1, 0, 0
78850, 940, 1, 0, 0
78950, 940, 1, 0, 0
79050, 880, 1, 0, 0
79150, 920, 1, 0, 0
79249, 959, 1, 0, 0
79349, 980, 1, 0, 0
79449, 950, 1, 0, 0
79549, 910, 1, 0, 0
79649, 950, 1, 0, 0
79749, 950, 1, 0, 0
79849, 970, 1, 0, 0
79949, 960, 1, 0, 0
80050, 920, 1, 0, 0
80150, 980, 1, 0, 0
80249, 929, 1, 0, 0
80349, 940, 1, 0, 0
80449, 960, 1, 0, 0
80549, 940, 1, 0, 0
80649, 900, 1, 0, 0
80749, 950, 1, 0, 0
80849, 940, 1, 0, 0
80949, 870, 1, 0, 0
81049, 880, 1, 0, 0
81149, 940, 1, 0, 0
81249, 940, 1, 0, 0
81349, 930, 1, 0, 0
81450, 890, 1, 0, 0
81550, 900, 1, 0, 0
81650, 910, 1, 0, 0
81749, 919, 1, 0, 0
81849, 940, 1, 0, 0
81949, 930, 1, 0, 0
82049, 930, 1, 0, 0
82149, 910, 1, 0, 0
82249, 930, 1, 0, 0
82349, 950, 1, 0, 0
82449, 890, 1, 0, 0
82549, 950, 1, 0, 0
82649, 890, 1, 0, 0
82750, 900, 1, 0, 0
82850, 930, 1, 0, 0
82950, 920, 1, 0, 0
83050, 910, 1, 0, 0
83150, 930, 1, 0, 0
83249, 868, 1, 0, 0
83349, 930, 1, 0, 0
83449, 860, 1, 0, 0
83549, 900, 1, 0, 0
83649, 900, 1, 0, 0
83749, 950, 1, 0, 0
83849, 950, 1, 0, 0
83949, 920, 1, 0, 0
84050, 890, 1, 0, 0
84150, 890, 1, 0, 0
84249, 949, 1, 0, 0
84349, 890, 1, 0, 0
84449, 930, 1, 0, 0
84549, 950, 1, 0, 0
84649, 900, 1, 0, 0
84749, 930, 1, 0, 0
84849, 930, 1, 0, 0
84949, 900, 1, 0, 0
85049, 910, 1, 0, 0
85149, 960, 1, 0, 0
85249, 930, 1, 0, 0
85349, 940, 1, 0, 0
85450, 940, 1, 0, 0
85550, 940, 1, 0, 0
85650, 920, 1, 0, 0
85749, 959, 1, 0, 0
85849, 880, 1, 0, 0
85949, 900, 1, 0, 0
86049, 910, 1, 0, 0
86149, 920, 1, 0, 0
86249, 950, 1, 0, 0
86349, 930, 1, 0, 0
86449, 940, 1, 0, 0
86549, 920, 1, 0, 0
86649, 930, 1, 0, 0
86750, 950, 1, 0, 0
86850, 880, 1, 0, 0
86950, 880, 1, 0, 0
87050, 920, 1, 0, 0
87150, 920, 1, 0, 0
87249, 929, 1, 0, 0
87349, 910, 1, 0, 0
87449, 900, 1, 0, 0
87549, 880, 1, 0, 0
87649, 910, 1, 0, 0
87749, 910, 1, 0, 0
87849, 860, 1, 0, 0
87949, 890, 1, 0, 0
88049, 920, 1, 0, 0
88149, 920, 1, 0, 0
88250, 930, 1, 0, 0
88350, 900, 1, 0, 0
88450, 910, 1, 0, 0
88550, 920, 1, 0, 0
88650, 900, 1, 0, 0
88749, 868, 1, 0, 0
88849, 890, 1, 0, 0
88949, 900, 1, 0, 0
89049, 910, 1, 0, 0
89149, 930, 1, 0, 0
89249, 890, 1, 0, 0
89349, 900, 1, 0, 0
89449, 930, 1, 0, 0
89550, 950, 1, 0, 0
89650, 970, 1, 0, 0
89749, 919, 1, 0, 0
89849, 940, 1, 0, 0
89949, 910, 1, 0, 0
90049, 940, 1, 0, 0
90149, 960, 1, 0, 0
90249, 930, 1, 0, 0
90349, 890, 1, 0, 0
90449, 900, 1, 0, 0
90549, 920, 1, 0, 0
90649, 940, 1, 0, 0
90749, 930, 1, 0, 0
90849, 910, 1, 0, 0
90950, 970, 1, 0, 0
91050, 910, 1, 0, 0
91150, 940, 1, 0, 0
91249, 909, 1, 0, 0
91349, 890, 1, 0, 0
91449, 910, 1, 0, 0
91549, 940, 1, 0, 0
91649, 900, 1, 0, 0
91749, 940, 1, 0, 0
91849, 940, 1, 0, 0
91949, 940, 1, 0, 0
92049, 890, 1, 0, 0
92149, 950, 1, 0, 0
92250, 910, 1, 0, 0
92350, 920, 1, 0, 0
92450, 980, 1, 0, 0
92550, 980, 1, 0, 0
92650, 960, 1, 0, 0
92749, 959, 1, 0, 0
92849, 900, 1, 0, 0
92949, 890, 1, 0, 0
93049, 870, 1, 0, 0
93149, 890, 1, 0, 0
93249, 890, 1, 0, 0
93349, 920, 1, 0, 0
93449, 890, 1, 0, 0
93550, 950, 1, 0, 0
93650, 970, 1, 0, 0
93749, 969, 1, 0, 0
93849, 930, 1, 0, 0
93949, 950, 1, 0, 0
94049, 940, 1, 0, 0
94149, 950, 1, 0, 0
94249, 950, 1, 0, 0
94349, 920, 1, 0, 0
94449, 900, 1, 0, 0
94549, 970, 1, 0, 0
94649, 920, 1, 0, 0
94749, 900, 1, 0, 0
94849, 890, 1, 0, 0
94949, 900, 1, 0, 0
95050, 930, 1, 0, 0
95150, 960, 1, 0, 0
95249, 929, 1, 0, 0
95349, 920, 1, 0, 0
95449, 890, 1, 0, 0
95549, 910, 1, 0, 0
95649, 940, 1, 0, 0
95749, 920, 1, 0, 0
95849, 930, 1, 0, 0
95949, 920, 1, 0, 0
96049, 960, 1, 0, 0
96149, 960, 1, 0, 0
96249, 960, 1, 0, 0
96350, 940, 1, 0, 0
96450, 920, 1, 0, 0
96550, 920, 1, 0, 0
96650, 940, 1, 0, 0
96749, 898, 1, 0, 0
96849, 950, 1, 0, 0
96949, 920, 1, 0, 0
97049, 950, 1, 0, 0
97149, 950, 1, 0, 0
97249, 1010, 1, 0, 0
97349, 940, 1, 0, 0
97449, 970, 1, 0, 0
97549, 920, 1, 0, 0
97649, 910, 1, 0, 0
97750, 970, 1, 0, 0
97850, 980, 1, 0, 0
97950, 980, 1, 0, 0
98050, 950, 1, 0, 0
98150, 960, 1, 0, 0
98249, 949, 1, 0, 0
98349, 930, 1, 0, 0
98449, 920, 1, 0, 0
98549, 930, 1, 0, 0
98649, 910, 1, 0, 0
98749, 930, 1, 0, 0
98849, 950, 1, 0, 0
98949, 940, 1, 0, 0
99049, 960, 1, 0, 0
99150, 930, 1, 0, 0
99249, 969, 1, 0, 0
99349, 960, 1, 0, 0
99449, 950, 1, 0, 0
99549, 950, 1, 0, 0
99649, 950, 1, 0, 0
99749, 950, 1, 0, 0
99849, 940, 1, 0, 0
99949, 960, 1, 0, 0
100049, 940, 1, 0, 0
100149, 920, 1, 0, 0
100249, 970, 1, 0, 0
100349, 990, 1, 0, 0
100449, 930, 1, 0, 0
100550, 960, 1, 0, 0
100650, 930, 1, 0, 0
100749, 939, 1, 0, 0
100849, 960, 1, 0, 0
100949, 930, 1, 0, 0
101049, 910, 1, 0, 0
101149, 940, 1, 0, 0
101249, 910, 1, 0, 0
101349, 930, 1, 0, 0
101449, 900, 1, 0, 0
101549, 920, 1, 0, 0
101649, 970, 1, 0, 0
101749, 930, 1, 0, 0
101849, 920, 1, 0, 0
101950, 920, 1, 0, 0
102050, 920, 1, 0, 0
102150, 930, 1, 0, 0
102249, 929, 1, 0, 0
102349, 910, 1, 0, 0
102449, 880, 1, 0, 0
102549, 910, 1, 0, 0
102649, 980, 1, 0, 0
102749, 970, 1, 0, 0
102849, 890, 1, 0, 0
102949, 890, 1, 0, 0
103049, 910, 1, 0, 0
103150, 890, 1, 0, 0
103249, 949, 1, 0, 0
103349, 960, 1, 0, 0
103449, 950, 1, 0, 0
103549, 910, 1, 0, 0
103649, 900, 1, 0, 0
103749, 930, 1, 0, 0
103849, 940, 1, 0, 0
103949, 940, 1, 0, 0
104049, 970, 1, 0, 0
104149, 960, 1, 0, 0
104249, 920, 1, 0, 0
104349, 900, 1, 0, 0
104449, 980, 1, 0, 0
104550, 940, 1, 0, 0
104650, 920, 1, 0, 0
104749, 939, 1, 0, 0
104849, 940, 1, 0, 0
104949, 960, 1, 0, 0
105049, 920, 1, 0, 0
105149, 930, 1, 0, 0
105249, 960, 1, 0, 0
105349, 980, 1, 0, 0
105449, 920, 1, 0, 0
105549, 950, 1, 0, 0
105649, 940, 1, 0, 0
105749, 940, 1, 0, 0
105849, 930, 1, 0, 0
105950, 980, 1, 0, 0
106050, 910, 1, 0, 0
106150, 980, 1, 0, 0
106249, 959, 1, 0, 0
106349, 930, 1, 0, 0
106449, 910, 1, 0, 0
106549, 900, 1, 0, 0
106649, 970, 1, 0, 0
106749, 970, 1, 0, 0
106849, 950, 1, 0, 0
106949, 950, 1, 0, 0
107049, 940, 1, 0, 0
107149, 890, 1, 0, 0
107250, 940, 1, 0, 0
107350, 920, 1, 0, 0
107450, 940, 1, 0, 0
107550, 910, 1, 0, 0
107650, 940, 1, 0, 0
107749, 959, 1, 0, 0
107849, 930, 1, 0, 0
107949, 920, 1, 0, 0
108049, 910, 1, 0, 0
108149, 960, 1, 0, 0
108249, 960, 1, 0, 0
108349, 940, 1, 0, 0
108449, 960, 1, 0, 0
108549, 980, 1, 0, 0
108649, 900, 1, 0, 0
108750, 920, 1, 0, 0
108850, 960, 1, 0, 0
108950, 930, 1, 0, 0
109050, 960, 1, 0, 0
109150, 940, 1, 0, 0
109249, 969, 1, 0, 0
109349, 890, 1, 0, 0
109449, 950, 1, 0, 0
109549, 940, 1, 0, 0
109649, 920, 1, 0, 0
109749, 920, 1, 0, 0
109849, 960, 1, 0, 0
109949, 990, 1, 0, 0
110050, 950, 1, 0, 0
110150, 930, 1, 0, 0
110249, 949, 1, 0, 0
110349, 960, 1, 0, 0
110449, 910, 1, 0, 0
110549, 850, 1, 0, 0
110649, 920, 1, 0, 0
110749, 870, 1, 0, 0
110849, 930, 1, 0, 0
110949, 920, 1, 0, 0
111049, 970, 1, 0, 0
111149, 930, 1, 0, 0
111249, 970, 1, 0, 0
111349, 910, 1, 0, 0
111449, 990, 1, 0, 0
111550, 930, 1, 0, 0
111650, 960, 1, 0, 0
111749, 878, 1, 0, 0
111849, 960, 1, 0, 0
111949, 940, 1, 0, 0
112049, 950, 1, 0, 0
112149, 950, 1, 0, 0
112249, 910, 1, 0, 0
112349, 960, 1, 0, 0
112449, 960, 1, 0, 0
112549, 970, 1, 0, 0
112649, 960, 1, 0, 0
112749, 940, 1, 0, 0
112849, 970, 1, 0, 0
112950, 940, 1, 0, 0
113050, 930, 1, 0, 0
113150, 950, 1, 0, 0
113249, 939, 1, 0, 0
113349, 930, 1, 0, 0
113449, 990, 1, 0, 0
113549, 980, 1, 0, 0
113649, 980, 1, 0, 0
113749, 960, 1, 0, 0
113849, 950, 1, 0, 0
113949, 980, 1, 0, 0
114049, 950, 1, 0, 0
114149, 900, 1, 0, 0
114250, 860, 1, 0, 0
114350, 960, 1, 0, 0
114450, 940, 1, 0, 0
114550, 970, 1, 0, 0
114650, 960, 1, 0, 0
114749, 979, 1, 0, 0
114849, 930, 1, 0, 0
114949, 950, 1, 0, 0
115049, 930, 1, 0, 0
115149, 940, 1, 0, 0
115249, 950, 1, 0, 0
115349, 980, 1, 0, 0
115449, 960, 1, 0, 0
115549, 930, 1, 0, 0
115650, 950, 1, 0, 0
115749, 1020, 1, 0, 0
115849, 900, 1, 0, 0
115949, 920, 1, 0, 0
116049, 920, 1, 0, 0
116149, 950, 1, 0, 0
116249, 940, 1, 0, 0
116349, 940, 1, 0, 0
116449, 1000, 1, 0, 0
116549, 950, 1, 0, 0
116649, 980, 1, 0, 0
116749, 960, 1, 0, 0
116849, 970, 1, 0, 0
116949, 980, 1, 0, 0
117050, 950, 1, 0, 0
117150, 1000, 1, 0, 0
117249, 949, 1, 0, 0
117349, 910, 1, 0, 0
117449, 930, 1, 0, 0
117549, 950, 1, 0, 0
117649, 960, 1, 0, 0
117749, 960, 1, 0, 0
117849, 1000, 1, 0, 0
117949, 980, 1, 0, 0
118049, 970, 1, 0, 0
118149, 950, 1, 0, 0
118249, 1010, 1, 0, 0
118349, 970, 1, 0, 0
118449, 940, 1, 0, 0
118550, 960, 1, 0, 0
118650, 940, 1, 0, 0
118749, 949, 1, 0, 0
118849, 960, 1, 0, 0
118949, 930, 1, 0, 0
119049, 960, 1, 0, 0
119149, 960, 1, 0, 0
119249, 1000, 1, 0, 0
119349, 910, 1, 0, 0
119449, 960, 1, 0, 0
119549, 990, 1, 0, 0
119649, 980, 1, 0, 0
119749, 980, 1, 0, 0
119850, 990, 1, 0, 0
119950, 970, 1, 0, 0
120050, 980, 1, 0, 0
120150, 990, 1, 0, 0
120249, 929, 1, 0, 0
120349, 920, 1, 0, 0
120449, 970, 1, 0, 0
120549, 950, 1, 0, 0
120649, 940, 1, 0, 0
120749, 960, 1, 0, 0
120849, 960, 1, 0, 0
120949, 970, 1, 0, 0
121049, 950, 1, 0, 0
121149, 970, 1, 0, 0
121250, 950, 1, 0, 0
121350, 960, 1, 0, 0
121450, 940, 1, 0, 0
121550, 980, 1, 0, 0
121650, 980, 1, 0, 0
121749, 949, 1, 0, 0
121849, 960, 1, 0, 0
121949, 900, 1, 0, 0
122049, 940, 1, 0, 0
122149, 960, 1, 0, 0
122249, 940, 1, 0, 0
122349, 940, 1, 0, 0
122449, 970, 1, 0, 0
122549, 970, 1, 0, 0
122650, 950, 1, 0, 0
122749, 939, 1, 0, 0
122849, 950, 1, 0, 0
122949, 930, 1, 0, 0
123049, 950, 1, 0, 0
123149, 870, 1, 0, 0
123249, 950, 1, 0, 0
123349, 1000, 1, 0, 0
123449, 960, 1, 0, 0
123549, 930, 1, 0, 0
123649, 920, 1, 0, 0
123749, 940, 1, 0, 0
123849, 980, 1, 0, 0
123950, 950, 1, 0, 0
124050, 970, 1, 0, 0
124150, 940, 1, 0, 0
124249, 939, 1, 0, 0
124349, 960, 1, 0, 0
124449, 950, 1, 0, 0
124549, 980, 1, 0, 0
124649, 940, 1, 0, 0
124749, 970, 1, 0, 0
124849, 950, 1, 0, 0
124949, 940, 1, 0, 0
125049, 940, 1, 0, 0
125149, 940, 1, 0, 0
125250, 1010, 1, 0, 0
125350, 960, 1, 0, 0
125450, 950, 1, 0, 0
125550, 960, 1, 0, 0
125650, 960, 1, 0, 0
125749, 979, 1, 0, 0
125849, 960, 1, 0, 0
125949, 960, 1, 0, 0
126049, 960, 1, 0, 0
126149, 960, 1, 0, 0
126249, 910, 1, 0, 0
126349, 980, 1, 0, 0
126449, 980, 1, 0, 0
126549, 980, 1, 0, 0
126650, 960, 1, 0, 0
126749, 919, 1, 0, 0
126849, 940, 1, 0, 0
126949, 960, 1, 0, 0
127049, 960, 1, 0, 0
127149, 950, 1, 0, 0
127249, 990, 1, 0, 0
127349, 960, 1, 0, 0
127449, 960, 1, 0, 0
127549, 910, 1, 0, 0
127649, 1020, 1, 0, 0
127749, 940, 1, 0, 0
127849, 910, 1, 0, 0
127949, 960, 1, 0, 0
128050, 980, 1, 0, 0
128150, 920, 1, 0, 0
128249, 939, 1, 0, 0
128349, 980, 1, 0, 0
128449, 950, 1, 0, 0
128549, 950, 1, 0, 0
128649, 940, 1, 0, 0
128749, 970, 1, 0, 0
128849, 980, 1, 0, 0
128949, 960, 1, 0, 0
129049, 950, 1, 0, 0
129149, 970, 1, 0, 0
129249, 950, 1, 0, 0
129349, 970, 1, 0, 0
129450, 980, 1, 0, 0
129550, 970, 1, 0, 0
129650, 910, 1, 0, 0
129749, 979, 1, 0, 0
129849, 940, 1, 0, 0
129949, 1010, 1, 0, 0
130049, 990, 1, 0, 0
130149, 980, 1, 0, 0
130249, 950, 1, 0, 0
130349, 960, 1, 0, 0
130449, 960, 1, 0, 0
130549, 950, 1, 0, 0
130649, 950, 1, 0, 0
130750, 950, 1, 0, 0
130850, 980, 1, 0, 0
130950, 950, 1, 0, 0
131050, 950, 1, 0, 0
131150, 950, 1, 0, 0
131249, 969, 1, 0, 0
131349, 910, 1, 0, 0
131449, 900, 1, 0, 0
131549, 930, 1, 0, 0
131649, 950, 1, 0, 0
131749, 900, 1, 0, 0
131849, 930, 1, 0, 0
131949, 950, 1, 0, 0
132049, 950, 1, 0, 0
132150, 1010, 1, 0, 0
132249, 919, 1, 0, 0
132349, 990, 1, 0, 0
132449, 940, 1, 0, 0
132549, 910, 1, 0, 0
132649, 960, 1, 0, 0
132749, 950, 1, 0, 0
132849, 930, 1, 0, 0
132949, 980, 1, 0, 0
133049, 940, 1, 0, 0
133149, 970, 1, 0, 0
133249, 960, 1, 0, 0
133349, 970, 1, 0, 0
133449, 970, 1, 0, 0
133550, 930, 1, 0, 0
133650, 980, 1, 0, 0
133749, 929, 1, 0, 0
133849, 910, 1, 0, 0
133949, 920, 1, 0, 0
134049, 940, 1, 0, 0
134149, 990, 1, 0, 0
134249, 900, 1, 0, 0
134349, 940, 1, 0, 0
134449, 920, 1, 0, 0
134549, 920, 1, 0, 0
134649, 940, 1, 0, 0
134749, 970, 1, 0, 0
134849, 950, 1, 0, 0
134950, 980, 1, 0, 0
135050, 880, 1, 0, 0
135150, 940, 1, 0, 0
135249, 1000, 1, 0, 0
135349, 950, 1, 0, 0
135449, 940, 1, 0, 0
135549, 940, 1, 0, 0
135649, 910, 1, 0, 0
135749, 920, 1, 0, 0
135849, 940, 1, 0, 0
135949, 980, 1, 0, 0
136049, 970, 1, 0, 0
136149, 970, 1, 0, 0
136249, 929, 1, 0, 0
136349, 960, 1, 0, 0
136449, 920, 1, 0, 0
136549, 910, 1, 0, 0
136649, 930, 1, 0, 0
136749, 950, 1, 0, 0
136849, 960, 1, 0, 0
136949, 920, 1, 0, 0
137049, 920, 1, 0, 0
137149, 920, 1, 0, 0
137249, 880, 1, 0, 0
137349, 970, 1, 0, 0
137449, 960, 1, 0, 0
137549, 970, 1, 0, 0
137650, 920, 1, 0, 0
137749, 929, 1, 0, 0
137849, 960, 1, 0, 0
137949, 980, 1, 0, 0
138049, 900, 1, 0, 0
138149, 960, 1, 0, 0
138249, 890, 1, 0, 0
138349, 980, 1, 0, 0
138449, 980, 1, 0, 0
138549, 960, 1, 0, 0
138649, 1010, 1, 0, 0
138749, 960, 1, 0, 0
138849, 980, 1, 0, 0
138949, 990, 1, 0, 0
139050, 960, 1, 0, 0
139150, 970, 1, 0, 0
139249, 949, 1, 0, 0
139349, 960, 1, 0, 0
139449, 930, 1, 0, 0
139549, 950, 1, 0, 0
139649, 950, 1, 0, 0
139749, 980, 1, 0, 0
139849, 1000, 1, 0, 0
139949, 950, 1, 0, 0
140049, 960, 1, 0, 0
140149, 920, 1, 0, 0
140250, 1000, 1, 0, 0
140350, 930, 1, 0, 0
140450, 940, 1, 0, 0
140550, 930, 1, 0, 0
140650, 920, 1, 0, 0
140749, 949, 1, 0, 0
140849, 970, 1, 0, 0
140949, 950, 1, 0, 0
141049, 960, 1, 0, 0
141149, 950, 1, 0, 0
141249, 940, 1, 0, 0
141349, 920, 1, 0, 0
141449, 950, 1, 0, 0
141549, 920, 1, 0, 0
141650, 950, 1, 0, 0
141749, 949, 1, 0, 0
141849, 950, 1, 0, 0
141949, 900, 1, 0, 0
142049, 940, 1, 0, 0
142149, 940, 1, 0, 0
142249, 930, 1, 0, 0
142349, 930, 1, 0, 0
142449, 900, 1, 0, 0
142549, 960, 1, 0, 0
142649, 910, 1, 0, 0
142749, 900, 1, 0, 0
142849, 870, 1, 0, 0
142949, 930, 1, 0, 0
143050, 850, 1, 0, 0
143150, 940, 1, 0, 0
143249, 939, 1, 0, 0
143349, 940, 1, 0, 0
143449, 880, 1, 0, 0
143549, 960, 1, 0, 0
143649, 900, 1, 0, 0
143749, 910, 1, 0, 0
143849, 900, 1, 0, 0
143949, 920, 1, 0, 0
144049, 950, 1, 0, 0
144149, 940, 1, 0, 0
144249, 910, 1, 0, 0
144350, 960, 1, 0, 0
144450, 950, 1, 0, 0
144550, 950, 1, 0, 0
144650, 960, 1, 0, 0
144749, 909, 1, 0, 0
144849, 950, 1, 0, 0
144949, 960, 1, 0, 0
145049, 940, 1, 0, 0
145149, 940, 1, 0, 0
145249, 930, 1, 0, 0
145349, 960, 1, 0, 0
145449, 970, 1, 0, 0
145549, 960, 1, 0, 0
145649, 970, 1, 0, 0
145750, 920, 1, 0, 0
145850, 960, 1, 0, 0
145950, 930, 1, 0, 0
146050, 960, 1, 0, 0
146150, 970, 1, 0, 0
146249, 919, 1, 0, 0
146349, 940, 1, 0, 0
146449, 950, 1, 0, 0
146549, 990, 1, 0, 0
146649, 930, 1, 0, 0
146749, 1000, 1, 0, 0
146849, 970, 1, 0, 0
146949, 960, 1, 0, 0
147049, 970, 1, 0, 0
147150, 940, 1, 0, 0
147249, 989, 1, 0, 0
147349, 930, 1, 0, 0
147449, 940, 1, 0, 0
147549, 990, 1, 0, 0
147649, 980, 1, 0, 0
147749, 940, 1, 0, 0
147849, 940, 1, 0, 0
147949, 950, 1, 0, 0
148049, 890, 1, 0, 0
148149, 910, 1, 0, 0
148249, 920, 1, 0, 0
148349, 930, 1, 0, 0
148449, 950, 1, 0, 0
148550, 910, 1, 0, 0
148650, 940, 1, 0, 0
148749, 929, 1, 0, 0
148849, 950, 1, 0, 0
148949, 940, 1, 0, 0
149049, 950, 1, 0, 0
149149, 950, 1, 0, 0
149249, 920, 1, 0, 0
149349, 950, 1, 0, 0
149449, 950, 1, 0, 0
149549, 950, 1, 0, 0
149649, 940, 1, 0, 0
149749, 950, 1, 0, 0
149850, 930, 1, 0, 0
149950, 940, 1, 0, 0
150050, 950, 1, 0, 0
150150, 960, 1, 0, 0
150249, 939, 1, 0, 0
150349, 970, 1, 0, 0
150449, 950, 1, 0, 0
150549, 900, 1, 0, 0
150649, 950, 1, 0, 0
150749, 990, 1, 0, 0
150849, 950, 1, 0, 0
150949, 930, 1, 0, 0
151049, 980, 1, 0, 0
151149, 980, 1, 0, 0
151250, 920, 1, 0, 0
151350, 910, 1, 0, 0
151450, 940, 1, 0, 0
151550, 990, 1, 0, 0
151650, 970, 1, 0, 0
151749, 979, 1, 0, 0
151849, 970, 1, 0, 0
151949, 970, 1, 0, 0
152049, 920, 1, 0, 0
152149, 960, 1, 0, 0
152249, 920, 1, 0, 0
152349, 950, 1, 0, 0
152449, 940, 1, 0, 0
152550, 950, 1, 0, 0
152650, 980, 1, 0, 0
152749, 959, 1, 0, 0
152849, 970, 1, 0, 0
152949, 930, 1, 0, 0
153049, 950, 1, 0, 0
153149, 960, 1, 0, 0
153249, 960, 1, 0, 0
153349, 910, 1, 0, 0
153449, 950, 1, 0, 0
153549, 930, 1, 0, 0
153649, 930, 1, 0, 0
153749, 960, 1, 0, 0
153849, 960, 1, 0, 0
153949, 970, 1, 0, 0
154050, 950, 1, 0, 0
154150, 890, 1, 0, 0
154249, 878, 1, 0, 0
154349, 990, 1, 0, 0
154449, 940, 1, 0, 0
154549, 900, 1, 0, 0
154649, 880, 1, 0, 0
154749, 900, 1, 0, 0
154849, 950, 1, 0, 0
154949, 960, 1, 0, 0
155049, 990, 1, 0, 0
155149, 920, 1, 0, 0
155250, 880, 1, 0, 0
155350, 940, 1, 0, 0
155450, 910, 1, 0, 0
155550, 950, 1, 0, 0
155650, 960, 1, 0, 0
155749, 939, 1, 0, 0
155849, 960, 1, 0, 0
155949, 960, 1, 0, 0
156049, 950, 1, 0, 0
156149, 950, 1, 0, 0
156249, 970, 1, 0, 0
156349, 980, 1, 0, 0
156449, 920, 1, 0, 0
156550, 930, 1, 0, 0
156650, 950, 1, 0, 0
156749, 878, 1, 0, 0
156849, 960, 1, 0, 0
156949, 980, 1, 0, 0
157049, 970, 1, 0, 0
157149, 960, 1, 0, 0
157249, 980, 1, 0, 0
157349, 940, 1, 0, 0
157449, 960, 1, 0, 0
157549, 980, 1, 0, 0
157649, 900, 1, 0, 0
157749, 920, 1, 0, 0
157849, 920, 1, 0, 0
157949, 920, 1, 0, 0
158050, 940, 1, 0, 0
158150, 960, 1, 0, 0
158249, 909, 1, 0, 0
158349, 950, 1, 0, 0
158449, 960, 1, 0, 0
158549, 960, 1, 0, 0
158649, 950, 1, 0, 0
158749, 960, 1, 0, 0
158849, 930, 1, 0, 0
158949, 960, 1, 0, 0
159049, 970, 1, 0, 0
159149, 950, 1, 0, 0
159250, 940, 1, 0, 0
159350, 920, 1, 0, 0
159450, 920, 1, 0, 0
159550, 940, 1, 0, 0
159650, 930, 1, 0, 0
159749, 949, 1, 0, 0
159849, 930, 1, 0, 0
159949, 940, 1, 0, 0
160049, 950, 1, 0, 0
160149, 920, 1, 0, 0
160249, 900, 1, 0, 0
160349, 930, 1, 0, 0
160449, 860, 1, 0, 0
160549, 910, 1, 0, 0
160649, 940, 1, 0, 0
160749, 949, 1, 0, 0
160849, 930, 1, 0, 0
160949, 910, 1, 0, 0
161049, 970, 1, 0, 0
161149, 940, 1, 0, 0
161249, 950, 1, 0, 0
161349, 950, 1, 0, 0
161449, 900, 1, 0, 0
161549, 910, 1, 0, 0
161649, 920, 1, 0, 0
161749, 950, 1, 0, 0
161849, 950, 1, 0, 0
161949, 930, 1, 0, 0
162050, 980, 1, 0, 0
162150, 930, 1, 0, 0
162249, 898, 1, 0, 0
162349, 930, 1, 0, 0
162449, 980, 1, 0, 0
162549, 940, 1, 0, 0
162649, 930, 1, 0, 0
162749, 950, 1, 0, 0
162849, 900, 1, 0, 0
162949, 960, 1, 0, 0
163049, 990, 1, 0, 0
163149, 910, 1, 0, 0
163249, 980, 1, 0, 0
163350, 880, 1, 0, 0
163450, 950, 1, 0, 0
163550, 960, 1, 0, 0
163650, 940, 1, 0, 0
163749, 909, 1, 0, 0
163849, 970, 1, 0, 0
163949, 990, 1, 0, 0
164049, 960, 1, 0, 0
164149, 990, 1, 0, 0
164249, 970, 1, 0, 0
164349, 950, 1, 0, 0
164449, 990, 1, 0, 0
164549, 900, 1, 0, 0
164649, 900, 1, 0, 0
164750, 990, 1, 0, 0
164850, 930, 1, 0, 0
164950, 910, 1, 0, 0
165050, 940, 1, 0, 0
165150, 940, 1, 0, 0
165249, 929, 1, 0, 0
165349, 990, 1, 0, 0
165449, 970, 1, 0, 0
165549, 1010, 1, 0, 0
165649, 950, 1, 0, 0
165749, 960, 1, 0, 0
165849, 950, 1, 0, 0
165949, 980, 1, 0, 0
166049, 960, 1, 0, 0
166150, 910, 1, 0, 0
166249, 919, 1, 0, 0
166349, 950, 1, 0, 0
166449, 920, 1, 0, 0
166549, 930, 1, 0, 0
166649, 980, 1, 0, 0
166749, 930, 1, 0, 0
166849, 940, 1, 0, 0
166949, 930, 1, 0, 0
167049, 950, 1, 0, 0
167149, 960, 1, 0, 0
167249, 950, 1, 0, 0
167349, 940, 1, 0, 0
167449, 980, 1, 0, 0
167550, 1010, 1, 0, 0
167650, 950, 1, 0, 0
167749, 969, 1, 0, 0
167849, 960, 1, 0, 0
167949, 960, 1, 0, 0
168049, 970, 1, 0, 0
168149, 940, 1, 0, 0
168249, 950, 1, 0, 0
168349, 980, 1, 0, 0
168449, 930, 1, 0, 0
168549, 960, 1, 0, 0
168649, 970, 1, 0, 0
168749, 960, 1, 0, 0
168850, 960, 1, 0, 0
168950, 930, 1, 0, 0
169050, 950, 1, 0, 0
169150, 980, 1, 0, 0
169249, 939, 1, 0, 0
169349, 930, 1, 0, 0
169449, 970, 1, 0, 0
169549, 990, 1, 0, 0
169649, 950, 1, 0, 0
169749, 1000, 1, 0, 0
169849, 960, 1, 0, 0
169949, 930, 1, 0, 0
170049, 970, 1, 0, 0
170149, 950, 1, 0, 0
170250, 950, 1, 0, 0
170350, 920, 1, 0, 0
170450, 990, 1, 0, 0
170550, 970, 1, 0, 0
170650, 1020, 1, 0, 0
170749, 959, 1, 0, 0
170849, 990, 1, 0, 0
170949, 940, 1, 0, 0
171049, 960, 1, 0, 0
171149, 970, 1, 0, 0
171249, 990, 1, 0, 0
171349, 930, 1, 0, 0
171449, 940, 1, 0, 0
171549, 930, 1, 0, 0
171650, 970, 1, 0, 0
171749, 919, 1, 0, 0
171849, 940, 1, 0, 0
171949, 940, 1, 0, 0
172049, 930, 1, 0, 0
172149, 950, 1, 0, 0
172249, 920, 1, 0, 0
172349, 970, 1, 0, 0
172449, 950, 1, 0, 0
172549, 920, 1, 0, 0
172649, 980, 1, 0, 0
172749, 950, 1, 0, 0
172849, 930, 1, 0, 0
172949, 920, 1, 0, 0
173050, 950, 1, 0, 0
173150, 920, 1, 0, 0
173249, 929, 1, 0, 0
173349, 960, 1, 0, 0
173449, 970, 1, 0, 0
173549, 980, 1, 0, 0
173649, 950, 1, 0, 0
173749, 990, 1, 0, 0
173849, 960, 1, 0, 0
173949, 940, 1, 0, 0
174049, 980, 1, 0, 0
174149, 960, 1, 0, 0
174249, 960, 1, 0, 0
174349, 900, 1, 0, 0
174450, 970, 1, 0, 0
174550, 950, 1, 0, 0
174650, 960, 1, 0, 0
174749, 959, 1, 0, 0
174849, 970, 1, 0, 0
174949, 950, 1, 0, 0
175049, 1000, 1, 0, 0
175149, 920, 1, 0, 0
175249, 890, 1, 0, 0
175349, 950, 1, 0, 0
175449, 970, 1, 0, 0
175549, 990, 1, 0, 0
175649, 950, 1, 0, 0
175750, 940, 1, 0, 0
175850, 960, 1, 0, 0
175950, 970, 1, 0, 0
176050, 950, 1, 0, 0
176150, 960, 1, 0, 0
176249, 939, 1, 0, 0
176349, 960, 1, 0, 0
176449, 930, 1, 0, 0
176549, 960, 1, 0, 0
176649, 970, 1, 0, 0
176749, 950, 1, 0, 0
176849, 970, 1, 0, 0
176949, 1000, 1, 0, 0
177049, 950, 1, 0, 0
177149, 960, 1, 0, 0
177249, 979, 1, 0, 0
177349, 950, 1, 0, 0
177449, 930, 1, 0, 0
177549, 970, 1, 0, 0
177649, 960, 1, 0, 0
177749, 920, 1, 0, 0
177849, 930, 1, 0, 0
177949, 950, 1, 0, 0
178049, 1000, 1, 0, 0
178149, 970, 1, 0, 0
178249, 970, 1, 0, 0
178349, 940, 1, 0, 0
178449, 990, 1, 0, 0
178550, 950, 1, 0, 0
178650, 910, 1, 0, 0
178749, 969, 1, 0, 0
178849, 950, 1, 0, 0
178949, 990, 1, 0, 0
179049, 990, 1, 0, 0
179149, 970, 1, 0, 0
179249, 910, 1, 0, 0
179349, 980, 1, 0, 0
179449, 990, 1, 0, 0
179549, 980, 1, 0, 0
179649, 990, 1, 0, 0
179749, 950, 1, 0, 0
179849, 1020, 1, 0, 0
179949, 970, 1, 0, 0
180050, 970, 1, 0, 0
180150, 980, 1, 0, 0
180249, 989, 1, 0, 0
180349, 960, 1, 0, 0
180449, 980, 1, 0, 0
180549, 1010, 1, 0, 0
180649, 970, 1, 0, 0
180749, 970, 1, 0, 0
180849, 960, 1, 0, 0
180949, 970, 1, 0, 0
181049, 960, 1, 0, 0
181149, 930, 1, 0, 0
181250, 940, 1, 0, 0
181350, 900, 1, 0, 0
181450, 970, 1, 0, 0
181550, 990, 1, 0, 0
181650, 920, 1, 0, 0
181749, 939, 1, 0, 0
181849, 950, 1, 0, 0
181949, 1010, 1, 0, 0
182049, 950, 1, 0, 0
182149, 970, 1, 0, 0
182249, 940, 1, 0, 0
182349, 960, 1, 0, 0
182449, 960, 1, 0, 0
182549, 940, 1, 0, 0
182650, 890, 1, 0, 0
182749, 959, 1, 0, 0
182849, 940, 1, 0, 0
182949, 990, 1, 0, 0
183049, 980, 1, 0, 0
183149, 960, 1, 0, 0
183249, 970, 1, 0, 0
183349, 970, 1, 0, 0
183449, 920, 1, 0, 0
183549, 930, 1, 0, 0
183649, 970, 1, 0, 0
183749, 980, 1, 0, 0
183849, 1000, 1, 0, 0
183949, 1010, 1, 0, 0
184050, 980, 1, 0, 0
184150, 990, 1, 0, 0
184249, 1010, 1, 0, 0
184349, 980, 1, 0, 0
184449, 1010, 1, 0, 0
184549, 930, 1, 0, 0
184649, 980, 1, 0, 0
184749, 980, 1, 0, 0
184849, 960, 1, 0, 0
184949, 940, 1, 0, 0
185049, 960, 1, 0, 0
185149, 960, 1, 0, 0
185249, 930, 1, 0, 0
185349, 960, 1, 0, 0
185450, 930, 1, 0, 0
185550, 920, 1, 0, 0
185650, 970, 1, 0, 0
185749, 959, 1, 0, 0
185849, 970, 1, 0, 0
185949, 960, 1, 0, 0
186049, 990, 1, 0, 0
186149, 990, 1, 0, 0
186249, 950, 1, 0, 0
186349, 970, 1, 0, 0
186449, 940, 1, 0, 0
186549, 980, 1, 0, 0
186649, 940, 1, 0, 0
186750, 930, 1, 0, 0
186850, 990, 1, 0, 0
186950, 950, 1, 0, 0
187050, 1010, 1, 0, 0
187150, 1020, 1, 0, 0
187249, 1000, 1, 0, 0
187349, 910, 1, 0, 0
187449, 950, 1, 0, 0
187549, 960, 1, 0, 0
187649, 1000, 1, 0, 0
187749, 990, 1, 0, 0
187849, 960, 1, 0, 0
187949, 970, 1, 0, 0
188049, 980, 1, 0, 0
188150, 960, 1, 0, 0
188249, 919, 1, 0, 0
188349, 970, 1, 0, 0
188449, 960, 1, 0, 0
188549, 990, 1, 0, 0
188649, 970, 1, 0, 0
188749, 980, 1, 0, 0
188849, 1000, 1, 0, 0
188949, 950, 1, 0, 0
189049, 960, 1, 0, 0
189149, 990, 1, 0, 0
189249, 920, 1, 0, 0
189349, 1000, 1, 0, 0
189449, 970, 1, 0, 0
189550, 920, 1, 0, 0
189650, 950, 1, 0, 0
189749, 929, 1, 0, 0
189849, 920, 1, 0, 0
189949, 980, 1, 0, 0
190049, 950, 1, 0, 0
190149, 1000, 1, 0, 0
190249, 960, 1, 0, 0
190349, 1010, 1, 0, 0
190449, 980, 1, 0, 0
190549, 1020, 1, 0, 0
190649, 970, 1, 0, 0
190750, 1040, 1, 0, 0
190850, 960, 1, 0, 0
190950, 960, 1, 0, 0
191050, 960, 1, 0, 0
191150, 960, 1, 0, 0
191249, 989, 1, 0, 0
191349, 970, 1, 0, 0
191449, 950, 1, 0, 0
191549, 990, 1, 0, 0
191649, 970, 1, 0, 0
191749, 980, 1, 0, 0
191849, 970, 1, 0, 0
191949, 960, 1, 0, 0
192049, 970, 1, 0, 0
192149, 920, 1, 0, 0
192250, 960, 1, 0, 0
192350, 990, 1, 0, 0
192450, 920, 1, 0, 0
192550, 970, 1, 0, 0
192650, 970, 1, 0, 0
192749, 989, 1, 0, 0
192849, 970, 1, 0, 0
192949, 970, 1, 0, 0
193049, 1000, 1, 0, 0
193149, 980, 1, 0, 0
193249, 930, 1, 0, 0
193349, 960, 1, 0, 0
193449, 950, 1, 0, 0
193549, 1000, 1, 0, 0
193650, 970, 1, 0, 0
193749, 939, 1, 0, 0
193849, 950, 1, 0, 0
193949, 910, 1, 0, 0
194049, 910, 1, 0, 0
194149, 1000, 1, 0, 0
194249, 970, 1, 0, 0
194349, 940, 1, 0, 0
194449, 930, 1, 0, 0
194549, 970, 1, 0, 0
194649, 960, 1, 0, 0
194749, 940, 1, 0, 0
194849, 960, 1, 0, 0
194949, 940, 1, 0, 0
195050, 980, 1, 0, 0
195150, 930, 1, 0, 0
195249, 969, 1, 0, 0
195349, 960, 1, 0, 0
195449, 960, 1, 0, 0
195549, 980, 1, 0, 0
195649, 920, 1, 0, 0
195749, 960, 1, 0, 0
195849, 930, 1, 0, 0
195949, 900, 1, 0, 0
196049, 970, 1, 0, 0
196149, 930, 1, 0, 0
196250, 880, 1, 0, 0
196350, 970, 1, 0, 0
196450, 970, 1, 0, 0
196550, 990, 1, 0, 0
196650, 990, 1, 0, 0
196749, 979, 1, 0, 0
196849, 980, 1, 0, 0
196949, 960, 1, 0, 0
197049, 980, 1, 0, 0
197149, 970, 1, 0, 0
197249, 1000, 1, 0, 0
197349, 950, 1, 0, 0
197449, 970, 1, 0, 0
197549, 970, 1, 0, 0
197649, 940, 1, 0, 0
197749, 949, 1, 0, 0
197849, 950, 1, 0, 0
197949, 930, 1, 0, 0
198049, 980, 1, 0, 0
198149, 980, 1, 0, 0
198249, 950, 1, 0, 0
198349, 980, 1, 0, 0
198449, 950, 1, 0, 0
198549, 980, 1, 0, 0
198649, 1010, 1, 0, 0
198749, 950, 1, 0, 0
198849, 960, 1, 0, 0
198949, 1000, 1, 0, 0
199050, 1010, 1, 0, 0
199150, 980, 1, 0, 0
199249, 1020, 1, 0, 0
199349, 960, 1, 0, 0
199449, 940, 1, 0, 0
199549, 950, 1, 0, 0
199649, 910, 1, 0, 0
199749, 980, 1, 0, 0
199849, 980, 1, 0, 0
199949, 930, 1, 0, 0
200049, 960, 1, 0, 0
200149, 1000, 1, 0, 0
200249, 990, 1, 0, 0
200349, 980, 1, 0, 0
200450, 950, 1, 0, 0
200550, 960, 1, 0, 0
200650, 980, 1, 0, 0
200749, 979, 1, 0, 0
200849, 980, 1, 0, 0
200949, 1020, 1, 0, 0
201049, 950, 1, 0, 0
201149, 950, 1, 0, 0
201249, 930, 1, 0, 0
201349, 990, 1, 0, 0
201449, 1000, 1, 0, 0
201549, 1020, 1, 0, 0
201649, 960, 1, 0, 0
201750, 970, 1, 0, 0
201850, 1000, 1, 0, 0
201950, 920, 1, 0, 0
202050, 970, 1, 0, 0
202150, 970, 1, 0, 0
202249, 939, 1, 0, 0
202349, 980, 1, 0, 0
202449, 920, 1, 0, 0
202549, 910, 1, 0, 0
202649, 860, 1, 0, 0
202749, 960, 1, 0, 0
202849, 1010, 1, 0, 0
202949, 930, 1, 0, 0
203049, 990, 1, 0, 0
203150, 980, 1, 0, 0
203249, 969, 1, 0, 0
203349, 950, 1, 0, 0
203449, 990, 1, 0, 0
203549, 960, 1, 0, 0
203649, 960, 1, 0, 0
203749, 990, 1, 0, 0
203849, 990, 1, 0, 0
203949, 950, 1, 0, 0
204049, 920, 1, 0, 0
204149, 900, 1, 0, 0
204249, 1000, 1, 0, 0
204349, 950, 1, 0, 0
204449, 950, 1, 0, 0
204550, 990, 1, 0, 0
204650, 950, 1, 0, 0
204749, 969, 1, 0, 0
204849, 950, 1, 0, 0
204949, 910, 1, 0, 0
205049, 990, 1, 0, 0
205149, 960, 1, 0, 0
205249, 930, 1, 0, 0
205349, 940, 1, 0, 0
205449, 1010, 1, 0, 0
205549, 970, 1, 0, 0
205649, 990, 1, 0, 0
205749, 960, 1, 0, 0
205849, 960, 1, 0, 0
205949, 1020, 1, 0, 0
206050, 930, 1, 0, 0
206150, 980, 1, 0, 0
206249, 979, 1, 0, 0
206349, 970, 1, 0, 0
206449, 970, 1, 0, 0
206549, 960, 1, 0, 0
206649, 990, 1, 0, 0
206749, 970, 1, 0, 0
206849, 970, 1, 0, 0
206949, 970, 1, 0, 0
207049, 910, 1, 0, 0
207149, 980, 1, 0, 0
207249, 950, 1, 0, 0
207350, 970, 1, 0, 0
207450, 940, 1, 0, 0
207550, 990, 1, 0, 0
207650, 960, 1, 0, 0
207749, 929, 1, 0, 0
207849, 970, 1, 0, 0
207949, 950, 1, 0, 0
208049, 980, 1, 0, 0
208149, 940, 1, 0, 0
208249, 890, 1, 0, 0
208349, 1000, 1, 0, 0
208449, 960, 1, 0, 0
208549, 990, 1, 0, 0
208649, 970, 1, 0, 0
208750, 990, 1, 0, 0
208850, 940, 1, 0, 0
208950, 970, 1, 0, 0
209050, 960, 1, 0, 0
209150, 920, 1, 0, 0
209249, 929, 1, 0, 0
209349, 980, 1, 0, 0
209449, 960, 1, 0, 0
209549, 940, 1, 0, 0
209649, 920, 1, 0, 0
209749, 920, 1, 0, 0
209849, 890, 1, 0, 0
209949, 960, 1, 0, 0
210050, 960, 1, 0, 0
210150, 950, 1, 0, 0
210249, 949, 1, 0, 0
210349, 940, 1, 0, 0
210449, 1000, 1, 0, 0
210549, 940, 1, 0, 0
210649, 970, 1, 0, 0
210749, 920, 1, 0, 0
210849, 970, 1, 0, 0
210949, 920, 1, 0, 0
211049, 940, 1, 0, 0
211149, 960, 1, 0, 0
211249, 970, 1, 0, 0
211349, 1000, 1, 0, 0
211449, 930, 1, 0, 0
211550, 970, 1, 0, 0
211650, 930, 1, 0, 0
211749, 909, 1, 0, 0
211849, 960, 1, 0, 0
211949, 930, 1, 0, 0
212049, 930, 1, 0, 0
212149, 900, 1, 0, 0
212249, 970, 1, 0, 0
212349, 900, 1, 0, 0
212449, 950, 1, 0, 0
212549, 900, 1, 0, 0
212649, 940, 1, 0, 0
212749, 970, 1, 0, 0
212850, 980, 1, 0, 0
212950, 970, 1, 0, 0
213050, 970, 1, 0, 0
213150, 930, 1, 0, 0
213249, 939, 1, 0, 0
213349, 930, 1, 0, 0
213449, 980, 1, 0, 0
213549, 950, 1, 0, 0
213649, 950, 1, 0, 0
213749, 940, 1, 0, 0
213849, 960, 1, 0, 0
213949, 910, 1, 0, 0
214049, 920, 1, 0, 0
214149, 900, 1, 0, 0
214249, 939, 1, 0, 0
214349, 980, 1, 0, 0
214449, 940, 1, 0, 0
214549, 950, 1, 0, 0
214649, 990, 1, 0, 0
214749, 980, 1, 0, 0
214849, 950, 1, 0, 0
214949, 900, 1, 0, 0
215049, 950, 1, 0, 0
215149, 1000, 1, 0, 0
215249, 900, 1, 0, 0
215349, 920, 1, 0, 0
215449, 940, 1, 0, 0
215550, 950, 1, 0, 0
215650, 980, 1, 0, 0
215749, 959, 1, 0, 0
215849, 980, 1, 0, 0
215949, 920, 1, 0, 0
216049, 930, 1, 0, 0
216149, 950, 1, 0, 0
216249, 930, 1, 0, 0
216349, 950, 1, 0, 0
216449, 950, 1, 0, 0
216549, 950, 1, 0, 0
216649, 970, 1, 0, 0
216749, 900, 1, 0, 0
216849, 920, 1, 0, 0
216949, 940, 1, 0, 0
217050, 990, 1, 0, 0
217150, 970, 1, 0, 0
217249, 989, 1, 0, 0
217349, 970, 1, 0, 0
217449, 980, 1, 0, 0
217549, 960, 1, 0, 0
217649, 990, 1, 0, 0
217749, 1000, 1, 0, 0
217849, 970, 1, 0, 0
217949, 1020, 1, 0, 0
218049, 1010, 1, 0, 0
218149, 930, 1, 0, 0
218250, 970, 1, 0, 0
218350, 980, 1, 0, 0
218450, 960, 1, 0, 0
218550, 930, 1, 0, 0
218650, 980, 1, 0, 0
218749, 909, 1, 0, 0
218849, 970, 1, 0, 0
218949, 980, 1, 0, 0
219049, 970, 1, 0, 0
219149, 980, 1, 0, 0
219249, 950, 1, 0, 0
219349, 970, 1, 0, 0
219449, 950, 1, 0, 0
219549, 1000, 1, 0, 0
219650, 990, 1, 0, 0
219749, 989, 1, 0, 0
219849, 980, 1, 0, 0
219949, 930, 1, 0, 0
220049, 940, 1, 0, 0
220149, 850, 1, 0, 0
220249, 980, 1, 0, 0
220349, 950, 1, 0, 0
220449, 970, 1, 0, 0
220549, 960, 1, 0, 0
220649, 980, 1, 0, 0
220749, 980, 1, 0, 0
220849, 970, 1, 0, 0
220950, 980, 1, 0, 0
221050, 1000, 1, 0, 0
221150, 940, 1, 0, 0
221249, 1050, 1, 0, 0
221349, 970, 1, 0, 0
221449, 960, 1, 0, 0
221549, 970, 1, 0, 0
221649, 990, 1, 0, 0
221749, 950, 1, 0, 0
221849, 980, 1, 0, 0
221949, 960, 1, 0, 0
222049, 990, 1, 0, 0
222149, 950, 1, 0, 0
222250, 950, 1, 0, 0
222350, 960, 1, 0, 0
222450, 980, 1, 0, 0
222550, 970, 1, 0, 0
222650, 960, 1, 0, 0
222749, 939, 1, 0, 0
222849, 910, 1, 0, 0
222949, 960, 1, 0, 0
223049, 1000, 1, 0, 0
223149, 990, 1, 0, 0
223249, 1000, 1, 0, 0
223349, 980, 1, 0, 0
223449, 940, 1, 0, 0
223549, 970, 1, 0, 0
223649, 960, 1, 0, 0
223749, 959, 1, 0, 0
223849, 930, 1, 0, 0
223949, 960, 1, 0, 0
224049, 980, 1, 0, 0
224149, 980, 1, 0, 0
224249, 920, 1, 0, 0
224349, 960, 1, 0, 0
224449, 970, 1, 0, 0
224549, 930, 1, 0, 0
224649, 950, 1, 0, 0
224749, 990, 1, 0, 0
224849, 980, 1, 0, 0
224949, 970, 1, 0, 0
225050, 960, 1, 0, 0
225150, 980, 1, 0, 0
225249, 959, 1, 0, 0
225349, 930, 1, 0, 0
225449, 990, 1, 0, 0
225549, 970, 1, 0, 0
225649, 960, 1, 0, 0
225749, 960, 1, 0, 0
225849, 960, 1, 0, 0
225949, 960, 1, 0, 0
226049, 930, 1, 0, 0
226149, 950, 1, 0, 0
226249, 960, 1, 0, 0
226350, 960, 1, 0, 0
226450, 940, 1, 0, 0
226550, 990, 1, 0, 0
226650, 1010, 1, 0, 0
226749, 1020, 1, 0, 0
226849, 990, 1, 0, 0
226949, 980, 1, 0, 0
227049, 950, 1, 0, 0
227149, 960, 1, 0, 0
227249, 970, 1, 0, 0
227349, 990, 1, 0, 0
227449, 990, 1, 0, 0
227549, 990, 1, 0, 0
227649, 980, 1, 0, 0
227750, 930, 1, 0, 0
227850, 980, 1, 0, 0
227950, 970, 1, 0, 0
228050, 960, 1, 0, 0
228150, 950, 1, 0, 0
228249, 989, 1, 0, 0
228349, 920, 1, 0, 0
228449, 960, 1, 0, 0
228549, 950, 1, 0, 0
228649, 940, 1, 0, 0
228749, 970, 1, 0, 0
228849, 940, 1, 0, 0
228949, 960, 1, 0, 0
229050, 950, 1, 0, 0
229150, 930, 1, 0, 0
229249, 979, 1, 0, 0
229349, 1000, 1, 0, 0
229449, 930, 1, 0, 0
229549, 960, 1, 0, 0
229649, 940, 1, 0, 0
229749, 970, 1, 0, 0
229849, 990, 1, 0, 0
229949, 960, 1, 0, 0
230049, 950, 1, 0, 0
230149, 950, 1, 0, 0
230249, 910, 1, 0, 0
230349, 920, 1, 0, 0
230449, 940, 1, 0, 0
230550, 980, 1, 0, 0
230650, 940, 1, 0, 0
230749, 969, 1, 0, 0
230849, 980, 1, 0, 0
230949, 950, 1, 0, 0
231049, 960, 1, 0, 0
231149, 950, 1, 0, 0
231249, 970, 1, 0, 0
231349, 970, 1, 0, 0
231449, 910, 1, 0, 0
231549, 930, 1, 0, 0
231649, 940, 1, 0, 0
231750, 940, 1, 0, 0
231850, 950, 1, 0, 0
231950, 940, 1, 0, 0
232050, 960, 1, 0, 0
232150, 940, 1, 0, 0
232249, 909, 1, 0, 0
232349, 980, 1, 0, 0
232449, 940, 1, 0, 0
232549, 980, 1, 0, 0
232649, 950, 1, 0, 0
232749, 930, 1, 0, 0
232849, 900, 1, 0, 0
232949, 950, 1, 0, 0
233049, 980, 1, 0, 0
233150, 920, 1, 0, 0
233249, 909, 1, 0, 0
233349, 920, 1, 0, 0
233449, 940, 1, 0, 0
233549, 950, 1, 0, 0
233649, 900, 1, 0, 0
233749, 910, 1, 0, 0
233849, 950, 1, 0, 0
233949, 900, 1, 0, 0
234049, 1000, 1, 0, 0
234149, 960, 1, 0, 0
234249, 970, 1, 0, 0
234349, 960, 1, 0, 0
234449, 960, 1, 0, 0
234550, 910, 1, 0, 0
234650, 900, 1, 0, 0
234749, 909, 1, 0, 0
234849, 960, 1, 0, 0
234949, 980, 1, 0, 0
235049, 950, 1, 0, 0
235149, 960, 1, 0, 0
235249, 930, 1, 0, 0
235349, 970, 1, 0, 0
235449, 960, 1, 0, 0
235549, 970, 1, 0, 0
235649, 1010, 1, 0, 0
235749, 940, 1, 0, 0
235849, 970, 1, 0, 0
235949, 950, 1, 0, 0
236050, 930, 1, 0, 0
236150, 990, 1, 0, 0
236249, 1020, 1, 0, 0
236349, 1000, 1, 0, 0
236449, 950, 1, 0, 0
236549, 950, 1, 0, 0
236649, 980, 1, 0, 0
236749, 960, 1, 0, 0
236849, 1000, 1, 0, 0
236949, 960, 1, 0, 0
237049, 920, 1, 0, 0
237149, 980, 1, 0, 0
237250, 920, 1, 0, 0
237350, 980, 1, 0, 0
237450, 980, 1, 0, 0
237550, 990, 1, 0, 0
237650, 1010, 1, 0, 0
237749, 979, 1, 0, 0
237849, 980, 1, 0, 0
237949, 960, 1, 0, 0
238049, 880, 1, 0, 0
238149, 990, 1, 0, 0
238249, 980, 1, 0, 0
238349, 970, 1, 0, 0
238449, 1010, 1, 0, 0
238549, 950, 1, 0, 0
238650, 1000, 1, 0, 0
238749, 979, 1, 0, 0
238849, 980, 1, 0, 0
238949, 980, 1, 0, 0
239049, 990, 1, 0, 0
239149, 1020, 1, 0, 0
239249, 950, 1, 0, 0
239349, 1020, 1, 0, 0
239449, 950, 1, 0, 0
239549, 930, 1, 0, 0
239649, 990, 1, 0, 0
239749, 990, 1, 0, 0
239849, 960, 1, 0, 0
239949, 950, 1, 0, 0
240050, 960, 1, 0, 0
240150, 990, 1, 0, 0
240249, 989, 1, 0, 0
240349, 970, 1, 0, 0
240449, 980, 1, 0, 0
240549, 1000, 1, 0, 0
240649, 1030, 1, 0, 0
240749, 980, 1, 0, 0
240849, 980, 1, 0, 0
240949, 970, 1, 0, 0
241049, 970, 1, 0, 0
241149, 950, 1, 0, 0
241249, 940, 1, 0, 0
241350, 970, 1, 0, 0
241450, 930, 1, 0, 0
241550, 950, 1, 0, 0
241650, 960, 1, 0, 0
241749, 959, 1, 0, 0
241849, 970, 1, 0, 0
241949, 1000, 1, 0, 0
242049, 1000, 1, 0, 0
242149, 980, 1, 0, 0
242249, 940, 1, 0, 0
242349, 900, 1, 0, 0
242449, 990, 1, 0, 0
242549, 970, 1, 0, 0
242649, 970, 1, 0, 0
242750, 980, 1, 0, 0
242850, 980, 1, 0, 0
242950, 1010, 1, 0, 0
243050, 960, 1, 0, 0
243150, 960, 1, 0, 0
243249, 929, 1, 0, 0
243349, 990, 1, 0, 0
243449, 990, 1, 0, 0
243549, 950, 1, 0, 0
243649, 980, 1, 0, 0
243749, 960, 1, 0, 0
243849, 920, 1, 0, 0
243949, 930, 1, 0, 0
244050, 970, 1, 0, 0
244150, 940, 1, 0, 0
244249, 1000, 1, 0, 0
244349, 940, 1, 0, 0
244449, 940, 1, 0, 0
244549, 940, 1, 0, 0
244649, 1010, 1, 0, 0
244749, 960, 1, 0, 0
244849, 950, 1, 0, 0
244949, 930, 1, 0, 0
245049, 960, 1, 0, 0
245149, 950, 1, 0, 0
245249, 960, 1, 0, 0
245349, 960, 1, 0, 0
245450, 940, 1, 0, 0
245550, 980, 1, 0, 0
245650, 980, 1, 0, 0
245749, 939, 1, 0, 0
245849, 930, 1, 0, 0
245949, 940, 1, 0, 0
246049, 940, 1, 0, 0
246149, 960, 1, 0, 0
246249, 910, 1, 0, 0
246349, 960, 1, 0, 0
246449, 940, 1, 0, 0
246549, 980, 1, 0, 0
246649, 920, 1, 0, 0
246750, 950, 1, 0, 0
246850, 970, 1, 0, 0
246950, 950, 1, 0, 0
247050, 1000, 1, 0, 0
247150, 940, 1, 0, 0
247249, 949, 1, 0, 0
247349, 930, 1, 0, 0
247449, 940, 1, 0, 0
247549, 960, 1, 0, 0
247649, 970, 1, 0, 0
247749, 910, 1, 0, 0
247849, 980, 1, 0, 0
247949, 900, 1, 0, 0
248049, 900, 1, 0, 0
248150, 900, 1, 0, 0
248249, 969, 1, 0, 0
248349, 930, 1, 0, 0
248449, 940, 1, 0, 0
248549, 930, 1, 0, 0
248649, 970, 1, 0, 0
248749, 990, 1, 0, 0
248849, 910, 1, 0, 0
248949, 940, 1, 0, 0
249049, 940, 1, 0, 0
249149, 980, 1, 0, 0
249249, 950, 1, 0, 0
249349, 930, 1, 0, 0
249449, 960, 1, 0, 0
249550, 960, 1, 0, 0
249650, 880, 1, 0, 0
249749, 959, 1, 0, 0
249849, 950, 1, 0, 0
249949, 990, 1, 0, 0
250049, 980, 1, 0, 0
250149, 970, 1, 0, 0
250249, 900, 1, 0, 0
250349, 1000, 1, 0, 0
250449, 960, 1, 0, 0
250549, 950, 1, 0, 0
250649, 960, 1, 0, 0
250749, 940, 1, 0, 0
250850, 940, 1, 0, 0
250950, 960, 1, 0, 0
251050, 970, 1, 0, 0
251150, 980, 1, 0, 0
251249, 959, 1, 0, 0
251349, 980, 1, 0, 0
251449, 940, 1, 0, 0
251549, 920, 1, 0, 0
251649, 990, 1, 0, 0
251749, 990, 1, 0, 0
251849, 940, 1, 0, 0
251949, 990, 1, 0, 0
252049, 930, 1, 0, 0
252149, 1000, 1, 0, 0
252250, 910, 1, 0, 0
252350, 970, 1, 0, 0
252450, 980, 1, 0, 0
252550, 930, 1, 0, 0
252650, 960, 1, 0, 0
252749, 949, 1, 0, 0
252849, 970, 1, 0, 0
252949, 940, 1, 0, 0
253049, 950, 1, 0, 0
253149, 890, 1, 0, 0
253249, 970, 1, 0, 0
253349, 970, 1, 0, 0
253449, 980, 1, 0, 0
253550, 920, 1, 0, 0
253650, 970, 1, 0, 0
253749, 1000, 1, 0, 0
253849, 920, 1, 0, 0
253949, 940, 1, 0, 0
254049, 960, 1, 0, 0
254149, 960, 1, 0, 0
254249, 880, 1, 0, 0
254349, 960, 1, 0, 0
254449, 960, 1, 0, 0
254549, 950, 1, 0, 0
254649, 990, 1, 0, 0
254749, 980, 1, 0, 0
254849, 960, 1, 0, 0
254949, 990, 1, 0, 0
255050, 960, 1, 0, 0
255150, 950, 1, 0, 0
255249, 989, 1, 0, 0
255349, 950, 1, 0, 0
255449, 970, 1, 0, 0
255549, 980, 1, 0, 0
255649, 940, 1, 0, 0
255749, 950, 1, 0, 0
255849, 1000, 1, 0, 0
255949, 970, 1, 0, 0
256049, 940, 1, 0, 0
256149, 990, 1, 0, 0
256250, 930, 1, 0, 0
256350, 940, 1, 0, 0
256450, 950, 1, 0, 0
256550, 960, 1, 0, 0
256650, 970, 1, 0, 0
256749, 959, 1, 0, 0
256849, 960, 1, 0, 0
256949, 970, 1, 0, 0
257049, 980, 1, 0, 0
257149, 960, 1, 0, 0
257249, 960, 1, 0, 0
257349, 960, 1, 0, 0
257449, 970, 1, 0, 0
257549, 980, 1, 0, 0
257649, 900, 1, 0, 0
257749, 939, 1, 0, 0
257849, 960, 1, 0, 0
257949, 960, 1, 0, 0
258049, 980, 1, 0, 0
258149, 950, 1, 0, 0
258249, 980, 1, 0, 0
258349, 940, 1, 0, 0
258449, 970, 1, 0, 0
258549, 1000, 1, 0, 0
258649, 990, 1, 0, 0
258749, 990, 1, 0, 0
258849, 1020, 1, 0, 0
258949, 950, 1, 0, 0
259050, 980, 1, 0, 0
259150, 950, 1, 0, 0
259249, 929, 1, 0, 0
259349, 940, 1, 0, 0
259449, 920, 1, 0, 0
259549, 980, 1, 0, 0
259649, 920, 1, 0, 0
259749, 950, 1, 0, 0
259849, 960, 1, 0, 0
259949, 950, 1, 0, 0
260049, 940, 1, 0, 0
260149, 960, 1, 0, 0
260249, 970, 1, 0, 0
260349, 970, 1, 0, 0
260449, 980, 1, 0, 0
260550, 950, 1, 0, 0
260650, 950, 1, 0, 0
260749, 969, 1, 0, 0
260849, 980, 1, 0, 0
260949, 960, 1, 0, 0
261049, 970, 1, 0, 0
261149, 940, 1, 0, 0
261249, 960, 1, 0, 0
261349, 1000, 1, 0, 0
261449, 980, 1, 0, 0
261549, 940, 1, 0, 0
261649, 970, 1, 0, 0
261750, 1010, 1, 0, 0
261850, 980, 1, 0, 0
261950, 970, 1, 0, 0
262050, 940, 1, 0, 0
262150, 930, 1, 0, 0
262249, 919, 1, 0, 0
262349, 970, 1, 0, 0
262449, 950, 1, 0, 0
262549, 1020, 1, 0, 0
262649, 940, 1, 0, 0
262749, 940, 1, 0, 0
262849, 970, 1, 0, 0
262949, 960, 1, 0, 0
263049, 980, 1, 0, 0
263150, 940, 1, 0, 0
263249, 929, 1, 0, 0
263349, 930, 1, 0, 0
263449, 920, 1, 0, 0
263549, 940, 1, 0, 0
263649, 950, 1, 0, 0
263749, 940, 1, 0, 0
263849, 950, 1, 0, 0
263949, 930, 1, 0, 0
264049, 940, 1, 0, 0
264149, 920, 1, 0, 0
264249, 900, 1, 0, 0
264349, 930, 1, 0, 0
264449, 910, 1, 0, 0
264550, 960, 1, 0, 0
264650, 980, 1, 0, 0
264749, 939, 1, 0, 0
264849, 940, 1, 0, 0
264949, 1000, 1, 0, 0
265049, 940, 1, 0, 0
265149, 900, 1, 0, 0
265249, 980, 1, 0, 0
265349, 950, 1, 0, 0
265449, 950, 1, 0, 0
265549, 940, 1, 0, 0
265649, 900, 1, 0, 0
265750, 890, 1, 0, 0
265850, 950, 1, 0, 0
265950, 950, 1, 0, 0
266050, 970, 1, 0, 0
266150, 950, 1, 0, 0
266249, 919, 1, 0, 0
266349, 890, 1, 0, 0
266449, 970, 1, 0, 0
266549, 880, 1, 0, 0
266649, 970, 1, 0, 0
266749, 940, 1, 0, 0
266849, 910, 1, 0, 0
266949, 910, 1, 0, 0
267049, 910, 1, 0, 0
267150, 970, 1, 0, 0
267249, 959, 1, 0, 0
267349, 930, 1, 0, 0
267449, 890, 1, 0, 0
267549, 910, 1, 0, 0
267649, 910, 1, 0, 0
267749, 860, 1, 0, 0
267849, 920, 1, 0, 0
267949, 930, 1, 0, 0
268049, 930, 1, 0, 0
268149, 940, 1, 0, 0
268249, 910, 1, 0, 0
268349, 910, 1, 0, 0
268449, 920, 1, 0, 0
268550, 990, 1, 0, 0
268650, 930, 1, 0, 0
268749, 909, 1, 0, 0
268849, 930, 1, 0, 0
268949, 950, 1, 0, 0
269049, 1010, 1, 0, 0
269149, 970, 1, 0, 0
269249, 940, 1, 0, 0
269349, 940, 1, 0, 0
269449, 920, 1, 0, 0
269549, 940, 1, 0, 0
269649, 920, 1, 0, 0
269750, 920, 1, 0, 0
269850, 940, 1, 0, 0
269950, 960, 1, 0, 0
270050, 930, 1, 0, 0
270150, 980, 1, 0, 0
270249, 929, 1, 0, 0
270349, 910, 1, 0, 0
270449, 970, 1, 0, 0
270549, 930, 1, 0, 0
270649, 950, 1, 0, 0
270749, 990, 1, 0, 0
270849, 980, 1, 0, 0
270949, 940, 1, 0, 0
271049, 920, 1, 0, 0
271150, 960, 1, 0, 0
271249, 919, 1, 0, 0
271349, 960, 1, 0, 0
271449, 980, 1, 0, 0
271549, 950, 1, 0, 0
271649, 910, 1, 0, 0
271749, 980, 1, 0, 0
271849, 970, 1, 0, 0
271949, 970, 1, 0, 0
272049, 980, 1, 0, 0
272149, 980, 1, 0, 0
272249, 940, 1, 0, 0
272349, 950, 1, 0, 0
272449, 940, 1, 0, 0
272550, 970, 1, 0, 0
272650, 960, 1, 0, 0
272749, 989, 1, 0, 0
272849, 950, 1, 0, 0
272949, 940, 1, 0, 0
273049, 970, 1, 0, 0
273149, 910, 1, 0, 0
273249, 900, 1, 0, 0
273349, 950, 1, 0, 0
273449, 980, 1, 0, 0
273549, 940, 1, 0, 0
273649, 910, 1, 0, 0
273749, 960, 1, 0, 0
273849, 980, 1, 0, 0
273949, 960, 1, 0, 0
274050, 960, 1, 0, 0
274150, 950, 1, 0, 0
274249, 939, 1, 0, 0
274349, 980, 1, 0, 0
274449, 960, 1, 0, 0
274549, 910, 1, 0, 0
274649, 940, 1, 0, 0
274749, 990, 1, 0, 0
274849, 900, 1, 0, 0
274949, 920, 1, 0, 0
275049, 980, 1, 0, 0
275149, 950, 1, 0, 0
275250, 1010, 1, 0, 0
275350, 1000, 1, 0, 0
275450, 1000, 1, 0, 0
275550, 1000, 1, 0, 0
275650, 980, 1, 0, 0
275749, 979, 1, 0, 0
275849, 950, 1, 0, 0
275949, 990, 1, 0, 0
276049, 1000, 1, 0, 0
276149, 970, 1, 0, 0
276249, 970, 1, 0, 0
276349, 980, 1, 0, 0
276449, 940, 1, 0, 0
276549, 990, 1, 0, 0
276649, 980, 1, 0, 0
276749, 989, 1, 0, 0
276849, 980, 1, 0, 0
276949, 950, 1, 0, 0
277049, 920, 1, 0, 0
277149, 940, 1, 0, 0
277249, 1000, 1, 0, 0
277349, 980, 1, 0, 0
277449, 1030, 1, 0, 0
277549, 970, 1, 0, 0
277649, 1010, 1, 0, 0
277749, 950, 1, 0, 0
277849, 960, 1, 0, 0
277949, 900, 1, 0, 0
278050, 950, 1, 0, 0
278150, 990, 1, 0, 0
278249, 909, 1, 0, 0
278349, 960, 1, 0, 0
278449, 990, 1, 0, 0
278549, 950, 1, 0, 0
278649, 990, 1, 0, 0
278749, 1000, 1, 0, 0
278849, 930, 1, 0, 0
278949, 980, 1, 0, 0
279049, 920, 1, 0, 0
279149, 970, 1, 0, 0
279249, 980, 1, 0, 0
279349, 950, 1, 0, 0
279450, 970, 1, 0, 0
279550, 980, 1, 0, 0
279650, 940, 1, 0, 0
279749, 989, 1, 0, 0
279849, 960, 1, 0, 0
279949, 970, 1, 0, 0
280049, 970, 1, 0, 0
280149, 960, 1, 0, 0
280249, 980, 1, 0, 0
280349, 910, 1, 0, 0
280449, 930, 1, 0, 0
280549, 930, 1, 0, 0
280649, 960, 1, 0, 0
280750, 940, 1, 0, 0
280850, 1020, 1, 0, 0
280950, 990, 1, 0, 0
281050, 960, 1, 0, 0
281150, 930, 1, 0, 0
281249, 969, 1, 0, 0
281349, 990, 1, 0, 0
281449, 970, 1, 0, 0
281549, 950, 1, 0, 0
281649, 960, 1, 0, 0
281749, 960, 1, 0, 0
281849, 960, 1, 0, 0
281949, 950, 1, 0, 0
282049, 970, 1, 0, 0
282149, 940, 1, 0, 0
282250, 950, 1, 0, 0
282350, 990, 1, 0, 0
282450, 940, 1, 0, 0
282550, 950, 1, 0, 0
282650, 980, 1, 0, 0
282749, 969, 1, 0, 0
282849, 960, 1, 0, 0
282949, 960, 1, 0, 0
283049, 910, 1, 0, 0
283149, 970, 1, 0, 0
283249, 960, 1, 0, 0
283349, 1010, 1, 0, 0
283449, 930, 1, 0, 0
283550, 870, 1, 0, 0
283650, 930, 1, 0, 0
283749, 969, 1, 0, 0
283849, 970, 1, 0, 0
283949, 940, 1, 0, 0
284049, 940, 1, 0, 0
284149, 960, 1, 0, 0
284249, 950, 1, 0, 0
284349, 930, 1, 0, 0
284449, 930, 1, 0, 0
284549, 960, 1, 0, 0
284649, 940, 1, 0, 0
284749, 980, 1, 0, 0
284849, 1000, 1, 0, 0
284949, 980, 1, 0, 0
285050, 990, 1, 0, 0
285150, 950, 1, 0, 0
285249, 989, 1, 0, 0
285349, 990, 1, 0, 0
285449, 940, 1, 0, 0
285549, 940, 1, 0, 0
285649, 1000, 1, 0, 0
285749, 990, 1, 0, 0
285849, 980, 1, 0, 0
285949, 940, 1, 0, 0
286049, 960, 1, 0, 0
286149, 950, 1, 0, 0
286250, 940, 1, 0, 0
286350, 970, 1, 0, 0
286450, 970, 1, 0, 0
286550, 990, 1, 0, 0
286650, 990, 1, 0, 0
286749, 1030, 1, 0, 0
286849, 980, 1, 0, 0
286949, 940, 1, 0, 0
287049, 990, 1, 0, 0
287149, 970, 1, 0, 0
287249, 1030, 1, 0, 0
287349, 1010, 1, 0, 0
287449, 990, 1, 0, 0
287549, 930, 1, 0, 0
287650, 960, 1, 0, 0
287749, 969, 1, 0, 0
287849, 960, 1, 0, 0
287949, 980, 1, 0, 0
288049, 1030, 1, 0, 0
288149, 970, 1, 0, 0
288249, 970, 1, 0, 0
288349, 970, 1, 0, 0
288449, 990, 1, 0, 0
288549, 940, 1, 0, 0
288649, 990, 1, 0, 0
288749, 970, 1, 0, 0
288849, 1010, 1, 0, 0
288949, 990, 1, 0, 0
289050, 960, 1, 0, 0
289150, 900, 1, 0, 0
289249, 969, 1, 0, 0
289349, 960, 1, 0, 0
289449, 950, 1, 0, 0
289549, 1000, 1, 0, 0
289649, 950, 1, 0, 0
289749, 990, 1, 0, 0
289849, 1020, 1, 0, 0
289949, 990, 1, 0, 0
290049, 980, 1, 0, 0
290149, 1010, 1, 0, 0
290249, 930, 1, 0, 0
290349, 990, 1, 0, 0
290450, 970, 1, 0, 0
290550, 1020, 1, 0, 0
290650, 940, 1, 0, 0
290749, 959, 1, 0, 0
290849, 970, 1, 0, 0
290949, 990, 1, 0, 0
291049, 950, 1, 0, 0
291149, 990, 1, 0, 0
291249, 970, 1, 0, 0
291349, 1010, 1, 0, 0
291449, 970, 1, 0, 0
291549, 960, 1, 0, 0
291649, 960, 1, 0, 0
291749, 920, 1, 0, 0
291850, 950, 1, 0, 0
291950, 960, 1, 0, 0
292050, 1000, 1, 0, 0
292150, 960, 1, 0, 0
292249, 969, 1, 0, 0
292349, 950, 1, 0, 0
292449, 960, 1, 0, 0
292549, 950, 1, 0, 0
292649, 950, 1, 0, 0
292749, 940, 1, 0, 0
292849, 980, 1, 0, 0
292949, 960, 1, 0, 0
293049, 930, 1, 0, 0
293149, 1000, 1, 0, 0
293250, 930, 1, 0, 0
293350, 980, 1, 0, 0
293450, 980, 1, 0, 0
293550, 950, 1, 0, 0
293650, 950, 1, 0, 0
293749, 909, 1, 0, 0
293849, 1000, 1, 0, 0
293949, 910, 1, 0, 0
294049, 960, 1, 0, 0
294149, 930, 1, 0, 0
294249, 970, 1, 0, 0
294349, 950, 1, 0, 0
294449, 950, 1, 0, 0
294550, 970, 1, 0, 0
294650, 970, 1, 0, 0
294749, 959, 1, 0, 0
294849, 930, 1, 0, 0
294949, 910, 1, 0, 0
295049, 940, 1, 0, 0
295149, 970, 1, 0, 0
295249, 940, 1, 0, 0
295349, 930, 1, 0, 0
295449, 970, 1, 0, 0
295549, 910, 1, 0, 0
295649, 900, 1, 0, 0
295749, 910, 1, 0, 0
295849, 910, 1, 0, 0
295950, 1020, 1, 0, 0
296050, 960, 1, 0, 0
296150, 950, 1, 0, 0
296249, 1010, 1, 0, 0
296349, 920, 1, 0, 0
296449, 900, 1, 0, 0
296549, 960, 1, 0, 0
296649, 960, 1, 0, 0
296749, 950, 1, 0, 0
296849, 940, 1, 0, 0
296949, 920, 1, 0, 0
297049, 950, 1, 0, 0
297149, 1010, 1, 0, 0
297250, 1000, 1, 0, 0
297350, 970, 1, 0, 0
297450, 910, 1, 0, 0
297550, 990, 1, 0, 0
297650, 970, 1, 0, 0
297749, 979, 1, 0, 0
297849, 940, 1, 0, 0
297949, 950, 1, 0, 0
298049, 940, 1, 0, 0
298149, 940, 1, 0, 0
298249, 960, 1, 0, 0
298349, 900, 1, 0, 0
298449, 970, 1, 0, 0
298549, 950, 1, 0, 0
298649, 920, 1, 0, 0
298749, 939, 1, 0, 0
298849, 960, 1, 0, 0
298949, 930, 1, 0, 0
299049, 950, 1, 0, 0
299149, 960, 1, 0, 0
299249, 960, 1, 0, 0
299349, 980, 1, 0, 0
299449, 940, 1, 0, 0
299549, 950, 1, 0, 0
299649, 990, 1, 0, 0
299749, 950, 1, 0, 0
299849, 980, 1, 0, 0
299949, 990, 1, 0, 0
300049, 930, 1, 0, 0
300150, 990, 1, 0, 0
300249, 939, 1, 0, 0
300349, 930, 1, 0, 0
300449, 950, 1, 0, 0
300549, 920, 1, 0, 0
300649, 920, 1, 0, 0
300749, 970, 1, 0, 0
300849, 930, 1, 0, 0
300949, 920, 1, 0, 0
301049, 950, 1, 0, 0
301149, 950, 1, 0, 0
301249, 970, 1, 0, 0
301349, 950, 1, 0, 0
301449, 970, 1, 0, 0
301550, 980, 1, 0, 0
301650, 950, 1, 0, 0
301749, 939, 1, 0, 0
301849, 970, 1, 0, 0
301949, 950, 1, 0, 0
302049, 960, 1, 0, 0
302149, 990, 1, 0, 0
302249, 980, 1, 0, 0
302349, 980, 1, 0, 0
302449, 1020, 1, 0, 0
302549, 1000, 1, 0, 0
302649, 1010, 1, 0, 0
302750, 990, 1, 0, 0
302850, 930, 1, 0, 0
302950, 960, 1, 0, 0
303050, 960, 1, 0, 0
303150, 920, 1, 0, 0
303249, 949, 1, 0, 0
303349, 960, 1, 0, 0
303449, 990, 1, 0, 0
303549, 1010, 1, 0, 0
303649, 1000, 1, 0, 0
303749, 1010, 1, 0, 0
303849, 970, 1, 0, 0
303949, 950, 1, 0, 0
304049, 990, 1, 0, 0
304149, 920, 1, 0, 0
304249, 1000, 1, 0, 0
304349, 970, 1, 0, 0
304449, 990, 1, 0, 0
304549, 930, 1, 0, 0
304649, 950, 1, 0, 0
304749, 950, 1, 0, 0
304849, 990, 1, 0, 0
304949, 950, 1, 0, 0
305049, 980, 1, 0, 0
305149, 950, 1, 0, 0
305249, 950, 1, 0, 0
305349, 930, 1, 0, 0
305449, 990, 1, 0, 0
305550, 970, 1, 0, 0
305650, 980, 1, 0, 0
305749, 979, 1, 0, 0
305849, 980, 1, 0, 0
305949, 970, 1, 0, 0
306049, 940, 1, 0, 0
306149, 950, 1, 0, 0
306249, 940, 1, 0, 0
306349, 970, 1, 0, 0
306449, 940, 1, 0, 0
306549, 950, 1, 0, 0
306649, 970, 1, 0, 0
306749, 990, 1, 0, 0
306849, 950, 1, 0, 0
306949, 980, 1, 0, 0
307050, 990, 1, 0, 0
307150, 1040, 1, 0, 0
307249, 1000, 1, 0, 0
307349, 960, 1, 0, 0
307449, 940, 1, 0, 0
307549, 930, 1, 0, 0
307649, 1020, 1, 0, 0
307749, 960, 1, 0, 0
307849, 1000, 1, 0, 0
307949, 950, 1, 0, 0
308050, 1010, 1, 0, 0
308150, 990, 1, 0, 0
308249, 969, 1, 0, 0
308349, 1000, 1, 0, 0
308449, 970, 1, 0, 0
308549, 960, 1, 0, 0
308649, 990, 1, 0, 0
308749, 930, 1, 0, 0
308849, 960, 1, 0, 0
308949, 960, 1, 0, 0
309049, 980, 1, 0, 0
309149, 980, 1, 0, 0
309249, 950, 1, 0, 0
309349, 920, 1, 0, 0
309449, 920, 1, 0, 0
309550, 960, 1, 0, 0
309650, 1000, 1, 0, 0
309749, 959, 1, 0, 0
309849, 980, 1, 0, 0
309949, 980, 1, 0, 0
310049, 960, 1, 0, 0
310149, 970, 1, 0, 0
310249, 970, 1, 0, 0
310349, 980, 1, 0, 0
310449, 1000, 1, 0, 0
310549, 980, 1, 0, 0
310649, 1040, 1, 0, 0
310749, 1020, 1, 0, 0
310850, 1000, 1, 0, 0
310950, 1010, 1, 0, 0
311050, 970, 1, 0, 0
311150, 930, 1, 0, 0
311249, 1010, 1, 0, 0
311349, 970, 1, 0, 0
311449, 980, 1, 0, 0
311549, 970, 1, 0, 0
311649, 1000, 1, 0, 0
311749, 940, 1, 0, 0
311849, 970, 1, 0, 0
311949, 1030, 1, 0, 0
312049, 1020, 1, 0, 0
312149, 970, 1, 0, 0
312249, 979, 1, 0, 0
312349, 1040, 1, 0, 0
312449, 980, 1, 0, 0
312549, 990, 1, 0, 0
312649, 1030, 1, 0, 0
312749, 950, 1, 0, 0
312849, 980, 1, 0, 0
312949, 980, 1, 0, 0
313049, 970, 1, 0, 0
313149, 990, 1, 0, 0
313249, 970, 1, 0, 0
313349, 950, 1, 0, 0
313449, 960, 1, 0, 0
313550, 1030, 1, 0, 0
313650, 980, 1, 0, 0
313749, 959, 1, 0, 0
313849, 960, 1, 0, 0
313949, 980, 1, 0, 0
314049, 1000, 1, 0, 0
314149, 990, 1, 0, 0
314249, 960, 1, 0, 0
314349, 960, 1, 0, 0
314449, 980, 1, 0, 0
314549, 940, 1, 0, 0
314649, 970, 1, 0, 0
314749, 960, 1, 0, 0
314849, 960, 1, 0, 0
314949, 930, 1, 0, 0
315050, 940, 1, 0, 0
315150, 970, 1, 0, 0
315249, 939, 1, 0, 0
315349, 1000, 1, 0, 0
315449, 980, 1, 0, 0
315549, 950, 1, 0, 0
315649, 960, 1, 0, 0
315749, 940, 1, 0, 0
315849, 970, 1, 0, 0
315949, 960, 1, 0, 0
316049, 970, 1, 0, 0
316149, 970, 1, 0, 0
316250, 990, 1, 0, 0
316350, 960, 1, 0, 0
316450, 950, 1, 0, 0
316550, 970, 1, 0, 0
316650, 920, 1, 0, 0
316749, 949, 1, 0, 0
316849, 940, 1, 0, 0
316949, 970, 1, 0, 0
317049, 940, 1, 0, 0
317149, 920, 1, 0, 0
317249, 940, 1, 0, 0
317349, 960, 1, 0, 0
317449, 950, 1, 0, 0
317549, 950, 1, 0, 0
317649, 970, 1, 0, 0
317749, 949, 1, 0, 0
317849, 960, 1, 0, 0
317949, 960, 1, 0, 0
318049, 970, 1, 0, 0
318149, 1010, 1, 0, 0
318249, 960, 1, 0, 0
318349, 1000, 1, 0, 0
318449, 930, 1, 0, 0
318549, 960, 1, 0, 0
318649, 970, 1, 0, 0
318749, 980, 1, 0, 0
318849, 940, 1, 0, 0
318949, 920, 1, 0, 0
319050, 940, 1, 0, 0
319150, 950, 1, 0, 0
319249, 949, 1, 0, 0
319349, 940, 1, 0, 0
319449, 990, 1, 0, 0
319549, 1020, 1, 0, 0
319649, 950, 1, 0, 0
319749, 980, 1, 0, 0
319849, 980, 1, 0, 0
319949, 970, 1, 0, 0
320049, 1010, 1, 0, 0
320149, 990, 1, 0, 0
320249, 940, 1, 0, 0
320349, 960, 1, 0, 0
320449, 990, 1, 0, 0
320550, 960, 1, 0, 0
320650, 960, 1, 0, 0
320749, 949, 1, 0, 0
320849, 970, 1, 0, 0
320949, 940, 1, 0, 0
321049, 970, 1, 0, 0
321149, 990, 1, 0, 0
321249, 990, 1, 0, 0
321349, 1010, 1, 0, 0
321449, 960, 1, 0, 0
321549, 980, 1, 0, 0
321649, 960, 1, 0, 0
321749, 1010, 1, 0, 0
321850, 970, 1, 0, 0
321950, 990, 1, 0, 0
322050, 1000, 1, 0, 0
322150, 980, 1, 0, 0
322249, 1000, 1, 0, 0
322349, 1010, 1, 0, 0
322449, 1020, 1, 0, 0
322549, 980, 1, 0, 0
322649, 930, 1, 0, 0
322749, 970, 1, 0, 0
322849, 1010, 1, 0, 0
322949, 960, 1, 0, 0
323049, 950, 1, 0, 0
323149, 990, 1, 0, 0
323249, 939, 1, 0, 0
323349, 940, 1, 0, 0
323449, 970, 1, 0, 0
323549, 950, 1, 0, 0
323649, 960, 1, 0, 0
323749, 970, 1, 0, 0
323849, 1000, 1, 0, 0
323949, 990, 1, 0, 0
324049, 980, 1, 0, 0
324149, 960, 1, 0, 0
324249, 970, 1, 0, 0
324349, 980, 1, 0, 0
324449, 940, 1, 0, 0
324550, 910, 1, 0, 0
324650, 920, 1, 0, 0
324749, 989, 1, 0, 0
324849, 960, 1, 0, 0
324949, 970, 1, 0, 0
325049, 980, 1, 0, 0
325149, 990, 1, 0, 0
325249, 1010, 1, 0, 0
325349, 980, 1, 0, 0
325449, 950, 1, 0, 0
325549, 980, 1, 0, 0
325649, 990, 1, 0, 0
325749, 980, 1, 0, 0
325849, 940, 1, 0, 0
325950, 990, 1, 0, 0
326050, 1020, 1, 0, 0
326150, 950, 1, 0, 0
326249, 959, 1, 0, 0
326349, 970, 1, 0, 0
326449, 960, 1, 0, 0
326549, 980, 1, 0, 0
326649, 960, 1, 0, 0
326749, 920, 1, 0, 0
326849, 940, 1, 0, 0
326949, 960, 1, 0, 0
327049, 950, 1, 0, 0
327149, 1020, 1, 0, 0
327249, 950, 1, 0, 0
327350, 960, 1, 0, 0
327450, 950, 1, 0, 0
327550, 930, 1, 0, 0
327650, 940, 1, 0, 0
327749, 949, 1, 0, 0
327849, 1000, 1, 0, 0
327949, 930, 1, 0, 0
328049, 960, 1, 0, 0
328149, 990, 1, 0, 0
328249, 1010, 1, 0, 0
328349, 940, 1, 0, 0
328449, 1020, 1, 0, 0
328549, 1010, 1, 0, 0
328649, 980, 1, 0, 0
328750, 980, 1, 0, 0
328850, 970, 1, 0, 0
328950, 960, 1, 0, 0
329050, 1000, 1, 0, 0
329150, 970, 1, 0, 0
329249, 929, 1, 0, 0
329349, 1010, 1, 0, 0
329449, 970, 1, 0, 0
329549, 980, 1, 0, 0
329649, 980, 1, 0, 0
329749, 1010, 1, 0, 0
329849, 990, 1, 0, 0
329949, 980, 1, 0, 0
330049, 1000, 1, 0, 0
330149, 1010, 1, 0, 0
330249, 969, 1, 0, 0
330349, 960, 1, 0, 0
330449, 960, 1, 0, 0
330549, 970, 1, 0, 0
330649, 980, 1, 0, 0
330749, 1000, 1, 0, 0
330849, 960, 1, 0, 0
330949, 920, 1, 0, 0
331049, 970, 1, 0, 0
331149, 1000, 1, 0, 0
331249, 920, 1, 0, 0
331349, 940, 1, 0, 0
331449, 900, 1, 0, 0
331550, 990, 1, 0, 0
331650, 1000, 1, 0, 0
331749, 959, 1, 0, 0
331849, 980, 1, 0, 0
331949, 1010, 1, 0, 0
332049, 970, 1, 0, 0
332149, 960, 1, 0, 0
332249, 940, 1, 0, 0
332349, 1040, 1, 0, 0
332449, 980, 1, 0, 0
332549, 970, 1, 0, 0
332649, 990, 1, 0, 0
332749, 930, 1, 0, 0
332849, 990, 1, 0, 0
332950, 980, 1, 0, 0
333050, 1020, 1, 0, 0
333150, 1000, 1, 0, 0
333249, 959, 1, 0, 0
333349, 940, 1, 0, 0
333449, 1040, 1, 0, 0
333549, 910, 1, 0, 0
333649, 1030, 1, 0, 0
333749, 970, 1, 0, 0
333849, 950, 1, 0, 0
333949, 980, 1, 0, 0
334049, 1010, 1, 0, 0
334149, 960, 1, 0, 0
334250, 1000, 1, 0, 0
334350, 990, 1, 0, 0
334450, 980, 1, 0, 0
334550, 990, 1, 0, 0
334650, 990, 1, 0, 0
334749, 969, 1, 0, 0
334849, 960, 1, 0, 0
334949, 960, 1, 0, 0
335049, 940, 1, 0, 0
335149, 970, 1, 0, 0
335249, 990, 1, 0, 0
335349, 960, 1, 0, 0
335449, 990, 1, 0, 0
335549, 920, 1, 0, 0
335649, 980, 1, 0, 0
335749, 979, 1, 0, 0
335849, 1020, 1, 0, 0
335949, 940, 1, 0, 0
336049, 990, 1, 0, 0
336149, 940, 1, 0, 0
336249, 950, 1, 0, 0
336349, 1010, 1, 0, 0
336449, 980, 1, 0, 0
336549, 960, 1, 0, 0
336649, 950, 1, 0, 0
336749, 1020, 1, 0, 0
336849, 1000, 1, 0, 0
336949, 980, 1, 0, 0
337050, 950, 1, 0, 0
337150, 960, 1, 0, 0
337249, 969, 1, 0, 0
337349, 970, 1, 0, 0
337449, 970, 1, 0, 0
337549, 980, 1, 0, 0
337649, 980, 1, 0, 0
337749, 980, 1, 0, 0
337849, 960, 1, 0, 0
337949, 950, 1, 0, 0
338049, 1010, 1, 0, 0
338149, 970, 1, 0, 0
338249, 930, 1, 0, 0
338349, 970, 1, 0, 0
338449, 940, 1, 0, 0
338550, 960, 1, 0, 0
338650, 970, 1, 0, 0
338749, 979, 1, 0, 0
338849, 960, 1, 0, 0
338949, 980, 1, 0, 0
339049, 980, 1, 0, 0
339149, 980, 1, 0, 0
339249, 960, 1, 0, 0
339349, 950, 1, 0, 0
339449, 920, 1, 0, 0
339549, 950, 1, 0, 0
339649, 960, 1, 0, 0
339750, 940, 1, 0, 0
339850, 980, 1, 0, 0
339950, 980, 1, 0, 0
340050, 970, 1, 0, 0
340150, 970, 1, 0, 0
340249, 1030, 1, 0, 0
340349, 930, 1, 0, 0
340449, 950, 1, 0, 0
340549, 950, 1, 0, 0
340649, 980, 1, 0, 0
340749, 970, 1, 0, 0
340849, 940, 1, 0, 0
340949, 940, 1, 0, 0
341049, 940, 1, 0, 0
341149, 930, 1, 0, 0
341249, 929, 1, 0, 0
341349, 950, 1, 0, 0
341449, 950, 1, 0, 0
341549, 970, 1, 0, 0
341649, 980, 1, 0, 0
341749, 980, 1, 0, 0
341849, 960, 1, 0, 0
341949, 960, 1, 0, 0
342049, 920, 1, 0, 0
342149, 950, 1, 0, 0
342249, 990, 1, 0, 0
342349, 980, 1, 0, 0
342449, 930, 1, 0, 0
342550, 990, 1, 0, 0
342650, 950, 1, 0, 0
342749, 969, 1, 0, 0
342849, 990, 1, 0, 0
342949, 940, 1, 0, 0
343049, 970, 1, 0, 0
343149, 930, 1, 0, 0
343249, 950, 1, 0, 0
343349, 940, 1, 0, 0
343449, 970, 1, 0, 0
343549, 980, 1, 0, 0
343649, 980, 1, 0, 0
343749, 960, 1, 0, 0
343849, 1000, 1, 0, 0
343949, 980, 1, 0, 0
344050, 960, 1, 0, 0
344150, 960, 1, 0, 0
344249, 898, 1, 0, 0
344349, 930, 1, 0, 0
344449, 960, 1, 0, 0
344549, 910, 1, 0, 0
344649, 960, 1, 0, 0
344749, 940, 1, 0, 0
344849, 960, 1, 0, 0
344949, 990, 1, 0, 0
345049, 940, 1, 0, 0
345149, 980, 1, 0, 0
345249, 940, 1, 0, 0
345350, 980, 1, 0, 0
345450, 930, 1, 0, 0
345550, 910, 1, 0, 0
345650, 910, 1, 0, 0
345749, 939, 1, 0, 0
345849, 930, 1, 0, 0
345949, 900, 1, 0, 0
346049, 950, 1, 0, 0
346149, 900, 1, 0, 0
346249, 920, 1, 0, 0
346349, 940, 1, 0, 0
346449, 960, 1, 0, 0
346549, 950, 1, 0, 0
346649, 960, 1, 0, 0
346750, 920, 1, 0, 0
346850, 900, 1, 0, 0
346950, 930, 1, 0, 0
347050, 1010, 1, 0, 0
347150, 930, 1, 0, 0
347249, 959, 1, 0, 0
347349, 950, 1, 0, 0
347449, 890, 1, 0, 0
347549, 940, 1, 0, 0
347649, 960, 1, 0, 0
347749, 920, 1, 0, 0
347849, 940, 1, 0, 0
347949, 910, 1, 0, 0
348050, 950, 1, 0, 0
348150, 950, 1, 0, 0
348249, 939, 1, 0, 0
348349, 940, 1, 0, 0
348449, 900, 1, 0, 0
348549, 930, 1, 0, 0
348649, 920, 1, 0, 0
348749, 900, 1, 0, 0
348849, 900, 1, 0, 0
348949, 1000, 1, 0, 0
349049, 960, 1, 0, 0
349149, 940, 1, 0, 0
349249, 950, 1, 0, 0
349349, 910, 1, 0, 0
349449, 930, 1, 0, 0
349550, 900, 1, 0, 0
349650, 940, 1, 0, 0
349749, 909, 1, 0, 0
349849, 920, 1, 0, 0
349949, 930, 1, 0, 0
350049, 910, 1, 0, 0
350149, 950, 1, 0, 0
350249, 960, 1, 0, 0
350349, 940, 1, 0, 0
350449, 900, 1, 0, 0
350549, 910, 1, 0, 0
350649, 920, 1, 0, 0
350750, 910, 1, 0, 0
350850, 940, 1, 0, 0
350950, 920, 1, 0, 0
351050, 940, 1, 0, 0
351150, 880, 1, 0, 0
351249, 909, 1, 0, 0
351349, 950, 1, 0, 0
351449, 950, 1, 0, 0
351549, 960, 1, 0, 0
351649, 940, 1, 0, 0
351749, 930, 1, 0, 0
351849, 910, 1, 0, 0
351949, 970, 1, 0, 0
352050, 950, 1, 0, 0
352150, 930, 1, 0, 0
352249, 949, 1, 0, 0
352349, 900, 1, 0, 0
352449, 950, 1, 0, 0
352549, 970, 1, 0, 0
352649, 900, 1, 0, 0
352749, 920, 1, 0, 0
352849, 920, 1, 0, 0
352949, 880, 1, 0, 0
353049, 950, 1, 0, 0
353149, 960, 1, 0, 0
353249, 960, 1, 0, 0
353349, 960, 1, 0, 0
353449, 940, 1, 0, 0
353550, 1000, 1, 0, 0
353650, 960, 1, 0, 0
353749, 969, 1, 0, 0
353849, 980, 1, 0, 0
353949, 950, 1, 0, 0
354049, 990, 1, 0, 0
354149, 950, 1, 0, 0
354249, 970, 1, 0, 0
354349, 990, 1, 0, 0
354449, 890, 1, 0, 0
354549, 920, 1, 0, 0
354649, 990, 1, 0, 0
354749, 980, 1, 0, 0
354850, 970, 1, 0, 0
354950, 940, 1, 0, 0
355050, 990, 1, 0, 0
355150, 980, 1, 0, 0
355249, 949, 1, 0, 0
355349, 980, 1, 0, 0
355449, 940, 1, 0, 0
355549, 930, 1, 0, 0
355649, 940, 1, 0, 0
355749, 930, 1, 0, 0
355849, 940, 1, 0, 0
355949, 940, 1, 0, 0
356049, 940, 1, 0, 0
356149, 930, 1, 0, 0
356250, 920, 1, 0, 0
356350, 960, 1, 0, 0
356450, 950, 1, 0, 0
356550, 950, 1, 0, 0
356650, 990, 1, 0, 0
356749, 989, 1, 0, 0
356849, 940, 1, 0, 0
356949, 910, 1, 0, 0
357049, 940, 1, 0, 0
357149, 940, 1, 0, 0
357249, 980, 1, 0, 0
357349, 970, 1, 0, 0
357449, 920, 1, 0, 0
357550, 980, 1, 0, 0
357650, 920, 1, 0, 0
357749, 1000, 1, 0, 0
357849, 980, 1, 0, 0
357949, 940, 1, 0, 0
358049, 930, 1, 0, 0
358149, 990, 1, 0, 0
358249, 910, 1, 0, 0
358349, 950, 1, 0, 0
358449, 910, 1, 0, 0
358549, 930, 1, 0, 0
358649, 950, 1, 0, 0
358749, 950, 1, 0, 0
358849, 930, 1, 0, 0
358949, 940, 1, 0, 0
359050, 900, 1, 0, 0
359150, 890, 1, 0, 0
359249, 868, 1, 0, 0
359349, 930, 1, 0, 0
359449, 890, 1, 0, 0
359549, 950, 1, 0, 0
359649, 940, 1, 0, 0
359749, 960, 1, 0, 0
359849, 900, 1, 0, 0
359949, 970, 1, 0, 0
360049, 940, 1, 0, 0
360149, 960, 1, 0, 0
360250, 910, 1, 0, 0
360350, 960, 1, 0, 0
360450, 950, 1, 0, 0
360550, 910, 1, 0, 0
360650, 940, 1, 0, 0
360749, 1010, 1, 0, 0
360849, 970, 1, 0, 0
360949, 960, 1, 0, 0
361049, 910, 1, 0, 0
361149, 940, 1, 0, 0
361249, 940, 1, 0, 0
361349, 870, 1, 0, 0
361449, 960, 1, 0, 0
361549, 940, 1, 0, 0
361650, 950, 1, 0, 0
361749, 919, 1, 0, 0
361849, 900, 1, 0, 0
361949, 950, 1, 0, 0
362049, 930, 1, 0, 0
362149, 960, 1, 0, 0
362249, 940, 1, 0, 0
362349, 970, 1, 0, 0
362449, 990, 1, 0, 0
362549, 970, 1, 0, 0
362649, 940, 1, 0, 0
362749, 940, 1, 0, 0
362849, 980, 1, 0, 0
362949, 950, 1, 0, 0
363050, 960, 1, 0, 0
363150, 990, 1, 0, 0
363249, 1010, 1, 0, 0
363349, 990, 1, 0, 0
363449, 1000, 1, 0, 0
363549, 990, 1, 0, 0
363649, 960, 1, 0, 0
363749, 1010, 1, 0, 0
363849, 980, 1, 0, 0
363949, 960, 1, 0, 0
364049, 980, 1, 0, 0
364149, 930, 1, 0, 0
364249, 980, 1, 0, 0
364349, 1010, 1, 0, 0
364450, 970, 1, 0, 0
364550, 990, 1, 0, 0
364650, 960, 1, 0, 0
364749, 949, 1, 0, 0
364849, 980, 1, 0, 0
364949, 960, 1, 0, 0
365049, 950, 1, 0, 0
365149, 1000, 1, 0, 0
365249, 960, 1, 0, 0
365349, 960, 1, 0, 0
365449, 940, 1, 0, 0
365549, 970, 1, 0, 0
365649, 960, 1, 0, 0
365750, 970, 1, 0, 0
365850, 950, 1, 0, 0
365950, 1010, 1, 0, 0
366050, 960, 1, 0, 0
366150, 990, 1, 0, 0
366249, 949, 1, 0, 0
366349, 970, 1, 0, 0
366449, 970, 1, 0, 0
366549, 970, 1, 0, 0
366649, 910, 1, 0, 0
366749, 950, 1, 0, 0
366849, 950, 1, 0, 0
366949, 980, 1, 0, 0
367050, 960, 1, 0, 0
367150, 990, 1, 0, 0
367249, 1010, 1, 0, 0
367349, 960, 1, 0, 0
367449, 990, 1, 0, 0
367549, 970, 1, 0, 0
367649, 940, 1, 0, 0
367749, 980, 1, 0, 0
367849, 1000, 1, 0, 0
367949, 980, 1, 0, 0
368049, 980, 1, 0, 0
368149, 990, 1, 0, 0
368249, 980, 1, 0, 0
368349, 990, 1, 0, 0
368450, 990, 1, 0, 0
368550, 1000, 1, 0, 0
368650, 1010, 1, 0, 0
368749, 969, 1, 0, 0
368849, 980, 1, 0, 0
368949, 980, 1, 0, 0
369049, 980, 1, 0, 0
369149, 980, 1, 0, 0
369249, 940, 1, 0, 0
369349, 970, 1, 0, 0
369449, 950, 1, 0, 0
369549, 980, 1, 0, 0
369649, 980, 1, 0, 0
369750, 1000, 1, 0, 0
369850, 980, 1, 0, 0
369950, 950, 1, 0, 0
370050, 930, 1, 0, 0
370150, 920, 1, 0, 0
370249, 949, 1, 0, 0
370349, 920, 1, 0, 0
370449, 920, 1, 0, 0
370549, 950, 1, 0, 0
370649, 930, 1, 0, 0
370749, 970, 1, 0, 0
370849, 920, 1, 0, 0
370949, 910, 1, 0, 0
371049, 980, 1, 0, 0
371149, 950, 1, 0, 0
371249, 939, 1, 0, 0
371349, 970, 1, 0, 0
371449, 970, 1, 0, 0
371549, 960, 1, 0, 0
371649, 910, 1, 0, 0
371749, 950, 1, 0, 0
371849, 940, 1, 0, 0
371949, 930, 1, 0, 0
372049, 920, 1, 0, 0
372149, 960, 1, 0, 0
372249, 950, 1, 0, 0
372349, 960, 1, 0, 0
372449, 920, 1, 0, 0
372550, 940, 1, 0, 0
372650, 920, 1, 0, 0
372749, 919, 1, 0, 0
372849, 960, 1, 0, 0
372949, 930, 1, 0, 0
373049, 990, 1, 0, 0
373149, 990, 1, 0, 0
373249, 970, 1, 0, 0
373349, 930, 1, 0, 0
373449, 930, 1, 0, 0
373549, 960, 1, 0, 0
373649, 930, 1, 0, 0
373749, 940, 1, 0, 0
373849, 980, 1, 0, 0
373950, 930, 1, 0, 0
374050, 970, 1, 0, 0
374150, 960, 1, 0, 0
374249, 949, 1, 0, 0
374349, 950, 1, 0, 0
374449, 930, 1, 0, 0
374549, 970, 1, 0, 0
374649, 950, 1, 0, 0
374749, 960, 1, 0, 0
374849, 920, 1, 0, 0
374949, 930, 1, 0, 0
375049, 950, 1, 0, 0
375149, 930, 1, 0, 0
375250, 940, 1, 0, 0
375350, 950, 1, 0, 0
375450, 920, 1, 0, 0
375550, 960, 1, 0, 0
375650, 960, 1, 0, 0
375749, 949, 1, 0, 0
375849, 950, 1, 0, 0
375949, 930, 1, 0, 0
376049, 960, 1, 0, 0
376149, 970, 1, 0, 0
376249, 960, 1, 0, 0
376349, 910, 1, 0, 0
376449, 980, 1, 0, 0
376550, 960, 1, 0, 0
376650, 930, 1, 0, 0
376749, 969, 1, 0, 0
376849, 940, 1, 0, 0
376949, 960, 1, 0, 0
377049, 940, 1, 0, 0
377149, 940, 1, 0, 0
377249, 930, 1, 0, 0
377349, 940, 1, 0, 0
377449, 960, 1, 0, 0
377549, 960, 1, 0, 0
377649, 960, 1, 0, 0
377749, 930, 1, 0, 0
377849, 920, 1, 0, 0
377949, 970, 1, 0, 0
378050, 950, 1, 0, 0
378150, 930, 1, 0, 0
378249, 939, 1, 0, 0
378349, 940, 1, 0, 0
378449, 960, 1, 0, 0
378549, 920, 1, 0, 0
378649, 950, 1, 0, 0
378749, 990, 1, 0, 0
378849, 960, 1, 0, 0
378949, 930, 1, 0, 0
379049, 990, 1, 0, 0
379149, 1010, 1, 0, 0
379250, 940, 1, 0, 0
379350, 950, 1, 0, 0
379450, 980, 1, 0, 0
379550, 980, 1, 0, 0
379650, 980, 1, 0, 0
379749, 959, 1, 0, 0
379849, 990, 1, 0, 0
379949, 960, 1, 0, 0
380049, 960, 1, 0, 0
380149, 950, 1, 0, 0
380249, 950, 1, 0, 0
380349, 930, 1, 0, 0
380449, 980, 1, 0, 0
380549, 940, 1, 0, 0
380649, 1010, 1, 0, 0
380749, 979, 1, 0, 0
380849, 1010, 1, 0, 0
380949, 950, 1, 0, 0
381049, 960, 1, 0, 0
381149, 950, 1, 0, 0
381249, 950, 1, 0, 0
381349, 970, 1, 0, 0
381449, 990, 1, 0, 0
381549, 940, 1, 0, 0
381649, 990, 1, 0, 0
381749, 980, 1, 0, 0
381849, 1050, 1, 0, 0
381949, 1010, 1, 0, 0
382050, 960, 1, 0, 0
382150, 990, 1, 0, 0
382249, 929, 1, 0, 0
382349, 980, 1, 0, 0
382449, 930, 1, 0, 0
382549, 900, 1, 0, 0
382649, 980, 1, 0, 0
382749, 990, 1, 0, 0
382849, 970, 1, 0, 0
382949, 950, 1, 0, 0
383049, 990, 1, 0, 0
383149, 950, 1, 0, 0
383249, 960, 1, 0, 0
383349, 940, 1, 0, 0
383449, 990, 1, 0, 0
383550, 1000, 1, 0, 0
383650, 1010, 1, 0, 0
383749, 989, 1, 0, 0
383849, 960, 1, 0, 0
383949, 990, 1, 0, 0
384049, 970, 1, 0, 0
384149, 990, 1, 0, 0
384249, 970, 1, 0, 0
384349, 1000, 1, 0, 0
384449, 980, 1, 0, 0
384549, 970, 1, 0, 0
384649, 950, 1, 0, 0
384750, 960, 1, 0, 0
384850, 1000, 1, 0, 0
384950, 940, 1, 0, 0
385050, 1010, 1, 0, 0
385150, 960, 1, 0, 0
385249, 979, 1, 0, 0
385349, 960, 1, 0, 0
385449, 920, 1, 0, 0
385549, 950, 1, 0, 0
385649, 970, 1, 0, 0
385749, 990, 1, 0, 0
385849, 940, 1, 0, 0
385949, 930, 1, 0, 0
386049, 950, 1, 0, 0
386149, 960, 1, 0, 0
386249, 959, 1, 0, 0
386349, 930, 1, 0, 0
386449, 980, 1, 0, 0
386549, 920, 1, 0, 0
386649, 990, 1, 0, 0
386749, 930, 1, 0, 0
386849, 940, 1, 0, 0
386949, 930, 1, 0, 0
387049, 1010, 1, 0, 0
387149, 950, 1, 0, 0
387249, 960, 1, 0, 0
387349, 940, 1, 0, 0
387449, 970, 1, 0, 0
387550, 970, 1, 0, 0
387650, 970, 1, 0, 0
387749, 939, 1, 0, 0
387849, 990, 1, 0, 0
387949, 970, 1, 0, 0
388049, 990, 1, 0, 0
388149, 990, 1, 0, 0
388249, 930, 1, 0, 0
388349, 920, 1, 0, 0
388449, 930, 1, 0, 0
388549, 930, 1, 0, 0
388649, 970, 1, 0, 0
388749, 930, 1, 0, 0
388849, 980, 1, 0, 0
388949, 930, 1, 0, 0
389050, 990, 1, 0, 0
389150, 1000, 1, 0, 0
389249, 959, 1, 0, 0
389349, 980, 1, 0, 0
389449, 1000, 1, 0, 0
389549, 1030, 1, 0, 0
389649, 980, 1, 0, 0
389749, 980, 1, 0, 0
389849, 950, 1, 0, 0
389949, 1010, 1, 0, 0
390049, 960, 1, 0, 0
390149, 930, 1, 0, 0
390249, 960, 1, 0, 0
390350, 940, 1, 0, 0
390450, 960, 1, 0, 0
390550, 940, 1, 0, 0
390650, 970, 1, 0, 0
390749, 979, 1, 0, 0
390849, 950, 1, 0, 0
390949, 960, 1, 0, 0
391049, 950, 1, 0, 0
391149, 980, 1, 0, 0
391249, 980, 1, 0, 0
391349, 1010, 1, 0, 0
391449, 950, 1, 0, 0
391549, 930, 1, 0, 0
391649, 970, 1, 0, 0
391749, 969, 1, 0, 0
391849, 960, 1, 0, 0
391949, 930, 1, 0, 0
392049, 910, 1, 0, 0
392149, 950, 1, 0, 0
392249, 950, 1, 0, 0
392349, 940, 1, 0, 0
392449, 960, 1, 0, 0
392549, 960, 1, 0, 0
392649, 970, 1, 0, 0
392749, 920, 1, 0, 0
392849, 940, 1, 0, 0
392949, 950, 1, 0, 0
393050, 980, 1, 0, 0
393150, 940, 1, 0, 0
393249, 969, 1, 0, 0
393349, 970, 1, 0, 0
393449, 920, 1, 0, 0
393549, 960, 1, 0, 0
393649, 930, 1, 0, 0
393749, 980, 1, 0, 0
393849, 960, 1, 0, 0
393949, 910, 1, 0, 0
394049, 980, 1, 0, 0
394149, 960, 1, 0, 0
394249, 980, 1, 0, 0
394349, 1000, 1, 0, 0
394449, 950, 1, 0, 0
394550, 960, 1, 0, 0
394650, 950, 1, 0, 0
394749, 939, 1, 0, 0
394849, 970, 1, 0, 0
394949, 960, 1, 0, 0
395049, 950, 1, 0, 0
395149, 970, 1, 0, 0
395249, 930, 1, 0, 0
395349, 950, 1, 0, 0
395449, 960, 1, 0, 0
395549, 910, 1, 0, 0
395649, 960, 1, 0, 0
395749, 980, 1, 0, 0
395850, 930, 1, 0, 0
395950, 910, 1, 0, 0
396050, 890, 1, 0, 0
396150, 880, 1, 0, 0
396249, 929, 1, 0, 0
396349, 970, 1, 0, 0
396449, 950, 1, 0, 0
396549, 930, 1, 0, 0
396649, 960, 1, 0, 0
396749, 900, 1, 0, 0
396849, 940, 1, 0, 0
396949, 1020, 1, 0, 0
397049, 910, 1, 0, 0
397149, 930, 1, 0, 0
397249, 949, 1, 0, 0
397349, 940, 1, 0, 0
397449, 940, 1, 0, 0
397549, 950, 1, 0, 0
397649, 930, 1, 0, 0
397749, 920, 1, 0, 0
397849, 940, 1, 0, 0
397949, 930, 1, 0, 0
398049, 1000, 1, 0, 0
398149, 940, 1, 0, 0
398249, 950, 1, 0, 0
398349, 950, 1, 0, 0
398449, 980, 1, 0, 0
398550, 900, 1, 0, 0
398650, 970, 1, 0, 0
398749, 909, 1, 0, 0
398849, 950, 1, 0, 0
398949, 940, 1, 0, 0
399049, 950, 1, 0, 0
399149, 930, 1, 0, 0
399249, 930, 1, 0, 0
399349, 950, 1, 0, 0
399449, 960, 1, 0, 0
399549, 970, 1, 0, 0
399649, 950, 1, 0, 0
399749, 910, 1, 0, 0
399849, 930, 1, 0, 0
399950, 930, 1, 0, 0
400050, 930, 1, 0, 0
400150, 960, 1, 0, 0
400249, 979, 1, 0, 0
400349, 950, 1, 0, 0
400449, 930, 1, 0, 0
400549, 950, 1, 0, 0
400649, 900, 1, 0, 0
400749, 960, 1, 0, 0
400849, 920, 1, 0, 0
400949, 920, 1, 0, 0
401049, 990, 1, 0, 0
401149, 1000, 1, 0, 0
401250, 980, 1, 0, 0
401350, 970, 1, 0, 0
401450, 950, 1, 0, 0
401550, 980, 1, 0, 0
401650, 950, 1, 0, 0
401749, 979, 1, 0, 0
401849, 960, 1, 0, 0
401949, 970, 1, 0, 0
402049, 970, 1, 0, 0
402149, 990, 1, 0, 0
402249, 970, 1, 0, 0
402349, 980, 1, 0, 0
402449, 950, 1, 0, 0
402549, 950, 1, 0, 0
402649, 960, 1, 0, 0
402749, 969, 1, 0, 0
402849, 980, 1, 0, 0
402949, 940, 1, 0, 0
403049, 980, 1, 0, 0
403149, 960, 1, 0, 0
403249, 1010, 1, 0, 0
403349, 980, 1, 0, 0
403449, 870, 1, 0, 0
403549, 960, 1, 0, 0
403649, 970, 1, 0, 0
403749, 990, 1, 0, 0
403849, 970, 1, 0, 0
403949, 990, 1, 0, 0
404050, 950, 1, 0, 0
404150, 970, 1, 0, 0
404249, 949, 1, 0, 0
404349, 940, 1, 0, 0
404449, 930, 1, 0, 0
404549, 960, 1, 0, 0
404649, 950, 1, 0, 0
404749, 970, 1, 0, 0
404849, 1010, 1, 0, 0
404949, 940, 1, 0, 0
405049, 950, 1, 0, 0
405149, 980, 1, 0, 0
405249, 1000, 1, 0, 0
405349, 920, 1, 0, 0
405449, 960, 1, 0, 0
405550, 950, 1, 0, 0
405650, 920, 1, 0, 0
405749, 959, 1, 0, 0
405849, 920, 1, 0, 0
405949, 910, 1, 0, 0
406049, 960, 1, 0, 0
406149, 940, 1, 0, 0
406249, 960, 1, 0, 0
406349, 990, 1, 0, 0
406449, 920, 1, 0, 0
406549, 980, 1, 0, 0
406649, 930, 1, 0, 0
406750, 960, 1, 0, 0
406850, 890, 1, 0, 0
406950, 940, 1, 0, 0
407050, 930, 1, 0, 0
407150, 930, 1, 0, 0
407249, 959, 1, 0, 0
407349, 940, 1, 0, 0
407449, 980, 1, 0, 0
407549, 980, 1, 0, 0
407649, 910, 1, 0, 0
407749, 930, 1, 0, 0
407849, 900, 1, 0, 0
407949, 930, 1, 0, 0
408050, 960, 1, 0, 0
408150, 940, 1, 0, 0
408249, 939, 1, 0, 0
408349, 940, 1, 0, 0
408449, 940, 1, 0, 0
408549, 930, 1, 0, 0
408649, 930, 1, 0, 0
408749, 980, 1, 0, 0
408849, 920, 1, 0, 0
408949, 940, 1, 0, 0
409049, 930, 1, 0, 0
409149, 950, 1, 0, 0
409249, 990, 1, 0, 0
409349, 920, 1, 0, 0
409449, 950, 1, 0, 0
409550, 970, 1, 0, 0
409650, 880, 1, 0, 0
409749, 949, 1, 0, 0
409849, 920, 1, 0, 0
409949, 940, 1, 0, 0
410049, 930, 1, 0, 0
410149, 950, 1, 0, 0
410249, 940, 1, 0, 0
410349, 940, 1, 0, 0
410449, 960, 1, 0, 0
410549, 910, 1, 0, 0
410649, 910, 1, 0, 0
410750, 930, 1, 0, 0
410850, 980, 1, 0, 0
410950, 980, 1, 0, 0
411050, 890, 1, 0, 0
411150, 940, 1, 0, 0
411249, 959, 1, 0, 0
411349, 910, 1, 0, 0
411449, 930, 1, 0, 0
411549, 930, 1, 0, 0
411649, 950, 1, 0, 0
411749, 940, 1, 0, 0
411849, 960, 1, 0, 0
411949, 920, 1, 0, 0
412050, 920, 1, 0, 0
412150, 970, 1, 0, 0
412249, 979, 1, 0, 0
412349, 940, 1, 0, 0
412449, 960, 1, 0, 0
412549, 950, 1, 0, 0
412649, 950, 1, 0, 0
412749, 950, 1, 0, 0
412849, 930, 1, 0, 0
412949, 910, 1, 0, 0
413049, 950, 1, 0, 0
413149, 930, 1, 0, 0
413249, 940, 1, 0, 0
413349, 950, 1, 0, 0
413449, 950, 1, 0, 0
413550, 950, 1, 0, 0
413650, 980, 1, 0, 0
413749, 1000, 1, 0, 0
413849, 960, 1, 0, 0
413949, 930, 1, 0, 0
414049, 910, 1, 0, 0
414149, 940, 1, 0, 0
414249, 950, 1, 0, 0
414349, 890, 1, 0, 0
414449, 920, 1, 0, 0
414549, 940, 1, 0, 0
414649, 990, 1, 0, 0
414749, 970, 1, 0, 0
414849, 1000, 1, 0, 0
414950, 970, 1, 0, 0
415050, 980, 1, 0, 0
415150, 940, 1, 0, 0
415249, 969, 1, 0, 0
415349, 1000, 1, 0, 0
415449, 960, 1, 0, 0
415549, 1020, 1, 0, 0
415649, 1020, 1, 0, 0
415749, 980, 1, 0, 0
415849, 940, 1, 0, 0
415949, 1020, 1, 0, 0
416049, 980, 1, 0, 0
416149, 950, 1, 0, 0
416249, 949, 1, 0, 0
416349, 980, 1, 0, 0
416449, 960, 1, 0, 0
416549, 980, 1, 0, 0
416649, 980, 1, 0, 0
416749, 920, 1, 0, 0
416849, 980, 1, 0, 0
416949, 980, 1, 0, 0
417049, 930, 1, 0, 0
417149, 960, 1, 0, 0
417249, 950, 1, 0, 0
417349, 970, 1, 0, 0
417449, 980, 1, 0, 0
417550, 990, 1, 0, 0
417650, 960, 1, 0, 0
417749, 919, 1, 0, 0
417849, 950, 1, 0, 0
417949, 940, 1, 0, 0
418049, 1010, 1, 0, 0
418149, 970, 1, 0, 0
418249, 960, 1, 0, 0
418349, 1020, 1, 0, 0
418449, 920, 1, 0, 0
418549, 1000, 1, 0, 0
418649, 960, 1, 0, 0
418749, 980, 1, 0, 0
418849, 990, 1, 0, 0
418949, 920, 1, 0, 0
419050, 960, 1, 0, 0
419150, 1010, 1, 0, 0
419249, 1000, 1, 0, 0
419349, 950, 1, 0, 0
419449, 920, 1, 0, 0
419549, 920, 1, 0, 0
419649, 1000, 1, 0, 0
419749, 1000, 1, 0, 0
419849, 950, 1, 0, 0
419949, 980, 1, 0, 0
420049, 1000, 1, 0, 0
420149, 940, 1, 0, 0
420250, 980, 1, 0, 0
420350, 980, 1, 0, 0
420450, 960, 1, 0, 0
420550, 960, 1, 0, 0
420650, 960, 1, 0, 0
420749, 969, 1, 0, 0
420849, 970, 1, 0, 0
420949, 1030, 1, 0, 0
421049, 960, 1, 0, 0
421149, 980, 1, 0, 0
421249, 990, 1, 0, 0
421349, 960, 1, 0, 0
421449, 930, 1, 0, 0
421549, 980, 1, 0, 0
421650, 970, 1, 0, 0
421749, 1000, 1, 0, 0
421849, 990, 1, 0, 0
421949, 960, 1, 0, 0
422049, 960, 1, 0, 0
422149, 1030, 1, 0, 0
422249, 960, 1, 0, 0
422349, 950, 1, 0, 0
422449, 1020, 1, 0, 0
422549, 950, 1, 0, 0
422649, 970, 1, 0, 0
422749, 890, 1, 0, 0
422849, 970, 1, 0, 0
422949, 930, 1, 0, 0
423050, 900, 1, 0, 0
423150, 930, 1, 0, 0
423249, 969, 1, 0, 0
423349, 970, 1, 0, 0
423449, 980, 1, 0, 0
423549, 950, 1, 0, 0
423649, 930, 1, 0, 0
423749, 970, 1, 0, 0
423849, 1020, 1, 0, 0
423949, 930, 1, 0, 0
424049, 950, 1, 0, 0
424149, 970, 1, 0, 0
424249, 1000, 1, 0, 0
424349, 950, 1, 0, 0
424449, 940, 1, 0, 0
424550, 1000, 1, 0, 0
424650, 930, 1, 0, 0
424749, 989, 1, 0, 0
424849, 950, 1, 0, 0
424949, 970, 1, 0, 0
425049, 1000, 1, 0, 0
425149, 980, 1, 0, 0
425249, 970, 1, 0, 0
425349, 950, 1, 0, 0
425449, 960, 1, 0, 0
425549, 970, 1, 0, 0
425649, 960, 1, 0, 0
425749, 1000, 1, 0, 0
425850, 950, 1, 0, 0
425950, 1010, 1, 0, 0
426050, 940, 1, 0, 0
426150, 1000, 1, 0, 0
426249, 939, 1, 0, 0
426349, 940, 1, 0, 0
426449, 920, 1, 0, 0
426549, 990, 1, 0, 0
426649, 910, 1, 0, 0
426749, 1030, 1, 0, 0
426849, 970, 1, 0, 0
426949, 960, 1, 0, 0
427049, 960, 1, 0, 0
427149, 940, 1, 0, 0
427249, 959, 1, 0, 0
427349, 980, 1, 0, 0
427449, 970, 1, 0, 0
427549, 990, 1, 0, 0
427649, 970, 1, 0, 0
427749, 990, 1, 0, 0
427849, 960, 1, 0, 0
427949, 980, 1, 0, 0
428049, 1000, 1, 0, 0
428149, 940, 1, 0, 0
428249, 960, 1, 0, 0
428349, 970, 1, 0, 0
428449, 980, 1, 0, 0
428550, 940, 1, 0, 0
428650, 960, 1, 0, 0
428749, 959, 1, 0, 0
428849, 960, 1, 0, 0
428949, 960, 1, 0, 0
429049, 990, 1, 0, 0
429149, 990, 1, 0, 0
429249, 980, 1, 0, 0
429349, 960, 1, 0, 0
429449, 920, 1, 0, 0
429549, 940, 1, 0, 0
429649, 1010, 1, 0, 0
429749, 970, 1, 0, 0
429850, 900, 1, 0, 0
429950, 1010, 1, 0, 0
430050, 950, 1, 0, 0
430150, 1000, 1, 0, 0
430249, 1000, 1, 0, 0
430349, 950, 1, 0, 0
430449, 950, 1, 0, 0
430549, 950, 1, 0, 0
430649, 980, 1, 0, 0
430749, 940, 1, 0, 0
430849, 950, 1, 0, 0
430949, 950, 1, 0, 0
431049, 950, 1, 0, 0
431149, 970, 1, 0, 0
431249, 1000, 1, 0, 0
431349, 950, 1, 0, 0
431449, 970, 1, 0, 0
431549, 970, 1, 0, 0
431649, 1020, 1, 0, 0
431749, 950, 1, 0, 0
431849, 970, 1, 0, 0
431949, 990, 1, 0, 0
432049, 960, 1, 0, 0
432149, 980, 1, 0, 0
432249, 910, 1, 0, 0
432349, 940, 1, 0, 0
432449, 940, 1, 0, 0
432550, 930, 1, 0, 0
432650, 930, 1, 0, 0
432749, 929, 1, 0, 0
432849, 910, 1, 0, 0
432949, 950, 1, 0, 0
433049, 950, 1, 0, 0
433149, 890, 1, 0, 0
433249, 900, 1, 0, 0
433349, 940, 1, 0, 0
433449, 960, 1, 0, 0
433549, 950, 1, 0, 0
433649, 960, 1, 0, 0
433749, 930, 1, 0, 0
433850, 970, 1, 0, 0
433950, 960, 1, 0, 0
434050, 940, 1, 0, 0
434150, 930, 1, 0, 0
434249, 929, 1, 0, 0
434349, 940, 1, 0, 0
434449, 940, 1, 0, 0
434549, 940, 1, 0, 0
434649, 970, 1, 0, 0
434749, 930, 1, 0, 0
434849, 980, 1, 0, 0
434949, 960, 1, 0, 0
435049, 920, 1, 0, 0
435149, 910, 1, 0, 0
435249, 939, 1, 0, 0
435349, 960, 1, 0, 0
435449, 940, 1, 0, 0
435549, 910, 1, 0, 0
435649, 970, 1, 0, 0
435749, 880, 1, 0, 0
435849, 940, 1, 0, 0
435949, 980, 1, 0, 0
436049, 940, 1, 0, 0
436149, 940, 1, 0, 0
436249, 880, 1, 0, 0
436349, 910, 1, 0, 0
436449, 920, 1, 0, 0
436550, 940, 1, 0, 0
436650, 780, 1, 0, 0
436749, 939, 1, 0, 0
436849, 960, 1, 0, 0
436949, 920, 1, 0, 0
437049, 970, 1, 0, 0
437149, 960, 1, 0, 0
437249, 980, 1, 0, 0
437349, 990, 1, 0, 0
437449, 950, 1, 0, 0
437549, 950, 1, 0, 0
437649, 940, 1, 0, 0
437749, 930, 1, 0, 0
437850, 900, 1, 0, 0
437950, 950, 1, 0, 0
438050, 970, 1, 0, 0
438150, 920, 1, 0, 0
438249, 969, 1, 0, 0
438349, 990, 1, 0, 0
438449, 950, 1, 0, 0
438549, 940, 1, 0, 0
438649, 920, 1, 0, 0
438749, 960, 1, 0, 0
438849, 920, 1, 0, 0
438949, 960, 1, 0, 0
439049, 960, 1, 0, 0
439149, 960, 1, 0, 0
439249, 979, 1, 0, 0
439349, 980, 1, 0, 0
439449, 920, 1, 0, 0
439549, 980, 1, 0, 0
439649, 980, 1, 0, 0
439749, 930, 1, 0, 0
439849, 980, 1, 0, 0
439949, 990, 1, 0, 0
440049, 970, 1, 0, 0
440149, 920, 1, 0, 0
440249, 950, 1, 0, 0
440349, 950, 1, 0, 0
440449, 930, 1, 0, 0
440550, 990, 1, 0, 0
440650, 970, 1, 0, 0
440749, 969, 1, 0, 0
440849, 960, 1, 0, 0
440949, 970, 1, 0, 0
441049, 930, 1, 0, 0
441149, 930, 1, 0, 0
441249, 960, 1, 0, 0
441349, 930, 1, 0, 0
441449, 950, 1, 0, 0
441549, 970, 1, 0, 0
441649, 930, 1, 0, 0
441749, 940, 1, 0, 0
441849, 980, 1, 0, 0
441949, 950, 1, 0, 0
442050, 950, 1, 0, 0
442150, 960, 1, 0, 0
442249, 909, 1, 0, 0
442349, 960, 1, 0, 0
442449, 1030, 1, 0, 0
442549, 970, 1, 0, 0
442649, 970, 1, 0, 0
442749, 960, 1, 0, 0
442849, 960, 1, 0, 0
442949, 990, 1, 0, 0
443049, 1000, 1, 0, 0
443149, 960, 1, 0, 0
443249, 980, 1, 0, 0
443350, 980, 1, 0, 0
443450, 950, 1, 0, 0
443550, 970, 1, 0, 0
443650, 980, 1, 0, 0
443749, 989, 1, 0, 0
443849, 960, 1, 0, 0
443949, 970, 1, 0, 0
444049, 1000, 1, 0, 0
444149, 940, 1, 0, 0
444249, 950, 1, 0, 0
444349, 980, 1, 0, 0
444449, 990, 1, 0, 0
444549, 960, 1, 0, 0
444649, 970, 1, 0, 0
444749, 909, 1, 0, 0
444849, 950, 1, 0, 0
444949, 950, 1, 0, 0
445049, 970, 1, 0, 0
445149, 960, 1, 0, 0
445249, 990, 1, 0, 0
445349, 950, 1, 0, 0
445449, 940, 1, 0, 0
445549, 940, 1, 0, 0
445649, 970, 1, 0, 0
445749, 950, 1, 0, 0
445849, 940, 1, 0, 0
445949, 990, 1, 0, 0
446049, 940, 1, 0, 0
446150, 950, 1, 0, 0
446249, 929, 1, 0, 0
446349, 940, 1, 0, 0
446449, 950, 1, 0, 0
446549, 1000, 1, 0, 0
446649, 930, 1, 0, 0
446749, 940, 1, 0, 0
446849, 980, 1, 0, 0
446949, 980, 1, 0, 0
447049, 940, 1, 0, 0
447149, 950, 1, 0, 0
447249, 980, 1, 0, 0
447349, 960, 1, 0, 0
447449, 910, 1, 0, 0
447550, 990, 1, 0, 0
447650, 970, 1, 0, 0
447749, 939, 1, 0, 0
447849, 890, 1, 0, 0
447949, 870, 1, 0, 0
448049, 970, 1, 0, 0
448149, 910, 1, 0, 0
448249, 930, 1, 0, 0
448349, 950, 1, 0, 0
448449, 940, 1, 0, 0
448549, 930, 1, 0, 0
448649, 920, 1, 0, 0
448749, 940, 1, 0, 0
448850, 950, 1, 0, 0
448950, 960, 1, 0, 0
449050, 920, 1, 0, 0
449150, 920, 1, 0, 0
449249, 909, 1, 0, 0
449349, 920, 1, 0, 0
449449, 980, 1, 0, 0
449549, 990, 1, 0, 0
449649, 940, 1, 0, 0
449749, 940, 1, 0, 0
449849, 930, 1, 0, 0
449949, 950, 1, 0, 0
450049, 950, 1, 0, 0
450149, 970, 1, 0, 0
450249, 969, 1, 0, 0
450349, 950, 1, 0, 0
450449, 940, 1, 0, 0
450549, 940, 1, 0, 0
450649, 990, 1, 0, 0
450749, 960, 1, 0, 0
450849, 950, 1, 0, 0
450949, 950, 1, 0, 0
451049, 940, 1, 0, 0
451149, 930, 1, 0, 0
451249, 960, 1, 0, 0
451349, 940, 1, 0, 0
451449, 940, 1, 0, 0
451550, 930, 1, 0, 0
451650, 950, 1, 0, 0
451749, 949, 1, 0, 0
451849, 930, 1, 0, 0
451949, 990, 1, 0, 0
452049, 920, 1, 0, 0
452149, 950, 1, 0, 0
452249, 890, 1, 0, 0
452349, 900, 1, 0, 0
452449, 930, 1, 0, 0
452549, 930, 1, 0, 0
452649, 960, 1, 0, 0
452750, 940, 1, 0, 0
452850, 960, 1, 0, 0
452950, 970, 1, 0, 0
453050, 940, 1, 0, 0
453150, 900, 1, 0, 0
453249, 959, 1, 0, 0
453349, 970, 1, 0, 0
453449, 900, 1, 0, 0
453549, 960, 1, 0, 0
453649, 910, 1, 0, 0
453749, 930, 1, 0, 0
453849, 960, 1, 0, 0
453949, 940, 1, 0, 0
454049, 1000, 1, 0, 0
454150, 960, 1, 0, 0
454249, 959, 1, 0, 0
454349, 960, 1, 0, 0
454449, 960, 1, 0, 0
454549, 920, 1, 0, 0
454649, 940, 1, 0, 0
454749, 920, 1, 0, 0
454849, 940, 1, 0, 0
454949, 970, 1, 0, 0
455049, 960, 1, 0, 0
455149, 990, 1, 0, 0
455249, 990, 1, 0, 0
455349, 930, 1, 0, 0
455449, 930, 1, 0, 0
455550, 920, 1, 0, 0
455650, 970, 1, 0, 0
455749, 979, 1, 0, 0
455849, 930, 1, 0, 0
455949, 1010, 1, 0, 0
456049, 990, 1, 0, 0
456149, 930, 1, 0, 0
456249, 990, 1, 0, 0
456349, 910, 1, 0, 0
456449, 970, 1, 0, 0
456549, 970, 1, 0, 0
456649, 950, 1, 0, 0
456749, 980, 1, 0, 0
456850, 960, 1, 0, 0
456950, 1010, 1, 0, 0
457050, 990, 1, 0, 0
457150, 1000, 1, 0, 0
457249, 1000, 1, 0, 0
457349, 960, 1, 0, 0
457449, 930, 1, 0, 0
457549, 980, 1, 0, 0
457649, 960, 1, 0, 0
457749, 980, 1, 0, 0
457849, 950, 1, 0, 0
457949, 950, 1, 0, 0
458049, 1010, 1, 0, 0
458150, 1010, 1, 0, 0
458249, 959, 1, 0, 0
458349, 990, 1, 0, 0
458449, 960, 1, 0, 0
458549, 990, 1, 0, 0
458649, 950, 1, 0, 0
458749, 980, 1, 0, 0
458849, 970, 1, 0, 0
458949, 970, 1, 0, 0
459049, 990, 1, 0, 0
459149, 990, 1, 0, 0
459249, 1010, 1, 0, 0
459349, 980, 1, 0, 0
459449, 1000, 1, 0, 0
459550, 910, 1, 0, 0
459650, 1010, 1, 0, 0
459749, 989, 1, 0, 0
459849, 950, 1, 0, 0
459949, 980, 1, 0, 0
460049, 1010, 1, 0, 0
460149, 990, 1, 0, 0
460249, 970, 1, 0, 0
460349, 1000, 1, 0, 0
460449, 940, 1, 0, 0
460549, 990, 1, 0, 0
460649, 920, 1, 0, 0
460749, 960, 1, 0, 0
460850, 930, 1, 0, 0
460950, 980, 1, 0, 0
461050, 1020, 1, 0, 0
461150, 980, 1, 0, 0
461249, 969, 1, 0, 0
461349, 940, 1, 0, 0
461449, 950, 1, 0, 0
461549, 1010, 1, 0, 0
461649, 980, 1, 0, 0
461749, 990, 1, 0, 0
461849, 1000, 1, 0, 0
461949, 980, 1, 0, 0
462049, 990, 1, 0, 0
462149, 920, 1, 0, 0
462249, 959, 1, 0, 0
462349, 980, 1, 0, 0
462449, 970, 1, 0, 0
462549, 960, 1, 0, 0
462649, 1020, 1, 0, 0
462749, 980, 1, 0, 0
462849, 950, 1, 0, 0
462949, 980, 1, 0, 0
463049, 990, 1, 0, 0
463149, 930, 1, 0, 0
463249, 970, 1, 0, 0
463349, 950, 1, 0, 0
463449, 960, 1, 0, 0
463549, 970, 1, 0, 0
463650, 940, 1, 0, 0
463749, 969, 1, 0, 0
463849, 960, 1, 0, 0
463949, 1000, 1, 0, 0
464049, 990, 1, 0, 0
464149, 890, 1, 0, 0
464249, 910, 1, 0, 0
464349, 920, 1, 0, 0
464449, 920, 1, 0, 0
464549, 910, 1, 0, 0
464649, 950, 1, 0, 0
464749, 910, 1, 0, 0
464849, 930, 1, 0, 0
464949, 990, 1, 0, 0
465050, 930, 1, 0, 0
465150, 920, 1, 0, 0
465249, 979, 1, 0, 0
465349, 1000, 1, 0, 0
465449, 970, 1, 0, 0
465549, 1040, 1, 0, 0
465649, 970, 1, 0, 0
465749, 990, 1, 0, 0
465849, 960, 1, 0, 0
465949, 970, 1, 0, 0
466049, 980, 1, 0, 0
466149, 950, 1, 0, 0
466250, 980, 1, 0, 0
466350, 940, 1, 0, 0
466450, 960, 1, 0, 0
466550, 950, 1, 0, 0
466650, 990, 1, 0, 0
466749, 929, 1, 0, 0
466849, 1030, 1, 0, 0
466949, 970, 1, 0, 0
467049, 970, 1, 0, 0
467149, 960, 1, 0, 0
467249, 990, 1, 0, 0
467349, 980, 1, 0, 0
467449, 1000, 1, 0, 0
467549, 960, 1, 0, 0
467650, 950, 1, 0, 0
467749, 979, 1, 0, 0
467849, 1000, 1, 0, 0
467949, 980, 1, 0, 0
468049, 970, 1, 0, 0
468149, 950, 1, 0, 0
468249, 970, 1, 0, 0
468349, 980, 1, 0, 0
468449, 1000, 1, 0, 0
468549, 1000, 1, 0, 0
468649, 970, 1, 0, 0
468749, 1000, 1, 0, 0
468849, 930, 1, 0, 0
468949, 990, 1, 0, 0
469050, 970, 1, 0, 0
469150, 990, 1, 0, 0
469249, 1000, 1, 0, 0
469349, 920, 1, 0, 0
469449, 980, 1, 0, 0
469549, 1020, 1, 0, 0
469649, 980, 1, 0, 0
469749, 990, 1, 0, 0
469849, 980, 1, 0, 0
469949, 1030, 1, 0, 0
470049, 1010, 1, 0, 0
470149, 970, 1, 0, 0
470249, 980, 1, 0, 0
470350, 1000, 1, 0, 0
470450, 960, 1, 0, 0
470550, 980, 1, 0, 0
470650, 980, 1, 0, 0
470749, 969, 1, 0, 0
470849, 970, 1, 0, 0
470949, 970, 1, 0, 0
471049, 960, 1, 0, 0
471149, 950, 1, 0, 0
471249, 950, 1, 0, 0
471349, 990, 1, 0, 0
471449, 950, 1, 0, 0
471549, 960, 1, 0, 0
471649, 960, 1, 0, 0
471750, 980, 1, 0, 0
471850, 1000, 1, 0, 0
471950, 970, 1, 0, 0
472050, 950, 1, 0, 0
472150, 990, 1, 0, 0
472249, 959, 1, 0, 0
472349, 920, 1, 0, 0
472449, 960, 1, 0, 0
472549, 980, 1, 0, 0
472649, 1010, 1, 0, 0
472749, 990, 1, 0, 0
472849, 970, 1, 0, 0
472949, 960, 1, 0, 0
473049, 930, 1, 0, 0
473150, 970, 1, 0, 0
473249, 919, 1, 0, 0
473349, 940, 1, 0, 0
473449, 990, 1, 0, 0
473549, 950, 1, 0, 0
473649, 950, 1, 0, 0
473749, 1010, 1, 0, 0
473849, 920, 1, 0, 0
473949, 950, 1, 0, 0
474049, 950, 1, 0, 0
474149, 940, 1, 0, 0
474249, 940, 1, 0, 0
474349, 950, 1, 0, 0
474449, 940, 1, 0, 0
474550, 940, 1, 0, 0
474650, 950, 1, 0, 0
474749, 979, 1, 0, 0
474849, 980, 1, 0, 0
474949, 950, 1, 0, 0
475049, 900, 1, 0, 0
475149, 940, 1, 0, 0
475249, 980, 1, 0, 0
475349, 950, 1, 0, 0
475449, 940, 1, 0, 0
475549, 980, 1, 0, 0
475649, 970, 1, 0, 0
475750, 970, 1, 0, 0
475850, 930, 1, 0, 0
475950, 960, 1, 0, 0
476050, 950, 1, 0, 0
476150, 930, 1, 0, 0
476249, 959, 1, 0, 0
476349, 970, 1, 0, 0
476449, 960, 1, 0, 0
476549, 890, 1, 0, 0
476649, 870, 1, 0, 0
476749, 960, 1, 0, 0
476849, 960, 1, 0, 0
476949, 1000, 1, 0, 0
477050, 930, 1, 0, 0
477150, 980, 1, 0, 0
477249, 979, 1, 0, 0
477349, 920, 1, 0, 0
477449, 920, 1, 0, 0
477549, 970, 1, 0, 0
477649, 970, 1, 0, 0
477749, 990, 1, 0, 0
477849, 970, 1, 0, 0
477949, 990, 1, 0, 0
478049, 930, 1, 0, 0
478149, 970, 1, 0, 0
478249, 940, 1, 0, 0
478349, 980, 1, 0, 0
478449, 960, 1, 0, 0
478550, 990, 1, 0, 0
478650, 940, 1, 0, 0
478749, 939, 1, 0, 0
478849, 920, 1, 0, 0
478949, 940, 1, 0, 0
479049, 950, 1, 0, 0
479149, 960, 1, 0, 0
479249, 970, 1, 0, 0
479349, 940, 1, 0, 0
479449, 950, 1, 0, 0
479549, 910, 1, 0, 0
479649, 970, 1, 0, 0
479750, 970, 1, 0, 0
479850, 950, 1, 0, 0
479950, 910, 1, 0, 0
480050, 930, 1, 0, 0
480150, 910, 1, 0, 0
480249, 929, 1, 0, 0
480349, 970, 1, 0, 0
480449, 920, 1, 0, 0
480549, 950, 1, 0, 0
480649, 990, 1, 0, 0
480749, 960, 1, 0, 0
480849, 980, 1, 0, 0
480949, 970, 1, 0, 0
481050, 970, 1, 0, 0
481150, 970, 1, 0, 0
481249, 949, 1, 0, 0
481349, 870, 1, 0, 0
481449, 950, 1, 0, 0
481549, 940, 1, 0, 0
481649, 950, 1, 0, 0
481749, 960, 1, 0, 0
481849, 950, 1, 0, 0
481949, 930, 1, 0, 0
482049, 960, 1, 0, 0
482149, 970, 1, 0, 0
482249, 1020, 1, 0, 0
482349, 920, 1, 0, 0
482449, 960, 1, 0, 0
482550, 900, 1, 0, 0
482650, 920, 1, 0, 0
482749, 959, 1, 0, 0
482849, 950, 1, 0, 0
482949, 950, 1, 0, 0
483049, 970, 1, 0, 0
483149, 940, 1, 0, 0
483249, 950, 1, 0, 0
483349, 920, 1, 0, 0
483449, 980, 1, 0, 0
483549, 960, 1, 0, 0
483649, 940, 1, 0, 0
483749, 970, 1, 0, 0
483850, 1000, 1, 0, 0
483950, 930, 1, 0, 0
484050, 1010, 1, 0, 0
484150, 940, 1, 0, 0
484249, 949, 1, 0, 0
484349, 980, 1, 0, 0
484449, 950, 1, 0, 0
484549, 950, 1, 0, 0
484649, 920, 1, 0, 0
484749, 950, 1, 0, 0
484849, 960, 1, 0, 0
484949, 1000, 1, 0, 0
485049, 980, 1, 0, 0
485149, 970, 1, 0, 0
485249, 969, 1, 0, 0
485349, 930, 1, 0, 0
485449, 960, 1, 0, 0
485549, 950, 1, 0, 0
485649, 960, 1, 0, 0
485749, 940, 1, 0, 0
485849, 970, 1, 0, 0
485949, 940, 1, 0, 0
486049, 1000, 1, 0, 0
486149, 970, 1, 0, 0
486249, 990, 1, 0, 0
486349, 940, 1, 0, 0
486449, 950, 1, 0, 0
486550, 950, 1, 0, 0
486650, 980, 1, 0, 0
486749, 939, 1, 0, 0
486849, 980, 1, 0, 0
486949, 970, 1, 0, 0
487049, 920, 1, 0, 0
487149, 970, 1, 0, 0
487249, 960, 1, 0, 0
487349, 930, 1, 0, 0
487449, 990, 1, 0, 0
487549, 970, 1, 0, 0
487649, 940, 1, 0, 0
487749, 1010, 1, 0, 0
487849, 960, 1, 0, 0
487949, 930, 1, 0, 0
488050, 950, 1, 0, 0
488150, 960, 1, 0, 0
488249, 969, 1, 0, 0
488349, 900, 1, 0, 0
488449, 970, 1, 0, 0
488549, 940, 1, 0, 0
488649, 970, 1, 0, 0
488749, 940, 1, 0, 0
488849, 920, 1, 0, 0
488949, 970, 1, 0, 0
489049, 950, 1, 0, 0
489149, 910, 1, 0, 0
489250, 920, 1, 0, 0
489350, 960, 1, 0, 0
489450, 960, 1, 0, 0
489550, 960, 1, 0, 0
489650, 1000, 1, 0, 0
489749, 989, 1, 0, 0
489849, 960, 1, 0, 0
489949, 970, 1, 0, 0
490049, 950, 1, 0, 0
490149, 950, 1, 0, 0
490249, 960, 1, 0, 0
490349, 940, 1, 0, 0
490449, 980, 1, 0, 0
490549, 1000, 1, 0, 0
490649, 950, 1, 0, 0
490749, 949, 1, 0, 0
490849, 950, 1, 0, 0
490949, 880, 1, 0, 0
491049, 940, 1, 0, 0
491149, 990, 1, 0, 0
491249, 930, 1, 0, 0
491349, 1010, 1, 0, 0
491449, 940, 1, 0, 0
491549, 970, 1, 0, 0
491649, 940, 1, 0, 0
491749, 970, 1, 0, 0
491849, 920, 1, 0, 0
491949, 960, 1, 0, 0
492049, 1010, 1, 0, 0
492150, 940, 1, 0, 0
492249, 959, 1, 0, 0
492349, 950, 1, 0, 0
492449, 1000, 1, 0, 0
492549, 930, 1, 0, 0
492649, 970, 1, 0, 0
492749, 910, 1, 0, 0
492849, 990, 1, 0, 0
492949, 930, 1, 0, 0
493049, 890, 1, 0, 0
493149, 940, 1, 0, 0
493249, 960, 1, 0, 0
493349, 990, 1, 0, 0
493449, 940, 1, 0, 0
493550, 960, 1, 0, 0
493650, 950, 1, 0, 0
493749, 939, 1, 0, 0
493849, 960, 1, 0, 0
493949, 920, 1, 0, 0
494049, 950, 1, 0, 0
494149, 990, 1, 0, 0
494249, 990, 1, 0, 0
494349, 890, 1, 0, 0
494449, 970, 1, 0, 0
494549, 920, 1, 0, 0
494649, 990, 1, 0, 0
494749, 990, 1, 0, 0
494849, 970, 1, 0, 0
494950, 920, 1, 0, 0
495050, 930, 1, 0, 0
495150, 920, 1, 0, 0
495249, 939, 1, 0, 0
495349, 990, 1, 0, 0
495449, 960, 1, 0, 0
495549, 900, 1, 0, 0
495649, 960, 1, 0, 0
495749, 940, 1, 0, 0
495849, 950, 1, 0, 0
495949, 940, 1, 0, 0
496049, 930, 1, 0, 0
496149, 930, 1, 0, 0
496250, 920, 1, 0, 0
496350, 980, 1, 0, 0
496450, 910, 1, 0, 0
496550, 940, 1, 0, 0
496650, 950, 1, 0, 0
496749, 979, 1, 0, 0
496849, 930, 1, 0, 0
496949, 970, 1, 0, 0
497049, 950, 1, 0, 0
497149, 960, 1, 0, 0
497249, 910, 1, 0, 0
497349, 920, 1, 0, 0
497449, 980, 1, 0, 0
497550, 920, 1, 0, 0
497650, 930, 1, 0, 0
497749, 989, 1, 0, 0
497849, 960, 1, 0, 0
497949, 1010, 1, 0, 0
498049, 970, 1, 0, 0
498149, 960, 1, 0, 0
498249, 940, 1, 0, 0
498349, 950, 1, 0, 0
498449, 930, 1, 0, 0
498549, 960, 1, 0, 0
498649, 950, 1, 0, 0
498749, 940, 1, 0, 0
498849, 920, 1, 0, 0
498950, 950, 1, 0, 0
499050, 950, 1, 0, 0
499150, 980, 1, 0, 0
499249, 959, 1, 0, 0
499349, 960, 1, 0, 0
499449, 930, 1, 0, 0
499549, 990, 1, 0, 0
499649, 990, 1, 0, 0
499749, 980, 1, 0, 0
499849, 980, 1, 0, 0
499949, 980, 1, 0, 0
500049, 940, 1, 0, 0
500149, 960, 1, 0, 0
500249, 909, 1, 0, 0
500349, 970, 1, 0, 0
500449, 950, 1, 0, 0
500549, 950, 1, 0, 0
500649, 960, 1, 0, 0
500749, 920, 1, 0, 0
500849, 960, 1, 0, 0
500949, 920, 1, 0, 0
501049, 970, 1, 0, 0
501149, 990, 1, 0, 0
501249, 1000, 1, 0, 0
501349, 990, 1, 0, 0
501449, 950, 1, 0, 0
501550, 1000, 1, 0, 0
501650, 960, 1, 0, 0
501749, 979, 1, 0, 0
501849, 950, 1, 0, 0
501949, 970, 1, 0, 0
502049, 960, 1, 0, 0
502149, 960, 1, 0, 0
502249, 960, 1, 0, 0
502349, 1020, 1, 0, 0
502449, 980, 1, 0, 0
502549, 1010, 1, 0, 0
502649, 990, 1, 0, 0
502749, 940, 1, 0, 0
502849, 980, 1, 0, 0
502949, 1020, 1, 0, 0
503050, 950, 1, 0, 0
503150, 1020, 1, 0, 0
503249, 969, 1, 0, 0
503349, 960, 1, 0, 0
503449, 970, 1, 0, 0
503549, 960, 1, 0, 0
503649, 980, 1, 0, 0
503749, 940, 1, 0, 0
503849, 920, 1, 0, 0
503949, 960, 1, 0, 0
504049, 970, 1, 0, 0
504149, 960, 1, 0, 0
504250, 960, 1, 0, 0
504350, 950, 1, 0, 0
504450, 990, 1, 0, 0
504550, 970, 1, 0, 0
504650, 970, 1, 0, 0
504749, 949, 1, 0, 0
504849, 960, 1, 0, 0
504949, 950, 1, 0, 0
505049, 970, 1, 0, 0
505149, 960, 1, 0, 0
505249, 960, 1, 0, 0
505349, 990, 1, 0, 0
505449, 1000, 1, 0, 0
505549, 960, 1, 0, 0
505649, 1010, 1, 0, 0
505749, 929, 1, 0, 0
505849, 960, 1, 0, 0
505949, 930, 1, 0, 0
506049, 1000, 1, 0, 0
506149, 960, 1, 0, 0
506249, 970, 1, 0, 0
506349, 970, 1, 0, 0
506449, 980, 1, 0, 0
506549, 1000, 1, 0, 0
506649, 970, 1, 0, 0
506749, 990, 1, 0, 0
506849, 950, 1, 0, 0
506949, 970, 1, 0, 0
507049, 940, 1, 0, 0
507150, 910, 1, 0, 0
507249, 979, 1, 0, 0
507349, 980, 1, 0, 0
507449, 970, 1, 0, 0
507549, 910, 1, 0, 0
507649, 990, 1, 0, 0
507749, 940, 1, 0, 0
507849, 950, 1, 0, 0
507949, 970, 1, 0, 0
508049, 1000, 1, 0, 0
508149, 960, 1, 0, 0
508249, 970, 1, 0, 0
508349, 1000, 1, 0, 0
508449, 930, 1, 0, 0
508550, 940, 1, 0, 0
508650, 980, 1, 0, 0
508749, 979, 1, 0, 0
508849, 980, 1, 0, 0
508949, 930, 1, 0, 0
509049, 990, 1, 0, 0
509149, 980, 1, 0, 0
509249, 920, 1, 0, 0
509349, 940, 1, 0, 0
509449, 960, 1, 0, 0
509549, 970, 1, 0, 0
509649, 980, 1, 0, 0
509749, 980, 1, 0, 0
509849, 970, 1, 0, 0
509950, 950, 1, 0, 0
510050, 990, 1, 0, 0
510150, 1010, 1, 0, 0
510249, 1000, 1, 0, 0
510349, 930, 1, 0, 0
510449, 990, 1, 0, 0
510549, 1010, 1, 0, 0
510649, 970, 1, 0, 0
510749, 940, 1, 0, 0
510849, 970, 1, 0, 0
510949, 1050, 1, 0, 0
511049, 990, 1, 0, 0
511149, 960, 1, 0, 0
511249, 939, 1, 0, 0
511349, 970, 1, 0, 0
511449, 990, 1, 0, 0
511549, 980, 1, 0, 0
511649, 970, 1, 0, 0
511749, 990, 1, 0, 0
511849, 990, 1, 0, 0
511949, 950, 1, 0, 0
512049, 1010, 1, 0, 0
512149, 980, 1, 0, 0
512249, 960, 1, 0, 0
512349, 990, 1, 0, 0
512449, 980, 1, 0, 0
512550, 1000, 1, 0, 0
512650, 1000, 1, 0, 0
512749, 959, 1, 0, 0
512849, 970, 1, 0, 0
512949, 920, 1, 0, 0
513049, 990, 1, 0, 0
513149, 1010, 1, 0, 0
513249, 960, 1, 0, 0
513349, 940, 1, 0, 0
513449, 980, 1, 0, 0
513549, 1000, 1, 0, 0
513649, 980, 1, 0, 0
513749, 990, 1, 0, 0
513849, 990, 1, 0, 0
513949, 970, 1, 0, 0
514050, 990, 1, 0, 0
514150, 970, 1, 0, 0
514249, 959, 1, 0, 0
514349, 1030, 1, 0, 0
514449, 1010, 1, 0, 0
514549, 1000, 1, 0, 0
514649, 970, 1, 0, 0
514749, 940, 1, 0, 0
514849, 1020, 1, 0, 0
514949, 970, 1, 0, 0
515049, 930, 1, 0, 0
515149, 1000, 1, 0, 0
515250, 990, 1, 0, 0
515350, 1020, 1, 0, 0
515450, 990, 1, 0, 0
515550, 920, 1, 0, 0
515650, 940, 1, 0, 0
515749, 969, 1, 0, 0
515849, 990, 1, 0, 0
515949, 960, 1, 0, 0
516049, 960, 1, 0, 0
516149, 930, 1, 0, 0
516249, 1000, 1, 0, 0
516349, 1020, 1, 0, 0
516449, 960, 1, 0, 0
516550, 980, 1, 0, 0
516650, 980, 1, 0, 0
516749, 939, 1, 0, 0
516849, 960, 1, 0, 0
516949, 940, 1, 0, 0
517049, 960, 1, 0, 0
517149, 970, 1, 0, 0
517249, 990, 1, 0, 0
517349, 1000, 1, 0, 0
517449, 960, 1, 0, 0
517549, 900, 1, 0, 0
517649, 910, 1, 0, 0
517749, 930, 1, 0, 0
517849, 970, 1, 0, 0
517950, 1000, 1, 0, 0
518050, 970, 1, 0, 0
518150, 1010, 1, 0, 0
518249, 969, 1, 0, 0
518349, 970, 1, 0, 0
518449, 970, 1, 0, 0
518549, 1000, 1, 0, 0
518649, 940, 1, 0, 0
518749, 1000, 1, 0, 0
518849, 940, 1, 0, 0
518949, 990, 1, 0, 0
519049, 950, 1, 0, 0
519149, 850, 1, 0, 0
519250, 970, 1, 0, 0
519350, 960, 1, 0, 0
519450, 940, 1, 0, 0
519550, 970, 1, 0, 0
519650, 960, 1, 0, 0
519749, 949, 1, 0, 0
519849, 950, 1, 0, 0
519949, 1010, 1, 0, 0
520049, 980, 1, 0, 0
520149, 930, 1, 0, 0
520249, 940, 1, 0, 0
520349, 990, 1, 0, 0
520449, 990, 1, 0, 0
520549, 940, 1, 0, 0
520649, 950, 1, 0, 0
520749, 929, 1, 0, 0
520849, 1000, 1, 0, 0
520949, 980, 1, 0, 0
521049, 1000, 1, 0, 0
521149, 960, 1, 0, 0
521249, 960, 1, 0, 0
521349, 970, 1, 0, 0
521449, 940, 1, 0, 0
521549, 950, 1, 0, 0
521649, 950, 1, 0, 0
521749, 930, 1, 0, 0
521849, 920, 1, 0, 0
521949, 970, 1, 0, 0
522050, 980, 1, 0, 0
522150, 960, 1, 0, 0
522249, 959, 1, 0, 0
522349, 980, 1, 0, 0
522449, 930, 1, 0, 0
522549, 970, 1, 0, 0
522649, 980, 1, 0, 0
522749, 930, 1, 0, 0
522849, 940, 1, 0, 0
522949, 970, 1, 0, 0
523049, 950, 1, 0, 0
523149, 980, 1, 0, 0
523249, 980, 1, 0, 0
523350, 970, 1, 0, 0
523450, 980, 1, 0, 0
523550, 940, 1, 0, 0
523650, 1020, 1, 0, 0
523749, 969, 1, 0, 0
523849, 1000, 1, 0, 0
523949, 980, 1, 0, 0
524049, 1000, 1, 0, 0
524149, 940, 1, 0, 0
524249, 960, 1, 0, 0
524349, 980, 1, 0, 0
524449, 1010, 1, 0, 0
524549, 980, 1, 0, 0
524649, 990, 1, 0, 0
524749, 979, 1, 0, 0
524849, 980, 1, 0, 0
524949, 1000, 1, 0, 0
525049, 990, 1, 0, 0
525149, 1000, 1, 0, 0
525249, 920, 1, 0, 0
525349, 1010, 1, 0, 0
525449, 960, 1, 0, 0
525549, 970, 1, 0, 0
525649, 960, 1, 0, 0
525749, 960, 1, 0, 0
525849, 970, 1, 0, 0
525949, 940, 1, 0, 0
526050, 980, 1, 0, 0
526150, 960, 1, 0, 0
526249, 949, 1, 0, 0
526349, 970, 1, 0, 0
526449, 930, 1, 0, 0
526549, 970, 1, 0, 0
526649, 960, 1, 0, 0
526749, 960, 1, 0, 0
526849, 950, 1, 0, 0
526949, 950, 1, 0, 0
527049, 930, 1, 0, 0
527149, 1000, 1, 0, 0
527249, 1000, 1, 0, 0
527349, 940, 1, 0, 0
527450, 990, 1, 0, 0
527550, 980, 1, 0, 0
527650, 980, 1, 0, 0
527749, 949, 1, 0, 0
527849, 940, 1, 0, 0
527949, 940, 1, 0, 0
528049, 920, 1, 0, 0
528149, 980, 1, 0, 0
528249, 970, 1, 0, 0
528349, 950, 1, 0, 0
528449, 940, 1, 0, 0
528549, 990, 1, 0, 0
528649, 990, 1, 0, 0
528749, 979, 1, 0, 0
528849, 970, 1, 0, 0
528949, 970, 1, 0, 0
529049, 1010, 1, 0, 0
529149, 990, 1, 0, 0
529249, 970, 1, 0, 0
529349, 980, 1, 0, 0
529449, 950, 1, 0, 0
529549, 940, 1, 0, 0
529649, 930, 1, 0, 0
529749, 990, 1, 0, 0
529849, 970, 1, 0, 0
529949, 980, 1, 0, 0
530049, 990, 1, 0, 0
530150, 920, 1, 0, 0
530249, 979, 1, 0, 0
530349, 1010, 1, 0, 0
530449, 950, 1, 0, 0
530549, 970, 1, 0, 0
530649, 990, 1, 0, 0
530749, 970, 1, 0, 0
530849, 970, 1, 0, 0
530949, 960, 1, 0, 0
531049, 970, 1, 0, 0
531149, 1000, 1, 0, 0
531249, 970, 1, 0, 0
531349, 940, 1, 0, 0
531449, 980, 1, 0, 0
531550, 950, 1, 0, 0
531650, 960, 1, 0, 0
531749, 959, 1, 0, 0
531849, 950, 1, 0, 0
531949, 970, 1, 0, 0
532049, 970, 1, 0, 0
532149, 970, 1, 0, 0
532249, 960, 1, 0, 0
532349, 900, 1, 0, 0
532449, 930, 1, 0, 0
532549, 990, 1, 0, 0
532649, 920, 1, 0, 0
532749, 960, 1, 0, 0
532850, 970, 1, 0, 0
532950, 940, 1, 0, 0
533050, 940, 1, 0, 0
533150, 1020, 1, 0, 0
533249, 929, 1, 0, 0
533349, 930, 1, 0, 0
533449, 920, 1, 0, 0
533549, 940, 1, 0, 0
533649, 960, 1, 0, 0
533749, 930, 1, 0, 0
533849, 970, 1, 0, 0
533949, 930, 1, 0, 0
534049, 930, 1, 0, 0
534149, 920, 1, 0, 0
534249, 949, 1, 0, 0
534349, 950, 1, 0, 0
534449, 970, 1, 0, 0
534549, 930, 1, 0, 0
534649, 920, 1, 0, 0
534749, 970, 1, 0, 0
534849, 930, 1, 0, 0
534949, 980, 1, 0, 0
535049, 910, 1, 0, 0
535149, 940, 1, 0, 0
535249, 950, 1, 0, 0
535349, 860, 1, 0, 0
535449, 910, 1, 0, 0
535550, 960, 1, 0, 0
535650, 910, 1, 0, 0
535749, 909, 1, 0, 0
535849, 920, 1, 0, 0
535949, 920, 1, 0, 0
536049, 960, 1, 0, 0
536149, 940, 1, 0, 0
536249, 980, 1, 0, 0
536349, 960, 1, 0, 0
536449, 980, 1, 0, 0
536549, 970, 1, 0, 0
536649, 950, 1, 0, 0
536749, 960, 1, 0, 0
536849, 980, 1, 0, 0
536950, 950, 1, 0, 0
537050, 990, 1, 0, 0
537150, 960, 1, 0, 0
537249, 969, 1, 0, 0
537349, 960, 1, 0, 0
537449, 990, 1, 0, 0
537549, 940, 1, 0, 0
537649, 960, 1, 0, 0
537749, 950, 1, 0, 0
537849, 950, 1, 0, 0
537949, 970, 1, 0, 0
538049, 940, 1, 0, 0
538149, 990, 1, 0, 0
538249, 979, 1, 0, 0
538349, 980, 1, 0, 0
538449, 950, 1, 0, 0
538549, 920, 1, 0, 0
538649, 960, 1, 0, 0
538749, 970, 1, 0, 0
538849, 950, 1, 0, 0
538949, 950, 1, 0, 0
539049, 930, 1, 0, 0
539149, 930, 1, 0, 0
539249, 950, 1, 0, 0
539349, 940, 1, 0, 0
539449, 920, 1, 0, 0
539549, 940, 1, 0, 0
539650, 940, 1, 0, 0
539749, 919, 1, 0, 0
539849, 940, 1, 0, 0
539949, 980, 1, 0, 0
540049, 960, 1, 0, 0
540149, 960, 1, 0, 0
540249, 940, 1, 0, 0
540349, 930, 1, 0, 0
540449, 930, 1, 0, 0
540549, 960, 1, 0, 0
540649, 920, 1, 0, 0
540749, 980, 1, 0, 0
540849, 900, 1, 0, 0
540949, 940, 1, 0, 0
541050, 950, 1, 0, 0
541150, 930, 1, 0, 0
541249, 959, 1, 0, 0
541349, 990, 1, 0, 0
541449, 950, 1, 0, 0
541549, 940, 1, 0, 0
541649, 980, 1, 0, 0
541749, 950, 1, 0, 0
541849, 980, 1, 0, 0
541949, 980, 1, 0, 0
542049, 1000, 1, 0, 0
542149, 970, 1, 0, 0
542249, 940, 1, 0, 0
542349, 950, 1, 0, 0
542450, 940, 1, 0, 0
542550, 1000, 1, 0, 0
542650, 1000, 1, 0, 0
542749, 1000, 1, 0, 0
542849, 980, 1, 0, 0
542949, 990, 1, 0, 0
543049, 970, 1, 0, 0
543149, 980, 1, 0, 0
543249, 980, 1, 0, 0
543349, 940, 1, 0, 0
543449, 1000, 1, 0, 0
543549, 980, 1, 0, 0
543649, 940, 1, 0, 0
543750, 1000, 1, 0, 0
543850, 940, 1, 0, 0
543950, 980, 1, 0, 0
544050, 960, 1, 0, 0
544150, 970, 1, 0, 0
544249, 969, 1, 0, 0
544349, 970, 1, 0, 0
544449, 970, 1, 0, 0
544549, 960, 1, 0, 0
544649, 1010, 1, 0, 0
544749, 1010, 1, 0, 0
544849, 920, 1, 0, 0
544949, 1000, 1, 0, 0
545049, 1000, 1, 0, 0
545150, 990, 1, 0, 0
545249, 949, 1, 0, 0
545349, 960, 1, 0, 0
545449, 1010, 1, 0, 0
545549, 940, 1, 0, 0
545649, 940, 1, 0, 0
545749, 960, 1, 0, 0
545849, 930, 1, 0, 0
545949, 960, 1, 0, 0
546049, 950, 1, 0, 0
546149, 970, 1, 0, 0
546249, 940, 1, 0, 0
546349, 950, 1, 0, 0
546449, 950, 1, 0, 0
546550, 970, 1, 0, 0
546650, 950, 1, 0, 0
546749, 949, 1, 0, 0
546849, 980, 1, 0, 0
546949, 980, 1, 0, 0
547049, 970, 1, 0, 0
547149, 1000, 1, 0, 0
547249, 970, 1, 0, 0
547349, 960, 1, 0, 0
547449, 980, 1, 0, 0
547549, 980, 1, 0, 0
547649, 1000, 1, 0, 0
547749, 970, 1, 0, 0
547850, 990, 1, 0, 0
547950, 1000, 1, 0, 0
548050, 990, 1, 0, 0
548150, 960, 1, 0, 0
548249, 969, 1, 0, 0
548349, 1000, 1, 0, 0
548449, 980, 1, 0, 0
548549, 940, 1, 0, 0
548649, 910, 1, 0, 0
548749, 980, 1, 0, 0
548849, 960, 1, 0, 0
548949, 950, 1, 0, 0
549049, 950, 1, 0, 0
549149, 1000, 1, 0, 0
549249, 969, 1, 0, 0
549349, 920, 1, 0, 0
549449, 940, 1, 0, 0
549549, 960, 1, 0, 0
549649, 940, 1, 0, 0
549749, 980, 1, 0, 0
549849, 990, 1, 0, 0
549949, 960, 1, 0, 0
550049, 920, 1, 0, 0
550149, 1000, 1, 0, 0
550249, 950, 1, 0, 0
550349, 960, 1, 0, 0
550449, 1000, 1, 0, 0
550550, 990, 1, 0, 0
550650, 950, 1, 0, 0
550749, 989, 1, 0, 0
550849, 940, 1, 0, 0
550949, 910, 1, 0, 0
551049, 960, 1, 0, 0
551149, 950, 1, 0, 0
551249, 970, 1, 0, 0
551349, 980, 1, 0, 0
551449, 950, 1, 0, 0
551549, 1010, 1, 0, 0
551649, 910, 1, 0, 0
551749, 950, 1, 0, 0
551849, 980, 1, 0, 0
551949, 940, 1, 0, 0
552050, 930, 1, 0, 0
552150, 1010, 1, 0, 0
552249, 1000, 1, 0, 0
552349, 970, 1, 0, 0
552449, 960, 1, 0, 0
552549, 990, 1, 0, 0
552649, 940, 1, 0, 0
552749, 910, 1, 0, 0
552849, 960, 1, 0, 0
552949, 920, 1, 0, 0
553049, 970, 1, 0, 0
553149, 950, 1, 0, 0
553249, 940, 1, 0, 0
553350, 980, 1, 0, 0
553450, 930, 1, 0, 0
553550, 920, 1, 0, 0
553650, 930, 1, 0, 0
553749, 1000, 1, 0, 0
553849, 960, 1, 0, 0
553949, 970, 1, 0, 0
554049, 960, 1, 0, 0
554149, 930, 1, 0, 0
554249, 990, 1, 0, 0
554349, 950, 1, 0, 0
554449, 980, 1, 0, 0
554549, 960, 1, 0, 0
554649, 980, 1, 0, 0
554749, 959, 1, 0, 0
554849, 990, 1, 0, 0
554949, 980, 1, 0, 0
555049, 950, 1, 0, 0
555149, 970, 1, 0, 0
555249, 970, 1, 0, 0
555349, 990, 1, 0, 0
555449, 960, 1, 0, 0
555549, 970, 1, 0, 0
555649, 930, 1, 0, 0
555749, 1000, 1, 0, 0
555849, 960, 1, 0, 0
555949, 980, 1, 0, 0
556050, 920, 1, 0, 0
556150, 980, 1, 0, 0
556249, 989, 1, 0, 0
556349, 1030, 1, 0, 0
556449, 990, 1, 0, 0
556549, 980, 1, 0, 0
556649, 970, 1, 0, 0
556749, 970, 1, 0, 0
556849, 1020, 1, 0, 0
556949, 1020, 1, 0, 0
557049, 1010, 1, 0, 0
557149, 1020, 1, 0, 0
557249, 930, 1, 0, 0
557349, 1010, 1, 0, 0
557449, 990, 1, 0, 0
557550, 940, 1, 0, 0
557650, 1000, 1, 0, 0
557749, 1000, 1, 0, 0
557849, 970, 1, 0, 0
557949, 970, 1, 0, 0
558049, 950, 1, 0, 0
558149, 960, 1, 0, 0
558249, 980, 1, 0, 0
558349, 930, 1, 0, 0
558449, 940, 1, 0, 0
558549, 950, 1, 0, 0
558649, 970, 1, 0, 0
558749, 920, 1, 0, 0
558850, 990, 1, 0, 0
558950, 990, 1, 0, 0
559050, 970, 1, 0, 0
559150, 960, 1, 0, 0
559249, 969, 1, 0, 0
559349, 980, 1, 0, 0
559449, 970, 1, 0, 0
559549, 950, 1, 0, 0
559649, 960, 1, 0, 0
559749, 990, 1, 0, 0
559849, 960, 1, 0, 0
559949, 930, 1, 0, 0
560049, 950, 1, 0, 0
560149, 950, 1, 0, 0
560249, 959, 1, 0, 0
560349, 980, 1, 0, 0
560449, 990, 1, 0, 0
560549, 970, 1, 0, 0
560649, 960, 1, 0, 0
560749, 1000, 1, 0, 0
560849, 940, 1, 0, 0
560949, 990, 1, 0, 0
561049, 970, 1, 0, 0
561149, 930, 1, 0, 0
561249, 990, 1, 0, 0
561349, 940, 1, 0, 0
561449, 1000, 1, 0, 0
561550, 980, 1, 0, 0
561650, 960, 1, 0, 0
561749, 919, 1, 0, 0
561849, 930, 1, 0, 0
561949, 970, 1, 0, 0
562049, 960, 1, 0, 0
562149, 970, 1, 0, 0
562249, 940, 1, 0, 0
562349, 970, 1, 0, 0
562449, 980, 1, 0, 0
562549, 960, 1, 0, 0
562649, 980, 1, 0, 0
562749, 980, 1, 0, 0
562849, 950, 1, 0, 0
562949, 950, 1, 0, 0
563050, 960, 1, 0, 0
563150, 980, 1, 0, 0
563249, 969, 1, 0, 0
563349, 960, 1, 0, 0
563449, 1020, 1, 0, 0
563549, 960, 1, 0, 0
563649, 950, 1, 0, 0
563749, 960, 1, 0, 0
563849, 930, 1, 0, 0
563949, 940, 1, 0, 0
564049, 900, 1, 0, 0
564149, 970, 1, 0, 0
564249, 970, 1, 0, 0
564350, 940, 1, 0, 0
564450, 1010, 1, 0, 0
564550, 950, 1, 0, 0
564650, 990, 1, 0, 0
564749, 969, 1, 0, 0
564849, 1020, 1, 0, 0
564949, 1010, 1, 0, 0
565049, 1000, 1, 0, 0
565149, 980, 1, 0, 0
565249, 990, 1, 0, 0
565349, 1000, 1, 0, 0
565449, 990, 1, 0, 0
565549, 940, 1, 0, 0
565649, 950, 1, 0, 0
565749, 1020, 1, 0, 0
565849, 990, 1, 0, 0
565949, 990, 1, 0, 0
566049, 940, 1, 0, 0
566149, 940, 1, 0, 0
566249, 1010, 1, 0, 0
566349, 1010, 1, 0, 0
566449, 990, 1, 0, 0
566549, 1030, 1, 0, 0
566649, 970, 1, 0, 0
566749, 980, 1, 0, 0
566849, 970, 1, 0, 0
566949, 950, 1, 0, 0
567049, 1010, 1, 0, 0
567150, 1010, 1, 0, 0
567249, 1000, 1, 0, 0
567349, 970, 1, 0, 0
567449, 970, 1, 0, 0
567549, 990, 1, 0, 0
567649, 980, 1, 0, 0
567749, 1000, 1, 0, 0
567849, 950, 1, 0, 0
567949, 1040, 1, 0, 0
568049, 970, 1, 0, 0
568149, 1000, 1, 0, 0
568249, 950, 1, 0, 0
568349, 1000, 1, 0, 0
568449, 970, 1, 0, 0
568550, 940, 1, 0, 0
568650, 960, 1, 0, 0
568749, 989, 1, 0, 0
568849, 980, 1, 0, 0
568949, 960, 1, 0, 0
569049, 970, 1, 0, 0
569149, 960, 1, 0, 0
569249, 970, 1, 0, 0
569349, 920, 1, 0, 0
569449, 970, 1, 0, 0
569549, 950, 1, 0, 0
569649, 960, 1, 0, 0
569749, 890, 1, 0, 0
569849, 950, 1, 0, 0
569950, 970, 1, 0, 0
570050, 990, 1, 0, 0
570150, 970, 1, 0, 0
570249, 949, 1, 0, 0
570349, 990, 1, 0, 0
570449, 990, 1, 0, 0
570549, 970, 1, 0, 0
570649, 920, 1, 0, 0
570749, 910, 1, 0, 0
570849, 950, 1, 0, 0
570949, 950, 1, 0, 0
571049, 940, 1, 0, 0
571149, 960, 1, 0, 0
571249, 950, 1, 0, 0
571349, 990, 1, 0, 0
571449, 930, 1, 0, 0
571550, 950, 1, 0, 0
571650, 960, 1, 0, 0
571749, 939, 1, 0, 0
571849, 950, 1, 0, 0
571949, 990, 1, 0, 0
572049, 980, 1, 0, 0
572149, 1000, 1, 0, 0
572249, 960, 1, 0, 0
572349, 980, 1, 0, 0
572449, 890, 1, 0, 0
572549, 980, 1, 0, 0
572649, 990, 1, 0, 0
572750, 970, 1, 0, 0
572850, 960, 1, 0, 0
572950, 950, 1, 0, 0
573050, 970, 1, 0, 0
573150, 970, 1, 0, 0
573249, 969, 1, 0, 0
573349, 960, 1, 0, 0
573449, 970, 1, 0, 0
573549, 1030, 1, 0, 0
573649, 940, 1, 0, 0
573749, 970, 1, 0, 0
573849, 940, 1, 0, 0
573949, 940, 1, 0, 0
574049, 970, 1, 0, 0
574149, 940, 1, 0, 0
574249, 989, 1, 0, 0
574349, 980, 1, 0, 0
574449, 1010, 1, 0, 0
574549, 970, 1, 0, 0
574649, 920, 1, 0, 0
574749, 970, 1, 0, 0
574849, 950, 1, 0, 0
574949, 930, 1, 0, 0
575049, 980, 1, 0, 0
575149, 970, 1, 0, 0
575249, 930, 1, 0, 0
575349, 960, 1, 0, 0
575449, 950, 1, 0, 0
575549, 970, 1, 0, 0
575650, 970, 1, 0, 0
575749, 979, 1, 0, 0
575849, 1000, 1, 0, 0
575949, 1000, 1, 0, 0
576049, 1000, 1, 0, 0
576149, 960, 1, 0, 0
576249, 990, 1, 0, 0
576349, 990, 1, 0, 0
576449, 960, 1, 0, 0
576549, 1000, 1, 0, 0
576649, 1020, 1, 0, 0
576749, 970, 1, 0, 0
576849, 990, 1, 0, 0
576949, 960, 1, 0, 0
577050, 950, 1, 0, 0
577150, 940, 1, 0, 0
577249, 959, 1, 0, 0
577349, 1010, 1, 0, 0
577449, 1000, 1, 0, 0
577549, 970, 1, 0, 0
577649, 980, 1, 0, 0
577749, 980, 1, 0, 0
577849, 980, 1, 0, 0
577949, 990, 1, 0, 0
578049, 970, 1, 0, 0
578149, 960, 1, 0, 0
578250, 970, 1, 0, 0
578350, 990, 1, 0, 0
578450, 1000, 1, 0, 0
578550, 950, 1, 0, 0
578650, 960, 1, 0, 0
578749, 949, 1, 0, 0
578849, 1000, 1, 0, 0
578949, 950, 1, 0, 0
579049, 920, 1, 0, 0
579149, 990, 1, 0, 0
579249, 980, 1, 0, 0
579349, 950, 1, 0, 0
579449, 960, 1, 0, 0
579549, 950, 1, 0, 0
579649, 960, 1, 0, 0
579749, 979, 1, 0, 0
579849, 970, 1, 0, 0
579949, 990, 1, 0, 0
580049, 940, 1, 0, 0
580149, 1010, 1, 0, 0
580249, 940, 1, 0, 0
580349, 990, 1, 0, 0
580449, 1010, 1, 0, 0
580549, 960, 1, 0, 0
580649, 910, 1, 0, 0
580749, 970, 1, 0, 0
580849, 930, 1, 0, 0
580949, 990, 1, 0, 0
581050, 970, 1, 0, 0
581150, 930, 1, 0, 0
581249, 1010, 1, 0, 0
581349, 970, 1, 0, 0
581449, 960, 1, 0, 0
581549, 960, 1, 0, 0
581649, 980, 1, 0, 0
581749, 920, 1, 0, 0
581849, 970, 1, 0, 0
581949, 990, 1, 0, 0
582049, 960, 1, 0, 0
582149, 950, 1, 0, 0
582249, 970, 1, 0, 0
582350, 990, 1, 0, 0
582450, 970, 1, 0, 0
582550, 950, 1, 0, 0
582650, 970, 1, 0, 0
582749, 939, 1, 0, 0
582849, 960, 1, 0, 0
582949, 940, 1, 0, 0
583049, 960, 1, 0, 0
583149, 960, 1, 0, 0
583249, 940, 1, 0, 0
583349, 890, 1, 0, 0
583449, 1010, 1, 0, 0
583549, 990, 1, 0, 0
583649, 960, 1, 0, 0
583749, 969, 1, 0, 0
583849, 950, 1, 0, 0
583949, 970, 1, 0, 0
584049, 970, 1, 0, 0
584149, 900, 1, 0, 0
584249, 920, 1, 0, 0
584349, 990, 1, 0, 0
584449, 960, 1, 0, 0
584549, 960, 1, 0, 0
584649, 930, 1, 0, 0
584749, 930, 1, 0, 0
584849, 970, 1, 0, 0
584949, 930, 1, 0, 0
585049, 1000, 1, 0, 0
585150, 960, 1, 0, 0
585249, 979, 1, 0, 0
585349, 960, 1, 0, 0
585449, 980, 1, 0, 0
585549, 980, 1, 0, 0
585649, 950, 1, 0, 0
585749, 1010, 1, 0, 0
585849, 940, 1, 0, 0
585949, 880, 1, 0, 0
586049, 950, 1, 0, 0
586149, 970, 1, 0, 0
586249, 940, 1, 0, 0
586349, 940, 1, 0, 0
586449, 910, 1, 0, 0
586550, 1010, 1, 0, 0
586650, 970, 1, 0, 0
586749, 909, 1, 0, 0
586849, 900, 1, 0, 0
586949, 900, 1, 0, 0
587049, 900, 1, 0, 0
587149, 940, 1, 0, 0
587249, 930, 1, 0, 0
587349, 930, 1, 0, 0
587449, 980, 1, 0, 0
587549, 920, 1, 0, 0
587649, 960, 1, 0, 0
587749, 960, 1, 0, 0
587850, 920, 1, 0, 0
587950, 950, 1, 0, 0
588050, 910, 1, 0, 0
588150, 930, 1, 0, 0
588249, 949, 1, 0, 0
588349, 950, 1, 0, 0
588449, 940, 1, 0, 0
588549, 950, 1, 0, 0
588649, 970, 1, 0, 0
588749, 1000, 1, 0, 0
588849, 900, 1, 0, 0
588949, 960, 1, 0, 0
589049, 1000, 1, 0, 0
589149, 930, 1, 0, 0
589249, 1000, 1, 0, 0
589349, 880, 1, 0, 0
589449, 940, 1, 0, 0
589549, 920, 1, 0, 0
589649, 940, 1, 0, 0
589749, 930, 1, 0, 0
589849, 990, 1, 0, 0
589949, 980, 1, 0, 0
590049, 940, 1, 0, 0
590149, 900, 1, 0, 0
590249, 920, 1, 0, 0
590349, 960, 1, 0, 0
590449, 970, 1, 0, 0
590550, 920, 1, 0, 0
590650, 970, 1, 0, 0
590749, 929, 1, 0, 0
590849, 940, 1, 0, 0
590949, 960, 1, 0, 0
591049, 950, 1, 0, 0
591149, 970, 1, 0, 0
591249, 960, 1, 0, 0
591349, 960, 1, 0, 0
591449, 940, 1, 0, 0
591549, 970, 1, 0, 0
591649, 930, 1, 0, 0
591749, 970, 1, 0, 0
591850, 900, 1, 0, 0
591950, 930, 1, 0, 0
592050, 940, 1, 0, 0
592150, 930, 1, 0, 0
592249, 939, 1, 0, 0
592349, 970, 1, 0, 0
592449, 910, 1, 0, 0
592549, 930, 1, 0, 0
592649, 1000, 1, 0, 0
592749, 1010, 1, 0, 0
592849, 930, 1, 0, 0
592949, 960, 1, 0, 0
593049, 950, 1, 0, 0
593149, 900, 1, 0, 0
593249, 949, 1, 0, 0
593349, 920, 1, 0, 0
593449, 940, 1, 0, 0
593549, 960, 1, 0, 0
593649, 920, 1, 0, 0
593749, 910, 1, 0, 0
593849, 980, 1, 0, 0
593949, 970, 1, 0, 0
594049, 910, 1, 0, 0
594149, 950, 1, 0, 0
594249, 980, 1, 0, 0
594349, 970, 1, 0, 0
594449, 970, 1, 0, 0
594550, 950, 1, 0, 0
594650, 940, 1, 0, 0
594749, 969, 1, 0, 0
594849, 920, 1, 0, 0
594949, 920, 1, 0, 0
595049, 930, 1, 0, 0
595149, 950, 1, 0, 0
595249, 970, 1, 0, 0
595349, 970, 1, 0, 0
595449, 950, 1, 0, 0
595549, 980, 1, 0, 0
595649, 940, 1, 0, 0
595749, 980, 1, 0, 0
595849, 940, 1, 0, 0
595950, 920, 1, 0, 0
596050, 950, 1, 0, 0
596150, 940, 1, 0, 0
596249, 989, 1, 0, 0
596349, 970, 1, 0, 0
596449, 980, 1, 0, 0
596549, 940, 1, 0, 0
596649, 970, 1, 0, 0
596749, 950, 1, 0, 0
596849, 960, 1, 0, 0
596949, 980, 1, 0, 0
597049, 950, 1, 0, 0
597149, 910, 1, 0, 0
597250, 930, 1, 0, 0
597350, 960, 1, 0, 0
597450, 980, 1, 0, 0
597550, 990, 1, 0, 0
597650, 950, 1, 0, 0
597749, 969, 1, 0, 0
597849, 970, 1, 0, 0
597949, 960, 1, 0, 0
598049, 960, 1, 0, 0
598149, 950, 1, 0, 0
598249, 960, 1, 0, 0
598349, 940, 1, 0, 0
598449, 960, 1, 0, 0
598549, 1020, 1, 0, 0
598650, 940, 1, 0, 0
598749, 909, 1, 0, 0
598849, 950, 1, 0, 0
598949, 1010, 1, 0, 0
599049, 980, 1, 0, 0
599149, 950, 1, 0, 0
599249, 940, 1, 0, 0
599349, 940, 1, 0, 0
599449, 970, 1, 0, 0
599549, 980, 1, 0, 0
599649, 950, 1, 0, 0
599749, 950, 1, 0, 0
599849, 950, 1, 0, 0
599949, 940, 1, 0, 0
