100, 1414166, 1, 0, 0
200, 1234587, 1, 0, 0
300, 1313496, 1, 0, 0
400, 1228545, 1, 0, 0
500, 1174789, 1, 0, 0
601, 1189043, 1, 0, 0
701, 1340425, 1, 0, 0
800, 1320752, 1, 0, 0
901, 1272683, 1, 0, 0
1000, 1341644, 1, 0, 0
1100, 1232770, 1, 0, 0
1200, 1281038, 1, 0, 0
1300, 1279055, 1, 0, 0
1400, 1373046, 1, 0, 0
1500, 1258293, 1, 0, 0
1600, 1217971, 1, 0, 0
1700, 1189051, 1, 0, 0
1800, 1254883, 1, 0, 0
1901, 1206684, 1, 0, 0
2000, 1268951, 1, 0, 0
2100, 1298805, 1, 0, 0
2201, 1227469, 1, 0, 0
2300, 1172374, 1, 0, 0
2400, 1247587, 1, 0, 0
2500, 1231212, 1, 0, 0
2600, 1217519, 1, 0, 0
2700, 1245980, 1, 0, 0
2801, 1229719, 1, 0, 0
2900, 1197510, 1, 0, 0
3000, 1286236, 1, 0, 0
3101, 1252572, 1, 0, 0
3200, 1240629, 1, 0, 0
3300, 1223781, 1, 0, 0
3400, 1209588, 1, 0, 0
3500, 1193705, 1, 0, 0
3600, 1272206, 1, 0, 0
3700, 1208891, 1, 0, 0
3800, 1202383, 1, 0, 0
3900, 1177813, 1, 0, 0
4000, 1179377, 1, 0, 0
4100, 1244532, 1, 0, 0
4200, 1181964, 1, 0, 0
4300, 1173797, 1, 0, 0
4400, 1206599, 1, 0, 0
4500, 1173286, 1, 0, 0
4600, 1182065, 1, 0, 0
4700, 1254910, 1, 0, 0
4801, 1177073, 1, 0, 0
4900, 1275646, 1, 0, 0
5000, 1227149, 1, 0, 0
5101, 1261620, 1, 0, 0
5200, 1172270, 1, 0, 0
5300, 1223424, 1, 0, 0
5400, 1288485, 1, 0, 0
5500, 1195858, 1, 0, 0
5600, 1184234, 1, 0, 0
5700, 1247435, 1, 0, 0
5800, 1175976, 1, 0, 0
5900, 1234427, 1, 0, 0
6000, 1213111, 1, 0, 0
6100, 1249392, 1, 0, 0
6200, 1203770, 1, 0, 0
6301, 1242341, 1, 0, 0
6400, 1235012, 1, 0, 0
6500, 1195356, 1, 0, 0
6600, 1216597, 1, 0, 0
6700, 1251554, 1, 0, 0
6800, 1258273, 1, 0, 0
6900, 1251681, 1, 0, 0
7000, 1247184, 1, 0, 0
7100, 1263023, 1, 0, 0
7201, 1216841, 1, 0, 0
7300, 1243345, 1, 0, 0
7401, 1233175, 1, 0, 0
7500, 1206035, 1, 0, 0
7601, 1265677, 1, 0, 0
7701, 1238372, 1, 0, 0
7800, 1227405, 1, 0, 0
7900, 1188864, 1, 0, 0
8000, 1306625, 1, 0, 0
8100, 1188334, 1, 0, 0
8200, 1274413, 1, 0, 0
8300, 1223448, 1, 0, 0
8400, 1198045, 1, 0, 0
8500, 1257795, 1, 0, 0
8600, 1189450, 1, 0, 0
8700, 1217797, 1, 0, 0
8800, 1215903, 1, 0, 0
8900, 1201569, 1, 0, 0
9000, 1236477, 1, 0, 0
9101, 1178968, 1, 0, 0
9200, 1173184, 1, 0, 0
9301, 1205947, 1, 0, 0
9401, 1248451, 1, 0, 0
9500, 1226575, 1, 0, 0
9600, 1186739, 1, 0, 0
9700, 1245438, 1, 0, 0
9800, 1240715, 1, 0, 0
9900, 1197168, 1, 0, 0
10000, 1178454, 1, 0, 0
10101, 1289218, 1, 0, 0
10200, 1194100, 1, 0, 0
10300, 1251139, 1, 0, 0
10400, 1218560, 1, 0, 0
10501, 1234174, 1, 0, 0
10600, 1180675, 1, 0, 0
10700, 1234338, 1, 0, 0
10800, 1192550, 1, 0, 0
10900, 1249664, 1, 0, 0
11000, 1253431, 1, 0, 0
11100, 1157273, 1, 0, 0
11200, 1203000, 1, 0, 0
11300, 1203432, 1, 0, 0
11400, 1182153, 1, 0, 0
11500, 1178737, 1, 0, 0
11601, 1218832, 1, 0, 0
11701, 1160008, 1, 0, 0
11800, 1167790, 1, 0, 0
11900, 1290759, 1, 0, 0
12000, 1219615, 1, 0, 0
12101, 1172801, 1, 0, 0
12200, 1129719, 1, 0, 0
12300, 1194443, 1, 0, 0
12401, 1245603, 1, 0, 0
12500, 1209105, 1, 0, 0
12601, 1140452, 1, 0, 0
12702, 1184644, 1, 0, 0
12801, 1119519, 1, 0, 0
12901, 1174632, 1, 0, 0
13000, 1196153, 1, 0, 0
13100, 1207568, 1, 0, 0
13200, 1182907, 1, 0, 0
13300, 1206054, 1, 0, 0
13400, 1134764, 1, 0, 0
13500, 1218466, 1, 0, 0
13601, 1165940, 1, 0, 0
13700, 1184750, 1, 0, 0
13800, 1213416, 1, 0, 0
13900, 1211706, 1, 0, 0
14000, 1170647, 1, 0, 0
14100, 1170787, 1, 0, 0
14200, 1188478, 1, 0, 0
14300, 1233439, 1, 0, 0
14400, 1146983, 1, 0, 0
14500, 1276875, 1, 0, 0
14600, 1225145, 1, 0, 0
14700, 1188255, 1, 0, 0
14801, 1119591, 1, 0, 0
14900, 1140138, 1, 0, 0
15000, 1154992, 1, 0, 0
15100, 1158542, 1, 0, 0
15200, 1133239, 1, 0, 0
15301, 1154289, 1, 0, 0
15400, 1134699, 1, 0, 0
15500, 1175949, 1, 0, 0
15601, 1160367, 1, 0, 0
15700, 1111030, 1, 0, 0
15800, 1189752, 1, 0, 0
15901, 1181165, 1, 0, 0
16000, 1177619, 1, 0, 0
16100, 1152014, 1, 0, 0
16201, 1100335, 1, 0, 0
16300, 1171910, 1, 0, 0
16400, 1128406, 1, 0, 0
16500, 1096284, 1, 0, 0
16600, 1149134, 1, 0, 0
16701, 1164288, 1, 0, 0
16800, 1150465, 1, 0, 0
16900, 1102263, 1, 0, 0
17000, 1190285, 1, 0, 0
17100, 1161373, 1, 0, 0
17200, 1205708, 1, 0, 0
17301, 1149846, 1, 0, 0
17400, 1196459, 1, 0, 0
17500, 1113845, 1, 0, 0
17601, 1197104, 1, 0, 0
17700, 1150208, 1, 0, 0
17800, 1142820, 1, 0, 0
17900, 1119022, 1, 0, 0
18000, 1084106, 1, 0, 0
18100, 1159702, 1, 0, 0
18200, 1158427, 1, 0, 0
18300, 1086206, 1, 0, 0
18400, 1095714, 1, 0, 0
18500, 1134367, 1, 0, 0
18601, 1139296, 1, 0, 0
18700, 1203317, 1, 0, 0
18800, 1098619, 1, 0, 0
18900, 1067905, 1, 0, 0
19000, 1229702, 1, 0, 0
19100, 1144353, 1, 0, 0
19200, 1187140, 1, 0, 0
19300, 1191416, 1, 0, 0
19400, 1160769, 1, 0, 0
19500, 1184566, 1, 0, 0
19600, 1195947, 1, 0, 0
19700, 1160110, 1, 0, 0
19800, 1144402, 1, 0, 0
19900, 1124782, 1, 0, 0
20000, 1128687, 1, 0, 0
20100, 1125399, 1, 0, 0
20200, 1219877, 1, 0, 0
20300, 1150287, 1, 0, 0
20402, 1203262, 1, 0, 0
20500, 1126781, 1, 0, 0
20600, 1166373, 1, 0, 0
20700, 1162855, 1, 0, 0
20800, 1117614, 1, 0, 0
20900, 1136515, 1, 0, 0
21000, 1083173, 1, 0, 0
21100, 1119380, 1, 0, 0
21200, 1120555, 1, 0, 0
21300, 1077060, 1, 0, 0
21400, 1104150, 1, 0, 0
21500, 1164089, 1, 0, 0
21600, 1104215, 1, 0, 0
21700, 1134360, 1, 0, 0
21800, 1181067, 1, 0, 0
21900, 1162364, 1, 0, 0
22000, 1170906, 1, 0, 0
22101, 1100840, 1, 0, 0
22200, 1132534, 1, 0, 0
22300, 1141980, 1, 0, 0
22400, 1225872, 1, 0, 0
22501, 1169033, 1, 0, 0
22600, 1151046, 1, 0, 0
22700, 1152743, 1, 0, 0
22800, 1142295, 1, 0, 0
22901, 1134462, 1, 0, 0
23000, 1145191, 1, 0, 0
23100, 1192693, 1, 0, 0
23200, 1200218, 1, 0, 0
23300, 1104140, 1, 0, 0
23401, 1276742, 1, 0, 0
23500, 1157185, 1, 0, 0
23600, 1145743, 1, 0, 0
23700, 1225889, 1, 0, 0
23801, 1146482, 1, 0, 0
23901, 1144002, 1, 0, 0
24000, 1128259, 1, 0, 0
24100, 1064889, 1, 0, 0
24200, 1136804, 1, 0, 0
24300, 1117892, 1, 0, 0
24400, 1110085, 1, 0, 0
24500, 1153726, 1, 0, 0
24600, 1150358, 1, 0, 0
24701, 1146117, 1, 0, 0
24801, 1159638, 1, 0, 0
24900, 1127634, 1, 0, 0
25001, 1097450, 1, 0, 0
25101, 1105482, 1, 0, 0
25201, 1118299, 1, 0, 0
25300, 1072428, 1, 0, 0
25400, 1173484, 1, 0, 0
25500, 1137718, 1, 0, 0
25601, 1176058, 1, 0, 0
25700, 1089738, 1, 0, 0
25800, 1130855, 1, 0, 0
25900, 1077978, 1, 0, 0
26000, 1152189, 1, 0, 0
26100, 1190823, 1, 0, 0
26200, 1130266, 1, 0, 0
26300, 1212510, 1, 0, 0
26400, 1164051, 1, 0, 0
26501, 1123574, 1, 0, 0
26600, 1138053, 1, 0, 0
26700, 1189077, 1, 0, 0
26800, 1163782, 1, 0, 0
26900, 1165055, 1, 0, 0
27000, 1112593, 1, 0, 0
27100, 1122332, 1, 0, 0
27200, 1124242, 1, 0, 0
27300, 1107572, 1, 0, 0
27400, 1093262, 1, 0, 0
27500, 1105370, 1, 0, 0
27600, 1140295, 1, 0, 0
27700, 1133520, 1, 0, 0
27800, 1111625, 1, 0, 0
27900, 1138997, 1, 0, 0
28000, 1109260, 1, 0, 0
28100, 1152761, 1, 0, 0
28200, 1128664, 1, 0, 0
28300, 1173230, 1, 0, 0
28400, 1092374, 1, 0, 0
28501, 1108637, 1, 0, 0
28600, 1083857, 1, 0, 0
28700, 1076875, 1, 0, 0
28800, 1107912, 1, 0, 0
28900, 1096680, 1, 0, 0
29001, 1129421, 1, 0, 0
29100, 1150061, 1, 0, 0
29200, 1174671, 1, 0, 0
29300, 1188840, 1, 0, 0
29400, 1090106, 1, 0, 0
29500, 1167648, 1, 0, 0
29600, 1094382, 1, 0, 0
29700, 1074113, 1, 0, 0
29800, 1167555, 1, 0, 0
29900, 1078324, 1, 0, 0
30000, 1134339, 1, 0, 0
30100, 1165677, 1, 0, 0
30200, 1084707, 1, 0, 0
30301, 1107275, 1, 0, 0
30401, 1090070, 1, 0, 0
30500, 1116335, 1, 0, 0
30600, 1106310, 1, 0, 0
30700, 1086384, 1, 0, 0
30800, 1140966, 1, 0, 0
30900, 1096147, 1, 0, 0
31000, 1099268, 1, 0, 0
31100, 1126881, 1, 0, 0
31200, 1083294, 1, 0, 0
31301, 1179300, 1, 0, 0
31400, 1116208, 1, 0, 0
31500, 1118053, 1, 0, 0
31601, 1069614, 1, 0, 0
31700, 1100117, 1, 0, 0
31800, 1100969, 1, 0, 0
31900, 1116156, 1, 0, 0
32000, 1063128, 1, 0, 0
32100, 1033432, 1, 0, 0
32200, 1094008, 1, 0, 0
32300, 1046352, 1, 0, 0
32400, 1105039, 1, 0, 0
32500, 1150114, 1, 0, 0
32601, 1127829, 1, 0, 0
32701, 1023405, 1, 0, 0
32800, 1092692, 1, 0, 0
32900, 1149765, 1, 0, 0
33000, 1035358, 1, 0, 0
33101, 1095700, 1, 0, 0
33200, 1092620, 1, 0, 0
33300, 1055863, 1, 0, 0
33400, 1119988, 1, 0, 0
33501, 1062817, 1, 0, 0
33600, 1056622, 1, 0, 0
33700, 1082932, 1, 0, 0
33800, 1077149, 1, 0, 0
33900, 1058226, 1, 0, 0
34000, 1078642, 1, 0, 0
34100, 1092999, 1, 0, 0
34201, 1074448, 1, 0, 0
34300, 1123002, 1, 0, 0
34400, 1118791, 1, 0, 0
34500, 1067698, 1, 0, 0
34601, 1089204, 1, 0, 0
34701, 1095659, 1, 0, 0
34800, 1125375, 1, 0, 0
34901, 1076495, 1, 0, 0
35001, 1088561, 1, 0, 0
35100, 1090807, 1, 0, 0
35200, 1115882, 1, 0, 0
35300, 1093413, 1, 0, 0
35400, 1070747, 1, 0, 0
35500, 1100901, 1, 0, 0
35600, 1163108, 1, 0, 0
35700, 1069932, 1, 0, 0
35800, 1174007, 1, 0, 0
35900, 1108138, 1, 0, 0
36000, 1144690, 1, 0, 0
36100, 1074971, 1, 0, 0
36200, 1134034, 1, 0, 0
36300, 1062527, 1, 0, 0
36400, 1131127, 1, 0, 0
36500, 1093597, 1, 0, 0
36600, 1057318, 1, 0, 0
36701, 1117789, 1, 0, 0
36800, 1035659, 1, 0, 0
36900, 1168748, 1, 0, 0
37000, 1140443, 1, 0, 0
37100, 1075816, 1, 0, 0
37200, 1109631, 1, 0, 0
37300, 1105372, 1, 0, 0
37401, 1061742, 1, 0, 0
37501, 1126642, 1, 0, 0
37600, 1102926, 1, 0, 0
37700, 1104525, 1, 0, 0
37800, 1145209, 1, 0, 0
37900, 1097385, 1, 0, 0
38000, 1105038, 1, 0, 0
38100, 1152946, 1, 0, 0
38200, 1123256, 1, 0, 0
38300, 1128667, 1, 0, 0
38400, 1081554, 1, 0, 0
38500, 1076630, 1, 0, 0
38601, 1145002, 1, 0, 0
38700, 1209801, 1, 0, 0
38801, 1073446, 1, 0, 0
38901, 1130775, 1, 0, 0
39000, 1128806, 1, 0, 0
39100, 1148152, 1, 0, 0
39200, 1148949, 1, 0, 0
39300, 1137161, 1, 0, 0
39400, 1122884, 1, 0, 0
39501, 1112474, 1, 0, 0
39600, 1134214, 1, 0, 0
39700, 1192402, 1, 0, 0
39800, 1101185, 1, 0, 0
39900, 1112419, 1, 0, 0
40000, 1099250, 1, 0, 0
40100, 1124995, 1, 0, 0
40201, 1141772, 1, 0, 0
40300, 1138751, 1, 0, 0
40400, 1069606, 1, 0, 0
40500, 1085195, 1, 0, 0
40600, 1097694, 1, 0, 0
40701, 1100886, 1, 0, 0
40801, 1167252, 1, 0, 0
40900, 1058707, 1, 0, 0
41000, 1112795, 1, 0, 0
41100, 1050190, 1, 0, 0
41200, 1120605, 1, 0, 0
41300, 1082117, 1, 0, 0
41400, 1104752, 1, 0, 0
41501, 1101465, 1, 0, 0
41600, 1136367, 1, 0, 0
41701, 1128199, 1, 0, 0
41800, 1132503, 1, 0, 0
41900, 1116134, 1, 0, 0
42000, 1153096, 1, 0, 0
42100, 1063491, 1, 0, 0
42200, 1115086, 1, 0, 0
42300, 1123138, 1, 0, 0
42400, 1075365, 1, 0, 0
42500, 1114115, 1, 0, 0
42600, 1125276, 1, 0, 0
42700, 1113190, 1, 0, 0
42800, 1052012, 1, 0, 0
42900, 1091374, 1, 0, 0
43000, 1122802, 1, 0, 0
43100, 1097795, 1, 0, 0
43200, 1107217, 1, 0, 0
43300, 1096243, 1, 0, 0
43400, 1046526, 1, 0, 0
43500, 1110739, 1, 0, 0
43600, 1096015, 1, 0, 0
43700, 1079882, 1, 0, 0
43800, 1129292, 1, 0, 0
43900, 1078571, 1, 0, 0
44000, 1126929, 1, 0, 0
44101, 1118471, 1, 0, 0
44200, 1115293, 1, 0, 0
44300, 1097640, 1, 0, 0
44401, 1089362, 1, 0, 0
44500, 1108359, 1, 0, 0
44600, 1139557, 1, 0, 0
44700, 1105366, 1, 0, 0
44800, 1098327, 1, 0, 0
44901, 1098538, 1, 0, 0
45000, 1109134, 1, 0, 0
45100, 1108228, 1, 0, 0
45200, 1120606, 1, 0, 0
45300, 1090708, 1, 0, 0
45400, 1098226, 1, 0, 0
45500, 1144525, 1, 0, 0
45600, 1089675, 1, 0, 0
45700, 1095694, 1, 0, 0
45800, 1215813, 1, 0, 0
45900, 1139673, 1, 0, 0
46000, 1108937, 1, 0, 0
46100, 1106191, 1, 0, 0
46200, 1150633, 1, 0, 0
46301, 1174990, 1, 0, 0
46400, 1149828, 1, 0, 0
46501, 1161770, 1, 0, 0
46600, 1150266, 1, 0, 0
46700, 1134499, 1, 0, 0
46800, 1182191, 1, 0, 0
46900, 1133884, 1, 0, 0
47000, 1141674, 1, 0, 0
47101, 1084610, 1, 0, 0
47200, 1098210, 1, 0, 0
47301, 1109039, 1, 0, 0
47400, 1109472, 1, 0, 0
47500, 1213007, 1, 0, 0
47600, 1077235, 1, 0, 0
47700, 1085647, 1, 0, 0
47800, 1149739, 1, 0, 0
47900, 1075991, 1, 0, 0
48000, 1130809, 1, 0, 0
48100, 1126515, 1, 0, 0
48200, 1093346, 1, 0, 0
48300, 1131165, 1, 0, 0
48400, 1101700, 1, 0, 0
48500, 1134804, 1, 0, 0
48600, 1118786, 1, 0, 0
48702, 1148677, 1, 0, 0
48800, 1130098, 1, 0, 0
48900, 1164886, 1, 0, 0
49000, 1102455, 1, 0, 0
49100, 1074192, 1, 0, 0
49201, 1130888, 1, 0, 0
49300, 1064463, 1, 0, 0
49400, 1099249, 1, 0, 0
49500, 1091704, 1, 0, 0
49600, 1060212, 1, 0, 0
49700, 1069793, 1, 0, 0
49800, 1107293, 1, 0, 0
49900, 1158881, 1, 0, 0
50000, 1086122, 1, 0, 0
50101, 1079661, 1, 0, 0
50200, 1086031, 1, 0, 0
50300, 1078538, 1, 0, 0
50400, 1135487, 1, 0, 0
50500, 1015205, 1, 0, 0
50601, 1121668, 1, 0, 0
50700, 1073254, 1, 0, 0
50800, 1104320, 1, 0, 0
50900, 1023176, 1, 0, 0
51001, 1082609, 1, 0, 0
51100, 1086292, 1, 0, 0
51200, 1070577, 1, 0, 0
51301, 1061858, 1, 0, 0
51400, 1120426, 1, 0, 0
51500, 1093795, 1, 0, 0
51600, 1097340, 1, 0, 0
51701, 1058846, 1, 0, 0
51800, 1070433, 1, 0, 0
51900, 1102463, 1, 0, 0
52000, 1088317, 1, 0, 0
52100, 1076052, 1, 0, 0
52200, 1088448, 1, 0, 0
52301, 1105471, 1, 0, 0
52400, 1059603, 1, 0, 0
52500, 1079742, 1, 0, 0
52600, 1082414, 1, 0, 0
52700, 1055342, 1, 0, 0
52800, 1091390, 1, 0, 0
52900, 1159300, 1, 0, 0
53000, 1129151, 1, 0, 0
53100, 1099126, 1, 0, 0
53200, 1061576, 1, 0, 0
53300, 1185616, 1, 0, 0
53400, 1089051, 1, 0, 0
53500, 1079243, 1, 0, 0
53600, 1061017, 1, 0, 0
53700, 1105805, 1, 0, 0
53800, 1093344, 1, 0, 0
53901, 1116471, 1, 0, 0
54000, 1106198, 1, 0, 0
54100, 1051062, 1, 0, 0
54200, 1041845, 1, 0, 0
54300, 1101478, 1, 0, 0
54400, 1107636, 1, 0, 0
54500, 1070917, 1, 0, 0
54600, 1123408, 1, 0, 0
54700, 1025117, 1, 0, 0
54800, 1083181, 1, 0, 0
54900, 1056751, 1, 0, 0
55000, 1059798, 1, 0, 0
55100, 1115698, 1, 0, 0
55200, 1115300, 1, 0, 0
55302, 1120422, 1, 0, 0
55400, 1040863, 1, 0, 0
55500, 1034261, 1, 0, 0
55600, 1095558, 1, 0, 0
55700, 1050106, 1, 0, 0
55801, 1113148, 1, 0, 0
55900, 1143708, 1, 0, 0
56001, 1150339, 1, 0, 0
56100, 1060743, 1, 0, 0
56200, 1071056, 1, 0, 0
56300, 1049551, 1, 0, 0
56400, 1085741, 1, 0, 0
56500, 1069133, 1, 0, 0
56600, 1060209, 1, 0, 0
56700, 1036787, 1, 0, 0
56800, 1008536, 1, 0, 0
56900, 1126323, 1, 0, 0
57000, 1101420, 1, 0, 0
57100, 1114216, 1, 0, 0
57200, 1175292, 1, 0, 0
57300, 1109218, 1, 0, 0
57400, 1094873, 1, 0, 0
57500, 1067246, 1, 0, 0
57601, 1139110, 1, 0, 0
57700, 1134169, 1, 0, 0
57800, 1081840, 1, 0, 0
57900, 1097653, 1, 0, 0
58000, 1102985, 1, 0, 0
58101, 1050362, 1, 0, 0
58200, 1122272, 1, 0, 0
58300, 1116371, 1, 0, 0
58400, 1146521, 1, 0, 0
58501, 1160566, 1, 0, 0
58601, 1074263, 1, 0, 0
58700, 1138015, 1, 0, 0
58800, 1121738, 1, 0, 0
58900, 1094453, 1, 0, 0
59000, 1082833, 1, 0, 0
59100, 1093777, 1, 0, 0
59200, 1101163, 1, 0, 0
59300, 1184457, 1, 0, 0
59400, 1096833, 1, 0, 0
59500, 1126619, 1, 0, 0
59601, 1108425, 1, 0, 0
59700, 1130154, 1, 0, 0
59800, 1069492, 1, 0, 0
59900, 1143723, 1, 0, 0
60000, 1069736, 1, 0, 0
60100, 1113921, 1, 0, 0
60200, 1073309, 1, 0, 0
60300, 1082960, 1, 0, 0
60400, 1117210, 1, 0, 0
60500, 1096222, 1, 0, 0
60600, 1111512, 1, 0, 0
60700, 1124935, 1, 0, 0
60800, 1136519, 1, 0, 0
60900, 1128872, 1, 0, 0
61001, 1162692, 1, 0, 0
61100, 1123234, 1, 0, 0
61200, 1044695, 1, 0, 0
61300, 1089152, 1, 0, 0
61400, 1097325, 1, 0, 0
61502, 1125189, 1, 0, 0
61601, 1081089, 1, 0, 0
61700, 1056812, 1, 0, 0
61800, 1076446, 1, 0, 0
61900, 1156451, 1, 0, 0
62001, 1155941, 1, 0, 0
62100, 1139806, 1, 0, 0
62201, 1100743, 1, 0, 0
62302, 1181155, 1, 0, 0
62400, 1086896, 1, 0, 0
62501, 1065069, 1, 0, 0
62600, 1097406, 1, 0, 0
62700, 1138375, 1, 0, 0
62800, 1161263, 1, 0, 0
62900, 1145229, 1, 0, 0
63000, 1146226, 1, 0, 0
63101, 1146002, 1, 0, 0
63200, 1089633, 1, 0, 0
63300, 1112676, 1, 0, 0
63400, 1112430, 1, 0, 0
63500, 1057329, 1, 0, 0
63600, 1044451, 1, 0, 0
63700, 1094014, 1, 0, 0
63800, 1084571, 1, 0, 0
63900, 1126605, 1, 0, 0
64001, 1066589, 1, 0, 0
64100, 1072478, 1, 0, 0
64200, 1113955, 1, 0, 0
64300, 1114986, 1, 0, 0
64400, 1047242, 1, 0, 0
64500, 1110723, 1, 0, 0
64600, 1129273, 1, 0, 0
64700, 1093599, 1, 0, 0
64800, 1079815, 1, 0, 0
64900, 1214255, 1, 0, 0
65000, 1151461, 1, 0, 0
65101, 1142115, 1, 0, 0
65200, 1092984, 1, 0, 0
65300, 1134231, 1, 0, 0
65400, 1123599, 1, 0, 0
65500, 1056462, 1, 0, 0
65600, 1135135, 1, 0, 0
65701, 1166537, 1, 0, 0
65800, 1195207, 1, 0, 0
65900, 1154309, 1, 0, 0
66000, 1163528, 1, 0, 0
66100, 1077638, 1, 0, 0
66200, 1057253, 1, 0, 0
66300, 1123745, 1, 0, 0
66400, 1124970, 1, 0, 0
66500, 1102455, 1, 0, 0
66600, 1076073, 1, 0, 0
66700, 1056112, 1, 0, 0
66800, 1062686, 1, 0, 0
66901, 1099198, 1, 0, 0
67000, 1168114, 1, 0, 0
67100, 1091833, 1, 0, 0
67201, 1073384, 1, 0, 0
67300, 1089970, 1, 0, 0
67401, 1075617, 1, 0, 0
67500, 1106268, 1, 0, 0
67600, 1108283, 1, 0, 0
67701, 1105323, 1, 0, 0
67800, 1172607, 1, 0, 0
67900, 1116971, 1, 0, 0
68000, 1040090, 1, 0, 0
68100, 1098936, 1, 0, 0
68200, 1165949, 1, 0, 0
68300, 1091188, 1, 0, 0
68400, 1107311, 1, 0, 0
68501, 1076053, 1, 0, 0
68600, 1081000, 1, 0, 0
68700, 1119271, 1, 0, 0
68800, 1042006, 1, 0, 0
68900, 1027413, 1, 0, 0
69000, 1080699, 1, 0, 0
69100, 1068228, 1, 0, 0
69200, 1054019, 1, 0, 0
69300, 1046675, 1, 0, 0
69400, 1056096, 1, 0, 0
69500, 1066477, 1, 0, 0
69600, 1044742, 1, 0, 0
69700, 1016807, 1, 0, 0
69801, 1085764, 1, 0, 0
69900, 1044377, 1, 0, 0
70000, 1108455, 1, 0, 0
70100, 1029955, 1, 0, 0
70200, 1102547, 1, 0, 0
70300, 1069597, 1, 0, 0
70400, 1049312, 1, 0, 0
70500, 1103314, 1, 0, 0
70600, 1037468, 1, 0, 0
70700, 1066641, 1, 0, 0
70800, 1079749, 1, 0, 0
70901, 1098768, 1, 0, 0
71000, 1015756, 1, 0, 0
71101, 1075807, 1, 0, 0
71200, 1080250, 1, 0, 0
71300, 1016908, 1, 0, 0
71400, 1043362, 1, 0, 0
71500, 1038585, 1, 0, 0
71600, 1078725, 1, 0, 0
71700, 1090836, 1, 0, 0
71800, 1100016, 1, 0, 0
71900, 1048241, 1, 0, 0
72001, 1128190, 1, 0, 0
72100, 1068517, 1, 0, 0
72200, 1113167, 1, 0, 0
72300, 1064255, 1, 0, 0
72400, 1062351, 1, 0, 0
72501, 1080929, 1, 0, 0
72600, 1105033, 1, 0, 0
72700, 1173414, 1, 0, 0
72800, 1112482, 1, 0, 0
72900, 1073725, 1, 0, 0
73000, 1125501, 1, 0, 0
73100, 1121895, 1, 0, 0
73200, 1044005, 1, 0, 0
73300, 1117889, 1, 0, 0
73401, 1086686, 1, 0, 0
73500, 1059555, 1, 0, 0
73600, 1062013, 1, 0, 0
73700, 1090315, 1, 0, 0
73801, 1075342, 1, 0, 0
73900, 1056535, 1, 0, 0
74000, 1022713, 1, 0, 0
74100, 1048207, 1, 0, 0
74200, 1061270, 1, 0, 0
74300, 1098161, 1, 0, 0
74400, 1041615, 1, 0, 0
74500, 1062849, 1, 0, 0
74600, 1113786, 1, 0, 0
74700, 1069381, 1, 0, 0
74800, 1060427, 1, 0, 0
74901, 1010956, 1, 0, 0
75000, 1018068, 1, 0, 0
75100, 1092436, 1, 0, 0
75200, 1045774, 1, 0, 0
75301, 1028430, 1, 0, 0
75400, 1046075, 1, 0, 0
75500, 1075432, 1, 0, 0
75600, 1021960, 1, 0, 0
75701, 1036923, 1, 0, 0
75800, 1095180, 1, 0, 0
75900, 1061008, 1, 0, 0
76000, 1062471, 1, 0, 0
76100, 1085283, 1, 0, 0
76201, 1025577, 1, 0, 0
76300, 1054237, 1, 0, 0
76400, 1073985, 1, 0, 0
76500, 1062423, 1, 0, 0
76600, 1015836, 1, 0, 0
76700, 1086657, 1, 0, 0
76800, 1084632, 1, 0, 0
76900, 1031997, 1, 0, 0
77000, 1042489, 1, 0, 0
77100, 1017510, 1, 0, 0
77200, 1070155, 1, 0, 0
77301, 1070021, 1, 0, 0
77400, 1106860, 1, 0, 0
77500, 1099414, 1, 0, 0
77600, 1087946, 1, 0, 0
77700, 1036952, 1, 0, 0
77800, 1058602, 1, 0, 0
77901, 1019102, 1, 0, 0
78001, 1083127, 1, 0, 0
78100, 1074250, 1, 0, 0
78200, 1124852, 1, 0, 0
78300, 1090897, 1, 0, 0
78400, 1080658, 1, 0, 0
78500, 1105214, 1, 0, 0
78600, 1084711, 1, 0, 0
78700, 1114507, 1, 0, 0
78800, 1103654, 1, 0, 0
78900, 1070343, 1, 0, 0
79000, 1043386, 1, 0, 0
79101, 1100246, 1, 0, 0
79200, 1080611, 1, 0, 0
79300, 1072695, 1, 0, 0
79400, 1059832, 1, 0, 0
79500, 1059432, 1, 0, 0
79600, 1083183, 1, 0, 0
79700, 1068915, 1, 0, 0
79800, 1082881, 1, 0, 0
79900, 1098900, 1, 0, 0
80000, 1082845, 1, 0, 0
80100, 1155516, 1, 0, 0
80200, 1127872, 1, 0, 0
80300, 1080507, 1, 0, 0
80400, 1065506, 1, 0, 0
80500, 1049114, 1, 0, 0
80600, 1081767, 1, 0, 0
80700, 1085361, 1, 0, 0
80800, 1109858, 1, 0, 0
80900, 1121548, 1, 0, 0
81000, 1184998, 1, 0, 0
81100, 1117388, 1, 0, 0
81200, 1085754, 1, 0, 0
81300, 1111090, 1, 0, 0
81400, 1096530, 1, 0, 0
81500, 1129859, 1, 0, 0
81600, 1057309, 1, 0, 0
81700, 1079542, 1, 0, 0
81800, 1078973, 1, 0, 0
81900, 1050769, 1, 0, 0
82000, 1095264, 1, 0, 0
82101, 1051684, 1, 0, 0
82200, 1123164, 1, 0, 0
82300, 1036463, 1, 0, 0
82400, 1125735, 1, 0, 0
82500, 1067676, 1, 0, 0
82600, 1148464, 1, 0, 0
82700, 1027089, 1, 0, 0
82800, 1063327, 1, 0, 0
82900, 1049752, 1, 0, 0
83000, 1076116, 1, 0, 0
83100, 1083478, 1, 0, 0
83200, 1073492, 1, 0, 0
83301, 1090311, 1, 0, 0
83400, 1062552, 1, 0, 0
83500, 1078801, 1, 0, 0
83600, 1066944, 1, 0, 0
83700, 1025467, 1, 0, 0
83800, 1069026, 1, 0, 0
83901, 1067717, 1, 0, 0
84000, 1073079, 1, 0, 0
84100, 1078588, 1, 0, 0
84200, 1044715, 1, 0, 0
84300, 1114366, 1, 0, 0
84400, 1104030, 1, 0, 0
84500, 1007395, 1, 0, 0
84600, 1097517, 1, 0, 0
84700, 1069169, 1, 0, 0
84800, 1131126, 1, 0, 0
84900, 1073001, 1, 0, 0
85000, 1069371, 1, 0, 0
85100, 1125561, 1, 0, 0
85200, 1064943, 1, 0, 0
85300, 1062693, 1, 0, 0
85400, 1070559, 1, 0, 0
85500, 1010105, 1, 0, 0
85600, 1061952, 1, 0, 0
85700, 1032143, 1, 0, 0
85800, 1041067, 1, 0, 0
85900, 1086200, 1, 0, 0
86000, 1035756, 1, 0, 0
86100, 1089276, 1, 0, 0
86200, 1046416, 1, 0, 0
86300, 1033751, 1, 0, 0
86400, 1106420, 1, 0, 0
86500, 1006530, 1, 0, 0
86600, 1058629, 1, 0, 0
86700, 1062407, 1, 0, 0
86801, 1113150, 1, 0, 0
86900, 1064538, 1, 0, 0
87001, 1068348, 1, 0, 0
87100, 1024123, 1, 0, 0
87200, 1130251, 1, 0, 0
87300, 1084729, 1, 0, 0
87401, 1058843, 1, 0, 0
87500, 1100109, 1, 0, 0
87600, 1076338, 1, 0, 0
87700, 1093904, 1, 0, 0
87800, 1101511, 1, 0, 0
87900, 1118946, 1, 0, 0
88000, 1062284, 1, 0, 0
88100, 1035042, 1, 0, 0
88200, 1066854, 1, 0, 0
88301, 1094162, 1, 0, 0
88400, 1127662, 1, 0, 0
88500, 1121058, 1, 0, 0
88600, 1125429, 1, 0, 0
88700, 1121681, 1, 0, 0
88800, 1160277, 1, 0, 0
88900, 1116347, 1, 0, 0
89000, 1096252, 1, 0, 0
89100, 1092831, 1, 0, 0
89200, 1064028, 1, 0, 0
89301, 1044002, 1, 0, 0
89400, 1081633, 1, 0, 0
89500, 1056392, 1, 0, 0
89600, 1064084, 1, 0, 0
89700, 1028495, 1, 0, 0
89801, 1104607, 1, 0, 0
89901, 1079016, 1, 0, 0
90000, 1039400, 1, 0, 0
90100, 1056505, 1, 0, 0
90200, 1011348, 1, 0, 0
90300, 1149773, 1, 0, 0
90401, 1055514, 1, 0, 0
90500, 1088980, 1, 0, 0
90600, 1084815, 1, 0, 0
90700, 1070000, 1, 0, 0
90800, 1058258, 1, 0, 0
90900, 1092290, 1, 0, 0
91000, 1056638, 1, 0, 0
91100, 1067780, 1, 0, 0
91200, 1034671, 1, 0, 0
91300, 1041075, 1, 0, 0
91400, 1110053, 1, 0, 0
91500, 1104441, 1, 0, 0
91600, 1098117, 1, 0, 0
91700, 1118424, 1, 0, 0
91801, 1017233, 1, 0, 0
91900, 1091643, 1, 0, 0
92000, 1069329, 1, 0, 0
92100, 1056463, 1, 0, 0
92200, 1064279, 1, 0, 0
92300, 1053599, 1, 0, 0
92400, 1096786, 1, 0, 0
92500, 1050487, 1, 0, 0
92601, 1049151, 1, 0, 0
92700, 1084732, 1, 0, 0
92801, 1037110, 1, 0, 0
92900, 1065702, 1, 0, 0
93000, 1041780, 1, 0, 0
93100, 1110513, 1, 0, 0
93200, 1086773, 1, 0, 0
93300, 1083525, 1, 0, 0
93400, 1106149, 1, 0, 0
93500, 1079934, 1, 0, 0
93600, 1047925, 1, 0, 0
93700, 1078794, 1, 0, 0
93800, 1026566, 1, 0, 0
93901, 1069125, 1, 0, 0
94000, 1006772, 1, 0, 0
94100, 1046504, 1, 0, 0
94200, 1058848, 1, 0, 0
94300, 1047748, 1, 0, 0
94400, 1082455, 1, 0, 0
94500, 1074266, 1, 0, 0
94600, 1040153, 1, 0, 0
94700, 1064519, 1, 0, 0
94800, 1055763, 1, 0, 0
94901, 1069594, 1, 0, 0
95000, 1022265, 1, 0, 0
95100, 1130513, 1, 0, 0
95201, 1099607, 1, 0, 0
95300, 1041254, 1, 0, 0
95401, 1077118, 1, 0, 0
95503, 1126369, 1, 0, 0
95600, 1050885, 1, 0, 0
95702, 1064705, 1, 0, 0
95800, 1078996, 1, 0, 0
95900, 1056729, 1, 0, 0
96000, 1074579, 1, 0, 0
96100, 1014623, 1, 0, 0
96200, 1029624, 1, 0, 0
96300, 1038180, 1, 0, 0
96400, 1009928, 1, 0, 0
96500, 1010189, 1, 0, 0
96600, 1041783, 1, 0, 0
96700, 1054606, 1, 0, 0
96800, 1068515, 1, 0, 0
96900, 1057660, 1, 0, 0
97000, 1094713, 1, 0, 0
97100, 1032275, 1, 0, 0
97200, 1041225, 1, 0, 0
97301, 1019181, 1, 0, 0
97400, 1072807, 1, 0, 0
97500, 1045577, 1, 0, 0
97600, 1070262, 1, 0, 0
97700, 1057395, 1, 0, 0
97800, 1109660, 1, 0, 0
97900, 1032085, 1, 0, 0
98000, 1079552, 1, 0, 0
98100, 1068813, 1, 0, 0
98200, 1035417, 1, 0, 0
98300, 1055851, 1, 0, 0
98400, 1096129, 1, 0, 0
98500, 1035860, 1, 0, 0
98600, 1070079, 1, 0, 0
98700, 1017056, 1, 0, 0
98800, 1115661, 1, 0, 0
98900, 1056885, 1, 0, 0
99000, 1056732, 1, 0, 0
99100, 1084455, 1, 0, 0
99200, 1050041, 1, 0, 0
99300, 1007826, 1, 0, 0
99400, 989923, 1, 0, 0
99500, 1041251, 1, 0, 0
99601, 1053466, 1, 0, 0
99700, 1043581, 1, 0, 0
99800, 1058568, 1, 0, 0
99900, 1062338, 1, 0, 0
100000, 1036562, 1, 0, 0
100100, 1055508, 1, 0, 0
100200, 1050104, 1, 0, 0
100300, 1080066, 1, 0, 0
100400, 1037151, 1, 0, 0
100500, 1037038, 1, 0, 0
100600, 1079635, 1, 0, 0
100700, 1075613, 1, 0, 0
100800, 1117566, 1, 0, 0
100900, 1017628, 1, 0, 0
101000, 1059984, 1, 0, 0
101100, 1053189, 1, 0, 0
101200, 1066631, 1, 0, 0
101300, 1045062, 1, 0, 0
101400, 1060974, 1, 0, 0
101500, 1071223, 1, 0, 0
101600, 1063708, 1, 0, 0
101701, 1054210, 1, 0, 0
101800, 1012149, 1, 0, 0
101900, 1102468, 1, 0, 0
102000, 1065706, 1, 0, 0
102100, 1033236, 1, 0, 0
102200, 1050122, 1, 0, 0
102300, 1068001, 1, 0, 0
102400, 1131658, 1, 0, 0
102500, 1063410, 1, 0, 0
102600, 1025724, 1, 0, 0
102700, 1048330, 1, 0, 0
102800, 1069960, 1, 0, 0
102900, 1038865, 1, 0, 0
103000, 1065274, 1, 0, 0
103100, 1013206, 1, 0, 0
103201, 1077436, 1, 0, 0
103300, 1019070, 1, 0, 0
103400, 1077747, 1, 0, 0
103500, 1119252, 1, 0, 0
103600, 1094613, 1, 0, 0
103700, 1113417, 1, 0, 0
103800, 1024926, 1, 0, 0
103900, 1070642, 1, 0, 0
104000, 1084230, 1, 0, 0
104100, 1085795, 1, 0, 0
104201, 1061196, 1, 0, 0
104300, 1024848, 1, 0, 0
104400, 1000601, 1, 0, 0
104500, 1013456, 1, 0, 0
104600, 1046782, 1, 0, 0
104700, 1079592, 1, 0, 0
104800, 1086668, 1, 0, 0
104901, 1058134, 1, 0, 0
105000, 1034722, 1, 0, 0
105100, 1059284, 1, 0, 0
105200, 1037081, 1, 0, 0
105300, 1057284, 1, 0, 0
105401, 1075096, 1, 0, 0
105501, 1028908, 1, 0, 0
105601, 1032668, 1, 0, 0
105700, 1027619, 1, 0, 0
105800, 1049357, 1, 0, 0
105901, 1077499, 1, 0, 0
106000, 1063744, 1, 0, 0
106100, 1070137, 1, 0, 0
106200, 1011925, 1, 0, 0
106300, 1030922, 1, 0, 0
106401, 1045719, 1, 0, 0
106500, 1056958, 1, 0, 0
106600, 1061169, 1, 0, 0
106700, 1038668, 1, 0, 0
106800, 1053548, 1, 0, 0
106900, 1056603, 1, 0, 0
107000, 1067002, 1, 0, 0
107100, 1106416, 1, 0, 0
107200, 1101326, 1, 0, 0
107300, 1080226, 1, 0, 0
107400, 1025654, 1, 0, 0
107500, 1086885, 1, 0, 0
107600, 1049131, 1, 0, 0
107701, 1035495, 1, 0, 0
107800, 1074602, 1, 0, 0
107900, 1065770, 1, 0, 0
108000, 1078154, 1, 0, 0
108101, 1045297, 1, 0, 0
108200, 1069552, 1, 0, 0
108301, 1038384, 1, 0, 0
108400, 1049483, 1, 0, 0
108500, 1055583, 1, 0, 0
108600, 1048391, 1, 0, 0
108700, 1049988, 1, 0, 0
108800, 1051403, 1, 0, 0
108900, 1017425, 1, 0, 0
109000, 1033931, 1, 0, 0
109100, 1068273, 1, 0, 0
109200, 1052704, 1, 0, 0
109300, 1081704, 1, 0, 0
109400, 1036034, 1, 0, 0
109500, 1072786, 1, 0, 0
109600, 1070759, 1, 0, 0
109700, 1120167, 1, 0, 0
109800, 1021907, 1, 0, 0
109901, 1025021, 1, 0, 0
110001, 1005028, 1, 0, 0
110100, 1058011, 1, 0, 0
110200, 1055511, 1, 0, 0
110301, 1032867, 1, 0, 0
110400, 1065330, 1, 0, 0
110500, 1133421, 1, 0, 0
110600, 1070103, 1, 0, 0
110700, 1114178, 1, 0, 0
110800, 1145381, 1, 0, 0
110902, 1051508, 1, 0, 0
111001, 1026454, 1, 0, 0
111100, 1071623, 1, 0, 0
111200, 1064291, 1, 0, 0
111300, 1046552, 1, 0, 0
111400, 1085893, 1, 0, 0
111500, 1048197, 1, 0, 0
111600, 994380, 1, 0, 0
111700, 1045534, 1, 0, 0
111800, 1064712, 1, 0, 0
111900, 993157, 1, 0, 0
112000, 1041639, 1, 0, 0
112100, 1031121, 1, 0, 0
112201, 1027502, 1, 0, 0
112300, 997230, 1, 0, 0
112400, 1059727, 1, 0, 0
112500, 1042633, 1, 0, 0
112600, 1053240, 1, 0, 0
112700, 1048293, 1, 0, 0
112800, 1052255, 1, 0, 0
112900, 1035521, 1, 0, 0
113000, 1048618, 1, 0, 0
113100, 1031512, 1, 0, 0
113200, 1018093, 1, 0, 0
113300, 1056716, 1, 0, 0
113400, 1098049, 1, 0, 0
113501, 1013405, 1, 0, 0
113600, 1104593, 1, 0, 0
113700, 1044526, 1, 0, 0
113800, 973888, 1, 0, 0
113900, 1036752, 1, 0, 0
114000, 998234, 1, 0, 0
114101, 1048266, 1, 0, 0
114200, 1055551, 1, 0, 0
114300, 1056543, 1, 0, 0
114400, 1044216, 1, 0, 0
114501, 1015718, 1, 0, 0
114600, 1020872, 1, 0, 0
114700, 978188, 1, 0, 0
114800, 1022338, 1, 0, 0
114900, 1034783, 1, 0, 0
115000, 1114064, 1, 0, 0
115100, 1059899, 1, 0, 0
115200, 1036495, 1, 0, 0
115300, 1000734, 1, 0, 0
115400, 1049210, 1, 0, 0
115501, 999182, 1, 0, 0
115600, 1023856, 1, 0, 0
115700, 1034561, 1, 0, 0
115800, 1065551, 1, 0, 0
115900, 1094965, 1, 0, 0
116000, 1016431, 1, 0, 0
116100, 1040153, 1, 0, 0
116201, 1026378, 1, 0, 0
116300, 981006, 1, 0, 0
116400, 1011871, 1, 0, 0
116500, 1016693, 1, 0, 0
116600, 1032875, 1, 0, 0
116700, 1017628, 1, 0, 0
116800, 1019611, 1, 0, 0
116900, 1064543, 1, 0, 0
117000, 1071576, 1, 0, 0
117100, 1016045, 1, 0, 0
117200, 986562, 1, 0, 0
117300, 1010902, 1, 0, 0
117400, 1134647, 1, 0, 0
117500, 1057113, 1, 0, 0
117601, 1077937, 1, 0, 0
117700, 1021236, 1, 0, 0
117800, 1012877, 1, 0, 0
117900, 1054594, 1, 0, 0
118000, 1063379, 1, 0, 0
118100, 980596, 1, 0, 0
118200, 983806, 1, 0, 0
118300, 1027442, 1, 0, 0
118400, 1013057, 1, 0, 0
118500, 1033736, 1, 0, 0
118600, 1042631, 1, 0, 0
118700, 1035583, 1, 0, 0
118800, 1022272, 1, 0, 0
118900, 1070713, 1, 0, 0
119000, 1049181, 1, 0, 0
119100, 1057769, 1, 0, 0
119200, 1065210, 1, 0, 0
119300, 1014347, 1, 0, 0
119400, 1043901, 1, 0, 0
119500, 1074565, 1, 0, 0
119600, 1026721, 1, 0, 0
119701, 1025898, 1, 0, 0
119800, 1040441, 1, 0, 0
119900, 1019596, 1, 0, 0
120000, 1022264, 1, 0, 0
120101, 1023910, 1, 0, 0
120200, 1013956, 1, 0, 0
120301, 1025148, 1, 0, 0
120400, 1055295, 1, 0, 0
120500, 1006164, 1, 0, 0
120600, 1010862, 1, 0, 0
120700, 988686, 1, 0, 0
120800, 987895, 1, 0, 0
120900, 1097692, 1, 0, 0
121000, 1006055, 1, 0, 0
121100, 1020542, 1, 0, 0
121200, 1063193, 1, 0, 0
121300, 1032648, 1, 0, 0
121400, 1018165, 1, 0, 0
121500, 1026016, 1, 0, 0
121600, 1016490, 1, 0, 0
121700, 1030704, 1, 0, 0
121800, 1021870, 1, 0, 0
121900, 1072047, 1, 0, 0
122000, 1108468, 1, 0, 0
122100, 1006828, 1, 0, 0
122200, 1000912, 1, 0, 0
122300, 1032152, 1, 0, 0
122401, 1063043, 1, 0, 0
122501, 1025684, 1, 0, 0
122600, 1030093, 1, 0, 0
122700, 1011844, 1, 0, 0
122800, 1027215, 1, 0, 0
122900, 1025199, 1, 0, 0
123000, 1065664, 1, 0, 0
123100, 1061033, 1, 0, 0
123200, 1213304, 1, 0, 0
123300, 1073366, 1, 0, 0
123400, 1059941, 1, 0, 0
123500, 1059680, 1, 0, 0
123601, 1135081, 1, 0, 0
123701, 1054961, 1, 0, 0
123800, 1012030, 1, 0, 0
123900, 1032436, 1, 0, 0
124000, 1018585, 1, 0, 0
124100, 1080199, 1, 0, 0
124200, 1038242, 1, 0, 0
124300, 1029692, 1, 0, 0
124400, 1052573, 1, 0, 0
124501, 1021458, 1, 0, 0
124600, 1033184, 1, 0, 0
124700, 1044899, 1, 0, 0
124800, 1059701, 1, 0, 0
124900, 1039026, 1, 0, 0
125000, 975184, 1, 0, 0
125100, 994180, 1, 0, 0
125200, 1037642, 1, 0, 0
125300, 1043888, 1, 0, 0
125400, 1033926, 1, 0, 0
125501, 1018472, 1, 0, 0
125600, 1015169, 1, 0, 0
125700, 1020645, 1, 0, 0
125800, 1051025, 1, 0, 0
125900, 1033242, 1, 0, 0
126001, 1068334, 1, 0, 0
126100, 1016398, 1, 0, 0
126200, 1049432, 1, 0, 0
126300, 1032881, 1, 0, 0
126400, 1002297, 1, 0, 0
126500, 1014796, 1, 0, 0
126600, 1054199, 1, 0, 0
126700, 1045714, 1, 0, 0
126800, 1095273, 1, 0, 0
126901, 1036077, 1, 0, 0
127000, 1025857, 1, 0, 0
127100, 1068353, 1, 0, 0
127200, 981534, 1, 0, 0
127300, 1004608, 1, 0, 0
127400, 1000316, 1, 0, 0
127500, 1003905, 1, 0, 0
127600, 1025333, 1, 0, 0
127700, 1030782, 1, 0, 0
127800, 1041741, 1, 0, 0
127900, 1055372, 1, 0, 0
128000, 1063670, 1, 0, 0
128100, 1024737, 1, 0, 0
128200, 992419, 1, 0, 0
128300, 1029588, 1, 0, 0
128400, 1044262, 1, 0, 0
128500, 1011767, 1, 0, 0
128600, 1034730, 1, 0, 0
128700, 998837, 1, 0, 0
128800, 1026201, 1, 0, 0
128900, 1043594, 1, 0, 0
129000, 1047147, 1, 0, 0
129100, 1032726, 1, 0, 0
129200, 1022253, 1, 0, 0
129300, 988246, 1, 0, 0
129400, 1045517, 1, 0, 0
129501, 1025497, 1, 0, 0
129600, 1009249, 1, 0, 0
129700, 1018216, 1, 0, 0
129800, 1019771, 1, 0, 0
129901, 1006202, 1, 0, 0
130001, 978728, 1, 0, 0
130100, 972606, 1, 0, 0
130201, 1029719, 1, 0, 0
130300, 1099133, 1, 0, 0
130400, 1047528, 1, 0, 0
130500, 1028249, 1, 0, 0
130600, 1061513, 1, 0, 0
130700, 1043196, 1, 0, 0
130800, 1052228, 1, 0, 0
130900, 1076354, 1, 0, 0
131000, 1019720, 1, 0, 0
131100, 1018835, 1, 0, 0
131200, 1014271, 1, 0, 0
131300, 1037170, 1, 0, 0
131400, 1044040, 1, 0, 0
131500, 1030024, 1, 0, 0
131600, 1007777, 1, 0, 0
131700, 1062404, 1, 0, 0
131800, 1069098, 1, 0, 0
131900, 1042784, 1, 0, 0
132000, 1037927, 1, 0, 0
132100, 1059619, 1, 0, 0
132200, 1025978, 1, 0, 0
132300, 1076327, 1, 0, 0
132400, 1074596, 1, 0, 0
132501, 1086480, 1, 0, 0
132600, 1030364, 1, 0, 0
132700, 1066272, 1, 0, 0
132800, 1037338, 1, 0, 0
132900, 1038085, 1, 0, 0
133002, 1025863, 1, 0, 0
133100, 1055704, 1, 0, 0
133200, 1073918, 1, 0, 0
133300, 1025865, 1, 0, 0
133400, 1009416, 1, 0, 0
133500, 1063350, 1, 0, 0
133600, 1088208, 1, 0, 0
133700, 1044202, 1, 0, 0
133800, 1079161, 1, 0, 0
133900, 1060928, 1, 0, 0
134000, 1057053, 1, 0, 0
134100, 1047739, 1, 0, 0
134200, 1019355, 1, 0, 0
134300, 1059167, 1, 0, 0
134400, 1050277, 1, 0, 0
134500, 1051782, 1, 0, 0
134600, 1083367, 1, 0, 0
134700, 1080592, 1, 0, 0
134800, 1018375, 1, 0, 0
134900, 1013626, 1, 0, 0
135000, 1084423, 1, 0, 0
135100, 1064951, 1, 0, 0
135200, 992038, 1, 0, 0
135300, 1045250, 1, 0, 0
135400, 1038976, 1, 0, 0
135500, 1040741, 1, 0, 0
135600, 1031082, 1, 0, 0
135700, 1026737, 1, 0, 0
135800, 1038107, 1, 0, 0
135900, 1030249, 1, 0, 0
136000, 1026113, 1, 0, 0
136100, 1048973, 1, 0, 0
136201, 1035360, 1, 0, 0
136300, 1023120, 1, 0, 0
136400, 1039318, 1, 0, 0
136500, 1036846, 1, 0, 0
136600, 1046541, 1, 0, 0
136701, 1026686, 1, 0, 0
136800, 1056297, 1, 0, 0
136900, 1028266, 1, 0, 0
137000, 1046740, 1, 0, 0
137100, 1076440, 1, 0, 0
137200, 1055539, 1, 0, 0
137300, 1072075, 1, 0, 0
137400, 1054352, 1, 0, 0
137500, 1014049, 1, 0, 0
137601, 1058882, 1, 0, 0
137700, 1046294, 1, 0, 0
137800, 1054470, 1, 0, 0
137900, 1003000, 1, 0, 0
138000, 1079622, 1, 0, 0
138100, 1028341, 1, 0, 0
138200, 1003664, 1, 0, 0
138300, 1084102, 1, 0, 0
138400, 1041821, 1, 0, 0
138500, 1026254, 1, 0, 0
138600, 1026296, 1, 0, 0
138700, 1041319, 1, 0, 0
138800, 1003698, 1, 0, 0
138901, 1045665, 1, 0, 0
139000, 1035671, 1, 0, 0
139100, 1020756, 1, 0, 0
139201, 1058298, 1, 0, 0
139300, 1020772, 1, 0, 0
139401, 1030027, 1, 0, 0
139500, 995262, 1, 0, 0
139600, 1019499, 1, 0, 0
139700, 1038412, 1, 0, 0
139800, 1027798, 1, 0, 0
139900, 1070997, 1, 0, 0
140000, 1056227, 1, 0, 0
140100, 1055949, 1, 0, 0
140200, 1062957, 1, 0, 0
140300, 1014780, 1, 0, 0
140400, 1049748, 1, 0, 0
140500, 1042863, 1, 0, 0
140600, 995554, 1, 0, 0
140700, 982967, 1, 0, 0
140801, 1059226, 1, 0, 0
140900, 1017227, 1, 0, 0
141000, 1004324, 1, 0, 0
141100, 1008608, 1, 0, 0
141200, 1073567, 1, 0, 0
141300, 1071736, 1, 0, 0
141400, 1032196, 1, 0, 0
141501, 1032236, 1, 0, 0
141600, 1063841, 1, 0, 0
141700, 1021302, 1, 0, 0
141800, 1026275, 1, 0, 0
141900, 1052490, 1, 0, 0
142001, 1073415, 1, 0, 0
142100, 1074997, 1, 0, 0
142200, 1103757, 1, 0, 0
142300, 1065276, 1, 0, 0
142400, 1033011, 1, 0, 0
142500, 1062774, 1, 0, 0
142600, 1033824, 1, 0, 0
142701, 1039649, 1, 0, 0
142800, 1071039, 1, 0, 0
142900, 1083107, 1, 0, 0
143000, 1042741, 1, 0, 0
143100, 1069477, 1, 0, 0
143200, 1067456, 1, 0, 0
143300, 1060605, 1, 0, 0
143401, 1078218, 1, 0, 0
143501, 1042385, 1, 0, 0
143600, 1051722, 1, 0, 0
143700, 1068936, 1, 0, 0
143800, 1062344, 1, 0, 0
143900, 1003772, 1, 0, 0
144000, 1022608, 1, 0, 0
144100, 1074461, 1, 0, 0
144200, 1044586, 1, 0, 0
144300, 1043778, 1, 0, 0
144400, 995994, 1, 0, 0
144500, 1051652, 1, 0, 0
144600, 1075556, 1, 0, 0
144700, 1008046, 1, 0, 0
144801, 1094844, 1, 0, 0
144901, 1033247, 1, 0, 0
145000, 1064445, 1, 0, 0
145100, 1028500, 1, 0, 0
145201, 1007666, 1, 0, 0
145300, 1051479, 1, 0, 0
145400, 1056221, 1, 0, 0
145501, 1073250, 1, 0, 0
145600, 1023795, 1, 0, 0
145700, 1009995, 1, 0, 0
145801, 1115382, 1, 0, 0
145900, 1055753, 1, 0, 0
146000, 1041168, 1, 0, 0
146100, 1011735, 1, 0, 0
146200, 1028297, 1, 0, 0
146300, 1104590, 1, 0, 0
146400, 1042894, 1, 0, 0
146500, 1046831, 1, 0, 0
146600, 1050639, 1, 0, 0
146701, 1034055, 1, 0, 0
146800, 997323, 1, 0, 0
146900, 1001310, 1, 0, 0
147000, 1059434, 1, 0, 0
147100, 1031948, 1, 0, 0
147200, 1039554, 1, 0, 0
147300, 1037804, 1, 0, 0
147400, 1047908, 1, 0, 0
147500, 999065, 1, 0, 0
147600, 1062359, 1, 0, 0
147700, 1016769, 1, 0, 0
147801, 1046791, 1, 0, 0
147900, 1078815, 1, 0, 0
148000, 1029595, 1, 0, 0
148100, 1036204, 1, 0, 0
148200, 1104013, 1, 0, 0
148300, 1028041, 1, 0, 0
148400, 1021130, 1, 0, 0
148500, 1023767, 1, 0, 0
148600, 1049983, 1, 0, 0
148700, 1029644, 1, 0, 0
148800, 1024211, 1, 0, 0
148900, 1032674, 1, 0, 0
149000, 1030686, 1, 0, 0
149100, 1056141, 1, 0, 0
149200, 1081510, 1, 0, 0
149300, 1050571, 1, 0, 0
149401, 1051209, 1, 0, 0
149500, 1032424, 1, 0, 0
149600, 1098934, 1, 0, 0
149700, 1073789, 1, 0, 0
149800, 1035818, 1, 0, 0
149900, 1014178, 1, 0, 0
150000, 1026097, 1, 0, 0
150100, 1042305, 1, 0, 0
150200, 1046700, 1, 0, 0
150300, 1034917, 1, 0, 0
150400, 1040856, 1, 0, 0
150500, 1069615, 1, 0, 0
150600, 1020489, 1, 0, 0
150700, 1011614, 1, 0, 0
150800, 1021343, 1, 0, 0
150900, 1017139, 1, 0, 0
151000, 1040573, 1, 0, 0
151101, 1029922, 1, 0, 0
151201, 1050162, 1, 0, 0
151300, 1073598, 1, 0, 0
151400, 1019132, 1, 0, 0
151502, 1065478, 1, 0, 0
151600, 1044788, 1, 0, 0
151702, 1079212, 1, 0, 0
151800, 1035884, 1, 0, 0
151901, 995759, 1, 0, 0
152001, 1072375, 1, 0, 0
152100, 1046824, 1, 0, 0
152200, 1026867, 1, 0, 0
152300, 1079905, 1, 0, 0
152400, 1034414, 1, 0, 0
152500, 1095405, 1, 0, 0
152600, 1026528, 1, 0, 0
152700, 1060280, 1, 0, 0
152800, 1072421, 1, 0, 0
152900, 993341, 1, 0, 0
153000, 1034435, 1, 0, 0
153101, 1012918, 1, 0, 0
153200, 1063406, 1, 0, 0
153300, 1021123, 1, 0, 0
153400, 1031082, 1, 0, 0
153500, 1060504, 1, 0, 0
153600, 1078265, 1, 0, 0
153700, 1026672, 1, 0, 0
153800, 1050181, 1, 0, 0
153900, 1051653, 1, 0, 0
154000, 1046425, 1, 0, 0
154100, 1022149, 1, 0, 0
154200, 1111574, 1, 0, 0
154300, 1076039, 1, 0, 0
154400, 1095083, 1, 0, 0
154500, 1049907, 1, 0, 0
154600, 1021962, 1, 0, 0
154700, 1051204, 1, 0, 0
154800, 1073289, 1, 0, 0
154900, 1003703, 1, 0, 0
155000, 1055803, 1, 0, 0
155101, 1029836, 1, 0, 0
155200, 1078066, 1, 0, 0
155300, 1068342, 1, 0, 0
155400, 1085167, 1, 0, 0
155500, 1086128, 1, 0, 0
155600, 1014460, 1, 0, 0
155700, 997994, 1, 0, 0
155800, 1021479, 1, 0, 0
155900, 1049434, 1, 0, 0
156001, 1023182, 1, 0, 0
156100, 1013522, 1, 0, 0
156200, 1015960, 1, 0, 0
156300, 1033828, 1, 0, 0
156400, 1036212, 1, 0, 0
156500, 1028380, 1, 0, 0
156601, 1045862, 1, 0, 0
156701, 1054373, 1, 0, 0
156800, 1035331, 1, 0, 0
156900, 1049998, 1, 0, 0
157000, 1075188, 1, 0, 0
157100, 1003531, 1, 0, 0
157201, 1086188, 1, 0, 0
157300, 1007473, 1, 0, 0
157400, 1071464, 1, 0, 0
157500, 1078619, 1, 0, 0
157601, 1075470, 1, 0, 0
157700, 1079021, 1, 0, 0
157800, 1077823, 1, 0, 0
157900, 1027126, 1, 0, 0
158000, 1064138, 1, 0, 0
158100, 1055887, 1, 0, 0
158200, 1033174, 1, 0, 0
158300, 1035188, 1, 0, 0
158400, 1025215, 1, 0, 0
158500, 1084064, 1, 0, 0
158600, 1116646, 1, 0, 0
158700, 1058404, 1, 0, 0
158800, 1060719, 1, 0, 0
158900, 1083741, 1, 0, 0
159000, 1035580, 1, 0, 0
159100, 1034195, 1, 0, 0
159200, 1048968, 1, 0, 0
159300, 1013189, 1, 0, 0
159401, 1074625, 1, 0, 0
159500, 1082353, 1, 0, 0
159600, 1058092, 1, 0, 0
159700, 1008119, 1, 0, 0
159800, 1071088, 1, 0, 0
159900, 1066439, 1, 0, 0
160000, 1031839, 1, 0, 0
160100, 1017414, 1, 0, 0
160200, 1070697, 1, 0, 0
160300, 1107030, 1, 0, 0
160400, 1069228, 1, 0, 0
160500, 1086838, 1, 0, 0
160601, 1079019, 1, 0, 0
160700, 1128723, 1, 0, 0
160800, 1074544, 1, 0, 0
160900, 1083225, 1, 0, 0
161000, 1062432, 1, 0, 0
161100, 1073739, 1, 0, 0
161200, 1029255, 1, 0, 0
161300, 1024196, 1, 0, 0
161400, 1078017, 1, 0, 0
161501, 1066885, 1, 0, 0
161601, 1115817, 1, 0, 0
161700, 1052138, 1, 0, 0
161800, 1012057, 1, 0, 0
161900, 1048551, 1, 0, 0
162000, 1048230, 1, 0, 0
162100, 1043959, 1, 0, 0
162200, 1024697, 1, 0, 0
162300, 1079707, 1, 0, 0
162400, 1047397, 1, 0, 0
162500, 1078669, 1, 0, 0
162600, 1055771, 1, 0, 0
162700, 1071546, 1, 0, 0
162800, 1019350, 1, 0, 0
162900, 1006453, 1, 0, 0
163000, 1041274, 1, 0, 0
163100, 1038228, 1, 0, 0
163200, 1040091, 1, 0, 0
163300, 1046200, 1, 0, 0
163400, 1079543, 1, 0, 0
163500, 1087179, 1, 0, 0
163600, 1055574, 1, 0, 0
163700, 1049001, 1, 0, 0
163800, 1030019, 1, 0, 0
163901, 1041148, 1, 0, 0
164000, 1073110, 1, 0, 0
164100, 979967, 1, 0, 0
164200, 1034424, 1, 0, 0
164300, 1036254, 1, 0, 0
164400, 1042252, 1, 0, 0
164500, 1013816, 1, 0, 0
164600, 1092451, 1, 0, 0
164700, 1031393, 1, 0, 0
164800, 1039082, 1, 0, 0
164901, 1018302, 1, 0, 0
165000, 1045002, 1, 0, 0
165100, 1017017, 1, 0, 0
165200, 1038168, 1, 0, 0
165300, 1052875, 1, 0, 0
165400, 1023795, 1, 0, 0
165500, 1015251, 1, 0, 0
165600, 1031281, 1, 0, 0
165700, 1025667, 1, 0, 0
165800, 1033470, 1, 0, 0
165900, 1079663, 1, 0, 0
166000, 1034856, 1, 0, 0
166100, 1027946, 1, 0, 0
166200, 1101045, 1, 0, 0
166300, 1041904, 1, 0, 0
166401, 1052532, 1, 0, 0
166500, 1019622, 1, 0, 0
166600, 1086484, 1, 0, 0
166700, 1011654, 1, 0, 0
166800, 1002167, 1, 0, 0
166900, 1028970, 1, 0, 0
167000, 1013173, 1, 0, 0
167100, 1078074, 1, 0, 0
167200, 1024707, 1, 0, 0
167300, 1047433, 1, 0, 0
167400, 1056767, 1, 0, 0
167500, 1082753, 1, 0, 0
167600, 1067111, 1, 0, 0
167700, 1034655, 1, 0, 0
167800, 1011858, 1, 0, 0
167900, 1047561, 1, 0, 0
168000, 1019275, 1, 0, 0
168100, 1054346, 1, 0, 0
168200, 1064923, 1, 0, 0
168300, 1046959, 1, 0, 0
168400, 1056788, 1, 0, 0
168500, 1097352, 1, 0, 0
168600, 1004897, 1, 0, 0
168700, 1019375, 1, 0, 0
168800, 998554, 1, 0, 0
168900, 986865, 1, 0, 0
169000, 998971, 1, 0, 0
169100, 1041646, 1, 0, 0
169200, 1036048, 1, 0, 0
169300, 1066506, 1, 0, 0
169400, 1057887, 1, 0, 0
169500, 1027004, 1, 0, 0
169600, 1005320, 1, 0, 0
169700, 1046050, 1, 0, 0
169800, 1014901, 1, 0, 0
169900, 1041855, 1, 0, 0
170000, 1062260, 1, 0, 0
170101, 1046546, 1, 0, 0
170200, 1033811, 1, 0, 0
170300, 1028480, 1, 0, 0
170400, 1008836, 1, 0, 0
170500, 1022782, 1, 0, 0
170600, 1013902, 1, 0, 0
170700, 1020697, 1, 0, 0
170800, 1042354, 1, 0, 0
170900, 995337, 1, 0, 0
171000, 980769, 1, 0, 0
171100, 1056038, 1, 0, 0
171200, 1068699, 1, 0, 0
171300, 1007479, 1, 0, 0
171400, 993713, 1, 0, 0
171500, 1032173, 1, 0, 0
171600, 1059483, 1, 0, 0
171700, 1049737, 1, 0, 0
171800, 1002616, 1, 0, 0
171900, 1078344, 1, 0, 0
172000, 1082282, 1, 0, 0
172100, 1054434, 1, 0, 0
172200, 1069643, 1, 0, 0
172300, 1134333, 1, 0, 0
172400, 1070785, 1, 0, 0
172500, 1018878, 1, 0, 0
172600, 1046529, 1, 0, 0
172700, 1031002, 1, 0, 0
172800, 1088561, 1, 0, 0
172900, 1075700, 1, 0, 0
173001, 1057289, 1, 0, 0
173100, 1051882, 1, 0, 0
173200, 1065405, 1, 0, 0
173300, 1058591, 1, 0, 0
173400, 1034379, 1, 0, 0
173501, 1039683, 1, 0, 0
173600, 1039045, 1, 0, 0
173700, 1011216, 1, 0, 0
173800, 992136, 1, 0, 0
173900, 1034940, 1, 0, 0
174000, 1031935, 1, 0, 0
174100, 1030310, 1, 0, 0
174201, 1099979, 1, 0, 0
174300, 1018178, 1, 0, 0
174400, 1029801, 1, 0, 0
174500, 1066594, 1, 0, 0
174600, 990008, 1, 0, 0
174700, 1051143, 1, 0, 0
174802, 996638, 1, 0, 0
174900, 1037719, 1, 0, 0
175000, 1056188, 1, 0, 0
175100, 1058574, 1, 0, 0
175200, 996090, 1, 0, 0
175300, 1041365, 1, 0, 0
175400, 1039511, 1, 0, 0
175500, 1026758, 1, 0, 0
175600, 1073791, 1, 0, 0
175700, 1085011, 1, 0, 0
175800, 1024616, 1, 0, 0
175900, 996004, 1, 0, 0
176000, 1028018, 1, 0, 0
176101, 1116591, 1, 0, 0
176200, 1026651, 1, 0, 0
176300, 1030758, 1, 0, 0
176400, 1022350, 1, 0, 0
176500, 1046322, 1, 0, 0
176600, 1010755, 1, 0, 0
176700, 1005227, 1, 0, 0
176800, 1020057, 1, 0, 0
176900, 1009303, 1, 0, 0
177000, 1022642, 1, 0, 0
177100, 1068473, 1, 0, 0
177200, 1035872, 1, 0, 0
177300, 1012005, 1, 0, 0
177400, 981382, 1, 0, 0
177500, 1009412, 1, 0, 0
177600, 1112909, 1, 0, 0
177700, 995987, 1, 0, 0
177801, 1024606, 1, 0, 0
177900, 1007132, 1, 0, 0
178000, 974744, 1, 0, 0
178100, 1021249, 1, 0, 0
178200, 1008087, 1, 0, 0
178300, 1024256, 1, 0, 0
178400, 1043409, 1, 0, 0
178500, 1016556, 1, 0, 0
178600, 1023567, 1, 0, 0
178700, 1079227, 1, 0, 0
178801, 1037807, 1, 0, 0
178900, 1008693, 1, 0, 0
179001, 987753, 1, 0, 0
179101, 1022591, 1, 0, 0
179200, 1047042, 1, 0, 0
179300, 1017046, 1, 0, 0
179400, 1019172, 1, 0, 0
179500, 998272, 1, 0, 0
179600, 1072249, 1, 0, 0
179700, 984086, 1, 0, 0
179800, 1019920, 1, 0, 0
179901, 992366, 1, 0, 0
180000, 1022144, 1, 0, 0
180100, 992302, 1, 0, 0
180200, 979462, 1, 0, 0
180300, 1040476, 1, 0, 0
180400, 994219, 1, 0, 0
180500, 1009227, 1, 0, 0
180600, 999590, 1, 0, 0
180700, 1030699, 1, 0, 0
180800, 1049020, 1, 0, 0
180901, 1021168, 1, 0, 0
181000, 1050863, 1, 0, 0
181101, 1043929, 1, 0, 0
181200, 1025483, 1, 0, 0
181300, 1027726, 1, 0, 0
181400, 1036068, 1, 0, 0
181501, 1003960, 1, 0, 0
181600, 1034189, 1, 0, 0
181700, 1102221, 1, 0, 0
181800, 1007961, 1, 0, 0
181900, 1013193, 1, 0, 0
182000, 1020680, 1, 0, 0
182100, 1003273, 1, 0, 0
182200, 984483, 1, 0, 0
182300, 984251, 1, 0, 0
182400, 1020930, 1, 0, 0
182500, 1021784, 1, 0, 0
182600, 1052311, 1, 0, 0
182700, 1009113, 1, 0, 0
182800, 1051910, 1, 0, 0
182900, 1044363, 1, 0, 0
183000, 977504, 1, 0, 0
183100, 994142, 1, 0, 0
183200, 1022862, 1, 0, 0
183300, 1048616, 1, 0, 0
183400, 1055388, 1, 0, 0
183500, 1030162, 1, 0, 0
183600, 1031950, 1, 0, 0
183700, 1000843, 1, 0, 0
183800, 1013349, 1, 0, 0
183900, 1006892, 1, 0, 0
184000, 1069335, 1, 0, 0
184100, 1027740, 1, 0, 0
184200, 1000121, 1, 0, 0
184300, 1046218, 1, 0, 0
184400, 1033343, 1, 0, 0
184500, 1008167, 1, 0, 0
184600, 1044329, 1, 0, 0
184700, 1051137, 1, 0, 0
184800, 1037884, 1, 0, 0
184900, 1072525, 1, 0, 0
185001, 1032628, 1, 0, 0
185100, 1064190, 1, 0, 0
185200, 1173504, 1, 0, 0
185300, 1079713, 1, 0, 0
185400, 1089081, 1, 0, 0
185500, 1058815, 1, 0, 0
185600, 1067973, 1, 0, 0
185700, 1002941, 1, 0, 0
185800, 973598, 1, 0, 0
185900, 1003650, 1, 0, 0
186000, 1015842, 1, 0, 0
186100, 1052016, 1, 0, 0
186201, 1006260, 1, 0, 0
186300, 997280, 1, 0, 0
186400, 1024085, 1, 0, 0
186500, 1020314, 1, 0, 0
186600, 1008704, 1, 0, 0
186700, 1033396, 1, 0, 0
186800, 1042515, 1, 0, 0
186900, 999651, 1, 0, 0
187000, 1001122, 1, 0, 0
187100, 990874, 1, 0, 0
187200, 971443, 1, 0, 0
187301, 1034323, 1, 0, 0
187400, 1056403, 1, 0, 0
187500, 1038856, 1, 0, 0
187600, 999975, 1, 0, 0
187700, 1047724, 1, 0, 0
187800, 1019132, 1, 0, 0
187900, 1009239, 1, 0, 0
188000, 1016201, 1, 0, 0
188100, 1016874, 1, 0, 0
188200, 1057208, 1, 0, 0
188300, 984279, 1, 0, 0
188401, 1027440, 1, 0, 0
188500, 1071906, 1, 0, 0
188600, 1077422, 1, 0, 0
188700, 1017191, 1, 0, 0
188800, 1008645, 1, 0, 0
188900, 1005482, 1, 0, 0
189000, 1009475, 1, 0, 0
189100, 1004761, 1, 0, 0
189200, 1014000, 1, 0, 0
189300, 1019872, 1, 0, 0
189400, 1019246, 1, 0, 0
189500, 1007476, 1, 0, 0
189600, 1031718, 1, 0, 0
189700, 1090096, 1, 0, 0
189800, 1072971, 1, 0, 0
189900, 1075477, 1, 0, 0
190001, 1012695, 1, 0, 0
190100, 1037298, 1, 0, 0
190200, 1038688, 1, 0, 0
190300, 994486, 1, 0, 0
190400, 1057396, 1, 0, 0
190501, 1007081, 1, 0, 0
190600, 1038127, 1, 0, 0
190700, 1017851, 1, 0, 0
190800, 1017683, 1, 0, 0
190902, 1052818, 1, 0, 0
191000, 1038071, 1, 0, 0
191101, 1051017, 1, 0, 0
191200, 1003205, 1, 0, 0
191300, 1016923, 1, 0, 0
191400, 1012430, 1, 0, 0
191500, 1006060, 1, 0, 0
191600, 1000910, 1, 0, 0
191700, 1059881, 1, 0, 0
191802, 1058071, 1, 0, 0
191900, 1018975, 1, 0, 0
192000, 1001637, 1, 0, 0
192102, 1022813, 1, 0, 0
192200, 1027589, 1, 0, 0
192301, 999834, 1, 0, 0
192400, 999767, 1, 0, 0
192500, 1019772, 1, 0, 0
192600, 1022883, 1, 0, 0
192700, 985707, 1, 0, 0
192800, 1023082, 1, 0, 0
192900, 1039868, 1, 0, 0
193000, 1020367, 1, 0, 0
193101, 1048689, 1, 0, 0
193200, 1041088, 1, 0, 0
193301, 1038270, 1, 0, 0
193400, 1013897, 1, 0, 0
193500, 996669, 1, 0, 0
193600, 1021715, 1, 0, 0
193700, 1011348, 1, 0, 0
193801, 988397, 1, 0, 0
193900, 997982, 1, 0, 0
194000, 1004626, 1, 0, 0
194100, 1042835, 1, 0, 0
194200, 1002657, 1, 0, 0
194300, 1006124, 1, 0, 0
194401, 1005150, 1, 0, 0
194500, 1010131, 1, 0, 0
194600, 1047370, 1, 0, 0
194700, 986162, 1, 0, 0
194800, 1036253, 1, 0, 0
194900, 1020386, 1, 0, 0
195000, 1060861, 1, 0, 0
195100, 1006708, 1, 0, 0
195200, 1048857, 1, 0, 0
195300, 1000508, 1, 0, 0
195400, 988684, 1, 0, 0
195500, 984340, 1, 0, 0
195600, 1011732, 1, 0, 0
195700, 1052599, 1, 0, 0
195800, 999771, 1, 0, 0
195900, 1019125, 1, 0, 0
196000, 1096380, 1, 0, 0
196101, 1011135, 1, 0, 0
196200, 1073609, 1, 0, 0
196300, 1029436, 1, 0, 0
196401, 1081253, 1, 0, 0
196500, 1079023, 1, 0, 0
196600, 1060557, 1, 0, 0
196700, 1005058, 1, 0, 0
196800, 1091224, 1, 0, 0
196901, 1080374, 1, 0, 0
197000, 1022582, 1, 0, 0
197100, 1032357, 1, 0, 0
197200, 982918, 1, 0, 0
197300, 1052729, 1, 0, 0
197400, 983257, 1, 0, 0
197500, 1014265, 1, 0, 0
197600, 1050604, 1, 0, 0
197700, 1071336, 1, 0, 0
197800, 1061661, 1, 0, 0
197900, 1064817, 1, 0, 0
198000, 1031840, 1, 0, 0
198101, 994618, 1, 0, 0
198200, 1016981, 1, 0, 0
198300, 1049967, 1, 0, 0
198400, 1023919, 1, 0, 0
198500, 1042212, 1, 0, 0
198600, 970969, 1, 0, 0
198700, 1055074, 1, 0, 0
198801, 1022756, 1, 0, 0
198900, 1002989, 1, 0, 0
199000, 1022723, 1, 0, 0
199100, 1010276, 1, 0, 0
199200, 989840, 1, 0, 0
199300, 1033878, 1, 0, 0
199400, 1006085, 1, 0, 0
199500, 1076500, 1, 0, 0
199601, 1035067, 1, 0, 0
199700, 1002507, 1, 0, 0
199800, 1062235, 1, 0, 0
199900, 1017752, 1, 0, 0
200000, 1028244, 1, 0, 0
200100, 1004187, 1, 0, 0
200200, 1026256, 1, 0, 0
200300, 1040201, 1, 0, 0
200400, 1022109, 1, 0, 0
200500, 1036228, 1, 0, 0
200600, 1073049, 1, 0, 0
200700, 1035615, 1, 0, 0
200800, 973803, 1, 0, 0
200900, 983165, 1, 0, 0
201000, 1064736, 1, 0, 0
201100, 1013342, 1, 0, 0
201200, 1041190, 1, 0, 0
201300, 1074755, 1, 0, 0
201400, 1056350, 1, 0, 0
201500, 1051823, 1, 0, 0
201600, 1024236, 1, 0, 0
201700, 1014369, 1, 0, 0
201800, 1026218, 1, 0, 0
201900, 997359, 1, 0, 0
202000, 1039662, 1, 0, 0
202100, 995882, 1, 0, 0
202200, 1003263, 1, 0, 0
202301, 1045348, 1, 0, 0
202400, 1035509, 1, 0, 0
202500, 998774, 1, 0, 0
202601, 1088015, 1, 0, 0
202700, 1179857, 1, 0, 0
202800, 1004970, 1, 0, 0
202901, 1020061, 1, 0, 0
203000, 1054705, 1, 0, 0
203100, 978149, 1, 0, 0
203200, 1020317, 1, 0, 0
203301, 1054753, 1, 0, 0
203400, 1007516, 1, 0, 0
203500, 1005093, 1, 0, 0
203600, 1058656, 1, 0, 0
203700, 1035792, 1, 0, 0
203800, 1025976, 1, 0, 0
203901, 1007880, 1, 0, 0
204000, 1033344, 1, 0, 0
204100, 1038635, 1, 0, 0
204200, 1019271, 1, 0, 0
204300, 991002, 1, 0, 0
204400, 1065030, 1, 0, 0
204500, 1071601, 1, 0, 0
204600, 1009142, 1, 0, 0
204700, 1002054, 1, 0, 0
204800, 1026548, 1, 0, 0
204901, 1043336, 1, 0, 0
205000, 1031768, 1, 0, 0
205100, 1030210, 1, 0, 0
205200, 1024140, 1, 0, 0
205301, 988749, 1, 0, 0
205400, 993681, 1, 0, 0
205500, 1021172, 1, 0, 0
205600, 998460, 1, 0, 0
205700, 1053061, 1, 0, 0
205800, 1066435, 1, 0, 0
205901, 1032296, 1, 0, 0
206000, 1006641, 1, 0, 0
206100, 1019738, 1, 0, 0
206201, 1008745, 1, 0, 0
206300, 1022845, 1, 0, 0
206401, 1021672, 1, 0, 0
206500, 1008564, 1, 0, 0
206600, 1027577, 1, 0, 0
206700, 1029425, 1, 0, 0
206800, 998903, 1, 0, 0
206900, 1022743, 1, 0, 0
207000, 1065573, 1, 0, 0
207100, 1016517, 1, 0, 0
207200, 1002053, 1, 0, 0
207300, 1045482, 1, 0, 0
207400, 1053214, 1, 0, 0
207500, 1050017, 1, 0, 0
207600, 1041616, 1, 0, 0
207700, 1000272, 1, 0, 0
207800, 1045641, 1, 0, 0
207900, 1034303, 1, 0, 0
208000, 1005578, 1, 0, 0
208100, 1017647, 1, 0, 0
208200, 1004520, 1, 0, 0
208301, 1034569, 1, 0, 0
208400, 1015026, 1, 0, 0
208501, 1025122, 1, 0, 0
208600, 1027551, 1, 0, 0
208700, 1042138, 1, 0, 0
208800, 1021986, 1, 0, 0
208900, 984407, 1, 0, 0
209000, 1073994, 1, 0, 0
209100, 1067049, 1, 0, 0
209200, 1050286, 1, 0, 0
209301, 1029197, 1, 0, 0
209400, 1041933, 1, 0, 0
209500, 1050499, 1, 0, 0
209601, 1046092, 1, 0, 0
209701, 1055978, 1, 0, 0
209800, 1038180, 1, 0, 0
209900, 1036231, 1, 0, 0
210000, 998522, 1, 0, 0
210100, 1047000, 1, 0, 0
210200, 1055954, 1, 0, 0
210300, 1027121, 1, 0, 0
210400, 1020055, 1, 0, 0
210500, 1018543, 1, 0, 0
210600, 1099570, 1, 0, 0
210701, 1048203, 1, 0, 0
210800, 1022103, 1, 0, 0
210900, 1017082, 1, 0, 0
211000, 1051839, 1, 0, 0
211100, 1044620, 1, 0, 0
211200, 1023632, 1, 0, 0
211300, 1015006, 1, 0, 0
211400, 1018395, 1, 0, 0
211500, 1033236, 1, 0, 0
211600, 1079816, 1, 0, 0
211700, 1074830, 1, 0, 0
211800, 1002683, 1, 0, 0
211900, 1013175, 1, 0, 0
212001, 1041449, 1, 0, 0
212100, 1014097, 1, 0, 0
212200, 1052168, 1, 0, 0
212300, 1059203, 1, 0, 0
212400, 1055621, 1, 0, 0
212500, 1039414, 1, 0, 0
212600, 1055433, 1, 0, 0
212700, 1011543, 1, 0, 0
212800, 1087536, 1, 0, 0
212900, 1039783, 1, 0, 0
213000, 1044679, 1, 0, 0
213100, 1036564, 1, 0, 0
213200, 1061526, 1, 0, 0
213300, 1044668, 1, 0, 0
213400, 1028523, 1, 0, 0
213500, 1052022, 1, 0, 0
213601, 1042714, 1, 0, 0
213700, 1071429, 1, 0, 0
213800, 1043085, 1, 0, 0
213900, 1010532, 1, 0, 0
214000, 1055918, 1, 0, 0
214100, 1066414, 1, 0, 0
214200, 1022530, 1, 0, 0
214301, 999466, 1, 0, 0
214400, 1072070, 1, 0, 0
214500, 1049946, 1, 0, 0
214600, 1059995, 1, 0, 0
214700, 1009979, 1, 0, 0
214800, 1069001, 1, 0, 0
214900, 1040805, 1, 0, 0
215000, 1056141, 1, 0, 0
215101, 1059964, 1, 0, 0
215200, 1046840, 1, 0, 0
215301, 1037672, 1, 0, 0
215400, 1045808, 1, 0, 0
215500, 1002450, 1, 0, 0
215600, 1031710, 1, 0, 0
215700, 1010460, 1, 0, 0
215800, 1025382, 1, 0, 0
215900, 1031504, 1, 0, 0
216000, 1075058, 1, 0, 0
216100, 1015020, 1, 0, 0
216200, 1051342, 1, 0, 0
216300, 1057925, 1, 0, 0
216400, 1045975, 1, 0, 0
216500, 1064278, 1, 0, 0
216600, 1005762, 1, 0, 0
216701, 1050719, 1, 0, 0
216800, 1036472, 1, 0, 0
216900, 1034853, 1, 0, 0
217000, 1015173, 1, 0, 0
217100, 1026367, 1, 0, 0
217200, 1019546, 1, 0, 0
217300, 1080513, 1, 0, 0
217400, 1013880, 1, 0, 0
217500, 1019866, 1, 0, 0
217600, 1018760, 1, 0, 0
217700, 982837, 1, 0, 0
217800, 1045404, 1, 0, 0
217900, 1001379, 1, 0, 0
218000, 989702, 1, 0, 0
218100, 1041134, 1, 0, 0
218201, 1058681, 1, 0, 0
218300, 1025093, 1, 0, 0
218400, 1011083, 1, 0, 0
218500, 974373, 1, 0, 0
218600, 1018001, 1, 0, 0
218700, 1012910, 1, 0, 0
218800, 1014834, 1, 0, 0
218900, 1023088, 1, 0, 0
219000, 1024434, 1, 0, 0
219100, 1034158, 1, 0, 0
219200, 1040483, 1, 0, 0
219300, 1018330, 1, 0, 0
219400, 1028861, 1, 0, 0
219500, 1054808, 1, 0, 0
219600, 963025, 1, 0, 0
219700, 1003120, 1, 0, 0
219800, 1068116, 1, 0, 0
219901, 1039266, 1, 0, 0
220000, 1053818, 1, 0, 0
220100, 1042310, 1, 0, 0
220200, 1018388, 1, 0, 0
220300, 1015117, 1, 0, 0
220400, 1021467, 1, 0, 0
220500, 1014553, 1, 0, 0
220600, 1000757, 1, 0, 0
220700, 1040218, 1, 0, 0
220800, 979645, 1, 0, 0
220900, 993168, 1, 0, 0
221000, 1026605, 1, 0, 0
221100, 1001560, 1, 0, 0
221200, 1077656, 1, 0, 0
221300, 992089, 1, 0, 0
221400, 998596, 1, 0, 0
221500, 1076859, 1, 0, 0
221600, 975271, 1, 0, 0
221700, 972086, 1, 0, 0
221800, 998939, 1, 0, 0
221900, 1061434, 1, 0, 0
222000, 996441, 1, 0, 0
222100, 1032104, 1, 0, 0
222200, 1063240, 1, 0, 0
222300, 1038614, 1, 0, 0
222400, 1030118, 1, 0, 0
222501, 1009286, 1, 0, 0
222600, 1032630, 1, 0, 0
222700, 990094, 1, 0, 0
222800, 1065610, 1, 0, 0
222900, 1030358, 1, 0, 0
223000, 998367, 1, 0, 0
223100, 995602, 1, 0, 0
223201, 1022211, 1, 0, 0
223300, 1036173, 1, 0, 0
223400, 1068790, 1, 0, 0
223500, 1004200, 1, 0, 0
223600, 1012619, 1, 0, 0
223701, 1033683, 1, 0, 0
223801, 1056871, 1, 0, 0
223900, 1023058, 1, 0, 0
224000, 1025307, 1, 0, 0
224100, 1016965, 1, 0, 0
224200, 1019567, 1, 0, 0
224300, 979354, 1, 0, 0
224400, 1046209, 1, 0, 0
224500, 1012718, 1, 0, 0
224600, 1006521, 1, 0, 0
224700, 1027098, 1, 0, 0
224800, 978091, 1, 0, 0
224900, 1015938, 1, 0, 0
225000, 959701, 1, 0, 0
225101, 1060124, 1, 0, 0
225200, 970498, 1, 0, 0
225300, 1025070, 1, 0, 0
225400, 1049416, 1, 0, 0
225500, 1003601, 1, 0, 0
225600, 1042120, 1, 0, 0
225700, 1011662, 1, 0, 0
225800, 1027279, 1, 0, 0
225901, 1025757, 1, 0, 0
226002, 1044474, 1, 0, 0
226100, 1055599, 1, 0, 0
226200, 1011154, 1, 0, 0
226300, 1021529, 1, 0, 0
226400, 1042070, 1, 0, 0
226500, 1054841, 1, 0, 0
226600, 1027882, 1, 0, 0
226701, 1056159, 1, 0, 0
226800, 1015729, 1, 0, 0
226900, 998601, 1, 0, 0
227000, 1001197, 1, 0, 0
227100, 1008233, 1, 0, 0
227200, 1078115, 1, 0, 0
227300, 1026897, 1, 0, 0
227400, 1019611, 1, 0, 0
227500, 1013262, 1, 0, 0
227600, 997421, 1, 0, 0
227701, 983179, 1, 0, 0
227800, 1017306, 1, 0, 0
227900, 1023242, 1, 0, 0
228000, 1023798, 1, 0, 0
228100, 998910, 1, 0, 0
228200, 1059668, 1, 0, 0
228300, 1050690, 1, 0, 0
228400, 1036524, 1, 0, 0
228500, 1009584, 1, 0, 0
228600, 1005734, 1, 0, 0
228700, 1054910, 1, 0, 0
228801, 1090259, 1, 0, 0
228900, 1009615, 1, 0, 0
229000, 1066909, 1, 0, 0
229100, 1008217, 1, 0, 0
229200, 1010617, 1, 0, 0
229300, 997947, 1, 0, 0
229400, 1052378, 1, 0, 0
229501, 1065835, 1, 0, 0
229600, 1020956, 1, 0, 0
229700, 1040659, 1, 0, 0
229800, 1010761, 1, 0, 0
229900, 1024999, 1, 0, 0
230000, 1033718, 1, 0, 0
230100, 1057672, 1, 0, 0
230200, 1000400, 1, 0, 0
230301, 1024836, 1, 0, 0
230400, 1040230, 1, 0, 0
230500, 1056653, 1, 0, 0
230600, 1086994, 1, 0, 0
230700, 1013679, 1, 0, 0
230800, 1099083, 1, 0, 0
230900, 1030565, 1, 0, 0
231000, 1031405, 1, 0, 0
231100, 1041173, 1, 0, 0
231200, 1100043, 1, 0, 0
231300, 1027167, 1, 0, 0
231400, 1056747, 1, 0, 0
231500, 1063127, 1, 0, 0
231601, 1077480, 1, 0, 0
231700, 1038481, 1, 0, 0
231800, 1052183, 1, 0, 0
231900, 1017998, 1, 0, 0
232000, 1018811, 1, 0, 0
232100, 1015242, 1, 0, 0
232200, 1033408, 1, 0, 0
232300, 1027193, 1, 0, 0
232400, 1004268, 1, 0, 0
232500, 1009291, 1, 0, 0
232600, 1026897, 1, 0, 0
232701, 1044551, 1, 0, 0
232800, 1076020, 1, 0, 0
232900, 1101264, 1, 0, 0
233000, 1079834, 1, 0, 0
233100, 1037297, 1, 0, 0
233200, 1064386, 1, 0, 0
233300, 1026506, 1, 0, 0
233400, 1033133, 1, 0, 0
233500, 1067742, 1, 0, 0
233600, 1106789, 1, 0, 0
233700, 1070680, 1, 0, 0
233801, 1043018, 1, 0, 0
233900, 1069798, 1, 0, 0
234000, 1056640, 1, 0, 0
234100, 1041256, 1, 0, 0
234200, 998054, 1, 0, 0
234300, 1040856, 1, 0, 0
234400, 1052012, 1, 0, 0
234500, 1095268, 1, 0, 0
234600, 1061736, 1, 0, 0
234700, 1020737, 1, 0, 0
234800, 1017306, 1, 0, 0
234900, 1010158, 1, 0, 0
235000, 1056209, 1, 0, 0
235100, 1020168, 1, 0, 0
235200, 1029415, 1, 0, 0
235300, 1043733, 1, 0, 0
235400, 1034680, 1, 0, 0
235500, 1043815, 1, 0, 0
235600, 1028089, 1, 0, 0
235700, 1074914, 1, 0, 0
235800, 1077686, 1, 0, 0
235900, 1047615, 1, 0, 0
236000, 1004908, 1, 0, 0
236100, 1007264, 1, 0, 0
236200, 984155, 1, 0, 0
236300, 1004584, 1, 0, 0
236401, 999132, 1, 0, 0
236500, 991594, 1, 0, 0
236600, 1031153, 1, 0, 0
236700, 1003743, 1, 0, 0
236800, 1037449, 1, 0, 0
236900, 1018025, 1, 0, 0
237000, 1004583, 1, 0, 0
237100, 1014328, 1, 0, 0
237200, 1069479, 1, 0, 0
237300, 1003121, 1, 0, 0
237401, 1019962, 1, 0, 0
237500, 1013237, 1, 0, 0
237600, 996636, 1, 0, 0
237700, 992562, 1, 0, 0
237800, 1002141, 1, 0, 0
237900, 1006921, 1, 0, 0
238000, 1044916, 1, 0, 0
238100, 1036699, 1, 0, 0
238200, 1007419, 1, 0, 0
238300, 1037526, 1, 0, 0
238400, 964842, 1, 0, 0
238500, 1008926, 1, 0, 0
238600, 1007856, 1, 0, 0
238700, 996007, 1, 0, 0
238800, 1068468, 1, 0, 0
238901, 1026781, 1, 0, 0
239000, 980736, 1, 0, 0
239100, 1011434, 1, 0, 0
239200, 1018852, 1, 0, 0
239300, 984862, 1, 0, 0
239400, 1045307, 1, 0, 0
239501, 1006228, 1, 0, 0
239600, 982294, 1, 0, 0
239700, 1018978, 1, 0, 0
239800, 1004954, 1, 0, 0
239900, 1055104, 1, 0, 0
240000, 995727, 1, 0, 0
240100, 1012942, 1, 0, 0
240200, 982963, 1, 0, 0
240300, 1018738, 1, 0, 0
240400, 1013285, 1, 0, 0
240500, 1008180, 1, 0, 0
240600, 1013768, 1, 0, 0
240701, 1076878, 1, 0, 0
240801, 988592, 1, 0, 0
240900, 1026819, 1, 0, 0
241000, 1033995, 1, 0, 0
241100, 1015040, 1, 0, 0
241200, 1061467, 1, 0, 0
241300, 1057866, 1, 0, 0
241400, 1055563, 1, 0, 0
241500, 1106084, 1, 0, 0
241600, 937066, 1, 0, 0
241700, 991603, 1, 0, 0
241800, 1001848, 1, 0, 0
241900, 1023820, 1, 0, 0
242000, 984732, 1, 0, 0
242101, 1029269, 1, 0, 0
242200, 987830, 1, 0, 0
242300, 1041087, 1, 0, 0
242400, 1023706, 1, 0, 0
242500, 1024774, 1, 0, 0
242600, 1014269, 1, 0, 0
242700, 1025454, 1, 0, 0
242800, 1012613, 1, 0, 0
242900, 980644, 1, 0, 0
243000, 974021, 1, 0, 0
243100, 1014291, 1, 0, 0
243200, 990227, 1, 0, 0
243300, 1011707, 1, 0, 0
243400, 1010517, 1, 0, 0
243500, 1041951, 1, 0, 0
243600, 1044991, 1, 0, 0
243700, 1022160, 1, 0, 0
243800, 1023594, 1, 0, 0
243900, 1071231, 1, 0, 0
244000, 1032025, 1, 0, 0
244100, 1039641, 1, 0, 0
244200, 1060943, 1, 0, 0
244300, 1101119, 1, 0, 0
244400, 1014827, 1, 0, 0
244500, 1001395, 1, 0, 0
244600, 1051497, 1, 0, 0
244701, 1016160, 1, 0, 0
244800, 1046327, 1, 0, 0
244900, 999640, 1, 0, 0
245000, 1019842, 1, 0, 0
245100, 1021142, 1, 0, 0
245200, 1007002, 1, 0, 0
245301, 1026938, 1, 0, 0
245400, 1022498, 1, 0, 0
245501, 999225, 1, 0, 0
245600, 1037885, 1, 0, 0
245700, 1044614, 1, 0, 0
245800, 1040377, 1, 0, 0
245900, 1027823, 1, 0, 0
246000, 1019017, 1, 0, 0
246100, 1018354, 1, 0, 0
246200, 995319, 1, 0, 0
246300, 1020811, 1, 0, 0
246400, 1017112, 1, 0, 0
246501, 1014268, 1, 0, 0
246600, 1017458, 1, 0, 0
246700, 1032619, 1, 0, 0
246800, 981751, 1, 0, 0
246900, 981387, 1, 0, 0
247000, 1013094, 1, 0, 0
247100, 980131, 1, 0, 0
247200, 1067832, 1, 0, 0
247300, 1107333, 1, 0, 0
247400, 1059978, 1, 0, 0
247500, 1013854, 1, 0, 0
247600, 1056669, 1, 0, 0
247700, 1011794, 1, 0, 0
247800, 1099292, 1, 0, 0
247901, 1060280, 1, 0, 0
248001, 1080742, 1, 0, 0
248100, 1084407, 1, 0, 0
248201, 1073822, 1, 0, 0
248300, 1026480, 1, 0, 0
248400, 1071391, 1, 0, 0
248500, 1040821, 1, 0, 0
248600, 1078792, 1, 0, 0
248700, 1047996, 1, 0, 0
248800, 1027101, 1, 0, 0
248900, 1036020, 1, 0, 0
249001, 989866, 1, 0, 0
249100, 981221, 1, 0, 0
249200, 1057566, 1, 0, 0
249300, 1065861, 1, 0, 0
249401, 1078896, 1, 0, 0
249500, 1045380, 1, 0, 0
249600, 1050274, 1, 0, 0
249700, 1019743, 1, 0, 0
249800, 1037586, 1, 0, 0
249900, 1051640, 1, 0, 0
250000, 1047940, 1, 0, 0
250100, 1035292, 1, 0, 0
250200, 1048797, 1, 0, 0
250301, 1048270, 1, 0, 0
250400, 1026770, 1, 0, 0
250500, 1067090, 1, 0, 0
250600, 1027300, 1, 0, 0
250700, 1050356, 1, 0, 0
250800, 1038392, 1, 0, 0
250900, 1102690, 1, 0, 0
251000, 1014663, 1, 0, 0
251100, 1035252, 1, 0, 0
251201, 1038871, 1, 0, 0
251300, 1019575, 1, 0, 0
251400, 1032702, 1, 0, 0
251500, 1048684, 1, 0, 0
251600, 1053285, 1, 0, 0
251701, 1015685, 1, 0, 0
251800, 1034744, 1, 0, 0
251900, 998040, 1, 0, 0
252000, 1035330, 1, 0, 0
252100, 1024436, 1, 0, 0
252200, 1020394, 1, 0, 0
252300, 1033773, 1, 0, 0
252400, 1011913, 1, 0, 0
252500, 1024800, 1, 0, 0
252600, 1055191, 1, 0, 0
252701, 1024401, 1, 0, 0
252801, 1010423, 1, 0, 0
252900, 991974, 1, 0, 0
253000, 1014475, 1, 0, 0
253100, 1048904, 1, 0, 0
253200, 1031226, 1, 0, 0
253300, 1049991, 1, 0, 0
253400, 1005729, 1, 0, 0
253500, 1020948, 1, 0, 0
253601, 1028688, 1, 0, 0
253700, 991848, 1, 0, 0
253800, 1026372, 1, 0, 0
253900, 1034518, 1, 0, 0
254000, 1089287, 1, 0, 0
254100, 1042376, 1, 0, 0
254200, 1057192, 1, 0, 0
254300, 1029413, 1, 0, 0
254400, 1010904, 1, 0, 0
254501, 1068395, 1, 0, 0
254600, 1043577, 1, 0, 0
254700, 1044489, 1, 0, 0
254800, 1027660, 1, 0, 0
254900, 1017671, 1, 0, 0
255000, 1013738, 1, 0, 0
255100, 1036372, 1, 0, 0
255200, 1042543, 1, 0, 0
255301, 1054292, 1, 0, 0
255400, 1053661, 1, 0, 0
255500, 1048513, 1, 0, 0
255600, 1068417, 1, 0, 0
255700, 998300, 1, 0, 0
255800, 990328, 1, 0, 0
255900, 1010947, 1, 0, 0
256000, 997216, 1, 0, 0
256102, 983552, 1, 0, 0
256200, 1007552, 1, 0, 0
256300, 1024764, 1, 0, 0
256400, 1047136, 1, 0, 0
256500, 1062310, 1, 0, 0
256600, 991568, 1, 0, 0
256700, 1067099, 1, 0, 0
256800, 1004321, 1, 0, 0
256900, 1026922, 1, 0, 0
257000, 1007627, 1, 0, 0
257101, 1032679, 1, 0, 0
257200, 1067235, 1, 0, 0
257300, 999577, 1, 0, 0
257401, 995207, 1, 0, 0
257500, 1026496, 1, 0, 0
257600, 1060453, 1, 0, 0
257700, 1041078, 1, 0, 0
257800, 1002264, 1, 0, 0
257900, 1025969, 1, 0, 0
258000, 1044354, 1, 0, 0
258100, 1004501, 1, 0, 0
258200, 1039745, 1, 0, 0
258300, 1057707, 1, 0, 0
258400, 1025093, 1, 0, 0
258500, 1027864, 1, 0, 0
258600, 968281, 1, 0, 0
258700, 985807, 1, 0, 0
258800, 968845, 1, 0, 0
258900, 1021615, 1, 0, 0
259000, 1002033, 1, 0, 0
259101, 1013326, 1, 0, 0
259200, 1011820, 1, 0, 0
259300, 1008992, 1, 0, 0
259400, 1008848, 1, 0, 0
259501, 1036928, 1, 0, 0
259600, 997119, 1, 0, 0
259701, 1052616, 1, 0, 0
259800, 1034931, 1, 0, 0
259900, 1077116, 1, 0, 0
260000, 1088879, 1, 0, 0
260100, 1083973, 1, 0, 0
260200, 1020704, 1, 0, 0
260300, 991097, 1, 0, 0
260400, 992970, 1, 0, 0
260500, 1013471, 1, 0, 0
260600, 1055621, 1, 0, 0
260700, 1002208, 1, 0, 0
260800, 1042469, 1, 0, 0
260901, 1016890, 1, 0, 0
261000, 1031430, 1, 0, 0
261100, 1021997, 1, 0, 0
261200, 1022962, 1, 0, 0
261300, 1020690, 1, 0, 0
261402, 1089929, 1, 0, 0
261500, 1047211, 1, 0, 0
261600, 1098714, 1, 0, 0
261700, 1025031, 1, 0, 0
261800, 1010785, 1, 0, 0
261900, 1053541, 1, 0, 0
262000, 1005406, 1, 0, 0
262100, 1109452, 1, 0, 0
262200, 993834, 1, 0, 0
262300, 1036415, 1, 0, 0
262400, 1016706, 1, 0, 0
262500, 999013, 1, 0, 0
262600, 975064, 1, 0, 0
262700, 1044621, 1, 0, 0
262800, 1045455, 1, 0, 0
262900, 1027643, 1, 0, 0
263000, 959938, 1, 0, 0
263101, 1065341, 1, 0, 0
263200, 1038362, 1, 0, 0
263300, 1059001, 1, 0, 0
263400, 1029579, 1, 0, 0
263501, 1051609, 1, 0, 0
263600, 1059628, 1, 0, 0
263700, 1008114, 1, 0, 0
263800, 1092608, 1, 0, 0
263900, 1025670, 1, 0, 0
264000, 1036081, 1, 0, 0
264100, 988374, 1, 0, 0
264201, 1049997, 1, 0, 0
264300, 1001728, 1, 0, 0
264400, 1075376, 1, 0, 0
264500, 1052321, 1, 0, 0
264600, 1094212, 1, 0, 0
264700, 1078508, 1, 0, 0
264800, 1050471, 1, 0, 0
264901, 1066714, 1, 0, 0
265000, 1041956, 1, 0, 0
265100, 1065193, 1, 0, 0
265200, 1086575, 1, 0, 0
265300, 1057093, 1, 0, 0
265400, 1031179, 1, 0, 0
265500, 1062357, 1, 0, 0
265600, 1093849, 1, 0, 0
265700, 1087433, 1, 0, 0
265800, 1051514, 1, 0, 0
265900, 997148, 1, 0, 0
266000, 1021126, 1, 0, 0
266100, 1001888, 1, 0, 0
266201, 1061986, 1, 0, 0
266300, 1055965, 1, 0, 0
266400, 1060235, 1, 0, 0
266500, 1043101, 1, 0, 0
266600, 1052081, 1, 0, 0
266700, 1051790, 1, 0, 0
266800, 1051680, 1, 0, 0
266901, 1057991, 1, 0, 0
267000, 1063847, 1, 0, 0
267100, 1130032, 1, 0, 0
267200, 1039174, 1, 0, 0
267300, 1078506, 1, 0, 0
267400, 1076973, 1, 0, 0
267500, 1104367, 1, 0, 0
267600, 1039603, 1, 0, 0
267700, 1050109, 1, 0, 0
267801, 1126030, 1, 0, 0
267901, 1072097, 1, 0, 0
268000, 1073769, 1, 0, 0
268100, 1099046, 1, 0, 0
268200, 1078021, 1, 0, 0
268301, 1069204, 1, 0, 0
268401, 1060401, 1, 0, 0
268500, 1034277, 1, 0, 0
268600, 1067967, 1, 0, 0
268700, 1060886, 1, 0, 0
268800, 1044608, 1, 0, 0
268900, 1038659, 1, 0, 0
269000, 1050943, 1, 0, 0
269100, 1015417, 1, 0, 0
269200, 998097, 1, 0, 0
269300, 998115, 1, 0, 0
269400, 993802, 1, 0, 0
269500, 1029780, 1, 0, 0
269600, 1026992, 1, 0, 0
269700, 1036395, 1, 0, 0
269800, 1004309, 1, 0, 0
269900, 1033771, 1, 0, 0
270000, 1029423, 1, 0, 0
270100, 1021967, 1, 0, 0
270200, 1052902, 1, 0, 0
270300, 1018863, 1, 0, 0
270400, 1070816, 1, 0, 0
270500, 1065955, 1, 0, 0
270600, 1024694, 1, 0, 0
270700, 983390, 1, 0, 0
270801, 986159, 1, 0, 0
270900, 1013321, 1, 0, 0
271000, 1056087, 1, 0, 0
271100, 1026078, 1, 0, 0
271200, 1080332, 1, 0, 0
271300, 1034953, 1, 0, 0
271401, 1020706, 1, 0, 0
271500, 1061582, 1, 0, 0
271601, 980607, 1, 0, 0
271700, 1065543, 1, 0, 0
271800, 1066042, 1, 0, 0
271900, 982218, 1, 0, 0
272000, 1009567, 1, 0, 0
272100, 1074582, 1, 0, 0
272200, 1000268, 1, 0, 0
272300, 1032302, 1, 0, 0
272400, 1060422, 1, 0, 0
272500, 979325, 1, 0, 0
272600, 1026702, 1, 0, 0
272700, 1059230, 1, 0, 0
272800, 1075221, 1, 0, 0
272900, 1037874, 1, 0, 0
273000, 1033787, 1, 0, 0
273100, 1034306, 1, 0, 0
273201, 1073080, 1, 0, 0
273300, 1099439, 1, 0, 0
273400, 1018396, 1, 0, 0
273500, 971682, 1, 0, 0
273600, 1047484, 1, 0, 0
273700, 1046652, 1, 0, 0
273800, 1031353, 1, 0, 0
273900, 1071316, 1, 0, 0
274000, 1035301, 1, 0, 0
274100, 1025448, 1, 0, 0
274200, 996298, 1, 0, 0
274300, 1020504, 1, 0, 0
274400, 1003141, 1, 0, 0
274500, 983358, 1, 0, 0
274600, 992771, 1, 0, 0
274700, 1033890, 1, 0, 0
274800, 1099841, 1, 0, 0
274900, 1022726, 1, 0, 0
275000, 1015444, 1, 0, 0
275100, 1028122, 1, 0, 0
275200, 1004205, 1, 0, 0
275300, 999062, 1, 0, 0
275400, 964434, 1, 0, 0
275500, 996268, 1, 0, 0
275600, 985436, 1, 0, 0
275700, 1008689, 1, 0, 0
275800, 1009936, 1, 0, 0
275900, 1043042, 1, 0, 0
276000, 1120934, 1, 0, 0
276100, 1061701, 1, 0, 0
276201, 979690, 1, 0, 0
276300, 1020154, 1, 0, 0
276400, 1055706, 1, 0, 0
276500, 990122, 1, 0, 0
276600, 991789, 1, 0, 0
276700, 992895, 1, 0, 0
276800, 1001661, 1, 0, 0
276901, 1018301, 1, 0, 0
277000, 1008449, 1, 0, 0
277100, 1021177, 1, 0, 0
277200, 1047590, 1, 0, 0
277300, 1020170, 1, 0, 0
277400, 1012433, 1, 0, 0
277501, 1011990, 1, 0, 0
277600, 1007690, 1, 0, 0
277700, 1029815, 1, 0, 0
277800, 1054909, 1, 0, 0
277900, 1033517, 1, 0, 0
278001, 1034584, 1, 0, 0
278100, 1018594, 1, 0, 0
278200, 1068561, 1, 0, 0
278301, 1036702, 1, 0, 0
278400, 1026577, 1, 0, 0
278500, 1012164, 1, 0, 0
278601, 1035981, 1, 0, 0
278700, 1045326, 1, 0, 0
278800, 1058841, 1, 0, 0
278900, 1017521, 1, 0, 0
279000, 1021948, 1, 0, 0
279100, 1068449, 1, 0, 0
279200, 1012869, 1, 0, 0
279300, 1058217, 1, 0, 0
279400, 1002070, 1, 0, 0
279500, 1012833, 1, 0, 0
279600, 1035236, 1, 0, 0
279700, 1067164, 1, 0, 0
279800, 1029029, 1, 0, 0
279900, 1020754, 1, 0, 0
280000, 1036323, 1, 0, 0
280100, 1085989, 1, 0, 0
280200, 1004733, 1, 0, 0
280300, 990645, 1, 0, 0
280400, 1004431, 1, 0, 0
280500, 1015110, 1, 0, 0
280600, 1045034, 1, 0, 0
280700, 982479, 1, 0, 0
280800, 1010651, 1, 0, 0
280900, 989541, 1, 0, 0
281000, 1027293, 1, 0, 0
281100, 1064062, 1, 0, 0
281200, 1007033, 1, 0, 0
281300, 1043578, 1, 0, 0
281400, 1030208, 1, 0, 0
281500, 1042028, 1, 0, 0
281600, 1051666, 1, 0, 0
281700, 1032162, 1, 0, 0
281800, 1015020, 1, 0, 0
281901, 1002666, 1, 0, 0
282000, 998003, 1, 0, 0
282100, 1008140, 1, 0, 0
282200, 1036762, 1, 0, 0
282300, 1022761, 1, 0, 0
282400, 1070089, 1, 0, 0
282500, 1013133, 1, 0, 0
282600, 1016828, 1, 0, 0
282700, 1001085, 1, 0, 0
282800, 1006237, 1, 0, 0
282900, 1020810, 1, 0, 0
283000, 1009996, 1, 0, 0
283100, 1030167, 1, 0, 0
283200, 1041547, 1, 0, 0
283300, 1040493, 1, 0, 0
283400, 1015384, 1, 0, 0
283500, 1039648, 1, 0, 0
283600, 1082730, 1, 0, 0
283700, 1095310, 1, 0, 0
283800, 1012129, 1, 0, 0
283900, 1041102, 1, 0, 0
284000, 1063080, 1, 0, 0
284100, 1028585, 1, 0, 0
284200, 979774, 1, 0, 0
284300, 1052106, 1, 0, 0
284400, 1019694, 1, 0, 0
284500, 989661, 1, 0, 0
284600, 996996, 1, 0, 0
284700, 1025248, 1, 0, 0
284801, 1030878, 1, 0, 0
284901, 1003792, 1, 0, 0
285000, 1060021, 1, 0, 0
285100, 1007806, 1, 0, 0
285200, 1001176, 1, 0, 0
285300, 1021466, 1, 0, 0
285400, 1009591, 1, 0, 0
285500, 1034441, 1, 0, 0
285600, 1063835, 1, 0, 0
285700, 1015391, 1, 0, 0
285800, 1013134, 1, 0, 0
285900, 1010120, 1, 0, 0
286000, 1002437, 1, 0, 0
286100, 1036296, 1, 0, 0
286200, 1064748, 1, 0, 0
286300, 1004370, 1, 0, 0
286400, 1047880, 1, 0, 0
286500, 1054505, 1, 0, 0
286601, 991627, 1, 0, 0
286700, 1040561, 1, 0, 0
286800, 1028337, 1, 0, 0
286900, 1049402, 1, 0, 0
287000, 991004, 1, 0, 0
287100, 1052312, 1, 0, 0
287200, 975644, 1, 0, 0
287300, 988688, 1, 0, 0
287401, 1008816, 1, 0, 0
287500, 1013297, 1, 0, 0
287600, 1010256, 1, 0, 0
287700, 1036224, 1, 0, 0
287800, 987371, 1, 0, 0
287900, 1068146, 1, 0, 0
288000, 1008003, 1, 0, 0
288100, 999074, 1, 0, 0
288200, 1001692, 1, 0, 0
288300, 1019657, 1, 0, 0
288400, 988253, 1, 0, 0
288500, 980299, 1, 0, 0
288600, 1011663, 1, 0, 0
288700, 1000939, 1, 0, 0
288800, 1031250, 1, 0, 0
288900, 983934, 1, 0, 0
289000, 985085, 1, 0, 0
289100, 1039047, 1, 0, 0
289200, 967873, 1, 0, 0
289300, 1005700, 1, 0, 0
289400, 1043860, 1, 0, 0
289501, 1046165, 1, 0, 0
289600, 998451, 1, 0, 0
289700, 1003786, 1, 0, 0
289800, 1010593, 1, 0, 0
289900, 1027778, 1, 0, 0
290000, 961732, 1, 0, 0
290100, 979581, 1, 0, 0
290200, 988953, 1, 0, 0
290300, 981791, 1, 0, 0
290400, 975972, 1, 0, 0
290500, 994371, 1, 0, 0
290600, 995615, 1, 0, 0
290700, 979201, 1, 0, 0
290800, 962754, 1, 0, 0
290900, 958178, 1, 0, 0
291000, 1041830, 1, 0, 0
291100, 997279, 1, 0, 0
291200, 1042664, 1, 0, 0
291300, 957329, 1, 0, 0
291400, 1010037, 1, 0, 0
291500, 1040019, 1, 0, 0
291600, 1002186, 1, 0, 0
291700, 1080455, 1, 0, 0
291800, 1034569, 1, 0, 0
291900, 1052470, 1, 0, 0
292000, 1007971, 1, 0, 0
292100, 1058599, 1, 0, 0
292200, 1013602, 1, 0, 0
292300, 1035066, 1, 0, 0
292400, 1031514, 1, 0, 0
292500, 996762, 1, 0, 0
292600, 1003709, 1, 0, 0
292700, 1026533, 1, 0, 0
292801, 1029572, 1, 0, 0
292901, 1024927, 1, 0, 0
293000, 1021712, 1, 0, 0
293100, 993387, 1, 0, 0
293200, 981229, 1, 0, 0
293300, 1019780, 1, 0, 0
293400, 1010149, 1, 0, 0
293500, 1000695, 1, 0, 0
293600, 1036848, 1, 0, 0
293700, 1041350, 1, 0, 0
293800, 1038311, 1, 0, 0
293900, 1037281, 1, 0, 0
294000, 1005749, 1, 0, 0
294100, 1002227, 1, 0, 0
294200, 1054583, 1, 0, 0
294301, 1024190, 1, 0, 0
294400, 1064572, 1, 0, 0
294500, 1078133, 1, 0, 0
294602, 1023929, 1, 0, 0
294700, 1062908, 1, 0, 0
294800, 1050281, 1, 0, 0
294900, 1026400, 1, 0, 0
295000, 1029588, 1, 0, 0
295100, 1037093, 1, 0, 0
295200, 1053794, 1, 0, 0
295300, 1072577, 1, 0, 0
295400, 1031196, 1, 0, 0
295500, 1035286, 1, 0, 0
295600, 1076891, 1, 0, 0
295700, 1101535, 1, 0, 0
295800, 1038993, 1, 0, 0
295901, 1101250, 1, 0, 0
296000, 1027516, 1, 0, 0
296100, 1037442, 1, 0, 0
296200, 1060526, 1, 0, 0
296300, 1050935, 1, 0, 0
296400, 1016567, 1, 0, 0
296500, 1085095, 1, 0, 0
296600, 1045050, 1, 0, 0
296700, 1002050, 1, 0, 0
296800, 1013345, 1, 0, 0
296900, 1023101, 1, 0, 0
297000, 1059795, 1, 0, 0
297100, 1034823, 1, 0, 0
297200, 1022207, 1, 0, 0
297300, 1036802, 1, 0, 0
297400, 1041857, 1, 0, 0
297500, 1062683, 1, 0, 0
297600, 1040119, 1, 0, 0
297700, 986875, 1, 0, 0
297800, 1054077, 1, 0, 0
297900, 1037798, 1, 0, 0
298000, 1041519, 1, 0, 0
298100, 1055581, 1, 0, 0
298201, 1034600, 1, 0, 0
298300, 1009888, 1, 0, 0
298402, 1049172, 1, 0, 0
298500, 1009679, 1, 0, 0
298600, 990680, 1, 0, 0
298700, 1026642, 1, 0, 0
298800, 1101811, 1, 0, 0
298901, 1074300, 1, 0, 0
299000, 1074512, 1, 0, 0
299100, 1006762, 1, 0, 0
299200, 1061425, 1, 0, 0
299300, 1067377, 1, 0, 0
299400, 982232, 1, 0, 0
299500, 1048053, 1, 0, 0
299600, 1029495, 1, 0, 0
299700, 1019169, 1, 0, 0
299800, 1022121, 1, 0, 0
299900, 1033701, 1, 0, 0
300000, 1088520, 1, 0, 0
300100, 983871, 1, 0, 0
300200, 1019118, 1, 0, 0
300300, 1006478, 1, 0, 0
300400, 1056193, 1, 0, 0
300500, 1017447, 1, 0, 0
300600, 1120555, 1, 0, 0
300700, 1064175, 1, 0, 0
300800, 1022663, 1, 0, 0
300901, 1049424, 1, 0, 0
301000, 998386, 1, 0, 0
301100, 994730, 1, 0, 0
301200, 1000439, 1, 0, 0
301300, 989944, 1, 0, 0
301400, 1048975, 1, 0, 0
301501, 1025494, 1, 0, 0
301600, 1023639, 1, 0, 0
301700, 1008827, 1, 0, 0
301800, 1030192, 1, 0, 0
301900, 969602, 1, 0, 0
302000, 1007590, 1, 0, 0
302100, 1000775, 1, 0, 0
302200, 993347, 1, 0, 0
302300, 1013001, 1, 0, 0
302400, 1011905, 1, 0, 0
302500, 1019375, 1, 0, 0
302600, 1036484, 1, 0, 0
302700, 1035351, 1, 0, 0
302801, 1019898, 1, 0, 0
302900, 1032695, 1, 0, 0
303000, 1014972, 1, 0, 0
303100, 1065854, 1, 0, 0
303200, 1040369, 1, 0, 0
303300, 1001341, 1, 0, 0
303400, 1018494, 1, 0, 0
303500, 954144, 1, 0, 0
303600, 1052294, 1, 0, 0
303700, 941308, 1, 0, 0
303800, 1008151, 1, 0, 0
303901, 1052767, 1, 0, 0
304000, 996564, 1, 0, 0
304100, 1011423, 1, 0, 0
304200, 1007466, 1, 0, 0
304300, 1020119, 1, 0, 0
304402, 1061261, 1, 0, 0
304500, 1011325, 1, 0, 0
304600, 1030294, 1, 0, 0
304700, 1027371, 1, 0, 0
304800, 1013211, 1, 0, 0
304900, 973523, 1, 0, 0
305000, 955587, 1, 0, 0
305100, 1002494, 1, 0, 0
305200, 996497, 1, 0, 0
305300, 1042024, 1, 0, 0
305400, 984099, 1, 0, 0
305500, 1033757, 1, 0, 0
305601, 1015414, 1, 0, 0
305700, 986302, 1, 0, 0
305800, 963558, 1, 0, 0
305900, 998054, 1, 0, 0
306000, 1020103, 1, 0, 0
306100, 994063, 1, 0, 0
306200, 1009215, 1, 0, 0
306300, 1080855, 1, 0, 0
306400, 1040293, 1, 0, 0
306500, 1014079, 1, 0, 0
306600, 1008024, 1, 0, 0
306700, 1058619, 1, 0, 0
306800, 1002693, 1, 0, 0
306900, 1008841, 1, 0, 0
307000, 1025380, 1, 0, 0
307100, 986603, 1, 0, 0
307200, 984471, 1, 0, 0
307300, 1027539, 1, 0, 0
307400, 998228, 1, 0, 0
307500, 1093331, 1, 0, 0
307600, 1010807, 1, 0, 0
307700, 1066570, 1, 0, 0
307800, 1061260, 1, 0, 0
307900, 1045266, 1, 0, 0
308000, 1034557, 1, 0, 0
308100, 995595, 1, 0, 0
308200, 1041791, 1, 0, 0
308300, 985335, 1, 0, 0
308400, 1008551, 1, 0, 0
308500, 1108241, 1, 0, 0
308600, 1033447, 1, 0, 0
308700, 1088664, 1, 0, 0
308800, 1014960, 1, 0, 0
308901, 1058197, 1, 0, 0
309000, 1038941, 1, 0, 0
309101, 1057530, 1, 0, 0
309201, 1050144, 1, 0, 0
309300, 1043730, 1, 0, 0
309401, 1015455, 1, 0, 0
309501, 1047211, 1, 0, 0
309600, 1016590, 1, 0, 0
309700, 1012792, 1, 0, 0
309800, 1042306, 1, 0, 0
309900, 1014239, 1, 0, 0
310002, 1046842, 1, 0, 0
310101, 1028253, 1, 0, 0
310200, 1002882, 1, 0, 0
310300, 1042210, 1, 0, 0
310400, 1003862, 1, 0, 0
310500, 1042346, 1, 0, 0
310600, 986157, 1, 0, 0
310700, 1044046, 1, 0, 0
310800, 1021194, 1, 0, 0
310900, 1046261, 1, 0, 0
311000, 994494, 1, 0, 0
311100, 1030992, 1, 0, 0
311200, 1011750, 1, 0, 0
311301, 986893, 1, 0, 0
311400, 1013193, 1, 0, 0
311500, 1029955, 1, 0, 0
311600, 1015272, 1, 0, 0
311700, 1033463, 1, 0, 0
311801, 1016304, 1, 0, 0
311900, 1034455, 1, 0, 0
312000, 1044912, 1, 0, 0
312101, 1006932, 1, 0, 0
312200, 1052534, 1, 0, 0
312300, 997503, 1, 0, 0
312400, 1006782, 1, 0, 0
312500, 982887, 1, 0, 0
312600, 1016624, 1, 0, 0
312700, 1029577, 1, 0, 0
312800, 1002543, 1, 0, 0
312900, 1019532, 1, 0, 0
313000, 1040209, 1, 0, 0
313100, 1002989, 1, 0, 0
313200, 1017654, 1, 0, 0
313301, 1023581, 1, 0, 0
313400, 1041757, 1, 0, 0
313500, 1013111, 1, 0, 0
313600, 964686, 1, 0, 0
313700, 988439, 1, 0, 0
313800, 1027791, 1, 0, 0
313902, 1016824, 1, 0, 0
314000, 1018499, 1, 0, 0
314100, 1049928, 1, 0, 0
314201, 994545, 1, 0, 0
314300, 1005473, 1, 0, 0
314400, 969019, 1, 0, 0
314502, 1051034, 1, 0, 0
314600, 1040833, 1, 0, 0
314700, 1043748, 1, 0, 0
314800, 1048950, 1, 0, 0
314900, 1030018, 1, 0, 0
315000, 1014891, 1, 0, 0
315101, 1067033, 1, 0, 0
315200, 1025171, 1, 0, 0
315300, 1028165, 1, 0, 0
315400, 960727, 1, 0, 0
315500, 1012328, 1, 0, 0
315600, 1021591, 1, 0, 0
315700, 1016830, 1, 0, 0
315800, 988280, 1, 0, 0
315900, 977217, 1, 0, 0
316000, 999608, 1, 0, 0
316100, 979863, 1, 0, 0
316200, 987041, 1, 0, 0
316300, 1032859, 1, 0, 0
316400, 1068742, 1, 0, 0
316500, 1046805, 1, 0, 0
316600, 1044881, 1, 0, 0
316700, 1009387, 1, 0, 0
316800, 1034959, 1, 0, 0
316900, 1019636, 1, 0, 0
317000, 1025404, 1, 0, 0
317100, 995218, 1, 0, 0
317200, 1026785, 1, 0, 0
317300, 1018296, 1, 0, 0
317400, 990660, 1, 0, 0
317500, 1044631, 1, 0, 0
317600, 1023069, 1, 0, 0
317700, 1039259, 1, 0, 0
317800, 1030875, 1, 0, 0
317900, 1079896, 1, 0, 0
318000, 995793, 1, 0, 0
318100, 1005872, 1, 0, 0
318200, 1036046, 1, 0, 0
318300, 981880, 1, 0, 0
318400, 1059708, 1, 0, 0
318500, 1048830, 1, 0, 0
318601, 953468, 1, 0, 0
318700, 1029445, 1, 0, 0
318800, 1016341, 1, 0, 0
318900, 1033790, 1, 0, 0
319000, 1066730, 1, 0, 0
319100, 1064094, 1, 0, 0
319200, 992547, 1, 0, 0
319300, 1033047, 1, 0, 0
319400, 1037244, 1, 0, 0
319500, 1044727, 1, 0, 0
319600, 988905, 1, 0, 0
319700, 1064181, 1, 0, 0
319800, 1049139, 1, 0, 0
319900, 1030574, 1, 0, 0
320000, 1045251, 1, 0, 0
320100, 993095, 1, 0, 0
320200, 1016639, 1, 0, 0
320300, 966296, 1, 0, 0
320400, 1005186, 1, 0, 0
320500, 1030674, 1, 0, 0
320600, 990184, 1, 0, 0
320700, 1020318, 1, 0, 0
320800, 973898, 1, 0, 0
320900, 1002683, 1, 0, 0
321000, 1041066, 1, 0, 0
321100, 1013508, 1, 0, 0
321200, 1017814, 1, 0, 0
321300, 991629, 1, 0, 0
321400, 1025615, 1, 0, 0
321500, 991537, 1, 0, 0
321600, 992052, 1, 0, 0
321700, 966499, 1, 0, 0
321800, 999851, 1, 0, 0
321900, 992518, 1, 0, 0
322000, 983173, 1, 0, 0
322100, 986597, 1, 0, 0
322200, 997346, 1, 0, 0
322300, 1022597, 1, 0, 0
322400, 982824, 1, 0, 0
322501, 1007544, 1, 0, 0
322600, 1004306, 1, 0, 0
322700, 1057546, 1, 0, 0
322800, 1019401, 1, 0, 0
322900, 980876, 1, 0, 0
323000, 982593, 1, 0, 0
323100, 1008813, 1, 0, 0
323201, 955315, 1, 0, 0
323300, 1000557, 1, 0, 0
323400, 1027442, 1, 0, 0
323500, 1056747, 1, 0, 0
323602, 1036196, 1, 0, 0
323700, 1035430, 1, 0, 0
323800, 1043383, 1, 0, 0
323900, 994514, 1, 0, 0
324000, 1010826, 1, 0, 0
324100, 1003125, 1, 0, 0
324201, 1014933, 1, 0, 0
324300, 1017012, 1, 0, 0
324401, 1043216, 1, 0, 0
324501, 1043579, 1, 0, 0
324600, 1039574, 1, 0, 0
324700, 1054005, 1, 0, 0
324800, 1044983, 1, 0, 0
324900, 986349, 1, 0, 0
325000, 1041145, 1, 0, 0
325100, 1025282, 1, 0, 0
325200, 969369, 1, 0, 0
325300, 949959, 1, 0, 0
325400, 1027346, 1, 0, 0
325500, 1002636, 1, 0, 0
325600, 1002556, 1, 0, 0
325700, 1007750, 1, 0, 0
325801, 1051030, 1, 0, 0
325900, 983675, 1, 0, 0
326000, 992867, 1, 0, 0
326101, 964694, 1, 0, 0
326200, 1038630, 1, 0, 0
326300, 971187, 1, 0, 0
326401, 1013105, 1, 0, 0
326500, 1019386, 1, 0, 0
326600, 1063320, 1, 0, 0
326700, 1045035, 1, 0, 0
326800, 1077657, 1, 0, 0
326900, 1053509, 1, 0, 0
327000, 956423, 1, 0, 0
327100, 1012783, 1, 0, 0
327201, 1057767, 1, 0, 0
327300, 1022259, 1, 0, 0
327400, 1043172, 1, 0, 0
327500, 1043625, 1, 0, 0
327600, 1039302, 1, 0, 0
327700, 1068748, 1, 0, 0
327800, 1025944, 1, 0, 0
327900, 1010617, 1, 0, 0
328001, 1057600, 1, 0, 0
328100, 1029934, 1, 0, 0
328200, 1052156, 1, 0, 0
328300, 991582, 1, 0, 0
328400, 1010485, 1, 0, 0
328500, 977656, 1, 0, 0
328600, 1072911, 1, 0, 0
328700, 1022946, 1, 0, 0
328800, 1007136, 1, 0, 0
328900, 1021623, 1, 0, 0
329000, 1020463, 1, 0, 0
329100, 999359, 1, 0, 0
329200, 1024371, 1, 0, 0
329300, 1050068, 1, 0, 0
329400, 1001386, 1, 0, 0
329500, 982690, 1, 0, 0
329600, 983165, 1, 0, 0
329701, 988735, 1, 0, 0
329801, 981121, 1, 0, 0
329900, 1033826, 1, 0, 0
330001, 1002120, 1, 0, 0
330100, 977841, 1, 0, 0
330201, 1015639, 1, 0, 0
330300, 999426, 1, 0, 0
330400, 1040587, 1, 0, 0
330500, 994816, 1, 0, 0
330600, 1044932, 1, 0, 0
330700, 1007684, 1, 0, 0
330801, 1042447, 1, 0, 0
330900, 997025, 1, 0, 0
331000, 1003474, 1, 0, 0
331100, 1067959, 1, 0, 0
331200, 1050818, 1, 0, 0
331300, 1065945, 1, 0, 0
331400, 1026968, 1, 0, 0
331500, 1075021, 1, 0, 0
331600, 981233, 1, 0, 0
331701, 1017331, 1, 0, 0
331800, 1038283, 1, 0, 0
331900, 1013911, 1, 0, 0
332000, 988900, 1, 0, 0
332100, 997499, 1, 0, 0
332200, 1018760, 1, 0, 0
332300, 1034147, 1, 0, 0
332400, 987111, 1, 0, 0
332500, 1012937, 1, 0, 0
332600, 1013864, 1, 0, 0
332700, 1018400, 1, 0, 0
332800, 1004171, 1, 0, 0
332900, 1026448, 1, 0, 0
333000, 1002183, 1, 0, 0
333100, 1013447, 1, 0, 0
333200, 1020572, 1, 0, 0
333300, 1029409, 1, 0, 0
333402, 1036165, 1, 0, 0
333500, 967592, 1, 0, 0
333600, 994088, 1, 0, 0
333700, 1003308, 1, 0, 0
333800, 1018509, 1, 0, 0
333900, 1032022, 1, 0, 0
334000, 964548, 1, 0, 0
334100, 1026054, 1, 0, 0
334200, 1014938, 1, 0, 0
334300, 1029313, 1, 0, 0
334400, 1019836, 1, 0, 0
334500, 1005227, 1, 0, 0
334600, 1002014, 1, 0, 0
334700, 1036314, 1, 0, 0
334800, 992162, 1, 0, 0
334900, 1004613, 1, 0, 0
335000, 1010164, 1, 0, 0
335101, 1028081, 1, 0, 0
335200, 1014650, 1, 0, 0
335300, 1016321, 1, 0, 0
335400, 1023946, 1, 0, 0
335501, 992656, 1, 0, 0
335600, 1032894, 1, 0, 0
335700, 996934, 1, 0, 0
335800, 998345, 1, 0, 0
335900, 1014803, 1, 0, 0
336000, 1036706, 1, 0, 0
336100, 1012677, 1, 0, 0
336200, 1047652, 1, 0, 0
336300, 1041646, 1, 0, 0
336400, 979672, 1, 0, 0
336500, 1007417, 1, 0, 0
336600, 1004998, 1, 0, 0
336700, 986615, 1, 0, 0
336800, 992183, 1, 0, 0
336900, 969695, 1, 0, 0
337000, 1056433, 1, 0, 0
337100, 1054726, 1, 0, 0
337200, 1010795, 1, 0, 0
337301, 994711, 1, 0, 0
337400, 992542, 1, 0, 0
337500, 1068724, 1, 0, 0
337600, 1037925, 1, 0, 0
337700, 991376, 1, 0, 0
337800, 1033012, 1, 0, 0
337901, 998781, 1, 0, 0
338000, 1034932, 1, 0, 0
338100, 1011711, 1, 0, 0
338200, 1016225, 1, 0, 0
338300, 1047988, 1, 0, 0
338400, 997028, 1, 0, 0
338500, 1016634, 1, 0, 0
338600, 1046986, 1, 0, 0
338700, 1001804, 1, 0, 0
338800, 1015412, 1, 0, 0
338900, 1048813, 1, 0, 0
339000, 1034842, 1, 0, 0
339100, 1002905, 1, 0, 0
339200, 1065305, 1, 0, 0
339300, 1010416, 1, 0, 0
339400, 1025905, 1, 0, 0
339500, 987625, 1, 0, 0
339600, 1013601, 1, 0, 0
339700, 1052202, 1, 0, 0
339800, 1016571, 1, 0, 0
339900, 1017474, 1, 0, 0
340000, 1041446, 1, 0, 0
340101, 1010032, 1, 0, 0
340200, 1005494, 1, 0, 0
340300, 1037997, 1, 0, 0
340400, 1033477, 1, 0, 0
340500, 1019140, 1, 0, 0
340600, 1010965, 1, 0, 0
340700, 1055278, 1, 0, 0
340800, 1008975, 1, 0, 0
340900, 1002165, 1, 0, 0
341000, 1026250, 1, 0, 0
341100, 1015864, 1, 0, 0
341200, 1007079, 1, 0, 0
341300, 1029575, 1, 0, 0
341400, 995847, 1, 0, 0
341500, 980977, 1, 0, 0
341600, 999681, 1, 0, 0
341701, 1025039, 1, 0, 0
341800, 990205, 1, 0, 0
341900, 1083719, 1, 0, 0
342001, 1056370, 1, 0, 0
342100, 1055500, 1, 0, 0
342202, 1022928, 1, 0, 0
342300, 995305, 1, 0, 0
342400, 987187, 1, 0, 0
342500, 1028425, 1, 0, 0
342600, 989461, 1, 0, 0
342700, 1017998, 1, 0, 0
342800, 976849, 1, 0, 0
342900, 994309, 1, 0, 0
343000, 1034556, 1, 0, 0
343100, 1013695, 1, 0, 0
343200, 1012366, 1, 0, 0
343300, 1070165, 1, 0, 0
343400, 1015418, 1, 0, 0
343500, 1025334, 1, 0, 0
343600, 1038971, 1, 0, 0
343700, 1007546, 1, 0, 0
343800, 1033347, 1, 0, 0
343900, 1001337, 1, 0, 0
344000, 1015287, 1, 0, 0
344100, 1048469, 1, 0, 0
344200, 1033025, 1, 0, 0
344300, 1020637, 1, 0, 0
344400, 1066061, 1, 0, 0
344500, 1068508, 1, 0, 0
344600, 1034409, 1, 0, 0
344700, 1066105, 1, 0, 0
344800, 1046413, 1, 0, 0
344901, 1051014, 1, 0, 0
345000, 1034629, 1, 0, 0
345100, 1071915, 1, 0, 0
345201, 1121129, 1, 0, 0
345300, 986912, 1, 0, 0
345400, 1021955, 1, 0, 0
345500, 1016546, 1, 0, 0
345600, 1056155, 1, 0, 0
345700, 1060621, 1, 0, 0
345800, 1085828, 1, 0, 0
345901, 1071138, 1, 0, 0
346000, 1043641, 1, 0, 0
346100, 1076172, 1, 0, 0
346202, 1076991, 1, 0, 0
346300, 1056311, 1, 0, 0
346400, 1057332, 1, 0, 0
346500, 1040301, 1, 0, 0
346600, 1067985, 1, 0, 0
346701, 1116242, 1, 0, 0
346800, 1044235, 1, 0, 0
346900, 1118142, 1, 0, 0
347000, 1070562, 1, 0, 0
347100, 1037582, 1, 0, 0
347200, 1053344, 1, 0, 0
347300, 1037579, 1, 0, 0
347400, 1056969, 1, 0, 0
347501, 1096134, 1, 0, 0
347600, 1062047, 1, 0, 0
347700, 1062996, 1, 0, 0
347800, 1019918, 1, 0, 0
347900, 1093031, 1, 0, 0
348000, 1070462, 1, 0, 0
348100, 1051034, 1, 0, 0
348200, 1082462, 1, 0, 0
348301, 1063603, 1, 0, 0
348400, 1084595, 1, 0, 0
348500, 1004042, 1, 0, 0
348600, 1036756, 1, 0, 0
348700, 1073458, 1, 0, 0
348800, 1067126, 1, 0, 0
348900, 1057632, 1, 0, 0
349001, 1051353, 1, 0, 0
349100, 1054506, 1, 0, 0
349200, 1102015, 1, 0, 0
349300, 989302, 1, 0, 0
349400, 1040103, 1, 0, 0
349500, 1076340, 1, 0, 0
349600, 1093874, 1, 0, 0
349700, 1097266, 1, 0, 0
349800, 1016952, 1, 0, 0
349900, 1081543, 1, 0, 0
350000, 1037819, 1, 0, 0
350100, 1107997, 1, 0, 0
350200, 1080701, 1, 0, 0
350300, 1091031, 1, 0, 0
350400, 1097370, 1, 0, 0
350500, 1043318, 1, 0, 0
350600, 1099459, 1, 0, 0
350701, 1105683, 1, 0, 0
350800, 1077389, 1, 0, 0
350900, 1055214, 1, 0, 0
351001, 1040476, 1, 0, 0
351100, 1048471, 1, 0, 0
351200, 1036947, 1, 0, 0
351300, 1044419, 1, 0, 0
351400, 1121285, 1, 0, 0
351500, 1024783, 1, 0, 0
351600, 1062927, 1, 0, 0
351700, 996299, 1, 0, 0
351800, 1105012, 1, 0, 0
351900, 1021197, 1, 0, 0
352000, 1059682, 1, 0, 0
352100, 1062667, 1, 0, 0
352200, 1037461, 1, 0, 0
352300, 1066931, 1, 0, 0
352400, 1051955, 1, 0, 0
352500, 1008724, 1, 0, 0
352600, 1083716, 1, 0, 0
352700, 1032234, 1, 0, 0
352800, 1032570, 1, 0, 0
352900, 1036051, 1, 0, 0
353000, 1076558, 1, 0, 0
353101, 1021503, 1, 0, 0
353201, 1058203, 1, 0, 0
353300, 1071966, 1, 0, 0
353400, 1074563, 1, 0, 0
353500, 1026976, 1, 0, 0
353600, 1042430, 1, 0, 0
353701, 1009867, 1, 0, 0
353800, 1057679, 1, 0, 0
353900, 1034535, 1, 0, 0
354000, 1052100, 1, 0, 0
354100, 1032727, 1, 0, 0
354200, 1032460, 1, 0, 0
354301, 1026072, 1, 0, 0
354400, 1024974, 1, 0, 0
354500, 1074050, 1, 0, 0
354600, 1024195, 1, 0, 0
354700, 1028194, 1, 0, 0
354800, 996869, 1, 0, 0
354900, 1021926, 1, 0, 0
355000, 974704, 1, 0, 0
355100, 1018309, 1, 0, 0
355201, 1037009, 1, 0, 0
355300, 1040078, 1, 0, 0
355400, 1064502, 1, 0, 0
355500, 1055132, 1, 0, 0
355600, 1057883, 1, 0, 0
355700, 1010683, 1, 0, 0
355800, 1042690, 1, 0, 0
355900, 1006770, 1, 0, 0
356001, 1063307, 1, 0, 0
356100, 1108082, 1, 0, 0
356200, 1037802, 1, 0, 0
356300, 1065744, 1, 0, 0
356400, 1074647, 1, 0, 0
356500, 1014482, 1, 0, 0
356600, 1021337, 1, 0, 0
356700, 1048620, 1, 0, 0
356800, 1063305, 1, 0, 0
356900, 1005264, 1, 0, 0
357000, 1090252, 1, 0, 0
357100, 1050727, 1, 0, 0
357200, 1043598, 1, 0, 0
357300, 1094890, 1, 0, 0
357401, 1031129, 1, 0, 0
357500, 1031814, 1, 0, 0
357600, 1018775, 1, 0, 0
357701, 1059797, 1, 0, 0
357800, 988189, 1, 0, 0
357900, 996770, 1, 0, 0
358001, 1052074, 1, 0, 0
358100, 1010899, 1, 0, 0
358200, 1016285, 1, 0, 0
358300, 1063090, 1, 0, 0
358400, 1091716, 1, 0, 0
358500, 1009516, 1, 0, 0
358600, 1037481, 1, 0, 0
358701, 1061968, 1, 0, 0
358800, 1058524, 1, 0, 0
358901, 1022318, 1, 0, 0
359000, 1060389, 1, 0, 0
359102, 1155717, 1, 0, 0
359200, 1101833, 1, 0, 0
359300, 1102292, 1, 0, 0
359401, 1159046, 1, 0, 0
359500, 1099415, 1, 0, 0
359600, 1043408, 1, 0, 0
359700, 1113885, 1, 0, 0
359800, 1037291, 1, 0, 0
359900, 1070372, 1, 0, 0
360000, 1061582, 1, 0, 0
360100, 1006148, 1, 0, 0
360200, 1020603, 1, 0, 0
360300, 1019170, 1, 0, 0
360400, 1010249, 1, 0, 0
360500, 1063675, 1, 0, 0
360600, 998198, 1, 0, 0
360700, 1028681, 1, 0, 0
360800, 1005503, 1, 0, 0
360900, 971164, 1, 0, 0
361000, 1036633, 1, 0, 0
361100, 1035901, 1, 0, 0
361200, 1063079, 1, 0, 0
361300, 1049433, 1, 0, 0
361400, 1002434, 1, 0, 0
361500, 993017, 1, 0, 0
361600, 1006752, 1, 0, 0
361701, 1077558, 1, 0, 0
361800, 1044346, 1, 0, 0
361900, 1010711, 1, 0, 0
362000, 1056582, 1, 0, 0
362100, 1017974, 1, 0, 0
362200, 1044629, 1, 0, 0
362300, 1021989, 1, 0, 0
362400, 1045234, 1, 0, 0
362501, 1016305, 1, 0, 0
362600, 1010750, 1, 0, 0
362700, 1034802, 1, 0, 0
362800, 969809, 1, 0, 0
362900, 1025023, 1, 0, 0
363000, 1040082, 1, 0, 0
363100, 1045422, 1, 0, 0
363200, 1059909, 1, 0, 0
363300, 999871, 1, 0, 0
363401, 1090614, 1, 0, 0
363500, 1058620, 1, 0, 0
363600, 996156, 1, 0, 0
363700, 995916, 1, 0, 0
363801, 1035597, 1, 0, 0
363900, 943679, 1, 0, 0
364000, 987596, 1, 0, 0
364100, 1016981, 1, 0, 0
364200, 1002629, 1, 0, 0
364301, 1054876, 1, 0, 0
364400, 1019756, 1, 0, 0
364500, 1046482, 1, 0, 0
364600, 986152, 1, 0, 0
364700, 1056647, 1, 0, 0
364800, 1050437, 1, 0, 0
364900, 965570, 1, 0, 0
365000, 1035929, 1, 0, 0
365101, 993735, 1, 0, 0
365200, 998762, 1, 0, 0
365300, 1043395, 1, 0, 0
365400, 1001476, 1, 0, 0
365501, 1066113, 1, 0, 0
365600, 1033933, 1, 0, 0
365700, 1029517, 1, 0, 0
365800, 1010379, 1, 0, 0
365900, 1045429, 1, 0, 0
366000, 1033439, 1, 0, 0
366100, 1015621, 1, 0, 0
366200, 1048980, 1, 0, 0
366300, 1088189, 1, 0, 0
366400, 991530, 1, 0, 0
366500, 977723, 1, 0, 0
366600, 976437, 1, 0, 0
366700, 1045253, 1, 0, 0
366800, 1018804, 1, 0, 0
366900, 1016842, 1, 0, 0
367000, 1067569, 1, 0, 0
367100, 1005956, 1, 0, 0
367200, 1090644, 1, 0, 0
367301, 1022438, 1, 0, 0
367400, 1007175, 1, 0, 0
367500, 1016503, 1, 0, 0
367600, 1053834, 1, 0, 0
367700, 991633, 1, 0, 0
367800, 1013335, 1, 0, 0
367900, 1015827, 1, 0, 0
368000, 1061609, 1, 0, 0
368100, 1020809, 1, 0, 0
368200, 982299, 1, 0, 0
368300, 1063097, 1, 0, 0
368401, 1033858, 1, 0, 0
368501, 1045431, 1, 0, 0
368600, 1035800, 1, 0, 0
368700, 994738, 1, 0, 0
368801, 1001467, 1, 0, 0
368900, 1013150, 1, 0, 0
369000, 1006576, 1, 0, 0
369100, 1034541, 1, 0, 0
369201, 1008691, 1, 0, 0
369300, 981085, 1, 0, 0
369400, 1025982, 1, 0, 0
369500, 985487, 1, 0, 0
369600, 1027541, 1, 0, 0
369700, 1011792, 1, 0, 0
369800, 1040222, 1, 0, 0
369900, 1012599, 1, 0, 0
370000, 1000279, 1, 0, 0
370100, 1005186, 1, 0, 0
370200, 1015723, 1, 0, 0
370300, 1095595, 1, 0, 0
370400, 1013597, 1, 0, 0
370500, 1030248, 1, 0, 0
370600, 1049651, 1, 0, 0
370700, 1025504, 1, 0, 0
370800, 1048916, 1, 0, 0
370900, 1004648, 1, 0, 0
371000, 1054078, 1, 0, 0
371100, 1048542, 1, 0, 0
371200, 1014221, 1, 0, 0
371300, 1017497, 1, 0, 0
371400, 1032979, 1, 0, 0
371500, 1038756, 1, 0, 0
371600, 1020240, 1, 0, 0
371700, 1043001, 1, 0, 0
371800, 1039676, 1, 0, 0
371900, 1047201, 1, 0, 0
372000, 1052488, 1, 0, 0
372100, 1056794, 1, 0, 0
372200, 1010333, 1, 0, 0
372300, 1032216, 1, 0, 0
372400, 1067755, 1, 0, 0
372501, 1090874, 1, 0, 0
372600, 1017746, 1, 0, 0
372700, 1010008, 1, 0, 0
372800, 1037215, 1, 0, 0
372900, 1018977, 1, 0, 0
373000, 985863, 1, 0, 0
373101, 985562, 1, 0, 0
373200, 1017258, 1, 0, 0
373300, 1084818, 1, 0, 0
373400, 1040973, 1, 0, 0
373500, 1020118, 1, 0, 0
373601, 1068990, 1, 0, 0
373700, 1029583, 1, 0, 0
373800, 1080356, 1, 0, 0
373900, 1084114, 1, 0, 0
374000, 1069800, 1, 0, 0
374100, 1002758, 1, 0, 0
374200, 1000516, 1, 0, 0
374300, 1047210, 1, 0, 0
374400, 1000652, 1, 0, 0
374500, 1020409, 1, 0, 0
374600, 1008015, 1, 0, 0
374700, 1029205, 1, 0, 0
374800, 1001088, 1, 0, 0
374900, 1064792, 1, 0, 0
375000, 1042607, 1, 0, 0
375100, 1070706, 1, 0, 0
375200, 1029981, 1, 0, 0
375300, 1060744, 1, 0, 0
375400, 1064344, 1, 0, 0
375500, 1024172, 1, 0, 0
375600, 1055432, 1, 0, 0
375700, 1042268, 1, 0, 0
375800, 980071, 1, 0, 0
375900, 1007482, 1, 0, 0
376000, 1087807, 1, 0, 0
376100, 1046799, 1, 0, 0
376200, 1010816, 1, 0, 0
376300, 1040756, 1, 0, 0
376400, 1008191, 1, 0, 0
376501, 1061568, 1, 0, 0
376600, 1055080, 1, 0, 0
376700, 1023617, 1, 0, 0
376800, 1017814, 1, 0, 0
376901, 1052263, 1, 0, 0
377000, 1047140, 1, 0, 0
377100, 1064605, 1, 0, 0
377200, 1016059, 1, 0, 0
377300, 1044187, 1, 0, 0
377400, 1025554, 1, 0, 0
377500, 1046112, 1, 0, 0
377600, 1060514, 1, 0, 0
377700, 1059668, 1, 0, 0
377800, 1017275, 1, 0, 0
377900, 1040390, 1, 0, 0
378000, 1090668, 1, 0, 0
378100, 1090096, 1, 0, 0
378201, 1053594, 1, 0, 0
378300, 1015922, 1, 0, 0
378400, 1084507, 1, 0, 0
378500, 1047354, 1, 0, 0
378601, 1035458, 1, 0, 0
378700, 1016483, 1, 0, 0
378800, 1006681, 1, 0, 0
378900, 1068117, 1, 0, 0
379001, 1013259, 1, 0, 0
379100, 978552, 1, 0, 0
379200, 1063031, 1, 0, 0
379300, 1007222, 1, 0, 0
379400, 1030036, 1, 0, 0
379500, 1013860, 1, 0, 0
379600, 1067764, 1, 0, 0
379700, 1021526, 1, 0, 0
379800, 1022457, 1, 0, 0
379900, 1043804, 1, 0, 0
380000, 1081563, 1, 0, 0
380100, 983844, 1, 0, 0
380200, 1044452, 1, 0, 0
380300, 1014674, 1, 0, 0
380400, 1013292, 1, 0, 0
380500, 1014662, 1, 0, 0
380600, 1025741, 1, 0, 0
380700, 1015360, 1, 0, 0
380800, 1036106, 1, 0, 0
380900, 1040706, 1, 0, 0
381000, 1000446, 1, 0, 0
381100, 1005811, 1, 0, 0
381200, 980017, 1, 0, 0
381300, 1001267, 1, 0, 0
381400, 1003386, 1, 0, 0
381500, 982283, 1, 0, 0
381600, 1017188, 1, 0, 0
381700, 1001112, 1, 0, 0
381800, 1045640, 1, 0, 0
381900, 1026906, 1, 0, 0
382000, 1011654, 1, 0, 0
382100, 1019837, 1, 0, 0
382200, 1050020, 1, 0, 0
382300, 1036565, 1, 0, 0
382400, 1054870, 1, 0, 0
382500, 1081696, 1, 0, 0
382600, 1067775, 1, 0, 0
382700, 1012307, 1, 0, 0
382800, 986941, 1, 0, 0
382900, 1012969, 1, 0, 0
383000, 988596, 1, 0, 0
383100, 973818, 1, 0, 0
383200, 983581, 1, 0, 0
383300, 1038586, 1, 0, 0
383401, 1073603, 1, 0, 0
383500, 1002020, 1, 0, 0
383600, 998357, 1, 0, 0
383700, 1015965, 1, 0, 0
383800, 1020873, 1, 0, 0
383900, 1010545, 1, 0, 0
384000, 1060575, 1, 0, 0
384100, 1005612, 1, 0, 0
384200, 998037, 1, 0, 0
384300, 1047203, 1, 0, 0
384400, 1007877, 1, 0, 0
384500, 1045086, 1, 0, 0
384600, 1027670, 1, 0, 0
384700, 1009333, 1, 0, 0
384800, 1082686, 1, 0, 0
384900, 1037119, 1, 0, 0
385001, 1010346, 1, 0, 0
385100, 1011106, 1, 0, 0
385200, 1020935, 1, 0, 0
385300, 1026567, 1, 0, 0
385401, 1010587, 1, 0, 0
385500, 1028652, 1, 0, 0
385600, 1011290, 1, 0, 0
385700, 976267, 1, 0, 0
385801, 1078777, 1, 0, 0
385900, 1005861, 1, 0, 0
386000, 1025360, 1, 0, 0
386100, 1055825, 1, 0, 0
386200, 1050166, 1, 0, 0
386300, 1060747, 1, 0, 0
386400, 999392, 1, 0, 0
386500, 1004621, 1, 0, 0
386600, 1056689, 1, 0, 0
386700, 1040368, 1, 0, 0
386800, 1049331, 1, 0, 0
386900, 1052559, 1, 0, 0
387000, 995257, 1, 0, 0
387100, 1006609, 1, 0, 0
387200, 1043688, 1, 0, 0
387300, 1053026, 1, 0, 0
387400, 1022081, 1, 0, 0
387500, 1011437, 1, 0, 0
387600, 1056457, 1, 0, 0
387700, 1020379, 1, 0, 0
387800, 993112, 1, 0, 0
387900, 1008064, 1, 0, 0
388000, 1050252, 1, 0, 0
388100, 979280, 1, 0, 0
388200, 1032239, 1, 0, 0
388300, 1032566, 1, 0, 0
388400, 1042272, 1, 0, 0
388500, 1051792, 1, 0, 0
388600, 1001382, 1, 0, 0
388700, 1043049, 1, 0, 0
388800, 1007148, 1, 0, 0
388900, 1036956, 1, 0, 0
389000, 972360, 1, 0, 0
389102, 1002233, 1, 0, 0
389200, 998428, 1, 0, 0
389300, 1015533, 1, 0, 0
389400, 949008, 1, 0, 0
389500, 991448, 1, 0, 0
389600, 1007836, 1, 0, 0
389700, 991899, 1, 0, 0
389800, 1013144, 1, 0, 0
389900, 979604, 1, 0, 0
390000, 988373, 1, 0, 0
390100, 1010242, 1, 0, 0
390200, 1004974, 1, 0, 0
390300, 971976, 1, 0, 0
390400, 1015201, 1, 0, 0
390500, 1035178, 1, 0, 0
390600, 1005014, 1, 0, 0
390700, 1005715, 1, 0, 0
390800, 1015756, 1, 0, 0
390900, 1001463, 1, 0, 0
391000, 970074, 1, 0, 0
391100, 1034223, 1, 0, 0
391200, 1018993, 1, 0, 0
391300, 1024133, 1, 0, 0
391400, 1039746, 1, 0, 0
391500, 1016228, 1, 0, 0
391601, 997450, 1, 0, 0
391700, 1008655, 1, 0, 0
391800, 989724, 1, 0, 0
391900, 1031902, 1, 0, 0
392000, 1036234, 1, 0, 0
392100, 1014083, 1, 0, 0
392200, 1011246, 1, 0, 0
392300, 1005738, 1, 0, 0
392400, 1110177, 1, 0, 0
392500, 1039566, 1, 0, 0
392600, 1025320, 1, 0, 0
392700, 1059917, 1, 0, 0
392800, 1009908, 1, 0, 0
392900, 1043279, 1, 0, 0
393000, 1041161, 1, 0, 0
393100, 965670, 1, 0, 0
393200, 1057285, 1, 0, 0
393300, 1016809, 1, 0, 0
393400, 1037516, 1, 0, 0
393500, 1041977, 1, 0, 0
393600, 1069778, 1, 0, 0
393700, 1077348, 1, 0, 0
393800, 1081697, 1, 0, 0
393900, 1026718, 1, 0, 0
394000, 1082724, 1, 0, 0
394100, 1036731, 1, 0, 0
394200, 1026711, 1, 0, 0
394300, 1082960, 1, 0, 0
394400, 1024083, 1, 0, 0
394500, 1030804, 1, 0, 0
394600, 1053601, 1, 0, 0
394700, 1025619, 1, 0, 0
394800, 1008158, 1, 0, 0
394900, 1024865, 1, 0, 0
395000, 1042935, 1, 0, 0
395101, 1067342, 1, 0, 0
395200, 1024379, 1, 0, 0
395300, 1053497, 1, 0, 0
395400, 1091408, 1, 0, 0
395502, 1057428, 1, 0, 0
395602, 1061566, 1, 0, 0
395701, 1000788, 1, 0, 0
395800, 1038209, 1, 0, 0
395900, 1079048, 1, 0, 0
396000, 1004268, 1, 0, 0
396100, 1036786, 1, 0, 0
396200, 1039656, 1, 0, 0
396300, 999987, 1, 0, 0
396401, 1051954, 1, 0, 0
396500, 1032195, 1, 0, 0
396601, 996019, 1, 0, 0
396700, 1022913, 1, 0, 0
396800, 1021957, 1, 0, 0
396901, 1047412, 1, 0, 0
397000, 1023730, 1, 0, 0
397100, 1040457, 1, 0, 0
397200, 1060582, 1, 0, 0
397300, 1070380, 1, 0, 0
397400, 1042783, 1, 0, 0
397500, 1059615, 1, 0, 0
397600, 1070031, 1, 0, 0
397700, 1066003, 1, 0, 0
397800, 1053913, 1, 0, 0
397900, 1004671, 1, 0, 0
398000, 1019481, 1, 0, 0
398100, 1025355, 1, 0, 0
398200, 1039128, 1, 0, 0
398300, 1011580, 1, 0, 0
398400, 1066407, 1, 0, 0
398500, 1055539, 1, 0, 0
398600, 1005919, 1, 0, 0
398700, 1034293, 1, 0, 0
398800, 1022918, 1, 0, 0
398900, 1029917, 1, 0, 0
399000, 1061948, 1, 0, 0
399100, 1108417, 1, 0, 0
399200, 1020595, 1, 0, 0
399300, 1048253, 1, 0, 0
399400, 1031911, 1, 0, 0
399500, 1053541, 1, 0, 0
399600, 1027237, 1, 0, 0
399700, 1042805, 1, 0, 0
399800, 1052492, 1, 0, 0
399900, 1046284, 1, 0, 0
400000, 1015646, 1, 0, 0
400100, 1047264, 1, 0, 0
400200, 1074282, 1, 0, 0
400300, 1059960, 1, 0, 0
400400, 1026676, 1, 0, 0
400500, 1069090, 1, 0, 0
400600, 1059620, 1, 0, 0
400701, 1049774, 1, 0, 0
400800, 1048937, 1, 0, 0
400900, 1072971, 1, 0, 0
401000, 1083976, 1, 0, 0
401100, 972385, 1, 0, 0
401200, 1018020, 1, 0, 0
401301, 992989, 1, 0, 0
401400, 992936, 1, 0, 0
401500, 1000913, 1, 0, 0
401600, 1033693, 1, 0, 0
401700, 1059409, 1, 0, 0
401800, 1043157, 1, 0, 0
401900, 1011570, 1, 0, 0
402000, 1003822, 1, 0, 0
402100, 1039728, 1, 0, 0
402200, 1048613, 1, 0, 0
402301, 1025037, 1, 0, 0
402401, 993987, 1, 0, 0
402500, 1017383, 1, 0, 0
402600, 1045711, 1, 0, 0
402700, 1046921, 1, 0, 0
402800, 1013439, 1, 0, 0
402900, 1025680, 1, 0, 0
403000, 1025833, 1, 0, 0
403100, 1009026, 1, 0, 0
403200, 1039620, 1, 0, 0
403300, 1038845, 1, 0, 0
403400, 1013157, 1, 0, 0
403500, 1042932, 1, 0, 0
403600, 1043864, 1, 0, 0
403700, 1013003, 1, 0, 0
403800, 1019566, 1, 0, 0
403900, 1000821, 1, 0, 0
404000, 993337, 1, 0, 0
404100, 1016071, 1, 0, 0
404201, 1019214, 1, 0, 0
404300, 1118368, 1, 0, 0
404400, 1010127, 1, 0, 0
404500, 1020478, 1, 0, 0
404600, 1020126, 1, 0, 0
404700, 962606, 1, 0, 0
404800, 1001040, 1, 0, 0
404900, 960745, 1, 0, 0
405000, 1008707, 1, 0, 0
405100, 1014450, 1, 0, 0
405200, 1011804, 1, 0, 0
405300, 1036703, 1, 0, 0
405400, 1025667, 1, 0, 0
405500, 1005260, 1, 0, 0
405600, 1021860, 1, 0, 0
405700, 1045186, 1, 0, 0
405800, 1015557, 1, 0, 0
405900, 1045719, 1, 0, 0
406000, 1051851, 1, 0, 0
406100, 1064159, 1, 0, 0
406200, 1041890, 1, 0, 0
406300, 1025577, 1, 0, 0
406400, 1058962, 1, 0, 0
406500, 1069839, 1, 0, 0
406600, 1042705, 1, 0, 0
406700, 1028101, 1, 0, 0
406800, 1099091, 1, 0, 0
406900, 1031412, 1, 0, 0
407000, 1031210, 1, 0, 0
407100, 989498, 1, 0, 0
407200, 1004295, 1, 0, 0
407300, 1022626, 1, 0, 0
407400, 1042492, 1, 0, 0
407500, 1117307, 1, 0, 0
407600, 1072300, 1, 0, 0
407700, 1048663, 1, 0, 0
407800, 1088044, 1, 0, 0
407900, 1008811, 1, 0, 0
408000, 1031319, 1, 0, 0
408100, 1081831, 1, 0, 0
408200, 1059361, 1, 0, 0
408301, 1082783, 1, 0, 0
408400, 1074149, 1, 0, 0
408500, 1008823, 1, 0, 0
408600, 1017636, 1, 0, 0
408701, 976810, 1, 0, 0
408801, 1057228, 1, 0, 0
408900, 1035236, 1, 0, 0
409001, 1031705, 1, 0, 0
409101, 1050501, 1, 0, 0
409200, 1064136, 1, 0, 0
409300, 1037791, 1, 0, 0
409400, 1079869, 1, 0, 0
409500, 1066544, 1, 0, 0
409600, 1053685, 1, 0, 0
409700, 1048673, 1, 0, 0
409801, 1001028, 1, 0, 0
409900, 1025850, 1, 0, 0
410000, 1061537, 1, 0, 0
410100, 1069541, 1, 0, 0
410200, 1088537, 1, 0, 0
410300, 1063341, 1, 0, 0
410400, 1099679, 1, 0, 0
410500, 1014901, 1, 0, 0
410600, 1037574, 1, 0, 0
410700, 1093470, 1, 0, 0
410800, 1037567, 1, 0, 0
410900, 1020868, 1, 0, 0
411000, 1071267, 1, 0, 0
411100, 1038519, 1, 0, 0
411200, 1058743, 1, 0, 0
411301, 1074965, 1, 0, 0
411400, 1086297, 1, 0, 0
411500, 1167310, 1, 0, 0
411600, 1015041, 1, 0, 0
411700, 1034116, 1, 0, 0
411800, 1033264, 1, 0, 0
411900, 1013735, 1, 0, 0
412000, 1037564, 1, 0, 0
412100, 1018911, 1, 0, 0
412200, 1014849, 1, 0, 0
412300, 1014613, 1, 0, 0
412400, 1030886, 1, 0, 0
412502, 1075841, 1, 0, 0
412600, 1014525, 1, 0, 0
412700, 1059859, 1, 0, 0
412800, 1080583, 1, 0, 0
412900, 1014471, 1, 0, 0
413000, 1044259, 1, 0, 0
413100, 1039845, 1, 0, 0
413200, 1027975, 1, 0, 0
413300, 1056910, 1, 0, 0
413401, 1053531, 1, 0, 0
413500, 1055649, 1, 0, 0
413600, 1057702, 1, 0, 0
413700, 1028783, 1, 0, 0
413800, 1042066, 1, 0, 0
413900, 1056219, 1, 0, 0
414001, 1027492, 1, 0, 0
414100, 1068493, 1, 0, 0
414200, 1058776, 1, 0, 0
414300, 1037617, 1, 0, 0
414400, 1027951, 1, 0, 0
414500, 1001161, 1, 0, 0
414600, 992792, 1, 0, 0
414700, 976239, 1, 0, 0
414800, 1049585, 1, 0, 0
414900, 1034083, 1, 0, 0
415000, 996516, 1, 0, 0
415100, 992746, 1, 0, 0
415201, 993547, 1, 0, 0
415300, 993723, 1, 0, 0
415400, 1003610, 1, 0, 0
415500, 1001648, 1, 0, 0
415600, 1011950, 1, 0, 0
415700, 1019192, 1, 0, 0
415800, 1014886, 1, 0, 0
415901, 1031149, 1, 0, 0
416001, 985926, 1, 0, 0
416100, 980802, 1, 0, 0
416200, 1008544, 1, 0, 0
416300, 1022027, 1, 0, 0
416400, 1018061, 1, 0, 0
416501, 1005831, 1, 0, 0
416600, 1028918, 1, 0, 0
416700, 997484, 1, 0, 0
416800, 986642, 1, 0, 0
416900, 997807, 1, 0, 0
417000, 1022212, 1, 0, 0
417100, 1013641, 1, 0, 0
417201, 1022228, 1, 0, 0
417300, 1045796, 1, 0, 0
417400, 1025325, 1, 0, 0
417500, 990484, 1, 0, 0
417600, 1033513, 1, 0, 0
417700, 1046226, 1, 0, 0
417800, 1020189, 1, 0, 0
417900, 1019266, 1, 0, 0
418000, 997984, 1, 0, 0
418100, 1027395, 1, 0, 0
418200, 993357, 1, 0, 0
418300, 976043, 1, 0, 0
418400, 993564, 1, 0, 0
418500, 1030232, 1, 0, 0
418600, 1052901, 1, 0, 0
418700, 1034599, 1, 0, 0
418800, 995063, 1, 0, 0
418900, 993735, 1, 0, 0
419000, 1046100, 1, 0, 0
419100, 1033358, 1, 0, 0
419200, 1047094, 1, 0, 0
419300, 1024625, 1, 0, 0
419400, 1056625, 1, 0, 0
419500, 1056719, 1, 0, 0
419600, 1031568, 1, 0, 0
419700, 1038778, 1, 0, 0
419800, 1032343, 1, 0, 0
419900, 1014857, 1, 0, 0
420000, 1012845, 1, 0, 0
420100, 1017977, 1, 0, 0
420200, 1007547, 1, 0, 0
420301, 1021037, 1, 0, 0
420400, 1033412, 1, 0, 0
420500, 1022118, 1, 0, 0
420600, 1026561, 1, 0, 0
420701, 1087903, 1, 0, 0
420800, 1039050, 1, 0, 0
420900, 1010820, 1, 0, 0
421000, 1035087, 1, 0, 0
421100, 1098054, 1, 0, 0
421200, 1038609, 1, 0, 0
421300, 1047886, 1, 0, 0
421400, 1047497, 1, 0, 0
421500, 1002009, 1, 0, 0
421600, 1024803, 1, 0, 0
421700, 982110, 1, 0, 0
421800, 976716, 1, 0, 0
421900, 1058193, 1, 0, 0
422000, 991748, 1, 0, 0
422100, 1031483, 1, 0, 0
422200, 1064267, 1, 0, 0
422301, 1028042, 1, 0, 0
422400, 1024317, 1, 0, 0
422500, 1021899, 1, 0, 0
422600, 1050232, 1, 0, 0
422700, 1011088, 1, 0, 0
422800, 1075297, 1, 0, 0
422900, 1051782, 1, 0, 0
423001, 1015276, 1, 0, 0
423100, 1078161, 1, 0, 0
423200, 1035877, 1, 0, 0
423300, 1028405, 1, 0, 0
423401, 1018752, 1, 0, 0
423500, 1036797, 1, 0, 0
423600, 1037559, 1, 0, 0
423700, 1073142, 1, 0, 0
423800, 1030146, 1, 0, 0
423900, 1007108, 1, 0, 0
424000, 991597, 1, 0, 0
424100, 975255, 1, 0, 0
424200, 985700, 1, 0, 0
424300, 1002333, 1, 0, 0
424400, 1009168, 1, 0, 0
424500, 961026, 1, 0, 0
424600, 1022628, 1, 0, 0
424700, 1014491, 1, 0, 0
424800, 1035564, 1, 0, 0
424900, 1017953, 1, 0, 0
425000, 1011672, 1, 0, 0
425100, 1015924, 1, 0, 0
425200, 968303, 1, 0, 0
425300, 1030508, 1, 0, 0
425400, 1006204, 1, 0, 0
425500, 1018281, 1, 0, 0
425600, 982980, 1, 0, 0
425700, 1009227, 1, 0, 0
425800, 995063, 1, 0, 0
425900, 1011954, 1, 0, 0
426000, 984047, 1, 0, 0
426100, 1024096, 1, 0, 0
426200, 1034891, 1, 0, 0
426300, 1014847, 1, 0, 0
426400, 1056897, 1, 0, 0
426501, 1020563, 1, 0, 0
426601, 1052651, 1, 0, 0
426700, 1021984, 1, 0, 0
426800, 1013761, 1, 0, 0
426900, 1023778, 1, 0, 0
427000, 1035539, 1, 0, 0
427100, 1053061, 1, 0, 0
427200, 1006232, 1, 0, 0
427300, 1003339, 1, 0, 0
427400, 990143, 1, 0, 0
427500, 1031584, 1, 0, 0
427600, 1029514, 1, 0, 0
427700, 1017559, 1, 0, 0
427800, 1024222, 1, 0, 0
427900, 1023947, 1, 0, 0
428000, 994925, 1, 0, 0
428100, 1005287, 1, 0, 0
428200, 1006975, 1, 0, 0
428300, 1050187, 1, 0, 0
428400, 1063267, 1, 0, 0
428500, 1024893, 1, 0, 0
428600, 1000661, 1, 0, 0
428700, 1028666, 1, 0, 0
428800, 1081629, 1, 0, 0
428900, 1004580, 1, 0, 0
429000, 1005097, 1, 0, 0
429100, 1017682, 1, 0, 0
429200, 1043270, 1, 0, 0
429300, 1058170, 1, 0, 0
429400, 1024301, 1, 0, 0
429500, 1001750, 1, 0, 0
429600, 1005705, 1, 0, 0
429700, 1004160, 1, 0, 0
429801, 992827, 1, 0, 0
429900, 1035900, 1, 0, 0
430000, 1038111, 1, 0, 0
430100, 1015875, 1, 0, 0
430201, 1048842, 1, 0, 0
430301, 1059264, 1, 0, 0
430400, 1031083, 1, 0, 0
430501, 1001735, 1, 0, 0
430600, 1039492, 1, 0, 0
430700, 1011172, 1, 0, 0
430800, 1012046, 1, 0, 0
430900, 1020634, 1, 0, 0
431000, 992338, 1, 0, 0
431100, 1042739, 1, 0, 0
431200, 1017811, 1, 0, 0
431300, 1010210, 1, 0, 0
431400, 1011010, 1, 0, 0
431500, 988089, 1, 0, 0
431601, 1060324, 1, 0, 0
431700, 1050339, 1, 0, 0
431801, 1071803, 1, 0, 0
431900, 1038207, 1, 0, 0
432000, 1003771, 1, 0, 0
432100, 1044154, 1, 0, 0
432200, 1023641, 1, 0, 0
432300, 1040683, 1, 0, 0
432401, 1040411, 1, 0, 0
432500, 1065788, 1, 0, 0
432600, 1028725, 1, 0, 0
432700, 1045978, 1, 0, 0
432800, 1043929, 1, 0, 0
432900, 1065593, 1, 0, 0
433000, 1060892, 1, 0, 0
433101, 1083238, 1, 0, 0
433200, 1033622, 1, 0, 0
433302, 1030634, 1, 0, 0
433401, 1123584, 1, 0, 0
433501, 998630, 1, 0, 0
433600, 990434, 1, 0, 0
433700, 1037259, 1, 0, 0
433800, 1041205, 1, 0, 0
433900, 1012280, 1, 0, 0
434001, 1014485, 1, 0, 0
434100, 1023216, 1, 0, 0
434200, 1026311, 1, 0, 0
434300, 1091210, 1, 0, 0
434400, 1074492, 1, 0, 0
434500, 1043970, 1, 0, 0
434600, 1053059, 1, 0, 0
434700, 1058055, 1, 0, 0
434800, 1009411, 1, 0, 0
434900, 1029480, 1, 0, 0
435000, 1139736, 1, 0, 0
435100, 1011659, 1, 0, 0
435200, 1068659, 1, 0, 0
435300, 1082679, 1, 0, 0
435400, 1073505, 1, 0, 0
435500, 1054725, 1, 0, 0
435600, 1089102, 1, 0, 0
435700, 1023782, 1, 0, 0
435800, 1018803, 1, 0, 0
435900, 1039972, 1, 0, 0
436000, 1072607, 1, 0, 0
436100, 1053349, 1, 0, 0
436201, 1092442, 1, 0, 0
436300, 1014616, 1, 0, 0
436400, 1054575, 1, 0, 0
436500, 1049830, 1, 0, 0
436600, 1191112, 1, 0, 0
436701, 1091651, 1, 0, 0
436800, 1074870, 1, 0, 0
436900, 1056317, 1, 0, 0
437000, 1063391, 1, 0, 0
437100, 1011816, 1, 0, 0
437200, 1009632, 1, 0, 0
437300, 1031642, 1, 0, 0
437400, 1034035, 1, 0, 0
437500, 1071656, 1, 0, 0
437601, 1050409, 1, 0, 0
437700, 1041485, 1, 0, 0
437800, 1037049, 1, 0, 0
437900, 1048151, 1, 0, 0
438000, 1022941, 1, 0, 0
438100, 1059870, 1, 0, 0
438200, 1015545, 1, 0, 0
438300, 1014771, 1, 0, 0
438400, 1054198, 1, 0, 0
438500, 1094560, 1, 0, 0
438600, 1055976, 1, 0, 0
438700, 1030447, 1, 0, 0
438801, 1029092, 1, 0, 0
438900, 1022362, 1, 0, 0
439000, 1043457, 1, 0, 0
439100, 1058958, 1, 0, 0
439200, 989813, 1, 0, 0
439300, 1066864, 1, 0, 0
439400, 983967, 1, 0, 0
439500, 1050409, 1, 0, 0
439600, 1037162, 1, 0, 0
439700, 1048324, 1, 0, 0
439800, 1047594, 1, 0, 0
439900, 1009466, 1, 0, 0
440000, 1003057, 1, 0, 0
440100, 997692, 1, 0, 0
440200, 1046649, 1, 0, 0
440300, 1044300, 1, 0, 0
440400, 1007854, 1, 0, 0
440500, 1011840, 1, 0, 0
440600, 1039175, 1, 0, 0
440700, 1038490, 1, 0, 0
440800, 1042555, 1, 0, 0
440900, 1003963, 1, 0, 0
441000, 1015226, 1, 0, 0
441100, 1027276, 1, 0, 0
441201, 1051790, 1, 0, 0
441300, 1049782, 1, 0, 0
441400, 1005969, 1, 0, 0
441500, 1037780, 1, 0, 0
441600, 1033275, 1, 0, 0
441700, 1037273, 1, 0, 0
441800, 985958, 1, 0, 0
441900, 1038228, 1, 0, 0
442000, 993283, 1, 0, 0
442100, 1051895, 1, 0, 0
442200, 1011851, 1, 0, 0
442300, 1015777, 1, 0, 0
442400, 1030430, 1, 0, 0
442500, 1016114, 1, 0, 0
442600, 965450, 1, 0, 0
442700, 998537, 1, 0, 0
442800, 1033504, 1, 0, 0
442900, 1001554, 1, 0, 0
443000, 968215, 1, 0, 0
443100, 1039597, 1, 0, 0
443200, 997918, 1, 0, 0
443300, 1043139, 1, 0, 0
443400, 1021650, 1, 0, 0
443501, 1024994, 1, 0, 0
443600, 1011551, 1, 0, 0
443700, 1006421, 1, 0, 0
443800, 1010139, 1, 0, 0
443900, 1006634, 1, 0, 0
444001, 992593, 1, 0, 0
444100, 1009984, 1, 0, 0
444200, 1062902, 1, 0, 0
444300, 968588, 1, 0, 0
444400, 1013742, 1, 0, 0
444501, 1004563, 1, 0, 0
444600, 1017532, 1, 0, 0
444700, 1021587, 1, 0, 0
444801, 1037992, 1, 0, 0
444900, 1012244, 1, 0, 0
445000, 1038252, 1, 0, 0
445100, 1027455, 1, 0, 0
445200, 1069342, 1, 0, 0
445300, 1007180, 1, 0, 0
445400, 1043193, 1, 0, 0
445500, 1068940, 1, 0, 0
445600, 1036320, 1, 0, 0
445700, 1077152, 1, 0, 0
445800, 1049439, 1, 0, 0
445900, 1046915, 1, 0, 0
446001, 1027678, 1, 0, 0
446100, 982541, 1, 0, 0
446200, 1025302, 1, 0, 0
446300, 1013633, 1, 0, 0
446400, 1031321, 1, 0, 0
446500, 1022584, 1, 0, 0
446600, 1014578, 1, 0, 0
446700, 1037676, 1, 0, 0
446800, 1045564, 1, 0, 0
446900, 971133, 1, 0, 0
447000, 1003679, 1, 0, 0
447100, 1076832, 1, 0, 0
447200, 1010689, 1, 0, 0
447300, 994795, 1, 0, 0
447400, 1045318, 1, 0, 0
447500, 1018509, 1, 0, 0
447600, 1008184, 1, 0, 0
447700, 1039904, 1, 0, 0
447800, 1061094, 1, 0, 0
447900, 1061874, 1, 0, 0
448000, 1073378, 1, 0, 0
448100, 1022362, 1, 0, 0
448201, 1057919, 1, 0, 0
448300, 1028338, 1, 0, 0
448400, 1039179, 1, 0, 0
448500, 1082389, 1, 0, 0
448600, 1034006, 1, 0, 0
448700, 1091936, 1, 0, 0
448800, 1061297, 1, 0, 0
448900, 1037955, 1, 0, 0
449000, 1067796, 1, 0, 0
449100, 1090170, 1, 0, 0
449200, 1118059, 1, 0, 0
449300, 1070959, 1, 0, 0
449400, 1076646, 1, 0, 0
449500, 1063004, 1, 0, 0
449600, 1042049, 1, 0, 0
449700, 1000987, 1, 0, 0
449800, 1024153, 1, 0, 0
449900, 1032653, 1, 0, 0
450000, 1060051, 1, 0, 0
450100, 1007791, 1, 0, 0
450200, 1041272, 1, 0, 0
450300, 1044504, 1, 0, 0
450400, 1051342, 1, 0, 0
450500, 1024662, 1, 0, 0
450600, 1037218, 1, 0, 0
450700, 1065327, 1, 0, 0
450800, 1041767, 1, 0, 0
450900, 1005276, 1, 0, 0
451000, 1018159, 1, 0, 0
451101, 1012618, 1, 0, 0
451200, 1018818, 1, 0, 0
451301, 1077003, 1, 0, 0
451400, 1036592, 1, 0, 0
451500, 1101285, 1, 0, 0
451600, 1105912, 1, 0, 0
451700, 1023957, 1, 0, 0
451800, 1061909, 1, 0, 0
451900, 1053586, 1, 0, 0
452000, 1037415, 1, 0, 0
452100, 1069208, 1, 0, 0
452200, 1034846, 1, 0, 0
452300, 1076988, 1, 0, 0
452400, 1040481, 1, 0, 0
452500, 1069912, 1, 0, 0
452600, 1005621, 1, 0, 0
452700, 1022010, 1, 0, 0
452800, 1050026, 1, 0, 0
452901, 1014291, 1, 0, 0
453000, 1005870, 1, 0, 0
453100, 1077208, 1, 0, 0
453200, 1069745, 1, 0, 0
453301, 1008004, 1, 0, 0
453400, 1052721, 1, 0, 0
453500, 1027573, 1, 0, 0
453600, 1016981, 1, 0, 0
453700, 1050685, 1, 0, 0
453800, 1020667, 1, 0, 0
453900, 1026246, 1, 0, 0
454000, 1039823, 1, 0, 0
454100, 1037341, 1, 0, 0
454200, 1024533, 1, 0, 0
454300, 1032204, 1, 0, 0
454400, 1040222, 1, 0, 0
454500, 1021174, 1, 0, 0
454600, 1047181, 1, 0, 0
454700, 1032320, 1, 0, 0
454800, 1012868, 1, 0, 0
454900, 1049280, 1, 0, 0
455000, 1044456, 1, 0, 0
455100, 1066977, 1, 0, 0
455200, 1029707, 1, 0, 0
455300, 1020008, 1, 0, 0
455400, 1032972, 1, 0, 0
455500, 1050789, 1, 0, 0
455600, 1061376, 1, 0, 0
455700, 1057987, 1, 0, 0
455800, 1003481, 1, 0, 0
455900, 965837, 1, 0, 0
456000, 1075359, 1, 0, 0
456100, 1010609, 1, 0, 0
456200, 1020806, 1, 0, 0
456300, 991098, 1, 0, 0
456400, 1026840, 1, 0, 0
456500, 981653, 1, 0, 0
456600, 1026624, 1, 0, 0
456700, 1026925, 1, 0, 0
456800, 995652, 1, 0, 0
456900, 1041880, 1, 0, 0
457001, 990639, 1, 0, 0
457100, 976394, 1, 0, 0
457200, 970114, 1, 0, 0
457300, 1010621, 1, 0, 0
457400, 1026609, 1, 0, 0
457500, 1010790, 1, 0, 0
457600, 1021135, 1, 0, 0
457700, 1075649, 1, 0, 0
457800, 1002691, 1, 0, 0
457900, 1059332, 1, 0, 0
458000, 1025994, 1, 0, 0
458100, 994894, 1, 0, 0
458200, 984834, 1, 0, 0
458300, 962369, 1, 0, 0
458400, 1033456, 1, 0, 0
458501, 1052873, 1, 0, 0
458600, 1027846, 1, 0, 0
458700, 1019032, 1, 0, 0
458800, 978797, 1, 0, 0
458900, 981149, 1, 0, 0
459000, 1056461, 1, 0, 0
459100, 1021490, 1, 0, 0
459200, 949106, 1, 0, 0
459300, 1003085, 1, 0, 0
459400, 984271, 1, 0, 0
459500, 1017672, 1, 0, 0
459600, 999758, 1, 0, 0
459700, 950017, 1, 0, 0
459800, 1011534, 1, 0, 0
459901, 992026, 1, 0, 0
460000, 1028343, 1, 0, 0
460100, 990532, 1, 0, 0
460200, 986301, 1, 0, 0
460300, 1046835, 1, 0, 0
460400, 983849, 1, 0, 0
460500, 957504, 1, 0, 0
460600, 1058764, 1, 0, 0
460700, 992612, 1, 0, 0
460800, 975983, 1, 0, 0
460900, 994243, 1, 0, 0
461000, 1000907, 1, 0, 0
461100, 991218, 1, 0, 0
461200, 1010668, 1, 0, 0
461300, 989011, 1, 0, 0
461400, 1004120, 1, 0, 0
461500, 1056473, 1, 0, 0
461600, 992222, 1, 0, 0
461700, 1004140, 1, 0, 0
461800, 1006187, 1, 0, 0
461900, 1017551, 1, 0, 0
462000, 995343, 1, 0, 0
462100, 1000032, 1, 0, 0
462200, 1058281, 1, 0, 0
462300, 1051386, 1, 0, 0
462400, 1007917, 1, 0, 0
462500, 991165, 1, 0, 0
462600, 1078083, 1, 0, 0
462700, 1015643, 1, 0, 0
462800, 976442, 1, 0, 0
462900, 1003975, 1, 0, 0
463000, 1015653, 1, 0, 0
463100, 961708, 1, 0, 0
463200, 1007639, 1, 0, 0
463300, 1032934, 1, 0, 0
463400, 991699, 1, 0, 0
463500, 1005520, 1, 0, 0
463600, 1059592, 1, 0, 0
463700, 1023609, 1, 0, 0
463800, 1021470, 1, 0, 0
463900, 1006835, 1, 0, 0
464000, 1009829, 1, 0, 0
464100, 1041970, 1, 0, 0
464200, 1032334, 1, 0, 0
464300, 1078289, 1, 0, 0
464400, 1129779, 1, 0, 0
464500, 1062031, 1, 0, 0
464600, 1074628, 1, 0, 0
464700, 1052828, 1, 0, 0
464800, 1032867, 1, 0, 0
464900, 1059449, 1, 0, 0
465000, 1038446, 1, 0, 0
465100, 1091000, 1, 0, 0
465200, 1024373, 1, 0, 0
465300, 996834, 1, 0, 0
465400, 1013190, 1, 0, 0
465500, 951699, 1, 0, 0
465600, 994186, 1, 0, 0
465700, 1016935, 1, 0, 0
465800, 1006556, 1, 0, 0
465900, 1033962, 1, 0, 0
466000, 989733, 1, 0, 0
466100, 1021642, 1, 0, 0
466200, 1063632, 1, 0, 0
466300, 1043199, 1, 0, 0
466400, 1063321, 1, 0, 0
466500, 1025846, 1, 0, 0
466600, 1000326, 1, 0, 0
466700, 1018838, 1, 0, 0
466800, 984559, 1, 0, 0
466900, 1001015, 1, 0, 0
467000, 1014810, 1, 0, 0
467100, 1004688, 1, 0, 0
467200, 998218, 1, 0, 0
467300, 1040009, 1, 0, 0
467400, 965545, 1, 0, 0
467500, 1016981, 1, 0, 0
467600, 1059082, 1, 0, 0
467700, 1036729, 1, 0, 0
467800, 1022586, 1, 0, 0
467900, 984664, 1, 0, 0
468000, 1026478, 1, 0, 0
468100, 1039669, 1, 0, 0
468201, 1046693, 1, 0, 0
468300, 995954, 1, 0, 0
468400, 1014765, 1, 0, 0
468500, 986118, 1, 0, 0
468600, 1017856, 1, 0, 0
468700, 986384, 1, 0, 0
468800, 1028870, 1, 0, 0
468900, 1020271, 1, 0, 0
469000, 1060321, 1, 0, 0
469100, 980414, 1, 0, 0
469200, 985139, 1, 0, 0
469301, 1071340, 1, 0, 0
469401, 1047017, 1, 0, 0
469500, 1019184, 1, 0, 0
469600, 973750, 1, 0, 0
469700, 1017241, 1, 0, 0
469800, 994921, 1, 0, 0
469900, 1004295, 1, 0, 0
470000, 1006685, 1, 0, 0
470100, 1009545, 1, 0, 0
470200, 996965, 1, 0, 0
470300, 1029519, 1, 0, 0
470401, 1020896, 1, 0, 0
470500, 1024999, 1, 0, 0
470600, 1035972, 1, 0, 0
470700, 996516, 1, 0, 0
470800, 994107, 1, 0, 0
470902, 1001784, 1, 0, 0
471000, 1010362, 1, 0, 0
471100, 1004766, 1, 0, 0
471200, 1021666, 1, 0, 0
471300, 1033868, 1, 0, 0
471400, 1013567, 1, 0, 0
471500, 1009743, 1, 0, 0
471600, 975424, 1, 0, 0
471700, 1007666, 1, 0, 0
471800, 1073145, 1, 0, 0
471900, 996760, 1, 0, 0
472000, 1036042, 1, 0, 0
472100, 1032691, 1, 0, 0
472200, 1050339, 1, 0, 0
472300, 967347, 1, 0, 0
472400, 995350, 1, 0, 0
472500, 984748, 1, 0, 0
472600, 1017092, 1, 0, 0
472701, 1037679, 1, 0, 0
472800, 979619, 1, 0, 0
472900, 1041211, 1, 0, 0
473000, 1050224, 1, 0, 0
473100, 1021852, 1, 0, 0
473200, 1075622, 1, 0, 0
473300, 1036745, 1, 0, 0
473400, 1005761, 1, 0, 0
473500, 1016742, 1, 0, 0
473600, 1052911, 1, 0, 0
473700, 1010211, 1, 0, 0
473800, 1008108, 1, 0, 0
473900, 1010255, 1, 0, 0
474000, 989946, 1, 0, 0
474101, 1009843, 1, 0, 0
474200, 1065668, 1, 0, 0
474300, 1020928, 1, 0, 0
474400, 991543, 1, 0, 0
474500, 1028116, 1, 0, 0
474600, 1033825, 1, 0, 0
474700, 1026975, 1, 0, 0
474800, 1031991, 1, 0, 0
474900, 1059964, 1, 0, 0
475000, 1053057, 1, 0, 0
475100, 1049811, 1, 0, 0
475200, 1022145, 1, 0, 0
475300, 1024344, 1, 0, 0
475400, 984551, 1, 0, 0
475500, 989437, 1, 0, 0
475600, 997454, 1, 0, 0
475700, 996859, 1, 0, 0
475800, 1016927, 1, 0, 0
475900, 1048229, 1, 0, 0
476000, 999817, 1, 0, 0
476100, 1052360, 1, 0, 0
476200, 1025450, 1, 0, 0
476300, 1070855, 1, 0, 0
476400, 1009240, 1, 0, 0
476500, 1066171, 1, 0, 0
476602, 1072736, 1, 0, 0
476700, 1079419, 1, 0, 0
476800, 1029325, 1, 0, 0
476900, 1032763, 1, 0, 0
477000, 1015629, 1, 0, 0
477101, 1025361, 1, 0, 0
477200, 1046185, 1, 0, 0
477300, 1039547, 1, 0, 0
477401, 1004457, 1, 0, 0
477500, 1015210, 1, 0, 0
477600, 1109138, 1, 0, 0
477700, 1014594, 1, 0, 0
477800, 1024774, 1, 0, 0
477900, 960755, 1, 0, 0
478000, 1043630, 1, 0, 0
478100, 1031824, 1, 0, 0
478200, 1011686, 1, 0, 0
478301, 1039272, 1, 0, 0
478400, 1015179, 1, 0, 0
478500, 1047727, 1, 0, 0
478600, 1004716, 1, 0, 0
478700, 1001716, 1, 0, 0
478800, 1023244, 1, 0, 0
478900, 1038311, 1, 0, 0
479000, 1070162, 1, 0, 0
479100, 1057522, 1, 0, 0
479200, 1024745, 1, 0, 0
479300, 1039376, 1, 0, 0
479400, 1023902, 1, 0, 0
479501, 1034911, 1, 0, 0
479600, 1025056, 1, 0, 0
479700, 1053194, 1, 0, 0
479802, 1026850, 1, 0, 0
479900, 1040979, 1, 0, 0
480001, 1051420, 1, 0, 0
480100, 1063389, 1, 0, 0
480200, 1002290, 1, 0, 0
480300, 1023440, 1, 0, 0
480400, 1076336, 1, 0, 0
480501, 1050908, 1, 0, 0
480600, 1034683, 1, 0, 0
480700, 1024324, 1, 0, 0
480800, 1022332, 1, 0, 0
480900, 1011183, 1, 0, 0
481001, 1084348, 1, 0, 0
481100, 1046946, 1, 0, 0
481200, 1115322, 1, 0, 0
481300, 1059048, 1, 0, 0
481400, 1049649, 1, 0, 0
481500, 1052951, 1, 0, 0
481600, 1094802, 1, 0, 0
481700, 979889, 1, 0, 0
481800, 1031259, 1, 0, 0
481900, 1019760, 1, 0, 0
482000, 1028333, 1, 0, 0
482100, 1021376, 1, 0, 0
482200, 1016893, 1, 0, 0
482300, 1028928, 1, 0, 0
482400, 1065854, 1, 0, 0
482500, 1046907, 1, 0, 0
482600, 1019663, 1, 0, 0
482701, 1036490, 1, 0, 0
482800, 1015466, 1, 0, 0
482900, 1005213, 1, 0, 0
483000, 1048329, 1, 0, 0
483100, 1026012, 1, 0, 0
483200, 1027529, 1, 0, 0
483300, 1082977, 1, 0, 0
483400, 1017621, 1, 0, 0
483500, 1005901, 1, 0, 0
483600, 1010759, 1, 0, 0
483700, 1000326, 1, 0, 0
483800, 997339, 1, 0, 0
483900, 983302, 1, 0, 0
484001, 1012095, 1, 0, 0
484100, 1007918, 1, 0, 0
484200, 1031262, 1, 0, 0
484300, 1025313, 1, 0, 0
484400, 1005772, 1, 0, 0
484500, 1009926, 1, 0, 0
484600, 1055709, 1, 0, 0
484700, 1032154, 1, 0, 0
484800, 1045930, 1, 0, 0
484900, 992866, 1, 0, 0
485000, 1022412, 1, 0, 0
485101, 989824, 1, 0, 0
485201, 990268, 1, 0, 0
485300, 1004497, 1, 0, 0
485400, 988912, 1, 0, 0
485500, 1022851, 1, 0, 0
485600, 1095119, 1, 0, 0
485700, 1014131, 1, 0, 0
485800, 1017881, 1, 0, 0
485900, 999963, 1, 0, 0
486000, 1009755, 1, 0, 0
486100, 1067319, 1, 0, 0
486200, 1017001, 1, 0, 0
486300, 995235, 1, 0, 0
486401, 1033079, 1, 0, 0
486500, 1019195, 1, 0, 0
486600, 984836, 1, 0, 0
486700, 973812, 1, 0, 0
486800, 1028382, 1, 0, 0
486900, 1007474, 1, 0, 0
487000, 1026308, 1, 0, 0
487100, 1037404, 1, 0, 0
487200, 1022970, 1, 0, 0
487300, 1029788, 1, 0, 0
487400, 1021564, 1, 0, 0
487500, 1055838, 1, 0, 0
487600, 1004343, 1, 0, 0
487700, 1037543, 1, 0, 0
487800, 1021676, 1, 0, 0
487900, 1031349, 1, 0, 0
488000, 998673, 1, 0, 0
488100, 1026267, 1, 0, 0
488200, 1032923, 1, 0, 0
488300, 1049142, 1, 0, 0
488400, 1009767, 1, 0, 0
488500, 1024077, 1, 0, 0
488600, 1033326, 1, 0, 0
488700, 989687, 1, 0, 0
488800, 1040694, 1, 0, 0
488900, 1004703, 1, 0, 0
489000, 1029834, 1, 0, 0
489100, 981847, 1, 0, 0
489200, 1050215, 1, 0, 0
489300, 1085857, 1, 0, 0
489400, 1020047, 1, 0, 0
489500, 967430, 1, 0, 0
489600, 1047063, 1, 0, 0
489700, 1008059, 1, 0, 0
489800, 1032936, 1, 0, 0
489900, 1037392, 1, 0, 0
490000, 1077154, 1, 0, 0
490100, 998835, 1, 0, 0
490200, 1023052, 1, 0, 0
490300, 1012379, 1, 0, 0
490401, 1030609, 1, 0, 0
490500, 969444, 1, 0, 0
490600, 1040363, 1, 0, 0
490700, 1076244, 1, 0, 0
490800, 1066232, 1, 0, 0
490900, 1068178, 1, 0, 0
491000, 1040533, 1, 0, 0
491100, 1036864, 1, 0, 0
491200, 1006427, 1, 0, 0
491300, 1029130, 1, 0, 0
491400, 1122603, 1, 0, 0
491500, 989130, 1, 0, 0
491600, 1008820, 1, 0, 0
491700, 1037849, 1, 0, 0
491800, 983507, 1, 0, 0
491900, 1087980, 1, 0, 0
492001, 1008290, 1, 0, 0
492100, 1025266, 1, 0, 0
492200, 1061688, 1, 0, 0
492300, 1042952, 1, 0, 0
492400, 1038005, 1, 0, 0
492500, 1028076, 1, 0, 0
492600, 1001669, 1, 0, 0
492701, 1064020, 1, 0, 0
492800, 1080767, 1, 0, 0
492900, 1000674, 1, 0, 0
493000, 1042071, 1, 0, 0
493100, 980004, 1, 0, 0
493200, 1036009, 1, 0, 0
493301, 1037925, 1, 0, 0
493400, 1028096, 1, 0, 0
493500, 1057615, 1, 0, 0
493600, 1020770, 1, 0, 0
493700, 1017074, 1, 0, 0
493800, 1047783, 1, 0, 0
493900, 1021581, 1, 0, 0
494000, 1014222, 1, 0, 0
494100, 1018603, 1, 0, 0
494200, 1034024, 1, 0, 0
494300, 1041639, 1, 0, 0
494400, 1012923, 1, 0, 0
494500, 1015967, 1, 0, 0
494600, 1046576, 1, 0, 0
494700, 1057625, 1, 0, 0
494800, 1036610, 1, 0, 0
494900, 1006449, 1, 0, 0
495000, 1061845, 1, 0, 0
495100, 1016772, 1, 0, 0
495200, 1013664, 1, 0, 0
495300, 1044576, 1, 0, 0
495401, 998198, 1, 0, 0
495500, 1024227, 1, 0, 0
495600, 1028195, 1, 0, 0
495700, 998579, 1, 0, 0
495800, 1012838, 1, 0, 0
495900, 1069500, 1, 0, 0
496000, 1042643, 1, 0, 0
496100, 1070977, 1, 0, 0
496201, 1051628, 1, 0, 0
496300, 1062540, 1, 0, 0
496400, 1116378, 1, 0, 0
496500, 1031519, 1, 0, 0
496600, 1041861, 1, 0, 0
496700, 1069854, 1, 0, 0
496800, 1068353, 1, 0, 0
496901, 1020440, 1, 0, 0
497000, 1036042, 1, 0, 0
497100, 1015939, 1, 0, 0
497200, 1050693, 1, 0, 0
497300, 1003427, 1, 0, 0
497400, 1010659, 1, 0, 0
497500, 1007699, 1, 0, 0
497600, 1051115, 1, 0, 0
497700, 1053547, 1, 0, 0
497800, 1072072, 1, 0, 0
497900, 1047539, 1, 0, 0
498000, 1014898, 1, 0, 0
498100, 998103, 1, 0, 0
498200, 1038428, 1, 0, 0
498300, 1037551, 1, 0, 0
498400, 1019756, 1, 0, 0
498500, 985607, 1, 0, 0
498600, 1046731, 1, 0, 0
498700, 996092, 1, 0, 0
498800, 999766, 1, 0, 0
498900, 1025003, 1, 0, 0
499000, 1007759, 1, 0, 0
499100, 1012800, 1, 0, 0
499200, 1031967, 1, 0, 0
499300, 1034760, 1, 0, 0
499400, 987962, 1, 0, 0
499500, 1051694, 1, 0, 0
499601, 1046887, 1, 0, 0
499701, 1055677, 1, 0, 0
499800, 1035291, 1, 0, 0
499900, 1045963, 1, 0, 0
500000, 1002093, 1, 0, 0
500100, 1017465, 1, 0, 0
500200, 1038687, 1, 0, 0
500301, 1021722, 1, 0, 0
500400, 1018690, 1, 0, 0
500501, 1010712, 1, 0, 0
500600, 1045722, 1, 0, 0
500700, 1012915, 1, 0, 0
500800, 1057988, 1, 0, 0
500901, 1038516, 1, 0, 0
501000, 1035560, 1, 0, 0
501100, 1028809, 1, 0, 0
501200, 1037456, 1, 0, 0
501300, 965388, 1, 0, 0
501400, 980592, 1, 0, 0
501500, 1076127, 1, 0, 0
501600, 1003188, 1, 0, 0
501700, 1058228, 1, 0, 0
501800, 1019612, 1, 0, 0
501900, 1033165, 1, 0, 0
502000, 1007258, 1, 0, 0
502100, 1006642, 1, 0, 0
502200, 1023721, 1, 0, 0
502300, 1012106, 1, 0, 0
502400, 1002758, 1, 0, 0
502500, 1029233, 1, 0, 0
502600, 1041786, 1, 0, 0
502700, 1003857, 1, 0, 0
502800, 1015113, 1, 0, 0
502900, 1016841, 1, 0, 0
503000, 1001387, 1, 0, 0
503100, 981643, 1, 0, 0
503200, 1022483, 1, 0, 0
503300, 1053304, 1, 0, 0
503400, 1038164, 1, 0, 0
503501, 1030121, 1, 0, 0
503600, 998541, 1, 0, 0
503700, 1048920, 1, 0, 0
503800, 1039096, 1, 0, 0
503900, 1015278, 1, 0, 0
504000, 1022998, 1, 0, 0
504100, 1011136, 1, 0, 0
504200, 1000964, 1, 0, 0
504300, 1055625, 1, 0, 0
504400, 993765, 1, 0, 0
504500, 987723, 1, 0, 0
504600, 1037876, 1, 0, 0
504701, 1042192, 1, 0, 0
504800, 1067324, 1, 0, 0
504900, 1071146, 1, 0, 0
505000, 1091546, 1, 0, 0
505100, 1034119, 1, 0, 0
505200, 1016664, 1, 0, 0
505300, 1028059, 1, 0, 0
505401, 1066510, 1, 0, 0
505500, 1011062, 1, 0, 0
505600, 1032303, 1, 0, 0
505700, 1013332, 1, 0, 0
505800, 1008742, 1, 0, 0
505900, 1018494, 1, 0, 0
506000, 1003014, 1, 0, 0
506100, 981699, 1, 0, 0
506201, 988816, 1, 0, 0
506300, 966709, 1, 0, 0
506400, 1012125, 1, 0, 0
506500, 1002277, 1, 0, 0
506600, 1031406, 1, 0, 0
506700, 993718, 1, 0, 0
506801, 1033960, 1, 0, 0
506900, 1001836, 1, 0, 0
507000, 969954, 1, 0, 0
507100, 1040560, 1, 0, 0
507200, 1022116, 1, 0, 0
507300, 989650, 1, 0, 0
507400, 1022322, 1, 0, 0
507500, 1028167, 1, 0, 0
507600, 1023995, 1, 0, 0
507700, 1036787, 1, 0, 0
507800, 1042397, 1, 0, 0
507900, 1007106, 1, 0, 0
508000, 1003267, 1, 0, 0
508100, 1001819, 1, 0, 0
508200, 1024660, 1, 0, 0
508300, 1007202, 1, 0, 0
508400, 1060760, 1, 0, 0
508500, 1072713, 1, 0, 0
508600, 1006698, 1, 0, 0
508700, 1005966, 1, 0, 0
508800, 996987, 1, 0, 0
508901, 1077479, 1, 0, 0
509000, 1032623, 1, 0, 0
509100, 986147, 1, 0, 0
509200, 1015892, 1, 0, 0
509300, 1013959, 1, 0, 0
509400, 1082133, 1, 0, 0
509500, 1027439, 1, 0, 0
509600, 1031476, 1, 0, 0
509700, 1034222, 1, 0, 0
509800, 1017182, 1, 0, 0
509900, 986769, 1, 0, 0
510000, 1016777, 1, 0, 0
510100, 985701, 1, 0, 0
510200, 1008336, 1, 0, 0
510300, 1008606, 1, 0, 0
510400, 995064, 1, 0, 0
510500, 981145, 1, 0, 0
510600, 972551, 1, 0, 0
510700, 1032142, 1, 0, 0
510800, 994016, 1, 0, 0
510900, 985663, 1, 0, 0
511000, 990411, 1, 0, 0
511100, 1024806, 1, 0, 0
511200, 1072034, 1, 0, 0
511300, 1059131, 1, 0, 0
511400, 978728, 1, 0, 0
511500, 985159, 1, 0, 0
511600, 1018190, 1, 0, 0
511700, 994795, 1, 0, 0
511800, 976219, 1, 0, 0
511900, 1021696, 1, 0, 0
512000, 987393, 1, 0, 0
512100, 981339, 1, 0, 0
512200, 980419, 1, 0, 0
512301, 1067146, 1, 0, 0
512400, 994334, 1, 0, 0
512500, 990424, 1, 0, 0
512600, 944379, 1, 0, 0
512700, 1044651, 1, 0, 0
512800, 1014737, 1, 0, 0
512900, 976932, 1, 0, 0
513000, 992073, 1, 0, 0
513100, 1029496, 1, 0, 0
513200, 1035228, 1, 0, 0
513300, 1024868, 1, 0, 0
513400, 983120, 1, 0, 0
513500, 997673, 1, 0, 0
513600, 1010182, 1, 0, 0
513700, 1030306, 1, 0, 0
513800, 1000957, 1, 0, 0
513900, 1015230, 1, 0, 0
514000, 1028587, 1, 0, 0
514100, 995521, 1, 0, 0
514200, 1036756, 1, 0, 0
514300, 1037175, 1, 0, 0
514400, 1007698, 1, 0, 0
514500, 1018217, 1, 0, 0
514600, 1010278, 1, 0, 0
514700, 999848, 1, 0, 0
514800, 1004117, 1, 0, 0
514900, 1023530, 1, 0, 0
515000, 1012767, 1, 0, 0
515100, 1021127, 1, 0, 0
515200, 1041211, 1, 0, 0
515300, 1019239, 1, 0, 0
515400, 1060353, 1, 0, 0
515500, 1020545, 1, 0, 0
515600, 1026417, 1, 0, 0
515700, 1022340, 1, 0, 0
515800, 1038703, 1, 0, 0
515900, 985319, 1, 0, 0
516000, 988933, 1, 0, 0
516100, 1011378, 1, 0, 0
516200, 1015760, 1, 0, 0
516300, 999272, 1, 0, 0
516400, 980242, 1, 0, 0
516500, 999846, 1, 0, 0
516600, 1019349, 1, 0, 0
516700, 1014183, 1, 0, 0
516800, 1037437, 1, 0, 0
516900, 1036772, 1, 0, 0
517000, 992302, 1, 0, 0
517100, 1047512, 1, 0, 0
517200, 1015132, 1, 0, 0
517300, 1038545, 1, 0, 0
517400, 1037098, 1, 0, 0
517500, 994253, 1, 0, 0
517600, 1018814, 1, 0, 0
517700, 1030843, 1, 0, 0
517800, 1015794, 1, 0, 0
517900, 1040146, 1, 0, 0
518000, 1014720, 1, 0, 0
518100, 1033802, 1, 0, 0
518200, 1024017, 1, 0, 0
518300, 978747, 1, 0, 0
518401, 999816, 1, 0, 0
518500, 1021158, 1, 0, 0
518600, 1017064, 1, 0, 0
518700, 982211, 1, 0, 0
518800, 1007856, 1, 0, 0
518900, 1001429, 1, 0, 0
519000, 1018152, 1, 0, 0
519100, 1005181, 1, 0, 0
519200, 1120599, 1, 0, 0
519300, 1026909, 1, 0, 0
519400, 1003670, 1, 0, 0
519500, 1029476, 1, 0, 0
519600, 1027552, 1, 0, 0
519701, 1013578, 1, 0, 0
519800, 1003556, 1, 0, 0
519900, 1013309, 1, 0, 0
520000, 1023005, 1, 0, 0
520100, 1003940, 1, 0, 0
520200, 1039926, 1, 0, 0
520300, 997051, 1, 0, 0
520400, 983024, 1, 0, 0
520500, 1014658, 1, 0, 0
520600, 1050135, 1, 0, 0
520700, 1083421, 1, 0, 0
520800, 1010499, 1, 0, 0
520900, 1031449, 1, 0, 0
521000, 985191, 1, 0, 0
521100, 1037292, 1, 0, 0
521200, 1034913, 1, 0, 0
521300, 1008277, 1, 0, 0
521400, 1001306, 1, 0, 0
521500, 989340, 1, 0, 0
521600, 980625, 1, 0, 0
521700, 1036874, 1, 0, 0
521800, 1012735, 1, 0, 0
521900, 1009839, 1, 0, 0
522000, 1040592, 1, 0, 0
522101, 1047427, 1, 0, 0
522200, 990508, 1, 0, 0
522300, 1025851, 1, 0, 0
522400, 1008402, 1, 0, 0
522500, 992644, 1, 0, 0
522600, 1042081, 1, 0, 0
522700, 1037292, 1, 0, 0
522800, 1037076, 1, 0, 0
522900, 959338, 1, 0, 0
523000, 1014859, 1, 0, 0
523100, 1062311, 1, 0, 0
523201, 1026980, 1, 0, 0
523300, 1034146, 1, 0, 0
523400, 1006343, 1, 0, 0
523500, 1042636, 1, 0, 0
523600, 1031994, 1, 0, 0
523700, 1021463, 1, 0, 0
523800, 1055828, 1, 0, 0
523900, 1010368, 1, 0, 0
524001, 1022503, 1, 0, 0
524100, 1011594, 1, 0, 0
524200, 1014648, 1, 0, 0
524300, 1013947, 1, 0, 0
524400, 1030770, 1, 0, 0
524500, 1017472, 1, 0, 0
524600, 1022323, 1, 0, 0
524700, 1063445, 1, 0, 0
524800, 994842, 1, 0, 0
524900, 993029, 1, 0, 0
525000, 972115, 1, 0, 0
525100, 994883, 1, 0, 0
525200, 1032143, 1, 0, 0
525301, 1027979, 1, 0, 0
525400, 991381, 1, 0, 0
525500, 984069, 1, 0, 0
525600, 1008530, 1, 0, 0
525700, 983930, 1, 0, 0
525800, 1040650, 1, 0, 0
525900, 1071811, 1, 0, 0
526000, 1017506, 1, 0, 0
526100, 1039464, 1, 0, 0
526201, 1032996, 1, 0, 0
526300, 998998, 1, 0, 0
526400, 1037477, 1, 0, 0
526500, 977598, 1, 0, 0
526600, 1044937, 1, 0, 0
526700, 1022768, 1, 0, 0
526801, 1008829, 1, 0, 0
526900, 1021263, 1, 0, 0
527000, 993795, 1, 0, 0
527101, 1085147, 1, 0, 0
527200, 1046386, 1, 0, 0
527300, 1044936, 1, 0, 0
527400, 1007771, 1, 0, 0
527500, 977244, 1, 0, 0
527600, 1015217, 1, 0, 0
527700, 1001984, 1, 0, 0
527800, 1034025, 1, 0, 0
527900, 1050165, 1, 0, 0
528000, 989117, 1, 0, 0
528100, 1038797, 1, 0, 0
528200, 1013070, 1, 0, 0
528300, 969617, 1, 0, 0
528400, 1032994, 1, 0, 0
528500, 1008404, 1, 0, 0
528600, 1023413, 1, 0, 0
528700, 1021049, 1, 0, 0
528800, 1044511, 1, 0, 0
528900, 965519, 1, 0, 0
529000, 1008528, 1, 0, 0
529100, 1020560, 1, 0, 0
529200, 1020123, 1, 0, 0
529300, 1014608, 1, 0, 0
529400, 1023036, 1, 0, 0
529500, 1061900, 1, 0, 0
529600, 1024501, 1, 0, 0
529700, 984507, 1, 0, 0
529800, 1017637, 1, 0, 0
529900, 1027274, 1, 0, 0
530000, 1027658, 1, 0, 0
530101, 1011545, 1, 0, 0
530200, 986897, 1, 0, 0
530300, 1020092, 1, 0, 0
530400, 1043810, 1, 0, 0
530500, 1050324, 1, 0, 0
530600, 1026596, 1, 0, 0
530700, 1000362, 1, 0, 0
530800, 1029536, 1, 0, 0
530900, 993081, 1, 0, 0
531000, 1037101, 1, 0, 0
531100, 987303, 1, 0, 0
531200, 1038250, 1, 0, 0
531301, 1071669, 1, 0, 0
531400, 1025088, 1, 0, 0
531500, 1035402, 1, 0, 0
531600, 1007200, 1, 0, 0
531700, 1014177, 1, 0, 0
531801, 1013067, 1, 0, 0
531900, 1009949, 1, 0, 0
532000, 1038329, 1, 0, 0
532100, 1044638, 1, 0, 0
532200, 995351, 1, 0, 0
532300, 985807, 1, 0, 0
532400, 1079437, 1, 0, 0
532500, 1072455, 1, 0, 0
532600, 1008806, 1, 0, 0
532700, 1007903, 1, 0, 0
532800, 1039146, 1, 0, 0
532900, 1058831, 1, 0, 0
533000, 1007913, 1, 0, 0
533100, 1032735, 1, 0, 0
533200, 1062254, 1, 0, 0
533300, 1012044, 1, 0, 0
533401, 1047636, 1, 0, 0
533500, 1052023, 1, 0, 0
533600, 1010185, 1, 0, 0
533700, 1131208, 1, 0, 0
533800, 1039120, 1, 0, 0
533900, 1059204, 1, 0, 0
534000, 1081126, 1, 0, 0
534100, 1049457, 1, 0, 0
534200, 1042713, 1, 0, 0
534300, 1066170, 1, 0, 0
534400, 999288, 1, 0, 0
534500, 1030746, 1, 0, 0
534600, 998040, 1, 0, 0
534700, 1046174, 1, 0, 0
534800, 1002754, 1, 0, 0
534900, 1062764, 1, 0, 0
535000, 1109309, 1, 0, 0
535100, 1043527, 1, 0, 0
535200, 991151, 1, 0, 0
535301, 1064306, 1, 0, 0
535400, 1098638, 1, 0, 0
535500, 1040240, 1, 0, 0
535600, 1087465, 1, 0, 0
535701, 1046926, 1, 0, 0
535800, 1044058, 1, 0, 0
535900, 1050962, 1, 0, 0
536000, 1014604, 1, 0, 0
536102, 995414, 1, 0, 0
536201, 1002700, 1, 0, 0
536300, 992831, 1, 0, 0
536400, 1020069, 1, 0, 0
536500, 1060968, 1, 0, 0
536600, 992411, 1, 0, 0
536700, 1008106, 1, 0, 0
536800, 1003818, 1, 0, 0
536900, 1018848, 1, 0, 0
537000, 997031, 1, 0, 0
537100, 1025245, 1, 0, 0
537200, 1013509, 1, 0, 0
537300, 1014662, 1, 0, 0
537400, 1024439, 1, 0, 0
537500, 1069349, 1, 0, 0
537600, 1018136, 1, 0, 0
537700, 1022390, 1, 0, 0
537800, 1050027, 1, 0, 0
537900, 1066025, 1, 0, 0
538000, 1062358, 1, 0, 0
538100, 1037819, 1, 0, 0
538200, 1020932, 1, 0, 0
538300, 1063759, 1, 0, 0
538400, 1003623, 1, 0, 0
538500, 1016971, 1, 0, 0
538600, 1058572, 1, 0, 0
538701, 999535, 1, 0, 0
538800, 1117142, 1, 0, 0
538900, 1019468, 1, 0, 0
539000, 1014168, 1, 0, 0
539100, 1030004, 1, 0, 0
539200, 1008399, 1, 0, 0
539300, 1049541, 1, 0, 0
539400, 1049346, 1, 0, 0
539500, 1042920, 1, 0, 0
539601, 1033173, 1, 0, 0
539700, 1092216, 1, 0, 0
539800, 1067491, 1, 0, 0
539900, 992809, 1, 0, 0
540000, 1056570, 1, 0, 0
540100, 1015640, 1, 0, 0
540200, 1026834, 1, 0, 0
540300, 1031936, 1, 0, 0
540401, 1039069, 1, 0, 0
540500, 1066902, 1, 0, 0
540600, 1030525, 1, 0, 0
540700, 1070433, 1, 0, 0
540800, 1004903, 1, 0, 0
540900, 1112322, 1, 0, 0
541000, 1030478, 1, 0, 0
541100, 1039911, 1, 0, 0
541200, 1060235, 1, 0, 0
541300, 1052559, 1, 0, 0
541400, 1023387, 1, 0, 0
541500, 1002779, 1, 0, 0
541600, 1027596, 1, 0, 0
541700, 1043624, 1, 0, 0
541800, 1029795, 1, 0, 0
541900, 1025061, 1, 0, 0
542000, 996164, 1, 0, 0
542100, 992754, 1, 0, 0
542200, 989896, 1, 0, 0
542300, 1007777, 1, 0, 0
542400, 1002644, 1, 0, 0
542500, 994443, 1, 0, 0
542600, 1040131, 1, 0, 0
542700, 991412, 1, 0, 0
542800, 1037765, 1, 0, 0
542900, 1004924, 1, 0, 0
543002, 1022902, 1, 0, 0
543100, 998186, 1, 0, 0
543200, 1038485, 1, 0, 0
543300, 1033179, 1, 0, 0
543401, 1034395, 1, 0, 0
543500, 987627, 1, 0, 0
543600, 1021405, 1, 0, 0
543700, 1004254, 1, 0, 0
543800, 1004919, 1, 0, 0
543901, 1068053, 1, 0, 0
544000, 1077682, 1, 0, 0
544100, 1033053, 1, 0, 0
544200, 981106, 1, 0, 0
544301, 1005354, 1, 0, 0
544400, 1054562, 1, 0, 0
544500, 1007158, 1, 0, 0
544600, 986072, 1, 0, 0
544700, 1040132, 1, 0, 0
544800, 986360, 1, 0, 0
544900, 1069185, 1, 0, 0
545000, 995937, 1, 0, 0
545100, 997229, 1, 0, 0
545201, 1002968, 1, 0, 0
545300, 1008296, 1, 0, 0
545400, 972964, 1, 0, 0
545500, 976110, 1, 0, 0
545600, 1012791, 1, 0, 0
545700, 1027600, 1, 0, 0
545800, 1007415, 1, 0, 0
545900, 1018663, 1, 0, 0
546000, 1039386, 1, 0, 0
546100, 997710, 1, 0, 0
546200, 1019635, 1, 0, 0
546300, 969627, 1, 0, 0
546400, 1011148, 1, 0, 0
546501, 1007611, 1, 0, 0
546601, 1033403, 1, 0, 0
546700, 1013217, 1, 0, 0
546801, 1026657, 1, 0, 0
546900, 1001337, 1, 0, 0
547000, 1037493, 1, 0, 0
547100, 1043120, 1, 0, 0
547200, 1001818, 1, 0, 0
547301, 1042934, 1, 0, 0
547400, 1060975, 1, 0, 0
547500, 1020717, 1, 0, 0
547600, 982620, 1, 0, 0
547700, 985233, 1, 0, 0
547800, 1003413, 1, 0, 0
547900, 992003, 1, 0, 0
548002, 1038819, 1, 0, 0
548101, 1067512, 1, 0, 0
548200, 1058067, 1, 0, 0
548300, 1014857, 1, 0, 0
548400, 1048428, 1, 0, 0
548500, 1042879, 1, 0, 0
548600, 1031556, 1, 0, 0
548700, 1038872, 1, 0, 0
548801, 1009284, 1, 0, 0
548900, 1039114, 1, 0, 0
549000, 1026322, 1, 0, 0
549100, 1014160, 1, 0, 0
549200, 1038481, 1, 0, 0
549300, 998620, 1, 0, 0
549400, 1055712, 1, 0, 0
549500, 1037089, 1, 0, 0
549600, 1011358, 1, 0, 0
549700, 1052818, 1, 0, 0
549801, 989242, 1, 0, 0
549900, 988493, 1, 0, 0
550000, 1013792, 1, 0, 0
550100, 1087936, 1, 0, 0
550200, 997887, 1, 0, 0
550300, 1039371, 1, 0, 0
550400, 1021973, 1, 0, 0
550500, 1009207, 1, 0, 0
550600, 1008213, 1, 0, 0
550700, 1032544, 1, 0, 0
550800, 1017899, 1, 0, 0
550900, 1020268, 1, 0, 0
551000, 1079146, 1, 0, 0
551100, 986890, 1, 0, 0
551200, 1039097, 1, 0, 0
551300, 1062205, 1, 0, 0
551400, 1063992, 1, 0, 0
551500, 1027659, 1, 0, 0
551601, 1064833, 1, 0, 0
551700, 1023317, 1, 0, 0
551800, 1021229, 1, 0, 0
551900, 1109023, 1, 0, 0
552000, 1011620, 1, 0, 0
552100, 1035568, 1, 0, 0
552200, 1044173, 1, 0, 0
552300, 1065858, 1, 0, 0
552400, 1025297, 1, 0, 0
552500, 1117403, 1, 0, 0
552600, 999478, 1, 0, 0
552700, 1083522, 1, 0, 0
552800, 1089258, 1, 0, 0
552900, 1031598, 1, 0, 0
553000, 1052743, 1, 0, 0
553100, 1037360, 1, 0, 0
553200, 1071528, 1, 0, 0
553300, 1020777, 1, 0, 0
553400, 977852, 1, 0, 0
553500, 1045328, 1, 0, 0
553600, 1109530, 1, 0, 0
553700, 1013646, 1, 0, 0
553800, 1037781, 1, 0, 0
553900, 991157, 1, 0, 0
554000, 995709, 1, 0, 0
554100, 1030979, 1, 0, 0
554200, 1018494, 1, 0, 0
554300, 1023472, 1, 0, 0
554400, 1038469, 1, 0, 0
554500, 1008316, 1, 0, 0
554601, 1023942, 1, 0, 0
554700, 1046757, 1, 0, 0
554801, 1017346, 1, 0, 0
554900, 1043744, 1, 0, 0
555000, 1083906, 1, 0, 0
555100, 1048650, 1, 0, 0
555200, 1088450, 1, 0, 0
555300, 1002623, 1, 0, 0
555400, 1035827, 1, 0, 0
555500, 1076094, 1, 0, 0
555600, 1036136, 1, 0, 0
555700, 1013806, 1, 0, 0
555800, 1012048, 1, 0, 0
555900, 1089612, 1, 0, 0
556000, 999189, 1, 0, 0
556100, 1036850, 1, 0, 0
556200, 1006359, 1, 0, 0
556300, 1012135, 1, 0, 0
556400, 1014532, 1, 0, 0
556500, 1014152, 1, 0, 0
556600, 969627, 1, 0, 0
556700, 1030120, 1, 0, 0
556800, 986040, 1, 0, 0
556900, 1008352, 1, 0, 0
557000, 996732, 1, 0, 0
557100, 986356, 1, 0, 0
557200, 963171, 1, 0, 0
557300, 1005336, 1, 0, 0
557400, 1026369, 1, 0, 0
557501, 1006639, 1, 0, 0
557600, 1002521, 1, 0, 0
557700, 988054, 1, 0, 0
557800, 1045852, 1, 0, 0
557900, 1030971, 1, 0, 0
558000, 969038, 1, 0, 0
558100, 1004927, 1, 0, 0
558200, 1041880, 1, 0, 0
558300, 1041318, 1, 0, 0
558400, 983143, 1, 0, 0
558500, 981949, 1, 0, 0
558600, 1036590, 1, 0, 0
558700, 993079, 1, 0, 0
558800, 1076787, 1, 0, 0
558900, 998931, 1, 0, 0
559000, 1018532, 1, 0, 0
559100, 1071996, 1, 0, 0
559200, 1051083, 1, 0, 0
559300, 1046929, 1, 0, 0
559400, 1018557, 1, 0, 0
559500, 1008639, 1, 0, 0
559600, 1033340, 1, 0, 0
559700, 976890, 1, 0, 0
559800, 987840, 1, 0, 0
559900, 1019253, 1, 0, 0
560000, 1001145, 1, 0, 0
560100, 1002138, 1, 0, 0
560200, 1080848, 1, 0, 0
560301, 1065088, 1, 0, 0
560400, 1029215, 1, 0, 0
560500, 1051117, 1, 0, 0
560600, 989395, 1, 0, 0
560700, 1016265, 1, 0, 0
560800, 1000001, 1, 0, 0
560900, 1003017, 1, 0, 0
561000, 1024196, 1, 0, 0
561100, 1056702, 1, 0, 0
561200, 1040909, 1, 0, 0
561300, 1029380, 1, 0, 0
561400, 1041308, 1, 0, 0
561500, 993184, 1, 0, 0
561601, 1061499, 1, 0, 0
561700, 1014970, 1, 0, 0
561800, 1026821, 1, 0, 0
561900, 1087714, 1, 0, 0
562000, 1025759, 1, 0, 0
562100, 1037992, 1, 0, 0
562200, 1009597, 1, 0, 0
562300, 1068960, 1, 0, 0
562400, 992880, 1, 0, 0
562501, 1012861, 1, 0, 0
562600, 1054120, 1, 0, 0
562700, 993509, 1, 0, 0
562800, 999329, 1, 0, 0
562900, 1024490, 1, 0, 0
563000, 1029590, 1, 0, 0
563100, 1008391, 1, 0, 0
563200, 1037346, 1, 0, 0
563300, 1038228, 1, 0, 0
563400, 1033429, 1, 0, 0
563500, 1008001, 1, 0, 0
563600, 1011644, 1, 0, 0
563700, 1025074, 1, 0, 0
563800, 995281, 1, 0, 0
563900, 1002350, 1, 0, 0
564000, 1019114, 1, 0, 0
564100, 1052017, 1, 0, 0
564200, 1038968, 1, 0, 0
564300, 1056839, 1, 0, 0
564400, 999775, 1, 0, 0
564500, 984585, 1, 0, 0
564600, 1005469, 1, 0, 0
564700, 1011698, 1, 0, 0
564800, 1049132, 1, 0, 0
564900, 1069334, 1, 0, 0
565000, 1023280, 1, 0, 0
565100, 999069, 1, 0, 0
565200, 984350, 1, 0, 0
565300, 949808, 1, 0, 0
565400, 1020209, 1, 0, 0
565500, 1029059, 1, 0, 0
565600, 967232, 1, 0, 0
565700, 1005628, 1, 0, 0
565800, 986366, 1, 0, 0
565900, 1007071, 1, 0, 0
566000, 1045882, 1, 0, 0
566100, 1040659, 1, 0, 0
566200, 1036446, 1, 0, 0
566300, 1007051, 1, 0, 0
566400, 969146, 1, 0, 0
566500, 1019947, 1, 0, 0
566600, 1021444, 1, 0, 0
566700, 978582, 1, 0, 0
566800, 1006008, 1, 0, 0
566900, 1009542, 1, 0, 0
567000, 1015813, 1, 0, 0
567100, 967425, 1, 0, 0
567200, 998855, 1, 0, 0
567300, 1036547, 1, 0, 0
567400, 999356, 1, 0, 0
567500, 1001813, 1, 0, 0
567600, 1004375, 1, 0, 0
567700, 996051, 1, 0, 0
567800, 1048496, 1, 0, 0
567900, 995362, 1, 0, 0
568000, 971869, 1, 0, 0
568100, 964951, 1, 0, 0
568200, 994809, 1, 0, 0
568300, 998153, 1, 0, 0
568400, 1009983, 1, 0, 0
568500, 1043651, 1, 0, 0
568600, 1015563, 1, 0, 0
568700, 1103016, 1, 0, 0
568800, 1018913, 1, 0, 0
568900, 995724, 1, 0, 0
569000, 1022287, 1, 0, 0
569100, 1022981, 1, 0, 0
569200, 1081687, 1, 0, 0
569300, 1024989, 1, 0, 0
569400, 1004463, 1, 0, 0
569500, 1059967, 1, 0, 0
569600, 1049446, 1, 0, 0
569700, 1072619, 1, 0, 0
569800, 1053811, 1, 0, 0
569900, 1093213, 1, 0, 0
570000, 1044897, 1, 0, 0
570100, 1071273, 1, 0, 0
570200, 1010580, 1, 0, 0
570300, 982638, 1, 0, 0
570401, 1019527, 1, 0, 0
570500, 983112, 1, 0, 0
570600, 1030069, 1, 0, 0
570700, 1041891, 1, 0, 0
570800, 1111816, 1, 0, 0
570900, 1034736, 1, 0, 0
571000, 1020327, 1, 0, 0
571100, 1070676, 1, 0, 0
571200, 1062949, 1, 0, 0
571300, 1021646, 1, 0, 0
571400, 986417, 1, 0, 0
571501, 993306, 1, 0, 0
571600, 1055250, 1, 0, 0
571700, 1034503, 1, 0, 0
571800, 1007586, 1, 0, 0
571900, 1025771, 1, 0, 0
572000, 988741, 1, 0, 0
572100, 1008340, 1, 0, 0
572200, 1026382, 1, 0, 0
572300, 1006473, 1, 0, 0
572400, 1011164, 1, 0, 0
572500, 1054208, 1, 0, 0
572600, 1008539, 1, 0, 0
572700, 1010117, 1, 0, 0
572800, 1008979, 1, 0, 0
572900, 1005289, 1, 0, 0
573000, 988437, 1, 0, 0
573100, 1033812, 1, 0, 0
573200, 1089920, 1, 0, 0
573301, 1058866, 1, 0, 0
573400, 981533, 1, 0, 0
573500, 1018720, 1, 0, 0
573602, 1052400, 1, 0, 0
573700, 1063831, 1, 0, 0
573800, 1019605, 1, 0, 0
573900, 1032981, 1, 0, 0
574000, 1006783, 1, 0, 0
574100, 1031631, 1, 0, 0
574200, 1023273, 1, 0, 0
574300, 1008400, 1, 0, 0
574400, 1014487, 1, 0, 0
574500, 999675, 1, 0, 0
574600, 1031227, 1, 0, 0
574700, 1045392, 1, 0, 0
574800, 1029694, 1, 0, 0
574900, 1050106, 1, 0, 0
575000, 999471, 1, 0, 0
575100, 973292, 1, 0, 0
575200, 995542, 1, 0, 0
575300, 1017437, 1, 0, 0
575400, 1005429, 1, 0, 0
575500, 1023547, 1, 0, 0
575600, 1048096, 1, 0, 0
575700, 991740, 1, 0, 0
575800, 1005860, 1, 0, 0
575900, 992757, 1, 0, 0
576000, 976324, 1, 0, 0
576100, 997134, 1, 0, 0
576200, 1027236, 1, 0, 0
576300, 1012757, 1, 0, 0
576400, 1035185, 1, 0, 0
576500, 1046865, 1, 0, 0
576600, 1022828, 1, 0, 0
576700, 974363, 1, 0, 0
576800, 1006212, 1, 0, 0
576901, 1017990, 1, 0, 0
577000, 1035378, 1, 0, 0
577100, 1046508, 1, 0, 0
577200, 988852, 1, 0, 0
577300, 975725, 1, 0, 0
577400, 1002317, 1, 0, 0
577500, 990490, 1, 0, 0
577600, 1032301, 1, 0, 0
577700, 1015978, 1, 0, 0
577800, 1033281, 1, 0, 0
577900, 988402, 1, 0, 0
578000, 1036756, 1, 0, 0
578100, 971396, 1, 0, 0
578200, 1052724, 1, 0, 0
578300, 999682, 1, 0, 0
578400, 1019268, 1, 0, 0
578500, 1021713, 1, 0, 0
578600, 1022201, 1, 0, 0
578700, 1034202, 1, 0, 0
578800, 1034755, 1, 0, 0
578900, 1063861, 1, 0, 0
579000, 1050317, 1, 0, 0
579100, 1010411, 1, 0, 0
579200, 1002054, 1, 0, 0
579300, 1073325, 1, 0, 0
579400, 1042787, 1, 0, 0
579500, 1061770, 1, 0, 0
579600, 1050549, 1, 0, 0
579700, 1064993, 1, 0, 0
579800, 1025396, 1, 0, 0
579900, 981975, 1, 0, 0
580001, 1036431, 1, 0, 0
580100, 980449, 1, 0, 0
580200, 1020321, 1, 0, 0
580301, 1006124, 1, 0, 0
580400, 1026058, 1, 0, 0
580500, 990905, 1, 0, 0
580600, 1049456, 1, 0, 0
580700, 1059336, 1, 0, 0
580800, 1030430, 1, 0, 0
580901, 1038383, 1, 0, 0
581000, 1027463, 1, 0, 0
581100, 1022376, 1, 0, 0
581200, 1005937, 1, 0, 0
581300, 1033753, 1, 0, 0
581400, 1020916, 1, 0, 0
581501, 1049356, 1, 0, 0
581600, 996896, 1, 0, 0
581700, 1057924, 1, 0, 0
581800, 1048491, 1, 0, 0
581901, 1013999, 1, 0, 0
582000, 1095966, 1, 0, 0
582100, 991491, 1, 0, 0
582200, 1000975, 1, 0, 0
582300, 1026292, 1, 0, 0
582401, 1011829, 1, 0, 0
582500, 1044181, 1, 0, 0
582600, 1027517, 1, 0, 0
582700, 1043951, 1, 0, 0
582800, 1042955, 1, 0, 0
582900, 1028904, 1, 0, 0
583000, 1056561, 1, 0, 0
583100, 1018821, 1, 0, 0
583200, 1026942, 1, 0, 0
583300, 1007003, 1, 0, 0
583400, 964435, 1, 0, 0
583501, 1026119, 1, 0, 0
583600, 1042324, 1, 0, 0
583700, 1076663, 1, 0, 0
583800, 1034155, 1, 0, 0
583901, 1008344, 1, 0, 0
584000, 1022022, 1, 0, 0
584100, 1071457, 1, 0, 0
584200, 1055275, 1, 0, 0
584300, 1038965, 1, 0, 0
584400, 1058809, 1, 0, 0
584500, 998899, 1, 0, 0
584600, 1017476, 1, 0, 0
584700, 998981, 1, 0, 0
584800, 1044721, 1, 0, 0
584900, 1005633, 1, 0, 0
585001, 1049673, 1, 0, 0
585101, 1024997, 1, 0, 0
585200, 983969, 1, 0, 0
585300, 1034873, 1, 0, 0
585401, 1000608, 1, 0, 0
585500, 1018644, 1, 0, 0
585600, 1076485, 1, 0, 0
585700, 1038043, 1, 0, 0
585801, 1026820, 1, 0, 0
585900, 1105918, 1, 0, 0
586000, 1068592, 1, 0, 0
586100, 1036589, 1, 0, 0
586200, 993467, 1, 0, 0
586301, 1032237, 1, 0, 0
586400, 1020701, 1, 0, 0
586500, 1092934, 1, 0, 0
586600, 1017313, 1, 0, 0
586700, 980313, 1, 0, 0
586800, 1063108, 1, 0, 0
586900, 1075471, 1, 0, 0
587000, 998243, 1, 0, 0
587100, 1063673, 1, 0, 0
587200, 1071679, 1, 0, 0
587300, 1056642, 1, 0, 0
587400, 1076743, 1, 0, 0
587500, 981440, 1, 0, 0
587600, 1058182, 1, 0, 0
587700, 1034408, 1, 0, 0
587800, 1012577, 1, 0, 0
587900, 1024896, 1, 0, 0
588000, 1033917, 1, 0, 0
588100, 1031448, 1, 0, 0
588200, 1003758, 1, 0, 0
588300, 1046248, 1, 0, 0
588400, 1079312, 1, 0, 0
588500, 1045863, 1, 0, 0
588600, 1026811, 1, 0, 0
588700, 1043295, 1, 0, 0
588800, 1036276, 1, 0, 0
588901, 1075404, 1, 0, 0
589000, 1051458, 1, 0, 0
589100, 1025081, 1, 0, 0
589200, 1039827, 1, 0, 0
589300, 1019204, 1, 0, 0
589400, 1025027, 1, 0, 0
589500, 993043, 1, 0, 0
589600, 1036272, 1, 0, 0
589700, 1042811, 1, 0, 0
589801, 1036049, 1, 0, 0
589900, 1079423, 1, 0, 0
590001, 1047575, 1, 0, 0
590100, 1059665, 1, 0, 0
590200, 1021853, 1, 0, 0
590300, 1052283, 1, 0, 0
590400, 1072891, 1, 0, 0
590500, 1024124, 1, 0, 0
590600, 1069833, 1, 0, 0
590700, 1071781, 1, 0, 0
590801, 1014338, 1, 0, 0
590900, 1030097, 1, 0, 0
591000, 1057258, 1, 0, 0
591101, 1009610, 1, 0, 0
591200, 1037902, 1, 0, 0
591300, 1049834, 1, 0, 0
591400, 1030256, 1, 0, 0
591500, 988347, 1, 0, 0
591600, 1029137, 1, 0, 0
591700, 1028233, 1, 0, 0
591800, 1049974, 1, 0, 0
591900, 1073469, 1, 0, 0
592000, 1067512, 1, 0, 0
592100, 1078914, 1, 0, 0
592200, 1030454, 1, 0, 0
592300, 1013771, 1, 0, 0
592400, 994438, 1, 0, 0
592501, 1080360, 1, 0, 0
592601, 1017269, 1, 0, 0
592700, 1007361, 1, 0, 0
592800, 1024277, 1, 0, 0
592900, 1010735, 1, 0, 0
593002, 1060896, 1, 0, 0
593100, 1115142, 1, 0, 0
593200, 1081925, 1, 0, 0
593300, 1112796, 1, 0, 0
593401, 1074209, 1, 0, 0
593500, 1055210, 1, 0, 0
593600, 1039291, 1, 0, 0
593700, 1035870, 1, 0, 0
593801, 1094505, 1, 0, 0
593900, 1047947, 1, 0, 0
594000, 1034909, 1, 0, 0
594100, 1047162, 1, 0, 0
594201, 1014445, 1, 0, 0
594301, 1092021, 1, 0, 0
594400, 1064600, 1, 0, 0
594500, 1025340, 1, 0, 0
594600, 1058493, 1, 0, 0
594701, 1066186, 1, 0, 0
594800, 1010092, 1, 0, 0
594900, 1073060, 1, 0, 0
595001, 1043048, 1, 0, 0
595100, 1015191, 1, 0, 0
595201, 1073325, 1, 0, 0
595300, 1016945, 1, 0, 0
595400, 981156, 1, 0, 0
595500, 1045921, 1, 0, 0
595600, 1055593, 1, 0, 0
595700, 1058876, 1, 0, 0
595801, 1006330, 1, 0, 0
595900, 1018558, 1, 0, 0
596000, 1009026, 1, 0, 0
596100, 1005017, 1, 0, 0
596200, 1055780, 1, 0, 0
596300, 1032908, 1, 0, 0
596400, 1067410, 1, 0, 0
596500, 1007417, 1, 0, 0
596600, 1027247, 1, 0, 0
596700, 1010127, 1, 0, 0
596800, 1091652, 1, 0, 0
596900, 1025039, 1, 0, 0
597000, 1034586, 1, 0, 0
597100, 1010894, 1, 0, 0
597200, 1053493, 1, 0, 0
597301, 1035925, 1, 0, 0
597400, 1027619, 1, 0, 0
597500, 1044730, 1, 0, 0
597601, 1022100, 1, 0, 0
597700, 1037832, 1, 0, 0
597800, 997731, 1, 0, 0
597900, 1040885, 1, 0, 0
598000, 1063238, 1, 0, 0
598100, 973428, 1, 0, 0
598200, 1101355, 1, 0, 0
598300, 1059902, 1, 0, 0
598400, 1033891, 1, 0, 0
598500, 1008692, 1, 0, 0
598601, 1087600, 1, 0, 0
598701, 1026840, 1, 0, 0
598800, 1015803, 1, 0, 0
598900, 1018209, 1, 0, 0
599000, 1015718, 1, 0, 0
599100, 1017771, 1, 0, 0
599200, 1042976, 1, 0, 0
599300, 1067953, 1, 0, 0
599400, 981073, 1, 0, 0
599500, 991556, 1, 0, 0
599600, 1032356, 1, 0, 0
599700, 999020, 1, 0, 0
599800, 1051206, 1, 0, 0
599900, 1082217, 1, 0, 0
600000, 1044864, 1, 0, 0
