100, 1280856, 1, 0, 0
200, 1218068, 1, 0, 0
301, 1347718, 1, 0, 0
400, 1220477, 1, 0, 0
500, 1252002, 1, 0, 0
600, 1247338, 1, 0, 0
700, 1224127, 1, 0, 0
801, 1291240, 1, 0, 0
900, 1296171, 1, 0, 0
1001, 1340765, 1, 0, 0
1100, 1292825, 1, 0, 0
1200, 1322021, 1, 0, 0
1300, 1307670, 1, 0, 0
1400, 1312026, 1, 0, 0
1500, 1239987, 1, 0, 0
1600, 1264589, 1, 0, 0
1700, 1260693, 1, 0, 0
1801, 1303651, 1, 0, 0
1900, 1153084, 1, 0, 0
2000, 1230422, 1, 0, 0
2100, 1226172, 1, 0, 0
2200, 1198992, 1, 0, 0
2300, 1260265, 1, 0, 0
2400, 1315000, 1, 0, 0
2500, 1196947, 1, 0, 0
2600, 1315072, 1, 0, 0
2700, 1405432, 1, 0, 0
2800, 1236407, 1, 0, 0
2900, 1231323, 1, 0, 0
3002, 1273286, 1, 0, 0
3100, 1312167, 1, 0, 0
3200, 1272225, 1, 0, 0
3300, 1281055, 1, 0, 0
3401, 1294413, 1, 0, 0
3501, 1247381, 1, 0, 0
3600, 1215149, 1, 0, 0
3700, 1227474, 1, 0, 0
3800, 1211257, 1, 0, 0
3900, 1267421, 1, 0, 0
4001, 1178738, 1, 0, 0
4100, 1302706, 1, 0, 0
4200, 1215559, 1, 0, 0
4300, 1228787, 1, 0, 0
4400, 1206569, 1, 0, 0
4501, 1215556, 1, 0, 0
4600, 1275495, 1, 0, 0
4700, 1256711, 1, 0, 0
4801, 1227982, 1, 0, 0
4900, 1254398, 1, 0, 0
5000, 1225715, 1, 0, 0
5101, 1283531, 1, 0, 0
5201, 1248897, 1, 0, 0
5300, 1275468, 1, 0, 0
5401, 1250416, 1, 0, 0
5501, 1232642, 1, 0, 0
5601, 1188123, 1, 0, 0
5700, 1253342, 1, 0, 0
5800, 1237593, 1, 0, 0
5901, 1211962, 1, 0, 0
6000, 1161418, 1, 0, 0
6100, 1221244, 1, 0, 0
6200, 1227904, 1, 0, 0
6300, 1215828, 1, 0, 0
6400, 1270362, 1, 0, 0
6500, 1307392, 1, 0, 0
6600, 1263914, 1, 0, 0
6700, 1279822, 1, 0, 0
6800, 1283835, 1, 0, 0
6900, 1342332, 1, 0, 0
7000, 1254720, 1, 0, 0
7100, 1262112, 1, 0, 0
7200, 1276831, 1, 0, 0
7301, 1184708, 1, 0, 0
7400, 1198599, 1, 0, 0
7500, 1218712, 1, 0, 0
7600, 1193573, 1, 0, 0
7701, 1261822, 1, 0, 0
7800, 1200175, 1, 0, 0
7900, 1305713, 1, 0, 0
8000, 1295421, 1, 0, 0
8101, 1257492, 1, 0, 0
8201, 1248627, 1, 0, 0
8300, 1245912, 1, 0, 0
8400, 1273969, 1, 0, 0
8501, 1257968, 1, 0, 0
8601, 1215090, 1, 0, 0
8700, 1180337, 1, 0, 0
8800, 1203088, 1, 0, 0
8901, 1278909, 1, 0, 0
9000, 1193255, 1, 0, 0
9100, 1275527, 1, 0, 0
9200, 1231313, 1, 0, 0
9300, 1262227, 1, 0, 0
9401, 1258376, 1, 0, 0
9500, 1257438, 1, 0, 0
9600, 1183194, 1, 0, 0
9700, 1267510, 1, 0, 0
9800, 1252715, 1, 0, 0
9901, 1213637, 1, 0, 0
10001, 1195444, 1, 0, 0
10100, 1241552, 1, 0, 0
10200, 1236219, 1, 0, 0
10300, 1197962, 1, 0, 0
10400, 1203974, 1, 0, 0
10500, 1235414, 1, 0, 0
10600, 1269820, 1, 0, 0
10700, 1120836, 1, 0, 0
10800, 1220499, 1, 0, 0
10900, 1239156, 1, 0, 0
11000, 1258774, 1, 0, 0
11100, 1201292, 1, 0, 0
11200, 1232941, 1, 0, 0
11300, 1185237, 1, 0, 0
11400, 1241341, 1, 0, 0
11500, 1238341, 1, 0, 0
11600, 1195640, 1, 0, 0
11700, 1279125, 1, 0, 0
11800, 1205708, 1, 0, 0
11900, 1275791, 1, 0, 0
12000, 1202509, 1, 0, 0
12100, 1251488, 1, 0, 0
12200, 1189347, 1, 0, 0
12300, 1229330, 1, 0, 0
12400, 1189748, 1, 0, 0
12501, 1238946, 1, 0, 0
12600, 1131002, 1, 0, 0
12700, 1199506, 1, 0, 0
12801, 1154817, 1, 0, 0
12900, 1203678, 1, 0, 0
13000, 1221565, 1, 0, 0
13100, 1216053, 1, 0, 0
13200, 1231513, 1, 0, 0
13301, 1181778, 1, 0, 0
13400, 1171168, 1, 0, 0
13500, 1103143, 1, 0, 0
13601, 1172137, 1, 0, 0
13700, 1196715, 1, 0, 0
13800, 1172938, 1, 0, 0
13900, 1216068, 1, 0, 0
14000, 1170238, 1, 0, 0
14100, 1138964, 1, 0, 0
14201, 1210176, 1, 0, 0
14300, 1183255, 1, 0, 0
14401, 1139623, 1, 0, 0
14500, 1214459, 1, 0, 0
14600, 1244506, 1, 0, 0
14701, 1139634, 1, 0, 0
14800, 1115366, 1, 0, 0
14900, 1144670, 1, 0, 0
15000, 1178609, 1, 0, 0
15100, 1150693, 1, 0, 0
15200, 1174033, 1, 0, 0
15301, 1176659, 1, 0, 0
15400, 1154773, 1, 0, 0
15501, 1181352, 1, 0, 0
15600, 1205468, 1, 0, 0
15700, 1179728, 1, 0, 0
15800, 1131952, 1, 0, 0
15901, 1172620, 1, 0, 0
16000, 1206725, 1, 0, 0
16100, 1150260, 1, 0, 0
16200, 1171663, 1, 0, 0
16301, 1188549, 1, 0, 0
16400, 1205429, 1, 0, 0
16500, 1180370, 1, 0, 0
16600, 1117772, 1, 0, 0
16700, 1158467, 1, 0, 0
16800, 1218656, 1, 0, 0
16900, 1187661, 1, 0, 0
17000, 1134637, 1, 0, 0
17100, 1171132, 1, 0, 0
17200, 1152073, 1, 0, 0
17300, 1146459, 1, 0, 0
17400, 1162788, 1, 0, 0
17500, 1125821, 1, 0, 0
17600, 1150171, 1, 0, 0
17700, 1191408, 1, 0, 0
17800, 1142387, 1, 0, 0
17900, 1078034, 1, 0, 0
18000, 1111778, 1, 0, 0
18100, 1138939, 1, 0, 0
18200, 1160133, 1, 0, 0
18300, 1128248, 1, 0, 0
18400, 1110923, 1, 0, 0
18500, 1148406, 1, 0, 0
18600, 1139134, 1, 0, 0
18700, 1086855, 1, 0, 0
18800, 1135013, 1, 0, 0
18900, 1150939, 1, 0, 0
19001, 1202644, 1, 0, 0
19100, 1159103, 1, 0, 0
19200, 1213877, 1, 0, 0
19300, 1188380, 1, 0, 0
19400, 1165996, 1, 0, 0
19500, 1184354, 1, 0, 0
19600, 1200287, 1, 0, 0
19700, 1181924, 1, 0, 0
19800, 1138790, 1, 0, 0
19900, 1150499, 1, 0, 0
20001, 1155978, 1, 0, 0
20100, 1183332, 1, 0, 0
20200, 1194306, 1, 0, 0
20300, 1116696, 1, 0, 0
20400, 1106093, 1, 0, 0
20500, 1148156, 1, 0, 0
20600, 1212894, 1, 0, 0
20700, 1154384, 1, 0, 0
20800, 1138466, 1, 0, 0
20900, 1192899, 1, 0, 0
21000, 1131886, 1, 0, 0
21100, 1151881, 1, 0, 0
21200, 1125471, 1, 0, 0
21300, 1115209, 1, 0, 0
21400, 1160042, 1, 0, 0
21500, 1147662, 1, 0, 0
21600, 1150226, 1, 0, 0
21700, 1146191, 1, 0, 0
21800, 1136108, 1, 0, 0
21900, 1128074, 1, 0, 0
22000, 1170778, 1, 0, 0
22100, 1179161, 1, 0, 0
22200, 1144213, 1, 0, 0
22300, 1195329, 1, 0, 0
22400, 1207421, 1, 0, 0
22502, 1163899, 1, 0, 0
22600, 1097519, 1, 0, 0
22700, 1197286, 1, 0, 0
22801, 1221259, 1, 0, 0
22901, 1178219, 1, 0, 0
23000, 1145976, 1, 0, 0
23100, 1208221, 1, 0, 0
23200, 1168434, 1, 0, 0
23300, 1165982, 1, 0, 0
23400, 1196782, 1, 0, 0
23500, 1131578, 1, 0, 0
23601, 1149925, 1, 0, 0
23700, 1115805, 1, 0, 0
23801, 1103316, 1, 0, 0
23900, 1152983, 1, 0, 0
24000, 1106998, 1, 0, 0
24100, 1159067, 1, 0, 0
24200, 1132071, 1, 0, 0
24301, 1133913, 1, 0, 0
24400, 1212504, 1, 0, 0
24500, 1182343, 1, 0, 0
24600, 1157683, 1, 0, 0
24700, 1141320, 1, 0, 0
24800, 1240401, 1, 0, 0
24900, 1187821, 1, 0, 0
25000, 1135397, 1, 0, 0
25100, 1151282, 1, 0, 0
25201, 1168782, 1, 0, 0
25300, 1149387, 1, 0, 0
25400, 1126745, 1, 0, 0
25500, 1146728, 1, 0, 0
25601, 1180864, 1, 0, 0
25700, 1194626, 1, 0, 0
25800, 1135129, 1, 0, 0
25901, 1081066, 1, 0, 0
26000, 1146616, 1, 0, 0
26100, 1166780, 1, 0, 0
26200, 1106017, 1, 0, 0
26300, 1230270, 1, 0, 0
26400, 1129377, 1, 0, 0
26501, 1152371, 1, 0, 0
26600, 1188152, 1, 0, 0
26700, 1199271, 1, 0, 0
26801, 1167547, 1, 0, 0
26900, 1190913, 1, 0, 0
27000, 1164092, 1, 0, 0
27102, 1148630, 1, 0, 0
27200, 1196410, 1, 0, 0
27301, 1118468, 1, 0, 0
27400, 1137041, 1, 0, 0
27501, 1106565, 1, 0, 0
27600, 1131639, 1, 0, 0
27701, 1219095, 1, 0, 0
27800, 1170557, 1, 0, 0
27900, 1134065, 1, 0, 0
28000, 1121957, 1, 0, 0
28100, 1159359, 1, 0, 0
28200, 1180986, 1, 0, 0
28301, 1160024, 1, 0, 0
28400, 1213453, 1, 0, 0
28500, 1045808, 1, 0, 0
28600, 1147686, 1, 0, 0
28700, 1157731, 1, 0, 0
28801, 1120878, 1, 0, 0
28900, 1100607, 1, 0, 0
29000, 1123107, 1, 0, 0
29100, 1182607, 1, 0, 0
29200, 1087660, 1, 0, 0
29300, 1196420, 1, 0, 0
29400, 1127390, 1, 0, 0
29500, 1178128, 1, 0, 0
29600, 1134644, 1, 0, 0
29700, 1122355, 1, 0, 0
29800, 1152676, 1, 0, 0
29900, 1155179, 1, 0, 0
30001, 1126523, 1, 0, 0
30100, 1122379, 1, 0, 0
30200, 1115845, 1, 0, 0
30300, 1096774, 1, 0, 0
30400, 1147455, 1, 0, 0
30500, 1120859, 1, 0, 0
30600, 1101893, 1, 0, 0
30700, 1173833, 1, 0, 0
30801, 1124216, 1, 0, 0
30900, 1079495, 1, 0, 0
31001, 1123880, 1, 0, 0
31101, 1049882, 1, 0, 0
31200, 1126718, 1, 0, 0
31301, 1146869, 1, 0, 0
31400, 1110400, 1, 0, 0
31500, 1120902, 1, 0, 0
31600, 1147381, 1, 0, 0
31700, 1142731, 1, 0, 0
31801, 1112050, 1, 0, 0
31900, 1149844, 1, 0, 0
32001, 1095531, 1, 0, 0
32100, 1131089, 1, 0, 0
32200, 1091822, 1, 0, 0
32300, 1079533, 1, 0, 0
32400, 1097825, 1, 0, 0
32500, 1108849, 1, 0, 0
32601, 1117837, 1, 0, 0
32700, 1053929, 1, 0, 0
32800, 1100860, 1, 0, 0
32900, 1121045, 1, 0, 0
33000, 1088849, 1, 0, 0
33100, 1067692, 1, 0, 0
33200, 1149323, 1, 0, 0
33302, 1091563, 1, 0, 0
33400, 1091144, 1, 0, 0
33500, 1102230, 1, 0, 0
33601, 1122037, 1, 0, 0
33700, 1151445, 1, 0, 0
33800, 1149020, 1, 0, 0
33901, 1077788, 1, 0, 0
34000, 1115491, 1, 0, 0
34100, 1093620, 1, 0, 0
34200, 1107834, 1, 0, 0
34300, 1133542, 1, 0, 0
34400, 1119067, 1, 0, 0
34500, 1109267, 1, 0, 0
34600, 1070812, 1, 0, 0
34700, 1110736, 1, 0, 0
34800, 1150625, 1, 0, 0
34900, 1050991, 1, 0, 0
35000, 1109702, 1, 0, 0
35101, 1187507, 1, 0, 0
35200, 1106538, 1, 0, 0
35300, 1213481, 1, 0, 0
35400, 1109288, 1, 0, 0
35500, 1110326, 1, 0, 0
35600, 1105993, 1, 0, 0
35700, 1112960, 1, 0, 0
35801, 1125427, 1, 0, 0
35901, 1098269, 1, 0, 0
36000, 1120733, 1, 0, 0
36100, 1131814, 1, 0, 0
36200, 1119650, 1, 0, 0
36300, 1071105, 1, 0, 0
36401, 1037808, 1, 0, 0
36500, 1071427, 1, 0, 0
36600, 1100299, 1, 0, 0
36701, 1141131, 1, 0, 0
36801, 1096918, 1, 0, 0
36901, 1076669, 1, 0, 0
37000, 1112983, 1, 0, 0
37100, 1082905, 1, 0, 0
37200, 1081836, 1, 0, 0
37300, 1124909, 1, 0, 0
37400, 1138308, 1, 0, 0
37500, 1132979, 1, 0, 0
37600, 1128759, 1, 0, 0
37700, 1124124, 1, 0, 0
37800, 1095967, 1, 0, 0
37900, 1141020, 1, 0, 0
38000, 1093516, 1, 0, 0
38100, 1110011, 1, 0, 0
38201, 1157772, 1, 0, 0
38301, 1106293, 1, 0, 0
38401, 1082741, 1, 0, 0
38500, 1115227, 1, 0, 0
38600, 1120829, 1, 0, 0
38700, 1139370, 1, 0, 0
38801, 1103029, 1, 0, 0
38900, 1120946, 1, 0, 0
39000, 1114269, 1, 0, 0
39100, 1144902, 1, 0, 0
39200, 1155868, 1, 0, 0
39300, 1090288, 1, 0, 0
39400, 1147265, 1, 0, 0
39500, 1128833, 1, 0, 0
39600, 1183596, 1, 0, 0
39700, 1170518, 1, 0, 0
39800, 1185942, 1, 0, 0
39900, 1164980, 1, 0, 0
40000, 1258551, 1, 0, 0
40101, 1155709, 1, 0, 0
40200, 1123418, 1, 0, 0
40300, 1103724, 1, 0, 0
40400, 1160089, 1, 0, 0
40500, 1077832, 1, 0, 0
40600, 1108730, 1, 0, 0
40700, 1097021, 1, 0, 0
40800, 1123682, 1, 0, 0
40900, 1110203, 1, 0, 0
41001, 1154762, 1, 0, 0
41100, 1108510, 1, 0, 0
41200, 1184809, 1, 0, 0
41300, 1073277, 1, 0, 0
41400, 1104795, 1, 0, 0
41500, 1145352, 1, 0, 0
41600, 1091164, 1, 0, 0
41701, 1106917, 1, 0, 0
41802, 1152486, 1, 0, 0
41901, 1125293, 1, 0, 0
42000, 1147158, 1, 0, 0
42100, 1110258, 1, 0, 0
42200, 1077857, 1, 0, 0
42300, 1133244, 1, 0, 0
42400, 1058824, 1, 0, 0
42500, 1095378, 1, 0, 0
42601, 1149550, 1, 0, 0
42700, 1056421, 1, 0, 0
42800, 1090140, 1, 0, 0
42900, 1107158, 1, 0, 0
43000, 1164009, 1, 0, 0
43100, 1117659, 1, 0, 0
43200, 1063874, 1, 0, 0
43300, 1088246, 1, 0, 0
43400, 1123456, 1, 0, 0
43500, 1120237, 1, 0, 0
43600, 1074365, 1, 0, 0
43701, 1102925, 1, 0, 0
43800, 1085898, 1, 0, 0
43900, 1128589, 1, 0, 0
44000, 1168428, 1, 0, 0
44101, 1154148, 1, 0, 0
44200, 1140133, 1, 0, 0
44300, 1093196, 1, 0, 0
44400, 1088504, 1, 0, 0
44500, 1075388, 1, 0, 0
44600, 1116321, 1, 0, 0
44700, 1086676, 1, 0, 0
44800, 1112850, 1, 0, 0
44900, 1097826, 1, 0, 0
45001, 1141744, 1, 0, 0
45100, 1148149, 1, 0, 0
45200, 1132205, 1, 0, 0
45300, 1160915, 1, 0, 0
45400, 1166731, 1, 0, 0
45500, 1147292, 1, 0, 0
45600, 1180660, 1, 0, 0
45700, 1097505, 1, 0, 0
45800, 1063511, 1, 0, 0
45901, 1130965, 1, 0, 0
46001, 1109440, 1, 0, 0
46100, 1184125, 1, 0, 0
46201, 1179699, 1, 0, 0
46300, 1073447, 1, 0, 0
46400, 1072887, 1, 0, 0
46500, 1151751, 1, 0, 0
46600, 1171071, 1, 0, 0
46700, 1153385, 1, 0, 0
46801, 1152531, 1, 0, 0
46900, 1154724, 1, 0, 0
47000, 1183196, 1, 0, 0
47100, 1112359, 1, 0, 0
47200, 1149024, 1, 0, 0
47300, 1185187, 1, 0, 0
47400, 1158367, 1, 0, 0
47500, 1111099, 1, 0, 0
47600, 1093720, 1, 0, 0
47700, 1109357, 1, 0, 0
47800, 1139649, 1, 0, 0
47900, 1081740, 1, 0, 0
48000, 1076128, 1, 0, 0
48100, 1163264, 1, 0, 0
48200, 1146800, 1, 0, 0
48300, 1057334, 1, 0, 0
48400, 1096370, 1, 0, 0
48501, 1212145, 1, 0, 0
48601, 1095396, 1, 0, 0
48700, 1146587, 1, 0, 0
48800, 1072964, 1, 0, 0
48900, 1084314, 1, 0, 0
49000, 1072760, 1, 0, 0
49100, 1096593, 1, 0, 0
49200, 1142552, 1, 0, 0
49300, 1097306, 1, 0, 0
49400, 1108106, 1, 0, 0
49500, 1052266, 1, 0, 0
49600, 1108803, 1, 0, 0
49700, 1098616, 1, 0, 0
49800, 1092115, 1, 0, 0
49900, 1086014, 1, 0, 0
50000, 1087960, 1, 0, 0
50100, 1080840, 1, 0, 0
50200, 1031245, 1, 0, 0
50300, 1036172, 1, 0, 0
50400, 1084466, 1, 0, 0
50500, 1178810, 1, 0, 0
50601, 1155844, 1, 0, 0
50700, 1176470, 1, 0, 0
50800, 1173793, 1, 0, 0
50900, 1063346, 1, 0, 0
51000, 1102455, 1, 0, 0
51100, 1033602, 1, 0, 0
51200, 1141610, 1, 0, 0
51300, 1059930, 1, 0, 0
51400, 1145275, 1, 0, 0
51500, 1055941, 1, 0, 0
51600, 1066733, 1, 0, 0
51700, 1112554, 1, 0, 0
51800, 1104310, 1, 0, 0
51900, 1085359, 1, 0, 0
52000, 1112674, 1, 0, 0
52100, 1147759, 1, 0, 0
52200, 1139398, 1, 0, 0
52300, 1116055, 1, 0, 0
52400, 1172884, 1, 0, 0
52500, 1030710, 1, 0, 0
52600, 1095231, 1, 0, 0
52700, 1183267, 1, 0, 0
52800, 1071881, 1, 0, 0
52901, 1121642, 1, 0, 0
53000, 1103245, 1, 0, 0
53100, 1116017, 1, 0, 0
53200, 1127182, 1, 0, 0
53300, 1105855, 1, 0, 0
53400, 1168248, 1, 0, 0
53500, 1104180, 1, 0, 0
53600, 1108376, 1, 0, 0
53701, 1103640, 1, 0, 0
53800, 1112608, 1, 0, 0
53900, 1095039, 1, 0, 0
54000, 1085548, 1, 0, 0
54100, 1121206, 1, 0, 0
54200, 1082677, 1, 0, 0
54300, 1109963, 1, 0, 0
54400, 1134307, 1, 0, 0
54500, 1111887, 1, 0, 0
54600, 1078462, 1, 0, 0
54700, 1107137, 1, 0, 0
54800, 1087625, 1, 0, 0
54900, 1115496, 1, 0, 0
55000, 1028991, 1, 0, 0
55100, 1152019, 1, 0, 0
55200, 1093746, 1, 0, 0
55300, 1069600, 1, 0, 0
55400, 1107236, 1, 0, 0
55500, 1205259, 1, 0, 0
55600, 1095207, 1, 0, 0
55700, 1118006, 1, 0, 0
55800, 1114185, 1, 0, 0
55900, 1148393, 1, 0, 0
56000, 1134918, 1, 0, 0
56100, 1102786, 1, 0, 0
56200, 1100924, 1, 0, 0
56300, 1062487, 1, 0, 0
56401, 1074006, 1, 0, 0
56500, 1087925, 1, 0, 0
56600, 1105078, 1, 0, 0
56700, 1053037, 1, 0, 0
56800, 1038493, 1, 0, 0
56900, 1164022, 1, 0, 0
57000, 1136677, 1, 0, 0
57100, 1150896, 1, 0, 0
57200, 1121729, 1, 0, 0
57300, 1096397, 1, 0, 0
57400, 1111767, 1, 0, 0
57500, 1109036, 1, 0, 0
57600, 1154645, 1, 0, 0
57700, 1137712, 1, 0, 0
57800, 1117022, 1, 0, 0
57901, 1163601, 1, 0, 0
58000, 1058458, 1, 0, 0
58100, 1072656, 1, 0, 0
58200, 1131426, 1, 0, 0
58300, 1137669, 1, 0, 0
58400, 1107012, 1, 0, 0
58500, 1092649, 1, 0, 0
58600, 1111217, 1, 0, 0
58701, 1155397, 1, 0, 0
58800, 1085364, 1, 0, 0
58900, 1141918, 1, 0, 0
59000, 1168002, 1, 0, 0
59100, 1122264, 1, 0, 0
59200, 1167836, 1, 0, 0
59301, 1136341, 1, 0, 0
59400, 1124804, 1, 0, 0
59500, 1161093, 1, 0, 0
59600, 1092815, 1, 0, 0
59700, 1150990, 1, 0, 0
59800, 1209633, 1, 0, 0
59900, 1145285, 1, 0, 0
60001, 1128015, 1, 0, 0
60100, 1112721, 1, 0, 0
60200, 1095394, 1, 0, 0
60300, 1103461, 1, 0, 0
60400, 1101775, 1, 0, 0
60501, 1162534, 1, 0, 0
60601, 1123694, 1, 0, 0
60701, 1143453, 1, 0, 0
60800, 1087169, 1, 0, 0
60900, 1127384, 1, 0, 0
61000, 1165460, 1, 0, 0
61100, 1107105, 1, 0, 0
61200, 1136364, 1, 0, 0
61300, 1092324, 1, 0, 0
61400, 1125394, 1, 0, 0
61500, 1138103, 1, 0, 0
61600, 1079176, 1, 0, 0
61700, 1125624, 1, 0, 0
61800, 1121118, 1, 0, 0
61900, 1134180, 1, 0, 0
62000, 1128835, 1, 0, 0
62100, 1139932, 1, 0, 0
62201, 1094054, 1, 0, 0
62300, 1172288, 1, 0, 0
62400, 1089998, 1, 0, 0
62500, 1109988, 1, 0, 0
62600, 1091052, 1, 0, 0
62700, 1124745, 1, 0, 0
62800, 1205087, 1, 0, 0
62900, 1149152, 1, 0, 0
63000, 1072724, 1, 0, 0
63100, 1159959, 1, 0, 0
63200, 1137090, 1, 0, 0
63300, 1064801, 1, 0, 0
63400, 1092374, 1, 0, 0
63500, 1040372, 1, 0, 0
63600, 1039655, 1, 0, 0
63700, 1110188, 1, 0, 0
63800, 1105184, 1, 0, 0
63900, 1070257, 1, 0, 0
64000, 1108788, 1, 0, 0
64100, 1087601, 1, 0, 0
64200, 1055978, 1, 0, 0
64300, 1149232, 1, 0, 0
64400, 1094248, 1, 0, 0
64500, 1045993, 1, 0, 0
64600, 1091125, 1, 0, 0
64700, 1120784, 1, 0, 0
64800, 1161328, 1, 0, 0
64900, 1139468, 1, 0, 0
65000, 1100474, 1, 0, 0
65100, 1135257, 1, 0, 0
65200, 1124162, 1, 0, 0
65300, 1120219, 1, 0, 0
65400, 1158568, 1, 0, 0
65500, 1116170, 1, 0, 0
65600, 1118791, 1, 0, 0
65700, 1075463, 1, 0, 0
65800, 1136341, 1, 0, 0
65901, 1118600, 1, 0, 0
66000, 1112942, 1, 0, 0
66100, 1107565, 1, 0, 0
66200, 1080702, 1, 0, 0
66301, 1123184, 1, 0, 0
66400, 1054116, 1, 0, 0
66500, 1074638, 1, 0, 0
66600, 1156235, 1, 0, 0
66701, 1061894, 1, 0, 0
66800, 1092352, 1, 0, 0
66900, 1114260, 1, 0, 0
67001, 1095928, 1, 0, 0
67100, 1099395, 1, 0, 0
67200, 1101232, 1, 0, 0
67300, 1154543, 1, 0, 0
67400, 1097390, 1, 0, 0
67500, 1102360, 1, 0, 0
67600, 1111465, 1, 0, 0
67700, 1055399, 1, 0, 0
67800, 1103897, 1, 0, 0
67900, 1056399, 1, 0, 0
68001, 1115954, 1, 0, 0
68101, 1137088, 1, 0, 0
68200, 1108686, 1, 0, 0
68301, 1119001, 1, 0, 0
68400, 1064829, 1, 0, 0
68500, 1040876, 1, 0, 0
68601, 1081543, 1, 0, 0
68700, 1045294, 1, 0, 0
68800, 1084723, 1, 0, 0
68900, 1109396, 1, 0, 0
69000, 1128500, 1, 0, 0
69100, 1127011, 1, 0, 0
69201, 1043151, 1, 0, 0
69300, 1097420, 1, 0, 0
69400, 1082111, 1, 0, 0
69500, 1053299, 1, 0, 0
69600, 1059073, 1, 0, 0
69700, 1069876, 1, 0, 0
69800, 1062828, 1, 0, 0
69900, 1051694, 1, 0, 0
70000, 1074837, 1, 0, 0
70100, 1040087, 1, 0, 0
70200, 1094415, 1, 0, 0
70301, 1077673, 1, 0, 0
70400, 1135026, 1, 0, 0
70500, 1078538, 1, 0, 0
70600, 1073303, 1, 0, 0
70701, 1045639, 1, 0, 0
70800, 1053301, 1, 0, 0
70900, 1109775, 1, 0, 0
71001, 1085098, 1, 0, 0
71100, 1059501, 1, 0, 0
71200, 1035349, 1, 0, 0
71300, 1048021, 1, 0, 0
71400, 1068595, 1, 0, 0
71500, 1053407, 1, 0, 0
71600, 1056116, 1, 0, 0
71700, 1039408, 1, 0, 0
71800, 1091209, 1, 0, 0
71900, 1063598, 1, 0, 0
72000, 1116767, 1, 0, 0
72100, 1134094, 1, 0, 0
72200, 1073204, 1, 0, 0
72301, 1107705, 1, 0, 0
72401, 1086646, 1, 0, 0
72501, 1121633, 1, 0, 0
72600, 1101944, 1, 0, 0
72700, 1128661, 1, 0, 0
72800, 1073665, 1, 0, 0
72900, 1124432, 1, 0, 0
73000, 1074553, 1, 0, 0
73100, 1133550, 1, 0, 0
73200, 1087767, 1, 0, 0
73300, 1080611, 1, 0, 0
73400, 1103353, 1, 0, 0
73500, 1047655, 1, 0, 0
73600, 1078921, 1, 0, 0
73701, 1076154, 1, 0, 0
73800, 1061477, 1, 0, 0
73900, 1090111, 1, 0, 0
74001, 1064385, 1, 0, 0
74100, 1065299, 1, 0, 0
74200, 1076578, 1, 0, 0
74300, 1076457, 1, 0, 0
74401, 1073420, 1, 0, 0
74500, 1029931, 1, 0, 0
74600, 1070607, 1, 0, 0
74700, 1039759, 1, 0, 0
74800, 1085490, 1, 0, 0
74900, 1064028, 1, 0, 0
75000, 1071437, 1, 0, 0
75100, 1113978, 1, 0, 0
75200, 1044160, 1, 0, 0
75300, 1034636, 1, 0, 0
75400, 1003947, 1, 0, 0
75501, 1052682, 1, 0, 0
75600, 1055883, 1, 0, 0
75700, 1103324, 1, 0, 0
75800, 1080052, 1, 0, 0
75900, 1046548, 1, 0, 0
76000, 1043584, 1, 0, 0
76100, 1057744, 1, 0, 0
76200, 1054179, 1, 0, 0
76300, 1040964, 1, 0, 0
76400, 1011734, 1, 0, 0
76500, 1077204, 1, 0, 0
76601, 1069227, 1, 0, 0
76700, 1066915, 1, 0, 0
76800, 1052252, 1, 0, 0
76900, 1055652, 1, 0, 0
77000, 1038424, 1, 0, 0
77100, 1077812, 1, 0, 0
77201, 1092170, 1, 0, 0
77300, 1105601, 1, 0, 0
77400, 1047019, 1, 0, 0
77500, 1058649, 1, 0, 0
77600, 1079361, 1, 0, 0
77700, 1068820, 1, 0, 0
77800, 1070048, 1, 0, 0
77900, 1102473, 1, 0, 0
78000, 1053416, 1, 0, 0
78101, 1136194, 1, 0, 0
78200, 1083092, 1, 0, 0
78300, 1152003, 1, 0, 0
78400, 1070672, 1, 0, 0
78500, 1118165, 1, 0, 0
78600, 1066610, 1, 0, 0
78700, 1183938, 1, 0, 0
78800, 1064484, 1, 0, 0
78900, 1055156, 1, 0, 0
79000, 1120285, 1, 0, 0
79100, 1140725, 1, 0, 0
79200, 1105264, 1, 0, 0
79300, 1091806, 1, 0, 0
79400, 1045808, 1, 0, 0
79500, 1114134, 1, 0, 0
79600, 1074188, 1, 0, 0
79700, 1088575, 1, 0, 0
79800, 1116445, 1, 0, 0
79901, 1072784, 1, 0, 0
80000, 1030899, 1, 0, 0
80100, 1032030, 1, 0, 0
80200, 1089358, 1, 0, 0
80300, 1077300, 1, 0, 0
80400, 1081385, 1, 0, 0
80500, 1100214, 1, 0, 0
80600, 1105038, 1, 0, 0
80700, 1121687, 1, 0, 0
80801, 1052013, 1, 0, 0
80900, 1059549, 1, 0, 0
81000, 1190178, 1, 0, 0
81101, 1136204, 1, 0, 0
81201, 1083271, 1, 0, 0
81300, 1025915, 1, 0, 0
81401, 1088561, 1, 0, 0
81500, 1181803, 1, 0, 0
81600, 1110912, 1, 0, 0
81700, 1188111, 1, 0, 0
81800, 1069229, 1, 0, 0
81900, 1059117, 1, 0, 0
82001, 1095335, 1, 0, 0
82100, 1059722, 1, 0, 0
82200, 1060664, 1, 0, 0
82300, 1127825, 1, 0, 0
82400, 1111410, 1, 0, 0
82500, 1180005, 1, 0, 0
82600, 1076656, 1, 0, 0
82700, 1074236, 1, 0, 0
82800, 1096413, 1, 0, 0
82900, 1084390, 1, 0, 0
83000, 1082294, 1, 0, 0
83100, 1101837, 1, 0, 0
83200, 1112010, 1, 0, 0
83301, 1115754, 1, 0, 0
83400, 1124616, 1, 0, 0
83500, 1088594, 1, 0, 0
83600, 1081694, 1, 0, 0
83700, 1095574, 1, 0, 0
83800, 1075785, 1, 0, 0
83900, 1080717, 1, 0, 0
84000, 1053781, 1, 0, 0
84101, 1142364, 1, 0, 0
84200, 1055840, 1, 0, 0
84300, 1086198, 1, 0, 0
84400, 1108928, 1, 0, 0
84501, 1076587, 1, 0, 0
84600, 1046645, 1, 0, 0
84700, 1057604, 1, 0, 0
84800, 1072927, 1, 0, 0
84900, 1090890, 1, 0, 0
85000, 1080914, 1, 0, 0
85100, 1187384, 1, 0, 0
85200, 1054149, 1, 0, 0
85300, 1047097, 1, 0, 0
85400, 1094675, 1, 0, 0
85500, 1014318, 1, 0, 0
85600, 1068702, 1, 0, 0
85700, 1090305, 1, 0, 0
85800, 1066097, 1, 0, 0
85900, 1067039, 1, 0, 0
86000, 1105193, 1, 0, 0
86100, 1103404, 1, 0, 0
86201, 1086185, 1, 0, 0
86300, 1042286, 1, 0, 0
86400, 1062592, 1, 0, 0
86500, 1076555, 1, 0, 0
86600, 1057003, 1, 0, 0
86700, 1054943, 1, 0, 0
86800, 1118894, 1, 0, 0
86900, 1105669, 1, 0, 0
87001, 1063090, 1, 0, 0
87101, 1060753, 1, 0, 0
87200, 1057694, 1, 0, 0
87301, 1081465, 1, 0, 0
87400, 1081213, 1, 0, 0
87500, 1039112, 1, 0, 0
87600, 1105840, 1, 0, 0
87700, 1026935, 1, 0, 0
87800, 1123020, 1, 0, 0
87902, 1195748, 1, 0, 0
88000, 1154670, 1, 0, 0
88100, 1108012, 1, 0, 0
88200, 1091237, 1, 0, 0
88300, 1030024, 1, 0, 0
88400, 1054793, 1, 0, 0
88501, 1080883, 1, 0, 0
88601, 1090703, 1, 0, 0
88700, 1077393, 1, 0, 0
88800, 1111817, 1, 0, 0
88900, 1040715, 1, 0, 0
89000, 1098205, 1, 0, 0
89100, 1035877, 1, 0, 0
89200, 1084234, 1, 0, 0
89300, 1065750, 1, 0, 0
89400, 1084248, 1, 0, 0
89500, 1098219, 1, 0, 0
89600, 1095485, 1, 0, 0
89700, 1052089, 1, 0, 0
89800, 1060313, 1, 0, 0
89900, 1156063, 1, 0, 0
90000, 1096138, 1, 0, 0
90100, 1054647, 1, 0, 0
90200, 1099316, 1, 0, 0
90300, 1108813, 1, 0, 0
90400, 1087321, 1, 0, 0
90500, 1132344, 1, 0, 0
90600, 1031438, 1, 0, 0
90700, 1094976, 1, 0, 0
90800, 1061098, 1, 0, 0
90900, 1041143, 1, 0, 0
91000, 1058714, 1, 0, 0
91100, 1081630, 1, 0, 0
91200, 1039304, 1, 0, 0
91300, 1071024, 1, 0, 0
91400, 1127135, 1, 0, 0
91501, 1127702, 1, 0, 0
91600, 1150759, 1, 0, 0
91700, 1069816, 1, 0, 0
91800, 1047477, 1, 0, 0
91900, 1032102, 1, 0, 0
92000, 1089394, 1, 0, 0
92100, 1093220, 1, 0, 0
92200, 1142848, 1, 0, 0
92300, 1052743, 1, 0, 0
92400, 1046053, 1, 0, 0
92500, 1083516, 1, 0, 0
92600, 1023528, 1, 0, 0
92700, 1032321, 1, 0, 0
92800, 1085642, 1, 0, 0
92900, 1070711, 1, 0, 0
93000, 1136316, 1, 0, 0
93101, 1075979, 1, 0, 0
93200, 1097730, 1, 0, 0
93300, 1080989, 1, 0, 0
93400, 1131840, 1, 0, 0
93500, 1067709, 1, 0, 0
93600, 1104823, 1, 0, 0
93700, 1108001, 1, 0, 0
93800, 1026659, 1, 0, 0
93900, 1088446, 1, 0, 0
94000, 1070311, 1, 0, 0
94100, 1042557, 1, 0, 0
94200, 1060072, 1, 0, 0
94300, 1053909, 1, 0, 0
94400, 1089019, 1, 0, 0
94501, 1054388, 1, 0, 0
94600, 1006122, 1, 0, 0
94700, 1088538, 1, 0, 0
94800, 1080809, 1, 0, 0
94900, 1077398, 1, 0, 0
95000, 1096305, 1, 0, 0
95100, 1090092, 1, 0, 0
95200, 1076823, 1, 0, 0
95301, 1049450, 1, 0, 0
95400, 1085059, 1, 0, 0
95504, 1122014, 1, 0, 0
95600, 1105048, 1, 0, 0
95700, 1091426, 1, 0, 0
95801, 1058259, 1, 0, 0
95900, 1080182, 1, 0, 0
96000, 1077379, 1, 0, 0
96100, 1058836, 1, 0, 0
96200, 1073572, 1, 0, 0
96300, 1108989, 1, 0, 0
96400, 1028778, 1, 0, 0
96500, 1044455, 1, 0, 0
96600, 1023970, 1, 0, 0
96700, 997532, 1, 0, 0
96800, 1041700, 1, 0, 0
96900, 1061271, 1, 0, 0
97000, 1063667, 1, 0, 0
97100, 1113939, 1, 0, 0
97200, 1053539, 1, 0, 0
97300, 1024375, 1, 0, 0
97400, 1032470, 1, 0, 0
97500, 1067038, 1, 0, 0
97600, 1094861, 1, 0, 0
97701, 1065804, 1, 0, 0
97800, 1040049, 1, 0, 0
97900, 1085367, 1, 0, 0
98000, 1064748, 1, 0, 0
98100, 1065906, 1, 0, 0
98200, 1026398, 1, 0, 0
98300, 1103531, 1, 0, 0
98401, 1070813, 1, 0, 0
98500, 1086663, 1, 0, 0
98600, 1075773, 1, 0, 0
98700, 1071806, 1, 0, 0
98800, 1089987, 1, 0, 0
98900, 1057835, 1, 0, 0
99000, 1053388, 1, 0, 0
99101, 1012090, 1, 0, 0
99200, 1063470, 1, 0, 0
99300, 1010476, 1, 0, 0
99400, 1026663, 1, 0, 0
99501, 1072429, 1, 0, 0
99600, 1090400, 1, 0, 0
99701, 1025157, 1, 0, 0
99800, 1018949, 1, 0, 0
99900, 1051102, 1, 0, 0
100000, 1083485, 1, 0, 0
100100, 1025596, 1, 0, 0
100200, 1104084, 1, 0, 0
100300, 1082761, 1, 0, 0
100400, 1083320, 1, 0, 0
100500, 1046698, 1, 0, 0
100600, 1076682, 1, 0, 0
100700, 1089174, 1, 0, 0
100800, 1048796, 1, 0, 0
100900, 1090648, 1, 0, 0
101001, 1056579, 1, 0, 0
101100, 1078000, 1, 0, 0
101200, 1071263, 1, 0, 0
101300, 1049013, 1, 0, 0
101400, 1061844, 1, 0, 0
101500, 1137322, 1, 0, 0
101600, 1091186, 1, 0, 0
101700, 1058641, 1, 0, 0
101800, 1048287, 1, 0, 0
101900, 1052726, 1, 0, 0
102000, 1067398, 1, 0, 0
102100, 1089146, 1, 0, 0
102200, 1092288, 1, 0, 0
102300, 1083605, 1, 0, 0
102400, 1074167, 1, 0, 0
102500, 1108971, 1, 0, 0
102600, 1083233, 1, 0, 0
102700, 1086736, 1, 0, 0
102800, 1020186, 1, 0, 0
102900, 1093161, 1, 0, 0
103000, 1114089, 1, 0, 0
103100, 1075971, 1, 0, 0
103201, 1082337, 1, 0, 0
103300, 1084303, 1, 0, 0
103400, 1056400, 1, 0, 0
103500, 1091258, 1, 0, 0
103600, 1077337, 1, 0, 0
103700, 1069653, 1, 0, 0
103801, 1087569, 1, 0, 0
103900, 1071893, 1, 0, 0
104001, 1062763, 1, 0, 0
104100, 1082841, 1, 0, 0
104200, 1029440, 1, 0, 0
104301, 1111403, 1, 0, 0
104400, 1034619, 1, 0, 0
104500, 1062100, 1, 0, 0
104600, 1044857, 1, 0, 0
104700, 1121143, 1, 0, 0
104800, 1062183, 1, 0, 0
104901, 1071136, 1, 0, 0
105000, 1116835, 1, 0, 0
105100, 1065339, 1, 0, 0
105200, 1081160, 1, 0, 0
105300, 1047142, 1, 0, 0
105400, 1024716, 1, 0, 0
105500, 1011214, 1, 0, 0
105600, 1072302, 1, 0, 0
105700, 1064344, 1, 0, 0
105800, 1041891, 1, 0, 0
105901, 1126141, 1, 0, 0
106000, 1065522, 1, 0, 0
106100, 1135663, 1, 0, 0
106200, 1093790, 1, 0, 0
106300, 1047249, 1, 0, 0
106400, 1061868, 1, 0, 0
106500, 1090562, 1, 0, 0
106600, 1019643, 1, 0, 0
106701, 1023799, 1, 0, 0
106800, 1120251, 1, 0, 0
106900, 1064799, 1, 0, 0
107000, 1053038, 1, 0, 0
107100, 1126744, 1, 0, 0
107200, 1197254, 1, 0, 0
107300, 1121334, 1, 0, 0
107400, 1075757, 1, 0, 0
107500, 1067901, 1, 0, 0
107600, 1020144, 1, 0, 0
107700, 1052864, 1, 0, 0
107801, 1056870, 1, 0, 0
107900, 1062804, 1, 0, 0
108000, 1079665, 1, 0, 0
108101, 1090509, 1, 0, 0
108200, 1043058, 1, 0, 0
108300, 1048524, 1, 0, 0
108400, 1088019, 1, 0, 0
108500, 1048719, 1, 0, 0
108600, 1060118, 1, 0, 0
108701, 1081428, 1, 0, 0
108800, 1107278, 1, 0, 0
108901, 1043535, 1, 0, 0
109001, 1110238, 1, 0, 0
109100, 1077155, 1, 0, 0
109200, 1018210, 1, 0, 0
109301, 1090485, 1, 0, 0
109400, 1056914, 1, 0, 0
109500, 1118084, 1, 0, 0
109600, 1083941, 1, 0, 0
109700, 1070935, 1, 0, 0
109800, 1033557, 1, 0, 0
109900, 1026407, 1, 0, 0
110000, 1048106, 1, 0, 0
110100, 1034736, 1, 0, 0
110200, 1087560, 1, 0, 0
110300, 1066642, 1, 0, 0
110400, 1061153, 1, 0, 0
110500, 1133499, 1, 0, 0
110600, 1056369, 1, 0, 0
110700, 1097640, 1, 0, 0
110800, 1068726, 1, 0, 0
110901, 1027874, 1, 0, 0
111000, 1059798, 1, 0, 0
111100, 1040737, 1, 0, 0
111200, 1061496, 1, 0, 0
111301, 1052547, 1, 0, 0
111400, 1064096, 1, 0, 0
111500, 1054092, 1, 0, 0
111600, 1104228, 1, 0, 0
111700, 1038710, 1, 0, 0
111802, 1058240, 1, 0, 0
111900, 1025325, 1, 0, 0
112000, 1019443, 1, 0, 0
112100, 1051240, 1, 0, 0
112200, 1008085, 1, 0, 0
112300, 1108717, 1, 0, 0
112400, 1027449, 1, 0, 0
112500, 1090471, 1, 0, 0
112600, 1035517, 1, 0, 0
112700, 1044525, 1, 0, 0
112800, 1092033, 1, 0, 0
112900, 1036385, 1, 0, 0
113000, 1004521, 1, 0, 0
113100, 1030342, 1, 0, 0
113200, 1040708, 1, 0, 0
113300, 1037480, 1, 0, 0
113400, 1076210, 1, 0, 0
113500, 1065398, 1, 0, 0
113600, 1055714, 1, 0, 0
113700, 1022966, 1, 0, 0
113800, 1058149, 1, 0, 0
113901, 1069057, 1, 0, 0
114000, 1025411, 1, 0, 0
114100, 1070899, 1, 0, 0
114200, 1021511, 1, 0, 0
114300, 1109921, 1, 0, 0
114400, 1044157, 1, 0, 0
114500, 1110316, 1, 0, 0
114600, 1057407, 1, 0, 0
114700, 1024900, 1, 0, 0
114800, 1030261, 1, 0, 0
114900, 1081009, 1, 0, 0
115000, 1053157, 1, 0, 0
115100, 1047513, 1, 0, 0
115200, 1077906, 1, 0, 0
115300, 1050629, 1, 0, 0
115400, 1108198, 1, 0, 0
115501, 1043353, 1, 0, 0
115600, 1068656, 1, 0, 0
115700, 1061449, 1, 0, 0
115800, 1104118, 1, 0, 0
115900, 1108673, 1, 0, 0
116000, 1065650, 1, 0, 0
116100, 1016355, 1, 0, 0
116200, 1042616, 1, 0, 0
116300, 1058286, 1, 0, 0
116400, 1074425, 1, 0, 0
116500, 1055951, 1, 0, 0
116600, 1100775, 1, 0, 0
116700, 999592, 1, 0, 0
116800, 1040559, 1, 0, 0
116900, 1041355, 1, 0, 0
117000, 1096610, 1, 0, 0
117100, 1010678, 1, 0, 0
117200, 1069890, 1, 0, 0
117300, 1065047, 1, 0, 0
117400, 1090512, 1, 0, 0
117500, 1044946, 1, 0, 0
117600, 1072283, 1, 0, 0
117700, 1051540, 1, 0, 0
117800, 1072583, 1, 0, 0
117900, 1057239, 1, 0, 0
118000, 1011290, 1, 0, 0
118100, 1043575, 1, 0, 0
118200, 1060596, 1, 0, 0
118300, 980980, 1, 0, 0
118400, 1061784, 1, 0, 0
118500, 1040827, 1, 0, 0
118600, 1028908, 1, 0, 0
118700, 1098206, 1, 0, 0
118800, 1088438, 1, 0, 0
118900, 1060178, 1, 0, 0
119000, 1065859, 1, 0, 0
119100, 997860, 1, 0, 0
119200, 1092139, 1, 0, 0
119300, 1016188, 1, 0, 0
119400, 1035934, 1, 0, 0
119500, 1027419, 1, 0, 0
119600, 995791, 1, 0, 0
119700, 1052601, 1, 0, 0
119800, 1034373, 1, 0, 0
119901, 1060792, 1, 0, 0
120000, 1042133, 1, 0, 0
120100, 1021397, 1, 0, 0
120200, 999632, 1, 0, 0
120300, 1066310, 1, 0, 0
120400, 1059737, 1, 0, 0
120500, 1022566, 1, 0, 0
120600, 998974, 1, 0, 0
120700, 1021767, 1, 0, 0
120800, 997831, 1, 0, 0
120901, 977965, 1, 0, 0
121000, 1019629, 1, 0, 0
121100, 994801, 1, 0, 0
121200, 995040, 1, 0, 0
121300, 1060104, 1, 0, 0
121400, 1042167, 1, 0, 0
121500, 996844, 1, 0, 0
121600, 1030388, 1, 0, 0
121700, 985833, 1, 0, 0
121800, 1035574, 1, 0, 0
121900, 1081193, 1, 0, 0
122000, 1078711, 1, 0, 0
122100, 1041546, 1, 0, 0
122200, 1015258, 1, 0, 0
122300, 1013333, 1, 0, 0
122400, 1011750, 1, 0, 0
122500, 1037708, 1, 0, 0
122600, 1074738, 1, 0, 0
122700, 1005181, 1, 0, 0
122801, 1056835, 1, 0, 0
122900, 1010898, 1, 0, 0
123000, 1090771, 1, 0, 0
123100, 1057909, 1, 0, 0
123200, 1194409, 1, 0, 0
123300, 1128143, 1, 0, 0
123400, 1046930, 1, 0, 0
123500, 1034363, 1, 0, 0
123600, 1060541, 1, 0, 0
123701, 1046704, 1, 0, 0
123800, 1066636, 1, 0, 0
123900, 1072812, 1, 0, 0
124000, 1021274, 1, 0, 0
124100, 1045240, 1, 0, 0
124200, 1088623, 1, 0, 0
124300, 1057283, 1, 0, 0
124400, 1075123, 1, 0, 0
124500, 1001816, 1, 0, 0
124600, 1045722, 1, 0, 0
124700, 1032462, 1, 0, 0
124800, 1069407, 1, 0, 0
124900, 1035291, 1, 0, 0
125001, 1031416, 1, 0, 0
125100, 1014944, 1, 0, 0
125201, 1043593, 1, 0, 0
125300, 1052198, 1, 0, 0
125400, 1032472, 1, 0, 0
125500, 1009512, 1, 0, 0
125600, 1046329, 1, 0, 0
125700, 1023851, 1, 0, 0
125800, 1015002, 1, 0, 0
125900, 1071418, 1, 0, 0
126000, 1039085, 1, 0, 0
126100, 1049839, 1, 0, 0
126200, 1084367, 1, 0, 0
126300, 1061672, 1, 0, 0
126400, 1008343, 1, 0, 0
126500, 1039558, 1, 0, 0
126600, 1071878, 1, 0, 0
126702, 1063085, 1, 0, 0
126800, 1044656, 1, 0, 0
126900, 1033158, 1, 0, 0
127000, 1031025, 1, 0, 0
127100, 1125621, 1, 0, 0
127201, 1024784, 1, 0, 0
127300, 1031039, 1, 0, 0
127400, 1016507, 1, 0, 0
127500, 1042905, 1, 0, 0
127600, 1097084, 1, 0, 0
127700, 1050939, 1, 0, 0
127800, 1040920, 1, 0, 0
127900, 1100472, 1, 0, 0
128000, 1068744, 1, 0, 0
128100, 1051955, 1, 0, 0
128200, 1064242, 1, 0, 0
128300, 1092882, 1, 0, 0
128401, 1021700, 1, 0, 0
128500, 1032908, 1, 0, 0
128600, 1067633, 1, 0, 0
128701, 1050715, 1, 0, 0
128800, 1059295, 1, 0, 0
128900, 1051981, 1, 0, 0
129000, 1026326, 1, 0, 0
129100, 1004793, 1, 0, 0
129200, 1115417, 1, 0, 0
129300, 1067730, 1, 0, 0
129400, 1043611, 1, 0, 0
129500, 1049377, 1, 0, 0
129600, 979057, 1, 0, 0
129700, 1051137, 1, 0, 0
129800, 1088207, 1, 0, 0
129900, 1024936, 1, 0, 0
130000, 1028828, 1, 0, 0
130100, 995806, 1, 0, 0
130200, 1035398, 1, 0, 0
130300, 1063069, 1, 0, 0
130400, 1097887, 1, 0, 0
130500, 1066908, 1, 0, 0
130600, 1054359, 1, 0, 0
130700, 1031909, 1, 0, 0
130800, 1042934, 1, 0, 0
130900, 1074536, 1, 0, 0
131000, 1041363, 1, 0, 0
131100, 1021407, 1, 0, 0
131200, 1061925, 1, 0, 0
131300, 1022335, 1, 0, 0
131400, 1029019, 1, 0, 0
131500, 1028210, 1, 0, 0
131600, 1048097, 1, 0, 0
131700, 1004972, 1, 0, 0
131800, 1093124, 1, 0, 0
131900, 1056168, 1, 0, 0
132000, 1054433, 1, 0, 0
132100, 1038659, 1, 0, 0
132200, 1038676, 1, 0, 0
132300, 1013518, 1, 0, 0
132401, 1055041, 1, 0, 0
132500, 1064736, 1, 0, 0
132600, 1023578, 1, 0, 0
132700, 1034542, 1, 0, 0
132800, 1116964, 1, 0, 0
132901, 1018439, 1, 0, 0
133000, 999305, 1, 0, 0
133100, 1080970, 1, 0, 0
133200, 1023410, 1, 0, 0
133300, 1047264, 1, 0, 0
133401, 1029349, 1, 0, 0
133501, 1037997, 1, 0, 0
133600, 1023244, 1, 0, 0
133700, 1075670, 1, 0, 0
133800, 1010662, 1, 0, 0
133900, 1104256, 1, 0, 0
134000, 1093074, 1, 0, 0
134100, 1062682, 1, 0, 0
134200, 1033836, 1, 0, 0
134300, 1020061, 1, 0, 0
134400, 1032240, 1, 0, 0
134501, 1060053, 1, 0, 0
134600, 1124884, 1, 0, 0
134701, 997159, 1, 0, 0
134800, 1024681, 1, 0, 0
134900, 1065354, 1, 0, 0
135000, 1005458, 1, 0, 0
135100, 1035119, 1, 0, 0
135200, 1010897, 1, 0, 0
135300, 1058707, 1, 0, 0
135400, 1061924, 1, 0, 0
135500, 1017495, 1, 0, 0
135600, 1086781, 1, 0, 0
135700, 1068673, 1, 0, 0
135800, 1062486, 1, 0, 0
135900, 1021986, 1, 0, 0
136000, 1089367, 1, 0, 0
136100, 1000958, 1, 0, 0
136201, 1026509, 1, 0, 0
136300, 1025218, 1, 0, 0
136400, 1050750, 1, 0, 0
136501, 1066754, 1, 0, 0
136600, 1081721, 1, 0, 0
136700, 1031530, 1, 0, 0
136800, 1045690, 1, 0, 0
136900, 1057314, 1, 0, 0
137000, 1087526, 1, 0, 0
137100, 1117490, 1, 0, 0
137200, 1012337, 1, 0, 0
137301, 1056579, 1, 0, 0
137400, 1109974, 1, 0, 0
137501, 1039193, 1, 0, 0
137600, 1060875, 1, 0, 0
137700, 1053722, 1, 0, 0
137800, 1084035, 1, 0, 0
137900, 1086673, 1, 0, 0
138000, 1121203, 1, 0, 0
138100, 1028650, 1, 0, 0
138200, 1046600, 1, 0, 0
138300, 1128234, 1, 0, 0
138400, 1036117, 1, 0, 0
138500, 1046143, 1, 0, 0
138601, 1057206, 1, 0, 0
138700, 1049390, 1, 0, 0
138800, 1041948, 1, 0, 0
138900, 1014477, 1, 0, 0
139000, 1001108, 1, 0, 0
139100, 1008062, 1, 0, 0
139200, 1031450, 1, 0, 0
139300, 989745, 1, 0, 0
139400, 1033964, 1, 0, 0
139500, 1018517, 1, 0, 0
139600, 1031788, 1, 0, 0
139700, 1077697, 1, 0, 0
139801, 1051491, 1, 0, 0
139900, 1060600, 1, 0, 0
140000, 1086872, 1, 0, 0
140100, 1048503, 1, 0, 0
140200, 1125153, 1, 0, 0
140300, 1015598, 1, 0, 0
140400, 1060199, 1, 0, 0
140500, 1051576, 1, 0, 0
140600, 1024017, 1, 0, 0
140700, 1043167, 1, 0, 0
140801, 1034486, 1, 0, 0
140900, 1018326, 1, 0, 0
141001, 1095638, 1, 0, 0
141101, 1038446, 1, 0, 0
141200, 1078560, 1, 0, 0
141300, 1065523, 1, 0, 0
141400, 1125284, 1, 0, 0
141501, 1074259, 1, 0, 0
141600, 1065496, 1, 0, 0
141700, 1085042, 1, 0, 0
141800, 1048427, 1, 0, 0
141900, 1046645, 1, 0, 0
142001, 1091838, 1, 0, 0
142100, 1098813, 1, 0, 0
142201, 1065779, 1, 0, 0
142300, 1040449, 1, 0, 0
142400, 1050845, 1, 0, 0
142500, 1046333, 1, 0, 0
142600, 1008428, 1, 0, 0
142700, 1038529, 1, 0, 0
142800, 1086785, 1, 0, 0
142900, 1112043, 1, 0, 0
143000, 1079416, 1, 0, 0
143100, 1055657, 1, 0, 0
143200, 1053035, 1, 0, 0
143300, 1022764, 1, 0, 0
143400, 1034369, 1, 0, 0
143500, 1045119, 1, 0, 0
143600, 1063314, 1, 0, 0
143700, 1034566, 1, 0, 0
143800, 1073656, 1, 0, 0
143900, 1069298, 1, 0, 0
144000, 1060440, 1, 0, 0
144100, 1107665, 1, 0, 0
144200, 1025159, 1, 0, 0
144300, 1057572, 1, 0, 0
144400, 1042327, 1, 0, 0
144500, 1082684, 1, 0, 0
144600, 1112140, 1, 0, 0
144700, 1018218, 1, 0, 0
144800, 1078335, 1, 0, 0
144901, 1088045, 1, 0, 0
145000, 1066046, 1, 0, 0
145100, 1094881, 1, 0, 0
145200, 1033261, 1, 0, 0
145300, 1028924, 1, 0, 0
145400, 1084419, 1, 0, 0
145500, 1019951, 1, 0, 0
145600, 1035386, 1, 0, 0
145700, 1043357, 1, 0, 0
145800, 1108690, 1, 0, 0
145900, 1050815, 1, 0, 0
146000, 1093937, 1, 0, 0
146100, 1059465, 1, 0, 0
146200, 1027969, 1, 0, 0
146300, 1103327, 1, 0, 0
146400, 1062601, 1, 0, 0
146500, 1156859, 1, 0, 0
146600, 1082183, 1, 0, 0
146700, 1058700, 1, 0, 0
146800, 1080974, 1, 0, 0
146900, 1069618, 1, 0, 0
147000, 1023991, 1, 0, 0
147100, 1013011, 1, 0, 0
147200, 1068431, 1, 0, 0
147300, 1054405, 1, 0, 0
147400, 1138295, 1, 0, 0
147500, 1114412, 1, 0, 0
147600, 1043184, 1, 0, 0
147700, 1038389, 1, 0, 0
147800, 1072126, 1, 0, 0
147900, 1067497, 1, 0, 0
148001, 1077941, 1, 0, 0
148100, 1093546, 1, 0, 0
148200, 1078836, 1, 0, 0
148300, 1095766, 1, 0, 0
148400, 1048215, 1, 0, 0
148500, 1032803, 1, 0, 0
148600, 1070030, 1, 0, 0
148700, 1040542, 1, 0, 0
148800, 1030894, 1, 0, 0
148900, 1099068, 1, 0, 0
149000, 1069776, 1, 0, 0
149100, 1089453, 1, 0, 0
149200, 1043781, 1, 0, 0
149300, 1091206, 1, 0, 0
149400, 1047796, 1, 0, 0
149501, 1036297, 1, 0, 0
149600, 1033854, 1, 0, 0
149700, 1088022, 1, 0, 0
149800, 1027040, 1, 0, 0
149900, 1039757, 1, 0, 0
150000, 996868, 1, 0, 0
150100, 1043492, 1, 0, 0
150200, 981940, 1, 0, 0
150300, 1038476, 1, 0, 0
150400, 1031623, 1, 0, 0
150500, 1065235, 1, 0, 0
150600, 1046297, 1, 0, 0
150700, 1003307, 1, 0, 0
150800, 1075604, 1, 0, 0
150901, 1070611, 1, 0, 0
151000, 1029704, 1, 0, 0
151100, 1080161, 1, 0, 0
151200, 1083949, 1, 0, 0
151300, 1078132, 1, 0, 0
151400, 1049088, 1, 0, 0
151500, 1067894, 1, 0, 0
151600, 1027848, 1, 0, 0
151700, 1077027, 1, 0, 0
151800, 1035199, 1, 0, 0
151900, 1078892, 1, 0, 0
152000, 1083671, 1, 0, 0
152100, 1040643, 1, 0, 0
152200, 1035525, 1, 0, 0
152300, 1097633, 1, 0, 0
152400, 1023400, 1, 0, 0
152500, 1032547, 1, 0, 0
152600, 1067428, 1, 0, 0
152700, 1028676, 1, 0, 0
152800, 1015650, 1, 0, 0
152900, 1036748, 1, 0, 0
153000, 1074102, 1, 0, 0
153100, 1060100, 1, 0, 0
153201, 1020611, 1, 0, 0
153300, 1047369, 1, 0, 0
153400, 1049270, 1, 0, 0
153500, 1082606, 1, 0, 0
153600, 1069222, 1, 0, 0
153700, 1034374, 1, 0, 0
153800, 1103888, 1, 0, 0
153900, 994376, 1, 0, 0
154000, 1035599, 1, 0, 0
154100, 1109851, 1, 0, 0
154200, 1081638, 1, 0, 0
154300, 1053537, 1, 0, 0
154400, 1073572, 1, 0, 0
154500, 1075406, 1, 0, 0
154600, 1070292, 1, 0, 0
154700, 1060946, 1, 0, 0
154800, 1063487, 1, 0, 0
154900, 1063475, 1, 0, 0
155000, 1035521, 1, 0, 0
155100, 1012586, 1, 0, 0
155200, 1093128, 1, 0, 0
155300, 1057456, 1, 0, 0
155400, 1102036, 1, 0, 0
155501, 1108329, 1, 0, 0
155600, 1097367, 1, 0, 0
155700, 1038686, 1, 0, 0
155800, 1033928, 1, 0, 0
155900, 1010306, 1, 0, 0
156000, 1072085, 1, 0, 0
156100, 1019771, 1, 0, 0
156200, 1051376, 1, 0, 0
156300, 1065573, 1, 0, 0
156400, 1008479, 1, 0, 0
156500, 1061387, 1, 0, 0
156600, 1062452, 1, 0, 0
156701, 1049304, 1, 0, 0
156800, 1040745, 1, 0, 0
156900, 1119530, 1, 0, 0
157000, 1032466, 1, 0, 0
157100, 1064758, 1, 0, 0
157200, 1068476, 1, 0, 0
157300, 1104617, 1, 0, 0
157400, 1037410, 1, 0, 0
157501, 1012764, 1, 0, 0
157600, 1020548, 1, 0, 0
157700, 1083130, 1, 0, 0
157801, 1039643, 1, 0, 0
157900, 1053115, 1, 0, 0
158001, 1067931, 1, 0, 0
158100, 1046394, 1, 0, 0
158200, 1057719, 1, 0, 0
158300, 1080421, 1, 0, 0
158400, 1054938, 1, 0, 0
158500, 1057277, 1, 0, 0
158601, 1052310, 1, 0, 0
158700, 1085494, 1, 0, 0
158800, 1065459, 1, 0, 0
158900, 1086110, 1, 0, 0
159000, 1086769, 1, 0, 0
159100, 1045446, 1, 0, 0
159200, 1063020, 1, 0, 0
159300, 1061745, 1, 0, 0
159401, 1072183, 1, 0, 0
159500, 1066828, 1, 0, 0
159600, 1036043, 1, 0, 0
159700, 1039342, 1, 0, 0
159800, 1018444, 1, 0, 0
159900, 1119696, 1, 0, 0
160001, 1072104, 1, 0, 0
160101, 1057112, 1, 0, 0
160200, 1089968, 1, 0, 0
160300, 1114794, 1, 0, 0
160400, 1077069, 1, 0, 0
160500, 1101142, 1, 0, 0
160600, 1088596, 1, 0, 0
160700, 1105170, 1, 0, 0
160800, 1049527, 1, 0, 0
160900, 1081364, 1, 0, 0
161000, 1041664, 1, 0, 0
161100, 1096748, 1, 0, 0
161200, 1032036, 1, 0, 0
161300, 1040941, 1, 0, 0
161401, 1092559, 1, 0, 0
161500, 1061055, 1, 0, 0
161600, 1127000, 1, 0, 0
161700, 1089070, 1, 0, 0
161800, 1060435, 1, 0, 0
161900, 1064487, 1, 0, 0
162001, 1122241, 1, 0, 0
162100, 1072045, 1, 0, 0
162200, 1084515, 1, 0, 0
162300, 1042365, 1, 0, 0
162400, 1026526, 1, 0, 0
162500, 1108775, 1, 0, 0
162600, 1060298, 1, 0, 0
162700, 1044789, 1, 0, 0
162800, 1121999, 1, 0, 0
162900, 1053414, 1, 0, 0
163000, 1037757, 1, 0, 0
163100, 1031139, 1, 0, 0
163200, 1070614, 1, 0, 0
163300, 1037693, 1, 0, 0
163400, 1076394, 1, 0, 0
163500, 1053407, 1, 0, 0
163600, 1037740, 1, 0, 0
163700, 1071554, 1, 0, 0
163800, 1037856, 1, 0, 0
163900, 1066186, 1, 0, 0
164000, 1079981, 1, 0, 0
164100, 999733, 1, 0, 0
164200, 1036247, 1, 0, 0
164300, 1052513, 1, 0, 0
164400, 1051317, 1, 0, 0
164500, 1021626, 1, 0, 0
164600, 1085221, 1, 0, 0
164700, 1025890, 1, 0, 0
164800, 1064330, 1, 0, 0
164900, 1086319, 1, 0, 0
165000, 1059525, 1, 0, 0
165100, 1006650, 1, 0, 0
165200, 1018281, 1, 0, 0
165300, 999828, 1, 0, 0
165400, 1064335, 1, 0, 0
165501, 1056239, 1, 0, 0
165601, 1095185, 1, 0, 0
165700, 1065177, 1, 0, 0
165800, 1136149, 1, 0, 0
165900, 1035605, 1, 0, 0
166001, 1063978, 1, 0, 0
166100, 1070510, 1, 0, 0
166200, 1085479, 1, 0, 0
166300, 1038879, 1, 0, 0
166400, 1048760, 1, 0, 0
166500, 1088302, 1, 0, 0
166600, 1037020, 1, 0, 0
166701, 1030306, 1, 0, 0
166800, 1134737, 1, 0, 0
166900, 1035130, 1, 0, 0
167000, 1047906, 1, 0, 0
167100, 1051091, 1, 0, 0
167200, 1103597, 1, 0, 0
167300, 1063649, 1, 0, 0
167400, 1030604, 1, 0, 0
167501, 1034602, 1, 0, 0
167600, 1051290, 1, 0, 0
167700, 1031818, 1, 0, 0
167800, 1077038, 1, 0, 0
167900, 1095821, 1, 0, 0
168001, 1101676, 1, 0, 0
168101, 1100274, 1, 0, 0
168200, 1064536, 1, 0, 0
168300, 1008702, 1, 0, 0
168400, 1025571, 1, 0, 0
168500, 1049215, 1, 0, 0
168600, 1055632, 1, 0, 0
168700, 1049999, 1, 0, 0
168800, 1058856, 1, 0, 0
168901, 1070067, 1, 0, 0
169000, 1066693, 1, 0, 0
169100, 1067449, 1, 0, 0
169200, 1025177, 1, 0, 0
169300, 1054998, 1, 0, 0
169400, 1015067, 1, 0, 0
169500, 988053, 1, 0, 0
169600, 983282, 1, 0, 0
169700, 1029755, 1, 0, 0
169800, 985121, 1, 0, 0
169900, 1036380, 1, 0, 0
170000, 1097745, 1, 0, 0
170100, 1054791, 1, 0, 0
170200, 1100467, 1, 0, 0
170300, 1031369, 1, 0, 0
170400, 1034944, 1, 0, 0
170500, 1060839, 1, 0, 0
170600, 1016830, 1, 0, 0
170700, 1051645, 1, 0, 0
170800, 1024660, 1, 0, 0
170900, 1043042, 1, 0, 0
171000, 1036378, 1, 0, 0
171100, 1000424, 1, 0, 0
171200, 1020206, 1, 0, 0
171300, 1015591, 1, 0, 0
171400, 1042226, 1, 0, 0
171500, 1099872, 1, 0, 0
171601, 1098080, 1, 0, 0
171700, 1041220, 1, 0, 0
171800, 1094833, 1, 0, 0
171900, 1069297, 1, 0, 0
172000, 1039492, 1, 0, 0
172100, 1041978, 1, 0, 0
172200, 1056581, 1, 0, 0
172300, 1072914, 1, 0, 0
172400, 1054885, 1, 0, 0
172500, 1032831, 1, 0, 0
172601, 1089893, 1, 0, 0
172700, 1035682, 1, 0, 0
172800, 1049055, 1, 0, 0
172900, 1055822, 1, 0, 0
173000, 1092681, 1, 0, 0
173100, 1058221, 1, 0, 0
173200, 1098189, 1, 0, 0
173300, 1039861, 1, 0, 0
173400, 1082657, 1, 0, 0
173500, 1009438, 1, 0, 0
173600, 1026808, 1, 0, 0
173701, 1005386, 1, 0, 0
173800, 1032211, 1, 0, 0
173900, 1047117, 1, 0, 0
174000, 1042101, 1, 0, 0
174100, 1028439, 1, 0, 0
174200, 1083078, 1, 0, 0
174300, 1011391, 1, 0, 0
174402, 1036552, 1, 0, 0
174500, 1078450, 1, 0, 0
174600, 1030734, 1, 0, 0
174700, 1109714, 1, 0, 0
174802, 1077711, 1, 0, 0
174900, 1002558, 1, 0, 0
175000, 1020987, 1, 0, 0
175100, 1046565, 1, 0, 0
175200, 1070522, 1, 0, 0
175300, 1031331, 1, 0, 0
175400, 1050584, 1, 0, 0
175500, 1008901, 1, 0, 0
175600, 1031883, 1, 0, 0
175700, 1043423, 1, 0, 0
175800, 1047380, 1, 0, 0
175900, 1080476, 1, 0, 0
176000, 1046150, 1, 0, 0
176100, 1021031, 1, 0, 0
176200, 1063657, 1, 0, 0
176301, 1065115, 1, 0, 0
176400, 1035726, 1, 0, 0
176500, 1071551, 1, 0, 0
176600, 1023368, 1, 0, 0
176700, 1045241, 1, 0, 0
176800, 1048507, 1, 0, 0
176900, 1011693, 1, 0, 0
177000, 1006033, 1, 0, 0
177100, 1028420, 1, 0, 0
177200, 1009238, 1, 0, 0
177300, 1048873, 1, 0, 0
177400, 1032431, 1, 0, 0
177500, 1014907, 1, 0, 0
177600, 1067374, 1, 0, 0
177700, 1059855, 1, 0, 0
177800, 1059560, 1, 0, 0
177900, 1064896, 1, 0, 0
178000, 1015978, 1, 0, 0
178100, 1068554, 1, 0, 0
178200, 1026672, 1, 0, 0
178300, 1087901, 1, 0, 0
178400, 1031063, 1, 0, 0
178500, 1020819, 1, 0, 0
178600, 1067579, 1, 0, 0
178700, 1084886, 1, 0, 0
178800, 1015542, 1, 0, 0
178900, 1092691, 1, 0, 0
179000, 1034777, 1, 0, 0
179100, 1018607, 1, 0, 0
179200, 1063463, 1, 0, 0
179300, 1040873, 1, 0, 0
179400, 1020904, 1, 0, 0
179500, 1029576, 1, 0, 0
179601, 1066024, 1, 0, 0
179700, 1009560, 1, 0, 0
179800, 1005928, 1, 0, 0
179900, 1012543, 1, 0, 0
180000, 1015704, 1, 0, 0
180100, 1014187, 1, 0, 0
180200, 1017400, 1, 0, 0
180300, 1015249, 1, 0, 0
180400, 1063624, 1, 0, 0
180501, 1068334, 1, 0, 0
180600, 1029134, 1, 0, 0
180700, 1049961, 1, 0, 0
180800, 1028319, 1, 0, 0
180900, 1052925, 1, 0, 0
181000, 1009654, 1, 0, 0
181100, 1046458, 1, 0, 0
181200, 1036360, 1, 0, 0
181300, 1090049, 1, 0, 0
181400, 1056885, 1, 0, 0
181500, 1029808, 1, 0, 0
181600, 1020201, 1, 0, 0
181700, 1056443, 1, 0, 0
181801, 1015762, 1, 0, 0
181900, 1060809, 1, 0, 0
182000, 1036766, 1, 0, 0
182100, 1047921, 1, 0, 0
182200, 1071086, 1, 0, 0
182300, 1035472, 1, 0, 0
182400, 1011402, 1, 0, 0
182500, 1082970, 1, 0, 0
182600, 1049942, 1, 0, 0
182700, 1008371, 1, 0, 0
182800, 1093136, 1, 0, 0
182901, 991975, 1, 0, 0
183000, 1020475, 1, 0, 0
183100, 1000888, 1, 0, 0
183201, 1010243, 1, 0, 0
183301, 1085268, 1, 0, 0
183400, 1076026, 1, 0, 0
183502, 1027077, 1, 0, 0
183600, 1057712, 1, 0, 0
183700, 1035713, 1, 0, 0
183800, 1009011, 1, 0, 0
183900, 990003, 1, 0, 0
184000, 1024157, 1, 0, 0
184100, 1034810, 1, 0, 0
184200, 1003955, 1, 0, 0
184300, 1028972, 1, 0, 0
184400, 1070591, 1, 0, 0
184500, 1057769, 1, 0, 0
184600, 1084426, 1, 0, 0
184700, 1049645, 1, 0, 0
184800, 1084534, 1, 0, 0
184900, 1067348, 1, 0, 0
185001, 1000210, 1, 0, 0
185100, 1067288, 1, 0, 0
185200, 1094196, 1, 0, 0
185300, 1027678, 1, 0, 0
185400, 1061681, 1, 0, 0
185500, 1053534, 1, 0, 0
185600, 1005315, 1, 0, 0
185700, 1036034, 1, 0, 0
185800, 1016451, 1, 0, 0
185900, 1027691, 1, 0, 0
186000, 1039600, 1, 0, 0
186100, 1019458, 1, 0, 0
186200, 1032536, 1, 0, 0
186301, 1020727, 1, 0, 0
186400, 986471, 1, 0, 0
186500, 1049508, 1, 0, 0
186601, 997398, 1, 0, 0
186701, 1098328, 1, 0, 0
186800, 1043627, 1, 0, 0
186900, 1020394, 1, 0, 0
187000, 1039022, 1, 0, 0
187101, 1026229, 1, 0, 0
187200, 1042953, 1, 0, 0
187300, 1006574, 1, 0, 0
187400, 1026605, 1, 0, 0
187500, 1028594, 1, 0, 0
187600, 1042616, 1, 0, 0
187700, 1027746, 1, 0, 0
187800, 1086949, 1, 0, 0
187900, 1021291, 1, 0, 0
188000, 1041382, 1, 0, 0
188100, 992146, 1, 0, 0
188200, 1098775, 1, 0, 0
188300, 1065767, 1, 0, 0
188400, 1042458, 1, 0, 0
188500, 1104924, 1, 0, 0
188600, 1010623, 1, 0, 0
188700, 1048400, 1, 0, 0
188800, 1020205, 1, 0, 0
188900, 1045434, 1, 0, 0
189000, 1056588, 1, 0, 0
189100, 1049353, 1, 0, 0
189200, 1020602, 1, 0, 0
189300, 1008181, 1, 0, 0
189400, 1050764, 1, 0, 0
189500, 1080115, 1, 0, 0
189600, 1061201, 1, 0, 0
189700, 1067754, 1, 0, 0
189800, 1018120, 1, 0, 0
189900, 1085698, 1, 0, 0
190000, 1022898, 1, 0, 0
190100, 1030620, 1, 0, 0
190200, 1003641, 1, 0, 0
190301, 1012061, 1, 0, 0
190400, 1049808, 1, 0, 0
190500, 1016322, 1, 0, 0
190600, 1030439, 1, 0, 0
190700, 1014860, 1, 0, 0
190800, 1033535, 1, 0, 0
190900, 1043638, 1, 0, 0
191000, 1038909, 1, 0, 0
191100, 1036088, 1, 0, 0
191201, 1017817, 1, 0, 0
191300, 1039380, 1, 0, 0
191400, 1037292, 1, 0, 0
191500, 1022820, 1, 0, 0
191600, 1041483, 1, 0, 0
191700, 1093853, 1, 0, 0
191800, 1047568, 1, 0, 0
191900, 989791, 1, 0, 0
192000, 1035719, 1, 0, 0
192100, 1031090, 1, 0, 0
192200, 1037111, 1, 0, 0
192300, 1073873, 1, 0, 0
192400, 996328, 1, 0, 0
192500, 989863, 1, 0, 0
192600, 1037945, 1, 0, 0
192700, 1027884, 1, 0, 0
192800, 1035414, 1, 0, 0
192900, 1054018, 1, 0, 0
193000, 1050729, 1, 0, 0
193101, 1051156, 1, 0, 0
193200, 1057162, 1, 0, 0
193300, 1011629, 1, 0, 0
193400, 1036028, 1, 0, 0
193500, 1021565, 1, 0, 0
193600, 1044314, 1, 0, 0
193700, 1015036, 1, 0, 0
193801, 1048253, 1, 0, 0
193900, 1033176, 1, 0, 0
194000, 1001385, 1, 0, 0
194100, 1029456, 1, 0, 0
194200, 1028158, 1, 0, 0
194300, 1057132, 1, 0, 0
194400, 1036871, 1, 0, 0
194500, 1004230, 1, 0, 0
194600, 1004353, 1, 0, 0
194700, 1047522, 1, 0, 0
194800, 1051380, 1, 0, 0
194900, 1061542, 1, 0, 0
195000, 1074794, 1, 0, 0
195100, 1005624, 1, 0, 0
195200, 1088240, 1, 0, 0
195300, 998759, 1, 0, 0
195400, 1056634, 1, 0, 0
195501, 1026620, 1, 0, 0
195601, 1040109, 1, 0, 0
195700, 1039375, 1, 0, 0
195800, 1021256, 1, 0, 0
195900, 1050209, 1, 0, 0
196000, 1071385, 1, 0, 0
196100, 1117436, 1, 0, 0
196200, 1066840, 1, 0, 0
196300, 1074941, 1, 0, 0
196400, 1049095, 1, 0, 0
196500, 1047621, 1, 0, 0
196600, 1056852, 1, 0, 0
196700, 1010865, 1, 0, 0
196800, 1038649, 1, 0, 0
196900, 984941, 1, 0, 0
197000, 1028290, 1, 0, 0
197100, 996837, 1, 0, 0
197200, 1027287, 1, 0, 0
197300, 1013402, 1, 0, 0
197400, 1014542, 1, 0, 0
197500, 1007639, 1, 0, 0
197600, 1089789, 1, 0, 0
197700, 1086476, 1, 0, 0
197800, 1048973, 1, 0, 0
197900, 1038596, 1, 0, 0
198000, 1069028, 1, 0, 0
198101, 1037429, 1, 0, 0
198200, 1033702, 1, 0, 0
198300, 1056407, 1, 0, 0
198400, 1030199, 1, 0, 0
198500, 1013855, 1, 0, 0
198600, 989183, 1, 0, 0
198700, 1070404, 1, 0, 0
198800, 1007279, 1, 0, 0
198900, 1031780, 1, 0, 0
199000, 1056979, 1, 0, 0
199100, 1025533, 1, 0, 0
199200, 980242, 1, 0, 0
199301, 1075390, 1, 0, 0
199400, 1029785, 1, 0, 0
199500, 1142516, 1, 0, 0
199600, 1081669, 1, 0, 0
199701, 1051521, 1, 0, 0
199800, 1052448, 1, 0, 0
199900, 1077664, 1, 0, 0
200000, 967845, 1, 0, 0
200101, 1014460, 1, 0, 0
200200, 988020, 1, 0, 0
200301, 1019081, 1, 0, 0
200400, 1073098, 1, 0, 0
200500, 1005863, 1, 0, 0
200600, 1021158, 1, 0, 0
200700, 997925, 1, 0, 0
200800, 985117, 1, 0, 0
200900, 977077, 1, 0, 0
201000, 968449, 1, 0, 0
201100, 1084061, 1, 0, 0
201200, 1007677, 1, 0, 0
201300, 1004565, 1, 0, 0
201400, 973093, 1, 0, 0
201500, 998453, 1, 0, 0
201600, 1108438, 1, 0, 0
201700, 1045719, 1, 0, 0
201800, 1055634, 1, 0, 0
201900, 1019519, 1, 0, 0
202000, 1047826, 1, 0, 0
202100, 1030700, 1, 0, 0
202200, 1052862, 1, 0, 0
202300, 1045379, 1, 0, 0
202400, 1020796, 1, 0, 0
202500, 1083897, 1, 0, 0
202600, 1057914, 1, 0, 0
202700, 1179319, 1, 0, 0
202800, 1007701, 1, 0, 0
202900, 1029754, 1, 0, 0
203000, 1012123, 1, 0, 0
203100, 981047, 1, 0, 0
203200, 1074551, 1, 0, 0
203301, 994464, 1, 0, 0
203400, 970371, 1, 0, 0
203500, 1045515, 1, 0, 0
203600, 1070342, 1, 0, 0
203700, 1010291, 1, 0, 0
203800, 1007473, 1, 0, 0
203900, 1032873, 1, 0, 0
204000, 1020682, 1, 0, 0
204100, 1036966, 1, 0, 0
204200, 967362, 1, 0, 0
204300, 996641, 1, 0, 0
204400, 1070695, 1, 0, 0
204500, 995836, 1, 0, 0
204600, 1027219, 1, 0, 0
204700, 1020556, 1, 0, 0
204800, 1078208, 1, 0, 0
204900, 1102430, 1, 0, 0
205000, 1019774, 1, 0, 0
205100, 1018077, 1, 0, 0
205200, 1053953, 1, 0, 0
205300, 1017635, 1, 0, 0
205400, 1039471, 1, 0, 0
205500, 970607, 1, 0, 0
205600, 992112, 1, 0, 0
205700, 1069646, 1, 0, 0
205800, 1055683, 1, 0, 0
205900, 1016624, 1, 0, 0
206000, 1017445, 1, 0, 0
206100, 971296, 1, 0, 0
206200, 1102346, 1, 0, 0
206300, 970879, 1, 0, 0
206401, 1052065, 1, 0, 0
206500, 1067436, 1, 0, 0
206600, 1055357, 1, 0, 0
206701, 1038771, 1, 0, 0
206800, 1018539, 1, 0, 0
206900, 1029896, 1, 0, 0
207000, 1027908, 1, 0, 0
207101, 1060300, 1, 0, 0
207200, 1053649, 1, 0, 0
207300, 1032479, 1, 0, 0
207400, 1079511, 1, 0, 0
207500, 1029472, 1, 0, 0
207600, 1062396, 1, 0, 0
207700, 1023837, 1, 0, 0
207800, 1085679, 1, 0, 0
207900, 1033237, 1, 0, 0
208000, 1051789, 1, 0, 0
208100, 1038150, 1, 0, 0
208200, 1065480, 1, 0, 0
208300, 1095938, 1, 0, 0
208400, 1076592, 1, 0, 0
208500, 1045620, 1, 0, 0
208600, 981696, 1, 0, 0
208700, 1009839, 1, 0, 0
208800, 1027284, 1, 0, 0
208900, 1015524, 1, 0, 0
209000, 1012245, 1, 0, 0
209100, 1077049, 1, 0, 0
209200, 1016820, 1, 0, 0
209300, 1018557, 1, 0, 0
209400, 1000435, 1, 0, 0
209500, 1053543, 1, 0, 0
209600, 1023948, 1, 0, 0
209700, 1061363, 1, 0, 0
209800, 1071700, 1, 0, 0
209900, 1100248, 1, 0, 0
210000, 1085749, 1, 0, 0
210100, 1054128, 1, 0, 0
210200, 1052506, 1, 0, 0
210300, 1050518, 1, 0, 0
210400, 1008122, 1, 0, 0
210500, 1015433, 1, 0, 0
210600, 1019223, 1, 0, 0
210700, 1081685, 1, 0, 0
210800, 1061086, 1, 0, 0
210900, 1053115, 1, 0, 0
211000, 1030403, 1, 0, 0
211100, 1102351, 1, 0, 0
211200, 1070890, 1, 0, 0
211300, 1003421, 1, 0, 0
211400, 1034077, 1, 0, 0
211500, 1035673, 1, 0, 0
211600, 1082999, 1, 0, 0
211700, 1013286, 1, 0, 0
211800, 1068029, 1, 0, 0
211901, 1036962, 1, 0, 0
212000, 1064988, 1, 0, 0
212100, 1009434, 1, 0, 0
212201, 1058206, 1, 0, 0
212301, 1109339, 1, 0, 0
212400, 1034463, 1, 0, 0
212500, 1072701, 1, 0, 0
212601, 1078185, 1, 0, 0
212700, 1056537, 1, 0, 0
212800, 1078710, 1, 0, 0
212901, 1054028, 1, 0, 0
213001, 1024820, 1, 0, 0
213100, 1056032, 1, 0, 0
213200, 1058201, 1, 0, 0
213300, 1057428, 1, 0, 0
213400, 1066219, 1, 0, 0
213500, 1042039, 1, 0, 0
213600, 1037810, 1, 0, 0
213700, 1077497, 1, 0, 0
213800, 1047775, 1, 0, 0
213900, 1082833, 1, 0, 0
214000, 1088766, 1, 0, 0
214100, 1080616, 1, 0, 0
214200, 1081018, 1, 0, 0
214300, 1056425, 1, 0, 0
214400, 1028511, 1, 0, 0
214501, 1025798, 1, 0, 0
214600, 1045545, 1, 0, 0
214700, 1045268, 1, 0, 0
214801, 1084180, 1, 0, 0
214900, 1081694, 1, 0, 0
215000, 1048013, 1, 0, 0
215101, 1082019, 1, 0, 0
215201, 1014980, 1, 0, 0
215300, 1072846, 1, 0, 0
215400, 1082957, 1, 0, 0
215501, 1065741, 1, 0, 0
215600, 1049865, 1, 0, 0
215700, 1068163, 1, 0, 0
215800, 1079125, 1, 0, 0
215900, 1085047, 1, 0, 0
216000, 1039040, 1, 0, 0
216100, 1086990, 1, 0, 0
216200, 1077685, 1, 0, 0
216300, 1080656, 1, 0, 0
216401, 1116945, 1, 0, 0
216500, 1047189, 1, 0, 0
216600, 1039099, 1, 0, 0
216700, 1107640, 1, 0, 0
216800, 1043517, 1, 0, 0
216900, 1081307, 1, 0, 0
217000, 973215, 1, 0, 0
217100, 1000309, 1, 0, 0
217200, 1049268, 1, 0, 0
217300, 1031488, 1, 0, 0
217400, 1046939, 1, 0, 0
217500, 1106697, 1, 0, 0
217600, 1021172, 1, 0, 0
217700, 1021982, 1, 0, 0
217801, 1032359, 1, 0, 0
217900, 1022454, 1, 0, 0
218000, 1040815, 1, 0, 0
218100, 1071498, 1, 0, 0
218200, 1097028, 1, 0, 0
218300, 1054362, 1, 0, 0
218400, 1080028, 1, 0, 0
218500, 1072504, 1, 0, 0
218600, 1040918, 1, 0, 0
218700, 1000070, 1, 0, 0
218800, 1022886, 1, 0, 0
218900, 1084380, 1, 0, 0
219000, 1020569, 1, 0, 0
219100, 1010517, 1, 0, 0
219200, 1041461, 1, 0, 0
219300, 1028823, 1, 0, 0
219400, 1040490, 1, 0, 0
219500, 1027501, 1, 0, 0
219600, 1013938, 1, 0, 0
219700, 995330, 1, 0, 0
219800, 1069603, 1, 0, 0
219900, 1024123, 1, 0, 0
220000, 1042882, 1, 0, 0
220100, 997029, 1, 0, 0
220200, 1110558, 1, 0, 0
220300, 1106551, 1, 0, 0
220401, 997474, 1, 0, 0
220500, 1033875, 1, 0, 0
220600, 1069087, 1, 0, 0
220700, 1038916, 1, 0, 0
220800, 1007556, 1, 0, 0
220900, 1038953, 1, 0, 0
221000, 1037444, 1, 0, 0
221100, 1050373, 1, 0, 0
221200, 1067409, 1, 0, 0
221300, 1007226, 1, 0, 0
221400, 1062476, 1, 0, 0
221500, 1026112, 1, 0, 0
221600, 1042580, 1, 0, 0
221700, 998668, 1, 0, 0
221800, 1078851, 1, 0, 0
221900, 1020835, 1, 0, 0
222000, 1003093, 1, 0, 0
222100, 1070094, 1, 0, 0
222200, 1004257, 1, 0, 0
222300, 1051123, 1, 0, 0
222400, 1002109, 1, 0, 0
222500, 997531, 1, 0, 0
222600, 988311, 1, 0, 0
222700, 998297, 1, 0, 0
222800, 1040654, 1, 0, 0
222900, 1041618, 1, 0, 0
223000, 1024294, 1, 0, 0
223101, 999803, 1, 0, 0
223200, 1013867, 1, 0, 0
223300, 1081336, 1, 0, 0
223401, 1067807, 1, 0, 0
223500, 994054, 1, 0, 0
223600, 1032847, 1, 0, 0
223700, 1042898, 1, 0, 0
223800, 1038428, 1, 0, 0
223900, 1026071, 1, 0, 0
224000, 1011282, 1, 0, 0
224101, 1025042, 1, 0, 0
224200, 1052522, 1, 0, 0
224300, 1057017, 1, 0, 0
224400, 1108625, 1, 0, 0
224500, 1018743, 1, 0, 0
224600, 1016482, 1, 0, 0
224700, 984603, 1, 0, 0
224800, 994526, 1, 0, 0
224900, 989494, 1, 0, 0
225000, 1000326, 1, 0, 0
225100, 1023598, 1, 0, 0
225200, 1059160, 1, 0, 0
225300, 1023604, 1, 0, 0
225400, 1031714, 1, 0, 0
225500, 1074005, 1, 0, 0
225600, 997140, 1, 0, 0
225700, 988998, 1, 0, 0
225800, 1028941, 1, 0, 0
225900, 1039218, 1, 0, 0
226000, 1022477, 1, 0, 0
226100, 1069842, 1, 0, 0
226200, 998480, 1, 0, 0
226300, 1059108, 1, 0, 0
226400, 1075292, 1, 0, 0
226500, 987745, 1, 0, 0
226600, 998968, 1, 0, 0
226700, 994450, 1, 0, 0
226800, 995873, 1, 0, 0
226900, 997142, 1, 0, 0
227001, 1036274, 1, 0, 0
227100, 1071062, 1, 0, 0
227200, 1052562, 1, 0, 0
227300, 1046113, 1, 0, 0
227400, 986468, 1, 0, 0
227500, 1015111, 1, 0, 0
227600, 1008607, 1, 0, 0
227700, 1073521, 1, 0, 0
227800, 1048605, 1, 0, 0
227900, 999096, 1, 0, 0
228000, 1014102, 1, 0, 0
228100, 1012202, 1, 0, 0
228200, 1045422, 1, 0, 0
228300, 1046495, 1, 0, 0
228400, 1078309, 1, 0, 0
228501, 1029082, 1, 0, 0
228600, 1003567, 1, 0, 0
228700, 1045050, 1, 0, 0
228800, 1050922, 1, 0, 0
228900, 1119335, 1, 0, 0
229000, 1050815, 1, 0, 0
229100, 1033738, 1, 0, 0
229201, 1022849, 1, 0, 0
229300, 1008496, 1, 0, 0
229400, 1033377, 1, 0, 0
229500, 1075453, 1, 0, 0
229600, 1038258, 1, 0, 0
229700, 1042575, 1, 0, 0
229801, 1051714, 1, 0, 0
229900, 1018679, 1, 0, 0
230000, 1056020, 1, 0, 0
230100, 1035100, 1, 0, 0
230200, 1072727, 1, 0, 0
230300, 1080389, 1, 0, 0
230400, 1072011, 1, 0, 0
230500, 1087287, 1, 0, 0
230600, 1127985, 1, 0, 0
230700, 1060869, 1, 0, 0
230800, 1044374, 1, 0, 0
230900, 1113814, 1, 0, 0
231000, 1084555, 1, 0, 0
231100, 1026157, 1, 0, 0
231200, 1010818, 1, 0, 0
231301, 1039599, 1, 0, 0
231400, 1043775, 1, 0, 0
231500, 1038550, 1, 0, 0
231600, 1074043, 1, 0, 0
231701, 1082527, 1, 0, 0
231800, 1057600, 1, 0, 0
231901, 999422, 1, 0, 0
232000, 1064737, 1, 0, 0
232100, 1009882, 1, 0, 0
232200, 1070983, 1, 0, 0
232300, 1095215, 1, 0, 0
232400, 1040885, 1, 0, 0
232500, 1003243, 1, 0, 0
232600, 1036475, 1, 0, 0
232700, 1045190, 1, 0, 0
232800, 1045301, 1, 0, 0
232900, 1048420, 1, 0, 0
233000, 1145871, 1, 0, 0
233100, 1076841, 1, 0, 0
233200, 1058174, 1, 0, 0
233300, 1023023, 1, 0, 0
233400, 1061245, 1, 0, 0
233500, 1045618, 1, 0, 0
233600, 1078416, 1, 0, 0
233700, 1073690, 1, 0, 0
233800, 1015407, 1, 0, 0
233900, 1068089, 1, 0, 0
234001, 1054432, 1, 0, 0
234100, 1067139, 1, 0, 0
234201, 1033243, 1, 0, 0
234300, 1014766, 1, 0, 0
234400, 1034814, 1, 0, 0
234500, 1044671, 1, 0, 0
234600, 1084259, 1, 0, 0
234701, 1095197, 1, 0, 0
234800, 1053352, 1, 0, 0
234900, 1050047, 1, 0, 0
235000, 1070835, 1, 0, 0
235100, 1025048, 1, 0, 0
235200, 1045610, 1, 0, 0
235300, 1047388, 1, 0, 0
235400, 1059194, 1, 0, 0
235500, 1071609, 1, 0, 0
235600, 1052869, 1, 0, 0
235700, 1011989, 1, 0, 0
235801, 1100785, 1, 0, 0
235900, 1054929, 1, 0, 0
236000, 1078140, 1, 0, 0
236100, 1005247, 1, 0, 0
236200, 1051843, 1, 0, 0
236300, 1002550, 1, 0, 0
236400, 1022428, 1, 0, 0
236500, 1070254, 1, 0, 0
236600, 1066078, 1, 0, 0
236700, 1063321, 1, 0, 0
236800, 1036809, 1, 0, 0
236900, 1028781, 1, 0, 0
237000, 1029713, 1, 0, 0
237100, 1034130, 1, 0, 0
237200, 1017531, 1, 0, 0
237300, 1016250, 1, 0, 0
237400, 997152, 1, 0, 0
237500, 1026071, 1, 0, 0
237600, 1038660, 1, 0, 0
237700, 1000318, 1, 0, 0
237800, 1013884, 1, 0, 0
237900, 994430, 1, 0, 0
238000, 1055605, 1, 0, 0
238100, 1030780, 1, 0, 0
238200, 1027350, 1, 0, 0
238300, 1022026, 1, 0, 0
238400, 986930, 1, 0, 0
238500, 1015733, 1, 0, 0
238600, 969836, 1, 0, 0
238700, 982957, 1, 0, 0
238800, 993365, 1, 0, 0
238900, 1017478, 1, 0, 0
239000, 998958, 1, 0, 0
239100, 1052415, 1, 0, 0
239200, 979300, 1, 0, 0
239301, 1024742, 1, 0, 0
239400, 1031340, 1, 0, 0
239500, 1065845, 1, 0, 0
239600, 1007385, 1, 0, 0
239700, 986001, 1, 0, 0
239800, 1033562, 1, 0, 0
239900, 1047943, 1, 0, 0
240000, 1091735, 1, 0, 0
240100, 1008823, 1, 0, 0
240200, 1006644, 1, 0, 0
240300, 1028119, 1, 0, 0
240400, 1062096, 1, 0, 0
240500, 1006528, 1, 0, 0
240600, 1014134, 1, 0, 0
240700, 1077808, 1, 0, 0
240800, 993950, 1, 0, 0
240901, 1044428, 1, 0, 0
241000, 1065322, 1, 0, 0
241100, 1093804, 1, 0, 0
241200, 1043563, 1, 0, 0
241301, 1046099, 1, 0, 0
241400, 1039210, 1, 0, 0
241500, 1021880, 1, 0, 0
241600, 1026540, 1, 0, 0
241700, 979348, 1, 0, 0
241800, 1011744, 1, 0, 0
241900, 993493, 1, 0, 0
242000, 1014321, 1, 0, 0
242100, 1029021, 1, 0, 0
242200, 996058, 1, 0, 0
242300, 1045701, 1, 0, 0
242400, 1018754, 1, 0, 0
242500, 1033177, 1, 0, 0
242600, 980039, 1, 0, 0
242700, 1029434, 1, 0, 0
242800, 1060454, 1, 0, 0
242900, 1035819, 1, 0, 0
243000, 1016013, 1, 0, 0
243100, 1036619, 1, 0, 0
243200, 1063005, 1, 0, 0
243300, 1038455, 1, 0, 0
243400, 1015886, 1, 0, 0
243500, 977185, 1, 0, 0
243600, 1074332, 1, 0, 0
243700, 1013358, 1, 0, 0
243800, 1059127, 1, 0, 0
243900, 1103045, 1, 0, 0
244000, 1058044, 1, 0, 0
244100, 1026037, 1, 0, 0
244200, 1033791, 1, 0, 0
244300, 1041521, 1, 0, 0
244400, 991928, 1, 0, 0
244500, 1058164, 1, 0, 0
244600, 1006096, 1, 0, 0
244700, 1049524, 1, 0, 0
244801, 1038237, 1, 0, 0
244900, 1102474, 1, 0, 0
245000, 1024602, 1, 0, 0
245100, 1087496, 1, 0, 0
245200, 1045092, 1, 0, 0
245300, 1042640, 1, 0, 0
245400, 1035136, 1, 0, 0
245501, 1002018, 1, 0, 0
245601, 1036359, 1, 0, 0
245700, 1038932, 1, 0, 0
245800, 1023456, 1, 0, 0
245900, 1034257, 1, 0, 0
246000, 980429, 1, 0, 0
246100, 1048277, 1, 0, 0
246200, 1031444, 1, 0, 0
246300, 1065566, 1, 0, 0
246400, 999453, 1, 0, 0
246500, 1010614, 1, 0, 0
246601, 1044641, 1, 0, 0
246700, 1073353, 1, 0, 0
246800, 1032900, 1, 0, 0
246900, 1052706, 1, 0, 0
247000, 1014078, 1, 0, 0
247100, 1000035, 1, 0, 0
247200, 1013305, 1, 0, 0
247300, 1030823, 1, 0, 0
247400, 1059084, 1, 0, 0
247501, 1045084, 1, 0, 0
247600, 1039228, 1, 0, 0
247700, 1090182, 1, 0, 0
247800, 1057510, 1, 0, 0
247900, 1016212, 1, 0, 0
248000, 1092558, 1, 0, 0
248100, 1137354, 1, 0, 0
248200, 1094695, 1, 0, 0
248300, 1041737, 1, 0, 0
248400, 1088408, 1, 0, 0
248501, 1083076, 1, 0, 0
248601, 1055828, 1, 0, 0
248700, 1077427, 1, 0, 0
248800, 1062118, 1, 0, 0
248900, 1047708, 1, 0, 0
249000, 1071066, 1, 0, 0
249100, 1026368, 1, 0, 0
249200, 1044879, 1, 0, 0
249301, 1034174, 1, 0, 0
249400, 1064902, 1, 0, 0
249500, 1042749, 1, 0, 0
249600, 1052519, 1, 0, 0
249701, 1069049, 1, 0, 0
249800, 1067992, 1, 0, 0
249900, 1048191, 1, 0, 0
250000, 1044520, 1, 0, 0
250100, 1020264, 1, 0, 0
250200, 1031157, 1, 0, 0
250300, 1059642, 1, 0, 0
250401, 1050998, 1, 0, 0
250500, 1064304, 1, 0, 0
250600, 1069901, 1, 0, 0
250700, 1014301, 1, 0, 0
250800, 1060707, 1, 0, 0
250902, 1066533, 1, 0, 0
251001, 1052016, 1, 0, 0
251101, 1027752, 1, 0, 0
251200, 1037389, 1, 0, 0
251301, 1010840, 1, 0, 0
251400, 1071088, 1, 0, 0
251500, 1068920, 1, 0, 0
251600, 1087873, 1, 0, 0
251700, 1018507, 1, 0, 0
251800, 1023884, 1, 0, 0
251900, 1075464, 1, 0, 0
252000, 1034502, 1, 0, 0
252100, 1086968, 1, 0, 0
252200, 1042409, 1, 0, 0
252300, 1028163, 1, 0, 0
252401, 1035547, 1, 0, 0
252500, 1045356, 1, 0, 0
252600, 1065953, 1, 0, 0
252700, 1043181, 1, 0, 0
252800, 1012191, 1, 0, 0
252900, 1011225, 1, 0, 0
253000, 1072782, 1, 0, 0
253100, 1119417, 1, 0, 0
253200, 1058245, 1, 0, 0
253300, 1065424, 1, 0, 0
253401, 1034179, 1, 0, 0
253500, 1088040, 1, 0, 0
253600, 1020721, 1, 0, 0
253700, 1029695, 1, 0, 0
253800, 1045550, 1, 0, 0
253900, 1053889, 1, 0, 0
254000, 1031314, 1, 0, 0
254100, 1104419, 1, 0, 0
254200, 1052536, 1, 0, 0
254300, 1058327, 1, 0, 0
254400, 1018776, 1, 0, 0
254500, 1065034, 1, 0, 0
254600, 1038958, 1, 0, 0
254700, 1023896, 1, 0, 0
254800, 1038437, 1, 0, 0
254900, 1054139, 1, 0, 0
255000, 1066499, 1, 0, 0
255100, 1041439, 1, 0, 0
255200, 1015007, 1, 0, 0
255300, 1059434, 1, 0, 0
255400, 1039181, 1, 0, 0
255500, 998491, 1, 0, 0
255600, 1079921, 1, 0, 0
255700, 1063688, 1, 0, 0
255800, 1023465, 1, 0, 0
255900, 1022169, 1, 0, 0
256000, 1024527, 1, 0, 0
256100, 1016132, 1, 0, 0
256200, 1024183, 1, 0, 0
256300, 1079680, 1, 0, 0
256400, 1060952, 1, 0, 0
256500, 1002086, 1, 0, 0
256600, 1035934, 1, 0, 0
256700, 1021303, 1, 0, 0
256800, 1040045, 1, 0, 0
256900, 1025007, 1, 0, 0
257000, 1030268, 1, 0, 0
257100, 1109254, 1, 0, 0
257200, 1066074, 1, 0, 0
257300, 1043041, 1, 0, 0
257400, 1075982, 1, 0, 0
257500, 1032787, 1, 0, 0
257600, 1049942, 1, 0, 0
257700, 1046519, 1, 0, 0
257800, 1025900, 1, 0, 0
257900, 1050837, 1, 0, 0
258000, 1009931, 1, 0, 0
258100, 1028935, 1, 0, 0
258200, 1080348, 1, 0, 0
258300, 1046279, 1, 0, 0
258400, 1053997, 1, 0, 0
258501, 1041590, 1, 0, 0
258600, 1027425, 1, 0, 0
258700, 963057, 1, 0, 0
258800, 1048681, 1, 0, 0
258900, 1003599, 1, 0, 0
259000, 1033841, 1, 0, 0
259100, 1006176, 1, 0, 0
259200, 1066345, 1, 0, 0
259300, 1065579, 1, 0, 0
259400, 1052388, 1, 0, 0
259500, 1008825, 1, 0, 0
259600, 993785, 1, 0, 0
259700, 1053278, 1, 0, 0
259800, 1068085, 1, 0, 0
259900, 1062758, 1, 0, 0
260000, 1051644, 1, 0, 0
260100, 1021638, 1, 0, 0
260200, 1026920, 1, 0, 0
260301, 1026269, 1, 0, 0
260401, 1070570, 1, 0, 0
260501, 1030484, 1, 0, 0
260600, 1039796, 1, 0, 0
260700, 1014388, 1, 0, 0
260800, 1024639, 1, 0, 0
260900, 1039244, 1, 0, 0
261000, 1005793, 1, 0, 0
261100, 1045495, 1, 0, 0
261200, 1020817, 1, 0, 0
261300, 997352, 1, 0, 0
261401, 1021645, 1, 0, 0
261500, 1046932, 1, 0, 0
261600, 1098316, 1, 0, 0
261701, 1010379, 1, 0, 0
261800, 1019892, 1, 0, 0
261900, 1027109, 1, 0, 0
262000, 1030069, 1, 0, 0
262100, 1028692, 1, 0, 0
262200, 1038656, 1, 0, 0
262300, 1074458, 1, 0, 0
262400, 1014181, 1, 0, 0
262500, 1006664, 1, 0, 0
262601, 1044941, 1, 0, 0
262700, 1065635, 1, 0, 0
262800, 1068148, 1, 0, 0
262900, 1063071, 1, 0, 0
263000, 1006610, 1, 0, 0
263100, 1009716, 1, 0, 0
263200, 1038871, 1, 0, 0
263300, 999342, 1, 0, 0
263400, 1060374, 1, 0, 0
263500, 1006613, 1, 0, 0
263600, 1024532, 1, 0, 0
263700, 1091943, 1, 0, 0
263800, 1056436, 1, 0, 0
263900, 1069589, 1, 0, 0
264000, 1062559, 1, 0, 0
264100, 1034283, 1, 0, 0
264200, 1056825, 1, 0, 0
264300, 1088834, 1, 0, 0
264400, 1050041, 1, 0, 0
264500, 1110091, 1, 0, 0
264600, 983599, 1, 0, 0
264700, 1084427, 1, 0, 0
264800, 1038636, 1, 0, 0
264900, 1010349, 1, 0, 0
265000, 1052757, 1, 0, 0
265100, 1023372, 1, 0, 0
265200, 1068093, 1, 0, 0
265300, 1080321, 1, 0, 0
265400, 1022533, 1, 0, 0
265500, 1039995, 1, 0, 0
265600, 1052748, 1, 0, 0
265700, 1017935, 1, 0, 0
265800, 1081310, 1, 0, 0
265900, 1107307, 1, 0, 0
266000, 1092050, 1, 0, 0
266101, 1080950, 1, 0, 0
266200, 1065038, 1, 0, 0
266301, 1062214, 1, 0, 0
266400, 1034548, 1, 0, 0
266500, 1064404, 1, 0, 0
266600, 996313, 1, 0, 0
266701, 1069296, 1, 0, 0
266800, 1135129, 1, 0, 0
266900, 1094575, 1, 0, 0
267000, 1068684, 1, 0, 0
267100, 1060786, 1, 0, 0
267200, 1065796, 1, 0, 0
267300, 1053763, 1, 0, 0
267401, 1098021, 1, 0, 0
267500, 1124570, 1, 0, 0
267600, 1040194, 1, 0, 0
267700, 1107067, 1, 0, 0
267800, 1171802, 1, 0, 0
267900, 1097272, 1, 0, 0
268000, 1076757, 1, 0, 0
268100, 1193754, 1, 0, 0
268200, 1040057, 1, 0, 0
268300, 1041304, 1, 0, 0
268400, 1059135, 1, 0, 0
268500, 1056311, 1, 0, 0
268600, 1052204, 1, 0, 0
268700, 1085473, 1, 0, 0
268800, 1077433, 1, 0, 0
268900, 1106017, 1, 0, 0
269000, 1056021, 1, 0, 0
269100, 1030483, 1, 0, 0
269200, 1065088, 1, 0, 0
269300, 1060571, 1, 0, 0
269400, 1029800, 1, 0, 0
269500, 1138336, 1, 0, 0
269600, 1039601, 1, 0, 0
269700, 1043393, 1, 0, 0
269800, 1029142, 1, 0, 0
269901, 1061155, 1, 0, 0
270000, 1048268, 1, 0, 0
270100, 1029065, 1, 0, 0
270200, 1028916, 1, 0, 0
270300, 1050533, 1, 0, 0
270400, 1028946, 1, 0, 0
270500, 1077015, 1, 0, 0
270600, 1059615, 1, 0, 0
270700, 1011198, 1, 0, 0
270800, 1047344, 1, 0, 0
270900, 1028848, 1, 0, 0
271000, 1084559, 1, 0, 0
271100, 1054964, 1, 0, 0
271200, 1041766, 1, 0, 0
271300, 1042315, 1, 0, 0
271400, 1021139, 1, 0, 0
271500, 1043465, 1, 0, 0
271600, 1008099, 1, 0, 0
271700, 1030854, 1, 0, 0
271800, 1057908, 1, 0, 0
271900, 1006798, 1, 0, 0
272000, 1037441, 1, 0, 0
272100, 1030501, 1, 0, 0
272200, 1081638, 1, 0, 0
272300, 1015571, 1, 0, 0
272400, 1120910, 1, 0, 0
272500, 1061343, 1, 0, 0
272600, 1054751, 1, 0, 0
272700, 1022785, 1, 0, 0
272800, 1022632, 1, 0, 0
272901, 1041477, 1, 0, 0
273000, 1035357, 1, 0, 0
273100, 1027507, 1, 0, 0
273200, 1045334, 1, 0, 0
273300, 1081905, 1, 0, 0
273400, 1030709, 1, 0, 0
273500, 1017535, 1, 0, 0
273600, 1093939, 1, 0, 0
273700, 1054798, 1, 0, 0
273800, 1021547, 1, 0, 0
273900, 1104503, 1, 0, 0
274000, 1056924, 1, 0, 0
274100, 999147, 1, 0, 0
274200, 1065124, 1, 0, 0
274300, 1003571, 1, 0, 0
274400, 1021606, 1, 0, 0
274500, 996183, 1, 0, 0
274600, 1049644, 1, 0, 0
274700, 1002882, 1, 0, 0
274800, 1100166, 1, 0, 0
274900, 1034674, 1, 0, 0
275000, 1043457, 1, 0, 0
275100, 1023777, 1, 0, 0
275200, 1014938, 1, 0, 0
275300, 1064391, 1, 0, 0
275400, 979845, 1, 0, 0
275500, 998054, 1, 0, 0
275600, 1025992, 1, 0, 0
275700, 1049289, 1, 0, 0
275800, 1014424, 1, 0, 0
275900, 1003695, 1, 0, 0
276000, 1025864, 1, 0, 0
276100, 1058556, 1, 0, 0
276200, 1014238, 1, 0, 0
276300, 1042660, 1, 0, 0
276400, 1022463, 1, 0, 0
276500, 1049514, 1, 0, 0
276600, 1009739, 1, 0, 0
276700, 975249, 1, 0, 0
276800, 1000008, 1, 0, 0
276900, 1051622, 1, 0, 0
277000, 1024560, 1, 0, 0
277100, 1040700, 1, 0, 0
277200, 1046262, 1, 0, 0
277300, 1007220, 1, 0, 0
277400, 1003549, 1, 0, 0
277501, 1014755, 1, 0, 0
277600, 1005413, 1, 0, 0
277700, 1023921, 1, 0, 0
277800, 1032842, 1, 0, 0
277900, 1031269, 1, 0, 0
278000, 1020947, 1, 0, 0
278100, 998740, 1, 0, 0
278200, 1043879, 1, 0, 0
278300, 1012258, 1, 0, 0
278400, 1036376, 1, 0, 0
278500, 1013993, 1, 0, 0
278600, 1082354, 1, 0, 0
278700, 1074072, 1, 0, 0
278800, 1087358, 1, 0, 0
278900, 1052847, 1, 0, 0
279000, 1007814, 1, 0, 0
279100, 1002854, 1, 0, 0
279200, 978888, 1, 0, 0
279300, 1020921, 1, 0, 0
279400, 1030114, 1, 0, 0
279500, 1008525, 1, 0, 0
279600, 1008425, 1, 0, 0
279700, 1110592, 1, 0, 0
279800, 1034428, 1, 0, 0
279900, 1074227, 1, 0, 0
280000, 1103687, 1, 0, 0
280100, 1043936, 1, 0, 0
280200, 1038786, 1, 0, 0
280300, 1037410, 1, 0, 0
280400, 1062080, 1, 0, 0
280500, 1028950, 1, 0, 0
280600, 1075257, 1, 0, 0
280700, 1023195, 1, 0, 0
280800, 1052683, 1, 0, 0
280900, 1025496, 1, 0, 0
281000, 1045206, 1, 0, 0
281100, 1033888, 1, 0, 0
281200, 1100126, 1, 0, 0
281300, 1016516, 1, 0, 0
281400, 1026215, 1, 0, 0
281500, 1039501, 1, 0, 0
281600, 1031983, 1, 0, 0
281700, 1015690, 1, 0, 0
281800, 1073575, 1, 0, 0
281900, 1064012, 1, 0, 0
282000, 1028566, 1, 0, 0
282100, 1023196, 1, 0, 0
282200, 1045438, 1, 0, 0
282302, 1046568, 1, 0, 0
282400, 1043304, 1, 0, 0
282500, 1026671, 1, 0, 0
282600, 1022729, 1, 0, 0
282700, 1031528, 1, 0, 0
282800, 1024841, 1, 0, 0
282900, 1058823, 1, 0, 0
283000, 1047436, 1, 0, 0
283100, 1051012, 1, 0, 0
283200, 1078516, 1, 0, 0
283300, 1003430, 1, 0, 0
283400, 1052100, 1, 0, 0
283501, 1068381, 1, 0, 0
283600, 1087434, 1, 0, 0
283700, 1055631, 1, 0, 0
283800, 1026860, 1, 0, 0
283900, 1029706, 1, 0, 0
284000, 1015592, 1, 0, 0
284100, 1006113, 1, 0, 0
284200, 1059863, 1, 0, 0
284300, 1078198, 1, 0, 0
284400, 1050138, 1, 0, 0
284500, 1020423, 1, 0, 0
284600, 1006857, 1, 0, 0
284700, 1011925, 1, 0, 0
284800, 1013673, 1, 0, 0
284900, 1100698, 1, 0, 0
285000, 1018659, 1, 0, 0
285100, 1034707, 1, 0, 0
285200, 1019046, 1, 0, 0
285300, 1022114, 1, 0, 0
285400, 1021080, 1, 0, 0
285500, 1038862, 1, 0, 0
285600, 982682, 1, 0, 0
285700, 1019384, 1, 0, 0
285800, 1053613, 1, 0, 0
285900, 1058395, 1, 0, 0
286000, 1042720, 1, 0, 0
286100, 1140489, 1, 0, 0
286200, 1034738, 1, 0, 0
286300, 1041740, 1, 0, 0
286400, 1036192, 1, 0, 0
286500, 1072488, 1, 0, 0
286601, 1009072, 1, 0, 0
286700, 1052801, 1, 0, 0
286800, 1011918, 1, 0, 0
286900, 1050511, 1, 0, 0
287000, 1051028, 1, 0, 0
287100, 978642, 1, 0, 0
287200, 1013520, 1, 0, 0
287300, 962284, 1, 0, 0
287400, 974509, 1, 0, 0
287500, 1028740, 1, 0, 0
287600, 1038401, 1, 0, 0
287700, 1028865, 1, 0, 0
287801, 1046021, 1, 0, 0
287900, 1060873, 1, 0, 0
288000, 1001532, 1, 0, 0
288100, 992534, 1, 0, 0
288200, 1017916, 1, 0, 0
288300, 1047995, 1, 0, 0
288400, 1054684, 1, 0, 0
288500, 1016782, 1, 0, 0
288600, 1038525, 1, 0, 0
288700, 1072181, 1, 0, 0
288801, 1080084, 1, 0, 0
288900, 1035805, 1, 0, 0
289000, 1048139, 1, 0, 0
289100, 1029724, 1, 0, 0
289200, 1025292, 1, 0, 0
289300, 1005743, 1, 0, 0
289400, 1020428, 1, 0, 0
289500, 1011572, 1, 0, 0
289600, 1018472, 1, 0, 0
289700, 1013514, 1, 0, 0
289800, 990382, 1, 0, 0
289900, 981236, 1, 0, 0
290000, 993678, 1, 0, 0
290100, 1015624, 1, 0, 0
290200, 1007409, 1, 0, 0
290300, 988226, 1, 0, 0
290400, 1004145, 1, 0, 0
290500, 1009625, 1, 0, 0
290600, 1013285, 1, 0, 0
290700, 984299, 1, 0, 0
290800, 1019222, 1, 0, 0
290900, 979034, 1, 0, 0
291000, 1045230, 1, 0, 0
291100, 1028833, 1, 0, 0
291200, 1059967, 1, 0, 0
291300, 1048835, 1, 0, 0
291400, 1014086, 1, 0, 0
291500, 1075776, 1, 0, 0
291600, 1081609, 1, 0, 0
291700, 1051013, 1, 0, 0
291800, 1088470, 1, 0, 0
291900, 1070201, 1, 0, 0
292000, 1046378, 1, 0, 0
292100, 1094469, 1, 0, 0
292200, 1012444, 1, 0, 0
292301, 1035854, 1, 0, 0
292400, 1011792, 1, 0, 0
292500, 1096674, 1, 0, 0
292600, 1051266, 1, 0, 0
292700, 1042663, 1, 0, 0
292800, 1032402, 1, 0, 0
292900, 1061748, 1, 0, 0
293000, 1029598, 1, 0, 0
293100, 1049644, 1, 0, 0
293201, 1058089, 1, 0, 0
293300, 1074312, 1, 0, 0
293400, 1066256, 1, 0, 0
293500, 1001014, 1, 0, 0
293600, 1027778, 1, 0, 0
293700, 1046076, 1, 0, 0
293800, 1036829, 1, 0, 0
293900, 1023506, 1, 0, 0
294000, 1046191, 1, 0, 0
294101, 1094945, 1, 0, 0
294200, 1066993, 1, 0, 0
294301, 1079014, 1, 0, 0
294400, 1030334, 1, 0, 0
294501, 1070445, 1, 0, 0
294600, 1003646, 1, 0, 0
294700, 1062355, 1, 0, 0
294800, 1062532, 1, 0, 0
294900, 1073260, 1, 0, 0
295000, 1048312, 1, 0, 0
295100, 1018346, 1, 0, 0
295200, 1050670, 1, 0, 0
295300, 1068365, 1, 0, 0
295400, 1033274, 1, 0, 0
295501, 1057628, 1, 0, 0
295601, 1100733, 1, 0, 0
295700, 1050752, 1, 0, 0
295800, 1051155, 1, 0, 0
295900, 1047111, 1, 0, 0
296000, 1041163, 1, 0, 0
296100, 1015920, 1, 0, 0
296200, 1031322, 1, 0, 0
296300, 1040604, 1, 0, 0
296400, 1039492, 1, 0, 0
296500, 1049390, 1, 0, 0
296600, 1108630, 1, 0, 0
296700, 1037192, 1, 0, 0
296800, 1018960, 1, 0, 0
296900, 1047194, 1, 0, 0
297000, 1024501, 1, 0, 0
297100, 1026116, 1, 0, 0
297201, 1003321, 1, 0, 0
297300, 1035549, 1, 0, 0
297400, 1036827, 1, 0, 0
297500, 1068273, 1, 0, 0
297600, 1026848, 1, 0, 0
297700, 1006658, 1, 0, 0
297800, 1041546, 1, 0, 0
297900, 1080622, 1, 0, 0
298000, 1055324, 1, 0, 0
298100, 1041052, 1, 0, 0
298200, 1013911, 1, 0, 0
298300, 1084346, 1, 0, 0
298400, 1090934, 1, 0, 0
298500, 1046868, 1, 0, 0
298600, 1047225, 1, 0, 0
298700, 1062343, 1, 0, 0
298800, 1035301, 1, 0, 0
298900, 1088904, 1, 0, 0
299001, 1123301, 1, 0, 0
299100, 1041703, 1, 0, 0
299200, 1039953, 1, 0, 0
299300, 1047964, 1, 0, 0
299401, 1036589, 1, 0, 0
299500, 1053512, 1, 0, 0
299600, 1029027, 1, 0, 0
299700, 997898, 1, 0, 0
299800, 1050750, 1, 0, 0
299900, 1040760, 1, 0, 0
300000, 1031829, 1, 0, 0
300100, 1034239, 1, 0, 0
300200, 1000491, 1, 0, 0
300300, 984866, 1, 0, 0
300400, 1064430, 1, 0, 0
300500, 1064701, 1, 0, 0
300600, 1045445, 1, 0, 0
300700, 1028236, 1, 0, 0
300801, 1052091, 1, 0, 0
300901, 1047658, 1, 0, 0
301000, 1072286, 1, 0, 0
301101, 1010069, 1, 0, 0
301201, 1017909, 1, 0, 0
301300, 1055514, 1, 0, 0
301400, 1028069, 1, 0, 0
301500, 1022514, 1, 0, 0
301600, 1032173, 1, 0, 0
301700, 1046129, 1, 0, 0
301800, 1002812, 1, 0, 0
301900, 1014599, 1, 0, 0
302000, 1022140, 1, 0, 0
302100, 1008580, 1, 0, 0
302200, 1038310, 1, 0, 0
302300, 1020052, 1, 0, 0
302400, 998932, 1, 0, 0
302500, 999748, 1, 0, 0
302600, 1061736, 1, 0, 0
302700, 1006017, 1, 0, 0
302801, 1038218, 1, 0, 0
302900, 1074223, 1, 0, 0
303000, 1039113, 1, 0, 0
303100, 1023896, 1, 0, 0
303200, 1055122, 1, 0, 0
303301, 1025622, 1, 0, 0
303400, 1046259, 1, 0, 0
303500, 980982, 1, 0, 0
303600, 979860, 1, 0, 0
303701, 1021279, 1, 0, 0
303800, 1032708, 1, 0, 0
303900, 999281, 1, 0, 0
304000, 1048703, 1, 0, 0
304100, 1050234, 1, 0, 0
304200, 1082379, 1, 0, 0
304300, 1017101, 1, 0, 0
304400, 1013924, 1, 0, 0
304501, 1069289, 1, 0, 0
304600, 1053730, 1, 0, 0
304700, 1024925, 1, 0, 0
304800, 1059659, 1, 0, 0
304900, 1045492, 1, 0, 0
305001, 1025251, 1, 0, 0
305100, 1095219, 1, 0, 0
305200, 1064764, 1, 0, 0
305300, 1054807, 1, 0, 0
305400, 1042818, 1, 0, 0
305500, 1005983, 1, 0, 0
305600, 997410, 1, 0, 0
305700, 1020668, 1, 0, 0
305800, 987502, 1, 0, 0
305900, 1076620, 1, 0, 0
306000, 1003339, 1, 0, 0
306100, 1011637, 1, 0, 0
306200, 1014002, 1, 0, 0
306300, 1077724, 1, 0, 0
306400, 1054887, 1, 0, 0
306501, 1025878, 1, 0, 0
306600, 1013217, 1, 0, 0
306700, 1023128, 1, 0, 0
306800, 1055944, 1, 0, 0
306900, 1036013, 1, 0, 0
307000, 1005054, 1, 0, 0
307100, 998799, 1, 0, 0
307201, 1042692, 1, 0, 0
307300, 1012244, 1, 0, 0
307400, 1016041, 1, 0, 0
307500, 1005070, 1, 0, 0
307600, 1042852, 1, 0, 0
307700, 1036846, 1, 0, 0
307800, 1034032, 1, 0, 0
307900, 1028677, 1, 0, 0
308000, 999381, 1, 0, 0
308100, 1049261, 1, 0, 0
308200, 1006543, 1, 0, 0
308300, 1055766, 1, 0, 0
308400, 995969, 1, 0, 0
308500, 1017141, 1, 0, 0
308600, 1049958, 1, 0, 0
308700, 1039618, 1, 0, 0
308800, 1074386, 1, 0, 0
308900, 1041052, 1, 0, 0
309000, 1038826, 1, 0, 0
309100, 1034848, 1, 0, 0
309200, 1079451, 1, 0, 0
309300, 1058361, 1, 0, 0
309400, 1104752, 1, 0, 0
309500, 1078563, 1, 0, 0
309600, 1005720, 1, 0, 0
309700, 1050895, 1, 0, 0
309800, 1017688, 1, 0, 0
309900, 1000033, 1, 0, 0
310000, 985764, 1, 0, 0
310100, 1084107, 1, 0, 0
310200, 1065996, 1, 0, 0
310300, 1080642, 1, 0, 0
310400, 1011118, 1, 0, 0
310500, 1012068, 1, 0, 0
310600, 986726, 1, 0, 0
310700, 1035120, 1, 0, 0
310800, 1009231, 1, 0, 0
310900, 1044839, 1, 0, 0
311000, 1024550, 1, 0, 0
311100, 1038576, 1, 0, 0
311201, 1062012, 1, 0, 0
311300, 1053285, 1, 0, 0
311400, 1005194, 1, 0, 0
311501, 1012292, 1, 0, 0
311600, 1011856, 1, 0, 0
311700, 1075320, 1, 0, 0
311800, 1048441, 1, 0, 0
311900, 1038456, 1, 0, 0
312000, 1060860, 1, 0, 0
312100, 981452, 1, 0, 0
312200, 988944, 1, 0, 0
312300, 990822, 1, 0, 0
312400, 1010598, 1, 0, 0
312500, 1037716, 1, 0, 0
312600, 1031311, 1, 0, 0
312700, 1027418, 1, 0, 0
312800, 1073643, 1, 0, 0
312900, 1062647, 1, 0, 0
313000, 1025516, 1, 0, 0
313100, 981152, 1, 0, 0
313201, 1059712, 1, 0, 0
313301, 1018246, 1, 0, 0
313400, 1049046, 1, 0, 0
313500, 984086, 1, 0, 0
313600, 1016482, 1, 0, 0
313700, 1026402, 1, 0, 0
313800, 1037099, 1, 0, 0
313900, 998351, 1, 0, 0
314000, 1007027, 1, 0, 0
314100, 1022955, 1, 0, 0
314200, 996339, 1, 0, 0
314300, 998523, 1, 0, 0
314400, 1017998, 1, 0, 0
314500, 1065838, 1, 0, 0
314600, 1063151, 1, 0, 0
314700, 994578, 1, 0, 0
314800, 1046569, 1, 0, 0
314900, 1027346, 1, 0, 0
315000, 1076874, 1, 0, 0
315100, 1050693, 1, 0, 0
315200, 1056341, 1, 0, 0
315300, 1063293, 1, 0, 0
315400, 1040462, 1, 0, 0
315500, 1022219, 1, 0, 0
315600, 994724, 1, 0, 0
315700, 1008931, 1, 0, 0
315800, 1018347, 1, 0, 0
315901, 1019948, 1, 0, 0
316001, 1027513, 1, 0, 0
316100, 993427, 1, 0, 0
316200, 1006075, 1, 0, 0
316300, 1009773, 1, 0, 0
316401, 1016019, 1, 0, 0
316500, 1041658, 1, 0, 0
316600, 1028375, 1, 0, 0
316700, 1004244, 1, 0, 0
316800, 1065323, 1, 0, 0
316900, 1078895, 1, 0, 0
317000, 1038681, 1, 0, 0
317100, 1066273, 1, 0, 0
317200, 1044772, 1, 0, 0
317300, 1095005, 1, 0, 0
317400, 1016679, 1, 0, 0
317500, 1063977, 1, 0, 0
317600, 1121634, 1, 0, 0
317700, 1091693, 1, 0, 0
317800, 1014498, 1, 0, 0
317900, 1039042, 1, 0, 0
318000, 1017655, 1, 0, 0
318100, 998494, 1, 0, 0
318200, 1028903, 1, 0, 0
318300, 1049167, 1, 0, 0
318400, 1070096, 1, 0, 0
318500, 1061919, 1, 0, 0
318600, 1010621, 1, 0, 0
318700, 975275, 1, 0, 0
318800, 1036292, 1, 0, 0
318900, 1081011, 1, 0, 0
319000, 1093630, 1, 0, 0
319100, 1024985, 1, 0, 0
319200, 1037805, 1, 0, 0
319300, 1069443, 1, 0, 0
319400, 1030955, 1, 0, 0
319500, 987056, 1, 0, 0
319600, 1007233, 1, 0, 0
319700, 1046995, 1, 0, 0
319800, 1025724, 1, 0, 0
319900, 1024829, 1, 0, 0
320000, 976508, 1, 0, 0
320100, 992610, 1, 0, 0
320200, 1015408, 1, 0, 0
320300, 992866, 1, 0, 0
320400, 1078682, 1, 0, 0
320500, 1006191, 1, 0, 0
320600, 1025856, 1, 0, 0
320700, 1015381, 1, 0, 0
320800, 1028187, 1, 0, 0
320900, 1021325, 1, 0, 0
321000, 1002427, 1, 0, 0
321100, 1056916, 1, 0, 0
321200, 997945, 1, 0, 0
321300, 977576, 1, 0, 0
321400, 1043730, 1, 0, 0
321500, 1022291, 1, 0, 0
321600, 1017006, 1, 0, 0
321700, 1070484, 1, 0, 0
321800, 993628, 1, 0, 0
321900, 1000686, 1, 0, 0
322000, 1028324, 1, 0, 0
322100, 964597, 1, 0, 0
322201, 967633, 1, 0, 0
322300, 1017916, 1, 0, 0
322400, 990738, 1, 0, 0
322500, 1071370, 1, 0, 0
322600, 1073300, 1, 0, 0
322700, 1033862, 1, 0, 0
322801, 981217, 1, 0, 0
322900, 1041509, 1, 0, 0
323000, 993499, 1, 0, 0
323100, 1024838, 1, 0, 0
323200, 1075284, 1, 0, 0
323300, 1031566, 1, 0, 0
323400, 1070827, 1, 0, 0
323500, 1094335, 1, 0, 0
323600, 1036624, 1, 0, 0
323700, 1034089, 1, 0, 0
323800, 1036004, 1, 0, 0
323900, 1035079, 1, 0, 0
324000, 1130086, 1, 0, 0
324101, 1079871, 1, 0, 0
324200, 1048368, 1, 0, 0
324300, 999664, 1, 0, 0
324400, 1069720, 1, 0, 0
324500, 1057197, 1, 0, 0
324600, 1077912, 1, 0, 0
324700, 1019989, 1, 0, 0
324800, 1046416, 1, 0, 0
324900, 987777, 1, 0, 0
325000, 1004696, 1, 0, 0
325100, 990609, 1, 0, 0
325200, 991526, 1, 0, 0
325300, 1009773, 1, 0, 0
325400, 1022396, 1, 0, 0
325500, 1006919, 1, 0, 0
325600, 1015331, 1, 0, 0
325700, 1047751, 1, 0, 0
325800, 996341, 1, 0, 0
325900, 1048096, 1, 0, 0
326000, 1039242, 1, 0, 0
326100, 1044123, 1, 0, 0
326200, 1062368, 1, 0, 0
326300, 1075199, 1, 0, 0
326400, 1024718, 1, 0, 0
326500, 1015233, 1, 0, 0
326600, 1026198, 1, 0, 0
326700, 1108464, 1, 0, 0
326800, 1035145, 1, 0, 0
326900, 1037575, 1, 0, 0
327001, 1047263, 1, 0, 0
327102, 1043757, 1, 0, 0
327200, 1007331, 1, 0, 0
327300, 1060758, 1, 0, 0
327400, 1097305, 1, 0, 0
327500, 1072905, 1, 0, 0
327600, 1054272, 1, 0, 0
327701, 1025767, 1, 0, 0
327800, 1017604, 1, 0, 0
327900, 1040161, 1, 0, 0
328000, 1017839, 1, 0, 0
328100, 1052053, 1, 0, 0
328200, 1083282, 1, 0, 0
328300, 1073940, 1, 0, 0
328400, 1047707, 1, 0, 0
328500, 1009859, 1, 0, 0
328600, 1031733, 1, 0, 0
328700, 994013, 1, 0, 0
328800, 1006927, 1, 0, 0
328900, 1036484, 1, 0, 0
329000, 1061753, 1, 0, 0
329100, 1066102, 1, 0, 0
329200, 1022367, 1, 0, 0
329300, 1041279, 1, 0, 0
329400, 1009682, 1, 0, 0
329500, 1043521, 1, 0, 0
329600, 1006331, 1, 0, 0
329700, 1034784, 1, 0, 0
329800, 1073984, 1, 0, 0
329900, 1021629, 1, 0, 0
330000, 1039654, 1, 0, 0
330100, 1005065, 1, 0, 0
330200, 1015220, 1, 0, 0
330300, 1017205, 1, 0, 0
330400, 1076020, 1, 0, 0
330500, 1083118, 1, 0, 0
330600, 1075247, 1, 0, 0
330700, 990334, 1, 0, 0
330800, 1010056, 1, 0, 0
330900, 1027565, 1, 0, 0
331000, 1040330, 1, 0, 0
331100, 1050555, 1, 0, 0
331200, 1011538, 1, 0, 0
331300, 1029734, 1, 0, 0
331401, 1039834, 1, 0, 0
331500, 1047447, 1, 0, 0
331600, 1011812, 1, 0, 0
331700, 1010877, 1, 0, 0
331800, 996987, 1, 0, 0
331900, 1069550, 1, 0, 0
332001, 1028276, 1, 0, 0
332100, 1013928, 1, 0, 0
332200, 1005811, 1, 0, 0
332300, 1118415, 1, 0, 0
332400, 1002337, 1, 0, 0
332500, 1005226, 1, 0, 0
332600, 999031, 1, 0, 0
332700, 1014980, 1, 0, 0
332800, 1023314, 1, 0, 0
332900, 1019911, 1, 0, 0
333000, 1049913, 1, 0, 0
333100, 1022971, 1, 0, 0
333200, 1041778, 1, 0, 0
333300, 1030401, 1, 0, 0
333400, 1038643, 1, 0, 0
333500, 1065418, 1, 0, 0
333600, 1007328, 1, 0, 0
333700, 1015250, 1, 0, 0
333800, 1053592, 1, 0, 0
333900, 1066443, 1, 0, 0
334000, 1050911, 1, 0, 0
334100, 1054668, 1, 0, 0
334200, 991103, 1, 0, 0
334300, 1048327, 1, 0, 0
334400, 1051798, 1, 0, 0
334500, 1049155, 1, 0, 0
334600, 1020768, 1, 0, 0
334700, 981931, 1, 0, 0
334800, 1055770, 1, 0, 0
334901, 1002898, 1, 0, 0
335000, 1037466, 1, 0, 0
335100, 1041724, 1, 0, 0
335200, 998792, 1, 0, 0
335300, 1006638, 1, 0, 0
335402, 1075231, 1, 0, 0
335500, 1015036, 1, 0, 0
335600, 992472, 1, 0, 0
335700, 1008534, 1, 0, 0
335800, 1064916, 1, 0, 0
335900, 991027, 1, 0, 0
336000, 1019991, 1, 0, 0
336101, 1012734, 1, 0, 0
336200, 1003336, 1, 0, 0
336300, 1064400, 1, 0, 0
336400, 999805, 1, 0, 0
336500, 995643, 1, 0, 0
336600, 1029565, 1, 0, 0
336700, 999517, 1, 0, 0
336800, 1023150, 1, 0, 0
336900, 1014921, 1, 0, 0
337000, 1063590, 1, 0, 0
337100, 1008346, 1, 0, 0
337200, 1067685, 1, 0, 0
337300, 1015177, 1, 0, 0
337400, 997977, 1, 0, 0
337500, 1032520, 1, 0, 0
337602, 1037300, 1, 0, 0
337700, 1026513, 1, 0, 0
337800, 1027686, 1, 0, 0
337900, 1032094, 1, 0, 0
338000, 988178, 1, 0, 0
338100, 1022550, 1, 0, 0
338202, 1044734, 1, 0, 0
338300, 1006556, 1, 0, 0
338400, 1041822, 1, 0, 0
338500, 1030221, 1, 0, 0
338600, 1037741, 1, 0, 0
338700, 1048758, 1, 0, 0
338800, 1065256, 1, 0, 0
338900, 1034234, 1, 0, 0
339001, 1080826, 1, 0, 0
339100, 1019823, 1, 0, 0
339200, 1046720, 1, 0, 0
339301, 1069590, 1, 0, 0
339401, 1051421, 1, 0, 0
339500, 1032610, 1, 0, 0
339600, 1071281, 1, 0, 0
339700, 1068297, 1, 0, 0
339800, 1037123, 1, 0, 0
339900, 1018036, 1, 0, 0
340000, 1084577, 1, 0, 0
340100, 1020593, 1, 0, 0
340200, 1060795, 1, 0, 0
340300, 1019327, 1, 0, 0
340400, 1042760, 1, 0, 0
340500, 1088792, 1, 0, 0
340600, 1050623, 1, 0, 0
340700, 1039143, 1, 0, 0
340801, 1036135, 1, 0, 0
340900, 1052241, 1, 0, 0
341000, 1051801, 1, 0, 0
341100, 1037237, 1, 0, 0
341200, 1044231, 1, 0, 0
341300, 1076457, 1, 0, 0
341400, 1024086, 1, 0, 0
341500, 989970, 1, 0, 0
341600, 996923, 1, 0, 0
341700, 1012639, 1, 0, 0
341800, 985905, 1, 0, 0
341900, 1096525, 1, 0, 0
342000, 1007518, 1, 0, 0
342100, 1031531, 1, 0, 0
342200, 1087348, 1, 0, 0
342301, 1062547, 1, 0, 0
342400, 1067196, 1, 0, 0
342500, 1022207, 1, 0, 0
342600, 970110, 1, 0, 0
342700, 1020022, 1, 0, 0
342800, 1039386, 1, 0, 0
342900, 1019552, 1, 0, 0
343000, 1083838, 1, 0, 0
343100, 1037551, 1, 0, 0
343200, 1053211, 1, 0, 0
343300, 1084900, 1, 0, 0
343400, 1001337, 1, 0, 0
343500, 1027059, 1, 0, 0
343600, 1040005, 1, 0, 0
343700, 1065949, 1, 0, 0
343800, 1013787, 1, 0, 0
343900, 1026520, 1, 0, 0
344000, 1001244, 1, 0, 0
344100, 1054051, 1, 0, 0
344200, 1118300, 1, 0, 0
344300, 1054726, 1, 0, 0
344400, 1087232, 1, 0, 0
344500, 1071359, 1, 0, 0
344600, 1033256, 1, 0, 0
344700, 1075767, 1, 0, 0
344800, 1059827, 1, 0, 0
344900, 1037598, 1, 0, 0
345001, 1071059, 1, 0, 0
345100, 1047330, 1, 0, 0
345200, 1045438, 1, 0, 0
345300, 1081742, 1, 0, 0
345400, 1037925, 1, 0, 0
345500, 1107539, 1, 0, 0
345600, 1069772, 1, 0, 0
345701, 1065818, 1, 0, 0
345800, 1065278, 1, 0, 0
345900, 1063419, 1, 0, 0
346000, 1098207, 1, 0, 0
346100, 1096048, 1, 0, 0
346200, 1068508, 1, 0, 0
346300, 1088371, 1, 0, 0
346400, 1065059, 1, 0, 0
346500, 1085204, 1, 0, 0
346600, 1075664, 1, 0, 0
346701, 1087344, 1, 0, 0
346800, 1081708, 1, 0, 0
346900, 1074433, 1, 0, 0
347000, 1089272, 1, 0, 0
347100, 1108444, 1, 0, 0
347201, 1083650, 1, 0, 0
347300, 1050251, 1, 0, 0
347400, 1071042, 1, 0, 0
347500, 1079118, 1, 0, 0
347600, 1096114, 1, 0, 0
347700, 1050256, 1, 0, 0
347800, 1052201, 1, 0, 0
347900, 1061053, 1, 0, 0
348000, 1092938, 1, 0, 0
348100, 1066327, 1, 0, 0
348200, 1068543, 1, 0, 0
348300, 1090313, 1, 0, 0
348400, 1041982, 1, 0, 0
348500, 1081335, 1, 0, 0
348600, 1090485, 1, 0, 0
348700, 1102915, 1, 0, 0
348801, 1079877, 1, 0, 0
348900, 1033403, 1, 0, 0
349000, 1041497, 1, 0, 0
349100, 1046478, 1, 0, 0
349201, 1081897, 1, 0, 0
349300, 1046083, 1, 0, 0
349400, 1018096, 1, 0, 0
349500, 1072627, 1, 0, 0
349600, 1049831, 1, 0, 0
349700, 1087692, 1, 0, 0
349800, 1061449, 1, 0, 0
349900, 1084996, 1, 0, 0
350000, 1090209, 1, 0, 0
350100, 1062986, 1, 0, 0
350201, 1105803, 1, 0, 0
350300, 1117794, 1, 0, 0
350400, 1094039, 1, 0, 0
350500, 1098125, 1, 0, 0
350601, 1081663, 1, 0, 0
350700, 1087169, 1, 0, 0
350800, 1175005, 1, 0, 0
350900, 1109410, 1, 0, 0
351000, 1042633, 1, 0, 0
351100, 1133111, 1, 0, 0
351200, 1076985, 1, 0, 0
351300, 1056329, 1, 0, 0
351400, 1152841, 1, 0, 0
351500, 1045249, 1, 0, 0
351600, 1053938, 1, 0, 0
351700, 1038053, 1, 0, 0
351800, 1092212, 1, 0, 0
351900, 1051131, 1, 0, 0
352000, 1053605, 1, 0, 0
352100, 1094919, 1, 0, 0
352200, 1042248, 1, 0, 0
352300, 1071490, 1, 0, 0
352400, 1030740, 1, 0, 0
352500, 987499, 1, 0, 0
352600, 1108275, 1, 0, 0
352700, 1051152, 1, 0, 0
352800, 1073825, 1, 0, 0
352900, 1071597, 1, 0, 0
353000, 1104840, 1, 0, 0
353100, 1064984, 1, 0, 0
353200, 1063368, 1, 0, 0
353300, 1108226, 1, 0, 0
353400, 1101785, 1, 0, 0
353500, 991751, 1, 0, 0
353601, 1037166, 1, 0, 0
353701, 1038581, 1, 0, 0
353800, 1047866, 1, 0, 0
353900, 1025962, 1, 0, 0
354000, 977181, 1, 0, 0
354100, 1006008, 1, 0, 0
354200, 1040581, 1, 0, 0
354300, 1030033, 1, 0, 0
354400, 1076707, 1, 0, 0
354500, 1065481, 1, 0, 0
354600, 1096696, 1, 0, 0
354700, 1037276, 1, 0, 0
354800, 1041178, 1, 0, 0
354900, 1032485, 1, 0, 0
355000, 1058817, 1, 0, 0
355100, 1030653, 1, 0, 0
355200, 1113448, 1, 0, 0
355300, 1028578, 1, 0, 0
355400, 1080222, 1, 0, 0
355500, 1032773, 1, 0, 0
355600, 1073142, 1, 0, 0
355700, 1046993, 1, 0, 0
355800, 1077879, 1, 0, 0
355900, 1056894, 1, 0, 0
356001, 1075922, 1, 0, 0
356100, 1078239, 1, 0, 0
356200, 1055247, 1, 0, 0
356300, 1038903, 1, 0, 0
356400, 1023577, 1, 0, 0
356500, 1072238, 1, 0, 0
356600, 1093726, 1, 0, 0
356700, 1095713, 1, 0, 0
356800, 1073195, 1, 0, 0
356900, 1135893, 1, 0, 0
357000, 1099712, 1, 0, 0
357100, 1053660, 1, 0, 0
357200, 1014564, 1, 0, 0
357300, 1085552, 1, 0, 0
357400, 1075538, 1, 0, 0
357500, 1082171, 1, 0, 0
357600, 1075407, 1, 0, 0
357700, 1004551, 1, 0, 0
357800, 1070028, 1, 0, 0
357900, 1045970, 1, 0, 0
358000, 1054354, 1, 0, 0
358100, 1057331, 1, 0, 0
358201, 1087399, 1, 0, 0
358300, 1065916, 1, 0, 0
358400, 1047266, 1, 0, 0
358500, 1052655, 1, 0, 0
358600, 1063925, 1, 0, 0
358701, 1128789, 1, 0, 0
358800, 1054232, 1, 0, 0
358901, 1085433, 1, 0, 0
359000, 1033507, 1, 0, 0
359100, 1089927, 1, 0, 0
359200, 1099533, 1, 0, 0
359300, 1091366, 1, 0, 0
359400, 1087622, 1, 0, 0
359500, 1063358, 1, 0, 0
359600, 1104683, 1, 0, 0
359700, 1115753, 1, 0, 0
359801, 1065605, 1, 0, 0
359900, 1068824, 1, 0, 0
360000, 1082921, 1, 0, 0
360100, 1021009, 1, 0, 0
360200, 1080821, 1, 0, 0
360300, 1061803, 1, 0, 0
360400, 1023379, 1, 0, 0
360500, 1112474, 1, 0, 0
360600, 1030923, 1, 0, 0
360700, 1048871, 1, 0, 0
360800, 1011238, 1, 0, 0
360900, 1041302, 1, 0, 0
361000, 1036344, 1, 0, 0
361100, 1083127, 1, 0, 0
361200, 1105525, 1, 0, 0
361300, 1128083, 1, 0, 0
361400, 1065376, 1, 0, 0
361500, 1033837, 1, 0, 0
361600, 1052901, 1, 0, 0
361701, 1036086, 1, 0, 0
361800, 1063636, 1, 0, 0
361900, 1057463, 1, 0, 0
362000, 1095692, 1, 0, 0
362100, 1062812, 1, 0, 0
362201, 1014952, 1, 0, 0
362300, 1021963, 1, 0, 0
362400, 1005345, 1, 0, 0
362500, 977600, 1, 0, 0
362600, 1053768, 1, 0, 0
362700, 1046819, 1, 0, 0
362800, 1014728, 1, 0, 0
362901, 1018354, 1, 0, 0
363000, 1029956, 1, 0, 0
363100, 998494, 1, 0, 0
363200, 1074113, 1, 0, 0
363300, 1018884, 1, 0, 0
363400, 1000023, 1, 0, 0
363500, 1040286, 1, 0, 0
363600, 1047441, 1, 0, 0
363700, 1015868, 1, 0, 0
363800, 1010928, 1, 0, 0
363900, 988764, 1, 0, 0
364001, 1037483, 1, 0, 0
364100, 1027197, 1, 0, 0
364200, 971417, 1, 0, 0
364300, 1037456, 1, 0, 0
364401, 1036865, 1, 0, 0
364500, 1027715, 1, 0, 0
364600, 1050858, 1, 0, 0
364700, 1003128, 1, 0, 0
364800, 1065475, 1, 0, 0
364900, 1021484, 1, 0, 0
365000, 1030773, 1, 0, 0
365100, 989386, 1, 0, 0
365200, 1027170, 1, 0, 0
365300, 1030133, 1, 0, 0
365400, 1033553, 1, 0, 0
365500, 1043440, 1, 0, 0
365600, 1037144, 1, 0, 0
365700, 994680, 1, 0, 0
365800, 997739, 1, 0, 0
365900, 1051590, 1, 0, 0
366000, 1056667, 1, 0, 0
366100, 1046204, 1, 0, 0
366200, 997158, 1, 0, 0
366301, 1076621, 1, 0, 0
366400, 1035439, 1, 0, 0
366500, 995830, 1, 0, 0
366600, 1022094, 1, 0, 0
366700, 1013353, 1, 0, 0
366800, 1109058, 1, 0, 0
366900, 1076775, 1, 0, 0
367000, 1030289, 1, 0, 0
367101, 1031426, 1, 0, 0
367200, 1005743, 1, 0, 0
367302, 1020502, 1, 0, 0
367400, 1054955, 1, 0, 0
367500, 1013605, 1, 0, 0
367600, 1078224, 1, 0, 0
367700, 1043528, 1, 0, 0
367800, 1075746, 1, 0, 0
367900, 1000473, 1, 0, 0
368002, 1040735, 1, 0, 0
368100, 1013630, 1, 0, 0
368200, 1044038, 1, 0, 0
368300, 1053753, 1, 0, 0
368400, 998401, 1, 0, 0
368500, 1040120, 1, 0, 0
368600, 1028502, 1, 0, 0
368700, 1004361, 1, 0, 0
368800, 1031290, 1, 0, 0
368900, 1058480, 1, 0, 0
369000, 1016939, 1, 0, 0
369100, 1021999, 1, 0, 0
369200, 992201, 1, 0, 0
369300, 1046640, 1, 0, 0
369400, 1024153, 1, 0, 0
369500, 1016709, 1, 0, 0
369600, 996152, 1, 0, 0
369700, 1024713, 1, 0, 0
369800, 1031749, 1, 0, 0
369900, 1019802, 1, 0, 0
370000, 1023611, 1, 0, 0
370100, 1034394, 1, 0, 0
370200, 1063463, 1, 0, 0
370300, 1012806, 1, 0, 0
370400, 1036512, 1, 0, 0
370500, 1043483, 1, 0, 0
370600, 1048641, 1, 0, 0
370700, 1045326, 1, 0, 0
370800, 1066817, 1, 0, 0
370900, 1060520, 1, 0, 0
371000, 1097088, 1, 0, 0
371100, 1025786, 1, 0, 0
371200, 1045530, 1, 0, 0
371300, 1060563, 1, 0, 0
371401, 1036230, 1, 0, 0
371500, 1062471, 1, 0, 0
371600, 1035665, 1, 0, 0
371700, 1083045, 1, 0, 0
371800, 1088549, 1, 0, 0
371900, 1023150, 1, 0, 0
372000, 1039734, 1, 0, 0
372100, 1019296, 1, 0, 0
372200, 988549, 1, 0, 0
372300, 1046947, 1, 0, 0
372400, 1069475, 1, 0, 0
372500, 1026669, 1, 0, 0
372600, 992860, 1, 0, 0
372700, 1035453, 1, 0, 0
372801, 1065081, 1, 0, 0
372900, 1049900, 1, 0, 0
373000, 1006846, 1, 0, 0
373100, 1010320, 1, 0, 0
373200, 1014339, 1, 0, 0
373300, 1027321, 1, 0, 0
373400, 1042140, 1, 0, 0
373500, 1065106, 1, 0, 0
373600, 1094091, 1, 0, 0
373700, 1066935, 1, 0, 0
373800, 1075160, 1, 0, 0
373900, 1019057, 1, 0, 0
374000, 1039588, 1, 0, 0
374100, 1025860, 1, 0, 0
374200, 1026538, 1, 0, 0
374300, 1048283, 1, 0, 0
374400, 1067237, 1, 0, 0
374500, 1022886, 1, 0, 0
374600, 1027018, 1, 0, 0
374700, 1017423, 1, 0, 0
374800, 1008618, 1, 0, 0
374900, 1075598, 1, 0, 0
375000, 1069540, 1, 0, 0
375100, 1068714, 1, 0, 0
375200, 991193, 1, 0, 0
375300, 1099606, 1, 0, 0
375400, 1103272, 1, 0, 0
375500, 1107446, 1, 0, 0
375600, 1078526, 1, 0, 0
375700, 1060569, 1, 0, 0
375800, 1044408, 1, 0, 0
375900, 1050049, 1, 0, 0
376000, 986139, 1, 0, 0
376100, 1044613, 1, 0, 0
376200, 999188, 1, 0, 0
376300, 1008805, 1, 0, 0
376400, 1028044, 1, 0, 0
376500, 1058864, 1, 0, 0
376601, 998193, 1, 0, 0
376702, 1052731, 1, 0, 0
376800, 1091595, 1, 0, 0
376900, 1018448, 1, 0, 0
377000, 1071800, 1, 0, 0
377100, 1019499, 1, 0, 0
377200, 1057759, 1, 0, 0
377300, 1067400, 1, 0, 0
377400, 1010771, 1, 0, 0
377500, 1034902, 1, 0, 0
377601, 1054424, 1, 0, 0
377700, 1124174, 1, 0, 0
377800, 1108152, 1, 0, 0
377900, 1047317, 1, 0, 0
378000, 1104451, 1, 0, 0
378100, 1059888, 1, 0, 0
378200, 1087067, 1, 0, 0
378300, 1046579, 1, 0, 0
378400, 1012842, 1, 0, 0
378500, 1104123, 1, 0, 0
378600, 1042112, 1, 0, 0
378701, 1006300, 1, 0, 0
378800, 1047586, 1, 0, 0
378901, 1086776, 1, 0, 0
379000, 1063187, 1, 0, 0
379100, 1034032, 1, 0, 0
379201, 991770, 1, 0, 0
379300, 1030351, 1, 0, 0
379400, 1026521, 1, 0, 0
379500, 1064890, 1, 0, 0
379602, 1075563, 1, 0, 0
379700, 978656, 1, 0, 0
379800, 1037822, 1, 0, 0
379900, 1055781, 1, 0, 0
380000, 1005997, 1, 0, 0
380100, 1006760, 1, 0, 0
380200, 993628, 1, 0, 0
380300, 1032970, 1, 0, 0
380400, 1004664, 1, 0, 0
380500, 1017318, 1, 0, 0
380601, 1007871, 1, 0, 0
380700, 1013584, 1, 0, 0
380800, 991148, 1, 0, 0
380900, 1008498, 1, 0, 0
381001, 1041578, 1, 0, 0
381100, 1031169, 1, 0, 0
381200, 1016644, 1, 0, 0
381301, 1006957, 1, 0, 0
381400, 1015906, 1, 0, 0
381500, 1016626, 1, 0, 0
381600, 1020946, 1, 0, 0
381701, 989106, 1, 0, 0
381800, 1041079, 1, 0, 0
381900, 1047050, 1, 0, 0
382000, 1020176, 1, 0, 0
382100, 993135, 1, 0, 0
382200, 1013711, 1, 0, 0
382300, 1037138, 1, 0, 0
382400, 1047995, 1, 0, 0
382500, 1047118, 1, 0, 0
382600, 1051488, 1, 0, 0
382700, 1023450, 1, 0, 0
382801, 1041569, 1, 0, 0
382900, 1045749, 1, 0, 0
383000, 1056282, 1, 0, 0
383100, 1049391, 1, 0, 0
383200, 1034804, 1, 0, 0
383300, 1110211, 1, 0, 0
383400, 1024601, 1, 0, 0
383500, 995807, 1, 0, 0
383600, 1030114, 1, 0, 0
383700, 1039032, 1, 0, 0
383800, 1011902, 1, 0, 0
383900, 973622, 1, 0, 0
384000, 1042253, 1, 0, 0
384100, 1017211, 1, 0, 0
384201, 1020198, 1, 0, 0
384300, 997676, 1, 0, 0
384400, 1001273, 1, 0, 0
384500, 1003657, 1, 0, 0
384600, 1044520, 1, 0, 0
384700, 999529, 1, 0, 0
384800, 1050839, 1, 0, 0
384900, 1006153, 1, 0, 0
385000, 1036342, 1, 0, 0
385100, 1015639, 1, 0, 0
385200, 1035794, 1, 0, 0
385300, 1086887, 1, 0, 0
385400, 1020837, 1, 0, 0
385500, 1052805, 1, 0, 0
385600, 1030874, 1, 0, 0
385701, 1052237, 1, 0, 0
385800, 1056923, 1, 0, 0
385900, 1042524, 1, 0, 0
386000, 1042446, 1, 0, 0
386100, 1087155, 1, 0, 0
386200, 1015474, 1, 0, 0
386300, 1051902, 1, 0, 0
386400, 1035014, 1, 0, 0
386500, 1012390, 1, 0, 0
386600, 1067202, 1, 0, 0
386701, 1060246, 1, 0, 0
386801, 1039047, 1, 0, 0
386900, 1080821, 1, 0, 0
387000, 1059080, 1, 0, 0
387100, 1042388, 1, 0, 0
387200, 1051448, 1, 0, 0
387300, 1045570, 1, 0, 0
387400, 1060237, 1, 0, 0
387500, 997457, 1, 0, 0
387600, 1051272, 1, 0, 0
387700, 1013230, 1, 0, 0
387800, 1051285, 1, 0, 0
387900, 1006845, 1, 0, 0
388000, 1056267, 1, 0, 0
388100, 997700, 1, 0, 0
388200, 1028336, 1, 0, 0
388300, 1058140, 1, 0, 0
388400, 1033965, 1, 0, 0
388500, 1038807, 1, 0, 0
388601, 1082645, 1, 0, 0
388700, 1042441, 1, 0, 0
388800, 1040940, 1, 0, 0
388900, 995982, 1, 0, 0
389000, 964019, 1, 0, 0
389100, 1026765, 1, 0, 0
389201, 1036048, 1, 0, 0
389300, 1009205, 1, 0, 0
389400, 1006116, 1, 0, 0
389500, 996315, 1, 0, 0
389600, 1022806, 1, 0, 0
389700, 993704, 1, 0, 0
389800, 1068148, 1, 0, 0
389900, 1041277, 1, 0, 0
390000, 1014833, 1, 0, 0
390100, 1048190, 1, 0, 0
390200, 981023, 1, 0, 0
390300, 1043801, 1, 0, 0
390400, 1110851, 1, 0, 0
390500, 1010237, 1, 0, 0
390600, 1004085, 1, 0, 0
390700, 1023643, 1, 0, 0
390800, 1037066, 1, 0, 0
390900, 1044640, 1, 0, 0
391000, 1063455, 1, 0, 0
391100, 1044323, 1, 0, 0
391200, 1008338, 1, 0, 0
391300, 1043841, 1, 0, 0
391400, 1031918, 1, 0, 0
391501, 1000792, 1, 0, 0
391601, 1022353, 1, 0, 0
391700, 1011245, 1, 0, 0
391800, 1016806, 1, 0, 0
391900, 1032142, 1, 0, 0
392000, 1069927, 1, 0, 0
392100, 1067588, 1, 0, 0
392200, 1045275, 1, 0, 0
392300, 1102728, 1, 0, 0
392400, 1048964, 1, 0, 0
392500, 1064921, 1, 0, 0
392600, 1032973, 1, 0, 0
392700, 1046187, 1, 0, 0
392800, 1040255, 1, 0, 0
392900, 1100278, 1, 0, 0
393000, 1033532, 1, 0, 0
393100, 1039741, 1, 0, 0
393200, 1055187, 1, 0, 0
393300, 1029912, 1, 0, 0
393400, 1057458, 1, 0, 0
393500, 1061561, 1, 0, 0
393601, 1051450, 1, 0, 0
393700, 1059492, 1, 0, 0
393800, 1023275, 1, 0, 0
393900, 1029394, 1, 0, 0
394000, 1134302, 1, 0, 0
394100, 1038863, 1, 0, 0
394200, 1075321, 1, 0, 0
394300, 1087993, 1, 0, 0
394400, 1071706, 1, 0, 0
394500, 1094890, 1, 0, 0
394600, 1039839, 1, 0, 0
394700, 1032113, 1, 0, 0
394800, 1048398, 1, 0, 0
394900, 1044274, 1, 0, 0
395000, 1050583, 1, 0, 0
395100, 1074909, 1, 0, 0
395200, 1009823, 1, 0, 0
395300, 1077626, 1, 0, 0
395400, 1055602, 1, 0, 0
395503, 1119519, 1, 0, 0
395600, 1105583, 1, 0, 0
395700, 1031040, 1, 0, 0
395800, 1050504, 1, 0, 0
395900, 1091668, 1, 0, 0
396000, 1018722, 1, 0, 0
396100, 1026528, 1, 0, 0
396200, 1011769, 1, 0, 0
396300, 1077084, 1, 0, 0
396400, 1005842, 1, 0, 0
396500, 1026883, 1, 0, 0
396600, 1011504, 1, 0, 0
396700, 1045591, 1, 0, 0
396800, 1023691, 1, 0, 0
396900, 1033638, 1, 0, 0
397000, 1039661, 1, 0, 0
397100, 1075434, 1, 0, 0
397200, 1044404, 1, 0, 0
397300, 1092204, 1, 0, 0
397400, 1036739, 1, 0, 0
397500, 1041212, 1, 0, 0
397602, 1081104, 1, 0, 0
397702, 1067465, 1, 0, 0
397800, 1047869, 1, 0, 0
397900, 1035833, 1, 0, 0
398001, 1058021, 1, 0, 0
398100, 1030867, 1, 0, 0
398200, 1095922, 1, 0, 0
398300, 1066881, 1, 0, 0
398400, 1059681, 1, 0, 0
398500, 1047471, 1, 0, 0
398600, 1055366, 1, 0, 0
398700, 1023200, 1, 0, 0
398800, 1052475, 1, 0, 0
398900, 1041301, 1, 0, 0
399000, 1097701, 1, 0, 0
399100, 1081097, 1, 0, 0
399200, 1087965, 1, 0, 0
399300, 1061214, 1, 0, 0
399400, 1037259, 1, 0, 0
399500, 1059245, 1, 0, 0
399600, 1048469, 1, 0, 0
399700, 1020397, 1, 0, 0
399800, 1049534, 1, 0, 0
399900, 1020650, 1, 0, 0
400000, 1065285, 1, 0, 0
400101, 1105025, 1, 0, 0
400200, 1051049, 1, 0, 0
400300, 1097145, 1, 0, 0
400400, 1050569, 1, 0, 0
400500, 1025092, 1, 0, 0
400600, 1036166, 1, 0, 0
400700, 1041595, 1, 0, 0
400800, 1011628, 1, 0, 0
400900, 1036874, 1, 0, 0
401000, 1043337, 1, 0, 0
401100, 1006144, 1, 0, 0
401200, 1014817, 1, 0, 0
401300, 1037430, 1, 0, 0
401400, 1033838, 1, 0, 0
401500, 1014349, 1, 0, 0
401600, 982191, 1, 0, 0
401700, 1035665, 1, 0, 0
401801, 1026330, 1, 0, 0
401900, 1011999, 1, 0, 0
402000, 1052852, 1, 0, 0
402100, 1037331, 1, 0, 0
402201, 1098945, 1, 0, 0
402300, 1047801, 1, 0, 0
402400, 1039338, 1, 0, 0
402500, 1067312, 1, 0, 0
402600, 1002616, 1, 0, 0
402700, 1049758, 1, 0, 0
402800, 1043208, 1, 0, 0
402900, 1073213, 1, 0, 0
403000, 1017578, 1, 0, 0
403100, 1019714, 1, 0, 0
403201, 1052042, 1, 0, 0
403300, 1055369, 1, 0, 0
403400, 1053180, 1, 0, 0
403500, 1077529, 1, 0, 0
403600, 1070604, 1, 0, 0
403700, 1054765, 1, 0, 0
403800, 999484, 1, 0, 0
403900, 1018890, 1, 0, 0
404000, 1049654, 1, 0, 0
404100, 1012212, 1, 0, 0
404200, 990582, 1, 0, 0
404300, 1042005, 1, 0, 0
404401, 1037174, 1, 0, 0
404500, 1019137, 1, 0, 0
404600, 1065785, 1, 0, 0
404700, 983607, 1, 0, 0
404800, 1024069, 1, 0, 0
404900, 1012174, 1, 0, 0
405000, 1025744, 1, 0, 0
405100, 1074099, 1, 0, 0
405200, 1016633, 1, 0, 0
405300, 1015175, 1, 0, 0
405400, 1039298, 1, 0, 0
405500, 1051447, 1, 0, 0
405600, 1022978, 1, 0, 0
405700, 1062928, 1, 0, 0
405801, 1049859, 1, 0, 0
405900, 1041426, 1, 0, 0
406001, 1060762, 1, 0, 0
406100, 1033149, 1, 0, 0
406200, 1072464, 1, 0, 0
406300, 999691, 1, 0, 0
406400, 1098900, 1, 0, 0
406500, 1051641, 1, 0, 0
406600, 1077985, 1, 0, 0
406700, 1098356, 1, 0, 0
406800, 1038653, 1, 0, 0
406900, 1071789, 1, 0, 0
407000, 1090881, 1, 0, 0
407100, 1037252, 1, 0, 0
407200, 1043368, 1, 0, 0
407301, 1064576, 1, 0, 0
407400, 1045795, 1, 0, 0
407501, 1037740, 1, 0, 0
407601, 1054790, 1, 0, 0
407700, 1115518, 1, 0, 0
407801, 1143392, 1, 0, 0
407900, 1068180, 1, 0, 0
408000, 1021495, 1, 0, 0
408100, 1025520, 1, 0, 0
408200, 1070240, 1, 0, 0
408300, 1030818, 1, 0, 0
408400, 1046722, 1, 0, 0
408500, 1053680, 1, 0, 0
408600, 1035963, 1, 0, 0
408700, 1114676, 1, 0, 0
408800, 1072751, 1, 0, 0
408900, 1027383, 1, 0, 0
409001, 1114269, 1, 0, 0
409100, 1036152, 1, 0, 0
409201, 1018575, 1, 0, 0
409300, 1099010, 1, 0, 0
409400, 1058018, 1, 0, 0
409500, 1086524, 1, 0, 0
409600, 1068102, 1, 0, 0
409700, 1109288, 1, 0, 0
409800, 1042967, 1, 0, 0
409900, 1076284, 1, 0, 0
410000, 1073344, 1, 0, 0
410100, 1057169, 1, 0, 0
410200, 1048031, 1, 0, 0
410300, 1027080, 1, 0, 0
410400, 1137949, 1, 0, 0
410500, 1080847, 1, 0, 0
410600, 1059591, 1, 0, 0
410700, 1040708, 1, 0, 0
410800, 1035258, 1, 0, 0
410900, 1061914, 1, 0, 0
411000, 1125815, 1, 0, 0
411101, 1118114, 1, 0, 0
411201, 1070742, 1, 0, 0
411300, 1103115, 1, 0, 0
411400, 1095906, 1, 0, 0
411500, 1071966, 1, 0, 0
411600, 1013219, 1, 0, 0
411701, 1036669, 1, 0, 0
411800, 1085564, 1, 0, 0
411900, 1055887, 1, 0, 0
412000, 1038221, 1, 0, 0
412100, 1061865, 1, 0, 0
412200, 1003249, 1, 0, 0
412300, 1011694, 1, 0, 0
412400, 1073088, 1, 0, 0
412500, 1061960, 1, 0, 0
412600, 1036680, 1, 0, 0
412700, 1030128, 1, 0, 0
412801, 1093096, 1, 0, 0
412900, 984167, 1, 0, 0
413000, 1045666, 1, 0, 0
413100, 1023225, 1, 0, 0
413200, 1072486, 1, 0, 0
413300, 1061936, 1, 0, 0
413400, 1039332, 1, 0, 0
413500, 1011797, 1, 0, 0
413600, 1008728, 1, 0, 0
413700, 1064078, 1, 0, 0
413800, 1030045, 1, 0, 0
413900, 1076473, 1, 0, 0
414000, 1046879, 1, 0, 0
414100, 1055994, 1, 0, 0
414200, 1074901, 1, 0, 0
414300, 1070823, 1, 0, 0
414400, 1086945, 1, 0, 0
414500, 1042121, 1, 0, 0
414600, 1061445, 1, 0, 0
414700, 1012702, 1, 0, 0
414800, 1024213, 1, 0, 0
414900, 1004644, 1, 0, 0
415000, 1017171, 1, 0, 0
415100, 1047649, 1, 0, 0
415200, 1001050, 1, 0, 0
415300, 1039623, 1, 0, 0
415400, 1029556, 1, 0, 0
415500, 979707, 1, 0, 0
415600, 1016147, 1, 0, 0
415700, 1025605, 1, 0, 0
415800, 1045135, 1, 0, 0
415900, 980885, 1, 0, 0
416000, 1007276, 1, 0, 0
416100, 1025493, 1, 0, 0
416200, 1082803, 1, 0, 0
416300, 1023293, 1, 0, 0
416400, 1054253, 1, 0, 0
416500, 1012718, 1, 0, 0
416601, 1013215, 1, 0, 0
416700, 1010277, 1, 0, 0
416800, 1023809, 1, 0, 0
416900, 1048347, 1, 0, 0
417000, 1041389, 1, 0, 0
417100, 991200, 1, 0, 0
417200, 1001101, 1, 0, 0
417300, 1097026, 1, 0, 0
417400, 1018829, 1, 0, 0
417500, 1017177, 1, 0, 0
417600, 1008209, 1, 0, 0
417701, 1056275, 1, 0, 0
417800, 1045325, 1, 0, 0
417900, 1046729, 1, 0, 0
418000, 1017451, 1, 0, 0
418100, 1024086, 1, 0, 0
418200, 989191, 1, 0, 0
418300, 1056124, 1, 0, 0
418400, 1041847, 1, 0, 0
418500, 1075565, 1, 0, 0
418600, 1017070, 1, 0, 0
418700, 997951, 1, 0, 0
418800, 1007345, 1, 0, 0
418900, 1085843, 1, 0, 0
419000, 1103289, 1, 0, 0
419100, 1077845, 1, 0, 0
419200, 1025534, 1, 0, 0
419300, 1070578, 1, 0, 0
419400, 1071307, 1, 0, 0
419500, 1070699, 1, 0, 0
419600, 1068499, 1, 0, 0
419700, 1080797, 1, 0, 0
419800, 1125392, 1, 0, 0
419900, 1033101, 1, 0, 0
420000, 994647, 1, 0, 0
420101, 1007362, 1, 0, 0
420200, 990329, 1, 0, 0
420300, 983415, 1, 0, 0
420400, 1106638, 1, 0, 0
420501, 1078027, 1, 0, 0
420600, 1050232, 1, 0, 0
420700, 1052655, 1, 0, 0
420800, 1022053, 1, 0, 0
420900, 1039660, 1, 0, 0
421000, 1004519, 1, 0, 0
421101, 997744, 1, 0, 0
421201, 1027611, 1, 0, 0
421300, 1006916, 1, 0, 0
421400, 1038207, 1, 0, 0
421500, 1032206, 1, 0, 0
421600, 1011728, 1, 0, 0
421700, 1018685, 1, 0, 0
421800, 1021951, 1, 0, 0
421900, 1035742, 1, 0, 0
422000, 1000434, 1, 0, 0
422101, 1034616, 1, 0, 0
422201, 1018251, 1, 0, 0
422300, 991752, 1, 0, 0
422400, 1016221, 1, 0, 0
422500, 1049640, 1, 0, 0
422600, 1050068, 1, 0, 0
422700, 1111745, 1, 0, 0
422800, 1072262, 1, 0, 0
422900, 1084480, 1, 0, 0
423000, 1022895, 1, 0, 0
423100, 1057926, 1, 0, 0
423200, 1053390, 1, 0, 0
423300, 1080120, 1, 0, 0
423400, 1060646, 1, 0, 0
423500, 1008101, 1, 0, 0
423600, 1063726, 1, 0, 0
423700, 1054577, 1, 0, 0
423800, 1034738, 1, 0, 0
423900, 1014702, 1, 0, 0
424000, 1002590, 1, 0, 0
424100, 992933, 1, 0, 0
424200, 1012742, 1, 0, 0
424301, 1018703, 1, 0, 0
424400, 1028733, 1, 0, 0
424501, 1018905, 1, 0, 0
424600, 1032558, 1, 0, 0
424700, 1050078, 1, 0, 0
424800, 1041181, 1, 0, 0
424900, 977450, 1, 0, 0
425000, 971033, 1, 0, 0
425101, 1019217, 1, 0, 0
425200, 995130, 1, 0, 0
425300, 1010821, 1, 0, 0
425400, 1019129, 1, 0, 0
425500, 1016274, 1, 0, 0
425600, 1055448, 1, 0, 0
425700, 1023522, 1, 0, 0
425800, 1009164, 1, 0, 0
425900, 1022260, 1, 0, 0
426000, 1080358, 1, 0, 0
426100, 1090593, 1, 0, 0
426200, 1052921, 1, 0, 0
426300, 1018268, 1, 0, 0
426400, 1022475, 1, 0, 0
426500, 997165, 1, 0, 0
426600, 1041073, 1, 0, 0
426700, 1047280, 1, 0, 0
426800, 1029174, 1, 0, 0
426900, 1051608, 1, 0, 0
427000, 1085319, 1, 0, 0
427100, 1091925, 1, 0, 0
427200, 1031743, 1, 0, 0
427300, 1050512, 1, 0, 0
427400, 1029156, 1, 0, 0
427500, 1029330, 1, 0, 0
427600, 1005547, 1, 0, 0
427700, 977327, 1, 0, 0
427801, 1037091, 1, 0, 0
427900, 1010370, 1, 0, 0
428001, 1048941, 1, 0, 0
428100, 1013240, 1, 0, 0
428200, 1018788, 1, 0, 0
428300, 1046331, 1, 0, 0
428400, 1049153, 1, 0, 0
428500, 1079887, 1, 0, 0
428600, 997851, 1, 0, 0
428700, 1042761, 1, 0, 0
428800, 996585, 1, 0, 0
428900, 1008727, 1, 0, 0
429000, 1029158, 1, 0, 0
429100, 1087462, 1, 0, 0
429200, 1029914, 1, 0, 0
429300, 1026011, 1, 0, 0
429400, 1001053, 1, 0, 0
429501, 1045861, 1, 0, 0
429600, 1046146, 1, 0, 0
429700, 1058081, 1, 0, 0
429800, 1024921, 1, 0, 0
429900, 1050106, 1, 0, 0
430000, 1035652, 1, 0, 0
430100, 1037760, 1, 0, 0
430200, 1026293, 1, 0, 0
430301, 1082583, 1, 0, 0
430400, 1116123, 1, 0, 0
430500, 1065838, 1, 0, 0
430600, 1071257, 1, 0, 0
430701, 1035657, 1, 0, 0
430800, 1026523, 1, 0, 0
430900, 1046059, 1, 0, 0
431000, 1012370, 1, 0, 0
431100, 1069258, 1, 0, 0
431200, 1018291, 1, 0, 0
431300, 1087520, 1, 0, 0
431400, 1050574, 1, 0, 0
431502, 1004585, 1, 0, 0
431601, 1001457, 1, 0, 0
431700, 1017034, 1, 0, 0
431801, 1071933, 1, 0, 0
431900, 1004040, 1, 0, 0
432000, 1007150, 1, 0, 0
432100, 1018088, 1, 0, 0
432200, 1015763, 1, 0, 0
432300, 1009409, 1, 0, 0
432401, 1038069, 1, 0, 0
432500, 1058468, 1, 0, 0
432601, 1064543, 1, 0, 0
432700, 1044803, 1, 0, 0
432800, 1092452, 1, 0, 0
432901, 1060292, 1, 0, 0
433000, 1056994, 1, 0, 0
433100, 1020823, 1, 0, 0
433200, 1072465, 1, 0, 0
433301, 1031931, 1, 0, 0
433400, 1091684, 1, 0, 0
433500, 1079531, 1, 0, 0
433600, 1042239, 1, 0, 0
433701, 1091975, 1, 0, 0
433800, 1039733, 1, 0, 0
433900, 1035712, 1, 0, 0
434000, 1052277, 1, 0, 0
434100, 1052997, 1, 0, 0
434200, 1091716, 1, 0, 0
434300, 1091663, 1, 0, 0
434401, 1118096, 1, 0, 0
434500, 1045469, 1, 0, 0
434600, 1062866, 1, 0, 0
434701, 1055665, 1, 0, 0
434800, 1045370, 1, 0, 0
434900, 1049016, 1, 0, 0
435000, 1039863, 1, 0, 0
435100, 1063544, 1, 0, 0
435200, 1059514, 1, 0, 0
435301, 1070035, 1, 0, 0
435400, 1101783, 1, 0, 0
435500, 1059304, 1, 0, 0
435601, 1105637, 1, 0, 0
435700, 1073084, 1, 0, 0
435800, 1070016, 1, 0, 0
435900, 1024803, 1, 0, 0
436000, 1038910, 1, 0, 0
436100, 1072511, 1, 0, 0
436200, 1053955, 1, 0, 0
436300, 1050670, 1, 0, 0
436401, 1106552, 1, 0, 0
436500, 1041536, 1, 0, 0
436600, 1349848, 1, 0, 0
436700, 1096997, 1, 0, 0
436800, 1043914, 1, 0, 0
436900, 1076276, 1, 0, 0
437001, 1025799, 1, 0, 0
437100, 1062371, 1, 0, 0
437200, 1036732, 1, 0, 0
437300, 1046892, 1, 0, 0
437400, 1021919, 1, 0, 0
437500, 1069419, 1, 0, 0
437600, 1060863, 1, 0, 0
437700, 1065300, 1, 0, 0
437800, 1047505, 1, 0, 0
437900, 1032114, 1, 0, 0
438000, 1069957, 1, 0, 0
438100, 1054425, 1, 0, 0
438200, 1005160, 1, 0, 0
438300, 1083032, 1, 0, 0
438400, 1014850, 1, 0, 0
438500, 1041818, 1, 0, 0
438600, 1030350, 1, 0, 0
438700, 1024772, 1, 0, 0
438800, 1059743, 1, 0, 0
438900, 1043652, 1, 0, 0
439000, 1077625, 1, 0, 0
439100, 1037430, 1, 0, 0
439200, 1037109, 1, 0, 0
439300, 1053185, 1, 0, 0
439400, 1052009, 1, 0, 0
439500, 1005749, 1, 0, 0
439600, 1001262, 1, 0, 0
439700, 1038324, 1, 0, 0
439800, 987759, 1, 0, 0
439900, 1040048, 1, 0, 0
440000, 1069494, 1, 0, 0
440100, 1077936, 1, 0, 0
440200, 994503, 1, 0, 0
440300, 1033202, 1, 0, 0
440400, 1040571, 1, 0, 0
440500, 1006654, 1, 0, 0
440600, 1027446, 1, 0, 0
440700, 1015097, 1, 0, 0
440800, 990214, 1, 0, 0
440900, 1000169, 1, 0, 0
441000, 990694, 1, 0, 0
441100, 1055678, 1, 0, 0
441200, 1062875, 1, 0, 0
441300, 1013114, 1, 0, 0
441400, 1064262, 1, 0, 0
441501, 1007219, 1, 0, 0
441600, 981438, 1, 0, 0
441700, 1064500, 1, 0, 0
441800, 1062361, 1, 0, 0
441900, 1015787, 1, 0, 0
442000, 1061401, 1, 0, 0
442100, 1039519, 1, 0, 0
442200, 1045543, 1, 0, 0
442300, 1052637, 1, 0, 0
442400, 1035076, 1, 0, 0
442500, 1023339, 1, 0, 0
442600, 1003317, 1, 0, 0
442700, 1023337, 1, 0, 0
442801, 1073290, 1, 0, 0
442900, 1032296, 1, 0, 0
443000, 1005113, 1, 0, 0
443100, 1053447, 1, 0, 0
443200, 1110119, 1, 0, 0
443300, 1038468, 1, 0, 0
443400, 1069561, 1, 0, 0
443500, 1066974, 1, 0, 0
443600, 1038473, 1, 0, 0
443700, 1057677, 1, 0, 0
443801, 1039291, 1, 0, 0
443900, 1053956, 1, 0, 0
444001, 1059988, 1, 0, 0
444100, 981991, 1, 0, 0
444201, 1040396, 1, 0, 0
444300, 1019978, 1, 0, 0
444400, 983385, 1, 0, 0
444500, 985231, 1, 0, 0
444600, 1076457, 1, 0, 0
444700, 1069115, 1, 0, 0
444800, 1053951, 1, 0, 0
444900, 1045000, 1, 0, 0
445000, 1028428, 1, 0, 0
445100, 1077568, 1, 0, 0
445200, 1032033, 1, 0, 0
445300, 1065801, 1, 0, 0
445400, 1027608, 1, 0, 0
445500, 1029682, 1, 0, 0
445600, 1043519, 1, 0, 0
445701, 1082886, 1, 0, 0
445800, 1023351, 1, 0, 0
445900, 1029543, 1, 0, 0
446000, 1025840, 1, 0, 0
446100, 1021018, 1, 0, 0
446200, 1046054, 1, 0, 0
446300, 1075310, 1, 0, 0
446401, 1093067, 1, 0, 0
446501, 1049831, 1, 0, 0
446601, 1029346, 1, 0, 0
446700, 1048168, 1, 0, 0
446800, 1050951, 1, 0, 0
446900, 1021793, 1, 0, 0
447000, 1002367, 1, 0, 0
447100, 1091316, 1, 0, 0
447200, 1043197, 1, 0, 0
447301, 1045958, 1, 0, 0
447400, 1086160, 1, 0, 0
447500, 1035252, 1, 0, 0
447600, 1069514, 1, 0, 0
447701, 1105292, 1, 0, 0
447800, 1114226, 1, 0, 0
447900, 1085452, 1, 0, 0
448000, 1086311, 1, 0, 0
448100, 1092685, 1, 0, 0
448200, 1073950, 1, 0, 0
448300, 1074730, 1, 0, 0
448400, 1048906, 1, 0, 0
448500, 1015706, 1, 0, 0
448601, 1071544, 1, 0, 0
448700, 1061587, 1, 0, 0
448800, 1088973, 1, 0, 0
448901, 1059219, 1, 0, 0
449000, 1066181, 1, 0, 0
449100, 1069855, 1, 0, 0
449201, 1104567, 1, 0, 0
449300, 1038752, 1, 0, 0
449401, 1097787, 1, 0, 0
449500, 1022906, 1, 0, 0
449601, 1068463, 1, 0, 0
449700, 1028966, 1, 0, 0
449800, 1020116, 1, 0, 0
449900, 1019457, 1, 0, 0
450000, 1073051, 1, 0, 0
450100, 1022034, 1, 0, 0
450200, 1037935, 1, 0, 0
450300, 1024545, 1, 0, 0
450400, 1036553, 1, 0, 0
450500, 1044142, 1, 0, 0
450600, 1079061, 1, 0, 0
450700, 1072656, 1, 0, 0
450800, 1028551, 1, 0, 0
450900, 1053618, 1, 0, 0
451000, 1045701, 1, 0, 0
451101, 1073076, 1, 0, 0
451200, 1072067, 1, 0, 0
451300, 1046434, 1, 0, 0
451400, 1032738, 1, 0, 0
451500, 1065318, 1, 0, 0
451600, 1038200, 1, 0, 0
451700, 1042529, 1, 0, 0
451800, 1024018, 1, 0, 0
451900, 1048541, 1, 0, 0
452000, 1024231, 1, 0, 0
452100, 1042059, 1, 0, 0
452200, 1110384, 1, 0, 0
452300, 1054977, 1, 0, 0
452400, 1110768, 1, 0, 0
452500, 1066308, 1, 0, 0
452600, 1072582, 1, 0, 0
452700, 1058462, 1, 0, 0
452800, 1080881, 1, 0, 0
452900, 1006355, 1, 0, 0
453000, 1062294, 1, 0, 0
453100, 1102000, 1, 0, 0
453200, 1077829, 1, 0, 0
453301, 1039115, 1, 0, 0
453400, 1074675, 1, 0, 0
453500, 1078019, 1, 0, 0
453600, 1039281, 1, 0, 0
453700, 1056403, 1, 0, 0
453800, 1045436, 1, 0, 0
453901, 1078392, 1, 0, 0
454000, 1020707, 1, 0, 0
454100, 1051444, 1, 0, 0
454200, 984759, 1, 0, 0
454300, 982705, 1, 0, 0
454400, 1036010, 1, 0, 0
454500, 1047277, 1, 0, 0
454600, 1079088, 1, 0, 0
454700, 1031327, 1, 0, 0
454800, 1051951, 1, 0, 0
454900, 1017935, 1, 0, 0
455001, 1092540, 1, 0, 0
455100, 1099950, 1, 0, 0
455200, 1028513, 1, 0, 0
455300, 1035036, 1, 0, 0
455400, 1076640, 1, 0, 0
455500, 1005299, 1, 0, 0
455600, 1072596, 1, 0, 0
455700, 999905, 1, 0, 0
455800, 1048060, 1, 0, 0
455900, 1013939, 1, 0, 0
456000, 1015974, 1, 0, 0
456100, 988861, 1, 0, 0
456201, 1078022, 1, 0, 0
456300, 1023818, 1, 0, 0
456400, 1061042, 1, 0, 0
456500, 1003078, 1, 0, 0
456600, 1041052, 1, 0, 0
456700, 1008005, 1, 0, 0
456801, 990013, 1, 0, 0
456900, 1038281, 1, 0, 0
457000, 1021589, 1, 0, 0
457100, 989152, 1, 0, 0
457200, 1031782, 1, 0, 0
457300, 1029485, 1, 0, 0
457400, 1044539, 1, 0, 0
457500, 1024262, 1, 0, 0
457600, 1093214, 1, 0, 0
457700, 1058508, 1, 0, 0
457800, 1018864, 1, 0, 0
457900, 1054047, 1, 0, 0
458000, 1015986, 1, 0, 0
458100, 1011957, 1, 0, 0
458200, 1063137, 1, 0, 0
458300, 1039366, 1, 0, 0
458401, 1020880, 1, 0, 0
458500, 1012846, 1, 0, 0
458600, 1016700, 1, 0, 0
458700, 1028473, 1, 0, 0
458800, 990281, 1, 0, 0
458900, 1018822, 1, 0, 0
459000, 1038825, 1, 0, 0
459100, 1057439, 1, 0, 0
459200, 1010713, 1, 0, 0
459300, 1067233, 1, 0, 0
459400, 1015226, 1, 0, 0
459500, 1036366, 1, 0, 0
459600, 987756, 1, 0, 0
459700, 1102961, 1, 0, 0
459800, 1008016, 1, 0, 0
459900, 1088415, 1, 0, 0
460000, 1022538, 1, 0, 0
460101, 993605, 1, 0, 0
460200, 1006015, 1, 0, 0
460300, 1092811, 1, 0, 0
460400, 985313, 1, 0, 0
460500, 1009786, 1, 0, 0
460600, 1058440, 1, 0, 0
460700, 1055322, 1, 0, 0
460800, 1042205, 1, 0, 0
460900, 1069805, 1, 0, 0
461000, 1050214, 1, 0, 0
461100, 1036312, 1, 0, 0
461200, 1048038, 1, 0, 0
461300, 979596, 1, 0, 0
461400, 1023063, 1, 0, 0
461500, 1063002, 1, 0, 0
461600, 1045232, 1, 0, 0
461700, 997073, 1, 0, 0
461800, 1021222, 1, 0, 0
461900, 1000058, 1, 0, 0
462000, 1053516, 1, 0, 0
462100, 1089034, 1, 0, 0
462200, 994244, 1, 0, 0
462300, 1018189, 1, 0, 0
462400, 975251, 1, 0, 0
462500, 1025272, 1, 0, 0
462600, 992313, 1, 0, 0
462700, 1046444, 1, 0, 0
462800, 1026685, 1, 0, 0
462900, 999963, 1, 0, 0
463000, 1009203, 1, 0, 0
463100, 1031558, 1, 0, 0
463200, 1022399, 1, 0, 0
463300, 1059305, 1, 0, 0
463400, 1007043, 1, 0, 0
463500, 1027413, 1, 0, 0
463600, 1042064, 1, 0, 0
463700, 1065073, 1, 0, 0
463800, 1067826, 1, 0, 0
463900, 1024804, 1, 0, 0
464000, 1051605, 1, 0, 0
464100, 1032771, 1, 0, 0
464200, 1112451, 1, 0, 0
464301, 1041760, 1, 0, 0
464400, 1035411, 1, 0, 0
464500, 1100191, 1, 0, 0
464600, 1124568, 1, 0, 0
464700, 1068334, 1, 0, 0
464800, 1059383, 1, 0, 0
464900, 1083823, 1, 0, 0
465000, 1057691, 1, 0, 0
465100, 1032808, 1, 0, 0
465200, 1025558, 1, 0, 0
465300, 1047398, 1, 0, 0
465401, 1043868, 1, 0, 0
465500, 1012934, 1, 0, 0
465600, 1044165, 1, 0, 0
465700, 1045860, 1, 0, 0
465801, 1047451, 1, 0, 0
465900, 1011276, 1, 0, 0
466000, 1060986, 1, 0, 0
466100, 983075, 1, 0, 0
466200, 1035803, 1, 0, 0
466300, 1068671, 1, 0, 0
466400, 1031957, 1, 0, 0
466500, 992328, 1, 0, 0
466600, 1034705, 1, 0, 0
466701, 1012232, 1, 0, 0
466800, 1045044, 1, 0, 0
466900, 1038379, 1, 0, 0
467000, 1043541, 1, 0, 0
467100, 1079559, 1, 0, 0
467200, 1024919, 1, 0, 0
467300, 1015049, 1, 0, 0
467400, 988699, 1, 0, 0
467500, 985367, 1, 0, 0
467600, 1045136, 1, 0, 0
467700, 1026531, 1, 0, 0
467800, 1008312, 1, 0, 0
467900, 1034830, 1, 0, 0
468000, 1041324, 1, 0, 0
468100, 1029600, 1, 0, 0
468200, 1022507, 1, 0, 0
468300, 997419, 1, 0, 0
468400, 984966, 1, 0, 0
468500, 979901, 1, 0, 0
468600, 1012946, 1, 0, 0
468700, 1044258, 1, 0, 0
468800, 1023034, 1, 0, 0
468901, 1063074, 1, 0, 0
469001, 1021846, 1, 0, 0
469100, 964860, 1, 0, 0
469200, 1002218, 1, 0, 0
469300, 1058240, 1, 0, 0
469400, 1048835, 1, 0, 0
469500, 1045342, 1, 0, 0
469600, 1039398, 1, 0, 0
469700, 1008602, 1, 0, 0
469800, 1046286, 1, 0, 0
469900, 1022963, 1, 0, 0
470000, 1029130, 1, 0, 0
470100, 1062941, 1, 0, 0
470200, 1039395, 1, 0, 0
470300, 1006487, 1, 0, 0
470400, 999555, 1, 0, 0
470500, 1025956, 1, 0, 0
470600, 1047400, 1, 0, 0
470700, 994312, 1, 0, 0
470800, 1020488, 1, 0, 0
470900, 1040351, 1, 0, 0
471000, 1018190, 1, 0, 0
471100, 999425, 1, 0, 0
471200, 1080185, 1, 0, 0
471300, 1063532, 1, 0, 0
471400, 1066530, 1, 0, 0
471500, 1032360, 1, 0, 0
471601, 1053633, 1, 0, 0
471700, 1002549, 1, 0, 0
471800, 1080437, 1, 0, 0
471900, 999430, 1, 0, 0
472000, 1044895, 1, 0, 0
472100, 1034525, 1, 0, 0
472200, 991199, 1, 0, 0
472301, 1033309, 1, 0, 0
472400, 1065197, 1, 0, 0
472500, 1019646, 1, 0, 0
472600, 1038824, 1, 0, 0
472700, 1069192, 1, 0, 0
472800, 1051513, 1, 0, 0
472900, 1045932, 1, 0, 0
473000, 1074606, 1, 0, 0
473101, 1050702, 1, 0, 0
473200, 1038553, 1, 0, 0
473301, 1064767, 1, 0, 0
473400, 1062312, 1, 0, 0
473500, 1041475, 1, 0, 0
473600, 1028919, 1, 0, 0
473700, 1109023, 1, 0, 0
473800, 1053403, 1, 0, 0
473900, 1003858, 1, 0, 0
474000, 1017693, 1, 0, 0
474100, 1066662, 1, 0, 0
474200, 1030479, 1, 0, 0
474300, 1069196, 1, 0, 0
474400, 1034737, 1, 0, 0
474500, 999435, 1, 0, 0
474601, 1109306, 1, 0, 0
474700, 1013596, 1, 0, 0
474800, 1063296, 1, 0, 0
474900, 1037135, 1, 0, 0
475000, 1057546, 1, 0, 0
475100, 1078042, 1, 0, 0
475200, 1045490, 1, 0, 0
475300, 1063530, 1, 0, 0
475400, 1028053, 1, 0, 0
475501, 1048479, 1, 0, 0
475600, 1029402, 1, 0, 0
475700, 1025310, 1, 0, 0
475800, 1053413, 1, 0, 0
475900, 1022902, 1, 0, 0
476000, 1064342, 1, 0, 0
476100, 1050304, 1, 0, 0
476200, 1023250, 1, 0, 0
476300, 1087634, 1, 0, 0
476400, 1059795, 1, 0, 0
476500, 1044531, 1, 0, 0
476600, 1050186, 1, 0, 0
476700, 1047158, 1, 0, 0
476800, 1032205, 1, 0, 0
476900, 1077422, 1, 0, 0
477000, 1014562, 1, 0, 0
477100, 1047431, 1, 0, 0
477201, 1058207, 1, 0, 0
477301, 1076310, 1, 0, 0
477401, 1024945, 1, 0, 0
477500, 1045683, 1, 0, 0
477600, 1034244, 1, 0, 0
477700, 1036580, 1, 0, 0
477800, 1038521, 1, 0, 0
477900, 1007192, 1, 0, 0
478000, 1004616, 1, 0, 0
478100, 1054007, 1, 0, 0
478200, 1038016, 1, 0, 0
478300, 1045065, 1, 0, 0
478400, 1044796, 1, 0, 0
478500, 1083677, 1, 0, 0
478600, 1059416, 1, 0, 0
478700, 1037821, 1, 0, 0
478800, 1044272, 1, 0, 0
478900, 1064205, 1, 0, 0
479000, 1075407, 1, 0, 0
479100, 1059831, 1, 0, 0
479201, 1072616, 1, 0, 0
479301, 1047602, 1, 0, 0
479400, 1068359, 1, 0, 0
479500, 1038976, 1, 0, 0
479600, 1097524, 1, 0, 0
479700, 1069110, 1, 0, 0
479800, 1073988, 1, 0, 0
479900, 1063974, 1, 0, 0
480000, 1049460, 1, 0, 0
480100, 1071012, 1, 0, 0
480200, 1051337, 1, 0, 0
480300, 1057211, 1, 0, 0
480400, 1030965, 1, 0, 0
480500, 1025183, 1, 0, 0
480600, 1075610, 1, 0, 0
480700, 1065876, 1, 0, 0
480800, 1054442, 1, 0, 0
480900, 1068068, 1, 0, 0
481000, 1047194, 1, 0, 0
481100, 1041322, 1, 0, 0
481200, 1012030, 1, 0, 0
481300, 1081830, 1, 0, 0
481400, 1075052, 1, 0, 0
481500, 1025901, 1, 0, 0
481600, 1126167, 1, 0, 0
481701, 1044790, 1, 0, 0
481801, 1082082, 1, 0, 0
481900, 1080027, 1, 0, 0
482000, 1106872, 1, 0, 0
482100, 1061756, 1, 0, 0
482200, 1082002, 1, 0, 0
482300, 1056848, 1, 0, 0
482401, 1066091, 1, 0, 0
482500, 1101284, 1, 0, 0
482600, 1077601, 1, 0, 0
482700, 1040665, 1, 0, 0
482800, 1047015, 1, 0, 0
482900, 1018309, 1, 0, 0
483000, 1075577, 1, 0, 0
483100, 1040623, 1, 0, 0
483200, 1046663, 1, 0, 0
483300, 1125790, 1, 0, 0
483400, 1004780, 1, 0, 0
483500, 1033770, 1, 0, 0
483600, 1000217, 1, 0, 0
483700, 1012009, 1, 0, 0
483800, 1063499, 1, 0, 0
483900, 1011827, 1, 0, 0
484000, 1052339, 1, 0, 0
484101, 1074967, 1, 0, 0
484200, 1040031, 1, 0, 0
484300, 1025478, 1, 0, 0
484400, 1049595, 1, 0, 0
484501, 1039132, 1, 0, 0
484600, 1048952, 1, 0, 0
484700, 1073571, 1, 0, 0
484800, 1045425, 1, 0, 0
484900, 1024736, 1, 0, 0
485000, 1021720, 1, 0, 0
485100, 1020834, 1, 0, 0
485200, 1051419, 1, 0, 0
485302, 991191, 1, 0, 0
485400, 993665, 1, 0, 0
485500, 1038671, 1, 0, 0
485601, 1067145, 1, 0, 0
485700, 1040360, 1, 0, 0
485800, 1053725, 1, 0, 0
485900, 987409, 1, 0, 0
486000, 1007565, 1, 0, 0
486100, 1012866, 1, 0, 0
486200, 1040679, 1, 0, 0
486300, 1017761, 1, 0, 0
486401, 993267, 1, 0, 0
486500, 1022526, 1, 0, 0
486601, 1002369, 1, 0, 0
486700, 1038889, 1, 0, 0
486800, 1051592, 1, 0, 0
486900, 1003554, 1, 0, 0
487000, 1089742, 1, 0, 0
487100, 1034727, 1, 0, 0
487200, 1043068, 1, 0, 0
487300, 1013642, 1, 0, 0
487400, 1010985, 1, 0, 0
487500, 1037218, 1, 0, 0
487600, 1084517, 1, 0, 0
487700, 1030158, 1, 0, 0
487800, 1010377, 1, 0, 0
487900, 1036930, 1, 0, 0
488001, 1044797, 1, 0, 0
488100, 1099043, 1, 0, 0
488200, 1051856, 1, 0, 0
488300, 1056231, 1, 0, 0
488400, 1055459, 1, 0, 0
488500, 1013191, 1, 0, 0
488600, 1025270, 1, 0, 0
488700, 1020334, 1, 0, 0
488800, 1050522, 1, 0, 0
488900, 1030400, 1, 0, 0
489000, 1112388, 1, 0, 0
489100, 1044413, 1, 0, 0
489200, 1058973, 1, 0, 0
489300, 1023967, 1, 0, 0
489400, 1069697, 1, 0, 0
489500, 1043567, 1, 0, 0
489600, 1035464, 1, 0, 0
489700, 1017148, 1, 0, 0
489800, 1047502, 1, 0, 0
489900, 1024458, 1, 0, 0
490001, 1046122, 1, 0, 0
490100, 1099395, 1, 0, 0
490200, 1046685, 1, 0, 0
490300, 999612, 1, 0, 0
490400, 1072140, 1, 0, 0
490500, 1031673, 1, 0, 0
490600, 996219, 1, 0, 0
490700, 1017283, 1, 0, 0
490800, 1029396, 1, 0, 0
490900, 1039608, 1, 0, 0
491000, 1039105, 1, 0, 0
491100, 1066992, 1, 0, 0
491200, 1038066, 1, 0, 0
491300, 993194, 1, 0, 0
491400, 1107273, 1, 0, 0
491501, 1018578, 1, 0, 0
491600, 1018618, 1, 0, 0
491700, 1059045, 1, 0, 0
491800, 1049400, 1, 0, 0
491900, 1019277, 1, 0, 0
492000, 1019293, 1, 0, 0
492100, 1060443, 1, 0, 0
492200, 1090330, 1, 0, 0
492300, 1021640, 1, 0, 0
492401, 1034106, 1, 0, 0
492500, 1030913, 1, 0, 0
492600, 1033603, 1, 0, 0
492700, 1066179, 1, 0, 0
492800, 1125727, 1, 0, 0
492900, 1064357, 1, 0, 0
493001, 1079447, 1, 0, 0
493100, 1003017, 1, 0, 0
493200, 1038216, 1, 0, 0
493300, 1124070, 1, 0, 0
493400, 1069536, 1, 0, 0
493500, 1040596, 1, 0, 0
493600, 996632, 1, 0, 0
493700, 1080262, 1, 0, 0
493800, 1073508, 1, 0, 0
493900, 1051884, 1, 0, 0
494000, 1022192, 1, 0, 0
494100, 1069185, 1, 0, 0
494200, 1066031, 1, 0, 0
494300, 1062008, 1, 0, 0
494400, 1034111, 1, 0, 0
494500, 1013577, 1, 0, 0
494600, 1037493, 1, 0, 0
494700, 1020316, 1, 0, 0
494800, 1039761, 1, 0, 0
494900, 1028792, 1, 0, 0
495000, 1014137, 1, 0, 0
495100, 1068386, 1, 0, 0
495200, 1004447, 1, 0, 0
495300, 973575, 1, 0, 0
495400, 1039778, 1, 0, 0
495500, 1034829, 1, 0, 0
495600, 1033616, 1, 0, 0
495700, 1053469, 1, 0, 0
495800, 986048, 1, 0, 0
495900, 1032340, 1, 0, 0
496000, 1042555, 1, 0, 0
496100, 1067891, 1, 0, 0
496201, 1071022, 1, 0, 0
496300, 1099274, 1, 0, 0
496400, 1018786, 1, 0, 0
496500, 1028166, 1, 0, 0
496600, 1036845, 1, 0, 0
496700, 1045062, 1, 0, 0
496800, 1087292, 1, 0, 0
496901, 1021094, 1, 0, 0
497000, 1025003, 1, 0, 0
497100, 983400, 1, 0, 0
497200, 1037074, 1, 0, 0
497300, 1010053, 1, 0, 0
497400, 1073919, 1, 0, 0
497500, 1071055, 1, 0, 0
497600, 1053627, 1, 0, 0
497700, 1009682, 1, 0, 0
497800, 1078085, 1, 0, 0
497900, 994007, 1, 0, 0
498000, 1023524, 1, 0, 0
498101, 1063091, 1, 0, 0
498200, 1054301, 1, 0, 0
498300, 1060529, 1, 0, 0
498400, 1038244, 1, 0, 0
498500, 1040994, 1, 0, 0
498600, 1072163, 1, 0, 0
498700, 1038222, 1, 0, 0
498800, 1002778, 1, 0, 0
498901, 1015731, 1, 0, 0
499000, 1005826, 1, 0, 0
499101, 1017710, 1, 0, 0
499200, 1067910, 1, 0, 0
499300, 1038939, 1, 0, 0
499400, 1012560, 1, 0, 0
499500, 1052548, 1, 0, 0
499600, 1054528, 1, 0, 0
499701, 1022073, 1, 0, 0
499800, 1002807, 1, 0, 0
499900, 1012238, 1, 0, 0
500000, 1034463, 1, 0, 0
500100, 1041988, 1, 0, 0
500200, 1069121, 1, 0, 0
500300, 1050861, 1, 0, 0
500400, 1083375, 1, 0, 0
500501, 1049261, 1, 0, 0
500601, 1031119, 1, 0, 0
500700, 1056352, 1, 0, 0
500800, 1096534, 1, 0, 0
500900, 1012459, 1, 0, 0
501000, 1040290, 1, 0, 0
501100, 1012351, 1, 0, 0
501200, 1055111, 1, 0, 0
501300, 1032729, 1, 0, 0
501400, 1023802, 1, 0, 0
501500, 1003282, 1, 0, 0
501600, 1010382, 1, 0, 0
501700, 1067921, 1, 0, 0
501800, 1022087, 1, 0, 0
501900, 1043494, 1, 0, 0
502000, 1000961, 1, 0, 0
502100, 1033092, 1, 0, 0
502200, 1081645, 1, 0, 0
502300, 1003611, 1, 0, 0
502400, 989802, 1, 0, 0
502500, 1010483, 1, 0, 0
502600, 1028392, 1, 0, 0
502701, 1052449, 1, 0, 0
502800, 1026462, 1, 0, 0
502900, 1017894, 1, 0, 0
503000, 986305, 1, 0, 0
503100, 1028673, 1, 0, 0
503200, 1021986, 1, 0, 0
503300, 1079841, 1, 0, 0
503401, 1090876, 1, 0, 0
503501, 1023561, 1, 0, 0
503600, 1064372, 1, 0, 0
503700, 1022924, 1, 0, 0
503800, 1048476, 1, 0, 0
503900, 1045875, 1, 0, 0
504000, 1002582, 1, 0, 0
504100, 1011883, 1, 0, 0
504200, 1105111, 1, 0, 0
504300, 1041059, 1, 0, 0
504400, 1014411, 1, 0, 0
504500, 984605, 1, 0, 0
504600, 1060661, 1, 0, 0
504700, 1018308, 1, 0, 0
504800, 1092095, 1, 0, 0
504900, 1045956, 1, 0, 0
505000, 1024629, 1, 0, 0
505100, 1016765, 1, 0, 0
505200, 1113126, 1, 0, 0
505300, 1103339, 1, 0, 0
505400, 1010654, 1, 0, 0
505501, 1041930, 1, 0, 0
505600, 1089187, 1, 0, 0
505700, 1024604, 1, 0, 0
505800, 1036150, 1, 0, 0
505900, 1073216, 1, 0, 0
506000, 1016173, 1, 0, 0
506100, 1030148, 1, 0, 0
506200, 1060189, 1, 0, 0
506300, 1004892, 1, 0, 0
506400, 997031, 1, 0, 0
506501, 1054608, 1, 0, 0
506600, 1046955, 1, 0, 0
506700, 1006393, 1, 0, 0
506800, 990032, 1, 0, 0
506900, 985131, 1, 0, 0
507000, 1020628, 1, 0, 0
507100, 1090285, 1, 0, 0
507201, 1090976, 1, 0, 0
507300, 1039149, 1, 0, 0
507400, 1025915, 1, 0, 0
507500, 1056821, 1, 0, 0
507600, 1038727, 1, 0, 0
507701, 1100588, 1, 0, 0
507800, 1015890, 1, 0, 0
507900, 1047402, 1, 0, 0
508000, 1015620, 1, 0, 0
508100, 1026876, 1, 0, 0
508200, 1027883, 1, 0, 0
508300, 1012797, 1, 0, 0
508400, 1061392, 1, 0, 0
508500, 1025971, 1, 0, 0
508600, 1043274, 1, 0, 0
508700, 1036987, 1, 0, 0
508800, 957111, 1, 0, 0
508900, 1073971, 1, 0, 0
509001, 1023683, 1, 0, 0
509100, 1023178, 1, 0, 0
509200, 1035191, 1, 0, 0
509300, 1013085, 1, 0, 0
509400, 1041138, 1, 0, 0
509500, 1023534, 1, 0, 0
509600, 1048091, 1, 0, 0
509700, 1010927, 1, 0, 0
509800, 1031999, 1, 0, 0
509900, 1025167, 1, 0, 0
510000, 1063474, 1, 0, 0
510100, 1037046, 1, 0, 0
510200, 1021932, 1, 0, 0
510301, 1063313, 1, 0, 0
510401, 999913, 1, 0, 0
510500, 1022486, 1, 0, 0
510600, 1043034, 1, 0, 0
510700, 1019176, 1, 0, 0
510800, 1043373, 1, 0, 0
510900, 1022521, 1, 0, 0
511000, 955899, 1, 0, 0
511100, 1018461, 1, 0, 0
511200, 1046167, 1, 0, 0
511300, 1048245, 1, 0, 0
511400, 1007520, 1, 0, 0
511500, 1007778, 1, 0, 0
511600, 1008537, 1, 0, 0
511700, 1015537, 1, 0, 0
511800, 1028475, 1, 0, 0
511901, 1073892, 1, 0, 0
512000, 1019157, 1, 0, 0
512100, 1030264, 1, 0, 0
512200, 1029875, 1, 0, 0
512300, 1071886, 1, 0, 0
512400, 995280, 1, 0, 0
512500, 1026904, 1, 0, 0
512600, 1023405, 1, 0, 0
512700, 1069795, 1, 0, 0
512800, 1023523, 1, 0, 0
512900, 1021913, 1, 0, 0
513000, 982726, 1, 0, 0
513100, 996239, 1, 0, 0
513200, 1002230, 1, 0, 0
513300, 1028659, 1, 0, 0
513400, 982291, 1, 0, 0
513500, 1019321, 1, 0, 0
513600, 1002604, 1, 0, 0
513700, 1026262, 1, 0, 0
513800, 1022003, 1, 0, 0
513900, 1021089, 1, 0, 0
514000, 1030447, 1, 0, 0
514100, 1048960, 1, 0, 0
514200, 1000277, 1, 0, 0
514300, 985764, 1, 0, 0
514400, 1010373, 1, 0, 0
514500, 1016411, 1, 0, 0
514600, 1033933, 1, 0, 0
514700, 1032378, 1, 0, 0
514800, 1014189, 1, 0, 0
514901, 1024169, 1, 0, 0
515000, 1086500, 1, 0, 0
515100, 1057842, 1, 0, 0
515200, 1058837, 1, 0, 0
515300, 1015961, 1, 0, 0
515400, 1063839, 1, 0, 0
515501, 998316, 1, 0, 0
515600, 1038699, 1, 0, 0
515700, 1030186, 1, 0, 0
515800, 1011716, 1, 0, 0
515900, 998196, 1, 0, 0
516000, 1030002, 1, 0, 0
516100, 1011247, 1, 0, 0
516200, 1020228, 1, 0, 0
516300, 1022932, 1, 0, 0
516400, 1018388, 1, 0, 0
516500, 992222, 1, 0, 0
516600, 1045315, 1, 0, 0
516700, 1060741, 1, 0, 0
516800, 1022767, 1, 0, 0
516900, 996462, 1, 0, 0
517000, 1067372, 1, 0, 0
517100, 1020334, 1, 0, 0
517200, 1043759, 1, 0, 0
517300, 1034316, 1, 0, 0
517400, 1029331, 1, 0, 0
517500, 1044286, 1, 0, 0
517601, 1021992, 1, 0, 0
517700, 1066578, 1, 0, 0
517800, 1005317, 1, 0, 0
517902, 1055524, 1, 0, 0
518000, 1032855, 1, 0, 0
518100, 1052772, 1, 0, 0
518200, 993546, 1, 0, 0
518300, 1018639, 1, 0, 0
518400, 1014523, 1, 0, 0
518500, 998483, 1, 0, 0
518600, 1035051, 1, 0, 0
518700, 1027779, 1, 0, 0
518800, 1046172, 1, 0, 0
518900, 1081657, 1, 0, 0
519000, 1009165, 1, 0, 0
519100, 1044670, 1, 0, 0
519200, 1147974, 1, 0, 0
519300, 1011013, 1, 0, 0
519400, 1067464, 1, 0, 0
519500, 1045292, 1, 0, 0
519600, 1051305, 1, 0, 0
519700, 998814, 1, 0, 0
519800, 1012727, 1, 0, 0
519900, 1049989, 1, 0, 0
520000, 980814, 1, 0, 0
520100, 1053719, 1, 0, 0
520200, 999397, 1, 0, 0
520300, 1018347, 1, 0, 0
520400, 1033784, 1, 0, 0
520500, 1025720, 1, 0, 0
520600, 1019485, 1, 0, 0
520700, 1057402, 1, 0, 0
520800, 1018146, 1, 0, 0
520900, 1025481, 1, 0, 0
521000, 1015029, 1, 0, 0
521101, 1028862, 1, 0, 0
521200, 1027970, 1, 0, 0
521300, 1043065, 1, 0, 0
521400, 1054239, 1, 0, 0
521500, 1018091, 1, 0, 0
521600, 1022048, 1, 0, 0
521700, 1037646, 1, 0, 0
521800, 1052986, 1, 0, 0
521900, 1015295, 1, 0, 0
522000, 1072559, 1, 0, 0
522100, 1057074, 1, 0, 0
522200, 1016854, 1, 0, 0
522300, 1055588, 1, 0, 0
522400, 1074223, 1, 0, 0
522500, 1026108, 1, 0, 0
522600, 1063733, 1, 0, 0
522700, 1019046, 1, 0, 0
522800, 1026646, 1, 0, 0
522900, 1062466, 1, 0, 0
523000, 1034250, 1, 0, 0
523100, 1055482, 1, 0, 0
523200, 1020371, 1, 0, 0
523300, 1022912, 1, 0, 0
523400, 1033009, 1, 0, 0
523501, 1033590, 1, 0, 0
523600, 1054997, 1, 0, 0
523700, 1008120, 1, 0, 0
523800, 992793, 1, 0, 0
523900, 1061400, 1, 0, 0
524000, 1028154, 1, 0, 0
524100, 1017308, 1, 0, 0
524200, 1000171, 1, 0, 0
524300, 1046432, 1, 0, 0
524400, 1014400, 1, 0, 0
524500, 1024683, 1, 0, 0
524600, 1078158, 1, 0, 0
524700, 1006241, 1, 0, 0
524800, 984652, 1, 0, 0
524900, 983182, 1, 0, 0
525000, 1053017, 1, 0, 0
525100, 1016322, 1, 0, 0
525200, 1009645, 1, 0, 0
525300, 996624, 1, 0, 0
525402, 996810, 1, 0, 0
525500, 1030433, 1, 0, 0
525600, 1031618, 1, 0, 0
525700, 1014713, 1, 0, 0
525800, 992941, 1, 0, 0
525900, 1088543, 1, 0, 0
526000, 1020902, 1, 0, 0
526100, 1010397, 1, 0, 0
526200, 1082677, 1, 0, 0
526300, 1104854, 1, 0, 0
526400, 1126667, 1, 0, 0
526501, 1038314, 1, 0, 0
526600, 1052504, 1, 0, 0
526700, 1067319, 1, 0, 0
526800, 1059541, 1, 0, 0
526900, 1048231, 1, 0, 0
527000, 1041534, 1, 0, 0
527100, 1013936, 1, 0, 0
527200, 1050141, 1, 0, 0
527300, 1035012, 1, 0, 0
527400, 1029667, 1, 0, 0
527501, 1031148, 1, 0, 0
527600, 1019854, 1, 0, 0
527700, 1067755, 1, 0, 0
527800, 1052792, 1, 0, 0
527900, 1183632, 1, 0, 0
528000, 1004325, 1, 0, 0
528101, 1078226, 1, 0, 0
528200, 1004677, 1, 0, 0
528300, 1007179, 1, 0, 0
528400, 1032186, 1, 0, 0
528500, 1006321, 1, 0, 0
528600, 1033843, 1, 0, 0
528700, 1043297, 1, 0, 0
528800, 1012747, 1, 0, 0
528900, 1014111, 1, 0, 0
529000, 1018564, 1, 0, 0
529100, 1006825, 1, 0, 0
529200, 1087028, 1, 0, 0
529300, 1085443, 1, 0, 0
529400, 1067544, 1, 0, 0
529500, 1033055, 1, 0, 0
529600, 1019362, 1, 0, 0
529701, 1004496, 1, 0, 0
529800, 1036169, 1, 0, 0
529900, 1056141, 1, 0, 0
530000, 1019633, 1, 0, 0
530100, 1002889, 1, 0, 0
530200, 1016785, 1, 0, 0
530300, 1047989, 1, 0, 0
530400, 1065164, 1, 0, 0
530500, 984383, 1, 0, 0
530600, 1010007, 1, 0, 0
530700, 1016259, 1, 0, 0
530800, 1009967, 1, 0, 0
530900, 999113, 1, 0, 0
531000, 1039480, 1, 0, 0
531100, 1060026, 1, 0, 0
531200, 1063230, 1, 0, 0
531300, 1038785, 1, 0, 0
531400, 1071253, 1, 0, 0
531500, 1037165, 1, 0, 0
531600, 1019626, 1, 0, 0
531700, 1025957, 1, 0, 0
531800, 1027973, 1, 0, 0
531900, 1026516, 1, 0, 0
532001, 1055957, 1, 0, 0
532100, 1024314, 1, 0, 0
532200, 1048279, 1, 0, 0
532300, 1084704, 1, 0, 0
532401, 1045500, 1, 0, 0
532500, 1045029, 1, 0, 0
532600, 1044438, 1, 0, 0
532700, 1046381, 1, 0, 0
532800, 1019196, 1, 0, 0
532900, 1040595, 1, 0, 0
533000, 1032392, 1, 0, 0
533100, 1041544, 1, 0, 0
533200, 1073012, 1, 0, 0
533300, 1067048, 1, 0, 0
533400, 1075861, 1, 0, 0
533501, 1086709, 1, 0, 0
533601, 1051612, 1, 0, 0
533700, 1106844, 1, 0, 0
533800, 1011184, 1, 0, 0
533901, 1093776, 1, 0, 0
534000, 1088350, 1, 0, 0
534100, 1024759, 1, 0, 0
534200, 1027625, 1, 0, 0
534300, 1044900, 1, 0, 0
534400, 1024273, 1, 0, 0
534500, 1013580, 1, 0, 0
534600, 1069285, 1, 0, 0
534700, 1081003, 1, 0, 0
534800, 1006805, 1, 0, 0
534900, 999068, 1, 0, 0
535000, 1035617, 1, 0, 0
535101, 1079815, 1, 0, 0
535200, 1082428, 1, 0, 0
535300, 1022662, 1, 0, 0
535400, 1049336, 1, 0, 0
535500, 1051361, 1, 0, 0
535600, 1050654, 1, 0, 0
535701, 1071470, 1, 0, 0
535800, 1074432, 1, 0, 0
535901, 1038487, 1, 0, 0
536000, 1078073, 1, 0, 0
536101, 1046053, 1, 0, 0
536200, 1030061, 1, 0, 0
536300, 989984, 1, 0, 0
536400, 1007211, 1, 0, 0
536500, 1074582, 1, 0, 0
536600, 1009774, 1, 0, 0
536700, 1036305, 1, 0, 0
536800, 1055359, 1, 0, 0
536900, 1075137, 1, 0, 0
537000, 1032796, 1, 0, 0
537100, 1018077, 1, 0, 0
537200, 1018091, 1, 0, 0
537301, 1038026, 1, 0, 0
537400, 1019274, 1, 0, 0
537500, 1062448, 1, 0, 0
537600, 1089438, 1, 0, 0
537700, 1094220, 1, 0, 0
537800, 1140496, 1, 0, 0
537900, 1080164, 1, 0, 0
538001, 1023887, 1, 0, 0
538100, 1015001, 1, 0, 0
538200, 1062795, 1, 0, 0
538300, 1044011, 1, 0, 0
538400, 1068349, 1, 0, 0
538500, 1044331, 1, 0, 0
538600, 1041657, 1, 0, 0
538700, 1027049, 1, 0, 0
538800, 1052738, 1, 0, 0
538900, 1037474, 1, 0, 0
539000, 1074283, 1, 0, 0
539100, 1081101, 1, 0, 0
539200, 1046639, 1, 0, 0
539301, 1066161, 1, 0, 0
539400, 1012392, 1, 0, 0
539501, 1023587, 1, 0, 0
539601, 1101218, 1, 0, 0
539700, 1029646, 1, 0, 0
539800, 1062095, 1, 0, 0
539900, 1020782, 1, 0, 0
540000, 1035991, 1, 0, 0
540100, 1089095, 1, 0, 0
540200, 1043625, 1, 0, 0
540300, 1076517, 1, 0, 0
540400, 1041245, 1, 0, 0
540501, 1085693, 1, 0, 0
540600, 1055440, 1, 0, 0
540700, 1081088, 1, 0, 0
540800, 1051528, 1, 0, 0
540900, 1082146, 1, 0, 0
541001, 1023209, 1, 0, 0
541100, 1078032, 1, 0, 0
541200, 1056038, 1, 0, 0
541300, 1016921, 1, 0, 0
541400, 1037789, 1, 0, 0
541500, 1077918, 1, 0, 0
541601, 1050354, 1, 0, 0
541700, 1057441, 1, 0, 0
541800, 1039263, 1, 0, 0
541900, 1055646, 1, 0, 0
542000, 1020710, 1, 0, 0
542100, 1020879, 1, 0, 0
542200, 1072578, 1, 0, 0
542300, 1013915, 1, 0, 0
542400, 1056446, 1, 0, 0
542500, 1003177, 1, 0, 0
542600, 1055284, 1, 0, 0
542700, 1028162, 1, 0, 0
542800, 1066861, 1, 0, 0
542900, 1012449, 1, 0, 0
543001, 1024903, 1, 0, 0
543101, 1062185, 1, 0, 0
543201, 1023105, 1, 0, 0
543300, 1039433, 1, 0, 0
543400, 1080656, 1, 0, 0
543500, 1019984, 1, 0, 0
543600, 1060136, 1, 0, 0
543700, 991666, 1, 0, 0
543800, 1028708, 1, 0, 0
543901, 1038299, 1, 0, 0
544000, 1075885, 1, 0, 0
544100, 1049785, 1, 0, 0
544200, 1030527, 1, 0, 0
544300, 1031140, 1, 0, 0
544400, 1014555, 1, 0, 0
544500, 1021703, 1, 0, 0
544600, 1046831, 1, 0, 0
544700, 985652, 1, 0, 0
544800, 981196, 1, 0, 0
544902, 1083918, 1, 0, 0
545000, 1038448, 1, 0, 0
545100, 1050625, 1, 0, 0
545200, 978956, 1, 0, 0
545300, 1083874, 1, 0, 0
545400, 1020997, 1, 0, 0
545500, 1029465, 1, 0, 0
545600, 1021186, 1, 0, 0
545700, 1022799, 1, 0, 0
545800, 1000819, 1, 0, 0
545900, 1071344, 1, 0, 0
546000, 1013588, 1, 0, 0
546101, 1050756, 1, 0, 0
546200, 992992, 1, 0, 0
546300, 1039200, 1, 0, 0
546400, 997211, 1, 0, 0
546500, 1059790, 1, 0, 0
546600, 1067037, 1, 0, 0
546700, 1011644, 1, 0, 0
546800, 1039511, 1, 0, 0
546900, 993573, 1, 0, 0
547000, 1039453, 1, 0, 0
547100, 996072, 1, 0, 0
547200, 1054764, 1, 0, 0
547300, 1027299, 1, 0, 0
547401, 1059676, 1, 0, 0
547500, 1018141, 1, 0, 0
547600, 1010047, 1, 0, 0
547701, 1040316, 1, 0, 0
547800, 1027008, 1, 0, 0
547900, 993388, 1, 0, 0
548000, 1060282, 1, 0, 0
548100, 1092458, 1, 0, 0
548200, 1052352, 1, 0, 0
548300, 996700, 1, 0, 0
548400, 1006780, 1, 0, 0
548500, 1004638, 1, 0, 0
548601, 1058465, 1, 0, 0
548700, 1057269, 1, 0, 0
548800, 996019, 1, 0, 0
548900, 1015680, 1, 0, 0
549001, 1029204, 1, 0, 0
549100, 1041390, 1, 0, 0
549200, 1027964, 1, 0, 0
549300, 1033804, 1, 0, 0
549400, 1029663, 1, 0, 0
549500, 1053511, 1, 0, 0
549600, 1002942, 1, 0, 0
549702, 1022450, 1, 0, 0
549800, 1056911, 1, 0, 0
549900, 994797, 1, 0, 0
550000, 1076869, 1, 0, 0
550101, 1075473, 1, 0, 0
550200, 1035802, 1, 0, 0
550300, 1066084, 1, 0, 0
550400, 1017020, 1, 0, 0
550500, 1051393, 1, 0, 0
550600, 1058872, 1, 0, 0
550700, 1040058, 1, 0, 0
550800, 1006911, 1, 0, 0
550900, 1069474, 1, 0, 0
551000, 1070913, 1, 0, 0
551100, 1023598, 1, 0, 0
551200, 1057920, 1, 0, 0
551300, 1049014, 1, 0, 0
551401, 1001566, 1, 0, 0
551500, 1041071, 1, 0, 0
551600, 1084386, 1, 0, 0
551700, 1058899, 1, 0, 0
551800, 1014387, 1, 0, 0
551900, 1014759, 1, 0, 0
552000, 1009268, 1, 0, 0
552100, 1035033, 1, 0, 0
552200, 1044681, 1, 0, 0
552300, 1020165, 1, 0, 0
552400, 1048593, 1, 0, 0
552500, 1024638, 1, 0, 0
552600, 1074893, 1, 0, 0
552700, 1055427, 1, 0, 0
552800, 1062195, 1, 0, 0
552900, 1057626, 1, 0, 0
553001, 1024247, 1, 0, 0
553100, 1057893, 1, 0, 0
553200, 1014588, 1, 0, 0
553300, 1020419, 1, 0, 0
553400, 1035398, 1, 0, 0
553500, 1084578, 1, 0, 0
553600, 1017072, 1, 0, 0
553700, 1060232, 1, 0, 0
553800, 1015430, 1, 0, 0
553900, 1038101, 1, 0, 0
554001, 1046573, 1, 0, 0
554100, 1000565, 1, 0, 0
554200, 1043855, 1, 0, 0
554300, 1066392, 1, 0, 0
554400, 1057888, 1, 0, 0
554500, 1003828, 1, 0, 0
554600, 1046478, 1, 0, 0
554700, 1016245, 1, 0, 0
554800, 1055323, 1, 0, 0
554900, 1051468, 1, 0, 0
555000, 1022014, 1, 0, 0
555100, 1070831, 1, 0, 0
555200, 1018413, 1, 0, 0
555300, 1058127, 1, 0, 0
555400, 1046048, 1, 0, 0
555500, 1041372, 1, 0, 0
555600, 1037200, 1, 0, 0
555700, 1004428, 1, 0, 0
555800, 1044472, 1, 0, 0
555900, 1062507, 1, 0, 0
556000, 1018606, 1, 0, 0
556100, 1039704, 1, 0, 0
556201, 1040144, 1, 0, 0
556300, 971908, 1, 0, 0
556400, 1024922, 1, 0, 0
556500, 1046749, 1, 0, 0
556600, 985529, 1, 0, 0
556700, 1039129, 1, 0, 0
556800, 1053985, 1, 0, 0
556900, 1013677, 1, 0, 0
557000, 983801, 1, 0, 0
557100, 1026497, 1, 0, 0
557200, 1012936, 1, 0, 0
557300, 1034249, 1, 0, 0
557400, 1036705, 1, 0, 0
557501, 1006697, 1, 0, 0
557600, 983025, 1, 0, 0
557700, 997809, 1, 0, 0
557800, 1036771, 1, 0, 0
557900, 1091730, 1, 0, 0
558000, 1007202, 1, 0, 0
558100, 1012060, 1, 0, 0
558200, 1004876, 1, 0, 0
558300, 1076117, 1, 0, 0
558400, 1029714, 1, 0, 0
558500, 1032038, 1, 0, 0
558600, 1022374, 1, 0, 0
558700, 1046105, 1, 0, 0
558800, 1020515, 1, 0, 0
558900, 1015963, 1, 0, 0
559000, 1056658, 1, 0, 0
559100, 1079775, 1, 0, 0
559200, 1026605, 1, 0, 0
559301, 1093444, 1, 0, 0
559400, 1020392, 1, 0, 0
559500, 1010671, 1, 0, 0
559600, 1050105, 1, 0, 0
559700, 1036295, 1, 0, 0
559800, 1012283, 1, 0, 0
559900, 1048321, 1, 0, 0
560000, 1017000, 1, 0, 0
560100, 1050430, 1, 0, 0
560200, 1085268, 1, 0, 0
560300, 1079478, 1, 0, 0
560400, 1044512, 1, 0, 0
560500, 1003247, 1, 0, 0
560600, 1069171, 1, 0, 0
560700, 1012594, 1, 0, 0
560800, 1007101, 1, 0, 0
560900, 1033543, 1, 0, 0
561000, 1017764, 1, 0, 0
561100, 1046230, 1, 0, 0
561200, 1045654, 1, 0, 0
561300, 1031350, 1, 0, 0
561401, 1014708, 1, 0, 0
561500, 997936, 1, 0, 0
561600, 1055678, 1, 0, 0
561700, 1087474, 1, 0, 0
561800, 1029157, 1, 0, 0
561900, 1079583, 1, 0, 0
562000, 1019704, 1, 0, 0
562100, 1041625, 1, 0, 0
562201, 1021635, 1, 0, 0
562300, 1071017, 1, 0, 0
562400, 1047229, 1, 0, 0
562500, 1048982, 1, 0, 0
562600, 1015821, 1, 0, 0
562700, 1031592, 1, 0, 0
562800, 1029647, 1, 0, 0
562901, 1036364, 1, 0, 0
563000, 1006182, 1, 0, 0
563100, 1022521, 1, 0, 0
563201, 1014139, 1, 0, 0
563300, 1024424, 1, 0, 0
563401, 1012434, 1, 0, 0
563500, 1002616, 1, 0, 0
563601, 1045244, 1, 0, 0
563700, 1055364, 1, 0, 0
563800, 1016813, 1, 0, 0
563900, 1034708, 1, 0, 0
564001, 1111907, 1, 0, 0
564100, 1039251, 1, 0, 0
564200, 1046918, 1, 0, 0
564300, 1066250, 1, 0, 0
564400, 1032189, 1, 0, 0
564500, 1045277, 1, 0, 0
564600, 1031599, 1, 0, 0
564700, 1020207, 1, 0, 0
564800, 1001530, 1, 0, 0
564900, 1035179, 1, 0, 0
565000, 1016893, 1, 0, 0
565100, 1059431, 1, 0, 0
565200, 1011871, 1, 0, 0
565300, 1044362, 1, 0, 0
565400, 981070, 1, 0, 0
565500, 1050168, 1, 0, 0
565600, 1018481, 1, 0, 0
565700, 1004910, 1, 0, 0
565800, 1046551, 1, 0, 0
565900, 1029905, 1, 0, 0
566000, 1021784, 1, 0, 0
566100, 1025295, 1, 0, 0
566200, 1026256, 1, 0, 0
566300, 960363, 1, 0, 0
566400, 1042495, 1, 0, 0
566500, 1006843, 1, 0, 0
566601, 1024171, 1, 0, 0
566700, 1015032, 1, 0, 0
566800, 1034881, 1, 0, 0
566900, 1021224, 1, 0, 0
567000, 1016822, 1, 0, 0
567100, 989782, 1, 0, 0
567202, 1034419, 1, 0, 0
567300, 1070234, 1, 0, 0
567400, 1048325, 1, 0, 0
567500, 1051496, 1, 0, 0
567600, 1048909, 1, 0, 0
567700, 978958, 1, 0, 0
567800, 1013817, 1, 0, 0
567900, 1038548, 1, 0, 0
568000, 989736, 1, 0, 0
568100, 1007027, 1, 0, 0
568200, 1030980, 1, 0, 0
568300, 1052728, 1, 0, 0
568400, 1018083, 1, 0, 0
568500, 1028452, 1, 0, 0
568600, 1106341, 1, 0, 0
568700, 1077454, 1, 0, 0
568800, 1023685, 1, 0, 0
568900, 1026954, 1, 0, 0
569001, 1097990, 1, 0, 0
569100, 1033439, 1, 0, 0
569200, 1017324, 1, 0, 0
569301, 1048448, 1, 0, 0
569400, 1063528, 1, 0, 0
569500, 997511, 1, 0, 0
569600, 1070350, 1, 0, 0
569700, 1076445, 1, 0, 0
569800, 1065921, 1, 0, 0
569900, 1074060, 1, 0, 0
570000, 1034132, 1, 0, 0
570100, 1030212, 1, 0, 0
570200, 1087302, 1, 0, 0
570300, 1034437, 1, 0, 0
570400, 1020740, 1, 0, 0
570502, 1027241, 1, 0, 0
570600, 1062676, 1, 0, 0
570700, 1035966, 1, 0, 0
570800, 1061596, 1, 0, 0
570900, 1083184, 1, 0, 0
571001, 1099160, 1, 0, 0
571100, 1042492, 1, 0, 0
571200, 1027295, 1, 0, 0
571300, 1008751, 1, 0, 0
571400, 1062592, 1, 0, 0
571500, 1034612, 1, 0, 0
571600, 1050793, 1, 0, 0
571701, 1075057, 1, 0, 0
571800, 1011596, 1, 0, 0
571901, 1015840, 1, 0, 0
572000, 1024507, 1, 0, 0
572101, 1068146, 1, 0, 0
572200, 1019864, 1, 0, 0
572300, 1037997, 1, 0, 0
572400, 1059965, 1, 0, 0
572500, 1028554, 1, 0, 0
572601, 1039047, 1, 0, 0
572700, 1027865, 1, 0, 0
572800, 1047842, 1, 0, 0
572900, 1011246, 1, 0, 0
573000, 1015307, 1, 0, 0
573101, 989626, 1, 0, 0
573201, 1021912, 1, 0, 0
573300, 1045503, 1, 0, 0
573400, 1041594, 1, 0, 0
573500, 1012564, 1, 0, 0
573600, 1051079, 1, 0, 0
573700, 1048929, 1, 0, 0
573800, 1076898, 1, 0, 0
573900, 1028764, 1, 0, 0
574000, 1003773, 1, 0, 0
574100, 1069925, 1, 0, 0
574200, 1018885, 1, 0, 0
574300, 1081886, 1, 0, 0
574400, 1026538, 1, 0, 0
574500, 990935, 1, 0, 0
574600, 1004423, 1, 0, 0
574700, 1046469, 1, 0, 0
574800, 1090673, 1, 0, 0
574900, 1088803, 1, 0, 0
575000, 1020791, 1, 0, 0
575100, 1043687, 1, 0, 0
575200, 1083977, 1, 0, 0
575300, 1016767, 1, 0, 0
575400, 985412, 1, 0, 0
575500, 1000262, 1, 0, 0
575600, 1051041, 1, 0, 0
575700, 1031730, 1, 0, 0
575800, 1061318, 1, 0, 0
575900, 1003080, 1, 0, 0
576000, 986632, 1, 0, 0
576100, 1024754, 1, 0, 0
576200, 1067441, 1, 0, 0
576300, 1011707, 1, 0, 0
576400, 992278, 1, 0, 0
576500, 1010865, 1, 0, 0
576600, 982475, 1, 0, 0
576700, 990254, 1, 0, 0
576800, 1003945, 1, 0, 0
576900, 1010488, 1, 0, 0
577000, 1019388, 1, 0, 0
577100, 1053566, 1, 0, 0
577200, 1027820, 1, 0, 0
577300, 1002146, 1, 0, 0
577400, 1017805, 1, 0, 0
577501, 1059321, 1, 0, 0
577600, 996454, 1, 0, 0
577700, 1037828, 1, 0, 0
577800, 1061877, 1, 0, 0
577900, 1045104, 1, 0, 0
578000, 1088126, 1, 0, 0
578100, 1003783, 1, 0, 0
578200, 1022771, 1, 0, 0
578300, 1047884, 1, 0, 0
578400, 1040341, 1, 0, 0
578500, 1054441, 1, 0, 0
578600, 1065706, 1, 0, 0
578700, 1003963, 1, 0, 0
578800, 1041104, 1, 0, 0
578900, 1058642, 1, 0, 0
579001, 1045426, 1, 0, 0
579100, 1034935, 1, 0, 0
579200, 1073090, 1, 0, 0
579300, 1055874, 1, 0, 0
579400, 1041571, 1, 0, 0
579500, 1041262, 1, 0, 0
579600, 1028196, 1, 0, 0
579700, 1034394, 1, 0, 0
579800, 1013064, 1, 0, 0
579901, 1047905, 1, 0, 0
580000, 1083002, 1, 0, 0
580100, 989587, 1, 0, 0
580200, 1013453, 1, 0, 0
580300, 1042941, 1, 0, 0
580400, 1025607, 1, 0, 0
580500, 1033288, 1, 0, 0
580600, 1025591, 1, 0, 0
580700, 1019827, 1, 0, 0
580800, 1067700, 1, 0, 0
580900, 1044306, 1, 0, 0
581000, 1063032, 1, 0, 0
581100, 1019264, 1, 0, 0
581200, 1032536, 1, 0, 0
581300, 981463, 1, 0, 0
581400, 1036174, 1, 0, 0
581500, 1061457, 1, 0, 0
581600, 1037494, 1, 0, 0
581700, 1011429, 1, 0, 0
581800, 1057620, 1, 0, 0
581901, 1071535, 1, 0, 0
582000, 1062802, 1, 0, 0
582100, 987347, 1, 0, 0
582200, 1037691, 1, 0, 0
582300, 1076575, 1, 0, 0
582400, 1061985, 1, 0, 0
582500, 1056743, 1, 0, 0
582600, 1066510, 1, 0, 0
582700, 1077094, 1, 0, 0
582800, 1086505, 1, 0, 0
582900, 1022774, 1, 0, 0
583000, 1067494, 1, 0, 0
583100, 1004205, 1, 0, 0
583200, 1053129, 1, 0, 0
583300, 1040163, 1, 0, 0
583400, 1008261, 1, 0, 0
583501, 1092277, 1, 0, 0
583600, 1064193, 1, 0, 0
583700, 1043458, 1, 0, 0
583800, 1048807, 1, 0, 0
583900, 1022382, 1, 0, 0
584000, 1015542, 1, 0, 0
584100, 1091368, 1, 0, 0
584200, 1164414, 1, 0, 0
584300, 1059552, 1, 0, 0
584400, 1050004, 1, 0, 0
584500, 1028654, 1, 0, 0
584600, 1037989, 1, 0, 0
584700, 1035027, 1, 0, 0
584800, 1076613, 1, 0, 0
584900, 1118498, 1, 0, 0
585000, 1001027, 1, 0, 0
585100, 1016343, 1, 0, 0
585200, 1003467, 1, 0, 0
585300, 1029081, 1, 0, 0
585401, 1031165, 1, 0, 0
585500, 1070672, 1, 0, 0
585600, 1059379, 1, 0, 0
585700, 1045693, 1, 0, 0
585800, 1057888, 1, 0, 0
585900, 1079952, 1, 0, 0
586000, 1064818, 1, 0, 0
586100, 1062898, 1, 0, 0
586200, 992163, 1, 0, 0
586300, 1079439, 1, 0, 0
586400, 1071914, 1, 0, 0
586500, 1025311, 1, 0, 0
586600, 1040966, 1, 0, 0
586700, 1060658, 1, 0, 0
586800, 1101619, 1, 0, 0
586900, 1063998, 1, 0, 0
587000, 1082153, 1, 0, 0
587100, 1059749, 1, 0, 0
587200, 1146850, 1, 0, 0
587300, 1044810, 1, 0, 0
587400, 1053901, 1, 0, 0
587500, 1044121, 1, 0, 0
587600, 1076645, 1, 0, 0
587700, 1042672, 1, 0, 0
587800, 1057107, 1, 0, 0
587900, 1041492, 1, 0, 0
588000, 1066578, 1, 0, 0
588100, 1138600, 1, 0, 0
588200, 1062899, 1, 0, 0
588300, 1011989, 1, 0, 0
588400, 1064535, 1, 0, 0
588500, 1005707, 1, 0, 0
588600, 1044586, 1, 0, 0
588700, 1052197, 1, 0, 0
588800, 1076040, 1, 0, 0
588901, 1079577, 1, 0, 0
589000, 1093897, 1, 0, 0
589100, 1037679, 1, 0, 0
589200, 1022919, 1, 0, 0
589301, 1040306, 1, 0, 0
589400, 1068178, 1, 0, 0
589500, 1057199, 1, 0, 0
589600, 1043043, 1, 0, 0
589701, 1100227, 1, 0, 0
589800, 1011059, 1, 0, 0
589900, 1039144, 1, 0, 0
590000, 1058408, 1, 0, 0
590100, 1091469, 1, 0, 0
590200, 1058281, 1, 0, 0
590300, 1040812, 1, 0, 0
590400, 999069, 1, 0, 0
590500, 1042009, 1, 0, 0
590600, 1045698, 1, 0, 0
590700, 1032639, 1, 0, 0
590800, 1045119, 1, 0, 0
590900, 1034441, 1, 0, 0
591000, 1048392, 1, 0, 0
591100, 978512, 1, 0, 0
591200, 1050179, 1, 0, 0
591300, 1060977, 1, 0, 0
591400, 1052008, 1, 0, 0
591500, 1029378, 1, 0, 0
591600, 1074764, 1, 0, 0
591700, 1009220, 1, 0, 0
591800, 1058426, 1, 0, 0
591900, 1073065, 1, 0, 0
592000, 1022509, 1, 0, 0
592100, 1084548, 1, 0, 0
592200, 1065823, 1, 0, 0
592300, 1100502, 1, 0, 0
592400, 1077364, 1, 0, 0
592500, 1062340, 1, 0, 0
592600, 1026771, 1, 0, 0
592700, 1046060, 1, 0, 0
592800, 1008125, 1, 0, 0
592900, 1012222, 1, 0, 0
593000, 1056252, 1, 0, 0
593100, 1034321, 1, 0, 0
593200, 1033567, 1, 0, 0
593300, 1025325, 1, 0, 0
593400, 1067572, 1, 0, 0
593501, 1019220, 1, 0, 0
593600, 1060934, 1, 0, 0
593700, 1052936, 1, 0, 0
593800, 1073946, 1, 0, 0
593900, 1055801, 1, 0, 0
594000, 1045288, 1, 0, 0
594100, 1053469, 1, 0, 0
594200, 1035816, 1, 0, 0
594300, 1048289, 1, 0, 0
594400, 1034838, 1, 0, 0
594500, 1084244, 1, 0, 0
594600, 1062156, 1, 0, 0
594700, 1023577, 1, 0, 0
594800, 1091341, 1, 0, 0
594900, 1078237, 1, 0, 0
595000, 1038648, 1, 0, 0
595100, 1098842, 1, 0, 0
595200, 1055985, 1, 0, 0
595300, 1039783, 1, 0, 0
595401, 982442, 1, 0, 0
595501, 1059674, 1, 0, 0
595600, 1034899, 1, 0, 0
595700, 1026226, 1, 0, 0
595800, 1028485, 1, 0, 0
595900, 1055714, 1, 0, 0
596000, 1058200, 1, 0, 0
596100, 1014741, 1, 0, 0
596200, 1055653, 1, 0, 0
596300, 1016104, 1, 0, 0
596400, 1042169, 1, 0, 0
596500, 1004994, 1, 0, 0
596600, 1020867, 1, 0, 0
596700, 1107638, 1, 0, 0
596800, 1039134, 1, 0, 0
596900, 1023704, 1, 0, 0
597000, 1037836, 1, 0, 0
597102, 1076846, 1, 0, 0
597201, 1030289, 1, 0, 0
597300, 1009147, 1, 0, 0
597400, 1075217, 1, 0, 0
597501, 1024725, 1, 0, 0
597600, 1077199, 1, 0, 0
597700, 1028772, 1, 0, 0
597800, 1089697, 1, 0, 0
597900, 1036842, 1, 0, 0
598000, 1079367, 1, 0, 0
598100, 1017458, 1, 0, 0
598200, 1020851, 1, 0, 0
598300, 1032060, 1, 0, 0
598400, 1018173, 1, 0, 0
598500, 1023396, 1, 0, 0
598600, 1012974, 1, 0, 0
598700, 1069624, 1, 0, 0
598800, 1035561, 1, 0, 0
598900, 1025111, 1, 0, 0
599001, 1024702, 1, 0, 0
599100, 1023563, 1, 0, 0
599200, 1025528, 1, 0, 0
599300, 1039259, 1, 0, 0
599400, 1053229, 1, 0, 0
599500, 1016398, 1, 0, 0
599600, 1006582, 1, 0, 0
599700, 1095393, 1, 0, 0
599801, 1071614, 1, 0, 0
599900, 1043988, 1, 0, 0
600000, 1021551, 1, 0, 0
